country,year,iso_code,population,gdp,biofuel_cons_change_pct,biofuel_cons_change_twh,biofuel_cons_per_capita,biofuel_consumption,biofuel_elec_per_capita,biofuel_electricity,biofuel_share_elec,biofuel_share_energy,carbon_intensity_elec,coal_cons_change_pct,coal_cons_change_twh,coal_cons_per_capita,coal_consumption,coal_elec_per_capita,coal_electricity,coal_prod_change_pct,coal_prod_change_twh,coal_prod_per_capita,coal_production,coal_share_elec,coal_share_energy,electricity_demand,electricity_generation,electricity_share_energy,energy_cons_change_pct,energy_cons_change_twh,energy_per_capita,energy_per_gdp,fossil_cons_change_pct,fossil_cons_change_twh,fossil_elec_per_capita,fossil_electricity,fossil_energy_per_capita,fossil_fuel_consumption,fossil_share_elec,fossil_share_energy,gas_cons_change_pct,gas_cons_change_twh,gas_consumption,gas_elec_per_capita,gas_electricity,gas_energy_per_capita,gas_prod_change_pct,gas_prod_change_twh,gas_prod_per_capita,gas_production,gas_share_elec,gas_share_energy,greenhouse_gas_emissions,hydro_cons_change_pct,hydro_cons_change_twh,hydro_consumption,hydro_elec_per_capita,hydro_electricity,hydro_energy_per_capita,hydro_share_elec,hydro_share_energy,low_carbon_cons_change_pct,low_carbon_cons_change_twh,low_carbon_consumption,low_carbon_elec_per_capita,low_carbon_electricity,low_carbon_energy_per_capita,low_carbon_share_elec,low_carbon_share_energy,net_elec_imports,net_elec_imports_share_demand,nuclear_cons_change_pct,nuclear_cons_change_twh,nuclear_consumption,nuclear_elec_per_capita,nuclear_electricity,nuclear_energy_per_capita,nuclear_share_elec,nuclear_share_energy,oil_cons_change_pct,oil_cons_change_twh,oil_consumption,oil_elec_per_capita,oil_electricity,oil_energy_per_capita,oil_prod_change_pct,oil_prod_change_twh,oil_prod_per_capita,oil_production,oil_share_elec,oil_share_energy,other_renewable_consumption,other_renewable_electricity,other_renewable_exc_biofuel_electricity,other_renewables_cons_change_pct,other_renewables_cons_change_twh,other_renewables_elec_per_capita,other_renewables_elec_per_capita_exc_biofuel,other_renewables_energy_per_capita,other_renewables_share_elec,other_renewables_share_elec_exc_biofuel,other_renewables_share_energy,per_capita_electricity,primary_energy_consumption,renewables_cons_change_pct,renewables_cons_change_twh,renewables_consumption,renewables_elec_per_capita,renewables_electricity,renewables_energy_per_capita,renewables_share_elec,renewables_share_energy,solar_cons_change_pct,solar_cons_change_twh,solar_consumption,solar_elec_per_capita,solar_electricity,solar_energy_per_capita,solar_share_elec,solar_share_energy,wind_cons_change_pct,wind_cons_change_twh,wind_consumption,wind_elec_per_capita,wind_electricity,wind_energy_per_capita,wind_share_elec,wind_share_energy
Greece,1932,GRC,6593900.0,23776884736.0,,,,,,,,,,,,,,,,31.429,0.053,33.394,0.22,,,,,,,,,,,,,,,,,,,,,,,,,0.0,0.0,0.0,,,,,,,,,,,,,,,,,,,,,,,,,,,,,,,,,,,,,0.0,0.0,0.0,,,,,,,,,,,,,,,,,,,,,,,,,,,,,,,,,,,,,,,
Greece,1933,GRC,6684536.0,25164437504.0,,,,,,,,,,,,,,,,-28.261,-0.062,23.632,0.158,,,,,,,,,,,,,,,,,,,,,,,,,0.0,0.0,0.0,,,,,,,,,,,,,,,,,,,,,,,,,,,,,,,,,,,,,0.0,0.0,0.0,,,,,,,,,,,,,,,,,,,,,,,,,,,,,,,,,,,,,,,
Greece,1934,GRC,6776418.0,25775552512.0,,,,,,,,,,,,,,,,2.02,0.003,23.782,0.161,,,,,,,,,,,,,,,,,,,,,,,,,0.0,0.0,0.0,,,,,,,,,,,,,,,,,,,,,,,,,,,,,,,,,,,,,0.0,0.0,0.0,,,,,,,,,,,,,,,,,,,,,,,,,,,,,,,,,,,,,,,
Greece,1935,GRC,6869563.0,26852728832.0,,,,,,,,,,,,,,,,-7.921,-0.013,21.602,0.148,,,,,,,,,,,,,,,,,,,,,,,,,0.0,0.0,0.0,,,,,,,,,,,,,,,,,,,,,,,,,,,,,,,,,,,,,0.0,0.0,0.0,,,,,,,,,,,,,,,,,,,,,,,,,,,,,,,,,,,,,,,
Greece,1936,GRC,6963989.0,26944917504.0,,,,,,,,,,,,,,,,13.978,0.021,24.287,0.169,,,,,,,,,,,,,,,,,,,,,,,,,0.0,0.0,0.0,,,,,,,,,,,,,,,,,,,,,,,,,,,,,,,,,,,,,0.0,0.0,0.0,,,,,,,,,,,,,,,,,,,,,,,,,,,,,,,,,,,,,,,
Greece,1937,GRC,7059712.0,30778822656.0,,,,,,,,,,,,,,,,23.585,0.04,29.609,0.209,,,,,,,,,,,,,,,,,,,,,,,,,0.0,0.0,0.0,,,,,,,,,,,,,,,,,,,,,,,,,,,,,,,,,,,,,0.0,0.0,0.0,,,,,,,,,,,,,,,,,,,,,,,,,,,,,,,,,,,,,,,
Greece,1938,GRC,7156751.0,30129287168.0,,,,,,,,,,,,,,,,-17.557,-0.037,24.079,0.172,,,,,,,,,,,,,,,,,,,,,,,,,0.0,0.0,0.0,,,,,,,,,,,,,,,,,,,,,,,,,,,,,,,,,,,,,0.0,0.0,0.0,,,,,,,,,,,,,,,,,,,,,,,,,,,,,,,,,,,,,,,
Greece,1939,GRC,7240587.0,30090979328.0,,,,,,,,,,,,,,,,28.704,0.049,30.632,0.222,,,,,,,,,,,,,,,,,,,,,,,,,0.0,0.0,0.0,,,,,,,,,,,,,,,,,,,,,,,,,,,,,,,,,,,,,0.0,0.0,0.0,,,,,,,,,,,,,,,,,,,,,,,,,,,,,,,,,,,,,,,
Greece,1940,GRC,7310983.0,25793040384.0,,,,,,,,,,,,,,,,79.856,0.177,54.563,0.399,,,,,,,,,,,,,,,,,,,,,,,,,0.0,0.0,0.0,,,,,,,,,,,,,,,,,,,,,,,,,,,,,,,,,,,,,0.0,0.0,0.0,,,,,,,,,,,,,,,,,,,,,,,,,,,,,,,,,,,,,,,
Greece,1941,GRC,7367696.0,21990293504.0,,,,,,,,,,,,,,,,-28.0,-0.112,38.983,0.287,,,,,,,,,,,,,,,,,,,,,,,,,0.0,0.0,0.0,,,,,,,,,,,,,,,,,,,,,,,,,,,,,,,,,,,,,0.0,0.0,0.0,,,,,,,,,,,,,,,,,,,,,,,,,,,,,,,,,,,,,,,
Greece,1942,GRC,7410484.0,18472263680.0,,,,,,,,,,,,,,,,102.778,0.295,78.592,0.582,,,,,,,,,,,,,,,,,,,,,,,,,0.0,0.0,0.0,,,,,,,,,,,,,,,,,,,,,,,,,,,,,,,,,,,,,0.0,0.0,0.0,,,,,,,,,,,,,,,,,,,,,,,,,,,,,,,,,,,,,,,
Greece,1943,GRC,7439097.0,15433154560.0,,,,,,,,,,,,,,,,1.37,0.008,79.362,0.59,,,,,,,,,,,,,,,,,,,,,,,,,0.0,0.0,0.0,,,,,,,,,,,,,,,,,,,,,,,,,,,,,,,,,,,,,0.0,0.0,0.0,,,,,,,,,,,,,,,,,,,,,,,,,,,,,,,,,,,,,,,
Greece,1944,GRC,7467821.0,12958235648.0,,,,,,,,,,,,,,,,-48.649,-0.287,40.597,0.303,,,,,,,,,,,,,,,,,,,,,,,,,0.0,0.0,0.0,,,,,,,,,,,,,,,,,,,,,,,,,,,,,,,,,,,,,0.0,0.0,0.0,,,,,,,,,,,,,,,,,,,,,,,,,,,,,,,,,,,,,,,
Greece,1945,GRC,7496655.0,10946390016.0,,,,,,,,,,,,,,,,-63.158,-0.191,14.899,0.112,,,,,,,,,,,,,,,,,,,,,,,,,0.0,0.0,0.0,,,,,,,,,,,,,,,,,,,,,,,,,,,,,,,,,,,,,0.0,0.0,0.0,,,,,,,,,,,,,,,,,,,,,,,,,,,,,,,,,,,,,,,
Greece,1946,GRC,7525601.0,16386362368.0,,,,,,,,,,,,,,,,78.571,0.088,26.503,0.199,,,,,,,,,,,,,,,,,,,,,,,,,0.0,0.0,0.0,,,,,,,,,,,,,,,,,,,,,,,,,,,,,,,,,,,,,0.0,0.0,0.0,,,,,,,,,,,,,,,,,,,,,,,,,,,,,,,,,,,,,,,
Greece,1947,GRC,7554659.0,21156489216.0,,,,,,,,,,,,,,,,5.6,0.011,27.88,0.211,,,,,,,,,,,,,,,,,,,,,,,,,0.0,0.0,0.0,,,,,,,,,,,,,,,,,,,,,,,,,,,,,,,,,,,,,0.0,0.0,0.0,,,,,,,,,,,,,,,,,,,,,,,,,,,,,,,,,,,,,,,
Greece,1948,GRC,7583829.0,22208634880.0,,,,,,,,,,,,,,,,-5.303,-0.011,26.3,0.199,,,,,,,,,,,,,,,,,,,,,,,,,0.0,0.0,0.0,,,,,,,,,,,,,,,,,,,,,,,,,,,,,,,,,,,,,0.0,0.0,0.0,,,,,,,,,,,,,,,,,,,,,,,,,,,,,,,,,,,,,,,
Greece,1949,GRC,7621936.0,23403024384.0,,,,,,,,,,,,,,,,40.8,0.081,36.845,0.281,,,,,,,,,,,,,,,,,,,,,,,,,0.0,0.0,0.0,,,,,,,,,,,,,,,,,,,,,,,,,,,,,,,,,,,,,0.0,0.0,0.0,,,,,,,,,,,,,,,,,,,,,,,,,,,,,,,,,,,,,,,
Greece,1950,GRC,7669097.0,23091517440.0,,,,,,,,,,,,,,,,-7.386,-0.021,33.914,0.26,,,,,,,,,,,,,,,,,,,,,,,,,0.0,0.0,0.0,,,,,,,,,,,,,,,,,,,,,,,,,,,,,,,,,,,,,0.0,0.0,0.0,,,,,,,,,,,,,,,,,,,,,,,,,,,,,,,,,,,,,,,
Greece,1951,GRC,7766347.0,25133723648.0,,,,,,,,,,,,,,,,17.791,0.046,39.447,0.306,,,,,,,,,,,,,,,,,,,,,,,,,0.0,0.0,0.0,,,,,,,,,,,,,,,,,,,,,,,,,,,,,,,,,,,,,0.0,0.0,0.0,,,,,,,,,,,,,,,,,,,,,,,,,,,,,,,,,,,,,,,
Greece,1952,GRC,7863884.0,25303193600.0,,,,,,,,,,,,,,,,30.729,0.094,50.93,0.401,,,,,,,,,,,,,,,,,,,,,,,,,0.0,0.0,0.0,,,,,,,,,,,,,,,,,,,,,,,,,,,,,,,,,,,,,0.0,0.0,0.0,,,,,,,,,,,,,,,,,,,,,,,,,,,,,,,,,,,,,,,
Greece,1953,GRC,7959594.0,28774727680.0,,,,,,,,,,,,,,,,77.291,0.31,89.208,0.71,,,,,,,,,,,,,,,,,,,,,,,,,0.0,0.0,0.0,,,,,,,,,,,,,,,,,,,,,,,,,,,,,,,,,,,,,0.0,0.0,0.0,,,,,,,,,,,,,,,,,,,,,,,,,,,,,,,,,,,,,,,
Greece,1954,GRC,8052769.0,29671335936.0,,,,,,,,,,,,,,,,57.303,0.407,138.703,1.117,,,,,,,,,,,,,,,,,,,,,,,,,0.0,0.0,0.0,,,,,,,,,,,,,,,,,,,,,,,,,,,,,,,,,,,,,0.0,0.0,0.0,,,,,,,,,,,,,,,,,,,,,,,,,,,,,,,,,,,,,,,
Greece,1955,GRC,8146025.0,31917910016.0,,,,,,,,,,,,,,,,11.714,0.131,153.177,1.248,,,,,,,,,,,,,,,,,,,,,,,,,0.0,0.0,0.0,,,,,,,,,,,,,,,,,,,,,,,,,,,,,,,,,,,,,0.0,0.0,0.0,,,,,,,,,,,,,,,,,,,,,,,,,,,,,,,,,,,,,,,
Greece,1956,GRC,8234417.0,34637758464.0,,,,,,,,,,,,,,,,2.046,0.026,154.634,1.273,,,,,,,,,,,,,,,,,,,,,,,,,0.0,0.0,0.0,,,,,,,,,,,,,,,,,,,,,,,,,,,,,,,,,,,,,0.0,0.0,0.0,,,,,,,,,,,,,,,,,,,,,,,,,,,,,,,,,,,,,,,
Greece,1957,GRC,8313968.0,36894466048.0,,,,,,,,,,,,,,,,25.063,0.319,191.538,1.592,,,,,,,,,,,,,,,,,,,,,,,,,0.0,0.0,0.0,,,,,,,,,,,,,,,,,,,,,,,,,,,,,,,,,,,,,0.0,0.0,0.0,,,,,,,,,,,,,,,,,,,,,,,,,,,,,,,,,,,,,,,
Greece,1958,GRC,8385152.0,38601687040.0,,,,,,,,,,,,,,,,19.539,0.311,227.02,1.904,,,,,,,,,,,,,,,,,,,,,,,,,0.0,0.0,0.0,,,,,,,,,,,,,,,,,,,,,,,,,,,,,,,,,,,,,0.0,0.0,0.0,,,,,,,,,,,,,,,,,,,,,,,,,,,,,,,,,,,,,,,
Greece,1959,GRC,8447074.0,40019054592.0,,,,,,,,,,,,,,,,34.87,0.664,303.937,2.567,,,,,,,,,,,,,,,,,,,,,,,,,0.0,0.0,0.0,,,,,,,,,,,,,,,,,,,,,,,,,,,,,,,,,,,,,0.0,0.0,0.0,,,,,,,,,,,,,,,,,,,,,,,,,,,,,,,,,,,,,,,
Greece,1960,GRC,8495419.0,41761935360.0,,,,,,,,,,,,,,,,58.546,1.503,479.137,4.07,,,,,,,,,,,,,,,,,,,,,,,,,0.0,0.0,0.0,,,,,,,,,,,,,,,,,,,,,,,,,,,,,,,,,,,,,0.0,0.0,0.0,,,,,,,,,,,,,,,,,,,,,,,,,,,,,,,,,,,,,,,
Greece,1961,GRC,8526467.0,45416652800.0,,,,,,,,,,,,,,,,-1.842,-0.075,468.596,3.995,,,,,,,,,,,,,,,,,,,,,,,,,0.0,0.0,0.0,,,,,,,,,,,,,,,,,,,,,,,,,,,,,,,,,,,,,0.0,0.0,0.0,,,,,,,,,,,,,,,,,,,,,,,,,,,,,,,,,,,,,,,
Greece,1962,GRC,8540807.0,47115796480.0,,,,,,,,,,,,,,,,7.628,0.305,503.493,4.3,,,,,,,,,,,,,,,,,,,,,,,,,0.0,0.0,0.0,,,,,,,,,,,,,,,,,,,,,,,,,,,,,,,,,,,,,0.0,0.0,0.0,,,,,,,,,,,,,,,,,,,,,,,,,,,,,,,,,,,,,,,
Greece,1963,GRC,8541794.0,51912265728.0,,,,,,,,,,,,,,,,30.835,1.326,658.669,5.626,,,,,,,,,,,,,,,,,,,,,,,,,0.0,0.0,0.0,,,,,,,,,,,,,,,,,,,,,,,,,,,,,,,,,,,,,0.0,0.0,0.0,,,,,,,,,,,,,,,,,,,,,,,,,,,,,,,,,,,,,,,
Greece,1964,GRC,8534890.0,56177340416.0,,,,,,,,,,,,,,,,9.444,0.531,721.457,6.158,,,,,,,,,,,,,,,,,,,,,,,,,0.0,0.0,0.0,,,,,,,,,,,,,,,,,,,,,,,,,,,,,,,,,,,,,0.0,0.0,0.0,,,,,,,,,,,,,,,,,,,,,,,,,,,,,,,,,,,,,,,
Greece,1965,GRC,8526265.0,61451243520.0,,,,,,,,,,,,2873.991,24.504,,,31.64,1.948,950.69,8.106,,,,,,,,9282.632,1.288,,,,,,,,,,,,,,,,0.0,0.0,0.0,,,,,,2.369,93.945,0.801,277.794,,,,,2.369,0.0,0.0,277.794,,,,,,,0.0,0.0,0.0,0.0,,,,,52.273,,,6130.847,,0.0,0.0,0.0,,,,,,,,,,,,,,,79.146,,,2.369,,,277.794,,,,,,,,,,,,,,,,,,
Greece,1966,GRC,8520636.0,65205338112.0,,,,,,,,,,-0.19,-0.047,2870.43,24.458,,,-2.205,-0.179,930.344,7.927,,,,,,9.481,7.504,10169.437,1.329,,,,,,,,,,,,,,,,0.0,0.0,0.0,,,,115.98,2.747,5.116,203.036,1.73,600.377,,,115.98,2.747,5.116,0.0,0.0,600.377,,,,,,0.0,0.0,0.0,0.0,0.0,,,9.189,4.803,57.077,,,6698.629,,0.0,0.0,0.0,,,,,,,,,,,,,,,86.65,115.98,2.747,5.116,,,600.377,,,,,,,,,,,,,,,,,,
Greece,1967,GRC,8518064.0,68790149120.0,,,,,,,,,,-4.422,-1.082,2744.321,23.376,,,7.186,0.57,997.499,8.497,,,,,,10.095,8.748,11199.461,1.387,,,,,,,,,,,,,,,,0.0,0.0,0.0,,,,-4.046,-0.207,4.909,194.88,1.66,576.258,,,-4.046,-0.207,4.909,0.0,0.0,576.258,,,,,,0.0,0.0,0.0,0.0,0.0,,,17.584,10.036,67.113,,,7878.883,,0.0,0.0,0.0,,,,,,,,,,,,,,,95.398,-4.046,-0.207,4.909,,,576.258,,,,,,,,,,,,,,,,,,
Greece,1968,GRC,8518841.0,73369985024.0,,,,,,,,,,12.935,3.024,3099.025,26.4,,,7.568,0.643,1072.893,9.14,,,,,,3.921,3.741,11637.534,1.351,,,,,,,,,,,,,,,,0.0,0.0,0.0,,,,-17.59,-0.863,4.045,160.585,1.368,474.849,,,-17.59,-0.863,4.045,0.0,0.0,474.849,,,,,,0.0,0.0,0.0,0.0,0.0,,,2.355,1.58,68.693,,,8063.662,,0.0,0.0,0.0,,,,,,,,,,,,,,,99.138,-17.59,-0.863,4.045,,,474.849,,,,,,,,,,,,,,,,,,
Greece,1969,GRC,8526141.0,80630472704.0,,,,,,,,,,-3.216,-0.849,2996.796,25.551,,,17.58,1.607,1260.431,10.747,,,,,,5.632,5.584,12282.445,1.299,,,,,,,,,,,,,,,,0.0,0.0,0.0,,,,50.219,2.031,6.077,241.023,2.055,712.704,,,50.219,2.031,6.077,0.0,0.0,712.704,,,,,,0.0,0.0,0.0,0.0,0.0,,,6.407,4.401,73.094,,,8572.945,,0.0,0.0,0.0,,,,,,,,,,,,,,,104.722,50.219,2.031,6.077,,,712.704,,,,,,,,,,,,,,,,,,
Greece,1970,GRC,8544874.0,87048781824.0,,,,,,,,,,15.066,3.85,3440.734,29.401,,,16.674,1.792,1467.372,12.539,,,,,,11.116,11.641,13617.834,1.337,,,,,,,,,,,,,,,,0.0,0.0,0.0,,,,28.272,1.718,7.795,308.489,2.636,912.199,,,28.272,1.718,7.795,0.0,0.0,912.199,,,,,,0.0,0.0,0.0,0.0,0.0,,,8.309,6.073,79.167,,,9264.901,,0.0,0.0,0.0,,,,,,,,,,,,,,,116.363,28.272,1.718,7.795,,,912.199,,,,,,,,,,,,,,,,,,
Greece,1971,GRC,8576110.0,93246906368.0,,,,,,,,,,47.389,13.933,5052.801,43.333,,,39.081,4.9,2033.405,17.439,,,,,,19.138,22.27,16164.987,1.487,,,,,,,,,,,,,,,,0.0,0.0,0.0,,,,0.607,0.047,7.842,309.231,2.652,914.393,,,0.607,0.047,7.842,0.0,0.0,914.393,,,,,,0.0,0.0,0.0,0.0,0.0,,,10.471,8.29,87.457,,,10197.792,,0.0,0.0,0.0,,,,,,,,,,,,,,,138.633,0.607,0.047,7.842,,,914.393,,,,,,,,,,,,,,,,,,
Greece,1972,GRC,8616664.0,104841363456.0,,,,,,,,,,6.817,2.954,5371.846,46.287,,,6.012,1.048,2145.499,18.487,,,,,,12.179,16.884,18048.34,1.483,,,,,,,,,,,,,,,,0.0,0.0,0.0,,,,0.943,0.074,7.916,310.677,2.677,918.669,,,0.943,0.074,7.916,0.0,0.0,918.669,,,,,,0.0,0.0,0.0,0.0,0.0,,,15.843,13.856,101.313,,,11757.824,,0.0,0.0,0.0,,,,,,,,,,,,,,,155.516,0.943,0.074,7.916,,,918.669,,,,,,,,,,,,,,,,,,
Greece,1973,GRC,8666390.0,108952707072.0,,,,,,,,,,17.613,8.153,6281.742,54.44,,,14.034,2.595,2432.563,21.082,,,,,,15.058,23.417,20646.846,1.642,,,,,,,,,,,,,,,,0.0,0.0,0.0,,,,-16.959,-1.342,6.573,256.508,2.223,758.492,,,-16.959,-1.342,6.573,0.0,0.0,758.492,,,,,,0.0,0.0,0.0,0.0,0.0,,,16.392,16.607,117.92,,,13606.611,,0.0,0.0,0.0,,,,,,,,,,,,,,,178.934,-16.959,-1.342,6.573,,,758.492,,,,,,,,,,,,,,,,,,
Greece,1974,GRC,8729703.0,104999059456.0,,,,,,,,,,5.319,2.896,6567.91,57.336,,,6.789,1.431,2578.877,22.513,,,,,,-2.233,-3.996,20039.398,1.666,,,,,,,,,,,,,,,,0.0,0.0,0.0,,,,5.578,0.367,6.94,268.852,2.347,794.993,,,5.578,0.367,6.94,0.0,0.0,794.993,,,,,,0.0,0.0,0.0,0.0,0.0,,,-6.155,-7.258,110.662,,,12676.496,,0.0,0.0,0.0,,,,,,,,,,,,,,,174.938,5.578,0.367,6.94,,,794.993,,,,,,,,,,,,,,,,,,
Greece,1975,GRC,8805416.0,111353888768.0,,,,,,,,,,30.953,17.747,8526.943,75.083,,,28.45,6.405,3284.082,28.918,,,,,,13.349,23.352,22519.057,1.781,,,,,,,,,,,,,,,,0.0,0.0,0.0,,,,-14.146,-0.982,5.958,228.836,2.015,676.667,,,-14.146,-0.982,5.958,0.0,0.0,676.667,,,,,,0.0,0.0,0.0,0.0,0.0,,,5.951,6.586,117.248,,,13315.447,,0.0,0.0,0.0,,,,,,,,,,,,,,,198.29,-14.146,-0.982,5.958,,,676.667,,,,,,,,,,,,,,,,,,
Greece,1976,GRC,8890429.0,118430924800.0,,,,,,,,,,18.169,13.642,9979.864,88.725,,,23.065,6.67,4002.897,35.587,,,,,,10.482,20.784,24641.539,1.85,,,,,,,,,,,,,,,,0.0,0.0,0.0,,,,-6.749,-0.402,5.556,211.351,1.879,624.962,,,-6.749,-0.402,5.556,0.0,0.0,624.962,,,,,,0.0,0.0,0.0,0.0,0.0,,,6.435,7.544,124.792,,,14036.713,,0.0,0.0,0.0,,,,,,,,,,,,,,,219.074,-6.749,-0.402,5.556,,,624.962,,,,,,,,,,,,,,,,,,
Greece,1977,GRC,8983231.0,122480967680.0,,,,,,,,,,6.357,5.641,10504.663,94.366,,,5.69,2.025,4186.949,37.612,,,,,,3.705,8.116,25290.469,1.855,,,,,,,,,,,,,,,,0.0,0.0,0.0,,,,2.288,0.127,5.683,213.954,1.922,632.66,,,2.288,0.127,5.683,0.0,0.0,632.66,,,,,,0.0,0.0,0.0,0.0,0.0,,,1.882,2.349,127.141,,,14153.146,,0.0,0.0,0.0,,,,,,,,,,,,,,,227.19,2.288,0.127,5.683,,,632.66,,,,,,,,,,,,,,,,,,
Greece,1978,GRC,9084305.0,130699231232.0,,,,,,,,,,-11.08,-10.455,9236.859,83.91,,,-7.454,-2.804,3831.751,34.809,,,,,,1.757,3.992,25448.574,1.769,,,,,,,,,,,,,,,,0.0,0.0,0.0,,,,55.463,3.152,8.835,328.919,2.988,972.61,,,55.463,3.152,8.835,0.0,0.0,972.61,,,,,,0.0,0.0,0.0,0.0,0.0,,,8.884,11.296,138.437,,,15239.106,,0.0,0.0,0.0,,,,,,,,,,,,,,,231.183,55.463,3.152,8.835,,,972.61,,,,,,,,,,,,,,,,,,
Greece,1979,GRC,9194179.0,135518429184.0,,,,,,,,,,-45.1,-37.844,5010.391,46.066,,,8.279,2.882,4099.389,37.691,,,,,,-12.175,-28.146,22083.158,1.498,,,,,,,,,,,,,,,,0.0,0.0,0.0,,,,19.344,1.709,10.545,387.854,3.566,1146.88,,,19.344,1.709,10.545,0.0,0.0,1146.88,,,,,,0.0,0.0,0.0,0.0,0.0,,,5.771,7.989,146.425,,,15925.888,,0.0,0.0,0.0,,,,,,,,,,,,,,,203.037,19.344,1.709,10.545,,,1146.88,,,,,,,,,,,,,,,,,,
Greece,1980,GRC,9307159.0,137887825920.0,,,,,,,,,,0.0,0.0,4949.569,46.066,,,-17.139,-6.46,3355.566,31.231,,,,,,-0.95,-1.929,21607.857,1.458,,,,,,,,,,,,,,,,0.0,0.0,0.0,,,,-4.515,-0.476,10.069,365.847,3.405,1081.807,,,-4.515,-0.476,10.069,0.0,0.0,1081.807,,,,,,0.0,0.0,0.0,0.0,0.0,,,-0.992,-1.453,144.973,,,15576.48,,0.0,0.0,0.0,,,,,,,,,,,,,,,201.108,-4.515,-0.476,10.069,,,1081.807,,,,,,,,,,,,,,,,,,
Greece,1981,GRC,9418999.0,137962176512.0,,,,,,,,,,-1.01,-0.465,4841.409,45.601,,,29.511,9.216,4294.218,40.447,,,,,,-2.282,-4.59,20863.965,1.424,,,,,,,,,,,,,,,,0.0,0.0,0.0,,,,0.059,0.006,10.074,361.716,3.407,1069.589,,,0.059,0.006,10.074,0.0,0.0,1069.589,,,,,,0.0,0.0,0.0,0.0,0.0,,,-2.849,-4.131,140.842,,,14952.967,,5.077,539.069,5.077,,,,,,,,,,,,,,,196.518,0.059,0.006,10.074,,,1069.589,,,,,,,,,,,,,,,,,,
Greece,1982,GRC,9528819.0,138508058624.0,,,,,,,,,,1.53,0.698,4858.842,46.299,,,4.784,1.935,4447.775,42.382,,23.244,,,,1.356,2.665,20903.236,1.438,,,,,19798.186,188.653,,94.713,,,0.844,,,88.521,,0.928,97.387,0.928,,0.423,,4.52,0.455,10.53,373.708,3.561,1105.052,,5.287,4.52,0.455,10.53,0.0,0.0,1105.052,,5.287,,,,0.0,0.0,0.0,0.0,0.0,,0.0,0.475,0.669,141.511,,,14850.821,170.996,8.682,1444.017,13.76,,71.046,,,,,,,,,,,,,199.183,4.52,0.455,10.53,,,1105.052,,5.287,,,,,,,,,,,,,,,,
Greece,1983,GRC,9636354.0,139066310656.0,,,,,,,,,,22.632,10.479,5892.027,56.778,,,9.124,3.867,4799.431,46.249,,28.346,,,,0.56,1.116,20785.742,1.44,2.505,4.726,,,20067.695,193.379,,96.545,-4.683,-0.04,0.804,,,83.434,-4.545,-0.042,91.923,0.886,,0.401,,-34.288,-3.61,6.919,242.83,2.34,718.047,,3.455,-34.288,-3.61,6.919,0.0,0.0,718.047,,3.455,,,,0.0,0.0,0.0,0.0,0.0,,0.0,-4.037,-5.713,135.798,,,14092.234,16.987,2.337,1670.458,16.097,,67.798,,,,,,,,,,,,,200.299,-34.288,-3.61,6.919,,,718.047,,3.455,,,,,,,,,,,,,,,,
Greece,1984,GRC,9740384.0,142899249152.0,,,,,,,,,,6.78,3.85,6224.312,60.627,,,8.696,4.022,5161.057,50.271,,28.989,,,,4.413,8.839,21471.189,1.464,3.773,7.295,,,20602.342,200.675,,95.953,10.012,0.081,0.884,,,90.808,9.6,0.085,99.671,0.971,,0.423,,22.308,1.544,8.463,293.828,2.862,868.847,,4.047,22.308,1.544,8.463,0.0,0.0,868.847,,4.047,,,,0.0,0.0,0.0,0.0,0.0,,0.0,2.478,3.365,139.163,,,14287.224,8.18,1.317,1787.801,17.414,,66.541,,,,,,,,,,,,,209.138,22.308,1.544,8.463,,,868.847,,4.047,,,,,,,,,,,,,,,,
Greece,1985,GRC,9840144.0,147360301056.0,,,,,,,,,,15.96,9.676,7144.544,70.303,,,11.925,5.995,5717.966,56.266,,31.824,,27.74,12.557,5.629,11.773,22449.928,1.499,5.951,11.941,,,21607.018,212.616,,96.245,-6.02,-0.053,0.831,,,84.475,-4.348,-0.042,94.371,0.929,,0.376,,-1.992,-0.169,8.294,285.057,2.805,842.91,10.112,3.755,-1.992,-0.169,8.294,0.0,0.0,842.91,0.0,3.755,,,,0.0,0.0,0.0,0.0,0.0,0.0,0.0,1.666,2.319,141.482,,,14377.998,-3.917,-0.682,1700.352,16.732,,64.045,,,,,,,,,,,,2819.064,220.911,-1.992,-0.169,8.294,,,842.91,,3.755,,,,,,,,,,,,,,,,
Greece,1986,GRC,9936729.0,149738258432.0,,,,,,,,,,-4.566,-3.21,6752.068,67.093,,,4.504,2.534,5917.417,58.8,,30.307,,28.237,12.755,0.213,0.47,22278.973,1.478,-0.377,-0.802,,,21316.293,211.814,,95.679,36.992,0.307,1.139,,,114.6,36.269,0.337,127.349,1.265,,0.514,,15.33,1.272,9.566,325.56,3.235,962.677,11.457,4.321,15.33,1.272,9.566,0.0,0.0,962.677,0.0,4.321,,,,0.0,0.0,0.0,0.0,0.0,0.0,0.0,1.485,2.1,143.582,,,14449.626,0.0,0.0,1683.825,16.732,,64.858,,,,,,,,,,,,2841.679,221.38,15.33,1.272,9.566,,,962.677,,4.321,,,,,,,,,,,,,,,,
Greece,1987,GRC,10029145.0,149058781184.0,,,,,,,,,,14.162,9.502,7637.259,76.595,,,18.062,10.621,6921.873,69.42,,31.64,,30.272,12.505,9.351,20.7,24137.678,1.624,10.407,22.043,,,23317.729,233.857,,96.603,14.16,0.161,1.3,,,129.622,13.412,0.17,143.098,1.435,,0.537,,-14.065,-1.345,8.22,277.192,2.78,819.654,9.183,3.396,-14.034,-1.342,8.223,0.0,0.0,819.949,0.0,3.397,,,,0.0,0.0,0.0,0.0,0.0,0.0,0.0,8.622,12.38,155.962,,,15550.849,-3.793,-0.635,1605.035,16.097,,64.426,,,,,,,,,,,,3018.403,242.08,-14.034,-1.342,8.223,,,819.949,,3.397,,,,,,,,,,,0.003,0.1,0.001,0.295,0.003,0.001
Greece,1988,GRC,10120189.0,155690549248.0,,,,,,,,,,12.238,9.374,8494.798,85.969,,,5.323,3.695,7224.74,73.116,,33.634,,33.394,13.065,5.585,13.52,25256.5,1.642,6.305,14.744,,,24564.893,248.601,,97.262,19.942,0.259,1.559,,,154.073,20.923,0.3,171.482,1.735,,0.61,,-14.892,-1.224,6.996,233.79,2.366,691.315,7.085,2.737,-14.887,-1.224,6.999,0.0,0.0,691.607,0.0,2.738,,,,0.0,0.0,0.0,0.0,0.0,0.0,0.0,3.277,5.111,161.073,,,15916.022,-11.599,-1.867,1406.103,14.23,,63.018,,,,,,,,,,,,3299.741,255.601,-14.887,-1.224,6.999,,,691.607,,2.738,,,,,,,,,0.0,0.0,0.003,0.099,0.001,0.292,0.003,0.001
Greece,1989,GRC,10211975.0,161665843200.0,,,,,,,,,,7.508,6.455,9050.513,92.424,,,13.272,9.704,8110.044,82.82,,33.358,,34.456,12.436,8.399,21.469,27131.844,1.714,9.19,22.847,,,26581.389,271.448,,97.971,0.85,0.013,1.572,,,153.986,0.0,0.0,169.941,1.735,,0.568,,-19.696,-1.378,5.618,186.056,1.9,550.166,5.514,2.028,-19.687,-1.378,5.621,0.0,0.0,550.455,0.0,2.029,,,,0.0,0.0,0.0,0.0,0.0,0.0,0.0,10.169,16.379,177.452,,,17376.889,-18.108,-2.577,1141.136,11.653,,64.046,,,,,,,,,,,,3374.078,277.07,-19.687,-1.378,5.621,,,550.455,,2.029,,,,,,,,,0.0,0.0,0.003,0.098,0.001,0.29,0.003,0.001
Greece,1990,GRC,10302255.0,161708982272.0,,,0.0,0.0,0.0,0.0,0.0,0.0,,1.41,1.303,9097.678,93.727,2443.155,25.17,-0.038,-0.031,8035.926,82.788,72.369,32.622,35.49,34.78,12.105,3.697,10.243,27888.309,1.777,3.915,10.627,3204.153,33.01,27379.988,282.076,94.911,98.177,2.162,0.034,1.606,8.736,0.09,155.937,-5.211,-0.09,159.674,1.645,0.259,0.559,,-6.895,-0.387,5.231,171.807,1.77,507.745,5.089,1.821,-6.839,-0.384,5.237,171.807,1.77,508.319,5.089,1.823,0.71,2.001,,0.0,0.0,0.0,0.0,0.0,0.0,0.0,5.235,9.29,186.743,752.263,7.75,18126.375,-10.889,-1.269,1007.965,10.384,22.283,64.996,0.0,0.0,0.0,,,0.0,0.0,0.0,0.0,0.0,0.0,3375.96,287.312,-6.839,-0.384,5.237,171.807,1.77,508.319,5.089,1.823,,,0.0,0.0,0.0,0.0,0.0,0.0,100.0,0.003,0.006,0.0,0.0,0.574,0.0,0.002
Greece,1991,GRC,10391552.0,168230944768.0,,0.0,0.0,0.0,0.0,0.0,0.0,0.0,,-3.793,-3.555,8677.377,90.171,2280.699,23.7,-3.022,-2.502,7726.135,80.287,66.312,30.935,36.38,35.74,12.261,1.451,4.17,28049.93,1.733,0.084,0.237,3141.013,32.64,27167.52,282.313,91.326,96.854,-1.214,-0.019,1.587,8.661,0.09,152.72,4.779,0.079,165.867,1.724,0.252,0.544,,75.184,3.933,9.164,298.319,3.1,881.842,8.674,3.144,75.099,3.933,9.17,298.319,3.1,882.411,8.674,3.146,0.64,1.759,,0.0,0.0,0.0,0.0,0.0,0.0,0.0,2.041,3.812,190.554,851.653,8.85,18337.42,1.934,0.201,1018.632,10.585,24.762,65.374,0.0,0.0,0.0,,0.0,0.0,0.0,0.0,0.0,0.0,0.0,3439.332,291.482,75.099,3.933,9.17,298.319,3.1,882.411,8.674,3.146,,0.0,0.0,0.0,0.0,0.0,0.0,0.0,0.0,0.0,0.006,0.0,0.0,0.569,0.0,0.002
Greece,1992,GRC,10478389.0,170928734208.0,,0.0,0.0,0.0,0.0,0.0,0.0,0.0,,4.344,3.917,8979.266,94.088,2539.512,26.61,1.328,1.066,7763.885,81.353,71.494,31.72,37.83,37.22,12.548,1.762,5.136,28307.635,1.735,2.75,7.765,3341.163,35.01,27683.387,290.077,94.062,97.795,-7.593,-0.121,1.466,7.635,0.08,139.955,-1.702,-0.029,161.693,1.694,0.215,0.494,,-28.913,-2.649,6.514,209.956,2.2,621.684,5.911,2.196,-28.668,-2.629,6.541,210.91,2.21,624.246,5.938,2.205,0.61,1.612,,0.0,0.0,0.0,0.0,0.0,0.0,0.0,2.083,3.968,194.523,794.015,8.32,18564.168,-18.579,-1.967,822.51,8.619,22.354,65.58,0.003,0.0,0.0,,0.003,0.0,0.0,0.305,0.0,0.0,0.001,3552.073,296.618,-28.668,-2.629,6.541,210.91,2.21,624.246,5.938,2.205,,0.0,0.0,0.0,0.0,0.0,0.0,0.0,300.0,0.018,0.024,0.954,0.01,2.258,0.027,0.008
Greece,1993,GRC,10563442.0,169706668032.0,,0.0,0.0,0.0,0.0,0.0,0.0,0.0,,-0.044,-0.041,8903.09,94.047,2630.771,27.79,2.402,1.954,7886.336,83.307,72.882,31.294,38.94,38.13,12.688,1.319,3.912,28450.086,1.771,1.228,3.564,3389.047,35.8,27797.838,293.641,93.889,97.707,-26.253,-0.385,1.082,7.573,0.08,102.381,-28.896,-0.49,114.045,1.205,0.21,0.36,,3.586,0.234,6.748,215.839,2.28,638.793,5.98,2.245,5.335,0.349,6.89,220.572,2.33,652.251,6.111,2.293,0.81,2.08,,0.0,0.0,0.0,0.0,0.0,0.0,0.0,2.051,3.989,198.512,750.702,7.93,18792.363,-15.5,-1.336,689.427,7.283,20.797,66.054,0.003,0.0,0.0,0.0,0.0,0.0,0.0,0.302,0.0,0.0,0.001,3609.619,300.531,5.335,0.349,6.89,220.572,2.33,652.251,6.111,2.293,,0.0,0.0,0.0,0.0,0.0,0.0,0.0,487.5,0.115,0.139,4.733,0.05,13.157,0.131,0.046
Greece,1994,GRC,10647420.0,174662615040.0,,0.0,0.0,0.0,0.0,0.0,0.0,0.0,,0.215,0.202,8851.824,94.249,2778.138,29.58,2.76,2.299,8040.08,85.606,73.236,30.836,40.77,40.39,13.215,1.701,5.113,28705.861,1.75,1.432,4.205,3545.46,37.75,27973.498,297.846,93.464,97.449,-48.844,-0.528,0.553,7.514,0.08,51.961,-49.003,-0.59,57.7,0.614,0.198,0.181,,13.891,0.937,7.685,244.191,2.6,721.791,6.437,2.514,13.176,0.908,7.798,247.947,2.64,732.367,6.536,2.551,0.38,0.932,,0.0,0.0,0.0,0.0,0.0,0.0,0.0,2.283,4.531,203.043,759.809,8.09,19069.711,-5.373,-0.391,647.238,6.891,20.03,66.431,0.003,0.0,0.0,0.0,0.0,0.0,0.0,0.3,0.0,0.0,0.001,3793.407,305.643,13.176,0.908,7.798,247.947,2.64,732.367,6.536,2.551,,0.0,0.0,0.0,0.0,0.0,0.0,0.0,-21.277,-0.03,0.109,3.757,0.04,10.276,0.099,0.036
Greece,1995,GRC,10727928.0,179928432640.0,,0.0,0.0,0.0,0.0,0.0,0.0,0.0,,-0.336,-0.317,8755.836,93.932,2675.26,28.7,2.028,1.736,8141.597,87.342,69.492,29.651,42.1,41.3,13.037,3.648,11.151,29529.844,1.761,2.823,8.41,3517.921,37.74,28547.461,306.255,91.38,96.673,-7.772,-0.043,0.51,7.457,0.08,47.563,-9.853,-0.061,51.624,0.554,0.194,0.161,,35.783,2.75,10.435,329.048,3.53,972.715,8.547,3.294,35.154,2.741,10.539,331.844,3.56,982.384,8.62,3.327,0.8,1.9,,0.0,0.0,0.0,0.0,0.0,0.0,0.0,4.319,8.77,211.813,835.203,8.96,19744.061,-13.364,-0.921,556.53,5.97,21.695,66.861,0.003,0.0,0.0,0.0,0.0,0.0,0.0,0.298,0.0,0.0,0.001,3849.765,316.794,35.154,2.741,10.539,331.844,3.56,982.384,8.62,3.327,,0.0,0.0,0.0,0.0,0.0,0.0,0.0,-8.108,-0.009,0.101,2.796,0.03,9.372,0.073,0.032
Greece,1996,GRC,10803809.0,186744569856.0,,0.0,0.0,0.0,0.0,0.0,0.0,0.0,,-2.72,-2.555,8457.895,91.377,2712.007,29.3,-4.273,-3.732,7738.974,83.61,69.071,28.133,43.77,42.42,13.06,2.527,8.007,30063.527,1.739,1.821,5.576,3520.055,38.03,28863.084,311.831,89.651,96.007,12.347,0.063,0.573,7.405,0.08,53.06,8.108,0.045,55.418,0.599,0.189,0.176,,23.208,2.422,12.857,402.636,4.35,1190.042,10.255,3.958,23.064,2.43,12.969,406.338,4.39,1200.443,10.349,3.993,1.35,3.084,,0.0,0.0,0.0,0.0,0.0,0.0,0.0,3.809,8.068,219.881,800.643,8.65,20352.131,-7.469,-0.446,511.346,5.524,20.391,67.697,0.0,0.0,0.0,-100.0,-0.003,0.0,0.0,0.0,0.0,0.0,0.0,3926.393,324.801,23.064,2.43,12.969,406.338,4.39,1200.443,10.349,3.993,,0.0,0.0,0.0,0.0,0.0,0.0,0.0,11.765,0.012,0.112,3.702,0.04,10.401,0.094,0.035
Greece,1997,GRC,10875274.0,196868816896.0,,0.0,0.0,0.0,0.0,0.0,0.0,0.0,,7.697,7.034,9049.059,98.411,2816.481,30.63,7.191,6.013,8240.998,89.623,70.755,29.461,45.58,43.29,12.959,2.846,9.243,30715.895,1.697,3.408,10.627,3620.139,39.37,29650.586,322.458,90.945,96.532,246.925,1.415,1.989,30.344,0.33,182.869,-2.568,-0.015,53.641,0.583,0.762,0.595,,-10.718,-1.378,11.479,356.773,3.88,1055.516,8.963,3.436,-10.67,-1.384,11.585,360.451,3.92,1065.305,9.055,3.468,2.29,5.024,,0.0,0.0,0.0,0.0,0.0,0.0,0.0,0.991,2.178,222.059,773.314,8.41,20418.66,10.554,0.583,561.6,6.108,19.427,66.476,0.0,0.0,0.0,,0.0,0.0,0.0,0.0,0.0,0.0,0.0,3980.59,334.044,-10.67,-1.384,11.585,360.451,3.92,1065.305,9.055,3.468,,0.0,0.0,0.0,0.0,0.0,0.0,0.0,-5.263,-0.006,0.106,3.678,0.04,9.788,0.092,0.032
Greece,1998,GRC,10939474.0,206380728320.0,,0.0,0.0,0.0,0.0,0.0,0.0,0.0,,4.613,4.539,9410.914,102.95,2966.322,32.45,5.448,4.882,8638.933,94.505,70.253,29.019,47.8,46.19,13.02,6.206,20.729,32430.525,1.719,6.549,21.117,3875.872,42.4,31406.885,343.575,91.795,96.844,309.562,6.156,8.145,156.315,1.71,744.566,-10.694,-0.062,47.623,0.521,3.702,2.296,,-4.25,-0.488,10.991,340.053,3.72,1004.722,8.054,3.098,-3.344,-0.387,11.198,346.452,3.79,1023.643,8.205,3.156,1.61,3.368,,0.0,0.0,0.0,0.0,0.0,0.0,0.0,4.693,10.421,232.479,753.235,8.24,21251.402,-28.287,-1.728,400.375,4.38,17.839,65.529,0.0,0.0,0.0,,0.0,0.0,0.0,0.0,0.0,0.0,0.0,4222.324,354.773,-3.344,-0.387,11.198,346.452,3.79,1023.643,8.205,3.156,,0.0,0.0,0.0,0.0,0.0,0.0,0.0,94.444,0.101,0.207,6.399,0.07,18.921,0.152,0.058
Greece,1999,GRC,10993861.0,214634217472.0,,0.0,0.0,0.0,0.0,0.0,0.0,0.0,,-3.809,-3.922,9007.656,99.029,2945.28,32.38,-1.128,-1.066,8499.189,93.439,65.56,27.919,49.55,49.39,13.924,-0.019,-0.068,32263.9,1.653,-0.853,-2.931,4060.448,44.64,30984.941,340.644,90.383,96.036,79.293,6.459,14.604,355.653,3.91,1328.351,-93.756,-0.488,2.959,0.033,7.917,4.117,,23.54,2.587,13.578,417.506,4.59,1235.098,9.293,3.828,25.561,2.863,14.061,432.059,4.75,1278.961,9.617,3.964,0.16,0.323,,0.0,0.0,0.0,0.0,0.0,0.0,0.0,-2.352,-5.468,227.012,759.515,8.35,20648.934,-89.139,-3.904,43.271,0.476,16.906,64.0,0.003,0.0,0.0,,0.003,0.0,0.0,0.29,0.0,0.0,0.001,4492.507,354.705,25.561,2.863,14.061,432.059,4.75,1278.961,9.617,3.964,,0.0,0.0,0.0,0.0,0.0,0.0,0.0,131.429,0.272,0.479,14.554,0.16,43.573,0.324,0.135
Greece,2000,GRC,11038112.0,225054588928.0,,0.0,0.0,0.0,0.0,0.0,0.0,0.0,701.236,5.977,5.919,9507.768,104.948,3108.322,34.31,2.331,2.178,8662.459,95.617,64.227,28.132,53.41,53.42,14.32,5.173,18.347,33796.73,1.658,5.917,20.154,4464.532,49.28,32686.6,360.798,92.25,96.715,34.225,4.998,19.602,536.324,5.92,1775.836,1581.913,0.515,49.563,0.547,11.082,5.254,37.46,-19.578,-2.658,10.92,334.296,3.69,989.314,6.908,2.927,-12.85,-1.807,12.254,375.064,4.14,1110.132,7.75,3.285,-0.01,-0.019,,0.0,0.0,0.0,0.0,0.0,0.0,0.0,4.069,9.237,236.249,819.887,9.05,21402.994,617.329,2.937,309.152,3.412,16.941,63.329,0.0,0.0,0.0,-100.0,-0.003,0.0,0.0,0.0,0.0,0.0,0.0,4839.596,373.052,-12.85,-1.807,12.254,375.064,4.14,1110.132,7.75,3.285,,0.0,0.0,0.0,0.0,0.0,0.0,0.0,178.395,0.855,1.334,40.768,0.45,120.818,0.842,0.357
Greece,2001,GRC,11072182.0,236462129152.0,,0.0,0.0,0.0,7.225,0.08,0.151,0.0,718.538,3.362,3.528,9797.17,108.476,3199.911,35.43,2.073,1.982,8814.79,97.599,66.748,28.848,55.58,53.08,14.116,0.797,2.973,33961.258,1.59,1.827,6.593,4528.466,50.14,33181.492,367.392,94.461,97.704,-1.312,-0.257,19.345,553.64,6.13,1747.151,-5.164,-0.028,46.859,0.519,11.549,5.145,38.14,-43.217,-4.76,6.161,189.665,2.1,556.398,3.956,1.638,-29.247,-3.62,8.634,265.53,2.94,779.764,5.539,2.296,2.5,4.498,,0.0,0.0,0.0,0.0,0.0,0.0,0.0,1.406,3.322,239.571,774.915,8.58,21637.17,2.977,0.102,317.375,3.514,16.164,63.711,0.252,0.08,0.0,,0.252,7.225,0.0,22.776,0.151,0.0,0.067,4793.997,376.025,-29.247,-3.62,8.634,265.53,2.94,779.764,5.539,2.296,,0.0,0.0,0.0,0.0,0.0,0.0,0.0,67.627,0.887,2.221,68.64,0.76,200.59,1.432,0.591
Greece,2002,GRC,11096620.0,247945854976.0,,0.0,0.0,0.0,11.715,0.13,0.241,0.0,705.097,-3.789,-4.11,9405.173,104.366,3115.363,34.57,2.265,2.211,8994.614,99.81,64.078,27.729,56.85,53.95,14.334,0.092,0.345,33917.586,1.518,-0.407,-1.496,4539.22,50.37,32973.594,365.895,93.364,97.217,7.549,1.46,20.805,636.23,7.06,1874.908,5.714,0.03,49.427,0.548,13.086,5.528,38.04,33.524,2.012,8.173,252.329,2.8,736.507,5.19,2.171,21.999,1.841,10.475,322.621,3.58,943.992,6.636,2.783,2.9,5.101,,0.0,0.0,0.0,0.0,0.0,0.0,0.0,0.482,1.154,240.725,787.627,8.74,21693.514,-31.81,-1.118,215.942,2.396,16.2,63.959,0.402,0.13,0.0,59.494,0.15,11.715,0.0,36.247,0.241,0.0,0.107,4861.841,376.371,21.999,1.841,10.475,322.621,3.58,943.992,6.636,2.783,,0.0,0.0,0.0,0.0,0.0,0.0,0.0,-13.889,-0.321,1.9,58.576,0.65,171.238,1.205,0.505
Greece,2003,GRC,11110488.0,264671526912.0,,0.0,0.0,0.0,9.001,0.1,0.173,0.0,674.957,0.538,0.562,9444.003,104.927,3165.477,35.17,-4.732,-4.723,8558.299,95.087,60.743,26.343,59.99,57.9,14.536,5.831,21.945,35850.453,1.505,4.182,15.302,4681.162,52.01,34309.73,381.198,89.827,95.702,13.05,2.715,23.52,721.841,8.02,2116.936,-26.925,-0.148,36.074,0.401,13.851,5.905,39.08,70.214,5.649,13.822,429.324,4.77,1244.049,8.238,3.47,64.719,6.643,17.118,530.13,5.89,1540.724,10.173,4.298,2.09,3.484,,0.0,0.0,0.0,0.0,0.0,0.0,0.0,4.996,12.025,252.75,793.844,8.82,22748.791,-16.305,-0.391,180.506,2.006,15.233,63.455,0.335,0.1,0.0,-16.667,-0.067,9.001,0.0,30.168,0.173,0.0,0.084,5211.292,398.316,64.719,6.643,17.118,530.13,5.89,1540.724,10.173,4.298,,0.0,0.0,0.0,0.0,0.0,0.0,0.0,56.836,1.061,2.961,91.805,1.02,266.507,1.762,0.743
Greece,2004,GRC,11115089.0,280566759424.0,,0.0,0.0,0.0,10.796,0.12,0.204,0.0,672.279,2.507,2.631,9676.758,107.558,3183.061,35.38,4.535,4.312,8942.733,99.399,60.17,27.009,61.62,58.8,14.765,-0.021,-0.084,35828.086,1.419,-0.015,-0.057,4758.396,52.89,34290.398,381.141,89.949,95.708,9.926,2.335,25.855,808.81,8.99,2326.093,-7.278,-0.029,33.435,0.372,15.289,6.492,39.53,-1.971,-0.359,13.463,420.15,4.67,1211.264,7.942,3.381,0.438,-0.027,17.092,531.71,5.91,1537.688,10.051,4.292,2.82,4.576,,0.0,0.0,0.0,0.0,0.0,0.0,0.0,-1.987,-5.022,247.728,766.526,8.52,22287.547,-3.527,-0.071,174.067,1.935,14.49,62.207,0.396,0.12,0.0,18.25,0.061,10.796,0.0,35.659,0.204,0.0,0.1,5290.106,398.232,0.438,-0.027,17.092,531.71,5.91,1537.688,10.051,4.292,,0.002,0.002,0.0,0.0,0.201,0.0,0.001,9.771,0.269,3.23,100.764,1.12,290.565,1.905,0.811
Greece,2005,GRC,11113450.0,284786819072.0,,0.0,0.0,0.0,10.798,0.12,0.202,0.0,670.032,-1.357,-1.46,9546.827,106.098,3197.927,35.54,-0.103,-0.102,8934.844,99.297,59.801,26.551,63.21,59.43,14.872,0.345,1.374,35956.984,1.403,0.021,0.081,4770.796,53.02,34302.754,381.222,89.214,95.399,0.688,0.178,26.032,735.145,8.17,2342.432,-36.357,-0.135,21.282,0.237,13.747,6.515,39.82,7.393,0.904,14.367,451.705,5.02,1292.773,8.447,3.595,8.257,1.293,18.384,576.779,6.41,1654.229,10.786,4.601,3.78,5.98,,0.0,0.0,0.0,0.0,0.0,0.0,0.0,0.55,1.363,249.091,837.724,9.31,22413.496,-12.492,-0.242,152.346,1.693,15.665,62.334,0.388,0.12,0.0,-2.129,-0.008,10.798,0.0,34.905,0.202,0.0,0.097,5347.574,399.606,8.257,1.293,18.384,576.779,6.41,1654.229,10.786,4.601,22.968,0.0,0.003,0.0,0.0,0.246,0.0,0.001,12.999,0.397,3.626,114.276,1.27,326.305,2.137,0.907
Greece,2006,GRC,11106097.0,303593193472.0,,0.524,47.196,0.524,9.904,0.11,0.183,0.127,641.183,-7.908,-8.391,8797.638,97.707,2904.711,32.26,-4.307,-4.276,8555.714,95.021,53.615,23.755,64.37,60.17,14.629,2.928,11.7,37034.242,1.355,2.012,7.668,4727.133,52.5,35015.926,388.89,87.253,94.55,17.903,4.66,30.693,955.331,10.61,2763.617,42.138,0.1,30.27,0.336,17.633,7.462,38.58,16.888,2.321,16.688,527.638,5.86,1502.586,9.739,4.057,28.057,4.031,22.416,690.612,7.67,2018.318,12.747,5.45,4.2,6.525,,0.0,0.0,0.0,0.0,0.0,0.0,0.0,4.576,11.399,260.49,867.091,9.63,23454.67,-31.109,-0.527,105.022,1.166,16.005,63.332,0.364,0.11,0.0,-6.085,-0.024,9.904,0.0,32.803,0.183,0.0,0.089,5417.745,411.306,28.057,4.031,22.416,690.612,7.67,2018.318,12.747,5.45,45.435,0.001,0.004,0.0,0.0,0.355,0.0,0.001,34.182,1.209,4.835,153.069,1.7,435.378,2.825,1.176
Greece,2007,GRC,11091491.0,316350857216.0,84.314,0.442,87.104,0.966,16.229,0.18,0.287,0.23,669.75,5.434,5.309,9287.876,103.016,3126.721,34.68,2.678,2.545,8796.403,97.565,55.302,24.566,67.07,62.71,14.954,1.956,8.045,37808.297,1.326,4.226,16.434,5240.053,58.12,36543.754,405.325,92.681,96.655,26.634,8.175,38.868,1276.654,14.16,3504.291,-15.167,-0.051,25.713,0.285,22.58,9.269,42.0,-55.814,-9.36,7.328,233.512,2.59,660.647,4.13,1.747,-32.216,-8.39,14.026,413.831,4.59,1264.543,7.319,3.345,4.36,6.501,,0.0,0.0,0.0,0.0,0.0,0.0,0.0,1.133,2.951,263.441,836.677,9.28,23751.588,-32.191,-0.375,71.308,0.791,14.798,62.821,0.587,0.18,0.0,61.227,0.223,16.229,0.0,52.956,0.287,0.0,0.14,5653.883,419.35,-32.216,-8.39,14.026,413.831,4.59,1264.543,7.319,3.345,2.453,0.0,0.004,0.0,0.0,0.362,0.0,0.001,6.982,0.305,5.141,164.09,1.82,463.474,2.902,1.226
Greece,2008,GRC,11073621.0,318127308800.0,-19.149,-0.185,70.538,0.781,17.158,0.19,0.302,0.19,655.912,-5.87,-6.047,8756.779,96.969,3012.565,33.36,-3.094,-3.019,8537.956,94.546,53.02,23.56,68.53,62.92,15.287,-1.852,-7.765,37168.062,1.294,-2.653,-10.754,5162.719,57.17,35631.574,394.571,90.861,95.866,15.854,6.162,45.03,1246.205,13.8,4066.401,-33.638,-0.096,17.091,0.189,21.933,10.941,41.27,27.817,1.98,9.308,298.909,3.31,840.531,5.261,2.261,17.462,2.989,17.015,519.252,5.75,1536.493,9.139,4.134,5.61,8.186,,0.0,0.0,0.0,0.0,0.0,0.0,0.0,-4.126,-10.869,252.572,903.95,10.01,22808.393,-19.56,-0.155,57.453,0.636,15.909,61.366,0.611,0.19,0.0,3.998,0.023,17.158,0.0,55.162,0.302,0.0,0.148,5681.972,411.585,17.462,2.989,17.015,519.252,5.75,1536.493,9.139,4.134,268.732,0.011,0.015,0.903,0.01,1.329,0.016,0.004,23.322,1.16,6.3,202.283,2.24,568.933,3.56,1.531
Greece,2009,GRC,11055503.0,307180732416.0,13.158,0.103,79.95,0.884,19.9,0.22,0.36,0.223,639.266,1.071,1.039,8865.104,98.008,3092.577,34.19,0.571,0.54,8600.759,95.086,55.985,24.725,65.44,61.07,15.406,-3.69,-15.187,35855.25,1.29,-5.561,-21.941,4785.852,52.91,33705.363,372.63,86.638,94.004,-16.027,-7.217,37.813,996.789,11.02,3420.262,-19.923,-0.038,13.708,0.152,18.045,9.539,39.04,61.597,5.64,14.948,483.922,5.35,1352.101,8.76,3.771,38.503,6.754,23.768,738.094,8.16,2149.887,13.362,5.996,4.37,6.678,,0.0,0.0,0.0,0.0,0.0,0.0,0.0,-6.241,-15.763,236.809,696.486,7.7,21419.996,16.448,0.105,67.012,0.741,12.608,59.74,0.695,0.22,0.0,13.7,0.084,19.9,0.0,62.822,0.36,0.0,0.175,5523.946,396.398,38.503,6.754,23.768,738.094,8.16,2149.887,13.362,5.996,854.927,0.125,0.14,4.523,0.05,12.63,0.082,0.035,13.426,0.802,7.102,229.75,2.54,642.383,4.159,1.792
Greece,2010,GRC,11033784.0,292966531072.0,63.954,0.565,131.34,1.449,17.22,0.19,0.331,0.383,604.566,-6.635,-6.503,8293.218,91.506,2791.427,30.8,-10.525,-10.008,7710.69,85.078,53.677,24.18,63.09,57.38,15.162,-4.531,-17.961,34298.055,1.292,-6.7,-24.965,4246.05,46.85,31509.072,347.664,81.649,91.868,9.592,3.627,41.44,892.713,9.85,3755.698,-40.014,-0.061,8.239,0.091,17.166,10.95,34.69,39.648,5.799,20.747,677.012,7.47,1880.295,13.018,5.482,32.481,7.005,30.773,954.342,10.53,2788.984,18.351,8.132,5.71,9.051,,0.0,0.0,0.0,0.0,0.0,0.0,0.0,-9.328,-22.09,214.719,561.911,6.2,19460.156,99.922,0.74,134.236,1.481,10.805,56.738,0.607,0.19,0.0,-12.673,-0.088,17.22,0.0,54.969,0.331,0.0,0.16,5200.392,378.437,32.481,7.005,30.773,954.342,10.53,2788.984,18.351,8.132,215.496,0.298,0.438,14.501,0.16,39.682,0.279,0.116,6.722,0.431,7.533,245.609,2.71,682.698,4.723,1.99
Greece,2011,GRC,11004730.0,268611518464.0,-17.022,-0.247,109.271,1.202,19.083,0.21,0.355,0.324,620.375,0.376,0.344,8346.364,91.849,2823.331,31.07,2.59,2.204,7931.315,87.282,52.492,24.738,62.42,59.19,15.942,-1.89,-7.153,33738.633,1.382,-0.039,-0.137,4638.006,51.04,31579.805,347.527,86.231,93.601,23.312,9.66,51.1,1278.541,14.07,4643.446,-8.563,-0.008,7.554,0.083,23.771,13.763,36.72,-46.337,-9.681,11.065,364.389,4.01,1005.515,6.775,2.98,-22.023,-7.016,23.757,740.591,8.15,2158.827,13.769,6.399,3.23,5.175,,0.0,0.0,0.0,0.0,0.0,0.0,0.0,-4.723,-10.141,204.578,536.133,5.9,18589.996,-25.0,-0.37,100.943,1.111,9.968,55.1,0.66,0.21,0.0,8.85,0.054,19.083,0.0,59.992,0.355,0.0,0.178,5378.596,371.285,-22.023,-7.016,23.757,740.591,8.15,2158.827,13.769,6.399,286.89,1.246,1.684,55.431,0.61,152.992,1.031,0.453,22.156,1.613,9.146,301.688,3.32,831.058,5.609,2.463
Greece,2012,GRC,10963633.0,248992874496.0,20.514,0.247,132.18,1.449,18.242,0.2,0.329,0.415,602.798,3.059,2.809,8633.898,94.659,2837.563,31.11,7.193,6.278,8533.655,93.56,51.21,27.099,62.53,60.75,17.392,-5.921,-21.983,31860.057,1.403,-7.934,-27.572,4617.083,50.62,29183.297,319.955,83.325,91.598,-8.092,-4.135,46.965,1229.519,13.48,4283.675,7.359,0.006,8.14,0.089,22.189,13.445,36.62,9.507,0.979,12.044,400.415,4.39,1098.543,7.226,3.448,24.012,5.59,29.347,923.964,10.13,2676.761,16.675,8.402,1.78,2.847,,0.0,0.0,0.0,0.0,0.0,0.0,0.0,-12.83,-26.246,178.331,550.0,6.03,16265.725,-4.382,-0.049,96.882,1.062,9.926,51.054,0.652,0.2,0.0,-1.219,-0.008,18.242,0.0,59.483,0.329,0.0,0.187,5541.046,349.302,24.012,5.59,29.347,923.964,10.13,2676.761,16.675,8.402,177.561,2.961,4.645,154.146,1.69,423.655,2.782,1.33,16.136,1.411,10.557,351.161,3.85,962.9,6.337,3.022
Greece,2013,GRC,10914501.0,240930471936.0,11.517,0.167,148.067,1.616,20.157,0.22,0.385,0.492,547.094,-14.154,-13.398,7445.252,81.261,2418.801,26.4,-16.364,-15.31,7169.373,78.25,46.218,24.752,59.01,57.12,17.399,-6.012,-20.999,30079.553,1.363,-10.151,-32.48,3917.724,42.76,26338.809,287.475,74.86,87.564,-11.738,-5.513,41.452,996.839,10.88,3797.896,-15.888,-0.014,6.877,0.075,19.048,12.626,31.25,44.494,5.254,17.298,581.795,6.35,1584.865,11.117,5.269,37.761,11.481,40.828,1315.681,14.36,3740.747,25.14,12.436,1.89,3.203,,0.0,0.0,0.0,0.0,0.0,0.0,0.0,-7.609,-13.57,164.762,502.084,5.48,15095.658,-25.532,-0.271,72.471,0.791,9.594,50.186,0.691,0.22,0.0,5.93,0.039,20.157,0.0,63.294,0.385,0.0,0.21,5233.404,328.303,37.761,11.481,40.828,1315.681,14.36,3740.747,25.14,12.436,115.356,5.298,9.943,334.418,3.65,910.953,6.39,3.028,7.506,0.724,11.281,379.312,4.14,1033.568,7.248,3.436
Greece,2014,GRC,10862972.0,241776394240.0,8.751,0.141,161.788,1.758,20.252,0.22,0.437,0.571,571.4,-3.893,-3.163,7189.377,78.098,2370.438,25.75,-5.114,-4.002,6834.984,74.248,51.142,25.364,59.17,50.35,16.352,-6.212,-20.393,28344.934,1.274,-5.016,-14.421,3513.771,38.17,25136.213,273.054,75.809,88.68,-23.76,-9.849,31.603,625.059,6.79,2909.24,-6.296,-0.005,6.475,0.07,13.486,10.264,28.77,-29.441,-5.166,12.132,412.41,4.48,1116.841,8.898,3.94,-12.718,-5.972,34.856,1121.24,12.18,3208.718,24.191,11.32,8.82,14.906,,0.0,0.0,0.0,0.0,0.0,0.0,0.0,-0.855,-1.409,163.353,518.274,5.63,15037.597,-6.813,-0.054,67.853,0.737,11.182,53.052,0.701,0.22,0.0,1.503,0.01,20.252,0.0,64.55,0.437,0.0,0.228,4635.011,307.91,-12.718,-5.972,34.856,1121.24,12.18,3208.718,24.191,11.32,3.941,0.33,10.273,348.892,3.79,945.652,7.527,3.336,-10.885,-1.288,9.993,339.686,3.69,919.887,7.329,3.245
Greece,2015,GRC,10806644.0,241242128384.0,5.263,0.093,171.191,1.85,21.283,0.23,0.444,0.593,522.284,-16.207,-12.657,6055.607,65.441,2045.964,22.11,-11.105,-8.245,6107.661,66.003,42.659,20.993,61.44,51.83,16.627,1.238,3.813,28845.504,1.292,-1.204,-3.288,3421.969,36.98,24962.992,269.766,71.349,86.54,7.985,2.524,34.127,841.149,9.09,3157.921,-13.439,-0.009,5.634,0.061,17.538,10.948,27.07,36.171,4.29,16.422,564.468,6.1,1519.646,11.769,5.268,19.836,7.101,41.957,1374.155,14.85,3882.511,28.651,13.46,9.61,15.641,,0.0,0.0,0.0,0.0,0.0,0.0,0.0,4.191,6.846,170.199,534.856,5.78,15749.463,-7.311,-0.054,63.22,0.683,11.152,54.599,0.739,0.23,0.0,5.356,0.038,21.283,0.0,68.362,0.444,0.0,0.237,4796.124,311.723,19.836,7.101,41.957,1374.155,14.85,3882.511,28.651,13.46,2.842,0.229,10.502,360.889,3.9,971.774,7.525,3.369,25.279,2.452,12.444,427.515,4.62,1151.539,8.914,3.992
Greece,2016,GRC,10749742.0,241653891072.0,4.444,0.082,179.746,1.932,25.117,0.27,0.496,0.629,500.46,-22.537,-14.749,4715.658,50.692,1756.321,18.88,-30.002,-19.802,4297.862,46.201,34.7,16.514,63.21,54.41,17.725,-1.525,-4.753,28556.062,1.27,-1.756,-4.737,3676.367,39.52,24654.459,265.029,72.634,86.337,30.163,10.293,44.42,1392.592,14.97,4132.192,124.999,0.076,12.744,0.137,27.513,14.47,27.23,-9.11,-1.584,14.838,515.361,5.54,1380.298,10.182,4.834,0.745,-0.016,41.941,1385.15,14.89,3901.602,27.366,13.663,8.8,13.922,,0.0,0.0,0.0,0.0,0.0,0.0,0.0,-0.166,-0.282,169.917,527.455,5.67,15806.608,195.42,1.335,187.754,2.018,10.421,55.353,0.875,0.27,0.0,18.496,0.137,25.117,0.0,81.434,0.496,0.0,0.285,5061.517,306.97,0.745,-0.016,41.941,1385.15,14.89,3901.602,27.366,13.663,0.771,0.018,10.52,365.59,3.93,978.628,7.223,3.427,11.358,1.331,13.776,479.081,5.15,1281.496,9.465,4.488
Greece,2017,GRC,10692230.0,245290991616.0,0.451,0.009,181.528,1.941,28.993,0.31,0.562,0.602,507.974,10.036,5.088,5216.849,55.78,1754.545,18.76,14.97,6.916,4967.846,53.117,33.998,17.313,61.42,55.18,17.127,4.954,15.207,30131.885,1.313,6.91,18.314,3870.1,41.38,26499.893,283.343,74.991,87.946,20.599,9.15,53.57,1602.098,17.13,5010.18,0.0,,,,31.044,16.628,28.03,-28.508,-4.292,10.545,370.362,3.96,986.276,7.177,3.273,-6.435,-3.107,38.834,1290.657,13.8,3631.994,25.009,12.054,6.24,10.16,,0.0,0.0,0.0,0.0,0.0,0.0,0.0,2.399,4.076,173.993,513.457,5.49,16272.863,0.0,,,,9.949,54.005,0.99,0.31,0.0,13.054,0.114,28.993,0.0,92.56,0.562,0.0,0.307,5160.757,322.177,-6.435,-3.107,38.834,1290.657,13.8,3631.994,25.009,12.054,1.572,0.102,10.622,373.168,3.99,993.476,7.231,3.297,7.6,0.96,14.736,518.133,5.54,1378.153,10.04,4.574
Greece,2018,GRC,10633275.0,250035847168.0,0.756,0.015,183.916,1.956,29.154,0.31,0.582,0.603,479.624,-1.801,-1.005,5151.273,54.775,1616.623,17.19,-6.403,-3.401,4675.511,49.716,32.282,16.903,59.53,53.25,16.433,0.581,1.873,30475.123,1.296,-1.463,-4.144,3489.988,37.11,26257.078,279.199,69.69,86.159,-2.089,-1.119,52.451,1325.086,14.09,4932.723,0.0,,,,26.46,16.186,25.54,44.943,4.65,15.196,539.815,5.74,1429.061,10.779,4.689,15.005,6.017,44.852,1517.877,16.14,4218.042,30.31,13.841,6.28,10.549,,0.0,0.0,0.0,0.0,0.0,0.0,0.0,-1.161,-2.02,171.973,548.279,5.83,16173.083,0.0,,,,10.948,53.07,1.003,0.31,0.0,1.304,0.013,29.154,0.0,94.287,0.582,0.0,0.309,5007.864,324.05,15.005,6.017,44.852,1517.877,16.14,4218.042,30.31,13.841,-5.031,-0.593,10.029,356.428,3.79,943.174,7.117,3.095,13.785,1.933,16.669,592.48,6.3,1567.604,11.831,5.144
Greece,2019,GRC,10574026.0,,15.404,0.301,213.434,2.257,37.829,0.4,0.823,0.712,445.245,-32.131,-17.6,3515.723,37.175,1146.205,12.12,-27.775,-13.809,3395.817,35.907,24.949,11.732,58.52,48.58,15.331,-2.218,-7.186,29966.309,,-2.595,-7.245,3071.678,32.48,25719.078,271.954,66.859,85.827,9.784,5.132,57.583,1371.285,14.5,5445.703,0.0,,,,29.848,18.173,21.63,-30.362,-4.653,10.543,378.285,4.0,997.05,8.234,3.327,1.377,0.059,44.91,1522.599,16.1,4247.234,33.141,14.173,9.94,16.986,,0.0,0.0,0.0,0.0,0.0,0.0,0.0,3.037,5.223,177.196,554.188,5.86,16757.652,0.0,,,,12.063,55.922,1.283,0.4,0.0,28.006,0.281,37.829,0.0,121.368,0.823,0.0,0.405,4594.277,316.865,1.377,0.059,44.91,1522.599,16.1,4247.234,33.141,14.173,16.827,1.644,11.673,418.951,4.43,1103.972,9.119,3.684,15.334,2.485,19.154,687.534,7.27,1811.409,14.965,6.045
Greece,2020,GRC,10512232.0,,5.876,0.133,227.304,2.389,42.807,0.45,0.934,0.863,387.666,-42.718,-15.88,2025.722,21.295,628.791,6.61,-47.196,-16.947,1803.675,18.961,13.725,7.69,57.02,48.16,17.391,-12.603,-39.935,26343.523,,-16.096,-43.773,2911.846,30.61,21706.209,228.181,63.559,82.397,10.148,5.844,63.427,1829.297,19.23,6033.6,0.0,,,,39.929,22.904,18.67,-16.399,-1.761,8.781,317.725,3.34,835.359,6.935,3.171,8.665,3.838,48.749,1669.484,17.55,4637.316,36.441,17.603,8.86,15.538,,0.0,0.0,0.0,0.0,0.0,0.0,0.0,-19.039,-33.737,143.459,453.757,4.77,13646.887,0.0,,,,9.904,51.804,1.448,0.45,0.0,12.817,0.164,42.807,0.0,137.729,0.934,0.0,0.523,4581.33,276.929,8.665,3.838,48.749,1669.484,17.55,4637.316,36.441,17.603,0.414,0.005,11.679,423.316,4.45,1110.965,9.24,4.217,28.126,5.297,24.451,885.635,9.31,2325.959,19.331,8.829
Greece,2021,GRC,10445368.0,,8.261,0.197,247.657,2.587,47.868,0.5,0.915,0.855,353.339,-6.496,-1.383,1906.257,19.912,509.317,5.32,-11.726,-2.223,1602.361,16.737,9.735,6.582,58.33,54.65,18.065,9.238,25.583,28961.367,,5.931,13.533,3113.342,32.52,23140.748,241.714,59.506,79.902,10.053,6.377,69.803,2153.107,22.49,6682.685,0.0,,,,41.153,23.074,19.31,76.555,6.666,15.447,564.844,5.9,1478.875,10.796,5.106,23.967,12.05,60.799,2118.642,22.13,5820.62,40.494,20.098,3.68,6.309,,0.0,0.0,0.0,0.0,0.0,0.0,0.0,5.953,8.54,151.999,450.918,4.71,14551.806,0.0,,,,8.618,50.246,1.594,0.5,0.0,10.065,0.146,47.868,0.0,152.562,0.915,0.0,0.527,5231.984,302.512,23.967,12.05,60.799,2118.642,22.13,5820.62,40.494,20.098,18.083,2.061,13.74,502.615,5.25,1315.426,9.607,4.542,12.598,2.98,27.431,1003.316,10.48,2626.099,19.177,9.068
Greece,2022,GRC,10384972.0,,-10.074,-0.261,224.004,2.326,48.146,0.5,0.953,0.737,343.822,0.51,0.102,1927.131,20.013,525.76,5.46,13.294,2.225,1825.93,18.962,10.412,6.337,55.89,52.44,16.605,4.396,13.298,30410.344,,4.665,11.277,2862.791,29.73,24361.199,252.99,56.693,80.108,-11.226,-7.836,61.967,1883.491,19.56,5966.988,0.0,,,,37.3,19.622,18.03,-22.921,-3.584,11.863,455.466,4.73,1142.348,9.02,3.756,2.8,2.022,62.82,2186.814,22.71,6049.146,43.307,19.892,3.45,6.173,,0.0,0.0,0.0,0.0,0.0,0.0,0.0,12.507,19.011,171.01,453.54,4.71,16467.082,0.0,,,,8.982,54.15,1.617,0.5,0.0,1.476,0.024,48.146,0.0,155.715,0.953,0.0,0.512,5049.604,315.811,2.8,2.022,62.82,2186.814,22.71,6049.146,43.307,19.892,36.226,4.909,18.649,637.46,6.62,1795.8,12.624,5.905,3.782,0.934,28.364,1045.742,10.86,2731.278,20.709,8.981
Greenland,1900,GRL,12762.0,,,,,,,,,,,,,,,,,,,0.0,0.0,,,,,,,,,,,,,,,,,,,,,,,,,,,,,,,,,,,,,,,,,,,,,,,,,,,,,,,,,,,,,,,,,,,,,,,,,,,,,,,,,,,,,,,,,,,,,,,,,,,,,,,,,
Greenland,1901,GRL,,,,,,,,,,,,,,,,,,,0.0,0.0,0.0,,,,,,,,,,,,,,,,,,,,,,,,,,,,,,,,,,,,,,,,,,,,,,,,,,,,,,,,,,,,,,,,,,,,,,,,,,,,,,,,,,,,,,,,,,,,,,,,,,,,,,,,,
Greenland,1902,GRL,,,,,,,,,,,,,,,,,,,0.0,0.0,0.0,,,,,,,,,,,,,,,,,,,,,,,,,,,,,,,,,,,,,,,,,,,,,,,,,,,,,,,,,,,,,,,,,,,,,,,,,,,,,,,,,,,,,,,,,,,,,,,,,,,,,,,,,
Greenland,1903,GRL,,,,,,,,,,,,,,,,,,,0.0,0.0,0.0,,,,,,,,,,,,,,,,,,,,,,,,,,,,,,,,,,,,,,,,,,,,,,,,,,,,,,,,,,,,,,,,,,,,,,,,,,,,,,,,,,,,,,,,,,,,,,,,,,,,,,,,,
Greenland,1904,GRL,,,,,,,,,,,,,,,,,,,0.0,0.0,0.0,,,,,,,,,,,,,,,,,,,,,,,,,,,,,,,,,,,,,,,,,,,,,,,,,,,,,,,,,,,,,,,,,,,,,,,,,,,,,,,,,,,,,,,,,,,,,,,,,,,,,,,,,
Greenland,1905,GRL,,,,,,,,,,,,,,,,,,,0.0,0.0,0.0,,,,,,,,,,,,,,,,,,,,,,,,,,,,,,,,,,,,,,,,,,,,,,,,,,,,,,,,,,,,,,,,,,,,,,,,,,,,,,,,,,,,,,,,,,,,,,,,,,,,,,,,,
Greenland,1906,GRL,,,,,,,,,,,,,,,,,,,0.0,0.0,0.0,,,,,,,,,,,,,,,,,,,,,,,,,,,,,,,,,,,,,,,,,,,,,,,,,,,,,,,,,,,,,,,,,,,,,,,,,,,,,,,,,,,,,,,,,,,,,,,,,,,,,,,,,
Greenland,1907,GRL,,,,,,,,,,,,,,,,,,,0.0,0.0,0.0,,,,,,,,,,,,,,,,,,,,,,,,,,,,,,,,,,,,,,,,,,,,,,,,,,,,,,,,,,,,,,,,,,,,,,,,,,,,,,,,,,,,,,,,,,,,,,,,,,,,,,,,,
Greenland,1908,GRL,,,,,,,,,,,,,,,,,,,0.0,0.0,0.0,,,,,,,,,,,,,,,,,,,,,,,,,,,,,,,,,,,,,,,,,,,,,,,,,,,,,,,,,,,,,,,,,,,,,,,,,,,,,,,,,,,,,,,,,,,,,,,,,,,,,,,,,
Greenland,1909,GRL,,,,,,,,,,,,,,,,,,,0.0,0.0,0.0,,,,,,,,,,,,,,,,,,,,,,,,,,,,,,,,,,,,,,,,,,,,,,,,,,,,,,,,,,,,,,,,,,,,,,,,,,,,,,,,,,,,,,,,,,,,,,,,,,,,,,,,,
Greenland,1910,GRL,14357.0,,,,,,,,,,,,,,,,,,0.0,0.0,0.0,,,,,,,,,,,,,,,,,,,,,,,,,,,,,,,,,,,,,,,,,,,,,,,,,,,,,,,,,,,,,,,,,,,,,,,,,,,,,,,,,,,,,,,,,,,,,,,,,,,,,,,,,
Greenland,1911,GRL,,,,,,,,,,,,,,,,,,,0.0,0.0,0.0,,,,,,,,,,,,,,,,,,,,,,,,,,,,,,,,,,,,,,,,,,,,,,,,,,,,,,,,,,,,,,,,,,,,,,,,,,,,,,,,,,,,,,,,,,,,,,,,,,,,,,,,,
Greenland,1912,GRL,,,,,,,,,,,,,,,,,,,0.0,0.0,0.0,,,,,,,,,,,,,,,,,,,,,,,,,,,,,,,,,,,,,,,,,,,,,,,,,,,,,,,,,,,,,,,,,,,,,,,,,,,,,,,,,,,,,,,,,,,,,,,,,,,,,,,,,
Greenland,1913,GRL,,,,,,,,,,,,,,,,,,,0.0,0.0,0.0,,,,,,,,,,,,,,,,,,,,,,,,,,,,,,,,,,,,,,,,,,,,,,,,,,,,,,,,,,,,,,,,,,,,,,,,,,,,,,,,,,,,,,,,,,,,,,,,,,,,,,,,,
Greenland,1914,GRL,,,,,,,,,,,,,,,,,,,0.0,0.0,0.0,,,,,,,,,,,,,,,,,,,,,,,,,,,,,,,,,,,,,,,,,,,,,,,,,,,,,,,,,,,,,,,,,,,,,,,,,,,,,,,,,,,,,,,,,,,,,,,,,,,,,,,,,
Greenland,1915,GRL,,,,,,,,,,,,,,,,,,,0.0,0.0,0.0,,,,,,,,,,,,,,,,,,,,,,,,,,,,,,,,,,,,,,,,,,,,,,,,,,,,,,,,,,,,,,,,,,,,,,,,,,,,,,,,,,,,,,,,,,,,,,,,,,,,,,,,,
Greenland,1916,GRL,,,,,,,,,,,,,,,,,,,0.0,0.0,0.0,,,,,,,,,,,,,,,,,,,,,,,,,,,,,,,,,,,,,,,,,,,,,,,,,,,,,,,,,,,,,,,,,,,,,,,,,,,,,,,,,,,,,,,,,,,,,,,,,,,,,,,,,
Greenland,1917,GRL,,,,,,,,,,,,,,,,,,,0.0,0.0,0.0,,,,,,,,,,,,,,,,,,,,,,,,,,,,,,,,,,,,,,,,,,,,,,,,,,,,,,,,,,,,,,,,,,,,,,,,,,,,,,,,,,,,,,,,,,,,,,,,,,,,,,,,,
Greenland,1918,GRL,,,,,,,,,,,,,,,,,,,0.0,0.0,0.0,,,,,,,,,,,,,,,,,,,,,,,,,,,,,,,,,,,,,,,,,,,,,,,,,,,,,,,,,,,,,,,,,,,,,,,,,,,,,,,,,,,,,,,,,,,,,,,,,,,,,,,,,
Greenland,1919,GRL,,,,,,,,,,,,,,,,,,,0.0,0.0,0.0,,,,,,,,,,,,,,,,,,,,,,,,,,,,,,,,,,,,,,,,,,,,,,,,,,,,,,,,,,,,,,,,,,,,,,,,,,,,,,,,,,,,,,,,,,,,,,,,,,,,,,,,,
Greenland,1920,GRL,16152.0,,,,,,,,,,,,,,,,,,0.0,0.0,0.0,,,,,,,,,,,,,,,,,,,,,,,,,,,,,,,,,,,,,,,,,,,,,,,,,,,,,,,,,,,,,,,,,,,,,,,,,,,,,,,,,,,,,,,,,,,,,,,,,,,,,,,,,
Greenland,1921,GRL,,,,,,,,,,,,,,,,,,,0.0,0.0,0.0,,,,,,,,,,,,,,,,,,,,,,,,,,,,,,,,,,,,,,,,,,,,,,,,,,,,,,,,,,,,,,,,,,,,,,,,,,,,,,,,,,,,,,,,,,,,,,,,,,,,,,,,,
Greenland,1922,GRL,,,,,,,,,,,,,,,,,,,0.0,0.0,0.0,,,,,,,,,,,,,,,,,,,,,,,,,,,,,,,,,,,,,,,,,,,,,,,,,,,,,,,,,,,,,,,,,,,,,,,,,,,,,,,,,,,,,,,,,,,,,,,,,,,,,,,,,
Greenland,1923,GRL,,,,,,,,,,,,,,,,,,,0.0,0.0,0.0,,,,,,,,,,,,,,,,,,,,,,,,,,,,,,,,,,,,,,,,,,,,,,,,,,,,,,,,,,,,,,,,,,,,,,,,,,,,,,,,,,,,,,,,,,,,,,,,,,,,,,,,,
Greenland,1924,GRL,,,,,,,,,,,,,,,,,,,0.0,0.0,0.0,,,,,,,,,,,,,,,,,,,,,,,,,,,,,,,,,,,,,,,,,,,,,,,,,,,,,,,,,,,,,,,,,,,,,,,,,,,,,,,,,,,,,,,,,,,,,,,,,,,,,,,,,
Greenland,1925,GRL,,,,,,,,,,,,,,,,,,,0.0,0.0,0.0,,,,,,,,,,,,,,,,,,,,,,,,,,,,,,,,,,,,,,,,,,,,,,,,,,,,,,,,,,,,,,,,,,,,,,,,,,,,,,,,,,,,,,,,,,,,,,,,,,,,,,,,,
Greenland,1926,GRL,,,,,,,,,,,,,,,,,,,0.0,0.0,0.0,,,,,,,,,,,,,,,,,,,,,,,,,,,,,,,,,,,,,,,,,,,,,,,,,,,,,,,,,,,,,,,,,,,,,,,,,,,,,,,,,,,,,,,,,,,,,,,,,,,,,,,,,
Greenland,1927,GRL,,,,,,,,,,,,,,,,,,,0.0,0.0,0.0,,,,,,,,,,,,,,,,,,,,,,,,,,,,,,,,,,,,,,,,,,,,,,,,,,,,,,,,,,,,,,,,,,,,,,,,,,,,,,,,,,,,,,,,,,,,,,,,,,,,,,,,,
Greenland,1928,GRL,,,,,,,,,,,,,,,,,,,0.0,0.0,0.0,,,,,,,,,,,,,,,,,,,,,,,,,,,,,,,,,,,,,,,,,,,,,,,,,,,,,,,,,,,,,,,,,,,,,,,,,,,,,,,,,,,,,,,,,,,,,,,,,,,,,,,,,
Greenland,1929,GRL,,,,,,,,,,,,,,,,,,,0.0,0.0,0.0,,,,,,,,,,,,,,,,,,,,,,,,,,,,,,,,,,,,,,,,,,,,,,,,,,,,,,,,,,,,,,,,,,,,,,,,,,,,,,,,,,,,,,,,,,,,,,,,,,,,,,,,,
Greenland,1930,GRL,18171.0,,,,,,,,,,,,,,,,,,0.0,0.0,0.0,,,,,,,,,,,,,,,,,,,,,,,,,,,,,,,,,,,,,,,,,,,,,,,,,,,,,,,,,,,,,,,,,,,,,,,,,,,,,,,,,,,,,,,,,,,,,,,,,,,,,,,,,
Greenland,1931,GRL,,,,,,,,,,,,,,,,,,,0.0,0.0,0.0,,,,,,,,,,,,,,,,,,,,,,,,,,,,,,,,,,,,,,,,,,,,,,,,,,,,,,,,,,,,,,,,,,,,,,,,,,,,,,,,,,,,,,,,,,,,,,,,,,,,,,,,,
Greenland,1932,GRL,,,,,,,,,,,,,,,,,,,0.0,0.0,0.0,,,,,,,,,,,,,,,,,,,,,,,,,,,,,,,,,,,,,,,,,,,,,,,,,,,,,,,,,,,,,,,,,,,,,,,,,,,,,,,,,,,,,,,,,,,,,,,,,,,,,,,,,
Greenland,1933,GRL,,,,,,,,,,,,,,,,,,,0.0,0.0,0.0,,,,,,,,,,,,,,,,,,,,,,,,,,,,,,,,,,,,,,,,,,,,,,,,,,,,,,,,,,,,,,,,,,,,,,,,,,,,,,,,,,,,,,,,,,,,,,,,,,,,,,,,,
Greenland,1934,GRL,,,,,,,,,,,,,,,,,,,0.0,0.0,0.0,,,,,,,,,,,,,,,,,,,,,,,,,,,,,,,,,,,,,,,,,,,,,,,,,,,,,,,,,,,,,,,,,,,,,,,,,,,,,,,,,,,,,,,,,,,,,,,,,,,,,,,,,
Greenland,1935,GRL,,,,,,,,,,,,,,,,,,,0.0,0.0,0.0,,,,,,,,,,,,,,,,,,,,,,,,,,,,,,,,,,,,,,,,,,,,,,,,,,,,,,,,,,,,,,,,,,,,,,,,,,,,,,,,,,,,,,,,,,,,,,,,,,,,,,,,,
Greenland,1936,GRL,,,,,,,,,,,,,,,,,,,0.0,0.0,0.0,,,,,,,,,,,,,,,,,,,,,,,,,,,,,,,,,,,,,,,,,,,,,,,,,,,,,,,,,,,,,,,,,,,,,,,,,,,,,,,,,,,,,,,,,,,,,,,,,,,,,,,,,
Greenland,1937,GRL,,,,,,,,,,,,,,,,,,,0.0,0.0,0.0,,,,,,,,,,,,,,,,,,,,,,,,,,,,,,,,,,,,,,,,,,,,,,,,,,,,,,,,,,,,,,,,,,,,,,,,,,,,,,,,,,,,,,,,,,,,,,,,,,,,,,,,,
Greenland,1938,GRL,,,,,,,,,,,,,,,,,,,0.0,0.0,0.0,,,,,,,,,,,,,,,,,,,,,,,,,,,,,,,,,,,,,,,,,,,,,,,,,,,,,,,,,,,,,,,,,,,,,,,,,,,,,,,,,,,,,,,,,,,,,,,,,,,,,,,,,
Greenland,1939,GRL,,,,,,,,,,,,,,,,,,,0.0,0.0,0.0,,,,,,,,,,,,,,,,,,,,,,,,,,,,,,,,,,,,,,,,,,,,,,,,,,,,,,,,,,,,,,,,,,,,,,,,,,,,,,,,,,,,,,,,,,,,,,,,,,,,,,,,,
Greenland,1940,GRL,20442.0,,,,,,,,,,,,,,,,,,0.0,0.0,0.0,,,,,,,,,,,,,,,,,,,,,,,,,,,,,,,,,,,,,,,,,,,,,,,,,,,,,,,,,,,,,,,,,,,,,,,,,,,,,,,,,,,,,,,,,,,,,,,,,,,,,,,,,
Greenland,1941,GRL,,,,,,,,,,,,,,,,,,,0.0,0.0,0.0,,,,,,,,,,,,,,,,,,,,,,,,,,,,,,,,,,,,,,,,,,,,,,,,,,,,,,,,,,,,,,,,,,,,,,,,,,,,,,,,,,,,,,,,,,,,,,,,,,,,,,,,,
Greenland,1942,GRL,,,,,,,,,,,,,,,,,,,0.0,0.0,0.0,,,,,,,,,,,,,,,,,,,,,,,,,,,,,,,,,,,,,,,,,,,,,,,,,,,,,,,,,,,,,,,,,,,,,,,,,,,,,,,,,,,,,,,,,,,,,,,,,,,,,,,,,
Greenland,1943,GRL,,,,,,,,,,,,,,,,,,,0.0,0.0,0.0,,,,,,,,,,,,,,,,,,,,,,,,,,,,,,,,,,,,,,,,,,,,,,,,,,,,,,,,,,,,,,,,,,,,,,,,,,,,,,,,,,,,,,,,,,,,,,,,,,,,,,,,,
Greenland,1944,GRL,,,,,,,,,,,,,,,,,,,0.0,0.0,0.0,,,,,,,,,,,,,,,,,,,,,,,,,,,,,,,,,,,,,,,,,,,,,,,,,,,,,,,,,,,,,,,,,,,,,,,,,,,,,,,,,,,,,,,,,,,,,,,,,,,,,,,,,
Greenland,1945,GRL,,,,,,,,,,,,,,,,,,,0.0,0.0,0.0,,,,,,,,,,,,,,,,,,,,,,,,,,,,,,,,,,,,,,,,,,,,,,,,,,,,,,,,,,,,,,,,,,,,,,,,,,,,,,,,,,,,,,,,,,,,,,,,,,,,,,,,,
Greenland,1946,GRL,,,,,,,,,,,,,,,,,,,0.0,0.0,0.0,,,,,,,,,,,,,,,,,,,,,,,,,,,,,,,,,,,,,,,,,,,,,,,,,,,,,,,,,,,,,,,,,,,,,,,,,,,,,,,,,,,,,,,,,,,,,,,,,,,,,,,,,
Greenland,1947,GRL,,,,,,,,,,,,,,,,,,,0.0,0.0,0.0,,,,,,,,,,,,,,,,,,,,,,,,,,,,,,,,,,,,,,,,,,,,,,,,,,,,,,,,,,,,,,,,,,,,,,,,,,,,,,,,,,,,,,,,,,,,,,,,,,,,,,,,,
Greenland,1948,GRL,,,,,,,,,,,,,,,,,,,0.0,0.0,0.0,,,,,,,,,,,,,,,,,,,,,,,,,,,,,,,,,,,,,,,,,,,,,,,,,,,,,,,,,,,,,,,,,,,,,,,,,,,,,,,,,,,,,,,,,,,,,,,,,,,,,,,,,
Greenland,1949,GRL,,,,,,,,,,,,,,,,,,,0.0,0.0,0.0,,,,,,,,,,,,,,,,,,,,,,,,,,,,,,,,,,,,,,,,,,,,,,,,,,,,,,,,,,,,,,,,,,,,,,,,,,,,,,,,,,,,,,,,,,,,,,,,,,,,,,,,,
Greenland,1950,GRL,23142.0,,,,,,,,,,,,,,,,,,0.0,0.0,0.0,,,,,,,,,,,,,,,,,,,,,,,,,,,,,,,,,,,,,,,,,,,,,,,,,,,,,,,,,,,,,,,,,,,,,,,,,,,,,,,,,,,,,,,,,,,,,,,,,,,,,,,,,
Greenland,1951,GRL,23622.0,,,,,,,,,,,,,,,,,,0.041,1723.182,0.041,,,,,,,,,,,,,,,,,,,,,,,,,,,,,,,,,,,,,,,,,,,,,,,,,,,,,,,,,,,,,,,,,,,,,,,,,,,,,,,,,,,,,,,,,,,,,,,,,,,,,,,,,
Greenland,1952,GRL,24248.0,,,,,,,,,,,,,,,,,20.0,0.008,2014.434,0.049,,,,,,,,,,,,,,,,,,,,,,,,,,,,,,,,,,,,,,,,,,,,,,,,,,,,,,,,,,,,,,,,,,,,,,,,,,,,,,,,,,,,,,,,,,,,,,,,,,,,,,,,,
Greenland,1953,GRL,24887.0,,,,,,,,,,,,,,,,,0.0,0.0,1962.711,0.049,,,,,,,,,,,,,,,,,,,,,,,,,,,,,,,,,,,,,,,,,,,,,,,,,,,,,,,,,,,,,,,,,,,,,,,,,,,,,,,,,,,,,,,,,,,,,,,,,,,,,,,,,
Greenland,1954,GRL,25579.0,,,,,,,,,,,,,,,,,116.667,0.057,4137.496,0.106,,,,,,,,,,,,,,,,,,,,,,,,,,,,,,,,,,,,,,,,,,,,,,,,,,,,,,,,,,,,,,,,,,,,,,,,,,,,,,,,,,,,,,,,,,,,,,,,,,,,,,,,,
Greenland,1955,GRL,26322.0,,,,,,,,,,,,,,,,,23.077,0.024,4948.56,0.13,,,,,,,,,,,,,,,,,,,,,,,,,,,,,,,,,,,,,,,,,,,,,,,,,,,,,,,,,,,,,,,,,,,,,,,,,,,,,,,,,,,,,,,,,,,,,,,,,,,,,,,,,
Greenland,1956,GRL,27230.0,,,,,,,,,,,,,,,,,0.0,0.0,4783.547,0.13,,,,,,,,,,,,,,,,,,,,,,,,,,,,,,,,,,,,,,,,,,,,,,,,,,,,,,,,,,,,,,,,,,,,,,,,,,,,,,,,,,,,,,,,,,,,,,,,,,,,,,,,,
Greenland,1957,GRL,28331.0,,,,,,,,,,,,,,,,,6.25,0.008,4885.002,0.138,,,,,,,,,,,,,,,,,,,,,,,,,,,,,,,,,,,,,,,,,,,,,,,,,,,,,,,,,,,,,,,,,,,,,,,,,,,,,,,,,,,,,,,,,,,,,,,,,,,,,,,,,
Greenland,1958,GRL,29512.0,,,,,,,,,,,,,,,,,88.235,0.122,8827.324,0.261,,,,,,,,,,,,,,,,,,,,,,,,,,,,,,,,,,,,,,,,,,,,,,,,,,,,,,,,,,,,,,,,,,,,,,,,,,,,,,,,,,,,,,,,,,,,,,,,,,,,,,,,,
Greenland,1959,GRL,30788.0,,,,,,,,,,,,,,,,,-15.625,-0.041,7139.373,0.22,,,,,,,,,,,,,,,,,,,,,,,,,,,,,,,,,,,,,,,,,,,,,,,,,,,,,,,,,,,,,,,,,,,,,,,,,,,,,,,,,,,,,,,,,,,,,,,,,,,,,,,,,
Greenland,1960,GRL,32145.0,,,,,,,,,,,,,,,,,3.704,0.008,7091.243,0.228,,,,,,,,,,,,,,,,,,,,,,,,,,,,,,,,,,,,,,,,,,,,,,,,,,,,,,,,,,,,,,,,,,,,,,,,,,,,,,,,,,,,,,,,,,,,,,,,,,,,,,,,,
Greenland,1961,GRL,33458.0,,,,,,,,,,,,,,,,,7.143,0.016,7299.6,0.244,,,,,,,,,,,,,,,,,,,,,,,,,,,,,,,,,,,,,,,,,,,,,,,,,,,,,,,,,,,,,,,,,,,,,,,,,,,,,,,,,,,,,,,,,,,,,,,,,,,,,,,,,
Greenland,1962,GRL,34693.0,,,,,,,,,,,,,,,,,-13.333,-0.033,6101.116,0.212,,,,,,,,,,,,,,,,,,,,,,,,,,,,,,,,,,,,,,,,,,,,,,,,,,,,,,,,,,,,,,,,,,,,,,,,,,,,,,,,,,,,,,,,,,,,,,,,,,,,,,,,,
Greenland,1963,GRL,35940.0,,,,,,,,,,,,,,,,,50.0,0.106,8834.141,0.317,,,,,,,,,,,,,,,,,,,,,,,,,,,,,,,,,,,,,,,,,,,,,,,,,,,,,,,,,,,,,,,,,,,,,,,,,,,,,,,,,,,,,,,,,,,,,,,,,,,,,,,,,
Greenland,1964,GRL,37227.0,,,,,,,,,,,,,,,,,-12.821,-0.041,7435.302,0.277,,,,,,,,,,,,,,,,,,,,,,,,,,,,,,,,,,,,,,,,,,,,,,,,,,,,,,,,,,,,,,,,,,,,,,,,,,,,,,,,,,,,,,,,,,,,,,,,,,,,,,,,,
Greenland,1965,GRL,38555.0,,,,,,,,,,,,,,,,,-41.176,-0.114,4223.058,0.163,,,,,,,,,,,,,,,,,,,,,,,,,,,,,,,,,,,,,,,,,,,,,,,,,,,,,,,,,,,,,,,,,,,,,,,,,,,,,,,,,,,,,,,,,,,,,,,,,,,,,,,,,
Greenland,1966,GRL,39964.0,,,,,,,,,,,,,,,,,70.0,0.114,6926.083,0.277,,,,,,,,,,,,,,,,,,,,,,,,,,,,,,,,,,,,,,,,,,,,,,,,,,,,,,,,,,,,,,,,,,,,,,,,,,,,,,,,,,,,,,,,,,,,,,,,,,,,,,,,,
Greenland,1967,GRL,41389.0,,,,,,,,,,,,,,,,,-5.882,-0.016,6294.232,0.261,,,,,,,,,,,,,,,,,,,,,,,,,,,,,,,,,,,,,,,,,,,,,,,,,,,,,,,,,,,,,,,,,,,,,,,,,,,,,,,,,,,,,,,,,,,,,,,,,,,,,,,,,
Greenland,1968,GRL,42765.0,,,,,,,,,,,,,,,,,-100.0,-0.261,0.0,0.0,,,,,,,,,,,,,,,,,,,,,,,,,,,,,,,,,,,,,,,,,,,,,,,,,,,,,,,,,,,,,,,,,,,,,,,,,,,,,,,,,,,,,,,,,,,,,,,,,,,,,,,,,
Greenland,1969,GRL,44125.0,,,,,,,,,,,,,,,,,,0.0,0.0,0.0,,,,,,,,,,,,,,,,,,,,,,,,,,,,,,,,,,,,,,,,,,,,,,,,,,,,,,,,,,,,,,,,,,,,,,,,,,,,,,,,,,,,,,,,,,,,,,,,,,,,,,,,,
Greenland,1970,GRL,45457.0,,,,,,,,,,,,,,,,,,0.147,3223.662,0.147,,,,,,,,,,,,,,,,,,,,,,,,,,,,,,,,,,,,,,,,,,,,,,,,,,,,,,,,,,,,,,,,,,,,,,,,,,,,,,,,,,,,,,,,,,,,,,,,,,,,,,,,,
Greenland,1971,GRL,46503.0,,,,,,,,,,,,,,,,,-100.0,-0.147,0.0,0.0,,,,,,,,,,,,,,,,,,,,,,,,,,,,,,,,,,,,,,,,,,,,,,,,,,,,,,,,,,,,,,,,,,,,,,,,,,,,,,,,,,,,,,,,,,,,,,,,,,,,,,,,,
Greenland,1972,GRL,47262.0,,,,,,,,,,,,,,,,,,0.0,0.0,0.0,,,,,,,,,,,,,,,,,,,,,,,,,,,,,,,,,,,,,,,,,,,,,,,,,,,,,,,,,,,,,,,,,,,,,,,,,,,,,,,,,,,,,,,,,,,,,,,,,,,,,,,,,
Greenland,1973,GRL,47987.0,,,,,,,,,,,,,,,,,,0.0,0.0,0.0,,,,,,,,,,,,,,,,,,,,,,,,,,,,,,,,,,,,,,,,,,,,,,,,,,,,,,,,,,,,,,,,,,,,,,,,,,,,,,,,,,,,,,,,,,,,,,,,,,,,,,,,,
Greenland,1974,GRL,48628.0,,,,,,,,,,,,,,,,,,0.0,0.0,0.0,,,,,,,,,,,,,,,,,,,,,,,,,,,,,,,,,,,,,,,,,,,,,,,,,,,,,,,,,,,,,,,,,,,,,,,,,,,,,,,,,,,,,,,,,,,,,,,,,,,,,,,,,
Greenland,1975,GRL,49172.0,,,,,,,,,,,,,,,,,,0.0,0.0,0.0,,,,,,,,,,,,,,,,,,,,,,,,,,,,,,,,,,,,,,,,,,,,,,,,,,,,,,,,,,,,,,,,,,,,,,,,,,,,,,,,,,,,,,,,,,,,,,,,,,,,,,,,,
Greenland,1976,GRL,49589.0,,,,,,,,,,,,,,,,,,0.0,0.0,0.0,,,,,,,,,,,,,,,,,,,,,,,,,,,,,,,,,,,,,,,,,,,,,,,,,,,,,,,,,,,,,,,,,,,,,,,,,,,,,,,,,,,,,,,,,,,,,,,,,,,,,,,,,
Greenland,1977,GRL,49762.0,,,,,,,,,,,,,,,,,,0.0,0.0,0.0,,,,,,,,,,,,,,,,,,,,,,,,,,,,,,,,,,,,,,,,,,,,,,,,,,,,,,,,,,,,,,,,,,,,,,,,,,,,,,,,,,,,,,,,,,,,,,,,,,,,,,,,,
Greenland,1978,GRL,49756.0,,,,,,,,,,,,,,,,,,0.0,0.0,0.0,,,,,,,,,,,,,,,,,,,,,,,,,,,,,,,,,,,,,,,,,,,,,,,,,,,,,,,,,,,,,,,,,,,,,,,,,,,,,,,,,,,,,,,,,,,,,,,,,,,,,,,,,
Greenland,1979,GRL,49780.0,,,,,,,,,,,,,,,,,,0.0,0.0,0.0,,,,,,,,,,,,,,,,,,,,,,,,,,,,,,,,,,,,,,,,,,,,,,,,,,,,,,,,,,,,,,,,,,,,,,,,,,,,,,,,,,,,,,,,,,,,,,,,,,,,,,,,,
Greenland,1980,GRL,50127.0,,,,,,,,,,,,,,,,,,0.0,0.0,0.0,,,,,,,,45703.09,,,,,,,,,,,,,,,,,,0.0,0.0,,,,,,,,,,,,,,,,,,,,,,,,,,,,,,,,,,,,,,0.0,0.0,,,,,,,,,,,,,,,2.291,,,,,,,,,,,,,,,,,,,,,,,,
Greenland,1981,GRL,50739.0,,,,,,,,,,,,,,,,,,0.0,0.0,0.0,,,,,,-5.664,-0.13,42594.496,,,,,,,,,,,,,,,,,0.0,0.0,0.0,,,,,,,,,,,,,,,,,,,,,,,,,,,,,,,,,,,,,0.0,0.0,0.0,,,,,,,,,,,,,,,2.161,,,,,,,,,,,,,,,,,,,,,,,,
Greenland,1982,GRL,51363.0,,,,,,,,,,,,,,,,,,0.0,0.0,0.0,,,,,,-2.857,-0.062,40874.824,,,,,,,,,,,,,,,,,0.0,0.0,0.0,,,,,,,,,,,,,,,,,,,,,,,,,,,,,,,,,,,,,0.0,0.0,0.0,,,,,,,,,,,,,,,2.099,,,,,,,,,,,,,,,,,,,,,,,,
Greenland,1983,GRL,52002.0,,,,,,,,,,,,,,,,,,0.0,0.0,0.0,,,,,,-29.412,-0.617,28498.273,,,,,,,,,,,,,,,,,0.0,0.0,0.0,,,,,,,,,,,,,,,,,,,,,,,,,,,,,,,,,,,,,0.0,0.0,0.0,,,,,,,,,,,,,,,1.482,,,,,,,,,,,,,,,,,,,,,,,,
Greenland,1984,GRL,52656.0,,,,,,,,,,,,,,,,,,0.0,0.0,0.0,,,,,,58.767,0.871,44683.93,,,,,,,,,,,,,,,,,0.0,0.0,0.0,,,,,,,,,,,,,,,,,,,,,,,,,,,,,,,,,,,,,0.0,0.0,0.0,,,,,,,,,,,,,,,2.353,,,,,,,,,,,,,,,,,,,,,,,,
Greenland,1985,GRL,53239.0,,,,,,,,,,,,,,,,,,0.0,0.0,0.0,,,,,,-10.771,-0.253,39434.508,,,,,,,,,,,,,,,,,0.0,0.0,0.0,,,,,,,,,,,,,,,,,,,,,,,,,,,,,,,,,,,,,0.0,0.0,0.0,,,,,,,,,,,,,,,2.099,,,,,,,,,,,,,,,,,,,,,,,,
Greenland,1986,GRL,53744.0,,,,,,,,,,,,,,,,,,0.0,0.0,0.0,,,,,,-33.527,-0.704,25966.99,,,,,,,,,,,,,,,,,0.0,0.0,0.0,,,,,,,,,,,,,,,,,,,,,,,,,,,,,,,,,,,,,0.0,0.0,0.0,,,,,,,,,,,,,,,1.396,,,,,,,,,,,,,,,,,,,,,,,,
Greenland,1987,GRL,54270.0,,,,,,,,,,,,,,,,,,0.0,0.0,0.0,,,,,,-30.816,-0.43,17790.945,,,,,,,,,,,,,,,,,0.0,0.0,0.0,,,,,,,,,,,,,,,,,,,,,,,,,,,,,,,,,,,,,0.0,0.0,0.0,,,,,,,,,,,,,,,0.966,,,,,,,,,,,,,,,,,,,,,,,,
Greenland,1988,GRL,54797.0,,,,,,,,,,,,,,,,,,0.0,0.0,0.0,,,,,,133.995,1.294,41229.547,,,,,,,,,,,,,,,,,0.0,0.0,0.0,,,,,,,,,,,,,,,,,,,,,,,,,,,,,,,,,,,,,0.0,0.0,0.0,,,,,,,,,,,,,,,2.259,,,,,,,,,,,,,,,,,,,,,,,,
Greenland,1989,GRL,55321.0,,,,,,,,,,,,,,,,,,0.0,0.0,0.0,,,,,,-11.832,-0.267,36006.969,,,,,,,,,,,,,,,,,0.0,0.0,0.0,,,,,,,,,,,,,,,,,,,,,,,,,,,,,,,,,,,,,0.0,0.0,0.0,,,,,,,,,,,,,,,1.992,,,,,,,,,,,,,,,,,,,,,,,,
Greenland,1990,GRL,55616.0,,,,,,,,,,,,,,,,,,0.0,0.0,0.0,,,,,,14.226,0.283,40911.164,,,,,,,,,,,,,,,,,0.0,0.0,0.0,,,,,,,,,,,,,,,,,,,,,,,,,,,,,,,,,,,,,0.0,0.0,0.0,,,,,,,,,,,,,,,2.275,,,,,,,,,,,,,,,,,,,,,,,,
Greenland,1991,GRL,55675.0,,,,,,,,,,,,,,,,,,0.0,0.0,0.0,,,,,,-1.231,-0.028,40364.66,,,,,,,,,,,,,,,,,0.0,0.0,0.0,,,,,,,,,,,,,,,,,,,,,,,,,,,,,,,,,,,,,0.0,0.0,0.0,,,,,,,,,,,,,,,2.247,,,,,,,,,,,,,,,,,,,,,,,,
Greenland,1992,GRL,55704.0,,,,,,,,,,,,,,,,,,0.0,0.0,0.0,,,,,,-11.122,-0.25,35856.719,,,,,,,,,,,,,,,,,0.0,0.0,0.0,,,,,,,,,,,,,,,,,,,,,,,,,,,,,,,,,,,,,0.0,0.0,0.0,,,,,,,,,,,,,,,1.997,,,,,,,,,,,,,,,,,,,,,,,,
Greenland,1993,GRL,55729.0,,,,,,,,,,,,,,,,,,0.0,0.0,0.0,,,,,,2.253,0.045,36647.945,,,,,,,,,,,,,,,,,0.0,0.0,0.0,,,,,,,,,,,,,,,,,,,,,,,,,,,,,,,,,,,,,0.0,0.0,0.0,,,,,,,,,,,,,,,2.042,,,,,,,,,,,,,,,,,,,,,,,,
Greenland,1994,GRL,55719.0,,,,,,,,,,,,,,,,,,0.0,0.0,0.0,,,,,,0.581,0.012,36867.426,,,,,,,,,,,,,,,,,0.0,0.0,0.0,,,,,,,,,,,,,,,,,,,,,,,,,,,,,,,,,,,,,0.0,0.0,0.0,,,,,,,,,,,,,,,2.054,,,,,,,,,,,,,,,,,,,,,,,,
Greenland,1995,GRL,55807.0,,,,,,,,,,,,,,,,,,0.0,0.0,0.0,,,,,,0.0,0.0,36809.293,,,,,,,,,,,,,,,,,0.0,0.0,0.0,,,,,,,,,,,,,,,,,,,,,,,,,,,,,,,,,,,,,0.0,0.0,0.0,,,,,,,,,,,,,,,2.054,,,,,,,,,,,,,,,,,,,,,,,,
Greenland,1996,GRL,55978.0,,,,,,,,,,,,,,,,,,0.0,0.0,0.0,,,,,,5.978,0.123,38890.434,,,,,,,,,,,,,,,,,0.0,0.0,0.0,,,,,,,,,,,,,,,,,,,,,,,,,,,,,,,,,,,,,0.0,0.0,0.0,,,,,,,,,,,,,,,2.177,,,,,,,,,,,,,,,,,,,,,,,,
Greenland,1997,GRL,56092.0,,,,,,,,,,,,,,,,,,0.0,0.0,0.0,,,,,,2.589,0.056,39816.215,,,,,,,,,,,,,,,,,0.0,0.0,0.0,,,,,,,,,,,,,,,,,,,,,,,,,,,,,,,,,,,,,0.0,0.0,0.0,,,,,,,,,,,,,,,2.233,,,,,,,,,,,,,,,,,,,,,,,,
Greenland,1998,GRL,56146.0,,,,,,,,,,,,,,,,,,0.0,0.0,0.0,,,,,,0.001,0.0,39778.469,,,,,,,,,,,,,,,,,0.0,0.0,0.0,,,,,,,,,,,,,,,,,,,,,,,,,,,,,,,,,,,,,0.0,0.0,0.0,,,,,,,,,,,,,,,2.233,,,,,,,,,,,,,,,,,,,,,,,,
Greenland,1999,GRL,56129.0,,,,,,,,,,,,,,,,,,0.0,0.0,0.0,,,,,,22.946,0.512,48920.961,,,,,,,,,,,,,,,,,0.0,0.0,0.0,,,,,,,,,,,,,,,,,,,,,,,,,,,,,,,,,,,,,0.0,0.0,0.0,,,,,,,,,,,,,,,2.746,,,,,,,,,,,,,,,,,,,,,,,,
Greenland,2000,GRL,56204.0,,,,,,0.0,0.0,0.0,,428.571,,,,,0.0,0.0,,0.0,0.0,0.0,0.0,,0.42,0.42,,8.388,0.23,52953.5,,,,4448.082,0.25,,,59.524,,,,,0.0,0.0,,,0.0,0.0,0.0,0.0,,0.18,,,,3024.696,0.17,,40.476,,,,,3024.696,0.17,,40.476,,0.0,0.0,,,,0.0,0.0,,0.0,,,,,4448.082,0.25,,,0.0,0.0,0.0,59.524,,,0.0,0.0,,,0.0,0.0,,0.0,0.0,,7472.778,2.976,,,,3024.696,0.17,,40.476,,,,,0.0,0.0,,0.0,,,,,0.0,0.0,,0.0,
Greenland,2001,GRL,56401.0,,,,,,0.0,0.0,0.0,,410.256,,,,,0.0,0.0,,0.0,0.0,0.0,0.0,,0.39,0.39,,-6.663,-0.198,49252.449,,,,4077.942,0.23,,,58.974,,,,,0.0,0.0,,,0.0,0.0,0.0,0.0,,0.16,,,,2836.829,0.16,,41.026,,,,,2836.829,0.16,,41.026,,0.0,0.0,,,,0.0,0.0,,0.0,,,,,4077.942,0.23,,,0.0,0.0,0.0,58.974,,,0.0,0.0,,,0.0,0.0,,0.0,0.0,,6914.771,2.778,,,,2836.829,0.16,,41.026,,,,,0.0,0.0,,0.0,,,,,0.0,0.0,,0.0,
Greenland,2002,GRL,56591.0,,,,,,0.0,0.0,0.0,,368.421,,,,,0.0,0.0,,0.0,0.0,0.0,0.0,,0.38,0.38,,-3.192,-0.089,47520.086,,,,3534.131,0.2,,,52.632,,,,,0.0,0.0,,,0.0,0.0,0.0,0.0,,0.14,,,,3180.718,0.18,,47.368,,,,,3180.718,0.18,,47.368,,0.0,0.0,,,,0.0,0.0,,0.0,,,,,3534.131,0.2,,,0.0,0.0,0.0,52.632,,,0.0,0.0,,,0.0,0.0,,0.0,0.0,,6714.849,2.689,,,,3180.718,0.18,,47.368,,,,,0.0,0.0,,0.0,,,,,0.0,0.0,,0.0,
Greenland,2003,GRL,56748.0,,,,,,0.0,0.0,0.0,,333.333,,,,,0.0,0.0,,0.0,0.0,0.0,0.0,,0.33,0.33,,9.618,0.259,51946.254,,,,2643.265,0.15,,,45.455,,,,,0.0,0.0,,,0.0,0.0,0.0,0.0,,0.11,,,,3171.918,0.18,,54.545,,,,,3171.918,0.18,,54.545,,0.0,0.0,,,,0.0,0.0,,0.0,,,,,2643.265,0.15,,,0.0,0.0,0.0,45.455,,,0.0,0.0,,,0.0,0.0,,0.0,0.0,,5815.183,2.948,,,,3171.918,0.18,,54.545,,,,,0.0,0.0,,0.0,,,,,0.0,0.0,,0.0,
Greenland,2004,GRL,56888.0,,,,,,0.0,0.0,0.0,,303.03,,,,,0.0,0.0,,0.0,0.0,0.0,0.0,,0.33,0.33,,-3.569,-0.105,49968.973,,,,2460.976,0.14,,,42.424,,,,,0.0,0.0,,,0.0,0.0,0.0,0.0,,0.1,,,,3339.896,0.19,,57.576,,,,,3339.896,0.19,,57.576,,0.0,0.0,,,,0.0,0.0,,0.0,,,,,2460.976,0.14,,,0.0,0.0,0.0,42.424,,,0.0,0.0,,,0.0,0.0,,0.0,0.0,,5800.872,2.843,,,,3339.896,0.19,,57.576,,,,,0.0,0.0,,0.0,,,,,0.0,0.0,,0.0,
Greenland,2005,GRL,56909.0,,,,,,0.0,0.0,0.0,,314.286,,,,,0.0,0.0,,0.0,0.0,0.0,0.0,,0.35,0.35,,20.428,0.581,60154.367,,,,2635.787,0.15,,,42.857,,,,,0.0,0.0,,,0.0,0.0,0.0,0.0,,0.11,,,,3514.383,0.2,,57.143,,,,,3514.383,0.2,,57.143,,0.0,0.0,,,,0.0,0.0,,0.0,,,,,2635.787,0.15,,,0.0,0.0,0.0,42.857,,,0.0,0.0,,,0.0,0.0,,0.0,0.0,,6150.169,3.423,,,,3514.383,0.2,,57.143,,,,,0.0,0.0,,0.0,,,,,0.0,0.0,,0.0,
Greenland,2006,GRL,56835.0,,,,,,0.0,0.0,0.0,,333.333,,,,,0.0,0.0,,0.0,0.0,0.0,0.0,,0.39,0.39,,-8.254,-0.283,55261.266,,,,3343.01,0.19,,,48.718,,,,,0.0,0.0,,,0.0,0.0,0.0,0.0,,0.13,,,,3518.958,0.2,,51.282,,,,,3518.958,0.2,,51.282,,0.0,0.0,,,,0.0,0.0,,0.0,,,,,3343.01,0.19,,,0.0,0.0,0.0,48.718,,,0.0,0.0,,,0.0,0.0,,0.0,0.0,,6861.969,3.141,,,,3518.958,0.2,,51.282,,,,,0.0,0.0,,0.0,,,,,0.0,0.0,,0.0,
Greenland,2007,GRL,56728.0,,,,,,0.0,0.0,0.0,,342.105,,,,,0.0,0.0,,0.0,0.0,0.0,0.0,,0.38,0.38,,12.968,0.407,62545.469,,,,3173.036,0.18,,,47.368,,,,,0.0,0.0,,,0.0,0.0,0.0,0.0,,0.13,,,,3525.596,0.2,,52.632,,,,,3525.596,0.2,,52.632,,0.0,0.0,,,,0.0,0.0,,0.0,,,,,3173.036,0.18,,,0.0,0.0,0.0,47.368,,,0.0,0.0,,,0.0,0.0,,0.0,0.0,,6698.632,3.548,,,,3525.596,0.2,,52.632,,,,,0.0,0.0,,0.0,,,,,0.0,0.0,,0.0,
Greenland,2008,GRL,56600.0,,,,,,0.0,0.0,0.0,,350.0,,,,,0.0,0.0,,0.0,0.0,0.0,0.0,,0.4,0.4,,-11.102,-0.394,55727.66,,,,3533.569,0.2,,,50.0,,,,,0.0,0.0,,,0.0,0.0,0.0,0.0,,0.14,,,,3533.569,0.2,,50.0,,,,,3533.569,0.2,,50.0,,0.0,0.0,,,,0.0,0.0,,0.0,,,,,3533.569,0.2,,,0.0,0.0,0.0,50.0,,,0.0,0.0,,,0.0,0.0,,0.0,0.0,,7067.138,3.154,,,,3533.569,0.2,,50.0,,,,,0.0,0.0,,0.0,,,,,0.0,0.0,,0.0,
Greenland,2009,GRL,56461.0,,,,,,0.0,0.0,0.0,,285.714,,,,,0.0,0.0,,0.0,0.0,0.0,0.0,,0.42,0.42,,9.541,0.301,61194.82,,,,2833.814,0.16,,,38.095,,,,,0.0,0.0,,,0.0,0.0,0.0,0.0,,0.12,,,,4604.948,0.26,,61.905,,,,,4604.948,0.26,,61.905,,0.0,0.0,,,,0.0,0.0,,0.0,,,,,2833.814,0.16,,,0.0,0.0,0.0,38.095,,,0.0,0.0,,,0.0,0.0,,0.0,0.0,,7438.763,3.455,,,,4604.948,0.26,,61.905,,,,,0.0,0.0,,0.0,,,,,0.0,0.0,,0.0,
Greenland,2010,GRL,56374.0,,,,,,0.0,0.0,0.0,,219.512,,,,,0.0,0.0,,0.0,0.0,0.0,0.0,,0.41,0.41,,26.343,0.91,77434.969,,,,2128.641,0.12,,,29.268,,,,,0.0,0.0,,,0.0,0.0,0.0,0.0,,0.09,,,,5144.215,0.29,,70.732,,,,,5144.215,0.29,,70.732,,0.0,0.0,,,,0.0,0.0,,0.0,,,,,2128.641,0.12,,,0.0,0.0,0.0,29.268,,,0.0,0.0,,,0.0,0.0,,0.0,0.0,,7272.856,4.365,,,,5144.215,0.29,,70.732,,,,,0.0,0.0,,0.0,,,,,0.0,0.0,,0.0,
Greenland,2011,GRL,56310.0,,,,,,0.0,0.0,0.0,,195.652,,,,,0.0,0.0,,0.0,0.0,0.0,0.0,,0.46,0.46,,-1.142,-0.05,76637.781,,,,2131.06,0.12,,,26.087,,,,,0.0,0.0,,,0.0,0.0,0.0,0.0,,0.09,,,,6038.004,0.34,,73.913,,,,,6038.004,0.34,,73.913,,0.0,0.0,,,,0.0,0.0,,0.0,,,,,2131.06,0.12,,,0.0,0.0,0.0,26.087,,,0.0,0.0,,,0.0,0.0,,0.0,0.0,,8169.064,4.315,,,,6038.004,0.34,,73.913,,,,,0.0,0.0,,0.0,,,,,0.0,0.0,,0.0,
Greenland,2012,GRL,56217.0,,,,,,0.0,0.0,0.0,,181.818,,,,,0.0,0.0,,0.0,0.0,0.0,0.0,,0.44,0.44,,-16.574,-0.715,64041.523,,,,1778.821,0.1,,,22.727,,,,,0.0,0.0,,,0.0,0.0,0.0,0.0,,0.08,,,,6047.993,0.34,,77.273,,,,,6047.993,0.34,,77.273,,0.0,0.0,,,,0.0,0.0,,0.0,,,,,1778.821,0.1,,,0.0,0.0,0.0,22.727,,,0.0,0.0,,,0.0,0.0,,0.0,0.0,,7826.814,3.6,,,,6047.993,0.34,,77.273,,,,,0.0,0.0,,0.0,,,,,0.0,0.0,,0.0,
Greenland,2013,GRL,56116.0,,,,,,0.0,0.0,0.0,,155.556,,,,,0.0,0.0,,0.0,0.0,0.0,0.0,,0.45,0.45,,0.604,0.022,64544.352,,,,1425.618,0.08,,,17.778,,,,,0.0,0.0,,,0.0,0.0,0.0,0.0,,0.07,,,,6593.485,0.37,,82.222,,,,,6593.485,0.37,,82.222,,0.0,0.0,,,,0.0,0.0,,0.0,,,,,1425.618,0.08,,,0.0,0.0,0.0,17.778,,,0.0,0.0,,,0.0,0.0,,0.0,0.0,,8019.104,3.622,,,,6593.485,0.37,,82.222,,,,,0.0,0.0,,0.0,,,,,0.0,0.0,,0.0,
Greenland,2014,GRL,55972.0,,,,,,0.0,0.0,0.0,,148.936,,,,,0.0,0.0,,0.0,0.0,0.0,0.0,,0.47,0.47,,-6.537,-0.237,60480.352,,,,1429.286,0.08,,,17.021,,,,,0.0,0.0,,,0.0,0.0,0.0,0.0,,0.07,,,,6967.77,0.39,,82.979,,,,,6967.77,0.39,,82.979,,0.0,0.0,,,,0.0,0.0,,0.0,,,,,1429.286,0.08,,,0.0,0.0,0.0,17.021,,,0.0,0.0,,,0.0,0.0,,0.0,0.0,,8397.056,3.385,,,,6967.77,0.39,,82.979,,,,,0.0,0.0,,0.0,,,,,0.0,0.0,,0.0,
Greenland,2015,GRL,55916.0,,,,,,0.0,0.0,0.0,,137.255,,,,,0.0,0.0,,0.0,0.0,0.0,0.0,,0.51,0.51,,6.543,0.222,64502.316,,,,1609.557,0.09,,,17.647,,,,,0.0,0.0,,,0.0,0.0,0.0,0.0,,0.07,,,,7511.267,0.42,,82.353,,,,,7511.267,0.42,,82.353,,0.0,0.0,,,,0.0,0.0,,0.0,,,,,1609.557,0.09,,,0.0,0.0,0.0,17.647,,,0.0,0.0,,,0.0,0.0,,0.0,0.0,,9120.824,3.607,,,,7511.267,0.42,,82.353,,,,,0.0,0.0,,0.0,,,,,0.0,0.0,,0.0,
Greenland,2016,GRL,55941.0,,,,,,0.0,0.0,0.0,,145.833,,,,,0.0,0.0,,0.0,0.0,0.0,0.0,,0.48,0.48,,-1.292,-0.047,63640.645,,,,1430.078,0.08,,,16.667,,,,,0.0,0.0,,,0.0,0.0,0.0,0.0,,0.07,,,,7150.391,0.4,,83.333,,,,,7150.391,0.4,,83.333,,0.0,0.0,,,,0.0,0.0,,0.0,,,,,1430.078,0.08,,,0.0,0.0,0.0,16.667,,,0.0,0.0,,,0.0,0.0,,0.0,0.0,,8580.469,3.56,,,,7150.391,0.4,,83.333,,,,,0.0,0.0,,0.0,,,,,0.0,0.0,,0.0,
Greenland,2017,GRL,55951.0,,,,,,0.0,0.0,0.0,,152.174,,,,,0.0,0.0,,,,,0.0,,0.46,0.46,,-0.521,-0.019,63297.488,,,,1429.823,0.08,,,17.391,,,,,0.0,0.0,,,,,,0.0,,0.07,,,,6791.657,0.38,,82.609,,,,,6791.657,0.38,,82.609,,0.0,0.0,,,,0.0,0.0,,0.0,,,,,1429.823,0.08,,,,,,17.391,,,0.0,0.0,,,0.0,0.0,,0.0,0.0,,8221.479,3.542,,,,6791.657,0.38,,82.609,,,,,0.0,0.0,,0.0,,,,,0.0,0.0,,0.0,
Greenland,2018,GRL,55954.0,,,,,,0.0,0.0,0.0,,156.863,,,,,0.0,0.0,,,,,0.0,,0.51,0.51,,1.968,0.07,64539.719,,,,1787.182,0.1,,,19.608,,,,,0.0,0.0,,,,,,0.0,,0.08,,,,7327.448,0.41,,80.392,,,,,7327.448,0.41,,80.392,,0.0,0.0,,,,0.0,0.0,,0.0,,,,,1787.182,0.1,,,,,,19.608,,,0.0,0.0,,,0.0,0.0,,0.0,0.0,,9114.63,3.611,,,,7327.448,0.41,,80.392,,,,,0.0,0.0,,0.0,,,,,0.0,0.0,,0.0,
Greenland,2019,GRL,55955.0,,,,,,0.0,0.0,0.0,,160.0,,,,,0.0,0.0,,,,,0.0,,0.5,0.5,,-2.475,-0.089,62941.348,,,,1787.15,0.1,,,20.0,,,,,0.0,0.0,,,,,,0.0,,0.08,,,,7148.602,0.4,,80.0,,,,,7148.602,0.4,,80.0,,0.0,0.0,,,,0.0,0.0,,0.0,,,,,1787.15,0.1,,,,,,20.0,,,0.0,0.0,,,0.0,0.0,,0.0,0.0,,8935.752,3.522,,,,7148.602,0.4,,80.0,,,,,0.0,0.0,,0.0,,,,,0.0,0.0,,0.0,
Greenland,2020,GRL,56049.0,,,,,,0.0,0.0,0.0,,118.644,,,,,0.0,0.0,,,,,0.0,,0.59,0.59,,0.859,0.03,63375.285,,,,1605.738,0.09,,,15.254,,,,,0.0,0.0,,,,,,0.0,,0.07,,,,8920.766,0.5,,84.746,,,,,8920.766,0.5,,84.746,,0.0,0.0,,,,0.0,0.0,,0.0,,,,,1605.738,0.09,,,,,,15.254,,,0.0,0.0,,,0.0,0.0,,0.0,0.0,,10526.504,3.552,,,,8920.766,0.5,,84.746,,,,,0.0,0.0,,0.0,,,,,0.0,0.0,,0.0,
Greenland,2021,GRL,56266.0,,,,,,0.0,0.0,0.0,,133.333,,,,,0.0,0.0,,,,,0.0,,0.6,0.6,,0.617,0.022,63520.266,,,,1777.272,0.1,,,16.667,,,,,0.0,0.0,,,,,,0.0,,0.08,,,,8886.361,0.5,,83.333,,,,,8886.361,0.5,,83.333,,0.0,0.0,,,,0.0,0.0,,0.0,,,,,1777.272,0.1,,,,,,16.667,,,0.0,0.0,,,0.0,0.0,,0.0,0.0,,10663.634,3.574,,,,8886.361,0.5,,83.333,,,,,0.0,0.0,,0.0,,,,,0.0,0.0,,0.0,
Grenada,1980,GRD,94857.0,,,,,,,,,,,,,,,,,,,0.0,0.0,,,,,,,,1895.708,,,,,,,,,,,,,,,,,,0.0,0.0,,,,,,,,,,,,,,,,,,,,,,,,,,,,,,,,,,,,,,0.0,0.0,,,,,,,,,,,,,,,0.18,,,,,,,,,,,,,,,,,,,,,,,,
Grenada,1981,GRD,95239.0,,,,,,,,,,,,,,,,,,0.0,0.0,0.0,,,,,,32.969,0.059,2510.594,,,,,,,,,,,,,,,,,0.0,0.0,0.0,,,,,,,,,,,,,,,,,,,,,,,,,,,,,,,,,,,,,0.0,0.0,0.0,,,,,,,,,,,,,,,0.239,,,,,,,,,,,,,,,,,,,,,,,,
Grenada,1982,GRD,96552.0,,,,,,,,,,,,,,,,,,0.0,0.0,0.0,,,,,,0.0,0.0,2476.453,,,,,,,,,,,,,,,,,0.0,0.0,0.0,,,,,,,,,,,,,,,,,,,,,,,,,,,,,,,,,,,,,0.0,0.0,0.0,,,,,,,,,,,,,,,0.239,,,,,,,,,,,,,,,,,,,,,,,,
Grenada,1983,GRD,98192.0,,,,,,,,,,,,,,,,,,0.0,0.0,0.0,,,,,,0.0,0.0,2435.091,,,,,,,,,,,,,,,,,0.0,0.0,0.0,,,,,,,,,,,,,,,,,,,,,,,,,,,,,,,,,,,,,0.0,0.0,0.0,,,,,,,,,,,,,,,0.239,,,,,,,,,,,,,,,,,,,,,,,,
Grenada,1984,GRD,99631.0,,,,,,,,,,,,,,,,,,0.0,0.0,0.0,,,,,,0.274,0.001,2406.495,,,,,,,,,,,,,,,,,0.0,0.0,0.0,,,,,,,,,,,,,,,,,,,,,,,,,,,,,,,,,,,,,0.0,0.0,0.0,,,,,,,,,,,,,,,0.24,,,,,,,,,,,,,,,,,,,,,,,,
Grenada,1985,GRD,100594.0,,,,,,,,,,,,,,,,,,0.0,0.0,0.0,,,,,,-0.273,-0.001,2376.945,,,,,,,,,,,,,,,,,0.0,0.0,0.0,,,,,,,,,,,,,,,,,,,,,,,,,,,,,,,,,,,,,0.0,0.0,0.0,,,,,,,,,,,,,,,0.239,,,,,,,,,,,,,,,,,,,,,,,,
Grenada,1986,GRD,100909.0,,,,,,,,,,,,,,,,,,0.0,0.0,0.0,,,,,,15.947,0.038,2747.406,,,,,,,,,,,,,,,,,0.0,0.0,0.0,,,,,,,,,,,,,,,,,,,,,,,,,,,,,,,,,,,,,0.0,0.0,0.0,,,,,,,,,,,,,,,0.277,,,,,,,,,,,,,,,,,,,,,,,,
Grenada,1987,GRD,100616.0,,,,,,,,,,,,,,,,,,0.0,0.0,0.0,,,,,,23.115,0.064,3392.321,,,,,,,,,,,,,,,,,0.0,0.0,0.0,,,,,,,,,,,,,,,,,,,,,,,,,,,,,,,,,,,,,0.0,0.0,0.0,,,,,,,,,,,,,,,0.341,,,,,,,,,,,,,,,,,,,,,,,,
Grenada,1988,GRD,99898.0,,,,,,,,,,,,,,,,,,0.0,0.0,0.0,,,,,,3.835,0.013,3547.717,,,,,,,,,,,,,,,,,0.0,0.0,0.0,,,,,,,,,,,,,,,,,,,,,,,,,,,,,,,,,,,,,0.0,0.0,0.0,,,,,,,,,,,,,,,0.354,,,,,,,,,,,,,,,,,,,,,,,,
Grenada,1989,GRD,99238.0,,,,,,,,,,,,,,,,,,0.0,0.0,0.0,,,,,,-0.232,-0.001,3563.036,,,,,,,,,,,,,,,,,0.0,0.0,0.0,,,,,,,,,,,,,,,,,,,,,,,,,,,,,,,,,,,,,0.0,0.0,0.0,,,,,,,,,,,,,,,0.354,,,,,,,,,,,,,,,,,,,,,,,,
Grenada,1990,GRD,99066.0,,,,,,,,,,,,,,,,,,0.0,0.0,0.0,,,,,,48.664,0.172,5306.143,,,,,,,,,,,,,,,,,0.0,0.0,0.0,,,,,,,,,,,,,,,,,,,,,,,,,,,,,,,,,,,,,0.0,0.0,0.0,,,,,,,,,,,,,,,0.526,,,,,,,,,,,,,,,,,,,,,,,,
Grenada,1991,GRD,99778.0,,,,,,,,,,,,,,,,,,0.0,0.0,0.0,,,,,,0.0,0.0,5268.279,,,,,,,,,,,,,,,,,0.0,0.0,0.0,,,,,,,,,,,,,,,,,,,,,,,,,,,,,,,,,,,,,0.0,0.0,0.0,,,,,,,,,,,,,,,0.526,,,,,,,,,,,,,,,,,,,,,,,,
Grenada,1992,GRD,101054.0,,,,,,,,,,,,,,,,,,0.0,0.0,0.0,,,,,,3.097,0.016,5362.855,,,,,,,,,,,,,,,,,0.0,0.0,0.0,,,,,,,,,,,,,,,,,,,,,,,,,,,,,,,,,,,,,0.0,0.0,0.0,,,,,,,,,,,,,,,0.542,,,,,,,,,,,,,,,,,,,,,,,,
Grenada,1993,GRD,102190.0,,,,,,,,,,,,,,,,,,0.0,0.0,0.0,,,,,,14.958,0.081,6096.51,,,,,,,,,,,,,,,,,0.0,0.0,0.0,,,,,,,,,,,,,,,,,,,,,,,,,,,,,,,,,,,,,0.0,0.0,0.0,,,,,,,,,,,,,,,0.623,,,,,,,,,,,,,,,,,,,,,,,,
Grenada,1994,GRD,103194.0,,,,,,,,,,,,,,,,,,0.0,0.0,0.0,,,,,,14.684,0.091,6923.709,,,,,,,,,,,,,,,,,0.0,0.0,0.0,,,,,,,,,,,,,,,,,,,,,,,,,,,,,,,,,,,,,0.0,0.0,0.0,,,,,,,,,,,,,,,0.714,,,,,,,,,,,,,,,,,,,,,,,,
Grenada,1995,GRD,104075.0,,,,,,,,,,,,,,,,,,0.0,0.0,0.0,,,,,,-8.924,-0.064,6252.483,,,,,,,,,,,,,,,,,0.0,0.0,0.0,,,,,,,,,,,,,,,,,,,,,,,,,,,,,,,,,,,,,0.0,0.0,0.0,,,,,,,,,,,,,,,0.651,,,,,,,,,,,,,,,,,,,,,,,,
Grenada,1996,GRD,104862.0,,,,,,,,,,,,,,,,,,0.0,0.0,0.0,,,,,,7.083,0.046,6645.128,,,,,,,,,,,,,,,,,0.0,0.0,0.0,,,,,,,,,,,,,,,,,,,,,,,,,,,,,,,,,,,,,0.0,0.0,0.0,,,,,,,,,,,,,,,0.697,,,,,,,,,,,,,,,,,,,,,,,,
Grenada,1997,GRD,105563.0,,,,,,,,,,,,,,,,,,0.0,0.0,0.0,,,,,,32.335,0.225,8735.42,,,,,,,,,,,,,,,,,0.0,0.0,0.0,,,,,,,,,,,,,,,,,,,,,,,,,,,,,,,,,,,,,0.0,0.0,0.0,,,,,,,,,,,,,,,0.922,,,,,,,,,,,,,,,,,,,,,,,,
Grenada,1998,GRD,106214.0,,,,,,,,,,,,,,,,,,0.0,0.0,0.0,,,,,,-13.283,-0.122,7528.633,,,,,,,,,,,,,,,,,0.0,0.0,0.0,,,,,,,,,,,,,,,,,,,,,,,,,,,,,,,,,,,,,0.0,0.0,0.0,,,,,,,,,,,,,,,0.8,,,,,,,,,,,,,,,,,,,,,,,,
Grenada,1999,GRD,106841.0,,,,,,,,,,,,,,,,,,0.0,0.0,0.0,,,,,,0.001,0.0,7484.521,,,,,,,,,,,,,,,,,0.0,0.0,0.0,,,,,,,,,,,,,,,,,,,,,,,,,,,,,,,,,,,,,0.0,0.0,0.0,,,,,,,,,,,,,,,0.8,,,,,,,,,,,,,,,,,,,,,,,,
Grenada,2000,GRD,107442.0,,,,,,0.0,0.0,0.0,,692.308,,,,,0.0,0.0,,0.0,0.0,0.0,0.0,,0.13,0.13,,7.904,0.063,8030.945,,,,1209.955,0.13,,,100.0,,,,,0.0,0.0,,,0.0,0.0,0.0,0.0,,0.09,,,,0.0,0.0,,0.0,,,,,0.0,0.0,,0.0,,0.0,0.0,,,,0.0,0.0,,0.0,,,,,1209.955,0.13,,,0.0,0.0,0.0,100.0,,,0.0,0.0,,,0.0,0.0,,0.0,0.0,,1209.955,0.863,,,,0.0,0.0,,0.0,,,,,0.0,0.0,,0.0,,,,,0.0,0.0,,0.0,
Grenada,2001,GRD,107945.0,,,,,,0.0,0.0,0.0,,714.286,,,,,0.0,0.0,,0.0,0.0,0.0,0.0,,0.14,0.14,,4.08,0.035,8319.619,,,,1296.957,0.14,,,100.0,,,,,0.0,0.0,,,0.0,0.0,0.0,0.0,,0.1,,,,0.0,0.0,,0.0,,,,,0.0,0.0,,0.0,,0.0,0.0,,,,0.0,0.0,,0.0,,,,,1296.957,0.14,,,0.0,0.0,0.0,100.0,,,0.0,0.0,,,0.0,0.0,,0.0,0.0,,1296.957,0.898,,,,0.0,0.0,,0.0,,,,,0.0,0.0,,0.0,,,,,0.0,0.0,,0.0,
Grenada,2002,GRD,108246.0,,,,,,0.0,0.0,0.0,,733.333,,,,,0.0,0.0,,0.0,0.0,0.0,0.0,,0.15,0.15,,2.755,0.025,8525.037,,,,1385.733,0.15,,,100.0,,,,,0.0,0.0,,,0.0,0.0,0.0,0.0,,0.11,,,,0.0,0.0,,0.0,,,,,0.0,0.0,,0.0,,0.0,0.0,,,,0.0,0.0,,0.0,,,,,1385.733,0.15,,,0.0,0.0,0.0,100.0,,,0.0,0.0,,,0.0,0.0,,0.0,0.0,,1385.733,0.923,,,,0.0,0.0,,0.0,,,,,0.0,0.0,,0.0,,,,,0.0,0.0,,0.0,
Grenada,2003,GRD,108750.0,,,,,,0.0,0.0,0.0,,687.5,,,,,0.0,0.0,,0.0,0.0,0.0,0.0,,0.16,0.16,,5.783,0.053,8976.218,,,,1471.264,0.16,,,100.0,,,,,0.0,0.0,,,0.0,0.0,0.0,0.0,,0.11,,,,0.0,0.0,,0.0,,,,,0.0,0.0,,0.0,,0.0,0.0,,,,0.0,0.0,,0.0,,,,,1471.264,0.16,,,0.0,0.0,0.0,100.0,,,0.0,0.0,,,0.0,0.0,,0.0,0.0,,1471.264,0.976,,,,0.0,0.0,,0.0,,,,,0.0,0.0,,0.0,,,,,0.0,0.0,,0.0,
Grenada,2004,GRD,109529.0,,,,,,0.0,0.0,0.0,,733.333,,,,,0.0,0.0,,0.0,0.0,0.0,0.0,,0.15,0.15,,-2.892,-0.028,8654.664,,,,1369.5,0.15,,,100.0,,,,,0.0,0.0,,,0.0,0.0,0.0,0.0,,0.11,,,,0.0,0.0,,0.0,,,,,0.0,0.0,,0.0,,0.0,0.0,,,,0.0,0.0,,0.0,,,,,1369.5,0.15,,,0.0,0.0,0.0,100.0,,,0.0,0.0,,,0.0,0.0,,0.0,0.0,,1369.5,0.948,,,,0.0,0.0,,0.0,,,,,0.0,0.0,,0.0,,,,,0.0,0.0,,0.0,
Grenada,2005,GRD,110268.0,,,,,,0.0,0.0,0.0,,733.333,,,,,0.0,0.0,,0.0,0.0,0.0,0.0,,0.15,0.15,,5.154,0.049,9039.732,,,,1360.322,0.15,,,100.0,,,,,0.0,0.0,,,0.0,0.0,0.0,0.0,,0.11,,,,0.0,0.0,,0.0,,,,,0.0,0.0,,0.0,,0.0,0.0,,,,0.0,0.0,,0.0,,,,,1360.322,0.15,,,0.0,0.0,0.0,100.0,,,0.0,0.0,,,0.0,0.0,,0.0,0.0,,1360.322,0.997,,,,0.0,0.0,,0.0,,,,,0.0,0.0,,0.0,,,,,0.0,0.0,,0.0,
Grenada,2006,GRD,111006.0,,,,,,0.0,0.0,0.0,,705.882,,,,,0.0,0.0,,0.0,0.0,0.0,0.0,,0.17,0.17,,3.467,0.035,9290.929,,,,1531.449,0.17,,,100.0,,,,,0.0,0.0,,,0.0,0.0,0.0,0.0,,0.12,,,,0.0,0.0,,0.0,,,,,0.0,0.0,,0.0,,0.0,0.0,,,,0.0,0.0,,0.0,,,,,1531.449,0.17,,,0.0,0.0,0.0,100.0,,,0.0,0.0,,,0.0,0.0,,0.0,0.0,,1531.449,1.031,,,,0.0,0.0,,0.0,,,,,0.0,0.0,,0.0,,,,,0.0,0.0,,0.0,
Grenada,2007,GRD,111740.0,,,,,,0.0,0.0,0.0,,722.222,,,,,0.0,0.0,,0.0,0.0,0.0,0.0,,0.18,0.18,,6.162,0.064,9798.676,,,,1610.882,0.18,,,100.0,,,,,0.0,0.0,,,0.0,0.0,0.0,0.0,,0.13,,,,0.0,0.0,,0.0,,,,,0.0,0.0,,0.0,,0.0,0.0,,,,0.0,0.0,,0.0,,,,,1610.882,0.18,,,0.0,0.0,0.0,100.0,,,0.0,0.0,,,0.0,0.0,,0.0,0.0,,1610.882,1.095,,,,0.0,0.0,,0.0,,,,,0.0,0.0,,0.0,,,,,0.0,0.0,,0.0,
Grenada,2008,GRD,112497.0,,,,,,0.0,0.0,0.0,,684.211,,,,,0.0,0.0,,0.0,0.0,0.0,0.0,,0.19,0.19,,6.332,0.069,10349.056,,,,1688.934,0.19,,,100.0,,,,,0.0,0.0,,,0.0,0.0,0.0,0.0,,0.13,,,,0.0,0.0,,0.0,,,,,0.0,0.0,,0.0,,0.0,0.0,,,,0.0,0.0,,0.0,,,,,1688.934,0.19,,,0.0,0.0,0.0,100.0,,,0.0,0.0,,,0.0,0.0,,0.0,0.0,,1688.934,1.164,,,,0.0,0.0,,0.0,,,,,0.0,0.0,,0.0,,,,,0.0,0.0,,0.0,
Grenada,2009,GRD,113260.0,,,,,,0.0,0.0,0.0,,700.0,,,,,0.0,0.0,,0.0,0.0,0.0,0.0,,0.2,0.2,,-2.907,-0.034,9980.479,,,,1765.849,0.2,,,100.0,,,,,0.0,0.0,,,0.0,0.0,0.0,0.0,,0.14,,,,0.0,0.0,,0.0,,,,,0.0,0.0,,0.0,,0.0,0.0,,,,0.0,0.0,,0.0,,,,,1765.849,0.2,,,0.0,0.0,0.0,100.0,,,0.0,0.0,,,0.0,0.0,,0.0,0.0,,1765.849,1.13,,,,0.0,0.0,,0.0,,,,,0.0,0.0,,0.0,,,,,0.0,0.0,,0.0,
Grenada,2010,GRD,114058.0,,,,,,0.0,0.0,0.0,,700.0,,,,,0.0,0.0,,0.0,0.0,0.0,0.0,,0.2,0.2,,3.906,0.044,10297.715,,,,1753.494,0.2,,,100.0,,,,,0.0,0.0,,,0.0,0.0,0.0,0.0,,0.14,,,,0.0,0.0,,0.0,,,,,0.0,0.0,,0.0,,0.0,0.0,,,,0.0,0.0,,0.0,,,,,1753.494,0.2,,,0.0,0.0,0.0,100.0,,,0.0,0.0,,,0.0,0.0,,0.0,0.0,,1753.494,1.175,,,,0.0,0.0,,0.0,,,,,0.0,0.0,,0.0,,,,,0.0,0.0,,0.0,
Grenada,2011,GRD,114933.0,,,,,,0.0,0.0,0.0,,700.0,,,,,0.0,0.0,,0.0,0.0,0.0,0.0,,0.2,0.2,,-0.226,-0.003,10196.201,,,,1740.144,0.2,,,100.0,,,,,0.0,0.0,,,0.0,0.0,0.0,0.0,,0.14,,,,0.0,0.0,,0.0,,,,,0.0,0.0,,0.0,,0.0,0.0,,,,0.0,0.0,,0.0,,,,,1740.144,0.2,,,0.0,0.0,0.0,100.0,,,0.0,0.0,,,0.0,0.0,,0.0,0.0,,1740.144,1.172,,,,0.0,0.0,,0.0,,,,,0.0,0.0,,0.0,,,,,0.0,0.0,,0.0,
Grenada,2012,GRD,115930.0,,,,,,0.0,0.0,0.0,,684.211,,,,,0.0,0.0,,0.0,0.0,0.0,0.0,,0.19,0.19,,1.861,0.022,10296.617,,,,1638.92,0.19,,,100.0,,,,,0.0,0.0,,,0.0,0.0,0.0,0.0,,0.13,,,,0.0,0.0,,0.0,,,,,0.0,0.0,,0.0,,0.0,0.0,,,,0.0,0.0,,0.0,,,,,1638.92,0.19,,,0.0,0.0,0.0,100.0,,,0.0,0.0,,,0.0,0.0,,0.0,0.0,,1638.92,1.194,,,,0.0,0.0,,0.0,,,,,0.0,0.0,,0.0,,,,,0.0,0.0,,0.0,
Grenada,2013,GRD,116954.0,,,,,,0.0,0.0,0.0,,684.211,,,,,0.0,0.0,,0.0,0.0,0.0,0.0,,0.19,0.19,,12.834,0.153,11516.319,,,,1624.57,0.19,,,100.0,,,,,0.0,0.0,,,0.0,0.0,0.0,0.0,,0.13,,,,0.0,0.0,,0.0,,,,,0.0,0.0,,0.0,,0.0,0.0,,,,0.0,0.0,,0.0,,,,,1624.57,0.19,,,0.0,0.0,0.0,100.0,,,0.0,0.0,,,0.0,0.0,,0.0,0.0,,1624.57,1.347,,,,0.0,0.0,,0.0,,,,,0.0,0.0,,0.0,,,,,0.0,0.0,,0.0,
Grenada,2014,GRD,117986.0,,,,,,0.0,0.0,0.0,,684.211,,,,,0.0,0.0,,0.0,0.0,0.0,0.0,,0.19,0.19,,-15.461,-0.208,9650.67,,,,1610.361,0.19,,,100.0,,,,,0.0,0.0,,,0.0,0.0,0.0,0.0,,0.13,,,,0.0,0.0,,0.0,,,,,0.0,0.0,,0.0,,0.0,0.0,,,,0.0,0.0,,0.0,,,,,1610.361,0.19,,,0.0,0.0,0.0,100.0,,,0.0,0.0,,,0.0,0.0,,0.0,0.0,,1610.361,1.139,,,,0.0,0.0,,0.0,,,,,0.0,0.0,,0.0,,,,,0.0,0.0,,0.0,
Grenada,2015,GRD,118994.0,,,,,,0.0,0.0,0.0,,684.211,,,,,0.0,0.0,,0.0,0.0,0.0,0.0,,0.19,0.19,,4.075,0.046,9958.878,,,,1596.719,0.19,,,100.0,,,,,0.0,0.0,,,0.0,0.0,0.0,0.0,,0.13,,,,0.0,0.0,,0.0,,,,,0.0,0.0,,0.0,,0.0,0.0,,,,0.0,0.0,,0.0,,,,,1596.719,0.19,,,0.0,0.0,0.0,100.0,,,0.0,0.0,,,0.0,0.0,,0.0,0.0,,1596.719,1.185,,,,0.0,0.0,,0.0,,,,,0.0,0.0,,0.0,,,,,0.0,0.0,,0.0,
Grenada,2016,GRD,119973.0,,,,,,0.0,0.0,0.0,,700.0,,,,,0.0,0.0,,0.0,0.0,0.0,0.0,,0.2,0.2,,3.011,0.036,10175.044,,,,1667.042,0.2,,,100.0,,,,,0.0,0.0,,,0.0,0.0,0.0,0.0,,0.14,,,,0.0,0.0,,0.0,,,,,0.0,0.0,,0.0,,0.0,0.0,,,,0.0,0.0,,0.0,,,,,1667.042,0.2,,,0.0,0.0,0.0,100.0,,,0.0,0.0,,,0.0,0.0,,0.0,0.0,,1667.042,1.221,,,,0.0,0.0,,0.0,,,,,0.0,0.0,,0.0,,,,,0.0,0.0,,0.0,
Grenada,2017,GRD,120934.0,,,,,,0.0,0.0,0.0,,714.286,,,,,0.0,0.0,,,,,0.0,,0.21,0.21,,8.719,0.106,10974.274,,,,1736.484,0.21,,,100.0,,,,,0.0,0.0,,,,,,0.0,,0.15,,,,0.0,0.0,,0.0,,,,,0.0,0.0,,0.0,,0.0,0.0,,,,0.0,0.0,,0.0,,,,,1736.484,0.21,,,,,,100.0,,,0.0,0.0,,,0.0,0.0,,0.0,0.0,,1736.484,1.327,,,,0.0,0.0,,0.0,,,,,0.0,0.0,,0.0,,,,,0.0,0.0,,0.0,
Grenada,2018,GRD,121853.0,,,,,,0.0,0.0,0.0,,714.286,,,,,0.0,0.0,,,,,0.0,,0.21,0.21,,-1.538,-0.02,10724.042,,,,1723.388,0.21,,,100.0,,,,,0.0,0.0,,,,,,0.0,,0.15,,,,0.0,0.0,,0.0,,,,,0.0,0.0,,0.0,,0.0,0.0,,,,0.0,0.0,,0.0,,,,,1723.388,0.21,,,,,,100.0,,,0.0,0.0,,,0.0,0.0,,0.0,0.0,,1723.388,1.307,,,,0.0,0.0,,0.0,,,,,0.0,0.0,,0.0,,,,,0.0,0.0,,0.0,
Grenada,2019,GRD,122737.0,,,,,,0.0,0.0,0.0,,714.286,,,,,0.0,0.0,,,,,0.0,,0.21,0.21,,0.084,0.001,10655.754,,,,1710.975,0.21,,,100.0,,,,,0.0,0.0,,,,,,0.0,,0.15,,,,0.0,0.0,,0.0,,,,,0.0,0.0,,0.0,,0.0,0.0,,,,0.0,0.0,,0.0,,,,,1710.975,0.21,,,,,,100.0,,,0.0,0.0,,,0.0,0.0,,0.0,0.0,,1710.975,1.308,,,,0.0,0.0,,0.0,,,,,0.0,0.0,,0.0,,,,,0.0,0.0,,0.0,
Grenada,2020,GRD,123672.0,,,,,,0.0,0.0,0.0,,700.0,,,,,0.0,0.0,,,,,0.0,,0.2,0.2,,-15.667,-0.205,8918.377,,,,1617.181,0.2,,,100.0,,,,,0.0,0.0,,,,,,0.0,,0.14,,,,0.0,0.0,,0.0,,,,,0.0,0.0,,0.0,,0.0,0.0,,,,0.0,0.0,,0.0,,,,,1617.181,0.2,,,,,,100.0,,,0.0,0.0,,,0.0,0.0,,0.0,0.0,,1617.181,1.103,,,,0.0,0.0,,0.0,,,,,0.0,0.0,,0.0,,,,,0.0,0.0,,0.0,
Grenada,2021,GRD,124624.0,,,,,,0.0,0.0,0.0,,714.286,,,,,0.0,0.0,,,,,0.0,,0.21,0.21,,6.574,0.073,9432.062,,,,1685.069,0.21,,,100.0,,,,,0.0,0.0,,,,,,0.0,,0.15,,,,0.0,0.0,,0.0,,,,,0.0,0.0,,0.0,,0.0,0.0,,,,0.0,0.0,,0.0,,,,,1685.069,0.21,,,,,,100.0,,,0.0,0.0,,,0.0,0.0,,0.0,0.0,,1685.069,1.175,,,,0.0,0.0,,0.0,,,,,0.0,0.0,,0.0,,,,,0.0,0.0,,0.0,
Guadeloupe,1980,GLP,334237.0,,,,,,,,,,,,,,,,,,,0.0,0.0,,,,,,,,6189.176,,,,,,,,,,,,,,,,,,0.0,0.0,,,,,,,,,,,,,,,,,,,,,,,,,,,,,,,,,,,,,,0.0,0.0,,,,,,,,,,,,,,,2.069,,,,,,,,,,,,,,,,,,,,,,,,
Guadeloupe,1981,GLP,335663.0,,,,,,,,,,,,,,,,,,0.0,0.0,0.0,,,,,,39.617,0.82,8604.461,,,,,,,,,,,,,,,,,0.0,0.0,0.0,,,,,,,,,,,,,,,,,,,,,,,,,,,,,,,,,,,,,0.0,0.0,0.0,,,,,,,,,,,,,,,2.888,,,,,,,,,,,,,,,,,,,,,,,,
Guadeloupe,1982,GLP,338969.0,,,,,,,,,,,,,,,,,,0.0,0.0,0.0,,,,,,26.531,0.766,10781.093,,,,,,,,,,,,,,,,,0.0,0.0,0.0,,,,,,,,,,,,,,,,,,,,,,,,,,,,,,,,,,,,,0.0,0.0,0.0,,,,,,,,,,,,,,,3.654,,,,,,,,,,,,,,,,,,,,,,,,
Guadeloupe,1983,GLP,344461.0,,,,,,,,,,,,,,,,,,0.0,0.0,0.0,,,,,,4.839,0.177,11122.551,,,,,,,,,,,,,,,,,0.0,0.0,0.0,,,,,,,,,,,,,,,,,,,,,,,,,,,,,,,,,,,,,0.0,0.0,0.0,,,,,,,,,,,,,,,3.831,,,,,,,,,,,,,,,,,,,,,,,,
Guadeloupe,1984,GLP,350988.0,,,,,,,,,,,,,,,,,,0.0,0.0,0.0,,,,,,9.53,0.365,11955.986,,,,,,,,,,,,,,,,,0.0,0.0,0.0,,,,,,,,,,,,,,,,,,,,,,,,,,,,,,,,,,,,,0.0,0.0,0.0,,,,,,,,,,,,,,,4.196,,,,,,,,,,,,,,,,,,,,,,,,
Guadeloupe,1985,GLP,357854.0,,,,,,,,,,,,,,,,,,0.0,0.0,0.0,,,,,,-8.701,-0.365,10706.279,,,,,,,,,,,,,,,,,0.0,0.0,0.0,,,,,,,,,,,,,,,,,,,,,,,,,,,,,,,,,,,,,0.0,0.0,0.0,,,,,,,,,,,,,,,3.831,,,,,,,,,,,,,,,,,,,,,,,,
Guadeloupe,1986,GLP,364863.0,,,,,,,,,,,,,,,,,,0.0,0.0,0.0,,,,,,4.087,0.157,10929.743,,,,,,,,,,,,,,,,,0.0,0.0,0.0,,,,,,,,,,,,,,,,,,,,,,,,,,,,,,,,,,,,,0.0,0.0,0.0,,,,,,,,,,,,,,,3.988,,,,,,,,,,,,,,,,,,,,,,,,
Guadeloupe,1987,GLP,371913.0,,,,,,,,,,,,,,,,,,0.0,0.0,0.0,,,,,,15.597,0.622,12394.957,,,,,,,,,,,,,,,,,0.0,0.0,0.0,,,,,,,,,,,,,,,,,,,,,,,,,,,,,,,,,,,,,0.0,0.0,0.0,,,,,,,,,,,,,,,4.61,,,,,,,,,,,,,,,,,,,,,,,,
Guadeloupe,1988,GLP,378995.0,,,,,,,,,,,,,,,,,,0.0,0.0,0.0,,,,,,10.086,0.465,13390.08,,,,,,,,,,,,,,,,,0.0,0.0,0.0,,,,,,,,,,,,,,,,,,,,,,,,,,,,,,,,,,,,,0.0,0.0,0.0,,,,,,,,,,,,,,,5.075,,,,,,,,,,,,,,,,,,,,,,,,
Guadeloupe,1989,GLP,385871.0,,,,,,,,,,,,,,,,,,0.0,0.0,0.0,,,,,,10.191,0.517,14491.791,,,,,,,,,,,,,,,,,0.0,0.0,0.0,,,,,,,,,,,,,,,,,,,,,,,,,,,,,,,,,,,,,0.0,0.0,0.0,,,,,,,,,,,,,,,5.592,,,,,,,,,,,,,,,,,,,,,,,,
Guadeloupe,1990,GLP,391961.0,,,,,,,,,,,,,,,,,,0.0,0.0,0.0,,,,,,8.069,0.451,15417.781,,,,,,,,,,,,,,,,,0.0,0.0,0.0,,,,,,,,,,,,,,,,,,,,,,,,,,,,,,,,,,,,,0.0,0.0,0.0,,,,,,,,,,,,,,,6.043,,,,,,,,,,,,,,,,,,,,,,,,
Guadeloupe,1991,GLP,396998.0,,,,,,,,,,,,,,,,,,0.0,0.0,0.0,,,,,,3.946,0.238,15822.82,,,,,,,,,,,,,,,,,0.0,0.0,0.0,,,,,,,,,,,,,,,,,,,,,,,,,,,,,,,,,,,,,0.0,0.0,0.0,,,,,,,,,,,,,,,6.282,,,,,,,,,,,,,,,,,,,,,,,,
Guadeloupe,1992,GLP,401452.0,,,,,,,,,,,,,,,,,,0.0,0.0,0.0,,,,,,-5.184,-0.326,14836.054,,,,,,,,,,,,,,,,,0.0,0.0,0.0,,,,,,,,,,,,,,,,,,,,,,,,,,,,,,,,,,,,,0.0,0.0,0.0,,,,,,,,,,,,,,,5.956,,,,,,,,,,,,,,,,,,,,,,,,
Guadeloupe,1993,GLP,405738.0,,,,,,,,,,,,,,,,,,0.0,0.0,0.0,,,,,,13.912,0.829,16721.52,,,,,,,,,,,,,,,,,0.0,0.0,0.0,,,,,,,,,,,,,,,,,,,,,,,,,,,,,,,,,,,,,0.0,0.0,0.0,,,,,,,,,,,,,,,6.785,,,,,,,,,,,,,,,,,,,,,,,,
Guadeloupe,1994,GLP,409893.0,,,,,,,,,,,,,,,,,,0.0,0.0,0.0,,,,,,3.379,0.229,17111.305,,,,,,,,,,,,,,,,,0.0,0.0,0.0,,,,,,,,,,,,,,,,,,,,,,,,,,,,,,,,,,,,,0.0,0.0,0.0,,,,,,,,,,,,,,,7.014,,,,,,,,,,,,,,,,,,,,,,,,
Guadeloupe,1995,GLP,413945.0,,,,,,,,,,,,,,,,,,0.0,0.0,0.0,,,,,,2.688,0.189,17399.232,,,,,,,,,,,,,,,,,0.0,0.0,0.0,,,,,,,,,,,,,,,,,,,,,,,,,,,,,,,,,,,,,0.0,0.0,0.0,,,,,,,,,,,,,,,7.202,,,,,,,,,,,,,,,,,,,,,,,,
Guadeloupe,1996,GLP,417904.0,,,,,,,,,,,,,,,,,,0.0,0.0,0.0,,,,,,-0.558,-0.04,17138.258,,,,,,,,,,,,,,,,,0.0,0.0,0.0,,,,,,,,,,,,,,,,,,,,,,,,,,,,,,,,,,,,,0.0,0.0,0.0,,,,,,,,,,,,,,,7.162,,,,,,,,,,,,,,,,,,,,,,,,
Guadeloupe,1997,GLP,421828.0,,,,,,,,,,,,,,,,,,0.0,0.0,0.0,,,,,,2.383,0.171,17383.408,,,,,,,,,,,,,,,,,0.0,0.0,0.0,,,,,,,,,,,,,,,,,,,,,,,,,,,,,,,,,,,,,0.0,0.0,0.0,,,,,,,,,,,,,,,7.333,,,,,,,,,,,,,,,,,,,,,,,,
Guadeloupe,1998,GLP,424991.0,,,,,,,,,,,,,,,,,,0.0,0.0,0.0,,,,,,0.202,0.015,17288.803,,,,,,,,,,,,,,,,,0.0,0.0,0.0,,,,,,,,,,,,,,,,,,,,,,,,,,,,,,,,,,,,,0.0,0.0,0.0,,,,,,,,,,,,,,,7.348,,,,,,,,,,,,,,,,,,,,,,,,
Guadeloupe,1999,GLP,425759.0,,,,,,,,,,,,,,,,,,0.0,0.0,0.0,,,,,,0.005,0.0,17258.416,,,,,,,,,,,,,,,,,0.0,0.0,0.0,,,,,,,,,,,,,,,,,,,,,,,,,,,,,,,,,,,,,0.0,0.0,0.0,,,,,,,,,,,,,,,7.348,,,,,,,,,,,,,,,,,,,,,,,,
Guadeloupe,2000,GLP,424068.0,,,,,,919.664,0.39,30.709,,606.299,,,,,1957.233,0.83,,0.0,0.0,0.0,65.354,,1.27,1.27,,18.704,1.374,20568.102,,,,1957.233,0.83,,,65.354,,,,,0.0,0.0,,,0.0,0.0,0.0,0.0,,0.77,,,,0.0,0.0,,0.0,,,,,1037.569,0.44,,34.646,,0.0,0.0,,,,0.0,0.0,,0.0,,,,,0.0,0.0,,,0.0,0.0,0.0,0.0,,,0.42,0.03,,,990.407,70.743,,33.071,2.362,,2994.803,8.722,,,,1037.569,0.44,,34.646,,,,,0.0,0.0,,0.0,,,,,47.162,0.02,,1.575,
Guadeloupe,2001,GLP,421198.0,,,,,,925.93,0.39,30.952,,603.175,,,,,1946.828,0.82,,0.0,0.0,0.0,65.079,,1.26,1.26,,4.301,0.375,21598.848,,,,1946.828,0.82,,,65.079,,,,,0.0,0.0,,,0.0,0.0,0.0,0.0,,0.76,,,,0.0,0.0,,0.0,,,,,1044.639,0.44,,34.921,,0.0,0.0,,,,0.0,0.0,,0.0,,,,,0.0,0.0,,,0.0,0.0,0.0,0.0,,,0.42,0.03,,,997.156,71.225,,33.333,2.381,,2991.467,9.097,,,,1044.639,0.44,,34.921,,,,,0.0,0.0,,0.0,,,,,47.484,0.02,,1.587,
Guadeloupe,2002,GLP,417628.0,,,,,,885.956,0.37,30.328,,606.557,,,,,1891.636,0.79,,0.0,0.0,0.0,64.754,,1.22,1.22,,2.833,0.258,22400.535,,,,1891.636,0.79,,,64.754,,,,,0.0,0.0,,,0.0,0.0,0.0,0.0,,0.74,,,,0.0,0.0,,0.0,,,,,1029.624,0.43,,35.246,,0.0,0.0,,,,0.0,0.0,,0.0,,,,,0.0,0.0,,,0.0,0.0,0.0,0.0,,,0.4,0.03,,,957.79,71.834,,32.787,2.459,,2921.26,9.355,,,,1029.624,0.43,,35.246,,,,,0.0,0.0,,0.0,,,,,71.834,0.03,,2.459,
Guadeloupe,2003,GLP,413448.0,,,,,,894.913,0.37,28.244,,564.885,,,,,1910.76,0.79,,0.0,0.0,0.0,60.305,,1.31,1.31,,3.801,0.356,23487.152,,,,1910.76,0.79,,,60.305,,,,,0.0,0.0,,,0.0,0.0,0.0,0.0,,0.74,,,,0.0,0.0,,0.0,,,,,1257.716,0.52,,39.695,,0.0,0.0,,,,0.0,0.0,,0.0,,,,,0.0,0.0,,,0.0,0.0,0.0,0.0,,,0.47,0.1,,,1136.781,241.868,,35.878,7.634,,3168.476,9.711,,,,1257.716,0.52,,39.695,,,,,0.0,0.0,,0.0,,,,,120.934,0.05,,3.817,
Guadeloupe,2004,GLP,408632.0,,,,,,1101.235,0.45,28.846,,570.513,,,,,2349.302,0.96,,0.0,0.0,0.0,61.538,,1.56,1.56,,-1.783,-0.173,23340.301,,,,2349.302,0.96,,,61.538,,,,,0.0,0.0,,,0.0,0.0,0.0,0.0,,0.89,,,,0.0,0.0,,0.0,,,,,1468.314,0.6,,38.462,,0.0,0.0,,,,0.0,0.0,,0.0,,,,,0.0,0.0,,,0.0,0.0,0.0,0.0,,,0.55,0.1,,,1345.954,244.719,,35.256,6.41,,3817.616,9.538,,,,1468.314,0.6,,38.462,,,,,0.0,0.0,,0.0,,,,,122.359,0.05,,3.205,
Guadeloupe,2005,GLP,403244.0,,,,,,1115.95,0.45,28.662,,573.248,,,,,2405.491,0.97,,0.0,0.0,0.0,61.783,,1.57,1.57,,-1.119,-0.107,23387.596,,,,2405.491,0.97,,,61.783,,,,,0.0,0.0,,,0.0,0.0,0.0,0.0,,0.9,,,,0.0,0.0,,0.0,,,,,1487.933,0.6,,38.217,,0.0,0.0,,,,0.0,0.0,,0.0,,,,,0.0,0.0,,,0.0,0.0,0.0,0.0,,,0.55,0.1,,,1363.938,247.989,,35.032,6.369,,3893.424,9.431,,,,1487.933,0.6,,38.217,,,,,0.0,0.0,,0.0,,,,,123.994,0.05,,3.185,
Guadeloupe,2006,GLP,400934.0,,,,,,1197.204,0.48,29.268,,573.171,,,,,2519.118,1.01,,0.0,0.0,0.0,61.585,,1.64,1.64,,3.327,0.314,24304.947,,,,2519.118,1.01,,,61.585,,,,,0.0,0.0,,,0.0,0.0,0.0,0.0,,0.94,,,,0.0,0.0,,0.0,,,,,1571.331,0.63,,38.415,,0.0,0.0,,,,0.0,0.0,,0.0,,,,,0.0,0.0,,,0.0,0.0,0.0,0.0,,,0.58,0.1,,,1446.622,249.418,,35.366,6.098,,4090.449,9.745,,,,1571.331,0.63,,38.415,,,,,0.0,0.0,,0.0,,,,,124.709,0.05,,3.049,
Guadeloupe,2007,GLP,401620.0,,,,,,1244.958,0.5,29.24,,578.947,,,,,2639.311,1.06,,0.0,0.0,0.0,61.988,,1.71,1.71,,3.99,0.389,25231.457,,,,2639.311,1.06,,,61.988,,,,,0.0,0.0,,,0.0,0.0,0.0,0.0,,0.99,,,,0.0,0.0,,0.0,,,,,1618.445,0.65,,38.012,,0.0,0.0,,,,0.0,0.0,,0.0,,,,,0.0,0.0,,,0.0,0.0,0.0,0.0,,,0.6,0.1,,,1493.949,248.992,,35.088,5.848,,4257.756,10.133,,,,1618.445,0.65,,38.012,,,,,0.0,0.0,,0.0,,,,,124.496,0.05,,2.924,
Guadeloupe,2008,GLP,402099.0,,,,,,1218.605,0.49,28.994,,573.965,,,,,2611.297,1.05,,0.0,0.0,0.0,62.13,,1.69,1.69,,-6.8,-0.689,23487.783,,,,2611.297,1.05,,,62.13,,,,,0.0,0.0,,,0.0,0.0,0.0,0.0,,0.97,,,,0.0,0.0,,0.0,,,,,1591.648,0.64,,37.87,,0.0,0.0,,,,0.0,0.0,,0.0,,,,,0.0,0.0,,,0.0,0.0,0.0,0.0,,,0.59,0.1,,,1467.301,248.695,,34.911,5.917,,4202.945,9.444,,,,1591.648,0.64,,37.87,,,,,0.0,0.0,,0.0,,,,,124.347,0.05,,2.959,
Guadeloupe,2009,GLP,402688.0,,,,,,1216.823,0.49,29.167,,571.429,,,,,2582.645,1.04,,0.0,0.0,0.0,61.905,,1.68,1.68,,-0.984,-0.093,23222.686,,,,2582.645,1.04,,,61.905,,,,,0.0,0.0,,,0.0,0.0,0.0,0.0,,0.96,,,,0.0,0.0,,0.0,,,,,1589.32,0.64,,38.095,,0.0,0.0,,,,0.0,0.0,,0.0,,,,,0.0,0.0,,,0.0,0.0,0.0,0.0,,,0.59,0.1,,,1465.154,248.331,,35.119,5.952,,4171.964,9.351,,,,1589.32,0.64,,38.095,,,,,0.0,0.0,,0.0,,,,,124.166,0.05,,2.976,
Guadeloupe,2010,GLP,403073.0,,,,,,1215.661,0.49,29.167,,565.476,,,,,2555.368,1.03,,0.0,0.0,0.0,61.31,,1.68,1.68,,6.343,0.593,24672.211,,,,2555.368,1.03,,,61.31,,,,,0.0,0.0,,,0.0,0.0,0.0,0.0,,0.95,,,,0.0,0.0,,0.0,,,,,1612.611,0.65,,38.69,,0.0,0.0,,,,0.0,0.0,,0.0,,,,,0.0,0.0,,,0.0,0.0,0.0,0.0,,,0.59,0.1,,,1463.755,248.094,,35.119,5.952,,4167.979,9.945,,,,1612.611,0.65,,38.69,,,,,49.619,0.02,,1.19,,,,,99.238,0.04,,2.381,
Guadeloupe,2011,GLP,403153.0,,,,,,868.157,0.35,20.588,,611.765,,,,,2902.124,1.17,,0.0,0.0,0.0,68.824,,1.7,1.7,,9.323,0.927,26967.006,,,,2902.124,1.17,,,68.824,,,,,0.0,0.0,,,0.0,0.0,0.0,0.0,,1.04,,,,0.0,0.0,,0.0,,,,,1314.637,0.53,,31.176,,0.0,0.0,,,,0.0,0.0,,0.0,,,,,0.0,0.0,,,0.0,0.0,0.0,0.0,,,0.45,0.1,,,1116.202,248.045,,26.471,5.882,,4216.761,10.872,,,,1314.637,0.53,,31.176,,,,,74.413,0.03,,1.765,,,,,124.022,0.05,,2.941,
Guadeloupe,2012,GLP,402988.0,,,,,,,,,,,,,,,,,,0.0,0.0,0.0,,,0.0,0.0,,-100.0,-10.872,0.0,,,,0.0,0.0,,,,,,,,,,,,0.0,0.0,0.0,,,0.0,,,,,,,,,,,,0.0,0.0,,,,0.0,,,,,0.0,0.0,,,,,,,,,,,0.0,0.0,0.0,,,,,0.0,,,,0.0,,,,,0.0,0.0,,,,0.0,0.0,,,,,,,,,,,,,,,,,,,
Guadeloupe,2013,GLP,402351.0,,,,,,,,,,,,,,,,,,0.0,0.0,0.0,,,0.0,0.0,,,0.0,0.0,,,,0.0,0.0,,,,,,,,,,,,0.0,0.0,0.0,,,0.0,,,,,,,,,,,,0.0,0.0,,,,0.0,,,,,0.0,0.0,,,,,,,,,,,0.0,0.0,0.0,,,,,0.0,,,,0.0,,,,,0.0,0.0,,,,0.0,0.0,,,,,,,,,,,,,,,,,,,
Guadeloupe,2014,GLP,400856.0,,,,,,,,,,,,,,,,,,0.0,0.0,0.0,,,0.0,0.0,,,0.0,0.0,,,,0.0,0.0,,,,,,,,,,,,0.0,0.0,0.0,,,0.0,,,,,,,,,,,,0.0,0.0,,,,0.0,,,,,0.0,0.0,,,,,,,,,,,0.0,0.0,0.0,,,,,0.0,,,,0.0,,,,,0.0,0.0,,,,0.0,0.0,,,,,,,,,,,,,,,,,,,
Guadeloupe,2015,GLP,399094.0,,,,,,,,,,,,,,,,,,0.0,0.0,0.0,,,0.0,0.0,,,0.0,0.0,,,,0.0,0.0,,,,,,,,,,,,0.0,0.0,0.0,,,0.0,,,,,,,,,,,,0.0,0.0,,,,0.0,,,,,0.0,0.0,,,,,,,,,,,0.0,0.0,0.0,,,,,0.0,,,,0.0,,,,,0.0,0.0,,,,0.0,0.0,,,,,,,,,,,,,,,,,,,
Guadeloupe,2016,GLP,397861.0,,,,,,,,,,,,,,,,,,0.0,0.0,0.0,,,0.0,0.0,,,0.0,0.0,,,,0.0,0.0,,,,,,,,,,,,0.0,0.0,0.0,,,0.0,,,,,,,,,,,,0.0,0.0,,,,0.0,,,,,0.0,0.0,,,,,,,,,,,0.0,0.0,0.0,,,,,0.0,,,,0.0,,,,,0.0,0.0,,,,0.0,0.0,,,,,,,,,,,,,,,,,,,
Guadeloupe,2017,GLP,397027.0,,,,,,,,,,,,,,,,,,,,,,,0.0,0.0,,,0.0,0.0,,,,0.0,0.0,,,,,,,,,,,,,,,,,0.0,,,,,,,,,,,,0.0,0.0,,,,0.0,,,,,0.0,0.0,,,,,,,,,,,,,,,,,,0.0,,,,0.0,,,,,0.0,0.0,,,,0.0,0.0,,,,,,,,,,,,,,,,,,,
Guadeloupe,2018,GLP,396273.0,,,,,,,,,,,,,,,,,,,,,,,0.0,0.0,,,0.0,0.0,,,,0.0,0.0,,,,,,,,,,,,,,,,,0.0,,,,,,,,,,,,0.0,0.0,,,,0.0,,,,,0.0,0.0,,,,,,,,,,,,,,,,,,0.0,,,,0.0,,,,,0.0,0.0,,,,0.0,0.0,,,,,,,,,,,,,,,,,,,
Guadeloupe,2019,GLP,395487.0,,,,,,,,,,,,,,,,,,,,,,,0.0,0.0,,,0.0,0.0,,,,0.0,0.0,,,,,,,,,,,,,,,,,0.0,,,,,,,,,,,,0.0,0.0,,,,0.0,,,,,0.0,0.0,,,,,,,,,,,,,,,,,,0.0,,,,0.0,,,,,0.0,0.0,,,,0.0,0.0,,,,,,,,,,,,,,,,,,,
Guadeloupe,2020,GLP,395649.0,,,,,,,,,,,,,,,,,,,,,,,0.0,0.0,,,0.0,0.0,,,,0.0,0.0,,,,,,,,,,,,,,,,,0.0,,,,,,,,,,,,0.0,0.0,,,,0.0,,,,,0.0,0.0,,,,,,,,,,,,,,,,,,0.0,,,,0.0,,,,,0.0,0.0,,,,0.0,0.0,,,,,,,,,,,,,,,,,,,
Guadeloupe,2021,GLP,396057.0,,,,,,,,,,,,,,,,,,,,,,,0.0,0.0,,,0.0,0.0,,,,0.0,0.0,,,,,,,,,,,,,,,,,0.0,,,,,,,,,,,,0.0,0.0,,,,0.0,,,,,0.0,0.0,,,,,,,,,,,,,,,,,,0.0,,,,0.0,,,,,0.0,0.0,,,,0.0,0.0,,,,,,,,,,,,,,,,,,,
Guam,1980,GUM,110300.0,,,,,,,,,,,,,,,,,,,0.0,0.0,,,,,,,,132741.891,,,,,,,,,,,,,,,,,,0.0,0.0,,,,,,,,,,,,,,,,,,,,,,,,,,,,,,,,,,,,,,0.0,0.0,,,,,,,,,,,,,,,14.641,,,,,,,,,,,,,,,,,,,,,,,,
Guam,1981,GUM,113233.0,,,,,,,,,,,,,,,,,,0.0,0.0,0.0,,,,,,39.617,5.801,180530.391,,,,,,,,,,,,,,,,,0.0,0.0,0.0,,,,,,,,,,,,,,,,,,,,,,,,,,,,,,,,,,,,,0.0,0.0,0.0,,,,,,,,,,,,,,,20.442,,,,,,,,,,,,,,,,,,,,,,,,
Guam,1982,GUM,116199.0,,,,,,,,,,,,,,,,,,0.0,0.0,0.0,,,,,,-22.857,-4.672,135711.5,,,,,,,,,,,,,,,,,0.0,0.0,0.0,,,,,,,,,,,,,,,,,,,,,,,,,,,,,,,,,,,,,0.0,0.0,0.0,,,,,,,,,,,,,,,15.77,,,,,,,,,,,,,,,,,,,,,,,,
Guam,1983,GUM,119082.0,,,,,,,,,,,,,,,,,,0.0,0.0,0.0,,,,,,-3.704,-0.584,127521.227,,,,,,,,,,,,,,,,,0.0,0.0,0.0,,,,,,,,,,,,,,,,,,,,,,,,,,,,,,,,,,,,,0.0,0.0,0.0,,,,,,,,,,,,,,,15.185,,,,,,,,,,,,,,,,,,,,,,,,
Guam,1984,GUM,121903.0,,,,,,,,,,,,,,,,,,0.0,0.0,0.0,,,,,,-65.29,-9.915,43238.602,,,,,,,,,,,,,,,,,0.0,0.0,0.0,,,,,,,,,,,,,,,,,,,,,,,,,,,,,,,,,,,,,0.0,0.0,0.0,,,,,,,,,,,,,,,5.271,,,,,,,,,,,,,,,,,,,,,,,,
Guam,1985,GUM,124691.0,,,,,,,,,,,,,,,,,,0.0,0.0,0.0,,,,,,-49.029,-2.584,21546.562,,,,,,,,,,,,,,,,,0.0,0.0,0.0,,,,,,,,,,,,,,,,,,,,,,,,,,,,,,,,,,,,,0.0,0.0,0.0,,,,,,,,,,,,,,,2.687,,,,,,,,,,,,,,,,,,,,,,,,
Guam,1986,GUM,127476.0,,,,,,,,,,,,,,,,,,0.0,0.0,0.0,,,,,,67.57,1.815,35316.719,,,,,,,,,,,,,,,,,0.0,0.0,0.0,,,,,,,,,,,,,,,,,,,,,,,,,,,,,,,,,,,,,0.0,0.0,0.0,,,,,,,,,,,,,,,4.502,,,,,,,,,,,,,,,,,,,,,,,,
Guam,1987,GUM,130272.0,,,,,,,,,,,,,,,,,,0.0,0.0,0.0,,,,,,-29.624,-1.334,24321.053,,,,,,,,,,,,,,,,,0.0,0.0,0.0,,,,,,,,,,,,,,,,,,,,,,,,,,,,,,,,,,,,,0.0,0.0,0.0,,,,,,,,,,,,,,,3.168,,,,,,,,,,,,,,,,,,,,,,,,
Guam,1988,GUM,133094.0,,,,,,,,,,,,,,,,,,0.0,0.0,0.0,,,,,,3.474,0.11,24632.486,,,,,,,,,,,,,,,,,0.0,0.0,0.0,,,,,,,,,,,,,,,,,,,,,,,,,,,,,,,,,,,,,0.0,0.0,0.0,,,,,,,,,,,,,,,3.278,,,,,,,,,,,,,,,,,,,,,,,,
Guam,1989,GUM,135771.0,,,,,,,,,,,,,,,,,,0.0,0.0,0.0,,,,,,-7.112,-0.233,22429.539,,,,,,,,,,,,,,,,,0.0,0.0,0.0,,,,,,,,,,,,,,,,,,,,,,,,,,,,,,,,,,,,,0.0,0.0,0.0,,,,,,,,,,,,,,,3.045,,,,,,,,,,,,,,,,,,,,,,,,
Guam,1990,GUM,138279.0,,,,,,,,,,,,,,,,,,0.0,0.0,0.0,,,,,,151.056,4.6,55289.344,,,,,,,,,,,,,,,,,0.0,0.0,0.0,,,,,,,,,,,,,,,,,,,,,,,,,,,,,,,,,,,,,0.0,0.0,0.0,,,,,,,,,,,,,,,7.645,,,,,,,,,,,,,,,,,,,,,,,,
Guam,1991,GUM,140749.0,,,,,,,,,,,,,,,,,,0.0,0.0,0.0,,,,,,12.168,0.93,60928.648,,,,,,,,,,,,,,,,,0.0,0.0,0.0,,,,,,,,,,,,,,,,,,,,,,,,,,,,,,,,,,,,,0.0,0.0,0.0,,,,,,,,,,,,,,,8.576,,,,,,,,,,,,,,,,,,,,,,,,
Guam,1992,GUM,143185.0,,,,,,,,,,,,,,,,,,0.0,0.0,0.0,,,,,,20.237,1.735,72012.18,,,,,,,,,,,,,,,,,0.0,0.0,0.0,,,,,,,,,,,,,,,,,,,,,,,,,,,,,,,,,,,,,0.0,0.0,0.0,,,,,,,,,,,,,,,10.311,,,,,,,,,,,,,,,,,,,,,,,,
Guam,1993,GUM,145551.0,,,,,,,,,,,,,,,,,,0.0,0.0,0.0,,,,,,32.639,3.365,93963.523,,,,,,,,,,,,,,,,,0.0,0.0,0.0,,,,,,,,,,,,,,,,,,,,,,,,,,,,,,,,,,,,,0.0,0.0,0.0,,,,,,,,,,,,,,,13.676,,,,,,,,,,,,,,,,,,,,,,,,
Guam,1994,GUM,147855.0,,,,,,,,,,,,,,,,,,0.0,0.0,0.0,,,,,,45.607,6.237,134685.766,,,,,,,,,,,,,,,,,0.0,0.0,0.0,,,,,,,,,,,,,,,,,,,,,,,,,,,,,,,,,,,,,0.0,0.0,0.0,,,,,,,,,,,,,,,19.914,,,,,,,,,,,,,,,,,,,,,,,,
Guam,1995,GUM,150107.0,,,,,,,,,,,,,,,,,,0.0,0.0,0.0,,,,,,-25.725,-5.123,98537.453,,,,,,,,,,,,,,,,,0.0,0.0,0.0,,,,,,,,,,,,,,,,,,,,,,,,,,,,,,,,,,,,,0.0,0.0,0.0,,,,,,,,,,,,,,,14.791,,,,,,,,,,,,,,,,,,,,,,,,
Guam,1996,GUM,152278.0,,,,,,,,,,,,,,,,,,0.0,0.0,0.0,,,,,,-11.347,-1.678,86110.727,,,,,,,,,,,,,,,,,0.0,0.0,0.0,,,,,,,,,,,,,,,,,,,,,,,,,,,,,,,,,,,,,0.0,0.0,0.0,,,,,,,,,,,,,,,13.113,,,,,,,,,,,,,,,,,,,,,,,,
Guam,1997,GUM,154342.0,,,,,,,,,,,,,,,,,,0.0,0.0,0.0,,,,,,13.918,1.825,96783.398,,,,,,,,,,,,,,,,,0.0,0.0,0.0,,,,,,,,,,,,,,,,,,,,,,,,,,,,,,,,,,,,,0.0,0.0,0.0,,,,,,,,,,,,,,,14.938,,,,,,,,,,,,,,,,,,,,,,,,
Guam,1998,GUM,156372.0,,,,,,,,,,,,,,,,,,0.0,0.0,0.0,,,,,,-17.34,-2.59,78962.93,,,,,,,,,,,,,,,,,0.0,0.0,0.0,,,,,,,,,,,,,,,,,,,,,,,,,,,,,,,,,,,,,0.0,0.0,0.0,,,,,,,,,,,,,,,12.348,,,,,,,,,,,,,,,,,,,,,,,,
Guam,1999,GUM,158406.0,,,,,,,,,,,,,,,,,,0.0,0.0,0.0,,,,,,11.161,1.378,86648.789,,,,,,,,,,,,,,,,,0.0,0.0,0.0,,,,,,,,,,,,,,,,,,,,,,,,,,,,,,,,,,,,,0.0,0.0,0.0,,,,,,,,,,,,,,,13.726,,,,,,,,,,,,,,,,,,,,,,,,
Guam,2000,GUM,160209.0,,,,,,0.0,0.0,0.0,,702.703,,,,,0.0,0.0,,0.0,0.0,0.0,0.0,,1.85,1.85,,1.87,0.257,87275.984,,,,11547.416,1.85,,,100.0,,,,,0.0,0.0,,,0.0,0.0,0.0,0.0,,1.3,,,,0.0,0.0,,0.0,,,,,0.0,0.0,,0.0,,0.0,0.0,,,,0.0,0.0,,0.0,,,,,11547.416,1.85,,,0.0,0.0,0.0,100.0,,,0.0,0.0,,,0.0,0.0,,0.0,0.0,,11547.416,13.982,,,,0.0,0.0,,0.0,,,,,0.0,0.0,,0.0,,,,,0.0,0.0,,0.0,
Guam,2001,GUM,161542.0,,,,,,0.0,0.0,0.0,,702.703,,,,,0.0,0.0,,0.0,0.0,0.0,0.0,,1.85,1.85,,38.455,5.377,119841.039,,,,11452.13,1.85,,,100.0,,,,,0.0,0.0,,,0.0,0.0,0.0,0.0,,1.3,,,,0.0,0.0,,0.0,,,,,0.0,0.0,,0.0,,0.0,0.0,,,,0.0,0.0,,0.0,,,,,11452.13,1.85,,,0.0,0.0,0.0,100.0,,,0.0,0.0,,,0.0,0.0,,0.0,0.0,,11452.13,19.359,,,,0.0,0.0,,0.0,,,,,0.0,0.0,,0.0,,,,,0.0,0.0,,0.0,
Guam,2002,GUM,162581.0,,,,,,0.0,0.0,0.0,,699.387,,,,,0.0,0.0,,0.0,0.0,0.0,0.0,,1.63,1.63,,-30.491,-5.903,82767.82,,,,10025.771,1.63,,,100.0,,,,,0.0,0.0,,,0.0,0.0,0.0,0.0,,1.14,,,,0.0,0.0,,0.0,,,,,0.0,0.0,,0.0,,0.0,0.0,,,,0.0,0.0,,0.0,,,,,10025.771,1.63,,,0.0,0.0,0.0,100.0,,,0.0,0.0,,,0.0,0.0,,0.0,0.0,,10025.771,13.456,,,,0.0,0.0,,0.0,,,,,0.0,0.0,,0.0,,,,,0.0,0.0,,0.0,
Guam,2003,GUM,163405.0,,,,,,0.0,0.0,0.0,,702.381,,,,,0.0,0.0,,0.0,0.0,0.0,0.0,,1.68,1.68,,-15.339,-2.064,69718.664,,,,10281.203,1.68,,,100.0,,,,,0.0,0.0,,,0.0,0.0,0.0,0.0,,1.18,,,,0.0,0.0,,0.0,,,,,0.0,0.0,,0.0,,0.0,0.0,,,,0.0,0.0,,0.0,,,,,10281.203,1.68,,,0.0,0.0,0.0,100.0,,,0.0,0.0,,,0.0,0.0,,0.0,0.0,,10281.203,11.392,,,,0.0,0.0,,0.0,,,,,0.0,0.0,,0.0,,,,,0.0,0.0,,0.0,
Guam,2004,GUM,164022.0,,,,,,0.0,0.0,0.0,,700.565,,,,,0.0,0.0,,0.0,0.0,0.0,0.0,,1.77,1.77,,16.25,1.851,80743.289,,,,10791.235,1.77,,,100.0,,,,,0.0,0.0,,,0.0,0.0,0.0,0.0,,1.24,,,,0.0,0.0,,0.0,,,,,0.0,0.0,,0.0,,0.0,0.0,,,,0.0,0.0,,0.0,,,,,10791.235,1.77,,,0.0,0.0,0.0,100.0,,,0.0,0.0,,,0.0,0.0,,0.0,0.0,,10791.235,13.244,,,,0.0,0.0,,0.0,,,,,0.0,0.0,,0.0,,,,,0.0,0.0,,0.0,
Guam,2005,GUM,164448.0,,,,,,0.0,0.0,0.0,,698.324,,,,,0.0,0.0,,0.0,0.0,0.0,0.0,,1.79,1.79,,17.1,2.265,94305.461,,,,10884.899,1.79,,,100.0,,,,,0.0,0.0,,,0.0,0.0,0.0,0.0,,1.25,,,,0.0,0.0,,0.0,,,,,0.0,0.0,,0.0,,0.0,0.0,,,,0.0,0.0,,0.0,,,,,10884.899,1.79,,,0.0,0.0,0.0,100.0,,,0.0,0.0,,,0.0,0.0,,0.0,0.0,,10884.899,15.508,,,,0.0,0.0,,0.0,,,,,0.0,0.0,,0.0,,,,,0.0,0.0,,0.0,
Guam,2006,GUM,164689.0,,,,,,0.0,0.0,0.0,,698.324,,,,,0.0,0.0,,0.0,0.0,0.0,0.0,,1.79,1.79,,5.461,0.847,99310.289,,,,10868.972,1.79,,,100.0,,,,,0.0,0.0,,,0.0,0.0,0.0,0.0,,1.25,,,,0.0,0.0,,0.0,,,,,0.0,0.0,,0.0,,0.0,0.0,,,,0.0,0.0,,0.0,,,,,10868.972,1.79,,,0.0,0.0,0.0,100.0,,,0.0,0.0,,,0.0,0.0,,0.0,0.0,,10868.972,16.355,,,,0.0,0.0,,0.0,,,,,0.0,0.0,,0.0,,,,,0.0,0.0,,0.0,
Guam,2007,GUM,164775.0,,,,,,0.0,0.0,0.0,,700.565,,,,,0.0,0.0,,0.0,0.0,0.0,0.0,,1.77,1.77,,-27.76,-4.54,71704.367,,,,10741.921,1.77,,,100.0,,,,,0.0,0.0,,,0.0,0.0,0.0,0.0,,1.24,,,,0.0,0.0,,0.0,,,,,0.0,0.0,,0.0,,0.0,0.0,,,,0.0,0.0,,0.0,,,,,10741.921,1.77,,,0.0,0.0,0.0,100.0,,,0.0,0.0,,,0.0,0.0,,0.0,0.0,,10741.921,11.815,,,,0.0,0.0,,0.0,,,,,0.0,0.0,,0.0,,,,,0.0,0.0,,0.0,
Guam,2008,GUM,164736.0,,,,,,0.0,0.0,0.0,,698.864,,,,,0.0,0.0,,0.0,0.0,0.0,0.0,,1.76,1.76,,-37.031,-4.375,45162.445,,,,10683.761,1.76,,,100.0,,,,,0.0,0.0,,,0.0,0.0,0.0,0.0,,1.23,,,,0.0,0.0,,0.0,,,,,0.0,0.0,,0.0,,0.0,0.0,,,,0.0,0.0,,0.0,,,,,10683.761,1.76,,,0.0,0.0,0.0,100.0,,,0.0,0.0,,,0.0,0.0,,0.0,0.0,,10683.761,7.44,,,,0.0,0.0,,0.0,,,,,0.0,0.0,,0.0,,,,,0.0,0.0,,0.0,
Guam,2009,GUM,164593.0,,,,,,0.0,0.0,0.0,,702.857,,,,,0.0,0.0,,0.0,0.0,0.0,0.0,,1.75,1.75,,58.865,4.379,71809.609,,,,10632.287,1.75,,,100.0,,,,,0.0,0.0,,,0.0,0.0,0.0,0.0,,1.23,,,,0.0,0.0,,0.0,,,,,0.0,0.0,,0.0,,0.0,0.0,,,,0.0,0.0,,0.0,,,,,10632.287,1.75,,,0.0,0.0,0.0,100.0,,,0.0,0.0,,,0.0,0.0,,0.0,0.0,,10632.287,11.819,,,,0.0,0.0,,0.0,,,,,0.0,0.0,,0.0,,,,,0.0,0.0,,0.0,
Guam,2010,GUM,164916.0,,,,,,0.0,0.0,0.0,,698.864,,,,,0.0,0.0,,0.0,0.0,0.0,0.0,,1.76,1.76,,-10.86,-1.284,63885.816,,,,10672.1,1.76,,,100.0,,,,,0.0,0.0,,,0.0,0.0,0.0,0.0,,1.23,,,,0.0,0.0,,0.0,,,,,0.0,0.0,,0.0,,0.0,0.0,,,,0.0,0.0,,0.0,,,,,10672.1,1.76,,,0.0,0.0,0.0,100.0,,,0.0,0.0,,,0.0,0.0,,0.0,0.0,,10672.1,10.536,,,,0.0,0.0,,0.0,,,,,0.0,0.0,,0.0,,,,,0.0,0.0,,0.0,
Guam,2011,GUM,165662.0,,,,,,0.0,0.0,0.0,,699.422,,,,,0.0,0.0,,0.0,0.0,0.0,0.0,,1.73,1.73,,-11.635,-1.226,56198.336,,,,10442.95,1.73,,,100.0,,,,,0.0,0.0,,,0.0,0.0,0.0,0.0,,1.21,,,,0.0,0.0,,0.0,,,,,0.0,0.0,,0.0,,0.0,0.0,,,,0.0,0.0,,0.0,,,,,10442.95,1.73,,,0.0,0.0,0.0,100.0,,,0.0,0.0,,,0.0,0.0,,0.0,0.0,,10442.95,9.31,,,,0.0,0.0,,0.0,,,,,0.0,0.0,,0.0,,,,,0.0,0.0,,0.0,
Guam,2012,GUM,166404.0,,,,,,0.0,0.0,0.0,,702.381,,,,,0.0,0.0,,0.0,0.0,0.0,0.0,,1.68,1.68,,7.081,0.659,59909.613,,,,10095.911,1.68,,,100.0,,,,,0.0,0.0,,,0.0,0.0,0.0,0.0,,1.18,,,,0.0,0.0,,0.0,,,,,0.0,0.0,,0.0,,0.0,0.0,,,,0.0,0.0,,0.0,,,,,10095.911,1.68,,,0.0,0.0,0.0,100.0,,,0.0,0.0,,,0.0,0.0,,0.0,0.0,,10095.911,9.969,,,,0.0,0.0,,0.0,,,,,0.0,0.0,,0.0,,,,,0.0,0.0,,0.0,
Guam,2013,GUM,167067.0,,,,,,0.0,0.0,0.0,,700.599,,,,,0.0,0.0,,0.0,0.0,0.0,0.0,,1.67,1.67,,-15.676,-1.563,50317.52,,,,9995.989,1.67,,,100.0,,,,,0.0,0.0,,,0.0,0.0,0.0,0.0,,1.17,,,,0.0,0.0,,0.0,,,,,0.0,0.0,,0.0,,0.0,0.0,,,,0.0,0.0,,0.0,,,,,9995.989,1.67,,,0.0,0.0,0.0,100.0,,,0.0,0.0,,,0.0,0.0,,0.0,0.0,,9995.989,8.406,,,,0.0,0.0,,0.0,,,,,0.0,0.0,,0.0,,,,,0.0,0.0,,0.0,
Guam,2014,GUM,167555.0,,,,,,0.0,0.0,0.0,,697.531,,,,,0.0,0.0,,0.0,0.0,0.0,0.0,,1.62,1.62,,-3.22,-0.271,48555.641,,,,9668.467,1.62,,,100.0,,,,,0.0,0.0,,,0.0,0.0,0.0,0.0,,1.13,,,,0.0,0.0,,0.0,,,,,0.0,0.0,,0.0,,0.0,0.0,,,,0.0,0.0,,0.0,,,,,9668.467,1.62,,,0.0,0.0,0.0,100.0,,,0.0,0.0,,,0.0,0.0,,0.0,0.0,,9668.467,8.136,,,,0.0,0.0,,0.0,,,,,0.0,0.0,,0.0,,,,,0.0,0.0,,0.0,
Guam,2015,GUM,167996.0,,,,,,0.0,0.0,0.0,,684.849,,,,,0.0,0.0,,0.0,0.0,0.0,0.0,,1.65,1.65,,6.251,0.509,51455.406,,,,9643.087,1.62,,,98.182,,,,,0.0,0.0,,,0.0,0.0,0.0,0.0,,1.13,,,,0.0,0.0,,0.0,,,,,178.576,0.03,,1.818,,0.0,0.0,,,,0.0,0.0,,0.0,,,,,9643.087,1.62,,,0.0,0.0,0.0,98.182,,,0.0,0.0,,,0.0,0.0,,0.0,0.0,,9821.662,8.644,,,,178.576,0.03,,1.818,,,,,178.576,0.03,,1.818,,,,,0.0,0.0,,0.0,
Guam,2016,GUM,168362.0,,,,,,0.0,0.0,0.0,,670.52,,,,,0.0,0.0,,0.0,0.0,0.0,0.0,,1.73,1.73,,-5.781,-0.5,48375.195,,,,9859.707,1.66,,,95.954,,,,,0.0,0.0,,,0.0,0.0,0.0,0.0,,1.16,,,,0.0,0.0,,0.0,,,,,415.771,0.07,,4.046,,0.0,0.0,,,,0.0,0.0,,0.0,,,,,9859.707,1.66,,,0.0,0.0,0.0,95.954,,,0.0,0.0,,,0.0,0.0,,0.0,0.0,,10275.478,8.145,,,,415.771,0.07,,4.046,,,,,415.771,0.07,,4.046,,,,,0.0,0.0,,0.0,
Guam,2017,GUM,168619.0,,,,,,0.0,0.0,0.0,,676.136,,,,,0.0,0.0,,,,,0.0,,1.76,1.76,,-8.205,-0.668,44338.289,,,,10081.9,1.7,,,96.591,,,,,0.0,0.0,,,,,,0.0,,1.19,,,,0.0,0.0,,0.0,,,,,355.832,0.06,,3.409,,0.0,0.0,,,,0.0,0.0,,0.0,,,,,10081.9,1.7,,,,,,96.591,,,0.0,0.0,,,0.0,0.0,,0.0,0.0,,10437.732,7.476,,,,355.832,0.06,,3.409,,,,,355.832,0.06,,3.409,,,,,0.0,0.0,,0.0,
Guam,2018,GUM,168696.0,,,,,,0.0,0.0,0.0,,670.52,,,,,0.0,0.0,,,,,0.0,,1.73,1.73,,0.271,0.02,44438.316,,,,9840.186,1.66,,,95.954,,,,,0.0,0.0,,,,,,0.0,,1.16,,,,0.0,0.0,,0.0,,,,,414.948,0.07,,4.046,,0.0,0.0,,,,0.0,0.0,,0.0,,,,,9840.186,1.66,,,,,,95.954,,,0.0,0.0,,,0.0,0.0,,0.0,0.0,,10255.134,7.497,,,,414.948,0.07,,4.046,,,,,414.948,0.07,,4.046,,,,,0.0,0.0,,0.0,
Guam,2019,GUM,168632.0,,,,,,0.0,0.0,0.0,,672.316,,,,,0.0,0.0,,,,,0.0,,1.77,1.77,,-0.054,-0.004,44431.332,,,,10081.123,1.7,,,96.045,,,,,0.0,0.0,,,,,,0.0,,1.19,,,,0.0,0.0,,0.0,,,,,415.105,0.07,,3.955,,0.0,0.0,,,,0.0,0.0,,0.0,,,,,10081.123,1.7,,,,,,96.045,,,0.0,0.0,,,0.0,0.0,,0.0,0.0,,10496.229,7.493,,,,415.105,0.07,,3.955,,,,,415.105,0.07,,3.955,,,,,0.0,0.0,,0.0,
Guam,2020,GUM,169245.0,,,,,,0.0,0.0,0.0,,670.588,,,,,0.0,0.0,,,,,0.0,,1.7,1.7,,-4.916,-0.368,42094.266,,,,9631.009,1.63,,,95.882,,,,,0.0,0.0,,,,,,0.0,,1.14,,,,0.0,0.0,,0.0,,,,,413.602,0.07,,4.118,,0.0,0.0,,,,0.0,0.0,,0.0,,,,,9631.009,1.63,,,,,,95.882,,,0.0,0.0,,,0.0,0.0,,0.0,0.0,,10044.61,7.124,,,,413.602,0.07,,4.118,,,,,413.602,0.07,,4.118,,,,,0.0,0.0,,0.0,
Guam,2021,GUM,170546.0,,,,,,0.0,0.0,0.0,,670.33,,,,,0.0,0.0,,,,,0.0,,1.82,1.82,,5.774,0.411,44185.305,,,,10202.526,1.74,,,95.604,,,,,0.0,0.0,,,,,,0.0,,1.22,,,,0.0,0.0,,0.0,,,,,469.082,0.08,,4.396,,0.0,0.0,,,,0.0,0.0,,0.0,,,,,10202.526,1.74,,,,,,95.604,,,0.0,0.0,,,0.0,0.0,,0.0,0.0,,10671.607,7.536,,,,469.082,0.08,,4.396,,,,,469.082,0.08,,4.396,,,,,0.0,0.0,,0.0,
Guatemala,1900,GTM,1352626.0,,,,,,,,,,,,,,,,,,,,,,,,,,,,,,,,,,,,,,,,,,,,,,,,,,,,,,,,,,,,,,,,,,,,,,,,,,,,,,,,,,,,,0.0,0.0,,,,,,,,,,,,,,,,,,,,,,,,,,,,,,,,,,,,,,,
Guatemala,1901,GTM,1359267.0,,,,,,,,,,,,,,,,,,,,,,,,,,,,,,,,,,,,,,,,,,,,,,,,,,,,,,,,,,,,,,,,,,,,,,,,,,,,,,,,,,,,0.0,0.0,0.0,,,,,,,,,,,,,,,,,,,,,,,,,,,,,,,,,,,,,,,
Guatemala,1902,GTM,1370079.0,,,,,,,,,,,,,,,,,,,,,,,,,,,,,,,,,,,,,,,,,,,,,,,,,,,,,,,,,,,,,,,,,,,,,,,,,,,,,,,,,,,,0.0,0.0,0.0,,,,,,,,,,,,,,,,,,,,,,,,,,,,,,,,,,,,,,,
Guatemala,1903,GTM,1385093.0,,,,,,,,,,,,,,,,,,,,,,,,,,,,,,,,,,,,,,,,,,,,,,,,,,,,,,,,,,,,,,,,,,,,,,,,,,,,,,,,,,,,0.0,0.0,0.0,,,,,,,,,,,,,,,,,,,,,,,,,,,,,,,,,,,,,,,
Guatemala,1904,GTM,1400271.0,,,,,,,,,,,,,,,,,,,,,,,,,,,,,,,,,,,,,,,,,,,,,,,,,,,,,,,,,,,,,,,,,,,,,,,,,,,,,,,,,,,,0.0,0.0,0.0,,,,,,,,,,,,,,,,,,,,,,,,,,,,,,,,,,,,,,,
Guatemala,1905,GTM,1415615.0,,,,,,,,,,,,,,,,,,,,,,,,,,,,,,,,,,,,,,,,,,,,,,,,,,,,,,,,,,,,,,,,,,,,,,,,,,,,,,,,,,,,0.0,0.0,0.0,,,,,,,,,,,,,,,,,,,,,,,,,,,,,,,,,,,,,,,
Guatemala,1906,GTM,1431127.0,,,,,,,,,,,,,,,,,,,,,,,,,,,,,,,,,,,,,,,,,,,,,,,,,,,,,,,,,,,,,,,,,,,,,,,,,,,,,,,,,,,,0.0,0.0,0.0,,,,,,,,,,,,,,,,,,,,,,,,,,,,,,,,,,,,,,,
Guatemala,1907,GTM,1446808.0,,,,,,,,,,,,,,,,,,,,,,,,,,,,,,,,,,,,,,,,,,,,,,,,,,,,,,,,,,,,,,,,,,,,,,,,,,,,,,,,,,,,0.0,0.0,0.0,,,,,,,,,,,,,,,,,,,,,,,,,,,,,,,,,,,,,,,
Guatemala,1908,GTM,1462661.0,,,,,,,,,,,,,,,,,,,,,,,,,,,,,,,,,,,,,,,,,,,,,,,,,,,,,,,,,,,,,,,,,,,,,,,,,,,,,,,,,,,,0.0,0.0,0.0,,,,,,,,,,,,,,,,,,,,,,,,,,,,,,,,,,,,,,,
Guatemala,1909,GTM,1478681.0,,,,,,,,,,,,,,,,,,,,,,,,,,,,,,,,,,,,,,,,,,,,,,,,,,,,,,,,,,,,,,,,,,,,,,,,,,,,,,,,,,,,0.0,0.0,0.0,,,,,,,,,,,,,,,,,,,,,,,,,,,,,,,,,,,,,,,
Guatemala,1910,GTM,1494871.0,,,,,,,,,,,,,,,,,,,,,,,,,,,,,,,,,,,,,,,,,,,,,,,,,,,,,,,,,,,,,,,,,,,,,,,,,,,,,,,,,,,,0.0,0.0,0.0,,,,,,,,,,,,,,,,,,,,,,,,,,,,,,,,,,,,,,,
Guatemala,1911,GTM,1511231.0,,,,,,,,,,,,,,,,,,,,,,,,,,,,,,,,,,,,,,,,,,,,,,,,,,,,,,,,,,,,,,,,,,,,,,,,,,,,,,,,,,,,0.0,0.0,0.0,,,,,,,,,,,,,,,,,,,,,,,,,,,,,,,,,,,,,,,
Guatemala,1912,GTM,1527765.0,,,,,,,,,,,,,,,,,,,,,,,,,,,,,,,,,,,,,,,,,,,,,,,,,,,,,,,,,,,,,,,,,,,,,,,,,,,,,,,,,,,,0.0,0.0,0.0,,,,,,,,,,,,,,,,,,,,,,,,,,,,,,,,,,,,,,,
Guatemala,1913,GTM,1544473.0,,,,,,,,,,,,,,,,,,,,,,,,,,,,,,,,,,,,,,,,,,,,,,,,,,,,,,,,,,,,,,,,,,,,,,,,,,,,,,,,,,,,0.0,0.0,0.0,,,,,,,,,,,,,,,,,,,,,,,,,,,,,,,,,,,,,,,
Guatemala,1914,GTM,1561364.0,,,,,,,,,,,,,,,,,,,,,,,,,,,,,,,,,,,,,,,,,,,,,,,,,,,,,,,,,,,,,,,,,,,,,,,,,,,,,,,,,,,,0.0,0.0,0.0,,,,,,,,,,,,,,,,,,,,,,,,,,,,,,,,,,,,,,,
Guatemala,1915,GTM,1578439.0,,,,,,,,,,,,,,,,,,,,,,,,,,,,,,,,,,,,,,,,,,,,,,,,,,,,,,,,,,,,,,,,,,,,,,,,,,,,,,,,,,,,0.0,0.0,0.0,,,,,,,,,,,,,,,,,,,,,,,,,,,,,,,,,,,,,,,
Guatemala,1916,GTM,1595700.0,,,,,,,,,,,,,,,,,,,,,,,,,,,,,,,,,,,,,,,,,,,,,,,,,,,,,,,,,,,,,,,,,,,,,,,,,,,,,,,,,,,,0.0,0.0,0.0,,,,,,,,,,,,,,,,,,,,,,,,,,,,,,,,,,,,,,,
Guatemala,1917,GTM,1613149.0,,,,,,,,,,,,,,,,,,,,,,,,,,,,,,,,,,,,,,,,,,,,,,,,,,,,,,,,,,,,,,,,,,,,,,,,,,,,,,,,,,,,0.0,0.0,0.0,,,,,,,,,,,,,,,,,,,,,,,,,,,,,,,,,,,,,,,
Guatemala,1918,GTM,1629816.0,,,,,,,,,,,,,,,,,,,,,,,,,,,,,,,,,,,,,,,,,,,,,,,,,,,,,,,,,,,,,,,,,,,,,,,,,,,,,,,,,,,,0.0,0.0,0.0,,,,,,,,,,,,,,,,,,,,,,,,,,,,,,,,,,,,,,,
Guatemala,1919,GTM,1646676.0,,,,,,,,,,,,,,,,,,,,,,,,,,,,,,,,,,,,,,,,,,,,,,,,,,,,,,,,,,,,,,,,,,,,,,,,,,,,,,,,,,,,0.0,0.0,0.0,,,,,,,,,,,,,,,,,,,,,,,,,,,,,,,,,,,,,,,
Guatemala,1920,GTM,1663732.0,3238715904.0,,,,,,,,,,,,,,,,,,,,,,,,,,,,,,,,,,,,,,,,,,,,,,,,,,,,,,,,,,,,,,,,,,,,,,,,,,,,,,,,,,,0.0,0.0,0.0,,,,,,,,,,,,,,,,,,,,,,,,,,,,,,,,,,,,,,,
Guatemala,1921,GTM,1680986.0,3555642112.0,,,,,,,,,,,,,,,,,,,,,,,,,,,,,,,,,,,,,,,,,,,,,,,,,,,,,,,,,,,,,,,,,,,,,,,,,,,,,,,,,,,0.0,0.0,0.0,,,,,,,,,,,,,,,,,,,,,,,,,,,,,,,,,,,,,,,
Guatemala,1922,GTM,1698439.0,3356598016.0,,,,,,,,,,,,,,,,,,,,,,,,,,,,,,,,,,,,,,,,,,,,,,,,,,,,,,,,,,,,,,,,,,,,,,,,,,,,,,,,,,,0.0,0.0,0.0,,,,,,,,,,,,,,,,,,,,,,,,,,,,,,,,,,,,,,,
Guatemala,1923,GTM,1716095.0,3691520000.0,,,,,,,,,,,,,,,,,,,,,,,,,,,,,,,,,,,,,,,,,,,,,,,,,,,,,,,,,,,,,,,,,,,,,,,,,,,,,,,,,,,0.0,0.0,0.0,,,,,,,,,,,,,,,,,,,,,,,,,,,,,,,,,,,,,,,
Guatemala,1924,GTM,1733935.0,3991004928.0,,,,,,,,,,,,,,,,,,,,,,,,,,,,,,,,,,,,,,,,,,,,,,,,,,,,,,,,,,,,,,,,,,,,,,,,,,,,,,,,,,,0.0,0.0,0.0,,,,,,,,,,,,,,,,,,,,,,,,,,,,,,,,,,,,,,,
Guatemala,1925,GTM,1751960.0,3914013952.0,,,,,,,,,,,,,,,,,,,,,,,,,,,,,,,,,,,,,,,,,,,,,,,,,,,,,,,,,,,,,,,,,,,,,,,,,,,,,,,,,,,0.0,0.0,0.0,,,,,,,,,,,,,,,,,,,,,,,,,,,,,,,,,,,,,,,
Guatemala,1926,GTM,1770172.0,3953573120.0,,,,,,,,,,,,,,,,,,,,,,,,,,,,,,,,,,,,,,,,,,,,,,,,,,,,,,,,,,,,,,,,,,,,,,,,,,,,,,,,,,,0.0,0.0,0.0,,,,,,,,,,,,,,,,,,,,,,,,,,,,,,,,,,,,,,,
Guatemala,1927,GTM,1788574.0,4211801088.0,,,,,,,,,,,,,,,,,,,,,,,,,,,,,,,,,,,,,,,,,,,,,,,,,,,,,,,,,,,,,,,,,,,,,,,,,,,,,,,,,,,0.0,0.0,0.0,,,,,,,,,,,,,,,,,,,,,,,,,,,,,,,,,,,,,,,
Guatemala,1928,GTM,1807167.0,4306270208.0,,,,,,,,,,,,,,,,,,,,,,,,,,,,,,,,,,,,,,,,,,,,,,,,,,,,,,,,,,,,,,,,,,,,,,,,,,,,,,,,,,,0.0,0.0,0.0,,,,,,,,,,,,,,,,,,,,,,,,,,,,,,,,,,,,,,,
Guatemala,1929,GTM,1830208.0,4806726144.0,,,,,,,,,,,,,,,,,,,,,,,,,,,,,,,,,,,,,,,,,,,,,,,,,,,,,,,,,,,,,,,,,,,,,,,,,,,,,,,,,,,0.0,0.0,0.0,,,,,,,,,,,,,,,,,,,,,,,,,,,,,,,,,,,,,,,
Guatemala,1930,GTM,1857837.0,5013701120.0,,,,,,,,,,,,,,,,,,,,,,,,,,,,,,,,,,,,,,,,,,,,,,,,,,,,,,,,,,,,,,,,,,,,,,,,,,,,,,,,,,,0.0,0.0,0.0,,,,,,,,,,,,,,,,,,,,,,,,,,,,,,,,,,,,,,,
Guatemala,1931,GTM,1890197.0,4673419776.0,,,,,,,,,,,,,,,,,,,,,,,,,,,,,,,,,,,,,,,,,,,,,,,,,,,,,,,,,,,,,,,,,,,,,,,,,,,,,,,,,,,0.0,0.0,0.0,,,,,,,,,,,,,,,,,,,,,,,,,,,,,,,,,,,,,,,
Guatemala,1932,GTM,1927435.0,4092000000.0,,,,,,,,,,,,,,,,,,,,,,,,,,,,,,,,,,,,,,,,,,,,,,,,,,,,,,,,,,,,,,,,,,,,,,,,,,,,,,,,,,,0.0,0.0,0.0,,,,,,,,,,,,,,,,,,,,,,,,,,,,,,,,,,,,,,,
Guatemala,1933,GTM,1969700.0,4135150080.0,,,,,,,,,,,,,,,,,,,,,,,,,,,,,,,,,,,,,,,,,,,,,,,,,,,,,,,,,,,,,,,,,,,,,,,,,,,,,,,,,,,0.0,0.0,0.0,,,,,,,,,,,,,,,,,,,,,,,,,,,,,,,,,,,,,,,
Guatemala,1934,GTM,2012892.0,4675400192.0,,,,,,,,,,,,,,,,,,,,,,,,,,,,,,,,,,,,,,,,,,,,,,,,,,,,,,,,,,,,,,,,,,,,,,,,,,,,,,,,,,,0.0,0.0,0.0,,,,,,,,,,,,,,,,,,,,,,,,,,,,,,,,,,,,,,,
Guatemala,1935,GTM,2057031.0,5403420160.0,,,,,,,,,,,,,,,,,,,,,,,,,,,,,,,,,,,,,,,,,,,,,,,,,,,,,,,,,,,,,,,,,,,,,,,,,,,,,,,,,,,0.0,0.0,0.0,,,,,,,,,,,,,,,,,,,,,,,,,,,,,,,,,,,,,,,
Guatemala,1936,GTM,2102138.0,7421479936.0,,,,,,,,,,,,,,,,,,,,,,,,,,,,,,,,,,,,,,,,,,,,,,,,,,,,,,,,,,,,,,,,,,,,,,,,,,,,,,,,,,,0.0,0.0,0.0,,,,,,,,,,,,,,,,,,,,,,,,,,,,,,,,,,,,,,,
Guatemala,1937,GTM,2148235.0,7278119936.0,,,,,,,,,,,,,,,,,,,,,,,,,,,,,,,,,,,,,,,,,,,,,,,,,,,,,,,,,,,,,,,,,,,,,,,,,,,,,,,,,,,0.0,0.0,0.0,,,,,,,,,,,,,,,,,,,,,,,,,,,,,,,,,,,,,,,
Guatemala,1938,GTM,2195342.0,7479949824.0,,,,,,,,,,,,,,,,,,,,,,,,,,,,,,,,,,,,,,,,,,,,,,,,,,,,,,,,,,,,,,,,,,,,,,,,,,,,,,,,,,,0.0,0.0,0.0,,,,,,,,,,,,,,,,,,,,,,,,,,,,,,,,,,,,,,,
Guatemala,1939,GTM,2247378.0,8419400192.0,,,,,,,,,,,,,,,,,,,,,,,,,,,,,,,,,,,,,,,,,,,,,,,,,,,,,,,,,,,,,,,,,,,,,,,,,,,,,,,,,,,0.0,0.0,0.0,,,,,,,,,,,,,,,,,,,,,,,,,,,,,,,,,,,,,,,
Guatemala,1940,GTM,2304571.0,9616199680.0,,,,,,,,,,,,,,,,,,,,,,,,,,,,,,,,,,,,,,,,,,,,,,,,,,,,,,,,,,,,,,,,,,,,,,,,,,,,,,,,,,,0.0,0.0,0.0,,,,,,,,,,,,,,,,,,,,,,,,,,,,,,,,,,,,,,,
Guatemala,1941,GTM,2367154.0,10131749888.0,,,,,,,,,,,,,,,,,,,,,,,,,,,,,,,,,,,,,,,,,,,,,,,,,,,,,,,,,,,,,,,,,,,,,,,,,,,,,,,,,,,0.0,0.0,0.0,,,,,,,,,,,,,,,,,,,,,,,,,,,,,,,,,,,,,,,
Guatemala,1942,GTM,2435374.0,10264899584.0,,,,,,,,,,,,,,,,,,,,,,,,,,,,,,,,,,,,,,,,,,,,,,,,,,,,,,,,,,,,,,,,,,,,,,,,,,,,,,,,,,,0.0,0.0,0.0,,,,,,,,,,,,,,,,,,,,,,,,,,,,,,,,,,,,,,,
Guatemala,1943,GTM,2509481.0,6844499968.0,,,,,,,,,,,,,,,,,,,,,,,,,,,,,,,,,,,,,,,,,,,,,,,,,,,,,,,,,,,,,,,,,,,,,,,,,,,,,,,,,,,0.0,0.0,0.0,,,,,,,,,,,,,,,,,,,,,,,,,,,,,,,,,,,,,,,
Guatemala,1944,GTM,2585844.0,6632249856.0,,,,,,,,,,,,,,,,,,,,,,,,,,,,,,,,,,,,,,,,,,,,,,,,,,,,,,,,,,,,,,,,,,,,,,,,,,,,,,,,,,,0.0,0.0,0.0,,,,,,,,,,,,,,,,,,,,,,,,,,,,,,,,,,,,,,,
Guatemala,1945,GTM,2664531.0,6736840192.0,,,,,,,,,,,,,,,,,,,,,,,,,,,,,,,,,,,,,,,,,,,,,,,,,,,,,,,,,,,,,,,,,,,,,,,,,,,,,,,,,,,0.0,0.0,0.0,,,,,,,,,,,,,,,,,,,,,,,,,,,,,,,,,,,,,,,
Guatemala,1946,GTM,2745612.0,7977500160.0,,,,,,,,,,,,,,,,,,,,,,,,,,,,,,,,,,,,,,,,,,,,,,,,,,,,,,,,,,,,,,,,,,,,,,,,,,,,,,,,,,,0.0,0.0,0.0,,,,,,,,,,,,,,,,,,,,,,,,,,,,,,,,,,,,,,,
Guatemala,1947,GTM,2829160.0,8090359808.0,,,,,,,,,,,,,,,,,,,,,,,,,,,,,,,,,,,,,,,,,,,,,,,,,,,,,,,,,,,,,,,,,,,,,,,,,,,,,,,,,,,0.0,0.0,0.0,,,,,,,,,,,,,,,,,,,,,,,,,,,,,,,,,,,,,,,
Guatemala,1948,GTM,2915251.0,8366159872.0,,,,,,,,,,,,,,,,,,,,,,,,,,,,,,,,,,,,,,,,,,,,,,,,,,,,,,,,,,,,,,,,,,,,,,,,,,,,,,,,,,,0.0,0.0,0.0,,,,,,,,,,,,,,,,,,,,,,,,,,,,,,,,,,,,,,,
Guatemala,1949,GTM,3005430.0,9152799744.0,,,,,,,,,,,,,,,,,,,,,,,,,,,,,,,,,,,,,,,,,,,,,,,,,,,,,,,,,,,,,,,,,,,,,,,,,,,,,,,,,,,0.0,0.0,0.0,,,,,,,,,,,,,,,,,,,,,,,,,,,,,,,,,,,,,,,
Guatemala,1950,GTM,3099871.0,9865907200.0,,,,,,,,,,,,,,,,,,,,,,,,,,,,,,,,,,,,,,,,,,,,,,,,,,,,,,,,,,,,,,,,,,,,,,,,,,,,,,,,,,,0.0,0.0,0.0,,,,,,,,,,,,,,,,,,,,,,,,,,,,,,,,,,,,,,,
Guatemala,1951,GTM,3185855.0,10004358144.0,,,,,,,,,,,,,,,,,,,,,,,,,,,,,,,,,,,,,,,,,,,,,,,,,,,,,,,,,,,,,,,,,,,,,,,,,,,,,,,,,,,0.0,0.0,0.0,,,,,,,,,,,,,,,,,,,,,,,,,,,,,,,,,,,,,,,
Guatemala,1952,GTM,3276113.0,10213516288.0,,,,,,,,,,,,,,,,,,,,,,,,,,,,,,,,,,,,,,,,,,,,,,,,,,,,,,,,,,,,,,,,,,,,,,,,,,,,,,,,,,,0.0,0.0,0.0,,,,,,,,,,,,,,,,,,,,,,,,,,,,,,,,,,,,,,,
Guatemala,1953,GTM,3368491.0,10588291072.0,,,,,,,,,,,,,,,,,,,,,,,,,,,,,,,,,,,,,,,,,,,,,,,,,,,,,,,,,,,,,,,,,,,,,,,,,,,,,,,,,,,0.0,0.0,0.0,,,,,,,,,,,,,,,,,,,,,,,,,,,,,,,,,,,,,,,
Guatemala,1954,GTM,3462957.0,10782944256.0,,,,,,,,,,,,,,,,,,,,,,,,,,,,,,,,,,,,,,,,,,,,,,,,,,,,,,,,,,,,,,,,,,,,,,,,,,,,,,,,,,,0.0,0.0,0.0,,,,,,,,,,,,,,,,,,,,,,,,,,,,,,,,,,,,,,,
Guatemala,1955,GTM,3560248.0,11053790208.0,,,,,,,,,,,,,,,,,,,,,,,,,,,,,,,,,,,,,,,,,,,,,,,,,,,,,,,,,,,,,,,,,,,,,,,,,,,,,,,,,,,0.0,0.0,0.0,,,,,,,,,,,,,,,,,,,,,,,,,,,,,,,,,,,,,,,
Guatemala,1956,GTM,3660608.0,12055894016.0,,,,,,,,,,,,,,,,,,,,,,,,,,,,,,,,,,,,,,,,,,,,,,,,,,,,,,,,,,,,,,,,,,,,,,,,,,,,,,,,,,,0.0,0.0,0.0,,,,,,,,,,,,,,,,,,,,,,,,,,,,,,,,,,,,,,,
Guatemala,1957,GTM,3764484.0,12737280000.0,,,,,,,,,,,,,,,,,,,,,,,,,,,,,,,,,,,,,,,,,,,,,,,,,,,,,,,,,,,,,,,,,,,,,,,,,,,,,,,,,,,0.0,0.0,0.0,,,,,,,,,,,,,,,,,,,,,,,,,,,,,,,,,,,,,,,
Guatemala,1958,GTM,3870644.0,13335209984.0,,,,,,,,,,,,,,,,,,,,,,,,,,,,,,,,,,,,,,,,,,,,,,,,,,,,,,,,,,,,,,,,,,,,,,,,,,,,,,,,,,,0.0,0.0,0.0,,,,,,,,,,,,,,,,,,,,,,,,,,,,,,,,,,,,,,,
Guatemala,1959,GTM,3981257.0,13990280192.0,,,,,,,,,,,,,,,,,,,,,,,,,,,,,,,,,,,,,,,,,,,,,,,,,,,,,,,,,,,,,,,,,,,,,,,,,,,,,,,,,,,0.0,0.0,0.0,,,,,,,,,,,,,,,,,,,,,,,,,,,,,,,,,,,,,,,
Guatemala,1960,GTM,4098362.0,14333599744.0,,,,,,,,,,,,,,,,,,,,,,,,,,,,,,,,,,,,,,,,,,,,,,,,,,,,,,,,,,,,,,,,,,,,,,,,,,,,,,,,,,,0.0,0.0,0.0,,,,,,,,,,,,,,,,,,,,,,,,,,,,,,,,,,,,,,,
Guatemala,1961,GTM,4220371.0,14947424256.0,,,,,,,,,,,,,,,,,,,,,,,,,,,,,,,,,,,,,,,,,,,,,,,,,,,,,,,,,,,,,,,,,,,,,,,,,,,,,,,,,,,0.0,0.0,0.0,,,,,,,,,,,,,,,,,,,,,,,,,,,,,,,,,,,,,,,
Guatemala,1962,GTM,4346335.0,15472280576.0,,,,,,,,,,,,,,,,,,,,,,,,,,,,,,,,,,,,,,,,,,,,,,,,,,,,,,,,,,,,,,,,,,,,,,,,,,,,,,,,,,,0.0,0.0,0.0,,,,,,,,,,,,,,,,,,,,,,,,,,,,,,,,,,,,,,,
Guatemala,1963,GTM,4475720.0,16951572480.0,,,,,,,,,,,,,,,,,,,,,,,,,,,,,,,,,,,,,,,,,,,,,,,,,,,,,,,,,,,,,,,,,,,,,,,,,,,,,,,,,,,0.0,0.0,0.0,,,,,,,,,,,,,,,,,,,,,,,,,,,,,,,,,,,,,,,
Guatemala,1964,GTM,4608500.0,17735100416.0,,,,,,,,,,,,,,,,,,,,,,,,,,,,,,,,,,,,,,,,,,,,,,,,,,,,,,,,,,,,,,,,,,,,,,,,,,,,,,,,,,,0.0,0.0,0.0,,,,,,,,,,,,,,,,,,,,,,,,,,,,,,,,,,,,,,,
Guatemala,1965,GTM,4744468.0,18509400064.0,,,,,,,,,,,,,,,,,,,,,,,,,,,,,,,,,,,,,,,,,,,,,,,,,,,,,,,,,,,,,,,,,,,,,,,,,,,,,,,,,,,0.0,0.0,0.0,,,,,,,,,,,,,,,,,,,,,,,,,,,,,,,,,,,,,,,
Guatemala,1966,GTM,4882546.0,19531819008.0,,,,,,,,,,,,,,,,,,,,,,,,,,,,,,,,,,,,,,,,,,,,,,,,,,,,,,,,,,,,,,,,,,,,,,,,,,,,,,,,,,,0.0,0.0,0.0,,,,,,,,,,,,,,,,,,,,,,,,,,,,,,,,,,,,,,,
Guatemala,1967,GTM,5022622.0,20331388928.0,,,,,,,,,,,,,,,,,,,,,,,,,,,,,,,,,,,,,,,,,,,,,,,,,,,,,,,,,,,,,,,,,,,,,,,,,,,,,,,,,,,0.0,0.0,0.0,,,,,,,,,,,,,,,,,,,,,,,,,,,,,,,,,,,,,,,
Guatemala,1968,GTM,5164911.0,22122326016.0,,,,,,,,,,,,,,,,,,,,,,,,,,,,,,,,,,,,,,,,,,,,,,,,,,,,,,,,,,,,,,,,,,,,,,,,,,,,,,,,,,,0.0,0.0,0.0,,,,,,,,,,,,,,,,,,,,,,,,,,,,,,,,,,,,,,,
Guatemala,1969,GTM,5308300.0,23164047360.0,,,,,,,,,,,,,,,,,,,,,,,,,,,,,,,,,,,,,,,,,,,,,,,,,,,,,,,,,,,,,,,,,,,,,,,,,,,,,,,,,,,0.0,0.0,0.0,,,,,,,,,,,,,,,,,,,,,,,,,,,,,,,,,,,,,,,
Guatemala,1970,GTM,5453206.0,24493391872.0,,,,,,,,,,,,,,,,,,,,,,,,,,,,,,,,,,,,,,,,,,,,,,,,,,,,,,,,,,,,,,,,,,,,,,,,,,,,,,,,,,,0.0,0.0,0.0,,,,,,,,,,,,,,,,,,,,,,,,,,,,,,,,,,,,,,,
Guatemala,1971,GTM,5598298.0,25853384704.0,,,,,,,,,,,,,,,,,,,,,,,,,,,,,,,,,,,,,,,,,,,,,,,,,,,,,,,,,,,,,,,,,,,,,,,,,,,,,,,,,,,0.0,0.0,0.0,,,,,,,,,,,,,,,,,,,,,,,,,,,,,,,,,,,,,,,
Guatemala,1972,GTM,5744610.0,27753869312.0,,,,,,,,,,,,,,,,,,,,,,,,,,,,,,,,,,,,,,,,,,,,,,,,,,,,,,,,,,,,,,,,,,,,,,,,,,,,,,,,,,,0.0,0.0,0.0,,,,,,,,,,,,,,,,,,,,,,,,,,,,,,,,,,,,,,,
Guatemala,1973,GTM,5895105.0,29632944128.0,,,,,,,,,,,,,,,,,,,,,,,,,,,,,,,,,,,,,,,,,,,,,,,,,,,,,,,,,,,,,,,,,,,,,,,,,,,,,,,,,,,0.0,0.0,0.0,,,,,,,,,,,,,,,,,,,,,,,,,,,,,,,,,,,,,,,
Guatemala,1974,GTM,6048169.0,31526352896.0,,,,,,,,,,,,,,,,,,,,,,,,,,,,,,,,,,,,,,,,,,,,,,,,,,,,,,,,,,,,,,,,,,,,,,,,,,,,,,,,,,,0.0,0.0,0.0,,,,,,,,,,,,,,,,,,,,,,,,,,,,,,,,,,,,,,,
Guatemala,1975,GTM,6201738.0,32144490496.0,,,,,,,,,,,,,,,,,,,,,,,,,,,,,,,,,,,,,,,,,,,,,,,,,,,,,,,,,,,,,,,,,,,,,,,,,,,,,,,,,,,0.0,0.0,0.0,,,,,,,,,,,,,,,,,,,,,,,,,,,,,,,,,,,,,,,
Guatemala,1976,GTM,6342734.0,34520956928.0,,,,,,,,,,,,,,,,,,,,,,,,,,,,,,,,,,,,,,,,,,,,,,,,,,,,,,,,,,,,,,,,,,,,,,,,,,,,,,,,,,,0.151,23.837,0.151,,,,,,,,,,,,,,,,,,,,,,,,,,,,,,,,,,,,,,,
Guatemala,1977,GTM,6487157.0,37212983296.0,,,,,,,,,,,,,,,,,,,,,,,,,,,,,,,,,,,,,,,,,,,,,,,,,,,,,,,,,,,,,,,,,,,,,,,,,,,,,,,,,,-46.154,-0.07,12.549,0.081,,,,,,,,,,,,,,,,,,,,,,,,,,,,,,,,,,,,,,,
Guatemala,1978,GTM,6648774.0,39065976832.0,,,,,,,,,,,,,,,,,,,,,,,,,,,,,,,,,,,,,,,,,,,,,,,,,,,,,,,,,,,,,,,,,,,,,,,,,,,,,,,,,,328.571,0.267,52.476,0.349,,,,,,,,,,,,,,,,,,,,,,,,,,,,,,,,,,,,,,,
Guatemala,1979,GTM,6814727.0,40911806464.0,,,,,,,,,,,,,,,,,,,,,,,,,,,,,,,,,,,,,,,,,,,,,,,,,,,,,,,,,,,,,,,,,,,,,,,,,,,,,,,,,,160.0,0.558,133.115,0.907,,,,,,,,,,,,,,,,,,,,,,,,,,,,,,,,,,,,,,,
Guatemala,1980,GTM,6987769.0,42453598208.0,,,,,,,,,,,,,,,,,,0.0,0.0,,,,,,,,2706.181,0.445,,,,,,,,,,,,,,,,,0.0,0.0,,,,,,,,,,,,,,,,,,,,,,,,,,,,,,,,,,,,251.792,2.284,456.691,3.191,,,,,,,,,,,,,,,18.91,,,,,,,,,,,,,,,,,,,,,,,,
Guatemala,1981,GTM,7165508.0,42722222080.0,,,,,,,,,,,,,,,,,0.0,0.0,0.0,,,,,,-15.494,-2.93,2230.171,0.374,,,,,,,,,,,,,,,,0.0,0.0,0.0,,,,,,,,,,,,,,,,,,,,,,,,,,,,,,,,,,,,-0.273,-0.009,444.146,3.183,,,,,,,,,,,,,,,15.98,,,,,,,,,,,,,,,,,,,,,,,,
Guatemala,1982,GTM,7332796.0,41220648960.0,,,,,,,,,,,,,,,,,0.0,0.0,0.0,,,,,,2.8,0.447,2240.31,0.399,,,,,,,,,,,,,,,,0.0,0.0,0.0,,,,,,,,,,,,,,,,,,,,,,,,,,,,,,,,,,,,20.0,0.637,520.816,3.819,,,,,,,,,,,,,,,16.428,,,,,,,,,,,,,,,,,,,,,,,,
Guatemala,1983,GTM,7512051.0,40150564864.0,,,,,,,,,,,,,,,,,0.0,0.0,0.0,,,,,,9.573,1.573,2396.189,0.448,,,,,,,,,,,,,,,,0.0,0.0,0.0,,,,,,,,,,,,,,,,,,,,,,,,,,,,,,,,,,,,16.588,0.634,592.72,4.453,,,,,,,,,,,,,,,18.0,,,,,,,,,,,,,,,,,,,,,,,,
Guatemala,1984,GTM,7718977.0,40361218048.0,,,,,,,,,,,,,,,,,0.0,0.0,0.0,,,,,,-13.119,-2.361,2026.029,0.387,,,,,,,,,,,,,,,,0.0,0.0,0.0,,,,,,,,,,,,,,,,,,,,,,,,,,,,,,,,,,,,-28.328,-1.261,413.429,3.191,,,,,,,,,,,,,,,15.639,,,,,,,,,,,,,,,,,,,,,,,,
Guatemala,1985,GTM,7932187.0,40118652928.0,,,,,,,,,,,,,,,,,0.0,0.0,0.0,,,,,,12.516,1.957,2218.332,0.439,,,,,,,,,,,,,,,,0.0,0.0,0.0,,,,,,,,,,,,,,,,,,,,,,,,,,,,,,,,,,,,-40.164,-1.282,240.73,1.91,,,,,,,,,,,,,,,17.596,,,,,,,,,,,,,,,,,,,,,,,,
Guatemala,1986,GTM,8148187.0,40163520512.0,,,,,,,,,,,,,,,,,0.0,0.0,0.0,,,,,,8.162,1.436,2335.797,0.474,,,,,,,,,,,,,,,,0.0,0.0,0.0,,,,,,,,,,,,,,,,,,,,,,,,,,,,,,,,,,,,66.667,1.273,390.582,3.183,,,,,,,,,,,,,,,19.033,,,,,,,,,,,,,,,,,,,,,,,,
Guatemala,1987,GTM,8369362.0,41599680512.0,,,,,,,,,,,,,,,,,0.0,0.0,0.0,,,,,,0.645,0.123,2288.73,0.46,,,,,,,,,,,,,,,,0.0,0.0,0.0,,,,,,,,,,,,,,,,,,,,,,,,,,,,,,,,,,,,-20.0,-0.637,304.208,2.546,,,,,,,,,,,,,,,19.155,,,,,,,,,,,,,,,,,,,,,,,,
Guatemala,1988,GTM,8600110.0,43210657792.0,,,,,,,,,,,,,,,,,0.0,0.0,0.0,,,,,,9.645,1.848,2442.146,0.486,,,,,,,,,,,,,,,,0.0,0.0,0.0,,,,,,,,,,,,,,,,,,,,,,,,,,,,,,,,,,,,-24.769,-0.631,222.717,1.915,,,,,,,,,,,,,,,21.003,,,,,,,,,,,,,,,,,,,,,,,,
Guatemala,1989,GTM,8839546.0,44912263168.0,,,,,,,,,,,,,,,,,0.0,0.0,0.0,,,,,,4.584,0.963,2484.9,0.489,,,,,,,,,,,,,,,,0.0,0.0,0.0,,,,,,,,,,,,,,,,,,,,,,,,,,,,,,,,,,,,32.969,0.631,288.124,2.547,,,,,,,,,,,,,,,21.965,,,,,,,,,,,,,,,,,,,,,,,,
Guatemala,1990,GTM,9084779.0,46309388288.0,,,,,,,,,,,,,,,,,0.0,0.0,0.0,,,,,,6.724,1.477,2580.391,0.506,,,,,,,,,,,,,,,,0.0,0.0,0.0,,,,,,,,,,,,,,,,,,,,,,,,,,,,,,,,,,,,0.0,0.0,280.346,2.547,,,,,,,,,,,,,,,23.442,,,,,,,,,,,,,,,,,,,,,,,,
Guatemala,1991,GTM,9329564.0,47626485760.0,,,,,,,,,,,,,,,,,0.0,0.0,0.0,,,,,,-2.778,-0.651,2442.873,0.479,,,,,,,,,,,,,,,,0.0,0.0,0.0,,,,,,,,,,,,,,,,,,,,,,,,,,,,,,,,,,,,10.0,0.255,300.289,2.802,,,,,,,,,,,,,,,22.791,,,,,,,,,,,,,,,,,,,,,,,,
Guatemala,1992,GTM,9576630.0,50269765632.0,,,,,,,,,,,,,,,,,0.0,0.0,0.0,,,,,,10.083,2.298,2619.808,0.499,,,,,,,,,,,,,,,,0.0,0.0,0.0,,,,,,,,,,,,,,,,,,,,,,,,,,,,,,,,,,,,9.39,0.263,320.011,3.065,,,,,,,,,,,,,,,25.089,,,,,,,,,,,,,,,,,,,,,,,,
Guatemala,1993,GTM,9831871.0,52486725632.0,,,,,,,,,,,,,,,,,0.0,0.0,0.0,,,,,,6.843,1.717,2726.418,0.511,,,,,,,,,,,,,,,,0.0,0.0,0.0,,,,,,,,,,,,,,,,,,,,,,,,,,,,,,,,,,,,45.435,1.392,453.326,4.457,,,,,,,,,,,,,,,26.806,,,,,,,,,,,,,,,,,,,,,,,,
Guatemala,1994,GTM,10094917.0,54315614208.0,,,,,,,,,,,,,,,,,0.0,0.0,0.0,,,,,,11.651,3.123,2964.76,0.551,,,,,,,,,,,,,,,,0.0,0.0,0.0,,,,,,,,,,,,,,,,,,,,,,,,,,,,,,,,,,,,18.454,0.823,522.991,5.28,,,,,,,,,,,,,,,29.929,,,,,,,,,,,,,,,,,,,,,,,,
Guatemala,1995,GTM,10363096.0,56765521920.0,,,,,,,,,,,,,,,,,0.0,0.0,0.0,,,,,,6.996,2.094,3090.082,0.564,,,,,,,,,,,,,,,,0.0,0.0,0.0,,,,,,,,,,,,,,,,,,,,,,,,,,,,,,,,,,,,14.918,0.788,585.458,6.067,,,,,,,,,,,,,,,32.023,,,,,,,,,,,,,,,,,,,,,,,,
Guatemala,1996,GTM,10632295.0,58479763456.0,,,,,,,,,,,,,,,,,0.0,0.0,0.0,,,,,,3.414,1.093,3114.656,0.566,,,,,,,,,,,,,,,,0.0,0.0,0.0,,,,,,,,,,,,,,,,,,,,,,,,,,,,,,,,,,,,35.02,2.125,770.472,8.192,,,,,,,,,,,,,,,33.116,,,,,,,,,,,,,,,,,,,,,,,,
Guatemala,1997,GTM,10905387.0,61052264448.0,,,,,,,,,,,,,,,,,0.0,0.0,0.0,,,,,,8.01,2.653,3279.899,0.586,,,,,,,,,,,,,,,,0.0,0.0,0.0,,,,,,,,,,,,,,,,,,,,,,,,,,,,,,,,,,,,24.361,1.996,934.174,10.188,,,,,,,,,,,,,,,35.769,,,,,,,,,,,,,,,,,,,,,,,,
Guatemala,1998,GTM,11184035.0,64137048064.0,,,,,,,,,,,,,,,,,0.0,0.0,0.0,,,,,,17.603,6.296,3761.163,0.656,,,,,,,,,,,,,,,,0.0,0.0,0.0,,,,,,,,,,,,,,,,,,,,,,,,,,,,,,,,,,,,48.545,4.945,1353.09,15.133,,,,,,,,,,,,,,,42.065,,,,,,,,,,,,,,,,,,,,,,,,
Guatemala,1999,GTM,11463503.0,66900680704.0,,,,,,,,,,,,,,,,,0.0,0.0,0.0,,,,,,7.752,3.261,3953.918,0.678,,,,,,,,,,,,,,,,0.0,0.0,0.0,,,,,,,,,,,,,,,,,,,,,,,,,,,,,,,,,,,,-3.228,-0.488,1277.495,14.645,,,,,,,,,,,,,,,45.326,,,,,,,,,,,,,,,,,,,,,,,,
Guatemala,2000,GTM,11735893.0,68715679744.0,,,,,41.752,0.49,8.126,,366.501,,,,,35.788,0.42,,0.0,0.0,0.0,6.965,,5.33,6.03,,5.085,2.305,4058.544,0.693,,,241.993,2.84,,,47.098,,,,,0.0,0.0,,,0.0,0.0,0.0,0.0,,2.21,,,,213.022,2.5,,41.459,,,,,271.816,3.19,,52.902,,-0.7,-13.133,,,,0.0,0.0,,0.0,,,,,206.205,2.42,,-9.841,-1.441,1125.049,13.203,40.133,,,0.69,0.2,,,58.794,17.042,,11.443,3.317,,513.808,47.631,,,,271.816,3.19,,52.902,,,,,0.0,0.0,,0.0,,,,,0.0,0.0,,0.0,
Guatemala,2001,GTM,12009197.0,70380544000.0,,,,,51.627,0.62,10.635,,382.504,,,,,35.806,0.43,,0.0,0.0,0.0,7.376,,5.59,5.83,,4.23,2.015,4133.946,0.705,,,235.653,2.83,,,48.542,,,,,0.0,0.0,,,0.0,0.0,0.0,0.0,,2.23,,,,181.528,2.18,,37.393,,,,,249.809,3.0,,51.458,,-0.24,-4.293,,,,0.0,0.0,,0.0,,,,,199.847,2.4,,1.656,0.219,1117.649,13.422,41.166,,,0.82,0.2,,,68.281,16.654,,14.065,3.431,,485.461,49.645,,,,249.809,3.0,,51.458,,,,,0.0,0.0,,0.0,,,,,0.0,0.0,,0.0,
Guatemala,2002,GTM,12289867.0,73277358080.0,,,,,53.703,0.66,10.749,,426.71,,,,,40.684,0.5,,0.0,0.0,0.0,8.143,,5.76,6.14,,1.074,0.533,4082.936,0.685,,,272.582,3.35,,,54.56,,,,,0.0,0.0,,,0.0,0.0,0.0,0.0,,2.62,,,,157.04,1.93,,31.433,,,,,227.016,2.79,,45.44,,-0.38,-6.597,,,,0.0,0.0,,0.0,,,,,231.898,2.85,,-14.637,-1.965,932.27,11.457,46.417,,,0.86,0.2,,,69.976,16.274,,14.007,3.257,,499.599,50.179,,,,227.016,2.79,,45.44,,,,,0.0,0.0,,0.0,,,,,0.0,0.0,,0.0,
Guatemala,2003,GTM,12570507.0,75358445568.0,,,,,55.686,0.7,9.15,,413.072,,,,,42.958,0.54,,0.0,0.0,0.0,7.059,,7.25,7.65,,9.795,4.915,4382.797,0.731,,,326.16,4.1,,,53.595,,,,,0.0,0.0,,,0.0,0.0,0.0,0.0,,3.16,,,,210.811,2.65,,34.641,,,,,282.407,3.55,,46.405,,-0.4,-5.517,,,,0.0,0.0,,0.0,,,,,283.203,3.56,,22.229,2.547,1114.065,14.004,46.536,,,0.9,0.2,,,71.596,15.91,,11.765,2.614,,608.567,55.094,,,,282.407,3.55,,46.405,,,,,0.0,0.0,,0.0,,,,,0.0,0.0,,0.0,
Guatemala,2004,GTM,12852433.0,78110564352.0,,,,,42.793,0.55,8.16,,394.659,,,,,32.679,0.42,,0.0,0.0,0.0,6.231,,6.32,6.74,,-5.631,-3.102,4045.296,0.666,,,268.432,3.45,,,51.187,,,,,0.0,0.0,,,0.0,0.0,0.0,0.0,,2.66,,,,197.628,2.54,,37.685,,,,,255.983,3.29,,48.813,,-0.42,-6.646,,,,0.0,0.0,,0.0,,,,,235.753,3.03,,-9.679,-1.355,984.166,12.649,44.955,,,0.75,0.2,,,58.355,15.561,,11.128,2.967,,524.414,51.992,,,,255.983,3.29,,48.813,,,,,0.0,0.0,,0.0,,,,,0.0,0.0,,0.0,
Guatemala,2005,GTM,13132818.0,80887496704.0,,,,,70.054,0.92,11.084,,406.024,,,,,41.118,0.54,,0.0,0.0,0.0,6.506,,7.98,8.3,,3.239,1.684,4087.143,0.664,,,328.185,4.31,,,51.928,,,,,0.0,0.0,,,0.0,0.0,0.0,0.0,,3.37,,,,221.582,2.91,,35.06,,,,,303.819,3.99,,48.072,,-0.32,-4.01,,,,0.0,0.0,,0.0,,,,,287.067,3.77,,-13.653,-1.727,831.652,10.922,45.422,,,1.08,0.16,,,82.237,12.183,,13.012,1.928,,632.005,53.676,,,,303.819,3.99,,48.072,,,,,0.0,0.0,,0.0,,,,,0.0,0.0,,0.0,
Guatemala,2006,GTM,13412401.0,85203984384.0,,,,,87.978,1.18,14.234,,361.882,,,,,39.516,0.53,,0.0,0.0,0.0,6.393,,8.21,8.29,,6.021,3.232,4242.915,0.668,,,274.373,3.68,,,44.391,,,,,0.0,0.0,,,0.0,0.0,0.0,0.0,,3.0,,,,243.804,3.27,,39.445,,,,,343.712,4.61,,55.609,,-0.08,-0.974,,,,0.0,0.0,,0.0,,,,,234.857,3.15,,17.438,1.905,956.318,12.827,37.998,,,1.34,0.16,,,99.908,11.929,,16.164,1.93,,618.085,56.908,,,,343.712,4.61,,55.609,,,,,0.0,0.0,,0.0,,,,,0.0,0.0,,0.0,
Guatemala,2007,GTM,13696609.0,90478133248.0,,,,,96.374,1.32,14.634,,394.678,,,,,43.806,0.6,,0.0,0.0,0.0,6.652,,8.9,9.02,,7.2,4.097,4454.024,0.674,,,324.168,4.44,,,49.224,,,,,0.0,0.0,,,0.0,0.0,0.0,0.0,,3.56,,,,219.032,3.0,,33.259,,,,,334.389,4.58,,50.776,,-0.12,-1.348,,,,0.0,0.0,,0.0,,,,,280.361,3.84,,-21.479,-2.755,735.329,10.072,42.572,,,1.58,0.26,,,115.357,18.983,,17.517,2.882,,658.557,61.005,,,,334.389,4.58,,50.776,,,,,0.0,0.0,,0.0,,,,,0.0,0.0,,0.0,
Guatemala,2008,GTM,13979451.0,93355040768.0,,,,,80.118,1.12,13.27,,330.569,,,,,31.475,0.44,,0.0,0.0,0.0,5.213,,8.37,8.44,,-7.126,-4.347,4052.934,0.607,,,242.499,3.39,,,40.166,,,,,0.0,0.0,,,0.0,0.0,0.0,0.0,,2.79,,,,260.382,3.64,,43.128,,,,,361.245,5.05,,59.834,,-0.07,-0.836,,,,0.0,0.0,,0.0,,,,,211.024,2.95,,-1.582,-0.159,709.056,9.912,34.953,,,1.41,0.29,,,100.862,20.745,,16.706,3.436,,603.743,56.658,,,,361.245,5.05,,59.834,,,,,0.0,0.0,,0.0,,,,,0.0,0.0,,0.0,
Guatemala,2009,GTM,14259415.0,93747200000.0,,,,,91.869,1.31,15.34,,382.904,,,,,34.363,0.49,,0.0,0.0,0.0,5.738,,8.48,8.54,,4.559,2.583,4154.522,0.632,,,283.322,4.04,,,47.307,,,,,0.0,0.0,,,0.0,0.0,0.0,0.0,,3.27,,,,204.076,2.91,,34.075,,,,,315.581,4.5,,52.693,,-0.06,-0.708,,,,0.0,0.0,,0.0,,,,,248.958,3.55,,-13.217,-1.31,603.257,8.602,41.569,,,1.59,0.28,,,111.505,19.636,,18.618,3.279,,598.903,59.241,,,,315.581,4.5,,52.693,,,,,0.0,0.0,,0.0,,,,,0.0,0.0,,0.0,
Guatemala,2010,GTM,14543126.0,96368689152.0,,,,,66.011,0.96,12.015,,305.382,,,,,24.754,0.36,,0.0,0.0,0.0,4.506,,8.21,7.99,,-1.697,-1.005,4004.347,0.604,,,203.533,2.96,,,37.046,,,,,0.0,0.0,,,0.0,0.0,0.0,0.0,,2.44,,,,261.979,3.81,,47.685,,,,,345.868,5.03,,62.954,,0.22,2.68,,,,0.0,0.0,,0.0,,,,,178.779,2.6,,-11.521,-0.991,523.344,7.611,32.541,,,1.22,0.26,,,83.888,17.878,,15.269,3.254,,549.4,58.236,,,,345.868,5.03,,62.954,,,,,0.0,0.0,,0.0,,,,,0.0,0.0,,0.0,
Guatemala,2011,GTM,14833458.0,100319617024.0,,,,,59.325,0.88,10.628,,300.725,,,,,34.382,0.51,,0.0,0.0,0.0,6.159,,8.6,8.28,,2.002,1.166,4004.556,0.592,,,203.594,3.02,,,36.473,,,,,0.0,0.0,,,0.0,0.0,0.0,0.0,,2.49,,,,278.425,4.13,,49.879,,,,,354.604,5.26,,63.527,,0.32,3.721,,,,0.0,0.0,,0.0,,,,,169.212,2.51,,-8.431,-0.642,469.84,6.969,30.314,,,1.13,0.25,,,76.179,16.854,,13.647,3.019,,558.198,59.401,,,,354.604,5.26,,63.527,,,,,0.0,0.0,,0.0,,,,,0.0,0.0,,0.0,
Guatemala,2012,GTM,15128307.0,103417749504.0,,,,,80.644,1.22,13.09,,305.794,,,,,47.593,0.72,,0.0,0.0,0.0,7.725,,9.35,9.32,,7.074,4.202,4204.253,0.615,,,223.422,3.38,,,36.266,,,,,0.0,0.0,,,0.0,0.0,0.0,0.0,,2.85,,,,294.812,4.46,,47.854,,,,,392.641,5.94,,63.734,,0.03,0.321,,,,0.0,0.0,,0.0,,,,,175.829,2.66,,-3.213,-0.224,445.879,6.745,28.541,,,1.48,0.26,,,97.83,17.186,,15.88,2.79,,616.064,63.603,,,,392.641,5.94,,63.734,,,,,0.0,0.0,,0.0,,,,,0.0,0.0,,0.0,
Guatemala,2013,GTM,15422663.0,107344740352.0,,,,,101.798,1.57,15.591,,310.824,,,,,55.762,0.86,,0.0,0.0,0.0,8.54,,9.79,10.07,,6.925,4.405,4409.617,0.634,,,235.368,3.63,,,36.048,,,,,0.0,0.0,,,0.0,0.0,0.0,0.0,,3.13,,,,301.504,4.65,,46.177,,,,,417.567,6.44,,63.952,,-0.28,-2.86,,,,0.0,0.0,,0.0,,,,,179.606,2.77,,-5.73,-0.387,412.306,6.359,27.507,,,1.79,0.22,,,116.063,14.265,,17.776,2.185,,652.935,68.008,,,,417.567,6.44,,63.952,,,,,0.0,0.0,,0.0,,,,,0.0,0.0,,0.0,
Guatemala,2014,GTM,15713744.0,111915376640.0,,,,,111.367,1.75,16.37,,315.248,,,,,82.73,1.3,,0.0,0.0,0.0,12.161,,10.19,10.69,,5.411,3.68,4562.104,0.641,,,243.736,3.83,,,35.828,,,,,0.0,0.0,,,0.0,0.0,0.0,0.0,,3.37,,,,308.011,4.84,,45.276,,,,,436.561,6.86,,64.172,,-0.5,-4.907,,,,0.0,0.0,,0.0,,,,,161.006,2.53,,0.653,0.042,407.31,6.4,23.667,,,2.01,0.26,,,127.913,16.546,,18.803,2.432,,680.296,71.688,,,,436.561,6.86,,64.172,,,,,0.636,0.01,,0.094,,,,,0.0,0.0,,0.0,
Guatemala,2015,GTM,16001105.0,116637179904.0,,,,,144.365,2.31,20.21,,367.454,,,,,134.366,2.15,,0.0,0.0,0.0,18.81,,10.93,11.43,,11.661,8.36,5002.62,0.686,,,294.98,4.72,,,41.295,,,,,0.0,0.0,,,0.0,0.0,0.0,0.0,,4.2,,,,241.858,3.87,,33.858,,,,,419.346,6.71,,58.705,,-0.5,-4.575,,,,0.0,0.0,,0.0,,,,,160.614,2.57,,-0.128,-0.008,399.484,6.392,22.485,,,2.57,0.26,,,160.614,16.249,,22.485,2.275,,714.326,80.047,,,,419.346,6.71,,58.705,,,,,9.999,0.16,,1.4,,,,,6.875,0.11,,0.962,
Guatemala,2016,GTM,16291004.0,120159256576.0,,,,,148.548,2.42,20.1,,367.11,,,,,164.508,2.68,,0.0,0.0,0.0,22.259,,11.45,12.04,,9.038,7.235,5357.698,0.726,,,299.552,4.88,,,40.532,,,,,0.0,0.0,,,0.0,0.0,0.0,0.0,,4.42,,,,244.92,3.99,,33.14,,,,,439.506,7.16,,59.468,,-0.59,-5.153,,,,0.0,0.0,,0.0,,,,,135.044,2.2,,-10.336,-0.661,351.819,5.731,18.272,,,2.76,0.34,,,169.419,20.87,,22.924,2.824,,739.058,87.282,,,,439.506,7.16,,59.468,,,,,11.663,0.19,,1.578,,,,,13.504,0.22,,1.827,
Guatemala,2017,GTM,16578718.0,123767644160.0,,,,,134.51,2.23,17.587,,291.798,,,,,144.764,2.4,,,,,18.927,,11.71,12.68,,8.422,7.351,5708.092,0.765,,,236.448,3.92,,,30.915,,,,,0.0,0.0,,,,,,0.0,,3.7,,,,350.449,5.81,,45.82,,,,,528.388,8.76,,69.085,,-0.97,-8.284,,,,0.0,0.0,,0.0,,,,,91.684,1.52,,,,,,11.987,,,2.53,0.3,,,152.605,18.095,,19.953,2.366,,764.836,94.633,,,,528.388,8.76,,69.085,,,,,12.064,0.2,,1.577,,,,,13.27,0.22,,1.735,
Guatemala,2018,GTM,16850176.0,127549980672.0,,,,,172.699,2.91,20.609,,335.694,,,,,183.381,3.09,,,,,21.884,,12.45,14.12,,2.818,2.667,5774.417,0.763,,,301.481,5.08,,,35.977,,,,,0.0,0.0,,,,,,0.0,,4.74,,,,315.13,5.31,,37.606,,,,,536.493,9.04,,64.023,,-1.67,-13.414,,,,0.0,0.0,,0.0,,,,,118.1,1.99,,,,,,14.093,,,3.21,0.3,,,190.502,17.804,,22.734,2.125,,837.973,97.3,,,,536.493,9.04,,64.023,,,,,11.869,0.2,,1.416,,,,,18.991,0.32,,2.266,
Guatemala,2019,GTM,17106338.0,,,,,,173.035,2.96,21.434,,367.125,,,,,195.834,3.35,,,,,24.258,,12.76,13.81,,2.88,2.802,5851.735,,,,322.103,5.51,,,39.899,,,,,0.0,0.0,,,,,,0.0,,5.07,,,,261.307,4.47,,32.368,,,,,485.2,8.3,,60.101,,-1.05,-8.229,,,,0.0,0.0,,0.0,,,,,126.269,2.16,,,,,,15.641,,,3.27,0.31,,,191.157,18.122,,23.678,2.245,,807.303,100.102,,,,485.2,8.3,,60.101,,,,,13.445,0.23,,1.665,,,,,19.291,0.33,,2.39,
Guatemala,2020,GTM,17362716.0,,,,,,136.499,2.37,17.66,,307.004,,,,,154.354,2.68,,,,,19.97,,13.35,13.42,,-0.535,-0.536,5734.478,,,,253.993,4.41,,,32.861,,,,,0.0,0.0,,,,,,0.0,,4.12,,,,332.897,5.78,,43.07,,,,,518.928,9.01,,67.139,,-0.07,-0.524,,,,0.0,0.0,,0.0,,,,,99.639,1.73,,,,,,12.891,,,2.7,0.33,,,155.506,19.006,,20.119,2.459,,772.921,99.566,,,,518.928,9.01,,67.139,,,,,12.671,0.22,,1.639,,,,,17.854,0.31,,2.31,
Guatemala,2021,GTM,17608484.0,,,,,,152.199,2.68,18.56,,320.637,,,,,172.076,3.03,,,,,20.983,,14.37,14.44,,1.02,1.016,5712.118,,,,282.818,4.98,,,34.488,,,,,0.0,0.0,,,,,,0.0,,4.63,,,,336.202,5.92,,40.997,,,,,537.241,9.46,,65.512,,-0.07,-0.487,,,,0.0,0.0,,0.0,,,,,110.742,1.95,,,,,,13.504,,,2.99,0.31,,,169.805,17.605,,20.706,2.147,,820.059,100.582,,,,537.241,9.46,,65.512,,,,,13.062,0.23,,1.593,,,,,18.173,0.32,,2.216,
Guinea,1980,GIN,4972611.0,3758107136.0,,,,,,,,,,,,,,,,,,0.0,0.0,,,,,,,,801.5,1.061,,,,,,,,,,,,,,,,,0.0,0.0,,,,,,,,,,,,,,,,,,,,,,,,,,,,,,,,,,,,,,0.0,0.0,,,,,,,,,,,,,,,3.986,,,,,,,,,,,,,,,,,,,,,,,,
Guinea,1981,GIN,5067436.0,3770853632.0,,,,,,,,,,,,,,,,,0.0,0.0,0.0,,,,,,-1.751,-0.07,772.729,1.038,,,,,,,,,,,,,,,,0.0,0.0,0.0,,,,,,,,,,,,,,,,,,,,,,,,,,,,,,,,,,,,,0.0,0.0,0.0,,,,,,,,,,,,,,,3.916,,,,,,,,,,,,,,,,,,,,,,,,
Guinea,1982,GIN,5170741.0,3836730624.0,,,,,,,,,,,,,,,,,0.0,0.0,0.0,,,,,,1.609,0.063,769.474,1.037,,,,,,,,,,,,,,,,0.0,0.0,0.0,,,,,,,,,,,,,,,,,,,,,,,,,,,,,,,,,,,,,0.0,0.0,0.0,,,,,,,,,,,,,,,3.979,,,,,,,,,,,,,,,,,,,,,,,,
Guinea,1983,GIN,5282281.0,3872161280.0,,,,,,,,,,,,,,,,,0.0,0.0,0.0,,,,,,2.042,0.081,768.604,1.049,,,,,,,,,,,,,,,,0.0,0.0,0.0,,,,,,,,,,,,,,,,,,,,,,,,,,,,,,,,,,,,,0.0,0.0,0.0,,,,,,,,,,,,,,,4.06,,,,,,,,,,,,,,,,,,,,,,,,
Guinea,1984,GIN,5402102.0,3922762496.0,,,,,,,,,,,,,,,,,0.0,0.0,0.0,,,,,,0.304,0.012,753.845,1.038,,,,,,,,,,,,,,,,0.0,0.0,0.0,,,,,,,,,,,,,,,,,,,,,,,,,,,,,,,,,,,,,0.0,0.0,0.0,,,,,,,,,,,,,,,4.072,,,,,,,,,,,,,,,,,,,,,,,,
Guinea,1985,GIN,5531667.0,4117874944.0,,,,,,,,,,,,,,,,,0.0,0.0,0.0,,,,,,-5.966,-0.243,692.268,0.93,,,,,,,,,,,,,,,,0.0,0.0,0.0,,,,,,,,,,,,,,,,,,,,,,,,,,,,,,,,,,,,,0.0,0.0,0.0,,,,,,,,,,,,,,,3.829,,,,,,,,,,,,,,,,,,,,,,,,
Guinea,1986,GIN,5671383.0,4229720576.0,,,,,,,,,,,,,,,,,0.0,0.0,0.0,,,,,,20.957,0.803,816.718,1.095,,,,,,,,,,,,,,,,0.0,0.0,0.0,,,,,,,,,,,,,,,,,,,,,,,,,,,,,,,,,,,,,0.0,0.0,0.0,,,,,,,,,,,,,,,4.632,,,,,,,,,,,,,,,,,,,,,,,,
Guinea,1987,GIN,5820777.0,4360595968.0,,,,,,,,,,,,,,,,,0.0,0.0,0.0,,,,,,6.674,0.309,848.867,1.133,,,,,,,,,,,,,,,,0.0,0.0,0.0,,,,,,,,,,,,,,,,,,,,,,,,,,,,,,,,,,,,,0.0,0.0,0.0,,,,,,,,,,,,,,,4.941,,,,,,,,,,,,,,,,,,,,,,,,
Guinea,1988,GIN,5977177.0,4619869696.0,,,,,,,,,,,,,,,,,0.0,0.0,0.0,,,,,,1.347,0.067,837.79,1.084,,,,,,,,,,,,,,,,0.0,0.0,0.0,,,,,,,,,,,,,,,,,,,,,,,,,,,,,,,,,,,,,0.0,0.0,0.0,,,,,,,,,,,,,,,5.008,,,,,,,,,,,,,,,,,,,,,,,,
Guinea,1989,GIN,6136172.0,4795309056.0,,,,,,,,,,,,,,,,,0.0,0.0,0.0,,,,,,-3.231,-0.162,789.713,1.011,,,,,,,,,,,,,,,,0.0,0.0,0.0,,,,,,,,,,,,,,,,,,,,,,,,,,,,,,,,,,,,,0.0,0.0,0.0,,,,,,,,,,,,,,,4.846,,,,,,,,,,,,,,,,,,,,,,,,
Guinea,1990,GIN,6354146.0,4999406592.0,,,,,,,,,,,,,,,,,0.0,0.0,0.0,,,,,,31.927,1.547,1006.108,1.279,,,,,,,,,,,,,,,,0.0,0.0,0.0,,,,,,,,,,,,,,,,,,,,,,,,,,,,,,,,,,,,,0.0,0.0,0.0,,,,,,,,,,,,,,,6.393,,,,,,,,,,,,,,,,,,,,,,,,
Guinea,1991,GIN,6615740.0,5139871744.0,,,,,,,,,,,,,,,,,0.0,0.0,0.0,,,,,,-21.078,-1.347,762.644,0.982,,,,,,,,,,,,,,,,0.0,0.0,0.0,,,,,,,,,,,,,,,,,,,,,,,,,,,,,,,,,,,,,0.0,0.0,0.0,,,,,,,,,,,,,,,5.045,,,,,,,,,,,,,,,,,,,,,,,,
Guinea,1992,GIN,6832196.0,5362577920.0,,,,,,,,,,,,,,,,,0.0,0.0,0.0,,,,,,3.065,0.155,761.118,0.97,,,,,,,,,,,,,,,,0.0,0.0,0.0,,,,,,,,,,,,,,,,,,,,,,,,,,,,,,,,,,,,,0.0,0.0,0.0,,,,,,,,,,,,,,,5.2,,,,,,,,,,,,,,,,,,,,,,,,
Guinea,1993,GIN,7046101.0,5695353344.0,,,,,,,,,,,,,,,,,0.0,0.0,0.0,,,,,,4.577,0.238,771.789,0.955,,,,,,,,,,,,,,,,0.0,0.0,0.0,,,,,,,,,,,,,,,,,,,,,,,,,,,,,,,,,,,,,0.0,0.0,0.0,,,,,,,,,,,,,,,5.438,,,,,,,,,,,,,,,,,,,,,,,,
Guinea,1994,GIN,7262110.0,5997836800.0,,,,,,,,,,,,,,,,,0.0,0.0,0.0,,,,,,1.151,0.063,757.453,0.917,,,,,,,,,,,,,,,,0.0,0.0,0.0,,,,,,,,,,,,,,,,,,,,,,,,,,,,,,,,,,,,,0.0,0.0,0.0,,,,,,,,,,,,,,,5.501,,,,,,,,,,,,,,,,,,,,,,,,
Guinea,1995,GIN,7468350.0,6351702528.0,,,,,,,,,,,,,,,,,0.0,0.0,0.0,,,,,,-0.531,-0.029,732.626,0.861,,,,,,,,,,,,,,,,0.0,0.0,0.0,,,,,,,,,,,,,,,,,,,,,,,,,,,,,,,,,,,,,0.0,0.0,0.0,,,,,,,,,,,,,,,5.472,,,,,,,,,,,,,,,,,,,,,,,,
Guinea,1996,GIN,7683120.0,6708782080.0,,,,,,,,,,,,,,,,,0.0,0.0,0.0,,,,,,0.495,0.027,715.673,0.82,,,,,,,,,,,,,,,,0.0,0.0,0.0,,,,,,,,,,,,,,,,,,,,,,,,,,,,,,,,,,,,,0.0,0.0,0.0,,,,,,,,,,,,,,,5.499,,,,,,,,,,,,,,,,,,,,,,,,
Guinea,1997,GIN,7842811.0,7124296704.0,,,,,,,,,,,,,,,,,0.0,0.0,0.0,,,,,,5.545,0.305,739.978,0.815,,,,,,,,,,,,,,,,0.0,0.0,0.0,,,,,,,,,,,,,,,,,,,,,,,,,,,,,,,,,,,,,0.0,0.0,0.0,,,,,,,,,,,,,,,5.804,,,,,,,,,,,,,,,,,,,,,,,,
Guinea,1998,GIN,7992557.0,7467530240.0,,,,,,,,,,,,,,,,,0.0,0.0,0.0,,,,,,2.179,0.126,741.935,0.794,,,,,,,,,,,,,,,,0.0,0.0,0.0,,,,,,,,,,,,,,,,,,,,,,,,,,,,,,,,,,,,,0.0,0.0,0.0,,,,,,,,,,,,,,,5.93,,,,,,,,,,,,,,,,,,,,,,,,
Guinea,1999,GIN,8174900.0,7849296384.0,,,,,,,,,,,,,,,,,0.0,0.0,0.0,,,,,,4.289,0.254,756.5,0.788,,,,,,,,,,,,,,,,0.0,0.0,0.0,,,,,,,,,,,,,,,,,,,,,,,,,,,,,,,,,,,,,0.0,0.0,0.0,,,,,,,,,,,,,,,6.184,,,,,,,,,,,,,,,,,,,,,,,,
Guinea,2000,GIN,8336973.0,8142368256.0,,,,,0.0,0.0,0.0,,333.333,,,,,0.0,0.0,,0.0,0.0,0.0,0.0,,0.75,0.75,,25.806,1.596,933.223,0.956,,,40.782,0.34,,,45.333,,,,,0.0,0.0,,,0.0,0.0,0.0,0.0,,0.25,,,,49.179,0.41,,54.667,,,,,49.179,0.41,,54.667,,0.0,0.0,,,,0.0,0.0,,0.0,,,,,40.782,0.34,,,0.0,0.0,0.0,45.333,,,0.0,0.0,,,0.0,0.0,,0.0,0.0,,89.961,7.78,,,,49.179,0.41,,54.667,,,,,0.0,0.0,,0.0,,,,,0.0,0.0,,0.0,
Guinea,2001,GIN,8445722.0,8530150912.0,,,,,0.0,0.0,0.0,,297.872,,,,,0.0,0.0,,0.0,0.0,0.0,0.0,,0.94,0.94,,9.564,0.744,1009.31,0.999,,,46.177,0.39,,,41.489,,,,,0.0,0.0,,,0.0,0.0,0.0,0.0,,0.28,,,,65.122,0.55,,58.511,,,,,65.122,0.55,,58.511,,0.0,0.0,,,,0.0,0.0,,0.0,,,,,46.177,0.39,,,0.0,0.0,0.0,41.489,,,0.0,0.0,,,0.0,0.0,,0.0,0.0,,111.299,8.524,,,,65.122,0.55,,58.511,,,,,0.0,0.0,,0.0,,,,,0.0,0.0,,0.0,
Guinea,2002,GIN,8577787.0,9080053760.0,,,,,0.0,0.0,0.0,,292.929,,,,,0.0,0.0,,0.0,0.0,0.0,0.0,,0.99,0.99,,4.186,0.357,1035.372,0.978,,,46.632,0.4,,,40.404,,,,,0.0,0.0,,,0.0,0.0,0.0,0.0,,0.29,,,,68.782,0.59,,59.596,,,,,68.782,0.59,,59.596,,0.0,0.0,,,,0.0,0.0,,0.0,,,,,46.632,0.4,,,0.0,0.0,0.0,40.404,,,0.0,0.0,,,0.0,0.0,,0.0,0.0,,115.414,8.881,,,,68.782,0.59,,59.596,,,,,0.0,0.0,,0.0,,,,,0.0,0.0,,0.0,
Guinea,2003,GIN,8772259.0,9309106176.0,,,,,0.0,0.0,0.0,,390.805,,,,,0.0,0.0,,0.0,0.0,0.0,0.0,,0.87,0.87,,-2.842,-0.252,983.643,0.927,,,53.578,0.47,,,54.023,,,,,0.0,0.0,,,0.0,0.0,0.0,0.0,,0.34,,,,45.598,0.4,,45.977,,,,,45.598,0.4,,45.977,,0.0,0.0,,,,0.0,0.0,,0.0,,,,,53.578,0.47,,,0.0,0.0,0.0,54.023,,,0.0,0.0,,,0.0,0.0,,0.0,0.0,,99.176,8.629,,,,45.598,0.4,,45.977,,,,,0.0,0.0,,0.0,,,,,0.0,0.0,,0.0,
Guinea,2004,GIN,8961046.0,9645747200.0,,,,,0.0,0.0,0.0,,297.872,,,,,0.0,0.0,,0.0,0.0,0.0,0.0,,0.94,0.94,,8.136,0.702,1041.267,0.967,,,43.522,0.39,,,41.489,,,,,0.0,0.0,,,0.0,0.0,0.0,0.0,,0.28,,,,61.377,0.55,,58.511,,,,,61.377,0.55,,58.511,,0.0,0.0,,,,0.0,0.0,,0.0,,,,,43.522,0.39,,,0.0,0.0,0.0,41.489,,,0.0,0.0,,,0.0,0.0,,0.0,0.0,,104.898,9.331,,,,61.377,0.55,,58.511,,,,,0.0,0.0,,0.0,,,,,0.0,0.0,,0.0,
Guinea,2005,GIN,9140112.0,10059821056.0,,,,,0.0,0.0,0.0,,318.182,,,,,0.0,0.0,,0.0,0.0,0.0,0.0,,0.88,0.88,,1.065,0.099,1031.74,0.937,,,42.669,0.39,,,44.318,,,,,0.0,0.0,,,0.0,0.0,0.0,0.0,,0.28,,,,53.61,0.49,,55.682,,,,,53.61,0.49,,55.682,,0.0,0.0,,,,0.0,0.0,,0.0,,,,,42.669,0.39,,,0.0,0.0,0.0,44.318,,,0.0,0.0,,,0.0,0.0,,0.0,0.0,,96.279,9.43,,,,53.61,0.49,,55.682,,,,,0.0,0.0,,0.0,,,,,0.0,0.0,,0.0,
Guinea,2006,GIN,9330632.0,10279821312.0,,,,,0.0,0.0,0.0,,329.412,,,,,0.0,0.0,,0.0,0.0,0.0,0.0,,0.85,0.85,,1.684,0.159,1027.691,0.933,,,41.798,0.39,,,45.882,,,,,0.0,0.0,,,0.0,0.0,0.0,0.0,,0.28,,,,49.3,0.46,,54.118,,,,,49.3,0.46,,54.118,,0.0,0.0,,,,0.0,0.0,,0.0,,,,,41.798,0.39,,,0.0,0.0,0.0,45.882,,,0.0,0.0,,,0.0,0.0,,0.0,0.0,,91.098,9.589,,,,49.3,0.46,,54.118,,,,,0.0,0.0,,0.0,,,,,0.0,0.0,,0.0,
Guinea,2007,GIN,9547087.0,11105668096.0,,,,,0.0,0.0,0.0,,319.149,,,,,0.0,0.0,,0.0,0.0,0.0,0.0,,0.94,0.94,,6.16,0.591,1066.262,0.917,,,42.945,0.41,,,43.617,,,,,0.0,0.0,,,0.0,0.0,0.0,0.0,,0.3,,,,55.514,0.53,,56.383,,,,,55.514,0.53,,56.383,,0.0,0.0,,,,0.0,0.0,,0.0,,,,,42.945,0.41,,,0.0,0.0,0.0,43.617,,,0.0,0.0,,,0.0,0.0,,0.0,0.0,,98.459,10.18,,,,55.514,0.53,,56.383,,,,,0.0,0.0,,0.0,,,,,0.0,0.0,,0.0,
Guinea,2008,GIN,9779793.0,11730749440.0,,,,,0.0,0.0,0.0,,333.333,,,,,0.0,0.0,,0.0,0.0,0.0,0.0,,0.96,0.96,,0.976,0.099,1051.052,0.876,,,44.991,0.44,,,45.833,,,,,0.0,0.0,,,0.0,0.0,0.0,0.0,,0.32,,,,53.171,0.52,,54.167,,,,,53.171,0.52,,54.167,,0.0,0.0,,,,0.0,0.0,,0.0,,,,,44.991,0.44,,,0.0,0.0,0.0,45.833,,,0.0,0.0,,,0.0,0.0,,0.0,0.0,,98.162,10.279,,,,53.171,0.52,,54.167,,,,,0.0,0.0,,0.0,,,,,0.0,0.0,,0.0,
Guinea,2009,GIN,10021319.0,11707655168.0,,,,,0.0,0.0,0.0,,333.333,,,,,0.0,0.0,,0.0,0.0,0.0,0.0,,0.96,0.96,,4.97,0.511,1076.703,0.922,,,43.906,0.44,,,45.833,,,,,0.0,0.0,,,0.0,0.0,0.0,0.0,,0.32,,,,51.889,0.52,,54.167,,,,,51.889,0.52,,54.167,,0.0,0.0,,,,0.0,0.0,,0.0,,,,,43.906,0.44,,,0.0,0.0,0.0,45.833,,,0.0,0.0,,,0.0,0.0,,0.0,0.0,,95.796,10.79,,,,51.889,0.52,,54.167,,,,,0.0,0.0,,0.0,,,,,0.0,0.0,,0.0,
Guinea,2010,GIN,10270728.0,12362233856.0,,,,,0.0,0.0,0.0,,347.826,,,,,0.0,0.0,,0.0,0.0,0.0,0.0,,0.92,0.92,,14.452,1.559,1202.378,0.999,,,42.84,0.44,,,47.826,,,,,0.0,0.0,,,0.0,0.0,0.0,0.0,,0.32,,,,46.735,0.48,,52.174,,,,,46.735,0.48,,52.174,,0.0,0.0,,,,0.0,0.0,,0.0,,,,,42.84,0.44,,,0.0,0.0,0.0,47.826,,,0.0,0.0,,,0.0,0.0,,0.0,0.0,,89.575,12.349,,,,46.735,0.48,,52.174,,,,,0.0,0.0,,0.0,,,,,0.0,0.0,,0.0,
Guinea,2011,GIN,10527711.0,13233698816.0,,,,,0.0,0.0,0.0,,376.471,,,,,0.0,0.0,,0.0,0.0,0.0,0.0,,0.85,0.85,,1.866,0.23,1194.914,0.951,,,41.794,0.44,,,51.765,,,,,0.0,0.0,,,0.0,0.0,0.0,0.0,,0.32,,,,38.945,0.41,,48.235,,,,,38.945,0.41,,48.235,,0.0,0.0,,,,0.0,0.0,,0.0,,,,,41.794,0.44,,,0.0,0.0,0.0,51.765,,,0.0,0.0,,,0.0,0.0,,0.0,0.0,,80.739,12.58,,,,38.945,0.41,,48.235,,,,,0.0,0.0,,0.0,,,,,0.0,0.0,,0.0,
Guinea,2012,GIN,10788696.0,14087314432.0,,,,,0.0,0.0,0.0,,225.352,,,,,0.0,0.0,,0.0,0.0,0.0,0.0,,0.71,0.71,,-2.989,-0.376,1131.156,0.866,,,20.392,0.22,,,30.986,,,,,0.0,0.0,,,0.0,0.0,0.0,0.0,,0.16,,,,45.418,0.49,,69.014,,,,,45.418,0.49,,69.014,,0.0,0.0,,,,0.0,0.0,,0.0,,,,,20.392,0.22,,,0.0,0.0,0.0,30.986,,,0.0,0.0,,,0.0,0.0,,0.0,0.0,,65.81,12.204,,,,45.418,0.49,,69.014,,,,,0.0,0.0,,0.0,,,,,0.0,0.0,,0.0,
Guinea,2013,GIN,11055433.0,14709018624.0,,,,,0.0,0.0,0.0,,187.5,,,,,0.0,0.0,,0.0,0.0,0.0,0.0,,0.64,0.64,,-11.034,-1.347,982.067,0.738,,,14.473,0.16,,,25.0,,,,,0.0,0.0,,,0.0,0.0,0.0,0.0,,0.12,,,,43.418,0.48,,75.0,,,,,43.418,0.48,,75.0,,0.0,0.0,,,,0.0,0.0,,0.0,,,,,14.473,0.16,,,0.0,0.0,0.0,25.0,,,0.0,0.0,,,0.0,0.0,,0.0,0.0,,57.89,10.857,,,,43.418,0.48,,75.0,,,,,0.0,0.0,,0.0,,,,,0.0,0.0,,0.0,
Guinea,2014,GIN,11333362.0,14874104832.0,,,,,0.0,0.0,0.0,,289.855,,,,,0.0,0.0,,0.0,0.0,0.0,0.0,,0.69,0.69,,3.352,0.364,990.091,0.754,,,23.823,0.27,,,39.13,,,,,0.0,0.0,,,0.0,0.0,0.0,0.0,,0.2,,,,37.059,0.42,,60.87,,,,,37.059,0.42,,60.87,,0.0,0.0,,,,0.0,0.0,,0.0,,,,,23.823,0.27,,,0.0,0.0,0.0,39.13,,,0.0,0.0,,,0.0,0.0,,0.0,0.0,,60.882,11.221,,,,37.059,0.42,,60.87,,,,,0.0,0.0,,0.0,,,,,0.0,0.0,,0.0,
Guinea,2015,GIN,11626003.0,14900875264.0,,,,,0.0,0.0,0.0,,166.667,,,,,0.0,0.0,,0.0,0.0,0.0,0.0,,1.14,1.14,,21.35,2.396,1171.232,0.914,,,20.643,0.24,,,21.053,,,,,0.0,0.0,,,0.0,0.0,0.0,0.0,,0.19,,,,75.692,0.88,,77.193,,,,,77.413,0.9,,78.947,,0.0,0.0,,,,0.0,0.0,,0.0,,,,,20.643,0.24,,,0.0,0.0,0.0,21.053,,,0.0,0.0,,,0.0,0.0,,0.0,0.0,,98.056,13.617,,,,77.413,0.9,,78.947,,,,,1.72,0.02,,1.754,,,,,0.0,0.0,,0.0,
Guinea,2016,GIN,11930991.0,15905507328.0,,,,,0.0,0.0,0.0,,242.236,,,,,0.0,0.0,,0.0,0.0,0.0,0.0,,1.61,1.61,,12.657,1.724,1285.75,0.964,,,42.746,0.51,,,31.677,,,,,0.0,0.0,,,0.0,0.0,0.0,0.0,,0.39,,,,90.521,1.08,,67.081,,,,,92.197,1.1,,68.323,,0.0,0.0,,,,0.0,0.0,,0.0,,,,,42.746,0.51,,,0.0,0.0,0.0,31.677,,,0.0,0.0,,,0.0,0.0,,0.0,0.0,,134.943,15.34,,,,92.197,1.1,,68.323,,,,,1.676,0.02,,1.242,,,,,0.0,0.0,,0.0,
Guinea,2017,GIN,12240791.0,18022438912.0,,,,,0.0,0.0,0.0,,231.638,,,,,0.0,0.0,,,,,0.0,,1.77,1.77,,0.638,0.098,1261.208,0.857,,,44.115,0.54,,,30.508,,,,,0.0,0.0,,,,,,0.0,,0.41,,,,98.85,1.21,,68.362,,,,,100.484,1.23,,69.492,,0.0,0.0,,,,0.0,0.0,,0.0,,,,,44.115,0.54,,,,,,30.508,,,0.0,0.0,,,0.0,0.0,,0.0,0.0,,144.598,15.438,,,,100.484,1.23,,69.492,,,,,1.634,0.02,,1.13,,,,,0.0,0.0,,0.0,
Guinea,2018,GIN,12554871.0,19045322752.0,,,,,0.0,0.0,0.0,,355.705,,,,,0.0,0.0,,,,,0.0,,1.49,1.49,,-8.747,-1.35,1122.1,0.74,,,58.145,0.73,,,48.993,,,,,0.0,0.0,,,,,,0.0,,0.53,,,,58.941,0.74,,49.664,,,,,60.534,0.76,,51.007,,0.0,0.0,,,,0.0,0.0,,0.0,,,,,58.145,0.73,,,,,,48.993,,,0.0,0.0,,,0.0,0.0,,0.0,0.0,,118.679,14.088,,,,60.534,0.76,,51.007,,,,,1.593,0.02,,1.342,,,,,0.0,0.0,,0.0,
Guinea,2019,GIN,12877537.0,,,,,,0.0,0.0,0.0,,271.845,,,,,0.0,0.0,,,,,0.0,,2.06,2.06,,9.854,1.388,1201.79,,,,58.241,0.75,,,36.408,,,,,0.0,0.0,,,,,,0.0,,0.56,,,,100.174,1.29,,62.621,,,,,101.728,1.31,,63.592,,0.0,0.0,,,,0.0,0.0,,0.0,,,,,58.241,0.75,,,,,,36.408,,,0.0,0.0,,,0.0,0.0,,0.0,0.0,,159.968,15.476,,,,101.728,1.31,,63.592,,,,,1.553,0.02,,0.971,,,,,0.0,0.0,,0.0,
Guinea,2020,GIN,13205157.0,,,,,,0.0,0.0,0.0,,175.0,,,,,0.0,0.0,,,,,0.0,,3.2,3.2,,15.759,2.439,1356.659,,,,53.767,0.71,,,22.188,,,,,0.0,0.0,,,,,,0.0,,0.56,,,,187.048,2.47,,77.188,,,,,188.563,2.49,,77.812,,0.0,0.0,,,,0.0,0.0,,0.0,,,,,53.767,0.71,,,,,,22.188,,,0.0,0.0,,,0.0,0.0,,0.0,0.0,,242.33,17.915,,,,188.563,2.49,,77.812,,,,,1.515,0.02,,0.625,,,,,0.0,0.0,,0.0,
Guinea,2021,GIN,13531909.0,,,,,,0.0,0.0,0.0,,208.633,,,,,0.0,0.0,,,,,0.0,,2.78,2.78,,-3.201,-0.573,1281.525,,,,56.164,0.76,,,27.338,,,,,0.0,0.0,,,,,,0.0,,0.58,,,,147.799,2.0,,71.942,,,,,149.277,2.02,,72.662,,0.0,0.0,,,,0.0,0.0,,0.0,,,,,56.164,0.76,,,,,,27.338,,,0.0,0.0,,,0.0,0.0,,0.0,0.0,,205.44,17.341,,,,149.277,2.02,,72.662,,,,,1.478,0.02,,0.719,,,,,0.0,0.0,,0.0,
Guinea-Bissau,1980,GNB,831469.0,952269888.0,,,,,,,,,,,,,,,,,,0.0,0.0,,,,,,,,430.843,0.376,,,,,,,,,,,,,,,,,0.0,0.0,,,,,,,,,,,,,,,,,,,,,,,,,,,,,,,,,,,,,,0.0,0.0,,,,,,,,,,,,,,,0.358,,,,,,,,,,,,,,,,,,,,,,,,
Guinea-Bissau,1981,GNB,844965.0,946820992.0,,,,,,,,,,,,,,,,,0.0,0.0,0.0,,,,,,-0.273,-0.001,422.803,0.377,,,,,,,,,,,,,,,,0.0,0.0,0.0,,,,,,,,,,,,,,,,,,,,,,,,,,,,,,,,,,,,,0.0,0.0,0.0,,,,,,,,,,,,,,,0.357,,,,,,,,,,,,,,,,,,,,,,,,
Guinea-Bissau,1982,GNB,858639.0,987040128.0,,,,,,,,,,,,,,,,,0.0,0.0,0.0,,,,,,0.0,0.0,416.07,0.362,,,,,,,,,,,,,,,,0.0,0.0,0.0,,,,,,,,,,,,,,,,,,,,,,,,,,,,,,,,,,,,,0.0,0.0,0.0,,,,,,,,,,,,,,,0.357,,,,,,,,,,,,,,,,,,,,,,,,
Guinea-Bissau,1983,GNB,872403.0,954356096.0,,,,,,,,,,,,,,,,,0.0,0.0,0.0,,,,,,0.0,0.0,409.506,0.374,,,,,,,,,,,,,,,,0.0,0.0,0.0,,,,,,,,,,,,,,,,,,,,,,,,,,,,,,,,,,,,,0.0,0.0,0.0,,,,,,,,,,,,,,,0.357,,,,,,,,,,,,,,,,,,,,,,,,
Guinea-Bissau,1984,GNB,886217.0,1005343808.0,,,,,,,,,,,,,,,,,0.0,0.0,0.0,,,,,,33.699,0.12,538.969,0.475,,,,,,,,,,,,,,,,0.0,0.0,0.0,,,,,,,,,,,,,,,,,,,,,,,,,,,,,,,,,,,,,0.0,0.0,0.0,,,,,,,,,,,,,,,0.478,,,,,,,,,,,,,,,,,,,,,,,,
Guinea-Bissau,1985,GNB,900091.0,1048557504.0,,,,,,,,,,,,,,,,,0.0,0.0,0.0,,,,,,12.193,0.058,595.363,0.511,,,,,,,,,,,,,,,,0.0,0.0,0.0,,,,,,,,,,,,,,,,,,,,,,,,,,,,,,,,,,,,,0.0,0.0,0.0,,,,,,,,,,,,,,,0.536,,,,,,,,,,,,,,,,,,,,,,,,
Guinea-Bissau,1986,GNB,914138.0,1038959040.0,,,,,,,,,,,,,,,,,0.0,0.0,0.0,,,,,,-13.986,-0.075,504.229,0.444,,,,,,,,,,,,,,,,0.0,0.0,0.0,,,,,,,,,,,,,,,,,,,,,,,,,,,,,,,,,,,,,0.0,0.0,0.0,,,,,,,,,,,,,,,0.461,,,,,,,,,,,,,,,,,,,,,,,,
Guinea-Bissau,1987,GNB,928415.0,1098046464.0,,,,,,,,,,,,,,,,,0.0,0.0,0.0,,,,,,72.581,0.335,856.821,0.724,,,,,,,,,,,,,,,,0.0,0.0,0.0,,,,,,,,,,,,,,,,,,,,,,,,,,,,,,,,,,,,,0.0,0.0,0.0,,,,,,,,,,,,,,,0.795,,,,,,,,,,,,,,,,,,,,,,,,
Guinea-Bissau,1988,GNB,943086.0,1173783552.0,,,,,,,,,,,,,,,,,0.0,0.0,0.0,,,,,,14.985,0.119,969.887,0.779,,,,,,,,,,,,,,,,0.0,0.0,0.0,,,,,,,,,,,,,,,,,,,,,,,,,,,,,,,,,,,,,0.0,0.0,0.0,,,,,,,,,,,,,,,0.915,,,,,,,,,,,,,,,,,,,,,,,,
Guinea-Bissau,1989,GNB,958245.0,1223906688.0,,,,,,,,,,,,,,,,,0.0,0.0,0.0,,,,,,1.147,0.01,965.49,0.756,,,,,,,,,,,,,,,,0.0,0.0,0.0,,,,,,,,,,,,,,,,,,,,,,,,,,,,,,,,,,,,,0.0,0.0,0.0,,,,,,,,,,,,,,,0.925,,,,,,,,,,,,,,,,,,,,,,,,
Guinea-Bissau,1990,GNB,973557.0,1261819904.0,,,,,,,,,,,,,,,,,0.0,0.0,0.0,,,,,,22.276,0.206,1161.993,0.897,,,,,,,,,,,,,,,,0.0,0.0,0.0,,,,,,,,,,,,,,,,,,,,,,,,,,,,,,,,,,,,,0.0,0.0,0.0,,,,,,,,,,,,,,,1.131,,,,,,,,,,,,,,,,,,,,,,,,
Guinea-Bissau,1991,GNB,993861.0,1300711424.0,,,,,,,,,,,,,,,,,0.0,0.0,0.0,,,,,,0.0,0.0,1138.254,0.87,,,,,,,,,,,,,,,,0.0,0.0,0.0,,,,,,,,,,,,,,,,,,,,,,,,,,,,,,,,,,,,,0.0,0.0,0.0,,,,,,,,,,,,,,,1.131,,,,,,,,,,,,,,,,,,,,,,,,
Guinea-Bissau,1992,GNB,1022910.0,1333901696.0,,,,,,,,,,,,,,,,,0.0,0.0,0.0,,,,,,6.232,0.07,1174.847,0.901,,,,,,,,,,,,,,,,0.0,0.0,0.0,,,,,,,,,,,,,,,,,,,,,,,,,,,,,,,,,,,,,0.0,0.0,0.0,,,,,,,,,,,,,,,1.202,,,,,,,,,,,,,,,,,,,,,,,,
Guinea-Bissau,1993,GNB,1056767.0,1360698880.0,,,,,,,,,,,,,,,,,0.0,0.0,0.0,,,,,,9.569,0.115,1246.021,0.968,,,,,,,,,,,,,,,,0.0,0.0,0.0,,,,,,,,,,,,,,,,,,,,,,,,,,,,,,,,,,,,,0.0,0.0,0.0,,,,,,,,,,,,,,,1.317,,,,,,,,,,,,,,,,,,,,,,,,
Guinea-Bissau,1994,GNB,1089623.0,1398135552.0,,,,,,,,,,,,,,,,,0.0,0.0,0.0,,,,,,0.0,0.0,1208.449,0.942,,,,,,,,,,,,,,,,0.0,0.0,0.0,,,,,,,,,,,,,,,,,,,,,,,,,,,,,,,,,,,,,0.0,0.0,0.0,,,,,,,,,,,,,,,1.317,,,,,,,,,,,,,,,,,,,,,,,,
Guinea-Bissau,1995,GNB,1117229.0,1448757888.0,,,,,,,,,,,,,,,,,0.0,0.0,0.0,,,,,,0.0,0.0,1178.589,0.909,,,,,,,,,,,,,,,,0.0,0.0,0.0,,,,,,,,,,,,,,,,,,,,,,,,,,,,,,,,,,,,,0.0,0.0,0.0,,,,,,,,,,,,,,,1.317,,,,,,,,,,,,,,,,,,,,,,,,
Guinea-Bissau,1996,GNB,1140610.0,1501514752.0,,,,,,,,,,,,,,,,,0.0,0.0,0.0,,,,,,-4.008,-0.053,1108.157,0.842,,,,,,,,,,,,,,,,0.0,0.0,0.0,,,,,,,,,,,,,,,,,,,,,,,,,,,,,,,,,,,,,0.0,0.0,0.0,,,,,,,,,,,,,,,1.264,,,,,,,,,,,,,,,,,,,,,,,,
Guinea-Bissau,1997,GNB,1162451.0,1589254016.0,,,,,,,,,,,,,,,,,0.0,0.0,0.0,,,,,,4.176,0.053,1132.739,0.829,,,,,,,,,,,,,,,,0.0,0.0,0.0,,,,,,,,,,,,,,,,,,,,,,,,,,,,,,,,,,,,,0.0,0.0,0.0,,,,,,,,,,,,,,,1.317,,,,,,,,,,,,,,,,,,,,,,,,
Guinea-Bissau,1998,GNB,1184074.0,1315465344.0,,,,,,,,,,,,,,,,,0.0,0.0,0.0,,,,,,0.0,0.0,1112.053,1.001,,,,,,,,,,,,,,,,0.0,0.0,0.0,,,,,,,,,,,,,,,,,,,,,,,,,,,,,,,,,,,,,0.0,0.0,0.0,,,,,,,,,,,,,,,1.317,,,,,,,,,,,,,,,,,,,,,,,,
Guinea-Bissau,1999,GNB,1206478.0,1485363968.0,,,,,,,,,,,,,,,,,0.0,0.0,0.0,,,,,,0.0,0.0,1091.403,0.886,,,,,,,,,,,,,,,,0.0,0.0,0.0,,,,,,,,,,,,,,,,,,,,,,,,,,,,,,,,,,,,,0.0,0.0,0.0,,,,,,,,,,,,,,,1.317,,,,,,,,,,,,,,,,,,,,,,,,
Guinea-Bissau,2000,GNB,1230855.0,1486201600.0,,,,,0.0,0.0,0.0,,666.667,,,,,0.0,0.0,,0.0,0.0,0.0,0.0,,0.03,0.03,,-24.298,-0.32,809.855,0.671,,,24.373,0.03,,,100.0,,,,,0.0,0.0,,,0.0,0.0,0.0,0.0,,0.02,,,,0.0,0.0,,0.0,,,,,0.0,0.0,,0.0,,0.0,0.0,,,,0.0,0.0,,0.0,,,,,24.373,0.03,,,0.0,0.0,0.0,100.0,,,0.0,0.0,,,0.0,0.0,,0.0,0.0,,24.373,0.997,,,,0.0,0.0,,0.0,,,,,0.0,0.0,,0.0,,,,,0.0,0.0,,0.0,
Guinea-Bissau,2001,GNB,1257390.0,1520990592.0,,,,,0.0,0.0,0.0,,666.667,,,,,0.0,0.0,,0.0,0.0,0.0,0.0,,0.03,0.03,,1.838,0.018,807.337,0.667,,,23.859,0.03,,,100.0,,,,,0.0,0.0,,,0.0,0.0,0.0,0.0,,0.02,,,,0.0,0.0,,0.0,,,,,0.0,0.0,,0.0,,0.0,0.0,,,,0.0,0.0,,0.0,,,,,23.859,0.03,,,0.0,0.0,0.0,100.0,,,0.0,0.0,,,0.0,0.0,,0.0,0.0,,23.859,1.015,,,,0.0,0.0,,0.0,,,,,0.0,0.0,,0.0,,,,,0.0,0.0,,0.0,
Guinea-Bissau,2002,GNB,1285682.0,1507700352.0,,,,,0.0,0.0,0.0,,500.0,,,,,0.0,0.0,,0.0,0.0,0.0,0.0,,0.02,0.02,,2.16,0.022,806.625,0.688,,,15.556,0.02,,,100.0,,,,,0.0,0.0,,,0.0,0.0,0.0,0.0,,0.01,,,,0.0,0.0,,0.0,,,,,0.0,0.0,,0.0,,0.0,0.0,,,,0.0,0.0,,0.0,,,,,15.556,0.02,,,0.0,0.0,0.0,100.0,,,0.0,0.0,,,0.0,0.0,,0.0,0.0,,15.556,1.037,,,,0.0,0.0,,0.0,,,,,0.0,0.0,,0.0,,,,,0.0,0.0,,0.0,
Guinea-Bissau,2003,GNB,1315670.0,1522869248.0,,,,,0.0,0.0,0.0,,500.0,,,,,0.0,0.0,,0.0,0.0,0.0,0.0,,0.02,0.02,,16.26,0.169,916.409,0.792,,,15.201,0.02,,,100.0,,,,,0.0,0.0,,,0.0,0.0,0.0,0.0,,0.01,,,,0.0,0.0,,0.0,,,,,0.0,0.0,,0.0,,0.0,0.0,,,,0.0,0.0,,0.0,,,,,15.201,0.02,,,0.0,0.0,0.0,100.0,,,0.0,0.0,,,0.0,0.0,,0.0,0.0,,15.201,1.206,,,,0.0,0.0,,0.0,,,,,0.0,0.0,,0.0,,,,,0.0,0.0,,0.0,
Guinea-Bissau,2004,GNB,1347012.0,1573921408.0,,,,,0.0,0.0,0.0,,666.667,,,,,0.0,0.0,,0.0,0.0,0.0,0.0,,0.03,0.03,,3.467,0.042,926.119,0.793,,,22.272,0.03,,,100.0,,,,,0.0,0.0,,,0.0,0.0,0.0,0.0,,0.02,,,,0.0,0.0,,0.0,,,,,0.0,0.0,,0.0,,0.0,0.0,,,,0.0,0.0,,0.0,,,,,22.272,0.03,,,0.0,0.0,0.0,100.0,,,0.0,0.0,,,0.0,0.0,,0.0,0.0,,22.272,1.247,,,,0.0,0.0,,0.0,,,,,0.0,0.0,,0.0,,,,,0.0,0.0,,0.0,
Guinea-Bissau,2005,GNB,1379714.0,1653070464.0,,,,,0.0,0.0,0.0,,666.667,,,,,0.0,0.0,,0.0,0.0,0.0,0.0,,0.03,0.03,,1.288,0.016,915.815,0.764,,,21.744,0.03,,,100.0,,,,,0.0,0.0,,,0.0,0.0,0.0,0.0,,0.02,,,,0.0,0.0,,0.0,,,,,0.0,0.0,,0.0,,0.0,0.0,,,,0.0,0.0,,0.0,,,,,21.744,0.03,,,0.0,0.0,0.0,100.0,,,0.0,0.0,,,0.0,0.0,,0.0,0.0,,21.744,1.264,,,,0.0,0.0,,0.0,,,,,0.0,0.0,,0.0,,,,,0.0,0.0,,0.0,
Guinea-Bissau,2006,GNB,1414094.0,1701900928.0,,,,,0.0,0.0,0.0,,666.667,,,,,0.0,0.0,,0.0,0.0,0.0,0.0,,0.03,0.03,,2.28,0.029,913.918,0.759,,,21.215,0.03,,,100.0,,,,,0.0,0.0,,,0.0,0.0,0.0,0.0,,0.02,,,,0.0,0.0,,0.0,,,,,0.0,0.0,,0.0,,0.0,0.0,,,,0.0,0.0,,0.0,,,,,21.215,0.03,,,0.0,0.0,0.0,100.0,,,0.0,0.0,,,0.0,0.0,,0.0,0.0,,21.215,1.292,,,,0.0,0.0,,0.0,,,,,0.0,0.0,,0.0,,,,,0.0,0.0,,0.0,
Guinea-Bissau,2007,GNB,1450574.0,1768964992.0,,,,,0.0,0.0,0.0,,666.667,,,,,0.0,0.0,,0.0,0.0,0.0,0.0,,0.03,0.03,,6.249,0.081,946.612,0.776,,,20.681,0.03,,,100.0,,,,,0.0,0.0,,,0.0,0.0,0.0,0.0,,0.02,,,,0.0,0.0,,0.0,,,,,0.0,0.0,,0.0,,0.0,0.0,,,,0.0,0.0,,0.0,,,,,20.681,0.03,,,0.0,0.0,0.0,100.0,,,0.0,0.0,,,0.0,0.0,,0.0,0.0,,20.681,1.373,,,,0.0,0.0,,0.0,,,,,0.0,0.0,,0.0,,,,,0.0,0.0,,0.0,
Guinea-Bissau,2008,GNB,1488437.0,1837842560.0,,,,,0.0,0.0,0.0,,666.667,,,,,0.0,0.0,,0.0,0.0,0.0,0.0,,0.03,0.03,,-2.608,-0.036,898.468,0.728,,,20.155,0.03,,,100.0,,,,,0.0,0.0,,,0.0,0.0,0.0,0.0,,0.02,,,,0.0,0.0,,0.0,,,,,0.0,0.0,,0.0,,0.0,0.0,,,,0.0,0.0,,0.0,,,,,20.155,0.03,,,0.0,0.0,0.0,100.0,,,0.0,0.0,,,0.0,0.0,,0.0,0.0,,20.155,1.337,,,,0.0,0.0,,0.0,,,,,0.0,0.0,,0.0,,,,,0.0,0.0,,0.0,
Guinea-Bissau,2009,GNB,1527207.0,1913611648.0,,,,,0.0,0.0,0.0,,666.667,,,,,0.0,0.0,,0.0,0.0,0.0,0.0,,0.03,0.03,,3.605,0.048,907.23,0.724,,,19.644,0.03,,,100.0,,,,,0.0,0.0,,,0.0,0.0,0.0,0.0,,0.02,,,,0.0,0.0,,0.0,,,,,0.0,0.0,,0.0,,0.0,0.0,,,,0.0,0.0,,0.0,,,,,19.644,0.03,,,0.0,0.0,0.0,100.0,,,0.0,0.0,,,0.0,0.0,,0.0,0.0,,19.644,1.386,,,,0.0,0.0,,0.0,,,,,0.0,0.0,,0.0,,,,,0.0,0.0,,0.0,
Guinea-Bissau,2010,GNB,1567226.0,2015432192.0,,,,,0.0,0.0,0.0,,666.667,,,,,0.0,0.0,,0.0,0.0,0.0,0.0,,0.03,0.03,,2.621,0.036,907.236,0.705,,,19.142,0.03,,,100.0,,,,,0.0,0.0,,,0.0,0.0,0.0,0.0,,0.02,,,,0.0,0.0,,0.0,,,,,0.0,0.0,,0.0,,0.0,0.0,,,,0.0,0.0,,0.0,,,,,19.142,0.03,,,0.0,0.0,0.0,100.0,,,0.0,0.0,,,0.0,0.0,,0.0,0.0,,19.142,1.422,,,,0.0,0.0,,0.0,,,,,0.0,0.0,,0.0,,,,,0.0,0.0,,0.0,
Guinea-Bissau,2011,GNB,1609025.0,2192198912.0,,,,,0.0,0.0,0.0,,666.667,,,,,0.0,0.0,,0.0,0.0,0.0,0.0,,0.03,0.03,,1.466,0.021,896.623,0.658,,,18.645,0.03,,,100.0,,,,,0.0,0.0,,,0.0,0.0,0.0,0.0,,0.02,,,,0.0,0.0,,0.0,,,,,0.0,0.0,,0.0,,0.0,0.0,,,,0.0,0.0,,0.0,,,,,18.645,0.03,,,0.0,0.0,0.0,100.0,,,0.0,0.0,,,0.0,0.0,,0.0,0.0,,18.645,1.443,,,,0.0,0.0,,0.0,,,,,0.0,0.0,,0.0,,,,,0.0,0.0,,0.0,
Guinea-Bissau,2012,GNB,1652720.0,2160239104.0,,,,,0.0,0.0,0.0,,666.667,,,,,0.0,0.0,,0.0,0.0,0.0,0.0,,0.03,0.03,,1.968,0.028,890.101,0.681,,,18.152,0.03,,,100.0,,,,,0.0,0.0,,,0.0,0.0,0.0,0.0,,0.02,,,,0.0,0.0,,0.0,,,,,0.0,0.0,,0.0,,0.0,0.0,,,,0.0,0.0,,0.0,,,,,18.152,0.03,,,0.0,0.0,0.0,100.0,,,0.0,0.0,,,0.0,0.0,,0.0,0.0,,18.152,1.471,,,,0.0,0.0,,0.0,,,,,0.0,0.0,,0.0,,,,,0.0,0.0,,0.0,
Guinea-Bissau,2013,GNB,1697757.0,2238347520.0,,,,,0.0,0.0,0.0,,666.667,,,,,0.0,0.0,,0.0,0.0,0.0,0.0,,0.03,0.03,,2.364,0.035,886.973,0.673,,,17.67,0.03,,,100.0,,,,,0.0,0.0,,,0.0,0.0,0.0,0.0,,0.02,,,,0.0,0.0,,0.0,,,,,0.0,0.0,,0.0,,0.0,0.0,,,,0.0,0.0,,0.0,,,,,17.67,0.03,,,0.0,0.0,0.0,100.0,,,0.0,0.0,,,0.0,0.0,,0.0,0.0,,17.67,1.506,,,,0.0,0.0,,0.0,,,,,0.0,0.0,,0.0,,,,,0.0,0.0,,0.0,
Guinea-Bissau,2014,GNB,1743318.0,2253617152.0,,,,,0.0,0.0,0.0,,666.667,,,,,0.0,0.0,,0.0,0.0,0.0,0.0,,0.03,0.03,,5.069,0.076,907.578,0.702,,,17.209,0.03,,,100.0,,,,,0.0,0.0,,,0.0,0.0,0.0,0.0,,0.02,,,,0.0,0.0,,0.0,,,,,0.0,0.0,,0.0,,0.0,0.0,,,,0.0,0.0,,0.0,,,,,17.209,0.03,,,0.0,0.0,0.0,100.0,,,0.0,0.0,,,0.0,0.0,,0.0,0.0,,17.209,1.582,,,,0.0,0.0,,0.0,,,,,0.0,0.0,,0.0,,,,,0.0,0.0,,0.0,
Guinea-Bissau,2015,GNB,1788931.0,2372699648.0,,,,,0.0,0.0,0.0,,666.667,,,,,0.0,0.0,,0.0,0.0,0.0,0.0,,0.06,0.06,,3.442,0.054,914.877,0.69,,,33.54,0.06,,,100.0,,,,,0.0,0.0,,,0.0,0.0,0.0,0.0,,0.04,,,,0.0,0.0,,0.0,,,,,0.0,0.0,,0.0,,0.0,0.0,,,,0.0,0.0,,0.0,,,,,33.54,0.06,,,0.0,0.0,0.0,100.0,,,0.0,0.0,,,0.0,0.0,,0.0,0.0,,33.54,1.637,,,,0.0,0.0,,0.0,,,,,0.0,0.0,,0.0,,,,,0.0,0.0,,0.0,
Guinea-Bissau,2016,GNB,1834554.0,2506111488.0,,,,,0.0,0.0,0.0,,750.0,,,,,0.0,0.0,,0.0,0.0,0.0,0.0,,0.08,0.08,,4.11,0.067,928.796,0.68,,,43.607,0.08,,,100.0,,,,,0.0,0.0,,,0.0,0.0,0.0,0.0,,0.06,,,,0.0,0.0,,0.0,,,,,0.0,0.0,,0.0,,0.0,0.0,,,,0.0,0.0,,0.0,,,,,43.607,0.08,,,0.0,0.0,0.0,100.0,,,0.0,0.0,,,0.0,0.0,,0.0,0.0,,43.607,1.704,,,,0.0,0.0,,0.0,,,,,0.0,0.0,,0.0,,,,,0.0,0.0,,0.0,
Guinea-Bissau,2017,GNB,1879835.0,2652453632.0,,,,,0.0,0.0,0.0,,750.0,,,,,0.0,0.0,,,,,0.0,,0.08,0.08,,-19.063,-0.325,733.632,0.52,,,42.557,0.08,,,100.0,,,,,0.0,0.0,,,,,,0.0,,0.06,,,,0.0,0.0,,0.0,,,,,0.0,0.0,,0.0,,0.0,0.0,,,,0.0,0.0,,0.0,,,,,42.557,0.08,,,,,,100.0,,,0.0,0.0,,,0.0,0.0,,0.0,0.0,,42.557,1.379,,,,0.0,0.0,,0.0,,,,,0.0,0.0,,0.0,,,,,0.0,0.0,,0.0,
Guinea-Bissau,2018,GNB,1924954.0,2752462080.0,,,,,0.0,0.0,0.0,,750.0,,,,,0.0,0.0,,,,,0.0,,0.08,0.08,,0.471,0.006,719.81,0.503,,,41.559,0.08,,,100.0,,,,,0.0,0.0,,,,,,0.0,,0.06,,,,0.0,0.0,,0.0,,,,,0.0,0.0,,0.0,,0.0,0.0,,,,0.0,0.0,,0.0,,,,,41.559,0.08,,,,,,100.0,,,0.0,0.0,,,0.0,0.0,,0.0,0.0,,41.559,1.386,,,,0.0,0.0,,0.0,,,,,0.0,0.0,,0.0,,,,,0.0,0.0,,0.0,
Guinea-Bissau,2019,GNB,1970460.0,,,,,,0.0,0.0,0.0,,750.0,,,,,0.0,0.0,,,,,0.0,,0.08,0.08,,-0.008,-0.0,703.127,,,,40.6,0.08,,,100.0,,,,,0.0,0.0,,,,,,0.0,,0.06,,,,0.0,0.0,,0.0,,,,,0.0,0.0,,0.0,,0.0,0.0,,,,0.0,0.0,,0.0,,,,,40.6,0.08,,,,,,100.0,,,0.0,0.0,,,0.0,0.0,,0.0,0.0,,40.6,1.385,,,,0.0,0.0,,0.0,,,,,0.0,0.0,,0.0,,,,,0.0,0.0,,0.0,
Guinea-Bissau,2020,GNB,2015839.0,,,,,,0.0,0.0,0.0,,750.0,,,,,0.0,0.0,,,,,0.0,,0.08,0.08,,-4.504,-0.062,656.343,,,,39.686,0.08,,,100.0,,,,,0.0,0.0,,,,,,0.0,,0.06,,,,0.0,0.0,,0.0,,,,,0.0,0.0,,0.0,,0.0,0.0,,,,0.0,0.0,,0.0,,,,,39.686,0.08,,,,,,100.0,,,0.0,0.0,,,0.0,0.0,,0.0,0.0,,39.686,1.323,,,,0.0,0.0,,0.0,,,,,0.0,0.0,,0.0,,,,,0.0,0.0,,0.0,
Guinea-Bissau,2021,GNB,2060730.0,,,,,,0.0,0.0,0.0,,750.0,,,,,0.0,0.0,,,,,0.0,,0.08,0.08,,5.495,0.073,677.328,,,,38.821,0.08,,,100.0,,,,,0.0,0.0,,,,,,0.0,,0.06,,,,0.0,0.0,,0.0,,,,,0.0,0.0,,0.0,,0.0,0.0,,,,0.0,0.0,,0.0,,,,,38.821,0.08,,,,,,100.0,,,0.0,0.0,,,0.0,0.0,,0.0,0.0,,38.821,1.396,,,,0.0,0.0,,0.0,,,,,0.0,0.0,,0.0,,,,,0.0,0.0,,0.0,
Guyana,1980,GUY,778187.0,,,,,,,,,,,,,,,,,,,0.0,0.0,,,,,,,,7841.989,,,,,,,,,,,,,,,,,,0.0,0.0,,,,,,,,,,,,,,,,,,,,,,,,,,,,,,,,,,,,,,0.0,0.0,,,,,,,,,,,,,,,6.103,,,,,,,,,,,,,,,,,,,,,,,,
Guyana,1981,GUY,779698.0,,,,,,,,,,,,,,,,,,0.0,0.0,0.0,,,,,,22.061,1.346,9553.446,,,,,,,,,,,,,,,,,0.0,0.0,0.0,,,,,,,,,,,,,,,,,,,,,,,,,,,,,,,,,,,,,0.0,0.0,0.0,,,,,,,,,,,,,,,7.449,,,,,,,,,,,,,,,,,,,,,,,,
Guyana,1982,GUY,779640.0,,,,,,,,,,,,,,,,,,0.0,0.0,0.0,,,,,,-22.454,-1.673,7408.895,,,,,,,,,,,,,,,,,0.0,0.0,0.0,,,,,,,,,,,,,,,,,,,,,,,,,,,,,,,,,,,,,0.0,0.0,0.0,,,,,,,,,,,,,,,5.776,,,,,,,,,,,,,,,,,,,,,,,,
Guyana,1983,GUY,778377.0,,,,,,,,,,,,,,,,,,0.0,0.0,0.0,,,,,,-10.723,-0.619,6625.208,,,,,,,,,,,,,,,,,0.0,0.0,0.0,,,,,,,,,,,,,,,,,,,,,,,,,,,,,,,,,,,,,0.0,0.0,0.0,,,,,,,,,,,,,,,5.157,,,,,,,,,,,,,,,,,,,,,,,,
Guyana,1984,GUY,776012.0,,,,,,,,,,,,,,,,,,0.0,0.0,0.0,,,,,,12.316,0.635,7463.845,,,,,,,,,,,,,,,,,0.0,0.0,0.0,,,,,,,,,,,,,,,,,,,,,,,,,,,,,,,,,,,,,0.0,0.0,0.0,,,,,,,,,,,,,,,5.792,,,,,,,,,,,,,,,,,,,,,,,,
Guyana,1985,GUY,772680.0,,,,,,,,,,,,,,,,,,0.0,0.0,0.0,,,,,,1.867,0.108,7635.957,,,,,,,,,,,,,,,,,0.0,0.0,0.0,,,,,,,,,,,,,,,,,,,,,,,,,,,,,,,,,,,,,0.0,0.0,0.0,,,,,,,,,,,,,,,5.9,,,,,,,,,,,,,,,,,,,,,,,,
Guyana,1986,GUY,768519.0,,,,,,,,,,,,,,,,,,0.0,0.0,0.0,,,,,,-4.994,-0.295,7293.93,,,,,,,,,,,,,,,,,0.0,0.0,0.0,,,,,,,,,,,,,,,,,,,,,,,,,,,,,,,,,,,,,0.0,0.0,0.0,,,,,,,,,,,,,,,5.606,,,,,,,,,,,,,,,,,,,,,,,,
Guyana,1987,GUY,763716.0,,,,,,,,,,,,,,,,,,0.0,0.0,0.0,,,,,,-23.994,-1.345,5578.719,,,,,,,,,,,,,,,,,0.0,0.0,0.0,,,,,,,,,,,,,,,,,,,,,,,,,,,,,,,,,,,,,0.0,0.0,0.0,,,,,,,,,,,,,,,4.261,,,,,,,,,,,,,,,,,,,,,,,,
Guyana,1988,GUY,758455.0,,,,,,,,,,,,,,,,,,0.0,0.0,0.0,,,,,,-1.161,-0.049,5552.199,,,,,,,,,,,,,,,,,0.0,0.0,0.0,,,,,,,,,,,,,,,,,,,,,,,,,,,,,,,,,,,,,0.0,0.0,0.0,,,,,,,,,,,,,,,4.211,,,,,,,,,,,,,,,,,,,,,,,,
Guyana,1989,GUY,752908.0,,,,,,,,,,,,,,,,,,0.0,0.0,0.0,,,,,,-32.725,-1.378,3762.737,,,,,,,,,,,,,,,,,0.0,0.0,0.0,,,,,,,,,,,,,,,,,,,,,,,,,,,,,,,,,,,,,0.0,0.0,0.0,,,,,,,,,,,,,,,2.833,,,,,,,,,,,,,,,,,,,,,,,,
Guyana,1990,GUY,747124.0,,,,,,,,,,,,,,,,,,0.0,0.0,0.0,,,,,,-3.76,-0.107,3649.275,,,,,,,,,,,,,,,,,0.0,0.0,0.0,,,,,,,,,,,,,,,,,,,,,,,,,,,,,,,,,,,,,0.0,0.0,0.0,,,,,,,,,,,,,,,2.726,,,,,,,,,,,,,,,,,,,,,,,,
Guyana,1991,GUY,744102.0,,,,,,,,,,,,,,,,,,0.0,0.0,0.0,,,,,,17.864,0.487,4318.646,,,,,,,,,,,,,,,,,0.0,0.0,0.0,,,,,,,,,,,,,,,,,,,,,,,,,,,,,,,,,,,,,0.0,0.0,0.0,,,,,,,,,,,,,,,3.214,,,,,,,,,,,,,,,,,,,,,,,,
Guyana,1992,GUY,744999.0,,,,,,,,,,,,,,,,,,0.0,0.0,0.0,,,,,,11.054,0.355,4790.264,,,,,,,,,,,,,,,,,0.0,0.0,0.0,,,,,,,,,,,,,,,,,,,,,,,,,,,,,,,,,,,,,0.0,0.0,0.0,,,,,,,,,,,,,,,3.569,,,,,,,,,,,,,,,,,,,,,,,,
Guyana,1993,GUY,747196.0,,,,,,,,,,,,,,,,,,0.0,0.0,0.0,,,,,,27.579,0.984,6093.414,,,,,,,,,,,,,,,,,0.0,0.0,0.0,,,,,,,,,,,,,,,,,,,,,,,,,,,,,,,,,,,,,0.0,0.0,0.0,,,,,,,,,,,,,,,4.553,,,,,,,,,,,,,,,,,,,,,,,,
Guyana,1994,GUY,749553.0,,,,,,,,,,,,,,,,,,0.0,0.0,0.0,,,,,,-0.042,-0.002,6071.675,,,,,,,,,,,,,,,,,0.0,0.0,0.0,,,,,,,,,,,,,,,,,,,,,,,,,,,,,,,,,,,,,0.0,0.0,0.0,,,,,,,,,,,,,,,4.551,,,,,,,,,,,,,,,,,,,,,,,,
Guyana,1995,GUY,751702.0,,,,,,,,,,,,,,,,,,0.0,0.0,0.0,,,,,,-15.092,-0.687,5140.571,,,,,,,,,,,,,,,,,0.0,0.0,0.0,,,,,,,,,,,,,,,,,,,,,,,,,,,,,,,,,,,,,0.0,0.0,0.0,,,,,,,,,,,,,,,3.864,,,,,,,,,,,,,,,,,,,,,,,,
Guyana,1996,GUY,753577.0,,,,,,,,,,,,,,,,,,0.0,0.0,0.0,,,,,,8.971,0.347,5587.776,,,,,,,,,,,,,,,,,0.0,0.0,0.0,,,,,,,,,,,,,,,,,,,,,,,,,,,,,,,,,,,,,0.0,0.0,0.0,,,,,,,,,,,,,,,4.211,,,,,,,,,,,,,,,,,,,,,,,,
Guyana,1997,GUY,755215.0,,,,,,,,,,,,,,,,,,0.0,0.0,0.0,,,,,,6.4,0.269,5932.499,,,,,,,,,,,,,,,,,0.0,0.0,0.0,,,,,,,,,,,,,,,,,,,,,,,,,,,,,,,,,,,,,0.0,0.0,0.0,,,,,,,,,,,,,,,4.48,,,,,,,,,,,,,,,,,,,,,,,,
Guyana,1998,GUY,756705.0,,,,,,,,,,,,,,,,,,0.0,0.0,0.0,,,,,,29.301,1.313,7655.701,,,,,,,,,,,,,,,,,0.0,0.0,0.0,,,,,,,,,,,,,,,,,,,,,,,,,,,,,,,,,,,,,0.0,0.0,0.0,,,,,,,,,,,,,,,5.793,,,,,,,,,,,,,,,,,,,,,,,,
Guyana,1999,GUY,758021.0,,,,,,,,,,,,,,,,,,0.0,0.0,0.0,,,,,,20.044,1.161,9174.269,,,,,,,,,,,,,,,,,0.0,0.0,0.0,,,,,,,,,,,,,,,,,,,,,,,,,,,,,,,,,,,,,0.0,0.0,0.0,,,,,,,,,,,,,,,6.954,,,,,,,,,,,,,,,,,,,,,,,,
Guyana,2000,GUY,759059.0,,,,,,79.045,0.06,6.818,,659.091,,,,,0.0,0.0,,0.0,0.0,0.0,0.0,,0.88,0.88,,-0.333,-0.023,9131.178,,,,1080.285,0.82,,,93.182,,,,,0.0,0.0,,,0.0,0.0,0.0,0.0,,0.58,,,,0.0,0.0,,0.0,,,,,79.045,0.06,,6.818,,0.0,0.0,,,,0.0,0.0,,0.0,,,,,1080.285,0.82,,,0.0,0.0,0.0,93.182,,,0.06,0.0,,,79.045,0.0,,6.818,0.0,,1159.33,6.931,,,,79.045,0.06,,6.818,,,,,0.0,0.0,,0.0,,,,,0.0,0.0,,0.0,
Guyana,2001,GUY,759816.0,,,,,,78.966,0.06,6.593,,670.33,,,,,0.0,0.0,,0.0,0.0,0.0,0.0,,0.91,0.91,,-2.262,-0.157,8915.736,,,,1118.692,0.85,,,93.407,,,,,0.0,0.0,,,0.0,0.0,0.0,0.0,,0.61,,,,0.0,0.0,,0.0,,,,,78.966,0.06,,6.593,,0.0,0.0,,,,0.0,0.0,,0.0,,,,,1118.692,0.85,,,0.0,0.0,0.0,93.407,,,0.06,0.0,,,78.966,0.0,,6.593,0.0,,1197.658,6.774,,,,78.966,0.06,,6.593,,,,,0.0,0.0,,0.0,,,,,0.0,0.0,,0.0,
Guyana,2002,GUY,760326.0,,,,,,78.914,0.06,6.593,,670.33,,,,,0.0,0.0,,0.0,0.0,0.0,0.0,,0.91,0.91,,1.152,0.078,9012.365,,,,1117.942,0.85,,,93.407,,,,,0.0,0.0,,,0.0,0.0,0.0,0.0,,0.61,,,,0.0,0.0,,0.0,,,,,78.914,0.06,,6.593,,0.0,0.0,,,,0.0,0.0,,0.0,,,,,1117.942,0.85,,,0.0,0.0,0.0,93.407,,,0.06,0.0,,,78.914,0.0,,6.593,0.0,,1196.855,6.852,,,,78.914,0.06,,6.593,,,,,0.0,0.0,,0.0,,,,,0.0,0.0,,0.0,
Guyana,2003,GUY,760569.0,,,,,,65.74,0.05,6.098,,670.732,,,,,0.0,0.0,,0.0,0.0,0.0,0.0,,0.82,0.82,,3.031,0.208,9282.544,,,,1012.4,0.77,,,93.902,,,,,0.0,0.0,,,0.0,0.0,0.0,0.0,,0.55,,,,0.0,0.0,,0.0,,,,,65.74,0.05,,6.098,,0.0,0.0,,,,0.0,0.0,,0.0,,,,,1012.4,0.77,,,0.0,0.0,0.0,93.902,,,0.05,0.0,,,65.74,0.0,,6.098,0.0,,1078.14,7.06,,,,65.74,0.05,,6.098,,,,,0.0,0.0,,0.0,,,,,0.0,0.0,,0.0,
Guyana,2004,GUY,760428.0,,,,,,78.903,0.06,6.977,,662.791,,,,,0.0,0.0,,0.0,0.0,0.0,0.0,,0.86,0.86,,-2.369,-0.167,9064.288,,,,1052.039,0.8,,,93.023,,,,,0.0,0.0,,,0.0,0.0,0.0,0.0,,0.57,,,,0.0,0.0,,0.0,,,,,78.903,0.06,,6.977,,0.0,0.0,,,,0.0,0.0,,0.0,,,,,1052.039,0.8,,,0.0,0.0,0.0,93.023,,,0.06,0.0,,,78.903,0.0,,6.977,0.0,,1130.942,6.893,,,,78.903,0.06,,6.977,,,,,0.0,0.0,,0.0,,,,,0.0,0.0,,0.0,
Guyana,2005,GUY,759713.0,,,,,,65.814,0.05,7.692,,661.538,,,,,0.0,0.0,,0.0,0.0,0.0,0.0,,0.65,0.65,,-9.74,-0.671,8189.165,,,,789.772,0.6,,,92.308,,,,,0.0,0.0,,,0.0,0.0,0.0,0.0,,0.43,,,,0.0,0.0,,0.0,,,,,65.814,0.05,,7.692,,0.0,0.0,,,,0.0,0.0,,0.0,,,,,789.772,0.6,,,0.0,0.0,0.0,92.308,,,0.05,0.0,,,65.814,0.0,,7.692,0.0,,855.586,6.221,,,,65.814,0.05,,7.692,,,,,0.0,0.0,,0.0,,,,,0.0,0.0,,0.0,
Guyana,2006,GUY,758376.0,,,,,,65.93,0.05,7.463,,656.716,,,,,0.0,0.0,,0.0,0.0,0.0,0.0,,0.67,0.67,,-10.507,-0.654,7341.676,,,,817.536,0.62,,,92.537,,,,,0.0,0.0,,,0.0,0.0,0.0,0.0,,0.44,,,,0.0,0.0,,0.0,,,,,65.93,0.05,,7.463,,0.0,0.0,,,,0.0,0.0,,0.0,,,,,817.536,0.62,,,0.0,0.0,0.0,92.537,,,0.05,0.0,,,65.93,0.0,,7.463,0.0,,883.467,5.568,,,,65.93,0.05,,7.463,,,,,0.0,0.0,,0.0,,,,,0.0,0.0,,0.0,
Guyana,2007,GUY,756528.0,,,,,,66.091,0.05,7.143,,671.429,,,,,0.0,0.0,,0.0,0.0,0.0,0.0,,0.7,0.7,,23.736,1.322,9106.513,,,,859.188,0.65,,,92.857,,,,,0.0,0.0,,,0.0,0.0,0.0,0.0,,0.47,,,,0.0,0.0,,0.0,,,,,66.091,0.05,,7.143,,0.0,0.0,,,,0.0,0.0,,0.0,,,,,859.188,0.65,,,0.0,0.0,0.0,92.857,,,0.05,0.0,,,66.091,0.0,,7.143,0.0,,925.28,6.889,,,,66.091,0.05,,7.143,,,,,0.0,0.0,,0.0,,,,,0.0,0.0,,0.0,
Guyana,2008,GUY,754159.0,,,,,,66.299,0.05,7.042,,661.972,,,,,0.0,0.0,,0.0,0.0,0.0,0.0,,0.71,0.71,,-4.924,-0.339,8685.301,,,,875.147,0.66,,,92.958,,,,,0.0,0.0,,,0.0,0.0,0.0,0.0,,0.47,,,,0.0,0.0,,0.0,,,,,66.299,0.05,,7.042,,0.0,0.0,,,,0.0,0.0,,0.0,,,,,875.147,0.66,,,0.0,0.0,0.0,92.958,,,0.05,0.0,,,66.299,0.0,,7.042,0.0,,941.446,6.55,,,,66.299,0.05,,7.042,,,,,0.0,0.0,,0.0,,,,,0.0,0.0,,0.0,
Guyana,2009,GUY,751265.0,,,,,,146.42,0.11,15.278,,638.889,,,,,0.0,0.0,,0.0,0.0,0.0,0.0,,0.72,0.72,,2.984,0.195,8978.938,,,,811.964,0.61,,,84.722,,,,,0.0,0.0,,,0.0,0.0,0.0,0.0,,0.46,,,,0.0,0.0,,0.0,,,,,146.42,0.11,,15.278,,0.0,0.0,,,,0.0,0.0,,0.0,,,,,811.964,0.61,,,0.0,0.0,0.0,84.722,,,0.11,0.0,,,146.42,0.0,,15.278,0.0,,958.384,6.746,,,,146.42,0.11,,15.278,,,,,0.0,0.0,,0.0,,,,,0.0,0.0,,0.0,
Guyana,2010,GUY,747937.0,,,,,,173.811,0.13,15.116,,627.907,,,,,0.0,0.0,,0.0,0.0,0.0,0.0,,0.86,0.86,,7.699,0.519,9713.229,,,,976.018,0.73,,,84.884,,,,,0.0,0.0,,,0.0,0.0,0.0,0.0,,0.54,,,,0.0,0.0,,0.0,,,,,173.811,0.13,,15.116,,0.0,0.0,,,,0.0,0.0,,0.0,,,,,976.018,0.73,,,0.0,0.0,0.0,84.884,,,0.13,0.0,,,173.811,0.0,,15.116,0.0,,1149.829,7.265,,,,173.811,0.13,,15.116,,,,,0.0,0.0,,0.0,,,,,0.0,0.0,,0.0,
Guyana,2011,GUY,744235.0,,,,,,188.113,0.14,15.385,,626.374,,,,,0.0,0.0,,0.0,0.0,0.0,0.0,,0.91,0.91,,4.014,0.292,10153.407,,,,1034.619,0.77,,,84.615,,,,,0.0,0.0,,,0.0,0.0,0.0,0.0,,0.57,,,,0.0,0.0,,0.0,,,,,188.113,0.14,,15.385,,0.0,0.0,,,,0.0,0.0,,0.0,,,,,1034.619,0.77,,,0.0,0.0,0.0,84.615,,,0.14,0.0,,,188.113,0.0,,15.385,0.0,,1222.732,7.557,,,,188.113,0.14,,15.385,,,,,0.0,0.0,,0.0,,,,,0.0,0.0,,0.0,
Guyana,2012,GUY,743970.0,,,,,,188.18,0.14,14.737,,631.579,,,,,0.0,0.0,,0.0,0.0,0.0,0.0,,0.95,0.95,,13.384,1.011,11516.412,,,,1088.754,0.81,,,85.263,,,,,0.0,0.0,,,0.0,0.0,0.0,0.0,,0.6,,,,0.0,0.0,,0.0,,,,,188.18,0.14,,14.737,,0.0,0.0,,,,0.0,0.0,,0.0,,,,,1088.754,0.81,,,0.0,0.0,0.0,85.263,,,0.14,0.0,,,188.18,0.0,,14.737,0.0,,1276.933,8.568,,,,188.18,0.14,,14.737,,,,,0.0,0.0,,0.0,,,,,0.0,0.0,,0.0,
Guyana,2013,GUY,747424.0,,,,,,187.31,0.14,14.141,,636.364,,,,,0.0,0.0,,0.0,0.0,0.0,0.0,,0.99,0.99,,-2.054,-0.176,11227.718,,,,1137.239,0.85,,,85.859,,,,,0.0,0.0,,,0.0,0.0,0.0,0.0,,0.63,,,,0.0,0.0,,0.0,,,,,187.31,0.14,,14.141,,0.0,0.0,,,,0.0,0.0,,0.0,,,,,1137.239,0.85,,,0.0,0.0,0.0,85.859,,,0.14,0.0,,,187.31,0.0,,14.141,0.0,,1324.549,8.392,,,,187.31,0.14,,14.141,,,,,0.0,0.0,,0.0,,,,,0.0,0.0,,0.0,
Guyana,2014,GUY,751126.0,,,,,,199.7,0.15,15.0,,630.0,,,,,0.0,0.0,,0.0,0.0,0.0,0.0,,1.0,1.0,,-0.252,-0.021,11144.22,,,,1131.634,0.85,,,85.0,,,,,0.0,0.0,,,0.0,0.0,0.0,0.0,,0.63,,,,0.0,0.0,,0.0,,,,,199.7,0.15,,15.0,,0.0,0.0,,,,0.0,0.0,,0.0,,,,,1131.634,0.85,,,0.0,0.0,0.0,85.0,,,0.15,0.0,,,199.7,0.0,,15.0,0.0,,1331.335,8.371,,,,199.7,0.15,,15.0,,,,,0.0,0.0,,0.0,,,,,0.0,0.0,,0.0,
Guyana,2015,GUY,755043.0,,,,,,211.908,0.16,15.385,,634.615,,,,,0.0,0.0,,0.0,0.0,0.0,0.0,,1.04,1.04,,1.466,0.123,11248.948,,,,1165.497,0.88,,,84.615,,,,,0.0,0.0,,,0.0,0.0,0.0,0.0,,0.66,,,,0.0,0.0,,0.0,,,,,211.908,0.16,,15.385,,0.0,0.0,,,,0.0,0.0,,0.0,,,,,1165.497,0.88,,,0.0,0.0,0.0,84.615,,,0.16,0.0,,,211.908,0.0,,15.385,0.0,,1377.405,8.493,,,,211.908,0.16,,15.385,,,,,0.0,0.0,,0.0,,,,,0.0,0.0,,0.0,
Guyana,2016,GUY,759097.0,,,,,,197.603,0.15,13.636,,636.364,,,,,0.0,0.0,,0.0,0.0,0.0,0.0,,1.1,1.1,,12.92,1.097,12634.438,,,,1251.487,0.95,,,86.364,,,,,0.0,0.0,,,0.0,0.0,0.0,0.0,,0.7,,,,0.0,0.0,,0.0,,,,,197.603,0.15,,13.636,,0.0,0.0,,,,0.0,0.0,,0.0,,,,,1251.487,0.95,,,0.0,0.0,0.0,86.364,,,0.15,0.0,,,197.603,0.0,,13.636,0.0,,1449.09,9.591,,,,197.603,0.15,,13.636,,,,,0.0,0.0,,0.0,,,,,0.0,0.0,,0.0,
Guyana,2017,GUY,763265.0,,,,,,196.524,0.15,13.158,,631.579,,,,,0.0,0.0,,,,,0.0,,1.14,1.14,,-0.846,-0.081,12459.088,,,,1297.059,0.99,,,86.842,,,,,0.0,0.0,,,,,,0.0,,0.72,,,,0.0,0.0,,0.0,,,,,196.524,0.15,,13.158,,0.0,0.0,,,,0.0,0.0,,0.0,,,,,1297.059,0.99,,,,,,86.842,,,0.15,0.0,,,196.524,0.0,,13.158,0.0,,1493.583,9.51,,,,196.524,0.15,,13.158,,,,,0.0,0.0,,0.0,,,,,0.0,0.0,,0.0,
Guyana,2018,GUY,785518.0,,,,,,190.957,0.15,12.931,,629.31,,,,,0.0,0.0,,,,,0.0,,1.16,1.16,,2.189,0.208,12371.177,,,,1273.045,1.0,,,86.207,,,,,0.0,0.0,,,,,,0.0,,0.73,,,,0.0,0.0,,0.0,,,,,203.687,0.16,,13.793,,0.0,0.0,,,,0.0,0.0,,0.0,,,,,1273.045,1.0,,,,,,86.207,,,0.15,0.0,,,190.957,0.0,,12.931,0.0,,1476.733,9.718,,,,203.687,0.16,,13.793,,,,,12.73,0.01,,0.862,,,,,0.0,0.0,,0.0,
Guyana,2019,GUY,798761.0,,,,,,187.791,0.15,12.295,,631.148,,,,,0.0,0.0,,,,,0.0,,1.22,1.22,,16.592,1.612,14184.612,,,,1327.055,1.06,,,86.885,,,,,0.0,0.0,,,,,,0.0,,0.77,,,,0.0,0.0,,0.0,,,,,200.31,0.16,,13.115,,0.0,0.0,,,,0.0,0.0,,0.0,,,,,1327.055,1.06,,,,,,86.885,,,0.15,0.0,,,187.791,0.0,,12.295,0.0,,1527.365,11.33,,,,200.31,0.16,,13.115,,,,,12.519,0.01,,0.82,,,,,0.0,0.0,,0.0,
Guyana,2020,GUY,797207.0,,,,,,175.613,0.14,12.069,,637.931,,,,,0.0,0.0,,,,,0.0,,1.16,1.16,,-2.785,-0.316,13816.492,,,,1266.923,1.01,,,87.069,,,,,0.0,0.0,,,,,,0.0,,0.74,,,,0.0,0.0,,0.0,,,,,188.157,0.15,,12.931,,0.0,0.0,,,,0.0,0.0,,0.0,,,,,1266.923,1.01,,,,,,87.069,,,0.14,0.0,,,175.613,0.0,,12.069,0.0,,1455.08,11.015,,,,188.157,0.15,,12.931,,,,,12.544,0.01,,0.862,,,,,0.0,0.0,,0.0,
Guyana,2021,GUY,804571.0,,,,,,161.577,0.13,10.569,,642.276,,,,,0.0,0.0,,,,,0.0,,1.23,1.23,,0.0,0.0,13690.034,,,,1354.759,1.09,,,88.618,,,,,0.0,0.0,,,,,,0.0,,0.79,,,,0.0,0.0,,0.0,,,,,174.006,0.14,,11.382,,0.0,0.0,,,,0.0,0.0,,0.0,,,,,1354.759,1.09,,,,,,88.618,,,0.13,0.0,,,161.577,0.0,,10.569,0.0,,1528.765,11.015,,,,174.006,0.14,,11.382,,,,,12.429,0.01,,0.813,,,,,0.0,0.0,,0.0,
Haiti,1980,HTI,5646680.0,11311428608.0,,,,,,,,,,,,,,,,,,0.0,0.0,,,,,,,,837.519,0.418,,,,,,,,,,,,,,,,,0.0,0.0,,,,,,,,,,,,,,,,,,,,,,,,,,,,,,,,,,,,,,0.0,0.0,,,,,,,,,,,,,,,4.729,,,,,,,,,,,,,,,,,,,,,,,,
Haiti,1981,HTI,5760199.0,10988579840.0,,,,,,,,,,,,,,,,,0.0,0.0,0.0,,,,,,-24.689,-1.168,618.311,0.324,,,,,,,,,,,,,,,,0.0,0.0,0.0,,,,,,,,,,,,,,,,,,,,,,,,,,,,,,,,,,,,,0.0,0.0,0.0,,,,,,,,,,,,,,,3.562,,,,,,,,,,,,,,,,,,,,,,,,
Haiti,1982,HTI,5877684.0,10590194688.0,,,,,,,,,,,,,,,,,0.0,0.0,0.0,,,,,,20.753,0.739,731.704,0.406,,,,,,,,,,,,,,,,0.0,0.0,0.0,,,,,,,,,,,,,,,,,,,,,,,,,,,,,,,,,,,,,0.0,0.0,0.0,,,,,,,,,,,,,,,4.301,,,,,,,,,,,,,,,,,,,,,,,,
Haiti,1983,HTI,5997741.0,10692544512.0,,,,,,,,,,,,,,,,,0.0,0.0,0.0,,,,,,-11.637,-0.5,633.617,0.355,,,,,,,,,,,,,,,,0.0,0.0,0.0,,,,,,,,,,,,,,,,,,,,,,,,,,,,,,,,,,,,,0.0,0.0,0.0,,,,,,,,,,,,,,,3.8,,,,,,,,,,,,,,,,,,,,,,,,
Haiti,1984,HTI,6119933.0,10727849984.0,,,,,,,,,,,,,,,,,0.0,0.0,0.0,,,,,,1.465,0.056,630.062,0.359,,,,,,,,,,,,,,,,0.0,0.0,0.0,,,,,,,,,,,,,,,,,,,,,,,,,,,,,,,,,,,,,0.0,0.0,0.0,,,,,,,,,,,,,,,3.856,,,,,,,,,,,,,,,,,,,,,,,,
Haiti,1985,HTI,6245542.0,10790975488.0,,,,,,,,,,,,,,,,,0.0,0.0,0.0,,,,,,15.1,0.582,710.613,0.411,,,,,,,,,,,,,,,,0.0,0.0,0.0,,,,,,,,,,,,,,,,,,,,,,,,,,,,,,,,,,,,,0.0,0.0,0.0,,,,,,,,,,,,,,,4.438,,,,,,,,,,,,,,,,,,,,,,,,
Haiti,1986,HTI,6375104.0,10728444928.0,,,,,,,,,,,,,,,,,0.0,0.0,0.0,,,,,,0.656,0.029,700.736,0.416,,,,,,,,,,,,,,,,0.0,0.0,0.0,,,,,,,,,,,,,,,,,,,,,,,,,,,,,,,,,,,,,0.0,0.0,0.0,,,,,,,,,,,,,,,4.467,,,,,,,,,,,,,,,,,,,,,,,,
Haiti,1987,HTI,6508351.0,10655469568.0,,,,,,,,,,,,,,,,,0.0,0.0,0.0,,,,,,45.488,2.032,998.612,0.61,,,,,,,,,,,,,,,,0.0,0.0,0.0,,,,,,,,,,,,,,,,,,,,,,,,,,,,,,,,,,,,,0.0,0.0,0.0,,,,,,,,,,,,,,,6.499,,,,,,,,,,,,,,,,,,,,,,,,
Haiti,1988,HTI,6644968.0,10986759168.0,,,,,,,,,,,,,,,,,0.0,0.0,0.0,,,,,,5.81,0.378,1034.912,0.626,,,,,,,,,,,,,,,,0.0,0.0,0.0,,,,,,,,,,,,,,,,,,,,,,,,,,,,,,,,,,,,,0.0,0.0,0.0,,,,,,,,,,,,,,,6.877,,,,,,,,,,,,,,,,,,,,,,,,
Haiti,1989,HTI,6784163.0,10662733824.0,,,,,,,,,,,,,,,,,0.0,0.0,0.0,,,,,,-6.959,-0.479,943.141,0.6,,,,,,,,,,,,,,,,0.0,0.0,0.0,,,,,,,,,,,,,,,,,,,,,,,,,,,,,,,,,,,,,0.0,0.0,0.0,,,,,,,,,,,,,,,6.398,,,,,,,,,,,,,,,,,,,,,,,,
Haiti,1990,HTI,6925335.0,10773449728.0,,,,,,,,,,,,,,,,,0.0,0.0,0.0,,,,,,-35.774,-2.289,593.39,0.381,,,,,,,,,,,,,,,,0.0,0.0,0.0,,,,,,,,,,,,,,,,,,,,,,,,,,,,,,,,,,,,,0.0,0.0,0.0,,,,,,,,,,,,,,,4.109,,,,,,,,,,,,,,,,,,,,,,,,
Haiti,1991,HTI,7066064.0,11156723712.0,,,,,,,,,,,,,,,,,0.0,0.0,0.0,,,,,,1.188,0.049,588.482,0.373,,,,,,,,,,,,,,,,0.0,0.0,0.0,,,,,,,,,,,,,,,,,,,,,,,,,,,,,,,,,,,,,0.0,0.0,0.0,,,,,,,,,,,,,,,4.158,,,,,,,,,,,,,,,,,,,,,,,,
Haiti,1992,HTI,7205779.0,10725683200.0,,,,,,,,,,,,,,,,,0.0,0.0,0.0,,,,,,8.104,0.337,623.838,0.419,,,,,,,,,,,,,,,,0.0,0.0,0.0,,,,,,,,,,,,,,,,,,,,,,,,,,,,,,,,,,,,,0.0,0.0,0.0,,,,,,,,,,,,,,,4.495,,,,,,,,,,,,,,,,,,,,,,,,
Haiti,1993,HTI,7345942.0,10302867456.0,,,,,,,,,,,,,,,,,0.0,0.0,0.0,,,,,,-24.32,-1.093,463.112,0.33,,,,,,,,,,,,,,,,0.0,0.0,0.0,,,,,,,,,,,,,,,,,,,,,,,,,,,,,,,,,,,,,0.0,0.0,0.0,,,,,,,,,,,,,,,3.402,,,,,,,,,,,,,,,,,,,,,,,,
Haiti,1994,HTI,7486096.0,9215060992.0,,,,,,,,,,,,,,,,,0.0,0.0,0.0,,,,,,-14.445,-0.491,388.799,0.316,,,,,,,,,,,,,,,,0.0,0.0,0.0,,,,,,,,,,,,,,,,,,,,,,,,,,,,,,,,,,,,,0.0,0.0,0.0,,,,,,,,,,,,,,,2.911,,,,,,,,,,,,,,,,,,,,,,,,
Haiti,1995,HTI,7627320.0,10289435648.0,,,,,,,,,,,,,,,,,0.0,0.0,0.0,,,,,,56.581,1.647,597.513,0.443,,,,,,,,,,,,,,,,0.0,0.0,0.0,,,,,,,,,,,,,,,,,,,,,,,,,,,,,,,,,,,,,0.0,0.0,0.0,,,,,,,,,,,,,,,4.557,,,,,,,,,,,,,,,,,,,,,,,,
Haiti,1996,HTI,7770602.0,10882101248.0,,,,,,,,,,,,,,,,,0.0,0.0,0.0,,,,,,16.188,0.738,681.437,0.487,,,,,,,,,,,,,,,,0.0,0.0,0.0,,,,,,,,,,,,,,,,,,,,,,,,,,,,,,,,,,,,,0.0,0.0,0.0,,,,,,,,,,,,,,,5.295,,,,,,,,,,,,,,,,,,,,,,,,
Haiti,1997,HTI,7915177.0,11346974720.0,,,,,,,,,,,,,,,,,0.0,0.0,0.0,,,,,,21.087,1.117,810.059,0.565,,,,,,,,,,,,,,,,0.0,0.0,0.0,,,,,,,,,,,,,,,,,,,,,,,,,,,,,,,,,,,,,0.0,0.0,0.0,,,,,,,,,,,,,,,6.412,,,,,,,,,,,,,,,,,,,,,,,,
Haiti,1998,HTI,8060901.0,11780950016.0,,,,,,,,,,,,,,,,,0.0,0.0,0.0,,,,,,-1.745,-0.112,781.539,0.535,,,,,,,,,,,,,,,,0.0,0.0,0.0,,,,,,,,,,,,,,,,,,,,,,,,,,,,,,,,,,,,,0.0,0.0,0.0,,,,,,,,,,,,,,,6.3,,,,,,,,,,,,,,,,,,,,,,,,
Haiti,1999,HTI,8208943.0,12289767424.0,,,,,,,,,,,,,,,,,0.0,0.0,0.0,,,,,,8.262,0.521,830.854,0.555,,,,,,,,,,,,,,,,0.0,0.0,0.0,,,,,,,,,,,,,,,,,,,,,,,,,,,,,,,,,,,,,0.0,0.0,0.0,,,,,,,,,,,,,,,6.82,,,,,,,,,,,,,,,,,,,,,,,,
Haiti,2000,HTI,8360224.0,12590116864.0,,,,,0.0,0.0,0.0,,358.491,,,,,0.0,0.0,,0.0,0.0,0.0,0.0,,0.53,0.53,,2.484,0.169,836.08,0.555,,,29.904,0.25,,,47.17,,,,,0.0,0.0,,,0.0,0.0,0.0,0.0,,0.19,,,,33.492,0.28,,52.83,,,,,33.492,0.28,,52.83,,0.0,0.0,,,,0.0,0.0,,0.0,,,,,29.904,0.25,,,0.0,0.0,0.0,47.17,,,0.0,0.0,,,0.0,0.0,,0.0,0.0,,63.395,6.99,,,,33.492,0.28,,52.83,,,,,0.0,0.0,,0.0,,,,,0.0,0.0,,0.0,
Haiti,2001,HTI,8511728.0,12654294016.0,,,,,0.0,0.0,0.0,,368.421,,,,,0.0,0.0,,0.0,0.0,0.0,0.0,,0.57,0.57,,8.791,0.614,893.391,0.601,,,34.071,0.29,,,50.877,,,,,0.0,0.0,,,0.0,0.0,0.0,0.0,,0.21,,,,32.896,0.28,,49.123,,,,,32.896,0.28,,49.123,,0.0,0.0,,,,0.0,0.0,,0.0,,,,,34.071,0.29,,,0.0,0.0,0.0,50.877,,,0.0,0.0,,,0.0,0.0,,0.0,0.0,,66.966,7.604,,,,32.896,0.28,,49.123,,,,,0.0,0.0,,0.0,,,,,0.0,0.0,,0.0,
Haiti,2002,HTI,8661546.0,12820096000.0,,,,,0.0,0.0,0.0,,377.359,,,,,0.0,0.0,,0.0,0.0,0.0,0.0,,0.53,0.53,,9.532,0.725,961.624,0.65,,,31.172,0.27,,,50.943,,,,,0.0,0.0,,,0.0,0.0,0.0,0.0,,0.2,,,,30.018,0.26,,49.057,,,,,30.018,0.26,,49.057,,0.0,0.0,,,,0.0,0.0,,0.0,,,,,31.172,0.27,,,0.0,0.0,0.0,50.943,,,0.0,0.0,,,0.0,0.0,,0.0,0.0,,61.19,8.329,,,,30.018,0.26,,49.057,,,,,0.0,0.0,,0.0,,,,,0.0,0.0,,0.0,
Haiti,2003,HTI,8812248.0,13072601088.0,,,,,0.0,0.0,0.0,,372.549,,,,,0.0,0.0,,0.0,0.0,0.0,0.0,,0.51,0.51,,-7.484,-0.623,874.446,0.589,,,29.504,0.26,,,50.98,,,,,0.0,0.0,,,0.0,0.0,0.0,0.0,,0.19,,,,28.37,0.25,,49.02,,,,,28.37,0.25,,49.02,,0.0,0.0,,,,0.0,0.0,,0.0,,,,,29.504,0.26,,,0.0,0.0,0.0,50.98,,,0.0,0.0,,,0.0,0.0,,0.0,0.0,,57.874,7.706,,,,28.37,0.25,,49.02,,,,,0.0,0.0,,0.0,,,,,0.0,0.0,,0.0,
Haiti,2004,HTI,8961495.0,12808948736.0,,,,,0.0,0.0,0.0,,377.359,,,,,0.0,0.0,,0.0,0.0,0.0,0.0,,0.53,0.53,,15.158,1.168,990.221,0.693,,,30.129,0.27,,,50.943,,,,,0.0,0.0,,,0.0,0.0,0.0,0.0,,0.2,,,,29.013,0.26,,49.057,,,,,29.013,0.26,,49.057,,0.0,0.0,,,,0.0,0.0,,0.0,,,,,30.129,0.27,,,0.0,0.0,0.0,50.943,,,0.0,0.0,,,0.0,0.0,,0.0,0.0,,59.142,8.874,,,,29.013,0.26,,49.057,,,,,0.0,0.0,,0.0,,,,,0.0,0.0,,0.0,
Haiti,2005,HTI,9111901.0,13245369344.0,,,,,0.0,0.0,0.0,,377.359,,,,,0.0,0.0,,0.0,0.0,0.0,0.0,,0.53,0.53,,4.307,0.382,1015.82,0.699,,,29.632,0.27,,,50.943,,,,,0.0,0.0,,,0.0,0.0,0.0,0.0,,0.2,,,,28.534,0.26,,49.057,,,,,28.534,0.26,,49.057,,0.0,0.0,,,,0.0,0.0,,0.0,,,,,29.632,0.27,,,0.0,0.0,0.0,50.943,,,0.0,0.0,,,0.0,0.0,,0.0,0.0,,58.166,9.256,,,,28.534,0.26,,49.057,,,,,0.0,0.0,,0.0,,,,,0.0,0.0,,0.0,
Haiti,2006,HTI,9266293.0,13759840256.0,,,,,0.0,0.0,0.0,,381.818,,,,,0.0,0.0,,0.0,0.0,0.0,0.0,,0.55,0.55,,2.362,0.219,1022.49,0.689,,,30.217,0.28,,,50.909,,,,,0.0,0.0,,,0.0,0.0,0.0,0.0,,0.21,,,,29.138,0.27,,49.091,,,,,29.138,0.27,,49.091,,0.0,0.0,,,,0.0,0.0,,0.0,,,,,30.217,0.28,,,0.0,0.0,0.0,50.909,,,0.0,0.0,,,0.0,0.0,,0.0,0.0,,59.355,9.475,,,,29.138,0.27,,49.091,,,,,0.0,0.0,,0.0,,,,,0.0,0.0,,0.0,
Haiti,2007,HTI,9420832.0,14437109760.0,,,,,0.0,0.0,0.0,,466.667,,,,,0.0,0.0,,0.0,0.0,0.0,0.0,,0.45,0.45,,7.85,0.744,1084.662,0.708,,,31.844,0.3,,,66.667,,,,,0.0,0.0,,,0.0,0.0,0.0,0.0,,0.21,,,,15.922,0.15,,33.333,,,,,15.922,0.15,,33.333,,0.0,0.0,,,,0.0,0.0,,0.0,,,,,31.844,0.3,,,0.0,0.0,0.0,66.667,,,0.0,0.0,,,0.0,0.0,,0.0,0.0,,47.766,10.218,,,,15.922,0.15,,33.333,,,,,0.0,0.0,,0.0,,,,,0.0,0.0,,0.0,
Haiti,2008,HTI,9575251.0,14789628928.0,,,,,0.0,0.0,0.0,,425.532,,,,,0.0,0.0,,0.0,0.0,0.0,0.0,,0.47,0.47,,0.75,0.077,1075.174,0.696,,,30.286,0.29,,,61.702,,,,,0.0,0.0,,,0.0,0.0,0.0,0.0,,0.2,,,,18.798,0.18,,38.298,,,,,18.798,0.18,,38.298,,0.0,0.0,,,,0.0,0.0,,0.0,,,,,30.286,0.29,,,0.0,0.0,0.0,61.702,,,0.0,0.0,,,0.0,0.0,,0.0,0.0,,49.085,10.295,,,,18.798,0.18,,38.298,,,,,0.0,0.0,,0.0,,,,,0.0,0.0,,0.0,
Haiti,2009,HTI,9730646.0,15482895360.0,,,,,0.0,0.0,0.0,,500.0,,,,,0.0,0.0,,0.0,0.0,0.0,0.0,,0.68,0.68,,-4.936,-0.508,1005.778,0.632,,,49.329,0.48,,,70.588,,,,,0.0,0.0,,,0.0,0.0,0.0,0.0,,0.34,,,,20.554,0.2,,29.412,,,,,20.554,0.2,,29.412,,0.0,0.0,,,,0.0,0.0,,0.0,,,,,49.329,0.48,,,0.0,0.0,0.0,70.588,,,0.0,0.0,,,0.0,0.0,,0.0,0.0,,69.882,9.787,,,,20.554,0.2,,29.412,,,,,0.0,0.0,,0.0,,,,,0.0,0.0,,0.0,
Haiti,2010,HTI,9842883.0,14869726208.0,,,,,0.0,0.0,0.0,,482.143,,,,,0.0,0.0,,0.0,0.0,0.0,0.0,,0.56,0.56,,-7.257,-0.71,922.152,0.61,,,39.623,0.39,,,69.643,,,,,0.0,0.0,,,0.0,0.0,0.0,0.0,,0.27,,,,17.271,0.17,,30.357,,,,,17.271,0.17,,30.357,,0.0,0.0,,,,0.0,0.0,,0.0,,,,,39.623,0.39,,,0.0,0.0,0.0,69.643,,,0.0,0.0,,,0.0,0.0,,0.0,0.0,,56.894,9.077,,,,17.271,0.17,,30.357,,,,,0.0,0.0,,0.0,,,,,0.0,0.0,,0.0,
Haiti,2011,HTI,9954318.0,15936159744.0,,,,,0.0,0.0,0.0,,569.231,,,,,0.0,0.0,,0.0,0.0,0.0,0.0,,0.65,0.65,,5.129,0.466,958.598,0.599,,,53.243,0.53,,,81.538,,,,,0.0,0.0,,,0.0,0.0,0.0,0.0,,0.37,,,,12.055,0.12,,18.462,,,,,12.055,0.12,,18.462,,0.0,0.0,,,,0.0,0.0,,0.0,,,,,53.243,0.53,,,0.0,0.0,0.0,81.538,,,0.0,0.0,,,0.0,0.0,,0.0,0.0,,65.298,9.542,,,,12.055,0.12,,18.462,,,,,0.0,0.0,,0.0,,,,,0.0,0.0,,0.0,
Haiti,2012,HTI,10108541.0,16393482240.0,,,,,0.0,0.0,0.0,,561.905,,,,,0.0,0.0,,0.0,0.0,0.0,0.0,,1.05,1.05,,9.944,0.949,1037.84,0.64,,,82.109,0.83,,,79.048,,,,,0.0,0.0,,,0.0,0.0,0.0,0.0,,0.59,,,,21.764,0.22,,20.952,,,,,21.764,0.22,,20.952,,0.0,0.0,,,,0.0,0.0,,0.0,,,,,82.109,0.83,,,0.0,0.0,0.0,79.048,,,0.0,0.0,,,0.0,0.0,,0.0,0.0,,103.873,10.491,,,,21.764,0.22,,20.952,,,,,0.0,0.0,,0.0,,,,,0.0,0.0,,0.0,
Haiti,2013,HTI,10261205.0,17085683712.0,,,,,0.0,0.0,0.0,,600.0,,,,,0.0,0.0,,0.0,0.0,0.0,0.0,,1.0,1.0,,5.221,0.548,1075.777,0.646,,,83.811,0.86,,,86.0,,,,,0.0,0.0,,,0.0,0.0,0.0,0.0,,0.6,,,,13.644,0.14,,14.0,,,,,13.644,0.14,,14.0,,0.0,0.0,,,,0.0,0.0,,0.0,,,,,83.811,0.86,,,0.0,0.0,0.0,86.0,,,0.0,0.0,,,0.0,0.0,,0.0,0.0,,97.454,11.039,,,,13.644,0.14,,14.0,,,,,0.0,0.0,,0.0,,,,,0.0,0.0,,0.0,
Haiti,2014,HTI,10412741.0,17572202496.0,,,,,0.0,0.0,0.0,,632.653,,,,,0.0,0.0,,0.0,0.0,0.0,0.0,,0.98,0.98,,7.766,0.857,1142.445,0.677,,,85.472,0.89,,,90.816,,,,,0.0,0.0,,,0.0,0.0,0.0,0.0,,0.62,,,,8.643,0.09,,9.184,,,,,8.643,0.09,,9.184,,0.0,0.0,,,,0.0,0.0,,0.0,,,,,85.472,0.89,,,0.0,0.0,0.0,90.816,,,0.0,0.0,,,0.0,0.0,,0.0,0.0,,94.115,11.896,,,,8.643,0.09,,9.184,,,,,0.0,0.0,,0.0,,,,,0.0,0.0,,0.0,
Haiti,2015,HTI,10563762.0,17862467584.0,,,,,0.0,0.0,0.0,,642.857,,,,,0.0,0.0,,0.0,0.0,0.0,0.0,,0.98,0.98,,14.075,1.674,1284.612,0.76,,,85.197,0.9,,,91.837,,,,,0.0,0.0,,,0.0,0.0,0.0,0.0,,0.63,,,,7.573,0.08,,8.163,,,,,7.573,0.08,,8.163,,0.0,0.0,,,,0.0,0.0,,0.0,,,,,85.197,0.9,,,0.0,0.0,0.0,91.837,,,0.0,0.0,,,0.0,0.0,,0.0,0.0,,92.77,13.57,,,,7.573,0.08,,8.163,,,,,0.0,0.0,,0.0,,,,,0.0,0.0,,0.0,
Haiti,2016,HTI,10713845.0,18119806976.0,,,,,0.0,0.0,0.0,,656.863,,,,,0.0,0.0,,0.0,0.0,0.0,0.0,,1.02,1.02,,3.815,0.518,1314.938,0.777,,,88.67,0.95,,,93.137,,,,,0.0,0.0,,,0.0,0.0,0.0,0.0,,0.67,,,,6.534,0.07,,6.863,,,,,6.534,0.07,,6.863,,0.0,0.0,,,,0.0,0.0,,0.0,,,,,88.67,0.95,,,0.0,0.0,0.0,93.137,,,0.0,0.0,,,0.0,0.0,,0.0,0.0,,95.204,14.088,,,,6.534,0.07,,6.863,,,,,0.0,0.0,,0.0,,,,,0.0,0.0,,0.0,
Haiti,2017,HTI,10863546.0,18372038656.0,,,,,0.0,0.0,0.0,,610.0,,,,,0.0,0.0,,,,,0.0,,1.0,1.0,,-0.737,-0.104,1287.264,0.761,,,80.084,0.87,,,87.0,,,,,0.0,0.0,,,,,,0.0,,0.61,,,,11.967,0.13,,13.0,,,,,11.967,0.13,,13.0,,0.0,0.0,,,,0.0,0.0,,0.0,,,,,80.084,0.87,,,,,,87.0,,,0.0,0.0,,,0.0,0.0,,0.0,0.0,,92.051,13.984,,,,11.967,0.13,,13.0,,,,,0.0,0.0,,0.0,,,,,0.0,0.0,,0.0,
Haiti,2018,HTI,11012427.0,18653679616.0,,,,,0.0,0.0,0.0,,560.0,,,,,0.0,0.0,,,,,0.0,,1.0,1.0,,4.384,0.613,1325.532,0.783,,,72.645,0.8,,,80.0,,,,,0.0,0.0,,,,,,0.0,,0.56,,,,18.161,0.2,,20.0,,,,,18.161,0.2,,20.0,,0.0,0.0,,,,0.0,0.0,,0.0,,,,,72.645,0.8,,,,,,80.0,,,0.0,0.0,,,0.0,0.0,,0.0,0.0,,90.807,14.597,,,,18.161,0.2,,20.0,,,,,0.0,0.0,,0.0,,,,,0.0,0.0,,0.0,
Haiti,2019,HTI,11160441.0,,,,,,0.0,0.0,0.0,,588.235,,,,,0.0,0.0,,,,,0.0,,1.02,1.02,,-9.45,-1.379,1184.346,,,,76.162,0.85,,,83.333,,,,,0.0,0.0,,,,,,0.0,,0.6,,,,15.232,0.17,,16.667,,,,,15.232,0.17,,16.667,,0.0,0.0,,,,0.0,0.0,,0.0,,,,,76.162,0.85,,,,,,83.333,,,0.0,0.0,,,0.0,0.0,,0.0,0.0,,91.394,13.218,,,,15.232,0.17,,16.667,,,,,0.0,0.0,,0.0,,,,,0.0,0.0,,0.0,
Haiti,2020,HTI,11306804.0,,,,,,0.0,0.0,0.0,,619.565,,,,,0.0,0.0,,,,,0.0,,0.92,0.92,,-16.418,-2.17,977.081,,,,71.638,0.81,,,88.043,,,,,0.0,0.0,,,,,,0.0,,0.57,,,,9.729,0.11,,11.957,,,,,9.729,0.11,,11.957,,0.0,0.0,,,,0.0,0.0,,0.0,,,,,71.638,0.81,,,,,,88.043,,,0.0,0.0,,,0.0,0.0,,0.0,0.0,,81.367,11.048,,,,9.729,0.11,,11.957,,,,,0.0,0.0,,0.0,,,,,0.0,0.0,,0.0,
Haiti,2021,HTI,11447575.0,,,,,,0.0,0.0,0.0,,606.061,,,,,0.0,0.0,,,,,0.0,,0.99,0.99,,6.82,0.753,1030.881,,,,75.125,0.86,,,86.869,,,,,0.0,0.0,,,,,,0.0,,0.6,,,,11.356,0.13,,13.131,,,,,11.356,0.13,,13.131,,0.0,0.0,,,,0.0,0.0,,0.0,,,,,75.125,0.86,,,,,,86.869,,,0.0,0.0,,,0.0,0.0,,0.0,0.0,,86.481,11.801,,,,11.356,0.13,,13.131,,,,,0.0,0.0,,0.0,,,,,0.0,0.0,,0.0,
Hawaiian Trade Zone (EIA),1980,,,,,,,,,,,,,,,,,,,,,,,,,,,,,,,,,,,,,,,,,,,,,,,,,,,,,,,,,,,,,,,,,,,,,,,,,,,,,,,,,,,,,,,,,,,,,,,,,,,,,,,28.03,,,,,,,,,,,,,,,,,,,,,,,,
Hawaiian Trade Zone (EIA),1981,,,,,,,,,,,,,,,,,,,,,,,,,,,,15.24,4.272,,,,,,,,,,,,,,,,,,,,,,,,,,,,,,,,,,,,,,,,,,,,,,,,,,,,,,,,,,,,,,,,,,,,,,,,,,32.302,,,,,,,,,,,,,,,,,,,,,,,,
Hawaiian Trade Zone (EIA),1982,,,,,,,,,,,,,,,,,,,,,,,,,,,,-7.692,-2.485,,,,,,,,,,,,,,,,,,,,,,,,,,,,,,,,,,,,,,,,,,,,,,,,,,,,,,,,,,,,,,,,,,,,,,,,,,29.817,,,,,,,,,,,,,,,,,,,,,,,,
Hawaiian Trade Zone (EIA),1983,,,,,,,,,,,,,,,,,,,,,,,,,,,,-6.25,-1.864,,,,,,,,,,,,,,,,,,,,,,,,,,,,,,,,,,,,,,,,,,,,,,,,,,,,,,,,,,,,,,,,,,,,,,,,,,27.953,,,,,,,,,,,,,,,,,,,,,,,,
Hawaiian Trade Zone (EIA),1984,,,,,,,,,,,,,,,,,,,,,,,,,,,,20.329,5.683,,,,,,,,,,,,,,,,,,,,,,,,,,,,,,,,,,,,,,,,,,,,,,,,,,,,,,,,,,,,,,,,,,,,,,,,,,33.636,,,,,,,,,,,,,,,,,,,,,,,,
Hawaiian Trade Zone (EIA),1985,,,,,,,,,,,,,,,,,,,,,,,,,,,,-3.782,-1.272,,,,,,,,,,,,,,,,,,,,,,,,,,,,,,,,,,,,,,,,,,,,,,,,,,,,,,,,,,,,,,,,,,,,,,,,,,32.364,,,,,,,,,,,,,,,,,,,,,,,,
Hawaiian Trade Zone (EIA),1986,,,,,,,,,,,,,,,,,,,,,,,,,,,,-41.459,-13.418,,,,,,,,,,,,,,,,,,,,,,,,,,,,,,,,,,,,,,,,,,,,,,,,,,,,,,,,,,,,,,,,,,,,,,,,,,18.946,,,,,,,,,,,,,,,,,,,,,,,,
High-income countries,1900,,441928834.0,,,,,,,,,,,,,,,,,,,11431.524,5051.92,,,,,,,,,,,,,,,,,,,,,,,,,,167.087,73.84,,,,,,,,,,,,,,,,,,,,,,,,,,,,,,,,,,,,,,246.506,108.938,,,,,,,,,,,,,,,,,,,,,,,,,,,,,,,,,,,,,,,
High-income countries,1901,,445426228.0,,,,,,,,,,,,,,,,,2.966,149.846,11678.178,5201.767,,,,,,,,,,,,,,,,,,,,,,,,10.817,7.988,183.707,81.828,,,,,,,,,,,,,,,,,,,,,,,,,,,,,,,,,,,,9.427,10.269,267.626,119.208,,,,,,,,,,,,,,,,,,,,,,,,,,,,,,,,,,,,,,,
High-income countries,1902,,450208034.0,,,,,,,,,,,,,,,,,2.346,122.018,11825.165,5323.784,,,,,,,,,,,,,,,,,,,,,,,,9.761,7.988,199.498,89.816,,,,,,,,,,,,,,,,,,,,,,,,,,,,,,,,,,,,26.498,31.587,334.944,150.795,,,,,,,,,,,,,,,,,,,,,,,,,,,,,,,,,,,,,,,
High-income countries,1903,,455171317.0,,,,,,,,,,,,,,,,,9.243,492.082,12777.312,5815.866,,,,,,,,,,,,,,,,,,,,,,,,8.893,7.988,214.872,97.803,,,,,,,,,,,,,,,,,,,,,,,,,,,,,,,,,,,,13.682,20.632,376.619,171.426,,,,,,,,,,,,,,,,,,,,,,,,,,,,,,,,,,,,,,,
High-income countries,1904,,460204012.0,,,,,,,,,,,,,,,,,0.048,2.81,12643.688,5818.676,,,,,,,,,,,,,,,,,,,,,,,,8.167,7.988,229.878,105.791,,,,,,,,,,,,,,,,,,,,,,,,,,,,,,,,,,,,17.517,30.029,437.751,201.455,,,,,,,,,,,,,,,,,,,,,,,,,,,,,,,,,,,,,,,
High-income countries,1905,,465308204.0,,,,,,,,,,,,,,,,,6.8,395.652,13355.294,6214.328,,,,,,,,,,,,,,,,,,,,,,,,7.55,7.988,244.523,113.779,,,,,,,,,,,,,,,,,,,,,,,,,,,,,,,,,,,,14.248,28.703,494.635,230.158,,,,,,,,,,,,,,,,,,,,,,,,,,,,,,,,,,,,,,,
High-income countries,1906,,470485448.0,,,,,,,,,,,,,,,,,5.846,363.292,13980.496,6577.62,,,,,,,,,,,,,,,,,,,,,,,,7.02,7.988,258.81,121.766,,,,,,,,,,,,,,,,,,,,,,,,,,,,,,,,,,,,-4.144,-9.537,468.922,220.621,,,,,,,,,,,,,,,,,,,,,,,,,,,,,,,,,,,,,,,
High-income countries,1907,,475740660.0,,,,,,,,,,,,,,,,,10.496,690.406,15277.285,7268.026,,,,,,,,,,,,,,,,,,,,,,,,6.56,7.988,272.741,129.754,,,,,,,,,,,,,,,,,,,,,,,,,,,,,,,,,,,,31.313,69.082,608.952,289.703,,,,,,,,,,,,,,,,,,,,,,,,,,,,,,,,,,,,,,,
High-income countries,1908,,481071964.0,,,,,,,,,,,,,,,,,-5.712,-415.178,14244.954,6852.848,,,,,,,,,,,,,,,,,,,,,,,,6.156,7.988,286.322,137.742,,,,,,,,,,,,,,,,,,,,,,,,,,,,,,,,,,,,9.028,26.156,656.574,315.859,,,,,,,,,,,,,,,,,,,,,,,,,,,,,,,,,,,,,,,
High-income countries,1909,,485843102.0,,,,,,,,,,,,,,,,,4.744,325.121,14774.253,7177.969,,,,,,,,,,,,,,,,,,,,,,,,5.799,7.988,299.951,145.729,,,,,,,,,,,,,,,,,,,,,,,,,,,,,,,,,,,,4.367,13.793,678.516,329.652,,,,,,,,,,,,,,,,,,,,,,,,,,,,,,,,,,,,,,,
High-income countries,1910,,491482327.0,,,,,,,,,,,,,,,,,4.702,337.507,15291.446,7515.476,,,,,,,,,,,,,,,,,,,,,,,,8.138,11.86,320.64,157.589,,,,,,,,,,,,,,,,,,,,,,,,,,,,,,,,,,,,11.152,36.762,745.53,366.415,,,,,,,,,,,,,,,,,,,,,,,,,,,,,,,,,,,,,,,
High-income countries,1911,,493681645.0,,,,,,,,,,,,,,,,,1.316,98.88,15423.614,7614.355,,,,,,,,,,,,,,,,,,,,,,,,5.315,8.376,336.179,165.965,,,,,,,,,,,,,,,,,,,,,,,,,,,,,,,,,,,,4.698,17.212,777.074,383.627,,,,,,,,,,,,,,,,,,,,,,,,,,,,,,,,,,,,,,,
High-income countries,1912,,496704674.0,,,,,,,,,,,,,,,,,5.322,405.219,16145.559,8019.574,,,,,,,,,,,,,,,,,,,,,,,,5.047,8.376,350.997,174.342,,,,,,,,,,,,,,,,,,,,,,,,,,,,,,,,,,,,0.782,3.001,778.385,386.628,,,,,,,,,,,,,,,,,,,,,,,,,,,,,,,,,,,,,,,
High-income countries,1913,,499185606.0,,,,,,,,,,,,,,,,,7.074,567.34,17201.846,8586.914,,,,,,,,,,,,,,,,,,,,,,,,4.805,8.376,366.032,182.718,,,,,,,,,,,,,,,,,,,,,,,,,,,,,,,,,,,,10.245,39.612,853.87,426.24,,,,,,,,,,,,,,,,,,,,,,,,,,,,,,,,,,,,,,,
High-income countries,1914,,501704009.0,,,,,,,,,,,,,,,,,-10.734,-921.715,15278.33,7665.199,,,,,,,,,,,,,,,,,,,,,,,,4.584,8.376,380.891,191.094,,,,,,,,,,,,,,,,,,,,,,,,,,,,,,,,,,,,5.694,24.272,897.962,450.511,,,,,,,,,,,,,,,,,,,,,,,,,,,,,,,,,,,,,,,
High-income countries,1915,,504199525.0,,,,,,,,,,,,,,,,,-1.737,-133.174,14938.581,7532.025,,,,,,,,,,,,,,,,,,,,,,,,4.383,8.376,395.618,199.471,,,,,,,,,,,,,,,,,,,,,,,,,,,,,,,,,,,,4.525,20.387,933.953,470.899,,,,,,,,,,,,,,,,,,,,,,,,,,,,,,,,,,,,,,,
High-income countries,1916,,506672029.0,,,,,,,,,,,,,,,,,7.332,552.259,15955.655,8084.284,,,,,,,,,,,,,,,,,,,,,,,,4.199,8.376,410.22,207.847,,,,,,,,,,,,,,,,,,,,,,,,,,,,,,,,,,,,5.159,24.295,977.346,495.194,,,,,,,,,,,,,,,,,,,,,,,,,,,,,,,,,,,,,,,
High-income countries,1917,,509166727.0,,,,,,,,,,,,,,,,,4.563,368.871,16601.939,8453.155,,,,,,,,,,,,,,,,,,,,,,,,4.03,8.376,424.661,216.223,,,,,,,,,,,,,,,,,,,,,,,,,,,,,,,,,,,,10.411,51.556,1073.812,546.75,,,,,,,,,,,,,,,,,,,,,,,,,,,,,,,,,,,,,,,
High-income countries,1918,,511740978.0,,,,,,,,,,,,,,,,,-0.375,-31.677,16456.525,8421.479,,,,,,,,,,,,,,,,,,,,,,,,3.874,8.376,438.893,224.6,,,,,,,,,,,,,,,,,,,,,,,,,,,,,,,,,,,,6.318,34.541,1135.908,581.291,,,,,,,,,,,,,,,,,,,,,,,,,,,,,,,,,,,,,,,
High-income countries,1919,,514817048.0,,,,,,,,,,,,,,,,,-16.131,-1358.44,13719.512,7063.039,,,,,,,,,,,,,,,,,,,,,,,,3.729,8.376,452.541,232.976,,,,,,,,,,,,,,,,,,,,,,,,,,,,,,,,,,,,9.023,52.451,1231.004,633.742,,,,,,,,,,,,,,,,,,,,,,,,,,,,,,,,,,,,,,,
High-income countries,1920,,520160910.0,,,,,,,,,,,,,,,,,15.732,1111.168,15714.766,8174.207,,,,,,,,,,,,,,,,,,,,,,,,3.595,8.376,463.995,241.352,,,,,,,,,,,,,,,,,,,,,,,,,,,,,,,,,,,,18.794,119.103,1447.331,752.845,,,,,,,,,,,,,,,,,,,,,,,,,,,,,,,,,,,,,,,
High-income countries,1921,,522626920.0,,,,,,,,,,,,,,,,,-17.895,-1462.789,12841.7,6711.418,,,,,,,,,,,,,,,,,,,,,,,,3.471,8.376,477.833,249.729,,,,,,,,,,,,,,,,,,,,,,,,,,,,,,,,,,,,4.052,30.505,1498.871,783.35,,,,,,,,,,,,,,,,,,,,,,,,,,,,,,,,,,,,,,,
High-income countries,1922,,527267791.0,,,,,,,,,,,,,,,,,6.265,420.464,13526.109,7131.882,,,,,,,,,,,,,,,,,,,,,,,,6.138,15.328,502.698,265.056,,,,,,,,,,,,,,,,,,,,,,,,,,,,,,,,,,,,17.709,138.723,1748.775,922.073,,,,,,,,,,,,,,,,,,,,,,,,,,,,,,,,,,,,,,,
High-income countries,1923,,532410256.0,,,,,,,,,,,,,,,,,16.867,1202.921,15654.85,8334.803,,,,,,,,,,,,,,,,,,,,,,,,16.89,44.767,581.926,309.823,,,,,,,,,,,,,,,,,,,,,,,,,,,,,,,,,,,,30.499,281.225,2260.095,1203.298,,,,,,,,,,,,,,,,,,,,,,,,,,,,,,,,,,,,,,,
High-income countries,1924,,537630966.0,,,,,,,,,,,,,,,,,-3.842,-320.225,14907.21,8014.578,,,,,,,,,,,,,,,,,,,,,,,,14.449,44.767,659.542,354.59,,,,,,,,,,,,,,,,,,,,,,,,,,,,,,,,,,,,-1.747,-21.027,2199.038,1182.271,,,,,,,,,,,,,,,,,,,,,,,,,,,,,,,,,,,,,,,
High-income countries,1925,,542932548.0,,,,,,,,,,,,,,,,,0.465,37.289,14830.325,8051.866,,,,,,,,,,,,,,,,,,,,,,,,12.625,44.767,735.555,399.357,,,,,,,,,,,,,,,,,,,,,,,,,,,,,,,,,,,,7.08,83.701,2331.73,1265.972,,,,,,,,,,,,,,,,,,,,,,,,,,,,,,,,,,,,,,,
High-income countries,1926,,548329941.0,,,,,,,,,,,,,,,,,-1.367,-110.062,14483.624,7941.805,,,,,,,,,,,,,,,,,,,,,,,,11.21,44.767,809.957,444.124,,,,,,,,,,,,,,,,,,,,,,,,,,,,,,,,,,,,2.585,32.727,2368.462,1298.699,,,,,,,,,,,,,,,,,,,,,,,,,,,,,,,,,,,,,,,
High-income countries,1927,,553872079.0,,,,,,,,,,,,,,,,,7.619,605.055,15431.107,8546.859,,,,,,,,,,,,,,,,,,,,,,,,10.08,44.767,882.677,488.89,,,,,,,,,,,,,,,,,,,,,,,,,,,,,,,,,,,,15.621,202.874,2711.046,1501.573,,,,,,,,,,,,,,,,,,,,,,,,,,,,,,,,,,,,,,,
High-income countries,1928,,559230360.0,,,,,,,,,,,,,,,,,-2.368,-202.414,14921.303,8344.445,,,,,,,,,,,,,,,,,,,,,,,,9.157,44.767,954.271,533.657,,,,,,,,,,,,,,,,,,,,,,,,,,,,,,,,,,,,0.897,13.468,2709.152,1515.04,,,,,,,,,,,,,,,,,,,,,,,,,,,,,,,,,,,,,,,
High-income countries,1929,,564542117.0,,,,,,,,,,,,,,,,,6.131,511.58,15687.094,8856.025,,,,,,,,,,,,,,,,,,,,,,,,5.202,27.761,994.466,561.418,,,,,,,,,,,,,,,,,,,,,,,,,,,,,,,,,,,,11.645,176.427,2996.175,1691.467,,,,,,,,,,,,,,,,,,,,,,,,,,,,,,,,,,,,,,,
High-income countries,1930,,571476244.0,,,,,,,,,,,,,,,,,-9.774,-865.595,13982.087,7990.431,,,,,,,,,,,,,,,,,,,,,,,,4.392,24.658,1025.547,586.076,,,,,,,,,,,,,,,,,,,,,,,,,,,,,,,,,,,,-9.499,-160.668,2678.674,1530.799,,,,,,,,,,,,,,,,,,,,,,,,,,,,,,,,,,,,,,,
High-income countries,1931,,574597726.0,,,,,,,,,,,,,,,,,-13.32,-1064.35,12053.79,6926.081,,,,,,,,,,,,,,,,,,,,,,,,4.349,25.489,1064.336,611.565,,,,,,,,,,,,,,,,,,,,,,,,,,,,,,,,,,,,-4.093,-62.662,2555.068,1468.136,,,,,,,,,,,,,,,,,,,,,,,,,,,,,,,,,,,,,,,
High-income countries,1932,,579166671.0,,,,,,,,,,,,,,,,,-12.549,-869.161,10457.99,6056.919,,,,,,,,,,,,,,,,,,,,,,,,4.168,25.489,1099.95,637.054,,,,,,,,,,,,,,,,,,,,,,,,,,,,,,,,,,,,-6.645,-97.564,2366.456,1370.572,,,,,,,,,,,,,,,,,,,,,,,,,,,,,,,,,,,,,,,
High-income countries,1933,,583558370.0,,,,,,,,,,,,,,,,,4.051,245.353,10799.729,6302.272,,,,,,,,,,,,,,,,,,,,,,,,4.001,25.489,1135.35,662.543,,,,,,,,,,,,,,,,,,,,,,,,,,,,,,,,,,,,12.683,173.833,2646.532,1544.406,,,,,,,,,,,,,,,,,,,,,,,,,,,,,,,,,,,,,,,
High-income countries,1934,,587972125.0,,,,,,,,,,,,,,,,,7.885,496.908,11563.779,6799.18,,,,,,,,,,,,,,,,,,,,,,,,3.847,25.489,1170.178,688.032,,,,,,,,,,,,,,,,,,,,,,,,,,,,,,,,,,,,1.459,22.539,2664.999,1566.945,,,,,,,,,,,,,,,,,,,,,,,,,,,,,,,,,,,,,,,
High-income countries,1935,,592419232.0,,,,,,,,,,,,,,,,,2.914,198.115,11811.39,6997.294,,,,,,,,,,,,,,,,,,,,,,,,3.705,25.489,1204.42,713.521,,,,,,,,,,,,,,,,,,,,,,,,,,,,,,,,,,,,8.999,141.002,2883.004,1707.947,,,,,,,,,,,,,,,,,,,,,,,,,,,,,,,,,,,,,,,
High-income countries,1936,,597041207.0,,,,,,,,,,,,,,,,,9.582,670.456,12842.916,7667.75,,,,,,,,,,,,,,,,,,,,,,,,3.572,25.489,1237.788,739.01,,,,,,,,,,,,,,,,,,,,,,,,,,,,,,,,,,,,10.219,174.531,3153.012,1882.478,,,,,,,,,,,,,,,,,,,,,,,,,,,,,,,,,,,,,,,
High-income countries,1937,,601849028.0,,,,,,,,,,,,,,,,,5.24,401.755,13407.856,8069.505,,,,,,,,,,,,,,,,,,,,,,,,3.624,26.785,1272.404,765.795,,,,,,,,,,,,,,,,,,,,,,,,,,,,,,,,,,,,14.688,276.492,3587.229,2158.97,,,,,,,,,,,,,,,,,,,,,,,,,,,,,,,,,,,,,,,
High-income countries,1938,,606463893.0,,,,,,,,,,,,,,,,,-8.557,-690.507,12167.25,7378.998,,,,,,,,,,,,,,,,,,,,,,,,7.806,59.776,1361.286,825.571,,,,,,,,,,,,,,,,,,,,,,,,,,,,,,,,,,,,-4.273,-92.261,3407.802,2066.709,,,,,,,,,,,,,,,,,,,,,,,,,,,,,,,,,,,,,,,
High-income countries,1939,,611477771.0,,,,,,,,,,,,,,,,,4.694,346.386,12633.957,7725.384,,,,,,,,,,,,,,,,,,,,,,,,7.397,61.072,1450.0,886.643,,,,,,,,,,,,,,,,,,,,,,,,,,,,,,,,,,,,4.326,89.411,3526.082,2156.121,,,,,,,,,,,,,,,,,,,,,,,,,,,,,,,,,,,,,,,
High-income countries,1940,,618661326.0,,,,,,,,,,,,,,,,,9.545,737.362,13679.126,8462.746,,,,,,,,,,,,,,,,,,,,,,,,6.888,61.071,1531.879,947.714,,,,,,,,,,,,,,,,,,,,,,,,,,,,,,,,,,,,6.913,149.062,3726.081,2305.182,,,,,,,,,,,,,,,,,,,,,,,,,,,,,,,,,,,,,,,
High-income countries,1941,,620822871.0,,,,,,,,,,,,,,,,,4.278,362.04,14214.66,8824.786,,,,,,,,,,,,,,,,,,,,,,,,6.444,61.071,1624.917,1008.786,,,,,,,,,,,,,,,,,,,,,,,,,,,,,,,,,,,,2.91,67.07,3821.142,2372.252,,,,,,,,,,,,,,,,,,,,,,,,,,,,,,,,,,,,,,,
High-income countries,1942,,625453601.0,,,,,,,,,,,,,,,,,6.087,537.146,14968.228,9361.932,,,,,,,,,,,,,,,,,,,,,,,,6.054,61.071,1710.53,1069.857,,,,,,,,,,,,,,,,,,,,,,,,,,,,,,,,,,,,-0.696,-16.515,3766.447,2355.738,,,,,,,,,,,,,,,,,,,,,,,,,,,,,,,,,,,,,,,
High-income countries,1943,,630209499.0,,,,,,,,,,,,,,,,,0.686,64.184,14957.114,9426.115,,,,,,,,,,,,,,,,,,,,,,,,5.708,61.072,1794.528,1130.928,,,,,,,,,,,,,,,,,,,,,,,,,,,,,,,,,,,,8.022,188.976,4037.885,2544.714,,,,,,,,,,,,,,,,,,,,,,,,,,,,,,,,,,,,,,,
High-income countries,1944,,635078196.0,,,,,,,,,,,,,,,,,-3.148,-296.762,14375.164,9129.354,,,,,,,,,,,,,,,,,,,,,,,,5.4,61.072,1876.934,1192.0,,,,,,,,,,,,,,,,,,,,,,,,,,,,,,,,,,,,10.18,259.058,4414.845,2803.772,,,,,,,,,,,,,,,,,,,,,,,,,,,,,,,,,,,,,,,
High-income countries,1945,,639500480.0,,,,,,,,,,,,,,,,,-21.563,-1968.594,11197.427,7160.76,,,,,,,,,,,,,,,,,,,,,,,,5.123,61.071,1959.453,1253.071,,,,,,,,,,,,,,,,,,,,,,,,,,,,,,,,,,,,2.298,64.43,4485.066,2868.202,,,,,,,,,,,,,,,,,,,,,,,,,,,,,,,,,,,,,,,
High-income countries,1946,,643327795.0,,,,,,,,,,,,,,,,,8.146,583.324,12037.54,7744.084,,,,,,,,,,,,,,,,,,,,,,,,5.398,67.642,2052.94,1320.714,,,,,,,,,,,,,,,,,,,,,,,,,,,,,,,,,,,,3.591,102.984,4618.463,2971.186,,,,,,,,,,,,,,,,,,,,,,,,,,,,,,,,,,,,,,,
High-income countries,1947,,647655739.0,,,,,,,,,,,,,,,,,12.721,985.133,13478.174,8729.217,,,,,,,,,,,,,,,,,,,,,,,,10.093,133.296,2245.035,1454.01,,,,,,,,,,,,,,,,,,,,,,,,,,,,,,,,,,,,9.183,272.84,5008.874,3244.026,,,,,,,,,,,,,,,,,,,,,,,,,,,,,,,,,,,,,,,
High-income countries,1948,,653171890.0,,,,,,,,,,,,,,,,,2.336,203.881,13676.488,8933.098,,,,,,,,,,,,,,,,,,,,,,,,13.425,195.202,2524.927,1649.211,,,,,,,,,,,,,,,,,,,,,,,,,,,,,,,,,,,,12.682,411.411,5596.439,3655.437,,,,,,,,,,,,,,,,,,,,,,,,,,,,,,,,,,,,,,,
High-income countries,1949,,659463654.0,,,,,,,,,,,,,,,,,-9.42,-841.489,12269.984,8091.609,,,,,,,,,,,,,,,,,,,,,,,,6.787,111.927,2670.562,1761.138,,,,,,,,,,,,,,,,,,,,,,,,,,,,,,,,,,,,-3.405,-124.464,5354.31,3530.973,,,,,,,,,,,,,,,,,,,,,,,,,,,,,,,,,,,,,,,
High-income countries,1950,,669397963.0,,,,,,,,,,,,,,,,,8.771,709.735,13148.148,8801.344,,,,,,,,,,,,,,,,,,,,,,,,14.884,262.134,3022.526,2023.273,,,,,,,,,,,,,,,,,,,,,,,,,,,,,,,,,,,,10.171,359.123,5811.334,3890.095,,,,,,,,,,,,,,,,,,,,,,,,,,,,,,,,,,,,,,,
High-income countries,1951,,676774552.0,,,,,,,,,,,,,,,,,4.519,397.764,13592.573,9199.107,,,,,,,,,,,,,,,,,,,,,,,,18.847,381.319,3553.017,2404.592,,,,,,,,,,,,,,,,,,,,,,,,,,,,,,,,,,,,19.353,752.868,6860.428,4642.963,,,,,,,,,,,,,,,,,,,,,,,,,,,,,,,,,,,,,,,
High-income countries,1952,,684518924.0,,,,,,,,,,,,,,,,,-3.345,-307.717,12989.255,8891.391,,,,,,,,,,,,,,,,,,,,,,,,7.884,189.59,3789.787,2594.181,,,,,,,,,,,,,,,,,,,,,,,,,,,,,,,,,,,,6.032,280.085,7191.983,4923.049,,,,,,,,,,,,,,,,,,,,,,,,,,,,,,,,,,,,,,,
High-income countries,1953,,692819154.0,,,,,,,,,,,,,,,,,-0.912,-81.079,12716.61,8810.312,,,,,,,,,,,,,,,,,,,,,,,,5.436,141.021,3947.93,2735.202,,,,,,,,,,,,,,,,,,,,,,,,,,,,,,,,,,,,5.024,247.335,7462.819,5170.384,,,,,,,,,,,,,,,,,,,,,,,,,,,,,,,,,,,,,,,
High-income countries,1954,,701492294.0,,,,,,,,,,,,,,,,,-4.574,-403.005,11984.888,8407.307,,,,,,,,,,,,,,,,,,,,,,,,4.647,127.109,4080.316,2862.311,,,,,,,,,,,,,,,,,,,,,,,,,,,,,,,,,,,,2.216,114.579,7533.886,5284.963,,,,,,,,,,,,,,,,,,,,,,,,,,,,,,,,,,,,,,,
High-income countries,1955,,710382120.0,,,,,,,,,,,,,,,,,6.86,576.776,12646.832,8984.083,,,,,,,,,,,,,,,,,,,,,,,,7.999,228.969,4351.572,3091.279,,,,,,,,,,,,,,,,,,,,,,,,,,,,,,,,,,,,8.648,457.024,8082.955,5741.987,,,,,,,,,,,,,,,,,,,,,,,,,,,,,,,,,,,,,,,
High-income countries,1956,,719265066.0,,,,,,,,,,,,,,,,,3.945,354.431,12983.41,9338.514,,,,,,,,,,,,,,,,,,,,,,,,7.588,234.57,4623.955,3325.849,,,,,,,,,,,,,,,,,,,,,,,,,,,,,,,,,,,,5.66,325.024,8435.014,6067.011,,,,,,,,,,,,,,,,,,,,,,,,,,,,,,,,,,,,,,,
High-income countries,1957,,728148307.0,,,,,,,,,,,,,,,,,0.024,2.232,12828.082,9340.746,,,,,,,,,,,,,,,,,,,,,,,,6.553,217.938,4866.848,3543.787,,,,,,,,,,,,,,,,,,,,,,,,,,,,,,,,,,,,1.566,94.993,8462.567,6162.004,,,,,,,,,,,,,,,,,,,,,,,,,,,,,,,,,,,,,,,
High-income countries,1958,,737635313.0,,,,,,,,,,,,,,,,,-6.92,-646.422,11786.752,8694.324,,,,,,,,,,,,,,,,,,,,,,,,4.838,171.457,5036.695,3715.244,,,,,,,,,,,,,,,,,,,,,,,,,,,,,,,,,,,,-1.309,-80.688,8244.339,6081.315,,,,,,,,,,,,,,,,,,,,,,,,,,,,,,,,,,,,,,,
High-income countries,1959,,747296445.0,,,,,,,,,,,,,,,,,-0.061,-5.273,11627.314,8689.051,,,,,,,,,,,,,,,,,,,,,,,,10.576,392.918,5497.367,4108.163,,,,,,,,,,,,,,,,,,,,,,,,,,,,,,,,,,,,5.109,310.695,8553.515,6392.011,,,,,,,,,,,,,,,,,,,,,,,,,,,,,,,,,,,,,,,
High-income countries,1960,,756613763.0,,,,,,,,,,,,,,,,,0.602,52.324,11553.286,8741.375,,,,,,,,,,,,,,,,,,,,,,,,6.933,284.839,5806.135,4393.001,,,,,,,,,,,,,,,,,,,,,,,,,,,,,,,,,,,,4.165,266.257,8800.089,6658.268,,,,,,,,,,,,,,,,,,,,,,,,,,,,,,,,,,,,,,,
High-income countries,1961,,766062145.0,,,,,,,,,,,,,,,,,-0.006,-0.521,11410.11,8740.854,,,,,,,,,,,,,,,,,,,,,,,,4.813,211.445,6010.539,4604.446,,,,,,,,,,,,,,,,,,,,,,,,,,,,,,,,,,,,4.079,271.619,9046.115,6929.887,,,,,,,,,,,,,,,,,,,,,,,,,,,,,,,,,,,,,,,
High-income countries,1962,,775529446.0,,,,,,,,,,,,,,,,,2.118,185.152,11509.564,8926.006,,,,,,,,,,,,,,,,,,,,,,,,7.366,339.179,6374.516,4943.625,,,,,,,,,,,,,,,,,,,,,,,,,,,,,,,,,,,,5.505,381.476,9427.575,7311.362,,,,,,,,,,,,,,,,,,,,,,,,,,,,,,,,,,,,,,,
High-income countries,1963,,784955820.0,,,,,,,,,,,,,,,,,3.247,289.848,11740.602,9215.854,,,,,,,,,,,,,,,,,,,,,,,,7.362,363.929,6761.596,5307.554,,,,,,,,,,,,,,,,,,,,,,,,,,,,,,,,,,,,4.729,345.725,9754.8,7657.087,,,,,,,,,,,,,,,,,,,,,,,,,,,,,,,,,,,,,,,
High-income countries,1964,,794527190.0,,,,,,,,,,,,,,,,,3.152,290.456,11964.738,9506.31,,,,,,,,,,,,,,,,,,,,,,,,7.096,376.61,7154.146,5684.164,,,,,,,,,,,,,,,,,,,,,,,,,,,,,,,,,,,,5.1,390.536,10128.82,8047.623,,,,,,,,,,,,,,,,,,,,,,,,,,,,,,,,,,,,,,,
High-income countries,1965,,803939083.0,,,,0.0,0.0,,,,0.0,,,,12658.035,10176.289,,,0.464,44.083,11879.498,9550.393,,32.973,,,,,,38388.988,,,,,,35636.887,28649.887,,92.831,,,4814.058,,,5988.087,4.723,268.454,7404.314,5952.618,,15.598,,,,2089.701,879.046,706.699,2599.328,,6.771,,,2212.521,930.747,748.263,2752.101,,7.169,,,,,67.19,29.454,23.679,83.576,,0.218,,,13659.541,,,16990.766,8.826,710.249,10893.701,8757.872,,44.259,55.63,17.885,,,,22.247,,69.197,,,0.18,,30862.408,,,2145.331,901.293,724.584,2668.525,,6.951,,,0.0,0.0,0.0,0.0,,0.0,,,0.0,0.0,0.0,0.0,,0.0
High-income countries,1966,,812785800.0,,,0.0,0.0,0.0,,,,0.0,,-0.46,-46.838,12462.633,10129.451,,,-0.124,-11.846,11735.622,9538.547,,31.296,,,,4.873,1504.018,39821.594,,4.737,1357.113,,,36918.707,30007.0,,92.71,8.371,402.99,5217.048,,,6418.724,6.598,392.772,7806.964,6345.39,,16.119,,5.578,116.562,2206.263,917.976,746.118,2714.446,,6.817,6.668,146.905,2359.426,982.005,798.159,2902.887,,7.29,,,36.649,24.625,91.815,39.811,32.357,112.963,,0.284,7.328,1000.961,14660.502,,,18037.35,8.756,766.82,11718.576,9524.692,,45.295,61.348,19.684,,10.057,5.718,24.218,,75.479,,,0.19,,32366.426,5.688,122.28,2267.611,942.194,765.802,2789.925,,7.006,,0.0,0.0,0.0,0.0,0.0,,0.0,,0.0,0.0,0.0,0.0,0.0,,0.0
High-income countries,1967,,821405210.0,,,0.0,0.0,0.0,,,,0.0,,-1.796,-181.885,12110.425,9947.566,,,-0.98,-93.509,11498.634,9445.038,,29.525,,,,4.097,1325.973,41018.0,,4.169,1250.955,,,38054.246,31257.955,,92.775,6.888,359.361,5576.409,,,6788.865,7.169,454.87,8278.812,6800.26,,16.551,,2.562,56.529,2262.792,931.617,765.235,2754.781,,6.716,3.208,75.019,2434.444,1002.87,823.763,2963.756,,7.226,,,19.645,18.037,109.852,47.132,38.714,133.737,,0.326,7.322,1073.479,15733.98,,,19154.955,6.521,621.12,12351.775,10145.812,,46.699,61.801,19.814,,0.658,0.453,24.122,,75.238,,,0.183,,33692.398,2.513,56.981,2324.593,955.739,785.049,2830.019,,6.899,,0.0,0.0,0.0,0.0,0.0,,0.0,,0.0,0.0,0.0,0.0,0.0,,0.0
High-income countries,1968,,829928109.0,,,0.0,0.0,0.0,,,,0.0,,2.267,225.496,12257.764,10173.062,,,-0.947,-89.487,11272.725,9355.551,,28.327,,,,6.591,2220.797,43272.656,,6.801,2125.748,,,40224.812,33383.703,,92.957,9.479,528.57,6104.979,,,7356.034,9.297,632.19,8955.535,7432.45,,16.999,,2.621,59.309,2322.1,946.217,785.292,2797.954,,6.466,3.937,95.046,2529.491,1031.65,856.195,3047.843,,7.043,,,26.47,29.078,138.93,58.995,48.962,167.4,,0.387,8.718,1371.682,17105.662,,,20611.018,6.966,706.73,13076.485,10852.543,,47.631,68.461,21.941,,10.737,6.659,26.437,,82.49,,,0.191,,35913.195,2.826,65.968,2390.561,972.654,807.233,2880.443,,6.656,,0.0,0.0,0.0,0.0,0.0,,0.0,,0.0,0.0,0.0,0.0,0.0,,0.0
High-income countries,1969,,838295343.0,,,0.0,0.0,0.0,,,,0.0,,1.324,134.657,12296.048,10307.72,,,0.231,21.604,11185.98,9377.155,,26.923,,,,6.606,2372.57,45670.977,,6.707,2239.012,,,42494.23,35622.715,,93.044,10.318,629.912,6734.891,,,8034.031,10.397,772.758,9787.968,8205.208,,17.591,,4.572,106.157,2428.258,979.598,821.193,2896.661,,6.342,5.309,133.559,2663.05,1075.572,901.647,3176.744,,6.956,,,17.183,23.872,162.802,68.442,57.375,194.206,,0.425,8.62,1474.443,18580.105,,,22164.152,4.263,462.68,13497.896,11315.223,,48.53,71.991,23.08,,5.191,3.53,27.532,,85.877,,,0.188,,38285.766,4.588,109.687,2500.248,1007.13,844.273,2982.538,,6.53,,0.0,0.0,0.0,0.0,0.0,,0.0,,0.0,0.0,0.0,0.0,0.0,,0.0
High-income countries,1970,,847035032.0,,,0.0,0.0,0.0,,,,0.0,,-1.481,-152.626,11988.989,10155.094,,,3.833,359.41,11494.879,9736.565,,25.129,,,,5.553,2125.969,47709.637,,5.638,2008.52,,,44427.012,37631.234,,93.12,8.483,571.343,7306.234,,,8625.657,-11.581,-950.248,8565.124,7254.96,,18.079,,2.749,66.742,2494.999,996.138,843.763,2945.568,,6.174,4.46,117.451,2780.501,1111.951,941.861,3282.628,,6.88,,,27.465,44.714,207.516,86.34,73.133,244.991,,0.514,8.556,1589.801,20169.906,,,23812.363,8.695,983.828,14520.12,12299.051,,49.911,77.986,24.965,,8.167,5.995,29.473,,92.069,,,0.193,,40411.734,2.897,72.737,2572.985,1025.611,868.728,3037.637,,6.367,,0.0,0.0,0.0,0.0,0.0,,0.0,,0.0,0.0,0.0,0.0,0.0,,0.0
High-income countries,1971,,856236764.0,,,0.0,0.0,0.0,,,,0.0,,-5.116,-519.566,11253.345,9635.527,,,-4.819,-469.235,10823.326,9267.33,,23.2,,,,2.775,1121.227,48506.398,,2.445,920.059,,,45024.105,38551.293,,92.821,6.442,470.68,7776.914,,,9082.668,6.271,454.946,9004.409,7709.906,,18.725,,4.567,113.939,2608.938,1030.434,882.295,3046.982,,6.282,7.347,201.169,2981.67,1180.818,1011.059,3482.296,,7.179,,,41.187,85.469,292.985,120.591,103.254,342.177,,0.705,4.804,968.945,21138.852,,,24688.092,7.39,908.902,15425.585,13207.953,,50.897,79.747,25.51,,2.183,1.761,29.793,,93.136,,,0.192,,41532.961,4.498,115.7,2688.685,1060.227,907.805,3140.119,,6.474,,0.0,0.0,0.0,0.0,0.0,,0.0,,0.0,0.0,0.0,0.0,0.0,,0.0
High-income countries,1972,,865281941.0,,,0.0,0.0,0.0,,,,0.0,,-0.769,-74.107,11050.062,9561.42,,,0.826,76.533,10798.635,9343.863,,21.908,,,,5.079,2109.602,50437.391,,4.87,1877.258,,,46722.98,40428.551,,92.636,5.35,416.099,8193.013,,,9468.604,4.34,334.615,9296.994,8044.521,,18.773,,4.554,118.81,2727.749,1066.098,922.475,3152.439,,6.25,7.918,232.342,3214.012,1260.994,1091.115,3714.41,,7.364,,,36.694,107.508,400.493,163.117,141.142,462.846,,0.918,7.263,1535.266,22674.117,,,26204.311,8.542,1128.25,16568.244,14336.203,,51.954,85.771,27.498,,7.794,6.024,31.779,,99.125,,,0.197,,43642.562,4.645,124.834,2813.519,1097.877,949.973,3251.564,,6.447,,0.0,0.0,0.0,0.0,0.0,,0.0,,0.0,0.0,0.0,0.0,0.0,,0.0
High-income countries,1973,,873811230.0,,,0.0,0.0,0.0,,,,0.0,,4.131,394.988,11394.232,9956.408,,,-0.02,-1.826,10691.139,9342.037,,21.583,,,,5.699,2487.234,52791.488,,5.805,2346.926,,,48952.766,42775.477,,92.729,2.887,236.511,8429.523,,,9646.848,3.285,264.265,9508.674,8308.786,,18.273,,0.137,3.742,2731.49,1057.14,923.74,3125.95,,5.921,4.51,140.301,3354.313,1305.0,1140.324,3838.716,,7.271,,,32.641,130.725,531.217,214.248,187.212,607.931,,1.152,7.566,1715.43,24389.547,,,27911.689,7.714,1105.824,17672.041,15442.027,,52.872,91.605,29.371,,6.811,5.835,33.613,,104.834,,,0.199,,46129.797,0.33,9.576,2823.096,1090.752,953.111,3230.784,,6.12,,0.0,0.0,0.0,0.0,0.0,,0.0,,0.0,0.0,0.0,0.0,0.0,,0.0
High-income countries,1974,,882068516.0,,,0.0,0.0,0.0,,,,0.0,,-0.856,-85.262,11190.906,9871.146,,,-1.724,-161.032,10408.494,9181.005,,21.7,,,,-1.39,-641.148,51570.426,,-2.494,-1066.621,,,47285.277,41708.855,,91.691,0.845,71.238,8500.762,,,9637.303,-0.601,-49.896,9363.094,8258.891,,18.688,,9.813,268.03,2999.521,1150.005,1014.383,3400.553,,6.594,12.804,425.479,3779.792,1458.31,1286.33,4285.146,,8.309,,,28.635,152.115,683.332,273.018,240.82,774.692,,1.502,-4.316,-1052.598,23336.949,,,26457.07,-0.277,-42.75,17458.143,15399.277,,51.303,96.94,31.126,,5.975,5.334,35.287,,109.9,,,0.213,,45488.648,9.694,273.365,3096.46,1185.293,1045.509,3510.453,,6.807,,0.0,0.0,0.0,0.0,0.0,,0.0,,0.0,0.0,0.0,0.0,0.0,,0.0
High-income countries,1975,,889965424.0,,,0.0,0.0,0.0,,,,0.0,,-1.846,-182.186,10886.896,9688.961,,,7.47,685.836,11086.769,9866.841,,21.781,,,,-2.21,-1005.316,49983.215,,-3.044,-1269.504,,,45439.238,40439.352,,90.909,-3.291,-279.75,8221.012,,,9237.451,-3.526,-291.181,8952.831,7967.71,,18.481,,0.064,1.93,3001.45,1140.534,1015.036,3372.547,,6.747,7.245,264.188,4043.979,1550.085,1379.522,4543.974,,9.091,,,38.436,262.648,945.98,374.603,333.383,1062.94,,2.127,-3.46,-807.57,22529.379,,,25314.893,-9.002,-1386.299,15745.531,14012.979,,50.647,96.549,31.103,,-0.074,-0.39,34.948,,108.487,,,0.217,,44483.332,0.06,1.539,3098.0,1175.483,1046.139,3481.033,,6.964,,0.0,0.0,0.0,0.0,0.0,,0.0,,0.0,0.0,0.0,0.0,0.0,,0.0
High-income countries,1976,,897381759.0,,,0.0,0.0,0.0,,,,0.0,,5.557,538.377,11396.864,10227.338,,,2.957,291.782,11320.291,10158.623,,21.799,,,,5.472,2434.055,52282.527,,5.958,2409.398,,,47748.629,42848.75,,91.328,4.097,336.8,8557.812,,,9536.423,1.498,119.337,9011.824,8087.047,,18.24,,-4.309,-129.325,2872.125,1082.372,971.301,3200.562,,6.122,0.735,24.659,4068.638,1548.574,1389.662,4533.899,,8.672,,,15.113,142.963,1088.943,427.651,383.767,1213.467,,2.321,6.81,1534.219,24063.598,,,26815.34,8.119,1137.732,16883.238,15150.711,,51.289,107.57,34.595,,11.227,11.02,38.551,,119.871,,,0.229,,46917.387,-3.847,-118.304,2979.695,1120.922,1005.895,3320.432,,6.351,,0.0,0.0,0.0,0.0,0.0,,0.0,,0.0,0.0,0.0,0.0,0.0,,0.0
High-income countries,1977,,904794975.0,,,0.0,0.0,0.0,,,,0.0,,1.245,127.311,11444.193,10354.648,,,1.613,163.831,11408.611,10322.454,,21.544,,,,2.442,1145.785,53120.512,,1.999,856.402,,,48303.93,43705.152,,90.933,1.156,98.896,8656.708,,,9567.591,2.107,170.407,9126.326,8257.454,,18.011,,0.593,17.041,2889.166,1079.873,977.063,3193.172,,6.011,7.306,289.38,4358.019,1648.099,1491.192,4816.581,,9.067,,,24.507,266.87,1355.813,528.095,477.817,1498.476,,2.821,2.619,630.199,24693.797,,,27292.146,4.225,640.084,17452.346,15790.795,,51.378,113.039,36.311,,4.962,5.469,40.132,,124.933,,,0.235,,48063.172,0.744,22.51,3002.205,1120.005,1013.375,3318.105,,6.246,,0.0,0.0,0.0,0.0,0.0,,0.0,,0.0,0.0,0.0,0.0,0.0,,0.0
High-income countries,1978,,912288970.0,,,0.0,0.0,0.0,,,,0.0,,-0.564,-58.362,11286.211,10296.286,,,-1.72,-177.574,11120.248,10144.88,,20.76,,,,3.188,1532.445,54363.934,,2.44,1066.402,,,49076.066,44771.555,,90.273,2.422,209.688,8866.396,,,9718.847,0.498,41.092,9096.4,8298.546,,17.877,,7.619,220.114,3109.28,1152.598,1051.502,3408.218,,6.269,10.784,466.044,4824.062,1810.829,1652.0,5287.867,,9.727,,,17.638,239.139,1594.953,616.137,562.095,1748.298,,3.216,3.706,915.074,25608.871,,,28071.008,-0.232,-36.701,17268.754,15754.094,,51.635,119.821,38.4,,5.752,6.782,42.092,,131.341,,,0.242,,49595.617,7.552,226.905,3229.11,1194.693,1089.905,3539.569,,6.511,,0.0,0.0,0.0,0.0,0.0,,0.0,,0.009,0.009,0.003,0.003,0.01,,0.0
High-income countries,1979,,919797067.0,,,0.0,0.0,0.0,,,,0.0,,6.272,645.771,11896.164,10942.057,,,9.509,964.704,12078.299,11109.584,,21.439,,,,2.908,1442.176,55488.102,,2.816,1260.559,,,50045.945,46032.113,,90.192,4.851,430.1,9296.496,,,10107.116,4.341,360.211,9413.769,8658.757,,18.215,,4.034,125.421,3234.701,1189.303,1093.917,3516.755,,6.338,3.761,181.615,5005.677,1863.597,1714.131,5442.154,,9.808,,,3.18,50.722,1645.675,630.542,579.97,1789.172,,3.224,0.721,184.691,25793.562,,,28042.666,8.382,1320.541,18563.48,17074.635,,50.538,125.283,40.237,,4.785,5.463,43.746,,136.208,,,0.245,,51037.793,4.061,130.893,3360.002,1233.055,1134.161,3652.982,,6.583,,0.0,0.0,0.0,0.0,0.0,,0.0,100.0,0.009,0.018,0.007,0.006,0.019,,0.0
High-income countries,1980,,927538869.0,,,0.0,0.0,0.0,,,,0.0,,3.523,385.511,12212.499,11327.567,,,-2.084,-231.56,11727.837,10878.024,,22.837,,,,-2.814,-1436.355,53476.398,,-3.365,-1549.051,,,47958.164,44483.062,,89.681,-0.653,-60.685,9235.812,,,9957.331,-1.093,-94.647,9233.154,8564.109,,18.62,,-0.81,-26.21,3208.491,1169.82,1085.053,3459.145,,6.469,2.336,112.7,5118.377,1891.211,1754.172,5518.235,,10.319,,,8.103,133.356,1779.031,675.948,626.968,1918.012,,3.587,-7.265,-1873.881,23919.682,,,25788.334,-1.557,-265.846,18121.924,16808.789,,48.224,130.824,42.14,,4.729,5.541,45.432,,141.044,,,0.264,,49601.438,-0.613,-20.656,3339.346,1215.263,1127.204,3600.223,,6.732,,0.0,0.0,0.0,0.0,0.0,,0.0,75.0,0.013,0.031,0.011,0.01,0.033,,0.0
High-income countries,1981,,935113193.0,,,0.0,0.0,0.0,,,,0.0,,1.12,126.848,12249.229,11454.415,,,2.116,230.166,11878.979,11108.19,,23.584,,,,-2.082,-1032.613,51938.98,,-3.109,-1383.172,,,46090.559,43099.891,,88.74,-1.43,-132.114,9103.697,,,9735.396,-0.813,-69.584,9083.954,8494.525,,18.744,,0.905,29.037,3237.528,1170.846,1094.873,3462.178,,6.666,7.014,350.551,5468.928,2007.471,1877.213,5848.413,,11.26,,,17.837,317.331,2096.362,790.067,738.802,2241.827,,4.316,-5.761,-1377.9,22541.781,,,24105.939,-3.311,-556.567,17379.951,16252.222,,46.412,135.007,43.527,,3.292,4.183,46.548,,144.375,,,0.278,,48568.824,0.994,33.22,3372.566,1217.404,1138.411,3606.586,,6.944,,0.0,0.0,0.0,0.0,0.0,,0.0,0.0,0.0,0.031,0.011,0.01,0.033,,0.0
High-income countries,1982,,942356988.0,,,0.0,0.0,0.0,,,,0.0,,-1.284,-147.112,11998.959,11307.303,,,2.832,314.614,12121.526,11422.805,,23.956,,,,-2.819,-1369.273,50086.699,,-3.796,-1635.992,,,44000.203,41463.898,,87.848,-4.181,-380.645,8723.053,,,9256.633,-5.091,-432.476,8555.197,8062.05,,18.481,,2.63,85.147,3322.676,1192.402,1123.668,3525.92,,7.04,4.89,266.729,5735.657,2089.442,1969.0,6086.501,,12.152,,,7.527,157.801,2254.163,843.008,794.414,2392.048,,4.776,-4.916,-1108.24,21433.541,,,22744.609,-12.792,-2079.01,15040.173,14173.212,,45.41,158.764,50.899,,16.935,23.757,54.012,,168.475,,,0.336,,47199.551,3.178,108.928,3481.494,1246.434,1174.586,3694.454,,7.376,,0.0,0.0,0.0,0.0,0.0,,0.0,76.19,0.024,0.055,0.02,0.019,0.058,,0.0
High-income countries,1983,,949463548.0,,,0.0,0.0,0.0,,,,0.0,,2.32,262.324,12185.436,11569.627,,,-3.739,-427.054,11581.015,10995.751,,24.394,,,,0.483,227.906,49951.848,,-0.591,-245.227,,,43412.59,41218.672,,86.909,-2.14,-186.701,8536.352,,,8990.71,-5.446,-439.072,8028.721,7622.978,,17.999,,4.824,160.294,3482.97,1240.571,1177.877,3668.355,,7.344,8.331,473.13,6208.788,2246.578,2133.044,6539.258,,13.091,,,13.219,297.979,2552.142,947.302,899.428,2687.983,,5.381,-1.497,-320.848,21112.693,,,22236.445,-5.468,-774.985,14111.365,13398.227,,44.516,173.571,55.702,,9.438,14.807,58.667,,182.809,,,0.366,,47427.457,5.026,175.152,3656.646,1299.276,1233.615,3851.276,,7.71,,0.009,0.009,0.003,0.003,0.009,,0.0,77.27,0.042,0.097,0.035,0.033,0.102,,0.0
High-income countries,1984,,956450952.0,,,0.0,0.0,0.0,,,,0.0,,4.24,490.582,12609.333,12060.209,,,3.351,368.506,11881.693,11364.257,,24.273,,,,4.763,2258.816,51948.586,,4.208,1734.355,,,44908.762,42953.027,,86.448,8.068,688.738,9225.09,,,9645.126,7.506,572.148,8568.266,8195.126,,18.567,,-0.256,-8.901,3474.068,1228.361,1174.867,3632.249,,6.992,8.638,524.46,6733.248,2422.801,2317.29,7039.826,,13.552,,,19.969,509.637,3061.779,1128.166,1079.035,3201.187,,6.162,2.629,555.037,21667.73,,,22654.305,2.222,297.68,14319.507,13695.906,,43.609,197.25,63.337,,13.706,23.679,66.221,,206.231,,,0.397,,49686.273,0.376,14.823,3671.469,1294.635,1238.255,3838.638,,7.389,110.37,0.01,0.019,0.007,0.006,0.02,,0.0,36.471,0.035,0.132,0.047,0.045,0.138,,0.0
High-income countries,1985,,963419473.0,,,0.0,0.0,0.0,,,,0.0,,4.153,500.9,13038.048,12561.109,2675.581,2577.707,4.304,489.081,12303.403,11853.338,38.771,24.703,,6648.473,13.075,2.337,1161.242,52778.168,,1.288,553.426,3820.752,3680.987,45158.371,43506.453,55.366,85.563,0.652,60.109,9285.199,624.672,601.821,9637.753,-1.25,-102.417,8399.984,8092.709,9.052,18.261,,-0.239,-8.306,3465.762,1216.56,1172.058,3597.355,17.629,6.816,9.248,607.812,7341.061,2627.718,2531.594,7619.797,38.078,14.437,,,19.967,611.348,3673.126,1343.638,1294.487,3812.593,19.47,7.224,-0.035,-7.586,21660.145,520.499,501.459,22482.568,-3.29,-450.586,13748.238,13245.32,7.542,42.598,201.948,64.973,,2.584,4.698,67.44,,209.616,0.977,,0.397,6900.912,50847.516,-0.093,-3.535,3667.935,1284.079,1237.107,3807.204,18.607,7.214,86.14,0.016,0.035,0.012,0.012,0.036,0.0,0.0,43.491,0.058,0.19,0.067,0.064,0.197,0.001,0.0
High-income countries,1986,,970437010.0,,,0.0,0.0,0.0,,,,0.0,,-1.175,-147.555,12791.716,12413.555,2660.305,2581.658,1.463,173.424,12393.14,12026.762,38.163,24.02,,6764.733,13.089,1.638,833.125,53255.02,,1.163,506.105,3782.199,3670.386,45353.34,44012.559,54.258,85.163,-1.488,-138.195,9147.004,584.668,567.384,9425.654,-1.144,-92.606,8243.814,8000.103,8.387,17.699,,-0.279,-9.659,3456.103,1204.397,1168.791,3561.388,17.278,6.687,4.539,327.018,7668.078,2727.134,2646.512,7901.675,39.122,14.837,,,8.75,321.409,3994.536,1450.644,1407.759,4116.224,20.81,7.729,3.656,791.855,22452.0,537.226,521.344,23135.969,7.166,949.16,14626.896,14194.48,7.707,43.444,216.984,69.808,,7.441,15.036,71.934,,223.594,1.032,,0.42,6970.811,51680.641,0.133,5.608,3673.542,1276.49,1238.753,3785.451,18.312,7.108,29.252,0.01,0.045,0.016,0.015,0.046,0.0,0.0,116.18,0.221,0.411,0.143,0.139,0.423,0.002,0.001
High-income countries,1987,,977626715.0,,,0.0,0.0,0.0,,,,0.0,,2.818,349.853,13055.502,12763.407,2764.23,2702.385,1.172,140.904,12446.127,12167.666,38.31,24.015,,7053.981,13.273,2.837,1466.27,54363.195,,2.61,1148.52,3929.759,3841.837,46194.602,45161.078,54.463,84.974,5.331,487.648,9634.652,633.37,619.2,9855.145,3.742,299.393,8489.433,8299.496,8.778,18.128,,-0.432,-14.923,3441.179,1190.377,1163.744,3519.932,16.498,6.475,4.218,317.75,7985.829,2821.259,2758.138,8168.587,39.1,15.026,,,7.91,315.969,4310.505,1553.878,1519.113,4409.152,21.536,8.111,1.385,311.02,22763.02,532.158,520.252,23283.959,-3.971,-563.619,13942.808,13630.861,7.375,42.83,233.535,75.075,,7.545,16.551,76.793,,238.88,1.064,,0.439,7215.414,53146.91,0.022,1.781,3675.324,1267.381,1239.026,3759.435,17.565,6.915,-30.169,-0.014,0.031,0.011,0.011,0.032,0.0,0.0,40.73,0.167,0.578,0.2,0.195,0.591,0.003,0.001
High-income countries,1988,,985025837.0,,,0.0,0.0,0.0,,,,0.0,,2.42,308.862,13270.991,13072.27,2838.67,2796.164,1.474,179.318,12534.681,12346.984,38.066,23.745,,7345.583,13.343,3.586,1905.699,55889.508,,3.443,1554.961,4061.326,4000.511,47426.207,46716.039,54.461,84.857,3.544,341.438,9976.09,618.293,609.034,10127.744,2.493,206.937,8635.746,8506.433,8.291,18.121,,0.309,10.647,3451.826,1185.091,1167.345,3504.3,15.892,6.27,4.464,350.743,8336.571,2925.062,2881.261,8463.302,39.224,15.143,,,7.713,332.483,4642.988,1661.161,1636.287,4713.57,22.276,8.434,3.974,904.66,23667.68,604.363,595.313,24027.471,6.171,841.096,14691.957,14471.957,8.104,42.991,240.747,77.288,,2.947,7.211,78.463,,244.406,1.052,,0.437,7457.25,55052.609,0.48,18.26,3693.583,1263.9,1244.974,3749.732,16.949,6.709,-3.839,-0.001,0.03,0.01,0.01,0.031,0.0,0.0,69.713,0.403,0.98,0.337,0.332,0.995,0.005,0.002
High-income countries,1989,,992663898.0,,,0.0,0.0,0.0,,,,0.0,,0.569,74.34,13243.767,13146.609,2910.87,2889.516,0.503,62.109,12500.801,12409.094,37.413,23.434,,7723.21,13.767,1.904,1048.293,56515.504,,1.962,916.352,4335.443,4303.638,47984.41,47632.391,55.723,84.905,5.293,528.014,10504.104,751.065,745.555,10581.732,2.746,233.552,8804.575,8739.984,9.653,18.724,,-2.403,-82.931,3368.896,1147.719,1139.299,3393.793,14.752,6.005,1.631,131.937,8468.508,2949.897,2928.257,8531.093,37.915,15.095,,,3.835,178.068,4821.057,1711.598,1699.042,4856.686,21.999,8.594,1.327,314.002,23981.682,673.508,668.567,24158.914,-1.549,-224.127,14353.126,14247.83,8.657,42.747,269.945,87.003,,12.571,29.198,87.646,,271.94,1.127,,0.481,7780.288,56100.902,-1.266,-46.132,3647.451,1238.299,1229.215,3674.407,15.916,6.502,2471.834,0.745,0.775,0.264,0.262,0.781,0.003,0.001,699.137,6.855,7.835,2.669,2.65,7.893,0.034,0.014
High-income countries,1990,,1000128696.0,,,16.807,16.804,16.807,,,,0.03,,-2.895,-380.649,12764.317,12765.96,2916.886,2917.261,-0.999,-123.979,12283.533,12285.114,36.756,22.604,,7936.829,14.053,0.671,376.199,56469.836,,0.071,33.836,4393.623,4394.188,47660.094,47666.227,55.365,84.399,1.854,194.789,10698.893,788.445,788.547,10697.516,2.107,184.12,8922.956,8924.104,9.935,18.944,,3.227,108.718,3477.613,1175.914,1176.066,3477.166,14.818,6.158,4.404,342.363,8810.871,3040.006,3040.397,8809.737,38.307,15.601,,,3.806,183.491,5004.548,1763.481,1763.708,5003.904,22.222,8.861,0.916,219.695,24201.377,688.292,688.38,24198.264,4.876,694.674,14940.581,14942.504,8.673,42.852,300.125,96.64,,11.076,30.181,96.628,,300.087,1.218,,0.531,7935.808,56477.102,5.229,158.873,3806.324,1276.525,1276.689,3805.834,16.086,6.74,46.917,0.364,1.139,0.385,0.385,1.139,0.005,0.002,35.791,2.804,10.64,3.598,3.598,10.638,0.045,0.019
High-income countries,1991,,1007966262.0,,15.852,2.664,19.317,19.471,,,,0.034,,-2.319,-296.062,12371.345,12469.898,2916.039,2939.269,-4.0,-491.376,11700.528,11793.738,36.294,21.922,,8098.604,14.237,0.719,405.984,56433.523,,0.132,62.734,4403.768,4438.85,47351.746,47728.961,54.81,83.907,2.972,317.941,11016.834,807.595,814.029,10929.765,2.058,183.698,9035.821,9107.803,10.051,19.368,,1.575,54.788,3532.401,1185.153,1194.594,3504.484,14.751,6.21,3.972,343.256,9154.127,3134.198,3159.166,9081.779,39.009,16.093,,,5.406,270.546,5275.094,1844.362,1859.054,5233.404,22.955,9.274,0.169,40.848,24242.225,680.134,685.552,24050.631,6.121,914.625,15731.806,15857.129,8.465,42.618,313.963,101.054,,4.567,13.837,100.255,,311.481,1.248,,0.552,8034.598,56883.086,2.017,72.709,3879.033,1289.836,1300.111,3848.375,16.054,6.819,30.103,0.343,1.482,0.497,0.501,1.47,0.006,0.003,10.115,1.076,11.716,3.931,3.962,11.623,0.049,0.021
High-income countries,1992,,1016302312.0,,14.424,2.808,21.922,22.279,,,,0.039,,-2.393,-298.351,11976.307,12171.548,2912.192,2959.667,-1.596,-188.205,11419.371,11605.533,36.189,21.192,,8178.375,14.24,0.969,551.172,56512.965,,1.094,522.336,4435.65,4507.962,47477.309,48251.297,55.121,84.011,2.404,264.863,11281.697,844.322,858.087,11100.729,2.441,222.281,9180.422,9330.084,10.492,19.643,,-1.415,-49.97,3482.432,1158.804,1177.695,3426.571,14.4,6.063,0.374,28.831,9182.958,3117.419,3168.241,9035.656,38.739,15.989,,,1.01,53.27,5328.364,1847.706,1877.828,5242.893,22.961,9.277,2.293,555.828,24798.053,679.136,690.208,24400.271,6.256,992.006,16578.861,16849.135,8.439,43.176,335.183,107.746,,6.623,21.22,106.018,,329.806,1.317,,0.584,8047.188,57434.258,-0.522,-24.438,3854.594,1269.714,1290.413,3792.763,15.778,6.711,-8.109,-0.12,1.362,0.453,0.461,1.34,0.006,0.002,13.854,1.623,13.339,4.439,4.511,13.125,0.055,0.023
High-income countries,1993,,1024111317.0,,18.136,4.041,25.7,26.32,,,,0.045,,-0.221,-26.95,11858.67,12144.598,2940.317,3011.212,-5.46,-633.651,10713.563,10971.882,35.947,20.83,,8376.73,14.367,1.514,869.75,56931.32,,0.969,467.457,4452.662,4560.021,47571.738,48718.754,54.437,83.56,3.698,417.187,11698.884,881.259,902.507,11423.449,3.952,368.744,9470.482,9698.828,10.774,20.065,,5.282,183.956,3666.387,1210.714,1239.906,3580.067,14.802,6.288,4.429,402.295,9585.253,3227.681,3305.504,9359.581,39.461,16.44,,,3.71,197.698,5526.062,1901.649,1947.501,5395.958,23.249,9.478,0.311,77.221,24875.273,631.086,646.302,24289.619,1.846,311.053,16756.174,17160.188,7.715,42.665,348.921,112.158,,4.094,13.738,109.517,,340.706,1.339,,0.598,8179.511,58304.008,5.457,204.597,4059.191,1326.031,1358.003,3963.623,16.212,6.962,19.126,0.26,1.622,0.536,0.549,1.584,0.007,0.003,19.51,2.602,15.942,5.264,5.391,15.566,0.064,0.027
High-income countries,1994,,1031535629.0,,15.436,4.063,29.454,30.382,,,,0.051,,-0.268,-32.531,11741.782,12112.066,2951.214,3044.282,2.797,306.893,10933.965,11278.774,35.442,20.372,,8589.391,14.447,1.973,1150.32,57636.719,,2.223,1083.137,4590.19,4734.945,48279.371,49801.891,55.126,83.765,2.517,294.446,11993.33,970.187,1000.782,11626.676,4.572,443.477,9832.239,10142.305,11.651,20.172,,-2.822,-103.481,3562.906,1168.074,1204.91,3453.983,14.028,5.993,0.818,67.179,9652.432,3226.933,3328.697,9357.342,38.754,16.235,,,2.751,152.034,5678.096,1939.904,2001.081,5504.508,23.297,9.55,3.301,821.223,25696.496,668.789,689.88,24910.914,3.468,595.053,17212.436,17755.24,8.032,43.221,359.982,115.582,,3.053,11.062,112.049,,348.977,1.346,,0.605,8326.8,59454.328,-1.902,-84.855,3974.336,1287.029,1327.616,3852.834,15.456,6.685,6.98,0.113,1.736,0.569,0.587,1.683,0.007,0.003,21.251,3.388,19.329,6.337,6.537,18.738,0.076,0.033
High-income countries,1995,,1038643992.0,,9.785,2.973,32.114,33.355,,,,0.055,,0.568,68.845,11727.706,12180.911,2991.241,3106.835,0.844,95.152,10950.746,11373.927,35.057,19.929,,8862.152,14.499,2.806,1668.094,58848.289,,2.381,1185.539,4640.258,4819.576,49090.383,50987.43,54.384,83.419,5.422,650.244,12643.574,1039.052,1079.206,12173.155,2.498,253.342,10008.864,10395.646,12.178,20.686,,6.561,233.76,3796.666,1236.192,1283.964,3655.406,14.488,6.212,5.005,482.555,10134.986,3363.838,3493.831,9757.902,39.424,16.581,,,4.17,236.795,5914.891,2006.975,2084.532,5694.82,23.522,9.677,1.815,466.449,26162.945,609.964,633.536,25189.521,1.013,179.938,17267.879,17935.178,7.149,42.804,367.12,117.572,,1.722,7.138,113.198,,353.461,1.327,,0.601,8532.425,61122.422,6.234,245.759,4220.095,1356.864,1409.298,4063.082,15.902,6.904,6.623,0.115,1.851,0.603,0.626,1.782,0.007,0.003,9.179,1.774,21.104,6.871,7.137,20.318,0.081,0.035
High-income countries,1996,,1045645066.0,,-22.807,-7.607,24.624,25.748,,,,0.041,,2.958,360.341,11993.794,12541.252,3083.693,3224.448,1.372,156.002,11026.618,11529.929,35.382,19.89,,9113.174,14.453,3.16,1931.449,60301.41,,3.297,1681.195,4720.581,4936.052,50369.504,52668.625,54.164,83.53,4.948,625.59,13269.164,1040.048,1087.521,12689.932,4.654,483.812,10404.543,10879.459,11.934,21.044,,1.938,73.593,3870.259,1251.717,1308.851,3701.312,14.362,6.138,2.325,250.262,10385.248,3427.024,3583.45,9931.905,39.322,16.47,,,2.897,171.329,6086.22,2051.281,2144.912,5820.541,23.536,9.652,2.657,695.262,26858.207,596.84,624.083,25685.777,2.335,418.801,17552.781,18353.979,6.848,42.596,376.814,120.824,,2.766,9.694,115.55,,360.365,1.326,,0.598,8715.36,63053.871,1.499,78.933,4299.028,1375.742,1438.538,4111.365,15.785,6.818,8.355,0.155,2.005,0.649,0.678,1.918,0.007,0.003,14.686,3.099,24.203,7.828,8.185,23.146,0.09,0.038
High-income countries,1997,,1052805303.0,,28.016,7.213,31.308,32.961,,,,0.052,,0.684,85.764,11993.686,12627.016,3120.706,3285.495,2.27,261.769,11200.264,11791.697,35.409,19.813,,9278.785,14.559,1.073,676.645,60534.0,,1.136,598.164,4830.475,5085.549,50595.098,53266.789,54.808,83.581,0.938,124.508,13393.672,1136.177,1196.173,12721.889,1.166,126.892,10454.308,11006.351,12.891,21.016,,2.613,101.143,3971.401,1275.692,1343.056,3772.209,14.474,6.232,0.829,78.477,10463.725,3425.297,3606.171,9938.898,38.865,16.419,,,-1.008,-61.322,6024.898,2016.803,2123.301,5722.709,22.883,9.454,1.444,387.895,27246.102,573.591,603.88,25879.525,0.465,85.32,17514.443,18439.299,6.508,42.752,400.64,128.376,,6.25,23.827,121.937,,380.546,1.384,,0.629,8813.392,63730.516,3.52,139.797,4438.826,1408.494,1482.87,4216.188,15.981,6.965,7.137,0.143,2.148,0.69,0.727,2.041,0.008,0.003,30.869,7.471,31.674,10.174,10.712,30.086,0.115,0.05
High-income countries,1998,,1059873149.0,,11.659,3.843,34.725,36.804,,,,0.058,,-0.533,-67.242,11850.261,12559.773,3185.52,3376.247,-0.843,-99.445,11031.746,11692.252,35.435,19.625,,9527.875,14.887,0.423,269.812,60384.895,,0.354,188.766,4980.737,5278.95,50435.805,53455.555,55.405,83.524,0.644,86.244,13479.916,1211.244,1283.765,12718.424,1.629,179.269,10553.733,11185.619,13.474,21.062,,-2.293,-91.069,3880.333,1238.127,1312.258,3661.129,13.773,6.063,0.873,81.052,10544.776,3428.801,3634.094,9949.093,38.142,16.476,,,2.398,144.46,6169.359,2051.389,2174.212,5820.847,22.819,9.64,0.623,169.762,27415.863,583.974,618.938,25867.117,0.699,128.84,17519.209,18568.139,6.496,42.837,413.549,132.496,,3.21,12.908,125.011,,390.187,1.391,,0.646,8989.638,64000.328,-1.263,-63.408,4375.417,1377.412,1459.882,4128.247,15.322,6.837,8.005,0.172,2.32,0.74,0.785,2.189,0.008,0.004,33.899,10.737,42.412,13.533,14.343,40.016,0.151,0.066
High-income countries,1999,,1066734633.0,,5.453,2.007,36.383,38.811,,,,0.06,,-0.837,-105.096,11675.517,12454.678,3181.624,3393.948,-2.193,-256.424,10720.406,11435.828,34.836,19.164,,9742.647,14.991,1.544,987.953,60922.633,,1.343,717.758,5042.323,5378.821,50784.246,54173.312,55.209,83.359,2.539,342.277,13822.193,1298.566,1385.225,12957.48,1.374,153.678,10629.913,11339.297,14.218,21.269,,0.677,26.288,3906.62,1238.497,1321.148,3662.223,13.56,6.011,2.603,270.188,10814.964,3494.456,3727.657,10138.383,38.261,16.641,,,3.495,215.606,6384.965,2109.425,2250.196,5985.523,23.096,9.825,1.753,480.578,27896.441,562.134,599.648,26151.248,-4.077,-757.064,16696.818,17811.074,6.155,42.925,425.648,136.387,,2.936,12.099,127.855,,399.019,1.4,,0.655,9133.15,64988.281,1.309,54.582,4429.999,1385.031,1477.46,4152.859,15.165,6.817,11.511,0.267,2.587,0.82,0.875,2.426,0.009,0.004,32.823,13.921,56.332,17.859,19.051,52.808,0.196,0.087
High-income countries,2000,,1073716442.0,,19.784,7.678,43.298,46.49,111.827,120.07,1.242,0.07,449.003,4.423,550.93,12112.702,13005.607,3353.269,3600.46,-2.022,-231.276,10435.299,11204.552,37.239,19.627,9677.36,9668.5,14.591,1.963,1275.656,61714.559,,2.054,1112.492,5536.387,5944.51,51490.137,55285.805,61.483,83.433,4.002,553.119,14375.312,1505.481,1616.46,13388.369,3.45,391.17,10925.106,11730.467,16.719,21.694,4341.19,0.388,15.175,3921.795,1233.724,1324.67,3652.543,13.701,5.918,1.63,163.168,10978.132,3468.318,3723.99,10224.424,38.517,16.567,8.86,0.092,1.57,100.242,6485.207,2070.351,2222.97,6039.962,22.992,9.787,0.03,8.445,27904.887,677.637,727.59,25989.064,4.336,772.248,17307.477,18583.322,7.525,42.112,436.802,146.91,26.84,2.543,11.154,136.824,24.997,406.813,1.519,0.278,0.659,9004.705,66263.938,1.719,62.926,4492.925,1397.967,1501.02,4184.461,15.525,6.78,14.984,0.388,2.975,0.95,1.02,2.771,0.011,0.004,50.647,28.531,84.863,26.469,28.42,79.036,0.294,0.128
High-income countries,2001,,1080682831.0,,7.694,3.577,46.329,50.066,104.055,112.45,1.161,0.076,449.297,-0.466,-60.561,11978.581,12945.047,3307.372,3574.22,3.332,373.345,10713.501,11577.896,36.9,19.564,9701.0,9686.311,14.639,-0.147,-97.336,61226.66,,0.077,42.641,5547.437,5995.02,51197.672,55328.445,61.892,83.62,-0.351,-50.453,14324.859,1576.809,1704.03,13255.378,2.98,349.531,11178.116,12079.998,17.592,21.65,4352.03,-6.759,-288.804,3632.991,1150.245,1243.05,3361.755,12.833,5.491,-0.529,-139.978,10838.154,3415.702,3691.29,10028.987,38.108,16.38,14.69,0.151,2.369,110.513,6595.72,2102.819,2272.48,6103.289,23.461,9.968,0.551,153.652,28058.539,663.257,716.77,25963.713,-1.961,-364.348,16858.762,18218.975,7.4,42.406,453.475,140.02,27.57,3.813,16.672,129.566,25.512,419.618,1.446,0.285,0.685,8963.14,66166.602,-4.823,-250.49,4242.435,1312.883,1418.81,3925.698,14.648,6.412,34.117,0.989,3.964,1.184,1.28,3.668,0.013,0.006,20.907,17.076,101.939,31.887,34.46,94.328,0.356,0.154
High-income countries,2002,,1087599947.0,,21.401,10.715,55.886,60.781,114.325,124.34,1.254,0.091,450.612,0.973,125.98,12018.23,13071.027,3354.478,3648.33,-2.229,-258.059,10408.09,11319.838,36.795,19.559,9929.29,9915.17,14.837,1.0,661.797,61445.754,,0.951,526.258,5683.165,6181.01,51355.926,55854.703,62.339,83.579,2.47,353.883,14678.742,1682.595,1829.99,13496.453,0.088,10.681,11116.844,12090.679,18.456,21.965,4467.89,0.984,12.073,3645.065,1149.825,1250.55,3351.476,12.612,5.454,2.008,135.539,10973.693,3433.395,3734.16,10089.825,37.661,16.421,14.12,0.142,1.128,31.358,6627.078,2096.993,2280.69,6093.305,23.002,9.917,0.165,46.395,28104.934,646.092,702.69,25841.242,-3.69,-672.279,16133.409,17546.695,7.087,42.055,494.473,153.21,28.87,9.029,40.998,140.87,26.545,454.646,1.545,0.291,0.74,9116.56,66828.398,3.41,104.18,4346.615,1336.401,1453.47,3996.52,14.659,6.504,26.017,0.999,4.963,1.453,1.58,4.564,0.016,0.007,39.545,39.394,141.333,44.253,48.13,129.95,0.485,0.211
High-income countries,2003,,1094702298.0,,33.128,20.136,73.917,80.917,120.334,131.73,1.313,0.12,458.036,2.835,370.549,12278.75,13441.576,3431.865,3756.87,-1.371,-155.189,10198.799,11164.648,37.444,19.894,10051.311,10033.39,14.85,1.102,736.664,61720.035,,1.853,1035.066,5805.706,6355.52,51968.258,56889.77,63.344,84.2,1.555,228.199,14906.941,1706.656,1868.28,13617.348,2.014,243.449,11267.107,12334.128,18.621,22.063,4595.65,-2.039,-97.197,3547.868,1119.647,1225.68,3240.943,12.216,5.251,-1.816,-298.405,10675.288,3359.699,3677.87,9751.772,36.656,15.8,17.92,0.178,-3.518,-274.117,6352.961,2036.782,2229.67,5803.369,22.222,9.403,1.552,436.318,28541.252,667.186,730.37,26072.158,5.786,1015.191,16956.105,18561.887,7.279,42.243,517.566,162.01,30.28,4.712,23.093,147.995,27.66,472.791,1.615,0.302,0.766,9165.404,67565.062,0.836,-24.288,4322.327,1322.917,1448.2,3948.404,14.434,6.397,25.203,1.211,6.174,1.772,1.94,5.64,0.019,0.009,20.918,28.468,169.801,53.503,58.57,155.112,0.584,0.251
High-income countries,2004,,1101994336.0,,27.02,21.864,93.268,102.781,131.425,144.83,1.409,0.149,451.771,0.402,54.052,12246.549,13495.628,3416.233,3764.67,2.276,254.092,10361.887,11418.74,36.614,19.552,10304.65,10282.02,14.896,2.158,1458.031,62634.707,,1.827,1039.613,5862.516,6460.46,52567.77,57929.383,62.833,83.928,2.168,323.25,15230.191,1824.047,2010.09,13820.571,1.327,163.712,11341.11,12497.84,19.55,22.065,4645.12,1.46,28.884,3576.752,1127.773,1242.8,3245.708,12.087,5.182,4.851,418.423,11093.711,3467.858,3821.56,10066.94,37.167,16.072,22.63,0.22,4.889,268.183,6621.144,2108.577,2323.64,6008.328,22.599,9.593,2.321,662.311,29203.562,622.236,685.7,26500.646,1.829,339.467,17151.951,18901.354,6.669,42.31,561.244,175.28,30.45,8.389,43.678,159.057,27.632,509.298,1.705,0.296,0.813,9330.374,69023.094,4.795,150.24,4472.567,1359.281,1497.92,4058.612,14.568,6.48,32.471,1.953,8.127,2.323,2.56,7.375,0.025,0.012,32.565,53.863,223.664,70.127,77.28,202.963,0.752,0.324
High-income countries,2005,,1109756320.0,,28.634,29.43,119.135,132.211,143.248,158.97,1.514,0.19,451.798,0.596,80.382,12233.325,13576.01,3422.238,3797.85,1.332,152.141,10426.506,11570.881,36.176,19.529,10524.8,10498.27,15.102,0.716,493.984,62641.75,,0.638,369.531,5968.382,6623.45,52533.078,58298.914,63.091,83.863,1.235,188.021,15418.213,1914.33,2124.44,13893.332,0.069,8.586,11269.524,12506.426,20.236,22.179,4743.1,1.519,31.366,3608.118,1134.835,1259.39,3251.271,11.996,5.19,2.107,124.455,11218.166,3491.595,3874.82,10108.675,36.909,16.137,26.53,0.252,0.101,-35.254,6585.89,2097.794,2328.04,5934.537,22.175,9.474,0.346,101.129,29304.691,631.814,701.16,26406.42,-0.164,-30.908,17004.135,18870.445,6.679,42.155,608.062,189.38,30.41,8.263,46.818,170.65,27.402,547.924,1.804,0.29,0.875,9459.978,69517.078,5.102,159.709,4632.276,1393.802,1546.78,4174.138,14.734,6.664,42.178,3.355,11.482,3.271,3.63,10.347,0.035,0.017,22.567,48.739,272.403,85.046,94.38,245.462,0.899,0.392
High-income countries,2006,,1118325687.0,,44.213,58.454,170.492,190.665,150.538,168.35,1.588,0.273,447.776,0.461,62.613,12195.573,13638.623,3392.911,3794.38,1.363,157.693,10487.619,11728.574,35.787,19.557,10631.811,10602.64,15.204,0.316,219.383,62357.918,,0.067,38.852,5959.391,6664.54,52165.273,58337.766,62.857,83.655,0.318,48.992,15467.205,2013.984,2252.29,13830.681,2.02,252.576,11409.021,12759.002,21.243,22.18,4747.61,0.843,7.526,3615.645,1132.559,1266.57,3233.087,11.946,5.185,3.047,180.525,11398.691,3521.425,3938.1,10192.641,37.143,16.345,29.17,0.274,0.838,13.42,6599.31,2100.479,2349.02,5901.062,22.155,9.463,-0.248,-72.75,29231.941,552.496,617.87,26139.023,-0.658,-124.223,16762.758,18746.223,5.828,41.918,640.508,199.86,31.51,5.39,32.446,178.714,28.176,572.738,1.885,0.297,0.918,9480.815,69736.461,6.188,167.106,4799.382,1420.946,1589.08,4291.578,14.988,6.882,38.232,4.29,15.772,4.417,4.94,14.103,0.047,0.023,24.42,64.39,336.793,105.256,117.71,301.158,1.11,0.483
High-income countries,2007,,1127897627.0,,33.508,63.888,225.689,254.554,159.243,179.61,1.652,0.362,453.688,1.611,219.768,12286.923,13858.391,3426.357,3864.58,-0.445,-52.148,10352.381,11676.426,35.538,19.714,10890.85,10874.489,15.469,0.805,561.031,62326.129,,1.169,682.207,6184.817,6975.84,52327.418,59019.973,64.149,83.957,3.627,560.948,16028.153,2174.453,2452.56,14210.646,1.647,210.109,11498.482,12969.111,22.553,22.8,4933.62,-2.337,-106.56,3509.084,1101.784,1242.7,3111.173,11.428,4.992,0.425,-121.17,11277.521,3456.563,3898.65,9998.71,35.851,16.043,16.36,0.15,-2.664,-215.961,6383.349,2026.966,2286.21,5659.511,21.024,9.08,-0.337,-98.514,29133.428,584.007,658.7,25829.852,-2.123,-398.023,16267.61,18348.199,6.057,41.443,681.74,212.55,32.94,6.476,41.232,188.448,29.205,604.434,1.955,0.303,0.97,9641.38,70297.492,4.596,94.79,4894.172,1429.598,1612.44,4339.199,14.828,6.962,35.395,5.449,21.221,5.896,6.65,18.815,0.061,0.03,27.753,90.781,427.574,133.47,150.54,379.089,1.384,0.608
High-income countries,2008,,1137726149.0,,36.052,91.772,304.401,346.325,163.449,185.96,1.72,0.496,445.389,-1.963,-272.065,11941.648,13586.325,3292.339,3745.78,0.71,82.899,10335.813,11759.325,34.649,19.452,10832.561,10810.649,15.478,-0.643,-451.961,61390.461,,-1.212,-715.117,6009.698,6837.39,51246.828,58304.855,63.247,83.477,2.445,391.827,16419.98,2198.877,2501.72,14432.278,3.9,505.742,11843.67,13474.854,23.141,23.509,4814.94,3.695,107.067,3616.152,1129.367,1284.91,3178.403,11.886,5.177,4.12,263.152,11540.674,3492.281,3973.26,10143.631,36.753,16.523,21.91,0.202,-0.671,-82.226,6301.123,1993.951,2268.57,5538.348,20.985,9.022,-2.866,-834.877,28298.551,518.482,589.89,24872.902,1.336,245.072,16342.484,18593.271,5.457,40.516,710.361,220.26,34.3,4.253,28.621,193.597,30.148,624.369,2.037,0.317,1.017,9501.979,69845.531,10.14,345.378,5239.551,1498.331,1704.69,4605.283,15.769,7.502,63.707,13.304,34.525,9.695,11.03,30.345,0.102,0.049,25.245,104.614,532.188,165.673,188.49,467.764,1.744,0.762
High-income countries,2009,,1146851619.0,,14.91,51.637,347.005,397.963,169.76,194.69,1.862,0.597,431.843,-10.838,-1472.539,10562.645,12113.786,2993.168,3432.72,-5.804,-682.542,9658.428,11076.783,32.83,18.164,10478.93,10456.021,15.678,-4.517,-3154.828,58151.117,,-5.478,-3193.656,5631.67,6458.69,48054.34,55111.199,61.77,82.637,-3.322,-545.513,15874.468,2179.393,2499.44,13841.78,-0.219,-29.531,11723.681,13445.322,23.904,23.803,4515.36,-0.181,-28.841,3587.311,1122.987,1287.9,3127.964,12.317,5.379,1.542,38.823,11579.497,3485.481,3997.33,10096.771,38.23,17.363,22.91,0.219,-1.547,-135.788,6165.335,1948.596,2234.75,5375.878,21.373,9.245,-4.154,-1175.605,27122.945,459.109,526.53,23649.916,-4.654,-865.293,15457.953,17727.979,5.036,40.67,739.086,230.3,35.61,4.121,28.725,200.811,31.05,644.448,2.203,0.341,1.108,9117.151,66690.703,5.043,174.611,5414.162,1536.886,1762.58,4720.892,16.857,8.118,66.488,22.6,57.125,16.279,18.67,49.81,0.179,0.086,19.621,100.49,632.678,196.808,225.71,551.665,2.159,0.949
High-income countries,2010,,1154843353.0,,17.049,67.849,403.355,465.812,189.212,218.51,1.992,0.67,433.667,5.882,712.569,11106.576,12826.355,3088.964,3567.27,1.791,198.369,9763.36,11275.152,32.518,18.457,11002.04,10970.1,15.786,4.204,2803.516,60176.316,,4.364,2405.098,5921.357,6838.24,49804.414,57516.297,62.335,82.764,7.39,1173.104,17047.572,2358.779,2724.02,14761.805,5.364,721.189,12267.042,14166.512,24.831,24.531,4757.37,1.446,29.552,3616.862,1125.46,1299.73,3131.907,11.848,5.205,4.683,398.427,11977.924,3577.853,4131.86,10371.903,37.665,17.236,31.94,0.29,2.123,92.279,6257.614,1975.108,2280.94,5418.583,20.792,9.005,1.915,519.422,27642.367,473.614,546.95,23936.031,1.699,301.238,15611.829,18029.217,4.986,39.776,806.559,254.91,36.4,9.065,67.473,220.731,31.519,698.414,2.324,0.332,1.161,9499.21,69494.219,7.401,306.147,5720.31,1602.745,1850.92,4953.321,16.872,8.231,59.382,33.363,90.488,25.657,29.63,78.355,0.27,0.13,17.779,107.91,740.588,230.897,266.65,641.289,2.431,1.066
High-income countries,2011,,1162275154.0,,8.641,40.251,435.407,506.063,198.266,230.44,2.106,0.735,431.716,-1.935,-248.172,10822.036,12578.184,2966.114,3447.44,0.066,7.497,9707.383,11282.649,31.501,18.262,10969.92,10943.89,15.889,-0.887,-616.219,59261.355,,-0.935,-537.715,5874.237,6827.48,49023.316,56978.582,62.386,82.724,-0.085,-14.471,17033.102,2403.045,2793.0,14654.965,3.884,550.195,12661.982,14716.707,25.521,24.729,4724.65,1.549,33.613,3650.475,1139.79,1324.75,3140.801,12.105,5.3,0.291,-78.504,11899.42,3541.683,4116.41,10238.04,37.614,17.276,26.03,0.237,-6.282,-428.884,5828.73,1839.281,2137.75,5014.932,19.534,8.462,-0.995,-275.07,27367.297,505.078,587.04,23546.314,6.544,1179.818,16527.098,19209.035,5.364,39.733,839.866,268.04,37.6,4.164,33.307,230.617,32.35,722.605,2.449,0.344,1.219,9415.919,68878.0,6.928,350.379,6070.689,1702.402,1978.66,5223.108,18.08,8.814,87.212,77.883,168.371,49.42,57.44,144.864,0.525,0.244,23.074,165.326,905.914,282.575,328.43,779.432,3.001,1.315
High-income countries,2012,,1169663185.0,,3.561,18.018,448.062,524.082,213.651,249.9,2.279,0.766,433.137,-4.212,-529.773,10300.752,12048.41,2837.483,3318.9,-1.501,-169.323,9501.305,11113.326,30.264,17.607,10982.58,10966.37,16.025,-0.649,-447.25,58504.664,,-0.324,-184.809,5932.802,6939.38,48555.664,56793.773,63.279,82.995,2.842,484.148,17517.25,2557.856,2991.83,14976.32,4.25,625.418,13116.703,15342.125,27.282,25.599,4749.94,0.25,-13.067,3637.408,1133.395,1325.69,3109.791,12.089,5.315,-1.537,-262.439,11636.98,3442.863,4026.99,9949.001,36.721,17.005,16.21,0.148,-8.942,-553.346,5275.384,1666.138,1948.82,4510.174,17.771,7.709,-0.509,-139.184,27228.113,537.462,628.65,23278.594,5.851,1123.84,17383.529,20332.875,5.733,39.789,908.822,288.5,38.6,8.15,68.956,246.652,33.001,776.994,2.631,0.352,1.328,9375.665,68430.75,5.015,290.907,6361.596,1776.725,2078.17,5438.827,18.95,9.296,51.478,85.128,253.499,74.269,86.87,216.729,0.792,0.37,15.255,131.871,1037.785,322.409,377.11,887.251,3.439,1.517
High-income countries,2013,,1176689524.0,,3.126,16.384,459.31,540.465,225.055,264.82,2.411,0.781,427.597,1.376,165.789,10380.138,12214.199,2871.31,3378.64,-0.809,-89.883,9368.184,11023.443,30.765,17.64,11007.771,10981.94,15.86,1.186,811.305,58844.797,,0.788,447.812,5777.811,6798.69,48646.297,57241.586,61.908,82.669,1.845,323.158,17840.408,2418.523,2845.85,15161.525,0.895,137.275,13155.042,15479.4,25.914,25.765,4695.84,2.237,58.962,3696.37,1156.269,1360.57,3141.33,12.389,5.338,3.558,363.49,12000.471,3555.101,4183.25,10198.502,38.092,17.331,25.83,0.235,0.607,0.026,5275.41,1664.56,1958.67,4483.264,17.835,7.619,-0.151,-41.133,27186.98,487.979,574.2,23104.633,2.642,537.191,17736.256,20870.066,5.229,39.264,960.891,304.52,39.7,5.71,52.07,258.794,33.739,816.606,2.773,0.362,1.388,9332.913,69242.055,5.823,363.465,6725.061,1890.541,2224.58,5715.238,20.257,9.712,31.357,77.484,330.983,97.536,114.77,281.283,1.045,0.478,15.978,158.565,1196.35,377.942,444.72,1016.709,4.05,1.728
High-income countries,2014,,1183328941.0,,3.338,18.041,471.979,558.507,237.339,280.85,2.548,0.81,420.884,-1.954,-238.617,10120.248,11975.582,2801.503,3315.1,2.127,234.42,9513.723,11257.863,30.076,17.369,11039.181,11022.359,15.986,-0.424,-293.477,58266.621,,-0.875,-501.055,5680.694,6722.13,47949.922,56740.531,60.986,82.294,-1.459,-260.277,17580.131,2413.04,2855.42,14856.504,3.181,492.352,13497.306,15971.752,25.906,25.497,4639.14,-0.802,-51.603,3644.767,1147.703,1358.11,3080.096,12.321,5.286,2.293,207.581,12208.052,3634.011,4300.23,10316.702,39.014,17.706,16.82,0.152,0.769,8.721,5284.131,1670.508,1976.76,4465.479,17.934,7.664,-0.008,-2.164,27184.816,466.151,551.61,22973.17,5.335,1113.32,18577.578,21983.387,5.004,39.428,1007.514,322.01,41.16,4.876,46.622,272.122,34.783,851.423,2.921,0.373,1.461,9314.704,68948.578,3.404,198.86,6923.921,1963.503,2323.47,5851.223,21.08,10.042,32.732,105.706,436.689,135.879,160.79,369.034,1.459,0.633,7.338,80.094,1276.444,407.799,482.56,1078.689,4.378,1.851
High-income countries,2015,,1189869736.0,,2.762,15.429,482.352,573.936,250.263,297.78,2.689,0.827,411.603,-6.337,-758.932,9426.788,11216.65,2571.323,3059.54,-6.774,-762.584,8820.528,10495.279,27.629,16.164,11095.42,11073.67,15.958,0.644,444.227,58319.664,,0.495,280.734,5645.433,6717.33,47922.277,57021.266,60.66,82.172,2.983,524.355,18104.486,2608.941,3104.3,15215.52,3.659,584.467,13914.312,16556.219,28.033,26.09,4557.96,-2.758,-121.608,3523.159,1105.651,1315.58,2960.962,11.88,5.077,1.839,163.482,12371.534,3661.191,4356.34,10397.386,39.34,17.828,21.75,0.196,-1.065,-87.378,5196.753,1642.062,1953.84,4367.498,17.644,7.489,1.896,515.312,27700.129,465.169,553.49,23279.967,4.638,1019.547,19332.312,23002.934,4.998,39.918,1066.851,339.63,41.85,5.863,59.338,285.435,35.172,896.612,3.067,0.378,1.537,9306.624,69392.805,3.903,250.86,7174.781,2019.129,2402.5,6029.888,21.696,10.339,22.883,96.735,533.424,166.253,197.82,448.305,1.786,0.769,16.437,200.968,1477.412,461.79,549.47,1241.658,4.962,2.129
High-income countries,2016,,1196437875.0,,5.822,33.414,507.632,607.35,249.257,298.22,2.674,0.871,402.102,-6.009,-673.986,8811.71,10542.664,2401.295,2873.0,-9.756,-1023.899,7916.315,9471.38,25.757,15.118,11177.271,11154.34,15.996,0.492,341.141,58284.637,,0.179,102.105,5598.836,6698.66,47744.535,57123.371,60.054,81.916,1.955,353.963,18458.449,2754.811,3295.96,15427.838,0.559,92.592,13915.315,16648.811,29.549,26.47,4485.18,2.309,60.027,3583.186,1121.245,1341.5,2994.878,12.027,5.138,2.689,239.035,12610.569,3724.121,4455.68,10540.096,39.946,18.084,22.93,0.205,-0.281,-45.255,5151.498,1626.704,1946.25,4305.696,17.448,7.387,1.524,422.131,28122.26,442.731,529.7,23504.99,0.479,110.082,19318.191,23113.016,4.749,40.328,1065.078,340.23,42.01,-0.123,-1.774,284.369,35.113,890.207,3.05,0.377,1.527,9322.957,69733.945,4.7,284.29,7459.071,2097.417,2509.43,6234.399,22.497,10.696,17.028,87.137,620.561,195.246,233.6,518.674,2.094,0.89,7.778,105.486,1582.897,496.557,594.1,1323.008,5.326,2.27
High-income countries,2017,,1202872536.0,,3.037,18.447,520.252,625.797,255.73,307.61,2.747,0.891,395.056,-0.934,-98.422,8682.751,10444.242,2343.224,2818.6,1.38,130.658,7982.59,9602.038,25.175,14.864,11203.96,11196.09,15.934,0.765,533.539,58416.402,,0.482,275.348,5502.246,6618.5,47718.039,57398.719,59.114,81.686,0.893,164.854,18623.303,2757.457,3316.87,15482.357,2.341,389.791,14164.927,17038.602,29.625,26.503,4423.08,-0.948,-54.862,3528.324,1113.817,1339.78,2933.249,11.966,5.021,2.541,258.204,12868.773,3805.549,4577.59,10698.368,40.886,18.314,7.87,0.07,-1.133,-88.336,5063.162,1600.909,1925.69,4209.226,17.2,7.206,0.743,208.912,28331.172,401.564,483.03,23552.93,-0.056,-13.039,19204.01,23099.977,4.314,40.319,1097.626,349.35,41.74,3.048,32.548,290.43,34.7,912.504,3.12,0.373,1.562,9307.794,70267.484,4.909,346.54,7805.611,2204.639,2651.9,6489.143,23.686,11.108,20.435,122.417,742.978,232.518,279.69,617.67,2.498,1.057,15.08,227.988,1810.886,567.874,683.08,1505.468,6.101,2.577
High-income countries,2018,,1209044728.0,,2.317,14.498,529.588,640.295,259.469,313.71,2.766,0.899,387.212,-3.531,-368.8,8333.391,10075.442,2239.917,2708.16,-0.11,-10.548,7933.114,9591.49,23.88,14.142,11370.95,11340.939,15.919,1.389,975.953,58925.395,,1.137,652.637,5490.177,6637.87,48014.234,58051.355,58.53,81.483,4.841,901.518,19524.82,2887.461,3491.07,16148.965,6.996,1191.984,15078.504,18230.586,30.783,27.406,4391.35,2.707,74.326,3602.65,1130.107,1366.35,2979.75,12.048,5.057,2.953,323.31,13192.083,3889.906,4703.07,10911.162,41.47,18.517,30.01,0.264,0.633,2.256,5065.417,1604.548,1939.97,4189.603,17.106,7.11,0.423,119.922,28451.094,362.799,438.64,23531.879,6.839,1579.734,20412.57,24679.711,3.868,39.935,1126.297,356.05,42.34,2.662,28.671,294.489,35.019,931.559,3.14,0.373,1.581,9380.083,71243.438,4.362,321.054,8126.666,2285.358,2763.1,6721.559,24.364,11.407,14.837,105.245,848.223,262.951,317.92,701.565,2.803,1.191,6.049,98.314,1909.2,597.811,722.78,1579.098,6.373,2.68
High-income countries,2019,,1214846354.0,,2.842,18.2,542.04,658.495,260.313,316.24,2.816,0.935,369.517,-11.644,-1173.2,7327.875,8902.242,1925.33,2338.98,-4.952,-474.943,7504.28,9116.547,20.83,12.645,11252.6,11228.699,15.95,-1.186,-844.648,57948.719,,-1.894,-1099.629,5273.835,6406.9,46879.777,56951.727,57.058,80.899,2.206,430.73,19955.551,3027.272,3677.67,16426.398,4.776,870.734,15723.239,19101.32,32.752,28.346,4149.19,-4.025,-157.75,3444.9,1086.425,1319.84,2835.667,11.754,4.893,2.31,254.979,13447.062,3969.061,4821.8,11068.94,42.942,19.101,23.9,0.212,1.572,60.67,5126.088,1621.604,1970.0,4219.536,17.544,7.281,-1.255,-357.16,28093.934,321.234,390.25,23125.504,3.078,759.678,20940.416,25439.389,3.475,39.907,1134.548,358.14,41.9,0.718,8.251,294.803,34.49,933.902,3.19,0.373,1.612,9242.896,70398.789,2.742,194.309,8320.975,2347.458,2851.8,6849.405,25.397,11.82,14.549,119.823,968.046,300.227,364.73,796.847,3.248,1.375,11.189,205.786,2114.986,666.002,809.09,1740.949,7.206,3.004
High-income countries,2020,,1218093003.0,,-5.011,-32.999,513.505,625.496,258.158,314.46,2.869,0.953,351.999,-14.353,-1277.721,6259.392,7624.521,1638.315,1995.62,-16.273,-1483.539,6266.359,7633.008,18.209,11.623,10968.54,10959.78,16.707,-6.816,-4798.094,53855.242,,-8.775,-4997.398,4962.256,6044.49,42652.184,51954.328,55.152,79.198,-2.386,-476.119,19479.432,3020.919,3679.76,15991.744,-2.242,-428.18,15329.815,18673.141,33.575,29.694,3857.83,3.723,115.144,3560.044,1118.256,1362.14,2922.637,12.429,5.427,1.207,199.305,13646.367,4035.234,4915.29,11203.059,44.848,20.802,8.76,0.08,-5.98,-324.221,4801.867,1519.334,1850.69,3942.119,16.886,7.32,-11.545,-3243.561,24850.373,303.023,369.11,20401.047,-4.855,-1235.033,19870.695,24204.355,3.368,37.881,1140.618,357.15,42.69,0.583,6.07,293.204,35.047,936.396,3.259,0.39,1.739,8997.49,65600.695,5.369,523.525,8844.5,2515.9,3064.6,7260.94,27.962,13.482,18.997,179.669,1147.715,362.0,440.95,942.223,4.023,1.75,12.5,255.642,2370.627,742.439,904.36,1946.179,8.252,3.614
High-income countries,2021,,1219584303.0,,7.021,43.914,548.884,669.41,270.256,329.6,2.923,0.975,357.219,9.445,720.154,6842.229,8344.676,1797.539,2192.25,3.472,265.045,6476.021,7898.054,19.439,12.16,11313.79,11277.81,16.434,4.607,3022.172,56267.426,,5.139,2669.895,5117.383,6241.08,44789.215,54624.223,55.339,79.601,2.363,460.303,19939.734,3007.566,3667.98,16349.615,2.134,398.402,15637.74,19071.543,32.524,29.057,4028.65,-2.788,-111.908,3448.135,1083.664,1321.62,2827.304,11.719,5.025,3.188,352.278,13998.646,4129.875,5036.73,11478.211,44.661,20.399,35.98,0.318,2.336,94.201,4896.068,1548.708,1888.78,4014.539,16.748,7.135,5.994,1489.439,26339.812,312.279,380.85,21597.369,0.092,22.176,19864.582,24226.531,3.377,38.383,1169.62,372.19,42.59,2.516,29.003,305.178,34.922,959.032,3.3,0.378,1.704,9247.257,68622.867,3.629,258.077,9102.577,2581.166,3147.95,7463.672,27.913,13.265,21.044,236.436,1384.15,427.842,521.79,1134.936,4.627,2.017,2.934,60.633,2431.26,764.482,932.35,1993.516,8.267,3.543
High-income countries,2022,,1224121770.0,,5.548,37.138,577.188,706.549,,,,1.022,,-3.969,-331.187,6546.317,8013.489,1690.251,2069.073,0.078,6.145,6457.036,7904.198,17.558,11.593,,11784.17,17.048,0.731,501.688,56468.691,,0.596,325.625,4754.314,5819.859,44889.199,54949.848,49.387,79.494,-0.386,-76.883,19862.852,2861.398,3502.7,16226.206,3.823,729.053,16175.348,19800.596,29.724,28.735,,-4.636,-171.834,3276.302,1026.587,1256.668,2676.451,10.664,4.74,1.772,176.063,14174.709,4219.979,5165.769,11579.492,43.837,20.506,,,-5.972,-309.183,4586.886,1497.757,1833.437,3747.083,15.558,6.636,2.786,733.695,27073.508,202.665,248.086,22116.678,6.582,1594.67,21093.654,25821.201,2.105,39.166,1182.285,379.285,,1.169,12.664,309.842,,965.823,3.219,,1.71,9626.632,69124.555,5.725,485.246,9587.823,2722.222,3332.331,7832.41,28.278,13.87,22.199,301.099,1685.25,528.051,646.399,1376.701,5.485,2.438,13.005,306.178,2737.438,857.741,1049.979,2236.247,8.91,3.96
Honduras,1980,HND,3777994.0,11170076672.0,,,,,,,,,,,,,,,,,,0.0,0.0,,,,,,,,2555.26,0.864,,,,,,,,,,,,,,,,,0.0,0.0,,,,,,,,,,,,,,,,,,,,,,,,,,,,,,,,,,,,,,0.0,0.0,,,,,,,,,,,,,,,9.654,,,,,,,,,,,,,,,,,,,,,,,,
Honduras,1981,HND,3895738.0,11451429888.0,,,,,,,,,,,,,,,,,0.0,0.0,0.0,,,,,,-4.79,-0.462,2359.326,0.803,,,,,,,,,,,,,,,,0.0,0.0,0.0,,,,,,,,,,,,,,,,,,,,,,,,,,,,,,,,,,,,,0.0,0.0,0.0,,,,,,,,,,,,,,,9.191,,,,,,,,,,,,,,,,,,,,,,,,
Honduras,1982,HND,4015648.0,11293337600.0,,,,,,,,,,,,,,,,,0.0,0.0,0.0,,,,,,0.836,0.077,2308.009,0.821,,,,,,,,,,,,,,,,0.0,0.0,0.0,,,,,,,,,,,,,,,,,,,,,,,,,,,,,,,,,,,,,0.0,0.0,0.0,,,,,,,,,,,,,,,9.268,,,,,,,,,,,,,,,,,,,,,,,,
Honduras,1983,HND,4137786.0,11192001536.0,,,,,,,,,,,,,,,,,0.0,0.0,0.0,,,,,,6.23,0.577,2379.428,0.88,,,,,,,,,,,,,,,,0.0,0.0,0.0,,,,,,,,,,,,,,,,,,,,,,,,,,,,,,,,,,,,,0.0,0.0,0.0,,,,,,,,,,,,,,,9.846,,,,,,,,,,,,,,,,,,,,,,,,
Honduras,1984,HND,4261929.0,11678661632.0,,,,,,,,,,,,,,,,,0.0,0.0,0.0,,,,,,1.102,0.109,2335.579,0.852,,,,,,,,,,,,,,,,0.0,0.0,0.0,,,,,,,,,,,,,,,,,,,,,,,,,,,,,,,,,,,,,0.0,0.0,0.0,,,,,,,,,,,,,,,9.954,,,,,,,,,,,,,,,,,,,,,,,,
Honduras,1985,HND,4387696.0,12164889600.0,,,,,,,,,,,,,,,,,0.0,0.0,0.0,,,,,,-6.253,-0.622,2126.777,0.767,,,,,,,,,,,,,,,,0.0,0.0,0.0,,,,,,,,,,,,,,,,,,,,,,,,,,,,,,,,,,,,,0.0,0.0,0.0,,,,,,,,,,,,,,,9.332,,,,,,,,,,,,,,,,,,,,,,,,
Honduras,1986,HND,4515574.0,12256583680.0,,,,,,,,,,,,,,,,,0.0,0.0,0.0,,,,,,17.958,1.676,2437.66,0.898,,,,,,,,,,,,,,,,0.0,0.0,0.0,,,,,,,,,,,,,,,,,,,,,,,,,,,,,,,,,,,,,0.0,0.0,0.0,,,,,,,,,,,,,,,11.007,,,,,,,,,,,,,,,,,,,,,,,,
Honduras,1987,HND,4645740.0,12996597760.0,,,,,,,,,,,,,,,,,0.0,0.0,0.0,,,,,,-3.569,-0.393,2284.797,0.817,,,,,,,,,,,,,,,,0.0,0.0,0.0,,,,,,,,,,,,,,,,,,,,,,,,,,,,,,,,,,,,,0.0,0.0,0.0,,,,,,,,,,,,,,,10.615,,,,,,,,,,,,,,,,,,,,,,,,
Honduras,1988,HND,4778119.0,13594610688.0,,,,,,,,,,,,,,,,,0.0,0.0,0.0,,,,,,25.736,2.732,2793.226,0.982,,,,,,,,,,,,,,,,0.0,0.0,0.0,,,,,,,,,,,,,,,,,,,,,,,,,,,,,,,,,,,,,0.0,0.0,0.0,,,,,,,,,,,,,,,13.346,,,,,,,,,,,,,,,,,,,,,,,,
Honduras,1989,HND,4913683.0,14187663360.0,,,,,,,,,,,,,,,,,0.0,0.0,0.0,,,,,,15.537,2.074,3138.166,1.087,,,,,,,,,,,,,,,,0.0,0.0,0.0,,,,,,,,,,,,,,,,,,,,,,,,,,,,,,,,,,,,,0.0,0.0,0.0,,,,,,,,,,,,,,,15.42,,,,,,,,,,,,,,,,,,,,,,,,
Honduras,1990,HND,5053235.0,14201085952.0,,,,,,,,,,,,,,,,,0.0,0.0,0.0,,,,,,12.099,1.866,3420.693,1.217,,,,,,,,,,,,,,,,0.0,0.0,0.0,,,,,,,,,,,,,,,,,,,,,,,,,,,,,,,,,,,,,0.0,0.0,0.0,,,,,,,,,,,,,,,17.286,,,,,,,,,,,,,,,,,,,,,,,,
Honduras,1991,HND,5196892.0,14777669632.0,,,,,,,,,,,,,,,,,0.0,0.0,0.0,,,,,,-0.129,-0.022,3321.838,1.168,,,,,,,,,,,,,,,,0.0,0.0,0.0,,,,,,,,,,,,,,,,,,,,,,,,,,,,,,,,,,,,,0.0,0.0,0.0,,,,,,,,,,,,,,,17.263,,,,,,,,,,,,,,,,,,,,,,,,
Honduras,1992,HND,5344774.0,15733343232.0,,,,,,,,,,,,,,,,,0.0,0.0,0.0,,,,,,3.198,0.552,3333.216,1.132,,,,,,,,,,,,,,,,0.0,0.0,0.0,,,,,,,,,,,,,,,,,,,,,,,,,,,,,,,,,,,,,0.0,0.0,0.0,,,,,,,,,,,,,,,17.815,,,,,,,,,,,,,,,,,,,,,,,,
Honduras,1993,HND,5496843.0,16847893504.0,,,,,,,,,,,,,,,,,0.0,0.0,0.0,,,,,,-0.272,-0.048,3232.187,1.055,,,,,,,,,,,,,,,,0.0,0.0,0.0,,,,,,,,,,,,,,,,,,,,,,,,,,,,,,,,,,,,,0.0,0.0,0.0,,,,,,,,,,,,,,,17.767,,,,,,,,,,,,,,,,,,,,,,,,
Honduras,1994,HND,5652937.0,16756480000.0,,,,,,,,,,,,,,,,,0.0,0.0,0.0,,,,,,-0.064,-0.011,3140.937,1.06,,,,,,,,,,,,,,,,0.0,0.0,0.0,,,,,,,,,,,,,,,,,,,,,,,,,,,,,,,,,,,,,0.0,0.0,0.0,,,,,,,,,,,,,,,17.756,,,,,,,,,,,,,,,,,,,,,,,,
Honduras,1995,HND,5812836.0,17579243520.0,,,,,,,,,,,,,,,,,0.0,0.0,0.0,,,,,,8.112,1.44,3302.317,1.092,,,,,,,,,,,,,,,,0.0,0.0,0.0,,,,,,,,,,,,,,,,,,,,,,,,,,,,,,,,,,,,,0.0,0.0,0.0,,,,,,,,,,,,,,,19.196,,,,,,,,,,,,,,,,,,,,,,,,
Honduras,1996,HND,5976553.0,18358896640.0,,,,,,,,,,,,,,,,,0.0,0.0,0.0,,,,,,11.87,2.279,3593.107,1.17,,,,,,,,,,,,,,,,0.0,0.0,0.0,,,,,,,,,,,,,,,,,,,,,,,,,,,,,,,,,,,,,0.0,0.0,0.0,,,,,,,,,,,,,,,21.474,,,,,,,,,,,,,,,,,,,,,,,,
Honduras,1997,HND,6144117.0,19427979264.0,,,,,,,,,,,,,,,,,0.0,0.0,0.0,,,,,,2.683,0.576,3588.894,1.135,,,,,,,,,,,,,,,,0.0,0.0,0.0,,,,,,,,,,,,,,,,,,,,,,,,,,,,,,,,,,,,,0.0,0.0,0.0,,,,,,,,,,,,,,,22.051,,,,,,,,,,,,,,,,,,,,,,,,
Honduras,1998,HND,6308539.0,20150663168.0,,,,,,,,,,,,,,,,,0.0,0.0,0.0,,,,,,7.305,1.611,3750.679,1.174,,,,,,,,,,,,,,,,0.0,0.0,0.0,,,,,,,,,,,,,,,,,,,,,,,,,,,,,,,,,,,,,0.0,0.0,0.0,,,,,,,,,,,,,,,23.661,,,,,,,,,,,,,,,,,,,,,,,,
Honduras,1999,HND,6477370.0,19928432640.0,,,,,,,,,,,,,,,,,0.0,0.0,0.0,,,,,,7.147,1.691,3913.984,1.272,,,,,,,,,,,,,,,,0.0,0.0,0.0,,,,,,,,,,,,,,,,,,,,,,,,,,,,,,,,,,,,,0.0,0.0,0.0,,,,,,,,,,,,,,,25.352,,,,,,,,,,,,,,,,,,,,,,,,
Honduras,2000,HND,6656727.0,21239306240.0,,,,,0.0,0.0,0.0,,271.186,,,,,0.0,0.0,,0.0,0.0,0.0,0.0,,3.82,3.54,,-3.969,-1.006,3657.385,1.146,,,195.291,1.3,,,36.723,,,,,0.0,0.0,,,0.0,0.0,0.0,0.0,,0.96,,,,336.502,2.24,,63.277,,,,,336.502,2.24,,63.277,,0.28,7.33,,,,0.0,0.0,,0.0,,,,,195.291,1.3,,,0.0,0.0,0.0,36.723,,,0.0,0.0,,,0.0,0.0,,0.0,0.0,,531.793,24.346,,,,336.502,2.24,,63.277,,,,,0.0,0.0,,0.0,,,,,0.0,0.0,,0.0,
Honduras,2001,HND,6837861.0,21992955904.0,,,,,1.462,0.01,0.267,,360.0,,,,,0.0,0.0,,0.0,0.0,0.0,0.0,,4.06,3.75,,9.159,2.23,3886.625,1.208,,,272.015,1.86,,,49.6,,,,,0.0,0.0,,,0.0,0.0,0.0,0.0,,1.35,,,,274.94,1.88,,50.133,,,,,276.402,1.89,,50.4,,0.31,7.635,,,,0.0,0.0,,0.0,,,,,272.015,1.86,,,0.0,0.0,0.0,49.6,,,0.01,0.0,,,1.462,0.0,,0.267,0.0,,548.417,26.576,,,,276.402,1.89,,50.4,,,,,0.0,0.0,,0.0,,,,,0.0,0.0,,0.0,
Honduras,2002,HND,7019912.0,22983632896.0,,,,,4.274,0.03,0.763,,422.392,,,,,0.0,0.0,,0.0,0.0,0.0,0.0,,4.34,3.93,,1.012,0.269,3824.135,1.168,,,327.639,2.3,,,58.524,,,,,0.0,0.0,,,0.0,0.0,0.0,0.0,,1.66,,,,227.923,1.6,,40.712,,,,,232.197,1.63,,41.476,,0.41,9.447,,,,0.0,0.0,,0.0,,,,,327.639,2.3,,,0.0,0.0,0.0,58.524,,,0.03,0.0,,,4.274,0.0,,0.763,0.0,,559.836,26.845,,,,232.197,1.63,,41.476,,,,,0.0,0.0,,0.0,,,,,0.0,0.0,,0.0,
Honduras,2003,HND,7201883.0,24205426688.0,,,,,12.497,0.09,2.069,,422.988,,,,,0.0,0.0,,0.0,0.0,0.0,0.0,,4.68,4.35,,9.655,2.592,4087.409,1.216,,,352.686,2.54,,,58.391,,,,,0.0,0.0,,,0.0,0.0,0.0,0.0,,1.84,,,,238.826,1.72,,39.54,,,,,251.323,1.81,,41.609,,0.33,7.051,,,,0.0,0.0,,0.0,,,,,352.686,2.54,,,0.0,0.0,0.0,58.391,,,0.09,0.0,,,12.497,0.0,,2.069,0.0,,604.009,29.437,,,,251.323,1.81,,41.609,,,,,0.0,0.0,,0.0,,,,,0.0,0.0,,0.0,
Honduras,2004,HND,7383408.0,25910108160.0,,,,,20.316,0.15,3.219,,480.687,,,,,0.0,0.0,,0.0,0.0,0.0,0.0,,5.0,4.66,,6.246,1.839,4235.931,1.207,,,422.569,3.12,,,66.953,,,,,0.0,0.0,,,0.0,0.0,0.0,0.0,,2.24,,,,188.26,1.39,,29.828,,,,,208.576,1.54,,33.047,,0.34,6.8,,,,0.0,0.0,,0.0,,,,,422.569,3.12,,,0.0,0.0,0.0,66.953,,,0.15,0.0,,,20.316,0.0,,3.219,0.0,,631.145,31.276,,,,208.576,1.54,,33.047,,,,,0.0,0.0,,0.0,,,,,0.0,0.0,,0.0,
Honduras,2005,HND,7564615.0,27704981504.0,,,,,29.083,0.22,4.074,,468.519,,,,,0.0,0.0,,0.0,0.0,0.0,0.0,,5.45,5.4,,2.642,0.826,4243.708,1.159,,,460.037,3.48,,,64.444,,,,,0.0,0.0,,,0.0,0.0,0.0,0.0,,2.53,,,,224.731,1.7,,31.481,,,,,253.813,1.92,,35.556,,0.05,0.917,,,,0.0,0.0,,0.0,,,,,460.037,3.48,,,0.0,0.0,0.0,64.444,,,0.22,0.0,,,29.083,0.0,,4.074,0.0,,713.85,32.102,,,,253.813,1.92,,35.556,,,,,0.0,0.0,,0.0,,,,,0.0,0.0,,0.0,
Honduras,2006,HND,7745204.0,29769398272.0,,,,,27.114,0.21,3.659,,442.509,,,,,0.0,0.0,,0.0,0.0,0.0,0.0,,5.76,5.74,,-3.756,-1.206,3989.089,1.038,,,449.31,3.48,,,60.627,,,,,0.0,0.0,,,0.0,0.0,0.0,0.0,,2.54,,,,264.68,2.05,,35.714,,,,,291.793,2.26,,39.373,,0.02,0.347,,,,0.0,0.0,,0.0,,,,,449.31,3.48,,,0.0,0.0,0.0,60.627,,,0.21,0.0,,,27.114,0.0,,3.659,0.0,,741.104,30.896,,,,291.793,2.26,,39.373,,,,,0.0,0.0,,0.0,,,,,0.0,0.0,,0.0,
Honduras,2007,HND,7924462.0,31871723520.0,,,,,31.548,0.25,4.132,,436.364,,,,,0.0,0.0,,0.0,0.0,0.0,0.0,,6.06,6.05,,23.827,7.362,4827.849,1.2,,,455.551,3.61,,,59.669,,,,,0.0,0.0,,,0.0,0.0,0.0,0.0,,2.64,,,,276.359,2.19,,36.198,,,,,307.907,2.44,,40.331,,0.01,0.165,,,,0.0,0.0,,0.0,,,,,455.551,3.61,,,0.0,0.0,0.0,59.669,,,0.25,0.0,,,31.548,0.0,,4.132,0.0,,763.459,38.258,,,,307.907,2.44,,40.331,,,,,0.0,0.0,,0.0,,,,,0.0,0.0,,0.0,
Honduras,2008,HND,8101776.0,33484304384.0,,,,,37.029,0.3,4.777,,433.121,,,,,0.0,0.0,,0.0,0.0,0.0,0.0,,6.27,6.28,,-0.94,-0.36,4677.777,1.132,,,457.924,3.71,,,59.076,,,,,0.0,0.0,,,0.0,0.0,0.0,0.0,,2.72,,,,280.185,2.27,,36.146,,,,,317.214,2.57,,40.924,,-0.01,-0.159,,,,0.0,0.0,,0.0,,,,,457.924,3.71,,,0.0,0.0,0.0,59.076,,,0.3,0.0,,,37.029,0.0,,4.777,0.0,,775.139,37.898,,,,317.214,2.57,,40.924,,,,,0.0,0.0,,0.0,,,,,0.0,0.0,,0.0,
Honduras,2009,HND,8277309.0,32923389952.0,,,,,36.244,0.3,4.702,,385.58,,,,,0.0,0.0,,0.0,0.0,0.0,0.0,,6.33,6.38,,-5.24,-1.986,4338.667,1.091,,,399.888,3.31,,,51.881,,,,,0.0,0.0,,,0.0,0.0,0.0,0.0,,2.46,,,,334.65,2.77,,43.417,,,,,370.893,3.07,,48.119,,-0.05,-0.79,,,,0.0,0.0,,0.0,,,,,399.888,3.31,,,0.0,0.0,0.0,51.881,,,0.3,0.0,,,36.244,0.0,,4.702,0.0,,770.782,35.912,,,,370.893,3.07,,48.119,,,,,0.0,0.0,,0.0,,,,,0.0,0.0,,0.0,
Honduras,2010,HND,8450936.0,34409603072.0,,,,,34.316,0.29,4.448,,363.497,,,,,0.0,0.0,,0.0,0.0,0.0,0.0,,6.53,6.52,,4.47,1.605,4439.492,1.09,,,376.29,3.18,,,48.773,,,,,0.0,0.0,,,0.0,0.0,0.0,0.0,,2.37,,,,360.907,3.05,,46.779,,,,,395.223,3.34,,51.227,,0.01,0.153,,,,0.0,0.0,,0.0,,,,,376.29,3.18,,,0.0,0.0,0.0,48.773,,,0.29,0.0,,,34.316,0.0,,4.448,0.0,,771.512,37.518,,,,395.223,3.34,,51.227,,,,,0.0,0.0,,0.0,,,,,0.0,0.0,,0.0,
Honduras,2011,HND,8622510.0,35990761472.0,,,,,56.828,0.49,7.0,,385.714,,,,,0.0,0.0,,0.0,0.0,0.0,0.0,,7.19,7.0,,1.276,0.479,4406.682,1.056,,,417.512,3.6,,,51.429,,,,,0.0,0.0,,,0.0,0.0,0.0,0.0,,2.7,,,,323.572,2.79,,39.857,,,,,394.317,3.4,,48.571,,0.19,2.643,,,,0.0,0.0,,0.0,,,,,417.512,3.6,,,0.0,0.0,0.0,51.429,,,0.49,0.0,,,56.828,0.0,,7.0,0.0,,811.829,37.997,,,,394.317,3.4,,48.571,,,,,0.0,0.0,,0.0,,,,,13.917,0.12,,1.714,
Honduras,2012,HND,8792370.0,37443690496.0,,,,,50.043,0.44,5.874,,391.188,,,,,0.0,0.0,,0.0,0.0,0.0,0.0,,7.68,7.49,,8.926,3.391,4707.272,1.105,,,448.116,3.94,,,52.603,,,,,0.0,0.0,,,0.0,0.0,0.0,0.0,,2.93,,,,313.909,2.76,,36.849,,,,,403.759,3.55,,47.397,,0.19,2.474,,,,0.0,0.0,,0.0,,,,,448.116,3.94,,,0.0,0.0,0.0,52.603,,,0.44,0.0,,,50.043,0.0,,5.874,0.0,,851.875,41.388,,,,403.759,3.55,,47.397,,,,,1.137,0.01,,0.134,,,,,38.67,0.34,,4.539,
Honduras,2013,HND,8960654.0,38446698496.0,,,,,60.263,0.54,6.995,,401.554,,,,,0.0,0.0,,0.0,0.0,0.0,0.0,,7.83,7.72,,0.223,0.092,4629.147,1.079,,,463.136,4.15,,,53.756,,,,,0.0,0.0,,,0.0,0.0,0.0,0.0,,3.1,,,,302.433,2.71,,35.104,,,,,398.408,3.57,,46.244,,0.11,1.405,,,,0.0,0.0,,0.0,,,,,463.136,4.15,,,0.0,0.0,0.0,53.756,,,0.54,0.0,,,60.263,0.0,,6.995,0.0,,861.544,41.48,,,,398.408,3.57,,46.244,,,,,1.116,0.01,,0.13,,,,,34.596,0.31,,4.016,
Honduras,2014,HND,9127851.0,39484542976.0,,,,,67.924,0.62,7.407,,421.744,,,,,0.0,0.0,,0.0,0.0,0.0,0.0,,9.19,8.37,,9.565,3.967,4979.008,1.151,,,521.481,4.76,,,56.87,,,,,0.0,0.0,,,0.0,0.0,0.0,0.0,,3.53,,,,282.651,2.58,,30.824,,,,,395.493,3.61,,43.13,,0.82,8.923,,,,0.0,0.0,,0.0,,,,,521.481,4.76,,,0.0,0.0,0.0,56.87,,,0.62,0.0,,,67.924,0.0,,7.407,0.0,,916.974,45.448,,,,395.493,3.61,,43.13,,,,,1.096,0.01,,0.119,,,,,43.822,0.4,,4.779,
Honduras,2015,HND,9294510.0,40757800960.0,,,,,92.528,0.86,9.159,,416.4,,,,,40.884,0.38,,0.0,0.0,0.0,4.047,,9.54,9.39,,11.25,5.113,5439.805,1.241,,,549.787,5.11,,,54.42,,,,,0.0,0.0,,,0.0,0.0,0.0,0.0,,3.91,,,,249.61,2.32,,24.707,,,,,460.487,4.28,,45.58,,0.15,1.572,,,,0.0,0.0,,0.0,,,,,508.903,4.73,,,0.0,0.0,0.0,50.373,,,0.86,0.0,,,92.528,0.0,,9.159,0.0,,1010.274,50.56,,,,460.487,4.28,,45.58,,,,,46.264,0.43,,4.579,,,,,72.086,0.67,,7.135,
Honduras,2016,HND,9460798.0,42061463552.0,,,,,104.642,0.99,10.356,,389.121,,,,,34.881,0.33,,0.0,0.0,0.0,3.452,,9.86,9.56,,-1.907,-0.964,5242.269,1.179,,,504.186,4.77,,,49.895,,,,,0.0,0.0,,,0.0,0.0,0.0,0.0,,3.72,,,,246.279,2.33,,24.372,,,,,506.3,4.79,,50.105,,0.3,3.043,,,,0.0,0.0,,0.0,,,,,469.305,4.44,,,0.0,0.0,0.0,46.444,,,0.99,0.0,,,104.642,0.0,,10.356,0.0,,1010.486,49.596,,,,506.3,4.79,,50.105,,,,,94.072,0.89,,9.31,,,,,61.306,0.58,,6.067,
Honduras,2017,HND,9626845.0,43867512832.0,,,,,87.256,0.84,8.75,,341.667,,,,,29.085,0.28,,,,,2.917,,10.02,9.6,,5.907,2.93,5456.188,1.197,,,435.241,4.19,,,43.646,,,,,0.0,0.0,,,,,,0.0,,3.28,,,,308.512,2.97,,30.937,,,,,561.97,5.41,,56.354,,0.42,4.192,,,,0.0,0.0,,0.0,,,,,406.156,3.91,,,,,,40.729,,,0.93,0.09,,,96.605,9.349,,9.687,0.937,,997.211,52.526,,,,561.97,5.41,,56.354,,,,,96.605,0.93,,9.688,,,,,60.248,0.58,,6.042,
Honduras,2018,HND,9792854.0,45382746112.0,,,,,74.544,0.73,7.366,,305.752,,,,,36.762,0.36,,,,,3.633,,10.27,9.91,,9.938,5.22,5896.753,1.272,,,388.038,3.8,,,38.345,,,,,0.0,0.0,,,,,,0.0,,3.03,,,,321.663,3.15,,31.786,,,,,623.924,6.11,,61.655,,0.36,3.505,,,,0.0,0.0,,0.0,,,,,351.277,3.44,,,,,,34.712,,,1.03,0.3,,,105.179,30.635,,10.394,3.027,,1011.962,57.746,,,,623.924,6.11,,61.655,,,,,102.115,1.0,,10.091,,,,,94.967,0.93,,9.384,
Honduras,2019,HND,9958832.0,,,,,,106.438,1.06,9.532,,377.698,,,,,50.207,0.5,,,,,4.496,,10.84,11.12,,-2.723,-1.573,5640.568,,,,541.228,5.39,,,48.471,,,,,0.0,0.0,,,,,,0.0,,4.2,,,,244.005,2.43,,21.853,,,,,575.369,5.73,,51.529,,-0.28,-2.583,,,,0.0,0.0,,0.0,,,,,491.021,4.89,,,,,,43.975,,,1.36,0.3,,,136.562,30.124,,12.23,2.698,,1116.597,56.173,,,,575.369,5.73,,51.529,,,,,112.463,1.12,,10.072,,,,,82.339,0.82,,7.374,
Honduras,2020,HND,10121762.0,,,,,,106.701,1.08,9.549,,377.542,,,,,50.386,0.51,,,,,4.509,,11.14,11.31,,-9.033,-5.074,5048.45,,,,539.432,5.46,,,48.276,,,,,0.0,0.0,,,,,,0.0,,4.27,,,,266.752,2.7,,23.873,,,,,577.963,5.85,,51.724,,-0.17,-1.526,,,,0.0,0.0,,0.0,,,,,489.045,4.95,,,,,,43.767,,,1.39,0.31,,,137.328,30.627,,12.29,2.741,,1117.394,51.099,,,,577.963,5.85,,51.724,,,,,103.737,1.05,,9.284,,,,,70.146,0.71,,6.278,
Honduras,2021,HND,10278346.0,,,,,,109.94,1.13,9.44,,375.104,,,,,52.538,0.54,,,,,4.511,,11.8,11.97,,2.321,1.186,5086.934,,,,559.429,5.75,,,48.037,,,,,0.0,0.0,,,,,,0.0,,4.49,,,,262.688,2.7,,22.556,,,,,605.156,6.22,,51.963,,-0.17,-1.441,,,,0.0,0.0,,0.0,,,,,506.891,5.21,,,,,,43.525,,,1.44,0.31,,,140.1,30.16,,12.03,2.59,,1164.584,52.285,,,,605.156,6.22,,51.963,,,,,124.534,1.28,,10.693,,,,,77.834,0.8,,6.683,
Hong Kong,1965,HKG,3602032.0,25526550528.0,,,,,,,,,,,,397.134,1.43,,,,,,,,,,,,,,7301.993,1.03,,,,,,,,,,,,,,,,,,,,,,,,0.0,0.0,0.0,0.0,,,,,0.0,0.0,0.0,0.0,,,,,,,0.0,0.0,0.0,0.0,,,,,24.872,,,6904.858,,,,,,,,,,,,,,,,,,,26.302,,,0.0,,,0.0,,,,,,,,,,,,,,,,,,
Hong Kong,1966,HKG,3684669.0,26098438144.0,,,,,,,,,,-13.821,-0.198,334.57,1.233,,,,,,,,,,,,8.455,2.224,7741.759,1.093,,,,,,,,,,,,,,,,,,,,,,,0.0,0.0,0.0,0.0,0.0,,,,0.0,0.0,0.0,0.0,0.0,,,,,,0.0,0.0,0.0,0.0,0.0,,,9.736,2.422,27.293,,,7407.189,,,,,,,,,,,,,,,,,,,28.526,,0.0,0.0,,,0.0,,,,,,,,,,,,,,,,,,
Hong Kong,1967,HKG,3762176.0,26904000512.0,,,,,,,,,,-19.811,-0.244,262.76,0.989,,,,,,,,,,,,18.113,5.167,8955.669,1.252,,,,,,,,,,,,,,,,,,,,,,,0.0,0.0,0.0,0.0,0.0,,,,0.0,0.0,0.0,0.0,0.0,,,,,,0.0,0.0,0.0,0.0,0.0,,,19.826,5.411,32.704,,,8692.909,,,,,,,,,,,,,,,,,,,33.693,,0.0,0.0,,,0.0,,,,,,,,,,,,,,,,,,
Hong Kong,1968,HKG,3834048.0,28300687360.0,,,,,,,,,,-28.235,-0.279,185.034,0.709,,,,,,,,,,,,8.118,2.735,9501.208,1.287,,,,,,,,,,,,,,,,,,,,,,,0.0,0.0,0.0,0.0,0.0,,,,0.0,0.0,0.0,0.0,0.0,,,,,,0.0,0.0,0.0,0.0,0.0,,,9.217,3.014,35.719,,,9316.174,,,,,,,,,,,,,,,,,,,36.428,,0.0,0.0,,,0.0,,,,,,,,,,,,,,,,,,
Hong Kong,1969,HKG,3898385.0,32017985536.0,,,,,,,,,,-40.984,-0.291,107.398,0.419,,,,,,,,,,,,17.492,6.372,10978.891,1.337,,,,,,,,,,,,,,,,,,,,,,,0.0,0.0,0.0,0.0,0.0,,,,0.0,0.0,0.0,0.0,0.0,,,,,,0.0,0.0,0.0,0.0,0.0,,,18.653,6.663,42.381,,,10871.491,,,,,,,,,,,,,,,,,,,42.8,,0.0,0.0,,,0.0,,,,,,,,,,,,,,,,,,
Hong Kong,1970,HKG,3955076.0,35354054656.0,,,,,,,,,,-41.667,-0.174,61.751,0.244,,,,,,,,,,,,7.434,3.182,11625.99,1.301,,,,,,,,,,,,,,,,,,,,,,,0.0,0.0,0.0,0.0,0.0,,,,0.0,0.0,0.0,0.0,0.0,,,,,,0.0,0.0,0.0,0.0,0.0,,,7.919,3.356,45.737,,,11564.239,,,,,,,,,,,,,,,,,,,45.982,,0.0,0.0,,,0.0,,,,,,,,,,,,,,,,,,
Hong Kong,1971,HKG,4028605.0,38035054592.0,,,,,,,,,,28.571,0.07,77.945,0.314,,,,,,,,,,,,5.607,2.578,12053.715,1.277,,,,,,,,,,,,,,,,,,,,,,,0.0,0.0,0.0,0.0,0.0,,,,0.0,0.0,0.0,0.0,0.0,,,,,,0.0,0.0,0.0,0.0,0.0,,,5.484,2.508,48.246,,,11975.771,,,,,,,,,,,,,,,,,,,48.56,,0.0,0.0,,,0.0,,,,,,,,,,,,,,,,,,
Hong Kong,1972,HKG,4128332.0,41958748160.0,,,,,,,,,,-51.852,-0.163,36.623,0.151,,,,,,,,,,,,13.58,6.594,13359.896,1.314,,,,,,,,,,,,,,,,,,,,,,,0.0,0.0,0.0,0.0,0.0,,,,0.0,0.0,0.0,0.0,0.0,,,,,,0.0,0.0,0.0,0.0,0.0,,,14.006,6.757,55.003,,,13323.273,,,,,,,,,,,,,,,,,,,55.154,,0.0,0.0,,,0.0,,,,,,,,,,,,,,,,,,
Hong Kong,1973,HKG,4234756.0,46980620288.0,,,,,,,,,,-46.154,-0.07,19.224,0.081,,,,,,,,,,,,3.713,2.048,13507.762,1.218,,,,,,,,,,,,,,,,,,,,,,,0.0,0.0,0.0,0.0,0.0,,,,0.0,0.0,0.0,0.0,0.0,,,,,,0.0,0.0,0.0,0.0,0.0,,,3.85,2.118,57.121,,,13488.538,,,,,,,,,,,,,,,,,,,57.202,,0.0,0.0,,,0.0,,,,,,,,,,,,,,,,,,
Hong Kong,1974,HKG,4342778.0,47875346432.0,,,,,,,,,,0.0,0.0,18.746,0.081,,,,,,,,,,,,2.37,1.355,13483.886,1.223,,,,,,,,,,,,,,,,,,,,,,,0.0,0.0,0.0,0.0,0.0,,,,0.0,0.0,0.0,0.0,0.0,,,,,,0.0,0.0,0.0,0.0,0.0,,,2.373,1.355,58.476,,,13465.14,,,,,,,,,,,,,,,,,,,58.558,,0.0,0.0,,,0.0,,,,,,,,,,,,,,,,,,
Hong Kong,1975,HKG,4451227.0,47881244672.0,,,,,,,,,,-14.286,-0.012,15.677,0.07,,,,,,,,,,,,-5.858,-3.43,12384.696,1.151,,,,,,,,,,,,,,,,,,,,,,,0.0,0.0,0.0,0.0,0.0,,,,0.0,0.0,0.0,0.0,0.0,,,,,,0.0,0.0,0.0,0.0,0.0,,,-5.846,-3.419,55.057,,,12369.02,,,,,,,,,,,,,,,,,,,55.127,,0.0,0.0,,,0.0,,,,,,,,,,,,,,,,,,
Hong Kong,1976,HKG,4558871.0,55544791040.0,,,,,,,,,,33.333,0.023,20.409,0.093,,,,,,,,,,,,18.074,9.964,14277.871,1.172,,,,,,,,,,,,,,,,,,,,,,,0.0,0.0,0.0,0.0,0.0,,,,0.0,0.0,0.0,0.0,0.0,,,,,,0.0,0.0,0.0,0.0,0.0,,,18.055,9.941,64.998,,,14257.463,,,,,,,,,,,,,,,,,,,65.091,,0.0,0.0,,,0.0,,,,,,,,,,,,,,,,,,
Hong Kong,1977,HKG,4664905.0,61975547904.0,,,,,,,,,,-12.5,-0.012,17.452,0.081,,,,,,,,,,,,7.978,5.193,15066.502,1.134,,,,,,,,,,,,,,,,,,,,,,,0.0,0.0,0.0,0.0,0.0,,,,0.0,0.0,0.0,0.0,0.0,,,,,,0.0,0.0,0.0,0.0,0.0,,,8.007,5.204,70.202,,,15049.051,,,,,,,,,,,,,,,,,,,70.284,,0.0,0.0,,,0.0,,,,,,,,,,,,,,,,,,
Hong Kong,1978,HKG,4768799.0,67200319488.0,,,,,,,,,,-28.571,-0.023,12.194,0.058,,,,,,,,,,,,3.889,2.733,15311.37,1.087,,,,,,,,,,,,,,,,,,,,,,,0.0,0.0,0.0,0.0,0.0,,,,0.0,0.0,0.0,0.0,0.0,,,,,,0.0,0.0,0.0,0.0,0.0,,,3.926,2.756,72.959,,,15299.178,,,,,,,,,,,,,,,,,,,73.017,,0.0,0.0,,,0.0,,,,,,,,,,,,,,,,,,
Hong Kong,1979,HKG,4872751.0,74946936832.0,,,,,,,,,,-20.0,-0.012,9.547,0.047,,,,,,,,,,,,2.391,1.746,15343.069,0.998,,,,,,,,,,,,,,,,,,,,,,,0.0,0.0,0.0,0.0,0.0,,,,0.0,0.0,0.0,0.0,0.0,,,,,,0.0,0.0,0.0,0.0,0.0,,,2.409,1.758,74.716,,,15333.522,,,,,,,,,,,,,,,,,,,74.763,,0.0,0.0,,,0.0,,,,,,,,,,,,,,,,,,
Hong Kong,1980,HKG,4978551.0,82606710784.0,,,,,,,,,,-50.0,-0.023,4.672,0.023,,,,,0.0,0.0,,,,,,2.184,1.633,15344.992,0.925,,,,,,,,,,,,,,,,,0.0,0.0,,,,,0.0,0.0,0.0,0.0,0.0,,,,0.0,0.0,0.0,0.0,0.0,,,,,,0.0,0.0,0.0,0.0,0.0,,,2.217,1.656,76.373,,,15340.32,,,0.0,0.0,,,,,,,,,,,,,,,76.396,,0.0,0.0,,,0.0,,,,,,,,,,,,,,,,,,
Hong Kong,1981,HKG,5077744.0,90351788032.0,,,,,,,,,,1650.0,0.384,80.164,0.407,,,,0.0,0.0,0.0,,,,,,6.562,5.013,16032.551,0.901,,,,,,,,,,,,,,,,0.0,0.0,0.0,,,,,0.0,0.0,0.0,0.0,0.0,,,,0.0,0.0,0.0,0.0,0.0,,,,,,0.0,0.0,0.0,0.0,0.0,,,6.062,4.63,81.002,,,15952.387,,0.0,0.0,0.0,,,,,,,,,,,,,,,81.409,,0.0,0.0,,,0.0,,,,,,,,,,,,,,,,,,
Hong Kong,1982,HKG,5166910.0,93056245760.0,,,,,,,,,,2457.143,10.002,2014.521,10.409,,,,0.0,0.0,0.0,,,,,,9.755,7.941,17292.791,0.96,,,,,,,,,,,,,,,,0.0,0.0,0.0,,,,,0.0,0.0,0.0,0.0,0.0,,,,0.0,0.0,0.0,0.0,0.0,,,,,,0.0,0.0,0.0,0.0,0.0,,,-2.544,-2.061,78.941,,,15278.271,,0.0,0.0,0.0,,,,,,,,,,,,,,,89.35,,0.0,0.0,,,0.0,,,,,,,,,,,,,,,,,,
Hong Kong,1983,HKG,5252129.0,98638831616.0,,,,,,,,,,134.86,14.037,4654.542,24.446,,,,0.0,0.0,0.0,,,,,,6.035,5.393,18038.969,0.961,,,,,,,,,,,,,,,,0.0,0.0,0.0,,,,,0.0,0.0,0.0,0.0,0.0,,,,0.0,0.0,0.0,0.0,0.0,,,,,,0.0,0.0,0.0,0.0,0.0,,,-10.951,-8.645,70.297,,,13384.426,,0.0,0.0,0.0,,,,,,,,,,,,,,,94.743,,0.0,0.0,,,0.0,,,,,,,,,,,,,,,,,,
Hong Kong,1984,HKG,5333577.0,108818497536.0,,,,,,,,,,30.542,7.466,5983.362,31.913,,,,0.0,0.0,0.0,,,,,,2.448,2.32,18198.438,0.892,,,,,,,,,,,,,,,,0.0,0.0,0.0,,,,,0.0,0.0,0.0,0.0,0.0,,,,0.0,0.0,0.0,0.0,0.0,,,,,,0.0,0.0,0.0,0.0,0.0,,,-7.321,-5.147,65.15,,,12215.077,,0.0,0.0,0.0,,,,,,,,,,,,,,,97.063,,0.0,0.0,,,0.0,,,,,,,,,,,,,,,,,,
Hong Kong,1985,HKG,5411686.0,109638262784.0,,,,,,,,,,23.797,7.594,7300.333,39.507,,,,0.0,0.0,0.0,,,,19.249,19.103,3.818,3.705,18620.49,0.919,,,,,,,,,,,,,,,,0.0,0.0,0.0,,,,,0.0,0.0,0.0,0.0,0.0,0.0,,,0.0,0.0,0.0,0.0,0.0,0.0,,,,,0.0,0.0,0.0,0.0,0.0,0.0,,-5.969,-3.889,61.261,,,11320.157,,0.0,0.0,0.0,,,,,,,,,,,,,,3557.014,100.768,,0.0,0.0,,,0.0,,,,,,,,,,,,,,,,,,
Hong Kong,1986,HKG,5492797.0,121782206464.0,,,,,,,,,,15.72,6.21,8323.178,45.718,,,,0.0,0.0,0.0,,,,21.419,20.285,4.786,4.823,19223.525,0.867,,,,,,,,,,,,,,,,0.0,0.0,0.0,,,,,0.0,0.0,0.0,0.0,0.0,0.0,,,0.0,0.0,0.0,0.0,0.0,0.0,,,,,0.0,0.0,0.0,0.0,0.0,0.0,,-2.265,-1.388,59.873,,,10900.346,,0.0,0.0,0.0,,,,,,,,,,,,,,3899.45,105.591,,0.0,0.0,,,0.0,,,,,,,,,,,,,,,,,,
Hong Kong,1987,HKG,5578536.0,137910681600.0,,,,,,,,,,25.312,11.572,10269.608,57.289,,,,0.0,0.0,0.0,,,,23.754,20.474,9.876,10.429,20797.48,0.841,,,,,,,,,,,,,,,,0.0,0.0,0.0,,,,,0.0,0.0,0.0,0.0,0.0,0.0,,,0.0,0.0,0.0,0.0,0.0,0.0,,,,,0.0,0.0,0.0,0.0,0.0,0.0,,-1.909,-1.143,58.73,,,10527.873,,0.0,0.0,0.0,,,,,,,,,,,,,,4258.037,116.019,,0.0,0.0,,,0.0,,,,,,,,,,,,,,,,,,
Hong Kong,1988,HKG,5665618.0,149349941248.0,,,,,,,,,,15.692,8.99,11698.524,66.279,,,,0.0,0.0,0.0,,,,25.507,19.085,15.195,17.63,23589.496,0.895,,,,,,,,,,,,,,,,0.0,0.0,0.0,,,,,0.0,0.0,0.0,0.0,0.0,0.0,,,0.0,0.0,0.0,0.0,0.0,0.0,,,,,0.0,0.0,0.0,0.0,0.0,0.0,,14.711,8.64,67.37,,,11890.972,,0.0,0.0,0.0,,,,,,,,,,,,,,4502.157,133.649,,0.0,0.0,,,0.0,,,,,,,,,,,,,,,,,,
Hong Kong,1989,HKG,5752711.0,153499123712.0,,,,,,,,,,7.142,4.733,12344.229,71.013,,,,0.0,0.0,0.0,,,,27.363,19.154,6.891,9.21,24833.414,0.931,,,,,,,,,,,,,,,,0.0,0.0,0.0,,,,,0.0,0.0,0.0,0.0,0.0,0.0,,,0.0,0.0,0.0,0.0,0.0,0.0,,,,,0.0,0.0,0.0,0.0,0.0,0.0,,6.645,4.477,71.847,,,12489.185,,0.0,0.0,0.0,,,,,,,,,,,,,,4756.598,142.859,,0.0,0.0,,,0.0,,,,,,,,,,,,,,,,,,
Hong Kong,1990,HKG,5838573.0,159035326464.0,,,,,,,,,,-10.056,-7.141,10939.652,63.872,,,,0.0,0.0,0.0,,,,28.96,20.781,-2.451,-3.502,23868.459,0.876,,,,,,,,,,,,,,,,0.0,0.0,0.0,,,,,0.0,0.0,0.0,0.0,0.0,0.0,,,0.0,0.0,0.0,0.0,0.0,0.0,,,,,0.0,0.0,0.0,0.0,0.0,0.0,,5.065,3.639,75.486,,,12928.807,,0.0,0.0,0.0,,,0.0,0.0,,,,0.0,,0.0,0.0,,,4960.116,139.358,,0.0,0.0,0.0,0.0,0.0,0.0,,,,0.0,0.0,0.0,0.0,0.0,,,,0.0,0.0,0.0,0.0,0.0,
Hong Kong,1991,HKG,5923453.0,166794706944.0,,,,,,,,,,7.902,5.047,11635.001,68.919,,,,0.0,0.0,0.0,,,,31.889,22.085,3.611,5.032,24375.887,0.866,,,,,,,,,,,,,,,,0.0,0.0,0.0,,,,,0.0,0.0,0.0,0.0,0.0,0.0,,,0.0,0.0,0.0,0.0,0.0,0.0,,,,,0.0,0.0,0.0,0.0,0.0,0.0,,-0.021,-0.016,75.47,,,12740.885,,0.0,0.0,0.0,,,0.0,0.0,,,0.0,0.0,,0.0,0.0,,,5383.497,144.389,,0.0,0.0,0.0,0.0,0.0,0.0,,,0.0,0.0,0.0,0.0,0.0,0.0,,,0.0,0.0,0.0,0.0,0.0,0.0,
Hong Kong,1992,HKG,6007690.0,175823863808.0,,,,,,,,,,6.007,4.14,12161.022,73.06,,,,0.0,0.0,0.0,,,,35.076,20.641,17.688,25.539,28285.232,0.966,,,,,,,,,,,,,,,,0.0,0.0,0.0,,,,,0.0,0.0,0.0,0.0,0.0,0.0,,,0.0,0.0,0.0,0.0,0.0,0.0,,,,,0.0,0.0,0.0,0.0,0.0,0.0,,28.355,21.399,96.869,,,16124.211,,0.0,0.0,0.0,,,0.0,0.0,,,0.0,0.0,,0.0,0.0,,,5838.443,169.929,,0.0,0.0,0.0,0.0,0.0,0.0,,,0.0,0.0,0.0,0.0,0.0,0.0,,,0.0,0.0,0.0,0.0,0.0,0.0,
Hong Kong,1993,HKG,6089809.0,185281249280.0,,,,,,,,,,15.807,11.549,13893.415,84.608,,,,0.0,0.0,0.0,,,,35.947,19.378,9.165,15.573,30461.104,1.001,,,,,,,,,,,,,,,,0.0,0.0,0.0,,,,,0.0,0.0,0.0,0.0,0.0,0.0,,,0.0,0.0,0.0,0.0,0.0,0.0,,,,,0.0,0.0,0.0,0.0,0.0,0.0,,4.155,4.025,100.894,,,16567.688,,0.0,0.0,0.0,,,0.0,0.0,,,0.0,0.0,,0.0,0.0,,,5902.895,185.502,,0.0,0.0,0.0,0.0,0.0,0.0,,,0.0,0.0,0.0,0.0,0.0,0.0,,,0.0,0.0,0.0,0.0,0.0,0.0,
Hong Kong,1994,HKG,6168709.0,194935750656.0,,,,,,,,,,-28.564,-24.167,9798.016,60.441,,,,0.0,0.0,0.0,,,,26.741,15.908,-9.385,-17.409,27249.283,0.862,,,,,,,,,,,,,,,,0.0,0.0,0.0,,,,,0.0,0.0,0.0,0.0,0.0,0.0,,,0.0,0.0,0.0,0.0,0.0,0.0,,,,,0.0,0.0,0.0,0.0,0.0,0.0,,6.698,6.758,107.652,,,17451.266,,0.0,0.0,0.0,,,0.0,0.0,,,0.0,0.0,,0.0,0.0,,,4334.916,168.093,,0.0,0.0,0.0,0.0,0.0,0.0,,,0.0,0.0,0.0,0.0,0.0,0.0,,,0.0,0.0,0.0,0.0,0.0,0.0,
Hong Kong,1995,HKG,6243859.0,198024249344.0,,,,,,,,,,7.793,4.71,10434.454,65.151,,,,0.0,0.0,0.0,,36.059,,27.916,15.45,7.489,12.588,28937.334,0.912,,,,,28937.332,180.681,,100.0,,,0.304,,,48.679,,0.0,0.0,0.0,,0.168,,,0.0,0.0,0.0,0.0,0.0,0.0,0.0,,0.0,0.0,0.0,0.0,0.0,0.0,0.0,,,,0.0,0.0,0.0,0.0,0.0,0.0,0.0,7.035,7.574,115.225,,,18454.201,,0.0,0.0,0.0,,63.773,0.0,0.0,,,0.0,0.0,,0.0,0.0,,0.0,4470.882,180.681,,0.0,0.0,0.0,0.0,0.0,0.0,0.0,,0.0,0.0,0.0,0.0,0.0,0.0,0.0,,0.0,0.0,0.0,0.0,0.0,0.0,0.0
Hong Kong,1996,HKG,6333446.0,204853985280.0,,,,,,,,,,-25.687,-16.736,7644.446,48.416,,,,0.0,0.0,0.0,,26.81,,28.44,15.748,-0.05,-0.09,28513.863,0.882,-0.05,-0.09,,,28513.861,180.591,,100.0,6239.482,18.965,19.269,,,3042.369,,0.0,0.0,0.0,,10.67,,,0.0,0.0,0.0,0.0,0.0,0.0,0.0,,0.0,0.0,0.0,0.0,0.0,0.0,0.0,,,,0.0,0.0,0.0,0.0,0.0,0.0,0.0,-2.012,-2.319,112.907,,,17827.049,,0.0,0.0,0.0,,62.521,0.0,0.0,,,0.0,0.0,,0.0,0.0,,0.0,4490.446,180.591,,0.0,0.0,0.0,0.0,0.0,0.0,0.0,,0.0,0.0,0.0,0.0,0.0,0.0,0.0,,0.0,0.0,0.0,0.0,0.0,0.0,0.0
Hong Kong,1997,HKG,6441245.0,213630222336.0,,,,,,,,,,-15.614,-7.559,6342.903,40.856,,,,0.0,0.0,0.0,,22.363,,28.943,15.842,1.164,2.102,28363.01,0.855,1.164,2.102,,,28363.01,182.693,,100.0,56.142,10.818,30.087,,,4670.928,,0.0,0.0,0.0,,16.468,,,0.0,0.0,0.0,0.0,0.0,0.0,0.0,,0.0,0.0,0.0,0.0,0.0,0.0,0.0,,,,0.0,0.0,0.0,0.0,0.0,0.0,0.0,-1.024,-1.156,111.75,,,17349.18,,0.0,0.0,0.0,,61.168,0.0,0.0,,,0.0,0.0,,0.0,0.0,,0.0,4493.395,182.693,,0.0,0.0,0.0,0.0,0.0,0.0,0.0,,0.0,0.0,0.0,0.0,0.0,0.0,0.0,,0.0,0.0,0.0,0.0,0.0,0.0,0.0
Hong Kong,1998,HKG,6546051.0,199509311488.0,,,,,,,,,,24.31,9.932,7758.603,50.788,,,,0.0,0.0,0.0,,27.271,,31.414,16.868,1.938,3.541,28449.789,0.933,1.938,3.541,,,28449.789,186.234,,100.0,-6.185,-1.861,28.226,,,4311.86,,0.0,0.0,0.0,,15.156,,,0.0,0.0,0.0,0.0,0.0,0.0,0.0,,0.0,0.0,0.0,0.0,0.0,0.0,0.0,,,,0.0,0.0,0.0,0.0,0.0,0.0,0.0,-4.054,-4.53,107.22,,,16379.324,,0.0,0.0,0.0,,57.573,0.0,0.0,,,0.0,0.0,,0.0,0.0,,0.0,4798.992,186.234,,0.0,0.0,0.0,0.0,0.0,0.0,0.0,,0.0,0.0,0.0,0.0,0.0,0.0,0.0,,0.0,0.0,0.0,0.0,0.0,0.0,0.0
Hong Kong,1999,HKG,6641959.0,202921197568.0,,,,,,,,,,-14.52,-7.375,6536.266,43.414,,,,0.0,0.0,0.0,,23.016,,29.496,15.638,1.282,2.388,28398.51,0.93,1.282,2.388,,,28398.512,188.622,,100.0,10.271,2.899,31.125,,,4686.062,,0.0,0.0,0.0,,16.501,,,0.0,0.0,0.0,0.0,0.0,0.0,0.0,,0.0,0.0,0.0,0.0,0.0,0.0,0.0,,,,0.0,0.0,0.0,0.0,0.0,0.0,0.0,6.401,6.864,114.084,,,17176.184,,0.0,0.0,0.0,,60.483,0.0,0.0,,,0.0,0.0,,0.0,0.0,,0.0,4440.833,188.622,,0.0,0.0,0.0,0.0,0.0,0.0,0.0,,0.0,0.0,0.0,0.0,0.0,0.0,0.0,,0.0,0.0,0.0,0.0,0.0,0.0,0.0
Hong Kong,2000,HKG,6731195.0,216781242368.0,,,,,0.0,0.0,0.0,,775.212,16.207,7.036,7494.913,50.45,2986.097,20.1,,0.0,0.0,0.0,68.251,,38.47,29.45,14.913,4.694,8.854,29337.334,0.911,4.694,8.854,4375.152,29.45,29337.336,197.475,100.0,,-9.599,-2.988,28.137,141.134,0.95,4180.082,,0.0,0.0,0.0,3.226,,22.83,,,,0.0,0.0,,0.0,,,,,0.0,0.0,,0.0,,9.02,23.447,,,,0.0,0.0,,0.0,,4.212,4.805,118.889,1247.921,8.4,17662.34,,0.0,0.0,0.0,28.523,,0.0,0.0,0.0,,0.0,0.0,0.0,0.0,0.0,0.0,,4375.152,197.475,,,,0.0,0.0,,0.0,,,0.0,0.0,0.0,0.0,0.0,0.0,,,0.0,0.0,0.0,0.0,0.0,0.0,
Hong Kong,2001,HKG,6801538.0,216306581504.0,,,,,0.0,0.0,0.0,,775.082,57.956,29.239,11716.223,79.688,3059.602,20.81,,0.0,0.0,0.0,68.23,,39.32,30.5,12.228,26.305,51.945,36671.148,1.153,26.305,51.945,4484.28,30.5,36671.152,249.42,100.0,,0.923,0.26,28.397,145.555,0.99,4175.041,,0.0,0.0,0.0,3.246,,23.64,,,,0.0,0.0,,0.0,,,,,0.0,0.0,,0.0,,8.82,22.431,,,,0.0,0.0,,0.0,,18.88,22.447,141.335,1279.122,8.7,20779.887,,0.0,0.0,0.0,28.525,,0.0,0.0,0.0,,0.0,0.0,0.0,0.0,0.0,0.0,,4484.28,249.42,,,,0.0,0.0,,0.0,,,0.0,0.0,0.0,0.0,0.0,0.0,,,0.0,0.0,0.0,0.0,0.0,0.0,
Hong Kong,2002,HKG,6848847.0,218185318400.0,,,,,0.0,0.0,0.0,,766.894,-22.211,-17.7,9050.955,61.989,3201.999,21.93,,0.0,0.0,0.0,67.979,,40.27,32.26,13.252,-2.401,-5.988,35543.574,1.116,-2.401,-5.988,4710.282,32.26,35543.578,243.433,100.0,,-4.998,-1.419,26.978,328.522,2.25,3938.989,,0.0,0.0,0.0,6.975,,24.74,,,,0.0,0.0,,0.0,,,,,0.0,0.0,,0.0,,8.01,19.891,,,,0.0,0.0,,0.0,,9.291,13.131,154.466,1179.761,8.08,22553.631,,0.0,0.0,0.0,25.046,,0.0,0.0,0.0,,0.0,0.0,0.0,0.0,0.0,0.0,,4710.282,243.433,,,,0.0,0.0,,0.0,,,0.0,0.0,0.0,0.0,0.0,0.0,,,0.0,0.0,0.0,0.0,0.0,0.0,
Hong Kong,2003,HKG,6886463.0,223111692288.0,,,,,0.0,0.0,0.0,,726.701,26.822,16.627,11415.916,78.615,2799.696,19.28,,0.0,0.0,0.0,57.776,,40.76,33.37,13.273,3.275,7.973,36507.191,1.127,3.275,7.973,4845.739,33.37,36507.191,251.405,100.0,,-35.696,-9.63,17.348,981.636,6.76,2519.085,,0.0,0.0,0.0,20.258,,24.25,,,,0.0,0.0,,0.0,,,,,0.0,0.0,,0.0,,7.39,18.131,,,,0.0,0.0,,0.0,,0.632,0.976,155.443,1064.407,7.33,22572.191,,0.0,0.0,0.0,21.966,,0.0,0.0,0.0,,0.0,0.0,0.0,0.0,0.0,0.0,,4845.739,251.405,,,,0.0,0.0,,0.0,,,0.0,0.0,0.0,0.0,0.0,0.0,,,0.0,0.0,0.0,0.0,0.0,0.0,
Hong Kong,2004,HKG,6915997.0,240644194304.0,,,,,0.0,0.0,0.0,,732.378,-6.626,-5.209,10613.999,73.406,3526.606,24.39,,0.0,0.0,0.0,69.885,,41.65,34.9,12.397,11.981,30.122,40706.633,1.17,11.981,30.121,5046.272,34.9,40706.629,281.527,100.0,,44.464,7.713,25.061,1236.264,8.55,3623.625,,0.0,0.0,0.0,24.499,,25.56,,,,0.0,0.0,,0.0,,,,,0.0,0.0,,0.0,,6.75,16.206,,,,0.0,0.0,,0.0,,17.767,27.617,183.06,283.401,1.96,26469.006,,0.0,0.0,0.0,5.616,,0.0,0.0,0.0,,0.0,0.0,0.0,0.0,0.0,0.0,,5046.272,281.527,,,,0.0,0.0,,0.0,,,0.0,0.0,0.0,0.0,0.0,0.0,,,0.0,0.0,0.0,0.0,0.0,0.0,
Hong Kong,2005,HKG,6936872.0,256420806656.0,,,,,0.0,0.0,0.0,,719.779,8.795,6.456,11512.713,79.862,2894.676,20.08,,0.0,0.0,0.0,55.546,,42.65,36.15,13.384,-4.062,-11.436,38935.48,1.053,-4.062,-11.436,5211.283,36.15,38935.48,270.09,100.0,,0.231,0.058,25.119,1163.349,8.07,3621.05,,0.0,0.0,0.0,22.324,,26.02,,,,0.0,0.0,,0.0,,,,,0.0,0.0,,0.0,,6.5,15.24,,,,0.0,0.0,,0.0,,-9.806,-17.95,165.109,1153.258,8.0,23801.719,,0.0,0.0,0.0,22.13,,0.0,0.0,0.0,,0.0,0.0,0.0,0.0,0.0,0.0,,5211.283,270.09,,,,0.0,0.0,,0.0,,,0.0,0.0,0.0,0.0,0.0,0.0,,,0.0,0.0,0.0,0.0,0.0,0.0,
Hong Kong,2006,HKG,6960600.0,272324296704.0,,,,,0.0,0.0,0.0,,707.909,-0.16,-0.128,11455.071,79.734,2702.353,18.81,,0.0,0.0,0.0,51.832,,42.66,36.29,12.7,5.799,15.662,41052.852,1.049,5.798,15.66,5213.631,36.29,41052.57,285.751,100.0,,9.706,2.438,27.557,1346.148,9.37,3958.975,,0.0,0.0,0.0,25.82,,25.69,,,,0.0,0.0,,0.0,,,,,0.0,0.0,,0.0,,6.37,14.932,,,,0.0,0.0,,0.0,,8.086,13.35,178.459,1165.129,8.11,25638.521,,0.0,0.0,0.0,22.348,,0.0,0.0,0.0,,0.0,0.0,0.0,0.0,0.0,0.0,,5213.631,285.752,,,,0.0,0.0,,0.0,,,0.0,0.0,0.0,0.0,0.0,0.0,,,0.002,0.002,0.0,0.0,0.284,0.0,
Hong Kong,2007,HKG,7001452.0,287685148672.0,,,,,0.0,0.0,0.0,,707.924,9.11,7.264,12425.716,86.998,2642.309,18.5,,0.0,0.0,0.0,50.546,,43.52,36.6,12.039,6.391,18.262,43421.625,1.057,6.391,18.262,5227.487,36.6,43421.281,304.012,100.0,,-6.577,-1.813,25.744,1316.87,9.22,3676.993,,0.0,0.0,0.0,25.191,,25.91,,,,0.0,0.0,,0.0,,,,,0.0,0.0,,0.0,,6.92,15.901,,,,0.0,0.0,,0.0,,7.178,12.81,191.27,1268.308,8.88,27318.572,,0.0,0.0,0.0,24.262,,0.0,0.0,0.0,,0.0,0.0,0.0,0.0,0.0,0.0,,5227.487,304.014,,,,0.0,0.0,,0.0,,,0.0,0.0,0.0,0.0,0.0,0.0,,24.64,0.0,0.002,0.0,0.0,0.349,0.0,
Hong Kong,2008,HKG,7050673.0,291529719808.0,,,,,0.0,0.0,0.0,,707.645,-8.364,-7.276,11306.958,79.722,2564.294,18.08,,0.0,0.0,0.0,50.63,28.185,42.96,35.71,12.625,-6.961,-21.161,40117.203,0.97,-6.961,-21.161,5064.764,35.71,40116.883,282.851,100.0,99.999,15.679,4.037,29.781,1277.892,9.01,4223.833,,0.0,0.0,0.0,25.231,10.529,25.27,,,0.0,0.0,0.0,0.0,0.0,0.0,,,0.002,0.0,0.0,0.322,0.0,0.001,7.25,16.876,,,0.0,0.0,0.0,0.0,0.0,0.0,-9.37,-17.921,173.348,1222.578,8.62,24586.09,,0.0,0.0,0.0,24.139,61.286,0.0,0.0,0.0,,0.0,0.0,0.0,0.0,0.0,0.0,0.0,5064.764,282.853,,,0.002,0.0,0.0,0.322,0.0,0.001,,0.0,0.0,0.0,0.0,0.0,0.0,0.0,-6.705,-0.0,0.002,0.0,0.0,0.322,0.0,0.001
Hong Kong,2009,HKG,7094600.0,282158628864.0,,,,,0.0,0.0,0.0,,707.692,4.423,3.526,11733.964,83.248,2593.522,18.4,,0.0,0.0,0.0,50.549,26.953,43.63,36.4,11.785,9.194,26.005,43534.281,1.095,9.194,26.004,5130.663,36.4,43533.855,308.855,100.0,99.999,-2.882,-0.858,28.923,1292.532,9.17,4076.709,,0.0,0.0,0.0,25.192,9.364,25.76,,0.0,0.0,0.0,0.0,0.0,0.0,0.0,36.183,0.001,0.003,0.0,0.0,0.433,0.0,0.001,7.23,16.571,,0.0,0.0,0.0,0.0,0.0,0.0,0.0,13.462,23.336,196.685,1244.609,8.83,27723.178,,0.0,0.0,0.0,24.258,63.681,0.0,0.0,0.0,,0.0,0.0,0.0,0.0,0.0,0.0,0.0,5130.663,308.858,36.183,0.001,0.003,0.0,0.0,0.433,0.0,0.001,,0.0,0.0,0.0,0.0,0.0,0.0,0.0,36.183,0.001,0.003,0.0,0.0,0.433,0.0,0.001
Hong Kong,2010,HKG,7132437.0,298918510592.0,,,5.984,0.043,0.0,0.0,0.0,0.013,707.744,-13.003,-10.825,10154.04,72.423,2557.331,18.24,,0.0,0.0,0.0,50.624,22.549,43.93,36.03,11.218,3.988,12.317,45030.289,1.074,3.933,12.148,5051.569,36.03,45006.055,321.003,100.0,99.946,24.273,7.021,35.943,1274.459,9.09,5039.389,,0.0,0.0,0.0,25.229,11.191,25.5,,0.0,0.0,0.0,0.0,0.0,0.0,0.0,7518.203,0.17,0.173,0.0,0.0,24.233,0.0,0.054,7.9,17.983,,0.0,0.0,0.0,0.0,0.0,0.0,0.0,8.11,15.952,212.637,1219.779,8.7,29812.625,,0.0,0.0,0.0,24.147,66.206,0.124,0.0,0.0,,0.124,0.0,0.0,17.455,0.0,0.0,0.039,5051.569,321.176,7518.203,0.17,0.173,0.0,0.0,24.233,0.0,0.054,,0.003,0.003,0.0,0.0,0.389,0.0,0.001,-5.278,-0.0,0.003,0.0,0.0,0.405,0.0,0.001
Hong Kong,2011,HKG,7175370.0,310881386496.0,615.94,0.263,42.588,0.306,0.0,0.0,0.0,0.093,707.596,18.95,13.724,12005.923,86.147,2590.807,18.59,,0.0,0.0,0.0,50.613,26.158,44.51,36.73,11.153,2.539,8.155,45897.434,1.059,2.453,7.875,5118.9,36.73,45834.223,328.878,100.0,99.862,-20.359,-7.318,28.625,1291.92,9.27,3989.394,,0.0,0.0,0.0,25.238,8.692,25.99,,0.0,0.0,0.0,0.0,0.0,0.0,0.0,320.97,0.281,0.454,0.0,0.0,63.205,0.0,0.138,7.78,17.479,,0.0,0.0,0.0,0.0,0.0,0.0,0.0,0.691,1.469,214.105,1236.173,8.87,29838.908,,0.0,0.0,0.0,24.149,65.012,0.137,0.0,0.0,10.256,0.013,0.0,0.0,19.13,0.0,0.0,0.042,5118.9,329.331,320.97,0.281,0.454,0.0,0.0,63.205,0.0,0.138,200.0,0.006,0.008,0.0,0.0,1.153,0.0,0.003,-16.619,-0.0,0.002,0.0,0.0,0.334,0.0,0.001
Hong Kong,2012,HKG,7234062.0,316167815168.0,-82.578,-0.252,7.36,0.053,0.0,0.0,0.0,0.017,707.979,-1.567,-1.35,11721.86,84.797,2551.816,18.46,,0.0,0.0,0.0,50.617,26.793,45.79,36.47,11.523,-3.899,-12.842,43749.898,1.001,-3.826,-12.583,5041.428,36.47,43722.906,316.294,100.0,99.938,-7.917,-2.266,26.359,1271.761,9.2,3643.767,,0.0,0.0,0.0,25.226,8.329,25.82,,0.0,0.0,0.0,0.0,0.0,0.0,0.0,-72.112,-0.258,0.195,0.0,0.0,26.988,0.0,0.062,9.32,20.354,,0.0,0.0,0.0,0.0,0.0,0.0,0.0,-4.188,-8.967,205.138,1217.85,8.81,28357.279,,0.0,0.0,0.0,24.157,64.817,0.131,0.0,0.0,-4.651,-0.006,0.0,0.0,18.092,0.0,0.0,0.041,5041.428,316.489,-72.112,-0.258,0.195,0.0,0.0,26.988,0.0,0.062,0.0,-0.0,0.008,0.0,0.0,1.137,0.0,0.003,21.313,0.0,0.003,0.0,0.0,0.399,0.0,0.001
Hong Kong,2013,HKG,7296820.0,325974589440.0,189.569,0.101,21.128,0.154,0.0,0.0,0.0,0.047,707.755,6.58,5.58,12385.723,90.376,2549.056,18.6,,0.0,0.0,0.0,50.612,27.803,45.07,36.75,11.306,2.706,8.565,44547.461,0.997,2.681,8.481,5036.44,36.75,44509.152,324.775,100.0,99.914,-5.789,-1.526,24.833,1270.417,9.27,3403.301,,0.0,0.0,0.0,25.224,7.64,26.01,,0.0,0.0,0.0,0.0,0.0,0.0,0.0,97.372,0.084,0.28,0.0,0.0,38.31,0.0,0.086,8.32,18.46,,0.0,0.0,0.0,0.0,0.0,0.0,0.0,2.158,4.427,209.566,1216.969,8.88,28720.127,,0.0,0.0,0.0,24.163,64.471,0.115,0.0,0.0,-12.195,-0.016,0.0,0.0,15.749,0.0,0.0,0.035,5036.44,325.055,97.372,0.084,0.28,0.0,0.0,38.31,0.0,0.086,0.0,-0.0,0.008,0.0,0.0,1.121,0.0,0.003,-20.608,-0.001,0.002,0.0,0.0,0.312,0.0,0.001
Hong Kong,2014,HKG,7352180.0,334980448256.0,-46.667,-0.072,11.183,0.082,0.0,0.0,0.0,0.026,707.955,4.813,4.35,12884.084,94.726,2578.827,18.96,,0.0,0.0,0.0,50.614,29.86,46.52,37.46,11.808,-2.405,-7.819,43148.523,0.947,-2.392,-7.77,5095.087,37.46,43117.23,317.006,100.0,99.927,-3.877,-0.963,23.87,1285.333,9.45,3246.71,,0.0,0.0,0.0,25.227,7.524,26.52,,0.0,0.0,0.0,0.0,0.0,0.0,0.0,-33.443,-0.049,0.23,0.0,0.0,31.29,0.0,0.073,9.06,19.475,,0.0,0.0,0.0,0.0,0.0,0.0,0.0,-5.324,-11.156,198.409,1230.927,9.05,26986.438,,0.0,0.0,0.0,24.159,62.543,0.137,0.0,0.0,19.444,0.022,0.0,0.0,18.67,0.0,0.0,0.043,5095.087,317.236,-33.443,-0.049,0.23,0.0,0.0,31.29,0.0,0.073,0.0,-0.0,0.008,0.0,0.0,1.105,0.0,0.003,7.656,0.0,0.002,0.0,0.0,0.332,0.0,0.001
Hong Kong,2015,HKG,7399845.0,342917120000.0,0.0,0.0,11.111,0.082,0.0,0.0,0.0,0.025,707.727,-17.762,-16.825,10527.397,77.901,2443.294,18.08,,0.0,0.0,0.0,50.616,23.86,46.28,35.72,10.94,2.919,9.259,44121.883,0.952,2.906,9.212,4827.128,35.72,44084.43,326.218,100.0,99.915,27.591,6.586,30.456,1217.593,9.01,4115.812,,0.0,0.0,0.0,25.224,9.328,25.28,,0.0,0.0,0.0,0.0,0.0,0.0,0.0,11.548,0.047,0.277,0.0,0.0,37.451,0.0,0.085,10.56,22.818,,0.0,0.0,0.0,0.0,0.0,0.0,0.0,9.804,19.451,217.86,1166.241,8.63,29441.221,,0.0,0.0,0.0,24.16,66.727,0.182,0.0,0.0,32.558,0.045,0.0,0.0,24.589,0.0,0.0,0.056,4827.128,326.495,11.548,0.047,0.277,0.0,0.0,37.451,0.0,0.085,33.333,0.003,0.011,0.0,0.0,1.456,0.0,0.003,-9.889,-0.0,0.002,0.0,0.0,0.295,0.0,0.001
Hong Kong,2016,HKG,7435925.0,350065655808.0,50.0,0.041,16.586,0.123,6.724,0.05,0.139,0.037,708.692,-0.007,-0.006,10475.532,77.895,2879.265,21.41,,0.0,0.0,0.0,59.456,23.244,46.43,36.01,10.746,2.64,8.619,45066.922,0.957,2.622,8.553,4835.982,35.96,45020.812,334.771,99.861,99.898,2.657,0.809,31.266,1434.926,10.67,4204.675,,0.0,0.0,0.0,29.631,9.33,25.52,,0.0,0.0,0.0,0.0,0.0,0.0,0.0,33.876,0.066,0.343,6.724,0.05,46.107,0.139,0.102,10.42,22.442,,0.0,0.0,0.0,0.0,0.0,0.0,0.0,3.557,7.75,225.61,521.791,3.88,30340.605,,0.0,0.0,0.0,10.775,67.323,0.207,0.05,0.0,14.035,0.026,6.724,0.0,27.904,0.139,0.0,0.062,4842.706,335.114,33.876,0.066,0.343,6.724,0.05,46.107,0.139,0.102,0.0,-0.0,0.011,0.0,0.0,1.44,0.0,0.003,-39.334,-0.001,0.001,0.0,0.0,0.177,0.0,0.0
Hong Kong,2017,HKG,7461508.0,363336761344.0,50.0,0.062,24.794,0.185,18.763,0.14,0.402,0.051,706.743,-6.326,-4.927,9779.226,72.968,2746.094,20.49,,,,,58.795,20.297,46.08,34.85,9.694,7.275,24.38,48179.898,0.989,7.263,24.313,4650.535,34.7,48124.902,359.084,99.57,99.886,-0.333,-0.104,31.161,1368.356,10.21,4176.285,,,,,29.297,8.668,24.63,,0.0,0.0,0.0,0.0,0.0,0.0,0.0,33.123,0.067,0.41,20.103,0.15,54.993,0.43,0.114,11.23,24.371,,0.0,0.0,0.0,0.0,0.0,0.0,0.0,13.007,29.345,254.955,536.085,4.0,34169.391,,,,,11.478,70.92,0.208,0.14,0.0,0.068,0.0,18.763,0.0,27.827,0.402,0.0,0.058,4670.637,359.495,33.123,0.067,0.41,20.103,0.15,54.993,0.43,0.114,40.125,0.004,0.015,1.34,0.01,1.999,0.029,0.004,112.398,0.001,0.003,0.0,0.0,0.373,0.0,0.001
Hong Kong,2018,HKG,7481563.0,373682634752.0,16.667,0.031,28.849,0.216,18.713,0.14,0.407,0.059,704.532,2.704,1.973,10016.697,74.941,2651.852,19.84,,,,,57.641,20.606,46.46,34.42,9.464,1.163,4.181,48609.641,0.973,1.154,4.143,4580.594,34.27,48549.617,363.227,99.564,99.877,-3.17,-0.988,30.174,1374.044,10.28,4033.048,,,,,29.866,8.297,24.25,,0.0,0.0,0.0,0.0,0.0,0.0,0.0,13.014,0.039,0.449,20.049,0.15,60.02,0.436,0.123,12.04,25.915,,0.0,0.0,0.0,0.0,0.0,0.0,0.0,1.239,3.158,258.113,554.697,4.15,34499.875,,,,,12.057,70.973,0.214,0.14,0.0,3.292,0.007,18.713,0.0,28.666,0.407,0.0,0.059,4600.643,363.676,13.014,0.039,0.449,20.049,0.15,60.02,0.436,0.123,13.88,0.002,0.017,1.337,0.01,2.257,0.029,0.005,-33.014,-0.001,0.002,0.0,0.0,0.248,0.0,0.001
Hong Kong,2019,HKG,7496121.0,,19.048,0.041,34.277,0.257,22.678,0.17,0.489,0.075,701.007,-4.232,-3.171,9574.174,71.769,2638.698,19.78,,,,,56.921,20.818,47.13,34.75,10.08,-5.203,-18.923,45990.859,,-5.235,-19.014,4610.384,34.56,45918.859,344.213,99.453,99.843,3.275,0.988,31.162,1422.069,10.66,4157.033,,,,,30.676,9.039,24.36,,0.0,0.0,0.0,0.0,0.0,0.0,0.0,20.147,0.091,0.54,25.346,0.19,72.003,0.547,0.157,12.38,26.268,,0.0,0.0,0.0,0.0,0.0,0.0,0.0,-6.521,-16.83,241.283,549.618,4.12,32187.652,,,,,11.856,69.987,0.237,0.17,0.0,10.598,0.023,22.678,0.0,31.643,0.489,0.0,0.069,4635.731,344.753,20.147,0.091,0.54,25.346,0.19,72.003,0.547,0.157,160.066,0.027,0.044,2.668,0.02,5.837,0.058,0.013,0.0,-0.0,0.002,0.0,0.0,0.246,0.0,0.001
Hong Kong,2020,HKG,7500955.0,,52.0,0.134,52.067,0.391,21.331,0.16,0.483,0.151,683.162,-46.731,-33.539,5096.758,38.231,2455.688,18.42,,,,,55.582,14.808,45.84,33.14,12.836,-25.113,-86.58,34418.75,,-25.234,-86.858,4394.107,32.96,34309.695,257.355,99.457,99.683,58.665,18.281,49.443,1698.45,12.74,6591.505,,,,,38.443,19.151,22.64,,0.0,0.0,0.0,0.0,0.0,0.0,0.0,53.169,0.278,0.818,23.997,0.18,109.056,0.543,0.317,12.7,27.705,,0.0,0.0,0.0,0.0,0.0,0.0,0.0,-29.675,-71.6,169.682,239.969,1.8,22621.43,,,,,5.432,65.724,0.288,0.16,0.0,21.497,0.051,21.331,0.0,38.42,0.483,0.0,0.112,4418.104,258.173,53.169,0.278,0.818,23.997,0.18,109.056,0.543,0.317,214.669,0.093,0.137,2.666,0.02,18.289,0.06,0.053,14.286,0.0,0.002,0.0,0.0,0.28,0.0,0.001
Hong Kong,2021,HKG,7494580.0,,-15.789,-0.062,43.884,0.329,21.349,0.16,0.454,0.135,683.972,11.076,4.234,5666.094,42.465,2556.514,19.16,,,,,54.355,17.452,47.81,35.25,14.487,-5.751,-14.847,32466.973,,-5.747,-14.79,4679.382,35.07,32365.408,242.565,99.489,99.687,-2.403,-1.188,48.255,1766.61,13.24,6438.609,,,,,37.56,19.831,24.11,,0.0,0.0,0.0,0.0,0.0,0.0,0.0,-11.231,-0.057,0.761,24.017,0.18,101.563,0.511,0.313,12.56,26.271,,0.0,0.0,0.0,0.0,0.0,0.0,0.0,-10.512,-17.837,151.845,356.257,2.67,20260.705,,,,,7.574,62.404,0.293,0.16,0.0,1.642,0.005,21.349,0.0,39.084,0.454,0.0,0.12,4703.399,243.326,-11.231,-0.057,0.761,24.017,0.18,101.563,0.511,0.313,0.0,-0.001,0.137,2.669,0.02,18.237,0.057,0.056,28.25,0.001,0.003,0.0,0.0,0.358,0.0,0.001
Hong Kong,2022,HKG,7488863.0,,25.0,0.082,54.896,0.411,,,,0.188,,-1.646,-0.699,5577.059,41.766,,,,,,,,19.131,,36.233,16.597,-10.278,-25.009,29152.305,,-10.34,-25.082,,,29040.893,217.483,,99.618,-6.444,-3.11,45.145,,,6028.294,,,,,,20.679,,,0.0,0.0,0.0,0.0,0.0,0.0,0.0,16.785,0.073,0.834,19.008,0.142,111.412,0.393,0.382,,,,0.0,0.0,0.0,0.0,0.0,0.0,0.0,-14.01,-21.273,130.572,,,17435.541,,,,,,59.808,0.284,0.089,,-2.915,-0.009,11.896,,37.974,0.246,,0.13,4838.312,218.318,16.785,0.073,0.834,19.008,0.142,111.412,0.393,0.382,0.0,-0.0,0.136,6.975,0.052,18.185,0.144,0.062,0.0,-0.0,0.003,0.137,0.001,0.357,0.003,0.001
Hungary,1900,HUN,7106097.0,19107487744.0,,,,,,,,,,,,,,,,,,3336.966,23.713,,,,,,,,,,,,,,,,,,,,,,,,,,0.0,0.0,,,,,,,,,,,,,,,,,,,,,,,,,,,,,,,,,,,,,,3.273,0.023,,,,,,,,,,,,,,,,,,,,,,,,,,,,,,,,,,,,,,,
Hungary,1901,HUN,7156618.0,,,,,,,,,,,,,,,,,0.523,0.124,3330.74,23.837,,,,,,,,,,,,,,,,,,,,,,,,,0.0,0.0,0.0,,,,,,,,,,,,,,,,,,,,,,,,,,,,,,,,,,,,50.0,0.012,4.875,0.035,,,,,,,,,,,,,,,,,,,,,,,,,,,,,,,,,,,,,,,
Hungary,1902,HUN,7207003.0,,,,,,,,,,,,,,,,,-6.068,-1.446,3106.771,22.391,,,,,,,,,,,,,,,,,,,,,,,,,0.0,0.0,0.0,,,,,,,,,,,,,,,,,,,,,,,,,,,,,,,,,,,,33.333,0.012,6.455,0.047,,,,,,,,,,,,,,,,,,,,,,,,,,,,,,,,,,,,,,,
Hungary,1903,HUN,7257247.0,,,,,,,,,,,,,,,,,3.293,0.737,3186.851,23.128,,,,,,,,,,,,,,,,,,,,,,,,,0.0,0.0,0.0,,,,,,,,,,,,,,,,,,,,,,,,,,,,,,,,,,,,-25.0,-0.012,4.808,0.035,,,,,,,,,,,,,,,,,,,,,,,,,,,,,,,,,,,,,,,
Hungary,1904,HUN,7307841.0,,,,,,,,,,,,,,,,,2.27,0.525,3236.641,23.653,,,,,,,,,,,,,,,,,,,,,,,,,0.0,0.0,0.0,,,,,,,,,,,,,,,,,,,,,,,,,,,,,,,,,,,,-33.333,-0.012,3.183,0.023,,,,,,,,,,,,,,,,,,,,,,,,,,,,,,,,,,,,,,,
Hungary,1905,HUN,7358788.0,,,,,,,,,,,,,,,,,4.274,1.011,3351.612,24.664,,,,,,,,,,,,,,,,,,,,,,,,,0.0,0.0,0.0,,,,,,,,,,,,,,,,,,,,,,,,,,,,,,,,,,,,150.0,0.035,7.902,0.058,,,,,,,,,,,,,,,,,,,,,,,,,,,,,,,,,,,,,,,
Hungary,1906,HUN,7410090.0,,,,,,,,,,,,,,,,,6.407,1.58,3541.656,26.244,,,,,,,,,,,,,,,,,,,,,,,,,0.0,0.0,0.0,,,,,,,,,,,,,,,,,,,,,,,,,,,,,,,,,,,,-40.0,-0.023,4.708,0.035,,,,,,,,,,,,,,,,,,,,,,,,,,,,,,,,,,,,,,,
Hungary,1907,HUN,7461749.0,,,,,,,,,,,,,,,,,1.221,0.32,3560.065,26.564,,,,,,,,,,,,,,,,,,,,,,,,,0.0,0.0,0.0,,,,,,,,,,,,,,,,,,,,,,,,,,,,,,,,,,,,-33.333,-0.012,3.117,0.023,,,,,,,,,,,,,,,,,,,,,,,,,,,,,,,,,,,,,,,
Hungary,1908,HUN,7513769.0,,,,,,,,,,,,,,,,,6.973,1.852,3781.925,28.417,,,,,,,,,,,,,,,,,,,,,,,,,0.0,0.0,0.0,,,,,,,,,,,,,,,,,,,,,,,,,,,,,,,,,,,,0.0,0.0,3.096,0.023,,,,,,,,,,,,,,,,,,,,,,,,,,,,,,,,,,,,,,,
Hungary,1909,HUN,7561436.0,,,,,,,,,,,,,,,,,8.874,2.522,4091.56,30.938,,,,,,,,,,,,,,,,,,,,,,,,,0.0,0.0,0.0,,,,,,,,,,,,,,,,,,,,,,,,,,,,,,,,,,,,50.0,0.012,4.614,0.035,,,,,,,,,,,,,,,,,,,,,,,,,,,,,,,,,,,,,,,
Hungary,1910,HUN,7604701.0,24369072128.0,,,,,,,,,,,,,,,,-0.634,-0.196,4042.476,30.742,,,,,,,,,,,,,,,,,,,,,,,,,0.0,0.0,0.0,,,,,,,,,,,,,,,,,,,,,,,,,,,,,,,,,,,,0.0,0.0,4.588,0.035,,,,,,,,,,,,,,,,,,,,,,,,,,,,,,,,,,,,,,,
Hungary,1911,HUN,7643515.0,,,,,,,,,,,,,,,,,3.695,1.136,4170.578,31.878,,,,,,,,,,,,,,,,,,,,,,,,,0.0,0.0,0.0,,,,,,,,,,,,,,,,,,,,,,,,,,,,,,,,,,,,-33.333,-0.012,3.043,0.023,,,,,,,,,,,,,,,,,,,,,,,,,,,,,,,,,,,,,,,
Hungary,1912,HUN,7677830.0,,,,,,,,,,,,,,,,,2.235,0.713,4244.747,32.59,,,,,,,,,,,,,,,,,,,,,,,,,0.0,0.0,0.0,,,,,,,,,,,,,,,,,,,,,,,,,,,,,,,,,,,,50.0,0.012,4.544,0.035,,,,,,,,,,,,,,,,,,,,,,,,,,,,,,,,,,,,,,,
Hungary,1913,HUN,7707596.0,26216960000.0,,,,,,,,,,,,,,,,6.706,2.185,4511.894,34.776,,,,,,,,,,,,,,,,,,,,,,,,,0.0,0.0,0.0,,,,,,,,,,,,,,,,,,,,,,,,,,,,,,,,,,,,-33.333,-0.012,3.018,0.023,,,,,,,,,,,,,,,,,,,,,,,,,,,,,,,,,,,,,,,
Hungary,1914,HUN,7737477.0,,,,,,,,,,,,,,,,,-10.754,-3.74,4011.145,31.036,,,,,,,,,,,,,,,,,,,,,,,,,0.0,0.0,0.0,,,,,,,,,,,,,,,,,,,,,,,,,,,,,,,,,,,,100.0,0.023,6.012,0.047,,,,,,,,,,,,,,,,,,,,,,,,,,,,,,,,,,,,,,,
Hungary,1915,HUN,7767474.0,,,,,,,,,,,,,,,,,1.379,0.428,4050.773,31.464,,,,,,,,,,,,,,,,,,,,,,,,,0.0,0.0,0.0,,,,,,,,,,,,,,,,,,,,,,,,,,,,,,,,,,,,75.0,0.035,10.481,0.081,,,,,,,,,,,,,,,,,,,,,,,,,,,,,,,,,,,,,,,
Hungary,1916,HUN,7797587.0,,,,,,,,,,,,,,,,,-0.557,-0.175,4012.664,31.289,,,,,,,,,,,,,,,,,,,,,,,,,0.0,0.0,0.0,,,,,,,,,,,,,,,,,,,,,,,,,,,,,,,,,,,,-14.286,-0.012,8.949,0.07,,,,,,,,,,,,,,,,,,,,,,,,,,,,,,,,,,,,,,,
Hungary,1917,HUN,7827817.0,,,,,,,,,,,,,,,,,-1.746,-0.546,3927.391,30.743,,,,,,,,,,,,,,,,,,,,,,,,,0.0,0.0,0.0,,,,,,,,,,,,,,,,,,,,,,,,,,,,,,,,,,,,50.0,0.035,13.372,0.105,,,,,,,,,,,,,,,,,,,,,,,,,,,,,,,,,,,,,,,
Hungary,1918,HUN,7858603.0,,,,,,,,,,,,,,,,,-6.806,-2.092,3645.77,28.651,,,,,,,,,,,,,,,,,,,,,,,,,0.0,0.0,0.0,,,,,,,,,,,,,,,,,,,,,,,,,,,,,,,,,,,,-100.0,-0.105,0.0,0.0,,,,,,,,,,,,,,,,,,,,,,,,,,,,,,,,,,,,,,,
Hungary,1919,HUN,7896685.0,,,,,,,,,,,,,,,,,-53.111,-15.217,1701.236,13.434,,,,,,,,,,,,,,,,,,,,,,,,,0.0,0.0,0.0,,,,,,,,,,,,,,,,,,,,,,,,,,,,,,,,,,,,,0.0,0.0,0.0,,,,,,,,,,,,,,,,,,,,,,,,,,,,,,,,,,,,,,,
Hungary,1920,HUN,7942153.0,21655799808.0,,,,,,,,,,,,,,,,27.857,3.742,2162.703,17.177,,,,,,,,,,,,,,,,,,,,,,,,,0.0,0.0,0.0,,,,,,,,,,,,,,,,,,,,,,,,,,,,,,,,,,,,,0.0,0.0,0.0,,,,,,,,,,,,,,,,,,,,,,,,,,,,,,,,,,,,,,,
Hungary,1921,HUN,7995099.0,,,,,,,,,,,,,,,,,28.557,4.905,2761.892,22.082,,,,,,,,,,,,,,,,,,,,,,,,,0.0,0.0,0.0,,,,,,,,,,,,,,,,,,,,,,,,,,,,,,,,,,,,,0.0,0.0,0.0,,,,,,,,,,,,,,,,,,,,,,,,,,,,,,,,,,,,,,,
Hungary,1922,HUN,8055612.0,,,,,,,,,,,,,,,,,12.991,2.869,3097.236,24.95,,,,,,,,,,,,,,,,,,,,,,,,,0.0,0.0,0.0,,,,,,,,,,,,,,,,,,,,,,,,,,,,,,,,,,,,,0.0,0.0,0.0,,,,,,,,,,,,,,,,,,,,,,,,,,,,,,,,,,,,,,,
Hungary,1923,HUN,8123785.0,,,,,,,,,,,,,,,,,8.522,2.126,3332.962,27.076,,,,,,,,,,,,,,,,,,,,,,,,,0.0,0.0,0.0,,,,,,,,,,,,,,,,,,,,,,,,,,,,,,,,,,,,,0.0,0.0,0.0,,,,,,,,,,,,,,,,,,,,,,,,,,,,,,,,,,,,,,,
Hungary,1924,HUN,8192535.0,25091135488.0,,,,,,,,,,,,,,,,-7.773,-2.105,3048.106,24.972,,,,,,,,,,,,,,,,,,,,,,,,,0.0,0.0,0.0,,,,,,,,,,,,,,,,,,,,,,,,,,,,,,,,,,,,,0.0,0.0,0.0,,,,,,,,,,,,,,,,,,,,,,,,,,,,,,,,,,,,,,,
Hungary,1925,HUN,8261866.0,30150266880.0,,,,,,,,,,,,,,,,-10.08,-2.517,2717.852,22.455,,,,,,,,,,,,,,,,,,,,,,,,,0.0,0.0,0.0,,,,,,,,,,,,,,,,,,,,,,,,,,,,,,,,,,,,,0.0,0.0,0.0,,,,,,,,,,,,,,,,,,,,,,,,,,,,,,,,,,,,,,,
Hungary,1926,HUN,8331785.0,28887818240.0,,,,,,,,,,,,,,,,5.057,1.135,2831.325,23.59,,,,,,,,,,,,,,,,,,,,,,,,,0.0,0.0,0.0,,,,,,,,,,,,,,,,,,,,,,,,,,,,,,,,,,,,,0.0,0.0,0.0,,,,,,,,,,,,,,,,,,,,,,,,,,,,,,,,,,,,,,,
Hungary,1927,HUN,8402295.0,30146963456.0,,,,,,,,,,,,,,,,5.263,1.241,2955.32,24.831,,,,,,,,,,,,,,,,,,,,,,,,,0.0,0.0,0.0,,,,,,,,,,,,,,,,,,,,,,,,,,,,,,,,,,,,,0.0,0.0,0.0,,,,,,,,,,,,,,,,,,,,,,,,,,,,,,,,,,,,,,,
Hungary,1928,HUN,8473402.0,32793479168.0,,,,,,,,,,,,,,,,3.585,0.89,3035.592,25.722,,,,,,,,,,,,,,,,,,,,,,,,,0.0,0.0,0.0,,,,,,,,,,,,,,,,,,,,,,,,,,,,,,,,,,,,,0.0,0.0,0.0,,,,,,,,,,,,,,,,,,,,,,,,,,,,,,,,,,,,,,,
Hungary,1929,HUN,8542835.0,33877100544.0,,,,,,,,,,,,,,,,7.824,2.012,3246.489,27.734,,,,,,,,,,,,,,,,,,,,,,,,,0.0,0.0,0.0,,,,,,,,,,,,,,,,,,,,,,,,,,,,,,,,,,,,,0.0,0.0,0.0,,,,,,,,,,,,,,,,,,,,,,,,,,,,,,,,,,,,,,,
Hungary,1930,HUN,8610564.0,33142968320.0,,,,,,,,,,,,,,,,-10.869,-3.014,2870.86,24.72,,,,,,,,,,,,,,,,,,,,,,,,,0.0,0.0,0.0,,,,,,,,,,,,,,,,,,,,,,,,,,,,,,,,,,,,,0.0,0.0,0.0,,,,,,,,,,,,,,,,,,,,,,,,,,,,,,,,,,,,,,,
Hungary,1931,HUN,8676559.0,31533645824.0,,,,,,,,,,,,,,,,-1.562,-0.386,2804.51,24.334,,,,,,,,,,,,,,,,,,,,,,,,,0.0,0.0,0.0,,,,,,,,,,,,,,,,,,,,,,,,,,,,,,,,,,,,,0.0,0.0,0.0,,,,,,,,,,,,,,,,,,,,,,,,,,,,,,,,,,,,,,,
Hungary,1932,HUN,8740788.0,30694789120.0,,,,,,,,,,,,,,,,-0.269,-0.065,2776.42,24.268,,,,,,,,,,,,,,,,,,,,,,,,,0.0,0.0,0.0,,,,,,,,,,,,,,,,,,,,,,,,,,,,,,,,,,,,,0.0,0.0,0.0,,,,,,,,,,,,,,,,,,,,,,,,,,,,,,,,,,,,,,,
Hungary,1933,HUN,8803220.0,33480830976.0,,,,,,,,,,,,,,,,-2.134,-0.518,2697.914,23.75,,,,,,,,,,,,,,,,,,,,,,,,,0.0,0.0,0.0,,,,,,,,,,,,,,,,,,,,,,,,,,,,,,,,,,,,,0.0,0.0,0.0,,,,,,,,,,,,,,,,,,,,,,,,,,,,,,,,,,,,,,,
Hungary,1934,HUN,8866098.0,33695981568.0,,,,,,,,,,,,,,,,3.328,0.79,2767.934,24.541,,,,,,,,,,,,,,,,,,,,,,,,,0.0,0.0,0.0,,,,,,,,,,,,,,,,,,,,,,,,,,,,,,,,,,,,,0.0,0.0,0.0,,,,,,,,,,,,,,,,,,,,,,,,,,,,,,,,,,,,,,,
Hungary,1935,HUN,8929425.0,35391913984.0,,,,,,,,,,,,,,,,8.442,2.072,2980.306,26.612,,,,,,,,,,,,,,,,,,,,,,,,,0.0,0.0,0.0,,,,,,,,,,,,,,,,,,,,,,,,,,,,,,,,,,,,,0.0,0.0,0.0,,,,,,,,,,,,,,,,,,,,,,,,,,,,,,,,,,,,,,,
Hungary,1936,HUN,8993204.0,37748957184.0,,,,,,,,,,,,,,,,5.012,1.334,3107.474,27.946,,,,,,,,,,,,,,,,,,,,,,,,,0.0,0.0,0.0,,,,,,,,,,,,,,,,,,,,,,,,,,,,,,,,,,,,,0.0,0.0,0.0,,,,,,,,,,,,,,,,,,,,,,,,,,,,,,,,,,,,,,,
Hungary,1937,HUN,9057438.0,36910669824.0,,,,,,,,,,,,,,,,13.033,3.642,3487.554,31.588,,,,,,,,,,,,,,,,,,,,,,,,,0.0,0.0,0.0,,,,,,,,,,,,,,,,,,,,,,,,,,,,,,,,,,,,,0.023,2.568,0.023,,,,,,,,,,,,,,,,,,,,,,,,,,,,,,,,,,,,,,,
Hungary,1938,HUN,9122132.0,38794743808.0,,,,,,,,,,,,,,,,4.518,1.427,3619.259,33.015,,,,,,,,,,,,,,,,,,,,,,,,,0.0,0.0,0.0,,,,,,,,,,,,,,,,,,,,,,,,,,,,,,,,,,,,2050.0,0.477,54.822,0.5,,,,,,,,,,,,,,,,,,,,,,,,,,,,,,,,,,,,,,,
Hungary,1939,HUN,9175084.0,41742946304.0,,,,,,,,,,,,,,,,13.381,4.418,4079.88,37.433,,,,,,,,,,,,,,,,,,,,,,,,,0.0,0.0,0.0,,,,,,,,,,,,,,,,,,,,,,,,,,,,,,,,,,,,234.884,1.175,182.529,1.675,,,,,,,,,,,,,,,,,,,,,,,,,,,,,,,,,,,,,,,
Hungary,1940,HUN,9216204.0,38875381760.0,,,,,,,,,,,,,,,,7.065,2.645,4348.63,40.078,,,,,,,,,,,,,,,,,,,,,,,,,0.0,0.0,0.0,,,,,,,,,,,,,,,,,,,,,,,,,,,,,,,,,,,,76.389,1.279,320.525,2.954,,,,,,,,,,,,,,,,,,,,,,,,,,,,,,,,,,,,,,,
Hungary,1941,HUN,9245400.0,39113981952.0,,,,,,,,,,,,,,,,7.811,3.13,4673.478,43.208,,,,,,,,,,,,,,,,,,,,,,,,,0.0,0.0,0.0,,,,,,,,,,,,,,,,,,,,,,,,,,,,,,,,,,,,66.142,1.954,530.843,4.908,,,,,,,,,,,,,,,,,,,,,,,,,,,,,,,,,,,,,,,
Hungary,1942,HUN,9262582.0,41079312384.0,,,,,,,,,,,,,,,,1.653,0.714,4741.905,43.922,,,,,,,,,,,,,,,,,,,,,,,,,0.0,0.0,0.0,,,,,,,,,,,,,,,,,,,,,,,,,,,,,,,,,,,,57.82,2.838,836.223,7.746,,,,,,,,,,,,,,,,,,,,,,,,,,,,,,,,,,,,,,,
Hungary,1943,HUN,9267656.0,,,,,,,,,,,,,,,,,-2.158,-0.948,4637.046,42.975,,,,,,,,,,,,,,,,,,,,,,,,,0.0,0.0,0.0,,,,,,,,,,,,,,,,,,,,,,,,,,,,,,,,,,,,25.976,2.012,1052.863,9.758,,,,,,,,,,,,,,,,,,,,,,,,,,,,,,,,,,,,,,,
Hungary,1944,HUN,9272733.0,,,,,,,,,,,,,,,,,-20.118,-8.646,3702.146,34.329,,,,,,,,,,,,,,,,,,,,,,,,,0.0,0.0,0.0,,,,,,,,,,,,,,,,,,,,,,,,,,,,,,,,,,,,-0.715,-0.07,1044.761,9.688,,,,,,,,,,,,,,,,,,,,,,,,,,,,,,,,,,,,,,,
Hungary,1945,HUN,9277812.0,,,,,,,,,,,,,,,,,-55.105,-18.917,1661.181,15.412,,,,,,,,,,,,,,,,,,,,,,,,,0.0,0.0,0.0,,,,,,,,,,,,,,,,,,,,,,,,,,,,,,,,,,,,-21.369,-2.07,821.061,7.618,,,,,,,,,,,,,,,,,,,,,,,,,,,,,,,,,,,,,,,
Hungary,1946,HUN,9282895.0,24802205696.0,,,,,,,,,,,,,,,,45.691,7.042,2418.869,22.454,,,,,,,,,,,,,,,,,,,,,,,,,1.04,112.083,1.04,,,,,,,,,,,,,,,,,,,,,,,,,,,,,,,,,,,,4.58,0.349,858.197,7.967,,,,,,,,,,,,,,,,,,,,,,,,,,,,,,,,,,,,,,,
Hungary,1947,HUN,9287980.0,25675411456.0,,,,,,,,,,,,,,,,38.972,8.751,3359.701,31.205,,,,,,,,,,,,,,,,,,,,,,,,10.989,0.114,124.332,1.155,,,,,,,,,,,,,,,,,,,,,,,,,,,,,,,,,,,,-16.788,-1.337,713.729,6.629,,,,,,,,,,,,,,,,,,,,,,,,,,,,,,,,,,,,,,,
Hungary,1948,HUN,9293068.0,32117106688.0,,,,,,,,,,,,,,,,20.351,6.351,4041.237,37.555,,,,,,,,,,,,,,,,,,,,,,,,216.832,2.504,393.707,3.659,,,,,,,,,,,,,,,,,,,,,,,,,,,,,,,,,,,,-14.912,-0.989,606.963,5.641,,,,,,,,,,,,,,,,,,,,,,,,,,,,,,,,,,,,,,,
Hungary,1949,HUN,9309618.0,34706001920.0,,,,,,,,,,,,,,,,11.495,4.317,4497.765,41.872,,,,,,,,,,,,,,,,,,,,,,,,16.25,0.595,456.871,4.253,,,,,,,,,,,,,,,,,,,,,,,,,,,,,,,,,,,,4.33,0.244,632.118,5.885,,,,,,,,,,,,,,,,,,,,,,,,,,,,,,,,,,,,,,,
Hungary,1950,HUN,9337718.0,36913115136.0,,,,,,,,,,,,,,,,11.686,4.893,5008.278,46.766,,,,,,,,,,,,,,,,,,,,,,,,2.419,0.103,466.516,4.356,,,,,,,,,,,,,,,,,,,,,,,,,,,,,,,,,,,,1.186,0.07,637.689,5.955,,,,,,,,,,,,,,,,,,,,,,,,,,,,,,,,,,,,,,,
Hungary,1951,HUN,9423047.0,40481206272.0,,,,,,,,,,,,,,,,15.109,7.066,5712.761,53.832,,,,,,,,,,,,,,,,,,,,,,,,6.299,0.274,491.412,4.631,,,,,,,,,,,,,,,,,,,,,,,,,,,,,,,,,,,,-2.539,-0.151,615.87,5.803,,,,,,,,,,,,,,,,,,,,,,,,,,,,,,,,,,,,,,,
Hungary,1952,HUN,9503843.0,41846112256.0,,,,,,,,,,,,,,,,21.03,11.321,6855.37,65.152,,,,,,,,,,,,,,,,,,,,,,,,23.457,1.086,601.524,5.717,,,,,,,,,,,,,,,,,,,,,,,,,,,,,,,,,,,,19.84,1.151,731.782,6.955,,,,,,,,,,,,,,,,,,,,,,,,,,,,,,,,,,,,,,,
Hungary,1953,HUN,9594226.0,42611396608.0,,,,,,,,,,,,,,,,13.248,8.631,7690.436,73.784,,,,,,,,,,,,,,,,,,,,,,,,9.8,0.56,654.251,6.277,,,,,,,,,,,,,,,,,,,,,,,,,,,,,,,,,,,,41.472,2.884,1025.51,9.839,,,,,,,,,,,,,,,,,,,,,,,,,,,,,,,,,,,,,,,
Hungary,1954,HUN,9704531.0,44094357504.0,,,,,,,,,,,,,,,,3.142,2.318,7841.917,76.102,,,,,,,,,,,,,,,,,,,,,,,,1.639,0.103,657.419,6.38,,,,,,,,,,,,,,,,,,,,,,,,,,,,,,,,,,,,43.853,4.315,1458.464,14.154,,,,,,,,,,,,,,,,,,,,,,,,,,,,,,,,,,,,,,,
Hungary,1955,HUN,9823339.0,48083550208.0,,,,,,,,,,,,,,,,3.886,2.958,8048.156,79.06,,,,,,,,,,,,,,,,,,,,,,,,-2.33,-0.149,634.336,6.231,,,,,,,,,,,,,,,,,,,,,,,,,,,,,,,,,,,,31.553,4.466,1895.448,18.62,,,,,,,,,,,,,,,,,,,,,,,,,,,,,,,,,,,,,,,
Hungary,1956,HUN,9854134.0,45907750912.0,,,,,,,,,,,,,,,,-7.905,-6.249,7388.825,72.81,,,,,,,,,,,,,,,,,,,,,,,,-17.064,-1.063,524.448,5.168,,,,,,,,,,,,,,,,,,,,,,,,,,,,,,,,,,,,-24.922,-4.64,1418.619,13.979,,,,,,,,,,,,,,,,,,,,,,,,,,,,,,,,,,,,,,,
Hungary,1957,HUN,9837654.0,49696788480.0,,,,,,,,,,,,,,,,2.703,1.968,7601.25,74.778,,,,,,,,,,,,,,,,,,,,,,,,-9.071,-0.469,477.675,4.699,,,,,,,,,,,,,,,,,,,,,,,,,,,,,,,,,,,,-43.844,-6.129,797.98,7.85,,,,,,,,,,,,,,,,,,,,,,,,,,,,,,,,,,,,,,,
Hungary,1958,HUN,9879817.0,53036695552.0,,,,,,,,,,,,,,,,14.37,10.745,8656.422,85.524,,,,,,,,,,,,,,,,,,,,,,,,-8.759,-0.412,433.975,4.288,,,,,,,,,,,,,,,,,,,,,,,,,,,,,,,,,,,,22.963,1.803,977.032,9.653,,,,,,,,,,,,,,,,,,,,,,,,,,,,,,,,,,,,,,,
Hungary,1959,HUN,9936025.0,55180161024.0,,,,,,,,,,,,,,,,4.582,3.919,9001.83,89.442,,,,,,,,,,,,,,,,,,,,,,,,-10.933,-0.469,384.34,3.819,,,,,,,,,,,,,,,,,,,,,,,,,,,,,,,,,,,,24.819,2.396,1212.626,12.049,,,,,,,,,,,,,,,,,,,,,,,,,,,,,,,,,,,,,,,
Hungary,1960,HUN,9982618.0,58064105472.0,,,,,,,,,,,,,,,,4.589,4.105,9370.994,93.547,,,,,,,,,,,,,,,,,,,,,,,,2.395,0.091,391.709,3.91,,,,,,,,,,,,,,,,,,,,,,,,,,,,,,,,,,,,17.471,2.105,1417.836,14.154,,,,,,,,,,,,,,,,,,,,,,,,,,,,,,,,,,,,,,,
Hungary,1961,HUN,10025842.0,61006405632.0,,,,,,,,,,,,,,,,6.284,5.879,9916.947,99.426,,,,,,,,,,,,,,,,,,,,,,,,-5.263,-0.206,369.493,3.704,,,,,,,,,,,,,,,,,,,,,,,,,,,,,,,,,,,,19.721,2.791,1690.123,16.945,,,,,,,,,,,,,,,,,,,,,,,,,,,,,,,,,,,,,,,
Hungary,1962,HUN,10057460.0,63547846656.0,,,,,,,,,,,,,,,,1.951,1.94,10078.649,101.366,,,,,,,,,,,,,,,,,,,,,,,,4.938,0.183,386.521,3.887,,,,,,,,,,,,,,,,,,,,,,,,,,,,,,,,,,,,12.629,2.14,1897.579,19.085,,,,,,,,,,,,,,,,,,,,,,,,,,,,,,,,,,,,,,,
Hungary,1963,HUN,10083331.0,67044605952.0,,,,,,,,,,,,,,,,6.564,6.653,10712.614,108.019,,,,,,,,,,,,,,,,,,,,,,,,80.0,3.11,693.952,6.997,,,,,,,,,,,,,,,,,,,,,,,,,,,,,,,,,,,,7.008,1.337,2025.35,20.422,,,,,,,,,,,,,,,,,,,,,,,,,,,,,,,,,,,,,,,
Hungary,1964,HUN,10114177.0,70807257088.0,,,,,,,,,,,,,,,,3.822,4.128,11088.117,112.147,,,,,,,,,,,,,,,,,,,,,,,,28.105,1.967,886.274,8.964,,,,,,,,,,,,,,,,,,,,,,,,,,,,,,,,,,,,2.563,0.523,2070.918,20.946,,,,,,,,,,,,,,,,,,,,,,,,,,,,,,,,,,,,,,,
Hungary,1965,HUN,10140858.0,71364976640.0,,,,,,,,,,,,12512.087,126.883,,,-0.084,-0.095,11049.614,112.053,,68.595,,,,,,18240.607,2.592,,,,,18218.738,184.754,,99.88,,,13.597,,,1340.838,41.327,3.704,1249.244,12.668,,7.351,,,,0.222,7.396,0.075,21.869,,0.12,,,0.222,0.0,0.0,21.869,,0.12,,,,,0.0,0.0,0.0,0.0,,0.0,,,44.273,,,4365.813,0.111,0.023,2067.763,20.969,,23.935,,,,,,,,,,,,,184.975,,,0.222,,,21.869,,0.12,,,,,,,,,,,,,,,,
Hungary,1966,HUN,10170086.0,75426856960.0,,,,,,,,,,-4.097,-5.199,11964.961,121.685,,,-3.305,-3.704,10653.678,108.349,,64.911,,,,1.345,2.487,18432.77,2.485,1.306,2.414,,,18403.693,187.167,,99.842,23.968,3.259,16.856,,,1657.434,40.162,5.088,1745.939,17.756,,8.992,,33.333,0.074,0.296,9.833,0.1,29.075,,0.158,33.333,0.074,0.296,0.0,0.0,29.075,,0.158,,,,0.0,0.0,0.0,0.0,0.0,,0.0,9.832,4.353,48.626,,,4781.298,-5.435,-1.14,1949.752,19.829,,25.939,,,,,,,,,,,,,187.463,33.333,0.074,0.296,,,29.075,,0.158,,,,,,,,,,,,,,,,
Hungary,1967,HUN,10206829.0,79752912896.0,,,,,,,,,,-13.247,-16.119,10342.636,105.566,,,-26.217,-28.406,7832.282,79.943,,59.011,,,,-4.572,-8.57,17526.738,2.243,-4.551,-8.517,,,17502.982,178.65,,99.864,28.349,4.778,21.635,,,2119.635,31.681,5.625,2290.787,23.382,,12.094,,-18.0,-0.053,0.242,8.034,0.082,23.756,,0.136,-18.0,-0.053,0.242,0.0,0.0,23.756,,0.136,,,,0.0,0.0,0.0,0.0,0.0,,0.0,5.806,2.823,51.45,,,5040.712,-1.114,-0.221,1921.084,19.608,,28.76,,,,,,,,,,,,,178.892,-18.0,-0.053,0.242,,,23.756,,0.136,,,,,,,,,,,,,,,,
Hungary,1968,HUN,10244346.0,80722755584.0,,,,,,,,,,-1.3,-1.372,10170.797,104.193,,,22.032,17.613,9522.914,97.556,,56.137,,,,3.753,6.713,18117.885,2.299,3.746,6.693,,,18092.195,185.343,,99.858,25.858,5.594,27.229,,,2657.954,31.247,7.306,2995.578,30.688,,14.67,,8.537,0.021,0.263,8.688,0.089,25.689,,0.142,8.537,0.021,0.263,0.0,0.0,25.689,,0.142,,,,0.0,0.0,0.0,0.0,0.0,,0.0,4.802,2.471,53.921,,,5263.444,7.177,1.407,2051.416,21.015,,29.051,,,,,,,,,,,,,185.606,8.537,0.021,0.263,,,25.689,,0.142,,,,,,,,,,,,,,,,
Hungary,1969,HUN,10281127.0,83133407232.0,,,,,,,,,,1.496,1.558,10285.991,105.752,,,-2.628,-2.564,9239.497,94.992,,53.205,,,,7.088,13.157,19332.748,2.391,7.089,13.139,,,19305.424,198.482,,99.859,19.05,5.187,32.416,,,3152.962,20.529,6.3,3597.625,36.988,,16.309,,6.742,0.018,0.281,9.24,0.095,27.323,,0.141,6.742,0.018,0.281,0.0,0.0,27.323,,0.141,,,,0.0,0.0,0.0,0.0,0.0,,0.0,11.857,6.393,60.314,,,5866.472,-2.933,-0.616,1984.123,20.399,,30.345,,,,,,,,,,,,,198.762,6.742,0.018,0.281,,,27.323,,0.141,,,,,,,,,,,,,,,,
Hungary,1970,HUN,10315367.0,82851086336.0,,,,,,,,,,1.628,1.721,10418.711,107.473,,,4.789,4.549,9649.797,99.541,,50.188,,,,7.736,15.377,20759.289,2.585,7.758,15.398,,,20734.062,213.879,,99.878,12.145,3.937,36.353,,,3524.16,7.233,2.675,3845.05,39.663,,16.976,,-7.368,-0.021,0.26,8.531,0.088,25.226,,0.122,-7.368,-0.021,0.26,0.0,0.0,25.226,,0.122,,,,0.0,0.0,0.0,0.0,0.0,,0.0,16.148,9.74,70.054,,,6791.192,10.433,2.128,2183.859,22.527,,32.714,,,,,,,,,,,,,214.14,-7.368,-0.021,0.26,,,25.226,,0.122,,,,,,,,,,,,,,,,
Hungary,1971,HUN,10345368.0,86536290304.0,,,,,,,,,,-3.203,-3.442,10055.741,104.03,,,-1.638,-1.63,9464.217,97.911,,47.052,,,,3.249,6.957,21371.594,2.555,3.242,6.934,,,21344.154,220.813,,99.872,4.133,1.502,37.855,,,3659.174,6.803,2.698,4094.724,42.361,,17.122,,9.091,0.024,0.284,9.28,0.096,27.439,,0.128,9.091,0.024,0.284,0.0,0.0,27.439,,0.128,,,,0.0,0.0,0.0,0.0,0.0,,0.0,12.667,8.874,78.927,,,7629.239,0.929,0.209,2197.761,22.737,,35.698,,,,,,,,,,,,,221.097,9.091,0.024,0.284,,,27.439,,0.128,,,,,,,,,,,,,,,,
Hungary,1972,HUN,10376619.0,88401747968.0,,,,,,,,,,-2.817,-2.931,9743.019,101.1,,,-5.821,-5.699,8886.495,92.212,,44.288,,,,3.248,7.181,21999.264,2.582,3.233,7.14,,,21967.92,227.953,,99.858,7.936,3.004,40.86,,,3937.675,10.283,4.356,4502.2,46.718,,17.899,,14.583,0.041,0.325,10.601,0.11,31.346,,0.142,14.583,0.041,0.325,0.0,0.0,31.346,,0.142,,,,0.0,0.0,0.0,0.0,0.0,,0.0,8.953,7.066,85.993,,,8287.226,1.125,0.256,2215.8,22.993,,37.67,,,,,,,,,,,,,228.278,14.583,0.041,0.325,,,31.346,,0.142,,,,,,,,,,,,,,,,
Hungary,1973,HUN,10410508.0,92999778304.0,,,,,,,,,,0.518,0.523,9761.573,101.623,,,3.124,2.88,9134.235,95.092,,41.111,,,,8.286,18.916,23744.668,2.658,8.31,18.943,,,23715.98,246.895,,99.879,18.748,7.66,48.52,,,4660.699,17.988,8.404,5294.775,55.121,,19.628,,-8.182,-0.027,0.299,9.702,0.101,28.688,,0.121,-8.182,-0.027,0.299,0.0,0.0,28.688,,0.121,,,,0.0,0.0,0.0,0.0,0.0,,0.0,12.511,10.759,96.752,,,9293.706,0.607,0.14,2221.992,23.132,,39.14,,,,,,,,,,,,,247.194,-8.182,-0.027,0.299,,,28.688,,0.121,,,,,,,,,,,,,,,,
Hungary,1974,HUN,10457951.0,95403761664.0,,,,,,,,,,-4.623,-4.699,9268.012,96.924,,,-3.898,-3.707,8738.371,91.385,,38.045,,,,3.061,7.567,24360.549,2.67,3.089,7.627,,,24337.646,254.522,,99.906,6.503,3.155,51.675,,,4941.264,5.663,3.121,5569.224,58.243,,20.284,,-19.802,-0.059,0.24,7.745,0.081,22.903,,0.094,-19.802,-0.059,0.24,0.0,0.0,22.903,,0.094,,,,0.0,0.0,0.0,0.0,0.0,,0.0,9.478,9.17,105.922,,,10128.37,0.402,0.093,2220.809,23.225,,41.577,,,,,,,,,,,,,254.761,-19.802,-0.059,0.24,,,22.903,,0.094,,,,,,,,,,,,,,,,
Hungary,1975,HUN,10520241.0,97450934272.0,,,,,,,,,,-4.728,-4.582,8777.574,92.342,,,-3.492,-3.191,8383.271,88.194,,34.236,,,,5.871,14.958,25638.094,2.768,5.781,14.715,,,25592.279,269.237,,99.821,11.084,5.728,57.403,,,5456.458,1.728,1.006,5631.888,59.249,,21.283,,101.235,0.242,0.482,15.494,0.163,45.815,,0.179,101.235,0.242,0.482,0.0,0.0,45.815,,0.179,,,,0.0,0.0,0.0,0.0,0.0,,0.0,12.811,13.569,119.491,,,11358.247,0.451,0.105,2217.609,23.33,,44.302,,,,,,,,,,,,,269.719,101.235,0.242,0.482,,,45.815,,0.179,,,,,,,,,,,,,,,,
Hungary,1976,HUN,10578511.0,97744560128.0,,,,,,,,,,1.322,1.221,8844.661,93.563,,,1.304,1.15,8445.844,89.344,,32.47,,,,6.835,18.436,27239.627,2.948,6.845,18.43,,,27193.506,287.667,,99.831,20.076,11.524,68.927,,,6515.78,17.368,10.29,6573.614,69.539,,23.92,,1.227,0.006,0.488,15.598,0.165,46.122,,0.169,1.227,0.006,0.488,0.0,0.0,46.122,,0.169,,,,0.0,0.0,0.0,0.0,0.0,,0.0,4.757,5.685,125.176,,,11833.066,6.78,1.582,2354.912,24.911,,43.441,,,,,,,,,,,,,288.155,1.227,0.006,0.488,,,46.122,,0.169,,,,,,,,,,,,,,,,
Hungary,1977,HUN,10627916.0,103871971328.0,,,,,,,,,,1.715,1.605,8954.558,95.168,,,0.737,0.659,8468.574,90.003,,31.411,,,,5.145,14.825,28507.908,2.917,5.17,14.872,,,28466.453,302.539,,99.855,7.765,5.353,74.28,,,6989.117,8.698,6.048,7112.157,75.587,,24.516,,-9.697,-0.047,0.441,14.02,0.149,41.456,,0.145,-9.697,-0.047,0.441,0.0,0.0,41.456,,0.145,,,,0.0,0.0,0.0,0.0,0.0,,0.0,6.323,7.915,133.091,,,12522.776,2.288,0.57,2397.585,25.481,,43.927,,,,,,,,,,,,,302.98,-9.697,-0.047,0.441,,,41.456,,0.145,,,,,,,,,,,,,,,,
Hungary,1978,HUN,10664861.0,106380779520.0,,,,,,,,,,-0.098,-0.093,8914.813,95.075,,,0.854,0.769,8511.319,90.772,,29.341,,,,6.95,21.058,30383.674,3.046,6.971,21.091,,,30345.412,323.63,,99.874,9.507,7.062,81.341,,,7627.033,11.118,8.404,7875.499,83.991,,25.102,,-7.383,-0.033,0.408,12.94,0.138,38.263,,0.126,-7.383,-0.033,0.408,0.0,0.0,38.263,,0.126,,,,0.0,0.0,0.0,0.0,0.0,,0.0,10.611,14.122,147.213,,,13803.565,0.411,0.105,2399.094,25.586,,45.431,,,,,,,,,,,,,324.038,-7.383,-0.033,0.408,,,38.263,,0.126,,,,,,,,,,,,,,,,
Hungary,1979,HUN,10692722.0,106597203968.0,,,,,,,,,,0.771,0.733,8960.107,95.808,,,0.023,0.021,8491.111,90.793,,29.859,,,,-0.977,-3.166,30008.422,3.01,-0.986,-3.19,,,29968.045,320.44,,99.865,5.632,4.581,85.922,,,8035.583,-11.231,-9.433,6972.816,74.558,,26.778,,5.797,0.024,0.432,13.654,0.146,40.375,,0.135,5.797,0.024,0.432,0.0,0.0,40.375,,0.135,,,,0.0,0.0,0.0,0.0,0.0,,0.0,-5.776,-8.503,138.71,,,12972.355,-7.864,-2.012,2204.678,23.574,,43.229,,,,,,,,,,,,,320.872,5.797,0.024,0.432,,,40.375,,0.135,,,,,,,,,,,,,,,,
Hungary,1980,HUN,10698682.0,107668201472.0,,,,,,,,,,-1.942,-1.861,8781.188,93.947,,,-42.764,-38.826,4857.292,51.967,,29.191,,,,0.301,0.967,30082.096,2.989,0.333,1.068,,,30051.141,321.508,,99.897,7.911,6.798,92.72,,,8666.465,-11.639,-8.678,6157.831,65.881,,28.809,,-23.288,-0.101,0.331,10.469,0.112,30.955,,0.103,-23.288,-0.101,0.331,0.0,0.0,30.955,,0.103,,,,0.0,0.0,0.0,0.0,0.0,,0.0,-2.789,-3.869,134.841,,,12603.488,48.101,11.339,3263.337,34.913,,41.897,,,,,,,,,,,,,321.839,-23.288,-0.101,0.331,,,30.955,,0.103,,,,,,,,,,,,,,,,
Hungary,1981,HUN,10680617.0,108436037632.0,,,,,,,,,,0.483,0.454,8838.507,94.401,,,60.694,31.541,7818.595,83.507,,29.632,,,,-1.012,-3.258,29827.961,2.938,-1.065,-3.423,,,29781.449,318.084,,99.844,2.288,2.121,94.841,,,8879.73,-3.226,-2.125,5969.27,63.755,,29.77,,50.0,0.166,0.497,15.729,0.168,46.512,,0.156,50.0,0.166,0.497,0.0,0.0,46.512,,0.156,,,,0.0,0.0,0.0,0.0,0.0,,0.0,-4.448,-5.998,128.843,,,12063.212,-0.267,-0.093,3260.126,34.82,,40.443,,,,,,,,,,,,,318.581,50.0,0.166,0.497,,,46.512,,0.156,,,,,,,,,,,,,,,,
Hungary,1982,HUN,10655628.0,112333176832.0,,,,,,,,,,4.263,4.024,9236.873,98.425,,,0.233,0.194,7855.17,83.702,,30.758,,,,0.443,1.413,30030.488,2.849,0.452,1.439,,,29986.365,319.524,,99.853,4.437,4.208,99.049,,,9295.439,9.195,5.863,6533.449,69.618,,30.953,,-5.357,-0.027,0.47,14.922,0.159,44.123,,0.147,-5.357,-0.027,0.47,0.0,0.0,44.123,,0.147,,,,0.0,0.0,0.0,0.0,0.0,,0.0,-5.272,-6.792,122.05,,,11454.053,7.107,2.475,3500.017,37.295,,38.141,,,,,,,,,,,,,319.994,-5.357,-0.027,0.47,,,44.123,,0.147,,,,,,,,,,,,,,,,
Hungary,1983,HUN,10620933.0,111181103104.0,,,,,,,,,,-5.991,-5.896,8711.878,92.528,,,-4.073,-3.409,7559.853,80.293,,29.423,,,,-1.723,-5.514,29609.459,2.829,-3.918,-12.519,,,28905.613,307.005,,97.623,-0.306,-0.303,98.746,,,9297.275,-3.686,-2.566,6313.215,67.052,,31.4,,-2.516,-0.012,0.458,14.594,0.155,43.154,,0.146,1552.83,7.005,7.476,232.842,2.473,703.847,,2.377,,,,7.017,7.017,232.842,2.473,660.693,,2.231,-5.178,-6.32,115.731,,,10896.457,-1.794,-0.669,3448.456,36.626,,36.801,,,,,,,,,,,,,314.48,-2.516,-0.012,0.458,,,43.154,,0.146,,,,,,,,,,,,,,,,
Hungary,1984,HUN,10580910.0,114105942016.0,,,,,,,,,,-2.69,-2.489,8509.614,90.039,,,-2.316,-1.86,7412.67,78.433,,27.875,,,,2.715,8.537,30528.307,2.831,1.561,4.791,,,29467.783,311.796,,96.526,1.843,1.82,100.565,,,9504.428,4.385,2.94,6614.96,69.992,,31.133,,16.774,0.077,0.535,17.106,0.181,50.583,,0.166,50.19,3.746,11.221,355.924,3.766,1060.523,,3.474,,,52.285,3.669,10.686,355.924,3.766,1009.94,,3.308,4.718,5.46,121.191,,,11453.741,1.553,0.569,3515.273,37.195,,37.518,,,,,,,,,,,,,323.017,16.774,0.077,0.535,,,50.583,,0.166,,,,,,,,,,,,,,,,
Hungary,1985,HUN,10542756.0,111300345856.0,,,,,,,,,,-1.782,-1.605,8388.179,88.435,,,-2.79,-2.188,7231.962,76.245,,26.527,,26.794,8.037,3.208,10.364,31621.826,2.995,0.879,2.74,,,29834.303,314.536,,94.347,2.09,2.102,102.668,,,9738.203,7.763,5.434,7154.292,75.426,,30.796,,-14.365,-0.077,0.458,14.702,0.155,43.474,0.578,0.137,68.102,7.624,18.845,614.64,6.48,1787.524,24.185,5.653,,,72.066,7.701,18.387,614.64,6.48,1744.05,24.185,5.515,1.851,2.243,123.434,,,11707.921,-1.875,-0.697,3461.851,36.497,,37.025,,,,,,,,,,,,2541.461,333.381,-14.365,-0.077,0.458,,,43.474,,0.137,,,,,,,,,,,,,,,,
Hungary,1986,HUN,10505773.0,113513152512.0,,,,,,,,,,-1.17,-1.035,8319.183,87.399,,,-5.395,-4.113,6865.906,72.132,,26.339,,28.044,8.451,-0.467,-1.557,31584.959,2.923,-1.346,-4.232,,,29536.457,310.303,,93.514,6.073,6.235,108.902,,,10365.943,-4.545,-3.428,6853.137,71.998,,32.819,,-0.645,-0.003,0.455,14.659,0.154,43.345,0.549,0.137,14.213,2.676,21.521,706.659,7.424,2048.501,26.473,6.486,,,14.568,2.679,21.066,706.659,7.424,2005.156,26.473,6.348,-7.641,-9.432,114.002,,,10851.331,0.0,0.0,3474.037,36.497,,34.356,,,,,,,,,,,,2669.39,331.824,-0.645,-0.003,0.455,,,43.345,,0.137,,,,,,,,,,,,,,,,
Hungary,1987,HUN,10469197.0,115264970752.0,,,,,,,,,,-0.053,-0.047,8343.804,87.353,,,-0.726,-0.524,6839.844,71.608,,25.199,,29.749,8.582,4.469,14.829,33111.777,3.007,1.507,4.678,,,30086.457,314.981,,90.863,-0.722,-0.786,108.116,,,10327.081,-1.587,-1.143,6767.919,70.855,,31.189,,9.74,0.044,0.5,16.143,0.169,47.733,0.568,0.144,47.202,10.152,31.673,1049.364,10.986,3025.32,36.929,9.137,,,47.98,10.107,31.173,1049.364,10.986,2977.586,36.929,8.993,4.833,5.51,119.512,,,11415.571,-7.527,-2.747,3223.767,33.75,,34.476,,,,,,,,,,,,2841.574,346.654,9.74,0.044,0.5,,,47.733,,0.144,,,,,,,,,,,,,,,,
Hungary,1988,HUN,10434269.0,117029101568.0,,,,,,,,,,-5.645,-4.931,7899.145,82.422,,,-7.842,-5.616,6324.536,65.992,,24.338,,29.233,8.632,-2.307,-7.997,32456.16,2.894,-4.754,-14.975,,,28752.006,300.006,,88.587,-1.09,-1.178,106.938,,,10248.753,-10.796,-7.649,6057.491,63.205,,31.577,,0.0,0.0,0.5,16.197,0.169,47.893,0.578,0.148,22.044,6.977,38.65,1288.543,13.445,3704.152,45.993,11.413,,,22.383,6.977,38.15,1288.543,13.445,3656.259,45.993,11.265,-7.418,-8.866,110.646,,,10604.107,9.613,3.245,3545.507,36.995,,32.672,,,,,,,,,,,,2801.634,338.656,0.0,0.0,0.5,,,47.893,,0.148,,,,,,,,,,,,,,,,
Hungary,1989,HUN,10397176.0,114408742912.0,,,,,,,,,,-10.428,-8.595,7100.701,73.827,,,-4.36,-2.877,6070.398,63.115,,22.378,,29.596,8.971,-2.584,-8.751,31730.266,2.884,-3.328,-9.984,,,27894.309,290.022,,87.911,1.879,2.01,108.948,,,10478.614,-3.565,-2.253,5862.401,60.952,,33.024,,-6.509,-0.033,0.467,15.196,0.158,44.936,0.534,0.142,3.195,1.233,39.883,1336.036,13.891,3835.957,46.935,12.089,,,3.317,1.266,39.416,1336.036,13.891,3791.021,46.935,11.948,-3.072,-3.399,107.247,,,10314.993,-15.853,-5.865,2994.064,31.13,,32.508,,,,,,,,,,,,2846.542,329.905,-6.509,-0.033,0.467,,,44.936,,0.142,,,,,,,,,,,,,,,,
Hungary,1990,HUN,10375989.0,106788855808.0,,,0.0,0.0,1.928,0.02,0.07,0.0,,-3.004,-2.218,6901.434,71.609,824.018,8.55,-9.539,-6.021,5502.541,57.094,30.063,22.153,39.59,28.44,8.798,-2.016,-6.65,31154.18,3.027,-2.175,-6.309,1398.421,14.51,27343.215,283.713,51.02,87.767,-4.855,-5.289,103.659,430.802,4.47,9990.266,-19.295,-11.761,4740.908,49.192,15.717,32.067,,12.658,0.059,0.526,17.348,0.18,50.727,0.633,0.163,-0.876,-0.341,39.543,1342.523,13.93,3810.965,48.98,12.233,11.15,28.164,-1.152,-0.454,38.962,1323.247,13.73,3755.008,48.277,12.053,1.117,1.198,108.445,143.601,1.49,10451.515,8.597,2.676,3258.102,33.806,5.239,33.548,0.054,0.02,0.0,,,1.928,0.0,5.23,0.07,0.0,0.017,2740.944,323.255,23.418,0.113,0.581,19.275,0.2,55.957,0.703,0.18,,,0.0,0.0,0.0,0.0,0.0,0.0,,,0.0,0.0,0.0,0.0,0.0,0.0
Hungary,1991,HUN,10374750.0,95995723776.0,,0.0,0.0,0.0,1.928,0.02,0.067,0.0,,-6.879,-4.926,6427.468,66.683,774.958,8.04,-3.366,-1.922,5317.939,55.172,26.836,22.088,37.31,29.96,9.924,-6.606,-21.354,29099.613,3.145,-7.546,-21.41,1544.134,16.02,25282.848,262.303,53.471,86.884,-0.839,-0.869,102.789,484.831,5.03,9907.655,1.276,0.628,4801.979,49.819,16.789,34.047,,8.989,0.047,0.574,18.314,0.19,55.293,0.634,0.19,0.129,0.055,39.598,1343.647,13.94,3816.766,46.529,13.116,7.35,19.7,-0.036,-0.014,38.948,1323.405,13.73,3754.088,45.828,12.901,-14.398,-15.614,92.83,284.344,2.95,8947.726,-14.653,-4.954,2781.033,28.853,9.846,30.749,0.077,0.02,0.0,41.176,0.022,1.928,0.0,7.385,0.067,0.0,0.025,2887.78,301.901,11.795,0.07,0.65,20.241,0.21,62.678,0.701,0.215,,0.0,0.0,0.0,0.0,0.0,0.0,0.0,,0.0,0.0,0.0,0.0,0.0,0.0,0.0
Hungary,1992,HUN,10370067.0,94900822016.0,,0.0,0.0,0.0,4.822,0.05,0.158,0.0,,-9.82,-6.548,5798.899,60.135,878.49,9.11,-9.06,-4.999,4838.318,50.174,28.756,20.761,35.15,31.68,10.937,-4.057,-12.249,27931.543,3.052,-4.914,-12.888,1688.514,17.51,24051.424,249.415,55.271,86.108,-12.092,-12.429,90.36,405.012,4.2,8713.541,-0.322,-0.16,4788.699,49.659,13.258,31.196,,-18.557,-0.106,0.467,15.429,0.16,45.053,0.505,0.161,1.606,0.639,40.237,1366.433,14.17,3880.119,44.729,13.892,3.47,9.872,1.734,0.675,39.623,1346.182,13.96,3820.906,44.066,13.68,6.56,6.089,98.92,405.012,4.2,9538.982,-2.051,-0.592,2725.217,28.261,13.258,34.151,0.147,0.05,0.0,91.667,0.07,4.822,0.0,14.16,0.158,0.0,0.051,3054.947,289.652,-6.422,-0.036,0.614,20.251,0.21,59.213,0.663,0.212,,0.0,0.0,0.0,0.0,0.0,0.0,0.0,,0.0,0.0,0.0,0.0,0.0,0.0,0.0
Hungary,1993,HUN,10357423.0,96248037376.0,,0.0,0.0,0.0,3.862,0.04,0.122,0.0,,-9.92,-5.965,5230.03,54.17,870.873,9.02,-13.851,-6.949,4173.26,43.224,27.408,19.427,35.38,32.91,11.802,-3.732,-10.811,26921.881,2.897,-4.144,-10.335,1824.778,18.9,23082.922,239.08,57.429,85.74,7.612,6.878,97.238,393.92,4.08,9388.221,1.18,0.586,4851.128,50.245,12.397,34.872,,5.063,0.024,0.491,16.413,0.17,47.392,0.517,0.176,-1.179,-0.475,39.762,1352.653,14.01,3838.958,42.571,14.26,2.47,6.981,-1.203,-0.477,39.146,1332.378,13.8,3779.546,41.933,14.039,-11.371,-11.248,87.672,559.985,5.8,8464.672,-1.229,-0.347,2695.008,27.913,17.624,31.442,0.124,0.04,0.0,-15.217,-0.022,3.862,0.0,12.02,0.122,0.0,0.045,3177.431,278.841,0.49,0.001,0.615,20.275,0.21,59.412,0.638,0.221,,0.0,0.0,0.0,0.0,0.0,0.0,0.0,,0.0,0.0,0.0,0.0,0.0,0.0,0.0
Hungary,1994,HUN,10342435.0,101057019904.0,,0.0,0.0,0.0,4.834,0.05,0.149,0.0,,-5.137,-2.783,4968.563,51.387,844.095,8.73,-4.653,-2.011,3984.835,41.213,26.044,18.121,35.55,33.52,11.82,1.701,4.743,27419.527,2.806,1.682,4.021,1862.23,19.26,23505.172,243.101,57.458,85.724,0.986,0.958,98.196,467.008,4.83,9494.486,-3.388,-1.702,4693.564,48.543,14.409,34.627,,-3.012,-0.015,0.476,15.47,0.16,46.031,0.477,0.168,1.814,0.722,40.484,1378.786,14.26,3914.356,42.542,14.276,2.03,5.71,1.834,0.718,39.864,1358.481,14.05,3854.435,41.915,14.057,6.667,5.845,93.518,551.127,5.7,9042.122,10.389,2.9,2979.297,30.813,17.005,32.977,0.144,0.05,0.0,15.385,0.019,4.834,0.0,13.889,0.149,0.0,0.051,3241.016,283.585,0.488,0.004,0.62,20.305,0.21,59.921,0.626,0.219,,0.0,0.0,0.0,0.0,0.0,0.0,0.0,,0.0,0.0,0.0,0.0,0.0,0.0,0.0
Hungary,1995,HUN,10327171.0,104661049344.0,,0.0,0.0,0.0,5.81,0.06,0.176,0.0,,-1.635,-0.84,4894.54,50.547,879.234,9.08,1.735,0.715,4059.948,41.928,26.69,17.624,36.43,34.02,11.862,1.134,3.216,27771.453,2.74,1.333,3.24,1914.368,19.77,23853.656,246.341,58.113,85.893,8.664,8.508,106.704,504.494,5.21,10332.345,0.931,0.452,4744.242,48.995,15.315,37.205,,1.242,0.006,0.482,15.493,0.16,46.672,0.47,0.168,-0.07,-0.024,40.46,1379.855,14.25,3917.795,41.887,14.107,2.41,6.615,-0.164,-0.065,39.799,1358.552,14.03,3853.813,41.24,13.877,-4.734,-4.427,89.09,530.639,5.48,8626.771,-7.24,-2.231,2767.689,28.582,16.108,31.063,0.179,0.06,0.0,24.444,0.035,5.81,0.0,17.31,0.176,0.0,0.062,3294.223,286.801,6.311,0.041,0.661,21.303,0.22,63.982,0.647,0.23,,0.0,0.0,0.0,0.0,0.0,0.0,0.0,,0.0,0.0,0.0,0.0,0.0,0.0,0.0
Hungary,1996,HUN,10308272.0,106794262528.0,,0.0,0.0,0.0,4.85,0.05,0.142,0.0,,-1.247,-0.63,4842.391,49.917,932.261,9.61,6.81,2.855,4344.363,44.783,27.387,17.08,37.29,35.09,12.007,1.9,5.448,28350.887,2.737,1.989,4.9,2003.246,20.65,24372.756,251.241,58.849,85.968,11.581,12.358,119.062,617.95,6.37,11550.109,-4.956,-2.428,4517.398,46.567,18.153,40.74,,26.994,0.13,0.612,20.372,0.21,59.379,0.598,0.209,1.348,0.548,41.008,1400.817,14.44,3978.132,41.151,14.032,2.2,5.9,1.098,0.437,40.236,1375.594,14.18,3903.269,40.41,13.768,-7.664,-6.828,82.263,453.034,4.67,7980.255,-7.652,-2.187,2560.594,26.395,13.309,28.148,0.16,0.05,0.0,-10.714,-0.019,4.85,0.0,15.484,0.142,0.0,0.055,3404.062,292.249,17.352,0.111,0.772,25.222,0.26,74.863,0.741,0.264,,0.0,0.0,0.0,0.0,0.0,0.0,0.0,,0.0,0.0,0.0,0.0,0.0,0.0,0.0
Hungary,1997,HUN,10286223.0,112578945024.0,,0.0,0.0,0.0,4.861,0.05,0.141,0.0,,-4.477,-2.235,4635.494,47.682,912.872,9.39,4.441,1.989,4547.009,46.772,26.525,16.719,37.55,35.4,12.412,-2.413,-7.051,27726.135,2.533,-2.582,-6.486,2057.12,21.16,23794.438,244.755,59.774,85.82,-5.164,-6.148,112.914,558.028,5.74,10977.196,-6.697,-3.119,4223.908,43.448,16.215,39.592,,4.348,0.027,0.639,21.388,0.22,62.094,0.621,0.224,-1.385,-0.565,40.442,1384.376,14.24,3931.696,40.226,14.18,2.15,5.726,-1.495,-0.602,39.634,1358.127,13.97,3853.155,39.463,13.897,2.306,1.897,84.159,586.221,6.03,8181.748,16.416,4.333,2987.333,30.728,17.034,29.509,0.169,0.05,0.0,6.0,0.01,4.861,0.0,16.448,0.141,0.0,0.059,3441.496,285.197,4.669,0.036,0.808,26.249,0.27,78.542,0.763,0.283,,0.0,0.0,0.0,0.0,0.0,0.0,0.0,,0.0,0.0,0.0,0.0,0.0,0.0,0.0
Hungary,1998,HUN,10260965.0,119714947072.0,,0.0,0.0,0.0,5.847,0.06,0.161,0.0,,-2.957,-1.41,4509.493,46.272,931.686,9.56,-8.599,-4.022,4166.253,42.75,25.699,15.985,37.94,37.2,12.851,1.501,4.28,28211.484,2.418,1.835,4.492,2244.428,23.03,24290.766,249.247,61.909,86.102,0.695,0.784,113.698,713.383,7.32,11080.667,-11.723,-5.094,3737.904,38.354,19.677,39.277,,-28.241,-0.18,0.458,15.593,0.16,44.668,0.43,0.158,-0.513,-0.212,40.23,1380.962,14.17,3920.719,38.091,13.898,0.74,1.95,-0.136,-0.054,39.58,1359.521,13.95,3857.385,37.5,13.673,6.081,5.117,89.277,599.359,6.15,8700.605,-18.939,-5.82,2427.536,24.909,16.532,30.841,0.192,0.06,0.0,13.208,0.022,5.847,0.0,18.666,0.161,0.0,0.066,3625.39,289.477,-20.074,-0.158,0.65,21.44,0.22,63.334,0.591,0.224,,0.0,0.0,0.0,0.0,0.0,0.0,0.0,,0.0,0.0,0.0,0.0,0.0,0.0,0.0
Hungary,1999,HUN,10230263.0,126067187712.0,,0.0,0.0,0.0,5.865,0.06,0.159,0.0,,4.104,1.899,4708.645,48.171,995.087,10.18,-7.563,-3.233,3862.714,39.517,26.91,16.649,38.89,37.83,13.075,-0.048,-0.139,28282.535,2.295,-0.26,-0.649,2296.129,23.49,24300.201,248.597,62.094,85.919,1.317,1.497,115.196,764.399,7.82,11260.3,-11.543,-4.427,3316.372,33.927,20.671,39.814,,16.774,0.077,0.535,17.595,0.18,52.317,0.476,0.185,1.257,0.51,40.74,1401.724,14.34,3982.333,37.906,14.081,1.06,2.726,1.054,0.417,39.998,1378.264,14.1,3909.734,37.272,13.824,-4.532,-4.046,85.231,536.643,5.49,8331.256,-5.955,-1.483,2289.834,23.426,14.512,29.457,0.207,0.06,0.0,8.333,0.016,5.865,0.0,20.282,0.159,0.0,0.072,3697.852,289.338,14.419,0.093,0.743,23.46,0.24,72.599,0.634,0.257,,0.0,0.0,0.0,0.0,0.0,0.0,0.0,,0.0,0.0,0.0,0.0,0.0,0.0,0.0
Hungary,2000,HUN,10202054.0,134035357696.0,,0.0,0.0,0.0,5.881,0.06,0.171,0.0,411.481,-6.597,-3.178,4410.196,44.993,940.007,9.59,-2.415,-0.954,3779.848,38.562,27.252,16.023,38.63,35.19,12.532,-2.95,-8.535,27524.092,2.095,-3.526,-8.765,2035.865,20.77,23508.256,239.832,59.022,85.41,-2.507,-2.888,112.308,646.929,6.6,11008.377,-5.599,-1.9,3139.35,32.028,18.755,39.995,14.48,-1.657,-0.009,0.526,17.644,0.18,51.592,0.512,0.187,0.565,0.229,40.97,1413.441,14.42,4015.838,40.978,14.59,3.44,8.905,0.596,0.238,40.236,1389.916,14.18,3943.908,40.296,14.329,-3.167,-2.7,82.531,448.929,4.58,8089.683,6.607,1.548,2447.872,24.973,13.015,29.391,0.207,0.06,0.0,0.0,0.0,5.881,0.0,20.338,0.171,0.0,0.074,3449.305,280.802,-1.22,-0.009,0.734,23.525,0.24,71.93,0.682,0.261,,0.0,0.0,0.0,0.0,0.0,0.0,0.0,,0.0,0.0,0.0,0.0,0.0,0.0,0.0
Hungary,2001,HUN,10177955.0,141920337920.0,,0.0,0.0,0.0,6.878,0.07,0.192,0.0,406.645,-4.986,-2.243,4200.211,42.75,868.544,8.84,-8.885,-3.426,3452.172,35.136,24.272,14.862,39.59,36.42,12.661,2.437,6.842,28261.502,2.027,3.009,7.217,2164.482,22.03,24272.951,247.049,60.489,85.887,10.913,12.257,124.565,870.509,8.86,12238.679,0.009,0.003,3147.063,32.031,24.327,43.305,14.81,4.494,0.02,0.546,18.668,0.19,53.687,0.522,0.19,-0.277,-0.375,40.595,1413.84,14.39,3988.549,39.511,14.113,3.17,8.007,-0.381,-0.414,39.822,1388.295,14.13,3912.619,38.797,13.844,-3.389,-2.797,79.735,425.429,4.33,7834.062,-1.708,-0.426,2411.767,24.547,11.889,27.72,0.223,0.07,0.0,7.692,0.016,6.878,0.0,21.955,0.192,0.0,0.078,3578.322,287.644,5.761,0.039,0.773,25.545,0.26,75.931,0.714,0.269,,0.0,0.0,0.0,0.0,0.0,0.0,0.0,,0.003,0.003,0.0,0.0,0.289,0.0,0.001
Hungary,2002,HUN,10148404.0,151325425664.0,,0.0,0.0,0.0,3.942,0.04,0.111,0.0,397.787,-3.515,-1.503,4064.371,41.247,884.868,8.98,-2.036,-0.715,3391.738,34.421,24.841,14.683,40.41,36.15,12.869,-2.34,-6.732,27680.426,1.856,-2.397,-5.921,2164.872,21.97,23760.182,241.128,60.775,85.837,0.933,1.162,125.727,1058.294,10.74,12388.812,-4.873,-1.561,3002.416,30.47,29.71,44.757,14.38,4.301,0.02,0.566,18.722,0.19,55.797,0.526,0.202,-1.342,-0.811,39.784,1397.264,14.18,3920.245,39.225,14.163,4.26,10.542,-1.225,-0.741,39.081,1374.6,13.95,3850.948,38.589,13.912,-6.999,-5.58,74.154,221.71,2.25,7307.001,-20.845,-5.117,1914.582,19.43,6.224,26.398,0.134,0.04,0.0,-40.0,-0.089,3.942,0.0,13.211,0.111,0.0,0.048,3562.137,280.912,-7.782,-0.07,0.703,22.664,0.23,69.296,0.636,0.25,,0.0,0.0,0.0,0.0,0.0,0.0,0.0,0.0,-0.0,0.003,0.0,0.0,0.288,0.0,0.001
Hungary,2003,HUN,10118060.0,160317177856.0,,0.0,0.0,0.0,15.813,0.16,0.469,0.0,431.585,2.336,0.964,4171.796,42.21,906.3,9.17,3.267,1.124,3513.039,35.545,26.868,14.843,41.07,34.13,12.001,1.237,3.475,28106.879,1.774,4.806,11.589,2252.408,22.79,24976.828,252.717,66.774,88.864,9.949,12.508,138.235,1174.138,11.88,13662.176,-2.981,-0.908,2921.655,29.561,34.808,48.608,14.73,-11.856,-0.07,0.496,16.802,0.17,49.013,0.498,0.174,-20.021,-8.114,31.67,1120.768,11.34,3130.053,33.226,11.136,6.94,16.898,-21.071,-8.432,30.649,1088.153,11.01,3029.098,32.259,10.777,-2.539,-1.883,72.272,171.97,1.74,7142.856,1.795,0.349,1954.791,19.779,5.098,25.413,0.514,0.16,0.0,283.333,0.38,15.813,0.0,50.795,0.469,0.0,0.181,3373.177,284.387,41.772,0.318,1.021,32.615,0.33,100.955,0.967,0.359,,0.0,0.0,0.0,0.0,0.0,0.0,0.0,300.0,0.009,0.012,0.0,0.0,1.147,0.0,0.004
Hungary,2004,HUN,10094499.0,171776475136.0,,0.0,0.0,0.0,72.317,0.73,2.166,0.0,398.398,-5.18,-2.187,3964.914,40.024,810.342,8.18,-23.848,-8.477,2681.49,27.068,24.266,13.853,41.18,33.71,11.667,1.596,4.54,28622.199,1.682,0.134,0.34,2066.472,20.86,25068.779,253.057,61.881,87.585,-1.462,-2.021,136.213,1161.028,11.72,13493.818,3.492,1.032,3030.749,30.594,34.767,47.145,13.43,19.883,0.095,0.591,19.813,0.2,58.521,0.593,0.204,13.235,4.2,35.87,1272.971,12.85,3553.419,38.119,12.415,7.47,18.14,8.19,2.299,32.948,1179.85,11.91,3263.917,35.331,11.403,6.293,4.548,76.82,95.101,0.96,7610.048,9.314,1.842,2141.858,21.621,2.848,26.588,2.314,0.73,0.0,350.311,1.8,72.317,0.0,229.268,2.166,0.0,0.801,3339.442,288.927,178.571,1.901,2.922,93.12,0.94,289.502,2.788,1.011,,0.0,0.0,0.0,0.0,0.0,0.0,0.0,50.0,0.006,0.017,0.991,0.01,1.713,0.03,0.006
Hungary,2005,HUN,10073533.0,182948364288.0,,0.03,2.956,0.03,164.788,1.66,4.643,0.01,359.161,-11.069,-4.43,3533.378,35.594,696.876,7.02,-24.89,-6.737,2018.253,20.331,19.636,11.553,41.98,35.75,11.604,6.628,19.15,30582.84,1.684,4.378,11.079,1990.364,20.05,26220.771,264.136,56.084,85.737,3.259,4.439,140.653,1228.963,12.38,13962.58,-1.472,-0.45,2992.365,30.144,34.629,45.655,12.84,-1.463,-0.012,0.578,19.854,0.2,57.419,0.559,0.188,22.432,8.071,43.941,1558.54,15.7,4362.07,43.916,14.263,6.23,14.84,16.106,5.064,38.012,1372.905,13.83,3773.448,38.685,12.338,14.41,11.07,87.89,64.526,0.65,8724.812,-12.453,-2.692,1879.035,18.929,1.818,28.528,5.293,1.66,0.0,128.69,2.978,164.788,0.0,525.404,4.643,0.0,1.718,3548.904,308.077,102.967,3.007,5.929,185.635,1.87,588.621,5.231,1.925,,0.0,0.0,0.0,0.0,0.0,0.0,0.0,66.667,0.011,0.029,0.993,0.01,2.843,0.028,0.009
Hungary,2006,HUN,10057063.0,193865269248.0,325.079,0.097,12.584,0.127,125.285,1.26,3.515,0.042,367.085,0.38,0.135,3552.622,35.729,696.028,7.0,0.484,0.098,2031.333,20.429,19.526,11.828,43.06,35.85,11.868,-1.953,-6.017,30034.668,1.558,-1.379,-3.643,2078.141,20.9,25901.496,260.493,58.298,86.239,-5.269,-7.41,133.242,1308.533,13.16,13248.621,2.213,0.667,3063.585,30.811,36.709,44.111,13.16,-7.921,-0.049,0.529,18.892,0.19,52.624,0.53,0.175,-4.152,-2.374,41.568,1486.517,14.95,4133.169,41.702,13.761,7.21,16.744,-2.696,-1.258,36.754,1338.363,13.46,3654.589,37.545,12.168,4.133,3.632,91.522,73.58,0.74,9100.256,-4.746,-0.898,1792.788,18.03,2.064,30.299,4.035,1.26,0.0,-23.764,-1.258,125.285,0.0,401.205,3.515,0.0,1.336,3564.659,302.061,-14.75,-1.116,4.813,148.155,1.49,478.579,4.156,1.593,,0.0,0.0,0.0,0.0,0.0,0.0,0.0,330.0,0.094,0.122,3.977,0.04,12.166,0.112,0.041
Hungary,2007,HUN,10041171.0,198699892736.0,163.295,0.207,33.185,0.333,155.36,1.56,3.904,0.112,365.616,1.695,0.606,3618.555,36.335,733.978,7.37,0.923,0.189,2053.327,20.618,18.443,12.189,43.95,39.96,13.406,-1.316,-3.975,29686.33,1.5,-3.247,-8.459,2330.406,23.4,25100.043,252.034,58.559,84.551,-6.563,-8.745,124.497,1516.755,15.23,12398.676,-15.861,-4.887,2581.763,25.924,38.113,41.766,14.61,12.903,0.065,0.594,20.914,0.21,59.137,0.526,0.199,12.02,4.484,46.052,1649.21,16.56,4586.284,41.441,15.449,3.99,9.078,9.034,3.07,39.824,1461.981,14.68,3966.09,36.737,13.36,-0.349,-0.32,91.202,79.672,0.8,9082.813,-14.283,-2.575,1539.16,15.455,2.002,30.596,4.989,1.56,0.0,23.655,0.954,155.36,0.0,496.896,3.904,0.0,1.674,3979.615,298.086,36.841,1.414,6.227,187.229,1.88,620.194,4.705,2.089,,0.0,0.0,0.0,0.0,0.0,0.0,0.0,155.814,0.189,0.311,10.955,0.11,30.976,0.275,0.104
Hungary,2008,HUN,10023508.0,204543000576.0,470.227,1.567,189.566,1.9,193.545,1.94,4.848,0.647,357.321,-2.864,-1.041,3521.115,35.294,706.34,7.08,-4.47,-0.922,1964.997,19.696,17.691,12.009,43.92,40.02,13.617,-1.405,-4.189,29320.721,1.437,-2.92,-7.358,2279.641,22.85,24410.162,244.675,57.096,83.252,-1.345,-1.675,122.822,1514.44,15.18,12253.444,0.12,0.031,2589.423,25.955,37.931,41.791,14.3,1.429,0.005,0.599,20.951,0.21,59.714,0.525,0.204,12.916,3.169,49.221,1712.973,17.17,4910.562,42.904,16.748,3.9,8.88,0.961,0.133,39.957,1478.524,14.82,3986.333,37.031,13.596,-5.091,-4.643,86.559,58.862,0.59,8635.602,2.892,0.447,1586.456,15.902,1.474,29.452,6.186,1.94,0.0,23.992,1.197,193.545,0.0,617.198,4.848,0.0,2.105,3992.614,293.896,92.089,3.037,9.264,234.449,2.35,924.229,5.872,3.152,,0.003,0.003,0.0,0.0,0.28,0.0,0.001,86.364,0.265,0.576,19.953,0.2,57.471,0.5,0.196
Hungary,2009,HUN,10008581.0,195011821568.0,2.704,0.051,194.982,1.951,232.8,2.33,6.488,0.716,323.865,-15.8,-5.577,2969.185,29.717,633.456,6.34,-8.12,-1.599,1808.129,18.097,17.655,10.898,41.42,35.91,13.169,-7.216,-21.208,27245.459,1.398,-9.93,-24.296,1757.492,17.59,22019.047,220.379,48.984,80.817,-13.341,-16.386,106.436,1041.107,10.42,10634.513,13.955,3.622,2955.178,29.577,29.017,39.032,11.63,7.042,0.038,0.637,22.98,0.23,63.619,0.64,0.234,6.277,3.088,52.309,1830.429,18.32,5226.412,51.016,19.183,5.51,13.303,4.103,1.383,41.34,1541.677,15.43,4130.431,42.969,15.16,-2.696,-2.333,84.226,82.929,0.83,8415.349,-1.292,-0.205,1568.301,15.696,2.311,30.887,7.454,2.33,0.0,20.485,1.267,232.8,0.0,744.741,6.488,0.0,2.733,3587.921,272.688,13.845,1.705,10.969,288.752,2.89,1095.981,8.048,4.023,0.0,-0.0,0.003,0.0,0.0,0.279,0.0,0.001,61.463,0.348,0.924,32.972,0.33,92.36,0.919,0.339
Hungary,2010,HUN,9986832.0,200323055616.0,3.47,0.068,202.188,2.019,230.303,2.3,6.155,0.727,322.451,5.355,1.591,3135.001,31.309,623.821,6.23,2.392,0.433,1855.42,18.53,16.671,11.269,42.57,37.37,13.451,1.884,5.139,27819.338,1.387,1.874,4.13,1861.451,18.59,22480.566,224.51,49.746,80.809,7.251,7.718,114.154,1161.53,11.6,11430.469,-2.275,-0.673,2894.249,28.904,31.041,41.088,12.05,-17.544,-0.115,0.522,19.025,0.19,52.25,0.508,0.188,2.569,1.008,53.317,1880.476,18.78,5338.771,50.254,19.191,5.2,12.215,2.172,0.639,41.978,1578.078,15.76,4203.374,42.173,15.11,-6.149,-5.179,79.047,76.1,0.76,7915.096,-11.182,-1.755,1395.969,13.941,2.034,28.452,7.332,2.3,0.0,-1.627,-0.121,230.303,0.0,734.216,6.155,0.0,2.639,3741.927,277.827,3.832,0.37,11.339,302.398,3.02,1135.398,8.081,4.081,0.0,-0.0,0.003,0.0,0.0,0.278,0.0,0.001,59.215,0.538,1.463,53.07,0.53,146.466,1.418,0.526
Hungary,2011,HUN,9953247.0,207957688320.0,-8.741,-0.176,185.138,1.843,186.874,1.86,5.164,0.684,318.989,0.763,0.239,3169.567,31.547,651.044,6.48,3.275,0.607,1922.642,19.137,17.99,11.707,42.66,36.02,13.367,-3.01,-8.363,27072.971,1.296,-2.978,-6.686,1770.277,17.62,21884.672,217.824,48.917,80.836,-4.397,-5.019,109.135,1079.045,10.74,10964.791,-5.352,-1.547,2748.583,27.357,29.817,40.501,11.49,18.085,0.091,0.612,22.103,0.22,61.53,0.611,0.227,-2.681,-1.677,51.64,1848.643,18.4,5188.299,51.083,19.164,6.64,15.565,-0.482,-0.457,41.521,1576.37,15.69,4171.634,43.559,15.409,-2.411,-1.906,77.141,40.188,0.4,7750.313,-10.748,-1.498,1250.139,12.443,1.11,28.627,5.934,1.86,0.0,-19.068,-1.398,186.874,0.0,596.218,5.164,0.0,2.202,3618.919,269.464,-9.568,-1.22,10.119,272.273,2.71,1016.666,7.524,3.755,0.0,-0.0,0.003,0.0,0.0,0.277,0.0,0.001,18.786,0.264,1.727,63.296,0.63,173.503,1.749,0.641
Hungary,2012,HUN,9922133.0,204625346560.0,-2.982,-0.055,180.18,1.788,166.295,1.65,4.766,0.712,309.648,-3.785,-1.194,3059.168,30.353,638.976,6.34,-2.369,-0.453,1882.984,18.683,18.313,12.087,42.59,34.62,13.786,-6.809,-18.348,25308.668,1.227,-8.288,-18.053,1631.706,16.19,20133.857,199.771,46.765,79.553,-10.753,-11.736,97.4,947.377,9.4,9816.409,-16.414,-4.49,2304.637,22.867,27.152,38.787,10.72,-4.054,-0.028,0.584,21.165,0.21,58.862,0.607,0.233,-0.038,-0.295,51.345,1857.464,18.43,5174.811,53.235,20.447,7.97,18.713,0.688,0.032,41.554,1591.392,15.79,4187.99,45.609,16.548,-6.641,-5.123,72.018,45.353,0.45,7258.28,-0.132,-0.016,1252.4,12.426,1.3,28.679,5.283,1.65,0.0,-10.974,-0.651,166.295,0.0,532.456,4.766,0.0,2.104,3489.169,251.116,-2.544,-0.328,9.791,266.072,2.64,986.821,7.626,3.899,700.0,0.019,0.022,1.008,0.01,2.211,0.029,0.009,23.192,0.388,2.115,77.604,0.77,213.112,2.224,0.842
Hungary,2013,HUN,9894637.0,208958734336.0,-11.759,-0.21,159.435,1.578,184.949,1.83,6.05,0.663,286.942,-12.442,-3.777,2685.994,26.577,636.709,6.3,0.327,0.061,1894.39,18.744,20.826,11.165,42.13,30.25,12.708,-5.207,-13.075,24057.617,1.139,-5.985,-11.956,1222.885,12.1,18981.432,187.814,40.0,78.9,-6.774,-6.598,90.801,559.899,5.54,9176.829,-12.653,-2.893,2018.616,19.973,18.314,38.145,8.68,0.0,-0.004,0.581,21.224,0.21,58.67,0.694,0.244,-2.437,-1.118,50.227,1834.327,18.15,5076.187,60.0,21.1,11.88,28.198,-2.681,-1.358,40.196,1553.367,15.37,4062.415,50.81,16.886,-2.196,-1.582,70.436,26.277,0.26,7118.609,-1.377,-0.171,1238.587,12.255,0.86,29.59,5.848,1.83,0.0,10.695,0.565,184.949,0.0,591.039,6.05,0.0,2.457,3057.212,238.041,-1.567,0.24,10.031,280.96,2.78,1013.772,9.19,4.214,212.5,0.046,0.068,2.021,0.02,6.886,0.066,0.029,-6.908,-0.158,1.957,72.767,0.72,197.743,2.38,0.822
Hungary,2014,HUN,9867906.0,217412730880.0,37.995,0.599,220.608,2.177,215.851,2.13,7.257,0.914,269.506,-1.151,-0.306,2662.275,26.271,607.018,5.99,-1.475,-0.276,1871.513,18.468,20.409,11.026,42.74,29.35,12.318,0.096,0.227,24145.828,1.096,-1.047,-1.966,1068.109,10.54,18833.666,185.849,35.911,78.0,-10.578,-9.605,81.196,429.676,4.24,8228.303,-6.932,-1.384,1883.782,18.589,14.446,34.078,7.91,41.315,0.235,0.815,30.402,0.3,82.635,1.022,0.342,6.289,2.193,52.42,1906.179,18.81,5312.163,64.089,22.0,13.39,31.329,1.815,0.485,40.681,1585.949,15.65,4122.534,53.322,17.073,11.281,7.946,78.382,31.415,0.31,7943.089,-10.416,-1.276,1112.586,10.979,1.056,32.896,6.787,2.13,0.0,16.048,0.939,215.851,0.0,687.747,7.257,0.0,2.848,2974.289,238.269,22.037,1.708,11.739,320.23,3.16,1189.629,10.767,4.927,168.0,0.113,0.182,7.094,0.07,18.394,0.239,0.076,-8.548,-0.178,1.779,66.883,0.66,180.244,2.249,0.746
Hungary,2015,HUN,9844250.0,224257294336.0,-7.215,-0.157,205.184,2.02,219.417,2.16,7.131,0.805,271.047,3.635,0.955,2765.684,27.226,588.161,5.79,-4.387,-0.81,1793.701,17.658,19.115,10.845,43.98,30.29,12.066,5.36,12.771,25501.146,1.119,6.714,12.478,1141.783,11.24,20146.443,198.327,37.108,79.002,7.279,5.911,87.107,519.085,5.11,8848.481,-4.751,-0.883,1798.604,17.706,16.87,34.698,8.21,-22.259,-0.185,0.63,23.364,0.23,64.013,0.759,0.251,0.511,0.293,52.713,1935.14,19.05,5354.702,62.892,20.998,13.69,31.128,1.187,0.238,40.919,1608.045,15.83,4156.608,52.261,16.3,7.16,5.612,83.994,34.538,0.34,8532.279,3.072,0.337,1149.523,11.316,1.122,33.458,6.898,2.16,0.0,1.646,0.112,219.417,0.0,700.75,7.131,0.0,2.748,3076.923,251.04,-1.475,0.055,11.794,327.094,3.22,1198.093,10.631,4.698,110.448,0.198,0.38,14.221,0.14,38.572,0.462,0.151,5.553,0.088,1.866,70.092,0.69,189.576,2.278,0.743
Hungary,2016,HUN,9815106.0,228414177280.0,6.844,0.138,219.877,2.158,210.899,2.07,6.507,0.845,276.014,-6.316,-1.72,2598.699,25.507,573.606,5.63,-3.675,-0.649,1732.905,17.009,17.699,9.983,44.52,31.81,12.45,1.775,4.455,26030.773,1.119,2.007,3.981,1274.566,12.51,20611.85,202.307,39.327,79.183,7.181,6.256,93.362,660.207,6.48,9512.095,3.894,0.689,1874.188,18.395,20.371,36.542,8.78,10.684,0.063,0.693,26.49,0.26,70.641,0.817,0.271,1.834,0.474,53.187,1966.357,19.3,5418.923,60.673,20.817,12.71,28.549,1.386,0.322,41.24,1635.234,16.05,4201.737,50.456,16.141,-0.661,-0.555,83.439,40.754,0.4,8501.055,11.144,1.261,1281.414,12.577,1.257,32.658,6.611,2.07,0.0,-4.165,-0.287,210.899,0.0,673.559,6.507,0.0,2.588,3240.923,255.495,3.186,0.152,11.947,331.122,3.25,1217.187,10.217,4.676,73.05,0.273,0.653,24.452,0.24,66.55,0.754,0.256,-1.299,-0.035,1.831,69.281,0.68,186.559,2.138,0.717
Hungary,2017,HUN,9788940.0,238288093184.0,-12.169,-0.263,193.637,1.895,219.636,2.15,6.549,0.704,272.312,2.501,0.638,2670.801,26.144,503.63,4.93,-12.261,-2.086,1524.49,14.923,15.017,9.708,45.71,32.83,12.191,5.401,13.799,27509.971,1.13,6.711,13.577,1353.568,13.25,22053.951,215.885,40.359,80.167,6.404,5.979,99.341,803.969,7.87,10148.329,0.0,,,,23.972,36.89,8.94,-15.058,-0.108,0.585,22.474,0.22,59.811,0.67,0.217,0.014,0.221,53.409,2000.217,19.58,5456.021,59.641,19.833,12.88,28.178,0.272,-0.131,41.109,1644.713,16.1,4199.582,49.041,15.266,8.342,6.96,90.399,45.97,0.45,9234.819,0.0,,,,1.371,33.569,6.872,2.15,0.0,3.959,0.261,219.636,0.0,702.035,6.549,0.0,2.552,3353.785,269.293,-0.75,0.352,12.299,355.503,3.48,1256.439,10.6,4.567,43.033,0.276,0.929,35.755,0.35,94.882,1.066,0.345,10.819,0.186,2.017,77.639,0.76,206.075,2.315,0.749
Hungary,2018,HUN,9776361.0,250426490880.0,17.632,0.334,228.073,2.23,235.261,2.3,7.203,0.822,266.521,-5.53,-1.446,2526.346,24.698,477.683,4.67,-11.072,-1.652,1357.441,13.271,14.626,9.107,46.28,31.93,11.773,0.709,1.909,27740.646,1.083,0.893,1.927,1271.434,12.43,22279.477,217.812,38.929,80.313,-3.138,-3.117,96.224,744.653,7.28,9842.534,0.0,,,,22.8,35.481,8.51,0.909,0.002,0.587,22.503,0.22,60.079,0.689,0.217,1.19,-0.018,53.39,1994.607,19.5,5461.169,61.071,19.687,14.35,31.007,-2.265,-1.166,39.943,1608.983,15.73,4085.712,49.264,14.728,7.18,6.49,96.89,49.098,0.48,9910.598,0.0,,,,1.503,35.726,7.36,2.31,0.01,7.199,0.488,236.284,1.023,752.812,7.235,0.031,2.714,3266.041,271.203,11.538,1.148,13.447,385.624,3.77,1375.456,11.807,4.958,80.229,0.735,1.664,64.441,0.63,170.223,1.973,0.614,-19.921,-0.411,1.606,62.395,0.61,164.269,1.91,0.592
Hungary,2019,HUN,9771799.0,,4.704,0.105,238.913,2.335,228.208,2.23,6.522,0.849,254.168,-13.408,-3.311,2188.644,21.387,412.411,4.03,-12.935,-1.717,1182.414,11.554,11.787,7.78,46.77,34.19,12.438,1.361,3.69,28131.205,,-0.025,-0.054,1350.826,13.2,22284.369,217.758,38.608,79.216,2.303,2.216,98.44,890.317,8.7,10073.888,0.0,,,,25.446,35.81,8.69,-1.351,-0.01,0.577,22.514,0.22,59.076,0.643,0.21,7.289,3.744,57.134,2148.018,20.99,5846.836,61.392,20.784,12.58,26.898,3.528,1.257,41.2,1667.042,16.29,4216.212,47.646,14.988,1.075,1.042,97.931,48.098,0.47,10021.838,0.0,,,,1.375,35.625,7.155,2.25,0.02,-2.73,-0.205,230.254,2.047,732.165,6.581,0.058,2.603,3498.844,274.892,17.16,2.487,15.934,480.976,4.7,1630.624,13.747,5.796,137.997,2.282,3.946,153.503,1.5,403.82,4.387,1.435,20.099,0.316,1.922,74.705,0.73,196.65,2.135,0.699
Hungary,2020,HUN,9750571.0,,38.062,0.889,330.568,3.223,220.5,2.15,6.182,1.192,246.981,-8.379,-1.792,2009.625,19.595,380.491,3.71,-6.127,-0.708,1112.382,10.846,10.667,7.249,46.46,34.78,12.866,-1.661,-4.565,27724.254,,-3.148,-6.854,1353.767,13.2,21629.916,210.904,37.953,78.018,3.545,3.49,101.93,932.253,9.09,10453.718,0.0,,,,26.136,37.706,8.59,11.416,0.064,0.641,24.614,0.24,65.721,0.69,0.237,6.411,2.289,59.423,2213.204,21.58,6094.336,62.047,21.982,11.68,25.14,-1.43,-0.739,40.461,1647.083,16.06,4149.647,46.176,14.968,-8.733,-8.552,89.379,41.023,0.4,9166.573,0.0,,,,1.15,33.063,6.92,2.17,0.02,-3.296,-0.235,222.551,2.051,709.653,6.239,0.058,2.56,3566.971,270.327,24.594,3.028,18.962,566.121,5.52,1944.689,15.871,7.014,64.262,2.512,6.458,252.293,2.46,662.325,7.073,2.389,-10.151,-0.201,1.72,66.663,0.65,176.422,1.869,0.636
Hungary,2021,HUN,9709784.0,,2.111,0.068,338.965,3.291,229.665,2.23,6.201,1.159,233.037,-18.62,-3.649,1642.294,15.946,309.997,3.01,-17.107,-1.855,925.96,8.991,8.37,5.615,48.71,35.96,12.662,5.054,13.662,29247.697,,4.868,10.266,1345.035,13.06,22778.094,221.17,36.318,77.88,6.057,6.174,108.104,993.843,9.65,11133.512,0.0,,,,26.835,38.066,8.38,-13.115,-0.086,0.555,21.628,0.21,57.132,0.584,0.195,5.599,3.395,62.818,2358.446,22.9,6469.604,63.682,22.12,12.75,26.175,-0.405,-0.311,40.15,1646.792,15.99,4135.018,44.466,14.138,8.661,7.741,97.12,41.196,0.4,10002.287,0.0,,,,1.112,34.199,7.152,2.24,0.01,3.316,0.232,230.695,1.03,736.57,6.229,0.028,2.518,3703.481,283.989,16.614,3.707,22.668,711.653,6.91,2334.587,19.216,7.982,54.372,3.475,9.933,391.358,3.8,1022.979,10.567,3.498,1.374,0.017,1.737,67.973,0.66,178.94,1.835,0.612
Hungary,2022,HUN,9967304.0,,5.963,0.196,349.898,3.488,225.738,2.25,6.334,1.312,222.973,-13.379,-2.133,1385.822,13.813,290.951,2.9,-1.197,-0.108,891.243,8.883,8.164,5.198,47.67,35.52,13.367,-6.428,-18.256,26660.49,,-8.693,-19.225,1217.982,12.14,20260.748,201.945,34.178,75.995,-15.089,-16.311,91.793,888.906,8.86,9209.361,0.0,,,,24.944,34.543,7.92,-16.889,-0.095,0.459,19.062,0.19,46.087,0.535,0.173,2.28,0.97,63.788,2345.669,23.38,6399.742,65.822,24.005,12.15,25.488,-1.111,-0.591,39.559,1590.199,15.85,3968.923,44.623,14.887,-0.804,-0.78,96.34,38.125,0.38,9665.565,0.0,,,,1.07,36.254,6.584,2.26,0.01,-7.997,-0.567,226.741,1.003,660.609,6.363,0.028,2.478,3563.652,265.733,7.592,1.56,24.229,755.47,7.53,2430.819,21.199,9.118,22.478,2.188,12.121,448.466,4.47,1216.101,12.584,4.561,-8.958,-0.161,1.576,61.2,0.61,158.123,1.717,0.593
IEO - Africa (EIA),1980,,,,,,,,,,,,,,,,,,,,,,,,,,,,,,,,,,,,,,,,,,,,,,,,,,,,,,,,,,,,,,,,,,,,,,,,,,,,,,,,,,,,,,,,,,,,,,,,,,,,,,,1946.264,,,,,,,,,,,,,,,,,,,,,,,,
IEO - Africa (EIA),1981,,,,,,,,,,,,,,,,,,,,,,,,,,,,2.7,52.55,,,,,,,,,,,,,,,,,,,,,,,,,,,,,,,,,,,,,,,,,,,,,,,,,,,,,,,,,,,,,,,,,,,,,,,,,,1998.814,,,,,,,,,,,,,,,,,,,,,,,,
IEO - Africa (EIA),1982,,,,,,,,,,,,,,,,,,,,,,,,,,,,8.434,168.573,,,,,,,,,,,,,,,,,,,,,,,,,,,,,,,,,,,,,,,,,,,,,,,,,,,,,,,,,,,,,,,,,,,,,,,,,,2167.387,,,,,,,,,,,,,,,,,,,,,,,,
IEO - Africa (EIA),1983,,,,,,,,,,,,,,,,,,,,,,,,,,,,5.567,120.667,,,,,,,,,,,,,,,,,,,,,,,,,,,,,,,,,,,,,,,,,,,,,,,,,,,,,,,,,,,,,,,,,,,,,,,,,,2288.054,,,,,,,,,,,,,,,,,,,,,,,,
IEO - Africa (EIA),1984,,,,,,,,,,,,,,,,,,,,,,,,,,,,5.008,114.576,,,,,,,,,,,,,,,,,,,,,,,,,,,,,,,,,,,,,,,,,,,,,,,,,,,,,,,,,,,,,,,,,,,,,,,,,,2402.631,,,,,,,,,,,,,,,,,,,,,,,,
IEO - Africa (EIA),1985,,,,,,,,,,,,,,,,,,,,,,,,,,,,2.654,63.755,,,,,,,,,,,,,,,,,,,,,,,,,,,,,,,,,,,,,,,,,,,,,,,,,,,,,,,,,,,,,,,,,,,,,,,,,,2466.385,,,,,,,,,,,,,,,,,,,,,,,,
IEO - Africa (EIA),1986,,,,,,,,,,,,,,,,,,,,,,,,,,,,1.844,45.488,,,,,,,,,,,,,,,,,,,,,,,,,,,,,,,,,,,,,,,,,,,,,,,,,,,,,,,,,,,,,,,,,,,,,,,,,,2511.873,,,,,,,,,,,,,,,,,,,,,,,,
IEO - Africa (EIA),1987,,,,,,,,,,,,,,,,,,,,,,,,,,,,3.605,90.562,,,,,,,,,,,,,,,,,,,,,,,,,,,,,,,,,,,,,,,,,,,,,,,,,,,,,,,,,,,,,,,,,,,,,,,,,,2602.436,,,,,,,,,,,,,,,,,,,,,,,,
IEO - Africa (EIA),1988,,,,,,,,,,,,,,,,,,,,,,,,,,,,3.647,94.92,,,,,,,,,,,,,,,,,,,,,,,,,,,,,,,,,,,,,,,,,,,,,,,,,,,,,,,,,,,,,,,,,,,,,,,,,,2697.355,,,,,,,,,,,,,,,,,,,,,,,,
IEO - Africa (EIA),1989,,,,,,,,,,,,,,,,,,,,,,,,,,,,2.218,59.814,,,,,,,,,,,,,,,,,,,,,,,,,,,,,,,,,,,,,,,,,,,,,,,,,,,,,,,,,,,,,,,,,,,,,,,,,,2757.169,,,,,,,,,,,,,,,,,,,,,,,,
IEO - Africa (EIA),1990,,,,,,,,,,,,,,,,,,,,,,,,,,,,3.147,86.76,,,,,,,,,,,,,,,,,,,,,,,,,,,,,,,,,,,,,,,,,,,,,,,,,,,,,,,,,,,,,,,,,,,,,,,,,,2843.93,,,,,,,,,,,,,,,,,,,,,,,,
IEO - Africa (EIA),1991,,,,,,,,,,,,,,,,,,,,,,,,,,,,1.904,54.141,,,,,,,,,,,,,,,,,,,,,,,,,,,,,,,,,,,,,,,,,,,,,,,,,,,,,,,,,,,,,,,,,,,,,,,,,,2898.07,,,,,,,,,,,,,,,,,,,,,,,,
IEO - Africa (EIA),1992,,,,,,,,,,,,,,,,,,,,,,,,,,,,0.752,21.782,,,,,,,,,,,,,,,,,,,,,,,,,,,,,,,,,,,,,,,,,,,,,,,,,,,,,,,,,,,,,,,,,,,,,,,,,,2919.853,,,,,,,,,,,,,,,,,,,,,,,,
IEO - Africa (EIA),1993,,,,,,,,,,,,,,,,,,,,,,,,,,,,0.874,25.526,,,,,,,,,,,,,,,,,,,,,,,,,,,,,,,,,,,,,,,,,,,,,,,,,,,,,,,,,,,,,,,,,,,,,,,,,,2945.379,,,,,,,,,,,,,,,,,,,,,,,,
IEO - Africa (EIA),1994,,,,,,,,,,,,,,,,,,,,,,,,,,,,2.237,65.881,,,,,,,,,,,,,,,,,,,,,,,,,,,,,,,,,,,,,,,,,,,,,,,,,,,,,,,,,,,,,,,,,,,,,,,,,,3011.26,,,,,,,,,,,,,,,,,,,,,,,,
IEO - Africa (EIA),1995,,,,,,,,,,,,,,,,,,,,,,,,,,,,4.474,134.72,,,,,,,,,,,,,,,,,,,,,,,,,,,,,,,,,,,,,,,,,,,,,,,,,,,,,,,,,,,,,,,,,,,,,,,,,,3145.98,,,,,,,,,,,,,,,,,,,,,,,,
IEO - Africa (EIA),1996,,,,,,,,,,,,,,,,,,,,,,,,,,,,3.317,104.348,,,,,,,,,,,,,,,,,,,,,,,,,,,,,,,,,,,,,,,,,,,,,,,,,,,,,,,,,,,,,,,,,,,,,,,,,,3250.327,,,,,,,,,,,,,,,,,,,,,,,,
IEO - Africa (EIA),1997,,,,,,,,,,,,,,,,,,,,,,,,,,,,2.348,76.33,,,,,,,,,,,,,,,,,,,,,,,,,,,,,,,,,,,,,,,,,,,,,,,,,,,,,,,,,,,,,,,,,,,,,,,,,,3326.657,,,,,,,,,,,,,,,,,,,,,,,,
