country,year,iso_code,population,gdp,biofuel_cons_change_pct,biofuel_cons_change_twh,biofuel_cons_per_capita,biofuel_consumption,biofuel_elec_per_capita,biofuel_electricity,biofuel_share_elec,biofuel_share_energy,carbon_intensity_elec,coal_cons_change_pct,coal_cons_change_twh,coal_cons_per_capita,coal_consumption,coal_elec_per_capita,coal_electricity,coal_prod_change_pct,coal_prod_change_twh,coal_prod_per_capita,coal_production,coal_share_elec,coal_share_energy,electricity_demand,electricity_generation,electricity_share_energy,energy_cons_change_pct,energy_cons_change_twh,energy_per_capita,energy_per_gdp,fossil_cons_change_pct,fossil_cons_change_twh,fossil_elec_per_capita,fossil_electricity,fossil_energy_per_capita,fossil_fuel_consumption,fossil_share_elec,fossil_share_energy,gas_cons_change_pct,gas_cons_change_twh,gas_consumption,gas_elec_per_capita,gas_electricity,gas_energy_per_capita,gas_prod_change_pct,gas_prod_change_twh,gas_prod_per_capita,gas_production,gas_share_elec,gas_share_energy,greenhouse_gas_emissions,hydro_cons_change_pct,hydro_cons_change_twh,hydro_consumption,hydro_elec_per_capita,hydro_electricity,hydro_energy_per_capita,hydro_share_elec,hydro_share_energy,low_carbon_cons_change_pct,low_carbon_cons_change_twh,low_carbon_consumption,low_carbon_elec_per_capita,low_carbon_electricity,low_carbon_energy_per_capita,low_carbon_share_elec,low_carbon_share_energy,net_elec_imports,net_elec_imports_share_demand,nuclear_cons_change_pct,nuclear_cons_change_twh,nuclear_consumption,nuclear_elec_per_capita,nuclear_electricity,nuclear_energy_per_capita,nuclear_share_elec,nuclear_share_energy,oil_cons_change_pct,oil_cons_change_twh,oil_consumption,oil_elec_per_capita,oil_electricity,oil_energy_per_capita,oil_prod_change_pct,oil_prod_change_twh,oil_prod_per_capita,oil_production,oil_share_elec,oil_share_energy,other_renewable_consumption,other_renewable_electricity,other_renewable_exc_biofuel_electricity,other_renewables_cons_change_pct,other_renewables_cons_change_twh,other_renewables_elec_per_capita,other_renewables_elec_per_capita_exc_biofuel,other_renewables_energy_per_capita,other_renewables_share_elec,other_renewables_share_elec_exc_biofuel,other_renewables_share_energy,per_capita_electricity,primary_energy_consumption,renewables_cons_change_pct,renewables_cons_change_twh,renewables_consumption,renewables_elec_per_capita,renewables_electricity,renewables_energy_per_capita,renewables_share_elec,renewables_share_energy,solar_cons_change_pct,solar_cons_change_twh,solar_consumption,solar_elec_per_capita,solar_electricity,solar_energy_per_capita,solar_share_elec,solar_share_energy,wind_cons_change_pct,wind_cons_change_twh,wind_consumption,wind_elec_per_capita,wind_electricity,wind_energy_per_capita,wind_share_elec,wind_share_energy
Bahrain,2020,BHR,1477478,,,,,,0.0,0.0,0.0,,489.953,,,,,0.0,0.0,,,,,0.0,,30.06,29.86,,-0.675,-1.568,156095.797,,,,20203.346,29.85,,,99.967,,,,,20203.346,29.85,,1.05,1.707,111248.227,164.367,99.967,,14.63,,,,0.0,0.0,,0.0,,,,,6.768,0.01,,0.033,,0.2,0.665,,,,0.0,0.0,,0.0,,,,,0.0,0.0,,0.0,,,,0.0,,,0.0,0.0,,,0.0,0.0,,0.0,0.0,,20210.115,230.628,,,,6.768,0.01,,0.033,,,,,6.768,0.01,,0.033,,,,,0.0,0.0,,0.0,
Bahrain,2021,BHR,1463266,,,,,,0.0,0.0,0.0,,489.77,,,,,0.0,0.0,,,,,0.0,,31.97,31.77,,2.22,5.12,161111.203,,,,21704.871,31.76,,,99.969,,,,,21704.871,31.76,,4.816,7.916,117738.32,172.282,99.969,,15.56,,,,0.0,0.0,,0.0,,,,,6.834,0.01,,0.031,,0.2,0.626,,,,0.0,0.0,,0.0,,,,,0.0,0.0,,0.0,,,,0.0,,,0.0,0.0,,,0.0,0.0,,0.0,0.0,,21711.707,235.749,,,,6.834,0.01,,0.031,,,,,6.834,0.01,,0.031,,,,,0.0,0.0,,0.0,
Bahrain,2022,BHR,1472237,,,,,,,,,,,,,,,,,,,,,,,,,,,,,,,,,,,,,,,,,,,,-0.693,-1.194,116209.859,171.088,,,,,,,,,,,,,,,,,,,,,,,,,,,,,,,,,,,,0.0,,,,,,,,,,,,,,,,,,,,,,,,,,,,,,,,,,,,,,,,,,
Bangladesh,1900,BGD,26849595,,,,,,,,,,,,,,,,,,,,,,,,,,,,,,,,,,,,,,,,,,,,,,0.0,0.0,,,,,,,,,,,,,,,,,,,,,,,,,,,,,,,,,,,,,,0.0,0.0,,,,,,,,,,,,,,,,,,,,,,,,,,,,,,,,,,,,,,,
Bangladesh,1901,BGD,26958449,,,,,,,,,,,,,,,,,,,,,,,,,,,,,,,,,,,,,,,,,,,,,0.0,0.0,0.0,,,,,,,,,,,,,,,,,,,,,,,,,,,,,,,,,,,,,0.0,0.0,0.0,,,,,,,,,,,,,,,,,,,,,,,,,,,,,,,,,,,,,,,
Bangladesh,1902,BGD,27067609,,,,,,,,,,,,,,,,,,,,,,,,,,,,,,,,,,,,,,,,,,,,,0.0,0.0,0.0,,,,,,,,,,,,,,,,,,,,,,,,,,,,,,,,,,,,,0.0,0.0,0.0,,,,,,,,,,,,,,,,,,,,,,,,,,,,,,,,,,,,,,,
Bangladesh,1903,BGD,27177073,,,,,,,,,,,,,,,,,,,,,,,,,,,,,,,,,,,,,,,,,,,,,0.0,0.0,0.0,,,,,,,,,,,,,,,,,,,,,,,,,,,,,,,,,,,,,0.0,0.0,0.0,,,,,,,,,,,,,,,,,,,,,,,,,,,,,,,,,,,,,,,
Bangladesh,1904,BGD,27286841,,,,,,,,,,,,,,,,,,,,,,,,,,,,,,,,,,,,,,,,,,,,,0.0,0.0,0.0,,,,,,,,,,,,,,,,,,,,,,,,,,,,,,,,,,,,,0.0,0.0,0.0,,,,,,,,,,,,,,,,,,,,,,,,,,,,,,,,,,,,,,,
Bangladesh,1905,BGD,27396914,,,,,,,,,,,,,,,,,,,,,,,,,,,,,,,,,,,,,,,,,,,,,0.0,0.0,0.0,,,,,,,,,,,,,,,,,,,,,,,,,,,,,,,,,,,,,0.0,0.0,0.0,,,,,,,,,,,,,,,,,,,,,,,,,,,,,,,,,,,,,,,
Bangladesh,1906,BGD,27507290,,,,,,,,,,,,,,,,,,,,,,,,,,,,,,,,,,,,,,,,,,,,,0.0,0.0,0.0,,,,,,,,,,,,,,,,,,,,,,,,,,,,,,,,,,,,,0.0,0.0,0.0,,,,,,,,,,,,,,,,,,,,,,,,,,,,,,,,,,,,,,,
Bangladesh,1907,BGD,27617969,,,,,,,,,,,,,,,,,,,,,,,,,,,,,,,,,,,,,,,,,,,,,0.0,0.0,0.0,,,,,,,,,,,,,,,,,,,,,,,,,,,,,,,,,,,,,0.0,0.0,0.0,,,,,,,,,,,,,,,,,,,,,,,,,,,,,,,,,,,,,,,
Bangladesh,1908,BGD,27728950,,,,,,,,,,,,,,,,,,,,,,,,,,,,,,,,,,,,,,,,,,,,,0.0,0.0,0.0,,,,,,,,,,,,,,,,,,,,,,,,,,,,,,,,,,,,,0.0,0.0,0.0,,,,,,,,,,,,,,,,,,,,,,,,,,,,,,,,,,,,,,,
Bangladesh,1909,BGD,27827316,,,,,,,,,,,,,,,,,,,,,,,,,,,,,,,,,,,,,,,,,,,,,0.0,0.0,0.0,,,,,,,,,,,,,,,,,,,,,,,,,,,,,,,,,,,,,0.0,0.0,0.0,,,,,,,,,,,,,,,,,,,,,,,,,,,,,,,,,,,,,,,
Bangladesh,1910,BGD,27913022,,,,,,,,,,,,,,,,,,,,,,,,,,,,,,,,,,,,,,,,,,,,,0.0,0.0,0.0,,,,,,,,,,,,,,,,,,,,,,,,,,,,,,,,,,,,,0.0,0.0,0.0,,,,,,,,,,,,,,,,,,,,,,,,,,,,,,,,,,,,,,,
Bangladesh,1911,BGD,27986023,,,,,,,,,,,,,,,,,,,,,,,,,,,,,,,,,,,,,,,,,,,,,0.0,0.0,0.0,,,,,,,,,,,,,,,,,,,,,,,,,,,,,,,,,,,,,0.0,0.0,0.0,,,,,,,,,,,,,,,,,,,,,,,,,,,,,,,,,,,,,,,
Bangladesh,1912,BGD,28046274,,,,,,,,,,,,,,,,,,,,,,,,,,,,,,,,,,,,,,,,,,,,,0.0,0.0,0.0,,,,,,,,,,,,,,,,,,,,,,,,,,,,,,,,,,,,,0.0,0.0,0.0,,,,,,,,,,,,,,,,,,,,,,,,,,,,,,,,,,,,,,,
Bangladesh,1913,BGD,28093731,,,,,,,,,,,,,,,,,,,,,,,,,,,,,,,,,,,,,,,,,,,,,0.0,0.0,0.0,,,,,,,,,,,,,,,,,,,,,,,,,,,,,,,,,,,,,0.0,0.0,0.0,,,,,,,,,,,,,,,,,,,,,,,,,,,,,,,,,,,,,,,
Bangladesh,1914,BGD,28141120,,,,,,,,,,,,,,,,,,,,,,,,,,,,,,,,,,,,,,,,,,,,,0.0,0.0,0.0,,,,,,,,,,,,,,,,,,,,,,,,,,,,,,,,,,,,,0.0,0.0,0.0,,,,,,,,,,,,,,,,,,,,,,,,,,,,,,,,,,,,,,,
Bangladesh,1915,BGD,28188438,,,,,,,,,,,,,,,,,,,,,,,,,,,,,,,,,,,,,,,,,,,,,0.0,0.0,0.0,,,,,,,,,,,,,,,,,,,,,,,,,,,,,,,,,,,,,0.0,0.0,0.0,,,,,,,,,,,,,,,,,,,,,,,,,,,,,,,,,,,,,,,
Bangladesh,1916,BGD,28235684,,,,,,,,,,,,,,,,,,,,,,,,,,,,,,,,,,,,,,,,,,,,,0.0,0.0,0.0,,,,,,,,,,,,,,,,,,,,,,,,,,,,,,,,,,,,,0.0,0.0,0.0,,,,,,,,,,,,,,,,,,,,,,,,,,,,,,,,,,,,,,,
Bangladesh,1917,BGD,28282858,,,,,,,,,,,,,,,,,,,,,,,,,,,,,,,,,,,,,,,,,,,,,0.0,0.0,0.0,,,,,,,,,,,,,,,,,,,,,,,,,,,,,,,,,,,,,0.0,0.0,0.0,,,,,,,,,,,,,,,,,,,,,,,,,,,,,,,,,,,,,,,
Bangladesh,1918,BGD,28395953,,,,,,,,,,,,,,,,,,,,,,,,,,,,,,,,,,,,,,,,,,,,,0.0,0.0,0.0,,,,,,,,,,,,,,,,,,,,,,,,,,,,,,,,,,,,,0.0,0.0,0.0,,,,,,,,,,,,,,,,,,,,,,,,,,,,,,,,,,,,,,,
Bangladesh,1919,BGD,28509501,,,,,,,,,,,,,,,,,,,,,,,,,,,,,,,,,,,,,,,,,,,,,0.0,0.0,0.0,,,,,,,,,,,,,,,,,,,,,,,,,,,,,,,,,,,,,0.0,0.0,0.0,,,,,,,,,,,,,,,,,,,,,,,,,,,,,,,,,,,,,,,
Bangladesh,1920,BGD,28623503,,,,,,,,,,,,,,,,,,,,,,,,,,,,,,,,,,,,,,,,,,,,,0.0,0.0,0.0,,,,,,,,,,,,,,,,,,,,,,,,,,,,,,,,,,,,,0.0,0.0,0.0,,,,,,,,,,,,,,,,,,,,,,,,,,,,,,,,,,,,,,,
Bangladesh,1921,BGD,28737961,,,,,,,,,,,,,,,,,,,,,,,,,,,,,,,,,,,,,,,,,,,,,0.0,0.0,0.0,,,,,,,,,,,,,,,,,,,,,,,,,,,,,,,,,,,,,0.0,0.0,0.0,,,,,,,,,,,,,,,,,,,,,,,,,,,,,,,,,,,,,,,
Bangladesh,1922,BGD,28852876,,,,,,,,,,,,,,,,,,,,,,,,,,,,,,,,,,,,,,,,,,,,,0.0,0.0,0.0,,,,,,,,,,,,,,,,,,,,,,,,,,,,,,,,,,,,,0.0,0.0,0.0,,,,,,,,,,,,,,,,,,,,,,,,,,,,,,,,,,,,,,,
Bangladesh,1923,BGD,28968251,,,,,,,,,,,,,,,,,,,,,,,,,,,,,,,,,,,,,,,,,,,,,0.0,0.0,0.0,,,,,,,,,,,,,,,,,,,,,,,,,,,,,,,,,,,,,0.0,0.0,0.0,,,,,,,,,,,,,,,,,,,,,,,,,,,,,,,,,,,,,,,
Bangladesh,1924,BGD,29084088,,,,,,,,,,,,,,,,,,,,,,,,,,,,,,,,,,,,,,,,,,,,,0.0,0.0,0.0,,,,,,,,,,,,,,,,,,,,,,,,,,,,,,,,,,,,,0.0,0.0,0.0,,,,,,,,,,,,,,,,,,,,,,,,,,,,,,,,,,,,,,,
Bangladesh,1925,BGD,29200387,,,,,,,,,,,,,,,,,,,,,,,,,,,,,,,,,,,,,,,,,,,,,0.0,0.0,0.0,,,,,,,,,,,,,,,,,,,,,,,,,,,,,,,,,,,,,0.0,0.0,0.0,,,,,,,,,,,,,,,,,,,,,,,,,,,,,,,,,,,,,,,
Bangladesh,1926,BGD,29317152,,,,,,,,,,,,,,,,,,,,,,,,,,,,,,,,,,,,,,,,,,,,,0.0,0.0,0.0,,,,,,,,,,,,,,,,,,,,,,,,,,,,,,,,,,,,,0.0,0.0,0.0,,,,,,,,,,,,,,,,,,,,,,,,,,,,,,,,,,,,,,,
Bangladesh,1927,BGD,29434383,,,,,,,,,,,,,,,,,,,,,,,,,,,,,,,,,,,,,,,,,,,,,0.0,0.0,0.0,,,,,,,,,,,,,,,,,,,,,,,,,,,,,,,,,,,,,0.0,0.0,0.0,,,,,,,,,,,,,,,,,,,,,,,,,,,,,,,,,,,,,,,
Bangladesh,1928,BGD,29552084,,,,,,,,,,,,,,,,,,,,,,,,,,,,,,,,,,,,,,,,,,,,,0.0,0.0,0.0,,,,,,,,,,,,,,,,,,,,,,,,,,,,,,,,,,,,,0.0,0.0,0.0,,,,,,,,,,,,,,,,,,,,,,,,,,,,,,,,,,,,,,,
Bangladesh,1929,BGD,29765580,,,,,,,,,,,,,,,,,,,,,,,,,,,,,,,,,,,,,,,,,,,,,0.0,0.0,0.0,,,,,,,,,,,,,,,,,,,,,,,,,,,,,,,,,,,,,0.0,0.0,0.0,,,,,,,,,,,,,,,,,,,,,,,,,,,,,,,,,,,,,,,
Bangladesh,1930,BGD,30077163,,,,,,,,,,,,,,,,,,,,,,,,,,,,,,,,,,,,,,,,,,,,,0.0,0.0,0.0,,,,,,,,,,,,,,,,,,,,,,,,,,,,,,,,,,,,,0.0,0.0,0.0,,,,,,,,,,,,,,,,,,,,,,,,,,,,,,,,,,,,,,,
Bangladesh,1931,BGD,30489169,,,,,,,,,,,,,,,,,,,,,,,,,,,,,,,,,,,,,,,,,,,,,0.0,0.0,0.0,,,,,,,,,,,,,,,,,,,,,,,,,,,,,,,,,,,,,0.0,0.0,0.0,,,,,,,,,,,,,,,,,,,,,,,,,,,,,,,,,,,,,,,
Bangladesh,1932,BGD,31003982,,,,,,,,,,,,,,,,,,,,,,,,,,,,,,,,,,,,,,,,,,,,,0.0,0.0,0.0,,,,,,,,,,,,,,,,,,,,,,,,,,,,,,,,,,,,,0.0,0.0,0.0,,,,,,,,,,,,,,,,,,,,,,,,,,,,,,,,,,,,,,,
Bangladesh,1933,BGD,31624037,,,,,,,,,,,,,,,,,,,,,,,,,,,,,,,,,,,,,,,,,,,,,0.0,0.0,0.0,,,,,,,,,,,,,,,,,,,,,,,,,,,,,,,,,,,,,0.0,0.0,0.0,,,,,,,,,,,,,,,,,,,,,,,,,,,,,,,,,,,,,,,
Bangladesh,1934,BGD,32256494,,,,,,,,,,,,,,,,,,,,,,,,,,,,,,,,,,,,,,,,,,,,,0.0,0.0,0.0,,,,,,,,,,,,,,,,,,,,,,,,,,,,,,,,,,,,,0.0,0.0,0.0,,,,,,,,,,,,,,,,,,,,,,,,,,,,,,,,,,,,,,,
Bangladesh,1935,BGD,32901598,,,,,,,,,,,,,,,,,,,,,,,,,,,,,,,,,,,,,,,,,,,,,0.0,0.0,0.0,,,,,,,,,,,,,,,,,,,,,,,,,,,,,,,,,,,,,0.0,0.0,0.0,,,,,,,,,,,,,,,,,,,,,,,,,,,,,,,,,,,,,,,
Bangladesh,1936,BGD,33559605,,,,,,,,,,,,,,,,,,,,,,,,,,,,,,,,,,,,,,,,,,,,,0.0,0.0,0.0,,,,,,,,,,,,,,,,,,,,,,,,,,,,,,,,,,,,,0.0,0.0,0.0,,,,,,,,,,,,,,,,,,,,,,,,,,,,,,,,,,,,,,,
Bangladesh,1937,BGD,34230771,,,,,,,,,,,,,,,,,,,,,,,,,,,,,,,,,,,,,,,,,,,,,0.0,0.0,0.0,,,,,,,,,,,,,,,,,,,,,,,,,,,,,,,,,,,,,0.0,0.0,0.0,,,,,,,,,,,,,,,,,,,,,,,,,,,,,,,,,,,,,,,
Bangladesh,1938,BGD,34915359,,,,,,,,,,,,,,,,,,,,,,,,,,,,,,,,,,,,,,,,,,,,,0.0,0.0,0.0,,,,,,,,,,,,,,,,,,,,,,,,,,,,,,,,,,,,,0.0,0.0,0.0,,,,,,,,,,,,,,,,,,,,,,,,,,,,,,,,,,,,,,,
Bangladesh,1939,BGD,35529699,,,,,,,,,,,,,,,,,,,,,,,,,,,,,,,,,,,,,,,,,,,,,0.0,0.0,0.0,,,,,,,,,,,,,,,,,,,,,,,,,,,,,,,,,,,,,0.0,0.0,0.0,,,,,,,,,,,,,,,,,,,,,,,,,,,,,,,,,,,,,,,
Bangladesh,1940,BGD,36071677,,,,,,,,,,,,,,,,,,,,,,,,,,,,,,,,,,,,,,,,,,,,,0.0,0.0,0.0,,,,,,,,,,,,,,,,,,,,,,,,,,,,,,,,,,,,,0.0,0.0,0.0,,,,,,,,,,,,,,,,,,,,,,,,,,,,,,,,,,,,,,,
Bangladesh,1941,BGD,36539131,,,,,,,,,,,,,,,,,,,,,,,,,,,,,,,,,,,,,,,,,,,,,0.0,0.0,0.0,,,,,,,,,,,,,,,,,,,,,,,,,,,,,,,,,,,,,0.0,0.0,0.0,,,,,,,,,,,,,,,,,,,,,,,,,,,,,,,,,,,,,,,
Bangladesh,1942,BGD,36929851,,,,,,,,,,,,,,,,,,,,,,,,,,,,,,,,,,,,,,,,,,,,,0.0,0.0,0.0,,,,,,,,,,,,,,,,,,,,,,,,,,,,,,,,,,,,,0.0,0.0,0.0,,,,,,,,,,,,,,,,,,,,,,,,,,,,,,,,,,,,,,,
Bangladesh,1943,BGD,37241574,,,,,,,,,,,,,,,,,,,,,,,,,,,,,,,,,,,,,,,,,,,,,0.0,0.0,0.0,,,,,,,,,,,,,,,,,,,,,,,,,,,,,,,,,,,,,0.0,0.0,0.0,,,,,,,,,,,,,,,,,,,,,,,,,,,,,,,,,,,,,,,
Bangladesh,1944,BGD,37555929,,,,,,,,,,,,,,,,,,,,,,,,,,,,,,,,,,,,,,,,,,,,,0.0,0.0,0.0,,,,,,,,,,,,,,,,,,,,,,,,,,,,,,,,,,,,,0.0,0.0,0.0,,,,,,,,,,,,,,,,,,,,,,,,,,,,,,,,,,,,,,,
Bangladesh,1945,BGD,37872937,,,,,,,,,,,,,,,,,,,,,,,,,,,,,,,,,,,,,,,,,,,,,0.0,0.0,0.0,,,,,,,,,,,,,,,,,,,,,,,,,,,,,,,,,,,,,0.0,0.0,0.0,,,,,,,,,,,,,,,,,,,,,,,,,,,,,,,,,,,,,,,
Bangladesh,1946,BGD,38192621,,,,,,,,,,,,,,,,,,,,,,,,,,,,,,,,,,,,,,,,,,,,,0.0,0.0,0.0,,,,,,,,,,,,,,,,,,,,,,,,,,,,,,,,,,,,,0.0,0.0,0.0,,,,,,,,,,,,,,,,,,,,,,,,,,,,,,,,,,,,,,,
Bangladesh,1947,BGD,38515003,,,,,,,,,,,,,,,,,,,,,,,,,,,,,,,,,,,,,,,,,,,,,0.0,0.0,0.0,,,,,,,,,,,,,,,,,,,,,,,,,,,,,,,,,,,,,0.0,0.0,0.0,,,,,,,,,,,,,,,,,,,,,,,,,,,,,,,,,,,,,,,
Bangladesh,1948,BGD,38840107,,,,,,,,,,,,,,,,,,,,,,,,,,,,,,,,,,,,,,,,,,,,,0.0,0.0,0.0,,,,,,,,,,,,,,,,,,,,,,,,,,,,,,,,,,,,,0.0,0.0,0.0,,,,,,,,,,,,,,,,,,,,,,,,,,,,,,,,,,,,,,,
Bangladesh,1949,BGD,39243938,,,,,,,,,,,,,,,,,,,,,,,,,,,,,,,,,,,,,,,,,,,,,0.0,0.0,0.0,,,,,,,,,,,,,,,,,,,,,,,,,,,,,,,,,,,,,0.0,0.0,0.0,,,,,,,,,,,,,,,,,,,,,,,,,,,,,,,,,,,,,,,
Bangladesh,1950,BGD,39728540,39301173248.0,,,,,,,,,,,,,,,,,,,,,,,,,,,,,,,,,,,,,,,,,,,,0.0,0.0,0.0,,,,,,,,,,,,,,,,,,,,,,,,,,,,,,,,,,,,,0.0,0.0,0.0,,,,,,,,,,,,,,,,,,,,,,,,,,,,,,,,,,,,,,,
Bangladesh,1951,BGD,40548596,39781163008.0,,,,,,,,,,,,,,,,,,,,,,,,,,,,,,,,,,,,,,,,,,,,0.0,0.0,0.0,,,,,,,,,,,,,,,,,,,,,,,,,,,,,,,,,,,,,0.0,0.0,0.0,,,,,,,,,,,,,,,,,,,,,,,,,,,,,,,,,,,,,,,
Bangladesh,1952,BGD,41426888,40974778368.0,,,,,,,,,,,,,,,,,,,,,,,,,,,,,,,,,,,,,,,,,,,,0.0,0.0,0.0,,,,,,,,,,,,,,,,,,,,,,,,,,,,,,,,,,,,,0.0,0.0,0.0,,,,,,,,,,,,,,,,,,,,,,,,,,,,,,,,,,,,,,,
Bangladesh,1953,BGD,42329284,41553350656.0,,,,,,,,,,,,,,,,,,,,,,,,,,,,,,,,,,,,,,,,,,,,0.0,0.0,0.0,,,,,,,,,,,,,,,,,,,,,,,,,,,,,,,,,,,,,0.0,0.0,0.0,,,,,,,,,,,,,,,,,,,,,,,,,,,,,,,,,,,,,,,
Bangladesh,1954,BGD,43282036,42373087232.0,,,,,,,,,,,,,,,,,,,,,,,,,,,,,,,,,,,,,,,,,,,,0.0,0.0,0.0,,,,,,,,,,,,,,,,,,,,,,,,,,,,,,,,,,,,,0.0,0.0,0.0,,,,,,,,,,,,,,,,,,,,,,,,,,,,,,,,,,,,,,,
Bangladesh,1955,BGD,44315552,40166604800.0,,,,,,,,,,,,,,,,,,,,,,,,,,,,,,,,,,,,,,,,,,,,0.0,0.0,0.0,,,,,,,,,,,,,,,,,,,,,,,,,,,,,,,,,,,,,0.0,0.0,0.0,,,,,,,,,,,,,,,,,,,,,,,,,,,,,,,,,,,,,,,
Bangladesh,1956,BGD,45407672,44305387520.0,,,,,,,,,,,,,,,,,,,,,,,,,,,,,,,,,,,,,,,,,,,,0.0,0.0,0.0,,,,,,,,,,,,,,,,,,,,,,,,,,,,,,,,,,,,,0.0,0.0,0.0,,,,,,,,,,,,,,,,,,,,,,,,,,,,,,,,,,,,,,,
Bangladesh,1957,BGD,46560516,43387752448.0,,,,,,,,,,,,,,,,,,,,,,,,,,,,,,,,,,,,,,,,,,,,0.0,0.0,0.0,,,,,,,,,,,,,,,,,,,,,,,,,,,,,,,,,,,,,0.0,0.0,0.0,,,,,,,,,,,,,,,,,,,,,,,,,,,,,,,,,,,,,,,
Bangladesh,1958,BGD,47742792,42582511616.0,,,,,,,,,,,,,,,,,,,,,,,,,,,,,,,,,,,,,,,,,,,,0.0,0.0,0.0,,,,,,,,,,,,,,,,,,,,,,,,,,,,,,,,,,,,,0.0,0.0,0.0,,,,,,,,,,,,,,,,,,,,,,,,,,,,,,,,,,,,,,,
Bangladesh,1959,BGD,49004964,44798767104.0,,,,,,,,,,,,,,,,,,,,,,,,,,,,,,,,,,,,,,,,,,,,0.0,0.0,0.0,,,,,,,,,,,,,,,,,,,,,,,,,,,,,,,,,,,,,0.0,0.0,0.0,,,,,,,,,,,,,,,,,,,,,,,,,,,,,,,,,,,,,,,
Bangladesh,1960,BGD,50396428,47441014784.0,,,,,,,,,,,,,,,,,,,,,,,,,,,,,,,,,,,,,,,,,,,,0.0,0.0,0.0,,,,,,,,,,,,,,,,,,,,,,,,,,,,,,,,,,,,,0.0,0.0,0.0,,,,,,,,,,,,,,,,,,,,,,,,,,,,,,,,,,,,,,,
Bangladesh,1961,BGD,51882776,50082291712.0,,,,,,,,,,,,,,,,,,,,,,,,,,,,,,,,,,,,,,,,,,,,0.0,0.0,0.0,,,,,,,,,,,,,,,,,,,,,,,,,,,,,,,,,,,,,0.0,0.0,0.0,,,,,,,,,,,,,,,,,,,,,,,,,,,,,,,,,,,,,,,
Bangladesh,1962,BGD,53461664,49816424448.0,,,,,,,,,,,,,,,,,,,,,,,,,,,,,,,,,,,,,,,,,,,,0.0,0.0,0.0,,,,,,,,,,,,,,,,,,,,,,,,,,,,,,,,,,,,,0.0,0.0,0.0,,,,,,,,,,,,,,,,,,,,,,,,,,,,,,,,,,,,,,,
Bangladesh,1963,BGD,55094120,55102218240.0,,,,,,,,,,,,,,,,,,,,,,,,,,,,,,,,,,,,,,,,,,,,0.0,0.0,0.0,,,,,,,,,,,,,,,,,,,,,,,,,,,,,,,,,,,,,0.0,0.0,0.0,,,,,,,,,,,,,,,,,,,,,,,,,,,,,,,,,,,,,,,
Bangladesh,1964,BGD,56774476,55737696256.0,,,,,,,,,,,,,,,,,,,,,,,,,,,,,,,,,,,,,,,,,,,,0.0,0.0,0.0,,,,,,,,,,,,,,,,,,,,,,,,,,,,,,,,,,,,,0.0,0.0,0.0,,,,,,,,,,,,,,,,,,,,,,,,,,,,,,,,,,,,,,,
Bangladesh,1965,BGD,58500156,58415452160.0,,,,,,,,,,,,,,,,,,,,,,,,,,,,,,,,,,,,,,,,,,,,0.0,0.0,0.0,,,,,,,,,,,,,,,,,,,,,,,,,,,,,,,,,,,,,0.0,0.0,0.0,,,,,,,,,,,,,,,,,,,,,,,,,,,,,,,,,,,,,,,
Bangladesh,1966,BGD,60265264,59220692992.0,,,,,,,,,,,,,,,,,,,,,,,,,,,,,,,,,,,,,,,,,,,,0.0,0.0,0.0,,,,,,,,,,,,,,,,,,,,,,,,,,,,,,,,,,,,,0.0,0.0,0.0,,,,,,,,,,,,,,,,,,,,,,,,,,,,,,,,,,,,,,,
Bangladesh,1967,BGD,62104488,57806946304.0,,,,,,,,,,,,,,,,,,,,,,,,,,,,,,,,,,,,,,,,,,,,0.0,0.0,0.0,,,,,,,,,,,,,,,,,,,,,,,,,,,,,,,,,,,,,0.0,0.0,0.0,,,,,,,,,,,,,,,,,,,,,,,,,,,,,,,,,,,,,,,
Bangladesh,1968,BGD,63995656,63239028736.0,,,,,,,,,,,,,,,,,,,,,,,,,,,,,,,,,,,,,,,,,,,,0.0,0.0,0.0,,,,,,,,,,,,,,,,,,,,,,,,,,,,,,,,,,,,,0.0,0.0,0.0,,,,,,,,,,,,,,,,,,,,,,,,,,,,,,,,,,,,,,,
Bangladesh,1969,BGD,65866916,64108445696.0,,,,,,,,,,,,,,,,,,,,,,,,,,,,,,,,,,,,,,,,,,,,0.0,0.0,0.0,,,,,,,,,,,,,,,,,,,,,,,,,,,,,,,,,,,,,0.0,0.0,0.0,,,,,,,,,,,,,,,,,,,,,,,,,,,,,,,,,,,,,,,
Bangladesh,1970,BGD,67541864,67600674816.0,,,,,,,,,,,,,,,,,,,,,,,,,,,,,,,,,,,,,,,,,,,,0.0,0.0,0.0,,,,,,,,,,,,,,,,,,,,,,,,,,,,,,,,,,,,,0.0,0.0,0.0,,,,,,,,,,,,,,,,,,,,,,,,,,,,,,,,,,,,,,,
Bangladesh,1971,BGD,68376208,64585773056.0,,,,,,,,,,,,15.897,1.087,,,,,,,,8.108,,,,,,196.075,0.208,,,,,188.507,12.889,,96.14,,,3.667,,,53.632,,4.456,65.174,4.456,,27.353,,,,0.517,2.559,0.175,7.568,,3.86,,,0.517,,,7.568,,3.86,,,,,,,,,,,,,8.135,,,118.978,,0.0,0.0,0.0,,60.68,,,,,,,,,,,,,13.407,,,0.517,,,7.568,,3.86,,,,,,,,,,,,,,,,
Bangladesh,1972,BGD,69346712,57036337152.0,,,,,,,,,,-0.0,-0.0,15.675,1.087,,,,,,,,7.156,,,,13.305,1.784,219.053,0.266,13.839,1.784,,,211.591,14.673,,96.593,0.0,0.0,3.667,,,52.881,0.0,0.0,64.262,4.456,,24.141,,0.0,0.0,0.517,2.524,0.175,7.462,,3.407,0.0,0.0,0.517,2.524,0.175,7.462,,3.407,,,,,0.0,0.0,0.0,0.0,,0.0,21.926,1.784,9.919,,,143.035,,0.0,0.0,0.0,,65.297,0.0,0.0,,,,0.0,,0.0,,,0.0,,15.191,0.0,0.0,0.517,2.524,0.175,7.462,,3.407,,,0.0,0.0,0.0,0.0,,0.0,,,0.0,0.0,0.0,0.0,,0.0
Bangladesh,1973,BGD,71144816,57327091712.0,,,,,,,,,,29.947,0.326,19.854,1.413,,,,,,,,7.251,,,,28.239,4.29,273.811,0.34,26.091,3.828,,,260.054,18.501,,94.976,60.367,2.214,5.881,,,82.661,38.013,1.694,86.449,6.15,,30.189,,89.143,0.461,0.979,4.652,0.331,13.757,,5.024,89.143,0.461,0.979,4.652,0.331,13.757,,5.024,,,,0.0,0.0,0.0,0.0,0.0,,0.0,12.996,1.289,11.208,,,157.539,,0.0,0.0,0.0,,57.536,0.0,0.0,,,0.0,0.0,,0.0,,,0.0,,19.48,89.143,0.461,0.979,4.652,0.331,13.757,,5.024,,0.0,0.0,0.0,0.0,0.0,,0.0,,0.0,0.0,0.0,0.0,0.0,,0.0
Bangladesh,1974,BGD,72947808,65037824000.0,,,,,,,,,,-11.111,-0.157,17.212,1.256,,,,,,,,6.052,,,,6.5,1.266,284.403,0.319,8.251,1.527,,,274.552,20.028,,96.537,20.949,1.232,7.113,,,97.506,10.798,0.664,93.416,6.814,,34.285,,-26.586,-0.26,0.719,3.331,0.243,9.85,,3.463,-26.586,-0.26,0.719,3.331,0.243,9.85,,3.463,,,,0.0,0.0,0.0,0.0,0.0,,0.0,4.028,0.451,11.66,,,159.834,,0.0,0.0,0.0,,56.2,0.0,0.0,,,0.0,0.0,,0.0,,,0.0,,20.747,-26.586,-0.26,0.719,3.331,0.243,9.85,,3.463,,0.0,0.0,0.0,0.0,0.0,,0.0,,0.0,0.0,0.0,0.0,0.0,,0.0
Bangladesh,1975,BGD,74700344,64196587520.0,,,,,,,,,,15.74,0.198,19.454,1.453,,,,,,,,6.813,,,,2.818,0.585,285.556,0.332,0.069,0.014,,,268.297,20.042,,93.956,-30.311,-2.156,4.957,,,66.357,-33.757,-2.3,60.43,4.514,,23.238,,79.424,0.571,1.289,5.837,0.436,17.259,,6.044,79.424,0.571,1.289,5.837,0.436,17.259,,6.044,,,,0.0,0.0,0.0,0.0,0.0,,0.0,16.915,1.972,13.632,,,182.486,,0.0,0.0,0.0,,63.906,0.0,0.0,,,0.0,0.0,,0.0,,,0.0,,21.331,79.424,0.571,1.289,5.837,0.436,17.259,,6.044,,0.0,0.0,0.0,0.0,0.0,,0.0,,0.0,0.0,0.0,0.0,0.0,,0.0
Bangladesh,1976,BGD,76380080,67082022912.0,,,,,,,,,,-1.2,-0.017,18.798,1.436,,,,,,,,5.768,,,,16.698,3.562,325.91,0.371,16.917,3.39,,,306.785,23.432,,94.132,46.214,2.291,7.248,,,94.889,52.239,2.358,89.974,6.872,,29.115,,13.303,0.172,1.461,6.468,0.494,19.125,,5.868,13.303,0.172,1.461,6.468,0.494,19.125,,5.868,,,,0.0,0.0,0.0,0.0,0.0,,0.0,8.195,1.117,14.749,,,193.098,,0.0,0.0,0.0,,59.249,0.0,0.0,,,0.0,0.0,,0.0,,,0.0,,24.893,13.303,0.172,1.461,6.468,0.494,19.125,,5.868,,0.0,0.0,0.0,0.0,0.0,,0.0,,0.0,0.0,0.0,0.0,0.0,,0.0
Bangladesh,1977,BGD,78137792,67704295424.0,,,,,,,,,,4.454,0.064,19.193,1.5,,,,,,,,5.895,,,,2.19,0.545,325.556,0.376,3.046,0.714,,,309.018,24.146,,94.92,12.085,0.876,8.123,,,103.964,18.207,1.251,103.964,8.123,,31.934,,-11.538,-0.169,1.292,5.593,0.437,16.538,,5.08,-11.538,-0.169,1.292,5.593,0.437,16.538,,5.08,,,,0.0,0.0,0.0,0.0,0.0,,0.0,-1.533,-0.226,14.523,,,185.861,,0.0,0.0,0.0,,57.091,0.0,0.0,,,0.0,0.0,,0.0,,,0.0,,25.438,-11.538,-0.169,1.292,5.593,0.437,16.538,,5.08,,0.0,0.0,0.0,0.0,0.0,,0.0,,0.0,0.0,0.0,0.0,0.0,,0.0
Bangladesh,1978,BGD,80007552,72709603328.0,,,,,,,,,,-3.101,-0.047,18.163,1.453,,,,,,,,5.377,,,,6.234,1.586,337.767,0.372,5.722,1.382,,,319.066,25.528,,94.463,6.043,0.491,8.614,,,107.67,6.043,0.491,107.67,8.614,,31.877,,15.789,0.204,1.496,6.324,0.506,18.701,,5.537,15.789,0.204,1.496,6.324,0.506,18.701,,5.537,,,,0.0,0.0,0.0,0.0,0.0,,0.0,6.454,0.937,15.46,,,193.233,,0.0,0.0,0.0,,57.209,0.0,0.0,,,0.0,0.0,,0.0,,,0.0,,27.024,15.789,0.204,1.496,6.324,0.506,18.701,,5.537,,0.0,0.0,0.0,0.0,0.0,,0.0,,0.0,0.0,0.0,0.0,0.0,,0.0
Bangladesh,1979,BGD,81908160,76312879104.0,,,,,,,,,,-25.599,-0.372,13.2,1.081,,,,,,,,3.629,,,,10.254,2.771,363.76,0.39,9.917,2.531,,,342.568,28.059,,94.174,14.525,1.251,9.866,,,120.447,14.525,1.251,120.447,9.866,,33.112,,16.008,0.24,1.736,7.167,0.587,21.191,,5.826,16.008,0.24,1.736,7.167,0.587,21.191,,5.826,,,,0.0,0.0,0.0,0.0,0.0,,0.0,10.687,1.652,17.112,,,208.921,,0.0,0.0,0.0,,57.434,0.0,0.0,,,0.0,0.0,,0.0,,,0.0,,29.795,16.008,0.24,1.736,7.167,0.587,21.191,,5.826,,0.0,0.0,0.0,0.0,0.0,,0.0,,0.0,0.0,0.0,0.0,0.0,,0.0
Bangladesh,1980,BGD,83929768,76945170432.0,,,,,,,,,,33.588,0.363,17.209,1.444,,,,,0.0,0.0,,4.156,,,,16.632,4.955,414.041,0.452,17.703,4.967,,,393.501,33.026,,95.039,24.585,2.425,12.291,,,146.445,24.585,2.425,146.445,12.291,,35.37,,-0.681,-0.012,1.724,6.946,0.583,20.54,,4.961,-0.681,-0.012,1.724,6.946,0.583,20.54,,4.961,,,,0.0,0.0,0.0,0.0,0.0,,0.0,12.732,2.179,19.291,,,229.847,,0.0,0.0,0.0,,55.513,0.0,0.0,,,0.0,0.0,,0.0,,,0.0,,34.75,-0.681,-0.012,1.724,6.946,0.583,20.54,,4.961,,0.0,0.0,0.0,0.0,0.0,,0.0,,0.0,0.0,0.0,0.0,0.0,,0.0
Bangladesh,1981,BGD,86154832,79474311168.0,,,,,,,,,,2.801,0.04,17.234,1.485,,,,0.0,0.0,0.0,,4.03,,,,6.012,2.089,427.599,0.464,5.95,1.965,,,406.148,34.992,,94.983,10.762,1.323,13.614,,,158.016,10.762,1.323,158.016,13.614,,36.954,,7.204,0.124,1.848,7.254,0.625,21.451,,5.017,7.204,0.124,1.848,7.254,0.625,21.451,,5.017,,,,0.0,0.0,0.0,0.0,0.0,,0.0,3.12,0.602,19.893,,,230.898,,0.0,0.0,0.0,,53.999,0.0,0.0,,,0.0,0.0,,0.0,,,0.0,,36.84,7.204,0.124,1.848,7.254,0.625,21.451,,5.017,,0.0,0.0,0.0,0.0,0.0,,0.0,,0.0,0.0,0.0,0.0,0.0,,0.0
Bangladesh,1982,BGD,88555344,80492429312.0,,,,,,,,,,21.141,0.314,20.311,1.799,,,,0.0,0.0,0.0,,4.426,,,,10.319,3.802,458.937,0.505,11.726,4.103,,,441.474,39.095,,96.195,29.83,4.061,17.675,,,199.591,29.83,4.061,199.591,17.675,,43.49,,-16.32,-0.302,1.547,5.906,0.523,17.464,,3.805,-16.32,-0.302,1.547,5.906,0.523,17.464,,3.805,,,,0.0,0.0,0.0,0.0,0.0,,0.0,-1.365,-0.272,19.621,,,221.571,,0.0,0.0,0.0,,48.279,0.0,0.0,,,0.0,0.0,,0.0,,,0.0,,40.641,-16.32,-0.302,1.547,5.906,0.523,17.464,,3.805,,0.0,0.0,0.0,0.0,0.0,,0.0,,0.0,0.0,0.0,0.0,0.0,,0.0
Bangladesh,1983,BGD,91045480,84456194048.0,,,,,,,,,,-43.404,-0.781,11.181,1.018,,,,0.0,0.0,0.0,,2.533,,,,-1.11,-0.451,441.43,0.476,-2.205,-0.862,,,419.929,38.233,,95.129,11.272,1.992,19.667,,,216.015,11.272,1.992,216.015,19.667,,48.935,,26.577,0.411,1.958,7.271,0.662,21.501,,4.871,26.577,0.411,1.958,7.271,0.662,21.501,,4.871,,,,0.0,0.0,0.0,0.0,0.0,,0.0,-10.569,-2.074,17.547,,,192.733,,0.124,1.36,0.124,,43.661,0.0,0.0,,,0.0,0.0,,0.0,,,0.0,,40.19,26.577,0.411,1.958,7.271,0.662,21.501,,4.871,,0.0,0.0,0.0,0.0,0.0,,0.0,,0.0,0.0,0.0,0.0,0.0,,0.0
Bangladesh,1984,BGD,93534248,89004498944.0,,,,,,,,,,-59.981,-0.611,4.355,0.407,,,,0.0,0.0,0.0,,0.938,,,,8.092,3.252,464.456,0.488,6.689,2.557,,,436.098,40.79,,93.894,15.424,3.033,22.701,,,242.699,15.424,3.033,242.699,22.701,,52.254,,35.498,0.695,2.652,9.59,0.897,28.358,,6.106,35.498,0.695,2.652,9.59,0.897,28.358,,6.106,,,,0.0,0.0,0.0,0.0,0.0,,0.0,0.767,0.135,17.682,,,189.044,100.548,0.125,2.656,0.248,,40.702,0.0,0.0,,,0.0,0.0,,0.0,,,0.0,,43.443,35.498,0.695,2.652,9.59,0.897,28.358,,6.106,,0.0,0.0,0.0,0.0,0.0,,0.0,,0.0,0.0,0.0,0.0,0.0,,0.0
Bangladesh,1985,BGD,95959104,91717607424.0,,,,,,,,,,39.83,0.162,5.936,0.57,,,,0.0,0.0,0.0,,1.18,,4.528,9.38,11.122,4.832,503.07,0.526,12.99,5.299,,,480.297,46.089,,95.473,13.567,3.08,25.78,,,268.661,13.567,3.08,268.661,25.78,,53.404,,-17.614,-0.467,2.185,7.701,0.739,22.772,16.321,4.527,-17.614,-0.467,2.185,7.701,0.739,22.772,16.321,4.527,,,,0.0,0.0,0.0,0.0,0.0,0.0,0.0,11.632,2.057,19.739,,,205.7,77.03,0.191,4.582,0.44,,40.889,0.0,0.0,,,0.0,0.0,,0.0,0.0,,0.0,47.187,48.274,-17.614,-0.467,2.185,7.701,0.739,22.772,16.321,4.527,,0.0,0.0,0.0,0.0,0.0,0.0,0.0,,0.0,0.0,0.0,0.0,0.0,0.0,0.0
Bangladesh,1986,BGD,98271752,95757516800.0,,,,,,,,,,51.022,0.291,8.754,0.86,,,,0.0,0.0,0.0,,1.638,,4.8,9.136,8.83,4.262,534.605,0.549,11.103,5.117,,,521.065,51.206,,97.467,12.76,3.29,29.07,,,295.814,12.76,3.29,295.814,29.07,,55.333,,-39.107,-0.855,1.331,4.579,0.45,13.54,9.375,2.533,-39.107,-0.855,1.331,4.579,0.45,13.54,9.375,2.533,,,,0.0,0.0,0.0,0.0,0.0,0.0,0.0,7.785,1.537,21.275,,,216.496,0.548,0.002,4.499,0.442,,40.497,0.0,0.0,,,0.0,0.0,,0.0,0.0,,0.0,48.844,52.537,-39.107,-0.855,1.331,4.579,0.45,13.54,9.375,2.533,,0.0,0.0,0.0,0.0,0.0,0.0,0.0,,0.0,0.0,0.0,0.0,0.0,0.0,0.0
Bangladesh,1987,BGD,100490256,99663036416.0,,,,,,,,,,57.431,0.494,13.478,1.354,,,,0.0,0.0,0.0,,2.336,,5.587,9.635,10.37,5.448,577.017,0.582,10.252,5.25,,,561.804,56.456,,97.364,17.495,5.086,34.156,,,339.893,17.495,5.086,339.893,34.156,,58.905,,14.889,0.198,1.529,5.145,0.517,15.213,9.254,2.637,14.889,0.198,1.529,5.145,0.517,15.213,9.254,2.637,,,,0.0,0.0,0.0,0.0,0.0,0.0,0.0,-1.551,-0.33,20.945,,,208.433,-0.254,-0.001,4.389,0.441,,36.123,0.0,0.0,,,0.0,0.0,,0.0,0.0,,0.0,55.597,57.985,14.889,0.198,1.529,5.145,0.517,15.213,9.254,2.637,,0.0,0.0,0.0,0.0,0.0,0.0,0.0,,0.0,0.0,0.0,0.0,0.0,0.0,0.0
Bangladesh,1988,BGD,102688832,102457450496.0,,,,,,,,,,3.005,0.041,13.585,1.395,,,,0.0,0.0,0.0,,2.16,,6.541,10.129,11.368,6.592,628.855,0.63,10.849,6.125,,,609.418,62.58,,96.909,17.699,6.045,40.201,,,391.484,17.699,6.045,391.484,40.201,,62.254,,30.561,0.467,1.996,6.573,0.675,19.437,10.32,3.091,30.561,0.467,1.996,6.573,0.675,19.437,10.32,3.091,,,,0.0,0.0,0.0,0.0,0.0,0.0,0.0,0.185,0.039,20.984,,,204.348,14.179,0.063,4.904,0.504,,32.495,0.0,0.0,,,0.0,0.0,,0.0,0.0,,0.0,63.697,64.576,30.561,0.467,1.996,6.573,0.675,19.437,10.32,3.091,,0.0,0.0,0.0,0.0,0.0,0.0,0.0,,0.0,0.0,0.0,0.0,0.0,0.0,0.0
Bangladesh,1989,BGD,104893672,105141755904.0,,,,,,,,,,4.167,0.058,13.854,1.453,,,,0.0,0.0,0.0,,2.087,,7.115,10.221,7.801,5.038,663.665,0.662,6.893,4.313,,,637.73,66.894,,96.092,5.715,2.298,42.499,,,405.16,5.715,2.298,405.16,42.499,,61.049,,36.296,0.724,2.72,8.771,0.92,25.935,12.93,3.908,36.296,0.724,2.72,8.771,0.92,25.935,12.93,3.908,,,,0.0,0.0,0.0,0.0,0.0,0.0,0.0,9.329,1.958,22.942,,,218.716,-21.2,-0.107,3.783,0.397,,32.956,0.0,0.0,,,0.0,0.0,,0.0,0.0,,0.0,67.831,69.614,36.296,0.724,2.72,8.771,0.92,25.935,12.93,3.908,,0.0,0.0,0.0,0.0,0.0,0.0,0.0,,0.0,0.0,0.0,0.0,0.0,0.0,0.0
Bangladesh,1990,BGD,107147656,112105267200.0,,,,,,,,,,125.2,1.819,30.543,3.273,,,,0.0,0.0,0.0,,4.431,,7.732,10.469,6.094,4.242,689.296,0.659,6.501,4.349,,,664.9,71.242,,96.461,7.632,3.243,45.742,,,426.906,7.632,3.243,426.906,45.742,,61.934,,-3.913,-0.106,2.614,8.25,0.884,24.396,11.433,3.539,-3.913,-0.106,2.614,8.25,0.884,24.396,11.433,3.539,,,,0.0,0.0,0.0,0.0,0.0,0.0,0.0,-3.113,-0.714,22.228,,,207.45,46.886,0.186,5.439,0.583,,30.096,0.0,0.0,,,0.0,0.0,,0.0,0.0,,0.0,72.162,73.856,-3.913,-0.106,2.614,8.25,0.884,24.396,11.433,3.539,,0.0,0.0,0.0,0.0,0.0,0.0,0.0,,0.0,0.0,0.0,0.0,0.0,0.0,0.0
Bangladesh,1991,BGD,109242832,117331550208.0,,,,,,,,,,-68.028,-2.226,9.578,1.046,,,,0.0,0.0,0.0,,1.468,,8.27,11.606,-3.523,-2.602,652.259,0.607,-3.461,-2.466,,,629.576,68.777,,96.522,2.985,1.365,47.107,,,431.218,2.985,1.365,431.218,47.107,,66.111,,-5.204,-0.136,2.478,7.671,0.838,22.683,10.133,3.478,-5.204,-0.136,2.478,7.671,0.838,22.683,10.133,3.478,,,,0.0,0.0,0.0,0.0,0.0,0.0,0.0,-7.221,-1.605,20.623,,,188.78,-10.64,-0.062,4.767,0.521,,28.942,0.0,0.0,,,0.0,0.0,,0.0,0.0,,0.0,75.703,71.255,-5.204,-0.136,2.478,7.671,0.838,22.683,10.133,3.478,,0.0,0.0,0.0,0.0,0.0,0.0,0.0,,0.0,0.0,0.0,0.0,0.0,0.0,0.0
Bangladesh,1992,BGD,111272104,123425128448.0,,,,,,,,,,-6.111,-0.064,8.828,0.982,,,,0.0,0.0,0.0,,1.264,,8.894,11.445,9.06,6.456,698.383,0.63,9.567,6.58,,,677.23,75.357,,96.971,9.049,4.263,51.37,,,461.663,9.049,4.263,461.663,51.37,,66.104,,-5.012,-0.124,2.354,7.154,0.796,21.153,8.95,3.029,-5.012,-0.124,2.354,7.154,0.796,21.153,8.95,3.029,,,,0.0,0.0,0.0,0.0,0.0,0.0,0.0,11.547,2.381,23.004,,,206.739,24.153,0.126,5.811,0.647,,29.602,0.0,0.0,,,0.0,0.0,,0.0,0.0,,0.0,79.93,77.711,-5.012,-0.124,2.354,7.154,0.796,21.153,8.95,3.029,,0.0,0.0,0.0,0.0,0.0,0.0,0.0,,0.0,0.0,0.0,0.0,0.0,0.0,0.0
Bangladesh,1993,BGD,113418760,129907343360.0,,,,,,,,,,-62.722,-0.616,3.229,0.366,,,,0.0,0.0,0.0,,0.429,,9.206,10.775,9.941,7.725,753.277,0.658,10.989,8.281,,,737.426,83.638,,97.896,11.938,6.132,57.503,,,506.993,11.938,6.132,506.993,57.503,,67.305,,-23.618,-0.556,1.798,5.361,0.608,15.851,6.604,2.104,-23.618,-0.556,1.798,5.361,0.608,15.851,6.604,2.104,,,,0.0,0.0,0.0,0.0,0.0,0.0,0.0,12.019,2.765,25.769,,,227.204,9.317,0.06,6.232,0.707,,30.162,0.0,0.0,,,0.0,0.0,,0.0,0.0,,0.0,81.168,85.436,-23.618,-0.556,1.798,5.361,0.608,15.851,6.604,2.104,,0.0,0.0,0.0,0.0,0.0,0.0,0.0,,0.0,0.0,0.0,0.0,0.0,0.0,0.0
Bangladesh,1994,BGD,115614904,137432670208.0,,,,,,,,,,-6.349,-0.023,2.966,0.343,,,,0.0,0.0,0.0,,0.378,,9.784,10.788,6.15,5.254,784.415,0.66,5.437,4.548,,,762.752,88.186,,97.238,6.057,3.483,60.986,,,527.49,6.057,3.483,527.49,60.986,,67.246,,39.309,0.707,2.505,7.326,0.847,21.663,8.657,2.762,39.309,0.707,2.505,7.326,0.847,21.663,8.657,2.762,,,,0.0,0.0,0.0,0.0,0.0,0.0,0.0,4.221,1.088,26.857,,,232.296,35.092,0.248,8.259,0.955,,29.614,0.0,0.0,,,0.0,0.0,,0.0,0.0,,0.0,84.626,90.69,39.309,0.707,2.505,7.326,0.847,21.663,8.657,2.762,,0.0,0.0,0.0,0.0,0.0,0.0,0.0,,0.0,0.0,0.0,0.0,0.0,0.0,0.0
Bangladesh,1995,BGD,117793336,145833066496.0,,,,,,,,,,988.125,3.389,31.681,3.732,,,,0.0,0.0,0.0,,3.484,,10.806,10.089,18.104,16.419,909.293,0.734,20.211,17.823,,,899.954,106.009,,98.973,10.556,6.438,67.423,,,572.387,10.556,6.438,572.387,67.423,,62.949,,-56.08,-1.405,1.1,3.158,0.372,9.338,3.443,1.027,-56.08,-1.405,1.1,3.158,0.372,9.338,3.443,1.027,,,,0.0,0.0,0.0,0.0,0.0,0.0,0.0,29.775,7.997,34.853,,,295.887,-19.482,-0.186,6.527,0.769,,32.54,0.0,0.0,,,0.0,0.0,,0.0,0.0,,0.0,91.737,107.109,-56.08,-1.405,1.1,3.158,0.372,9.338,3.443,1.027,,0.0,0.0,0.0,0.0,0.0,0.0,0.0,,0.0,0.0,0.0,0.0,0.0,0.0,0.0
Bangladesh,1996,BGD,119876872,155028881408.0,,,,,,,,,,-45.171,-1.686,17.068,2.046,,,,0.0,0.0,0.0,,1.824,,11.474,10.226,4.756,5.094,935.981,0.724,3.781,4.009,,,917.752,110.017,,98.052,7.329,4.941,72.365,,,603.658,7.329,4.941,603.658,72.365,,64.495,,98.656,1.085,2.185,6.165,0.739,18.229,6.441,1.948,98.656,1.085,2.185,6.165,0.739,18.229,6.441,1.948,,,,0.0,0.0,0.0,0.0,0.0,0.0,0.0,2.16,0.753,35.606,,,297.025,24.537,0.189,7.987,0.958,,31.734,0.0,0.0,,,0.0,0.0,,0.0,0.0,,0.0,95.715,112.202,98.656,1.085,2.185,6.165,0.739,18.229,6.441,1.948,,0.0,0.0,0.0,0.0,0.0,0.0,0.0,,0.0,0.0,0.0,0.0,0.0,0.0,0.0
Bangladesh,1997,BGD,122039232,165329633280.0,,,,,,,,,,83.523,1.709,30.769,3.755,,,,0.0,0.0,0.0,,3.185,,11.858,10.058,5.07,5.688,966.007,0.713,5.224,5.747,,,948.586,115.765,,98.197,-1.702,-1.232,71.133,,,582.868,-1.702,-1.232,582.868,71.133,,60.338,,-2.706,-0.059,2.126,5.892,0.719,17.421,6.063,1.803,-2.706,-0.059,2.126,5.892,0.719,17.421,6.063,1.803,,,,0.0,0.0,0.0,0.0,0.0,0.0,0.0,14.802,5.27,40.877,,,334.949,12.68,0.121,8.841,1.079,,34.674,0.0,0.0,,,0.0,0.0,,0.0,0.0,,0.0,97.165,117.891,-2.706,-0.059,2.126,5.892,0.719,17.421,6.063,1.803,,0.0,0.0,0.0,0.0,0.0,0.0,0.0,,0.0,0.0,0.0,0.0,0.0,0.0,0.0
Bangladesh,1998,BGD,124350472,175900622848.0,,,,,,,,,,-71.208,-2.674,8.695,1.081,,,,0.0,0.0,0.0,,0.861,,12.882,10.26,6.505,7.668,1009.72,0.714,6.251,7.237,,,989.151,123.001,,97.963,8.058,5.732,76.864,,,618.128,8.058,5.732,618.128,76.864,,61.218,,20.306,0.432,2.558,6.956,0.865,20.569,6.715,2.037,20.306,0.432,2.558,6.956,0.865,20.569,6.715,2.037,,,,0.0,0.0,0.0,0.0,0.0,0.0,0.0,10.223,4.179,45.056,,,362.329,-5.748,-0.062,8.178,1.017,,35.884,0.0,0.0,,,0.0,0.0,,0.0,0.0,,0.0,103.594,125.559,20.306,0.432,2.558,6.956,0.865,20.569,6.715,2.037,,0.0,0.0,0.0,0.0,0.0,0.0,0.0,,0.0,0.0,0.0,0.0,0.0,0.0,0.0
Bangladesh,1999,BGD,126754824,187796340736.0,,,,,,,,,,-50.538,-0.546,4.219,0.535,,,,0.0,0.0,0.0,,0.421,,14.45,11.379,1.136,1.426,1001.819,0.676,1.236,1.521,,,982.386,124.522,,98.06,9.028,6.939,83.804,,,661.147,9.028,6.939,661.147,83.804,,65.995,,-3.699,-0.095,2.463,6.572,0.833,19.433,5.765,1.94,-3.699,-0.095,2.463,6.572,0.833,19.433,5.765,1.94,,,,0.0,0.0,0.0,0.0,0.0,0.0,0.0,-10.813,-4.872,40.184,,,317.02,-6.098,-0.062,7.533,0.955,,31.644,0.0,0.0,,,0.0,0.0,,0.0,0.0,,0.0,114.0,126.985,-3.699,-0.095,2.463,6.572,0.833,19.433,5.765,1.94,,0.0,0.0,0.0,0.0,0.0,0.0,0.0,,0.0,0.0,0.0,0.0,0.0,0.0,0.0
Bangladesh,2000,BGD,129193336,200830320640.0,,,,,0.0,0.0,0.0,,572.966,617.398,3.302,29.695,3.836,0.0,0.0,,0.0,0.0,0.0,0.0,2.818,14.87,14.87,10.924,7.194,9.135,1053.621,0.678,7.536,9.384,107.823,13.93,1036.478,133.906,93.679,98.373,8.088,6.778,90.582,46.365,5.99,701.134,8.088,6.778,701.134,90.582,40.282,66.545,8.52,-10.084,-0.248,2.215,7.276,0.94,17.143,6.321,1.627,-10.084,-0.248,2.215,7.276,0.94,17.143,6.321,1.627,0.0,0.0,,0.0,0.0,0.0,0.0,0.0,0.0,0.0,-1.732,-0.696,39.488,61.458,7.94,305.648,71.905,0.687,12.706,1.642,53.396,29.009,0.0,0.0,0.0,,0.0,0.0,0.0,0.0,0.0,0.0,0.0,115.099,136.121,-10.084,-0.248,2.215,7.276,0.94,17.143,6.321,1.627,,0.0,0.0,0.0,0.0,0.0,0.0,0.0,,0.0,0.0,0.0,0.0,0.0,0.0,0.0
Bangladesh,2001,BGD,131670488,213178122240.0,,,,,0.0,0.0,0.0,,561.928,6.06,0.233,30.902,4.069,0.0,0.0,,0.0,0.0,0.0,0.0,2.615,16.39,16.39,10.534,14.299,19.464,1181.624,0.73,14.011,18.762,117.035,15.41,1159.468,152.668,94.021,98.125,11.978,10.85,101.432,57.796,7.61,770.348,11.978,10.85,770.348,101.432,46.431,65.194,9.21,32.577,0.702,2.917,7.443,0.98,22.155,5.979,1.875,32.577,0.702,2.917,7.443,0.98,22.155,5.979,1.875,0.0,0.0,,,,0.0,0.0,,0.0,,19.447,7.679,47.167,59.239,7.8,358.218,33.002,0.542,16.581,2.183,47.59,30.316,0.0,0.0,0.0,,0.0,0.0,0.0,0.0,0.0,0.0,0.0,124.477,155.585,32.577,0.702,2.917,7.443,0.98,22.155,5.979,1.875,,0.0,0.0,0.0,0.0,0.0,0.0,0.0,,0.0,0.0,0.0,0.0,0.0,0.0,0.0
Bangladesh,2002,BGD,134139824,226307964928.0,,,,,0.0,0.0,0.0,,552.841,4.429,0.18,31.677,4.249,0.0,0.0,,0.0,0.0,0.0,0.0,2.723,17.6,17.6,11.28,0.282,0.438,1163.139,0.689,0.766,1.169,123.379,16.55,1146.839,153.837,94.034,98.599,5.205,5.279,106.711,67.094,9.0,795.523,5.205,5.279,795.523,106.711,51.136,68.395,9.73,-24.572,-0.731,2.186,7.828,1.05,16.298,5.966,1.401,-24.562,-0.731,2.186,7.828,1.05,16.3,5.966,1.401,0.0,0.0,,,,0.0,0.0,,0.0,,-9.097,-4.291,42.876,56.285,7.55,319.638,76.38,1.668,28.708,3.851,42.898,27.481,0.0,0.0,0.0,,0.0,0.0,0.0,0.0,0.0,0.0,0.0,131.206,156.023,-24.562,-0.731,2.186,7.828,1.05,16.3,5.966,1.401,,0.0,0.0,0.0,0.0,0.002,0.0,0.0,,0.0,0.0,0.0,0.0,0.0,0.0,0.0
Bangladesh,2003,BGD,136503216,242360090624.0,,,,,0.0,0.0,0.0,,552.448,-4.378,-0.186,29.766,4.063,0.0,0.0,,0.137,1.001,0.137,0.0,2.464,18.59,18.59,11.272,5.7,8.893,1208.146,0.68,5.788,8.904,127.982,17.47,1192.214,162.741,93.975,98.681,7.565,8.073,114.784,69.595,9.5,840.891,7.565,8.073,840.891,114.784,51.103,69.602,10.27,0.0,-0.014,2.172,8.205,1.12,15.913,6.025,1.317,0.107,-0.012,2.175,8.205,1.12,15.932,6.025,1.319,0.0,0.0,,,,0.0,0.0,,0.0,,2.373,1.017,43.894,58.387,7.97,321.558,0.0,0.0,28.211,3.851,42.873,26.616,0.0,0.0,0.0,,0.0,0.0,0.0,0.0,0.0,0.0,0.0,136.187,164.916,0.107,-0.012,2.175,8.205,1.12,15.932,6.025,1.319,800.0,0.002,0.003,0.0,0.0,0.019,0.0,0.002,,0.0,0.0,0.0,0.0,0.0,0.0,0.0
Bangladesh,2004,BGD,138789728,260420370432.0,,,,,0.0,0.0,0.0,,556.75,0.143,0.006,29.317,4.069,0.0,0.0,189.423,0.259,2.851,0.396,0.0,2.324,23.26,23.26,13.285,6.162,10.163,1261.467,0.672,6.251,10.174,158.873,22.05,1245.876,172.915,94.798,98.764,7.508,8.618,123.402,86.39,11.99,889.131,7.508,8.618,889.131,123.402,51.548,70.484,12.95,0.0,-0.014,2.158,8.718,1.21,15.551,5.202,1.233,0.133,-0.011,2.164,8.718,1.21,15.591,5.202,1.236,0.0,0.0,,,,0.0,0.0,,0.0,,3.531,1.55,45.444,72.484,10.06,327.427,-0.855,-0.033,27.509,3.818,43.25,25.956,0.0,0.0,0.0,,0.0,0.0,0.0,0.0,0.0,0.0,0.0,167.592,175.079,0.133,-0.011,2.164,8.718,1.21,15.591,5.202,1.236,111.111,0.003,0.005,0.0,0.0,0.039,0.0,0.003,,0.0,0.0,0.0,0.0,0.0,0.0,0.0
Bangladesh,2005,BGD,140912592,280327127040.0,,,,,0.0,0.0,0.0,,555.643,105.164,4.279,59.242,8.348,0.0,0.0,175.521,0.694,7.736,1.09,0.0,4.402,25.43,25.43,13.409,8.321,14.569,1345.851,0.677,8.431,14.578,171.383,24.15,1330.562,187.493,94.967,98.864,7.481,9.231,132.634,94.952,13.38,941.247,7.481,9.231,941.247,132.634,52.615,69.937,14.13,0.0,-0.014,2.145,9.084,1.28,15.22,5.033,1.131,0.2,-0.009,2.154,9.084,1.28,15.289,5.033,1.136,0.0,0.0,,,,0.0,0.0,,0.0,,2.35,1.068,46.511,76.43,10.77,330.072,-0.273,-0.01,27.02,3.807,42.352,24.525,0.0,0.0,0.0,,0.0,0.0,0.0,0.0,0.0,0.0,0.0,180.466,189.647,0.2,-0.009,2.154,9.084,1.28,15.289,5.033,1.136,78.947,0.004,0.01,0.0,0.0,0.069,0.0,0.005,,0.0,0.0,0.0,0.0,0.0,0.0,0.0
Bangladesh,2006,BGD,142628832,303335342080.0,,,,,0.0,0.0,0.0,,568.205,51.939,4.336,88.929,12.684,9.956,1.42,70.225,0.766,13.01,1.856,4.855,6.181,29.25,29.25,14.254,8.206,15.562,1438.764,0.677,8.302,15.565,195.332,27.86,1423.682,203.058,95.248,98.952,8.294,11.0,143.634,102.714,14.65,1007.045,8.294,11.0,1007.045,143.634,50.085,69.994,16.62,0.0,-0.013,2.131,9.675,1.38,14.942,4.718,1.039,0.478,-0.003,2.151,9.746,1.39,15.082,4.752,1.048,0.0,0.0,,,,0.0,0.0,,0.0,,0.493,0.229,46.741,82.662,11.79,327.708,0.0,0.0,26.695,3.807,40.308,22.777,0.0,0.0,0.0,,0.0,0.0,0.0,0.0,0.0,0.0,0.0,205.078,205.209,0.478,-0.003,2.151,9.746,1.39,15.082,4.752,1.048,58.824,0.006,0.015,0.07,0.01,0.108,0.034,0.007,,0.005,0.005,0.0,0.0,0.032,0.0,0.002
Bangladesh,2007,BGD,144135936,327171244032.0,,,,,0.0,0.0,0.0,,576.857,-18.389,-2.332,71.817,10.351,9.644,1.39,28.053,0.521,16.486,2.376,4.759,4.925,29.21,29.21,13.898,2.416,4.958,1458.119,0.642,2.443,4.961,197.383,28.45,1443.218,208.02,97.398,98.978,6.774,9.73,153.364,107.607,15.51,1064.021,6.774,9.73,1064.021,153.364,53.098,72.972,16.85,0.0,-0.013,2.118,5.134,0.74,14.694,2.533,1.008,0.476,-0.003,2.148,5.273,0.76,14.902,2.602,1.022,0.0,0.0,,,,0.0,0.0,,0.0,,-5.212,-2.436,44.304,80.133,11.55,307.379,0.0,0.0,26.416,3.807,39.541,21.081,0.0,0.0,0.0,,0.0,0.0,0.0,0.0,0.0,0.0,0.0,202.656,210.167,0.476,-0.003,2.148,5.273,0.76,14.902,2.602,1.022,66.667,0.01,0.025,0.139,0.02,0.177,0.068,0.012,0.0,-0.0,0.005,0.0,0.0,0.031,0.0,0.002
Bangladesh,2008,BGD,145421328,349580427264.0,,,,,0.0,0.0,0.0,,574.257,5.262,0.545,74.928,10.896,10.521,1.53,74.485,1.77,28.511,4.146,4.734,4.902,32.32,32.32,14.54,5.768,12.122,1528.589,0.636,5.552,11.549,215.649,31.36,1509.882,219.569,97.03,98.776,6.782,10.4,163.764,117.589,17.1,1126.136,6.782,10.4,1126.136,163.764,52.908,73.672,18.56,26.836,0.552,2.67,6.464,0.94,18.357,2.908,1.201,27.449,0.573,2.72,6.602,0.96,18.707,2.97,1.224,0.0,0.0,,,,0.0,0.0,,0.0,,1.364,0.604,44.909,87.539,12.73,308.818,-5.17,-0.197,24.829,3.611,39.387,20.203,0.0,0.0,0.0,,0.0,0.0,0.0,0.0,0.0,0.0,0.0,222.251,222.289,27.449,0.573,2.72,6.602,0.96,18.707,2.97,1.224,68.889,0.017,0.043,0.138,0.02,0.294,0.062,0.019,81.25,0.004,0.008,0.0,0.0,0.056,0.0,0.004
Bangladesh,2009,BGD,146706816,372835123200.0,,,,,0.0,0.0,0.0,,583.975,24.952,2.719,92.803,13.615,11.52,1.69,22.304,0.925,34.564,5.071,4.819,5.587,35.07,35.07,14.392,9.621,21.387,1660.972,0.654,10.41,22.857,235.845,34.6,1652.453,242.426,98.66,99.487,14.474,23.703,187.467,128.624,18.87,1277.837,14.474,23.703,1277.837,187.467,53.807,76.933,20.48,-56.105,-1.505,1.165,2.999,0.44,7.938,1.255,0.478,-53.777,-1.471,1.25,3.204,0.47,8.519,1.34,0.513,0.0,0.0,,,,0.0,0.0,,0.0,,-7.938,-3.565,41.344,95.701,14.04,281.813,-11.723,-0.423,21.726,3.187,40.034,16.967,0.001,0.0,0.0,,0.001,0.0,0.0,0.006,0.0,0.0,0.0,239.048,243.676,-53.777,-1.471,1.25,3.204,0.47,8.519,1.34,0.513,65.132,0.027,0.07,0.204,0.03,0.478,0.086,0.029,75.862,0.006,0.014,0.0,0.0,0.097,0.0,0.006
Bangladesh,2010,BGD,148391136,400257024000.0,,,,,0.067,0.01,0.026,,574.435,-36.277,-4.939,58.466,8.676,11.793,1.75,-14.855,-0.753,29.095,4.318,4.547,3.468,38.49,38.49,15.385,2.668,6.501,1685.93,0.625,2.305,5.589,253.721,37.65,1671.358,248.015,97.818,99.136,2.704,5.07,192.537,143.809,21.34,1297.499,2.704,5.07,1297.499,192.537,55.443,76.96,22.11,74.82,0.859,2.023,5.122,0.76,13.636,1.975,0.809,74.082,0.913,2.162,5.661,0.84,14.572,2.182,0.864,0.0,0.0,,,,0.0,0.0,,0.0,,13.201,5.458,46.802,98.119,14.56,315.394,0.006,0.0,21.481,3.188,37.828,18.707,0.002,0.01,0.0,107.368,0.001,0.067,0.0,0.013,0.026,0.0,0.001,259.382,250.177,74.082,0.913,2.162,5.661,0.84,14.572,2.182,0.864,76.494,0.053,0.123,0.472,0.07,0.829,0.182,0.049,0.0,-0.0,0.014,0.0,0.0,0.095,0.0,0.006
Bangladesh,2011,BGD,150211008,431620194304.0,,,,,0.067,0.01,0.024,,572.732,48.869,4.24,85.983,12.916,11.783,1.77,-5.39,-0.233,27.194,4.085,4.249,4.76,41.66,41.66,15.353,8.459,21.163,1806.394,0.629,8.363,20.742,270.752,40.67,1789.195,268.757,97.624,99.048,1.706,3.284,195.821,153.451,23.05,1303.643,1.706,3.284,1303.643,195.821,55.329,72.168,23.86,19.616,0.382,2.406,6.125,0.92,16.014,2.208,0.887,20.204,0.421,2.584,6.591,0.99,17.199,2.376,0.952,0.0,0.0,,,,0.0,0.0,,0.0,,28.243,13.218,60.02,105.518,15.85,399.57,0.0,0.0,21.22,3.188,38.046,22.12,0.003,0.01,0.0,48.223,0.001,0.067,0.0,0.019,0.024,0.0,0.001,277.343,271.34,20.204,0.421,2.584,6.591,0.99,17.199,2.376,0.952,31.828,0.038,0.161,0.399,0.06,1.073,0.144,0.059,0.0,-0.0,0.014,0.0,0.0,0.094,0.0,0.005
Bangladesh,2012,BGD,152090656,458682957824.0,,,,,0.132,0.02,0.044,,577.443,-17.486,-2.258,70.071,10.657,11.901,1.81,25.187,1.029,33.622,5.114,3.949,3.615,45.84,45.84,15.551,8.636,23.434,1938.148,0.643,8.789,23.62,295.284,44.91,1922.385,292.377,97.971,99.187,8.958,17.541,213.363,162.666,24.74,1402.866,8.958,17.541,1402.866,213.363,53.97,72.382,26.47,-10.894,-0.275,2.13,5.392,0.82,14.008,1.789,0.723,-6.643,-0.186,2.397,6.115,0.93,15.763,2.029,0.813,0.0,0.0,,,,0.0,0.0,,0.0,,13.891,8.337,68.357,120.717,18.36,449.448,-6.229,-0.199,19.653,2.989,40.052,23.19,0.004,0.02,0.0,33.448,0.001,0.132,0.0,0.025,0.044,0.0,0.001,301.399,294.774,-6.643,-0.186,2.397,6.115,0.93,15.763,2.029,0.813,55.651,0.088,0.249,0.592,0.09,1.639,0.196,0.085,0.0,-0.0,0.014,0.0,0.0,0.092,0.0,0.005
Bangladesh,2013,BGD,154030144,486328205312.0,,,,,0.195,0.03,0.06,,570.943,38.503,4.103,95.828,14.76,12.011,1.85,2.395,0.122,33.994,5.236,3.697,4.813,50.04,50.04,16.316,4.046,11.926,1991.17,0.631,4.093,11.967,317.73,48.94,1975.869,304.343,97.802,99.232,2.889,6.165,219.528,183.925,28.33,1425.227,2.889,6.165,1425.227,219.528,56.615,71.577,28.57,-6.258,-0.145,1.985,6.103,0.94,12.888,1.878,0.647,-1.109,-0.041,2.357,7.141,1.1,15.301,2.198,0.768,0.0,0.0,,,,0.0,0.0,,0.0,,2.484,1.698,70.055,121.794,18.76,454.814,-14.105,-0.422,16.668,2.567,37.49,22.842,0.005,0.03,0.0,24.38,0.001,0.195,0.0,0.03,0.06,0.0,0.002,324.871,306.7,-1.109,-0.041,2.357,7.141,1.1,15.301,2.198,0.768,42.534,0.104,0.353,0.844,0.13,2.292,0.26,0.115,-0.373,-0.0,0.014,0.0,0.0,0.09,0.0,0.005
Bangladesh,2014,BGD,155961312,517114527744.0,,,,,0.192,0.03,0.057,,571.592,-36.648,-5.409,59.957,9.351,12.118,1.89,10.76,0.563,37.186,5.8,3.594,2.938,54.86,52.59,16.524,3.772,11.57,2040.698,0.615,3.917,11.92,332.005,51.78,2027.835,316.264,98.46,99.37,4.872,10.695,230.223,196.78,30.69,1476.153,4.872,10.695,1476.153,230.223,58.357,72.336,30.06,-22.231,-0.451,1.535,3.975,0.62,9.839,1.179,0.482,-14.372,-0.351,2.006,5.194,0.81,12.863,1.54,0.63,2.27,4.138,,,,0.0,0.0,,0.0,,9.471,6.635,76.69,123.107,19.2,491.725,0.0,0.0,16.462,2.567,36.509,24.096,0.006,0.03,0.0,20.426,0.001,0.192,0.0,0.036,0.057,0.0,0.002,337.199,318.27,-14.372,-0.351,2.006,5.194,0.81,12.863,1.54,0.63,28.854,0.099,0.452,1.026,0.16,2.9,0.304,0.142,0.0,-0.0,0.014,0.0,0.0,0.088,0.0,0.004
Bangladesh,2015,BGD,157830000,552394686464.0,,,,,0.19,0.03,0.054,,555.675,227.589,21.282,194.089,30.633,10.391,1.64,-28.617,-1.66,26.23,4.14,2.95,7.952,58.97,55.59,14.43,21.038,66.957,2440.769,0.697,20.864,65.985,346.956,54.76,2421.9,382.249,98.507,99.227,12.3,28.318,258.541,231.071,36.47,1638.096,12.3,28.318,1638.096,258.541,65.605,67.114,30.89,58.556,0.884,2.419,3.738,0.59,15.325,1.061,0.628,49.301,0.972,2.978,5.259,0.83,18.868,1.493,0.773,3.38,5.732,,,,0.0,0.0,,0.0,,21.365,16.385,93.075,105.493,16.65,589.716,0.0,0.0,16.267,2.567,29.951,24.161,0.011,0.03,0.0,103.198,0.006,0.19,0.0,0.072,0.054,0.0,0.003,352.214,385.227,49.301,0.972,2.978,5.259,0.83,18.868,1.493,0.773,18.834,0.082,0.534,1.267,0.2,3.385,0.36,0.139,0.0,-0.0,0.014,0.063,0.01,0.087,0.018,0.004
Bangladesh,2016,BGD,159784576,591216050176.0,,,,,0.188,0.03,0.046,,545.805,-24.801,-7.597,144.168,23.036,10.639,1.7,33.58,1.39,34.61,5.53,2.622,5.968,68.66,64.84,16.798,0.2,0.77,2415.728,0.653,0.2,0.765,397.848,63.57,2397.062,383.013,98.041,99.227,2.309,5.969,264.509,278.563,44.51,1655.413,2.309,5.969,1655.413,264.509,68.646,68.526,35.39,-1.505,-0.05,2.368,6.321,1.01,14.821,1.558,0.614,0.748,0.005,2.983,7.948,1.27,18.667,1.959,0.773,3.82,5.564,,,,0.0,0.0,,0.0,,2.571,2.393,95.468,108.646,17.36,597.481,0.274,0.007,16.112,2.574,26.774,24.733,0.012,0.03,0.0,4.778,0.001,0.188,0.0,0.074,0.046,0.0,0.003,405.796,385.996,0.748,0.005,2.983,7.948,1.27,18.667,1.959,0.773,10.893,0.055,0.589,1.377,0.22,3.686,0.339,0.153,0.0,-0.0,0.014,0.063,0.01,0.085,0.015,0.004
Bangladesh,2017,BGD,161793968,636054798336.0,,,,,0.185,0.03,0.044,,538.383,9.035,2.081,155.241,25.117,9.827,1.59,0.0,,,,2.307,6.224,73.57,68.91,17.077,4.543,17.537,2494.115,0.634,4.459,17.08,417.754,67.59,2472.856,400.093,98.084,99.148,0.536,1.417,265.927,307.243,49.71,1643.613,0.536,1.417,1643.613,265.927,72.138,65.9,37.1,16.379,0.372,2.74,6.366,1.03,16.934,1.495,0.679,16.01,0.457,3.44,8.159,1.32,21.259,1.916,0.852,4.66,6.334,,,,0.0,0.0,,0.0,,14.226,13.581,109.049,100.684,16.29,674.001,0.0,,,,23.64,27.024,0.012,0.03,0.0,0.0,0.0,0.185,0.0,0.074,0.044,0.0,0.003,425.912,403.533,16.01,0.457,3.44,8.159,1.32,21.259,1.916,0.852,15.165,0.085,0.674,1.545,0.25,4.167,0.363,0.167,0.0,-0.0,0.014,0.062,0.01,0.084,0.015,0.003
Bangladesh,2018,BGD,163683952,686521778176.0,,,,,0.183,0.03,0.041,,540.968,13.742,3.452,174.537,28.569,19.855,3.25,0.0,,,,4.394,6.636,78.74,73.96,17.18,6.681,26.961,2630.028,0.627,6.838,27.357,443.293,72.56,2611.439,427.451,98.107,99.293,3.145,8.363,274.29,326.544,53.45,1675.729,-0.041,-0.109,1623.969,265.818,72.269,63.715,40.01,-15.941,-0.45,2.29,6.598,1.08,13.988,1.46,0.532,-11.025,-0.397,3.043,8.553,1.4,18.589,1.893,0.707,4.78,6.071,,,,0.0,0.0,,0.0,,14.253,15.542,124.592,96.894,15.86,761.173,0.0,,,,21.444,28.942,0.012,0.03,0.0,0.0,0.0,0.183,0.0,0.073,0.041,0.0,0.003,451.846,430.493,-11.025,-0.397,3.043,8.553,1.4,18.589,1.893,0.707,8.568,0.053,0.728,1.711,0.28,4.446,0.379,0.169,0.0,-0.0,0.013,0.061,0.01,0.082,0.014,0.003
Bangladesh,2019,BGD,165516224,,,,,,0.181,0.03,0.038,,538.045,68.242,19.496,290.394,48.065,19.333,3.2,0.0,,,,4.025,9.958,86.3,79.51,16.472,12.127,52.205,2916.318,,12.209,52.189,473.488,78.37,2897.839,479.639,98.566,99.366,12.78,35.054,309.344,359.904,59.57,1868.964,-4.881,-12.973,1527.611,252.844,74.921,64.086,42.78,-4.89,-0.12,2.17,4.652,0.77,13.108,0.968,0.449,0.891,0.016,3.059,6.888,1.14,18.479,1.434,0.634,6.79,7.868,,,,0.0,0.0,,0.0,,-1.895,-2.361,122.231,94.251,15.6,738.481,0.0,,,,19.62,25.322,0.012,0.03,0.0,0.0,0.0,0.181,0.0,0.072,0.038,0.0,0.002,480.376,482.698,0.891,0.016,3.059,6.888,1.14,18.479,1.434,0.634,19.109,0.136,0.864,1.994,0.33,5.218,0.415,0.179,0.0,-0.0,0.013,0.06,0.01,0.081,0.013,0.003
Bangladesh,2020,BGD,167420944,,,,,,0.179,0.03,0.04,,560.222,8.909,4.282,312.666,52.347,56.922,9.53,0.0,,,,12.586,11.453,82.39,75.72,16.566,-5.309,-25.626,2730.078,,-5.307,-25.455,444.449,74.41,2712.829,454.184,98.27,99.368,-3.294,-10.191,299.153,308.564,51.66,1786.832,-6.144,-15.535,1417.439,237.309,68.225,65.45,42.42,-14.873,-0.329,1.84,5.256,0.88,10.991,1.162,0.403,-5.242,-0.171,2.888,7.825,1.31,17.249,1.73,0.632,6.67,8.096,,,,0.0,0.0,,0.0,,-15.991,-19.546,102.684,78.963,13.22,613.331,0.0,,,,17.459,22.466,0.012,0.03,0.0,3.541,0.0,0.179,0.0,0.074,0.04,0.0,0.003,452.273,457.072,-5.242,-0.171,2.888,7.825,1.31,17.249,1.73,0.632,18.77,0.158,1.022,2.329,0.39,6.104,0.515,0.224,0.274,-0.0,0.013,0.06,0.01,0.08,0.013,0.003
Bangladesh,2021,BGD,169356240,,,,,,0.177,0.03,0.037,,555.914,-19.172,-10.036,249.834,42.311,56.449,9.56,0.0,,,,11.865,8.824,87.13,80.57,16.804,4.901,22.403,2831.162,,4.831,21.943,467.535,79.18,2811.395,476.127,98.275,99.302,2.275,6.806,305.959,332.731,56.35,1806.599,-0.505,-1.199,1394.161,236.11,69.939,63.811,44.79,-2.684,-0.056,1.784,5.196,0.88,10.535,1.092,0.372,16.362,0.46,3.348,8.208,1.39,19.767,1.725,0.698,6.56,7.529,,,,0.0,0.0,,0.0,,24.515,25.173,127.857,78.356,13.27,754.961,0.0,,,,16.47,26.666,0.012,0.03,0.0,-0.273,-0.0,0.177,0.0,0.073,0.037,0.0,0.003,475.743,479.475,16.362,0.46,3.348,8.208,1.39,19.767,1.725,0.698,51.037,0.516,1.538,2.775,0.47,9.081,0.583,0.321,-0.273,-0.0,0.013,0.059,0.01,0.079,0.012,0.003
Bangladesh,2022,BGD,171186368,,,,,,0.175,0.03,0.035,,577.027,18.036,7.631,291.742,49.942,71.267,12.2,0.0,,,,14.314,10.018,92.83,85.23,17.097,3.969,19.028,2912.048,,3.91,18.615,488.181,83.57,2890.08,494.742,98.052,99.246,-4.569,-13.979,291.98,301.426,51.6,1705.627,-1.474,-3.479,1358.93,232.63,60.542,58.571,49.18,13.662,0.236,2.021,5.666,0.97,11.804,1.138,0.405,12.755,0.413,3.761,9.697,1.66,21.968,1.948,0.754,7.6,8.187,,,,0.0,0.0,,0.0,,19.524,24.963,152.82,115.488,19.77,892.711,0.0,,,,23.196,30.656,0.012,0.03,0.0,0.0,0.0,0.175,0.0,0.072,0.035,0.0,0.002,497.878,498.503,12.755,0.413,3.761,9.697,1.66,21.968,1.948,0.754,11.896,0.177,1.715,3.797,0.65,10.016,0.763,0.344,0.0,-0.0,0.013,0.058,0.01,0.077,0.012,0.003
Barbados,1900,BRB,193451,,,,,,,,,,,,,,,,,,,,,,,,,,,,,,,,,,,,,,,,,,,,,,0.0,0.0,,,,,,,,,,,,,,,,,,,,,,,,,,,,,,,,,,,,,,0.0,0.0,,,,,,,,,,,,,,,,,,,,,,,,,,,,,,,,,,,,,,,
Barbados,1901,BRB,192476,,,,,,,,,,,,,,,,,,,,,,,,,,,,,,,,,,,,,,,,,,,,,0.0,0.0,0.0,,,,,,,,,,,,,,,,,,,,,,,,,,,,,,,,,,,,,0.0,0.0,0.0,,,,,,,,,,,,,,,,,,,,,,,,,,,,,,,,,,,,,,,
Barbados,1902,BRB,190746,,,,,,,,,,,,,,,,,,,,,,,,,,,,,,,,,,,,,,,,,,,,,0.0,0.0,0.0,,,,,,,,,,,,,,,,,,,,,,,,,,,,,,,,,,,,,0.0,0.0,0.0,,,,,,,,,,,,,,,,,,,,,,,,,,,,,,,,,,,,,,,
Barbados,1903,BRB,188266,,,,,,,,,,,,,,,,,,,,,,,,,,,,,,,,,,,,,,,,,,,,,0.0,0.0,0.0,,,,,,,,,,,,,,,,,,,,,,,,,,,,,,,,,,,,,0.0,0.0,0.0,,,,,,,,,,,,,,,,,,,,,,,,,,,,,,,,,,,,,,,
Barbados,1904,BRB,185818,,,,,,,,,,,,,,,,,,,,,,,,,,,,,,,,,,,,,,,,,,,,,0.0,0.0,0.0,,,,,,,,,,,,,,,,,,,,,,,,,,,,,,,,,,,,,0.0,0.0,0.0,,,,,,,,,,,,,,,,,,,,,,,,,,,,,,,,,,,,,,,
Barbados,1905,BRB,183403,,,,,,,,,,,,,,,,,,,,,,,,,,,,,,,,,,,,,,,,,,,,,0.0,0.0,0.0,,,,,,,,,,,,,,,,,,,,,,,,,,,,,,,,,,,,,0.0,0.0,0.0,,,,,,,,,,,,,,,,,,,,,,,,,,,,,,,,,,,,,,,
Barbados,1906,BRB,181018,,,,,,,,,,,,,,,,,,,,,,,,,,,,,,,,,,,,,,,,,,,,,0.0,0.0,0.0,,,,,,,,,,,,,,,,,,,,,,,,,,,,,,,,,,,,,0.0,0.0,0.0,,,,,,,,,,,,,,,,,,,,,,,,,,,,,,,,,,,,,,,
Barbados,1907,BRB,178665,,,,,,,,,,,,,,,,,,,,,,,,,,,,,,,,,,,,,,,,,,,,,0.0,0.0,0.0,,,,,,,,,,,,,,,,,,,,,,,,,,,,,,,,,,,,,0.0,0.0,0.0,,,,,,,,,,,,,,,,,,,,,,,,,,,,,,,,,,,,,,,
Barbados,1908,BRB,176343,,,,,,,,,,,,,,,,,,,,,,,,,,,,,,,,,,,,,,,,,,,,,0.0,0.0,0.0,,,,,,,,,,,,,,,,,,,,,,,,,,,,,,,,,,,,,0.0,0.0,0.0,,,,,,,,,,,,,,,,,,,,,,,,,,,,,,,,,,,,,,,
Barbados,1909,BRB,174184,,,,,,,,,,,,,,,,,,,,,,,,,,,,,,,,,,,,,,,,,,,,,0.0,0.0,0.0,,,,,,,,,,,,,,,,,,,,,,,,,,,,,,,,,,,,,0.0,0.0,0.0,,,,,,,,,,,,,,,,,,,,,,,,,,,,,,,,,,,,,,,
Barbados,1910,BRB,172186,,,,,,,,,,,,,,,,,,,,,,,,,,,,,,,,,,,,,,,,,,,,,0.0,0.0,0.0,,,,,,,,,,,,,,,,,,,,,,,,,,,,,,,,,,,,,0.0,0.0,0.0,,,,,,,,,,,,,,,,,,,,,,,,,,,,,,,,,,,,,,,
Barbados,1911,BRB,170345,,,,,,,,,,,,,,,,,,,,,,,,,,,,,,,,,,,,,,,,,,,,,0.0,0.0,0.0,,,,,,,,,,,,,,,,,,,,,,,,,,,,,,,,,,,,,0.0,0.0,0.0,,,,,,,,,,,,,,,,,,,,,,,,,,,,,,,,,,,,,,,
Barbados,1912,BRB,168658,,,,,,,,,,,,,,,,,,,,,,,,,,,,,,,,,,,,,,,,,,,,,0.0,0.0,0.0,,,,,,,,,,,,,,,,,,,,,,,,,,,,,,,,,,,,,0.0,0.0,0.0,,,,,,,,,,,,,,,,,,,,,,,,,,,,,,,,,,,,,,,
Barbados,1913,BRB,167122,,,,,,,,,,,,,,,,,,,,,,,,,,,,,,,,,,,,,,,,,,,,,0.0,0.0,0.0,,,,,,,,,,,,,,,,,,,,,,,,,,,,,,,,,,,,,0.0,0.0,0.0,,,,,,,,,,,,,,,,,,,,,,,,,,,,,,,,,,,,,,,
Barbados,1914,BRB,165600,,,,,,,,,,,,,,,,,,,,,,,,,,,,,,,,,,,,,,,,,,,,,0.0,0.0,0.0,,,,,,,,,,,,,,,,,,,,,,,,,,,,,,,,,,,,,0.0,0.0,0.0,,,,,,,,,,,,,,,,,,,,,,,,,,,,,,,,,,,,,,,
Barbados,1915,BRB,164092,,,,,,,,,,,,,,,,,,,,,,,,,,,,,,,,,,,,,,,,,,,,,0.0,0.0,0.0,,,,,,,,,,,,,,,,,,,,,,,,,,,,,,,,,,,,,0.0,0.0,0.0,,,,,,,,,,,,,,,,,,,,,,,,,,,,,,,,,,,,,,,
Barbados,1916,BRB,162598,,,,,,,,,,,,,,,,,,,,,,,,,,,,,,,,,,,,,,,,,,,,,0.0,0.0,0.0,,,,,,,,,,,,,,,,,,,,,,,,,,,,,,,,,,,,,0.0,0.0,0.0,,,,,,,,,,,,,,,,,,,,,,,,,,,,,,,,,,,,,,,
Barbados,1917,BRB,161117,,,,,,,,,,,,,,,,,,,,,,,,,,,,,,,,,,,,,,,,,,,,,0.0,0.0,0.0,,,,,,,,,,,,,,,,,,,,,,,,,,,,,,,,,,,,,0.0,0.0,0.0,,,,,,,,,,,,,,,,,,,,,,,,,,,,,,,,,,,,,,,
Barbados,1918,BRB,159654,,,,,,,,,,,,,,,,,,,,,,,,,,,,,,,,,,,,,,,,,,,,,0.0,0.0,0.0,,,,,,,,,,,,,,,,,,,,,,,,,,,,,,,,,,,,,0.0,0.0,0.0,,,,,,,,,,,,,,,,,,,,,,,,,,,,,,,,,,,,,,,
Barbados,1919,BRB,158812,,,,,,,,,,,,,,,,,,,,,,,,,,,,,,,,,,,,,,,,,,,,,0.0,0.0,0.0,,,,,,,,,,,,,,,,,,,,,,,,,,,,,,,,,,,,,0.0,0.0,0.0,,,,,,,,,,,,,,,,,,,,,,,,,,,,,,,,,,,,,,,
Barbados,1920,BRB,158593,,,,,,,,,,,,,,,,,,,,,,,,,,,,,,,,,,,,,,,,,,,,,0.0,0.0,0.0,,,,,,,,,,,,,,,,,,,,,,,,,,,,,,,,,,,,,0.0,0.0,0.0,,,,,,,,,,,,,,,,,,,,,,,,,,,,,,,,,,,,,,,
Barbados,1921,BRB,158998,,,,,,,,,,,,,,,,,,,,,,,,,,,,,,,,,,,,,,,,,,,,,0.0,0.0,0.0,,,,,,,,,,,,,,,,,,,,,,,,,,,,,,,,,,,,,0.0,0.0,0.0,,,,,,,,,,,,,,,,,,,,,,,,,,,,,,,,,,,,,,,
Barbados,1922,BRB,160027,,,,,,,,,,,,,,,,,,,,,,,,,,,,,,,,,,,,,,,,,,,,,0.0,0.0,0.0,,,,,,,,,,,,,,,,,,,,,,,,,,,,,,,,,,,,,0.0,0.0,0.0,,,,,,,,,,,,,,,,,,,,,,,,,,,,,,,,,,,,,,,
Barbados,1923,BRB,161680,,,,,,,,,,,,,,,,,,,,,,,,,,,,,,,,,,,,,,,,,,,,,0.0,0.0,0.0,,,,,,,,,,,,,,,,,,,,,,,,,,,,,,,,,,,,,0.0,0.0,0.0,,,,,,,,,,,,,,,,,,,,,,,,,,,,,,,,,,,,,,,
Barbados,1924,BRB,163351,,,,,,,,,,,,,,,,,,,,,,,,,,,,,,,,,,,,,,,,,,,,,0.0,0.0,0.0,,,,,,,,,,,,,,,,,,,,,,,,,,,,,,,,,,,,,0.0,0.0,0.0,,,,,,,,,,,,,,,,,,,,,,,,,,,,,,,,,,,,,,,
Barbados,1925,BRB,165039,,,,,,,,,,,,,,,,,,,,,,,,,,,,,,,,,,,,,,,,,,,,,0.0,0.0,0.0,,,,,,,,,,,,,,,,,,,,,,,,,,,,,,,,,,,,,0.0,0.0,0.0,,,,,,,,,,,,,,,,,,,,,,,,,,,,,,,,,,,,,,,
Barbados,1926,BRB,166745,,,,,,,,,,,,,,,,,,,,,,,,,,,,,,,,,,,,,,,,,,,,,0.0,0.0,0.0,,,,,,,,,,,,,,,,,,,,,,,,,,,,,,,,,,,,,0.0,0.0,0.0,,,,,,,,,,,,,,,,,,,,,,,,,,,,,,,,,,,,,,,
Barbados,1927,BRB,168468,,,,,,,,,,,,,,,,,,,,,,,,,,,,,,,,,,,,,,,,,,,,,0.0,0.0,0.0,,,,,,,,,,,,,,,,,,,,,,,,,,,,,,,,,,,,,0.0,0.0,0.0,,,,,,,,,,,,,,,,,,,,,,,,,,,,,,,,,,,,,,,
Barbados,1928,BRB,170209,,,,,,,,,,,,,,,,,,,,,,,,,,,,,,,,,,,,,,,,,,,,,0.0,0.0,0.0,,,,,,,,,,,,,,,,,,,,,,,,,,,,,,,,,,,,,0.012,68.328,0.012,,,,,,,,,,,,,,,,,,,,,,,,,,,,,,,,,,,,,,,
Barbados,1929,BRB,171989,,,,,,,,,,,,,,,,,,,,,,,,,,,,,,,,,,,,,,,,,,,,,0.0,0.0,0.0,,,,,,,,,,,,,,,,,,,,,,,,,,,,,,,,,,,,0.0,0.0,67.621,0.012,,,,,,,,,,,,,,,,,,,,,,,,,,,,,,,,,,,,,,,
Barbados,1930,BRB,173809,,,,,,,,,,,,,,,,,,,,,,,,,,,,,,,,,,,,,,,,,,,,,0.0,0.0,0.0,,,,,,,,,,,,,,,,,,,,,,,,,,,,,,,,,,,,100.0,0.012,133.825,0.023,,,,,,,,,,,,,,,,,,,,,,,,,,,,,,,,,,,,,,,
Barbados,1931,BRB,175669,,,,,,,,,,,,,,,,,,,,,,,,,,,,,,,,,,,,,,,,,,,,,0.0,0.0,0.0,,,,,,,,,,,,,,,,,,,,,,,,,,,,,,,,,,,,-50.0,-0.012,66.204,0.012,,,,,,,,,,,,,,,,,,,,,,,,,,,,,,,,,,,,,,,
Barbados,1932,BRB,177569,,,,,,,,,,,,,,,,,,,,,,,,,,,,,,,,,,,,,,,,,,,,,0.0,0.0,0.0,,,,,,,,,,,,,,,,,,,,,,,,,,,,,,,,,,,,0.0,0.0,65.496,0.012,,,,,,,,,,,,,,,,,,,,,,,,,,,,,,,,,,,,,,,
Barbados,1933,BRB,179512,,,,,,,,,,,,,,,,,,,,,,,,,,,,,,,,,,,,,,,,,,,,,0.0,0.0,0.0,,,,,,,,,,,,,,,,,,,,,,,,,,,,,,,,,,,,0.0,0.0,64.787,0.012,,,,,,,,,,,,,,,,,,,,,,,,,,,,,,,,,,,,,,,
Barbados,1934,BRB,181476,,,,,,,,,,,,,,,,,,,,,,,,,,,,,,,,,,,,,,,,,,,,,0.0,0.0,0.0,,,,,,,,,,,,,,,,,,,,,,,,,,,,,,,,,,,,0.0,0.0,64.086,0.012,,,,,,,,,,,,,,,,,,,,,,,,,,,,,,,,,,,,,,,
Barbados,1935,BRB,183461,,,,,,,,,,,,,,,,,,,,,,,,,,,,,,,,,,,,,,,,,,,,,0.0,0.0,0.0,,,,,,,,,,,,,,,,,,,,,,,,,,,,,,,,,,,,-100.0,-0.012,0.0,0.0,,,,,,,,,,,,,,,,,,,,,,,,,,,,,,,,,,,,,,,
Barbados,1936,BRB,185468,,,,,,,,,,,,,,,,,,,,,,,,,,,,,,,,,,,,,,,,,,,,,0.0,0.0,0.0,,,,,,,,,,,,,,,,,,,,,,,,,,,,,,,,,,,,,0.0,0.0,0.0,,,,,,,,,,,,,,,,,,,,,,,,,,,,,,,,,,,,,,,
Barbados,1937,BRB,187497,,,,,,,,,,,,,,,,,,,,,,,,,,,,,,,,,,,,,,,,,,,,,0.0,0.0,0.0,,,,,,,,,,,,,,,,,,,,,,,,,,,,,,,,,,,,,0.0,0.0,0.0,,,,,,,,,,,,,,,,,,,,,,,,,,,,,,,,,,,,,,,
Barbados,1938,BRB,189548,,,,,,,,,,,,,,,,,,,,,,,,,,,,,,,,,,,,,,,,,,,,,0.0,0.0,0.0,,,,,,,,,,,,,,,,,,,,,,,,,,,,,,,,,,,,,0.0,0.0,0.0,,,,,,,,,,,,,,,,,,,,,,,,,,,,,,,,,,,,,,,
Barbados,1939,BRB,191519,,,,,,,,,,,,,,,,,,,,,,,,,,,,,,,,,,,,,,,,,,,,,0.0,0.0,0.0,,,,,,,,,,,,,,,,,,,,,,,,,,,,,,,,,,,,,0.012,60.725,0.012,,,,,,,,,,,,,,,,,,,,,,,,,,,,,,,,,,,,,,,
Barbados,1940,BRB,193407,,,,,,,,,,,,,,,,,,,,,,,,,,,,,,,,,,,,,,,,,,,,,0.0,0.0,0.0,,,,,,,,,,,,,,,,,,,,,,,,,,,,,,,,,,,,-100.0,-0.012,0.0,0.0,,,,,,,,,,,,,,,,,,,,,,,,,,,,,,,,,,,,,,,
Barbados,1941,BRB,195210,,,,,,,,,,,,,,,,,,,,,,,,,,,,,,,,,,,,,,,,,,,,,0.0,0.0,0.0,,,,,,,,,,,,,,,,,,,,,,,,,,,,,,,,,,,,,0.0,0.0,0.0,,,,,,,,,,,,,,,,,,,,,,,,,,,,,,,,,,,,,,,
Barbados,1942,BRB,196928,,,,,,,,,,,,,,,,,,,,,,,,,,,,,,,,,,,,,,,,,,,,,0.0,0.0,0.0,,,,,,,,,,,,,,,,,,,,,,,,,,,,,,,,,,,,,0.0,0.0,0.0,,,,,,,,,,,,,,,,,,,,,,,,,,,,,,,,,,,,,,,
Barbados,1943,BRB,198557,,,,,,,,,,,,,,,,,,,,,,,,,,,,,,,,,,,,,,,,,,,,,0.0,0.0,0.0,,,,,,,,,,,,,,,,,,,,,,,,,,,,,,,,,,,,,0.0,0.0,0.0,,,,,,,,,,,,,,,,,,,,,,,,,,,,,,,,,,,,,,,
Barbados,1944,BRB,200201,,,,,,,,,,,,,,,,,,,,,,,,,,,,,,,,,,,,,,,,,,,,,0.0,0.0,0.0,,,,,,,,,,,,,,,,,,,,,,,,,,,,,,,,,,,,,0.0,0.0,0.0,,,,,,,,,,,,,,,,,,,,,,,,,,,,,,,,,,,,,,,
Barbados,1945,BRB,201857,,,,,,,,,,,,,,,,,,,,,,,,,,,,,,,,,,,,,,,,,,,,,0.0,0.0,0.0,,,,,,,,,,,,,,,,,,,,,,,,,,,,,,,,,,,,,0.0,0.0,0.0,,,,,,,,,,,,,,,,,,,,,,,,,,,,,,,,,,,,,,,
Barbados,1946,BRB,203528,,,,,,,,,,,,,,,,,,,,,,,,,,,,,,,,,,,,,,,,,,,,,0.0,0.0,0.0,,,,,,,,,,,,,,,,,,,,,,,,,,,,,,,,,,,,,0.0,0.0,0.0,,,,,,,,,,,,,,,,,,,,,,,,,,,,,,,,,,,,,,,
Barbados,1947,BRB,205212,,,,,,,,,,,,,,,,,,,,,,,,,,,,,,,,,,,,,,,,,,,,,0.012,58.687,0.012,,,,,,,,,,,,,,,,,,,,,,,,,,,,,,,,,,,,,0.0,0.0,0.0,,,,,,,,,,,,,,,,,,,,,,,,,,,,,,,,,,,,,,,
Barbados,1948,BRB,206911,,,,,,,,,,,,,,,,,,,,,,,,,,,,,,,,,,,,,,,,,,,,100.0,0.012,116.41,0.024,,,,,,,,,,,,,,,,,,,,,,,,,,,,,,,,,,,,,0.0,0.0,0.0,,,,,,,,,,,,,,,,,,,,,,,,,,,,,,,,,,,,,,,
Barbados,1949,BRB,208689,,,,,,,,,,,,,,,,,,,,,,,,,,,,,,,,,,,,,,,,,,,,0.0,0.0,115.418,0.024,,,,,,,,,,,,,,,,,,,,,,,,,,,,,,,,,,,,,0.0,0.0,0.0,,,,,,,,,,,,,,,,,,,,,,,,,,,,,,,,,,,,,,,
Barbados,1950,BRB,210556,715289984.0,,,,,,,,,,,,,,,,,,,,,,,,,,,,,,,,,,,,,,,,,,,0.0,0.0,114.395,0.024,,,,,,,,,,,,,,,,,,,,,,,,,,,,,,,,,,,,,0.0,0.0,0.0,,,,,,,,,,,,,,,,,,,,,,,,,,,,,,,,,,,,,,,
Barbados,1951,BRB,215438,755294976.0,,,,,,,,,,,,,,,,,,,,,,,,,,,,,,,,,,,,,,,,,,,50.0,0.012,167.704,0.036,,,,,,,,,,,,,,,,,,,,,,,,,,,,,,,,,,,,,0.0,0.0,0.0,,,,,,,,,,,,,,,,,,,,,,,,,,,,,,,,,,,,,,,
Barbados,1952,BRB,219481,796790016.0,,,,,,,,,,,,,,,,,,,,,,,,,,,,,,,,,,,,,,,,,,,33.333,0.012,219.486,0.048,,,,,,,,,,,,,,,,,,,,,,,,,,,,,,,,,,,,,0.0,0.0,0.0,,,,,,,,,,,,,,,,,,,,,,,,,,,,,,,,,,,,,,,
Barbados,1953,BRB,222736,840462976.0,,,,,,,,,,,,,,,,,,,,,,,,,,,,,,,,,,,,,,,,,,,0.0,0.0,216.279,0.048,,,,,,,,,,,,,,,,,,,,,,,,,,,,,,,,,,,,,0.0,0.0,0.0,,,,,,,,,,,,,,,,,,,,,,,,,,,,,,,,,,,,,,,
Barbados,1954,BRB,225315,888075008.0,,,,,,,,,,,,,,,,,,,,,,,,,,,,,,,,,,,,,,,,,,,-25.0,-0.012,160.352,0.036,,,,,,,,,,,,,,,,,,,,,,,,,,,,,,,,,,,,,0.0,0.0,0.0,,,,,,,,,,,,,,,,,,,,,,,,,,,,,,,,,,,,,,,
Barbados,1955,BRB,227330,938190976.0,,,,,,,,,,,,,,,,,,,,,,,,,,,,,,,,,,,,,,,,,,,0.0,0.0,158.931,0.036,,,,,,,,,,,,,,,,,,,,,,,,,,,,,,,,,,,,,0.0,0.0,0.0,,,,,,,,,,,,,,,,,,,,,,,,,,,,,,,,,,,,,,,
Barbados,1956,BRB,228628,992140032.0,,,,,,,,,,,,,,,,,,,,,,,,,,,,,,,,,,,,,,,,,,,33.333,0.012,210.705,0.048,,,,,,,,,,,,,,,,,,,,,,,,,,,,,,,,,,,,,0.0,0.0,0.0,,,,,,,,,,,,,,,,,,,,,,,,,,,,,,,,,,,,,,,
Barbados,1957,BRB,229474,1049996032.0,,,,,,,,,,,,,,,,,,,,,,,,,,,,,,,,,,,,,,,,,,,-25.0,-0.012,157.446,0.036,,,,,,,,,,,,,,,,,,,,,,,,,,,,,,,,,,,,,0.0,0.0,0.0,,,,,,,,,,,,,,,,,,,,,,,,,,,,,,,,,,,,,,,
Barbados,1958,BRB,230355,1106940032.0,,,,,,,,,,,,,,,,,,,,,,,,,,,,,,,,,,,,,,,,,,,0.0,0.0,156.844,0.036,,,,,,,,,,,,,,,,,,,,,,,,,,,,,,,,,,,,,0.0,0.0,0.0,,,,,,,,,,,,,,,,,,,,,,,,,,,,,,,,,,,,,,,
Barbados,1959,BRB,231418,1167243008.0,,,,,,,,,,,,,,,,,,,,,,,,,,,,,,,,,,,,,,,,,,,0.0,0.0,156.123,0.036,,,,,,,,,,,,,,,,,,,,,,,,,,,,,,,,,,,,,0.0,0.0,0.0,,,,,,,,,,,,,,,,,,,,,,,,,,,,,,,,,,,,,,,
Barbados,1960,BRB,232560,1233312000.0,,,,,,,,,,,,,,,,,,,,,,,,,,,,,,,,,,,,,,,,,,,-33.333,-0.012,103.571,0.024,,,,,,,,,,,,,,,,,,,,,,,,,,,,,,,,,,,,,0.0,0.0,0.0,,,,,,,,,,,,,,,,,,,,,,,,,,,,,,,,,,,,,,,
Barbados,1961,BRB,233702,1307090048.0,,,,,,,,,,,,,,,,,,,,,,,,,,,,,,,,,,,,,,,,,,,50.0,0.012,154.598,0.036,,,,,,,,,,,,,,,,,,,,,,,,,,,,,,,,,,,,,0.0,0.0,0.0,,,,,,,,,,,,,,,,,,,,,,,,,,,,,,,,,,,,,,,
Barbados,1962,BRB,234839,1356366976.0,,,,,,,,,,,,,,,,,,,,,,,,,,,,,,,,,,,,,,,,,,,0.0,0.0,153.849,0.036,,,,,,,,,,,,,,,,,,,,,,,,,,,,,,,,,,,,,0.0,0.0,0.0,,,,,,,,,,,,,,,,,,,,,,,,,,,,,,,,,,,,,,,
Barbados,1963,BRB,235884,1393623040.0,,,,,,,,,,,,,,,,,,,,,,,,,,,,,,,,,,,,,,,,,,,33.333,0.012,204.223,0.048,,,,,,,,,,,,,,,,,,,,,,,,,,,,,,,,,,,,,0.0,0.0,0.0,,,,,,,,,,,,,,,,,,,,,,,,,,,,,,,,,,,,,,,
Barbados,1964,BRB,236840,1480715008.0,,,,,,,,,,,,,,,,,,,,,,,,,,,,,,,,,,,,,,,,,,,-25.0,-0.012,152.549,0.036,,,,,,,,,,,,,,,,,,,,,,,,,,,,,,,,,,,,,0.0,0.0,0.0,,,,,,,,,,,,,,,,,,,,,,,,,,,,,,,,,,,,,,,
Barbados,1965,BRB,237698,1519980032.0,,,,,,,,,,,,,,,,,,,,,,,,,,,,,,,,,,,,,,,,,,,0.0,0.0,151.999,0.036,,,,,,,,,,,,,,,,,,,,,,,,,,,,,,,,,,,,,0.0,0.0,0.0,,,,,,,,,,,,,,,,,,,,,,,,,,,,,,,,,,,,,,,
Barbados,1966,BRB,238497,1622028032.0,,,,,,,,,,,,,,,,,,,,,,,,,,,,,,,,,,,,,,,,,,,0.0,0.0,151.489,0.036,,,,,,,,,,,,,,,,,,,,,,,,,,,,,,,,,,,,,0.0,0.0,0.0,,,,,,,,,,,,,,,,,,,,,,,,,,,,,,,,,,,,,,,
Barbados,1967,BRB,239253,1783096064.0,,,,,,,,,,,,,,,,,,,,,,,,,,,,,,,,,,,,,,,,,,,0.0,0.0,151.011,0.036,,,,,,,,,,,,,,,,,,,,,,,,,,,,,,,,,,,,,0.0,0.0,0.0,,,,,,,,,,,,,,,,,,,,,,,,,,,,,,,,,,,,,,,
Barbados,1968,BRB,239921,2022960000.0,,,,,,,,,,,,,,,,,,,,,,,,,,,,,,,,,,,,,,,,,,,0.0,0.0,150.59,0.036,,,,,,,,,,,,,,,,,,,,,,,,,,,,,,,,,,,,,0.0,0.0,0.0,,,,,,,,,,,,,,,,,,,,,,,,,,,,,,,,,,,,,,,
Barbados,1969,BRB,240598,2210032896.0,,,,,,,,,,,,,,,,,,,,,,,,,,,,,,,,,,,,,,,,,,,0.0,0.0,150.166,0.036,,,,,,,,,,,,,,,,,,,,,,,,,,,,,,,,,,,,,0.0,0.0,0.0,,,,,,,,,,,,,,,,,,,,,,,,,,,,,,,,,,,,,,,
Barbados,1970,BRB,241402,2437082880.0,,,,,,,,,,,,,,,,,,,,,,,,,,,,,,,,,,,,,,,,,,,0.0,0.0,149.666,0.036,,,,,,,,,,,,,,,,,,,,,,,,,,,,,,,,,,,,,0.0,0.0,0.0,,,,,,,,,,,,,,,,,,,,,,,,,,,,,,,,,,,,,,,
Barbados,1971,BRB,242357,2533873920.0,,,,,,,,,,,,,,,,,,,,,,,,,,,,,,,,,,,,,,,,,,,33.333,0.012,198.769,0.048,,,,,,,,,,,,,,,,,,,,,,,,,,,,,,,,,,,,,0.0,0.0,0.0,,,,,,,,,,,,,,,,,,,,,,,,,,,,,,,,,,,,,,,
Barbados,1972,BRB,243468,2557213952.0,,,,,,,,,,,,,,,,,,,,,,,,,,,,,,,,,,,,,,,,,,,0.0,0.0,197.862,0.048,,,,,,,,,,,,,,,,,,,,,,,,,,,,,,,,,,,,,0.012,47.768,0.012,,,,,,,,,,,,,,,,,,,,,,,,,,,,,,,,,,,,,,,
Barbados,1973,BRB,244650,2594939904.0,,,,,,,,,,,,,,,,,,,,,,,,,,,,,,,,,,,,,,,,,,,-25.0,-0.012,147.679,0.036,,,,,,,,,,,,,,,,,,,,,,,,,,,,,,,,,,,,100.0,0.012,95.075,0.023,,,,,,,,,,,,,,,,,,,,,,,,,,,,,,,,,,,,,,,
Barbados,1974,BRB,245861,2479680000.0,,,,,,,,,,,,,,,,,,,,,,,,,,,,,,,,,,,,,,,,,,,-33.333,-0.012,97.968,0.024,,,,,,,,,,,,,,,,,,,,,,,,,,,,,,,,,,,,300.0,0.07,378.425,0.093,,,,,,,,,,,,,,,,,,,,,,,,,,,,,,,,,,,,,,,
Barbados,1975,BRB,247096,2426775040.0,,,,,,,,,,,,,,,,,,,,,,,,,,,,,,,,,,,,,,,,,,,0.0,0.0,97.478,0.024,,,,,,,,,,,,,,,,,,,,,,,,,,,,,,,,,,,,112.5,0.105,800.134,0.198,,,,,,,,,,,,,,,,,,,,,,,,,,,,,,,,,,,,,,,
Barbados,1976,BRB,248363,2535055872.0,,,,,,,,,,,,,,,,,,,,,,,,,,,,,,,,,,,,,,,,,,,100.0,0.024,193.962,0.048,,,,,,,,,,,,,,,,,,,,,,,,,,,,,,,,,,,,17.647,0.035,936.532,0.233,,,,,,,,,,,,,,,,,,,,,,,,,,,,,,,,,,,,,,,
Barbados,1977,BRB,249669,2624709120.0,,,,,,,,,,,,,,,,,,,,,,,,,,,,,,,,,,,,,,,,,,,0.0,0.0,192.948,0.048,,,,,,,,,,,,,,,,,,,,,,,,,,,,,,,,,,,,-15.0,-0.035,791.888,0.198,,,,,,,,,,,,,,,,,,,,,,,,,,,,,,,,,,,,,,,
Barbados,1978,BRB,251019,2753499904.0,,,,,,,,,,,,,,,,,,,,,,,,,,,,,,,,,,,,,,,,,,,150.0,0.072,479.775,0.12,,,,,,,,,,,,,,,,,,,,,,,,,,,,,,,,,,,,117.647,0.233,1714.253,0.43,,,,,,,,,,,,,,,,,,,,,,,,,,,,,,,,,,,,,,,
Barbados,1979,BRB,252340,2971087104.0,,,,,,,,,,,,,,,,,,,,,,,,,,,,,,,,,,,,,,,,,,,20.0,0.024,572.716,0.145,,,,,,,,,,,,,,,,,,,,,,,,,,,,,,,,,,,,5.405,0.023,1797.456,0.454,,,,,,,,,,,,,,,,,,,,,,,,,,,,,,,,,,,,,,,
Barbados,1980,BRB,253582,3104135936.0,,,,,,,,,,,,,,,,,,0.0,0.0,,,,,,,,16882.145,1.379,,,,,,,,,,,,,,,-14.996,-0.022,484.447,0.123,,,,,,,,,,,,,,,,,,,,,,,,,,,,,,,,,,,,-100.0,-0.454,0.0,0.0,,,,,,,,,,,,,,,4.281,,,,,,,,,,,,,,,,,,,,,,,,
Barbados,1981,BRB,254695,3040379904.0,,,,,,,,,,,,,,,,,0.0,0.0,0.0,,,,,,4.072,0.174,17492.801,1.465,,,,,,,,,,,,,,,0.0,0.0,482.33,0.123,,,,,,,,,,,,,,,,,,,,,,,,,,,,,,,,,,,,,0.0,0.0,0.0,,,,,,,,,,,,,,,4.455,,,,,,,,,,,,,,,,,,,,,,,,
Barbados,1982,BRB,255654,2890272000.0,,,,,,,,,,,,,,,,,0.0,0.0,0.0,,,,,,1.389,0.062,17669.283,1.563,,,,,,,,,,,,,,,0.0,0.0,480.521,0.123,,,,,,,,,,,,,,,,,,,,,,,,,,,,,,,,,,,,,0.628,2455.377,0.628,,,,,,,,,,,,,,,4.517,,,,,,,,,,,,,,,,,,,,,,,,
Barbados,1983,BRB,256516,2911845120.0,,,,,,,,,,,,,,,,,0.0,0.0,0.0,,,,,,5.481,0.248,18575.059,1.636,,,,,,,,,,,,,,,0.0,0.0,478.906,0.123,,,,,,,,,,,,,,,,,,,,,,,,,,,,,,,,,,,,0.0,0.0,2447.125,0.628,,,,,,,,,,,,,,,4.765,,,,,,,,,,,,,,,,,,,,,,,,
Barbados,1984,BRB,257291,3013632000.0,,,,,,,,,,,,,,,,,0.0,0.0,0.0,,,,,,-3.641,-0.173,17844.879,1.524,,,,,,,,,,,,,,,0.0,0.0,477.463,0.123,,,,,,,,,,,,,,,,,,,,,,,,,,,,,,,,,,,,100.924,0.634,4902.057,1.261,,,,,,,,,,,,,,,4.591,,,,,,,,,,,,,,,,,,,,,,,,
Barbados,1985,BRB,257917,3044935936.0,,,,,,,,,,,,,,,,,0.0,0.0,0.0,,,,,,10.519,0.483,19674.043,1.666,,,,,,,,,,,,,,,0.0,0.0,476.304,0.123,,,,,,,,,,,,,,,,,,,,,,,,,,,,,,,,,,,,-0.46,-0.006,4867.665,1.255,,,,,,,,,,,,,,,5.074,,,,,,,,,,,,,,,,,,,,,,,,
Barbados,1986,BRB,258377,3200231936.0,,,,,,,,,,,,,,,,,0.0,0.0,0.0,,,,,,4.879,0.248,20597.217,1.663,,,,,,,,,,,,,,,0.0,0.0,475.456,0.123,,,,,,,,,,,,,,,,,,,,,,,,,,,,,,,,,,,,0.0,0.0,4858.999,1.255,,,,,,,,,,,,,,,5.322,,,,,,,,,,,,,,,,,,,,,,,,
Barbados,1987,BRB,258668,3284897024.0,,,,,,,,,,,,,,,,,0.0,0.0,0.0,,,,,,-4.786,-0.255,19589.445,1.543,,,,,,,,,,,,,,,-25.0,-0.031,356.191,0.092,,,,,,,,,,,,,,,,,,,,,,,,,,,,,,,,,,,,-30.012,-0.377,3396.894,0.879,,,,,,,,,,,,,,,5.067,,,,,,,,,,,,,,,,,,,,,,,,
Barbados,1988,BRB,258771,3402619904.0,,,,,,,,,,,,,,,,,0.0,0.0,0.0,,,,,,-5.837,-0.296,18438.674,1.402,,,,,,,,,,,,,,,200.0,0.184,1068.148,0.276,,,,,,,,,,,,,,,,,,,,,,,,,,,,,,,,,,,,-6.809,-0.06,3164.338,0.819,,,,,,,,,,,,,,,4.771,,,,,,,,,,,,,,,,,,,,,,,,
Barbados,1989,BRB,258767,3522978048.0,,,,,,,,,,,,,,,,,0.0,0.0,0.0,,,,,,8.839,0.422,20068.867,1.474,,,,,,,,,,,,,,,11.111,0.031,1186.85,0.307,,,,,,,,,,,,,,,,,,,,,,,,,,,,,,,,,,,,-15.616,-0.128,2670.243,0.691,,,,,,,,,,,,,,,5.193,,,,,,,,,,,,,,,,,,,,,,,,
Barbados,1990,BRB,258871,3404428032.0,,,,,,,,,,,,,,,,,0.0,0.0,0.0,,,,,,5.939,0.308,21252.285,1.616,,,,,,,,,,,,,,,20.071,0.062,1424.49,0.369,,,,,,,,,,,,,,,,,,,,,,,,,,,,,,,,,,,,9.091,0.063,2911.822,0.754,,,,,,,,,,,,,,,5.502,,,,,,,,,,,,,,,,,,,,,,,,
Barbados,1991,BRB,259414,3234507008.0,,,,,,,,,,,,,,,,,0.0,0.0,0.0,,,,,,1.115,0.061,21444.262,1.72,,,,,,,,,,,,,,,-2.941,-0.011,1379.7,0.358,,,,,,,,,,,,,,,,,,,,,,,,,,,,,,,,,,,,0.0,0.0,2905.727,0.754,,,,,,,,,,,,,,,5.563,,,,,,,,,,,,,,,,,,,,,,,,
Barbados,1992,BRB,260226,3028225536.0,,,,,,,,,,,,,,,,,0.0,0.0,0.0,,,,,,5.635,0.313,22581.994,1.941,,,,,,,,,,,,,,,45.455,0.163,2000.573,0.521,,,,,,,,,,,,,,,,,,,,,,,,,,,,,,,,,,,,16.986,0.128,3388.695,0.882,,,,,,,,,,,,,,,5.876,,,,,,,,,,,,,,,,,,,,,,,,
Barbados,1993,BRB,261001,3017396992.0,,,,,,,,,,,,,,,,,0.0,0.0,0.0,,,,,,-2.545,-0.15,21941.893,1.898,,,,,,,,,,,,,,,-2.083,-0.011,1953.078,0.51,,,,,,,,,,,,,,,,,,,,,,,,,,,,,,,,,,,,-7.397,-0.065,3128.73,0.817,,,,,,,,,,,,,,,5.727,,,,,,,,,,,,,,,,,,,,,,,,
Barbados,1994,BRB,261720,3045284352.0,,,,,,,,,,,,,,,,,0.0,0.0,0.0,,,,,,-5.161,-0.296,20752.266,1.784,,,,,,,,,,,,,,,-2.128,-0.011,1906.271,0.499,,,,,,,,,,,,,,,,,,,,,,,,,,,,,,,,,,,,-7.692,-0.063,2880.124,0.754,,,,,,,,,,,,,,,5.431,,,,,,,,,,,,,,,,,,,,,,,,
Barbados,1995,BRB,262309,3074994176.0,,,,,,,,,,,,,,,,,0.0,0.0,0.0,,,,,,3.784,0.206,21489.178,1.833,,,,,,,,,,,,,,,2.174,0.011,1943.339,0.51,,,,,,,,,,,,,,,,,,,,,,,,,,,,,,,,,,,,8.333,0.063,3113.129,0.817,,,,,,,,,,,,,,,5.637,,,,,,,,,,,,,,,,,,,,,,,,
Barbados,1996,BRB,262808,3163662080.0,,,,,,,,,,,,,,,,,0.0,0.0,0.0,,,,,,-10.214,-0.576,19257.598,1.6,,,,,,,,,,,,,,,-4.255,-0.022,1857.11,0.488,,,,,,,,,,,,,,,,,,,,,,,,,,,,,,,,,,,,-22.866,-0.187,2396.716,0.63,,,,,,,,,,,,,,,5.061,,,,,,,,,,,,,,,,,,,,,,,,
Barbados,1997,BRB,263234,3273617408.0,,,,,,,,,,,,,,,,,0.0,0.0,0.0,,,,,,20.392,1.032,23147.008,1.861,,,,,,,,,,,,,,,-4.444,-0.022,1771.701,0.466,,,,,,,,,,,,,,,,,,,,,,,,,,,,,,,,,,,,-10.246,-0.065,2147.67,0.565,,,,,,,,,,,,,,,6.093,,,,,,,,,,,,,,,,,,,,,,,,
Barbados,1998,BRB,263647,3356270336.0,,,,,,,,,,,,,,,,,0.0,0.0,0.0,,,,,,1.571,0.096,23473.729,1.844,,,,,,,,,,,,,,,-13.953,-0.065,1522.099,0.401,,,,,,,,,,,,,,,,,,,,,,,,,,,,,,,,,,,,77.778,0.44,3812.098,1.005,,,,,,,,,,,,,,,6.189,,,,,,,,,,,,,,,,,,,,,,,,
Barbados,1999,BRB,264181,3340960000.0,,,,,,,,,,,,,,,,,0.0,0.0,0.0,,,,,,4.691,0.29,24525.236,1.939,,,,,,,,,,,,,,,27.027,0.108,1929.568,0.51,,,,,,,,,,,,,,,,,,,,,,,,,,,,,,,,,,,,18.75,0.188,4517.716,1.193,,,,,,,,,,,,,,,6.479,,,,,,,,,,,,,,,,,,,,,,,,
Barbados,2000,BRB,264663,3452406272.0,,,,,0.0,0.0,0.0,,697.368,,,,,0.0,0.0,,0.0,0.0,0.0,0.0,,0.76,0.76,,7.506,0.486,26318.064,2.018,,,2871.576,0.76,,,100.0,,,,,0.0,0.0,,-19.336,-0.099,1553.637,0.411,0.0,,0.53,,,,0.0,0.0,,0.0,,,,,0.0,0.0,,0.0,,0.0,0.0,,,,0.0,0.0,,0.0,,,,,2871.576,0.76,,-19.253,-0.23,3641.274,0.964,100.0,,,0.0,0.0,,,0.0,0.0,,0.0,0.0,,2871.576,6.965,,,,0.0,0.0,,0.0,,,,,0.0,0.0,,0.0,,,,,0.0,0.0,,0.0,
Barbados,2001,BRB,265384,3330849792.0,,,,,0.0,0.0,0.0,,700.0,,,,,0.0,0.0,,0.0,0.0,0.0,0.0,,0.8,0.8,,0.06,0.004,26262.209,2.092,,,3014.5,0.8,,,100.0,,,,,0.0,0.0,,-15.01,-0.062,1316.847,0.349,0.0,,0.56,,,,0.0,0.0,,0.0,,,,,0.0,0.0,,0.0,,0.0,0.0,,,,0.0,0.0,,0.0,,,,,3014.5,0.8,,-17.155,-0.165,3008.414,0.798,100.0,,,0.0,0.0,,,0.0,0.0,,0.0,0.0,,3014.5,6.97,,,,0.0,0.0,,0.0,,,,,0.0,0.0,,0.0,,,,,0.0,0.0,,0.0,
Barbados,2002,BRB,266467,3319030528.0,,,,,0.0,0.0,0.0,,698.795,,,,,0.0,0.0,,0.0,0.0,0.0,0.0,,0.83,0.83,,0.673,0.047,26331.5,2.114,,,3114.832,0.83,,,100.0,,,,,0.0,0.0,,-9.998,-0.035,1180.37,0.315,0.0,,0.58,,,,0.0,0.0,,0.0,,,,,0.0,0.0,,0.0,,0.0,0.0,,,,0.0,0.0,,0.0,,,,,3114.832,0.83,,-21.322,-0.17,2357.347,0.628,100.0,,,0.0,0.0,,,0.0,0.0,,0.0,0.0,,3114.832,7.016,,,,0.0,0.0,,0.0,,,,,0.0,0.0,,0.0,,,,,0.0,0.0,,0.0,
Barbados,2003,BRB,267509,3362359808.0,,,,,0.0,0.0,0.0,,701.149,,,,,0.0,0.0,,0.0,0.0,0.0,0.0,,0.87,0.87,,1.066,0.075,26508.631,2.109,,,3252.227,0.87,,,100.0,,,,,0.0,0.0,,0.0,0.0,1175.772,0.315,0.0,,0.61,,,,0.0,0.0,,0.0,,,,,0.0,0.0,,0.0,,0.0,0.0,,,,0.0,0.0,,0.0,,,,,3252.227,0.87,,0.0,0.0,2348.164,0.628,100.0,,,0.0,0.0,,,0.0,0.0,,0.0,0.0,,3252.227,7.091,,,,0.0,0.0,,0.0,,,,,0.0,0.0,,0.0,,,,,0.0,0.0,,0.0,
Barbados,2004,BRB,268514,3369967104.0,,,,,0.0,0.0,0.0,,700.0,,,,,0.0,0.0,,0.0,0.0,0.0,0.0,,0.9,0.9,,0.745,0.053,26606.236,2.12,,,3351.781,0.9,,,100.0,,,,,0.0,0.0,,3.448,0.011,1211.764,0.325,0.0,,0.63,,,,0.0,0.0,,0.0,,,,,0.0,0.0,,0.0,,0.0,0.0,,,,0.0,0.0,,0.0,,,,,3351.781,0.9,,0.274,0.002,2345.785,0.63,100.0,,,0.0,0.0,,,0.0,0.0,,0.0,0.0,,3351.781,7.144,,,,0.0,0.0,,0.0,,,,,0.0,0.0,,0.0,,,,,0.0,0.0,,0.0,
Barbados,2005,BRB,269489,3466246144.0,,,,,0.0,0.0,0.0,,705.263,,,,,0.0,0.0,,0.0,0.0,0.0,0.0,,0.95,0.95,,0.774,0.055,26715.061,2.077,,,3525.19,0.95,,,100.0,,,,,0.0,0.0,,-12.162,-0.04,1060.539,0.286,0.0,,0.67,,,,0.0,0.0,,0.0,,,,,0.0,0.0,,0.0,,0.0,0.0,,,,0.0,0.0,,0.0,,,,,3525.19,0.95,,-0.273,-0.002,2330.912,0.628,100.0,,,0.0,0.0,,,0.0,0.0,,0.0,0.0,,3525.19,7.199,,,,0.0,0.0,,0.0,,,,,0.0,0.0,,0.0,,,,,0.0,0.0,,0.0,
Barbados,2006,BRB,270436,3622055424.0,,,,,0.0,0.0,0.0,,704.082,,,,,0.0,0.0,,0.0,0.0,0.0,0.0,,0.98,0.98,,0.227,0.016,26681.957,1.992,,,3623.778,0.98,,,100.0,,,,,0.0,0.0,,1.946,0.006,1077.386,0.291,0.0,,0.69,,,,0.0,0.0,,0.0,,,,,0.0,0.0,,0.0,,0.0,0.0,,,,0.0,0.0,,0.0,,,,,3623.778,0.98,,3.342,0.021,2400.386,0.649,100.0,,,0.0,0.0,,,0.0,0.0,,0.0,0.0,,3623.778,7.216,,,,0.0,0.0,,0.0,,,,,0.0,0.0,,0.0,,,,,0.0,0.0,,0.0,
Barbados,2007,BRB,271460,3642717696.0,,,,,0.0,0.0,0.0,,700.0,,,,,0.0,0.0,,0.0,0.0,0.0,0.0,,1.0,1.0,,-4.591,-0.331,25360.926,1.89,,,3683.784,1.0,,,100.0,,,,,0.0,0.0,,-29.866,-0.087,752.759,0.204,0.0,,0.7,,,,0.0,0.0,,0.0,,,,,0.0,0.0,,0.0,,0.0,0.0,,,,0.0,0.0,,0.0,,,,,3683.784,1.0,,7.264,0.047,2565.039,0.696,100.0,,,0.0,0.0,,,0.0,0.0,,0.0,0.0,,3683.784,6.884,,,,0.0,0.0,,0.0,,,,,0.0,0.0,,0.0,,,,,0.0,0.0,,0.0,
Barbados,2008,BRB,272647,3618468352.0,,,,,0.0,0.0,0.0,,702.97,,,,,0.0,0.0,,0.0,0.0,0.0,0.0,,1.01,1.01,,17.912,1.233,29773.459,2.243,,,3704.424,1.01,,,100.0,,,,,0.0,0.0,,-9.66,-0.02,677.083,0.185,0.0,,0.71,,,,0.0,0.0,,0.0,,,,,0.0,0.0,,0.0,,0.0,0.0,,,,0.0,0.0,,0.0,,,,,3704.424,1.01,,-0.494,-0.003,2541.248,0.693,100.0,,,0.0,0.0,,,0.0,0.0,,0.0,0.0,,3704.424,8.118,,,,0.0,0.0,,0.0,,,,,0.0,0.0,,0.0,,,,,0.0,0.0,,0.0,
Barbados,2009,BRB,273801,3446882304.0,,,,,0.0,0.0,0.0,,696.078,,,,,0.0,0.0,,0.0,0.0,0.0,0.0,,1.02,1.02,,-5.755,-0.467,27941.865,2.22,,,3725.333,1.02,,,100.0,,,,,0.0,0.0,,-4.066,-0.008,646.814,0.177,0.0,,0.71,,,,0.0,0.0,,0.0,,,,,0.0,0.0,,0.0,,0.0,0.0,,,,0.0,0.0,,0.0,,,,,3725.333,1.02,,-30.645,-0.212,1755.065,0.481,100.0,,,0.0,0.0,,,0.0,0.0,,0.0,0.0,,3725.333,7.651,,,,0.0,0.0,,0.0,,,,,0.0,0.0,,0.0,,,,,0.0,0.0,,0.0,
Barbados,2010,BRB,274717,3418936064.0,,,,,0.0,0.0,0.0,,701.031,,,,,0.0,0.0,,0.0,0.0,0.0,0.0,,0.97,0.97,,-3.624,-0.277,26839.543,2.157,,,3530.906,0.97,,,100.0,,,,,0.0,0.0,,-1.099,-0.002,637.573,0.175,0.0,,0.68,,,,0.0,0.0,,0.0,,,,,0.0,0.0,,0.0,,0.0,0.0,,,,0.0,0.0,,0.0,,,,,3530.906,0.97,,30.717,0.148,2286.516,0.628,100.0,,,0.0,0.0,,,0.0,0.0,,0.0,0.0,,3530.906,7.373,,,,0.0,0.0,,0.0,,,,,0.0,0.0,,0.0,,,,,0.0,0.0,,0.0,
Barbados,2011,BRB,275501,3406690048.0,,,,,0.0,0.0,0.0,,696.97,,,,,0.0,0.0,,0.0,0.0,0.0,0.0,,0.99,0.99,,4.951,0.365,28088.297,2.272,,,3593.453,0.99,,,100.0,,,,,0.0,0.0,,2.222,0.004,649.886,0.179,0.0,,0.69,,,,0.0,0.0,,0.0,,,,,0.0,0.0,,0.0,,0.0,0.0,,,,0.0,0.0,,0.0,,,,,3593.453,0.99,,0.0,0.0,2280.009,0.628,100.0,,,0.0,0.0,,,0.0,0.0,,0.0,0.0,,3593.453,7.738,,,,0.0,0.0,,0.0,,,,,0.0,0.0,,0.0,,,,,0.0,0.0,,0.0,
Barbados,2012,BRB,276207,3415680000.0,,,,,0.0,0.0,0.0,,698.113,,,,,0.0,0.0,,0.0,0.0,0.0,0.0,,1.06,1.06,,-6.013,-0.465,26331.783,2.129,,,3837.701,1.06,,,100.0,,,,,0.0,0.0,,14.441,0.026,741.836,0.205,0.0,,0.74,,,,0.0,0.0,,0.0,,,,,0.0,0.0,,0.0,,0.0,0.0,,,,0.0,0.0,,0.0,,,,,3837.701,1.06,,0.274,0.002,2280.412,0.63,100.0,,,0.0,0.0,,,0.0,0.0,,0.0,0.0,,3837.701,7.273,,,,0.0,0.0,,0.0,,,,,0.0,0.0,,0.0,,,,,0.0,0.0,,0.0,
Barbados,2013,BRB,276873,3412801024.0,,,,,0.0,0.0,0.0,,705.263,,,,,0.0,0.0,,0.0,0.0,0.0,0.0,,0.95,0.95,,1.553,0.113,26676.488,2.164,,,3431.176,0.95,,,100.0,,,,,0.0,0.0,,17.232,0.035,867.576,0.24,0.0,,0.67,,,,0.0,0.0,,0.0,,,,,0.0,0.0,,0.0,,0.0,0.0,,,,0.0,0.0,,0.0,,,,,3431.176,0.95,,-0.273,-0.002,2268.711,0.628,100.0,,,0.0,0.0,,,0.0,0.0,,0.0,0.0,,3431.176,7.386,,,,0.0,0.0,,0.0,,,,,0.0,0.0,,0.0,,,,,0.0,0.0,,0.0,
Barbados,2014,BRB,277501,3416199936.0,,,,,0.0,0.0,0.0,,690.722,,,,,0.0,0.0,,0.0,0.0,0.0,0.0,,0.97,0.97,,-13.034,-0.963,23147.074,1.88,,,3459.447,0.96,,,98.969,,,,,0.0,0.0,,-35.88,-0.086,555.034,0.154,0.0,,0.67,,,,0.0,0.0,,0.0,,,,,36.036,0.01,,1.031,,0.0,0.0,,,,0.0,0.0,,0.0,,,,,3459.447,0.96,,0.0,0.0,2263.577,0.628,98.969,,,0.0,0.0,,,0.0,0.0,,0.0,0.0,,3495.483,6.423,,,,36.036,0.01,,1.031,,,,,36.036,0.01,,1.031,,,,,0.0,0.0,,0.0,
Barbados,2015,BRB,278095,3448058880.0,,,,,0.0,0.0,0.0,,693.878,,,,,0.0,0.0,,0.0,0.0,0.0,0.0,,0.98,0.98,,6.374,0.409,24569.877,1.982,,,3488.017,0.97,,,98.98,,,,,0.0,0.0,,24.91,0.038,691.812,0.192,0.0,,0.68,,,,0.0,0.0,,0.0,,,,,35.959,0.01,,1.02,,0.0,0.0,,,,0.0,0.0,,0.0,,,,,3488.017,0.97,,0.0,0.0,2258.742,0.628,98.98,,,0.0,0.0,,,0.0,0.0,,0.0,0.0,,3523.976,6.833,,,,35.959,0.01,,1.02,,,,,35.959,0.01,,1.02,,,,,0.0,0.0,,0.0,
Barbados,2016,BRB,278660,3492872960.0,,,,,0.0,0.0,0.0,,690.0,,,,,0.0,0.0,,0.0,0.0,0.0,0.0,,1.0,1.0,,2.025,0.138,25016.707,1.996,,,3516.831,0.98,,,98.0,,,,,0.0,0.0,,-3.187,-0.006,668.407,0.186,0.0,,0.69,,,,0.0,0.0,,0.0,,,,,71.772,0.02,,2.0,,0.0,0.0,,,,0.0,0.0,,0.0,,,,,3516.831,0.98,,0.274,0.002,2260.338,0.63,98.0,,,0.0,0.0,,,0.0,0.0,,0.0,0.0,,3588.603,6.971,,,,71.772,0.02,,2.0,,,,,71.772,0.02,,2.0,,,,,0.0,0.0,,0.0,
Barbados,2017,BRB,279199,3525892864.0,,,,,0.0,0.0,0.0,,683.168,,,,,0.0,0.0,,,,,0.0,,1.01,1.01,,-5.197,-0.362,23670.777,1.874,,,3510.041,0.98,,,97.03,,,,,0.0,0.0,,,,,,0.0,,0.69,,,,0.0,0.0,,0.0,,,,,107.45,0.03,,2.97,,0.0,0.0,,,,0.0,0.0,,0.0,,,,,3510.041,0.98,,,,,,97.03,,,0.0,0.0,,,0.0,0.0,,0.0,0.0,,3617.491,6.609,,,,107.45,0.03,,2.97,,,,,107.45,0.03,,2.97,,,,,0.0,0.0,,0.0,
Barbados,2018,BRB,279702,3516161024.0,,,,,0.0,0.0,0.0,,680.0,,,,,0.0,0.0,,,,,0.0,,1.0,1.0,,6.21,0.41,25095.537,1.996,,,3467.977,0.97,,,97.0,,,,,0.0,0.0,,,,,,0.0,,0.68,,,,0.0,0.0,,0.0,,,,,107.257,0.03,,3.0,,0.0,0.0,,,,0.0,0.0,,0.0,,,,,3467.977,0.97,,,,,,97.0,,,0.0,0.0,,,0.0,0.0,,0.0,0.0,,3575.234,7.019,,,,107.257,0.03,,3.0,,,,,107.257,0.03,,3.0,,,,,0.0,0.0,,0.0,
Barbados,2019,BRB,280193,,,,,,0.0,0.0,0.0,,676.471,,,,,0.0,0.0,,,,,0.0,,1.02,1.02,,0.481,0.034,25172.027,,,,3497.589,0.98,,,96.078,,,,,0.0,0.0,,,,,,0.0,,0.69,,,,0.0,0.0,,0.0,,,,,142.759,0.04,,3.922,,0.0,0.0,,,,0.0,0.0,,0.0,,,,,3497.589,0.98,,,,,,96.078,,,0.0,0.0,,,0.0,0.0,,0.0,0.0,,3640.348,7.053,,,,142.759,0.04,,3.922,,,,,142.759,0.04,,3.922,,,,,0.0,0.0,,0.0,
Barbados,2020,BRB,280704,,,,,,0.0,0.0,0.0,,650.0,,,,,0.0,0.0,,,,,0.0,,1.0,1.0,,-14.122,-0.996,21577.828,,,,3313.098,0.93,,,93.0,,,,,0.0,0.0,,,,,,0.0,,0.65,,,,0.0,0.0,,0.0,,,,,249.373,0.07,,7.0,,0.0,0.0,,,,0.0,0.0,,0.0,,,,,3313.098,0.93,,,,,,93.0,,,0.0,0.0,,,0.0,0.0,,0.0,0.0,,3562.471,6.057,,,,249.373,0.07,,7.0,,,,,249.373,0.07,,7.0,,,,,0.0,0.0,,0.0,
Barbados,2021,BRB,281204,,,,,,0.0,0.0,0.0,,644.86,,,,,0.0,0.0,,,,,0.0,,1.07,1.07,,6.901,0.418,23025.998,,,,3520.576,0.99,,,92.523,,,,,0.0,0.0,,,,,,0.0,,0.69,,,,0.0,0.0,,0.0,,,,,284.491,0.08,,7.477,,0.0,0.0,,,,0.0,0.0,,0.0,,,,,3520.576,0.99,,,,,,92.523,,,0.0,0.0,,,0.0,0.0,,0.0,0.0,,3805.067,6.475,,,,284.491,0.08,,7.477,,,,,284.491,0.08,,7.477,,,,,0.0,0.0,,0.0,
Belarus,1985,BLR,10133217,109799186432.0,,,,,,,,,,,,2478.224,25.112,,,,,,,,6.154,,33.175,8.13,,,40267.93,3.716,,,,,40262.094,407.985,,99.986,,,86.532,,,8539.424,,,,,,21.207,,,,0.059,1.974,0.02,5.836,0.06,0.014,,,0.059,0.0,0.0,5.836,0.0,0.014,,,,,0.0,0.0,0.0,0.0,0.0,0.0,,,296.34,,,29244.447,,,,,,72.625,,,,,,,,,,,,3273.886,408.044,,,0.059,,,5.836,,0.014,,,,,,,,,,,,,,,,
Belarus,1986,BLR,10201675,112796188672.0,,,,,,,,,,9.396,2.36,2692.88,27.472,,,,,,,,5.897,,36.282,7.789,14.164,57.795,45662.93,4.13,14.166,57.795,,,45657.129,465.779,,99.987,1.915,1.657,88.189,,,8644.532,,,,,,18.931,,0.0,0.0,0.059,1.96,0.02,5.797,0.055,0.013,0.0,0.0,0.059,0.0,0.0,5.797,0.0,0.013,,,,0.0,0.0,0.0,0.0,0.0,0.0,0.0,18.147,53.778,350.119,,,34319.715,,,,,,75.159,,,,,,,,,,,,3556.475,465.838,0.0,0.0,0.059,,,5.797,,0.013,,,,,,,,,,,,,,,,
Belarus,1987,BLR,10270610,114070847488.0,,,,,,,,,,-2.771,-0.761,2600.677,26.711,,,,,,,,5.652,,37.453,7.925,1.456,6.781,46016.68,4.143,1.456,6.781,,,46010.918,472.56,,99.987,12.875,11.355,99.543,,,9692.067,,,,,,21.062,,0.0,0.0,0.059,1.947,0.02,5.758,0.053,0.013,0.0,0.0,0.059,0.0,0.0,5.758,0.0,0.013,,,,0.0,0.0,0.0,0.0,0.0,0.0,0.0,-1.089,-3.812,346.306,,,33718.176,,,,,,73.274,,,,,,,,,,,,3646.619,472.619,0.0,0.0,0.059,,,5.758,,0.013,,,,,,,,,,,,,,,,
Belarus,1988,BLR,10333484,113655357440.0,,,,,,,,,,7.135,1.906,2769.283,28.616,,,,,,,,5.969,,38.15,7.958,1.436,6.786,46393.352,4.218,1.436,6.786,,,46387.629,479.346,,99.988,15.789,15.717,115.26,,,11154.062,,,,,,24.042,,0.0,0.0,0.059,1.935,0.02,5.723,0.052,0.012,0.0,0.0,0.059,0.0,0.0,5.723,0.0,0.012,,,,0.0,0.0,0.0,0.0,0.0,0.0,0.0,-3.129,-10.837,335.469,,,32464.283,,,,,,69.976,,,,,,,,,,,,3691.882,479.405,0.0,0.0,0.059,,,5.723,,0.012,,,,,,,,,,,,,,,,
Belarus,1989,BLR,10387611,121119309824.0,,,,,,,,,,-1.831,-0.524,2704.401,28.092,,,,,,,,6.059,,38.489,8.301,-3.284,-15.744,44635.926,3.828,-3.285,-15.744,,,44630.234,463.602,,99.987,5.311,6.122,121.382,,,11685.299,,,,,,26.179,,0.0,0.0,0.059,1.925,0.02,5.693,0.052,0.013,0.0,0.0,0.059,0.0,0.0,5.693,0.0,0.013,,,,0.0,0.0,0.0,0.0,0.0,0.0,0.0,-6.362,-21.342,314.127,,,30240.533,,,,,,67.749,,,,,,,,,,,,3705.279,463.661,0.0,0.0,0.059,,,5.693,,0.013,,,,,,,,,,,,,,,,
Belarus,1990,BLR,10428527,116974870528.0,,,,,,,,,,-12.039,-3.382,2369.481,24.71,,,,,,,,5.303,,39.526,8.482,0.499,2.312,44682.48,3.984,0.499,2.312,,,44676.812,465.913,,99.987,6.544,7.943,129.325,,,12401.083,,,,,,27.754,,0.0,0.0,0.059,1.918,0.02,5.671,0.051,0.013,0.0,0.0,0.059,1.918,0.02,5.671,0.051,0.013,,,,0.0,0.0,0.0,0.0,0.0,0.0,0.0,-0.716,-2.249,311.878,,,29906.248,,,,,,66.931,0.0,0.0,,,,0.0,,0.0,0.0,,0.0,3790.181,465.972,0.0,0.0,0.059,1.918,0.02,5.671,0.051,0.013,,,0.0,0.0,0.0,0.0,0.0,0.0,,,0.0,0.0,0.0,0.0,0.0,0.0
Belarus,1991,BLR,10457619,114005491712.0,,,,,,,,,,-5.006,-1.237,2244.598,23.473,,,,,,,,5.049,,38.735,8.332,-0.229,-1.066,44456.219,4.078,-0.228,-1.06,,,44451.129,464.853,,99.989,4.658,6.024,135.349,,,12942.598,,,,,,29.113,,-10.0,-0.006,0.053,1.721,0.018,5.09,0.046,0.011,-10.0,-0.006,0.053,1.721,0.018,5.09,0.046,0.011,,,,0.0,0.0,0.0,0.0,0.0,0.0,0.0,-1.875,-5.847,306.031,,,29263.934,,,,,,65.826,0.0,0.0,,,0.0,0.0,,0.0,0.0,,0.0,3703.998,464.906,-10.0,-0.006,0.053,1.721,0.018,5.09,0.046,0.011,,0.0,0.0,0.0,0.0,0.0,0.0,0.0,,0.0,0.0,0.0,0.0,0.0,0.0,0.0
Belarus,1992,BLR,10475912,101880774656.0,,,,,,,,,,-16.713,-3.923,1866.204,19.55,,,,,0.0,0.0,,4.849,,37.595,9.325,-13.282,-61.75,38484.066,3.957,-13.283,-61.748,,,38479.266,403.105,,99.988,16.128,21.83,157.178,,,15003.78,,,297.334,3.115,,38.987,,-5.556,-0.003,0.05,1.623,0.017,4.799,0.045,0.012,-5.556,-0.003,0.05,1.623,0.017,4.799,0.045,0.012,,,,0.0,0.0,0.0,0.0,0.0,0.0,0.0,-26.028,-79.654,226.377,,,21609.281,,,2410.374,25.251,,56.151,0.0,0.0,,,0.0,0.0,,0.0,0.0,,0.0,3588.709,403.156,-5.556,-0.003,0.05,1.623,0.017,4.799,0.045,0.012,,0.0,0.0,0.0,0.0,0.0,0.0,0.0,,0.0,0.0,0.0,0.0,0.0,0.0,0.0
Belarus,1993,BLR,10480485,93050200064.0,,,,,,,,,,-14.118,-2.76,1602.031,16.79,,,,0.0,0.0,0.0,,4.981,,33.369,9.898,-16.382,-66.044,32165.705,3.623,-16.385,-66.049,,,32160.344,337.056,,99.983,-7.218,-11.345,145.833,,,13914.711,0.0,0.0,297.204,3.115,,43.259,,11.765,0.006,0.056,1.813,0.019,5.361,0.057,0.017,11.765,0.006,0.056,1.813,0.019,5.361,0.057,0.017,,,,0.0,0.0,0.0,0.0,0.0,0.0,0.0,-22.946,-51.944,174.433,,,16643.604,-0.273,-0.069,2402.74,25.182,,51.743,0.0,0.0,,,0.0,0.0,,0.0,0.0,,0.0,3183.917,337.112,11.765,0.006,0.056,1.813,0.019,5.361,0.057,0.017,,0.0,0.0,0.0,0.0,0.0,0.0,0.0,,0.0,0.0,0.0,0.0,0.0,0.0,0.0
Belarus,1994,BLR,10475397,81212694528.0,,,,,,,,,,-29.936,-5.026,1122.989,11.764,,,,0.0,0.0,0.0,,4.174,,31.397,11.141,-16.404,-55.299,26902.42,3.47,-16.406,-55.299,,,26897.057,281.757,,99.98,-12.581,-18.347,127.486,,,12170.004,0.0,0.0,297.349,3.115,,45.238,,0.0,0.0,0.056,1.814,0.019,5.363,0.061,0.02,0.0,0.0,0.056,1.814,0.019,5.363,0.061,0.02,,,,0.0,0.0,0.0,0.0,0.0,0.0,0.0,-18.302,-31.925,142.508,,,13604.063,-0.623,-0.157,2388.923,25.025,,50.568,0.0,0.0,,,0.0,0.0,,0.0,0.0,,0.0,2997.213,281.814,0.0,0.0,0.056,1.814,0.019,5.363,0.061,0.02,,0.0,0.0,0.0,0.0,0.0,0.0,0.0,,0.0,0.0,0.0,0.0,0.0,0.0,0.0
Belarus,1995,BLR,10461694,71373348864.0,,,0.0,0.0,,,,0.0,,-5.898,-0.694,1058.138,11.07,,,,0.0,0.0,0.0,,4.415,,24.918,9.939,-11.038,-31.107,23964.195,3.513,-11.042,-31.11,,,23958.543,250.647,,99.976,-9.59,-12.225,115.26,,,11017.368,3.418,0.106,307.915,3.221,,45.974,,5.263,0.003,0.059,1.912,0.02,5.653,0.08,0.024,5.263,0.003,0.059,1.912,0.02,5.653,0.08,0.024,,,,0.0,0.0,0.0,0.0,0.0,0.0,0.0,-12.765,-18.191,124.317,,,11883.038,-2.943,-0.736,2321.654,24.288,,49.587,0.0,0.0,,,0.0,0.0,,0.0,0.0,,0.0,2381.832,250.706,5.263,0.003,0.059,1.912,0.02,5.653,0.08,0.024,,0.0,0.0,0.0,0.0,0.0,0.0,0.0,,0.0,0.0,0.0,0.0,0.0,0.0,0.0
Belarus,1996,BLR,10436455,72504139776.0,,0.0,0.0,0.0,,,,0.0,,21.361,2.365,1287.273,13.435,,,,0.0,0.0,0.0,,5.225,,23.728,9.228,2.566,6.432,24638.461,3.547,2.571,6.444,,,24633.928,257.091,,99.982,5.311,6.122,121.382,,,11630.61,0.0,0.0,308.659,3.221,,47.205,,-20.0,-0.012,0.047,1.533,0.016,4.533,0.067,0.018,-20.0,-0.012,0.047,1.533,0.016,4.533,0.067,0.018,,,,0.0,0.0,0.0,0.0,0.0,0.0,0.0,-1.643,-2.043,122.274,,,11716.043,-6.015,-1.461,2187.289,22.828,,47.552,0.0,0.0,,,0.0,0.0,,0.0,0.0,,0.0,2273.569,257.138,-20.0,-0.012,0.047,1.533,0.016,4.533,0.067,0.018,,0.0,0.0,0.0,0.0,0.0,0.0,0.0,,0.0,0.0,0.0,0.0,0.0,0.0,0.0
Belarus,1997,BLR,10400926,79868108800.0,,0.0,0.0,0.0,,,,0.0,,5.378,0.723,1361.141,14.157,,,,0.0,0.0,0.0,,5.443,,26.057,10.018,1.152,2.963,25007.492,3.257,1.147,2.948,,,25001.521,260.039,,99.976,14.383,17.458,138.84,,,13348.845,-33.305,-1.073,206.564,2.148,,53.379,,31.25,0.015,0.062,2.019,0.021,5.97,0.081,0.024,31.25,0.015,0.062,2.019,0.021,5.97,0.081,0.024,,,,0.0,0.0,0.0,0.0,0.0,0.0,0.0,-12.458,-15.232,107.041,,,10291.534,0.227,0.052,2199.736,22.879,,41.154,0.0,0.0,,,0.0,0.0,,0.0,0.0,,0.0,2505.258,260.101,31.25,0.015,0.062,2.019,0.021,5.97,0.081,0.024,,0.0,0.0,0.0,0.0,0.0,0.0,0.0,,0.0,0.0,0.0,0.0,0.0,0.0,0.0
Belarus,1998,BLR,10357472,85602467840.0,,0.0,0.0,0.0,,,,0.0,,-11.255,-1.593,1213.019,12.564,,,,0.0,0.0,0.0,,4.94,,23.492,9.236,-2.211,-5.75,24557.223,2.971,-2.219,-5.771,,,24549.229,254.268,,99.967,1.261,1.75,140.591,,,13573.856,10.0,0.215,228.173,2.363,,55.274,,33.333,0.021,0.083,2.703,0.028,7.994,0.119,0.033,33.333,0.021,0.083,2.703,0.028,7.994,0.119,0.033,,,,0.0,0.0,0.0,0.0,0.0,0.0,0.0,-5.538,-5.928,101.113,,,9762.354,0.204,0.047,2213.461,22.926,,39.753,0.0,0.0,,,0.0,0.0,,0.0,0.0,,0.0,2268.121,254.351,33.333,0.021,0.083,2.703,0.028,7.994,0.119,0.033,,0.0,0.0,0.0,0.0,0.0,0.0,0.0,,0.0,0.0,0.0,0.0,0.0,0.0,0.0
Belarus,1999,BLR,10308281,87455039488.0,,0.0,0.0,0.0,,,,0.0,,-7.222,-0.907,1130.786,11.656,,,,0.0,0.0,0.0,,4.711,,26.516,10.717,-2.726,-6.934,24001.736,2.829,-2.717,-6.907,,,23996.287,247.36,,99.977,1.864,2.621,143.212,,,13892.896,-4.545,-0.107,218.841,2.256,,57.883,,-32.143,-0.027,0.056,1.843,0.019,5.45,0.072,0.023,-32.143,-0.027,0.056,1.843,0.019,5.45,0.072,0.023,,,,0.0,0.0,0.0,0.0,0.0,0.0,0.0,-8.526,-8.621,92.492,,,8972.604,0.474,0.109,2234.564,23.035,,37.383,0.0,0.0,,,0.0,0.0,,0.0,0.0,,0.0,2572.301,247.417,-32.143,-0.027,0.056,1.843,0.019,5.45,0.072,0.023,,0.0,0.0,0.0,0.0,0.0,0.0,0.0,,0.0,0.0,0.0,0.0,0.0,0.0,0.0
Belarus,2000,BLR,10256489,91419115520.0,,0.0,0.0,0.0,0.0,0.0,0.0,0.0,489.405,-0.727,-0.085,1128.234,11.572,0.0,0.0,,0.0,0.0,0.0,0.0,4.537,31.78,24.54,9.621,3.089,7.644,24868.184,2.79,3.08,7.62,2389.707,24.51,24860.398,254.98,99.878,99.969,6.092,8.724,151.936,2389.707,24.51,14813.665,-4.286,-0.097,210.52,2.159,99.878,59.569,12.01,42.105,0.024,0.08,2.925,0.03,7.784,0.122,0.031,42.105,0.024,0.08,2.925,0.03,7.784,0.122,0.031,7.24,22.782,,,,0.0,0.0,,0.0,,-1.102,-1.02,91.472,0.0,0.0,8918.5,1.4,0.323,2277.295,23.357,0.0,35.863,0.0,0.0,0.0,,0.0,0.0,0.0,0.0,0.0,0.0,0.0,2392.632,255.06,42.105,0.024,0.08,2.925,0.03,7.784,0.122,0.031,,0.0,0.0,0.0,0.0,0.0,0.0,0.0,,0.0,0.0,0.0,0.0,0.0,0.0,0.0
Belarus,2001,BLR,10201212,94624129024.0,,0.0,0.0,0.0,0.0,0.0,0.0,0.0,489.389,-28.2,-3.263,814.464,8.309,0.0,0.0,,0.0,0.0,0.0,0.0,3.351,28.16,23.56,9.502,-2.784,-7.1,24306.926,2.62,-2.788,-7.108,2306.589,23.53,24298.285,247.872,99.873,99.964,-0.573,-0.871,151.066,2306.589,23.53,14808.596,-0.498,-0.011,210.608,2.148,99.873,60.923,11.53,11.111,0.008,0.088,2.941,0.03,8.64,0.127,0.036,11.111,0.008,0.088,2.941,0.03,8.64,0.127,0.036,4.6,16.335,,,,0.0,0.0,,0.0,,-3.252,-2.975,88.498,0.0,0.0,8675.224,-0.273,-0.064,2283.379,23.293,0.0,35.69,0.0,0.0,0.0,,0.0,0.0,0.0,0.0,0.0,0.0,0.0,2309.53,247.96,11.111,0.008,0.088,2.941,0.03,8.64,0.127,0.036,,0.0,0.0,0.0,0.0,0.0,0.0,0.0,,0.0,0.0,0.0,0.0,0.0,0.0,0.0
Belarus,2002,BLR,10135391,98263244800.0,,0.0,0.0,0.0,0.0,0.0,0.0,0.0,489.345,-5.67,-0.471,773.275,7.837,0.0,0.0,,0.0,0.0,0.0,0.0,3.055,29.76,24.87,9.695,3.455,8.566,25309.941,2.611,3.457,8.57,2450.818,24.84,25301.59,256.441,99.879,99.967,2.888,4.362,155.428,2450.818,24.84,15335.155,-5.0,-0.107,201.377,2.041,99.879,60.589,12.17,-3.333,-0.003,0.085,2.96,0.03,8.352,0.121,0.033,-3.333,-0.003,0.085,2.96,0.03,8.352,0.121,0.033,4.89,16.431,,,,0.0,0.0,,0.0,,5.287,4.678,93.176,0.0,0.0,9193.159,-1.333,-0.31,2267.576,22.983,0.0,36.322,0.0,0.0,0.0,,0.0,0.0,0.0,0.0,0.0,0.0,0.0,2453.778,256.526,-3.333,-0.003,0.085,2.96,0.03,8.352,0.121,0.033,,0.0,0.0,0.0,0.0,0.0,0.0,0.0,,0.0,0.0,0.0,0.0,0.0,0.0,0.0
Belarus,2003,BLR,10065881,103937826816.0,,0.0,0.0,0.0,0.0,0.0,0.0,0.0,489.413,-5.878,-0.461,732.849,7.377,0.0,0.0,,0.0,0.0,0.0,0.0,2.898,30.04,25.03,9.832,-0.756,-1.94,25292.014,2.449,-0.755,-1.936,2483.637,25.0,25283.945,254.505,99.88,99.968,-1.686,-2.621,152.807,2483.637,25.0,15180.664,-15.789,-0.322,170.751,1.719,99.88,60.022,12.25,-3.448,-0.003,0.081,2.98,0.03,8.067,0.12,0.032,-3.448,-0.003,0.081,2.98,0.03,8.067,0.12,0.032,5.01,16.678,,,,0.0,0.0,,0.0,,1.229,1.145,94.322,0.0,0.0,9370.433,-0.293,-0.067,2276.553,22.916,0.0,37.049,0.0,0.0,0.0,,0.0,0.0,0.0,0.0,0.0,0.0,0.0,2486.618,254.586,-3.448,-0.003,0.081,2.98,0.03,8.067,0.12,0.032,,0.0,0.0,0.0,0.0,0.0,0.0,0.0,,0.0,0.0,0.0,0.0,0.0,0.0,0.0
Belarus,2004,BLR,9999713,114486460416.0,,0.0,0.0,0.0,0.0,0.0,0.0,0.0,489.434,-2.045,-0.151,722.615,7.226,0.0,0.0,,0.0,0.0,0.0,0.0,2.535,32.59,29.34,10.292,11.978,30.494,28508.881,2.49,11.975,30.477,2931.084,29.31,28499.082,284.983,99.898,99.966,21.293,32.537,185.344,2931.084,29.31,18534.9,12.608,0.217,193.553,1.935,99.898,65.014,14.36,17.857,0.014,0.095,3.0,0.03,9.51,0.102,0.033,21.465,0.017,0.098,3.0,0.03,9.801,0.102,0.034,3.25,9.972,,,,0.0,0.0,,0.0,,-2.024,-1.909,92.413,0.0,0.0,9241.566,0.09,0.021,2293.687,22.936,0.0,32.416,0.0,0.0,0.0,,0.0,0.0,0.0,0.0,0.0,0.0,0.0,2934.084,285.081,21.465,0.017,0.098,3.0,0.03,9.801,0.102,0.034,,0.0,0.0,0.0,0.0,0.0,0.0,0.0,,0.003,0.003,0.0,0.0,0.291,0.0,0.001
Belarus,2005,BLR,9935166,123858051072.0,,0.0,0.0,0.0,0.0,0.0,0.0,0.0,489.179,10.433,0.754,803.193,7.98,0.0,0.0,,0.0,0.0,0.0,0.0,2.808,33.15,29.11,10.245,-0.326,-0.93,28600.459,2.294,-0.329,-0.938,2925.97,29.07,28589.797,284.044,99.863,99.963,2.527,4.683,190.027,2925.97,29.07,19126.666,-4.444,-0.086,186.152,1.849,99.863,66.875,14.24,9.091,0.008,0.103,4.026,0.04,10.376,0.137,0.036,8.791,0.008,0.106,4.026,0.04,10.664,0.137,0.037,4.04,12.187,,,,0.0,0.0,,0.0,,-6.899,-6.375,86.038,0.0,0.0,8659.936,-3.933,-0.902,2217.793,22.034,0.0,30.279,0.0,0.0,0.0,,0.0,0.0,0.0,0.0,0.0,0.0,0.0,2929.996,284.15,8.791,0.008,0.106,4.026,0.04,10.664,0.137,0.037,,0.0,0.0,0.0,0.0,0.0,0.0,0.0,-1.0,-0.0,0.003,0.0,0.0,0.288,0.0,0.001
Belarus,2006,BLR,9874700,134674022400.0,,0.0,0.0,0.0,2.025,0.02,0.067,0.0,489.112,-10.466,-0.835,723.535,7.145,0.0,0.0,,0.0,0.0,0.0,0.0,2.365,34.21,29.85,9.879,6.333,17.996,30598.045,2.244,6.335,17.993,3016.801,29.79,30587.021,302.038,99.799,99.964,2.063,3.921,193.948,3016.801,29.79,19640.877,-1.163,-0.022,185.114,1.828,99.799,64.19,14.6,-2.778,-0.003,0.1,4.051,0.04,10.085,0.134,0.033,2.703,0.003,0.109,6.076,0.06,11.02,0.201,0.036,4.36,12.745,,,,0.0,0.0,,0.0,,17.326,14.907,100.945,0.0,0.0,10222.61,0.0,0.0,2231.374,22.034,0.0,33.409,0.006,0.02,0.0,,0.006,2.025,0.0,0.647,0.067,0.0,0.002,3022.876,302.147,2.703,0.003,0.109,6.076,0.06,11.02,0.201,0.036,,0.0,0.0,0.0,0.0,0.0,0.0,0.0,0.0,-0.0,0.003,0.0,0.0,0.288,0.0,0.001
Belarus,2007,BLR,9825990,144615653376.0,,0.0,0.0,0.0,3.053,0.03,0.1,0.0,489.29,13.094,0.936,822.332,8.08,0.0,0.0,,0.0,0.0,0.0,0.0,2.741,34.22,29.88,10.137,-2.44,-7.373,29999.406,2.038,-2.453,-7.41,3033.791,29.81,29984.502,294.627,99.766,99.95,0.396,0.768,194.715,3033.791,29.81,19816.361,-5.882,-0.108,175.089,1.72,99.766,66.056,14.62,0.0,-0.001,0.099,4.071,0.04,10.072,0.134,0.034,31.579,0.038,0.146,7.124,0.07,14.908,0.234,0.05,4.34,12.683,,,,0.0,0.0,,0.0,,-9.028,-9.113,91.832,0.0,0.0,9345.809,0.0,0.0,2242.435,22.034,0.0,31.153,0.045,0.03,0.0,600.0,0.038,3.053,0.0,4.548,0.1,0.0,0.015,3040.915,294.774,31.579,0.038,0.146,7.124,0.07,14.908,0.234,0.05,,0.0,0.0,0.0,0.0,0.0,0.0,0.0,0.0,-0.0,0.003,0.0,0.0,0.288,0.0,0.001
Belarus,2008,BLR,9787829,157577084928.0,,0.082,8.4,0.082,7.152,0.07,0.213,0.028,489.058,-6.777,-0.548,769.594,7.533,0.0,0.0,,0.0,0.0,0.0,0.0,2.522,34.74,32.9,11.016,1.318,3.886,30513.402,1.895,1.267,3.733,3350.079,32.79,30482.754,298.36,99.666,99.9,2.413,4.699,199.415,3350.079,32.79,20373.723,-5.0,-0.086,166.983,1.634,99.666,66.77,16.09,11.429,0.011,0.11,4.087,0.04,11.197,0.122,0.037,210.444,0.153,0.3,11.238,0.11,30.647,0.334,0.1,1.84,5.296,,,,0.0,0.0,,0.0,,-0.456,-0.419,91.413,0.0,0.0,9339.438,0.274,0.06,2257.345,22.095,0.0,30.608,0.105,0.07,0.0,135.714,0.061,7.152,0.0,10.763,0.213,0.0,0.035,3361.318,298.66,210.444,0.153,0.3,11.238,0.11,30.647,0.334,0.1,,0.0,0.0,0.0,0.0,0.0,0.0,0.0,0.0,-0.0,0.003,0.0,0.0,0.287,0.0,0.001
Belarus,2009,BLR,9757710,156010315776.0,187.5,0.154,24.226,0.236,6.149,0.06,0.211,0.084,488.764,-4.724,-0.356,735.498,7.177,0.0,0.0,,0.0,0.0,0.0,0.0,2.54,32.95,28.48,10.079,-5.39,-16.097,28957.873,1.811,-5.481,-16.354,2908.469,28.38,28900.855,282.006,99.649,99.803,-15.092,-30.095,169.32,2908.469,28.38,17352.412,-1.316,-0.022,165.294,1.613,99.649,59.923,13.92,15.385,0.016,0.126,4.099,0.04,12.879,0.14,0.044,120.58,0.256,0.556,10.248,0.1,57.02,0.351,0.197,4.47,13.566,,,,0.0,0.0,,0.0,,15.421,14.097,105.51,0.0,0.0,10812.943,-5.972,-1.319,2129.091,20.775,0.0,37.34,0.192,0.06,0.0,81.818,0.086,6.149,0.0,19.629,0.211,0.0,0.068,2918.718,282.563,120.58,0.256,0.556,10.248,0.1,57.02,0.351,0.197,,0.0,0.0,0.0,0.0,0.0,0.0,0.0,0.0,-0.0,0.003,0.0,0.0,0.286,0.0,0.001
Belarus,2010,BLR,9731426,166239846400.0,65.217,0.154,40.133,0.391,7.193,0.07,0.213,0.128,488.72,4.606,0.331,771.454,7.507,0.0,0.0,,0.0,0.0,0.0,0.0,2.451,35.5,32.8,10.71,8.383,23.686,31470.039,1.842,8.317,23.456,3358.192,32.68,31389.23,305.462,99.634,99.743,22.421,37.964,207.284,3358.192,32.68,21300.438,-82.0,-1.323,29.833,0.29,99.634,67.685,16.03,0.0,-0.001,0.125,5.138,0.05,12.835,0.152,0.041,52.036,0.23,0.786,12.331,0.12,80.808,0.366,0.257,2.7,7.606,,,,0.0,0.0,,0.0,,-14.064,-14.839,90.671,0.0,0.0,9317.34,-9.091,-1.889,1940.763,18.886,0.0,29.607,0.268,0.07,0.0,40.0,0.077,7.193,0.0,27.555,0.213,0.0,0.088,3370.523,306.248,52.036,0.23,0.786,12.331,0.12,80.808,0.366,0.257,,0.0,0.0,0.0,0.0,0.0,0.0,0.0,0.0,-0.0,0.003,0.0,0.0,0.285,0.0,0.001
Belarus,2011,BLR,9706983,173124534272.0,-18.421,-0.072,32.823,0.319,8.241,0.08,0.265,0.106,488.757,20.13,1.511,929.085,9.019,0.0,0.0,,0.0,0.0,0.0,0.0,2.999,35.83,30.24,10.055,-1.801,-5.515,30981.086,1.737,-1.793,-5.478,3102.921,30.12,30903.949,299.984,99.603,99.751,-7.247,-15.022,192.262,3102.921,30.12,19806.549,11.004,0.032,33.2,0.322,99.603,63.931,14.78,-6.667,-0.009,0.116,4.121,0.04,11.936,0.132,0.039,-11.708,-0.038,0.749,12.362,0.12,77.137,0.397,0.249,5.59,15.601,,,,0.0,0.0,,0.0,,8.859,8.033,98.704,0.0,0.0,10168.314,0.0,0.0,1945.65,18.886,0.0,32.821,0.303,0.08,0.0,13.095,0.035,8.241,0.0,31.241,0.265,0.0,0.101,3115.283,300.733,-11.708,-0.038,0.749,12.362,0.12,77.137,0.397,0.249,,0.0,0.0,0.0,0.0,0.0,0.0,0.0,300.0,0.008,0.011,0.0,0.0,1.137,0.0,0.004
Belarus,2012,BLR,9693754,176014524416.0,6.452,0.021,34.988,0.339,8.253,0.08,0.276,0.104,487.906,2.004,0.181,948.998,9.199,0.0,0.0,,0.0,0.0,0.0,0.0,2.828,36.54,28.94,8.896,8.168,24.565,33557.434,1.848,8.153,24.457,2968.922,28.78,33469.102,324.441,99.447,99.737,0.957,1.839,194.101,2968.922,28.78,20023.305,-33.333,-0.107,22.163,0.215,99.447,59.669,14.12,71.429,0.082,0.197,7.221,0.07,20.366,0.242,0.061,11.435,0.108,0.856,16.505,0.16,88.335,0.553,0.263,7.6,20.799,,,,0.0,0.0,,0.0,,22.732,22.437,121.141,0.0,0.0,12496.797,0.274,0.052,1953.643,18.938,0.0,37.24,0.303,0.08,0.0,0.0,0.0,8.253,0.0,31.284,0.276,0.0,0.093,2985.428,325.298,11.435,0.108,0.856,16.505,0.16,88.335,0.553,0.263,,0.0,0.0,0.0,0.0,0.0,0.0,0.0,50.0,0.005,0.016,1.032,0.01,1.697,0.035,0.005
Belarus,2013,BLR,9691143,177742299136.0,-21.212,-0.072,27.574,0.267,14.446,0.14,0.473,0.091,486.149,6.141,0.565,1007.548,9.764,0.0,0.0,,0.0,0.0,0.0,0.0,3.312,35.97,29.6,10.04,-9.368,-30.475,30421.854,1.659,-9.415,-30.547,3024.411,29.31,30326.1,293.895,99.02,99.685,-0.72,-1.398,192.703,3024.411,29.31,19884.422,90.0,0.193,42.122,0.408,99.02,65.362,14.39,91.667,0.179,0.376,14.446,0.14,38.809,0.473,0.128,-3.23,0.072,0.928,29.924,0.29,95.756,0.98,0.315,6.37,17.709,,,,0.0,0.0,,0.0,,-24.528,-29.713,91.427,0.0,0.0,9434.13,-0.273,-0.052,1948.83,18.886,0.0,31.011,0.262,0.14,0.0,-13.684,-0.041,14.446,0.0,27.01,0.473,0.0,0.089,3054.335,294.823,-3.23,0.072,0.928,29.924,0.29,95.756,0.98,0.315,,0.001,0.001,0.0,0.0,0.112,0.0,0.0,33.333,0.005,0.022,1.032,0.01,2.25,0.034,0.007
Belarus,2014,BLR,9693741,180852932608.0,7.692,0.021,29.687,0.288,14.442,0.14,0.429,0.098,486.975,-0.797,-0.078,999.248,9.686,0.0,0.0,,0.0,0.0,0.0,0.0,3.284,35.95,32.63,11.063,0.041,0.121,30426.229,1.631,0.052,0.152,3338.237,32.36,30333.637,294.046,99.173,99.696,-0.772,-1.488,191.214,3338.237,32.36,19725.553,-21.053,-0.086,33.245,0.322,99.173,64.831,15.89,-12.319,-0.048,0.328,12.379,0.12,33.816,0.368,0.111,0.637,-0.03,0.898,27.853,0.27,92.592,0.827,0.304,3.32,9.235,,,,0.0,0.0,,0.0,,1.879,1.718,93.146,0.0,0.0,9608.835,0.0,0.0,1948.308,18.886,0.0,31.581,0.252,0.14,0.0,-3.659,-0.01,14.442,0.0,26.015,0.429,0.0,0.086,3366.09,294.944,0.637,-0.03,0.898,27.853,0.27,92.592,0.827,0.304,400.0,0.004,0.005,0.0,0.0,0.559,0.0,0.002,12.5,0.003,0.024,1.032,0.01,2.515,0.031,0.008
Belarus,2015,BLR,9700609,173928284160.0,-21.429,-0.062,23.309,0.226,14.432,0.14,0.437,0.085,486.571,-11.073,-1.073,887.968,8.614,0.0,0.0,,0.0,0.0,0.0,0.0,3.226,34.64,32.02,11.991,-9.464,-27.914,27527.16,1.535,-9.512,-27.971,3270.929,31.73,27428.779,266.076,99.094,99.643,-6.394,-12.225,178.989,3270.929,31.73,18451.326,0.0,0.0,33.221,0.322,99.094,67.03,15.58,-8.264,-0.029,0.299,11.339,0.11,30.815,0.344,0.112,-3.943,0.057,0.954,29.895,0.29,98.382,0.906,0.357,2.62,7.564,,,,0.0,0.0,,0.0,,-15.752,-14.673,78.473,0.0,0.0,8089.486,-13.05,-2.465,1692.85,16.422,0.0,29.387,0.3,0.14,0.0,18.987,0.048,14.432,0.0,30.933,0.437,0.0,0.112,3300.824,267.03,-3.943,0.057,0.954,29.895,0.29,98.382,0.906,0.357,350.0,0.019,0.024,1.031,0.01,2.498,0.031,0.009,333.333,0.081,0.105,3.093,0.03,10.827,0.094,0.039
Belarus,2016,BLR,9708111,168715976704.0,-9.091,-0.021,21.174,0.206,15.451,0.15,0.475,0.075,484.628,9.916,0.854,975.265,9.468,0.0,0.0,,0.0,0.0,0.0,0.0,3.47,34.57,31.55,11.563,2.176,5.812,28104.533,1.617,2.11,5.615,3208.657,31.15,27985.99,271.691,98.732,99.578,-0.622,-1.114,177.875,3208.657,31.15,18322.324,-26.666,-0.086,24.344,0.236,98.732,65.193,15.29,27.928,0.081,0.38,14.421,0.14,39.157,0.444,0.139,12.825,0.196,1.151,41.203,0.4,118.539,1.268,0.422,3.02,8.736,,,,0.0,0.0,,0.0,,7.487,5.875,84.348,0.0,0.0,8688.403,25.575,4.2,2124.154,20.622,0.0,30.915,0.3,0.15,0.0,0.0,0.0,15.451,0.0,30.909,0.475,0.0,0.11,3249.86,272.842,12.825,0.196,1.151,41.203,0.4,118.539,1.268,0.422,188.889,0.045,0.07,3.09,0.03,7.17,0.095,0.026,87.179,0.09,0.195,8.241,0.08,20.13,0.254,0.072
Belarus,2017,BLR,9707874,172987875328.0,0.0,0.0,21.174,0.206,16.481,0.16,0.493,0.074,480.283,3.427,0.324,1008.713,9.792,0.0,0.0,,,,,0.0,3.524,35.05,32.46,11.682,1.842,5.027,28623.031,1.606,1.494,4.058,3266.421,31.71,28404.711,275.749,97.689,99.237,2.368,4.212,182.088,3266.421,31.71,18756.688,,,,,97.689,65.53,15.59,185.915,0.7,1.08,41.204,0.4,111.3,1.232,0.389,67.153,0.969,2.119,77.257,0.75,218.319,2.311,0.763,2.59,7.389,,,,0.0,0.0,,0.0,,-0.567,-0.479,83.869,0.0,0.0,8639.312,,,,,0.0,30.183,0.338,0.16,0.0,12.766,0.038,16.481,0.0,34.856,0.493,0.0,0.122,3343.677,277.869,67.153,0.969,2.119,77.257,0.75,218.319,2.311,0.763,242.308,0.167,0.237,9.271,0.09,24.398,0.277,0.085,32.877,0.063,0.258,10.301,0.1,26.591,0.308,0.093
Belarus,2018,BLR,9695573,178435260416.0,-30.0,-0.062,14.841,0.144,21.659,0.21,0.573,0.047,481.178,50.0,4.896,1514.989,14.689,0.0,0.0,,,,,0.0,4.781,35.67,36.66,11.932,10.575,29.384,31689.998,1.722,10.727,29.58,3697.564,35.85,31491.641,305.329,97.791,99.374,6.071,11.055,193.143,3697.564,35.85,19920.711,,,,,97.791,62.861,17.64,-20.197,-0.223,0.857,33.005,0.32,88.413,0.873,0.279,-12.137,-0.196,1.923,83.543,0.81,198.356,2.209,0.626,-0.99,-2.775,,,,0.0,0.0,,0.0,,16.25,13.629,97.498,0.0,0.0,10055.938,,,,,0.0,31.732,0.348,0.21,0.0,2.83,0.01,21.659,0.0,35.888,0.573,0.0,0.113,3781.107,307.253,-12.137,-0.196,1.923,83.543,0.81,198.356,2.209,0.626,32.584,0.075,0.312,18.565,0.18,32.2,0.491,0.102,2.062,0.004,0.262,10.314,0.1,27.015,0.273,0.085
Belarus,2019,BLR,9673971,,14.286,0.021,16.999,0.164,24.809,0.24,0.637,0.053,479.83,5.305,0.779,1598.919,15.468,0.0,0.0,,,,,0.0,5.009,35.34,37.68,12.201,0.512,1.574,31923.436,,0.376,1.147,3797.82,36.74,31680.496,306.476,97.505,99.239,-0.775,-1.498,191.645,3797.82,36.74,19810.375,,,,,97.505,62.056,18.08,8.333,0.068,0.925,35.146,0.34,95.641,0.902,0.3,22.239,0.427,2.35,97.168,0.94,242.943,2.495,0.761,-2.34,-6.621,,,,0.0,0.0,,0.0,,1.913,1.865,99.363,0.0,0.0,10271.2,,,,,0.0,32.174,0.351,0.24,0.0,0.917,0.003,24.809,0.0,36.298,0.637,0.0,0.114,3894.988,308.826,22.239,0.427,2.35,97.168,0.94,242.943,2.495,0.761,51.695,0.16,0.472,18.607,0.18,48.774,0.478,0.153,67.677,0.176,0.438,18.607,0.18,45.232,0.478,0.142
Belarus,2020,BLR,9633745,,-3.766,-0.006,16.427,0.158,52.939,0.51,1.409,0.055,472.099,-37.068,-5.734,1010.439,9.734,0.0,0.0,,,,,0.0,3.394,35.7,36.2,12.623,-7.138,-22.044,29768.562,,-7.681,-23.542,3590.504,34.59,29369.084,282.934,95.552,98.658,-7.376,-14.135,177.51,3590.504,34.59,18425.863,,,,,95.552,61.897,17.09,13.96,0.125,1.051,40.483,0.39,109.045,1.077,0.366,56.552,1.498,3.848,167.121,1.61,399.474,4.448,1.342,-0.5,-1.401,,,0.852,35.293,0.34,88.42,0.939,0.297,-3.697,-3.673,95.69,0.0,0.0,9932.783,,,,,0.0,33.367,0.856,0.51,0.0,143.636,0.504,52.939,0.0,88.804,1.409,0.0,0.298,3757.625,286.783,21.723,0.646,2.997,131.828,1.27,311.054,3.508,1.045,-5.028,-0.025,0.446,18.684,0.18,46.344,0.497,0.156,11.446,0.048,0.486,19.722,0.19,50.434,0.525,0.169
Belarus,2021,BLR,9578172,,-3.951,-0.006,15.869,0.152,56.378,0.54,1.231,0.05,415.641,1.675,0.163,1033.329,9.897,0.0,0.0,,,,,0.0,3.238,43.56,43.86,14.35,6.578,18.865,31910.822,,1.903,5.386,3839.981,36.78,30101.766,288.32,83.858,94.331,5.694,10.107,187.617,3839.981,36.78,19587.965,,,,,83.858,61.383,18.23,-14.25,-0.153,0.898,40.718,0.39,93.705,0.889,0.294,353.62,13.479,17.327,739.181,7.08,1809.058,16.142,5.669,-0.3,-0.689,1610.177,13.662,14.514,603.455,5.78,1515.353,13.178,4.749,-5.104,-4.884,90.806,0.0,0.0,9480.471,,,,,0.0,29.709,0.839,0.54,0.0,-1.983,-0.017,56.378,0.0,87.548,1.231,0.0,0.274,4579.162,305.647,-5.929,-0.183,2.813,135.725,1.3,293.705,2.964,0.92,-0.273,-0.003,0.444,18.793,0.18,46.316,0.41,0.145,-0.54,-0.004,0.481,19.837,0.19,50.267,0.433,0.158
Belarus,2022,BLR,9534956,,-100.0,-0.152,0.0,0.0,,,,0.0,,8.328,0.824,1124.454,10.722,,,,,,,,3.612,,39.641,13.354,-2.879,-8.798,31132.697,,-2.137,-6.16,,,29592.15,282.16,,95.052,-1.595,-2.993,184.624,,,19362.898,,,,,,62.195,,0.0,-0.003,0.894,35.973,0.343,93.786,0.865,0.301,-16.352,-2.638,14.689,604.588,5.765,1540.547,14.542,4.948,,,-18.864,-2.781,11.733,491.874,4.69,1230.569,11.831,3.953,-4.396,-3.992,86.814,,,9104.797,,,,,,29.245,0.839,0.263,,0.0,0.0,27.55,,87.945,0.663,,0.282,4157.466,296.849,-3.285,0.142,2.956,112.713,1.075,309.978,2.711,0.996,68.125,0.299,0.743,29.893,0.285,77.936,0.719,0.25,0.0,-0.002,0.48,19.297,0.184,50.311,0.464,0.162
Belgium,1900,BEL,6705987,39957893120.0,,,,,,,,,,,,,,,,,,26062.717,174.776,,,,,,,,,,,,,,,,,,,,,,,,,,0.0,0.0,,,,,,,,,,,,,,,,,,,,,,,,,,,,,,,,,,,,,,,,,,,,,,,,,,,,,,,,,,,,,,,,,,,,,,,,,,,,,,
Belgium,1901,BEL,6776269,40316329984.0,,,,,,,,,,,,,,,,-5.323,-9.304,24419.398,165.472,,,,,,,,,,,,,,,,,,,,,,,,,0.0,0.0,0.0,,,,,,,,,,,,,,,,,,,,,,,,,,,,,,,,,,,,,,,,,,,,,,,,,,,,,,,,,,,,,,,,,,,,,,,,,,,,,,
Belgium,1902,BEL,6848968,41141878784.0,,,,,,,,,,,,,,,,2.985,4.939,24881.283,170.411,,,,,,,,,,,,,,,,,,,,,,,,,0.0,0.0,0.0,,,,,,,,,,,,,,,,,,,,,,,,,,,,,,,,,,,,,,,,,,,,,,,,,,,,,,,,,,,,,,,,,,,,,,,,,,,,,,
Belgium,1903,BEL,6924126,42072961024.0,,,,,,,,,,,,,,,,4.022,6.853,25600.951,177.264,,,,,,,,,,,,,,,,,,,,,,,,,0.0,0.0,0.0,,,,,,,,,,,,,,,,,,,,,,,,,,,,,,,,,,,,,,,,,,,,,,,,,,,,,,,,,,,,,,,,,,,,,,,,,,,,,,
Belgium,1904,BEL,7000108,43160825856.0,,,,,,,,,,,,,,,,-4.353,-7.717,24220.631,169.547,,,,,,,,,,,,,,,,,,,,,,,,,0.0,0.0,0.0,,,,,,,,,,,,,,,,,,,,,,,,,,,,,,,,,,,,,,,,,,,,,,,,,,,,,,,,,,,,,,,,,,,,,,,,,,,,,,
Belgium,1905,BEL,7076924,44398899200.0,,,,,,,,,,,,,,,,-4.332,-7.345,22919.887,162.202,,,,,,,,,,,,,,,,,,,,,,,,,0.0,0.0,0.0,,,,,,,,,,,,,,,,,,,,,,,,,,,,,,,,,,,,,,,,,,,,,,,,,,,,,,,,,,,,,,,,,,,,,,,,,,,,,,
Belgium,1906,BEL,7154584,45318950912.0,,,,,,,,,,,,,,,,8.243,13.371,24539.971,175.573,,,,,,,,,,,,,,,,,,,,,,,,,0.0,0.0,0.0,,,,,,,,,,,,,,,,,,,,,,,,,,,,,,,,,,,,,,,,,,,,,,,,,,,,,,,,,,,,,,,,,,,,,,,,,,,,,,
Belgium,1907,BEL,7233095,45994582016.0,,,,,,,,,,,,,,,,0.573,1.006,24412.635,176.579,,,,,,,,,,,,,,,,,,,,,,,,,0.0,0.0,0.0,,,,,,,,,,,,,,,,,,,,,,,,,,,,,,,,,,,,,,,,,,,,,,,,,,,,,,,,,,,,,,,,,,,,,,,,,,,,,,
Belgium,1908,BEL,7312468,46459559936.0,,,,,,,,,,,,,,,,-0.578,-1.021,24008.088,175.558,,,,,,,,,,,,,,,,,,,,,,,,,0.0,0.0,0.0,,,,,,,,,,,,,,,,,,,,,,,,,,,,,,,,,,,,,,,,,,,,,,,,,,,,,,,,,,,,,,,,,,,,,,,,,,,,,,
Belgium,1909,BEL,7377299,47335739392.0,,,,,,,,,,,,,,,,-0.212,-0.372,23746.621,175.186,,,,,,,,,,,,,,,,,,,,,,,,,0.0,0.0,0.0,,,,,,,,,,,,,,,,,,,,,,,,,,,,,,,,,,,,,,,,,,,,,,,,,,,,,,,,,,,,,,,,,,,,,,,,,,,,,,
Belgium,1910,BEL,7427418,48572043264.0,,,,,,,,,,,,,,,,1.697,2.972,23986.545,178.158,,,,,,,,,,,,,,,,,,,,,,,,,0.0,0.0,0.0,,,,,,,,,,,,,,,,,,,,,,,,,,,,,,,,,,,,,,,,,,,,,,,,,,,,,,,,,,,,,,,,,,,,,,,,,,,,,,
Belgium,1911,BEL,7462655,49702404096.0,,,,,,,,,,,,,,,,-3.608,-6.428,23011.863,171.73,,,,,,,,,,,,,,,,,,,,,,,,,0.0,0.0,0.0,,,,,,,,,,,,,,,,,,,,,,,,,,,,,,,,,,,,,,,,,,,,,,,,,,,,,,,,,,,,,,,,,,,,,,,,,,,,,,
Belgium,1912,BEL,7482838,50883358720.0,,,,,,,,,,,,,,,,-0.356,-0.611,22868.166,171.119,,,,,,,,,,,,,,,,,,,,,,,,,0.0,0.0,0.0,,,,,,,,,,,,,,,,,,,,,,,,,,,,,,,,,,,,,,,,,,,,,,,,,,,,,,,,,,,,,,,,,,,,,,,,,,,,,,
Belgium,1913,BEL,7487791,51569180672.0,,,,,,,,,,,,,,,,-0.566,-0.968,22723.713,170.15,,,,,,,,,,,,,,,,,,,,,,,,,0.0,0.0,0.0,,,,,,,,,,,,,,,,,,,,,,,,,,,,,,,,,,,,,,,,,,,,,,,,,,,,,,,,,,,,,,,,,,,,,,,,,,,,,,
Belgium,1914,BEL,7492747,48291917824.0,,,,,,,,,,,,,,,,-26.828,-45.648,16616.447,124.503,,,,,,,,,,,,,,,,,,,,,,,,,0.0,0.0,0.0,,,,,,,,,,,,,,,,,,,,,,,,,,,,,,,,,,,,,,,,,,,,,,,,,,,,,,,,,,,,,,,,,,,,,,,,,,,,,,
Belgium,1915,BEL,7497707,47717851136.0,,,,,,,,,,,,,,,,-15.173,-18.891,14085.925,105.612,,,,,,,,,,,,,,,,,,,,,,,,,0.0,0.0,0.0,,,,,,,,,,,,,,,,,,,,,,,,,,,,,,,,,,,,,,,,,,,,,,,,,,,,,,,,,,,,,,,,,,,,,,,,,,,,,,
Belgium,1916,BEL,7502669,50476285952.0,,,,,,,,,,,,,,,,33.044,34.899,18728.105,140.511,,,,,,,,,,,,,,,,,,,,,,,,,0.0,0.0,0.0,,,,,,,,,,,,,,,,,,,,,,,,,,,,,,,,,,,,,,,,,,,,,,,,,,,,,,,,,,,,,,,,,,,,,,,,,,,,,,
Belgium,1917,BEL,7507636,43351961600.0,,,,,,,,,,,,,,,,-20.845,-29.29,14814.416,111.221,,,,,,,,,,,,,,,,,,,,,,,,,0.0,0.0,0.0,,,,,,,,,,,,,,,,,,,,,,,,,,,,,,,,,,,,,,,,,,,,,,,,,,,,,,,,,,,,,,,,,,,,,,,,,,,,,,
Belgium,1918,BEL,7513025,34929598464.0,,,,,,,,,,,,,,,,-6.965,-7.747,13772.65,103.474,,,,,,,,,,,,,,,,,,,,,,,,,0.0,0.0,0.0,,,,,,,,,,,,,,,,,,,,,,,,,,,,,,,,,,,,,,,,,,,,,,,,,,,,,,,,,,,,,,,,,,,,,,,,,,,,,,
Belgium,1919,BEL,7527467,41206456320.0,,,,,,,,,,,,,,,,33.057,34.206,18290.369,137.68,,,,,,,,,,,,,,,,,,,,,,,,,0.0,0.0,0.0,,,,,,,,,,,,,,,,,,,,,,,,,,,,,,,,,,,,,,,,,,,,,,,,,,,,,,,,,,,,,,,,,,,,,,,,,,,,,,
Belgium,1920,BEL,7551028,47690878976.0,,,,,,,,,,,,,,,,21.133,29.096,22086.529,166.776,,,,,,,,,,,,,,,,,,,,,,,,,0.0,0.0,0.0,,,,,,,,,,,,,,,,,,,,,,,,,,,,,,,,,,,,,,,,,,,,,,,,,,,,,,,,,,,,,,,,,,,,,,,,,,,,,,
Belgium,1921,BEL,7583777,48513359872.0,,,,,,,,,,,,,,,,-2.85,-4.752,21364.49,162.024,,,,,,,,,,,,,,,,,,,,,,,,,0.0,0.0,0.0,,,,,,,,,,,,,,,,,,,,,,,,,,,,,,,,,,,,,,,,,,,,,,,,,,,,,,,,,,,,,,,,,,,,,,,,,,,,,,
Belgium,1922,BEL,7625781,53254414336.0,,,,,,,,,,,,,,,,-2.496,-4.045,20716.398,157.979,,,,,,,,,,,,,,,,,,,,,,,,,0.0,0.0,0.0,,,,,,,,,,,,,,,,,,,,,,,,,,,,,,,,,,,,,,,,,,,,,,,,,,,,,,,,,,,,,,,,,,,,,,,,,,,,,,
Belgium,1923,BEL,7677110,55170510848.0,,,,,,,,,,,,,,,,8.087,12.775,22241.934,170.754,,,,,,,,,,,,,,,,,,,,,,,,,0.0,0.0,0.0,,,,,,,,,,,,,,,,,,,,,,,,,,,,,,,,,,,,,,,,,,,,,,,,,,,,,,,,,,,,,,,,,,,,,,,,,,,,,,
Belgium,1924,BEL,7728784,56977850368.0,,,,,,,,,,,,,,,,1.915,3.27,22516.336,174.024,,,,,,,,,,,,,,,,,,,,,,,,,0.0,0.0,0.0,,,,,,,,,,,,,,,,,,,,,,,,,,,,,,,,,,,,,,,,,,,,,,,,,,,,,,,,,,,,,,,,,,,,,,,,,,,,,,
Belgium,1925,BEL,7780807,57860202496.0,,,,,,,,,,,,,,,,-1.134,-1.974,22112.09,172.05,,,,,,,,,,,,,,,,,,,,,,,,,0.0,0.0,0.0,,,,,,,,,,,,,,,,,,,,,,,,,,,,,,,,,,,,,,,,,,,,,,,,,,,,,,,,,,,,,,,,,,,,,,,,,,,,,,
Belgium,1926,BEL,7833179,59818344448.0,,,,,,,,,,,,,,,,9.235,15.889,23992.641,187.939,,,,,,,,,,,,,,,,,,,,,,,,,0.0,0.0,0.0,,,,,,,,,,,,,,,,,,,,,,,,,,,,,,,,,,,,,,,,,,,,,,,,,,,,,,,,,,,,,,,,,,,,,,,,,,,,,,
Belgium,1927,BEL,7885904,62022688768.0,,,,,,,,,,,,,,,,9.199,17.289,26024.641,205.228,,,,,,,,,,,,,,,,,,,,,,,,,0.0,0.0,0.0,,,,,,,,,,,,,,,,,,,,,,,,,,,,,,,,,,,,,,,,,,,,,,,,,,,,,,,,,,,,,,,,,,,,,,,,,,,,,,
Belgium,1928,BEL,7938984,65265889280.0,,,,,,,,,,,,,,,,0.098,0.201,25875.973,205.429,,,,,,,,,,,,,,,,,,,,,,,,,0.0,0.0,0.0,,,,,,,,,,,,,,,,,,,,,,,,,,,,,,,,,,,,,,,,,,,,,,,,,,,,,,,,,,,,,,,,,,,,,,,,,,,,,,
Belgium,1929,BEL,7986890,64705789952.0,,,,,,,,,,,,,,,,-2.313,-4.752,25125.732,200.676,,,,,,,,,,,,,,,,,,,,,,,,,0.0,0.0,0.0,,,,,,,,,,,,,,,,,,,,,,,,,,,,,,,,,,,,,,,,,,,,,,,,,,,,,,,,,,,,,,,,,,,,,,,,,,,,,,
Belgium,1930,BEL,8029570,64091136000.0,,,,,,,,,,,,,,,,1.763,3.538,25432.838,204.215,,,,,,,,,,,,,,,,,,,,,,,,,0.0,0.0,0.0,,,,,,,,,,,,,,,,,,,,,,,,,,,,,,,,,,,,,,,,,,,,,,,,,,,,,,,,,,,,,,,,,,,,,,,,,,,,,,
Belgium,1931,BEL,8066970,62952120320.0,,,,,,,,,,,,,,,,-1.361,-2.778,24970.498,201.436,,,,,,,,,,,,,,,,,,,,,,,,,0.0,0.0,0.0,,,,,,,,,,,,,,,,,,,,,,,,,,,,,,,,,,,,,,,,,,,,,,,,,,,,,,,,,,,,,,,,,,,,,,,,,,,,,,
Belgium,1932,BEL,8099037,60109799424.0,,,,,,,,,,,,,,,,-20.775,-41.849,19704.527,159.588,,,,,,,,,,,,,,,,,,,,,,,,,0.0,0.0,0.0,,,,,,,,,,,,,,,,,,,,,,,,,,,,,,,,,,,,,,,,,,,,,,,,,,,,,,,,,,,,,,,,,,,,,,,,,,,,,,
Belgium,1933,BEL,8125715,61411491840.0,,,,,,,,,,,,,,,,18.092,28.872,23193.047,188.46,,,,,,,,,,,,,,,,,,,,,,,,,0.0,0.0,0.0,,,,,,,,,,,,,,,,,,,,,,,,,,,,,,,,,,,,,,,,,,,,,,,,,,,,,,,,,,,,,,,,,,,,,,,,,,,,,,
Belgium,1934,BEL,8152481,60899201024.0,,,,,,,,,,,,,,,,4.304,8.112,24111.93,196.572,,,,,,,,,,,,,,,,,,,,,,,,,0.0,0.0,0.0,,,,,,,,,,,,,,,,,,,,,,,,,,,,,,,,,,,,,,,,,,,,,,,,,,,,,,,,,,,,,,,,,,,,,,,,,,,,,,
Belgium,1935,BEL,8179335,64654688256.0,,,,,,,,,,,,,,,,0.443,0.872,24139.32,197.444,,,,,,,,,,,,,,,,,,,,,,,,,0.0,0.0,0.0,,,,,,,,,,,,,,,,,,,,,,,,,,,,,,,,,,,,,,,,,,,,,,,,,,,,,,,,,,,,,,,,,,,,,,,,,,,,,,
Belgium,1936,BEL,8206277,65114763264.0,,,,,,,,,,,,,,,,5.135,10.138,25295.479,207.582,,,,,,,,,,,,,,,,,,,,,,,,,0.0,0.0,0.0,,,,,,,,,,,,,,,,,,,,,,,,,,,,,,,,,,,,,,,,,,,,,,,,,,,,,,,,,,,,,,,,,,,,,,,,,,,,,,
Belgium,1937,BEL,8233309,66000166912.0,,,,,,,,,,,,,,,,7.148,14.838,27014.672,222.42,,,,,,,,,,,,,,,,,,,,,,,,,0.0,0.0,0.0,,,,,,,,,,,,,,,,,,,,,,,,,,,,,,,,,,,,,,,,,,,,,,,,,,,,,,,,,,,,,,,,,,,,,,,,,,,,,,
Belgium,1938,BEL,8260429,64496549888.0,,,,,,,,,,,,,,,,-0.918,-2.041,26678.893,220.379,,,,,,,,,,,,,,,,,,,,,,,,,0.0,0.0,0.0,,,,,,,,,,,,,,,,,,,,,,,,,,,,,,,,,,,,,,,,,,,,,,,,,,,,,,,,,,,,,,,,,,,,,,,,,,,,,,
Belgium,1939,BEL,8287916,68889927680.0,,,,,,,,,,,,,,,,0.875,1.929,26823.197,222.308,,,,,,,,,,,,,,,,,,,,,,,,,0.0,0.0,0.0,,,,,,,,,,,,,,,,,,,,,,,,,,,,,,,,,,,,,,,,,,,,,,,,,,,,,,,,,,,,,,,,,,,,,,,,,,,,,,
Belgium,1940,BEL,8315772,60692111360.0,,,,,,,,,,,,,,,,-14.425,-32.068,22877.057,190.24,,,,,,,,,,,,,,,,,,,,,,,,,0.0,0.0,0.0,,,,,,,,,,,,,,,,,,,,,,,,,,,,,,,,,,,,,,,,,,,,,,,,,,,,,,,,,,,,,,,,,,,,,,,,,,,,,,
Belgium,1941,BEL,8343998,57493372928.0,,,,,,,,,,,,,,,,4.632,8.812,23855.779,199.053,,,,,,,,,,,,,,,,,,,,,,,,,0.0,0.0,0.0,,,,,,,,,,,,,,,,,,,,,,,,,,,,,,,,,,,,,,,,,,,,,,,,,,,,,,,,,,,,,,,,,,,,,,,,,,,,,,
Belgium,1942,BEL,8372598,52541636608.0,,,,,,,,,,,,,,,,-6.238,-12.418,22291.178,186.635,,,,,,,,,,,,,,,,,,,,,,,,,0.0,0.0,0.0,,,,,,,,,,,,,,,,,,,,,,,,,,,,,,,,,,,,,,,,,,,,,,,,,,,,,,,,,,,,,,,,,,,,,,,,,,,,,,
Belgium,1943,BEL,8401573,51331174400.0,,,,,,,,,,,,,,,,-5.26,-9.818,21045.734,176.817,,,,,,,,,,,,,,,,,,,,,,,,,0.0,0.0,0.0,,,,,,,,,,,,,,,,,,,,,,,,,,,,,,,,,,,,,,,,,,,,,,,,,,,,,,,,,,,,,,,,,,,,,,,,,,,,,,
Belgium,1944,BEL,8430648,54339215360.0,,,,,,,,,,,,,,,,-43.005,-76.04,11953.734,100.778,,,,,,,,,,,,,,,,,,,,,,,,,0.0,0.0,0.0,,,,,,,,,,,,,,,,,,,,,,,,,,,,,,,,,,,,,,,,,,,,,,,,,,,,,,,,,,,,,,,,,,,,,,,,,,,,,,
Belgium,1945,BEL,8459824,57597472768.0,,,,,,,,,,,,,,,,17.03,17.163,13941.219,117.94,,,,,,,,,,,,,,,,,,,,,,,,,0.0,0.0,0.0,,,,,,,,,,,,,,,,,,,,,,,,,,,,,,,,,,,,,,,,,,,,,,,,,,,,,,,,,,,,,,,,,,,,,,,,,,,,,,
Belgium,1946,BEL,8489101,61003796480.0,,,,,,,,,,,,,,,,44.331,52.285,20052.168,170.225,,,,,,,,,,,,,,,,,,,,,,,,,0.0,0.0,0.0,,,,,,,,,,,,,,,,,,,,,,,,,,,,,,,,,,,,,,,,,,,,,,,,,,,,,,,,,,,,,,,,,,,,,,,,,,,,,,
Belgium,1947,BEL,8518479,64650948608.0,,,,,,,,,,,,,,,,6.932,11.799,21368.148,182.024,,,,,,,,,,,,,,,,,,,,,,,,,0.0,0.0,0.0,,,,,,,,,,,,,,,,,,,,,,,,,,,,,,,,,,,,,,,,,,,,,,,,,,,,,,,,,,,,,,,,,,,,,,,,,,,,,,
Belgium,1948,BEL,8547959,68524457984.0,,,,,,,,,,,,,,,,9.179,16.708,23249.09,198.732,,,,,,,,,,,,,,,,,,,,,,,,,0.0,0.0,0.0,,,,,,,,,,,,,,,,,,,,,,,,,,,,,,,,,,,,,,,,,,,,,,,,,,,,,,,,,,,,,,,,,,,,,,,,,,,,,,
Belgium,1949,BEL,8580904,71306690560.0,,,,,,,,,,,,,,,,4.404,8.753,24179.838,207.485,,,,,,,,,,,,,,,,,,,,,,,,,0.0,0.0,0.0,,,,,,,,,,,,,,,,,,,,,,,,,,,,,,,,,,,,,,,,,,,,,,,,,,,,,,,,,,,,,,,,,,,,,,,,,,,,,,
Belgium,1950,BEL,8617340,75214348288.0,,,,,,,,,,,,,,,,-1.914,-3.97,23616.863,203.515,,,,,,,,,,,,,,,,,,,,,,,,,0.668,77.496,0.668,,,,,,,,,,,,,,,,,,,,,,,,,,,,,,,,,,,,,,,,,,,,,,,,,,,,,,,,,,,,,,,,,,,,,,,,,,,,,,
Belgium,1951,BEL,8655405,79502696448.0,,,,,,,,,,,,,,,,8.528,17.356,25518.244,220.871,,,,,,,,,,,,,,,,,,,,,,,,79.412,0.53,138.426,1.198,,,,,,,,,,,,,,,,,,,,,,,,,,,,,,,,,,,,,,,,,,,,,,,,,,,,,,,,,,,,,,,,,,,,,,,,,,,,,,
Belgium,1952,BEL,8695589,78879211520.0,,,,,,,,,,,,,,,,2.472,5.46,26028.24,226.331,,,,,,,,,,,,,,,,,,,,,,,,1.639,0.02,140.045,1.218,,,,,,,,,,,,,,,,,,,,,,,,,,,,,,,,,,,,,,,,,,,,,,,,,,,,,,,,,,,,,,,,,,,,,,,,,,,,,,
Belgium,1953,BEL,8740418,81405992960.0,,,,,,,,,,,,,,,,-1.066,-2.413,25618.613,223.917,,,,,,,,,,,,,,,,,,,,,,,,-11.29,-0.137,123.596,1.08,,,,,,,,,,,,,,,,,,,,,,,,,,,,,,,,,,,,,,,,,,,,,,,,,,,,,,,,,,,,,,,,,,,,,,,,,,,,,,
Belgium,1954,BEL,8787230,84754243584.0,,,,,,,,,,,,,,,,-2.698,-6.041,24794.645,217.876,,,,,,,,,,,,,,,,,,,,,,,,9.091,0.098,134.114,1.178,,,,,,,,,,,,,,,,,,,,,,,,,,,,,,,,,,,,,,,,,,,,,,,,,,,,,,,,,,,,,,,,,,,,,,,,,,,,,,
Belgium,1955,BEL,8834527,88773435392.0,,,,,,,,,,,,,,,,2.294,4.998,25227.67,222.875,,,,,,,,,,,,,,,,,,,,,,,,33.333,0.393,177.861,1.571,,,,,,,,,,,,,,,,,,,,,,,,,,,,,,,,,,,,,,,,,,,,,,,,,,,,,,,,,,,,,,,,,,,,,,,,,,,,,,
Belgium,1956,BEL,8881499,91353399296.0,,,,,,,,,,,,,,,,-1.534,-3.419,24709.277,219.455,,,,,,,,,,,,,,,,,,,,,,,,21.25,0.334,214.516,1.905,,,,,,,,,,,,,,,,,,,,,,,,,,,,,,,,,,,,,,,,,,,,,,,,,,,,,,,,,,,,,,,,,,,,,,,,,,,,,,
Belgium,1957,BEL,8931968,93064265728.0,,,,,,,,,,,,,,,,-1.561,-3.427,24186.035,216.029,,,,,,,,,,,,,,,,,,,,,,,,9.278,0.177,233.095,2.082,,,,,,,,,,,,,,,,,,,,,,,,,,,,,,,,,,,,,,,,,,,,,,,,,,,,,,,,,,,,,,,,,,,,,,,,,,,,,,
Belgium,1958,BEL,8987667,92953198592.0,,,,,,,,,,,,,,,,-6.686,-14.444,22429.096,201.585,,,,,,,,,,,,,,,,,,,,,,,,-7.547,-0.157,214.168,1.925,,,,,,,,,,,,,,,,,,,,,,,,,,,,,,,,,,,,,,,,,,,,,,,,,,,,,,,,,,,,,,,,,,,,,,,,,,,,,,
Belgium,1959,BEL,9049394,95889580032.0,,,,,,,,,,,,,,,,-15.908,-32.068,18732.439,169.517,,,,,,,,,,,,,,,,,,,,,,,,-13.265,-0.255,184.491,1.67,,,,,,,,,,,,,,,,,,,,,,,,,,,,,,,,,,,,,,,,,,,,,,,,,,,,,,,,,,,,,,,,,,,,,,,,,,,,,,
Belgium,1960,BEL,9108729,101044314112.0,,,,,,,,,,,,,,,,-1.266,-2.145,18374.893,167.372,,,,,,,,,,,,,,,,,,,,,,,,-15.294,-0.255,155.257,1.414,,,,,,,,,,,,,,,,,,,,,,,,,,,,,,,,,,,,,,,,,,,,,,,,,,,,,,,,,,,,,,,,,,,,,,,,,,,,,,
Belgium,1961,BEL,9168479,105965813760.0,,,,,,,,,,,,,,,,-4.139,-6.928,17499.559,160.444,,,,,,,,,,,,,,,,,,,,,,,,1.389,0.02,156.387,1.434,,,,,,,,,,,,,,,,,,,,,,,,,,,,,,,,,,,,,,,,,,,,,,,,,,,,,,,,,,,,,,,,,,,,,,,,,,,,,,
Belgium,1962,BEL,9230337,111422799872.0,,,,,,,,,,,,,,,,-1.555,-2.495,17111.934,157.949,,,,,,,,,,,,,,,,,,,,,,,,1.37,0.02,157.467,1.453,,,,,,,,,,,,,,,,,,,,,,,,,,,,,,,,,,,,,,,,,,,,,,,,,,,,,,,,,,,,,,,,,,,,,,,,,,,,,,
Belgium,1963,BEL,9288223,116335812608.0,,,,,,,,,,,,,,,,1.0,1.579,17175.311,159.528,,,,,,,,,,,,,,,,,,,,,,,,-2.703,-0.039,152.256,1.414,,,,,,,,,,,,,,,,,,,,,,,,,,,,,,,,,,,,,,,,,,,,,,,,,,,,,,,,,,,,,,,,,,,,,,,,,,,,,,
Belgium,1964,BEL,9350473,124534267904.0,,,,,,,,,,,,,,,,-0.518,-0.827,16972.539,158.701,,,,,,,,,,,,,,,,,,,,,,,,-2.778,-0.039,147.041,1.375,,,,,,,,,,,,,,,,,,,,,,,,,,,,,,,,,,,,,,,,,,,,,,,,,,,,,,,,,,,,,,,,,,,,,,,,,,,,,,
Belgium,1965,BEL,9412091,128900431872.0,,,,,,,,,,,,23686.25,222.937,,,-7.13,-11.315,15659.242,147.386,,53.988,,,,,,43873.48,3.204,,,,,43788.027,412.137,,99.805,,,0.735,,,78.091,17.143,0.236,171.121,1.611,,0.178,,,,0.804,28.899,0.272,85.454,,0.195,,,0.804,0.0,0.0,85.454,,0.195,,,,,0.0,0.0,0.0,0.0,,0.0,,,188.465,,,20023.686,,,,,,45.64,,,,,,,,,,,,,412.941,,,0.804,,,85.454,,0.195,,,,,,,,,,,,,,,,
Belgium,1966,BEL,9466114,133004615680.0,,,,,,,,,,-8.777,-19.566,21484.105,203.371,,,-11.559,-17.036,13770.203,130.35,,51.116,,,,-3.652,-15.082,42029.812,2.991,-3.683,-15.179,,,41934.609,396.958,,99.773,80.476,0.591,1.326,,,140.131,-23.171,-0.373,130.721,1.237,,0.333,,9.926,0.08,0.884,31.586,0.299,93.4,,0.222,12.132,0.097,0.901,0.634,0.006,95.199,,0.227,,,,0.017,0.017,0.634,0.006,1.799,,0.004,2.014,3.796,192.26,,,20310.373,,,,,,48.324,,,,,,,,,,,,,397.859,9.926,0.08,0.884,,,93.4,,0.222,,,,,,,,,,,,,,,,
Belgium,1967,BEL,9515229,138196549632.0,,,,,,,,,,-1.856,-3.774,20976.609,199.597,,,-6.08,-7.926,12866.171,122.425,,47.79,,,,4.976,19.796,43893.309,3.022,4.969,19.727,,,43791.316,416.684,,99.768,281.116,3.729,5.055,,,531.306,19.048,0.236,154.816,1.473,,1.21,,-20.401,-0.18,0.704,25.013,0.238,73.962,,0.169,8.852,0.069,0.97,9.879,0.094,101.993,,0.232,,,1466.667,0.25,0.267,9.879,0.094,28.032,,0.064,10.284,19.771,212.032,,,22283.398,,,,,,50.767,,,,,,,,,,,,,417.655,-20.401,-0.18,0.704,,,73.962,,0.169,,,,,,,,,,,,,,,,
Belgium,1968,BEL,9556258,143933308928.0,,,,,,,,,,3.24,6.467,21563.271,206.064,,,-9.912,-12.134,11541.141,110.29,,44.275,,,,11.436,47.762,48702.848,3.234,11.481,47.838,,,48609.234,464.522,,99.808,143.28,7.244,12.299,,,1287.01,-13.333,-0.196,133.598,1.277,,2.643,,2.521,0.018,0.722,25.533,0.244,75.501,,0.155,-8.133,-0.076,0.895,6.383,0.061,93.613,,0.192,,,-35.106,-0.094,0.173,6.383,0.061,18.113,,0.037,16.096,34.128,246.159,,,25758.953,,,,,,52.89,,,,,,,,,,,,,465.417,2.521,0.018,0.722,,,75.501,,0.155,,,,,,,,,,,,,,,,
Belgium,1969,BEL,9592105,153505202176.0,,,,,,,,,,-2.608,-5.374,20922.449,200.69,,,-10.847,-11.963,10250.825,98.327,,39.291,,,,9.746,45.358,53249.504,3.327,9.797,45.51,,,53172.094,510.032,,99.855,105.992,13.036,25.335,,,2641.235,-15.385,-0.196,112.622,1.08,,4.96,,-5.738,-0.041,0.68,23.978,0.23,70.903,,0.133,-17.377,-0.152,0.743,2.294,0.022,77.411,,0.145,,,-63.934,-0.111,0.062,2.294,0.022,6.508,,0.012,15.375,37.848,284.007,,,29608.408,,,,,,55.603,,,,,,,,,,,,,510.775,-5.738,-0.041,0.68,,,70.903,,0.133,,,,,,,,,,,,,,,,
Belgium,1970,BEL,9629376,163013754880.0,,,,,,,,,,-5.758,-11.556,19641.406,189.134,,,-13.924,-13.691,8789.324,84.636,,35.051,,,,5.642,28.816,56035.934,3.31,5.621,28.67,,,55943.594,538.702,,99.835,56.904,14.417,39.752,,,4128.175,-7.273,-0.079,104.027,1.002,,7.367,,6.957,0.047,0.727,25.547,0.246,75.542,,0.135,20.238,0.147,0.889,5.919,0.057,92.338,,0.165,,,159.091,0.099,0.162,5.919,0.057,16.796,,0.03,9.087,25.809,309.816,,,32174.01,,,,,,57.417,,,,,,,,,,,,,539.591,6.957,0.047,0.727,,,75.542,,0.135,,,,,,,,,,,,,,,,
Belgium,1971,BEL,9666396,169133342720.0,,,,,,,,,,-17.193,-32.518,16202.206,156.617,,,-3.573,-3.024,8442.796,81.611,,29.588,,,,-1.901,-10.257,54760.258,3.13,-1.812,-9.764,,,54719.27,528.938,,99.925,37.893,15.063,54.815,,,5670.65,3.922,0.039,107.693,1.041,,10.355,,-45.528,-0.331,0.396,13.862,0.134,40.991,,0.075,-55.776,-0.493,0.396,0.0,0.0,40.991,,0.075,,,-100.0,-0.162,0.0,0.0,0.0,0.0,,0.0,2.482,7.691,317.506,,,32846.41,,,,,,59.982,,,,,,,,,,,,,529.334,-45.528,-0.331,0.396,,,40.991,,0.075,,,,,,,,,,,,,,,,
Belgium,1972,BEL,9700295,178026053632.0,,,,,,,,,,-4.491,-7.034,15420.504,149.583,,,-4.162,-3.397,8063.122,78.215,,26.582,,,,6.31,33.398,58011.93,3.161,6.283,33.231,,,57953.844,562.169,,99.9,26.086,14.299,69.113,,,7124.886,3.774,0.039,111.366,1.08,,12.282,,34.328,0.136,0.532,18.556,0.18,54.87,,0.095,42.537,0.167,0.563,1.134,0.011,58.088,,0.1,,,,0.031,0.031,1.134,0.011,3.218,,0.006,8.178,25.966,343.472,,,35408.453,,,,,,61.037,0.0,0.0,,,,0.0,,0.0,,,0.0,,562.733,34.328,0.136,0.532,,,54.87,,0.095,,,,,,,,,,,,,,,,
Belgium,1973,BEL,9727987,188915220480.0,,,,,,,,,,-16.082,-24.056,12903.781,125.528,,,-15.79,-12.35,6770.588,65.864,,22.01,,,,1.349,7.593,58627.34,3.019,1.257,7.065,,,58515.125,569.234,,99.809,20.197,13.959,83.072,,,8539.511,14.545,0.157,127.202,1.237,,14.566,,-5.0,-0.027,0.506,17.578,0.171,51.978,,0.089,90.052,0.528,1.092,7.813,0.076,112.212,,0.191,,,590.909,0.184,0.216,7.813,0.076,22.168,,0.038,4.997,17.162,360.634,,,37071.828,,,,,,63.233,0.37,0.116,,,0.37,11.924,,38.065,,,0.065,,570.326,59.444,0.344,0.876,,,90.043,,0.154,,,,,,,,,,,,,,,,
Belgium,1974,BEL,9749063,196850466816.0,,,,,,,,,,6.962,8.74,13772.343,134.267,,,-8.267,-5.445,6197.412,60.419,,24.378,,,,-3.427,-19.543,56495.953,2.798,-3.501,-19.926,,,56344.719,549.308,,99.732,17.195,14.285,97.357,,,9986.268,-51.587,-0.638,61.449,0.599,,17.676,,40.351,0.204,0.71,24.618,0.24,72.794,,0.129,36.639,0.383,1.474,15.181,0.148,151.234,,0.268,,,94.737,0.204,0.42,15.181,0.148,43.076,,0.076,-11.91,-42.95,317.684,,,32586.107,,,,,,57.679,0.345,0.108,,-6.897,-0.026,11.078,,35.363,,,0.063,,550.783,21.254,0.178,1.054,,,108.158,,0.191,,,,,,,,,,,,,,,,
Belgium,1975,BEL,9763432,194240675840.0,,,,,,,,,,-25.314,-33.988,10270.873,100.279,,,-7.792,-4.708,5706.106,55.711,,19.358,,,,-5.949,-32.763,53057.082,2.667,-9.347,-51.345,,,51002.91,497.963,,96.128,-1.194,-1.162,96.195,,,9852.555,-16.393,-0.098,51.299,0.501,,18.57,,-23.75,-0.169,0.541,18.743,0.183,55.424,,0.104,1321.371,18.581,20.056,694.838,6.784,2054.173,,3.872,,,4483.784,18.83,19.25,694.838,6.784,1971.612,,3.716,-5.098,-16.194,301.49,,,30879.48,,,,,,58.2,0.265,0.083,,-23.148,-0.08,8.501,,27.137,,,0.051,,518.019,-23.563,-0.248,0.806,,,82.561,,0.156,,,,,,,,,,,,,,,,
Belgium,1976,BEL,9773540,205206880256.0,,,,,,,,,,4.213,4.225,10692.52,104.504,,,-3.222,-1.795,5516.524,53.916,,19.015,,,,6.092,31.56,56231.352,2.678,4.545,22.634,,,53266.039,520.598,,94.727,5.631,5.417,101.611,,,10396.591,-33.333,-0.167,34.164,0.334,,18.489,,-40.437,-0.219,0.322,11.153,0.109,32.978,,0.059,44.709,8.926,28.982,1026.854,10.036,2965.309,,5.273,,,47.936,9.228,28.477,1026.854,10.036,2913.714,,5.182,4.31,12.993,314.482,,,32176.928,,,,,,57.222,0.182,0.057,,-31.325,-0.083,5.832,,18.617,,,0.033,,549.579,-37.594,-0.302,0.504,,,51.595,,0.092,,,,,,,,,,,,,,,,
Belgium,1977,BEL,9786372,206503346176.0,,,,,,,,,,1.427,1.492,10830.905,105.995,,,-2.349,-1.266,5379.894,52.65,,19.251,,,,0.186,1.023,56262.16,2.666,-1.023,-5.323,,,52652.246,515.274,,93.584,-1.616,-1.642,99.969,,,10215.175,11.765,0.039,38.134,0.373,,18.156,,105.505,0.34,0.662,22.889,0.224,67.682,,0.12,21.643,6.346,35.328,1219.962,11.939,3609.911,,6.416,,,18.962,5.4,33.877,1219.962,11.939,3461.66,,6.153,-1.645,-5.173,309.31,,,31606.168,,,,,,56.177,0.788,0.247,,333.333,0.607,25.239,,80.569,,,0.143,,550.602,183.735,0.947,1.451,,,148.251,,0.264,,,,,,,,,,,,,,,,
Belgium,1978,BEL,9800204,212370669568.0,,,,,,,,,,2.405,2.549,11075.693,108.544,,,-6.763,-3.561,5008.978,49.089,,18.887,,,,4.379,24.112,58643.09,2.706,4.356,22.445,,,54868.148,537.719,,93.563,-0.845,-0.845,99.125,,,10114.535,0.0,0.0,38.08,0.373,,17.248,,-0.446,-0.003,0.659,22.755,0.223,67.285,,0.115,4.722,1.667,36.995,1276.81,12.513,3774.942,,6.437,,,4.808,1.629,35.506,1276.81,12.513,3622.968,,6.178,6.706,20.741,330.051,,,33677.922,,,,,,57.429,0.83,0.26,,5.263,0.041,26.53,,84.689,,,0.144,,574.714,2.548,0.039,1.489,,,151.975,,0.259,,,,,,,,,,,,,,,,
Belgium,1979,BEL,9814133,217343098880.0,,,,,,,,,,11.416,12.391,12322.566,120.935,,,-7.056,-3.464,4648.93,45.625,,20.452,,,,2.89,16.609,60252.176,2.721,3.634,19.539,,,56781.16,557.258,,94.239,9.262,9.181,108.305,,,11035.641,0.0,0.0,38.026,0.373,,18.316,,4.933,0.033,0.692,23.843,0.234,70.504,,0.117,-8.002,-2.93,34.065,1162.303,11.407,3471.016,,5.761,,,-8.839,-3.138,32.368,1162.303,11.407,3298.053,,5.474,-0.616,-2.033,328.017,,,33422.957,,,,,,55.472,1.006,0.315,,21.154,0.176,32.097,,102.459,,,0.17,,591.323,13.665,0.208,1.697,,,172.963,,0.287,,,,,,,,,,,,,,,,
Belgium,1980,BEL,9828989,227067215872.0,,,,,,,,,,0.81,0.979,12403.565,121.915,,,-23.568,-10.753,3547.896,34.872,,21.536,,,,-4.264,-25.216,57595.586,2.493,-5.121,-28.539,,,53791.762,528.719,,93.396,-4.315,-4.674,103.632,,,10543.455,15.984,0.06,44.037,0.433,,18.306,,18.803,0.13,0.822,28.284,0.278,83.635,,0.145,9.794,3.323,37.388,1276.734,12.549,3803.817,,6.604,,,10.011,3.24,35.608,1276.734,12.549,3622.75,,6.29,-7.574,-24.845,303.173,,,30844.746,,,0.0,0.0,,53.554,0.958,0.3,,-4.762,-0.048,30.522,,97.432,,,0.169,,566.106,5.282,0.082,1.78,,,181.067,,0.314,,,,,,,,,,,,,,,,
Belgium,1981,BEL,9843594,224240631808.0,,,,,,,,,,3.591,4.378,12829.924,126.293,,,9.703,3.383,3886.357,38.256,,23.461,,,,-4.912,-27.809,54685.023,2.401,-5.478,-28.965,,,50769.469,499.754,,92.84,-7.769,-8.051,95.58,,,9709.919,-20.161,-0.087,35.106,0.346,,17.756,,37.05,0.305,1.127,38.705,0.381,114.451,,0.209,3.078,1.155,38.543,1306.332,12.859,3915.556,,7.16,,,2.47,0.88,36.488,1306.332,12.859,3706.736,,6.778,-8.342,-25.292,277.881,,,28229.623,,0.0,0.0,0.0,,51.622,0.929,0.291,,-3.0,-0.029,29.562,,94.369,,,0.173,,538.297,16.263,0.276,2.056,,,208.82,,0.382,,,,,,,,,,,,,,,,
Belgium,1982,BEL,9857337,227394764800.0,,,,,,,,,,0.157,0.198,12832.118,126.491,,,5.944,2.274,4111.629,40.53,,24.567,,,,-4.35,-23.417,52233.176,2.264,-6.093,-30.452,,,47609.375,469.302,,91.148,-16.629,-15.894,79.686,,,8083.953,-1.587,-0.005,34.501,0.34,,15.477,,-12.598,-0.142,0.985,33.782,0.333,99.893,,0.191,18.565,7.035,45.578,1589.07,15.664,4623.8,,8.852,,,21.814,7.959,44.447,1589.07,15.664,4509.01,,8.632,-5.31,-14.756,263.125,,,26693.303,,0.0,0.0,0.0,,51.104,0.147,0.046,,-84.192,-0.782,4.667,,14.897,,,0.029,,514.88,-43.601,-0.924,1.132,,,114.79,,0.22,,,,,,,,,,,,,,,,
Belgium,1983,BEL,9866528,227376709632.0,,,,,,,,,,-14.665,-18.55,10940.031,107.94,,,-7.457,-3.022,3801.485,37.507,,21.633,,,,-3.09,-15.911,50571.922,2.194,-8.48,-39.797,,,43531.461,429.504,,86.078,3.918,3.122,82.809,,,8392.896,-44.42,-0.151,19.158,0.189,,16.596,,0.901,0.009,0.994,34.055,0.336,100.699,,0.199,52.49,23.887,69.465,2443.21,24.106,7040.461,,13.922,,,53.894,23.954,68.401,2443.21,24.106,6932.645,,13.708,-9.262,-24.369,238.756,,,24198.533,,0.0,0.0,0.0,,47.85,0.07,0.022,,-52.174,-0.077,2.23,,7.118,,,0.014,,498.969,-5.541,-0.068,1.064,,,107.817,,0.213,,,,,,,,,,,,,,,,
Belgium,1984,BEL,9873600,233018720256.0,,,,,,,,,,15.97,17.238,12678.104,125.179,,,3.853,1.445,3945.123,38.953,,24.005,,,,4.511,22.508,52815.266,2.238,2.826,12.137,,,44729.492,441.641,,84.69,3.19,2.642,85.451,,,8654.442,116.263,0.22,41.402,0.409,,16.386,,4.464,0.044,1.038,35.549,0.351,105.119,,0.199,14.936,10.371,79.836,2809.816,27.743,8085.773,,15.31,,,15.088,10.32,78.721,2809.816,27.743,7972.895,,15.096,-3.243,-7.743,231.012,,,23396.945,,0.0,0.0,0.0,,44.3,0.077,0.024,,9.091,0.006,2.431,,7.759,,,0.015,,521.477,4.749,0.051,1.115,,,112.878,,0.214,,,,,,,,,,,,,,,,
Belgium,1985,BEL,9880540,235344805888.0,,,,,,,,,,-0.281,-0.352,12633.589,124.827,,,-1.457,-0.568,3884.906,38.385,,22.931,,57.322,10.53,4.39,22.891,55094.988,2.313,0.799,3.528,,,45055.184,445.17,,81.777,0.484,0.413,85.864,,,8690.213,7.19,0.029,44.348,0.438,,15.773,,-18.234,-0.189,0.849,29.047,0.287,85.892,0.501,0.156,24.266,19.363,99.199,3501.934,34.601,10039.806,60.363,18.223,,,24.72,19.46,98.181,3501.934,34.601,9936.79,60.363,18.036,1.501,3.467,234.479,,,23731.381,,0.0,0.0,0.0,,43.074,0.169,0.053,,120.833,0.093,5.364,,17.123,0.092,,0.031,5801.505,544.368,-9.333,-0.097,1.018,,,103.015,,0.187,,,,,,,,,,,,,,,,
Belgium,1986,BEL,9887822,238862663680.0,,,,,,,,,,-14.674,-18.317,10771.781,106.509,,,-10.101,-3.877,3489.935,34.508,,18.961,,58.676,10.446,3.188,17.356,56809.66,2.352,0.759,3.379,,,45363.75,448.549,,79.852,-10.213,-8.769,77.095,,,7796.964,-35.112,-0.154,28.755,0.284,,13.725,,19.512,0.166,1.014,34.689,0.343,102.575,0.585,0.181,14.067,13.976,113.175,4030.817,39.856,11445.916,67.926,20.148,,,13.852,13.6,111.781,3984.093,39.394,11304.922,67.138,19.9,12.993,30.465,264.944,,,26795.002,,0.0,0.0,0.0,,47.166,0.38,0.119,,124.528,0.211,12.035,,38.418,0.203,,0.068,5934.168,561.724,35.882,0.376,1.394,46.724,0.462,140.994,0.787,0.248,,,,,,,,,,,0.0,0.0,0.0,0.0,0.0,0.0
Belgium,1987,BEL,9900226,244504592384.0,,,,,,,,,,-0.485,-0.516,10706.134,105.993,,,-23.082,-7.965,2681.016,26.543,,18.316,,63.367,10.95,3.019,16.956,58451.152,2.367,2.075,9.309,,,46247.23,457.858,,79.121,10.275,7.922,85.016,,,8587.329,9.254,0.026,31.377,0.311,,14.691,,25.073,0.254,1.269,43.332,0.429,128.133,0.677,0.219,6.744,7.646,120.822,4297.275,42.544,12203.921,67.139,20.879,,,6.531,7.301,119.082,4238.994,41.967,12028.21,66.228,20.578,0.719,1.904,266.848,,,26953.768,,0.0,0.0,0.0,,46.113,0.453,0.142,,19.328,0.073,14.343,,45.786,0.224,,0.078,6400.561,578.68,24.892,0.345,1.74,58.281,0.577,175.711,0.911,0.301,,,,,,,,,,0.018,0.018,0.606,0.006,1.792,0.009,0.003
Belgium,1988,BEL,9917989,256045023232.0,,,,,,,,,,1.052,1.115,10799.416,107.108,,,-44.935,-11.927,1473.658,14.616,,18.148,,65.349,11.072,1.991,11.524,59508.434,2.305,1.831,8.384,,,47009.688,466.242,,78.997,-1.306,-1.11,83.906,,,8459.981,-40.623,-0.126,18.597,0.184,,14.216,,-16.317,-0.207,1.062,36.197,0.359,107.034,0.549,0.18,2.597,3.141,123.962,4400.993,43.649,12498.741,66.794,21.003,,,2.705,3.221,122.303,4345.841,43.102,12331.388,65.957,20.722,3.14,8.379,275.227,,,27750.291,,0.0,0.0,0.0,,46.633,0.575,0.18,,26.761,0.121,18.149,,57.935,0.275,,0.097,6588.936,590.204,-5.199,-0.08,1.66,55.152,0.547,167.354,0.837,0.281,,,,,,,,,33.333,0.006,0.024,0.807,0.008,2.385,0.012,0.004
Belgium,1989,BEL,9937168,265237135360.0,,,,,,,,,,5.066,5.426,11324.606,112.535,,,-23.281,-3.403,1128.399,11.213,,18.927,,67.547,11.361,0.74,4.366,59832.984,2.242,2.111,9.843,,,47909.453,476.084,,80.072,11.129,9.338,93.244,,,9383.383,-20.245,-0.037,14.804,0.147,,15.683,,-15.042,-0.16,0.902,30.693,0.305,90.758,0.452,0.152,-4.419,-5.476,118.486,4198.379,41.72,11923.532,61.764,19.928,,,-4.373,-5.349,116.954,4147.761,41.217,11769.334,61.02,19.67,-1.788,-4.922,270.306,,,27201.467,,0.0,0.0,0.0,,45.462,0.61,0.191,,6.111,0.035,19.221,,61.357,0.283,,0.103,6797.409,594.57,-8.044,-0.128,1.532,50.618,0.503,154.198,0.745,0.258,,,,,,,,,-12.5,-0.003,0.021,0.704,0.007,2.083,0.01,0.003
Belgium,1990,BEL,9959565,273278730240.0,,,0.0,0.0,28.114,0.28,0.398,0.0,,9.861,11.097,12413.365,123.632,1715.938,17.09,-47.915,-5.373,586.405,5.84,24.314,19.897,66.57,70.29,11.312,4.504,26.782,62387.531,2.274,4.692,22.337,2711.966,27.01,50044.438,498.421,38.427,80.215,2.632,2.454,95.699,543.196,5.41,9608.703,-15.749,-0.023,12.444,0.124,7.697,15.402,,-12.787,-0.115,0.787,27.11,0.27,78.975,0.384,0.127,3.732,4.446,122.932,4345.572,43.28,12343.086,61.573,19.785,-3.72,-5.588,3.651,4.27,121.224,4289.344,42.72,12171.647,60.777,19.51,3.25,8.785,279.091,452.831,4.51,28022.373,,0.0,0.0,0.0,6.416,44.917,0.9,0.28,0.0,47.644,0.29,28.114,0.0,90.386,0.398,0.0,0.145,7057.537,621.353,10.338,0.175,1.707,56.227,0.56,171.439,0.797,0.275,,,0.0,0.0,0.0,0.0,0.0,0.0,0.0,0.0,0.021,1.004,0.01,2.078,0.014,0.003
Belgium,1991,BEL,9987072,278661955584.0,,0.0,0.0,0.0,30.039,0.3,0.421,0.0,,-4.344,-5.371,11841.412,118.261,1653.137,16.51,-40.14,-2.344,350.057,3.496,23.191,18.396,69.34,71.19,11.074,3.465,21.527,64371.195,2.307,4.25,21.185,2782.597,27.79,52027.84,519.606,39.036,80.825,6.666,6.38,102.078,622.805,6.22,10221.014,-14.05,-0.017,10.666,0.107,8.737,15.878,,-13.91,-0.109,0.677,23.03,0.23,67.803,0.323,0.105,0.277,0.342,123.274,4345.618,43.4,12343.357,60.964,19.175,-1.85,-2.668,0.325,0.394,121.619,4291.548,42.86,12177.615,60.205,18.918,7.229,20.176,299.267,506.655,5.06,29965.412,,0.0,0.0,0.0,7.108,46.551,0.954,0.3,0.0,6.028,0.054,30.039,0.0,95.57,0.421,0.0,0.148,7128.216,642.88,-3.423,-0.052,1.655,54.07,0.54,165.742,0.759,0.257,,0.0,0.0,0.0,0.0,0.0,0.0,0.0,14.286,0.003,0.024,1.001,0.01,2.369,0.014,0.004
Belgium,1992,BEL,10016455,283324055552.0,,0.0,0.0,0.0,26.956,0.27,0.378,0.0,,-10.503,-12.421,10566.638,105.84,1598.37,16.01,-65.615,-2.294,120.014,1.202,22.417,16.499,71.55,71.42,11.133,-0.213,-1.37,64045.539,2.264,-0.633,-3.291,2729.509,27.34,51546.68,516.315,38.281,80.484,3.06,3.123,105.201,665.904,6.67,10502.842,-42.265,-0.045,6.14,0.062,9.339,16.399,,48.908,0.331,1.008,33.944,0.34,100.668,0.476,0.157,1.558,1.92,125.194,4400.758,44.08,12498.864,61.719,19.516,0.13,0.182,1.388,1.688,123.307,4338.86,43.46,12310.447,60.851,19.221,2.007,6.007,305.273,465.234,4.66,30477.199,,0.0,0.0,0.0,6.525,47.587,0.852,0.27,0.0,-10.702,-0.102,26.956,0.0,85.092,0.378,0.0,0.133,7130.267,641.509,15.112,0.232,1.887,61.898,0.62,188.416,0.868,0.294,,0.0,0.0,0.0,0.0,0.0,0.0,0.0,12.5,0.003,0.027,0.998,0.01,2.657,0.014,0.004
Belgium,1993,BEL,10043738,280980160512.0,,0.0,0.0,0.0,24.891,0.25,0.357,0.0,,-5.274,-5.582,9982.202,100.259,1622.902,16.3,-100.0,-1.202,0.0,0.0,23.259,15.884,72.31,70.08,11.103,-1.61,-10.326,62843.426,2.246,-1.096,-5.657,2751.963,27.64,50843.379,510.658,39.441,80.905,4.65,4.892,110.093,678.034,6.81,10961.356,-19.534,-0.012,4.927,0.049,9.717,17.442,,-25.513,-0.257,0.751,24.891,0.25,74.78,0.357,0.119,-3.719,-4.669,120.525,4225.519,42.44,12000.045,60.559,19.095,2.23,3.084,-3.519,-4.339,118.968,4174.74,41.93,11845.04,59.832,18.848,-1.627,-4.968,300.306,451.027,4.53,29899.82,,0.0,0.0,0.0,6.464,47.578,0.782,0.25,0.0,-8.24,-0.07,24.891,0.0,77.868,0.357,0.0,0.124,6977.482,631.183,-17.828,-0.33,1.557,50.778,0.51,155.004,0.728,0.247,,0.0,0.0,0.0,0.0,0.0,0.0,0.0,-11.111,-0.003,0.024,0.996,0.01,2.355,0.014,0.004
Belgium,1994,BEL,10069182,290439823360.0,,0.0,0.0,0.0,24.828,0.25,0.35,0.0,,7.488,7.507,10702.524,107.766,1686.334,16.98,,0.0,0.0,0.0,23.802,16.232,75.32,71.34,10.745,5.185,32.725,65934.656,2.286,7.079,36.147,2990.312,30.11,54304.809,546.805,42.206,82.362,2.255,2.483,112.576,821.318,8.27,11180.252,-72.616,-0.036,1.346,0.014,11.592,16.957,,36.22,0.272,1.023,34.76,0.35,101.609,0.491,0.154,-2.851,-3.422,117.103,4094.672,41.23,11629.845,57.794,17.638,3.98,5.284,-3.108,-3.697,115.271,4034.091,40.62,11447.922,56.939,17.363,8.71,26.157,326.463,482.661,4.86,32422.033,,0.0,0.0,0.0,6.812,49.173,0.782,0.25,0.0,0.0,0.0,24.828,0.0,77.672,0.35,0.0,0.118,7084.984,663.908,18.343,0.275,1.832,60.581,0.61,181.924,0.855,0.276,,0.0,0.0,0.0,0.0,0.0,0.0,0.0,12.5,0.003,0.027,0.993,0.01,2.643,0.014,0.004
Belgium,1995,BEL,10095204,297776709632.0,,0.0,0.0,0.0,31.698,0.32,0.435,0.0,,-4.488,-4.836,10195.871,102.929,1636.421,16.52,,0.0,0.0,0.0,22.47,15.314,77.59,73.52,10.939,1.237,8.212,66578.133,2.257,1.082,5.916,3119.303,31.49,54750.828,552.721,42.832,82.235,10.615,11.95,124.525,1008.4,10.18,12335.114,-100.0,-0.014,0.0,0.0,13.847,18.527,,-2.312,-0.024,0.999,33.679,0.34,99.004,0.462,0.149,1.941,2.296,119.399,4163.363,42.03,11827.304,57.168,17.765,4.07,5.246,1.802,2.077,117.348,4096.995,41.36,11624.16,56.257,17.459,-0.367,-1.197,325.266,474.483,4.79,32219.842,,0.0,0.0,0.0,6.515,48.394,1.025,0.32,0.0,31.02,0.243,31.698,0.0,101.503,0.435,0.0,0.152,7282.666,672.12,11.333,0.219,2.051,66.368,0.67,203.143,0.911,0.305,,0.0,0.0,0.0,0.0,0.0,0.0,0.0,0.0,0.0,0.027,0.991,0.01,2.636,0.014,0.004
Belgium,1996,BEL,10123230,302932623360.0,,0.0,0.0,0.0,30.623,0.31,0.413,0.0,,-4.296,-4.422,9730.854,98.508,1536.071,15.55,,0.0,0.0,0.0,20.695,13.799,79.33,75.14,10.526,6.213,41.762,70519.133,2.357,6.597,36.461,3085.972,31.24,58201.008,589.182,41.576,82.532,11.159,13.895,138.421,1087.598,11.01,13673.575,,0.022,2.179,0.022,14.653,19.39,,-29.29,-0.293,0.707,23.708,0.24,69.812,0.319,0.099,4.457,5.3,124.699,4336.561,43.9,12318.131,58.424,17.468,4.19,5.282,4.788,5.618,122.967,4281.242,43.34,12146.968,57.679,17.225,8.297,26.988,352.254,462.303,4.68,34796.578,,0.0,0.0,0.0,6.228,49.343,1.002,0.31,0.0,-2.181,-0.022,30.623,0.0,99.015,0.413,0.0,0.14,7422.532,713.881,-16.018,-0.318,1.733,55.318,0.56,171.164,0.745,0.243,,0.0,0.0,0.0,0.0,0.0,0.0,0.0,-11.111,-0.003,0.024,0.988,0.01,2.337,0.013,0.003
Belgium,1997,BEL,10154876,314603208704.0,,0.0,0.0,0.0,27.573,0.28,0.36,0.0,,-6.645,-6.545,9055.97,91.962,1354.029,13.75,,0.0,0.0,0.0,17.655,12.75,81.15,77.88,10.798,1.034,7.38,71026.164,2.293,-0.72,-4.245,2941.444,29.87,57601.645,584.938,38.354,81.099,-4.606,-6.376,132.045,1136.4,11.54,13003.089,-100.0,-0.022,0.0,0.0,14.818,18.307,,27.615,0.195,0.902,30.527,0.31,88.813,0.398,0.125,9.338,11.625,136.324,4727.778,48.01,13424.516,61.646,18.901,3.27,4.03,9.396,11.554,134.521,4668.693,47.41,13246.928,60.876,18.651,2.463,8.677,360.931,451.015,4.58,35542.586,,0.0,0.0,0.0,5.881,50.042,0.878,0.28,0.0,-12.42,-0.124,27.573,0.0,86.447,0.36,0.0,0.122,7669.222,721.262,4.813,0.071,1.803,59.085,0.6,177.589,0.77,0.25,,0.0,0.0,0.0,0.0,0.0,0.0,0.0,0.0,0.0,0.024,0.985,0.01,2.33,0.013,0.003
Belgium,1998,BEL,10188541,321260519424.0,,0.0,0.0,0.0,35.334,0.36,0.439,0.0,,-0.528,-0.485,8978.401,91.477,1392.741,14.19,,0.0,0.0,0.0,17.286,12.439,83.48,82.09,11.163,1.958,14.125,72177.797,2.289,2.928,17.126,3450.936,35.16,59092.246,602.064,42.831,81.87,9.542,12.599,144.644,1476.168,15.04,14196.733,,0.0,0.0,0.0,18.321,19.669,,27.541,0.248,1.15,38.278,0.39,112.898,0.475,0.156,-2.234,-3.002,133.323,4606.155,46.93,13085.55,57.169,18.13,1.39,1.665,-2.622,-3.527,130.994,4531.561,46.17,12856.979,56.243,17.813,1.389,5.012,365.943,582.026,5.93,35917.113,,0.0,0.0,0.0,7.224,49.762,1.146,0.36,0.0,30.545,0.268,35.334,0.0,112.479,0.439,0.0,0.156,8057.091,735.386,29.082,0.525,2.329,74.594,0.76,228.57,0.926,0.317,,0.0,0.0,0.0,0.0,0.0,0.0,0.0,37.5,0.009,0.033,0.981,0.01,3.193,0.012,0.004
Belgium,1999,BEL,10224223,333156122624.0,,0.0,0.0,0.0,48.903,0.5,0.6,0.0,,-12.38,-11.325,7839.392,80.152,972.201,9.94,,0.0,0.0,0.0,11.923,10.978,84.22,83.37,11.418,-0.713,-5.245,71412.859,2.192,-2.265,-13.639,3276.533,33.5,57551.996,588.424,40.182,80.591,6.786,9.816,154.46,1880.827,19.23,15107.285,,0.0,0.0,0.0,23.066,21.155,,-12.339,-0.142,1.008,33.254,0.34,98.622,0.408,0.138,6.272,8.394,141.717,4877.632,49.87,13860.864,59.818,19.409,0.85,1.009,6.178,8.093,139.086,4794.497,49.02,13603.621,58.798,19.049,-3.315,-12.13,353.812,423.504,4.33,34605.316,,0.0,0.0,0.0,5.194,48.458,1.583,0.5,0.0,38.162,0.437,48.903,0.0,154.861,0.6,0.0,0.217,8154.165,730.141,11.989,0.301,2.63,83.136,0.85,257.243,1.02,0.36,,0.0,0.0,0.0,0.0,0.0,0.0,0.0,18.182,0.006,0.038,0.978,0.01,3.76,0.012,0.005
Belgium,2000,BEL,10264351,345736773632.0,,0.0,0.0,0.0,55.532,0.57,0.688,0.0,270.806,10.645,8.532,8639.967,88.684,1258.725,12.92,,0.0,0.0,0.0,15.606,11.93,87.12,82.79,11.137,1.809,13.207,72420.406,2.15,2.559,15.057,3271.517,33.58,58793.934,603.482,40.56,81.184,0.52,0.802,155.263,1556.845,15.98,15126.406,,0.018,1.735,0.018,19.302,20.887,22.42,34.897,0.352,1.36,44.815,0.46,132.518,0.556,0.183,-1.336,-1.85,139.867,4794.263,49.21,13626.474,59.44,18.816,4.33,4.97,-1.754,-2.44,136.646,4691.967,48.16,13312.698,58.171,18.383,1.617,5.723,359.535,455.947,4.68,35027.559,,0.0,0.0,0.0,5.653,48.367,1.813,0.57,0.0,14.516,0.23,55.532,0.0,176.648,0.688,0.0,0.244,8065.78,743.348,22.824,0.591,3.221,102.296,1.05,313.775,1.268,0.433,,0.0,0.0,0.0,0.0,0.0,0.0,0.0,23.077,0.009,0.047,1.948,0.02,4.609,0.024,0.006
Belgium,2001,BEL,10309249,349022420992.0,,0.0,0.0,0.0,58.2,0.6,0.763,0.0,259.825,-4.746,-4.209,8194.043,84.474,964.183,9.94,,0.0,0.0,0.0,12.641,11.464,87.74,78.63,10.671,-0.873,-6.49,71475.5,2.111,-0.099,-0.595,3026.409,31.2,58480.18,602.887,39.68,81.818,-1.215,-1.887,153.376,1530.664,15.78,14877.514,-100.0,-0.018,0.0,0.0,20.069,20.815,20.43,-4.13,-0.065,1.296,42.68,0.44,125.67,0.56,0.176,-3.612,-5.895,133.972,4600.723,47.43,12995.319,60.32,18.182,9.11,10.383,-3.754,-5.984,130.662,4495.963,46.35,12674.247,58.947,17.732,1.53,5.501,365.036,531.562,5.48,35408.625,,0.0,0.0,0.0,6.969,49.54,1.906,0.6,0.0,5.106,0.093,58.2,0.0,184.858,0.763,0.0,0.259,7627.131,736.859,2.969,0.089,3.31,104.76,1.08,321.072,1.374,0.449,,0.0,0.0,0.0,0.0,0.0,0.0,0.0,131.25,0.061,0.109,3.88,0.04,10.544,0.051,0.015
Belgium,2002,BEL,10355569,355720200192.0,,0.0,0.0,0.0,69.528,0.72,0.89,0.0,258.34,-14.274,-12.058,6992.992,72.416,968.561,10.03,,0.0,0.0,0.0,12.392,9.873,88.53,80.94,11.035,-0.459,-3.384,70828.992,2.062,-0.926,-5.582,3132.614,32.44,57679.59,597.305,40.079,81.435,3.227,4.949,158.325,1725.642,17.87,15288.898,,0.0,0.0,0.0,22.078,21.586,20.91,-18.367,-0.245,1.051,34.764,0.36,101.47,0.445,0.143,2.265,2.197,136.169,4683.47,48.5,13149.394,59.921,18.565,7.59,8.573,2.181,1.989,132.651,4573.385,47.36,12809.602,58.512,18.085,0.418,1.527,366.563,438.411,4.54,35397.703,,0.0,0.0,0.0,5.609,49.976,2.302,0.72,0.0,20.771,0.396,69.528,0.0,222.255,0.89,0.0,0.314,7816.084,733.474,5.86,0.209,3.519,110.086,1.14,339.791,1.408,0.48,,0.0,0.0,0.0,0.0,0.0,0.0,0.0,54.054,0.058,0.166,5.794,0.06,16.066,0.074,0.023
Belgium,2003,BEL,10402550,358964166656.0,,0.0,0.0,0.0,82.672,0.86,1.029,0.0,261.936,-3.269,-2.367,6733.838,70.049,926.696,9.64,,0.0,0.0,0.0,11.535,9.197,89.98,83.57,10.972,3.847,28.216,73221.562,2.122,4.826,28.826,3363.599,34.99,60190.098,626.13,41.869,82.203,6.531,10.34,168.666,2077.375,21.61,16213.884,,0.0,0.0,0.0,25.859,22.144,21.89,-31.389,-0.334,0.716,24.033,0.25,68.861,0.299,0.094,0.151,-0.609,135.561,4670.009,48.58,13031.47,58.131,17.797,6.41,7.124,0.04,-0.797,131.853,4554.652,47.38,12675.09,56.695,17.311,5.689,20.852,387.416,359.527,3.74,37242.375,,0.0,0.0,0.0,4.475,50.863,2.736,0.86,0.0,18.863,0.434,82.672,0.0,262.985,1.029,0.0,0.359,8033.607,761.691,4.745,0.189,3.707,115.356,1.2,356.38,1.436,0.487,,0.0,0.0,0.0,0.0,0.0,0.0,0.0,54.386,0.089,0.255,8.652,0.09,24.533,0.108,0.034
Belgium,2004,BEL,10456164,372527267840.0,,0.0,0.0,0.0,99.463,1.04,1.254,0.0,260.251,-6.988,-4.895,6231.187,65.154,875.082,9.15,,0.0,0.0,0.0,11.035,8.521,90.7,82.92,10.845,0.385,2.929,73126.234,2.053,0.483,3.025,3262.191,34.11,60170.812,629.156,41.136,82.283,1.906,3.214,171.88,1916.573,20.04,16438.15,,0.0,0.0,0.0,24.168,22.479,21.58,28.34,0.197,0.913,30.604,0.32,87.363,0.386,0.119,0.49,-0.096,135.464,4668.06,48.81,12955.424,58.864,17.717,7.78,8.578,-0.141,-1.025,130.828,4524.604,47.31,12512.061,57.055,17.11,1.215,4.706,392.122,470.536,4.92,37501.477,,0.0,0.0,0.0,5.933,51.283,3.31,1.04,0.0,21.003,0.575,99.463,0.0,316.59,1.254,0.0,0.433,7930.25,764.62,25.587,0.929,4.636,143.456,1.5,443.363,1.809,0.606,,0.003,0.003,0.0,0.0,0.276,0.0,0.0,61.364,0.154,0.409,13.389,0.14,39.134,0.169,0.054
Belgium,2005,BEL,10516979,380849782784.0,,0.0,0.0,0.0,151.184,1.59,1.891,0.0,255.529,-8.117,-5.289,5692.295,59.866,779.692,8.2,,0.0,0.0,0.0,9.75,7.918,90.4,84.1,11.123,-1.112,-8.502,71894.961,1.985,-1.648,-10.369,3269.95,34.39,58836.945,618.787,40.892,81.837,-1.714,-2.945,168.935,2044.313,21.5,16063.048,,0.0,0.0,0.0,25.565,22.342,21.49,-9.148,-0.089,0.825,27.574,0.29,78.413,0.345,0.109,1.828,1.867,137.331,4726.642,49.71,13058.016,59.108,18.163,6.3,6.969,0.598,-0.05,130.778,4526.014,47.6,12434.915,56.599,17.296,-0.545,-2.135,389.986,445.946,4.69,37081.605,,0.0,0.0,0.0,5.577,51.577,5.076,1.59,0.0,53.327,1.765,151.184,0.0,482.611,1.891,0.0,0.671,7996.593,756.118,40.681,1.917,6.553,200.628,2.11,623.1,2.509,0.867,0.0,-0.0,0.003,0.0,0.0,0.272,0.0,0.0,59.859,0.241,0.65,21.869,0.23,61.804,0.273,0.086
Belgium,2006,BEL,10582970,390897631232.0,,0.0,0.0,0.0,210.716,2.23,2.684,0.0,249.308,-1.318,-0.789,5582.246,59.077,647.266,6.85,,0.0,0.0,0.0,8.246,7.791,93.23,83.07,10.956,0.281,2.123,71647.289,1.94,0.472,2.922,3161.683,33.46,58746.125,621.708,40.279,81.994,2.933,4.954,173.889,2077.867,21.99,16431.02,,0.0,0.0,0.0,26.472,22.933,20.71,24.653,0.197,1.022,34.017,0.36,96.523,0.433,0.135,-0.209,-0.798,136.533,4687.72,49.61,12901.159,59.721,18.006,10.16,10.898,-1.996,-3.416,127.361,4408.026,46.65,12034.554,56.157,16.797,-0.319,-1.244,388.743,436.55,4.62,36732.859,,0.0,0.0,0.0,5.562,51.269,7.103,2.23,0.0,39.937,2.027,210.716,0.0,671.14,2.684,0.0,0.937,7849.403,758.241,40.171,2.618,9.171,279.695,2.96,866.606,3.563,1.21,100.0,0.003,0.006,0.0,0.0,0.538,0.0,0.001,61.233,0.391,1.041,34.962,0.37,98.405,0.445,0.137
Belgium,2007,BEL,10653698,404735590400.0,,0.0,0.0,0.0,244.047,2.6,3.004,0.0,244.801,-8.616,-5.09,5067.417,53.987,607.301,6.47,,0.0,0.0,0.0,7.475,7.071,93.34,86.56,11.338,0.689,5.228,71662.344,1.886,0.016,0.098,3270.226,34.84,58365.289,621.806,40.25,81.445,0.748,1.301,175.19,2314.689,24.66,16444.078,,0.0,0.0,0.0,28.489,22.947,21.19,8.357,0.078,1.1,36.607,0.39,103.245,0.451,0.144,4.266,5.13,141.663,4854.652,51.72,13297.061,59.75,18.555,6.78,7.264,3.392,3.497,130.858,4527.066,48.23,12282.858,55.719,17.14,1.0,3.886,392.629,348.236,3.71,36853.789,,0.0,0.0,0.0,4.286,51.427,8.3,2.6,0.0,16.854,1.197,244.047,0.0,779.047,3.004,0.0,1.087,8124.878,763.469,18.089,1.634,10.805,327.586,3.49,1014.202,4.032,1.415,200.0,0.011,0.017,0.939,0.01,1.592,0.012,0.002,34.153,0.347,1.388,45.993,0.49,130.317,0.566,0.182
Belgium,2008,BEL,10726720,408314871808.0,,0.0,0.0,0.0,310.44,3.33,4.021,0.0,240.43,-1.242,-0.671,4970.397,53.316,517.4,5.55,,0.0,0.0,0.0,6.702,6.873,93.41,82.81,10.675,1.606,12.265,72317.906,1.9,2.793,17.366,3059.649,32.82,59586.902,639.172,39.633,82.396,-0.671,-1.176,174.014,2247.658,24.11,16222.526,,0.0,0.0,0.0,29.115,22.432,19.91,5.398,0.052,1.152,38.222,0.41,107.407,0.495,0.149,-3.34,-5.101,136.562,4660.325,49.99,12731.016,60.367,17.604,10.6,11.348,-5.514,-7.983,122.875,4248.27,45.57,11455.043,55.03,15.84,4.893,19.212,411.841,294.591,3.16,38393.973,,0.0,0.0,0.0,3.816,53.091,10.627,3.33,0.0,28.038,2.327,310.44,0.0,990.689,4.021,0.0,1.37,7719.974,775.734,26.736,2.882,13.687,412.055,4.42,1275.973,5.338,1.764,600.0,0.101,0.118,3.729,0.04,11.003,0.048,0.015,29.735,0.402,1.79,59.664,0.64,166.874,0.773,0.231
Belgium,2009,BEL,10801357,399533047808.0,,1.525,141.202,1.525,365.695,3.95,4.405,0.213,244.117,-35.582,-18.971,3179.705,34.345,479.569,5.18,,0.0,0.0,0.0,5.777,4.798,87.83,89.67,12.526,-7.72,-59.885,66274.0,1.792,-10.664,-68.164,3425.495,37.0,52864.445,571.008,41.262,79.766,0.992,1.726,175.741,2707.993,29.25,16270.237,,0.0,0.0,0.0,32.62,24.55,21.89,-20.0,-0.236,0.916,30.552,0.33,84.805,0.368,0.128,8.403,8.279,144.841,4876.239,52.67,13409.555,58.738,20.234,-1.84,-2.095,3.63,3.674,126.549,4371.673,47.22,11716.033,52.66,17.678,-12.364,-50.919,360.922,237.933,2.57,33414.504,,0.0,0.0,0.0,2.866,50.419,12.606,3.95,0.0,18.624,1.979,365.695,0.0,1167.077,4.405,0.0,1.761,8301.734,715.849,57.632,4.605,18.292,504.566,5.45,1693.522,6.078,2.555,295.238,0.346,0.464,15.739,0.17,42.92,0.19,0.065,56.358,0.992,2.782,92.581,1.0,257.518,1.115,0.389
Belgium,2010,BEL,10877948,412203548672.0,171.248,2.612,380.312,4.137,402.65,4.38,4.716,0.541,242.705,26.948,9.255,4008.155,43.6,386.102,4.2,,0.0,0.0,0.0,4.522,5.701,93.42,92.87,12.144,6.827,48.872,70300.141,1.855,7.288,41.616,3529.158,38.39,56317.941,612.624,41.337,80.111,10.413,18.299,194.04,2835.094,30.84,17837.924,,0.0,0.0,0.0,33.208,25.374,22.54,-4.878,-0.05,0.866,28.498,0.31,79.609,0.334,0.113,8.352,7.256,152.098,5008.297,54.48,13982.202,58.663,19.889,0.55,0.589,1.529,1.147,127.696,4407.081,47.94,11738.95,51.621,16.698,3.896,14.061,374.983,307.962,3.35,34471.863,,0.0,0.0,0.0,3.607,49.035,14.259,4.38,0.0,13.11,1.653,402.65,0.0,1310.782,4.716,0.0,1.865,8537.456,764.721,54.616,6.11,24.402,601.216,6.54,2243.253,7.042,3.191,237.349,1.091,1.554,51.48,0.56,142.888,0.603,0.203,29.719,0.805,3.586,118.589,1.29,329.662,1.389,0.469
Belgium,2011,BEL,10955742,420970561536.0,-1.12,-0.046,373.384,4.091,422.609,4.63,5.199,0.573,219.652,-5.852,-2.552,3746.799,41.049,317.642,3.48,,0.0,0.0,0.0,3.908,5.752,91.59,89.05,12.479,-6.686,-51.129,65134.078,1.695,-9.111,-55.817,2967.394,32.51,50823.25,556.806,36.508,78.029,-14.842,-28.8,165.24,2322.07,25.44,15082.503,,0.0,0.0,0.0,28.568,23.156,19.56,-37.179,-0.325,0.541,18.255,0.2,49.353,0.225,0.076,3.317,4.688,156.786,5160.764,56.54,14310.829,63.492,21.971,2.54,2.773,0.605,-0.011,127.685,4402.258,48.23,11654.596,54.161,17.893,-6.524,-24.466,350.517,327.682,3.59,31993.947,,0.0,0.0,0.0,4.031,49.12,14.867,4.63,0.0,4.265,0.608,422.609,0.0,1356.981,5.199,0.0,2.083,8128.158,713.592,15.39,4.699,29.101,758.506,8.31,2656.233,9.332,4.078,108.75,1.671,3.225,106.793,1.17,294.354,1.314,0.452,78.947,2.792,6.378,210.848,2.31,582.161,2.594,0.894
Belgium,2012,BEL,11031140,421100945408.0,-1.212,-0.05,366.336,4.041,475.019,5.24,6.436,0.59,229.919,-5.813,-2.386,3504.864,38.663,307.312,3.39,,0.0,0.0,0.0,4.164,5.645,91.36,81.42,11.887,-4.017,-28.669,62090.016,1.627,-2.364,-13.163,2775.778,30.62,49282.625,543.644,37.607,79.373,1.307,2.16,167.4,2136.678,23.57,15175.222,,0.0,0.0,0.0,28.949,24.441,18.72,82.143,0.438,0.979,32.635,0.36,88.737,0.442,0.143,-9.564,-15.506,141.28,4605.145,50.8,12807.386,62.393,20.627,9.94,10.88,-16.459,-21.663,106.022,3652.388,40.29,9611.174,49.484,15.479,-3.691,-12.936,337.581,331.788,3.66,30602.545,,0.0,0.0,0.0,4.495,49.287,16.782,5.24,0.0,12.885,1.916,475.019,0.0,1521.364,6.436,0.0,2.45,7380.923,684.924,17.206,6.157,35.258,952.757,10.51,3196.211,12.908,5.148,83.747,2.665,5.89,194.903,2.15,533.914,2.641,0.86,19.347,1.188,7.566,250.201,2.76,685.86,3.39,1.105
Belgium,2013,BEL,11103260,421204131840.0,-1.076,-0.044,360.039,3.998,453.02,5.03,6.155,0.57,208.027,5.807,2.245,3684.287,40.908,271.092,3.01,,0.0,0.0,0.0,3.683,5.828,91.36,81.72,11.642,2.483,17.006,63218.379,1.666,1.552,8.435,2465.042,27.37,49722.242,552.079,33.492,78.652,-1.237,-2.07,165.33,1873.324,20.8,14890.222,,0.0,0.0,0.0,25.453,23.554,17.0,6.443,0.057,1.036,34.224,0.38,93.275,0.465,0.148,6.408,8.571,149.851,4894.959,54.35,13496.139,66.508,21.348,9.64,10.552,5.83,5.505,111.527,3840.313,42.64,10044.514,52.178,15.889,2.447,8.26,345.841,320.627,3.56,31147.732,,0.0,0.0,0.0,4.356,49.27,16.096,5.03,0.0,-4.088,-0.686,453.02,0.0,1449.698,6.155,0.0,2.293,7360.0,701.93,8.009,3.066,38.324,1054.645,11.71,3451.625,14.329,5.46,23.091,1.316,7.206,237.768,2.64,648.999,3.231,1.027,32.824,2.423,9.989,329.633,3.66,899.615,4.479,1.423
Belgium,2014,BEL,11176727,428582862848.0,20.109,0.804,429.596,4.801,394.57,4.41,6.217,0.738,215.957,-3.019,-1.235,3549.587,39.673,186.996,2.09,,0.0,0.0,0.0,2.946,6.095,88.54,70.94,10.899,-7.274,-51.058,58234.559,1.519,-5.228,-28.865,2239.475,25.03,46812.809,523.214,35.283,80.387,-12.52,-20.7,144.63,1730.381,19.34,12940.282,,0.0,0.0,0.0,27.262,22.221,15.32,-23.105,-0.244,0.792,25.947,0.29,70.826,0.409,0.122,-13.104,-22.193,127.658,4107.643,45.91,11421.747,64.717,19.613,17.6,19.878,-20.967,-23.911,87.616,3015.194,33.7,7839.115,47.505,13.461,-2.004,-6.93,338.911,322.098,3.6,30322.943,,0.0,0.0,0.0,5.075,52.07,14.126,4.41,0.0,-12.238,-1.97,394.57,0.0,1263.917,6.217,0.0,2.17,6347.118,650.872,8.211,1.718,40.042,1092.449,12.21,3582.633,17.212,6.152,9.164,0.613,7.819,258.573,2.89,699.603,4.074,1.201,25.929,2.515,12.503,413.359,4.62,1118.691,6.513,1.921
Belgium,2015,BEL,11248306,434918719488.0,-37.527,-1.802,266.673,3.0,488.963,5.5,8.074,0.456,245.596,-2.349,-0.932,3444.137,38.741,184.028,2.07,,0.0,0.0,0.0,3.039,5.893,89.12,68.12,10.361,1.01,6.571,58448.152,1.512,4.22,22.081,2451.036,27.57,48477.965,545.295,40.473,82.942,9.589,13.869,158.499,1957.628,22.02,14090.921,,0.0,0.0,0.0,32.325,24.108,16.73,8.966,0.066,0.857,28.449,0.32,76.229,0.47,0.13,-14.116,-15.51,112.148,3604.987,40.55,9970.187,59.527,17.058,21.0,23.564,-22.55,-20.161,67.454,2320.349,26.1,5996.855,38.315,10.26,2.698,9.144,348.055,309.38,3.48,30942.908,,0.0,0.0,0.0,5.109,52.941,17.594,5.5,0.0,24.55,3.468,488.963,0.0,1564.188,8.074,0.0,2.676,6056.023,657.443,2.583,4.651,44.693,1284.638,14.45,3973.33,21.213,6.798,5.897,0.412,8.231,272.041,3.06,731.761,4.492,1.252,20.772,2.507,15.011,495.186,5.57,1334.479,8.177,2.283
Belgium,2016,BEL,11316837,439359012864.0,68.457,2.053,446.511,5.053,473.631,5.36,6.384,0.712,187.113,-4.959,-1.921,3253.509,36.819,34.462,0.39,,0.0,0.0,0.0,0.465,5.19,90.14,83.96,11.834,7.918,52.056,62694.066,1.615,1.174,6.401,2314.251,26.19,48749.988,551.696,31.193,77.759,2.141,3.393,161.892,1951.075,22.08,14305.409,,0.0,0.0,0.0,26.298,22.818,15.71,16.206,0.133,0.991,32.695,0.37,87.525,0.441,0.14,44.242,45.655,157.803,5104.783,57.77,13944.072,68.807,22.241,6.18,6.856,66.736,44.351,111.805,3845.597,43.52,9879.538,51.834,15.758,1.416,4.929,352.984,328.714,3.72,31191.07,,0.0,0.0,0.0,4.431,49.751,17.159,5.36,0.0,-2.473,-0.435,473.631,0.0,1516.269,6.384,0.0,2.419,7419.034,709.499,10.614,1.304,45.998,1259.186,14.25,4064.534,16.972,6.483,1.273,0.055,8.287,273.928,3.1,732.228,3.692,1.168,-2.772,-0.502,14.508,478.932,5.42,1282.002,6.455,2.045
Belgium,2017,BEL,11384491,447723831296.0,7.929,0.401,479.05,5.454,500.681,5.7,6.711,0.762,189.097,-2.035,-0.749,3168.353,36.07,7.905,0.09,,,,,0.106,5.037,90.95,84.93,11.861,0.924,6.553,62897.129,1.599,1.08,5.957,2362.864,26.9,48983.543,557.653,31.673,77.879,1.373,2.223,164.115,2022.049,23.02,14415.663,,,,,27.105,22.919,16.06,-27.0,-0.272,0.719,23.716,0.27,63.14,0.318,0.1,1.042,0.596,158.399,5097.285,58.03,13913.593,68.327,22.121,6.02,6.619,-2.978,-3.968,107.837,3709.432,42.23,9472.295,49.723,15.06,1.27,4.483,357.468,332.909,3.79,31399.525,,,,,4.462,49.922,18.233,5.7,0.0,6.254,1.073,500.681,0.0,1601.529,6.711,0.0,2.546,7460.149,716.052,10.1,4.564,50.562,1387.853,15.8,4441.297,18.604,7.061,6.865,0.517,8.803,290.746,3.31,773.27,3.897,1.229,20.319,2.845,17.353,572.709,6.52,1524.308,7.677,2.423
Belgium,2018,BEL,11448598,454384320512.0,-0.94,-0.051,471.889,5.402,472.547,5.41,7.359,0.756,221.164,-0.546,-0.197,3133.409,35.873,7.861,0.09,,,,,0.122,5.023,90.85,73.52,10.294,-0.256,-1.833,62384.855,1.572,5.402,30.123,2423.878,27.75,51340.426,587.776,37.745,82.296,2.819,4.626,168.741,2095.453,23.99,14739.01,,,,,32.631,23.626,16.26,8.219,0.055,0.773,25.331,0.29,67.549,0.394,0.108,-19.377,-31.956,126.443,3997.87,45.77,11044.434,62.255,17.704,17.33,19.075,-32.278,-35.234,72.603,2498.123,28.6,6341.64,38.901,10.165,7.188,25.694,383.162,320.563,3.67,33468.004,,,,,4.992,53.648,17.298,5.41,0.0,-5.125,-0.934,472.547,0.0,1510.948,7.359,0.0,2.422,6421.747,714.219,6.241,3.278,53.84,1499.747,17.17,4702.793,23.354,7.538,18.002,1.524,10.327,340.653,3.9,902.061,5.305,1.446,16.155,2.686,20.039,661.216,7.57,1750.346,10.297,2.806
Belgium,2019,BEL,11510569,,0.324,0.017,470.867,5.42,448.284,5.16,5.59,0.734,186.22,0.247,0.089,3124.234,35.962,7.819,0.09,,,,,0.097,4.87,90.46,92.31,12.501,3.39,24.21,64152.262,,-3.249,-19.094,2547.224,29.32,49405.188,568.682,31.763,77.012,3.039,5.128,173.869,2218.831,25.54,15105.157,,,,,27.668,23.546,17.19,3.319,0.023,0.796,26.063,0.3,69.159,0.325,0.108,33.677,43.304,169.747,5472.362,62.99,14747.075,68.237,22.988,-1.85,-2.045,52.196,37.489,110.092,3780.873,43.52,9564.391,47.145,14.909,-6.345,-24.311,358.851,320.575,3.69,31175.795,,,,,3.997,48.597,16.515,5.16,0.0,-4.527,-0.783,448.284,0.0,1434.785,5.59,0.0,2.237,8019.586,738.429,10.235,5.815,59.656,1691.489,19.47,5182.684,21.092,8.079,8.943,0.882,11.209,369.226,4.25,973.842,4.604,1.518,28.799,5.676,25.715,847.916,9.76,2234.031,10.573,3.482
Belgium,2020,BEL,11561716,,38.807,2.103,650.706,7.523,454.95,5.26,5.985,1.133,198.089,-22.26,-8.005,2418.04,27.957,6.919,0.08,,,,,0.091,4.21,87.56,87.89,13.236,-10.075,-74.397,57433.73,,-11.178,-63.565,2594.771,30.0,43688.742,505.117,34.134,76.068,-2.236,-3.887,169.982,2316.265,26.78,14702.125,,,,,30.47,25.598,17.41,-11.623,-0.095,0.701,23.353,0.27,60.627,0.307,0.106,-4.388,-10.832,158.916,5007.042,57.89,13744.991,65.866,23.932,-0.33,-0.377,-20.883,-23.31,86.782,2977.932,34.43,7505.938,39.174,13.069,-14.4,-51.673,307.178,271.586,3.14,26568.574,,,,,3.573,46.26,16.818,5.26,0.0,1.836,0.303,454.95,0.0,1454.667,5.985,0.0,2.533,7601.813,664.032,24.439,12.479,72.134,2029.111,23.46,6239.052,26.692,10.863,20.216,2.217,13.426,441.976,5.11,1161.256,5.814,2.022,31.4,7.95,33.665,1108.832,12.82,2911.795,14.586,5.07
Belgium,2021,BEL,11611416,,10.413,0.783,715.389,8.307,403.913,4.69,4.736,1.125,156.922,10.697,2.99,2665.238,30.947,3.445,0.04,,,,,0.04,4.191,91.15,99.03,13.412,11.198,74.362,63592.086,,7.214,36.441,2236.592,25.97,46640.121,541.558,26.224,73.343,-0.221,-0.376,169.606,1939.471,22.52,14606.851,,,,,22.741,22.97,15.54,56.65,0.393,1.094,36.171,0.42,94.22,0.424,0.148,24.354,37.921,196.836,6292.083,73.06,16951.967,73.776,26.657,-7.88,-8.645,46.15,39.585,126.367,4334.527,50.33,10882.972,50.823,17.114,11.012,33.826,341.004,293.677,3.41,29368.033,,,,,3.443,46.182,14.974,4.69,0.0,-10.965,-1.844,403.913,0.0,1289.62,4.736,0.0,2.028,8528.676,738.394,0.135,-1.665,70.47,1957.556,22.73,6068.995,22.953,9.544,9.896,1.275,14.701,484.006,5.62,1266.06,5.675,1.991,-6.405,-2.272,31.394,1033.466,12.0,2703.705,12.118,4.252
Belgium,2022,BEL,11655923,,7.994,0.664,769.63,8.971,381.78,4.45,4.705,1.318,165.363,3.374,1.044,2744.635,31.991,3.432,0.04,,,,,0.042,4.7,87.05,94.58,13.895,-7.819,-57.737,58395.824,,-7.948,-43.043,2263.227,26.38,42769.266,498.515,27.892,73.24,-14.193,-24.072,145.534,1983.541,23.12,12485.879,,,,,24.445,21.381,15.64,-24.508,-0.271,0.823,17.159,0.2,70.599,0.211,0.121,-6.39,-14.694,182.142,5851.102,68.2,15626.559,72.108,26.76,-7.53,-8.65,-13.103,-16.958,109.409,3786.058,44.13,9386.54,46.659,16.074,-5.869,-20.015,320.99,276.254,3.22,27538.754,,,,,3.405,47.159,14.243,4.45,0.0,-4.881,-0.731,381.78,0.0,1221.992,4.705,0.0,2.093,8114.33,680.657,4.495,2.264,72.733,2065.045,24.07,6240.019,25.449,10.686,20.519,2.952,17.653,630.581,7.35,1514.476,7.771,2.593,-0.754,-0.35,31.043,1035.525,12.07,2663.322,12.762,4.561
Belize,1980,BLZ,145147,,,,,,,,,,,,,,,,,,,0.0,0.0,,,,,,,,7253.045,,,,,,,,,,,,,,,,,,0.0,0.0,,,,,,,,,,,,,,,,,,,,,,,,,,,,,,,,,,,,,,0.0,0.0,,,,,,,,,,,,,,,1.053,,,,,,,,,,,,,,,,,,,,,,,,
Belize,1981,BLZ,148782,,,,,,,,,,,,,,,,,,0.0,0.0,0.0,,,,,,-5.681,-0.06,6673.85,,,,,,,,,,,,,,,,,0.0,0.0,0.0,,,,,,,,,,,,,,,,,,,,,,,,,,,,,,,,,,,,,0.0,0.0,0.0,,,,,,,,,,,,,,,0.993,,,,,,,,,,,,,,,,,,,,,,,,
Belize,1982,BLZ,152420,,,,,,,,,,,,,,,,,,0.0,0.0,0.0,,,,,,-5.843,-0.058,6133.928,,,,,,,,,,,,,,,,,0.0,0.0,0.0,,,,,,,,,,,,,,,,,,,,,,,,,,,,,,,,,,,,,0.0,0.0,0.0,,,,,,,,,,,,,,,0.935,,,,,,,,,,,,,,,,,,,,,,,,
Belize,1983,BLZ,156070,,,,,,,,,,,,,,,,,,0.0,0.0,0.0,,,,,,0.083,0.001,5995.432,,,,,,,,,,,,,,,,,0.0,0.0,0.0,,,,,,,,,,,,,,,,,,,,,,,,,,,,,,,,,,,,,0.0,0.0,0.0,,,,,,,,,,,,,,,0.936,,,,,,,,,,,,,,,,,,,,,,,,
Belize,1984,BLZ,159739,,,,,,,,,,,,,,,,,,0.0,0.0,0.0,,,,,,6.356,0.059,6230.044,,,,,,,,,,,,,,,,,0.0,0.0,0.0,,,,,,,,,,,,,,,,,,,,,,,,,,,,,,,,,,,,,0.0,0.0,0.0,,,,,,,,,,,,,,,0.995,,,,,,,,,,,,,,,,,,,,,,,,
Belize,1985,BLZ,163453,,,,,,,,,,,,,,,,,,0.0,0.0,0.0,,,,,,-0.231,-0.002,6074.397,,,,,,,,,,,,,,,,,0.0,0.0,0.0,,,,,,,,,,,,,,,,,,,,,,,,,,,,,,,,,,,,,0.0,0.0,0.0,,,,,,,,,,,,,,,0.993,,,,,,,,,,,,,,,,,,,,,,,,
Belize,1986,BLZ,167212,,,,,,,,,,,,,,,,,,0.0,0.0,0.0,,,,,,21.737,0.216,7228.544,,,,,,,,,,,,,,,,,0.0,0.0,0.0,,,,,,,,,,,,,,,,,,,,,,,,,,,,,,,,,,,,,0.0,0.0,0.0,,,,,,,,,,,,,,,1.209,,,,,,,,,,,,,,,,,,,,,,,,
Belize,1987,BLZ,170995,,,,,,,,,,,,,,,,,,0.0,0.0,0.0,,,,,,-18.156,-0.219,5785.219,,,,,,,,,,,,,,,,,0.0,0.0,0.0,,,,,,,,,,,,,,,,,,,,,,,,,,,,,,,,,,,,,0.0,0.0,0.0,,,,,,,,,,,,,,,0.989,,,,,,,,,,,,,,,,,,,,,,,,
Belize,1988,BLZ,174831,,,,,,,,,,,,,,,,,,0.0,0.0,0.0,,,,,,-23.454,-0.232,4331.175,,,,,,,,,,,,,,,,,0.0,0.0,0.0,,,,,,,,,,,,,,,,,,,,,,,,,,,,,,,,,,,,,0.0,0.0,0.0,,,,,,,,,,,,,,,0.757,,,,,,,,,,,,,,,,,,,,,,,,
Belize,1989,BLZ,178711,,,,,,,,,,,,,,,,,,0.0,0.0,0.0,,,,,,43.867,0.332,6095.838,,,,,,,,,,,,,,,,,0.0,0.0,0.0,,,,,,,,,,,,,,,,,,,,,,,,,,,,,,,,,,,,,0.0,0.0,0.0,,,,,,,,,,,,,,,1.089,,,,,,,,,,,,,,,,,,,,,,,,
Belize,1990,BLZ,182603,,,,,,,,,,,,,,,,,,0.0,0.0,0.0,,,,,,31.562,0.344,7848.883,,,,,,,,,,,,,,,,,0.0,0.0,0.0,,,,,,,,,,,,,,,,,,,,,,,,,,,,,,,,,,,,,0.0,0.0,0.0,,,,,,,,,,,,,,,1.433,,,,,,,,,,,,,,,,,,,,,,,,
Belize,1991,BLZ,186478,,,,,,,,,,,,,,,,,,0.0,0.0,0.0,,,,,,13.291,0.19,8707.274,,,,,,,,,,,,,,,,,0.0,0.0,0.0,,,,,,,,,,,,,,,,,,,,,,,,,,,,,,,,,,,,,0.0,0.0,0.0,,,,,,,,,,,,,,,1.624,,,,,,,,,,,,,,,,,,,,,,,,
Belize,1992,BLZ,190312,,,,,,,,,,,,,,,,,,0.0,0.0,0.0,,,,,,-16.178,-0.263,7151.608,,,,,,,,,,,,,,,,,0.0,0.0,0.0,,,,,,,,,,,,,,,,,,,,,,,,,,,,,,,,,,,,,0.0,0.0,0.0,,,,,,,,,,,,,,,1.361,,,,,,,,,,,,,,,,,,,,,,,,
Belize,1993,BLZ,194192,,,,,,,,,,,,,,,,,,0.0,0.0,0.0,,,,,,-0.259,-0.004,6990.589,,,,,,,,,,,,,,,,,0.0,0.0,0.0,,,,,,,,,,,,,,,,,,,,,,,,,,,,,,,,,,,,,0.0,0.0,0.0,,,,,,,,,,,,,,,1.358,,,,,,,,,,,,,,,,,,,,,,,,
Belize,1994,BLZ,198430,,,,,,,,,,,,,,,,,,0.0,0.0,0.0,,,,,,-4.584,-0.062,6527.682,,,,,,,,,,,,,,,,,0.0,0.0,0.0,,,,,,,,,,,,,,,,,,,,,,,,,,,,,,,,,,,,,0.0,0.0,0.0,,,,,,,,,,,,,,,1.295,,,,,,,,,,,,,,,,,,,,,,,,
Belize,1995,BLZ,203572,,,,,,,,,,,,,,,,,,0.0,0.0,0.0,,,,,,23.672,0.307,7869.031,,,,,,,,,,,,,,,,,0.0,0.0,0.0,,,,,,,,,,,,,,,,,,,,,,,,,,,,,,,,,,,,,0.0,0.0,0.0,,,,,,,,,,,,,,,1.602,,,,,,,,,,,,,,,,,,,,,,,,
Belize,1996,BLZ,209857,,,,,,,,,,,,,,,,,,0.0,0.0,0.0,,,,,,-10.682,-0.171,6818.001,,,,,,,,,,,,,,,,,0.0,0.0,0.0,,,,,,,,,,,,,,,,,,,,,,,,,,,,,,,,,,,,,0.0,0.0,0.0,,,,,,,,,,,,,,,1.431,,,,,,,,,,,,,,,,,,,,,,,,
Belize,1997,BLZ,217127,,,,,,,,,,,,,,,,,,0.0,0.0,0.0,,,,,,54.462,0.779,10178.639,,,,,,,,,,,,,,,,,0.0,0.0,0.0,,,,,,,,,,,,,,,,,,,,,,,,,,,,,,,,,,,,,0.0,0.0,0.0,,,,,,,,,,,,,,,2.21,,,,,,,,,,,,,,,,,,,,,,,,
Belize,1998,BLZ,224917,,,,,,,,,,,,,,,,,,0.0,0.0,0.0,,,,,,-1.656,-0.037,9663.354,,,,,,,,,,,,,,,,,0.0,0.0,0.0,,,,,,,,,,,,,,,,,,,,,,,,,,,,,,,,,,,,,0.0,0.0,0.0,,,,,,,,,,,,,,,2.173,,,,,,,,,,,,,,,,,,,,,,,,
Belize,1999,BLZ,232750,,,,,,,,,,,,,,,,,,0.0,0.0,0.0,,,,,,4.006,0.087,9712.191,,,,,,,,,,,,,,,,,0.0,0.0,0.0,,,,,,,,,,,,,,,,,,,,,,,,,,,,,,,,,,,,,0.0,0.0,0.0,,,,,,,,,,,,,,,2.261,,,,,,,,,,,,,,,,,,,,,,,,
Belize,2000,BLZ,240420,,,,,,0.0,0.0,0.0,,333.333,,,,,0.0,0.0,,0.0,0.0,0.0,0.0,,0.18,0.18,,6.766,0.153,10038.552,,,,374.345,0.09,,,50.0,,,,,0.0,0.0,,,0.0,0.0,0.0,0.0,,0.06,,,,374.345,0.09,,50.0,,,,,374.345,0.09,,50.0,,0.0,0.0,,,,0.0,0.0,,0.0,,,,,374.345,0.09,,,0.0,0.0,0.0,50.0,,,0.0,0.0,,,0.0,0.0,,0.0,0.0,,748.69,2.413,,,,374.345,0.09,,50.0,,,,,0.0,0.0,,0.0,,,,,0.0,0.0,,0.0,
Belize,2001,BLZ,248109,,,,,,0.0,0.0,0.0,,266.667,,,,,0.0,0.0,,0.0,0.0,0.0,0.0,,0.31,0.15,,10.076,0.243,10707.64,,,,241.829,0.06,,,40.0,,,,,0.0,0.0,,,0.0,0.0,0.0,0.0,,0.04,,,,362.744,0.09,,60.0,,,,,362.744,0.09,,60.0,,0.16,51.613,,,,0.0,0.0,,0.0,,,,,241.829,0.06,,,0.0,0.0,0.0,40.0,,,0.0,0.0,,,0.0,0.0,,0.0,0.0,,604.573,2.657,,,,362.744,0.09,,60.0,,,,,0.0,0.0,,0.0,,,,,0.0,0.0,,0.0,
Belize,2002,BLZ,256000,,,,,,0.0,0.0,0.0,,266.667,,,,,0.0,0.0,,0.0,0.0,0.0,0.0,,0.33,0.15,,-3.229,-0.086,10042.477,,,,234.375,0.06,,,40.0,,,,,0.0,0.0,,,0.0,0.0,0.0,0.0,,0.04,,,,351.562,0.09,,60.0,,,,,351.562,0.09,,60.0,,0.18,54.545,,,,0.0,0.0,,0.0,,,,,234.375,0.06,,,0.0,0.0,0.0,40.0,,,0.0,0.0,,,0.0,0.0,,0.0,0.0,,585.938,2.571,,,,351.562,0.09,,60.0,,,,,0.0,0.0,,0.0,,,,,0.0,0.0,,0.0,
Belize,2003,BLZ,264006,,,,,,0.0,0.0,0.0,,470.588,,,,,0.0,0.0,,0.0,0.0,0.0,0.0,,0.36,0.17,,-1.894,-0.049,9553.475,,,,416.657,0.11,,,64.706,,,,,0.0,0.0,,,0.0,0.0,0.0,0.0,,0.08,,,,227.268,0.06,,35.294,,,,,227.268,0.06,,35.294,,0.19,52.778,,,,0.0,0.0,,0.0,,,,,416.657,0.11,,,0.0,0.0,0.0,64.706,,,0.0,0.0,,,0.0,0.0,,0.0,0.0,,643.925,2.522,,,,227.268,0.06,,35.294,,,,,0.0,0.0,,0.0,,,,,0.0,0.0,,0.0,
Belize,2004,BLZ,272141,,,,,,0.0,0.0,0.0,,437.5,,,,,0.0,0.0,,0.0,0.0,0.0,0.0,,0.4,0.16,,-3.655,-0.092,8929.146,,,,367.457,0.1,,,62.5,,,,,0.0,0.0,,,0.0,0.0,0.0,0.0,,0.07,,,,220.474,0.06,,37.5,,,,,220.474,0.06,,37.5,,0.24,60.0,,,,0.0,0.0,,0.0,,,,,367.457,0.1,,,0.0,0.0,0.0,62.5,,,0.0,0.0,,,0.0,0.0,,0.0,0.0,,587.931,2.43,,,,220.474,0.06,,37.5,,,,,0.0,0.0,,0.0,,,,,0.0,0.0,,0.0,
Belize,2005,BLZ,280386,,,,,,0.0,0.0,0.0,,411.765,,,,,0.0,0.0,,0.0,0.0,0.0,0.0,,0.42,0.17,,7.077,0.172,9279.945,,,,356.651,0.1,,,58.824,,,,,0.0,0.0,,,0.0,0.0,0.0,0.0,,0.07,,,,249.656,0.07,,41.176,,,,,249.656,0.07,,41.176,,0.25,59.524,,,,0.0,0.0,,0.0,,,,,356.651,0.1,,,0.0,0.0,0.0,58.824,,,0.0,0.0,,,0.0,0.0,,0.0,0.0,,606.307,2.602,,,,249.656,0.07,,41.176,,,,,0.0,0.0,,0.0,,,,,0.0,0.0,,0.0,
Belize,2006,BLZ,288745,,,,,,0.0,0.0,0.0,,173.913,,,,,0.0,0.0,,0.0,0.0,0.0,0.0,,0.44,0.23,,15.042,0.391,10366.804,,,,173.163,0.05,,,21.739,,,,,0.0,0.0,,,0.0,0.0,0.0,0.0,,0.04,,,,623.387,0.18,,78.261,,,,,623.387,0.18,,78.261,,0.21,47.727,,,,0.0,0.0,,0.0,,,,,173.163,0.05,,,1.385,4795.195,1.385,21.739,,,0.0,0.0,,,0.0,0.0,,0.0,0.0,,796.551,2.993,,,,623.387,0.18,,78.261,,,,,0.0,0.0,,0.0,,,,,0.0,0.0,,0.0,
Belize,2007,BLZ,297182,,,,,,0.0,0.0,0.0,,166.667,,,,,0.0,0.0,,0.0,0.0,0.0,0.0,,0.46,0.24,,-5.646,-0.169,9503.804,,,,201.896,0.06,,,25.0,,,,,0.0,0.0,,,0.0,0.0,0.0,0.0,,0.04,,,,605.689,0.18,,75.0,,,,,605.689,0.18,,75.0,,0.22,47.826,,,,0.0,0.0,,0.0,,,,,201.896,0.06,,32.893,0.455,6191.545,1.84,25.0,,,0.0,0.0,,,0.0,0.0,,0.0,0.0,,807.586,2.824,,,,605.689,0.18,,75.0,,,,,0.0,0.0,,0.0,,,,,0.0,0.0,,0.0,
Belize,2008,BLZ,305687,,,,,,0.0,0.0,0.0,,86.957,,,,,0.0,0.0,,0.0,0.0,0.0,0.0,,0.48,0.23,,-3.289,-0.093,8935.545,,,,98.14,0.03,,,13.043,,,,,0.0,0.0,,,0.0,0.0,0.0,0.0,,0.02,,,,654.264,0.2,,86.957,,,,,654.264,0.2,,86.957,,0.25,52.083,,,,0.0,0.0,,0.0,,,,,98.14,0.03,,17.351,0.319,7063.665,2.159,13.043,,,0.0,0.0,,,0.0,0.0,,0.0,0.0,,752.404,2.731,,,,654.264,0.2,,86.957,,,,,0.0,0.0,,0.0,,,,,0.0,0.0,,0.0,
Belize,2009,BLZ,314178,,,,,,31.829,0.01,4.0,,160.0,,,,,0.0,0.0,,0.0,0.0,0.0,0.0,,0.47,0.25,,4.218,0.115,9060.757,,,,159.145,0.05,,,20.0,,,,,0.0,0.0,,,0.0,0.0,0.0,0.0,,0.04,,,,604.753,0.19,,76.0,,,,,636.582,0.2,,80.0,,0.22,46.809,,,,0.0,0.0,,0.0,,,,,159.145,0.05,,13.329,0.288,7788.834,2.447,20.0,,,0.01,0.0,,,31.829,0.0,,4.0,0.0,,795.727,2.847,,,,636.582,0.2,,80.0,,,,,0.0,0.0,,0.0,,,,,0.0,0.0,,0.0,
Belize,2010,BLZ,322115,,,,,,155.224,0.05,10.204,,306.122,,,,,0.0,0.0,,0.0,0.0,0.0,0.0,,0.65,0.49,,18.726,0.533,10492.445,,,,558.807,0.18,,,36.735,,,,,0.0,0.0,,,0.0,0.0,0.0,0.0,,0.15,,,,807.165,0.26,,53.061,,,,,962.389,0.31,,63.265,,0.16,24.615,,,,0.0,0.0,,0.0,,,,,558.807,0.18,,6.572,0.161,8096.167,2.608,36.735,,,0.05,0.0,,,155.224,0.0,,10.204,0.0,,1521.196,3.38,,,,962.389,0.31,,63.265,,,,,0.0,0.0,,0.0,,,,,0.0,0.0,,0.0,
Belize,2011,BLZ,329546,,,,,,121.379,0.04,9.302,,279.07,,,,,0.0,0.0,,0.0,0.0,0.0,0.0,,0.6,0.43,,-12.768,-0.432,8946.38,,,,424.827,0.14,,,32.558,,,,,0.0,0.0,,,0.0,0.0,0.0,0.0,,0.12,,,,758.619,0.25,,58.14,,,,,879.999,0.29,,67.442,,0.17,28.333,,,,0.0,0.0,,0.0,,,,,424.827,0.14,,-5.92,-0.154,7445.152,2.454,32.558,,,0.04,0.0,,,121.379,0.0,,9.302,0.0,,1304.825,2.948,,,,879.999,0.29,,67.442,,,,,0.0,0.0,,0.0,,,,,0.0,0.0,,0.0,
Belize,2012,BLZ,337067,,,,,,178.006,0.06,12.766,,340.426,,,,,0.0,0.0,,0.0,0.0,0.0,0.0,,0.71,0.47,,3.891,0.115,9087.132,,,,593.354,0.2,,,42.553,,,,,0.0,0.0,,,0.0,0.0,0.0,0.0,,0.16,,,,623.022,0.21,,44.681,,,,,801.028,0.27,,57.447,,0.24,33.803,,,,0.0,0.0,,0.0,,,,,593.354,0.2,,-18.795,-0.461,5910.969,1.992,42.553,,,0.06,0.0,,,178.006,0.0,,12.766,0.0,,1394.382,3.063,,,,801.028,0.27,,57.447,,,,,0.0,0.0,,0.0,,,,,0.0,0.0,,0.0,
Belize,2013,BLZ,344695,,,,,,116.045,0.04,8.889,,288.889,,,,,0.0,0.0,,0.0,0.0,0.0,0.0,,0.68,0.45,,8.972,0.275,9683.304,,,,435.167,0.15,,,33.333,,,,,0.0,0.0,,,0.0,0.0,0.0,0.0,,0.13,,,,754.29,0.26,,57.778,,,,,870.335,0.3,,66.667,,0.23,33.824,,,,0.0,0.0,,0.0,,,,,435.167,0.15,,-7.642,-0.152,5338.458,1.84,33.333,,,0.04,0.0,,,116.045,0.0,,8.889,0.0,,1305.502,3.338,,,,870.335,0.3,,66.667,,,,,0.0,0.0,,0.0,,,,,0.0,0.0,,0.0,
Belize,2014,BLZ,352343,,,,,,170.289,0.06,11.765,,294.118,,,,,0.0,0.0,,0.0,0.0,0.0,0.0,,0.74,0.51,,-0.545,-0.018,9421.46,,,,539.247,0.19,,,37.255,,,,,0.0,0.0,,,0.0,0.0,0.0,0.0,,0.15,,,,737.917,0.26,,50.98,,,,,908.206,0.32,,62.745,,0.23,31.081,,,,0.0,0.0,,0.0,,,,,539.247,0.19,,-39.408,-0.725,3164.469,1.115,37.255,,,0.06,0.0,,,170.289,0.0,,11.765,0.0,,1447.453,3.32,,,,908.206,0.32,,62.745,,,,,0.0,0.0,,0.0,,,,,0.0,0.0,,0.0,
Belize,2015,BLZ,359884,,,,,,194.507,0.07,12.963,,351.852,,,,,0.0,0.0,,0.0,0.0,0.0,0.0,,0.79,0.54,,10.556,0.35,10197.744,,,,639.095,0.23,,,42.593,,,,,0.0,0.0,,,0.0,0.0,0.0,0.0,,0.19,,,,666.882,0.24,,44.444,,,,,861.389,0.31,,57.407,,0.25,31.646,,,,0.0,0.0,,0.0,,,,,639.095,0.23,,10.025,0.112,3408.765,1.227,42.593,,,0.07,0.0,,,194.507,0.0,,12.963,0.0,,1500.484,3.67,,,,861.389,0.31,,57.407,,,,,0.0,0.0,,0.0,,,,,0.0,0.0,,0.0,
Belize,2016,BLZ,367327,,,,,,163.342,0.06,11.321,,320.755,,,,,0.0,0.0,,0.0,0.0,0.0,0.0,,0.77,0.53,,0.117,0.004,10002.819,,,,571.698,0.21,,,39.623,,,,,0.0,0.0,,,0.0,0.0,0.0,0.0,,0.17,,,,707.816,0.26,,49.057,,,,,871.158,0.32,,60.377,,0.24,31.169,,,,0.0,0.0,,0.0,,,,,571.698,0.21,,0.274,0.003,3348.844,1.23,39.623,,,0.06,0.0,,,163.342,0.0,,11.321,0.0,,1442.856,3.674,,,,871.158,0.32,,60.377,,,,,0.0,0.0,,0.0,,,,,0.0,0.0,,0.0,
Belize,2017,BLZ,374702,,,,,,373.63,0.14,18.421,,368.421,,,,,0.0,0.0,,,,,0.0,,0.99,0.76,,11.126,0.409,10896.961,,,,934.076,0.35,,,46.053,,,,,0.0,0.0,,,,,,0.0,,0.28,,,,720.573,0.27,,35.526,,,,,1094.203,0.41,,53.947,,0.23,23.232,,,,0.0,0.0,,0.0,,,,,934.076,0.35,,,,,,46.053,,,0.14,0.0,,,373.63,0.0,,18.421,0.0,,2028.278,4.083,,,,1094.203,0.41,,53.947,,,,,0.0,0.0,,0.0,,,,,0.0,0.0,,0.0,
Belize,2018,BLZ,382076,,,,,,392.592,0.15,18.987,,392.405,,,,,0.0,0.0,,,,,0.0,,1.02,0.79,,-10.673,-0.436,9546.048,,,,1020.739,0.39,,,49.367,,,,,0.0,0.0,,,,,,0.0,,0.31,,,,654.32,0.25,,31.646,,,,,1046.912,0.4,,50.633,,0.23,22.549,,,,0.0,0.0,,0.0,,,,,1020.739,0.39,,,,,,49.367,,,0.15,0.0,,,392.592,0.0,,18.987,0.0,,2067.651,3.647,,,,1046.912,0.4,,50.633,,,,,0.0,0.0,,0.0,,,,,0.0,0.0,,0.0,
Belize,2019,BLZ,389103,,,,,,411.202,0.16,18.182,,386.364,,,,,0.0,0.0,,,,,0.0,,1.26,0.88,,5.442,0.198,9883.737,,,,1053.706,0.41,,,46.591,,,,,0.0,0.0,,,,,,0.0,,0.34,,,,771.004,0.3,,34.091,,,,,1207.906,0.47,,53.409,,0.38,30.159,,,,0.0,0.0,,0.0,,,,,1053.706,0.41,,,,,,46.591,,,0.16,0.0,,,411.202,0.0,,18.182,0.0,,2261.612,3.846,,,,1207.906,0.47,,53.409,,,,,25.7,0.01,,1.136,,,,,0.0,0.0,,0.0,
Belize,2020,BLZ,394931,,,,,,379.813,0.15,24.194,,483.871,,,,,0.0,0.0,,,,,0.0,,0.97,0.62,,-25.791,-0.992,7226.434,,,,962.193,0.38,,,61.29,,,,,0.0,0.0,,,,,,0.0,,0.3,,,,202.567,0.08,,12.903,,,,,607.701,0.24,,38.71,,0.35,36.082,,,,0.0,0.0,,0.0,,,,,962.193,0.38,,,,,,61.29,,,0.15,0.0,,,379.813,0.0,,24.194,0.0,,1569.895,2.854,,,,607.701,0.24,,38.71,,,,,25.321,0.01,,1.613,,,,,0.0,0.0,,0.0,
Belize,2021,BLZ,400037,,,,,,374.965,0.15,23.438,,484.375,,,,,0.0,0.0,,,,,0.0,,0.99,0.64,,4.252,0.121,7437.571,,,,999.908,0.4,,,62.5,,,,,0.0,0.0,,,,,,0.0,,0.31,,,,199.982,0.08,,12.5,,,,,599.945,0.24,,37.5,,0.35,35.354,,,,0.0,0.0,,0.0,,,,,999.908,0.4,,,,,,62.5,,,0.15,0.0,,,374.965,0.0,,23.438,0.0,,1599.852,2.975,,,,599.945,0.24,,37.5,,,,,24.998,0.01,,1.562,,,,,0.0,0.0,,0.0,
Benin,1980,BEN,3833947,5935497728.0,,,,,,,,,,,,,,,,,,0.0,0.0,,,,,,,,498.895,0.322,,,,,,,,,,,,,,,,,0.0,0.0,,,,,,,,,,,,,,,,,,,,,,,,,,,,,,,,,,,,,,0.0,0.0,,,,,,,,,,,,,,,1.913,,,,,,,,,,,,,,,,,,,,,,,,
Benin,1981,BEN,3941578,6276125184.0,,,,,,,,,,,,,,,,,0.0,0.0,0.0,,,,,,0.737,0.014,488.847,0.307,,,,,,,,,,,,,,,,0.0,0.0,0.0,,,,,,,,,,,,,,,,,,,,,,,,,,,,,,,,,,,,,0.0,0.0,0.0,,,,,,,,,,,,,,,1.927,,,,,,,,,,,,,,,,,,,,,,,,
Benin,1982,BEN,4054390,6957657088.0,,,,,,,,,,,,,,,,,0.0,0.0,0.0,,,,,,-29.424,-0.567,335.41,0.195,,,,,,,,,,,,,,,,0.0,0.0,0.0,,,,,,,,,,,,,,,,,,,,,,,,,,,,,,,,,,,,,0.0,0.0,0.0,,,,,,,,,,,,,,,1.36,,,,,,,,,,,,,,,,,,,,,,,,
Benin,1983,BEN,4171533,6662364672.0,,,,,,,,,,,,,,,,,0.0,0.0,0.0,,,,,,45.073,0.613,472.926,0.296,,,,,,,,,,,,,,,,0.0,0.0,0.0,,,,,,,,,,,,,,,,,,,,,,,,,,,,,,,,,,,,,2.628,630.044,2.628,,,,,,,,,,,,,,,1.973,,,,,,,,,,,,,,,,,,,,,,,,
Benin,1984,BEN,4293077,7197473792.0,,,,,,,,,,,,,,,,,0.0,0.0,0.0,,,,,,-0.866,-0.017,455.555,0.272,,,,,,,,,,,,,,,,0.0,0.0,0.0,,,,,,,,,,,,,,,,,,,,,,,,,,,,,,,,,,,,75.565,1.986,1074.823,4.614,,,,,,,,,,,,,,,1.956,,,,,,,,,,,,,,,,,,,,,,,,
Benin,1985,BEN,4419558,7746780672.0,,,,,,,,,,,,,,,,,0.0,0.0,0.0,,,,,,15.368,0.301,510.526,0.291,,,,,,,,,,,,,,,,0.0,0.0,0.0,,,,,,,,,,,,,,,,,,,,,,,,,,,,,,,,,,,,13.973,0.645,1189.954,5.259,,,,,,,,,,,,,,,2.256,,,,,,,,,,,,,,,,,,,,,,,,
Benin,1986,BEN,4551384,7917095424.0,,,,,,,,,,,,,,,,,0.0,0.0,0.0,,,,,,-2.569,-0.058,483.005,0.278,,,,,,,,,,,,,,,,0.0,0.0,0.0,,,,,,,,,,,,,,,,,,,,,,,,,,,,,,,,,,,,0.0,0.0,1155.489,5.259,,,,,,,,,,,,,,,2.198,,,,,,,,,,,,,,,,,,,,,,,,
Benin,1987,BEN,4688794,7799295488.0,,,,,,,,,,,,,,,,,0.0,0.0,0.0,,,,,,-20.78,-0.457,371.425,0.223,,,,,,,,,,,,,,,,0.0,0.0,0.0,,,,,,,,,,,,,,,,,,,,,,,,,,,,,,,,,,,,-12.486,-0.657,981.582,4.602,,,,,,,,,,,,,,,1.742,,,,,,,,,,,,,,,,,,,,,,,,
Benin,1988,BEN,4831628,8040683520.0,,,,,,,,,,,,,,,,,0.0,0.0,0.0,,,,,,23.993,0.418,446.925,0.269,,,,,,,,,,,,,,,,0.0,0.0,0.0,,,,,,,,,,,,,,,,,,,,,,,,,,,,,,,,,,,,-28.364,-1.305,682.379,3.297,,,,,,,,,,,,,,,2.159,,,,,,,,,,,,,,,,,,,,,,,,
Benin,1989,BEN,4979683,7998171648.0,,,,,,,,,,,,,,,,,0.0,0.0,0.0,,,,,,3.047,0.066,446.851,0.278,,,,,,,,,,,,,,,,0.0,0.0,0.0,,,,,,,,,,,,,,,,,,,,,,,,,,,,,,,,,,,,-20.219,-0.667,528.225,2.63,,,,,,,,,,,,,,,2.225,,,,,,,,,,,,,,,,,,,,,,,,
Benin,1990,BEN,5133429,8723574784.0,,,,,,,,,,,,,,,,,0.0,0.0,0.0,,,,,,14.903,0.332,498.065,0.293,,,,,,,,,,,,,,,,0.0,0.0,0.0,,,,,,,,,,,,,,,,,,,,,,,,,,,,,,,,,,,,0.0,0.0,512.405,2.63,,,,,,,,,,,,,,,2.557,,,,,,,,,,,,,,,,,,,,,,,,
Benin,1991,BEN,5293055,9020547072.0,,,,,,,,,,,,,,,,,0.0,0.0,0.0,,,,,,16.878,0.432,564.573,0.331,,,,,,,,,,,,,,,,0.0,0.0,0.0,,,,,,,,,,,,,,,,,,,,,,,,,,,,,,,,,,,,0.0,0.0,496.952,2.63,,,,,,,,,,,,,,,2.988,,,,,,,,,,,,,,,,,,,,,,,,
Benin,1992,BEN,5457781,9209668608.0,,,,,,,,,,,,,,,,,0.0,0.0,0.0,,,,,,11.108,0.332,608.354,0.361,,,,,,,,,,,,,,,,0.0,0.0,0.0,,,,,,,,,,,,,,,,,,,,,,,,,,,,,,,,,,,,40.384,1.062,676.582,3.693,,,,,,,,,,,,,,,3.32,,,,,,,,,,,,,,,,,,,,,,,,
Benin,1993,BEN,5706188,9663858688.0,,,,,,,,,,,,,,,,,0.0,0.0,0.0,,,,,,9.961,0.331,639.831,0.378,,,,,,,,,,,,,,,,0.0,0.0,0.0,,,,,,,,,,,,,,,,,,,,,,,,,,,,,,,,,,,,3.288,0.121,668.409,3.814,,,,,,,,,,,,,,,3.651,,,,,,,,,,,,,,,,,,,,,,,,
Benin,1994,BEN,5923401,9706565632.0,,,,,,,,,,,,,,,,,0.0,0.0,0.0,,,,,,4.627,0.169,644.885,0.394,,,,,,,,,,,,,,,,0.0,0.0,0.0,,,,,,,,,,,,,,,,,,,,,,,,,,,,,,,,,,,,1.724,0.066,655.0,3.88,,,,,,,,,,,,,,,3.82,,,,,,,,,,,,,,,,,,,,,,,,
Benin,1995,BEN,6046512,10500461568.0,,,,,,,,,,,,,,,,,0.0,0.0,0.0,,,,,,7.929,0.303,681.846,0.393,,,,,,,,,,,,,,,,0.0,0.0,0.0,,,,,,,,,,,,,,,,,,,,,,,,,,,,,,,,,,,,-49.153,-1.907,326.27,1.973,,,,,,,,,,,,,,,4.123,,,,,,,,,,,,,,,,,,,,,,,,
Benin,1996,BEN,6203860,10810468352.0,,,,,,,,,,,,,,,,,0.0,0.0,0.0,,,,,,9.163,0.378,725.445,0.416,,,,,,,,,,,,,,,,0.0,0.0,0.0,,,,,,,,,,,,,,,,,,,,,,,,,,,,,,,,,,,,-33.151,-0.654,212.577,1.319,,,,,,,,,,,,,,,4.501,,,,,,,,,,,,,,,,,,,,,,,,
Benin,1997,BEN,6387026,11307899904.0,,,,,,,,,,,,,,,,,0.0,0.0,0.0,,,,,,8.177,0.368,762.258,0.431,,,,,,,,,,,,,,,,0.0,0.0,0.0,,,,,,,,,,,,,,,,,,,,,,,,,,,,,,,,,,,,-35.178,-0.464,133.846,0.855,,,,,,,,,,,,,,,4.869,,,,,,,,,,,,,,,,,,,,,,,,
Benin,1998,BEN,6584179,11647427584.0,,,,,,,,,,,,,,,,,0.0,0.0,0.0,,,,,,7.801,0.38,797.12,0.451,,,,,,,,,,,,,,,,0.0,0.0,0.0,,,,,,,,,,,,,,,,,,,,,,,,,,,,,,,,,,,,-23.077,-0.197,99.876,0.658,,,,,,,,,,,,,,,5.248,,,,,,,,,,,,,,,,,,,,,,,,
Benin,1999,BEN,6788596,12157430784.0,,,,,,,,,,,,,,,,,0.0,0.0,0.0,,,,,,-50.908,-2.672,379.54,0.212,,,,,,,,,,,,,,,,0.0,0.0,0.0,,,,,,,,,,,,,,,,,,,,,,,,,,,,,,,,,,,,0.0,0.0,96.868,0.658,,,,,,,,,,,,,,,2.577,,,,,,,,,,,,,,,,,,,,,,,,
Benin,2000,BEN,6998022,12746225664.0,,,,,0.0,0.0,0.0,,750.0,,,,,0.0,0.0,,0.0,0.0,0.0,0.0,,0.45,0.08,,166.434,4.288,980.964,0.539,,,11.432,0.08,,,100.0,,,,,0.0,0.0,,,0.0,0.0,0.0,0.0,,0.06,,,,0.0,0.0,,0.0,,,,,0.0,0.0,,0.0,,0.37,82.222,,,,0.0,0.0,,0.0,,,,,11.432,0.08,,-30.811,-0.203,65.016,0.455,100.0,,,0.0,0.0,,,0.0,0.0,,0.0,0.0,,11.432,6.865,,,,0.0,0.0,,0.0,,,,,0.0,0.0,,0.0,,,,,0.0,0.0,,0.0,
Benin,2001,BEN,7212043,13306903552.0,,,,,0.0,0.0,0.0,,666.667,,,,,0.0,0.0,,0.0,0.0,0.0,0.0,,0.48,0.06,,13.814,0.948,1083.346,0.587,,,8.319,0.06,,,100.0,,,,,0.0,0.0,,,0.0,0.0,0.0,0.0,,0.04,,,,0.0,0.0,,0.0,,,,,0.0,0.0,,0.0,,0.42,87.5,,,,0.0,0.0,,0.0,,,,,8.319,0.06,,1.172,0.005,63.826,0.46,100.0,,,0.0,0.0,,,0.0,0.0,,0.0,0.0,,8.319,7.813,,,,0.0,0.0,,0.0,,,,,0.0,0.0,,0.0,,,,,0.0,0.0,,0.0,
Benin,2002,BEN,7431787,13793054720.0,,,,,0.0,0.0,0.0,,666.667,,,,,0.0,0.0,,0.0,0.0,0.0,0.0,,0.5,0.06,,14.575,1.139,1204.546,0.649,,,8.073,0.06,,,100.0,,,,,0.0,0.0,,,0.0,0.0,0.0,0.0,,0.04,,,,0.0,0.0,,0.0,,,,,0.0,0.0,,0.0,,0.44,88.0,,,,0.0,0.0,,0.0,,,,,8.073,0.06,,14.286,0.066,70.788,0.526,100.0,,,0.0,0.0,,,0.0,0.0,,0.0,0.0,,8.073,8.952,,,,0.0,0.0,,0.0,,,,,0.0,0.0,,0.0,,,,,0.0,0.0,,0.0,
Benin,2003,BEN,7659211,14127733760.0,,,,,0.0,0.0,0.0,,714.286,,,,,0.0,0.0,,0.0,0.0,0.0,0.0,,0.59,0.07,,16.104,1.442,1357.004,0.736,,,9.139,0.07,,,100.0,,,,,0.0,0.0,,,0.0,0.0,0.0,0.0,,0.05,,,,0.0,0.0,,0.0,,,,,0.0,0.0,,0.0,,0.52,88.136,,,,0.0,0.0,,0.0,,,,,9.139,0.07,,-50.0,-0.263,34.343,0.263,100.0,,,0.0,0.0,,,0.0,0.0,,0.0,0.0,,9.139,10.394,,,,0.0,0.0,,0.0,,,,,0.0,0.0,,0.0,,,,,0.0,0.0,,0.0,
Benin,2004,BEN,7894558,14599812096.0,,,,,0.0,0.0,0.0,,750.0,,,,,0.0,0.0,,0.0,0.0,0.0,0.0,,0.66,0.08,,5.439,0.565,1388.154,0.751,,,10.134,0.08,,,100.0,,,,,0.0,0.0,,,0.0,0.0,0.0,0.0,,0.06,,,,0.0,0.0,,0.0,,,,,0.0,0.0,,0.0,,0.58,87.879,,,,0.0,0.0,,0.0,,,,,10.134,0.08,,-100.0,-0.263,0.0,0.0,100.0,,,0.0,0.0,,,0.0,0.0,,0.0,0.0,,10.134,10.959,,,,0.0,0.0,,0.0,,,,,0.0,0.0,,0.0,,,,,0.0,0.0,,0.0,
Benin,2005,BEN,8149420,14703565824.0,,,,,0.0,0.0,0.0,,700.0,,,,,0.0,0.0,,0.0,0.0,0.0,0.0,,0.7,0.1,,-6.124,-0.671,1262.393,0.7,,,12.271,0.1,,,100.0,,,,,0.0,0.0,,,0.0,0.0,0.0,0.0,,0.07,,,,0.0,0.0,,0.0,,,,,0.0,0.0,,0.0,,0.6,85.714,,,,0.0,0.0,,0.0,,,,,12.271,0.1,,,0.0,0.0,0.0,100.0,,,0.0,0.0,,,0.0,0.0,,0.0,0.0,,12.271,10.288,,,,0.0,0.0,,0.0,,,,,0.0,0.0,,0.0,,,,,0.0,0.0,,0.0,
Benin,2006,BEN,8402635,15130030080.0,,,,,0.0,0.0,0.0,,714.286,,,,,0.0,0.0,,0.0,0.0,0.0,0.0,,0.73,0.14,,36.564,3.762,1672.019,0.929,,,16.661,0.14,,,100.0,,,,,0.0,0.0,,,0.0,0.0,0.0,0.0,,0.1,,,,0.0,0.0,,0.0,,,,,0.0,0.0,,0.0,,0.59,80.822,,,,0.0,0.0,,0.0,,,,,16.661,0.14,,,0.0,0.0,0.0,100.0,,,0.0,0.0,,,0.0,0.0,,0.0,0.0,,16.661,14.049,,,,0.0,0.0,,0.0,,,,,0.0,0.0,,0.0,,,,,0.0,0.0,,0.0,
Benin,2007,BEN,8647761,15874980864.0,,,,,0.0,0.0,0.0,,700.0,,,,,0.0,0.0,,0.0,0.0,0.0,0.0,,0.78,0.2,,18.082,2.54,1918.382,1.045,,,23.127,0.2,,,100.0,,,,,0.0,0.0,,,0.0,0.0,0.0,0.0,,0.14,,,,0.0,0.0,,0.0,,,,,0.0,0.0,,0.0,,0.58,74.359,,,,0.0,0.0,,0.0,,,,,23.127,0.2,,,0.0,0.0,0.0,100.0,,,0.0,0.0,,,0.0,0.0,,0.0,0.0,,23.127,16.59,,,,0.0,0.0,,0.0,,,,,0.0,0.0,,0.0,,,,,0.0,0.0,,0.0,
Benin,2008,BEN,8906472,16519715840.0,,,,,0.0,0.0,0.0,,714.286,,,,,0.0,0.0,,0.0,0.0,0.0,0.0,,0.87,0.21,,2.267,0.376,1904.89,1.027,,,23.578,0.21,,,100.0,,,,,0.0,0.0,,,0.0,0.0,0.0,0.0,,0.15,,,,0.0,0.0,,0.0,,,,,0.0,0.0,,0.0,,0.66,75.862,,,,0.0,0.0,,0.0,,,,,23.578,0.21,,,0.0,0.0,0.0,100.0,,,0.0,0.0,,,0.0,0.0,,0.0,0.0,,23.578,16.966,,,,0.0,0.0,,0.0,,,,,0.0,0.0,,0.0,,,,,0.0,0.0,,0.0,
Benin,2009,BEN,9172514,16780075008.0,,,,,0.0,0.0,0.0,,666.667,,,,,0.0,0.0,,0.0,0.0,0.0,0.0,,0.99,0.12,,11.06,1.876,2054.215,1.123,,,13.083,0.12,,,100.0,,,,,0.0,0.0,,,0.0,0.0,0.0,0.0,,0.08,,,,0.0,0.0,,0.0,,,,,0.0,0.0,,0.0,,0.87,87.879,,,,0.0,0.0,,0.0,,,,,13.083,0.12,,,0.0,0.0,0.0,100.0,,,0.0,0.0,,,0.0,0.0,,0.0,0.0,,13.083,18.842,,,,0.0,0.0,,0.0,,,,,0.0,0.0,,0.0,,,,,0.0,0.0,,0.0,
Benin,2010,BEN,9445716,17023196160.0,,,,,0.0,0.0,0.0,,727.273,,,,,0.0,0.0,,0.0,0.0,0.0,0.0,,1.12,0.11,,14.687,2.767,2287.769,1.269,,,11.645,0.11,,,100.0,,,,,0.0,0.0,,,0.0,0.0,0.0,0.0,,0.08,,,,0.0,0.0,,0.0,,,,,0.0,0.0,,0.0,,1.01,90.179,,,,0.0,0.0,,0.0,,,,,11.645,0.11,,,0.0,0.0,0.0,100.0,,,0.0,0.0,,,0.0,0.0,,0.0,0.0,,11.645,21.61,,,,0.0,0.0,,0.0,,,,,0.0,0.0,,0.0,,,,,0.0,0.0,,0.0,
Benin,2011,BEN,9726385,17416239104.0,,,,,0.0,0.0,0.0,,666.667,,,,,0.0,0.0,,0.0,0.0,0.0,0.0,,1.1,0.09,,-6.777,-1.464,2071.188,1.157,,,9.253,0.09,,,100.0,,,,,0.0,0.0,,,0.0,0.0,0.0,0.0,,0.06,,,,0.0,0.0,,0.0,,,,,0.0,0.0,,0.0,,1.01,91.818,,,,0.0,0.0,,0.0,,,,,9.253,0.09,,,0.0,0.0,0.0,100.0,,,0.0,0.0,,,0.0,0.0,,0.0,0.0,,9.253,20.145,,,,0.0,0.0,,0.0,,,,,0.0,0.0,,0.0,,,,,0.0,0.0,,0.0,
Benin,2012,BEN,10014087,18305935360.0,,,,,0.0,0.0,0.0,,800.0,,,,,0.0,0.0,,0.0,0.0,0.0,0.0,,1.15,0.05,,-5.091,-1.026,1909.264,1.044,,,4.993,0.05,,,100.0,,,,,0.0,0.0,,,0.0,0.0,0.0,0.0,,0.04,,,,0.0,0.0,,0.0,,,,,0.0,0.0,,0.0,,1.1,95.652,,,,0.0,0.0,,0.0,,,,,4.993,0.05,,,0.0,0.0,0.0,100.0,,,0.0,0.0,,,0.0,0.0,,0.0,0.0,,4.993,19.12,,,,0.0,0.0,,0.0,,,,,0.0,0.0,,0.0,,,,,0.0,0.0,,0.0,
Benin,2013,BEN,10308730,19651418112.0,,,,,0.0,0.0,0.0,,666.667,,,,,0.0,0.0,,0.0,0.0,0.0,0.0,,1.17,0.09,,1.889,0.361,1889.734,0.991,,,8.73,0.09,,,100.0,,,,,0.0,0.0,,,0.0,0.0,0.0,0.0,,0.06,,,,0.0,0.0,,0.0,,,,,0.0,0.0,,0.0,,1.08,92.308,,,,0.0,0.0,,0.0,,,,,8.73,0.09,,,0.0,0.0,0.0,100.0,,,0.0,0.0,,,0.0,0.0,,0.0,0.0,,8.73,19.481,,,,0.0,0.0,,0.0,,,,,0.0,0.0,,0.0,,,,,0.0,0.0,,0.0,
Benin,2014,BEN,10614845,21043177472.0,,,,,0.0,0.0,0.0,,681.818,,,,,0.0,0.0,,0.0,0.0,0.0,0.0,,1.16,0.22,,5.723,1.115,1940.265,0.979,,,20.726,0.22,,,100.0,,,,,0.0,0.0,,,0.0,0.0,0.0,0.0,,0.15,,,,0.0,0.0,,0.0,,,,,0.0,0.0,,0.0,,0.94,81.034,,,,0.0,0.0,,0.0,,,,,20.726,0.22,,,0.0,0.0,0.0,100.0,,,0.0,0.0,,,0.0,0.0,,0.0,0.0,,20.726,20.596,,,,0.0,0.0,,0.0,,,,,0.0,0.0,,0.0,,,,,0.0,0.0,,0.0,
Benin,2015,BEN,10932791,22279708672.0,,,,,0.0,0.0,0.0,,700.0,,,,,0.0,0.0,,0.0,0.0,0.0,0.0,,1.35,0.3,,10.599,2.183,2083.499,1.022,,,27.44,0.3,,,100.0,,,,,0.0,0.0,,,0.0,0.0,0.0,0.0,,0.21,,,,0.0,0.0,,0.0,,,,,0.0,0.0,,0.0,,1.05,77.778,,,,0.0,0.0,,0.0,,,,,27.44,0.3,,,0.0,0.0,0.0,100.0,,,0.0,0.0,,,0.0,0.0,,0.0,0.0,,27.44,22.778,,,,0.0,0.0,,0.0,,,,,0.0,0.0,,0.0,,,,,0.0,0.0,,0.0,
Benin,2016,BEN,11260091,23337750528.0,,,,,0.0,0.0,0.0,,720.0,,,,,0.0,0.0,,0.0,0.0,0.0,0.0,,1.34,0.25,,21.952,5.0,2467.009,1.19,,,22.202,0.25,,,100.0,,,,,0.0,0.0,,,0.0,0.0,0.0,0.0,,0.18,,,,0.0,0.0,,0.0,,,,,0.0,0.0,,0.0,,1.09,81.343,,,,0.0,0.0,,0.0,,,,,22.202,0.25,,,0.0,0.0,0.0,100.0,,,0.0,0.0,,,0.0,0.0,,0.0,0.0,,22.202,27.779,,,,0.0,0.0,,0.0,,,,,0.0,0.0,,0.0,,,,,0.0,0.0,,0.0,
Benin,2017,BEN,11596786,24870051840.0,,,,,0.0,0.0,0.0,,709.677,,,,,0.0,0.0,,,,,0.0,,1.42,0.31,,6.047,1.68,2540.225,1.184,,,26.732,0.31,,,100.0,,,,,0.0,0.0,,,,,,0.0,,0.22,,,,0.0,0.0,,0.0,,,,,0.0,0.0,,0.0,,1.11,78.169,,,,0.0,0.0,,0.0,,,,,26.732,0.31,,,,,,100.0,,,0.0,0.0,,,0.0,0.0,,0.0,0.0,,26.732,29.458,,,,0.0,0.0,,0.0,,,,,0.0,0.0,,0.0,,,,,0.0,0.0,,0.0,
Benin,2018,BEN,11940688,26682034176.0,,,,,0.0,0.0,0.0,,684.211,,,,,0.0,0.0,,,,,0.0,,1.48,0.19,,10.933,3.221,2736.8,1.225,,,15.912,0.19,,,100.0,,,,,0.0,0.0,,,,,,0.0,,0.13,,,,0.0,0.0,,0.0,,,,,0.0,0.0,,0.0,,1.29,87.162,,,,0.0,0.0,,0.0,,,,,15.912,0.19,,,,,,100.0,,,0.0,0.0,,,0.0,0.0,,0.0,0.0,,15.912,32.679,,,,0.0,0.0,,0.0,,,,,0.0,0.0,,0.0,,,,,0.0,0.0,,0.0,
Benin,2019,BEN,12290443,,,,,,0.0,0.0,0.0,,650.0,,,,,0.0,0.0,,,,,0.0,,1.29,0.2,,-9.13,-2.984,2416.162,,,,15.459,0.19,,,95.0,,,,,0.0,0.0,,,,,,0.0,,0.13,,,,0.0,0.0,,0.0,,,,,0.814,0.01,,5.0,,1.09,84.496,,,,0.0,0.0,,0.0,,,,,15.459,0.19,,,,,,95.0,,,0.0,0.0,,,0.0,0.0,,0.0,0.0,,16.273,29.696,,,,0.814,0.01,,5.0,,,,,0.814,0.01,,5.0,,,,,0.0,0.0,,0.0,
Benin,2020,BEN,12643121,,,,,,0.0,0.0,0.0,,652.174,,,,,0.0,0.0,,,,,0.0,,0.87,0.23,,7.232,2.148,2518.621,,,,17.401,0.22,,,95.652,,,,,0.0,0.0,,,,,,0.0,,0.15,,,,0.0,0.0,,0.0,,,,,0.791,0.01,,4.348,,0.64,73.563,,,,0.0,0.0,,0.0,,,,,17.401,0.22,,,,,,95.652,,,0.0,0.0,,,0.0,0.0,,0.0,0.0,,18.192,31.843,,,,0.791,0.01,,4.348,,,,,0.791,0.01,,4.348,,,,,0.0,0.0,,0.0,
Benin,2021,BEN,12996901,,,,,,0.0,0.0,0.0,,666.667,,,,,0.0,0.0,,,,,0.0,,0.88,0.24,,1.419,0.452,2484.818,,,,17.697,0.23,,,95.833,,,,,0.0,0.0,,,,,,0.0,,0.16,,,,0.0,0.0,,0.0,,,,,0.769,0.01,,4.167,,0.64,72.727,,,,0.0,0.0,,0.0,,,,,17.697,0.23,,,,,,95.833,,,0.0,0.0,,,0.0,0.0,,0.0,0.0,,18.466,32.295,,,,0.769,0.01,,4.167,,,,,0.769,0.01,,4.167,,,,,0.0,0.0,,0.0,
Bermuda,1980,BMU,53583,,,,,,,,,,,,,,,,,,,0.0,0.0,,,,,,,,43631.586,,,,,,,,,,,,,,,,,,0.0,0.0,,,,,,,,,,,,,,,,,,,,,,,,,,,,,,,,,,,,,,0.0,0.0,,,,,,,,,,,,,,,2.338,,,,,,,,,,,,,,,,,,,,,,,,
Bermuda,1981,BMU,53930,,,,,,,,,,,,,,,,,,0.0,0.0,0.0,,,,,,-13.395,-0.313,37543.93,,,,,,,,,,,,,,,,,0.0,0.0,0.0,,,,,,,,,,,,,,,,,,,,,,,,,,,,,,,,,,,,,0.0,0.0,0.0,,,,,,,,,,,,,,,2.025,,,,,,,,,,,,,,,,,,,,,,,,
Bermuda,1982,BMU,54362,,,,,,,,,,,,,,,,,,0.0,0.0,0.0,,,,,,6.061,0.123,39502.887,,,,,,,,,,,,,,,,,0.0,0.0,0.0,,,,,,,,,,,,,,,,,,,,,,,,,,,,,,,,,,,,,0.0,0.0,0.0,,,,,,,,,,,,,,,2.147,,,,,,,,,,,,,,,,,,,,,,,,
Bermuda,1983,BMU,54783,,,,,,,,,,,,,,,,,,0.0,0.0,0.0,,,,,,5.714,0.123,41439.27,,,,,,,,,,,,,,,,,0.0,0.0,0.0,,,,,,,,,,,,,,,,,,,,,,,,,,,,,,,,,,,,,0.0,0.0,0.0,,,,,,,,,,,,,,,2.27,,,,,,,,,,,,,,,,,,,,,,,,
Bermuda,1984,BMU,55217,,,,,,,,,,,,,,,,,,0.0,0.0,0.0,,,,,,-2.436,-0.055,40111.98,,,,,,,,,,,,,,,,,0.0,0.0,0.0,,,,,,,,,,,,,,,,,,,,,,,,,,,,,,,,,,,,,0.0,0.0,0.0,,,,,,,,,,,,,,,2.215,,,,,,,,,,,,,,,,,,,,,,,,
Bermuda,1985,BMU,55632,,,,,,,,,,,,,,,,,,0.0,0.0,0.0,,,,,,-3.043,-0.067,38601.09,,,,,,,,,,,,,,,,,0.0,0.0,0.0,,,,,,,,,,,,,,,,,,,,,,,,,,,,,,,,,,,,,0.0,0.0,0.0,,,,,,,,,,,,,,,2.147,,,,,,,,,,,,,,,,,,,,,,,,
Bermuda,1986,BMU,56014,,,,,,,,,,,,,,,,,,0.0,0.0,0.0,,,,,,-5.847,-0.126,36096.062,,,,,,,,,,,,,,,,,0.0,0.0,0.0,,,,,,,,,,,,,,,,,,,,,,,,,,,,,,,,,,,,,0.0,0.0,0.0,,,,,,,,,,,,,,,2.022,,,,,,,,,,,,,,,,,,,,,,,,
Bermuda,1987,BMU,56388,,,,,,,,,,,,,,,,,,0.0,0.0,0.0,,,,,,44.183,0.893,51699.355,,,,,,,,,,,,,,,,,0.0,0.0,0.0,,,,,,,,,,,,,,,,,,,,,,,,,,,,,,,,,,,,,0.0,0.0,0.0,,,,,,,,,,,,,,,2.915,,,,,,,,,,,,,,,,,,,,,,,,
Bermuda,1988,BMU,56758,,,,,,,,,,,,,,,,,,0.0,0.0,0.0,,,,,,9.137,0.266,56055.496,,,,,,,,,,,,,,,,,0.0,0.0,0.0,,,,,,,,,,,,,,,,,,,,,,,,,,,,,,,,,,,,,0.0,0.0,0.0,,,,,,,,,,,,,,,3.182,,,,,,,,,,,,,,,,,,,,,,,,
Bermuda,1989,BMU,57133,,,,,,,,,,,,,,,,,,0.0,0.0,0.0,,,,,,20.84,0.663,67292.586,,,,,,,,,,,,,,,,,0.0,0.0,0.0,,,,,,,,,,,,,,,,,,,,,,,,,,,,,,,,,,,,,0.0,0.0,0.0,,,,,,,,,,,,,,,3.845,,,,,,,,,,,,,,,,,,,,,,,,
Bermuda,1990,BMU,57490,,,,,,,,,,,,,,,,,,0.0,0.0,0.0,,,,,,-29.027,-1.116,47463.18,,,,,,,,,,,,,,,,,0.0,0.0,0.0,,,,,,,,,,,,,,,,,,,,,,,,,,,,,,,,,,,,,0.0,0.0,0.0,,,,,,,,,,,,,,,2.729,,,,,,,,,,,,,,,,,,,,,,,,
Bermuda,1991,BMU,57897,,,,,,,,,,,,,,,,,,0.0,0.0,0.0,,,,,,-12.389,-0.338,41290.523,,,,,,,,,,,,,,,,,0.0,0.0,0.0,,,,,,,,,,,,,,,,,,,,,,,,,,,,,,,,,,,,,0.0,0.0,0.0,,,,,,,,,,,,,,,2.391,,,,,,,,,,,,,,,,,,,,,,,,
Bermuda,1992,BMU,58344,,,,,,,,,,,,,,,,,,0.0,0.0,0.0,,,,,,-21.873,-0.523,32011.799,,,,,,,,,,,,,,,,,0.0,0.0,0.0,,,,,,,,,,,,,,,,,,,,,,,,,,,,,,,,,,,,,0.0,0.0,0.0,,,,,,,,,,,,,,,1.868,,,,,,,,,,,,,,,,,,,,,,,,
Bermuda,1993,BMU,58763,,,,,,,,,,,,,,,,,,0.0,0.0,0.0,,,,,,16.196,0.302,36931.121,,,,,,,,,,,,,,,,,0.0,0.0,0.0,,,,,,,,,,,,,,,,,,,,,,,,,,,,,,,,,,,,,0.0,0.0,0.0,,,,,,,,,,,,,,,2.17,,,,,,,,,,,,,,,,,,,,,,,,
Bermuda,1994,BMU,59138,,,,,,,,,,,,,,,,,,0.0,0.0,0.0,,,,,,-3.63,-0.079,35364.73,,,,,,,,,,,,,,,,,0.0,0.0,0.0,,,,,,,,,,,,,,,,,,,,,,,,,,,,,,,,,,,,,0.0,0.0,0.0,,,,,,,,,,,,,,,2.091,,,,,,,,,,,,,,,,,,,,,,,,
Bermuda,1995,BMU,59486,,,,,,,,,,,,,,,,,,0.0,0.0,0.0,,,,,,2.567,0.054,36060.488,,,,,,,,,,,,,,,,,0.0,0.0,0.0,,,,,,,,,,,,,,,,,,,,,,,,,,,,,,,,,,,,,0.0,0.0,0.0,,,,,,,,,,,,,,,2.145,,,,,,,,,,,,,,,,,,,,,,,,
Bermuda,1996,BMU,59857,,,,,,,,,,,,,,,,,,0.0,0.0,0.0,,,,,,3.181,0.068,36976.926,,,,,,,,,,,,,,,,,0.0,0.0,0.0,,,,,,,,,,,,,,,,,,,,,,,,,,,,,,,,,,,,,0.0,0.0,0.0,,,,,,,,,,,,,,,2.213,,,,,,,,,,,,,,,,,,,,,,,,
Bermuda,1997,BMU,60248,,,,,,,,,,,,,,,,,,0.0,0.0,0.0,,,,,,-0.268,-0.006,36638.637,,,,,,,,,,,,,,,,,0.0,0.0,0.0,,,,,,,,,,,,,,,,,,,,,,,,,,,,,,,,,,,,,0.0,0.0,0.0,,,,,,,,,,,,,,,2.207,,,,,,,,,,,,,,,,,,,,,,,,
Bermuda,1998,BMU,60624,,,,,,,,,,,,,,,,,,0.0,0.0,0.0,,,,,,0.0,0.0,36411.398,,,,,,,,,,,,,,,,,0.0,0.0,0.0,,,,,,,,,,,,,,,,,,,,,,,,,,,,,,,,,,,,,0.0,0.0,0.0,,,,,,,,,,,,,,,2.207,,,,,,,,,,,,,,,,,,,,,,,,
Bermuda,1999,BMU,61004,,,,,,,,,,,,,,,,,,0.0,0.0,0.0,,,,,,0.0,0.0,36184.664,,,,,,,,,,,,,,,,,0.0,0.0,0.0,,,,,,,,,,,,,,,,,,,,,,,,,,,,,,,,,,,,,0.0,0.0,0.0,,,,,,,,,,,,,,,2.207,,,,,,,,,,,,,,,,,,,,,,,,
Bermuda,2000,BMU,61390,,,,,,,,,,,,,,,,,,0.0,0.0,0.0,,,0.0,0.0,,9.291,0.205,39297.879,,,,0.0,0.0,,,,,,,,,,,,0.0,0.0,0.0,,,0.0,,,,0.0,0.0,,,,,,,0.0,0.0,,,,0.0,,,,,0.0,0.0,,,,,,,,,,,0.0,0.0,0.0,,,,,0.0,,,,0.0,,,,,0.0,2.412,,,,0.0,0.0,,,,,,,0.0,0.0,,,,,,,0.0,0.0,,,
Bermuda,2001,BMU,61785,,,,,,,,,,,,,,,,,,0.0,0.0,0.0,,,0.0,0.0,,1.43,0.034,39604.938,,,,0.0,0.0,,,,,,,,,,,,0.0,0.0,0.0,,,0.0,,,,0.0,0.0,,,,,,,0.0,0.0,,,,0.0,,,,,0.0,0.0,,,,,,,,,,,0.0,0.0,0.0,,,,,0.0,,,,0.0,,,,,0.0,2.447,,,,0.0,0.0,,,,,,,0.0,0.0,,,,,,,0.0,0.0,,,
Bermuda,2002,BMU,62156,,,,,,,,,,,,,,,,,,0.0,0.0,0.0,,,0.0,0.0,,5.236,0.128,41429.879,,,,0.0,0.0,,,,,,,,,,,,0.0,0.0,0.0,,,0.0,,,,0.0,0.0,,,,,,,0.0,0.0,,,,0.0,,,,,0.0,0.0,,,,,,,,,,,0.0,0.0,0.0,,,,,0.0,,,,0.0,,,,,0.0,2.575,,,,0.0,0.0,,,,,,,0.0,0.0,,,,,,,0.0,0.0,,,
Bermuda,2003,BMU,62490,,,,,,,,,,,,,,,,,,0.0,0.0,0.0,,,0.0,0.0,,-0.227,-0.006,41114.773,,,,0.0,0.0,,,,,,,,,,,,0.0,0.0,0.0,,,0.0,,,,0.0,0.0,,,,,,,0.0,0.0,,,,0.0,,,,,0.0,0.0,,,,,,,,,,,0.0,0.0,0.0,,,,,0.0,,,,0.0,,,,,0.0,2.569,,,,0.0,0.0,,,,,,,0.0,0.0,,,,,,,0.0,0.0,,,
Bermuda,2004,BMU,62759,,,,,,,,,,,,,,,,,,0.0,0.0,0.0,,,0.0,0.0,,3.546,0.091,42390.039,,,,0.0,0.0,,,,,,,,,,,,0.0,0.0,0.0,,,0.0,,,,0.0,0.0,,,,,,,0.0,0.0,,,,0.0,,,,,0.0,0.0,,,,,,,,,,,0.0,0.0,0.0,,,,,0.0,,,,0.0,,,,,0.0,2.66,,,,0.0,0.0,,,,,,,0.0,0.0,,,,,,,0.0,0.0,,,
Bermuda,2005,BMU,62980,,,,,,,,,,,,,,,,,,0.0,0.0,0.0,,,0.0,0.0,,5.302,0.141,44480.98,,,,0.0,0.0,,,,,,,,,,,,0.0,0.0,0.0,,,0.0,,,,0.0,0.0,,,,,,,0.0,0.0,,,,0.0,,,,,0.0,0.0,,,,,,,,,,,0.0,0.0,0.0,,,,,0.0,,,,0.0,,,,,0.0,2.801,,,,0.0,0.0,,,,,,,0.0,0.0,,,,,,,0.0,0.0,,,
Bermuda,2006,BMU,63096,,,,,,,,,,,,,,,,,,0.0,0.0,0.0,,,0.0,0.0,,12.942,0.363,50145.137,,,,0.0,0.0,,,,,,,,,,,,0.0,0.0,0.0,,,0.0,,,,0.0,0.0,,,,,,,0.0,0.0,,,,0.0,,,,,0.0,0.0,,,,,,,,,,,0.0,0.0,0.0,,,,,0.0,,,,0.0,,,,,0.0,3.164,,,,0.0,0.0,,,,,,,0.0,0.0,,,,,,,0.0,0.0,,,
Bermuda,2007,BMU,63181,,,,,,,,,,,,,,,,,,0.0,0.0,0.0,,,0.0,0.0,,16.147,0.511,58163.746,,,,0.0,0.0,,,,,,,,,,,,0.0,0.0,0.0,,,0.0,,,,0.0,0.0,,,,,,,0.0,0.0,,,,0.0,,,,,0.0,0.0,,,,,,,,,,,0.0,0.0,0.0,,,,,0.0,,,,0.0,,,,,0.0,3.675,,,,0.0,0.0,,,,,,,0.0,0.0,,,,,,,0.0,0.0,,,
Bermuda,2008,BMU,63277,,,,,,,,,,,,,,,,,,0.0,0.0,0.0,,,0.0,0.0,,-4.338,-0.159,55556.035,,,,0.0,0.0,,,,,,,,,,,,0.0,0.0,0.0,,,0.0,,,,0.0,0.0,,,,,,,0.0,0.0,,,,0.0,,,,,0.0,0.0,,,,,,,,,,,0.0,0.0,0.0,,,,,0.0,,,,0.0,,,,,0.0,3.515,,,,0.0,0.0,,,,,,,0.0,0.0,,,,,,,0.0,0.0,,,
Bermuda,2009,BMU,63375,,,,,,,,,,,,,,,,,,0.0,0.0,0.0,,,0.0,0.0,,-21.314,-0.749,43647.02,,,,0.0,0.0,,,,,,,,,,,,0.0,0.0,0.0,,,0.0,,,,0.0,0.0,,,,,,,0.0,0.0,,,,0.0,,,,,0.0,0.0,,,,,,,,,,,0.0,0.0,0.0,,,,,0.0,,,,0.0,,,,,0.0,2.766,,,,0.0,0.0,,,,,,,0.0,0.0,,,,,,,0.0,0.0,,,
Bermuda,2010,BMU,63466,,,,,,,,,,,,,,,,,,0.0,0.0,0.0,,,0.0,0.0,,17.744,0.491,51318.156,,,,0.0,0.0,,,,,,,,,,,,0.0,0.0,0.0,,,0.0,,,,0.0,0.0,,,,,,,0.0,0.0,,,,0.0,,,,,0.0,0.0,,,,,,,,,,,0.0,0.0,0.0,,,,,0.0,,,,0.0,,,,,0.0,3.257,,,,0.0,0.0,,,,,,,0.0,0.0,,,,,,,0.0,0.0,,,
Bermuda,2011,BMU,63554,,,,,,,,,,,,,,,,,,0.0,0.0,0.0,,,0.0,0.0,,-35.372,-1.152,33119.836,,,,0.0,0.0,,,,,,,,,,,,0.0,0.0,0.0,,,0.0,,,,0.0,0.0,,,,,,,0.0,0.0,,,,0.0,,,,,0.0,0.0,,,,,,,,,,,0.0,0.0,0.0,,,,,0.0,,,,0.0,,,,,0.0,2.105,,,,0.0,0.0,,,,,,,0.0,0.0,,,,,,,0.0,0.0,,,
Bermuda,2012,BMU,63581,,,,,,,,,,,,,,,,,,0.0,0.0,0.0,,,0.0,0.0,,8.148,0.172,35803.332,,,,0.0,0.0,,,,,,,,,,,,0.0,0.0,0.0,,,0.0,,,,0.0,0.0,,,,,,,0.0,0.0,,,,0.0,,,,,0.0,0.0,,,,,,,,,,,0.0,0.0,0.0,,,,,0.0,,,,0.0,,,,,0.0,2.276,,,,0.0,0.0,,,,,,,0.0,0.0,,,,,,,0.0,0.0,,,
Bermuda,2013,BMU,63527,,,,,,,,,,,,,,,,,,0.0,0.0,0.0,,,0.0,0.0,,0.448,0.01,35994.32,,,,0.0,0.0,,,,,,,,,,,,0.0,0.0,0.0,,,0.0,,,,0.0,0.0,,,,,,,0.0,0.0,,,,0.0,,,,,0.0,0.0,,,,,,,,,,,0.0,0.0,0.0,,,,,0.0,,,,0.0,,,,,0.0,2.287,,,,0.0,0.0,,,,,,,0.0,0.0,,,,,,,0.0,0.0,,,
Bermuda,2014,BMU,63375,,,,,,,,,,,,,,,,,,0.0,0.0,0.0,,,0.0,0.0,,29.509,0.675,46727.742,,,,0.0,0.0,,,,,,,,,,,,0.0,0.0,0.0,,,0.0,,,,0.0,0.0,,,,,,,0.0,0.0,,,,0.0,,,,,0.0,0.0,,,,,,,,,,,0.0,0.0,0.0,,,,,0.0,,,,0.0,,,,,0.0,2.961,,,,0.0,0.0,,,,,,,0.0,0.0,,,,,,,0.0,0.0,,,
Bermuda,2015,BMU,63165,,,,,,,,,,,,,,,,,,0.0,0.0,0.0,,,0.0,0.0,,-15.907,-0.471,39425.172,,,,0.0,0.0,,,,,,,,,,,,0.0,0.0,0.0,,,0.0,,,,0.0,0.0,,,,,,,0.0,0.0,,,,0.0,,,,,0.0,0.0,,,,,,,,,,,0.0,0.0,0.0,,,,,0.0,,,,0.0,,,,,0.0,2.49,,,,0.0,0.0,,,,,,,0.0,0.0,,,,,,,0.0,0.0,,,
Bermuda,2016,BMU,63090,,,,,,,,,,,,,,,,,,0.0,0.0,0.0,,,0.0,0.0,,27.277,0.679,50238.902,,,,0.0,0.0,,,,,,,,,,,,0.0,0.0,0.0,,,0.0,,,,0.0,0.0,,,,,,,0.0,0.0,,,,0.0,,,,,0.0,0.0,,,,,,,,,,,0.0,0.0,0.0,,,,,0.0,,,,0.0,,,,,0.0,3.17,,,,0.0,0.0,,,,,,,0.0,0.0,,,,,,,0.0,0.0,,,
Bermuda,2017,BMU,63295,,,,,,,,,,,,,,,,,,,,,,,0.0,0.0,,-1.359,-0.043,49395.461,,,,0.0,0.0,,,,,,,,,,,,,,,,,0.0,,,,0.0,0.0,,,,,,,0.0,0.0,,,,0.0,,,,,0.0,0.0,,,,,,,,,,,,,,,,,,0.0,,,,0.0,,,,,0.0,3.126,,,,0.0,0.0,,,,,,,0.0,0.0,,,,,,,0.0,0.0,,,
Bermuda,2018,BMU,63591,,,,,,,,,,,,,,,,,,,,,,,0.0,0.0,,3.453,0.108,50863.379,,,,0.0,0.0,,,,,,,,,,,,,,,,,0.0,,,,0.0,0.0,,,,,,,0.0,0.0,,,,0.0,,,,,0.0,0.0,,,,,,,,,,,,,,,,,,0.0,,,,0.0,,,,,0.0,3.234,,,,0.0,0.0,,,,,,,0.0,0.0,,,,,,,0.0,0.0,,,
Bermuda,2019,BMU,63833,,,,,,,,,,,,,,,,,,,,,,,0.0,0.0,,-0.062,-0.002,50639.293,,,,0.0,0.0,,,,,,,,,,,,,,,,,0.0,,,,0.0,0.0,,,,,,,0.0,0.0,,,,0.0,,,,,0.0,0.0,,,,,,,,,,,,,,,,,,0.0,,,,0.0,,,,,0.0,3.232,,,,0.0,0.0,,,,,,,0.0,0.0,,,,,,,0.0,0.0,,,
Bermuda,2020,BMU,64051,,,,,,,,,,,,,,,,,,,,,,,0.0,0.0,,-8.531,-0.276,46161.586,,,,0.0,0.0,,,,,,,,,,,,,,,,,0.0,,,,0.0,0.0,,,,,,,0.0,0.0,,,,0.0,,,,,0.0,0.0,,,,,,,,,,,,,,,,,,0.0,,,,0.0,,,,,0.0,2.957,,,,0.0,0.0,,,,,,,0.0,0.0,,,,,,,0.0,0.0,,,
Bermuda,2021,BMU,64213,,,,,,,,,,,,,,,,,,,,,,,0.0,0.0,,0.967,0.029,46490.223,,,,0.0,0.0,,,,,,,,,,,,,,,,,0.0,,,,0.0,0.0,,,,,,,0.0,0.0,,,,0.0,,,,,0.0,0.0,,,,,,,,,,,,,,,,,,0.0,,,,0.0,,,,,0.0,2.985,,,,0.0,0.0,,,,,,,0.0,0.0,,,,,,,0.0,0.0,,,
Bhutan,1980,BTN,415266,,,,,,,,,,,,,,,,,,,0.586,0.0,,,,,,,,95.292,,,,,,,,,,,,,,,,,,0.0,0.0,,,,,,,,,,,,,,,,,,,,,,,,,,,,,,,,,,,,,,0.0,0.0,,,,,,,,,,,,,,,0.04,,,,,,,,,,,,,,,,,,,,,,,,
Bhutan,1981,BTN,428649,,,,,,,,,,,,,,,,,79.735,0.0,1.02,0.0,,,,,,266.476,0.105,338.318,,,,,,,,,,,,,,,,,0.0,0.0,0.0,,,,,,,,,,,,,,,,,,,,,,,,,,,,,,,,,,,,,0.0,0.0,0.0,,,,,,,,,,,,,,,0.145,,,,,,,,,,,,,,,,,,,,,,,,
Bhutan,1982,BTN,442217,,,,,,,,,,,,,,,,,11.409,0.0,1.101,0.0,,,,,,3.008,0.004,337.803,,,,,,,,,,,,,,,,,0.0,0.0,0.0,,,,,,,,,,,,,,,,,,,,,,,,,,,,,,,,,,,,,0.0,0.0,0.0,,,,,,,,,,,,,,,0.149,,,,,,,,,,,,,,,,,,,,,,,,
Bhutan,1983,BTN,456042,,,,,,,,,,,,,,,,,100.0,0.0,2.135,0.001,,,,,,-1.728,-0.003,321.901,,,,,,,,,,,,,,,,,0.0,0.0,0.0,,,,,,,,,,,,,,,,,,,,,,,,,,,,,,,,,,,,,0.0,0.0,0.0,,,,,,,,,,,,,,,0.147,,,,,,,,,,,,,,,,,,,,,,,,
Bhutan,1984,BTN,470179,,,,,,,,,,,,,,,,,100.0,0.001,4.143,0.002,,,,,,3.381,0.005,322.778,,,,,,,,,,,,,,,,,0.0,0.0,0.0,,,,,,,,,,,,,,,,,,,,,,,,,,,,,,,,,,,,,0.0,0.0,0.0,,,,,,,,,,,,,,,0.152,,,,,,,,,,,,,,,,,,,,,,,,
Bhutan,1985,BTN,484531,,,,,,,,,,,,,,,,,24.849,0.0,5.019,0.002,,,,,,7.95,0.012,338.118,,,,,,,,,,,,,,,,,0.0,0.0,0.0,,,,,,,,,,,,,,,,,,,,,,,,,,,,,,,,,,,,,0.0,0.0,0.0,,,,,,,,,,,,,,,0.164,,,,,,,,,,,,,,,,,,,,,,,,
Bhutan,1986,BTN,499158,,,,,,,,,,,,,,,,,60.434,0.001,7.816,0.004,,,,,,387.646,0.635,1600.505,,,,,,,,,,,,,,,,,0.0,0.0,0.0,,,,,,,,,,,,,,,,,,,,,,,,,,,,,,,,,,,,,0.0,0.0,0.0,,,,,,,,,,,,,,,0.799,,,,,,,,,,,,,,,,,,,,,,,,
Bhutan,1987,BTN,514033,,,,,,,,,,,,,,,,,128.571,0.005,17.348,0.009,,,,,,244.684,1.955,5357.044,,,,,,,,,,,,,,,,,0.0,0.0,0.0,,,,,,,,,,,,,,,,,,,,,,,,,,,,,,,,,,,,,0.0,0.0,0.0,,,,,,,,,,,,,,,2.754,,,,,,,,,,,,,,,,,,,,,,,,
Bhutan,1988,BTN,529057,,,,,,,,,,,,,,,,,9.211,0.001,18.407,0.01,,,,,,26.281,0.724,6572.8,,,,,,,,,,,,,,,,,0.0,0.0,0.0,,,,,,,,,,,,,,,,,,,,,,,,,,,,,,,,,,,,,0.0,0.0,0.0,,,,,,,,,,,,,,,3.477,,,,,,,,,,,,,,,,,,,,,,,,
Bhutan,1989,BTN,544217,,,,,,,,,,,,,,,,,0.0,0.0,17.895,0.01,,,,,,1.729,0.06,6500.185,,,,,,,,,,,,,,,,,0.0,0.0,0.0,,,,,,,,,,,,,,,,,,,,,,,,,,,,,,,,,,,,,0.0,0.0,0.0,,,,,,,,,,,,,,,3.538,,,,,,,,,,,,,,,,,,,,,,,,
Bhutan,1990,BTN,558449,,,,,,,,,,,,,,,,,0.0,0.0,17.439,0.01,,,,,,5.455,0.193,6680.068,,,,,,,,,,,,,,,,,0.0,0.0,0.0,,,,,,,,,,,,,,,,,,,,,,,,,,,,,,,,,,,,,0.0,0.0,0.0,,,,,,,,,,,,,,,3.73,,,,,,,,,,,,,,,,,,,,,,,,
Bhutan,1991,BTN,567719,,,,,,,,,,,,,,,,,0.0,0.0,17.154,0.01,,,,,,1.823,0.068,6690.798,,,,,,,,,,,,,,,,,0.0,0.0,0.0,,,,,,,,,,,,,,,,,,,,,,,,,,,,,,,,,,,,,0.0,0.0,0.0,,,,,,,,,,,,,,,3.798,,,,,,,,,,,,,,,,,,,,,,,,
Bhutan,1992,BTN,545956,,,,,,,,,,,,,,,,,2697.943,0.263,499.088,0.272,,,,,,1.563,0.059,7066.251,,,,,,,,,,,,,,,,,0.0,0.0,0.0,,,,,,,,,,,,,,,,,,,,,,,,,,,,,,,,,,,,,0.0,0.0,0.0,,,,,,,,,,,,,,,3.858,,,,,,,,,,,,,,,,,,,,,,,,
Bhutan,1993,BTN,520840,,,,,,,,,,,,,,,,,-17.857,-0.049,429.735,0.224,,,,,,0.39,0.015,7435.905,,,,,,,,,,,,,,,,,0.0,0.0,0.0,,,,,,,,,,,,,,,,,,,,,,,,,,,,,,,,,,,,,0.0,0.0,0.0,,,,,,,,,,,,,,,3.873,,,,,,,,,,,,,,,,,,,,,,,,
Bhutan,1994,BTN,521268,,,,,,,,,,,,,,,,,39.13,0.088,597.4,0.311,,,,,,6.886,0.267,7941.443,,,,,,,,,,,,,,,,,0.0,0.0,0.0,,,,,,,,,,,,,,,,,,,,,,,,,,,,,,,,,,,,,0.0,0.0,0.0,,,,,,,,,,,,,,,4.14,,,,,,,,,,,,,,,,,,,,,,,,
Bhutan,1995,BTN,527535,,,,,,,,,,,,,,,,,6.25,0.019,627.197,0.331,,,,,,6.79,0.281,8379.913,,,,,,,,,,,,,,,,,0.0,0.0,0.0,,,,,,,,,,,,,,,,,,,,,,,,,,,,,,,,,,,,,0.0,0.0,0.0,,,,,,,,,,,,,,,4.421,,,,,,,,,,,,,,,,,,,,,,,,
Bhutan,1996,BTN,537500,,,,,,,,,,,,,,,,,-5.882,-0.019,579.36,0.311,,,,,,9.633,0.426,9016.825,,,,,,,,,,,,,,,,,0.0,0.0,0.0,,,,,,,,,,,,,,,,,,,,,,,,,,,,,,,,,,,,,0.0,0.0,0.0,,,,,,,,,,,,,,,4.847,,,,,,,,,,,,,,,,,,,,,,,,
Bhutan,1997,BTN,546873,,,,,,,,,,,,,,,,,-15.625,-0.049,480.456,0.263,,,,,,0.763,0.037,8929.931,,,,,,,,,,,,,,,,,0.0,0.0,0.0,,,,,,,,,,,,,,,,,,,,,,,,,,,,,,,,,,,,,0.0,0.0,0.0,,,,,,,,,,,,,,,4.884,,,,,,,,,,,,,,,,,,,,,,,,
Bhutan,1998,BTN,557153,,,,,,,,,,,,,,,,,-7.407,-0.019,436.659,0.243,,,,,,-2.212,-0.108,8571.275,,,,,,,,,,,,,,,,,0.0,0.0,0.0,,,,,,,,,,,,,,,,,,,,,,,,,,,,,,,,,,,,,0.0,0.0,0.0,,,,,,,,,,,,,,,4.776,,,,,,,,,,,,,,,,,,,,,,,,
Bhutan,1999,BTN,571002,,,,,,,,,,,,,,,,,0.0,0.0,426.068,0.243,,,,,,1.026,0.049,8449.229,,,,,,,,,,,,,,,,,0.0,0.0,0.0,,,,,,,,,,,,,,,,,,,,,,,,,,,,,,,,,,,,,0.0,0.0,0.0,,,,,,,,,,,,,,,4.825,,,,,,,,,,,,,,,,,,,,,,,,
Bhutan,2000,BTN,587210,,,,,,0.0,0.0,0.0,,22.346,,,,,0.0,0.0,0.0,0.0,414.308,0.243,0.0,,0.41,1.79,,3.08,0.149,8469.052,,,,0.0,0.0,,,0.0,,,,,0.0,0.0,,,0.0,0.0,0.0,0.0,,0.04,,,,3048.313,1.79,,100.0,,,,,3048.313,1.79,,100.0,,-1.38,-336.585,,,,0.0,0.0,,0.0,,,,,0.0,0.0,,,0.0,0.0,0.0,0.0,,,0.0,0.0,,,0.0,0.0,,0.0,0.0,,3048.313,4.973,,,,3048.313,1.79,,100.0,,,,,0.0,0.0,,0.0,,,,,0.0,0.0,,0.0,
Bhutan,2001,BTN,603243,,,,,,0.0,0.0,0.0,,26.042,,,,,0.0,0.0,69.192,0.168,682.345,0.412,0.0,,0.54,1.92,,10.393,0.517,9100.751,,,,0.0,0.0,,,0.0,,,,,0.0,0.0,,,0.0,0.0,0.0,0.0,,0.05,,,,3182.797,1.92,,100.0,,,,,3182.797,1.92,,100.0,,-1.38,-255.556,,,,0.0,0.0,,0.0,,,,,0.0,0.0,,,0.0,0.0,0.0,0.0,,,0.0,0.0,,,0.0,0.0,,0.0,0.0,,3182.797,5.49,,,,3182.797,1.92,,100.0,,,,,0.0,0.0,,0.0,,,,,0.0,0.0,,0.0,
Bhutan,2002,BTN,619055,,,,,,0.0,0.0,0.0,,22.936,,,,,0.0,0.0,4.694,0.019,696.129,0.431,0.0,,0.64,2.18,,10.62,0.583,9810.103,,,,0.0,0.0,,,0.0,,,,,0.0,0.0,,,0.0,0.0,0.0,0.0,,0.05,,,,3521.497,2.18,,100.0,,,,,3521.497,2.18,,100.0,,-1.54,-240.625,,,,0.0,0.0,,0.0,,,,,0.0,0.0,,,0.0,0.0,0.0,0.0,,,0.0,0.0,,,0.0,0.0,,0.0,0.0,,3521.497,6.073,,,,3521.497,2.18,,100.0,,,,,0.0,0.0,,0.0,,,,,0.0,0.0,,0.0,
Bhutan,2003,BTN,634635,,,,,,0.0,0.0,0.0,,24.0,,,,,0.0,0.0,-25.114,-0.108,508.503,0.323,0.0,,0.67,2.5,,11.38,0.691,10658.221,,,,0.0,0.0,,,0.0,,,,,0.0,0.0,,,0.0,0.0,0.0,0.0,,0.06,,,,3939.272,2.5,,100.0,,,,,3939.272,2.5,,100.0,,-1.83,-273.134,,,,0.0,0.0,,0.0,,,,,0.0,0.0,,,0.0,0.0,0.0,0.0,,,0.0,0.0,,,0.0,0.0,,0.0,0.0,,3939.272,6.764,,,,3939.272,2.5,,100.0,,,,,0.0,0.0,,0.0,,,,,0.0,0.0,,0.0,
Bhutan,2004,BTN,649995,,,,,,0.0,0.0,0.0,,25.751,,,,,0.0,0.0,-55.324,-0.179,221.811,0.144,0.0,,0.73,2.33,,-3.764,-0.255,10014.694,,,,0.0,0.0,,,0.0,,,,,0.0,0.0,,,0.0,0.0,0.0,0.0,,0.06,,,,3584.643,2.33,,100.0,,,,,3584.643,2.33,,100.0,,-1.6,-219.178,,,,0.0,0.0,,0.0,,,,,0.0,0.0,,,0.0,0.0,0.0,0.0,,,0.0,0.0,,,0.0,0.0,,0.0,0.0,,3584.643,6.51,,,,3584.643,2.33,,100.0,,,,,0.0,0.0,,0.0,,,,,0.0,0.0,,0.0,
Bhutan,2005,BTN,663332,,,,,,0.0,0.0,0.0,,22.901,,,,,0.0,0.0,187.803,0.271,625.544,0.415,0.0,,0.92,2.62,,13.313,0.867,11119.834,,,,0.0,0.0,,,0.0,,,,,0.0,0.0,,,0.0,0.0,0.0,0.0,,0.06,,,,3949.757,2.62,,100.0,,,,,3949.757,2.62,,100.0,,-1.7,-184.783,,,,0.0,0.0,,0.0,,,,,0.0,0.0,,,0.0,0.0,0.0,0.0,,,0.0,0.0,,,0.0,0.0,,0.0,0.0,,3949.757,7.376,,,,3949.757,2.62,,100.0,,,,,0.0,0.0,,0.0,,,,,0.0,0.0,,0.0,
Bhutan,2006,BTN,673273,,,,,,0.0,0.0,0.0,,24.609,,,,,0.0,0.0,14.876,0.062,707.989,0.477,0.0,,1.98,4.47,,61.987,4.572,17746.779,,,,0.0,0.0,,,0.0,,,,,0.0,0.0,,,0.0,0.0,0.0,0.0,,0.11,,,,6639.208,4.47,,100.0,,,,,6639.208,4.47,,100.0,,-2.49,-125.758,,,,0.0,0.0,,0.0,,,,,0.0,0.0,,,0.0,0.0,0.0,0.0,,,0.0,0.0,,,0.0,0.0,,0.0,0.0,,6639.208,11.948,,,,6639.208,4.47,,100.0,,,,,0.0,0.0,,0.0,,,,,0.0,0.0,,0.0,
Bhutan,2007,BTN,681624,,,,,,0.0,0.0,0.0,,24.653,,,,,0.0,0.0,7.448,0.036,751.397,0.512,0.0,,1.14,6.49,,24.954,2.982,21903.543,,,,0.0,0.0,,,0.0,,,,,0.0,0.0,,,0.0,0.0,0.0,0.0,,0.16,,,,9521.378,6.49,,100.0,,,,,9521.378,6.49,,100.0,,-5.35,-469.298,,,,0.0,0.0,,0.0,,,,,0.0,0.0,,,0.0,0.0,0.0,0.0,,,0.0,0.0,,,0.0,0.0,,0.0,0.0,,9521.378,14.93,,,,9521.378,6.49,,100.0,,,,,0.0,0.0,,0.0,,,,,0.0,0.0,,0.0,
Bhutan,2008,BTN,689741,,,,,,0.0,0.0,0.0,,24.673,,,,,0.0,0.0,-3.68,-0.019,715.226,0.493,0.0,,0.98,6.89,,3.347,0.5,22370.271,,,,0.0,0.0,,,0.0,,,,,0.0,0.0,,,0.0,0.0,0.0,0.0,,0.17,,,,9989.257,6.89,,100.0,,,,,9989.257,6.89,,100.0,,-5.91,-603.061,,,,0.0,0.0,,0.0,,,,,0.0,0.0,,,0.0,0.0,0.0,0.0,,,0.0,0.0,,,0.0,0.0,,0.0,0.0,,9989.257,15.43,,,,9989.257,6.89,,100.0,,,,,0.0,0.0,,0.0,,,,,0.0,0.0,,0.0,
Bhutan,2009,BTN,697682,,,,,,0.0,0.0,0.0,,24.531,,,,,0.0,0.0,-20.344,-0.1,563.236,0.393,0.0,,1.59,6.93,,3.705,0.572,22935.088,,,,0.0,0.0,,,0.0,,,,,0.0,0.0,,,0.0,0.0,0.0,0.0,,0.17,,,,9932.892,6.93,,100.0,,,,,9932.892,6.93,,100.0,,-5.34,-335.849,,,,0.0,0.0,,0.0,,,,,0.0,0.0,,,0.0,0.0,0.0,0.0,,,0.0,0.0,,,0.0,0.0,,0.0,0.0,,9932.892,16.001,,,,9932.892,6.93,,100.0,,,,,0.0,0.0,,0.0,,,,,0.0,0.0,,0.0,
Bhutan,2010,BTN,705523,,,,,,0.0,0.0,0.0,,23.416,,,,,0.0,0.0,-24.955,-0.098,417.98,0.295,0.0,,1.81,7.26,,7.072,1.132,24284.154,,,,0.0,0.0,,,0.0,,,,,0.0,0.0,,,0.0,0.0,0.0,0.0,,0.17,,,,10290.239,7.26,,100.0,,,,,10290.239,7.26,,100.0,,-5.45,-301.105,,,,0.0,0.0,,0.0,,,,,0.0,0.0,,,0.0,0.0,0.0,0.0,,,0.0,0.0,,,0.0,0.0,,0.0,0.0,,10290.239,17.133,,,,10290.239,7.26,,100.0,,,,,0.0,0.0,,0.0,,,,,0.0,0.0,,0.0,
Bhutan,2011,BTN,713338,,,,,,0.0,0.0,0.0,,24.39,,,,,0.0,0.0,70.187,0.207,703.556,0.502,0.0,,1.74,6.97,,-2.7,-0.463,23369.613,,,,0.0,0.0,,,0.0,,,,,0.0,0.0,,,0.0,0.0,0.0,0.0,,0.17,,,,9770.964,6.97,,100.0,,,,,9770.964,6.97,,100.0,,-5.23,-300.575,,,,0.0,0.0,,0.0,,,,,0.0,0.0,,,0.0,0.0,0.0,0.0,,,0.0,0.0,,,0.0,0.0,,0.0,0.0,,9770.964,16.67,,,,9770.964,6.97,,100.0,,,,,0.0,0.0,,0.0,,,,,0.0,0.0,,0.0,
Bhutan,2012,BTN,721154,,,,,,0.0,0.0,0.0,,23.739,,,,,0.0,0.0,8.84,0.044,757.452,0.546,0.0,,1.9,6.74,,-2.839,-0.473,22460.117,,,,0.0,0.0,,,0.0,,,,,0.0,0.0,,,0.0,0.0,0.0,0.0,,0.16,,,,9346.131,6.74,,100.0,,,,,9346.131,6.74,,100.0,,-4.84,-254.737,,,,0.0,0.0,,0.0,,,,,0.0,0.0,,,0.0,0.0,0.0,0.0,,,0.0,0.0,,,0.0,0.0,,0.0,0.0,,9346.131,16.197,,,,9346.131,6.74,,100.0,,,,,0.0,0.0,,0.0,,,,,0.0,0.0,,0.0,
Bhutan,2013,BTN,728898,,,,,,0.0,0.0,0.0,,23.904,,,,,0.0,0.0,-30.748,-0.168,518.975,0.378,0.0,,2.08,7.53,,10.771,1.745,24615.076,,,,0.0,0.0,,,0.0,,,,,0.0,0.0,,,0.0,0.0,0.0,0.0,,0.18,,,,10330.664,7.53,,100.0,,,,,10330.664,7.53,,100.0,,-5.45,-262.019,,,,0.0,0.0,,0.0,,,,,0.0,0.0,,,0.0,0.0,0.0,0.0,,,0.0,0.0,,,0.0,0.0,,0.0,0.0,,10330.664,17.942,,,,10330.664,7.53,,100.0,,,,,0.0,0.0,,0.0,,,,,0.0,0.0,,0.0,
Bhutan,2014,BTN,736362,,,,,,0.0,0.0,0.0,,23.776,,,,,0.0,0.0,56.785,0.215,805.425,0.593,0.0,,2.16,7.15,,-4.256,-0.764,23328.471,,,,0.0,0.0,,,0.0,,,,,0.0,0.0,,,0.0,0.0,0.0,0.0,,0.17,,,,9709.898,7.15,,100.0,,,,,9709.898,7.15,,100.0,,-4.99,-231.018,,,,0.0,0.0,,0.0,,,,,0.0,0.0,,,0.0,0.0,0.0,0.0,,,0.0,0.0,,,0.0,0.0,,0.0,0.0,,9709.898,17.178,,,,9709.898,7.15,,100.0,,,,,0.0,0.0,,0.0,,,,,0.0,0.0,,0.0,
Bhutan,2015,BTN,743284,,,,,,0.0,0.0,0.0,,24.58,,,,,0.0,0.0,-30.265,-0.179,556.43,0.414,0.0,,2.13,7.73,,4.728,0.812,24203.82,,,,0.0,0.0,,,0.0,,,,,0.0,0.0,,,0.0,0.0,0.0,0.0,,0.19,,,,10399.793,7.73,,100.0,,,,,10399.793,7.73,,100.0,,-5.6,-262.911,,,,0.0,0.0,,0.0,,,,,0.0,0.0,,,0.0,0.0,0.0,0.0,,,0.0,0.0,,,0.0,0.0,,0.0,0.0,,10399.793,17.99,,,,10399.793,7.73,,100.0,,,,,0.0,0.0,,0.0,,,,,0.0,0.0,,0.0,
Bhutan,2016,BTN,749764,,,,,,0.0,0.0,0.0,,24.112,,,,,0.0,0.0,38.568,0.16,764.371,0.573,0.0,,2.2,7.88,,2.909,0.523,24692.543,,,,0.0,0.0,,,0.0,,,,,0.0,0.0,,,0.0,0.0,0.0,0.0,,0.19,,,,10509.974,7.88,,100.0,,,,,10509.974,7.88,,100.0,,-5.68,-258.182,,,,0.0,0.0,,0.0,,,,,0.0,0.0,,,0.0,0.0,0.0,0.0,,,0.0,0.0,,,0.0,0.0,,0.0,0.0,,10509.974,18.514,,,,10509.974,7.88,,100.0,,,,,0.0,0.0,,0.0,,,,,0.0,0.0,,0.0,
Bhutan,2017,BTN,756130,,,,,,0.0,0.0,0.0,,23.529,,,,,0.0,0.0,,,,,0.0,,2.04,7.65,,-0.642,-0.119,24327.346,,,,0.0,0.0,,,0.0,,,,,0.0,0.0,,,,,,0.0,,0.18,,,,10117.308,7.65,,100.0,,,,,10117.308,7.65,,100.0,,-5.61,-275.0,,,,0.0,0.0,,0.0,,,,,0.0,0.0,,,,,,0.0,,,0.0,0.0,,,0.0,0.0,,0.0,0.0,,10117.308,18.395,,,,10117.308,7.65,,100.0,,,,,0.0,0.0,,0.0,,,,,0.0,0.0,,0.0,
Bhutan,2018,BTN,762104,,,,,,0.0,0.0,0.0,,24.673,,,,,0.0,0.0,,,,,0.0,,2.44,6.89,,-4.136,-0.761,23138.41,,,,0.0,0.0,,,0.0,,,,,0.0,0.0,,,,,,0.0,,0.17,,,,9040.761,6.89,,100.0,,,,,9040.761,6.89,,100.0,,-4.45,-182.377,,,,0.0,0.0,,0.0,,,,,0.0,0.0,,,,,,0.0,,,0.0,0.0,,,0.0,0.0,,0.0,0.0,,9040.761,17.634,,,,9040.761,6.89,,100.0,,,,,0.0,0.0,,0.0,,,,,0.0,0.0,,0.0,
Bhutan,2019,BTN,767467,,,,,,0.0,0.0,0.0,,23.464,,,,,0.0,0.0,,,,,0.0,,2.9,8.95,,18.605,3.281,27251.602,,,,0.0,0.0,,,0.0,,,,,0.0,0.0,,,,,,0.0,,0.21,,,,11661.738,8.95,,100.0,,,,,11661.738,8.95,,100.0,,-6.05,-208.621,,,,0.0,0.0,,0.0,,,,,0.0,0.0,,,,,,0.0,,,0.0,0.0,,,0.0,0.0,,0.0,0.0,,11661.738,20.915,,,,11661.738,8.95,,100.0,,,,,0.0,0.0,,0.0,,,,,0.0,0.0,,0.0,
Bhutan,2020,BTN,772512,,,,,,0.0,0.0,0.0,,23.464,,,,,0.0,0.0,,,,,0.0,,3.05,8.95,,-1.775,-0.371,26593.059,,,,0.0,0.0,,,0.0,,,,,0.0,0.0,,,,,,0.0,,0.21,,,,11585.58,8.95,,100.0,,,,,11585.58,8.95,,100.0,,-5.9,-193.443,,,,0.0,0.0,,0.0,,,,,0.0,0.0,,,,,,0.0,,,0.0,0.0,,,0.0,0.0,,0.0,0.0,,11585.58,20.543,,,,11585.58,8.95,,100.0,,,,,0.0,0.0,,0.0,,,,,0.0,0.0,,0.0,
Bhutan,2021,BTN,777500,,,,,,0.0,0.0,0.0,,24.444,,,,,0.0,0.0,,,,,0.0,,3.79,9.0,,5.158,1.06,27785.357,,,,0.0,0.0,,,0.0,,,,,0.0,0.0,,,,,,0.0,,0.22,,,,11575.562,9.0,,100.0,,,,,11575.562,9.0,,100.0,,-5.21,-137.467,,,,0.0,0.0,,0.0,,,,,0.0,0.0,,,,,,0.0,,,0.0,0.0,,,0.0,0.0,,0.0,0.0,,11575.562,21.603,,,,11575.562,9.0,,100.0,,,,,0.0,0.0,,0.0,,,,,0.0,0.0,,0.0,
Bolivia,1900,BOL,1813429,2479552000.0,,,,,,,,,,,,,,,,,,,,,,,,,,,,,,,,,,,,,,,,,,,,,0.0,0.0,,,,,,,,,,,,,,,,,,,,,,,,,,,,,,,,,,,,,,0.0,0.0,,,,,,,,,,,,,,,,,,,,,,,,,,,,,,,,,,,,,,,
Bolivia,1901,BOL,1840504,2587229952.0,,,,,,,,,,,,,,,,,,,,,,,,,,,,,,,,,,,,,,,,,,,,0.0,0.0,0.0,,,,,,,,,,,,,,,,,,,,,,,,,,,,,,,,,,,,,0.0,0.0,0.0,,,,,,,,,,,,,,,,,,,,,,,,,,,,,,,,,,,,,,,
Bolivia,1902,BOL,1862946,2519025920.0,,,,,,,,,,,,,,,,,,,,,,,,,,,,,,,,,,,,,,,,,,,,0.0,0.0,0.0,,,,,,,,,,,,,,,,,,,,,,,,,,,,,,,,,,,,,0.0,0.0,0.0,,,,,,,,,,,,,,,,,,,,,,,,,,,,,,,,,,,,,,,
Bolivia,1903,BOL,1880588,2532546048.0,,,,,,,,,,,,,,,,,,,,,,,,,,,,,,,,,,,,,,,,,,,,0.0,0.0,0.0,,,,,,,,,,,,,,,,,,,,,,,,,,,,,,,,,,,,,0.0,0.0,0.0,,,,,,,,,,,,,,,,,,,,,,,,,,,,,,,,,,,,,,,
Bolivia,1904,BOL,1898393,2556460032.0,,,,,,,,,,,,,,,,,,,,,,,,,,,,,,,,,,,,,,,,,,,,0.0,0.0,0.0,,,,,,,,,,,,,,,,,,,,,,,,,,,,,,,,,,,,,0.0,0.0,0.0,,,,,,,,,,,,,,,,,,,,,,,,,,,,,,,,,,,,,,,
Bolivia,1905,BOL,1916363,2665149952.0,,,,,,,,,,,,,,,,,,,,,,,,,,,,,,,,,,,,,,,,,,,,0.0,0.0,0.0,,,,,,,,,,,,,,,,,,,,,,,,,,,,,,,,,,,,,0.0,0.0,0.0,,,,,,,,,,,,,,,,,,,,,,,,,,,,,,,,,,,,,,,
Bolivia,1906,BOL,1934499,2778798080.0,,,,,,,,,,,,,,,,,,,,,,,,,,,,,,,,,,,,,,,,,,,,0.0,0.0,0.0,,,,,,,,,,,,,,,,,,,,,,,,,,,,,,,,,,,,,0.0,0.0,0.0,,,,,,,,,,,,,,,,,,,,,,,,,,,,,,,,,,,,,,,
Bolivia,1907,BOL,1952802,2811424000.0,,,,,,,,,,,,,,,,,,,,,,,,,,,,,,,,,,,,,,,,,,,,0.0,0.0,0.0,,,,,,,,,,,,,,,,,,,,,,,,,,,,,,,,,,,,,0.0,0.0,0.0,,,,,,,,,,,,,,,,,,,,,,,,,,,,,,,,,,,,,,,
Bolivia,1908,BOL,1971275,2921728000.0,,,,,,,,,,,,,,,,,,,,,,,,,,,,,,,,,,,,,,,,,,,,0.0,0.0,0.0,,,,,,,,,,,,,,,,,,,,,,,,,,,,,,,,,,,,,0.0,0.0,0.0,,,,,,,,,,,,,,,,,,,,,,,,,,,,,,,,,,,,,,,
Bolivia,1909,BOL,1992797,3008122112.0,,,,,,,,,,,,,,,,,,,,,,,,,,,,,,,,,,,,,,,,,,,,0.0,0.0,0.0,,,,,,,,,,,,,,,,,,,,,,,,,,,,,,,,,,,,,0.0,0.0,0.0,,,,,,,,,,,,,,,,,,,,,,,,,,,,,,,,,,,,,,,
Bolivia,1910,BOL,2017450,3148617984.0,,,,,,,,,,,,,,,,,,,,,,,,,,,,,,,,,,,,,,,,,,,,0.0,0.0,0.0,,,,,,,,,,,,,,,,,,,,,,,,,,,,,,,,,,,,,0.0,0.0,0.0,,,,,,,,,,,,,,,,,,,,,,,,,,,,,,,,,,,,,,,
Bolivia,1911,BOL,2045315,3228144128.0,,,,,,,,,,,,,,,,,,,,,,,,,,,,,,,,,,,,,,,,,,,,0.0,0.0,0.0,,,,,,,,,,,,,,,,,,,,,,,,,,,,,,,,,,,,,0.0,0.0,0.0,,,,,,,,,,,,,,,,,,,,,,,,,,,,,,,,,,,,,,,
Bolivia,1912,BOL,2076476,3334542080.0,,,,,,,,,,,,,,,,,,,,,,,,,,,,,,,,,,,,,,,,,,,,0.0,0.0,0.0,,,,,,,,,,,,,,,,,,,,,,,,,,,,,,,,,,,,,0.0,0.0,0.0,,,,,,,,,,,,,,,,,,,,,,,,,,,,,,,,,,,,,,,
Bolivia,1913,BOL,2111020,3502422016.0,,,,,,,,,,,,,,,,,,,,,,,,,,,,,,,,,,,,,,,,,,,,0.0,0.0,0.0,,,,,,,,,,,,,,,,,,,,,,,,,,,,,,,,,,,,,0.0,0.0,0.0,,,,,,,,,,,,,,,,,,,,,,,,,,,,,,,,,,,,,,,
Bolivia,1914,BOL,2146135,3387634944.0,,,,,,,,,,,,,,,,,,,,,,,,,,,,,,,,,,,,,,,,,,,,0.0,0.0,0.0,,,,,,,,,,,,,,,,,,,,,,,,,,,,,,,,,,,,,0.0,0.0,0.0,,,,,,,,,,,,,,,,,,,,,,,,,,,,,,,,,,,,,,,
Bolivia,1915,BOL,2181829,3507898112.0,,,,,,,,,,,,,,,,,,,,,,,,,,,,,,,,,,,,,,,,,,,,0.0,0.0,0.0,,,,,,,,,,,,,,,,,,,,,,,,,,,,,,,,,,,,,0.0,0.0,0.0,,,,,,,,,,,,,,,,,,,,,,,,,,,,,,,,,,,,,,,
Bolivia,1916,BOL,2218112,3652253952.0,,,,,,,,,,,,,,,,,,,,,,,,,,,,,,,,,,,,,,,,,,,,0.0,0.0,0.0,,,,,,,,,,,,,,,,,,,,,,,,,,,,,,,,,,,,,0.0,0.0,0.0,,,,,,,,,,,,,,,,,,,,,,,,,,,,,,,,,,,,,,,
Bolivia,1917,BOL,2254994,3959011072.0,,,,,,,,,,,,,,,,,,,,,,,,,,,,,,,,,,,,,,,,,,,,0.0,0.0,0.0,,,,,,,,,,,,,,,,,,,,,,,,,,,,,,,,,,,,,0.0,0.0,0.0,,,,,,,,,,,,,,,,,,,,,,,,,,,,,,,,,,,,,,,
Bolivia,1918,BOL,2289257,4047899904.0,,,,,,,,,,,,,,,,,,,,,,,,,,,,,,,,,,,,,,,,,,,,0.0,0.0,0.0,,,,,,,,,,,,,,,,,,,,,,,,,,,,,,,,,,,,,0.0,0.0,0.0,,,,,,,,,,,,,,,,,,,,,,,,,,,,,,,,,,,,,,,
Bolivia,1919,BOL,2322343,4103687936.0,,,,,,,,,,,,,,,,,,,,,,,,,,,,,,,,,,,,,,,,,,,,0.0,0.0,0.0,,,,,,,,,,,,,,,,,,,,,,,,,,,,,,,,,,,,,0.0,0.0,0.0,,,,,,,,,,,,,,,,,,,,,,,,,,,,,,,,,,,,,,,
Bolivia,1920,BOL,2354214,4126752000.0,,,,,,,,,,,,,,,,,,,,,,,,,,,,,,,,,,,,,,,,,,,,0.0,0.0,0.0,,,,,,,,,,,,,,,,,,,,,,,,,,,,,,,,,,,,,0.0,0.0,0.0,,,,,,,,,,,,,,,,,,,,,,,,,,,,,,,,,,,,,,,
Bolivia,1921,BOL,2384831,3995688960.0,,,,,,,,,,,,,,,,,,,,,,,,,,,,,,,,,,,,,,,,,,,,0.0,0.0,0.0,,,,,,,,,,,,,,,,,,,,,,,,,,,,,,,,,,,,,0.0,0.0,0.0,,,,,,,,,,,,,,,,,,,,,,,,,,,,,,,,,,,,,,,
Bolivia,1922,BOL,2414156,4376372224.0,,,,,,,,,,,,,,,,,,,,,,,,,,,,,,,,,,,,,,,,,,,,0.0,0.0,0.0,,,,,,,,,,,,,,,,,,,,,,,,,,,,,,,,,,,,,0.0,0.0,0.0,,,,,,,,,,,,,,,,,,,,,,,,,,,,,,,,,,,,,,,
Bolivia,1923,BOL,2442148,4441696256.0,,,,,,,,,,,,,,,,,,,,,,,,,,,,,,,,,,,,,,,,,,,,0.0,0.0,0.0,,,,,,,,,,,,,,,,,,,,,,,,,,,,,,,,,,,,,0.0,0.0,0.0,,,,,,,,,,,,,,,,,,,,,,,,,,,,,,,,,,,,,,,
Bolivia,1924,BOL,2470465,4646248960.0,,,,,,,,,,,,,,,,,,,,,,,,,,,,,,,,,,,,,,,,,,,,0.0,0.0,0.0,,,,,,,,,,,,,,,,,,,,,,,,,,,,,,,,,,,,,0.0,0.0,0.0,,,,,,,,,,,,,,,,,,,,,,,,,,,,,,,,,,,,,,,
Bolivia,1925,BOL,2499110,4851871744.0,,,,,,,,,,,,,,,,,,,,,,,,,,,,,,,,,,,,,,,,,,,,0.0,0.0,0.0,,,,,,,,,,,,,,,,,,,,,,,,,,,,,,,,,,,,,0.0,0.0,0.0,,,,,,,,,,,,,,,,,,,,,,,,,,,,,,,,,,,,,,,
Bolivia,1926,BOL,2528087,4937373184.0,,,,,,,,,,,,,,,,,,,,,,,,,,,,,,,,,,,,,,,,,,,,0.0,0.0,0.0,,,,,,,,,,,,,,,,,,,,,,,,,,,,,,,,,,,,,0.0,0.0,0.0,,,,,,,,,,,,,,,,,,,,,,,,,,,,,,,,,,,,,,,
Bolivia,1927,BOL,2557400,5301323776.0,,,,,,,,,,,,,,,,,,,,,,,,,,,,,,,,,,,,,,,,,,,,0.0,0.0,0.0,,,,,,,,,,,,,,,,,,,,,,,,,,,,,,,,,,,,,0.0,0.0,0.0,,,,,,,,,,,,,,,,,,,,,,,,,,,,,,,,,,,,,,,
Bolivia,1928,BOL,2587054,5520108032.0,,,,,,,,,,,,,,,,,,,,,,,,,,,,,,,,,,,,,,,,,,,,0.0,0.0,0.0,,,,,,,,,,,,,,,,,,,,,,,,,,,,,,,,,,,,,0.012,4.495,0.012,,,,,,,,,,,,,,,,,,,,,,,,,,,,,,,,,,,,,,,
Bolivia,1929,BOL,2617053,5749620224.0,,,,,,,,,,,,,,,,,,,,,,,,,,,,,,,,,,,,,,,,,,,,0.0,0.0,0.0,,,,,,,,,,,,,,,,,,,,,,,,,,,,,,,,,,,,200.0,0.023,13.332,0.035,,,,,,,,,,,,,,,,,,,,,,,,,,,,,,,,,,,,,,,
Bolivia,1930,BOL,2647402,5467556864.0,,,,,,,,,,,,,,,,,,,,,,,,,,,,,,,,,,,,,,,,,,,,0.0,0.0,0.0,,,,,,,,,,,,,,,,,,,,,,,,,,,,,,,,,,,,33.333,0.012,17.572,0.047,,,,,,,,,,,,,,,,,,,,,,,,,,,,,,,,,,,,,,,
Bolivia,1931,BOL,2678105,4946999808.0,,,,,,,,,,,,,,,,,,,,,,,,,,,,,,,,,,,,,,,,,,,,0.0,0.0,0.0,,,,,,,,,,,,,,,,,,,,,,,,,,,,,,,,,,,,-50.0,-0.023,8.685,0.023,,,,,,,,,,,,,,,,,,,,,,,,,,,,,,,,,,,,,,,
Bolivia,1932,BOL,2709166,4609186816.0,,,,,,,,,,,,,,,,,,,,,,,,,,,,,,,,,,,,,,,,,,,,0.0,0.0,0.0,,,,,,,,,,,,,,,,,,,,,,,,,,,,,,,,,,,,150.0,0.035,21.464,0.058,,,,,,,,,,,,,,,,,,,,,,,,,,,,,,,,,,,,,,,
Bolivia,1933,BOL,2740590,4849827840.0,,,,,,,,,,,,,,,,,,,,,,,,,,,,,,,,,,,,,,,,,,,,0.0,0.0,0.0,,,,,,,,,,,,,,,,,,,,,,,,,,,,,,,,,,,,180.0,0.105,59.411,0.163,,,,,,,,,,,,,,,,,,,,,,,,,,,,,,,,,,,,,,,
Bolivia,1934,BOL,2772378,5270588928.0,,,,,,,,,,,,,,,,,,,,,,,,,,,,,,,,,,,,,,,,,,,,0.0,0.0,0.0,,,,,,,,,,,,,,,,,,,,,,,,,,,,,,,,,,,,42.857,0.07,83.899,0.233,,,,,,,,,,,,,,,,,,,,,,,,,,,,,,,,,,,,,,,
Bolivia,1935,BOL,2804535,5519419904.0,,,,,,,,,,,,,,,,,,,,,,,,,,,,,,,,,,,,,,,,,,,,0.0,0.0,0.0,,,,,,,,,,,,,,,,,,,,,,,,,,,,,,,,,,,,5.0,0.012,87.084,0.244,,,,,,,,,,,,,,,,,,,,,,,,,,,,,,,,,,,,,,,
Bolivia,1936,BOL,2837065,5728869888.0,,,,,,,,,,,,,,,,,,,,,,,,,,,,,,,,,,,,,,,,,,,,0.0,0.0,0.0,,,,,,,,,,,,,,,,,,,,,,,,,,,,,,,,,,,,-38.095,-0.093,53.291,0.151,,,,,,,,,,,,,,,,,,,,,,,,,,,,,,,,,,,,,,,
Bolivia,1937,BOL,2869973,6188218880.0,,,,,,,,,,,,,,,,,,,,,,,,,,,,,,,,,,,,,,,,,,,,0.0,0.0,0.0,,,,,,,,,,,,,,,,,,,,,,,,,,,,,,,,,,,,23.077,0.035,64.837,0.186,,,,,,,,,,,,,,,,,,,,,,,,,,,,,,,,,,,,,,,
Bolivia,1938,BOL,2903262,6391098880.0,,,,,,,,,,,,,,,,,,,,,,,,,,,,,,,,,,,,,,,,,,,,0.0,0.0,0.0,,,,,,,,,,,,,,,,,,,,,,,,,,,,,,,,,,,,12.5,0.023,72.105,0.209,,,,,,,,,,,,,,,,,,,,,,,,,,,,,,,,,,,,,,,
Bolivia,1939,BOL,2931704,6615591936.0,,,,,,,,,,,,,,,,,,,,,,,,,,,,,,,,,,,,,,,,,,,,0.0,0.0,0.0,,,,,,,,,,,,,,,,,,,,,,,,,,,,,,,,,,,,55.556,0.116,111.075,0.326,,,,,,,,,,,,,,,,,,,,,,,,,,,,,,,,,,,,,,,
Bolivia,1940,BOL,2955228,7174230016.0,,,,,,,,,,,,,,,,,,,,,,,,,,,,,,,,,,,,,,,,,,,,0.0,0.0,0.0,,,,,,,,,,,,,,,,,,,,,,,,,,,,,,,,,,,,35.714,0.116,149.545,0.442,,,,,,,,,,,,,,,,,,,,,,,,,,,,,,,,,,,,,,,
Bolivia,1941,BOL,2973763,7681382912.0,,,,,,,,,,,,,,,,,,,,,,,,,,,,,,,,,,,,,,,,,,,,0.0,0.0,0.0,,,,,,,,,,,,,,,,,,,,,,,,,,,,,,,,,,,,-18.421,-0.081,121.237,0.361,,,,,,,,,,,,,,,,,,,,,,,,,,,,,,,,,,,,,,,
Bolivia,1942,BOL,2987236,7873580032.0,,,,,,,,,,,,,,,,,,,,,,,,,,,,,,,,,,,,,,,,,,,,0.0,0.0,0.0,,,,,,,,,,,,,,,,,,,,,,,,,,,,,,,,,,,,29.032,0.105,155.729,0.465,,,,,,,,,,,,,,,,,,,,,,,,,,,,,,,,,,,,,,,
Bolivia,1943,BOL,2995573,8137769984.0,,,,,,,,,,,,,,,,,,,,,,,,,,,,,,,,,,,,,,,,,,,,0.0,0.0,0.0,,,,,,,,,,,,,,,,,,,,,,,,,,,,,,,,,,,,10.0,0.047,170.825,0.512,,,,,,,,,,,,,,,,,,,,,,,,,,,,,,,,,,,,,,,
Bolivia,1944,BOL,3003934,8135496192.0,,,,,,,,,,,,,,,,,,,,,,,,,,,,,,,,,,,,,,,,,,,,0.0,0.0,0.0,,,,,,,,,,,,,,,,,,,,,,,,,,,,,,,,,,,,-6.818,-0.035,158.735,0.477,,,,,,,,,,,,,,,,,,,,,,,,,,,,,,,,,,,,,,,
Bolivia,1945,BOL,3012318,8453100032.0,,,,,,,,,,,,,,,,,,,,,,,,,,,,,,,,,,,,,,,,,,,,0.0,0.0,0.0,,,,,,,,,,,,,,,,,,,,,,,,,,,,,,,,,,,,21.951,0.105,193.041,0.581,,,,,,,,,,,,,,,,,,,,,,,,,,,,,,,,,,,,,,,
Bolivia,1946,BOL,3020725,8334752768.0,,,,,,,,,,,,,,,,,,,,,,,,,,,,,,,,,,,,,,,,,,,,0.0,0.0,0.0,,,,,,,,,,,,,,,,,,,,,,,,,,,,,,,,,,,,-6.0,-0.035,180.953,0.547,,,,,,,,,,,,,,,,,,,,,,,,,,,,,,,,,,,,,,,
Bolivia,1947,BOL,3029156,8156051968.0,,,,,,,,,,,,,,,,,,,,,,,,,,,,,,,,,,,,,,,,,,,,0.0,0.0,0.0,,,,,,,,,,,,,,,,,,,,,,,,,,,,,,,,,,,,4.255,0.023,188.128,0.57,,,,,,,,,,,,,,,,,,,,,,,,,,,,,,,,,,,,,,,
Bolivia,1948,BOL,3037611,8811650048.0,,,,,,,,,,,,,,,,,,,,,,,,,,,,,,,,,,,,,,,,,,,,0.0,0.0,0.0,,,,,,,,,,,,,,,,,,,,,,,,,,,,,,,,,,,,22.449,0.128,229.72,0.698,,,,,,,,,,,,,,,,,,,,,,,,,,,,,,,,,,,,,,,
Bolivia,1949,BOL,3057744,9199672320.0,,,,,,,,,,,,,,,,,,,,,,,,,,,,,,,,,,,,,,,,,,,,0.0,0.0,0.0,,,,,,,,,,,,,,,,,,,,,,,,,,,,,,,,,,,,46.667,0.326,334.704,1.023,,,,,,,,,,,,,,,,,,,,,,,,,,,,,,,,,,,,,,,
Bolivia,1950,BOL,3089847,8328510464.0,,,,,,,,,,,,,,,,,,,,,,,,,,,,,,,,,,,,,,,,,,,,0.0,0.0,0.0,,,,,,,,,,,,,,,,,,,,,,,,,,,,,,,,,,,,-5.682,-0.058,312.407,0.965,,,,,,,,,,,,,,,,,,,,,,,,,,,,,,,,,,,,,,,
Bolivia,1951,BOL,3136898,9061147648.0,,,,,,,,,,,,,,,,,,,,,,,,,,,,,,,,,,,,,,,,,,,,0.0,0.0,0.0,,,,,,,,,,,,,,,,,,,,,,,,,,,,,,,,,,,,-18.072,-0.174,252.109,0.791,,,,,,,,,,,,,,,,,,,,,,,,,,,,,,,,,,,,,,,
Bolivia,1952,BOL,3186940,9333291008.0,,,,,,,,,,,,,,,,,,,,,,,,,,,,,,,,,,,,,,,,,,,,0.0,0.0,0.0,,,,,,,,,,,,,,,,,,,,,,,,,,,,,,,,,,,,-1.471,-0.012,244.501,0.779,,,,,,,,,,,,,,,,,,,,,,,,,,,,,,,,,,,,,,,
Bolivia,1953,BOL,3240447,8449113088.0,,,,,,,,,,,,,,,,,,,,,,,,,,,,,,,,,,,,,,,,,,,,0.0,0.0,0.0,,,,,,,,,,,,,,,,,,,,,,,,,,,,,,,,,,,,16.418,0.128,279.943,0.907,,,,,,,,,,,,,,,,,,,,,,,,,,,,,,,,,,,,,,,
Bolivia,1954,BOL,3297552,8628764672.0,,,,,,,,,,,,,,,,,,,,,,,,,,,,,,,,,,,,,,,,,,,,0.0,0.0,0.0,,,,,,,,,,,,,,,,,,,,,,,,,,,,,,,,,,,,183.333,1.663,779.436,2.57,,,,,,,,,,,,,,,,,,,,,,,,,,,,,,,,,,,,,,,
Bolivia,1955,BOL,3357924,9081515008.0,,,,,,,,,,,,,,,,,,,,,,,,,,,,,,,,,,,,,,,,,,,,0.063,18.7,0.063,,,,,,,,,,,,,,,,,,,,,,,,,,,,,,,,,,,,58.824,1.512,1215.671,4.082,,,,,,,,,,,,,,,,,,,,,,,,,,,,,,,,,,,,,,,
Bolivia,1956,BOL,3421571,8543092736.0,,,,,,,,,,,,,,,,,,,,,,,,,,,,,,,,,,,,,,,,,,,16.667,0.01,21.411,0.073,,,,,,,,,,,,,,,,,,,,,,,,,,,,,,,,,,,,18.803,0.768,1417.393,4.85,,,,,,,,,,,,,,,,,,,,,,,,,,,,,,,,,,,,,,,
Bolivia,1957,BOL,3488300,8263801856.0,,,,,,,,,,,,,,,,,,,,,,,,,,,,,,,,,,,,,,,,,,,14.286,0.01,24.002,0.084,,,,,,,,,,,,,,,,,,,,,,,,,,,,,,,,,,,,11.751,0.57,1553.645,5.42,,,,,,,,,,,,,,,,,,,,,,,,,,,,,,,,,,,,,,,
Bolivia,1958,BOL,3558669,8458587136.0,,,,,,,,,,,,,,,,,,,,,,,,,,,,,,,,,,,,,,,,,,,-25.0,-0.021,17.645,0.063,,,,,,,,,,,,,,,,,,,,,,,,,,,,,,,,,,,,-3.863,-0.209,1464.098,5.21,,,,,,,,,,,,,,,,,,,,,,,,,,,,,,,,,,,,,,,
Bolivia,1959,BOL,3632170,8431187456.0,,,,,,,,,,,,,,,,,,,,,,,,,,,,,,,,,,,,,,,,,,,16.667,0.01,20.17,0.073,,,,,,,,,,,,,,,,,,,,,,,,,,,,,,,,,,,,-7.812,-0.407,1322.402,4.803,,,,,,,,,,,,,,,,,,,,,,,,,,,,,,,,,,,,,,,
Bolivia,1960,BOL,3707520,8791226368.0,,,,,,,,,,,,,,,,,,,,,,,,,,,,,,,,,,,,,,,,,,,-14.286,-0.01,16.937,0.063,,,,,,,,,,,,,,,,,,,,,,,,,,,,,,,,,,,,12.833,0.616,1461.78,5.42,,,,,,,,,,,,,,,,,,,,,,,,,,,,,,,,,,,,,,,
Bolivia,1961,BOL,3784750,8975158272.0,,,,,,,,,,,,,,,,,,,,,,,,,,,,,,,,,,,,,,,,,,,733.333,0.46,138.262,0.523,,,,,,,,,,,,,,,,,,,,,,,,,,,,,,,,,,,,-16.309,-0.884,1198.415,4.536,,,,,,,,,,,,,,,,,,,,,,,,,,,,,,,,,,,,,,,
Bolivia,1962,BOL,3864143,9473567744.0,,,,,,,,,,,,,,,,,,,,,,,,,,,,,,,,,,,,,,,,,,,14.0,0.073,154.38,0.597,,,,,,,,,,,,,,,,,,,,,,,,,,,,,,,,,,,,-6.667,-0.302,1095.539,4.233,,,,,,,,,,,,,,,,,,,,,,,,,,,,,,,,,,,,,,,
Bolivia,1963,BOL,3945728,10084080640.0,,,,,,,,,,,,,,,,,,,,,,,,,,,,,,,,,,,,,,,,,,,-5.263,-0.031,143.23,0.565,,,,,,,,,,,,,,,,,,,,,,,,,,,,,,,,,,,,21.703,0.919,1305.739,5.152,,,,,,,,,,,,,,,,,,,,,,,,,,,,,,,,,,,,,,,
Bolivia,1964,BOL,4029474,10573263872.0,,,,,,,,,,,,,,,,,,,,,,,,,,,,,,,,,,,,,,,,,,,57.407,0.324,220.77,0.89,,,,,,,,,,,,,,,,,,,,,,,,,,,,,,,,,,,,-3.386,-0.174,1235.308,4.978,,,,,,,,,,,,,,,,,,,,,,,,,,,,,,,,,,,,,,,
Bolivia,1965,BOL,4115514,11093693440.0,,,,,,,,,,,,,,,,,,,,,,,,,,,,,,,,,,,,,,,,,,,-5.882,-0.052,203.439,0.837,,,,,,,,,,,,,,,,,,,,,,,,,,,,,,,,,,,,2.336,0.116,1237.741,5.094,,,,,,,,,,,,,,,,,,,,,,,,,,,,,,,,,,,,,,,
Bolivia,1966,BOL,4204072,11891658752.0,,,,,,,,,,,,,,,,,,,,,,,,,,,,,,,,,,,,,,,,,,,16.25,0.136,231.516,0.973,,,,,,,,,,,,,,,,,,,,,,,,,,,,,,,,,,,,81.05,4.129,2193.728,9.223,,,,,,,,,,,,,,,,,,,,,,,,,,,,,,,,,,,,,,,
Bolivia,1967,BOL,4295273,12635159552.0,,,,,,,,,,,,,,,,,,,,,,,,,,,,,,,,,,,,,,,,,,,-2.151,-0.021,221.727,0.952,,,,,,,,,,,,,,,,,,,,,,,,,,,,,,,,,,,,138.84,12.805,5128.247,22.027,,,,,,,,,,,,,,,,,,,,,,,,,,,,,,,,,,,,,,,
Bolivia,1968,BOL,4389247,13716874240.0,,,,,,,,,,,,,,,,,,,,,,,,,,,,,,,,,,,,,,,,,,,-16.484,-0.157,181.214,0.795,,,,,,,,,,,,,,,,,,,,,,,,,,,,,,,,,,,,3.168,0.698,5177.43,22.725,,,,,,,,,,,,,,,,,,,,,,,,,,,,,,,,,,,,,,,
Bolivia,1969,BOL,4486107,14329906176.0,,,,,,,,,,,,,,,,,,,,,,,,,,,,,,,,,,,,,,,,,,,46.053,0.366,258.954,1.162,,,,,,,,,,,,,,,,,,,,,,,,,,,,,,,,,,,,-3.992,-0.907,4863.433,21.818,,,,,,,,,,,,,,,,,,,,,,,,,,,,,,,,,,,,,,,
Bolivia,1970,BOL,4585696,15077029888.0,,,,,,,,,,,,,,,,,,,,,,,,,,,,,,,,,,,,,,,,,,,-63.96,-0.743,91.301,0.419,,,,,,,,,,,,,,,,,,,,,,,,,,,,,,,,,,,,-40.192,-8.769,2845.557,13.049,,,,,,,,,,,,,,,,,,,,,,,,,,,,,,,,,,,,,,,
Bolivia,1971,BOL,4688273,15649304576.0,,,,,,,,,,,,,,,,,,,,,,,,,,,,,,,,,,,,,,,,,,,0.0,0.0,89.304,0.419,,,,,,,,,,,,,,,,,,,,,,,,,,,,,,,,,,,,52.406,6.838,4241.925,19.887,,,,,,,,,,,,,,,,,,,,,,,,,,,,,,,,,,,,,,,
Bolivia,1972,BOL,4793809,16446270464.0,,,,,,,,,,,,,,,,,,,,,,,,,,,,,,,,,,,,,,,,,,,2566.667,10.746,2329.004,11.165,,,,,,,,,,,,,,,,,,,,,,,,,,,,,,,,,,,,18.772,3.733,4927.299,23.621,,,,,,,,,,,,,,,,,,,,,,,,,,,,,,,,,,,,,,,
Bolivia,1973,BOL,4902250,17582471168.0,,,,,,,,,,,,,,,,,,,,,,,,,,,,,,,,,,,,,,,,,,,54.167,6.048,3511.122,17.212,,,,,,,,,,,,,,,,,,,,,,,,,,,,,,,,,,,,8.124,1.919,5209.747,25.539,,,,,,,,,,,,,,,,,,,,,,,,,,,,,,,,,,,,,,,
Bolivia,1974,BOL,5013765,18484709376.0,,,,,,,,,,,,,,,,,,,,,,,,,,,,,,,,,,,,,,,,,,,4.662,0.802,3593.082,18.015,,,,,,,,,,,,,,,,,,,,,,,,,,,,,,,,,,,,-3.825,-0.977,4899.025,24.563,,,,,,,,,,,,,,,,,,,,,,,,,,,,,,,,,,,,,,,
Bolivia,1975,BOL,5127783,19706406912.0,,,,,,,,,,,,,,,,,,,,,,,,,,,,,,,,,,,,,,,,,,,-1.42,-0.256,3463.292,17.759,,,,,,,,,,,,,,,,,,,,,,,,,,,,,,,,,,,,-11.269,-2.768,4250.301,21.795,,,,,,,,,,,,,,,,,,,,,,,,,,,,,,,,,,,,,,,
Bolivia,1976,BOL,5244361,20908283904.0,,,,,,,,,,,,,,,,,,,,,,,,,,,,,,,,,,,,,,,,,,,3.078,0.547,3490.534,18.306,,,,,,,,,,,,,,,,,,,,,,,,,,,,,,,,,,,,0.854,0.186,4191.302,21.981,,,,,,,,,,,,,,,,,,,,,,,,,,,,,,,,,,,,,,,
Bolivia,1977,BOL,5363918,21786902528.0,,,,,,,,,,,,,,,,,,,,,,,,,,,,,,,,,,,,,,,,,,,5.527,1.012,3601.366,19.317,,,,,,,,,,,,,,,,,,,,,,,,,,,,,,,,,,,,-14.709,-3.233,3495.124,18.748,,,,,,,,,,,,,,,,,,,,,,,,,,,,,,,,,,,,,,,
Bolivia,1978,BOL,5486139,22525603840.0,,,,,,,,,,,,,,,,,,,,,,,,,,,,,,,,,,,,,,,,,,,-1.445,-0.279,3470.256,19.038,,,,,,,,,,,,,,,,,,,,,,,,,,,,,,,,,,,,-6.576,-1.233,3192.551,17.515,,,,,,,,,,,,,,,,,,,,,,,,,,,,,,,,,,,,,,,
Bolivia,1979,BOL,5610389,22517149696.0,,,,,,,,,,,,,,,,,,,,,,,,,,,,,,,,,,,,,,,,,,,9.346,1.779,3710.562,20.818,,,,,,,,,,,,,,,,,,,,,,,,,,,,,,,,,,,,-14.077,-2.466,2682.385,15.049,,,,,,,,,,,,,,,,,,,,,,,,,,,,,,,,,,,,,,,
Bolivia,1980,BOL,5736092,22309322752.0,,,,,,,,,,,,,,,,,,0.0,0.0,,,,,,,,3808.848,0.979,,,,,,,,,,,,,,,22.626,4.71,4450.391,25.528,,,,,,,,,,,,,,,,,,,,,,,,,,,,,,,,,,,,22.088,3.324,3203.092,18.373,,,,,,,,,,,,,,,21.848,,,,,,,,,,,,,,,,,,,,,,,,
Bolivia,1981,BOL,5862996,22513608704.0,,,,,,,,,,,,,,,,,0.0,0.0,0.0,,,,,,14.735,3.219,4275.483,1.113,,,,,,,,,,,,,,,6.651,1.698,4643.672,27.226,,,,,,,,,,,,,,,,,,,,,,,,,,,,,,,,,,,,-18.915,-3.475,2541.021,14.898,,,,,,,,,,,,,,,25.067,,,,,,,,,,,,,,,,,,,,,,,,
Bolivia,1982,BOL,5991117,21530726400.0,,,,,,,,,,,,,,,,,0.0,0.0,0.0,,,,,,-12.931,-3.241,3643.002,1.014,,,,,,,,,,,,,,,3.716,1.012,4713.251,28.238,,,,,,,,,,,,,,,,,,,,,,,,,,,,,,,,,,,,13.939,2.077,2833.302,16.975,,,,,,,,,,,,,,,21.826,,,,,,,,,,,,,,,,,,,,,,,,
Bolivia,1983,BOL,6120628,20568700928.0,,,,,,,,,,,,,,,,,0.0,0.0,0.0,,,,,,3.896,0.85,3704.841,1.102,,,,,,,,,,,,,,,-3.995,-1.128,4429.207,27.11,,,,,,,,,,,,,,,,,,,,,,,,,,,,,,,,,,,,-7.031,-1.194,2578.342,15.781,,,,,,,,,,,,,,,22.676,,,,,,,,,,,,,,,,,,,,,,,,
Bolivia,1984,BOL,6251924,20775917568.0,,,,,,,,,,,,,,,,,0.0,0.0,0.0,,,,,,-3.59,-0.814,3496.816,1.052,,,,,,,,,,,,,,,-3.818,-1.035,4170.629,26.074,,,,,,,,,,,,,,,,,,,,,,,,,,,,,,,,,,,,-3.51,-0.554,2435.598,15.227,,,,,,,,,,,,,,,21.862,,,,,,,,,,,,,,,,,,,,,,,,
Bolivia,1985,BOL,6385634,20629833728.0,,,,,,,,,,,,,,,,,0.0,0.0,0.0,,,,,,-9.975,-2.181,3082.092,0.954,,,,,,,,,,,,,,,-0.892,-0.233,4046.875,25.842,,,,,,,,,,,,,,,,,,,,,,,,,,,,,,,,,,,,-4.201,-0.64,2284.425,14.588,,,,,,,,,,,,,,,19.681,,,,,,,,,,,,,,,,,,,,,,,,
Bolivia,1986,BOL,6521990,19972702208.0,,,,,,,,,,,,,,,,,0.0,0.0,0.0,,,,,,1.518,0.299,3063.462,1.0,,,,,,,,,,,,,,,1.845,0.477,4035.377,26.319,,,,,,,,,,,,,,,,,,,,,,,,,,,,,,,,,,,,-11.197,-1.633,1986.22,12.954,,,,,,,,,,,,,,,19.98,,,,,,,,,,,,,,,,,,,,,,,,
Bolivia,1987,BOL,6661432,20500709376.0,,,,,,,,,,,,,,,,,0.0,0.0,0.0,,,,,,-1.665,-0.333,2949.407,0.958,,,,,,,,,,,,,,,4.596,1.21,4132.476,27.528,,,,,,,,,,,,,,,,,,,,,,,,,,,,,,,,,,,,1.201,0.156,1967.996,13.11,,,,,,,,,,,,,,,19.647,,,,,,,,,,,,,,,,,,,,,,,,
Bolivia,1988,BOL,6804076,21274793984.0,,,,,,,,,,,,,,,,,0.0,0.0,0.0,,,,,,14.875,2.922,3317.092,1.061,,,,,,,,,,,,,,,5.703,1.57,4276.592,29.098,,,,,,,,,,,,,,,,,,,,,,,,,,,,,,,,,,,,3.641,0.477,1996.883,13.587,,,,,,,,,,,,,,,22.57,,,,,,,,,,,,,,,,,,,,,,,,
Bolivia,1989,BOL,6949147,21890043904.0,,,,,,,,,,,,,,,,,0.0,0.0,0.0,,,,,,13.298,3.001,3679.752,1.168,,,,,,,,,,,,,,,5.476,1.593,4416.595,30.692,,,,,,,,,,,,,,,,,,,,,,,,,,,,,,,,,,,,4.119,0.56,2035.733,14.147,,,,,,,,,,,,,,,25.571,,,,,,,,,,,,,,,,,,,,,,,,
Bolivia,1990,BOL,7096195,23021797376.0,,,,,,,,,,,,,,,,,0.0,0.0,0.0,,,,,,5.737,1.467,3810.216,1.174,,,,,,,,,,,,,,,2.198,0.675,4420.131,31.366,,,,,,,,,,,,,,,,,,,,,,,,,,,,,,,,,,,,4.219,0.597,2077.647,14.743,,,,,,,,,,,,,,,27.038,,,,,,,,,,,,,,,,,,,,,,,,
Bolivia,1991,BOL,7244896,24301006848.0,,,,,,,,,,,,,,,,,0.0,0.0,0.0,,,,,,-1.6,-0.433,3672.283,1.095,,,,,,,,,,,,,,,-0.593,-0.186,4303.724,31.18,,,,,,,,,,,,,,,,,,,,,,,,,,,,,,,,,,,,0.0,0.0,2035.004,14.743,,,,,,,,,,,,,,,26.605,,,,,,,,,,,,,,,,,,,,,,,,
Bolivia,1992,BOL,7394417,24762218496.0,,,,,,,,,,,,,,,,,0.0,0.0,0.0,,,,,,7.977,2.122,3885.046,1.16,,,,,,,,,,,,,,,-9.201,-2.869,3828.731,28.311,,,,,,,,,,,,,,,,,,,,,,,,,,,,,,,,,,,,6.59,0.972,2125.24,15.715,,,,,,,,,,,,,,,28.728,,,,,,,,,,,,,,,,,,,,,,,,
Bolivia,1993,BOL,7544494,25891375104.0,,,,,,,,,,,,,,,,,0.0,0.0,0.0,,,,,,-1.341,-0.385,3756.717,1.095,,,,,,,,,,,,,,,-0.227,-0.064,3744.033,28.247,,,,,,,,,,,,,,,,,,,,,,,,,,,,,,,,,,,,3.524,0.554,2156.375,16.269,,,,,,,,,,,,,,,28.343,,,,,,,,,,,,,,,,,,,,,,,,
Bolivia,1994,BOL,7693728,27164993536.0,,,,,,,,,,,,,,,,,0.0,0.0,0.0,,,,,,11.696,3.315,4114.723,1.165,,,,,,,,,,,,,,,7.829,2.211,3958.836,30.458,,,,,,,,,,,,,,,,,,,,,,,,,,,,,,,,,,,,4.755,0.774,2215.105,17.042,,,,,,,,,,,,,,,31.658,,,,,,,,,,,,,,,,,,,,,,,,
Bolivia,1995,BOL,7841471,28507105280.0,,,,,,,,,,,,,,,,,0.0,0.0,0.0,,,,,,14.598,4.621,4626.537,1.273,,,,,,,,,,,,,,,-0.081,-0.025,3881.117,30.434,,,,,,,,,,,,,,,,,,,,,,,,,,,,,,,,,,,,15.067,2.568,2500.828,19.61,,,,,,,,,,,,,,,36.279,,,,,,,,,,,,,,,,,,,,,,,,
Bolivia,1996,BOL,7989373,29832024064.0,,,,,,,,,,,,,,,,,0.0,0.0,0.0,,,,,,-2.045,-0.742,4448.006,1.191,,,,,,,,,,,,,,,0.984,0.299,3846.749,30.733,,,,,,,,,,,,,,,,,,,,,,,,,,,,,,,,,,,,7.197,1.411,2631.174,21.021,,,,,,,,,,,,,,,35.537,,,,,,,,,,,,,,,,,,,,,,,,
Bolivia,1997,BOL,8137627,31392651264.0,,,,,,,,,,,,,,,,,0.0,0.0,0.0,,,,,,12.153,4.319,4897.691,1.27,,,,,,,,,,,,,,,-15.712,-4.829,3183.293,25.904,,,,,,,,,,,,,,,,,,,,,,,,,,,,,,,,,,,,-0.671,-0.141,2565.908,20.88,,,,,,,,,,,,,,,39.856,,,,,,,,,,,,,,,,,,,,,,,,
Bolivia,1998,BOL,8286930,33052112896.0,,,,,,,,,,,,,,,,,0.0,0.0,0.0,,,,,,-7.242,-2.886,4461.145,1.119,,,,,,,,,,,,,,,4.442,1.151,3264.78,27.055,,,,,,,,,,,,,,,,,,,,,,,,,,,,,,,,,,,,18.246,3.81,2979.418,24.69,,,,,,,,,,,,,,,36.969,,,,,,,,,,,,,,,,,,,,,,,,
Bolivia,1999,BOL,8439057,33277726720.0,,,,,,,,,,,,,,,,,0.0,0.0,0.0,,,,,,12.332,4.559,4920.966,1.248,,,,,,,,,,,,,,,-19.482,-5.271,2581.338,21.784,,,,,,,,,,,,,,,,,,,,,,,,,,,,,,,,,,,,-10.357,-2.557,2622.695,22.133,,,,,,,,,,,,,,,41.528,,,,,,,,,,,,,,,,,,,,,,,,
Bolivia,2000,BOL,8592656,34202658816.0,,,,,12.802,0.11,2.918,,265.252,,,,,0.0,0.0,,0.0,0.0,0.0,0.0,,3.79,3.77,,4.959,2.059,5072.653,1.274,,,199.007,1.71,,,45.358,,,,,150.128,1.29,,43.334,9.44,3633.804,31.224,34.218,,1.0,,,,226.938,1.95,,51.724,,,,,239.74,2.06,,54.642,,0.02,0.528,,,,0.0,0.0,,0.0,,,,,48.879,0.42,,-2.997,-0.663,2498.606,21.47,11.141,,,0.11,0.0,,,12.802,0.0,,2.918,0.0,,438.747,43.588,,,,239.74,2.06,,54.642,,,,,0.0,0.0,,0.0,,,,,0.0,0.0,,0.0,
Bolivia,2001,BOL,8746087,34862903296.0,,,,,11.434,0.1,2.597,,249.351,,,,,0.0,0.0,,0.0,0.0,0.0,0.0,,3.86,3.85,,-14.423,-6.287,4264.886,1.07,,,187.512,1.64,,,42.597,,,,,140.634,1.23,,45.628,14.247,5199.005,45.471,31.948,,0.96,,,,241.251,2.11,,54.805,,,,,252.684,2.21,,57.403,,0.01,0.259,,,,0.0,0.0,,0.0,,,,,46.878,0.41,,11.683,2.508,2741.555,23.978,10.649,,,0.1,0.0,,,11.434,0.0,,2.597,0.0,,440.197,37.301,,,,252.684,2.21,,57.403,,,,,0.0,0.0,,0.0,,,,,0.0,0.0,,0.0,
Bolivia,2002,BOL,8900591,35825102848.0,,,,,12.359,0.11,2.716,,256.79,,,,,0.0,0.0,,0.0,0.0,0.0,0.0,,4.06,4.05,,9.075,3.385,4571.173,1.136,,,197.74,1.76,,,43.457,,,,,144.934,1.29,,28.122,12.788,6545.459,58.258,31.852,,1.04,,,,244.928,2.18,,53.827,,,,,257.286,2.29,,56.543,,0.01,0.246,,,,0.0,0.0,,0.0,,,,,52.805,0.47,,3.094,0.742,2777.317,24.72,11.605,,,0.11,0.0,,,12.359,0.0,,2.716,0.0,,455.026,40.686,,,,257.286,2.29,,56.543,,,,,0.0,0.0,,0.0,,,,,0.0,0.0,,0.0,
Bolivia,2003,BOL,9057386,36884889600.0,,,,,14.353,0.13,3.118,,285.372,,,,,0.0,0.0,,0.0,0.0,0.0,0.0,,4.18,4.17,,34.434,14.01,6038.837,1.483,,,228.543,2.07,,,49.64,,,,,174.443,1.58,,14.926,8.695,7392.186,66.954,37.89,,1.19,,,,217.502,1.97,,47.242,,,,,231.855,2.1,,50.36,,0.01,0.239,,,,0.0,0.0,,0.0,,,,,54.099,0.49,,-9.875,-2.441,2459.739,22.279,11.751,,,0.13,0.0,,,14.353,0.0,,3.118,0.0,,460.398,54.696,,,,231.855,2.1,,50.36,,,,,0.0,0.0,,0.0,,,,,0.0,0.0,,0.0,
Bolivia,2004,BOL,9216282,38524473344.0,,,,,39.061,0.36,8.257,,268.349,,,,,0.0,0.0,,0.0,0.0,0.0,0.0,,4.36,4.36,,3.71,2.029,6154.922,1.472,,,202.902,1.87,,,42.89,,,,,143.225,1.32,,40.692,27.245,10220.911,94.199,30.275,,1.17,,,,231.113,2.13,,48.853,,,,,270.174,2.49,,57.11,,0.0,0.0,,,,0.0,0.0,,0.0,,,,,59.677,0.55,,47.465,10.575,3564.709,32.853,12.615,,,0.36,0.0,,,39.061,0.0,,8.257,0.0,,473.076,56.726,,,,270.174,2.49,,57.11,,,,,0.0,0.0,,0.0,,,,,0.0,0.0,,0.0,
Bolivia,2005,BOL,9377395,40332390400.0,,,,,46.921,0.44,9.382,,304.904,,,,,0.0,0.0,,0.0,0.0,0.0,0.0,,4.69,4.69,,-2.031,-1.152,5926.305,1.378,,,246.337,2.31,,,49.254,,,,,173.822,1.63,,23.373,22.017,12393.188,116.216,34.755,,1.43,,,,206.88,1.94,,41.365,,,,,253.802,2.38,,50.746,,0.0,0.0,,,,0.0,0.0,,0.0,,,,,72.515,0.68,,2.761,0.907,3600.189,33.76,14.499,,,0.44,0.0,,,46.921,0.0,,9.382,0.0,,500.139,55.573,,,,253.802,2.38,,50.746,,,,,0.0,0.0,,0.0,,,,,0.0,0.0,,0.0,
Bolivia,2006,BOL,9542663,42381266944.0,,,,,48.205,0.46,9.055,,303.15,,,,,0.0,0.0,,0.0,0.0,0.0,0.0,,5.08,5.08,,10.071,5.597,6410.186,1.443,,,259.886,2.48,,,48.819,,,,,177.099,1.69,,7.088,8.237,13041.739,124.453,33.268,,1.54,,,,224.256,2.14,,42.126,,,,,272.461,2.6,,51.181,,0.0,0.0,,,,0.0,0.0,,0.0,,,,,82.786,0.79,,-2.93,-0.989,3434.17,32.771,15.551,,,0.46,0.0,,,48.205,0.0,,9.055,0.0,,532.346,61.17,,,,272.461,2.6,,51.181,,,,,0.0,0.0,,0.0,,,,,0.0,0.0,,0.0,
Bolivia,2007,BOL,9711155,44428664832.0,,,,,81.35,0.79,14.338,,284.936,,,,,0.0,0.0,,0.0,0.0,0.0,0.0,,5.51,5.51,,7.446,4.555,6767.981,1.479,,,249.198,2.42,,,43.92,,,,,180.205,1.75,,7.11,8.849,13726.681,133.302,31.76,,1.57,,,,236.841,2.3,,41.742,,,,,318.191,3.09,,56.08,,0.0,0.0,,,,0.0,0.0,,0.0,,,,,68.993,0.67,,1.197,0.392,3414.974,33.163,12.16,,,0.79,0.0,,,81.35,0.0,,14.338,0.0,,567.389,65.725,,,,318.191,3.09,,56.08,,,,,0.0,0.0,,0.0,,,,,0.0,0.0,,0.0,
Bolivia,2008,BOL,9880593,47276900352.0,,,,,82.991,0.82,14.669,,286.225,,,,,0.0,0.0,,0.0,0.0,0.0,0.0,,5.59,5.59,,2.642,1.736,6827.641,1.427,,,250.997,2.48,,,44.365,,,,,183.187,1.81,,3.465,4.618,13958.694,137.92,32.379,,1.6,,,,231.767,2.29,,40.966,,,,,314.758,3.11,,55.635,,0.0,0.0,,,,0.0,0.0,,0.0,,,,,67.81,0.67,,-17.599,-5.836,2765.73,27.327,11.986,,,0.82,0.0,,,82.991,0.0,,14.669,0.0,,565.756,67.461,,,,314.758,3.11,,55.635,,,,,0.0,0.0,,0.0,,,,,0.0,0.0,,0.0,
Bolivia,2009,BOL,10051322,48987066368.0,,,,,87.551,0.88,14.915,,300.0,,,,,0.0,0.0,,0.0,0.0,0.0,0.0,,5.9,5.9,,-1.443,-0.973,6614.823,1.357,,,273.596,2.75,,,46.61,,,,,193.009,1.94,,-13.852,-19.104,11820.917,118.816,32.881,,1.77,,,,225.841,2.27,,38.475,,,,,313.392,3.15,,53.39,,0.0,0.0,,,,0.0,0.0,,0.0,,,,,80.586,0.81,,-10.718,-2.929,2427.347,24.398,13.729,,,0.88,0.0,,,87.551,0.0,,14.915,0.0,,586.987,66.488,,,,313.392,3.15,,53.39,,,,,0.0,0.0,,0.0,,,,,0.0,0.0,,0.0,
Bolivia,2010,BOL,10223277,51147223040.0,,,,,100.75,1.03,15.994,,324.534,,,,,0.0,0.0,,0.0,0.0,0.0,0.0,,6.44,6.44,,1.467,0.976,6598.983,1.319,,,317.902,3.25,,,50.466,,,,,223.02,2.28,,15.427,18.329,13414.977,137.145,35.404,,2.09,,,,211.283,2.16,,33.54,,,,,312.033,3.19,,49.534,,0.0,0.0,,,,0.0,0.0,,0.0,,,,,94.882,0.97,,3.997,0.975,2481.908,25.373,15.062,,,1.03,0.0,,,100.75,0.0,,15.994,0.0,,629.935,67.463,,,,312.033,3.19,,49.534,,,,,0.0,0.0,,0.0,,,,,0.0,0.0,,0.0,
Bolivia,2011,BOL,10396249,53942697984.0,,,,,107.731,1.12,16.303,,321.689,,,,,0.0,0.0,,0.0,0.0,0.0,0.0,,6.87,6.87,,3.505,2.364,6716.623,1.294,,,329.927,3.43,,,49.927,,,,,238.548,2.48,,9.621,13.195,14460.986,150.34,36.099,,2.21,,,,223.157,2.32,,33.77,,,,,330.889,3.44,,50.073,,0.0,0.0,,,,0.0,0.0,,0.0,,,,,91.379,0.95,,2.938,0.746,2512.33,26.119,13.828,,,1.12,0.0,,,107.731,0.0,,16.303,0.0,,660.815,69.828,,,,330.889,3.44,,50.073,,,,,0.0,0.0,,0.0,,,,,0.0,0.0,,0.0,
Bolivia,2012,BOL,10569697,56708206592.0,,,,,72.85,0.77,10.519,,334.699,,,,,0.0,0.0,,0.0,0.0,0.0,0.0,,7.32,7.32,,18.656,13.027,7838.919,1.461,,,399.255,4.22,,,57.65,,,,,337.758,3.57,,12.142,18.255,15950.764,168.595,48.77,,2.45,,,,220.441,2.33,,31.831,,,,,293.291,3.1,,42.35,,0.0,0.0,,,,0.0,0.0,,0.0,,,,,61.497,0.65,,15.699,4.1,2859.047,30.219,8.88,,,0.77,0.0,,,72.85,0.0,,10.519,0.0,,692.546,82.855,,,,293.291,3.1,,42.35,,,,,0.0,0.0,,0.0,,,,,0.0,0.0,,0.0,
Bolivia,2013,BOL,10743352,60559036416.0,,,,,67.018,0.72,9.412,,332.026,,,,,0.0,0.0,,0.0,0.0,0.0,0.0,,7.65,7.65,,1.316,1.09,7813.69,1.386,,,411.417,4.42,,,57.778,,,,,350.915,3.77,,16.108,27.157,18220.723,195.752,49.281,,2.54,,,,233.633,2.51,,32.81,,,,,300.651,3.23,,42.222,,0.0,0.0,,,,0.0,0.0,,0.0,,,,,60.503,0.65,,12.885,3.894,3175.26,34.113,8.497,,,0.72,0.0,,,67.018,0.0,,9.412,0.0,,712.068,83.945,,,,300.651,3.23,,42.222,,,,,0.0,0.0,,0.0,,,,,0.0,0.0,,0.0,
Bolivia,2014,BOL,10916991,63863336960.0,,,,,98.012,1.07,13.113,,343.137,,,,,0.0,0.0,,0.0,0.0,0.0,0.0,,8.16,8.16,,1.057,0.887,7770.678,1.328,,,443.346,4.84,,,59.314,,,,,390.217,4.26,,4.347,8.509,18710.307,204.26,52.206,,2.8,,,,204.269,2.23,,27.328,,,,,304.113,3.32,,40.686,,0.0,0.0,,,,0.0,0.0,,0.0,,,,,53.128,0.58,,5.755,1.963,3304.584,36.076,7.108,,,1.07,0.0,,,98.012,0.0,,13.113,0.0,,747.459,84.832,,,,304.113,3.32,,40.686,,,,,0.916,0.01,,0.123,,,,,0.916,0.01,,0.123,
Bolivia,2015,BOL,11090090,66965467136.0,,,,,105.5,1.17,13.557,,339.513,,,,,0.0,0.0,,0.0,0.0,0.0,0.0,,8.63,8.63,,4.827,4.095,8018.658,1.328,,,451.755,5.01,,,58.053,,,,,391.34,4.34,,-1.627,-3.324,18118.564,200.937,50.29,,2.93,,,,220.016,2.44,,28.273,,,,,326.418,3.62,,41.947,,0.0,0.0,,,,0.0,0.0,,0.0,,,,,60.414,0.67,,7.075,2.552,3483.147,38.628,7.764,,,1.17,0.0,,,105.5,0.0,,13.557,0.0,,778.172,88.928,,,,326.418,3.62,,41.947,,,,,0.0,0.0,,0.0,,,,,0.902,0.01,,0.116,
Bolivia,2016,BOL,11263016,69712117760.0,,,,,123.413,1.39,15.688,,376.975,,,,,0.0,0.0,,0.0,0.0,0.0,0.0,,8.86,8.86,,3.563,3.168,8176.835,1.321,,,507.857,5.72,,,64.56,,,,,434.164,4.89,,-5.943,-11.941,16780.145,188.995,55.192,,3.34,,,,150.936,1.7,,19.187,,,,,278.789,3.14,,35.44,,0.0,0.0,,,,0.0,0.0,,0.0,,,,,73.693,0.83,,5.45,2.105,3616.571,40.733,9.368,,,1.39,0.0,,,123.413,0.0,,15.688,0.0,,786.645,92.096,,,,278.789,3.14,,35.44,,,,,0.888,0.01,,0.113,,,,,3.551,0.04,,0.451,
Bolivia,2017,BOL,11435535,72636538880.0,,,,,115.43,1.32,14.395,,356.598,,,,,0.0,0.0,,,,,0.0,,9.17,9.17,,-1.43,-1.317,7938.303,1.25,,,487.078,5.57,,,60.742,,,,,405.753,4.64,,-1.619,-3.06,16259.401,185.935,50.6,,3.27,,,,193.257,2.21,,24.1,,,,,314.808,3.6,,39.258,,0.0,0.0,,,,0.0,0.0,,0.0,,,,,81.325,0.93,,0.0,,,,10.142,,,1.32,0.0,,,115.43,0.0,,14.395,0.0,,801.886,90.779,,,,314.808,3.6,,39.258,,,,,0.874,0.01,,0.109,,,,,5.247,0.06,,0.654,
Bolivia,2018,BOL,11606906,75704713216.0,,,,,122.341,1.42,15.074,,332.272,,,,,0.0,0.0,,,,,0.0,,9.42,9.42,,3.417,3.102,8088.342,1.24,,,449.732,5.22,,,55.414,,,,,379.946,4.41,,-6.788,-12.621,14932.009,173.314,46.815,,3.13,,,,223.143,2.59,,27.495,,,,,361.854,4.2,,44.586,,0.0,0.0,,,,0.0,0.0,,0.0,,,,,69.786,0.81,,0.0,,,,8.599,,,1.42,0.0,,,122.341,0.0,,15.074,0.0,,811.586,93.881,,,,361.854,4.2,,44.586,,,,,11.2,0.13,,1.38,,,,,5.169,0.06,,0.637,
Bolivia,2019,BOL,11777318,,,,,,61.134,0.72,7.207,,318.318,,,,,0.0,0.0,,,,,0.0,,9.99,9.99,,-0.855,-0.803,7903.12,,,,491.623,5.79,,,57.958,,,,,457.659,5.39,,-12.904,-22.365,12817.0,150.95,53.954,,3.18,,,,273.407,3.22,,32.232,,,,,356.618,4.2,,42.042,,0.0,0.0,,,,0.0,0.0,,0.0,,,,,33.964,0.4,,0.0,,,,4.004,,,0.72,0.0,,,61.134,0.0,,7.207,0.0,,848.241,93.078,,,,356.618,4.2,,42.042,,,,,16.133,0.19,,1.902,,,,,5.944,0.07,,0.701,
Bolivia,2020,BOL,11936169,,,,,,58.645,0.7,7.157,,322.086,,,,,0.0,0.0,,,,,0.0,,9.78,9.78,,-16.125,-15.009,6540.533,,,,481.729,5.75,,,58.793,,,,,448.218,5.35,,-2.662,-4.019,12309.758,146.931,54.703,,3.15,,,,246.31,2.94,,30.061,,,,,337.629,4.03,,41.207,,0.0,0.0,,,,0.0,0.0,,0.0,,,,,33.512,0.4,,0.0,,,,4.09,,,0.7,0.0,,,58.645,0.0,,7.157,0.0,,819.358,78.069,,,,337.629,4.03,,41.207,,,,,27.647,0.33,,3.374,,,,,5.027,0.06,,0.613,
Bolivia,2021,BOL,12079474,,,,,,52.155,0.63,5.949,,312.559,,,,,0.0,0.0,,,,,0.0,,10.59,10.59,,9.271,7.238,7062.148,,,,506.645,6.12,,,57.79,,,,,480.981,5.81,,3.107,4.566,12541.687,151.497,54.863,,3.31,,,,268.224,3.24,,30.595,,,,,370.049,4.47,,42.21,,0.0,0.0,,,,0.0,0.0,,0.0,,,,,25.663,0.31,,0.0,,,,2.927,,,0.63,0.0,,,52.155,0.0,,5.949,0.0,,876.694,85.307,,,,370.049,4.47,,42.21,,,,,38.909,0.47,,4.438,,,,,10.762,0.13,,1.228,
Bolivia,2022,BOL,12224114,,,,,,47.447,0.58,5.146,,323.869,,,,,0.0,0.0,,,,,0.0,,11.27,11.27,,,,,,,,559.55,6.84,,,60.692,,,,,534.19,6.53,,-11.545,-17.49,10962.543,134.007,57.941,,3.65,,,,235.6,2.88,,25.555,,,,,362.398,4.43,,39.308,,0.0,0.0,,,,0.0,0.0,,0.0,,,,,25.36,0.31,,0.0,,,,2.751,,,0.58,0.0,,,47.447,0.0,,5.146,0.0,,921.948,,,,,362.398,4.43,,39.308,,,,,40.085,0.49,,4.348,,,,,39.267,0.48,,4.259,
Bosnia and Herzegovina,1992,BIH,4275737,16213873664.0,,,,,,,,,,,,,,,,,,1492.047,6.38,,,,,,,,10196.318,2.689,,,,,,,,,,,,,,,,,55.26,0.236,,,,,,,,,,,,,,,,,,,,,,,,,,,,,,,,,,,,,,0.0,0.0,,,,,,,,,,,,,,,43.597,,,,,,,,,,,,,,,,,,,,,,,,
Bosnia and Herzegovina,1993,BIH,3942985,11076997120.0,,,,,,,,,,,,,,,,-13.333,-0.851,1402.233,5.529,,,,,,-27.765,-12.104,7986.918,2.843,,,,,,,,,,,,,,,-100.0,-0.236,0.0,0.0,,,,,,,,,,,,,,,,,,,,,,,,,,,,,,,,,,,,,0.0,0.0,0.0,,,,,,,,,,,,,,,31.492,,,,,,,,,,,,,,,,,,,,,,,,
Bosnia and Herzegovina,1994,BIH,3762334,11242947584.0,,,,,,,,,,,,,,,,7.692,0.425,1582.606,5.954,,,,,,5.197,1.637,8805.438,2.947,,,,,,,,,,,,,,,,0.0,0.0,0.0,,,,,,,,,,,,,,,,,,,,,,,,,,,,,,,,,,,,,0.0,0.0,0.0,,,,,,,,,,,,,,,33.129,,,,,,,,,,,,,,,,,,,,,,,,
Bosnia and Herzegovina,1995,BIH,3750528,11770818560.0,,,,,,,,,,,,,,,,17.143,1.021,1859.746,6.975,,,,,,65.809,21.802,14646.124,4.667,,,,,,,,,,,,,,,,9.247,2465.648,9.247,,,,,,,,,,,,,,,,,,,,,,,,,,,,,,,,,,,,,0.0,0.0,0.0,,,,,,,,,,,,,,,54.931,,,,,,,,,,,,,,,,,,,,,,,,
Bosnia and Herzegovina,1996,BIH,3907749,17934745600.0,,,,,,,,,,,,,,,,3.049,0.213,1839.34,7.188,,,,,,-37.796,-20.762,8743.871,1.905,,,,,,,,,,,,,,,-100.0,-9.247,0.0,0.0,,,,,,,,,,,,,,,,,,,,,,,,,,,,,,,,,,,,,0.0,0.0,0.0,,,,,,,,,,,,,,,34.169,,,,,,,,,,,,,,,,,,,,,,,,
Bosnia and Herzegovina,1997,BIH,4047756,21766901760.0,,,,,,,,,,,,,,,,222.663,16.004,5729.587,23.192,,,,,,42.648,14.572,12041.526,2.239,,,,,,,,,,,,,,,,0.0,0.0,0.0,,,,,,,,,,,,,,,,,,,,,,,,,,,,,,,,,,,,,0.0,0.0,0.0,,,,,,,,,,,,,,,48.741,,,,,,,,,,,,,,,,,,,,,,,,
Bosnia and Herzegovina,1998,BIH,4115062,24470433792.0,,,,,,,,,,,,,,,,29.012,6.728,7270.928,29.92,,,,,,18.1,8.822,13988.424,2.352,,,,,,,,,,,,,,,,0.0,0.0,0.0,,,,,,,,,,,,,,,,,,,,,,,,,,,,,,,,,,,,,0.0,0.0,0.0,,,,,,,,,,,,,,,57.563,,,,,,,,,,,,,,,,,,,,,,,,
Bosnia and Herzegovina,1999,BIH,4153006,26775072768.0,,,,,,,,,,,,,,,,-3.738,-1.119,6935.16,28.802,,,,,,1.44,0.829,14060.222,2.181,,,,,,,,,,,,,,,,0.0,0.0,0.0,,,,,,,,,,,,,,,,,,,,,,,,,,,,,,,,,,,,,0.0,0.0,0.0,,,,,,,,,,,,,,,58.392,,,,,,,,,,,,,,,,,,,,,,,,
Bosnia and Herzegovina,2000,BIH,4179355,27629668352.0,,,,,0.0,0.0,0.0,,420.896,,,,,1198.75,5.01,9.849,2.837,7570.201,31.639,49.851,,9.08,10.05,,10.758,6.282,15474.596,2.341,,,1198.75,5.01,,,49.851,,,,,0.0,0.0,,,0.0,0.0,0.0,0.0,,4.23,,,,1205.928,5.04,,50.149,,,,,1205.928,5.04,,50.149,,-0.97,-10.683,,,,0.0,0.0,,0.0,,,,,0.0,0.0,,,0.0,0.0,0.0,0.0,,,0.0,0.0,,,0.0,0.0,,0.0,0.0,,2404.677,64.674,,,,1205.928,5.04,,50.149,,,,,0.0,0.0,,0.0,,,,,0.0,0.0,,0.0,
Bosnia and Herzegovina,2001,BIH,4194941,27937523712.0,,,,,0.0,0.0,0.0,,422.027,,,,,1222.902,5.13,1.519,0.481,7656.64,32.119,50.0,,9.17,10.26,,-0.515,-0.333,15337.629,2.303,,,1222.902,5.13,,,50.0,,,,,0.0,0.0,,,0.0,0.0,0.0,0.0,,4.33,,,,1222.902,5.13,,50.0,,,,,1222.902,5.13,,50.0,,-1.09,-11.887,,,,0.0,0.0,,0.0,,,,,0.0,0.0,,,0.0,0.0,0.0,0.0,,,0.0,0.0,,,0.0,0.0,,0.0,0.0,,2445.803,64.34,,,,1222.902,5.13,,50.0,,,,,0.0,0.0,,0.0,,,,,0.0,0.0,,0.0,
Bosnia and Herzegovina,2002,BIH,4198410,28997447680.0,,,,,0.0,0.0,0.0,,421.71,,,,,1236.182,5.19,-32.829,-10.544,5138.82,21.575,49.856,,9.3,10.41,,0.508,0.327,15402.803,2.23,,,1236.182,5.19,,,49.856,,,,,0.0,0.0,,,0.0,0.0,0.0,0.0,,4.39,,,,1243.328,5.22,,50.144,,,,,1243.328,5.22,,50.144,,-1.11,-11.935,,,,0.0,0.0,,0.0,,,,,0.0,0.0,,,0.0,0.0,0.0,0.0,,,0.0,0.0,,,0.0,0.0,,0.0,0.0,,2479.51,64.667,,,,1243.328,5.22,,50.144,,,,,0.0,0.0,,0.0,,,,,0.0,0.0,,0.0,
Bosnia and Herzegovina,2003,BIH,4183758,29749018624.0,,,,,0.0,0.0,0.0,,492.606,,,,,1520.164,6.36,6.826,1.473,5508.831,23.048,58.78,,9.82,10.82,,-12.752,-8.246,13485.733,1.897,,,1520.164,6.36,,,58.78,,,,,0.0,0.0,,,0.0,0.0,0.0,0.0,,5.33,,,,1066.027,4.46,,41.22,,,,,1066.027,4.46,,41.22,,-1.0,-10.183,,,,0.0,0.0,,0.0,,,,,0.0,0.0,,,0.0,0.0,0.0,0.0,,,0.0,0.0,,,0.0,0.0,,0.0,0.0,,2586.192,56.421,,,,1066.027,4.46,,41.22,,,,,0.0,0.0,,0.0,,,,,0.0,0.0,,0.0,
Bosnia and Herzegovina,2004,BIH,4142858,31229566976.0,,,,,0.0,0.0,0.0,,435.563,,,,,1530.345,6.34,4.066,0.937,5789.439,23.985,51.713,,10.31,12.26,,3.278,1.849,14065.254,1.866,,,1530.345,6.34,,,51.713,,,,,0.0,0.0,,,0.0,0.0,0.0,0.0,,5.34,,,,1428.965,5.92,,48.287,,,,,1428.965,5.92,,48.287,,-1.95,-18.914,,,,0.0,0.0,,0.0,,,,,0.0,0.0,,,0.0,0.0,0.0,0.0,,,0.0,0.0,,,0.0,0.0,,0.0,0.0,,2959.31,58.27,,,,1428.965,5.92,,48.287,,,,,0.0,0.0,,0.0,,,,,0.0,0.0,,0.0,
Bosnia and Herzegovina,2005,BIH,4094297,32159545344.0,,,,,0.0,0.0,0.0,,430.453,,,,,1516.744,6.21,2.241,0.537,5989.384,24.522,51.111,,10.77,12.15,,-7.593,-4.424,13151.445,1.674,,,1516.744,6.21,,,51.111,,,,,0.0,0.0,,,0.0,0.0,0.0,0.0,,5.23,,,,1450.799,5.94,,48.889,,,,,1450.799,5.94,,48.889,,-1.38,-12.813,,,,0.0,0.0,,0.0,,,,,0.0,0.0,,,0.0,0.0,0.0,0.0,,,0.0,0.0,,,0.0,0.0,,0.0,0.0,,2967.542,53.846,,,,1450.799,5.94,,48.889,,,,,0.0,0.0,,0.0,,,,,0.0,0.0,,0.0,
Bosnia and Herzegovina,2006,BIH,4058086,33580218368.0,,,,,0.0,0.0,0.0,,459.375,,,,,1724.951,7.0,2.251,0.552,6178.88,25.074,54.688,,10.69,12.8,,2.21,1.19,13561.985,1.639,,,1724.951,7.0,,,54.688,,,,,0.0,0.0,,,0.0,0.0,0.0,0.0,,5.88,,,,1429.245,5.8,,45.312,,,,,1429.245,5.8,,45.312,,-2.11,-19.738,,,,0.0,0.0,,0.0,,,,,0.0,0.0,,,0.0,0.0,0.0,0.0,,,0.0,0.0,,,0.0,0.0,,0.0,0.0,,3154.196,55.036,,,,1429.245,5.8,,45.312,,,,,0.0,0.0,,0.0,,,,,0.0,0.0,,0.0,
Bosnia and Herzegovina,2007,BIH,4007877,35158286336.0,,,,,0.0,0.0,0.0,,540.78,,,,,1826.403,7.32,4.034,1.011,6508.646,26.086,64.894,,10.68,11.28,,-4.477,-2.464,13117.112,1.495,,,1826.403,7.32,,,64.894,,,,,0.0,0.0,,,0.0,0.0,0.0,0.0,,6.1,,,,988.054,3.96,,35.106,,,,,988.054,3.96,,35.106,,-0.6,-5.618,,,,0.0,0.0,,0.0,,,,,0.0,0.0,,,0.0,0.0,0.0,0.0,,,0.0,0.0,,,0.0,0.0,,0.0,0.0,,2814.458,52.572,,,,988.054,3.96,,35.106,,,,,0.0,0.0,,0.0,,,,,0.0,0.0,,0.0,
Bosnia and Herzegovina,2008,BIH,3943390,36676653056.0,,,,,0.0,0.0,0.0,,550.07,,,,,2373.592,9.36,10.227,2.668,7291.608,28.754,66.008,,12.54,14.18,,13.062,6.867,15073.022,1.621,,,2373.592,9.36,,,66.008,,,,,0.0,0.0,,,0.0,0.0,0.0,0.0,,7.8,,,,1222.299,4.82,,33.992,,,,,1222.299,4.82,,33.992,,-1.64,-13.078,,,,0.0,0.0,,0.0,,,,,0.0,0.0,,,0.0,0.0,0.0,0.0,,,0.0,0.0,,,0.0,0.0,,0.0,0.0,,3595.891,59.439,,,,1222.299,4.82,,33.992,,,,,0.0,0.0,,0.0,,,,,0.0,0.0,,0.0,
Bosnia and Herzegovina,2009,BIH,3877755,35937406976.0,,,,,0.0,0.0,0.0,,493.351,,,,,2284.827,8.86,-0.835,-0.24,7353.113,28.514,58.91,,12.05,15.04,,20.238,12.029,18430.324,1.989,,,2284.827,8.86,,,58.91,,,,,0.0,0.0,,,0.0,0.0,0.0,0.0,,7.42,,,,1593.706,6.18,,41.09,,,,,1593.706,6.18,,41.09,,-2.99,-24.813,,,,0.0,0.0,,0.0,,,,,0.0,0.0,,,0.0,0.0,0.0,0.0,,,0.0,0.0,,,0.0,0.0,,0.0,0.0,,3878.533,71.468,,,,1593.706,6.18,,41.09,,,,,0.0,0.0,,0.0,,,,,0.0,0.0,,0.0,
Bosnia and Herzegovina,2010,BIH,3811093,35774980096.0,,,,,0.0,0.0,0.0,,436.364,,,,,2243.451,8.55,-4.637,-1.322,7134.783,27.191,51.818,,12.67,16.5,,7.048,5.037,20074.406,2.139,,,2243.451,8.55,,,51.818,,,,,0.0,0.0,,,0.0,0.0,0.0,0.0,,7.2,,,,2086.016,7.95,,48.182,,,,,2086.016,7.95,,48.182,,-3.83,-30.229,,,,0.0,0.0,,0.0,,,,,0.0,0.0,,,0.0,0.0,0.0,0.0,,,0.0,0.0,,,0.0,0.0,,0.0,0.0,,4329.467,76.505,,,,2086.016,7.95,,48.182,,,,,0.0,0.0,,0.0,,,,,0.0,0.0,,0.0,
Bosnia and Herzegovina,2011,BIH,3743143,35666186240.0,,,,,0.0,0.0,0.0,,582.99,,,,,2735.669,10.24,11.088,3.015,8069.789,30.206,70.233,,13.09,14.58,,-3.11,-2.379,19803.189,2.078,,,2735.669,10.24,,,70.233,,,,,0.0,0.0,,,0.0,0.0,0.0,0.0,,8.5,,,,1159.453,4.34,,29.767,,,,,1159.453,4.34,,29.767,,-1.49,-11.383,,,,0.0,0.0,,0.0,,,,,0.0,0.0,,,0.0,0.0,0.0,0.0,,,0.0,0.0,,,0.0,0.0,,0.0,0.0,,3895.122,74.126,,,,1159.453,4.34,,29.767,,,,,0.0,0.0,,0.0,,,,,0.0,0.0,,0.0,
Bosnia and Herzegovina,2012,BIH,3674376,35288068096.0,,,,,0.0,0.0,0.0,,572.917,,,,,2522.877,9.27,-1.855,-0.56,8068.348,29.646,68.973,,13.4,13.44,,-2.722,-2.018,19624.715,2.043,,,2522.877,9.27,,,68.973,,,,,0.0,0.0,,,0.0,0.0,0.0,0.0,,7.7,,,,1134.887,4.17,,31.027,,,,,1134.887,4.17,,31.027,,-0.04,-0.299,,,,0.0,0.0,,0.0,,,,,0.0,0.0,,,0.0,0.0,0.0,0.0,,,0.0,0.0,,,0.0,0.0,,0.0,0.0,,3657.764,72.109,,,,1134.887,4.17,,31.027,,,,,0.0,0.0,,0.0,,,,,0.0,0.0,,0.0,
Bosnia and Herzegovina,2013,BIH,3617564,36129705984.0,,,,,0.0,0.0,0.0,,479.117,,,,,2623.312,9.49,-10.525,-3.12,7332.551,26.526,56.623,,13.07,16.76,,1.552,1.119,20242.201,2.027,,,2653.719,9.6,,,57.279,,,,,0.0,0.0,,,0.0,0.0,0.0,0.0,,8.03,,,,1979.232,7.16,,42.721,,,,,1979.232,7.16,,42.721,,-3.69,-28.233,,,,0.0,0.0,,0.0,,,,,30.407,0.11,,,0.0,0.0,0.0,0.656,,,0.0,0.0,,,0.0,0.0,,0.0,0.0,,4632.952,73.227,,,,1979.232,7.16,,42.721,,,,,0.0,0.0,,0.0,,,,,0.0,0.0,,0.0,
Bosnia and Herzegovina,2014,BIH,3571070,36520341504.0,,,,,0.0,0.0,0.0,,516.774,,,,,2660.267,9.5,0.157,0.042,7439.673,26.568,61.29,,12.66,15.5,,-3.17,-2.321,19855.676,1.942,,,2691.07,9.61,,,62.0,,,,,0.0,0.0,,,0.0,0.0,0.0,0.0,,8.01,,,,1646.565,5.88,,37.935,,,,,1649.366,5.89,,38.0,,-2.84,-22.433,,,,0.0,0.0,,0.0,,,,,30.803,0.11,,,0.0,0.0,0.0,0.71,,,0.0,0.0,,,0.0,0.0,,0.0,0.0,,4340.436,70.906,,,,1649.366,5.89,,38.0,,,,,2.8,0.01,,0.065,,,,,0.0,0.0,,0.0,
Bosnia and Herzegovina,2015,BIH,3524328,37642616832.0,,,,,0.0,0.0,0.0,,527.054,,,,,2655.825,9.36,-1.821,-0.484,7401.054,26.084,62.525,,12.84,14.97,,0.153,0.109,20149.869,1.887,,,2687.037,9.47,,,63.26,,,,,0.0,0.0,,,0.0,0.0,0.0,0.0,,7.89,,,,1557.744,5.49,,36.673,,,,,1560.581,5.5,,36.74,,-2.13,-16.589,,,,0.0,0.0,,0.0,,,,,31.212,0.11,,,0.0,0.0,0.0,0.735,,,0.0,0.0,,,0.0,0.0,,0.0,0.0,,4247.618,71.015,,,,1560.581,5.5,,36.74,,,,,2.837,0.01,,0.067,,,,,0.0,0.0,,0.0,
Bosnia and Herzegovina,2016,BIH,3480985,38586310656.0,,,,,2.873,0.01,0.059,,555.621,,,,,3234.717,11.26,5.815,1.517,7928.917,27.6,66.274,,13.23,16.99,,2.215,1.573,20852.678,1.881,,,3266.317,11.37,,,66.922,,,,,0.0,0.0,,,0.0,0.0,0.0,0.0,,9.44,,,,1605.867,5.59,,32.902,,,,,1614.485,5.62,,33.078,,-3.76,-28.42,,,,0.0,0.0,,0.0,,,,,31.6,0.11,,,0.0,0.0,0.0,0.647,,,0.01,0.0,,,2.873,0.0,,0.059,0.0,,4880.802,72.588,,,,1614.485,5.62,,33.078,,,,,5.746,0.02,,0.118,,,,,0.0,0.0,,0.0,
Bosnia and Herzegovina,2017,BIH,3440025,39806906368.0,,,,,2.907,0.01,0.065,,624.191,,,,,3360.441,11.56,,,,,74.774,,13.62,15.46,,-0.763,-0.554,20939.965,1.81,,,3395.324,11.68,,,75.55,,,,,0.0,0.0,,,,,,0.0,,9.65,,,,1090.108,3.75,,24.256,,,,,1098.829,3.78,,24.45,,-1.84,-13.51,,,,0.0,0.0,,0.0,,,,,34.883,0.12,,,,,,0.776,,,0.01,0.0,,,2.907,0.0,,0.065,0.0,,4494.153,72.034,,,,1098.829,3.78,,24.45,,,,,5.814,0.02,,0.129,,,,,0.0,0.0,,0.0,
Bosnia and Herzegovina,2018,BIH,3400132,41286324224.0,,,,,2.941,0.01,0.055,,535.636,,,,,3423.397,11.64,,,,,63.816,,13.63,18.24,,1.684,1.213,21542.352,1.774,,,3458.689,11.76,,,64.474,,,,,0.0,0.0,,,,,,0.0,,9.77,,,,1867.575,6.35,,34.814,,,,,1905.808,6.48,,35.526,,-4.61,-33.822,,,,0.0,0.0,,0.0,,,,,35.293,0.12,,,,,,0.658,,,0.01,0.0,,,2.941,0.0,,0.055,0.0,,5364.498,73.247,,,,1905.808,6.48,,35.526,,,,,5.882,0.02,,0.11,,,,,29.411,0.1,,0.548,
Bosnia and Herzegovina,2019,BIH,3360718,,,,,,2.976,0.01,0.06,,517.097,,,,,3052.919,10.26,,,,,61.548,,12.93,16.67,,-5.05,-3.699,20694.338,,,,3082.675,10.36,,,62.148,,,,,0.0,0.0,,,,,,0.0,,8.62,,,,1791.284,6.02,,36.113,,,,,1877.575,6.31,,37.852,,-3.74,-28.925,,,,0.0,0.0,,0.0,,,,,29.756,0.1,,,,,,0.6,,,0.01,0.0,,,2.976,0.0,,0.06,0.0,,4960.25,69.548,,,,1877.575,6.31,,37.852,,,,,8.927,0.03,,0.18,,,,,74.389,0.25,,1.5,
Bosnia and Herzegovina,2020,BIH,3318410,,,,,,3.013,0.01,0.064,,570.611,,,,,3227.449,10.71,,,,,68.13,,11.67,15.72,,-7.125,-4.956,19464.836,,,,3260.598,10.82,,,68.83,,,,,0.0,0.0,,,,,,0.0,,8.97,,,,1380.179,4.58,,29.135,,,,,1476.611,4.9,,31.17,,-4.05,-34.704,,,,0.0,0.0,,0.0,,,,,33.148,0.11,,,,,,0.7,,,0.01,0.0,,,3.013,0.0,,0.064,0.0,,4737.208,64.592,,,,1476.611,4.9,,31.17,,,,,15.067,0.05,,0.318,,,,,78.351,0.26,,1.654,
Bosnia and Herzegovina,2021,BIH,3270948,,,,,,3.057,0.01,0.058,,489.643,,,,,3087.79,10.1,,,,,58.113,,12.62,17.38,,16.54,10.684,23013.498,,,,3118.362,10.2,,,58.688,,,,,0.0,0.0,,,,,,0.0,,8.51,,,,2054.45,6.72,,38.665,,,,,2195.082,7.18,,41.312,,-4.76,-37.718,,,,0.0,0.0,,0.0,,,,,30.572,0.1,,,,,,0.575,,,0.01,0.0,,,3.057,0.0,,0.058,0.0,,5313.444,75.276,,,,2195.082,7.18,,41.312,,,,,21.401,0.07,,0.403,,,,,116.174,0.38,,2.186,
Bosnia and Herzegovina,2022,BIH,3233530,,,,,,3.093,0.01,0.062,,517.241,,,,,3089.503,9.99,,,,,61.515,,13.24,16.24,,,,,,,,3120.429,10.09,,,62.131,,,,,0.0,0.0,,,,,,0.0,,8.4,,,,1728.761,5.59,,34.421,,,,,1901.946,6.15,,37.869,,-3.0,-22.659,,,,0.0,0.0,,0.0,,,,,30.926,0.1,,,,,,0.616,,,0.01,0.0,,,3.093,0.0,,0.062,0.0,,5022.375,,,,,1901.946,6.15,,37.869,,,,,40.204,0.13,,0.8,,,,,129.889,0.42,,2.586,
Botswana,1900,BWA,165725,,,,,,,,,,,,,,,,,,,0.0,0.0,,,,,,,,,,,,,,,,,,,,,,,,,,,,,,,,,,,,,,,,,,,,,,,,,,,,,,,,,,,,,,,,,,,,,,,,,,,,,,,,,,,,,,,,,,,,,,,,,,,,,,,,,
Botswana,1901,BWA,168032,,,,,,,,,,,,,,,,,,0.0,0.0,0.0,,,,,,,,,,,,,,,,,,,,,,,,,,,,,,,,,,,,,,,,,,,,,,,,,,,,,,,,,,,,,,,,,,,,,,,,,,,,,,,,,,,,,,,,,,,,,,,,,,,,,,,,,
Botswana,1902,BWA,170582,,,,,,,,,,,,,,,,,,0.0,0.0,0.0,,,,,,,,,,,,,,,,,,,,,,,,,,,,,,,,,,,,,,,,,,,,,,,,,,,,,,,,,,,,,,,,,,,,,,,,,,,,,,,,,,,,,,,,,,,,,,,,,,,,,,,,,
Botswana,1903,BWA,173381,,,,,,,,,,,,,,,,,,0.0,0.0,0.0,,,,,,,,,,,,,,,,,,,,,,,,,,,,,,,,,,,,,,,,,,,,,,,,,,,,,,,,,,,,,,,,,,,,,,,,,,,,,,,,,,,,,,,,,,,,,,,,,,,,,,,,,
Botswana,1904,BWA,176226,,,,,,,,,,,,,,,,,,0.0,0.0,0.0,,,,,,,,,,,,,,,,,,,,,,,,,,,,,,,,,,,,,,,,,,,,,,,,,,,,,,,,,,,,,,,,,,,,,,,,,,,,,,,,,,,,,,,,,,,,,,,,,,,,,,,,,
Botswana,1905,BWA,179118,,,,,,,,,,,,,,,,,,0.0,0.0,0.0,,,,,,,,,,,,,,,,,,,,,,,,,,,,,,,,,,,,,,,,,,,,,,,,,,,,,,,,,,,,,,,,,,,,,,,,,,,,,,,,,,,,,,,,,,,,,,,,,,,,,,,,,
Botswana,1906,BWA,182058,,,,,,,,,,,,,,,,,,0.0,0.0,0.0,,,,,,,,,,,,,,,,,,,,,,,,,,,,,,,,,,,,,,,,,,,,,,,,,,,,,,,,,,,,,,,,,,,,,,,,,,,,,,,,,,,,,,,,,,,,,,,,,,,,,,,,,
Botswana,1907,BWA,185045,,,,,,,,,,,,,,,,,,0.0,0.0,0.0,,,,,,,,,,,,,,,,,,,,,,,,,,,,,,,,,,,,,,,,,,,,,,,,,,,,,,,,,,,,,,,,,,,,,,,,,,,,,,,,,,,,,,,,,,,,,,,,,,,,,,,,,
Botswana,1908,BWA,188082,,,,,,,,,,,,,,,,,,0.0,0.0,0.0,,,,,,,,,,,,,,,,,,,,,,,,,,,,,,,,,,,,,,,,,,,,,,,,,,,,,,,,,,,,,,,,,,,,,,,,,,,,,,,,,,,,,,,,,,,,,,,,,,,,,,,,,
Botswana,1909,BWA,191132,,,,,,,,,,,,,,,,,,0.0,0.0,0.0,,,,,,,,,,,,,,,,,,,,,,,,,,,,,,,,,,,,,,,,,,,,,,,,,,,,,,,,,,,,,,,,,,,,,,,,,,,,,,,,,,,,,,,,,,,,,,,,,,,,,,,,,
Botswana,1910,BWA,194195,,,,,,,,,,,,,,,,,,0.0,0.0,0.0,,,,,,,,,,,,,,,,,,,,,,,,,,,,,,,,,,,,,,,,,,,,,,,,,,,,,,,,,,,,,,,,,,,,,,,,,,,,,,,,,,,,,,,,,,,,,,,,,,,,,,,,,
Botswana,1911,BWA,197270,,,,,,,,,,,,,,,,,,0.0,0.0,0.0,,,,,,,,,,,,,,,,,,,,,,,,,,,,,,,,,,,,,,,,,,,,,,,,,,,,,,,,,,,,,,,,,,,,,,,,,,,,,,,,,,,,,,,,,,,,,,,,,,,,,,,,,
Botswana,1912,BWA,200357,,,,,,,,,,,,,,,,,,0.0,0.0,0.0,,,,,,,,,,,,,,,,,,,,,,,,,,,,,,,,,,,,,,,,,,,,,,,,,,,,,,,,,,,,,,,,,,,,,,,,,,,,,,,,,,,,,,,,,,,,,,,,,,,,,,,,,
Botswana,1913,BWA,203456,,,,,,,,,,,,,,,,,,0.0,0.0,0.0,,,,,,,,,,,,,,,,,,,,,,,,,,,,,,,,,,,,,,,,,,,,,,,,,,,,,,,,,,,,,,,,,,,,,,,,,,,,,,,,,,,,,,,,,,,,,,,,,,,,,,,,,
Botswana,1914,BWA,206603,,,,,,,,,,,,,,,,,,0.0,0.0,0.0,,,,,,,,,,,,,,,,,,,,,,,,,,,,,,,,,,,,,,,,,,,,,,,,,,,,,,,,,,,,,,,,,,,,,,,,,,,,,,,,,,,,,,,,,,,,,,,,,,,,,,,,,
Botswana,1915,BWA,209799,,,,,,,,,,,,,,,,,,0.0,0.0,0.0,,,,,,,,,,,,,,,,,,,,,,,,,,,,,,,,,,,,,,,,,,,,,,,,,,,,,,,,,,,,,,,,,,,,,,,,,,,,,,,,,,,,,,,,,,,,,,,,,,,,,,,,,
Botswana,1916,BWA,213044,,,,,,,,,,,,,,,,,,0.0,0.0,0.0,,,,,,,,,,,,,,,,,,,,,,,,,,,,,,,,,,,,,,,,,,,,,,,,,,,,,,,,,,,,,,,,,,,,,,,,,,,,,,,,,,,,,,,,,,,,,,,,,,,,,,,,,
Botswana,1917,BWA,216340,,,,,,,,,,,,,,,,,,0.0,0.0,0.0,,,,,,,,,,,,,,,,,,,,,,,,,,,,,,,,,,,,,,,,,,,,,,,,,,,,,,,,,,,,,,,,,,,,,,,,,,,,,,,,,,,,,,,,,,,,,,,,,,,,,,,,,
Botswana,1918,BWA,219694,,,,,,,,,,,,,,,,,,0.0,0.0,0.0,,,,,,,,,,,,,,,,,,,,,,,,,,,,,,,,,,,,,,,,,,,,,,,,,,,,,,,,,,,,,,,,,,,,,,,,,,,,,,,,,,,,,,,,,,,,,,,,,,,,,,,,,
Botswana,1919,BWA,223349,,,,,,,,,,,,,,,,,,0.0,0.0,0.0,,,,,,,,,,,,,,,,,,,,,,,,,,,,,,,,,,,,,,,,,,,,,,,,,,,,,,,,,,,,,,,,,,,,,,,,,,,,,,,,,,,,,,,,,,,,,,,,,,,,,,,,,
Botswana,1920,BWA,227317,,,,,,,,,,,,,,,,,,0.0,0.0,0.0,,,,,,,,,,,,,,,,,,,,,,,,,,,,,,,,,,,,,,,,,,,,,,,,,,,,,,,,,,,,,,,,,,,,,,,,,,,,,,,,,,,,,,,,,,,,,,,,,,,,,,,,,
Botswana,1921,BWA,231606,,,,,,,,,,,,,,,,,,0.0,0.0,0.0,,,,,,,,,,,,,,,,,,,,,,,,,,,,,,,,,,,,,,,,,,,,,,,,,,,,,,,,,,,,,,,,,,,,,,,,,,,,,,,,,,,,,,,,,,,,,,,,,,,,,,,,,
Botswana,1922,BWA,236228,,,,,,,,,,,,,,,,,,0.0,0.0,0.0,,,,,,,,,,,,,,,,,,,,,,,,,,,,,,,,,,,,,,,,,,,,,,,,,,,,,,,,,,,,,,,,,,,,,,,,,,,,,,,,,,,,,,,,,,,,,,,,,,,,,,,,,
Botswana,1923,BWA,241193,,,,,,,,,,,,,,,,,,0.0,0.0,0.0,,,,,,,,,,,,,,,,,,,,,,,,,,,,,,,,,,,,,,,,,,,,,,,,,,,,,,,,,,,,,,,,,,,,,,,,,,,,,,,,,,,,,,,,,,,,,,,,,,,,,,,,,
Botswana,1924,BWA,246262,,,,,,,,,,,,,,,,,,0.0,0.0,0.0,,,,,,,,,,,,,,,,,,,,,,,,,,,,,,,,,,,,,,,,,,,,,,,,,,,,,,,,,,,,,,,,,,,,,,,,,,,,,,,,,,,,,,,,,,,,,,,,,,,,,,,,,
Botswana,1925,BWA,251437,,,,,,,,,,,,,,,,,,0.0,0.0,0.0,,,,,,,,,,,,,,,,,,,,,,,,,,,,,,,,,,,,,,,,,,,,,,,,,,,,,,,,,,,,,,,,,,,,,,,,,,,,,,,,,,,,,,,,,,,,,,,,,,,,,,,,,
Botswana,1926,BWA,256722,,,,,,,,,,,,,,,,,,0.0,0.0,0.0,,,,,,,,,,,,,,,,,,,,,,,,,,,,,,,,,,,,,,,,,,,,,,,,,,,,,,,,,,,,,,,,,,,,,,,,,,,,,,,,,,,,,,,,,,,,,,,,,,,,,,,,,
Botswana,1927,BWA,262117,,,,,,,,,,,,,,,,,,0.0,0.0,0.0,,,,,,,,,,,,,,,,,,,,,,,,,,,,,,,,,,,,,,,,,,,,,,,,,,,,,,,,,,,,,,,,,,,,,,,,,,,,,,,,,,,,,,,,,,,,,,,,,,,,,,,,,
Botswana,1928,BWA,267626,,,,,,,,,,,,,,,,,,0.0,0.0,0.0,,,,,,,,,,,,,,,,,,,,,,,,,,,,,,,,,,,,,,,,,,,,,,,,,,,,,,,,,,,,,,,,,,,,,,,,,,,,,,,,,,,,,,,,,,,,,,,,,,,,,,,,,
Botswana,1929,BWA,273204,,,,,,,,,,,,,,,,,,0.0,0.0,0.0,,,,,,,,,,,,,,,,,,,,,,,,,,,,,,,,,,,,,,,,,,,,,,,,,,,,,,,,,,,,,,,,,,,,,,,,,,,,,,,,,,,,,,,,,,,,,,,,,,,,,,,,,
Botswana,1930,BWA,278852,,,,,,,,,,,,,,,,,,0.0,0.0,0.0,,,,,,,,,,,,,,,,,,,,,,,,,,,,,,,,,,,,,,,,,,,,,,,,,,,,,,,,,,,,,,,,,,,,,,,,,,,,,,,,,,,,,,,,,,,,,,,,,,,,,,,,,
Botswana,1931,BWA,284571,,,,,,,,,,,,,,,,,,0.0,0.0,0.0,,,,,,,,,,,,,,,,,,,,,,,,,,,,,,,,,,,,,,,,,,,,,,,,,,,,,,,,,,,,,,,,,,,,,,,,,,,,,,,,,,,,,,,,,,,,,,,,,,,,,,,,,
Botswana,1932,BWA,290360,,,,,,,,,,,,,,,,,,0.0,0.0,0.0,,,,,,,,,,,,,,,,,,,,,,,,,,,,,,,,,,,,,,,,,,,,,,,,,,,,,,,,,,,,,,,,,,,,,,,,,,,,,,,,,,,,,,,,,,,,,,,,,,,,,,,,,
Botswana,1933,BWA,296221,,,,,,,,,,,,,,,,,,0.0,0.0,0.0,,,,,,,,,,,,,,,,,,,,,,,,,,,,,,,,,,,,,,,,,,,,,,,,,,,,,,,,,,,,,,,,,,,,,,,,,,,,,,,,,,,,,,,,,,,,,,,,,,,,,,,,,
Botswana,1934,BWA,302200,,,,,,,,,,,,,,,,,,0.0,0.0,0.0,,,,,,,,,,,,,,,,,,,,,,,,,,,,,,,,,,,,,,,,,,,,,,,,,,,,,,,,,,,,,,,,,,,,,,,,,,,,,,,,,,,,,,,,,,,,,,,,,,,,,,,,,
Botswana,1935,BWA,308300,,,,,,,,,,,,,,,,,,0.0,0.0,0.0,,,,,,,,,,,,,,,,,,,,,,,,,,,,,,,,,,,,,,,,,,,,,,,,,,,,,,,,,,,,,,,,,,,,,,,,,,,,,,,,,,,,,,,,,,,,,,,,,,,,,,,,,
Botswana,1936,BWA,314523,,,,,,,,,,,,,,,,,,0.0,0.0,0.0,,,,,,,,,,,,,,,,,,,,,,,,,,,,,,,,,,,,,,,,,,,,,,,,,,,,,,,,,,,,,,,,,,,,,,,,,,,,,,,,,,,,,,,,,,,,,,,,,,,,,,,,,
Botswana,1937,BWA,320871,,,,,,,,,,,,,,,,,,0.0,0.0,0.0,,,,,,,,,,,,,,,,,,,,,,,,,,,,,,,,,,,,,,,,,,,,,,,,,,,,,,,,,,,,,,,,,,,,,,,,,,,,,,,,,,,,,,,,,,,,,,,,,,,,,,,,,
Botswana,1938,BWA,327348,,,,,,,,,,,,,,,,,,0.0,0.0,0.0,,,,,,,,,,,,,,,,,,,,,,,,,,,,,,,,,,,,,,,,,,,,,,,,,,,,,,,,,,,,,,,,,,,,,,,,,,,,,,,,,,,,,,,,,,,,,,,,,,,,,,,,,
Botswana,1939,BWA,333887,,,,,,,,,,,,,,,,,,0.0,0.0,0.0,,,,,,,,,,,,,,,,,,,,,,,,,,,,,,,,,,,,,,,,,,,,,,,,,,,,,,,,,,,,,,,,,,,,,,,,,,,,,,,,,,,,,,,,,,,,,,,,,,,,,,,,,
Botswana,1940,BWA,340490,,,,,,,,,,,,,,,,,,0.0,0.0,0.0,,,,,,,,,,,,,,,,,,,,,,,,,,,,,,,,,,,,,,,,,,,,,,,,,,,,,,,,,,,,,,,,,,,,,,,,,,,,,,,,,,,,,,,,,,,,,,,,,,,,,,,,,
Botswana,1941,BWA,347156,,,,,,,,,,,,,,,,,,0.0,0.0,0.0,,,,,,,,,,,,,,,,,,,,,,,,,,,,,,,,,,,,,,,,,,,,,,,,,,,,,,,,,,,,,,,,,,,,,,,,,,,,,,,,,,,,,,,,,,,,,,,,,,,,,,,,,
Botswana,1942,BWA,353884,,,,,,,,,,,,,,,,,,0.0,0.0,0.0,,,,,,,,,,,,,,,,,,,,,,,,,,,,,,,,,,,,,,,,,,,,,,,,,,,,,,,,,,,,,,,,,,,,,,,,,,,,,,,,,,,,,,,,,,,,,,,,,,,,,,,,,
Botswana,1943,BWA,360675,,,,,,,,,,,,,,,,,,0.0,0.0,0.0,,,,,,,,,,,,,,,,,,,,,,,,,,,,,,,,,,,,,,,,,,,,,,,,,,,,,,,,,,,,,,,,,,,,,,,,,,,,,,,,,,,,,,,,,,,,,,,,,,,,,,,,,
Botswana,1944,BWA,367597,,,,,,,,,,,,,,,,,,0.0,0.0,0.0,,,,,,,,,,,,,,,,,,,,,,,,,,,,,,,,,,,,,,,,,,,,,,,,,,,,,,,,,,,,,,,,,,,,,,,,,,,,,,,,,,,,,,,,,,,,,,,,,,,,,,,,,
Botswana,1945,BWA,374651,,,,,,,,,,,,,,,,,,0.0,0.0,0.0,,,,,,,,,,,,,,,,,,,,,,,,,,,,,,,,,,,,,,,,,,,,,,,,,,,,,,,,,,,,,,,,,,,,,,,,,,,,,,,,,,,,,,,,,,,,,,,,,,,,,,,,,
Botswana,1946,BWA,381841,,,,,,,,,,,,,,,,,,0.0,0.0,0.0,,,,,,,,,,,,,,,,,,,,,,,,,,,,,,,,,,,,,,,,,,,,,,,,,,,,,,,,,,,,,,,,,,,,,,,,,,,,,,,,,,,,,,,,,,,,,,,,,,,,,,,,,
Botswana,1947,BWA,389168,,,,,,,,,,,,,,,,,,0.0,0.0,0.0,,,,,,,,,,,,,,,,,,,,,,,,,,,,,,,,,,,,,,,,,,,,,,,,,,,,,,,,,,,,,,,,,,,,,,,,,,,,,,,,,,,,,,,,,,,,,,,,,,,,,,,,,
Botswana,1948,BWA,396637,,,,,,,,,,,,,,,,,,0.0,0.0,0.0,,,,,,,,,,,,,,,,,,,,,,,,,,,,,,,,,,,,,,,,,,,,,,,,,,,,,,,,,,,,,,,,,,,,,,,,,,,,,,,,,,,,,,,,,,,,,,,,,,,,,,,,,
Botswana,1949,BWA,404733,,,,,,,,,,,,,,,,,,0.0,0.0,0.0,,,,,,,,,,,,,,,,,,,,,,,,,,,,,,,,,,,,,,,,,,,,,,,,,,,,,,,,,,,,,,,,,,,,,,,,,,,,,,,,,,,,,,,,,,,,,,,,,,,,,,,,,
Botswana,1950,BWA,413489,210471952.0,,,,,,,,,,,,,,,,,0.0,0.0,0.0,,,,,,,,,,,,,,,,,,,,,,,,,,,,,,,,,,,,,,,,,,,,,,,,,,,,,,,,,,,,,,,,,,,,,,,,,,,,,,,,,,,,,,,,,,,,,,,,,,,,,,,,,
Botswana,1951,BWA,422896,216851040.0,,,,,,,,,,,,,,,,,0.0,0.0,0.0,,,,,,,,,,,,,,,,,,,,,,,,,,,,,,,,,,,,,,,,,,,,,,,,,,,,,,,,,,,,,,,,,,,,,,,,,,,,,,,,,,,,,,,,,,,,,,,,,,,,,,,,,
Botswana,1952,BWA,432601,222923232.0,,,,,,,,,,,,,,,,,0.0,0.0,0.0,,,,,,,,,,,,,,,,,,,,,,,,,,,,,,,,,,,,,,,,,,,,,,,,,,,,,,,,,,,,,,,,,,,,,,,,,,,,,,,,,,,,,,,,,,,,,,,,,,,,,,,,,
Botswana,1953,BWA,442494,230017408.0,,,,,,,,,,,,,,,,,0.0,0.0,0.0,,,,,,,,,,,,,,,,,,,,,,,,,,,,,,,,,,,,,,,,,,,,,,,,,,,,,,,,,,,,,,,,,,,,,,,,,,,,,,,,,,,,,,,,,,,,,,,,,,,,,,,,,
Botswana,1954,BWA,452270,236867440.0,,,,,,,,,,,,,,,,,0.0,0.0,0.0,,,,,,,,,,,,,,,,,,,,,,,,,,,,,,,,,,,,,,,,,,,,,,,,,,,,,,,,,,,,,,,,,,,,,,,,,,,,,,,,,,,,,,,,,,,,,,,,,,,,,,,,,
Botswana,1955,BWA,461892,243921904.0,,,,,,,,,,,,,,,,,0.0,0.0,0.0,,,,,,,,,,,,,,,,,,,,,,,,,,,,,,,,,,,,,,,,,,,,,,,,,,,,,,,,,,,,,,,,,,,,,,,,,,,,,,,,,,,,,,,,,,,,,,,,,,,,,,,,,
Botswana,1956,BWA,471467,251189808.0,,,,,,,,,,,,,,,,,0.0,0.0,0.0,,,,,,,,,,,,,,,,,,,,,,,,,,,,,,,,,,,,,,,,,,,,,,,,,,,,,,,,,,,,,,,,,,,,,,,,,,,,,,,,,,,,,,,,,,,,,,,,,,,,,,,,,
Botswana,1957,BWA,481230,258203616.0,,,,,,,,,,,,,,,,,0.0,0.0,0.0,,,,,,,,,,,,,,,,,,,,,,,,,,,,,,,,,,,,,,,,,,,,,,,,,,,,,,,,,,,,,,,,,,,,,,,,,,,,,,,,,,,,,,,,,,,,,,,,,,,,,,,,,
Botswana,1958,BWA,491312,264952048.0,,,,,,,,,,,,,,,,,0.0,0.0,0.0,,,,,,,,,,,,,,,,,,,,,,,,,,,,,,,,,,,,,,,,,,,,,,,,,,,,,,,,,,,,,,,,,,,,,,,,,,,,,,,,,,,,,,,,,,,,,,,,,,,,,,,,,
Botswana,1959,BWA,501837,273395712.0,,,,,,,,,,,,,,,,,0.0,0.0,0.0,,,,,,,,,,,,,,,,,,,,,,,,,,,,,,,,,,,,,,,,,,,,,,,,,,,,,,,,,,,,,,,,,,,,,,,,,,,,,,,,,,,,,,,,,,,,,,,,,,,,,,,,,
Botswana,1960,BWA,512874,280135968.0,,,,,,,,,,,,,,,,,0.0,0.0,0.0,,,,,,,,,,,,,,,,,,,,,,,,,,,,,,,,,,,,,,,,,,,,,,,,,,,,,,,,,,,,,,,,,,,,,,,,,,,,,,,,,,,,,,,,,,,,,,,,,,,,,,,,,
Botswana,1961,BWA,524413,290136384.0,,,,,,,,,,,,,,,,,0.0,0.0,0.0,,,,,,,,,,,,,,,,,,,,,,,,,,,,,,,,,,,,,,,,,,,,,,,,,,,,,,,,,,,,,,,,,,,,,,,,,,,,,,,,,,,,,,,,,,,,,,,,,,,,,,,,,
Botswana,1962,BWA,536436,298428640.0,,,,,,,,,,,,,,,,,0.0,0.0,0.0,,,,,,,,,,,,,,,,,,,,,,,,,,,,,,,,,,,,,,,,,,,,,,,,,,,,,,,,,,,,,,,,,,,,,,,,,,,,,,,,,,,,,,,,,,,,,,,,,,,,,,,,,
Botswana,1963,BWA,549046,308051072.0,,,,,,,,,,,,,,,,,0.0,0.0,0.0,,,,,,,,,,,,,,,,,,,,,,,,,,,,,,,,,,,,,,,,,,,,,,,,,,,,,,,,,,,,,,,,,,,,,,,,,,,,,,,,,,,,,,,,,,,,,,,,,,,,,,,,,
Botswana,1964,BWA,562288,320099456.0,,,,,,,,,,,,,,,,,0.0,0.0,0.0,,,,,,,,,,,,,,,,,,,,,,,,,,,,,,,,,,,,,,,,,,,,,,,,,,,,,,,,,,,,,,,,,,,,,,,,,,,,,,,,,,,,,,,,,,,,,,,,,,,,,,,,,
Botswana,1965,BWA,570984,329317184.0,,,,,,,,,,,,,,,,,0.0,0.0,0.0,,,,,,,,,,,,,,,,,,,,,,,,,,,,,,,,,,,,,,,,,,,,,,,,,,,,,,,,,,,,,,,,,,,,,,,,,,,,,,,,,,,,,,,,,,,,,,,,,,,,,,,,,
Botswana,1966,BWA,574860,361974784.0,,,,,,,,,,,,,,,,,0.0,0.0,0.0,,,,,,,,,,,,,,,,,,,,,,,,,,,,,,,,,,,,,,,,,,,,,,,,,,,,,,,,,,,,,,,,,,,,,,,,,,,,,,,,,,,,,,,,,,,,,,,,,,,,,,,,,
Botswana,1967,BWA,578731,397995968.0,,,,,,,,,,,,,,,,,0.0,0.0,0.0,,,,,,,,,,,,,,,,,,,,,,,,,,,,,,,,,,,,,,,,,,,,,,,,,,,,,,,,,,,,,,,,,,,,,,,,,,,,,,,,,,,,,,,,,,,,,,,,,,,,,,,,,
Botswana,1968,BWA,582661,438875936.0,,,,,,,,,,,,,,,,,0.0,0.0,0.0,,,,,,,,,,,,,,,,,,,,,,,,,,,,,,,,,,,,,,,,,,,,,,,,,,,,,,,,,,,,,,,,,,,,,,,,,,,,,,,,,,,,,,,,,,,,,,,,,,,,,,,,,
Botswana,1969,BWA,586748,482089792.0,,,,,,,,,,,,,,,,,0.0,0.0,0.0,,,,,,,,,,,,,,,,,,,,,,,,,,,,,,,,,,,,,,,,,,,,,,,,,,,,,,,,,,,,,,,,,,,,,,,,,,,,,,,,,,,,,,,,,,,,,,,,,,,,,,,,,
Botswana,1970,BWA,592254,529687104.0,,,,,,,,,,,,,,,,,0.0,0.0,0.0,,,,,,,,,,,,,,,,,,,,,,,,,,,,,,,,,,,,,,,,,,,,,,,,,,,,,,,,,,,,,,,,,,,,,,,,,,,,,,,,,,,,,,,,,,,,,,,,,,,,,,,,,
Botswana,1971,BWA,604146,667407104.0,,,,,,,,,,,,,,,,,0.0,0.0,0.0,,,,,,,,,,,,,,,,,,,,,,,,,,,,,,,,,,,,,,,,,,,,,,,,,,,,,,,,,,,,,,,,,,,,,,,,,,,,,,,,,,,,,,,,,,,,,,,,,,,,,,,,,
Botswana,1972,BWA,626618,842936704.0,,,,,,,,,,,,,,,,,0.0,0.0,0.0,,,,,,,,,,,,,,,,,,,,,,,,,,,,,,,,,,,,,,,,,,,,,,,,,,,,,,,,,,,,,,,,,,,,,,,,,,,,,,,,,,,,,,,,,,,,,,,,,,,,,,,,,
Botswana,1973,BWA,657255,1021847744.0,,,,,,,,,,,,,,,,,0.13,198.182,0.13,,,,,,,,,,,,,,,,,,,,,,,,,,,,,,,,,,,,,,,,,,,,,,,,,,,,,,,,,,,,,,,,,,,,,,,,,,,,,,,,,,,,,,,,,,,,,,,,,,,,,,,,,
Botswana,1974,BWA,691577,1112449408.0,,,,,,,,,,,,,,,,62.5,0.081,306.063,0.212,,,,,,,,,,,,,,,,,,,,,,,,,,,,,,,,,,,,,,,,,,,,,,,,,,,,,,,,,,,,,,,,,,,,,,,,,,,,,,,,,,,,,,,,,,,,,,,,,,,,,,,,,
Botswana,1975,BWA,727933,1206259840.0,,,,,,,,,,,,,,,,173.077,0.366,794.044,0.578,,,,,,,,,,,,,,,,,,,,,,,,,,,,,,,,,,,,,,,,,,,,,,,,,,,,,,,,,,,,,,,,,,,,,,,,,,,,,,,,,,,,,,,,,,,,,,,,,,,,,,,,,
Botswana,1976,BWA,766429,1335032704.0,,,,,,,,,,,,,,,,215.493,1.246,2379.325,1.824,,,,,,,,,,,,,,,,,,,,,,,,,,,,,,,,,,,,,,,,,,,,,,,,,,,,,,,,,,,,,,,,,,,,,,,,,,,,,,,,,,,,,,,,,,,,,,,,,,,,,,,,,
Botswana,1977,BWA,806972,1476200576.0,,,,,,,,,,,,,,,,31.25,0.57,2965.969,2.393,,,,,,,,,,,,,,,,,,,,,,,,,,,,,,,,,,,,,,,,,,,,,,,,,,,,,,,,,,,,,,,,,,,,,,,,,,,,,,,,,,,,,,,,,,,,,,,,,,,,,,,,,
Botswana,1978,BWA,849404,1648605184.0,,,,,,,,,,,,,,,,6.803,0.163,3009.491,2.556,,,,,,,,,,,,,,,,,,,,,,,,,,,,,,,,,,,,,,,,,,,,,,,,,,,,,,,,,,,,,,,,,,,,,,,,,,,,,,,,,,,,,,,,,,,,,,,,,,,,,,,,,
Botswana,1979,BWA,893509,1883922816.0,,,,,,,,,,,,,,,,13.057,0.334,3234.5,2.89,,,,,,,,,,,,,,,,,,,,,,,,,,,,,,,,,,,,,,,,,,,,,,,,,,,,,,,,,,,,,,,,,,,,,,,,,,,,,,,,,,,,,,,,,,,,,,,,,,,,,,,,,
Botswana,1980,BWA,938582,2114317696.0,,,,,,,,,,,,,,,,-16.143,-0.467,2582.105,2.424,,,,,,,,4605.283,2.044,,,,,,,,,,,,,,,,,0.0,0.0,,,,,,,,,,,,,,,,,,,,,,,,,,,,,,,,,,,,,,0.0,0.0,,,,,,,,,,,,,,,4.322,,,,,,,,,,,,,,,,,,,,,,,,
Botswana,1981,BWA,982753,2362259200.0,,,,,,,,,,,,,,,,2.695,0.065,2532.517,2.489,,,,,,4.838,0.209,4611.092,1.918,,,,,,,,,,,,,,,,0.0,0.0,0.0,,,,,,,,,,,,,,,,,,,,,,,,,,,,,,,,,,,,,0.0,0.0,0.0,,,,,,,,,,,,,,,4.532,,,,,,,,,,,,,,,,,,,,,,,,
Botswana,1982,BWA,1023019,2562518528.0,,,,,,,,,,,,,,,,8.924,0.222,2649.94,2.711,,,,,,-6.694,-0.303,4133.062,1.65,,,,,,,,,,,,,,,,0.0,0.0,0.0,,,,,,,,,,,,,,,,,,,,,,,,,,,,,,,,,,,,,0.0,0.0,0.0,,,,,,,,,,,,,,,4.228,,,,,,,,,,,,,,,,,,,,,,,,
Botswana,1983,BWA,1060729,2867984384.0,,,,,,,,,,,,,,,,-4.819,-0.131,2432.564,2.58,,,,,,0.233,0.01,3995.412,1.478,,,,,,,,,,,,,,,,0.0,0.0,0.0,,,,,,,,,,,,,,,,,,,,,,,,,,,,,,,,,,,,,0.0,0.0,0.0,,,,,,,,,,,,,,,4.238,,,,,,,,,,,,,,,,,,,,,,,,
Botswana,1984,BWA,1099177,3259569152.0,,,,,,,,,,,,,,,,-0.506,-0.013,2335.59,2.567,,,,,,-0.112,-0.005,3851.339,1.299,,,,,,,,,,,,,,,,0.0,0.0,0.0,,,,,,,,,,,,,,,,,,,,,,,,,,,,,,,,,,,,,0.0,0.0,0.0,,,,,,,,,,,,,,,4.233,,,,,,,,,,,,,,,,,,,,,,,,
Botswana,1985,BWA,1138713,3564063232.0,,,,,,,,,,,,,,,,11.196,0.287,2506.911,2.855,,,,,,30.609,1.296,4855.548,1.551,,,,,,,,,,,,,,,,0.0,0.0,0.0,,,,,,,,,,,,,,,,,,,,,,,,,,,,,,,,,,,,,0.0,0.0,0.0,,,,,,,,,,,,,,,5.529,,,,,,,,,,,,,,,,,,,,,,,,
Botswana,1986,BWA,1179266,3829274624.0,,,,,,,,,,,,,,,,12.128,0.346,2714.288,3.201,,,,,,6.333,0.35,4985.509,1.535,,,,,,,,,,,,,,,,0.0,0.0,0.0,,,,,,,,,,,,,,,,,,,,,,,,,,,,,,,,,,,,,0.0,0.0,0.0,,,,,,,,,,,,,,,5.879,,,,,,,,,,,,,,,,,,,,,,,,
Botswana,1987,BWA,1220365,4148395264.0,,,,,,,,,,,,,,,,-0.612,-0.02,2606.819,3.181,,,,,,5.401,0.318,5077.798,1.494,,,,,,,,,,,,,,,,0.0,0.0,0.0,,,,,,,,,,,,,,,,,,,,,,,,,,,,,,,,,,,,,0.0,0.0,0.0,,,,,,,,,,,,,,,6.197,,,,,,,,,,,,,,,,,,,,,,,,
Botswana,1988,BWA,1261276,4660648960.0,,,,,,,,,,,,,,,,25.051,0.797,3154.125,3.978,,,,,,15.742,0.975,5686.498,1.539,,,,,,,,,,,,,,,,0.0,0.0,0.0,,,,,,,,,,,,,,,,,,,,,,,,,,,,,,,,,,,,,0.0,0.0,0.0,,,,,,,,,,,,,,,7.172,,,,,,,,,,,,,,,,,,,,,,,,
Botswana,1989,BWA,1301681,6213535232.0,,,,,,,,,,,,,,,,8.867,0.353,3327.213,4.331,,,,,,12.973,0.93,6224.804,1.304,,,,,,,,,,,,,,,,0.0,0.0,0.0,,,,,,,,,,,,,,,,,,,,,,,,,,,,,,,,,,,,,0.0,0.0,0.0,,,,,,,,,,,,,,,8.103,,,,,,,,,,,,,,,,,,,,,,,,
Botswana,1990,BWA,1341480,6660711424.0,,,,,,,,,,,,,,,,19.759,0.856,3866.411,5.187,,,,,,10.474,0.849,6672.773,1.344,,,,,,,,,,,,,,,,0.0,0.0,0.0,,,,,,,,,,,,,,,,,,,,,,,,,,,,,,,,,,,,,0.0,0.0,0.0,,,,,,,,,,,,,,,8.951,,,,,,,,,,,,,,,,,,,,,,,,
Botswana,1991,BWA,1380593,7315023872.0,,,,,,,,,,,,,,,,-1.259,-0.065,3709.557,5.121,,,,,,4.67,0.418,6786.519,1.281,,,,,,,,,,,,,,,,0.0,0.0,0.0,,,,,,,,,,,,,,,,,,,,,,,,,,,,,,,,,,,,,0.0,0.0,0.0,,,,,,,,,,,,,,,9.369,,,,,,,,,,,,,,,,,,,,,,,,
Botswana,1992,BWA,1420696,7702511104.0,,,,,,,,,,,,,,,,14.923,0.764,4142.812,5.886,,,,,,21.302,1.996,7999.798,1.476,,,,,,,,,,,,,,,,0.0,0.0,0.0,,,,,,,,,,,,,,,,,,,,,,,,,,,,,,,,,,,,,0.0,0.0,0.0,,,,,,,,,,,,,,,11.365,,,,,,,,,,,,,,,,,,,,,,,,
Botswana,1993,BWA,1462267,8026912768.0,,,,,,,,,,,,,,,,-1.221,-0.072,3975.896,5.814,,,,,,-2.968,-0.337,7541.652,1.374,,,,,,,,,,,,,,,,0.0,0.0,0.0,,,,,,,,,,,,,,,,,,,,,,,,,,,,,,,,,,,,,0.0,0.0,0.0,,,,,,,,,,,,,,,11.028,,,,,,,,,,,,,,,,,,,,,,,,
Botswana,1994,BWA,1503551,8505258496.0,,,,,,,,,,,,,,,,1.236,0.072,3914.518,5.886,,,,,,-0.456,-0.05,7301.158,1.291,,,,,,,,,,,,,,,,0.0,0.0,0.0,,,,,,,,,,,,,,,,,,,,,,,,,,,,,,,,,,,,,0.0,0.0,0.0,,,,,,,,,,,,,,,10.978,,,,,,,,,,,,,,,,,,,,,,,,
Botswana,1995,BWA,1543641,9306935296.0,,,,,,,,,,,,,,,,0.999,0.059,3850.94,5.944,,,,,,1.205,0.132,7197.263,1.194,,,,,,,,,,,,,,,,0.0,0.0,0.0,,,,,,,,,,,,,,,,,,,,,,,,,,,,,,,,,,,,,0.0,0.0,0.0,,,,,,,,,,,,,,,11.11,,,,,,,,,,,,,,,,,,,,,,,,
Botswana,1996,BWA,1582175,10069415936.0,,,,,,,,,,,,,,,,-20.0,-1.189,3005.72,4.756,,,,,,-5.255,-0.584,6652.957,1.045,,,,,,,,,,,,,,,,0.0,0.0,0.0,,,,,,,,,,,,,,,,,,,,,,,,,,,,,,,,,,,,,0.0,0.0,0.0,,,,,,,,,,,,,,,10.526,,,,,,,,,,,,,,,,,,,,,,,,
Botswana,1997,BWA,1619358,11122744320.0,,,,,,,,,,,,,,,,6.593,0.314,3130.333,5.069,,,,,,3.065,0.323,6699.427,0.975,,,,,,,,,,,,,,,,0.0,0.0,0.0,,,,,,,,,,,,,,,,,,,,,,,,,,,,,,,,,,,,,0.0,0.0,0.0,,,,,,,,,,,,,,,10.849,,,,,,,,,,,,,,,,,,,,,,,,
Botswana,1998,BWA,1655707,11452638208.0,,,,,,,,,,,,,,,,19.072,0.967,3645.526,6.036,,,,,,7.207,0.782,7024.547,1.016,,,,,,,,,,,,,,,,0.0,0.0,0.0,,,,,,,,,,,,,,,,,,,,,,,,,,,,,,,,,,,,,0.0,0.0,0.0,,,,,,,,,,,,,,,11.631,,,,,,,,,,,,,,,,,,,,,,,,
Botswana,1999,BWA,1691561,12841606144.0,,,,,,,,,,,,,,,,-22.186,-1.339,2776.597,4.697,,,,,,-5.39,-0.627,6505.033,0.857,,,,,,,,,,,,,,,,0.0,0.0,0.0,,,,,,,,,,,,,,,,,,,,,,,,,,,,,,,,,,,,,0.0,0.0,0.0,,,,,,,,,,,,,,,11.004,,,,,,,,,,,,,,,,,,,,,,,,
Botswana,2000,BWA,1726992,13390984192.0,,,,,0.0,0.0,0.0,,820.225,,,,,515.347,0.89,30.737,1.444,3555.57,6.14,100.0,,1.88,0.89,,30.402,3.345,8308.661,1.072,,,515.347,0.89,,,100.0,,,,,0.0,0.0,,,0.0,0.0,0.0,0.0,,0.73,,,,0.0,0.0,,0.0,,,,,0.0,0.0,,0.0,,0.99,52.66,,,,0.0,0.0,,0.0,,,,,0.0,0.0,,,0.0,0.0,0.0,0.0,,,0.0,0.0,,,0.0,0.0,,0.0,0.0,,515.347,14.349,,,,0.0,0.0,,0.0,,,,,0.0,0.0,,0.0,,,,,0.0,0.0,,0.0,
Botswana,2001,BWA,1761940,13725142016.0,,,,,0.0,0.0,0.0,,821.053,,,,,539.178,0.95,-2.66,-0.163,3392.358,5.977,100.0,,2.13,0.95,,5.123,0.735,8561.099,1.099,,,539.178,0.95,,,100.0,,,,,0.0,0.0,,,0.0,0.0,0.0,0.0,,0.78,,,,0.0,0.0,,0.0,,,,,0.0,0.0,,0.0,,1.18,55.399,,,,0.0,0.0,,0.0,,,,,0.0,0.0,,,0.0,0.0,0.0,0.0,,,0.0,0.0,,,0.0,0.0,,0.0,0.0,,539.178,15.084,,,,0.0,0.0,,0.0,,,,,0.0,0.0,,0.0,,,,,0.0,0.0,,0.0,
Botswana,2002,BWA,1795137,14885487616.0,,,,,0.0,0.0,0.0,,821.429,,,,,467.931,0.84,4.153,0.248,3467.904,6.225,100.0,,2.31,0.84,,4.937,0.745,8817.649,1.063,,,467.931,0.84,,,100.0,,,,,0.0,0.0,,,0.0,0.0,0.0,0.0,,0.69,,,,0.0,0.0,,0.0,,,,,0.0,0.0,,0.0,,1.47,63.636,,,,0.0,0.0,,0.0,,,,,0.0,0.0,,,0.0,0.0,0.0,0.0,,,0.0,0.0,,,0.0,0.0,,0.0,0.0,,467.931,15.829,,,,0.0,0.0,,0.0,,,,,0.0,0.0,,0.0,,,,,0.0,0.0,,0.0,
Botswana,2003,BWA,1826866,15922276352.0,,,,,0.0,0.0,0.0,,823.529,,,,,372.222,0.68,-13.641,-0.849,2942.828,5.376,100.0,,2.55,0.68,,2.216,0.351,8856.523,1.016,,,372.222,0.68,,,100.0,,,,,0.0,0.0,,,0.0,0.0,0.0,0.0,,0.56,,,,0.0,0.0,,0.0,,,,,0.0,0.0,,0.0,,1.87,73.333,,,,0.0,0.0,,0.0,,,,,0.0,0.0,,,0.0,0.0,0.0,0.0,,,0.0,0.0,,,0.0,0.0,,0.0,0.0,,372.222,16.18,,,,0.0,0.0,,0.0,,,,,0.0,0.0,,0.0,,,,,0.0,0.0,,0.0,
Botswana,2004,BWA,1859087,16721032192.0,,,,,0.0,0.0,0.0,,824.324,,,,,398.045,0.74,10.693,0.575,3201.034,5.951,100.0,,2.65,0.74,,-1.511,-0.245,8571.5,0.953,,,398.045,0.74,,,100.0,,,,,0.0,0.0,,,0.0,0.0,0.0,0.0,,0.61,,,,0.0,0.0,,0.0,,,,,0.0,0.0,,0.0,,1.91,72.075,,,,0.0,0.0,,0.0,,,,,0.0,0.0,,,0.0,0.0,0.0,0.0,,,0.0,0.0,,,0.0,0.0,,0.0,0.0,,398.045,15.935,,,,0.0,0.0,,0.0,,,,,0.0,0.0,,0.0,,,,,0.0,0.0,,0.0,
Botswana,2005,BWA,1892819,17874606080.0,,,,,0.0,0.0,0.0,,814.815,,,,,427.933,0.81,8.123,0.483,3399.373,6.434,100.0,,2.79,0.81,,6.288,1.002,8948.104,0.948,,,427.933,0.81,,,100.0,,,,,0.0,0.0,,,0.0,0.0,0.0,0.0,,0.66,,,,0.0,0.0,,0.0,,,,,0.0,0.0,,0.0,,1.98,70.968,,,,0.0,0.0,,0.0,,,,,0.0,0.0,,,0.0,0.0,0.0,0.0,,,0.0,0.0,,,0.0,0.0,,0.0,0.0,,427.933,16.937,,,,0.0,0.0,,0.0,,,,,0.0,0.0,,0.0,,,,,0.0,0.0,,0.0,
Botswana,2006,BWA,1928714,19803983872.0,,,,,0.0,0.0,0.0,,826.667,,,,,388.86,0.75,-2.335,-0.15,3258.209,6.284,100.0,,2.96,0.75,,6.825,1.156,9380.948,0.914,,,388.86,0.75,,,100.0,,,,,0.0,0.0,,,0.0,0.0,0.0,0.0,,0.62,,,,0.0,0.0,,0.0,,,,,0.0,0.0,,0.0,,2.21,74.662,,,,0.0,0.0,,0.0,,,,,0.0,0.0,,,0.0,0.0,0.0,0.0,,,0.0,0.0,,,0.0,0.0,,0.0,0.0,,388.86,18.093,,,,0.0,0.0,,0.0,,,,,0.0,0.0,,0.0,,,,,0.0,0.0,,0.0,
Botswana,2007,BWA,1966980,21924130816.0,,,,,0.0,0.0,0.0,,827.586,,,,,294.868,0.58,-13.929,-0.875,2749.806,5.409,100.0,,3.1,0.58,,2.681,0.485,9445.073,0.847,,,294.868,0.58,,,100.0,,,,,0.0,0.0,,,0.0,0.0,0.0,0.0,,0.48,,,,0.0,0.0,,0.0,,,,,0.0,0.0,,0.0,,2.52,81.29,,,,0.0,0.0,,0.0,,,,,0.0,0.0,,,0.0,0.0,0.0,0.0,,,0.0,0.0,,,0.0,0.0,,0.0,0.0,,294.868,18.578,,,,0.0,0.0,,0.0,,,,,0.0,0.0,,0.0,,,,,0.0,0.0,,0.0,
Botswana,2008,BWA,2007322,23814438912.0,,,,,0.0,0.0,0.0,,818.182,,,,,273.997,0.55,9.903,0.536,2961.393,5.944,100.0,,3.28,0.55,,4.024,0.748,9627.653,0.812,,,273.997,0.55,,,100.0,,,,,0.0,0.0,,,0.0,0.0,0.0,0.0,,0.45,,,,0.0,0.0,,0.0,,,,,0.0,0.0,,0.0,,2.73,83.232,,,,0.0,0.0,,0.0,,,,,0.0,0.0,,,0.0,0.0,0.0,0.0,,,0.0,0.0,,,0.0,0.0,,0.0,0.0,,273.997,19.326,,,,0.0,0.0,,0.0,,,,,0.0,0.0,,0.0,,,,,0.0,0.0,,0.0,
Botswana,2009,BWA,2048997,22485499904.0,,,,,0.0,0.0,0.0,,780.488,,,,,131.772,0.27,-18.901,-1.124,2352.809,4.821,65.854,,3.2,0.41,,-6.487,-1.254,8820.021,0.804,,,200.098,0.41,,,100.0,,,,,0.0,0.0,,,0.0,0.0,0.0,0.0,,0.32,,,,0.0,0.0,,0.0,,,,,0.0,0.0,,0.0,,2.79,87.188,,,,0.0,0.0,,0.0,,,,,68.326,0.14,,,0.0,0.0,0.0,34.146,,,0.0,0.0,,,0.0,0.0,,0.0,0.0,,200.098,18.072,,,,0.0,0.0,,0.0,,,,,0.0,0.0,,0.0,,,,,0.0,0.0,,0.0,
Botswana,2010,BWA,2091666,24958828544.0,,,,,0.0,0.0,0.0,,780.0,,,,,157.769,0.33,33.875,1.633,3085.576,6.454,66.0,,3.48,0.5,,3.023,0.546,8901.267,0.746,,,239.044,0.5,,,100.0,,,,,0.0,0.0,,,0.0,0.0,0.0,0.0,,0.39,,,,0.0,0.0,,0.0,,,,,0.0,0.0,,0.0,,2.98,85.632,,,,0.0,0.0,,0.0,,,,,81.275,0.17,,,0.0,0.0,0.0,34.0,,,0.0,0.0,,,0.0,0.0,,0.0,0.0,,239.044,18.618,,,,0.0,0.0,,0.0,,,,,0.0,0.0,,0.0,,,,,0.0,0.0,,0.0,
Botswana,2011,BWA,2134043,27061133312.0,,,,,0.0,0.0,0.0,,755.556,,,,,93.719,0.2,-20.243,-1.306,2412.097,5.148,44.444,,3.59,0.45,,4.891,0.911,9151.255,0.722,,,210.867,0.45,,,100.0,,,,,0.0,0.0,,,0.0,0.0,0.0,0.0,,0.34,,,,0.0,0.0,,0.0,,,,,0.0,0.0,,0.0,,3.14,87.465,,,,0.0,0.0,,0.0,,,,,117.149,0.25,,,0.0,0.0,0.0,55.556,,,0.0,0.0,,,0.0,0.0,,0.0,0.0,,210.867,19.529,,,,0.0,0.0,,0.0,,,,,0.0,0.0,,0.0,,,,,0.0,0.0,,0.0,
Botswana,2012,BWA,2175429,28266780672.0,,,,,0.0,0.0,0.0,,757.576,,,,,68.952,0.15,86.675,4.462,4417.123,9.609,45.455,,3.6,0.33,,-1.169,-0.228,8872.199,0.683,,,151.694,0.33,,,100.0,,,,,0.0,0.0,,,0.0,0.0,0.0,0.0,,0.25,,,,0.0,0.0,,0.0,,,,,0.0,0.0,,0.0,,3.27,90.833,,,,0.0,0.0,,0.0,,,,,82.742,0.18,,,0.0,0.0,0.0,54.545,,,0.0,0.0,,,0.0,0.0,,0.0,0.0,,151.694,19.301,,,,0.0,0.0,,0.0,,,,,0.0,0.0,,0.0,,,,,0.0,0.0,,0.0,
Botswana,2013,BWA,2217285,31054362624.0,,,,,0.0,0.0,0.0,,790.698,,,,,284.131,0.63,1.7,0.163,4407.393,9.772,73.256,,3.68,0.86,,-0.731,-0.141,8641.081,0.617,,,387.862,0.86,,,100.0,,,,,0.0,0.0,,,0.0,0.0,0.0,0.0,,0.68,,,,0.0,0.0,,0.0,,,,,0.0,0.0,,0.0,,2.82,76.63,,,,0.0,0.0,,0.0,,,,,103.73,0.23,,,0.0,0.0,0.0,26.744,,,0.0,0.0,,,0.0,0.0,,0.0,0.0,,387.862,19.16,,,,0.0,0.0,,0.0,,,,,0.0,0.0,,0.0,,,,,0.0,0.0,,0.0,
Botswana,2014,BWA,2260383,32048893952.0,,,,,0.0,0.0,0.0,,797.235,,,,,787.477,1.78,14.699,1.436,4958.831,11.209,82.028,,3.85,2.17,,0.437,0.084,8513.395,0.6,,,960.014,2.17,,,100.0,,,,,0.0,0.0,,,0.0,0.0,0.0,0.0,,1.73,,,,0.0,0.0,,0.0,,,,,0.0,0.0,,0.0,,1.68,43.636,,,,0.0,0.0,,0.0,,,,,172.537,0.39,,,0.0,0.0,0.0,17.972,,,0.0,0.0,,,0.0,0.0,,0.0,0.0,,960.014,19.244,,,,0.0,0.0,,0.0,,,,,0.0,0.0,,0.0,,,,,0.0,0.0,,0.0,
Botswana,2015,BWA,2305177,31968200704.0,,,,,0.0,0.0,0.0,,799.283,,,,,993.416,2.29,21.778,2.441,5921.422,13.65,82.079,,4.26,2.79,,21.849,4.205,10171.935,0.733,,,1210.319,2.79,,,100.0,,,,,0.0,0.0,,,0.0,0.0,0.0,0.0,,2.23,,,,0.0,0.0,,0.0,,,,,0.0,0.0,,0.0,,1.47,34.507,,,,0.0,0.0,,0.0,,,,,216.903,0.5,,,0.0,0.0,0.0,17.921,,,0.0,0.0,,,0.0,0.0,,0.0,0.0,,1210.319,23.448,,,,0.0,0.0,,0.0,,,,,0.0,0.0,,0.0,,,,,0.0,0.0,,0.0,
Botswana,2016,BWA,2352419,33339518976.0,,,,,0.0,0.0,0.0,,801.587,,,,,879.945,2.07,-10.056,-1.373,5219.0,12.277,82.143,,4.17,2.52,,9.999,2.345,10964.355,0.774,,,1071.238,2.52,,,100.0,,,,,0.0,0.0,,,0.0,0.0,0.0,0.0,,2.02,,,,0.0,0.0,,0.0,,,,,0.0,0.0,,0.0,,1.65,39.568,,,,0.0,0.0,,0.0,,,,,191.292,0.45,,,0.0,0.0,0.0,17.857,,,0.0,0.0,,,0.0,0.0,,0.0,0.0,,1071.238,25.793,,,,0.0,0.0,,0.0,,,,,0.0,0.0,,0.0,,,,,0.0,0.0,,0.0,
Botswana,2017,BWA,2401848,34307698688.0,,,,,0.0,0.0,0.0,,799.296,,,,,970.086,2.33,,,,,82.042,,4.13,2.84,,-7.999,-2.063,9879.757,0.692,,,1182.423,2.84,,,100.0,,,,,0.0,0.0,,,,,,0.0,,2.27,,,,0.0,0.0,,0.0,,,,,0.0,0.0,,0.0,,1.29,31.235,,,,0.0,0.0,,0.0,,,,,212.337,0.51,,,,,,17.958,,,0.0,0.0,,,0.0,0.0,,0.0,0.0,,1182.423,23.73,,,,0.0,0.0,,0.0,,,,,0.0,0.0,,0.0,,,,,0.0,0.0,,0.0,
Botswana,2018,BWA,2451411,35844341760.0,,,,,0.0,0.0,0.0,,794.613,,,,,991.266,2.43,,,,,81.818,,4.16,2.97,,-0.856,-0.203,9597.184,0.656,,,1207.468,2.96,,,99.663,,,,,0.0,0.0,,,,,,0.0,,2.36,,,,0.0,0.0,,0.0,,,,,4.079,0.01,,0.337,,1.19,28.606,,,,0.0,0.0,,0.0,,,,,216.202,0.53,,,,,,17.845,,,0.0,0.0,,,0.0,0.0,,0.0,0.0,,1211.547,23.527,,,,4.079,0.01,,0.337,,,,,4.079,0.01,,0.337,,,,,0.0,0.0,,0.0,
Botswana,2019,BWA,2499705,,,,,,0.0,0.0,0.0,,797.386,,,,,1000.118,2.5,,,,,81.699,,4.81,3.06,,0.597,0.141,9467.984,,,,1220.144,3.05,,,99.673,,,,,0.0,0.0,,,,,,0.0,,2.44,,,,0.0,0.0,,0.0,,,,,4.0,0.01,,0.327,,1.75,36.383,,,,0.0,0.0,,0.0,,,,,220.026,0.55,,,,,,17.974,,,0.0,0.0,,,0.0,0.0,,0.0,0.0,,1224.144,23.667,,,,4.0,0.01,,0.327,,,,,4.0,0.01,,0.327,,,,,0.0,0.0,,0.0,
Botswana,2020,BWA,2546404,,,,,,0.0,0.0,0.0,,796.117,,,,,659.754,1.68,,,,,81.553,,3.9,2.06,,-4.855,-1.149,8843.107,,,,805.057,2.05,,,99.515,,,,,0.0,0.0,,,,,,0.0,,1.64,,,,0.0,0.0,,0.0,,,,,3.927,0.01,,0.485,,1.84,47.179,,,,0.0,0.0,,0.0,,,,,145.303,0.37,,,,,,17.961,,,0.0,0.0,,,0.0,0.0,,0.0,0.0,,808.984,22.518,,,,3.927,0.01,,0.485,,,,,3.927,0.01,,0.485,,,,,0.0,0.0,,0.0,
Botswana,2021,BWA,2588424,,,,,,0.0,0.0,0.0,,794.521,,,,,691.54,1.79,,,,,81.735,,4.03,2.19,,7.884,1.775,9385.398,,,,842.211,2.18,,,99.543,,,,,0.0,0.0,,,,,,0.0,,1.74,,,,0.0,0.0,,0.0,,,,,3.863,0.01,,0.457,,1.84,45.658,,,,0.0,0.0,,0.0,,,,,150.671,0.39,,,,,,17.808,,,0.0,0.0,,,0.0,0.0,,0.0,0.0,,846.075,24.293,,,,3.863,0.01,,0.457,,,,,3.863,0.01,,0.457,,,,,0.0,0.0,,0.0,
Brazil,1900,BRA,18058538,15718016000.0,,,,,,,,,,,,,,,,,,0.0,0.0,,,,,,,,,,,,,,,,,,,,,,,,,,0.0,0.0,,,,,,,,,,,,,,,,,,,,,,,,,,,,,,,,,,,,,,0.0,0.0,,,,,,,,,,,,,,,,,,,,,,,,,,,,,,,,,,,,,,,
Brazil,1901,BRA,18463951,17288480768.0,,,,,,,,,,,,,,,,,0.0,0.0,0.0,,,,,,,,,,,,,,,,,,,,,,,,,0.0,0.0,0.0,,,,,,,,,,,,,,,,,,,,,,,,,,,,,,,,,,,,,0.0,0.0,0.0,,,,,,,,,,,,,,,,,,,,,,,,,,,,,,,,,,,,,,,
Brazil,1902,BRA,18869255,17298221056.0,,,,,,,,,,,,,,,,,0.0,0.0,0.0,,,,,,,,,,,,,,,,,,,,,,,,,0.0,0.0,0.0,,,,,,,,,,,,,,,,,,,,,,,,,,,,,,,,,,,,,0.0,0.0,0.0,,,,,,,,,,,,,,,,,,,,,,,,,,,,,,,,,,,,,,,
Brazil,1903,BRA,19274237,17645600768.0,,,,,,,,,,,,,,,,,0.0,0.0,0.0,,,,,,,,,,,,,,,,,,,,,,,,,0.0,0.0,0.0,,,,,,,,,,,,,,,,,,,,,,,,,,,,,,,,,,,,,0.0,0.0,0.0,,,,,,,,,,,,,,,,,,,,,,,,,,,,,,,,,,,,,,,
Brazil,1904,BRA,19687910,17980866560.0,,,,,,,,,,,,,,,,,0.0,0.0,0.0,,,,,,,,,,,,,,,,,,,,,,,,,0.0,0.0,0.0,,,,,,,,,,,,,,,,,,,,,,,,,,,,,,,,,,,,,0.0,0.0,0.0,,,,,,,,,,,,,,,,,,,,,,,,,,,,,,,,,,,,,,,
Brazil,1905,BRA,20110461,18502774784.0,,,,,,,,,,,,,,,,,0.0,0.0,0.0,,,,,,,,,,,,,,,,,,,,,,,,,0.0,0.0,0.0,,,,,,,,,,,,,,,,,,,,,,,,,,,,,,,,,,,,,0.0,0.0,0.0,,,,,,,,,,,,,,,,,,,,,,,,,,,,,,,,,,,,,,,
Brazil,1906,BRA,20542081,20284010496.0,,,,,,,,,,,,,,,,,0.0,0.0,0.0,,,,,,,,,,,,,,,,,,,,,,,,,0.0,0.0,0.0,,,,,,,,,,,,,,,,,,,,,,,,,,,,,,,,,,,,,0.0,0.0,0.0,,,,,,,,,,,,,,,,,,,,,,,,,,,,,,,,,,,,,,,
Brazil,1907,BRA,20982964,20275920896.0,,,,,,,,,,,,,,,,,0.0,0.0,0.0,,,,,,,,,,,,,,,,,,,,,,,,,0.0,0.0,0.0,,,,,,,,,,,,,,,,,,,,,,,,,,,,,,,,,,,,,0.0,0.0,0.0,,,,,,,,,,,,,,,,,,,,,,,,,,,,,,,,,,,,,,,
Brazil,1908,BRA,21433310,20131334144.0,,,,,,,,,,,,,,,,,0.0,0.0,0.0,,,,,,,,,,,,,,,,,,,,,,,,,0.0,0.0,0.0,,,,,,,,,,,,,,,,,,,,,,,,,,,,,,,,,,,,,0.0,0.0,0.0,,,,,,,,,,,,,,,,,,,,,,,,,,,,,,,,,,,,,,,
Brazil,1909,BRA,21892657,21732245504.0,,,,,,,,,,,,,,,,,0.094,4.287,0.094,,,,,,,,,,,,,,,,,,,,,,,,,0.0,0.0,0.0,,,,,,,,,,,,,,,,,,,,,,,,,,,,,,,,,,,,,0.0,0.0,0.0,,,,,,,,,,,,,,,,,,,,,,,,,,,,,,,,,,,,,,,
Brazil,1910,BRA,22361184,21993840640.0,,,,,,,,,,,,,,,,-100.0,-0.094,0.0,0.0,,,,,,,,,,,,,,,,,,,,,,,,,0.0,0.0,0.0,,,,,,,,,,,,,,,,,,,,,,,,,,,,,,,,,,,,,0.0,0.0,0.0,,,,,,,,,,,,,,,,,,,,,,,,,,,,,,,,,,,,,,,
Brazil,1911,BRA,22839075,24411211776.0,,,,,,,,,,,,,,,,,0.0,0.0,0.0,,,,,,,,,,,,,,,,,,,,,,,,,0.0,0.0,0.0,,,,,,,,,,,,,,,,,,,,,,,,,,,,,,,,,,,,,0.0,0.0,0.0,,,,,,,,,,,,,,,,,,,,,,,,,,,,,,,,,,,,,,,
Brazil,1912,BRA,23326514,24141056000.0,,,,,,,,,,,,,,,,,0.063,2.682,0.063,,,,,,,,,,,,,,,,,,,,,,,,,0.0,0.0,0.0,,,,,,,,,,,,,,,,,,,,,,,,,,,,,,,,,,,,,0.0,0.0,0.0,,,,,,,,,,,,,,,,,,,,,,,,,,,,,,,,,,,,,,,
Brazil,1913,BRA,23823693,24748359680.0,,,,,,,,,,,,,,,,50.0,0.031,3.939,0.094,,,,,,,,,,,,,,,,,,,,,,,,,0.0,0.0,0.0,,,,,,,,,,,,,,,,,,,,,,,,,,,,,,,,,,,,,0.0,0.0,0.0,,,,,,,,,,,,,,,,,,,,,,,,,,,,,,,,,,,,,,,
Brazil,1914,BRA,24331468,24257644544.0,,,,,,,,,,,,,,,,-33.333,-0.031,2.571,0.063,,,,,,,,,,,,,,,,,,,,,,,,,0.0,0.0,0.0,,,,,,,,,,,,,,,,,,,,,,,,,,,,,,,,,,,,,0.0,0.0,0.0,,,,,,,,,,,,,,,,,,,,,,,,,,,,,,,,,,,,,,,
Brazil,1915,BRA,24850065,25364871168.0,,,,,,,,,,,,,,,,150.0,0.094,6.294,0.156,,,,,,,,,,,,,,,,,,,,,,,,,0.0,0.0,0.0,,,,,,,,,,,,,,,,,,,,,,,,,,,,,,,,,,,,,0.0,0.0,0.0,,,,,,,,,,,,,,,,,,,,,,,,,,,,,,,,,,,,,,,
Brazil,1916,BRA,25379715,26104092672.0,,,,,,,,,,,,,,,,200.0,0.313,18.488,0.469,,,,,,,,,,,,,,,,,,,,,,,,,0.0,0.0,0.0,,,,,,,,,,,,,,,,,,,,,,,,,,,,,,,,,,,,,0.0,0.0,0.0,,,,,,,,,,,,,,,,,,,,,,,,,,,,,,,,,,,,,,,
Brazil,1917,BRA,25920654,27944951808.0,,,,,,,,,,,,,,,,100.0,0.469,36.205,0.938,,,,,,,,,,,,,,,,,,,,,,,,,0.0,0.0,0.0,,,,,,,,,,,,,,,,,,,,,,,,,,,,,,,,,,,,,0.0,0.0,0.0,,,,,,,,,,,,,,,,,,,,,,,,,,,,,,,,,,,,,,,
Brazil,1918,BRA,26470416,27354357760.0,,,,,,,,,,,,,,,,93.333,0.876,68.542,1.814,,,,,,,,,,,,,,,,,,,,,,,,,0.0,0.0,0.0,,,,,,,,,,,,,,,,,,,,,,,,,,,,,,,,,,,,,0.0,0.0,0.0,,,,,,,,,,,,,,,,,,,,,,,,,,,,,,,,,,,,,,,
Brazil,1919,BRA,27027899,30967590912.0,,,,,,,,,,,,,,,,-3.448,-0.063,64.814,1.752,,,,,,,,,,,,,,,,,,,,,,,,,0.0,0.0,0.0,,,,,,,,,,,,,,,,,,,,,,,,,,,,,,,,,,,,,0.0,0.0,0.0,,,,,,,,,,,,,,,,,,,,,,,,,,,,,,,,,,,,,,,
Brazil,1920,BRA,27593186,34035767296.0,,,,,,,,,,,,,,,,9.643,0.169,69.608,1.921,,,,,,,,,,,,,,,,,,,,,,,,,0.0,0.0,0.0,,,,,,,,,,,,,,,,,,,,,,,,,,,,,,,,,,,,,0.0,0.0,0.0,,,,,,,,,,,,,,,,,,,,,,,,,,,,,,,,,,,,,,,
Brazil,1921,BRA,28166360,34737496064.0,,,,,,,,,,,,,,,,-2.28,-0.044,66.636,1.877,,,,,,,,,,,,,,,,,,,,,,,,,0.0,0.0,0.0,,,,,,,,,,,,,,,,,,,,,,,,,,,,,,,,,,,,,0.0,0.0,0.0,,,,,,,,,,,,,,,,,,,,,,,,,,,,,,,,,,,,,,,
Brazil,1922,BRA,28747505,37133139968.0,,,,,,,,,,,,,,,,1.0,0.019,65.942,1.896,,,,,,,,,,,,,,,,,,,,,,,,,0.0,0.0,0.0,,,,,,,,,,,,,,,,,,,,,,,,,,,,,,,,,,,,,0.0,0.0,0.0,,,,,,,,,,,,,,,,,,,,,,,,,,,,,,,,,,,,,,,
Brazil,1923,BRA,29336703,39232720896.0,,,,,,,,,,,,,,,,8.581,0.163,70.163,2.058,,,,,,,,,,,,,,,,,,,,,,,,,0.0,0.0,0.0,,,,,,,,,,,,,,,,,,,,,,,,,,,,,,,,,,,,,0.0,0.0,0.0,,,,,,,,,,,,,,,,,,,,,,,,,,,,,,,,,,,,,,,
Brazil,1924,BRA,29937978,39234359296.0,,,,,,,,,,,,,,,,12.158,0.25,77.113,2.309,,,,,,,,,,,,,,,,,,,,,,,,,0.0,0.0,0.0,,,,,,,,,,,,,,,,,,,,,,,,,,,,,,,,,,,,,0.0,0.0,0.0,,,,,,,,,,,,,,,,,,,,,,,,,,,,,,,,,,,,,,,
Brazil,1925,BRA,30551576,39370936320.0,,,,,,,,,,,,,,,,6.233,0.144,80.274,2.452,,,,,,,,,,,,,,,,,,,,,,,,,0.0,0.0,0.0,,,,,,,,,,,,,,,,,,,,,,,,,,,,,,,,,,,,,0.0,0.0,0.0,,,,,,,,,,,,,,,,,,,,,,,,,,,,,,,,,,,,,,,
Brazil,1926,BRA,31177749,40207945728.0,,,,,,,,,,,,,,,,-9.184,-0.225,71.438,2.227,,,,,,,,,,,,,,,,,,,,,,,,,0.0,0.0,0.0,,,,,,,,,,,,,,,,,,,,,,,,,,,,,,,,,,,,,0.0,0.0,0.0,,,,,,,,,,,,,,,,,,,,,,,,,,,,,,,,,,,,,,,
Brazil,1927,BRA,31816757,43147841536.0,,,,,,,,,,,,,,,,-3.933,-0.088,67.25,2.14,,,,,,,,,,,,,,,,,,,,,,,,,0.0,0.0,0.0,,,,,,,,,,,,,,,,,,,,,,,,,,,,,,,,,,,,,0.0,0.0,0.0,,,,,,,,,,,,,,,,,,,,,,,,,,,,,,,,,,,,,,,
Brazil,1928,BRA,32468862,48093126656.0,,,,,,,,,,,,,,,,-4.971,-0.106,62.624,2.033,,,,,,,,,,,,,,,,,,,,,,,,,0.0,0.0,0.0,,,,,,,,,,,,,,,,,,,,,,,,,,,,,,,,,,,,,0.0,0.0,0.0,,,,,,,,,,,,,,,,,,,,,,,,,,,,,,,,,,,,,,,
Brazil,1929,BRA,33134257,48189710336.0,,,,,,,,,,,,,,,,14.769,0.3,70.429,2.334,,,,,,,,,,,,,,,,,,,,,,,,,0.0,0.0,0.0,,,,,,,,,,,,,,,,,,,,,,,,,,,,,,,,,,,,,0.0,0.0,0.0,,,,,,,,,,,,,,,,,,,,,,,,,,,,,,,,,,,,,,,
Brazil,1930,BRA,33813213,45316800512.0,,,,,,,,,,,,,,,,3.217,0.075,71.235,2.409,,,,,,,,,,,,,,,,,,,,,,,,,0.0,0.0,0.0,,,,,,,,,,,,,,,,,,,,,,,,,,,,,,,,,,,,,0.0,0.0,0.0,,,,,,,,,,,,,,,,,,,,,,,,,,,,,,,,,,,,,,,
Brazil,1931,BRA,34506006,44327264256.0,,,,,,,,,,,,,,,,28.312,0.682,89.568,3.091,,,,,,,,,,,,,,,,,,,,,,,,,0.0,0.0,0.0,,,,,,,,,,,,,,,,,,,,,,,,,,,,,,,,,,,,,0.0,0.0,0.0,,,,,,,,,,,,,,,,,,,,,,,,,,,,,,,,,,,,,,,
Brazil,1932,BRA,35212919,45863583744.0,,,,,,,,,,,,,,,,9.514,0.294,96.121,3.385,,,,,,,,,,,,,,,,,,,,,,,,,0.0,0.0,0.0,,,,,,,,,,,,,,,,,,,,,,,,,,,,,,,,,,,,,0.0,0.0,0.0,,,,,,,,,,,,,,,,,,,,,,,,,,,,,,,,,,,,,,,
Brazil,1933,BRA,35934239,49478451200.0,,,,,,,,,,,,,,,,19.408,0.657,112.472,4.042,,,,,,,,,,,,,,,,,,,,,,,,,0.0,0.0,0.0,,,,,,,,,,,,,,,,,,,,,,,,,,,,,,,,,,,,,0.0,0.0,0.0,,,,,,,,,,,,,,,,,,,,,,,,,,,,,,,,,,,,,,,
Brazil,1934,BRA,36670335,53550284800.0,,,,,,,,,,,,,,,,13.158,0.532,124.717,4.573,,,,,,,,,,,,,,,,,,,,,,,,,0.0,0.0,0.0,,,,,,,,,,,,,,,,,,,,,,,,,,,,,,,,,,,,,0.0,0.0,0.0,,,,,,,,,,,,,,,,,,,,,,,,,,,,,,,,,,,,,,,
Brazil,1935,BRA,37421510,55056297984.0,,,,,,,,,,,,,,,,14.911,0.682,140.436,5.255,,,,,,,,,,,,,,,,,,,,,,,,,0.0,0.0,0.0,,,,,,,,,,,,,,,,,,,,,,,,,,,,,,,,,,,,,0.0,0.0,0.0,,,,,,,,,,,,,,,,,,,,,,,,,,,,,,,,,,,,,,,
Brazil,1936,BRA,38188072,60316401664.0,,,,,,,,,,,,,,,,-21.19,-1.114,108.456,4.142,,,,,,,,,,,,,,,,,,,,,,,,,0.0,0.0,0.0,,,,,,,,,,,,,,,,,,,,,,,,,,,,,,,,,,,,,0.0,0.0,0.0,,,,,,,,,,,,,,,,,,,,,,,,,,,,,,,,,,,,,,,
Brazil,1937,BRA,38970337,62286069760.0,,,,,,,,,,,,,,,,15.257,0.632,122.493,4.774,,,,,,,,,,,,,,,,,,,,,,,,,0.0,0.0,0.0,,,,,,,,,,,,,,,,,,,,,,,,,,,,,,,,,,,,,0.0,0.0,0.0,,,,,,,,,,,,,,,,,,,,,,,,,,,,,,,,,,,,,,,
Brazil,1938,BRA,39768626,64865640448.0,,,,,,,,,,,,,,,,18.48,0.882,142.216,5.656,,,,,,,,,,,,,,,,,,,,,,,,,0.0,0.0,0.0,,,,,,,,,,,,,,,,,,,,,,,,,,,,,,,,,,,,,0.0,0.0,0.0,,,,,,,,,,,,,,,,,,,,,,,,,,,,,,,,,,,,,,,
Brazil,1939,BRA,40633684,65550204928.0,,,,,,,,,,,,,,,,15.819,0.895,161.206,6.55,,,,,,,,,,,,,,,,,,,,,,,,,0.0,0.0,0.0,,,,,,,,,,,,,,,,,,,,,,,,,,,,,,,,,,,,,0.0,0.0,0.0,,,,,,,,,,,,,,,,,,,,,,,,,,,,,,,,,,,,,,,
Brazil,1940,BRA,41568218,66193539072.0,,,,,,,,,,,,,,,,27.603,1.808,201.079,8.358,,,,,,,,,,,,,,,,,,,,,,,,,0.0,0.0,0.0,,,,,,,,,,,,,,,,,,,,,,,,,,,,,,,,,,,,,0.0,0.0,0.0,,,,,,,,,,,,,,,,,,,,,,,,,,,,,,,,,,,,,,,
Brazil,1941,BRA,42575027,70802128896.0,,,,,,,,,,,,,,,,5.389,0.45,206.904,8.809,,,,,,,,,,,,,,,,,,,,,,,,,0.0,0.0,0.0,,,,,,,,,,,,,,,,,,,,,,,,,,,,,,,,,,,,,0.0,0.0,0.0,,,,,,,,,,,,,,,,,,,,,,,,,,,,,,,,,,,,,,,
Brazil,1942,BRA,43657003,68221296640.0,,,,,,,,,,,,,,,,26.065,2.296,254.37,11.105,,,,,,,,,,,,,,,,,,,,,,,,,0.0,0.0,0.0,,,,,,,,,,,,,,,,,,,,,,,,,,,,,,,,,,,,,0.047,1.066,0.047,,,,,,,,,,,,,,,,,,,,,,,,,,,,,,,,,,,,,,,
Brazil,1943,BRA,44817135,77735960576.0,,,,,,,,,,,,,,,,17.07,1.896,290.084,13.001,,,,,,,,,,,,,,,,,,,,,,,,,0.0,0.0,0.0,,,,,,,,,,,,,,,,,,,,,,,,,,,,,,,,,,,,50.0,0.023,1.557,0.07,,,,,,,,,,,,,,,,,,,,,,,,,,,,,,,,,,,,,,,
Brazil,1944,BRA,46008096,80576684032.0,,,,,,,,,,,,,,,,-8.181,-1.064,259.457,11.937,,,,,,,,,,,,,,,,,,,,,,,,,0.0,0.0,0.0,,,,,,,,,,,,,,,,,,,,,,,,,,,,,,,,,,,,33.333,0.023,2.022,0.093,,,,,,,,,,,,,,,,,,,,,,,,,,,,,,,,,,,,,,,
Brazil,1945,BRA,47230706,82817277952.0,,,,,,,,,,,,,,,,8.648,1.032,274.597,12.969,,,,,,,,,,,,,,,,,,,,,,,,,0.0,0.0,0.0,,,,,,,,,,,,,,,,,,,,,,,,,,,,,,,,,,,,25.0,0.023,2.462,0.116,,,,,,,,,,,,,,,,,,,,,,,,,,,,,,,,,,,,,,,
Brazil,1946,BRA,48485805,91503345664.0,,,,,,,,,,,,,,,,-8.49,-1.101,244.779,11.868,,,,,,,,,,,,,,,,,,,,,,,,,0.104,2.15,0.104,,,,,,,,,,,,,,,,,,,,,,,,,,,,,,,,,,,,-10.0,-0.012,2.159,0.105,,,,,,,,,,,,,,,,,,,,,,,,,,,,,,,,,,,,,,,
Brazil,1947,BRA,49774257,94744731648.0,,,,,,,,,,,,,,,,5.377,0.638,251.264,12.506,,,,,,,,,,,,,,,,,,,,,,,,-88.889,-0.093,0.233,0.012,,,,,,,,,,,,,,,,,,,,,,,,,,,,,,,,,,,,44.444,0.047,3.038,0.151,,,,,,,,,,,,,,,,,,,,,,,,,,,,,,,,,,,,,,,
Brazil,1948,BRA,51096948,103940636672.0,,,,,,,,,,,,,,,,1.301,0.163,247.943,12.669,,,,,,,,,,,,,,,,,,,,,,,,200.0,0.023,0.68,0.035,,,,,,,,,,,,,,,,,,,,,,,,,,,,,,,,,,,,46.154,0.07,4.325,0.221,,,,,,,,,,,,,,,,,,,,,,,,,,,,,,,,,,,,,,,
Brazil,1949,BRA,52489682,111894872064.0,,,,,,,,,,,,,,,,5.136,0.651,253.76,13.32,,,,,,,,,,,,,,,,,,,,,,,,66.667,0.023,1.103,0.058,,,,,,,,,,,,,,,,,,,,,,,,,,,,,,,,,,,,-26.316,-0.058,3.102,0.163,,,,,,,,,,,,,,,,,,,,,,,,,,,,,,,,,,,,,,,
Brazil,1950,BRA,53955360,119498719232.0,,,,,,,,,,,,,,,,-7.985,-1.064,227.155,12.256,,,,,,,,,,,,,,,,,,,,,,,,0.0,0.0,1.073,0.058,,,,,,,,,,,,,,,,,,,,,,,,,,,,,,,,,,,,214.286,0.349,9.484,0.512,,,,,,,,,,,,,,,,,,,,,,,,,,,,,,,,,,,,,,,
Brazil,1951,BRA,55591060,125334814720.0,,,,,,,,,,,,,,,,0.204,0.025,220.921,12.281,,,,,,,,,,,,,,,,,,,,,,,,60.0,0.035,1.667,0.093,,,,,,,,,,,,,,,,,,,,,,,,,,,,,,,,,,,,104.545,0.535,18.829,1.047,,,,,,,,,,,,,,,,,,,,,,,,,,,,,,,,,,,,,,,
Brazil,1952,BRA,57283340,134544285696.0,,,,,,,,,,,,,,,,-0.153,-0.019,214.067,12.262,,,,,,,,,,,,,,,,,,,,,,,,-12.5,-0.012,1.415,0.081,,,,,,,,,,,,,,,,,,,,,,,,,,,,,,,,,,,,8.889,0.093,19.897,1.14,,,,,,,,,,,,,,,,,,,,,,,,,,,,,,,,,,,,,,,
Brazil,1953,BRA,59025680,140888047616.0,,,,,,,,,,,,,,,,3.265,0.4,214.532,12.663,,,,,,,,,,,,,,,,,,,,,,,,285.714,0.232,5.298,0.313,,,,,,,,,,,,,,,,,,,,,,,,,,,,,,,,,,,,21.429,0.244,23.447,1.384,,,,,,,,,,,,,,,,,,,,,,,,,,,,,,,,,,,,,,,
Brazil,1954,BRA,60827596,151832707072.0,,,,,,,,,,,,,,,,1.532,0.194,211.365,12.857,,,,,,,,,,,,,,,,,,,,,,,,133.333,0.417,11.997,0.73,,,,,,,,,,,,,,,,,,,,,,,,,,,,,,,,,,,,8.403,0.116,24.664,1.5,,,,,,,,,,,,,,,,,,,,,,,,,,,,,,,,,,,,,,,
Brazil,1955,BRA,62701036,165244239872.0,,,,,,,,,,,,,,,,10.365,1.333,226.303,14.189,,,,,,,,,,,,,,,,,,,,,,,,-1.587,-0.012,11.453,0.718,,,,,,,,,,,,,,,,,,,,,,,,,,,,,,,,,,,,104.651,1.57,48.968,3.07,,,,,,,,,,,,,,,,,,,,,,,,,,,,,,,,,,,,,,,
Brazil,1956,BRA,64644888,170024681472.0,,,,,,,,,,,,,,,,-1.499,-0.213,216.207,13.977,,,,,,,,,,,,,,,,,,,,,,,,35.484,0.255,15.051,0.973,,,,,,,,,,,,,,,,,,,,,,,,,,,,,,,,,,,,101.136,3.105,95.53,6.176,,,,,,,,,,,,,,,,,,,,,,,,,,,,,,,,,,,,,,,
Brazil,1957,BRA,66660892,183084417024.0,,,,,,,,,,,,,,,,-7.207,-1.007,194.558,12.969,,,,,,,,,,,,,,,,,,,,,,,,88.095,0.857,27.454,1.83,,,,,,,,,,,,,,,,,,,,,,,,,,,,,,,,,,,,148.776,9.188,230.468,15.363,,,,,,,,,,,,,,,,,,,,,,,,,,,,,,,,,,,,,,,
Brazil,1958,BRA,68735928,202937303040.0,,,,,,,,,,,,,,,,8.056,1.045,203.885,14.014,,,,,,,,,,,,,,,,,,,,,,,,89.873,1.645,50.554,3.475,,,,,,,,,,,,,,,,,,,,,,,,,,,,,,,,,,,,87.207,13.398,418.427,28.761,,,,,,,,,,,,,,,,,,,,,,,,,,,,,,,,,,,,,,,
Brazil,1959,BRA,70880824,222726635520.0,,,,,,,,,,,,,,,,4.018,0.563,205.66,14.577,,,,,,,,,,,,,,,,,,,,,,,,42.333,1.471,69.777,4.946,,,,,,,,,,,,,,,,,,,,,,,,,,,,,,,,,,,,24.666,7.094,505.853,35.855,,,,,,,,,,,,,,,,,,,,,,,,,,,,,,,,,,,,,,,
Brazil,1960,BRA,73092520,243618971648.0,,,,,,,,,,,,,,,,0.0,0.0,199.436,14.577,,,,,,,,,,,,,,,,,,,,,,,,25.293,1.251,84.78,6.197,,,,,,,,,,,,,,,,,,,,,,,,,,,,,,,,,,,,25.527,9.153,615.769,45.008,,,,,,,,,,,,,,,,,,,,,,,,,,,,,,,,,,,,,,,
Brazil,1961,BRA,75330008,264690958336.0,,,,,,,,,,,,,,,,2.575,0.375,198.496,14.953,,,,,,,,,,,,,,,,,,,,,,,,-1.495,-0.093,81.032,6.104,,,,,,,,,,,,,,,,,,,,,,,,,,,,,,,,,,,,17.545,7.897,702.308,52.905,,,,,,,,,,,,,,,,,,,,,,,,,,,,,,,,,,,,,,,
Brazil,1962,BRA,77599224,282182189056.0,,,,,,,,,,,,,,,,4.937,0.738,202.205,15.691,,,,,,,,,,,,,,,,,,,,,,,,-3.036,-0.185,76.274,5.919,,,,,,,,,,,,,,,,,,,,,,,,,,,,,,,,,,,,-4.001,-2.117,654.494,50.788,,,,,,,,,,,,,,,,,,,,,,,,,,,,,,,,,,,,,,,
Brazil,1963,BRA,79915560,283741028352.0,,,,,,,,,,,,,,,,12.759,2.002,221.396,17.693,,,,,,,,,,,,,,,,,,,,,,,,-1.566,-0.093,72.904,5.826,,,,,,,,,,,,,,,,,,,,,,,,,,,,,,,,,,,,6.915,3.512,679.473,54.3,,,,,,,,,,,,,,,,,,,,,,,,,,,,,,,,,,,,,,,
Brazil,1964,BRA,82262800,293385666560.0,,,,,,,,,,,,,,,,5.728,1.014,227.399,18.707,,,,,,,,,,,,,,,,,,,,,,,,5.765,0.336,74.907,6.162,,,,,,,,,,,,,,,,,,,,,,,,,,,,,,,,,,,,-6.768,-3.675,615.41,50.625,,,,,,,,,,,,,,,,,,,,,,,,,,,,,,,,,,,,,,,
Brazil,1965,BRA,84623752,300547047424.0,,,,,,,,,,,,238.444,20.178,,,4.916,0.92,231.923,19.626,,7.368,,,,,,3236.321,0.911,,,,,2344.756,198.422,,72.451,,,0.513,,,6.067,28.571,1.761,93.622,7.923,,0.187,,,,75.448,301.511,25.515,891.565,,27.549,,,75.448,0.0,0.0,891.565,,27.549,,,,,0.0,0.0,0.0,0.0,,0.0,,,177.731,,,2100.244,15.901,8.05,693.37,58.676,,64.896,,,,,,,,,,,,,273.87,,,75.448,,,891.565,,27.549,,,,,,,,,,,,,,,,
Brazil,1966,BRA,86979288,320583729152.0,,,,,,,,,,8.357,1.686,251.375,21.864,,,16.863,3.31,263.693,22.936,,7.318,,,,9.096,24.911,3435.072,0.932,8.991,17.84,,,2486.366,216.262,,72.382,16.941,0.087,0.6,,,6.903,15.351,1.216,105.069,9.139,,0.201,,9.371,7.07,82.518,320.835,27.906,948.706,,27.618,9.371,7.07,82.518,0.0,0.0,948.706,,27.618,,,,0.0,0.0,0.0,0.0,0.0,,0.0,9.04,16.067,193.798,,,2228.089,22.082,12.957,823.559,71.633,,64.863,,,,,,,,,,,,,298.78,9.371,7.07,82.518,,,948.706,,27.618,,,,,,,,,,,,,,,,
Brazil,1967,BRA,89323288,334149091328.0,,,,,,,,,,3.351,0.733,252.981,22.597,,,18.358,4.211,303.911,27.146,,7.299,,,,3.614,10.799,3465.827,0.926,3.239,7.005,,,2499.544,223.268,,72.12,13.044,0.078,0.679,,,7.598,10.9,0.996,113.464,10.135,,0.219,,4.598,3.794,86.312,326.779,29.189,966.283,,27.88,4.598,3.794,86.312,0.0,0.0,966.283,,27.88,,,,0.0,0.0,0.0,0.0,0.0,,0.0,3.196,6.194,199.992,,,2238.965,25.84,18.51,1009.171,90.143,,64.601,,,,,,,,,,,,,309.579,4.598,3.794,86.312,,,966.283,,27.88,,,,,,,,,,,,,,,,
Brazil,1968,BRA,91659248,366804795392.0,,,,,,,,,,-1.595,-0.361,242.6,22.237,,,11.27,3.059,329.543,30.206,,6.291,,,,14.183,43.907,3856.523,0.964,17.863,39.882,,,2870.959,263.15,,74.444,5.683,0.039,0.717,,,7.826,10.286,1.042,121.946,11.177,,0.203,,4.663,4.024,90.336,333.3,30.55,985.564,,25.556,4.663,4.024,90.336,0.0,0.0,985.564,,25.556,,,,0.0,0.0,0.0,0.0,0.0,,0.0,20.103,40.204,240.196,,,2620.534,9.883,8.909,1080.645,99.051,,67.951,,,,,,,,,,,,,353.486,4.663,4.024,90.336,,,985.564,,25.556,,,,,,,,,,,,,,,,
Brazil,1969,BRA,94000384,401601724416.0,,,,,,,,,,11.611,2.582,264.025,24.818,,,6.193,1.871,341.236,32.076,,6.433,,,,9.145,32.326,4104.366,0.961,9.877,25.992,,,3075.967,289.142,,74.944,5.392,0.039,0.756,,,8.042,26.528,2.965,150.453,14.143,,0.196,,7.011,6.334,96.67,347.786,32.692,1028.399,,25.056,7.011,6.334,96.67,0.0,0.0,1028.399,,25.056,,,,0.0,0.0,0.0,0.0,0.0,,0.0,9.73,23.372,263.568,,,2803.9,9.07,8.984,1149.309,108.035,,68.315,,,,,,,,,,,,,385.812,7.011,6.334,96.67,,,1028.399,,25.056,,,,,,,,,,,,,,,,
Brazil,1970,BRA,96369888,443496726528.0,,,37.408,3.605,,,,0.795,,14.209,3.526,294.125,28.345,,,0.878,0.282,335.768,32.358,,6.252,,,,17.509,67.552,4704.415,1.022,14.278,41.283,,,3428.714,330.425,,72.883,7.282,0.055,0.811,,,8.416,-94.265,-13.332,8.416,0.811,,0.179,,21.745,21.021,117.691,413.002,39.801,1221.244,,25.96,34.347,26.269,122.939,0.0,0.0,1275.7,,27.117,,,,0.0,0.0,0.0,0.0,0.0,,0.0,14.304,37.701,301.269,,,3126.173,-5.346,-5.776,1061.115,102.26,,66.452,1.643,0.515,,,,5.341,,17.049,,,0.362,,453.364,34.347,26.269,122.939,,,1275.7,,27.117,,,,,,,,,,,,,,,,
Brazil,1971,BRA,98766288,493683376128.0,-3.195,-0.115,35.334,3.49,,,,0.691,,0.662,0.188,288.888,28.532,,,9.551,3.091,358.913,35.449,,5.647,,,,11.44,51.863,5115.379,1.023,12.575,41.552,,,3766.228,371.976,,73.626,57.5,0.466,1.277,,,12.933,58.75,0.476,13.036,1.287,,0.253,,8.537,10.048,127.739,437.386,43.199,1293.346,,25.283,7.745,10.312,133.251,0.0,0.0,1349.152,,26.374,,,,0.0,0.0,0.0,0.0,0.0,,0.0,13.575,40.898,342.167,,,3464.406,4.677,4.782,1083.79,107.042,,67.725,2.022,0.633,,23.063,0.379,6.413,,20.472,,,0.4,,505.227,7.745,10.312,133.251,,,1349.152,,26.374,,,,,,,,,,,,,,,,
Brazil,1972,BRA,101194392,552789540864.0,23.334,0.814,42.533,4.304,,,,0.746,,5.269,1.503,296.814,30.036,,,3.389,1.201,362.172,36.65,,5.206,,,,14.203,71.756,5701.726,1.044,13.052,48.552,,,4155.645,420.528,,72.884,37.302,0.476,1.754,,,17.331,36.22,0.466,17.331,1.754,,0.304,,17.32,22.124,149.863,500.828,50.681,1480.943,,25.974,17.707,23.204,156.455,0.0,0.0,1546.081,,27.116,,,,0.0,0.0,0.0,0.0,0.0,,0.0,13.611,46.572,388.738,,,3841.5,-1.91,-2.045,1037.579,104.997,,67.374,2.287,0.717,,13.132,0.266,7.081,,22.604,,,0.396,,576.983,17.707,23.204,156.455,,,1546.081,,27.116,,,,,,,,,,,,,,,,
Brazil,1973,BRA,103666904,629980135424.0,-16.762,-0.721,34.559,3.583,,,,0.527,,-1.722,-0.517,284.744,29.519,,,-4.985,-1.827,335.911,34.823,,4.343,,,,17.789,102.639,6555.825,1.079,19.484,81.935,,,4846.895,502.463,,73.933,14.451,0.253,2.007,,,19.363,14.451,0.253,19.363,2.007,,0.295,,14.224,21.317,171.18,558.423,57.89,1651.251,,25.188,11.708,20.705,177.159,0.0,0.0,1708.93,,26.067,,,,0.0,0.0,0.0,0.0,0.0,,0.0,21.145,82.199,470.937,,,4542.788,1.415,1.485,1027.16,106.483,,69.294,2.397,0.751,,4.777,0.109,7.242,,23.119,,,0.353,,679.622,11.708,20.705,177.159,,,1708.93,,26.067,,,,,,,,,,,,,,,,
Brazil,1974,BRA,106167376,681263693824.0,-6.586,-0.236,31.523,3.347,,,,0.442,,6.077,1.794,294.933,31.312,,,-1.329,-0.463,323.639,34.36,,4.134,,,,11.443,77.772,7133.958,1.112,10.919,54.866,,,5249.527,557.328,,73.585,92.424,1.855,3.862,,,36.381,92.424,1.855,36.381,3.862,,0.51,,13.455,23.032,194.212,618.636,65.679,1829.301,,25.642,12.194,22.906,200.065,0.0,0.0,1884.432,,26.415,,,,0.0,0.0,0.0,0.0,0.0,,0.0,10.876,51.217,522.154,,,4918.213,4.347,4.629,1046.565,111.111,,68.941,2.506,0.785,,4.575,0.11,7.395,,23.608,,,0.331,,757.394,12.194,22.906,200.065,,,1884.432,,26.415,,,,,,,,,,,,,,,,
Brazil,1975,BRA,108700512,716641599488.0,-3.964,-0.133,29.568,3.214,,,,0.402,,18.884,5.913,342.457,37.225,,,14.876,5.111,363.12,39.471,,4.657,,,,5.536,41.928,7353.427,1.115,3.994,22.259,,,5331.962,579.587,,72.51,8.661,0.335,4.197,,,38.611,8.924,0.345,38.704,4.207,,0.525,,10.061,19.54,213.752,665.011,72.287,1966.429,,26.742,9.393,19.669,219.734,0.0,0.0,2021.464,,27.49,,,,0.0,0.0,0.0,0.0,0.0,,0.0,3.066,16.011,538.165,,,4950.896,-2.542,-2.825,996.192,108.287,,67.328,2.768,0.867,,10.447,0.262,7.978,,25.466,,,0.346,,799.321,9.393,19.669,219.734,,,2021.464,,27.49,,,,,,,,,,,,,,,,
Brazil,1976,BRA,111286504,790037659648.0,-8.237,-0.265,26.502,2.949,,,,0.337,,6.719,2.501,356.974,39.726,,,24.838,9.804,442.777,49.275,,4.539,,,,9.488,75.837,7864.011,1.108,7.711,44.69,,,5609.638,624.277,,71.333,15.217,0.639,4.836,,,43.452,15.181,0.639,43.543,4.846,,0.553,,14.7,31.421,245.173,745.041,82.913,2203.078,,28.015,13.564,31.147,250.881,0.0,0.0,2254.373,,28.667,,,,0.0,0.0,0.0,0.0,0.0,,0.0,7.721,41.55,579.715,,,5209.212,-2.614,-2.83,947.613,105.457,,66.241,2.759,0.864,,-0.327,-0.009,7.767,,24.793,,,0.315,,875.158,13.564,31.147,250.881,,,2254.373,,28.667,,,,,,,,,,,,,,,,
Brazil,1977,BRA,113939888,828975480832.0,118.01,3.48,56.431,6.43,,,,0.689,,26.833,10.66,442.216,50.386,,,27.539,13.57,551.564,62.845,,5.398,,,,6.651,58.207,8191.736,1.126,3.632,22.674,,,5678.004,646.951,,69.314,24.738,1.196,6.032,,,52.939,24.477,1.186,52.939,6.032,,0.646,,12.745,31.247,276.419,820.433,93.48,2426.01,,29.615,16.489,35.533,286.414,0.0,0.0,2513.731,,30.686,,,,0.0,0.0,0.0,0.0,0.0,,0.0,1.866,10.818,590.533,,,5182.849,-3.638,-3.837,891.872,101.62,,63.269,3.565,1.117,,29.214,0.806,9.802,,31.29,,,0.382,,933.365,16.489,35.533,286.414,,,2513.731,,30.686,,,,,,,,,,,,,,,,
Brazil,1978,BRA,116664384,870261981184.0,79.758,5.128,99.07,11.558,,,,1.12,,14.982,7.549,496.596,57.935,,,17.631,11.08,633.656,73.925,,5.612,,,,10.596,98.903,8848.187,1.186,10.154,65.688,,,6108.458,712.64,,69.036,31.597,1.906,7.938,,,68.039,31.597,1.906,68.039,7.938,,0.769,,9.912,27.399,303.819,880.697,102.746,2604.212,,29.432,14.461,33.214,319.629,0.0,0.0,2739.728,,30.964,,,,0.0,0.0,0.0,0.0,0.0,,0.0,9.522,56.234,646.767,,,5543.823,-0.565,-0.575,866.118,101.045,,62.655,4.252,1.332,,19.259,0.687,11.417,,36.445,,,0.412,,1032.268,14.461,33.214,319.629,,,2739.728,,30.964,,,,,,,,,,,,,,,,
Brazil,1979,BRA,119447304,929101316096.0,37.534,4.338,133.081,15.896,,,,1.411,,8.619,4.994,526.832,62.929,,,18.001,13.307,730.3,87.232,,5.586,,,,9.124,94.186,9430.557,1.212,6.669,47.524,,,6364.005,760.163,,67.483,9.579,0.76,8.698,,,72.82,9.579,0.76,72.82,8.698,,0.772,,13.464,40.907,344.726,975.995,116.58,2886.007,,30.603,16.099,46.663,366.291,0.0,0.0,3066.552,,32.517,,,,0.0,0.0,0.0,0.0,0.0,,0.0,6.458,41.77,688.536,,,5764.354,3.594,3.632,876.343,104.677,,61.124,5.669,1.776,,33.34,1.418,14.869,,47.464,,,0.503,,1126.455,16.099,46.663,366.291,,,3066.552,,32.517,,,,,,,,,,,,,,,,
Brazil,1980,BRA,122288384,1014791995392.0,22.423,3.564,159.137,19.461,,,,1.688,,9.083,5.716,561.335,68.645,,,-71.915,-62.733,200.341,24.499,,5.953,,,,2.367,26.667,9429.53,1.136,-1.768,-13.442,,,6106.232,746.721,,64.756,16.9,1.47,10.168,,,83.148,16.9,1.47,83.148,10.168,,0.882,,10.574,36.451,381.177,1054.123,128.907,3117.03,,33.056,11.859,40.109,406.401,0.0,0.0,3323.298,,35.244,,,,0.0,0.0,0.0,0.0,0.0,,0.0,-2.996,-20.628,667.908,,,5461.749,9.781,10.239,939.709,114.916,,57.922,5.764,1.806,,1.66,0.094,14.764,,47.131,,,0.5,,1153.122,11.859,40.109,406.401,,,3323.298,,35.244,,,,,,,,,,,,,,,,
Brazil,1981,BRA,125168064,971272355840.0,-8.442,-1.643,142.351,17.818,,,,1.577,,-2.166,-1.487,536.541,67.158,,,37.734,9.245,269.59,33.744,,5.943,,,,-2.002,-23.084,9028.166,1.163,-3.636,-27.153,,,5748.82,719.569,,63.676,-10.269,-1.044,9.124,,,72.893,-10.269,-1.044,72.893,9.124,,0.807,,1.441,5.494,386.671,1044.715,130.765,3089.212,,34.217,0.189,4.069,410.469,0.0,0.0,3279.346,,36.324,,,,0.0,0.0,0.0,0.0,0.0,,0.0,-3.686,-24.622,643.287,,,5139.385,16.791,19.296,1072.248,134.211,,56.926,5.981,1.874,,3.773,0.217,14.969,,47.784,,,0.529,,1130.038,0.189,4.069,410.469,,,3279.346,,36.324,,,,,,,,,,,,,,,,
Brazil,1982,BRA,128065104,978935414784.0,39.22,6.988,193.697,24.806,,,,2.088,,5.709,3.834,554.342,70.992,,,10.227,3.451,290.439,37.195,,5.975,,,,5.144,58.124,9277.8,1.214,2.711,19.508,,,5771.102,739.077,,62.203,42.889,3.913,13.037,,,101.8,42.889,3.913,101.8,13.037,,1.097,,7.928,30.655,417.326,1102.033,141.132,3258.7,,35.124,11.738,38.616,449.086,0.0,0.0,3506.698,,37.797,,,,0.0,0.0,0.0,0.0,0.0,,0.0,1.828,11.761,655.048,,,5114.96,21.855,29.332,1277.033,163.543,,55.131,6.954,2.178,,16.271,0.973,17.011,,54.302,,,0.585,,1188.162,11.738,38.616,449.086,,,3506.698,,37.797,,,,,,,,,,,,,,,,
Brazil,1983,BRA,130977376,950507864064.0,43.669,10.833,272.095,35.638,,,,2.965,,12.459,8.845,609.547,79.837,,,6.692,2.489,302.983,39.684,,6.643,,,,1.147,13.625,9175.53,1.264,-4.109,-30.365,,,5410.946,708.712,,58.971,35.226,4.592,17.629,,,134.599,35.226,4.592,134.599,17.629,,1.467,,7.329,30.584,447.91,1156.498,151.475,3419.75,,37.27,13.075,43.99,493.075,0.0,0.0,3764.583,,41.029,,,,0.0,0.0,0.0,0.0,0.0,,0.0,-6.687,-43.802,611.245,,,4666.801,26.786,43.807,1583.104,207.351,,50.861,9.527,2.984,,36.997,2.573,22.786,,72.738,,,0.793,,1201.787,13.075,43.99,493.075,,,3764.583,,41.029,,,,,,,,,,,,,,,,
Brazil,1984,BRA,133888776,1001891168256.0,23.856,8.502,329.679,44.14,,,,3.449,,23.491,18.754,736.367,98.591,,,12.235,4.855,332.658,44.539,,7.704,,,,6.483,77.912,9557.922,1.277,2.888,20.468,,,5446.156,729.179,,56.981,16.389,2.889,20.519,,,153.251,16.389,2.889,153.251,20.519,,1.603,,9.981,44.704,492.614,1244.264,166.593,3679.276,,38.495,13.22,57.444,550.519,12.271,1.643,4111.765,,43.019,,,,4.662,4.662,12.271,1.643,34.82,,0.364,-0.192,-1.176,610.069,,,4556.538,39.974,82.887,2167.755,290.238,,47.673,9.103,2.852,,-4.449,-0.424,21.299,,67.99,,,0.711,,1279.698,12.355,52.782,545.857,,,4076.945,,42.655,,,,,,,,,,,,,,,,
Brazil,1985,BRA,136783184,1080097308672.0,22.545,9.951,395.455,54.092,,,,3.944,,18.213,17.957,852.064,116.548,36.152,4.945,2.054,0.915,332.306,45.454,2.553,8.497,,193.682,14.12,7.186,91.955,10027.937,1.27,5.697,41.545,64.768,8.859,5634.639,770.724,4.574,56.189,25.445,5.221,25.74,0.0,0.0,188.177,25.445,5.221,188.177,25.74,0.0,1.877,,7.072,34.839,527.453,1304.071,178.375,3856.124,92.097,38.454,11.005,50.41,600.929,1351.212,184.823,4393.297,95.426,43.811,,,105.782,4.932,9.594,24.718,3.381,70.138,1.746,0.699,3.011,18.367,628.436,28.616,3.914,4594.397,18.09,52.503,2505.728,342.741,2.021,45.816,9.791,3.067,,7.555,0.688,22.423,,71.58,1.584,,0.714,1415.98,1371.653,10.276,45.478,591.336,1326.494,181.442,4323.159,93.68,43.111,,,,,,,,,,,0.0,0.0,0.0,0.0,0.0,0.0
Brazil,1986,BRA,139643360,1160963031040.0,28.416,15.37,497.425,69.462,,,,4.801,,1.239,1.444,844.956,117.993,44.286,6.184,-5.175,-2.352,308.656,43.102,3.06,8.155,,202.129,13.97,5.482,75.198,10361.041,1.246,7.35,56.649,117.241,16.372,5924.902,827.373,8.1,57.184,16.503,4.248,29.987,0.0,0.0,214.741,16.463,4.238,214.669,29.977,0.0,2.073,,2.267,11.958,539.411,1306.321,182.419,3862.776,90.249,37.282,6.824,18.548,619.477,1330.224,185.757,4436.14,91.9,42.816,,,-95.741,-9.185,0.409,1.031,0.144,2.926,0.071,0.028,8.109,50.957,679.394,72.955,10.188,4865.205,5.144,17.63,2580.655,360.371,5.04,46.957,10.196,3.194,,4.134,0.405,22.872,,73.012,1.58,,0.705,1447.465,1446.851,8.297,27.733,619.069,1329.193,185.613,4433.213,91.829,42.787,,,,,,,,,,0.0,0.0,0.0,0.0,0.0,0.0,0.0
Brazil,1987,BRA,142466272,1201712791552.0,1.243,0.863,493.628,70.325,,,,4.73,,4.714,5.562,867.256,123.555,37.974,5.41,-8.902,-3.837,275.608,39.265,2.661,8.309,,203.331,13.674,2.771,40.099,10437.202,1.237,3.178,26.29,92.603,13.193,5992.04,853.664,6.488,57.41,11.629,3.487,33.475,0.0,0.0,234.965,11.701,3.508,235.036,33.485,0.0,2.251,,1.744,9.406,548.817,1302.765,185.6,3852.26,91.28,36.909,2.055,13.808,633.286,1334.623,190.139,4445.163,93.512,42.59,,,575.694,2.352,2.761,6.83,0.973,19.379,0.479,0.186,2.538,17.241,696.634,54.629,7.783,4889.818,-0.516,-1.86,2516.466,358.512,3.828,46.85,11.382,3.566,,11.64,1.187,25.028,,79.896,1.754,,0.765,1427.225,1486.949,1.731,11.456,630.525,1327.793,189.166,4425.784,93.033,42.404,,,,,,,,,,0.0,0.0,0.0,0.0,0.0,0.0,0.0
Brazil,1988,BRA,145253984,1200534847488.0,5.307,3.732,509.849,74.058,,,,4.831,,2.196,2.713,869.29,126.268,32.458,4.715,8.935,3.508,294.472,42.773,2.193,8.237,,214.953,14.023,3.088,45.915,10552.992,1.277,0.473,4.041,82.009,11.912,5904.858,857.704,5.542,55.954,0.666,0.223,33.698,0.034,0.005,231.991,0.636,0.213,231.991,33.698,0.002,2.198,,7.27,39.899,588.716,1370.654,199.093,4053.01,92.622,38.406,6.386,41.874,675.16,1397.833,203.041,4648.134,94.458,44.046,,,-37.513,-1.036,1.725,4.186,0.608,11.877,0.283,0.113,0.159,1.105,697.739,49.516,7.192,4803.578,-2.278,-8.168,2411.936,350.343,3.346,45.519,10.661,3.34,,-6.336,-0.721,22.993,,73.397,1.554,,0.696,1479.841,1532.864,6.551,42.91,673.435,1393.647,202.433,4636.257,94.175,43.933,,,,,,,,,,0.0,0.0,0.0,0.0,0.0,0.0,0.0
Brazil,1989,BRA,148003424,1238775496704.0,8.108,6.005,540.948,80.062,,,,5.079,,-0.773,-0.976,846.544,125.291,36.815,5.449,-9.749,-4.17,260.828,38.603,2.457,7.949,,221.739,14.067,2.833,43.42,10650.324,1.272,2.005,17.196,79.835,11.816,5911.348,874.9,5.329,55.504,2.527,0.852,34.549,1.453,0.215,233.435,2.527,0.852,233.435,34.549,0.097,2.192,,2.811,16.55,605.266,1383.009,204.69,4089.542,92.311,38.398,4.651,26.225,701.385,1418.367,209.923,4738.976,94.671,44.496,,,200.987,3.467,5.193,12.365,1.83,35.085,0.825,0.329,2.482,17.32,715.059,41.568,6.152,4831.369,6.8,23.822,2528.087,374.166,2.774,45.364,10.864,3.403,,1.898,0.202,22.994,,73.401,1.535,,0.689,1498.202,1576.284,4.219,22.757,696.192,1406.002,208.093,4703.891,93.846,44.167,,,,,,,,,,0.0,0.0,0.0,0.0,0.0,0.0,0.0
Brazil,1990,BRA,150706448,1185475198976.0,-7.819,-6.26,489.705,73.802,,,,4.713,,-10.911,-13.671,740.65,111.621,30.659,4.621,-49.174,-18.983,130.192,19.621,2.074,7.128,,222.82,14.229,-0.653,-10.293,10391.007,1.321,-1.441,-12.61,66.461,10.016,5721.654,862.29,4.495,55.064,-8.955,-3.094,31.455,2.161,0.326,208.718,-8.955,-3.094,208.718,31.455,0.146,2.009,,0.986,5.967,611.233,1371.594,206.708,4055.787,92.769,39.032,-1.165,2.317,703.701,1412.043,212.804,4669.352,95.505,44.936,,,22.24,1.155,6.348,14.843,2.237,42.118,1.004,0.405,0.581,4.155,719.214,33.641,5.07,4772.286,6.078,22.74,2633.636,396.906,2.275,45.927,12.319,3.859,,13.396,1.455,25.606,,81.741,1.732,,0.787,1478.504,1565.992,-1.314,1.162,697.354,1397.2,210.567,4627.233,94.501,44.531,,,0.0,0.0,0.0,0.0,0.0,0.0,,0.0,0.0,0.0,0.0,0.0,0.0,0.0
Brazil,1991,BRA,153336448,1212665823232.0,1.715,1.266,489.562,75.068,,,,4.644,,14.641,16.343,834.528,127.964,36.089,5.534,19.621,3.85,153.065,23.47,2.361,7.916,,234.376,14.498,3.231,50.603,10542.793,1.333,2.134,18.398,72.733,11.153,5743.503,880.688,4.758,54.478,3.96,1.245,32.701,2.433,0.373,213.26,3.96,1.245,213.26,32.701,0.159,2.023,,5.357,32.746,643.979,1420.288,217.782,4199.778,92.92,39.836,4.077,32.204,735.906,1455.777,223.224,4799.289,95.242,45.522,,,-35.539,-2.256,4.092,9.404,1.442,26.684,0.615,0.253,0.113,0.81,720.024,34.212,5.246,4695.715,-1.165,-4.625,2558.3,392.281,2.238,44.54,12.768,4.0,,3.642,0.449,26.084,,83.265,1.706,,0.79,1528.51,1616.594,4.389,34.46,731.814,1446.373,221.782,4772.604,94.626,45.269,,0.0,0.0,0.0,0.0,0.0,0.0,0.0,,0.0,0.0,0.0,0.0,0.0,0.0,0.0
Brazil,1992,BRA,155900784,1220990205952.0,-1.954,-1.467,472.101,73.601,,,,4.49,,-2.957,-3.784,796.532,124.18,32.12,5.007,-6.383,-1.498,140.938,21.972,2.071,7.575,,241.762,14.748,1.405,22.711,10515.058,1.343,0.439,3.867,75.244,11.731,5673.835,884.555,4.852,53.959,13.282,4.343,37.044,2.502,0.39,237.613,13.282,4.343,237.613,37.044,0.161,2.26,,2.553,16.444,660.423,1432.597,223.343,4236.174,92.381,40.287,1.791,18.845,754.75,1475.499,230.031,4841.223,95.148,46.041,,,21.983,0.899,4.991,11.283,1.759,32.015,0.728,0.304,0.459,3.307,723.331,40.623,6.333,4639.69,1.514,5.94,2554.319,398.22,2.62,44.124,15.736,4.929,,23.246,2.968,31.619,,100.933,2.039,,0.96,1550.742,1639.306,1.692,17.945,749.759,1464.216,228.272,4809.208,94.42,45.736,,0.0,0.0,0.0,0.0,0.0,0.0,0.0,,0.0,0.0,0.0,0.0,0.0,0.0,0.0
Brazil,1993,BRA,158440864,1296907370496.0,5.633,4.146,490.698,77.747,,,,4.533,,3.025,3.756,807.47,127.936,30.981,4.909,-0.612,-0.134,137.829,21.838,1.948,7.459,,252.003,14.692,4.63,75.898,10825.511,1.323,4.596,40.653,72.659,11.512,5839.453,925.208,4.568,53.942,17.143,6.351,43.395,2.449,0.388,273.885,17.143,6.351,273.885,43.395,0.154,2.53,,5.248,34.662,695.085,1483.614,235.065,4387.029,93.279,40.525,4.81,35.245,789.995,1517.859,240.491,4986.058,95.432,46.058,,,-74.872,-3.737,1.254,2.79,0.442,7.916,0.175,0.073,4.223,30.546,753.877,39.23,6.216,4758.097,2.06,8.205,2565.153,406.425,2.466,43.953,15.91,4.984,,1.107,0.174,31.456,,100.414,1.978,,0.928,1590.518,1715.203,5.275,38.982,788.741,1515.07,240.049,4978.142,95.256,45.985,,0.0,0.0,0.0,0.0,0.0,0.0,0.0,,0.0,0.0,0.0,0.0,0.0,0.0,0.0
Brazil,1994,BRA,160980480,1389944766464.0,7.429,5.775,518.834,83.522,,,,4.643,,2.654,3.395,815.823,131.332,30.877,4.971,11.527,2.517,151.291,24.355,1.911,7.301,,260.041,14.456,4.877,83.653,11174.377,1.294,5.955,55.094,73.874,11.892,6089.569,980.302,4.573,54.496,9.211,3.997,47.392,2.977,0.479,294.394,9.211,3.997,294.394,47.392,0.184,2.635,,3.25,22.592,717.676,1507.668,242.705,4458.158,93.334,39.896,4.221,28.56,818.555,1541.481,248.148,5084.808,95.427,45.504,,,-87.557,-1.098,0.156,0.342,0.055,0.969,0.021,0.009,6.327,47.701,801.578,40.02,6.442,4979.352,3.702,15.047,2618.155,421.472,2.477,44.56,17.2,5.388,,8.112,1.291,33.471,,106.847,2.072,,0.956,1615.355,1798.857,4.349,29.658,818.399,1541.139,248.093,5083.839,95.406,45.495,,0.0,0.0,0.0,0.0,0.0,0.0,0.0,,0.0,0.0,0.0,0.0,0.0,0.0,0.0
Brazil,1995,BRA,163515328,1466460143616.0,4.169,3.482,532.085,87.004,,,,4.549,,4.872,6.398,842.305,137.73,33.284,5.442,-1.898,-0.462,146.119,23.893,1.975,7.2,,275.601,14.408,6.334,113.936,11697.941,1.304,7.109,69.688,83.072,13.584,6421.354,1049.99,4.929,54.893,10.367,4.913,52.305,3.423,0.56,319.878,10.367,4.913,319.878,52.305,0.203,2.734,,4.615,33.118,750.795,1552.791,253.905,4591.586,92.128,39.251,5.232,44.248,862.803,1602.406,262.018,5276.587,95.071,45.107,,,4480.0,6.992,7.148,15.405,2.519,43.713,0.914,0.374,7.283,58.377,859.955,46.366,7.581,5259.171,3.488,14.7,2667.465,436.171,2.751,44.958,17.856,5.594,,3.814,0.656,34.209,,109.203,2.03,,0.934,1685.478,1912.793,4.489,37.256,855.655,1587.0,259.499,5232.874,94.157,44.733,,0.0,0.0,0.0,0.0,0.0,0.0,0.0,,0.0,0.0,0.0,0.0,0.0,0.0,0.0
Brazil,1996,BRA,166037120,1517464190976.0,3.318,2.887,541.389,89.891,,,,4.438,,3.187,4.389,855.948,142.119,36.292,6.026,-6.801,-1.625,134.112,22.268,2.069,7.017,,291.246,14.38,5.884,112.556,12198.168,1.335,6.785,71.242,98.34,16.328,6752.896,1121.231,5.606,55.36,10.176,5.323,57.627,5.867,0.974,347.076,9.278,4.853,344.246,57.158,0.334,2.845,,4.659,34.983,785.778,1600.46,265.736,4732.543,91.241,38.797,4.523,41.314,904.117,1655.76,274.918,5445.271,94.394,44.64,,,-3.652,-0.261,6.887,14.617,2.427,41.477,0.833,0.34,7.155,61.53,921.485,56.181,9.328,5549.873,13.41,58.491,2979.228,494.662,3.203,45.498,21.556,6.753,,20.719,3.7,40.67,,129.827,2.319,,1.064,1754.099,2025.349,4.582,41.575,897.23,1641.142,272.491,5403.794,93.56,44.3,,0.0,0.0,0.0,0.0,0.0,0.0,0.0,,0.006,0.006,0.012,0.002,0.036,0.001,0.0
Brazil,1997,BRA,168546704,1588456587264.0,-3.792,-3.409,513.104,86.482,,,,4.016,,0.6,0.852,848.259,142.971,43.372,7.31,17.013,3.788,154.592,26.056,2.374,6.64,,307.981,14.303,6.315,127.904,12775.408,1.356,7.854,88.062,109.503,18.456,7174.826,1209.293,5.993,56.161,8.672,4.997,62.625,6.983,1.177,371.558,8.851,5.059,369.136,62.217,0.382,2.908,,4.981,39.141,824.919,1655.164,278.973,4894.303,90.581,38.31,3.07,39.842,943.96,1717.77,289.524,5600.582,94.007,43.839,,,30.573,2.105,8.992,18.802,3.169,53.351,1.029,0.418,8.922,82.212,1003.697,59.147,9.969,5955.009,7.201,35.621,3146.211,530.283,3.237,46.613,23.555,7.379,,9.274,1.999,43.78,,139.754,2.396,,1.094,1827.273,2153.253,2.885,37.737,934.968,1698.968,286.355,5547.231,92.978,43.421,,0.0,0.0,0.0,0.0,0.0,0.0,0.0,100.0,0.006,0.012,0.024,0.004,0.07,0.001,0.001
Brazil,1998,BRA,171039808,1613655572480.0,-0.63,-0.545,502.441,85.937,,,,3.855,,-2.05,-2.931,818.758,140.04,40.772,6.974,-2.145,-0.559,149.071,25.497,2.167,6.282,,321.749,14.434,3.524,75.886,13032.864,1.381,3.208,38.799,114.033,19.504,7297.089,1248.093,6.062,55.99,4.801,3.007,65.632,7.723,1.321,383.721,4.752,2.957,381.041,65.173,0.411,2.944,,4.48,36.953,861.871,1704.101,291.469,5039.009,90.589,38.664,3.238,37.086,981.046,1767.1,302.244,5735.776,93.938,44.01,,,3.029,0.272,9.264,19.089,3.265,54.166,1.015,0.416,3.858,38.724,1042.421,65.538,11.21,6094.61,15.534,82.376,3581.969,612.659,3.484,46.763,23.958,7.505,,1.711,0.403,43.88,,140.074,2.333,,1.075,1881.133,2229.139,3.24,36.814,971.782,1748.011,298.979,5681.611,92.923,43.594,,0.0,0.0,0.0,0.0,0.0,0.0,0.0,25.0,0.003,0.015,0.029,0.005,0.086,0.002,0.001
Brazil,1999,BRA,173486272,1641348464640.0,0.278,0.239,496.733,86.176,,,,3.822,,1.262,1.768,817.401,141.808,55.999,9.715,2.459,0.627,150.583,26.124,2.902,6.29,,334.726,14.846,1.143,25.479,12995.942,1.374,1.276,15.922,167.187,29.005,7285.965,1264.015,8.665,56.063,18.663,12.249,77.88,15.292,2.653,448.914,17.418,11.352,441.103,76.525,0.793,3.454,,0.525,4.527,866.398,1688.895,293.0,4994.043,87.534,38.428,0.863,9.557,990.603,1760.111,305.355,5709.979,91.225,43.937,,,21.807,2.02,11.285,22.924,3.977,65.047,1.188,0.501,0.183,1.906,1044.327,95.897,16.637,6019.65,12.941,79.286,3988.473,691.945,4.97,46.319,26.738,8.376,,11.602,2.78,48.28,,154.121,2.502,,1.186,1929.411,2254.618,0.685,7.536,979.318,1737.187,301.378,5644.932,90.037,43.436,,0.0,0.0,0.0,0.0,0.0,0.0,0.0,-60.0,-0.009,0.006,0.012,0.002,0.034,0.001,0.0
Brazil,2000,BRA,175873712,1734491242496.0,-12.863,-11.085,426.961,75.091,42.133,7.41,2.163,3.186,86.608,6.61,9.374,859.603,151.181,60.612,10.66,19.535,5.103,177.555,31.227,3.112,6.415,385.58,342.58,14.536,4.531,102.146,13400.32,1.359,5.958,75.306,164.152,28.87,7615.244,1339.321,8.427,56.829,24.608,19.165,97.045,21.834,3.84,551.788,0.747,0.572,438.366,77.097,1.121,4.118,29.67,3.892,33.719,900.117,1713.502,301.36,5117.975,87.968,38.193,0.476,26.84,1017.443,1783.723,313.71,5785.077,91.573,43.171,43.0,11.152,52.024,5.871,17.156,28.088,4.94,97.545,1.442,0.728,4.478,46.768,1091.095,81.706,14.37,6203.854,12.761,88.3,4436.396,780.245,4.195,46.296,25.076,7.41,0.0,-6.216,-1.662,42.133,0.0,142.579,2.163,0.0,1.064,1947.875,2356.764,-0.053,20.969,1000.287,1755.635,308.77,5687.531,90.131,42.443,,0.0,0.0,0.0,0.0,0.0,0.0,0.0,-50.0,-0.003,0.003,0.0,0.0,0.017,0.0,0.0
Brazil,2001,BRA,178211888,1780379287552.0,-6.261,-4.702,394.977,70.39,47.528,8.47,2.621,3.063,100.412,-1.583,-2.393,834.894,148.788,60.883,10.85,-14.149,-4.418,150.432,26.809,3.357,6.475,361.02,323.17,14.064,-2.5,-58.931,12893.828,1.291,2.389,32.002,197.462,35.19,7694.904,1371.323,10.889,59.679,26.603,25.817,122.862,52.466,9.35,689.415,2.128,1.641,441.822,78.738,2.893,5.347,32.45,-12.0,-113.154,786.963,1488.116,265.2,4415.883,82.062,34.248,-8.082,-90.933,926.51,1615.942,287.98,5198.924,89.111,40.321,37.85,10.484,136.173,23.098,40.254,80.073,14.27,225.876,4.416,1.752,0.786,8.579,1099.673,84.113,14.99,6170.595,4.677,36.496,4582.979,816.741,4.638,47.857,28.801,8.47,0.0,14.857,3.725,47.528,0.0,161.613,2.621,0.0,1.253,1813.403,2297.833,-10.334,-114.031,886.256,1535.868,273.71,4973.048,84.695,38.569,,0.0,0.0,0.0,0.0,0.0,0.0,0.0,3390.0,0.1,0.103,0.224,0.04,0.575,0.012,0.004
Brazil,2002,BRA,180476688,1857599307776.0,8.37,5.892,422.667,76.281,53.525,9.66,2.839,3.246,91.863,-3.211,-4.778,797.944,144.01,49.923,9.01,11.132,2.984,165.08,29.793,2.648,6.128,376.85,340.29,14.48,2.276,52.296,13021.791,1.265,-0.31,-4.246,185.62,33.5,7574.812,1367.077,9.845,58.17,18.151,22.301,145.163,64.939,11.72,804.328,20.813,16.388,527.081,95.126,3.444,6.177,31.26,6.8,48.093,835.056,1569.344,283.23,4626.945,83.232,35.532,6.897,56.543,983.053,1699.887,306.79,5446.98,90.155,41.83,36.56,9.701,-3.102,-1.5,38.753,76.686,13.84,214.727,4.067,1.649,-1.98,-21.769,1077.904,70.757,12.77,5972.539,11.932,97.454,5065.45,914.196,3.753,45.866,32.784,9.66,0.0,13.829,3.983,53.525,0.0,181.655,2.839,0.0,1.395,1885.507,2350.13,7.308,58.043,944.3,1623.201,292.95,5232.252,86.088,40.181,,0.0,0.0,0.0,0.0,0.0,0.0,0.0,74.785,0.076,0.178,0.332,0.06,0.987,0.018,0.008
Brazil,2003,BRA,182629280,1902060896256.0,-4.67,-3.562,398.18,72.719,61.655,11.26,3.137,3.037,85.316,3.756,5.408,818.153,149.419,49.061,8.96,-8.716,-2.597,148.915,27.196,2.497,6.24,397.09,358.9,14.988,1.893,44.491,13111.923,1.259,-0.509,-6.964,173.138,31.62,7447.397,1360.113,8.81,56.799,11.925,17.31,162.473,67.952,12.41,889.632,8.636,8.215,565.852,103.341,3.458,6.785,30.62,6.824,51.269,886.324,1656.689,302.56,4853.133,84.302,37.013,4.438,51.455,1034.508,1792.046,327.28,5664.525,91.19,43.201,38.19,9.617,-3.455,-1.579,37.175,73.373,13.4,203.552,3.734,1.552,-2.754,-29.683,1048.221,56.125,10.25,5739.612,3.7,33.824,5190.948,948.019,2.856,43.774,38.113,11.26,0.0,16.254,5.329,61.655,0.0,208.692,3.137,0.0,1.592,1965.183,2394.621,4.731,53.034,997.334,1718.673,313.88,5460.973,87.456,41.649,,0.0,0.0,0.0,0.0,0.0,0.0,0.0,0.0,-0.001,0.177,0.329,0.06,0.969,0.017,0.007
Brazil,2004,BRA,184722048,2036566851584.0,11.321,8.232,438.235,80.952,63.771,11.78,3.09,3.224,94.42,4.844,7.238,848.068,156.657,55.759,10.3,15.965,4.342,170.732,31.538,2.702,6.239,418.55,381.17,15.18,4.862,116.435,13593.7,1.233,5.392,73.333,217.299,40.14,7760.017,1433.446,10.531,57.085,18.927,30.752,193.225,98.472,18.19,1046.03,9.983,10.317,615.291,113.658,4.772,7.695,35.99,4.967,38.101,924.425,1719.286,317.59,5004.411,83.32,36.814,5.51,43.102,1077.61,1846.179,341.03,5833.684,89.469,42.915,37.38,8.931,-13.078,-5.068,32.107,62.797,11.6,173.812,3.043,1.279,3.372,35.343,1083.564,63.068,11.65,5865.918,-0.749,-7.104,5093.679,940.915,3.056,43.152,39.951,11.78,0.0,4.821,1.837,63.771,0.0,216.274,3.09,0.0,1.591,2063.479,2511.056,6.146,48.17,1045.503,1783.382,329.43,5659.872,86.426,41.636,,0.0,0.0,0.0,0.0,0.0,0.0,0.0,0.0,-0.001,0.176,0.325,0.06,0.952,0.016,0.007
Brazil,2005,BRA,186797344,2127880912896.0,5.234,4.237,456.051,85.189,68.47,12.79,3.232,3.307,91.833,-3.557,-5.572,808.816,151.085,57.87,10.81,4.861,1.533,177.043,33.071,2.732,5.864,434.76,395.72,15.359,2.602,65.34,13792.465,1.211,1.436,20.586,211.78,39.56,7784.008,1454.032,9.997,56.437,4.164,8.046,201.271,94.755,17.7,1077.484,-1.094,-1.243,601.799,112.414,4.473,7.812,36.34,5.193,41.853,966.278,1788.462,334.08,5172.87,84.423,37.505,4.766,44.754,1122.364,1906.665,356.16,6008.456,90.003,43.563,39.04,8.98,-15.124,-5.028,27.079,49.251,9.2,144.963,2.325,1.051,1.672,18.112,1101.676,59.155,11.05,5897.709,9.984,93.939,5539.982,1034.854,2.792,42.76,43.551,12.79,0.0,9.013,3.601,68.47,0.0,233.148,3.232,0.0,1.69,2118.446,2576.396,5.324,49.782,1095.285,1857.414,346.96,5863.493,87.678,42.512,,0.0,0.0,0.0,0.0,0.0,0.0,0.0,52.295,0.09,0.266,0.482,0.09,1.424,0.023,0.01
Brazil,2006,BRA,188820688,2239747850240.0,-3.884,-3.309,433.642,81.881,74.091,13.99,3.396,3.093,89.578,-1.397,-2.111,788.971,148.974,55.661,10.51,-0.089,-0.029,174.99,33.042,2.551,5.627,453.09,411.93,15.56,2.756,70.999,14020.683,1.182,2.295,33.37,208.664,39.4,7877.327,1487.402,9.565,56.184,5.18,10.427,211.698,91.145,17.21,1121.158,2.109,2.37,607.903,114.785,4.178,7.996,36.9,3.363,26.214,992.493,1828.825,345.32,5256.271,83.83,37.489,2.977,37.629,1159.993,1972.93,372.53,6143.356,90.435,43.816,41.16,9.084,39.565,10.476,37.555,68.742,12.98,198.891,3.151,1.419,2.274,25.054,1126.731,61.858,11.68,5967.199,5.68,58.779,5791.913,1093.633,2.835,42.56,47.39,13.99,0.0,8.815,3.839,74.091,0.0,250.981,3.396,0.0,1.79,2181.594,2647.395,2.151,27.153,1122.438,1904.188,359.55,5944.465,87.284,42.398,,0.0,0.0,0.0,0.0,0.0,0.0,0.0,155.113,0.408,0.674,1.271,0.24,3.571,0.058,0.025
Brazil,2007,BRA,190779456,2405103566848.0,31.998,26.2,566.521,108.08,88.951,16.97,3.882,3.836,85.779,5.973,8.898,827.509,157.872,55.457,10.58,2.943,0.972,178.29,34.014,2.42,5.603,476.0,437.17,15.514,6.44,170.484,14770.351,1.172,4.826,71.778,197.296,37.64,8172.684,1559.18,8.61,55.332,2.985,6.319,218.016,76.318,14.56,1142.766,0.691,0.793,605.817,115.577,3.331,7.737,37.5,7.227,65.08,1057.573,1940.827,370.27,5543.432,84.697,37.531,11.675,98.707,1258.699,2094.198,399.53,6597.667,91.39,44.668,38.83,8.158,-10.21,-4.045,33.51,61.065,11.65,175.645,2.665,1.189,5.02,56.562,1183.292,65.521,12.5,6202.409,1.416,15.482,5813.595,1109.115,2.859,41.992,57.662,16.97,0.0,21.675,10.272,88.951,0.0,302.245,3.882,0.0,2.046,2291.494,2817.879,12.35,102.752,1225.19,2033.133,387.88,6422.022,88.725,43.479,,0.0,0.0,0.0,0.0,0.0,0.0,0.0,179.655,1.2,1.874,3.355,0.64,9.823,0.146,0.067
Brazil,2008,BRA,192672320,2559006998528.0,37.02,40.012,768.623,148.092,98.146,18.91,4.159,5.038,105.632,1.432,2.261,831.112,160.132,60.569,11.67,11.324,3.852,196.531,37.866,2.567,5.448,496.9,454.69,15.47,4.307,121.354,15255.087,1.149,5.729,89.333,289.974,55.87,8556.046,1648.513,12.287,56.087,17.702,38.592,256.609,142.781,27.51,1331.841,24.385,28.183,746.141,143.761,6.05,8.73,48.03,-1.192,-19.098,1038.475,1898.872,365.86,5389.851,80.464,35.331,7.681,32.021,1290.72,2069.939,398.82,6699.042,87.713,43.913,42.21,8.495,13.108,4.157,37.667,68.562,13.21,195.495,2.905,1.282,4.097,48.48,1231.772,86.624,16.69,6393.093,3.935,43.641,5982.986,1152.756,3.671,41.908,63.162,18.91,0.0,9.538,5.5,98.146,0.0,327.82,4.159,0.0,2.149,2359.914,2939.233,7.547,27.864,1253.053,2001.377,385.61,6503.546,84.807,42.632,,0.0,0.0,0.0,0.0,0.0,0.0,0.0,78.49,1.45,3.324,4.36,0.84,17.254,0.185,0.113
Brazil,2009,BRA,194517552,2587477671936.0,8.561,12.679,826.512,160.771,112.124,21.81,4.755,5.509,83.764,-19.312,-30.925,664.244,129.207,50.69,9.86,-6.505,-2.463,182.003,35.403,2.15,4.427,498.65,458.67,15.715,-0.702,-20.645,15004.24,1.128,-5.691,-93.818,186.718,36.32,7992.57,1554.695,7.919,53.269,-19.455,-49.923,206.686,65.341,12.71,1062.558,-14.602,-20.991,631.148,122.769,2.771,7.082,38.42,5.799,53.442,1091.917,1989.949,387.08,5613.463,84.392,37.413,6.559,73.173,1363.893,2171.269,422.35,7011.671,92.081,46.731,39.98,8.018,-7.242,-2.943,34.723,62.822,12.22,178.509,2.664,1.19,-1.053,-12.97,1218.802,70.688,13.75,6265.768,6.928,79.86,6336.785,1232.616,2.998,41.76,73.024,21.81,0.0,15.615,9.863,112.124,0.0,375.413,4.755,0.0,2.502,2357.988,2918.588,6.917,76.117,1329.17,2108.447,410.13,6833.163,89.417,45.542,,0.0,0.0,0.0,0.0,0.0,0.0,0.0,4.649,0.133,3.457,6.375,1.24,17.774,0.27,0.118
Brazil,2010,BRA,196353504,2816706084864.0,5.453,8.767,863.432,169.538,155.434,30.52,5.975,5.323,104.977,30.177,38.99,856.606,168.198,56.785,11.15,-10.217,-3.617,161.88,31.786,2.183,5.281,545.43,510.78,16.037,9.129,266.448,16220.931,1.131,12.527,194.752,310.766,61.02,8909.68,1749.447,11.946,54.927,33.423,69.082,275.768,177.486,34.85,1404.445,22.348,27.436,764.975,150.206,6.823,8.658,53.62,3.146,27.446,1119.363,2053.898,403.29,5700.752,78.956,35.144,5.543,71.697,1435.59,2290.563,449.76,7311.252,88.054,45.073,34.65,6.353,12.087,3.958,38.681,70.129,13.77,196.999,2.696,1.214,7.112,86.68,1305.481,76.495,15.02,6648.628,5.335,65.758,6612.43,1298.374,2.941,40.988,101.967,30.52,0.0,39.633,28.942,155.434,0.0,519.301,5.975,0.0,3.201,2601.329,3185.037,5.396,67.738,1396.908,2220.434,435.99,7114.253,85.358,43.858,,0.0,0.0,0.0,0.0,0.0,0.0,0.0,75.812,2.584,6.041,11.102,2.18,30.767,0.427,0.19
Brazil,2011,BRA,198185296,2965069889536.0,-8.723,-14.788,780.834,154.75,157.883,31.29,5.933,4.695,93.555,6.823,11.475,906.591,179.673,63.627,12.61,0.081,0.026,160.514,31.811,2.391,5.452,563.28,527.39,16.002,3.477,110.753,16629.84,1.112,3.252,56.897,253.652,50.27,9114.419,1806.344,9.532,54.808,-0.339,-0.934,274.834,121.402,24.06,1386.754,14.689,22.064,869.235,172.27,4.562,8.339,49.34,6.21,62.26,1181.623,2161.26,428.33,5962.211,81.217,35.852,2.028,53.856,1489.446,2407.444,477.12,7515.421,90.468,45.192,35.89,6.372,7.824,2.772,41.453,74.678,14.8,209.165,2.806,1.258,3.551,46.355,1351.837,68.623,13.6,6821.074,2.138,27.762,6691.391,1326.135,2.579,41.017,104.159,31.29,0.0,2.15,2.192,157.883,0.0,525.562,5.933,0.0,3.16,2661.096,3295.79,1.89,51.084,1447.993,2332.766,462.32,7306.256,87.662,43.935,,0.0,0.0,0.0,0.0,0.0,0.0,0.0,24.268,1.42,7.462,13.624,2.7,37.649,0.512,0.226
Brazil,2012,BRA,199977712,3022025654272.0,-4.529,-7.009,738.788,147.741,171.969,34.39,6.285,4.355,117.753,-1.043,-1.873,889.098,177.8,70.958,14.19,6.716,2.136,169.758,33.948,2.593,5.241,587.42,547.16,16.129,2.929,96.531,16963.494,1.123,7.151,129.172,386.093,77.21,9678.659,1935.516,14.111,57.056,18.532,50.931,325.765,224.825,44.96,1629.008,15.127,26.059,991.753,198.328,8.217,9.603,64.43,-3.033,-42.781,1138.841,2076.931,415.34,5694.842,75.908,33.571,-2.23,-32.641,1456.805,2350.012,469.95,7284.834,85.889,42.944,40.26,6.854,2.42,0.746,42.199,75.858,15.17,211.021,2.772,1.244,5.926,80.115,1431.951,90.31,18.06,7160.553,-1.456,-19.313,6534.842,1306.823,3.301,42.212,114.171,34.39,0.0,9.613,10.013,171.969,0.0,570.92,6.285,0.0,3.366,2736.105,3392.321,-2.347,-33.387,1414.605,2274.153,454.78,7073.814,83.116,41.7,,0.004,0.004,0.0,0.0,0.022,0.0,0.0,86.707,6.385,13.847,25.253,5.05,69.242,0.923,0.408
Brazil,2013,BRA,201721776,3112905998336.0,16.904,24.974,856.203,172.715,194.674,39.27,6.969,4.972,152.159,7.788,13.847,950.055,191.647,106.037,21.39,24.205,8.217,209.026,42.165,3.796,5.517,603.82,563.49,16.22,2.406,81.619,17221.439,1.116,5.733,110.961,555.22,112.0,10145.048,2046.477,19.876,58.909,17.823,58.062,383.828,327.877,66.14,1902.758,10.673,21.167,1088.112,219.496,11.738,11.049,85.74,-5.863,-73.225,1065.617,1938.264,390.99,5282.605,69.387,30.675,1.092,-29.342,1427.462,2238.182,451.49,7076.392,80.124,41.091,40.33,6.679,-3.671,-1.794,40.406,72.625,14.65,200.303,2.6,1.163,2.727,39.052,1471.003,121.306,24.47,7292.235,-1.97,-25.745,6350.717,1281.078,4.343,42.344,130.79,39.27,0.0,14.556,16.619,194.674,0.0,648.371,6.969,0.0,3.765,2793.402,3473.939,1.219,-27.548,1387.057,2165.557,436.84,6876.089,77.524,39.927,196.796,0.009,0.013,0.0,0.0,0.065,0.0,0.0,30.215,4.075,17.922,32.619,6.58,88.845,1.168,0.516
Brazil,2014,BRA,203459648,3128572510208.0,9.678,16.715,931.044,189.43,221.911,45.15,7.76,5.314,175.403,6.326,12.123,1001.524,203.77,128.625,26.17,-0.802,-0.338,205.578,41.827,4.498,5.717,615.64,581.86,16.324,2.604,90.479,17519.043,1.139,4.566,93.441,671.288,136.58,10517.655,2139.918,23.473,60.036,5.921,22.727,406.555,382.14,77.75,1998.208,6.37,13.981,1147.533,233.477,13.362,11.406,102.06,-4.489,-53.934,1011.683,1835.45,373.44,4972.401,64.18,28.383,1.73,-2.962,1424.5,2188.542,445.28,7001.388,76.527,39.964,33.78,5.487,-0.461,-0.427,39.978,71.071,14.46,196.493,2.485,1.122,3.983,58.591,1529.594,160.523,32.66,7517.923,11.168,143.07,6999.657,1424.148,5.613,42.913,150.286,45.15,0.0,14.906,19.496,221.911,0.0,738.654,7.76,0.0,4.216,2859.83,3564.418,1.786,-2.535,1384.521,2117.471,430.82,6804.895,74.042,38.843,235.485,0.031,0.044,0.098,0.02,0.214,0.003,0.001,85.683,15.157,33.079,60.012,12.21,162.581,2.098,0.928
Brazil,2015,BRA,205188208,3270706200576.0,16.967,32.141,1079.843,221.571,231.69,47.54,8.317,6.3,170.39,0.594,1.211,998.99,204.981,127.298,26.12,-19.19,-8.026,164.729,33.8,4.57,5.828,605.99,571.57,16.252,-1.332,-47.461,17140.15,1.075,-3.225,-69.01,627.96,128.85,10092.728,2070.909,22.543,58.884,5.611,22.811,429.365,369.222,75.76,2092.544,1.957,4.568,1160.13,238.045,13.255,12.208,97.39,-3.668,-42.906,968.777,1753.22,359.74,4721.409,62.939,27.546,4.715,21.548,1446.048,2157.629,442.72,7047.424,77.457,41.116,34.42,5.68,-4.19,-1.903,38.075,67.791,13.91,185.564,2.434,1.083,-6.082,-93.032,1436.562,131.44,26.97,7001.193,7.953,113.255,7492.649,1537.403,4.719,40.847,159.228,47.54,0.0,5.95,8.942,231.69,0.0,776.01,8.317,0.0,4.527,2785.589,3516.957,4.935,23.451,1407.973,2089.837,428.81,6861.86,75.023,40.034,266.361,0.115,0.159,0.292,0.06,0.773,0.01,0.005,77.111,25.159,58.237,104.636,21.47,283.824,3.756,1.656
Brazil,2016,BRA,206859584,2889037381632.0,-9.0,-19.942,974.715,201.629,237.552,49.14,8.6,5.875,136.122,-9.675,-19.831,895.05,185.15,120.903,25.01,-7.848,-2.653,150.574,31.148,4.377,5.395,612.19,571.4,16.648,-2.411,-84.791,16591.764,1.188,-7.465,-154.589,449.87,93.06,9263.867,1916.32,16.286,55.834,-13.622,-58.487,370.879,261.385,54.07,1792.901,1.34,3.191,1166.181,241.236,9.463,10.806,77.78,5.884,50.935,1019.713,1841.394,380.91,4929.493,66.663,29.71,2.352,69.797,1515.846,2312.39,478.34,7327.897,83.714,44.166,40.79,6.663,7.671,2.678,40.754,72.368,14.97,197.01,2.62,1.187,-5.309,-76.271,1360.291,67.582,13.98,6575.916,3.415,52.5,7685.905,1589.903,2.447,39.634,163.871,49.14,0.0,2.916,4.643,237.552,0.0,792.184,8.6,0.0,4.775,2762.26,3432.166,2.232,67.119,1475.092,2240.022,463.37,7130.886,81.094,42.978,44.712,0.07,0.228,0.387,0.08,1.103,0.014,0.007,54.857,31.414,89.651,160.689,33.24,433.39,5.817,2.612
Brazil,2017,BRA,208504960,2926999240704.0,2.173,4.381,988.036,206.01,242.68,50.6,8.707,5.949,141.665,5.469,10.125,936.547,195.275,118.175,24.64,-18.682,-5.819,121.478,25.329,4.24,5.639,617.51,581.16,16.782,0.898,30.828,16608.686,1.183,1.539,29.492,488.717,101.9,9332.207,1945.812,17.534,56.189,1.467,5.441,376.32,300.808,62.72,1804.85,12.676,30.578,1303.634,271.814,10.792,10.867,82.33,-2.626,-32.623,987.09,1778.903,370.91,4734.131,63.822,28.504,0.799,1.336,1517.182,2298.554,479.26,7276.478,82.466,43.811,36.35,5.887,-0.789,-0.559,40.194,71.269,14.86,192.773,2.557,1.161,1.024,13.925,1374.216,69.735,14.54,6590.809,4.341,69.021,7956.282,1658.924,2.502,39.683,168.906,50.6,0.0,3.073,5.035,242.68,0.0,810.083,8.707,0.0,4.877,2787.271,3462.993,0.837,1.895,1476.988,2227.285,464.4,7083.705,79.909,42.651,875.613,1.985,2.214,3.981,0.83,10.617,0.143,0.064,26.529,23.117,112.768,201.722,42.06,540.839,7.237,3.256
Brazil,2018,BRA,210166592,2965401501696.0,15.988,32.936,1136.938,238.946,248.041,52.13,8.774,6.874,125.61,-2.2,-4.296,908.701,190.978,107.914,22.68,8.369,2.12,130.604,27.449,3.817,5.494,629.12,594.14,17.093,0.375,12.975,16539.109,1.172,-4.559,-88.704,412.482,86.69,8836.361,1857.108,14.591,53.427,-4.627,-17.412,358.908,249.136,52.36,1707.731,-7.428,-20.191,1197.258,251.624,8.813,10.325,74.63,4.87,42.022,1029.111,1850.77,388.97,4896.646,65.468,29.606,8.876,101.678,1618.86,2414.513,507.45,7702.748,85.409,46.573,34.98,5.56,-0.415,-0.401,39.793,70.373,14.79,189.342,2.489,1.145,-4.875,-66.995,1307.221,55.432,11.65,6219.93,-1.429,-23.709,7780.565,1635.215,1.961,37.607,173.599,52.13,0.0,2.778,4.693,248.041,0.0,826.008,8.774,0.0,4.994,2826.995,3475.968,9.093,102.079,1579.067,2344.14,492.66,7513.406,82.92,45.428,316.131,6.944,9.158,16.368,3.44,43.575,0.579,0.263,14.4,15.484,128.252,228.961,48.12,610.24,8.099,3.69
Brazil,2019,BRA,211782880,,10.687,25.537,1248.842,264.483,248.793,52.69,8.517,7.486,124.56,-6.004,-11.466,847.625,179.512,110.774,23.46,-8.395,-2.304,118.727,25.144,3.792,5.081,643.62,618.66,17.511,1.639,56.982,16681.945,,-1.005,-18.667,429.26,90.91,8680.78,1838.441,14.695,52.037,-0.439,-1.574,357.333,273.818,57.99,1687.263,2.322,5.842,1215.704,257.465,9.373,10.114,77.06,2.29,19.682,1048.793,1878.717,397.88,4952.208,64.313,29.686,6.153,75.65,1694.51,2491.939,527.75,8001.166,85.305,47.963,24.96,3.878,2.903,1.004,40.797,71.583,15.16,192.638,2.45,1.155,-0.43,-5.627,1301.595,44.668,9.46,6145.892,7.536,123.232,8303.062,1758.446,1.529,36.842,175.319,52.69,0.0,0.99,1.719,248.793,0.0,827.823,8.517,0.0,4.962,2921.199,3532.95,6.222,74.646,1653.713,2420.356,512.59,7808.528,82.855,46.808,92.249,8.383,17.541,31.117,6.59,82.827,1.065,0.497,15.493,19.325,147.577,261.73,55.43,696.829,8.96,4.177
Brazil,2020,BRA,213196304,,-6.896,-18.24,1155.008,246.243,265.295,56.56,9.206,7.254,117.437,-9.124,-16.38,765.177,163.133,91.606,19.53,11.035,2.775,130.954,27.919,3.179,4.806,639.09,614.37,18.1,-3.923,-138.582,15921.327,,-7.197,-132.319,380.635,81.15,8002.587,1706.122,13.209,50.263,-12.061,-43.096,314.237,241.468,51.48,1473.932,-5.866,-15.102,1136.809,242.363,8.379,9.258,72.15,-0.376,-7.781,1041.012,1858.991,396.33,4882.878,64.51,30.669,-1.612,-6.264,1688.246,2501.075,533.22,7918.739,86.791,49.737,24.72,3.868,-12.873,-5.382,35.415,61.962,13.21,166.115,2.15,1.043,-5.596,-72.842,1228.752,47.562,10.14,5763.479,5.387,94.735,8692.372,1853.182,1.65,36.2,187.516,56.56,0.0,6.957,12.197,265.295,0.0,879.546,9.206,0.0,5.524,2881.71,3394.368,-1.379,-0.882,1652.831,2439.114,520.01,7752.625,84.641,48.693,61.518,10.687,28.228,49.907,10.64,132.405,1.732,0.832,1.902,2.255,149.832,264.92,56.48,702.787,9.193,4.414
Brazil,2021,BRA,214326224,,-1.12,-2.757,1136.055,243.486,268.749,57.6,8.693,6.819,158.592,21.317,34.776,923.398,197.908,117.671,25.22,21.031,5.872,157.66,33.791,3.806,5.543,685.68,662.58,18.556,5.194,176.302,16659.977,,13.123,223.892,649.524,139.21,9005.032,1930.015,21.01,54.052,28.713,90.228,404.465,424.726,91.03,1887.144,0.397,0.963,1135.31,243.327,13.739,11.327,105.08,-8.467,-91.633,949.379,1692.84,362.82,4429.596,54.759,26.588,-2.228,-47.591,1640.655,2441.932,523.37,7654.942,78.99,45.948,23.1,3.369,4.64,1.507,36.923,68.587,14.7,172.273,2.219,1.034,8.048,98.889,1327.642,107.126,22.96,6194.49,-1.562,-28.943,8511.506,1824.239,3.465,37.182,177.883,57.6,0.0,-5.137,-9.633,268.749,0.0,829.964,8.693,0.0,4.982,3091.456,3570.67,-2.353,-49.099,1603.732,2373.345,508.67,7482.67,76.771,44.914,55.859,15.607,43.835,78.152,16.75,204.526,2.528,1.228,26.705,39.317,189.149,333.604,71.5,882.529,10.791,5.297
Brazil,2022,BRA,215313504,,-0.631,-1.535,1123.715,241.951,266.681,57.42,8.433,6.496,102.044,-17.81,-35.247,755.465,162.662,72.685,15.65,-11.309,-3.821,139.189,29.969,2.298,4.367,703.98,680.88,18.279,4.319,154.2,17299.75,,-2.948,-56.891,345.45,74.38,8699.518,1873.124,10.924,50.287,-20.942,-84.703,319.762,226.971,48.87,1485.099,-5.551,-13.506,1067.377,229.821,7.177,8.585,69.48,17.721,164.164,1113.543,1988.078,428.06,5171.727,62.869,29.895,10.758,211.091,1851.746,2816.823,606.5,8600.232,89.076,49.713,23.1,3.281,-0.99,-0.499,36.424,67.529,14.54,169.166,2.135,0.978,4.75,63.058,1390.7,45.794,9.86,6458.953,3.954,72.123,8807.444,1896.362,1.448,37.336,168.461,57.42,0.0,-5.297,-9.423,266.681,0.0,782.397,8.433,0.0,4.523,3162.272,3724.87,10.988,211.59,1815.322,2749.293,591.96,8431.066,86.94,48.735,79.835,34.708,78.544,122.983,26.48,364.788,3.889,2.109,12.929,23.675,212.824,371.551,80.0,988.44,11.75,5.714
British Virgin Islands,1980,VGB,11129,,,,,,,,,,,,,,,,,,,0.0,0.0,,,,,,,,11176.353,,,,,,,,,,,,,,,,,,0.0,0.0,,,,,,,,,,,,,,,,,,,,,,,,,,,,,,,,,,,,,,0.0,0.0,,,,,,,,,,,,,,,0.124,,,,,,,,,,,,,,,,,,,,,,,,
British Virgin Islands,1981,VGB,11493,,,,,,,,,,,,,,,,,,0.0,0.0,0.0,,,,,,49.59,0.062,16189.218,,,,,,,,,,,,,,,,,0.0,0.0,0.0,,,,,,,,,,,,,,,,,,,,,,,,,,,,,,,,,,,,,0.0,0.0,0.0,,,,,,,,,,,,,,,0.186,,,,,,,,,,,,,,,,,,,,,,,,
British Virgin Islands,1982,VGB,11910,,,,,,,,,,,,,,,,,,0.0,0.0,0.0,,,,,,0.0,0.0,15622.392,,,,,,,,,,,,,,,,,0.0,0.0,0.0,,,,,,,,,,,,,,,,,,,,,,,,,,,,,,,,,,,,,0.0,0.0,0.0,,,,,,,,,,,,,,,0.186,,,,,,,,,,,,,,,,,,,,,,,,
British Virgin Islands,1983,VGB,12335,,,,,,,,,,,,,,,,,,0.0,0.0,0.0,,,,,,0.0,0.0,15084.125,,,,,,,,,,,,,,,,,0.0,0.0,0.0,,,,,,,,,,,,,,,,,,,,,,,,,,,,,,,,,,,,,0.0,0.0,0.0,,,,,,,,,,,,,,,0.186,,,,,,,,,,,,,,,,,,,,,,,,
British Virgin Islands,1984,VGB,12778,,,,,,,,,,,,,,,,,,0.0,0.0,0.0,,,,,,-33.151,-0.062,9734.045,,,,,,,,,,,,,,,,,0.0,0.0,0.0,,,,,,,,,,,,,,,,,,,,,,,,,,,,,,,,,,,,,0.0,0.0,0.0,,,,,,,,,,,,,,,0.124,,,,,,,,,,,,,,,,,,,,,,,,
British Virgin Islands,1985,VGB,13224,,,,,,,,,,,,,,,,,,0.0,0.0,0.0,,,,,,-0.273,-0.0,9380.051,,,,,,,,,,,,,,,,,0.0,0.0,0.0,,,,,,,,,,,,,,,,,,,,,,,,,,,,,,,,,,,,,0.0,0.0,0.0,,,,,,,,,,,,,,,0.124,,,,,,,,,,,,,,,,,,,,,,,,
British Virgin Islands,1986,VGB,13681,,,,,,,,,,,,,,,,,,0.0,0.0,0.0,,,,,,-39.415,-0.049,5493.072,,,,,,,,,,,,,,,,,0.0,0.0,0.0,,,,,,,,,,,,,,,,,,,,,,,,,,,,,,,,,,,,,0.0,0.0,0.0,,,,,,,,,,,,,,,0.075,,,,,,,,,,,,,,,,,,,,,,,,
British Virgin Islands,1987,VGB,14140,,,,,,,,,,,,,,,,,,0.0,0.0,0.0,,,,,,157.686,0.119,13695.412,,,,,,,,,,,,,,,,,0.0,0.0,0.0,,,,,,,,,,,,,,,,,,,,,,,,,,,,,,,,,,,,,0.0,0.0,0.0,,,,,,,,,,,,,,,0.194,,,,,,,,,,,,,,,,,,,,,,,,
British Virgin Islands,1988,VGB,14620,,,,,,,,,,,,,,,,,,0.0,0.0,0.0,,,,,,0.258,0.001,13279.979,,,,,,,,,,,,,,,,,0.0,0.0,0.0,,,,,,,,,,,,,,,,,,,,,,,,,,,,,,,,,,,,,0.0,0.0,0.0,,,,,,,,,,,,,,,0.194,,,,,,,,,,,,,,,,,,,,,,,,
British Virgin Islands,1989,VGB,15118,,,,,,,,,,,,,,,,,,0.0,0.0,0.0,,,,,,-0.258,-0.001,12809.44,,,,,,,,,,,,,,,,,0.0,0.0,0.0,,,,,,,,,,,,,,,,,,,,,,,,,,,,,,,,,,,,,0.0,0.0,0.0,,,,,,,,,,,,,,,0.194,,,,,,,,,,,,,,,,,,,,,,,,
British Virgin Islands,1990,VGB,15646,,,,,,,,,,,,,,,,,,0.0,0.0,0.0,,,,,,0.0,0.0,12377.165,,,,,,,,,,,,,,,,,0.0,0.0,0.0,,,,,,,,,,,,,,,,,,,,,,,,,,,,,,,,,,,,,0.0,0.0,0.0,,,,,,,,,,,,,,,0.194,,,,,,,,,,,,,,,,,,,,,,,,
British Virgin Islands,1991,VGB,16111,,,,,,,,,,,,,,,,,,0.0,0.0,0.0,,,,,,0.0,0.0,12019.932,,,,,,,,,,,,,,,,,0.0,0.0,0.0,,,,,,,,,,,,,,,,,,,,,,,,,,,,,,,,,,,,,0.0,0.0,0.0,,,,,,,,,,,,,,,0.194,,,,,,,,,,,,,,,,,,,,,,,,
British Virgin Islands,1992,VGB,16497,,,,,,,,,,,,,,,,,,0.0,0.0,0.0,,,,,,0.258,0.001,11769.005,,,,,,,,,,,,,,,,,0.0,0.0,0.0,,,,,,,,,,,,,,,,,,,,,,,,,,,,,,,,,,,,,0.0,0.0,0.0,,,,,,,,,,,,,,,0.194,,,,,,,,,,,,,,,,,,,,,,,,
British Virgin Islands,1993,VGB,16875,,,,,,,,,,,,,,,,,,0.0,0.0,0.0,,,,,,-0.258,-0.001,11475.74,,,,,,,,,,,,,,,,,0.0,0.0,0.0,,,,,,,,,,,,,,,,,,,,,,,,,,,,,,,,,,,,,0.0,0.0,0.0,,,,,,,,,,,,,,,0.194,,,,,,,,,,,,,,,,,,,,,,,,
British Virgin Islands,1994,VGB,17275,,,,,,,,,,,,,,,,,,0.0,0.0,0.0,,,,,,0.0,0.0,11210.021,,,,,,,,,,,,,,,,,0.0,0.0,0.0,,,,,,,,,,,,,,,,,,,,,,,,,,,,,,,,,,,,,0.0,0.0,0.0,,,,,,,,,,,,,,,0.194,,,,,,,,,,,,,,,,,,,,,,,,
British Virgin Islands,1995,VGB,17693,,,,,,,,,,,,,,,,,,0.0,0.0,0.0,,,,,,0.0,0.0,10945.183,,,,,,,,,,,,,,,,,0.0,0.0,0.0,,,,,,,,,,,,,,,,,,,,,,,,,,,,,,,,,,,,,0.0,0.0,0.0,,,,,,,,,,,,,,,0.194,,,,,,,,,,,,,,,,,,,,,,,,
British Virgin Islands,1996,VGB,18144,,,,,,,,,,,,,,,,,,0.0,0.0,0.0,,,,,,29.354,0.057,13806.164,,,,,,,,,,,,,,,,,0.0,0.0,0.0,,,,,,,,,,,,,,,,,,,,,,,,,,,,,,,,,,,,,0.0,0.0,0.0,,,,,,,,,,,,,,,0.25,,,,,,,,,,,,,,,,,,,,,,,,
British Virgin Islands,1997,VGB,18610,,,,,,,,,,,,,,,,,,0.0,0.0,0.0,,,,,,-0.261,-0.001,13425.307,,,,,,,,,,,,,,,,,0.0,0.0,0.0,,,,,,,,,,,,,,,,,,,,,,,,,,,,,,,,,,,,,0.0,0.0,0.0,,,,,,,,,,,,,,,0.25,,,,,,,,,,,,,,,,,,,,,,,,
British Virgin Islands,1998,VGB,19101,,,,,,,,,,,,,,,,,,0.0,0.0,0.0,,,,,,0.0,0.0,13080.203,,,,,,,,,,,,,,,,,0.0,0.0,0.0,,,,,,,,,,,,,,,,,,,,,,,,,,,,,,,,,,,,,0.0,0.0,0.0,,,,,,,,,,,,,,,0.25,,,,,,,,,,,,,,,,,,,,,,,,
British Virgin Islands,1999,VGB,19610,,,,,,,,,,,,,,,,,,0.0,0.0,0.0,,,,,,0.002,0.0,12740.941,,,,,,,,,,,,,,,,,0.0,0.0,0.0,,,,,,,,,,,,,,,,,,,,,,,,,,,,,,,,,,,,,0.0,0.0,0.0,,,,,,,,,,,,,,,0.25,,,,,,,,,,,,,,,,,,,,,,,,
British Virgin Islands,2000,VGB,20126,,,,,,0.0,0.0,0.0,,750.0,,,,,0.0,0.0,,0.0,0.0,0.0,0.0,,0.04,0.04,,75.096,0.188,21736.926,,,,1987.479,0.04,,,100.0,,,,,0.0,0.0,,,0.0,0.0,0.0,0.0,,0.03,,,,0.0,0.0,,0.0,,,,,0.0,0.0,,0.0,,0.0,0.0,,,,0.0,0.0,,0.0,,,,,1987.479,0.04,,,0.0,0.0,0.0,100.0,,,0.0,0.0,,,0.0,0.0,,0.0,0.0,,1987.479,0.437,,,,0.0,0.0,,0.0,,,,,0.0,0.0,,0.0,,,,,0.0,0.0,,0.0,
British Virgin Islands,2001,VGB,20685,,,,,,0.0,0.0,0.0,,750.0,,,,,0.0,0.0,,0.0,0.0,0.0,0.0,,0.04,0.04,,2.347,0.01,21645.822,,,,1933.768,0.04,,,100.0,,,,,0.0,0.0,,,0.0,0.0,0.0,0.0,,0.03,,,,0.0,0.0,,0.0,,,,,0.0,0.0,,0.0,,0.0,0.0,,,,0.0,0.0,,0.0,,,,,1933.768,0.04,,,0.0,0.0,0.0,100.0,,,0.0,0.0,,,0.0,0.0,,0.0,0.0,,1933.768,0.448,,,,0.0,0.0,,0.0,,,,,0.0,0.0,,0.0,,,,,0.0,0.0,,0.0,
British Virgin Islands,2002,VGB,21308,,,,,,0.0,0.0,0.0,,750.0,,,,,0.0,0.0,,0.0,0.0,0.0,0.0,,0.04,0.04,,5.777,0.026,22226.912,,,,1877.229,0.04,,,100.0,,,,,0.0,0.0,,,0.0,0.0,0.0,0.0,,0.03,,,,0.0,0.0,,0.0,,,,,0.0,0.0,,0.0,,0.0,0.0,,,,0.0,0.0,,0.0,,,,,1877.229,0.04,,,0.0,0.0,0.0,100.0,,,0.0,0.0,,,0.0,0.0,,0.0,0.0,,1877.229,0.474,,,,0.0,0.0,,0.0,,,,,0.0,0.0,,0.0,,,,,0.0,0.0,,0.0,
British Virgin Islands,2003,VGB,22004,,,,,,0.0,0.0,0.0,,750.0,,,,,0.0,0.0,,0.0,0.0,0.0,0.0,,0.04,0.04,,6.829,0.032,22993.805,,,,1817.851,0.04,,,100.0,,,,,0.0,0.0,,,0.0,0.0,0.0,0.0,,0.03,,,,0.0,0.0,,0.0,,,,,0.0,0.0,,0.0,,0.0,0.0,,,,0.0,0.0,,0.0,,,,,1817.851,0.04,,,0.0,0.0,0.0,100.0,,,0.0,0.0,,,0.0,0.0,,0.0,0.0,,1817.851,0.506,,,,0.0,0.0,,0.0,,,,,0.0,0.0,,0.0,,,,,0.0,0.0,,0.0,
