country,year,iso_code,population,gdp,biofuel_cons_change_pct,biofuel_cons_change_twh,biofuel_cons_per_capita,biofuel_consumption,biofuel_elec_per_capita,biofuel_electricity,biofuel_share_elec,biofuel_share_energy,carbon_intensity_elec,coal_cons_change_pct,coal_cons_change_twh,coal_cons_per_capita,coal_consumption,coal_elec_per_capita,coal_electricity,coal_prod_change_pct,coal_prod_change_twh,coal_prod_per_capita,coal_production,coal_share_elec,coal_share_energy,electricity_demand,electricity_generation,electricity_share_energy,energy_cons_change_pct,energy_cons_change_twh,energy_per_capita,energy_per_gdp,fossil_cons_change_pct,fossil_cons_change_twh,fossil_elec_per_capita,fossil_electricity,fossil_energy_per_capita,fossil_fuel_consumption,fossil_share_elec,fossil_share_energy,gas_cons_change_pct,gas_cons_change_twh,gas_consumption,gas_elec_per_capita,gas_electricity,gas_energy_per_capita,gas_prod_change_pct,gas_prod_change_twh,gas_prod_per_capita,gas_production,gas_share_elec,gas_share_energy,greenhouse_gas_emissions,hydro_cons_change_pct,hydro_cons_change_twh,hydro_consumption,hydro_elec_per_capita,hydro_electricity,hydro_energy_per_capita,hydro_share_elec,hydro_share_energy,low_carbon_cons_change_pct,low_carbon_cons_change_twh,low_carbon_consumption,low_carbon_elec_per_capita,low_carbon_electricity,low_carbon_energy_per_capita,low_carbon_share_elec,low_carbon_share_energy,net_elec_imports,net_elec_imports_share_demand,nuclear_cons_change_pct,nuclear_cons_change_twh,nuclear_consumption,nuclear_elec_per_capita,nuclear_electricity,nuclear_energy_per_capita,nuclear_share_elec,nuclear_share_energy,oil_cons_change_pct,oil_cons_change_twh,oil_consumption,oil_elec_per_capita,oil_electricity,oil_energy_per_capita,oil_prod_change_pct,oil_prod_change_twh,oil_prod_per_capita,oil_production,oil_share_elec,oil_share_energy,other_renewable_consumption,other_renewable_electricity,other_renewable_exc_biofuel_electricity,other_renewables_cons_change_pct,other_renewables_cons_change_twh,other_renewables_elec_per_capita,other_renewables_elec_per_capita_exc_biofuel,other_renewables_energy_per_capita,other_renewables_share_elec,other_renewables_share_elec_exc_biofuel,other_renewables_share_energy,per_capita_electricity,primary_energy_consumption,renewables_cons_change_pct,renewables_cons_change_twh,renewables_consumption,renewables_elec_per_capita,renewables_electricity,renewables_energy_per_capita,renewables_share_elec,renewables_share_energy,solar_cons_change_pct,solar_cons_change_twh,solar_consumption,solar_elec_per_capita,solar_electricity,solar_energy_per_capita,solar_share_elec,solar_share_energy,wind_cons_change_pct,wind_cons_change_twh,wind_consumption,wind_elec_per_capita,wind_electricity,wind_energy_per_capita,wind_share_elec,wind_share_energy
North America,1950,,217078493.0,,,,,,,,,,,,,,,,,15.824,544.252,18351.551,3983.727,,,,,,,,,,,,,,,,,,,,,,,,15.422,262.759,9059.182,1966.553,,,,,,,,,,,,,,,,,,,,,,,,,,,,,,,,,,,,8.048,245.753,15199.414,3299.466,,,,,,,,,,,,,,,,,,,,,,,,,,,,,,,,,,,,,,,
North America,1951,,220921951.0,,,,,,,,,,,,,,,,,2.731,108.814,18524.83,4092.542,,,,,,,,,,,,,,,,,,,,,,,,18.757,368.875,10571.283,2335.428,,,,,,,,,,,,,,,,,,,,,,,,,,,,,,,,,,,,14.205,468.701,17056.551,3768.167,,,,,,,,,,,,,,,,,,,,,,,,,,,,,,,,,,,,,,,
North America,1952,,225040618.0,,,,,,,,,,,,,,,,,-11.674,-477.751,16062.834,3614.79,,,,,,,,,,,,,,,,,,,,,,,,7.505,175.268,11156.638,2510.697,,,,,,,,,,,,,,,,,,,,,,,,,,,,,,,,,,,,2.385,89.854,17143.66,3858.02,,,,,,,,,,,,,,,,,,,,,,,,,,,,,,,,,,,,,,,
North America,1953,,229381691.0,,,,,,,,,,,,,,,,,-3.949,-142.741,15136.555,3472.049,,,,,,,,,,,,,,,,,,,,,,,,4.868,122.208,11478.271,2632.905,,,,,,,,,,,,,,,,,,,,,,,,,,,,,,,,,,,,3.322,128.151,17377.895,3986.171,,,,,,,,,,,,,,,,,,,,,,,,,,,,,,,,,,,,,,,
North America,1954,,234024926.0,,,,,,,,,,,,,,,,,-13.493,-468.495,12834.331,3003.553,,,,,,,,,,,,,,,,,,,,,,,,4.287,112.881,11732.88,2745.786,,,,,,,,,,,,,,,,,,,,,,,,,,,,,,,,,,,,-0.552,-22.004,16939.08,3964.167,,,,,,,,,,,,,,,,,,,,,,,,,,,,,,,,,,,,,,,
North America,1955,,238891598.0,,,,,,,,,,,,,,,,,15.913,477.952,14573.58,3481.506,,,,,,,,,,,,,,,,,,,,,,,,7.926,217.638,12404.894,2963.425,,,,,,,,,,,,,,,,,,,,,,,,,,,,,,,,,,,,8.334,330.362,17976.893,4294.529,,,,,,,,,,,,,,,,,,,,,,,,,,,,,,,,,,,,,,,
North America,1956,,243833832.0,,,,,,,,,,,,,,,,,7.585,264.057,15361.13,3745.563,,,,,,,,,,,,,,,,,,,,,,,,7.217,213.875,13030.595,3177.3,,,,,,,,,,,,,,,,,,,,,,,,,,,,,,,,,,,,6.619,284.272,18778.365,4578.801,,,,,,,,,,,,,,,,,,,,,,,,,,,,,,,,,,,,,,,
North America,1957,,248844412.0,,,,,,,,,,,,,,,,,-2.533,-94.874,14670.571,3650.69,,,,,,,,,,,,,,,,,,,,,,,,6.537,207.714,13602.935,3385.014,,,,,,,,,,,,,,,,,,,,,,,,,,,,,,,,,,,,0.42,19.236,18477.557,4598.037,,,,,,,,,,,,,,,,,,,,,,,,,,,,,,,,,,,,,,,
North America,1958,,254195090.0,,,,,,,,,,,,,,,,,-16.408,-599.021,12005.224,3051.669,,,,,,,,,,,,,,,,,,,,,,,,4.839,163.787,13960.936,3548.801,,,,,,,,,,,,,,,,,,,,,,,,,,,,,,,,,,,,-5.994,-275.619,17004.332,4322.417,,,,,,,,,,,,,,,,,,,,,,,,,,,,,,,,,,,,,,,
North America,1959,,259556906.0,,,,,,,,,,,,,,,,,0.006,0.171,11757.883,3051.84,,,,,,,,,,,,,,,,,,,,,,,,9.846,349.411,15018.72,3898.212,,,,,,,,,,,,,,,,,,,,,,,,,,,,,,,,,,,,5.505,237.938,17569.771,4560.355,,,,,,,,,,,,,,,,,,,,,,,,,,,,,,,,,,,,,,,
North America,1960,,264916376.0,,,,,,,,,,,,,,,,,0.501,15.292,11577.735,3067.132,,,,,,,,,,,,,,,,,,,,,,,,6.673,260.133,15696.822,4158.345,,,,,,,,,,,,,,,,,,,,,,,,,,,,,,,,,,,,0.322,14.666,17269.68,4575.021,,,,,,,,,,,,,,,,,,,,,,,,,,,,,,,,,,,,,,,
North America,1961,,269992478.0,,,,,,,,,,,,,,,,,-3.099,-95.04,11008.053,2972.092,,,,,,,,,,,,,,,,,,,,,,,,4.213,175.19,16050.577,4333.535,,,,,,,,,,,,,,,,,,,,,,,,,,,,,,,,,,,,3.077,140.758,17466.334,4715.779,,,,,,,,,,,,,,,,,,,,,,,,,,,,,,,,,,,,,,,
North America,1962,,275281702.0,,,,,,,,,,,,,,,,,4.274,127.033,11258.012,3099.125,,,,,,,,,,,,,,,,,,,,,,,,6.659,288.576,16790.479,4622.111,,,,,,,,,,,,,,,,,,,,,,,,,,,,,,,,,,,,2.873,135.466,17622.84,4851.245,,,,,,,,,,,,,,,,,,,,,,,,,,,,,,,,,,,,,,,
North America,1963,,280538351.0,,,,,,,,,,,,,,,,,8.278,256.539,11961.513,3355.663,,,,,,,,,,,,,,,,,,,,,,,,7.144,330.206,17652.906,4952.317,,,,,,,,,,,,,,,,,,,,,,,,,,,,,,,,,,,,3.008,145.945,17812.859,4997.19,,,,,,,,,,,,,,,,,,,,,,,,,,,,,,,,,,,,,,,
North America,1964,,285767926.0,,,,,,,,,,,,,,,,,5.711,191.654,12413.279,3547.317,,,,,,,,,,,,,,,,,,,,,,,,6.755,334.537,18500.518,5286.854,,,,,,,,,,,,,,,,,,,,,,,,,,,,,,,,,,,,1.663,83.097,17777.666,5080.287,,,,,,,,,,,,,,,,,,,,,,,,,,,,,,,,,,,,,,,
North America,1965,,290870105.0,,,,31.044,9.03,,,,0.055,,,,11733.188,3412.834,,,4.42,156.804,12734.625,3704.122,,20.842,,,,,,56296.66,,,,,,52763.68,15347.377,,93.724,,,4467.994,,,15360.788,4.054,214.321,18912.826,5501.176,,27.285,,,,964.836,1121.773,326.29,3317.069,,5.892,,,1027.639,13.673,3.977,3532.982,,6.276,,,,,11.285,13.673,3.977,38.798,,0.069,,,7466.549,,,25669.701,13.627,692.287,19845.881,5772.573,,45.597,42.488,13.332,,,,45.836,,146.071,,,0.259,,16375.016,,,1016.354,,,3494.184,,6.207,,,,,,,,,,,,,,,,
North America,1966,,295724864.0,,1.993,0.18,31.143,9.21,,,,0.053,,4.501,153.601,12059.977,3566.435,,,3.763,139.394,12996.93,3843.515,,20.616,,,,5.647,924.672,58499.266,,5.679,871.559,,,54844.68,16218.936,,93.753,7.846,350.553,4818.547,,,16294.021,5.976,328.741,19713.99,5829.917,,27.853,,4.652,44.881,1009.717,1154.681,341.468,3414.379,,5.837,5.134,53.115,1080.754,20.27,5.994,3654.591,,6.247,,,50.722,5.724,17.009,20.27,5.994,57.517,,0.098,4.921,367.404,7833.953,,,26490.682,6.552,378.213,20799.018,6150.787,,45.284,44.818,14.062,,5.474,2.33,47.551,,151.551,,,0.259,,17299.688,4.614,47.391,1063.744,,,3597.074,,6.149,,,,,,,,,,,,,,,,
North America,1967,,300431421.0,,1.888,0.174,31.234,9.384,,,,0.052,,-1.781,-63.535,11659.564,3502.9,,,3.334,128.162,13219.913,3971.677,,19.552,,,,3.562,616.236,59633.988,,3.194,517.963,,,55709.547,16736.898,,93.419,5.284,254.6,5073.147,,,16886.207,5.936,346.075,20557.076,6175.992,,28.316,,9.083,91.714,1101.431,1239.83,372.484,3666.163,,6.148,9.024,98.274,1179.027,27.458,8.249,3924.447,,6.581,,,37.613,6.398,23.407,27.458,8.249,77.911,,0.131,4.173,326.897,8160.851,,,27163.771,7.087,435.9,21924.094,6586.687,,45.551,44.806,14.074,,0.082,-0.012,46.845,,149.138,,,0.25,,17915.924,8.554,91.876,1155.62,,,3846.535,,6.45,,,,,,,,,,,,,,,,
North America,1968,,305159077.0,,1.813,0.17,31.308,9.554,,,,0.05,,3.76,131.694,11910.488,3634.594,,,-1.308,-51.945,12844.882,3919.732,,19.139,,,,5.998,1074.643,62231.695,,6.207,1038.822,,,58250.672,17775.721,,93.603,7.261,368.355,5441.502,,,17831.691,7.068,436.512,21669.039,6612.504,,28.654,,1.3,14.323,1115.754,1236.495,377.328,3656.302,,5.875,3.058,35.818,1214.845,46.283,14.124,3981.023,,6.397,,,71.216,16.67,40.077,46.283,14.124,131.33,,0.211,6.602,538.774,8699.625,,,28508.492,4.455,293.43,22546.0,6880.117,,45.81,49.461,15.546,,10.463,4.655,50.944,,162.083,,,0.26,,18990.566,1.638,19.149,1174.769,,,3849.694,,6.186,,,,,,,,,,,,,,,,
North America,1969,,310053134.0,,1.781,0.17,31.362,9.724,,,,0.049,,0.213,7.752,11747.49,3642.346,,,2.401,94.096,12945.615,4013.829,,18.216,,,,5.291,1004.789,64490.094,,4.906,872.053,,,60143.801,18647.773,,93.261,8.072,439.225,5880.727,,,18966.836,8.077,534.105,23049.627,7146.609,,29.41,,11.422,127.437,1243.191,1355.976,420.425,4009.605,,6.217,10.806,132.737,1347.583,48.991,15.19,4346.296,,6.739,,,7.548,3.025,43.102,48.991,15.19,139.013,,0.216,4.886,425.075,9124.7,,,29429.473,2.186,150.407,22675.221,7030.523,,45.634,51.567,16.227,,4.381,2.105,52.336,,166.316,,,0.258,,19995.355,10.921,129.712,1304.481,,,4207.283,,6.524,,,,,,,,,,,,,,,,
North America,1970,,315691695.0,,1.774,0.173,31.349,9.897,,,,0.048,,-0.49,-17.836,11481.169,3624.51,,,8.593,344.889,13806.881,4358.718,,17.42,,,,4.058,811.371,65908.375,,4.111,766.564,,,61497.777,19414.338,,93.308,5.664,333.108,6213.835,,,19683.24,-10.686,-763.709,20218.777,6382.9,,29.865,,1.577,19.601,1262.792,1352.755,427.053,4000.08,,6.069,3.382,44.804,1392.387,75.989,23.989,4410.591,,6.692,,,57.928,24.968,68.069,75.989,23.989,215.62,,0.327,4.946,451.293,9575.993,,,30333.371,5.014,352.541,23386.945,7383.064,,46.024,51.629,16.236,,0.054,0.062,51.43,,163.542,,,0.248,,20806.727,1.526,19.836,1324.318,,,4194.971,,6.365,,,,,,,,,,,,,,,,
North America,1971,,321049543.0,,1.777,0.176,31.373,10.072,,,,0.047,,-5.3,-192.09,10691.246,3432.42,,,-8.638,-376.494,12403.767,3982.224,,16.13,,,,2.274,473.229,66282.469,,1.764,342.422,,,61538.039,19756.76,,92.842,3.294,204.673,6418.509,,,19992.27,3.324,212.159,20542.186,6595.06,,30.162,,5.422,68.471,1331.263,1402.304,450.209,4146.597,,6.256,9.446,130.81,1523.197,1595.316,512.175,4744.431,,7.158,,,84.989,57.851,125.921,138.225,44.377,392.215,,0.592,3.444,329.838,9905.831,,,30854.525,-0.498,-36.769,22882.125,7346.296,,46.55,55.941,17.589,,8.337,4.312,54.787,,174.245,,,0.263,,21279.955,5.447,72.959,1397.277,1457.091,467.798,4352.215,,6.566,,,0.0,0.0,0.0,0.0,,0.0,,,0.0,0.0,0.0,0.0,,0.0
North America,1972,,326320039.0,,4.435,0.447,32.235,10.519,,,,0.047,,3.622,124.329,10899.572,3556.749,,,7.564,301.229,13126.54,4283.453,,15.854,,,,5.422,1153.766,68747.602,,5.126,1012.658,,,63647.387,20769.418,,92.581,1.782,114.385,6532.894,,,20019.896,0.941,62.075,20400.631,6657.135,,29.121,,5.91,78.674,1409.937,1461.188,476.815,4320.718,,6.285,9.339,141.103,1664.301,1717.648,560.503,5100.209,,7.419,,,44.555,56.103,182.024,196.583,64.149,557.808,,0.811,7.813,773.945,10679.776,,,32727.92,2.398,176.137,23052.316,7522.433,,47.606,61.821,19.539,,11.084,5.88,59.877,,189.449,,,0.276,,22433.721,6.069,85.0,1482.277,1521.065,496.354,4542.402,,6.607,,0.0,0.0,0.0,0.0,0.0,,0.0,,0.0,0.0,0.0,0.0,0.0,,0.0
North America,1973,,331321157.0,,1.415,0.149,32.198,10.668,,,,0.045,,7.185,255.537,11506.316,3812.286,,,0.031,1.307,12932.348,4284.76,,16.217,,,,4.787,1073.98,70951.406,,4.425,919.043,,,65460.539,21688.461,,92.261,-0.173,-11.331,6521.562,,,19683.508,0.773,51.447,20247.973,6708.582,,27.742,,2.785,39.262,1449.199,1479.207,490.093,4374.0,,6.165,9.461,154.939,1819.24,1854.326,614.378,5490.866,,7.739,,,60.762,110.601,292.625,311.26,103.127,883.206,,1.245,6.319,674.835,11354.611,,,34270.711,0.367,27.594,22787.639,7550.027,,48.302,66.749,21.158,,8.285,4.928,63.859,,201.462,,,0.284,,23507.701,2.968,44.339,1526.615,1543.066,511.25,4607.66,,6.494,,0.0,0.0,0.0,0.0,0.0,,0.0,,0.0,0.0,0.0,0.0,0.0,,0.0
North America,1974,,336273223.0,,3.001,0.32,32.676,10.988,,,,0.048,,-2.126,-81.031,11095.904,3731.256,,,2.047,87.707,13002.721,4372.467,,16.133,,,,-1.614,-379.33,68778.508,,-2.791,-605.396,,,62696.234,21083.064,,91.157,-3.007,-196.073,6325.49,,,18810.566,-3.998,-268.178,19152.295,6440.404,,27.349,,9.263,134.235,1583.434,1592.421,535.489,4708.772,,6.846,12.476,226.065,2045.305,2057.956,692.035,6082.272,,8.843,,,30.587,89.505,382.129,400.479,134.67,1136.366,,1.652,-2.891,-328.292,11026.319,,,32789.762,-3.317,-250.471,21707.217,7299.556,,47.674,68.754,21.876,,3.396,2.005,65.055,,204.457,,,0.297,,23128.371,8.897,136.56,1663.176,1657.476,557.365,4945.906,,7.191,,0.0,0.0,0.0,0.0,0.0,,0.0,,0.0,0.0,0.0,0.0,0.0,,0.0
North America,1975,,341300296.0,,-4.675,-0.514,30.689,10.474,,,,0.046,,-0.051,-1.898,10926.909,3729.357,,,7.769,339.68,13806.454,4712.147,,16.51,,,,-2.337,-540.574,66181.594,,-3.2,-674.627,,,59796.133,20408.438,,90.352,-7.2,-455.431,5870.059,,,17199.104,-6.187,-398.479,17702.666,6041.925,,25.988,,-2.026,-32.086,1551.348,1537.174,524.638,4545.406,,6.868,6.764,134.055,2179.36,2168.47,740.099,6385.461,,9.648,,,44.17,168.786,550.916,568.866,194.154,1614.167,,2.439,-1.971,-217.298,10809.021,,,31670.121,-4.016,-293.177,20528.488,7006.379,,47.853,66.622,21.307,,-2.601,-2.132,62.43,,195.199,,,0.295,,22587.797,-2.1,-34.731,1628.444,1599.603,545.945,4771.295,,7.209,,0.0,0.0,0.0,0.0,0.0,,0.0,,0.0,0.0,0.0,0.0,0.0,,0.0
North America,1976,,346309935.0,,3.127,0.328,31.191,10.802,,,,0.045,,7.615,283.988,11588.882,4013.345,,,4.671,220.105,14242.307,4932.252,,16.86,,,,5.384,1216.152,68735.969,,5.615,1145.938,,,62240.129,21554.375,,90.55,1.847,108.413,5978.472,,,17263.355,-0.603,-36.462,17341.295,6005.463,,25.115,,-0.706,-10.957,1540.392,1504.238,520.932,4448.015,,6.471,3.292,70.213,2249.573,2207.51,764.483,6495.838,,9.45,,,12.579,69.302,620.217,631.162,218.578,1790.931,,2.606,6.971,753.537,11562.559,,,33387.891,-2.257,-158.142,19774.879,6848.237,,48.574,78.163,24.973,,17.203,11.541,72.111,,225.701,,,0.328,,23803.949,0.052,0.912,1629.356,1576.349,545.905,4704.907,,6.845,,0.0,0.0,0.0,0.0,0.0,,0.0,,0.0,0.0,0.0,0.0,0.0,,0.0
North America,1977,,351506528.0,,10.062,1.087,33.822,11.889,,,,0.048,,4.024,161.49,11876.976,4174.834,,,2.507,123.675,14383.596,5055.928,,17.029,,,,2.989,711.576,69744.156,,3.082,664.4,,,63210.137,22218.775,,90.631,-1.28,-76.538,5901.934,,,16790.395,1.159,69.596,17282.92,6075.059,,24.074,,-10.543,-162.398,1377.993,1325.757,466.012,3920.249,,5.621,2.51,47.176,2296.749,2227.142,782.855,6534.015,,9.369,,,32.873,203.881,824.099,826.243,290.43,2344.476,,3.362,5.011,579.449,12142.008,,,34542.766,2.635,180.433,19995.844,7028.67,,49.528,82.769,26.413,,5.768,4.606,75.143,,235.468,,,0.338,,24515.525,-9.411,-156.706,1472.651,1400.9,492.425,4189.54,,6.007,,0.0,0.0,0.0,0.0,0.0,,0.0,,0.0,0.0,0.0,0.0,0.0,,0.0
North America,1978,,357016142.0,,-2.254,-0.268,32.55,11.621,,,,0.046,,-2.175,-90.803,11439.347,4084.031,,,-4.604,-232.797,13509.56,4823.131,,16.257,,,,2.474,606.582,70366.867,,1.335,296.604,,,63065.438,22515.379,,89.624,1.052,62.077,5964.011,,,16705.156,-0.153,-9.286,16990.193,6065.773,,23.74,,15.65,215.654,1593.647,1509.575,538.943,4463.796,,6.344,13.306,309.977,2606.726,2489.725,888.872,7301.423,,10.376,,,10.923,90.014,914.113,902.347,322.153,2560.424,,3.639,2.679,325.33,12467.338,,,34920.938,5.534,388.984,20776.803,7417.654,,49.627,87.345,27.777,,5.163,4.577,77.803,,244.654,,,0.348,,25122.107,14.679,219.963,1692.613,1587.377,566.719,4741.0,,6.738,,0.0,0.0,0.0,0.0,0.0,,0.0,,0.0,0.0,0.0,0.0,0.0,,0.0
North America,1979,,362654436.0,,4.356,0.506,33.44,12.127,,,,0.048,,8.38,342.25,12205.231,4426.281,,,17.627,850.196,15643.893,5673.327,,17.352,,,,1.537,386.023,70337.289,,1.784,401.568,,,63192.242,22916.947,,89.842,3.698,220.552,6184.562,,,17053.598,3.845,233.247,17369.209,6299.021,,24.245,,1.949,31.057,1624.704,1515.066,549.445,4480.033,,6.369,-0.625,-15.544,2591.182,2434.103,882.738,7145.044,,10.158,,,-5.68,-51.92,862.193,837.863,303.855,2377.449,,3.38,-1.293,-161.234,12306.104,,,33933.414,2.673,198.301,21000.584,7615.955,,48.244,92.159,29.438,,5.981,4.813,81.174,,254.123,,,0.361,,25508.131,2.191,36.376,1728.99,1596.24,578.883,4767.595,,6.778,,0.0,0.0,0.0,0.0,0.0,,0.0,,0.0,0.0,0.0,0.0,0.0,,0.0
North America,1980,,368574942.0,,9.883,1.199,36.154,13.326,,,,0.054,,3.463,153.268,12425.014,4579.549,,,0.509,28.888,15470.979,5702.215,,18.462,,,,-2.758,-703.518,67298.695,,-3.087,-707.412,,,60257.855,22209.535,,89.538,-1.585,-98.033,6086.529,,,16513.682,-0.89,-56.045,16938.145,6242.976,,24.538,,0.304,4.935,1629.638,1495.257,551.114,4421.458,,6.57,0.238,3.896,2595.078,2397.524,883.667,7040.842,,10.462,,,-0.491,-4.23,857.963,820.36,302.364,2327.784,,3.459,-6.197,-762.646,11543.458,,,31319.162,4.068,309.833,21503.871,7925.788,,46.538,94.151,30.189,,2.551,1.992,81.908,,255.447,,,0.38,,24804.613,0.612,8.126,1737.115,1577.164,581.303,4713.059,,7.003,,0.0,0.0,0.0,0.0,0.0,,0.0,,0.0,0.0,0.0,0.0,0.0,,0.0
North America,1981,,373589053.0,,-10.838,-1.444,31.803,11.881,,,,0.049,,2.997,137.229,12625.579,4716.778,,,-5.204,-296.72,14469.094,5405.495,,19.425,,,,-2.106,-522.318,64997.34,,-2.785,-618.455,,,57793.664,21591.08,,88.917,-2.004,-121.954,5964.575,,,15965.604,-0.909,-56.766,16558.863,6186.21,,24.563,,1.428,23.265,1652.903,1496.248,558.982,4424.388,,6.807,3.626,96.136,2691.214,2456.282,917.64,7203.676,,11.083,,,8.178,70.165,928.128,875.539,327.092,2484.354,,3.822,-5.49,-633.731,10909.727,,,29202.479,1.513,119.897,21536.191,8045.686,,44.929,98.302,31.567,,4.563,4.151,84.496,,263.129,,,0.405,,24282.295,1.312,25.971,1763.087,1580.743,590.548,4719.321,,7.261,,0.0,0.0,0.0,0.0,0.0,,0.0,,0.0,0.0,0.0,0.0,0.0,,0.0
North America,1982,,378615781.0,,6.454,0.767,33.406,12.648,,,,0.054,,-3.031,-142.977,12080.325,4573.802,,,1.725,93.262,14523.316,5498.757,,19.557,,,,-3.688,-895.57,61769.016,,-4.792,-1034.621,,,54293.719,20556.459,,87.898,-5.257,-313.582,5650.994,,,14925.404,-4.933,-305.196,15532.934,5881.014,,24.163,,6.885,113.795,1766.698,1578.025,597.465,4666.204,,7.554,5.148,139.051,2830.265,2548.025,964.722,7475.297,,12.102,,,2.721,25.258,953.385,887.425,335.993,2518.081,,4.077,-5.299,-578.062,10331.664,,,27287.99,3.446,277.257,21982.555,8322.942,,44.177,97.533,31.264,,-0.958,-0.769,82.575,,257.605,,,0.417,,23386.725,6.465,113.793,1876.88,1660.6,628.729,4957.215,,8.025,,0.0,0.0,0.0,0.0,0.0,,0.0,,0.0,0.0,0.0,0.0,0.0,,0.0
North America,1983,,383734903.0,,5.003,0.633,34.61,13.281,,,,0.057,,3.882,177.534,12381.817,4751.335,,,-6.741,-370.691,13363.563,5128.066,,20.406,,,,-0.437,-102.236,60678.578,,-1.274,-261.885,,,52886.965,20294.574,,87.159,-5.549,-313.584,5337.409,,,13909.105,-8.405,-494.315,14037.552,5386.699,,22.923,,4.9,86.561,1853.259,1633.259,626.739,4829.53,,7.959,5.645,159.651,2989.917,2656.161,1019.262,7791.621,,12.841,,,6.474,61.718,1015.103,932.268,357.744,2645.325,,4.36,-1.218,-125.835,10205.829,,,26596.041,0.241,20.027,21741.492,8342.97,,43.831,108.256,34.774,,11.226,10.723,90.619,,282.112,,,0.465,,23284.488,5.211,97.933,1974.813,1723.893,661.518,5146.296,,8.481,,0.009,0.009,0.008,0.003,0.023,,0.0,,0.008,0.008,0.007,0.003,0.021,,0.0
North America,1984,,388847666.0,,1.85,0.246,34.786,13.527,,,,0.055,,7.583,360.275,13145.535,5111.611,,,15.267,782.876,15201.178,5910.942,,20.863,,,,5.224,1216.387,63008.93,,5.175,1050.244,,,54892.496,21344.818,,87.119,6.843,365.263,5702.672,,,14665.569,8.085,435.5,14972.954,5822.198,,23.275,,1.948,36.101,1889.36,1643.182,638.947,4858.87,,7.711,5.587,166.141,3156.058,2768.963,1076.705,8116.438,,12.881,,,10.998,111.638,1126.741,1021.19,397.087,2897.642,,4.599,3.182,324.706,10530.535,,,27081.389,2.816,234.917,22059.762,8577.887,,42.98,126.395,40.658,,16.923,18.138,104.561,,325.049,,,0.516,,24500.875,2.719,54.503,2029.316,1747.773,679.617,5218.795,,8.283,76.7,0.007,0.016,0.014,0.005,0.04,,0.0,143.253,0.011,0.019,0.017,0.007,0.05,,0.0
North America,1985,,393949236.0,,5.063,0.685,36.074,14.211,,,,0.058,,2.065,105.534,13243.191,5217.145,4038.525,1590.974,-1.415,-83.652,14791.982,5827.29,48.927,21.232,,3251.749,13.233,0.291,71.379,62374.164,,-0.314,-67.127,5301.44,2088.499,54011.25,21277.691,64.227,86.592,-2.591,-147.783,5554.89,832.445,327.941,14100.521,-3.747,-218.142,14225.327,5604.057,10.085,22.606,,-2.828,-53.435,1835.926,1576.032,620.877,4660.31,19.094,7.472,4.606,138.505,3294.563,2858.838,1126.237,8362.912,34.635,13.408,,,16.953,191.017,1317.759,1178.847,464.406,3344.997,14.282,5.363,-0.236,-24.88,10505.655,430.471,169.584,26667.535,0.309,26.544,21841.471,8604.431,5.215,42.754,126.615,40.937,,0.685,0.221,103.914,,321.4,1.259,,0.515,8254.232,24572.254,-2.467,-52.512,1976.804,1679.991,661.831,5017.916,20.353,8.045,102.553,0.016,0.032,0.027,0.011,0.081,0.0,0.0,4.037,0.001,0.02,0.017,0.007,0.051,0.0,0.0
North America,1986,,399045023.0,,3.143,0.447,36.733,14.658,,,,0.059,,-1.546,-80.654,12871.958,5136.491,3929.696,1568.126,0.428,24.944,14665.598,5852.234,47.72,20.741,,3286.082,13.269,0.786,193.166,62061.719,,0.136,28.965,5171.841,2063.797,53394.117,21306.656,62.804,86.034,-6.194,-344.061,5210.829,706.064,281.751,13058.249,-3.497,-195.972,13552.567,5408.084,8.574,21.041,,1.624,29.824,1865.749,1581.181,630.963,4675.536,19.201,7.534,5.045,164.199,3458.762,2965.407,1183.331,8667.599,36.01,13.966,,,9.193,121.135,1438.894,1270.775,507.097,3605.844,15.432,5.81,4.318,453.682,10959.337,536.081,213.921,27463.91,-3.458,-297.562,20816.871,8306.869,6.51,44.253,139.403,45.253,,10.543,12.788,113.402,,349.343,1.377,,0.563,8234.864,24765.42,2.197,43.064,2019.868,1694.632,676.235,5061.755,20.579,8.156,32.004,0.01,0.042,0.036,0.014,0.105,0.0,0.0,-23.297,-0.005,0.015,0.013,0.005,0.039,0.0,0.0
North America,1987,,404153729.0,,1.117,0.164,36.674,14.822,,,,0.058,,4.483,230.263,13278.991,5366.754,4120.979,1665.509,3.13,183.158,14933.407,6035.392,48.714,20.973,,3418.924,13.361,3.324,823.104,63313.836,,3.65,777.697,5387.63,2177.431,54643.449,22084.354,63.688,86.306,5.569,290.169,5500.998,762.727,308.259,13611.152,4.199,227.105,13943.185,5635.19,9.016,21.498,,-5.995,-111.857,1753.892,1467.596,593.134,4339.666,17.349,6.854,1.436,45.406,3504.168,2970.09,1200.373,8670.383,35.11,13.694,,,9.741,140.163,1579.057,1376.934,556.493,3907.071,16.277,6.171,2.347,257.265,11216.602,503.925,203.663,27753.305,-0.713,-59.197,20407.264,8247.672,5.957,43.835,156.352,50.73,,12.105,16.948,125.523,,386.862,1.484,,0.611,8459.464,25588.523,-4.659,-94.758,1925.111,1593.156,643.88,4763.312,18.833,7.523,-25.192,-0.011,0.031,0.026,0.011,0.078,0.0,0.0,-12.512,-0.002,0.014,0.011,0.005,0.033,0.0,0.0
North America,1988,,409453275.0,,3.265,0.484,37.381,15.306,,,,0.057,,4.731,253.919,13727.265,5620.673,4289.707,1756.435,3.694,222.922,15284.562,6258.314,49.094,21.063,,3577.701,13.407,4.284,1096.189,65171.57,,4.358,962.438,5586.34,2287.345,56286.742,23046.791,63.933,86.367,5.093,280.154,5781.152,707.197,289.564,14119.199,4.595,258.946,14395.138,5894.136,8.094,21.665,,-5.566,-97.621,1656.271,1367.972,560.121,4045.079,15.656,6.207,4.014,133.756,3637.924,3049.599,1248.668,8884.832,34.901,13.633,,,14.57,230.073,1809.13,1557.139,637.576,4418.404,17.821,6.78,3.819,428.363,11644.965,589.437,241.347,28440.277,-0.578,-47.674,20026.701,8199.998,6.746,43.639,157.184,50.961,,0.455,0.832,124.461,,383.887,1.424,,0.589,8737.752,26684.713,-4.904,-96.317,1828.794,1492.461,611.093,4466.428,17.081,6.853,-13.366,-0.004,0.027,0.022,0.009,0.066,0.0,0.0,-58.927,-0.008,0.006,0.005,0.002,0.014,0.0,0.0
North America,1989,,415061982.0,,0.973,0.149,37.235,15.455,,,,0.057,,1.156,64.974,13698.31,5685.647,4363.432,1811.095,3.275,204.962,15571.834,6463.276,47.423,20.807,,3819.034,13.976,2.402,640.895,65835.008,,2.255,519.65,5979.193,2481.736,56778.125,23566.441,64.983,86.243,6.021,348.11,6129.262,972.783,403.765,14767.101,1.945,114.662,14476.87,6008.798,10.572,22.43,,5.662,93.773,1750.044,1425.891,591.833,4216.344,15.497,6.404,3.246,121.241,3759.165,3106.876,1289.546,9056.876,33.766,13.757,,,-0.105,-1.905,1807.225,1534.48,636.904,4354.11,16.677,6.614,0.915,106.568,11751.533,642.978,266.876,28312.719,-4.572,-374.892,18852.861,7825.106,6.988,43.006,179.381,58.421,,14.639,22.197,140.753,,432.178,1.53,,0.656,9201.117,27325.607,6.657,123.146,1951.939,1572.396,652.642,4702.766,17.089,7.143,2655.674,0.721,0.749,0.61,0.253,1.803,0.007,0.003,113442.883,6.306,6.311,5.142,2.134,15.206,0.056,0.023
North America,1990,,421575397.0,,110.871,17.135,77.304,32.589,,,,0.119,,0.193,10.979,13512.711,5696.626,4305.692,1815.174,4.669,301.778,16047.081,6765.055,46.807,20.808,,3877.994,14.165,0.186,50.9,64938.582,,-0.822,-193.645,5824.212,2455.344,55441.559,23372.797,63.315,85.375,0.039,2.369,6131.631,1005.005,423.685,14544.565,2.972,178.562,14676.76,6187.361,10.925,22.397,,3.695,64.664,1814.708,1455.733,613.701,4304.586,15.825,6.629,7.301,244.548,4003.712,3244.223,1367.685,9497.025,35.268,14.625,,,7.178,129.718,1936.944,1619.212,682.62,4594.537,17.602,7.075,-1.761,-206.993,11544.54,513.514,216.485,27384.283,-1.504,-117.697,18282.398,7707.409,5.582,42.17,210.034,68.172,,16.691,30.654,161.708,,498.213,1.758,,0.767,9198.816,27376.508,7.418,114.829,2066.769,1625.011,685.065,4902.489,17.665,7.549,46.878,0.351,1.099,0.882,0.372,2.608,0.01,0.004,32.108,2.026,8.338,6.688,2.82,19.778,0.073,0.03
North America,1991,,427934509.0,,8.538,2.783,82.657,35.372,,,,0.129,,-1.081,-61.605,13167.953,5635.021,4253.603,1820.263,-3.249,-219.79,15295.015,6545.265,46.056,20.574,,3952.292,14.43,0.044,11.98,64001.59,,-0.689,-161.055,5768.833,2468.683,54241.344,23211.742,62.462,84.75,2.162,132.564,6264.195,1023.115,437.826,14638.209,0.533,32.95,14535.66,6220.311,11.078,22.872,,0.785,14.247,1828.955,1445.36,618.519,4273.913,15.65,6.678,4.444,173.034,4176.746,3334.928,1427.131,9760.246,36.109,15.25,,,7.437,144.051,2080.995,1713.782,733.386,4862.881,18.556,7.598,-2.01,-232.015,11312.525,492.116,210.593,26435.18,2.164,166.753,18400.391,7874.162,5.328,41.304,221.182,71.761,,5.265,11.148,167.692,,516.859,1.816,,0.808,9235.74,27388.488,1.597,28.983,2095.752,1621.146,693.744,4897.366,17.553,7.652,29.171,0.321,1.42,1.122,0.48,3.319,0.012,0.005,5.816,0.485,8.823,6.972,2.984,20.617,0.075,0.032
North America,1992,,434703257.0,,-1.752,-0.62,79.945,34.752,,,,0.125,,0.75,42.236,13060.075,5677.257,4272.065,1857.081,-0.619,-40.49,14963.712,6504.774,46.609,20.412,,3984.393,14.325,1.552,424.955,63982.598,,2.041,473.758,5782.338,2513.601,54486.594,23685.5,63.086,85.158,3.451,216.161,6480.355,1072.885,466.387,14907.538,2.239,139.299,14629.772,6359.61,11.705,23.299,,-3.846,-70.347,1758.607,1368.126,594.729,4045.535,14.926,6.323,-1.176,-48.803,4127.943,3244.857,1410.55,9496.002,35.402,14.842,,,0.259,5.386,2086.381,1691.463,735.285,4799.552,18.454,7.501,1.904,215.361,11527.887,437.387,190.134,26518.979,-0.876,-68.967,17955.227,7805.195,4.772,41.447,238.176,77.146,,7.504,16.995,177.468,,547.906,1.936,,0.856,9165.776,27813.443,-2.619,-54.19,2041.562,1553.394,675.266,4696.45,16.948,7.34,-13.817,-0.196,1.224,0.952,0.414,2.815,0.01,0.004,-0.234,-0.021,8.802,6.848,2.977,20.248,0.075,0.032
North America,1993,,441450384.0,,3.384,1.176,81.388,35.929,,,,0.127,,2.969,168.56,13242.298,5845.817,4360.974,1925.154,-5.355,-348.326,13945.958,6156.449,46.741,20.599,,4118.792,14.513,2.035,566.098,64287.047,,1.852,438.713,5900.749,2604.888,54647.621,24124.213,63.244,85.006,2.854,184.92,6665.275,1088.512,480.524,15098.583,3.162,201.121,14861.763,6560.731,11.667,23.486,,5.901,103.778,1862.385,1426.717,629.825,4218.787,15.291,6.562,3.044,127.385,4255.328,3292.249,1453.364,9639.425,35.286,14.994,,,0.727,15.159,2101.54,1677.713,740.627,4760.535,17.982,7.405,0.739,85.233,11613.12,451.263,199.21,26306.738,-1.625,-126.841,17393.471,7678.354,4.837,40.921,244.891,79.333,,2.836,6.714,179.711,,554.741,1.926,,0.863,9330.135,28379.541,5.443,112.225,2153.788,1614.536,712.737,4878.889,17.305,7.589,16.264,0.199,1.423,1.09,0.481,3.223,0.012,0.005,4.072,0.358,9.16,7.018,3.098,20.751,0.075,0.032
North America,1994,,448069901.0,,8.488,3.05,86.991,38.978,,,,0.134,,0.777,45.447,13148.092,5891.264,4314.522,1933.208,9.025,555.63,14979.982,6712.079,45.915,20.294,,4210.412,14.504,2.292,650.445,64788.969,,2.409,581.061,5955.642,2668.544,55137.098,24705.273,63.38,85.103,2.754,183.546,6848.821,1186.592,531.676,15285.162,5.082,333.437,15386.367,6894.168,12.628,23.592,,-3.401,-63.337,1799.048,1357.836,608.405,4015.105,14.45,6.197,1.819,69.387,4324.714,3297.271,1477.408,9651.874,35.089,14.897,,,6.055,127.244,2228.784,1753.009,785.47,4974.188,18.655,7.678,3.032,352.067,11965.188,454.528,203.66,26703.842,-0.564,-43.289,17039.898,7635.066,4.837,41.217,245.891,79.469,,0.171,1.001,177.359,,548.779,1.887,,0.847,9396.774,29029.986,-2.371,-57.857,2095.93,1544.262,691.937,4677.686,16.434,7.22,5.759,0.082,1.505,1.136,0.509,3.359,0.012,0.005,14.713,1.348,10.508,7.931,3.554,23.452,0.084,0.036
North America,1995,,454557639.0,,7.02,2.736,91.769,41.714,,,,0.141,,1.175,69.22,13112.714,5960.484,4312.087,1960.092,-0.039,-2.624,14760.405,6709.455,45.257,20.128,,4331.059,14.625,2.01,583.525,65147.98,,1.255,309.965,5922.982,2692.337,55032.051,25015.238,62.163,84.472,4.157,284.684,7133.505,1266.658,575.769,15693.291,0.472,32.547,15238.365,6926.715,13.294,24.089,,10.779,193.914,1992.962,1482.724,673.983,4384.398,15.562,6.73,6.289,273.557,4598.271,3453.981,1570.034,10115.925,36.251,15.528,,,3.69,82.234,2311.018,1791.745,814.452,5084.104,18.805,7.804,-0.367,-43.939,11921.248,344.237,156.476,26226.043,-0.388,-29.608,16731.559,7605.458,3.613,40.256,241.36,77.805,,-2.094,-4.532,171.167,,530.977,1.796,,0.815,9528.073,29613.512,9.082,191.322,2287.253,1662.236,755.582,5031.821,17.446,7.724,2.827,0.043,1.547,1.151,0.523,3.404,0.012,0.005,-7.984,-0.839,9.669,7.194,3.27,21.272,0.076,0.033
North America,1996,,460925637.0,,-22.239,-9.277,70.375,32.438,,,,0.106,,4.509,268.756,13514.632,6229.24,4456.054,2053.909,2.948,197.781,14985.576,6907.236,46.153,20.365,,4450.173,14.548,3.293,975.182,66363.617,,3.238,809.898,5965.048,2749.444,56028.855,25825.137,61.783,84.427,1.929,137.583,7271.089,1147.901,529.097,15774.972,1.54,106.651,15259.221,7033.366,11.889,23.771,,9.045,180.266,2173.228,1594.501,734.946,4714.921,16.515,7.105,3.075,165.287,4763.558,3533.903,1628.866,10334.764,36.602,15.573,,,-0.517,-11.948,2299.07,1757.856,810.241,4987.941,18.207,7.516,3.385,403.558,12324.806,361.093,166.437,26739.25,2.16,164.297,16856.852,7769.755,3.74,40.292,247.303,79.784,,2.543,5.944,173.096,,536.536,1.793,,0.808,9654.861,30588.693,6.744,177.235,2464.488,1776.047,818.626,5346.822,18.395,8.057,5.718,0.088,1.636,1.2,0.553,3.549,0.012,0.005,2.205,0.213,9.883,7.251,3.342,21.441,0.075,0.032
North America,1997,,467334865.0,,19.641,6.371,83.043,38.809,,,,0.126,,2.213,137.838,13624.232,6367.079,4522.583,2113.561,2.352,162.473,15127.717,7069.709,46.783,20.637,,4517.77,14.643,0.863,264.123,66018.648,,1.629,420.812,6139.171,2869.049,56160.906,26245.949,63.506,85.068,0.835,60.712,7331.801,1201.344,561.43,15688.538,1.158,81.461,15224.261,7114.828,12.427,23.764,,-0.373,-8.106,2165.122,1566.767,732.205,4632.914,16.207,7.018,-3.077,-156.692,4606.865,3362.407,1571.37,9857.739,34.782,14.932,,,-6.924,-159.182,2139.888,1613.707,754.141,4578.917,16.693,6.936,1.803,222.265,12547.07,415.243,194.058,26848.137,1.518,117.949,16878.057,7887.705,4.295,40.668,251.37,81.075,,1.617,4.066,173.483,,537.879,1.795,,0.815,9667.094,30852.816,0.584,2.49,2466.978,1748.7,817.228,5278.822,18.089,7.996,-1.372,-0.022,1.613,1.168,0.546,3.452,0.012,0.005,1.83,0.181,10.063,7.282,3.403,21.534,0.075,0.033
North America,1998,,473719801.0,,10.958,4.253,90.901,43.061,,,,0.139,,1.302,82.889,13615.575,6449.968,4546.405,2153.722,2.531,178.915,15301.501,7248.624,46.163,20.778,,4665.518,15.03,0.614,189.324,65528.484,,0.914,239.883,6394.282,3029.098,55910.332,26485.832,64.925,85.322,-1.303,-95.54,7236.261,1325.024,627.69,15275.402,1.911,135.942,15306.03,7250.77,13.454,23.311,,-7.222,-156.368,2008.754,1434.021,679.324,4240.384,14.561,6.471,-0.8,-50.556,4556.31,3280.913,1554.233,9618.153,33.313,14.678,,,4.678,100.097,2239.985,1666.423,789.418,4728.501,16.92,7.216,2.013,252.533,12799.604,522.852,247.685,27019.355,-0.496,-39.154,16567.916,7848.55,5.309,41.233,253.615,81.807,,0.904,2.245,172.692,,535.369,1.753,,0.817,9848.687,31042.141,-5.626,-150.653,2316.325,1614.49,764.816,4889.651,16.393,7.462,-0.711,-0.011,1.602,1.144,0.542,3.382,0.012,0.005,-7.666,-0.771,9.292,6.633,3.142,19.615,0.067,0.03
North America,1999,,479976626.0,,2.46,1.059,91.923,44.121,,,,0.14,,-0.326,-21.058,13394.214,6428.91,4505.757,2162.658,-3.131,-226.967,14629.164,7021.657,45.299,20.327,,4774.167,15.095,1.885,585.051,65893.188,,1.337,354.186,6361.025,3053.143,55919.426,26840.018,63.951,84.864,1.164,84.24,7320.5,1373.099,659.055,15251.785,0.244,17.713,15143.409,7268.482,13.805,23.146,,2.566,51.553,2060.307,1451.651,696.758,4292.515,14.594,6.514,5.079,230.862,4787.172,3404.975,1634.309,9973.761,34.232,15.136,,,7.619,170.669,2410.654,1770.014,849.565,5022.44,17.795,7.622,2.274,291.004,13090.607,482.169,231.43,27273.428,-3.979,-312.328,15701.229,7536.223,4.848,41.39,256.529,82.722,,1.119,2.914,172.347,,534.462,1.733,,0.811,9946.666,31627.191,2.598,60.193,2376.518,1634.961,784.743,4951.32,16.437,7.514,-0.565,-0.009,1.593,1.122,0.539,3.319,0.011,0.005,50.324,4.676,13.968,9.842,4.724,29.102,0.099,0.044
North America,2000,,486364446.0,,13.041,5.754,102.545,49.874,157.166,76.44,1.635,0.154,491.204,4.559,293.083,13820.896,6721.992,4306.462,2094.51,-2.481,-174.202,14078.856,6847.455,44.793,20.705,4674.99,4676.0,14.403,2.651,838.305,66751.375,,3.182,853.939,6302.682,3065.4,56940.75,27693.957,65.556,85.303,4.408,322.697,7643.197,1418.545,689.93,15714.959,2.188,159.043,15271.522,7427.525,14.755,23.543,2296.87,-4.68,-96.431,1963.875,1386.943,674.56,4037.868,14.426,6.049,-0.035,-15.631,4771.541,3311.509,1610.6,9810.629,34.444,14.697,-1.01,-0.022,2.886,69.579,2480.233,1708.307,830.86,5099.535,17.769,7.64,1.819,238.16,13328.768,577.674,280.96,27404.896,0.669,50.441,15598.723,7586.664,6.009,41.055,258.294,98.59,22.15,0.602,1.765,202.708,45.542,531.071,2.108,0.474,0.796,9614.189,32465.496,-3.029,-85.209,2291.309,1603.201,779.74,4711.094,16.675,7.058,0.721,0.011,1.604,1.069,0.52,3.299,0.011,0.005,26.431,3.692,17.66,12.48,6.07,36.31,0.13,0.054
North America,2001,,492319208.0,,3.758,1.875,105.113,51.749,134.872,66.4,1.445,0.163,495.662,-2.426,-163.063,13322.514,6558.929,4127.525,2032.06,3.21,219.771,14354.968,7067.227,44.215,20.642,4596.25,4595.87,14.464,-2.126,-690.068,64542.328,,-1.639,-453.965,6230.429,3067.36,55329.941,27239.992,66.742,85.727,-4.085,-312.216,7330.981,1483.672,730.44,14890.708,2.298,170.708,15433.552,7598.234,15.893,23.071,2278.0,-13.939,-284.724,1679.151,1180.86,581.36,3410.696,12.65,5.284,-4.082,-236.104,4535.438,3104.713,1528.51,9212.392,33.258,14.273,0.38,0.008,2.299,40.538,2520.771,1726.482,849.98,5120.195,18.494,7.933,0.16,21.312,13350.08,619.232,304.86,27116.717,0.518,39.304,15489.885,7625.968,6.633,42.014,260.841,89.29,22.89,1.003,2.547,181.366,46.494,529.821,1.943,0.498,0.821,9335.144,31775.428,-11.021,-276.642,2014.667,1378.232,678.53,4092.196,14.764,6.34,11.188,0.168,1.772,1.158,0.57,3.6,0.012,0.006,20.564,3.493,21.153,14.848,7.31,42.967,0.159,0.067
North America,2002,,498067243.0,,13.694,7.087,118.128,58.836,142.069,70.76,1.495,0.182,487.87,0.968,63.511,13296.276,6622.44,4141.891,2062.94,-4.249,-300.279,13586.413,6766.947,43.584,20.48,4733.25,4733.23,14.638,1.765,560.742,64923.301,,1.245,339.254,6268.913,3122.34,55372.535,27579.246,65.966,85.289,3.898,285.787,7616.769,1597.836,795.83,15292.651,-2.138,-162.417,14929.344,7435.817,16.814,23.555,2309.2,10.928,171.482,1850.633,1291.573,643.29,3715.629,13.591,5.723,5.597,221.485,4756.923,3234.282,1610.89,9550.765,34.034,14.711,0.02,0.0,1.307,16.473,2537.244,1728.823,861.07,5094.179,18.192,7.846,-0.075,-10.042,13340.038,529.186,263.57,26783.609,1.217,92.789,15497.419,7718.757,5.569,41.254,276.411,94.88,24.12,6.029,15.57,190.496,48.427,554.967,2.005,0.51,0.855,9503.195,32336.17,10.961,205.012,2219.679,1505.459,749.82,4456.585,15.842,6.864,5.097,0.078,1.851,1.165,0.58,3.716,0.012,0.006,52.015,10.796,31.949,22.226,11.07,64.146,0.234,0.099
North America,2003,,503641588.0,,28.938,17.026,150.626,75.861,140.179,70.6,1.487,0.234,493.792,1.242,82.237,13312.398,6704.677,4181.088,2105.77,-2.873,-194.386,13050.076,6572.561,44.339,20.642,4749.19,4749.29,14.622,0.447,144.447,64491.531,,0.794,219.088,6268.982,3157.32,55194.676,27798.334,66.48,85.584,-1.309,-99.735,7517.033,1517.309,764.18,14925.362,1.48,110.039,14982.591,7545.856,16.09,23.143,2345.16,-0.926,-28.889,1821.745,1266.516,637.87,3617.145,13.431,5.609,-0.307,-74.642,4682.281,3160.919,1591.97,9296.852,33.52,14.416,-0.1,-0.002,-1.884,-63.754,2473.49,1677.502,844.86,4911.21,17.789,7.615,1.774,236.585,13576.623,570.584,287.37,26956.914,1.37,105.754,15535.872,7824.511,6.051,41.799,274.302,96.28,25.68,-0.493,-2.109,191.168,50.989,544.637,2.027,0.541,0.845,9429.9,32480.617,1.494,-10.888,2208.792,1483.416,747.11,4385.642,15.731,6.8,1.521,0.016,1.867,1.112,0.56,3.707,0.012,0.006,10.309,3.068,35.017,24.621,12.4,69.527,0.261,0.108
North America,2004,,509273976.0,,21.736,16.489,181.338,92.351,141.044,71.83,1.478,0.278,488.54,0.378,25.323,13214.892,6730.0,4114.151,2095.23,3.843,252.585,13401.718,6825.146,43.113,20.284,4859.67,4859.91,14.648,2.148,697.781,65148.426,,2.099,583.553,6326.556,3221.95,55730.094,28381.887,66.297,85.543,0.692,52.041,7569.074,1647.738,839.15,14862.479,-1.118,-84.325,14651.31,7461.531,17.267,22.813,2374.26,0.041,-10.858,1810.886,1257.908,640.62,3555.82,13.182,5.458,3.641,114.232,4796.513,3216.265,1637.96,9418.336,33.704,14.457,-0.24,-0.005,4.521,95.351,2568.84,1734.096,883.13,5044.122,18.172,7.743,3.728,506.188,14082.812,564.667,287.57,27652.723,-0.268,-20.942,15322.93,7803.569,5.917,42.446,278.124,98.16,26.33,1.591,3.822,192.745,51.701,546.118,2.02,0.542,0.838,9542.819,33178.398,2.671,18.882,2227.673,1482.169,754.83,4374.213,15.532,6.714,12.544,0.221,2.088,1.178,0.6,4.099,0.012,0.006,27.105,9.208,44.224,30.337,15.45,86.838,0.318,0.133
North America,2005,,514942529.0,,14.516,13.406,205.376,105.757,148.017,76.22,1.529,0.317,488.695,1.717,115.554,13293.822,6845.555,4165.086,2144.78,1.632,111.417,13470.559,6936.563,43.038,20.492,4982.96,4983.41,14.918,0.686,227.543,64873.145,,0.534,151.672,6431.552,3311.88,55411.152,28533.559,66.458,85.415,-0.447,-33.802,7535.271,1717.396,884.36,14633.229,-0.335,-24.964,14441.546,7436.566,17.746,22.557,2435.37,4.818,75.235,1886.121,1299.543,669.19,3662.78,13.428,5.646,2.564,75.871,4872.384,3246.052,1671.53,9461.995,33.542,14.585,-0.45,-0.009,-0.391,-26.242,2542.598,1707.259,879.14,4937.635,17.641,7.611,0.496,69.921,14152.732,549.071,282.74,27484.102,-3.239,-252.731,14663.457,7550.838,5.674,42.366,279.303,102.92,26.7,0.648,1.18,199.867,51.85,542.397,2.065,0.536,0.836,9677.605,33405.941,5.885,102.112,2329.785,1538.793,792.39,4524.36,15.901,6.974,8.087,0.155,2.242,1.126,0.58,4.354,0.012,0.007,28.257,12.138,56.362,38.257,19.7,109.453,0.395,0.169
North America,2006,,520586895.0,,33.138,35.045,270.468,140.802,144.145,75.04,1.504,0.424,480.247,-1.381,-94.532,12968.1,6751.022,4058.727,2112.92,2.455,170.31,13651.655,7106.873,42.339,20.306,4989.29,4990.49,15.01,-0.476,-159.016,63864.316,,-0.912,-260.133,6313.298,3286.62,54310.676,28273.426,65.858,85.041,-0.018,-1.339,7533.933,1858.633,967.58,14471.998,3.033,225.531,14718.191,7662.098,19.388,22.661,2396.67,1.928,24.269,1910.39,1311.212,682.6,3669.685,13.678,5.746,3.815,101.118,4973.501,3272.979,1703.87,9553.644,34.142,14.959,-1.2,-0.024,1.238,15.277,2557.875,1709.724,890.06,4913.445,17.835,7.694,-1.161,-164.264,13988.469,395.938,206.12,26870.574,-0.012,-0.925,14502.694,7549.913,4.13,42.074,278.043,101.18,26.14,-0.42,-1.26,194.358,50.213,534.095,2.027,0.524,0.836,9586.276,33246.926,6.539,85.841,2415.626,1563.255,813.81,4640.198,16.307,7.266,10.247,0.214,2.456,1.037,0.54,4.718,0.011,0.007,49.864,27.573,83.935,56.648,29.49,161.232,0.591,0.252
North America,2007,,526315123.0,,26.665,37.545,338.861,178.347,145.597,76.63,1.498,0.528,483.178,1.338,90.336,12998.598,6841.358,4077.405,2146.0,-0.929,-65.994,13377.688,7040.879,41.956,20.266,5114.3,5114.93,15.151,1.539,511.711,64141.492,,1.836,519.039,6490.237,3415.91,54705.754,28792.465,66.783,85.289,5.782,435.587,7969.52,2015.998,1061.05,15142.107,2.103,161.107,14864.108,7823.205,20.744,23.607,2471.42,-4.624,-99.716,1810.673,1238.384,651.78,3440.284,12.743,5.364,1.734,-7.334,4966.167,3228.142,1699.02,9435.73,33.217,14.711,-0.63,-0.012,1.635,25.584,2583.46,1718.666,904.56,4908.58,17.685,7.653,-0.049,-6.881,13981.588,396.835,208.86,26565.051,-0.948,-71.594,14208.823,7478.318,4.083,41.416,282.498,103.97,27.34,1.811,4.455,197.543,51.946,536.746,2.033,0.535,0.837,9718.38,33758.637,1.833,-32.918,2382.708,1509.476,794.46,4527.15,15.532,7.058,32.154,0.77,3.226,1.235,0.65,6.129,0.013,0.01,29.436,24.028,107.963,72.314,38.06,205.131,0.744,0.32
North America,2008,,532006442.0,,34.941,62.317,452.372,240.665,140.28,74.63,1.469,0.727,474.364,-1.956,-133.794,12608.05,6707.564,3951.005,2101.96,1.338,94.196,13411.634,7135.076,41.371,20.254,5080.53,5080.78,15.341,-1.898,-640.711,62250.988,,-2.849,-820.211,6260.657,3330.71,52578.789,27972.254,65.555,84.463,0.771,61.465,8030.985,1966.461,1046.17,15095.653,2.046,160.026,15005.893,7983.231,20.591,24.25,2410.14,4.607,71.645,1882.318,1284.157,683.18,3538.15,13.446,5.684,6.013,179.507,5145.675,3289.565,1750.07,9672.204,34.445,15.537,-0.25,-0.005,0.176,-11.527,2571.933,1698.983,903.87,4834.402,17.79,7.766,-5.349,-747.883,13233.705,343.191,182.58,24875.084,-3.224,-241.087,13603.653,7237.231,3.594,39.959,277.079,102.38,27.75,-1.738,-5.418,192.441,52.161,520.82,2.015,0.546,0.837,9550.222,33117.926,11.864,191.034,2573.741,1590.582,846.2,4837.801,16.655,7.771,49.138,1.555,4.781,1.711,0.91,8.987,0.018,0.014,57.418,60.935,168.898,112.273,59.73,317.474,1.176,0.51
North America,2009,,537567761.0,,12.685,30.528,504.482,271.193,139.257,74.86,1.53,0.858,456.25,-11.99,-804.219,10981.583,5903.345,3466.112,1863.27,-9.228,-658.436,12048.044,6476.64,38.083,18.682,4892.47,4892.71,15.484,-4.587,-1519.244,58780.836,,-5.534,-1547.859,5826.428,3132.1,49155.469,26424.395,64.016,83.625,-1.127,-90.5,7940.485,2037.771,1095.44,14771.133,0.824,65.794,14973.043,8049.025,22.389,25.129,2232.3,-0.106,-13.597,1868.721,1267.412,681.32,3476.253,13.925,5.914,1.965,28.611,5174.286,3275.141,1760.61,9625.365,35.984,16.375,-0.24,-0.005,-1.356,-50.531,2521.403,1663.214,894.09,4690.39,18.274,7.979,-4.935,-653.141,12580.564,322.545,173.39,23402.752,1.557,112.681,13672.531,7349.912,3.544,39.814,277.545,102.49,27.63,0.261,0.465,190.655,51.398,516.297,2.095,0.565,0.878,9101.569,31598.682,4.945,79.142,2652.884,1611.927,866.52,4934.976,17.71,8.396,31.414,1.463,6.244,1.86,1.0,11.616,0.02,0.02,36.534,60.282,229.18,151.999,81.71,426.328,1.67,0.725
North America,2010,,543052879.0,,14.916,40.452,573.876,311.645,141.846,77.03,1.518,0.959,462.261,5.955,351.552,11518.025,6254.897,3603.922,1957.12,2.414,156.333,12214.229,6632.973,38.56,19.248,5075.37,5075.53,15.619,2.838,896.887,59838.684,,3.23,853.564,6082.852,3303.31,50230.762,27277.959,65.083,83.944,4.403,349.65,8290.135,2171.207,1179.08,15265.797,1.536,123.648,15049.499,8172.674,23.231,25.512,2346.22,-3.177,-70.466,1798.255,1220.415,662.75,3311.382,13.058,5.534,2.509,43.324,5217.61,3263.439,1772.22,9607.923,34.917,16.056,-0.16,-0.003,0.476,-3.532,2517.871,1653.909,898.16,4636.511,17.696,7.748,1.211,152.363,12732.928,307.723,167.11,23446.939,2.642,194.175,13891.993,7544.087,3.292,39.184,286.738,104.54,27.51,3.32,9.194,192.504,50.658,528.012,2.06,0.542,0.882,9346.29,32495.568,4.224,46.856,2699.74,1609.53,874.06,4971.412,17.221,8.308,49.828,3.054,9.298,2.781,1.51,17.122,0.03,0.029,28.988,64.622,293.802,193.83,105.26,541.02,2.074,0.904
North America,2011,,548684151.0,,9.98,31.103,624.673,342.748,141.429,77.6,1.522,1.054,445.447,-5.274,-329.904,10798.549,5924.993,3351.4,1838.86,1.135,75.274,12226.062,6708.247,36.067,18.228,5099.24,5098.47,15.685,0.029,9.311,59241.512,,-1.014,-276.715,5878.646,3225.52,49210.906,27001.244,63.264,83.068,2.869,237.838,8527.973,2225.36,1221.02,15542.59,5.239,428.188,15675.435,8600.862,23.949,26.236,2271.1,12.71,216.207,2014.462,1356.026,744.03,3671.442,14.593,6.197,6.326,286.022,5503.632,3413.53,1872.95,10030.602,36.736,16.932,0.77,0.015,-1.113,-43.218,2474.653,1618.691,888.15,4510.16,17.42,7.613,-1.45,-184.649,12548.278,301.886,165.64,22869.766,3.288,248.035,14201.471,7792.122,3.249,38.604,288.258,105.39,27.79,0.638,1.52,192.078,50.648,525.363,2.067,0.545,0.887,9292.177,32504.879,12.378,329.24,3028.979,1794.839,984.8,5520.442,19.316,9.319,62.476,5.717,15.015,4.483,2.46,27.365,0.048,0.046,26.192,74.693,368.495,242.252,132.92,671.598,2.607,1.134
North America,2012,,554435782.0,,1.65,5.655,628.393,348.403,142.505,79.01,1.562,1.094,433.411,-11.345,-672.181,9474.157,5252.812,2904.52,1610.37,-6.712,-450.28,11287.091,6257.967,31.833,16.493,5060.62,5058.73,15.883,-2.017,-655.609,57444.469,,-2.013,-543.646,5804.297,3218.11,47719.859,26457.598,63.615,83.071,3.736,318.632,8846.604,2592.582,1437.42,15956.049,3.444,296.209,16047.072,8897.071,28.415,27.776,2192.51,-5.703,-126.396,1888.066,1270.228,704.26,3405.383,13.922,5.928,-1.23,-111.96,5391.672,3319.807,1840.62,9724.61,36.385,16.929,1.89,0.037,-2.356,-72.954,2401.699,1564.167,867.23,4331.79,17.143,7.541,-1.515,-190.097,12358.182,307.195,170.32,22289.654,8.997,701.075,15318.631,8493.197,3.367,38.802,292.941,106.52,27.51,1.597,4.682,192.123,49.618,528.359,2.106,0.544,0.92,9124.104,31849.27,-0.424,-39.006,2989.973,1755.641,973.39,5392.82,19.242,9.388,87.285,12.935,27.95,9.613,5.33,50.412,0.105,0.088,18.115,64.117,432.612,283.676,157.28,780.274,3.109,1.358
North America,2013,,560056144.0,,9.454,32.937,680.897,381.34,148.414,83.12,1.628,1.169,431.146,3.409,179.049,9698.779,5431.861,2993.539,1676.55,-2.911,-182.173,10848.544,6075.794,32.846,16.654,5111.66,5104.35,15.65,2.407,766.498,58236.602,,2.14,566.252,5692.411,3188.07,48252.035,27023.85,62.458,82.855,3.34,295.462,9142.066,2403.277,1345.97,16323.482,1.121,99.695,16064.044,8996.767,26.369,28.03,2200.72,0.033,-10.764,1877.302,1256.981,703.98,3351.99,13.792,5.756,4.771,200.246,5591.918,3421.585,1916.28,9984.566,37.542,17.145,7.31,0.143,3.535,69.927,2471.626,1603.375,897.98,4413.175,17.592,7.578,0.742,91.741,12449.923,295.595,165.55,22229.777,8.754,743.527,16492.498,9236.725,3.243,38.171,306.524,111.63,28.51,4.659,13.583,199.319,50.906,547.31,2.187,0.559,0.94,9113.997,32615.768,5.638,130.319,3120.292,1818.211,1018.3,5571.392,19.95,9.567,75.547,20.82,48.77,19.337,10.83,87.081,0.212,0.15,17.755,73.743,506.354,342.573,191.86,904.114,3.759,1.552
North America,2014,,565486685.0,,1.67,6.369,685.62,387.709,150.808,85.28,1.657,1.179,427.227,-0.4,-21.719,9567.23,5410.142,2965.428,1676.91,1.268,77.028,10880.577,6152.822,32.581,16.455,5153.43,5146.89,15.654,0.805,262.545,58141.621,,0.717,193.771,5634.827,3186.42,48131.32,27217.621,61.91,82.783,2.29,209.327,9351.394,2399.526,1356.9,16536.895,6.035,542.974,16869.965,9539.74,26.363,28.442,2198.89,-1.436,-38.043,1839.26,1227.244,693.99,3252.525,13.484,5.594,1.745,68.774,5660.692,3466.872,1960.47,10010.302,38.09,17.217,6.54,0.127,1.087,11.898,2483.523,1605.131,907.68,4391.833,17.636,7.554,0.049,6.161,12456.084,269.874,152.61,22027.191,10.781,995.81,18095.094,10232.534,2.965,37.885,311.906,114.1,28.82,1.801,5.382,201.773,50.965,551.571,2.217,0.56,0.949,9101.7,32878.312,2.198,56.877,3177.169,1861.741,1052.79,5618.468,20.455,9.663,78.163,37.6,86.371,55.722,31.51,152.737,0.612,0.263,9.656,45.569,551.923,377.003,213.19,976.015,4.142,1.679
North America,2015,,570726015.0,,3.98,15.43,706.363,403.14,151.176,86.28,1.675,1.235,411.674,-12.609,-682.178,8284.121,4727.963,2532.809,1445.54,-11.334,-697.384,9558.768,5455.438,28.065,14.486,5155.0,5150.6,15.781,-0.728,-239.432,57188.352,,-0.983,-267.598,5573.603,3181.0,47220.598,26950.023,61.76,82.57,2.442,228.361,9579.755,2773.502,1582.91,16785.209,3.351,319.65,17275.174,9859.391,30.733,29.351,2120.37,-2.654,-59.473,1779.787,1186.068,676.92,3118.461,13.143,5.453,1.319,28.163,5688.855,3451.043,1969.6,9967.752,38.24,17.43,4.4,0.085,-0.369,-23.883,2459.641,1584.666,904.41,4309.67,17.559,7.536,1.495,186.223,12642.307,267.291,152.55,22151.271,4.41,451.241,18719.623,10683.775,2.962,38.734,312.718,115.27,28.99,0.422,0.812,201.971,50.795,547.93,2.238,0.563,0.958,9024.646,32638.881,2.466,52.046,3229.215,1866.377,1065.19,5658.083,20.681,9.894,34.732,29.306,115.676,75.553,43.12,202.682,0.837,0.354,12.623,65.971,617.894,402.785,229.88,1082.646,4.463,1.893
North America,2016,,576008328.0,,7.809,31.48,754.536,434.619,151.404,87.21,1.687,1.333,396.754,-8.188,-387.104,7536.105,4340.859,2316.06,1334.07,-16.876,-920.658,7872.767,4534.779,25.807,13.316,5172.75,5169.37,15.857,-0.12,-39.316,56595.648,,-1.028,-276.949,5401.727,3111.44,46306.75,26673.074,60.19,81.82,0.012,1.175,9580.93,2826.313,1627.98,16633.318,-1.794,-176.842,16809.738,9682.549,31.493,29.39,2050.97,3.163,45.438,1825.225,1210.746,697.4,3168.747,13.491,5.599,5.011,237.632,5926.487,3572.743,2057.93,10288.892,39.81,18.18,3.38,0.065,0.796,4.91,2464.551,1582.703,911.65,4278.673,17.636,7.56,0.862,108.979,12751.286,259.354,149.39,22137.33,-3.107,-331.957,17971.646,10351.818,2.89,39.115,313.533,116.2,28.99,0.313,0.815,201.733,50.329,544.32,2.248,0.561,0.962,8974.471,32599.564,7.8,232.721,3461.936,1990.041,1146.28,6010.219,22.174,10.62,40.233,45.58,161.256,105.814,60.95,279.954,1.179,0.495,18.407,109.409,727.304,471.747,271.73,1262.661,5.257,2.231
North America,2017,,581258143.0,,1.037,4.509,755.479,439.128,149.056,86.64,1.687,1.339,384.496,-1.6,-69.458,7348.545,4271.402,2227.1,1294.52,5.971,270.76,8267.479,4805.539,25.199,13.024,5132.26,5137.17,15.664,0.601,195.982,56421.656,,-0.124,-32.979,5129.046,2981.3,45831.781,26640.096,58.034,81.231,-0.035,-3.32,9577.609,2655.859,1543.74,16477.377,2.092,202.604,17006.475,9885.152,30.05,29.204,1975.22,6.473,106.721,1931.945,1283.646,746.13,3323.73,14.524,5.891,3.996,228.962,6155.449,3708.971,2155.87,10589.872,41.966,18.769,-4.91,-0.096,-0.062,-16.021,2448.531,1567.445,911.09,4212.467,17.735,7.466,0.312,39.799,12791.085,246.087,143.04,22005.859,4.191,433.814,18555.668,10785.633,2.784,39.003,314.55,115.17,28.53,0.428,1.017,198.139,49.083,541.153,2.242,0.555,0.959,8838.018,32795.547,6.507,244.983,3706.919,2141.527,1244.78,6377.406,24.231,11.303,38.629,60.977,222.233,144.376,83.92,382.33,1.634,0.678,10.517,71.76,799.063,515.365,299.56,1374.713,5.831,2.436
North America,2018,,585864285.0,,-1.001,-4.398,742.032,434.73,146.86,86.04,1.622,1.288,381.459,-5.179,-221.2,6913.208,4050.202,2099.804,1230.2,-2.31,-111.011,8012.996,4694.528,23.194,12.002,5301.25,5303.93,15.717,2.902,951.723,57602.539,,3.441,916.555,5325.056,3119.76,47035.895,27556.65,58.82,81.656,9.622,921.582,10499.191,2974.819,1742.84,17920.859,10.316,1019.777,18613.406,10904.93,32.859,31.111,2023.23,-2.151,-52.609,1879.336,1246.859,730.49,3207.801,13.773,5.569,0.886,35.172,6190.621,3728.116,2184.17,10566.647,41.18,18.344,-2.68,-0.051,0.454,-3.261,2445.27,1562.529,915.43,4173.782,17.259,7.246,1.69,216.173,13007.258,250.433,146.72,22201.828,11.736,1265.783,20570.32,12051.416,2.766,38.543,307.187,113.75,27.71,-2.264,-7.362,194.158,47.298,524.332,2.145,0.522,0.91,9053.171,33747.27,1.136,38.433,3745.352,2165.587,1268.74,6392.865,23.921,11.098,22.311,47.992,270.225,172.275,100.93,461.242,1.903,0.801,7.488,54.81,853.873,552.295,323.57,1457.458,6.101,2.53
North America,2019,,590497015.0,,2.706,11.765,756.135,446.495,139.137,82.16,1.568,1.333,366.363,-13.563,-549.312,5928.718,3500.89,1771.948,1046.33,-6.962,-326.85,7396.614,4367.678,19.968,10.448,5233.01,5240.109,15.638,-0.709,-239.355,56745.273,,-1.078,-297.006,5143.277,3037.09,46163.898,27259.645,57.959,81.353,3.216,337.624,10836.815,3139.271,1853.73,18352.023,7.282,794.135,19812.232,11699.064,35.376,32.341,1919.78,-2.513,-53.99,1825.346,1195.23,705.78,3091.204,13.469,5.448,1.437,57.647,6248.269,3730.789,2203.02,10581.372,42.041,18.647,-7.1,-0.136,0.057,-7.637,2437.632,1550.829,915.76,4128.103,17.476,7.275,-0.656,-85.32,12921.938,232.059,137.03,21883.154,7.668,924.105,21973.898,12975.521,2.615,38.564,290.712,109.46,27.3,-5.168,-16.476,185.369,46.232,492.317,2.089,0.521,0.868,8874.065,33507.914,2.233,65.285,3810.636,2179.96,1287.26,6453.27,24.566,11.372,20.609,54.49,324.715,205.302,121.23,549.901,2.314,0.969,8.539,69.495,923.368,594.059,350.79,1563.714,6.694,2.756
North America,2020,,594263186.0,,-8.687,-38.786,686.075,407.709,130.599,77.61,1.514,1.313,343.792,-19.678,-688.916,4731.867,2811.974,1402.241,833.3,-23.24,-1015.052,5641.652,3352.626,16.26,9.055,5118.78,5124.79,16.503,-7.326,-2454.744,52254.91,,-9.343,-2546.914,4814.45,2861.05,41585.496,24712.73,55.828,79.582,-2.108,-228.44,10608.375,3199.205,1901.17,17851.309,-1.91,-223.508,19310.562,11475.557,37.098,34.162,1761.86,0.803,7.897,1833.244,1205.779,716.55,3084.902,13.982,5.904,0.698,92.171,6340.439,3809.322,2263.74,10669.413,44.172,20.418,-6.01,-0.117,-2.444,-68.309,2369.324,1503.374,893.4,3986.994,17.433,7.63,-12.611,-1629.557,11292.381,213.003,126.58,19002.322,-4.437,-575.693,20865.887,12399.828,2.47,36.365,279.197,104.93,27.32,-3.747,-11.515,176.572,45.973,469.82,2.047,0.533,0.899,8623.771,31053.17,2.47,160.479,3971.116,2305.948,1370.34,6682.419,26.739,12.788,24.614,78.438,403.153,252.514,150.06,678.408,2.928,1.298,13.896,124.445,1047.813,671.083,398.8,1763.214,7.782,3.374
North America,2021,,597123384.0,,9.506,38.756,747.694,446.466,131.497,78.52,1.494,1.37,352.242,12.742,358.288,5309.224,3170.262,1601.026,956.01,7.479,250.728,6034.521,3603.354,18.188,9.727,5260.67,5256.39,16.127,4.962,1540.732,54584.871,,5.787,1430.086,4950.351,2955.97,43781.266,26142.816,56.236,80.208,1.009,107.08,10715.455,3128.968,1868.38,17945.127,2.85,327.071,19765.811,11802.628,35.545,32.876,1851.52,-4.212,-83.641,1749.603,1151.973,687.87,2930.053,13.086,5.368,2.74,110.647,6451.086,3852.504,2300.42,10803.607,43.764,19.792,4.28,0.081,-1.655,-47.731,2321.593,1471.12,878.44,3887.962,16.712,7.123,8.543,964.719,12257.1,220.356,131.58,20526.912,1.669,207.009,21112.617,12606.837,2.503,37.605,276.363,105.62,27.1,-0.958,-2.834,176.881,45.384,462.824,2.009,0.516,0.848,8802.854,32593.902,5.1,158.378,4129.494,2381.384,1421.98,6915.646,27.052,12.67,25.802,102.165,505.318,315.178,188.2,846.254,3.58,1.55,10.323,103.93,1151.744,737.352,440.29,1928.82,8.376,3.534
North America,2022,,600323657.0,,3.829,17.094,772.182,463.559,,,,1.38,,-6.686,-211.968,4927.833,2958.294,1599.415,960.167,3.204,115.448,6194.661,3718.802,17.029,8.81,,5638.285,16.791,3.026,986.305,55936.836,,2.692,703.662,5183.248,3111.626,44720.008,26846.479,55.187,79.947,4.505,482.773,11198.229,3480.472,2089.41,18653.652,4.263,503.175,20498.613,12305.803,37.058,33.348,,3.892,61.462,1811.065,1157.138,694.657,3016.815,12.32,5.393,4.591,282.644,6733.73,4043.526,2427.424,11216.833,43.053,20.053,,,-1.617,-45.869,2275.723,1515.243,909.636,3790.827,16.133,6.777,3.531,432.855,12689.955,103.361,62.05,21138.521,4.85,611.483,22018.656,13218.32,1.101,37.79,273.241,90.472,,-0.713,-3.122,150.705,,455.157,1.605,,0.814,9392.075,33580.207,7.712,328.513,4458.007,2528.283,1517.788,7426.005,26.919,13.276,20.85,103.131,608.449,388.754,233.378,1013.535,4.139,1.812,13.433,149.948,1301.692,831.686,499.281,2168.316,8.855,3.876
North America (EI),1965,,,,,,,,,,,,,,,,3412.252,,,,,,,,21.165,,,,,,,,,,,,,15104.532,,93.689,,,4456.537,,,,,,,,,27.642,,,,963.757,,325.925,,,5.978,,,1017.53,,3.977,,,6.311,,,,,11.285,,3.977,,,0.07,,,7235.743,,,,,,,5694.31,,44.881,42.488,13.332,,,,,,,,,0.264,,16122.062,,,1006.244,,,,,6.241,,,,,,,,,,,,,,,,
North America (EI),1966,,,,,,,,,,,,,4.501,153.601,,3565.853,,,,,,,,20.93,,,,5.673,914.676,,,5.706,861.917,,,,15966.449,,93.718,7.821,348.557,4805.094,,,,,,,,,28.204,,4.642,44.739,1008.496,,341.055,,,5.92,5.205,52.759,1070.288,,5.982,,,6.282,,,50.42,5.69,16.975,,5.982,,,0.1,4.972,359.758,7595.501,,,,6.458,367.717,,6062.027,,44.583,44.818,14.062,,5.474,2.33,,,,,,0.263,,17036.738,4.675,47.069,1053.313,,,,,6.183,,,,,,,,,,,,,,,,
North America (EI),1967,,,,,,,,,,,,,-1.782,-63.535,,3502.318,,,,,,,,19.853,,,,3.549,604.641,,,3.171,506.348,,,,16472.797,,93.376,5.27,253.208,5058.302,,,,,,,,,28.673,,9.121,91.983,1100.479,,372.162,,,6.238,9.235,98.295,1168.583,,8.211,,,6.624,,,37.254,6.324,23.299,,8.211,,,0.132,4.169,316.675,7912.176,,,,6.935,420.378,,6482.405,,44.85,44.806,14.074,,0.082,-0.012,,,,,,0.254,,17641.379,8.763,91.971,1145.284,,,,,6.492,,,,,,,,,,,,,,,,
North America (EI),1968,,,,,,,,,,,,,3.76,131.694,,3634.012,,,,,,,,19.423,,,,6.056,1068.361,,,6.269,1032.682,,,,17505.479,,93.563,7.268,367.625,5425.928,,,,,,,,,29.001,,1.299,14.297,1114.775,,376.997,,,5.958,3.093,35.678,1204.262,,14.106,,,6.437,,,71.789,16.726,40.025,,14.106,,,0.214,6.741,533.362,8445.538,,,,4.398,285.096,,6767.501,,45.14,49.461,15.546,,10.463,4.655,,,,,,0.264,,18709.74,1.633,18.952,1164.236,,,,,6.223,,,,,,,,,,,,,,,,
North America (EI),1969,,,,,,,,,,,,,0.213,7.752,,3641.764,,,,,,,,18.479,,,,5.331,997.457,,,4.941,864.902,,,,18370.381,,93.217,8.093,439.146,5865.074,,,,,,,,,29.761,,11.426,127.375,1242.15,,420.073,,,6.303,11.027,132.556,1336.818,,15.19,,,6.783,,,7.685,3.076,43.102,,15.19,,,0.219,4.949,418.004,8863.542,,,,2.515,170.199,,6937.7,,44.976,51.567,16.227,,4.381,2.105,,,,,,0.262,,19707.197,11.147,129.48,1293.717,,,,,6.565,,,,,,,,,,,,,,,,
North America (EI),1970,,,,,,,,,,,,,-0.487,-17.72,,3624.044,,,,,,,,17.697,,,,3.913,771.238,,,3.956,726.803,,,,19097.184,,93.255,5.62,329.598,6194.672,,,,,,,6365.089,,30.25,,1.562,19.403,1261.553,,426.634,,,6.16,3.404,44.433,1381.252,,23.989,,,6.745,,,57.928,24.968,68.069,,23.989,,,0.332,4.681,414.925,9278.467,,,,5.231,362.879,,7300.579,,45.308,51.629,16.236,,0.054,0.062,,,,,,0.252,,20478.436,1.506,19.466,1313.182,,,,,6.413,,,,,,,,,,,,,,,,
North America (EI),1971,,,,,,,,,,,,,-5.298,-192.008,,3432.036,,,,,,,,16.389,,,,2.259,462.549,,,1.763,336.609,,,,19433.793,,92.803,3.311,205.114,6399.786,,,,3.319,211.248,,6576.337,,30.561,,5.31,66.984,1328.537,,449.287,,,6.344,9.294,125.939,1507.19,,510.248,,,7.197,,,84.989,57.851,125.921,,44.377,,,0.601,3.487,323.503,9601.97,,,,-0.411,-29.98,,7270.599,,45.853,52.733,16.584,,2.147,1.104,,,,,,0.252,,20940.984,5.194,68.088,1381.27,,465.871,,,6.596,,,0.0,,0.0,,,0.0,,,0.0,,0.0,,,0.0
North America (EI),1972,,,,,,,,,,,,,3.623,124.329,,3556.365,,,,,,,,16.123,,,,5.334,1116.947,,,5.022,975.869,,,,20409.662,,92.528,1.777,113.752,6513.539,,,,0.934,61.443,,6637.78,,29.529,,5.92,78.653,1407.19,,475.886,,,6.38,9.497,141.08,1648.27,,558.708,,,7.472,,,44.555,56.103,182.024,,64.149,,,0.825,7.684,737.788,10339.758,,,,2.326,169.097,,7439.696,,46.875,59.056,18.673,,12.594,6.323,,,,,,0.268,,22057.932,6.158,84.976,1466.246,,494.559,,,6.647,,0.0,0.0,,0.0,,,0.0,,0.0,0.0,,0.0,,,0.0
North America (EI),1973,,,,,,,,,,,,,7.187,255.596,,3811.961,,,,,,,,16.503,,,,4.719,1040.875,,,4.343,886.318,,,,21295.98,,92.195,-0.164,-10.654,6502.885,,,,0.785,52.124,,6689.904,,28.152,,2.806,39.481,1446.671,,489.238,,,6.263,9.631,154.56,1802.829,,612.516,,,7.805,,,60.762,110.601,292.625,,103.127,,,1.267,6.203,641.376,10981.134,,,,0.176,13.114,,7452.81,,47.54,63.534,20.151,,7.914,4.478,,,,,,0.275,,23098.807,2.999,43.959,1510.205,,509.388,,,6.538,,0.0,0.0,,0.0,,,0.0,,0.0,0.0,,0.0,,,0.0
North America (EI),1974,,,,,,,,,,,,,-2.126,-81.054,,3730.907,,,,,,,,16.419,,,,-1.624,-375.119,,,-2.822,-600.939,,,,20695.041,,91.073,-2.991,-194.511,6308.374,,,,-3.985,-266.616,,6423.288,,27.761,,9.284,134.312,1580.983,,534.66,,,6.957,12.682,225.815,2028.645,,690.197,,,8.927,,,30.587,89.505,382.129,,134.67,,,1.682,-2.963,-325.373,10655.761,,,,-3.529,-263.039,,7189.771,,46.893,65.533,20.867,,3.556,1.999,,,,,,0.288,,22723.688,9.058,136.311,1646.515,,555.527,,,7.246,,0.0,0.0,,0.0,,,0.0,,0.0,0.0,,0.0,,,0.0
North America (EI),1975,,,,,,,,,,,,,-0.053,-1.982,,3728.925,,,,,,,,16.794,,,,-2.287,-519.686,,,-3.162,-654.342,,,,20040.699,,90.257,-7.195,-453.869,5854.504,,,,-6.179,-396.917,,6026.37,,26.367,,-2.019,-31.914,1549.068,,523.867,,,6.977,6.968,134.657,2163.302,,738.293,,,9.743,,,44.17,168.786,550.916,,194.154,,,2.481,-1.863,-198.49,10457.271,,,,-4.32,-310.616,,6879.156,,47.096,63.318,20.272,,-2.851,-2.215,,,,,,0.285,,22204.002,-2.05,-34.129,1612.386,,544.139,,,7.262,,0.0,0.0,,0.0,,,0.0,,0.0,0.0,,0.0,,,0.0
North America (EI),1976,,,,,,,,,,,,,7.618,284.072,,4012.996,,,,,,,,17.144,,,,5.42,1203.379,,,5.663,1134.938,,,,21175.637,,90.466,1.818,106.417,5960.922,,,,-0.638,-38.458,,5987.913,,25.466,,-0.783,-12.125,1536.944,,519.766,,,6.566,3.237,68.44,2231.742,,762.195,,,9.534,,,12.579,69.301,620.217,,218.578,,,2.65,7.119,744.449,11201.72,,,,-2.273,-156.338,,6722.817,,47.856,74.581,23.851,,17.652,11.263,,,,,,0.319,,23407.381,-0.096,-0.861,1611.525,,543.617,,,6.885,,0.0,0.0,,0.0,,,0.0,,0.0,0.0,,0.0,,,0.0
North America (EI),1977,,,,,,,,,,,,,4.017,161.187,,4174.183,,,,,,,,17.32,,,,2.959,692.514,,,3.049,645.688,,,,21821.324,,90.545,-1.334,-79.53,5881.392,,,,1.112,66.604,,6054.517,,24.404,,-10.499,-161.36,1375.583,,465.197,,,5.708,2.444,46.827,2278.569,,780.824,,,9.455,,,32.873,203.881,824.099,,290.43,,,3.42,5.035,564.03,11765.75,,,,2.54,170.793,,6893.61,,48.821,78.887,25.197,,5.645,4.306,,,,,,0.327,,24099.895,-9.791,-157.055,1454.47,,490.394,,,6.035,,0.0,0.0,,0.0,,,0.0,,0.0,0.0,,0.0,,,0.0
North America (EI),1978,,,,,,,,,,,,,-2.175,-90.803,,4083.38,,,,,,,,16.535,,,,2.474,596.123,,,1.317,287.334,,,,22108.658,,89.523,0.989,58.161,5939.552,,,,-0.218,-13.201,,6041.315,,24.051,,15.607,214.684,1590.267,,537.799,,,6.439,13.516,308.79,2587.358,,886.361,,,10.477,,,10.923,90.014,914.113,,322.153,,,3.701,2.72,319.976,12085.726,,,,5.625,387.791,,7281.401,,48.938,82.978,26.409,,4.809,4.092,,,,,,0.336,,24696.018,15.052,218.776,1673.246,,564.208,,,6.775,,0.0,0.0,,0.0,,,0.0,,0.0,0.0,,0.0,,,0.0
North America (EI),1979,,,,,,,,,,,,,8.384,342.354,,4425.734,,,,,,,,17.649,,,,1.541,380.627,,,1.797,397.223,,,,22505.881,,89.748,3.698,219.634,6159.186,,,,3.846,232.329,,6273.644,,24.561,,1.909,30.353,1620.62,,548.064,,,6.463,-0.713,-16.594,2570.764,,880.039,,,10.252,,,-5.68,-51.92,862.193,,303.855,,,3.438,-1.363,-164.765,11920.961,,,,2.849,207.456,,7488.857,,47.538,87.951,28.12,,6.48,4.973,,,,,,0.351,,25076.645,2.123,35.326,1708.572,,576.184,,,6.813,,0.0,0.0,,0.0,,,0.0,,0.0,0.0,,0.0,,,0.0
North America (EI),1980,,,,,,,,,,,,,3.461,153.175,,4578.909,,,,,,,,18.789,,,,-2.818,-706.67,,,-3.156,-710.334,,,,21795.547,,89.436,-1.645,-101.293,6057.893,,,,-0.945,-59.305,,6214.339,,24.858,,0.364,5.901,1626.522,,550.06,,,6.674,0.143,3.664,2574.429,,881.295,,,10.564,,,-0.491,-4.23,857.963,,302.364,,,3.521,-6.394,-762.217,11158.744,,,,4.15,310.812,,7799.668,,45.789,89.944,28.871,,2.671,1.992,,,,,,0.369,,24369.975,0.477,7.894,1716.466,,578.931,,,7.043,,0.0,0.0,,0.0,,,0.0,,0.0,0.0,,0.0,,,0.0
North America (EI),1981,,,,,,,,,,,,,2.997,137.241,,4716.15,,,,,,5405.495,,19.786,,,,-2.191,-534.029,,,-2.887,-629.262,,,,21166.285,,88.8,-2.059,-124.745,5933.147,,,,-0.958,-59.557,,6154.782,,24.892,,1.288,20.943,1647.465,,557.143,,,6.912,3.765,95.23,2669.659,,914.474,,,11.2,,,8.178,70.165,928.128,,327.092,,,3.894,-5.751,-641.757,10516.987,,,,1.715,133.778,,7933.447,,44.122,94.066,30.24,,4.74,4.122,,,,,,0.395,,23835.945,1.46,25.066,1741.531,,587.382,,,7.306,,0.0,0.0,,0.0,,,0.0,,0.0,0.0,,0.0,,,0.0
North America (EI),1982,,,,,,,,,,,,,-3.042,-143.488,,4572.662,,,1.725,93.262,,5498.757,,19.901,,,,-3.603,-858.863,,,-4.718,-998.676,,,,20167.609,,87.773,-5.398,-320.274,5612.873,,,,-5.067,-311.89,,5842.893,,24.428,,7.019,115.635,1763.1,,596.248,,,7.673,5.206,139.814,2809.473,,962.081,,,12.227,,,2.721,25.258,953.385,,335.993,,,4.149,-5.086,-534.913,9982.074,,,,3.54,280.828,,8214.274,,43.444,92.988,29.84,,-1.321,-1.078,,,,,,0.405,,22977.082,6.59,114.556,1856.087,,626.088,,,8.078,,0.0,0.0,,0.0,,,0.0,,0.0,0.0,,0.0,,,0.0
North America (EI),1983,,,,,,,,,,,,,3.856,176.328,,4748.99,,,-6.741,-370.692,,5128.065,,20.753,,,,-0.407,-93.6,,,-1.249,-251.807,,,,19915.803,,87.031,-5.611,-314.95,5297.923,,,,-8.483,-495.68,,5347.213,,23.152,,4.883,86.091,1849.19,,625.363,,,8.081,5.641,158.207,2967.68,,1016.355,,,12.969,,,6.474,61.718,1015.103,,357.744,,,4.436,-1.134,-113.186,9868.889,,,,0.332,27.299,,8241.573,,43.127,103.369,33.243,,11.403,10.381,,,,,,0.452,,22883.482,5.195,96.489,1952.576,,658.611,,,8.533,,0.009,0.009,,0.003,,,0.0,,0.008,0.008,,0.003,,,0.0
North America (EI),1984,,,,,,,,,,,,,7.596,360.718,,5109.708,,,15.267,782.877,,5910.942,,21.217,,,,5.24,1199.195,,,5.188,1033.33,,,,20949.133,,86.988,6.858,363.348,5661.271,,,,8.109,433.584,,5780.797,,23.508,,1.911,35.338,1884.528,,637.313,,,7.825,5.649,165.864,3133.543,,1073.769,,,13.012,,,10.998,111.638,1126.741,,397.087,,,4.679,3.134,309.266,10178.154,,,,2.768,228.131,,8469.704,,42.263,122.238,39.356,,18.391,18.869,,,,,,0.508,,24082.678,2.744,54.225,2006.802,,676.681,,,8.333,76.7,0.007,0.016,,0.005,,,0.0,143.253,0.011,0.019,,0.007,,,0.0
North America (EI),1985,,,,,,,,,,,,,2.03,103.705,,5213.413,,1590.974,-1.415,-83.652,,5827.29,49.526,21.564,,3212.374,13.287,0.387,93.236,,,-0.214,-44.859,,2088.499,,20904.273,65.014,86.467,-2.629,-148.852,5512.419,,327.941,,-3.792,-219.21,,5561.586,10.209,22.801,,-2.834,-53.399,1831.129,,619.255,,19.277,7.574,4.621,138.098,3271.642,,1123.389,,34.971,13.533,,,16.953,191.017,1317.759,,464.406,,14.457,5.451,0.003,0.287,10178.441,,169.584,,0.272,23.036,,8492.74,5.279,42.102,122.702,39.711,,0.901,0.463,,,,1.236,,0.508,,24175.914,-2.615,-52.919,1953.883,,658.983,,20.514,8.082,102.553,0.016,0.032,,0.011,,0.0,0.0,4.037,0.001,0.02,,0.007,,0.0,0.0
North America (EI),1986,,,,,,,,,,,,,-1.532,-79.873,,5133.54,,1568.126,0.428,24.944,,5852.234,48.335,21.076,,3244.287,13.319,0.751,181.65,,,0.093,19.387,,2063.797,,20923.66,63.613,85.902,-6.259,-345.04,5167.379,,281.751,,-3.541,-196.952,,5364.635,8.685,21.215,,1.559,28.543,1859.673,,628.907,,19.385,7.635,5.038,162.261,3433.903,,1179.984,,36.371,14.098,,,9.193,121.135,1438.894,,507.097,,15.63,5.907,4.365,444.3,10622.741,,213.921,,-3.464,-294.203,,8198.537,6.594,43.612,135.279,43.961,,10.702,12.577,,,,1.355,,0.555,,24357.564,2.11,41.126,1995.009,,672.888,,20.741,8.191,32.004,0.01,0.042,,0.014,,0.0,0.0,-23.297,-0.005,0.015,,0.005,,0.0,0.0
North America (EI),1987,,,,,,,,,,,,,4.453,228.585,,5362.125,,1665.509,3.13,183.158,,6035.392,49.352,21.303,,3374.768,13.408,3.338,813.0,,,3.673,768.424,,2177.43,,21692.084,64.521,86.18,5.563,287.477,5454.856,,308.259,,4.183,224.413,,5589.048,9.134,21.672,,-6.043,-112.384,1747.289,,590.901,,17.509,6.942,1.426,44.579,3478.481,,1196.805,,35.463,13.82,,,9.741,140.163,1579.057,,556.493,,16.49,6.273,2.376,252.361,10875.103,,203.663,,-0.618,-50.676,,8147.861,6.035,43.206,152.09,49.395,,12.363,16.811,,,,1.464,,0.604,,25170.564,-4.841,-95.585,1899.424,,640.312,,18.974,7.546,-25.192,-0.011,0.031,,0.011,,0.0,0.0,-12.512,-0.002,0.014,,0.005,,0.0,0.0
North America (EI),1988,,,,,,,,,,,,,4.74,254.188,,5616.312,,1756.435,3.694,222.922,,6258.314,49.719,21.39,,3532.692,13.454,4.317,1086.635,,,4.4,954.404,,2287.345,,22646.488,64.748,86.249,5.009,273.237,5728.093,,289.564,,4.509,252.029,,5841.077,8.197,21.815,,-5.626,-98.307,1648.982,,557.656,,15.786,6.28,4.006,132.227,3610.708,,1244.754,,35.235,13.751,,,14.57,230.073,1809.13,,637.576,,18.048,6.89,3.926,426.981,11302.084,,241.347,,-0.534,-43.521,,8104.34,6.832,43.044,152.564,49.512,,0.236,0.474,,,,1.402,,0.581,,26257.199,-5.175,-97.846,1801.579,,607.179,,17.187,6.861,-13.366,-0.004,0.027,,0.009,,0.0,0.0,-58.927,-0.008,0.006,,0.002,,0.0,0.0
North America (EI),1989,,,,,,,,,,,,,1.163,65.334,,5681.647,,1811.095,3.275,204.962,,6463.276,47.994,21.133,,3773.589,14.036,2.392,628.152,,,2.223,503.523,,2481.736,,23150.012,65.766,86.106,6.073,347.873,6075.965,,403.765,,1.959,114.425,,5955.502,10.7,22.6,,5.895,97.203,1746.185,,590.528,,15.649,6.495,3.38,124.631,3735.339,,1286.826,,34.101,13.894,,,-0.105,-1.904,1807.225,,636.904,,16.878,6.722,0.799,90.316,11392.4,,266.876,,-4.611,-373.661,,7730.68,7.072,42.374,174.869,57.006,,15.136,22.305,,,,1.511,,0.65,,26885.352,7.04,126.535,1928.114,,649.922,,17.223,7.172,2655.674,0.721,0.749,,0.253,,0.007,0.003,113442.883,6.306,6.311,,2.134,,0.057,0.023
North America (EI),1990,,,,,,,16.733,,,,0.062,,0.197,11.195,,5692.842,,1815.174,4.669,301.778,,6765.054,47.382,21.136,,3830.964,14.223,0.182,48.914,,,-0.841,-194.674,,2455.344,,22955.338,64.092,85.227,0.007,0.423,6076.389,,423.685,,2.966,176.616,,6132.118,11.059,22.56,,3.711,64.808,1810.994,,612.445,,15.987,6.724,7.359,243.589,3978.928,,1364.794,,35.625,14.773,,,7.178,129.718,1936.944,,682.62,,17.818,7.191,-1.811,-206.294,11186.106,,216.485,,-1.531,-118.335,,7612.345,5.651,41.531,204.821,66.537,,16.719,29.952,,,,1.737,,0.76,,26934.266,7.537,113.87,2041.984,,682.174,,17.807,7.581,46.878,0.351,1.099,,0.372,,0.01,0.004,32.108,2.026,8.338,,2.82,,0.074,0.031
North America (EI),1991,,,,15.873,2.656,,19.389,,,,0.072,,-1.085,-61.778,,5631.064,,1820.263,-3.249,-219.79,,6545.265,46.598,20.891,,3906.291,14.492,0.076,20.551,,,-0.667,-153.023,,2468.683,,22802.314,63.198,84.595,2.172,131.955,6208.344,,437.826,,0.527,32.342,,6164.46,11.208,23.032,,0.781,14.141,1825.134,,617.227,,15.801,6.771,4.51,173.573,4152.501,,1424.446,,36.465,15.405,,,7.437,144.051,2080.995,,733.386,,18.774,7.72,-1.995,-223.2,10962.906,,210.593,,2.198,167.294,,7779.639,5.391,40.671,216.741,70.368,,5.758,11.92,,,,1.801,,0.804,,26954.816,1.651,29.522,2071.507,,691.06,,17.691,7.685,29.171,0.321,1.42,,0.48,,0.012,0.005,5.816,0.485,8.823,,2.984,,0.076,0.033
North America (EI),1992,,,,13.699,2.656,,22.045,,,,0.08,,0.756,42.559,,5673.623,,1857.081,-0.619,-40.491,,6504.774,47.19,20.71,,3935.292,14.365,1.634,440.361,,,2.133,486.299,,2513.601,,23288.613,63.873,85.01,3.513,218.114,6426.458,,466.387,,2.291,141.252,,6305.712,11.851,23.458,,-3.858,-70.415,1754.719,,593.414,,15.079,6.405,-0.973,-45.938,4106.563,,1407.735,,35.772,14.99,,,0.259,5.386,2086.381,,735.285,,18.684,7.616,2.058,225.627,11188.533,,190.134,,-0.853,-66.351,,7713.288,4.832,40.841,233.393,75.646,,7.5,16.652,,,,1.922,,0.852,,27395.178,-2.245,-51.324,2020.183,,672.451,,17.088,7.374,-13.817,-0.196,1.224,,0.414,,0.011,0.004,-0.234,-0.021,8.802,,2.977,,0.076,0.032
North America (EI),1993,,,,16.851,3.715,,25.759,,,,0.092,,2.969,168.432,,5842.055,,1925.154,-5.355,-348.325,,6156.449,47.306,20.898,,4069.552,14.557,2.045,560.236,,,1.847,430.17,,2604.888,,23718.783,64.009,84.845,2.775,178.308,6604.766,,480.524,,3.085,194.509,,6500.221,11.808,23.626,,5.848,102.625,1857.343,,628.12,,15.435,6.644,3.255,130.068,4236.632,,1450.566,,35.644,15.155,,,0.727,15.159,2101.54,,740.627,,18.199,7.517,0.746,83.43,11271.963,,199.21,,-1.607,-123.963,,7589.325,4.895,40.321,241.41,78.241,,3.431,8.017,,,,1.923,,0.864,,27955.414,5.933,114.909,2135.092,,709.939,,17.445,7.637,16.264,0.199,1.423,,0.481,,0.012,0.005,4.014,0.353,9.155,,3.096,,0.076,0.033
North America (EI),1994,,,,11.983,3.087,,28.846,,,,0.101,,0.794,46.376,,5888.431,,1933.208,9.025,555.63,,6712.079,46.497,20.599,,4157.708,14.544,2.256,630.773,,,2.358,559.322,,2668.544,,24278.105,64.183,84.929,2.648,174.874,6779.64,,531.676,,4.997,324.788,,6825.009,12.788,23.716,,-3.288,-61.066,1796.277,,607.468,,14.611,6.284,1.884,71.45,4308.082,,1475.3,,35.483,15.071,,,6.055,127.244,2228.784,,785.47,,18.892,7.797,2.999,338.072,11610.035,,203.66,,-0.644,-48.846,,7540.479,4.898,40.614,242.184,78.306,,0.083,0.774,,,,1.883,,0.847,,28586.188,-2.314,-55.794,2079.298,,689.829,,16.592,7.274,5.759,0.082,1.505,,0.509,,0.012,0.005,14.526,1.33,10.485,,3.546,,0.085,0.037
North America (EI),1995,,,,7.266,2.096,,30.942,,,,0.106,,1.174,69.115,,5957.545,,1960.092,-0.039,-2.625,,6709.455,45.844,20.429,,4275.556,14.661,2.015,575.951,,,1.248,302.973,,2692.337,,24581.078,62.97,84.291,4.124,279.611,7059.251,,575.769,,0.403,27.474,,6852.483,13.467,24.207,,10.768,193.417,1989.694,,672.878,,15.738,6.823,6.298,272.978,4581.059,,1567.933,,36.672,15.709,,,3.69,82.234,2311.018,,814.452,,19.049,7.925,-0.394,-45.752,11564.283,,156.476,,-0.415,-31.297,,7509.182,3.66,39.655,238.211,76.817,,-1.901,-3.973,,,,1.797,,0.817,,29162.139,9.148,190.743,2270.041,,753.481,,17.623,7.784,2.827,0.043,1.547,,0.523,,0.012,0.005,-8.001,-0.839,9.646,,3.262,,0.076,0.033
North America (EI),1996,,,,-28.272,-8.748,,22.194,,,,0.074,,4.517,269.082,,6226.627,,2053.909,2.948,197.782,,6907.236,46.769,20.678,,4391.599,14.584,3.258,950.182,,,3.199,786.268,,2749.444,,25367.346,62.607,84.242,1.813,128.012,7187.263,,529.097,,1.417,97.068,,6949.552,12.048,23.868,,9.006,179.192,2168.886,,733.478,,16.702,7.203,3.094,163.919,4744.978,,1626.146,,37.029,15.758,,,-0.517,-11.948,2299.07,,810.241,,18.45,7.635,3.365,389.171,11953.454,,166.437,,2.199,165.12,,7674.302,3.79,39.696,243.331,78.539,,2.241,5.12,,,,1.788,,0.808,,30112.32,6.843,175.867,2445.908,,815.905,,18.579,8.123,5.718,0.088,1.636,,0.553,,0.013,0.005,2.223,0.214,9.861,,3.335,,0.076,0.033
North America (EI),1997,,,,26.626,5.909,,28.104,,,,0.093,,2.211,137.651,,6364.278,,2113.561,2.352,162.473,,7069.709,47.437,20.967,,4455.467,14.678,0.803,241.877,,,1.569,398.076,,2869.049,,25765.422,64.394,84.883,0.744,53.483,7240.746,,561.43,,1.068,74.221,,7023.772,12.601,23.854,,-0.336,-7.283,2161.603,,731.015,,16.407,7.121,-3.11,-156.201,4588.777,,1568.969,,35.214,15.117,,,-6.924,-159.182,2139.888,,754.141,,16.926,7.05,1.731,206.943,12160.397,,194.058,,1.576,120.981,,7795.283,4.355,40.062,247.529,79.872,,1.697,4.199,,,,1.793,,0.815,,30354.197,0.577,2.982,2448.89,,814.827,,18.288,8.068,-1.372,-0.022,1.613,,0.546,,0.012,0.005,1.815,0.179,10.04,,3.395,,0.076,0.033
North America (EI),1998,,,,14.893,4.186,,32.289,,,,0.106,,1.298,82.624,,6446.902,,2153.722,2.531,178.915,,7248.624,46.832,21.118,,4598.859,15.064,0.572,173.643,,,0.875,225.537,,3029.098,,25990.959,65.866,85.139,-1.334,-96.592,7144.154,,627.69,,1.92,134.89,,7158.662,13.649,23.402,,-7.313,-158.089,2003.514,,677.552,,14.733,6.563,-0.839,-51.896,4536.881,,1551.388,,33.734,14.861,,,4.678,100.097,2239.985,,789.418,,17.166,7.338,1.97,239.505,12399.902,,247.685,,-0.534,-41.659,,7753.624,5.386,40.618,250.226,80.743,,1.091,2.696,,,,1.756,,0.82,,30527.84,-5.774,-151.993,2296.896,,761.97,,16.569,7.524,-0.711,-0.011,1.602,,0.542,,0.012,0.005,-7.716,-0.775,9.265,,3.133,,0.068,0.03
North America (EI),1999,,,,4.457,1.439,,33.728,,,,0.108,,-0.335,-21.569,,6425.333,,2162.658,-3.131,-226.968,,7021.656,45.976,20.652,,4703.85,15.119,1.917,585.24,,,1.372,356.547,,3053.143,,26347.506,64.907,84.683,1.096,78.297,7222.451,,659.055,,-0.133,-9.527,,7149.135,14.011,23.214,,2.475,49.577,2053.092,,694.318,,14.761,6.599,5.094,228.693,4765.574,,1630.615,,34.666,15.317,,,7.619,170.669,2410.654,,849.565,,18.061,7.748,2.418,299.818,12699.721,,231.43,,-4.136,-320.717,,7432.907,4.92,40.818,252.573,81.481,,0.914,2.348,,,,1.732,,0.812,,31113.08,2.583,58.024,2354.92,,781.05,,16.604,7.569,-0.583,-0.009,1.593,,0.539,,0.011,0.005,50.397,4.669,13.934,,4.712,,0.1,0.045
North America (EI),2000,,,,16.992,5.731,,39.46,,,,0.124,,4.554,292.579,,6717.912,,2263.256,-2.481,-174.201,,6847.455,46.572,21.068,,4859.697,15.241,2.485,773.111,,,2.985,786.604,,3214.794,,27134.109,66.152,85.097,4.331,312.796,7535.247,,722.012,,1.87,133.701,,7282.836,14.857,23.632,,-4.569,-93.802,1959.29,,662.596,,13.635,6.145,0.008,-13.492,4752.082,,1625.016,,33.439,14.903,,,2.886,69.579,2480.233,,874.086,,17.986,7.778,1.427,181.23,12880.951,,229.526,,0.606,45.059,,7477.965,4.723,40.397,253.954,81.859,,0.463,1.381,,,,1.684,,0.796,,31886.191,-2.993,-83.071,2271.85,,750.93,,15.452,7.125,0.618,0.01,1.602,,0.542,,0.011,0.005,25.899,3.609,17.543,,5.933,,0.122,0.055
North America (EI),2001,,,,5.882,2.321,,41.781,,,,0.134,,-2.438,-163.799,,6554.112,,2190.631,3.21,219.771,,7067.227,45.806,21.031,,4782.435,15.346,-2.263,-721.721,,,-1.794,-486.77,,3213.482,,26647.34,67.193,85.506,-4.331,-326.339,7208.907,,779.924,,2.22,161.712,,7444.549,16.308,23.132,,-13.945,-284.174,1675.116,,570.196,,11.923,5.375,-4.074,-234.953,4517.129,,1554.88,,32.512,14.494,,,2.299,40.538,2520.771,,894.179,,18.697,8.089,0.026,3.371,12884.322,,242.927,,0.554,41.393,,7519.358,5.08,41.343,256.681,82.75,,1.089,2.727,,,,1.73,,0.824,,31164.471,-11.122,-275.491,1996.359,,660.701,,13.815,6.406,11.071,0.166,1.768,,0.602,,0.013,0.006,20.557,3.469,21.012,,7.152,,0.15,0.067
North America (EI),2002,,,,18.173,7.593,,49.374,,,,0.156,,0.85,55.719,,6609.831,,2226.471,-4.249,-300.279,,6766.947,45.187,20.844,,4927.29,15.538,1.755,546.826,,,1.222,325.598,,3273.796,,26972.938,66.442,85.058,3.85,277.559,7486.466,,850.992,,-2.522,-187.758,,7256.791,17.271,23.608,,10.892,170.474,1845.59,,632.304,,12.833,5.82,5.656,221.229,4738.358,,1637.594,,33.235,14.942,,,1.307,16.473,2537.244,,905.867,,18.385,8.001,-0.06,-7.68,12876.643,,196.332,,0.956,71.88,,7591.238,3.985,40.606,272.535,87.907,,6.231,15.853,,,,1.784,,0.859,,31711.297,11.192,204.756,2201.115,,731.728,,14.851,6.941,5.051,0.077,1.846,,0.632,,0.013,0.006,52.185,10.759,31.771,,10.885,,0.221,0.1
North America (EI),2003,,,,34.182,16.877,,66.251,,,,0.208,,1.186,78.382,,6688.213,,2278.385,-2.873,-194.386,,6572.561,46.017,21.011,,4951.151,15.554,0.381,120.783,,,0.727,196.174,,3314.454,,27169.111,66.943,85.351,-1.625,-121.624,7364.842,,817.732,,0.422,30.641,,7287.432,16.516,23.137,,-1.003,-30.221,1815.369,,625.963,,12.643,5.703,-0.332,-75.391,4662.968,,1615.115,,32.621,14.649,,,-1.884,-63.754,2473.49,,888.802,,17.951,7.77,1.859,239.415,13116.058,,218.336,,1.326,100.676,,7691.914,4.41,41.204,271.169,87.699,,-0.236,-1.366,,,,1.771,,0.852,,31832.08,1.467,-11.637,2189.478,,726.313,,14.67,6.878,1.441,0.015,1.86,,0.641,,0.013,0.006,10.332,3.058,34.829,,12.009,,0.243,0.109
North America (EI),2004,,,,25.26,16.735,,82.986,,,,0.255,,0.334,22.343,,6710.556,,2266.104,3.843,252.585,,6825.146,44.735,20.642,,5065.589,15.582,2.126,676.627,,,2.071,562.775,,3385.196,,27731.887,66.827,85.306,0.541,39.852,7404.694,,895.872,,-1.629,-118.708,,7168.723,17.685,22.778,,0.027,-11.082,1804.287,,626.129,,12.36,5.55,3.671,113.852,4776.82,,1660.096,,32.772,14.694,,,4.521,95.35,2568.84,,928.982,,18.339,7.902,3.817,500.579,13616.637,,223.22,,-0.125,-9.622,,7682.292,4.407,41.886,274.679,89.012,,1.497,3.51,,,,1.757,,0.845,,32508.707,2.717,18.502,2207.98,,731.114,,14.433,6.792,12.464,0.219,2.079,,0.721,,0.014,0.006,26.996,9.121,43.95,,15.252,,0.301,0.135
North America (EI),2005,,,,16.809,13.949,,96.935,,,,0.296,,1.761,118.175,,6828.731,,2313.262,1.632,111.418,,6936.564,44.561,20.868,,5191.237,15.864,0.659,214.295,,,0.497,137.811,,3474.962,,27869.697,66.939,85.169,-0.672,-49.724,7354.97,,941.146,,-0.553,-39.672,,7129.051,18.13,22.476,,4.786,74.378,1878.665,,656.093,,12.638,5.741,2.612,76.487,4853.307,,1691.684,,32.587,14.831,,,-0.391,-26.242,2542.598,,925.348,,17.825,7.77,0.509,69.357,13685.994,,220.554,,-3.391,-260.508,,7421.784,4.249,41.824,276.832,89.891,,0.988,2.154,,,,1.732,,0.846,,32723.002,6.04,102.729,2310.708,,766.336,,14.762,7.061,7.417,0.14,2.219,,0.775,,0.015,0.007,28.36,12.107,56.057,,19.577,,0.377,0.171
North America (EI),2006,,,,38.957,37.763,,134.698,,,,0.414,,-1.441,-98.417,,6730.314,,2281.68,2.455,170.309,,7106.873,43.916,20.696,,5195.605,15.977,-0.623,-203.758,,,-1.105,-307.834,,3448.546,,27561.863,66.374,84.756,-0.484,-35.575,7319.395,,1033.713,,2.338,166.685,,7295.736,19.896,22.508,,1.949,24.562,1903.228,,668.878,,12.874,5.853,3.997,104.073,4957.379,,1725.417,,33.209,15.244,,,1.238,15.277,2557.875,,936.8,,18.031,7.866,-1.27,-173.839,13512.155,,133.153,,-0.018,-1.299,,7420.484,2.563,41.551,275.559,89.508,,-0.426,-1.274,,,,1.723,,0.847,,32519.244,6.955,88.796,2399.504,,788.617,,15.179,7.379,10.392,0.215,2.434,,0.855,,0.016,0.007,50.053,27.529,83.586,,29.376,,0.565,0.257
North America (EI),2007,,,,29.935,40.322,,175.02,,,,0.53,,1.306,87.889,,6818.203,,2318.84,-0.929,-65.994,,7040.879,43.511,20.631,,5329.271,16.126,1.626,528.846,,,1.934,532.994,,3588.187,,28094.857,67.33,85.012,5.861,428.966,7748.361,,1135.11,,1.899,138.53,,7434.266,21.3,23.446,,-4.616,-99.191,1804.037,,638.005,,11.972,5.459,1.899,-4.146,4953.233,,1720.42,,32.282,14.988,,,1.635,25.584,2583.46,,952.121,,17.866,7.817,0.119,16.137,13528.292,,134.237,,-0.81,-60.089,,7360.395,2.519,40.935,279.921,91.111,,1.791,4.362,,,,1.71,,0.847,,33048.09,2.167,-29.731,2369.773,,768.299,,14.417,7.171,32.145,0.762,3.196,,1.13,,0.021,0.01,29.539,24.014,107.6,,38.053,,0.714,0.326
North America (EI),2008,,,,35.694,62.471,,237.491,,,,0.732,,-1.941,-132.373,,6685.83,,2267.462,1.338,94.196,,7135.076,42.827,20.617,,5294.506,16.327,-1.875,-619.785,,,-2.847,-799.912,,3499.188,,27294.945,66.091,84.17,0.851,65.955,7814.316,,1119.348,,2.201,163.63,,7597.896,21.142,24.097,,4.665,72.423,1876.46,,667.766,,12.612,5.786,6.051,180.126,5133.359,,1772.642,,33.481,15.83,,,0.176,-11.527,2571.933,,953.797,,18.015,7.931,-5.422,-733.492,12794.8,,112.378,,-3.243,-238.666,,7121.729,2.123,39.456,274.227,89.427,,-1.848,-5.693,,,,1.689,,0.846,,32428.305,11.981,191.653,2561.426,,818.845,,15.466,7.899,49.243,1.544,4.741,,1.687,,0.032,0.015,57.584,60.908,168.507,,59.966,,1.133,0.52
North America (EI),2009,,,,12.901,30.639,,268.13,,,,0.867,,-12.02,-803.629,,5882.201,,2011.398,-9.228,-658.436,,6476.64,39.531,19.011,,5088.125,16.445,-4.588,-1487.85,,,-5.554,-1516.049,,3284.324,,25778.896,64.549,83.318,-1.14,-89.071,7725.245,,1172.51,,0.714,54.268,,7652.164,23.044,24.968,,-0.123,-13.881,1862.578,,666.943,,13.108,6.02,1.967,28.2,5161.56,,1781.54,,35.014,16.682,,,-1.356,-50.531,2521.403,,940.866,,18.491,8.149,-4.872,-623.349,12171.451,,100.415,,1.64,116.819,,7238.548,1.974,39.338,274.631,89.649,,0.249,0.403,,,,1.762,,0.888,,30940.455,4.967,78.731,2640.157,,840.674,,16.522,8.533,31.113,1.437,6.177,,2.212,,0.043,0.02,36.529,60.133,228.641,,81.87,,1.609,0.739
North America (EI),2010,,,,14.979,40.163,,308.293,,,,0.969,,6.009,353.444,,6235.646,,2114.916,2.414,156.333,,6632.973,40.079,19.592,,5276.83,16.579,2.868,887.469,,,3.274,843.881,,3462.52,,26622.777,65.617,83.646,4.309,332.856,8058.101,,1257.093,,1.4,107.099,,7759.263,23.823,25.318,,-3.167,-70.061,1792.517,,645.818,,12.239,5.632,2.511,43.585,5205.145,,1792.842,,33.976,16.354,,,0.476,-3.531,2517.871,,945.348,,17.915,7.911,1.295,157.581,12329.032,,90.511,,2.727,197.396,,7435.943,1.715,38.737,284.283,92.805,,3.521,9.652,,,,1.759,,0.893,,31827.924,4.237,47.117,2687.274,,847.494,,16.061,8.443,49.17,2.981,9.158,,3.3,,0.063,0.029,28.95,64.382,293.022,,105.572,,2.001,0.921
North America (EI),2011,,,,10.017,30.88,,339.173,,,,1.065,,-5.333,-332.521,,5903.124,,1987.746,1.135,75.274,,6708.247,37.549,18.54,,5293.802,16.626,0.038,12.104,,,-1.026,-273.094,,3377.513,,26349.684,63.801,82.756,2.949,237.6,8295.7,,1302.449,,5.748,446.025,,8205.288,24.603,26.054,,12.739,216.03,2008.547,,728.089,,13.754,6.308,6.324,285.198,5490.343,,1894.846,,35.794,17.244,,,-1.113,-43.218,2474.653,,934.821,,17.659,7.772,-1.445,-178.173,12150.859,,87.318,,3.393,252.316,,7688.259,1.649,38.162,285.678,93.356,,0.593,1.395,,,,1.763,,0.897,,31840.027,12.408,328.416,3015.69,,960.024,,18.135,9.471,62.19,5.605,14.763,,5.352,,0.101,0.046,26.196,74.506,367.528,,133.227,,2.517,1.154
North America (EI),2012,,,,1.74,5.903,,345.076,,,,1.106,,-11.351,-670.044,,5233.08,,1742.521,-6.712,-450.279,,6257.967,33.232,16.776,,5243.514,16.81,-2.03,-646.469,,,-2.022,-532.855,,3362.757,,25816.828,64.132,82.763,3.813,316.3,8612.0,,1533.36,,3.626,297.514,,8502.802,29.243,27.608,,-5.752,-127.01,1881.538,,686.208,,13.087,6.032,-1.253,-113.612,5376.731,,1860.944,,35.49,17.237,,,-2.356,-72.954,2401.699,,912.794,,17.408,7.699,-1.474,-179.111,11971.748,,86.877,,9.226,709.334,,8397.594,1.657,38.379,289.882,94.711,,1.451,4.204,,,,1.806,,0.929,,31193.559,-0.46,-40.658,2975.031,,948.149,,18.082,9.537,86.613,12.62,27.383,,9.987,,0.19,0.088,18.027,63.624,431.153,,157.244,,2.999,1.382
North America (EI),2013,,,,9.567,33.012,,378.088,,,,1.183,,3.378,176.755,,5409.835,,1814.274,-2.911,-182.173,,6075.794,34.341,16.923,,5283.092,16.526,2.483,774.516,,,2.231,575.969,,3331.268,,26392.797,63.055,82.56,3.374,290.586,8902.586,,1433.629,,1.155,98.209,,8601.011,27.136,27.848,,0.022,-10.92,1870.618,,686.36,,12.992,5.852,4.761,198.545,5575.276,,1932.957,,36.588,17.44,,,3.535,69.926,2471.626,,945.064,,17.888,7.732,0.907,108.629,12080.377,,83.365,,8.879,745.6,,9143.193,1.578,37.789,303.022,99.023,,4.553,13.14,,,,1.874,,0.948,,31968.074,5.626,128.619,3103.651,,987.893,,18.699,9.709,76.68,20.706,48.089,,17.645,,0.334,0.15,17.566,72.682,503.835,,184.865,,3.499,1.576
North America (EI),2014,,,,1.698,6.42,,384.508,,,,1.193,,-0.433,-23.441,,5386.394,,1813.694,1.268,77.028,,6152.822,34.095,16.712,,5319.55,16.504,0.824,263.398,,,0.729,192.514,,3330.8,,26585.311,62.614,82.482,2.324,206.918,9109.504,,1447.568,,6.385,549.168,,9150.179,27.212,28.263,,-1.343,-36.166,1834.451,,677.145,,12.729,5.691,1.784,70.884,5646.16,,1967.771,,36.991,17.518,,,1.087,11.898,2483.523,,955.334,,17.959,7.705,0.075,9.036,12089.413,,69.539,,10.897,996.376,,10139.569,1.307,37.508,308.961,101.002,,1.998,5.939,,,,1.899,,0.959,,32231.473,2.267,58.986,3162.637,,1012.438,,19.032,9.812,78.849,37.403,85.492,,31.557,,0.593,0.265,9.666,45.39,549.225,,202.733,,3.811,1.704
North America (EI),2015,,,,4.021,15.463,,399.97,,,,1.251,,-12.638,-680.707,,4705.687,,1564.177,-11.334,-697.385,,5455.438,29.395,14.713,,5321.304,16.637,-0.768,-247.6,,,-1.039,-276.174,,3317.001,,26309.137,62.334,82.258,2.607,237.444,9346.948,,1686.444,,3.714,339.88,,9490.059,31.692,29.224,,-2.6,-58.334,1776.117,,659.538,,12.394,5.553,1.33,28.575,5674.735,,1983.586,,37.276,17.742,,,-0.369,-23.883,2459.641,,951.813,,17.887,7.69,1.382,167.089,12256.502,,66.379,,4.486,454.869,,10594.438,1.247,38.321,309.535,101.356,,0.35,0.574,,,,1.905,,0.968,,31983.873,2.491,52.457,3215.094,,1031.773,,19.389,10.052,34.75,29.022,114.514,,42.523,,0.799,0.358,12.639,65.733,614.958,,228.356,,4.291,1.923
North America (EI),2016,,,,7.847,31.388,,431.358,,,,1.35,,-8.229,-387.215,,4318.472,,1442.9,-16.876,-920.658,,4534.78,27.038,13.514,,5336.472,16.7,-0.09,-28.863,,,-1.006,-264.77,,3245.162,,26044.367,60.811,81.503,0.281,26.268,9373.216,,1738.079,,-1.366,-129.62,,9360.438,32.57,29.333,,3.086,43.983,1820.1,,679.893,,12.741,5.696,4.996,235.907,5910.642,,2071.276,,38.814,18.497,,,0.796,4.91,2464.551,,959.39,,17.978,7.713,0.785,96.179,12352.681,,64.183,,-3.057,-323.846,,10270.593,1.203,38.656,310.403,101.691,,0.331,0.869,,,,1.906,,0.971,,31955.01,7.788,230.997,3446.091,,1111.886,,20.836,10.784,40.405,45.318,159.832,,59.705,,1.119,0.5,18.497,109.44,724.397,,270.597,,5.071,2.267
North America (EI),2017,,,,1.052,4.538,,435.896,,,,1.356,,-1.564,-67.522,,4250.95,,1400.992,5.971,270.759,,4805.539,26.421,13.22,,5302.493,16.491,0.624,199.447,,,-0.102,-26.477,,3117.527,,26017.891,58.794,80.915,-0.162,-15.141,9358.075,,1650.912,,2.101,196.638,,9557.076,31.135,29.104,,6.376,104.655,1924.755,,723.242,,13.64,5.986,3.963,225.923,6136.565,,2165.927,,40.847,19.085,,,-0.062,-16.021,2448.531,,958.793,,18.082,7.615,0.455,56.187,12408.867,,65.622,,4.229,434.377,,10704.97,1.238,38.591,311.242,102.069,,0.372,0.839,,,,1.925,,0.968,,32154.457,6.466,241.944,3688.035,,1207.133,,22.765,11.47,38.712,60.57,220.402,,82.818,,1.562,0.685,10.498,71.341,795.739,,299.005,,5.639,2.475
North America (EI),2018,,,,-1.01,-4.401,,431.495,,,,1.303,,-5.228,-222.224,,4028.727,,1330.099,-2.31,-111.011,,4694.528,24.293,12.169,,5475.315,16.538,2.962,952.262,,,3.524,916.879,,3262.384,,26934.77,59.583,81.357,9.899,926.338,10284.413,,1865.625,,10.451,998.842,,10555.918,34.073,31.064,,-2.122,-51.861,1872.895,,707.894,,12.929,5.657,0.89,35.385,6171.951,,2193.488,,40.061,18.643,,,0.454,-3.261,2445.27,,963.149,,17.591,7.386,1.715,212.761,12621.628,,66.66,,11.883,1272.072,,11977.042,1.217,38.124,304.088,99.8,,-2.223,-7.154,,,,1.823,,0.919,,33106.719,1.145,38.646,3726.681,,1230.339,,22.471,11.257,22.337,47.654,268.056,,101.317,,1.85,0.81,7.466,54.408,850.147,,321.328,,5.869,2.568
North America (EI),2019,,,,2.749,11.864,,443.358,,,,1.349,,-13.842,-557.673,,3471.053,,1131.695,-6.962,-326.85,,4367.678,20.9,10.561,,5414.685,16.475,-0.727,-240.82,,,-1.106,-297.938,,3175.642,,26636.832,58.649,81.047,3.19,328.101,10612.514,,1986.169,,7.47,788.572,,11344.49,36.681,32.29,,-2.408,-51.844,1821.051,,690.846,,12.759,5.541,1.438,57.116,6229.067,,2219.374,,40.988,18.953,,,0.057,-7.637,2437.632,,963.694,,17.798,7.417,-0.542,-68.362,12553.266,,57.778,,7.748,927.979,,12905.021,1.067,38.195,286.822,94.343,,-5.469,-17.266,,,,1.742,,0.873,,32865.898,2.239,64.754,3791.435,,1255.68,,23.19,11.536,20.432,53.579,321.636,,122.018,,2.253,0.979,8.448,68.42,918.567,,348.474,,6.436,2.795
North America (EI),2020,,,,-8.749,-38.788,,404.571,,,,1.328,,-20.166,-699.976,,2771.077,,901.825,-23.24,-1015.052,,3352.626,17.123,9.093,,5266.692,17.282,-7.275,-2390.9,,,-9.316,-2481.492,,2972.007,,24155.34,56.43,79.263,-1.904,-202.047,10410.467,,2016.179,,-1.517,-172.062,,11172.428,38.282,34.161,,0.784,7.53,1828.581,,696.26,,13.22,6.0,0.676,90.592,6319.659,,2276.171,,43.218,20.737,,,-2.444,-68.309,2369.323,,940.142,,17.851,7.775,-12.582,-1579.47,10973.796,,54.003,,-4.435,-572.38,,12332.642,1.025,36.009,275.413,90.792,,-3.763,-11.409,,,,1.724,,0.904,,30474.998,2.446,158.901,3950.336,,1336.029,,25.368,12.963,24.701,77.974,399.609,,152.157,,2.889,1.311,13.873,123.594,1042.161,,396.819,,7.535,3.42
North America (EI),2021,,,,9.518,38.506,,443.077,,,,1.384,,12.959,359.098,,3130.176,,1025.826,7.479,250.728,,3603.354,19.076,9.779,,5377.698,16.801,5.03,1532.988,,,5.899,1424.82,,3049.892,,25580.16,56.714,79.918,0.871,90.625,10501.092,,1967.616,,3.367,376.16,,11548.588,36.588,32.808,,-4.256,-84.233,1744.348,,666.627,,12.396,5.45,2.709,108.168,6427.827,,2310.291,,42.961,20.082,,,-1.655,-47.73,2321.593,,924.586,,17.193,7.253,8.886,975.096,11948.892,,56.451,,1.688,208.192,,12540.834,1.05,37.331,272.153,89.784,,-1.11,-3.261,,,,1.67,,0.85,,32007.986,5.066,155.898,4106.234,,1385.704,,25.768,12.829,25.82,101.339,500.948,,191.444,,3.56,1.565,10.34,103.547,1145.708,,437.849,,8.142,3.579
North America (EI),2022,,,,3.838,17.006,,460.083,,,,1.394,,-6.771,-211.932,,2918.244,,960.167,3.204,115.448,,3718.802,17.307,8.845,,5547.991,16.815,3.081,986.041,,,2.749,703.166,,3111.626,,26283.326,56.086,79.661,4.696,493.171,10994.263,,2089.41,,4.248,490.597,,12039.185,37.661,33.322,,3.912,61.632,1805.981,,692.707,,12.486,5.474,4.608,282.874,6710.701,,2420.158,,43.622,20.339,,,-1.617,-45.869,2275.724,,909.636,,16.396,6.897,3.531,421.928,12370.819,,62.05,,4.897,614.132,,13154.966,1.118,37.494,269.602,89.31,,-0.528,-2.55,,,,1.61,,0.817,,32994.027,7.755,328.744,4434.978,,1510.522,,27.226,13.442,20.901,102.496,603.445,,231.459,,4.172,1.829,13.52,150.159,1295.867,,497.046,,8.959,3.928
North America (Ember),2000,,,,,,,,,69.2,1.576,,489.968,,,,,,2075.48,,,,,47.267,,4390.94,4390.94,,,,,,,,,2853.09,,,64.977,,,,,,648.65,,,,,,14.772,,2151.42,,,,,625.12,,14.237,,,,,,1537.85,,35.023,,,,,,,,823.05,,18.744,,,,,,128.96,,,,,,2.937,,,83.32,14.12,,,,,,1.898,0.322,,,,,,,,714.8,,16.279,,,,,,0.51,,0.012,,,,,,5.85,,0.133,
North America (Ember),2001,,,,,,,,,58.95,1.371,,493.674,,,,,,2009.0,,,,,46.717,,4300.33,4300.33,,,,,,,,,2838.84,,,66.014,,,,,,678.9,,,,,,15.787,,2122.96,,,,,538.29,,12.517,,,,,,1461.49,,33.986,,,,,,,,841.69,,19.573,,,,,,150.94,,,,,,3.51,,,73.87,14.92,,,,,,1.718,0.347,,,,,,,,619.8,,14.413,,,,,,0.56,,0.013,,,,,,7.08,,0.165,
North America (Ember),2002,,,,,,,,,63.26,1.428,,485.465,,,,,,2037.18,,,,,46.001,,4428.54,4428.54,,,,,,,,,2883.15,,,65.104,,,,,,727.5,,,,,,16.428,,2149.9,,,,,602.82,,13.612,,,,,,1545.39,,34.896,,,,,,,,851.81,,19.235,,,,,,118.47,,,,,,2.675,,,79.43,16.17,,,,,,1.794,0.365,,,,,,,,693.58,,15.662,,,,,,0.57,,0.013,,,,,,10.76,,0.243,
North America (Ember),2003,,,,,,,,,62.27,1.402,,491.738,,,,,,2076.58,,,,,46.752,,4441.65,4441.65,,,,,,,,,2913.53,,,65.596,,,,,,686.26,,,,,,15.451,,2184.13,,,,,601.52,,13.543,,,,,,1528.12,,34.404,,,,,,,,834.88,,18.797,,,,,,150.69,,,,,,3.393,,,79.15,16.88,,,,,,1.782,0.38,,,,,,,,693.24,,15.608,,,,,,0.55,,0.012,,,,,,12.02,,0.271,
North America (Ember),2004,,,,,,,,,62.8,1.385,,487.078,,,,,,2071.48,,,,,45.681,,4534.69,4534.69,,,,,,,,,2967.28,,,65.435,,,,,,747.82,,,,,,16.491,,2208.75,,,,,597.55,,13.177,,,,,,1567.41,,34.565,,,,,,,,874.4,,19.282,,,,,,147.98,,,,,,3.263,,,79.78,16.98,,,,,,1.759,0.374,,,,,,,,693.01,,15.282,,,,,,0.59,,0.013,,,,,,15.09,,0.333,
North America (Ember),2005,,,,,,,,,63.22,1.362,,487.431,,,,,,2112.04,,,,,45.5,,4641.81,4641.81,,,,,,,,,3050.89,,,65.726,,,,,,796.52,,,,,,17.16,,2262.56,,,,,622.26,,13.406,,,,,,1590.92,,34.274,,,,,,,,868.82,,18.717,,,,,,142.33,,,,,,3.066,,,79.89,16.67,,,,,,1.721,0.359,,,,,,,,722.1,,15.556,,,,,,0.57,,0.012,,,,,,19.38,,0.418,
North America (Ember),2006,,,,,,,,,63.51,1.369,,479.429,,,,,,2081.78,,,,,44.866,,4639.96,4639.96,,,,,,,,,3018.46,,,65.054,,,,,,854.9,,,,,,18.425,,2224.53,,,,,632.21,,13.625,,,,,,1621.5,,34.946,,,,,,,,879.66,,18.958,,,,,,81.78,,,,,,1.763,,,80.04,16.53,,,,,,1.725,0.356,,,,,,,,741.84,,15.988,,,,,,0.53,,0.011,,,,,,29.06,,0.626,
North America (Ember),2007,,,,,,,,,63.99,1.345,,482.483,,,,,,2114.8,,,,,44.467,,4755.92,4755.92,,,,,,,,,3137.78,,,65.976,,,,,,936.32,,,,,,19.687,,2294.65,,,,,604.72,,12.715,,,,,,1618.14,,34.024,,,,,,,,894.61,,18.81,,,,,,86.66,,,,,,1.822,,,80.71,16.72,,,,,,1.697,0.352,,,,,,,,723.53,,15.213,,,,,,0.64,,0.013,,,,,,37.46,,0.788,
North America (Ember),2008,,,,,,,,,62.72,1.328,,475.119,,,,,,2080.48,,,,,44.052,,4722.77,4722.77,,,,,,,,,3065.74,,,64.914,,,,,,920.21,,,,,,19.485,,2243.88,,,,,622.42,,13.179,,,,,,1657.03,,35.086,,,,,,,,894.51,,18.94,,,,,,65.05,,,,,,1.377,,,80.05,17.33,,,,,,1.695,0.367,,,,,,,,762.52,,16.146,,,,,,0.9,,0.019,,,,,,59.15,,1.252,
North America (Ember),2009,,,,,,,,,63.0,1.389,,453.895,,,,,,1834.41,,,,,40.447,,4535.37,4535.37,,,,,,,,,2855.33,,,62.957,,,,,,962.93,,,,,,21.232,,2058.58,,,,,634.04,,13.98,,,,,,1680.04,,37.043,,,,,,,,883.98,,19.491,,,,,,57.99,,,,,,1.279,,,80.5,17.5,,,,,,1.775,0.386,,,,,,,,796.06,,17.552,,,,,,0.99,,0.022,,,,,,80.53,,1.776,
North America (Ember),2010,,,,,,,,,65.51,1.395,,460.937,,,,,,1924.14,,,,,40.973,,4696.17,4696.17,,,,,,,,,3012.69,,,64.152,,,,,,1034.62,,,,,,22.031,,2164.64,,,,,602.86,,12.837,,,,,,1683.48,,35.848,,,,,,,,892.5,,19.005,,,,,,53.93,,,,,,1.148,,,83.37,17.86,,,,,,1.775,0.38,,,,,,,,790.98,,16.843,,,,,,1.46,,0.031,,,,,,103.29,,2.199,
North America (Ember),2011,,,,,,,,,65.96,1.403,,442.61,,,,,,1804.01,,,,,38.376,,4700.87,4700.87,,,,,,,,,2920.35,,,62.124,,,,,,1068.93,,,,,,22.739,,2080.65,,,,,685.24,,14.577,,,,,,1780.52,,37.876,,,,,,,,878.49,,18.688,,,,,,47.41,,,,,,1.009,,,84.13,18.17,,,,,,1.79,0.387,,,,,,,,902.03,,19.189,,,,,,2.39,,0.051,,,,,,130.27,,2.771,
North America (Ember),2012,,,,,,,,,67.64,1.454,,428.974,,,,,,1576.02,,,,,33.868,,4653.38,4653.38,,,,,,,,,2903.32,,,62.392,,,,,,1282.41,,,,,,27.559,,1996.18,,,,,648.09,,13.927,,,,,,1750.06,,37.608,,,,,,,,858.82,,18.456,,,,,,44.89,,,,,,0.965,,,85.93,18.29,,,,,,1.847,0.393,,,,,,,,891.24,,19.153,,,,,,5.2,,0.112,,,,,,152.02,,3.267,
North America (Ember),2013,,,,,,,,,71.0,1.513,,426.956,,,,,,1644.15,,,,,35.028,,4693.79,4693.79,,,,,,,,,2869.16,,,61.127,,,,,,1178.72,,,,,,25.112,,2004.04,,,,,652.12,,13.893,,,,,,1824.63,,38.873,,,,,,,,886.6,,18.889,,,,,,46.29,,,,,,0.986,,,89.77,18.77,,,,,,1.913,0.4,,,,,,,,938.03,,19.984,,,,,,10.52,,0.224,,,,,,185.62,,3.955,
North America (Ember),2014,,,,,,,,,73.0,1.543,,424.302,,,,,,1642.66,,,,,34.71,,4732.57,4732.57,,,,,,,,,2874.84,,,60.746,,,,,,1184.14,,,,,,25.021,,2008.04,,,,,632.26,,13.36,,,,,,1857.73,,39.254,,,,,,,,898.38,,18.983,,,,,,48.04,,,,,,1.015,,,92.1,19.1,,,,,,1.946,0.404,,,,,,,,959.35,,20.271,,,,,,31.02,,0.655,,,,,,203.97,,4.31,
North America (Ember),2015,,,,,,,,,72.88,1.543,,407.046,,,,,,1409.92,,,,,29.849,,4723.45,4723.45,,,,,,,,,2856.11,,,60.467,,,,,,1396.99,,,,,,29.576,,1922.66,,,,,622.78,,13.185,,,,,,1867.34,,39.533,,,,,,,,893.23,,18.911,,,,,,49.2,,,,,,1.042,,,92.01,19.13,,,,,,1.948,0.405,,,,,,,,974.11,,20.623,,,,,,41.9,,0.887,,,,,,217.42,,4.603,
North America (Ember),2016,,,,,,,,,73.39,1.551,,390.63,,,,,,1297.44,,,,,27.413,,4732.92,4732.92,,,,,,,,,2779.39,,,58.725,,,,,,1437.9,,,,,,30.381,,1848.82,,,,,643.11,,13.588,,,,,,1953.53,,41.275,,,,,,,,901.38,,19.045,,,,,,44.05,,,,,,0.931,,,92.57,19.18,,,,,,1.956,0.405,,,,,,,,1052.15,,22.23,,,,,,58.86,,1.244,,,,,,257.61,,5.443,
North America (Ember),2017,,,,,,,,,72.77,1.549,,378.327,,,,,,1261.48,,,,,26.854,,4697.47,4697.47,,,,,,,,,2653.95,,,56.497,,,,,,1350.88,,,,,,28.758,,1777.18,,,,,684.86,,14.579,,,,,,2043.52,,43.503,,,,,,,,900.52,,19.17,,,,,,41.59,,,,,,0.885,,,91.82,19.05,,,,,,1.955,0.406,,,,,,,,1143.0,,24.332,,,,,,80.82,,1.721,,,,,,285.5,,6.078,
North America (Ember),2018,,,,,,,,,71.57,1.479,,375.318,,,,,,1196.24,,,,,24.726,,4837.95,4837.95,,,,,,,,,2773.87,,,57.336,,,,,,1531.3,,,,,,31.652,,1815.77,,,,,669.05,,13.829,,,,,,2064.08,,42.664,,,,,,,,902.11,,18.647,,,,,,46.33,,,,,,0.958,,,90.28,18.71,,,,,,1.866,0.387,,,,,,,,1161.97,,24.018,,,,,,97.12,,2.007,,,,,,305.52,,6.315,
North America (Ember),2019,,,,,,,,,66.96,1.399,,358.404,,,,,,1008.85,,,,,21.076,,4786.8,4786.8,,,,,,,,,2698.96,,,56.383,,,,,,1649.58,,,,,,34.461,,1715.61,,,,,658.99,,13.767,,,,,,2087.84,,43.617,,,,,,,,904.88,,18.904,,,,,,40.53,,,,,,0.847,,,84.83,17.87,,,,,,1.772,0.373,,,,,,,,1182.96,,24.713,,,,,,110.93,,2.317,,,,,,328.21,,6.857,
North America (Ember),2020,,,,,,,,,63.03,1.35,,335.979,,,,,,807.68,,,,,17.303,,4667.85,4667.85,,,,,,,,,2534.18,,,54.29,,,,,,1689.49,,,,,,36.194,,1568.3,,,,,661.38,,14.169,,,,,,2133.67,,45.71,,,,,,,,882.53,,18.907,,,,,,37.01,,,,,,0.793,,,81.12,18.09,,,,,,1.738,0.388,,,,,,,,1251.14,,26.803,,,,,,134.96,,2.891,,,,,,373.68,,8.005,
North America (Ember),2021,,,,,,,,,63.48,1.328,,346.387,,,,,,934.81,,,,,19.556,,4780.17,4780.17,,,,,,,,,2624.37,,,54.901,,,,,,1651.48,,,,,,34.549,,1655.79,,,,,624.13,,13.057,,,,,,2155.8,,45.099,,,,,,,,867.01,,18.138,,,,,,38.08,,,,,,0.797,,,81.72,18.24,,,,,,1.71,0.382,,,,,,,,1288.79,,26.961,,,,,,169.53,,3.547,,,,,,413.41,,8.648,
North America (Ember),2022,,,,,,,,,62.52,1.267,,336.262,,,,,,869.73,,,,,17.621,,4935.89,4935.89,,,,,,,,,2668.63,,,54.066,,,,,,1756.55,,,,,,35.587,,1659.75,,,,,648.97,,13.148,,,,,,2267.26,,45.934,,,,,,,,853.82,,17.298,,,,,,42.35,,,,,,0.858,,,81.68,19.16,,,,,,1.655,0.388,,,,,,,,1413.44,,28.636,,,,,,209.85,,4.252,,,,,,472.94,,9.582,
North America (Shift),1900,,,,,,,,,,,,,,,,,,,,,,1875.131,,,,,,,,,,,,,,,,,,,,,,,,,,,73.84,,,,,,,,,,,,,,,,,,,,,,,,,,,,,,,,,,,,,,,100.065,,,,,,,,,,,,,,,,,,,,,,,,,,,,,,,,,,,,,,,
North America (Shift),1901,,,,,,,,,,,,,,,,,,,8.872,166.369,,2041.5,,,,,,,,,,,,,,,,,,,,,,,,10.817,7.988,,81.828,,,,,,,,,,,,,,,,,,,,,,,,,,,,,,,,,,,,8.729,8.734,,108.799,,,,,,,,,,,,,,,,,,,,,,,,,,,,,,,,,,,,,,,
North America (Shift),1902,,,,,,,,,,,,,,,,,,,4.591,93.727,,2135.227,,,,,,,,,,,,,,,,,,,,,,,,9.761,7.988,,89.816,,,,,,,,,,,,,,,,,,,,,,,,,,,,,,,,,,,,27.322,29.726,,138.525,,,,,,,,,,,,,,,,,,,,,,,,,,,,,,,,,,,,,,,
North America (Shift),1903,,,,,,,,,,,,,,,,,,,16.502,352.363,,2487.59,,,,,,,,,,,,,,,,,,,,,,,,8.893,7.988,,97.803,,,,,,,,,,,,,,,,,,,,,,,,,,,,,,,,,,,,13.089,18.131,,156.656,,,,,,,,,,,,,,,,,,,,,,,,,,,,,,,,,,,,,,,
North America (Shift),1904,,,,,,,,,,,,,,,,,,,-1.406,-34.986,,2452.604,,,,,,,,,,,,,,,,,,,,,,,,8.167,7.988,,105.791,,,,,,,,,,,,,,,,,,,,,,,,,,,,,,,,,,,,16.585,25.981,,182.638,,,,,,,,,,,,,,,,,,,,,,,,,,,,,,,,,,,,,,,
North America (Shift),1905,,,,,,,,,,,,,,,,,,,11.436,280.488,,2733.092,,,,,,,,,,,,,,,,,,,,,,,,7.55,7.988,,113.779,,,,,,,,,,,,,,,,,,,,,,,,,,,,,,,,,,,,15.149,27.668,,210.305,,,,,,,,,,,,,,,,,,,,,,,,,,,,,,,,,,,,,,,
North America (Shift),1906,,,,,,,,,,,,,,,,,,,5.622,153.648,,2886.74,,,,,,,,,,,,,,,,,,,,,,,,7.02,7.988,,121.766,,,,,,,,,,,,,,,,,,,,,,,,,,,,,,,,,,,,-5.912,-12.432,,197.873,,,,,,,,,,,,,,,,,,,,,,,,,,,,,,,,,,,,,,,
North America (Shift),1907,,,,,,,,,,,,,,,,,,,15.759,454.911,,3341.651,,,,,,,,,,,,,,,,,,,,,,,,6.56,7.988,,129.754,,,,,,,,,,,,,,,,,,,,,,,,,,,,,,,,,,,,31.686,62.697,,260.57,,,,,,,,,,,,,,,,,,,,,,,,,,,,,,,,,,,,,,,
North America (Shift),1908,,,,,,,,,,,,,,,,,,,-12.99,-434.096,,2907.555,,,,,,,,,,,,,,,,,,,,,,,,6.156,7.988,,137.742,,,,,,,,,,,,,,,,,,,,,,,,,,,,,,,,,,,,9.056,23.597,,284.167,,,,,,,,,,,,,,,,,,,,,,,,,,,,,,,,,,,,,,,
North America (Shift),1909,,,,,,,,,,,,,,,,,,,10.438,303.492,,3211.047,,,,,,,,,,,,,,,,,,,,,,,,5.799,7.988,,145.729,,,,,,,,,,,,,,,,,,,,,,,,,,,,,,,,,,,,1.821,5.175,,289.343,,,,,,,,,,,,,,,,,,,,,,,,,,,,,,,,,,,,,,,
North America (Shift),1910,,,,,,,,,,,,,,,,,,,9.178,294.717,,3505.763,,,,,,,,,,,,,,,,,,,,,,,,8.138,11.86,,157.589,,,,,,,,,,,,,,,,,,,,,,,,,,,,,,,,,,,,14.567,42.147,,331.49,,,,,,,,,,,,,,,,,,,,,,,,,,,,,,,,,,,,,,,
North America (Shift),1911,,,,,,,,,,,,,,,,,,,-1.337,-46.879,,3458.884,,,,,,,,,,,,,,,,,,,,,,,,5.315,8.376,,165.965,,,,,,,,,,,,,,,,,,,,,,,,,,,,,,,,,,,,9.834,32.599,,364.089,,,,,,,,,,,,,,,,,,,,,,,,,,,,,,,,,,,,,,,
North America (Shift),1912,,,,,,,,,,,,,,,,,,,8.082,279.553,,3738.437,,,,,,,,,,,,,,,,,,,,,,,,5.047,8.376,,174.342,,,,,,,,,,,,,,,,,,,,,,,,,,,,,,,,,,,,2.105,7.664,,371.753,,,,,,,,,,,,,,,,,,,,,,,,,,,,,,,,,,,,,,,
North America (Shift),1913,,,,,,,,,,,,,,,,,,,6.479,242.228,,3980.665,,,,,,,,,,,,,,,,,,,,,,,,4.805,8.376,,182.718,,,,,,,,,,,,,,,,,,,,,,,,,,,,,,,,,,,,14.541,54.056,,425.809,,,,,,,,,,,,,,,,,,,,,,,,,,,,,,,,,,,,,,,
North America (Shift),1914,,,,,,,,,,,,,,,,,,,-9.845,-391.916,,3588.749,,,,,,,,,,,,,,,,,,,,,,,,4.584,8.376,,191.094,,,,,,,,,,,,,,,,,,,,,,,,,,,,,,,,,,,,4.578,19.492,,445.301,,,,,,,,,,,,,,,,,,,,,,,,,,,,,,,,,,,,,,,
North America (Shift),1915,,,,,,,,,,,,,,,,,,,3.272,117.439,,3706.188,,,,,,,,,,,,,,,,,,,,,,,,4.383,8.376,,199.471,,,,,,,,,,,,,,,,,,,,,,,,,,,,,,,,,,,,9.423,41.961,,487.262,,,,,,,,,,,,,,,,,,,,,,,,,,,,,,,,,,,,,,,
North America (Shift),1916,,,,,,,,,,,,,,,,,,,10.92,404.729,,4110.917,,,,,,,,,,,,,,,,,,,,,,,,4.199,8.376,,207.847,,,,,,,,,,,,,,,,,,,,,,,,,,,,,,,,,,,,8.7,42.391,,529.653,,,,,,,,,,,,,,,,,,,,,,,,,,,,,,,,,,,,,,,
North America (Shift),1917,,,,,,,,,,,,,,,,,,,10.055,413.34,,4524.257,,,,,,,,,,,,,,,,,,,,,,,,4.03,8.376,,216.223,,,,,,,,,,,,,,,,,,,,,,,,,,,,,,,,,,,,16.356,86.632,,616.285,,,,,,,,,,,,,,,,,,,,,,,,,,,,,,,,,,,,,,,
North America (Shift),1918,,,,,,,,,,,,,,,,,,,4.551,205.877,,4730.134,,,,,,,,,,,,,,,,,,,,,,,,3.874,8.376,,224.6,,,,,,,,,,,,,,,,,,,,,,,,,,,,,,,,,,,,7.573,46.671,,662.957,,,,,,,,,,,,,,,,,,,,,,,,,,,,,,,,,,,,,,,
North America (Shift),1919,,,,,,,,,,,,,,,,,,,-18.023,-852.51,,3877.625,,,,,,,,,,,,,,,,,,,,,,,,3.729,8.376,,232.976,,,,,,,,,,,,,,,,,,,,,,,,,,,,,,,,,,,,14.194,94.098,,757.055,,,,,,,,,,,,,,,,,,,,,,,,,,,,,,,,,,,,,,,
North America (Shift),1920,,,,,,,,,,,,,,,,,,,18.915,733.439,,4611.063,,,,,,,,,,,,,,,,,,,,,,,,3.595,8.376,,241.352,,,,,,,,,,,,,,,,,,,,,,,,,,,,,,,,,,,,32.972,249.615,,1006.67,,,,,,,,,,,,,,,,,,,,,,,,,,,,,,,,,,,,,,,
North America (Shift),1921,,,,,,,,,,,,,,,,,,,-22.682,-1045.898,,3565.166,,,,,,,,,,,,,,,,,,,,,,,,3.471,8.376,,249.729,,,,,,,,,,,,,,,,,,,,,,,,,,,,,,,,,,,,8.278,83.329,,1089.999,,,,,,,,,,,,,,,,,,,,,,,,,,,,,,,,,,,,,,,
North America (Shift),1922,,,,,,,,,,,,,,,,,,,-5.661,-201.807,,3363.359,,,,,,,,,,,,,,,,,,,,,,,,3.354,8.376,,258.105,,,,,,,,,,,,,,,,,,,,,,,,,,,,,,,,,,,,10.702,116.649,,1206.647,,,,,,,,,,,,,,,,,,,,,,,,,,,,,,,,,,,,,,,
North America (Shift),1923,,,,,,,,,,,,,,,,,,,37.114,1248.26,,4611.619,,,,,,,,,,,,,,,,,,,,,,,,17.001,43.88,,301.985,,,,,,,,,,,,,,,,,,,,,,,,,,,,,,,,,,,,18.647,225.006,,1431.653,,,,,,,,,,,,,,,,,,,,,,,,,,,,,,,,,,,,,,,
North America (Shift),1924,,,,,,,,,,,,,,,,,,,-13.236,-610.398,,4001.221,,,,,,,,,,,,,,,,,,,,,,,,14.531,43.88,,345.865,,,,,,,,,,,,,,,,,,,,,,,,,,,,,,,,,,,,-2.994,-42.868,,1388.785,,,,,,,,,,,,,,,,,,,,,,,,,,,,,,,,,,,,,,,
North America (Shift),1925,,,,,,,,,,,,,,,,,,,1.701,68.073,,4069.294,,,,,,,,,,,,,,,,,,,,,,,,12.687,43.88,,389.746,,,,,,,,,,,,,,,,,,,,,,,,,,,,,,,,,,,,2.413,33.518,,1422.302,,,,,,,,,,,,,,,,,,,,,,,,,,,,,,,,,,,,,,,
North America (Shift),1926,,,,,,,,,,,,,,,,,,,13.225,538.178,,4607.472,,,,,,,,,,,,,,,,,,,,,,,,11.259,43.88,,433.626,,,,,,,,,,,,,,,,,,,,,,,,,,,,,,,,,,,,-1.649,-23.458,,1398.845,,,,,,,,,,,,,,,,,,,,,,,,,,,,,,,,,,,,,,,
North America (Shift),1927,,,,,,,,,,,,,,,,,,,-8.686,-400.222,,4207.25,,,,,,,,,,,,,,,,,,,,,,,,10.119,43.88,,477.506,,,,,,,,,,,,,,,,,,,,,,,,,,,,,,,,,,,,10.805,151.144,,1549.988,,,,,,,,,,,,,,,,,,,,,,,,,,,,,,,,,,,,,,,
North America (Shift),1928,,,,,,,,,,,,,,,,,,,-3.484,-146.566,,4060.684,,,,,,,,,,,,,,,,,,,,,,,,9.189,43.88,,521.386,,,,,,,,,,,,,,,,,,,,,,,,,,,,,,,,,,,,-1.815,-28.133,,1521.855,,,,,,,,,,,,,,,,,,,,,,,,,,,,,,,,,,,,,,,
North America (Shift),1929,,,,,,,,,,,,,,,,,,,5.472,222.196,,4282.88,,,,,,,,,,,,,,,,,,,,,,,,4.491,23.417,,544.803,,,,,,,,,,,,,,,,,,,,,,,,,,,,,,,,,,,,10.541,160.413,,1682.268,,,,,,,,,,,,,,,,,,,,,,,,,,,,,,,,,,,,,,,
North America (Shift),1930,,,,,,,,,,,,,,,,,,,-11.861,-507.983,,3774.897,,,,,,,,,,,,,,,,,,,,,,,,4.298,23.417,,568.219,,,,,,,,,,,,,,,,,,,,,,,,,,,,,,,,,,,,-10.836,-182.289,,1499.979,,,,,,,,,,,,,,,,,,,,,,,,,,,,,,,,,,,,,,,
North America (Shift),1931,,,,,,,,,,,,,,,,,,,-18.005,-679.671,,3095.225,,,,,,,,,,,,,,,,,,,,,,,,4.121,23.417,,591.636,,,,,,,,,,,,,,,,,,,,,,,,,,,,,,,,,,,,-5.707,-85.608,,1414.371,,,,,,,,,,,,,,,,,,,,,,,,,,,,,,,,,,,,,,,
North America (Shift),1932,,,,,,,,,,,,,,,,,,,-18.14,-561.465,,2533.76,,,,,,,,,,,,,,,,,,,,,,,,3.958,23.417,,615.052,,,,,,,,,,,,,,,,,,,,,,,,,,,,,,,,,,,,-7.512,-106.252,,1308.119,,,,,,,,,,,,,,,,,,,,,,,,,,,,,,,,,,,,,,,
North America (Shift),1933,,,,,,,,,,,,,,,,,,,6.366,161.287,,2695.047,,,,,,,,,,,,,,,,,,,,,,,,3.807,23.417,,638.469,,,,,,,,,,,,,,,,,,,,,,,,,,,,,,,,,,,,13.403,175.322,,1483.441,,,,,,,,,,,,,,,,,,,,,,,,,,,,,,,,,,,,,,,
North America (Shift),1934,,,,,,,,,,,,,,,,,,,8.946,241.112,,2936.159,,,,,,,,,,,,,,,,,,,,,,,,3.668,23.417,,661.885,,,,,,,,,,,,,,,,,,,,,,,,,,,,,,,,,,,,0.805,11.944,,1495.385,,,,,,,,,,,,,,,,,,,,,,,,,,,,,,,,,,,,,,,
North America (Shift),1935,,,,,,,,,,,,,,,,,,,2.047,60.106,,2996.265,,,,,,,,,,,,,,,,,,,,,,,,3.538,23.417,,685.302,,,,,,,,,,,,,,,,,,,,,,,,,,,,,,,,,,,,9.401,140.583,,1635.969,,,,,,,,,,,,,,,,,,,,,,,,,,,,,,,,,,,,,,,
North America (Shift),1936,,,,,,,,,,,,,,,,,,,16.024,480.11,,3476.375,,,,,,,,,,,,,,,,,,,,,,,,3.417,23.417,,708.718,,,,,,,,,,,,,,,,,,,,,,,,,,,,,,,,,,,,9.959,162.925,,1798.894,,,,,,,,,,,,,,,,,,,,,,,,,,,,,,,,,,,,,,,
North America (Shift),1937,,,,,,,,,,,,,,,,,,,0.848,29.47,,3505.845,,,,,,,,,,,,,,,,,,,,,,,,4.82,34.16,,742.878,,,,,,,,,,,,,,,,,,,,,,,,,,,,,,,,,,,,16.297,293.169,,2092.062,,,,,,,,,,,,,,,,,,,,,,,,,,,,,,,,,,,,,,,
North America (Shift),1938,,,,,,,,,,,,,,,,,,,-20.24,-709.597,,2796.248,,,,,,,,,,,,,,,,,,,,,,,,8.355,62.07,,804.949,,,,,,,,,,,,,,,,,,,,,,,,,,,,,,,,,,,,-5.223,-109.264,,1982.799,,,,,,,,,,,,,,,,,,,,,,,,,,,,,,,,,,,,,,,
North America (Shift),1939,,,,,,,,,,,,,,,,,,,12.857,359.523,,3155.771,,,,,,,,,,,,,,,,,,,,,,,,7.711,62.07,,867.019,,,,,,,,,,,,,,,,,,,,,,,,,,,,,,,,,,,,4.464,88.516,,2071.315,,,,,,,,,,,,,,,,,,,,,,,,,,,,,,,,,,,,,,,
North America (Shift),1940,,,,,,,,,,,,,,,,,,,14.612,461.136,,3616.907,,,,,,,,,,,,,,,,,,,,,,,,7.159,62.07,,929.089,,,,,,,,,,,,,,,,,,,,,,,,,,,,,,,,,,,,6.851,141.897,,2213.212,,,,,,,,,,,,,,,,,,,,,,,,,,,,,,,,,,,,,,,
North America (Shift),1941,,,,,,,,,,,,,,,,,,,11.091,401.153,,4018.06,,,,,,,,,,,,,,,,,,,,,,,,6.681,62.07,,991.159,,,,,,,,,,,,,,,,,,,,,,,,,,,,,,,,,,,,3.512,77.735,,2290.947,,,,,,,,,,,,,,,,,,,,,,,,,,,,,,,,,,,,,,,
North America (Shift),1942,,,,,,,,,,,,,,,,,,,12.368,496.94,,4515.0,,,,,,,,,,,,,,,,,,,,,,,,6.262,62.07,,1053.229,,,,,,,,,,,,,,,,,,,,,,,,,,,,,,,,,,,,-1.652,-37.844,,2253.103,,,,,,,,,,,,,,,,,,,,,,,,,,,,,,,,,,,,,,,
North America (Shift),1943,,,,,,,,,,,,,,,,,,,1.057,47.743,,4562.743,,,,,,,,,,,,,,,,,,,,,,,,5.893,62.07,,1115.299,,,,,,,,,,,,,,,,,,,,,,,,,,,,,,,,,,,,8.26,186.103,,2439.206,,,,,,,,,,,,,,,,,,,,,,,,,,,,,,,,,,,,,,,
North America (Shift),1944,,,,,,,,,,,,,,,,,,,4.639,211.657,,4774.4,,,,,,,,,,,,,,,,,,,,,,,,5.565,62.07,,1177.369,,,,,,,,,,,,,,,,,,,,,,,,,,,,,,,,,,,,11.342,276.655,,2715.861,,,,,,,,,,,,,,,,,,,,,,,,,,,,,,,,,,,,,,,
North America (Shift),1945,,,,,,,,,,,,,,,,,,,-7.269,-347.043,,4427.357,,,,,,,,,,,,,,,,,,,,,,,,5.272,62.07,,1239.439,,,,,,,,,,,,,,,,,,,,,,,,,,,,,,,,,,,,2.305,62.593,,2778.454,,,,,,,,,,,,,,,,,,,,,,,,,,,,,,,,,,,,,,,
North America (Shift),1946,,,,,,,,,,,,,,,,,,,-5.225,-231.328,,4196.029,,,,,,,,,,,,,,,,,,,,,,,,5.008,62.07,,1301.51,,,,,,,,,,,,,,,,,,,,,,,,,,,,,,,,,,,,1.436,39.902,,2818.356,,,,,,,,,,,,,,,,,,,,,,,,,,,,,,,,,,,,,,,
North America (Shift),1947,,,,,,,,,,,,,,,,,,,14.825,622.057,,4818.085,,,,,,,,,,,,,,,,,,,,,,,,10.427,135.705,,1437.215,,,,,,,,,,,,,,,,,,,,,,,,,,,,,,,,,,,,7.284,205.293,,3023.649,,,,,,,,,,,,,,,,,,,,,,,,,,,,,,,,,,,,,,,
North America (Shift),1948,,,,,,,,,,,,,,,,,,,-3.953,-190.477,,4627.608,,,,,,,,,,,,,,,,,,,,,,,,12.256,176.142,,1613.356,,,,,,,,,,,,,,,,,,,,,,,,,,,,,,,,,,,,8.842,267.362,,3291.011,,,,,,,,,,,,,,,,,,,,,,,,,,,,,,,,,,,,,,,
North America (Shift),1949,,,,,,,,,,,,,,,,,,,-25.675,-1188.133,,3439.475,,,,,,,,,,,,,,,,,,,,,,,,5.24,84.537,,1697.894,,,,,,,,,,,,,,,,,,,,,,,,,,,,,,,,,,,,-8.278,-272.421,,3018.59,,,,,,,,,,,,,,,,,,,,,,,,,,,,,,,,,,,,,,,
North America (Shift),1950,,,,,,,,,,,,,,,,,,,15.824,544.252,,3983.727,,,,,,,,,,,,,,,,,,,,,,,,15.486,262.928,,1960.821,,,,,,,,,,,,,,,,,,,,,,,,,,,,,,,,,,,,8.174,246.754,,3265.344,,,,,,,,,,,,,,,,,,,,,,,,,,,,,,,,,,,,,,,
North America (Shift),1951,,,,,,,,,,,,,,,,,,,2.731,108.814,,4092.542,,,,,,,,,,,,,,,,,,,,,,,,18.814,368.911,,2329.732,,,,,,,,,,,,,,,,,,,,,,,,,,,,,,,,,,,,14.328,467.863,,3733.207,,,,,,,,,,,,,,,,,,,,,,,,,,,,,,,,,,,,,,,
North America (Shift),1952,,,,,,,,,,,,,,,,,,,-11.674,-477.751,,3614.79,,,,,,,,,,,,,,,,,,,,,,,,7.519,175.172,,2504.904,,,,,,,,,,,,,,,,,,,,,,,,,,,,,,,,,,,,2.388,89.144,,3822.351,,,,,,,,,,,,,,,,,,,,,,,,,,,,,,,,,,,,,,,
North America (Shift),1953,,,,,,,,,,,,,,,,,,,-3.949,-142.741,,3472.049,,,,,,,,,,,,,,,,,,,,,,,,4.868,121.932,,2626.836,,,,,,,,,,,,,,,,,,,,,,,,,,,,,,,,,,,,3.32,126.918,,3949.269,,,,,,,,,,,,,,,,,,,,,,,,,,,,,,,,,,,,,,,
North America (Shift),1954,,,,,,,,,,,,,,,,,,,-13.493,-468.495,,3003.553,,,,,,,,,,,,,,,,,,,,,,,,4.291,112.725,,2739.562,,,,,,,,,,,,,,,,,,,,,,,,,,,,,,,,,,,,-0.612,-24.156,,3925.113,,,,,,,,,,,,,,,,,,,,,,,,,,,,,,,,,,,,,,,
North America (Shift),1955,,,,,,,,,,,,,,,,,,,15.913,477.953,,3481.506,,,,,,,,,,,,,,,,,,,,,,,,7.952,217.843,,2957.404,,,,,,,,,,,,,,,,,,,,,,,,,,,,,,,,,,,,8.353,327.85,,4252.963,,,,,,,,,,,,,,,,,,,,,,,,,,,,,,,,,,,,,,,
North America (Shift),1956,,,,,,,,,,,,,,,,,,,7.585,264.057,,3745.563,,,,,,,,,,,,,,,,,,,,,,,,7.212,213.274,,3170.678,,,,,,,,,,,,,,,,,,,,,,,,,,,,,,,,,,,,6.523,277.411,,4530.374,,,,,,,,,,,,,,,,,,,,,,,,,,,,,,,,,,,,,,,
North America (Shift),1957,,,,,,,,,,,,,,,,,,,-2.533,-94.874,,3650.69,,,,,,,,,,,,,,,,,,,,,,,,6.531,207.089,,3377.768,,,,,,,,,,,,,,,,,,,,,,,,,,,,,,,,,,,,0.242,10.944,,4541.317,,,,,,,,,,,,,,,,,,,,,,,,,,,,,,,,,,,,,,,
North America (Shift),1958,,,,,,,,,,,,,,,,,,,-16.408,-599.021,,3051.669,,,,,,,,,,,,,,,,,,,,,,,,4.827,163.03,,3540.798,,,,,,,,,,,,,,,,,,,,,,,,,,,,,,,,,,,,-6.186,-280.911,,4260.406,,,,,,,,,,,,,,,,,,,,,,,,,,,,,,,,,,,,,,,
North America (Shift),1959,,,,,,,,,,,,,,,,,,,0.006,0.17,,3051.84,,,,,,,,,,,,,,,,,,,,,,,,9.851,348.798,,3889.596,,,,,,,,,,,,,,,,,,,,,,,,,,,,,,,,,,,,5.451,232.239,,4492.646,,,,,,,,,,,,,,,,,,,,,,,,,,,,,,,,,,,,,,,
North America (Shift),1960,,,,,,,,,,,,,,,,,,,0.501,15.292,,3067.132,,,,,,,,,,,,,,,,,,,,,,,,6.672,259.52,,4149.116,,,,,,,,,,,,,,,,,,,,,,,,,,,,,,,,,,,,0.278,12.502,,4505.148,,,,,,,,,,,,,,,,,,,,,,,,,,,,,,,,,,,,,,,
North America (Shift),1961,,,,,,,,,,,,,,,,,,,-3.099,-95.04,,2972.092,,,,,,,,,,,,,,,,,,,,,,,,4.203,174.384,,4323.5,,,,,,,,,,,,,,,,,,,,,,,,,,,,,,,,,,,,3.001,135.199,,4640.347,,,,,,,,,,,,,,,,,,,,,,,,,,,,,,,,,,,,,,,
North America (Shift),1962,,,,,,,,,,,,,,,,,,,4.274,127.033,,3099.124,,,,,,,,,,,,,,,,,,,,,,,,6.67,288.36,,4611.86,,,,,,,,,,,,,,,,,,,,,,,,,,,,,,,,,,,,2.809,130.326,,4770.672,,,,,,,,,,,,,,,,,,,,,,,,,,,,,,,,,,,,,,,
North America (Shift),1963,,,,,,,,,,,,,,,,,,,8.278,256.539,,3355.663,,,,,,,,,,,,,,,,,,,,,,,,7.164,330.411,,4942.271,,,,,,,,,,,,,,,,,,,,,,,,,,,,,,,,,,,,3.061,146.05,,4916.722,,,,,,,,,,,,,,,,,,,,,,,,,,,,,,,,,,,,,,,
North America (Shift),1964,,,,,,,,,,,,,,,,,,,5.711,191.654,,3547.317,,,,,,,,,,,,,,,,,,,,,,,,6.707,331.461,,5273.732,,,,,,,,,,,,,,,,,,,,,,,,,,,,,,,,,,,,1.654,81.305,,4998.027,,,,,,,,,,,,,,,,,,,,,,,,,,,,,,,,,,,,,,,
North America (Shift),1965,,,,,,,,,,,,,,,,,,,4.42,156.804,,3704.122,,,,,,,,,,,,,,,,,,,,,,,,4.045,213.3,,5487.032,,,,,,,,,,,,,,,,,,,,,,,,,,,,,,,,,,,,2.699,134.919,,5132.947,,,,,,,,,,,,,,,,,,,,,,,,,,,,,,,,,,,,,,,
North America (Shift),1966,,,,,,,,,,,,,,,,,,,3.763,139.393,,3843.515,,,,,,,,,,,,,,,,,,,,,,,,5.946,326.278,,5813.31,,,,,,,,,,,,,,,,,,,,,,,,,,,,,,,,,,,,6.326,324.687,,5457.633,,,,,,,,,,,,,,,,,,,,,,,,,,,,,,,,,,,,,,,
North America (Shift),1967,,,,,,,,,,,,,,,,,,,3.335,128.162,,3971.677,,,,,,,,,,,,,,,,,,,,,,,,5.924,344.356,,6157.666,,,,,,,,,,,,,,,,,,,,,,,,,,,,,,,,,,,,6.66,363.461,,5821.094,,,,,,,,,,,,,,,,,,,,,,,,,,,,,,,,,,,,,,,
North America (Shift),1968,,,,,,,,,,,,,,,,,,,-1.308,-51.945,,3919.732,,,,,,,,,,,,,,,,,,,,,,,,7.073,435.515,,6593.181,,,,,,,,,,,,,,,,,,,,,,,,,,,,,,,,,,,,4.063,236.519,,6057.613,,,,,,,,,,,,,,,,,,,,,,,,,,,,,,,,,,,,,,,
North America (Shift),1969,,,,,,,,,,,,,,,,,,,2.401,94.096,,4013.829,,,,,,,,,,,,,,,,,,,,,,,,8.101,534.105,,7127.286,,,,,,,,,,,,,,,,,,,,,,,,,,,,,,,,,,,,2.097,127.035,,6184.648,,,,,,,,,,,,,,,,,,,,,,,,,,,,,,,,,,,,,,,
North America (Shift),1970,,,,,,,,,,,,,,,,,,,8.593,344.889,,4358.718,,,,,,,,,,,,,,,,,,,,,,,,6.885,490.683,,7617.969,,,,,,,,,,,,,,,,,,,,,,,,,,,,,,,,,,,,5.08,314.161,,6498.809,,,,,,,,,,,,,,,,,,,,,,,,,,,,,,,,,,,,,,,
North America (Shift),1971,,,,,,,,,,,,,,,,,,,-8.638,-376.494,,3982.224,,,,,,,,,,,,,,,,,,,,,,,,3.254,247.872,,7865.841,,,,,,,,,,,,,,,,,,,,,,,,,,,,,,,,,,,,-0.802,-52.149,,6446.66,,,,,,,,,,,,,,,,,,,,,,,,,,,,,,,,,,,,,,,
North America (Shift),1972,,,,,,,,,,,,,,,,,,,7.564,301.229,,4283.453,,,,,,,,,,,,,,,,,,,,,,,,1.969,154.895,,8020.736,,,,,,,,,,,,,,,,,,,,,,,,,,,,,,,,,,,,1.846,118.975,,6565.635,,,,,,,,,,,,,,,,,,,,,,,,,,,,,,,,,,,,,,,
North America (Shift),1973,,,,,,,,,,,,,,,,,,,0.031,1.308,,4284.761,,,,,,,,,,,,,,,,,,,,,,,,1.448,116.154,,8136.89,,,,,,,,,,,,,,,,,,,,,,,,,,,,,,,,,,,,0.165,10.816,,6576.451,,,,,,,,,,,,,,,,,,,,,,,,,,,,,,,,,,,,,,,
North America (Shift),1974,,,,,,,,,,,,,,,,,,,2.047,87.706,,4372.467,,,,,,,,,,,,,,,,,,,,,,,,-4.126,-335.741,,7801.149,,,,,,,,,,,,,,,,,,,,,,,,,,,,,,,,,,,,-3.635,-239.078,,6337.373,,,,,,,,,,,,,,,,,,,,,,,,,,,,,,,,,,,,,,,
North America (Shift),1975,,,,,,,,,,,,,,,,,,,7.769,339.68,,4712.147,,,,,,,,,,,,,,,,,,,,,,,,-5.614,-437.992,,7363.157,,,,,,,,,,,,,,,,,,,,,,,,,,,,,,,,,,,,-4.56,-289.005,,6048.368,,,,,,,,,,,,,,,,,,,,,,,,,,,,,,,,,,,,,,,
North America (Shift),1976,,,,,,,,,,,,,,,,,,,4.671,220.105,,4932.252,,,,,,,,,,,,,,,,,,,,,,,,-0.321,-23.626,,7339.531,,,,,,,,,,,,,,,,,,,,,,,,,,,,,,,,,,,,-2.49,-150.585,,5897.782,,,,,,,,,,,,,,,,,,,,,,,,,,,,,,,,,,,,,,,
North America (Shift),1977,,,,,,,,,,,,,,,,,,,2.507,123.675,,5055.927,,,,,,,,,,,,,,,,,,,,,,,,1.022,75.014,,7414.545,,,,,,,,,,,,,,,,,,,,,,,,,,,,,,,,,,,,2.473,145.84,,6043.623,,,,,,,,,,,,,,,,,,,,,,,,,,,,,,,,,,,,,,,
North America (Shift),1978,,,,,,,,,,,,,,,,,,,-4.604,-232.796,,4823.131,,,,,,,,,,,,,,,,,,,,,,,,-1.5,-111.236,,7303.309,,,,,,,,,,,,,,,,,,,,,,,,,,,,,,,,,,,,7.045,425.751,,6469.374,,,,,,,,,,,,,,,,,,,,,,,,,,,,,,,,,,,,,,,
North America (Shift),1979,,,,,,,,,,,,,,,,,,,17.627,850.196,,5673.327,,,,,,,,,,,,,,,,,,,,,,,,5.273,385.068,,7688.377,,,,,,,,,,,,,,,,,,,,,,,,,,,,,,,,,,,,2.392,154.749,,6624.123,,,,,,,,,,,,,,,,,,,,,,,,,,,,,,,,,,,,,,,
North America (Shift),1980,,,,,,,,,,,,,,,,,,,0.509,28.888,,5702.215,,,,,,,,,,,,,,,,,,,,,,,,-9.716,-747.021,,6941.355,,,,,,,,,,,,,,,,,,,,,,,,,,,,,,,,,,,,26.43,1750.756,,8374.879,,,,,,,,,,,,,,,,,,,,,,,,,,,,,,,,,,,,,,,
North America (Shift),1981,,,,,,,,,,,,,,,,,,,-0.772,-43.993,,5658.222,,,,,,,,,,,,,,,,,,,,,,,,-1.024,-71.089,,6870.267,,,,,,,,,,,,,,,,,,,,,,,,,,,,,,,,,,,,1.754,146.892,,8521.771,,,,,,,,,,,,,,,,,,,,,,,,,,,,,,,,,,,,,,,
North America (Shift),1982,,,,,,,,,,,,,,,,,,,1.735,98.171,,5756.393,,,,,,,,,,,,,,,,,,,,,,,,-5.198,-357.147,,6513.119,,,,,,,,,,,,,,,,,,,,,,,,,,,,,,,,,,,,3.343,284.877,,8806.647,,,,,,,,,,,,,,,,,,,,,,,,,,,,,,,,,,,,,,,
North America (Shift),1983,,,,,,,,,,,,,,,,,,,-6.783,-390.43,,5365.963,,,,,,,,,,,,,,,,,,,,,,,,-8.638,-562.604,,5950.516,,,,,,,,,,,,,,,,,,,,,,,,,,,,,,,,,,,,0.425,37.392,,8844.039,,,,,,,,,,,,,,,,,,,,,,,,,,,,,,,,,,,,,,,
North America (Shift),1984,,,,,,,,,,,,,,,,,,,15.022,806.051,,6172.014,,,,,,,,,,,,,,,,,,,,,,,,8.017,477.064,,6427.58,,,,,,,,,,,,,,,,,,,,,,,,,,,,,,,,,,,,3.234,285.992,,9130.031,,,,,,,,,,,,,,,,,,,,,,,,,,,,,,,,,,,,,,,
North America (Shift),1985,,,,,,,,,,,,,,,,,,,-1.512,-93.346,,6078.667,,,,,,,,,,,,,,,,,,,,,,,,-3.588,-230.65,,6196.93,,,,,,,,,,,,,,,,,,,,,,,,,,,,,,,,,,,,0.307,27.989,,9158.021,,,,,,,,,,,,,,,,,,,,,,,,,,,,,,,,,,,,,,,
North America (Shift),1986,,,,,,,,,,,,,,,,,,,0.545,33.108,,6111.776,,,,,,,,,,,,,,,,,,,,,,,,-3.56,-220.588,,5976.341,,,,,,,,,,,,,,,,,,,,,,,,,,,,,,,,,,,,-4.121,-377.434,,8780.587,,,,,,,,,,,,,,,,,,,,,,,,,,,,,,,,,,,,,,,
North America (Shift),1987,,,,,,,,,,,,,,,,,,,3.514,214.766,,6326.542,,,,,,,,,,,,,,,,,,,,,,,,4.197,250.83,,6227.171,,,,,,,,,,,,,,,,,,,,,,,,,,,,,,,,,,,,-0.736,-64.613,,8715.974,,,,,,,,,,,,,,,,,,,,,,,,,,,,,,,,,,,,,,,
North America (Shift),1988,,,,,,,,,,,,,,,,,,,3.627,229.446,,6555.988,,,,,,,,,,,,,,,,,,,,,,,,4.513,281.029,,6508.2,,,,,,,,,,,,,,,,,,,,,,,,,,,,,,,,,,,,-0.562,-48.993,,8666.98,,,,,,,,,,,,,,,,,,,,,,,,,,,,,,,,,,,,,,,
North America (Shift),1989,,,,,,,,,,,,,,,,,,,2.813,184.438,,6740.426,,,,,,,,,,,,,,,,,,,,,,,,1.571,102.234,,6610.435,,,,,,,,,,,,,,,,,,,,,,,,,,,,,,,,,,,,-4.508,-390.679,,8276.302,,,,,,,,,,,,,,,,,,,,,,,,,,,,,,,,,,,,,,,
North America (Shift),1990,,,,,,,,,,,,,,,,,,,4.793,323.076,,7063.502,,,,,,,,,,,,,,,,,,,,,,,,3.091,204.305,,6814.74,,,,,,,,,,,,,,,,,,,,,,,,,,,,,,,,,,,,-1.387,-114.804,,8161.498,,,,,,,,,,,,,,,,,,,,,,,,,,,,,,,,,,,,,,,
North America (Shift),1991,,,,,,,,,,,,,,,,,,,-3.329,-235.172,,6828.33,,,,,,,,,,,,,,,,,,,,,,,,0.508,34.65,,6849.39,,,,,,,,,,,,,,,,,,,,,,,,,,,,,,,,,,,,2.067,168.738,,8330.235,,,,,,,,,,,,,,,,,,,,,,,,,,,,,,,,,,,,,,,
North America (Shift),1992,,,,,,,,,,,,,,,,,,,-0.287,-19.569,,6808.761,,,,,,,,,,,,,,,,,,,,,,,,2.557,175.157,,7024.547,,,,,,,,,,,,,,,,,,,,,,,,,,,,,,,,,,,,-0.909,-75.691,,8254.544,,,,,,,,,,,,,,,,,,,,,,,,,,,,,,,,,,,,,,,
North America (Shift),1993,,,,,,,,,,,,,,,,,,,-5.497,-374.274,,6434.486,,,,,,,,,,,,,,,,,,,,,,,,2.735,192.125,,7216.672,,,,,,,,,,,,,,,,,,,,,,,,,,,,,,,,,,,,-1.675,-138.28,,8116.264,,,,,,,,,,,,,,,,,,,,,,,,,,,,,,,,,,,,,,,
North America (Shift),1994,,,,,,,,,,,,,,,,,,,9.097,585.34,,7019.826,,,,,,,,,,,,,,,,,,,,,,,,5.093,367.541,,7584.212,,,,,,,,,,,,,,,,,,,,,,,,,,,,,,,,,,,,-0.432,-35.088,,8081.176,,,,,,,,,,,,,,,,,,,,,,,,,,,,,,,,,,,,,,,
North America (Shift),1995,,,,,,,,,,,,,,,,,,,-0.075,-5.267,,7014.559,,,,,,,,,,,,,,,,,,,,,,,,-0.046,-3.523,,7580.689,,,,,,,,,,,,,,,,,,,,,,,,,,,,,,,,,,,,-0.492,-39.79,,8041.386,,,,,,,,,,,,,,,,,,,,,,,,,,,,,,,,,,,,,,,
North America (Shift),1996,,,,,,,,,,,,,,,,,,,2.927,205.293,,7219.852,,,,,,,,,,,,,,,,,,,,,,,,2.042,154.764,,7735.453,,,,,,,,,,,,,,,,,,,,,,,,,,,,,,,,,,,,1.938,155.849,,8197.235,,,,,,,,,,,,,,,,,,,,,,,,,,,,,,,,,,,,,,,
North America (Shift),1997,,,,,,,,,,,,,,,,,,,2.362,170.506,,7390.358,,,,,,,,,,,,,,,,,,,,,,,,0.58,44.896,,7780.349,,,,,,,,,,,,,,,,,,,,,,,,,,,,,,,,,,,,1.511,123.835,,8321.07,,,,,,,,,,,,,,,,,,,,,,,,,,,,,,,,,,,,,,,
North America (Shift),1998,,,,,,,,,,,,,,,,,,,2.692,198.939,,7589.297,,,,,,,,,,,,,,,,,,,,,,,,2.016,156.887,,7937.236,,,,,,,,,,,,,,,,,,,,,,,,,,,,,,,,,,,,-0.676,-56.217,,8264.854,,,,,,,,,,,,,,,,,,,,,,,,,,,,,,,,,,,,,,,
North America (Shift),1999,,,,,,,,,,,,,,,,,,,-3.191,-242.151,,7347.146,,,,,,,,,,,,,,,,,,,,,,,,0.102,8.122,,7945.357,,,,,,,,,,,,,,,,,,,,,,,,,,,,,,,,,,,,-4.151,-343.07,,7921.783,,,,,,,,,,,,,,,,,,,,,,,,,,,,,,,,,,,,,,,
North America (Shift),2000,,,,,,,,,,,,,,,,,,,-2.429,-178.439,,7168.707,,,,,,,,,,,,,,,,,,,,,,,,1.987,157.861,,8103.218,,,,,,,,,,,,,,,,,,,,,,,,,,,,,,,,,,,,1.746,138.313,,8060.096,,,,,,,,,,,,,,,,,,,,,,,,,,,,,,,,,,,,,,,
North America (Shift),2001,,,,,,,,,,,,,,,,,,,3.424,245.477,,7414.184,,,,,,,,,,,,,,,,,,,,,,,,2.372,192.171,,8295.39,,,,,,,,,,,,,,,,,,,,,,,,,,,,,,,,,,,,0.711,57.328,,8117.424,,,,,,,,,,,,,,,,,,,,,,,,,,,,,,,,,,,,,,,
North America (Shift),2002,,,,,,,,,,,,,,,,,,,-3.576,-265.139,,7149.045,,,,,,,,,,,,,,,,,,,,,,,,-2.504,-207.727,,8087.663,,,,,,,,,,,,,,,,,,,,,,,,,,,,,,,,,,,,0.892,72.445,,8189.87,,,,,,,,,,,,,,,,,,,,,,,,,,,,,,,,,,,,,,,
North America (Shift),2003,,,,,,,,,,,,,,,,,,,-2.913,-208.277,,6940.768,,,,,,,,,,,,,,,,,,,,,,,,0.565,45.733,,8133.396,,,,,,,,,,,,,,,,,,,,,,,,,,,,,,,,,,,,1.253,102.601,,8292.471,,,,,,,,,,,,,,,,,,,,,,,,,,,,,,,,,,,,,,,
North America (Shift),2004,,,,,,,,,,,,,,,,,,,3.652,253.492,,7194.26,,,,,,,,,,,,,,,,,,,,,,,,-1.914,-155.71,,7977.685,,,,,,,,,,,,,,,,,,,,,,,,,,,,,,,,,,,,-0.307,-25.449,,8267.021,,,,,,,,,,,,,,,,,,,,,,,,,,,,,,,,,,,,,,,
North America (Shift),2005,,,,,,,,,,,,,,,,,,,1.376,98.962,,7293.222,,,,,,,,,,,,,,,,,,,,,,,,-1.285,-102.502,,7875.183,,,,,,,,,,,,,,,,,,,,,,,,,,,,,,,,,,,,-3.407,-281.637,,7985.384,,,,,,,,,,,,,,,,,,,,,,,,,,,,,,,,,,,,,,,
North America (Shift),2006,,,,,,,,,,,,,,,,,,,2.619,190.998,,7484.22,,,,,,,,,,,,,,,,,,,,,,,,2.393,188.424,,8063.607,,,,,,,,,,,,,,,,,,,,,,,,,,,,,,,,,,,,0.129,10.303,,7995.688,,,,,,,,,,,,,,,,,,,,,,,,,,,,,,,,,,,,,,,
North America (Shift),2007,,,,,,,,,,,,,,,,,,,-0.828,-61.95,,7422.27,,,,,,,,,,,,,,,,,,,,,,,,2.617,211.014,,8274.621,,,,,,,,,,,,,,,,,,,,,,,,,,,,,,,,,,,,-0.555,-44.4,,7951.288,,,,,,,,,,,,,,,,,,,,,,,,,,,,,,,,,,,,,,,
North America (Shift),2008,,,,,,,,,,,,,,,,,,,1.211,89.901,,7512.171,,,,,,,,,,,,,,,,,,,,,,,,1.98,163.85,,8438.471,,,,,,,,,,,,,,,,,,,,,,,,,,,,,,,,,,,,-3.458,-274.932,,7676.355,,,,,,,,,,,,,,,,,,,,,,,,,,,,,,,,,,,,,,,
North America (Shift),2009,,,,,,,,,,,,,,,,,,,-9.172,-688.991,,6823.181,,,,,,,,,,,,,,,,,,,,,,,,1.554,131.136,,8569.606,,,,,,,,,,,,,,,,,,,,,,,,,,,,,,,,,,,,1.383,106.175,,7782.531,,,,,,,,,,,,,,,,,,,,,,,,,,,,,,,,,,,,,,,
North America (Shift),2010,,,,,,,,,,,,,,,,,,,2.31,157.621,,6980.802,,,,,,,,,,,,,,,,,,,,,,,,0.03,2.571,,8572.178,,,,,,,,,,,,,,,,,,,,,,,,,,,,,,,,,,,,2.69,209.378,,7991.909,,,,,,,,,,,,,,,,,,,,,,,,,,,,,,,,,,,,,,,
North America (Shift),2011,,,,,,,,,,,,,,,,,,,1.075,75.017,,7055.818,,,,,,,,,,,,,,,,,,,,,,,,4.765,408.504,,8980.682,,,,,,,,,,,,,,,,,,,,,,,,,,,,,,,,,,,,3.119,249.232,,8241.142,,,,,,,,,,,,,,,,,,,,,,,,,,,,,,,,,,,,,,,
North America (Shift),2012,,,,,,,,,,,,,,,,,,,-6.806,-480.211,,6575.607,,,,,,,,,,,,,,,,,,,,,,,,3.38,303.564,,9284.246,,,,,,,,,,,,,,,,,,,,,,,,,,,,,,,,,,,,9.388,773.716,,9014.857,,,,,,,,,,,,,,,,,,,,,,,,,,,,,,,,,,,,,,,
North America (Shift),2013,,,,,,,,,,,,,,,,,,,-2.841,-186.786,,6388.821,,,,,,,,,,,,,,,,,,,,,,,,1.001,92.899,,9377.146,,,,,,,,,,,,,,,,,,,,,,,,,,,,,,,,,,,,8.556,771.319,,9786.177,,,,,,,,,,,,,,,,,,,,,,,,,,,,,,,,,,,,,,,
North America (Shift),2014,,,,,,,,,,,,,,,,,,,1.278,81.675,,6470.497,,,,,,,,,,,,,,,,,,,,,,,,6.183,579.771,,9956.916,,,,,,,,,,,,,,,,,,,,,,,,,,,,,,,,,,,,11.219,1097.902,,10884.079,,,,,,,,,,,,,,,,,,,,,,,,,,,,,,,,,,,,,,,
North America (Shift),2015,,,,,,,,,,,,,,,,,,,-11.381,-736.392,,5734.105,,,,,,,,,,,,,,,,,,,,,,,,4.052,403.478,,10360.394,,,,,,,,,,,,,,,,,,,,,,,,,,,,,,,,,,,,3.767,410.055,,11294.134,,,,,,,,,,,,,,,,,,,,,,,,,,,,,,,,,,,,,,,
North America (Shift),2016,,,,,,,,,,,,,,,,,,,-17.176,-984.898,,4749.207,,,,,,,,,,,,,,,,,,,,,,,,-1.369,-141.807,,10218.587,,,,,,,,,,,,,,,,,,,,,,,,,,,,,,,,,,,,-2.797,-315.856,,10978.277,,,,,,,,,,,,,,,,,,,,,,,,,,,,,,,,,,,,,,,
North Korea,1900,PRK,5432032.0,,,,,,,,,,,,,,,,,,,0.0,0.0,,,,,,,,,,,,,,,,,,,,,,,,,,,,,,,,,,,,,,,,,,,,,,,,,,,,,,,,,,,,,,,,,,,,,,,,,,,,,,,,,,,,,,,,,,,,,,,,,,,,,,,,,
North Korea,1901,PRK,5455910.0,,,,,,,,,,,,,,,,,,0.0,0.0,0.0,,,,,,,,,,,,,,,,,,,,,,,,,,,,,,,,,,,,,,,,,,,,,,,,,,,,,,,,,,,,,,,,,,,,,,,,,,,,,,,,,,,,,,,,,,,,,,,,,,,,,,,,,
North Korea,1902,PRK,5479862.0,,,,,,,,,,,,,,,,,,0.0,0.0,0.0,,,,,,,,,,,,,,,,,,,,,,,,,,,,,,,,,,,,,,,,,,,,,,,,,,,,,,,,,,,,,,,,,,,,,,,,,,,,,,,,,,,,,,,,,,,,,,,,,,,,,,,,,
North Korea,1903,PRK,5503890.0,,,,,,,,,,,,,,,,,,0.0,0.0,0.0,,,,,,,,,,,,,,,,,,,,,,,,,,,,,,,,,,,,,,,,,,,,,,,,,,,,,,,,,,,,,,,,,,,,,,,,,,,,,,,,,,,,,,,,,,,,,,,,,,,,,,,,,
North Korea,1904,PRK,5527994.0,,,,,,,,,,,,,,,,,,0.0,0.0,0.0,,,,,,,,,,,,,,,,,,,,,,,,,,,,,,,,,,,,,,,,,,,,,,,,,,,,,,,,,,,,,,,,,,,,,,,,,,,,,,,,,,,,,,,,,,,,,,,,,,,,,,,,,
North Korea,1905,PRK,5552173.0,,,,,,,,,,,,,,,,,,0.049,8.798,0.049,,,,,,,,,,,,,,,,,,,,,,,,,,,,,,,,,,,,,,,,,,,,,,,,,,,,,,,,,,,,,,,,,,,,,,,,,,,,,,,,,,,,,,,,,,,,,,,,,,,,,,,,,
North Korea,1906,PRK,5576429.0,,,,,,,,,,,,,,,,,-100.0,-0.049,0.0,0.0,,,,,,,,,,,,,,,,,,,,,,,,,,,,,,,,,,,,,,,,,,,,,,,,,,,,,,,,,,,,,,,,,,,,,,,,,,,,,,,,,,,,,,,,,,,,,,,,,,,,,,,,,
North Korea,1907,PRK,5600760.0,,,,,,,,,,,,,,,,,,0.0,0.0,0.0,,,,,,,,,,,,,,,,,,,,,,,,,,,,,,,,,,,,,,,,,,,,,,,,,,,,,,,,,,,,,,,,,,,,,,,,,,,,,,,,,,,,,,,,,,,,,,,,,,,,,,,,,
North Korea,1908,PRK,5625168.0,,,,,,,,,,,,,,,,,,0.0,0.0,0.0,,,,,,,,,,,,,,,,,,,,,,,,,,,,,,,,,,,,,,,,,,,,,,,,,,,,,,,,,,,,,,,,,,,,,,,,,,,,,,,,,,,,,,,,,,,,,,,,,,,,,,,,,
North Korea,1909,PRK,5666153.0,,,,,,,,,,,,,,,,,,0.488,86.207,0.488,,,,,,,,,,,,,,,,,,,,,,,,,,,,,,,,,,,,,,,,,,,,,,,,,,,,,,,,,,,,,,,,,,,,,,,,,,,,,,,,,,,,,,,,,,,,,,,,,,,,,,,,,
North Korea,1910,PRK,5724136.0,,,,,,,,,,,,,,,,,23.333,0.114,105.245,0.602,,,,,,,,,,,,,,,,,,,,,,,,,,,,,,,,,,,,,,,,,,,,,,,,,,,,,,,,,,,,,,,,,,,,,,,,,,,,,,,,,,,,,,,,,,,,,,,,,,,,,,,,,
North Korea,1911,PRK,5799549.0,,,,,,,,,,,,,,,,,18.919,0.114,123.528,0.716,,,,,,,,,,,,,,,,,,,,,,,,,,,,,,,,,,,,,,,,,,,,,,,,,,,,,,,,,,,,,,,,,,,,,,,,,,,,,,,,,,,,,,,,,,,,,,,,,,,,,,,,,
North Korea,1912,PRK,5892831.0,,,,,,,,,,,,,,,,,25.0,0.179,151.966,0.896,,,,,,,,,,,,,,,,,,,,,,,,,,,,,,,,,,,,,,,,,,,,,,,,,,,,,,,,,,,,,,,,,,,,,,,,,,,,,,,,,,,,,,,,,,,,,,,,,,,,,,,,,
North Korea,1913,PRK,6004427.0,5957003776.0,,,,,,,,,,,,,,,,16.364,0.147,173.547,1.042,,,,,,,,,,,,,,,,,,,,,,,,,,,,,,,,,,,,,,,,,,,,,,,,,,,,,,,,,,,,,,,,,,,,,,,,,,,,,,,,,,,,,,,,,,,,,,,,,,,,,,,,,
North Korea,1914,PRK,6118105.0,,,,,,,,,,,,,,,,,42.969,0.448,243.507,1.49,,,,,,,,,,,,,,,,,,,,,,,,,,,,,,,,,,,,,,,,,,,,,,,,,,,,,,,,,,,,,,,,,,,,,,,,,,,,,,,,,,,,,,,,,,,,,,,,,,,,,,,,,
North Korea,1915,PRK,6233903.0,,,,,,,,,,,,,,,,,25.137,0.374,299.056,1.864,,,,,,,,,,,,,,,,,,,,,,,,,,,,,,,,,,,,,,,,,,,,,,,,,,,,,,,,,,,,,,,,,,,,,,,,,,,,,,,,,,,,,,,,,,,,,,,,,,,,,,,,,
North Korea,1916,PRK,6351861.0,,,,,,,,,,,,,,,,,-16.594,-0.309,244.799,1.555,,,,,,,,,,,,,,,,,,,,,,,,,,,,,,,,,,,,,,,,,,,,,,,,,,,,,,,,,,,,,,,,,,,,,,,,,,,,,,,,,,,,,,,,,,,,,,,,,,,,,,,,,
North Korea,1917,PRK,6472018.0,,,,,,,,,,,,,,,,,-100.0,-1.555,0.0,0.0,,,,,,,,,,,,,,,,,,,,,,,,,,,,,,,,,,,,,,,,,,,,,,,,,,,,,,,,,,,,,,,,,,,,,,,,,,,,,,,,,,,,,,,,,,,,,,,,,,,,,,,,,
North Korea,1918,PRK,6579631.0,,,,,,,,,,,,,,,,,,1.531,232.613,1.531,,,,,,,,,,,,,,,,,,,,,,,,,,,,,,,,,,,,,,,,,,,,,,,,,,,,,,,,,,,,,,,,,,,,,,,,,,,,,,,,,,,,,,,,,,,,,,,,,,,,,,,,,
North Korea,1919,PRK,6689033.0,,,,,,,,,,,,,,,,,18.617,0.285,271.406,1.815,,,,,,,,,,,,,,,,,,,,,,,,,,,,,,,,,,,,,,,,,,,,,,,,,,,,,,,,,,,,,,,,,,,,,,,,,,,,,,,,,,,,,,,,,,,,,,,,,,,,,,,,,
North Korea,1920,PRK,6800254.0,,,,,,,,,,,,,,,,,29.596,0.537,345.98,2.353,,,,,,,,,,,,,,,,,,,,,,,,,,,,,,,,,,,,,,,,,,,,,,,,,,,,,,,,,,,,,,,,,,,,,,,,,,,,,,,,,,,,,,,,,,,,,,,,,,,,,,,,,
North Korea,1921,PRK,6913324.0,,,,,,,,,,,,,,,,,7.612,0.179,366.228,2.532,,,,,,,,,,,,,,,,,,,,,,,,,,,,,,,,,,,,,,,,,,,,,,,,,,,,,,,,,,,,,,,,,,,,,,,,,,,,,,,,,,,,,,,,,,,,,,,,,,,,,,,,,
North Korea,1922,PRK,7028275.0,,,,,,,,,,,,,,,,,1.929,0.049,367.188,2.581,,,,,,,,,,,,,,,,,,,,,,,,,,,,,,,,,,,,,,,,,,,,,,,,,,,,,,,,,,,,,,,,,,,,,,,,,,,,,,,,,,,,,,,,,,,,,,,,,,,,,,,,,
North Korea,1923,PRK,7145137.0,,,,,,,,,,,,,,,,,19.874,0.513,432.963,3.094,,,,,,,,,,,,,,,,,,,,,,,,,,,,,,,,,,,,,,,,,,,,,,,,,,,,,,,,,,,,,,,,,,,,,,,,,,,,,,,,,,,,,,,,,,,,,,,,,,,,,,,,,
North Korea,1924,PRK,7263942.0,,,,,,,,,,,,,,,,,5.0,0.155,447.176,3.248,,,,,,,,,,,,,,,,,,,,,,,,,,,,,,,,,,,,,,,,,,,,,,,,,,,,,,,,,,,,,,,,,,,,,,,,,,,,,,,,,,,,,,,,,,,,,,,,,,,,,,,,,
North Korea,1925,PRK,7384722.0,,,,,,,,,,,,,,,,,59.148,1.921,700.031,5.17,,,,,,,,,,,,,,,,,,,,,,,,,,,,,,,,,,,,,,,,,,,,,,,,,,,,,,,,,,,,,,,,,,,,,,,,,,,,,,,,,,,,,,,,,,,,,,,,,,,,,,,,,
North Korea,1926,PRK,7507510.0,,,,,,,,,,,,,,,,,7.559,0.391,740.632,5.56,,,,,,,,,,,,,,,,,,,,,,,,,,,,,,,,,,,,,,,,,,,,,,,,,,,,,,,,,,,,,,,,,,,,,,,,,,,,,,,,,,,,,,,,,,,,,,,,,,,,,,,,,
North Korea,1927,PRK,7632341.0,,,,,,,,,,,,,,,,,3.807,0.212,756.251,5.772,,,,,,,,,,,,,,,,,,,,,,,,,,,,,,,,,,,,,,,,,,,,,,,,,,,,,,,,,,,,,,,,,,,,,,,,,,,,,,,,,,,,,,,,,,,,,,,,,,,,,,,,,
North Korea,1928,PRK,7759247.0,,,,,,,,,,,,,,,,,15.092,0.871,856.147,6.643,,,,,,,,,,,,,,,,,,,,,,,,,,,,,,,,,,,,,,,,,,,,,,,,,,,,,,,,,,,,,,,,,,,,,,,,,,,,,,,,,,,,,,,,,,,,,,,,,,,,,,,,,
North Korea,1929,PRK,7888263.0,,,,,,,,,,,,,,,,,14.951,0.993,968.053,7.636,,,,,,,,,,,,,,,,,,,,,,,,,,,,,,,,,,,,,,,,,,,,,,,,,,,,,,,,,,,,,,,,,,,,,,,,,,,,,,,,,,,,,,,,,,,,,,,,,,,,,,,,,
North Korea,1930,PRK,8019424.0,,,,,,,,,,,,,,,,,-5.757,-0.44,897.402,7.197,,,,,,,,,,,,,,,,,,,,,,,,,,,,,,,,,,,,,,,,,,,,,,,,,,,,,,,,,,,,,,,,,,,,,,,,,,,,,,,,,,,,,,,,,,,,,,,,,,,,,,,,,
North Korea,1931,PRK,8152766.0,,,,,,,,,,,,,,,,,5.882,0.423,934.649,7.62,,,,,,,,,,,,,,,,,,,,,,,,,,,,,,,,,,,,,,,,,,,,,,,,,,,,,,,,,,,,,,,,,,,,,,,,,,,,,,,,,,,,,,,,,,,,,,,,,,,,,,,,,
North Korea,1932,PRK,8288325.0,,,,,,,,,,,,,,,,,17.949,1.368,1084.376,8.988,,,,,,,,,,,,,,,,,,,,,,,,,,,,,,,,,,,,,,,,,,,,,,,,,,,,,,,,,,,,,,,,,,,,,,,,,,,,,,,,,,,,,,,,,,,,,,,,,,,,,,,,,
North Korea,1933,PRK,8426138.0,,,,,,,,,,,,,,,,,17.844,1.604,1256.975,10.591,,,,,,,,,,,,,,,,,,,,,,,,,,,,,,,,,,,,,,,,,,,,,,,,,,,,,,,,,,,,,,,,,,,,,,,,,,,,,,,,,,,,,,,,,,,,,,,,,,,,,,,,,
North Korea,1934,PRK,8566243.0,,,,,,,,,,,,,,,,,29.823,3.159,1605.155,13.75,,,,,,,,,,,,,,,,,,,,,,,,,,,,,,,,,,,,,,,,,,,,,,,,,,,,,,,,,,,,,,,,,,,,,,,,,,,,,,,,,,,,,,,,,,,,,,,,,,,,,,,,,
North Korea,1935,PRK,8708677.0,,,,,,,,,,,,,,,,,15.394,2.117,1821.954,15.867,,,,,,,,,,,,,,,,,,,,,,,,,,,,,,,,,,,,,,,,,,,,,,,,,,,,,,,,,,,,,,,,,,,,,,,,,,,,,,,,,,,,,,,,,,,,,,,,,,,,,,,,,
North Korea,1936,PRK,8853479.0,,,,,,,,,,,,,,,,,17.086,2.711,2098.357,18.578,,,,,,,,,,,,,,,,,,,,,,,,,,,,,,,,,,,,,,,,,,,,,,,,,,,,,,,,,,,,,,,,,,,,,,,,,,,,,,,,,,,,,,,,,,,,,,,,,,,,,,,,,
North Korea,1937,PRK,9000690.0,,,,,,,,,,,,,,,,,6.529,1.213,2198.806,19.791,,,,,,,,,,,,,,,,,,,,,,,,,,,,,,,,,,,,,,,,,,,,,,,,,,,,,,,,,,,,,,,,,,,,,,,,,,,,,,,,,,,,,,,,,,,,,,,,,,,,,,,,,
North Korea,1938,PRK,9150348.0,,,,,,,,,,,,,,,,,40.642,8.043,3041.86,27.834,,,,,,,,,,,,,,,,,,,,,,,,,,,,,,,,,,,,,,,,,,,,,,,,,,,,,,,,,,,,,,,,,,,,,,,,,,,,,,,,,,,,,,,,,,,,,,,,,,,,,,,,,
North Korea,1939,PRK,9302494.0,,,,,,,,,,,,,,,,,23.984,6.676,3709.726,34.51,,,,,,,,,,,,,,,,,,,,,,,,,,,,,,,,,,,,,,,,,,,,,,,,,,,,,,,,,,,,,,,,,,,,,,,,,,,,,,,,,,,,,,,,,,,,,,,,,,,,,,,,,
North Korea,1940,PRK,9457170.0,,,,,,,,,,,,,,,,,35.433,12.228,4942.016,46.737,,,,,,,,,,,,,,,,,,,,,,,,,,,,,,,,,,,,,,,,,,,,,,,,,,,,,,,,,,,,,,,,,,,,,,,,,,,,,,,,,,,,,,,,,,,,,,,,,,,,,,,,,
North Korea,1941,PRK,9614418.0,,,,,,,,,,,,,,,,,7.264,3.395,5214.281,50.132,,,,,,,,,,,,,,,,,,,,,,,,,,,,,,,,,,,,,,,,,,,,,,,,,,,,,,,,,,,,,,,,,,,,,,,,,,,,,,,,,,,,,,,,,,,,,,,,,,,,,,,,,
North Korea,1942,PRK,9774281.0,,,,,,,,,,,,,,,,,11.189,5.609,5702.867,55.741,,,,,,,,,,,,,,,,,,,,,,,,,,,,,,,,,,,,,,,,,,,,,,,,,,,,,,,,,,,,,,,,,,,,,,,,,,,,,,,,,,,,,,,,,,,,,,,,,,,,,,,,,
North Korea,1943,PRK,9936801.0,,,,,,,,,,,,,,,,,-3.783,-2.109,5397.402,53.633,,,,,,,,,,,,,,,,,,,,,,,,,,,,,,,,,,,,,,,,,,,,,,,,,,,,,,,,,,,,,,,,,,,,,,,,,,,,,,,,,,,,,,,,,,,,,,,,,,,,,,,,,
North Korea,1944,PRK,10102024.0,,,,,,,,,,,,,,,,,6.998,3.753,5680.635,57.386,,,,,,,,,,,,,,,,,,,,,,,,,,,,,,,,,,,,,,,,,,,,,,,,,,,,,,,,,,,,,,,,,,,,,,,,,,,,,,,,,,,,,,,,,,,,,,,,,,,,,,,,,
North Korea,1945,PRK,10269995.0,,,,,,,,,,,,,,,,,-100.0,-57.386,0.0,0.0,,,,,,,,,,,,,,,,,,,,,,,,,,,,,,,,,,,,,,,,,,,,,,,,,,,,,,,,,,,,,,,,,,,,,,,,,,,,,,,,,,,,,,,,,,,,,,,,,,,,,,,,,
North Korea,1946,PRK,10440758.0,,,,,,,,,,,,,,,,,,0.0,0.0,0.0,,,,,,,,,,,,,,,,,,,,,,,,,,,,,,,,,,,,,,,,,,,,,,,,,,,,,,,,,,,,,,,,,,,,,,,,,,,,,,,,,,,,,,,,,,,,,,,,,,,,,,,,,
North Korea,1947,PRK,10614360.0,,,,,,,,,,,,,,,,,,0.0,0.0,0.0,,,,,,,,,,,,,,,,,,,,,,,,,,,,,,,,,,,,,,,,,,,,,,,,,,,,,,,,,,,,,,,,,,,,,,,,,,,,,,,,,,,,,,,,,,,,,,,,,,,,,,,,,
North Korea,1948,PRK,10790849.0,,,,,,,,,,,,,,,,,,4.705,435.977,4.705,,,,,,,,,,,,,,,,,,,,,,,,,,,,,,,,,,,,,,,,,,,,,,,,,,,,,,,,,,,,,,,,,,,,,,,,,,,,,,,,,,,,,,,,,,,,,,,,,,,,,,,,,
North Korea,1949,PRK,10953980.0,,,,,,,,,,,,,,,,,26.849,1.263,544.795,5.968,,,,,,,,,,,,,,,,,,,,,,,,,,,,,,,,,,,,,,,,,,,,,,,,,,,,,,,,,,,,,,,,,,,,,,,,,,,,,,,,,,,,,,,,,,,,,,,,,,,,,,,,,
North Korea,1950,PRK,11103386.0,,,,,,,,,,,,,,,,,-6.524,-0.389,502.403,5.578,,,,,,,,,,,,,,,,,,,,,,,,,,,,,,,,,,,,,,,,,,,,,,,,,,,,,,,,,,,,,,,,,,,,,,,,,,,,,,,,,,,,,,,,,,,,,,,,,,,,,,,,,
North Korea,1951,PRK,10557969.0,,,,,,,,,,,,,,,,,-73.214,-4.084,141.527,1.494,,,,,,,,,,,,,,,,,,,,,,,,,,,,,,,,,,,,,,,,,,,,,,,,,,,,,,,,,,,,,,,,,,,,,,,,,,,,,,,,,,,,,,,,,,,,,,,,,,,,,,,,,
North Korea,1952,PRK,10228064.0,,,,,,,,,,,,,,,,,4.77,0.071,153.061,1.566,,,,,,,,,,,,,,,,,,,,,,,,,,,,,,,,,,,,,,,,,,,,,,,,,,,,,,,,,,,,,,,,,,,,,,,,,,,,,,,,,,,,,,,,,,,,,,,,,,,,,,,,,
North Korea,1953,PRK,10147606.0,,,,,,,,,,,,,,,,,139.61,2.186,369.657,3.751,,,,,,,,,,,,,,,,,,,,,,,,,,,,,,,,,,,,,,,,,,,,,,,,,,,,,,,,,,,,,,,,,,,,,,,,,,,,,,,,,,,,,,,,,,,,,,,,,,,,,,,,,
North Korea,1954,PRK,10206243.0,,,,,,,,,,,,,,,,,221.71,8.317,1182.391,12.068,,,,,,,,,,,,,,,,,,,,,,,,,,,,,,,,,,,,,,,,,,,,,,,,,,,,,,,,,,,,,,,,,,,,,,,,,,,,,,,,,,,,,,,,,,,,,,,,,,,,,,,,,
North Korea,1955,PRK,10360274.0,,,,,,,,,,,,,,,,,66.304,8.001,1937.126,20.069,,,,,,,,,,,,,,,,,,,,,,,,,,,,,,,,,,,,,,,,,,,,,,,,,,,,,,,,,,,,,,,,,,,,,,,,,,,,,,,,,,,,,,,,,,,,,,,,,,,,,,,,,
North Korea,1956,PRK,10552186.0,,,,,,,,,,,,,,,,,21.68,4.351,2314.223,24.42,,,,,,,,,,,,,,,,,,,,,,,,,,,,,,,,,,,,,,,,,,,,,,,,,,,,,,,,,,,,,,,,,,,,,,,,,,,,,,,,,,,,,,,,,,,,,,,,,,,,,,,,,
North Korea,1957,PRK,10802110.0,,,,,,,,,,,,,,,,,26.371,6.44,2856.835,30.86,,,,,,,,,,,,,,,,,,,,,,,,,,,,,,,,,,,,,,,,,,,,,,,,,,,,,,,,,,,,,,,,,,,,,,,,,,,,,,,,,,,,,,,,,,,,,,,,,,,,,,,,,
North Korea,1958,PRK,11106861.0,,,,,,,,,,,,,,,,,42.045,12.975,3946.661,43.835,,,,,,,,,,,,,,,,,,,,,,,,,,,,,,,,,,,,,,,,,,,,,,,,,,,,,,,,,,,,,,,,,,,,,,,,,,,,,,,,,,,,,,,,,,,,,,,,,,,,,,,,,
North Korea,1959,PRK,11391383.0,,,,,,,,,,,,,,,,,-65.97,-28.918,1309.516,14.917,,,,,,,,,,,,,,,,,,,,,,,,,,,,,,,,,,,,,,,,,,,,,,,,,,,,,,,,,,,,,,,,,,,,,,,,,,,,,,,,,,,,,,,,,,,,,,,,,,,,,,,,,
North Korea,1960,PRK,11655668.0,,,,,,,,,,,,,,,,,350.632,52.304,5767.29,67.222,,,,,,,,,,,,,,,,,,,,,,,,,,,,,,,,,,,,,,,,,,,,,,,,,,,,,,,,,,,,,,,,,,,,,,,,,,,,,,,,,,,,,,,,,,,,,,,,,,,,,,,,,
North Korea,1961,PRK,11916512.0,,,,,,,,,,,,,,,,,10.833,7.282,6252.13,74.504,,,,,,,,,,,,,,,,,,,,,,,,,,,,,,,,,,,,,,,,,,,,,,,,,,,,,,,,,,,,,,,,,,,,,,,,,,,,,,,,,,,,,,,,,,,,,,,,,,,,,,,,,
North Korea,1962,PRK,12180506.0,,,,,,,,,,,,,,,,,16.012,11.929,7096.011,86.433,,,,,,,,,,,,,,,,,,,,,,,,,,,,,,,,,,,,,,,,,,,,,,,,,,,,,,,,,,,,,,,,,,,,,,,,,,,,,,,,,,,,,,,,,,,,,,,,,,,,,,,,,
North Korea,1963,PRK,12475236.0,,,,,,,,,,,,,,,,,7.101,6.137,7420.34,92.57,,,,,,,,,,,,,,,,,,,,,,,,,,,,,,,,,,,,,,,,,,,,,,,,,,,,,,,,,,,,,,,,,,,,,,,,,,,,,,,,,,,,,,,,,,,,,,,,,,,,,,,,,
North Korea,1964,PRK,12787529.0,,,,,,,,,,,,,,,,,9.67,8.952,7939.168,101.522,,,,,,,,,,,,,,,,,,,,,,,,,,,,,,,,,,,,,,,,,,,,,,,,,,,,,,,,,,,,,,,,,,,,,,,,,,,,,,,,,,,,,,,,,,,,,,,,,,,,,,,,,
North Korea,1965,PRK,13105948.0,,,,,,,,,,,,,,,,,26.462,26.865,9796.135,128.388,,,,,,,,,,,,,,,,,,,,,,,,,,,,,,,,,,,,,,,,,,,,,,,,,,,,,,,,,,,,,,,,,,,,,,,,,,,,,,,,,,,,,,,,,,,,,,,,,,,,,,,,,
North Korea,1966,PRK,13444052.0,,,,,,,,,,,,,,,,,8.05,10.335,10318.515,138.723,,,,,,,,,,,,,,,,,,,,,,,,,,,,,,,,,,,,,,,,,,,,,,,,,,,,,,,,,,,,,,,,,,,,,,,,,,,,,,,,,,,,,,,,,,,,,,,,,,,,,,,,,
North Korea,1967,PRK,13821411.0,,,,,,,,,,,,,,,,,9.707,13.465,11011.021,152.188,,,,,,,,,,,,,,,,,,,,,,,,,,,,,,,,,,,,,,,,,,,,,,,,,,,,,,,,,,,,,,,,,,,,,,,,,,,,,,,,,,,,,,,,,,,,,,,,,,,,,,,,,
North Korea,1968,PRK,14216305.0,,,,,,,,,,,,,,,,,18.394,27.993,12674.228,180.181,,,,,,,,,,,,,,,,,,,,,,,,,,,,,,,,,,,,,,,,,,,,,,,,,,,,,,,,,,,,,,,,,,,,,,,,,,,,,,,,,,,,,,,,,,,,,,,,,,,,,,,,,
North Korea,1969,PRK,14605482.0,,,,,,,,,,,,,,,,,7.925,14.279,13314.179,194.46,,,,,,,,,,,,,,,,,,,,,,,,,,,,,,,,,,,,,,,,,,,,,,,,,,,,,,,,,,,,,,,,,,,,,,,,,,,,,,,,,,,,,,,,,,,,,,,,,,,,,,,,,
North Korea,1970,PRK,14996881.0,,,,,,,,,,,,,,,,,0.452,0.879,13025.323,195.339,,,,,,,,,,,,,,,,,,,,,,,,,,,,,,,,,,,,,,,,,,,,,,,,,,,,,,,,,,,,,,,,,,,,,,,,,,,,,,,,,,,,,,,,,,,,,,,,,,,,,,,,,
North Korea,1971,PRK,15381625.0,,,,,,,,,,,,,,,,,5.803,11.336,13436.523,206.676,,,,,,,,,,,,,,,,,,,,,,,,,,,,,,,,,,,,,,,,,,,,,,,,,,,,,,,,,,,,,,,,,,,,,,,,,,,,,,,,,,,,,,,,,,,,,,,,,,,,,,,,,
North Korea,1972,PRK,15768368.0,,,,,,,,,,,,,,,,,17.696,36.573,15426.391,243.249,,,,,,,,,,,,,,,,,,,,,,,,,,,,,,,,,,,,,,,,,,,,,,,,,,,,,,,,,,,,,,,,,,,,,,,,,,,,,,,,,,,,,,,,,,,,,,,,,,,,,,,,,
North Korea,1973,PRK,16128127.0,,,,,,,,,,,,,,,,,9.423,22.921,16503.465,266.17,,,,,,,,,,,,,,,,,,,,,,,,,,,,,,,,,,,,,,,,,,,,,,,,,,,,,,,,,,,,,,,,,,,,,,,,,,,,,,,,,,,,,,,,,,,,,,,,,,,,,,,,,
North Korea,1974,PRK,16437012.0,,,,,,,,,,,,,,,,,4.118,10.962,16860.234,277.132,,,,,,,,,,,,,,,,,,,,,,,,,,,,,,,,,,,,,,,,,,,,,,,,,,,,,,,,,,,,,,,,,,,,,,,,,,,,,,,,,,,,,,,,,,,,,,,,,,,,,,,,,
North Korea,1975,PRK,16723254.0,,,,,,,,,,,,,,,,,4.182,11.589,17264.615,288.721,,,,,,,,,,,,,,,,,,,,,,,,,,,,,,,,,,,,,,,,,,,,,,,,,,,,,,,,,,,,,,,,,,,,,,,,,,,,,,,,,,,,,,,,,,,,,,,,,,,,,,,,,
North Korea,1976,PRK,16987170.0,,,,,,,,,,,,,,,,,2.82,8.141,17475.635,296.862,,,,,,,,,,,,,,,,,,,,,,,,,,,,,,,,,,,,,,,,,,,,,,,,,,,,,,,,,,,,,,,,,,,,,,,,,,,,,,,,,,,,,,,,,,,,,,,,,,,,,,,,,
North Korea,1977,PRK,17231392.0,,,,,,,,,,,,,,,,,2.742,8.141,17700.402,305.003,,,,,,,,,,,,,,,,,,,,,,,,,,,,,,,,,,,,,,,,,,,,,,,,,,,,,,,,,,,,,,,,,,,,,,,,,,,,,,,,,,,,,,,,,,,,,,,,,,,,,,,,,
North Korea,1978,PRK,17472096.0,,,,,,,,,,,,,,,,,2.669,8.141,17922.494,313.144,,,,,,,,,,,,,,,,,,,,,,,,,,,,,,,,,,,,,,,,,,,,,,,,,,,,,,,,,,,,,,,,,,,,,,,,,,,,,,,,,,,,,,,,,,,,,,,,,,,,,,,,,
North Korea,1979,PRK,17719176.0,,,,,,,,,,,,,,,,,0.5,1.567,17761.023,314.711,,,,,,,,,,,,,,,,,,,,,,,,,,,,,,,,,,,,,,,,,,,,,,,,,,,,,,,,,,,,,,,,,,,,,,,,,,,,,,,,,,,,,,,,,,,,,,,,,,,,,,,,,
North Korea,1980,PRK,17973654.0,,,,,,,,,,,,,,,,,-28.544,-89.831,12511.631,224.88,,,,,,,,16497.375,,,,,,,,,,,,,,,,,,0.0,0.0,,,,,,,,,,,,,,,,,,,,,,,,,,,,,,,,,,,,,,0.0,0.0,,,,,,,,,,,,,,,296.518,,,,,,,,,,,,,,,,,,,,,,,,
North Korea,1981,PRK,18235208.0,,,,,,,,,,,,,,,,,4.082,9.179,12835.521,234.058,,,,,,3.922,11.63,16898.523,,,,,,,,,,,,,,,,,0.0,0.0,0.0,,,,,,,,,,,,,,,,,,,,,,,,,,,,,,,,,,,,,0.0,0.0,0.0,,,,,,,,,,,,,,,308.148,,,,,,,,,,,,,,,,,,,,,,,,
North Korea,1982,PRK,18502090.0,,,,,,,,,,,,,,,,,5.08,11.889,13292.953,245.947,,,,,,4.426,13.639,17391.939,,,,,,,,,,,,,,,,,0.0,0.0,0.0,,,,,,,,,,,,,,,,,,,,,,,,,,,,,,,,,,,,,0.0,0.0,0.0,,,,,,,,,,,,,,,321.787,,,,,,,,,,,,,,,,,,,,,,,,
North Korea,1983,PRK,18771366.0,,,,,,,,,,,,,,,,,1.12,2.755,13249.009,248.702,,,,,,4.526,14.563,17918.279,,,,,,,,,,,,,,,,,0.0,0.0,0.0,,,,,,,,,,,,,,,,,,,,,,,,,,,,,,,,,,,,,0.0,0.0,0.0,,,,,,,,,,,,,,,336.351,,,,,,,,,,,,,,,,,,,,,,,,
North Korea,1984,PRK,19045158.0,,,,,,,,,,,,,,,,,2.537,6.311,13389.89,255.013,,,,,,2.718,9.14,18140.619,,,,,,,,,,,,,,,,,0.0,0.0,0.0,,,,,,,,,,,,,,,,,,,,,,,,,,,,,,,,,,,,,0.0,0.0,0.0,,,,,,,,,,,,,,,345.491,,,,,,,,,,,,,,,,,,,,,,,,
North Korea,1985,PRK,19325494.0,,,,,,,,,,,,,,,,,-21.051,-53.683,10417.813,201.329,,,,,,-15.133,-52.285,15171.988,,,,,,,,,,,,,,,,,0.0,0.0,0.0,,,,,,,,,,,,,,,,,,,,,,,,,,,,,,,,,,,,,0.0,0.0,0.0,,,,,,,,,,,,,,,293.206,,,,,,,,,,,,,,,,,,,,,,,,
North Korea,1986,PRK,19613038.0,,,,,,,,,,,,,,,,,-0.714,-1.438,10191.755,199.891,,,,,,0.864,2.532,15078.648,,,,,,,,,,,,,,,,,0.0,0.0,0.0,,,,,,,,,,,,,,,,,,,,,,,,,,,,,,,,,,,,,0.0,0.0,0.0,,,,,,,,,,,,,,,295.738,,,,,,,,,,,,,,,,,,,,,,,,
North Korea,1987,PRK,19903900.0,,,,,,,,,,,,,,,,,-0.714,-1.428,9971.085,198.463,,,,,,-1.616,-4.779,14618.195,,,,,,,,,,,,,,,,,0.0,0.0,0.0,,,,,,,,,,,,,,,,,,,,,,,,,,,,,,,,,,,,,0.0,0.0,0.0,,,,,,,,,,,,,,,290.959,,,,,,,,,,,,,,,,,,,,,,,,
North Korea,1988,PRK,20197470.0,,,,,,,,,,,,,,,,,20.593,40.87,11849.694,239.334,,,,,,17.645,51.338,16947.539,,,,,,,,,,,,,,,,,0.0,0.0,0.0,,,,,,,,,,,,,,,,,,,,,,,,,,,,,,,,,,,,,0.0,0.0,0.0,,,,,,,,,,,,,,,342.297,,,,,,,,,,,,,,,,,,,,,,,,
North Korea,1989,PRK,20494968.0,,,,,,,,,,,,,,,,,-22.756,-54.464,9020.267,184.87,,,,,,-17.285,-59.166,13814.66,,,,,,,,,,,,,,,,,0.0,0.0,0.0,,,,,,,,,,,,,,,,,,,,,,,,,,,,,,,,,,,,,0.0,0.0,0.0,,,,,,,,,,,,,,,283.131,,,,,,,,,,,,,,,,,,,,,,,,
North Korea,1990,PRK,20799522.0,50223947776.0,,,,,,,,,,,,,,,,33.216,61.406,11840.445,246.276,,,,,,1.571,4.449,13826.28,5.726,,,,,,,,,,,,,,,,0.0,0.0,0.0,,,,,,,,,,,,,,,,,,,,,,,,,,,,,,,,,,,,,0.0,0.0,0.0,,,,,,,,,,,,,,,287.58,,,,,,,,,,,,,,,,,,,,,,,,
North Korea,1991,PRK,21115534.0,48202051584.0,,,,,,,,,,,,,,,,-6.184,-15.23,10941.987,231.046,,,,,,-0.458,-1.317,13556.981,5.939,,,,,,,,,,,,,,,,0.0,0.0,0.0,,,,,,,,,,,,,,,,,,,,,,,,,,,,,,,,,,,,,0.0,0.0,0.0,,,,,,,,,,,,,,,286.263,,,,,,,,,,,,,,,,,,,,,,,,
North Korea,1992,PRK,21439992.0,44917407744.0,,,,,,,,,,,,,,,,-6.109,-14.115,10118.033,216.931,,,,,,-15.945,-45.645,11222.831,5.357,,,,,,,,,,,,,,,,0.0,0.0,0.0,,,,,,,,,,,,,,,,,,,,,,,,,,,,,,,,,,,,,0.0,0.0,0.0,,,,,,,,,,,,,,,240.617,,,,,,,,,,,,,,,,,,,,,,,,
North Korea,1993,PRK,21773020.0,43046072320.0,,,,,,,,,,,,,,,,-7.192,-15.601,9246.737,201.329,,,,,,10.028,24.13,12159.411,6.15,,,,,,,,,,,,,,,,0.0,0.0,0.0,,,,,,,,,,,,,,,,,,,,,,,,,,,,,,,,,,,,,0.0,0.0,0.0,,,,,,,,,,,,,,,264.747,,,,,,,,,,,,,,,,,,,,,,,,
North Korea,1994,PRK,22105230.0,42085990400.0,,,,,,,,,,,,,,,,-6.273,-12.63,8536.435,188.7,,,,,,-1.994,-5.279,11737.855,6.165,,,,,,,,,,,,,,,,0.0,0.0,0.0,,,,,,,,,,,,,,,,,,,,,,,,,,,,,,,,,,,,,0.0,0.0,0.0,,,,,,,,,,,,,,,259.468,,,,,,,,,,,,,,,,,,,,,,,,
North Korea,1995,PRK,22385538.0,40146509824.0,,,,,,,,,,,,,,,,-6.693,-12.63,7865.361,176.07,,,,,,17.895,46.431,13665.021,7.62,,,,,,,,,,,,,,,,0.0,0.0,0.0,,,,,,,,,,,,,,,,,,,,,,,,,,,,,,,,,,,,,0.0,0.0,0.0,,,,,,,,,,,,,,,305.899,,,,,,,,,,,,,,,,,,,,,,,,
North Korea,1996,PRK,22614348.0,38689714176.0,,,,,,,,,,,,,,,,-11.392,-20.059,6898.792,156.012,,,,,,-3.649,-11.162,13033.166,7.618,,,,,,,,,,,,,,,,0.0,0.0,0.0,,,,,,,,,,,,,,,,,,,,,,,,,,,,,,,,,,,,,0.0,0.0,0.0,,,,,,,,,,,,,,,294.737,,,,,,,,,,,,,,,,,,,,,,,,
North Korea,1997,PRK,22827378.0,36018757632.0,,,,,,,,,,,,,,,,-1.905,-2.972,6704.233,153.04,,,,,,-3.371,-9.937,12476.232,7.907,,,,,,,,,,,,,,,,0.0,0.0,0.0,,,,,,,,,,,,,,,,,,,,,,,,,,,,,,,,,,,,,0.0,0.0,0.0,,,,,,,,,,,,,,,284.8,,,,,,,,,,,,,,,,,,,,,,,,
North Korea,1998,PRK,23023642.0,35521585152.0,,,,,,,,,,,,,,,,-9.709,-14.858,6001.735,138.182,,,,,,-11.302,-32.188,10971.822,7.111,,,,,,,,,,,,,,,,0.0,0.0,0.0,,,,,,,,,,,,,,,,,,,,,,,,,,,,,,,,,,,,,0.0,0.0,0.0,,,,,,,,,,,,,,,252.611,,,,,,,,,,,,,,,,,,,,,,,,
North Korea,1999,PRK,23204504.0,37610926080.0,,,,,,,,,,,,,,,,13.978,19.316,6787.368,157.498,,,,,,27.697,69.965,13901.435,8.577,,,,,,,,,,,,,,,,0.0,0.0,0.0,,,,,,,,,,,,,,,,,,,,,,,,,,,,,,,,,,,,,0.0,0.0,0.0,,,,,,,,,,,,,,,322.576,,,,,,,,,,,,,,,,,,,,,,,,
North Korea,2000,PRK,23367064.0,37758033920.0,,,,,0.0,0.0,0.0,,390.933,,,,,370.179,8.65,6.132,9.658,7153.461,167.155,46.133,,18.75,18.75,,-10.992,-35.458,12287.299,7.604,,,370.179,8.65,,,46.133,,,,,0.0,0.0,,,0.0,0.0,0.0,0.0,,7.33,,,,432.232,10.1,,53.867,,,,,432.232,10.1,,53.867,,0.0,0.0,,,,0.0,0.0,,0.0,,,,,0.0,0.0,,,0.0,0.0,0.0,0.0,,,0.0,0.0,,,0.0,0.0,,0.0,0.0,,802.411,287.118,,,,432.232,10.1,,53.867,,,,,0.0,0.0,,0.0,,,,,0.0,0.0,,0.0,
North Korea,2001,PRK,23512524.0,39161384960.0,,,,,0.0,0.0,0.0,,392.107,,,,,383.625,9.02,2.667,4.457,7298.785,171.613,46.233,,19.51,19.51,,-2.746,-7.883,11876.022,7.13,,,383.625,9.02,,,46.233,,,,,0.0,0.0,,,0.0,0.0,0.0,0.0,,7.65,,,,446.145,10.49,,53.767,,,,,446.145,10.49,,53.767,,0.0,0.0,,,,0.0,0.0,,0.0,,,,,0.0,0.0,,,0.0,0.0,0.0,0.0,,,0.0,0.0,,,0.0,0.0,,0.0,0.0,,829.771,279.235,,,,446.145,10.49,,53.767,,,,,0.0,0.0,,0.0,,,,,0.0,0.0,,0.0,
North Korea,2002,PRK,23638414.0,39634149376.0,,,,,0.0,0.0,0.0,,382.322,,,,,364.238,8.61,-5.195,-8.915,6882.776,162.698,45.031,,19.12,19.12,,-2.264,-6.321,11545.386,6.886,,,364.238,8.61,,,45.031,,,,,0.0,0.0,,,0.0,0.0,0.0,0.0,,7.31,,,,444.615,10.51,,54.969,,,,,444.615,10.51,,54.969,,0.0,0.0,,,,0.0,0.0,,0.0,,,,,0.0,0.0,,,0.0,0.0,0.0,0.0,,,0.0,0.0,,,0.0,0.0,,0.0,0.0,,808.853,272.915,,,,444.615,10.51,,54.969,,,,,0.0,0.0,,0.0,,,,,0.0,0.0,,0.0,
North Korea,2003,PRK,23781706.0,40352083968.0,,,,,0.0,0.0,0.0,,365.65,,,,,366.668,8.72,1.826,2.972,6966.26,165.67,42.913,,20.32,20.32,,-0.412,-1.126,11428.484,6.735,,,366.668,8.72,,,42.913,,,,,0.0,0.0,,,0.0,0.0,0.0,0.0,,7.43,,,,487.77,11.6,,57.087,,,,,487.77,11.6,,57.087,,0.0,0.0,,,,0.0,0.0,,0.0,,,,,0.0,0.0,,,0.0,0.0,0.0,0.0,,,0.0,0.0,,,0.0,0.0,,0.0,0.0,,854.438,271.789,,,,487.77,11.6,,57.087,,,,,0.0,0.0,,0.0,,,,,0.0,0.0,,0.0,
North Korea,2004,PRK,23948936.0,41171423232.0,,,,,0.0,0.0,0.0,,357.445,,,,,372.042,8.91,2.242,3.715,7072.72,169.384,41.851,,21.29,21.29,,4.257,11.571,11831.834,6.882,,,372.042,8.91,,,41.851,,,,,0.0,0.0,,,0.0,0.0,0.0,0.0,,7.61,,,,516.933,12.38,,58.149,,,,,516.933,12.38,,58.149,,0.0,0.0,,,,0.0,0.0,,0.0,,,,,0.0,0.0,,,0.0,0.0,0.0,0.0,,,0.0,0.0,,,0.0,0.0,,0.0,0.0,,888.975,283.36,,,,516.933,12.38,,58.149,,,,,0.0,0.0,,0.0,,,,,0.0,0.0,,0.0,
North Korea,2005,PRK,24100980.0,42708226048.0,,,,,0.0,0.0,0.0,,353.763,,,,,381.312,9.19,5.526,9.361,7416.496,178.745,41.415,,22.19,22.19,,-1.669,-4.729,11560.98,6.524,,,381.312,9.19,,,41.415,,,,,0.0,0.0,,,0.0,0.0,0.0,0.0,,7.85,,,,539.397,13.0,,58.585,,,,,539.397,13.0,,58.585,,0.0,0.0,,,,0.0,0.0,,0.0,,,,,0.0,0.0,,,0.0,0.0,0.0,0.0,,,0.0,0.0,,,0.0,0.0,,0.0,0.0,,920.709,278.631,,,,539.397,13.0,,58.585,,,,,0.0,0.0,,0.0,,,,,0.0,0.0,,0.0,
North Korea,2006,PRK,24235764.0,42264170496.0,,,,,0.0,0.0,0.0,,362.339,,,,,380.842,9.23,2.577,4.606,7565.303,183.351,42.495,,21.72,21.72,,-5.217,-14.536,10896.9,6.249,,,380.842,9.23,,,42.495,,,,,0.0,0.0,,,0.0,0.0,0.0,0.0,,7.87,,,,515.354,12.49,,57.505,,,,,515.354,12.49,,57.505,,0.0,0.0,,,,0.0,0.0,,0.0,,,,,0.0,0.0,,,0.0,0.0,0.0,0.0,,,0.0,0.0,,,0.0,0.0,,0.0,0.0,,896.196,264.095,,,,515.354,12.49,,57.505,,,,,0.0,0.0,,0.0,,,,,0.0,0.0,,0.0,
North Korea,2007,PRK,24356508.0,41765543936.0,,,,,0.0,0.0,0.0,,319.617,,,,,318.19,7.75,-2.35,-4.309,7350.889,179.042,37.081,,20.9,20.9,,-8.327,-21.99,9940.034,5.797,,,318.19,7.75,,,37.081,,,,,0.0,0.0,,,0.0,0.0,0.0,0.0,,6.68,,,,539.897,13.15,,62.919,,,,,539.897,13.15,,62.919,,0.0,0.0,,,,0.0,0.0,,0.0,,,,,0.0,0.0,,,0.0,0.0,0.0,0.0,,,0.0,0.0,,,0.0,0.0,,0.0,0.0,,858.087,242.105,,,,539.897,13.15,,62.919,,,,,0.0,0.0,,0.0,,,,,0.0,0.0,,0.0,
North Korea,2008,PRK,24469050.0,43163303936.0,,,,,0.0,0.0,0.0,,327.265,,,,,351.056,8.59,3.983,7.132,7608.549,186.174,38.144,,22.52,22.52,,7.703,18.65,10656.522,6.041,,,351.056,8.59,,,38.144,,,,,0.0,0.0,,,0.0,0.0,0.0,0.0,,7.37,,,,569.291,13.93,,61.856,,,,,569.291,13.93,,61.856,,0.0,0.0,,,,0.0,0.0,,0.0,,,,,0.0,0.0,,,0.0,0.0,0.0,0.0,,,0.0,0.0,,,0.0,0.0,,0.0,0.0,,920.346,260.755,,,,569.291,13.93,,61.856,,,,,0.0,0.0,,0.0,,,,,0.0,0.0,,0.0,
North Korea,2009,PRK,24581508.0,42791211008.0,,,,,0.0,0.0,0.0,,339.19,,,,,329.923,8.11,1.756,3.269,7706.719,189.443,39.58,,20.49,20.49,,-15.395,-40.142,8974.746,5.156,,,329.923,8.11,,,39.58,,,,,0.0,0.0,,,0.0,0.0,0.0,0.0,,6.95,,,,503.631,12.38,,60.42,,,,,503.631,12.38,,60.42,,0.0,0.0,,,,0.0,0.0,,0.0,,,,,0.0,0.0,,,0.0,0.0,0.0,0.0,,,0.0,0.0,,,0.0,0.0,,0.0,0.0,,833.553,220.613,,,,503.631,12.38,,60.42,,,,,0.0,0.0,,0.0,,,,,0.0,0.0,,0.0,
North Korea,2010,PRK,24686436.0,42605441024.0,,,,,0.0,0.0,0.0,,317.966,,,,,314.748,7.77,26.125,49.493,9678.822,238.936,36.93,,21.04,21.04,,-4.527,-9.988,8532.009,4.944,,,314.748,7.77,,,36.93,,,,,0.0,0.0,,,0.0,0.0,0.0,0.0,,6.69,,,,537.542,13.27,,63.07,,,,,537.542,13.27,,63.07,,0.0,0.0,,,,0.0,0.0,,0.0,,,,,0.0,0.0,,,0.0,0.0,0.0,0.0,,,0.0,0.0,,,0.0,0.0,,0.0,0.0,,852.29,210.625,,,,537.542,13.27,,63.07,,,,,0.0,0.0,,0.0,,,,,0.0,0.0,,0.0,
North Korea,2011,PRK,24783790.0,42961428480.0,,,,,0.0,0.0,0.0,,264.282,,,,,228.375,5.66,-6.15,-14.695,9047.882,224.241,30.219,,18.73,18.73,,-25.271,-53.228,6350.811,3.664,,,228.375,5.66,,,30.219,,,,,0.0,0.0,,,0.0,0.0,0.0,0.0,,4.95,,,,527.361,13.07,,69.781,,,,,527.361,13.07,,69.781,,0.0,0.0,,,,0.0,0.0,,0.0,,,,,0.0,0.0,,,0.0,0.0,0.0,0.0,,,0.0,0.0,,,0.0,0.0,,0.0,0.0,,755.736,157.397,,,,527.361,13.07,,69.781,,,,,0.0,0.0,,0.0,,,,,0.0,0.0,,0.0,
North Korea,2012,PRK,24887770.0,43545174016.0,,,,,0.0,0.0,0.0,,252.8,,,,,216.572,5.39,0.345,0.773,9041.125,225.013,28.747,,18.75,18.75,,-4.41,-6.941,6045.368,3.455,,,216.572,5.39,,,28.747,,,,,0.0,0.0,,,0.0,0.0,0.0,0.0,,4.74,,,,536.81,13.36,,71.253,,,,,536.81,13.36,,71.253,,0.0,0.0,,,,0.0,0.0,,0.0,,,,,0.0,0.0,,,0.0,0.0,0.0,0.0,,,0.0,0.0,,,0.0,0.0,,0.0,0.0,,753.382,150.456,,,,536.81,13.36,,71.253,,,,,0.0,0.0,,0.0,,,,,0.0,0.0,,0.0,
North Korea,2013,PRK,25001824.0,44033757184.0,,,,,0.0,0.0,0.0,,209.147,,,,,166.788,4.17,-1.142,-2.57,8897.069,222.443,23.257,,17.93,17.93,,-21.199,-31.896,4742.056,2.692,,,166.788,4.17,,,23.257,,,,,0.0,0.0,,,0.0,0.0,0.0,0.0,,3.75,,,,550.36,13.76,,76.743,,,,,550.36,13.76,,76.743,,0.0,0.0,,,,0.0,0.0,,0.0,,,,,0.0,0.0,,,0.0,0.0,0.0,0.0,,,0.0,0.0,,,0.0,0.0,,0.0,0.0,,717.148,118.56,,,,550.36,13.76,,76.743,,,,,0.0,0.0,,0.0,,,,,0.0,0.0,,0.0,
North Korea,2014,PRK,25126140.0,44518469632.0,,,,,0.0,0.0,0.0,,233.848,,,,,183.474,4.61,2.457,5.465,9070.562,227.908,26.358,,17.49,17.49,,-5.951,-7.055,4437.806,2.505,,,183.474,4.61,,,26.358,,,,,0.0,0.0,,,0.0,0.0,0.0,0.0,,4.09,,,,512.216,12.87,,73.585,,,,,512.614,12.88,,73.642,,0.0,0.0,,,,0.0,0.0,,0.0,,,,,0.0,0.0,,,0.0,0.0,0.0,0.0,,,0.0,0.0,,,0.0,0.0,,0.0,0.0,,696.088,111.505,,,,512.614,12.88,,73.642,,,,,0.398,0.01,,0.057,,,,,0.0,0.0,,0.0,
North Korea,2015,PRK,25258012.0,44032954368.0,,,,,0.0,0.0,0.0,,232.489,,,,,138.966,3.51,-9.3,-21.195,8184.047,206.713,26.155,,13.42,13.42,,-11.464,-12.783,3908.553,2.242,,,138.966,3.51,,,26.155,,,,,0.0,0.0,,,0.0,0.0,0.0,0.0,,3.12,,,,391.955,9.9,,73.77,,,,,392.351,9.91,,73.845,,0.0,0.0,,,,0.0,0.0,,0.0,,,,,0.0,0.0,,,0.0,0.0,0.0,0.0,,,0.0,0.0,,,0.0,0.0,,0.0,0.0,,531.317,98.722,,,,392.351,9.91,,73.845,,,,,0.396,0.01,,0.075,,,,,0.0,0.0,,0.0,
North Korea,2016,PRK,25389614.0,43750891520.0,,,,,0.0,0.0,0.0,,210.145,,,,,152.818,3.88,13.116,27.111,9209.442,233.824,23.43,,16.56,16.56,,15.737,15.536,4500.188,2.612,,,152.818,3.88,,,23.43,,,,,0.0,0.0,,,0.0,0.0,0.0,0.0,,3.48,,,,499.023,12.67,,76.51,,,,,499.417,12.68,,76.57,,0.0,0.0,,,,0.0,0.0,,0.0,,,,,0.0,0.0,,,0.0,0.0,0.0,0.0,,,0.0,0.0,,,0.0,0.0,,0.0,0.0,,652.235,114.258,,,,499.417,12.68,,76.57,,,,,0.394,0.01,,0.06,,,,,0.0,0.0,,0.0,
North Korea,2017,PRK,25516318.0,42247168000.0,,,,,0.0,0.0,0.0,,177.276,,,,,110.518,2.82,,,,,19.302,,14.61,14.61,,-18.31,-20.921,3657.935,2.209,,,110.518,2.82,,,19.302,,,,,0.0,0.0,,,,,,0.0,,2.59,,,,461.665,11.78,,80.63,,,,,462.057,11.79,,80.698,,0.0,0.0,,,,0.0,0.0,,0.0,,,,,0.0,0.0,,,,,,0.0,,,0.0,0.0,,,0.0,0.0,,0.0,0.0,,572.575,93.337,,,,462.057,11.79,,80.698,,,,,0.392,0.01,,0.068,,,,,0.0,0.0,,0.0,
North Korea,2018,PRK,25638152.0,40517136384.0,,,,,0.0,0.0,0.0,,153.236,,,,,95.951,2.46,,,,,16.248,,15.14,15.14,,3.66,3.416,3773.798,2.388,,,95.951,2.46,,,16.248,,,,,0.0,0.0,,,,,,0.0,,2.32,,,,494.185,12.67,,83.686,,,,,494.575,12.68,,83.752,,0.0,0.0,,,,0.0,0.0,,0.0,,,,,0.0,0.0,,,,,,0.0,,,0.0,0.0,,,0.0,0.0,,0.0,0.0,,590.526,96.753,,,,494.575,12.68,,83.752,,,,,0.39,0.01,,0.066,,,,,0.0,0.0,,0.0,
North Korea,2019,PRK,25755442.0,,,,,,0.0,0.0,0.0,,166.791,,,,,93.572,2.41,,,,,17.945,,13.43,13.43,,1.623,1.57,3817.566,,,,93.572,2.41,,,17.945,,,,,0.0,0.0,,,,,,0.0,,2.24,,,,427.094,11.0,,81.906,,,,,427.871,11.02,,82.055,,0.0,0.0,,,,0.0,0.0,,0.0,,,,,0.0,0.0,,,,,,0.0,,,0.0,0.0,,,0.0,0.0,,0.0,0.0,,521.443,98.323,,,,427.871,11.02,,82.055,,,,,0.777,0.02,,0.149,,,,,0.0,0.0,,0.0,
North Korea,2020,PRK,25867474.0,,,,,,0.0,0.0,0.0,,144.937,,,,,88.528,2.29,,,,,15.156,,15.11,15.11,,1.532,1.506,3859.256,,,,88.528,2.29,,,15.156,,,,,0.0,0.0,,,,,,0.0,,2.19,,,,494.83,12.8,,84.712,,,,,495.603,12.82,,84.844,,0.0,0.0,,,,0.0,0.0,,0.0,,,,,0.0,0.0,,,,,,0.0,,,0.0,0.0,,,0.0,0.0,,0.0,0.0,,584.131,99.829,,,,495.603,12.82,,84.844,,,,,0.773,0.02,,0.132,,,,,0.0,0.0,,0.0,
North Korea,2021,PRK,25971910.0,,,,,,0.0,0.0,0.0,,157.785,,,,,93.563,2.43,,,,,16.817,,14.45,14.45,,-0.255,-0.254,3833.954,,,,93.563,2.43,,,16.817,,,,,0.0,0.0,,,,,,0.0,,2.28,,,,462.038,12.0,,83.045,,,,,462.808,12.02,,83.183,,0.0,0.0,,,,0.0,0.0,,0.0,,,,,0.0,0.0,,,,,,0.0,,,0.0,0.0,,,0.0,0.0,,0.0,0.0,,556.37,99.575,,,,462.808,12.02,,83.183,,,,,0.77,0.02,,0.138,,,,,0.0,0.0,,0.0,
North Macedonia,1990,MKD,2044181.0,17074264064.0,,,0.0,0.0,0.0,0.0,0.0,,,,,7566.238,15.467,2524.238,5.16,,,,,89.739,,5.83,5.75,19.387,,,14509.268,1.737,,,2573.157,5.26,,,91.478,,,,,0.0,0.0,,,,,,0.0,,,,,1.452,239.705,0.49,710.251,8.522,,,,1.452,239.705,0.49,710.251,8.522,,0.08,1.372,,,,0.0,0.0,,0.0,,,,12.741,48.919,0.1,6232.778,,,,,1.739,,0.0,0.0,0.0,,,0.0,0.0,0.0,0.0,0.0,,2812.863,29.66,,,1.452,239.705,0.49,710.251,8.522,,,,0.0,0.0,0.0,0.0,0.0,,,,0.0,0.0,0.0,0.0,0.0,
North Macedonia,1991,MKD,2036691.0,16091739136.0,,0.0,0.0,0.0,0.0,0.0,0.0,,,0.432,0.067,7626.879,15.534,2386.224,4.86,,,,,84.229,,5.84,5.77,19.594,-0.715,-0.212,14458.464,1.83,,,2415.683,4.92,,,85.269,,,,,0.0,0.0,,,,,,0.0,,,72.709,1.056,2.508,417.344,0.85,1231.177,14.731,,72.709,1.056,2.508,417.344,0.85,1231.177,14.731,,0.07,1.199,,,,0.0,0.0,,0.0,,-10.475,-1.335,11.406,29.46,0.06,5600.408,,,,,1.04,,0.0,0.0,0.0,,0.0,0.0,0.0,0.0,0.0,0.0,,2833.027,29.447,72.709,1.056,2.508,417.344,0.85,1231.177,14.731,,,0.0,0.0,0.0,0.0,0.0,0.0,,,0.0,0.0,0.0,0.0,0.0,0.0,
North Macedonia,1992,MKD,2018024.0,15098989568.0,,0.0,0.0,0.0,0.0,0.0,0.0,,,-0.587,-0.091,7652.282,15.442,2556.957,5.16,,,6208.365,12.529,85.008,,6.34,6.07,20.075,2.681,0.79,14983.443,2.003,,,2586.689,5.22,,,85.997,,,,,0.0,0.0,,,,0.0,0.0,0.0,,,0.0,0.0,2.508,421.204,0.85,1242.565,14.003,,0.0,0.0,2.508,421.204,0.85,1242.565,14.003,,0.27,4.259,,,,0.0,0.0,,0.0,,7.721,0.881,12.287,29.732,0.06,6088.596,,,0.0,0.0,0.988,,0.0,0.0,0.0,,0.0,0.0,0.0,0.0,0.0,0.0,,3007.893,30.237,0.0,0.0,2.508,421.204,0.85,1242.565,14.003,,,0.0,0.0,0.0,0.0,0.0,0.0,,,0.0,0.0,0.0,0.0,0.0,0.0,
North Macedonia,1993,MKD,1996896.0,14032408576.0,,0.0,0.0,0.0,0.0,0.0,0.0,,,0.497,0.077,7771.656,15.519,2288.552,4.57,-0.874,-0.11,6219.207,12.419,88.224,,5.79,5.18,17.107,0.141,0.043,15163.268,2.158,,,2333.622,4.66,,,89.961,,,,,0.0,0.0,,,0.0,0.0,0.0,0.0,,,-38.443,-0.964,1.544,260.404,0.52,772.974,10.039,,-38.443,-0.964,1.544,260.404,0.52,772.974,10.039,,0.61,10.535,,,,0.0,0.0,,0.0,,7.567,0.93,13.217,45.07,0.09,6618.639,,0.0,0.0,0.0,1.737,,0.0,0.0,0.0,,0.0,0.0,0.0,0.0,0.0,0.0,,2594.026,30.279,-38.443,-0.964,1.544,260.404,0.52,772.974,10.039,,,0.0,0.0,0.0,0.0,0.0,0.0,,,0.0,0.0,0.0,0.0,0.0,0.0,
North Macedonia,1994,MKD,1982458.0,13843362816.0,,0.0,0.0,0.0,0.0,0.0,0.0,,,3.876,0.602,8131.687,16.121,2628.051,5.21,-0.824,-0.102,6212.877,12.317,87.71,,6.01,5.94,20.885,-6.069,-1.838,14346.741,2.055,,,2648.228,5.25,,,88.384,,,,,0.0,0.0,,,0.0,0.0,0.0,0.0,,,33.142,0.512,2.055,348.053,0.69,1036.646,11.616,,33.142,0.512,2.055,348.053,0.69,1036.646,11.616,,0.07,1.165,,,,0.0,0.0,,0.0,,-22.326,-2.951,10.266,20.177,0.04,5178.409,,0.0,0.0,0.0,0.673,,0.0,0.0,0.0,,0.0,0.0,0.0,0.0,0.0,0.0,,2996.281,28.442,33.142,0.512,2.055,348.053,0.69,1036.646,11.616,,,0.0,0.0,0.0,0.0,0.0,0.0,,,0.0,0.0,0.0,0.0,0.0,0.0,
North Macedonia,1995,MKD,1983971.0,13754777600.0,,0.0,0.0,0.0,0.0,0.0,0.0,,,3.142,0.507,8380.804,16.627,2666.37,5.29,5.671,0.698,6560.175,13.015,86.297,,6.25,6.13,21.395,0.736,0.209,14441.307,2.083,,,2686.531,5.33,,,86.949,,,,,0.0,0.0,,,0.0,0.0,0.0,0.0,,,15.252,0.313,2.369,403.232,0.8,1193.842,13.051,,15.252,0.313,2.369,403.232,0.8,1193.842,13.051,,0.12,1.92,,,,0.0,0.0,,0.0,,-5.948,-0.611,9.655,20.162,0.04,4866.662,,0.0,0.0,0.0,0.653,,0.0,0.0,0.0,,0.0,0.0,0.0,0.0,0.0,0.0,,3089.763,28.651,15.252,0.313,2.369,403.232,0.8,1193.842,13.051,,,0.0,0.0,0.0,0.0,0.0,0.0,,,0.0,0.0,0.0,0.0,0.0,0.0,
North Macedonia,1996,MKD,1994230.0,13985296384.0,,0.0,0.0,0.0,0.0,0.0,0.0,,,-3.246,-0.54,8067.082,16.088,2868.275,5.72,-1.435,-0.187,6432.794,12.828,86.145,,6.61,6.64,19.952,16.157,4.629,16688.305,2.38,,,2903.376,5.79,,,87.199,,,,,0.0,0.0,,,0.0,0.0,0.0,0.0,,,6.117,0.145,2.513,426.23,0.85,1260.357,12.801,,6.117,0.145,2.513,426.23,0.85,1260.357,12.801,,-0.03,-0.454,,,,0.0,0.0,,0.0,,52.033,5.024,14.679,35.101,0.07,7360.867,,0.0,0.0,0.0,1.054,,0.0,0.0,0.0,,0.0,0.0,0.0,0.0,0.0,0.0,,3329.606,33.28,6.117,0.145,2.513,426.23,0.85,1260.357,12.801,,,0.0,0.0,0.0,0.0,0.0,0.0,,,0.0,0.0,0.0,0.0,0.0,0.0,
North Macedonia,1997,MKD,2004240.0,14249369600.0,,0.0,0.0,0.0,0.0,0.0,0.0,0.0,,-6.469,-1.041,7507.501,15.047,2873.907,5.76,-6.228,-0.799,6002.023,12.029,85.587,50.133,6.8,6.73,22.423,-9.816,-3.267,14975.063,2.106,,,2908.833,5.83,13647.232,27.352,86.627,91.133,,,0.0,0.0,0.0,0.0,,0.0,0.0,0.0,0.0,0.0,,5.882,0.148,2.661,449.048,0.9,1327.83,13.373,8.867,5.882,0.148,2.661,449.048,0.9,1327.83,13.373,8.867,0.07,1.029,,,,0.0,0.0,,0.0,,-16.171,-2.374,12.305,34.926,0.07,6139.731,,0.0,0.0,0.0,1.04,41.0,0.0,0.0,0.0,,0.0,0.0,0.0,0.0,0.0,0.0,0.0,3357.881,30.014,5.882,0.148,2.661,449.048,0.9,1327.83,13.373,8.867,,0.0,0.0,0.0,0.0,0.0,0.0,0.0,,0.0,0.0,0.0,0.0,0.0,0.0,0.0
North Macedonia,1998,MKD,2012844.0,14789551104.0,,0.0,0.0,0.0,0.0,0.0,0.0,0.0,,29.298,4.408,9665.556,19.455,2936.144,5.91,22.03,2.65,7292.953,14.68,83.83,57.35,7.05,7.05,20.782,13.029,3.91,16853.76,2.294,12.318,3.369,2965.953,5.97,15262.766,30.722,84.681,90.56,,0.191,0.191,0.0,0.0,95.139,,0.0,0.0,0.0,0.0,0.564,,20.333,0.541,3.202,536.554,1.08,1590.992,15.319,9.44,20.333,0.541,3.202,536.554,1.08,1590.992,15.319,9.44,0.0,0.0,,,,0.0,0.0,,0.0,,-10.001,-1.231,11.075,29.809,0.06,5502.072,,0.0,0.0,0.0,0.851,32.646,0.0,0.0,0.0,,0.0,0.0,0.0,0.0,0.0,0.0,0.0,3502.507,33.924,20.333,0.541,3.202,536.554,1.08,1590.992,15.319,9.44,,0.0,0.0,0.0,0.0,0.0,0.0,0.0,,0.0,0.0,0.0,0.0,0.0,0.0,0.0
North Macedonia,1999,MKD,2023781.0,15508166656.0,,0.0,0.0,0.0,0.0,0.0,0.0,0.0,,-12.79,-2.488,8383.758,16.967,2688.038,5.44,-9.797,-1.438,6542.913,13.241,79.3,52.199,6.76,6.86,21.105,-4.186,-1.42,16061.009,2.096,-7.568,-2.325,2702.862,5.47,14031.511,28.397,79.738,87.364,85.0,0.163,0.354,0.0,0.0,175.056,,0.0,0.0,0.0,0.0,1.09,,28.255,0.905,4.107,686.833,1.39,2029.497,20.262,12.636,28.255,0.905,4.107,686.833,1.39,2029.497,20.262,12.636,-0.1,-1.479,,,,0.0,0.0,,0.0,,0.007,0.001,11.076,14.824,0.03,5472.697,,0.0,0.0,0.0,0.437,34.074,0.0,0.0,0.0,,0.0,0.0,0.0,0.0,0.0,0.0,0.0,3389.695,32.504,28.255,0.905,4.107,686.833,1.39,2029.497,20.262,12.636,,0.0,0.0,0.0,0.0,0.0,0.0,0.0,,0.0,0.0,0.0,0.0,0.0,0.0,0.0
North Macedonia,2000,MKD,2037940.0,16307994624.0,,0.0,0.0,0.0,0.0,0.0,0.0,0.0,675.477,-8.38,-1.422,7627.798,15.545,2556.503,5.21,1.912,0.253,6621.677,13.495,76.505,50.393,6.92,6.81,22.076,-5.096,-1.656,15136.714,1.892,-3.552,-1.009,2767.5,5.64,13439.079,27.388,82.819,88.785,62.162,0.22,0.574,0.0,0.0,281.902,,0.0,0.0,0.0,0.0,1.862,4.6,-15.767,-0.648,3.46,574.109,1.17,1697.634,17.181,11.215,-15.767,-0.648,3.46,574.109,1.17,1697.634,17.181,11.215,0.11,1.59,,,,0.0,0.0,,0.0,,1.743,0.193,11.269,210.997,0.43,5529.379,,0.0,0.0,0.0,6.314,36.53,0.0,0.0,0.0,,0.0,0.0,0.0,0.0,0.0,0.0,0.0,3341.61,30.848,-15.767,-0.648,3.46,574.109,1.17,1697.634,17.181,11.215,,0.0,0.0,0.0,0.0,0.0,0.0,0.0,,0.0,0.0,0.0,0.0,0.0,0.0,0.0
North Macedonia,2001,MKD,2053391.0,15900560384.0,,0.0,0.0,0.0,0.0,0.0,0.0,0.0,739.403,10.569,1.643,8370.538,17.188,2712.586,5.57,7.85,1.059,7087.736,14.554,87.441,59.219,6.8,6.37,21.947,-5.91,-1.823,14134.944,1.825,-0.739,-0.203,2795.376,5.74,13239.325,27.186,90.11,93.664,33.333,0.192,0.766,0.0,0.0,373.041,,0.0,0.0,0.0,0.0,2.639,4.71,-46.496,-1.621,1.839,306.81,0.63,895.619,9.89,6.336,-46.496,-1.621,1.839,306.81,0.63,895.619,9.89,6.336,0.43,6.324,,,,0.0,0.0,,0.0,,-18.077,-2.037,9.232,82.79,0.17,4495.745,,0.0,0.0,0.0,2.669,31.806,0.0,0.0,0.0,,0.0,0.0,0.0,0.0,0.0,0.0,0.0,3102.186,29.025,-46.496,-1.621,1.839,306.81,0.63,895.619,9.89,6.336,,0.0,0.0,0.0,0.0,0.0,0.0,0.0,,0.0,0.0,0.0,0.0,0.0,0.0,0.0
North Macedonia,2002,MKD,2064739.0,16235362304.0,,0.0,0.0,0.0,0.0,0.0,0.0,0.0,717.57,-13.064,-2.245,7237.033,14.943,2479.732,5.12,-6.489,-0.944,6591.385,13.609,84.072,52.686,6.88,6.09,21.473,-2.285,-0.663,13736.116,1.747,-3.802,-1.034,2581.44,5.33,12665.978,26.152,87.521,92.209,2.5,0.019,0.785,0.0,0.0,380.266,,0.0,0.0,0.0,0.0,2.768,4.37,20.927,0.371,2.21,368.085,0.76,1070.139,12.479,7.791,20.927,0.371,2.21,368.085,0.76,1070.139,12.479,7.791,0.79,11.483,,,,0.0,0.0,,0.0,,12.92,1.193,10.424,101.708,0.21,5048.678,,0.0,0.0,0.0,3.448,36.755,0.0,0.0,0.0,,0.0,0.0,0.0,0.0,0.0,0.0,0.0,2949.526,28.361,20.927,0.371,2.21,368.085,0.76,1070.139,12.479,7.791,,0.0,0.0,0.0,0.0,0.0,0.0,0.0,,0.0,0.0,0.0,0.0,0.0,0.0,0.0
North Macedonia,2003,MKD,2071150.0,16692704256.0,,0.0,0.0,0.0,0.0,0.0,0.0,0.0,656.761,15.144,2.263,8307.199,17.205,2578.278,5.34,-2.612,-0.355,6399.339,13.254,79.346,53.808,7.68,6.73,21.047,12.743,3.614,15438.576,1.916,7.032,1.839,2587.934,5.36,13514.634,27.991,79.643,87.538,-10.976,-0.086,0.699,0.0,0.0,337.482,,0.0,0.0,0.0,0.0,2.186,4.42,81.506,1.775,3.985,661.468,1.37,1923.941,20.357,12.462,81.506,1.775,3.985,661.468,1.37,1923.941,20.357,12.462,0.95,12.37,,,,0.0,0.0,,0.0,,-3.241,-0.338,10.086,9.656,0.02,4869.953,,0.0,0.0,0.0,0.297,31.544,0.0,0.0,0.0,,0.0,0.0,0.0,0.0,0.0,0.0,0.0,3249.402,31.976,81.506,1.775,3.985,661.468,1.37,1923.941,20.357,12.462,,0.0,0.0,0.0,0.0,0.0,0.0,0.0,,0.0,0.0,0.0,0.0,0.0,0.0,0.0
North Macedonia,2004,MKD,2075879.0,17567377408.0,,0.0,0.0,0.0,0.0,0.0,0.0,0.0,642.643,-4.971,-0.855,7876.254,16.35,2485.694,5.16,-1.856,-0.246,6266.269,13.008,77.477,51.779,7.84,6.66,21.091,-1.246,-0.399,15211.423,1.797,-2.445,-0.684,2495.328,5.18,13154.17,27.306,77.778,86.476,-2.715,-0.019,0.68,0.0,0.0,327.572,,0.0,0.0,0.0,0.0,2.153,4.28,7.86,0.286,4.271,712.951,1.48,2057.253,22.222,13.524,7.86,0.286,4.271,712.951,1.48,2057.253,22.222,13.524,1.18,15.051,,,,0.0,0.0,,0.0,,1.883,0.19,10.276,9.634,0.02,4950.344,,0.0,0.0,0.0,0.3,32.544,0.0,0.0,0.0,,0.0,0.0,0.0,0.0,0.0,0.0,0.0,3208.279,31.577,7.86,0.286,4.271,712.951,1.48,2057.253,22.222,13.524,,0.0,0.0,0.0,0.0,0.0,0.0,0.0,,0.0,0.0,0.0,0.0,0.0,0.0,0.0
North Macedonia,2005,MKD,2078667.0,18483240960.0,,0.0,0.0,0.0,0.0,0.0,0.0,0.0,649.856,3.767,0.616,8161.981,16.966,2617.062,5.44,-5.024,-0.654,5943.458,12.354,78.386,51.95,8.54,6.94,21.25,3.425,1.081,15711.266,1.767,3.954,1.08,2621.873,5.45,13656.0,28.386,78.53,86.919,6.914,0.047,0.727,0.0,0.0,349.75,,0.0,0.0,0.0,0.0,2.226,4.51,0.675,0.002,4.272,716.806,1.49,2055.266,21.47,13.081,0.675,0.002,4.272,716.806,1.49,2055.266,21.47,13.081,1.6,18.735,,,,0.0,0.0,,0.0,,4.057,0.417,10.693,4.811,0.01,5144.268,,0.0,0.0,0.0,0.144,32.743,0.0,0.0,0.0,,0.0,0.0,0.0,0.0,0.0,0.0,0.0,3338.678,32.658,0.675,0.002,4.272,716.806,1.49,2055.266,21.47,13.081,,0.0,0.0,0.0,0.0,0.0,0.0,0.0,,0.0,0.0,0.0,0.0,0.0,0.0,0.0
North Macedonia,2006,MKD,2081081.0,19516264448.0,,0.0,0.0,0.0,0.0,0.0,0.0,0.0,629.101,-2.824,-0.479,7922.264,16.487,2455.455,5.11,-3.517,-0.434,5727.78,11.92,72.896,49.658,8.8,7.01,21.114,1.661,0.542,15953.717,1.701,0.422,0.12,2575.584,5.36,13697.717,28.506,76.462,85.859,7.093,0.052,0.779,0.0,0.0,374.124,,0.0,0.0,0.0,0.0,2.345,4.41,10.59,0.423,4.695,792.857,1.65,2256.0,23.538,14.141,10.59,0.423,4.695,792.857,1.65,2256.0,23.538,14.141,1.79,20.341,,,0.0,0.0,0.0,0.0,0.0,0.0,5.119,0.547,11.241,120.13,0.25,5401.329,,0.0,0.0,0.0,3.566,33.856,0.0,0.0,0.0,,0.0,0.0,0.0,0.0,0.0,0.0,0.0,3368.442,33.201,10.59,0.423,4.695,792.857,1.65,2256.0,23.538,14.141,,0.0,0.0,0.0,0.0,0.0,0.0,0.0,,0.0,0.0,0.0,0.0,0.0,0.0,0.0
North Macedonia,2007,MKD,2083494.0,20864536576.0,,0.0,0.0,0.0,0.0,0.0,0.0,0.0,687.692,2.613,0.431,8119.868,16.918,2404.615,5.01,-1.958,-0.233,5609.118,11.687,77.077,51.305,8.99,6.5,19.712,-0.682,-0.226,15826.587,1.58,5.657,1.613,2634.997,5.49,14455.862,30.119,84.462,91.339,27.595,0.215,0.993,0.0,0.0,476.812,,0.0,0.0,0.0,0.0,3.013,4.47,-38.788,-1.839,2.856,484.763,1.01,1370.725,15.538,8.661,-38.788,-1.839,2.856,484.763,1.01,1370.725,15.538,8.661,2.49,27.697,,,,0.0,0.0,,0.0,,8.602,0.967,12.208,230.382,0.48,5859.182,,0.0,0.0,0.0,7.385,37.021,0.0,0.0,0.0,,0.0,0.0,0.0,0.0,0.0,0.0,0.0,3119.759,32.975,-38.788,-1.839,2.856,484.763,1.01,1370.725,15.538,8.661,,0.0,0.0,0.0,0.0,0.0,0.0,0.0,,0.0,0.0,0.0,0.0,0.0,0.0,0.0
North Macedonia,2008,MKD,2086228.0,22095099904.0,,0.015,7.046,0.015,0.0,0.0,0.0,0.046,711.569,2.484,0.42,8310.633,17.338,2535.677,5.29,17.222,2.013,6566.522,13.699,83.835,54.296,9.04,6.31,19.761,-3.162,-1.043,15306.128,1.445,-1.865,-0.562,2621.957,5.47,14167.64,29.557,86.688,92.562,13.702,0.136,1.13,0.0,0.0,541.433,,0.0,0.0,0.0,0.0,3.537,4.49,-16.832,-0.495,2.36,402.641,0.84,1131.443,13.312,7.392,-15.376,-0.481,2.375,402.641,0.84,1138.49,13.312,7.438,2.73,30.199,,,,0.0,0.0,,0.0,,-9.159,-1.118,11.089,86.28,0.18,5315.574,,0.0,0.0,0.0,2.853,34.728,0.0,0.0,0.0,,0.0,0.0,0.0,0.0,0.0,0.0,0.0,3024.598,31.932,-15.376,-0.481,2.375,402.641,0.84,1138.49,13.312,7.438,,0.0,0.0,0.0,0.0,0.0,0.0,0.0,,0.0,0.0,0.0,0.0,0.0,0.0,0.0
North Macedonia,2009,MKD,2089793.0,22109681664.0,49.446,0.007,10.513,0.022,0.0,0.0,0.0,0.07,668.622,-10.312,-1.788,7440.943,15.55,2536.136,5.3,-2.674,-0.366,6380.054,13.333,77.713,49.444,8.26,6.82,21.685,-1.51,-0.482,15049.309,1.422,-5.669,-1.676,2655.765,5.55,13341.621,27.881,81.378,88.653,-33.743,-0.381,0.748,0.0,0.0,358.123,,0.0,0.0,0.0,0.0,2.38,4.56,51.19,1.186,3.547,607.716,1.27,1697.175,18.622,11.277,51.16,1.194,3.569,607.716,1.27,1707.688,18.622,11.347,1.44,17.433,,,,0.0,0.0,,0.0,,4.448,0.493,11.583,119.629,0.25,5542.555,,0.0,0.0,0.0,3.666,36.829,0.0,0.0,0.0,,0.0,0.0,0.0,0.0,0.0,0.0,0.0,3263.481,31.45,51.16,1.194,3.569,607.716,1.27,1707.688,18.622,11.347,,0.0,0.0,0.0,0.0,0.0,0.0,0.0,,0.0,0.0,0.0,0.0,0.0,0.0,0.0
North Macedonia,2010,MKD,2093828.0,22959144960.0,-76.866,-0.017,2.427,0.005,0.0,0.0,0.0,0.015,550.964,-3.169,-0.493,7191.263,15.057,2263.796,4.74,-9.453,-1.26,5765.796,12.073,65.289,44.095,8.68,7.26,21.261,8.577,2.698,16308.639,1.487,-1.744,-0.486,2306.78,4.83,13083.643,27.395,66.529,80.225,48.12,0.36,1.109,14.328,0.03,529.431,,0.0,0.0,0.0,0.413,3.246,4.0,91.417,3.201,6.747,1160.554,2.43,3222.534,33.471,19.76,88.558,3.184,6.753,1160.554,2.43,3224.996,33.471,19.775,1.42,16.359,,,,0.0,0.0,,0.0,,-3.054,-0.354,11.229,28.656,0.06,5362.949,,0.0,0.0,0.0,0.826,32.884,0.0,0.0,0.0,,0.0,0.0,0.0,0.0,0.0,0.0,0.0,3467.334,34.147,88.558,3.184,6.753,1160.554,2.43,3224.996,33.471,19.775,,0.0,0.0,0.0,0.0,0.034,0.0,0.0,,0.0,0.0,0.0,0.0,0.0,0.0,0.0
North Macedonia,2011,MKD,2097110.0,23603470336.0,-34.096,-0.002,1.597,0.003,0.0,0.0,0.0,0.01,644.97,14.208,2.139,8200.129,17.197,2465.297,5.17,22.085,2.666,7028.161,14.739,76.479,50.483,9.44,6.76,19.845,-0.243,-0.083,16243.486,1.443,9.891,2.71,2541.593,5.33,14355.299,30.105,78.846,88.376,15.695,0.174,1.283,42.916,0.09,611.566,,0.0,0.0,0.0,1.331,3.765,4.36,-41.053,-2.794,3.953,681.891,1.43,1885.047,21.154,11.605,-40.991,-2.793,3.96,681.891,1.43,1888.188,21.154,11.624,2.68,28.39,,,,0.0,0.0,,0.0,,3.531,0.396,11.626,33.379,0.07,5543.604,,0.0,0.0,0.0,1.036,34.128,0.0,0.0,0.0,,0.0,0.0,0.0,0.0,0.0,0.0,0.0,3223.484,34.064,-40.991,-2.793,3.96,681.891,1.43,1888.188,21.154,11.624,4411.538,0.003,0.003,0.0,0.0,1.543,0.0,0.009,,0.0,0.0,0.0,0.0,0.0,0.0,0.0
North Macedonia,2012,MKD,2099486.0,23487100928.0,-21.528,-0.001,1.252,0.003,0.0,0.0,0.0,0.008,669.329,-5.871,-1.01,7709.958,16.187,2300.563,4.83,-10.951,-1.614,6251.396,13.125,77.157,51.181,8.93,6.26,19.793,-7.155,-2.437,15064.223,1.347,-4.459,-1.342,2486.323,5.22,13699.719,28.762,83.387,90.942,3.768,0.048,1.331,142.892,0.3,633.89,,0.0,0.0,0.0,4.792,4.208,4.19,-27.355,-1.099,2.854,495.359,1.04,1359.549,16.613,9.025,-27.204,-1.095,2.865,495.359,1.04,1364.505,16.613,9.058,2.67,29.899,,,,0.0,0.0,,0.0,,-3.277,-0.381,11.245,42.868,0.09,5355.87,,0.0,0.0,0.0,1.438,35.554,0.0,0.0,0.0,,0.0,0.0,0.0,0.0,0.0,0.0,0.0,2981.682,31.627,-27.204,-1.095,2.865,495.359,1.04,1364.505,16.613,9.058,141.773,0.005,0.008,0.0,0.0,3.704,0.0,0.025,,0.0,0.0,0.0,0.0,0.0,0.0,0.0
North Macedonia,2013,MKD,2102220.0,24174659584.0,299.115,0.008,4.99,0.01,0.0,0.0,0.0,0.035,591.133,-16.35,-2.647,6440.985,13.54,1917.021,4.03,-8.536,-1.12,5710.325,12.004,66.174,44.801,8.52,6.09,20.15,-4.438,-1.404,14376.997,1.25,-10.051,-2.891,2140.594,4.5,12306.744,25.871,73.892,85.6,13.206,0.176,1.507,171.248,0.36,716.669,,0.0,0.0,0.0,5.911,4.985,3.6,52.158,1.463,4.317,751.586,1.58,2053.53,25.944,14.283,53.231,1.487,4.352,756.343,1.59,2070.254,26.108,14.4,2.43,28.521,,,,0.0,0.0,,0.0,,-3.736,-0.42,10.825,52.326,0.11,5149.089,,0.0,0.0,0.0,1.806,35.815,0.0,0.0,0.0,,0.0,0.0,0.0,0.0,0.0,0.0,0.0,2896.938,30.224,53.231,1.487,4.352,756.343,1.59,2070.254,26.108,14.4,219.147,0.017,0.025,4.757,0.01,11.734,0.164,0.082,,0.0,0.0,0.0,0.0,0.0,0.0,0.0
North Macedonia,2014,MKD,2105293.0,25062699008.0,-65.521,-0.007,1.718,0.004,0.0,0.0,0.0,0.013,615.242,-7.471,-1.012,5951.091,12.529,1776.475,3.74,0.663,0.08,5739.767,12.084,69.517,44.803,8.34,5.38,19.239,-7.475,-2.259,13282.878,1.116,-5.45,-1.41,1942.723,4.09,11619.04,24.461,76.022,87.474,-14.211,-0.214,1.292,94.999,0.2,613.929,,0.0,0.0,0.0,3.717,4.622,3.31,-23.821,-1.048,3.269,574.742,1.21,1552.722,22.491,11.69,-19.222,-0.849,3.503,612.741,1.29,1663.838,23.978,12.526,2.96,35.492,,,,0.0,0.0,,0.0,,-1.703,-0.184,10.64,71.249,0.15,5054.021,,0.0,0.0,0.0,2.788,38.049,0.0,0.0,0.0,,0.0,0.0,0.0,0.0,0.0,0.0,0.0,2555.464,27.964,-19.222,-0.849,3.503,612.741,1.29,1663.838,23.978,12.526,58.9,0.014,0.039,4.75,0.01,18.507,0.186,0.139,,0.191,0.191,33.25,0.07,90.891,1.301,0.684
North Macedonia,2015,MKD,2107965.0,26042277888.0,1.93,0.0,1.749,0.004,9.488,0.02,0.354,0.013,520.354,-9.835,-1.232,5358.97,11.297,1565.491,3.3,-11.155,-1.348,5093.043,10.736,58.407,38.315,8.16,5.65,19.163,5.431,1.519,13986.548,1.132,-1.862,-0.456,1717.296,3.62,11388.199,24.006,64.071,81.423,0.732,0.009,1.302,85.39,0.18,617.636,,0.0,0.0,0.0,3.186,4.416,2.94,54.576,1.754,5.023,887.112,1.87,2382.826,33.097,17.037,56.913,1.974,5.477,963.014,2.03,2598.348,35.929,18.577,2.51,30.76,,,,0.0,0.0,,0.0,,7.211,0.767,11.407,66.415,0.14,5411.593,,0.0,0.0,0.0,2.478,38.691,0.065,0.02,0.0,,0.065,9.488,0.0,30.619,0.354,0.0,0.219,2680.31,29.483,56.913,1.974,5.477,963.014,2.03,2598.348,35.929,18.577,57.141,0.022,0.061,9.488,0.02,28.872,0.354,0.206,70.978,0.134,0.325,56.927,0.12,154.283,2.124,1.103
North Macedonia,2016,MKD,2110194.0,26681432064.0,-77.287,-0.003,0.397,0.001,18.956,0.04,0.71,0.003,493.783,-9.811,-1.108,4828.123,10.188,1369.542,2.89,-14.935,-1.603,4327.822,9.133,51.332,33.306,7.66,5.63,18.405,3.754,1.107,14496.338,1.146,4.301,1.032,1687.049,3.56,11865.461,25.038,63.233,81.851,57.251,0.745,2.047,270.117,0.57,970.213,,0.0,0.0,0.0,10.124,6.693,2.78,1.724,0.056,5.079,900.391,1.9,2407.013,33.748,16.604,1.719,0.074,5.552,980.952,2.07,2630.877,36.767,18.149,2.03,26.501,,,,0.0,0.0,,0.0,,12.232,1.395,12.803,47.389,0.1,6067.125,,0.0,0.0,0.0,1.776,41.853,0.115,0.04,0.0,78.214,0.05,18.956,0.0,54.509,0.71,0.0,0.376,2668.001,30.59,1.719,0.074,5.552,980.952,2.07,2630.877,36.767,18.149,4.867,0.003,0.063,9.478,0.02,30.066,0.355,0.207,-9.344,-0.032,0.293,52.128,0.11,138.892,1.954,0.958
North Macedonia,2017,MKD,2111982.0,26969989120.0,73.611,0.001,0.688,0.001,23.674,0.05,0.893,0.005,587.5,9.301,0.948,5272.72,11.136,1605.127,3.39,,,,,60.536,37.836,7.58,5.6,19.027,-3.787,-1.158,13935.601,1.091,3.656,0.915,2040.737,4.31,12288.798,25.954,76.964,88.183,28.596,0.585,2.633,392.996,0.83,1246.599,,,,,14.821,8.945,3.29,-41.482,-2.124,2.955,525.573,1.11,1399.053,19.821,10.039,-37.239,-2.074,3.478,610.801,1.29,1646.802,23.036,11.817,1.98,26.121,,,,0.0,0.0,,0.0,,-4.825,-0.618,12.185,42.614,0.09,5769.479,,,,,1.607,41.401,0.165,0.05,0.0,43.066,0.05,23.674,0.0,77.918,0.893,0.0,0.559,2651.538,29.432,-37.239,-2.074,3.478,610.801,1.29,1646.802,23.036,11.817,0.215,-0.0,0.063,9.47,0.02,29.928,0.357,0.215,0.911,0.001,0.294,52.084,0.11,139.215,1.964,0.999
North Macedonia,2018,MKD,2113497.0,27703576576.0,-30.009,-0.0,0.481,0.001,23.657,0.05,0.891,0.003,499.109,-9.76,-1.087,4754.714,10.049,1348.476,2.85,,,,,50.802,34.179,7.53,5.61,19.081,-0.105,-0.031,13911.034,1.061,-6.872,-1.784,1726.996,3.65,11436.061,24.17,65.062,82.209,-7.76,-0.204,2.428,354.862,0.75,1149.043,,,,,13.369,8.26,2.8,61.344,1.785,4.739,846.938,1.79,2242.478,31.907,16.12,51.564,1.753,5.231,927.373,1.96,2474.973,34.938,17.791,1.92,25.498,,,,0.0,0.0,,0.0,,-4.042,-0.493,11.693,23.657,0.05,5532.304,,,,,0.891,39.769,0.173,0.05,0.0,4.848,0.008,23.657,0.0,81.637,0.891,0.0,0.587,2654.369,29.401,51.564,1.753,5.231,927.373,1.96,2474.973,34.938,17.791,-4.055,-0.003,0.06,9.463,0.02,28.527,0.357,0.205,-11.895,-0.036,0.258,47.315,0.1,121.85,1.783,0.876
North Macedonia,2019,MKD,2114175.0,,4.04,0.0,0.501,0.001,28.38,0.06,1.022,0.003,584.327,18.513,1.86,5633.16,11.909,1660.222,3.51,,,,,59.796,38.348,7.7,5.87,18.901,5.631,1.656,14689.626,,13.705,3.312,2142.68,4.53,12999.154,27.482,77.172,88.492,16.895,0.41,2.839,454.078,0.96,1342.749,,,,,16.354,9.141,3.43,-35.04,-1.672,3.067,548.677,1.16,1450.879,19.761,9.877,-31.613,-1.657,3.574,633.817,1.34,1690.472,22.828,11.508,1.83,23.766,,,0.0,0.0,0.0,0.0,0.0,0.0,8.909,1.042,12.734,28.38,0.06,6023.246,,,,,1.022,41.003,0.176,0.06,0.0,1.948,0.003,28.38,0.0,83.2,1.022,0.0,0.566,2776.497,31.056,-31.613,-1.657,3.574,633.817,1.34,1690.472,22.828,11.508,1.926,0.001,0.061,9.46,0.02,28.96,0.341,0.197,4.59,0.011,0.268,47.3,0.1,126.933,1.704,0.864
North Macedonia,2020,MKD,2111078.0,,-33.981,-0.0,0.331,0.001,28.421,0.06,1.124,0.003,528.09,-31.361,-3.735,3872.201,8.175,1245.809,2.63,,,,,49.251,30.198,7.67,5.34,19.727,-12.836,-3.986,12822.86,,-15.715,-4.319,1828.45,3.86,10972.366,23.164,72.285,85.569,14.466,0.411,3.249,540.008,1.14,1539.244,,,,,21.348,12.004,2.82,9.751,0.287,3.354,606.325,1.28,1588.831,23.97,12.391,9.718,0.333,3.907,701.064,1.48,1850.496,27.715,14.431,2.33,30.378,,0.0,0.0,0.0,0.0,0.0,0.0,0.0,-7.811,-0.995,11.74,42.632,0.09,5560.92,,,,,1.685,43.367,0.183,0.06,0.0,3.983,0.007,28.421,0.0,86.641,1.124,0.0,0.676,2529.513,27.07,9.718,0.333,3.907,701.064,1.48,1850.496,27.715,14.431,1.335,0.001,0.062,9.474,0.02,29.281,0.375,0.228,14.812,0.039,0.307,56.843,0.12,145.411,2.247,1.134
North Macedonia,2021,MKD,2103329.0,,41.176,0.0,0.469,0.001,23.772,0.05,0.907,0.003,490.018,-13.213,-1.08,3372.957,7.094,1041.207,2.19,,,,,39.746,25.08,7.99,5.51,19.479,4.496,1.217,13448.679,,3.521,0.816,1844.695,3.88,11400.596,23.979,70.417,84.771,26.61,0.865,4.114,736.927,1.55,1956.019,,,,,28.131,14.544,2.7,13.662,0.444,3.798,689.383,1.45,1805.913,26.316,13.428,10.809,0.401,4.308,774.962,1.63,2048.083,29.583,15.229,2.48,31.039,,0.0,0.0,0.0,0.0,0.0,0.0,0.0,8.783,1.031,12.771,66.561,0.14,6071.619,,,,,2.541,45.147,0.172,0.05,0.0,-6.074,-0.011,23.772,0.0,81.679,0.907,0.0,0.607,2619.657,28.287,10.809,0.401,4.308,774.962,1.63,2048.083,29.583,15.229,7.461,0.004,0.066,14.263,0.03,31.466,0.544,0.234,-11.592,-0.037,0.27,47.544,0.1,128.557,1.815,0.956
North Macedonia,2022,MKD,2093606.0,,0.0,0.0,0.471,0.001,23.882,0.05,0.715,0.003,529.328,17.241,1.223,3972.867,8.318,1623.992,3.4,,,,,48.641,28.633,8.4,6.99,24.063,2.693,0.762,13874.975,,4.498,1.079,2431.212,5.09,11968.684,25.058,72.818,86.261,-35.469,-1.459,2.655,740.349,1.55,1268.109,,,,,22.175,9.14,3.7,-7.323,-0.291,3.507,802.443,1.68,1675.3,24.034,12.074,-6.835,-0.317,3.991,907.525,1.9,1906.293,27.182,13.739,1.41,16.786,,0.0,0.0,0.0,0.0,0.0,0.0,0.0,10.294,1.315,14.085,66.87,0.14,6727.706,,,,,2.003,48.488,0.116,0.05,0.0,-32.734,-0.056,23.882,0.0,55.197,0.715,0.0,0.398,3338.737,29.049,-6.835,-0.317,3.991,907.525,1.9,1906.293,27.182,13.739,31.005,0.02,0.086,14.329,0.03,41.263,0.429,0.297,4.181,0.01,0.281,66.87,0.14,134.062,2.003,0.966
Northern Mariana Islands,1980,MNP,17637.0,,,,,,,,,,,,,,,,,,,0.0,0.0,,,,,,,,0.0,,,,,,,,,,,,,,,,,,0.0,0.0,,,,,,,,,,,,,,,,,,,,,,,,,,,,,,,,,,,,,,0.0,0.0,,,,,,,,,,,,,,,0.0,,,,,,,,,,,,,,,,,,,,,,,,
Northern Mariana Islands,1981,MNP,19925.0,,,,,,,,,,,,,,,,,,0.0,0.0,0.0,,,,,,,0.0,0.0,,,,,,,,,,,,,,,,,0.0,0.0,0.0,,,,,,,,,,,,,,,,,,,,,,,,,,,,,,,,,,,,,0.0,0.0,0.0,,,,,,,,,,,,,,,0.0,,,,,,,,,,,,,,,,,,,,,,,,
Northern Mariana Islands,1982,MNP,22668.0,,,,,,,,,,,,,,,,,,0.0,0.0,0.0,,,,,,,0.0,0.0,,,,,,,,,,,,,,,,,0.0,0.0,0.0,,,,,,,,,,,,,,,,,,,,,,,,,,,,,,,,,,,,,0.0,0.0,0.0,,,,,,,,,,,,,,,0.0,,,,,,,,,,,,,,,,,,,,,,,,
Northern Mariana Islands,1983,MNP,25613.0,,,,,,,,,,,,,,,,,,0.0,0.0,0.0,,,,,,,0.0,0.0,,,,,,,,,,,,,,,,,0.0,0.0,0.0,,,,,,,,,,,,,,,,,,,,,,,,,,,,,,,,,,,,,0.0,0.0,0.0,,,,,,,,,,,,,,,0.0,,,,,,,,,,,,,,,,,,,,,,,,
Northern Mariana Islands,1984,MNP,28760.0,,,,,,,,,,,,,,,,,,0.0,0.0,0.0,,,,,,,0.0,0.0,,,,,,,,,,,,,,,,,0.0,0.0,0.0,,,,,,,,,,,,,,,,,,,,,,,,,,,,,,,,,,,,,0.0,0.0,0.0,,,,,,,,,,,,,,,0.0,,,,,,,,,,,,,,,,,,,,,,,,
Northern Mariana Islands,1985,MNP,32062.0,,,,,,,,,,,,,,,,,,0.0,0.0,0.0,,,,,,,0.0,0.0,,,,,,,,,,,,,,,,,0.0,0.0,0.0,,,,,,,,,,,,,,,,,,,,,,,,,,,,,,,,,,,,,0.0,0.0,0.0,,,,,,,,,,,,,,,0.0,,,,,,,,,,,,,,,,,,,,,,,,
Northern Mariana Islands,1986,MNP,35482.0,,,,,,,,,,,,,,,,,,0.0,0.0,0.0,,,,,,,0.0,0.0,,,,,,,,,,,,,,,,,0.0,0.0,0.0,,,,,,,,,,,,,,,,,,,,,,,,,,,,,,,,,,,,,0.0,0.0,0.0,,,,,,,,,,,,,,,0.0,,,,,,,,,,,,,,,,,,,,,,,,
Northern Mariana Islands,1987,MNP,38947.0,,,,,,,,,,,,,,,,,,0.0,0.0,0.0,,,,,,,0.0,0.0,,,,,,,,,,,,,,,,,0.0,0.0,0.0,,,,,,,,,,,,,,,,,,,,,,,,,,,,,,,,,,,,,0.0,0.0,0.0,,,,,,,,,,,,,,,0.0,,,,,,,,,,,,,,,,,,,,,,,,
Northern Mariana Islands,1988,MNP,42402.0,,,,,,,,,,,,,,,,,,0.0,0.0,0.0,,,,,,,0.0,0.0,,,,,,,,,,,,,,,,,0.0,0.0,0.0,,,,,,,,,,,,,,,,,,,,,,,,,,,,,,,,,,,,,0.0,0.0,0.0,,,,,,,,,,,,,,,0.0,,,,,,,,,,,,,,,,,,,,,,,,
Northern Mariana Islands,1989,MNP,45879.0,,,,,,,,,,,,,,,,,,0.0,0.0,0.0,,,,,,,0.0,0.0,,,,,,,,,,,,,,,,,0.0,0.0,0.0,,,,,,,,,,,,,,,,,,,,,,,,,,,,,,,,,,,,,0.0,0.0,0.0,,,,,,,,,,,,,,,0.0,,,,,,,,,,,,,,,,,,,,,,,,
Northern Mariana Islands,1990,MNP,48021.0,,,,,,,,,,,,,,,,,,0.0,0.0,0.0,,,,,,,0.0,0.0,,,,,,,,,,,,,,,,,0.0,0.0,0.0,,,,,,,,,,,,,,,,,,,,,,,,,,,,,,,,,,,,,0.0,0.0,0.0,,,,,,,,,,,,,,,0.0,,,,,,,,,,,,,,,,,,,,,,,,
Northern Mariana Islands,1991,MNP,48314.0,,,,,,,,,,,,,,,,,,0.0,0.0,0.0,,,,,,,0.0,0.0,,,,,,,,,,,,,,,,,0.0,0.0,0.0,,,,,,,,,,,,,,,,,,,,,,,,,,,,,,,,,,,,,0.0,0.0,0.0,,,,,,,,,,,,,,,0.0,,,,,,,,,,,,,,,,,,,,,,,,
Northern Mariana Islands,1992,MNP,48146.0,,,,,,,,,,,,,,,,,,0.0,0.0,0.0,,,,,,,0.0,0.0,,,,,,,,,,,,,,,,,0.0,0.0,0.0,,,,,,,,,,,,,,,,,,,,,,,,,,,,,,,,,,,,,0.0,0.0,0.0,,,,,,,,,,,,,,,0.0,,,,,,,,,,,,,,,,,,,,,,,,
Northern Mariana Islands,1993,MNP,47965.0,,,,,,,,,,,,,,,,,,0.0,0.0,0.0,,,,,,,0.0,0.0,,,,,,,,,,,,,,,,,0.0,0.0,0.0,,,,,,,,,,,,,,,,,,,,,,,,,,,,,,,,,,,,,0.0,0.0,0.0,,,,,,,,,,,,,,,0.0,,,,,,,,,,,,,,,,,,,,,,,,
Northern Mariana Islands,1994,MNP,47808.0,,,,,,,,,,,,,,,,,,0.0,0.0,0.0,,,,,,,0.0,0.0,,,,,,,,,,,,,,,,,0.0,0.0,0.0,,,,,,,,,,,,,,,,,,,,,,,,,,,,,,,,,,,,,0.0,0.0,0.0,,,,,,,,,,,,,,,0.0,,,,,,,,,,,,,,,,,,,,,,,,
Northern Mariana Islands,1995,MNP,48736.0,,,,,,,,,,,,,,,,,,0.0,0.0,0.0,,,,,,,0.0,0.0,,,,,,,,,,,,,,,,,0.0,0.0,0.0,,,,,,,,,,,,,,,,,,,,,,,,,,,,,,,,,,,,,0.0,0.0,0.0,,,,,,,,,,,,,,,0.0,,,,,,,,,,,,,,,,,,,,,,,,
Northern Mariana Islands,1996,MNP,53387.0,,,,,,,,,,,,,,,,,,0.0,0.0,0.0,,,,,,,0.0,0.0,,,,,,,,,,,,,,,,,0.0,0.0,0.0,,,,,,,,,,,,,,,,,,,,,,,,,,,,,,,,,,,,,0.0,0.0,0.0,,,,,,,,,,,,,,,0.0,,,,,,,,,,,,,,,,,,,,,,,,
Northern Mariana Islands,1997,MNP,60838.0,,,,,,,,,,,,,,,,,,0.0,0.0,0.0,,,,,,,0.0,0.0,,,,,,,,,,,,,,,,,0.0,0.0,0.0,,,,,,,,,,,,,,,,,,,,,,,,,,,,,,,,,,,,,0.0,0.0,0.0,,,,,,,,,,,,,,,0.0,,,,,,,,,,,,,,,,,,,,,,,,
Northern Mariana Islands,1998,MNP,68516.0,,,,,,,,,,,,,,,,,,0.0,0.0,0.0,,,,,,,0.0,0.0,,,,,,,,,,,,,,,,,0.0,0.0,0.0,,,,,,,,,,,,,,,,,,,,,,,,,,,,,,,,,,,,,0.0,0.0,0.0,,,,,,,,,,,,,,,0.0,,,,,,,,,,,,,,,,,,,,,,,,
Northern Mariana Islands,1999,MNP,76256.0,,,,,,,,,,,,,,,,,,0.0,0.0,0.0,,,,,,,0.0,0.0,,,,,,,,,,,,,,,,,0.0,0.0,0.0,,,,,,,,,,,,,,,,,,,,,,,,,,,,,,,,,,,,,0.0,0.0,0.0,,,,,,,,,,,,,,,0.0,,,,,,,,,,,,,,,,,,,,,,,,
Northern Mariana Islands,2000,MNP,80353.0,,,,,,,,,,,,,,,,,,0.0,0.0,0.0,,,,,,,0.0,0.0,,,,,,,,,,,,,,,,,0.0,0.0,0.0,,,,,,,,,,,,,,,,,,,,,,,,,,,,,,,,,,,,,0.0,0.0,0.0,,,,,,,,,,,,,,,0.0,,,,,,,,,,,,,,,,,,,,,,,,
Northern Mariana Islands,2001,MNP,79495.0,,,,,,,,,,,,,,,,,,0.0,0.0,0.0,,,,,,,0.0,0.0,,,,,,,,,,,,,,,,,0.0,0.0,0.0,,,,,,,,,,,,,,,,,,,,,,,,,,,,,,,,,,,,,0.0,0.0,0.0,,,,,,,,,,,,,,,0.0,,,,,,,,,,,,,,,,,,,,,,,,
Northern Mariana Islands,2002,MNP,77177.0,,,,,,,,,,,,,,,,,,0.0,0.0,0.0,,,,,,,0.0,0.0,,,,,,,,,,,,,,,,,0.0,0.0,0.0,,,,,,,,,,,,,,,,,,,,,,,,,,,,,,,,,,,,,0.0,0.0,0.0,,,,,,,,,,,,,,,0.0,,,,,,,,,,,,,,,,,,,,,,,,
Northern Mariana Islands,2003,MNP,74646.0,,,,,,,,,,,,,,,,,,0.0,0.0,0.0,,,,,,,0.0,0.0,,,,,,,,,,,,,,,,,0.0,0.0,0.0,,,,,,,,,,,,,,,,,,,,,,,,,,,,,,,,,,,,,0.0,0.0,0.0,,,,,,,,,,,,,,,0.0,,,,,,,,,,,,,,,,,,,,,,,,
Northern Mariana Islands,2004,MNP,71917.0,,,,,,,,,,,,,,,,,,0.0,0.0,0.0,,,,,,,0.0,0.0,,,,,,,,,,,,,,,,,0.0,0.0,0.0,,,,,,,,,,,,,,,,,,,,,,,,,,,,,,,,,,,,,0.0,0.0,0.0,,,,,,,,,,,,,,,0.0,,,,,,,,,,,,,,,,,,,,,,,,
Northern Mariana Islands,2005,MNP,69045.0,,,,,,,,,,,,,,,,,,0.0,0.0,0.0,,,,,,,0.0,0.0,,,,,,,,,,,,,,,,,0.0,0.0,0.0,,,,,,,,,,,,,,,,,,,,,,,,,,,,,,,,,,,,,0.0,0.0,0.0,,,,,,,,,,,,,,,0.0,,,,,,,,,,,,,,,,,,,,,,,,
Northern Mariana Islands,2006,MNP,66078.0,,,,,,,,,,,,,,,,,,0.0,0.0,0.0,,,,,,,0.0,0.0,,,,,,,,,,,,,,,,,0.0,0.0,0.0,,,,,,,,,,,,,,,,,,,,,,,,,,,,,,,,,,,,,0.0,0.0,0.0,,,,,,,,,,,,,,,0.0,,,,,,,,,,,,,,,,,,,,,,,,
Northern Mariana Islands,2007,MNP,63068.0,,,,,,,,,,,,,,,,,,0.0,0.0,0.0,,,,,,,0.0,0.0,,,,,,,,,,,,,,,,,0.0,0.0,0.0,,,,,,,,,,,,,,,,,,,,,,,,,,,,,,,,,,,,,0.0,0.0,0.0,,,,,,,,,,,,,,,0.0,,,,,,,,,,,,,,,,,,,,,,,,
Northern Mariana Islands,2008,MNP,60047.0,,,,,,,,,,,,,,,,,,0.0,0.0,0.0,,,,,,,0.0,0.0,,,,,,,,,,,,,,,,,0.0,0.0,0.0,,,,,,,,,,,,,,,,,,,,,,,,,,,,,,,,,,,,,0.0,0.0,0.0,,,,,,,,,,,,,,,0.0,,,,,,,,,,,,,,,,,,,,,,,,
Northern Mariana Islands,2009,MNP,57073.0,,,,,,,,,,,,,,,,,,0.0,0.0,0.0,,,,,,,0.0,0.0,,,,,,,,,,,,,,,,,0.0,0.0,0.0,,,,,,,,,,,,,,,,,,,,,,,,,,,,,,,,,,,,,0.0,0.0,0.0,,,,,,,,,,,,,,,0.0,,,,,,,,,,,,,,,,,,,,,,,,
Northern Mariana Islands,2010,MNP,54109.0,,,,,,,,,,,,,,,,,,0.0,0.0,0.0,,,,,,,0.0,0.0,,,,,,,,,,,,,,,,,0.0,0.0,0.0,,,,,,,,,,,,,,,,,,,,,,,,,,,,,,,,,,,,,0.0,0.0,0.0,,,,,,,,,,,,,,,0.0,,,,,,,,,,,,,,,,,,,,,,,,
Northern Mariana Islands,2011,MNP,52542.0,,,,,,,,,,,,,,,,,,0.0,0.0,0.0,,,,,,,0.0,0.0,,,,,,,,,,,,,,,,,0.0,0.0,0.0,,,,,,,,,,,,,,,,,,,,,,,,,,,,,,,,,,,,,0.0,0.0,0.0,,,,,,,,,,,,,,,0.0,,,,,,,,,,,,,,,,,,,,,,,,
Northern Mariana Islands,2012,MNP,52383.0,,,,,,,,,,,,,,,,,,0.0,0.0,0.0,,,,,,,0.0,0.0,,,,,,,,,,,,,,,,,0.0,0.0,0.0,,,,,,,,,,,,,,,,,,,,,,,,,,,,,,,,,,,,,0.0,0.0,0.0,,,,,,,,,,,,,,,0.0,,,,,,,,,,,,,,,,,,,,,,,,
Northern Mariana Islands,2013,MNP,52157.0,,,,,,,,,,,,,,,,,,0.0,0.0,0.0,,,,,,,0.0,0.0,,,,,,,,,,,,,,,,,0.0,0.0,0.0,,,,,,,,,,,,,,,,,,,,,,,,,,,,,,,,,,,,,0.0,0.0,0.0,,,,,,,,,,,,,,,0.0,,,,,,,,,,,,,,,,,,,,,,,,
Northern Mariana Islands,2014,MNP,51878.0,,,,,,,,,,,,,,,,,,0.0,0.0,0.0,,,,,,,0.0,0.0,,,,,,,,,,,,,,,,,0.0,0.0,0.0,,,,,,,,,,,,,,,,,,,,,,,,,,,,,,,,,,,,,0.0,0.0,0.0,,,,,,,,,,,,,,,0.0,,,,,,,,,,,,,,,,,,,,,,,,
Northern Mariana Islands,2015,MNP,51538.0,,,,,,,,,,,,,,,,,,0.0,0.0,0.0,,,,,,,0.0,0.0,,,,,,,,,,,,,,,,,0.0,0.0,0.0,,,,,,,,,,,,,,,,,,,,,,,,,,,,,,,,,,,,,0.0,0.0,0.0,,,,,,,,,,,,,,,0.0,,,,,,,,,,,,,,,,,,,,,,,,
Northern Mariana Islands,2016,MNP,51151.0,,,,,,,,,,,,,,,,,,0.0,0.0,0.0,,,,,,,0.0,0.0,,,,,,,,,,,,,,,,,0.0,0.0,0.0,,,,,,,,,,,,,,,,,,,,,,,,,,,,,,,,,,,,,0.0,0.0,0.0,,,,,,,,,,,,,,,0.0,,,,,,,,,,,,,,,,,,,,,,,,
Northern Mariana Islands,2017,MNP,50752.0,,,,,,,,,,,,,,,,,,,,,,,,,,,0.0,0.0,,,,,,,,,,,,,,,,,,,,,,,,,,,,,,,,,,,,,,,,,,,,,,,,,,,,,,,,,,,,,,,,,,,,,,,,,0.0,,,,,,,,,,,,,,,,,,,,,,,,
Northern Mariana Islands,2018,MNP,50328.0,,,,,,,,,,,,,,,,,,,,,,,,,,,0.0,0.0,,,,,,,,,,,,,,,,,,,,,,,,,,,,,,,,,,,,,,,,,,,,,,,,,,,,,,,,,,,,,,,,,,,,,,,,,0.0,,,,,,,,,,,,,,,,,,,,,,,,
Northern Mariana Islands,2019,MNP,49880.0,,,,,,,,,,,,,,,,,,,,,,,,,,,0.0,0.0,,,,,,,,,,,,,,,,,,,,,,,,,,,,,,,,,,,,,,,,,,,,,,,,,,,,,,,,,,,,,,,,,,,,,,,,,0.0,,,,,,,,,,,,,,,,,,,,,,,,
Northern Mariana Islands,2020,MNP,49611.0,,,,,,,,,,,,,,,,,,,,,,,,,,,0.0,0.0,,,,,,,,,,,,,,,,,,,,,,,,,,,,,,,,,,,,,,,,,,,,,,,,,,,,,,,,,,,,,,,,,,,,,,,,,0.0,,,,,,,,,,,,,,,,,,,,,,,,
Northern Mariana Islands,2021,MNP,49503.0,,,,,,,,,,,,,,,,,,,,,,,,,,,0.0,0.0,,,,,,,,,,,,,,,,,,,,,,,,,,,,,,,,,,,,,,,,,,,,,,,,,,,,,,,,,,,,,,,,,,,,,,,,,0.0,,,,,,,,,,,,,,,,,,,,,,,,
Norway,1900,NOR,2232623.0,7245270016.0,,,,,,,,,,,,,,,,,,0.0,0.0,,,,,,,,,,,,,,,,,,,,,,,,,,0.0,0.0,,,,,,,,,,,,,,,,,,,,,,,,,,,,,,,,,,,,,,0.0,0.0,,,,,,,,,,,,,,,,,,,,,,,,,,,,,,,,,,,,,,,
Norway,1901,NOR,2251621.0,7376104960.0,,,,,,,,,,,,,,,,,0.0,0.0,0.0,,,,,,,,,,,,,,,,,,,,,,,,,0.0,0.0,0.0,,,,,,,,,,,,,,,,,,,,,,,,,,,,,,,,,,,,,0.0,0.0,0.0,,,,,,,,,,,,,,,,,,,,,,,,,,,,,,,,,,,,,,,
Norway,1902,NOR,2268821.0,7434699776.0,,,,,,,,,,,,,,,,,0.0,0.0,0.0,,,,,,,,,,,,,,,,,,,,,,,,,0.0,0.0,0.0,,,,,,,,,,,,,,,,,,,,,,,,,,,,,,,,,,,,,0.0,0.0,0.0,,,,,,,,,,,,,,,,,,,,,,,,,,,,,,,,,,,,,,,
Norway,1903,NOR,2284192.0,7527520256.0,,,,,,,,,,,,,,,,,0.0,0.0,0.0,,,,,,,,,,,,,,,,,,,,,,,,,0.0,0.0,0.0,,,,,,,,,,,,,,,,,,,,,,,,,,,,,,,,,,,,,0.0,0.0,0.0,,,,,,,,,,,,,,,,,,,,,,,,,,,,,,,,,,,,,,,
Norway,1904,NOR,2299667.0,7552536064.0,,,,,,,,,,,,,,,,,0.0,0.0,0.0,,,,,,,,,,,,,,,,,,,,,,,,,0.0,0.0,0.0,,,,,,,,,,,,,,,,,,,,,,,,,,,,,,,,,,,,,0.0,0.0,0.0,,,,,,,,,,,,,,,,,,,,,,,,,,,,,,,,,,,,,,,
Norway,1905,NOR,2315246.0,7670497792.0,,,,,,,,,,,,,,,,,0.0,0.0,0.0,,,,,,,,,,,,,,,,,,,,,,,,,0.0,0.0,0.0,,,,,,,,,,,,,,,,,,,,,,,,,,,,,,,,,,,,,0.0,0.0,0.0,,,,,,,,,,,,,,,,,,,,,,,,,,,,,,,,,,,,,,,
Norway,1906,NOR,2330932.0,8107224064.0,,,,,,,,,,,,,,,,,0.0,0.0,0.0,,,,,,,,,,,,,,,,,,,,,,,,,0.0,0.0,0.0,,,,,,,,,,,,,,,,,,,,,,,,,,,,,,,,,,,,,0.0,0.0,0.0,,,,,,,,,,,,,,,,,,,,,,,,,,,,,,,,,,,,,,,
Norway,1907,NOR,2346723.0,8237672960.0,,,,,,,,,,,,,,,,,0.017,7.039,0.017,,,,,,,,,,,,,,,,,,,,,,,,,0.0,0.0,0.0,,,,,,,,,,,,,,,,,,,,,,,,,,,,,,,,,,,,,0.0,0.0,0.0,,,,,,,,,,,,,,,,,,,,,,,,,,,,,,,,,,,,,,,
Norway,1908,NOR,2362621.0,8473752064.0,,,,,,,,,,,,,,,,200.0,0.033,20.974,0.05,,,,,,,,,,,,,,,,,,,,,,,,,0.0,0.0,0.0,,,,,,,,,,,,,,,,,,,,,,,,,,,,,,,,,,,,,0.0,0.0,0.0,,,,,,,,,,,,,,,,,,,,,,,,,,,,,,,,,,,,,,,
Norway,1909,NOR,2380237.0,8620613632.0,,,,,,,,,,,,,,,,-33.333,-0.017,13.879,0.033,,,,,,,,,,,,,,,,,,,,,,,,,0.0,0.0,0.0,,,,,,,,,,,,,,,,,,,,,,,,,,,,,,,,,,,,,0.0,0.0,0.0,,,,,,,,,,,,,,,,,,,,,,,,,,,,,,,,,,,,,,,
Norway,1910,NOR,2399597.0,9121183744.0,,,,,,,,,,,,,,,,25.0,0.008,17.209,0.041,,,,,,,,,,,,,,,,,,,,,,,,,0.0,0.0,0.0,,,,,,,,,,,,,,,,,,,,,,,,,,,,,,,,,,,,,0.0,0.0,0.0,,,,,,,,,,,,,,,,,,,,,,,,,,,,,,,,,,,,,,,
Norway,1911,NOR,2420731.0,9476747264.0,,,,,,,,,,,,,,,,340.0,0.14,75.06,0.182,,,,,,,,,,,,,,,,,,,,,,,,,0.0,0.0,0.0,,,,,,,,,,,,,,,,,,,,,,,,,,,,,,,,,,,,,0.0,0.0,0.0,,,,,,,,,,,,,,,,,,,,,,,,,,,,,,,,,,,,,,,
Norway,1912,NOR,2443667.0,9813149696.0,,,,,,,,,,,,,,,,9.091,0.017,81.115,0.198,,,,,,,,,,,,,,,,,,,,,,,,,0.0,0.0,0.0,,,,,,,,,,,,,,,,,,,,,,,,,,,,,,,,,,,,,0.0,0.0,0.0,,,,,,,,,,,,,,,,,,,,,,,,,,,,,,,,,,,,,,,
Norway,1913,NOR,2468434.0,10803505152.0,,,,,,,,,,,,,,,,37.5,0.074,110.414,0.273,,,,,,,,,,,,,,,,,,,,,,,,,0.0,0.0,0.0,,,,,,,,,,,,,,,,,,,,,,,,,,,,,,,,,,,,,0.0,0.0,0.0,,,,,,,,,,,,,,,,,,,,,,,,,,,,,,,,,,,,,,,
Norway,1914,NOR,2493453.0,10718592000.0,,,,,,,,,,,,,,,,15.152,0.041,125.867,0.314,,,,,,,,,,,,,,,,,,,,,,,,,0.0,0.0,0.0,,,,,,,,,,,,,,,,,,,,,,,,,,,,,,,,,,,,,0.0,0.0,0.0,,,,,,,,,,,,,,,,,,,,,,,,,,,,,,,,,,,,,,,
Norway,1915,NOR,2518725.0,11008686080.0,,,,,,,,,,,,,,,,-52.632,-0.165,59.023,0.149,,,,,,,,,,,,,,,,,,,,,,,,,0.0,0.0,0.0,,,,,,,,,,,,,,,,,,,,,,,,,,,,,,,,,,,,,0.0,0.0,0.0,,,,,,,,,,,,,,,,,,,,,,,,,,,,,,,,,,,,,,,
Norway,1916,NOR,2544253.0,12113166336.0,,,,,,,,,,,,,,,,5.556,0.008,61.677,0.157,,,,,,,,,,,,,,,,,,,,,,,,,0.0,0.0,0.0,,,,,,,,,,,,,,,,,,,,,,,,,,,,,,,,,,,,,0.0,0.0,0.0,,,,,,,,,,,,,,,,,,,,,,,,,,,,,,,,,,,,,,,
Norway,1917,NOR,2570040.0,10933585920.0,,,,,,,,,,,,,,,,31.579,0.05,80.34,0.206,,,,,,,,,,,,,,,,,,,,,,,,,0.0,0.0,0.0,,,,,,,,,,,,,,,,,,,,,,,,,,,,,,,,,,,,,0.0,0.0,0.0,,,,,,,,,,,,,,,,,,,,,,,,,,,,,,,,,,,,,,,
Norway,1918,NOR,2595896.0,10371294208.0,,,,,,,,,,,,,,,,120.0,0.248,174.987,0.454,,,,,,,,,,,,,,,,,,,,,,,,,0.0,0.0,0.0,,,,,,,,,,,,,,,,,,,,,,,,,,,,,,,,,,,,,0.0,0.0,0.0,,,,,,,,,,,,,,,,,,,,,,,,,,,,,,,,,,,,,,,
Norway,1919,NOR,2620044.0,11986814976.0,,,,,,,,,,,,,,,,23.636,0.107,214.353,0.562,,,,,,,,,,,,,,,,,,,,,,,,,0.0,0.0,0.0,,,,,,,,,,,,,,,,,,,,,,,,,,,,,,,,,,,,,0.0,0.0,0.0,,,,,,,,,,,,,,,,,,,,,,,,,,,,,,,,,,,,,,,
Norway,1920,NOR,2642453.0,12487265280.0,,,,,,,,,,,,,,,,13.235,0.074,240.665,0.636,,,,,,,,,,,,,,,,,,,,,,,,,0.0,0.0,0.0,,,,,,,,,,,,,,,,,,,,,,,,,,,,,,,,,,,,,0.0,0.0,0.0,,,,,,,,,,,,,,,,,,,,,,,,,,,,,,,,,,,,,,,
Norway,1921,NOR,2663094.0,11264295936.0,,,,,,,,,,,,,,,,41.558,0.264,338.041,0.9,,,,,,,,,,,,,,,,,,,,,,,,,0.0,0.0,0.0,,,,,,,,,,,,,,,,,,,,,,,,,,,,,,,,,,,,,0.0,0.0,0.0,,,,,,,,,,,,,,,,,,,,,,,,,,,,,,,,,,,,,,,
Norway,1922,NOR,2681936.0,12316149760.0,,,,,,,,,,,,,,,,90.826,0.818,640.538,1.718,,,,,,,,,,,,,,,,,,,,,,,,,0.0,0.0,0.0,,,,,,,,,,,,,,,,,,,,,,,,,,,,,,,,,,,,,0.0,0.0,0.0,,,,,,,,,,,,,,,,,,,,,,,,,,,,,,,,,,,,,,,
Norway,1923,NOR,2698948.0,13212309504.0,,,,,,,,,,,,,,,,10.577,0.182,703.822,1.9,,,,,,,,,,,,,,,,,,,,,,,,,0.0,0.0,0.0,,,,,,,,,,,,,,,,,,,,,,,,,,,,,,,,,,,,,0.0,0.0,0.0,,,,,,,,,,,,,,,,,,,,,,,,,,,,,,,,,,,,,,,
Norway,1924,NOR,2716069.0,13063723008.0,,,,,,,,,,,,,,,,15.652,0.297,808.855,2.197,,,,,,,,,,,,,,,,,,,,,,,,,0.0,0.0,0.0,,,,,,,,,,,,,,,,,,,,,,,,,,,,,,,,,,,,,0.0,0.0,0.0,,,,,,,,,,,,,,,,,,,,,,,,,,,,,,,,,,,,,,,
Norway,1925,NOR,2733298.0,13001550848.0,,,,,,,,,,,,,,,,7.519,0.165,864.189,2.362,,,,,,,,,,,,,,,,,,,,,,,,,0.0,0.0,0.0,,,,,,,,,,,,,,,,,,,,,,,,,,,,,,,,,,,,,0.0,0.0,0.0,,,,,,,,,,,,,,,,,,,,,,,,,,,,,,,,,,,,,,,
Norway,1926,NOR,2750636.0,13124249600.0,,,,,,,,,,,,,,,,-20.28,-0.479,684.592,1.883,,,,,,,,,,,,,,,,,,,,,,,,,0.0,0.0,0.0,,,,,,,,,,,,,,,,,,,,,,,,,,,,,,,,,,,,,0.0,0.0,0.0,,,,,,,,,,,,,,,,,,,,,,,,,,,,,,,,,,,,,,,
Norway,1927,NOR,2768084.0,13852800000.0,,,,,,,,,,,,,,,,39.912,0.752,951.79,2.635,,,,,,,,,,,,,,,,,,,,,,,,,0.0,0.0,0.0,,,,,,,,,,,,,,,,,,,,,,,,,,,,,,,,,,,,,0.0,0.0,0.0,,,,,,,,,,,,,,,,,,,,,,,,,,,,,,,,,,,,,,,
Norway,1928,NOR,2785643.0,14596185088.0,,,,,,,,,,,,,,,,-13.793,-0.363,815.337,2.271,,,,,,,,,,,,,,,,,,,,,,,,,0.0,0.0,0.0,,,,,,,,,,,,,,,,,,,,,,,,,,,,,,,,,,,,,0.0,0.0,0.0,,,,,,,,,,,,,,,,,,,,,,,,,,,,,,,,,,,,,,,
Norway,1929,NOR,2802985.0,15598895104.0,,,,,,,,,,,,,,,,-8.727,-0.198,739.576,2.073,,,,,,,,,,,,,,,,,,,,,,,,,0.0,0.0,0.0,,,,,,,,,,,,,,,,,,,,,,,,,,,,,,,,,,,,,0.0,0.0,0.0,,,,,,,,,,,,,,,,,,,,,,,,,,,,,,,,,,,,,,,
Norway,1930,NOR,2820108.0,16227266560.0,,,,,,,,,,,,,,,,-25.1,-0.52,550.582,1.553,,,,,,,,,,,,,,,,,,,,,,,,,0.0,0.0,0.0,,,,,,,,,,,,,,,,,,,,,,,,,,,,,,,,,,,,,0.0,0.0,0.0,,,,,,,,,,,,,,,,,,,,,,,,,,,,,,,,,,,,,,,
Norway,1931,NOR,2837007.0,14958728192.0,,,,,,,,,,,,,,,,29.255,0.454,707.417,2.007,,,,,,,,,,,,,,,,,,,,,,,,,0.0,0.0,0.0,,,,,,,,,,,,,,,,,,,,,,,,,,,,,,,,,,,,,0.0,0.0,0.0,,,,,,,,,,,,,,,,,,,,,,,,,,,,,,,,,,,,,,,
Norway,1932,NOR,2853680.0,15704892416.0,,,,,,,,,,,,,,,,5.35,0.107,740.908,2.114,,,,,,,,,,,,,,,,,,,,,,,,,0.0,0.0,0.0,,,,,,,,,,,,,,,,,,,,,,,,,,,,,,,,,,,,,0.0,0.0,0.0,,,,,,,,,,,,,,,,,,,,,,,,,,,,,,,,,,,,,,,
Norway,1933,NOR,2870123.0,16099113984.0,,,,,,,,,,,,,,,,15.234,0.322,848.89,2.436,,,,,,,,,,,,,,,,,,,,,,,,,0.0,0.0,0.0,,,,,,,,,,,,,,,,,,,,,,,,,,,,,,,,,,,,,0.0,0.0,0.0,,,,,,,,,,,,,,,,,,,,,,,,,,,,,,,,,,,,,,,
Norway,1934,NOR,2886661.0,16666326016.0,,,,,,,,,,,,,,,,6.441,0.157,898.387,2.593,,,,,,,,,,,,,,,,,,,,,,,,,0.0,0.0,0.0,,,,,,,,,,,,,,,,,,,,,,,,,,,,,,,,,,,,,0.0,0.0,0.0,,,,,,,,,,,,,,,,,,,,,,,,,,,,,,,,,,,,,,,
Norway,1935,NOR,2903294.0,17498673152.0,,,,,,,,,,,,,,,,-1.592,-0.041,879.017,2.552,,,,,,,,,,,,,,,,,,,,,,,,,0.0,0.0,0.0,,,,,,,,,,,,,,,,,,,,,,,,,,,,,,,,,,,,,0.0,0.0,0.0,,,,,,,,,,,,,,,,,,,,,,,,,,,,,,,,,,,,,,,
Norway,1936,NOR,2920023.0,18678528000.0,,,,,,,,,,,,,,,,0.0,0.0,873.981,2.552,,,,,,,,,,,,,,,,,,,,,,,,,0.0,0.0,0.0,,,,,,,,,,,,,,,,,,,,,,,,,,,,,,,,,,,,,0.0,0.0,0.0,,,,,,,,,,,,,,,,,,,,,,,,,,,,,,,,,,,,,,,
Norway,1937,NOR,2936848.0,19510595584.0,,,,,,,,,,,,,,,,-3.883,-0.099,835.227,2.453,,,,,,,,,,,,,,,,,,,,,,,,,0.0,0.0,0.0,,,,,,,,,,,,,,,,,,,,,,,,,,,,,,,,,,,,,0.0,0.0,0.0,,,,,,,,,,,,,,,,,,,,,,,,,,,,,,,,,,,,,,,
Norway,1938,NOR,2953771.0,19947184128.0,,,,,,,,,,,,,,,,0.673,0.017,836.034,2.469,,,,,,,,,,,,,,,,,,,,,,,,,0.0,0.0,0.0,,,,,,,,,,,,,,,,,,,,,,,,,,,,,,,,,,,,,0.0,0.0,0.0,,,,,,,,,,,,,,,,,,,,,,,,,,,,,,,,,,,,,,,
Norway,1939,NOR,2972974.0,20911366144.0,,,,,,,,,,,,,,,,4.348,0.107,866.749,2.577,,,,,,,,,,,,,,,,,,,,,,,,,0.0,0.0,0.0,,,,,,,,,,,,,,,,,,,,,,,,,,,,,,,,,,,,,0.0,0.0,0.0,,,,,,,,,,,,,,,,,,,,,,,,,,,,,,,,,,,,,,,
Norway,1940,NOR,2994493.0,19137200128.0,,,,,,,,,,,,,,,,-13.782,-0.355,741.923,2.222,,,,,,,,,,,,,,,,,,,,,,,,,0.0,0.0,0.0,,,,,,,,,,,,,,,,,,,,,,,,,,,,,,,,,,,,,0.0,0.0,0.0,,,,,,,,,,,,,,,,,,,,,,,,,,,,,,,,,,,,,,,
Norway,1941,NOR,3018361.0,19596460032.0,,,,,,,,,,,,,,,,-45.725,-1.016,399.495,1.206,,,,,,,,,,,,,,,,,,,,,,,,,0.0,0.0,0.0,,,,,,,,,,,,,,,,,,,,,,,,,,,,,,,,,,,,,0.0,0.0,0.0,,,,,,,,,,,,,,,,,,,,,,,,,,,,,,,,,,,,,,,
Norway,1942,NOR,3044613.0,18839349248.0,,,,,,,,,,,,,,,,-100.0,-1.206,0.0,0.0,,,,,,,,,,,,,,,,,,,,,,,,,0.0,0.0,0.0,,,,,,,,,,,,,,,,,,,,,,,,,,,,,,,,,,,,,0.0,0.0,0.0,,,,,,,,,,,,,,,,,,,,,,,,,,,,,,,,,,,,,,,
Norway,1943,NOR,3073283.0,18461847552.0,,,,,,,,,,,,,,,,,0.0,0.0,0.0,,,,,,,,,,,,,,,,,,,,,,,,,0.0,0.0,0.0,,,,,,,,,,,,,,,,,,,,,,,,,,,,,,,,,,,,,0.0,0.0,0.0,,,,,,,,,,,,,,,,,,,,,,,,,,,,,,,,,,,,,,,
Norway,1944,NOR,3102224.0,17500139520.0,,,,,,,,,,,,,,,,,0.0,0.0,0.0,,,,,,,,,,,,,,,,,,,,,,,,,0.0,0.0,0.0,,,,,,,,,,,,,,,,,,,,,,,,,,,,,,,,,,,,,0.0,0.0,0.0,,,,,,,,,,,,,,,,,,,,,,,,,,,,,,,,,,,,,,,
Norway,1945,NOR,3131436.0,19609303040.0,,,,,,,,,,,,,,,,,0.05,15.825,0.05,,,,,,,,,,,,,,,,,,,,,,,,,0.0,0.0,0.0,,,,,,,,,,,,,,,,,,,,,,,,,,,,,,,,,,,,,0.0,0.0,0.0,,,,,,,,,,,,,,,,,,,,,,,,,,,,,,,,,,,,,,,
Norway,1946,NOR,3160924.0,21607569408.0,,,,,,,,,,,,,,,,1500.0,0.743,250.834,0.793,,,,,,,,,,,,,,,,,,,,,,,,,0.0,0.0,0.0,,,,,,,,,,,,,,,,,,,,,,,,,,,,,,,,,,,,,0.0,0.0,0.0,,,,,,,,,,,,,,,,,,,,,,,,,,,,,,,,,,,,,,,
Norway,1947,NOR,3190690.0,24538245120.0,,,,,,,,,,,,,,,,250.0,1.982,869.73,2.775,,,,,,,,,,,,,,,,,,,,,,,,,0.0,0.0,0.0,,,,,,,,,,,,,,,,,,,,,,,,,,,,,,,,,,,,,0.0,0.0,0.0,,,,,,,,,,,,,,,,,,,,,,,,,,,,,,,,,,,,,,,
Norway,1948,NOR,3220736.0,26244999168.0,,,,,,,,,,,,,,,,29.762,0.826,1118.05,3.601,,,,,,,,,,,,,,,,,,,,,,,,,0.0,0.0,0.0,,,,,,,,,,,,,,,,,,,,,,,,,,,,,,,,,,,,,0.0,0.0,0.0,,,,,,,,,,,,,,,,,,,,,,,,,,,,,,,,,,,,,,,
Norway,1949,NOR,3250978.0,26945687552.0,,,,,,,,,,,,,,,,4.817,0.173,1160.999,3.774,,,,,,,,,,,,,,,,,,,,,,,,,0.0,0.0,0.0,,,,,,,,,,,,,,,,,,,,,,,,,,,,,,,,,,,,,0.0,0.0,0.0,,,,,,,,,,,,,,,,,,,,,,,,,,,,,,,,,,,,,,,
Norway,1950,NOR,3281428.0,28259665920.0,,,,,,,,,,,,,,,,-20.35,-0.768,916.154,3.006,,,,,,,,,,,,,,,,,,,,,,,,,0.0,0.0,0.0,,,,,,,,,,,,,,,,,,,,,,,,,,,,,,,,,,,,,0.0,0.0,0.0,,,,,,,,,,,,,,,,,,,,,,,,,,,,,,,,,,,,,,,
Norway,1951,NOR,3296349.0,29788082176.0,,,,,,,,,,,,,,,,29.121,0.875,1177.591,3.882,,,,,,,,,,,,,,,,,,,,,,,,,0.0,0.0,0.0,,,,,,,,,,,,,,,,,,,,,,,,,,,,,,,,,,,,,0.0,0.0,0.0,,,,,,,,,,,,,,,,,,,,,,,,,,,,,,,,,,,,,,,
Norway,1952,NOR,3328323.0,30838054912.0,,,,,,,,,,,,,,,,-90.851,-3.527,106.702,0.355,,,,,,,,,,,,,,,,,,,,,,,,,0.0,0.0,0.0,,,,,,,,,,,,,,,,,,,,,,,,,,,,,,,,,,,,,0.0,0.0,0.0,,,,,,,,,,,,,,,,,,,,,,,,,,,,,,,,,,,,,,,
Norway,1953,NOR,3361502.0,32062871552.0,,,,,,,,,,,,,,,,893.023,3.171,1049.118,3.527,,,,,,,,,,,,,,,,,,,,,,,,,0.0,0.0,0.0,,,,,,,,,,,,,,,,,,,,,,,,,,,,,,,,,,,,,0.0,0.0,0.0,,,,,,,,,,,,,,,,,,,,,,,,,,,,,,,,,,,,,,,
Norway,1954,NOR,3394899.0,33681102848.0,,,,,,,,,,,,,,,,-20.141,-0.71,829.578,2.816,,,,,,,,,,,,,,,,,,,,,,,,,0.0,0.0,0.0,,,,,,,,,,,,,,,,,,,,,,,,,,,,,,,,,,,,,0.0,0.0,0.0,,,,,,,,,,,,,,,,,,,,,,,,,,,,,,,,,,,,,,,
Norway,1955,NOR,3429096.0,34424897536.0,,,,,,,,,,,,,,,,-5.572,-0.157,775.543,2.659,,,,,,,,,,,,,,,,,,,,,,,,,0.0,0.0,0.0,,,,,,,,,,,,,,,,,,,,,,,,,,,,,,,,,,,,,0.0,0.0,0.0,,,,,,,,,,,,,,,,,,,,,,,,,,,,,,,,,,,,,,,
Norway,1956,NOR,3461610.0,36260716544.0,,,,,,,,,,,,,,,,21.118,0.562,930.5,3.221,,,,,,,,,,,,,,,,,,,,,,,,,0.0,0.0,0.0,,,,,,,,,,,,,,,,,,,,,,,,,,,,,,,,,,,,,0.0,0.0,0.0,,,,,,,,,,,,,,,,,,,,,,,,,,,,,,,,,,,,,,,
Norway,1957,NOR,3492505.0,37353259008.0,,,,,,,,,,,,,,,,-1.538,-0.05,908.08,3.171,,,,,,,,,,,,,,,,,,,,,,,,,0.0,0.0,0.0,,,,,,,,,,,,,,,,,,,,,,,,,,,,,,,,,,,,,0.0,0.0,0.0,,,,,,,,,,,,,,,,,,,,,,,,,,,,,,,,,,,,,,,
Norway,1958,NOR,3523483.0,37354295296.0,,,,,,,,,,,,,,,,-25.0,-0.793,675.072,2.379,,,,,,,,,,,,,,,,,,,,,,,,,0.0,0.0,0.0,,,,,,,,,,,,,,,,,,,,,,,,,,,,,,,,,,,,,0.0,0.0,0.0,,,,,,,,,,,,,,,,,,,,,,,,,,,,,,,,,,,,,,,
Norway,1959,NOR,3553264.0,38928588800.0,,,,,,,,,,,,,,,,-12.5,-0.297,585.737,2.081,,,,,,,,,,,,,,,,,,,,,,,,,0.0,0.0,0.0,,,,,,,,,,,,,,,,,,,,,,,,,,,,,,,,,,,,,0.0,0.0,0.0,,,,,,,,,,,,,,,,,,,,,,,,,,,,,,,,,,,,,,,
Norway,1960,NOR,3581521.0,41123368960.0,,,,,,,,,,,,,,,,60.317,1.255,931.63,3.337,,,,,,,,,,,,,,,,,,,,,,,,,0.0,0.0,0.0,,,,,,,,,,,,,,,,,,,,,,,,,,,,,,,,,,,,,0.0,0.0,0.0,,,,,,,,,,,,,,,,,,,,,,,,,,,,,,,,,,,,,,,
Norway,1961,NOR,3609997.0,43700240384.0,,,,,,,,,,,,,,,,-8.663,-0.289,844.208,3.048,,,,,,,,,,,,,,,,,,,,,,,,,0.0,0.0,0.0,,,,,,,,,,,,,,,,,,,,,,,,,,,,,,,,,,,,,0.0,0.0,0.0,,,,,,,,,,,,,,,,,,,,,,,,,,,,,,,,,,,,,,,
Norway,1962,NOR,3639139.0,44929732608.0,,,,,,,,,,,,,,,,28.184,0.859,1073.476,3.907,,,,,,,,,,,,,,,,,,,,,,,,,0.0,0.0,0.0,,,,,,,,,,,,,,,,,,,,,,,,,,,,,,,,,,,,,0.0,0.0,0.0,,,,,,,,,,,,,,,,,,,,,,,,,,,,,,,,,,,,,,,
Norway,1963,NOR,3666801.0,46649389056.0,,,,,,,,,,,,,,,,-19.239,-0.752,860.411,3.155,,,,,,,,,,,,,,,,,,,,,,,,,0.0,0.0,0.0,,,,,,,,,,,,,,,,,,,,,,,,,,,,,,,,,,,,,0.0,0.0,0.0,,,,,,,,,,,,,,,,,,,,,,,,,,,,,,,,,,,,,,,
Norway,1964,NOR,3694674.0,48972156928.0,,,,,,,,,,,,,,,,15.707,0.496,988.043,3.65,,,,,,,,,,,,,,,,,,,,,,,,,0.0,0.0,0.0,,,,,,,,,,,,,,,,,,,,,,,,,,,,,,,,,,,,,0.0,0.0,0.0,,,,,,,,,,,,,,,,,,,,,,,,,,,,,,,,,,,,,,,
Norway,1965,NOR,3723510.0,51573116928.0,,,,,,,,,,,,2384.155,8.877,,,-3.62,-0.132,944.902,3.518,,,,,,,,57854.812,4.177,,,,,,,,,,,,,,,,0.0,0.0,0.0,,,,,,146.229,13281.017,49.452,39271.824,,,,,146.229,13281.017,49.452,39271.824,,,,,,,0.0,0.0,0.0,0.0,,,,,60.317,,,16198.833,,0.0,0.0,0.0,,,0.0,0.0,,,,0.0,,0.0,,,,,215.423,,,146.229,13281.017,49.452,39271.824,,,,,0.0,0.0,0.0,0.0,,,,,0.0,0.0,0.0,0.0,,
Norway,1966,NOR,3753077.0,53519228928.0,,,,,,,,,,-7.927,-0.704,2177.861,8.174,,,1.878,0.066,955.063,3.584,,,,,,2.307,4.971,58723.461,4.118,,,,,,,,,,,,,,,,0.0,0.0,0.0,,,,-1.432,-2.094,144.135,12987.742,48.744,38404.617,,,-1.432,-2.094,144.135,12987.742,48.744,38404.617,,,,,,0.0,0.0,0.0,0.0,0.0,,,12.879,7.768,68.085,,,18140.984,,0.0,0.0,0.0,,,0.0,0.0,,,0.0,0.0,,0.0,,,,,220.394,-1.432,-2.094,144.135,12987.742,48.744,38404.617,,,,0.0,0.0,0.0,0.0,0.0,,,,0.0,0.0,0.0,0.0,0.0,,
Norway,1967,NOR,3784346.0,56866004992.0,,,,,,,,,,4.986,0.408,2267.553,8.581,,,-1.613,-0.058,931.895,3.527,,,,,,7.391,16.288,62542.391,4.162,,,,,,,,,,,,,,,,0.0,0.0,0.0,,,,9.349,13.475,157.61,14084.6,53.301,41648.008,,,9.349,13.475,157.61,14084.6,53.301,41648.008,,,,,,0.0,0.0,0.0,0.0,0.0,,,3.534,2.406,70.49,,,18626.83,,0.0,0.0,0.0,,,0.0,0.0,,,0.0,0.0,,0.0,,,,,236.682,9.349,13.475,157.61,14084.6,53.301,41648.008,,,,0.0,0.0,0.0,0.0,0.0,,,,0.0,0.0,0.0,0.0,0.0,,
Norway,1968,NOR,3816299.0,58140196864.0,,,,,,,,,,1.789,0.154,2288.794,8.735,,,-18.97,-0.669,748.796,2.858,,,,,,12.035,28.485,69482.648,4.561,,,,,,,,,,,,,,,,0.0,0.0,0.0,,,,12.953,20.415,178.026,15775.756,60.205,46648.738,,,12.953,20.415,178.026,15775.756,60.205,46648.738,,,,,,0.0,0.0,0.0,0.0,0.0,,,11.23,7.916,78.406,,,20545.119,,0.0,0.0,0.0,,,0.0,0.0,,,0.0,0.0,,0.0,,,,,265.167,12.953,20.415,178.026,15775.756,60.205,46648.738,,,,0.0,0.0,0.0,0.0,0.0,,,,0.0,0.0,0.0,0.0,0.0,,
Norway,1969,NOR,3847527.0,60764565504.0,,,,,,,,,,11.411,0.997,2529.268,9.731,,,11.272,0.322,826.435,3.18,,,,,,0.151,0.4,69022.648,4.37,,,,,,,,,,,,,,,,0.0,0.0,0.0,,,,-4.707,-8.38,169.645,14911.136,57.371,44092.07,,,-4.707,-8.38,169.645,14911.136,57.371,44092.07,,,,,,0.0,0.0,0.0,0.0,0.0,,,9.927,7.783,86.19,,,22401.309,,0.0,0.0,0.0,,,0.0,0.0,,,0.0,0.0,,0.0,,,,,265.566,-4.707,-8.38,169.645,14911.136,57.371,44092.07,,,,0.0,0.0,0.0,0.0,0.0,,,,0.0,0.0,0.0,0.0,0.0,,
Norway,1970,NOR,3875550.0,61972258816.0,,,,,,,,,,2.148,0.209,2564.911,9.94,,,25.714,0.818,1031.435,3.997,,,,,,4.645,12.335,71706.375,4.484,,,,,,,,,,,,,,,,0.0,0.0,0.0,,,,0.762,1.292,170.938,14916.076,57.808,44106.676,,,0.762,1.292,170.938,14916.076,57.808,44106.676,,,,,,0.0,0.0,0.0,0.0,0.0,,,12.57,10.834,97.024,,,25034.791,,0.0,0.0,0.0,,,0.0,0.0,,,0.0,0.0,,0.0,,,,,277.902,0.762,1.292,170.938,14916.076,57.808,44106.676,,,,0.0,0.0,0.0,0.0,0.0,,,,0.0,0.0,0.0,0.0,0.0,,
Norway,1971,NOR,3902912.0,65149526016.0,,,,,,,,,,-5.96,-0.592,2395.143,9.348,,,-99.174,-3.964,8.464,0.033,,,,,,5.204,14.462,74909.102,4.488,,,,,,,,,,,,,,,,0.0,0.0,0.0,,,,9.405,16.077,187.015,16204.567,63.245,47916.73,,,9.405,16.077,187.015,16204.567,63.245,47916.73,,,,,,0.0,0.0,0.0,0.0,0.0,,,-1.054,-1.023,96.001,,,24597.225,,3.405,872.436,3.405,,,0.0,0.0,,,0.0,0.0,,0.0,,,,,292.364,9.405,16.077,187.015,16204.567,63.245,47916.73,,,,0.0,0.0,0.0,0.0,0.0,,,,0.0,0.0,0.0,0.0,0.0,,
Norway,1972,NOR,3933047.0,68469665792.0,,,,,,,,,,8.577,0.802,2580.643,10.15,,,11724.999,3.873,993.257,3.907,,,,,,6.051,17.69,78832.859,4.528,,,,,,,,,,,,,,,,0.0,0.0,0.0,,,,6.597,12.337,199.351,17141.162,67.417,50686.23,,,6.597,12.337,199.351,17141.162,67.417,50686.23,,,,,,0.0,0.0,0.0,0.0,0.0,,,4.741,4.551,100.552,,,25565.99,451.507,15.374,4774.677,18.779,,,0.0,0.0,,,0.0,0.0,,0.0,,,,,310.053,6.597,12.337,199.351,17141.162,67.417,50686.23,,,,0.0,0.0,0.0,0.0,0.0,,,,0.0,0.0,0.0,0.0,0.0,,
Norway,1973,NOR,3960705.0,71489060864.0,,,,,,,,,,7.503,0.762,2754.891,10.911,,,-12.896,-0.504,859.121,3.403,,,,,,5.964,18.492,82951.125,4.596,,,,,,,,,,,,,,,,0.0,0.0,0.0,,,,8.084,16.116,215.467,18397.48,72.867,54401.156,,,8.084,16.116,215.467,18397.48,72.867,54401.156,,,,,,0.0,0.0,0.0,0.0,0.0,,,1.606,1.614,102.167,,,25795.074,-3.295,-0.619,4585.096,18.16,,,0.0,0.0,,,0.0,0.0,,0.0,,,,,328.545,8.084,16.116,215.467,18397.48,72.867,54401.156,,,,0.0,0.0,0.0,0.0,0.0,,,,0.0,0.0,0.0,0.0,0.0,,
Norway,1974,NOR,3985381.0,74488455168.0,,,,,,,,,,10.868,1.186,3035.37,12.097,,,11.893,0.405,955.346,3.807,,,,,,0.915,3.007,83191.922,4.451,,,,,,,,,,,,,,,,0.0,0.0,0.0,,,,5.119,11.03,226.497,19219.492,76.597,56831.832,,,5.119,11.03,226.497,19219.492,76.597,56831.832,,,,,,0.0,0.0,0.0,0.0,0.0,,,-9.013,-9.209,92.958,,,23324.725,9.375,1.703,4983.898,19.863,,,0.0,0.0,,,0.0,0.0,,0.0,,,,,331.552,5.119,11.03,226.497,19219.492,76.597,56831.832,,,,0.0,0.0,0.0,0.0,0.0,,,,0.0,0.0,0.0,0.0,0.0,,
Norway,1975,NOR,4007471.0,78383038464.0,,,,,,,,,,-4.918,-0.595,2870.168,11.502,,,-8.46,-0.322,869.705,3.485,,,,,,1.462,4.847,83942.922,4.292,,,,,,,,,,,,,,,,0.0,0.0,0.0,,,,0.957,2.167,228.664,19296.459,77.33,57059.422,,,0.957,2.167,228.664,19296.459,77.33,57059.422,,,,,,0.0,0.0,0.0,0.0,0.0,,,3.523,3.275,96.233,,,24013.336,440.0,87.396,26764.699,107.259,,,0.0,0.0,,,0.0,0.0,,0.0,,,,,336.399,0.957,2.167,228.664,19296.459,77.33,57059.422,,,,0.0,0.0,0.0,0.0,0.0,,,,0.0,0.0,0.0,0.0,0.0,,
Norway,1976,NOR,4026317.0,82978996224.0,,,,,,,,,,-3.515,-0.404,2756.327,11.098,,,24.408,0.851,1076.914,4.336,,,,,,6.96,23.415,89365.477,4.336,,,,,,,,,,,,,,,,0.0,0.0,0.0,,,,5.952,13.611,242.275,20349.367,81.933,60172.855,,,5.952,13.611,242.275,20349.367,81.933,60172.855,,,,,,0.0,0.0,0.0,0.0,0.0,,,10.608,10.208,106.441,,,26436.301,48.023,51.509,39432.602,158.768,,,0.0,0.0,,,0.0,0.0,,0.0,,,,,359.814,5.952,13.611,242.275,20349.367,81.933,60172.855,,,,0.0,0.0,0.0,0.0,0.0,,,,0.0,0.0,0.0,0.0,0.0,,
Norway,1977,NOR,4043365.0,86520545280.0,,,,,,,,,,-13.898,-1.542,2363.251,9.555,,,-16.762,-0.727,892.623,3.609,,2.884,,,,-7.905,-28.442,81954.562,3.83,,,,,29283.516,118.404,,35.731,,,3.989,,,986.577,,26.35,6516.82,26.35,,1.204,,-12.096,-29.307,212.968,17812.391,72.022,52671.047,,64.269,-12.096,-29.307,212.968,17812.391,72.022,52671.047,,64.269,,,,0.0,0.0,0.0,0.0,0.0,,0.0,-1.486,-1.582,104.859,,,25933.686,2.586,4.106,40281.898,162.874,,31.644,0.0,0.0,,,0.0,0.0,,0.0,,,0.0,,331.372,-12.096,-29.307,212.968,17812.391,72.022,52671.047,,64.269,,0.0,0.0,0.0,0.0,0.0,,0.0,,0.0,0.0,0.0,0.0,0.0,,0.0
Norway,1978,NOR,4058804.0,89538338816.0,,,,,,,,,,3.06,0.292,2426.303,9.848,,,-8.009,-0.289,818.008,3.32,,2.648,,,,12.215,40.478,91615.625,4.153,12.499,14.799,,,32818.312,133.203,,35.822,67.93,2.71,6.699,,,1650.457,434.888,114.593,34725.105,140.942,,1.802,,12.057,25.679,238.647,19884.184,80.706,58797.312,,64.178,12.057,25.679,238.647,19884.184,80.706,58797.312,,64.178,,,,0.0,0.0,0.0,0.0,0.0,,0.0,11.25,11.797,116.656,,,28741.553,24.042,39.158,49776.336,202.032,,31.372,0.0,0.0,,,0.0,0.0,,0.0,,,0.0,,371.85,12.057,25.679,238.647,19884.184,80.706,58797.312,,64.178,,0.0,0.0,0.0,0.0,0.0,,0.0,,0.0,0.0,0.0,0.0,0.0,,0.0
Norway,1979,NOR,4072652.0,93549789184.0,,,,,,,,,,24.531,2.416,3011.225,12.264,,,-29.851,-0.991,571.876,2.329,,3.08,,,,7.089,26.359,97776.367,4.257,2.047,2.727,,,33376.309,135.93,,34.135,14.236,0.954,7.653,,,1879.007,45.554,64.205,50371.852,205.147,,1.922,,9.903,23.632,262.279,21778.928,88.698,64400.059,,65.865,9.903,23.632,262.279,21778.928,88.698,64400.059,,65.865,,,,0.0,0.0,0.0,0.0,0.0,,0.0,-0.551,-0.642,116.014,,,28486.074,12.249,24.747,55683.477,226.779,,29.134,0.0,0.0,,,0.0,0.0,,0.0,,,0.0,,398.209,9.903,23.632,262.279,21778.928,88.698,64400.059,,65.865,,0.0,0.0,0.0,0.0,0.0,,0.0,,0.0,0.0,0.0,0.0,0.0,,0.0
Norway,1980,NOR,4085778.0,98181537792.0,,,,,,,,,,-7.433,-0.912,2778.446,11.352,,,1.69,0.039,579.672,2.368,,2.996,,,,-4.849,-19.307,92736.75,3.859,-3.142,-4.271,,,32223.73,131.659,,34.748,7.447,0.57,8.222,,,2012.447,21.377,43.855,60943.484,249.002,,2.17,,-5.733,-15.036,247.243,20464.4,83.613,60513.012,,65.252,-5.733,-15.036,247.243,20464.4,83.613,60513.012,,65.252,,,,0.0,0.0,0.0,0.0,0.0,,0.0,-3.387,-3.929,112.084,,,27432.84,28.463,64.548,71302.75,291.327,,29.581,0.0,0.0,,,0.0,0.0,,0.0,,,0.0,,378.902,-5.733,-15.036,247.243,20464.4,83.613,60513.012,,65.252,,0.0,0.0,0.0,0.0,0.0,,0.0,,0.0,0.0,0.0,0.0,0.0,,0.0
Norway,1981,NOR,4099860.0,99126697984.0,,,,,,,,,,0.178,0.02,2773.844,11.372,,,42.361,1.003,822.393,3.372,,2.842,,,,5.614,21.27,97606.133,4.037,-4.555,-5.997,,,30650.398,125.662,,31.402,22.914,1.884,10.106,,,2465.077,-0.547,-1.362,60402.031,247.64,,2.526,,11.028,27.266,274.509,22643.211,92.834,66955.734,,68.598,11.028,27.266,274.509,22643.211,92.834,66955.734,,68.598,,,,0.0,0.0,0.0,0.0,0.0,,0.0,-7.049,-7.901,104.184,,,25411.479,-3.023,-8.807,68909.656,282.52,,26.035,0.0,0.0,,,0.0,0.0,,0.0,,,0.0,,400.171,11.028,27.266,274.509,22643.211,92.834,66955.734,,68.598,,0.0,0.0,0.0,0.0,0.0,,0.0,,0.0,0.0,0.0,0.0,0.0,,0.0
Norway,1982,NOR,4114936.0,99335069696.0,,,,,,,,,,-3.823,-0.435,2658.035,10.938,,,7.317,0.247,879.335,3.618,,2.766,,,,-1.173,-4.694,96107.789,3.981,-2.947,-3.703,,,29638.092,121.959,,30.838,7.94,0.802,10.909,,,2651.06,-3.972,-9.837,57790.293,237.803,,2.758,,-0.361,-0.991,273.519,22478.844,92.499,66469.688,,69.162,-0.361,-0.991,273.519,22478.844,92.499,66469.688,,69.162,,,,0.0,0.0,0.0,0.0,0.0,,0.0,-3.908,-4.071,100.112,,,24328.998,3.866,10.923,71311.57,293.443,,25.314,0.0,0.0,,,0.0,0.0,,0.0,,,0.0,,395.477,-0.361,-0.991,273.519,22478.844,92.499,66469.688,,69.162,,0.0,0.0,0.0,0.0,0.0,,0.0,,0.0,0.0,0.0,0.0,0.0,,0.0
Norway,1983,NOR,4128576.0,102897041408.0,,,,,,,,,,6.533,0.715,2822.326,11.652,,,14.091,0.51,999.927,4.128,,2.68,,,,9.934,39.287,105306.047,4.225,0.235,0.287,,,29609.66,122.246,,28.118,12.58,1.372,12.281,,,2974.701,-1.45,-3.449,56764.07,234.355,,2.825,,14.259,39.0,312.518,25599.143,105.688,75696.383,,71.882,14.259,39.0,312.518,25599.143,105.688,75696.383,,71.882,,,,0.0,0.0,0.0,0.0,0.0,,0.0,-1.798,-1.8,98.312,,,23812.633,24.438,71.712,88445.648,365.155,,22.613,0.0,0.0,,,0.0,0.0,,0.0,,,0.0,,434.764,14.259,39.0,312.518,25599.143,105.688,75696.383,,71.882,,0.0,0.0,0.0,0.0,0.0,,0.0,,0.0,0.0,0.0,0.0,0.0,,0.0
Norway,1984,NOR,4140232.0,108971442176.0,,,,,,,,,,12.137,1.414,3155.958,13.066,,,-10.159,-0.419,895.811,3.709,,2.968,,,,1.254,5.453,106326.578,4.04,3.94,4.817,,,30689.754,127.063,,28.864,-3.788,-0.465,11.816,,,2853.966,9.952,23.324,62237.754,257.679,,2.684,,0.203,0.636,313.154,25579.0,105.903,75636.828,,71.136,0.203,0.636,313.154,25579.0,105.903,75636.828,,71.136,,,,0.0,0.0,0.0,0.0,0.0,,0.0,3.934,3.868,102.18,,,24679.83,14.514,52.999,100997.703,418.154,,23.211,0.0,0.0,,,0.0,0.0,,0.0,,,0.0,,440.217,0.203,0.636,313.154,25579.0,105.903,75636.828,,71.136,,0.0,0.0,0.0,0.0,0.0,,0.0,,0.0,0.0,0.0,0.0,0.0,,0.0
Norway,1985,NOR,4152640.0,114639986688.0,,,,,,,,,,-0.408,-0.053,3133.701,13.013,,,12.417,0.461,1004.034,4.169,,2.988,,103.292,23.721,-1.084,-4.772,104859.812,3.798,4.424,5.621,,,31951.639,132.684,,30.471,5.413,0.64,12.456,,,2999.472,0.859,2.214,62584.91,259.893,,2.86,,-3.324,-10.409,302.745,24654.918,102.383,72904.328,99.12,69.526,-3.319,-10.393,302.761,24656.121,102.388,72908.172,99.125,69.529,,,,0.0,0.0,0.0,0.0,0.0,0.0,0.0,4.927,5.035,107.215,,,25818.467,9.056,37.868,109814.914,456.022,,24.622,0.016,0.005,,,0.016,1.204,,3.844,0.005,,0.004,24873.816,435.445,-3.319,-10.393,302.761,24656.121,102.388,72908.172,99.125,69.529,,0.0,0.0,0.0,0.0,0.0,0.0,0.0,,0.0,0.0,0.0,0.0,0.0,0.0,0.0
Norway,1986,NOR,4167465.0,118764650496.0,,,,,,,,,,-10.88,-1.416,2782.821,11.597,,,-13.807,-0.576,862.331,3.594,,2.73,,97.284,22.899,-2.435,-10.602,101942.758,3.577,5.736,7.611,,,33664.242,140.295,,33.023,10.177,1.268,13.723,,,3292.985,-0.366,-0.952,62133.77,258.94,,3.23,,-6.038,-18.28,284.465,23083.816,96.201,68258.594,98.887,66.958,-6.017,-18.213,284.548,23090.057,96.227,68278.516,98.913,66.977,,,,0.0,0.0,0.0,0.0,0.0,0.0,0.0,7.237,7.759,114.974,,,27588.439,9.75,44.464,120093.625,500.486,,27.063,0.083,0.026,,420.0,0.067,6.239,,19.916,0.027,,0.02,23343.688,424.843,-6.017,-18.213,284.548,23090.057,96.227,68278.516,98.913,66.977,,0.0,0.0,0.0,0.0,0.0,0.0,0.0,,0.0,0.0,0.0,0.0,0.0,0.0,0.0
Norway,1987,NOR,4187034.0,121201516544.0,,,,,,,,,,-3.39,-0.393,2675.925,11.204,,,-8.696,-0.312,783.666,3.281,,2.51,,104.283,23.363,5.063,21.508,106603.047,3.683,0.436,0.612,,,33653.043,140.906,,31.569,10.085,1.384,15.107,,,3608.132,7.9,20.457,66729.219,279.398,,3.385,,7.351,20.912,305.377,24664.955,103.273,72934.0,99.031,68.416,7.344,20.896,305.444,24669.971,103.294,72950.016,99.052,68.431,,,,0.0,0.0,0.0,0.0,0.0,0.0,0.0,-0.33,-0.379,114.595,,,27368.984,16.455,82.355,139201.328,582.841,,25.674,0.067,0.021,,-19.231,-0.016,5.015,,16.01,0.02,,0.015,24906.174,446.351,7.344,20.896,305.444,24669.971,103.294,72950.016,99.052,68.431,,0.0,0.0,0.0,0.0,0.0,0.0,0.0,,0.0,0.0,0.0,0.0,0.0,0.0,0.0
Norway,1988,NOR,4209655.0,121152471040.0,,,,,,,,,,2.658,0.298,2732.282,11.502,,,-33.835,-1.11,515.73,2.171,,2.5,,110.019,23.912,3.08,13.746,109295.656,3.798,-1.976,-2.785,,,32810.723,138.122,,30.02,25.943,3.919,19.027,,,4519.772,0.635,1.773,66791.922,281.171,,4.135,,5.407,16.512,321.889,25858.889,108.857,76464.453,98.944,69.961,5.412,16.531,321.975,25865.303,108.884,76484.93,98.968,69.98,,,,0.0,0.0,0.0,0.0,0.0,0.0,0.0,-6.11,-7.002,107.593,,,25558.672,13.697,79.831,157417.188,662.672,,23.385,0.086,0.027,,28.571,0.019,6.414,,20.474,0.025,,0.019,26134.92,460.097,5.412,16.531,321.975,25865.303,108.884,76484.93,98.968,69.98,,0.0,0.0,0.0,0.0,0.0,0.0,0.0,,0.0,0.0,0.0,0.0,0.0,0.0,0.0
Norway,1989,NOR,4227072.0,122312998912.0,,,,,,,,,,-12.386,-1.425,2383.997,10.077,,,28.409,0.617,659.515,2.788,,2.056,,119.197,24.317,6.54,30.091,115963.898,4.008,1.351,1.866,,,33116.934,139.988,,28.558,10.758,2.047,21.074,,,4985.38,1.441,4.051,67475.062,285.222,,4.299,,8.767,28.219,350.108,28009.932,118.4,82825.062,99.331,71.423,8.766,28.225,350.2,28016.793,118.429,82846.961,99.356,71.442,,,,0.0,0.0,0.0,0.0,0.0,0.0,0.0,1.156,1.244,108.837,,,25747.559,31.467,208.521,206098.375,871.193,,22.203,0.093,0.029,,7.407,0.006,6.861,,21.9,0.024,,0.019,28198.479,490.188,8.766,28.225,350.2,28016.793,118.429,82846.961,99.356,71.442,,0.0,0.0,0.0,0.0,0.0,0.0,0.0,,0.0,0.0,0.0,0.0,0.0,0.0,0.0
Norway,1990,NOR,4241637.0,124859203584.0,,,,,49.509,0.21,0.173,,,-6.349,-0.64,2224.972,9.438,9.43,0.04,-10.619,-0.296,587.454,2.492,0.033,1.905,105.55,121.46,24.518,1.063,5.21,116793.992,3.968,-2.496,-3.494,25.933,0.11,32179.389,136.493,0.091,27.552,5.905,1.244,22.318,0.0,0.0,5261.641,-11.338,-32.338,59619.328,252.884,0.0,4.505,,2.318,8.117,358.224,28559.729,121.14,84454.297,99.737,72.31,2.473,8.704,358.904,28609.236,121.35,84614.594,99.909,72.448,-15.91,-15.073,,0.0,0.0,0.0,0.0,0.0,0.0,0.0,-3.766,-4.099,104.738,16.503,0.07,24692.777,9.657,84.131,225225.234,955.324,0.058,21.142,0.68,0.21,0.0,634.483,0.587,49.509,0.0,160.301,0.173,0.0,0.137,28635.17,495.398,2.473,8.704,358.904,28609.236,121.35,84614.594,99.909,72.448,,0.0,0.0,0.0,0.0,0.0,0.0,0.0,,0.0,0.0,0.0,0.0,0.0,0.0,0.0
Norway,1991,NOR,4261886.0,132674478080.0,,,,,49.274,0.21,0.19,,,-11.001,-1.038,1970.798,8.399,11.732,0.05,8.911,0.222,636.762,2.714,0.045,1.839,107.69,110.46,24.182,-7.793,-38.606,107180.648,3.443,-4.421,-6.034,28.157,0.12,30610.74,130.459,0.109,28.56,12.663,2.826,25.144,0.0,0.0,5899.75,-1.776,-4.49,58282.438,248.393,0.0,5.504,,-9.089,-32.559,325.665,25840.672,110.13,76413.359,99.701,71.294,-9.076,-32.572,326.332,25889.945,110.34,76569.906,99.891,71.44,-2.77,-2.572,,0.0,0.0,0.0,0.0,0.0,0.0,0.0,-7.468,-7.822,96.916,16.425,0.07,22740.193,14.242,136.062,256080.375,1091.385,0.063,21.217,0.667,0.21,0.0,-1.878,-0.013,49.274,0.0,156.544,0.19,0.0,0.146,25918.104,456.792,-9.076,-32.572,326.332,25889.945,110.34,76569.906,99.891,71.44,,0.0,0.0,0.0,0.0,0.0,0.0,0.0,,0.0,0.0,0.0,0.0,0.0,0.0,0.0
Norway,1992,NOR,4286560.0,141645643776.0,,,,,53.656,0.23,0.197,,,0.465,0.039,1968.559,8.438,11.664,0.05,8.788,0.238,688.732,2.952,0.043,1.754,108.28,117.01,24.323,5.314,24.273,112226.188,3.396,3.745,4.885,25.662,0.11,31574.213,135.345,0.094,28.134,7.632,1.919,27.063,0.0,0.0,6313.457,3.223,8.006,59814.641,256.399,0.0,5.626,,5.935,19.33,344.995,27217.629,116.67,80482.922,99.709,71.715,5.941,19.387,345.72,27271.285,116.9,80651.969,99.906,71.866,-8.73,-8.062,,0.0,0.0,0.0,0.0,0.0,0.0,0.0,3.02,2.927,99.843,13.997,0.06,23292.197,13.915,151.87,290035.656,1243.255,0.051,20.755,0.725,0.23,0.0,8.612,0.057,53.656,0.0,169.047,0.197,0.0,0.151,27296.947,481.064,5.941,19.387,345.72,27271.285,116.9,80651.969,99.906,71.866,,0.0,0.0,0.0,0.0,0.0,0.0,0.0,,0.0,0.0,0.0,0.0,0.0,0.0,0.0
Norway,1993,NOR,4312138.0,150160310272.0,,,,,55.657,0.24,0.201,,,8.141,0.687,2116.185,9.125,11.595,0.05,-25.348,-0.748,511.101,2.204,0.042,1.838,111.83,119.61,24.093,3.199,15.387,115128.867,3.306,5.719,7.74,30.147,0.13,33181.793,143.084,0.109,28.821,5.2,1.407,28.47,2.319,0.01,6602.349,-3.986,-10.221,57089.59,246.178,0.008,5.735,,2.196,7.576,352.571,27649.859,119.23,81762.391,99.682,71.018,2.211,7.648,353.367,27707.834,119.48,81947.078,99.891,71.179,-7.78,-6.957,,0.0,0.0,0.0,0.0,0.0,0.0,0.0,5.654,5.646,105.489,16.233,0.07,24463.258,6.761,84.057,307808.469,1327.313,0.059,21.249,0.776,0.24,0.0,7.048,0.051,55.657,0.0,179.889,0.201,0.0,0.156,27737.98,496.452,2.211,7.648,353.367,27707.834,119.48,81947.078,99.891,71.179,,0.0,0.0,0.0,0.0,0.0,0.0,0.0,,0.021,0.021,2.319,0.01,4.8,0.008,0.004
Norway,1994,NOR,4336745.0,162612346880.0,,,,,62.259,0.27,0.241,,,12.746,1.163,2372.374,10.288,13.835,0.06,12.313,0.271,570.778,2.475,0.053,2.146,112.07,112.2,23.399,-3.414,-16.95,110567.258,2.949,3.775,5.402,64.565,0.28,34239.121,148.486,0.25,30.967,7.353,2.093,30.564,34.588,0.15,7047.599,8.215,20.225,61429.242,266.403,0.134,6.374,,-6.366,-22.444,330.127,25742.811,111.64,76123.25,99.501,68.848,-6.328,-22.351,331.016,25807.373,111.92,76328.133,99.75,69.033,-0.13,-0.116,,0.0,0.0,0.0,0.0,0.0,0.0,0.0,2.034,2.145,107.634,16.141,0.07,24819.15,12.665,168.107,344825.406,1495.42,0.062,22.447,0.862,0.27,0.0,11.111,0.086,62.259,0.0,198.742,0.241,0.0,0.18,25871.938,479.502,-6.328,-22.351,331.016,25807.373,111.92,76328.133,99.75,69.033,,0.0,0.0,0.0,0.0,0.0,0.0,0.0,28.571,0.006,0.027,2.306,0.01,6.137,0.009,0.006
Norway,1995,NOR,4359327.0,174580203520.0,,,,,66.524,0.29,0.237,,,9.181,0.945,2576.754,11.233,13.764,0.06,-2.99,-0.074,550.843,2.401,0.049,2.208,115.47,122.13,24.003,6.114,29.318,116719.898,2.915,0.013,0.019,68.818,0.3,34066.082,148.505,0.246,29.186,0.951,0.291,30.854,43.585,0.19,7077.787,3.621,9.647,63323.992,276.05,0.156,6.064,,8.856,29.236,359.363,27878.156,121.53,82435.406,99.509,70.627,8.852,29.299,360.315,27946.975,121.83,82653.812,99.754,70.814,-6.66,-5.768,,0.0,0.0,0.0,0.0,0.0,0.0,0.0,-1.13,-1.216,106.418,11.47,0.05,24411.539,7.635,114.168,369228.625,1609.588,0.041,20.915,0.923,0.29,0.0,7.037,0.061,66.524,0.0,211.626,0.237,0.0,0.181,28015.791,508.82,8.852,29.299,360.315,27946.975,121.83,82653.812,99.754,70.814,,0.0,0.0,0.0,0.0,0.0,0.0,0.0,11.111,0.003,0.03,2.294,0.01,6.783,0.008,0.006
Norway,1996,NOR,4381511.0,189004513280.0,,,,,68.47,0.3,0.287,,,-0.556,-0.062,2549.455,11.17,11.412,0.05,-21.233,-0.51,431.687,1.891,0.048,2.393,113.55,104.57,22.404,-8.271,-42.083,106524.242,2.469,6.814,10.119,91.293,0.4,36203.141,158.624,0.383,33.986,8.556,2.64,33.494,63.905,0.28,7644.486,34.459,95.125,84713.828,371.175,0.268,7.176,,-14.538,-52.244,307.119,23704.152,103.86,70094.266,99.321,65.801,-14.492,-52.202,308.113,23774.904,104.17,70321.094,99.617,66.014,8.98,7.908,,0.0,0.0,0.0,0.0,0.0,0.0,0.0,7.087,7.542,113.96,15.976,0.07,26009.201,11.752,189.157,410530.844,1798.745,0.067,24.416,0.967,0.3,0.0,4.844,0.045,68.47,0.0,220.754,0.287,0.0,0.207,23866.197,466.737,-14.492,-52.202,308.113,23774.904,104.17,70321.094,99.617,66.014,,0.0,0.0,0.0,0.0,0.0,0.0,0.0,-10.0,-0.003,0.027,2.282,0.01,6.074,0.01,0.006
Norway,1997,NOR,4405334.0,205114343424.0,,,,,54.479,0.24,0.217,,,-0.769,-0.086,2516.177,11.085,9.08,0.04,67.826,1.283,720.565,3.174,0.036,2.259,114.2,110.38,22.495,5.131,23.947,111384.031,2.392,4.195,6.654,79.449,0.35,37517.828,165.279,0.317,33.683,15.486,5.187,38.681,54.479,0.24,8780.578,14.832,55.052,96752.344,426.226,0.217,7.883,,5.693,17.485,324.603,24919.791,109.78,73684.195,99.456,66.153,5.618,17.293,325.405,24976.539,110.03,73866.211,99.683,66.317,3.82,3.345,,0.0,0.0,0.0,0.0,0.0,0.0,0.0,1.363,1.553,115.513,15.89,0.07,26221.072,1.011,18.186,412438.844,1816.931,0.063,23.541,0.769,0.24,0.0,-20.462,-0.198,54.479,0.0,174.634,0.217,0.0,0.157,25055.988,490.684,5.618,17.293,325.405,24976.539,110.03,73866.211,99.683,66.317,,0.0,0.0,0.0,0.0,0.0,0.0,0.0,22.222,0.006,0.033,2.27,0.01,7.384,0.009,0.007
Norway,1998,NOR,4431672.0,216977244160.0,,,,,60.925,0.27,0.232,,,8.521,0.945,2714.355,12.029,9.026,0.04,-15.026,-0.477,608.655,2.697,0.034,2.357,119.94,116.31,22.793,3.997,19.614,115148.039,2.352,1.206,1.993,74.464,0.33,37744.535,167.271,0.284,32.779,2.135,0.826,39.507,49.643,0.22,8914.718,2.91,12.405,98976.422,438.631,0.189,7.742,,5.4,17.529,342.133,26107.527,115.7,77201.68,99.476,67.046,5.414,17.622,343.027,26170.707,115.98,77403.508,99.716,67.221,3.63,3.027,,0.0,0.0,0.0,0.0,0.0,0.0,0.0,0.193,0.223,115.735,15.795,0.07,26115.463,-4.242,-77.081,392594.562,1739.85,0.06,22.68,0.862,0.27,0.0,12.033,0.093,60.925,0.0,194.485,0.232,0.0,0.169,26245.174,510.298,5.414,17.622,343.027,26170.707,115.98,77403.508,99.716,67.221,,0.0,0.0,0.0,0.0,0.0,0.0,0.0,0.0,0.0,0.033,2.256,0.01,7.34,0.009,0.006
Norway,1999,NOR,4462148.0,228162633728.0,,,,,60.509,0.27,0.221,,,-6.295,-0.757,2526.125,11.272,8.964,0.04,23.171,0.625,744.564,3.322,0.033,2.152,120.23,122.15,23.319,2.652,13.531,117394.086,2.296,-2.104,-3.519,89.643,0.4,36698.051,163.752,0.327,31.261,-4.475,-1.768,37.739,62.75,0.28,8457.664,9.676,42.442,107811.891,481.073,0.229,7.205,,4.969,17.0,359.132,27217.832,121.45,80484.164,99.427,68.559,4.971,17.051,360.078,27285.064,121.75,80696.031,99.673,68.739,-1.92,-1.597,,0.0,0.0,0.0,0.0,0.0,0.0,0.0,-0.859,-0.994,114.741,17.929,0.08,25714.262,0.049,0.855,390104.781,1740.705,0.065,21.904,0.871,0.27,0.0,1.111,0.01,60.509,0.0,195.303,0.221,0.0,0.166,27374.709,523.83,4.971,17.051,360.078,27285.064,121.75,80696.031,99.673,68.739,,0.0,0.0,0.0,0.0,0.0,0.0,0.0,127.273,0.041,0.074,6.723,0.03,16.567,0.025,0.014
Norway,2000,NOR,4491204.0,242722144256.0,,,,,57.891,0.26,0.183,,25.556,2.424,0.273,2570.615,11.545,8.906,0.04,56.436,1.875,1157.228,5.197,0.028,1.989,123.38,142.43,24.535,10.821,56.682,129255.242,2.392,-2.149,-3.519,71.25,0.32,35677.031,160.233,0.225,27.602,12.265,4.629,42.368,46.758,0.21,9433.571,2.734,13.152,110042.82,494.225,0.147,7.298,3.64,16.769,60.222,419.354,31577.279,141.82,93372.359,99.572,72.239,16.723,60.201,420.279,31641.85,142.11,93578.219,99.775,72.398,-19.05,-15.44,,,,0.0,0.0,,0.0,,-7.339,-8.421,106.32,15.586,0.07,23672.846,6.948,120.952,414511.719,1861.657,0.049,18.315,0.817,0.26,0.0,-6.227,-0.054,57.891,0.0,181.957,0.183,0.0,0.141,31713.098,580.512,16.723,60.201,420.279,31641.85,142.11,93578.219,99.775,72.398,,0.016,0.016,0.0,0.0,3.489,0.0,0.003,24.0,0.018,0.092,6.68,0.03,20.41,0.021,0.016
Norway,2001,NOR,4514019.0,255412797440.0,,,,,55.383,0.25,0.206,,26.411,-10.886,-1.257,2279.207,10.288,8.861,0.04,182.911,9.507,3257.383,14.704,0.033,1.96,124.73,121.16,23.078,-9.563,-55.516,116303.484,2.055,6.216,9.96,93.043,0.42,37703.102,170.193,0.347,32.418,-7.329,-3.105,39.263,53.168,0.24,8697.987,8.516,42.087,118810.344,536.312,0.198,7.479,3.2,-15.058,-65.46,353.895,26685.754,120.46,78399.039,99.422,67.409,-15.031,-65.475,354.804,26747.781,120.74,78600.391,99.653,67.582,3.57,2.862,,,,0.0,0.0,,0.0,,13.47,14.322,120.641,31.014,0.14,26725.908,1.054,19.624,416764.0,1881.281,0.116,22.979,0.814,0.25,0.0,-0.391,-0.003,55.383,0.0,180.33,0.206,0.0,0.155,26840.828,524.996,-15.031,-65.475,354.804,26747.781,120.74,78600.391,99.653,67.582,0.0,-0.0,0.016,0.0,0.0,3.449,0.0,0.003,-12.903,-0.012,0.079,6.646,0.03,17.572,0.025,0.015
Norway,2002,NOR,4538435.0,267060707328.0,,,,,55.085,0.25,0.192,,26.283,-13.278,-1.366,1965.947,8.922,8.814,0.04,19.239,2.829,3863.188,17.533,0.031,1.633,120.41,130.12,23.82,4.051,21.269,120364.25,2.045,-1.513,-2.575,92.543,0.42,36932.871,167.617,0.323,30.684,6.724,2.64,41.903,44.068,0.2,9232.894,21.388,114.707,143445.797,651.019,0.154,7.671,3.42,7.396,23.721,377.615,28505.42,129.37,83203.891,99.424,69.127,7.414,23.844,378.648,28578.133,129.7,83431.375,99.677,69.316,-9.71,-8.064,,,,0.0,0.0,,0.0,,-3.19,-3.849,116.792,39.661,0.18,25734.029,-2.721,-51.191,403242.531,1830.09,0.138,21.38,0.798,0.25,0.0,-1.961,-0.016,55.085,0.0,175.843,0.192,0.0,0.146,28670.674,546.265,7.414,23.844,378.648,28578.133,129.7,83431.375,99.677,69.316,0.0,-0.0,0.015,0.0,0.0,3.409,0.0,0.003,177.778,0.14,0.219,17.627,0.08,48.235,0.061,0.04
Norway,2003,NOR,4565167.0,277816606720.0,,,,,72.287,0.33,0.31,,27.582,-2.362,-0.211,1908.267,8.712,8.762,0.04,38.086,6.678,5303.295,24.21,0.038,1.807,114.46,106.59,22.113,-11.76,-64.238,105588.055,1.735,4.057,6.801,122.668,0.56,38206.355,174.418,0.525,36.184,7.744,3.245,45.148,65.715,0.3,9889.596,11.23,73.108,158620.125,724.127,0.281,9.366,2.94,-18.468,-71.71,305.905,23105.398,105.48,67008.516,98.959,63.462,-18.248,-71.039,307.609,23225.875,106.03,67381.695,99.475,63.816,7.87,6.876,,,,0.0,0.0,,0.0,,3.225,3.767,120.559,48.191,0.22,26408.492,-2.521,-46.128,390776.938,1783.962,0.206,25.011,1.053,0.33,0.0,32.0,0.255,72.287,0.0,230.753,0.31,0.0,0.219,23348.543,482.027,-18.248,-71.039,307.609,23225.875,106.03,67381.695,99.475,63.816,16.981,0.003,0.018,0.0,0.0,3.939,0.0,0.004,190.667,0.413,0.632,48.191,0.22,138.489,0.206,0.131
Norway,2004,NOR,4592284.0,297704030208.0,,,,,78.392,0.36,0.327,,27.55,12.903,1.124,2141.773,9.836,8.71,0.04,-1.359,-0.329,5200.35,23.881,0.036,2.003,121.43,109.98,22.402,1.847,8.902,106903.023,1.649,0.66,1.152,128.476,0.59,38231.527,175.57,0.536,35.763,5.744,2.593,47.741,80.57,0.37,10395.949,8.524,61.723,171124.062,785.85,0.336,9.725,3.03,3.129,7.564,313.469,23687.559,108.78,68259.922,98.909,63.852,3.173,7.75,315.359,23820.391,109.39,68671.492,99.464,64.237,11.45,9.429,,,,0.0,0.0,,0.0,,-2.128,-2.566,117.993,39.196,0.18,25693.807,-2.067,-36.873,380440.125,1747.089,0.164,24.035,1.146,0.36,0.0,8.788,0.093,78.392,0.0,249.549,0.327,0.0,0.233,23948.867,490.929,3.173,7.75,315.359,23820.391,109.39,68671.492,99.464,64.237,0.0,-0.0,0.018,0.0,0.0,3.89,0.0,0.004,15.596,0.094,0.726,54.439,0.25,158.13,0.227,0.148
Norway,2005,NOR,4623691.0,314925252608.0,,,,,71.372,0.33,0.241,,26.842,-14.603,-1.436,1816.582,8.399,8.651,0.04,-49.346,-11.784,2616.306,12.097,0.029,1.498,125.06,137.1,24.449,14.223,69.825,121278.375,1.781,-3.336,-5.857,125.441,0.58,36705.156,169.713,0.423,30.265,-8.466,-4.042,43.699,82.185,0.38,9451.153,8.416,66.138,184265.734,851.988,0.277,7.793,3.68,24.735,75.062,388.531,29346.686,135.69,84030.453,98.972,69.287,24.797,75.681,391.04,29526.195,136.52,84573.227,99.577,69.735,-12.04,-9.627,,,,0.0,0.0,,0.0,,-0.321,-0.378,117.615,34.604,0.16,25437.422,-7.847,-137.1,348204.344,1609.989,0.117,20.974,1.063,0.33,0.0,-7.242,-0.083,71.372,0.0,229.904,0.241,0.0,0.19,29651.637,560.754,24.797,75.681,391.04,29526.195,136.52,84573.227,99.577,69.735,0.0,-0.0,0.018,0.0,0.0,3.84,0.0,0.003,98.016,0.703,1.429,108.139,0.5,309.027,0.365,0.255
Norway,2006,NOR,4661081.0,332397084672.0,,,4.419,0.021,83.672,0.39,0.322,0.004,27.665,-14.219,-1.194,1545.776,7.205,8.582,0.04,62.814,7.599,4225.553,19.696,0.033,1.403,121.94,121.09,23.579,-8.417,-47.2,110179.18,1.545,0.647,1.099,148.034,0.69,36646.41,170.812,0.57,33.261,-0.876,-0.383,43.316,100.835,0.47,9293.212,3.292,28.045,188804.453,880.033,0.388,8.435,3.35,-12.027,-48.878,339.653,25609.939,119.37,72870.031,98.58,66.138,-11.797,-48.298,342.742,25830.918,120.4,73532.766,99.43,66.739,0.85,0.697,,,,0.0,0.0,,0.0,,2.275,2.676,120.29,38.618,0.18,25807.422,-6.922,-111.441,321502.312,1498.548,0.149,23.423,1.239,0.39,0.0,16.517,0.176,83.672,0.0,265.727,0.322,0.0,0.241,25978.951,513.554,-11.797,-48.298,342.742,25830.918,120.4,73532.766,99.43,66.739,14.516,0.002,0.02,0.0,0.0,4.334,0.0,0.004,27.455,0.381,1.81,137.307,0.64,388.253,0.529,0.352
Norway,2007,NOR,4709582.0,352664748032.0,1452.528,0.299,67.9,0.32,82.81,0.39,0.287,0.058,28.321,9.967,0.718,1682.346,7.923,8.493,0.04,70.063,13.799,7112.082,33.495,0.029,1.437,125.91,135.94,24.659,7.344,37.717,117053.125,1.563,-0.915,-1.563,212.333,1.0,35937.055,169.249,0.736,30.701,-3.591,-1.555,41.761,161.373,0.76,8867.265,1.851,16.291,190319.234,896.324,0.559,7.575,3.85,11.969,38.275,377.928,28380.438,133.66,80246.719,98.323,68.556,12.324,39.281,382.023,28652.225,134.94,81116.07,99.264,69.299,-10.03,-7.966,,,,0.0,0.0,,0.0,,-0.604,-0.726,119.564,42.467,0.2,25387.441,-8.085,-121.161,292464.938,1377.388,0.147,21.689,1.232,0.39,0.0,-0.515,-0.006,82.81,0.0,261.635,0.287,0.0,0.224,28864.559,551.271,12.324,39.281,382.023,28652.225,134.94,81116.07,99.264,69.299,0.0,-0.0,0.02,0.0,0.0,4.263,0.0,0.004,40.252,0.713,2.522,188.976,0.89,535.555,0.655,0.458
Norway,2008,NOR,4768654.0,364919226368.0,185.358,0.593,191.357,0.913,83.881,0.4,0.284,0.162,27.088,3.054,0.242,1712.251,8.165,8.388,0.04,-15.787,-5.288,5915.112,28.207,0.028,1.446,127.16,141.02,24.98,2.404,13.251,118381.93,1.547,-0.126,-0.214,140.501,0.67,35447.023,169.035,0.475,29.943,2.955,1.234,42.995,92.269,0.44,9016.169,10.818,96.964,208295.297,993.288,0.312,7.616,3.82,4.031,12.793,390.722,29157.074,139.04,81935.43,98.596,69.213,4.446,13.465,395.488,29431.787,140.35,82934.906,99.525,70.057,-13.86,-10.9,,,,0.0,0.0,,0.0,,-1.413,-1.69,117.874,39.844,0.19,24718.602,-3.361,-46.289,279135.094,1331.099,0.135,20.88,1.267,0.4,0.0,2.85,0.035,83.881,0.0,265.757,0.284,0.0,0.224,29572.287,564.522,4.446,13.465,395.488,29431.787,140.35,82934.906,99.525,70.057,4.225,0.001,0.021,0.0,0.0,4.361,0.0,0.004,2.354,0.043,2.566,190.83,0.91,538.01,0.645,0.454
Norway,2009,NOR,4829195.0,370050662400.0,18.968,0.173,224.799,1.086,47.627,0.23,0.176,0.208,40.26,-20.393,-1.665,1345.98,6.5,8.283,0.04,-23.003,-6.488,4497.367,21.719,0.031,1.247,121.92,130.9,25.113,-7.665,-43.269,107938.016,1.409,-1.314,-2.22,913.196,4.41,34542.852,166.814,3.369,32.002,-3.958,-1.702,41.293,875.922,4.23,8550.727,4.163,41.354,214247.344,1034.642,3.231,7.922,5.27,-9.897,-40.842,349.879,25942.213,125.28,72450.859,95.707,67.123,-9.693,-41.048,354.44,26192.771,126.49,73395.164,96.631,67.998,-8.98,-7.365,,,,0.0,0.0,,0.0,,0.973,1.147,119.021,28.99,0.14,24646.145,-5.311,-70.695,260996.672,1260.404,0.107,22.834,0.725,0.23,0.0,-42.821,-0.543,47.627,0.0,150.052,0.176,0.0,0.139,27105.965,521.254,-9.693,-41.048,354.44,26192.771,126.49,73395.164,96.631,67.998,4.054,0.001,0.022,0.0,0.0,4.453,0.0,0.004,7.01,0.163,2.728,202.932,0.98,564.997,0.749,0.523
Norway,2010,NOR,4889747.0,383737856000.0,24.089,0.262,275.498,1.347,71.578,0.35,0.284,0.269,44.439,36.325,2.361,1812.182,8.861,8.18,0.04,-26.732,-5.806,3254.312,15.913,0.032,1.771,130.64,123.09,24.599,-4.005,-20.874,102332.453,1.304,2.772,4.624,1047.089,5.12,35060.73,171.438,4.16,34.262,-0.777,-0.321,40.972,981.646,4.8,8379.187,2.64,27.312,217179.688,1061.954,3.9,8.188,5.47,-6.82,-25.861,324.018,23874.445,116.74,66264.836,94.841,64.754,-6.473,-25.498,328.942,24125.992,117.97,67271.719,95.84,65.738,7.55,5.779,,,,0.0,0.0,,0.0,,2.171,2.584,121.605,57.263,0.28,24869.361,-9.028,-113.795,234492.484,1146.609,0.227,24.303,1.114,0.35,0.0,53.744,0.389,71.578,0.0,227.84,0.284,0.0,0.223,25173.08,500.38,-6.473,-25.498,328.942,24125.992,117.97,67271.719,95.84,65.738,5.195,0.001,0.022,0.0,0.0,4.598,0.0,0.004,-10.031,-0.289,2.44,179.968,0.88,498.949,0.715,0.488
Norway,2011,NOR,4953565.0,399382970368.0,3.233,0.044,280.74,1.391,68.637,0.34,0.269,0.274,41.36,10.972,0.972,1985.102,9.833,8.075,0.04,-28.372,-4.515,2300.965,11.398,0.032,1.938,123.13,126.21,24.87,1.42,7.107,102448.797,1.271,-1.047,-1.795,870.08,4.31,34246.629,169.643,3.415,33.428,-1.582,-0.648,40.324,748.956,3.71,8140.402,-5.357,-56.885,202898.078,1005.069,2.94,7.946,5.22,3.032,7.79,331.808,24281.502,120.28,66983.727,95.301,65.383,3.334,8.902,337.844,24608.539,121.9,68202.164,96.585,66.572,-3.08,-2.501,,,,0.0,0.0,,0.0,,-1.743,-2.119,119.486,113.05,0.56,24121.125,-5.3,-60.765,219204.531,1085.844,0.444,23.545,1.082,0.34,0.0,-2.865,-0.032,68.637,0.0,218.46,0.269,0.0,0.213,25478.619,507.487,3.334,8.902,337.844,24608.539,121.9,68202.164,96.585,66.572,4.938,0.001,0.023,0.0,0.0,4.734,0.0,0.005,45.961,1.1,3.539,258.4,1.28,714.506,1.014,0.697
Norway,2012,NOR,5019058.0,410365034496.0,15.486,0.215,319.986,1.606,65.749,0.33,0.225,0.286,34.8,-3.107,-0.306,1898.32,9.528,7.97,0.04,-11.328,-1.291,2013.698,10.107,0.027,1.695,128.73,146.55,26.074,10.751,54.561,111982.734,1.37,-1.832,-3.109,587.76,2.95,33180.371,166.534,2.013,29.63,-0.427,-0.172,40.152,446.299,2.24,7999.909,13.288,133.557,226860.375,1138.625,1.528,7.144,5.1,17.829,56.79,388.598,28236.373,141.72,77424.508,96.704,69.14,17.772,57.67,395.514,28610.949,143.6,78802.375,97.987,70.37,-17.82,-13.843,,,,0.0,0.0,,0.0,,-2.202,-2.631,116.854,133.491,0.67,23282.143,-6.77,-73.51,201697.938,1012.334,0.457,20.791,1.041,0.33,0.0,-3.835,-0.041,65.749,0.0,207.341,0.225,0.0,0.185,29198.705,562.048,17.772,57.67,395.514,28610.949,143.6,78802.375,97.987,70.37,4.706,0.001,0.024,0.0,0.0,4.862,0.0,0.004,20.655,0.705,4.245,308.823,1.55,845.68,1.058,0.755
Norway,2013,NOR,5080667.0,414462935040.0,-5.54,-0.089,298.595,1.517,78.73,0.4,0.3,0.288,35.642,-5.248,-0.5,1776.888,9.028,7.873,0.04,50.936,5.148,3002.533,15.255,0.03,1.713,128.26,133.27,25.292,-6.249,-35.122,103711.922,1.271,1.938,3.228,560.95,2.85,33413.289,169.762,2.139,32.217,-0.805,-0.323,39.829,407.427,2.07,7839.295,-5.21,-59.321,212433.516,1079.304,1.553,7.559,4.75,-9.586,-39.369,349.23,25221.098,128.14,68736.953,96.151,66.277,-9.139,-38.35,357.164,25669.857,130.42,70298.625,97.861,67.783,-5.01,-3.906,,,,0.0,0.0,,0.0,,3.466,4.051,120.905,145.65,0.74,23797.107,-4.727,-47.857,189832.688,964.477,0.555,22.945,1.264,0.4,0.0,21.472,0.223,78.73,0.0,248.808,0.3,0.0,0.24,26230.809,526.926,-9.139,-38.35,357.164,25669.857,130.42,70298.625,97.861,67.783,10.112,0.002,0.027,0.0,0.0,5.257,0.0,0.005,21.512,0.882,5.127,370.03,1.88,1009.023,1.411,0.973
Norway,2014,NOR,5137926.0,422415695872.0,-4.793,-0.073,281.114,1.444,48.658,0.25,0.177,0.266,35.263,9.538,0.861,1924.685,9.889,7.785,0.04,-9.703,-1.48,2680.968,13.775,0.028,1.822,125.36,140.94,25.968,3.001,15.813,105633.75,1.285,-1.357,-2.304,583.893,3.0,32592.523,167.458,2.129,30.854,7.143,2.845,42.674,432.081,2.22,8305.661,-0.407,-4.393,209211.125,1074.911,1.575,7.863,4.97,5.719,17.761,366.991,26366.67,135.47,71427.781,96.119,67.618,5.647,18.117,375.28,26847.41,137.94,73041.234,97.871,69.146,-15.58,-12.428,,,,0.0,0.0,,0.0,,-4.971,-6.01,114.895,144.027,0.74,22362.18,2.455,23.682,192326.406,988.159,0.525,21.17,0.808,0.25,0.0,-36.086,-0.456,48.658,0.0,157.252,0.177,0.0,0.149,27431.303,542.738,5.647,18.117,375.28,26847.41,137.94,73041.234,97.871,69.146,18.367,0.005,0.031,0.0,0.0,6.116,0.0,0.006,17.863,0.88,6.006,432.081,2.22,1168.968,1.575,1.107
Norway,2015,NOR,5190357.0,429219184640.0,8.179,0.118,301.035,1.562,48.166,0.25,0.175,0.285,35.16,-10.377,-1.026,1707.539,8.863,7.707,0.04,-33.97,-4.679,1752.357,9.095,0.028,1.617,128.41,143.06,26.106,0.969,5.261,105580.383,1.277,0.963,1.612,576.068,2.99,32573.934,169.07,2.09,30.852,6.293,2.686,45.36,423.863,2.2,8739.19,8.038,86.398,223743.531,1161.309,1.538,8.277,5.03,1.355,2.76,369.75,26452.9,137.3,71237.969,95.974,67.473,1.617,3.649,378.929,26986.586,140.07,73006.438,97.91,69.148,-14.65,-11.409,,,,0.0,0.0,,0.0,,-0.041,-0.047,114.848,144.499,0.75,22127.205,3.143,31.054,196366.609,1019.213,0.524,20.958,0.808,0.25,0.0,-0.04,-0.0,48.166,0.0,155.602,0.175,0.0,0.147,27562.65,548.0,1.617,3.649,378.929,26986.586,140.07,73006.438,97.91,69.148,15.517,0.005,0.036,0.0,0.0,6.952,0.0,0.007,13.442,0.767,6.773,485.516,2.52,1304.886,1.761,1.236
Norway,2016,NOR,5236591.0,433545936896.0,119.087,1.861,653.707,3.423,43.922,0.23,0.155,0.616,34.497,2.68,0.237,1737.816,9.1,7.639,0.04,-26.04,-2.368,1284.604,6.727,0.027,1.636,131.72,148.13,26.637,1.478,8.1,106194.953,1.283,-3.055,-5.166,567.163,2.97,31299.85,163.905,2.005,29.474,-3.476,-1.577,43.783,422.03,2.21,8360.971,-0.207,-2.4,221309.859,1158.909,1.492,7.873,5.11,4.009,12.549,382.3,27271.561,142.81,73005.453,96.409,68.747,4.912,13.266,392.195,27720.326,145.16,74895.102,97.995,70.526,-16.41,-12.458,,,,0.0,0.0,,0.0,,-3.332,-3.827,111.021,137.494,0.72,21201.062,3.047,31.06,200564.141,1050.272,0.486,19.964,0.744,0.23,0.0,-7.905,-0.064,43.922,0.0,142.036,0.155,0.0,0.134,28287.488,556.1,4.912,13.266,392.195,27720.326,145.16,74895.102,97.995,70.526,77.612,0.028,0.064,0.0,0.0,12.167,0.0,0.011,-15.865,-1.108,5.665,404.844,2.12,1081.737,1.431,1.019
Norway,2017,NOR,5277396.0,443618328576.0,62.276,2.132,1052.605,5.555,49.267,0.26,0.175,0.994,34.566,4.54,0.413,1802.662,9.513,7.579,0.04,0.0,,,,0.027,1.702,133.25,148.41,26.555,0.501,2.784,105901.328,1.26,1.231,2.018,555.198,2.93,31440.236,165.923,1.974,29.688,4.945,2.165,45.948,390.344,2.06,8706.559,6.774,78.502,234473.906,1237.412,1.388,8.221,5.13,-0.309,-3.422,378.877,26977.318,142.37,71792.461,95.93,67.792,1.663,0.766,392.961,27566.623,145.48,74461.109,98.026,70.312,-15.16,-11.377,,,,0.0,0.0,,0.0,,-0.504,-0.56,110.461,157.275,0.83,20931.018,-1.585,-16.646,195859.234,1033.627,0.559,19.765,0.827,0.26,0.0,11.159,0.083,49.267,0.0,156.665,0.175,0.0,0.148,28121.824,558.883,1.663,0.766,392.961,27566.623,145.48,74461.109,98.026,70.312,67.903,0.043,0.106,0.0,0.0,20.152,0.0,0.019,34.877,1.931,7.595,540.039,2.85,1439.218,1.92,1.359
Norway,2018,NOR,5312321.0,449338998784.0,-25.316,-1.406,780.96,4.149,37.648,0.2,0.137,0.754,34.584,-2.342,-0.223,1748.865,9.291,7.53,0.04,0.0,,,,0.027,1.689,135.87,146.02,26.543,-1.565,-8.749,103558.188,1.224,0.791,1.313,557.195,2.96,31480.703,167.236,2.027,30.399,-3.462,-1.591,44.357,410.367,2.18,8349.888,-1.983,-24.543,228312.375,1212.869,1.493,8.063,5.05,-2.385,-11.198,367.68,26161.822,138.98,69212.641,95.179,66.835,-2.523,-10.062,382.899,26929.848,143.06,72077.484,97.973,69.601,-10.15,-7.47,,,,0.0,0.0,,0.0,,2.83,3.127,113.588,139.299,0.74,21381.949,-6.253,-64.634,182404.75,968.993,0.507,20.647,0.652,0.2,0.0,-21.171,-0.175,37.648,0.0,122.686,0.137,0.0,0.118,27487.045,550.134,-2.523,-10.062,382.899,26929.848,143.06,72077.484,97.973,69.601,52.339,0.055,0.161,0.0,0.0,30.318,0.0,0.029,35.844,2.662,10.257,730.378,3.88,1930.886,2.657,1.865
Norway,2019,NOR,5348285.0,,25.917,1.075,976.746,5.224,46.744,0.25,0.187,1.013,34.596,-2.325,-0.216,1696.72,9.075,7.479,0.04,0.0,,,,0.03,1.76,133.87,133.83,25.959,-6.289,-34.6,96392.5,,-1.694,-2.833,516.053,2.76,30739.309,164.403,2.062,31.89,3.133,1.39,45.747,385.17,2.06,8553.554,-5.794,-70.27,213638.281,1142.598,1.539,8.874,4.63,-9.845,-37.42,330.26,23426.201,125.29,61750.605,93.619,64.062,-7.378,-31.767,351.132,24506.924,131.07,65653.188,97.938,68.11,0.04,0.03,,,0.0,0.0,0.0,0.0,0.0,0.0,-3.527,-4.007,109.581,123.404,0.66,20489.035,-4.237,-41.052,173502.5,927.941,0.493,21.256,0.808,0.25,0.0,23.92,0.156,46.744,0.0,151.01,0.187,0.0,0.157,25022.975,515.535,-7.378,-31.767,351.132,24506.924,131.07,65653.188,97.938,68.11,72.515,0.116,0.277,1.87,0.01,51.76,0.007,0.054,42.507,4.306,14.564,1032.107,5.52,2723.069,4.125,2.825
Norway,2020,NOR,5379836.0,,-14.977,-0.782,825.59,4.442,44.611,0.24,0.156,0.795,31.045,-1.079,-0.098,1668.565,8.977,7.435,0.04,0.0,,,,0.026,1.606,133.82,154.29,27.606,8.413,43.371,103888.891,,-4.378,-7.197,408.934,2.2,29221.305,157.206,1.426,28.127,-3.568,-1.632,44.114,299.266,1.61,8199.967,-2.425,-27.706,207235.359,1114.892,1.043,7.893,4.79,12.478,39.847,370.107,26357.68,141.8,68795.156,91.905,66.22,14.117,50.567,401.699,28270.379,152.09,74667.586,98.574,71.873,-20.47,-15.297,,0.0,0.0,0.0,0.0,0.0,0.0,0.0,-4.988,-5.466,104.115,102.234,0.55,19352.775,15.472,143.568,199171.25,1071.509,0.356,18.628,0.766,0.24,0.0,-5.215,-0.042,44.611,0.0,142.295,0.156,0.0,0.137,28679.312,558.905,14.117,50.567,401.699,28270.379,152.09,74667.586,98.574,71.873,29.261,0.08,0.357,26.023,0.14,66.269,0.091,0.064,79.385,11.465,26.029,1842.063,9.91,4838.28,6.423,4.657
Norway,2021,NOR,5403021.0,,1.708,0.076,836.086,4.517,40.718,0.22,0.14,0.794,27.55,9.063,0.814,1811.97,9.79,7.403,0.04,0.0,,,,0.025,1.72,139.59,157.17,27.618,1.822,10.185,105328.086,,0.285,0.448,199.888,1.08,29178.896,157.654,0.687,27.703,-4.424,-1.952,42.163,57.375,0.31,7803.566,2.534,28.253,211575.109,1143.145,0.197,7.409,4.33,1.682,4.846,374.953,26638.801,143.93,69396.938,91.576,65.886,2.779,9.736,411.436,28889.393,156.09,76149.188,99.313,72.297,-17.58,-12.594,,0.0,0.0,0.0,0.0,0.0,0.0,0.0,1.524,1.586,105.701,135.11,0.73,19563.361,1.892,20.275,202069.031,1091.783,0.464,18.574,0.715,0.22,0.0,-6.547,-0.05,40.718,0.0,132.408,0.14,0.0,0.126,29089.279,569.09,2.779,9.736,411.436,28889.393,156.09,76149.188,99.313,72.297,28.565,0.1,0.457,31.464,0.17,84.523,0.108,0.08,18.737,4.764,30.793,2178.411,11.77,5699.229,7.489,5.411
Norway,2022,NOR,5434324.0,,-3.18,-0.144,804.836,4.374,40.483,0.22,0.144,0.83,28.818,-4.648,-0.455,1717.793,9.335,7.361,0.04,0.0,,,,0.026,1.772,140.16,152.68,28.986,-7.444,-42.361,96926.234,,-5.209,-8.213,288.904,1.57,27499.533,149.441,1.028,28.372,-5.431,-2.29,39.873,143.532,0.78,7337.223,7.465,85.338,226059.906,1228.483,0.511,7.57,4.4,-10.945,-42.256,332.697,24799.773,134.77,61221.418,88.27,63.163,-7.894,-34.148,377.287,27806.586,151.11,69426.695,98.972,71.628,-12.52,-8.933,,0.0,0.0,0.0,0.0,0.0,0.0,0.0,-5.173,-5.468,100.233,138.012,0.75,18444.516,-5.246,-57.274,190365.703,1034.509,0.491,19.029,0.863,0.28,0.06,20.599,0.147,51.524,11.041,158.763,0.183,0.039,0.164,28095.488,526.729,-7.894,-34.148,377.287,27806.586,151.11,69426.695,98.972,71.628,56.496,0.255,0.712,31.283,0.17,131.034,0.111,0.135,25.947,7.849,38.642,2924.007,15.89,7110.647,10.407,7.336
OECD (EI),1965,,,,,,,0.0,,,,0.0,,,,,10163.524,,,,,,,,33.244,,,,,,,,,,,,,28325.779,,92.65,,,4725.326,,,,,,,,,15.456,,,,2123.837,,718.243,,,6.947,,,2246.976,,759.907,,,7.35,,,,,67.19,,23.679,,,0.22,,,13436.93,,,,,,,6120.387,,43.951,55.949,17.985,,,,,,,,,0.183,,30572.754,,,2179.786,,736.228,,,7.13,,,0.0,,0.0,,,0.0,,,0.0,,0.0,,,0.0
OECD (EI),1966,,,,,0.0,,0.0,,,,0.0,,-0.443,-45.018,,10118.507,,,,,,,,31.544,,,,4.922,1504.889,,,4.776,1352.768,,,,29678.547,,92.521,8.211,388.014,5113.34,,,,,,,,,15.941,,5.73,121.705,2245.542,,759.401,,,7.0,6.798,152.118,2399.094,,811.565,,,7.479,,,36.649,24.625,91.815,,32.357,,,0.286,7.515,1009.771,14446.701,,,,5.95,364.189,,6484.576,,45.037,61.738,19.806,,10.124,5.789,,,,,,0.192,,32077.643,5.838,127.493,2307.279,,779.207,,,7.193,,0.0,0.0,,0.0,,,0.0,,0.0,0.0,,0.0,,,0.0
OECD (EI),1967,,,,,0.0,,0.0,,,,0.0,,-1.87,-189.209,,9929.298,,,,,,,,29.774,,,,3.963,1271.174,,,4.019,1192.777,,,,30871.324,,92.571,6.31,322.652,5435.992,,,,,,,,,16.3,,2.661,59.748,2305.29,,779.607,,,6.913,3.295,78.401,2477.495,,838.308,,,7.429,,,19.645,18.037,109.852,,38.714,,,0.329,7.333,1059.333,15506.034,,,,6.591,427.395,,6911.97,,46.496,62.353,19.987,,0.912,0.616,,,,,,0.187,,33348.816,2.616,60.364,2367.643,,799.594,,,7.1,,0.0,0.0,,0.0,,,0.0,,0.0,0.0,,0.0,,,0.0
OECD (EI),1968,,,,,0.0,,0.0,,,,0.0,,2.231,221.511,,10150.809,,,,,,,,28.552,,,,6.607,2203.441,,,6.814,2103.418,,,,32974.742,,92.75,9.364,509.052,5945.044,,,,,,,,,16.722,,2.788,64.264,2369.553,,801.34,,,6.665,4.069,100.021,2577.515,,872.422,,,7.25,,,26.47,29.078,138.93,,48.962,,,0.391,8.854,1372.854,16878.889,,,,4.215,291.318,,7203.288,,47.476,69.032,22.12,,10.675,6.679,,,,,,0.194,,35552.258,2.985,70.943,2438.585,,823.46,,,6.859,,0.0,0.0,,0.0,,,0.0,,0.0,0.0,,0.0,,,0.0
OECD (EI),1969,,,,,0.0,,0.0,,,,0.0,,1.302,132.14,,10282.948,,,,,,,,27.134,,,,6.595,2344.723,,,6.69,2205.906,,,,35180.648,,92.832,10.276,610.885,6555.929,,,,,,,,,17.299,,4.702,111.421,2480.974,,839.02,,,6.547,5.414,138.82,2716.335,,919.653,,,7.168,,,17.183,23.872,162.802,,57.375,,,0.43,8.667,1462.883,18341.771,,,,2.767,199.348,,7402.636,,48.399,72.559,23.258,,5.144,3.527,,,,,,0.191,,37896.98,4.714,114.948,2553.533,,862.278,,,6.738,,0.0,0.0,,0.0,,,0.0,,0.0,0.0,,0.0,,,0.0
OECD (EI),1970,,,,,0.0,,0.0,,,,0.0,,-1.465,-150.653,,10132.295,,,,,,,,25.318,,,,5.602,2123.129,,,5.688,2001.086,,,,37181.734,,92.908,8.712,571.175,7127.104,,,,,,,7246.037,,17.809,,2.877,71.368,2552.343,,863.156,,,6.378,4.542,122.039,2838.374,,961.42,,,7.092,,,27.465,44.714,207.516,,73.133,,,0.519,8.617,1580.566,19922.338,,,,5.901,436.849,,7839.485,,49.781,78.515,25.131,,8.053,5.957,,,,,,0.196,,40020.109,3.016,77.325,2630.858,,888.287,,,6.574,,0.0,0.0,,0.0,,,0.0,,0.0,0.0,,0.0,,,0.0
OECD (EI),1971,,,,,0.0,,0.0,,,,0.0,,-5.151,-521.871,,9610.424,,,,,,,,23.377,,,,2.723,1089.859,,,2.409,895.719,,,,38077.453,,92.623,6.346,452.289,7579.393,,,,6.045,438.03,,7684.067,,18.437,,4.192,107.005,2659.348,,899.343,,,6.469,6.951,194.143,3032.517,,1028.244,,,7.377,,,41.187,85.469,292.985,,103.254,,,0.713,4.845,965.301,20887.639,,,,0.464,36.342,,7875.827,,50.809,80.184,25.647,,2.053,1.669,,,,,,0.195,,41109.969,4.132,108.674,2739.532,,924.99,,,6.664,,0.0,0.0,,0.0,,,0.0,,0.0,0.0,,0.0,,,0.0
OECD (EI),1972,,,,,0.0,,0.0,,,,0.0,,-0.731,-70.221,,9540.203,,,,,,,,22.086,,,,5.072,2084.996,,,4.874,1855.812,,,,39933.266,,92.449,5.454,413.382,7992.774,,,,4.308,331.06,,8015.127,,18.504,,4.348,115.622,2774.969,,938.444,,,6.424,7.682,229.185,3261.702,,1107.231,,,7.551,,,36.694,107.508,400.493,,141.142,,,0.927,7.242,1512.648,22400.287,,,,2.222,175.022,,8050.85,,51.859,86.24,27.645,,7.791,6.056,,,,,,0.2,,43194.965,4.443,121.677,2861.209,,966.089,,,6.624,,0.0,0.0,,0.0,,,0.0,,0.0,0.0,,0.0,,,0.0
OECD (EI),1973,,,,,0.0,,0.0,,,,0.0,,4.08,389.203,,9929.406,,,,,,,,21.752,,,,5.681,2454.102,,,5.786,2310.484,,,,42243.75,,92.54,2.764,220.931,8213.705,,,,2.995,240.056,,8255.184,,17.993,,0.234,6.502,2781.472,,940.643,,,6.093,4.546,143.607,3405.31,,1157.562,,,7.46,,,32.641,130.725,531.217,,187.212,,,1.164,7.591,1700.355,24100.643,,,,0.656,52.774,,8103.624,,52.795,92.621,29.707,,7.458,6.381,,,,,,0.203,,45649.066,0.441,12.883,2874.093,,970.35,,,6.296,,0.0,0.0,,0.0,,,0.0,,0.0,0.0,,0.0,,,0.0
OECD (EI),1974,,,,,0.0,,0.0,,,,0.0,,-0.797,-79.122,,9850.284,,,,,,,,21.853,,,,-1.259,-574.828,,,-2.37,-1001.266,,,,41242.484,,91.499,0.823,67.559,8281.264,,,,-0.905,-74.704,,8180.479,,18.372,,9.638,268.09,3049.561,,1031.306,,,6.766,12.642,426.44,3831.75,,1303.905,,,8.501,,,28.635,152.115,683.332,,240.82,,,1.516,-4.107,-989.705,23110.938,,,,-3.37,-273.12,,7830.504,,51.273,98.857,31.778,,6.971,6.236,,,,,,0.219,,45074.238,9.557,274.326,3148.418,,1063.084,,,6.985,,0.0,0.0,,0.0,,,0.0,,0.0,0.0,,0.0,,,0.0
OECD (EI),1975,,,,,0.0,,0.0,,,,0.0,,-1.806,-177.944,,9672.34,,,,,,,,21.911,,,,-2.065,-930.977,,,-2.904,-1197.648,,,,40044.836,,90.716,-3.76,-311.365,7969.898,,,,-4.158,-340.181,,7840.298,,18.055,,0.118,3.609,3053.17,,1032.527,,,6.917,7.211,266.677,4098.427,,1397.925,,,9.284,,,38.436,262.648,945.98,,333.383,,,2.143,-3.065,-708.342,22402.596,,,,-2.638,-206.587,,7623.917,,50.75,99.277,32.015,,0.746,0.42,,,,,,0.225,,44143.262,0.137,4.029,3152.447,,1064.542,,,7.141,,0.0,0.0,,0.0,,,0.0,,0.0,0.0,,0.0,,,0.0
OECD (EI),1976,,,,,0.0,,0.0,,,,0.0,,5.507,532.629,,10204.969,,,,,,,,21.954,,,,5.303,2340.766,,,5.729,2294.105,,,,42338.941,,91.083,3.763,299.902,8269.801,,,,1.062,83.252,,7923.55,,17.791,,-3.517,-107.368,2945.803,,996.217,,,6.337,1.258,46.655,4145.083,,1415.509,,,8.917,,,15.113,142.963,1088.943,,383.767,,,2.343,6.524,1461.578,23864.174,,,,0.141,10.755,,7634.671,,51.338,110.336,35.526,,10.966,11.059,,,,,,0.237,,46484.027,-3.081,-96.308,3056.139,,1031.743,,,6.575,,0.0,0.0,,0.0,,,0.0,,0.0,0.0,,0.0,,,0.0
OECD (EI),1977,,,,,0.0,,0.0,,,,0.0,,1.306,133.231,,10338.2,,,,,,,,21.742,,,,2.292,1065.234,,,1.824,772.203,,,,43111.145,,90.666,0.636,52.634,8322.435,,,,1.662,131.723,,8055.273,,17.503,,0.706,20.795,2966.598,,1003.25,,,6.239,7.259,293.034,4438.117,,1518.268,,,9.334,,,24.481,266.589,1355.533,,477.718,,,2.851,2.457,586.338,24450.512,,,,6.305,481.373,,8116.044,,51.421,115.986,37.3,,4.995,5.65,,,,,,0.244,,47549.262,0.854,26.445,3082.584,,1040.55,,,6.483,,0.0,0.0,,0.0,,,0.0,,0.0,0.0,,0.0,,,0.0
OECD (EI),1978,,,,,0.0,,0.0,,,,0.0,,-0.706,-72.938,,10265.262,,,,,,,,20.935,,,,3.123,1484.91,,,2.399,1034.266,,,,44145.41,,90.03,2.485,206.844,8529.278,,,,0.557,44.862,,8100.135,,17.395,,7.154,212.234,3178.832,,1075.023,,,6.483,10.242,450.646,4888.763,,1673.771,,,9.97,,,17.104,231.844,1587.377,,559.425,,,3.237,3.682,900.357,25350.869,,,,7.415,601.842,,8717.887,,51.7,122.546,39.32,,5.414,6.56,,,,,,0.25,,49034.172,7.092,218.802,3301.386,,1114.346,,,6.733,,0.0,0.0,,0.0,,,0.0,,0.009,0.009,,0.003,,,0.0
OECD (EI),1979,,,,,0.0,,0.0,,,,0.0,,6.133,629.592,,10894.854,,,,,,,,21.631,,,,2.72,1333.652,,,2.605,1150.07,,,,45295.48,,89.929,4.905,418.344,8947.622,,,,4.012,324.982,,8425.117,,17.765,,4.295,136.516,3315.348,,1121.19,,,6.582,3.744,183.582,5072.345,,1736.435,,,10.071,,,2.541,40.339,1627.716,,573.641,,,3.232,0.403,102.135,25453.004,,,,5.832,508.434,,9226.32,,50.534,129.263,41.597,,5.792,6.718,,,,,,0.257,,50367.824,4.348,143.242,3444.629,,1162.794,,,6.839,,0.0,0.0,,0.0,,,0.0,100.0,0.009,0.018,,0.006,,,0.0
OECD (EI),1980,,,,,0.0,,0.0,,,,0.0,,3.502,381.518,,11276.371,,,,,,,,22.996,,,,-2.643,-1331.473,,,-3.189,-1444.477,,,,43851.004,,89.426,-0.839,-75.102,8872.521,,,,-1.13,-95.203,,8329.914,,18.094,,-0.613,-20.328,3295.02,,1114.316,,,6.72,2.307,113.0,5185.345,,1776.497,,,10.574,,,7.867,128.05,1755.766,,618.769,,,3.581,-6.879,-1750.893,23702.111,,,,4.247,391.819,,9618.14,,48.336,134.528,43.402,,4.338,5.265,,,,,,0.274,,49036.352,-0.436,-15.05,3429.579,,1157.728,,,6.994,,0.0,0.0,,0.0,,,0.0,75.0,0.013,0.031,,0.01,,,0.0
OECD (EI),1981,,,,,0.0,,0.0,,,,0.0,,1.079,121.616,,11397.987,,,,,,11402.679,,23.757,,,,-2.159,-1058.703,,,-3.245,-1422.957,,,,42428.047,,88.433,-1.784,-158.3,8714.221,,,,-1.204,-100.281,,8229.633,,18.163,,1.509,49.719,3344.738,,1131.13,,,6.971,7.182,364.257,5549.602,,1904.078,,,11.567,,,17.675,310.325,2066.091,,728.134,,,4.306,-5.849,-1386.273,22315.838,,,,2.446,235.22,,9853.359,,46.513,138.742,44.804,,3.231,4.214,,,,,,0.289,,47977.648,1.573,53.932,3483.511,,1175.944,,,7.261,,0.0,0.0,,0.0,,,0.0,0.0,0.0,0.031,,0.01,,,0.0
OECD (EI),1982,,,,,0.0,,0.0,,,,0.0,,-1.239,-141.277,,11256.71,,,2.914,332.306,,11734.984,,24.171,,,,-2.933,-1407.16,,,-3.943,-1673.062,,,,40754.984,,87.512,-4.32,-376.473,8337.748,,,,-5.269,-433.579,,7796.054,,17.904,,2.707,90.542,3435.281,,1161.75,,,7.377,4.802,265.899,5815.501,,1995.508,,,12.488,,,7.306,150.945,2217.036,,781.33,,,4.761,-5.177,-1155.309,21160.529,,,,4.907,483.549,,10336.908,,45.438,163.13,52.409,,16.974,24.388,,,,,,0.35,,46570.488,3.251,114.954,3598.465,,1214.177,,,7.727,,0.0,0.0,,0.0,,,0.0,76.19,0.024,0.055,,0.019,,,0.0
OECD (EI),1983,,,,,0.0,,0.0,,,,0.0,,2.003,225.426,,11482.136,,,-3.755,-440.698,,11294.286,,24.581,,,,0.301,140.051,,,-0.756,-308.238,,,,40446.746,,86.59,-2.091,-174.323,8163.425,,,,-5.508,-429.445,,7366.609,,17.477,,4.418,151.781,3587.061,,1213.079,,,7.679,7.788,448.292,6263.793,,2150.918,,,13.41,,,12.696,281.466,2498.502,,880.525,,,5.349,-1.698,-359.346,20801.184,,,,2.601,268.826,,10605.734,,44.532,178.125,57.279,,9.292,14.995,,,,,,0.381,,46710.539,4.63,166.827,3765.292,,1270.394,,,8.061,,0.009,0.009,,0.003,,,0.0,77.27,0.042,0.097,,0.033,,,0.0
OECD (EI),1984,,,,,0.0,,0.0,,,,0.0,,4.243,487.188,,11969.324,,,3.506,395.938,,11690.225,,24.503,,,,4.579,2138.773,,,3.984,1611.59,,,,42058.336,,86.098,7.251,591.951,8755.376,,,,6.448,475.016,,7841.625,,17.923,,0.268,9.611,3596.672,,1216.329,,,7.363,8.598,527.184,6790.977,,2335.858,,,13.902,,,19.752,493.505,2992.007,,1054.446,,,6.125,2.56,532.453,21333.637,,,,4.689,497.275,,11103.01,,43.672,202.148,65.031,,13.535,24.023,,,,,,0.414,,48849.312,0.867,33.679,3798.97,,1281.411,,,7.777,110.37,0.01,0.019,,0.006,,,0.0,36.471,0.035,0.132,,0.045,,,0.0
OECD (EI),1985,,,,,0.0,,0.0,,,,0.0,,4.239,507.366,,12476.69,,2765.382,4.939,577.348,,12267.572,42.129,24.941,,6564.139,13.122,2.408,1176.434,,,1.368,575.352,,3965.74,,42633.688,60.415,85.223,0.805,70.522,8825.898,,617.312,,-1.573,-123.339,,7718.286,9.404,17.643,,-0.108,-3.892,3592.779,,1215.013,,18.51,7.182,9.07,601.083,7392.061,,2547.726,,38.813,14.777,,,20.04,599.607,3591.614,,1265.76,,19.283,7.18,-0.012,-2.537,21331.1,,583.046,,1.419,157.562,,11260.572,8.882,42.64,207.443,66.877,,2.839,5.295,,,,1.019,,0.415,,50025.746,0.043,1.476,3800.447,,1281.966,,19.53,7.597,86.14,0.016,0.035,,0.012,,0.0,0.0,43.491,0.058,0.19,,0.064,,0.001,0.0
OECD (EI),1986,,,,,0.0,,0.0,,,,0.0,,-1.248,-155.749,,12320.941,,2771.539,1.622,198.978,,12466.55,41.548,24.318,,6670.729,13.166,1.281,640.914,,,0.731,311.445,,3956.092,,42945.133,59.305,84.76,-3.092,-272.929,8552.97,,577.997,,-3.215,-248.135,,7470.151,8.665,16.881,,-0.475,-17.054,3575.725,,1209.245,,18.128,7.057,4.549,329.463,7721.523,,2663.623,,39.93,15.24,,,9.09,326.477,3918.091,,1380.818,,20.7,7.733,3.47,740.123,22071.223,,606.556,,-1.754,-197.517,,11063.056,9.093,43.562,227.252,73.406,,9.762,19.809,,,,1.1,,0.449,,50666.66,0.065,2.986,3803.433,,1282.805,,19.23,7.507,29.252,0.01,0.045,,0.015,,0.0,0.0,116.18,0.221,0.411,,0.139,,0.002,0.001
OECD (EI),1987,,,,,0.0,,0.0,,,,0.0,,2.705,333.335,,12654.276,,2895.024,1.137,141.796,,12608.346,41.64,24.286,,6952.485,13.343,2.838,1438.094,,,2.595,1114.328,,4125.906,,44059.461,59.344,84.559,5.535,473.423,9026.393,,631.347,,3.954,295.378,,7765.53,9.081,17.324,,0.16,5.712,3581.437,,1211.177,,17.421,6.874,4.259,323.77,8045.293,,2777.078,,39.944,15.441,,,7.616,298.412,4216.502,,1485.984,,21.373,8.092,1.394,307.566,22378.789,,599.536,,0.682,75.401,,11138.457,8.623,42.95,246.745,79.71,,8.588,19.493,,,,1.146,,0.474,,52104.754,0.646,25.358,3828.791,,1291.093,,18.57,7.348,-30.169,-0.014,0.031,,0.011,,0.0,0.0,40.73,0.167,0.578,,0.195,,0.003,0.001
OECD (EI),1988,,,,,0.0,,0.0,,,,0.0,,1.99,251.801,,12906.077,,2986.746,0.971,122.388,,12730.733,41.278,23.96,,7235.737,13.433,3.377,1759.453,,,3.103,1367.094,,4266.274,,45426.555,58.961,84.335,3.291,297.053,9323.445,,620.249,,1.948,151.284,,7916.813,8.572,17.309,,1.244,44.559,3625.997,,1226.246,,16.947,6.732,4.944,392.355,8437.648,,2914.381,,40.278,15.665,,,8.052,339.512,4556.015,,1605.635,,22.19,8.458,3.656,818.244,23197.033,,659.279,,-0.714,-79.521,,11058.937,9.111,43.066,254.627,82.158,,3.071,7.882,,,,1.135,,0.473,,53864.207,1.367,52.843,3881.634,,1308.746,,18.087,7.206,-3.839,-0.001,0.03,,0.01,,0.0,0.0,69.713,0.403,0.98,,0.332,,0.005,0.002
OECD (EI),1989,,,,,0.0,,0.0,,,,0.0,,0.727,93.874,,12999.951,,3088.969,0.952,121.18,,12851.913,40.605,23.692,,7607.382,13.864,1.868,1006.32,,,1.935,879.074,,4588.186,,46305.629,60.312,84.391,5.223,486.927,9810.372,,764.084,,2.714,214.874,,8131.688,10.044,17.879,,-2.616,-94.873,3531.123,,1194.162,,15.697,6.435,1.563,127.25,8564.898,,2959.92,,38.909,15.609,,,4.08,185.864,4741.878,,1671.138,,21.967,8.642,1.286,298.273,23495.307,,735.132,,-3.942,-435.962,,10622.975,9.663,42.82,283.285,91.709,,11.625,28.658,,,,1.206,,0.516,,54870.527,-1.525,-58.615,3823.02,,1288.782,,16.941,6.967,2471.835,0.745,0.775,,0.262,,0.003,0.001,699.137,6.855,7.835,,2.65,,0.035,0.014
OECD (EI),1990,,,,,16.807,,16.807,,,,0.03,,-2.582,-335.598,,12664.354,,3132.236,-0.32,-41.088,,12810.825,40.078,22.935,,7815.391,14.153,0.635,348.656,,,0.011,5.098,,4680.902,,46310.727,59.893,83.867,1.802,176.821,9987.193,,806.104,,2.505,203.673,,8335.36,10.314,18.086,,3.241,114.438,3645.561,,1232.863,,15.775,6.602,4.368,343.559,8908.457,,3072.405,,39.312,16.133,,,3.748,177.746,4919.624,,1733.779,,22.184,8.909,0.697,163.873,23659.18,,742.562,,0.406,43.122,,10666.097,9.501,42.846,314.684,101.779,,10.98,31.398,,,,1.302,,0.57,,55219.184,5.172,165.814,3988.833,,1338.626,,17.128,7.224,47.298,0.367,1.142,,0.386,,0.005,0.002,35.79,2.804,10.64,,3.598,,0.046,0.019
OECD (EI),1991,,,,15.852,2.664,,19.471,,,,0.035,,-2.119,-268.304,,12396.05,,3156.618,-4.087,-523.627,,12287.198,39.506,22.269,,7990.249,14.354,0.809,446.98,,,0.253,117.227,,4740.329,,46427.953,59.326,83.404,3.628,362.383,10349.576,,840.011,,2.389,199.123,,8534.483,10.513,18.592,,1.172,42.744,3688.305,,1247.318,,15.61,6.626,3.781,329.748,9238.205,,3186.552,,39.881,16.596,,,5.435,267.371,5186.995,,1828.006,,22.878,9.318,0.098,23.15,23682.33,,743.7,,2.686,286.462,,10952.559,9.308,42.543,330.228,106.762,,4.896,15.544,,,,1.336,,0.593,,55666.164,1.666,62.377,4051.21,,1358.546,,17.003,7.278,30.284,0.346,1.488,,0.503,,0.006,0.003,10.143,1.079,11.719,,3.963,,0.05,0.021
OECD (EI),1992,,,,14.424,2.808,,22.279,,,,0.04,,-2.472,-306.438,,12089.611,,3167.342,-1.528,-187.765,,12099.434,39.334,21.517,,8052.524,14.332,0.936,520.883,,,1.021,474.211,,4785.663,,46902.164,59.431,83.475,1.946,201.425,10551.001,,871.56,,2.229,190.243,,8724.727,10.823,18.778,,-1.041,-38.386,3649.919,,1234.336,,15.329,6.496,0.561,46.677,9284.882,,3201.723,,39.76,16.525,,,1.088,56.455,5243.45,,1847.902,,22.948,9.332,2.446,579.225,24261.555,,746.761,,1.088,119.143,,11071.701,9.274,43.18,354.522,114.509,,7.256,24.294,,,,1.422,,0.631,,56187.047,-0.139,-9.778,4041.432,,1353.821,,16.812,7.193,-7.878,-0.117,1.371,,0.464,,0.006,0.002,13.851,1.623,13.342,,4.512,,0.056,0.024
OECD (EI),1993,,,,18.136,4.041,,26.32,,,,0.046,,-0.531,-64.177,,12025.435,,3216.17,-5.578,-674.885,,11424.549,39.058,21.097,,8234.252,14.446,1.446,812.434,,,0.78,365.676,,4814.858,,47267.84,58.474,82.927,3.409,359.723,10910.724,,910.242,,3.683,321.309,,9046.035,11.054,19.142,,6.201,226.319,3876.238,,1310.873,,15.92,6.8,4.85,446.759,9731.641,,3354.035,,40.733,17.073,,,3.798,199.124,5442.574,,1918.078,,23.294,9.548,0.289,70.127,24331.682,,688.447,,0.065,7.179,,11078.88,8.361,42.688,368.931,119.14,,4.044,14.41,,,,1.447,,0.647,,56999.48,6.262,247.635,4289.067,,1435.958,,17.439,7.525,19.218,0.263,1.634,,0.553,,0.007,0.003,19.506,2.602,15.944,,5.392,,0.065,0.028
OECD (EI),1994,,,,15.436,4.063,,30.382,,,,0.052,,0.007,0.809,,12026.243,,3264.832,2.869,327.749,,11752.298,38.608,20.744,,8456.431,14.586,1.711,975.445,,,1.978,934.988,,5023.484,,48202.828,59.404,83.144,2.378,259.406,11170.13,,1010.746,,4.477,404.99,,9451.025,11.952,19.267,,-3.253,-126.106,3750.132,,1268.226,,14.997,6.469,0.537,40.457,9772.098,,3368.129,,39.829,16.856,,,2.73,148.604,5591.178,,1970.449,,23.301,9.644,2.773,674.773,25006.455,,747.906,,4.22,467.504,,11546.384,8.844,43.133,379.311,122.32,,2.669,10.379,,,,1.446,,0.654,,57974.926,-2.34,-108.148,4180.919,,1397.68,,16.528,7.212,7.11,0.116,1.75,,0.592,,0.007,0.003,21.322,3.4,19.344,,6.542,,0.077,0.033
OECD (EI),1995,,,,9.785,2.973,,33.355,,,,0.056,,0.532,63.953,,12090.196,,3327.782,0.983,115.479,,11867.776,38.156,20.309,,8721.538,14.65,2.684,1556.32,,,2.154,1038.137,,5100.487,,49240.965,58.482,82.714,5.354,598.034,11768.164,,1098.626,,1.459,137.902,,9588.928,12.597,19.768,,6.876,257.864,4007.995,,1355.431,,15.541,6.733,5.305,518.184,10290.281,,3545.452,,40.652,17.286,,,4.426,247.461,5838.639,,2057.66,,23.593,9.808,1.504,376.148,25382.604,,674.08,,1.442,166.454,,11712.838,7.729,42.637,387.303,124.586,,1.853,7.992,,,,1.428,,0.651,,59531.246,6.518,270.724,4451.643,,1487.792,,17.059,7.478,6.567,0.115,1.865,,0.631,,0.007,0.003,9.203,1.78,21.124,,7.144,,0.082,0.035
OECD (EI),1996,,,,-22.807,-7.607,,25.748,,,,0.042,,3.113,376.338,,12466.534,,3466.298,1.57,186.333,,12054.109,38.659,20.266,,8966.31,14.576,3.331,1983.227,,,3.479,1713.277,,5249.813,,50954.242,58.55,82.833,5.217,613.89,12382.054,,1115.104,,4.739,454.425,,10043.353,12.437,20.129,,2.663,106.738,4114.733,,1391.528,,15.52,6.689,2.474,269.949,10560.23,,3641.585,,40.614,17.167,,,2.719,158.779,5997.418,,2113.616,,23.573,9.75,2.849,723.051,26105.654,,668.411,,3.423,400.889,,12113.727,7.455,42.438,396.022,127.544,,2.374,8.719,,,,1.422,,0.644,,61514.473,2.141,111.17,4562.813,,1527.969,,17.041,7.417,8.447,0.158,2.023,,0.684,,0.008,0.003,14.974,3.163,24.287,,8.214,,0.092,0.039
OECD (EI),1997,,,,28.016,7.213,,32.961,,,,0.053,,0.834,103.949,,12570.483,,3515.557,2.556,308.162,,12362.271,38.486,20.22,,9134.56,14.693,1.061,652.961,,,1.179,600.836,,5399.278,,51555.078,59.108,82.929,1.051,130.09,12512.144,,1229.865,,0.642,64.454,,10107.807,13.464,20.127,,1.823,75.008,4189.741,,1416.894,,15.511,6.739,0.573,52.126,10612.356,,3655.388,,40.017,17.071,,,-1.019,-61.088,5936.33,,2092.088,,22.903,9.549,1.405,366.795,26472.449,,653.857,,1.371,166.108,,12279.835,7.158,42.583,419.225,134.875,,5.748,23.203,,,,1.477,,0.674,,62167.434,2.738,113.213,4676.026,,1563.301,,17.114,7.522,7.075,0.143,2.166,,0.733,,0.008,0.003,31.482,7.646,31.934,,10.799,,0.118,0.051
OECD (EI),1998,,,,11.659,3.843,,36.804,,,,0.059,,-0.566,-71.136,,12499.348,,3594.152,-0.923,-114.165,,12248.106,38.342,20.038,,9373.981,15.028,0.339,210.5,,,0.275,141.539,,5606.875,,51696.617,59.813,82.876,0.684,85.612,12597.756,,1331.572,,1.447,146.301,,10254.107,14.205,20.196,,-2.361,-98.913,4090.829,,1383.444,,14.758,6.558,0.749,68.959,10681.315,,3679.166,,39.249,17.124,,,2.353,139.652,6075.982,,2141.304,,22.843,9.741,0.48,127.062,26599.512,,681.152,,-0.227,-27.918,,12251.917,7.266,42.643,432.697,139.198,,3.206,13.472,,,,1.485,,0.694,,62377.934,-1.353,-70.693,4605.333,,1537.861,,16.406,7.383,8.076,0.175,2.341,,0.792,,0.008,0.004,33.596,10.729,42.662,,14.428,,0.154,0.068
OECD (EI),1999,,,,5.453,2.007,,38.811,,,,0.061,,-0.944,-117.985,,12381.362,,3605.773,-2.0,-244.984,,12003.122,37.616,19.564,,9585.812,15.146,1.458,909.523,,,1.214,627.762,,5716.526,,52324.379,59.635,82.677,2.766,348.403,12946.159,,1457.605,,0.737,75.555,,10329.662,15.206,20.456,,0.959,39.226,4130.055,,1396.709,,14.571,6.526,2.678,281.762,10963.077,,3776.667,,39.399,17.323,,,3.535,214.769,6290.751,,2216.993,,23.128,9.94,1.494,397.346,26996.857,,653.148,,-1.852,-226.896,,12025.021,6.814,42.658,444.114,142.895,,2.656,11.417,,,,1.491,,0.702,,63287.457,1.513,66.993,4672.326,,1559.674,,16.271,7.383,11.409,0.267,2.608,,0.882,,0.009,0.004,32.993,14.076,56.738,,19.188,,0.2,0.09
OECD (EI),2000,,,,22.124,8.587,,47.398,,,,0.073,,4.239,524.812,,12906.174,,3786.333,-1.845,-221.454,,11781.668,38.191,20.002,,9914.105,15.365,1.952,1235.398,,,2.065,1080.242,,5990.637,,53404.621,60.425,82.769,4.088,529.244,13475.403,,1566.246,,2.157,222.799,,10552.461,15.798,20.885,,0.303,12.518,4142.573,,1400.943,,14.131,6.42,1.552,155.155,11118.232,,3827.287,,38.604,17.231,,,1.479,93.049,6383.8,,2249.786,,22.693,9.894,0.097,26.189,27023.047,,638.058,,0.783,94.168,,12119.189,6.436,41.881,455.932,146.619,,2.606,11.818,,,,1.479,,0.707,,64522.855,1.652,62.106,4734.433,,1577.501,,15.912,7.338,14.999,0.391,2.999,,1.014,,0.01,0.005,50.748,28.793,85.531,,28.925,,0.292,0.133
OECD (EI),2001,,,,7.582,3.594,,50.992,,,,0.08,,-1.156,-149.187,,12756.987,,3751.315,3.434,404.617,,12186.285,37.851,19.91,,9910.847,15.468,-0.698,-450.469,,,-0.529,-282.297,,6027.339,,53122.324,60.816,82.91,-0.845,-113.817,13361.586,,1660.527,,2.096,221.207,,10773.668,16.755,20.854,,-7.264,-325.864,3816.709,,1299.178,,13.109,5.957,-0.758,-168.17,10950.062,,3794.324,,38.285,17.09,,,2.563,121.127,6504.927,,2307.457,,23.282,10.152,-0.071,-19.295,27003.752,,615.497,,-1.23,-149.04,,11970.149,6.21,42.146,470.777,151.384,,3.25,14.845,,,,1.527,,0.735,,64072.387,-5.357,-289.297,4445.135,,1486.867,,15.002,6.938,33.958,0.992,3.992,,1.359,,0.014,0.006,20.819,17.135,102.666,,34.947,,0.353,0.16
OECD (EI),2002,,,,20.899,10.657,,61.649,,,,0.095,,1.301,165.981,,12922.969,,3805.283,-2.583,-314.789,,11871.496,37.534,19.987,,10138.199,15.68,0.913,585.191,,,0.804,427.145,,6179.524,,53549.469,60.953,82.82,2.363,315.763,13677.349,,1776.05,,-1.036,-111.633,,10662.035,17.518,21.154,,1.804,43.766,3860.475,,1322.608,,13.046,5.971,2.192,158.044,11108.106,,3867.942,,38.152,17.18,,,1.009,23.225,6528.152,,2330.732,,22.99,10.097,-0.202,-54.6,26949.152,,598.19,,0.252,30.161,,12000.311,5.9,41.68,510.605,164.161,,8.44,39.828,,,,1.619,,0.79,,64657.578,3.967,134.819,4579.954,,1537.21,,15.163,7.083,25.954,1.004,4.995,,1.711,,0.017,0.008,39.436,39.564,142.231,,48.729,,0.481,0.22
OECD (EI),2003,,,,32.644,20.125,,81.773,,,,0.125,,2.331,301.175,,13224.144,,3944.116,-0.507,-60.197,,11811.299,38.455,20.275,,10256.559,15.726,0.874,564.828,,,1.59,851.516,,6375.222,,54400.984,62.158,83.408,1.355,185.278,13862.627,,1820.481,,0.466,49.676,,10711.711,17.749,21.254,,-1.787,-93.275,3767.2,,1298.979,,12.665,5.776,-1.681,-286.681,10821.426,,3781.755,,36.872,16.592,,,-3.484,-267.852,6260.3,,2249.522,,21.933,9.598,1.355,365.059,27314.211,,610.624,,-1.177,-141.267,,11859.044,5.954,41.879,535.31,172.277,,4.944,24.705,,,,1.68,,0.821,,65222.406,0.947,-18.828,4561.126,,1532.233,,14.939,6.993,25.107,1.214,6.209,,2.141,,0.021,0.01,20.743,28.403,170.633,,58.837,,0.574,0.262
OECD (EI),2004,,,,26.758,21.881,,103.654,,,,0.156,,0.438,57.895,,13282.038,,3931.66,2.33,275.161,,12086.46,37.42,19.984,,10506.839,15.808,1.904,1241.797,,,1.457,792.672,,6452.561,,55193.656,61.413,83.043,1.653,229.188,14091.815,,1945.569,,0.158,16.89,,10728.601,18.517,21.202,,2.386,65.323,3832.524,,1329.975,,12.658,5.766,5.071,449.123,11270.549,,3955.802,,37.65,16.957,,,4.849,261.726,6522.026,,2358.591,,22.448,9.813,1.851,505.592,27819.803,,575.332,,-1.851,-219.544,,11639.5,5.476,41.857,579.485,186.428,,8.214,44.176,,,,1.774,,0.872,,66464.203,5.382,187.397,4748.523,,1597.211,,15.202,7.144,32.352,1.956,8.166,,2.834,,0.027,0.012,32.527,54.061,224.694,,77.974,,0.742,0.338
OECD (EI),2005,,,,28.636,29.683,,133.337,,,,0.199,,0.68,90.295,,13372.333,,3998.886,1.774,214.446,,12300.906,37.22,19.994,,10743.832,16.064,0.629,418.031,,,0.561,309.41,,6629.481,,55503.066,61.705,82.986,1.004,141.551,14233.366,,2048.993,,-0.936,-100.386,,10628.215,19.071,21.281,,0.891,9.657,3842.181,,1341.818,,12.489,5.745,1.955,108.619,11379.168,,4005.461,,37.281,17.014,,,0.15,-31.543,6490.483,,2362.134,,21.986,9.704,0.279,77.562,27897.365,,581.602,,-4.64,-540.069,,11099.431,5.413,41.711,628.587,202.124,,8.419,49.102,,,,1.881,,0.94,,66882.234,4.457,140.162,4888.685,,1643.328,,15.296,7.309,42.019,3.358,11.524,,4.024,,0.037,0.017,22.297,48.362,273.056,,95.36,,0.888,0.408
OECD (EI),2006,,,,45.058,60.079,,193.415,,,,0.289,,0.845,113.011,,13485.344,,3992.018,2.0,246.039,,12546.945,36.854,20.123,,10831.982,16.164,0.197,132.086,,,-0.153,-84.867,,6642.216,,55418.199,61.32,82.696,0.246,35.035,14268.401,,2201.726,,1.128,119.887,,10748.102,20.326,21.292,,1.764,43.175,3885.355,,1365.484,,12.606,5.798,3.349,216.957,11596.125,,4083.987,,37.703,17.304,,,0.854,14.254,6504.737,,2382.305,,21.993,9.706,-0.835,-232.91,27664.455,,448.471,,-2.379,-264.013,,10835.418,4.14,41.281,659.431,212.072,,4.922,30.843,,,,1.958,,0.984,,67014.32,6.666,202.703,5091.388,,1701.682,,15.71,7.597,37.85,4.262,15.786,,5.548,,0.051,0.024,24.347,64.344,337.4,,118.577,,1.095,0.503
OECD (EI),2007,,,,32.288,62.45,,255.865,,,,0.379,,1.579,212.954,,13698.298,,4060.052,-0.076,-9.586,,12537.359,36.67,20.315,,11071.846,16.42,0.621,416.359,,,1.014,562.184,,6935.772,,55980.383,62.643,83.019,3.731,532.338,14800.739,,2401.461,,0.353,37.978,,10786.079,21.69,21.95,,-2.59,-124.28,3761.075,,1330.12,,12.014,5.578,0.201,-145.831,11450.294,,4030.118,,36.4,16.981,,,-2.837,-224.029,6280.708,,2314.723,,20.906,9.314,-0.662,-183.107,27481.348,,474.26,,-1.528,-165.597,,10669.821,4.283,40.755,702.683,226.144,,6.635,43.253,,,,2.043,,1.042,,67430.68,4.019,78.198,5169.585,,1715.395,,15.493,7.667,35.317,5.441,21.227,,7.507,,0.068,0.031,27.869,91.334,428.735,,151.624,,1.369,0.636
OECD (EI),2008,,,,35.834,91.687,,347.552,,,,0.521,,-1.778,-243.518,,13454.78,,3961.302,0.938,117.554,,12654.913,35.754,20.166,,11079.459,16.606,-1.053,-710.312,,,-1.764,-987.383,,6859.67,,54993.0,61.913,82.423,1.566,231.759,15032.498,,2472.069,,2.931,316.127,,11102.206,22.312,22.531,,4.173,132.599,3893.674,,1385.62,,12.506,5.836,4.18,277.071,11727.365,,4117.586,,37.164,17.577,,,-0.873,-93.51,6187.198,,2294.512,,20.71,9.273,-3.55,-975.623,26505.725,,426.299,,-3.062,-326.683,,10343.139,3.848,39.727,730.187,235.055,,3.94,27.504,,,,2.122,,1.094,,66720.367,10.114,370.581,5540.167,,1823.075,,16.455,8.304,63.76,13.318,34.545,,12.293,,0.111,0.052,25.38,105.474,534.209,,190.106,,1.716,0.801
OECD (EI),2009,,,,15.205,52.846,,400.397,,,,0.631,,-10.527,-1416.39,,12038.391,,3620.084,-5.41,-684.616,,11970.297,33.993,18.964,,10649.396,16.776,-4.857,-3240.457,,,-5.894,-3241.336,,6430.026,,51751.664,60.379,81.524,-3.063,-460.41,14572.088,,2475.531,,-0.485,-53.865,,11048.341,23.246,22.955,,-1.23,-71.632,3822.042,,1368.577,,12.851,6.021,1.239,0.877,11728.242,,4120.079,,38.688,18.476,,,-1.601,-136.621,6050.577,,2257.783,,21.201,9.531,-5.148,-1364.535,25141.189,,334.411,,0.186,19.218,,10362.356,3.14,39.605,760.932,245.109,,4.277,30.745,,,,2.302,,1.199,,63479.91,4.241,137.499,5677.665,,1862.296,,17.487,8.944,66.393,22.581,57.126,,20.455,,0.192,0.09,20.014,102.959,637.167,,228.154,,2.142,1.004
OECD (EI),2010,,,,17.459,69.906,,470.304,,,,0.715,,6.097,733.955,,12772.346,,3738.943,2.082,249.206,,12219.503,33.771,19.414,,11071.355,16.829,3.636,2308.418,,,3.599,1862.742,,6687.211,,53614.406,60.401,81.495,6.594,960.898,15532.986,,2644.911,,2.358,260.563,,11308.904,23.89,23.611,,2.784,82.286,3904.328,,1406.672,,12.706,5.935,5.036,445.678,12173.92,,4277.841,,38.639,18.505,,,1.962,80.864,6131.441,,2302.081,,20.793,9.32,0.668,167.885,25309.074,,303.357,,0.872,90.343,,10452.699,2.74,38.47,828.385,266.643,,8.785,67.453,,,,2.408,,1.259,,65788.328,8.104,364.813,6042.478,,1975.76,,17.846,9.185,59.24,33.284,90.41,,32.573,,0.294,0.137,18.285,111.884,749.051,,269.872,,2.438,1.139
OECD (EI),2011,,,,8.615,40.517,,510.821,,,,0.785,,-1.946,-248.506,,12523.84,,3610.688,0.877,107.124,,12326.627,32.749,19.236,,11025.453,16.934,-1.035,-681.035,,,-1.23,-659.637,,6646.074,,52954.77,60.279,81.335,-0.358,-55.671,15477.315,,2691.55,,1.804,204.001,,11512.905,24.412,23.772,,2.632,78.319,3982.648,,1443.692,,13.094,6.117,0.737,-21.396,12152.523,,4272.332,,38.75,18.665,,,-6.255,-418.59,5712.851,,2158.078,,19.574,8.775,-1.404,-355.461,24953.613,,343.837,,0.829,86.627,,10539.326,3.119,38.327,862.091,277.575,,4.1,33.706,,,,2.518,,1.324,,65107.293,7.318,397.194,6439.672,,2114.253,,19.176,9.891,87.159,77.769,168.179,,60.964,,0.553,0.258,23.029,166.883,915.935,,332.022,,3.011,1.407
OECD (EI),2012,,,,3.763,19.222,,530.042,,,,0.821,,-4.025,-504.137,,12019.703,,3472.687,-1.493,-184.039,,12142.588,31.475,18.622,,11033.312,17.093,-0.861,-560.273,,,-0.583,-308.934,,6739.743,,52645.836,61.085,81.562,2.343,362.593,15839.908,,2862.989,,3.132,360.583,,11873.488,25.949,24.54,,0.34,-10.674,3971.974,,1448.602,,13.129,6.154,-1.396,-251.339,11901.185,,4186.314,,37.942,18.438,,,-9.093,-550.917,5161.934,,1961.854,,17.781,7.997,-0.671,-167.387,24786.227,,404.068,,5.236,551.847,,11091.173,3.662,38.4,931.199,299.538,,7.913,69.108,,,,2.715,,1.443,,64547.02,4.93,299.579,6739.251,,2224.459,,20.161,10.441,51.349,84.815,252.994,,92.268,,0.836,0.392,15.67,137.107,1053.042,,384.05,,3.481,1.631
OECD (EI),2013,,,,3.813,20.213,,550.255,,,,0.844,,0.88,105.771,,12125.474,,3542.119,-0.715,-86.761,,12055.827,32.128,18.604,,11025.061,16.916,0.975,629.09,,,0.554,291.555,,6594.266,,52937.391,59.812,81.222,2.074,328.448,16168.356,,2713.071,,0.794,94.289,,11967.777,24.608,24.807,,1.206,23.695,3995.669,,1466.076,,13.298,6.131,3.346,337.532,12238.717,,4323.933,,39.219,18.778,,,0.705,5.051,5166.985,,1975.676,,17.92,7.928,-0.576,-142.666,24643.561,,339.076,,5.736,636.219,,11727.392,3.075,37.811,986.11,317.241,,5.91,54.911,,,,2.877,,1.513,,65176.109,5.228,332.48,7071.731,,2348.257,,21.299,10.85,30.712,75.708,328.702,,120.606,,1.094,0.504,15.697,157.954,1210.996,,444.334,,4.03,1.858
OECD (EI),2014,,,,3.123,17.187,,567.442,,,,0.878,,-1.604,-194.542,,11930.932,,3476.117,2.33,280.865,,12336.692,31.685,18.456,,10970.745,16.97,-0.813,-530.043,,,-1.335,-706.84,,6458.158,,52230.551,58.867,80.795,-1.586,-256.354,15912.003,,2709.424,,3.818,456.911,,12424.688,24.697,24.614,,-1.47,-82.297,3913.372,,1444.53,,13.167,6.054,2.014,176.801,12415.518,,4404.891,,40.151,19.205,,,0.637,1.755,5168.74,,1988.253,,18.123,7.995,-1.039,-255.943,24387.617,,272.616,,8.622,1011.123,,12738.515,2.485,37.725,1035.203,333.239,,5.043,49.092,,,,3.038,,1.601,,64646.066,2.952,175.046,7246.778,,2416.638,,22.028,11.21,31.91,102.292,430.994,,159.091,,1.45,0.667,7.977,88.772,1299.768,,479.779,,4.373,2.011
OECD (EI),2015,,,,2.697,15.304,,582.746,,,,0.899,,-6.261,-747.006,,11183.926,,3216.327,-6.962,-858.908,,11477.784,29.192,17.258,,11018.013,17.002,0.246,159.348,,,-0.188,-98.332,,6395.034,,52132.219,58.042,80.444,2.046,325.591,16237.594,,2926.134,,3.115,387.038,,12811.727,26.558,25.056,,-0.897,-58.191,3855.181,,1431.571,,12.993,5.949,2.526,257.679,12673.196,,4515.191,,40.98,19.556,,,-0.693,-66.396,5102.343,,1974.465,,17.92,7.873,1.325,323.08,24710.697,,252.573,,4.127,525.734,,13264.249,2.292,38.131,1098.121,353.558,,6.097,62.918,,,,3.209,,1.694,,64805.414,4.671,324.075,7570.853,,2540.727,,23.06,11.682,22.599,94.255,525.248,,195.044,,1.77,0.811,16.836,209.789,1509.557,,560.554,,5.088,2.329
OECD (EI),2016,,,,5.598,32.623,,615.369,,,,0.945,,-5.619,-628.445,,10555.48,,3000.333,-8.402,-964.354,,10513.43,27.03,16.205,,11100.065,17.041,0.513,332.711,,,0.127,66.148,,6313.631,,52198.367,56.879,80.135,2.039,331.055,16568.648,,3072.406,,0.675,86.424,,12898.15,27.679,25.436,,1.971,52.729,3907.91,,1459.789,,13.151,5.999,2.832,266.56,12939.756,,4626.926,,41.684,19.865,,,-0.076,-34.025,5068.318,,1972.972,,17.774,7.781,1.471,363.543,25074.24,,240.891,,-2.975,-394.557,,12869.692,2.17,38.494,1103.364,355.628,,0.585,5.244,,,,3.204,,1.694,,65138.125,4.669,300.584,7871.438,,2653.953,,23.909,12.084,17.637,88.984,614.232,,229.445,,2.067,0.943,8.659,121.004,1630.561,,609.092,,5.487,2.503
OECD (EI),2017,,,,2.912,17.917,,633.286,,,,0.962,,-0.738,-77.938,,10477.543,,2946.123,1.255,131.92,,10645.35,26.428,15.924,,11147.689,16.942,1.014,660.789,,,0.654,341.219,,6225.311,,52539.586,55.844,79.849,1.308,216.752,16785.4,,3071.622,,2.972,383.39,,13281.54,27.554,25.51,,-0.217,-31.429,3876.481,,1456.617,,13.067,5.891,2.929,319.564,13259.32,,4762.579,,42.723,20.151,,,-0.68,-64.076,5004.242,,1959.556,,17.578,7.605,0.807,202.402,25276.643,,207.566,,2.844,366.059,,13235.751,1.862,38.415,1142.071,368.219,,3.54,38.707,,,,3.303,,1.736,,65798.914,5.108,383.641,8255.078,,2803.023,,25.144,12.546,21.368,126.861,741.094,,278.472,,2.498,1.126,14.879,231.585,1862.146,,699.716,,6.277,2.83
OECD (EI),2018,,,,2.572,16.287,,649.573,,,,0.973,,-3.521,-368.933,,10108.61,,2835.284,-0.329,-35.071,,10610.278,24.985,15.138,,11347.978,16.994,1.483,975.836,,,1.211,636.141,,6261.524,,53175.727,55.177,79.634,5.278,885.955,17671.355,,3244.084,,8.009,1063.755,,14345.295,28.587,26.464,,2.241,63.69,3940.171,,1489.258,,13.124,5.901,3.018,339.703,13599.023,,4909.115,,43.26,20.366,,,0.517,-3.566,5000.676,,1969.678,,17.357,7.489,0.471,119.117,25395.76,,182.156,,9.544,1263.233,,14498.984,1.605,38.032,1173.445,378.579,,2.814,31.374,,,,3.336,,1.757,,66774.75,4.444,343.27,8598.348,,2939.437,,25.903,12.877,16.834,119.691,860.784,,325.349,,2.867,1.289,6.651,112.229,1974.375,,746.25,,6.576,2.957
OECD (EI),2019,,,,2.704,17.563,,667.136,,,,1.008,,-11.319,-1144.158,,8964.452,,2455.948,-4.812,-510.569,,10099.709,21.904,13.545,,11212.099,16.942,-0.889,-593.617,,,-1.722,-915.594,,6000.593,,52260.133,53.519,78.965,2.377,420.107,18091.463,,3384.8,,5.74,823.431,,15168.726,30.189,27.336,,-2.326,-105.825,3834.346,,1454.623,,12.974,5.794,2.697,321.98,13921.004,,5041.458,,44.964,21.035,,,1.242,43.422,5044.099,,1994.134,,17.786,7.622,-0.754,-191.543,25204.217,,159.845,,6.533,947.228,,15446.212,1.426,38.084,1189.391,384.026,,1.439,15.946,,,,3.425,,1.797,,66181.133,3.495,278.558,8876.905,,3047.324,,27.179,13.413,15.689,131.375,992.16,,376.392,,3.357,1.499,11.529,219.499,2193.874,,832.282,,7.423,3.315
OECD (EI),2020,,,,-5.354,-35.721,,631.415,,,,1.025,,-14.548,-1304.174,,7660.278,,2066.353,-17.547,-1772.221,,8327.488,18.916,12.439,,10923.918,17.739,-6.951,-4600.234,,,-9.183,-4799.062,,5606.943,,47461.07,51.327,77.071,-2.171,-392.713,17698.75,,3395.667,,-1.859,-281.921,,14886.805,31.085,28.741,,2.742,90.676,3925.021,,1494.512,,13.681,6.374,1.139,198.822,14119.826,,5142.216,,47.073,22.929,,,-6.124,-326.292,4717.807,,1872.014,,17.137,7.661,-12.308,-3102.174,22102.043,,144.922,,-3.467,-535.493,,14910.719,1.327,35.891,1202.49,388.526,,1.172,13.099,,,,3.557,,1.953,,61580.898,5.039,525.114,9402.02,,3270.202,,29.936,15.268,19.514,189.251,1181.411,,449.84,,4.118,1.918,12.621,267.808,2461.681,,937.323,,8.58,3.997
OECD (EI),2021,,,,7.089,44.764,,676.178,,,,1.048,,8.576,656.916,,8317.193,,2247.754,3.701,308.205,,8635.693,20.012,12.885,,11231.954,17.401,4.82,2968.426,,,5.501,2610.637,,5772.117,,50071.707,51.39,77.571,2.426,429.393,18128.143,,3370.905,,2.338,348.101,,15234.905,30.012,28.084,,-2.963,-130.225,3794.796,,1450.235,,12.912,5.879,3.137,357.793,14477.619,,5278.543,,46.996,22.429,,,2.146,83.606,4801.413,,1912.188,,17.025,7.438,6.897,1524.328,23626.371,,153.458,,0.581,86.588,,14997.307,1.366,36.602,1236.582,399.445,,2.81,34.092,,,,3.556,,1.916,,64549.324,3.612,274.187,9676.206,,3366.355,,29.971,14.99,21.068,243.665,1425.076,,544.613,,4.849,2.208,3.706,81.892,2543.573,,972.062,,8.654,3.941
OECD (EI),2022,,,,5.619,37.995,,714.173,,,,1.097,,-3.482,-289.596,,8027.598,,2197.348,0.202,17.486,,8653.18,19.348,12.328,,11357.26,17.441,0.879,567.324,,,0.719,360.074,,5814.472,,50431.781,51.196,77.448,-0.896,-162.5,17965.643,,3454.093,,4.308,656.353,,15891.258,30.413,27.59,,-2.899,-123.446,3671.35,,1408.193,,12.399,5.638,1.927,207.244,14684.863,,5355.29,,47.153,22.552,,,-6.425,-324.853,4476.56,,1789.339,,15.755,6.875,3.438,812.172,24438.543,,163.031,,3.278,491.656,,15488.963,1.435,37.53,1255.145,405.782,,1.587,18.562,,,,3.573,,1.928,,65116.648,5.877,532.097,10208.303,,3565.951,,31.398,15.677,20.874,291.192,1716.268,,658.297,,5.796,2.636,12.511,307.794,2851.367,,1093.679,,9.63,4.379
OECD (EIA),1980,,,,,,,,,,,,,,,,,,,,,,,,,,,,,,,,,,,,,,,,,,,,,,,,,,,,,,,,,,,,,,,,,,,,,,,,,,,,,,,,,,,,,,,,,,,,,,,,,,,,,,,53788.578,,,,,,,,,,,,,,,,,,,,,,,,
OECD (EIA),1981,,,,,,,,,,,,,,,,,,,,,,,,,,,,-2.174,-1169.285,,,,,,,,,,,,,,,,,,,,,,,,,,,,,,,,,,,,,,,,,,,,,,,,,,,,,,,,,,,,,,,,,,,,,,,,,,52619.293,,,,,,,,,,,,,,,,,,,,,,,,
OECD (EIA),1982,,,,,,,,,,,,,,,,,,,,,,,,,,,,-2.279,-1199.09,,,,,,,,,,,,,,,,,,,,,,,,,,,,,,,,,,,,,,,,,,,,,,,,,,,,,,,,,,,,,,,,,,,,,,,,,,51420.203,,,,,,,,,,,,,,,,,,,,,,,,
OECD (EIA),1983,,,,,,,,,,,,,,,,,,,,,,,,,,,,-0.238,-122.125,,,,,,,,,,,,,,,,,,,,,,,,,,,,,,,,,,,,,,,,,,,,,,,,,,,,,,,,,,,,,,,,,,,,,,,,,,51298.078,,,,,,,,,,,,,,,,,,,,,,,,
OECD (EIA),1984,,,,,,,,,,,,,,,,,,,,,,,,,,,,3.589,1841.324,,,,,,,,,,,,,,,,,,,,,,,,,,,,,,,,,,,,,,,,,,,,,,,,,,,,,,,,,,,,,,,,,,,,,,,,,,53139.402,,,,,,,,,,,,,,,,,,,,,,,,
OECD (EIA),1985,,,,,,,,,,,,,,,,,,,,,,,,,,,,1.659,881.777,,,,,,,,,,,,,,,,,,,,,,,,,,,,,,,,,,,,,,,,,,,,,,,,,,,,,,,,,,,,,,,,,,,,,,,,,,54021.18,,,,,,,,,,,,,,,,,,,,,,,,
OECD (EIA),1986,,,,,,,,,,,,,,,,,,,,,,,,,,,,1.339,723.578,,,,,,,,,,,,,,,,,,,,,,,,,,,,,,,,,,,,,,,,,,,,,,,,,,,,,,,,,,,,,,,,,,,,,,,,,,54744.758,,,,,,,,,,,,,,,,,,,,,,,,
OECD (EIA),1987,,,,,,,,,,,,,,,,,,,,,,,,,,,,2.699,1477.613,,,,,,,,,,,,,,,,,,,,,,,,,,,,,,,,,,,,,,,,,,,,,,,,,,,,,,,,,,,,,,,,,,,,,,,,,,56222.371,,,,,,,,,,,,,,,,,,,,,,,,
OECD (EIA),1988,,,,,,,,,,,,,,,,,,,,,,,,,,,,3.375,1897.355,,,,,,,,,,,,,,,,,,,,,,,,,,,,,,,,,,,,,,,,,,,,,,,,,,,,,,,,,,,,,,,,,,,,,,,,,,58119.727,,,,,,,,,,,,,,,,,,,,,,,,
OECD (EIA),1989,,,,,,,,,,,,,,,,,,,,,,,,,,,,1.895,1101.23,,,,,,,,,,,,,,,,,,,,,,,,,,,,,,,,,,,,,,,,,,,,,,,,,,,,,,,,,,,,,,,,,,,,,,,,,,59220.957,,,,,,,,,,,,,,,,,,,,,,,,
OECD (EIA),1990,,,,,,,,,,,,,,,,,,,,,,,,,,,,0.367,217.148,,,,,,,,,,,,,,,,,,,,,,,,,,,,,,,,,,,,,,,,,,,,,,,,,,,,,,,,,,,,,,,,,,,,,,,,,,59438.105,,,,,,,,,,,,,,,,,,,,,,,,
OECD (EIA),1991,,,,,,,,,,,,,,,,,,,,,,,,,,,,0.352,209.141,,,,,,,,,,,,,,,,,,,,,,,,,,,,,,,,,,,,,,,,,,,,,,,,,,,,,,,,,,,,,,,,,,,,,,,,,,59647.246,,,,,,,,,,,,,,,,,,,,,,,,
OECD (EIA),1992,,,,,,,,,,,,,,,,,,,,,,,,,,,,1.456,868.285,,,,,,,,,,,,,,,,,,,,,,,,,,,,,,,,,,,,,,,,,,,,,,,,,,,,,,,,,,,,,,,,,,,,,,,,,,60515.531,,,,,,,,,,,,,,,,,,,,,,,,
OECD (EIA),1993,,,,,,,,,,,,,,,,,,,,,,,,,,,,1.532,927.051,,,,,,,,,,,,,,,,,,,,,,,,,,,,,,,,,,,,,,,,,,,,,,,,,,,,,,,,,,,,,,,,,,,,,,,,,,61442.582,,,,,,,,,,,,,,,,,,,,,,,,
OECD (EIA),1994,,,,,,,,,,,,,,,,,,,,,,,,,,,,1.821,1118.566,,,,,,,,,,,,,,,,,,,,,,,,,,,,,,,,,,,,,,,,,,,,,,,,,,,,,,,,,,,,,,,,,,,,,,,,,,62561.148,,,,,,,,,,,,,,,,,,,,,,,,
OECD (EIA),1995,,,,,,,,,,,,,,,,,,,,,,,,,,,,2.472,1546.355,,,,,,,,,,,,,,,,,,,,,,,,,,,,,,,,,,,,,,,,,,,,,,,,,,,,,,,,,,,,,,,,,,,,,,,,,,64107.504,,,,,,,,,,,,,,,,,,,,,,,,
OECD (EIA),1996,,,,,,,,,,,,,,,,,,,,,,,,,,,,3.237,2074.863,,,,,,,,,,,,,,,,,,,,,,,,,,,,,,,,,,,,,,,,,,,,,,,,,,,,,,,,,,,,,,,,,,,,,,,,,,66182.367,,,,,,,,,,,,,,,,,,,,,,,,
OECD (EIA),1997,,,,,,,,,,,,,,,,,,,,,,,,,,,,0.697,460.984,,,,,,,,,,,,,,,,,,,,,,,,,,,,,,,,,,,,,,,,,,,,,,,,,,,,,,,,,,,,,,,,,,,,,,,,,,66643.352,,,,,,,,,,,,,,,,,,,,,,,,
OECD (EIA),1998,,,,,,,,,,,,,,,,,,,,,,,,,,,,0.256,170.469,,,,,,,,,,,,,,,,,,,,,,,,,,,,,,,,,,,,,,,,,,,,,,,,,,,,,,,,,,,,,,,,,,,,,,,,,,66813.82,,,,,,,,,,,,,,,,,,,,,,,,
OECD (EIA),1999,,,,,,,,,,,,,,,,,,,,,,,,,,,,1.475,985.492,,,,,,,,,,,,,,,,,,,,,,,,,,,,,,,,,,,,,,,,,,,,,,,,,,,,,,,,,,,,,,,,,,,,,,,,,,67799.312,,,,,,,,,,,,,,,,,,,,,,,,
OECD (EIA),2000,,,,,,,,,,,,,,,,,,,,,,,,,,,,1.911,1295.492,,,,,,,,,,,,,,,,,,,,,,,,,,,,,,,,,,,,,,,,,,,,,,,,,,,,,,,,,,,,,,,,,,,,,,,,,,69094.805,,,,,,,,,,,,,,,,,,,,,,,,
OECD (EIA),2001,,,,,,,,,,,,,,,,,,,,,,,,,,,,-0.477,-329.609,,,,,,,,,,,,,,,,,,,,,,,,,,,,,,,,,,,,,,,,,,,,,,,,,,,,,,,,,,,,,,,,,,,,,,,,,,68765.195,,,,,,,,,,,,,,,,,,,,,,,,
OECD (EIA),2002,,,,,,,,,,,,,,,,,,,,,,,,,,,,0.75,515.992,,,,,,,,,,,,,,,,,,,,,,,,,,,,,,,,,,,,,,,,,,,,,,,,,,,,,,,,,,,,,,,,,,,,,,,,,,69281.188,,,,,,,,,,,,,,,,,,,,,,,,
OECD (EIA),2003,,,,,,,,,,,,,,,,,,,,,,,,,,,,1.104,765.133,,,,,,,,,,,,,,,,,,,,,,,,,,,,,,,,,,,,,,,,,,,,,,,,,,,,,,,,,,,,,,,,,,,,,,,,,,70046.32,,,,,,,,,,,,,,,,,,,,,,,,
OECD (EIA),2004,,,,,,,,,,,,,,,,,,,,,,,,,,,,2.086,1460.883,,,,,,,,,,,,,,,,,,,,,,,,,,,,,,,,,,,,,,,,,,,,,,,,,,,,,,,,,,,,,,,,,,,,,,,,,,71507.203,,,,,,,,,,,,,,,,,,,,,,,,
OECD (EIA),2005,,,,,,,,,,,,,,,,,,,,,,,,,,,,0.573,410.023,,,,,,,,,,,,,,,,,,,,,,,,,,,,,,,,,,,,,,,,,,,,,,,,,,,,,,,,,,,,,,,,,,,,,,,,,,71917.227,,,,,,,,,,,,,,,,,,,,,,,,
OECD (EIA),2006,,,,,,,,,,,,,,,,,,,,,,,,,,,,0.274,197.141,,,,,,,,,,,,,,,,,,,,,,,,,,,,,,,,,,,,,,,,,,,,,,,,,,,,,,,,,,,,,,,,,,,,,,,,,,72114.367,,,,,,,,,,,,,,,,,,,,,,,,
OECD (EIA),2007,,,,,,,,,,,,,,,,,,,,,,,,,,,,0.557,401.414,,,,,,,,,,,,,,,,,,,,,,,,,,,,,,,,,,,,,,,,,,,,,,,,,,,,,,,,,,,,,,,,,,,,,,,,,,72515.781,,,,,,,,,,,,,,,,,,,,,,,,
OECD (EIA),2008,,,,,,,,,,,,,,,,,,,,,,,,,,,,-1.403,-1017.609,,,,,,,,,,,,,,,,,,,,,,,,,,,,,,,,,,,,,,,,,,,,,,,,,,,,,,,,,,,,,,,,,,,,,,,,,,71498.172,,,,,,,,,,,,,,,,,,,,,,,,
OECD (EIA),2009,,,,,,,,,,,,,,,,,,,,,,,,,,,,-4.217,-3015.359,,,,,,,,,,,,,,,,,,,,,,,,,,,,,,,,,,,,,,,,,,,,,,,,,,,,,,,,,,,,,,,,,,,,,,,,,,68482.812,,,,,,,,,,,,,,,,,,,,,,,,
OECD (EIA),2010,,,,,,,,,,,,,,,,,,,,,,,,,,,,3.817,2614.0,,,,,,,,,,,,,,,,,,,,,,,,,,,,,,,,,,,,,,,,,,,,,,,,,,,,,,,,,,,,,,,,,,,,,,,,,,71096.812,,,,,,,,,,,,,,,,,,,,,,,,
OECD (EIA),2011,,,,,,,,,,,,,,,,,,,,,,,,,,,,-1.011,-718.742,,,,,,,,,,,,,,,,,,,,,,,,,,,,,,,,,,,,,,,,,,,,,,,,,,,,,,,,,,,,,,,,,,,,,,,,,,70378.07,,,,,,,,,,,,,,,,,,,,,,,,
OECD (EIA),2012,,,,,,,,,,,,,,,,,,,,,,,,,,,,-1.072,-754.445,,,,,,,,,,,,,,,,,,,,,,,,,,,,,,,,,,,,,,,,,,,,,,,,,,,,,,,,,,,,,,,,,,,,,,,,,,69623.625,,,,,,,,,,,,,,,,,,,,,,,,
OECD (EIA),2013,,,,,,,,,,,,,,,,,,,,,,,,,,,,1.251,871.25,,,,,,,,,,,,,,,,,,,,,,,,,,,,,,,,,,,,,,,,,,,,,,,,,,,,,,,,,,,,,,,,,,,,,,,,,,70494.875,,,,,,,,,,,,,,,,,,,,,,,,
OECD (EIA),2014,,,,,,,,,,,,,,,,,,,,,,,,,,,,-0.58,-408.891,,,,,,,,,,,,,,,,,,,,,,,,,,,,,,,,,,,,,,,,,,,,,,,,,,,,,,,,,,,,,,,,,,,,,,,,,,70085.984,,,,,,,,,,,,,,,,,,,,,,,,
OECD (EIA),2015,,,,,,,,,,,,,,,,,,,,,,,,,,,,0.119,83.25,,,,,,,,,,,,,,,,,,,,,,,,,,,,,,,,,,,,,,,,,,,,,,,,,,,,,,,,,,,,,,,,,,,,,,,,,,70169.234,,,,,,,,,,,,,,,,,,,,,,,,
OECD (EIA),2016,,,,,,,,,,,,,,,,,,,,,,,,,,,,0.593,416.359,,,,,,,,,,,,,,,,,,,,,,,,,,,,,,,,,,,,,,,,,,,,,,,,,,,,,,,,,,,,,,,,,,,,,,,,,,70585.594,,,,,,,,,,,,,,,,,,,,,,,,
OECD (EIA),2017,,,,,,,,,,,,,,,,,,,,,,,,,,,,1.112,784.719,,,,,,,,,,,,,,,,,,,,,,,,,,,,,,,,,,,,,,,,,,,,,,,,,,,,,,,,,,,,,,,,,,,,,,,,,,71370.312,,,,,,,,,,,,,,,,,,,,,,,,
OECD (EIA),2018,,,,,,,,,,,,,,,,,,,,,,,,,,,,1.247,889.812,,,,,,,,,,,,,,,,,,,,,,,,,,,,,,,,,,,,,,,,,,,,,,,,,,,,,,,,,,,,,,,,,,,,,,,,,,72260.125,,,,,,,,,,,,,,,,,,,,,,,,
OECD (EIA),2019,,,,,,,,,,,,,,,,,,,,,,,,,,,,-1.099,-794.32,,,,,,,,,,,,,,,,,,,,,,,,,,,,,,,,,,,,,,,,,,,,,,,,,,,,,,,,,,,,,,,,,,,,,,,,,,71465.805,,,,,,,,,,,,,,,,,,,,,,,,
OECD (EIA),2020,,,,,,,,,,,,,,,,,,,,,,,,,,,,-7.202,-5146.969,,,,,,,,,,,,,,,,,,,,,,,,,,,,,,,,,,,,,,,,,,,,,,,,,,,,,,,,,,,,,,,,,,,,,,,,,,66318.836,,,,,,,,,,,,,,,,,,,,,,,,
OECD (EIA),2021,,,,,,,,,,,,,,,,,,,,,,,,,,,,4.356,2889.164,,,,,,,,,,,,,,,,,,,,,,,,,,,,,,,,,,,,,,,,,,,,,,,,,,,,,,,,,,,,,,,,,,,,,,,,,,69208.0,,,,,,,,,,,,,,,,,,,,,,,,
OECD (Ember),2000,,,,,,,,,125.12,1.325,,441.93,,,,,,3529.89,,,,,37.394,,9439.69,9439.69,,,,,,,,,5675.66,,,60.125,,,,,,1499.38,,,,,,15.884,,4171.68,,,,,1388.61,,14.71,,,,,,3764.03,,39.875,,,,,,,,2186.82,,23.166,,,,,,646.39,,,,,,6.848,,,158.92,33.8,,,,,,1.684,0.358,,,,,,,,1577.21,,16.708,,,,,,1.04,,0.011,,,,,,28.64,,0.303,
OECD (Ember),2001,,,,,,,,,117.17,1.242,,442.613,,,,,,3497.95,,,,,37.079,,9433.79,9433.79,,,,,,,,,5713.79,,,60.567,,,,,,1573.77,,,,,,16.682,,4175.52,,,,,1292.77,,13.704,,,,,,3720.0,,39.433,,,,,,,,2239.83,,23.743,,,,,,642.07,,,,,,6.806,,,151.39,34.22,,,,,,1.605,0.363,,,,,,,,1480.17,,15.69,,,,,,1.3,,0.014,,,,,,34.71,,0.368,
OECD (Ember),2002,,,,,,,,,128.54,1.333,,443.164,,,,,,3558.04,,,,,36.904,,9641.35,9641.35,,,,,,,,,5872.3,,,60.907,,,,,,1689.41,,,,,,17.523,,4272.7,,,,,1310.1,,13.588,,,,,,3769.05,,39.093,,,,,,,,2244.89,,23.284,,,,,,624.85,,,,,,6.481,,,164.03,35.49,,,,,,1.701,0.368,,,,,,,,1524.16,,15.809,,,,,,1.6,,0.017,,,,,,48.43,,0.502,
OECD (Ember),2003,,,,,,,,,136.26,1.4,,449.82,,,,,,3659.43,,,,,37.586,,9736.05,9736.05,,,,,,,,,6016.94,,,61.801,,,,,,1725.24,,,,,,17.72,,4379.47,,,,,1288.53,,13.235,,,,,,3719.11,,38.199,,,,,,,,2195.85,,22.554,,,,,,632.27,,,,,,6.494,,,173.83,37.57,,,,,,1.785,0.386,,,,,,,,1523.26,,15.646,,,,,,1.96,,0.02,,,,,,58.94,,0.605,
OECD (Ember),2004,,,,,,,,,149.75,1.499,,442.842,,,,,,3657.73,,,,,36.613,,9990.21,9990.21,,,,,,,,,6111.41,,,61.174,,,,,,1851.99,,,,,,18.538,,4424.08,,,,,1323.19,,13.245,,,,,,3878.8,,38.826,,,,,,,,2287.33,,22.896,,,,,,601.69,,,,,,6.023,,,188.08,38.33,,,,,,1.883,0.384,,,,,,,,1591.47,,15.93,,,,,,2.58,,0.026,,,,,,77.62,,0.777,
OECD (Ember),2005,,,,,,,,,164.78,1.619,,443.52,,,,,,3707.47,,,,,36.42,,10179.78,10179.78,,,,,,,,,6255.34,,,61.449,,,,,,1946.3,,,,,,19.119,,4514.94,,,,,1329.64,,13.062,,,,,,3924.44,,38.551,,,,,,,,2292.84,,22.523,,,,,,601.57,,,,,,5.909,,,203.73,38.95,,,,,,2.001,0.383,,,,,,,,1631.6,,16.028,,,,,,3.65,,0.036,,,,,,94.58,,0.929,
OECD (Ember),2006,,,,,,,,,173.46,1.688,,437.992,,,,,,3699.9,,,,,35.998,,10278.13,10278.13,,,,,,,,,6275.75,,,61.059,,,,,,2087.85,,,,,,20.314,,4501.74,,,,,1352.65,,13.16,,,,,,4002.38,,38.941,,,,,,,,2313.92,,22.513,,,,,,488.0,,,,,,4.748,,,212.96,39.5,,,,,,2.072,0.384,,,,,,,,1688.46,,16.428,,,,,,4.96,,0.048,,,,,,117.89,,1.147,
OECD (Ember),2007,,,,,,,,,185.1,1.756,,444.801,,,,,,3772.22,,,,,35.793,,10538.85,10538.85,,,,,,,,,6588.04,,,62.512,,,,,,2292.13,,,,,,21.749,,4687.69,,,,,1318.47,,12.511,,,,,,3950.81,,37.488,,,,,,,,2247.91,,21.33,,,,,,523.69,,,,,,4.969,,,226.84,41.74,,,,,,2.152,0.396,,,,,,,,1702.9,,16.158,,,,,,6.67,,0.063,,,,,,150.92,,1.432,
OECD (Ember),2008,,,,,,,,,190.43,1.817,,436.037,,,,,,3653.73,,,,,34.866,,10479.36,10479.36,,,,,,,,,6446.73,,,61.518,,,,,,2330.83,,,,,,22.242,,4569.39,,,,,1373.44,,13.106,,,,,,4032.63,,38.482,,,,,,,,2225.87,,21.241,,,,,,462.17,,,,,,4.41,,,233.08,42.65,,,,,,2.224,0.407,,,,,,,,1806.76,,17.241,,,,,,11.05,,0.105,,,,,,189.19,,1.805,
OECD (Ember),2009,,,,,,,,,199.42,1.973,,422.271,,,,,,3353.27,,,,,33.173,,10108.49,10108.49,,,,,,,,,6066.44,,,60.013,,,,,,2334.71,,,,,,23.097,,4268.52,,,,,1361.21,,13.466,,,,,,4042.05,,39.987,,,,,,,,2191.54,,21.68,,,,,,378.46,,,,,,3.744,,,243.4,43.98,,,,,,2.408,0.435,,,,,,,,1850.51,,18.306,,,,,,18.67,,0.185,,,,,,227.23,,2.248,
OECD (Ember),2010,,,,,,,,,223.76,2.112,,423.541,,,,,,3490.14,,,,,32.947,,10593.17,10593.17,,,,,,,,,6403.91,,,60.453,,,,,,2536.02,,,,,,23.94,,4486.64,,,,,1388.53,,13.108,,,,,,4189.26,,39.547,,,,,,,,2233.35,,21.083,,,,,,377.75,,,,,,3.566,,,268.3,44.54,,,,,,2.533,0.42,,,,,,,,1955.91,,18.464,,,,,,29.62,,0.28,,,,,,269.46,,2.544,
OECD (Ember),2011,,,,,,,,,234.77,2.219,,420.787,,,,,,3374.07,,,,,31.891,,10580.16,10580.16,,,,,,,,,6383.9,,,60.338,,,,,,2587.05,,,,,,24.452,,4451.99,,,,,1433.07,,13.545,,,,,,4196.26,,39.662,,,,,,,,2093.54,,19.787,,,,,,422.78,,,,,,3.996,,,280.53,45.76,,,,,,2.651,0.433,,,,,,,,2102.72,,19.874,,,,,,57.36,,0.542,,,,,,331.76,,3.136,
OECD (Ember),2012,,,,,,,,,253.72,2.397,,422.353,,,,,,3252.35,,,,,30.731,,10583.15,10583.15,,,,,,,,,6473.71,,,61.17,,,,,,2751.6,,,,,,26.0,,4469.83,,,,,1435.0,,13.559,,,,,,4109.44,,38.83,,,,,,,,1905.34,,18.004,,,,,,469.76,,,,,,4.439,,,300.13,46.41,,,,,,2.836,0.439,,,,,,,,2204.1,,20.827,,,,,,86.66,,0.819,,,,,,382.31,,3.612,
OECD (Ember),2013,,,,,,,,,269.63,2.546,,417.009,,,,,,3313.34,,,,,31.292,,10588.57,10588.57,,,,,,,,,6329.52,,,59.777,,,,,,2595.53,,,,,,24.513,,4415.53,,,,,1460.88,,13.797,,,,,,4259.05,,40.223,,,,,,,,1916.79,,18.102,,,,,,420.65,,,,,,3.973,,,317.97,48.34,,,,,,3.003,0.457,,,,,,,,2342.26,,22.121,,,,,,113.88,,1.075,,,,,,449.53,,4.245,
OECD (Ember),2014,,,,,,,,,285.44,2.699,,410.099,,,,,,3260.49,,,,,30.826,,10577.2,10577.2,,,,,,,,,6219.05,,,58.797,,,,,,2596.44,,,,,,24.548,,4337.7,,,,,1443.49,,13.647,,,,,,4358.15,,41.203,,,,,,,,1931.99,,18.266,,,,,,362.12,,,,,,3.424,,,336.2,50.76,,,,,,3.179,0.48,,,,,,,,2426.16,,22.938,,,,,,158.19,,1.496,,,,,,488.28,,4.616,
OECD (Ember),2015,,,,,,,,,302.51,2.851,,398.641,,,,,,3013.28,,,,,28.402,,10609.47,10609.47,,,,,,,,,6158.58,,,58.048,,,,,,2797.64,,,,,,26.369,,4229.37,,,,,1426.3,,13.444,,,,,,4450.89,,41.952,,,,,,,,1916.91,,18.068,,,,,,347.66,,,,,,3.277,,,355.16,52.65,,,,,,3.348,0.496,,,,,,,,2533.98,,23.884,,,,,,194.46,,1.833,,,,,,558.06,,5.26,
OECD (Ember),2016,,,,,,,,,302.93,2.833,,389.243,,,,,,2838.27,,,,,26.545,,10692.38,10692.38,,,,,,,,,6135.45,,,57.382,,,,,,2955.58,,,,,,27.642,,4161.93,,,,,1448.24,,13.545,,,,,,4556.93,,42.618,,,,,,,,1913.57,,17.897,,,,,,341.6,,,,,,3.195,,,356.92,53.99,,,,,,3.338,0.505,,,,,,,,2643.36,,24.722,,,,,,230.81,,2.159,,,,,,607.39,,5.681,
OECD (Ember),2017,,,,,,,,,312.91,2.915,,380.968,,,,,,2777.98,,,,,25.879,,10734.43,10734.43,,,,,,,,,6031.69,,,56.19,,,,,,2947.37,,,,,,27.457,,4089.47,,,,,1458.02,,13.583,,,,,,4702.74,,43.81,,,,,,,,1902.3,,17.721,,,,,,306.34,,,,,,2.854,,,367.55,54.64,,,,,,3.424,0.509,,,,,,,,2800.44,,26.088,,,,,,277.92,,2.589,,,,,,696.95,,6.493,
OECD (Ember),2018,,,,,,,,,319.46,2.927,,374.39,,,,,,2682.78,,,,,24.577,,10916.02,10916.02,,,,,,,,,6084.5,,,55.739,,,,,,3103.98,,,,,,28.435,,4086.85,,,,,1480.78,,13.565,,,,,,4831.52,,44.261,,,,,,,,1914.23,,17.536,,,,,,297.74,,,,,,2.728,,,375.29,55.83,,,,,,3.438,0.511,,,,,,,,2917.29,,26.725,,,,,,319.45,,2.926,,,,,,741.77,,6.795,
OECD (Ember),2019,,,,,,,,,322.6,2.992,,354.936,,,,,,2319.41,,,,,21.513,,10781.38,10781.38,,,,,,,,,5810.34,,,53.892,,,,,,3239.07,,,,,,30.043,,3826.7,,,,,1451.68,,13.465,,,,,,4971.04,,46.108,,,,,,,,1937.28,,17.969,,,,,,251.86,,,,,,2.336,,,379.93,57.33,,,,,,3.524,0.532,,,,,,,,3033.76,,28.139,,,,,,369.0,,3.423,,,,,,833.15,,7.728,
OECD (Ember),2020,,,,,,,,,321.85,3.055,,336.406,,,,,,1966.03,,,,,18.663,,10534.38,10534.38,,,,,,,,,5469.66,,,51.922,,,,,,3268.32,,,,,,31.025,,3543.83,,,,,1487.14,,14.117,,,,,,5064.72,,48.078,,,,,,,,1817.09,,17.249,,,,,,235.31,,,,,,2.234,,,380.74,58.89,,,,,,3.614,0.559,,,,,,,,3247.63,,30.829,,,,,,447.03,,4.244,,,,,,932.72,,8.854,
OECD (Ember),2021,,,,,,,,,338.02,3.121,,340.983,,,,,,2147.98,,,,,19.832,,10831.04,10831.04,,,,,,,,,5637.77,,,52.052,,,,,,3256.58,,,,,,30.067,,3693.2,,,,,1437.96,,13.276,,,,,,5193.27,,47.948,,,,,,,,1859.35,,17.167,,,,,,233.21,,,,,,2.153,,,397.18,59.16,,,,,,3.667,0.546,,,,,,,,3333.92,,30.781,,,,,,529.6,,4.89,,,,,,969.18,,8.948,
OECD (Ember),2022,,,,,,,,,341.82,3.119,,338.661,,,,,,2107.16,,,,,19.226,,10960.12,10960.12,,,,,,,,,5683.21,,,51.854,,,,,,3321.19,,,,,,30.302,,3711.77,,,,,1407.13,,12.839,,,,,,5276.91,,48.146,,,,,,,,1740.74,,15.882,,,,,,254.86,,,,,,2.325,,,403.46,61.64,,,,,,3.681,0.562,,,,,,,,3536.17,,32.264,,,,,,635.65,,5.8,,,,,,1089.93,,9.945,
OECD (Shift),1900,,,,,,,,,,,,,,,,,,,,,,5057.655,,,,,,,,,,,,,,,,,,,,,,,,,,,73.84,,,,,,,,,,,,,,,,,,,,,,,,,,,,,,,,,,,,,,,106.054,,,,,,,,,,,,,,,,,,,,,,,,,,,,,,,,,,,,,,,
OECD (Shift),1901,,,,,,,,,,,,,,,,,,,2.97,150.211,,5207.866,,,,,,,,,,,,,,,,,,,,,,,,10.817,7.988,,81.828,,,,,,,,,,,,,,,,,,,,,,,,,,,,,,,,,,,,9.157,9.711,,115.765,,,,,,,,,,,,,,,,,,,,,,,,,,,,,,,,,,,,,,,
OECD (Shift),1902,,,,,,,,,,,,,,,,,,,2.349,122.319,,5330.185,,,,,,,,,,,,,,,,,,,,,,,,9.761,7.988,,89.816,,,,,,,,,,,,,,,,,,,,,,,,,,,,,,,,,,,,27.054,31.32,,147.085,,,,,,,,,,,,,,,,,,,,,,,,,,,,,,,,,,,,,,,
OECD (Shift),1903,,,,,,,,,,,,,,,,,,,9.251,493.074,,5823.259,,,,,,,,,,,,,,,,,,,,,,,,8.893,7.988,,97.803,,,,,,,,,,,,,,,,,,,,,,,,,,,,,,,,,,,,13.371,19.666,,166.751,,,,,,,,,,,,,,,,,,,,,,,,,,,,,,,,,,,,,,,
OECD (Shift),1904,,,,,,,,,,,,,,,,,,,0.063,3.694,,5826.954,,,,,,,,,,,,,,,,,,,,,,,,8.167,7.988,,105.791,,,,,,,,,,,,,,,,,,,,,,,,,,,,,,,,,,,,17.241,28.749,,195.5,,,,,,,,,,,,,,,,,,,,,,,,,,,,,,,,,,,,,,,
OECD (Shift),1905,,,,,,,,,,,,,,,,,,,6.794,395.861,,6222.815,,,,,,,,,,,,,,,,,,,,,,,,7.55,7.988,,113.779,,,,,,,,,,,,,,,,,,,,,,,,,,,,,,,,,,,,13.885,27.144,,222.645,,,,,,,,,,,,,,,,,,,,,,,,,,,,,,,,,,,,,,,
OECD (Shift),1906,,,,,,,,,,,,,,,,,,,5.844,363.636,,6586.451,,,,,,,,,,,,,,,,,,,,,,,,7.02,7.988,,121.766,,,,,,,,,,,,,,,,,,,,,,,,,,,,,,,,,,,,-5.605,-12.479,,210.166,,,,,,,,,,,,,,,,,,,,,,,,,,,,,,,,,,,,,,,
OECD (Shift),1907,,,,,,,,,,,,,,,,,,,10.497,691.396,,7277.847,,,,,,,,,,,,,,,,,,,,,,,,6.56,7.988,,129.754,,,,,,,,,,,,,,,,,,,,,,,,,,,,,,,,,,,,32.345,67.977,,278.143,,,,,,,,,,,,,,,,,,,,,,,,,,,,,,,,,,,,,,,
OECD (Shift),1908,,,,,,,,,,,,,,,,,,,-5.704,-415.111,,6862.736,,,,,,,,,,,,,,,,,,,,,,,,6.156,7.988,,137.742,,,,,,,,,,,,,,,,,,,,,,,,,,,,,,,,,,,,11.139,30.982,,309.125,,,,,,,,,,,,,,,,,,,,,,,,,,,,,,,,,,,,,,,
OECD (Shift),1909,,,,,,,,,,,,,,,,,,,4.765,327.034,,7189.77,,,,,,,,,,,,,,,,,,,,,,,,5.799,7.988,,145.729,,,,,,,,,,,,,,,,,,,,,,,,,,,,,,,,,,,,3.014,9.316,,318.441,,,,,,,,,,,,,,,,,,,,,,,,,,,,,,,,,,,,,,,
OECD (Shift),1910,,,,,,,,,,,,,,,,,,,4.689,337.126,,7526.896,,,,,,,,,,,,,,,,,,,,,,,,8.138,11.86,,157.589,,,,,,,,,,,,,,,,,,,,,,,,,,,,,,,,,,,,12.041,38.344,,356.785,,,,,,,,,,,,,,,,,,,,,,,,,,,,,,,,,,,,,,,
OECD (Shift),1911,,,,,,,,,,,,,,,,,,,1.329,100.006,,7626.902,,,,,,,,,,,,,,,,,,,,,,,,5.315,8.376,,165.965,,,,,,,,,,,,,,,,,,,,,,,,,,,,,,,,,,,,8.201,29.261,,386.046,,,,,,,,,,,,,,,,,,,,,,,,,,,,,,,,,,,,,,,
OECD (Shift),1912,,,,,,,,,,,,,,,,,,,5.267,401.684,,8028.586,,,,,,,,,,,,,,,,,,,,,,,,5.047,8.376,,174.342,,,,,,,,,,,,,,,,,,,,,,,,,,,,,,,,,,,,0.889,3.431,,389.477,,,,,,,,,,,,,,,,,,,,,,,,,,,,,,,,,,,,,,,
OECD (Shift),1913,,,,,,,,,,,,,,,,,,,7.035,564.831,,8593.417,,,,,,,,,,,,,,,,,,,,,,,,4.805,8.376,,182.718,,,,,,,,,,,,,,,,,,,,,,,,,,,,,,,,,,,,14.025,54.626,,444.103,,,,,,,,,,,,,,,,,,,,,,,,,,,,,,,,,,,,,,,
OECD (Shift),1914,,,,,,,,,,,,,,,,,,,-10.73,-922.078,,7671.339,,,,,,,,,,,,,,,,,,,,,,,,4.584,8.376,,191.094,,,,,,,,,,,,,,,,,,,,,,,,,,,,,,,,,,,,3.855,17.119,,461.223,,,,,,,,,,,,,,,,,,,,,,,,,,,,,,,,,,,,,,,
OECD (Shift),1915,,,,,,,,,,,,,,,,,,,-1.792,-137.438,,7533.901,,,,,,,,,,,,,,,,,,,,,,,,4.383,8.376,,199.471,,,,,,,,,,,,,,,,,,,,,,,,,,,,,,,,,,,,8.883,40.973,,502.195,,,,,,,,,,,,,,,,,,,,,,,,,,,,,,,,,,,,,,,
OECD (Shift),1916,,,,,,,,,,,,,,,,,,,7.284,548.735,,8082.637,,,,,,,,,,,,,,,,,,,,,,,,4.199,8.376,,207.847,,,,,,,,,,,,,,,,,,,,,,,,,,,,,,,,,,,,8.754,43.961,,546.156,,,,,,,,,,,,,,,,,,,,,,,,,,,,,,,,,,,,,,,
OECD (Shift),1917,,,,,,,,,,,,,,,,,,,4.551,367.842,,8450.479,,,,,,,,,,,,,,,,,,,,,,,,4.03,8.376,,216.223,,,,,,,,,,,,,,,,,,,,,,,,,,,,,,,,,,,,15.643,85.434,,631.59,,,,,,,,,,,,,,,,,,,,,,,,,,,,,,,,,,,,,,,
OECD (Shift),1918,,,,,,,,,,,,,,,,,,,-0.358,-30.263,,8420.216,,,,,,,,,,,,,,,,,,,,,,,,3.874,8.376,,224.6,,,,,,,,,,,,,,,,,,,,,,,,,,,,,,,,,,,,7.198,45.462,,677.052,,,,,,,,,,,,,,,,,,,,,,,,,,,,,,,,,,,,,,,
OECD (Shift),1919,,,,,,,,,,,,,,,,,,,-16.205,-1364.499,,7055.717,,,,,,,,,,,,,,,,,,,,,,,,3.729,8.376,,232.976,,,,,,,,,,,,,,,,,,,,,,,,,,,,,,,,,,,,13.941,94.389,,771.441,,,,,,,,,,,,,,,,,,,,,,,,,,,,,,,,,,,,,,,
OECD (Shift),1920,,,,,,,,,,,,,,,,,,,15.765,1112.312,,8168.029,,,,,,,,,,,,,,,,,,,,,,,,3.595,8.376,,241.352,,,,,,,,,,,,,,,,,,,,,,,,,,,,,,,,,,,,32.26,248.87,,1020.312,,,,,,,,,,,,,,,,,,,,,,,,,,,,,,,,,,,,,,,
OECD (Shift),1921,,,,,,,,,,,,,,,,,,,-17.926,-1464.197,,6703.832,,,,,,,,,,,,,,,,,,,,,,,,3.471,8.376,,249.729,,,,,,,,,,,,,,,,,,,,,,,,,,,,,,,,,,,,8.085,82.492,,1102.803,,,,,,,,,,,,,,,,,,,,,,,,,,,,,,,,,,,,,,,
OECD (Shift),1922,,,,,,,,,,,,,,,,,,,6.17,413.655,,7117.487,,,,,,,,,,,,,,,,,,,,,,,,5.067,12.653,,262.381,,,,,,,,,,,,,,,,,,,,,,,,,,,,,,,,,,,,10.591,116.8,,1219.603,,,,,,,,,,,,,,,,,,,,,,,,,,,,,,,,,,,,,,,
OECD (Shift),1923,,,,,,,,,,,,,,,,,,,16.987,1209.037,,8326.523,,,,,,,,,,,,,,,,,,,,,,,,16.791,44.056,,306.437,,,,,,,,,,,,,,,,,,,,,,,,,,,,,,,,,,,,18.449,225.006,,1444.609,,,,,,,,,,,,,,,,,,,,,,,,,,,,,,,,,,,,,,,
OECD (Shift),1924,,,,,,,,,,,,,,,,,,,-3.827,-318.634,,8007.889,,,,,,,,,,,,,,,,,,,,,,,,14.377,44.056,,350.493,,,,,,,,,,,,,,,,,,,,,,,,,,,,,,,,,,,,-2.93,-42.322,,1402.287,,,,,,,,,,,,,,,,,,,,,,,,,,,,,,,,,,,,,,,
OECD (Shift),1925,,,,,,,,,,,,,,,,,,,0.455,36.416,,8044.305,,,,,,,,,,,,,,,,,,,,,,,,12.57,44.056,,394.549,,,,,,,,,,,,,,,,,,,,,,,,,,,,,,,,,,,,2.447,34.32,,1436.607,,,,,,,,,,,,,,,,,,,,,,,,,,,,,,,,,,,,,,,
OECD (Shift),1926,,,,,,,,,,,,,,,,,,,-1.37,-110.206,,7934.1,,,,,,,,,,,,,,,,,,,,,,,,11.166,44.056,,438.605,,,,,,,,,,,,,,,,,,,,,,,,,,,,,,,,,,,,-1.648,-23.679,,1412.929,,,,,,,,,,,,,,,,,,,,,,,,,,,,,,,,,,,,,,,
OECD (Shift),1927,,,,,,,,,,,,,,,,,,,7.6,602.999,,8537.099,,,,,,,,,,,,,,,,,,,,,,,,10.045,44.056,,482.662,,,,,,,,,,,,,,,,,,,,,,,,,,,,,,,,,,,,10.644,150.399,,1563.328,,,,,,,,,,,,,,,,,,,,,,,,,,,,,,,,,,,,,,,
OECD (Shift),1928,,,,,,,,,,,,,,,,,,,-2.348,-200.41,,8336.688,,,,,,,,,,,,,,,,,,,,,,,,9.128,44.056,,526.718,,,,,,,,,,,,,,,,,,,,,,,,,,,,,,,,,,,,-1.778,-27.796,,1535.532,,,,,,,,,,,,,,,,,,,,,,,,,,,,,,,,,,,,,,,
OECD (Shift),1929,,,,,,,,,,,,,,,,,,,6.161,513.596,,8850.284,,,,,,,,,,,,,,,,,,,,,,,,4.481,23.603,,550.321,,,,,,,,,,,,,,,,,,,,,,,,,,,,,,,,,,,,10.417,159.959,,1695.491,,,,,,,,,,,,,,,,,,,,,,,,,,,,,,,,,,,,,,,
OECD (Shift),1930,,,,,,,,,,,,,,,,,,,-9.731,-861.248,,7989.037,,,,,,,,,,,,,,,,,,,,,,,,4.289,23.603,,573.924,,,,,,,,,,,,,,,,,,,,,,,,,,,,,,,,,,,,-10.706,-181.521,,1513.97,,,,,,,,,,,,,,,,,,,,,,,,,,,,,,,,,,,,,,,
OECD (Shift),1931,,,,,,,,,,,,,,,,,,,-13.318,-1063.958,,6925.079,,,,,,,,,,,,,,,,,,,,,,,,4.113,23.603,,597.527,,,,,,,,,,,,,,,,,,,,,,,,,,,,,,,,,,,,-5.638,-85.364,,1428.606,,,,,,,,,,,,,,,,,,,,,,,,,,,,,,,,,,,,,,,
OECD (Shift),1932,,,,,,,,,,,,,,,,,,,-12.542,-868.526,,6056.553,,,,,,,,,,,,,,,,,,,,,,,,3.95,23.603,,621.13,,,,,,,,,,,,,,,,,,,,,,,,,,,,,,,,,,,,-7.525,-107.508,,1321.098,,,,,,,,,,,,,,,,,,,,,,,,,,,,,,,,,,,,,,,
OECD (Shift),1933,,,,,,,,,,,,,,,,,,,4.062,246.01,,6302.563,,,,,,,,,,,,,,,,,,,,,,,,3.8,23.603,,644.733,,,,,,,,,,,,,,,,,,,,,,,,,,,,,,,,,,,,13.257,175.136,,1496.234,,,,,,,,,,,,,,,,,,,,,,,,,,,,,,,,,,,,,,,
OECD (Shift),1934,,,,,,,,,,,,,,,,,,,7.934,500.067,,6802.63,,,,,,,,,,,,,,,,,,,,,,,,3.661,23.603,,668.336,,,,,,,,,,,,,,,,,,,,,,,,,,,,,,,,,,,,0.879,13.154,,1509.388,,,,,,,,,,,,,,,,,,,,,,,,,,,,,,,,,,,,,,,
OECD (Shift),1935,,,,,,,,,,,,,,,,,,,2.943,200.209,,7002.839,,,,,,,,,,,,,,,,,,,,,,,,3.532,23.603,,691.939,,,,,,,,,,,,,,,,,,,,,,,,,,,,,,,,,,,,9.431,142.351,,1651.739,,,,,,,,,,,,,,,,,,,,,,,,,,,,,,,,,,,,,,,
OECD (Shift),1936,,,,,,,,,,,,,,,,,,,9.556,669.21,,7672.05,,,,,,,,,,,,,,,,,,,,,,,,3.411,23.603,,715.542,,,,,,,,,,,,,,,,,,,,,,,,,,,,,,,,,,,,9.897,163.471,,1815.21,,,,,,,,,,,,,,,,,,,,,,,,,,,,,,,,,,,,,,,
OECD (Shift),1937,,,,,,,,,,,,,,,,,,,5.203,399.175,,8071.225,,,,,,,,,,,,,,,,,,,,,,,,4.8,34.347,,749.889,,,,,,,,,,,,,,,,,,,,,,,,,,,,,,,,,,,,16.165,293.425,,2108.635,,,,,,,,,,,,,,,,,,,,,,,,,,,,,,,,,,,,,,,
OECD (Shift),1938,,,,,,,,,,,,,,,,,,,-8.57,-691.672,,7379.553,,,,,,,,,,,,,,,,,,,,,,,,8.234,61.749,,811.638,,,,,,,,,,,,,,,,,,,,,,,,,,,,,,,,,,,,-5.055,-106.601,,2002.035,,,,,,,,,,,,,,,,,,,,,,,,,,,,,,,,,,,,,,,
OECD (Shift),1939,,,,,,,,,,,,,,,,,,,4.637,342.188,,7721.74,,,,,,,,,,,,,,,,,,,,,,,,7.608,61.749,,873.387,,,,,,,,,,,,,,,,,,,,,,,,,,,,,,,,,,,,4.6,92.086,,2094.121,,,,,,,,,,,,,,,,,,,,,,,,,,,,,,,,,,,,,,,
OECD (Shift),1940,,,,,,,,,,,,,,,,,,,9.547,737.23,,8458.971,,,,,,,,,,,,,,,,,,,,,,,,7.07,61.749,,935.136,,,,,,,,,,,,,,,,,,,,,,,,,,,,,,,,,,,,7.149,149.701,,2243.823,,,,,,,,,,,,,,,,,,,,,,,,,,,,,,,,,,,,,,,
OECD (Shift),1941,,,,,,,,,,,,,,,,,,,4.289,362.817,,8821.788,,,,,,,,,,,,,,,,,,,,,,,,6.603,61.749,,996.886,,,,,,,,,,,,,,,,,,,,,,,,,,,,,,,,,,,,3.436,77.095,,2320.918,,,,,,,,,,,,,,,,,,,,,,,,,,,,,,,,,,,,,,,
OECD (Shift),1942,,,,,,,,,,,,,,,,,,,6.099,538.022,,9359.811,,,,,,,,,,,,,,,,,,,,,,,,6.194,61.749,,1058.635,,,,,,,,,,,,,,,,,,,,,,,,,,,,,,,,,,,,-1.391,-32.285,,2288.633,,,,,,,,,,,,,,,,,,,,,,,,,,,,,,,,,,,,,,,
OECD (Shift),1943,,,,,,,,,,,,,,,,,,,0.744,69.669,,9429.479,,,,,,,,,,,,,,,,,,,,,,,,5.833,61.749,,1120.384,,,,,,,,,,,,,,,,,,,,,,,,,,,,,,,,,,,,8.39,192.023,,2480.656,,,,,,,,,,,,,,,,,,,,,,,,,,,,,,,,,,,,,,,
OECD (Shift),1944,,,,,,,,,,,,,,,,,,,-3.038,-286.454,,9143.025,,,,,,,,,,,,,,,,,,,,,,,,5.511,61.749,,1182.133,,,,,,,,,,,,,,,,,,,,,,,,,,,,,,,,,,,,11.152,276.643,,2757.299,,,,,,,,,,,,,,,,,,,,,,,,,,,,,,,,,,,,,,,
OECD (Shift),1945,,,,,,,,,,,,,,,,,,,-21.435,-1959.776,,7183.249,,,,,,,,,,,,,,,,,,,,,,,,5.224,61.749,,1243.882,,,,,,,,,,,,,,,,,,,,,,,,,,,,,,,,,,,,1.642,45.276,,2802.574,,,,,,,,,,,,,,,,,,,,,,,,,,,,,,,,,,,,,,,
OECD (Shift),1946,,,,,,,,,,,,,,,,,,,8.111,582.659,,7765.908,,,,,,,,,,,,,,,,,,,,,,,,5.427,67.507,,1311.388,,,,,,,,,,,,,,,,,,,,,,,,,,,,,,,,,,,,1.672,46.845,,2849.42,,,,,,,,,,,,,,,,,,,,,,,,,,,,,,,,,,,,,,,
OECD (Shift),1947,,,,,,,,,,,,,,,,,,,12.671,984.011,,8749.919,,,,,,,,,,,,,,,,,,,,,,,,10.498,137.667,,1449.056,,,,,,,,,,,,,,,,,,,,,,,,,,,,,,,,,,,,7.211,205.479,,3054.899,,,,,,,,,,,,,,,,,,,,,,,,,,,,,,,,,,,,,,,
OECD (Shift),1948,,,,,,,,,,,,,,,,,,,2.172,190.026,,8939.945,,,,,,,,,,,,,,,,,,,,,,,,12.558,181.974,,1631.03,,,,,,,,,,,,,,,,,,,,,,,,,,,,,,,,,,,,8.861,270.688,,3325.587,,,,,,,,,,,,,,,,,,,,,,,,,,,,,,,,,,,,,,,
OECD (Shift),1949,,,,,,,,,,,,,,,,,,,-9.176,-820.368,,8119.577,,,,,,,,,,,,,,,,,,,,,,,,5.26,85.789,,1716.818,,,,,,,,,,,,,,,,,,,,,,,,,,,,,,,,,,,,-7.973,-265.152,,3060.435,,,,,,,,,,,,,,,,,,,,,,,,,,,,,,,,,,,,,,,
OECD (Shift),1950,,,,,,,,,,,,,,,,,,,8.452,686.27,,8805.847,,,,,,,,,,,,,,,,,,,,,,,,16.003,274.74,,1991.558,,,,,,,,,,,,,,,,,,,,,,,,,,,,,,,,,,,,8.529,261.024,,3321.458,,,,,,,,,,,,,,,,,,,,,,,,,,,,,,,,,,,,,,,
OECD (Shift),1951,,,,,,,,,,,,,,,,,,,4.486,395.006,,9200.853,,,,,,,,,,,,,,,,,,,,,,,,18.894,376.275,,2367.833,,,,,,,,,,,,,,,,,,,,,,,,,,,,,,,,,,,,14.46,480.296,,3801.754,,,,,,,,,,,,,,,,,,,,,,,,,,,,,,,,,,,,,,,
OECD (Shift),1952,,,,,,,,,,,,,,,,,,,-3.404,-313.175,,8887.678,,,,,,,,,,,,,,,,,,,,,,,,7.639,180.877,,2548.71,,,,,,,,,,,,,,,,,,,,,,,,,,,,,,,,,,,,2.687,102.158,,3903.912,,,,,,,,,,,,,,,,,,,,,,,,,,,,,,,,,,,,,,,
OECD (Shift),1953,,,,,,,,,,,,,,,,,,,-0.843,-74.904,,8812.773,,,,,,,,,,,,,,,,,,,,,,,,5.234,133.408,,2682.118,,,,,,,,,,,,,,,,,,,,,,,,,,,,,,,,,,,,3.647,142.363,,4046.275,,,,,,,,,,,,,,,,,,,,,,,,,,,,,,,,,,,,,,,
OECD (Shift),1954,,,,,,,,,,,,,,,,,,,-4.966,-437.682,,8375.092,,,,,,,,,,,,,,,,,,,,,,,,4.629,124.168,,2806.286,,,,,,,,,,,,,,,,,,,,,,,,,,,,,,,,,,,,-0.189,-7.664,,4038.611,,,,,,,,,,,,,,,,,,,,,,,,,,,,,,,,,,,,,,,
OECD (Shift),1955,,,,,,,,,,,,,,,,,,,7.274,609.226,,8984.317,,,,,,,,,,,,,,,,,,,,,,,,8.194,229.958,,3036.244,,,,,,,,,,,,,,,,,,,,,,,,,,,,,,,,,,,,8.677,350.447,,4389.057,,,,,,,,,,,,,,,,,,,,,,,,,,,,,,,,,,,,,,,
OECD (Shift),1956,,,,,,,,,,,,,,,,,,,3.964,356.115,,9340.433,,,,,,,,,,,,,,,,,,,,,,,,7.468,226.747,,3262.991,,,,,,,,,,,,,,,,,,,,,,,,,,,,,,,,,,,,6.544,287.226,,4676.283,,,,,,,,,,,,,,,,,,,,,,,,,,,,,,,,,,,,,,,
OECD (Shift),1957,,,,,,,,,,,,,,,,,,,0.019,1.739,,9342.172,,,,,,,,,,,,,,,,,,,,,,,,6.681,217.996,,3480.987,,,,,,,,,,,,,,,,,,,,,,,,,,,,,,,,,,,,0.505,23.632,,4699.916,,,,,,,,,,,,,,,,,,,,,,,,,,,,,,,,,,,,,,,
OECD (Shift),1958,,,,,,,,,,,,,,,,,,,-6.945,-648.771,,8693.401,,,,,,,,,,,,,,,,,,,,,,,,5.052,175.861,,3656.848,,,,,,,,,,,,,,,,,,,,,,,,,,,,,,,,,,,,-5.763,-270.863,,4429.053,,,,,,,,,,,,,,,,,,,,,,,,,,,,,,,,,,,,,,,
OECD (Shift),1959,,,,,,,,,,,,,,,,,,,-0.128,-11.09,,8682.312,,,,,,,,,,,,,,,,,,,,,,,,10.668,390.119,,4046.967,,,,,,,,,,,,,,,,,,,,,,,,,,,,,,,,,,,,5.568,246.626,,4675.679,,,,,,,,,,,,,,,,,,,,,,,,,,,,,,,,,,,,,,,
OECD (Shift),1960,,,,,,,,,,,,,,,,,,,0.53,46.018,,8728.329,,,,,,,,,,,,,,,,,,,,,,,,6.558,265.407,,4312.375,,,,,,,,,,,,,,,,,,,,,,,,,,,,,,,,,,,,0.676,31.587,,4707.266,,,,,,,,,,,,,,,,,,,,,,,,,,,,,,,,,,,,,,,
OECD (Shift),1961,,,,,,,,,,,,,,,,,,,-0.08,-7.01,,8721.319,,,,,,,,,,,,,,,,,,,,,,,,4.743,204.526,,4516.901,,,,,,,,,,,,,,,,,,,,,,,,,,,,,,,,,,,,3.27,153.935,,4861.201,,,,,,,,,,,,,,,,,,,,,,,,,,,,,,,,,,,,,,,
OECD (Shift),1962,,,,,,,,,,,,,,,,,,,2.073,180.797,,8902.116,,,,,,,,,,,,,,,,,,,,,,,,6.93,313.014,,4829.915,,,,,,,,,,,,,,,,,,,,,,,,,,,,,,,,,,,,3.042,147.864,,5009.064,,,,,,,,,,,,,,,,,,,,,,,,,,,,,,,,,,,,,,,
OECD (Shift),1963,,,,,,,,,,,,,,,,,,,3.254,289.698,,9191.814,,,,,,,,,,,,,,,,,,,,,,,,7.285,351.858,,5181.773,,,,,,,,,,,,,,,,,,,,,,,,,,,,,,,,,,,,3.281,164.343,,5173.408,,,,,,,,,,,,,,,,,,,,,,,,,,,,,,,,,,,,,,,
OECD (Shift),1964,,,,,,,,,,,,,,,,,,,3.154,289.87,,9481.685,,,,,,,,,,,,,,,,,,,,,,,,6.925,358.853,,5540.626,,,,,,,,,,,,,,,,,,,,,,,,,,,,,,,,,,,,2.033,105.159,,5278.566,,,,,,,,,,,,,,,,,,,,,,,,,,,,,,,,,,,,,,,
OECD (Shift),1965,,,,,,,,,,,,,,,,,,,0.414,39.247,,9520.932,,,,,,,,,,,,,,,,,,,,,,,,4.373,242.28,,5782.906,,,,,,,,,,,,,,,,,,,,,,,,,,,,,,,,,,,,2.743,144.805,,5423.372,,,,,,,,,,,,,,,,,,,,,,,,,,,,,,,,,,,,,,,
OECD (Shift),1966,,,,,,,,,,,,,,,,,,,-0.122,-11.597,,9509.335,,,,,,,,,,,,,,,,,,,,,,,,6.464,373.821,,6156.727,,,,,,,,,,,,,,,,,,,,,,,,,,,,,,,,,,,,5.997,325.244,,5748.616,,,,,,,,,,,,,,,,,,,,,,,,,,,,,,,,,,,,,,,
OECD (Shift),1967,,,,,,,,,,,,,,,,,,,-1.038,-98.745,,9410.59,,,,,,,,,,,,,,,,,,,,,,,,6.864,422.599,,6579.326,,,,,,,,,,,,,,,,,,,,,,,,,,,,,,,,,,,,6.498,373.521,,6122.137,,,,,,,,,,,,,,,,,,,,,,,,,,,,,,,,,,,,,,,
OECD (Shift),1968,,,,,,,,,,,,,,,,,,,-0.98,-92.258,,9318.332,,,,,,,,,,,,,,,,,,,,,,,,9.115,599.717,,7179.043,,,,,,,,,,,,,,,,,,,,,,,,,,,,,,,,,,,,4.098,250.882,,6373.019,,,,,,,,,,,,,,,,,,,,,,,,,,,,,,,,,,,,,,,
OECD (Shift),1969,,,,,,,,,,,,,,,,,,,0.203,18.931,,9337.263,,,,,,,,,,,,,,,,,,,,,,,,10.443,749.709,,7928.753,,,,,,,,,,,,,,,,,,,,,,,,,,,,,,,,,,,,2.02,128.721,,6501.74,,,,,,,,,,,,,,,,,,,,,,,,,,,,,,,,,,,,,,,
OECD (Shift),1970,,,,,,,,,,,,,,,,,,,3.748,349.936,,9687.198,,,,,,,,,,,,,,,,,,,,,,,,10.064,797.975,,8726.728,,,,,,,,,,,,,,,,,,,,,,,,,,,,,,,,,,,,5.855,380.673,,6882.413,,,,,,,,,,,,,,,,,,,,,,,,,,,,,,,,,,,,,,,
OECD (Shift),1971,,,,,,,,,,,,,,,,,,,-4.791,-464.146,,9223.053,,,,,,,,,,,,,,,,,,,,,,,,6.348,553.929,,9280.656,,,,,,,,,,,,,,,,,,,,,,,,,,,,,,,,,,,,0.264,18.166,,6900.579,,,,,,,,,,,,,,,,,,,,,,,,,,,,,,,,,,,,,,,
OECD (Shift),1972,,,,,,,,,,,,,,,,,,,0.807,74.438,,9297.49,,,,,,,,,,,,,,,,,,,,,,,,5.474,508.0,,9788.656,,,,,,,,,,,,,,,,,,,,,,,,,,,,,,,,,,,,1.869,129.0,,7029.579,,,,,,,,,,,,,,,,,,,,,,,,,,,,,,,,,,,,,,,
OECD (Shift),1973,,,,,,,,,,,,,,,,,,,0.085,7.869,,9305.359,,,,,,,,,,,,,,,,,,,,,,,,3.761,368.173,,10156.829,,,,,,,,,,,,,,,,,,,,,,,,,,,,,,,,,,,,0.626,43.996,,7073.575,,,,,,,,,,,,,,,,,,,,,,,,,,,,,,,,,,,,,,,
OECD (Shift),1974,,,,,,,,,,,,,,,,,,,-1.643,-152.88,,9152.479,,,,,,,,,,,,,,,,,,,,,,,,-1.142,-115.961,,10040.868,,,,,,,,,,,,,,,,,,,,,,,,,,,,,,,,,,,,-3.393,-240.031,,6833.544,,,,,,,,,,,,,,,,,,,,,,,,,,,,,,,,,,,,,,,
OECD (Shift),1975,,,,,,,,,,,,,,,,,,,7.465,683.248,,9835.728,,,,,,,,,,,,,,,,,,,,,,,,-3.925,-394.115,,9646.753,,,,,,,,,,,,,,,,,,,,,,,,,,,,,,,,,,,,-2.76,-188.604,,6644.94,,,,,,,,,,,,,,,,,,,,,,,,,,,,,,,,,,,,,,,
OECD (Shift),1976,,,,,,,,,,,,,,,,,,,3.058,300.768,,10136.495,,,,,,,,,,,,,,,,,,,,,,,,1.545,149.035,,9795.788,,,,,,,,,,,,,,,,,,,,,,,,,,,,,,,,,,,,0.289,19.178,,6664.118,,,,,,,,,,,,,,,,,,,,,,,,,,,,,,,,,,,,,,,
OECD (Shift),1977,,,,,,,,,,,,,,,,,,,1.653,167.51,,10304.005,,,,,,,,,,,,,,,,,,,,,,,,1.509,147.782,,9943.57,,,,,,,,,,,,,,,,,,,,,,,,,,,,,,,,,,,,6.571,437.904,,7102.022,,,,,,,,,,,,,,,,,,,,,,,,,,,,,,,,,,,,,,,
OECD (Shift),1978,,,,,,,,,,,,,,,,,,,-1.748,-180.073,,10123.932,,,,,,,,,,,,,,,,,,,,,,,,-0.395,-39.263,,9904.308,,,,,,,,,,,,,,,,,,,,,,,,,,,,,,,,,,,,8.959,636.242,,7738.265,,,,,,,,,,,,,,,,,,,,,,,,,,,,,,,,,,,,,,,
OECD (Shift),1979,,,,,,,,,,,,,,,,,,,9.648,976.771,,11100.702,,,,,,,,,,,,,,,,,,,,,,,,5.14,509.082,,10413.39,,,,,,,,,,,,,,,,,,,,,,,,,,,,,,,,,,,,5.888,455.641,,8193.905,,,,,,,,,,,,,,,,,,,,,,,,,,,,,,,,,,,,,,,
OECD (Shift),1980,,,,,,,,,,,,,,,,,,,-2.301,-255.432,,10845.271,,,,,,,,,,,,,,,,,,,,,,,,-11.02,-1147.562,,9265.828,,,,,,,,,,,,,,,,,,,,,,,,,,,,,,,,,,,,25.334,2075.81,,10269.715,,,,,,,,,,,,,,,,,,,,,,,,,,,,,,,,,,,,,,,
OECD (Shift),1981,,,,,,,,,,,,,,,,,,,-0.124,-13.439,,10831.831,,,,,,,,,,,,,,,,,,,,,,,,-1.16,-107.454,,9158.374,,,,,,,,,,,,,,,,,,,,,,,,,,,,,,,,,,,,2.559,262.85,,10532.564,,,,,,,,,,,,,,,,,,,,,,,,,,,,,,,,,,,,,,,
OECD (Shift),1982,,,,,,,,,,,,,,,,,,,2.724,295.084,,11126.915,,,,,,,,,,,,,,,,,,,,,,,,-5.385,-493.152,,8665.222,,,,,,,,,,,,,,,,,,,,,,,,,,,,,,,,,,,,4.589,483.31,,11015.874,,,,,,,,,,,,,,,,,,,,,,,,,,,,,,,,,,,,,,,
OECD (Shift),1983,,,,,,,,,,,,,,,,,,,-3.25,-361.654,,10765.261,,,,,,,,,,,,,,,,,,,,,,,,-5.72,-495.644,,8169.578,,,,,,,,,,,,,,,,,,,,,,,,,,,,,,,,,,,,2.992,329.645,,11345.519,,,,,,,,,,,,,,,,,,,,,,,,,,,,,,,,,,,,,,,
OECD (Shift),1984,,,,,,,,,,,,,,,,,,,4.07,438.199,,11203.46,,,,,,,,,,,,,,,,,,,,,,,,6.489,530.162,,8699.74,,,,,,,,,,,,,,,,,,,,,,,,,,,,,,,,,,,,4.581,519.776,,11865.295,,,,,,,,,,,,,,,,,,,,,,,,,,,,,,,,,,,,,,,
OECD (Shift),1985,,,,,,,,,,,,,,,,,,,3.804,426.167,,11629.627,,,,,,,,,,,,,,,,,,,,,,,,-1.601,-139.324,,8560.416,,,,,,,,,,,,,,,,,,,,,,,,,,,,,,,,,,,,1.513,179.519,,12044.813,,,,,,,,,,,,,,,,,,,,,,,,,,,,,,,,,,,,,,,
OECD (Shift),1986,,,,,,,,,,,,,,,,,,,2.032,236.293,,11865.92,,,,,,,,,,,,,,,,,,,,,,,,-2.924,-250.319,,8310.097,,,,,,,,,,,,,,,,,,,,,,,,,,,,,,,,,,,,-2.661,-320.507,,11724.307,,,,,,,,,,,,,,,,,,,,,,,,,,,,,,,,,,,,,,,
OECD (Shift),1987,,,,,,,,,,,,,,,,,,,2.281,270.639,,12136.559,,,,,,,,,,,,,,,,,,,,,,,,3.952,328.392,,8638.488,,,,,,,,,,,,,,,,,,,,,,,,,,,,,,,,,,,,-0.206,-24.186,,11700.121,,,,,,,,,,,,,,,,,,,,,,,,,,,,,,,,,,,,,,,
OECD (Shift),1988,,,,,,,,,,,,,,,,,,,0.056,6.741,,12143.3,,,,,,,,,,,,,,,,,,,,,,,,2.05,177.052,,8815.54,,,,,,,,,,,,,,,,,,,,,,,,,,,,,,,,,,,,-0.491,-57.399,,11642.722,,,,,,,,,,,,,,,,,,,,,,,,,,,,,,,,,,,,,,,
OECD (Shift),1989,,,,,,,,,,,,,,,,,,,1.598,194.044,,12337.344,,,,,,,,,,,,,,,,,,,,,,,,2.071,182.571,,8998.111,,,,,,,,,,,,,,,,,,,,,,,,,,,,,,,,,,,,-4.252,-495.011,,11147.711,,,,,,,,,,,,,,,,,,,,,,,,,,,,,,,,,,,,,,,
OECD (Shift),1990,,,,,,,,,,,,,,,,,,,-0.612,-75.544,,12261.8,,,,,,,,,,,,,,,,,,,,,,,,2.697,242.683,,9240.794,,,,,,,,,,,,,,,,,,,,,,,,,,,,,,,,,,,,0.309,34.409,,11182.12,,,,,,,,,,,,,,,,,,,,,,,,,,,,,,,,,,,,,,,
OECD (Shift),1991,,,,,,,,,,,,,,,,,,,-4.482,-549.61,,11712.189,,,,,,,,,,,,,,,,,,,,,,,,2.4,221.807,,9462.601,,,,,,,,,,,,,,,,,,,,,,,,,,,,,,,,,,,,2.824,315.761,,11497.881,,,,,,,,,,,,,,,,,,,,,,,,,,,,,,,,,,,,,,,
OECD (Shift),1992,,,,,,,,,,,,,,,,,,,-1.94,-227.24,,11484.949,,,,,,,,,,,,,,,,,,,,,,,,2.582,244.358,,9706.959,,,,,,,,,,,,,,,,,,,,,,,,,,,,,,,,,,,,0.842,96.791,,11594.672,,,,,,,,,,,,,,,,,,,,,,,,,,,,,,,,,,,,,,,
OECD (Shift),1993,,,,,,,,,,,,,,,,,,,-1.934,-222.134,,11262.815,,,,,,,,,,,,,,,,,,,,,,,,3.461,335.91,,10042.869,,,,,,,,,,,,,,,,,,,,,,,,,,,,,,,,,,,,-0.141,-16.329,,11578.343,,,,,,,,,,,,,,,,,,,,,,,,,,,,,,,,,,,,,,,
OECD (Shift),1994,,,,,,,,,,,,,,,,,,,2.857,321.765,,11584.58,,,,,,,,,,,,,,,,,,,,,,,,4.391,440.975,,10483.844,,,,,,,,,,,,,,,,,,,,,,,,,,,,,,,,,,,,4.375,506.568,,12084.911,,,,,,,,,,,,,,,,,,,,,,,,,,,,,,,,,,,,,,,
OECD (Shift),1995,,,,,,,,,,,,,,,,,,,0.512,59.362,,11643.942,,,,,,,,,,,,,,,,,,,,,,,,1.315,137.846,,10621.689,,,,,,,,,,,,,,,,,,,,,,,,,,,,,,,,,,,,1.423,171.961,,12256.872,,,,,,,,,,,,,,,,,,,,,,,,,,,,,,,,,,,,,,,
OECD (Shift),1996,,,,,,,,,,,,,,,,,,,1.825,212.516,,11856.458,,,,,,,,,,,,,,,,,,,,,,,,5.37,570.417,,11192.106,,,,,,,,,,,,,,,,,,,,,,,,,,,,,,,,,,,,3.475,425.937,,12682.809,,,,,,,,,,,,,,,,,,,,,,,,,,,,,,,,,,,,,,,
OECD (Shift),1997,,,,,,,,,,,,,,,,,,,1.568,185.889,,12042.347,,,,,,,,,,,,,,,,,,,,,,,,-0.434,-48.555,,11143.552,,,,,,,,,,,,,,,,,,,,,,,,,,,,,,,,,,,,1.048,132.863,,12815.672,,,,,,,,,,,,,,,,,,,,,,,,,,,,,,,,,,,,,,,
OECD (Shift),1998,,,,,,,,,,,,,,,,,,,0.945,113.849,,12156.195,,,,,,,,,,,,,,,,,,,,,,,,1.25,139.335,,11282.887,,,,,,,,,,,,,,,,,,,,,,,,,,,,,,,,,,,,-0.879,-112.625,,12703.047,,,,,,,,,,,,,,,,,,,,,,,,,,,,,,,,,,,,,,,
OECD (Shift),1999,,,,,,,,,,,,,,,,,,,-2.951,-358.766,,11797.43,,,,,,,,,,,,,,,,,,,,,,,,0.842,94.995,,11377.882,,,,,,,,,,,,,,,,,,,,,,,,,,,,,,,,,,,,-2.482,-315.238,,12387.809,,,,,,,,,,,,,,,,,,,,,,,,,,,,,,,,,,,,,,,
OECD (Shift),2000,,,,,,,,,,,,,,,,,,,-1.346,-158.809,,11638.621,,,,,,,,,,,,,,,,,,,,,,,,2.377,270.509,,11648.391,,,,,,,,,,,,,,,,,,,,,,,,,,,,,,,,,,,,1.371,169.836,,12557.645,,,,,,,,,,,,,,,,,,,,,,,,,,,,,,,,,,,,,,,
OECD (Shift),2001,,,,,,,,,,,,,,,,,,,3.554,413.591,,12052.212,,,,,,,,,,,,,,,,,,,,,,,,2.015,234.664,,11883.055,,,,,,,,,,,,,,,,,,,,,,,,,,,,,,,,,,,,0.269,33.761,,12591.405,,,,,,,,,,,,,,,,,,,,,,,,,,,,,,,,,,,,,,,
OECD (Shift),2002,,,,,,,,,,,,,,,,,,,-2.147,-258.771,,11793.44,,,,,,,,,,,,,,,,,,,,,,,,-0.682,-81.029,,11802.025,,,,,,,,,,,,,,,,,,,,,,,,,,,,,,,,,,,,0.116,14.569,,12605.975,,,,,,,,,,,,,,,,,,,,,,,,,,,,,,,,,,,,,,,
OECD (Shift),2003,,,,,,,,,,,,,,,,,,,-1.86,-219.325,,11574.115,,,,,,,,,,,,,,,,,,,,,,,,0.493,58.156,,11860.182,,,,,,,,,,,,,,,,,,,,,,,,,,,,,,,,,,,,-0.91,-114.764,,12491.211,,,,,,,,,,,,,,,,,,,,,,,,,,,,,,,,,,,,,,,
OECD (Shift),2004,,,,,,,,,,,,,,,,,,,2.301,266.367,,11840.482,,,,,,,,,,,,,,,,,,,,,,,,-0.194,-22.983,,11837.198,,,,,,,,,,,,,,,,,,,,,,,,,,,,,,,,,,,,-2.294,-286.504,,12204.707,,,,,,,,,,,,,,,,,,,,,,,,,,,,,,,,,,,,,,,
OECD (Shift),2005,,,,,,,,,,,,,,,,,,,1.418,167.859,,12008.342,,,,,,,,,,,,,,,,,,,,,,,,-1.772,-209.802,,11627.396,,,,,,,,,,,,,,,,,,,,,,,,,,,,,,,,,,,,-4.591,-560.261,,11644.446,,,,,,,,,,,,,,,,,,,,,,,,,,,,,,,,,,,,,,,
OECD (Shift),2006,,,,,,,,,,,,,,,,,,,1.57,188.566,,12196.908,,,,,,,,,,,,,,,,,,,,,,,,0.83,96.457,,11723.854,,,,,,,,,,,,,,,,,,,,,,,,,,,,,,,,,,,,-2.22,-258.553,,11385.894,,,,,,,,,,,,,,,,,,,,,,,,,,,,,,,,,,,,,,,
OECD (Shift),2007,,,,,,,,,,,,,,,,,,,0.25,30.478,,12227.386,,,,,,,,,,,,,,,,,,,,,,,,1.014,118.856,,11842.71,,,,,,,,,,,,,,,,,,,,,,,,,,,,,,,,,,,,-1.589,-180.927,,11204.967,,,,,,,,,,,,,,,,,,,,,,,,,,,,,,,,,,,,,,,
OECD (Shift),2008,,,,,,,,,,,,,,,,,,,0.225,27.504,,12254.89,,,,,,,,,,,,,,,,,,,,,,,,2.51,297.312,,12140.021,,,,,,,,,,,,,,,,,,,,,,,,,,,,,,,,,,,,-3.606,-404.056,,10800.911,,,,,,,,,,,,,,,,,,,,,,,,,,,,,,,,,,,,,,,
OECD (Shift),2009,,,,,,,,,,,,,,,,,,,-5.622,-689.014,,11565.876,,,,,,,,,,,,,,,,,,,,,,,,0.083,10.083,,12150.104,,,,,,,,,,,,,,,,,,,,,,,,,,,,,,,,,,,,-0.493,-53.249,,10747.662,,,,,,,,,,,,,,,,,,,,,,,,,,,,,,,,,,,,,,,
OECD (Shift),2010,,,,,,,,,,,,,,,,,,,1.872,216.567,,11782.443,,,,,,,,,,,,,,,,,,,,,,,,1.805,219.286,,12369.391,,,,,,,,,,,,,,,,,,,,,,,,,,,,,,,,,,,,0.206,22.111,,10769.773,,,,,,,,,,,,,,,,,,,,,,,,,,,,,,,,,,,,,,,
OECD (Shift),2011,,,,,,,,,,,,,,,,,,,0.769,90.615,,11873.059,,,,,,,,,,,,,,,,,,,,,,,,1.195,147.83,,12517.221,,,,,,,,,,,,,,,,,,,,,,,,,,,,,,,,,,,,-0.174,-18.714,,10751.06,,,,,,,,,,,,,,,,,,,,,,,,,,,,,,,,,,,,,,,
OECD (Shift),2012,,,,,,,,,,,,,,,,,,,-2.366,-280.938,,11592.12,,,,,,,,,,,,,,,,,,,,,,,,2.487,311.354,,12828.575,,,,,,,,,,,,,,,,,,,,,,,,,,,,,,,,,,,,5.46,586.961,,11338.021,,,,,,,,,,,,,,,,,,,,,,,,,,,,,,,,,,,,,,,
OECD (Shift),2013,,,,,,,,,,,,,,,,,,,-1.054,-122.208,,11469.912,,,,,,,,,,,,,,,,,,,,,,,,0.734,94.134,,12922.709,,,,,,,,,,,,,,,,,,,,,,,,,,,,,,,,,,,,5.324,603.617,,11941.638,,,,,,,,,,,,,,,,,,,,,,,,,,,,,,,,,,,,,,,
OECD (Shift),2014,,,,,,,,,,,,,,,,,,,2.571,294.854,,11764.767,,,,,,,,,,,,,,,,,,,,,,,,3.056,394.883,,13317.592,,,,,,,,,,,,,,,,,,,,,,,,,,,,,,,,,,,,9.483,1132.391,,13074.028,,,,,,,,,,,,,,,,,,,,,,,,,,,,,,,,,,,,,,,
OECD (Shift),2015,,,,,,,,,,,,,,,,,,,-6.921,-814.21,,10950.557,,,,,,,,,,,,,,,,,,,,,,,,3.101,413.0,,13730.592,,,,,,,,,,,,,,,,,,,,,,,,,,,,,,,,,,,,3.631,474.701,,13548.729,,,,,,,,,,,,,,,,,,,,,,,,,,,,,,,,,,,,,,,
OECD (Shift),2016,,,,,,,,,,,,,,,,,,,-10.024,-1097.725,,9852.832,,,,,,,,,,,,,,,,,,,,,,,,0.546,74.996,,13805.588,,,,,,,,,,,,,,,,,,,,,,,,,,,,,,,,,,,,-2.283,-309.29,,13239.439,,,,,,,,,,,,,,,,,,,,,,,,,,,,,,,,,,,,,,,
OECD - Asia And Oceania (EIA),1980,,,,,,,,,,,,,,,,,,,,,,,,,,,,,,,,,,,,,,,,,,,,,,,,,,,,,,,,,,,,,,,,,,,,,,,,,,,,,,,,,,,,,,,,,,,,,,,,,,,,,,,6217.142,,,,,,,,,,,,,,,,,,,,,,,,
OECD - Asia And Oceania (EIA),1981,,,,,,,,,,,,,,,,,,,,,,,,,,,,0.694,43.173,,,,,,,,,,,,,,,,,,,,,,,,,,,,,,,,,,,,,,,,,,,,,,,,,,,,,,,,,,,,,,,,,,,,,,,,,,6260.314,,,,,,,,,,,,,,,,,,,,,,,,
OECD - Asia And Oceania (EIA),1982,,,,,,,,,,,,,,,,,,,,,,,,,,,,-1.408,-88.161,,,,,,,,,,,,,,,,,,,,,,,,,,,,,,,,,,,,,,,,,,,,,,,,,,,,,,,,,,,,,,,,,,,,,,,,,,6172.153,,,,,,,,,,,,,,,,,,,,,,,,
OECD - Asia And Oceania (EIA),1983,,,,,,,,,,,,,,,,,,,,,,,,,,,,-0.828,-51.077,,,,,,,,,,,,,,,,,,,,,,,,,,,,,,,,,,,,,,,,,,,,,,,,,,,,,,,,,,,,,,,,,,,,,,,,,,6121.076,,,,,,,,,,,,,,,,,,,,,,,,
OECD - Asia And Oceania (EIA),1984,,,,,,,,,,,,,,,,,,,,,,,,,,,,5.36,328.089,,,,,,,,,,,,,,,,,,,,,,,,,,,,,,,,,,,,,,,,,,,,,,,,,,,,,,,,,,,,,,,,,,,,,,,,,,6449.165,,,,,,,,,,,,,,,,,,,,,,,,
OECD - Asia And Oceania (EIA),1985,,,,,,,,,,,,,,,,,,,,,,,,,,,,1.476,95.18,,,,,,,,,,,,,,,,,,,,,,,,,,,,,,,,,,,,,,,,,,,,,,,,,,,,,,,,,,,,,,,,,,,,,,,,,,6544.345,,,,,,,,,,,,,,,,,,,,,,,,
OECD - Asia And Oceania (EIA),1986,,,,,,,,,,,,,,,,,,,,,,,,,,,,2.181,142.751,,,,,,,,,,,,,,,,,,,,,,,,,,,,,,,,,,,,,,,,,,,,,,,,,,,,,,,,,,,,,,,,,,,,,,,,,,6687.096,,,,,,,,,,,,,,,,,,,,,,,,
OECD - Asia And Oceania (EIA),1987,,,,,,,,,,,,,,,,,,,,,,,,,,,,4.154,277.75,,,,,,,,,,,,,,,,,,,,,,,,,,,,,,,,,,,,,,,,,,,,,,,,,,,,,,,,,,,,,,,,,,,,,,,,,,6964.846,,,,,,,,,,,,,,,,,,,,,,,,
OECD - Asia And Oceania (EIA),1988,,,,,,,,,,,,,,,,,,,,,,,,,,,,6.26,435.976,,,,,,,,,,,,,,,,,,,,,,,,,,,,,,,,,,,,,,,,,,,,,,,,,,,,,,,,,,,,,,,,,,,,,,,,,,7400.822,,,,,,,,,,,,,,,,,,,,,,,,
OECD - Asia And Oceania (EIA),1989,,,,,,,,,,,,,,,,,,,,,,,,,,,,4.091,302.758,,,,,,,,,,,,,,,,,,,,,,,,,,,,,,,,,,,,,,,,,,,,,,,,,,,,,,,,,,,,,,,,,,,,,,,,,,7703.58,,,,,,,,,,,,,,,,,,,,,,,,
OECD - Asia And Oceania (EIA),1990,,,,,,,,,,,,,,,,,,,,,,,,,,,,6.162,474.709,,,,,,,,,,,,,,,,,,,,,,,,,,,,,,,,,,,,,,,,,,,,,,,,,,,,,,,,,,,,,,,,,,,,,,,,,,8178.289,,,,,,,,,,,,,,,,,,,,,,,,
OECD - Asia And Oceania (EIA),1991,,,,,,,,,,,,,,,,,,,,,,,,,,,,3.29,269.062,,,,,,,,,,,,,,,,,,,,,,,,,,,,,,,,,,,,,,,,,,,,,,,,,,,,,,,,,,,,,,,,,,,,,,,,,,8447.352,,,,,,,,,,,,,,,,,,,,,,,,
OECD - Asia And Oceania (EIA),1992,,,,,,,,,,,,,,,,,,,,,,,,,,,,2.414,203.895,,,,,,,,,,,,,,,,,,,,,,,,,,,,,,,,,,,,,,,,,,,,,,,,,,,,,,,,,,,,,,,,,,,,,,,,,,8651.246,,,,,,,,,,,,,,,,,,,,,,,,
OECD - Asia And Oceania (EIA),1993,,,,,,,,,,,,,,,,,,,,,,,,,,,,2.766,239.302,,,,,,,,,,,,,,,,,,,,,,,,,,,,,,,,,,,,,,,,,,,,,,,,,,,,,,,,,,,,,,,,,,,,,,,,,,8890.548,,,,,,,,,,,,,,,,,,,,,,,,
OECD - Asia And Oceania (EIA),1994,,,,,,,,,,,,,,,,,,,,,,,,,,,,4.096,364.113,,,,,,,,,,,,,,,,,,,,,,,,,,,,,,,,,,,,,,,,,,,,,,,,,,,,,,,,,,,,,,,,,,,,,,,,,,9254.661,,,,,,,,,,,,,,,,,,,,,,,,
OECD - Asia And Oceania (EIA),1995,,,,,,,,,,,,,,,,,,,,,,,,,,,,4.232,391.685,,,,,,,,,,,,,,,,,,,,,,,,,,,,,,,,,,,,,,,,,,,,,,,,,,,,,,,,,,,,,,,,,,,,,,,,,,9646.346,,,,,,,,,,,,,,,,,,,,,,,,
OECD - Asia And Oceania (EIA),1996,,,,,,,,,,,,,,,,,,,,,,,,,,,,3.296,317.934,,,,,,,,,,,,,,,,,,,,,,,,,,,,,,,,,,,,,,,,,,,,,,,,,,,,,,,,,,,,,,,,,,,,,,,,,,9964.279,,,,,,,,,,,,,,,,,,,,,,,,
OECD - Asia And Oceania (EIA),1997,,,,,,,,,,,,,,,,,,,,,,,,,,,,3.023,301.267,,,,,,,,,,,,,,,,,,,,,,,,,,,,,,,,,,,,,,,,,,,,,,,,,,,,,,,,,,,,,,,,,,,,,,,,,,10265.546,,,,,,,,,,,,,,,,,,,,,,,,
OECD - Asia And Oceania (EIA),1998,,,,,,,,,,,,,,,,,,,,,,,,,,,,-2.4,-246.394,,,,,,,,,,,,,,,,,,,,,,,,,,,,,,,,,,,,,,,,,,,,,,,,,,,,,,,,,,,,,,,,,,,,,,,,,,10019.152,,,,,,,,,,,,,,,,,,,,,,,,
OECD - Asia And Oceania (EIA),1999,,,,,,,,,,,,,,,,,,,,,,,,,,,,3.601,360.832,,,,,,,,,,,,,,,,,,,,,,,,,,,,,,,,,,,,,,,,,,,,,,,,,,,,,,,,,,,,,,,,,,,,,,,,,,10379.984,,,,,,,,,,,,,,,,,,,,,,,,
OECD - Asia And Oceania (EIA),2000,,,,,,,,,,,,,,,,,,,,,,,,,,,,1.734,180.006,,,,,,,,,,,,,,,,,,,,,,,,,,,,,,,,,,,,,,,,,,,,,,,,,,,,,,,,,,,,,,,,,,,,,,,,,,10559.99,,,,,,,,,,,,,,,,,,,,,,,,
OECD - Asia And Oceania (EIA),2001,,,,,,,,,,,,,,,,,,,,,,,,,,,,0.213,22.47,,,,,,,,,,,,,,,,,,,,,,,,,,,,,,,,,,,,,,,,,,,,,,,,,,,,,,,,,,,,,,,,,,,,,,,,,,10582.46,,,,,,,,,,,,,,,,,,,,,,,,
OECD - Asia And Oceania (EIA),2002,,,,,,,,,,,,,,,,,,,,,,,,,,,,0.224,23.73,,,,,,,,,,,,,,,,,,,,,,,,,,,,,,,,,,,,,,,,,,,,,,,,,,,,,,,,,,,,,,,,,,,,,,,,,,10606.19,,,,,,,,,,,,,,,,,,,,,,,,
OECD - Asia And Oceania (EIA),2003,,,,,,,,,,,,,,,,,,,,,,,,,,,,1.293,137.169,,,,,,,,,,,,,,,,,,,,,,,,,,,,,,,,,,,,,,,,,,,,,,,,,,,,,,,,,,,,,,,,,,,,,,,,,,10743.359,,,,,,,,,,,,,,,,,,,,,,,,
OECD - Asia And Oceania (EIA),2004,,,,,,,,,,,,,,,,,,,,,,,,,,,,1.861,199.932,,,,,,,,,,,,,,,,,,,,,,,,,,,,,,,,,,,,,,,,,,,,,,,,,,,,,,,,,,,,,,,,,,,,,,,,,,10943.291,,,,,,,,,,,,,,,,,,,,,,,,
OECD - Asia And Oceania (EIA),2005,,,,,,,,,,,,,,,,,,,,,,,,,,,,1.366,149.528,,,,,,,,,,,,,,,,,,,,,,,,,,,,,,,,,,,,,,,,,,,,,,,,,,,,,,,,,,,,,,,,,,,,,,,,,,11092.819,,,,,,,,,,,,,,,,,,,,,,,,
OECD - Asia And Oceania (EIA),2006,,,,,,,,,,,,,,,,,,,,,,,,,,,,1.058,117.414,,,,,,,,,,,,,,,,,,,,,,,,,,,,,,,,,,,,,,,,,,,,,,,,,,,,,,,,,,,,,,,,,,,,,,,,,,11210.233,,,,,,,,,,,,,,,,,,,,,,,,
OECD - Asia And Oceania (EIA),2007,,,,,,,,,,,,,,,,,,,,,,,,,,,,0.851,95.401,,,,,,,,,,,,,,,,,,,,,,,,,,,,,,,,,,,,,,,,,,,,,,,,,,,,,,,,,,,,,,,,,,,,,,,,,,11305.635,,,,,,,,,,,,,,,,,,,,,,,,
OECD - Asia And Oceania (EIA),2008,,,,,,,,,,,,,,,,,,,,,,,,,,,,-2.167,-244.98,,,,,,,,,,,,,,,,,,,,,,,,,,,,,,,,,,,,,,,,,,,,,,,,,,,,,,,,,,,,,,,,,,,,,,,,,,11060.654,,,,,,,,,,,,,,,,,,,,,,,,
OECD - Asia And Oceania (EIA),2009,,,,,,,,,,,,,,,,,,,,,,,,,,,,-1.923,-212.705,,,,,,,,,,,,,,,,,,,,,,,,,,,,,,,,,,,,,,,,,,,,,,,,,,,,,,,,,,,,,,,,,,,,,,,,,,10847.949,,,,,,,,,,,,,,,,,,,,,,,,
OECD - Asia And Oceania (EIA),2010,,,,,,,,,,,,,,,,,,,,,,,,,,,,5.128,556.235,,,,,,,,,,,,,,,,,,,,,,,,,,,,,,,,,,,,,,,,,,,,,,,,,,,,,,,,,,,,,,,,,,,,,,,,,,11404.185,,,,,,,,,,,,,,,,,,,,,,,,
OECD - Asia And Oceania (EIA),2011,,,,,,,,,,,,,,,,,,,,,,,,,,,,-0.413,-47.087,,,,,,,,,,,,,,,,,,,,,,,,,,,,,,,,,,,,,,,,,,,,,,,,,,,,,,,,,,,,,,,,,,,,,,,,,,11357.098,,,,,,,,,,,,,,,,,,,,,,,,
OECD - Asia And Oceania (EIA),2012,,,,,,,,,,,,,,,,,,,,,,,,,,,,-0.544,-61.815,,,,,,,,,,,,,,,,,,,,,,,,,,,,,,,,,,,,,,,,,,,,,,,,,,,,,,,,,,,,,,,,,,,,,,,,,,11295.282,,,,,,,,,,,,,,,,,,,,,,,,
OECD - Asia And Oceania (EIA),2013,,,,,,,,,,,,,,,,,,,,,,,,,,,,-0.106,-12.016,,,,,,,,,,,,,,,,,,,,,,,,,,,,,,,,,,,,,,,,,,,,,,,,,,,,,,,,,,,,,,,,,,,,,,,,,,11283.267,,,,,,,,,,,,,,,,,,,,,,,,
OECD - Asia And Oceania (EIA),2014,,,,,,,,,,,,,,,,,,,,,,,,,,,,-1.153,-130.129,,,,,,,,,,,,,,,,,,,,,,,,,,,,,,,,,,,,,,,,,,,,,,,,,,,,,,,,,,,,,,,,,,,,,,,,,,11153.138,,,,,,,,,,,,,,,,,,,,,,,,
OECD - Asia And Oceania (EIA),2015,,,,,,,,,,,,,,,,,,,,,,,,,,,,-0.175,-19.562,,,,,,,,,,,,,,,,,,,,,,,,,,,,,,,,,,,,,,,,,,,,,,,,,,,,,,,,,,,,,,,,,,,,,,,,,,11133.576,,,,,,,,,,,,,,,,,,,,,,,,
OECD - Asia And Oceania (EIA),2016,,,,,,,,,,,,,,,,,,,,,,,,,,,,1.738,193.449,,,,,,,,,,,,,,,,,,,,,,,,,,,,,,,,,,,,,,,,,,,,,,,,,,,,,,,,,,,,,,,,,,,,,,,,,,11327.025,,,,,,,,,,,,,,,,,,,,,,,,
OECD - Asia And Oceania (EIA),2017,,,,,,,,,,,,,,,,,,,,,,,,,,,,0.792,89.682,,,,,,,,,,,,,,,,,,,,,,,,,,,,,,,,,,,,,,,,,,,,,,,,,,,,,,,,,,,,,,,,,,,,,,,,,,11416.707,,,,,,,,,,,,,,,,,,,,,,,,
OECD - Asia And Oceania (EIA),2018,,,,,,,,,,,,,,,,,,,,,,,,,,,,-0.396,-45.18,,,,,,,,,,,,,,,,,,,,,,,,,,,,,,,,,,,,,,,,,,,,,,,,,,,,,,,,,,,,,,,,,,,,,,,,,,11371.527,,,,,,,,,,,,,,,,,,,,,,,,
OECD - Asia And Oceania (EIA),2019,,,,,,,,,,,,,,,,,,,,,,,,,,,,-0.774,-87.983,,,,,,,,,,,,,,,,,,,,,,,,,,,,,,,,,,,,,,,,,,,,,,,,,,,,,,,,,,,,,,,,,,,,,,,,,,11283.544,,,,,,,,,,,,,,,,,,,,,,,,
OECD - Asia And Oceania (EIA),2020,,,,,,,,,,,,,,,,,,,,,,,,,,,,-5.072,-572.304,,,,,,,,,,,,,,,,,,,,,,,,,,,,,,,,,,,,,,,,,,,,,,,,,,,,,,,,,,,,,,,,,,,,,,,,,,10711.24,,,,,,,,,,,,,,,,,,,,,,,,
OECD - Asia And Oceania (EIA),2021,,,,,,,,,,,,,,,,,,,,,,,,,,,,2.929,313.696,,,,,,,,,,,,,,,,,,,,,,,,,,,,,,,,,,,,,,,,,,,,,,,,,,,,,,,,,,,,,,,,,,,,,,,,,,11024.937,,,,,,,,,,,,,,,,,,,,,,,,
OECD - Europe (EIA),1980,,,,,,,,,,,,,,,,,,,,,,,,,,,,,,,,,,,,,,,,,,,,,,,,,,,,,,,,,,,,,,,,,,,,,,,,,,,,,,,,,,,,,,,,,,,,,,,,,,,,,,,20230.99,,,,,,,,,,,,,,,,,,,,,,,,
OECD - Europe (EIA),1981,,,,,,,,,,,,,,,,,,,,,,,,,,,,-3.617,-731.658,,,,,,,,,,,,,,,,,,,,,,,,,,,,,,,,,,,,,,,,,,,,,,,,,,,,,,,,,,,,,,,,,,,,,,,,,,19499.332,,,,,,,,,,,,,,,,,,,,,,,,
OECD - Europe (EIA),1982,,,,,,,,,,,,,,,,,,,,,,,,,,,,-0.948,-184.92,,,,,,,,,,,,,,,,,,,,,,,,,,,,,,,,,,,,,,,,,,,,,,,,,,,,,,,,,,,,,,,,,,,,,,,,,,19314.412,,,,,,,,,,,,,,,,,,,,,,,,
OECD - Europe (EIA),1983,,,,,,,,,,,,,,,,,,,,,,,,,,,,0.35,67.645,,,,,,,,,,,,,,,,,,,,,,,,,,,,,,,,,,,,,,,,,,,,,,,,,,,,,,,,,,,,,,,,,,,,,,,,,,19382.057,,,,,,,,,,,,,,,,,,,,,,,,
OECD - Europe (EIA),1984,,,,,,,,,,,,,,,,,,,,,,,,,,,,1.258,243.74,,,,,,,,,,,,,,,,,,,,,,,,,,,,,,,,,,,,,,,,,,,,,,,,,,,,,,,,,,,,,,,,,,,,,,,,,,19625.797,,,,,,,,,,,,,,,,,,,,,,,,
OECD - Europe (EIA),1985,,,,,,,,,,,,,,,,,,,,,,,,,,,,3.419,670.932,,,,,,,,,,,,,,,,,,,,,,,,,,,,,,,,,,,,,,,,,,,,,,,,,,,,,,,,,,,,,,,,,,,,,,,,,,20296.729,,,,,,,,,,,,,,,,,,,,,,,,
OECD - Europe (EIA),1986,,,,,,,,,,,,,,,,,,,,,,,,,,,,2.351,477.268,,,,,,,,,,,,,,,,,,,,,,,,,,,,,,,,,,,,,,,,,,,,,,,,,,,,,,,,,,,,,,,,,,,,,,,,,,20773.996,,,,,,,,,,,,,,,,,,,,,,,,
OECD - Europe (EIA),1987,,,,,,,,,,,,,,,,,,,,,,,,,,,,1.873,389.045,,,,,,,,,,,,,,,,,,,,,,,,,,,,,,,,,,,,,,,,,,,,,,,,,,,,,,,,,,,,,,,,,,,,,,,,,,21163.041,,,,,,,,,,,,,,,,,,,,,,,,
OECD - Europe (EIA),1988,,,,,,,,,,,,,,,,,,,,,,,,,,,,0.939,198.723,,,,,,,,,,,,,,,,,,,,,,,,,,,,,,,,,,,,,,,,,,,,,,,,,,,,,,,,,,,,,,,,,,,,,,,,,,21361.764,,,,,,,,,,,,,,,,,,,,,,,,
OECD - Europe (EIA),1989,,,,,,,,,,,,,,,,,,,,,,,,,,,,0.17,36.395,,,,,,,,,,,,,,,,,,,,,,,,,,,,,,,,,,,,,,,,,,,,,,,,,,,,,,,,,,,,,,,,,,,,,,,,,,21398.158,,,,,,,,,,,,,,,,,,,,,,,,
OECD - Europe (EIA),1990,,,,,,,,,,,,,,,,,,,,,,,,,,,,-0.409,-87.457,,,,,,,,,,,,,,,,,,,,,,,,,,,,,,,,,,,,,,,,,,,,,,,,,,,,,,,,,,,,,,,,,,,,,,,,,,21310.701,,,,,,,,,,,,,,,,,,,,,,,,
OECD - Europe (EIA),1991,,,,,,,,,,,,,,,,,,,,,,,,,,,,-0.798,-170.109,,,,,,,,,,,,,,,,,,,,,,,,,,,,,,,,,,,,,,,,,,,,,,,,,,,,,,,,,,,,,,,,,,,,,,,,,,21140.592,,,,,,,,,,,,,,,,,,,,,,,,
OECD - Europe (EIA),1992,,,,,,,,,,,,,,,,,,,,,,,,,,,,0.65,137.312,,,,,,,,,,,,,,,,,,,,,,,,,,,,,,,,,,,,,,,,,,,,,,,,,,,,,,,,,,,,,,,,,,,,,,,,,,21277.904,,,,,,,,,,,,,,,,,,,,,,,,
OECD - Europe (EIA),1993,,,,,,,,,,,,,,,,,,,,,,,,,,,,0.052,11.105,,,,,,,,,,,,,,,,,,,,,,,,,,,,,,,,,,,,,,,,,,,,,,,,,,,,,,,,,,,,,,,,,,,,,,,,,,21289.01,,,,,,,,,,,,,,,,,,,,,,,,
OECD - Europe (EIA),1994,,,,,,,,,,,,,,,,,,,,,,,,,,,,0.066,14.111,,,,,,,,,,,,,,,,,,,,,,,,,,,,,,,,,,,,,,,,,,,,,,,,,,,,,,,,,,,,,,,,,,,,,,,,,,21303.121,,,,,,,,,,,,,,,,,,,,,,,,
OECD - Europe (EIA),1995,,,,,,,,,,,,,,,,,,,,,,,,,,,,2.564,546.256,,,,,,,,,,,,,,,,,,,,,,,,,,,,,,,,,,,,,,,,,,,,,,,,,,,,,,,,,,,,,,,,,,,,,,,,,,21849.377,,,,,,,,,,,,,,,,,,,,,,,,
OECD - Europe (EIA),1996,,,,,,,,,,,,,,,,,,,,,,,,,,,,3.113,680.248,,,,,,,,,,,,,,,,,,,,,,,,,,,,,,,,,,,,,,,,,,,,,,,,,,,,,,,,,,,,,,,,,,,,,,,,,,22529.625,,,,,,,,,,,,,,,,,,,,,,,,
OECD - Europe (EIA),1997,,,,,,,,,,,,,,,,,,,,,,,,,,,,-0.369,-83.191,,,,,,,,,,,,,,,,,,,,,,,,,,,,,,,,,,,,,,,,,,,,,,,,,,,,,,,,,,,,,,,,,,,,,,,,,,22446.434,,,,,,,,,,,,,,,,,,,,,,,,
OECD - Europe (EIA),1998,,,,,,,,,,,,,,,,,,,,,,,,,,,,1.131,253.814,,,,,,,,,,,,,,,,,,,,,,,,,,,,,,,,,,,,,,,,,,,,,,,,,,,,,,,,,,,,,,,,,,,,,,,,,,22700.248,,,,,,,,,,,,,,,,,,,,,,,,
OECD - Europe (EIA),1999,,,,,,,,,,,,,,,,,,,,,,,,,,,,-0.204,-46.264,,,,,,,,,,,,,,,,,,,,,,,,,,,,,,,,,,,,,,,,,,,,,,,,,,,,,,,,,,,,,,,,,,,,,,,,,,22653.984,,,,,,,,,,,,,,,,,,,,,,,,
OECD - Europe (EIA),2000,,,,,,,,,,,,,,,,,,,,,,,,,,,,1.311,296.91,,,,,,,,,,,,,,,,,,,,,,,,,,,,,,,,,,,,,,,,,,,,,,,,,,,,,,,,,,,,,,,,,,,,,,,,,,22950.895,,,,,,,,,,,,,,,,,,,,,,,,
OECD - Europe (EIA),2001,,,,,,,,,,,,,,,,,,,,,,,,,,,,1.54,353.445,,,,,,,,,,,,,,,,,,,,,,,,,,,,,,,,,,,,,,,,,,,,,,,,,,,,,,,,,,,,,,,,,,,,,,,,,,23304.34,,,,,,,,,,,,,,,,,,,,,,,,
OECD - Europe (EIA),2002,,,,,,,,,,,,,,,,,,,,,,,,,,,,-0.258,-60.064,,,,,,,,,,,,,,,,,,,,,,,,,,,,,,,,,,,,,,,,,,,,,,,,,,,,,,,,,,,,,,,,,,,,,,,,,,23244.275,,,,,,,,,,,,,,,,,,,,,,,,
OECD - Europe (EIA),2003,,,,,,,,,,,,,,,,,,,,,,,,,,,,1.564,363.637,,,,,,,,,,,,,,,,,,,,,,,,,,,,,,,,,,,,,,,,,,,,,,,,,,,,,,,,,,,,,,,,,,,,,,,,,,23607.912,,,,,,,,,,,,,,,,,,,,,,,,
OECD - Europe (EIA),2004,,,,,,,,,,,,,,,,,,,,,,,,,,,,1.846,435.848,,,,,,,,,,,,,,,,,,,,,,,,,,,,,,,,,,,,,,,,,,,,,,,,,,,,,,,,,,,,,,,,,,,,,,,,,,24043.76,,,,,,,,,,,,,,,,,,,,,,,,
OECD - Europe (EIA),2005,,,,,,,,,,,,,,,,,,,,,,,,,,,,0.454,109.133,,,,,,,,,,,,,,,,,,,,,,,,,,,,,,,,,,,,,,,,,,,,,,,,,,,,,,,,,,,,,,,,,,,,,,,,,,24152.893,,,,,,,,,,,,,,,,,,,,,,,,
OECD - Europe (EIA),2006,,,,,,,,,,,,,,,,,,,,,,,,,,,,0.585,141.182,,,,,,,,,,,,,,,,,,,,,,,,,,,,,,,,,,,,,,,,,,,,,,,,,,,,,,,,,,,,,,,,,,,,,,,,,,24294.074,,,,,,,,,,,,,,,,,,,,,,,,
OECD - Europe (EIA),2007,,,,,,,,,,,,,,,,,,,,,,,,,,,,-0.624,-151.547,,,,,,,,,,,,,,,,,,,,,,,,,,,,,,,,,,,,,,,,,,,,,,,,,,,,,,,,,,,,,,,,,,,,,,,,,,24142.527,,,,,,,,,,,,,,,,,,,,,,,,
OECD - Europe (EIA),2008,,,,,,,,,,,,,,,,,,,,,,,,,,,,-0.192,-46.363,,,,,,,,,,,,,,,,,,,,,,,,,,,,,,,,,,,,,,,,,,,,,,,,,,,,,,,,,,,,,,,,,,,,,,,,,,24096.164,,,,,,,,,,,,,,,,,,,,,,,,
OECD - Europe (EIA),2009,,,,,,,,,,,,,,,,,,,,,,,,,,,,-5.316,-1280.891,,,,,,,,,,,,,,,,,,,,,,,,,,,,,,,,,,,,,,,,,,,,,,,,,,,,,,,,,,,,,,,,,,,,,,,,,,22815.273,,,,,,,,,,,,,,,,,,,,,,,,
OECD - Europe (EIA),2010,,,,,,,,,,,,,,,,,,,,,,,,,,,,3.83,873.76,,,,,,,,,,,,,,,,,,,,,,,,,,,,,,,,,,,,,,,,,,,,,,,,,,,,,,,,,,,,,,,,,,,,,,,,,,23689.033,,,,,,,,,,,,,,,,,,,,,,,,
OECD - Europe (EIA),2011,,,,,,,,,,,,,,,,,,,,,,,,,,,,-3.013,-713.689,,,,,,,,,,,,,,,,,,,,,,,,,,,,,,,,,,,,,,,,,,,,,,,,,,,,,,,,,,,,,,,,,,,,,,,,,,22975.344,,,,,,,,,,,,,,,,,,,,,,,,
OECD - Europe (EIA),2012,,,,,,,,,,,,,,,,,,,,,,,,,,,,-0.219,-50.297,,,,,,,,,,,,,,,,,,,,,,,,,,,,,,,,,,,,,,,,,,,,,,,,,,,,,,,,,,,,,,,,,,,,,,,,,,22925.047,,,,,,,,,,,,,,,,,,,,,,,,
OECD - Europe (EIA),2013,,,,,,,,,,,,,,,,,,,,,,,,,,,,-0.261,-59.777,,,,,,,,,,,,,,,,,,,,,,,,,,,,,,,,,,,,,,,,,,,,,,,,,,,,,,,,,,,,,,,,,,,,,,,,,,22865.27,,,,,,,,,,,,,,,,,,,,,,,,
OECD - Europe (EIA),2014,,,,,,,,,,,,,,,,,,,,,,,,,,,,-2.897,-662.488,,,,,,,,,,,,,,,,,,,,,,,,,,,,,,,,,,,,,,,,,,,,,,,,,,,,,,,,,,,,,,,,,,,,,,,,,,22202.781,,,,,,,,,,,,,,,,,,,,,,,,
OECD - Europe (EIA),2015,,,,,,,,,,,,,,,,,,,,,,,,,,,,1.506,334.357,,,,,,,,,,,,,,,,,,,,,,,,,,,,,,,,,,,,,,,,,,,,,,,,,,,,,,,,,,,,,,,,,,,,,,,,,,22537.139,,,,,,,,,,,,,,,,,,,,,,,,
OECD - Europe (EIA),2016,,,,,,,,,,,,,,,,,,,,,,,,,,,,0.885,199.488,,,,,,,,,,,,,,,,,,,,,,,,,,,,,,,,,,,,,,,,,,,,,,,,,,,,,,,,,,,,,,,,,,,,,,,,,,22736.627,,,,,,,,,,,,,,,,,,,,,,,,
OECD - Europe (EIA),2017,,,,,,,,,,,,,,,,,,,,,,,,,,,,2.084,473.74,,,,,,,,,,,,,,,,,,,,,,,,,,,,,,,,,,,,,,,,,,,,,,,,,,,,,,,,,,,,,,,,,,,,,,,,,,23210.367,,,,,,,,,,,,,,,,,,,,,,,,
OECD - Europe (EIA),2018,,,,,,,,,,,,,,,,,,,,,,,,,,,,-0.607,-140.918,,,,,,,,,,,,,,,,,,,,,,,,,,,,,,,,,,,,,,,,,,,,,,,,,,,,,,,,,,,,,,,,,,,,,,,,,,23069.449,,,,,,,,,,,,,,,,,,,,,,,,
OECD - Europe (EIA),2019,,,,,,,,,,,,,,,,,,,,,,,,,,,,-1.674,-386.078,,,,,,,,,,,,,,,,,,,,,,,,,,,,,,,,,,,,,,,,,,,,,,,,,,,,,,,,,,,,,,,,,,,,,,,,,,22683.371,,,,,,,,,,,,,,,,,,,,,,,,
OECD - Europe (EIA),2020,,,,,,,,,,,,,,,,,,,,,,,,,,,,-7.624,-1729.314,,,,,,,,,,,,,,,,,,,,,,,,,,,,,,,,,,,,,,,,,,,,,,,,,,,,,,,,,,,,,,,,,,,,,,,,,,20954.057,,,,,,,,,,,,,,,,,,,,,,,,
OECD - Europe (EIA),2021,,,,,,,,,,,,,,,,,,,,,,,,,,,,4.382,918.213,,,,,,,,,,,,,,,,,,,,,,,,,,,,,,,,,,,,,,,,,,,,,,,,,,,,,,,,,,,,,,,,,,,,,,,,,,21872.27,,,,,,,,,,,,,,,,,,,,,,,,
OECD - North America (EIA),1980,,,,,,,,,,,,,,,,,,,,,,,,,,,,,,,,,,,,,,,,,,,,,,,,,,,,,,,,,,,,,,,,,,,,,,,,,,,,,,,,,,,,,,,,,,,,,,,,,,,,,,,26789.521,,,,,,,,,,,,,,,,,,,,,,,,
OECD - North America (EIA),1981,,,,,,,,,,,,,,,,,,,,,,,,,,,,-1.828,-489.666,,,,,,,,,,,,,,,,,,,,,,,,,,,,,,,,,,,,,,,,,,,,,,,,,,,,,,,,,,,,,,,,,,,,,,,,,,26299.855,,,,,,,,,,,,,,,,,,,,,,,,
OECD - North America (EIA),1982,,,,,,,,,,,,,,,,,,,,,,,,,,,,-3.527,-927.566,,,,,,,,,,,,,,,,,,,,,,,,,,,,,,,,,,,,,,,,,,,,,,,,,,,,,,,,,,,,,,,,,,,,,,,,,,25372.289,,,,,,,,,,,,,,,,,,,,,,,,
OECD - North America (EIA),1983,,,,,,,,,,,,,,,,,,,,,,,,,,,,-0.546,-138.428,,,,,,,,,,,,,,,,,,,,,,,,,,,,,,,,,,,,,,,,,,,,,,,,,,,,,,,,,,,,,,,,,,,,,,,,,,25233.861,,,,,,,,,,,,,,,,,,,,,,,,
OECD - North America (EIA),1984,,,,,,,,,,,,,,,,,,,,,,,,,,,,4.937,1245.896,,,,,,,,,,,,,,,,,,,,,,,,,,,,,,,,,,,,,,,,,,,,,,,,,,,,,,,,,,,,,,,,,,,,,,,,,,26479.758,,,,,,,,,,,,,,,,,,,,,,,,
OECD - North America (EIA),1985,,,,,,,,,,,,,,,,,,,,,,,,,,,,0.401,106.191,,,,,,,,,,,,,,,,,,,,,,,,,,,,,,,,,,,,,,,,,,,,,,,,,,,,,,,,,,,,,,,,,,,,,,,,,,26585.949,,,,,,,,,,,,,,,,,,,,,,,,
OECD - North America (EIA),1986,,,,,,,,,,,,,,,,,,,,,,,,,,,,0.352,93.637,,,,,,,,,,,,,,,,,,,,,,,,,,,,,,,,,,,,,,,,,,,,,,,,,,,,,,,,,,,,,,,,,,,,,,,,,,26679.586,,,,,,,,,,,,,,,,,,,,,,,,
OECD - North America (EIA),1987,,,,,,,,,,,,,,,,,,,,,,,,,,,,3.096,825.936,,,,,,,,,,,,,,,,,,,,,,,,,,,,,,,,,,,,,,,,,,,,,,,,,,,,,,,,,,,,,,,,,,,,,,,,,,27505.521,,,,,,,,,,,,,,,,,,,,,,,,
OECD - North America (EIA),1988,,,,,,,,,,,,,,,,,,,,,,,,,,,,4.456,1225.621,,,,,,,,,,,,,,,,,,,,,,,,,,,,,,,,,,,,,,,,,,,,,,,,,,,,,,,,,,,,,,,,,,,,,,,,,,28731.143,,,,,,,,,,,,,,,,,,,,,,,,
OECD - North America (EIA),1989,,,,,,,,,,,,,,,,,,,,,,,,,,,,2.522,724.607,,,,,,,,,,,,,,,,,,,,,,,,,,,,,,,,,,,,,,,,,,,,,,,,,,,,,,,,,,,,,,,,,,,,,,,,,,29455.75,,,,,,,,,,,,,,,,,,,,,,,,
OECD - North America (EIA),1990,,,,,,,,,,,,,,,,,,,,,,,,,,,,-0.642,-189.064,,,,,,,,,,,,,,,,,,,,,,,,,,,,,,,,,,,,,,,,,,,,,,,,,,,,,,,,,,,,,,,,,,,,,,,,,,29266.686,,,,,,,,,,,,,,,,,,,,,,,,
OECD - North America (EIA),1991,,,,,,,,,,,,,,,,,,,,,,,,,,,,0.352,103.113,,,,,,,,,,,,,,,,,,,,,,,,,,,,,,,,,,,,,,,,,,,,,,,,,,,,,,,,,,,,,,,,,,,,,,,,,,29369.799,,,,,,,,,,,,,,,,,,,,,,,,
OECD - North America (EIA),1992,,,,,,,,,,,,,,,,,,,,,,,,,,,,1.688,495.869,,,,,,,,,,,,,,,,,,,,,,,,,,,,,,,,,,,,,,,,,,,,,,,,,,,,,,,,,,,,,,,,,,,,,,,,,,29865.668,,,,,,,,,,,,,,,,,,,,,,,,
OECD - North America (EIA),1993,,,,,,,,,,,,,,,,,,,,,,,,,,,,2.072,618.779,,,,,,,,,,,,,,,,,,,,,,,,,,,,,,,,,,,,,,,,,,,,,,,,,,,,,,,,,,,,,,,,,,,,,,,,,,30484.447,,,,,,,,,,,,,,,,,,,,,,,,
OECD - North America (EIA),1994,,,,,,,,,,,,,,,,,,,,,,,,,,,,2.296,700.043,,,,,,,,,,,,,,,,,,,,,,,,,,,,,,,,,,,,,,,,,,,,,,,,,,,,,,,,,,,,,,,,,,,,,,,,,,31184.49,,,,,,,,,,,,,,,,,,,,,,,,
OECD - North America (EIA),1995,,,,,,,,,,,,,,,,,,,,,,,,,,,,1.832,571.184,,,,,,,,,,,,,,,,,,,,,,,,,,,,,,,,,,,,,,,,,,,,,,,,,,,,,,,,,,,,,,,,,,,,,,,,,,31755.674,,,,,,,,,,,,,,,,,,,,,,,,
OECD - North America (EIA),1996,,,,,,,,,,,,,,,,,,,,,,,,,,,,3.252,1032.721,,,,,,,,,,,,,,,,,,,,,,,,,,,,,,,,,,,,,,,,,,,,,,,,,,,,,,,,,,,,,,,,,,,,,,,,,,32788.395,,,,,,,,,,,,,,,,,,,,,,,,
OECD - North America (EIA),1997,,,,,,,,,,,,,,,,,,,,,,,,,,,,0.603,197.566,,,,,,,,,,,,,,,,,,,,,,,,,,,,,,,,,,,,,,,,,,,,,,,,,,,,,,,,,,,,,,,,,,,,,,,,,,32985.961,,,,,,,,,,,,,,,,,,,,,,,,
OECD - North America (EIA),1998,,,,,,,,,,,,,,,,,,,,,,,,,,,,0.477,157.352,,,,,,,,,,,,,,,,,,,,,,,,,,,,,,,,,,,,,,,,,,,,,,,,,,,,,,,,,,,,,,,,,,,,,,,,,,33143.312,,,,,,,,,,,,,,,,,,,,,,,,
OECD - North America (EIA),1999,,,,,,,,,,,,,,,,,,,,,,,,,,,,2.002,663.672,,,,,,,,,,,,,,,,,,,,,,,,,,,,,,,,,,,,,,,,,,,,,,,,,,,,,,,,,,,,,,,,,,,,,,,,,,33806.984,,,,,,,,,,,,,,,,,,,,,,,,
OECD - North America (EIA),2000,,,,,,,,,,,,,,,,,,,,,,,,,,,,2.081,703.543,,,,,,,,,,,,,,,,,,,,,,,,,,,,,,,,,,,,,,,,,,,,,,,,,,,,,,,,,,,,,,,,,,,,,,,,,,34510.527,,,,,,,,,,,,,,,,,,,,,,,,
OECD - North America (EIA),2001,,,,,,,,,,,,,,,,,,,,,,,,,,,,-2.154,-743.512,,,,,,,,,,,,,,,,,,,,,,,,,,,,,,,,,,,,,,,,,,,,,,,,,,,,,,,,,,,,,,,,,,,,,,,,,,33767.016,,,,,,,,,,,,,,,,,,,,,,,,
OECD - North America (EIA),2002,,,,,,,,,,,,,,,,,,,,,,,,,,,,1.534,517.93,,,,,,,,,,,,,,,,,,,,,,,,,,,,,,,,,,,,,,,,,,,,,,,,,,,,,,,,,,,,,,,,,,,,,,,,,,34284.945,,,,,,,,,,,,,,,,,,,,,,,,
OECD - North America (EIA),2003,,,,,,,,,,,,,,,,,,,,,,,,,,,,0.67,229.602,,,,,,,,,,,,,,,,,,,,,,,,,,,,,,,,,,,,,,,,,,,,,,,,,,,,,,,,,,,,,,,,,,,,,,,,,,34514.547,,,,,,,,,,,,,,,,,,,,,,,,
OECD - North America (EIA),2004,,,,,,,,,,,,,,,,,,,,,,,,,,,,2.244,774.562,,,,,,,,,,,,,,,,,,,,,,,,,,,,,,,,,,,,,,,,,,,,,,,,,,,,,,,,,,,,,,,,,,,,,,,,,,35289.109,,,,,,,,,,,,,,,,,,,,,,,,
OECD - North America (EIA),2005,,,,,,,,,,,,,,,,,,,,,,,,,,,,0.43,151.656,,,,,,,,,,,,,,,,,,,,,,,,,,,,,,,,,,,,,,,,,,,,,,,,,,,,,,,,,,,,,,,,,,,,,,,,,,35440.766,,,,,,,,,,,,,,,,,,,,,,,,
OECD - North America (EIA),2006,,,,,,,,,,,,,,,,,,,,,,,,,,,,-0.245,-86.77,,,,,,,,,,,,,,,,,,,,,,,,,,,,,,,,,,,,,,,,,,,,,,,,,,,,,,,,,,,,,,,,,,,,,,,,,,35353.996,,,,,,,,,,,,,,,,,,,,,,,,
OECD - North America (EIA),2007,,,,,,,,,,,,,,,,,,,,,,,,,,,,1.287,455.07,,,,,,,,,,,,,,,,,,,,,,,,,,,,,,,,,,,,,,,,,,,,,,,,,,,,,,,,,,,,,,,,,,,,,,,,,,35809.066,,,,,,,,,,,,,,,,,,,,,,,,
OECD - North America (EIA),2008,,,,,,,,,,,,,,,,,,,,,,,,,,,,-1.925,-689.434,,,,,,,,,,,,,,,,,,,,,,,,,,,,,,,,,,,,,,,,,,,,,,,,,,,,,,,,,,,,,,,,,,,,,,,,,,35119.633,,,,,,,,,,,,,,,,,,,,,,,,
OECD - North America (EIA),2009,,,,,,,,,,,,,,,,,,,,,,,,,,,,-4.267,-1498.488,,,,,,,,,,,,,,,,,,,,,,,,,,,,,,,,,,,,,,,,,,,,,,,,,,,,,,,,,,,,,,,,,,,,,,,,,,33621.145,,,,,,,,,,,,,,,,,,,,,,,,
OECD - North America (EIA),2010,,,,,,,,,,,,,,,,,,,,,,,,,,,,3.511,1180.312,,,,,,,,,,,,,,,,,,,,,,,,,,,,,,,,,,,,,,,,,,,,,,,,,,,,,,,,,,,,,,,,,,,,,,,,,,34801.457,,,,,,,,,,,,,,,,,,,,,,,,
OECD - North America (EIA),2011,,,,,,,,,,,,,,,,,,,,,,,,,,,,-0.078,-27.109,,,,,,,,,,,,,,,,,,,,,,,,,,,,,,,,,,,,,,,,,,,,,,,,,,,,,,,,,,,,,,,,,,,,,,,,,,34774.348,,,,,,,,,,,,,,,,,,,,,,,,
OECD - North America (EIA),2012,,,,,,,,,,,,,,,,,,,,,,,,,,,,-1.941,-674.98,,,,,,,,,,,,,,,,,,,,,,,,,,,,,,,,,,,,,,,,,,,,,,,,,,,,,,,,,,,,,,,,,,,,,,,,,,34099.367,,,,,,,,,,,,,,,,,,,,,,,,
OECD - North America (EIA),2013,,,,,,,,,,,,,,,,,,,,,,,,,,,,2.791,951.781,,,,,,,,,,,,,,,,,,,,,,,,,,,,,,,,,,,,,,,,,,,,,,,,,,,,,,,,,,,,,,,,,,,,,,,,,,35051.148,,,,,,,,,,,,,,,,,,,,,,,,
OECD - North America (EIA),2014,,,,,,,,,,,,,,,,,,,,,,,,,,,,0.987,346.098,,,,,,,,,,,,,,,,,,,,,,,,,,,,,,,,,,,,,,,,,,,,,,,,,,,,,,,,,,,,,,,,,,,,,,,,,,35397.246,,,,,,,,,,,,,,,,,,,,,,,,
OECD - North America (EIA),2015,,,,,,,,,,,,,,,,,,,,,,,,,,,,-0.711,-251.789,,,,,,,,,,,,,,,,,,,,,,,,,,,,,,,,,,,,,,,,,,,,,,,,,,,,,,,,,,,,,,,,,,,,,,,,,,35145.457,,,,,,,,,,,,,,,,,,,,,,,,
OECD - North America (EIA),2016,,,,,,,,,,,,,,,,,,,,,,,,,,,,-0.013,-4.719,,,,,,,,,,,,,,,,,,,,,,,,,,,,,,,,,,,,,,,,,,,,,,,,,,,,,,,,,,,,,,,,,,,,,,,,,,35140.738,,,,,,,,,,,,,,,,,,,,,,,,
OECD - North America (EIA),2017,,,,,,,,,,,,,,,,,,,,,,,,,,,,0.56,196.785,,,,,,,,,,,,,,,,,,,,,,,,,,,,,,,,,,,,,,,,,,,,,,,,,,,,,,,,,,,,,,,,,,,,,,,,,,35337.523,,,,,,,,,,,,,,,,,,,,,,,,
OECD - North America (EIA),2018,,,,,,,,,,,,,,,,,,,,,,,,,,,,3.015,1065.328,,,,,,,,,,,,,,,,,,,,,,,,,,,,,,,,,,,,,,,,,,,,,,,,,,,,,,,,,,,,,,,,,,,,,,,,,,36402.852,,,,,,,,,,,,,,,,,,,,,,,,
OECD - North America (EIA),2019,,,,,,,,,,,,,,,,,,,,,,,,,,,,-0.858,-312.273,,,,,,,,,,,,,,,,,,,,,,,,,,,,,,,,,,,,,,,,,,,,,,,,,,,,,,,,,,,,,,,,,,,,,,,,,,36090.578,,,,,,,,,,,,,,,,,,,,,,,,
OECD - North America (EIA),2020,,,,,,,,,,,,,,,,,,,,,,,,,,,,-7.542,-2722.09,,,,,,,,,,,,,,,,,,,,,,,,,,,,,,,,,,,,,,,,,,,,,,,,,,,,,,,,,,,,,,,,,,,,,,,,,,33368.488,,,,,,,,,,,,,,,,,,,,,,,,
OECD - North America (EIA),2021,,,,,,,,,,,,,,,,,,,,,,,,,,,,4.627,1544.094,,,,,,,,,,,,,,,,,,,,,,,,,,,,,,,,,,,,,,,,,,,,,,,,,,,,,,,,,,,,,,,,,,,,,,,,,,34912.582,,,,,,,,,,,,,,,,,,,,,,,,
OPEC (EI),1965,,,,,,,,,,,,,,,,,,,,,,,,,,,,,,,,,,,,,,,,,,,,,,,,,,,,,,,,,,,,,,,,,,,,,,,,,,,,,,,,,,,,,,,,7998.788,,,,,,,,,,,,,,,,,,,,,,,,,,,,,,,,,,,,,,,
OPEC (EI),1966,,,,,,,,,,,,,,,,,,,,,,,,,,,,,,,,,,,,,,,,,,,,,,,,,,,,,,,,,,,,,,,,,,,,,,,,,,,,,,,,,,,,,9.953,796.128,,8794.916,,,,,,,,,,,,,,,,,,,,,,,,,,,,,,,,,,,,,,,
OPEC (EI),1967,,,,,,,,,,,,,,,,,,,,,,,,,,,,,,,,,,,,,,,,,,,,,,,,,,,,,,,,,,,,,,,,,,,,,,,,,,,,,,,,,,,,,6.564,577.27,,9372.186,,,,,,,,,,,,,,,,,,,,,,,,,,,,,,,,,,,,,,,
OPEC (EI),1968,,,,,,,,,,,,,,,,,,,,,,,,,,,,,,,,,,,,,,,,,,,,,,,,,,,,,,,,,,,,,,,,,,,,,,,,,,,,,,,,,,,,,11.55,1082.503,,10454.688,,,,,,,,,,,,,,,,,,,,,,,,,,,,,,,,,,,,,,,
OPEC (EI),1969,,,,,,,,,,,,,,,,,,,,,,,,,,,,,,,,,,,,,,,,,,,,,,,,,,,,,,,,,,,,,,,,,,,,,,,,,,,,,,,,,,,,,10.722,1120.904,,11575.593,,,,,,,,,,,,,,,,,,,,,,,,,,,,,,,,,,,,,,,
OPEC (EI),1970,,,,,,,,,,,,,,,,,,,,,,,,,,,,,,,,,,,,,,,,,,,,,,,,,,,,,,,,,,,,,,,,,,,,,,,,,,,,,,,,,,,,,12.483,1444.966,,13020.559,,,,,,,,,,,,,,,,,,,,,,,,,,,,,,,,,,,,,,,
OPEC (EI),1971,,,,,,,,,,,,,,,,,,,,,,,,,,,,,,,,,,,,,,,,,,,,,,,,,,,,,,,,,,,,,,,,,,,,,,,,,,,,,,,,,,,,,8.175,1064.447,,14085.006,,,,,,,,,,,,,,,,,,,,,,,,,,,,,,,,,,,,,,,
OPEC (EI),1972,,,,,,,,,,,,,,,,,,,,,,,,,,,,,,,,,,,,,,,,,,,,,,,,,,,,,,,,,,,,,,,,,,,,,,,,,,,,,,,,,,,,,6.502,915.866,,15000.872,,,,,,,,,,,,,,,,,,,,,,,,,,,,,,,,,,,,,,,
OPEC (EI),1973,,,,,,,,,,,,,,,,,,,,,,,,,,,,,,,,,,,,,,,,,,,,,,,,,,,,,,,,,,,,,,,,,,,,,,,,,,,,,,,,,,,,,13.474,2021.188,,17022.061,,,,,,,,,,,,,,,,,,,,,,,,,,,,,,,,,,,,,,,
OPEC (EI),1974,,,,,,,,,,,,,,,,,,,,,,,,,,,,,,,,,,,,,,,,,,,,,,,,,,,,,,,,,,,,,,,,,,,,,,,,,,,,,,,,,,,,,-0.547,-93.121,,16928.939,,,,,,,,,,,,,,,,,,,,,,,,,,,,,,,,,,,,,,,
OPEC (EI),1975,,,,,,,,,,,,,,,,,,,,,,,,,,,,,,,,,,,,,,,,,,,,,,,,,,,,,,,,,,,,,,,,,,,,,,,,,,,,,,,,,,,,,-11.956,-2023.944,,14904.995,,,,,,,,,,,,,,,,,,,,,,,,,,,,,,,,,,,,,,,
OPEC (EI),1976,,,,,,,,,,,,,,,,,,,,,,,,,,,,,,,,,,,,,,,,,,,,,,,,,,,,,,,,,,,,,,,,,,,,,,,,,,,,,,,,,,,,,13.241,1973.644,,16878.639,,,,,,,,,,,,,,,,,,,,,,,,,,,,,,,,,,,,,,,
OPEC (EI),1977,,,,,,,,,,,,,,,,,,,,,,,,,,,,,,,,,,,,,,,,,,,,,,,,,,,,,,,,,,,,,,,,,,,,,,,,,,,,,,,,,,,,,1.091,184.152,,17062.791,,,,,,,,,,,,,,,,,,,,,,,,,,,,,,,,,,,,,,,
OPEC (EI),1978,,,,,,,,,,,,,,,,,,,,,,,,,,,,,,,,,,,,,,,,,,,,,,,,,,,,,,,,,,,,,,,,,,,,,,,,,,,,,,,,,,,,,-4.865,-830.06,,16232.731,,,,,,,,,,,,,,,,,,,,,,,,,,,,,,,,,,,,,,,
OPEC (EI),1979,,,,,,,,,,,,,,,,,,,,,,,,,,,,,,,,,,,,,,,,,,,,,,,,,,,,,,,,,,,,,,,,,,,,,,,,,,,,,,,,,,,,,4.466,724.983,,16957.715,,,,,,,,,,,,,,,,,,,,,,,,,,,,,,,,,,,,,,,
OPEC (EI),1980,,,,,,,,,,,,,,,,,,,,,,,,,,,,,,,,,,,,,,,,,,,,,,,,,,,,,,,,,,,,,,,,,,,,,,,,,,,,,,,,,,,,,-13.313,-2257.497,,14700.218,,,,,,,,,,,,,,,,,,,,,,,,,,,,,,,,,,,,,,,
OPEC (EI),1981,,,,,,,,,,,,,,,,,,,,,,,,,,,,,,,,,,,,,,,,,,,,,,,,,,,,,,,,,,,,,,,,,,,,,,,,,,,,,,,,,,,,,-16.281,-2393.335,,12306.883,,,,,,,,,,,,,,,,,,,,,,,,,,,,,,,,,,,,,,,
OPEC (EI),1982,,,,,,,,,,,,,,,,,,,,,,,,,,,,,,,,,,,,,,,,,,,,,,,,,,,,,,,,,,,,,,,,,,,,,,,,,,,,,,,,,,,,,-14.788,-1819.921,,10486.962,,,,,,,,,,,,,,,,,,,,,,,,,,,,,,,,,,,,,,,
OPEC (EI),1983,,,,,,,,,,,,,,,,,,,,,,,,,,,,,,,,,,,,,,,,,,,,,,,,,,,,,,,,,,,,,,,,,,,,,,,,,,,,,,,,,,,,,-9.882,-1036.354,,9450.608,,,,,,,,,,,,,,,,,,,,,,,,,,,,,,,,,,,,,,,
OPEC (EI),1984,,,,,,,,,,,,,,,,,,,,,,,,,,,,,,,,,,,,,,,,,,,,,,,,,,,,,,,,,,,,,,,,,,,,,,,,,,,,,,,,,,,,,-2.907,-274.751,,9175.857,,,,,,,,,,,,,,,,,,,,,,,,,,,,,,,,,,,,,,,
OPEC (EI),1985,,,,,,,,,,,,,,,,,,,,,,,,,,,,,,,,,,,,,,,,,,,,,,,,,,,,,,,,,,,,,,,,,,,,,,,,,,,,,,,,,,,,,-4.875,-447.362,,8728.495,,,,,,,,,,,,,,,,,,,,,,,,,,,,,,,,,,,,,,,
OPEC (EI),1986,,,,,,,,,,,,,,,,,,,,,,,,,,,,,,,,,,,,,,,,,,,,,,,,,,,,,,,,,,,,,,,,,,,,,,,,,,,,,,,,,,,,,15.992,1395.861,,10124.356,,,,,,,,,,,,,,,,,,,,,,,,,,,,,,,,,,,,,,,
OPEC (EI),1987,,,,,,,,,,,,,,,,,,,,,,,,,,,,,,,,,,,,,,,,,,,,,,,,,,,,,,,,,,,,,,,,,,,,,,,,,,,,,,,,,,,,,-0.798,-80.843,,10043.514,,,,,,,,,,,,,,,,,,,,,,,,,,,,,,,,,,,,,,,
OPEC (EI),1988,,,,,,,,,,,,,,,,,,,,,,,,,,,,,,,,,,,,,,,,,,,,,,,,,,,,,,,,,,,,,,,,,,,,,,,,,,,,,,,,,,,,,13.075,1313.212,,11356.726,,,,,,,,,,,,,,,,,,,,,,,,,,,,,,,,,,,,,,,
OPEC (EI),1989,,,,,,,,,,,,,,,,,,,,,,,,,,,,,,,,,,,,,,,,,,,,,,,,,,,,,,,,,,,,,,,,,,,,,,,,,,,,,,,,,,,,,7.557,858.284,,12215.01,,,,,,,,,,,,,,,,,,,,,,,,,,,,,,,,,,,,,,,
OPEC (EI),1990,,,,,,,,,,,,,,,,,,,,,,,,,,,,,,,,,,,,,,,,,,,,,,,,,,,,,,,,,,,,,,,,,,,,,,,,,,,,,,,,,,,,,7.252,885.779,,13100.789,,,,,,,,,,,,,,,,,,,,,,,,,,,,,,,,,,,,,,,
OPEC (EI),1991,,,,,,,,,,,,,,,,,,,,,,,,,,,,,,,,,,,,,,,,,,,,,,,,,,,,,,,,,,,,,,,,,,,,,,,,,,,,,,,,,,,,,0.669,87.688,,13188.477,,,,,,,,,,,,,,,,,,,,,,,,,,,,,,,,,,,,,,,
OPEC (EI),1992,,,,,,,,,,,,,,,,,,,,,,,,,,,,,,,,,,,,,,,,,,,,,,,,,,,,,,,,,,,,,,,,,,,,,,,,,,,,,,,,,,,,,7.882,1039.469,,14227.945,,,,,,,,,,,,,,,,,,,,,,,,,,,,,,,,,,,,,,,
OPEC (EI),1993,,,,,,,,,,,,,,,,,,,,,,,,,,,,,,,,,,,,,,,,,,,,,,,,,,,,,,,,,,,,,,,,,,,,,,,,,,,,,,,,,,,,,2.479,352.696,,14580.642,,,,,,,,,,,,,,,,,,,,,,,,,,,,,,,,,,,,,,,
OPEC (EI),1994,,,,,,,,,,,,,,,,,,,,,,,,,,,,,,,,,,,,,,,,,,,,,,,,,,,,,,,,,,,,,,,,,,,,,,,,,,,,,,,,,,,,,1.86,271.19,,14851.832,,,,,,,,,,,,,,,,,,,,,,,,,,,,,,,,,,,,,,,
OPEC (EI),1995,,,,,,,,,,,,,,,,,,,,,,,,,,,,,,,,,,,,,,,,,,,,,,,,,,,,,,,,,,,,,,,,,,,,,,,,,,,,,,,,,,,,,1.382,205.281,,15057.113,,,,,,,,,,,,,,,,,,,,,,,,,,,,,,,,,,,,,,,
OPEC (EI),1996,,,,,,,,,,,,,,,,,,,,,,,,,,,,,,,,,,,,,,,,,,,,,,,,,,,,,,,,,,,,,,,,,,,,,,,,,,,,,,,,,,,,,2.628,395.633,,15452.746,,,,,,,,,,,,,,,,,,,,,,,,,,,,,,,,,,,,,,,
OPEC (EI),1997,,,,,,,,,,,,,,,,,,,,,,,,,,,,,,,,,,,,,,,,,,,,,,,,,,,,,,,,,,,,,,,,,,,,,,,,,,,,,,,,,,,,,2.922,451.505,,15904.251,,,,,,,,,,,,,,,,,,,,,,,,,,,,,,,,,,,,,,,
OPEC (EI),1998,,,,,,,,,,,,,,,,,,,,,,,,,,,,,,,,,,,,,,,,,,,,,,,,,,,,,,,,,,,,,,,,,,,,,,,,,,,,,,,,,,,,,6.033,959.437,,16863.688,,,,,,,,,,,,,,,,,,,,,,,,,,,,,,,,,,,,,,,
OPEC (EI),1999,,,,,,,,,,,,,,,,,,,,,,,,,,,,,,,,,,,,,,,,,,,,,,,,,,,,,,,,,,,,,,,,,,,,,,,,,,,,,,,,,,,,,-4.914,-828.69,,16034.997,,,,,,,,,,,,,,,,,,,,,,,,,,,,,,,,,,,,,,,
OPEC (EI),2000,,,,,,,,,,,,,,,,,,,,,,,,,,,,,,,,,,,,,,,,,,,,,,,,,,,,,,,,,,,,,,,,,,,,,,,,,,,,,,,,,,,,,6.138,984.274,,17019.271,,,,,,,,,,,,,,,,,,,,,,,,,,,,,,,,,,,,,,,
OPEC (EI),2001,,,,,,,,,,,,,,,,,,,,,,,,,,,,,,,,,,,,,,,,,,,,,,,,,,,,,,,,,,,,,,,,,,,,,,,,,,,,,,,,,,,,,-1.668,-283.893,,16735.379,,,,,,,,,,,,,,,,,,,,,,,,,,,,,,,,,,,,,,,
OPEC (EI),2002,,,,,,,,,,,,,,,,,,,,,,,,,,,,,,,,,,,,,,,,,,,,,,,,,,,,,,,,,,,,,,,,,,,,,,,,,,,,,,,,,,,,,-6.565,-1098.635,,15636.744,,,,,,,,,,,,,,,,,,,,,,,,,,,,,,,,,,,,,,,
OPEC (EI),2003,,,,,,,,,,,,,,,,,,,,,,,,,,,,,,,,,,,,,,,,,,,,,,,,,,,,,,,,,,,,,,,,,,,,,,,,,,,,,,,,,,,,,8.521,1332.461,,16969.205,,,,,,,,,,,,,,,,,,,,,,,,,,,,,,,,,,,,,,,
OPEC (EI),2004,,,,,,,,,,,,,,,,,,,,,,,,,,,,,,,,,,,,,,,,,,,,,,,,,,,,,,,,,,,,,,,,,,,,,,,,,,,,,,,,,,,,,9.953,1688.969,,18658.174,,,,,,,,,,,,,,,,,,,,,,,,,,,,,,,,,,,,,,,
OPEC (EI),2005,,,,,,,,,,,,,,,,,,,,,,,,,,,,,,,,,,,,,,,,,,,,,,,,,,,,,,,,,,,,,,,,,,,,,,,,,,,,,,,,,,,,,2.618,488.553,,19146.727,,,,,,,,,,,,,,,,,,,,,,,,,,,,,,,,,,,,,,,
OPEC (EI),2006,,,,,,,,,,,,,,,,,,,,,,,,,,,,,,,,,,,,,,,,,,,,,,,,,,,,,,,,,,,,,,,,,,,,,,,,,,,,,,,,,,,,,1.442,276.074,,19422.801,,,,,,,,,,,,,,,,,,,,,,,,,,,,,,,,,,,,,,,
OPEC (EI),2007,,,,,,,,,,,,,,,,,,,,,,,,,,,,,,,,,,,,,,,,,,,,,,,,,,,,,,,,,,,,,,,,,,,,,,,,,,,,,,,,,,,,,-1.047,-203.285,,19219.516,,,,,,,,,,,,,,,,,,,,,,,,,,,,,,,,,,,,,,,
