country,year,iso_code,population,gdp,biofuel_cons_change_pct,biofuel_cons_change_twh,biofuel_cons_per_capita,biofuel_consumption,biofuel_elec_per_capita,biofuel_electricity,biofuel_share_elec,biofuel_share_energy,carbon_intensity_elec,coal_cons_change_pct,coal_cons_change_twh,coal_cons_per_capita,coal_consumption,coal_elec_per_capita,coal_electricity,coal_prod_change_pct,coal_prod_change_twh,coal_prod_per_capita,coal_production,coal_share_elec,coal_share_energy,electricity_demand,electricity_generation,electricity_share_energy,energy_cons_change_pct,energy_cons_change_twh,energy_per_capita,energy_per_gdp,fossil_cons_change_pct,fossil_cons_change_twh,fossil_elec_per_capita,fossil_electricity,fossil_energy_per_capita,fossil_fuel_consumption,fossil_share_elec,fossil_share_energy,gas_cons_change_pct,gas_cons_change_twh,gas_consumption,gas_elec_per_capita,gas_electricity,gas_energy_per_capita,gas_prod_change_pct,gas_prod_change_twh,gas_prod_per_capita,gas_production,gas_share_elec,gas_share_energy,greenhouse_gas_emissions,hydro_cons_change_pct,hydro_cons_change_twh,hydro_consumption,hydro_elec_per_capita,hydro_electricity,hydro_energy_per_capita,hydro_share_elec,hydro_share_energy,low_carbon_cons_change_pct,low_carbon_cons_change_twh,low_carbon_consumption,low_carbon_elec_per_capita,low_carbon_electricity,low_carbon_energy_per_capita,low_carbon_share_elec,low_carbon_share_energy,net_elec_imports,net_elec_imports_share_demand,nuclear_cons_change_pct,nuclear_cons_change_twh,nuclear_consumption,nuclear_elec_per_capita,nuclear_electricity,nuclear_energy_per_capita,nuclear_share_elec,nuclear_share_energy,oil_cons_change_pct,oil_cons_change_twh,oil_consumption,oil_elec_per_capita,oil_electricity,oil_energy_per_capita,oil_prod_change_pct,oil_prod_change_twh,oil_prod_per_capita,oil_production,oil_share_elec,oil_share_energy,other_renewable_consumption,other_renewable_electricity,other_renewable_exc_biofuel_electricity,other_renewables_cons_change_pct,other_renewables_cons_change_twh,other_renewables_elec_per_capita,other_renewables_elec_per_capita_exc_biofuel,other_renewables_energy_per_capita,other_renewables_share_elec,other_renewables_share_elec_exc_biofuel,other_renewables_share_energy,per_capita_electricity,primary_energy_consumption,renewables_cons_change_pct,renewables_cons_change_twh,renewables_consumption,renewables_elec_per_capita,renewables_electricity,renewables_energy_per_capita,renewables_share_elec,renewables_share_energy,solar_cons_change_pct,solar_cons_change_twh,solar_consumption,solar_elec_per_capita,solar_electricity,solar_energy_per_capita,solar_share_elec,solar_share_energy,wind_cons_change_pct,wind_cons_change_twh,wind_consumption,wind_elec_per_capita,wind_electricity,wind_energy_per_capita,wind_share_elec,wind_share_energy
British Virgin Islands,2004,VGB,22740.0,,,,,,0.0,0.0,0.0,,750.0,,,,,0.0,0.0,,0.0,0.0,0.0,0.0,,0.04,0.04,,5.113,0.026,23387.111,,,,1759.015,0.04,,,100.0,,,,,0.0,0.0,,,0.0,0.0,0.0,0.0,,0.03,,,,0.0,0.0,,0.0,,,,,0.0,0.0,,0.0,,0.0,0.0,,,,0.0,0.0,,0.0,,,,,1759.015,0.04,,,0.0,0.0,0.0,100.0,,,0.0,0.0,,,0.0,0.0,,0.0,0.0,,1759.015,0.532,,,,0.0,0.0,,0.0,,,,,0.0,0.0,,0.0,,,,,0.0,0.0,,0.0,
British Virgin Islands,2005,VGB,23522.0,,,,,,0.0,0.0,0.0,,666.667,,,,,0.0,0.0,,0.0,0.0,0.0,0.0,,0.09,0.09,,2.874,0.015,23259.297,,,,3826.205,0.09,,,100.0,,,,,0.0,0.0,,,0.0,0.0,0.0,0.0,,0.06,,,,0.0,0.0,,0.0,,,,,0.0,0.0,,0.0,,0.0,0.0,,,,0.0,0.0,,0.0,,,,,3826.205,0.09,,,0.0,0.0,0.0,100.0,,,0.0,0.0,,,0.0,0.0,,0.0,0.0,,3826.205,0.547,,,,0.0,0.0,,0.0,,,,,0.0,0.0,,0.0,,,,,0.0,0.0,,0.0,
British Virgin Islands,2006,VGB,24344.0,,,,,,0.0,0.0,0.0,,700.0,,,,,0.0,0.0,,0.0,0.0,0.0,0.0,,0.1,0.1,,8.938,0.049,24482.652,,,,4107.789,0.1,,,100.0,,,,,0.0,0.0,,,0.0,0.0,0.0,0.0,,0.07,,,,0.0,0.0,,0.0,,,,,0.0,0.0,,0.0,,0.0,0.0,,,,0.0,0.0,,0.0,,,,,4107.789,0.1,,,0.0,0.0,0.0,100.0,,,0.0,0.0,,,0.0,0.0,,0.0,0.0,,4107.789,0.596,,,,0.0,0.0,,0.0,,,,,0.0,0.0,,0.0,,,,,0.0,0.0,,0.0,
British Virgin Islands,2007,VGB,25215.0,,,,,,0.0,0.0,0.0,,700.0,,,,,0.0,0.0,,0.0,0.0,0.0,0.0,,0.1,0.1,,3.666,0.022,24503.428,,,,3965.893,0.1,,,100.0,,,,,0.0,0.0,,,0.0,0.0,0.0,0.0,,0.07,,,,0.0,0.0,,0.0,,,,,0.0,0.0,,0.0,,0.0,0.0,,,,0.0,0.0,,0.0,,,,,3965.893,0.1,,,0.0,0.0,0.0,100.0,,,0.0,0.0,,,0.0,0.0,,0.0,0.0,,3965.893,0.618,,,,0.0,0.0,,0.0,,,,,0.0,0.0,,0.0,,,,,0.0,0.0,,0.0,
British Virgin Islands,2008,VGB,26139.0,,,,,,0.0,0.0,0.0,,666.667,,,,,0.0,0.0,,0.0,0.0,0.0,0.0,,0.12,0.12,,7.449,0.046,25397.865,,,,4590.841,0.12,,,100.0,,,,,0.0,0.0,,,0.0,0.0,0.0,0.0,,0.08,,,,0.0,0.0,,0.0,,,,,0.0,0.0,,0.0,,0.0,0.0,,,,0.0,0.0,,0.0,,,,,4590.841,0.12,,,0.0,0.0,0.0,100.0,,,0.0,0.0,,,0.0,0.0,,0.0,0.0,,4590.841,0.664,,,,0.0,0.0,,0.0,,,,,0.0,0.0,,0.0,,,,,0.0,0.0,,0.0,
British Virgin Islands,2009,VGB,27067.0,,,,,,0.0,0.0,0.0,,733.333,,,,,0.0,0.0,,0.0,0.0,0.0,0.0,,0.15,0.15,,4.813,0.032,25707.512,,,,5541.804,0.15,,,100.0,,,,,0.0,0.0,,,0.0,0.0,0.0,0.0,,0.11,,,,0.0,0.0,,0.0,,,,,0.0,0.0,,0.0,,0.0,0.0,,,,0.0,0.0,,0.0,,,,,5541.804,0.15,,,0.0,0.0,0.0,100.0,,,0.0,0.0,,,0.0,0.0,,0.0,0.0,,5541.804,0.696,,,,0.0,0.0,,0.0,,,,,0.0,0.0,,0.0,,,,,0.0,0.0,,0.0,
British Virgin Islands,2010,VGB,27578.0,,,,,,0.0,0.0,0.0,,722.222,,,,,0.0,0.0,,0.0,0.0,0.0,0.0,,0.18,0.18,,3.051,0.021,26000.848,,,,6526.942,0.18,,,100.0,,,,,0.0,0.0,,,0.0,0.0,0.0,0.0,,0.13,,,,0.0,0.0,,0.0,,,,,0.0,0.0,,0.0,,0.0,0.0,,,,0.0,0.0,,0.0,,,,,6526.942,0.18,,,0.0,0.0,0.0,100.0,,,0.0,0.0,,,0.0,0.0,,0.0,0.0,,6526.942,0.717,,,,0.0,0.0,,0.0,,,,,0.0,0.0,,0.0,,,,,0.0,0.0,,0.0,
British Virgin Islands,2011,VGB,27984.0,,,,,,0.0,0.0,0.0,,722.222,,,,,0.0,0.0,,0.0,0.0,0.0,0.0,,0.18,0.18,,2.434,0.017,26247.301,,,,6432.247,0.18,,,100.0,,,,,0.0,0.0,,,0.0,0.0,0.0,0.0,,0.13,,,,0.0,0.0,,0.0,,,,,0.0,0.0,,0.0,,0.0,0.0,,,,0.0,0.0,,0.0,,,,,6432.247,0.18,,,0.0,0.0,0.0,100.0,,,0.0,0.0,,,0.0,0.0,,0.0,0.0,,6432.247,0.735,,,,0.0,0.0,,0.0,,,,,0.0,0.0,,0.0,,,,,0.0,0.0,,0.0,
British Virgin Islands,2012,VGB,28440.0,,,,,,0.0,0.0,0.0,,684.211,,,,,0.0,0.0,,0.0,0.0,0.0,0.0,,0.19,0.19,,-0.358,-0.003,25734.096,,,,6680.731,0.19,,,100.0,,,,,0.0,0.0,,,0.0,0.0,0.0,0.0,,0.13,,,,0.0,0.0,,0.0,,,,,0.0,0.0,,0.0,,0.0,0.0,,,,0.0,0.0,,0.0,,,,,6680.731,0.19,,,0.0,0.0,0.0,100.0,,,0.0,0.0,,,0.0,0.0,,0.0,0.0,,6680.731,0.732,,,,0.0,0.0,,0.0,,,,,0.0,0.0,,0.0,,,,,0.0,0.0,,0.0,
British Virgin Islands,2013,VGB,28683.0,,,,,,0.0,0.0,0.0,,684.211,,,,,0.0,0.0,,0.0,0.0,0.0,0.0,,0.19,0.19,,0.001,0.0,25516.426,,,,6624.133,0.19,,,100.0,,,,,0.0,0.0,,,0.0,0.0,0.0,0.0,,0.13,,,,0.0,0.0,,0.0,,,,,0.0,0.0,,0.0,,0.0,0.0,,,,0.0,0.0,,0.0,,,,,6624.133,0.19,,,0.0,0.0,0.0,100.0,,,0.0,0.0,,,0.0,0.0,,0.0,0.0,,6624.133,0.732,,,,0.0,0.0,,0.0,,,,,0.0,0.0,,0.0,,,,,0.0,0.0,,0.0,
British Virgin Islands,2014,VGB,29000.0,,,,,,0.0,0.0,0.0,,684.211,,,,,0.0,0.0,,0.0,0.0,0.0,0.0,,0.19,0.19,,1.594,0.012,25639.906,,,,6551.724,0.19,,,100.0,,,,,0.0,0.0,,,0.0,0.0,0.0,0.0,,0.13,,,,0.0,0.0,,0.0,,,,,0.0,0.0,,0.0,,0.0,0.0,,,,0.0,0.0,,0.0,,,,,6551.724,0.19,,,0.0,0.0,0.0,100.0,,,0.0,0.0,,,0.0,0.0,,0.0,0.0,,6551.724,0.744,,,,0.0,0.0,,0.0,,,,,0.0,0.0,,0.0,,,,,0.0,0.0,,0.0,
British Virgin Islands,2015,VGB,29394.0,,,,,,0.0,0.0,0.0,,700.0,,,,,0.0,0.0,,0.0,0.0,0.0,0.0,,0.2,0.2,,0.405,0.003,25398.59,,,,6804.11,0.2,,,100.0,,,,,0.0,0.0,,,0.0,0.0,0.0,0.0,,0.14,,,,0.0,0.0,,0.0,,,,,0.0,0.0,,0.0,,0.0,0.0,,,,0.0,0.0,,0.0,,,,,6804.11,0.2,,,0.0,0.0,0.0,100.0,,,0.0,0.0,,,0.0,0.0,,0.0,0.0,,6804.11,0.747,,,,0.0,0.0,,0.0,,,,,0.0,0.0,,0.0,,,,,0.0,0.0,,0.0,
British Virgin Islands,2016,VGB,29763.0,,,,,,0.0,0.0,0.0,,700.0,,,,,0.0,0.0,,0.0,0.0,0.0,0.0,,0.2,0.2,,1.331,0.01,25417.586,,,,6719.753,0.2,,,100.0,,,,,0.0,0.0,,,0.0,0.0,0.0,0.0,,0.14,,,,0.0,0.0,,0.0,,,,,0.0,0.0,,0.0,,0.0,0.0,,,,0.0,0.0,,0.0,,,,,6719.753,0.2,,,0.0,0.0,0.0,100.0,,,0.0,0.0,,,0.0,0.0,,0.0,0.0,,6719.753,0.757,,,,0.0,0.0,,0.0,,,,,0.0,0.0,,0.0,,,,,0.0,0.0,,0.0,
British Virgin Islands,2017,VGB,30084.0,,,,,,0.0,0.0,0.0,,714.286,,,,,0.0,0.0,,,,,0.0,,0.14,0.14,,-6.032,-0.046,23629.582,,,,4653.637,0.14,,,100.0,,,,,0.0,0.0,,,,,,0.0,,0.1,,,,0.0,0.0,,0.0,,,,,0.0,0.0,,0.0,,0.0,0.0,,,,0.0,0.0,,0.0,,,,,4653.637,0.14,,,,,,100.0,,,0.0,0.0,,,0.0,0.0,,0.0,0.0,,4653.637,0.711,,,,0.0,0.0,,0.0,,,,,0.0,0.0,,0.0,,,,,0.0,0.0,,0.0,
British Virgin Islands,2018,VGB,30359.0,,,,,,0.0,0.0,0.0,,714.286,,,,,0.0,0.0,,,,,0.0,,0.14,0.14,,24.173,0.172,29075.836,,,,4611.482,0.14,,,100.0,,,,,0.0,0.0,,,,,,0.0,,0.1,,,,0.0,0.0,,0.0,,,,,0.0,0.0,,0.0,,0.0,0.0,,,,0.0,0.0,,0.0,,,,,4611.482,0.14,,,,,,100.0,,,0.0,0.0,,,0.0,0.0,,0.0,0.0,,4611.482,0.883,,,,0.0,0.0,,0.0,,,,,0.0,0.0,,0.0,,,,,0.0,0.0,,0.0,
British Virgin Islands,2019,VGB,30631.0,,,,,,0.0,0.0,0.0,,714.286,,,,,0.0,0.0,,,,,0.0,,0.14,0.14,,-20.094,-0.177,23027.121,,,,4570.533,0.14,,,100.0,,,,,0.0,0.0,,,,,,0.0,,0.1,,,,0.0,0.0,,0.0,,,,,0.0,0.0,,0.0,,0.0,0.0,,,,0.0,0.0,,0.0,,,,,4570.533,0.14,,,,,,100.0,,,0.0,0.0,,,0.0,0.0,,0.0,0.0,,4570.533,0.705,,,,0.0,0.0,,0.0,,,,,0.0,0.0,,0.0,,,,,0.0,0.0,,0.0,
British Virgin Islands,2020,VGB,30934.0,,,,,,0.0,0.0,0.0,,692.308,,,,,0.0,0.0,,,,,0.0,,0.13,0.13,,-15.701,-0.111,19221.441,,,,4202.496,0.13,,,100.0,,,,,0.0,0.0,,,,,,0.0,,0.09,,,,0.0,0.0,,0.0,,,,,0.0,0.0,,0.0,,0.0,0.0,,,,0.0,0.0,,0.0,,,,,4202.496,0.13,,,,,,100.0,,,0.0,0.0,,,0.0,0.0,,0.0,0.0,,4202.496,0.595,,,,0.0,0.0,,0.0,,,,,0.0,0.0,,0.0,,,,,0.0,0.0,,0.0,
British Virgin Islands,2021,VGB,31145.0,,,,,,0.0,0.0,0.0,,714.286,,,,,0.0,0.0,,,,,0.0,,0.14,0.14,,6.418,0.038,20316.449,,,,4495.104,0.14,,,100.0,,,,,0.0,0.0,,,,,,0.0,,0.1,,,,0.0,0.0,,0.0,,,,,0.0,0.0,,0.0,,0.0,0.0,,,,0.0,0.0,,0.0,,,,,4495.104,0.14,,,,,,100.0,,,0.0,0.0,,,0.0,0.0,,0.0,0.0,,4495.104,0.633,,,,0.0,0.0,,0.0,,,,,0.0,0.0,,0.0,,,,,0.0,0.0,,0.0,
Brunei,1900,BRN,16978.0,,,,,,,,,,,,,,,,,,,,,,,,,,,,,,,,,,,,,,,,,,,,,,0.0,0.0,,,,,,,,,,,,,,,,,,,,,,,,,,,,,,,,,,,,,,0.0,0.0,,,,,,,,,,,,,,,,,,,,,,,,,,,,,,,,,,,,,,,
Brunei,1901,BRN,17540.0,,,,,,,,,,,,,,,,,,,,,,,,,,,,,,,,,,,,,,,,,,,,,0.0,0.0,0.0,,,,,,,,,,,,,,,,,,,,,,,,,,,,,,,,,,,,,0.0,0.0,0.0,,,,,,,,,,,,,,,,,,,,,,,,,,,,,,,,,,,,,,,
Brunei,1902,BRN,18120.0,,,,,,,,,,,,,,,,,,,,,,,,,,,,,,,,,,,,,,,,,,,,,0.0,0.0,0.0,,,,,,,,,,,,,,,,,,,,,,,,,,,,,,,,,,,,,0.0,0.0,0.0,,,,,,,,,,,,,,,,,,,,,,,,,,,,,,,,,,,,,,,
Brunei,1903,BRN,18719.0,,,,,,,,,,,,,,,,,,,,,,,,,,,,,,,,,,,,,,,,,,,,,0.0,0.0,0.0,,,,,,,,,,,,,,,,,,,,,,,,,,,,,,,,,,,,,0.0,0.0,0.0,,,,,,,,,,,,,,,,,,,,,,,,,,,,,,,,,,,,,,,
Brunei,1904,BRN,19338.0,,,,,,,,,,,,,,,,,,,,,,,,,,,,,,,,,,,,,,,,,,,,,0.0,0.0,0.0,,,,,,,,,,,,,,,,,,,,,,,,,,,,,,,,,,,,,0.0,0.0,0.0,,,,,,,,,,,,,,,,,,,,,,,,,,,,,,,,,,,,,,,
Brunei,1905,BRN,19977.0,,,,,,,,,,,,,,,,,,,,,,,,,,,,,,,,,,,,,,,,,,,,,0.0,0.0,0.0,,,,,,,,,,,,,,,,,,,,,,,,,,,,,,,,,,,,,0.0,0.0,0.0,,,,,,,,,,,,,,,,,,,,,,,,,,,,,,,,,,,,,,,
Brunei,1906,BRN,20638.0,,,,,,,,,,,,,,,,,,,,,,,,,,,,,,,,,,,,,,,,,,,,,0.0,0.0,0.0,,,,,,,,,,,,,,,,,,,,,,,,,,,,,,,,,,,,,0.0,0.0,0.0,,,,,,,,,,,,,,,,,,,,,,,,,,,,,,,,,,,,,,,
Brunei,1907,BRN,21286.0,,,,,,,,,,,,,,,,,,,,,,,,,,,,,,,,,,,,,,,,,,,,,0.0,0.0,0.0,,,,,,,,,,,,,,,,,,,,,,,,,,,,,,,,,,,,,0.0,0.0,0.0,,,,,,,,,,,,,,,,,,,,,,,,,,,,,,,,,,,,,,,
Brunei,1908,BRN,21921.0,,,,,,,,,,,,,,,,,,,,,,,,,,,,,,,,,,,,,,,,,,,,,0.0,0.0,0.0,,,,,,,,,,,,,,,,,,,,,,,,,,,,,,,,,,,,,0.0,0.0,0.0,,,,,,,,,,,,,,,,,,,,,,,,,,,,,,,,,,,,,,,
Brunei,1909,BRN,22541.0,,,,,,,,,,,,,,,,,,,,,,,,,,,,,,,,,,,,,,,,,,,,,0.0,0.0,0.0,,,,,,,,,,,,,,,,,,,,,,,,,,,,,,,,,,,,,0.0,0.0,0.0,,,,,,,,,,,,,,,,,,,,,,,,,,,,,,,,,,,,,,,
Brunei,1910,BRN,23145.0,,,,,,,,,,,,,,,,,,,,,,,,,,,,,,,,,,,,,,,,,,,,,0.0,0.0,0.0,,,,,,,,,,,,,,,,,,,,,,,,,,,,,,,,,,,,,0.0,0.0,0.0,,,,,,,,,,,,,,,,,,,,,,,,,,,,,,,,,,,,,,,
Brunei,1911,BRN,23354.0,,,,,,,,,,,,,,,,,,,,,,,,,,,,,,,,,,,,,,,,,,,,,0.0,0.0,0.0,,,,,,,,,,,,,,,,,,,,,,,,,,,,,,,,,,,,,0.0,0.0,0.0,,,,,,,,,,,,,,,,,,,,,,,,,,,,,,,,,,,,,,,
Brunei,1912,BRN,23566.0,,,,,,,,,,,,,,,,,,,,,,,,,,,,,,,,,,,,,,,,,,,,,0.0,0.0,0.0,,,,,,,,,,,,,,,,,,,,,,,,,,,,,,,,,,,,,0.0,0.0,0.0,,,,,,,,,,,,,,,,,,,,,,,,,,,,,,,,,,,,,,,
Brunei,1913,BRN,23976.0,,,,,,,,,,,,,,,,,,,,,,,,,,,,,,,,,,,,,,,,,,,,,0.0,0.0,0.0,,,,,,,,,,,,,,,,,,,,,,,,,,,,,,,,,,,,,0.0,0.0,0.0,,,,,,,,,,,,,,,,,,,,,,,,,,,,,,,,,,,,,,,
Brunei,1914,BRN,24393.0,,,,,,,,,,,,,,,,,,,,,,,,,,,,,,,,,,,,,,,,,,,,,0.0,0.0,0.0,,,,,,,,,,,,,,,,,,,,,,,,,,,,,,,,,,,,,0.0,0.0,0.0,,,,,,,,,,,,,,,,,,,,,,,,,,,,,,,,,,,,,,,
Brunei,1915,BRN,24818.0,,,,,,,,,,,,,,,,,,,,,,,,,,,,,,,,,,,,,,,,,,,,,0.0,0.0,0.0,,,,,,,,,,,,,,,,,,,,,,,,,,,,,,,,,,,,,0.0,0.0,0.0,,,,,,,,,,,,,,,,,,,,,,,,,,,,,,,,,,,,,,,
Brunei,1916,BRN,25250.0,,,,,,,,,,,,,,,,,,,,,,,,,,,,,,,,,,,,,,,,,,,,,0.0,0.0,0.0,,,,,,,,,,,,,,,,,,,,,,,,,,,,,,,,,,,,,0.0,0.0,0.0,,,,,,,,,,,,,,,,,,,,,,,,,,,,,,,,,,,,,,,
Brunei,1917,BRN,25690.0,,,,,,,,,,,,,,,,,,,,,,,,,,,,,,,,,,,,,,,,,,,,,0.0,0.0,0.0,,,,,,,,,,,,,,,,,,,,,,,,,,,,,,,,,,,,,0.0,0.0,0.0,,,,,,,,,,,,,,,,,,,,,,,,,,,,,,,,,,,,,,,
Brunei,1918,BRN,26123.0,,,,,,,,,,,,,,,,,,,,,,,,,,,,,,,,,,,,,,,,,,,,,0.0,0.0,0.0,,,,,,,,,,,,,,,,,,,,,,,,,,,,,,,,,,,,,0.0,0.0,0.0,,,,,,,,,,,,,,,,,,,,,,,,,,,,,,,,,,,,,,,
Brunei,1919,BRN,26549.0,,,,,,,,,,,,,,,,,,,,,,,,,,,,,,,,,,,,,,,,,,,,,0.0,0.0,0.0,,,,,,,,,,,,,,,,,,,,,,,,,,,,,,,,,,,,,0.0,0.0,0.0,,,,,,,,,,,,,,,,,,,,,,,,,,,,,,,,,,,,,,,
Brunei,1920,BRN,26970.0,,,,,,,,,,,,,,,,,,,,,,,,,,,,,,,,,,,,,,,,,,,,,0.0,0.0,0.0,,,,,,,,,,,,,,,,,,,,,,,,,,,,,,,,,,,,,0.0,0.0,0.0,,,,,,,,,,,,,,,,,,,,,,,,,,,,,,,,,,,,,,,
Brunei,1921,BRN,27385.0,,,,,,,,,,,,,,,,,,,,,,,,,,,,,,,,,,,,,,,,,,,,,0.0,0.0,0.0,,,,,,,,,,,,,,,,,,,,,,,,,,,,,,,,,,,,,0.0,0.0,0.0,,,,,,,,,,,,,,,,,,,,,,,,,,,,,,,,,,,,,,,
Brunei,1922,BRN,27792.0,,,,,,,,,,,,,,,,,,,,,,,,,,,,,,,,,,,,,,,,,,,,,0.0,0.0,0.0,,,,,,,,,,,,,,,,,,,,,,,,,,,,,,,,,,,,,0.0,0.0,0.0,,,,,,,,,,,,,,,,,,,,,,,,,,,,,,,,,,,,,,,
Brunei,1923,BRN,28193.0,,,,,,,,,,,,,,,,,,,,,,,,,,,,,,,,,,,,,,,,,,,,,0.0,0.0,0.0,,,,,,,,,,,,,,,,,,,,,,,,,,,,,,,,,,,,,0.0,0.0,0.0,,,,,,,,,,,,,,,,,,,,,,,,,,,,,,,,,,,,,,,
Brunei,1924,BRN,28599.0,,,,,,,,,,,,,,,,,,,,,,,,,,,,,,,,,,,,,,,,,,,,,0.0,0.0,0.0,,,,,,,,,,,,,,,,,,,,,,,,,,,,,,,,,,,,,0.0,0.0,0.0,,,,,,,,,,,,,,,,,,,,,,,,,,,,,,,,,,,,,,,
Brunei,1925,BRN,29011.0,,,,,,,,,,,,,,,,,,,,,,,,,,,,,,,,,,,,,,,,,,,,,0.0,0.0,0.0,,,,,,,,,,,,,,,,,,,,,,,,,,,,,,,,,,,,,0.0,0.0,0.0,,,,,,,,,,,,,,,,,,,,,,,,,,,,,,,,,,,,,,,
Brunei,1926,BRN,29429.0,,,,,,,,,,,,,,,,,,,,,,,,,,,,,,,,,,,,,,,,,,,,,0.0,0.0,0.0,,,,,,,,,,,,,,,,,,,,,,,,,,,,,,,,,,,,,0.0,0.0,0.0,,,,,,,,,,,,,,,,,,,,,,,,,,,,,,,,,,,,,,,
Brunei,1927,BRN,29854.0,,,,,,,,,,,,,,,,,,,,,,,,,,,,,,,,,,,,,,,,,,,,,0.0,0.0,0.0,,,,,,,,,,,,,,,,,,,,,,,,,,,,,,,,,,,,,0.0,0.0,0.0,,,,,,,,,,,,,,,,,,,,,,,,,,,,,,,,,,,,,,,
Brunei,1928,BRN,30284.0,,,,,,,,,,,,,,,,,,,,,,,,,,,,,,,,,,,,,,,,,,,,,0.0,0.0,0.0,,,,,,,,,,,,,,,,,,,,,,,,,,,,,,,,,,,,,0.0,0.0,0.0,,,,,,,,,,,,,,,,,,,,,,,,,,,,,,,,,,,,,,,
Brunei,1929,BRN,30828.0,,,,,,,,,,,,,,,,,,,,,,,,,,,,,,,,,,,,,,,,,,,,,0.0,0.0,0.0,,,,,,,,,,,,,,,,,,,,,,,,,,,,,,,,,,,,,0.0,0.0,0.0,,,,,,,,,,,,,,,,,,,,,,,,,,,,,,,,,,,,,,,
Brunei,1930,BRN,31492.0,,,,,,,,,,,,,,,,,,,,,,,,,,,,,,,,,,,,,,,,,,,,,0.0,0.0,0.0,,,,,,,,,,,,,,,,,,,,,,,,,,,,,,,,,,,,,0.0,0.0,0.0,,,,,,,,,,,,,,,,,,,,,,,,,,,,,,,,,,,,,,,
Brunei,1931,BRN,32280.0,,,,,,,,,,,,,,,,,,,,,,,,,,,,,,,,,,,,,,,,,,,,,0.0,0.0,0.0,,,,,,,,,,,,,,,,,,,,,,,,,,,,,,,,,,,,,0.047,1441.14,0.047,,,,,,,,,,,,,,,,,,,,,,,,,,,,,,,,,,,,,,,
Brunei,1932,BRN,33198.0,,,,,,,,,,,,,,,,,,,,,,,,,,,,,,,,,,,,,,,,,,,,,0.0,0.0,0.0,,,,,,,,,,,,,,,,,,,,,,,,,,,,,,,,,,,,4375.0,2.035,62707.691,2.082,,,,,,,,,,,,,,,,,,,,,,,,,,,,,,,,,,,,,,,
Brunei,1933,BRN,34251.0,,,,,,,,,,,,,,,,,,,,,,,,,,,,,,,,,,,,,,,,,,,,,0.0,0.0,0.0,,,,,,,,,,,,,,,,,,,,,,,,,,,,,,,,,,,,59.218,1.233,96772.352,3.315,,,,,,,,,,,,,,,,,,,,,,,,,,,,,,,,,,,,,,,
Brunei,1934,BRN,35338.0,,,,,,,,,,,,,,,,,,,,,,,,,,,,,,,,,,,,,,,,,,,,,0.0,0.0,0.0,,,,,,,,,,,,,,,,,,,,,,,,,,,,,,,,,,,,32.632,1.082,124402.625,4.396,,,,,,,,,,,,,,,,,,,,,,,,,,,,,,,,,,,,,,,
Brunei,1935,BRN,36459.0,,,,,,,,,,,,,,,,,,,,,,,,,,,,,,,,,,,,,,,,,,,,,0.0,0.0,0.0,,,,,,,,,,,,,,,,,,,,,,,,,,,,,,,,,,,,18.783,0.826,143225.812,5.222,,,,,,,,,,,,,,,,,,,,,,,,,,,,,,,,,,,,,,,
Brunei,1936,BRN,37616.0,,,,,,,,,,,,,,,,,,,,,,,,,,,,,,,,,,,,,,,,,,,,,0.0,0.0,0.0,,,,,,,,,,,,,,,,,,,,,,,,,,,,,,,,,,,,2.227,0.116,141912.219,5.338,,,,,,,,,,,,,,,,,,,,,,,,,,,,,,,,,,,,,,,
Brunei,1937,BRN,38810.0,,,,,,,,,,,,,,,,,,,,,,,,,,,,,,,,,,,,,,,,,,,,,0.838,21595.92,0.838,,,,,,,,,,,,,,,,,,,,,,,,,,,,,,,,,,,,24.837,1.326,171708.062,6.664,,,,,,,,,,,,,,,,,,,,,,,,,,,,,,,,,,,,,,,
Brunei,1938,BRN,40041.0,,,,,,,,,,,,,,,,,,,,,,,,,,,,,,,,,,,,,,,,,,,,-100.0,-0.838,0.0,0.0,,,,,,,,,,,,,,,,,,,,,,,,,,,,,,,,,,,,23.386,1.558,205349.766,8.222,,,,,,,,,,,,,,,,,,,,,,,,,,,,,,,,,,,,,,,
Brunei,1939,BRN,41121.0,,,,,,,,,,,,,,,,,,,,,,,,,,,,,,,,,,,,,,,,,,,,,0.0,0.0,0.0,,,,,,,,,,,,,,,,,,,,,,,,,,,,,,,,,,,,10.467,0.861,220885.422,9.083,,,,,,,,,,,,,,,,,,,,,,,,,,,,,,,,,,,,,,,
Brunei,1940,BRN,42042.0,,,,,,,,,,,,,,,,,,,,,,,,,,,,,,,,,,,,,,,,,,,,,0.0,0.0,0.0,,,,,,,,,,,,,,,,,,,,,,,,,,,,,,,,,,,,11.268,1.023,240389.844,10.106,,,,,,,,,,,,,,,,,,,,,,,,,,,,,,,,,,,,,,,
Brunei,1941,BRN,42798.0,,,,,,,,,,,,,,,,,,,,,,,,,,,,,,,,,,,,,,,,,,,,,0.0,0.0,0.0,,,,,,,,,,,,,,,,,,,,,,,,,,,,,,,,,,,,-28.539,-2.884,168751.578,7.222,,,,,,,,,,,,,,,,,,,,,,,,,,,,,,,,,,,,,,,
Brunei,1942,BRN,43382.0,,,,,,,,,,,,,,,,,,,,,,,,,,,,,,,,,,,,,,,,,,,,,0.0,0.0,0.0,,,,,,,,,,,,,,,,,,,,,,,,,,,,,,,,,,,,-34.622,-2.5,108841.914,4.722,,,,,,,,,,,,,,,,,,,,,,,,,,,,,,,,,,,,,,,
Brunei,1943,BRN,43786.0,,,,,,,,,,,,,,,,,,,,,,,,,,,,,,,,,,,,,,,,,,,,,0.0,0.0,0.0,,,,,,,,,,,,,,,,,,,,,,,,,,,,,,,,,,,,50.246,2.373,162022.109,7.094,,,,,,,,,,,,,,,,,,,,,,,,,,,,,,,,,,,,,,,
Brunei,1944,BRN,44193.0,,,,,,,,,,,,,,,,,,,,,,,,,,,,,,,,,,,,,,,,,,,,,0.0,0.0,0.0,,,,,,,,,,,,,,,,,,,,,,,,,,,,,,,,,,,,33.279,2.361,213952.203,9.455,,,,,,,,,,,,,,,,,,,,,,,,,,,,,,,,,,,,,,,
Brunei,1945,BRN,44605.0,,,,,,,,,,,,,,,,,,,,,,,,,,,,,,,,,,,,,,,,,,,,,0.0,0.0,0.0,,,,,,,,,,,,,,,,,,,,,,,,,,,,,,,,,,,,-63.1,-5.966,78219.93,3.489,,,,,,,,,,,,,,,,,,,,,,,,,,,,,,,,,,,,,,,
Brunei,1946,BRN,45021.0,,,,,,,,,,,,,,,,,,,,,,,,,,,,,,,,,,,,,,,,,,,,,0.356,7897.949,0.356,,,,,,,,,,,,,,,,,,,,,,,,,,,,,,,,,,,,-3.333,-0.116,74913.93,3.373,,,,,,,,,,,,,,,,,,,,,,,,,,,,,,,,,,,,,,,
Brunei,1947,BRN,45440.0,,,,,,,,,,,,,,,,,,,,,,,,,,,,,,,,,,,,,,,,,,,,-10.714,-0.038,6986.716,0.317,,,,,,,,,,,,,,,,,,,,,,,,,,,,,,,,,,,,495.862,16.724,442267.594,20.097,,,,,,,,,,,,,,,,,,,,,,,,,,,,,,,,,,,,,,,
Brunei,1948,BRN,45863.0,,,,,,,,,,,,,,,,,,,,,,,,,,,,,,,,,,,,,,,,,,,,44.0,0.14,9968.078,0.457,,,,,,,,,,,,,,,,,,,,,,,,,,,,,,,,,,,,55.498,11.153,681373.0,31.25,,,,,,,,,,,,,,,,,,,,,,,,,,,,,,,,,,,,,,,
Brunei,1949,BRN,46794.0,,,,,,,,,,,,,,,,,,,,,,,,,,,,,,,,,,,,,,,,,,,,-100.0,-0.457,0.0,0.0,,,,,,,,,,,,,,,,,,,,,,,,,,,,,,,,,,,,24.898,7.78,834087.312,39.03,,,,,,,,,,,,,,,,,,,,,,,,,,,,,,,,,,,,,,,
Brunei,1950,BRN,48290.0,,,,,,,,,,,,,,,,,,,,,,,,,,,,,,,,,,,,,,,,,,,,,0.0,0.0,0.0,,,,,,,,,,,,,,,,,,,,,,,,,,,,,,,,,,,,22.646,8.839,991283.5,47.869,,,,,,,,,,,,,,,,,,,,,,,,,,,,,,,,,,,,,,,
Brunei,1951,BRN,51113.0,,,,,,,,,,,,,,,,,,,,,,,,,,,,,,,,,,,,,,,,,,,,,0.635,12422.53,0.635,,,,,,,,,,,,,,,,,,,,,,,,,,,,,,,,,,,,20.773,9.944,1131076.75,57.813,,,,,,,,,,,,,,,,,,,,,,,,,,,,,,,,,,,,,,,
Brunei,1952,BRN,54038.0,,,,,,,,,,,,,,,,,,,,,,,,,,,,,,,,,,,,,,,,,,,,0.0,0.0,11750.116,0.635,,,,,,,,,,,,,,,,,,,,,,,,,,,,,,,,,,,,2.072,1.198,1092020.75,59.011,,,,,,,,,,,,,,,,,,,,,,,,,,,,,,,,,,,,,,,
Brunei,1953,BRN,57195.0,,,,,,,,,,,,,,,,,,,,,,,,,,,,,,,,,,,,,,,,,,,,18.0,0.114,13099.821,0.749,,,,,,,,,,,,,,,,,,,,,,,,,,,,,,,,,,,,-3.804,-2.245,992499.875,56.766,,,,,,,,,,,,,,,,,,,,,,,,,,,,,,,,,,,,,,,
Brunei,1954,BRN,60608.0,,,,,,,,,,,,,,,,,,,,,,,,,,,,,,,,,,,,,,,,,,,,15.254,0.114,14247.884,0.864,,,,,,,,,,,,,,,,,,,,,,,,,,,,,,,,,,,,-1.905,-1.082,918763.875,55.684,,,,,,,,,,,,,,,,,,,,,,,,,,,,,,,,,,,,,,,
Brunei,1955,BRN,64283.0,,,,,,,,,,,,,,,,,,,,,,,,,,,,,,,,,,,,,,,,,,,,13.235,0.114,15211.288,0.978,,,,,,,,,,,,,,,,,,,,,,,,,,,,,,,,,,,,9.712,5.408,950366.188,61.092,,,,,,,,,,,,,,,,,,,,,,,,,,,,,,,,,,,,,,,
Brunei,1956,BRN,68225.0,,,,,,,,,,,,,,,,,,,,,,,,,,,,,,,,,,,,,,,,,,,,6.494,0.063,15263.064,1.041,,,,,,,,,,,,,,,,,,,,,,,,,,,,,,,,,,,,7.31,4.466,960913.312,65.558,,,,,,,,,,,,,,,,,,,,,,,,,,,,,,,,,,,,,,,
Brunei,1957,BRN,72398.0,,,,,,,,,,,,,,,,,,,,,,,,,,,,,,,,,,,,,,,,,,,,-7.317,-0.076,13330.869,0.965,,,,,,,,,,,,,,,,,,,,,,,,,,,,,,,,,,,,-2.005,-1.314,887374.188,64.244,,,,,,,,,,,,,,,,,,,,,,,,,,,,,,,,,,,,,,,
Brunei,1958,BRN,76708.0,,,,,,,,,,,,,,,,,,,,,,,,,,,,,,,,,,,,,,,,,,,,-1.316,-0.013,12416.295,0.952,,,,,,,,,,,,,,,,,,,,,,,,,,,,,,,,,,,,-5.702,-3.663,789756.875,60.581,,,,,,,,,,,,,,,,,,,,,,,,,,,,,,,,,,,,,,,
Brunei,1959,BRN,81067.0,,,,,,,,,,,,,,,,,,,,,,,,,,,,,,,,,,,,,,,,,,,,177.333,1.689,32582.967,2.641,,,,,,,,,,,,,,,,,,,,,,,,,,,,,,,,,,,,3.475,2.105,773257.938,62.686,,,,,,,,,,,,,,,,,,,,,,,,,,,,,,,,,,,,,,,
Brunei,1960,BRN,85361.0,,,,,,,,,,,,,,,,,,,,,,,,,,,,,,,,,,,,,,,,,,,,3.365,0.089,31985.297,2.73,,,,,,,,,,,,,,,,,,,,,,,,,,,,,,,,,,,,-14.972,-9.385,624410.312,53.3,,,,,,,,,,,,,,,,,,,,,,,,,,,,,,,,,,,,,,,
Brunei,1961,BRN,89580.0,,,,,,,,,,,,,,,,,,,,,,,,,,,,,,,,,,,,,,,,,,,,-2.326,-0.063,29770.057,2.667,,,,,,,,,,,,,,,,,,,,,,,,,,,,,,,,,,,,-10.015,-5.338,535411.0,47.962,,,,,,,,,,,,,,,,,,,,,,,,,,,,,,,,,,,,,,,
Brunei,1962,BRN,93853.0,,,,,,,,,,,,,,,,,,,,,,,,,,,,,,,,,,,,,,,,,,,,-0.476,-0.013,28279.357,2.654,,,,,,,,,,,,,,,,,,,,,,,,,,,,,,,,,,,,-8.099,-3.884,469646.156,44.078,,,,,,,,,,,,,,,,,,,,,,,,,,,,,,,,,,,,,,,
Brunei,1963,BRN,98292.0,,,,,,,,,,,,,,,,,,,,,,,,,,,,,,,,,,,,,,,,,,,,-5.263,-0.14,25581.053,2.514,,,,,,,,,,,,,,,,,,,,,,,,,,,,,,,,,,,,-9.288,-4.094,406787.344,39.984,,,,,,,,,,,,,,,,,,,,,,,,,,,,,,,,,,,,,,,
Brunei,1964,BRN,102921.0,,,,,,,,,,,,,,,,,,,,,,,,,,,,,,,,,,,,,,,,,,,,-12.626,-0.317,21345.854,2.197,,,,,,,,,,,,,,,,,,,,,,,,,,,,,,,,,,,,3.083,1.233,400469.5,41.217,,,,,,,,,,,,,,,,,,,,,,,,,,,,,,,,,,,,,,,
Brunei,1965,BRN,107701.0,,,,,,,,,,,,,,,,,,,,,,,,,,,,,,,,,,,,,,,,,,,,21.965,0.483,24879.068,2.68,,,,,,,,,,,,,,,,,,,,,,,,,,,,,,,,,,,,11.879,4.896,428154.344,46.113,,,,,,,,,,,,,,,,,,,,,,,,,,,,,,,,,,,,,,,
Brunei,1966,BRN,112608.0,,,,,,,,,,,,,,,,,,,,,,,,,,,,,,,,,,,,,,,,,,,,-4.739,-0.127,22667.219,2.553,,,,,,,,,,,,,,,,,,,,,,,,,,,,,,,,,,,,20.067,9.253,491669.75,55.366,,,,,,,,,,,,,,,,,,,,,,,,,,,,,,,,,,,,,,,
Brunei,1967,BRN,117645.0,,,,,,,,,,,,,,,,,,,,,,,,,,,,,,,,,,,,,,,,,,,,7.96,0.203,23423.818,2.756,,,,,,,,,,,,,,,,,,,,,,,,,,,,,,,,,,,,8.356,4.627,509945.969,59.993,,,,,,,,,,,,,,,,,,,,,,,,,,,,,,,,,,,,,,,
Brunei,1968,BRN,122783.0,,,,,,,,,,,,,,,,,,,,,,,,,,,,,,,,,,,,,,,,,,,,-1.843,-0.051,22029.914,2.705,,,,,,,,,,,,,,,,,,,,,,,,,,,,,,,,,,,,17.674,10.603,574961.0,70.595,,,,,,,,,,,,,,,,,,,,,,,,,,,,,,,,,,,,,,,
Brunei,1969,BRN,128021.0,,,,,,,,,,,,,,,,,,,,,,,,,,,,,,,,,,,,,,,,,,,,-10.329,-0.279,18946.264,2.426,,,,,,,,,,,,,,,,,,,,,,,,,,,,,,,,,,,,1.365,0.964,558964.688,71.559,,,,,,,,,,,,,,,,,,,,,,,,,,,,,,,,,,,,,,,
Brunei,1970,BRN,133349.0,,,,,,,,,,,,,,,,,,,,,,,,,,,,,,,,,,,,,,,,,,,,-11.967,-0.29,16012.492,2.135,,,,,,,,,,,,,,,,,,,,,,,,,,,,,,,,,,,,9.698,6.94,588674.75,78.499,,,,,,,,,,,,,,,,,,,,,,,,,,,,,,,,,,,,,,,
Brunei,1971,BRN,138679.0,,,,,,,,,,,,,,,,,,,,,,,,,,,,,,,,,,,,,,,,,,,,-0.913,-0.019,15256.456,2.116,,,,,,,,,,,,,,,,,,,,,,,,,,,,,,,,,,,,-5.157,-4.048,536857.625,74.451,,,,,,,,,,,,,,,,,,,,,,,,,,,,,,,,,,,,,,,
Brunei,1972,BRN,143903.0,,,,,,,,,,,,,,,,,,,,,,,,,,,,,,,,,,,,,,,,,,,,105.3,2.228,30184.393,4.344,,,,,,,,,,,,,,,,,,,,,,,,,,,,,,,,,,,,41.557,30.939,732370.875,105.39,,,,,,,,,,,,,,,,,,,,,,,,,,,,,,,,,,,,,,,
Brunei,1973,BRN,149076.0,,,,,,,,,,,,,,,,,,,,,,,,,,,,,,,,,,,,,,,,,,,,336.7,14.625,127241.312,18.969,,,,,,,,,,,,,,,,,,,,,,,,,,,,,,,,,,,,26.178,27.589,892022.375,132.979,,,,,,,,,,,,,,,,,,,,,,,,,,,,,,,,,,,,,,,
Brunei,1974,BRN,154327.0,,,,,,,,,,,,,,,,,,,,,,,,,,,,,,,,,,,,,,,,,,,,117.065,22.206,266798.75,41.174,,,,,,,,,,,,,,,,,,,,,,,,,,,,,,,,,,,,-14.815,-19.7,734018.438,113.279,,,,,,,,,,,,,,,,,,,,,,,,,,,,,,,,,,,,,,,
Brunei,1975,BRN,159667.0,,,,,,,,,,,,,,,,,,,,,,,,,,,,,,,,,,,,,,,,,,,,31.139,12.821,338175.688,53.995,,,,,,,,,,,,,,,,,,,,,,,,,,,,,,,,,,,,-5.888,-6.669,667699.312,106.61,,,,,,,,,,,,,,,,,,,,,,,,,,,,,,,,,,,,,,,
Brunei,1976,BRN,165079.0,,,,,,,,,,,,,,,,,,,,,,,,,,,,,,,,,,,,,,,,,,,,31.889,17.218,431393.438,71.214,,,,,,,,,,,,,,,,,,,,,,,,,,,,,,,,,,,,15.869,16.918,748295.188,123.528,,,,,,,,,,,,,,,,,,,,,,,,,,,,,,,,,,,,,,,
Brunei,1977,BRN,170572.0,,,,,,,,,,,,,,,,,,,,,,,,,,,,,,,,,,,,,,,,,,,,14.759,10.51,479120.219,81.724,,,,,,,,,,,,,,,,,,,,,,,,,,,,,,,,,,,,4.533,5.6,757026.0,129.127,,,,,,,,,,,,,,,,,,,,,,,,,,,,,,,,,,,,,,,
Brunei,1978,BRN,176184.0,,,,,,,,,,,,,,,,,,,,,,,,,,,,,,,,,,,,,,,,,,,,-1.986,-1.623,454644.719,80.101,,,,,,,,,,,,,,,,,,,,,,,,,,,,,,,,,,,,5.703,7.364,774712.312,136.492,,,,,,,,,,,,,,,,,,,,,,,,,,,,,,,,,,,,,,,
Brunei,1979,BRN,181964.0,,,,,,,,,,,,,,,,,,,,,,,,,,,,,,,,,,,,,,,,,,,,4.765,3.817,461180.469,83.918,,,,,,,,,,,,,,,,,,,,,,,,,,,,,,,,,,,,8.56,11.683,814311.375,148.175,,,,,,,,,,,,,,,,,,,,,,,,,,,,,,,,,,,,,,,
Brunei,1980,BRN,187931.0,,,,,,,,,,,,,,,,,,,0.0,0.0,,,,,,,,128381.539,,,,,,,,,,,,,,,,0.372,0.312,448197.781,84.23,,,,,,,,,,,,,,,,,,,,,,,,,,,,,,,,,,,,-8.049,-11.927,724993.938,136.249,,,,,,,,,,,,,,,24.127,,,,,,,,,,,,,,,,,,,,,,,,
Brunei,1981,BRN,194106.0,,,,,,,,,,,,,,,,,,0.0,0.0,0.0,,,,,,3.397,0.819,128519.219,,,,,,,,,,,,,,,,-3.183,-2.681,420126.094,81.549,,,,,,,,,,,,,,,,,,,,,,,,,,,,,,,,,,,,-27.751,-37.81,507139.844,98.439,,,,,,,,,,,,,,,24.946,,,,,,,,,,,,,,,,,,,,,,,,
Brunei,1982,BRN,200642.0,,,,,,,,,,,,,,,,,,0.0,0.0,0.0,,,,,,9.095,2.269,135640.422,,,,,,,,,,,,,,,,-0.12,-0.097,405954.375,81.451,,,,,,,,,,,,,,,,,,,,,,,,,,,,,,,,,,,,2.506,2.467,502915.875,100.906,,,,,,,,,,,,,,,27.215,,,,,,,,,,,,,,,,,,,,,,,,
Brunei,1983,BRN,207541.0,,,,,,,,,,,,,,,,,,0.0,0.0,0.0,,,,,,-21.41,-5.827,103056.602,,,,,,,,,,,,,,,,4.297,3.5,409325.156,84.952,,,,,,,,,,,,,,,,,,,,,,,,,,,,,,,,,,,,0.72,0.727,489699.969,101.633,,,,,,,,,,,,,,,21.388,,,,,,,,,,,,,,,,,,,,,,,,
Brunei,1984,BRN,214701.0,,,,,,,,,,,,,,,,,,0.0,0.0,0.0,,,,,,-11.646,-2.491,88017.859,,,,,,,,,,,,,,,,1.194,1.014,400397.531,85.966,,,,,,,,,,,,,,,,,,,,,,,,,,,,,,,,,,,,-3.648,-3.707,456102.156,97.926,,,,,,,,,,,,,,,18.898,,,,,,,,,,,,,,,,,,,,,,,,
Brunei,1985,BRN,222134.0,,,,,,,,,,,,,,,,,,0.0,0.0,0.0,,,,,,19.342,3.655,101527.688,,,,,,,,,,,,,,,,-2.512,-2.16,377277.312,83.806,,,,,,,,,,,,,,,,,,,,,,,,,,,,,,,,,,,,-2.89,-2.83,428100.125,95.096,,,,,,,,,,,,,,,22.553,,,,,,,,,,,,,,,,,,,,,,,,
Brunei,1986,BRN,229827.0,,,,,,,,,,,,,,,,,,0.0,0.0,0.0,,,,,,-33.74,-7.609,65020.742,,,,,,,,,,,,,,,,0.262,0.219,365603.281,84.026,,,,,,,,,,,,,,,,,,,,,,,,,,,,,,,,,,,,-1.415,-1.346,407914.094,93.75,,,,,,,,,,,,,,,14.944,,,,,,,,,,,,,,,,,,,,,,,,
Brunei,1987,BRN,237727.0,,,,,,,,,,,,,,,,,,0.0,0.0,0.0,,,,,,59.706,8.922,100390.953,,,,,,,,,,,,,,,,-0.232,-0.195,352633.469,83.83,,,,,,,,,,,,,,,,,,,,,,,,,,,,,,,,,,,,-6.156,-5.771,370083.719,87.979,,,,,,,,,,,,,,,23.866,,,,,,,,,,,,,,,,,,,,,,,,
Brunei,1988,BRN,245746.0,,,,,,,,,,,,,,,,,,0.0,0.0,0.0,,,,,,-13.374,-3.192,84126.477,,,,,,,,,,,,,,,,3.896,3.266,354417.781,87.097,,,,,,,,,,,,,,,,,,,,,,,,,,,,,,,,,,,,-3.153,-2.774,346720.062,85.205,,,,,,,,,,,,,,,20.674,,,,,,,,,,,,,,,,,,,,,,,,
Brunei,1989,BRN,253824.0,,,,,,,,,,,,,,,,,,0.0,0.0,0.0,,,,,,17.486,3.615,95691.672,,,,,,,,,,,,,,,,-2.004,-1.745,336262.531,85.352,,,,,,,,,,,,,,,,,,,,,,,,,,,,,,,,,,,,-0.377,-0.322,334418.594,84.883,,,,,,,,,,,,,,,24.289,,,,,,,,,,,,,,,,,,,,,,,,
Brunei,1990,BRN,261936.0,,,,,,,,,,,,,,,,,,0.0,0.0,0.0,,,,,,-15.385,-3.737,78462.109,,,,,,,,,,,,,,,,1.959,1.672,332232.375,87.024,,,,,,,,,,,,,,,,,,,,,,,,,,,,,,,,,,,,1.359,1.154,328466.688,86.037,,,,,,,,,,,,,,,20.552,,,,,,,,,,,,,,,,,,,,,,,,
Brunei,1991,BRN,269869.0,,,,,,,,,,,,,,,,,,0.0,0.0,0.0,,,,,,-20.082,-4.127,60861.879,,,,,,,,,,,,,,,,1.507,1.311,327325.469,88.335,,,,,,,,,,,,,,,,,,,,,,,,,,,,,,,,,,,,8.194,7.05,344934.062,93.087,,,,,,,,,,,,,,,16.425,,,,,,,,,,,,,,,,,,,,,,,,
Brunei,1992,BRN,277427.0,,,,,,,,,,,,,,,,,,0.0,0.0,0.0,,,,,,-2.216,-0.364,57892.043,,,,,,,,,,,,,,,,7.638,6.747,342728.0,95.082,,,,,,,,,,,,,,,,,,,,,,,,,,,,,,,,,,,,11.478,10.685,374051.062,103.772,,,,,,,,,,,,,,,16.061,,,,,,,,,,,,,,,,,,,,,,,,
Brunei,1993,BRN,284723.0,,,,,,,,,,,,,,,,,,0.0,0.0,0.0,,,,,,-4.953,-0.796,53614.461,,,,,,,,,,,,,,,,5.881,5.592,353584.438,100.674,,,,,,,,,,,,,,,,,,,,,,,,,,,,,,,,,,,,-4.272,-4.433,348895.562,99.339,,,,,,,,,,,,,,,15.265,,,,,,,,,,,,,,,,,,,,,,,,
Brunei,1994,BRN,291950.0,,,,,,,,,,,,,,,,,,0.0,0.0,0.0,,,,,,-3.891,-0.594,50252.98,,,,,,,,,,,,,,,,0.634,0.639,347019.188,101.312,,,,,,,,,,,,,,,,,,,,,,,,,,,,,,,,,,,,2.33,2.314,348186.344,101.653,,,,,,,,,,,,,,,14.671,,,,,,,,,,,,,,,,,,,,,,,,
Brunei,1995,BRN,299108.0,,,,,,,,,,,,,,,,,,0.0,0.0,0.0,,,,,,23.681,3.474,60665.789,,,,,,,,,,,,,,,,13.184,13.357,383372.375,114.67,,,,,,,,,,,,,,,,,,,,,,,,,,,,,,,,,,,,-2.289,-2.327,332074.625,99.326,,,,,,,,,,,,,,,18.146,,,,,,,,,,,,,,,,,,,,,,,,
Brunei,1996,BRN,306210.0,,,,,,,,,,,,,,,,,,0.0,0.0,0.0,,,,,,-6.868,-1.246,55188.805,,,,,,,,,,,,,,,,-0.867,-0.994,371232.969,113.675,,,,,,,,,,,,,,,,,,,,,,,,,,,,,,,,,,,,-5.363,-5.326,306978.188,94.0,,,,,,,,,,,,,,,16.899,,,,,,,,,,,,,,,,,,,,,,,,
Brunei,1997,BRN,313224.0,,,,,,,,,,,,,,,,,,0.0,0.0,0.0,,,,,,6.943,1.173,57698.684,,,,,,,,,,,,,,,,0.077,0.088,363200.125,113.763,,,,,,,,,,,,,,,,,,,,,,,,,,,,,,,,,,,,-1.509,-1.418,295576.781,92.582,,,,,,,,,,,,,,,18.073,,,,,,,,,,,,,,,,,,,,,,,,
Brunei,1998,BRN,320156.0,,,,,,,,,,,,,,,,,,0.0,0.0,0.0,,,,,,-9.555,-1.727,51055.582,,,,,,,,,,,,,,,,-7.688,-8.746,328019.0,105.017,,,,,,,,,,,,,,,,,,,,,,,,,,,,,,,,,,,,-3.747,-3.469,278342.094,89.113,,,,,,,,,,,,,,,16.346,,,,,,,,,,,,,,,,,,,,,,,,
Brunei,1999,BRN,327058.0,,,,,,,,,,,,,,,,,,0.0,0.0,0.0,,,,,,17.987,2.94,58967.641,,,,,,,,,,,,,,,,4.243,4.456,334720.438,109.473,,,,,,,,,,,,,,,,,,,,,,,,,,,,,,,,,,,,16.325,14.548,316949.312,103.661,,,,,,,,,,,,,,,19.286,,,,,,,,,,,,,,,,,,,,,,,,
Brunei,2000,BRN,333937.0,,,,,,0.0,0.0,0.0,,698.745,,,,,0.0,0.0,,0.0,0.0,0.0,0.0,,2.39,2.39,,1.96,0.378,58884.859,,,,7157.039,2.39,,,100.0,,,,,0.0,0.0,,0.623,0.683,329869.125,110.156,0.0,,1.67,,,,0.0,0.0,,0.0,,,,,0.0,0.0,,0.0,,0.0,0.0,,,,0.0,0.0,,0.0,,,,,7157.039,2.39,,6.413,6.647,330326.312,110.308,100.0,,,0.0,0.0,,,0.0,0.0,,0.0,0.0,,7157.039,19.664,,,,0.0,0.0,,0.0,,,,,0.0,0.0,,0.0,,,,,0.0,0.0,,0.0,
Brunei,2001,BRN,340759.0,,,,,,0.0,0.0,0.0,,698.347,,,,,0.0,0.0,,0.0,0.0,0.0,0.0,,2.42,2.42,,13.698,2.693,65610.273,,,,7101.793,2.42,,,100.0,,,,,0.0,0.0,,0.876,0.965,326097.75,111.121,0.0,,1.69,,,,0.0,0.0,,0.0,,,,,0.0,0.0,,0.0,,0.0,0.0,,,,0.0,0.0,,0.0,,,,,7101.793,2.42,,4.918,5.425,339634.469,115.733,100.0,,,0.0,0.0,,,0.0,0.0,,0.0,0.0,,7101.793,22.357,,,,0.0,0.0,,0.0,,,,,0.0,0.0,,0.0,,,,,0.0,0.0,,0.0,
Brunei,2002,BRN,347470.0,,,,,,0.0,0.0,0.0,,700.787,,,,,0.0,0.0,,0.0,0.0,0.0,0.0,,2.54,2.54,,16.77,3.749,75133.312,,,,7309.983,2.54,,,100.0,,,,,0.0,0.0,,0.544,0.604,321539.25,111.725,0.0,,1.78,,,,0.0,0.0,,0.0,,,,,0.0,0.0,,0.0,,0.0,0.0,,,,0.0,0.0,,0.0,,,,,7309.983,2.54,,3.387,3.92,344357.344,119.654,100.0,,,0.0,0.0,,,0.0,0.0,,0.0,0.0,,7309.983,26.107,,,,0.0,0.0,,0.0,,,,,0.0,0.0,,0.0,,,,,0.0,0.0,,0.0,
Brunei,2003,BRN,354049.0,,,,,,0.0,0.0,0.0,,700.0,,,,,0.0,0.0,,0.0,0.0,0.0,0.0,,3.0,3.0,,3.455,0.902,76284.742,,,,8473.403,3.0,,,100.0,,,,,0.0,0.0,,7.81,8.726,340211.375,120.451,0.0,,2.1,,,,0.0,0.0,,0.0,,,,,0.0,0.0,,0.0,,0.0,0.0,,,,0.0,0.0,,0.0,,,,,8473.403,3.0,,1.999,2.392,344713.219,122.045,100.0,,,0.0,0.0,,,0.0,0.0,,0.0,0.0,,8473.403,27.009,,,,0.0,0.0,,0.0,,,,,0.0,0.0,,0.0,,,,,0.0,0.0,,0.0,
Brunei,2004,BRN,360472.0,,,,,,0.0,0.0,0.0,,700.326,,,,,0.0,0.0,,0.0,0.0,0.0,0.0,,3.07,3.07,,11.047,2.984,83202.562,,,,8516.611,3.07,,,100.0,,,,,0.0,0.0,,-0.982,-1.183,330866.812,119.268,0.0,,2.15,,,,0.0,0.0,,0.0,,,,,0.0,0.0,,0.0,,0.0,0.0,,,,0.0,0.0,,0.0,,,,,8516.611,3.07,,-1.631,-1.99,333049.812,120.055,100.0,,,0.0,0.0,,,0.0,0.0,,0.0,0.0,,8516.611,29.992,,,,0.0,0.0,,0.0,,,,,0.0,0.0,,0.0,,,,,0.0,0.0,,0.0,
Brunei,2005,BRN,366728.0,,,,,,0.0,0.0,0.0,,700.326,,,,,0.0,0.0,,0.0,0.0,0.0,0.0,,3.07,3.07,,12.652,3.795,92130.18,,,,8371.326,3.07,,,100.0,,,,,0.0,0.0,,-1.823,-2.174,319295.0,117.094,0.0,,2.15,,,,0.0,0.0,,0.0,,,,,0.0,0.0,,0.0,,0.0,0.0,,,,0.0,0.0,,0.0,,,,,8371.326,3.07,,-2.229,-2.676,320072.438,117.38,100.0,,,0.0,0.0,,,0.0,0.0,,0.0,0.0,,8371.326,33.787,,,,0.0,0.0,,0.0,,,,,0.0,0.0,,0.0,,,,,0.0,0.0,,0.0,
Brunei,2006,BRN,372814.0,,,,,,0.0,0.0,0.0,,700.0,,,,,0.0,0.0,,0.0,0.0,0.0,0.0,,3.1,3.1,,54.113,18.283,139666.797,,,,8315.139,3.1,,,100.0,,,,,0.0,0.0,,4.669,5.467,328746.406,122.561,0.0,,2.17,,,,0.0,0.0,,0.0,,,,,0.0,0.0,,0.0,,0.0,0.0,,,,0.0,0.0,,0.0,,,,,8315.139,3.1,,7.079,8.31,337136.656,125.689,100.0,,,0.0,0.0,,,0.0,0.0,,0.0,0.0,,8315.139,52.07,,,,0.0,0.0,,0.0,,,,,0.0,0.0,,0.0,,,,,0.0,0.0,,0.0,
Brunei,2007,BRN,378761.0,,,,,,0.0,0.0,0.0,,699.06,,,,,0.0,0.0,,0.0,0.0,0.0,0.0,,3.19,3.19,,4.979,2.592,144318.156,,,,8422.198,3.19,,,100.0,,,,,0.0,0.0,,-2.517,-3.085,315439.75,119.476,0.0,,2.23,,,,0.0,0.0,,0.0,,,,,0.0,0.0,,0.0,,0.0,0.0,,,,0.0,0.0,,0.0,,,,,8422.198,3.19,,-12.138,-15.256,291564.375,110.433,100.0,,,0.0,0.0,,,0.0,0.0,,0.0,0.0,,8422.198,54.662,,,,0.0,0.0,,0.0,,,,,0.0,0.0,,0.0,,,,,0.0,0.0,,0.0,
Brunei,2008,BRN,384579.0,,,,,,0.0,0.0,0.0,,512.422,,,,,0.0,0.0,,0.0,0.0,0.0,0.0,,3.22,3.22,,2.706,1.479,145980.906,,,,8372.792,3.22,,,100.0,,,,,7462.706,2.87,,-0.817,-0.976,308129.062,118.5,89.13,,1.65,,,,0.0,0.0,,0.0,,,,,0.0,0.0,,0.0,,0.0,0.0,,,,0.0,0.0,,0.0,,,,,910.086,0.35,,-9.854,-10.882,258857.953,99.551,10.87,,,0.0,0.0,,,0.0,0.0,,0.0,0.0,,8372.792,56.141,,,,0.0,0.0,,0.0,,,,,0.0,0.0,,0.0,,,,,0.0,0.0,,0.0,
Brunei,2009,BRN,390322.0,,,,,,0.0,0.0,0.0,,513.274,,,,,0.0,0.0,,0.0,0.0,0.0,0.0,,3.39,3.39,,-33.659,-18.897,95420.391,,,,8685.138,3.39,,,100.0,,,,,7737.202,3.02,,-6.088,-7.214,285113.562,111.286,89.086,,1.74,,,,0.0,0.0,,0.0,,,,,0.0,0.0,,0.0,,0.0,0.0,,,,0.0,0.0,,0.0,,,,,947.935,0.37,,-3.941,-3.923,244997.938,95.628,10.914,,,0.0,0.0,,,0.0,0.0,,0.0,0.0,,8685.138,37.245,,,,0.0,0.0,,0.0,,,,,0.0,0.0,,0.0,,,,,0.0,0.0,,0.0,
Brunei,2010,BRN,396064.0,,,,,,0.0,0.0,0.0,,515.406,,,,,0.0,0.0,,0.0,0.0,0.0,0.0,,3.57,3.57,,13.903,5.178,107111.188,,,,9013.694,3.57,,,100.0,,,,,7928.012,3.14,,7.609,8.467,302358.906,119.753,87.955,,1.84,,,,0.0,0.0,,0.0,,,,,0.0,0.0,,0.0,,0.0,0.0,,,,0.0,0.0,,0.0,,,,,1085.683,0.43,,2.464,2.356,247395.219,97.984,12.045,,,0.0,0.0,,,0.0,0.0,,0.0,0.0,,9013.694,42.423,,,,0.0,0.0,,0.0,,,,,0.0,0.0,,0.0,,,,,0.0,0.0,,0.0,
Brunei,2011,BRN,401515.0,,,,,,0.0,0.0,0.0,,514.286,,,,,0.0,0.0,,0.0,0.0,0.0,0.0,,3.5,3.5,,2.72,1.154,108531.148,,,,8716.984,3.5,,,100.0,,,,,7720.758,3.1,,4.204,5.034,310792.656,124.788,88.571,,1.8,,,,0.0,0.0,,0.0,,,,,0.0,0.0,,0.0,,0.0,0.0,,,,0.0,0.0,,0.0,,,,,996.227,0.4,,-4.053,-3.972,234144.625,94.013,11.429,,,0.0,0.0,,,0.0,0.0,,0.0,0.0,,8716.984,43.577,,,,0.0,0.0,,0.0,,,,,0.0,0.0,,0.0,,,,,0.0,0.0,,0.0,
Brunei,2012,BRN,406637.0,,,,,,0.0,0.0,0.0,,513.513,,,,,0.0,0.0,,0.0,0.0,0.0,0.0,,3.7,3.7,,-2.79,-1.216,104173.734,,,,9099.024,3.7,,,100.0,,,,,8066.162,3.28,,-1.823,-2.275,301282.844,122.513,88.649,,1.9,,,,0.0,0.0,,0.0,,,,,0.0,0.0,,0.0,,0.0,0.0,,,,0.0,0.0,,0.0,,,,,1032.862,0.42,,-3.661,-3.442,222730.281,90.57,11.351,,,0.0,0.0,,,0.0,0.0,,0.0,0.0,,9099.024,42.361,,,,0.0,0.0,,0.0,,,,,0.0,0.0,,0.0,,,,,0.0,0.0,,0.0,
Brunei,2013,BRN,411704.0,,,,,,0.0,0.0,0.0,,514.493,,,,,0.0,0.0,,0.0,0.0,0.0,0.0,,4.14,4.14,,-6.996,-2.963,95693.625,,,,10055.768,4.14,,,100.0,,,,,8914.172,3.67,,-2.857,-3.5,289074.531,119.013,88.647,,2.13,,,,0.0,0.0,,0.0,,,,,0.0,0.0,,0.0,,0.0,0.0,,,,0.0,0.0,,0.0,,,,,1141.597,0.47,,-15.557,-14.09,185765.109,76.48,11.353,,,0.0,0.0,,,0.0,0.0,,0.0,0.0,,10055.768,39.397,,,,0.0,0.0,,0.0,,,,,0.0,0.0,,0.0,,,,,0.0,0.0,,0.0,
Brunei,2014,BRN,416670.0,,,,,,0.0,0.0,0.0,,514.151,,,,,0.0,0.0,,0.0,0.0,0.0,0.0,,4.24,4.24,,12.465,4.911,106339.25,,,,10175.918,4.24,,,100.0,,,,,9023.928,3.76,,6.611,7.868,304513.062,126.881,88.679,,2.18,,,,0.0,0.0,,0.0,,,,,0.0,0.0,,0.0,,0.0,0.0,,,,0.0,0.0,,0.0,,,,,1151.991,0.48,,-6.427,-4.915,171754.719,71.565,11.321,,,0.0,0.0,,,0.0,0.0,,0.0,0.0,,10175.918,44.308,,,,0.0,0.0,,0.0,,,,,0.0,0.0,,0.0,,,,,0.0,0.0,,0.0,
Brunei,2015,BRN,421449.0,,,,,,0.0,0.0,0.0,,502.538,,,,,0.0,0.0,,0.0,0.0,0.0,0.0,,3.94,3.94,,10.498,4.651,116170.312,,,,9348.699,3.94,,,100.0,,,,,8850.419,3.73,,4.755,6.033,315375.094,132.915,94.67,,1.98,,,,0.0,0.0,,0.0,,,,,0.0,0.0,,0.0,,0.0,0.0,,,,0.0,0.0,,0.0,,,,,498.281,0.21,,0.383,0.274,170457.281,71.839,5.33,,,0.0,0.0,,,0.0,0.0,,0.0,0.0,,9348.699,48.96,,,,0.0,0.0,,0.0,,,,,0.0,0.0,,0.0,,,,,0.0,0.0,,0.0,
Brunei,2016,BRN,426001.0,,,,,,0.0,0.0,0.0,,501.247,,,,,0.0,0.0,,0.0,0.0,0.0,0.0,,4.01,4.01,,4.457,2.182,120051.602,,,,9413.124,4.01,,,100.0,,,,,8920.167,3.8,,-2.623,-3.486,303821.938,129.428,94.763,,2.01,,,,0.0,0.0,,0.0,,,,,0.0,0.0,,0.0,,0.0,0.0,,,,0.0,0.0,,0.0,,,,,492.957,0.21,,-4.515,-3.244,161021.484,68.595,5.237,,,0.0,0.0,,,0.0,0.0,,0.0,0.0,,9413.124,51.142,,,,0.0,0.0,,0.0,,,,,0.0,0.0,,0.0,,,,,0.0,0.0,,0.0,
Brunei,2017,BRN,430290.0,,,,,,0.0,0.0,0.0,,501.279,,,,,0.0,0.0,,,,,0.0,,3.91,3.91,,0.406,0.207,119337.055,,,,9086.896,3.91,,,100.0,,,,,8598.852,3.7,,-0.679,-0.879,298749.844,128.549,94.629,,1.96,,,,0.0,0.0,,0.0,,,,,0.0,0.0,,0.0,,0.0,0.0,,,,0.0,0.0,,0.0,,,,,488.043,0.21,,-6.961,-4.775,148319.734,63.82,5.371,,,0.0,0.0,,,0.0,0.0,,0.0,0.0,,9086.896,51.35,,,,0.0,0.0,,0.0,,,,,0.0,0.0,,0.0,,,,,0.0,0.0,,0.0,
Brunei,2018,BRN,434283.0,,,,,,0.0,0.0,0.0,,500.0,,,,,0.0,0.0,,,,,0.0,,4.04,4.04,,4.008,2.058,122979.117,,,,9302.689,4.04,,,100.0,,,,,8796.107,3.82,,-2.253,-2.896,289333.719,125.653,94.554,,2.02,,,,0.0,0.0,,0.0,,,,,0.0,0.0,,0.0,,0.0,0.0,,,,0.0,0.0,,0.0,,,,,506.582,0.22,,-1.367,-0.872,144947.578,62.948,5.446,,,0.0,0.0,,,0.0,0.0,,0.0,0.0,,9302.689,53.408,,,,0.0,0.0,,0.0,,,,,0.0,0.0,,0.0,,,,,0.0,0.0,,0.0,
Brunei,2019,BRN,438058.0,,,,,,0.0,0.0,0.0,,659.483,,,,,5250.446,2.3,,,,,49.569,,4.64,4.64,,-1.316,-0.703,120314.977,,,,10592.205,4.64,,,100.0,,,,,5044.994,2.21,,3.302,4.149,296310.906,129.801,47.629,,3.06,,,,0.0,0.0,,0.0,,,,,0.0,0.0,,0.0,,0.0,0.0,,,,0.0,0.0,,0.0,,,,,296.764,0.13,,9.025,5.681,156667.891,68.63,2.802,,,0.0,0.0,,,0.0,0.0,,0.0,0.0,,10592.205,52.705,,,,0.0,0.0,,0.0,,,,,0.0,0.0,,0.0,,,,,0.0,0.0,,0.0,
Brunei,2020,BRN,441736.0,,,,,,0.0,0.0,0.0,,659.091,,,,,4935.074,2.18,,,,,49.545,,4.4,4.4,,5.02,2.646,125303.023,,,,9960.7,4.4,,,100.0,,,,,4753.97,2.1,,-2.614,-3.393,286161.625,126.408,47.727,,2.9,,,,0.0,0.0,,0.0,,,,,0.0,0.0,,0.0,,0.0,0.0,,,,0.0,0.0,,0.0,,,,,271.655,0.12,,-8.849,-6.073,141615.141,62.557,2.727,,,0.0,0.0,,,0.0,0.0,,0.0,0.0,,9960.7,55.351,,,,0.0,0.0,,0.0,,,,,0.0,0.0,,0.0,,,,,0.0,0.0,,0.0,
Brunei,2021,BRN,445382.0,,,,,,0.0,0.0,0.0,,658.849,,,,,5209.012,2.32,,,,,49.467,,4.69,4.69,,-16.905,-9.357,103268.102,,,,10530.286,4.69,,,100.0,,,,,5029.391,2.24,,-8.75,-11.061,258984.625,115.347,47.761,,3.09,,,,0.0,0.0,,0.0,,,,,0.0,0.0,,0.0,,0.0,0.0,,,,0.0,0.0,,0.0,,,,,291.884,0.13,,-3.24,-2.027,135905.453,60.53,2.772,,,0.0,0.0,,,0.0,0.0,,0.0,0.0,,10530.286,45.994,,,,0.0,0.0,,0.0,,,,,0.0,0.0,,0.0,,,,,0.0,0.0,,0.0,
Brunei,2022,BRN,449002.0,,,,,,,,,,,,,,,,,,,,,,,,,,,,,,,,,,,,,,,,,,,,-8.163,-9.416,235925.438,105.931,,,,,,,,,,,,,,,,,,,,,,,,,,,,,,,,,,,,-13.78,-8.341,116233.352,52.189,,,,,,,,,,,,,,,,,,,,,,,,,,,,,,,,,,,,,,,
Bulgaria,1900,BGR,3956269.0,,,,,,,,,,,,,,,,,,,126.551,0.501,,,,,,,,,,,,,,,,,,,,,,,,,,0.0,0.0,,,,,,,,,,,,,,,,,,,,,,,,,,,,,,,,,,,,,,0.0,0.0,,,,,,,,,,,,,,,,,,,,,,,,,,,,,,,,,,,,,,,
Bulgaria,1901,BGR,4008414.0,,,,,,,,,,,,,,,,,17.073,0.085,146.23,0.586,,,,,,,,,,,,,,,,,,,,,,,,,0.0,0.0,0.0,,,,,,,,,,,,,,,,,,,,,,,,,,,,,,,,,,,,,0.0,0.0,0.0,,,,,,,,,,,,,,,,,,,,,,,,,,,,,,,,,,,,,,,
Bulgaria,1902,BGR,4059074.0,,,,,,,,,,,,,,,,,-6.25,-0.037,135.38,0.55,,,,,,,,,,,,,,,,,,,,,,,,,0.0,0.0,0.0,,,,,,,,,,,,,,,,,,,,,,,,,,,,,,,,,,,,,0.0,0.0,0.0,,,,,,,,,,,,,,,,,,,,,,,,,,,,,,,,,,,,,,,
Bulgaria,1903,BGR,4108198.0,,,,,,,,,,,,,,,,,-13.333,-0.073,115.926,0.476,,,,,,,,,,,,,,,,,,,,,,,,,0.0,0.0,0.0,,,,,,,,,,,,,,,,,,,,,,,,,,,,,,,,,,,,,0.0,0.0,0.0,,,,,,,,,,,,,,,,,,,,,,,,,,,,,,,,,,,,,,,
Bulgaria,1904,BGR,4157917.0,,,,,,,,,,,,,,,,,25.641,0.122,143.909,0.598,,,,,,,,,,,,,,,,,,,,,,,,,0.0,0.0,0.0,,,,,,,,,,,,,,,,,,,,,,,,,,,,,,,,,,,,,0.0,0.0,0.0,,,,,,,,,,,,,,,,,,,,,,,,,,,,,,,,,,,,,,,
Bulgaria,1905,BGR,4208238.0,,,,,,,,,,,,,,,,,22.449,0.134,174.108,0.733,,,,,,,,,,,,,,,,,,,,,,,,,0.0,0.0,0.0,,,,,,,,,,,,,,,,,,,,,,,,,,,,,,,,,,,,,0.0,0.0,0.0,,,,,,,,,,,,,,,,,,,,,,,,,,,,,,,,,,,,,,,
Bulgaria,1906,BGR,4259167.0,,,,,,,,,,,,,,,,,-20.0,-0.147,137.621,0.586,,,,,,,,,,,,,,,,,,,,,,,,,0.0,0.0,0.0,,,,,,,,,,,,,,,,,,,,,,,,,,,,,,,,,,,,,0.0,0.0,0.0,,,,,,,,,,,,,,,,,,,,,,,,,,,,,,,,,,,,,,,
Bulgaria,1907,BGR,4310713.0,,,,,,,,,,,,,,,,,25.0,0.147,169.97,0.733,,,,,,,,,,,,,,,,,,,,,,,,,0.0,0.0,0.0,,,,,,,,,,,,,,,,,,,,,,,,,,,,,,,,,,,,,0.0,0.0,0.0,,,,,,,,,,,,,,,,,,,,,,,,,,,,,,,,,,,,,,,
Bulgaria,1908,BGR,4362882.0,,,,,,,,,,,,,,,,,-2.778,-0.02,163.272,0.712,,,,,,,,,,,,,,,,,,,,,,,,,0.0,0.0,0.0,,,,,,,,,,,,,,,,,,,,,,,,,,,,,,,,,,,,,0.0,0.0,0.0,,,,,,,,,,,,,,,,,,,,,,,,,,,,,,,,,,,,,,,
Bulgaria,1909,BGR,4415050.0,,,,,,,,,,,,,,,,,26.857,0.191,204.675,0.904,,,,,,,,,,,,,,,,,,,,,,,,,0.0,0.0,0.0,,,,,,,,,,,,,,,,,,,,,,,,,,,,,,,,,,,,,0.0,0.0,0.0,,,,,,,,,,,,,,,,,,,,,,,,,,,,,,,,,,,,,,,
Bulgaria,1910,BGR,4467209.0,8190239744.0,,,,,,,,,,,,,,,,8.108,0.073,218.687,0.977,,,,,,,,,,,,,,,,,,,,,,,,,0.0,0.0,0.0,,,,,,,,,,,,,,,,,,,,,,,,,,,,,,,,,,,,,0.0,0.0,0.0,,,,,,,,,,,,,,,,,,,,,,,,,,,,,,,,,,,,,,,
Bulgaria,1911,BGR,4519353.0,,,,,,,,,,,,,,,,,23.75,0.232,267.503,1.209,,,,,,,,,,,,,,,,,,,,,,,,,0.0,0.0,0.0,,,,,,,,,,,,,,,,,,,,,,,,,,,,,,,,,,,,,0.0,0.0,0.0,,,,,,,,,,,,,,,,,,,,,,,,,,,,,,,,,,,,,,,
Bulgaria,1912,BGR,4571473.0,,,,,,,,,,,,,,,,,16.498,0.199,308.083,1.408,,,,,,,,,,,,,,,,,,,,,,,,,0.0,0.0,0.0,,,,,,,,,,,,,,,,,,,,,,,,,,,,,,,,,,,,,0.0,0.0,0.0,,,,,,,,,,,,,,,,,,,,,,,,,,,,,,,,,,,,,,,
Bulgaria,1913,BGR,4623562.0,,,,,,,,,,,,,,,,,5.202,0.073,320.459,1.482,,,,,,,,,,,,,,,,,,,,,,,,,0.0,0.0,0.0,,,,,,,,,,,,,,,,,,,,,,,,,,,,,,,,,,,,,0.0,0.0,0.0,,,,,,,,,,,,,,,,,,,,,,,,,,,,,,,,,,,,,,,
Bulgaria,1914,BGR,4676245.0,,,,,,,,,,,,,,,,,20.055,0.297,380.392,1.779,,,,,,,,,,,,,,,,,,,,,,,,,0.0,0.0,0.0,,,,,,,,,,,,,,,,,,,,,,,,,,,,,,,,,,,,,0.0,0.0,0.0,,,,,,,,,,,,,,,,,,,,,,,,,,,,,,,,,,,,,,,
Bulgaria,1915,BGR,4729527.0,,,,,,,,,,,,,,,,,26.773,0.476,476.804,2.255,,,,,,,,,,,,,,,,,,,,,,,,,0.0,0.0,0.0,,,,,,,,,,,,,,,,,,,,,,,,,,,,,,,,,,,,,0.0,0.0,0.0,,,,,,,,,,,,,,,,,,,,,,,,,,,,,,,,,,,,,,,
Bulgaria,1916,BGR,4783417.0,,,,,,,,,,,,,,,,,18.773,0.423,559.932,2.678,,,,,,,,,,,,,,,,,,,,,,,,,0.0,0.0,0.0,,,,,,,,,,,,,,,,,,,,,,,,,,,,,,,,,,,,,0.0,0.0,0.0,,,,,,,,,,,,,,,,,,,,,,,,,,,,,,,,,,,,,,,
Bulgaria,1917,BGR,4837920.0,,,,,,,,,,,,,,,,,18.845,0.505,657.954,3.183,,,,,,,,,,,,,,,,,,,,,,,,,0.0,0.0,0.0,,,,,,,,,,,,,,,,,,,,,,,,,,,,,,,,,,,,,0.0,0.0,0.0,,,,,,,,,,,,,,,,,,,,,,,,,,,,,,,,,,,,,,,
Bulgaria,1918,BGR,4893987.0,,,,,,,,,,,,,,,,,-12.276,-0.391,570.57,2.792,,,,,,,,,,,,,,,,,,,,,,,,,0.0,0.0,0.0,,,,,,,,,,,,,,,,,,,,,,,,,,,,,,,,,,,,,0.0,0.0,0.0,,,,,,,,,,,,,,,,,,,,,,,,,,,,,,,,,,,,,,,
Bulgaria,1919,BGR,4956524.0,,,,,,,,,,,,,,,,,-12.099,-0.338,495.208,2.455,,,,,,,,,,,,,,,,,,,,,,,,,0.0,0.0,0.0,,,,,,,,,,,,,,,,,,,,,,,,,,,,,,,,,,,,,0.0,0.0,0.0,,,,,,,,,,,,,,,,,,,,,,,,,,,,,,,,,,,,,,,
Bulgaria,1920,BGR,5025707.0,8084767744.0,,,,,,,,,,,,,,,,31.841,0.782,643.899,3.236,,,,,,,,,,,,,,,,,,,,,,,,,0.0,0.0,0.0,,,,,,,,,,,,,,,,,,,,,,,,,,,,,,,,,,,,,0.0,0.0,0.0,,,,,,,,,,,,,,,,,,,,,,,,,,,,,,,,,,,,,,,
Bulgaria,1921,BGR,5101718.0,8205912064.0,,,,,,,,,,,,,,,,23.648,0.765,784.305,4.001,,,,,,,,,,,,,,,,,,,,,,,,,0.0,0.0,0.0,,,,,,,,,,,,,,,,,,,,,,,,,,,,,,,,,,,,,0.0,0.0,0.0,,,,,,,,,,,,,,,,,,,,,,,,,,,,,,,,,,,,,,,
Bulgaria,1922,BGR,5184739.0,,,,,,,,,,,,,,,,,9.969,0.399,848.685,4.4,,,,,,,,,,,,,,,,,,,,,,,,,0.0,0.0,0.0,,,,,,,,,,,,,,,,,,,,,,,,,,,,,,,,,,,,,0.0,0.0,0.0,,,,,,,,,,,,,,,,,,,,,,,,,,,,,,,,,,,,,,,
Bulgaria,1923,BGR,5274959.0,,,,,,,,,,,,,,,,,5.365,0.236,878.926,4.636,,,,,,,,,,,,,,,,,,,,,,,,,0.0,0.0,0.0,,,,,,,,,,,,,,,,,,,,,,,,,,,,,,,,,,,,,0.0,0.0,0.0,,,,,,,,,,,,,,,,,,,,,,,,,,,,,,,,,,,,,,,
Bulgaria,1924,BGR,5366749.0,8953260032.0,,,,,,,,,,,,,,,,13.696,0.635,982.214,5.271,,,,,,,,,,,,,,,,,,,,,,,,,0.0,0.0,0.0,,,,,,,,,,,,,,,,,,,,,,,,,,,,,,,,,,,,,0.0,0.0,0.0,,,,,,,,,,,,,,,,,,,,,,,,,,,,,,,,,,,,,,,
Bulgaria,1925,BGR,5460137.0,10894910464.0,,,,,,,,,,,,,,,,-1.158,-0.061,954.232,5.21,,,,,,,,,,,,,,,,,,,,,,,,,0.0,0.0,0.0,,,,,,,,,,,,,,,,,,,,,,,,,,,,,,,,,,,,,0.0,0.0,0.0,,,,,,,,,,,,,,,,,,,,,,,,,,,,,,,,,,,,,,,
Bulgaria,1926,BGR,5555149.0,11284490240.0,,,,,,,,,,,,,,,,-0.781,-0.041,930.584,5.17,,,,,,,,,,,,,,,,,,,,,,,,,0.0,0.0,0.0,,,,,,,,,,,,,,,,,,,,,,,,,,,,,,,,,,,,,0.0,0.0,0.0,,,,,,,,,,,,,,,,,,,,,,,,,,,,,,,,,,,,,,,
Bulgaria,1927,BGR,5651814.0,10923431936.0,,,,,,,,,,,,,,,,2.835,0.147,940.596,5.316,,,,,,,,,,,,,,,,,,,,,,,,,0.0,0.0,0.0,,,,,,,,,,,,,,,,,,,,,,,,,,,,,,,,,,,,,0.0,0.0,0.0,,,,,,,,,,,,,,,,,,,,,,,,,,,,,,,,,,,,,,,
Bulgaria,1928,BGR,5750162.0,11358382080.0,,,,,,,,,,,,,,,,14.931,0.794,1062.547,6.11,,,,,,,,,,,,,,,,,,,,,,,,,0.0,0.0,0.0,,,,,,,,,,,,,,,,,,,,,,,,,,,,,,,,,,,,,0.0,0.0,0.0,,,,,,,,,,,,,,,,,,,,,,,,,,,,,,,,,,,,,,,
Bulgaria,1929,BGR,5841566.0,11638200320.0,,,,,,,,,,,,,,,,15.323,0.936,1206.189,7.046,,,,,,,,,,,,,,,,,,,,,,,,,0.0,0.0,0.0,,,,,,,,,,,,,,,,,,,,,,,,,,,,,,,,,,,,,0.0,0.0,0.0,,,,,,,,,,,,,,,,,,,,,,,,,,,,,,,,,,,,,,,
Bulgaria,1930,BGR,5925817.0,12240836608.0,,,,,,,,,,,,,,,,-3.871,-0.273,1143.017,6.773,,,,,,,,,,,,,,,,,,,,,,,,,0.0,0.0,0.0,,,,,,,,,,,,,,,,,,,,,,,,,,,,,,,,,,,,,0.0,0.0,0.0,,,,,,,,,,,,,,,,,,,,,,,,,,,,,,,,,,,,,,,
Bulgaria,1931,BGR,6002703.0,12505088000.0,,,,,,,,,,,,,,,,-3.305,-0.224,1091.081,6.549,,,,,,,,,,,,,,,,,,,,,,,,,0.0,0.0,0.0,,,,,,,,,,,,,,,,,,,,,,,,,,,,,,,,,,,,,0.0,0.0,0.0,,,,,,,,,,,,,,,,,,,,,,,,,,,,,,,,,,,,,,,
Bulgaria,1932,BGR,6072006.0,12019397632.0,,,,,,,,,,,,,,,,15.538,1.018,1246.221,7.567,,,,,,,,,,,,,,,,,,,,,,,,,0.0,0.0,0.0,,,,,,,,,,,,,,,,,,,,,,,,,,,,,,,,,,,,,0.0,0.0,0.0,,,,,,,,,,,,,,,,,,,,,,,,,,,,,,,,,,,,,,,
Bulgaria,1933,BGR,6133503.0,13016558592.0,,,,,,,,,,,,,,,,-11.081,-0.839,1097.014,6.729,,,,,,,,,,,,,,,,,,,,,,,,,0.0,0.0,0.0,,,,,,,,,,,,,,,,,,,,,,,,,,,,,,,,,,,,,0.0,0.0,0.0,,,,,,,,,,,,,,,,,,,,,,,,,,,,,,,,,,,,,,,
Bulgaria,1934,BGR,6195623.0,11910723584.0,,,,,,,,,,,,,,,,4.416,0.297,1133.975,7.026,,,,,,,,,,,,,,,,,,,,,,,,,0.0,0.0,0.0,,,,,,,,,,,,,,,,,,,,,,,,,,,,,,,,,,,,,0.0,0.0,0.0,,,,,,,,,,,,,,,,,,,,,,,,,,,,,,,,,,,,,,,
Bulgaria,1935,BGR,6258372.0,12778680320.0,,,,,,,,,,,,,,,,1.506,0.106,1139.516,7.132,,,,,,,,,,,,,,,,,,,,,,,,,0.0,0.0,0.0,,,,,,,,,,,,,,,,,,,,,,,,,,,,,,,,,,,,,0.0,0.0,0.0,,,,,,,,,,,,,,,,,,,,,,,,,,,,,,,,,,,,,,,
Bulgaria,1936,BGR,6321757.0,14290021376.0,,,,,,,,,,,,,,,,1.598,0.114,1146.12,7.245,,,,,,,,,,,,,,,,,,,,,,,,,0.0,0.0,0.0,,,,,,,,,,,,,,,,,,,,,,,,,,,,,,,,,,,,,0.0,0.0,0.0,,,,,,,,,,,,,,,,,,,,,,,,,,,,,,,,,,,,,,,
Bulgaria,1937,BGR,6385784.0,15698740224.0,,,,,,,,,,,,,,,,10.787,0.782,1257.015,8.027,,,,,,,,,,,,,,,,,,,,,,,,,0.0,0.0,0.0,,,,,,,,,,,,,,,,,,,,,,,,,,,,,,,,,,,,,0.0,0.0,0.0,,,,,,,,,,,,,,,,,,,,,,,,,,,,,,,,,,,,,,,
Bulgaria,1938,BGR,6450459.0,15681395712.0,,,,,,,,,,,,,,,,13.286,1.066,1409.744,9.093,,,,,,,,,,,,,,,,,,,,,,,,,0.0,0.0,0.0,,,,,,,,,,,,,,,,,,,,,,,,,,,,,,,,,,,,,0.0,0.0,0.0,,,,,,,,,,,,,,,,,,,,,,,,,,,,,,,,,,,,,,,
Bulgaria,1939,BGR,6513568.0,17672607744.0,,,,,,,,,,,,,,,,10.206,0.928,1538.569,10.022,,,,,,,,,,,,,,,,,,,,,,,,,0.0,0.0,0.0,,,,,,,,,,,,,,,,,,,,,,,,,,,,,,,,,,,,,0.0,0.0,0.0,,,,,,,,,,,,,,,,,,,,,,,,,,,,,,,,,,,,,,,
Bulgaria,1940,BGR,6575077.0,17884878848.0,,,,,,,,,,,,,,,,21.04,2.109,1844.859,12.13,,,,,,,,,,,,,,,,,,,,,,,,,0.0,0.0,0.0,,,,,,,,,,,,,,,,,,,,,,,,,,,,,,,,,,,,,0.0,0.0,0.0,,,,,,,,,,,,,,,,,,,,,,,,,,,,,,,,,,,,,,,
Bulgaria,1941,BGR,6634949.0,16021990400.0,,,,,,,,,,,,,,,,7.685,0.932,1968.702,13.062,,,,,,,,,,,,,,,,,,,,,,,,,0.0,0.0,0.0,,,,,,,,,,,,,,,,,,,,,,,,,,,,,,,,,,,,,0.0,0.0,0.0,,,,,,,,,,,,,,,,,,,,,,,,,,,,,,,,,,,,,,,
Bulgaria,1942,BGR,6693150.0,15566528512.0,,,,,,,,,,,,,,,,21.159,2.764,2364.522,15.826,,,,,,,,,,,,,,,,,,,,,,,,,0.0,0.0,0.0,,,,,,,,,,,,,,,,,,,,,,,,,,,,,,,,,,,,,0.0,0.0,0.0,,,,,,,,,,,,,,,,,,,,,,,,,,,,,,,,,,,,,,,
Bulgaria,1943,BGR,6749643.0,16018488320.0,,,,,,,,,,,,,,,,8.513,1.347,2544.348,17.173,,,,,,,,,,,,,,,,,,,,,,,,,0.0,0.0,0.0,,,,,,,,,,,,,,,,,,,,,,,,,,,,,,,,,,,,,0.0,0.0,0.0,,,,,,,,,,,,,,,,,,,,,,,,,,,,,,,,,,,,,,,
Bulgaria,1944,BGR,6806614.0,14368995328.0,,,,,,,,,,,,,,,,-25.575,-4.392,1877.787,12.781,,,,,,,,,,,,,,,,,,,,,,,,,0.0,0.0,0.0,,,,,,,,,,,,,,,,,,,,,,,,,,,,,,,,,,,,,0.0,0.0,0.0,,,,,,,,,,,,,,,,,,,,,,,,,,,,,,,,,,,,,,,
Bulgaria,1945,BGR,6864065.0,11870820352.0,,,,,,,,,,,,,,,,17.548,2.243,2188.822,15.024,,,,,,,,,,,,,,,,,,,,,,,,,0.0,0.0,0.0,,,,,,,,,,,,,,,,,,,,,,,,,,,,,,,,,,,,,0.0,0.0,0.0,,,,,,,,,,,,,,,,,,,,,,,,,,,,,,,,,,,,,,,
Bulgaria,1946,BGR,6922000.0,,,,,,,,,,,,,,,,,-2.303,-0.346,2120.518,14.678,,,,,,,,,,,,,,,,,,,,,,,,,0.0,0.0,0.0,,,,,,,,,,,,,,,,,,,,,,,,,,,,,,,,,,,,,0.0,0.0,0.0,,,,,,,,,,,,,,,,,,,,,,,,,,,,,,,,,,,,,,,
Bulgaria,1947,BGR,6980425.0,,,,,,,,,,,,,,,,,18.857,2.768,2499.298,17.446,,,,,,,,,,,,,,,,,,,,,,,,,0.0,0.0,0.0,,,,,,,,,,,,,,,,,,,,,,,,,,,,,,,,,,,,,0.0,0.0,0.0,,,,,,,,,,,,,,,,,,,,,,,,,,,,,,,,,,,,,,,
Bulgaria,1948,BGR,7039343.0,15685999616.0,,,,,,,,,,,,,,,,2.52,0.44,2540.83,17.886,,,,,,,,,,,,,,,,,,,,,,,,,0.0,0.0,0.0,,,,,,,,,,,,,,,,,,,,,,,,,,,,,,,,,,,,,0.0,0.0,0.0,,,,,,,,,,,,,,,,,,,,,,,,,,,,,,,,,,,,,,,
Bulgaria,1949,BGR,7098413.0,17268000768.0,,,,,,,,,,,,,,,,22.986,4.111,3098.859,21.997,,,,,,,,,,,,,,,,,,,,,,,,,0.0,0.0,0.0,,,,,,,,,,,,,,,,,,,,,,,,,,,,,,,,,,,,,0.0,0.0,0.0,,,,,,,,,,,,,,,,,,,,,,,,,,,,,,,,,,,,,,,
Bulgaria,1950,BGR,7157630.0,19083315200.0,,,,,,,,,,,,,,,,12.602,2.772,3460.502,24.769,,,,,,,,,,,,,,,,,,,,,,,,,0.0,0.0,0.0,,,,,,,,,,,,,,,,,,,,,,,,,,,,,,,,,,,,,0.0,0.0,0.0,,,,,,,,,,,,,,,,,,,,,,,,,,,,,,,,,,,,,,,
Bulgaria,1951,BGR,7228735.0,23008493568.0,,,,,,,,,,,,,,,,8.529,2.113,3718.712,26.882,,,,,,,,,,,,,,,,,,,,,,,,,0.0,0.0,0.0,,,,,,,,,,,,,,,,,,,,,,,,,,,,,,,,,,,,,0.0,0.0,0.0,,,,,,,,,,,,,,,,,,,,,,,,,,,,,,,,,,,,,,,
Bulgaria,1952,BGR,7293469.0,21948372992.0,,,,,,,,,,,,,,,,15.793,4.246,4267.806,31.127,,,,,,,,,,,,,,,,,,,,,,,,,0.0,0.0,0.0,,,,,,,,,,,,,,,,,,,,,,,,,,,,,,,,,,,,,0.0,0.0,0.0,,,,,,,,,,,,,,,,,,,,,,,,,,,,,,,,,,,,,,,
Bulgaria,1953,BGR,7362716.0,24411090944.0,,,,,,,,,,,,,,,,12.659,3.94,4762.829,35.067,,,,,,,,,,,,,,,,,,,,,,,,,0.0,0.0,0.0,,,,,,,,,,,,,,,,,,,,,,,,,,,,,,,,,,,,,0.0,0.0,0.0,,,,,,,,,,,,,,,,,,,,,,,,,,,,,,,,,,,,,,,
Bulgaria,1954,BGR,7439592.0,23962413056.0,,,,,,,,,,,,,,,,7.023,2.463,5044.633,37.53,,,,,,,,,,,,,,,,,,,,,,,,,0.0,0.0,0.0,,,,,,,,,,,,,,,,,,,,,,,,,,,,,,,,,,,,,0.058,7.816,0.058,,,,,,,,,,,,,,,,,,,,,,,,,,,,,,,,,,,,,,,
Bulgaria,1955,BGR,7517927.0,25677944832.0,,,,,,,,,,,,,,,,12.191,4.575,5600.646,42.105,,,,,,,,,,,,,,,,,,,,,,,,,0.0,0.0,0.0,,,,,,,,,,,,,,,,,,,,,,,,,,,,,,,,,,,,2900.0,1.686,232.045,1.745,,,,,,,,,,,,,,,,,,,,,,,,,,,,,,,,,,,,,,,
Bulgaria,1956,BGR,7596099.0,25697114112.0,,,,,,,,,,,,,,,,8.15,3.431,5994.746,45.537,,,,,,,,,,,,,,,,,,,,,,,,,0.0,0.0,0.0,,,,,,,,,,,,,,,,,,,,,,,,,,,,,,,,,,,,64.667,1.128,378.169,2.873,,,,,,,,,,,,,,,,,,,,,,,,,,,,,,,,,,,,,,,
Bulgaria,1957,BGR,7672064.0,28416757760.0,,,,,,,,,,,,,,,,9.69,4.412,6510.517,49.949,,,,,,,,,,,,,,,,,,,,,,,,,0.0,0.0,0.0,,,,,,,,,,,,,,,,,,,,,,,,,,,,,,,,,,,,15.385,0.442,432.028,3.315,,,,,,,,,,,,,,,,,,,,,,,,,,,,,,,,,,,,,,,
Bulgaria,1958,BGR,7749341.0,30894757888.0,,,,,,,,,,,,,,,,6.845,3.419,6886.821,53.368,,,,,,,,,,,,,,,,,,,,,,,,,0.0,0.0,0.0,,,,,,,,,,,,,,,,,,,,,,,,,,,,,,,,,,,,-22.105,-0.733,333.172,2.582,,,,,,,,,,,,,,,,,,,,,,,,,,,,,,,,,,,,,,,
Bulgaria,1959,BGR,7820755.0,33358891008.0,,,,,,,,,,,,,,,,20.99,11.202,8256.28,64.57,,,,,,,,,,,,,,,,,,,,,,,,,0.0,0.0,0.0,,,,,,,,,,,,,,,,,,,,,,,,,,,,,,,,,,,,-13.514,-0.349,285.517,2.233,,,,,,,,,,,,,,,,,,,,,,,,,,,,,,,,,,,,,,,
Bulgaria,1960,BGR,7891763.0,36520349696.0,,,,,,,,,,,,,,,,11.688,7.547,9138.269,72.117,,,,,,,,,,,,,,,,,,,,,,,,,0.0,0.0,0.0,,,,,,,,,,,,,,,,,,,,,,,,,,,,,,,,,,,,4.167,0.093,294.738,2.326,,,,,,,,,,,,,,,,,,,,,,,,,,,,,,,,,,,,,,,
Bulgaria,1961,BGR,7969343.0,38897446912.0,,,,,,,,,,,,,,,,2.433,1.754,9269.451,73.871,,,,,,,,,,,,,,,,,,,,,,,,,0.0,0.0,0.0,,,,,,,,,,,,,,,,,,,,,,,,,,,,,,,,,,,,3.5,0.081,302.084,2.407,,,,,,,,,,,,,,,,,,,,,,,,,,,,,,,,,,,,,,,
Bulgaria,1962,BGR,8040771.0,42083991552.0,,,,,,,,,,,,,,,,12.277,9.069,10314.994,82.941,,,,,,,,,,,,,,,,,,,,,,,,,0.0,0.0,0.0,,,,,,,,,,,,,,,,,,,,,,,,,,,,,,,,,,,,-3.865,-0.093,287.829,2.314,,,,,,,,,,,,,,,,,,,,,,,,,,,,,,,,,,,,,,,
Bulgaria,1963,BGR,8108150.0,44009734144.0,,,,,,,,,,,,,,,,5.963,4.946,10839.237,87.886,,,,,,,,,,,,,,,,,,,,,,,,,0.0,0.0,0.0,,,,,,,,,,,,,,,,,,,,,,,,,,,,,,,,,,,,-13.065,-0.302,248.144,2.012,,,,,,,,,,,,,,,,,,,,,,,,,,,,,,,,,,,,,,,
Bulgaria,1964,BGR,8177724.0,47473352704.0,,,,,,,,,,,,,,,,15.645,13.75,12428.436,101.636,,,,,,,,,,,,,,,,,,,,,,,,,0.0,0.0,0.0,,,,,,,,,,,,,,,,,,,,,,,,,,,,,,,,,,,,-7.514,-0.151,227.545,1.861,,,,,,,,,,,,,,,,,,,,,,,,,,,,,,,,,,,,,,,
Bulgaria,1965,BGR,8245080.0,50331992064.0,,,,,,,,,,,,8457.586,69.733,,,2.503,2.544,12635.459,104.18,,58.147,,,,,,14545.117,2.383,,,,,13827.842,114.012,,95.069,,,0.563,,,68.25,,0.792,96.105,0.792,,0.469,,,,5.914,242.569,2.0,717.274,,4.931,,,5.914,0.0,0.0,717.274,,4.931,,,,,0.0,0.0,0.0,0.0,,0.0,,,43.715,,,5302.007,43.125,0.802,323.013,2.663,,36.452,,,,,,,,,,,,,119.926,,,5.914,,,717.274,,4.931,,,,,,,,,,,,,,,,
Bulgaria,1966,BGR,8308898.0,54296723456.0,,,,,,,,,,3.119,2.175,8654.372,71.908,,,0.953,0.993,12657.945,105.174,,55.931,,,,7.204,8.64,15473.221,2.368,7.552,8.61,,,14757.899,122.622,,95.377,49.18,0.277,0.839,,,101.033,49.315,0.391,142.397,1.183,,0.653,,0.5,0.03,5.944,241.909,2.01,715.323,,4.623,0.5,0.03,5.944,0.0,0.0,715.323,,4.623,,,,0.0,0.0,0.0,0.0,0.0,,0.0,14.088,6.159,49.874,,,6002.494,76.419,2.035,565.481,4.699,,38.793,,,,,,,,,,,,,128.565,0.5,0.03,5.944,,,715.323,,4.623,,,,,,,,,,,,,,,,
Bulgaria,1967,BGR,8369839.0,57224216576.0,,,,,,,,,,8.588,6.176,9329.19,78.084,,,9.203,9.68,13722.274,114.853,,52.286,,,,16.159,20.775,17842.711,2.61,16.914,20.74,,,17128.359,143.362,,95.996,204.396,1.716,2.555,,,305.302,201.835,2.388,426.673,3.571,,1.711,,0.597,0.035,5.979,241.582,2.022,714.355,,4.004,0.597,0.035,5.979,0.0,0.0,714.355,,4.004,,,,0.0,0.0,0.0,0.0,0.0,,0.0,25.762,12.848,62.722,,,7493.866,23.515,1.105,693.367,5.803,,42.0,,,,,,,,,,,,,149.341,0.597,0.035,5.979,,,714.355,,4.004,,,,,,,,,,,,,,,,
Bulgaria,1968,BGR,8438287.0,58277543936.0,,,,,,,,,,8.639,6.745,10052.896,84.829,,,12.156,13.962,15265.545,128.815,,50.815,,,,11.783,17.597,19783.354,2.865,13.753,19.717,,,19326.047,163.079,,97.688,53.069,1.356,3.911,,,463.53,53.799,1.921,650.898,5.492,,2.343,,-35.46,-2.12,3.859,154.652,1.305,457.305,,2.312,-35.46,-2.12,3.859,0.0,0.0,457.305,,2.312,,,,0.0,0.0,0.0,0.0,0.0,,0.0,18.519,11.616,74.338,,,8809.621,-4.81,-0.279,654.665,5.524,,44.53,,,,,,,,,,,,,166.938,-35.46,-2.12,3.859,,,457.305,,2.312,,,,,,,,,,,,,,,,
Bulgaria,1969,BGR,8512917.0,61114011648.0,,,,,,,,,,0.535,0.454,10018.045,85.283,,,0.509,0.655,15208.699,129.47,,45.834,,,,11.459,19.13,21857.104,3.045,10.762,17.551,,,21218.318,180.63,,97.077,4.009,0.157,4.068,,,477.888,3.755,0.206,669.418,5.699,,2.186,,40.92,1.579,5.438,216.025,1.839,638.783,,2.923,40.92,1.579,5.438,0.0,0.0,638.783,,2.923,,,,0.0,0.0,0.0,0.0,0.0,,0.0,22.789,16.941,91.279,,,10722.387,-31.579,-1.744,444.002,3.78,,49.057,,,,,,,,,,,,,186.068,40.92,1.579,5.438,,,638.783,,2.923,,,,,,,,,,,,,,,,
Bulgaria,1970,BGR,8582960.0,64588677120.0,,,,,,,,,,9.382,8.001,10868.539,93.284,,,0.789,1.022,15203.624,130.492,,44.557,,,,12.517,23.291,24392.338,3.241,12.382,22.365,,,23650.936,202.995,,96.961,-9.751,-0.397,3.672,,,427.772,-9.714,-0.554,599.457,5.145,,1.754,,17.02,0.926,6.363,250.729,2.152,741.404,,3.039,17.02,0.926,6.363,0.0,0.0,741.404,,3.039,,,,0.0,0.0,0.0,0.0,0.0,,0.0,16.171,14.76,106.039,,,12354.624,2.769,0.105,452.573,3.884,,50.65,,,,,,,,,,,,,209.358,17.02,0.926,6.363,,,741.404,,3.039,,,,,,,,,,,,,,,,
Bulgaria,1971,BGR,8646261.0,66703388672.0,,,,,,,,,,-1.297,-1.21,10649.079,92.075,,,-14.542,-18.977,12897.531,111.515,,42.237,,,,4.126,8.639,25212.863,3.268,4.229,8.585,,,24470.73,211.58,,97.057,-21.654,-0.795,2.876,,,332.687,-31.013,-1.596,410.521,3.549,,1.32,,0.836,0.053,6.417,250.976,2.17,742.132,,2.943,0.836,0.053,6.417,0.0,0.0,742.132,,2.943,,,,0.0,0.0,0.0,0.0,0.0,,0.0,9.987,10.59,116.629,,,13488.966,-8.683,-0.337,410.252,3.547,,53.5,,,,,,,,,,,,,217.997,0.836,0.053,6.417,,,742.132,,2.943,,,,,,,,,,,,,,,,
Bulgaria,1972,BGR,8700151.0,69853151232.0,,,,,,,,,,3.069,2.826,10907.949,94.901,,,0.971,1.083,12942.094,112.598,,42.306,,,,2.9,6.321,25783.262,3.211,3.092,6.543,,,25071.217,218.123,,97.238,-32.626,-0.938,1.938,,,222.755,-32.722,-1.161,274.481,2.388,,0.864,,-3.456,-0.222,6.195,240.8,2.095,712.044,,2.762,-3.456,-0.222,6.195,0.0,0.0,712.044,,2.762,,,,0.0,0.0,0.0,0.0,0.0,,0.0,3.992,4.655,121.285,,,13940.513,-18.689,-0.663,331.516,2.884,,54.068,,,,,,,,,,,,,224.318,-3.456,-0.222,6.195,,,712.044,,2.762,,,,,,,,,,,,,,,,
Bulgaria,1973,BGR,8753492.0,72614658048.0,,,,,,,,,,0.772,0.733,10925.182,95.633,,,-1.486,-1.673,12672.107,110.925,,41.031,,,,3.903,8.755,26626.355,3.21,3.37,7.351,,,25758.193,225.474,,96.739,0.748,0.015,1.952,,,223.054,0.909,0.022,275.289,2.41,,0.838,,22.673,1.405,7.599,293.597,2.57,868.163,,3.261,22.673,1.405,7.599,0.0,0.0,868.163,,3.261,,,,0.0,0.0,0.0,0.0,0.0,,0.0,5.445,6.604,127.888,,,14609.957,-23.387,-0.675,252.436,2.21,,54.87,,,,,,,,,,,,,233.074,22.673,1.405,7.599,,,868.163,,3.261,,,,,,,,,,,,,,,,
Bulgaria,1974,BGR,8810681.0,74897571840.0,,,,,,,,,,-1.703,-1.628,10669.469,94.005,,,-9.684,-10.742,11370.647,100.183,,39.164,,,,2.985,6.957,27243.135,3.205,2.56,5.773,,,26246.189,231.247,,96.341,117.9,2.302,4.254,,,482.88,-18.919,-0.456,221.758,1.954,,1.772,,-19.066,-1.449,6.151,236.077,2.08,698.077,,2.562,17.043,1.184,8.784,105.327,0.928,996.944,,3.659,,,,2.633,2.633,105.327,0.928,298.866,,1.097,3.987,5.099,132.987,,,15093.841,-24.211,-0.535,190.078,1.675,,55.404,,,,,,,,,,,,,240.031,-19.066,-1.449,6.151,,,698.077,,2.562,,,,,,,,,,,,,,,,
Bulgaria,1975,BGR,8860971.0,81059299328.0,,,,,,,,,,4.837,4.547,11122.102,98.553,,,14.477,14.503,12942.863,114.686,,37.146,,,,10.533,25.282,29941.727,3.273,8.461,19.565,,,28305.281,250.812,,94.535,165.572,7.044,11.299,,,1275.114,-93.889,-1.834,13.475,0.119,,4.259,,17.933,1.103,7.253,276.832,2.453,818.589,,2.734,66.456,5.717,14.501,288.23,2.554,1636.447,,5.465,,,175.215,4.614,7.247,288.23,2.554,817.858,,2.731,5.996,7.974,140.961,,,15908.065,-15.278,-0.256,160.125,1.419,,53.13,,,,,,,,,,,,,265.313,17.933,1.103,7.253,,,818.589,,2.734,,,,,,,,,,,,,,,,
Bulgaria,1976,BGR,8902475.0,83479281664.0,,,,,,,,,,-6.785,-6.687,10319.081,91.865,,,-8.522,-9.773,11784.708,104.913,,32.692,,,,5.914,15.691,31564.688,3.366,2.911,7.3,,,28993.344,258.113,,91.854,74.893,8.462,19.761,,,2219.692,236.364,0.282,45.114,0.402,,7.032,,20.424,1.481,8.735,331.818,2.954,981.182,,3.108,58.638,8.391,22.891,560.406,4.989,2571.342,,8.146,,,95.341,6.909,14.156,560.406,4.989,1590.16,,5.038,3.92,5.526,146.486,,,16454.572,-4.098,-0.058,152.846,1.361,,52.13,,,,,,,,,,,,,281.004,20.424,1.481,8.735,,,981.182,,3.108,,,,,,,,,,,,,,,,
Bulgaria,1977,BGR,8935448.0,82674409472.0,,,,,,,,,,-0.405,-0.372,10239.354,91.493,,,-1.214,-1.274,11598.635,103.639,,30.897,,,,5.382,15.123,33140.648,3.582,4.216,10.883,,,30104.299,268.995,,90.838,27.604,5.455,25.215,,,2821.963,-72.973,-0.293,12.148,0.109,,8.515,,19.465,1.7,10.435,394.944,3.529,1167.845,,3.524,18.507,4.24,27.131,658.501,5.884,3036.351,,9.162,,,17.939,2.54,16.696,658.501,5.884,1868.506,,5.638,3.96,5.8,152.287,,,17042.982,10.256,0.14,167.901,1.5,,51.426,,,,,,,,,,,,,296.127,19.465,1.7,10.435,,,1167.845,,3.524,,,,,,,,,,,,,,,,
Bulgaria,1978,BGR,8958270.0,84458676224.0,,,,,,,,,,6.623,6.059,10889.651,97.552,,,2.419,2.507,11848.987,106.146,,31.815,,,,3.544,10.496,34227.824,3.63,4.556,12.255,,,31395.629,281.251,,91.725,6.681,1.685,26.9,,,3002.84,220.0,0.239,38.774,0.347,,8.773,,-17.569,-1.833,8.602,324.728,2.909,960.217,,2.805,-6.31,-1.76,25.372,659.726,5.91,2832.198,,8.275,,,0.442,0.074,16.77,659.726,5.91,1871.981,,5.469,2.962,4.511,156.798,,,17503.141,90.698,1.361,319.367,2.861,,51.137,,,,,,,,,,,,,306.622,-17.569,-1.833,8.602,,,960.217,,2.805,,,,,,,,,,,,,,,,
Bulgaria,1979,BGR,8974434.0,87710556160.0,,,,,,,,,,3.112,3.035,11208.269,100.588,,,9.303,9.875,12927.998,116.021,,31.606,,,,3.793,11.632,35462.262,3.628,3.441,9.677,,,32417.344,290.927,,91.414,6.986,1.879,28.779,,,3206.832,328.125,1.14,165.703,1.487,,9.043,,13.819,1.189,9.791,368.937,3.311,1090.943,,3.076,7.62,1.955,27.326,688.623,6.18,3044.92,,8.586,,,4.569,0.766,17.536,688.623,6.18,1953.977,,5.51,3.037,4.762,161.56,,,18002.24,5.691,0.163,336.935,3.024,,50.764,,,,,,,,,,,,,318.254,13.819,1.189,9.791,,,1090.943,,3.076,,,,,,,,,,,,,,,,
Bulgaria,1980,BGR,8980602.0,85198544896.0,,,,,,,,,,4.891,4.919,11748.361,105.507,,,-53.949,-62.592,5949.434,53.43,,31.402,,,,5.574,17.738,37413.078,3.944,5.703,16.592,,,34242.625,307.519,,91.526,28.534,8.212,36.991,,,4119.044,-16.207,-0.241,138.751,1.246,,11.01,,12.141,1.189,10.979,413.447,3.713,1222.557,,3.268,4.078,1.146,28.473,686.48,6.165,3170.453,,8.474,,,-0.243,-0.043,17.493,686.48,6.165,1947.896,,5.206,2.142,3.461,165.021,,,18375.219,-37.338,-1.129,210.986,1.895,,49.114,,,,,,,,,,,,,335.992,12.141,1.189,10.979,,,1222.557,,3.268,,,,,,,,,,,,,,,,
Bulgaria,1981,BGR,8978415.0,87452688384.0,,,,,,,,,,1.543,1.628,11932.568,107.136,,,2.936,1.569,6125.582,54.998,,32.364,,,,-1.476,-4.958,36870.023,3.785,-4.246,-13.059,,,32796.508,294.461,,88.952,8.78,3.248,40.239,,,4481.776,-6.667,-0.083,129.533,1.163,,12.156,,-2.559,-0.281,10.698,402.966,3.618,1191.568,,3.232,28.943,8.101,36.574,1015.658,9.119,4073.512,,11.048,,,47.916,8.382,25.875,1015.658,9.119,2881.945,,7.816,-10.868,-17.935,147.086,,,16382.162,-0.307,-0.006,210.389,1.889,,44.432,,,,,,,,,,,,,331.034,-2.559,-0.281,10.698,,,1191.568,,3.232,,,,,,,,,,,,,,,,
Bulgaria,1982,BGR,8970487.0,90290364416.0,,,,,,,,,,5.059,5.42,12547.271,112.555,,,9.971,5.484,6742.292,60.482,,33.19,,,,2.444,8.091,37804.609,3.756,1.75,5.154,,,33400.082,299.615,,88.349,10.658,4.289,44.528,,,4963.833,-28.571,-0.332,92.605,0.831,,13.13,,-15.699,-1.68,9.019,340.004,3.05,1005.388,,2.659,8.314,2.937,39.511,1197.928,10.746,4404.527,,11.651,,,17.842,4.617,30.492,1197.928,10.746,3399.139,,8.991,-3.096,-4.554,142.532,,,15888.979,0.0,0.0,210.575,1.889,,42.029,,,,,,,,,,,,,339.126,-15.699,-1.68,9.019,,,1005.388,,2.659,,,,,,,,,,,,,,,,
Bulgaria,1983,BGR,8956441.0,88586043392.0,,,,,,,,,,-0.382,-0.43,12518.904,112.125,,,0.552,0.334,6790.168,60.816,,32.84,,,,0.679,2.302,38120.906,3.854,-1.02,-3.055,,,33111.402,296.56,,86.859,5.079,2.262,46.79,,,5224.118,16.667,0.138,108.209,0.969,,13.704,,9.934,0.896,9.915,374.367,3.353,1107.0,,2.904,13.591,5.357,44.867,1375.323,12.318,5009.5,,13.141,,,14.629,4.461,34.953,1375.323,12.318,3902.5,,10.237,-3.428,-4.886,137.646,,,15368.384,0.0,0.0,210.905,1.889,,40.315,,,,,,,,,,,,,341.428,9.934,0.896,9.915,,,1107.0,,2.904,,,,,,,,,,,,,,,,
Bulgaria,1984,BGR,8939492.0,91505852416.0,,,,,,,,,,0.156,0.174,12562.154,112.299,,,-0.187,-0.114,6790.321,60.702,,33.083,,,,-0.58,-1.979,37971.812,3.71,-0.974,-2.887,,,32851.219,293.673,,86.515,5.141,2.405,49.195,,,5503.109,-14.286,-0.138,92.926,0.831,,14.493,,-2.774,-0.275,9.64,364.674,3.26,1078.337,,2.84,2.068,0.908,45.776,1424.578,12.735,5120.597,,13.485,,,3.385,1.183,36.136,1424.578,12.735,4042.26,,10.645,-3.972,-5.467,132.179,,,14785.956,33.699,0.637,282.512,2.526,,38.939,,,,,,,,,,,,,339.449,-2.774,-0.275,9.64,,,1078.337,,2.84,,,,,,,,,,,,,,,,
Bulgaria,1985,BGR,8917080.0,88756019200.0,,,,,,,,,,4.37,4.908,13144.115,117.207,,,-4.525,-2.747,6499.323,57.955,,34.792,,41.632,12.358,-0.757,-2.57,37779.035,3.796,-0.228,-0.669,,,32858.789,293.004,,86.976,9.072,4.463,53.658,,,6017.441,33.333,0.277,124.213,1.108,,15.928,,-31.38,-3.025,6.615,250.867,2.237,741.811,5.373,1.964,-3.92,-1.901,43.874,1472.567,13.131,4920.242,31.541,13.024,,,3.11,1.124,37.259,1472.567,13.131,4178.432,31.541,11.06,-7.595,-10.04,122.139,,,13697.232,49.59,1.252,423.673,3.778,,36.256,,,,,,,,,,,,4668.792,336.879,-31.38,-3.025,6.615,,,741.811,,1.964,,,,,,,,,,,,,,,,
Bulgaria,1986,BGR,8892099.0,91110694912.0,,,,,,,,,,2.788,3.268,13548.563,120.475,,,13.85,8.026,7420.236,65.981,,35.059,,41.82,12.17,2.005,6.756,38644.914,3.772,3.243,9.503,,,34019.824,302.508,,88.032,-0.694,-0.373,53.285,,,5992.455,24.868,0.275,155.538,1.383,,15.506,,3.979,0.263,6.878,261.581,2.326,773.491,5.562,2.002,-6.325,-2.747,41.127,1357.385,12.07,4625.09,28.862,11.968,,,-8.08,-3.011,34.249,1357.385,12.07,3851.6,28.862,9.967,5.41,6.608,128.747,,,14478.807,0.0,0.0,424.863,3.778,,37.466,,,,,,,,,,,,4703.052,343.634,3.979,0.263,6.878,,,773.491,,2.002,,,,,,,,,,,,,,,,
Bulgaria,1987,BGR,8865756.0,91271725056.0,,,,,,,,,,-0.087,-0.105,13577.015,120.37,,,4.457,2.941,7773.983,68.922,,34.76,,43.473,12.554,0.774,2.66,39059.801,3.794,0.33,0.998,,,34233.457,303.505,,87.644,11.518,6.137,59.423,,,6702.53,-12.0,-0.166,137.28,1.217,,17.16,,9.071,0.624,7.502,286.157,2.537,846.164,5.836,2.166,4.008,1.662,42.789,1402.7,12.436,4826.347,28.606,12.356,,,3.032,1.039,35.287,1402.7,12.436,3980.183,28.606,10.19,-3.911,-5.035,123.712,,,13953.909,0.0,0.0,426.125,3.778,,35.724,,,,,,,,,,,,4903.473,346.295,9.071,0.624,7.502,,,846.164,,2.166,,,,,,,,,,,,,,,,
Bulgaria,1988,BGR,8835822.0,90700488704.0,,,,,,,,,,-6.841,-8.234,12691.118,112.136,,,-7.19,-4.956,7239.442,63.966,,31.644,,45.021,12.705,2.331,8.074,40105.891,3.907,-0.757,-2.299,,,34089.281,301.207,,84.998,-2.858,-1.698,57.724,,,6533.008,-90.909,-1.106,12.522,0.111,,16.289,,2.326,0.174,7.676,293.804,2.596,868.775,5.766,2.166,24.397,10.372,53.162,1814.206,16.03,6016.611,35.606,15.002,,,28.9,10.198,45.485,1814.206,16.03,5147.836,35.606,12.836,6.171,7.634,131.346,,,14865.154,-26.491,-1.001,314.303,2.777,,37.065,,,,,,,,,,,,5095.281,354.368,2.326,0.174,7.676,,,868.775,,2.166,,,,,,,,,,,,,,,,
Bulgaria,1989,BGR,8804436.0,89073467392.0,,,,,,,,,,2.064,2.314,12999.223,114.451,,,0.39,0.249,7293.577,64.216,,32.58,,44.331,12.62,-0.869,-3.08,39898.98,3.944,0.263,0.793,,,34300.836,302.0,,85.969,2.943,1.699,59.423,,,6749.24,0.0,0.0,12.567,0.111,,16.916,,3.659,0.281,7.957,305.641,2.691,903.778,6.07,2.265,-7.35,-3.873,49.288,1654.393,14.566,5598.144,32.857,14.031,,,-9.133,-4.154,41.331,1654.393,14.566,4694.366,32.857,11.766,-2.452,-3.22,128.125,,,14552.375,13.326,0.37,357.456,3.147,,36.473,,,,,,,,,,,,5035.076,351.288,3.659,0.281,7.957,,,903.778,,2.265,,,,,,,,,,,,,,,,
Bulgaria,1990,BGR,8767778.0,79352520704.0,,,0.0,0.0,0.0,0.0,0.0,0.0,,-16.071,-18.393,10955.788,96.058,2392.852,20.98,-7.8,-5.009,6752.773,59.207,50.072,29.543,45.69,41.9,12.887,-7.443,-26.147,37083.684,4.097,-7.955,-24.023,2920.923,25.61,31704.281,277.976,61.122,85.494,6.049,3.594,63.017,363.832,3.19,7187.396,-11.75,-0.013,11.137,0.098,7.613,19.382,,-30.212,-2.404,5.553,185.908,1.63,633.367,3.89,1.708,-4.137,-2.123,47.165,1857.939,16.29,5379.399,38.878,14.506,3.79,8.295,0.68,0.281,41.612,1672.031,14.66,4746.032,34.988,12.798,-7.2,-9.225,118.901,164.238,1.44,13561.099,-20.0,-0.629,287.16,2.518,3.437,36.569,0.0,0.0,0.0,,,0.0,0.0,0.0,0.0,0.0,0.0,4778.862,325.142,-30.212,-2.404,5.553,185.908,1.63,633.367,3.89,1.708,,,0.0,0.0,0.0,0.0,0.0,0.0,,,0.0,0.0,0.0,0.0,0.0,0.0
Bulgaria,1991,BGR,8721659.0,73266159616.0,,0.0,0.0,0.0,0.0,0.0,0.0,0.0,,-10.615,-10.196,9844.651,85.862,2382.574,20.78,-8.374,-4.958,6219.984,54.249,51.069,32.633,42.81,40.69,15.465,-19.079,-62.032,30167.354,3.591,-21.403,-59.495,2893.945,25.24,25050.459,218.482,62.03,83.038,-15.548,-9.798,53.22,330.212,2.88,6101.993,-3.477,-0.003,10.806,0.094,7.078,20.227,,29.979,1.665,7.218,260.272,2.27,827.596,5.579,2.743,-5.549,-2.538,44.628,1771.452,15.45,5116.894,37.97,16.962,2.12,4.952,-10.099,-4.202,37.41,1511.18,13.18,4289.298,32.391,14.218,-33.221,-39.5,79.4,181.158,1.58,9103.815,-70.0,-1.762,86.604,0.755,3.883,30.178,0.0,0.0,0.0,,0.0,0.0,0.0,0.0,0.0,0.0,0.0,4665.397,263.109,29.979,1.665,7.218,260.272,2.27,827.596,5.579,2.743,,0.0,0.0,0.0,0.0,0.0,0.0,0.0,,0.0,0.0,0.0,0.0,0.0,0.0,0.0
Bulgaria,1992,BGR,8668545.0,68357816320.0,,0.0,0.0,0.0,0.0,0.0,0.0,0.0,,5.156,4.427,10415.71,90.289,2054.555,17.81,15.348,8.326,7218.615,62.575,50.254,36.471,38.15,35.44,14.315,-5.908,-15.545,28558.896,3.622,-4.484,-9.797,2536.758,21.99,24073.803,208.685,62.049,84.295,-11.459,-6.098,47.121,319.546,2.77,5435.889,335.249,0.316,47.322,0.41,7.816,19.034,,-15.485,-1.118,6.1,219.183,1.9,703.725,5.361,2.464,-12.864,-5.749,38.879,1551.587,13.45,4485.094,37.951,15.705,2.71,7.104,-12.379,-4.631,32.779,1332.404,11.55,3781.37,32.59,13.241,-10.234,-8.126,71.275,162.657,1.41,8222.206,-8.082,-0.061,80.092,0.694,3.979,28.79,0.0,0.0,0.0,,0.0,0.0,0.0,0.0,0.0,0.0,0.0,4088.344,247.564,-15.485,-1.118,6.1,219.183,1.9,703.725,5.361,2.464,,0.0,0.0,0.0,0.0,0.0,0.0,0.0,,0.0,0.0,0.0,0.0,0.0,0.0,0.0
Bulgaria,1993,BGR,8611541.0,68791803904.0,,0.0,0.0,0.0,0.0,0.0,0.0,0.0,,7.665,6.921,11288.314,97.21,1992.675,17.16,-3.099,-1.939,7041.237,60.636,45.349,36.814,37.95,37.84,14.33,6.663,16.496,30663.455,3.839,4.784,9.984,2564.001,22.08,25392.498,218.669,58.351,82.81,-6.951,-3.275,43.846,353.015,3.04,5091.511,74.996,0.308,83.361,0.718,8.034,16.604,,-5.865,-0.358,5.742,207.861,1.79,666.834,4.73,2.175,16.893,6.512,45.391,1830.102,15.76,5270.958,41.649,17.19,0.11,0.29,20.957,6.87,39.649,1622.242,13.97,4604.123,36.919,15.015,8.893,6.338,77.613,218.312,1.88,9012.672,-9.339,-0.065,73.093,0.629,4.968,29.392,0.0,0.0,0.0,,0.0,0.0,0.0,0.0,0.0,0.0,0.0,4394.103,264.06,-5.865,-0.358,5.742,207.861,1.79,666.834,4.73,2.175,,0.0,0.0,0.0,0.0,0.0,0.0,0.0,,0.0,0.0,0.0,0.0,0.0,0.0,0.0
Bulgaria,1994,BGR,8548469.0,70739017728.0,,0.0,0.0,0.0,0.0,0.0,0.0,0.0,,-8.455,-8.219,10410.178,88.991,1975.792,16.89,-3.248,-1.97,6862.782,58.666,44.471,35.029,37.91,37.98,14.95,-3.791,-10.011,29718.602,3.591,-5.705,-12.474,2496.354,21.34,24120.621,206.194,56.187,81.163,0.039,0.017,43.863,299.469,2.56,5131.065,-14.239,-0.102,72.018,0.616,6.74,17.266,,-24.408,-1.402,4.341,152.074,1.3,507.794,3.423,1.709,5.58,2.463,47.854,1946.547,16.64,5597.979,43.813,18.837,-0.07,-0.185,9.747,3.865,43.513,1794.473,15.34,5090.185,40.39,17.128,-5.505,-4.272,73.341,221.092,1.89,8579.379,10.0,0.063,80.995,0.692,4.976,28.869,0.0,0.0,0.0,,0.0,0.0,0.0,0.0,0.0,0.0,0.0,4442.901,254.049,-24.408,-1.402,4.341,152.074,1.3,507.794,3.423,1.709,,0.0,0.0,0.0,0.0,0.0,0.0,0.0,,0.0,0.0,0.0,0.0,0.0,0.0,0.0
Bulgaria,1995,BGR,8477584.0,73463005184.0,,0.0,0.0,0.0,0.0,0.0,0.0,0.0,,0.012,0.011,10498.527,89.002,2044.214,17.33,4.805,2.819,7252.677,61.485,41.609,32.593,41.49,41.65,15.252,7.489,19.025,32211.238,3.717,5.363,11.058,2621.03,22.22,25626.721,217.253,53.349,79.558,20.693,9.076,52.939,378.646,3.21,6244.615,-16.594,-0.102,60.57,0.513,7.707,19.386,,57.629,2.502,6.842,255.969,2.17,807.125,5.21,2.506,16.497,7.967,55.821,2291.927,19.43,6584.52,46.651,20.442,-0.16,-0.386,12.559,5.465,48.978,2035.957,17.26,5777.394,41.441,17.936,2.687,1.971,75.311,198.17,1.68,8883.578,-9.091,-0.063,74.248,0.629,4.034,27.579,0.0,0.0,0.0,,0.0,0.0,0.0,0.0,0.0,0.0,0.0,4912.957,273.073,57.629,2.502,6.842,255.969,2.17,807.125,5.21,2.506,,0.0,0.0,0.0,0.0,0.0,0.0,0.0,,0.0,0.0,0.0,0.0,0.0,0.0,0.0
Bulgaria,1996,BGR,8401382.0,67407642624.0,,0.0,0.0,0.0,0.0,0.0,0.0,0.0,,-0.426,-0.379,10548.652,88.623,2042.521,17.16,2.17,1.334,7477.28,62.819,40.206,32.582,42.23,42.68,15.691,-0.394,-1.076,32375.387,4.035,-2.391,-5.194,2584.098,21.71,25240.916,212.059,50.867,77.963,2.163,1.145,54.084,354.704,2.98,6437.542,-20.178,-0.104,48.787,0.41,6.982,19.884,,26.145,1.789,8.631,343.991,2.89,1027.385,6.771,3.173,7.285,4.119,59.939,2496.018,20.97,7134.468,49.133,22.037,-0.45,-1.066,4.756,2.33,51.308,2152.027,18.08,6107.083,42.362,18.863,-7.914,-5.96,69.351,186.874,1.57,8254.722,-29.808,-0.188,52.588,0.442,3.679,25.497,0.0,0.0,0.0,,0.0,0.0,0.0,0.0,0.0,0.0,0.0,5080.117,271.998,26.145,1.789,8.631,343.991,2.89,1027.385,6.771,3.173,,0.0,0.0,0.0,0.0,0.0,0.0,0.0,,0.0,0.0,0.0,0.0,0.0,0.0,0.0
Bulgaria,1997,BGR,8318965.0,67221577728.0,,0.0,0.0,0.0,0.0,0.0,0.0,0.0,,14.028,12.432,12147.564,101.055,2270.715,18.89,-7.218,-4.534,7006.305,58.285,44.353,39.289,39.04,42.59,16.559,-5.438,-14.79,30918.24,3.826,-6.302,-13.363,2658.985,22.12,23884.639,198.695,51.937,77.251,-20.222,-10.937,43.147,225.99,1.88,5186.613,0.184,0.001,49.361,0.411,4.414,16.775,,-5.653,-0.488,8.144,326.964,2.72,978.914,6.386,3.166,-2.362,-1.427,58.512,2460.643,20.47,7033.6,48.063,22.749,-3.55,-9.093,-1.831,-0.939,50.369,2133.679,17.75,6054.687,41.676,19.583,-21.424,-14.858,54.493,162.28,1.35,6550.463,-14.52,-0.064,45.398,0.378,3.17,21.186,0.0,0.0,0.0,,0.0,0.0,0.0,0.0,0.0,0.0,0.0,5119.627,257.208,-5.653,-0.488,8.144,326.964,2.72,978.914,6.386,3.166,,0.0,0.0,0.0,0.0,0.0,0.0,0.0,,0.0,0.0,0.0,0.0,0.0,0.0,0.0
Bulgaria,1998,BGR,8234934.0,70098747392.0,,0.0,0.0,0.0,0.0,0.0,0.0,0.0,,-4.756,-4.807,11687.844,96.249,2222.24,18.3,1.094,0.638,7155.226,58.923,44.15,38.913,37.8,41.45,16.758,-3.834,-9.862,30036.193,3.529,-4.257,-8.458,2608.4,21.48,23101.232,190.237,51.821,76.911,-16.33,-7.046,36.101,244.082,2.01,4383.945,-24.697,-0.101,37.549,0.309,4.849,14.596,,12.455,1.014,9.158,372.802,3.07,1112.067,7.407,3.702,-2.482,-1.403,57.109,2425.034,19.97,6934.962,48.179,23.089,-3.65,-9.656,-4.8,-2.418,47.951,2052.233,16.9,5822.896,40.772,19.386,6.228,3.394,57.887,142.078,1.17,7029.444,33.333,0.126,61.148,0.504,2.823,23.403,0.0,0.0,0.0,,0.0,0.0,0.0,0.0,0.0,0.0,0.0,5033.435,247.346,12.455,1.014,9.158,372.802,3.07,1112.067,7.407,3.702,,0.0,0.0,0.0,0.0,0.0,0.0,0.0,,0.0,0.0,0.0,0.0,0.0,0.0,0.0
Bulgaria,1999,BGR,8162298.0,66353733632.0,,0.0,0.0,0.0,0.0,0.0,0.0,0.0,,-17.658,-16.995,9709.676,79.253,1993.311,16.27,-15.602,-9.193,6092.596,49.73,42.838,36.469,36.02,37.98,17.477,-12.14,-30.027,26624.686,3.275,-13.631,-25.932,2381.682,19.44,20129.818,164.306,51.185,75.606,-13.36,-4.823,31.278,246.254,2.01,3832.07,-33.199,-0.103,25.306,0.207,5.292,14.393,,-11.108,-1.017,8.141,334.465,2.73,997.341,7.188,3.746,-7.146,-4.096,53.013,2271.419,18.54,6494.869,48.815,24.394,-1.96,-5.441,-6.42,-3.079,44.872,1936.955,15.81,5497.528,41.627,20.648,-7.106,-4.113,53.774,142.117,1.16,6588.072,0.0,0.0,61.692,0.504,3.054,24.744,0.0,0.0,0.0,,0.0,0.0,0.0,0.0,0.0,0.0,0.0,4653.102,217.319,-11.108,-1.017,8.141,334.465,2.73,997.341,7.188,3.746,,0.0,0.0,0.0,0.0,0.0,0.0,0.0,,0.0,0.0,0.0,0.0,0.0,0.0,0.0
Bulgaria,2000,BGR,8097694.0,70102818816.0,,0.0,0.0,0.0,0.0,0.0,0.0,0.0,388.424,-7.646,-6.06,9038.829,73.194,2091.954,16.94,0.44,0.219,6168.208,49.948,41.724,33.652,35.98,40.6,18.667,0.084,0.183,26859.672,3.103,-3.827,-6.289,2443.906,19.79,19513.828,158.017,48.744,72.651,8.919,2.79,34.068,235.87,1.91,4207.154,-1.504,-0.003,25.125,0.203,4.704,15.663,15.77,-2.906,-0.237,7.904,324.784,2.63,976.084,6.478,3.634,12.301,6.471,59.484,2569.867,20.81,7345.842,51.256,27.349,-4.62,-12.84,14.949,6.708,51.58,2245.083,18.18,6369.757,44.778,23.715,-5.614,-3.019,50.755,116.082,0.94,6267.846,6.666,0.034,66.33,0.537,2.315,23.336,0.0,0.0,0.0,,0.0,0.0,0.0,0.0,0.0,0.0,0.0,5013.773,217.501,-2.906,-0.237,7.904,324.784,2.63,976.084,6.478,3.634,,0.0,0.0,0.0,0.0,0.0,0.0,0.0,,0.0,0.0,0.0,0.0,0.0,0.0,0.0
Bulgaria,2001,BGR,8034863.0,72164990976.0,,0.0,0.0,0.0,0.0,0.0,0.0,0.0,409.436,13.983,10.235,10383.296,83.428,2426.924,19.5,4.717,2.356,6509.654,52.304,44.879,37.109,36.52,43.45,19.327,3.365,7.319,27980.561,3.115,4.163,6.578,2769.182,22.25,20485.148,164.595,51.208,73.212,-15.936,-5.429,28.639,237.714,1.91,3564.373,0.0,0.0,25.321,0.203,4.396,12.739,17.79,-35.017,-2.801,5.103,205.355,1.65,635.1,3.797,2.27,2.105,0.74,60.225,2638.502,21.2,7495.41,48.792,26.788,-6.93,-18.976,7.564,3.541,55.122,2433.146,19.55,6860.311,44.994,24.518,3.493,1.773,52.528,104.544,0.84,6537.481,-29.336,-0.158,47.238,0.38,1.933,23.364,0.0,0.0,0.0,,0.0,0.0,0.0,0.0,0.0,0.0,0.0,5407.684,224.82,-35.017,-2.801,5.103,205.355,1.65,635.1,3.797,2.27,,0.0,0.0,0.0,0.0,0.0,0.0,0.0,,0.0,0.0,0.0,0.0,0.0,0.0,0.0
Bulgaria,2002,BGR,7974804.0,75728076800.0,,0.0,0.0,0.0,0.0,0.0,0.0,0.0,376.574,-7.909,-6.599,9634.07,76.83,2154.285,17.18,-1.535,-0.803,6457.983,51.501,40.817,35.232,35.79,42.09,19.301,-3.004,-6.754,27344.377,2.88,-5.816,-9.573,2476.55,19.75,19439.008,155.022,46.923,71.09,-11.335,-3.246,25.393,193.108,1.54,3184.154,2.762,0.006,26.216,0.209,3.659,11.645,15.85,26.31,1.301,6.404,265.837,2.12,803.019,5.037,2.937,5.289,2.819,63.044,2801.323,22.34,7905.368,53.077,28.91,-6.3,-17.603,3.421,1.518,56.64,2535.486,20.22,7102.348,48.04,25.974,0.517,0.272,52.799,129.157,1.03,6620.785,22.72,0.086,58.407,0.466,2.447,24.213,0.0,0.0,0.0,,0.0,0.0,0.0,0.0,0.0,0.0,0.0,5277.873,218.066,26.31,1.301,6.404,265.837,2.12,803.019,5.037,2.937,,0.0,0.0,0.0,0.0,0.0,0.0,0.0,,0.0,0.0,0.0,0.0,0.0,0.0,0.0
Bulgaria,2003,BGR,7917745.0,79961358336.0,,0.0,0.0,0.0,0.0,0.0,0.0,0.0,416.883,11.96,9.189,10863.993,86.018,2429.985,19.24,4.901,2.524,6823.337,54.025,45.495,38.154,36.8,42.29,18.758,3.387,7.385,28474.164,2.82,8.744,13.555,2781.095,22.02,21291.08,168.577,52.069,74.773,5.671,1.44,26.833,222.286,1.76,3388.97,0.0,0.0,26.405,0.209,4.162,11.902,17.63,38.058,2.381,8.784,377.633,2.99,1109.467,7.07,3.896,-9.4,-6.17,56.874,2560.072,20.27,7183.081,47.931,25.227,-5.49,-14.918,-14.549,-8.551,48.089,2182.439,17.28,6073.614,40.861,21.33,5.543,2.927,55.726,128.825,1.02,7038.12,-18.919,-0.088,47.698,0.378,2.412,24.718,0.0,0.0,0.0,,0.0,0.0,0.0,0.0,0.0,0.0,0.0,5341.167,225.451,38.058,2.381,8.784,377.633,2.99,1109.467,7.07,3.896,,0.0,0.0,0.0,0.0,0.0,0.0,0.0,,0.0,0.0,0.0,0.0,0.0,0.0,0.0
Bulgaria,2004,BGR,7865314.0,85445484544.0,,0.0,0.0,0.0,0.0,0.0,0.0,0.0,416.667,-4.443,-3.822,10450.486,82.196,2402.955,18.9,-2.304,-1.245,6710.57,52.781,45.652,37.705,35.52,41.4,18.991,-3.305,-7.452,27716.521,2.551,-3.682,-6.207,2725.892,21.44,20643.801,162.37,51.787,74.482,-2.364,-0.634,26.199,189.439,1.49,3330.922,1553.191,3.247,439.44,3.456,3.599,12.018,17.25,4.589,0.345,9.129,399.221,3.14,1160.675,7.585,4.188,-1.6,-1.245,55.629,2537.724,19.96,7072.719,48.213,25.518,-5.88,-16.554,-2.691,-1.592,46.497,2138.503,16.82,5911.678,40.628,21.329,-3.142,-1.751,53.975,133.498,1.05,6862.394,67.123,0.254,80.247,0.631,2.536,24.759,0.0,0.0,0.0,,0.0,0.0,0.0,0.0,0.0,0.0,0.0,5263.617,217.999,4.622,0.347,9.132,399.221,3.14,1161.041,7.585,4.189,,0.0,0.0,0.0,0.0,0.0,0.0,0.0,,0.003,0.003,0.0,0.0,0.366,0.0,0.001
Bulgaria,2005,BGR,7815221.0,91870126080.0,,0.0,0.0,0.0,0.0,0.0,0.0,0.0,383.792,-2.052,-1.686,10301.684,80.51,2362.057,18.46,-7.941,-4.191,6217.28,48.589,42.021,34.085,36.35,43.93,18.599,8.349,18.201,30223.08,2.571,6.247,10.144,2684.505,20.98,22074.09,172.514,47.758,73.037,24.678,6.465,32.664,221.363,1.73,4179.536,848.23,29.318,4193.612,32.774,3.938,13.829,16.86,36.9,3.29,12.419,550.208,4.3,1589.03,9.788,5.258,15.067,8.057,63.686,2936.577,22.95,8148.99,52.242,26.963,-7.58,-20.853,10.931,4.756,51.253,2386.369,18.65,6558.128,42.454,21.699,9.94,5.365,59.34,101.085,0.79,7592.869,-0.273,-0.002,80.54,0.629,1.798,25.123,0.0,0.0,0.0,,0.0,0.0,0.0,0.0,0.0,0.0,0.0,5621.083,236.2,37.015,3.301,12.433,550.208,4.3,1590.862,9.788,5.264,,0.0,0.0,0.0,0.0,0.0,0.0,0.0,400.0,0.011,0.014,0.0,0.0,1.832,0.0,0.006
Bulgaria,2006,BGR,7766040.0,98526781440.0,,0.0,0.0,0.0,0.0,0.0,0.0,0.0,382.586,1.54,1.24,10526.571,81.75,2458.138,19.09,3.098,1.505,6450.509,50.095,41.974,33.953,37.74,45.48,18.889,1.936,4.572,31003.193,2.444,1.691,2.918,2801.943,21.76,22589.615,175.432,47.845,72.862,3.04,0.993,33.657,278.134,2.16,4333.869,-85.247,-27.939,622.586,4.835,4.749,13.979,17.4,-2.283,-0.36,12.059,542.104,4.21,1552.764,9.257,5.008,3.288,1.654,65.34,3054.324,23.72,8413.576,52.155,27.138,-7.74,-20.509,4.503,1.971,53.224,2509.644,19.49,6853.485,42.854,22.106,1.155,0.685,60.025,65.671,0.51,7729.175,0.0,0.0,81.05,0.629,1.121,24.93,0.0,0.0,0.0,,0.0,0.0,0.0,0.0,0.0,0.0,0.0,5856.267,240.772,-1.935,-0.317,12.116,544.679,4.23,1560.092,9.301,5.032,,0.0,0.0,0.0,0.0,0.0,0.0,0.0,300.0,0.043,0.057,2.575,0.02,7.328,0.044,0.024
Bulgaria,2007,BGR,7719035.0,106110869504.0,,0.0,0.0,0.0,0.0,0.0,0.0,0.0,471.096,12.501,10.22,11914.642,91.97,2898.031,22.37,12.465,6.244,7298.757,56.339,52.145,39.512,38.43,42.9,18.431,-3.326,-8.007,30154.662,2.194,5.325,9.342,3287.976,25.38,23937.383,184.773,59.161,79.382,0.778,0.262,33.919,303.147,2.34,4394.202,-36.625,-1.771,396.965,3.064,5.455,14.572,20.21,-32.185,-3.932,8.127,366.626,2.83,1052.798,6.597,3.491,-26.049,-17.349,47.991,2269.714,17.52,6217.281,40.839,20.618,-4.47,-11.632,-24.881,-13.493,39.732,1896.61,14.64,5147.267,34.126,17.07,-1.899,-1.14,58.885,86.798,0.67,7628.538,0.0,0.0,81.544,0.629,1.562,25.298,0.0,0.0,0.0,,0.0,0.0,0.0,0.0,0.0,0.0,0.0,5557.689,232.765,-31.4,-3.856,8.259,373.104,2.88,1070.015,6.713,3.548,,0.0,0.0,0.0,0.0,0.0,0.0,0.0,135.0,0.076,0.133,6.477,0.05,17.217,0.117,0.057
Bulgaria,2008,BGR,7674912.0,112832528384.0,,0.021,2.678,0.021,2.606,0.02,0.045,0.009,463.42,-4.681,-4.305,11422.257,87.665,3020.23,23.18,0.349,0.197,7366.356,56.536,52.02,38.063,39.22,44.56,19.348,-1.053,-2.452,30008.596,2.041,-2.88,-5.321,3369.42,25.86,23381.717,179.453,58.034,77.917,0.007,0.002,33.921,307.495,2.36,4419.757,-62.738,-1.922,148.766,1.142,5.296,14.728,20.65,-1.74,-0.191,7.936,363.522,2.79,1033.967,6.261,3.446,6.739,2.869,50.861,2436.51,18.7,6626.877,41.966,22.083,-5.34,-13.616,7.662,2.779,42.511,2054.747,15.77,5538.91,35.39,18.458,-1.729,-1.018,57.867,41.694,0.32,7539.702,0.274,0.002,82.237,0.631,0.718,25.125,0.051,0.02,0.0,,0.051,2.606,0.0,6.655,0.045,0.0,0.022,5805.93,230.313,2.107,0.091,8.35,381.763,2.93,1087.968,6.575,3.626,,0.0,0.0,0.0,0.0,0.0,0.0,0.0,159.574,0.21,0.343,15.635,0.12,44.669,0.269,0.149
Bulgaria,2009,BGR,7634737.0,109081829376.0,200.106,0.041,8.078,0.062,1.31,0.01,0.024,0.03,442.948,-15.823,-13.871,9665.478,73.793,2763.684,21.1,-5.231,-2.958,7017.741,53.579,49.846,36.493,37.26,42.33,20.933,-12.2,-28.099,26486.121,1.854,-15.921,-28.57,3063.629,23.39,19762.596,150.882,55.256,74.615,-28.47,-9.658,24.264,256.721,1.96,3178.073,-90.909,-1.038,13.595,0.104,4.63,11.999,18.75,22.875,1.755,9.691,449.262,3.43,1269.292,8.103,4.792,1.537,0.472,51.332,2480.767,18.94,6723.525,44.744,25.385,-5.07,-13.607,-3.229,-1.626,40.884,1998.759,15.26,5355.021,36.05,20.218,-8.712,-5.041,52.825,43.223,0.33,6919.044,-0.273,-0.002,82.444,0.629,0.78,26.123,0.026,0.01,0.0,-50.0,-0.026,1.31,0.0,3.345,0.024,0.0,0.013,5544.396,202.215,26.726,2.098,10.448,482.007,3.68,1368.504,8.694,5.167,,0.008,0.008,0.0,0.0,1.097,0.0,0.004,94.262,0.319,0.662,31.435,0.24,86.692,0.567,0.327
Bulgaria,2010,BGR,7592271.0,110804590592.0,199.971,0.123,24.367,0.185,5.269,0.04,0.087,0.087,437.147,8.474,6.254,10543.219,80.047,2978.029,22.61,7.349,3.938,7575.616,57.516,49.174,37.84,37.53,45.98,21.736,4.612,9.326,27862.668,1.909,2.505,3.779,3288.871,24.97,20370.924,154.662,54.306,73.112,10.134,2.459,26.723,259.474,1.97,3519.73,404.491,0.42,68.971,0.524,4.284,12.632,20.1,45.735,4.345,14.036,662.516,5.03,1848.736,10.94,6.635,11.485,5.547,56.879,2767.288,21.01,7491.743,45.694,26.888,-8.45,-22.515,-0.046,-0.269,40.615,2008.622,15.25,5349.481,33.167,19.199,-9.339,-4.933,47.892,51.368,0.39,6307.975,-0.002,-0.0,82.904,0.629,0.848,22.64,0.112,0.04,0.0,337.5,0.086,5.269,0.0,14.716,0.087,0.0,0.053,6056.159,211.541,58.03,5.816,16.265,758.666,5.76,2142.262,12.527,7.689,400.0,0.033,0.042,1.317,0.01,5.484,0.022,0.02,187.342,1.228,1.89,89.565,0.68,248.96,1.479,0.894
Bulgaria,2011,BGR,7543128.0,113286381568.0,5.558,0.01,25.889,0.195,7.954,0.06,0.12,0.087,480.08,17.611,14.097,12480.812,94.144,3649.68,27.53,25.587,14.716,9575.949,72.233,55.115,41.892,39.29,49.95,22.226,6.236,13.192,29793.07,1.984,10.222,15.81,3943.987,29.75,22599.609,170.472,59.56,75.855,14.489,3.872,30.594,275.748,2.08,4055.943,600.0,3.142,485.942,3.666,4.164,13.614,23.98,-42.318,-5.989,8.047,380.479,2.87,1066.798,5.746,3.581,-3.665,-2.618,54.261,2677.934,20.2,7193.459,40.44,24.145,-10.66,-27.132,6.984,2.572,43.186,2162.233,16.31,5725.254,32.653,19.217,-4.508,-2.159,45.733,18.56,0.14,6062.854,0.0,0.0,83.444,0.629,0.28,20.35,0.179,0.06,0.0,60.0,0.067,7.954,0.0,23.699,0.12,0.0,0.08,6621.921,224.733,-30.851,-5.19,11.075,515.701,3.89,1468.206,7.788,4.928,573.333,0.237,0.279,13.257,0.1,36.937,0.2,0.124,26.432,0.485,2.375,114.011,0.86,314.883,1.722,1.057
Bulgaria,2012,BGR,7488347.0,113317797888.0,399.988,0.781,130.387,0.976,9.348,0.07,0.151,0.457,438.898,-14.57,-13.716,10740.416,80.428,3054.079,22.87,-9.639,-6.962,8716.262,65.27,49.204,37.643,38.17,46.48,21.754,-4.928,-11.074,28532.125,1.885,-8.188,-13.958,3398.614,25.45,20900.92,156.513,54.755,73.254,-6.806,-2.082,28.512,315.156,2.36,3807.549,8.772,0.322,532.437,3.987,5.077,13.345,20.4,10.593,0.798,8.845,424.66,3.18,1181.233,6.842,4.14,8.042,2.884,57.145,2808.364,21.03,7631.204,45.245,26.746,-8.31,-21.771,-3.243,-1.654,41.533,2107.274,15.78,5546.312,33.95,19.439,4.024,1.84,47.573,29.379,0.22,6352.954,0.274,0.002,84.284,0.631,0.473,22.266,0.211,0.07,0.0,17.857,0.032,9.348,0.0,28.135,0.151,0.0,0.099,6206.977,213.658,52.614,4.538,15.612,701.089,5.25,2084.892,11.295,7.307,705.941,1.953,2.232,104.162,0.78,298.055,1.678,1.045,41.812,0.973,3.348,162.92,1.22,447.082,2.625,1.567
Bulgaria,2013,BGR,7431169.0,114286280704.0,29.912,0.292,170.692,1.268,14.803,0.11,0.256,0.64,408.922,-14.053,-11.302,9302.114,69.126,2609.28,19.39,-14.67,-9.575,7494.814,55.695,45.051,34.893,36.86,43.04,21.725,-7.278,-15.55,26659.102,1.733,-9.986,-15.629,2955.12,21.96,18958.596,140.885,51.022,71.115,-3.396,-0.968,27.544,314.89,2.34,3706.55,-26.977,-1.076,391.792,2.911,5.437,13.904,17.6,25.113,2.155,11.0,543.656,4.04,1480.273,9.387,5.553,1.197,0.079,57.224,2836.7,21.08,7700.506,48.978,28.885,-6.18,-16.766,-10.225,-4.471,37.061,1906.833,14.17,4987.292,32.923,18.708,-7.059,-3.358,44.215,30.951,0.23,5949.932,-0.273,-0.002,84.701,0.629,0.534,22.319,0.357,0.11,0.0,69.262,0.146,14.803,0.0,47.989,0.256,0.0,0.18,5791.821,198.108,29.8,4.55,20.162,929.867,6.91,2713.214,16.055,10.177,71.006,1.562,3.794,187.05,1.39,510.518,3.23,1.915,12.491,0.395,3.743,184.359,1.37,503.742,3.183,1.89
Bulgaria,2014,BGR,7372142.0,115783073792.0,-0.613,-0.008,171.004,1.261,27.129,0.2,0.426,0.596,406.863,6.837,4.726,10017.667,73.852,2890.612,21.31,7.093,3.951,8090.712,59.646,45.418,34.91,37.46,46.92,22.179,6.785,13.442,28695.912,1.827,5.707,8.04,3209.379,23.66,20201.037,148.925,50.426,70.397,-0.663,-0.182,27.361,290.282,2.14,3711.472,-35.252,-1.026,255.71,1.885,4.561,12.934,19.09,14.011,1.466,12.466,623.971,4.6,1690.996,9.804,5.893,9.683,5.402,62.625,3155.121,23.26,8494.875,49.574,29.603,-9.46,-25.254,11.968,4.187,41.248,2152.699,15.87,5595.182,33.824,19.498,7.909,3.497,47.712,28.486,0.21,6471.898,0.0,0.0,85.379,0.629,0.448,22.553,0.641,0.2,0.0,79.739,0.284,27.129,0.0,86.945,0.426,0.0,0.303,6364.5,211.55,5.726,1.215,21.377,1002.422,7.39,2899.693,15.75,10.105,-9.723,-0.389,3.404,170.914,1.26,461.791,2.685,1.609,-3.126,-0.139,3.605,180.409,1.33,488.957,2.835,1.704
Bulgaria,2015,BGR,7309255.0,119894269952.0,32.249,0.407,228.097,1.667,36.939,0.27,0.554,0.742,410.267,3.229,2.385,10430.137,76.237,3082.394,22.53,14.404,8.591,9335.741,68.237,46.263,33.931,38.12,48.7,21.675,6.207,13.13,30739.168,1.874,7.129,10.616,3361.492,24.57,21827.303,159.541,50.452,71.008,9.656,2.642,30.003,254.472,1.86,4104.864,-42.026,-0.792,149.522,1.093,3.819,13.354,19.98,22.881,2.761,15.228,772.993,5.65,2083.321,11.602,6.777,5.265,2.514,65.139,3301.294,24.13,8911.866,49.548,28.992,-10.58,-27.754,-3.05,-1.496,39.752,2104.182,15.38,5438.614,31.581,17.693,11.715,5.59,53.301,24.626,0.18,7292.302,0.0,0.0,86.114,0.629,0.37,23.723,0.862,0.27,0.0,34.56,0.222,36.939,0.0,117.999,0.554,0.0,0.384,6662.786,224.68,20.517,4.01,25.387,1197.112,8.75,3473.251,17.967,11.299,9.948,0.316,3.721,188.802,1.38,509.05,2.834,1.656,9.089,0.304,3.909,198.379,1.45,534.785,2.977,1.74
Bulgaria,2016,BGR,7245982.0,123884560384.0,11.543,0.192,256.647,1.86,48.303,0.35,0.785,0.873,393.851,-13.133,-10.012,9139.508,66.225,2673.206,19.37,-12.769,-8.713,8214.817,59.524,43.469,31.074,38.19,44.56,20.909,-5.146,-11.563,29411.801,1.72,-4.924,-7.856,3000.283,21.74,20933.736,151.685,48.788,71.175,4.156,1.247,31.25,282.915,2.05,4312.804,-10.881,-0.119,134.416,0.974,4.601,14.664,17.55,-31.385,-4.841,10.386,535.469,3.88,1433.413,8.707,4.874,-4.363,-3.707,61.432,3149.332,22.82,8478.065,51.212,28.825,-6.37,-16.68,2.555,0.774,40.527,2177.759,15.78,5592.97,35.413,19.016,1.705,0.909,54.21,44.162,0.32,7481.424,0.274,0.002,87.104,0.631,0.718,25.437,1.129,0.35,0.0,30.878,0.266,48.303,0.0,155.784,0.785,0.0,0.53,6149.616,213.117,-14.571,-4.482,20.905,971.573,7.04,2885.095,15.799,9.809,0.458,-0.005,3.716,191.83,1.39,512.795,3.119,1.743,-1.829,-0.094,3.815,195.971,1.42,526.457,3.187,1.79
Bulgaria,2017,BGR,7182430.0,128228638720.0,1.837,0.034,263.675,1.894,55.691,0.4,0.89,0.868,418.874,7.211,4.776,9885.282,71.0,2912.663,20.92,11.343,6.752,9227.529,66.276,46.561,32.543,39.45,44.93,20.594,2.373,5.057,30376.139,1.701,5.517,8.369,3237.066,23.25,22284.131,160.054,51.747,73.361,2.835,0.886,32.137,268.711,1.93,4474.322,0.0,,,,4.296,14.73,18.82,-27.108,-2.86,7.526,394.017,2.83,1047.891,6.299,3.45,-4.504,-3.312,58.12,3018.477,21.68,8092.006,48.253,26.639,-5.48,-13.891,-1.461,-0.827,39.7,2165.005,15.55,5527.312,34.609,18.196,4.994,2.707,56.917,55.691,0.4,7924.527,0.0,,,,0.89,26.088,1.264,0.4,0.0,11.981,0.135,55.691,0.0,175.992,0.89,0.0,0.579,6255.543,218.174,-9.894,-2.485,18.421,853.472,6.13,2564.695,13.643,8.443,1.079,0.018,3.734,194.92,1.4,519.839,3.116,1.711,5.551,0.188,4.003,208.843,1.5,557.298,3.339,1.835
Bulgaria,2018,BGR,7117424.0,132183449600.0,-1.322,-0.025,262.565,1.869,220.585,1.57,3.373,0.854,371.079,-10.638,-7.553,8914.342,63.447,2621.735,18.66,-7.539,-4.996,8609.834,61.28,40.095,28.995,38.73,46.54,21.269,0.295,0.643,30743.955,1.655,-6.074,-9.722,2954.721,21.03,21121.676,150.332,45.187,68.702,-5.935,-1.907,30.229,283.811,2.02,4247.218,0.0,,,,4.34,13.815,17.27,81.98,6.09,13.616,723.576,5.15,1913.114,11.066,6.223,16.139,10.366,68.486,3584.162,25.51,9622.279,54.813,31.298,-7.81,-20.165,3.73,1.24,40.939,2266.269,16.13,5751.988,34.658,18.709,-0.46,-0.262,56.656,49.175,0.35,7960.118,0.0,,,,0.752,25.892,5.021,1.57,0.0,297.233,3.757,220.585,0.0,705.484,3.373,0.0,2.295,6538.883,218.818,40.178,9.126,27.547,1317.892,9.38,3870.291,20.155,12.589,-4.29,-0.181,3.553,188.27,1.34,499.148,2.879,1.624,-12.363,-0.515,3.487,185.46,1.32,489.98,2.836,1.594
Bulgaria,2019,BGR,7052536.0,,9.689,0.181,290.656,2.05,258.063,1.82,4.155,0.969,369.863,-6.768,-4.294,8387.48,59.153,2438.839,17.2,-7.311,-4.48,8053.823,56.8,39.269,27.962,37.99,43.8,20.705,-3.322,-7.27,29996.027,,-2.296,-3.452,2800.411,19.75,20826.578,146.88,45.091,69.431,-6.353,-1.92,28.309,304.855,2.15,4013.982,0.0,,,,4.909,13.382,16.2,-43.079,-5.894,7.722,415.453,2.93,1094.936,6.689,3.65,-4.693,-3.818,64.668,3410.121,24.05,9169.452,54.909,30.569,-5.81,-15.293,2.667,0.937,41.876,2348.091,16.56,5937.733,37.808,19.795,4.877,2.763,59.418,56.717,0.4,8425.116,0.0,,,,0.913,28.087,5.812,1.82,0.0,15.757,0.791,258.063,0.0,824.158,4.155,0.0,2.748,6210.532,211.548,-15.244,-4.755,22.792,1062.029,7.49,3231.719,17.1,10.774,5.548,0.183,3.736,201.346,1.42,529.728,3.242,1.766,-0.086,-0.016,3.472,187.167,1.32,492.24,3.014,1.641
Bulgaria,2020,BGR,6979181.0,,-3.734,-0.077,282.745,1.973,243.582,1.7,4.227,1.01,327.449,-18.276,-10.811,6926.614,48.342,1935.757,13.51,-20.053,-11.39,6506.491,45.41,33.59,24.743,36.81,40.22,20.586,-7.645,-16.174,27993.869,,-10.858,-15.948,2309.727,16.12,18760.453,130.933,40.08,67.016,3.171,0.898,29.206,328.119,2.29,4184.803,0.0,,,,5.694,14.949,13.17,-3.724,-0.315,7.407,404.059,2.82,1061.325,7.011,3.791,-0.096,-0.226,64.442,3453.127,24.1,9233.415,59.92,32.984,-3.41,-9.264,0.426,0.024,41.9,2382.801,16.63,6003.55,41.348,21.446,-10.156,-6.034,53.384,45.851,0.32,7649.037,0.0,,,,0.796,27.324,5.425,1.7,0.0,-6.671,-0.388,243.582,0.0,777.261,4.227,0.0,2.777,5762.854,195.374,-1.002,-0.25,22.542,1070.326,7.47,3229.865,18.573,11.538,3.629,0.121,3.857,210.626,1.47,552.684,3.655,1.974,12.16,0.408,3.879,212.059,1.48,555.849,3.68,1.986
Bulgaria,2021,BGR,6885864.0,,-0.16,-0.003,286.117,1.97,376.133,2.59,5.476,0.888,354.334,25.993,12.566,8845.329,60.908,2481.896,17.09,21.896,9.943,8038.657,55.353,36.131,27.456,38.52,47.3,21.322,13.546,26.466,32216.705,,14.569,19.076,2977.114,20.5,21784.998,150.009,43.34,67.62,13.057,3.814,33.02,442.936,3.05,4795.332,0.0,,,,6.448,14.885,16.76,70.87,5.203,12.61,699.985,4.82,1831.332,10.19,5.684,10.361,7.39,71.831,3892.031,26.8,10431.708,56.66,32.38,-8.78,-22.793,-0.835,-0.502,41.398,2394.761,16.49,6011.999,34.863,18.661,5.052,2.697,56.081,52.281,0.36,8144.336,0.0,,,,0.761,25.28,8.264,2.59,0.0,52.347,2.84,376.133,0.0,1200.179,5.476,0.0,3.725,6869.145,221.84,30.083,7.892,30.434,1497.27,10.31,4419.709,21.797,13.719,-0.144,-0.02,3.838,213.481,1.47,557.318,3.108,1.73,-2.95,-0.128,3.751,207.672,1.43,544.763,3.023,1.691
Bulgaria,2022,BGR,6781955.0,,63.232,1.246,474.191,3.216,383.37,2.6,5.14,1.388,399.565,19.438,11.839,10726.563,72.747,3153.958,21.39,24.465,13.542,10158.644,68.895,42.289,31.387,38.39,50.58,21.823,4.479,9.937,34175.52,,7.555,11.333,3636.12,24.66,23789.814,161.341,48.754,69.611,-18.127,-5.986,27.035,429.08,2.91,3986.24,0.0,,,,5.753,11.664,20.21,-21.822,-2.788,9.823,547.04,3.71,1448.331,7.335,4.238,1.384,-1.396,70.435,3821.907,25.92,10385.708,51.246,30.389,-12.19,-31.753,-0.229,-0.245,41.152,2427.029,16.46,6067.928,32.543,17.755,9.77,5.479,61.56,53.082,0.36,9077.011,0.0,,,,0.712,26.56,7.115,2.6,0.0,-13.912,-1.15,383.37,0.0,1049.036,5.14,0.0,3.07,7458.026,231.777,3.549,-1.151,29.283,1394.878,9.46,4317.78,18.703,12.634,36.612,1.386,5.224,253.614,1.72,770.212,3.401,2.254,4.521,0.155,3.906,210.854,1.43,576.01,2.827,1.685
Burkina Faso,1980,BFA,6932969.0,7360690176.0,,,,,,,,,,,,,,,,,,0.0,0.0,,,,,,,,255.167,0.24,,,,,,,,,,,,,,,,,0.0,0.0,,,,,,,,,,,,,,,,,,,,,,,,,,,,,,,,,,,,,,0.0,0.0,,,,,,,,,,,,,,,1.769,,,,,,,,,,,,,,,,,,,,,,,,
Burkina Faso,1981,BFA,7123735.0,7678602752.0,,,,,,,,,,,,,,,,,0.0,0.0,0.0,,,,,,-0.273,-0.005,247.655,0.23,,,,,,,,,,,,,,,,0.0,0.0,0.0,,,,,,,,,,,,,,,,,,,,,,,,,,,,,,,,,,,,,0.0,0.0,0.0,,,,,,,,,,,,,,,1.764,,,,,,,,,,,,,,,,,,,,,,,,
Burkina Faso,1982,BFA,7321819.0,7851839488.0,,,,,,,,,,,,,,,,,0.0,0.0,0.0,,,,,,0.0,0.0,240.955,0.225,,,,,,,,,,,,,,,,0.0,0.0,0.0,,,,,,,,,,,,,,,,,,,,,,,,,,,,,,,,,,,,,0.0,0.0,0.0,,,,,,,,,,,,,,,1.764,,,,,,,,,,,,,,,,,,,,,,,,
Burkina Faso,1983,BFA,7531194.0,7760300544.0,,,,,,,,,,,,,,,,,0.0,0.0,0.0,,,,,,0.0,0.0,234.257,0.227,,,,,,,,,,,,,,,,0.0,0.0,0.0,,,,,,,,,,,,,,,,,,,,,,,,,,,,,,,,,,,,,0.0,0.0,0.0,,,,,,,,,,,,,,,1.764,,,,,,,,,,,,,,,,,,,,,,,,
Burkina Faso,1984,BFA,7751478.0,7886109184.0,,,,,,,,,,,,,,,,,0.0,0.0,0.0,,,,,,0.274,0.005,228.223,0.224,,,,,,,,,,,,,,,,0.0,0.0,0.0,,,,,,,,,,,,,,,,,,,,,,,,,,,,,,,,,,,,,0.0,0.0,0.0,,,,,,,,,,,,,,,1.769,,,,,,,,,,,,,,,,,,,,,,,,
Burkina Faso,1985,BFA,7979187.0,8913468416.0,,,,,,,,,,,,,,,,,0.0,0.0,0.0,,,,,,-3.597,-0.064,213.734,0.191,,,,,,,,,,,,,,,,0.0,0.0,0.0,,,,,,,,,,,,,,,,,,,,,,,,,,,,,,,,,,,,,0.0,0.0,0.0,,,,,,,,,,,,,,,1.705,,,,,,,,,,,,,,,,,,,,,,,,
Burkina Faso,1986,BFA,8207833.0,10319538176.0,,,,,,,,,,,,,,,,,0.0,0.0,0.0,,,,,,18.337,0.313,245.881,0.196,,,,,,,,,,,,,,,,0.0,0.0,0.0,,,,,,,,,,,,,,,,,,,,,,,,,,,,,,,,,,,,,0.0,0.0,0.0,,,,,,,,,,,,,,,2.018,,,,,,,,,,,,,,,,,,,,,,,,
Burkina Faso,1987,BFA,8434994.0,10142656512.0,,,,,,,,,,,,,,,,,0.0,0.0,0.0,,,,,,4.432,0.089,249.863,0.208,,,,,,,,,,,,,,,,0.0,0.0,0.0,,,,,,,,,,,,,,,,,,,,,,,,,,,,,,,,,,,,,0.0,0.0,0.0,,,,,,,,,,,,,,,2.108,,,,,,,,,,,,,,,,,,,,,,,,
Burkina Faso,1988,BFA,8663721.0,10990388224.0,,,,,,,,,,,,,,,,,0.0,0.0,0.0,,,,,,4.871,0.103,255.116,0.201,,,,,,,,,,,,,,,,0.0,0.0,0.0,,,,,,,,,,,,,,,,,,,,,,,,,,,,,,,,,,,,,0.0,0.0,0.0,,,,,,,,,,,,,,,2.21,,,,,,,,,,,,,,,,,,,,,,,,
Burkina Faso,1989,BFA,8895235.0,10858848256.0,,,,,,,,,,,,,,,,,0.0,0.0,0.0,,,,,,-10.378,-0.229,222.689,0.182,,,,,,,,,,,,,,,,0.0,0.0,0.0,,,,,,,,,,,,,,,,,,,,,,,,,,,,,,,,,,,,,0.0,0.0,0.0,,,,,,,,,,,,,,,1.981,,,,,,,,,,,,,,,,,,,,,,,,
Burkina Faso,1990,BFA,9131362.0,10752295936.0,,,,,,,,,,,,,,,,,0.0,0.0,0.0,,,,,,2.93,0.058,223.287,0.19,,,,,,,,,,,,,,,,0.0,0.0,0.0,,,,,,,,,,,,,,,,,,,,,,,,,,,,,,,,,,,,,0.0,0.0,0.0,,,,,,,,,,,,,,,2.039,,,,,,,,,,,,,,,,,,,,,,,,
Burkina Faso,1991,BFA,9365072.0,11509846016.0,,,,,,,,,,,,,,,,,0.0,0.0,0.0,,,,,,15.692,0.32,251.878,0.205,,,,,,,,,,,,,,,,0.0,0.0,0.0,,,,,,,,,,,,,,,,,,,,,,,,,,,,,,,,,,,,,0.0,0.0,0.0,,,,,,,,,,,,,,,2.359,,,,,,,,,,,,,,,,,,,,,,,,
Burkina Faso,1992,BFA,9598555.0,11312543744.0,,,,,,,,,,,,,,,,,0.0,0.0,0.0,,,,,,1.136,0.027,248.543,0.211,,,,,,,,,,,,,,,,0.0,0.0,0.0,,,,,,,,,,,,,,,,,,,,,,,,,,,,,,,,,,,,,0.0,0.0,0.0,,,,,,,,,,,,,,,2.386,,,,,,,,,,,,,,,,,,,,,,,,
Burkina Faso,1993,BFA,9840080.0,11471090688.0,,,,,,,,,,,,,,,,,0.0,0.0,0.0,,,,,,10.96,0.261,269.014,0.231,,,,,,,,,,,,,,,,0.0,0.0,0.0,,,,,,,,,,,,,,,,,,,,,,,,,,,,,,,,,,,,,0.0,0.0,0.0,,,,,,,,,,,,,,,2.647,,,,,,,,,,,,,,,,,,,,,,,,
Burkina Faso,1994,BFA,10091260.0,11400564736.0,,,,,,,,,,,,,,,,,0.0,0.0,0.0,,,,,,11.518,0.305,292.533,0.259,,,,,,,,,,,,,,,,0.0,0.0,0.0,,,,,,,,,,,,,,,,,,,,,,,,,,,,,,,,,,,,,0.0,0.0,0.0,,,,,,,,,,,,,,,2.952,,,,,,,,,,,,,,,,,,,,,,,,
Burkina Faso,1995,BFA,10353268.0,11823049728.0,,,,,,,,,,,,,,,,,0.0,0.0,0.0,,,,,,2.249,0.066,291.543,0.255,,,,,,,,,,,,,,,,0.0,0.0,0.0,,,,,,,,,,,,,,,,,,,,,,,,,,,,,,,,,,,,,0.0,0.0,0.0,,,,,,,,,,,,,,,3.018,,,,,,,,,,,,,,,,,,,,,,,,
Burkina Faso,1996,BFA,10621215.0,12896056320.0,,,,,,,,,,,,,,,,,0.0,0.0,0.0,,,,,,6.365,0.192,302.278,0.249,,,,,,,,,,,,,,,,0.0,0.0,0.0,,,,,,,,,,,,,,,,,,,,,,,,,,,,,,,,,,,,,0.0,0.0,0.0,,,,,,,,,,,,,,,3.211,,,,,,,,,,,,,,,,,,,,,,,,
Burkina Faso,1997,BFA,10897363.0,13326248960.0,,,,,,,,,,,,,,,,,0.0,0.0,0.0,,,,,,57.855,1.857,465.069,0.38,,,,,,,,,,,,,,,,0.0,0.0,0.0,,,,,,,,,,,,,,,,,,,,,,,,,,,,,,,,,,,,,0.0,0.0,0.0,,,,,,,,,,,,,,,5.068,,,,,,,,,,,,,,,,,,,,,,,,
Burkina Faso,1998,BFA,11201067.0,13917968384.0,,,,,,,,,,,,,,,,,0.0,0.0,0.0,,,,,,-10.169,-0.515,406.449,0.327,,,,,,,,,,,,,,,,0.0,0.0,0.0,,,,,,,,,,,,,,,,,,,,,,,,,,,,,,,,,,,,,0.0,0.0,0.0,,,,,,,,,,,,,,,4.553,,,,,,,,,,,,,,,,,,,,,,,,
Burkina Faso,1999,BFA,11533557.0,14604707840.0,,,,,,,,,,,,,,,,,0.0,0.0,0.0,,,,,,2.977,0.136,406.483,0.321,,,,,,,,,,,,,,,,0.0,0.0,0.0,,,,,,,,,,,,,,,,,,,,,,,,,,,,,,,,,,,,,0.0,0.0,0.0,,,,,,,,,,,,,,,4.688,,,,,,,,,,,,,,,,,,,,,,,,
Burkina Faso,2000,BFA,11882896.0,14546977792.0,,,,,0.0,0.0,0.0,,468.75,,,,,0.0,0.0,,0.0,0.0,0.0,0.0,,0.32,0.32,,-9.152,-0.429,358.424,0.293,,,18.514,0.22,,,68.75,,,,,0.0,0.0,,,0.0,0.0,0.0,0.0,,0.15,,,,8.415,0.1,,31.25,,,,,8.415,0.1,,31.25,,0.0,0.0,,,,0.0,0.0,,0.0,,,,,18.514,0.22,,,0.0,0.0,0.0,68.75,,,0.0,0.0,,,0.0,0.0,,0.0,0.0,,26.929,4.259,,,,8.415,0.1,,31.25,,,,,0.0,0.0,,0.0,,,,,0.0,0.0,,0.0,
Burkina Faso,2001,BFA,12249767.0,15179807744.0,,,,,0.0,0.0,0.0,,593.75,,,,,0.0,0.0,,0.0,0.0,0.0,0.0,,0.39,0.32,,11.138,0.474,386.415,0.312,,,22.041,0.27,,,84.375,,,,,0.0,0.0,,,0.0,0.0,0.0,0.0,,0.19,,,,4.082,0.05,,15.625,,,,,4.082,0.05,,15.625,,0.07,17.949,,,,0.0,0.0,,0.0,,,,,22.041,0.27,,,0.0,0.0,0.0,84.375,,,0.0,0.0,,,0.0,0.0,,0.0,0.0,,26.123,4.733,,,,4.082,0.05,,15.625,,,,,0.0,0.0,,0.0,,,,,0.0,0.0,,0.0,
Burkina Faso,2002,BFA,12632278.0,15543233536.0,,,,,0.0,0.0,0.0,,583.333,,,,,0.0,0.0,,0.0,0.0,0.0,0.0,,0.47,0.36,,4.764,0.225,392.564,0.319,,,23.749,0.3,,,83.333,,,,,0.0,0.0,,,0.0,0.0,0.0,0.0,,0.21,,,,4.75,0.06,,16.667,,,,,4.75,0.06,,16.667,,0.11,23.404,,,,0.0,0.0,,0.0,,,,,23.749,0.3,,,0.0,0.0,0.0,83.333,,,0.0,0.0,,,0.0,0.0,,0.0,0.0,,28.498,4.959,,,,4.75,0.06,,16.667,,,,,0.0,0.0,,0.0,,,,,0.0,0.0,,0.0,
Burkina Faso,2003,BFA,13030600.0,16390236160.0,,,,,0.0,0.0,0.0,,533.333,,,,,0.0,0.0,,0.0,0.0,0.0,0.0,,0.52,0.45,,10.653,0.528,421.103,0.335,,,26.86,0.35,,,77.778,,,,,0.0,0.0,,,0.0,0.0,0.0,0.0,,0.24,,,,7.674,0.1,,22.222,,,,,7.674,0.1,,22.222,,0.07,13.462,,,,0.0,0.0,,0.0,,,,,26.86,0.35,,,0.0,0.0,0.0,77.778,,,0.0,0.0,,,0.0,0.0,,0.0,0.0,,34.534,5.487,,,,7.674,0.1,,22.222,,,,,0.0,0.0,,0.0,,,,,0.0,0.0,,0.0,
Burkina Faso,2004,BFA,13445981.0,16718429184.0,,,,,0.0,0.0,0.0,,553.191,,,,,0.0,0.0,,0.0,0.0,0.0,0.0,,0.57,0.47,,-9.926,-0.545,367.588,0.296,,,27.518,0.37,,,78.723,,,,,0.0,0.0,,,0.0,0.0,0.0,0.0,,0.26,,,,7.437,0.1,,21.277,,,,,7.437,0.1,,21.277,,0.1,17.544,,,,0.0,0.0,,0.0,,,,,27.518,0.37,,,0.0,0.0,0.0,78.723,,,0.0,0.0,,,0.0,0.0,,0.0,0.0,,34.955,4.943,,,,7.437,0.1,,21.277,,,,,0.0,0.0,,0.0,,,,,0.0,0.0,,0.0,
Burkina Faso,2005,BFA,13876134.0,17737646080.0,,,,,0.0,0.0,0.0,,551.02,,,,,0.0,0.0,,0.0,0.0,0.0,0.0,,0.62,0.49,,6.195,0.306,378.259,0.296,,,28.106,0.39,,,79.592,,,,,0.0,0.0,,,0.0,0.0,0.0,0.0,,0.27,,,,7.207,0.1,,20.408,,,,,7.207,0.1,,20.408,,0.13,20.968,,,,0.0,0.0,,0.0,,,,,28.106,0.39,,,0.0,0.0,0.0,79.592,,,0.0,0.0,,,0.0,0.0,,0.0,0.0,,35.312,5.249,,,,7.207,0.1,,20.408,,,,,0.0,0.0,,0.0,,,,,0.0,0.0,,0.0,
Burkina Faso,2006,BFA,14316247.0,18406715392.0,,,,,0.0,0.0,0.0,,596.154,,,,,0.0,0.0,,0.0,0.0,0.0,0.0,,0.66,0.52,,-1.398,-0.073,361.505,0.281,,,30.734,0.44,,,84.615,,,,,0.0,0.0,,,0.0,0.0,0.0,0.0,,0.31,,,,5.588,0.08,,15.385,,,,,5.588,0.08,,15.385,,0.14,21.212,,,,0.0,0.0,,0.0,,,,,30.734,0.44,,,0.0,0.0,0.0,84.615,,,0.0,0.0,,,0.0,0.0,,0.0,0.0,,36.322,5.175,,,,5.588,0.08,,15.385,,,,,0.0,0.0,,0.0,,,,,0.0,0.0,,0.0,
Burkina Faso,2007,BFA,14757072.0,18724202496.0,,,,,0.0,0.0,0.0,,568.966,,,,,0.0,0.0,,0.0,0.0,0.0,0.0,,0.7,0.58,,41.66,2.156,496.81,0.392,,,31.849,0.47,,,81.034,,,,,0.0,0.0,,,0.0,0.0,0.0,0.0,,0.33,,,,7.454,0.11,,18.966,,,,,7.454,0.11,,18.966,,0.12,17.143,,,,0.0,0.0,,0.0,,,,,31.849,0.47,,,0.0,0.0,0.0,81.034,,,0.0,0.0,,,0.0,0.0,,0.0,0.0,,39.303,7.331,,,,7.454,0.11,,18.966,,,,,0.0,0.0,,0.0,,,,,0.0,0.0,,0.0,
Burkina Faso,2008,BFA,15197917.0,19365615616.0,,,,,0.0,0.0,0.0,,551.724,,,,,0.0,0.0,,0.0,0.0,0.0,0.0,,0.72,0.58,,9.208,0.675,526.817,0.413,,,29.609,0.45,,,77.586,,,,,0.0,0.0,,,0.0,0.0,0.0,0.0,,0.32,,,,8.554,0.13,,22.414,,,,,8.554,0.13,,22.414,,0.14,19.444,,,,0.0,0.0,,0.0,,,,,29.609,0.45,,,0.0,0.0,0.0,77.586,,,0.0,0.0,,,0.0,0.0,,0.0,0.0,,38.163,8.007,,,,8.554,0.13,,22.414,,,,,0.0,0.0,,0.0,,,,,0.0,0.0,,0.0,
Burkina Faso,2009,BFA,15650018.0,19506448384.0,,,,,0.0,0.0,0.0,,560.606,,,,,0.0,0.0,,0.0,0.0,0.0,0.0,,0.8,0.66,,-6.051,-0.484,480.64,0.386,,,33.866,0.53,,,80.303,,,,,0.0,0.0,,,0.0,0.0,0.0,0.0,,0.37,,,,8.307,0.13,,19.697,,,,,8.307,0.13,,19.697,,0.14,17.5,,,,0.0,0.0,,0.0,,,,,33.866,0.53,,,0.0,0.0,0.0,80.303,,,0.0,0.0,,,0.0,0.0,,0.0,0.0,,42.172,7.522,,,,8.307,0.13,,19.697,,,,,0.0,0.0,,0.0,,,,,0.0,0.0,,0.0,
Burkina Faso,2010,BFA,16116851.0,20688340992.0,,,,,0.0,0.0,0.0,,562.5,,,,,0.0,0.0,,0.0,0.0,0.0,0.0,,1.02,0.64,,9.147,0.688,509.41,0.397,,,31.644,0.51,,,79.688,,,,,0.0,0.0,,,0.0,0.0,0.0,0.0,,0.36,,,,7.446,0.12,,18.75,,,,,8.066,0.13,,20.312,,0.38,37.255,,,,0.0,0.0,,0.0,,,,,31.644,0.51,,,0.0,0.0,0.0,79.688,,,0.0,0.0,,,0.0,0.0,,0.0,0.0,,39.71,8.21,,,,8.066,0.13,,20.312,,,,,0.62,0.01,,1.562,,,,,0.0,0.0,,0.0,
Burkina Faso,2011,BFA,16602652.0,21589788672.0,,,,,0.0,0.0,0.0,,608.696,,,,,0.0,0.0,,0.0,0.0,0.0,0.0,,1.19,0.69,,13.921,1.143,563.346,0.433,,,36.139,0.6,,,86.957,,,,,0.0,0.0,,,0.0,0.0,0.0,0.0,,0.42,,,,4.819,0.08,,11.594,,,,,5.421,0.09,,13.043,,0.5,42.017,,,,0.0,0.0,,0.0,,,,,36.139,0.6,,,0.0,0.0,0.0,86.957,,,0.0,0.0,,,0.0,0.0,,0.0,0.0,,41.56,9.353,,,,5.421,0.09,,13.043,,,,,0.602,0.01,,1.449,,,,,0.0,0.0,,0.0,
Burkina Faso,2012,BFA,17113736.0,22989312000.0,,,,,0.0,0.0,0.0,,609.195,,,,,0.0,0.0,,0.0,0.0,0.0,0.0,,1.38,0.87,,17.905,1.675,644.375,0.48,,,44.409,0.76,,,87.356,,,,,0.0,0.0,,,0.0,0.0,0.0,0.0,,0.53,,,,5.843,0.1,,11.494,,,,,6.428,0.11,,12.644,,0.51,36.957,,,,0.0,0.0,,0.0,,,,,44.409,0.76,,,0.0,0.0,0.0,87.356,,,0.0,0.0,,,0.0,0.0,,0.0,0.0,,50.836,11.028,,,,6.428,0.11,,12.644,,,,,0.584,0.01,,1.149,,,,,0.0,0.0,,0.0,
Burkina Faso,2013,BFA,17636414.0,24276594688.0,,,,,0.0,0.0,0.0,,616.162,,,,,0.0,0.0,,0.0,0.0,0.0,0.0,,1.52,0.99,,19.895,2.194,749.678,0.545,,,49.33,0.87,,,87.879,,,,,0.0,0.0,,,0.0,0.0,0.0,0.0,,0.61,,,,6.237,0.11,,11.111,,,,,6.804,0.12,,12.121,,0.53,34.868,,,,0.0,0.0,,0.0,,,,,49.33,0.87,,,0.0,0.0,0.0,87.879,,,0.0,0.0,,,0.0,0.0,,0.0,0.0,,56.134,13.222,,,,6.804,0.12,,12.121,,,,,0.567,0.01,,1.01,,,,,0.0,0.0,,0.0,
Burkina Faso,2014,BFA,18169844.0,25255886848.0,,,,,0.0,0.0,0.0,,633.929,,,,,0.0,0.0,,0.0,0.0,0.0,0.0,,1.61,1.12,,-6.874,-0.909,677.646,0.488,,,56.137,1.02,,,91.071,,,,,0.0,0.0,,,0.0,0.0,0.0,0.0,,0.71,,,,4.953,0.09,,8.036,,,,,5.504,0.1,,8.929,,0.49,30.435,,,,0.0,0.0,,0.0,,,,,56.137,1.02,,,0.0,0.0,0.0,91.071,,,0.0,0.0,,,0.0,0.0,,0.0,0.0,,61.641,12.313,,,,5.504,0.1,,8.929,,,,,0.55,0.01,,0.893,,,,,0.0,0.0,,0.0,
Burkina Faso,2015,BFA,18718022.0,26236008448.0,,,,,0.0,0.0,0.0,,650.35,,,,,0.0,0.0,,0.0,0.0,0.0,0.0,,1.87,1.43,,27.095,3.336,836.03,0.596,,,71.055,1.33,,,93.007,,,,,0.0,0.0,,,0.0,0.0,0.0,0.0,,0.93,,,,4.808,0.09,,6.294,,,,,5.342,0.1,,6.993,,0.44,23.529,,,,0.0,0.0,,0.0,,,,,71.055,1.33,,,0.0,0.0,0.0,93.007,,,0.0,0.0,,,0.0,0.0,,0.0,0.0,,76.397,15.649,,,,5.342,0.1,,6.993,,,,,0.534,0.01,,0.699,,,,,0.0,0.0,,0.0,
Burkina Faso,2016,BFA,19275504.0,27615414272.0,,,,,0.0,0.0,0.0,,625.806,,,,,0.0,0.0,,0.0,0.0,0.0,0.0,,2.18,1.55,,-3.914,-0.612,780.077,0.544,,,72.112,1.39,,,89.677,,,,,0.0,0.0,,,0.0,0.0,0.0,0.0,,0.97,,,,7.263,0.14,,9.032,,,,,8.301,0.16,,10.323,,0.63,28.899,,,,0.0,0.0,,0.0,,,,,72.112,1.39,,,0.0,0.0,0.0,89.677,,,0.0,0.0,,,0.0,0.0,,0.0,0.0,,80.413,15.036,,,,8.301,0.16,,10.323,,,,,1.038,0.02,,1.29,,,,,0.0,0.0,,0.0,
Burkina Faso,2017,BFA,19835860.0,29315420160.0,,,,,0.0,0.0,0.0,,634.146,,,,,0.0,0.0,,,,,0.0,,2.29,1.64,,15.901,2.391,878.578,0.594,,,74.612,1.48,,,90.244,,,,,0.0,0.0,,,,,,0.0,,1.04,,,,6.554,0.13,,7.927,,,,,8.066,0.16,,9.756,,0.65,28.384,,,,0.0,0.0,,0.0,,,,,74.612,1.48,,,,,,90.244,,,0.0,0.0,,,0.0,0.0,,0.0,0.0,,82.679,17.427,,,,8.066,0.16,,9.756,,,,,1.512,0.03,,1.829,,,,,0.0,0.0,,0.0,
Burkina Faso,2018,BFA,20392730.0,31315025920.0,,,,,0.0,0.0,0.0,,600.0,,,,,0.0,0.0,,,,,0.0,,2.49,1.65,,11.21,1.954,950.387,0.619,,,69.633,1.42,,,86.061,,,,,0.0,0.0,,,,,,0.0,,0.99,,,,6.375,0.13,,7.879,,,,,11.279,0.23,,13.939,,0.84,33.735,,,,0.0,0.0,,0.0,,,,,69.633,1.42,,,,,,86.061,,,0.0,0.0,,,0.0,0.0,,0.0,0.0,,80.911,19.381,,,,11.279,0.23,,13.939,,,,,4.904,0.1,,6.061,,,,,0.0,0.0,,0.0,
Burkina Faso,2019,BFA,20951638.0,,,,,,0.0,0.0,0.0,,616.279,,,,,0.0,0.0,,,,,0.0,,2.81,1.72,,2.37,0.459,946.957,,,,72.071,1.51,,,87.791,,,,,0.0,0.0,,,,,,0.0,,1.06,,,,5.25,0.11,,6.395,,,,,10.023,0.21,,12.209,,1.09,38.79,,,,0.0,0.0,,0.0,,,,,72.071,1.51,,,,,,87.791,,,0.0,0.0,,,0.0,0.0,,0.0,0.0,,82.094,19.84,,,,10.023,0.21,,12.209,,,,,4.773,0.1,,5.814,,,,,0.0,0.0,,0.0,
Burkina Faso,2020,BFA,21522632.0,,,,,,0.0,0.0,0.0,,609.756,,,,,0.0,0.0,,,,,0.0,,2.64,1.64,,-4.649,-0.922,878.982,,,,66.442,1.43,,,87.195,,,,,0.0,0.0,,,,,,0.0,,1.0,,,,5.111,0.11,,6.707,,,,,9.757,0.21,,12.805,,1.0,37.879,,,,0.0,0.0,,0.0,,,,,66.442,1.43,,,,,,87.195,,,0.0,0.0,,,0.0,0.0,,0.0,0.0,,76.199,18.918,,,,9.757,0.21,,12.805,,,,,4.646,0.1,,6.098,,,,,0.0,0.0,,0.0,
Burkina Faso,2021,BFA,22100690.0,,,,,,0.0,0.0,0.0,,611.429,,,,,0.0,0.0,,,,,0.0,,2.81,1.75,,5.693,1.077,904.726,,,,68.776,1.52,,,86.857,,,,,0.0,0.0,,,,,,0.0,,1.07,,,,4.977,0.11,,6.286,,,,,10.407,0.23,,13.143,,1.06,37.722,,,,0.0,0.0,,0.0,,,,,68.776,1.52,,,,,,86.857,,,0.0,0.0,,,0.0,0.0,,0.0,0.0,,79.183,19.995,,,,10.407,0.23,,13.143,,,,,5.43,0.12,,6.857,,,,,0.0,0.0,,0.0,
Burundi,1900,BDI,1627830.0,,,,,,,,,,,,,,,,,,,0.0,0.0,,,,,,,,,,,,,,,,,,,,,,,,,,,,,,,,,,,,,,,,,,,,,,,,,,,,,,,,,,,,,,,,,,,,,,,,,,,,,,,,,,,,,,,,,,,,,,,,,,,,,,,,,
Burundi,1901,BDI,1614655.0,,,,,,,,,,,,,,,,,,0.0,0.0,0.0,,,,,,,,,,,,,,,,,,,,,,,,,,,,,,,,,,,,,,,,,,,,,,,,,,,,,,,,,,,,,,,,,,,,,,,,,,,,,,,,,,,,,,,,,,,,,,,,,,,,,,,,,
Burundi,1902,BDI,1600612.0,,,,,,,,,,,,,,,,,,0.0,0.0,0.0,,,,,,,,,,,,,,,,,,,,,,,,,,,,,,,,,,,,,,,,,,,,,,,,,,,,,,,,,,,,,,,,,,,,,,,,,,,,,,,,,,,,,,,,,,,,,,,,,,,,,,,,,
Burundi,1903,BDI,1585716.0,,,,,,,,,,,,,,,,,,0.0,0.0,0.0,,,,,,,,,,,,,,,,,,,,,,,,,,,,,,,,,,,,,,,,,,,,,,,,,,,,,,,,,,,,,,,,,,,,,,,,,,,,,,,,,,,,,,,,,,,,,,,,,,,,,,,,,
Burundi,1904,BDI,1570956.0,,,,,,,,,,,,,,,,,,0.0,0.0,0.0,,,,,,,,,,,,,,,,,,,,,,,,,,,,,,,,,,,,,,,,,,,,,,,,,,,,,,,,,,,,,,,,,,,,,,,,,,,,,,,,,,,,,,,,,,,,,,,,,,,,,,,,,
Burundi,1905,BDI,1556331.0,,,,,,,,,,,,,,,,,,0.0,0.0,0.0,,,,,,,,,,,,,,,,,,,,,,,,,,,,,,,,,,,,,,,,,,,,,,,,,,,,,,,,,,,,,,,,,,,,,,,,,,,,,,,,,,,,,,,,,,,,,,,,,,,,,,,,,
Burundi,1906,BDI,1541839.0,,,,,,,,,,,,,,,,,,0.0,0.0,0.0,,,,,,,,,,,,,,,,,,,,,,,,,,,,,,,,,,,,,,,,,,,,,,,,,,,,,,,,,,,,,,,,,,,,,,,,,,,,,,,,,,,,,,,,,,,,,,,,,,,,,,,,,
Burundi,1907,BDI,1527479.0,,,,,,,,,,,,,,,,,,0.0,0.0,0.0,,,,,,,,,,,,,,,,,,,,,,,,,,,,,,,,,,,,,,,,,,,,,,,,,,,,,,,,,,,,,,,,,,,,,,,,,,,,,,,,,,,,,,,,,,,,,,,,,,,,,,,,,
Burundi,1908,BDI,1513251.0,,,,,,,,,,,,,,,,,,0.0,0.0,0.0,,,,,,,,,,,,,,,,,,,,,,,,,,,,,,,,,,,,,,,,,,,,,,,,,,,,,,,,,,,,,,,,,,,,,,,,,,,,,,,,,,,,,,,,,,,,,,,,,,,,,,,,,
Burundi,1909,BDI,1500342.0,,,,,,,,,,,,,,,,,,0.0,0.0,0.0,,,,,,,,,,,,,,,,,,,,,,,,,,,,,,,,,,,,,,,,,,,,,,,,,,,,,,,,,,,,,,,,,,,,,,,,,,,,,,,,,,,,,,,,,,,,,,,,,,,,,,,,,
Burundi,1910,BDI,1488732.0,,,,,,,,,,,,,,,,,,0.0,0.0,0.0,,,,,,,,,,,,,,,,,,,,,,,,,,,,,,,,,,,,,,,,,,,,,,,,,,,,,,,,,,,,,,,,,,,,,,,,,,,,,,,,,,,,,,,,,,,,,,,,,,,,,,,,,
Burundi,1911,BDI,1478402.0,,,,,,,,,,,,,,,,,,0.0,0.0,0.0,,,,,,,,,,,,,,,,,,,,,,,,,,,,,,,,,,,,,,,,,,,,,,,,,,,,,,,,,,,,,,,,,,,,,,,,,,,,,,,,,,,,,,,,,,,,,,,,,,,,,,,,,
Burundi,1912,BDI,1469331.0,,,,,,,,,,,,,,,,,,0.0,0.0,0.0,,,,,,,,,,,,,,,,,,,,,,,,,,,,,,,,,,,,,,,,,,,,,,,,,,,,,,,,,,,,,,,,,,,,,,,,,,,,,,,,,,,,,,,,,,,,,,,,,,,,,,,,,
Burundi,1913,BDI,1461501.0,,,,,,,,,,,,,,,,,,0.0,0.0,0.0,,,,,,,,,,,,,,,,,,,,,,,,,,,,,,,,,,,,,,,,,,,,,,,,,,,,,,,,,,,,,,,,,,,,,,,,,,,,,,,,,,,,,,,,,,,,,,,,,,,,,,,,,
Burundi,1914,BDI,1453710.0,,,,,,,,,,,,,,,,,,0.0,0.0,0.0,,,,,,,,,,,,,,,,,,,,,,,,,,,,,,,,,,,,,,,,,,,,,,,,,,,,,,,,,,,,,,,,,,,,,,,,,,,,,,,,,,,,,,,,,,,,,,,,,,,,,,,,,
Burundi,1915,BDI,1445958.0,,,,,,,,,,,,,,,,,,0.0,0.0,0.0,,,,,,,,,,,,,,,,,,,,,,,,,,,,,,,,,,,,,,,,,,,,,,,,,,,,,,,,,,,,,,,,,,,,,,,,,,,,,,,,,,,,,,,,,,,,,,,,,,,,,,,,,
Burundi,1916,BDI,1438244.0,,,,,,,,,,,,,,,,,,0.0,0.0,0.0,,,,,,,,,,,,,,,,,,,,,,,,,,,,,,,,,,,,,,,,,,,,,,,,,,,,,,,,,,,,,,,,,,,,,,,,,,,,,,,,,,,,,,,,,,,,,,,,,,,,,,,,,
Burundi,1917,BDI,1430569.0,,,,,,,,,,,,,,,,,,0.0,0.0,0.0,,,,,,,,,,,,,,,,,,,,,,,,,,,,,,,,,,,,,,,,,,,,,,,,,,,,,,,,,,,,,,,,,,,,,,,,,,,,,,,,,,,,,,,,,,,,,,,,,,,,,,,,,
Burundi,1918,BDI,1424847.0,,,,,,,,,,,,,,,,,,0.0,0.0,0.0,,,,,,,,,,,,,,,,,,,,,,,,,,,,,,,,,,,,,,,,,,,,,,,,,,,,,,,,,,,,,,,,,,,,,,,,,,,,,,,,,,,,,,,,,,,,,,,,,,,,,,,,,
Burundi,1919,BDI,1424519.0,,,,,,,,,,,,,,,,,,0.0,0.0,0.0,,,,,,,,,,,,,,,,,,,,,,,,,,,,,,,,,,,,,,,,,,,,,,,,,,,,,,,,,,,,,,,,,,,,,,,,,,,,,,,,,,,,,,,,,,,,,,,,,,,,,,,,,
Burundi,1920,BDI,1429644.0,,,,,,,,,,,,,,,,,,0.0,0.0,0.0,,,,,,,,,,,,,,,,,,,,,,,,,,,,,,,,,,,,,,,,,,,,,,,,,,,,,,,,,,,,,,,,,,,,,,,,,,,,,,,,,,,,,,,,,,,,,,,,,,,,,,,,,
Burundi,1921,BDI,1440281.0,,,,,,,,,,,,,,,,,,0.0,0.0,0.0,,,,,,,,,,,,,,,,,,,,,,,,,,,,,,,,,,,,,,,,,,,,,,,,,,,,,,,,,,,,,,,,,,,,,,,,,,,,,,,,,,,,,,,,,,,,,,,,,,,,,,,,,
Burundi,1922,BDI,1456493.0,,,,,,,,,,,,,,,,,,0.0,0.0,0.0,,,,,,,,,,,,,,,,,,,,,,,,,,,,,,,,,,,,,,,,,,,,,,,,,,,,,,,,,,,,,,,,,,,,,,,,,,,,,,,,,,,,,,,,,,,,,,,,,,,,,,,,,
Burundi,1923,BDI,1478340.0,,,,,,,,,,,,,,,,,,0.0,0.0,0.0,,,,,,,,,,,,,,,,,,,,,,,,,,,,,,,,,,,,,,,,,,,,,,,,,,,,,,,,,,,,,,,,,,,,,,,,,,,,,,,,,,,,,,,,,,,,,,,,,,,,,,,,,
Burundi,1924,BDI,1500515.0,,,,,,,,,,,,,,,,,,0.0,0.0,0.0,,,,,,,,,,,,,,,,,,,,,,,,,,,,,,,,,,,,,,,,,,,,,,,,,,,,,,,,,,,,,,,,,,,,,,,,,,,,,,,,,,,,,,,,,,,,,,,,,,,,,,,,,
Burundi,1925,BDI,1523023.0,,,,,,,,,,,,,,,,,,0.0,0.0,0.0,,,,,,,,,,,,,,,,,,,,,,,,,,,,,,,,,,,,,,,,,,,,,,,,,,,,,,,,,,,,,,,,,,,,,,,,,,,,,,,,,,,,,,,,,,,,,,,,,,,,,,,,,
Burundi,1926,BDI,1545868.0,,,,,,,,,,,,,,,,,,0.0,0.0,0.0,,,,,,,,,,,,,,,,,,,,,,,,,,,,,,,,,,,,,,,,,,,,,,,,,,,,,,,,,,,,,,,,,,,,,,,,,,,,,,,,,,,,,,,,,,,,,,,,,,,,,,,,,
Burundi,1927,BDI,1569056.0,,,,,,,,,,,,,,,,,,0.0,0.0,0.0,,,,,,,,,,,,,,,,,,,,,,,,,,,,,,,,,,,,,,,,,,,,,,,,,,,,,,,,,,,,,,,,,,,,,,,,,,,,,,,,,,,,,,,,,,,,,,,,,,,,,,,,,
Burundi,1928,BDI,1592592.0,,,,,,,,,,,,,,,,,,0.0,0.0,0.0,,,,,,,,,,,,,,,,,,,,,,,,,,,,,,,,,,,,,,,,,,,,,,,,,,,,,,,,,,,,,,,,,,,,,,,,,,,,,,,,,,,,,,,,,,,,,,,,,,,,,,,,,
Burundi,1929,BDI,1616153.0,,,,,,,,,,,,,,,,,,0.0,0.0,0.0,,,,,,,,,,,,,,,,,,,,,,,,,,,,,,,,,,,,,,,,,,,,,,,,,,,,,,,,,,,,,,,,,,,,,,,,,,,,,,,,,,,,,,,,,,,,,,,,,,,,,,,,,
Burundi,1930,BDI,1639735.0,,,,,,,,,,,,,,,,,,0.0,0.0,0.0,,,,,,,,,,,,,,,,,,,,,,,,,,,,,,,,,,,,,,,,,,,,,,,,,,,,,,,,,,,,,,,,,,,,,,,,,,,,,,,,,,,,,,,,,,,,,,,,,,,,,,,,,
Burundi,1931,BDI,1663333.0,,,,,,,,,,,,,,,,,,0.0,0.0,0.0,,,,,,,,,,,,,,,,,,,,,,,,,,,,,,,,,,,,,,,,,,,,,,,,,,,,,,,,,,,,,,,,,,,,,,,,,,,,,,,,,,,,,,,,,,,,,,,,,,,,,,,,,
Burundi,1932,BDI,1686942.0,,,,,,,,,,,,,,,,,,0.0,0.0,0.0,,,,,,,,,,,,,,,,,,,,,,,,,,,,,,,,,,,,,,,,,,,,,,,,,,,,,,,,,,,,,,,,,,,,,,,,,,,,,,,,,,,,,,,,,,,,,,,,,,,,,,,,,
Burundi,1933,BDI,1710560.0,,,,,,,,,,,,,,,,,,0.0,0.0,0.0,,,,,,,,,,,,,,,,,,,,,,,,,,,,,,,,,,,,,,,,,,,,,,,,,,,,,,,,,,,,,,,,,,,,,,,,,,,,,,,,,,,,,,,,,,,,,,,,,,,,,,,,,
Burundi,1934,BDI,1734508.0,,,,,,,,,,,,,,,,,,0.0,0.0,0.0,,,,,,,,,,,,,,,,,,,,,,,,,,,,,,,,,,,,,,,,,,,,,,,,,,,,,,,,,,,,,,,,,,,,,,,,,,,,,,,,,,,,,,,,,,,,,,,,,,,,,,,,,
Burundi,1935,BDI,1758791.0,,,,,,,,,,,,,,,,,,0.0,0.0,0.0,,,,,,,,,,,,,,,,,,,,,,,,,,,,,,,,,,,,,,,,,,,,,,,,,,,,,,,,,,,,,,,,,,,,,,,,,,,,,,,,,,,,,,,,,,,,,,,,,,,,,,,,,
Burundi,1936,BDI,1783414.0,,,,,,,,,,,,,,,,,,0.0,0.0,0.0,,,,,,,,,,,,,,,,,,,,,,,,,,,,,,,,,,,,,,,,,,,,,,,,,,,,,,,,,,,,,,,,,,,,,,,,,,,,,,,,,,,,,,,,,,,,,,,,,,,,,,,,,
Burundi,1937,BDI,1808382.0,,,,,,,,,,,,,,,,,,0.0,0.0,0.0,,,,,,,,,,,,,,,,,,,,,,,,,,,,,,,,,,,,,,,,,,,,,,,,,,,,,,,,,,,,,,,,,,,,,,,,,,,,,,,,,,,,,,,,,,,,,,,,,,,,,,,,,
Burundi,1938,BDI,1833699.0,,,,,,,,,,,,,,,,,,0.0,0.0,0.0,,,,,,,,,,,,,,,,,,,,,,,,,,,,,,,,,,,,,,,,,,,,,,,,,,,,,,,,,,,,,,,,,,,,,,,,,,,,,,,,,,,,,,,,,,,,,,,,,,,,,,,,,
Burundi,1939,BDI,1860879.0,,,,,,,,,,,,,,,,,,0.0,0.0,0.0,,,,,,,,,,,,,,,,,,,,,,,,,,,,,,,,,,,,,,,,,,,,,,,,,,,,,,,,,,,,,,,,,,,,,,,,,,,,,,,,,,,,,,,,,,,,,,,,,,,,,,,,,
Burundi,1940,BDI,1889974.0,,,,,,,,,,,,,,,,,,0.0,0.0,0.0,,,,,,,,,,,,,,,,,,,,,,,,,,,,,,,,,,,,,,,,,,,,,,,,,,,,,,,,,,,,,,,,,,,,,,,,,,,,,,,,,,,,,,,,,,,,,,,,,,,,,,,,,
Burundi,1941,BDI,1921040.0,,,,,,,,,,,,,,,,,,0.0,0.0,0.0,,,,,,,,,,,,,,,,,,,,,,,,,,,,,,,,,,,,,,,,,,,,,,,,,,,,,,,,,,,,,,,,,,,,,,,,,,,,,,,,,,,,,,,,,,,,,,,,,,,,,,,,,
Burundi,1942,BDI,1954132.0,,,,,,,,,,,,,,,,,,0.0,0.0,0.0,,,,,,,,,,,,,,,,,,,,,,,,,,,,,,,,,,,,,,,,,,,,,,,,,,,,,,,,,,,,,,,,,,,,,,,,,,,,,,,,,,,,,,,,,,,,,,,,,,,,,,,,,
Burundi,1943,BDI,1989306.0,,,,,,,,,,,,,,,,,,0.0,0.0,0.0,,,,,,,,,,,,,,,,,,,,,,,,,,,,,,,,,,,,,,,,,,,,,,,,,,,,,,,,,,,,,,,,,,,,,,,,,,,,,,,,,,,,,,,,,,,,,,,,,,,,,,,,,
Burundi,1944,BDI,2025113.0,,,,,,,,,,,,,,,,,,0.0,0.0,0.0,,,,,,,,,,,,,,,,,,,,,,,,,,,,,,,,,,,,,,,,,,,,,,,,,,,,,,,,,,,,,,,,,,,,,,,,,,,,,,,,,,,,,,,,,,,,,,,,,,,,,,,,,
Burundi,1945,BDI,2061566.0,,,,,,,,,,,,,,,,,,0.0,0.0,0.0,,,,,,,,,,,,,,,,,,,,,,,,,,,,,,,,,,,,,,,,,,,,,,,,,,,,,,,,,,,,,,,,,,,,,,,,,,,,,,,,,,,,,,,,,,,,,,,,,,,,,,,,,
Burundi,1946,BDI,2098674.0,,,,,,,,,,,,,,,,,,0.0,0.0,0.0,,,,,,,,,,,,,,,,,,,,,,,,,,,,,,,,,,,,,,,,,,,,,,,,,,,,,,,,,,,,,,,,,,,,,,,,,,,,,,,,,,,,,,,,,,,,,,,,,,,,,,,,,
Burundi,1947,BDI,2136450.0,,,,,,,,,,,,,,,,,,0.0,0.0,0.0,,,,,,,,,,,,,,,,,,,,,,,,,,,,,,,,,,,,,,,,,,,,,,,,,,,,,,,,,,,,,,,,,,,,,,,,,,,,,,,,,,,,,,,,,,,,,,,,,,,,,,,,,
Burundi,1948,BDI,2174906.0,,,,,,,,,,,,,,,,,,0.0,0.0,0.0,,,,,,,,,,,,,,,,,,,,,,,,,,,,,,,,,,,,,,,,,,,,,,,,,,,,,,,,,,,,,,,,,,,,,,,,,,,,,,,,,,,,,,,,,,,,,,,,,,,,,,,,,
Burundi,1949,BDI,2214122.0,,,,,,,,,,,,,,,,,,0.0,0.0,0.0,,,,,,,,,,,,,,,,,,,,,,,,,,,,,,,,,,,,,,,,,,,,,,,,,,,,,,,,,,,,,,,,,,,,,,,,,,,,,,,,,,,,,,,,,,,,,,,,,,,,,,,,,
Burundi,1950,BDI,2254121.0,1405700608.0,,,,,,,,,,,,,,,,,0.0,0.0,0.0,,,,,,,,,,,,,,,,,,,,,,,,,,,,,,,,,,,,,,,,,,,,,,,,,,,,,,,,,,,,,,,,,,,,,,,,,,,,,,,,,,,,,,,,,,,,,,,,,,,,,,,,,
Burundi,1951,BDI,2303256.0,1485475456.0,,,,,,,,,,,,,,,,,0.0,0.0,0.0,,,,,,,,,,,,,,,,,,,,,,,,,,,,,,,,,,,,,,,,,,,,,,,,,,,,,,,,,,,,,,,,,,,,,,,,,,,,,,,,,,,,,,,,,,,,,,,,,,,,,,,,,
Burundi,1952,BDI,2351540.0,1530956928.0,,,,,,,,,,,,,,,,,0.0,0.0,0.0,,,,,,,,,,,,,,,,,,,,,,,,,,,,,,,,,,,,,,,,,,,,,,,,,,,,,,,,,,,,,,,,,,,,,,,,,,,,,,,,,,,,,,,,,,,,,,,,,,,,,,,,,
Burundi,1953,BDI,2399100.0,1595031040.0,,,,,,,,,,,,,,,,,0.0,0.0,0.0,,,,,,,,,,,,,,,,,,,,,,,,,,,,,,,,,,,,,,,,,,,,,,,,,,,,,,,,,,,,,,,,,,,,,,,,,,,,,,,,,,,,,,,,,,,,,,,,,,,,,,,,,
Burundi,1954,BDI,2446765.0,1683704192.0,,,,,,,,,,,,,,,,,0.0,0.0,0.0,,,,,,,,,,,,,,,,,,,,,,,,,,,,,,,,,,,,,,,,,,,,,,,,,,,,,,,,,,,,,,,,,,,,,,,,,,,,,,,,,,,,,,,,,,,,,,,,,,,,,,,,,
Burundi,1955,BDI,2495202.0,1736391808.0,,,,,,,,,,,,,,,,,0.0,0.0,0.0,,,,,,,,,,,,,,,,,,,,,,,,,,,,,,,,,,,,,,,,,,,,,,,,,,,,,,,,,,,,,,,,,,,,,,,,,,,,,,,,,,,,,,,,,,,,,,,,,,,,,,,,,
Burundi,1956,BDI,2544266.0,1800938880.0,,,,,,,,,,,,,,,,,0.0,0.0,0.0,,,,,,,,,,,,,,,,,,,,,,,,,,,,,,,,,,,,,,,,,,,,,,,,,,,,,,,,,,,,,,,,,,,,,,,,,,,,,,,,,,,,,,,,,,,,,,,,,,,,,,,,,
Burundi,1957,BDI,2593848.0,1869930112.0,,,,,,,,,,,,,,,,,0.0,0.0,0.0,,,,,,,,,,,,,,,,,,,,,,,,,,,,,,,,,,,,,,,,,,,,,,,,,,,,,,,,,,,,,,,,,,,,,,,,,,,,,,,,,,,,,,,,,,,,,,,,,,,,,,,,,
Burundi,1958,BDI,2643156.0,1921836288.0,,,,,,,,,,,,,,,,,0.0,0.0,0.0,,,,,,,,,,,,,,,,,,,,,,,,,,,,,,,,,,,,,,,,,,,,,,,,,,,,,,,,,,,,,,,,,,,,,,,,,,,,,,,,,,,,,,,,,,,,,,,,,,,,,,,,,
Burundi,1959,BDI,2693642.0,2034099456.0,,,,,,,,,,,,,,,,,0.0,0.0,0.0,,,,,,,,,,,,,,,,,,,,,,,,,,,,,,,,,,,,,,,,,,,,,,,,,,,,,,,,,,,,,,,,,,,,,,,,,,,,,,,,,,,,,,,,,,,,,,,,,,,,,,,,,
Burundi,1960,BDI,2746633.0,2063691904.0,,,,,,,,,,,,,,,,,0.0,0.0,0.0,,,,,,,,,,,,,,,,,,,,,,,,,,,,,,,,,,,,,,,,,,,,,,,,,,,,,,,,,,,,,,,,,,,,,,,,,,,,,,,,,,,,,,,,,,,,,,,,,,,,,,,,,
Burundi,1961,BDI,2815976.0,1779904128.0,,,,,,,,,,,,,,,,,0.0,0.0,0.0,,,,,,,,,,,,,,,,,,,,,,,,,,,,,,,,,,,,,,,,,,,,,,,,,,,,,,,,,,,,,,,,,,,,,,,,,,,,,,,,,,,,,,,,,,,,,,,,,,,,,,,,,
Burundi,1962,BDI,2887397.0,1945978112.0,,,,,,,,,,,,,,,,,0.0,0.0,0.0,,,,,,,,,,,,,,,,,,,,,,,,,,,,,,,,,,,,,,,,,,,,,,,,,,,,,,,,,,,,,,,,,,,,,,,,,,,,,,,,,,,,,,,,,,,,,,,,,,,,,,,,,
Burundi,1963,BDI,2948131.0,2024692224.0,,,,,,,,,,,,,,,,,0.0,0.0,0.0,,,,,,,,,,,,,,,,,,,,,,,,,,,,,,,,,,,,,,,,,,,,,,,,,,,,,,,,,,,,,,,,,,,,,,,,,,,,,,,,,,,,,,,,,,,,,,,,,,,,,,,,,
Burundi,1964,BDI,3033227.0,2146734720.0,,,,,,,,,,,,,,,,,0.0,0.0,0.0,,,,,,,,,,,,,,,,,,,,,,,,,,,,,,,,,,,,,,,,,,,,,,,,,,,,,,,,,,,,,,,,,,,,,,,,,,,,,,,,,,,,,,,,,,,,,,,,,,,,,,,,,
Burundi,1965,BDI,3118139.0,2228968960.0,,,,,,,,,,,,,,,,,0.0,0.0,0.0,,,,,,,,,,,,,,,,,,,,,,,,,,,,,,,,,,,,,,,,,,,,,,,,,,,,,,,,,,,,,,,,,,,,,,,,,,,,,,,,,,,,,,,,,,,,,,,,,,,,,,,,,
Burundi,1966,BDI,3193389.0,2329584640.0,,,,,,,,,,,,,,,,,0.0,0.0,0.0,,,,,,,,,,,,,,,,,,,,,,,,,,,,,,,,,,,,,,,,,,,,,,,,,,,,,,,,,,,,,,,,,,,,,,,,,,,,,,,,,,,,,,,,,,,,,,,,,,,,,,,,,
Burundi,1967,BDI,3274496.0,2544875520.0,,,,,,,,,,,,,,,,,0.0,0.0,0.0,,,,,,,,,,,,,,,,,,,,,,,,,,,,,,,,,,,,,,,,,,,,,,,,,,,,,,,,,,,,,,,,,,,,,,,,,,,,,,,,,,,,,,,,,,,,,,,,,,,,,,,,,
Burundi,1968,BDI,3352406.0,2516573440.0,,,,,,,,,,,,,,,,,0.0,0.0,0.0,,,,,,,,,,,,,,,,,,,,,,,,,,,,,,,,,,,,,,,,,,,,,,,,,,,,,,,,,,,,,,,,,,,,,,,,,,,,,,,,,,,,,,,,,,,,,,,,,,,,,,,,,
Burundi,1969,BDI,3424431.0,2480923136.0,,,,,,,,,,,,,,,,,0.0,0.0,0.0,,,,,,,,,,,,,,,,,,,,,,,,,,,,,,,,,,,,,,,,,,,,,,,,,,,,,,,,,,,,,,,,,,,,,,,,,,,,,,,,,,,,,,,,,,,,,,,,,,,,,,,,,
Burundi,1970,BDI,3497842.0,3145068288.0,,,,,,,,,,,,,,,,,0.0,0.0,0.0,,,,,,,,,,,,,,,,,,,,,,,,,,,,,,,,,,,,,,,,,,,,,,,,,,,,,,,,,,,,,,,,,,,,,,,,,,,,,,,,,,,,,,,,,,,,,,,,,,,,,,,,,
Burundi,1971,BDI,3582080.0,3244323584.0,,,,,,,,,,,,,,,,,0.0,0.0,0.0,,,,,,,,,,,,,,,,,,,,,,,,,,,,,,,,,,,,,,,,,,,,,,,,,,,,,,,,,,,,,,,,,,,,,,,,,,,,,,,,,,,,,,,,,,,,,,,,,,,,,,,,,
Burundi,1972,BDI,3579196.0,3056965376.0,,,,,,,,,,,,,,,,,0.0,0.0,0.0,,,,,,,,,,,,,,,,,,,,,,,,,,,,,,,,,,,,,,,,,,,,,,,,,,,,,,,,,,,,,,,,,,,,,,,,,,,,,,,,,,,,,,,,,,,,,,,,,,,,,,,,,
Burundi,1973,BDI,3571455.0,3260400896.0,,,,,,,,,,,,,,,,,0.016,4.388,0.016,,,,,,,,,,,,,,,,,,,,,,,,,,,,,,,,,,,,,,,,,,,,,,,,,,,,,,,,,,,,,,,,,,,,,,,,,,,,,,,,,,,,,,,,,,,,,,,,,,,,,,,,,
Burundi,1974,BDI,3660036.0,3249841920.0,,,,,,,,,,,,,,,,40.0,0.006,5.994,0.022,,,,,,,,,,,,,,,,,,,,,,,,,,,,,,,,,,,,,,,,,,,,,,,,,,,,,,,,,,,,,,,,,,,,,,,,,,,,,,,,,,,,,,,,,,,,,,,,,,,,,,,,,
Burundi,1975,BDI,3749235.0,3246179840.0,,,,,,,,,,,,,,,,28.571,0.006,7.524,0.028,,,,,,,,,,,,,,,,,,,,,,,,,,,,,,,,,,,,,,,,,,,,,,,,,,,,,,,,,,,,,,,,,,,,,,,,,,,,,,,,,,,,,,,,,,,,,,,,,,,,,,,,,
Burundi,1976,BDI,3830894.0,3584117504.0,,,,,,,,,,,,,,,,-88.889,-0.025,0.818,0.003,,,,,,,,,,,,,,,,,,,,,,,,,,,,,,,,,,,,,,,,,,,,,,,,,,,,,,,,,,,,,,,,,,,,,,,,,,,,,,,,,,,,,,,,,,,,,,,,,,,,,,,,,
Burundi,1977,BDI,3927429.0,3911103232.0,,,,,,,,,,,,,,,,0.0,0.0,0.798,0.003,,,,,,,,,,,,,,,,,,,,,,,,,,,,,,,,,,,,,,,,,,,,,,,,,,,,,,,,,,,,,,,,,,,,,,,,,,,,,,,,,,,,,,,,,,,,,,,,,,,,,,,,,
Burundi,1978,BDI,4039416.0,4095032832.0,,,,,,,,,,,,,,,,100.0,0.003,1.552,0.006,,,,,,,,,,,,,,,,,,,,,,,,,,,,,,,,,,,,,,,,,,,,,,,,,,,,,,,,,,,,,,,,,,,,,,,,,,,,,,,,,,,,,,,,,,,,,,,,,,,,,,,,,
Burundi,1979,BDI,4137435.0,4165106688.0,,,,,,,,,,,,,,,,50.0,0.003,2.273,0.009,,,,,,,,,,,,,,,,,,,,,,,,,,,,,,,,,,,,,,,,,,,,,,,,,,,,,,,,,,,,,,,,,,,,,,,,,,,,,,,,,,,,,,,,,,,,,,,,,,,,,,,,,
Burundi,1980,BDI,4312846.0,4081883648.0,,,,,,,,,,,,,,,,-100.0,-0.009,0.0,0.0,,,,,,,,108.328,0.114,,,,,,,,,,,,,,,,,0.0,0.0,,,,,,,,,,,,,,,,,,,,,,,,,,,,,,,,,,,,,,0.0,0.0,,,,,,,,,,,,,,,0.467,,,,,,,,,,,,,,,,,,,,,,,,
Burundi,1981,BDI,4490745.0,4516507136.0,,,,,,,,,,,,,,,,,0.0,0.0,0.0,,,,,,13.061,0.061,117.625,0.117,,,,,,,,,,,,,,,,0.0,0.0,0.0,,,,,,,,,,,,,,,,,,,,,,,,,,,,,,,,,,,,,0.0,0.0,0.0,,,,,,,,,,,,,,,0.528,,,,,,,,,,,,,,,,,,,,,,,,
Burundi,1982,BDI,4602275.0,4482358784.0,,,,,,,,,,,,,,,,,0.0,0.0,0.0,,,,,,-12.142,-0.064,100.839,0.104,,,,,,,,,,,,,,,,0.0,0.0,0.0,,,,,,,,,,,,,,,,,,,,,,,,,,,,,,,,,,,,,0.0,0.0,0.0,,,,,,,,,,,,,,,0.464,,,,,,,,,,,,,,,,,,,,,,,,
Burundi,1983,BDI,4726511.0,4616672768.0,,,,,,,,,,,,,,,,,0.0,0.0,0.0,,,,,,26.702,0.124,124.407,0.127,,,,,,,,,,,,,,,,0.0,0.0,0.0,,,,,,,,,,,,,,,,,,,,,,,,,,,,,,,,,,,,,0.0,0.0,0.0,,,,,,,,,,,,,,,0.588,,,,,,,,,,,,,,,,,,,,,,,,
Burundi,1984,BDI,4842271.0,4605245440.0,,,,,,,,,,,,,,,,,0.0,0.0,0.0,,,,,,28.798,0.169,156.403,0.164,,,,,,,,,,,,,,,,0.0,0.0,0.0,,,,,,,,,,,,,,,,,,,,,,,,,,,,,,,,,,,,,0.0,0.0,0.0,,,,,,,,,,,,,,,0.757,,,,,,,,,,,,,,,,,,,,,,,,
Burundi,1985,BDI,4948031.0,5124898304.0,,,,,,,,,,,,,,,,,0.0,0.0,0.0,,,,,,3.547,0.027,158.489,0.153,,,,,,,,,,,,,,,,0.0,0.0,0.0,,,,,,,,,,,,,,,,,,,,,,,,,,,,,,,,,,,,,0.0,0.0,0.0,,,,,,,,,,,,,,,0.784,,,,,,,,,,,,,,,,,,,,,,,,
Burundi,1986,BDI,5041711.0,5315582464.0,,,,,,,,,,,,,,,,,0.0,0.0,0.0,,,,,,4.764,0.037,162.955,0.155,,,,,,,,,,,,,,,,0.0,0.0,0.0,,,,,,,,,,,,,,,,,,,,,,,,,,,,,,,,,,,,,0.0,0.0,0.0,,,,,,,,,,,,,,,0.822,,,,,,,,,,,,,,,,,,,,,,,,
Burundi,1987,BDI,5157770.0,5518938112.0,,,,,,,,,,,,,,,,,0.0,0.0,0.0,,,,,,15.382,0.126,183.789,0.172,,,,,,,,,,,,,,,,0.0,0.0,0.0,,,,,,,,,,,,,,,,,,,,,,,,,,,,,,,,,,,,,0.0,0.0,0.0,,,,,,,,,,,,,,,0.948,,,,,,,,,,,,,,,,,,,,,,,,
Burundi,1988,BDI,5271844.0,5769869312.0,,,,,,,,,,,,,,,,,0.0,0.0,0.0,,,,,,43.569,0.413,258.155,0.236,,,,,,,,,,,,,,,,0.0,0.0,0.0,,,,,,,,,,,,,,,,,,,,,,,,,,,,,,,,,,,,,0.0,0.0,0.0,,,,,,,,,,,,,,,1.361,,,,,,,,,,,,,,,,,,,,,,,,
Burundi,1989,BDI,5373706.0,5847419392.0,,,,,,,,,,,,,,,,,0.0,0.0,0.0,,,,,,11.019,0.15,281.169,0.258,,,,,,,,,,,,,,,,0.0,0.0,0.0,,,,,,,,,,,,,,,,,,,,,,,,,,,,,,,,,,,,,0.0,0.0,0.0,,,,,,,,,,,,,,,1.511,,,,,,,,,,,,,,,,,,,,,,,,
Burundi,1990,BDI,5483800.0,6041848320.0,,,,,,,,,,,,,,,,,0.0,0.0,0.0,,,,,,5.293,0.08,290.107,0.263,,,,,,,,,,,,,,,,0.0,0.0,0.0,,,,,,,,,,,,,,,,,,,,,,,,,,,,,,,,,,,,,0.0,0.0,0.0,,,,,,,,,,,,,,,1.591,,,,,,,,,,,,,,,,,,,,,,,,
Burundi,1991,BDI,5594838.0,6316030464.0,,,,,,,,,,,,,,,,,0.0,0.0,0.0,,,,,,12.76,0.203,320.632,0.284,,,,,,,,,,,,,,,,0.0,0.0,0.0,,,,,,,,,,,,,,,,,,,,,,,,,,,,,,,,,,,,,0.0,0.0,0.0,,,,,,,,,,,,,,,1.794,,,,,,,,,,,,,,,,,,,,,,,,
Burundi,1992,BDI,5743083.0,6377442304.0,,,,,,,,,,,,,,,,,0.0,0.0,0.0,,,,,,-7.608,-0.136,288.59,0.26,,,,,,,,,,,,,,,,0.0,0.0,0.0,,,,,,,,,,,,,,,,,,,,,,,,,,,,,,,,,,,,,0.0,0.0,0.0,,,,,,,,,,,,,,,1.657,,,,,,,,,,,,,,,,,,,,,,,,
Burundi,1993,BDI,5555227.0,5844277760.0,,,,,,,,,,,,,,,,,0.0,0.0,0.0,,,,,,12.075,0.2,334.374,0.318,,,,,,,,,,,,,,,,0.0,0.0,0.0,,,,,,,,,,,,,,,,,,,,,,,,,,,,,,,,,,,,,0.0,0.0,0.0,,,,,,,,,,,,,,,1.858,,,,,,,,,,,,,,,,,,,,,,,,
Burundi,1994,BDI,5586415.0,5760142336.0,,,,,,,,,,,,,,,,,0.0,0.0,0.0,,,,,,4.774,0.089,348.38,0.338,,,,,,,,,,,,,,,,0.0,0.0,0.0,,,,,,,,,,,,,,,,,,,,,,,,,,,,,,,,,,,,,0.0,0.0,0.0,,,,,,,,,,,,,,,1.946,,,,,,,,,,,,,,,,,,,,,,,,
Burundi,1995,BDI,5932789.0,5429588480.0,,,,,,,,,,,,,,,,,0.0,0.0,0.0,,,,,,-3.462,-0.067,316.683,0.346,,,,,,,,,,,,,,,,0.0,0.0,0.0,,,,,,,,,,,,,,,,,,,,,,,,,,,,,,,,,,,,,0.0,0.0,0.0,,,,,,,,,,,,,,,1.879,,,,,,,,,,,,,,,,,,,,,,,,
Burundi,1996,BDI,5930512.0,4794534912.0,,,,,,,,,,,,,,,,,0.0,0.0,0.0,,,,,,4.172,0.078,330.023,0.408,,,,,,,,,,,,,,,,0.0,0.0,0.0,,,,,,,,,,,,,,,,,,,,,,,,,,,,,,,,,,,,,0.0,0.0,0.0,,,,,,,,,,,,,,,1.957,,,,,,,,,,,,,,,,,,,,,,,,
Burundi,1997,BDI,5923863.0,4657583104.0,,,,,,,,,,,,,,,,,0.0,0.0,0.0,,,,,,0.023,0.0,330.469,0.42,,,,,,,,,,,,,,,,0.0,0.0,0.0,,,,,,,,,,,,,,,,,,,,,,,,,,,,,,,,,,,,,0.0,0.0,0.0,,,,,,,,,,,,,,,1.958,,,,,,,,,,,,,,,,,,,,,,,,
Burundi,1998,BDI,6035347.0,4813570048.0,,,,,,,,,,,,,,,,,0.0,0.0,0.0,,,,,,1.169,0.023,328.155,0.411,,,,,,,,,,,,,,,,0.0,0.0,0.0,,,,,,,,,,,,,,,,,,,,,,,,,,,,,,,,,,,,,0.0,0.0,0.0,,,,,,,,,,,,,,,1.981,,,,,,,,,,,,,,,,,,,,,,,,
Burundi,1999,BDI,6180189.0,4732759552.0,,,,,,,,,,,,,,,,,0.0,0.0,0.0,,,,,,-1.466,-0.029,315.766,0.412,,,,,,,,,,,,,,,,0.0,0.0,0.0,,,,,,,,,,,,,,,,,,,,,,,,,,,,,,,,,,,,,0.0,0.0,0.0,,,,,,,,,,,,,,,1.951,,,,,,,,,,,,,,,,,,,,,,,,
Burundi,2000,BDI,6307665.0,4647177728.0,,,,,0.0,0.0,0.0,,0.0,,,,,0.0,0.0,,0.0,0.0,0.0,0.0,,0.13,0.1,,-15.329,-0.299,261.958,0.356,,,0.0,0.0,,,0.0,,,,,0.0,0.0,,,0.0,0.0,0.0,0.0,,0.0,,,,15.854,0.1,,100.0,,,,,15.854,0.1,,100.0,,0.03,23.077,,,,0.0,0.0,,0.0,,,,,0.0,0.0,,,0.0,0.0,0.0,0.0,,,0.0,0.0,,,0.0,0.0,,0.0,0.0,,15.854,1.652,,,,15.854,0.1,,100.0,,,,,0.0,0.0,,0.0,,,,,0.0,0.0,,0.0,
Burundi,2001,BDI,6465731.0,4722946048.0,,,,,0.0,0.0,0.0,,0.0,,,,,0.0,0.0,,0.0,0.0,0.0,0.0,,0.15,0.11,,-14.848,-0.245,217.609,0.298,,,0.0,0.0,,,0.0,,,,,0.0,0.0,,,0.0,0.0,0.0,0.0,,0.0,,,,17.013,0.11,,100.0,,,,,17.013,0.11,,100.0,,0.04,26.667,,,,0.0,0.0,,0.0,,,,,0.0,0.0,,,0.0,0.0,0.0,0.0,,,0.0,0.0,,,0.0,0.0,,0.0,0.0,,17.013,1.407,,,,17.013,0.11,,100.0,,,,,0.0,0.0,,0.0,,,,,0.0,0.0,,0.0,
Burundi,2002,BDI,6648951.0,4917697536.0,,,,,0.0,0.0,0.0,,0.0,,,,,0.0,0.0,,0.0,0.0,0.0,0.0,,0.17,0.13,,-5.396,-0.076,200.193,0.271,,,0.0,0.0,,,0.0,,,,,0.0,0.0,,,0.0,0.0,0.0,0.0,,0.0,,,,19.552,0.13,,100.0,,,,,19.552,0.13,,100.0,,0.04,23.529,,,,0.0,0.0,,0.0,,,,,0.0,0.0,,,0.0,0.0,0.0,0.0,,,0.0,0.0,,,0.0,0.0,,0.0,0.0,,19.552,1.331,,,,19.552,0.13,,100.0,,,,,0.0,0.0,,0.0,,,,,0.0,0.0,,0.0,
Burundi,2003,BDI,6860854.0,4852463616.0,,,,,0.0,0.0,0.0,,0.0,,,,,0.0,0.0,,0.0,0.0,0.0,0.0,,0.15,0.1,,-18.958,-0.252,157.229,0.222,,,0.0,0.0,,,0.0,,,,,0.0,0.0,,,0.0,0.0,0.0,0.0,,0.0,,,,14.575,0.1,,100.0,,,,,14.575,0.1,,100.0,,0.05,33.333,,,,0.0,0.0,,0.0,,,,,0.0,0.0,,,0.0,0.0,0.0,0.0,,,0.0,0.0,,,0.0,0.0,,0.0,0.0,,14.575,1.079,,,,14.575,0.1,,100.0,,,,,0.0,0.0,,0.0,,,,,0.0,0.0,,0.0,
Burundi,2004,BDI,7120502.0,5086686720.0,,,,,0.0,0.0,0.0,,0.0,,,,,0.0,0.0,,0.0,0.0,0.0,0.0,,0.15,0.09,,15.287,0.165,174.654,0.244,,,0.0,0.0,,,0.0,,,,,0.0,0.0,,,0.0,0.0,0.0,0.0,,0.0,,,,12.64,0.09,,100.0,,,,,12.64,0.09,,100.0,,0.06,40.0,,,,0.0,0.0,,0.0,,,,,0.0,0.0,,,0.0,0.0,0.0,0.0,,,0.0,0.0,,,0.0,0.0,,0.0,0.0,,12.64,1.244,,,,12.64,0.09,,100.0,,,,,0.0,0.0,,0.0,,,,,0.0,0.0,,0.0,
Burundi,2005,BDI,7388869.0,5144958976.0,,,,,0.0,0.0,0.0,,0.0,,,,,0.0,0.0,,0.0,0.0,0.0,0.0,,0.16,0.09,,-13.264,-0.165,145.987,0.21,,,0.0,0.0,,,0.0,,,,,0.0,0.0,,,0.0,0.0,0.0,0.0,,0.0,,,,12.18,0.09,,100.0,,,,,12.18,0.09,,100.0,,0.07,43.75,,,,0.0,0.0,,0.0,,,,,0.0,0.0,,,0.0,0.0,0.0,0.0,,,0.0,0.0,,,0.0,0.0,,0.0,0.0,,12.18,1.079,,,,12.18,0.09,,100.0,,,,,0.0,0.0,,0.0,,,,,0.0,0.0,,0.0,
Burundi,2006,BDI,7658194.0,5422210048.0,,,,,0.0,0.0,0.0,,0.0,,,,,0.0,0.0,,0.0,0.0,0.0,0.0,,0.17,0.09,,15.874,0.171,163.211,0.231,,,0.0,0.0,,,0.0,,,,,0.0,0.0,,,0.0,0.0,0.0,0.0,,0.0,,,,11.752,0.09,,100.0,,,,,11.752,0.09,,100.0,,0.08,47.059,,,,0.0,0.0,,0.0,,,,,0.0,0.0,,,0.0,0.0,0.0,0.0,,,0.0,0.0,,,0.0,0.0,,0.0,0.0,,11.752,1.25,,,,11.752,0.09,,100.0,,,,,0.0,0.0,,0.0,,,,,0.0,0.0,,0.0,
Burundi,2007,BDI,7944613.0,5601360896.0,,,,,0.0,0.0,0.0,,0.0,,,,,0.0,0.0,,0.0,0.0,0.0,0.0,,0.2,0.12,,56.489,0.706,246.2,0.349,,,0.0,0.0,,,0.0,,,,,0.0,0.0,,,0.0,0.0,0.0,0.0,,0.0,,,,15.105,0.12,,100.0,,,,,15.105,0.12,,100.0,,0.08,40.0,,,,0.0,0.0,,0.0,,,,,0.0,0.0,,,0.0,0.0,0.0,0.0,,,0.0,0.0,,,0.0,0.0,,0.0,0.0,,15.105,1.956,,,,15.105,0.12,,100.0,,,,,0.0,0.0,,0.0,,,,,0.0,0.0,,0.0,
Burundi,2008,BDI,8278112.0,5894788608.0,,,,,0.0,0.0,0.0,,0.0,,,,,0.0,0.0,,0.0,0.0,0.0,0.0,,0.19,0.11,,-34.22,-0.669,155.427,0.218,,,0.0,0.0,,,0.0,,,,,0.0,0.0,,,0.0,0.0,0.0,0.0,,0.0,,,,13.288,0.11,,100.0,,,,,13.288,0.11,,100.0,,0.08,42.105,,,,0.0,0.0,,0.0,,,,,0.0,0.0,,,0.0,0.0,0.0,0.0,,,0.0,0.0,,,0.0,0.0,,0.0,0.0,,13.288,1.287,,,,13.288,0.11,,100.0,,,,,0.0,0.0,,0.0,,,,,0.0,0.0,,0.0,
Burundi,2009,BDI,8709371.0,6197654016.0,,,,,0.0,0.0,0.0,,0.0,,,,,0.0,0.0,,0.0,0.0,0.0,0.0,,0.21,0.12,,0.992,0.013,149.196,0.21,,,0.0,0.0,,,0.0,,,,,0.0,0.0,,,0.0,0.0,0.0,0.0,,0.0,,,,13.778,0.12,,100.0,,,,,13.778,0.12,,100.0,,0.09,42.857,,,,0.0,0.0,,0.0,,,,,0.0,0.0,,,0.0,0.0,0.0,0.0,,,0.0,0.0,,,0.0,0.0,,0.0,0.0,,13.778,1.299,,,,13.778,0.12,,100.0,,,,,0.0,0.0,,0.0,,,,,0.0,0.0,,0.0,
Burundi,2010,BDI,9126612.0,6558969344.0,,,,,0.0,0.0,0.0,,0.0,,,,,0.0,0.0,,0.0,0.0,0.0,0.0,,0.23,0.14,,40.247,0.523,199.676,0.278,,,0.0,0.0,,,0.0,,,,,0.0,0.0,,,0.0,0.0,0.0,0.0,,0.0,,,,15.34,0.14,,100.0,,,,,15.34,0.14,,100.0,,0.09,39.13,,,,0.0,0.0,,0.0,,,,,0.0,0.0,,,0.0,0.0,0.0,0.0,,,0.0,0.0,,,0.0,0.0,,0.0,0.0,,15.34,1.822,,,,15.34,0.14,,100.0,,,,,0.0,0.0,,0.0,,,,,0.0,0.0,,0.0,
Burundi,2011,BDI,9455737.0,6787359744.0,,,,,0.0,0.0,0.0,,71.429,,,,,0.0,0.0,,0.0,0.0,0.0,0.0,,0.24,0.14,,17.587,0.321,226.621,0.316,,,1.058,0.01,,,7.143,,,,,0.0,0.0,,,0.0,0.0,0.0,0.0,,0.01,,,,13.748,0.13,,92.857,,,,,13.748,0.13,,92.857,,0.1,41.667,,,,0.0,0.0,,0.0,,,,,1.058,0.01,,,0.0,0.0,0.0,7.143,,,0.0,0.0,,,0.0,0.0,,0.0,0.0,,14.806,2.143,,,,13.748,0.13,,92.857,,,,,0.0,0.0,,0.0,,,,,0.0,0.0,,0.0,
Burundi,2012,BDI,9795479.0,7086795776.0,,,,,0.0,0.0,0.0,,66.667,,,,,0.0,0.0,,0.0,0.0,0.0,0.0,,0.25,0.15,,-5.839,-0.125,205.988,0.285,,,1.021,0.01,,,6.667,,,,,0.0,0.0,,,0.0,0.0,0.0,0.0,,0.01,,,,14.292,0.14,,93.333,,,,,14.292,0.14,,93.333,,0.1,40.0,,,,0.0,0.0,,0.0,,,,,1.021,0.01,,,0.0,0.0,0.0,6.667,,,0.0,0.0,,,0.0,0.0,,0.0,0.0,,15.313,2.018,,,,14.292,0.14,,93.333,,,,,0.0,0.0,,0.0,,,,,0.0,0.0,,0.0,
Burundi,2013,BDI,10149583.0,7430922240.0,,,,,0.985,0.01,5.556,,111.111,,,,,0.0,0.0,,0.0,0.0,0.0,0.0,,0.28,0.18,,9.094,0.183,216.881,0.296,,,2.956,0.03,,,16.667,,,,,0.0,0.0,,,0.0,0.0,0.0,0.0,,0.02,,,,13.794,0.14,,77.778,,,,,14.779,0.15,,83.333,,0.1,35.714,,,,0.0,0.0,,0.0,,,,,2.956,0.03,,,0.0,0.0,0.0,16.667,,,0.01,0.0,,,0.985,0.0,,5.556,0.0,,17.735,2.201,,,,14.779,0.15,,83.333,,,,,0.0,0.0,,0.0,,,,,0.0,0.0,,0.0,
Burundi,2014,BDI,10494920.0,7764239872.0,,,,,0.953,0.01,5.263,,157.895,,,,,0.0,0.0,,0.0,0.0,0.0,0.0,,0.28,0.19,,-6.492,-0.143,196.128,0.265,,,3.811,0.04,,,21.053,,,,,0.0,0.0,,,0.0,0.0,0.0,0.0,,0.03,,,,13.34,0.14,,73.684,,,,,14.293,0.15,,78.947,,0.09,32.143,,,,0.0,0.0,,0.0,,,,,3.811,0.04,,,0.0,0.0,0.0,21.053,,,0.01,0.0,,,0.953,0.0,,5.263,0.0,,18.104,2.058,,,,14.293,0.15,,78.947,,,,,0.0,0.0,,0.0,,,,,0.0,0.0,,0.0,
Burundi,2015,BDI,10727153.0,7340438016.0,,,,,0.932,0.01,5.556,,111.111,,,,,0.0,0.0,,0.0,0.0,0.0,0.0,,0.28,0.18,,0.976,0.02,193.754,0.283,,,2.797,0.03,,,16.667,,,,,0.0,0.0,,,0.0,0.0,0.0,0.0,,0.02,,,,13.051,0.14,,77.778,,,,,13.983,0.15,,83.333,,0.1,35.714,,,,0.0,0.0,,0.0,,,,,2.797,0.03,,,0.0,0.0,0.0,16.667,,,0.01,0.0,,,0.932,0.0,,5.556,0.0,,16.78,2.078,,,,13.983,0.15,,83.333,,,,,0.0,0.0,,0.0,,,,,0.0,0.0,,0.0,
Burundi,2016,BDI,10903329.0,7129464832.0,,,,,0.917,0.01,5.263,,105.263,,,,,0.0,0.0,,0.0,0.0,0.0,0.0,,0.29,0.19,,9.341,0.194,208.43,0.319,,,2.751,0.03,,,15.789,,,,,0.0,0.0,,,0.0,0.0,0.0,0.0,,0.02,,,,12.84,0.14,,73.684,,,,,14.674,0.16,,84.211,,0.1,34.483,,,,0.0,0.0,,0.0,,,,,2.751,0.03,,,0.0,0.0,0.0,15.789,,,0.01,0.0,,,0.917,0.0,,5.263,0.0,,17.426,2.273,,,,14.674,0.16,,84.211,,,,,0.917,0.01,,5.263,,,,,0.0,0.0,,0.0,
Burundi,2017,BDI,11155592.0,7354276864.0,,,,,0.896,0.01,3.448,,206.897,,,,,0.0,0.0,,,,,0.0,,0.39,0.29,,21.198,0.482,246.9,0.375,,,7.171,0.08,,,27.586,,,,,0.0,0.0,,,,,,0.0,,0.06,,,,17.032,0.19,,65.517,,,,,18.825,0.21,,72.414,,0.1,25.641,,,,0.0,0.0,,0.0,,,,,7.171,0.08,,,,,,27.586,,,0.01,0.0,,,0.896,0.0,,3.448,0.0,,25.996,2.754,,,,18.825,0.21,,72.414,,,,,0.896,0.01,,3.448,,,,,0.0,0.0,,0.0,
Burundi,2018,BDI,11493476.0,7314108928.0,,,,,0.87,0.01,3.704,,259.259,,,,,0.0,0.0,,,,,0.0,,0.37,0.27,,21.335,0.588,290.769,0.457,,,8.701,0.1,,,37.037,,,,,0.0,0.0,,,,,,0.0,,0.07,,,,13.051,0.15,,55.556,,,,,14.791,0.17,,62.963,,0.1,27.027,,,,0.0,0.0,,0.0,,,,,8.701,0.1,,,,,,37.037,,,0.01,0.0,,,0.87,0.0,,3.704,0.0,,23.492,3.342,,,,14.791,0.17,,62.963,,,,,0.87,0.01,,3.704,,,,,0.0,0.0,,0.0,
Burundi,2019,BDI,11874838.0,,,,,,0.842,0.01,2.778,,250.0,,,,,0.0,0.0,,,,,0.0,,0.46,0.36,,9.917,0.331,309.341,,,,10.105,0.12,,,33.333,,,,,0.0,0.0,,,,,,0.0,,0.09,,,,18.527,0.22,,61.111,,,,,20.211,0.24,,66.667,,0.1,21.739,,,,0.0,0.0,,0.0,,,,,10.105,0.12,,,,,,33.333,,,0.01,0.0,,,0.842,0.0,,2.778,0.0,,30.316,3.673,,,,20.211,0.24,,66.667,,,,,0.842,0.01,,2.778,,,,,0.0,0.0,,0.0,
Burundi,2020,BDI,12220229.0,,,,,,0.818,0.01,2.857,,257.143,,,,,0.0,0.0,,,,,0.0,,0.45,0.35,,-3.836,-0.141,289.066,,,,9.001,0.11,,,31.429,,,,,0.0,0.0,,,,,,0.0,,0.09,,,,18.003,0.22,,62.857,,,,,19.64,0.24,,68.571,,0.1,22.222,,,,0.0,0.0,,0.0,,,,,9.001,0.11,,,,,,31.429,,,0.01,0.0,,,0.818,0.0,,2.857,0.0,,28.641,3.532,,,,19.64,0.24,,68.571,,,,,0.818,0.01,,2.857,,,,,0.0,0.0,,0.0,
Burundi,2021,BDI,12551215.0,,,,,,0.797,0.01,2.778,,250.0,,,,,0.0,0.0,,,,,0.0,,0.46,0.36,,4.422,0.156,293.889,,,,9.561,0.12,,,33.333,,,,,0.0,0.0,,,,,,0.0,,0.09,,,,17.528,0.22,,61.111,,,,,19.122,0.24,,66.667,,0.1,21.739,,,,0.0,0.0,,0.0,,,,,9.561,0.12,,,,,,33.333,,,0.01,0.0,,,0.797,0.0,,2.778,0.0,,28.682,3.689,,,,19.122,0.24,,66.667,,,,,0.797,0.01,,2.778,,,,,0.0,0.0,,0.0,
Burundi,2022,BDI,12889583.0,,,,,,0.776,0.01,2.778,,250.0,,,,,0.0,0.0,,,,,0.0,,0.46,0.36,,,,,,,,8.534,0.11,,,30.556,,,,,0.0,0.0,,,,,,0.0,,0.09,,,,17.844,0.23,,63.889,,,,,19.396,0.25,,69.444,,0.1,21.739,,,,0.0,0.0,,0.0,,,,,8.534,0.11,,,,,,30.556,,,0.01,0.0,,,0.776,0.0,,2.778,0.0,,27.93,,,,,19.396,0.25,,69.444,,,,,0.776,0.01,,2.778,,,,,0.0,0.0,,0.0,
CIS (EI),1965,,,,,,,,,,,,,,,,3459.188,,,,,,,,50.011,,,,,,,,,,,,,6670.796,,96.442,,,1216.758,,,,,,,,,17.591,,,,240.799,,81.434,,,3.481,,,246.079,,83.295,,,3.558,,,,,5.279,,1.861,,,0.076,,,1994.849,,,,,,,2824.787,,28.84,0.0,0.0,,,,,,,,,0.0,,6916.875,,,240.799,,81.434,,,3.481,,,0.0,,0.0,,,0.0,,,0.0,,0.0,,,0.0
CIS (EI),1966,,,,,,,,,,,,,3.643,126.031,,3585.219,,,,,,,,48.737,,,,6.352,439.341,,,6.117,408.045,,,,7078.841,,96.229,11.557,140.616,1357.374,,,,,,,,,18.452,,12.758,30.72,271.52,,91.823,,,3.691,12.717,31.297,277.376,,2.064,,,3.771,,,10.926,0.577,5.856,,2.064,,,0.08,7.088,141.398,2136.247,,,,9.145,258.326,,3083.113,,29.04,,,,,,,,,,,,,7356.216,12.758,30.72,271.52,,,,,3.691,,,,,,,,,,,,,,,,
CIS (EI),1967,,,,,,,,,,,,,1.548,55.501,,3640.72,,,,,,,,47.093,,,,5.095,374.771,,,5.422,383.848,,,,7462.688,,96.53,10.097,137.051,1494.425,,,,,,,,,19.33,,-3.542,-9.616,261.903,,88.571,,,3.388,-3.261,-9.077,268.299,,2.254,,,3.47,,,9.208,0.539,6.395,,2.254,,,0.083,8.955,191.296,2327.543,,,,8.676,267.49,,3350.603,,30.107,,,,,,,,,,,,,7730.988,-3.542,-9.616,261.903,,,,,3.388,,,,,,,,,,,,,,,,
CIS (EI),1968,,,,,,,,,,,,,-0.872,-31.75,,3608.97,,,,,,,,44.998,,,,3.741,289.239,,,3.229,241.002,,,,7703.69,,96.053,7.975,119.179,1613.604,,,,,,,,,20.119,,17.465,45.742,307.645,,104.04,,,3.836,18.0,48.237,316.536,,3.133,,,3.947,,,39.02,2.495,8.891,,3.133,,,0.111,6.598,153.573,2481.116,,,,7.324,245.393,,3595.996,,30.936,,,,,,,,,,,,,8020.227,17.465,45.742,307.645,,,,,3.836,,,,,,,,,,,,,,,,
CIS (EI),1969,,,,,,,,,,,,,1.434,51.738,,3660.708,,,,,,,,43.713,,,,4.416,354.19,,,4.152,319.83,,,,8023.521,,95.81,6.868,110.83,1724.434,,,,,,,,,20.592,,10.708,32.944,340.589,,115.181,,,4.067,10.861,34.361,350.897,,3.633,,,4.19,,,15.938,1.417,10.308,,3.633,,,0.123,6.338,157.263,2638.379,,,,6.177,222.133,,3818.129,,31.505,,,,,,,,,,,,,8374.417,10.708,32.944,340.589,,,,,4.067,,,,,,,,,,,,,,,,
CIS (EI),1970,,,,,,,,,,,,,-0.828,-30.314,,3630.394,,,,,,,,41.208,,,,5.2,435.499,,,5.062,406.162,,,,8429.683,,95.684,9.882,170.414,1894.847,,,,,,,1875.014,,21.508,,7.984,27.192,367.781,,124.377,,,4.175,8.376,29.337,380.234,,4.388,,,4.316,,,20.803,2.144,12.452,,4.388,,,0.141,10.084,266.063,2904.442,,,,7.535,287.715,,4105.844,,32.968,,,,,,,,,,,,,8809.916,7.984,27.192,367.781,,,,,4.175,,,,,,,,,,,,,,,,
CIS (EI),1971,,,,,,,,,,,,,2.022,73.411,,3703.805,,,,,,,,40.074,,,,4.909,432.438,,,5.036,424.511,,,,8854.193,,95.8,9.308,176.371,2071.218,,,,7.303,136.923,,2011.937,,22.41,,1.384,5.092,372.873,,126.099,,,4.034,2.113,7.926,388.16,,5.387,,,4.2,,,22.759,2.834,15.286,,5.387,,,0.165,6.016,174.728,3079.17,,,,6.787,278.667,,4384.51,,33.316,,,,,,,,,,,,,9242.354,1.384,5.092,372.873,,,,,4.034,,,,,,,,,,,,,,,,
CIS (EI),1972,,,,,,,,,,,,,2.795,103.522,,3807.327,,,,,,,,39.183,,,,5.133,474.431,,,5.323,471.277,,,,9325.471,,95.973,5.179,107.264,2178.483,,,,4.237,85.252,,2097.189,,22.42,,-2.538,-9.462,363.411,,122.899,,,3.74,0.948,3.153,391.313,,9.833,,,4.027,,,82.527,12.615,27.902,,9.833,,,0.287,8.46,260.491,3339.661,,,,6.207,272.142,,4656.652,,34.37,,,,,,,,,,,,,9716.784,-2.538,-9.462,363.411,,,,,3.74,,,,,,,,,,,,,,,,
CIS (EI),1973,,,,,,,,,,,,,1.071,40.769,,3848.096,,,,,,,,37.689,,,,5.076,493.237,,,5.17,482.172,,,,9807.643,,96.059,8.752,190.666,2369.149,,,,6.73,141.139,,2238.328,,23.204,,-0.451,-1.638,361.773,,122.345,,,3.543,2.955,11.065,402.378,,14.31,,,3.941,,,45.528,12.703,40.605,,14.31,,,0.398,7.508,250.737,3590.398,,,,7.143,332.618,,4989.27,,35.165,,,,,,,,,,,,,10210.021,-0.451,-1.638,361.773,,,,,3.543,,,,,,,,,,,,,,,,
CIS (EI),1974,,,,,,,,,,,,,0.491,18.891,,3866.987,,,,,,,,35.89,,,,5.53,564.6,,,5.258,515.672,,,,10323.314,,95.811,6.036,143.008,2512.157,,,,10.284,230.179,,2468.507,,23.316,,7.916,28.638,390.411,,132.03,,,3.623,12.32,48.928,451.306,,21.461,,,4.189,,,49.969,20.29,60.895,,21.461,,,0.565,9.853,353.772,3944.171,,,,6.97,347.737,,5337.007,,36.606,,,,,,,,,,,,,10774.621,7.916,28.638,390.411,,,,,3.623,,,,,,,,,,,,,,,,
CIS (EI),1975,,,,,,,,,,,,,2.846,110.072,,3977.059,,,,,,,,35.175,,,,4.935,531.743,,,5.127,529.31,,,,10852.624,,95.987,9.108,228.812,2740.969,,,,11.001,271.555,,2740.062,,24.243,,-4.577,-17.869,372.542,,125.987,,,3.295,0.724,2.433,453.739,,28.616,,,4.013,,,33.34,20.302,81.197,,28.616,,,0.718,4.828,190.426,4134.596,,,,6.952,371.009,,5708.016,,36.569,,,,,,,,,,,,,11306.364,-4.577,-17.869,372.542,,,,,3.295,,,,,,,,,,,,,,,,
CIS (EI),1976,,,,,,,,,,,,,-0.108,-4.306,,3972.753,,,,,,,,33.819,,,,3.9,440.901,,,3.548,385.017,,,,11237.641,,95.662,10.044,275.298,3016.267,,,,10.953,300.133,,3040.194,,25.676,,7.737,28.825,401.367,,135.735,,,3.417,12.474,55.886,509.626,,38.153,,,4.338,,,33.328,27.062,108.259,,38.153,,,0.922,2.758,114.024,4248.621,,,,5.883,335.828,,6043.844,,36.167,,,,,,,,,,,,,11747.266,7.737,28.825,401.367,,,,,3.417,,,,,,,,,,,,,,,,
CIS (EI),1977,,,,,,,,,,,,,1.796,71.362,,4044.115,,,,,,,,32.948,,,,4.487,527.087,,,4.068,457.193,,,,11694.834,,95.279,7.151,215.702,3231.969,,,,7.805,237.284,,3277.478,,26.331,,8.31,33.352,434.719,,147.014,,,3.542,13.892,69.894,579.52,,51.031,,,4.721,,,33.754,36.542,144.801,,51.031,,,1.18,4.004,170.129,4418.75,,,,5.027,303.799,,6347.643,,36.0,,,,,,,,,,,,,12274.353,8.31,33.352,434.719,,,,,3.542,,,,,,,,,,,,,,,,
CIS (EI),1978,,,,,,,,,,,,,-0.605,-24.474,,4019.64,,,,,,,,31.389,,,,4.33,531.536,,,3.937,460.388,,,,12155.222,,94.919,6.637,214.506,3446.476,,,,7.57,248.092,,3525.57,,26.913,,15.432,67.085,501.804,,169.701,,,3.919,12.178,71.148,650.668,,52.463,,,5.081,,,2.806,4.063,148.864,,52.463,,,1.162,6.118,270.356,4689.105,,,,4.715,299.263,,6646.906,,36.617,,,,,,,,,,,,,12805.889,15.432,67.085,501.804,,,,,3.919,,,,,,,,,,,,,,,,
CIS (EI),1979,,,,,,,,,,,,,0.724,29.095,,4048.735,,,,,,,,30.774,,,,2.738,350.628,,,2.661,323.458,,,,12478.68,,94.848,6.155,212.126,3658.601,,,,9.243,325.879,,3851.448,,27.808,,1.368,6.866,508.67,,172.023,,,3.866,4.266,27.169,677.836,,59.618,,,5.152,,,13.638,20.302,169.166,,59.618,,,1.286,1.754,82.238,4771.343,,,,2.462,163.622,,6810.528,,36.266,,,,,,,,,,,,,13156.517,1.368,6.866,508.67,,,,,3.866,,,,,,,,,,,,,,,,
CIS (EI),1980,,,,,,,,,,,,,-3.044,-123.245,,3925.49,,,,,,,,29.182,,,,2.243,295.11,,,1.757,219.285,,,,12697.965,,94.397,3.066,112.173,3770.774,,,,7.035,270.939,,4122.388,,28.032,,6.926,35.232,543.903,,183.938,,,4.043,11.32,75.825,753.661,,73.923,,,5.603,,,23.996,40.592,209.758,,73.923,,,1.559,4.828,230.358,5001.702,,,,3.002,204.456,,7014.983,,37.183,,,,,,,,,,,,,13451.627,6.926,35.232,543.903,,,,,4.043,,,,,,,,,,,,,,,,
CIS (EI),1981,,,,,,,,,,,,,-0.634,-24.906,,3900.584,,,,,,4027.845,,28.392,,,,2.131,286.626,,,1.898,240.973,,,,12938.938,,94.182,5.895,222.269,3993.042,,,,6.916,285.119,,4407.507,,29.065,,1.526,8.297,552.2,,186.744,,,4.019,6.194,45.654,799.315,,87.089,,,5.818,,,17.81,37.357,247.115,,87.089,,,1.799,0.872,43.609,5045.311,,,,0.935,65.593,,7080.577,,36.725,,,,,,,,,,,,,13738.253,1.526,8.297,552.2,,,,,4.019,,,,,,,,,,,,,,,,
CIS (EI),1982,,,,,,,,,,,,,1.532,59.743,,3960.327,,,0.837,33.715,,4061.56,,28.127,,,,2.489,342.001,,,2.63,340.326,,,,13279.264,,94.311,7.949,317.416,4310.458,,,,7.608,335.323,,4742.83,,30.614,,-6.462,-35.682,516.518,,174.677,,,3.668,0.401,1.675,800.99,,100.254,,,5.689,,,15.117,37.357,284.472,,100.254,,,2.02,-0.73,-36.832,5008.479,,,,0.613,43.392,,7123.968,,35.571,,,,,,,,,,,,,14080.254,-6.462,-35.682,516.518,,,,,3.668,,,,,,,,,,,,,,,,
CIS (EI),1983,,,,,,,,,,,,,0.257,10.159,,3970.486,,,-0.093,-3.773,,4057.787,,27.617,,,,2.108,296.858,,,1.871,248.436,,,,13527.699,,94.092,7.225,311.436,4621.894,,,,6.99,331.534,,5074.364,,32.148,,3.255,16.81,533.328,,180.362,,,3.71,6.12,48.424,849.415,,111.395,,,5.908,,,11.113,31.614,316.086,,111.395,,,2.199,-1.461,-73.161,4935.318,,,,0.619,44.101,,7168.069,,34.328,,,,,,,,,,,,,14377.112,3.255,16.81,533.328,,,,,3.71,,,,,,,,,,,,,,,,
CIS (EI),1984,,,,,,,,,,,,,-0.944,-37.474,,3933.012,,,-1.085,-44.039,,4013.748,,26.36,,,,3.779,543.371,,,2.842,384.52,,,,13912.219,,93.242,9.115,421.284,5043.178,,,,9.651,489.723,,5564.086,,33.8,,12.545,66.905,600.233,,202.988,,,4.023,18.861,158.849,1008.264,,143.798,,,6.758,,,29.088,91.944,408.03,,143.798,,,2.735,0.014,0.711,4936.029,,,,-0.589,-42.252,,7125.817,,33.082,,,,,,,,,,,,,14920.483,12.545,66.905,600.233,,,,,4.023,,,,,,,,,,,,,,,,
CIS (EI),1985,,,,,,,,,,,,,-27.426,-1078.653,,2854.359,,207.641,-28.324,-1136.851,,2876.897,17.108,23.818,,1213.718,10.128,-19.68,-2936.34,,,-20.117,-2798.766,,915.039,,11113.453,75.391,92.735,-13.912,-701.59,4341.588,,554.851,,-0.311,-17.323,,5546.764,45.715,36.228,,-4.382,-26.305,573.928,,194.092,,15.992,4.789,-13.873,-137.573,870.69,,104.585,,8.617,7.265,,,-27.27,-111.268,296.762,,104.585,,8.617,2.476,-20.634,-1018.523,3917.506,,152.547,,-3.725,-265.443,,6860.374,12.569,32.689,,,,,,,,,,,,,11984.144,-4.382,-26.305,573.928,,,,,4.789,,,,,,,,,,,,,,,,
CIS (EI),1986,,,,,,,,,,,,,3.29,93.9,,2948.259,,217.38,3.887,111.811,,2988.708,17.173,24.056,,1265.841,10.329,2.265,271.488,,,2.327,258.591,,962.663,,11372.044,76.049,92.79,2.636,114.451,4456.04,,582.676,,7.715,427.925,,5974.689,46.031,36.359,,0.572,3.28,577.208,,195.201,,15.421,4.71,1.506,12.898,883.588,,107.975,,8.53,7.21,,,3.241,9.618,306.38,,107.975,,8.53,2.5,1.282,50.239,3967.745,,162.607,,3.275,224.646,,7085.02,12.846,32.375,,,,,,,,,,,,,12255.632,0.572,3.28,577.208,,,,,4.71,,,,,,,,,,,,,,,,
CIS (EI),1987,,,,,,,,,,,,,1.715,50.576,,2998.835,,224.829,1.178,35.215,,3023.924,17.009,23.756,,1321.837,10.471,3.001,367.85,,,2.663,302.841,,995.824,,11674.885,75.336,92.485,5.438,242.3,4698.34,,602.616,,6.964,416.047,,6390.736,45.589,37.219,,0.91,5.253,582.462,,196.978,,14.902,4.614,7.532,65.007,948.595,,129.033,,9.762,7.515,,,19.503,59.754,366.134,,129.033,,9.762,2.9,0.251,9.965,3977.71,,168.378,,1.63,115.474,,7200.493,12.738,31.51,,,,,,,,,,,,,12623.481,0.91,5.253,582.462,,,,,4.614,,,,,,,,,,,,,,,,
CIS (EI),1988,,,,,,,,,,,,,-0.709,-21.256,,2977.579,,225.064,2.6,78.625,,3102.548,16.742,23.109,,1344.297,10.433,2.07,261.346,,,1.78,207.806,,999.749,,11882.69,74.37,92.222,5.386,253.044,4951.384,,605.597,,6.577,420.293,,6811.03,45.049,38.428,,4.032,23.483,605.945,,204.92,,15.244,4.703,5.685,53.542,1002.138,,139.627,,10.387,7.778,,,8.21,30.059,396.192,,139.627,,10.387,3.075,-0.603,-23.982,3953.728,,169.087,,-0.16,-11.537,,7188.957,12.578,30.685,,,,,,,,,,,,,12884.827,4.032,23.483,605.945,,,,,4.703,,,,,,,,,,,,,,,,
CIS (EI),1989,,,,,,,,,,,,,-3.421,-101.865,,2875.714,,228.462,-3.637,-112.837,,2989.711,16.828,22.288,,1357.639,10.522,0.136,17.565,,,0.337,40.023,,1020.763,,11922.714,75.187,92.407,2.24,110.934,5062.318,,620.803,,3.741,254.782,,7065.812,45.727,39.235,,-2.812,-17.041,588.904,,199.157,,14.669,4.564,-2.227,-22.458,979.679,,137.717,,10.144,7.593,,,-1.367,-5.417,390.775,,137.717,,10.144,3.029,0.783,30.954,3984.682,,171.498,,-2.665,-191.581,,6997.376,12.632,30.883,,,,,,,,,,,,,12902.393,-2.812,-17.041,588.904,,,,,4.564,,,,,,,,,,,,,,,,
CIS (EI),1990,,,,,,,,,,,,,-7.048,-202.67,,2673.044,,230.202,-3.946,-117.963,,2871.749,16.881,20.969,,1363.653,10.697,-1.201,-154.986,,,-1.14,-135.884,,1035.003,,11786.83,75.899,92.465,0.943,47.759,5110.077,,631.113,,3.449,243.704,,7309.516,46.281,40.087,,6.067,35.726,624.63,,211.239,,15.491,4.9,-2.151,-19.103,960.577,,329.629,,24.172,7.535,,,-14.081,-55.026,335.749,,118.325,,8.677,2.634,0.478,19.027,4003.709,,173.688,,-6.087,-425.903,,6571.473,12.737,31.408,0.198,0.065,,,,,,,0.005,,0.002,,12747.406,6.099,35.923,624.828,,211.304,,15.495,4.902,,,0.0,,0.0,,0.0,0.0,,,0.0,,0.0,,0.0,0.0
CIS (EI),1991,,,,,,,,,,,,,-7.382,-197.325,,2475.718,,227.391,-6.334,-181.887,,2689.861,16.927,19.762,,1343.325,10.723,-1.723,-219.621,,,-1.922,-226.508,,1011.279,,11560.322,75.282,92.277,1.862,95.164,5205.241,,614.776,,-1.522,-111.225,,7198.291,45.765,41.55,,0.104,0.65,625.28,,211.458,,15.741,4.991,0.733,6.886,967.463,,332.046,,24.718,7.723,,,1.858,6.237,341.986,,120.523,,8.972,2.73,-3.106,-124.345,3879.363,,169.111,,-9.604,-631.128,,5940.345,12.589,30.966,0.197,0.065,,0.0,-0.0,,,,0.005,,0.002,,12527.785,0.104,0.649,625.477,,211.523,,15.746,4.993,,0.0,0.0,,0.0,,0.0,0.0,,0.0,0.0,,0.0,,0.0,0.0
CIS (EI),1992,,,,,,,,,,,,,-5.815,-143.952,,2331.767,,221.366,-4.131,-111.112,,2578.75,17.49,19.495,,1265.638,10.582,-4.526,-566.988,,,-5.01,-579.186,,927.67,,10981.137,73.297,91.809,-2.937,-152.864,5052.377,,568.444,,-3.448,-248.171,,6950.12,44.914,42.241,,2.148,13.431,638.711,,216.001,,17.067,5.34,1.237,12.196,979.659,,336.154,,26.56,8.191,,,-0.359,-1.228,340.757,,120.09,,9.488,2.849,-7.279,-282.37,3596.994,,137.86,,-12.583,-747.472,,5192.873,10.893,30.073,0.191,0.063,,-3.077,-0.006,,,,0.005,,0.002,,11960.797,2.146,13.425,638.902,,216.064,,17.072,5.342,,0.0,0.0,,0.0,,0.0,0.0,,0.0,0.0,,0.0,,0.0,0.0
CIS (EI),1993,,,,,,,,,,,,,-9.875,-230.258,,2101.509,,211.829,-10.518,-271.244,,2307.506,17.715,18.982,,1195.778,10.801,-7.437,-889.485,,,-8.265,-907.629,,850.903,,10073.508,71.159,90.987,-1.009,-50.956,5001.421,,526.235,,-2.164,-150.39,,6799.73,44.008,45.175,,3.046,19.453,658.164,,222.579,,18.614,5.945,1.82,18.145,997.804,,342.271,,28.623,9.013,,,-0.381,-1.299,339.459,,119.632,,10.005,3.066,-17.415,-626.416,2970.578,,112.839,,-10.713,-556.314,,4636.559,9.436,26.831,0.182,0.06,,-4.762,-0.009,,,,0.005,,0.002,,11071.312,3.043,19.443,658.345,,222.639,,18.619,5.946,,0.0,0.0,,0.0,,0.0,0.0,,0.0,0.0,,0.0,,0.0,0.0
CIS (EI),1994,,,,,,,,,,,,,-10.514,-220.948,,1880.561,,217.843,-9.917,-228.828,,2078.678,19.891,18.62,,1095.189,10.844,-8.777,-971.755,,,-9.153,-922.034,,767.993,,9151.474,70.124,90.613,-6.072,-303.699,4697.723,,448.629,,-5.389,-366.468,,6433.262,40.964,46.514,,1.685,11.092,669.255,,226.33,,20.666,6.627,-5.166,-49.721,948.083,,324.591,,29.638,9.387,,,-17.915,-60.814,278.644,,98.2,,8.966,2.759,-13.377,-397.388,2573.19,,101.521,,-9.881,-458.121,,4178.438,9.27,25.478,0.184,0.061,,1.667,0.002,,,,0.006,,0.002,,10099.557,1.685,11.094,669.439,,226.391,,20.671,6.628,,0.0,0.0,,0.0,,0.0,0.0,,0.0,0.0,,0.0,,0.0,0.0
CIS (EI),1995,,,,,,,0.0,,,,0.0,,-7.567,-142.301,,1738.259,,212.545,-9.113,-189.422,,1889.256,19.895,18.298,,1068.325,11.246,-5.939,-599.783,,,-6.413,-586.859,,745.496,,8564.614,69.782,90.156,-2.955,-138.808,4558.915,,435.227,,-2.885,-185.619,,6247.644,40.739,47.99,,-2.658,-17.786,651.47,,220.315,,20.622,6.858,-1.325,-12.924,935.159,,320.29,,29.981,9.844,,,1.747,4.868,283.512,,99.916,,9.353,2.984,-11.882,-305.75,2267.441,,97.724,,-1.4,-58.485,,4119.953,9.147,23.868,0.178,0.059,,-3.279,-0.006,,,,0.006,,0.002,,9499.773,-2.658,-17.792,651.647,,220.374,,20.628,6.86,,0.0,0.0,,0.0,,0.0,0.0,,0.0,0.0,,0.0,,0.0,0.0
CIS (EI),1996,,,,,0.0,,0.0,,,,0.0,,-3.248,-56.461,,1681.799,,206.966,-4.22,-79.725,,1809.531,19.775,18.302,,1046.585,11.389,-3.269,-310.555,,,-3.265,-279.673,,733.738,,8284.941,70.108,90.159,1.168,53.231,4612.146,,443.811,,2.293,143.236,,6390.879,42.406,50.191,,-9.758,-63.573,587.897,,198.816,,18.997,6.398,-3.115,-30.882,904.277,,310.311,,29.65,9.841,,,11.533,32.696,316.208,,111.438,,10.648,3.441,-12.192,-276.443,1990.997,,82.962,,-1.516,-62.439,,4057.514,7.927,21.667,0.172,0.057,,-3.39,-0.006,,,,0.005,,0.002,,9189.219,-9.757,-63.579,588.069,,198.873,,19.002,6.4,,0.0,0.0,,0.0,,0.0,0.0,,0.0,0.0,,0.0,,0.0,0.0
CIS (EI),1997,,,,,0.0,,0.0,,,,0.0,,-8.844,-148.735,,1533.064,,197.496,-4.141,-74.93,,1734.601,19.262,17.681,,1025.339,11.826,-5.645,-518.773,,,-6.192,-512.998,,714.575,,7771.944,69.692,89.637,-7.316,-337.416,4274.73,,440.521,,-6.722,-429.599,,5961.281,42.963,49.302,,-0.484,-2.845,585.052,,197.854,,19.296,6.748,-0.643,-5.776,898.501,,308.317,,30.07,10.363,,,-0.927,-2.931,313.277,,110.406,,10.768,3.613,-1.348,-26.848,1964.15,,76.557,,2.447,99.279,,4156.792,7.467,22.653,0.172,0.057,,0.0,-0.0,,,,0.006,,0.002,,8670.445,-0.484,-2.845,585.224,,197.911,,19.302,6.75,,0.0,0.0,,0.0,,0.0,0.0,,0.0,0.0,,0.0,,0.0,0.0
CIS (EI),1998,,,,,0.0,,0.0,,,,0.0,,-5.589,-85.68,,1447.384,,202.09,-5.699,-98.859,,1635.742,19.944,16.727,,1013.279,11.71,-0.201,-17.441,,,-0.06,-4.661,,707.026,,7767.283,69.776,89.764,3.779,161.528,4436.258,,427.291,,2.979,177.61,,6138.891,42.169,51.268,,0.245,1.431,586.483,,198.338,,19.574,6.778,-1.467,-12.779,885.722,,303.792,,29.981,10.236,,,-4.537,-14.213,299.064,,105.396,,10.402,3.456,-4.099,-80.509,1883.641,,77.645,,0.22,9.149,,4165.942,7.663,21.769,0.175,0.058,,1.754,0.003,,,,0.006,,0.002,,8653.004,0.245,1.434,586.658,,198.396,,19.58,6.78,,0.0,0.0,,0.0,,0.0,0.0,,0.0,0.0,,0.0,,0.0,0.0
CIS (EI),1999,,,,,0.0,,0.0,,,,0.0,,-0.631,-9.132,,1438.251,,198.0,2.994,48.977,,1684.719,19.146,16.411,,1034.143,11.8,1.285,111.183,,,0.57,44.259,,704.046,,7811.542,68.08,89.13,1.037,46.012,4482.27,,440.964,,2.315,142.128,,6281.019,42.641,51.143,,2.433,14.27,600.754,,203.164,,19.646,6.855,7.697,66.923,952.645,,327.174,,31.637,10.87,,,17.606,52.652,351.716,,123.952,,11.986,4.013,0.392,7.379,1891.02,,65.082,,2.134,88.89,,4254.832,6.293,21.577,0.175,0.058,,0.0,0.001,,,,0.006,,0.002,,8764.187,2.433,14.271,600.929,,203.222,,19.651,6.857,,0.0,0.0,,0.0,,0.0,0.0,,0.0,0.0,,0.0,,0.0,0.0
CIS (EI),2000,,,,,0.0,,0.0,,,,0.0,,2.003,28.809,,1467.06,,214.234,7.211,121.489,,1806.208,19.99,16.573,,1071.699,12.107,1.003,87.884,,,0.606,47.37,,726.654,,7858.911,67.804,88.78,0.794,35.58,4517.85,,456.761,,2.558,160.645,,6441.664,42.62,51.037,,2.592,15.572,616.326,,208.43,,19.449,6.963,4.297,40.514,993.159,,341.231,,31.84,11.22,,,7.074,24.879,376.595,,132.72,,12.384,4.254,-0.9,-17.019,1874.001,,55.659,,7.364,313.306,,4568.138,5.194,21.17,0.232,0.079,,36.379,0.057,,,,0.007,,0.003,,8852.07,2.603,15.635,616.564,,208.511,,19.456,6.965,,0.0,0.0,,0.0,,0.0,0.0,,0.006,0.006,,0.002,,0.0,0.0
CIS (EI),2001,,,,,0.0,,0.0,,,,0.0,,1.01,14.812,,1481.872,,210.554,5.674,102.476,,1908.685,19.333,16.409,,1089.075,12.059,2.021,178.87,,,1.803,141.657,,727.932,,8000.568,66.839,88.591,2.545,114.977,4632.826,,472.41,,0.324,20.844,,6462.507,43.377,51.299,,4.259,22.074,638.4,,217.306,,19.953,7.069,4.429,37.214,1030.373,,356.345,,32.72,11.409,,,4.673,15.039,391.634,,138.922,,12.756,4.337,0.633,11.868,1885.87,,44.968,,7.857,358.92,,4927.058,4.129,20.882,0.33,0.114,,44.248,0.098,,,,0.01,,0.004,,9030.94,4.274,22.175,638.739,,217.423,,19.964,7.073,,0.0,0.0,,0.0,,0.0,0.0,63.158,0.003,0.009,,0.003,,0.0,0.0
CIS (EI),2002,,,,,0.0,,0.0,,,,0.0,,0.757,11.217,,1493.089,,213.209,-5.01,-95.616,,1813.069,19.502,16.576,,1093.269,12.138,-0.262,-23.665,,,-0.025,-2.026,,737.099,,7998.542,67.422,88.801,0.66,30.595,4663.421,,481.613,,2.694,174.082,,6636.589,44.053,51.774,,-4.594,-33.256,605.144,,207.324,,18.964,6.718,-1.384,-21.639,1008.734,,351.414,,32.143,11.199,,,3.591,11.447,403.081,,143.911,,13.163,4.475,-2.325,-43.839,1842.031,,42.277,,9.449,465.56,,5392.618,3.867,20.45,0.492,0.173,,51.884,0.162,,,,0.016,,0.005,,9007.275,-4.563,-33.086,605.654,,207.503,,18.98,6.724,,0.0,0.0,,0.0,,0.0,0.0,100.0,0.009,0.018,,0.006,,0.001,0.0
CIS (EI),2003,,,,,0.0,,0.0,,,,0.0,,2.247,33.545,,1526.634,,220.384,9.173,166.321,,1979.39,19.508,16.572,,1129.697,12.263,2.275,204.938,,,2.401,192.062,,767.539,,8190.604,67.942,88.91,1.746,81.419,4744.841,,504.443,,4.567,303.067,,6939.657,44.653,51.506,,-0.777,-8.549,596.595,,205.714,,18.21,6.476,1.996,12.875,1021.609,,358.428,,31.728,11.09,,,5.857,20.874,423.954,,152.34,,13.485,4.602,4.185,77.097,1919.129,,42.712,,10.06,542.474,,5935.091,3.781,20.832,1.035,0.366,,111.079,0.543,,,,0.032,,0.011,,9212.213,-0.682,-7.999,597.655,,206.088,,18.243,6.488,,0.0,0.0,,0.0,,0.0,0.0,38.71,0.007,0.025,,0.009,,0.001,0.0
CIS (EI),2004,,,,,0.0,,0.0,,,,0.0,,-1.938,-29.584,,1497.051,,214.277,3.434,67.963,,2047.353,18.521,15.986,,1156.951,12.355,1.654,152.342,,,1.414,115.792,,780.053,,8306.396,67.423,88.7,3.44,163.237,4908.078,,529.242,,2.364,164.067,,7103.724,45.745,52.411,,9.758,54.046,650.641,,225.788,,19.516,6.948,4.108,36.55,1058.159,,373.153,,32.253,11.3,,,-3.566,-17.721,406.233,,146.908,,12.698,4.338,-0.931,-17.861,1901.267,,36.533,,8.946,530.973,,6466.064,3.158,20.303,1.262,0.45,,22.963,0.227,,,,0.039,,0.013,,9364.555,9.781,54.271,651.926,,226.245,,19.555,6.962,,0.0,0.0,,0.0,,0.0,0.0,-6.859,-0.002,0.023,,0.008,,0.001,0.0
CIS (EI),2005,,,,,0.0,,0.0,,,,0.0,,-3.803,-56.926,,1440.125,,218.059,-0.915,-18.743,,2028.61,18.47,15.34,,1180.583,12.575,0.254,23.741,,,0.271,22.487,,799.911,,8328.883,67.756,88.716,1.57,77.047,4985.125,,548.854,,2.188,155.456,,7259.18,46.49,53.099,,-1.004,-10.607,640.035,,223.522,,18.933,6.817,0.801,1.255,1059.414,,376.143,,31.861,11.284,,,3.576,11.865,418.099,,152.162,,12.889,4.453,0.124,2.365,1903.633,,32.998,,3.526,227.962,,6694.026,2.795,20.277,1.258,0.451,,0.333,-0.003,,,,0.038,,0.013,,9388.296,-1.001,-10.611,641.315,,223.981,,18.972,6.831,,0.0,0.0,,0.0,,0.0,0.0,-2.623,-0.001,0.022,,0.008,,0.001,0.0
CIS (EI),2006,,,,,0.0,,0.0,,,,0.0,,3.125,44.999,,1485.124,,229.906,5.474,111.048,,2139.658,18.743,15.244,,1226.637,12.591,3.773,354.247,,,4.156,346.168,,840.423,,8675.051,68.514,89.043,3.963,197.565,5182.689,,569.27,,2.595,188.403,,7447.583,46.409,53.196,,-0.676,-8.323,631.712,,222.011,,18.099,6.484,1.452,8.078,1067.492,,381.604,,31.11,10.957,,,4.544,16.25,434.348,,159.076,,12.968,4.458,5.442,103.604,2007.237,,41.247,,4.388,293.721,,6987.748,3.363,20.603,1.408,0.508,,12.497,0.149,,,,0.041,,0.014,,9742.543,-0.649,-8.171,633.144,,222.528,,18.141,6.499,,0.0,0.0,,0.0,,0.0,0.0,12.821,0.003,0.025,,0.009,,0.001,0.0
CIS (EI),2007,,,,,0.0,,0.0,,,,0.0,,-0.282,-4.183,,1480.941,,229.698,1.901,40.675,,2180.333,18.273,15.008,,1257.038,12.739,1.288,125.439,,,1.237,107.284,,862.582,,8782.335,68.62,88.998,2.087,108.139,5290.828,,602.141,,1.443,107.475,,7555.058,47.902,53.616,,2.431,11.316,643.027,,227.409,,18.091,6.516,2.339,18.155,1085.647,,390.529,,31.067,11.002,,,2.222,6.876,441.224,,162.611,,12.936,4.471,0.166,3.329,2010.566,,30.742,,4.037,282.129,,7269.876,2.446,20.375,1.366,0.498,,-1.812,-0.041,,,,0.04,,0.014,,9867.982,2.422,11.279,644.423,,227.918,,18.131,6.53,,0.0,0.0,,0.0,,0.0,0.0,19.318,0.005,0.03,,0.01,,0.001,0.0
CIS (EI),2008,,,,,0.082,,0.082,,,,0.001,,7.72,114.325,,1595.266,,260.913,6.029,131.448,,2311.781,20.353,16.166,,1281.95,12.991,-0.0,-0.045,,,0.616,54.108,,903.736,,8836.443,70.497,89.547,-1.858,-98.29,5192.539,,619.974,,2.64,199.455,,7754.513,48.362,52.62,,-8.681,-59.471,583.556,,207.667,,16.199,5.914,-4.277,-54.154,1031.493,,373.742,,29.154,10.453,,,1.805,5.173,446.397,,165.546,,12.914,4.524,1.894,38.073,2048.639,,22.849,,0.403,29.282,,7299.158,1.782,20.761,1.436,0.522,,4.694,0.07,,,,0.041,,0.015,,9867.938,-8.617,-59.326,585.097,,208.197,,16.241,5.929,,0.0,0.0,,0.0,,0.0,0.0,-22.857,-0.007,0.023,,0.008,,0.001,0.0
CIS (EI),2009,,,,187.5,0.154,,0.236,,,,0.003,,-8.415,-134.24,,1461.026,,225.364,-5.894,-136.267,,2175.515,18.379,15.458,,1226.236,12.974,-4.218,-416.234,,,-4.994,-441.314,,836.688,,8395.129,68.232,88.821,-4.11,-213.408,4979.131,,587.205,,-13.573,-1052.553,,6701.96,47.887,52.68,,5.129,26.145,609.701,,218.319,,17.804,6.451,3.043,25.08,1056.574,,384.963,,31.394,11.179,,,0.321,-1.333,445.063,,166.076,,13.544,4.709,-4.572,-93.666,1954.973,,24.119,,2.901,211.716,,7510.874,1.967,20.684,1.542,0.557,,6.802,0.106,,,,0.045,,0.016,,9451.703,5.207,26.414,611.51,,218.887,,17.85,6.47,,0.0,0.0,,0.0,,0.0,0.0,38.272,0.009,0.031,,0.011,,0.001,0.0
CIS (EI),2010,,,,65.217,0.154,,0.391,,,,0.004,,0.57,8.333,,1469.359,,235.007,7.113,154.74,,2330.255,18.303,14.94,,1283.983,13.055,4.056,383.332,,,4.472,375.4,,888.954,,8770.529,69.234,89.176,6.249,311.163,5290.293,,642.094,,10.343,693.192,,7395.152,50.008,53.79,,-0.678,-7.851,601.851,,216.838,,16.888,6.119,1.444,7.933,1064.507,,390.374,,30.403,10.824,,,4.112,15.457,460.52,,172.905,,13.466,4.682,2.86,55.903,2010.876,,11.853,,2.242,168.357,,7679.231,0.923,20.446,1.717,0.621,,11.395,0.176,,,,0.048,,0.017,,9835.035,-0.577,-7.524,603.986,,217.469,,16.937,6.141,3155.932,0.001,0.001,,0.0,,0.0,0.0,-12.625,-0.004,0.027,,0.01,,0.001,0.0
CIS (EI),2011,,,,-18.421,-0.072,,0.319,,,,0.003,,5.345,78.531,,1547.89,,237.703,4.562,106.3,,2436.554,18.166,15.08,,1308.507,12.748,4.367,429.534,,,5.022,440.432,,915.076,,9210.961,69.933,89.735,3.441,182.047,5472.34,,647.696,,4.768,352.589,,7747.741,49.499,53.313,,-1.886,-14.953,586.898,,212.748,,16.259,5.718,-0.395,-10.899,1053.608,,388.904,,29.721,10.265,,,1.495,4.034,464.554,,175.489,,13.411,4.526,8.944,179.855,2190.731,,29.676,,0.359,27.578,,7706.81,2.268,21.343,1.798,0.652,,5.04,0.08,,,,0.05,,0.018,,10264.569,-1.894,-14.933,589.054,,213.414,,16.31,5.739,659.084,0.004,0.005,,0.002,,0.0,0.0,28.132,0.007,0.035,,0.013,,0.001,0.0
CIS (EI),2012,,,,6.452,0.021,,0.339,,,,0.003,,4.814,74.513,,1622.403,,239.893,6.098,148.581,,2585.135,18.032,15.608,,1330.408,12.799,1.271,130.434,,,1.353,124.653,,932.466,,9335.614,70.089,89.809,-0.769,-42.091,5430.249,,661.687,,-1.451,-112.435,,7635.306,49.736,52.239,,0.136,-2.765,584.133,,213.037,,16.013,5.619,1.187,5.781,1059.389,,393.504,,29.578,10.191,,,2.482,8.645,473.199,,179.845,,13.518,4.552,4.21,92.231,2282.962,,30.886,,0.623,48.009,,7754.819,2.322,21.962,1.652,0.598,,-8.335,-0.146,,,,0.045,,0.016,,10395.003,0.124,-2.863,586.19,,213.659,,16.06,5.639,247.703,0.012,0.017,,0.006,,0.0,0.0,44.477,0.015,0.05,,0.018,,0.001,0.0
CIS (EI),2013,,,,-21.212,-0.072,,0.267,,,,0.003,,-5.434,-88.156,,1534.247,,235.641,2.136,55.23,,2640.365,17.802,14.992,,1323.675,12.935,-1.552,-161.378,,,-2.001,-186.778,,914.033,,9148.836,69.053,89.4,-1.481,-80.435,5349.814,,668.461,,1.845,140.887,,7776.193,50.5,52.277,,7.698,41.18,625.312,,229.437,,17.333,6.11,2.895,25.398,1084.788,,404.979,,30.595,10.6,,,-2.767,-15.867,457.332,,174.868,,13.211,4.469,-0.797,-18.187,2264.775,,9.932,,1.268,98.306,,7853.125,0.75,22.131,1.768,0.634,,6.051,0.116,,,,0.048,,0.017,,10233.625,7.654,41.266,627.456,,230.111,,17.384,6.131,197.327,0.034,0.051,,0.019,,0.001,0.001,16.591,0.008,0.058,,0.021,,0.002,0.001
CIS (EI),2014,,,,7.692,0.021,,0.288,,,,0.003,,-2.43,-37.283,,1496.964,,230.603,0.991,26.16,,2666.525,17.236,14.489,,1337.935,12.95,0.957,97.932,,,1.139,104.166,,927.266,,9253.002,69.306,89.561,0.896,47.958,5397.772,,684.039,,-1.951,-151.744,,7624.45,51.126,52.245,,-3.614,-26.21,599.102,,221.144,,16.529,5.799,0.11,-6.234,1078.554,,405.403,,30.301,10.439,,,4.778,18.98,476.312,,183.222,,13.694,4.61,4.128,93.49,2358.265,,12.623,,0.441,34.665,,7887.79,0.943,22.826,2.032,0.733,,15.673,0.264,,,,0.055,,0.02,,10331.557,-3.433,-25.213,602.243,,222.181,,16.606,5.829,841.298,0.429,0.481,,0.177,,0.013,0.005,494.986,0.283,0.34,,0.126,,0.009,0.003
CIS (EI),2015,,,,-21.429,-0.062,,0.226,,,,0.002,,-4.152,-62.16,,1434.804,,227.447,-0.41,-10.926,,2655.599,16.962,14.222,,1340.887,13.292,-2.354,-243.256,,,-2.824,-261.289,,920.762,,8991.713,68.668,89.13,-2.101,-113.411,5284.361,,679.594,,-1.608,-122.611,,7501.838,50.682,52.381,,-2.586,-18.966,580.136,,215.426,,16.066,5.751,2.376,18.033,1096.588,,415.105,,30.958,10.87,,,8.206,36.02,512.331,,198.258,,14.786,5.078,-3.635,-85.717,2272.548,,13.721,,0.816,64.379,,7952.169,1.023,22.527,1.901,0.682,,-7.066,-0.131,,,,0.051,,0.019,,10088.301,-2.425,-17.986,584.256,,216.847,,16.172,5.791,131.732,0.626,1.107,,0.411,,0.031,0.011,161.841,0.546,0.886,,0.329,,0.025,0.009
CIS (EI),2016,,,,165.233,0.374,,0.6,,,,0.006,,1.552,22.265,,1457.068,,236.706,2.233,59.311,,2714.91,17.286,14.133,,1369.322,13.282,2.191,221.076,,,1.885,169.53,,927.937,,9161.243,67.766,88.863,1.803,95.257,5379.618,,674.646,,0.661,49.619,,7551.458,49.269,52.182,,9.489,51.293,631.428,,235.868,,17.225,6.125,5.282,51.546,1148.134,,436.671,,31.89,11.137,,,0.372,-1.138,511.193,,198.995,,14.532,4.959,2.289,52.009,2324.556,,16.585,,1.724,137.068,,8089.237,1.211,22.548,1.796,0.643,,-5.607,-0.106,,,,0.047,,0.017,,10309.377,9.767,52.684,636.941,,237.676,,17.357,6.178,55.798,0.607,1.714,,0.64,,0.047,0.017,59.212,0.516,1.403,,0.524,,0.038,0.014
CIS (EI),2017,,,,65.725,0.394,,0.994,,,,0.01,,-1.625,-23.681,,1433.388,,247.12,6.639,180.253,,2895.163,17.868,13.734,,1383.047,13.251,1.239,127.751,,,1.135,104.01,,930.063,,9265.253,67.247,88.772,2.469,132.831,5512.449,,673.176,,6.242,471.366,,8022.823,48.673,52.816,,1.9,8.21,639.639,,240.349,,17.378,6.128,2.736,23.742,1171.875,,448.239,,32.41,11.228,,,3.4,14.271,525.464,,205.761,,14.877,5.035,-0.221,-5.141,2319.416,,9.767,,0.855,69.193,,8158.431,0.706,22.223,2.071,0.736,,14.372,0.275,,,,0.053,,0.02,,10437.128,2.181,9.471,646.411,,242.478,,17.532,6.193,22.775,0.378,2.092,,0.786,,0.057,0.02,15.854,0.213,1.615,,0.607,,0.044,0.015
CIS (EI),2018,,,,32.778,0.326,,1.32,,,,0.012,,4.316,61.871,,1495.259,,256.212,7.016,203.121,,3098.284,18.089,13.774,,1416.357,13.047,4.013,418.83,,,4.442,411.579,,958.231,,9676.832,67.655,89.138,5.208,287.112,5799.562,,693.146,,5.593,448.726,,8471.549,48.939,53.423,,1.649,6.747,646.386,,244.313,,17.249,5.954,1.239,7.251,1179.126,,453.479,,32.017,10.862,,,0.436,-0.797,524.667,,206.657,,14.591,4.833,2.699,62.596,2382.011,,8.874,,1.887,153.956,,8312.387,0.627,21.942,2.039,0.727,,-1.174,-0.032,,,,0.051,,0.019,,10855.958,1.918,8.047,654.459,,246.822,,17.427,6.029,21.161,0.428,2.52,,0.953,,0.067,0.023,36.594,0.578,2.194,,0.829,,0.059,0.02
CIS (EI),2019,,,,37.792,0.499,,1.818,,,,0.017,,-2.88,-43.061,,1452.198,,266.273,-0.481,-14.905,,3083.379,18.674,13.446,,1425.901,13.203,-0.517,-56.078,,,-0.807,-78.088,,957.502,,9598.744,67.151,88.878,-1.222,-70.877,5728.685,,681.474,,1.209,102.443,,8573.992,47.792,53.044,,1.694,8.524,654.91,,248.451,,17.424,6.064,2.304,22.011,1201.137,,463.457,,32.503,11.122,,,2.19,9.515,534.182,,211.183,,14.811,4.946,1.505,35.849,2417.861,,9.755,,0.612,50.852,,8363.238,0.684,22.388,2.213,0.782,,7.602,0.174,,,,0.055,,0.02,,10799.88,2.398,12.496,666.955,,252.273,,17.692,6.176,76.85,1.92,4.441,,1.685,,0.118,0.041,63.452,1.379,3.572,,1.355,,0.095,0.033
CIS (EI),2020,,,,17.242,0.314,,2.132,,,,0.02,,-6.584,-95.611,,1356.588,,253.918,-6.99,-215.524,,2867.855,18.138,12.946,,1399.955,13.36,-2.975,-321.349,,,-4.008,-384.729,,904.879,,9214.016,64.636,87.932,-3.127,-179.132,5549.553,,640.731,,-5.72,-490.418,,8083.574,45.768,52.961,,5.952,36.432,691.342,,263.239,,18.803,6.598,5.636,63.378,1264.515,,489.366,,34.956,12.068,,,3.705,17.758,551.94,,219.009,,15.644,5.267,-4.549,-109.985,2307.876,,10.229,,-8.191,-684.999,,7678.239,0.731,22.025,3.607,1.219,,55.739,1.393,,,,0.087,,0.034,,10478.531,7.24,45.62,712.575,,270.357,,19.312,6.8,101.739,4.485,8.926,,3.399,,0.243,0.085,84.533,2.995,6.568,,2.501,,0.179,0.063
CIS (EI),2021,,,,31.496,0.671,,2.803,,,,0.025,,3.499,47.46,,1404.048,,262.77,8.472,242.959,,3110.814,17.625,12.418,,1490.867,13.186,7.903,828.146,,,8.587,791.246,,979.449,,10005.262,65.697,88.49,11.162,619.452,6169.005,,703.885,,10.242,827.952,,8911.526,47.213,54.561,,0.651,1.952,693.295,,264.952,,17.772,6.132,3.404,36.9,1301.415,,505.427,,33.902,11.51,,,5.097,26.007,577.947,,230.17,,15.439,5.112,5.387,124.333,2432.209,,12.794,,2.453,188.364,,7866.604,0.858,21.511,3.588,1.215,,-0.3,-0.019,,,,0.081,,0.032,,11306.678,2.044,10.893,723.468,,275.256,,18.463,6.399,29.51,2.592,11.518,,4.402,,0.295,0.102,87.433,5.697,12.265,,4.687,,0.314,0.108
CIS (EI),2022,,,,29.73,0.833,,3.637,,,,0.034,,-3.632,-50.998,,1353.05,,275.371,1.447,45.022,,3155.837,18.339,12.698,,1501.575,14.092,-5.762,-651.463,,,-6.129,-613.228,,1003.463,,9392.034,66.827,88.145,-10.646,-656.731,5512.274,,717.348,,-9.564,-852.28,,8059.247,47.773,51.733,,-6.481,-47.3,645.994,,247.779,,16.501,6.063,-2.421,-38.234,1263.181,,492.29,,32.785,11.855,,,0.463,0.557,578.504,,231.235,,15.4,5.429,3.885,94.501,2526.71,,10.745,,0.909,71.496,,7938.099,0.716,23.713,3.759,1.274,,4.901,0.171,,,,0.085,,0.035,,10655.215,-4.808,-38.791,684.677,,261.054,,17.385,6.426,11.123,1.234,12.752,,4.891,,0.326,0.12,51.675,6.27,18.535,,7.109,,0.473,0.174
Cambodia,1980,KHM,6198963.0,9092188160.0,,,,,,,,,,,,,,,,,,0.0,0.0,,,,,,,,213.394,0.145,,,,,,,,,,,,,,,,,0.0,0.0,,,,,,,,,,,,,,,,,,,,,,,,,,,,,,,,,,,,,,0.0,0.0,,,,,,,,,,,,,,,1.323,,,,,,,,,,,,,,,,,,,,,,,,
Cambodia,1981,KHM,6364474.0,9211223040.0,,,,,,,,,,,,,,,,,0.0,0.0,0.0,,,,,,5.411,0.072,219.091,0.151,,,,,,,,,,,,,,,,0.0,0.0,0.0,,,,,,,,,,,,,,,,,,,,,,,,,,,,,,,,,,,,,0.0,0.0,0.0,,,,,,,,,,,,,,,1.394,,,,,,,,,,,,,,,,,,,,,,,,
Cambodia,1982,KHM,6619704.0,9905037312.0,,,,,,,,,,,,,,,,,0.0,0.0,0.0,,,,,,9.276,0.129,230.184,0.154,,,,,,,,,,,,,,,,0.0,0.0,0.0,,,,,,,,,,,,,,,,,,,,,,,,,,,,,,,,,,,,,0.0,0.0,0.0,,,,,,,,,,,,,,,1.524,,,,,,,,,,,,,,,,,,,,,,,,
Cambodia,1983,KHM,6881965.0,10619108352.0,,,,,,,,,,,,,,,,,0.0,0.0,0.0,,,,,,9.163,0.14,241.7,0.157,,,,,,,,,,,,,,,,0.0,0.0,0.0,,,,,,,,,,,,,,,,,,,,,,,,,,,,,,,,,,,,,0.0,0.0,0.0,,,,,,,,,,,,,,,1.663,,,,,,,,,,,,,,,,,,,,,,,,
Cambodia,1984,KHM,7133905.0,11330466816.0,,,,,,,,,,,,,,,,,0.0,0.0,0.0,,,,,,9.499,0.158,255.312,0.161,,,,,,,,,,,,,,,,0.0,0.0,0.0,,,,,,,,,,,,,,,,,,,,,,,,,,,,,,,,,,,,,0.0,0.0,0.0,,,,,,,,,,,,,,,1.821,,,,,,,,,,,,,,,,,,,,,,,,
Cambodia,1985,KHM,7376090.0,12046064640.0,,,,,,,,,,,,,,,,,0.0,0.0,0.0,,,,,,0.584,0.011,248.372,0.152,,,,,,,,,,,,,,,,0.0,0.0,0.0,,,,,,,,,,,,,,,,,,,,,,,,,,,,,,,,,,,,,0.0,0.0,0.0,,,,,,,,,,,,,,,1.832,,,,,,,,,,,,,,,,,,,,,,,,
Cambodia,1986,KHM,7661320.0,12748870656.0,,,,,,,,,,,,,,,,,0.0,0.0,0.0,,,,,,0.835,0.015,241.122,0.145,,,,,,,,,,,,,,,,0.0,0.0,0.0,,,,,,,,,,,,,,,,,,,,,,,,,,,,,,,,,,,,,0.0,0.0,0.0,,,,,,,,,,,,,,,1.847,,,,,,,,,,,,,,,,,,,,,,,,
Cambodia,1987,KHM,7975606.0,12486216704.0,,,,,,,,,,,,,,,,,0.0,0.0,0.0,,,,,,0.809,0.015,233.495,0.149,,,,,,,,,,,,,,,,0.0,0.0,0.0,,,,,,,,,,,,,,,,,,,,,,,,,,,,,,,,,,,,,0.0,0.0,0.0,,,,,,,,,,,,,,,1.862,,,,,,,,,,,,,,,,,,,,,,,,
Cambodia,1988,KHM,8269784.0,12803095552.0,,,,,,,,,,,,,,,,,0.0,0.0,0.0,,,,,,7.886,0.147,242.947,0.157,,,,,,,,,,,,,,,,0.0,0.0,0.0,,,,,,,,,,,,,,,,,,,,,,,,,,,,,,,,,,,,,0.0,0.0,0.0,,,,,,,,,,,,,,,2.009,,,,,,,,,,,,,,,,,,,,,,,,
Cambodia,1989,KHM,8570931.0,13115360256.0,,,,,,,,,,,,,,,,,0.0,0.0,0.0,,,,,,0.435,0.009,235.43,0.154,,,,,,,,,,,,,,,,0.0,0.0,0.0,,,,,,,,,,,,,,,,,,,,,,,,,,,,,,,,,,,,,0.0,0.0,0.0,,,,,,,,,,,,,,,2.018,,,,,,,,,,,,,,,,,,,,,,,,
Cambodia,1990,KHM,8910806.0,13119770624.0,,,,,,,,,,,,,,,,,0.0,0.0,0.0,,,,,,1.185,0.024,229.134,0.156,,,,,,,,,,,,,,,,0.0,0.0,0.0,,,,,,,,,,,,,,,,,,,,,,,,,,,,,,,,,,,,,0.0,0.0,0.0,,,,,,,,,,,,,,,2.042,,,,,,,,,,,,,,,,,,,,,,,,
Cambodia,1991,KHM,9259362.0,13798756352.0,,,,,,,,,,,,,,,,,0.0,0.0,0.0,,,,,,6.134,0.125,234.034,0.157,,,,,,,,,,,,,,,,0.0,0.0,0.0,,,,,,,,,,,,,,,,,,,,,,,,,,,,,,,,,,,,,0.0,0.0,0.0,,,,,,,,,,,,,,,2.167,,,,,,,,,,,,,,,,,,,,,,,,
Cambodia,1992,KHM,9718217.0,14441154560.0,,,,,,,,,,,,,,,,,0.0,0.0,0.0,,,,,,0.587,0.013,224.294,0.151,,,,,,,,,,,,,,,,0.0,0.0,0.0,,,,,,,,,,,,,,,,,,,,,,,,,,,,,,,,,,,,,0.0,0.0,0.0,,,,,,,,,,,,,,,2.18,,,,,,,,,,,,,,,,,,,,,,,,
Cambodia,1993,KHM,10243554.0,14671015936.0,,,,,,,,,,,,,,,,,0.0,0.0,0.0,,,,,,-0.0,-0.0,212.79,0.149,,,,,,,,,,,,,,,,0.0,0.0,0.0,,,,,,,,,,,,,,,,,,,,,,,,,,,,,,,,,,,,,0.0,0.0,0.0,,,,,,,,,,,,,,,2.18,,,,,,,,,,,,,,,,,,,,,,,,
Cambodia,1994,KHM,10636353.0,15506534400.0,,,,,,,,,,,,,,,,,0.0,0.0,0.0,,,,,,0.284,0.006,205.514,0.141,,,,,,,,,,,,,,,,0.0,0.0,0.0,,,,,,,,,,,,,,,,,,,,,,,,,,,,,,,,,,,,,0.0,0.0,0.0,,,,,,,,,,,,,,,2.186,,,,,,,,,,,,,,,,,,,,,,,,
Cambodia,1995,KHM,10919528.0,16129537024.0,,,,,,,,,,,,,,,,,0.0,0.0,0.0,,,,,,183.997,4.022,568.517,0.385,,,,,,,,,,,,,,,,0.0,0.0,0.0,,,,,,,,,,,,,,,,,,,,,,,,,,,,,,,,,,,,,0.0,0.0,0.0,,,,,,,,,,,,,,,6.208,,,,,,,,,,,,,,,,,,,,,,,,
Cambodia,1996,KHM,11182613.0,16617856000.0,,,,,,,,,,,,,,,,,0.0,0.0,0.0,,,,,,9.906,0.615,610.135,0.411,,,,,,,,,,,,,,,,0.0,0.0,0.0,,,,,,,,,,,,,,,,,,,,,,,,,,,,,,,,,,,,,0.0,0.0,0.0,,,,,,,,,,,,,,,6.823,,,,,,,,,,,,,,,,,,,,,,,,
Cambodia,1997,KHM,11431578.0,17146214400.0,,,,,,,,,,,,,,,,,0.0,0.0,0.0,,,,,,17.782,1.213,702.978,0.469,,,,,,,,,,,,,,,,0.0,0.0,0.0,,,,,,,,,,,,,,,,,,,,,,,,,,,,,,,,,,,,,0.0,0.0,0.0,,,,,,,,,,,,,,,8.036,,,,,,,,,,,,,,,,,,,,,,,,
Cambodia,1998,KHM,11669087.0,17590364160.0,,,,,,,,,,,,,,,,,0.0,0.0,0.0,,,,,,16.883,1.357,804.941,0.534,,,,,,,,,,,,,,,,0.0,0.0,0.0,,,,,,,,,,,,,,,,,,,,,,,,,,,,,,,,,,,,,0.0,0.0,0.0,,,,,,,,,,,,,,,9.393,,,,,,,,,,,,,,,,,,,,,,,,
Cambodia,1999,KHM,11899010.0,19232620544.0,,,,,,,,,,,,,,,,,0.0,0.0,0.0,,,,,,2.948,0.277,812.657,0.503,,,,,,,,,,,,,,,,0.0,0.0,0.0,,,,,,,,,,,,,,,,,,,,,,,,,,,,,,,,,,,,,0.0,0.0,0.0,,,,,,,,,,,,,,,9.67,,,,,,,,,,,,,,,,,,,,,,,,
Cambodia,2000,KHM,12118844.0,20441458688.0,,,,,0.0,0.0,0.0,,617.021,,,,,0.0,0.0,,0.0,0.0,0.0,0.0,,0.47,0.47,,-7.327,-0.708,739.456,0.438,,,34.657,0.42,,,89.362,,,,,0.0,0.0,,,0.0,0.0,0.0,0.0,,0.29,,,,4.126,0.05,,10.638,,,,,4.126,0.05,,10.638,,0.0,0.0,,,,0.0,0.0,,0.0,,,,,34.657,0.42,,,0.0,0.0,0.0,89.362,,,0.0,0.0,,,0.0,0.0,,0.0,0.0,,38.783,8.961,,,,4.126,0.05,,10.638,,,,,0.0,0.0,,0.0,,,,,0.0,0.0,,0.0,
Cambodia,2001,KHM,12338198.0,21596243968.0,,,,,0.0,0.0,0.0,,666.667,,,,,0.0,0.0,,0.0,0.0,0.0,0.0,,0.51,0.51,,5.934,0.532,769.41,0.44,,,38.904,0.48,,,94.118,,,,,0.0,0.0,,,0.0,0.0,0.0,0.0,,0.34,,,,2.431,0.03,,5.882,,,,,2.431,0.03,,5.882,,0.0,0.0,,,,0.0,0.0,,0.0,,,,,38.904,0.48,,,0.0,0.0,0.0,94.118,,,0.0,0.0,,,0.0,0.0,,0.0,0.0,,41.335,9.493,,,,2.431,0.03,,5.882,,,,,0.0,0.0,,0.0,,,,,0.0,0.0,,0.0,
Cambodia,2002,KHM,12561783.0,22487644160.0,,,,,0.0,0.0,0.0,,666.667,,,,,0.0,0.0,,0.0,0.0,0.0,0.0,,0.7,0.69,,-0.208,-0.02,754.145,0.421,,,52.54,0.66,,,95.652,,,,,0.0,0.0,,,0.0,0.0,0.0,0.0,,0.46,,,,2.388,0.03,,4.348,,,,,2.388,0.03,,4.348,,0.01,1.429,,,,0.0,0.0,,0.0,,,,,52.54,0.66,,,0.0,0.0,0.0,95.652,,,0.0,0.0,,,0.0,0.0,,0.0,0.0,,54.929,9.473,,,,2.388,0.03,,4.348,,,,,0.0,0.0,,0.0,,,,,0.0,0.0,,0.0,
Cambodia,2003,KHM,12787714.0,23847374848.0,,,,,0.0,0.0,0.0,,661.972,,,,,0.0,0.0,,0.0,0.0,0.0,0.0,,0.72,0.71,,8.504,0.806,803.816,0.431,,,52.394,0.67,,,94.366,,,,,0.0,0.0,,,0.0,0.0,0.0,0.0,,0.47,,,,3.128,0.04,,5.634,,,,,3.128,0.04,,5.634,,0.01,1.389,,,,0.0,0.0,,0.0,,,,,52.394,0.67,,,0.0,0.0,0.0,94.366,,,0.0,0.0,,,0.0,0.0,,0.0,0.0,,55.522,10.279,,,,3.128,0.04,,5.634,,,,,0.0,0.0,,0.0,,,,,0.0,0.0,,0.0,
Cambodia,2004,KHM,13016377.0,25709400064.0,,,,,0.0,0.0,0.0,,671.053,,,,,0.0,0.0,,0.0,0.0,0.0,0.0,,0.78,0.76,,3.023,0.311,813.564,0.412,,,56.083,0.73,,,96.053,,,,,0.0,0.0,,,0.0,0.0,0.0,0.0,,0.51,,,,2.305,0.03,,3.947,,,,,2.305,0.03,,3.947,,0.02,2.564,,,,0.0,0.0,,0.0,,,,,56.083,0.73,,,0.0,0.0,0.0,96.053,,,0.0,0.0,,,0.0,0.0,,0.0,0.0,,58.388,10.59,,,,2.305,0.03,,3.947,,,,,0.0,0.0,,0.0,,,,,0.0,0.0,,0.0,
Cambodia,2005,KHM,13246588.0,28450983936.0,,,,,0.0,0.0,0.0,,666.667,,,,,0.0,0.0,,0.0,0.0,0.0,0.0,,0.93,0.9,,13.809,1.462,909.821,0.424,,,64.922,0.86,,,95.556,,,,,0.0,0.0,,,0.0,0.0,0.0,0.0,,0.6,,,,3.02,0.04,,4.444,,,,,3.02,0.04,,4.444,,0.03,3.226,,,,0.0,0.0,,0.0,,,,,64.922,0.86,,,0.0,0.0,0.0,95.556,,,0.0,0.0,,,0.0,0.0,,0.0,0.0,,67.942,12.052,,,,3.02,0.04,,4.444,,,,,0.0,0.0,,0.0,,,,,0.0,0.0,,0.0,
Cambodia,2006,KHM,13477781.0,30787633152.0,,,,,5.936,0.08,7.207,,639.64,,,,,0.0,0.0,,0.0,0.0,0.0,0.0,,1.16,1.11,,8.251,0.994,967.996,0.424,,,72.712,0.98,,,88.288,,,,,0.0,0.0,,,0.0,0.0,0.0,0.0,,0.71,,,,3.71,0.05,,4.505,,,,,9.646,0.13,,11.712,,0.05,4.31,,,,0.0,0.0,,0.0,,,,,72.712,0.98,,,0.0,0.0,0.0,88.288,,,0.08,0.0,,,5.936,0.0,,7.207,0.0,,82.358,13.046,,,,9.646,0.13,,11.712,,,,,0.0,0.0,,0.0,,,,,0.0,0.0,,0.0,
Cambodia,2007,KHM,13714798.0,33155622912.0,,,,,8.021,0.11,7.801,,645.39,,,,,0.0,0.0,,0.0,0.0,0.0,0.0,,1.51,1.41,,17.333,2.261,1116.155,0.462,,,91.142,1.25,,,88.652,,,,,0.0,0.0,,,0.0,0.0,0.0,0.0,,0.91,,,,3.646,0.05,,3.546,,,,,11.666,0.16,,11.348,,0.1,6.623,,,,0.0,0.0,,0.0,,,,,91.142,1.25,,,0.0,0.0,0.0,88.652,,,0.11,0.0,,,8.021,0.0,,7.801,0.0,,102.809,15.308,,,,11.666,0.16,,11.348,,,,,0.0,0.0,,0.0,,,,,0.0,0.0,,0.0,
Cambodia,2008,KHM,13943897.0,34556530688.0,,,,,8.606,0.12,8.633,,640.288,,,,,0.0,0.0,,0.0,0.0,0.0,0.0,,1.67,1.39,,4.954,0.758,1152.201,0.465,,,88.211,1.23,,,88.489,,,,,0.0,0.0,,,0.0,0.0,0.0,0.0,,0.89,,,,2.869,0.04,,2.878,,,,,11.475,0.16,,11.511,,0.28,16.766,,,,0.0,0.0,,0.0,,,,,88.211,1.23,,,0.0,0.0,0.0,88.489,,,0.12,0.0,,,8.606,0.0,,8.633,0.0,,99.685,16.066,,,,11.475,0.16,,11.511,,,,,0.0,0.0,,0.0,,,,,0.0,0.0,,0.0,
Cambodia,2009,KHM,14155742.0,34483417088.0,,,,,7.771,0.11,9.402,,632.479,,,,,0.0,0.0,,0.0,0.0,0.0,0.0,,1.9,1.17,,23.347,3.751,1399.933,0.575,,,72.056,1.02,,,87.179,,,,,0.0,0.0,,,0.0,0.0,0.0,0.0,,0.74,,,,2.826,0.04,,3.419,,,,,10.596,0.15,,12.821,,0.73,38.421,,,,0.0,0.0,,0.0,,,,,72.056,1.02,,,0.0,0.0,0.0,87.179,,,0.11,0.0,,,7.771,0.0,,9.402,0.0,,82.652,19.817,,,,10.596,0.15,,12.821,,,,,0.0,0.0,,0.0,,,,,0.0,0.0,,0.0,
Cambodia,2010,KHM,14363534.0,34988625920.0,,,,,6.266,0.09,9.677,,634.409,,,,,0.0,0.0,,0.0,0.0,0.0,0.0,,2.48,0.93,,15.34,3.04,1591.32,0.653,,,56.393,0.81,,,87.097,,,,,0.0,0.0,,,0.0,0.0,0.0,0.0,,0.59,,,,2.089,0.03,,3.226,,,,,8.354,0.12,,12.903,,1.55,62.5,,,,0.0,0.0,,0.0,,,,,56.393,0.81,,,0.0,0.0,0.0,87.097,,,0.09,0.0,,,6.266,0.0,,9.677,0.0,,64.747,22.857,,,,8.354,0.12,,12.903,,,,,0.0,0.0,,0.0,,,,,0.0,0.0,,0.0,
Cambodia,2011,KHM,14573894.0,36605583360.0,,,,,8.92,0.13,13.131,,606.061,,,,,0.0,0.0,,0.0,0.0,0.0,0.0,,2.82,0.99,,3.543,0.81,1623.918,0.647,,,55.579,0.81,,,81.818,,,,,0.0,0.0,,,0.0,0.0,0.0,0.0,,0.6,,,,3.431,0.05,,5.051,,,,,12.351,0.18,,18.182,,1.83,64.894,,,,0.0,0.0,,0.0,,,,,55.579,0.81,,,0.0,0.0,0.0,81.818,,,0.13,0.0,,,8.92,0.0,,13.131,0.0,,67.93,23.667,,,,12.351,0.18,,18.182,,,,,0.0,0.0,,0.0,,,,,0.0,0.0,,0.0,
Cambodia,2012,KHM,14786650.0,39288827904.0,,,,,22.994,0.34,24.818,,328.467,,,,,0.0,0.0,,0.0,0.0,0.0,0.0,,3.48,1.37,,11.444,2.708,1783.722,0.671,,,34.491,0.51,,,37.226,,,,,0.0,0.0,,,0.0,0.0,0.0,0.0,,0.45,,,,34.491,0.51,,37.226,,,,,58.161,0.86,,62.774,,2.11,60.632,,,,0.0,0.0,,0.0,,,,,34.491,0.51,,,0.0,0.0,0.0,37.226,,,0.34,0.0,,,22.994,0.0,,24.818,0.0,,92.651,26.375,,,,58.161,0.86,,62.774,,,,,0.676,0.01,,0.73,,,,,0.0,0.0,,0.0,
Cambodia,2013,KHM,14999691.0,42198171648.0,,,,,16.0,0.24,13.873,,236.994,,,,,0.0,0.0,,0.0,0.0,0.0,0.0,,4.01,1.73,,6.127,1.616,1866.119,0.663,,,31.334,0.47,,,27.168,,,,,0.0,0.0,,,0.0,0.0,0.0,0.0,,0.41,,,,67.335,1.01,,58.382,,,,,84.002,1.26,,72.832,,2.28,56.858,,,,0.0,0.0,,0.0,,,,,31.334,0.47,,,0.0,0.0,0.0,27.168,,,0.24,0.0,,,16.0,0.0,,13.873,0.0,,115.336,27.991,,,,84.002,1.26,,72.832,,,,,0.667,0.01,,0.578,,,,,0.0,0.0,,0.0,
Cambodia,2014,KHM,15210817.0,45181947904.0,,,,,7.889,0.12,4.013,,294.314,,,,,50.622,0.77,,0.0,0.0,0.0,25.753,,4.79,2.99,,10.408,2.913,2031.747,0.684,,,67.715,1.03,,,34.448,,,,,0.0,0.0,,,0.0,0.0,0.0,0.0,,0.88,,,,120.309,1.83,,61.204,,,,,128.856,1.96,,65.552,,1.8,37.578,,,,0.0,0.0,,0.0,,,,,17.093,0.26,,,0.0,0.0,0.0,8.696,,,0.12,0.0,,,7.889,0.0,,4.013,0.0,,196.571,30.905,,,,128.856,1.96,,65.552,,,,,0.657,0.01,,0.334,,,,,0.0,0.0,,0.0,
Cambodia,2015,KHM,15417527.0,48358453248.0,,,,,10.378,0.16,3.756,,415.493,,,,,112.21,1.73,,0.0,0.0,0.0,40.61,,5.81,4.26,,14.704,4.544,2299.249,0.733,,,136.209,2.1,,,49.296,,,,,0.0,0.0,,,0.0,0.0,0.0,0.0,,1.77,,,,128.425,1.98,,46.479,,,,,140.1,2.16,,50.704,,1.55,26.678,,,,0.0,0.0,,0.0,,,,,23.999,0.37,,,0.0,0.0,0.0,8.685,,,0.16,0.0,,,10.378,0.0,,3.756,0.0,,276.309,35.449,,,,140.1,2.16,,50.704,,,,,1.297,0.02,,0.469,,,,,0.0,0.0,,0.0,
Cambodia,2016,KHM,15624586.0,51749834752.0,,,,,12.16,0.19,3.499,,403.315,,,,,138.244,2.16,,0.0,0.0,0.0,39.779,,7.01,5.43,,24.681,8.749,2828.744,0.854,,,167.684,2.62,,,48.25,,,,,0.0,0.0,,,0.0,0.0,0.0,0.0,,2.19,,,,165.764,2.59,,47.698,,,,,179.845,2.81,,51.75,,1.58,22.539,,,,0.0,0.0,,0.0,,,,,29.441,0.46,,,0.0,0.0,0.0,8.471,,,0.19,0.0,,,12.16,0.0,,3.499,0.0,,347.529,44.198,,,,179.845,2.81,,51.75,,,,,1.92,0.03,,0.552,,,,,0.0,0.0,,0.0,
Cambodia,2017,KHM,15830694.0,55370772480.0,,,,,20.846,0.33,4.874,,460.857,,,,,202.139,3.2,,,,,47.267,,8.21,6.77,,5.673,2.507,2950.3,0.844,,,233.723,3.7,,,54.653,,,,,0.0,0.0,,,,,,0.0,,3.12,,,,171.186,2.71,,40.03,,,,,193.927,3.07,,45.347,,1.44,17.54,,,,0.0,0.0,,0.0,,,,,31.584,0.5,,,,,,7.386,,,0.33,0.0,,,20.846,0.0,,4.874,0.0,,427.65,46.705,,,,193.927,3.07,,45.347,,,,,1.895,0.03,,0.443,,,,,0.0,0.0,,0.0,
Cambodia,2018,KHM,16025242.0,59541852160.0,,,,,16.848,0.27,3.392,,320.352,,,,,159.748,2.56,,,,,32.161,,9.53,7.96,,26.092,12.186,3674.928,0.989,,,184.709,2.96,,,37.186,,,,,0.0,0.0,,,,,,0.0,,2.55,,,,292.663,4.69,,58.92,,,,,312.008,5.0,,62.814,,1.57,16.474,,,,0.0,0.0,,0.0,,,,,24.961,0.4,,,,,,5.025,,,0.27,0.0,,,16.848,0.0,,3.392,0.0,,496.716,58.892,,,,312.008,5.0,,62.814,,,,,2.496,0.04,,0.503,,,,,0.0,0.0,,0.0,
Cambodia,2019,KHM,16207746.0,,,,,,22.212,0.36,4.26,,397.633,,,,,210.393,3.41,,,,,40.355,,11.51,8.45,,11.997,7.065,4069.461,,,,243.094,3.94,,,46.627,,,,,0.0,0.0,,,,,,0.0,,3.36,,,,248.647,4.03,,47.692,,,,,278.262,4.51,,53.373,,3.06,26.586,,,,0.0,0.0,,0.0,,,,,32.7,0.53,,,,,,6.272,,,0.36,0.0,,,22.212,0.0,,4.26,0.0,,521.356,65.957,,,,278.262,4.51,,53.373,,,,,7.404,0.12,,1.42,,,,,0.0,0.0,,0.0,
Cambodia,2020,KHM,16396864.0,,,,,,14.637,0.24,2.84,,385.799,,,,,208.576,3.42,,,,,40.473,,12.27,8.45,,-2.583,-1.703,3918.637,,,,233.581,3.83,,,45.325,,,,,0.0,0.0,,,,,,0.0,,3.26,,,,248.218,4.07,,48.166,,,,,281.761,4.62,,54.675,,3.82,31.133,,,,0.0,0.0,,0.0,,,,,25.005,0.41,,,,,,4.852,,,0.24,0.0,,,14.637,0.0,,2.84,0.0,,515.342,64.253,,,,281.761,4.62,,54.675,,,,,18.906,0.31,,3.669,,,,,0.0,0.0,,0.0,
Cambodia,2021,KHM,16589031.0,,,,,,13.865,0.23,2.647,,400.46,,,,,221.833,3.68,,,,,42.348,,12.3,8.69,,4.178,2.685,4035.081,,,,246.548,4.09,,,47.066,,,,,0.0,0.0,,,,,,0.0,,3.48,,,,241.123,4.0,,46.03,,,,,277.292,4.6,,52.934,,3.61,29.35,,,,0.0,0.0,,0.0,,,,,24.715,0.41,,,,,,4.718,,,0.23,0.0,,,13.865,0.0,,2.647,0.0,,523.84,66.938,,,,277.292,4.6,,52.934,,,,,22.304,0.37,,4.258,,,,,0.0,0.0,,0.0,
Cameroon,1900,CMR,3216679.0,,,,,,,,,,,,,,,,,,,,,,,,,,,,,,,,,,,,,,,,,,,,,,,,,,,,,,,,,,,,,,,,,,,,,,,,,,,,,,,,,,,,,0.0,0.0,,,,,,,,,,,,,,,,,,,,,,,,,,,,,,,,,,,,,,,
Cameroon,1901,CMR,3193523.0,,,,,,,,,,,,,,,,,,,,,,,,,,,,,,,,,,,,,,,,,,,,,,,,,,,,,,,,,,,,,,,,,,,,,,,,,,,,,,,,,,,,0.0,0.0,0.0,,,,,,,,,,,,,,,,,,,,,,,,,,,,,,,,,,,,,,,
Cameroon,1902,CMR,3167551.0,,,,,,,,,,,,,,,,,,,,,,,,,,,,,,,,,,,,,,,,,,,,,,,,,,,,,,,,,,,,,,,,,,,,,,,,,,,,,,,,,,,,0.0,0.0,0.0,,,,,,,,,,,,,,,,,,,,,,,,,,,,,,,,,,,,,,,
Cameroon,1903,CMR,3138804.0,,,,,,,,,,,,,,,,,,,,,,,,,,,,,,,,,,,,,,,,,,,,,,,,,,,,,,,,,,,,,,,,,,,,,,,,,,,,,,,,,,,,0.0,0.0,0.0,,,,,,,,,,,,,,,,,,,,,,,,,,,,,,,,,,,,,,,
Cameroon,1904,CMR,3110318.0,,,,,,,,,,,,,,,,,,,,,,,,,,,,,,,,,,,,,,,,,,,,,,,,,,,,,,,,,,,,,,,,,,,,,,,,,,,,,,,,,,,,0.0,0.0,0.0,,,,,,,,,,,,,,,,,,,,,,,,,,,,,,,,,,,,,,,
Cameroon,1905,CMR,3082089.0,,,,,,,,,,,,,,,,,,,,,,,,,,,,,,,,,,,,,,,,,,,,,,,,,,,,,,,,,,,,,,,,,,,,,,,,,,,,,,,,,,,,0.0,0.0,0.0,,,,,,,,,,,,,,,,,,,,,,,,,,,,,,,,,,,,,,,
Cameroon,1906,CMR,3054115.0,,,,,,,,,,,,,,,,,,,,,,,,,,,,,,,,,,,,,,,,,,,,,,,,,,,,,,,,,,,,,,,,,,,,,,,,,,,,,,,,,,,,0.0,0.0,0.0,,,,,,,,,,,,,,,,,,,,,,,,,,,,,,,,,,,,,,,
Cameroon,1907,CMR,3026394.0,,,,,,,,,,,,,,,,,,,,,,,,,,,,,,,,,,,,,,,,,,,,,,,,,,,,,,,,,,,,,,,,,,,,,,,,,,,,,,,,,,,,0.0,0.0,0.0,,,,,,,,,,,,,,,,,,,,,,,,,,,,,,,,,,,,,,,
Cameroon,1908,CMR,2998924.0,,,,,,,,,,,,,,,,,,,,,,,,,,,,,,,,,,,,,,,,,,,,,,,,,,,,,,,,,,,,,,,,,,,,,,,,,,,,,,,,,,,,0.0,0.0,0.0,,,,,,,,,,,,,,,,,,,,,,,,,,,,,,,,,,,,,,,
Cameroon,1909,CMR,2974195.0,,,,,,,,,,,,,,,,,,,,,,,,,,,,,,,,,,,,,,,,,,,,,,,,,,,,,,,,,,,,,,,,,,,,,,,,,,,,,,,,,,,,0.0,0.0,0.0,,,,,,,,,,,,,,,,,,,,,,,,,,,,,,,,,,,,,,,
Cameroon,1910,CMR,2952166.0,,,,,,,,,,,,,,,,,,,,,,,,,,,,,,,,,,,,,,,,,,,,,,,,,,,,,,,,,,,,,,,,,,,,,,,,,,,,,,,,,,,,0.0,0.0,0.0,,,,,,,,,,,,,,,,,,,,,,,,,,,,,,,,,,,,,,,
Cameroon,1911,CMR,2932802.0,,,,,,,,,,,,,,,,,,,,,,,,,,,,,,,,,,,,,,,,,,,,,,,,,,,,,,,,,,,,,,,,,,,,,,,,,,,,,,,,,,,,0.0,0.0,0.0,,,,,,,,,,,,,,,,,,,,,,,,,,,,,,,,,,,,,,,
Cameroon,1912,CMR,2916064.0,,,,,,,,,,,,,,,,,,,,,,,,,,,,,,,,,,,,,,,,,,,,,,,,,,,,,,,,,,,,,,,,,,,,,,,,,,,,,,,,,,,,0.0,0.0,0.0,,,,,,,,,,,,,,,,,,,,,,,,,,,,,,,,,,,,,,,
Cameroon,1913,CMR,2901916.0,,,,,,,,,,,,,,,,,,,,,,,,,,,,,,,,,,,,,,,,,,,,,,,,,,,,,,,,,,,,,,,,,,,,,,,,,,,,,,,,,,,,0.0,0.0,0.0,,,,,,,,,,,,,,,,,,,,,,,,,,,,,,,,,,,,,,,
Cameroon,1914,CMR,2887835.0,,,,,,,,,,,,,,,,,,,,,,,,,,,,,,,,,,,,,,,,,,,,,,,,,,,,,,,,,,,,,,,,,,,,,,,,,,,,,,,,,,,,0.0,0.0,0.0,,,,,,,,,,,,,,,,,,,,,,,,,,,,,,,,,,,,,,,
Cameroon,1915,CMR,2873822.0,,,,,,,,,,,,,,,,,,,,,,,,,,,,,,,,,,,,,,,,,,,,,,,,,,,,,,,,,,,,,,,,,,,,,,,,,,,,,,,,,,,,0.0,0.0,0.0,,,,,,,,,,,,,,,,,,,,,,,,,,,,,,,,,,,,,,,
Cameroon,1916,CMR,2859876.0,,,,,,,,,,,,,,,,,,,,,,,,,,,,,,,,,,,,,,,,,,,,,,,,,,,,,,,,,,,,,,,,,,,,,,,,,,,,,,,,,,,,0.0,0.0,0.0,,,,,,,,,,,,,,,,,,,,,,,,,,,,,,,,,,,,,,,
Cameroon,1917,CMR,2845996.0,,,,,,,,,,,,,,,,,,,,,,,,,,,,,,,,,,,,,,,,,,,,,,,,,,,,,,,,,,,,,,,,,,,,,,,,,,,,,,,,,,,,0.0,0.0,0.0,,,,,,,,,,,,,,,,,,,,,,,,,,,,,,,,,,,,,,,
Cameroon,1918,CMR,2833732.0,,,,,,,,,,,,,,,,,,,,,,,,,,,,,,,,,,,,,,,,,,,,,,,,,,,,,,,,,,,,,,,,,,,,,,,,,,,,,,,,,,,,0.0,0.0,0.0,,,,,,,,,,,,,,,,,,,,,,,,,,,,,,,,,,,,,,,
Cameroon,1919,CMR,2831409.0,,,,,,,,,,,,,,,,,,,,,,,,,,,,,,,,,,,,,,,,,,,,,,,,,,,,,,,,,,,,,,,,,,,,,,,,,,,,,,,,,,,,0.0,0.0,0.0,,,,,,,,,,,,,,,,,,,,,,,,,,,,,,,,,,,,,,,
Cameroon,1920,CMR,2839117.0,,,,,,,,,,,,,,,,,,,,,,,,,,,,,,,,,,,,,,,,,,,,,,,,,,,,,,,,,,,,,,,,,,,,,,,,,,,,,,,,,,,,0.0,0.0,0.0,,,,,,,,,,,,,,,,,,,,,,,,,,,,,,,,,,,,,,,
Cameroon,1921,CMR,2856945.0,,,,,,,,,,,,,,,,,,,,,,,,,,,,,,,,,,,,,,,,,,,,,,,,,,,,,,,,,,,,,,,,,,,,,,,,,,,,,,,,,,,,0.0,0.0,0.0,,,,,,,,,,,,,,,,,,,,,,,,,,,,,,,,,,,,,,,
Cameroon,1922,CMR,2884985.0,,,,,,,,,,,,,,,,,,,,,,,,,,,,,,,,,,,,,,,,,,,,,,,,,,,,,,,,,,,,,,,,,,,,,,,,,,,,,,,,,,,,0.0,0.0,0.0,,,,,,,,,,,,,,,,,,,,,,,,,,,,,,,,,,,,,,,
Cameroon,1923,CMR,2923328.0,,,,,,,,,,,,,,,,,,,,,,,,,,,,,,,,,,,,,,,,,,,,,,,,,,,,,,,,,,,,,,,,,,,,,,,,,,,,,,,,,,,,0.0,0.0,0.0,,,,,,,,,,,,,,,,,,,,,,,,,,,,,,,,,,,,,,,
Cameroon,1924,CMR,2962182.0,,,,,,,,,,,,,,,,,,,,,,,,,,,,,,,,,,,,,,,,,,,,,,,,,,,,,,,,,,,,,,,,,,,,,,,,,,,,,,,,,,,,0.0,0.0,0.0,,,,,,,,,,,,,,,,,,,,,,,,,,,,,,,,,,,,,,,
Cameroon,1925,CMR,3001552.0,,,,,,,,,,,,,,,,,,,,,,,,,,,,,,,,,,,,,,,,,,,,,,,,,,,,,,,,,,,,,,,,,,,,,,,,,,,,,,,,,,,,0.0,0.0,0.0,,,,,,,,,,,,,,,,,,,,,,,,,,,,,,,,,,,,,,,
Cameroon,1926,CMR,3041445.0,,,,,,,,,,,,,,,,,,,,,,,,,,,,,,,,,,,,,,,,,,,,,,,,,,,,,,,,,,,,,,,,,,,,,,,,,,,,,,,,,,,,0.0,0.0,0.0,,,,,,,,,,,,,,,,,,,,,,,,,,,,,,,,,,,,,,,
Cameroon,1927,CMR,3081868.0,,,,,,,,,,,,,,,,,,,,,,,,,,,,,,,,,,,,,,,,,,,,,,,,,,,,,,,,,,,,,,,,,,,,,,,,,,,,,,,,,,,,0.0,0.0,0.0,,,,,,,,,,,,,,,,,,,,,,,,,,,,,,,,,,,,,,,
Cameroon,1928,CMR,3122828.0,,,,,,,,,,,,,,,,,,,,,,,,,,,,,,,,,,,,,,,,,,,,,,,,,,,,,,,,,,,,,,,,,,,,,,,,,,,,,,,,,,,,0.0,0.0,0.0,,,,,,,,,,,,,,,,,,,,,,,,,,,,,,,,,,,,,,,
Cameroon,1929,CMR,3164073.0,,,,,,,,,,,,,,,,,,,,,,,,,,,,,,,,,,,,,,,,,,,,,,,,,,,,,,,,,,,,,,,,,,,,,,,,,,,,,,,,,,,,0.0,0.0,0.0,,,,,,,,,,,,,,,,,,,,,,,,,,,,,,,,,,,,,,,
Cameroon,1930,CMR,3205602.0,,,,,,,,,,,,,,,,,,,,,,,,,,,,,,,,,,,,,,,,,,,,,,,,,,,,,,,,,,,,,,,,,,,,,,,,,,,,,,,,,,,,0.0,0.0,0.0,,,,,,,,,,,,,,,,,,,,,,,,,,,,,,,,,,,,,,,
Cameroon,1931,CMR,3247416.0,,,,,,,,,,,,,,,,,,,,,,,,,,,,,,,,,,,,,,,,,,,,,,,,,,,,,,,,,,,,,,,,,,,,,,,,,,,,,,,,,,,,0.0,0.0,0.0,,,,,,,,,,,,,,,,,,,,,,,,,,,,,,,,,,,,,,,
Cameroon,1932,CMR,3289516.0,,,,,,,,,,,,,,,,,,,,,,,,,,,,,,,,,,,,,,,,,,,,,,,,,,,,,,,,,,,,,,,,,,,,,,,,,,,,,,,,,,,,0.0,0.0,0.0,,,,,,,,,,,,,,,,,,,,,,,,,,,,,,,,,,,,,,,
Cameroon,1933,CMR,3331901.0,,,,,,,,,,,,,,,,,,,,,,,,,,,,,,,,,,,,,,,,,,,,,,,,,,,,,,,,,,,,,,,,,,,,,,,,,,,,,,,,,,,,0.0,0.0,0.0,,,,,,,,,,,,,,,,,,,,,,,,,,,,,,,,,,,,,,,
Cameroon,1934,CMR,3374832.0,,,,,,,,,,,,,,,,,,,,,,,,,,,,,,,,,,,,,,,,,,,,,,,,,,,,,,,,,,,,,,,,,,,,,,,,,,,,,,,,,,,,0.0,0.0,0.0,,,,,,,,,,,,,,,,,,,,,,,,,,,,,,,,,,,,,,,
Cameroon,1935,CMR,3418317.0,,,,,,,,,,,,,,,,,,,,,,,,,,,,,,,,,,,,,,,,,,,,,,,,,,,,,,,,,,,,,,,,,,,,,,,,,,,,,,,,,,,,0.0,0.0,0.0,,,,,,,,,,,,,,,,,,,,,,,,,,,,,,,,,,,,,,,
Cameroon,1936,CMR,3462361.0,,,,,,,,,,,,,,,,,,,,,,,,,,,,,,,,,,,,,,,,,,,,,,,,,,,,,,,,,,,,,,,,,,,,,,,,,,,,,,,,,,,,0.0,0.0,0.0,,,,,,,,,,,,,,,,,,,,,,,,,,,,,,,,,,,,,,,
Cameroon,1937,CMR,3506974.0,,,,,,,,,,,,,,,,,,,,,,,,,,,,,,,,,,,,,,,,,,,,,,,,,,,,,,,,,,,,,,,,,,,,,,,,,,,,,,,,,,,,0.0,0.0,0.0,,,,,,,,,,,,,,,,,,,,,,,,,,,,,,,,,,,,,,,
Cameroon,1938,CMR,3552161.0,,,,,,,,,,,,,,,,,,,,,,,,,,,,,,,,,,,,,,,,,,,,,,,,,,,,,,,,,,,,,,,,,,,,,,,,,,,,,,,,,,,,0.0,0.0,0.0,,,,,,,,,,,,,,,,,,,,,,,,,,,,,,,,,,,,,,,
Cameroon,1939,CMR,3600852.0,,,,,,,,,,,,,,,,,,,,,,,,,,,,,,,,,,,,,,,,,,,,,,,,,,,,,,,,,,,,,,,,,,,,,,,,,,,,,,,,,,,,0.0,0.0,0.0,,,,,,,,,,,,,,,,,,,,,,,,,,,,,,,,,,,,,,,
Cameroon,1940,CMR,3653142.0,,,,,,,,,,,,,,,,,,,,,,,,,,,,,,,,,,,,,,,,,,,,,,,,,,,,,,,,,,,,,,,,,,,,,,,,,,,,,,,,,,,,0.0,0.0,0.0,,,,,,,,,,,,,,,,,,,,,,,,,,,,,,,,,,,,,,,
Cameroon,1941,CMR,3709128.0,,,,,,,,,,,,,,,,,,,,,,,,,,,,,,,,,,,,,,,,,,,,,,,,,,,,,,,,,,,,,,,,,,,,,,,,,,,,,,,,,,,,0.0,0.0,0.0,,,,,,,,,,,,,,,,,,,,,,,,,,,,,,,,,,,,,,,
Cameroon,1942,CMR,3768907.0,,,,,,,,,,,,,,,,,,,,,,,,,,,,,,,,,,,,,,,,,,,,,,,,,,,,,,,,,,,,,,,,,,,,,,,,,,,,,,,,,,,,0.0,0.0,0.0,,,,,,,,,,,,,,,,,,,,,,,,,,,,,,,,,,,,,,,
Cameroon,1943,CMR,3832582.0,,,,,,,,,,,,,,,,,,,,,,,,,,,,,,,,,,,,,,,,,,,,,,,,,,,,,,,,,,,,,,,,,,,,,,,,,,,,,,,,,,,,0.0,0.0,0.0,,,,,,,,,,,,,,,,,,,,,,,,,,,,,,,,,,,,,,,
Cameroon,1944,CMR,3897332.0,,,,,,,,,,,,,,,,,,,,,,,,,,,,,,,,,,,,,,,,,,,,,,,,,,,,,,,,,,,,,,,,,,,,,,,,,,,,,,,,,,,,0.0,0.0,0.0,,,,,,,,,,,,,,,,,,,,,,,,,,,,,,,,,,,,,,,
Cameroon,1945,CMR,3963176.0,,,,,,,,,,,,,,,,,,,,,,,,,,,,,,,,,,,,,,,,,,,,,,,,,,,,,,,,,,,,,,,,,,,,,,,,,,,,,,,,,,,,0.0,0.0,0.0,,,,,,,,,,,,,,,,,,,,,,,,,,,,,,,,,,,,,,,
Cameroon,1946,CMR,4030132.0,,,,,,,,,,,,,,,,,,,,,,,,,,,,,,,,,,,,,,,,,,,,,,,,,,,,,,,,,,,,,,,,,,,,,,,,,,,,,,,,,,,,0.0,0.0,0.0,,,,,,,,,,,,,,,,,,,,,,,,,,,,,,,,,,,,,,,
Cameroon,1947,CMR,4098220.0,,,,,,,,,,,,,,,,,,,,,,,,,,,,,,,,,,,,,,,,,,,,,,,,,,,,,,,,,,,,,,,,,,,,,,,,,,,,,,,,,,,,0.0,0.0,0.0,,,,,,,,,,,,,,,,,,,,,,,,,,,,,,,,,,,,,,,
Cameroon,1948,CMR,4167458.0,,,,,,,,,,,,,,,,,,,,,,,,,,,,,,,,,,,,,,,,,,,,,,,,,,,,,,,,,,,,,,,,,,,,,,,,,,,,,,,,,,,,0.0,0.0,0.0,,,,,,,,,,,,,,,,,,,,,,,,,,,,,,,,,,,,,,,
Cameroon,1949,CMR,4239958.0,,,,,,,,,,,,,,,,,,,,,,,,,,,,,,,,,,,,,,,,,,,,,,,,,,,,,,,,,,,,,,,,,,,,,,,,,,,,,,,,,,,,0.0,0.0,0.0,,,,,,,,,,,,,,,,,,,,,,,,,,,,,,,,,,,,,,,
Cameroon,1950,CMR,4315823.0,5229722624.0,,,,,,,,,,,,,,,,,,,,,,,,,,,,,,,,,,,,,,,,,,,,,,,,,,,,,,,,,,,,,,,,,,,,,,,,,,,,,,,,,,,0.0,0.0,0.0,,,,,,,,,,,,,,,,,,,,,,,,,,,,,,,,,,,,,,,
Cameroon,1951,CMR,4381983.0,5417063424.0,,,,,,,,,,,,,,,,,,,,,,,,,,,,,,,,,,,,,,,,,,,,,,,,,,,,,,,,,,,,,,,,,,,,,,,,,,,,,,,,,,,0.0,0.0,0.0,,,,,,,,,,,,,,,,,,,,,,,,,,,,,,,,,,,,,,,
Cameroon,1952,CMR,4449599.0,5620173312.0,,,,,,,,,,,,,,,,,,,,,,,,,,,,,,,,,,,,,,,,,,,,,,,,,,,,,,,,,,,,,,,,,,,,,,,,,,,,,,,,,,,0.0,0.0,0.0,,,,,,,,,,,,,,,,,,,,,,,,,,,,,,,,,,,,,,,
Cameroon,1953,CMR,4519193.0,5824486912.0,,,,,,,,,,,,,,,,,,,,,,,,,,,,,,,,,,,,,,,,,,,,,,,,,,,,,,,,,,,,,,,,,,,,,,,,,,,,,,,,,,,0.0,0.0,0.0,,,,,,,,,,,,,,,,,,,,,,,,,,,,,,,,,,,,,,,
Cameroon,1954,CMR,4592382.0,6040445952.0,,,,,,,,,,,,,,,,,,,,,,,,,,,,,,,,,,,,,,,,,,,,,,,,,,,,,,,,,,,,,,,,,,,,,,,,,,,,,,,,,,,0.0,0.0,0.0,,,,,,,,,,,,,,,,,,,,,,,,,,,,,,,,,,,,,,,
Cameroon,1955,CMR,4670545.0,6263419904.0,,,,,,,,,,,,,,,,,,,,,,,,,,,,,,,,,,,,,,,,,,,,,,,,,,,,,,,,,,,,,,,,,,,,,,,,,,,,,,,,,,,0.0,0.0,0.0,,,,,,,,,,,,,,,,,,,,,,,,,,,,,,,,,,,,,,,
Cameroon,1956,CMR,4753924.0,6493817344.0,,,,,,,,,,,,,,,,,,,,,,,,,,,,,,,,,,,,,,,,,,,,,,,,,,,,,,,,,,,,,,,,,,,,,,,,,,,,,,,,,,,0.0,0.0,0.0,,,,,,,,,,,,,,,,,,,,,,,,,,,,,,,,,,,,,,,
Cameroon,1957,CMR,4840930.0,6732063232.0,,,,,,,,,,,,,,,,,,,,,,,,,,,,,,,,,,,,,,,,,,,,,,,,,,,,,,,,,,,,,,,,,,,,,,,,,,,,,,,,,,,0.0,0.0,0.0,,,,,,,,,,,,,,,,,,,,,,,,,,,,,,,,,,,,,,,
Cameroon,1958,CMR,4931690.0,6978685952.0,,,,,,,,,,,,,,,,,,,,,,,,,,,,,,,,,,,,,,,,,,,,,,,,,,,,,,,,,,,,,,,,,,,,,,,,,,,,,,,,,,,0.0,0.0,0.0,,,,,,,,,,,,,,,,,,,,,,,,,,,,,,,,,,,,,,,
Cameroon,1959,CMR,5028164.0,7234105344.0,,,,,,,,,,,,,,,,,,,,,,,,,,,,,,,,,,,,,,,,,,,,,,,,,,,,,,,,,,,,,,,,,,,,,,,,,,,,,,,,,,,0.0,0.0,0.0,,,,,,,,,,,,,,,,,,,,,,,,,,,,,,,,,,,,,,,
Cameroon,1960,CMR,5117606.0,7437215744.0,,,,,,,,,,,,,,,,,,,,,,,,,,,,,,,,,,,,,,,,,,,,,,,,,,,,,,,,,,,,,,,,,,,,,,,,,,,,,,,,,,,0.0,0.0,0.0,,,,,,,,,,,,,,,,,,,,,,,,,,,,,,,,,,,,,,,
Cameroon,1961,CMR,5200364.0,7528596992.0,,,,,,,,,,,,,,,,,,,,,,,,,,,,,,,,,,,,,,,,,,,,,,,,,,,,,,,,,,,,,,,,,,,,,,,,,,,,,,,,,,,0.0,0.0,0.0,,,,,,,,,,,,,,,,,,,,,,,,,,,,,,,,,,,,,,,
Cameroon,1962,CMR,5303847.0,7757674496.0,,,,,,,,,,,,,,,,,,,,,,,,,,,,,,,,,,,,,,,,,,,,,,,,,,,,,,,,,,,,,,,,,,,,,,,,,,,,,,,,,,,0.0,0.0,0.0,,,,,,,,,,,,,,,,,,,,,,,,,,,,,,,,,,,,,,,
Cameroon,1963,CMR,5427516.0,8048988160.0,,,,,,,,,,,,,,,,,,,,,,,,,,,,,,,,,,,,,,,,,,,,,,,,,,,,,,,,,,,,,,,,,,,,,,,,,,,,,,,,,,,0.0,0.0,0.0,,,,,,,,,,,,,,,,,,,,,,,,,,,,,,,,,,,,,,,
Cameroon,1964,CMR,5556211.0,8333998080.0,,,,,,,,,,,,,,,,,,,,,,,,,,,,,,,,,,,,,,,,,,,,,,,,,,,,,,,,,,,,,,,,,,,,,,,,,,,,,,,,,,,0.0,0.0,0.0,,,,,,,,,,,,,,,,,,,,,,,,,,,,,,,,,,,,,,,
Cameroon,1965,CMR,5690089.0,8502576640.0,,,,,,,,,,,,,,,,,,,,,,,,,,,,,,,,,,,,,,,,,,,,,,,,,,,,,,,,,,,,,,,,,,,,,,,,,,,,,,,,,,,0.0,0.0,0.0,,,,,,,,,,,,,,,,,,,,,,,,,,,,,,,,,,,,,,,
Cameroon,1966,CMR,5829584.0,8896456704.0,,,,,,,,,,,,,,,,,,,,,,,,,,,,,,,,,,,,,,,,,,,,,,,,,,,,,,,,,,,,,,,,,,,,,,,,,,,,,,,,,,,0.0,0.0,0.0,,,,,,,,,,,,,,,,,,,,,,,,,,,,,,,,,,,,,,,
Cameroon,1967,CMR,5975093.0,9142134784.0,,,,,,,,,,,,,,,,,,,,,,,,,,,,,,,,,,,,,,,,,,,,,,,,,,,,,,,,,,,,,,,,,,,,,,,,,,,,,,,,,,,0.0,0.0,0.0,,,,,,,,,,,,,,,,,,,,,,,,,,,,,,,,,,,,,,,
Cameroon,1968,CMR,6127201.0,9741293568.0,,,,,,,,,,,,,,,,,,,,,,,,,,,,,,,,,,,,,,,,,,,,,,,,,,,,,,,,,,,,,,,,,,,,,,,,,,,,,,,,,,,0.0,0.0,0.0,,,,,,,,,,,,,,,,,,,,,,,,,,,,,,,,,,,,,,,
Cameroon,1969,CMR,6286226.0,10221153280.0,,,,,,,,,,,,,,,,,,,,,,,,,,,,,,,,,,,,,,,,,,,,,,,,,,,,,,,,,,,,,,,,,,,,,,,,,,,,,,,,,,,0.0,0.0,0.0,,,,,,,,,,,,,,,,,,,,,,,,,,,,,,,,,,,,,,,
Cameroon,1970,CMR,6452787.0,10527337472.0,,,,,,,,,,,,,,,,,,,,,,,,,,,,,,,,,,,,,,,,,,,,,,,,,,,,,,,,,,,,,,,,,,,,,,,,,,,,,,,,,,,0.0,0.0,0.0,,,,,,,,,,,,,,,,,,,,,,,,,,,,,,,,,,,,,,,
Cameroon,1971,CMR,6627357.0,10841244672.0,,,,,,,,,,,,,,,,,,,,,,,,,,,,,,,,,,,,,,,,,,,,,,,,,,,,,,,,,,,,,,,,,,,,,,,,,,,,,,,,,,,0.0,0.0,0.0,,,,,,,,,,,,,,,,,,,,,,,,,,,,,,,,,,,,,,,
Cameroon,1972,CMR,6809472.0,11317897216.0,,,,,,,,,,,,,,,,,,,,,,,,,,,,,,,,,,,,,,,,,,,,,,,,,,,,,,,,,,,,,,,,,,,,,,,,,,,,,,,,,,,0.0,0.0,0.0,,,,,,,,,,,,,,,,,,,,,,,,,,,,,,,,,,,,,,,
Cameroon,1973,CMR,6998691.0,11480018944.0,,,,,,,,,,,,,,,,,,,,,,,,,,,,,,,,,,,,,,,,,,,,,,,,,,,,,,,,,,,,,,,,,,,,,,,,,,,,,,,,,,,0.0,0.0,0.0,,,,,,,,,,,,,,,,,,,,,,,,,,,,,,,,,,,,,,,
Cameroon,1974,CMR,7194702.0,11988956160.0,,,,,,,,,,,,,,,,,,,,,,,,,,,,,,,,,,,,,,,,,,,,,,,,,,,,,,,,,,,,,,,,,,,,,,,,,,,,,,,,,,,0.0,0.0,0.0,,,,,,,,,,,,,,,,,,,,,,,,,,,,,,,,,,,,,,,
Cameroon,1975,CMR,7397421.0,12613605376.0,,,,,,,,,,,,,,,,,,,,,,,,,,,,,,,,,,,,,,,,,,,,,,,,,,,,,,,,,,,,,,,,,,,,,,,,,,,,,,,,,,,0.0,0.0,0.0,,,,,,,,,,,,,,,,,,,,,,,,,,,,,,,,,,,,,,,
Cameroon,1976,CMR,7598028.0,12847951872.0,,,,,,,,,,,,,,,,,,,,,,,,,,,,,,,,,,,,,,,,,,,,,,,,,,,,,,,,,,,,,,,,,,,,,,,,,,,,,,,,,,,0.0,0.0,0.0,,,,,,,,,,,,,,,,,,,,,,,,,,,,,,,,,,,,,,,
Cameroon,1977,CMR,7796826.0,13583540224.0,,,,,,,,,,,,,,,,,,,,,,,,,,,,,,,,,,,,,,,,,,,,,,,,,,,,,,,,,,,,,,,,,,,,,,,,,,,,,,,,,,,0.442,56.682,0.442,,,,,,,,,,,,,,,,,,,,,,,,,,,,,,,,,,,,,,,
Cameroon,1978,CMR,8013278.0,14322934784.0,,,,,,,,,,,,,,,,,,,,,,,,,,,,,,,,,,,,,,,,,,,,,,,,,,,,,,,,,,,,,,,,,,,,,,,,,,,,,,,,,,1228.947,5.431,732.927,5.873,,,,,,,,,,,,,,,,,,,,,,,,,,,,,,,,,,,,,,,
Cameroon,1979,CMR,8243382.0,15104234496.0,,,,,,,,,,,,,,,,,,,,,,,,,,,,,,,,,,,,,,,,,,,,,,,,,,,,,,,,,,,,,,,,,,,,,,,,,,,,,,,,,,296.832,17.433,2827.301,23.307,,,,,,,,,,,,,,,,,,,,,,,,,,,,,,,,,,,,,,,
Cameroon,1980,CMR,8519894.0,16648723456.0,,,,,,,,,,,,,,,,,,0.0,0.0,,,,,,,,1619.572,0.829,,,,,,,,,,,,,,,,,0.0,0.0,,,,,,,,,,,,,,,,,,,,,,,,,,,,,,,,,,,,58.913,13.731,4347.142,37.037,,,,,,,,,,,,,,,13.799,,,,,,,,,,,,,,,,,,,,,,,,
Cameroon,1981,CMR,8829055.0,19480160256.0,,,,,,,,,,,,,,,,,0.0,0.0,0.0,,,,,,9.763,1.347,1715.444,0.777,,,,,,,,,,,,,,,,0.0,0.0,0.0,,,,,,,,,,,,,,,,,,,,,,,,,,,,,,,,,,,,49.59,18.367,6275.188,55.404,,,,,,,,,,,,,,,15.146,,,,,,,,,,,,,,,,,,,,,,,,
Cameroon,1982,CMR,9046988.0,20950722560.0,,,,,,,,,,,,,,,,,0.0,0.0,0.0,,,,,,16.779,2.541,1955.027,0.844,,,,,,,,,,,,,,,,0.0,0.0,0.0,,,,,,,,,,,,,,,,,,,,,,,,,,,,,,,,,,,,25.287,14.01,7672.63,69.414,,,,,,,,,,,,,,,17.687,,,,,,,,,,,,,,,,,,,,,,,,
Cameroon,1983,CMR,9240673.0,22424580096.0,,,,,,,,,,,,,,,,,0.0,0.0,0.0,,,,,,-0.214,-0.038,1909.954,0.787,,,,,,,,,,,,,,,,0.0,0.0,0.0,,,,,,,,,,,,,,,,,,,,,,,,,,,,,,,,,,,,4.587,3.184,7856.39,72.598,,,,,,,,,,,,,,,17.649,,,,,,,,,,,,,,,,,,,,,,,,
Cameroon,1984,CMR,9508581.0,24174473216.0,,,,,,,,,,,,,,,,,0.0,0.0,0.0,,,,,,1.698,0.3,1887.65,0.742,,,,,,,,,,,,,,,,0.0,0.0,0.0,,,,,,,,,,,,,,,,,,,,,,,,,,,,,,,,,,,,18.745,13.609,9066.258,86.207,,,,,,,,,,,,,,,17.949,,,,,,,,,,,,,,,,,,,,,,,,
Cameroon,1985,CMR,9804266.0,26344695808.0,,,,,,,,,,,,,,,,,0.0,0.0,0.0,,,,,,6.437,1.155,1948.57,0.725,,,,,,,,,,,,,,,,0.0,0.0,0.0,,,,,,,,,,,,,,,,,,,,,,,,,,,,,,,,,,,,36.663,31.606,12016.511,117.813,,,,,,,,,,,,,,,19.104,,,,,,,,,,,,,,,,,,,,,,,,
Cameroon,1986,CMR,10112711.0,28252385280.0,,,,,,,,,,,,,,,,,0.0,0.0,0.0,,,,,,7.121,1.36,2023.665,0.724,,,,,,,,,,,,,,,,0.0,0.0,0.0,,,,,,,,,,,,,,,,,,,,,,,,,,,,,,,,,,,,-4.324,-5.095,11146.215,112.718,,,,,,,,,,,,,,,20.465,,,,,,,,,,,,,,,,,,,,,,,,
Cameroon,1987,CMR,10433912.0,26852610048.0,,,,,,,,,,,,,,,,,0.0,0.0,0.0,,,,,,-5.08,-1.04,1861.734,0.723,,,,,,,,,,,,,,,,0.0,0.0,0.0,,,,,,,,,,,,,,,,,,,,,,,,,,,,,,,,,,,,-1.695,-1.91,10619.983,110.808,,,,,,,,,,,,,,,19.425,,,,,,,,,,,,,,,,,,,,,,,,
Cameroon,1988,CMR,10759581.0,25616631808.0,,,,,,,,,,,,,,,,,0.0,0.0,0.0,,,,,,0.119,0.023,1807.531,0.759,,,,,,,,,,,,,,,,0.0,0.0,0.0,,,,,,,,,,,,,,,,,,,,,,,,,,,,,,,,,,,,-6.065,-6.721,9673.914,104.087,,,,,,,,,,,,,,,19.448,,,,,,,,,,,,,,,,,,,,,,,,
Cameroon,1989,CMR,11089225.0,23322585088.0,,,,,,,,,,,,,,,,,0.0,0.0,0.0,,,,,,16.068,3.125,2035.604,0.968,,,,,,,,,,,,,,,,0.0,0.0,0.0,,,,,,,,,,,,,,,,,,,,,,,,,,,,,,,,,,,,4.01,4.173,9762.69,108.261,,,,,,,,,,,,,,,22.573,,,,,,,,,,,,,,,,,,,,,,,,
Cameroon,1990,CMR,11430519.0,22937075712.0,,,,,,,,,,,,,,,,,0.0,0.0,0.0,,,,,,0.898,0.203,1992.55,0.993,,,,,,,,,,,,,,,,0.0,0.0,0.0,,,,,,,,,,,,,,,,,,,,,,,,,,,,,,,,,,,,-5.294,-5.731,8969.777,102.529,,,,,,,,,,,,,,,22.776,,,,,,,,,,,,,,,,,,,,,,,,
Cameroon,1991,CMR,11777721.0,22472519680.0,,,,,,,,,,,,,,,,,0.0,0.0,0.0,,,,,,0.913,0.208,1951.461,1.023,,,,,,,,,,,,,,,,0.0,0.0,0.0,,,,,,,,,,,,,,,,,,,,,,,,,,,,,,,,,,,,-4.969,-5.095,8272.788,97.435,,,,,,,,,,,,,,,22.984,,,,,,,,,,,,,,,,,,,,,,,,
Cameroon,1992,CMR,12128609.0,22168713216.0,,,,,,,,,,,,,,,,,0.0,0.0,0.0,,,,,,0.44,0.101,1903.347,1.041,,,,,,,,,,,,,,,,0.0,0.0,0.0,,,,,,,,,,,,,,,,,,,,,,,,,,,,,,,,,,,,-8.246,-8.034,7371.01,89.4,,,,,,,,,,,,,,,23.085,,,,,,,,,,,,,,,,,,,,,,,,
Cameroon,1993,CMR,12486776.0,21846622208.0,,,,,,,,,,,,,,,,,0.0,0.0,0.0,,,,,,-11.526,-2.661,1635.667,0.935,,,,,,,,,,,,,,,,0.0,0.0,0.0,,,,,,,,,,,,,,,,,,,,,,,,,,,,,,,,,,,,-9.534,-8.523,6477.019,80.877,,,,,,,,,,,,,,,20.424,,,,,,,,,,,,,,,,,,,,,,,,
Cameroon,1994,CMR,12848863.0,21686028288.0,,,,,,,,,,,,,,,,,0.0,0.0,0.0,,,,,,6.756,1.38,1696.96,1.005,,,,,,,,,,,,,,,,0.0,0.0,0.0,,,,,,,,,,,,,,,,,,,,,,,,,,,,,,,,,,,,-15.004,-12.135,5350.082,68.742,,,,,,,,,,,,,,,21.804,,,,,,,,,,,,,,,,,,,,,,,,
Cameroon,1995,CMR,13211643.0,22791555072.0,,,,,,,,,,,,,,,,,0.0,0.0,0.0,,,,,,2.405,0.524,1690.048,0.98,,,,,,,,,,,,,,,,0.0,0.0,0.0,,,,,,,,,,,,,,,,,,,,,,,,,,,,,,,,,,,,2.83,1.945,5350.42,70.688,,,,,,,,,,,,,,,22.328,,,,,,,,,,,,,,,,,,,,,,,,
Cameroon,1996,CMR,13575327.0,24336672768.0,,,,,,,,,,,,,,,,,0.0,0.0,0.0,,,,,,-0.418,-0.093,1637.894,0.914,,,,,,,,,,,,,,,,0.0,0.0,0.0,,,,,,,,,,,,,,,,,,,,,,,,,,,,,,,,,,,,-2.421,-1.712,5081.002,68.976,,,,,,,,,,,,,,,22.235,,,,,,,,,,,,,,,,,,,,,,,,
Cameroon,1997,CMR,13941183.0,26071126016.0,,,,,,,,,,,,,,,,,0.0,0.0,0.0,,,,,,5.038,1.12,1675.268,0.896,,,,,,,,,,,,,,,,0.0,0.0,0.0,,,,,,,,,,,,,,,,,,,,,,,,,,,,,,,,,,,,14.484,9.99,5664.268,78.967,,,,,,,,,,,,,,,23.355,,,,,,,,,,,,,,,,,,,,,,,,
Cameroon,1998,CMR,14314604.0,27818774528.0,,,,,,,,,,,,,,,,,0.0,0.0,0.0,,,,,,0.007,0.002,1631.682,0.84,,,,,,,,,,,,,,,,0.0,0.0,0.0,,,,,,,,,,,,,,,,,,,,,,,,,,,,,,,,,,,,-2.419,-1.91,5383.042,77.056,,,,,,,,,,,,,,,23.357,,,,,,,,,,,,,,,,,,,,,,,,
Cameroon,1999,CMR,14698975.0,29453676544.0,,,,,,,,,,,,,,,,,0.0,0.0,0.0,,,,,,-1.996,-0.466,1557.304,0.777,,,,,,,,,,,,,,,,0.0,0.0,0.0,,,,,,,,,,,,,,,,,,,,,,,,,,,,,,,,,,,,-17.355,-13.373,4332.461,63.683,,,,,,,,,,,,,,,22.891,,,,,,,,,,,,,,,,,,,,,,,,
Cameroon,2000,CMR,15091598.0,31207909376.0,,,,,0.0,0.0,0.0,,31.884,,,,,0.0,0.0,,0.0,0.0,0.0,0.0,,3.45,3.45,,3.876,0.887,1575.576,0.762,,,2.65,0.04,,,1.159,,,,,0.0,0.0,,,0.0,0.0,0.0,0.0,,0.11,,,,225.954,3.41,,98.841,,,,,225.954,3.41,,98.841,,0.0,0.0,,,,0.0,0.0,,0.0,,,,,2.65,0.04,,-14.945,-9.518,3589.098,54.165,1.159,,,0.0,0.0,,,0.0,0.0,,0.0,0.0,,228.604,23.778,,,,225.954,3.41,,98.841,,,,,0.0,0.0,,0.0,,,,,0.0,0.0,,0.0,
Cameroon,2001,CMR,15493256.0,33174106112.0,,,,,0.0,0.0,0.0,,34.286,,,,,0.0,0.0,,0.0,0.0,0.0,0.0,,3.5,3.5,,-0.321,-0.076,1529.81,0.714,,,3.873,0.06,,,1.714,,,,,0.0,0.0,,,0.0,0.0,0.0,0.0,,0.12,,,,222.032,3.44,,98.286,,,,,222.032,3.44,,98.286,,0.0,0.0,,,,0.0,0.0,,0.0,,,,,3.873,0.06,,-9.886,-5.355,3150.444,48.811,1.714,,,0.0,0.0,,,0.0,0.0,,0.0,0.0,,225.905,23.702,,,,222.032,3.44,,98.286,,,,,0.0,0.0,,0.0,,,,,0.0,0.0,,0.0,
Cameroon,2002,CMR,15914029.0,35058536448.0,,,,,0.0,0.0,0.0,,49.08,,,,,0.0,0.0,,0.0,0.0,0.0,0.0,,3.26,3.26,,-1.47,-0.348,1467.472,0.666,,,6.912,0.11,,,3.374,,,,,0.0,0.0,,,0.0,0.0,0.0,0.0,,0.16,,,,197.939,3.15,,96.626,,,,,197.939,3.15,,96.626,,0.0,0.0,,,,0.0,0.0,,0.0,,,,,6.912,0.11,,-8.908,-4.348,2793.935,44.463,3.374,,,0.0,0.0,,,0.0,0.0,,0.0,0.0,,204.851,23.353,,,,197.939,3.15,,96.626,,,,,0.0,0.0,,0.0,,,,,0.0,0.0,,0.0,
Cameroon,2003,CMR,16354324.0,37066948608.0,,,,,0.0,0.0,0.0,,52.198,,,,,0.0,0.0,,0.0,0.0,0.0,0.0,,3.64,3.64,,7.122,1.663,1529.664,0.675,,,9.172,0.15,,,4.121,,,,,0.0,0.0,,,0.0,0.0,0.0,0.0,,0.19,,,,213.399,3.49,,95.879,,,,,213.399,3.49,,95.879,,0.0,0.0,,,,0.0,0.0,,0.0,,,,,9.172,0.15,,-4.038,-1.795,2608.939,42.667,4.121,,,0.0,0.0,,,0.0,0.0,,0.0,0.0,,222.571,25.017,,,,213.399,3.49,,95.879,,,,,0.0,0.0,,0.0,,,,,0.0,0.0,,0.0,
Cameroon,2004,CMR,16809406.0,39050518528.0,,,,,0.0,0.0,0.0,,54.187,,,,,0.0,0.0,,0.0,0.0,0.0,0.0,,4.06,4.06,,4.243,1.061,1551.4,0.668,,,10.708,0.18,,,4.433,,,,,0.0,0.0,,,0.0,0.0,0.0,0.0,,0.22,,,,230.823,3.88,,95.567,,,,,230.823,3.88,,95.567,,0.0,0.0,,,,0.0,0.0,,0.0,,,,,10.708,0.18,,-1.239,-0.529,2506.857,42.139,4.433,,,0.0,0.0,,,0.0,0.0,,0.0,0.0,,241.531,26.078,,,,230.823,3.88,,95.567,,,,,0.0,0.0,,0.0,,,,,0.0,0.0,,0.0,
Cameroon,2005,CMR,17275174.0,40566829056.0,,,,,0.0,0.0,0.0,,60.759,,,,,0.0,0.0,,0.0,0.0,0.0,0.0,,3.95,3.95,,-3.489,-0.91,1456.898,0.62,,,12.735,0.22,,,5.57,,,,,0.0,0.0,,,0.217,12.557,0.217,0.0,,0.24,,,,215.917,3.73,,94.43,,,,,215.917,3.73,,94.43,,0.0,0.0,,,,0.0,0.0,,0.0,,,,,12.735,0.22,,24.4,10.282,3034.441,52.42,5.57,,,0.0,0.0,,,0.0,0.0,,0.0,0.0,,228.652,25.168,,,,215.917,3.73,,94.43,,,,,0.0,0.0,,0.0,,,,,0.0,0.0,,0.0,
Cameroon,2006,CMR,17751338.0,42544930816.0,,,,,0.0,0.0,0.0,,107.062,,,,,0.0,0.0,,0.0,0.0,0.0,0.0,,4.39,4.39,,13.314,3.351,1606.583,0.67,,,30.42,0.54,,,12.301,,,,,0.0,0.0,,0.0,0.0,12.22,0.217,0.0,,0.47,,,,216.885,3.85,,87.699,,,,,216.885,3.85,,87.699,,0.0,0.0,,,,0.0,0.0,,0.0,,,,,30.42,0.54,,4.966,2.603,3099.689,55.024,12.301,,,0.0,0.0,,,0.0,0.0,,0.0,0.0,,247.305,28.519,,,,216.885,3.85,,87.699,,,,,0.0,0.0,,0.0,,,,,0.0,0.0,,0.0,
Cameroon,2007,CMR,18251868.0,44641144832.0,,,,,0.0,0.0,0.0,,190.099,,,,,0.0,0.0,,0.0,0.0,0.0,0.0,,5.05,5.05,,5.431,1.549,1647.382,0.674,,,67.938,1.24,,,24.554,,,,,0.0,0.0,,0.0,0.0,11.885,0.217,0.0,,0.96,,,,208.746,3.81,,75.446,,,,,208.746,3.81,,75.446,,0.0,0.0,,,,0.0,0.0,,0.0,,,,,67.938,1.24,,-4.138,-2.277,2889.938,52.747,24.554,,,0.0,0.0,,,0.0,0.0,,0.0,0.0,,276.684,30.068,,,,208.746,3.81,,75.446,,,,,0.0,0.0,,0.0,,,,,0.0,0.0,,0.0,
Cameroon,2008,CMR,18777082.0,46686605312.0,,,,,0.0,0.0,0.0,,182.482,,,,,0.0,0.0,,0.0,0.0,0.0,0.0,,5.48,5.48,,1.51,0.454,1625.477,0.654,,,68.701,1.29,,,23.54,,,,,0.0,0.0,,0.0,0.0,11.552,0.217,0.0,,1.0,,,,223.144,4.19,,76.46,,,,,223.144,4.19,,76.46,,0.0,0.0,,,,0.0,0.0,,0.0,,,,,68.701,1.29,,-1.545,-0.815,2765.71,51.932,23.54,,,0.0,0.0,,,0.0,0.0,,0.0,0.0,,291.845,30.522,,,,223.144,4.19,,76.46,,,,,0.0,0.0,,0.0,,,,,0.0,0.0,,0.0,
Cameroon,2009,CMR,19319276.0,48395714560.0,,,,,0.0,0.0,0.0,,217.235,,,,,0.0,0.0,,0.0,0.0,0.0,0.0,,5.57,5.57,,7.336,2.239,1695.753,0.677,,,82.301,1.59,,,28.546,,,,,0.0,0.0,,0.0,0.0,11.228,0.217,0.0,,1.21,,,,206.012,3.98,,71.454,,,,,206.012,3.98,,71.454,,0.0,0.0,,,,0.0,0.0,,0.0,,,,,82.301,1.59,,-5.695,-2.957,2535.014,48.975,28.546,,,0.0,0.0,,,0.0,0.0,,0.0,0.0,,288.313,32.761,,,,206.012,3.98,,71.454,,,,,0.0,0.0,,0.0,,,,,0.0,0.0,,0.0,
Cameroon,2010,CMR,19878044.0,50826797056.0,,,,,0.0,0.0,0.0,,199.65,,,,,0.0,0.0,,0.0,0.0,0.0,0.0,,5.71,5.71,,14.445,4.732,1886.151,0.738,,,74.957,1.49,,,26.095,,,,,0.0,0.0,,950.0,2.061,114.58,2.278,0.0,,1.14,,,,212.295,4.22,,73.905,,,,,212.295,4.22,,73.905,,0.0,0.0,,,,0.0,0.0,,0.0,,,,,74.957,1.49,,-15.479,-7.581,2082.385,41.394,26.095,,,0.0,0.0,,,0.0,0.0,,0.0,0.0,,287.252,37.493,,,,212.295,4.22,,73.905,,,,,0.0,0.0,,0.0,,,,,0.0,0.0,,0.0,
Cameroon,2011,CMR,20448880.0,53836398592.0,,,,,0.0,0.0,0.0,,186.736,,,,,0.0,0.0,,0.0,0.0,0.0,0.0,,5.73,5.73,,5.329,1.998,1931.21,0.734,,,67.485,1.38,,,24.084,,,,,0.0,0.0,,-28.571,-0.651,79.558,1.627,0.0,,1.07,,,,212.726,4.35,,75.916,,,,,212.726,4.35,,75.916,,0.0,0.0,,,,0.0,0.0,,0.0,,,,,67.485,1.38,,-5.138,-2.127,1920.248,39.267,24.084,,,0.0,0.0,,,0.0,0.0,,0.0,0.0,,280.211,39.491,,,,212.726,4.35,,75.916,,,,,0.0,0.0,,0.0,,,,,0.0,0.0,,0.0,
Cameroon,2012,CMR,21032684.0,56362106880.0,,,,,0.0,0.0,0.0,,162.264,,,,,0.0,0.0,,0.0,0.0,0.0,0.0,,6.43,5.3,,-0.225,-0.089,1873.383,0.699,,,51.824,1.09,,,20.566,,,,,0.0,0.0,,81.333,1.323,140.261,2.95,0.0,,0.86,,,,200.165,4.21,,79.434,,,,,200.165,4.21,,79.434,,1.13,17.574,,,,0.0,0.0,,0.0,,,,,51.824,1.09,,2.453,0.963,1912.738,40.23,20.566,,,0.0,0.0,,,0.0,0.0,,0.0,0.0,,251.989,39.402,,,,200.165,4.21,,79.434,,,,,0.0,0.0,,0.0,,,,,0.0,0.0,,0.0,
Cameroon,2013,CMR,21632852.0,59554578432.0,,,,,0.0,0.0,0.0,,222.764,,,,,0.0,0.0,,0.0,0.0,0.0,0.0,,6.9,6.15,,-12.14,-4.783,1600.295,0.581,,,84.131,1.82,,,29.593,,,,,0.0,0.0,,-100.0,-2.95,0.0,0.0,0.0,,1.37,,,,200.159,4.33,,70.407,,,,,200.159,4.33,,70.407,,0.75,10.87,,,,0.0,0.0,,0.0,,,,,84.131,1.82,,-0.659,-0.265,1847.413,39.965,29.593,,,0.0,0.0,,,0.0,0.0,,0.0,0.0,,284.29,34.619,,,,200.159,4.33,,70.407,,,,,0.0,0.0,,0.0,,,,,0.0,0.0,,0.0,
Cameroon,2014,CMR,22299590.0,63390306304.0,,,,,0.0,0.0,0.0,,259.37,,,,,0.0,0.0,,0.0,0.0,0.0,0.0,,7.4,6.67,,25.063,8.677,1941.542,0.683,,,104.486,2.33,,,34.933,,,,,0.0,0.0,,9.323216763627764e+17,5.087,228.108,5.087,0.0,,1.73,,,,194.174,4.33,,64.918,,,,,194.622,4.34,,65.067,,0.73,9.865,,,,0.0,0.0,,0.0,,,,,104.486,2.33,,19.51,7.797,2141.834,47.762,34.933,,,0.0,0.0,,,0.0,0.0,,0.0,0.0,,299.109,43.296,,,,194.622,4.34,,65.067,,,,,0.448,0.01,,0.15,,,,,0.0,0.0,,0.0,
Cameroon,2015,CMR,23012650.0,67430903808.0,,,,,0.0,0.0,0.0,,319.481,,,,,0.0,0.0,,0.0,0.0,0.0,0.0,,7.72,7.7,,0.373,0.161,1888.393,0.644,,,146.441,3.37,,,43.766,,,,,0.0,0.0,,44.989,2.288,320.484,7.375,0.0,,2.46,,,,187.723,4.32,,56.104,,,,,188.157,4.33,,56.234,,0.02,0.259,,,,0.0,0.0,,0.0,,,,,146.441,3.37,,30.667,14.647,2711.945,62.409,43.766,,,0.0,0.0,,,0.0,0.0,,0.0,0.0,,334.599,43.457,,,,188.157,4.33,,56.234,,,,,0.435,0.01,,0.13,,,,,0.0,0.0,,0.0,
Cameroon,2016,CMR,23711626.0,70686400512.0,,,,,0.0,0.0,0.0,,276.012,,,,,0.0,0.0,,0.0,0.0,0.0,0.0,,6.94,6.92,,-2.564,-1.114,1785.731,0.599,,,108.807,2.58,,,37.283,,,,,0.0,0.0,,5.882,0.434,329.333,7.809,0.0,,1.91,,,,182.611,4.33,,62.572,,,,,183.033,4.34,,62.717,,0.02,0.288,,,,0.0,0.0,,0.0,,,,,108.807,2.58,,-5.865,-3.66,2477.628,58.749,37.283,,,0.0,0.0,,,0.0,0.0,,0.0,0.0,,291.84,42.343,,,,183.033,4.34,,62.717,,,,,0.422,0.01,,0.145,,,,,0.0,0.0,,0.0,
Cameroon,2017,CMR,24393182.0,73195061248.0,,,,,0.0,0.0,0.0,,264.031,,,,,0.0,0.0,,,,,0.0,,7.86,7.84,,1.59,0.673,1763.443,0.588,,,113.966,2.78,,,35.459,,,,,0.0,0.0,,,,,,0.0,,2.07,,,,206.615,5.04,,64.286,,,,,207.435,5.06,,64.541,,0.02,0.254,,,,0.0,0.0,,0.0,,,,,113.966,2.78,,,,,,35.459,,,0.0,0.0,,,0.0,0.0,,0.0,0.0,,321.401,43.016,,,,207.435,5.06,,64.541,,,,,0.82,0.02,,0.255,,,,,0.0,0.0,,0.0,
Cameroon,2018,CMR,25076752.0,76168241152.0,,,,,0.0,0.0,0.0,,292.271,,,,,0.0,0.0,,,,,0.0,,8.3,8.28,,1.829,0.787,1746.755,0.575,,,131.197,3.29,,,39.734,,,,,0.0,0.0,,,,,,0.0,,2.42,,,,198.192,4.97,,60.024,,,,,198.989,4.99,,60.266,,0.02,0.241,,,,0.0,0.0,,0.0,,,,,131.197,3.29,,,,,,39.734,,,0.0,0.0,,,0.0,0.0,,0.0,0.0,,330.186,43.803,,,,198.989,4.99,,60.266,,,,,0.798,0.02,,0.242,,,,,0.0,0.0,,0.0,
Cameroon,2019,CMR,25782342.0,,,,,,0.0,0.0,0.0,,265.868,,,,,0.0,0.0,,,,,0.0,,8.37,8.35,,1.254,0.549,1720.249,,,,115.971,2.99,,,35.808,,,,,0.0,0.0,,,,,,0.0,,2.22,,,,207.119,5.34,,63.952,,,,,207.894,5.36,,64.192,,0.02,0.239,,,,0.0,0.0,,0.0,,,,,115.971,2.99,,,,,,35.808,,,0.0,0.0,,,0.0,0.0,,0.0,0.0,,323.865,44.352,,,,207.894,5.36,,64.192,,,,,0.776,0.02,,0.24,,,,,0.0,0.0,,0.0,
Cameroon,2020,CMR,26491090.0,,,,,,0.0,0.0,0.0,,255.73,,,,,0.0,0.0,,,,,0.0,,8.31,8.29,,5.011,2.222,1758.121,,,,107.206,2.84,,,34.258,,,,,0.0,0.0,,,,,,0.0,,2.12,,,,204.975,5.43,,65.501,,,,,205.73,5.45,,65.742,,0.02,0.241,,,,0.0,0.0,,0.0,,,,,107.206,2.84,,,,,,34.258,,,0.0,0.0,,,0.0,0.0,,0.0,0.0,,312.935,46.575,,,,205.73,5.45,,65.742,,,,,0.755,0.02,,0.241,,,,,0.0,0.0,,0.0,
Cameroon,2021,CMR,27198632.0,,,,,,0.0,0.0,0.0,,278.261,,,,,0.0,0.0,,,,,0.0,,8.07,8.05,,-6.936,-3.23,1593.62,,,,111.403,3.03,,,37.64,,,,,0.0,0.0,,,,,,0.0,,2.24,,,,183.833,5.0,,62.112,,,,,184.568,5.02,,62.36,,0.02,0.248,,,,0.0,0.0,,0.0,,,,,111.403,3.03,,,,,,37.64,,,0.0,0.0,,,0.0,0.0,,0.0,0.0,,295.971,43.344,,,,184.568,5.02,,62.36,,,,,0.735,0.02,,0.248,,,,,0.0,0.0,,0.0,
Canada,1900,CAN,5414425.0,25320480768.0,,,,,,,,,,,,,,,,,,7880.242,42.667,,,,,,,,,,,,,,,,,,,,,,,,,,0.0,0.0,,,,,,,,,,,,,,,,,,,,,,,,,,,,,,,,,,,,,,262.052,1.419,,,,,,,,,,,,,,,,,,,,,,,,,,,,,,,,,,,,,,,
Canada,1901,CAN,5526732.0,27331231744.0,,,,,,,,,,,,,,,,12.269,5.235,8667.264,47.902,,,,,,,,,,,,,,,,,,,,,,,,,0.0,0.0,0.0,,,,,,,,,,,,,,,,,,,,,,,,,,,,,,,,,,,,-17.213,-0.244,212.536,1.175,,,,,,,,,,,,,,,,,,,,,,,,,,,,,,,,,,,,,,,
Canada,1902,CAN,5660474.0,30001500160.0,,,,,,,,,,,,,,,,15.126,7.245,9742.494,55.147,,,,,,,,,,,,,,,,,,,,,,,,,0.0,0.0,0.0,,,,,,,,,,,,,,,,,,,,,,,,,,,,,,,,,,,,-29.703,-0.349,145.876,0.826,,,,,,,,,,,,,,,,,,,,,,,,,,,,,,,,,,,,,,,
Canada,1903,CAN,5816421.0,30890283008.0,,,,,,,,,,,,,,,,6.599,3.639,10106.93,58.786,,,,,,,,,,,,,,,,,,,,,,,,,0.0,0.0,0.0,,,,,,,,,,,,,,,,,,,,,,,,,,,,,,,,,,,,-8.451,-0.07,129.968,0.756,,,,,,,,,,,,,,,,,,,,,,,,,,,,,,,,,,,,,,,
Canada,1904,CAN,5976663.0,31336632320.0,,,,,,,,,,,,,,,,3.711,2.182,10201.002,60.968,,,,,,,,,,,,,,,,,,,,,,,,,0.0,0.0,0.0,,,,,,,,,,,,,,,,,,,,,,,,,,,,,,,,,,,,13.846,0.105,143.997,0.861,,,,,,,,,,,,,,,,,,,,,,,,,,,,,,,,,,,,,,,
Canada,1905,CAN,6141319.0,35010547712.0,,,,,,,,,,,,,,,,5.234,3.191,10447.14,64.159,,,,,,,,,,,,,,,,,,,,,,,,,0.0,0.0,0.0,,,,,,,,,,,,,,,,,,,,,,,,,,,,,,,,,,,,14.865,0.128,160.967,0.989,,,,,,,,,,,,,,,,,,,,,,,,,,,,,,,,,,,,,,,
Canada,1906,CAN,6310511.0,38508658688.0,,,,,,,,,,,,,,,,12.384,7.946,11426.148,72.105,,,,,,,,,,,,,,,,,,,,,,,,,0.0,0.0,0.0,,,,,,,,,,,,,,,,,,,,,,,,,,,,,,,,,,,,-10.588,-0.105,140.065,0.884,,,,,,,,,,,,,,,,,,,,,,,,,,,,,,,,,,,,,,,
Canada,1907,CAN,6484363.0,40743493632.0,,,,,,,,,,,,,,,,7.655,5.52,11971.02,77.624,,,,,,,,,,,,,,,,,,,,,,,,,0.0,0.0,0.0,,,,,,,,,,,,,,,,,,,,,,,,,,,,,,,,,,,,38.158,0.337,188.322,1.221,,,,,,,,,,,,,,,,,,,,,,,,,,,,,,,,,,,,,,,
Canada,1908,CAN,6663003.0,38793220096.0,,,,,,,,,,,,,,,,3.566,2.768,12065.486,80.392,,,,,,,,,,,,,,,,,,,,,,,,,0.0,0.0,0.0,,,,,,,,,,,,,,,,,,,,,,,,,,,,,,,,,,,,-33.333,-0.407,122.182,0.814,,,,,,,,,,,,,,,,,,,,,,,,,,,,,,,,,,,,,,,
Canada,1909,CAN,6835990.0,42916040704.0,,,,,,,,,,,,,,,,-3.534,-2.841,11344.54,77.551,,,,,,,,,,,,,,,,,,,,,,,,,0.0,0.0,0.0,,,,,,,,,,,,,,,,,,,,,,,,,,,,,,,,,,,,-20.0,-0.163,95.272,0.651,,,,,,,,,,,,,,,,,,,,,,,,,,,,,,,,,,,,,,,
Canada,1910,CAN,7002961.0,46585430016.0,,,,,,,,,,,,,,,,22.937,17.788,13614.134,95.339,,,,,,,,,,,,,,,,,,,,,,,,,3.872,552.935,3.872,,,,,,,,,,,,,,,,,,,,,,,,,,,,,,,,,,,,-25.0,-0.163,69.75,0.488,,,,,,,,,,,,,,,,,,,,,,,,,,,,,,,,,,,,,,,
Canada,1911,CAN,7163537.0,49758150656.0,,,,,,,,,,,,,,,,-12.288,-11.715,11673.612,83.624,,,,,,,,,,,,,,,,,,,,,,,,2.323,0.09,553.099,3.962,,,,,,,,,,,,,,,,,,,,,,,,,,,,,,,,,,,,-7.143,-0.035,63.316,0.454,,,,,,,,,,,,,,,,,,,,,,,,,,,,,,,,,,,,,,,
Canada,1912,CAN,7317326.0,53039153152.0,,,,,,,,,,,,,,,,28.174,23.56,14648.029,107.184,,,,,,,,,,,,,,,,,,,,,,,,2.27,0.09,553.769,4.052,,,,,,,,,,,,,,,,,,,,,,,,,,,,,,,,,,,,-17.949,-0.081,50.86,0.372,,,,,,,,,,,,,,,,,,,,,,,,,,,,,,,,,,,,,,,
Canada,1913,CAN,7463921.0,55654977536.0,,,,,,,,,,,,,,,,3.433,3.68,14853.337,110.864,,,,,,,,,,,,,,,,,,,,,,,,2.22,0.09,554.945,4.142,,,,,,,,,,,,,,,,,,,,,,,,,,,,,,,,,,,,-6.25,-0.023,46.745,0.349,,,,,,,,,,,,,,,,,,,,,,,,,,,,,,,,,,,,,,,
Canada,1914,CAN,7613451.0,51924688896.0,,,,,,,,,,,,,,,,-9.15,-10.144,13229.277,100.72,,,,,,,,,,,,,,,,,,,,,,,,2.172,0.09,555.862,4.232,,,,,,,,,,,,,,,,,,,,,,,,,,,,,,,,,,,,-3.333,-0.012,44.299,0.337,,,,,,,,,,,,,,,,,,,,,,,,,,,,,,,,,,,,,,,
Canada,1915,CAN,7765975.0,55264677888.0,,,,,,,,,,,,,,,,-2.724,-2.744,12616.18,97.977,,,,,,,,,,,,,,,,,,,,,,,,2.126,0.09,556.528,4.322,,,,,,,,,,,,,,,,,,,,,,,,,,,,,,,,,,,,0.0,0.0,43.429,0.337,,,,,,,,,,,,,,,,,,,,,,,,,,,,,,,,,,,,,,,
Canada,1916,CAN,7921554.0,60832882688.0,,,,,,,,,,,,,,,,9.165,8.98,13501.954,106.956,,,,,,,,,,,,,,,,,,,,,,,,2.081,0.09,556.954,4.412,,,,,,,,,,,,,,,,,,,,,,,,,,,,,,,,,,,,-10.345,-0.035,38.172,0.302,,,,,,,,,,,,,,,,,,,,,,,,,,,,,,,,,,,,,,,
Canada,1917,CAN,8080249.0,63343882240.0,,,,,,,,,,,,,,,,-3.007,-3.216,12838.808,103.741,,,,,,,,,,,,,,,,,,,,,,,,2.039,0.09,557.149,4.502,,,,,,,,,,,,,,,,,,,,,,,,,,,,,,,,,,,,11.538,0.035,41.74,0.337,,,,,,,,,,,,,,,,,,,,,,,,,,,,,,,,,,,,,,,
Canada,1918,CAN,8245222.0,59279544320.0,,,,,,,,,,,,,,,,20.447,21.212,15154.58,124.953,,,,,,,,,,,,,,,,,,,,,,,,1.998,0.09,556.912,4.592,,,,,,,,,,,,,,,,,,,,,,,,,,,,,,,,,,,,41.379,0.14,57.831,0.477,,,,,,,,,,,,,,,,,,,,,,,,,,,,,,,,,,,,,,,
Canada,1919,CAN,8408944.0,54758486016.0,,,,,,,,,,,,,,,,-7.272,-9.087,13778.899,115.866,,,,,,,,,,,,,,,,,,,,,,,,1.959,0.09,556.767,4.682,,,,,,,,,,,,,,,,,,,,,,,,,,,,,,,,,,,,-21.951,-0.105,44.258,0.372,,,,,,,,,,,,,,,,,,,,,,,,,,,,,,,,,,,,,,,
Canada,1920,CAN,8571309.0,54142889984.0,,,,,,,,,,,,,,,,22.192,25.713,16517.75,141.579,,,,,,,,,,,,,,,,,,,,,,,,1.921,0.09,556.716,4.772,,,,,,,,,,,,,,,,,,,,,,,,,,,,,,,,,,,,-18.75,-0.07,35.278,0.302,,,,,,,,,,,,,,,,,,,,,,,,,,,,,,,,,,,,,,,
Canada,1921,CAN,8732206.0,48308826112.0,,,,,,,,,,,,,,,,-11.165,-15.808,14403.099,125.771,,,,,,,,,,,,,,,,,,,,,,,,1.885,0.09,556.76,4.862,,,,,,,,,,,,,,,,,,,,,,,,,,,,,,,,,,,,3.846,0.012,35.96,0.314,,,,,,,,,,,,,,,,,,,,,,,,,,,,,,,,,,,,,,,
Canada,1922,CAN,8891519.0,55375314944.0,,,,,,,,,,,,,,,,1.317,1.657,14331.339,127.427,,,,,,,,,,,,,,,,,,,,,,,,1.85,0.09,556.902,4.952,,,,,,,,,,,,,,,,,,,,,,,,,,,,,,,,,,,,-3.704,-0.012,34.008,0.302,,,,,,,,,,,,,,,,,,,,,,,,,,,,,,,,,,,,,,,
Canada,1923,CAN,9049130.0,58664529920.0,,,,,,,,,,,,,,,,10.965,13.973,15625.812,141.4,,,,,,,,,,,,,,,,,,,,,,,,10.308,0.51,603.608,5.462,,,,,,,,,,,,,,,,,,,,,,,,,,,,,,,,,,,,-3.846,-0.012,32.13,0.291,,,,,,,,,,,,,,,,,,,,,,,,,,,,,,,,,,,,,,,
Canada,1924,CAN,9209535.0,59548565504.0,,,,,,,,,,,,,,,,-17.573,-24.848,12655.562,116.552,,,,,,,,,,,,,,,,,,,,,,,,9.345,0.51,648.518,5.973,,,,,,,,,,,,,,,,,,,,,,,,,,,,,,,,,,,,-8.0,-0.023,29.045,0.267,,,,,,,,,,,,,,,,,,,,,,,,,,,,,,,,,,,,,,,
Canada,1925,CAN,9372783.0,66059980800.0,,,,,,,,,,,,,,,,-2.95,-3.438,12068.322,113.114,,,,,,,,,,,,,,,,,,,,,,,,8.546,0.51,691.681,6.483,,,,,,,,,,,,,,,,,,,,,,,,,,,,,,,,,,,,108.696,0.291,59.56,0.558,,,,,,,,,,,,,,,,,,,,,,,,,,,,,,,,,,,,,,,
Canada,1926,CAN,9538925.0,69622784000.0,,,,,,,,,,,,,,,,21.701,24.546,14431.413,137.66,,,,,,,,,,,,,,,,,,,,,,,,7.873,0.51,733.143,6.993,,,,,,,,,,,,,,,,,,,,,,,,,,,,,,,,,,,,-2.083,-0.012,57.303,0.547,,,,,,,,,,,,,,,,,,,,,,,,,,,,,,,,,,,,,,,
Canada,1927,CAN,9708012.0,76526026752.0,,,,,,,,,,,,,,,,5.832,8.028,15006.997,145.688,,,,,,,,,,,,,,,,,,,,,,,,7.299,0.51,772.952,7.504,,,,,,,,,,,,,,,,,,,,,,,,,,,,,,,,,,,,29.787,0.163,73.077,0.709,,,,,,,,,,,,,,,,,,,,,,,,,,,,,,,,,,,,,,,
Canada,1928,CAN,9880096.0,83322109952.0,,,,,,,,,,,,,,,,0.777,1.132,14860.181,146.82,,,,,,,,,,,,,,,,,,,,,,,,6.802,0.51,811.151,8.014,,,,,,,,,,,,,,,,,,,,,,,,,,,,,,,,,,,,31.148,0.221,94.169,0.93,,,,,,,,,,,,,,,,,,,,,,,,,,,,,,,,,,,,,,,
Canada,1929,CAN,10041248.0,83202572288.0,,,,,,,,,,,,,,,,0.021,0.031,14624.737,146.851,,,,,,,,,,,,,,,,,,,,,,,,3.319,0.266,824.62,8.28,,,,,,,,,,,,,,,,,,,,,,,,,,,,,,,,,,,,80.0,0.744,166.784,1.675,,,,,,,,,,,,,,,,,,,,,,,,,,,,,,,,,,,,,,,
Canada,1930,CAN,10191122.0,80432472064.0,,,,,,,,,,,,,,,,-14.713,-21.605,12289.639,125.245,,,,,,,,,,,,,,,,,,,,,,,,3.212,0.266,838.591,8.546,,,,,,,,,,,,,,,,,,,,,,,,,,,,,,,,,,,,36.111,0.605,223.673,2.279,,,,,,,,,,,,,,,,,,,,,,,,,,,,,,,,,,,,,,,
Canada,1931,CAN,10329362.0,68012974080.0,,,,,,,,,,,,,,,,-25.453,-31.878,9038.963,93.367,,,,,,,,,,,,,,,,,,,,,,,,3.112,0.266,853.117,8.812,,,,,,,,,,,,,,,,,,,,,,,,,,,,,,,,,,,,1.02,0.023,222.931,2.303,,,,,,,,,,,,,,,,,,,,,,,,,,,,,,,,,,,,,,,
Canada,1932,CAN,10455609.0,63166488576.0,,,,,,,,,,,,,,,,-2.92,-2.726,8669.063,90.64,,,,,,,,,,,,,,,,,,,,,,,,3.018,0.266,868.254,9.078,,,,,,,,,,,,,,,,,,,,,,,,,,,,,,,,,,,,-32.323,-0.744,149.051,1.558,,,,,,,,,,,,,,,,,,,,,,,,,,,,,,,,,,,,,,,
Canada,1933,CAN,10569491.0,58656866304.0,,,,,,,,,,,,,,,,1.549,1.404,8708.492,92.044,,,,,,,,,,,,,,,,,,,,,,,,2.93,0.266,884.063,9.344,,,,,,,,,,,,,,,,,,,,,,,,,,,,,,,,,,,,9.701,0.151,161.75,1.71,,,,,,,,,,,,,,,,,,,,,,,,,,,,,,,,,,,,,,,
Canada,1934,CAN,10684614.0,64889491456.0,,,,,,,,,,,,,,,,15.216,14.006,9925.479,106.05,,,,,,,,,,,,,,,,,,,,,,,,2.846,0.266,899.43,9.61,,,,,,,,,,,,,,,,,,,,,,,,,,,,,,,,,,,,23.129,0.395,197.015,2.105,,,,,,,,,,,,,,,,,,,,,,,,,,,,,,,,,,,,,,,
Canada,1935,CAN,10800991.0,70134530048.0,,,,,,,,,,,,,,,,0.591,0.627,9876.583,106.677,,,,,,,,,,,,,,,,,,,,,,,,2.768,0.266,914.363,9.876,,,,,,,,,,,,,,,,,,,,,,,,,,,,,,,,,,,,2.762,0.058,200.276,2.163,,,,,,,,,,,,,,,,,,,,,,,,,,,,,,,,,,,,,,,
Canada,1936,CAN,10918635.0,73911484416.0,,,,,,,,,,,,,,,,9.698,10.345,10717.636,117.022,,,,,,,,,,,,,,,,,,,,,,,,2.693,0.266,928.87,10.142,,,,,,,,,,,,,,,,,,,,,,,,,,,,,,,,,,,,3.763,0.081,205.574,2.245,,,,,,,,,,,,,,,,,,,,,,,,,,,,,,,,,,,,,,,
Canada,1937,CAN,11037560.0,80861331456.0,,,,,,,,,,,,,,,,3.938,4.608,11019.651,121.63,,,,,,,,,,,,,,,,,,,,,,,,2.622,0.266,942.959,10.408,,,,,,,,,,,,,,,,,,,,,,,,,,,,,,,,,,,,60.104,1.349,325.586,3.594,,,,,,,,,,,,,,,,,,,,,,,,,,,,,,,,,,,,,,,
Canada,1938,CAN,11157781.0,82981191680.0,,,,,,,,,,,,,,,,-9.462,-11.508,9869.492,110.122,,,,,,,,,,,,,,,,,,,,,,,,5.875,0.611,987.601,11.019,,,,,,,,,,,,,,,,,,,,,,,,,,,,,,,,,,,,182.524,6.559,909.947,10.153,,,,,,,,,,,,,,,,,,,,,,,,,,,,,,,,,,,,,,,
Canada,1939,CAN,11296195.0,87932002304.0,,,,,,,,,,,,,,,,9.121,10.044,10637.679,120.165,,,,,,,,,,,,,,,,,,,,,,,,5.549,0.611,1029.63,11.631,,,,,,,,,,,,,,,,,,,,,,,,,,,,,,,,,,,,16.495,1.675,1047.053,11.828,,,,,,,,,,,,,,,,,,,,,,,,,,,,,,,,,,,,,,,
Canada,1940,CAN,11453308.0,100014219264.0,,,,,,,,,,,,,,,,12.027,14.452,11753.556,134.617,,,,,,,,,,,,,,,,,,,,,,,,5.257,0.611,1068.893,12.242,,,,,,,,,,,,,,,,,,,,,,,,,,,,,,,,,,,,10.914,1.291,1145.402,13.119,,,,,,,,,,,,,,,,,,,,,,,,,,,,,,,,,,,,,,,
Canada,1941,CAN,11629639.0,113984610304.0,,,,,,,,,,,,,,,,4.358,5.867,12079.855,140.484,,,,,,,,,,,,,,,,,,,,,,,,4.995,0.611,1105.265,12.854,,,,,,,,,,,,,,,,,,,,,,,,,,,,,,,,,,,,17.908,2.349,1330.041,15.468,,,,,,,,,,,,,,,,,,,,,,,,,,,,,,,,,,,,,,,
Canada,1942,CAN,11825718.0,134172491776.0,,,,,,,,,,,,,,,,3.295,4.629,12270.976,145.113,,,,,,,,,,,,,,,,,,,,,,,,4.757,0.611,1138.645,13.465,,,,,,,,,,,,,,,,,,,,,,,,,,,,,,,,,,,,2.256,0.349,1337.492,15.817,,,,,,,,,,,,,,,,,,,,,,,,,,,,,,,,,,,,,,,
Canada,1943,CAN,12042086.0,140255363072.0,,,,,,,,,,,,,,,,-4.008,-5.817,11567.458,139.296,,,,,,,,,,,,,,,,,,,,,,,,4.541,0.611,1168.964,14.077,,,,,,,,,,,,,,,,,,,,,,,,,,,,,,,,,,,,-4.779,-0.756,1250.684,15.061,,,,,,,,,,,,,,,,,,,,,,,,,,,,,,,,,,,,,,,
Canada,1944,CAN,12262412.0,145547558912.0,,,,,,,,,,,,,,,,-5.357,-7.462,10751.088,131.834,,,,,,,,,,,,,,,,,,,,,,,,4.344,0.611,1197.825,14.688,,,,,,,,,,,,,,,,,,,,,,,,,,,,,,,,,,,,0.695,0.105,1236.749,15.166,,,,,,,,,,,,,,,,,,,,,,,,,,,,,,,,,,,,,,,
Canada,1945,CAN,12486770.0,141033472000.0,,,,,,,,,,,,,,,,-2.36,-3.111,10308.746,128.723,,,,,,,,,,,,,,,,,,,,,,,,4.163,0.611,1225.272,15.3,,,,,,,,,,,,,,,,,,,,,,,,,,,,,,,,,,,,-16.334,-2.477,1016.142,12.688,,,,,,,,,,,,,,,,,,,,,,,,,,,,,,,,,,,,,,,
Canada,1946,CAN,12715233.0,139580424192.0,,,,,,,,,,,,,,,,6.847,8.813,10816.653,137.536,,,,,,,,,,,,,,,,,,,,,,,,3.997,0.611,1251.346,15.911,,,,,,,,,,,,,,,,,,,,,,,,,,,,,,,,,,,,-11.457,-1.454,883.553,11.235,,,,,,,,,,,,,,,,,,,,,,,,,,,,,,,,,,,,,,,
Canada,1947,CAN,12947875.0,145755504640.0,,,,,,,,,,,,,,,,-9.714,-13.36,9590.438,124.176,,,,,,,,,,,,,,,,,,,,,,,,9.956,1.584,1351.205,17.495,,,,,,,,,,,,,,,,,,,,,,,,,,,,,,,,,,,,1.656,0.186,882.049,11.421,,,,,,,,,,,,,,,,,,,,,,,,,,,,,,,,,,,,,,,
Canada,1948,CAN,13184774.0,148419985408.0,,,,,,,,,,,,,,,,15.415,19.141,10869.896,143.317,,,,,,,,,,,,,,,,,,,,,,,,10.262,1.795,1463.091,19.291,,,,,,,,,,,,,,,,,,,,,,,,,,,,,,,,,,,,62.627,7.152,1408.679,18.573,,,,,,,,,,,,,,,,,,,,,,,,,,,,,,,,,,,,,,,
Canada,1949,CAN,13449459.0,151660937216.0,,,,,,,,,,,,,,,,4.325,6.198,11116.844,149.516,,,,,,,,,,,,,,,,,,,,,,,,4.136,0.798,1493.624,20.088,,,,,,,,,,,,,,,,,,,,,,,,,,,,,,,,,,,,76.268,14.165,2434.183,32.738,,,,,,,,,,,,,,,,,,,,,,,,,,,,,,,,,,,,,,,
Canada,1950,CAN,13743068.0,162840739840.0,,,,,,,,,,,,,,,,1.082,1.617,10997.018,151.133,,,,,,,,,,,,,,,,,,,,,,,,12.208,2.452,1640.159,22.541,,,,,,,,,,,,,,,,,,,,,,,,,,,,,,,,,,,,38.757,12.688,3305.432,45.427,,,,,,,,,,,,,,,,,,,,,,,,,,,,,,,,,,,,,,,
Canada,1951,CAN,14085723.0,172068421632.0,,,,,,,,,,,,,,,,-2.64,-3.99,10446.199,147.142,,,,,,,,,,,,,,,,,,,,,,,,17.126,3.86,1874.328,26.401,,,,,,,,,,,,,,,,,,,,,,,,,,,,,,,,,,,,63.953,29.052,5287.519,74.479,,,,,,,,,,,,,,,,,,,,,,,,,,,,,,,,,,,,,,,
Canada,1952,CAN,14485746.0,184612798464.0,,,,,,,,,,,,,,,,-5.48,-8.063,9601.128,139.079,,,,,,,,,,,,,,,,,,,,,,,,11.6,3.063,2033.986,29.464,,,,,,,,,,,,,,,,,,,,,,,,,,,,,,,,,,,,28.607,21.306,6612.34,95.785,,,,,,,,,,,,,,,,,,,,,,,,,,,,,,,,,,,,,,,
Canada,1953,CAN,14901533.0,193223622656.0,,,,,,,,,,,,,,,,-9.11,-12.67,8483.005,126.41,,,,,,,,,,,,,,,,,,,,,,,,13.899,4.095,2252.046,33.559,,,,,,,,,,,,,,,,,,,,,,,,,,,,,,,,,,,,32.115,30.761,8492.148,126.546,,,,,,,,,,,,,,,,,,,,,,,,,,,,,,,,,,,,,,,
Canada,1954,CAN,15323199.0,191887998976.0,,,,,,,,,,,,,,,,-5.433,-6.868,7801.339,119.541,,,,,,,,,,,,,,,,,,,,,,,,19.545,6.559,2618.134,40.118,,,,,,,,,,,,,,,,,,,,,,,,,,,,,,,,,,,,18.767,23.748,9808.298,150.294,,,,,,,,,,,,,,,,,,,,,,,,,,,,,,,,,,,,,,,
Canada,1955,CAN,15733926.0,209810259968.0,,,,,,,,,,,,,,,,0.078,0.093,7603.609,119.635,,,,,,,,,,,,,,,,,,,,,,,,24.861,9.974,3183.693,50.092,,,,,,,,,,,,,,,,,,,,,,,,,,,,,,,,,,,,34.721,52.184,12868.898,202.478,,,,,,,,,,,,,,,,,,,,,,,,,,,,,,,,,,,,,,,
Canada,1956,CAN,16167046.0,226794192896.0,,,,,,,,,,,,,,,,0.771,0.922,7456.94,120.557,,,,,,,,,,,,,,,,,,,,,,,,12.204,6.113,3476.538,56.205,,,,,,,,,,,,,,,,,,,,,,,,,,,,,,,,,,,,32.86,66.535,16639.621,269.014,,,,,,,,,,,,,,,,,,,,,,,,,,,,,,,,,,,,,,,
Canada,1957,CAN,16650052.0,233362309120.0,,,,,,,,,,,,,,,,-10.908,-13.15,6450.812,107.406,,,,,,,,,,,,,,,,,,,,,,,,30.063,16.897,4390.507,73.102,,,,,,,,,,,,,,,,,,,,,,,,,,,,,,,,,,,,5.741,15.445,17084.521,284.458,,,,,,,,,,,,,,,,,,,,,,,,,,,,,,,,,,,,,,,
Canada,1958,CAN,17113392.0,237535641600.0,,,,,,,,,,,,,,,,-10.317,-11.081,5628.625,96.325,,,,,,,,,,,,,,,,,,,,,,,,53.547,39.144,6558.982,112.246,,,,,,,,,,,,,,,,,,,,,,,,,,,,,,,,,,,,-8.995,-25.586,15126.876,258.872,,,,,,,,,,,,,,,,,,,,,,,,,,,,,,,,,,,,,,,
Canada,1959,CAN,17524910.0,247152361472.0,,,,,,,,,,,,,,,,-9.544,-9.193,4971.889,87.132,,,,,,,,,,,,,,,,,,,,,,,,23.542,26.425,7912.804,138.671,,,,,,,,,,,,,,,,,,,,,,,,,,,,,,,,,,,,11.654,30.168,16493.115,289.04,,,,,,,,,,,,,,,,,,,,,,,,,,,,,,,,,,,,,,,
Canada,1960,CAN,17909358.0,254857904128.0,,,,,,,,,,,,,,,,2.412,2.101,4982.486,89.233,,,,,,,,,,,,,,,,,,,,,,,,25.309,35.096,9702.595,173.767,,,,,,,,,,,,,,,,,,,,,,,,,,,,,,,,,,,,2.64,7.629,16565.064,296.67,,,,,,,,,,,,,,,,,,,,,,,,,,,,,,,,,,,,,,,
Canada,1961,CAN,18273690.0,262380470272.0,,,,,,,,,,,,,,,,-3.468,-3.095,4713.79,86.138,,,,,,,,,,,,,,,,,,,,,,,,25.383,44.108,11922.877,217.875,,,,,,,,,,,,,,,,,,,,,,,,,,,,,,,,,,,,16.516,48.997,18916.096,345.667,,,,,,,,,,,,,,,,,,,,,,,,,,,,,,,,,,,,,,,
Canada,1962,CAN,18622354.0,280743739392.0,,,,,,,,,,,,,,,,-0.812,-0.7,4587.961,85.439,,,,,,,,,,,,,,,,,,,,,,,,44.377,96.687,16891.648,314.562,,,,,,,,,,,,,,,,,,,,,,,,,,,,,,,,,,,,10.575,36.553,20524.791,382.22,,,,,,,,,,,,,,,,,,,,,,,,,,,,,,,,,,,,,,,
Canada,1963,CAN,18971014.0,294939623424.0,,,,,,,,,,,,,,,,0.024,0.02,4504.703,85.459,,,,,,,,,,,,,,,,,,,,,,,,18.032,56.722,19571.115,371.284,,,,,,,,,,,,,,,,,,,,,,,,,,,,,,,,,,,,5.447,20.818,21244.92,403.038,,,,,,,,,,,,,,,,,,,,,,,,,,,,,,,,,,,,,,,
Canada,1964,CAN,19326326.0,314154778624.0,,,,,,,,,,,,,,,,7.452,6.368,4751.385,91.827,,,,,,,,,,,,,,,,,,,,,,,,17.856,66.297,22641.676,437.58,,,,,,,,,,,,,,,,,,,,,,,,,,,,,,,,,,,,6.585,26.54,22227.572,429.577,,,,,,,,,,,,,,,,,,,,,,,,,,,,,,,,,,,,,,,
Canada,1965,CAN,19688808.0,335067021312.0,,,,,,,,,,,,9141.532,179.986,,,2.709,2.487,4790.239,94.314,,12.958,,,,,,70549.531,4.146,,,,,52795.883,1039.488,,74.835,,,216.684,,,11005.451,9.53,41.702,24342.898,479.283,,15.6,,,,349.185,5997.722,118.088,17735.199,,25.139,,,349.548,6.501,0.128,17753.646,,25.165,,,,,0.363,6.501,0.128,18.447,,0.026,,,642.818,,,32648.9,18.781,80.679,25916.078,510.257,,46.278,,,,,,,,,,,,,1389.036,,,349.185,,,17735.199,,25.139,,,,,,,,,,,,,,,,
Canada,1966,CAN,20055242.0,356785356800.0,,,,,,,,,,-1.964,-3.536,8798.217,176.45,,,-2.638,-2.488,4578.648,91.826,,11.932,,,,6.462,89.755,73735.883,4.145,4.949,51.449,,,54396.625,1090.938,,73.772,9.48,20.541,237.225,,,11828.571,-6.977,-33.442,22230.65,445.841,,16.042,,10.934,38.181,387.366,6531.958,131.0,19314.93,,26.195,10.96,38.306,387.854,8.576,0.172,19339.266,,26.228,,,34.375,0.125,0.488,8.576,0.172,24.335,,0.033,5.358,34.444,677.262,,,33769.836,9.887,50.451,27958.145,560.707,,45.798,,,,,,,,,,,,,1478.791,10.934,38.181,387.366,,,19314.93,,26.195,,,,,,,,,,,,,,,,
Canada,1967,CAN,20408046.0,367635431424.0,,,,,,,,,,-0.923,-1.628,8566.335,174.822,,,-0.732,-0.672,4466.577,91.154,,11.306,,,,4.565,67.5,75768.719,4.206,5.4,58.908,,,56342.758,1149.846,,74.362,6.193,14.692,251.917,,,12344.014,9.209,41.057,23858.137,486.898,,16.292,,2.232,8.646,396.012,6562.313,133.924,19404.691,,25.61,2.215,8.592,396.446,7.497,0.153,19425.965,,25.639,,,-11.047,-0.054,0.434,7.497,0.153,21.273,,0.028,6.769,45.844,723.106,,,35432.406,9.311,52.207,30032.973,612.914,,46.764,,,,,,,,,,,,,1546.292,2.232,8.646,396.012,,,19404.691,,25.61,,,,,,,,,,,,,,,,
Canada,1968,CAN,20731928.0,386855305216.0,,,,,,,,,,8.642,15.107,9161.209,189.93,,,-0.002,-0.002,4396.698,91.152,,11.542,,,,6.422,99.299,79374.68,4.254,7.862,90.398,,,59822.867,1240.243,,75.368,11.354,28.604,280.521,,,13530.858,15.486,75.402,27122.416,562.3,,17.047,,1.699,6.73,402.742,6569.577,136.2,19426.168,,24.474,2.268,8.901,405.347,44.28,0.918,19551.811,,24.632,,,500.0,2.171,2.605,44.28,0.918,125.644,,0.158,6.456,46.687,769.793,,,37130.801,8.383,51.384,32042.262,664.298,,46.779,,,,,,,,,,,,,1645.59,1.699,6.73,402.742,,,19426.168,,24.474,,,,,,,,,,,,,,,,
Canada,1969,CAN,21033938.0,407256006656.0,,,,,,,,,,-3.454,-6.559,8717.826,183.37,,,-3.695,-3.368,4173.445,87.784,,10.506,,,,6.062,99.758,82977.695,4.286,4.69,58.168,,,61729.375,1298.412,,74.393,11.755,32.976,313.496,,,14904.309,17.312,97.344,31360.953,659.644,,17.962,,10.601,42.693,445.435,7161.664,150.638,21176.963,,25.521,10.246,41.589,446.936,25.15,0.529,21248.326,,25.607,,,-42.375,-1.104,1.501,25.15,0.529,71.363,,0.086,4.125,31.752,801.545,,,38107.238,8.926,59.298,34401.352,723.596,,45.925,,,,,,,,,,,,,1745.348,10.601,42.693,445.435,,,21176.963,,25.521,,,,,,,,,,,,,,,,
Canada,1970,CAN,21434580.0,417751990272.0,,,,,,,,,,7.363,13.502,9184.814,196.873,,,59.021,51.811,6512.623,139.595,,10.536,,,,7.06,123.216,87175.18,4.473,7.671,99.599,,,65222.242,1398.011,,74.817,10.476,32.842,346.339,,,16157.933,-18.113,-119.482,25200.527,540.163,,18.535,,4.978,22.174,467.609,7377.658,158.137,21815.654,,25.025,5.297,23.616,470.552,48.38,1.037,21952.932,,25.183,,,96.03,1.441,2.943,48.38,1.037,137.278,,0.157,6.644,53.255,854.8,,,39879.496,12.617,91.294,38017.52,814.89,,45.746,,,,,,,,,,,,,1868.563,4.978,22.174,467.609,,,21815.654,,25.025,,,,,,,,,,,,,,,,
Canada,1971,CAN,21888686.0,441056624640.0,,,,,,,,,,-4.95,-9.746,8549.015,187.127,,,8.023,11.2,6889.169,150.795,,9.71,,,,3.135,58.582,88042.992,4.369,2.62,36.631,,,65542.641,1434.642,,74.444,6.735,23.327,369.665,,,16888.416,9.328,50.387,26979.691,590.55,,19.182,,2.734,12.786,480.395,7422.145,162.461,21947.201,,24.928,4.746,21.951,492.503,194.941,4.267,22500.35,,25.556,,,311.475,9.165,12.108,194.941,4.267,553.148,,0.628,2.697,23.05,877.85,,,40105.211,7.273,59.265,39936.371,874.155,,45.552,,,,,,,,,,,,,1927.145,2.734,12.786,480.395,,,21947.201,,24.928,,,,,,,,,,,,,,,,
Canada,1972,CAN,22222228.0,464342122496.0,,,,,,,,,,-5.637,-10.548,7946.021,176.578,,,11.1,16.738,7538.963,167.533,,8.513,,,,7.634,147.126,93342.203,4.467,5.72,82.064,,,68251.75,1516.706,,73.12,12.479,46.13,415.795,,,18710.762,12.903,76.2,30003.742,666.75,,20.045,,11.805,56.709,537.105,8173.753,181.639,24169.699,,25.894,13.268,65.063,557.566,324.495,7.211,25090.457,,26.88,,,68.995,8.354,20.461,324.495,7.211,920.759,,0.986,5.295,46.482,924.333,,,41594.965,15.366,134.319,45381.316,1008.474,,44.562,,,,,,,,,,,,,2074.272,11.805,56.709,537.105,,,24169.699,,25.894,,,,,,,,,,,,,,,,
Canada,1973,CAN,22502026.0,497617436672.0,,,,,,,,,,2.99,5.28,8081.864,181.858,,,10.161,17.023,8201.728,184.555,,8.073,,,,8.594,178.272,100104.031,4.527,7.712,116.964,,,72601.023,1633.67,,72.526,6.345,26.384,442.179,,,19650.635,7.143,47.625,31747.139,714.375,,19.63,,7.165,38.485,575.59,8650.511,194.654,25579.465,,25.553,11.151,61.307,618.873,677.894,15.254,27503.0,,27.474,,,111.538,22.822,43.283,677.894,15.254,1923.536,,1.922,9.228,85.3,1009.633,,,44868.527,15.686,158.185,51846.84,1166.659,,44.822,,,,,,,,,,,,,2252.543,7.165,38.485,575.59,,,25579.465,,25.553,,,,,,,,,,,,,,,,
Canada,1974,CAN,22812430.0,517951848448.0,,,,,,,,,,1.605,2.919,8099.857,184.777,,,3.067,5.661,8338.275,190.216,,7.953,,,,3.146,70.856,101847.945,4.486,1.536,25.089,,,72712.945,1658.759,,71.394,1.086,4.801,446.98,,,19593.688,-2.075,-14.821,30665.479,699.554,,19.238,,8.226,47.35,622.94,9234.747,210.667,27307.045,,26.812,7.363,45.767,664.64,644.21,14.696,29135.002,,28.606,,,-3.658,-1.583,41.7,644.21,14.696,1827.956,,1.795,1.72,17.369,1027.002,,,45019.402,-5.909,-68.943,48119.188,1097.716,,44.203,,,,,,,,,,,,,2323.399,8.226,47.35,622.94,,,27307.045,,26.812,,,,,,,,,,,,,,,,
Canada,1975,CAN,23136250.0,529610735616.0,,,,,,,,,,-2.713,-5.013,7769.838,179.765,,,17.387,33.073,9651.05,223.289,,7.854,,,,-1.483,-34.462,98932.938,4.322,-0.253,-4.191,,,71514.109,1654.568,,72.285,3.267,14.602,461.582,,,19950.576,2.146,15.011,30885.104,714.565,,20.166,,-3.891,-24.238,598.702,8751.202,202.47,25877.211,,26.156,-4.581,-30.271,634.369,543.303,12.57,27418.84,,27.715,,,-14.467,-6.033,35.668,543.303,12.57,1541.631,,1.558,-1.342,-13.78,1013.222,,,43793.691,-13.573,-148.989,41006.066,948.727,,44.266,0.0,0.0,,,,0.0,,0.0,,,0.0,,2288.937,-3.891,-24.238,598.702,,,25877.211,,26.156,,,,,,,,,,,,,,,,
Canada,1976,CAN,23442118.0,558634696704.0,,,,,,,,,,18.393,33.064,9078.915,212.829,,,3.132,6.994,9823.472,230.283,,8.879,,,,4.721,108.052,102251.375,4.291,3.737,61.827,,,73218.414,1716.395,,71.606,0.887,4.096,465.677,,,19864.982,0.88,6.286,30750.293,720.852,,19.428,,5.047,30.217,628.919,9072.942,212.689,26828.594,,26.238,7.334,46.225,680.594,742.936,17.416,29032.961,,28.394,,,38.552,13.751,49.418,742.936,17.416,2108.093,,2.062,2.434,24.667,1037.889,,,44274.52,-7.688,-72.934,37359.797,875.793,,43.3,2.257,0.707,,,2.257,30.159,,96.275,,,0.094,,2396.989,5.396,32.474,631.176,,,26924.869,,26.332,,,,,,,,,,,,,,,,
Canada,1977,CAN,23715310.0,577419673600.0,,,,,,,,,,27.781,59.127,11467.526,271.956,,,13.042,30.034,10976.738,260.317,,10.726,,,,5.78,138.553,106915.836,4.391,5.245,90.017,,,76170.703,1806.412,,71.244,4.889,22.765,488.442,,,20596.062,5.048,36.385,31930.32,757.237,,19.264,,3.507,22.053,650.972,9282.906,220.147,27449.453,,25.674,7.255,48.536,729.131,1110.759,26.342,30745.145,,28.756,,,51.252,25.328,74.746,1110.759,26.342,3151.796,,2.948,0.783,8.125,1046.014,,,44107.117,0.358,3.137,37061.684,878.929,,41.254,3.412,1.069,,51.202,1.156,45.076,,143.893,,,0.135,,2535.542,3.665,23.209,654.385,,,27593.346,,25.808,,,,,,,,,,,,,,,,
Canada,1978,CAN,23962686.0,600763269120.0,,,,,,,,,,-17.773,-48.334,9332.077,223.622,,,4.83,12.573,11388.1,272.889,,8.653,,,,1.92,48.674,107843.352,4.302,-0.553,-9.989,,,74967.516,1796.423,,69.515,0.956,4.667,493.109,,,20578.213,-3.497,-26.479,30495.66,730.758,,19.082,,6.862,44.671,695.644,9817.514,235.254,29030.283,,26.919,8.091,58.663,787.793,1302.108,31.202,32875.832,,30.485,,,18.45,13.79,88.536,1302.108,31.202,3694.75,,3.426,3.22,33.678,1079.692,,,45057.227,-0.509,-4.471,36492.496,874.458,,41.78,3.614,1.132,,5.893,0.201,47.24,,150.8,,,0.14,,2584.216,6.858,44.872,699.257,,,29181.084,,27.059,,,,,,,,,,,,,,,,
Canada,1979,CAN,24219116.0,625737072640.0,,,,,,,,,,-5.31,-11.874,8742.986,211.747,,,8.045,21.954,12174.003,294.844,,7.96,,,,2.94,75.989,109839.055,4.251,2.09,37.543,,,75723.914,1833.966,,68.941,1.526,7.525,500.634,,,20671.027,5.448,39.815,31816.705,770.572,,18.819,,3.769,26.22,721.863,10079.683,244.121,29805.512,,27.136,4.914,38.445,826.239,1456.329,35.271,34115.145,,31.059,,,13.041,11.546,100.082,1456.329,35.271,4132.355,,3.762,3.88,41.893,1121.585,,,46309.898,14.742,128.915,41428.977,1003.373,,42.162,4.294,1.345,,18.816,0.68,55.535,,177.278,,,0.161,,2660.205,3.841,26.9,726.157,,,29982.791,,27.297,,,,,,,,,,,,,,,,
Canada,1980,CAN,24511512.0,634113622016.0,,,,,,,,,,21.792,46.144,10521.235,257.891,,,-22.741,-67.049,9293.359,227.794,,9.51,,,,1.936,51.489,110629.383,4.276,1.255,23.019,,,75759.719,1856.985,,68.481,-0.628,-3.143,497.491,,,20296.209,-7.565,-58.293,29058.979,712.279,,18.346,,2.878,20.779,742.642,10246.124,251.148,30297.678,,27.387,3.471,28.469,854.708,1551.598,38.032,34869.66,,31.519,,,7.828,7.834,107.916,1551.598,38.032,4402.681,,3.98,-1.782,-19.982,1101.603,,,44942.277,-3.483,-34.949,39508.953,968.424,,40.624,4.15,1.3,,-3.346,-0.144,53.036,,169.303,,,0.153,,2711.693,2.844,20.635,746.792,,,30466.98,,27.54,,,,,,,,,,,,,,,,
Canada,1981,CAN,24815780.0,653774422016.0,,,,,,,,,,2.104,5.426,10610.879,263.317,,,18.228,41.523,10852.66,269.317,,9.768,,,,-0.587,-15.923,108631.281,4.123,-3.639,-67.568,,,72108.031,1789.417,,66.379,-2.968,-14.764,482.727,,,19452.42,-3.37,-24.003,27735.436,688.276,,17.907,,5.92,43.962,786.603,10719.591,266.015,31697.713,,29.179,6.025,51.645,906.353,1614.578,40.067,36523.25,,33.621,,,5.351,5.774,113.691,1614.578,40.067,4581.388,,4.217,-5.286,-58.23,1043.373,,,42044.73,-9.497,-91.969,35318.473,876.455,,38.704,6.059,1.898,,46.0,1.909,76.484,,244.151,,,0.225,,2695.77,6.126,45.87,792.662,,,31941.863,,29.404,,,,,,,,,,,,,,,,
Canada,1982,CAN,25101514.0,633852985344.0,,,,,,,,,,5.669,14.927,11084.778,278.245,,,6.058,16.316,11379.116,285.633,,10.642,,,,-3.01,-81.142,104162.164,4.125,-2.945,-52.696,,,69187.883,1736.721,,66.423,5.9,28.48,511.207,,,20365.574,4.968,34.195,28781.979,722.471,,19.552,,-3.09,-24.306,762.297,10270.099,257.795,30368.568,,29.155,-3.152,-28.446,877.907,1527.279,38.337,34974.266,,33.577,,,-4.318,-4.909,108.782,1527.279,38.337,4333.675,,4.161,-9.211,-96.103,947.269,,,37737.539,-1.058,-9.274,34546.957,867.181,,36.23,6.828,2.139,,12.698,0.769,85.214,,272.02,,,0.261,,2614.628,-2.978,-23.537,769.125,,,30640.59,,29.416,,,,,,,,,,,,,,,,
Canada,1983,CAN,25360732.0,652317687808.0,,,,,,,,,,4.626,12.871,11478.978,291.115,,,3.669,10.481,11676.089,296.114,,11.195,,,,-0.548,-14.323,102532.727,3.986,-3.882,-67.42,,,65822.25,1669.3,,64.196,-4.639,-23.717,487.49,,,19222.217,-5.946,-42.958,26793.922,679.513,,18.747,,3.164,24.12,786.417,10486.764,265.952,31009.246,,30.243,6.161,53.098,931.005,1916.743,48.61,36710.477,,35.804,,,26.797,29.15,137.932,1916.743,48.61,5438.786,,5.304,-5.972,-56.574,890.696,,,35121.055,5.36,46.478,36026.508,913.659,,34.254,6.656,2.085,,-2.525,-0.172,82.214,,262.443,,,0.256,,2600.305,3.117,23.948,793.073,,,31271.689,,30.499,,,,,,,,,,,,,,,,
Canada,1984,CAN,25602080.0,689733500928.0,,,,,,,,,,11.389,33.156,12665.822,324.271,,,30.993,91.775,15150.681,387.889,,11.723,,,,6.378,165.858,108044.445,4.01,5.703,95.193,,,68919.906,1764.493,,63.788,11.0,53.626,541.115,,,21135.596,9.602,65.246,29089.814,744.76,,19.562,,7.584,59.645,846.063,11175.771,286.123,33046.637,,30.586,7.587,70.665,1001.669,2039.287,52.21,39124.535,,36.212,,,7.406,10.215,148.147,2039.287,52.21,5786.508,,5.356,0.944,8.411,899.106,,,35118.492,6.689,61.118,38074.102,974.776,,32.504,7.46,2.337,,12.086,0.804,91.282,,291.39,,,0.27,,2766.163,7.619,60.45,853.523,,,33338.027,,30.856,,,,,,,,,,,,,,,,
Canada,1985,CAN,25843920.0,727013326848.0,,,,,,,,,,-3.88,-12.581,12060.498,311.691,3074.031,79.445,6.498,25.203,15984.115,413.092,17.308,10.909,,459.016,16.065,3.294,91.112,110558.883,3.93,1.01,17.821,3599.686,93.03,68964.555,1782.314,20.267,62.378,4.895,26.485,567.6,263.428,6.808,21962.631,8.107,60.377,31153.818,805.137,1.483,19.865,,6.124,51.812,897.875,11749.186,303.645,34742.215,66.151,31.424,7.39,73.291,1074.96,14155.902,365.844,41594.328,79.702,37.622,,,15.918,23.583,171.729,2341.789,60.521,6644.86,13.185,6.01,0.436,3.917,903.023,262.228,6.777,34941.426,2.231,21.743,38559.133,996.519,1.476,31.604,5.353,1.677,,-28.241,-2.107,64.89,,207.141,0.365,,0.187,17761.098,2857.275,5.846,49.708,903.231,11814.112,305.323,34949.469,66.517,31.612,,,,,,,,,,,0.003,0.039,0.001,0.114,0.0,0.0
Canada,1986,CAN,26116076.0,746074603520.0,,,,,,,,,,-7.317,-22.807,11061.503,288.883,2742.64,71.627,-7.062,-29.171,14700.588,383.922,15.286,10.014,,468.584,16.243,0.968,27.649,110465.453,3.867,-1.353,-24.112,3242.409,84.679,67322.602,1758.202,18.071,60.944,-3.761,-21.346,546.254,263.669,6.886,20916.387,-6.208,-49.985,28915.197,755.151,1.47,18.935,,2.302,20.669,918.544,11894.398,310.635,35171.605,66.292,31.839,4.899,51.761,1126.722,14694.704,383.768,43142.848,81.9,39.056,,,17.756,30.492,202.221,2728.856,71.267,7743.168,15.209,7.01,2.219,20.042,923.065,236.1,6.166,35344.707,0.059,0.591,38179.93,997.11,1.316,31.996,5.953,1.865,,11.21,0.6,71.412,,227.962,0.398,,0.206,17942.359,2884.924,2.351,21.269,924.501,11965.849,312.501,35399.68,66.69,32.046,,,,,,,,,0.0,0.0,0.003,0.038,0.001,0.113,0.0,0.0
Canada,1987,CAN,26436886.0,776472494080.0,,,,,,,,,,7.478,21.601,11744.365,310.484,3186.381,84.238,0.855,3.283,14646.371,387.204,16.97,10.427,,496.398,16.671,3.213,92.689,112631.016,3.835,3.286,57.781,3799.918,100.458,68691.258,1815.983,20.237,60.988,1.211,6.615,552.869,232.97,6.159,20912.791,8.397,63.414,30962.994,818.565,1.241,18.568,,1.793,16.473,935.018,11960.788,316.206,35367.922,63.7,31.402,3.13,34.908,1161.63,14970.751,395.78,43939.754,79.73,39.012,,,8.411,17.008,219.229,2922.47,77.261,8292.552,15.564,7.363,3.203,29.564,952.629,380.567,10.061,36034.102,5.317,53.014,39721.918,1050.124,2.027,31.993,7.38,2.312,,23.968,1.427,87.454,,279.17,0.466,,0.248,18776.709,2977.613,1.926,17.9,942.401,12048.28,318.519,35647.203,64.166,31.65,,,,,,,,,0.0,0.0,0.003,0.038,0.001,0.112,0.0,0.0
Canada,1988,CAN,26815068.0,814240038912.0,,,,,,,,,,7.387,22.934,12434.002,333.419,3421.882,91.758,15.801,61.183,16721.475,448.387,18.133,10.766,,506.016,16.34,4.004,119.233,115489.023,3.803,7.088,128.709,4215.242,113.032,72522.359,1944.692,22.338,62.796,10.058,55.606,608.475,351.743,9.432,22691.535,15.479,126.703,35251.395,945.269,1.864,19.648,,-2.774,-25.936,909.082,11465.01,307.435,33901.906,60.756,29.355,-0.756,-9.476,1152.154,14648.032,392.788,42966.656,77.624,37.204,,,7.256,15.907,235.136,3090.314,82.867,8768.813,16.376,7.593,5.266,50.169,1002.798,441.617,11.842,37396.82,5.317,55.831,41243.77,1105.954,2.34,32.381,7.933,2.485,,7.483,0.552,92.672,,295.827,0.491,,0.256,18870.576,3096.846,-2.699,-25.383,917.018,11557.718,309.921,34197.844,61.247,29.611,,,,,,,,,0.0,0.0,0.003,0.037,0.001,0.11,0.0,0.0
Canada,1989,CAN,27244408.0,833918730240.0,,,,,,,,,,-0.21,-0.7,12212.353,332.718,3367.186,91.737,6.456,28.946,17520.414,477.333,18.418,10.639,,498.093,15.927,0.986,30.546,114790.242,3.75,4.509,87.678,4578.774,124.746,74597.703,2032.37,25.045,64.986,8.103,49.306,657.781,544.515,14.835,24143.713,6.242,59.001,36861.484,1004.269,2.978,21.033,,-5.525,-50.225,858.857,10660.895,290.45,31524.148,58.312,27.462,-4.976,-57.132,1095.022,13699.859,373.245,40192.531,74.935,35.014,,,-4.284,-10.074,225.063,2911.307,79.317,8260.877,15.924,7.196,3.896,39.073,1041.871,667.073,18.174,38241.641,-2.602,-28.778,39537.52,1077.176,3.649,33.314,11.099,3.477,,39.92,3.167,127.623,,407.397,0.698,,0.355,18282.379,3127.392,-5.16,-47.059,869.959,10788.554,293.928,31931.652,59.011,27.817,,,,,,,,,0.0,0.0,0.003,0.037,0.001,0.109,0.0,0.0
Canada,1990,CAN,27657206.0,835996811264.0,,,,,,,,,,-5.144,-17.115,11411.241,315.603,2972.824,82.22,-2.636,-12.583,16803.949,464.75,17.108,10.49,,480.593,15.974,-3.799,-118.81,108781.125,3.599,-5.725,-116.355,3917.315,108.342,69277.266,1916.016,22.543,63.685,-3.067,-20.177,637.604,349.059,9.654,23053.826,3.008,30.209,37403.559,1034.478,2.009,21.193,,1.802,15.476,874.332,10691.005,295.683,31613.184,61.525,29.061,-0.307,-2.455,1092.566,13453.971,372.099,39503.855,77.425,36.315,,,-8.645,-19.456,205.606,2619.932,72.46,7434.097,15.077,6.834,-7.589,-79.063,962.808,595.433,16.468,34812.195,0.148,1.598,39005.164,1078.774,3.427,32.002,12.622,3.954,,13.719,1.523,142.965,,456.372,0.823,,0.42,17376.781,3008.582,1.943,17.001,886.96,10834.039,299.639,32069.76,62.348,29.481,,,0.0,0.0,0.0,0.0,0.0,0.0,91.919,0.003,0.006,0.069,0.002,0.205,0.0,0.0
Canada,1991,CAN,28015762.0,820551417856.0,,,,,,,,,,-3.202,-10.107,10904.438,305.496,3158.401,88.485,4.475,20.799,17331.273,485.549,17.453,10.113,,506.995,16.783,0.407,12.246,107826.0,3.681,-2.914,-55.836,3970.693,111.242,66397.602,1860.179,21.941,61.578,0.691,4.406,642.011,307.755,8.622,22916.053,5.25,54.308,38863.32,1088.786,1.701,21.253,,3.921,34.279,908.612,10967.969,307.276,32432.164,60.607,30.078,6.316,68.082,1160.648,14120.654,395.601,41428.398,78.029,38.422,,,16.394,33.707,239.313,3010.411,84.339,8542.085,16.635,7.922,-5.207,-50.135,912.673,504.537,14.135,32577.115,0.492,5.311,38695.527,1084.085,2.788,30.213,12.718,3.984,,0.759,0.096,142.206,,453.949,0.786,,0.421,18096.773,3020.828,3.879,34.375,921.335,11110.243,311.262,32886.316,61.394,30.499,,0.0,0.0,0.0,0.0,0.0,0.0,0.0,0.0,0.0,0.006,0.069,0.002,0.203,0.0,0.0
Canada,1992,CAN,28347644.0,830132649984.0,,,,,,,,,,1.87,5.713,10978.308,311.209,3175.925,90.03,-11.124,-54.013,15222.998,431.536,17.359,10.033,,518.627,16.721,2.678,80.898,109417.391,3.736,3.66,68.08,4188.92,118.746,68021.859,1928.26,22.896,62.167,6.003,38.543,680.554,462.896,13.122,24007.414,10.182,110.861,42319.105,1199.647,2.53,21.941,,2.571,23.356,931.968,11118.195,315.175,32876.387,60.771,30.047,1.042,12.817,1173.466,14100.74,399.723,41395.523,77.073,37.833,,,-5.118,-12.249,227.064,2822.884,80.022,8009.975,15.43,7.321,2.61,23.824,936.497,550.099,15.594,33036.141,4.232,45.883,39861.094,1129.968,3.007,30.193,14.253,4.465,,12.073,1.535,157.509,,502.8,0.861,,0.46,18295.236,3101.725,2.711,25.067,946.402,11277.857,319.701,33385.551,61.644,30.512,,0.006,0.006,0.072,0.002,0.214,0.0,0.0,2974.21,0.169,0.174,2.081,0.059,6.154,0.011,0.006
Canada,1993,CAN,28668168.0,854596321280.0,,,,,,,,,,-11.214,-34.899,9638.206,276.31,2873.71,82.384,6.294,27.162,16000.257,458.698,15.537,8.689,,530.232,16.674,2.524,78.281,110924.656,3.721,0.97,18.711,3826.23,109.691,67914.031,1946.971,20.687,61.225,6.102,41.528,722.082,533.658,15.299,25187.576,10.086,120.993,46066.434,1320.64,2.885,22.707,,2.233,20.815,952.783,11239.432,322.214,33234.875,60.768,29.962,5.167,59.57,1233.036,14663.516,420.376,43010.617,79.282,38.775,,,16.573,37.631,264.695,3253.93,93.284,9233.075,17.593,8.324,1.29,12.083,948.579,418.862,12.008,33088.25,5.271,59.562,41493.047,1189.53,2.265,29.829,15.377,4.817,,7.884,1.124,168.026,,536.374,0.908,,0.484,18495.502,3180.007,2.312,21.939,968.34,11409.586,327.092,33777.543,61.688,30.451,0.0,0.0,0.006,0.072,0.002,0.212,0.0,0.0,0.0,0.0,0.174,2.058,0.059,6.086,0.011,0.005
Canada,1994,CAN,28981190.0,895509659648.0,,,,,,,,,,6.029,16.659,10108.942,292.969,2989.905,86.651,5.084,23.321,16632.137,482.019,15.668,8.875,,553.055,16.753,3.81,121.149,113906.836,3.686,3.204,62.385,3869.959,112.156,69333.102,2009.356,20.279,60.868,3.524,25.447,747.529,532.656,15.437,25793.58,8.241,108.831,49324.094,1429.471,2.791,22.644,,1.751,16.682,969.465,11312.703,327.856,33451.539,59.281,29.367,4.843,58.764,1291.8,15207.582,440.734,44573.73,79.691,39.132,,,14.794,39.158,303.853,3694.956,107.084,10484.492,19.362,9.204,2.138,20.279,968.858,347.398,10.068,33430.578,4.313,51.3,42815.004,1240.83,1.82,29.349,18.301,5.733,,19.016,2.924,197.818,,631.475,1.037,,0.554,19083.236,3301.156,2.005,19.606,987.947,11512.627,333.65,34089.242,60.328,29.927,0.0,0.0,0.006,0.071,0.002,0.209,0.0,0.0,0.0,0.0,0.174,2.036,0.059,6.02,0.011,0.005
Canada,1995,CAN,29289430.0,922093223936.0,,,0.0,0.0,,,,0.0,,4.528,13.264,10455.43,306.234,3127.544,91.604,3.777,18.206,17078.688,500.225,16.42,9.055,,557.869,16.496,2.446,80.731,115464.414,3.668,4.282,86.044,4024.759,117.883,71541.156,2095.4,21.131,61.959,3.343,24.99,772.519,682.003,19.975,26375.35,6.852,97.942,52148.93,1527.412,3.581,22.843,,1.892,18.346,987.811,11405.471,334.06,33725.852,59.881,29.209,-0.524,-5.313,1286.487,14968.699,438.425,43923.258,78.589,38.041,,,-9.264,-28.148,275.705,3317.381,97.164,9413.119,17.417,8.152,4.933,47.789,1016.647,215.212,6.303,34710.371,4.887,60.641,44434.82,1301.471,1.13,30.062,22.786,7.138,,24.505,4.485,243.701,,777.944,1.279,,0.674,19046.76,3381.887,2.281,22.836,1010.782,11651.317,341.26,34510.137,61.172,29.888,87.179,0.005,0.011,0.131,0.004,0.388,0.001,0.0,0.0,0.0,0.174,2.014,0.059,5.957,0.011,0.005
Canada,1996,CAN,29593856.0,939604049920.0,,0.0,0.0,0.0,,,,0.0,,2.055,6.293,10560.517,312.526,3028.368,89.621,1.744,8.724,17197.777,508.949,15.678,8.996,,571.622,16.454,2.725,92.149,117390.445,3.697,2.123,44.48,3908.411,115.665,72308.25,2139.88,20.235,61.596,1.691,13.063,785.582,629.236,18.622,26545.451,0.77,11.768,52010.148,1539.181,3.258,22.613,,6.146,60.714,1048.525,11981.948,354.592,35430.492,62.033,30.182,3.623,47.669,1334.156,15351.518,454.311,45082.199,79.478,38.404,,,-5.189,-14.307,261.398,3112.88,92.122,8832.841,16.116,7.524,2.471,25.124,1041.771,250.808,7.422,35202.277,3.17,41.254,45371.734,1342.725,1.298,29.987,24.033,7.529,,5.473,1.247,254.395,,812.079,1.317,,0.692,19315.549,3474.036,6.133,61.976,1072.758,12238.638,362.188,36249.359,63.362,30.879,53.425,0.006,0.017,0.199,0.006,0.589,0.001,0.001,5.085,0.009,0.183,2.095,0.062,6.195,0.011,0.005
Canada,1997,CAN,29882752.0,982580592640.0,,0.0,0.0,0.0,,,,0.0,,4.515,14.11,10930.59,326.636,3243.54,96.926,3.587,18.258,17642.498,527.206,16.935,9.356,,572.341,16.394,0.495,17.209,116831.453,3.553,2.874,61.497,4409.801,131.777,73667.141,2201.377,23.024,63.054,1.97,15.474,801.056,763.864,22.826,26806.65,3.777,58.128,53452.539,1597.309,3.988,22.945,,-1.667,-17.483,1031.042,11668.257,348.68,34502.91,60.922,29.532,-3.398,-44.288,1289.868,14686.45,438.872,43164.301,76.68,36.946,,,-11.037,-28.85,232.548,2742.543,81.955,7782.007,14.319,6.661,3.063,31.913,1073.684,402.397,12.025,35929.906,4.548,61.065,46976.57,1403.789,2.101,30.754,26.075,8.168,,8.497,2.042,273.342,,872.564,1.427,,0.747,19152.902,3491.245,-1.456,-15.438,1057.32,11943.907,356.917,35382.293,62.361,30.285,17.857,0.003,0.021,0.232,0.007,0.687,0.001,0.001,0.0,0.0,0.183,2.075,0.062,6.135,0.011,0.005
Canada,1998,CAN,30144816.0,1023603507200.0,,1.235,40.972,1.235,,,,0.036,,6.913,22.58,11584.606,349.216,3516.148,105.994,-5.421,-28.578,16541.105,498.629,18.86,10.148,,561.991,16.331,-1.434,-50.076,114154.594,3.362,1.355,29.833,4951.945,149.275,74016.383,2231.21,26.562,64.839,-1.683,-13.484,787.573,876.561,26.424,26126.307,3.677,58.732,54936.18,1656.041,4.702,22.887,,-5.108,-52.663,978.379,10976.015,330.87,32455.955,58.875,28.432,-6.087,-79.909,1209.959,13631.595,410.922,40138.211,73.119,35.161,,,-13.376,-31.105,201.443,2355.053,70.993,6682.498,12.632,5.854,1.931,20.737,1094.422,559.236,16.858,36305.473,3.632,50.983,48259.453,1454.772,3.0,31.804,28.689,8.987,,10.027,2.615,298.136,,951.711,1.599,,0.834,18643.051,3441.169,-4.413,-48.804,1008.516,11276.543,339.929,33455.711,60.487,29.307,45.455,0.009,0.03,0.335,0.01,0.991,0.002,0.001,0.0,0.0,0.183,2.057,0.062,6.082,0.011,0.005
Canada,1999,CAN,30399776.0,1079504207872.0,16.667,0.206,47.4,1.441,,,,0.041,,-3.873,-13.526,11042.524,335.69,3493.001,106.186,-3.881,-19.353,15765.775,479.276,18.379,9.454,,577.774,16.271,3.189,109.74,116807.078,3.289,2.776,61.946,4897.425,148.881,75433.32,2293.156,25.768,64.579,6.9,54.341,841.914,916.935,27.875,27694.744,2.981,49.361,56099.164,1705.402,4.824,23.71,,4.271,41.785,1020.164,11348.794,345.001,33558.258,59.712,28.73,3.975,47.794,1257.753,14049.42,427.099,41373.758,73.922,35.421,,,2.799,5.639,207.082,2400.676,72.98,6811.953,12.631,5.832,1.931,21.13,1115.552,487.489,14.82,36696.051,-3.271,-47.58,46289.559,1407.192,2.565,31.416,28.548,8.943,,-0.491,-0.141,294.185,,939.098,1.548,,0.804,19005.852,3550.909,4.22,42.155,1050.671,11648.743,354.119,34561.805,61.29,29.589,31.25,0.009,0.039,0.436,0.013,1.29,0.002,0.001,161.29,0.296,0.479,5.329,0.162,15.758,0.028,0.013
Canada,2000,CAN,30683316.0,1138677121024.0,7.436,0.107,50.454,1.548,276.046,8.47,1.439,0.042,214.507,5.808,19.498,11575.944,355.188,3559.263,109.21,-5.164,-24.752,14813.407,454.524,18.56,9.738,552.59,588.42,16.132,2.72,96.581,118875.336,3.203,2.766,63.421,5069.856,155.56,76803.211,2356.577,26.437,64.608,5.974,50.293,892.207,1097.013,33.66,29077.926,3.38,57.645,57459.457,1763.047,5.72,24.461,126.22,3.408,34.772,1054.936,11567.198,354.92,34381.41,60.317,28.922,2.627,33.159,1290.912,14107.34,432.86,42072.125,73.563,35.392,-35.83,-6.484,-0.94,-1.947,205.134,2253.994,69.16,6685.536,11.754,5.624,-0.571,-6.37,1109.182,413.58,12.69,36149.336,3.38,47.556,47411.711,1454.749,2.157,30.409,28.465,8.5,0.03,-0.292,-0.083,277.023,0.978,927.704,1.445,0.005,0.78,19177.195,3647.49,3.36,35.107,1085.778,11853.349,363.7,35386.59,61.81,29.768,23.81,0.009,0.049,0.652,0.02,1.583,0.003,0.001,62.963,0.302,0.781,8.474,0.26,25.442,0.044,0.021
Canada,2001,CAN,31002768.0,1162073341952.0,-0.273,-0.004,49.798,1.544,296.748,9.2,1.607,0.043,222.077,3.923,13.935,11906.132,369.123,3388.085,105.04,1.843,8.377,14930.969,462.901,18.352,10.334,550.07,572.37,16.023,-2.067,-75.392,115218.68,3.074,-0.279,-6.569,5158.571,159.93,75799.945,2350.008,27.942,65.788,-5.804,-51.785,840.422,1282.789,39.77,27107.965,1.767,31.146,57872.004,1794.192,6.948,23.527,127.11,-7.075,-80.997,973.938,10643.888,329.99,31414.564,57.653,27.265,-4.673,-68.823,1222.09,13303.328,412.44,39418.73,72.058,34.212,-22.3,-4.054,5.351,9.573,214.708,2350.113,72.86,6925.439,12.73,6.011,2.82,31.281,1140.463,487.698,15.12,36785.844,0.867,12.609,47329.879,1467.357,2.642,31.927,30.875,9.23,0.03,8.468,2.41,297.715,0.968,995.894,1.613,0.005,0.864,18461.9,3572.098,-6.645,-78.396,1007.382,10953.216,339.58,32493.289,59.329,28.201,19.231,0.009,0.058,0.645,0.02,1.855,0.003,0.002,24.621,0.186,0.967,10.967,0.34,31.176,0.059,0.027
Canada,2002,CAN,31322400.0,1200474947584.0,0.0,0.0,49.29,1.544,304.894,9.55,1.635,0.042,213.724,0.582,2.148,11853.223,371.271,3321.904,104.05,-13.922,-64.443,12721.185,398.458,17.819,10.052,562.62,583.93,15.81,3.396,121.295,117915.383,3.077,3.361,78.98,4952.366,155.12,77547.969,2428.989,26.565,65.766,4.075,34.243,874.665,1164.981,36.49,27924.592,0.726,13.033,57697.551,1807.226,6.249,23.682,124.8,5.355,45.536,1019.475,11079.93,347.05,32547.789,59.433,27.603,4.066,42.314,1264.404,13690.203,428.81,40367.406,73.435,34.234,-21.31,-3.788,-1.526,-4.64,210.068,2290.693,71.75,6706.626,12.287,5.688,3.734,42.589,1183.052,465.482,14.58,37770.156,5.415,79.462,49383.797,1546.819,2.497,32.032,32.069,9.58,0.03,3.866,1.194,305.851,0.958,1023.843,1.641,0.005,0.868,18642.57,3693.393,5.307,46.955,1054.336,11399.509,357.06,33660.781,61.148,28.547,16.129,0.009,0.066,0.639,0.02,2.119,0.003,0.002,23.1,0.216,1.182,13.09,0.41,37.741,0.07,0.032
Canada,2003,CAN,31619456.0,1225605382144.0,8.889,0.137,53.167,1.681,282.421,8.93,1.56,0.045,219.749,-0.246,-0.914,11712.962,370.357,3252.428,102.84,-7.149,-28.488,11700.717,369.97,17.967,9.98,566.64,572.38,15.424,0.477,17.628,117365.117,3.028,2.734,66.404,4976.367,157.35,78919.539,2495.393,27.49,67.243,2.65,23.183,897.848,1149.609,36.35,28395.428,-2.587,-46.756,55676.793,1760.47,6.351,24.194,125.78,-3.761,-44.629,974.846,10565.331,334.07,30830.57,58.365,26.269,-3.202,-48.776,1215.628,13125.778,415.03,38445.578,72.51,32.757,-5.74,-1.013,-0.838,-3.095,206.972,2250.197,71.15,6545.723,12.431,5.577,3.731,44.135,1227.187,574.33,18.16,38811.148,5.734,88.694,51724.887,1635.513,3.173,33.069,30.062,8.96,0.03,-6.259,-2.007,283.37,0.949,950.741,1.565,0.005,0.81,18102.146,3711.021,-3.693,-45.68,1008.656,10875.583,343.88,31899.857,60.079,27.18,0.231,-0.0,0.066,0.633,0.02,2.09,0.003,0.002,70.37,0.819,2.001,26.25,0.83,63.287,0.145,0.054
Canada,2004,CAN,31911670.0,1267051659264.0,0.274,0.005,52.824,1.686,290.176,9.26,1.59,0.045,203.86,-5.536,-20.503,10963.204,349.854,2919.935,93.18,6.596,24.404,12358.297,394.374,15.999,9.285,571.88,582.41,15.456,1.537,57.046,118078.047,2.974,0.544,13.58,4664.751,148.86,78622.414,2508.973,25.559,66.585,-2.189,-19.65,878.198,1182.013,37.72,27519.643,0.391,6.882,55382.621,1767.352,6.477,23.306,118.73,0.672,0.3,975.146,10573.874,337.43,30557.668,57.937,25.879,4.329,43.466,1259.095,13585.938,433.55,39455.621,74.441,33.415,-10.53,-1.841,20.688,41.228,248.2,2690.865,85.87,7777.733,14.744,6.587,4.379,53.734,1280.921,562.804,17.96,40139.574,3.221,52.677,52901.965,1688.19,3.084,33.994,31.298,9.29,0.03,4.112,1.236,291.116,0.94,980.771,1.595,0.005,0.831,18250.689,3768.068,0.833,2.238,1010.894,10895.073,347.68,31677.885,59.697,26.828,-37.413,-0.025,0.041,0.313,0.01,1.288,0.002,0.001,36.957,0.722,2.723,29.77,0.95,85.334,0.163,0.072
Canada,2005,CAN,32215914.0,1311262900224.0,18.044,0.304,61.767,1.99,277.503,8.94,1.474,0.052,200.669,-0.431,-1.509,10812.824,348.345,3078.292,99.17,4.162,16.414,12751.074,410.788,16.352,9.183,582.62,606.47,15.988,0.668,25.188,117744.773,2.893,-1.556,-39.04,4680.296,150.78,76668.094,2469.933,24.862,65.114,-0.26,-2.28,875.917,1103.802,35.56,27188.969,1.368,24.172,55609.922,1791.524,5.863,23.091,121.7,6.961,61.283,1036.429,11121.832,358.3,32171.334,59.08,27.323,5.783,64.228,1323.323,14144.872,455.69,41076.691,75.138,34.886,-23.85,-4.094,1.829,2.941,251.141,2695.252,86.83,7795.567,14.317,6.621,-2.752,-35.251,1245.67,498.201,16.05,38666.301,-1.708,-28.835,51507.32,1659.355,2.646,32.839,29.226,8.97,0.03,-6.621,-2.072,278.434,0.931,907.19,1.479,0.005,0.77,18825.166,3793.256,6.794,61.288,1072.182,11449.62,368.86,33281.121,60.821,28.265,19.188,0.008,0.049,0.621,0.02,1.511,0.003,0.001,65.868,1.765,4.488,48.734,1.57,139.318,0.259,0.118
Canada,2006,CAN,32531864.0,1349429624832.0,0.909,0.018,61.723,2.008,265.893,8.65,1.46,0.053,189.309,-3.132,-10.912,10372.395,337.433,2805.557,91.27,-1.473,-6.052,12441.196,404.735,15.401,8.946,573.52,592.63,15.712,-0.562,-21.306,115946.312,2.795,-0.217,-5.351,4294.559,139.71,75759.008,2464.582,23.575,65.34,-0.592,-5.182,870.735,1182.225,38.46,26765.604,0.137,2.449,55145.129,1793.974,6.49,23.084,112.19,-2.505,-32.322,1004.107,10737.78,349.32,30865.342,58.944,26.62,-0.531,-15.955,1307.368,13922.351,452.92,40187.312,76.425,34.66,-19.11,-3.332,6.436,14.483,265.624,2841.522,92.44,8165.051,15.598,7.042,0.862,10.743,1256.413,306.776,9.98,38621.012,5.831,96.756,53981.27,1756.111,1.684,33.309,28.532,8.67,0.02,-2.374,-0.694,266.508,0.615,877.05,1.463,0.003,0.756,18216.908,3771.95,-2.231,-30.438,1041.744,11080.829,360.48,32022.26,60.827,27.618,23.529,0.011,0.06,0.615,0.02,1.837,0.003,0.002,57.776,2.549,7.037,75.926,2.47,216.307,0.417,0.187
Canada,2007,CAN,32862458.0,1381196103680.0,284.794,5.719,235.118,7.727,257.132,8.45,1.379,0.197,195.393,4.545,15.336,10734.733,352.77,2992.472,98.34,2.573,10.412,12632.872,415.147,16.043,9.009,582.02,612.97,15.654,3.815,143.895,119158.602,2.835,4.661,114.875,4545.004,149.36,78492.523,2579.457,24.367,65.872,7.56,65.829,936.564,1208.978,39.73,28499.52,-2.63,-47.183,53154.609,1746.791,6.482,23.917,119.77,4.175,35.387,1039.494,11073.73,363.91,31631.662,59.368,26.546,3.579,29.019,1336.387,14107.587,463.61,40666.066,75.633,34.128,-30.95,-5.318,-4.575,-13.736,251.888,2683.609,88.19,7664.916,14.387,6.433,2.683,33.71,1290.123,343.553,11.29,39258.273,3.095,54.357,55092.312,1810.469,1.842,32.946,28.701,8.47,0.02,0.593,0.169,257.741,0.609,873.378,1.382,0.003,0.733,18652.59,3915.844,5.745,42.755,1084.499,11423.979,375.42,33001.152,61.246,27.695,23.81,0.014,0.074,0.913,0.03,2.237,0.005,0.002,21.601,1.467,8.503,91.594,3.01,258.759,0.491,0.217
Canada,2008,CAN,33218542.0,1398902882304.0,20.219,1.562,279.626,9.289,231.497,7.69,1.251,0.24,185.918,-4.972,-17.539,10091.661,335.23,2850.215,94.68,-0.293,-1.216,12460.845,413.931,15.399,8.664,582.68,614.84,15.89,-1.189,-46.577,116479.148,2.766,-2.852,-73.576,4254.552,141.33,75436.227,2505.881,22.986,64.764,-1.188,-11.126,925.439,1120.76,37.23,27859.102,-4.687,-81.875,50120.082,1664.916,6.055,23.918,114.31,2.684,21.268,1060.762,11249.139,373.68,31932.842,60.777,27.415,2.859,27.0,1363.386,14254.389,473.51,41042.934,77.014,35.236,-32.16,-5.519,2.715,5.232,257.12,2658.154,88.3,7740.266,14.361,6.645,-3.481,-44.911,1245.212,283.577,9.42,37485.457,-1.562,-28.288,53650.191,1782.181,1.532,32.182,25.47,7.7,0.01,-11.257,-3.231,231.798,0.301,766.755,1.252,0.002,0.658,18508.939,3869.268,2.893,21.767,1106.266,11596.234,385.21,33302.668,62.652,28.591,34.615,0.025,0.098,1.204,0.04,2.961,0.007,0.003,25.978,2.143,10.646,114.093,3.79,320.482,0.616,0.275
Canada,2009,CAN,33593920.0,1361508171776.0,-3.847,-0.357,265.864,8.931,253.32,8.51,1.43,0.24,173.508,-16.452,-55.152,8337.173,280.078,2337.03,78.51,-6.874,-28.454,11474.597,385.477,13.192,7.534,561.51,595.13,16.008,-3.917,-151.569,110665.805,2.731,-4.545,-113.905,3862.604,129.76,71202.664,2391.977,21.804,64.34,-3.043,-28.163,897.275,1248.738,41.95,26709.455,-6.872,-114.408,46154.43,1550.508,7.049,24.135,103.26,-2.331,-31.125,1029.638,10863.87,364.96,30649.529,61.324,27.696,-2.258,-37.665,1325.722,13852.804,465.37,39463.152,78.196,35.66,-33.62,-5.987,-6.175,-17.365,239.755,2534.089,85.13,7136.86,14.304,6.449,-2.457,-30.589,1214.623,276.836,9.3,36156.031,-0.057,-1.017,53020.418,1781.164,1.563,32.671,28.545,8.54,0.03,12.07,3.074,254.213,0.893,849.703,1.435,0.005,0.768,17715.408,3717.698,-1.322,-20.299,1085.967,11318.715,380.24,32326.289,63.892,29.211,211.429,0.206,0.304,2.977,0.1,9.061,0.017,0.008,75.31,7.902,18.548,197.655,6.64,552.13,1.116,0.499
Canada,2010,CAN,33963416.0,1407421775872.0,16.538,1.477,306.462,10.408,277.357,9.42,1.619,0.277,175.467,2.466,6.907,8449.835,286.985,2262.729,76.85,6.883,26.532,12130.962,412.009,13.209,7.648,556.12,581.82,15.505,0.936,34.781,110485.93,2.666,3.228,77.219,3830.003,130.08,72701.617,2469.195,22.357,65.802,2.056,18.446,915.721,1381.486,46.92,26961.98,-3.521,-54.597,44044.77,1495.911,8.064,24.403,102.09,-4.693,-54.342,975.296,10242.491,347.87,28716.08,59.79,25.991,-2.419,-42.438,1283.284,13300.781,451.74,37784.305,77.643,34.198,-25.7,-4.621,0.629,0.029,239.784,2518.298,85.53,7060.056,14.7,6.39,4.27,51.866,1266.489,185.788,6.31,37289.805,4.883,86.968,55004.227,1868.131,1.085,33.751,32.872,9.45,0.03,15.159,4.327,278.241,0.883,967.862,1.624,0.005,0.876,17130.787,3752.479,-3.112,-42.466,1043.5,10782.484,366.21,30724.25,62.942,27.808,134.455,0.405,0.709,7.361,0.25,20.885,0.043,0.019,31.356,5.666,24.215,254.391,8.64,712.964,1.485,0.645
Canada,2011,CAN,34323536.0,1455579594752.0,61.271,6.377,489.05,16.786,270.66,9.29,1.519,0.431,165.255,-9.847,-28.259,7537.863,258.726,2056.315,70.58,0.107,0.441,12016.543,412.45,11.541,6.644,574.98,611.54,15.705,3.771,141.502,113449.32,2.675,2.559,63.195,3825.364,131.3,73780.0,2532.39,21.47,65.033,9.805,89.787,1005.508,1609.391,55.24,29294.998,0.99,14.802,44013.918,1510.713,9.033,25.822,101.06,6.927,61.196,1036.492,10837.171,371.97,30197.703,60.825,26.618,7.498,78.307,1361.592,13991.564,480.24,39669.328,78.53,34.967,-36.56,-6.358,3.232,6.242,246.025,2572.287,88.29,7167.829,14.437,6.318,0.132,1.667,1268.156,159.657,5.48,36947.137,5.914,110.49,57646.199,1978.621,0.896,32.567,32.604,9.32,0.03,-0.814,-0.267,271.534,0.874,949.916,1.524,0.005,0.837,17816.93,3893.982,8.506,72.066,1115.566,11419.278,391.95,32501.496,64.092,28.648,123.715,0.868,1.577,16.607,0.57,45.95,0.093,0.041,16.785,3.892,28.107,293.967,10.09,818.877,1.65,0.722
Canada,2012,CAN,34691876.0,1479801044992.0,30.502,5.12,631.445,21.906,288.828,10.02,1.637,0.561,155.275,-5.147,-13.316,7073.982,245.41,1786.585,61.98,0.575,2.373,11957.354,414.823,10.123,6.283,565.29,612.27,15.676,0.305,11.862,112586.703,2.639,-0.286,-7.251,3580.089,124.2,72787.633,2525.139,20.285,64.65,-1.121,-11.273,994.235,1629.2,56.52,28659.021,-0.507,-7.661,43325.762,1503.052,9.231,25.455,95.07,1.209,6.176,1042.668,10851.531,376.46,30055.105,61.486,26.695,2.579,19.113,1380.705,14068.712,488.07,39799.074,79.715,35.35,-46.98,-8.311,1.36,1.836,247.861,2579.566,89.49,7144.64,14.616,6.346,1.367,17.338,1285.495,164.304,5.7,37054.625,7.513,148.656,61319.188,2127.278,0.931,32.912,34.839,10.05,0.03,6.854,2.235,289.693,0.865,1004.245,1.641,0.005,0.892,17648.801,3905.844,2.853,17.277,1132.844,11489.145,398.58,32654.436,65.099,29.004,54.064,0.838,2.415,25.078,0.87,69.616,0.142,0.062,11.021,2.909,31.015,322.842,11.2,894.024,1.829,0.794
Canada,2013,CAN,35063696.0,1514897276928.0,-1.978,-0.433,612.393,21.473,289.188,10.14,1.59,0.537,149.499,-2.475,-6.073,6825.774,239.337,1797.871,63.04,2.16,8.958,12086.044,423.781,9.885,5.985,586.85,637.73,15.947,2.386,93.208,114051.086,2.64,1.834,46.318,3504.194,122.87,73336.75,2571.458,19.267,64.302,6.052,60.172,1054.407,1536.632,53.88,30071.188,1.075,16.151,43326.961,1519.203,8.449,26.366,95.34,3.03,25.12,1067.788,11061.868,387.87,30452.816,60.82,26.701,3.885,46.891,1427.595,14683.563,514.86,40714.336,80.733,35.698,-50.88,-8.67,9.042,20.784,268.645,2782.935,97.58,7661.622,15.301,6.718,-0.605,-7.781,1277.714,169.691,5.95,36439.789,6.832,145.336,64813.875,2272.614,0.933,31.95,35.228,10.15,0.01,1.116,0.389,289.473,0.285,1004.684,1.592,0.002,0.881,18187.756,3999.052,2.742,26.107,1158.95,11900.628,417.28,33052.715,65.432,28.981,70.184,1.67,4.085,42.209,1.48,116.513,0.232,0.102,-1.468,-0.639,30.376,507.077,17.78,866.309,2.788,0.76
Canada,2014,CAN,35404616.0,1552197222400.0,3.179,0.683,625.78,22.155,254.487,9.01,1.416,0.553,147.589,-4.904,-11.738,6428.521,227.599,1721.527,60.95,-0.761,-3.224,11878.59,420.557,9.582,5.679,588.76,636.09,15.872,0.217,8.694,113198.414,2.582,1.136,29.213,3467.062,122.75,73455.703,2600.671,19.298,64.891,4.174,44.008,1098.415,1624.929,57.53,31024.635,4.655,70.713,44907.027,1589.916,9.044,27.407,93.88,-2.371,-31.555,1036.234,10695.78,378.68,29268.32,59.532,25.856,-0.693,-20.52,1407.075,14499.239,513.34,39742.711,80.702,35.109,-47.33,-8.039,3.713,8.307,276.951,2858.667,101.21,7822.464,15.911,6.91,-0.239,-3.057,1274.656,120.606,4.27,36002.543,7.352,167.093,68909.281,2439.707,0.671,31.805,31.268,9.03,0.02,-11.24,-3.959,255.052,0.565,883.174,1.42,0.003,0.78,17966.303,4007.746,-1.728,-28.826,1130.124,11640.573,412.13,31920.246,64.791,28.198,41.442,1.658,5.744,59.314,2.1,162.234,0.33,0.143,14.998,4.347,34.723,630.426,22.32,980.739,3.509,0.866
Canada,2015,CAN,35732120.0,1565171122176.0,-6.095,-1.35,582.253,20.805,258.871,9.25,1.448,0.516,147.664,0.598,1.36,6407.659,228.959,1609.756,57.52,-9.877,-41.54,10607.186,379.017,9.002,5.676,576.77,638.95,15.84,0.652,26.115,112891.758,2.577,0.369,9.592,3517.843,125.7,73050.875,2610.263,19.673,64.709,0.447,4.909,1103.324,1777.392,63.51,30877.666,1.11,17.641,44989.121,1607.557,9.94,27.352,94.35,-0.081,-6.998,1029.236,10589.072,378.37,28804.221,59.217,25.515,1.497,16.524,1423.599,14363.827,513.25,39840.879,80.327,35.291,-62.18,-10.781,-5.1,-15.69,261.261,2688.058,96.05,7311.664,15.032,6.477,0.261,3.323,1277.979,130.695,4.67,35765.547,3.002,73.239,70327.359,2512.946,0.731,31.681,31.881,9.26,0.01,1.959,0.613,259.151,0.28,892.226,1.449,0.002,0.79,17881.67,4033.862,3.134,32.214,1162.338,11675.77,417.2,32529.217,65.295,28.815,36.541,2.052,7.796,80.32,2.87,218.18,0.449,0.193,110.394,37.897,72.62,747.227,26.7,2032.338,4.179,1.8
Canada,2016,CAN,36113532.0,1586146836480.0,-3.588,-0.746,555.434,20.059,294.349,10.63,1.648,0.504,144.849,-6.928,-15.861,5900.776,213.098,1614.076,58.29,0.419,1.586,10539.086,380.604,9.039,5.356,581.08,644.88,16.207,-1.36,-54.844,110180.789,2.509,-2.748,-71.733,3387.927,122.35,70293.039,2538.53,18.973,63.798,-4.659,-51.398,1051.926,1650.074,59.59,29128.307,2.663,42.806,45699.285,1650.363,9.24,26.437,93.41,0.848,2.581,1031.817,10566.122,381.58,28571.479,59.171,25.931,1.58,16.888,1440.487,14469.093,522.53,39887.746,81.027,36.202,-63.8,-10.98,-0.373,-2.515,258.746,2649.699,95.69,7164.793,14.838,6.503,-0.35,-4.473,1273.506,123.776,4.47,35263.957,1.282,32.221,70476.812,2545.167,0.693,32.006,36.262,10.65,0.02,13.741,4.381,294.903,0.554,1004.109,1.651,0.003,0.911,17857.018,3979.017,2.025,19.404,1181.741,11819.393,426.84,32722.955,66.189,29.699,39.288,2.999,10.795,110.485,3.99,298.91,0.619,0.271,14.71,10.189,82.809,847.882,30.62,2293.022,4.748,2.081
Canada,2017,CAN,36554344.0,1636443488256.0,17.931,3.597,647.132,23.655,274.66,10.04,1.557,0.586,136.777,3.992,8.507,6062.338,221.605,1522.117,55.64,-2.907,-11.066,10109.271,369.538,8.63,5.486,582.55,644.7,15.959,1.523,60.588,110509.586,2.469,1.633,41.458,3110.437,113.7,70579.516,2579.988,17.636,63.867,4.363,45.892,1097.818,1489.289,54.44,30032.484,3.776,62.322,46853.109,1712.685,8.444,27.176,88.18,2.375,18.295,1050.112,10686.555,390.64,28727.408,60.593,25.995,2.268,19.13,1459.618,14526.317,531.0,39930.078,82.364,36.133,-62.15,-10.669,-0.128,-1.851,256.895,2614.464,95.57,7027.762,14.824,6.359,-1.016,-12.941,1260.565,99.031,3.62,34484.688,8.124,206.769,75283.406,2751.936,0.562,31.205,35.578,10.05,0.01,-1.887,-0.684,274.933,0.274,973.285,1.559,0.002,0.881,17636.754,4039.605,2.802,20.981,1202.723,11911.854,435.43,32902.316,67.54,29.773,-11.373,-1.284,9.511,96.842,3.54,260.181,0.549,0.235,1.877,1.058,83.867,853.524,31.2,2294.307,4.839,2.076
Canada,2018,CAN,37035260.0,1669401542656.0,3.286,0.777,659.715,24.433,262.993,9.74,1.532,0.599,132.696,-17.997,-39.882,4906.745,181.723,1262.311,46.75,-8.151,-30.122,9164.674,339.416,7.352,4.458,587.68,635.89,15.601,0.903,36.469,110059.281,2.442,2.499,64.468,3036.836,112.47,71403.742,2644.456,17.687,64.878,5.85,64.227,1162.044,1678.67,62.17,31376.705,3.216,55.083,47732.031,1767.768,9.777,28.509,84.38,-2.203,-29.141,1020.97,10315.035,382.02,27567.516,60.076,25.048,-1.222,-28.0,1431.618,14133.018,523.42,38655.531,82.313,35.122,-48.21,-8.203,-0.56,-2.933,253.962,2565.933,95.03,6857.303,14.944,6.231,3.183,40.124,1300.689,95.855,3.55,35120.293,8.926,245.639,80938.406,2997.575,0.558,31.91,33.651,9.76,0.02,-5.416,-1.927,263.533,0.54,908.619,1.535,0.003,0.826,17169.855,4076.074,-1.365,-25.067,1177.656,11567.086,428.39,31798.229,67.369,28.892,6.246,0.535,10.046,101.525,3.76,271.248,0.591,0.246,6.212,4.689,88.556,886.992,32.85,2391.129,5.166,2.173
Canada,2019,CAN,37522584.0,,1.472,0.36,660.732,24.792,251.848,9.45,1.505,0.612,130.94,-6.353,-11.544,4535.365,170.179,1169.696,43.89,-1.417,-4.809,8917.488,334.607,6.99,4.2,580.91,627.92,15.498,-0.598,-24.357,107980.758,,-0.317,-8.38,2948.891,110.65,70253.055,2636.076,17.622,65.061,0.566,6.577,1168.621,1699.51,63.77,31144.469,-4.045,-71.499,45206.629,1696.27,10.156,28.843,82.22,-1.069,-14.634,1006.336,10020.099,375.98,26819.475,59.877,24.837,-0.689,-15.977,1415.641,13785.564,517.27,37727.703,82.378,34.939,-47.01,-8.092,0.463,0.234,254.196,2544.334,95.47,6774.488,15.204,6.274,-0.262,-3.413,1297.276,79.685,2.99,34573.219,2.218,66.49,81659.219,3064.065,0.476,32.018,32.903,9.45,0.0,-2.223,-0.748,251.848,0.0,876.884,1.505,0.0,0.812,16734.455,4051.717,-0.941,-16.211,1161.445,11241.229,421.8,30953.215,67.174,28.665,7.449,0.708,10.754,107.668,4.04,286.607,0.643,0.265,-1.78,-1.897,86.659,861.615,32.33,2309.519,5.149,2.139
Canada,2020,CAN,37888704.0,,-6.024,-1.493,614.932,23.299,219.854,8.33,1.335,0.612,119.696,-12.795,-21.774,3916.867,148.405,905.019,34.29,-4.59,-15.357,8426.001,319.25,5.494,3.897,566.5,624.08,16.39,-6.022,-244.005,100497.281,,-9.417,-248.234,2697.11,102.19,63022.539,2387.842,16.375,62.711,-2.757,-32.213,1136.408,1723.997,65.32,29993.312,-2.366,-40.14,43710.391,1656.13,10.467,29.845,74.7,1.251,8.842,1015.178,10053.92,380.93,26793.693,61.039,26.661,0.474,4.229,1419.869,13774.29,521.89,37474.742,83.625,37.289,-57.58,-10.164,-2.967,-8.447,245.749,2445.32,92.65,6486.074,14.846,6.454,-14.973,-194.247,1103.03,68.094,2.58,29112.359,-4.342,-133.041,77358.781,2931.024,0.413,28.968,30.474,8.33,0.0,-7.383,-2.429,219.854,0.0,804.297,1.335,0.0,0.8,16471.4,3807.712,1.236,12.676,1174.12,11328.97,429.24,30988.668,68.78,30.835,4.917,0.487,11.242,111.907,4.24,296.7,0.679,0.295,8.787,7.269,93.928,943.289,35.74,2479.047,5.727,2.467
Canada,2021,CAN,38155012.0,,6.008,1.4,647.33,24.699,241.908,9.23,1.475,0.643,128.461,-6.907,-10.25,3620.895,138.155,964.749,36.81,5.414,17.284,8820.183,336.534,5.881,3.594,587.88,625.95,16.285,0.945,35.982,100738.891,,2.621,62.585,2932.249,111.88,64222.957,2450.428,17.874,63.752,2.932,33.323,1169.731,1894.64,72.29,30657.34,4.067,67.357,45170.664,1723.487,11.549,30.432,80.41,-0.97,-13.529,1001.649,9884.94,377.16,26252.096,60.254,26.06,-1.38,-26.604,1393.266,13473.197,514.07,36515.934,82.126,36.248,-38.07,-6.476,-5.669,-14.779,230.97,2289.608,87.36,6053.456,13.956,6.009,3.582,39.512,1142.541,72.861,2.78,29944.723,5.792,169.753,81267.891,3100.777,0.444,29.725,31.482,9.23,0.0,3.308,1.008,241.908,0.0,825.103,1.475,0.0,0.819,16405.445,3843.694,-0.469,-11.824,1162.296,11183.59,426.71,30462.479,68.17,30.239,20.704,2.278,13.519,133.927,5.11,354.328,0.816,0.352,-2.818,-2.981,90.947,922.815,35.21,2383.623,5.625,2.366
Canada,2022,CAN,38454328.0,,-4.875,-1.204,610.979,23.495,235.604,9.06,1.419,0.598,127.816,-22.382,-30.922,2788.582,107.233,1059.439,40.74,-2.677,-9.009,8517.256,327.525,6.381,2.73,596.39,638.42,16.251,2.207,84.812,102160.289,,2.38,58.33,2883.42,110.88,65239.922,2508.757,17.368,63.86,3.98,46.551,1216.283,1744.667,67.09,31629.277,7.35,126.676,48113.273,1850.164,10.509,30.96,81.6,4.087,37.133,1038.782,10207.174,392.51,27013.396,61.481,26.442,2.07,26.482,1419.748,13718.611,527.54,36920.363,82.632,36.14,-42.03,-7.047,-5.808,-14.209,216.76,2139.681,82.28,5636.829,12.888,5.518,3.737,42.7,1185.242,79.315,3.05,30822.062,2.762,85.65,82862.633,3186.427,0.478,30.17,27.197,9.06,0.0,-13.609,-4.284,235.604,0.0,707.266,1.419,0.0,0.692,16602.031,3928.505,3.655,40.691,1202.987,11578.931,445.26,31283.535,69.744,30.622,16.394,2.159,15.678,144.587,5.56,407.714,0.871,0.399,7.967,6.888,97.835,991.566,38.13,2544.18,5.973,2.49
Cape Verde,1980,CPV,317249.0,400192000.0,,,,,,,,,,,,,,,,,,0.0,0.0,,,,,,,,3782.307,2.998,,,,,,,,,,,,,,,,,0.0,0.0,,,,,,,,,,,,,,,,,,,,,,,,,,,,,,,,,,,,,,0.0,0.0,,,,,,,,,,,,,,,1.2,,,,,,,,,,,,,,,,,,,,,,,,
Cape Verde,1981,CPV,321638.0,434100000.0,,,,,,,,,,,,,,,,,0.0,0.0,0.0,,,,,,-0.273,-0.003,3720.501,2.757,,,,,,,,,,,,,,,,0.0,0.0,0.0,,,,,,,,,,,,,,,,,,,,,,,,,,,,,,,,,,,,,0.0,0.0,0.0,,,,,,,,,,,,,,,1.197,,,,,,,,,,,,,,,,,,,,,,,,
Cape Verde,1982,CPV,326326.0,446880000.0,,,,,,,,,,,,,,,,,0.0,0.0,0.0,,,,,,-57.143,-0.684,1571.594,1.148,,,,,,,,,,,,,,,,0.0,0.0,0.0,,,,,,,,,,,,,,,,,,,,,,,,,,,,,,,,,,,,,0.0,0.0,0.0,,,,,,,,,,,,,,,0.513,,,,,,,,,,,,,,,,,,,,,,,,
Cape Verde,1983,CPV,330981.0,489104000.0,,,,,,,,,,,,,,,,,0.0,0.0,0.0,,,,,,0.0,0.0,1549.491,1.049,,,,,,,,,,,,,,,,0.0,0.0,0.0,,,,,,,,,,,,,,,,,,,,,,,,,,,,,,,,,,,,,0.0,0.0,0.0,,,,,,,,,,,,,,,0.513,,,,,,,,,,,,,,,,,,,,,,,,
Cape Verde,1984,CPV,335481.0,507312000.0,,,,,,,,,,,,,,,,,0.0,0.0,0.0,,,,,,22.557,0.116,1873.538,1.239,,,,,,,,,,,,,,,,0.0,0.0,0.0,,,,,,,,,,,,,,,,,,,,,,,,,,,,,,,,,,,,,0.0,0.0,0.0,,,,,,,,,,,,,,,0.629,,,,,,,,,,,,,,,,,,,,,,,,
Cape Verde,1985,CPV,339890.0,552214016.0,,,,,,,,,,,,,,,,,0.0,0.0,0.0,,,,,,-0.273,-0.002,1844.182,1.135,,,,,,,,,,,,,,,,0.0,0.0,0.0,,,,,,,,,,,,,,,,,,,,,,,,,,,,,,,,,,,,,0.0,0.0,0.0,,,,,,,,,,,,,,,0.627,,,,,,,,,,,,,,,,,,,,,,,,
Cape Verde,1986,CPV,344284.0,566886016.0,,,,,,,,,,,,,,,,,0.0,0.0,0.0,,,,,,-69.301,-0.434,558.922,0.339,,,,,,,,,,,,,,,,0.0,0.0,0.0,,,,,,,,,,,,,,,,,,,,,,,,,,,,,,,,,,,,,0.0,0.0,0.0,,,,,,,,,,,,,,,0.192,,,,,,,,,,,,,,,,,,,,,,,,
Cape Verde,1987,CPV,348726.0,592342016.0,,,,,,,,,,,,,,,,,0.0,0.0,0.0,,,,,,6.181,0.012,585.908,0.345,,,,,,,,,,,,,,,,0.0,0.0,0.0,,,,,,,,,,,,,,,,,,,,,,,,,,,,,,,,,,,,,0.0,0.0,0.0,,,,,,,,,,,,,,,0.204,,,,,,,,,,,,,,,,,,,,,,,,
Cape Verde,1988,CPV,353237.0,628238016.0,,,,,,,,,,,,,,,,,0.0,0.0,0.0,,,,,,38.103,0.078,798.823,0.449,,,,,,,,,,,,,,,,0.0,0.0,0.0,,,,,,,,,,,,,,,,,,,,,,,,,,,,,,,,,,,,,0.0,0.0,0.0,,,,,,,,,,,,,,,0.282,,,,,,,,,,,,,,,,,,,,,,,,
Cape Verde,1989,CPV,358160.0,663299968.0,,,,,,,,,,,,,,,,,0.0,0.0,0.0,,,,,,21.857,0.062,960.039,0.518,,,,,,,,,,,,,,,,0.0,0.0,0.0,,,,,,,,,,,,,,,,,,,,,,,,,,,,,,,,,,,,,0.0,0.0,0.0,,,,,,,,,,,,,,,0.344,,,,,,,,,,,,,,,,,,,,,,,,
Cape Verde,1990,CPV,364572.0,668099968.0,,,,,,,,,,,,,,,,,0.0,0.0,0.0,,,,,,0.0,0.0,943.154,0.515,,,,,,,,,,,,,,,,0.0,0.0,0.0,,,,,,,,,,,,,,,,,,,,,,,,,,,,,,,,,,,,,0.0,0.0,0.0,,,,,,,,,,,,,,,0.344,,,,,,,,,,,,,,,,,,,,,,,,
Cape Verde,1991,CPV,372733.0,689942656.0,,,,,,,,,,,,,,,,,0.0,0.0,0.0,,,,,,0.0,0.0,922.504,0.498,,,,,,,,,,,,,,,,0.0,0.0,0.0,,,,,,,,,,,,,,,,,,,,,,,,,,,,,,,,,,,,,0.0,0.0,0.0,,,,,,,,,,,,,,,0.344,,,,,,,,,,,,,,,,,,,,,,,,
Cape Verde,1992,CPV,381957.0,722536192.0,,,,,,,,,,,,,,,,,0.0,0.0,0.0,,,,,,18.406,0.063,1065.922,0.563,,,,,,,,,,,,,,,,0.0,0.0,0.0,,,,,,,,,,,,,,,,,,,,,,,,,,,,,,,,,,,,,0.0,0.0,0.0,,,,,,,,,,,,,,,0.407,,,,,,,,,,,,,,,,,,,,,,,,
Cape Verde,1993,CPV,391764.0,790274624.0,,,,,,,,,,,,,,,,,0.0,0.0,0.0,,,,,,1.244,0.005,1052.166,0.522,,,,,,,,,,,,,,,,0.0,0.0,0.0,,,,,,,,,,,,,,,,,,,,,,,,,,,,,,,,,,,,,0.0,0.0,0.0,,,,,,,,,,,,,,,0.412,,,,,,,,,,,,,,,,,,,,,,,,
Cape Verde,1994,CPV,401664.0,861446208.0,,,,,,,,,,,,,,,,,0.0,0.0,0.0,,,,,,18.95,0.078,1220.704,0.569,,,,,,,,,,,,,,,,0.0,0.0,0.0,,,,,,,,,,,,,,,,,,,,,,,,,,,,,,,,,,,,,0.0,0.0,0.0,,,,,,,,,,,,,,,0.49,,,,,,,,,,,,,,,,,,,,,,,,
Cape Verde,1995,CPV,411394.0,941287744.0,,,,,,,,,,,,,,,,,0.0,0.0,0.0,,,,,,-2.032,-0.01,1167.612,0.51,,,,,,,,,,,,,,,,0.0,0.0,0.0,,,,,,,,,,,,,,,,,,,,,,,,,,,,,,,,,,,,,0.0,0.0,0.0,,,,,,,,,,,,,,,0.48,,,,,,,,,,,,,,,,,,,,,,,,
Cape Verde,1996,CPV,421018.0,1024669376.0,,,,,,,,,,,,,,,,,0.0,0.0,0.0,,,,,,12.801,0.061,1286.975,0.529,,,,,,,,,,,,,,,,0.0,0.0,0.0,,,,,,,,,,,,,,,,,,,,,,,,,,,,,,,,,,,,,0.0,0.0,0.0,,,,,,,,,,,,,,,0.542,,,,,,,,,,,,,,,,,,,,,,,,
Cape Verde,1997,CPV,430662.0,1122095872.0,,,,,,,,,,,,,,,,,0.0,0.0,0.0,,,,,,-0.279,-0.002,1254.643,0.482,,,,,,,,,,,,,,,,0.0,0.0,0.0,,,,,,,,,,,,,,,,,,,,,,,,,,,,,,,,,,,,,0.0,0.0,0.0,,,,,,,,,,,,,,,0.54,,,,,,,,,,,,,,,,,,,,,,,,
Cape Verde,1998,CPV,440223.0,1238844928.0,,,,,,,,,,,,,,,,,0.0,0.0,0.0,,,,,,0.547,0.003,1234.108,0.439,,,,,,,,,,,,,,,,0.0,0.0,0.0,,,,,,,,,,,,,,,,,,,,,,,,,,,,,,,,,,,,,0.0,0.0,0.0,,,,,,,,,,,,,,,0.543,,,,,,,,,,,,,,,,,,,,,,,,
Cape Verde,1999,CPV,449630.0,1412383360.0,,,,,,,,,,,,,,,,,0.0,0.0,0.0,,,,,,0.014,0.0,1208.454,0.385,,,,,,,,,,,,,,,,0.0,0.0,0.0,,,,,,,,,,,,,,,,,,,,,,,,,,,,,,,,,,,,,0.0,0.0,0.0,,,,,,,,,,,,,,,0.543,,,,,,,,,,,,,,,,,,,,,,,,
Cape Verde,2000,CPV,458258.0,1540942336.0,,,,,0.0,0.0,0.0,,642.857,,,,,0.0,0.0,,0.0,0.0,0.0,0.0,,0.14,0.14,,151.454,0.823,2981.49,0.887,,,283.683,0.13,,,92.857,,,,,0.0,0.0,,,0.0,0.0,0.0,0.0,,0.09,,,,0.0,0.0,,0.0,,,,,21.822,0.01,,7.143,,0.0,0.0,,,,0.0,0.0,,0.0,,,,,283.683,0.13,,,0.0,0.0,0.0,92.857,,,0.0,0.0,,,0.0,0.0,,0.0,0.0,,305.505,1.366,,,,21.822,0.01,,7.143,,,,,0.0,0.0,,0.0,,,,,21.822,0.01,,7.143,
Cape Verde,2001,CPV,465970.0,1663976320.0,,,,,0.0,0.0,0.0,,687.5,,,,,0.0,0.0,,0.0,0.0,0.0,0.0,,0.16,0.16,,11.318,0.155,3263.994,0.914,,,321.909,0.15,,,93.75,,,,,0.0,0.0,,,0.0,0.0,0.0,0.0,,0.11,,,,0.0,0.0,,0.0,,,,,21.461,0.01,,6.25,,0.0,0.0,,,,0.0,0.0,,0.0,,,,,321.909,0.15,,,0.0,0.0,0.0,93.75,,,0.0,0.0,,,0.0,0.0,,0.0,0.0,,343.37,1.521,,,,21.461,0.01,,6.25,,,,,0.0,0.0,,0.0,,,,,21.461,0.01,,6.25,
Cape Verde,2002,CPV,473237.0,1787223040.0,,,,,0.0,0.0,0.0,,666.667,,,,,0.0,0.0,,0.0,0.0,0.0,0.0,,0.18,0.18,,8.676,0.132,3492.702,0.925,,,359.228,0.17,,,94.444,,,,,0.0,0.0,,,0.0,0.0,0.0,0.0,,0.12,,,,0.0,0.0,,0.0,,,,,21.131,0.01,,5.556,,0.0,0.0,,,,0.0,0.0,,0.0,,,,,359.228,0.17,,,0.0,0.0,0.0,94.444,,,0.0,0.0,,,0.0,0.0,,0.0,0.0,,380.359,1.653,,,,21.131,0.01,,5.556,,,,,0.0,0.0,,0.0,,,,,21.131,0.01,,5.556,
Cape Verde,2003,CPV,480095.0,1904397568.0,,,,,0.0,0.0,0.0,,722.222,,,,,0.0,0.0,,0.0,0.0,0.0,0.0,,0.18,0.18,,-0.606,-0.01,3421.961,0.863,,,374.926,0.18,,,100.0,,,,,0.0,0.0,,,0.0,0.0,0.0,0.0,,0.13,,,,0.0,0.0,,0.0,,,,,0.0,0.0,,0.0,,0.0,0.0,,,,0.0,0.0,,0.0,,,,,374.926,0.18,,,0.0,0.0,0.0,100.0,,,0.0,0.0,,,0.0,0.0,,0.0,0.0,,374.926,1.643,,,,0.0,0.0,,0.0,,,,,0.0,0.0,,0.0,,,,,0.0,0.0,,0.0,
Cape Verde,2004,CPV,486591.0,2022409344.0,,,,,0.0,0.0,0.0,,666.667,,,,,0.0,0.0,,0.0,0.0,0.0,0.0,,0.21,0.21,,9.351,0.154,3692.002,0.888,,,411.023,0.2,,,95.238,,,,,0.0,0.0,,,0.0,0.0,0.0,0.0,,0.14,,,,0.0,0.0,,0.0,,,,,20.551,0.01,,4.762,,0.0,0.0,,,,0.0,0.0,,0.0,,,,,411.023,0.2,,,0.0,0.0,0.0,95.238,,,0.0,0.0,,,0.0,0.0,,0.0,0.0,,431.574,1.796,,,,20.551,0.01,,4.762,,,,,0.0,0.0,,0.0,,,,,20.551,0.01,,4.762,
Cape Verde,2005,CPV,492841.0,2194575616.0,,,,,0.0,0.0,0.0,,652.174,,,,,0.0,0.0,,0.0,0.0,0.0,0.0,,0.23,0.23,,55.967,1.005,5685.298,1.277,,,446.391,0.22,,,95.652,,,,,0.0,0.0,,,0.0,0.0,0.0,0.0,,0.15,,,,0.0,0.0,,0.0,,,,,20.291,0.01,,4.348,,0.0,0.0,,,,0.0,0.0,,0.0,,,,,446.391,0.22,,,0.0,0.0,0.0,95.652,,,0.0,0.0,,,0.0,0.0,,0.0,0.0,,466.682,2.802,,,,20.291,0.01,,4.348,,,,,0.0,0.0,,0.0,,,,,20.291,0.01,,4.348,
Cape Verde,2006,CPV,498895.0,2457336064.0,,,,,0.0,0.0,0.0,,666.667,,,,,0.0,0.0,,0.0,0.0,0.0,0.0,,0.24,0.24,,6.257,0.175,5967.698,1.212,,,461.019,0.23,,,95.833,,,,,0.0,0.0,,,0.0,0.0,0.0,0.0,,0.16,,,,0.0,0.0,,0.0,,,,,20.044,0.01,,4.167,,0.0,0.0,,,,0.0,0.0,,0.0,,,,,461.019,0.23,,,0.0,0.0,0.0,95.833,,,0.0,0.0,,,0.0,0.0,,0.0,0.0,,481.063,2.977,,,,20.044,0.01,,4.167,,,,,0.0,0.0,,0.0,,,,,20.044,0.01,,4.167,
Cape Verde,2007,CPV,504742.0,2720555264.0,,,,,0.0,0.0,0.0,,692.308,,,,,0.0,0.0,,0.0,0.0,0.0,0.0,,0.26,0.26,,11.449,0.341,6573.914,1.22,,,495.303,0.25,,,96.154,,,,,0.0,0.0,,,0.0,0.0,0.0,0.0,,0.18,,,,0.0,0.0,,0.0,,,,,19.812,0.01,,3.846,,0.0,0.0,,,,0.0,0.0,,0.0,,,,,495.303,0.25,,,0.0,0.0,0.0,96.154,,,0.0,0.0,,,0.0,0.0,,0.0,0.0,,515.115,3.318,,,,19.812,0.01,,3.846,,,,,0.0,0.0,,0.0,,,,,19.812,0.01,,3.846,
Cape Verde,2008,CPV,510342.0,2956642816.0,,,,,0.0,0.0,0.0,,666.667,,,,,0.0,0.0,,0.0,0.0,0.0,0.0,,0.27,0.27,,1.345,0.045,6589.225,1.137,,,509.462,0.26,,,96.296,,,,,0.0,0.0,,,0.0,0.0,0.0,0.0,,0.18,,,,0.0,0.0,,0.0,,,,,19.595,0.01,,3.704,,0.0,0.0,,,,0.0,0.0,,0.0,,,,,509.462,0.26,,,0.0,0.0,0.0,96.296,,,0.0,0.0,,,0.0,0.0,,0.0,0.0,,529.057,3.363,,,,19.595,0.01,,3.704,,,,,0.0,0.0,,0.0,,,,,19.595,0.01,,3.704,
Cape Verde,2009,CPV,515643.0,2969179648.0,,,,,0.0,0.0,0.0,,678.571,,,,,0.0,0.0,,0.0,0.0,0.0,0.0,,0.28,0.28,,-5.28,-0.178,6177.154,1.073,,,523.618,0.27,,,96.429,,,,,0.0,0.0,,,0.0,0.0,0.0,0.0,,0.19,,,,0.0,0.0,,0.0,,,,,19.393,0.01,,3.571,,0.0,0.0,,,,0.0,0.0,,0.0,,,,,523.618,0.27,,,0.0,0.0,0.0,96.429,,,0.0,0.0,,,0.0,0.0,,0.0,0.0,,543.011,3.185,,,,19.393,0.01,,3.571,,,,,0.0,0.0,,0.0,,,,,19.393,0.01,,3.571,
Cape Verde,2010,CPV,521219.0,3071163648.0,,,,,0.0,0.0,0.0,,687.5,,,,,0.0,0.0,,0.0,0.0,0.0,0.0,,0.32,0.32,,7.064,0.225,6542.746,1.11,,,613.945,0.32,,,100.0,,,,,0.0,0.0,,,0.0,0.0,0.0,0.0,,0.22,,,,0.0,0.0,,0.0,,,,,0.0,0.0,,0.0,,0.0,0.0,,,,0.0,0.0,,0.0,,,,,613.945,0.32,,,0.0,0.0,0.0,100.0,,,0.0,0.0,,,0.0,0.0,,0.0,0.0,,613.945,3.41,,,,0.0,0.0,,0.0,,,,,0.0,0.0,,0.0,,,,,0.0,0.0,,0.0,
Cape Verde,2011,CPV,527528.0,3248219904.0,,,,,0.0,0.0,0.0,,628.571,,,,,0.0,0.0,,0.0,0.0,0.0,0.0,,0.35,0.35,,19.002,0.648,7692.892,1.249,,,606.603,0.32,,,91.429,,,,,0.0,0.0,,,0.0,0.0,0.0,0.0,,0.22,,,,0.0,0.0,,0.0,,,,,56.869,0.03,,8.571,,0.0,0.0,,,,0.0,0.0,,0.0,,,,,606.603,0.32,,,0.0,0.0,0.0,91.429,,,0.0,0.0,,,0.0,0.0,,0.0,0.0,,663.472,4.058,,,,56.869,0.03,,8.571,,,,,18.956,0.01,,2.857,,,,,37.913,0.02,,5.714,
Cape Verde,2012,CPV,533877.0,3287052032.0,,,,,0.0,0.0,0.0,,555.556,,,,,0.0,0.0,,0.0,0.0,0.0,0.0,,0.36,0.36,,-10.279,-0.417,6820.054,1.108,,,543.196,0.29,,,80.556,,,,,0.0,0.0,,,0.0,0.0,0.0,0.0,,0.2,,,,0.0,0.0,,0.0,,,,,131.116,0.07,,19.444,,0.0,0.0,,,,0.0,0.0,,0.0,,,,,543.196,0.29,,,0.0,0.0,0.0,80.556,,,0.0,0.0,,,0.0,0.0,,0.0,0.0,,674.313,3.641,,,,131.116,0.07,,19.444,,,,,18.731,0.01,,2.778,,,,,112.385,0.06,,16.667,
Cape Verde,2013,CPV,539949.0,3310254080.0,,,,,0.0,0.0,0.0,,538.461,,,,,0.0,0.0,,0.0,0.0,0.0,0.0,,0.39,0.39,,-1.584,-0.058,6636.519,1.083,,,555.608,0.3,,,76.923,,,,,0.0,0.0,,,0.0,0.0,0.0,0.0,,0.21,,,,0.0,0.0,,0.0,,,,,166.682,0.09,,23.077,,0.0,0.0,,,,0.0,0.0,,0.0,,,,,555.608,0.3,,,0.0,0.0,0.0,76.923,,,0.0,0.0,,,0.0,0.0,,0.0,0.0,,722.29,3.583,,,,166.682,0.09,,23.077,,,,,18.52,0.01,,2.564,,,,,148.162,0.08,,20.513,
Cape Verde,2014,CPV,546083.0,3375217920.0,,,,,0.0,0.0,0.0,,536.585,,,,,0.0,0.0,,0.0,0.0,0.0,0.0,,0.41,0.41,,7.853,0.281,7077.256,1.145,,,585.992,0.32,,,78.049,,,,,0.0,0.0,,,0.0,0.0,0.0,0.0,,0.22,,,,0.0,0.0,,0.0,,,,,164.81,0.09,,21.951,,0.0,0.0,,,,0.0,0.0,,0.0,,,,,585.992,0.32,,,0.0,0.0,0.0,78.049,,,0.0,0.0,,,0.0,0.0,,0.0,0.0,,750.802,3.865,,,,164.81,0.09,,21.951,,,,,18.312,0.01,,2.439,,,,,146.498,0.08,,19.512,
Cape Verde,2015,CPV,552169.0,3421235968.0,,,,,0.0,0.0,0.0,,536.585,,,,,0.0,0.0,,0.0,0.0,0.0,0.0,,0.41,0.41,,-1.198,-0.046,6915.403,1.116,,,579.533,0.32,,,78.049,,,,,0.0,0.0,,,0.0,0.0,0.0,0.0,,0.22,,,,0.0,0.0,,0.0,,,,,162.994,0.09,,21.951,,0.0,0.0,,,,0.0,0.0,,0.0,,,,,579.533,0.32,,,0.0,0.0,0.0,78.049,,,0.0,0.0,,,0.0,0.0,,0.0,0.0,,742.526,3.818,,,,162.994,0.09,,21.951,,,,,18.11,0.01,,2.439,,,,,144.883,0.08,,19.512,
Cape Verde,2016,CPV,558399.0,3549154048.0,,,,,0.0,0.0,0.0,,558.14,,,,,0.0,0.0,,0.0,0.0,0.0,0.0,,0.43,0.43,,4.444,0.17,7142.143,1.124,,,608.884,0.34,,,79.07,,,,,0.0,0.0,,,0.0,0.0,0.0,0.0,,0.24,,,,0.0,0.0,,0.0,,,,,161.175,0.09,,20.93,,0.0,0.0,,,,0.0,0.0,,0.0,,,,,608.884,0.34,,,0.0,0.0,0.0,79.07,,,0.0,0.0,,,0.0,0.0,,0.0,0.0,,770.059,3.988,,,,161.175,0.09,,20.93,,,,,17.908,0.01,,2.326,,,,,143.267,0.08,,18.605,
Cape Verde,2017,CPV,564959.0,3695577600.0,,,,,0.0,0.0,0.0,,586.957,,,,,0.0,0.0,,,,,0.0,,0.46,0.46,,6.092,0.243,7489.28,1.145,,,672.615,0.38,,,82.609,,,,,0.0,0.0,,,,,,0.0,,0.27,,,,0.0,0.0,,0.0,,,,,141.603,0.08,,17.391,,0.0,0.0,,,,0.0,0.0,,0.0,,,,,672.615,0.38,,,,,,82.609,,,0.0,0.0,,,0.0,0.0,,0.0,0.0,,814.218,4.231,,,,141.603,0.08,,17.391,,,,,17.7,0.01,,2.174,,,,,123.903,0.07,,15.217,
Cape Verde,2018,CPV,571209.0,3882678784.0,,,,,0.0,0.0,0.0,,565.217,,,,,0.0,0.0,,,,,0.0,,0.46,0.46,,1.194,0.051,7495.767,1.103,,,647.749,0.37,,,80.435,,,,,0.0,0.0,,,,,,0.0,,0.26,,,,0.0,0.0,,0.0,,,,,157.561,0.09,,19.565,,0.0,0.0,,,,0.0,0.0,,0.0,,,,,647.749,0.37,,,,,,80.435,,,0.0,0.0,,,0.0,0.0,,0.0,0.0,,805.309,4.282,,,,157.561,0.09,,19.565,,,,,17.507,0.01,,2.174,,,,,140.054,0.08,,17.391,
Cape Verde,2019,CPV,577037.0,,,,,,0.0,0.0,0.0,,586.957,,,,,0.0,0.0,,,,,0.0,,0.46,0.46,,-0.487,-0.021,7383.928,,,,658.537,0.38,,,82.609,,,,,0.0,0.0,,,,,,0.0,,0.27,,,,0.0,0.0,,0.0,,,,,138.639,0.08,,17.391,,0.0,0.0,,,,0.0,0.0,,0.0,,,,,658.537,0.38,,,,,,82.609,,,0.0,0.0,,,0.0,0.0,,0.0,0.0,,797.176,4.261,,,,138.639,0.08,,17.391,,,,,17.33,0.01,,2.174,,,,,121.309,0.07,,15.217,
Cape Verde,2020,CPV,582646.0,,,,,,0.0,0.0,0.0,,581.395,,,,,0.0,0.0,,,,,0.0,,0.43,0.43,,-4.966,-0.212,6949.681,,,,617.871,0.36,,,83.721,,,,,0.0,0.0,,,,,,0.0,,0.25,,,,0.0,0.0,,0.0,,,,,120.142,0.07,,16.279,,0.0,0.0,,,,0.0,0.0,,0.0,,,,,617.871,0.36,,,,,,83.721,,,0.0,0.0,,,0.0,0.0,,0.0,0.0,,738.012,4.049,,,,120.142,0.07,,16.279,,,,,17.163,0.01,,2.326,,,,,102.978,0.06,,13.953,
Cape Verde,2021,CPV,587936.0,,,,,,0.0,0.0,0.0,,600.0,,,,,0.0,0.0,,,,,0.0,,0.45,0.45,,5.261,0.213,7249.497,,,,646.329,0.38,,,84.444,,,,,0.0,0.0,,,,,,0.0,,0.27,,,,0.0,0.0,,0.0,,,,,119.061,0.07,,15.556,,0.0,0.0,,,,0.0,0.0,,0.0,,,,,646.329,0.38,,,,,,84.444,,,0.0,0.0,,,0.0,0.0,,0.0,0.0,,765.389,4.262,,,,119.061,0.07,,15.556,,,,,17.009,0.01,,2.222,,,,,102.052,0.06,,13.333,
Cayman Islands,1980,CYM,17123.0,,,,,,,,,,,,,,,,,,,0.0,0.0,,,,,,,,24141.857,,,,,,,,,,,,,,,,,,0.0,0.0,,,,,,,,,,,,,,,,,,,,,,,,,,,,,,,,,,,,,,0.0,0.0,,,,,,,,,,,,,,,0.413,,,,,,,,,,,,,,,,,,,,,,,,
Cayman Islands,1981,CYM,17927.0,,,,,,,,,,,,,,,,,,0.0,0.0,0.0,,,,,,13.973,0.058,26281.291,,,,,,,,,,,,,,,,,0.0,0.0,0.0,,,,,,,,,,,,,,,,,,,,,,,,,,,,,,,,,,,,,0.0,0.0,0.0,,,,,,,,,,,,,,,0.471,,,,,,,,,,,,,,,,,,,,,,,,
Cayman Islands,1982,CYM,18752.0,,,,,,,,,,,,,,,,,,0.0,0.0,0.0,,,,,,0.0,0.0,25125.037,,,,,,,,,,,,,,,,,0.0,0.0,0.0,,,,,,,,,,,,,,,,,,,,,,,,,,,,,,,,,,,,,0.0,0.0,0.0,,,,,,,,,,,,,,,0.471,,,,,,,,,,,,,,,,,,,,,,,,
Cayman Islands,1983,CYM,19597.0,,,,,,,,,,,,,,,,,,0.0,0.0,0.0,,,,,,-12.5,-0.059,21036.465,,,,,,,,,,,,,,,,,0.0,0.0,0.0,,,,,,,,,,,,,,,,,,,,,,,,,,,,,,,,,,,,,0.0,0.0,0.0,,,,,,,,,,,,,,,0.412,,,,,,,,,,,,,,,,,,,,,,,,
Cayman Islands,1984,CYM,20457.0,,,,,,,,,,,,,,,,,,0.0,0.0,0.0,,,,,,14.599,0.06,23094.074,,,,,,,,,,,,,,,,,0.0,0.0,0.0,,,,,,,,,,,,,,,,,,,,,,,,,,,,,,,,,,,,,0.0,0.0,0.0,,,,,,,,,,,,,,,0.472,,,,,,,,,,,,,,,,,,,,,,,,
Cayman Islands,1985,CYM,21340.0,,,,,,,,,,,,,,,,,,0.0,0.0,0.0,,,,,,-0.273,-0.001,22078.008,,,,,,,,,,,,,,,,,0.0,0.0,0.0,,,,,,,,,,,,,,,,,,,,,,,,,,,,,,,,,,,,,0.0,0.0,0.0,,,,,,,,,,,,,,,0.471,,,,,,,,,,,,,,,,,,,,,,,,
Cayman Islands,1986,CYM,22220.0,,,,,,,,,,,,,,,,,,0.0,0.0,0.0,,,,,,-5.48,-0.026,20041.672,,,,,,,,,,,,,,,,,0.0,0.0,0.0,,,,,,,,,,,,,,,,,,,,,,,,,,,,,,,,,,,,,0.0,0.0,0.0,,,,,,,,,,,,,,,0.445,,,,,,,,,,,,,,,,,,,,,,,,
Cayman Islands,1987,CYM,23095.0,,,,,,,,,,,,,,,,,,0.0,0.0,0.0,,,,,,5.617,0.025,20365.4,,,,,,,,,,,,,,,,,0.0,0.0,0.0,,,,,,,,,,,,,,,,,,,,,,,,,,,,,,,,,,,,,0.0,0.0,0.0,,,,,,,,,,,,,,,0.47,,,,,,,,,,,,,,,,,,,,,,,,
Cayman Islands,1988,CYM,23982.0,,,,,,,,,,,,,,,,,,0.0,0.0,0.0,,,,,,143.528,0.675,47761.172,,,,,,,,,,,,,,,,,0.0,0.0,0.0,,,,,,,,,,,,,,,,,,,,,,,,,,,,,,,,,,,,,0.0,0.0,0.0,,,,,,,,,,,,,,,1.145,,,,,,,,,,,,,,,,,,,,,,,,
Cayman Islands,1989,CYM,24911.0,,,,,,,,,,,,,,,,,,0.0,0.0,0.0,,,,,,-0.261,-0.003,45860.078,,,,,,,,,,,,,,,,,0.0,0.0,0.0,,,,,,,,,,,,,,,,,,,,,,,,,,,,,,,,,,,,,0.0,0.0,0.0,,,,,,,,,,,,,,,1.142,,,,,,,,,,,,,,,,,,,,,,,,
Cayman Islands,1990,CYM,26050.0,,,,,,,,,,,,,,,,,,0.0,0.0,0.0,,,,,,6.293,0.072,46614.609,,,,,,,,,,,,,,,,,0.0,0.0,0.0,,,,,,,,,,,,,,,,,,,,,,,,,,,,,,,,,,,,,0.0,0.0,0.0,,,,,,,,,,,,,,,1.214,,,,,,,,,,,,,,,,,,,,,,,,
Cayman Islands,1991,CYM,27362.0,,,,,,,,,,,,,,,,,,0.0,0.0,0.0,,,,,,-1.02,-0.012,43926.918,,,,,,,,,,,,,,,,,0.0,0.0,0.0,,,,,,,,,,,,,,,,,,,,,,,,,,,,,,,,,,,,,0.0,0.0,0.0,,,,,,,,,,,,,,,1.202,,,,,,,,,,,,,,,,,,,,,,,,
Cayman Islands,1992,CYM,28701.0,,,,,,,,,,,,,,,,,,0.0,0.0,0.0,,,,,,1.431,0.017,42476.656,,,,,,,,,,,,,,,,,0.0,0.0,0.0,,,,,,,,,,,,,,,,,,,,,,,,,,,,,,,,,,,,,0.0,0.0,0.0,,,,,,,,,,,,,,,1.219,,,,,,,,,,,,,,,,,,,,,,,,
Cayman Islands,1993,CYM,30061.0,,,,,,,,,,,,,,,,,,0.0,0.0,0.0,,,,,,-5.234,-0.064,38432.383,,,,,,,,,,,,,,,,,0.0,0.0,0.0,,,,,,,,,,,,,,,,,,,,,,,,,,,,,,,,,,,,,0.0,0.0,0.0,,,,,,,,,,,,,,,1.155,,,,,,,,,,,,,,,,,,,,,,,,
Cayman Islands,1994,CYM,31439.0,,,,,,,,,,,,,,,,,,0.0,0.0,0.0,,,,,,15.363,0.177,42393.613,,,,,,,,,,,,,,,,,0.0,0.0,0.0,,,,,,,,,,,,,,,,,,,,,,,,,,,,,,,,,,,,,0.0,0.0,0.0,,,,,,,,,,,,,,,1.333,,,,,,,,,,,,,,,,,,,,,,,,
Cayman Islands,1995,CYM,32823.0,,,,,,,,,,,,,,,,,,0.0,0.0,0.0,,,,,,7.136,0.095,43503.664,,,,,,,,,,,,,,,,,0.0,0.0,0.0,,,,,,,,,,,,,,,,,,,,,,,,,,,,,,,,,,,,,0.0,0.0,0.0,,,,,,,,,,,,,,,1.428,,,,,,,,,,,,,,,,,,,,,,,,
Cayman Islands,1996,CYM,34216.0,,,,,,,,,,,,,,,,,,0.0,0.0,0.0,,,,,,0.274,0.004,41846.883,,,,,,,,,,,,,,,,,0.0,0.0,0.0,,,,,,,,,,,,,,,,,,,,,,,,,,,,,,,,,,,,,0.0,0.0,0.0,,,,,,,,,,,,,,,1.432,,,,,,,,,,,,,,,,,,,,,,,,
Cayman Islands,1997,CYM,35603.0,,,,,,,,,,,,,,,,,,0.0,0.0,0.0,,,,,,-0.255,-0.004,40113.988,,,,,,,,,,,,,,,,,0.0,0.0,0.0,,,,,,,,,,,,,,,,,,,,,,,,,,,,,,,,,,,,,0.0,0.0,0.0,,,,,,,,,,,,,,,1.428,,,,,,,,,,,,,,,,,,,,,,,,
Cayman Islands,1998,CYM,36969.0,,,,,,,,,,,,,,,,,,0.0,0.0,0.0,,,,,,0.0,0.0,38631.781,,,,,,,,,,,,,,,,,0.0,0.0,0.0,,,,,,,,,,,,,,,,,,,,,,,,,,,,,,,,,,,,,0.0,0.0,0.0,,,,,,,,,,,,,,,1.428,,,,,,,,,,,,,,,,,,,,,,,,
Cayman Islands,1999,CYM,38319.0,,,,,,,,,,,,,,,,,,0.0,0.0,0.0,,,,,,0.0,0.0,37270.918,,,,,,,,,,,,,,,,,0.0,0.0,0.0,,,,,,,,,,,,,,,,,,,,,,,,,,,,,,,,,,,,,0.0,0.0,0.0,,,,,,,,,,,,,,,1.428,,,,,,,,,,,,,,,,,,,,,,,,
Cayman Islands,2000,CYM,39683.0,,,,,,0.0,0.0,0.0,,700.0,,,,,0.0,0.0,,0.0,0.0,0.0,0.0,,0.4,0.4,,45.835,0.655,52485.707,,,,10079.883,0.4,,,100.0,,,,,0.0,0.0,,,0.0,0.0,0.0,0.0,,0.28,,,,0.0,0.0,,0.0,,,,,0.0,0.0,,0.0,,0.0,0.0,,,,0.0,0.0,,0.0,,,,,10079.883,0.4,,,0.0,0.0,0.0,100.0,,,0.0,0.0,,,0.0,0.0,,0.0,0.0,,10079.883,2.083,,,,0.0,0.0,,0.0,,,,,0.0,0.0,,0.0,,,,,0.0,0.0,,0.0,
Cayman Islands,2001,CYM,41073.0,,,,,,0.0,0.0,0.0,,690.476,,,,,0.0,0.0,,0.0,0.0,0.0,0.0,,0.42,0.42,,1.263,0.026,51350.027,,,,10225.695,0.42,,,100.0,,,,,0.0,0.0,,,0.0,0.0,0.0,0.0,,0.29,,,,0.0,0.0,,0.0,,,,,0.0,0.0,,0.0,,0.0,0.0,,,,0.0,0.0,,0.0,,,,,10225.695,0.42,,,0.0,0.0,0.0,100.0,,,0.0,0.0,,,0.0,0.0,,0.0,0.0,,10225.695,2.109,,,,0.0,0.0,,0.0,,,,,0.0,0.0,,0.0,,,,,0.0,0.0,,0.0,
Cayman Islands,2002,CYM,42480.0,,,,,,0.0,0.0,0.0,,711.111,,,,,0.0,0.0,,0.0,0.0,0.0,0.0,,0.45,0.45,,3.661,0.077,51466.68,,,,10593.221,0.45,,,100.0,,,,,0.0,0.0,,,0.0,0.0,0.0,0.0,,0.32,,,,0.0,0.0,,0.0,,,,,0.0,0.0,,0.0,,0.0,0.0,,,,0.0,0.0,,0.0,,,,,10593.221,0.45,,,0.0,0.0,0.0,100.0,,,0.0,0.0,,,0.0,0.0,,0.0,0.0,,10593.221,2.186,,,,0.0,0.0,,0.0,,,,,0.0,0.0,,0.0,,,,,0.0,0.0,,0.0,
Cayman Islands,2003,CYM,43881.0,,,,,,0.0,0.0,0.0,,695.652,,,,,0.0,0.0,,0.0,0.0,0.0,0.0,,0.46,0.46,,1.293,0.028,50467.512,,,,10482.896,0.46,,,100.0,,,,,0.0,0.0,,,0.0,0.0,0.0,0.0,,0.32,,,,0.0,0.0,,0.0,,,,,0.0,0.0,,0.0,,0.0,0.0,,,,0.0,0.0,,0.0,,,,,10482.896,0.46,,,0.0,0.0,0.0,100.0,,,0.0,0.0,,,0.0,0.0,,0.0,0.0,,10482.896,2.215,,,,0.0,0.0,,0.0,,,,,0.0,0.0,,0.0,,,,,0.0,0.0,,0.0,
Cayman Islands,2004,CYM,45311.0,,,,,,0.0,0.0,0.0,,693.878,,,,,0.0,0.0,,0.0,0.0,0.0,0.0,,0.49,0.49,,-5.481,-0.121,46195.98,,,,10814.151,0.49,,,100.0,,,,,0.0,0.0,,,0.0,0.0,0.0,0.0,,0.34,,,,0.0,0.0,,0.0,,,,,0.0,0.0,,0.0,,0.0,0.0,,,,0.0,0.0,,0.0,,,,,10814.151,0.49,,,0.0,0.0,0.0,100.0,,,0.0,0.0,,,0.0,0.0,,0.0,0.0,,10814.151,2.093,,,,0.0,0.0,,0.0,,,,,0.0,0.0,,0.0,,,,,0.0,0.0,,0.0,
Cayman Islands,2005,CYM,46750.0,,,,,,0.0,0.0,0.0,,692.308,,,,,0.0,0.0,,0.0,0.0,0.0,0.0,,0.39,0.39,,2.945,0.062,46092.508,,,,8342.246,0.39,,,100.0,,,,,0.0,0.0,,,0.0,0.0,0.0,0.0,,0.27,,,,0.0,0.0,,0.0,,,,,0.0,0.0,,0.0,,0.0,0.0,,,,0.0,0.0,,0.0,,,,,8342.246,0.39,,,0.0,0.0,0.0,100.0,,,0.0,0.0,,,0.0,0.0,,0.0,0.0,,8342.246,2.155,,,,0.0,0.0,,0.0,,,,,0.0,0.0,,0.0,,,,,0.0,0.0,,0.0,
Cayman Islands,2006,CYM,48199.0,,,,,,0.0,0.0,0.0,,693.878,,,,,0.0,0.0,,0.0,0.0,0.0,0.0,,0.49,0.49,,1.426,0.031,45344.523,,,,10166.186,0.49,,,100.0,,,,,0.0,0.0,,,0.0,0.0,0.0,0.0,,0.34,,,,0.0,0.0,,0.0,,,,,0.0,0.0,,0.0,,0.0,0.0,,,,0.0,0.0,,0.0,,,,,10166.186,0.49,,,0.0,0.0,0.0,100.0,,,0.0,0.0,,,0.0,0.0,,0.0,0.0,,10166.186,2.186,,,,0.0,0.0,,0.0,,,,,0.0,0.0,,0.0,,,,,0.0,0.0,,0.0,
Cayman Islands,2007,CYM,49666.0,,,,,,0.0,0.0,0.0,,709.091,,,,,0.0,0.0,,0.0,0.0,0.0,0.0,,0.55,0.55,,19.516,0.427,52593.047,,,,11073.975,0.55,,,100.0,,,,,0.0,0.0,,,0.0,0.0,0.0,0.0,,0.39,,,,0.0,0.0,,0.0,,,,,0.0,0.0,,0.0,,0.0,0.0,,,,0.0,0.0,,0.0,,,,,11073.975,0.55,,,0.0,0.0,0.0,100.0,,,0.0,0.0,,,0.0,0.0,,0.0,0.0,,11073.975,2.612,,,,0.0,0.0,,0.0,,,,,0.0,0.0,,0.0,,,,,0.0,0.0,,0.0,
Cayman Islands,2008,CYM,51140.0,,,,,,0.0,0.0,0.0,,706.897,,,,,0.0,0.0,,0.0,0.0,0.0,0.0,,0.58,0.58,,2.691,0.07,52451.508,,,,11341.416,0.58,,,100.0,,,,,0.0,0.0,,,0.0,0.0,0.0,0.0,,0.41,,,,0.0,0.0,,0.0,,,,,0.0,0.0,,0.0,,0.0,0.0,,,,0.0,0.0,,0.0,,,,,11341.416,0.58,,,0.0,0.0,0.0,100.0,,,0.0,0.0,,,0.0,0.0,,0.0,0.0,,11341.416,2.682,,,,0.0,0.0,,0.0,,,,,0.0,0.0,,0.0,,,,,0.0,0.0,,0.0,
Cayman Islands,2009,CYM,52620.0,,,,,,0.0,0.0,0.0,,700.0,,,,,0.0,0.0,,0.0,0.0,0.0,0.0,,0.6,0.6,,-7.206,-0.193,47302.73,,,,11402.509,0.6,,,100.0,,,,,0.0,0.0,,,0.0,0.0,0.0,0.0,,0.42,,,,0.0,0.0,,0.0,,,,,0.0,0.0,,0.0,,0.0,0.0,,,,0.0,0.0,,0.0,,,,,11402.509,0.6,,,0.0,0.0,0.0,100.0,,,0.0,0.0,,,0.0,0.0,,0.0,0.0,,11402.509,2.489,,,,0.0,0.0,,0.0,,,,,0.0,0.0,,0.0,,,,,0.0,0.0,,0.0,
Cayman Islands,2010,CYM,54095.0,,,,,,0.0,0.0,0.0,,694.915,,,,,0.0,0.0,,0.0,0.0,0.0,0.0,,0.59,0.59,,0.464,0.012,46226.355,,,,10906.738,0.59,,,100.0,,,,,0.0,0.0,,,0.0,0.0,0.0,0.0,,0.41,,,,0.0,0.0,,0.0,,,,,0.0,0.0,,0.0,,0.0,0.0,,,,0.0,0.0,,0.0,,,,,10906.738,0.59,,,0.0,0.0,0.0,100.0,,,0.0,0.0,,,0.0,0.0,,0.0,0.0,,10906.738,2.501,,,,0.0,0.0,,0.0,,,,,0.0,0.0,,0.0,,,,,0.0,0.0,,0.0,
Cayman Islands,2011,CYM,55513.0,,,,,,0.0,0.0,0.0,,694.915,,,,,0.0,0.0,,0.0,0.0,0.0,0.0,,0.59,0.59,,5.278,0.132,47423.246,,,,10628.142,0.59,,,100.0,,,,,0.0,0.0,,,0.0,0.0,0.0,0.0,,0.41,,,,0.0,0.0,,0.0,,,,,0.0,0.0,,0.0,,0.0,0.0,,,,0.0,0.0,,0.0,,,,,10628.142,0.59,,,0.0,0.0,0.0,100.0,,,0.0,0.0,,,0.0,0.0,,0.0,0.0,,10628.142,2.633,,,,0.0,0.0,,0.0,,,,,0.0,0.0,,0.0,,,,,0.0,0.0,,0.0,
Cayman Islands,2012,CYM,56884.0,,,,,,0.0,0.0,0.0,,694.915,,,,,0.0,0.0,,0.0,0.0,0.0,0.0,,0.59,0.59,,-7.611,-0.2,42757.977,,,,10371.985,0.59,,,100.0,,,,,0.0,0.0,,,0.0,0.0,0.0,0.0,,0.41,,,,0.0,0.0,,0.0,,,,,0.0,0.0,,0.0,,0.0,0.0,,,,0.0,0.0,,0.0,,,,,10371.985,0.59,,,0.0,0.0,0.0,100.0,,,0.0,0.0,,,0.0,0.0,,0.0,0.0,,10371.985,2.432,,,,0.0,0.0,,0.0,,,,,0.0,0.0,,0.0,,,,,0.0,0.0,,0.0,
Cayman Islands,2013,CYM,58232.0,,,,,,0.0,0.0,0.0,,700.0,,,,,0.0,0.0,,0.0,0.0,0.0,0.0,,0.6,0.6,,-1.287,-0.031,41230.707,,,,10303.613,0.6,,,100.0,,,,,0.0,0.0,,,0.0,0.0,0.0,0.0,,0.42,,,,0.0,0.0,,0.0,,,,,0.0,0.0,,0.0,,0.0,0.0,,,,0.0,0.0,,0.0,,,,,10303.613,0.6,,,0.0,0.0,0.0,100.0,,,0.0,0.0,,,0.0,0.0,,0.0,0.0,,10303.613,2.401,,,,0.0,0.0,,0.0,,,,,0.0,0.0,,0.0,,,,,0.0,0.0,,0.0,
Cayman Islands,2014,CYM,59580.0,,,,,,0.0,0.0,0.0,,704.918,,,,,0.0,0.0,,0.0,0.0,0.0,0.0,,0.61,0.61,,1.686,0.04,40977.293,,,,10238.335,0.61,,,100.0,,,,,0.0,0.0,,,0.0,0.0,0.0,0.0,,0.43,,,,0.0,0.0,,0.0,,,,,0.0,0.0,,0.0,,0.0,0.0,,,,0.0,0.0,,0.0,,,,,10238.335,0.61,,,0.0,0.0,0.0,100.0,,,0.0,0.0,,,0.0,0.0,,0.0,0.0,,10238.335,2.441,,,,0.0,0.0,,0.0,,,,,0.0,0.0,,0.0,,,,,0.0,0.0,,0.0,
Cayman Islands,2015,CYM,60935.0,,,,,,0.0,0.0,0.0,,693.548,,,,,0.0,0.0,,0.0,0.0,0.0,0.0,,0.62,0.62,,5.777,0.141,42380.68,,,,10174.776,0.62,,,100.0,,,,,0.0,0.0,,,0.0,0.0,0.0,0.0,,0.43,,,,0.0,0.0,,0.0,,,,,0.0,0.0,,0.0,,0.0,0.0,,,,0.0,0.0,,0.0,,,,,10174.776,0.62,,,0.0,0.0,0.0,100.0,,,0.0,0.0,,,0.0,0.0,,0.0,0.0,,10174.776,2.582,,,,0.0,0.0,,0.0,,,,,0.0,0.0,,0.0,,,,,0.0,0.0,,0.0,
Cayman Islands,2016,CYM,62274.0,,,,,,0.0,0.0,0.0,,707.692,,,,,0.0,0.0,,0.0,0.0,0.0,0.0,,0.65,0.65,,-1.345,-0.035,40911.793,,,,10437.743,0.65,,,100.0,,,,,0.0,0.0,,,0.0,0.0,0.0,0.0,,0.46,,,,0.0,0.0,,0.0,,,,,0.0,0.0,,0.0,,0.0,0.0,,,,0.0,0.0,,0.0,,,,,10437.743,0.65,,,0.0,0.0,0.0,100.0,,,0.0,0.0,,,0.0,0.0,,0.0,0.0,,10437.743,2.548,,,,0.0,0.0,,0.0,,,,,0.0,0.0,,0.0,,,,,0.0,0.0,,0.0,
Cayman Islands,2017,CYM,63601.0,,,,,,0.0,0.0,0.0,,696.97,,,,,0.0,0.0,,,,,0.0,,0.66,0.66,,15.996,0.408,46465.98,,,,10219.965,0.65,,,98.485,,,,,0.0,0.0,,,,,,0.0,,0.46,,,,0.0,0.0,,0.0,,,,,157.23,0.01,,1.515,,0.0,0.0,,,,0.0,0.0,,0.0,,,,,10219.965,0.65,,,,,,98.485,,,0.0,0.0,,,0.0,0.0,,0.0,0.0,,10377.195,2.955,,,,157.23,0.01,,1.515,,,,,157.23,0.01,,1.515,,,,,0.0,0.0,,0.0,
Cayman Islands,2018,CYM,64904.0,,,,,,0.0,0.0,0.0,,692.308,,,,,0.0,0.0,,,,,0.0,,0.65,0.65,,-6.646,-0.196,42507.164,,,,9860.718,0.64,,,98.462,,,,,0.0,0.0,,,,,,0.0,,0.45,,,,0.0,0.0,,0.0,,,,,154.074,0.01,,1.538,,0.0,0.0,,,,0.0,0.0,,0.0,,,,,9860.718,0.64,,,,,,98.462,,,0.0,0.0,,,0.0,0.0,,0.0,0.0,,10014.791,2.759,,,,154.074,0.01,,1.538,,,,,154.074,0.01,,1.538,,,,,0.0,0.0,,0.0,
Cayman Islands,2019,CYM,66152.0,,,,,,0.0,0.0,0.0,,685.714,,,,,0.0,0.0,,,,,0.0,,0.7,0.7,,21.164,0.584,50531.711,,,,10279.356,0.68,,,97.143,,,,,0.0,0.0,,,,,,0.0,,0.48,,,,0.0,0.0,,0.0,,,,,302.334,0.02,,2.857,,0.0,0.0,,,,0.0,0.0,,0.0,,,,,10279.356,0.68,,,,,,97.143,,,0.0,0.0,,,0.0,0.0,,0.0,0.0,,10581.69,3.343,,,,302.334,0.02,,2.857,,,,,302.334,0.02,,2.857,,,,,0.0,0.0,,0.0,
Cayman Islands,2020,CYM,67327.0,,,,,,0.0,0.0,0.0,,681.159,,,,,0.0,0.0,,,,,0.0,,0.69,0.69,,-15.445,-0.516,41981.379,,,,9951.431,0.67,,,97.101,,,,,0.0,0.0,,,,,,0.0,,0.47,,,,0.0,0.0,,0.0,,,,,297.058,0.02,,2.899,,0.0,0.0,,,,0.0,0.0,,0.0,,,,,9951.431,0.67,,,,,,97.101,,,0.0,0.0,,,0.0,0.0,,0.0,0.0,,10248.488,2.826,,,,297.058,0.02,,2.899,,,,,297.058,0.02,,2.899,,,,,0.0,0.0,,0.0,
Cayman Islands,2021,CYM,68157.0,,,,,,0.0,0.0,0.0,,684.932,,,,,0.0,0.0,,,,,0.0,,0.73,0.73,,6.503,0.184,44166.766,,,,10417.125,0.71,,,97.26,,,,,0.0,0.0,,,,,,0.0,,0.5,,,,0.0,0.0,,0.0,,,,,293.44,0.02,,2.74,,0.0,0.0,,,,0.0,0.0,,0.0,,,,,10417.125,0.71,,,,,,97.26,,,0.0,0.0,,,0.0,0.0,,0.0,0.0,,10710.565,3.01,,,,293.44,0.02,,2.74,,,,,293.44,0.02,,2.74,,,,,0.0,0.0,,0.0,
Central & South America (EIA),1980,,,,,,,,,,,,,,,,,,,,,,,,,,,,,,,,,,,,,,,,,,,,,,,,,,,,,,,,,,,,,,,,,,,,,,,,,,,,,,,,,,,,,,,,,,,,,,,,,,,,,,,3234.455,,,,,,,,,,,,,,,,,,,,,,,,
Central & South America (EIA),1981,,,,,,,,,,,,,,,,,,,,,,,,,,,,-0.161,-5.216,,,,,,,,,,,,,,,,,,,,,,,,,,,,,,,,,,,,,,,,,,,,,,,,,,,,,,,,,,,,,,,,,,,,,,,,,,3229.24,,,,,,,,,,,,,,,,,,,,,,,,
Central & South America (EIA),1982,,,,,,,,,,,,,,,,,,,,,,,,,,,,1.716,55.404,,,,,,,,,,,,,,,,,,,,,,,,,,,,,,,,,,,,,,,,,,,,,,,,,,,,,,,,,,,,,,,,,,,,,,,,,,3284.643,,,,,,,,,,,,,,,,,,,,,,,,
Central & South America (EIA),1983,,,,,,,,,,,,,,,,,,,,,,,,,,,,-0.49,-16.102,,,,,,,,,,,,,,,,,,,,,,,,,,,,,,,,,,,,,,,,,,,,,,,,,,,,,,,,,,,,,,,,,,,,,,,,,,3268.541,,,,,,,,,,,,,,,,,,,,,,,,
Central & South America (EIA),1984,,,,,,,,,,,,,,,,,,,,,,,,,,,,5.276,172.434,,,,,,,,,,,,,,,,,,,,,,,,,,,,,,,,,,,,,,,,,,,,,,,,,,,,,,,,,,,,,,,,,,,,,,,,,,3440.975,,,,,,,,,,,,,,,,,,,,,,,,
Central & South America (EIA),1985,,,,,,,,,,,,,,,,,,,,,,,,,,,,2.315,79.663,,,,,,,,,,,,,,,,,,,,,,,,,,,,,,,,,,,,,,,,,,,,,,,,,,,,,,,,,,,,,,,,,,,,,,,,,,3520.637,,,,,,,,,,,,,,,,,,,,,,,,
Central & South America (EIA),1986,,,,,,,,,,,,,,,,,,,,,,,,,,,,6.22,218.999,,,,,,,,,,,,,,,,,,,,,,,,,,,,,,,,,,,,,,,,,,,,,,,,,,,,,,,,,,,,,,,,,,,,,,,,,,3739.636,,,,,,,,,,,,,,,,,,,,,,,,
Central & South America (EIA),1987,,,,,,,,,,,,,,,,,,,,,,,,,,,,1.467,54.847,,,,,,,,,,,,,,,,,,,,,,,,,,,,,,,,,,,,,,,,,,,,,,,,,,,,,,,,,,,,,,,,,,,,,,,,,,3794.483,,,,,,,,,,,,,,,,,,,,,,,,
Central & South America (EIA),1988,,,,,,,,,,,,,,,,,,,,,,,,,,,,2.815,106.802,,,,,,,,,,,,,,,,,,,,,,,,,,,,,,,,,,,,,,,,,,,,,,,,,,,,,,,,,,,,,,,,,,,,,,,,,,3901.286,,,,,,,,,,,,,,,,,,,,,,,,
Central & South America (EIA),1989,,,,,,,,,,,,,,,,,,,,,,,,,,,,3.219,125.584,,,,,,,,,,,,,,,,,,,,,,,,,,,,,,,,,,,,,,,,,,,,,,,,,,,,,,,,,,,,,,,,,,,,,,,,,,4026.87,,,,,,,,,,,,,,,,,,,,,,,,
Central & South America (EIA),1990,,,,,,,,,,,,,,,,,,,,,,,,,,,,5.451,219.52,,,,,,,,,,,,,,,,,,,,,,,,,,,,,,,,,,,,,,,,,,,,,,,,,,,,,,,,,,,,,,,,,,,,,,,,,,4246.389,,,,,,,,,,,,,,,,,,,,,,,,
Central & South America (EIA),1991,,,,,,,,,,,,,,,,,,,,,,,,,,,,0.114,4.858,,,,,,,,,,,,,,,,,,,,,,,,,,,,,,,,,,,,,,,,,,,,,,,,,,,,,,,,,,,,,,,,,,,,,,,,,,4251.247,,,,,,,,,,,,,,,,,,,,,,,,
Central & South America (EIA),1992,,,,,,,,,,,,,,,,,,,,,,,,,,,,2.265,96.289,,,,,,,,,,,,,,,,,,,,,,,,,,,,,,,,,,,,,,,,,,,,,,,,,,,,,,,,,,,,,,,,,,,,,,,,,,4347.536,,,,,,,,,,,,,,,,,,,,,,,,
Central & South America (EIA),1993,,,,,,,,,,,,,,,,,,,,,,,,,,,,5.161,224.356,,,,,,,,,,,,,,,,,,,,,,,,,,,,,,,,,,,,,,,,,,,,,,,,,,,,,,,,,,,,,,,,,,,,,,,,,,4571.892,,,,,,,,,,,,,,,,,,,,,,,,
Central & South America (EIA),1994,,,,,,,,,,,,,,,,,,,,,,,,,,,,4.685,214.176,,,,,,,,,,,,,,,,,,,,,,,,,,,,,,,,,,,,,,,,,,,,,,,,,,,,,,,,,,,,,,,,,,,,,,,,,,4786.068,,,,,,,,,,,,,,,,,,,,,,,,
Central & South America (EIA),1995,,,,,,,,,,,,,,,,,,,,,,,,,,,,4.725,226.152,,,,,,,,,,,,,,,,,,,,,,,,,,,,,,,,,,,,,,,,,,,,,,,,,,,,,,,,,,,,,,,,,,,,,,,,,,5012.22,,,,,,,,,,,,,,,,,,,,,,,,
Central & South America (EIA),1996,,,,,,,,,,,,,,,,,,,,,,,,,,,,5.226,261.941,,,,,,,,,,,,,,,,,,,,,,,,,,,,,,,,,,,,,,,,,,,,,,,,,,,,,,,,,,,,,,,,,,,,,,,,,,5274.162,,,,,,,,,,,,,,,,,,,,,,,,
Central & South America (EIA),1997,,,,,,,,,,,,,,,,,,,,,,,,,,,,4.983,262.805,,,,,,,,,,,,,,,,,,,,,,,,,,,,,,,,,,,,,,,,,,,,,,,,,,,,,,,,,,,,,,,,,,,,,,,,,,5536.966,,,,,,,,,,,,,,,,,,,,,,,,
Central & South America (EIA),1998,,,,,,,,,,,,,,,,,,,,,,,,,,,,3.516,194.693,,,,,,,,,,,,,,,,,,,,,,,,,,,,,,,,,,,,,,,,,,,,,,,,,,,,,,,,,,,,,,,,,,,,,,,,,,5731.66,,,,,,,,,,,,,,,,,,,,,,,,
Central & South America (EIA),1999,,,,,,,,,,,,,,,,,,,,,,,,,,,,-0.3,-17.217,,,,,,,,,,,,,,,,,,,,,,,,,,,,,,,,,,,,,,,,,,,,,,,,,,,,,,,,,,,,,,,,,,,,,,,,,,5714.442,,,,,,,,,,,,,,,,,,,,,,,,
Central & South America (EIA),2000,,,,,,,,,,,,,,,,,,,,,,,,,,,,6.942,396.69,,,,,,,,,,,,,,,,,,,,,,,,,,,,,,,,,,,,,,,,,,,,,,,,,,,,,,,,,,,,,,,,,,,,,,,,,,6111.132,,,,,,,,,,,,,,,,,,,,,,,,
Central & South America (EIA),2001,,,,,,,,,,,,,,,,,,,,,,,,,,,,0.995,60.832,,,,,,,,,,,,,,,,,,,,,,,,,,,,,,,,,,,,,,,,,,,,,,,,,,,,,,,,,,,,,,,,,,,,,,,,,,6171.964,,,,,,,,,,,,,,,,,,,,,,,,
Central & South America (EIA),2002,,,,,,,,,,,,,,,,,,,,,,,,,,,,-0.048,-2.983,,,,,,,,,,,,,,,,,,,,,,,,,,,,,,,,,,,,,,,,,,,,,,,,,,,,,,,,,,,,,,,,,,,,,,,,,,6168.981,,,,,,,,,,,,,,,,,,,,,,,,
Central & South America (EIA),2003,,,,,,,,,,,,,,,,,,,,,,,,,,,,2.002,123.517,,,,,,,,,,,,,,,,,,,,,,,,,,,,,,,,,,,,,,,,,,,,,,,,,,,,,,,,,,,,,,,,,,,,,,,,,,6292.499,,,,,,,,,,,,,,,,,,,,,,,,
Central & South America (EIA),2004,,,,,,,,,,,,,,,,,,,,,,,,,,,,5.222,328.574,,,,,,,,,,,,,,,,,,,,,,,,,,,,,,,,,,,,,,,,,,,,,,,,,,,,,,,,,,,,,,,,,,,,,,,,,,6621.072,,,,,,,,,,,,,,,,,,,,,,,,
Central & South America (EIA),2005,,,,,,,,,,,,,,,,,,,,,,,,,,,,2.87,190.006,,,,,,,,,,,,,,,,,,,,,,,,,,,,,,,,,,,,,,,,,,,,,,,,,,,,,,,,,,,,,,,,,,,,,,,,,,6811.079,,,,,,,,,,,,,,,,,,,,,,,,
Central & South America (EIA),2006,,,,,,,,,,,,,,,,,,,,,,,,,,,,4.743,323.064,,,,,,,,,,,,,,,,,,,,,,,,,,,,,,,,,,,,,,,,,,,,,,,,,,,,,,,,,,,,,,,,,,,,,,,,,,7134.143,,,,,,,,,,,,,,,,,,,,,,,,
Central & South America (EIA),2007,,,,,,,,,,,,,,,,,,,,,,,,,,,,2.497,178.153,,,,,,,,,,,,,,,,,,,,,,,,,,,,,,,,,,,,,,,,,,,,,,,,,,,,,,,,,,,,,,,,,,,,,,,,,,7312.296,,,,,,,,,,,,,,,,,,,,,,,,
Central & South America (EIA),2008,,,,,,,,,,,,,,,,,,,,,,,,,,,,3.5,255.899,,,,,,,,,,,,,,,,,,,,,,,,,,,,,,,,,,,,,,,,,,,,,,,,,,,,,,,,,,,,,,,,,,,,,,,,,,7568.195,,,,,,,,,,,,,,,,,,,,,,,,
Central & South America (EIA),2009,,,,,,,,,,,,,,,,,,,,,,,,,,,,-1.684,-127.417,,,,,,,,,,,,,,,,,,,,,,,,,,,,,,,,,,,,,,,,,,,,,,,,,,,,,,,,,,,,,,,,,,,,,,,,,,7440.778,,,,,,,,,,,,,,,,,,,,,,,,
Central & South America (EIA),2010,,,,,,,,,,,,,,,,,,,,,,,,,,,,5.612,417.578,,,,,,,,,,,,,,,,,,,,,,,,,,,,,,,,,,,,,,,,,,,,,,,,,,,,,,,,,,,,,,,,,,,,,,,,,,7858.356,,,,,,,,,,,,,,,,,,,,,,,,
Central & South America (EIA),2011,,,,,,,,,,,,,,,,,,,,,,,,,,,,3.407,267.708,,,,,,,,,,,,,,,,,,,,,,,,,,,,,,,,,,,,,,,,,,,,,,,,,,,,,,,,,,,,,,,,,,,,,,,,,,8126.064,,,,,,,,,,,,,,,,,,,,,,,,
Central & South America (EIA),2012,,,,,,,,,,,,,,,,,,,,,,,,,,,,2.9,235.687,,,,,,,,,,,,,,,,,,,,,,,,,,,,,,,,,,,,,,,,,,,,,,,,,,,,,,,,,,,,,,,,,,,,,,,,,,8361.751,,,,,,,,,,,,,,,,,,,,,,,,
Central & South America (EIA),2013,,,,,,,,,,,,,,,,,,,,,,,,,,,,1.517,126.873,,,,,,,,,,,,,,,,,,,,,,,,,,,,,,,,,,,,,,,,,,,,,,,,,,,,,,,,,,,,,,,,,,,,,,,,,,8488.624,,,,,,,,,,,,,,,,,,,,,,,,
Central & South America (EIA),2014,,,,,,,,,,,,,,,,,,,,,,,,,,,,0.802,68.057,,,,,,,,,,,,,,,,,,,,,,,,,,,,,,,,,,,,,,,,,,,,,,,,,,,,,,,,,,,,,,,,,,,,,,,,,,8556.681,,,,,,,,,,,,,,,,,,,,,,,,
Central & South America (EIA),2015,,,,,,,,,,,,,,,,,,,,,,,,,,,,-0.003,-0.252,,,,,,,,,,,,,,,,,,,,,,,,,,,,,,,,,,,,,,,,,,,,,,,,,,,,,,,,,,,,,,,,,,,,,,,,,,8556.429,,,,,,,,,,,,,,,,,,,,,,,,
Central & South America (EIA),2016,,,,,,,,,,,,,,,,,,,,,,,,,,,,-0.811,-69.426,,,,,,,,,,,,,,,,,,,,,,,,,,,,,,,,,,,,,,,,,,,,,,,,,,,,,,,,,,,,,,,,,,,,,,,,,,8487.003,,,,,,,,,,,,,,,,,,,,,,,,
Central & South America (EIA),2017,,,,,,,,,,,,,,,,,,,,,,,,,,,,-0.39,-33.106,,,,,,,,,,,,,,,,,,,,,,,,,,,,,,,,,,,,,,,,,,,,,,,,,,,,,,,,,,,,,,,,,,,,,,,,,,8453.896,,,,,,,,,,,,,,,,,,,,,,,,
Central & South America (EIA),2018,,,,,,,,,,,,,,,,,,,,,,,,,,,,-0.435,-36.782,,,,,,,,,,,,,,,,,,,,,,,,,,,,,,,,,,,,,,,,,,,,,,,,,,,,,,,,,,,,,,,,,,,,,,,,,,8417.114,,,,,,,,,,,,,,,,,,,,,,,,
Central & South America (EIA),2019,,,,,,,,,,,,,,,,,,,,,,,,,,,,-0.968,-81.477,,,,,,,,,,,,,,,,,,,,,,,,,,,,,,,,,,,,,,,,,,,,,,,,,,,,,,,,,,,,,,,,,,,,,,,,,,8335.638,,,,,,,,,,,,,,,,,,,,,,,,
Central & South America (EIA),2020,,,,,,,,,,,,,,,,,,,,,,,,,,,,-9.214,-768.017,,,,,,,,,,,,,,,,,,,,,,,,,,,,,,,,,,,,,,,,,,,,,,,,,,,,,,,,,,,,,,,,,,,,,,,,,,7567.621,,,,,,,,,,,,,,,,,,,,,,,,
Central & South America (EIA),2021,,,,,,,,,,,,,,,,,,,,,,,,,,,,4.252,321.774,,,,,,,,,,,,,,,,,,,,,,,,,,,,,,,,,,,,,,,,,,,,,,,,,,,,,,,,,,,,,,,,,,,,,,,,,,7889.395,,,,,,,,,,,,,,,,,,,,,,,,
Central African Republic,1980,CAF,2415284.0,2898665984.0,,,,,,,,,,,,,,,,,,0.0,0.0,,,,,,,,333.019,0.277,,,,,,,,,,,,,,,,,0.0,0.0,,,,,,,,,,,,,,,,,,,,,,,,,,,,,,,,,,,,,,0.0,0.0,,,,,,,,,,,,,,,0.804,,,,,,,,,,,,,,,,,,,,,,,,
Central African Republic,1981,CAF,2441014.0,2941446912.0,,,,,,,,,,,,,,,,,0.0,0.0,0.0,,,,,,22.015,0.177,402.049,0.334,,,,,,,,,,,,,,,,0.0,0.0,0.0,,,,,,,,,,,,,,,,,,,,,,,,,,,,,,,,,,,,,0.0,0.0,0.0,,,,,,,,,,,,,,,0.981,,,,,,,,,,,,,,,,,,,,,,,,
Central African Republic,1982,CAF,2467639.0,2993423872.0,,,,,,,,,,,,,,,,,0.0,0.0,0.0,,,,,,7.07,0.069,425.83,0.351,,,,,,,,,,,,,,,,0.0,0.0,0.0,,,,,,,,,,,,,,,,,,,,,,,,,,,,,,,,,,,,,0.0,0.0,0.0,,,,,,,,,,,,,,,1.051,,,,,,,,,,,,,,,,,,,,,,,,
Central African Republic,1983,CAF,2495102.0,2810014976.0,,,,,,,,,,,,,,,,,0.0,0.0,0.0,,,,,,4.678,0.049,440.845,0.391,,,,,,,,,,,,,,,,0.0,0.0,0.0,,,,,,,,,,,,,,,,,,,,,,,,,,,,,,,,,,,,,0.0,0.0,0.0,,,,,,,,,,,,,,,1.1,,,,,,,,,,,,,,,,,,,,,,,,
Central African Republic,1984,CAF,2523549.0,3012834048.0,,,,,,,,,,,,,,,,,0.0,0.0,0.0,,,,,,-4.007,-0.044,418.412,0.35,,,,,,,,,,,,,,,,0.0,0.0,0.0,,,,,,,,,,,,,,,,,,,,,,,,,,,,,,,,,,,,,0.0,0.0,0.0,,,,,,,,,,,,,,,1.056,,,,,,,,,,,,,,,,,,,,,,,,
Central African Republic,1985,CAF,2553074.0,3115672064.0,,,,,,,,,,,,,,,,,0.0,0.0,0.0,,,,,,-2.815,-0.03,401.931,0.329,,,,,,,,,,,,,,,,0.0,0.0,0.0,,,,,,,,,,,,,,,,,,,,,,,,,,,,,,,,,,,,,0.0,0.0,0.0,,,,,,,,,,,,,,,1.026,,,,,,,,,,,,,,,,,,,,,,,,
Central African Republic,1986,CAF,2583635.0,3224549888.0,,,,,,,,,,,,,,,,,0.0,0.0,0.0,,,,,,22.364,0.229,486.002,0.389,,,,,,,,,,,,,,,,0.0,0.0,0.0,,,,,,,,,,,,,,,,,,,,,,,,,,,,,,,,,,,,,0.0,0.0,0.0,,,,,,,,,,,,,,,1.256,,,,,,,,,,,,,,,,,,,,,,,,
Central African Republic,1987,CAF,2615596.0,3065438976.0,,,,,,,,,,,,,,,,,0.0,0.0,0.0,,,,,,-7.399,-0.093,444.545,0.379,,,,,,,,,,,,,,,,0.0,0.0,0.0,,,,,,,,,,,,,,,,,,,,,,,,,,,,,,,,,,,,,0.0,0.0,0.0,,,,,,,,,,,,,,,1.163,,,,,,,,,,,,,,,,,,,,,,,,
Central African Republic,1988,CAF,2657237.0,3129940992.0,,,,,,,,,,,,,,,,,0.0,0.0,0.0,,,,,,0.299,0.003,438.889,0.373,,,,,,,,,,,,,,,,0.0,0.0,0.0,,,,,,,,,,,,,,,,,,,,,,,,,,,,,,,,,,,,,0.0,0.0,0.0,,,,,,,,,,,,,,,1.166,,,,,,,,,,,,,,,,,,,,,,,,
Central African Republic,1989,CAF,2724112.0,3209999872.0,,,,,,,,,,,,,,,,,0.0,0.0,0.0,,,,,,-0.012,-0.0,428.061,0.363,,,,,,,,,,,,,,,,0.0,0.0,0.0,,,,,,,,,,,,,,,,,,,,,,,,,,,,,,,,,,,,,0.0,0.0,0.0,,,,,,,,,,,,,,,1.166,,,,,,,,,,,,,,,,,,,,,,,,
Central African Republic,1990,CAF,2809223.0,3155954944.0,,,,,,,,,,,,,,,,,0.0,0.0,0.0,,,,,,6.338,0.074,441.403,0.393,,,,,,,,,,,,,,,,0.0,0.0,0.0,,,,,,,,,,,,,,,,,,,,,,,,,,,,,,,,,,,,,0.0,0.0,0.0,,,,,,,,,,,,,,,1.24,,,,,,,,,,,,,,,,,,,,,,,,
Central African Republic,1991,CAF,2898059.0,3196204544.0,,,,,,,,,,,,,,,,,0.0,0.0,0.0,,,,,,4.839,0.06,448.579,0.407,,,,,,,,,,,,,,,,0.0,0.0,0.0,,,,,,,,,,,,,,,,,,,,,,,,,,,,,,,,,,,,,0.0,0.0,0.0,,,,,,,,,,,,,,,1.3,,,,,,,,,,,,,,,,,,,,,,,,
Central African Republic,1992,CAF,2991733.0,3153286912.0,,,,,,,,,,,,,,,,,0.0,0.0,0.0,,,,,,-3.812,-0.05,417.971,0.397,,,,,,,,,,,,,,,,0.0,0.0,0.0,,,,,,,,,,,,,,,,,,,,,,,,,,,,,,,,,,,,,0.0,0.0,0.0,,,,,,,,,,,,,,,1.25,,,,,,,,,,,,,,,,,,,,,,,,
Central African Republic,1993,CAF,3089148.0,3141613568.0,,,,,,,,,,,,,,,,,0.0,0.0,0.0,,,,,,9.073,0.113,441.517,0.434,,,,,,,,,,,,,,,,0.0,0.0,0.0,,,,,,,,,,,,,,,,,,,,,,,,,,,,,,,,,,,,,0.0,0.0,0.0,,,,,,,,,,,,,,,1.364,,,,,,,,,,,,,,,,,,,,,,,,
Central African Republic,1994,CAF,3187851.0,3299692288.0,,,,,,,,,,,,,,,,,0.0,0.0,0.0,,,,,,4.902,0.067,448.819,0.434,,,,,,,,,,,,,,,,0.0,0.0,0.0,,,,,,,,,,,,,,,,,,,,,,,,,,,,,,,,,,,,,0.0,0.0,0.0,,,,,,,,,,,,,,,1.431,,,,,,,,,,,,,,,,,,,,,,,,
Central African Republic,1995,CAF,3276707.0,3468004608.0,,,,,,,,,,,,,,,,,0.0,0.0,0.0,,,,,,0.195,0.003,437.501,0.413,,,,,,,,,,,,,,,,0.0,0.0,0.0,,,,,,,,,,,,,,,,,,,,,,,,,,,,,,,,,,,,,0.0,0.0,0.0,,,,,,,,,,,,,,,1.434,,,,,,,,,,,,,,,,,,,,,,,,
Central African Republic,1996,CAF,3363576.0,3208680448.0,,,,,,,,,,,,,,,,,0.0,0.0,0.0,,,,,,4.843,0.069,446.845,0.468,,,,,,,,,,,,,,,,0.0,0.0,0.0,,,,,,,,,,,,,,,,,,,,,,,,,,,,,,,,,,,,,0.0,0.0,0.0,,,,,,,,,,,,,,,1.503,,,,,,,,,,,,,,,,,,,,,,,,
Central African Republic,1997,CAF,3458477.0,3401098240.0,,,,,,,,,,,,,,,,,0.0,0.0,0.0,,,,,,-0.022,-0.0,434.488,0.442,,,,,,,,,,,,,,,,0.0,0.0,0.0,,,,,,,,,,,,,,,,,,,,,,,,,,,,,,,,,,,,,0.0,0.0,0.0,,,,,,,,,,,,,,,1.503,,,,,,,,,,,,,,,,,,,,,,,,
Central African Republic,1998,CAF,3555074.0,3555833088.0,,,,,,,,,,,,,,,,,0.0,0.0,0.0,,,,,,-0.424,-0.006,420.892,0.421,,,,,,,,,,,,,,,,0.0,0.0,0.0,,,,,,,,,,,,,,,,,,,,,,,,,,,,,,,,,,,,,0.0,0.0,0.0,,,,,,,,,,,,,,,1.496,,,,,,,,,,,,,,,,,,,,,,,,
Central African Republic,1999,CAF,3655366.0,3763942144.0,,,,,,,,,,,,,,,,,0.0,0.0,0.0,,,,,,0.046,0.001,409.533,0.398,,,,,,,,,,,,,,,,0.0,0.0,0.0,,,,,,,,,,,,,,,,,,,,,,,,,,,,,,,,,,,,,0.0,0.0,0.0,,,,,,,,,,,,,,,1.497,,,,,,,,,,,,,,,,,,,,,,,,
Central African Republic,2000,CAF,3759174.0,3836505856.0,,,,,0.0,0.0,0.0,,100.0,,,,,0.0,0.0,,0.0,0.0,0.0,0.0,,0.1,0.1,,-3.391,-0.051,384.72,0.377,,,5.32,0.02,,,20.0,,,,,0.0,0.0,,,0.0,0.0,0.0,0.0,,0.01,,,,21.281,0.08,,80.0,,,,,21.281,0.08,,80.0,,0.0,0.0,,,,0.0,0.0,,0.0,,,,,5.32,0.02,,,0.0,0.0,0.0,20.0,,,0.0,0.0,,,0.0,0.0,,0.0,0.0,,26.602,1.446,,,,21.281,0.08,,80.0,,,,,0.0,0.0,,0.0,,,,,0.0,0.0,,0.0,
Central African Republic,2001,CAF,3844780.0,3861482752.0,,,,,0.0,0.0,0.0,,100.0,,,,,0.0,0.0,,0.0,0.0,0.0,0.0,,0.1,0.1,,2.709,0.039,386.345,0.385,,,5.202,0.02,,,20.0,,,,,0.0,0.0,,,0.0,0.0,0.0,0.0,,0.01,,,,20.807,0.08,,80.0,,,,,20.807,0.08,,80.0,,0.0,0.0,,,,0.0,0.0,,0.0,,,,,5.202,0.02,,,0.0,0.0,0.0,20.0,,,0.0,0.0,,,0.0,0.0,,0.0,0.0,,26.009,1.485,,,,20.807,0.08,,80.0,,,,,0.0,0.0,,0.0,,,,,0.0,0.0,,0.0,
Central African Republic,2002,CAF,3930654.0,3833969152.0,,,,,0.0,0.0,0.0,,100.0,,,,,0.0,0.0,,0.0,0.0,0.0,0.0,,0.1,0.1,,-1.143,-0.017,373.586,0.383,,,5.088,0.02,,,20.0,,,,,0.0,0.0,,,0.0,0.0,0.0,0.0,,0.01,,,,20.353,0.08,,80.0,,,,,20.353,0.08,,80.0,,0.0,0.0,,,,0.0,0.0,,0.0,,,,,5.088,0.02,,,0.0,0.0,0.0,20.0,,,0.0,0.0,,,0.0,0.0,,0.0,0.0,,25.441,1.468,,,,20.353,0.08,,80.0,,,,,0.0,0.0,,0.0,,,,,0.0,0.0,,0.0,
Central African Republic,2003,CAF,4026853.0,3563805696.0,,,,,0.0,0.0,0.0,,100.0,,,,,0.0,0.0,,0.0,0.0,0.0,0.0,,0.1,0.1,,-5.988,-0.088,342.826,0.387,,,4.967,0.02,,,20.0,,,,,0.0,0.0,,,0.0,0.0,0.0,0.0,,0.01,,,,19.867,0.08,,80.0,,,,,19.867,0.08,,80.0,,0.0,0.0,,,,0.0,0.0,,0.0,,,,,4.967,0.02,,,0.0,0.0,0.0,20.0,,,0.0,0.0,,,0.0,0.0,,0.0,0.0,,24.833,1.381,,,,19.867,0.08,,80.0,,,,,0.0,0.0,,0.0,,,,,0.0,0.0,,0.0,
Central African Republic,2004,CAF,4115146.0,3659297536.0,,,,,0.0,0.0,0.0,,133.333,,,,,0.0,0.0,,0.0,0.0,0.0,0.0,,0.15,0.15,,7.113,0.098,359.333,0.404,,,7.29,0.03,,,20.0,,,,,0.0,0.0,,,0.0,0.0,0.0,0.0,,0.02,,,,29.161,0.12,,80.0,,,,,29.161,0.12,,80.0,,0.0,0.0,,,,0.0,0.0,,0.0,,,,,7.29,0.03,,,0.0,0.0,0.0,20.0,,,0.0,0.0,,,0.0,0.0,,0.0,0.0,,36.451,1.479,,,,29.161,0.12,,80.0,,,,,0.0,0.0,,0.0,,,,,0.0,0.0,,0.0,
Central African Republic,2005,CAF,4208845.0,3745739008.0,,,,,0.0,0.0,0.0,,125.0,,,,,0.0,0.0,,0.0,0.0,0.0,0.0,,0.16,0.16,,0.221,0.003,352.11,0.396,,,7.128,0.03,,,18.75,,,,,0.0,0.0,,,0.0,0.0,0.0,0.0,,0.02,,,,30.887,0.13,,81.25,,,,,30.887,0.13,,81.25,,0.0,0.0,,,,0.0,0.0,,0.0,,,,,7.128,0.03,,,0.0,0.0,0.0,18.75,,,0.0,0.0,,,0.0,0.0,,0.0,0.0,,38.015,1.482,,,,30.887,0.13,,81.25,,,,,0.0,0.0,,0.0,,,,,0.0,0.0,,0.0,
Central African Republic,2006,CAF,4294352.0,3921727744.0,,,,,0.0,0.0,0.0,,117.647,,,,,0.0,0.0,,0.0,0.0,0.0,0.0,,0.17,0.17,,3.752,0.056,358.046,0.392,,,6.986,0.03,,,17.647,,,,,0.0,0.0,,,0.0,0.0,0.0,0.0,,0.02,,,,32.601,0.14,,82.353,,,,,32.601,0.14,,82.353,,0.0,0.0,,,,0.0,0.0,,0.0,,,,,6.986,0.03,,,0.0,0.0,0.0,17.647,,,0.0,0.0,,,0.0,0.0,,0.0,0.0,,39.587,1.538,,,,32.601,0.14,,82.353,,,,,0.0,0.0,,0.0,,,,,0.0,0.0,,0.0,
Central African Republic,2007,CAF,4375582.0,4078141440.0,,,,,0.0,0.0,0.0,,62.5,,,,,0.0,0.0,,0.0,0.0,0.0,0.0,,0.16,0.16,,-0.597,-0.009,349.302,0.375,,,4.571,0.02,,,12.5,,,,,0.0,0.0,,,0.0,0.0,0.0,0.0,,0.01,,,,31.996,0.14,,87.5,,,,,31.996,0.14,,87.5,,0.0,0.0,,,,0.0,0.0,,0.0,,,,,4.571,0.02,,,0.0,0.0,0.0,12.5,,,0.0,0.0,,,0.0,0.0,,0.0,0.0,,36.567,1.528,,,,31.996,0.14,,87.5,,,,,0.0,0.0,,0.0,,,,,0.0,0.0,,0.0,
Central African Republic,2008,CAF,4467237.0,4185491968.0,,,,,0.0,0.0,0.0,,62.5,,,,,0.0,0.0,,0.0,0.0,0.0,0.0,,0.16,0.16,,-19.155,-0.293,276.599,0.295,,,4.477,0.02,,,12.5,,,,,0.0,0.0,,,0.0,0.0,0.0,0.0,,0.01,,,,31.339,0.14,,87.5,,,,,31.339,0.14,,87.5,,0.0,0.0,,,,0.0,0.0,,0.0,,,,,4.477,0.02,,,0.0,0.0,0.0,12.5,,,0.0,0.0,,,0.0,0.0,,0.0,0.0,,35.816,1.236,,,,31.339,0.14,,87.5,,,,,0.0,0.0,,0.0,,,,,0.0,0.0,,0.0,
Central African Republic,2009,CAF,4564544.0,4261637888.0,,,,,0.0,0.0,0.0,,62.5,,,,,0.0,0.0,,0.0,0.0,0.0,0.0,,0.16,0.16,,-3.734,-0.046,260.595,0.279,,,4.382,0.02,,,12.5,,,,,0.0,0.0,,,0.0,0.0,0.0,0.0,,0.01,,,,30.671,0.14,,87.5,,,,,30.671,0.14,,87.5,,0.0,0.0,,,,0.0,0.0,,0.0,,,,,4.382,0.02,,,0.0,0.0,0.0,12.5,,,0.0,0.0,,,0.0,0.0,,0.0,0.0,,35.053,1.189,,,,30.671,0.14,,87.5,,,,,0.0,0.0,,0.0,,,,,0.0,0.0,,0.0,
Central African Republic,2010,CAF,4660066.0,4410454016.0,,,,,0.0,0.0,0.0,,125.0,,,,,0.0,0.0,,0.0,0.0,0.0,0.0,,0.16,0.16,,1.867,0.022,260.018,0.275,,,6.438,0.03,,,18.75,,,,,0.0,0.0,,,0.0,0.0,0.0,0.0,,0.02,,,,27.897,0.13,,81.25,,,,,27.897,0.13,,81.25,,0.0,0.0,,,,0.0,0.0,,0.0,,,,,6.438,0.03,,,0.0,0.0,0.0,18.75,,,0.0,0.0,,,0.0,0.0,,0.0,0.0,,34.334,1.212,,,,27.897,0.13,,81.25,,,,,0.0,0.0,,0.0,,,,,0.0,0.0,,0.0,
Central African Republic,2011,CAF,4732037.0,4499550208.0,,,,,0.0,0.0,0.0,,111.111,,,,,0.0,0.0,,0.0,0.0,0.0,0.0,,0.18,0.18,,9.145,0.111,279.481,0.294,,,6.34,0.03,,,16.667,,,,,0.0,0.0,,,0.0,0.0,0.0,0.0,,0.02,,,,31.699,0.15,,83.333,,,,,31.699,0.15,,83.333,,0.0,0.0,,,,0.0,0.0,,0.0,,,,,6.34,0.03,,,0.0,0.0,0.0,16.667,,,0.0,0.0,,,0.0,0.0,,0.0,0.0,,38.039,1.323,,,,31.699,0.15,,83.333,,,,,0.0,0.0,,0.0,,,,,0.0,0.0,,0.0,
Central African Republic,2012,CAF,4773306.0,4632211968.0,,,,,0.0,0.0,0.0,,111.111,,,,,0.0,0.0,,0.0,0.0,0.0,0.0,,0.18,0.18,,1.966,0.026,282.513,0.291,,,6.285,0.03,,,16.667,,,,,0.0,0.0,,,0.0,0.0,0.0,0.0,,0.02,,,,31.425,0.15,,83.333,,,,,31.425,0.15,,83.333,,0.0,0.0,,,,0.0,0.0,,0.0,,,,,6.285,0.03,,,0.0,0.0,0.0,16.667,,,0.0,0.0,,,0.0,0.0,,0.0,0.0,,37.71,1.349,,,,31.425,0.15,,83.333,,,,,0.0,0.0,,0.0,,,,,0.0,0.0,,0.0,
Central African Republic,2013,CAF,4802437.0,2929689088.0,,,,,0.0,0.0,0.0,,0.0,,,,,0.0,0.0,,0.0,0.0,0.0,0.0,,0.14,0.14,,-26.356,-0.355,206.793,0.339,,,0.0,0.0,,,0.0,,,,,0.0,0.0,,,0.0,0.0,0.0,0.0,,0.0,,,,29.152,0.14,,100.0,,,,,29.152,0.14,,100.0,,0.0,0.0,,,,0.0,0.0,,0.0,,,,,0.0,0.0,,,0.0,0.0,0.0,0.0,,,0.0,0.0,,,0.0,0.0,,0.0,0.0,,29.152,0.993,,,,29.152,0.14,,100.0,,,,,0.0,0.0,,0.0,,,,,0.0,0.0,,0.0,
Central African Republic,2014,CAF,4798739.0,2960957952.0,,,,,0.0,0.0,0.0,,0.0,,,,,0.0,0.0,,0.0,0.0,0.0,0.0,,0.17,0.17,,15.117,0.15,238.238,0.386,,,0.0,0.0,,,0.0,,,,,0.0,0.0,,,0.0,0.0,0.0,0.0,,0.0,,,,35.426,0.17,,100.0,,,,,35.426,0.17,,100.0,,0.0,0.0,,,,0.0,0.0,,0.0,,,,,0.0,0.0,,,0.0,0.0,0.0,0.0,,,0.0,0.0,,,0.0,0.0,,0.0,0.0,,35.426,1.143,,,,35.426,0.17,,100.0,,,,,0.0,0.0,,0.0,,,,,0.0,0.0,,0.0,
Central African Republic,2015,CAF,4819341.0,3105792000.0,,,,,0.0,0.0,0.0,,0.0,,,,,0.0,0.0,,0.0,0.0,0.0,0.0,,0.17,0.17,,25.202,0.288,297.004,0.461,,,0.0,0.0,,,0.0,,,,,0.0,0.0,,,0.0,0.0,0.0,0.0,,0.0,,,,35.275,0.17,,100.0,,,,,35.275,0.17,,100.0,,0.0,0.0,,,,0.0,0.0,,0.0,,,,,0.0,0.0,,,0.0,0.0,0.0,0.0,,,0.0,0.0,,,0.0,0.0,,0.0,0.0,,35.275,1.431,,,,35.275,0.17,,100.0,,,,,0.0,0.0,,0.0,,,,,0.0,0.0,,0.0,
Central African Republic,2016,CAF,4904182.0,3243622912.0,,,,,0.0,0.0,0.0,,0.0,,,,,0.0,0.0,,0.0,0.0,0.0,0.0,,0.17,0.17,,5.29,0.076,307.305,0.465,,,0.0,0.0,,,0.0,,,,,0.0,0.0,,,0.0,0.0,0.0,0.0,,0.0,,,,34.664,0.17,,100.0,,,,,34.664,0.17,,100.0,,0.0,0.0,,,,0.0,0.0,,0.0,,,,,0.0,0.0,,,0.0,0.0,0.0,0.0,,,0.0,0.0,,,0.0,0.0,,0.0,0.0,,34.664,1.507,,,,34.664,0.17,,100.0,,,,,0.0,0.0,,0.0,,,,,0.0,0.0,,0.0,
Central African Republic,2017,CAF,4996741.0,3412740608.0,,,,,0.0,0.0,0.0,,0.0,,,,,0.0,0.0,,,,,0.0,,0.15,0.15,,0.018,0.0,301.667,0.442,,,0.0,0.0,,,0.0,,,,,0.0,0.0,,,,,,0.0,,0.0,,,,30.02,0.15,,100.0,,,,,30.02,0.15,,100.0,,0.0,0.0,,,,0.0,0.0,,0.0,,,,,0.0,0.0,,,,,,0.0,,,0.0,0.0,,,0.0,0.0,,0.0,0.0,,30.02,1.507,,,,30.02,0.15,,100.0,,,,,0.0,0.0,,0.0,,,,,0.0,0.0,,0.0,
Central African Republic,2018,CAF,5094795.0,3581982464.0,,,,,0.0,0.0,0.0,,0.0,,,,,0.0,0.0,,,,,0.0,,0.15,0.15,,2.23,0.034,302.459,0.43,,,0.0,0.0,,,0.0,,,,,0.0,0.0,,,,,,0.0,,0.0,,,,29.442,0.15,,100.0,,,,,29.442,0.15,,100.0,,0.0,0.0,,,,0.0,0.0,,0.0,,,,,0.0,0.0,,,,,,0.0,,,0.0,0.0,,,0.0,0.0,,0.0,0.0,,29.442,1.541,,,,29.442,0.15,,100.0,,,,,0.0,0.0,,0.0,,,,,0.0,0.0,,0.0,
Central African Republic,2019,CAF,5209329.0,,,,,,0.0,0.0,0.0,,0.0,,,,,0.0,0.0,,,,,0.0,,0.15,0.15,,1.14,0.018,299.18,,,,0.0,0.0,,,0.0,,,,,0.0,0.0,,,,,,0.0,,0.0,,,,28.794,0.15,,100.0,,,,,28.794,0.15,,100.0,,0.0,0.0,,,,0.0,0.0,,0.0,,,,,0.0,0.0,,,,,,0.0,,,0.0,0.0,,,0.0,0.0,,0.0,0.0,,28.794,1.559,,,,28.794,0.15,,100.0,,,,,0.0,0.0,,0.0,,,,,0.0,0.0,,0.0,
Central African Republic,2020,CAF,5343024.0,,,,,,0.0,0.0,0.0,,0.0,,,,,0.0,0.0,,,,,0.0,,0.15,0.15,,-3.756,-0.059,280.739,,,,0.0,0.0,,,0.0,,,,,0.0,0.0,,,,,,0.0,,0.0,,,,28.074,0.15,,100.0,,,,,28.074,0.15,,100.0,,0.0,0.0,,,,0.0,0.0,,0.0,,,,,0.0,0.0,,,,,,0.0,,,0.0,0.0,,,0.0,0.0,,0.0,0.0,,28.074,1.5,,,,28.074,0.15,,100.0,,,,,0.0,0.0,,0.0,,,,,0.0,0.0,,0.0,
Central African Republic,2021,CAF,5457165.0,,,,,,0.0,0.0,0.0,,0.0,,,,,0.0,0.0,,,,,0.0,,0.15,0.15,,4.098,0.061,286.132,,,,0.0,0.0,,,0.0,,,,,0.0,0.0,,,,,,0.0,,0.0,,,,27.487,0.15,,100.0,,,,,27.487,0.15,,100.0,,0.0,0.0,,,,0.0,0.0,,0.0,,,,,0.0,0.0,,,,,,0.0,,,0.0,0.0,,,0.0,0.0,,0.0,0.0,,27.487,1.561,,,,27.487,0.15,,100.0,,,,,0.0,0.0,,0.0,,,,,0.0,0.0,,0.0,
Central America (EI),1965,,,,,,,,,,,,,,,,0.004,,,,,,,,,,,,,,,,,,,,,,,,,,,,,,,,,,,,,,,4.01,,1.356,,,,,,4.01,,0.0,,,,,,,,0.0,,0.0,,,,,,39.865,,,,,,,,,,,,,,,,,,,,,,43.879,,,4.01,,,,,,,,,,,,,,,,,,,,,
Central America (EI),1966,,,,,,,,,,,,,401.672,0.015,,0.018,,,,,,,,,,,,3.69,1.619,,,,,,,,,,,,,,,,,,,,,,,,10.103,0.405,4.415,,1.493,,,,10.103,0.405,4.415,,0.0,,,,,,,0.0,0.0,,0.0,,,,3.008,1.199,41.065,,,,,,,,,,,,,,,,,,,,,,45.498,10.103,0.405,4.415,,,,,,,,,,,,,,,,,,,,,
Central America (EI),1967,,,,,,,,,,,,,40.596,0.007,,0.026,,,,,,,,,,,,4.812,2.189,,,,,,,,,,,,,,,,,,,,,,,,12.927,0.571,4.985,,1.686,,,,12.927,0.571,4.985,,0.0,,,,,,,0.0,0.0,,0.0,,,,3.924,1.611,42.676,,,,,,,,,,,,,,,,,,,,,,47.687,12.927,0.571,4.985,,,,,,,,,,,,,,,,,,,,,
Central America (EI),1968,,,,,,,,,,,,,-26.587,-0.007,,0.019,,,,,,,,,,,,3.907,1.863,,,,,,,,,,,,,,,,,,,,,,,,10.617,0.529,5.515,,1.865,,,,10.617,0.529,5.515,,0.0,,,,,,,0.0,0.0,,0.0,,,,3.141,1.34,44.016,,,,,,,,,,,,,,,,,,,,,,49.55,10.617,0.529,5.515,,,,,,,,,,,,,,,,,,,,,
Central America (EI),1969,,,,,,,,,,,,,77.416,0.015,,0.033,,,,,,,,,,,,4.993,2.474,,,,,,,,,,,,,,,,,,,,,,,,10.724,0.591,6.106,,2.065,,,,13.458,0.736,6.251,,0.051,,,,,,,0.145,0.145,,0.051,,,,3.915,1.723,45.74,,,,,,,,,,,,,,,,,,,,,,52.024,10.724,0.591,6.106,,,,,,,,,,,,,,,,,,,,,
Central America (EI),1970,,,,,,,,,,,,,-66.699,-0.022,,0.011,,,,,,,,,,,,4.89,2.544,,,,,,,,,,,,,,,,,,,,,,,,13.351,0.815,6.921,,2.341,,,,12.746,0.798,7.049,,0.045,,,,,,-11.765,-0.017,0.128,,0.045,,,,3.865,1.768,47.507,,,,,,,,,,,,,,,,,,,,,,54.568,13.351,0.815,6.921,,,,,,,,,,,,,,,,,,,,,
Central America (EI),1971,,,,,,,,,,,,,65.928,0.007,,0.018,,,,,,,,0.033,,,,3.816,2.082,,,,,,,,49.315,,87.051,,,0.0,,,,,,,,,0.0,,-0.675,-0.047,6.875,,2.325,,,12.135,3.697,0.286,7.335,,2.474,,,12.949,,,-6.667,-0.009,0.119,,0.042,,,0.21,3.765,1.789,49.296,,,,,,,,,87.019,0.342,0.107,,,,,,,,,0.603,,56.65,3.896,0.295,7.216,,2.432,,,12.738,,,0.0,,0.0,,,0.0,,,0.0,,0.0,,,0.0
Central America (EI),1972,,,,,,,,,,,,,336.516,0.062,,0.081,,,,,,,,0.134,,,,6.252,3.542,,,5.884,2.902,,,,52.216,,86.75,,0.0,0.0,,,,,,,,,0.0,,6.452,0.444,7.318,,2.475,,,12.158,8.691,0.64,7.975,,2.689,,,13.25,,,73.81,0.088,0.207,,0.073,,,0.344,5.76,2.84,52.136,,,,,,,,,86.616,0.45,0.141,,31.776,0.109,,,,,,0.748,,60.192,7.566,0.552,7.768,,2.616,,,12.906,,0.0,0.0,,0.0,,,0.0,,0.0,0.0,,0.0,,,0.0
Central America (EI),1973,,,,,,,,,,,,,43.332,0.035,,0.115,,,,,,,,0.175,,,,9.364,5.636,,,10.171,5.311,,,,57.527,,87.39,,0.0,0.0,,,,,,,,,0.0,,6.542,0.479,7.797,,2.637,,,11.844,4.124,0.326,8.301,,2.8,,,12.61,,,-36.986,-0.077,0.131,,0.046,,,0.198,10.12,5.276,57.412,,,,,,,,,87.215,0.373,0.117,,-17.021,-0.077,,,,,,0.567,,65.828,5.272,0.402,8.17,,2.754,,,12.412,,0.0,0.0,,0.0,,,0.0,,0.0,0.0,,0.0,,,0.0
Central America (EI),1974,,,,,,,,,,,,,-58.339,-0.067,,0.048,,,,,,,,0.069,,,,6.523,4.294,,,5.811,3.343,,,,60.87,,86.806,,0.0,0.0,,,,,,,,,0.0,,11.328,0.883,8.68,,2.935,,,12.379,11.347,0.951,9.252,,3.117,,,13.194,,,-43.478,-0.057,0.074,,0.026,,,0.105,5.94,3.41,60.822,,,,,,,,,86.737,0.498,0.156,,33.333,0.124,,,,,,0.71,,70.122,12.263,1.008,9.178,,3.091,,,13.089,,0.0,0.0,,0.0,,,0.0,,0.0,0.0,,0.0,,,0.0
Central America (EI),1975,,,,,,,,,,,,,-73.525,-0.035,,0.013,,,,,,,,0.016,,,,10.206,7.157,,,11.788,7.176,,,,68.046,,88.052,,0.0,0.0,,,,,,,,,0.0,,-6.2,-0.538,8.142,,2.753,,,10.536,-0.032,-0.019,9.233,,3.117,,,11.948,,,-3.846,-0.003,0.071,,0.025,,,0.092,11.856,7.211,68.033,,,,,,,,,88.036,1.02,0.338,,116.667,0.522,,,,,,1.32,,77.279,0.0,-0.016,9.162,,3.092,,,11.856,,0.0,0.0,,0.0,,,0.0,,0.0,0.0,,0.0,,,0.0
Central America (EI),1976,,,,,,,,,,,,,-39.944,-0.005,,0.008,,,,,,,,0.009,,,,6.117,4.727,,,4.627,3.148,,,,71.194,,86.816,,0.0,0.0,,,,,,,,,0.0,,6.094,0.496,8.638,,2.921,,,10.534,17.545,1.579,10.812,,3.663,,,13.184,,,-28.0,-0.02,0.051,,0.018,,,0.062,4.635,3.153,71.186,,,,,,,,,86.806,2.122,0.724,,114.201,1.102,,,,,,2.588,,82.006,17.914,1.599,10.761,,3.645,,,13.122,,0.0,0.0,,0.0,,,0.0,,0.0,0.0,,0.0,,,0.0
Central America (EI),1977,,,,,,,,,,,,,104.799,0.008,,0.016,,,,,,,,0.018,,,,5.754,4.719,,,6.781,4.827,,,,76.021,,87.659,,0.0,0.0,,,,,,,,,0.0,,0.209,0.018,8.656,,2.927,,,9.981,-1.007,-0.109,10.703,,3.626,,,12.341,,,-100.0,-0.051,0.0,,0.0,,,0.0,6.77,4.819,76.006,,,,,,,,,87.641,2.047,0.699,,-3.453,-0.076,,,,,,2.36,,86.724,-0.518,-0.058,10.703,,3.626,,,12.341,,0.0,0.0,,0.0,,,0.0,,0.0,0.0,,0.0,,,0.0
Central America (EI),1978,,,,,,,,,,,,,3.182,0.0,,0.016,,,,,,,,0.018,,,,4.93,4.275,,,1.329,1.01,,,,77.031,,84.65,,0.0,0.0,,,,,,,,,0.0,,36.09,3.124,11.78,,3.984,,,12.946,30.595,3.265,13.968,,4.736,,,15.35,,,,0.0,0.0,,0.0,,,0.0,1.328,1.01,77.015,,,,,,,,,84.633,2.188,0.752,,7.582,0.141,,,,,,2.404,,91.0,30.595,3.265,13.968,,4.736,,,15.35,,0.0,0.0,,0.0,,,0.0,,0.0,0.0,,0.0,,,0.0
Central America (EI),1979,,,,,,,,,,,,,51.058,0.008,,0.024,,,,,,,,0.026,,,,3.343,3.042,,,1.004,0.774,,,,77.805,,82.735,,0.0,0.0,,,,,,,,,0.0,,21.871,2.576,14.357,,4.855,,,15.266,16.075,2.268,16.236,,5.497,,,17.265,,,,0.0,0.0,,0.0,,,0.0,0.994,0.765,77.781,,,,,,,,,82.709,1.879,0.642,,-14.628,-0.308,,,,,,1.999,,94.041,16.075,2.268,16.236,,5.497,,,17.265,,0.0,0.0,,0.0,,,0.0,,0.0,0.0,,0.0,,,0.0
Central America (EI),1980,,,,,,,,,,,,,635.281,0.155,,0.179,,,,,,,,0.197,,,,-3.035,-2.854,,,-6.492,-5.051,,,,72.754,,79.785,,0.0,0.0,,,,,,,,,0.0,,14.444,2.074,16.431,,5.556,,,18.018,13.487,2.197,18.433,,6.239,,,20.215,,,,,,,,,,,-6.694,-5.206,72.574,,,,,,,,,79.588,2.003,0.682,,6.247,0.123,,,,,,2.196,,91.187,13.487,2.197,18.433,,6.239,,,20.215,,0.0,0.0,,0.0,,,0.0,,0.0,0.0,,0.0,,,0.0
Central America (EI),1981,,,,,,,,,,,,,-2.113,-0.004,,0.176,,,,,,,,0.194,,,,-0.516,-0.47,,,-3.24,-2.357,,,,70.397,,77.6,,0.0,0.0,,,,,,,,,0.0,,3.846,0.632,17.062,,5.77,,,18.808,10.27,1.887,20.32,,6.879,,,22.4,,,,,,,,,,,-3.242,-2.353,70.221,,,,,,,,,77.407,3.258,1.109,,62.6,1.255,,,,,,3.591,,90.717,10.27,1.887,20.32,,6.879,,,22.4,,0.0,0.0,,0.0,,,0.0,,0.0,0.0,,0.0,,,0.0
Central America (EI),1982,,,,,,,,,,,,,-77.293,-0.136,,0.04,,,,,,,,0.044,,,,-0.544,-0.493,,,-0.267,-0.188,,,,70.209,,77.816,,0.0,0.0,,,,,,,,,0.0,,-3.256,-0.556,16.507,,5.582,,,18.295,-1.438,-0.305,20.015,,6.78,,,22.184,,,,,,,,,,,-0.074,-0.052,70.169,,,,,,,,,77.772,3.508,1.198,,8.024,0.25,,,,,,3.888,,90.224,-1.438,-0.305,20.015,,6.78,,,22.184,,0.0,0.0,,0.0,,,0.0,,0.0,0.0,,0.0,,,0.0
Central America (EI),1983,,,,,,,,,,,,,-19.638,-0.008,,0.032,,,,,,,,0.035,,,,0.289,0.26,,,-1.508,-1.059,,,,69.15,,76.422,,0.0,0.0,,,,,,,,,0.0,,10.988,1.814,18.321,,6.196,,,20.247,6.51,1.319,21.334,,7.222,,,23.578,,,,,,,,,,,-1.498,-1.051,69.118,,,,,,,,,76.387,3.014,1.026,,-14.356,-0.494,,,,,,3.331,,90.484,6.51,1.319,21.334,,7.222,,,23.578,,0.0,0.0,,0.0,,,0.0,,0.0,0.0,,0.0,,,0.0
Central America (EI),1984,,,,,,,,,,,,,-72.569,-0.023,,0.009,,,,,,,,0.009,,,,4.592,4.155,,,1.836,1.269,,,,70.419,,74.408,,0.0,0.0,,,,,,,,,0.0,,12.489,2.288,20.609,,6.97,,,21.776,13.636,2.886,24.22,,8.207,,,25.592,,,,,,,,,,,1.87,1.293,70.41,,,,,,,,,74.399,3.611,1.237,,20.563,0.598,,,,,,3.816,,94.639,13.636,2.886,24.22,,8.207,,,25.592,,0.0,0.0,,0.0,,,0.0,,0.0,0.0,,0.0,,,0.0
Central America (EI),1985,,,,,,,,,,,,,2886.269,0.254,,0.263,,,,,,,,0.267,,11.155,11.349,3.862,3.655,,,2.195,1.546,,,,71.965,,73.214,,0.0,0.0,,,,,,,,,0.0,,14.489,2.986,23.595,,7.979,,71.529,24.004,8.648,2.109,26.329,,8.916,,79.928,26.786,,,,,0.0,,0.0,,0.0,0.0,1.835,1.292,71.702,,,,,,,,,72.947,2.735,0.937,,-24.259,-0.877,,,,8.399,,2.782,,98.294,8.648,2.109,26.329,,8.916,,79.928,26.786,,0.0,0.0,,0.0,,0.0,0.0,,0.0,0.0,,0.0,,0.0,0.0
Central America (EI),1986,,,,,,,,,,,,,3.783,0.01,,0.272,,,,,,,,0.268,,11.576,11.373,3.552,3.491,,,-0.378,-0.272,,,,71.693,,70.435,,0.0,0.0,,,,,,,,,0.0,,16.846,3.975,27.57,,9.324,,80.54,27.086,14.221,3.763,30.093,,10.184,,87.976,29.565,,,,0.0,0.0,,0.0,,0.0,0.0,-0.393,-0.282,71.42,,,,,,,,,70.167,2.523,0.861,,-8.137,-0.211,,,,7.435,,2.479,,101.786,14.221,3.763,30.093,,10.184,,87.976,29.565,,0.0,0.0,,0.0,,0.0,0.0,,0.0,0.0,,0.0,,0.0,0.0
Central America (EI),1987,,,,,,,,,,,,,7.597,0.021,,0.293,,,,,,,,0.271,,12.647,11.67,6.47,6.586,,,7.496,5.374,,,,77.067,,71.113,,0.0,0.0,,,,,,,,,0.0,,3.866,1.066,28.635,,9.684,,76.571,26.423,4.028,1.212,31.305,,10.594,,83.77,28.887,,,,0.0,0.0,,0.0,,0.0,0.0,7.495,5.353,76.774,,,,,,,,,70.843,2.669,0.911,,5.782,0.146,,,,7.199,,2.463,,108.372,4.028,1.212,31.305,,10.594,,83.77,28.887,,0.0,0.0,,0.0,,0.0,0.0,,0.0,0.0,,0.0,,0.0,0.0
Central America (EI),1988,,,,,,,,,,,,,-48.592,-0.142,,0.151,,,,,,,,0.14,,12.987,12.043,-0.493,-0.534,,,-3.024,-2.331,,,,74.736,,69.305,,0.0,0.0,,,,,,,,,0.0,,6.509,1.864,30.499,,10.314,,79.421,28.283,5.699,1.796,33.101,,11.198,,86.227,30.695,,,,0.0,0.0,,0.0,,0.0,0.0,-2.85,-2.188,74.585,,,,,,,,,69.165,2.602,0.884,,-2.916,-0.068,,,,6.807,,2.413,,107.837,5.699,1.796,33.101,,11.198,,86.227,30.695,,0.0,0.0,,0.0,,0.0,0.0,,0.0,0.0,,0.0,,0.0,0.0
Central America (EI),1989,,,,,,,,,,,,,162.081,0.244,,0.395,,,,,,,,0.345,,13.886,12.112,6.318,6.814,,,4.739,3.542,,,,78.278,,68.275,,0.0,0.0,,,,,,,,,0.0,,7.949,2.424,32.924,,11.134,,80.183,28.716,9.893,3.272,36.373,,12.306,,88.622,31.725,,,,0.0,0.0,,0.0,,0.0,0.0,4.421,3.297,77.883,,,,,,,,,67.93,3.449,1.172,,32.57,0.847,,,,8.439,,3.009,,114.651,9.893,3.272,36.373,,12.306,,88.622,31.725,,0.0,0.0,,0.0,,0.0,0.0,,0.0,0.0,,0.0,,0.0,0.0
Central America (EI),1990,,,,,,,,,,,,,-29.059,-0.115,,0.28,,,,,,,,0.236,,14.494,12.209,3.538,4.057,,,3.055,2.391,,,,80.669,,67.956,,0.0,0.0,,,,,,,,,0.0,,4.565,1.503,34.427,,11.643,,80.329,29.001,4.528,1.665,38.038,,12.863,,88.752,32.044,,,,0.0,0.0,,0.0,,0.0,0.0,3.218,2.506,80.389,,,,,,,,,67.72,3.611,1.221,,4.172,0.162,,,,8.423,,3.042,,118.707,4.528,1.665,38.038,,12.863,,88.752,32.044,,0.0,0.0,,0.0,,0.0,0.0,,0.0,0.0,,0.0,,0.0,0.0
Central America (EI),1991,,,,,,,,,,,,,40.664,0.114,,0.394,,,,,,,,0.314,,15.272,12.168,5.735,6.808,,,9.177,7.403,,,,88.072,,70.168,,0.0,0.0,,,,,,,,,0.0,,-2.708,-0.932,33.495,,11.327,,74.169,26.686,-1.562,-0.595,37.443,,12.662,,82.911,29.832,,,,0.0,0.0,,0.0,,0.0,0.0,9.067,7.289,87.678,,,,,,,,,69.854,3.949,1.335,,9.364,0.337,,,,8.742,,3.146,,125.515,-1.562,-0.595,37.443,,12.662,,82.911,29.832,,0.0,0.0,,0.0,,0.0,0.0,,0.0,0.0,,0.0,,0.0,0.0
Central America (EI),1992,,,,,,,,,,,,,-7.854,-0.031,,0.363,,,,,,,,0.265,,17.281,12.586,9.394,11.79,,,13.617,11.993,,,,100.065,,72.877,,0.0,0.0,,,,,,,,,0.0,,-4.771,-1.598,31.896,,10.787,,62.419,23.23,-0.426,-0.203,37.241,,12.608,,72.961,27.123,,,,0.0,0.0,,0.0,,0.0,0.0,13.714,12.024,99.702,,,,,,,,,72.613,5.344,1.822,,36.447,1.396,,,,10.541,,3.892,,137.306,-0.426,-0.203,37.241,,12.608,,72.961,27.123,,0.0,0.0,,0.0,,0.0,0.0,,0.0,0.0,,0.0,,0.0,0.0
Central America (EI),1993,,,,,,,,,,,,,29.08,0.106,,0.469,,,,,,,,0.318,,18.229,12.355,7.453,10.234,,,6.864,6.869,,,,106.934,,72.478,,0.0,0.0,,,,,,,,,0.0,,11.465,3.657,35.554,,12.024,,65.958,24.098,9.019,3.365,40.606,,13.746,,75.404,27.522,,,,0.0,0.0,,0.0,,0.0,0.0,6.783,6.763,106.465,,,,,,,,,72.16,5.052,1.722,,-5.47,-0.292,,,,9.446,,3.424,,147.539,9.019,3.365,40.606,,13.746,,75.404,27.522,,0.0,0.0,,0.0,,0.0,0.0,,0.0,0.0,,0.0,,0.0,0.0
Central America (EI),1994,,,,,,,,,,,,,0.161,0.001,,0.47,,,,,,,,0.3,,18.772,12.011,5.934,8.756,,,9.396,10.047,,,,116.981,,74.846,,0.0,0.0,,,,,,,,,0.0,,-3.392,-1.206,34.347,,11.616,,61.878,21.976,-3.178,-1.292,39.314,,13.309,,70.897,25.154,,,,0.0,0.0,,0.0,,0.0,0.0,9.437,10.047,116.511,,,,,,,,,74.546,4.967,1.693,,-1.681,-0.086,,,,9.019,,3.178,,156.295,-3.178,-1.292,39.314,,13.309,,70.897,25.154,,0.0,0.0,,0.0,,0.0,0.0,,0.0,0.0,,0.0,,0.0,0.0
Central America (EI),1995,,,,,,,,,,,,,-21.882,-0.103,,0.367,,,,,,,,0.218,,19.819,11.762,7.807,12.201,,,10.656,12.466,,,,129.446,,76.825,,0.0,0.0,,,,,,,,,0.0,,-1.321,-0.454,33.894,,11.462,,57.836,20.115,-0.719,-0.264,39.05,,13.213,,66.67,23.175,,,,0.0,0.0,,0.0,,0.0,0.0,10.787,12.568,129.08,,,,,,,,,76.607,5.156,1.751,,3.413,0.19,,,,8.834,,3.06,,168.496,-0.719,-0.264,39.05,,13.213,,66.67,23.175,,0.0,0.0,,0.0,,0.0,0.0,,0.0,0.0,,0.0,,0.0,0.0
Central America (EI),1996,,,,,,,,,,,,,152.3,0.559,,0.926,,,,,,,,0.54,,20.11,11.742,1.642,2.766,,,-1.916,-2.48,,,,126.966,,74.135,,0.0,0.0,,,,,,,,,0.0,,15.386,5.215,39.109,,13.226,,65.768,22.835,13.432,5.246,44.296,,14.988,,74.529,25.865,,,,0.0,0.0,,0.0,,0.0,0.0,-2.354,-3.039,126.041,,,,,,,,,73.595,5.121,1.739,,-0.652,-0.035,,,,8.65,,2.99,,171.262,13.432,5.246,44.296,,14.988,,74.529,25.865,,0.0,0.0,,0.0,,0.0,0.0,,0.067,0.067,,0.023,,0.112,0.039
Central America (EI),1997,,,,,,,,,,,,,-46.317,-0.429,,0.497,,,,,,,,0.275,,21.097,11.682,5.445,9.326,,,8.019,10.182,,,,137.148,,75.945,,0.0,0.0,,,,,,,,,0.0,,-3.479,-1.361,37.748,,12.766,,60.511,20.903,-1.972,-0.856,43.44,,14.692,,69.643,24.055,,,,0.0,0.0,,0.0,,0.0,0.0,8.418,10.61,136.651,,,,,,,,,75.67,5.468,1.851,,6.405,0.348,,,,8.773,,3.028,,180.588,-1.972,-0.856,43.44,,14.692,,69.643,24.055,,0.0,0.0,,0.0,,0.0,0.0,235.154,0.157,0.224,,0.076,,0.359,0.124
Central America (EI),1998,,,,,,,,,,,,,57.008,0.283,,0.78,,,,,,,,0.389,,23.225,11.593,10.937,19.751,,,14.785,20.277,,,,157.425,,78.579,,0.0,0.0,,,,,,,,,0.0,,0.653,0.247,37.995,,12.849,,55.325,18.965,-1.12,-0.527,42.914,,14.528,,62.552,21.421,,,,0.0,0.0,,0.0,,0.0,0.0,14.632,19.994,156.645,,,,,,,,,78.19,4.729,1.614,,-12.779,-0.739,,,,6.951,,2.361,,200.339,-1.12,-0.527,42.914,,14.528,,62.552,21.421,,0.0,0.0,,0.0,,0.0,0.0,-15.194,-0.034,0.19,,0.064,,0.276,0.095
Central America (EI),1999,,,,,,,,,,,,,31.516,0.246,,1.026,,,,,,,,0.495,,24.747,11.94,3.455,6.921,,,-1.206,-1.898,,,,155.527,,75.04,,0.0,0.0,,,,,,,,,0.0,,16.704,6.347,44.341,,14.995,,60.595,21.394,20.52,8.819,51.733,,17.509,,70.751,24.96,,,,0.0,0.0,,0.0,,0.0,0.0,-1.369,-2.144,154.501,,,,,,,,,74.545,7.097,2.414,,49.518,2.368,,,,9.754,,3.424,,207.26,20.52,8.819,51.733,,17.509,,70.751,24.96,,0.0,0.0,,0.0,,0.0,0.0,55.207,0.105,0.295,,0.1,,0.403,0.142
Central America (EI),2000,,,,,,,,,,,,,195.143,2.002,,3.028,,,,,,,,1.408,,26.618,12.381,3.732,7.734,,,3.406,5.298,,,,160.825,,74.804,,0.0,0.0,,,,,,,,,0.0,,2.468,1.094,45.436,,15.365,,57.727,21.133,4.783,2.436,54.169,,18.346,,68.924,25.196,,,,0.0,0.0,,0.0,,0.0,0.0,2.133,3.296,157.797,,,,,,,,,73.396,8.216,2.806,,16.237,1.119,,,,10.54,,3.822,,214.994,4.783,2.436,54.169,,18.346,,68.924,25.196,,0.0,0.0,,0.0,,0.0,0.0,75.583,0.223,0.517,,0.175,,0.657,0.241
Central America (EI),2001,,,,,,,,,,,,,6.108,0.185,,3.213,,,,,,,,1.448,,28.499,12.846,3.194,6.866,,,7.062,11.358,,,,172.182,,77.608,,0.0,0.0,,,,,,,,,0.0,,-10.764,-5.154,40.282,,13.712,,48.112,18.156,-7.641,-4.491,49.678,,16.944,,59.455,22.392,,,,,,,,,,,7.08,11.173,168.969,,,,,,,,,76.16,8.869,3.053,,8.827,0.653,,,,10.714,,3.998,,221.86,-7.641,-4.491,49.678,,16.944,,59.455,22.392,,0.0,0.0,,0.0,,0.0,0.0,2.54,0.01,0.527,,0.179,,0.63,0.238
Central America (EI),2002,,,,,,,,,,,,,28.738,0.923,,4.136,,,,,,,,1.82,,30.117,13.251,2.445,5.424,,,1.446,2.489,,,,174.672,,76.851,,0.0,0.0,,,,,,,,,0.0,,5.471,1.93,42.211,,14.462,,48.018,18.572,6.48,2.935,52.613,,18.042,,59.907,23.149,,,,,,,,,,,0.927,1.566,170.535,,,,,,,,,75.031,9.66,3.326,,8.943,0.79,,,,11.045,,4.25,,227.285,6.48,2.935,52.613,,18.042,,59.907,23.149,,0.0,0.0,,0.0,,0.0,0.0,41.739,0.215,0.742,,0.254,,0.844,0.327
Central America (EI),2003,,,,,,,,,,,,,1.606,0.066,,4.203,,,,,,,,1.775,,32.148,13.574,4.201,9.549,,,4.285,7.484,,,,182.156,,76.913,,0.0,0.0,,,,,,,,,0.0,,4.358,1.557,43.768,,15.092,,46.946,18.481,4.578,2.064,54.677,,18.868,,58.693,23.087,,,,,,,,,,,4.35,7.418,177.953,,,,,,,,,75.139,10.241,3.546,,6.611,0.582,,,,11.031,,4.324,,236.833,4.578,2.064,54.677,,18.868,,58.693,23.087,,0.0,0.0,,0.0,,0.0,0.0,-9.473,-0.075,0.668,,0.23,,0.716,0.282
Central America (EI),2004,,,,,,,,,,,,,3.476,0.146,,4.349,,,,,,,,1.774,,33.974,13.858,3.513,8.32,,,2.918,5.316,,,,187.472,,76.471,,0.0,0.0,,,,,,,,,0.0,,6.253,2.441,46.209,,16.036,,47.199,18.849,6.057,3.005,57.682,,20.011,,58.901,23.529,,,,,,,,,,,2.905,5.169,183.123,,,,,,,,,74.697,10.737,3.72,,4.905,0.496,,,,10.95,,4.38,,245.154,6.057,3.005,57.682,,20.011,,58.901,23.529,,0.0,0.0,,0.0,,0.0,0.0,10.95,0.068,0.736,,0.255,,0.752,0.3
Central America (EI),2005,,,,,,,,,,,,,-17.755,-0.772,,3.577,,,,,,,,1.449,,35.82,14.508,0.711,1.742,,,-1.052,-1.973,,,,185.499,,75.132,,0.0,0.0,,,,,,,,,0.0,,7.049,2.944,49.153,,17.166,,47.922,19.908,6.874,3.715,61.397,,21.387,,59.706,24.868,,,,,,,,,,,-0.656,-1.201,181.922,,,,,,,,,73.684,11.663,4.018,,8.007,0.926,,,,11.217,,4.724,,246.896,6.874,3.715,61.397,,21.387,,59.706,24.868,,0.002,0.002,,0.001,,0.002,0.001,-20.796,-0.157,0.579,,0.202,,0.565,0.235
Central America (EI),2006,,,,,,,,,,,,,6.819,0.244,,3.821,,,,,,,,1.465,,37.95,14.554,5.616,13.865,,,5.823,10.801,,,,196.3,,75.279,,0.0,0.0,,,,,,,,,0.0,,4.774,2.023,51.176,,17.985,,47.392,19.626,5.598,3.064,64.462,,22.584,,59.51,24.721,,,,,,,,,,,5.803,10.557,192.479,,,,,,,,,73.814,12.509,4.326,,7.658,0.846,,,,11.399,,4.797,,260.761,5.598,3.064,64.462,,22.584,,59.51,24.721,18.971,0.0,0.002,,0.001,,0.002,0.001,34.525,0.195,0.774,,0.272,,0.717,0.297
Central America (EI),2007,,,,,,,,,,,,,8.774,0.335,,4.156,,,,,,,,1.531,,39.967,14.724,4.094,10.676,,,5.068,9.948,,,,206.248,,75.984,,0.0,0.0,,,,,,,,,0.0,,-0.3,-0.472,50.703,,17.931,,44.866,18.68,1.663,0.727,65.189,,22.96,,57.447,24.016,,,,,,,,,,,4.994,9.613,202.092,,,,,,,,,74.453,13.804,4.787,,10.665,1.294,,,,11.978,,5.085,,271.437,1.663,0.727,65.189,,22.96,,57.447,24.016,1.541,0.0,0.002,,0.001,,0.002,0.001,-11.672,-0.095,0.68,,0.24,,0.601,0.25
Central America (EI),2008,,,,,,,,,,,,,14.23,0.591,,4.747,,,,,,,,1.694,,40.883,14.589,3.241,8.797,,,1.383,2.852,,,,209.1,,74.616,,0.0,0.0,,,,,,,,,0.0,,11.89,5.676,56.38,,20.064,,49.075,20.119,9.814,5.945,71.134,,25.213,,61.67,25.384,,,,,,,,,,,1.119,2.26,204.352,,,,,,,,,72.922,14.195,4.951,,3.413,0.392,,,,12.109,,5.066,,280.233,9.814,5.945,71.134,,25.213,,61.67,25.384,0.463,-0.0,0.002,,0.001,,0.002,0.001,-17.604,-0.123,0.557,,0.198,,0.484,0.199
Central America (EI),2009,,,,,,,,,,,,,-28.827,-1.369,,3.379,,,,,,,,1.23,,41.612,15.147,-1.965,-5.506,,,-1.687,-3.528,,,,205.571,,74.827,,0.0,0.0,,,,,,,,,0.0,,-6.067,-3.748,52.632,,18.846,,45.291,19.158,-2.428,-1.978,69.156,,24.601,,59.119,25.173,,,,,,,,,,,-1.057,-2.16,202.192,,,,,,,,,73.598,15.345,5.332,,7.711,1.149,,,,12.814,,5.585,,274.727,-2.428,-1.978,69.156,,24.601,,59.119,25.173,11.147,0.0,0.002,,0.001,,0.002,0.001,112.739,0.62,1.177,,0.421,,1.013,0.428
Central America (EI),2010,,,,,,,0.0,,,,0.0,,27.332,0.923,,4.302,,,,,,,,1.501,,42.975,14.995,4.322,11.874,,,1.67,3.433,,,,209.005,,72.925,,0.0,0.0,,,,,,,,,0.0,,12.996,6.475,59.108,,21.296,,49.554,20.624,12.583,8.44,77.596,,27.696,,64.447,27.075,,,,,,,,,,,1.241,2.51,204.702,,,,,,,,,71.424,17.037,5.878,,10.226,1.692,,,,13.677,,5.945,,286.601,12.583,8.44,77.596,,27.696,,64.447,27.075,38.368,0.001,0.003,,0.001,,0.002,0.001,23.847,0.272,1.448,,0.522,,1.214,0.505
Central America (EI),2011,,,,,0.0,,0.0,,,,0.0,,50.206,2.16,,6.462,,,,,,,,2.202,,44.371,15.12,2.397,6.869,,,3.54,7.398,,,,216.403,,73.74,,0.0,0.0,,,,,,,,,0.0,,-1.501,-1.242,57.865,,20.976,,47.274,19.718,-0.128,-0.53,77.066,,27.661,,62.339,26.26,,,,,,,,,,,2.559,5.238,209.94,,,,,,,,,71.537,17.151,5.942,,1.09,0.114,,,,13.391,,5.844,,293.469,-0.128,-0.53,77.066,,27.661,,62.339,26.26,22.687,0.001,0.003,,0.001,,0.003,0.001,42.134,0.598,2.046,,0.742,,1.672,0.697
Central America (EI),2012,,,,,0.0,,0.0,,,,0.0,,30.471,1.969,,8.431,,,,,,,,2.756,,46.117,15.073,4.258,12.495,,,2.648,5.731,,,,222.134,,72.601,,0.0,0.0,,,,,,,,,0.0,,6.959,3.652,61.518,,22.436,,48.649,20.106,9.313,6.764,83.83,,30.237,,65.565,27.399,,,,,,,,,,,1.792,3.762,213.702,,,,,,,,,69.846,19.211,6.669,,12.251,2.059,,,,14.462,,6.279,,305.964,9.313,6.764,83.83,,30.237,,65.565,27.399,64.518,0.002,0.006,,0.002,,0.004,0.002,52.241,1.05,3.096,,1.129,,2.449,1.012
Central America (EI),2013,,,,,0.142,,0.142,,,,0.046,,30.038,2.533,,10.964,,,,,,,,3.527,,47.545,15.296,1.592,4.87,,,2.004,4.451,,,,226.585,,72.896,,0.0,0.0,,,,,,,,,0.0,,-2.469,-1.88,59.637,,21.882,,46.023,19.186,1.215,0.419,84.249,,30.462,,64.07,27.104,,,,,,,,,,,0.898,1.918,215.62,,,,,,,,,69.368,20.786,7.228,,8.381,1.575,,,,15.203,,6.687,,310.834,1.215,0.419,84.249,,30.462,,64.07,27.104,47.94,0.003,0.008,,0.003,,0.006,0.003,19.457,0.58,3.677,,1.349,,2.837,1.183
Central America (EI),2014,,,,179.177,0.254,,0.396,,,,0.124,,6.671,0.731,,11.696,,,,,,,,3.653,,48.85,15.257,3.006,9.344,,,3.097,7.016,,,,233.601,,72.96,,0.0,0.0,,,,,,,,,0.0,,-1.567,-1.286,58.351,,21.539,,44.092,18.225,3.629,2.327,86.576,,31.319,,64.112,27.04,,,,,0.0,,0.0,,0.0,0.0,2.915,6.285,221.905,,,,,,,,,69.307,22.122,7.673,,6.155,1.337,,,,15.708,,6.909,,320.177,3.629,2.327,86.576,,31.319,,64.112,27.04,325.77,0.027,0.035,,0.013,,0.026,0.011,55.225,1.996,5.673,,2.094,,4.286,1.772
Central America (EI),2015,,,,9.454,0.037,,0.433,,,,0.123,,26.605,3.112,,14.807,,,,,,,,4.199,,51.66,14.65,10.139,32.463,,,10.844,25.332,,,,258.933,,73.427,,0.0,0.0,,,,,,,,,0.0,,4.42,2.217,60.567,,22.491,,43.536,17.175,8.736,7.131,93.707,,34.052,,65.916,26.573,,,,0.0,0.0,,0.0,,0.0,0.0,10.014,22.221,244.126,,,,,,,,,69.228,22.66,7.831,,2.054,0.538,,,,15.159,,6.426,,352.64,8.736,7.131,93.707,,34.052,,65.916,26.573,4506.964,1.568,1.603,,0.595,,1.152,0.454,49.733,2.771,8.443,,3.135,,6.069,2.394
Central America (EI),2016,,,,12.351,0.053,,0.486,,,,0.132,,9.52,1.41,,16.217,,,,,,,,4.4,,53.346,14.475,4.511,15.907,,,4.212,10.906,,,,269.84,,73.217,,0.0,0.0,,,,,,,,,0.0,,1.757,0.7,61.267,,22.886,,42.901,16.624,5.654,5.001,98.708,,35.949,,67.387,26.783,,,,0.0,0.0,,0.0,,0.0,0.0,3.89,9.497,253.623,,,,,,,,,68.817,24.971,8.586,,9.64,2.31,,,,16.095,,6.775,,368.548,5.654,5.001,98.708,,35.949,,67.387,26.783,97.779,1.548,3.151,,1.177,,2.206,0.855,5.235,0.389,8.833,,3.299,,6.185,2.397
Central America (EI),2017,,,,21.238,0.103,,0.59,,,,0.154,,-29.014,-4.705,,11.512,,,,,,,,3.014,,53.739,14.068,3.646,13.436,,,1.001,2.7,,,,272.539,,71.349,,0.0,0.0,,,,,,,,,0.0,,18.978,11.199,72.466,,27.229,,50.67,18.971,11.848,10.736,109.444,,40.162,,74.735,28.651,,,,0.0,0.0,,0.0,,0.0,0.0,2.92,7.405,261.028,,,,,,,,,68.335,23.96,8.263,,-3.765,-1.01,,,,15.375,,6.273,,381.983,11.848,10.736,109.444,,40.162,,74.735,28.651,24.072,0.736,3.887,,1.46,,2.718,1.017,-2.725,-0.291,8.542,,3.21,,5.973,2.236
Central America (EI),2018,,,,-3.839,-0.023,,0.567,,,,0.146,,25.678,2.956,,14.468,,,,,,,,3.721,,56.497,14.529,1.798,6.867,,,0.688,1.876,,,,274.415,,70.571,,1.818,1.818,,,,,,,,,0.467,,-1.031,-1.166,71.299,,26.949,,47.699,18.336,4.803,4.991,114.435,,42.142,,74.591,29.429,,,,0.0,0.0,,0.0,,0.0,0.0,-1.11,-2.898,258.13,,,,,,,,,66.383,26.073,8.958,,8.417,2.112,,,,15.856,,6.705,,388.85,4.803,4.991,114.435,,42.142,,74.591,29.429,23.209,0.874,4.761,,1.799,,3.185,1.224,38.197,3.194,11.735,,4.436,,7.851,3.018
Central America (EI),2019,,,,3.993,0.023,,0.59,,,,0.144,,36.078,5.22,,19.687,,,,,,,,4.817,,59.144,14.47,5.11,19.87,,,10.961,30.078,,,,304.494,,74.499,163.681,2.975,4.793,,,,,,,,,1.173,,-19.908,-14.405,56.895,,21.584,,36.494,13.92,-8.995,-10.209,104.226,,38.277,,64.719,25.501,,,,0.0,0.0,,0.0,,0.0,0.0,8.478,21.884,280.014,,,,,,,,,68.51,29.292,10.073,,12.451,3.219,,,,17.032,,7.167,,408.72,-8.995,-10.209,104.226,,38.277,,64.719,25.501,23.369,1.091,5.851,,2.22,,3.753,1.432,-0.798,-0.137,11.599,,4.4,,7.44,2.838
Central America (EI),2020,,,,-28.951,-0.171,,0.419,,,,0.112,,-19.459,-3.831,,15.856,,,,,,,,4.25,,56.84,15.235,-8.718,-35.632,,,-15.363,-46.778,,,,257.715,,69.076,-25.829,-1.238,3.555,,,,,,,,,0.953,,24.762,13.828,70.722,,26.929,,47.376,18.956,11.334,11.146,115.372,,42.853,,75.394,30.924,,,,0.0,0.0,,0.0,,0.0,0.0,-14.895,-41.709,238.304,,,,,,,,,63.874,27.909,9.71,,-3.608,-1.383,,,,17.083,,7.48,,373.088,11.334,11.146,115.372,,42.853,,75.394,30.924,16.556,0.944,6.795,,2.587,,4.552,1.821,-17.558,-2.072,9.527,,3.628,,6.382,2.554
Central America (EI),2021,,,,28.22,0.118,,0.537,,,,0.128,,24.197,3.837,,19.693,,,,,,,,4.691,,61.247,14.589,12.525,46.731,,,14.031,36.161,,,,293.876,,70.001,-21.083,-0.749,2.805,,,,,,,,,0.668,,10.83,7.372,78.095,,29.845,,48.729,18.602,9.613,10.57,125.942,,46.895,,76.567,29.999,,,,0.0,0.0,,0.0,,0.0,0.0,13.879,33.073,271.378,,,,,,,,,64.642,28.913,10.019,,3.187,1.004,,,,16.359,,6.887,,419.818,9.613,10.57,125.942,,46.895,,76.567,29.999,17.562,1.164,7.959,,3.042,,4.966,1.896,9.962,0.911,10.438,,3.989,,6.513,2.486
Central America (EI),2022,,,,2.81,0.015,,0.552,,,,0.127,,-34.093,-6.714,,12.979,,,,,,,,2.973,,63.139,14.464,3.981,16.711,,,4.845,14.239,,,,308.115,,70.583,122.918,3.448,6.254,,,,,,,,,1.433,,5.945,4.341,82.436,,31.619,,50.079,18.884,2.433,2.473,128.415,,48.034,,76.077,29.417,,,,0.0,0.0,,0.0,,0.0,0.0,6.45,17.504,288.882,,,,,,,,,66.177,28.186,9.802,,-2.173,-0.727,,,,15.524,,6.457,,436.53,2.433,2.473,128.415,,48.034,,76.077,29.417,-2.552,-0.231,7.728,,2.964,,4.695,1.77,-8.523,-0.924,9.513,,3.649,,5.779,2.179
