country,year,iso_code,population,gdp,biofuel_cons_change_pct,biofuel_cons_change_twh,biofuel_cons_per_capita,biofuel_consumption,biofuel_elec_per_capita,biofuel_electricity,biofuel_share_elec,biofuel_share_energy,carbon_intensity_elec,coal_cons_change_pct,coal_cons_change_twh,coal_cons_per_capita,coal_consumption,coal_elec_per_capita,coal_electricity,coal_prod_change_pct,coal_prod_change_twh,coal_prod_per_capita,coal_production,coal_share_elec,coal_share_energy,electricity_demand,electricity_generation,electricity_share_energy,energy_cons_change_pct,energy_cons_change_twh,energy_per_capita,energy_per_gdp,fossil_cons_change_pct,fossil_cons_change_twh,fossil_elec_per_capita,fossil_electricity,fossil_energy_per_capita,fossil_fuel_consumption,fossil_share_elec,fossil_share_energy,gas_cons_change_pct,gas_cons_change_twh,gas_consumption,gas_elec_per_capita,gas_electricity,gas_energy_per_capita,gas_prod_change_pct,gas_prod_change_twh,gas_prod_per_capita,gas_production,gas_share_elec,gas_share_energy,greenhouse_gas_emissions,hydro_cons_change_pct,hydro_cons_change_twh,hydro_consumption,hydro_elec_per_capita,hydro_electricity,hydro_energy_per_capita,hydro_share_elec,hydro_share_energy,low_carbon_cons_change_pct,low_carbon_cons_change_twh,low_carbon_consumption,low_carbon_elec_per_capita,low_carbon_electricity,low_carbon_energy_per_capita,low_carbon_share_elec,low_carbon_share_energy,net_elec_imports,net_elec_imports_share_demand,nuclear_cons_change_pct,nuclear_cons_change_twh,nuclear_consumption,nuclear_elec_per_capita,nuclear_electricity,nuclear_energy_per_capita,nuclear_share_elec,nuclear_share_energy,oil_cons_change_pct,oil_cons_change_twh,oil_consumption,oil_elec_per_capita,oil_electricity,oil_energy_per_capita,oil_prod_change_pct,oil_prod_change_twh,oil_prod_per_capita,oil_production,oil_share_elec,oil_share_energy,other_renewable_consumption,other_renewable_electricity,other_renewable_exc_biofuel_electricity,other_renewables_cons_change_pct,other_renewables_cons_change_twh,other_renewables_elec_per_capita,other_renewables_elec_per_capita_exc_biofuel,other_renewables_energy_per_capita,other_renewables_share_elec,other_renewables_share_elec_exc_biofuel,other_renewables_share_energy,per_capita_electricity,primary_energy_consumption,renewables_cons_change_pct,renewables_cons_change_twh,renewables_consumption,renewables_elec_per_capita,renewables_electricity,renewables_energy_per_capita,renewables_share_elec,renewables_share_energy,solar_cons_change_pct,solar_cons_change_twh,solar_consumption,solar_elec_per_capita,solar_electricity,solar_energy_per_capita,solar_share_elec,solar_share_energy,wind_cons_change_pct,wind_cons_change_twh,wind_consumption,wind_elec_per_capita,wind_electricity,wind_energy_per_capita,wind_share_elec,wind_share_energy
South America,1966,,175135459.0,,,0.0,0.0,0.0,,,,0.0,,1.011,0.673,384.263,67.298,,,-1.952,-1.21,347.059,60.782,,5.906,,,,6.618,70.735,6506.521,,6.03,57.388,,,5762.016,1009.133,,88.558,5.962,8.124,144.377,,,824.372,6.031,10.045,1008.381,176.603,,12.67,,11.403,13.347,130.389,251.778,44.095,744.504,,11.442,11.403,13.347,130.389,0.0,0.0,744.504,,11.442,,,,0.0,0.0,0.0,0.0,0.0,,0.0,6.489,48.591,797.458,,,4553.381,-1.499,-38.263,14360.86,2515.096,,69.982,0.0,0.0,,,0.0,0.0,,0.0,,,0.0,,1139.522,11.403,13.347,130.389,,,744.504,,11.442,,,,,,,,,,,,,,,,
South America,1967,,179569020.0,,,0.0,0.0,0.0,,,,0.0,,5.947,4.002,397.063,71.3,,,13.531,8.224,384.29,69.007,,6.035,,,,3.683,41.974,6579.623,,3.41,34.412,,,5811.388,1043.545,,88.324,7.572,10.933,155.309,,,864.901,7.599,13.42,1058.216,190.023,,13.145,,5.8,7.562,137.951,259.803,46.653,768.235,,11.676,5.8,7.562,137.951,0.0,0.0,768.235,,11.676,,,,0.0,0.0,0.0,0.0,0.0,,0.0,2.442,19.477,816.936,,,4549.424,6.04,151.914,14852.285,2667.01,,69.144,0.0,0.0,,,0.0,0.0,,0.0,,,0.0,,1181.496,5.8,7.562,137.951,,,768.235,,11.676,,,,,,,,,,,,,,,,
South America,1968,,184011029.0,,,0.0,0.0,0.0,,,,0.0,,-4.111,-2.931,371.548,68.369,,,6.444,4.447,399.179,73.453,,5.419,,,,6.775,80.041,6855.773,,6.849,71.472,,,6059.512,1115.017,,88.386,5.066,7.868,163.178,,,886.782,7.311,13.892,1108.165,203.915,,12.935,,6.212,8.57,146.521,269.281,49.551,796.261,,11.614,6.212,8.57,146.521,0.0,0.0,796.261,,11.614,,,,0.0,0.0,0.0,0.0,0.0,,0.0,8.144,66.535,883.47,,,4801.182,2.466,65.756,14851.1,2732.766,,70.031,0.0,0.0,,,0.0,0.0,,0.0,,,0.0,,1261.538,6.212,8.57,146.521,,,796.261,,11.614,,,,,,,,,,,,,,,,
South America,1969,,188469386.0,,,0.0,0.0,0.0,,,,0.0,,8.871,6.065,394.94,74.434,,,6.438,4.729,414.829,78.183,,5.637,,,,4.679,59.03,7006.802,,4.264,47.543,,,6168.428,1162.56,,88.035,3.339,5.449,168.627,,,894.718,5.818,11.863,1144.894,215.777,,12.769,,7.84,11.487,158.008,283.523,53.435,838.375,,11.965,7.84,11.487,158.008,0.0,0.0,838.375,,11.965,,,,0.0,0.0,0.0,0.0,0.0,,0.0,4.078,36.029,919.499,,,4878.771,0.932,25.469,14634.925,2758.235,,69.629,0.0,0.0,,,0.0,0.0,,0.0,,,0.0,,1320.568,7.84,11.487,158.008,,,838.375,,11.965,,,,,,,,,,,,,,,,
South America,1970,,192947239.0,,,3.605,18.684,3.605,,,,0.259,,11.103,8.264,428.607,82.698,,,-11.66,-9.116,357.954,69.066,,5.932,,,,5.566,73.503,7225.137,,3.453,40.146,,,6233.34,1202.706,,86.273,0.13,0.219,168.846,,,875.091,-21.593,-46.592,876.848,169.185,,12.112,,17.676,27.929,185.937,325.895,62.88,963.667,,13.338,25.491,33.356,191.364,0.0,0.0,991.797,,13.727,,,,0.0,0.0,0.0,0.0,0.0,,0.0,3.443,31.662,951.161,,,4929.644,3.162,87.216,14747.305,2845.452,,68.229,1.823,0.571,,,1.823,2.959,,9.446,,,0.131,,1394.07,25.491,33.356,191.364,,,991.797,,13.727,,,,,,,,,,,,,,,,
South America,1971,,197461711.0,,-3.195,-0.115,17.673,3.49,,,,0.235,,-7.018,-5.804,389.417,76.895,,,7.357,5.081,375.503,74.147,,5.179,,,,6.514,90.806,7519.82,,5.729,68.897,,,6439.746,1271.603,,85.637,2.32,3.917,172.763,,,874.921,2.474,4.186,878.001,173.372,,11.635,,11.037,20.522,206.459,353.591,69.821,1045.566,,13.904,10.88,21.909,213.273,358.865,70.862,1080.074,,14.363,,,,0.0,0.0,0.0,0.0,0.0,,0.0,7.442,70.784,1021.945,,,5175.408,-2.164,-61.589,14098.242,2783.863,,68.824,3.324,1.041,,82.401,1.502,5.274,,16.835,,,0.224,,1484.877,10.88,21.909,213.273,358.865,70.862,1080.074,,14.363,,,0.0,0.0,0.0,0.0,,0.0,,,0.0,0.0,0.0,0.0,,0.0
South America,1972,,202046231.0,,23.334,0.814,21.303,4.304,,,,0.271,,-2.127,-1.636,372.486,75.259,,,1.177,0.873,371.304,75.02,,4.731,,,,7.142,106.053,7874.088,,6.051,76.941,,,6674.436,1348.545,,84.765,5.952,10.282,183.046,,,905.96,5.751,9.97,907.427,183.342,,11.506,,13.561,27.997,234.456,392.429,79.289,1160.408,,14.737,13.956,29.112,242.385,398.049,80.424,1199.652,,15.235,,,,0.0,0.0,0.0,0.0,0.0,,0.0,6.683,68.295,1090.24,,,5395.99,-5.102,-142.02,13075.438,2641.843,,68.528,3.625,1.136,,9.047,0.301,5.62,,17.942,,,0.228,,1590.93,13.956,29.112,242.385,398.049,80.424,1199.652,,15.235,,0.0,0.0,0.0,0.0,0.0,,0.0,,0.0,0.0,0.0,0.0,0.0,,0.0
South America,1973,,206713196.0,,-16.762,-0.721,17.332,3.583,,,,0.205,,4.434,3.337,380.219,78.596,,,-1.317,-0.988,358.141,74.032,,4.491,,,,9.992,158.963,8465.317,,9.594,129.382,,,7149.647,1477.927,,84.458,15.298,28.003,211.049,,,1020.974,16.057,29.44,1029.357,212.782,,12.061,,12.901,30.248,264.704,433.054,89.518,1280.536,,15.127,11.242,29.581,271.966,438.631,90.671,1315.669,,15.542,,,,0.0,0.0,0.0,0.0,0.0,,0.0,8.993,98.042,1188.281,,,5748.455,6.073,160.435,13556.355,2802.278,,67.906,3.68,1.153,,1.512,0.055,5.577,,17.802,,,0.21,,1749.893,11.242,29.581,271.966,438.631,90.671,1315.669,,15.542,,0.0,0.0,0.0,0.0,0.0,,0.0,,0.0,0.0,0.0,0.0,0.0,,0.0
South America,1974,,211454623.0,,-6.586,-0.236,15.827,3.347,,,,0.178,,9.265,7.282,406.132,85.878,,,4.309,3.19,365.196,77.222,,4.558,,,,7.67,134.225,8910.272,,6.166,91.136,,,7420.329,1569.063,,83.278,7.008,14.79,225.839,,,1068.027,7.059,15.019,1077.305,227.801,,11.986,,15.171,40.158,304.861,487.568,103.099,1441.734,,16.181,15.333,43.089,315.056,498.257,105.359,1489.944,,16.722,,,,2.94,2.94,4.899,1.036,13.902,,0.156,5.812,69.064,1257.345,,,5946.17,-9.679,-271.236,11969.667,2531.042,,66.734,3.908,1.224,,6.192,0.228,5.789,,18.48,,,0.207,,1884.118,14.234,40.15,312.116,493.358,104.323,1476.042,,16.566,,0.0,0.0,0.0,0.0,0.0,,0.0,,0.0,0.0,0.0,0.0,0.0,,0.0
South America,1975,,216251828.0,,-3.964,-0.133,14.863,3.214,,,,0.167,,4.903,4.211,416.594,90.089,,,7.543,5.825,384.031,83.047,,4.693,,,,1.89,35.616,8877.309,,0.203,3.186,,,7270.452,1572.248,,81.899,0.149,0.336,226.175,,,1045.888,0.585,1.334,1059.574,229.135,,11.782,,9.014,27.48,332.341,519.726,112.392,1536.824,,17.312,10.043,32.43,347.486,538.302,116.409,1606.858,,18.101,,,142.954,4.202,7.142,11.639,2.517,33.026,,0.372,-0.108,-1.361,1255.984,,,5807.969,-16.917,-428.186,9724.107,2102.856,,65.425,4.789,1.5,,22.547,0.881,6.937,,22.145,,,0.249,,1919.734,8.764,28.228,340.344,526.663,113.892,1573.831,,17.729,,0.0,0.0,0.0,0.0,0.0,,0.0,,0.0,0.0,0.0,0.0,0.0,,0.0
South America,1976,,221111805.0,,-8.237,-0.265,13.339,2.949,,,,0.143,,0.738,0.665,410.445,90.754,,,13.436,11.158,426.054,94.206,,4.407,,,,7.26,139.371,9312.507,,6.433,101.146,,,7568.09,1673.394,,81.268,17.181,38.859,265.034,,,1198.644,12.035,27.577,1161.004,256.712,,12.871,,11.518,38.28,370.62,566.849,125.337,1676.168,,17.999,10.661,38.226,385.711,585.344,129.426,1744.418,,18.732,,,2.185,0.156,7.298,11.632,2.572,33.006,,0.354,4.906,61.622,1317.605,,,5959.001,-0.687,-14.438,9445.077,2088.418,,63.989,4.844,1.517,,1.142,0.055,6.862,,21.905,,,0.235,,2059.105,10.843,38.069,378.413,573.712,126.854,1711.412,,18.378,,0.0,0.0,0.0,0.0,0.0,,0.0,,0.0,0.0,0.0,0.0,0.0,,0.0
South America,1977,,226098323.0,,118.01,3.48,28.438,6.43,,,,0.293,,13.992,12.698,457.555,103.453,,,19.15,18.04,496.446,112.246,,4.722,,,,6.393,131.647,9689.378,,5.288,88.486,,,7792.541,1761.88,,80.424,7.278,19.288,284.323,,,1257.517,7.524,19.314,1220.823,276.026,,12.978,,11.206,41.53,412.15,616.465,139.382,1822.882,,18.813,12.723,43.16,428.872,631.529,142.788,1896.837,,19.576,,,-36.353,-2.653,4.645,7.24,1.637,20.544,,0.212,4.288,56.5,1374.105,,,6077.468,-1.362,-28.454,9110.923,2059.964,,62.723,5.647,1.769,,16.579,0.803,7.823,,24.974,,,0.258,,2190.752,13.695,45.813,424.227,624.289,141.151,1876.293,,19.364,,0.0,0.0,0.0,0.0,0.0,,0.0,,0.0,0.0,0.0,0.0,0.0,,0.0
South America,1978,,231226845.0,,79.758,5.128,49.986,11.558,,,,0.498,,7.207,7.456,479.651,110.908,,,11.707,13.14,542.263,125.386,,4.783,,,,5.835,127.82,10027.263,,4.43,78.049,,,7957.246,1839.929,,79.356,2.259,6.424,290.747,,,1257.409,4.693,12.953,1249.765,288.979,,12.54,,9.814,40.448,452.599,661.95,153.061,1957.379,,19.521,13.578,49.772,478.643,682.968,157.921,2070.016,,20.644,,,76.909,3.572,8.217,12.524,2.896,35.538,,0.354,4.67,64.169,1438.274,,,6220.187,0.12,2.479,8919.565,2062.443,,62.033,6.269,1.964,,11.028,0.623,8.493,,27.113,,,0.27,,2318.572,12.876,46.199,470.426,670.444,155.025,2034.478,,20.289,,0.0,0.0,0.0,0.0,0.0,,0.0,,0.0,0.0,0.0,0.0,0.0,,0.0
South America,1979,,236454207.0,,37.534,4.338,67.227,15.896,,,,0.635,,5.883,6.524,496.64,117.433,,,11.81,14.808,592.902,140.194,,4.691,,,,7.979,185.004,10587.997,,6.478,119.193,,,8285.419,1959.122,,78.253,7.933,23.064,313.81,,,1327.151,3.964,11.456,1270.585,300.435,,12.534,,13.386,60.586,513.185,733.968,173.55,2170.335,,20.498,14.8,65.811,544.454,755.6,178.665,2302.578,,21.747,,,-7.044,-0.579,7.639,11.385,2.692,32.305,,0.305,6.23,89.605,1527.879,,,6461.628,7.956,164.093,9416.352,2226.536,,61.028,7.735,2.423,,23.376,1.465,10.247,,32.711,,,0.309,,2503.576,15.18,66.39,536.816,744.215,175.973,2270.274,,21.442,,0.0,0.0,0.0,0.0,0.0,,0.0,,0.0,0.0,0.0,0.0,0.0,,0.0
South America,1980,,241789097.0,,22.423,3.564,80.486,19.461,,,,0.747,,5.839,6.857,514.041,124.29,,,-53.841,-75.482,267.639,64.712,,4.769,,,,4.089,102.377,10777.794,,1.885,36.934,,,8255.362,1996.057,,76.596,5.883,18.46,332.27,,,1374.215,7.812,23.47,1339.619,323.905,,12.75,,12.263,62.932,576.117,805.795,194.832,2382.726,,22.108,12.581,65.442,609.896,825.421,199.578,2522.432,,23.404,,,-13.076,-0.999,6.64,9.678,2.34,27.461,,0.255,0.76,11.618,1539.497,,,6367.105,-4.058,-90.343,8834.943,2136.193,,59.076,7.679,2.406,,-0.721,-0.056,9.949,,31.759,,,0.295,,2605.953,12.941,66.441,603.257,815.744,197.238,2494.971,,23.149,,0.0,0.0,0.0,0.0,0.0,,0.0,,0.0,0.0,0.0,0.0,0.0,,0.0
South America,1981,,247206236.0,,-8.191,-1.594,72.274,17.867,,,,0.688,,-1.265,-1.572,496.419,122.718,,,22.065,14.279,319.534,78.991,,4.727,,,,-0.373,-9.722,10502.289,,-0.778,-15.535,,,8011.616,1980.521,,76.284,2.513,8.349,340.619,,,1377.875,2.671,8.652,1345.261,332.557,,13.12,,1.028,5.922,582.04,796.239,196.835,2354.47,,22.419,0.423,5.813,615.71,817.531,202.099,2490.673,,23.716,,,20.342,1.351,7.99,11.391,2.816,32.323,,0.308,-1.449,-22.312,1517.184,,,6137.322,-0.325,-6.953,8613.214,2129.24,,58.438,7.813,2.448,,1.751,0.134,9.901,,31.607,,,0.301,,2596.231,0.208,4.463,607.72,806.14,199.283,2458.35,,23.408,,0.0,0.0,0.0,0.0,0.0,,0.0,,0.0,0.0,0.0,0.0,0.0,,0.0
South America,1982,,252673448.0,,39.412,7.042,98.578,24.908,,,,0.932,,0.274,0.336,487.007,123.054,,,7.55,5.963,336.222,84.954,,4.606,,,,2.91,75.56,10574.088,,1.049,20.782,,,7920.513,2001.303,,74.905,10.018,34.123,374.743,,,1483.11,8.759,29.13,1431.442,361.687,,14.026,,8.413,48.966,631.005,844.547,213.395,2497.316,,23.617,10.507,54.778,670.488,863.439,218.168,2653.575,,25.095,,,-33.594,-2.684,5.306,7.401,1.87,21.0,,0.199,-0.901,-13.677,1503.507,,,5950.395,-4.34,-92.407,8061.128,2036.833,,56.273,9.268,2.903,,18.622,1.455,11.491,,36.681,,,0.347,,2671.791,11.078,57.462,665.182,856.038,216.298,2632.575,,24.896,,0.0,0.0,0.0,0.0,0.0,,0.0,,0.0,0.0,0.0,0.0,0.0,,0.0
South America,1983,,258200327.0,,43.481,10.83,138.413,35.738,,,,1.324,,10.336,12.719,525.843,135.773,,,8.803,7.479,357.99,92.433,,5.028,,,,1.066,28.491,10458.092,,-1.864,-37.295,,,7606.529,1964.008,,72.733,3.557,13.33,388.072,,,1502.988,9.619,34.791,1535.545,396.478,,14.372,,7.565,47.734,678.739,888.989,229.537,2628.731,,25.136,12.097,65.786,736.274,916.9,236.744,2851.562,,27.267,,,82.086,4.356,9.662,13.187,3.405,37.42,,0.358,-4.213,-63.343,1440.163,,,5577.698,-0.578,-11.776,7842.967,2025.057,,53.334,12.135,3.801,,30.928,2.867,14.723,,46.998,,,0.449,,2700.283,11.555,61.431,726.613,903.712,233.339,2814.143,,26.909,,0.0,0.0,0.0,0.0,0.0,,0.0,,0.0,0.0,0.0,0.0,0.0,,0.0
South America,1984,,263760622.0,,23.9,8.542,167.879,44.28,,,,1.578,,15.435,20.956,594.21,156.729,,,21.029,19.437,424.136,111.87,,5.585,,,,3.926,106.021,10639.584,,1.04,20.416,,,7523.581,1984.424,,70.713,8.271,32.096,420.168,,,1592.991,6.681,26.488,1603.599,422.966,,14.972,,10.224,69.394,748.134,959.223,253.005,2836.411,,26.659,12.746,85.605,821.879,996.866,262.934,3116.003,,29.287,,,84.552,8.169,17.831,23.825,6.284,67.603,,0.635,-2.266,-32.637,1407.527,,,5336.379,5.467,110.719,8097.402,2135.776,,50.156,11.635,3.645,,-4.124,-0.5,13.818,,44.11,,,0.415,,2806.303,11.838,77.435,804.048,973.041,256.65,3048.4,,28.652,,0.0,0.0,0.0,0.0,0.0,,0.0,,0.0,0.0,0.0,0.0,0.0,,0.0
South America,1985,,269320599.0,,22.4,9.919,201.242,54.199,,,,1.849,,14.736,23.096,667.7,179.825,38.675,10.416,17.776,19.886,489.217,131.756,2.908,6.136,,358.183,12.221,4.436,124.499,10882.204,,2.207,43.792,264.429,71.216,7530.864,2028.217,19.883,69.203,2.079,8.736,428.904,134.659,36.266,1592.541,2.064,8.728,1602.901,431.694,10.125,14.634,,8.261,61.807,809.94,1017.03,273.907,3007.346,76.471,27.635,11.052,80.706,902.585,1065.523,286.967,3351.341,80.117,30.797,,,45.56,8.124,25.955,33.963,9.147,96.371,2.554,0.886,0.85,11.961,1419.487,91.095,24.534,5270.623,-0.431,-9.201,7896.072,2126.575,6.85,48.433,12.492,3.913,,7.366,0.857,14.53,,46.382,1.092,,0.426,1329.952,2930.802,10.331,72.582,876.63,1031.559,277.82,3254.969,77.564,29.911,,0.0,0.0,0.0,0.0,0.0,0.0,0.0,,0.0,0.0,0.0,0.0,0.0,0.0,0.0
South America,1986,,274880221.0,,28.315,15.346,253.001,69.545,,,,2.228,,1.421,2.555,663.489,182.38,43.135,11.857,10.003,13.179,527.267,144.935,3.068,5.842,,386.53,12.381,6.522,191.158,11357.528,,6.076,123.235,298.063,81.932,7826.869,2151.451,21.197,68.913,8.637,37.046,465.95,137.525,37.803,1695.102,8.916,38.491,1710.51,470.185,9.78,14.925,,7.565,61.274,871.214,1071.845,294.629,3169.433,76.224,27.906,9.666,67.924,970.509,1108.115,304.599,3530.66,78.803,31.087,,,-35.99,-9.341,16.614,21.3,5.855,60.44,1.515,0.532,5.892,83.634,1503.121,117.403,32.272,5468.277,7.704,163.834,8332.388,2290.409,8.349,48.147,13.136,4.115,,5.157,0.644,14.97,,47.787,1.065,,0.421,1406.178,3121.96,10.924,77.265,953.895,1086.814,298.744,3470.22,77.289,30.554,,0.0,0.0,0.0,0.0,0.0,0.0,0.0,,0.0,0.0,0.0,0.0,0.0,0.0,0.0
South America,1987,,280447634.0,,1.385,0.963,251.413,70.508,,,,2.174,,9.477,17.285,711.95,199.665,39.294,11.02,21.191,30.714,626.316,175.649,2.719,6.156,,405.261,12.496,3.882,121.194,11564.205,,2.582,55.554,280.824,78.756,7869.583,2207.006,19.433,68.051,-0.181,-0.841,465.109,129.006,36.179,1658.451,-0.544,-2.56,1667.426,467.626,8.927,14.341,,6.783,59.093,930.308,1121.825,314.613,3317.224,77.632,28.685,6.113,65.639,1036.148,1164.238,326.508,3694.622,80.567,31.949,,,27.037,4.492,21.105,26.522,7.438,75.256,1.835,0.651,2.602,39.111,1542.233,112.523,31.557,5499.182,-1.078,-24.7,8078.899,2265.708,7.787,47.553,14.227,4.457,,8.305,1.091,15.891,,50.728,1.1,,0.439,1445.051,3243.154,5.781,61.148,1015.043,1137.716,319.07,3619.366,78.732,31.298,,0.0,0.0,0.0,0.0,0.0,0.0,0.0,,0.0,0.0,0.0,0.0,0.0,0.0,0.0
South America,1988,,286026582.0,,5.313,3.746,259.607,74.254,,,,2.218,,-0.735,-1.467,692.934,198.197,43.995,12.584,12.225,21.472,689.171,197.121,2.951,5.92,,426.419,12.737,3.231,104.8,11705.045,,3.148,69.475,311.969,89.231,7958.984,2276.481,20.926,67.996,7.834,36.436,501.544,160.829,46.001,1753.488,7.615,35.609,1759.398,503.234,10.788,14.981,,3.761,34.986,965.293,1141.309,326.445,3374.838,76.555,28.832,3.626,35.325,1071.473,1178.763,337.157,3746.061,79.067,32.004,,,-13.875,-2.928,18.177,22.397,6.406,63.55,1.502,0.543,2.237,34.507,1576.739,107.146,30.647,5512.562,5.531,125.307,8359.418,2391.016,7.187,47.096,13.748,4.307,,-3.364,-0.479,15.057,,48.065,1.01,,0.411,1490.837,3347.954,3.96,38.253,1053.296,1156.366,330.751,3682.51,77.565,31.461,,0.0,0.0,0.0,0.0,0.0,0.0,0.0,,0.0,0.0,0.0,0.0,0.0,0.0,0.0
South America,1989,,291601460.0,,8.054,5.98,275.151,80.235,,,,2.352,,8.247,16.344,735.737,214.542,52.293,15.249,17.595,34.684,794.937,231.805,3.482,6.289,,437.918,12.837,1.894,63.406,11698.708,,1.359,30.933,314.33,91.659,7912.903,2307.414,20.931,67.639,4.044,20.281,521.825,157.527,45.935,1789.515,4.585,23.072,1804.883,526.307,10.489,15.297,,2.596,25.06,990.354,1148.552,334.92,3396.258,76.48,29.031,3.635,32.474,1103.947,1187.006,346.133,3785.806,79.041,32.361,,,7.228,1.314,19.491,23.556,6.869,66.841,1.569,0.571,-0.361,-5.692,1571.047,104.51,30.475,5387.651,1.204,28.782,8298.305,2419.798,6.959,46.053,13.867,4.344,,0.869,0.119,14.898,,47.556,0.992,,0.407,1501.768,3411.36,3.578,31.16,1084.456,1163.45,339.264,3718.965,77.472,31.79,,0.0,0.0,0.0,0.0,0.0,0.0,0.0,,0.0,0.0,0.0,0.0,0.0,0.0,0.0
South America,1990,,297146501.0,,-7.796,-6.255,248.967,73.98,,,,2.152,,-16.158,-34.666,605.345,179.876,52.241,15.523,-2.502,-5.8,760.583,226.005,3.472,5.232,,447.058,13.003,0.788,26.883,11570.869,,-0.71,-16.389,281.801,83.736,7710.087,2291.025,18.73,66.634,3.553,18.543,540.368,146.061,43.401,1818.523,3.933,20.699,1840.863,547.006,9.708,15.716,,3.877,38.396,1028.75,1170.818,347.904,3462.096,77.821,29.921,2.465,43.271,1147.218,1221.278,362.899,3860.782,81.175,33.366,,,38.565,7.517,27.007,32.031,9.518,90.889,2.129,0.786,-0.017,-0.265,1570.781,83.499,24.811,5286.219,8.422,203.792,8829.279,2623.589,5.55,45.686,17.481,5.476,,26.056,3.613,18.429,,58.829,1.225,,0.508,1504.503,3438.243,1.874,35.755,1120.21,1189.247,353.381,3769.892,79.046,32.581,,0.0,0.0,0.0,0.0,0.0,0.0,0.0,,0.0,0.0,0.0,0.0,0.0,0.0,0.0
South America,1991,,302601570.0,,1.751,1.295,248.759,75.275,,,,2.123,,5.811,10.453,628.975,190.329,47.961,14.513,1.037,2.344,754.617,228.348,3.069,5.367,,472.828,13.333,3.14,107.957,11719.043,,1.496,34.267,280.538,84.891,7684.335,2325.292,17.954,65.571,1.654,8.939,549.306,151.67,45.895,1815.279,3.946,21.584,1879.004,568.59,9.707,15.49,,7.063,72.661,1101.411,1230.916,372.477,3639.805,78.776,31.059,5.894,73.691,1220.909,1280.075,387.353,4034.708,81.923,34.429,,,-3.362,-0.908,26.099,30.396,9.198,86.25,1.945,0.736,0.947,14.875,1585.657,80.908,24.483,5240.081,5.653,148.324,9160.273,2771.913,5.178,44.714,18.124,5.678,,3.678,0.643,18.762,,59.893,1.201,,0.511,1562.543,3546.201,6.1,74.599,1194.809,1249.678,378.155,3948.458,79.977,33.693,,0.0,0.0,0.0,0.0,0.0,0.0,0.0,,0.0,0.0,0.0,0.0,0.0,0.0,0.0
South America,1992,,307967492.0,,-1.947,-1.465,239.667,73.81,,,,2.003,,5.206,9.909,650.192,200.238,42.567,13.109,3.91,8.928,770.459,237.276,2.707,5.433,,484.326,13.142,3.924,139.164,11966.731,,4.889,113.681,284.36,87.574,7919.578,2438.973,18.082,66.18,3.521,19.339,568.645,151.615,46.692,1846.446,0.502,2.857,1855.542,571.447,9.641,15.43,,2.04,22.468,1123.879,1234.141,380.075,3649.342,78.475,30.496,1.62,25.483,1246.392,1286.871,396.315,4047.153,81.828,33.82,,,-3.892,-1.016,25.084,28.704,8.84,81.449,1.825,0.681,5.325,84.433,1670.089,90.178,27.772,5422.941,2.368,65.632,9213.78,2837.545,5.734,45.317,23.62,7.399,,30.324,5.496,24.026,,76.695,1.528,,0.641,1572.654,3685.364,1.732,26.499,1221.308,1258.167,387.475,3965.704,80.003,33.139,,0.0,0.0,0.0,0.0,0.0,0.0,0.0,,0.0,0.0,0.0,0.0,0.0,0.0,0.0
South America,1993,,313302144.0,,5.617,4.146,248.819,77.956,,,,2.033,,1.095,2.193,646.12,202.431,43.743,13.705,3.427,8.131,783.294,245.408,2.663,5.278,,514.571,13.417,4.063,149.72,12240.849,,2.463,60.065,284.03,88.987,7976.446,2499.038,17.293,65.163,7.154,40.68,609.325,160.0,50.128,1944.849,5.887,33.641,1931.323,605.088,9.742,15.888,,7.754,87.148,1211.027,1307.196,409.547,3865.365,79.59,31.578,7.026,89.655,1336.046,1357.159,425.201,4264.402,82.632,34.837,,,-7.33,-1.839,23.245,26.147,8.192,74.193,1.592,0.606,1.029,17.192,1687.281,80.286,25.154,5385.477,4.065,115.342,9425.044,2952.886,4.888,43.996,23.819,7.462,,0.842,0.199,23.816,,76.025,1.45,,0.621,1642.413,3835.084,7.301,91.493,1312.801,1331.012,417.009,4190.209,81.04,34.231,,0.0,0.0,0.0,0.0,0.0,0.0,0.0,,0.0,0.0,0.0,0.0,0.0,0.0,0.0
South America,1994,,318637078.0,,7.319,5.705,262.559,83.661,,,,2.053,,6.575,13.309,677.07,215.74,48.809,15.552,5.821,14.285,815.011,259.693,2.881,5.293,,539.742,13.242,6.281,240.9,12791.932,,6.301,157.47,275.909,87.915,8337.097,2656.508,16.288,65.175,4.172,25.424,634.749,160.042,50.995,1992.076,6.105,36.942,2014.925,642.03,9.448,15.573,,6.265,75.867,1286.894,1365.831,435.204,4038.746,80.632,31.573,6.351,83.429,1419.476,1416.817,451.45,4454.835,83.642,34.825,,,1.196,0.278,23.523,26.017,8.29,73.824,1.536,0.577,7.037,118.738,1806.019,67.058,21.367,5667.951,6.003,177.27,9823.579,3130.156,3.959,44.309,25.397,7.956,,6.628,1.579,24.969,,79.706,1.474,,0.623,1693.907,4075.984,6.436,83.151,1395.953,1390.8,443.16,4381.012,82.106,34.248,,0.0,0.0,0.0,0.0,0.0,0.0,0.0,,0.0,0.0,0.0,0.0,0.0,0.0,0.0
South America,1995,,323946224.0,,4.08,3.413,268.793,87.074,,,,2.032,,1.595,3.44,676.594,219.18,55.61,18.015,8.352,21.69,868.609,281.383,3.155,5.115,,571.077,13.326,5.138,209.405,13228.704,,5.793,153.898,313.345,101.507,8675.533,2810.406,17.775,65.581,10.294,65.341,700.09,183.164,59.335,2161.129,9.876,63.405,2177.628,705.435,10.39,16.337,,3.669,47.218,1334.112,1392.738,451.172,4118.312,79.004,31.132,3.934,55.507,1474.982,1448.048,469.09,4553.17,82.141,34.419,,,15.621,3.675,27.198,29.588,9.585,83.957,1.678,0.635,4.713,85.117,1891.136,74.571,24.157,5837.81,8.219,257.274,10456.767,3387.43,4.23,44.13,26.599,8.332,,4.73,1.201,25.722,,82.108,1.459,,0.621,1762.876,4285.389,3.75,51.832,1447.785,1418.46,459.505,4469.213,80.463,33.784,,0.0,0.0,0.0,0.0,0.0,0.0,0.0,,0.0,0.0,0.0,0.0,0.0,0.0,0.0
South America,1996,,329199341.0,,3.27,2.848,273.153,89.922,,,,2.014,,2.871,6.294,684.916,225.474,58.732,19.335,9.616,27.057,936.938,308.439,3.222,5.051,,600.101,13.444,4.164,178.427,13559.612,,4.37,122.808,342.423,112.725,8910.146,2933.214,18.784,65.711,10.468,73.283,773.373,201.263,66.256,2349.254,10.193,71.904,2361.302,777.339,11.041,17.325,,3.618,48.262,1382.374,1420.093,467.494,4199.199,77.903,30.968,3.707,55.619,1530.601,1478.915,486.858,4649.466,81.129,34.289,,,3.14,0.854,28.052,30.03,9.886,85.212,1.647,0.628,2.286,43.231,1934.368,82.428,27.135,5875.977,7.035,238.31,11013.813,3625.74,4.522,43.334,30.218,9.466,,13.609,3.62,28.756,,91.794,1.577,,0.677,1822.91,4463.815,3.717,54.765,1502.549,1448.885,476.972,4564.254,79.482,33.661,,0.0,0.0,0.0,0.0,0.0,0.0,0.0,,0.036,0.036,0.037,0.012,0.108,0.002,0.001
South America,1997,,334414072.0,,-3.787,-3.405,258.712,86.517,,,,1.837,,7.609,17.156,725.537,242.63,64.715,21.642,12.343,38.072,1036.175,346.512,3.412,5.151,,634.27,13.467,5.513,246.073,14084.003,,5.562,163.152,352.746,117.963,9259.079,3096.366,18.598,65.742,1.355,10.476,783.848,206.76,69.144,2343.946,0.726,5.647,2341.365,782.985,10.901,16.643,,5.852,80.901,1463.274,1479.761,494.853,4375.636,78.019,31.068,4.472,82.921,1613.522,1543.163,516.055,4824.923,81.362,34.258,,,12.583,3.53,31.582,33.282,11.13,94.438,1.755,0.671,7.006,135.52,2069.888,81.271,27.178,6189.596,4.363,158.177,11315.066,3783.917,4.285,43.948,32.093,10.053,,6.203,1.874,30.063,,95.967,1.585,,0.681,1896.661,4709.889,4.33,79.391,1581.941,1509.881,504.925,4730.485,79.607,33.588,,0.0,0.0,0.0,0.0,0.0,0.0,0.0,59.694,0.021,0.057,0.057,0.019,0.17,0.003,0.001
South America,1998,,339583049.0,,-0.64,-0.553,253.144,85.964,,,,1.763,,-2.137,-5.184,699.226,237.445,67.136,22.798,2.04,7.069,1041.218,353.58,3.459,4.871,,659.026,13.519,3.499,164.819,14354.98,,4.349,134.66,390.024,132.445,9514.686,3231.026,20.097,66.281,7.898,61.911,845.759,229.186,77.828,2490.582,6.333,49.588,2451.753,832.574,11.809,17.35,,2.261,33.083,1496.357,1490.183,506.041,4406.454,76.786,30.696,1.634,30.16,1643.682,1550.304,526.457,4840.294,79.884,33.719,,,-3.702,-1.169,30.412,31.562,10.718,89.558,1.626,0.624,3.765,77.933,2147.821,93.702,31.82,6324.877,5.839,220.958,11793.508,4004.875,4.828,44.061,30.836,9.66,,-3.915,-1.256,28.446,,90.807,1.466,,0.633,1940.692,4874.708,1.735,31.329,1613.27,1518.741,515.739,4750.736,78.258,33.095,,0.0,0.0,0.0,0.0,0.0,0.0,0.0,98.213,0.056,0.112,0.112,0.038,0.331,0.006,0.002
South America,1999,,344665738.0,,0.307,0.264,250.176,86.227,,,,1.763,,-1.238,-2.939,680.389,234.507,78.441,27.036,-0.646,-2.284,1019.238,351.296,3.991,4.795,,677.414,13.851,0.328,15.993,14189.692,,0.462,14.912,435.529,150.112,9417.64,3245.938,22.16,66.37,-2.197,-18.584,827.176,244.738,84.353,2399.936,-0.665,-5.535,2399.539,827.039,12.452,16.913,,-0.262,-3.916,1492.441,1464.365,504.716,4330.112,74.506,30.516,0.076,1.081,1644.763,1528.019,526.656,4772.053,77.745,33.63,,,3.405,1.036,31.448,32.156,11.083,91.243,1.636,0.643,1.696,36.435,2184.256,112.35,38.723,6337.316,-3.452,-138.255,11218.465,3866.621,5.716,44.661,34.536,10.819,,11.997,3.699,31.389,,100.201,1.597,,0.706,1965.422,4890.701,0.016,0.045,1613.315,1495.863,515.573,4680.811,76.109,32.987,52.941,0.0,0.0,0.0,0.0,0.0,0.0,0.0,-1.735,-0.002,0.111,0.108,0.037,0.321,0.006,0.002
South America,2000,,349634344.0,,-12.899,-11.122,214.81,75.105,23.567,8.24,1.196,1.496,144.412,0.812,1.903,676.163,236.41,69.644,24.35,16.939,59.504,1174.944,410.801,3.534,4.708,687.49,689.0,13.721,2.675,130.826,14362.223,,1.702,55.243,404.308,141.36,9441.809,3301.181,20.517,65.741,5.828,48.211,875.387,232.185,81.18,2503.721,5.498,45.467,2495.479,872.505,11.782,17.433,99.5,5.682,84.808,1577.249,1511.35,528.42,4511.138,76.694,31.41,2.983,75.583,1720.346,1566.322,547.64,4920.414,79.483,34.259,-1.51,-0.22,10.286,3.235,34.683,31.261,10.93,99.198,1.586,0.691,0.235,5.128,2189.384,102.478,35.83,6261.925,0.565,21.833,11121.486,3888.454,5.2,43.6,33.192,8.24,0.0,-3.891,-1.344,23.567,0.0,94.933,1.196,0.0,0.661,1970.63,5021.526,2.848,72.348,1685.663,1535.061,536.71,4821.216,77.897,33.569,7156.741,0.006,0.006,0.029,0.01,0.016,0.001,0.0,0.55,0.001,0.111,0.114,0.04,0.318,0.006,0.002
South America,2001,,354475220.0,,-6.272,-4.71,198.588,70.395,26.01,9.22,1.371,1.418,150.569,-5.886,-13.914,627.676,222.496,58.368,20.69,9.615,39.497,1270.321,450.297,3.077,4.481,673.07,672.45,13.544,-1.127,-56.568,14006.502,,0.692,22.838,412.864,146.35,9377.295,3324.019,21.764,66.95,3.935,34.444,909.83,241.54,85.62,2566.697,4.096,35.739,2562.224,908.245,12.733,18.325,101.25,-6.047,-104.994,1472.255,1399.167,495.97,4153.335,73.756,29.653,-4.172,-79.406,1640.939,1484.166,526.1,4629.207,78.236,33.05,0.62,0.092,74.573,25.471,60.154,58.707,20.81,169.698,3.095,1.212,0.105,2.309,2191.693,112.956,40.04,6182.923,1.334,51.865,11115.923,3940.319,5.954,44.143,37.854,9.22,0.0,14.045,4.662,26.01,0.0,106.788,1.371,0.0,0.762,1897.03,4964.958,-5.727,-104.877,1580.786,1425.459,505.29,4459.509,75.142,31.839,44.56,0.002,0.008,0.028,0.01,0.023,0.001,0.0,148.732,0.164,0.275,0.254,0.09,0.775,0.013,0.006
South America,2002,,359177090.0,,8.617,6.066,212.876,76.46,29.484,10.59,1.53,1.524,143.076,-4.275,-9.512,592.977,212.984,52.732,18.94,-6.785,-30.553,1168.629,419.745,2.737,4.245,692.19,691.94,13.79,1.06,52.604,13969.604,,-0.47,-15.62,396.016,142.24,9211.053,3308.399,20.557,65.936,0.232,2.109,911.94,238.712,85.74,2538.969,0.54,4.904,2542.335,913.148,12.391,18.175,99.0,4.901,62.187,1534.442,1447.03,519.74,4272.103,75.113,30.581,5.049,68.224,1709.163,1530.443,549.7,4758.553,79.443,34.064,0.25,0.036,-7.878,-5.096,55.057,53.539,19.23,153.287,2.779,1.097,-0.375,-8.217,2183.476,104.572,37.56,6079.106,-1.508,-59.412,10804.997,3880.907,5.428,43.517,42.771,10.59,0.0,12.99,4.917,29.484,0.0,119.081,1.53,0.0,0.852,1926.459,5017.562,5.522,73.32,1654.106,1476.904,530.47,4605.265,76.664,32.966,72.833,0.006,0.014,0.028,0.01,0.038,0.001,0.0,53.636,0.145,0.419,0.362,0.13,1.167,0.019,0.008
South America,2003,,363705424.0,,-4.655,-3.559,200.44,72.901,34.478,12.54,1.723,1.438,143.988,4.549,9.69,612.236,222.673,51.14,18.6,17.16,72.027,1352.115,491.771,2.556,4.392,726.21,727.63,14.351,1.052,52.802,13940.854,,-0.262,-8.656,419.158,152.45,9072.572,3299.744,20.952,65.079,3.485,31.777,943.716,265.875,96.7,2594.727,2.712,24.763,2578.768,937.912,13.29,18.612,104.77,4.293,55.62,1590.061,1490.382,542.06,4371.837,74.497,31.36,3.499,61.457,1770.62,1581.445,575.18,4868.281,79.048,34.921,-1.42,-0.196,6.446,3.173,58.23,56.172,20.43,160.103,2.808,1.148,-2.295,-50.122,2133.354,102.143,37.15,5865.609,-0.975,-37.824,10566.473,3843.083,5.106,42.075,48.979,12.54,0.0,14.515,6.208,34.478,0.0,134.668,1.723,0.0,0.966,2000.603,5070.364,3.405,58.284,1712.39,1525.273,554.75,4708.178,76.241,33.773,37.77,0.005,0.019,0.027,0.01,0.052,0.001,0.0,3.167,0.011,0.43,0.385,0.14,1.182,0.019,0.008
South America,2004,,368126871.0,,11.206,8.169,220.225,81.071,36.754,13.53,1.753,1.515,156.535,5.187,11.551,636.26,234.224,63.511,23.38,8.752,43.041,1452.793,534.812,3.029,4.378,772.32,771.97,14.429,5.514,279.581,14532.883,,7.037,232.19,481.845,177.38,9594.338,3531.934,22.978,66.018,12.306,116.135,1059.851,297.044,109.35,2879.038,12.751,119.596,2872.673,1057.508,14.165,19.811,120.84,3.225,40.819,1630.88,1526.539,561.96,4430.211,72.796,30.484,3.844,47.391,1818.011,1615.177,594.59,4938.545,77.022,33.982,0.35,0.045,-6.901,-4.364,53.867,51.368,18.91,146.326,2.45,1.007,4.899,104.504,2237.858,121.29,44.65,6079.04,7.722,296.755,11245.686,4139.839,5.784,41.83,51.616,13.53,0.0,5.383,2.636,36.754,0.0,140.212,1.753,0.0,0.965,2097.021,5349.945,4.197,51.755,1764.145,1563.809,575.68,4792.219,74.573,32.975,23.893,0.004,0.023,0.027,0.01,0.063,0.001,0.0,30.018,0.125,0.555,0.489,0.18,1.508,0.023,0.01
South America,2005,,372502549.0,,5.618,4.554,229.864,85.625,39.651,14.77,1.843,1.553,152.459,-5.688,-13.322,593.021,220.902,64.778,24.13,8.031,42.95,1551.029,577.762,3.012,4.007,802.6,801.2,14.534,3.037,162.5,14798.408,,2.156,76.135,473.151,176.25,9686.024,3608.069,21.998,65.453,2.947,31.239,1091.09,281.287,104.78,2929.081,2.72,28.766,2916.152,1086.274,13.078,19.793,122.15,5.92,85.613,1716.492,1595.64,594.38,4608.001,74.186,31.138,5.359,86.365,1904.376,1677.707,624.95,5112.384,78.002,34.547,1.4,0.174,-14.127,-7.903,45.964,41.798,15.57,123.392,1.943,0.834,2.602,58.219,2296.077,127.086,47.34,6163.922,1.87,77.428,11321.443,4217.267,5.909,41.653,55.628,14.77,0.0,7.773,4.012,39.651,0.0,149.336,1.843,0.0,1.009,2150.858,5512.445,5.931,94.268,1858.412,1635.908,609.38,4988.992,76.058,33.713,19.939,0.004,0.028,0.027,0.01,0.074,0.001,0.001,15.916,0.084,0.639,0.591,0.22,1.717,0.027,0.012
South America,2006,,376788418.0,,-1.322,-1.132,224.245,84.493,42.995,16.2,1.918,1.47,153.681,15.607,34.475,677.774,255.377,71.499,26.94,8.552,49.409,1664.518,627.171,3.19,4.443,846.69,844.54,14.692,4.276,235.707,15255.647,,4.254,153.501,495.769,186.8,9983.242,3761.57,22.119,65.44,6.371,69.515,1160.605,292.021,110.03,3080.258,6.023,65.429,3056.631,1151.703,13.028,20.191,129.79,4.555,66.897,1783.389,1648.219,621.03,4733.131,73.535,31.025,4.464,82.205,1986.581,1745.648,657.74,5272.406,77.881,34.56,2.15,0.254,28.378,12.673,58.636,53.425,20.13,155.622,2.384,1.02,2.156,49.511,2345.587,132.249,49.83,6225.211,1.984,83.68,11414.752,4300.946,5.9,40.806,58.985,16.2,0.0,6.035,3.357,42.995,0.0,156.546,1.918,0.0,1.026,2241.417,5748.151,3.895,69.533,1927.945,1692.223,637.61,5116.784,75.498,33.54,-98.535,-0.027,0.0,0.027,0.01,0.001,0.001,0.0,69.638,0.439,1.078,0.982,0.37,2.861,0.044,0.019
South America,2007,,380966010.0,,31.171,26.337,290.918,110.83,52.026,19.82,2.235,1.83,163.598,6.712,17.141,715.335,272.518,78.668,29.97,4.233,26.549,1715.955,653.72,3.379,4.5,889.11,886.93,14.645,5.359,308.028,15896.901,,5.812,218.64,540.284,205.83,10447.678,3980.21,23.207,65.721,2.555,29.658,1190.263,284.645,108.44,3124.329,2.769,31.886,3106.812,1183.59,12.226,19.654,145.1,3.573,52.178,1835.567,1685.583,642.15,4818.192,72.401,30.309,6.922,89.388,2075.969,1787.823,681.1,5449.224,76.793,34.279,2.18,0.245,-8.714,-5.444,53.192,48.22,18.37,139.625,2.071,0.878,7.326,171.841,2517.429,176.971,67.42,6608.014,-1.655,-71.162,11102.786,4229.784,7.602,41.568,74.138,19.82,0.0,25.69,15.153,52.026,0.0,194.606,2.235,0.0,1.224,2328.108,6056.179,7.381,94.832,2022.777,1739.604,662.73,5309.599,74.722,33.4,16.248,0.0,0.0,0.026,0.01,0.001,0.001,0.0,109.187,1.163,2.241,1.969,0.75,5.882,0.085,0.037
South America,2008,,385031415.0,,36.443,40.39,392.747,151.22,59.034,22.73,2.471,2.431,174.995,7.451,20.305,760.519,292.824,80.383,30.95,2.826,18.474,1745.816,672.194,3.365,4.708,921.81,919.74,14.786,2.71,164.11,16155.278,,2.734,108.838,599.977,231.01,10620.038,4089.048,25.117,65.737,0.63,7.504,1197.767,314.546,121.11,3110.83,0.84,9.938,3099.818,1193.527,13.168,19.256,160.95,0.497,-2.339,1833.229,1675.11,644.97,4761.244,70.125,29.472,6.154,55.272,2131.241,1788.763,688.73,5535.24,74.883,34.263,2.07,0.225,8.972,4.412,57.605,52.1,20.06,149.61,2.181,0.926,3.219,81.029,2598.457,205.048,78.95,6748.689,1.725,72.945,11175.009,4302.729,8.584,41.774,85.441,22.73,0.0,15.245,11.302,59.034,0.0,221.906,2.471,0.0,1.374,2388.74,6220.29,6.084,50.86,2073.637,1736.663,668.67,5385.63,72.702,33.337,63.636,0.0,0.001,0.026,0.01,0.002,0.001,0.0,68.249,1.506,3.747,2.493,0.96,9.731,0.104,0.06
South America,2009,,389045327.0,,10.4,15.727,429.12,166.947,66.445,25.85,2.791,2.712,166.229,-16.224,-47.508,630.559,245.316,78.757,30.64,-3.401,-22.858,1669.05,649.336,3.308,3.985,929.54,926.25,15.045,-1.027,-63.867,15824.435,,-3.172,-129.688,555.899,216.27,10177.119,3959.361,23.349,64.313,-4.556,-54.568,1143.199,284.183,110.56,2938.474,-5.636,-67.268,2894.93,1126.259,11.936,18.569,153.97,2.792,39.555,1872.783,1703.812,662.86,4813.792,71.564,30.42,4.378,65.821,2197.062,1824.929,709.98,5647.317,76.651,35.687,3.29,0.354,-1.042,-0.952,56.653,50.92,19.81,145.619,2.139,0.92,-1.063,-27.612,2570.845,192.96,75.07,6608.086,-0.711,-30.599,10981.061,4272.13,8.105,41.759,96.592,25.85,0.0,13.052,11.152,66.445,0.0,248.28,2.791,0.0,1.569,2380.828,6156.422,4.517,66.773,2140.41,1774.009,690.17,5501.698,74.512,34.767,-20.823,-0.0,0.001,0.026,0.01,0.002,0.001,0.0,9.741,0.34,4.087,3.727,1.45,10.504,0.157,0.066
South America,2010,,393078326.0,,10.175,16.986,467.931,183.933,89.193,35.06,3.564,2.83,181.902,23.011,56.451,767.701,301.767,90.822,35.7,0.442,2.868,1659.222,652.204,3.629,4.643,984.24,983.77,15.138,5.56,342.309,16532.918,,7.6,300.922,654.984,257.46,10838.253,4260.282,26.171,65.556,8.534,97.556,1240.755,362.345,142.43,3156.509,5.732,64.561,3029.473,1190.82,14.478,19.092,178.95,0.005,-11.394,1861.39,1699.763,668.14,4735.417,67.916,28.642,3.213,41.387,2238.449,1847.749,726.31,5694.665,73.829,34.444,0.47,0.048,2.806,1.232,57.885,52.051,20.46,147.26,2.08,0.891,5.715,146.915,2717.76,201.817,79.33,6914.043,0.411,17.546,10913.032,4289.676,8.064,41.82,127.866,35.06,0.0,32.377,31.274,89.193,0.0,325.295,3.564,0.0,1.968,2502.733,6498.731,3.222,40.155,2180.564,1795.698,705.85,5547.404,71.749,33.554,5251.982,0.031,0.032,0.025,0.01,0.08,0.001,0.0,80.805,3.257,7.343,6.716,2.64,18.681,0.268,0.113
South America,2011,,397135158.0,,-5.528,-10.167,437.549,173.766,91.228,36.23,3.546,2.575,173.864,5.585,16.855,802.299,318.621,99.336,39.45,14.095,91.929,1873.753,744.133,3.861,4.722,1022.34,1021.72,15.142,3.83,248.901,16990.77,,3.455,147.178,630.415,250.36,11098.137,4407.46,24.504,65.319,3.89,48.271,1289.026,336.334,133.57,3245.811,4.571,54.427,3135.576,1245.247,13.073,19.103,177.64,6.207,103.482,1964.872,1790.7,711.15,4947.616,69.603,29.119,3.738,101.723,2340.172,1942.311,771.36,5892.633,75.496,34.681,0.62,0.061,1.501,0.511,58.395,52.098,20.69,147.042,2.025,0.865,3.019,82.053,2799.814,194.745,77.34,7050.027,0.882,37.832,10896.814,4327.508,7.57,41.493,134.111,36.23,0.0,4.883,6.244,91.228,0.0,337.695,3.546,0.0,1.988,2572.726,6747.632,3.793,101.212,2281.776,1890.213,750.67,5745.591,73.471,33.816,252.367,0.079,0.111,0.126,0.05,0.279,0.005,0.002,22.174,1.574,8.917,8.158,3.24,22.453,0.317,0.132
South America,2012,,401166879.0,,-1.875,-3.258,425.031,170.508,97.865,39.26,3.698,2.439,194.471,5.748,18.316,839.892,336.937,114.167,45.8,3.905,29.061,1927.362,773.194,4.314,4.819,1062.43,1061.6,15.183,3.621,244.355,17429.125,,6.234,274.752,749.613,300.72,11671.484,4682.213,28.327,66.965,7.313,94.26,1383.286,422.418,169.46,3448.155,5.09,63.386,3262.068,1308.634,15.963,19.784,206.45,-2.053,-52.004,1912.869,1729.854,693.96,4768.261,65.369,27.358,-0.996,-30.397,2309.774,1896.667,760.88,5757.64,71.673,33.035,0.83,0.078,1.727,0.649,59.044,52.522,21.07,147.181,1.985,0.844,5.792,162.177,2961.99,213.029,85.46,7383.437,-0.551,-23.845,10727.862,4303.663,8.05,42.363,150.531,39.26,0.0,12.244,16.42,97.865,0.0,375.233,3.698,0.0,2.153,2646.28,6991.987,-1.06,-31.046,2250.73,1844.145,739.81,5610.459,69.688,32.19,222.301,0.244,0.355,0.274,0.11,0.885,0.01,0.005,85.81,7.551,16.468,16.153,6.48,41.05,0.61,0.236
South America,2013,,405147963.0,,16.075,27.409,488.506,197.917,109.886,44.52,4.039,2.761,215.109,8.614,29.022,903.273,365.959,145.256,58.85,-1.766,-13.658,1874.711,759.535,5.339,5.105,1103.1,1102.23,15.377,2.519,176.146,17692.633,,4.201,196.71,860.747,348.73,12042.323,4878.923,31.639,68.064,3.639,50.34,1433.626,481.676,195.15,3538.524,2.548,33.347,3312.321,1341.98,17.705,20.0,237.1,-3.185,-72.074,1840.794,1677.979,679.83,4543.511,61.678,25.68,1.382,-20.563,2289.211,1859.814,753.5,5650.309,68.361,31.936,0.87,0.079,-3.492,-2.405,56.639,50.303,20.38,139.798,1.849,0.79,3.962,117.347,3079.338,233.816,94.73,7600.526,0.222,9.547,10646.013,4313.21,8.594,42.959,171.491,44.52,0.0,13.924,20.96,109.886,0.0,423.28,4.039,0.0,2.392,2720.562,7168.134,1.501,-18.158,2232.572,1809.512,733.12,5510.511,66.512,31.146,115.623,0.406,0.761,0.666,0.27,1.878,0.024,0.011,32.013,5.141,21.609,20.98,8.5,53.336,0.771,0.301
South America,2014,,409128901.0,,9.651,19.101,530.44,217.018,124.068,50.76,4.62,2.995,228.012,4.661,17.058,936.178,383.017,149.244,61.06,4.969,37.738,1948.71,797.273,5.557,5.286,1099.28,1098.76,15.164,1.084,77.667,17710.314,,1.746,85.164,907.758,371.39,12133.308,4964.087,33.801,68.51,3.53,50.611,1484.237,515.29,210.82,3627.798,2.269,30.445,3354.505,1372.425,19.187,20.484,250.53,-2.888,-63.872,1776.922,1565.741,640.59,4343.184,58.301,24.523,1.306,-7.497,2281.714,1777.85,727.37,5577.006,66.199,31.49,0.52,0.047,-3.529,-2.326,54.313,48.2,19.72,132.752,1.795,0.75,0.568,17.495,3096.833,243.224,99.51,7569.333,3.649,157.4,10927.144,4470.61,9.057,42.74,189.279,50.76,0.0,10.372,17.788,124.068,0.0,462.639,4.62,0.0,2.612,2685.608,7245.801,1.418,-5.171,2227.401,1729.651,707.65,5444.253,64.404,30.741,176.366,1.329,2.09,1.931,0.79,5.108,0.072,0.029,95.963,20.483,42.092,37.91,15.51,102.883,1.412,0.581
South America,2015,,413134461.0,,15.808,34.306,608.335,251.324,130.539,53.93,4.779,3.492,229.013,-2.127,-8.145,907.386,374.872,149.951,61.95,-4.917,-39.203,1834.925,758.071,5.49,5.209,1128.55,1128.45,15.681,-0.685,-49.627,17418.479,,-1.538,-76.37,930.956,384.61,11830.813,4887.717,34.083,67.921,4.135,61.374,1545.61,537.501,222.06,3741.18,3.204,43.971,3428.413,1416.396,19.678,21.478,258.43,-2.527,-55.207,1721.715,1550.101,640.4,4167.445,56.75,23.925,3.611,26.743,2308.457,1800.479,743.84,5587.665,65.917,32.079,0.1,0.009,4.215,1.953,56.265,49.742,20.55,136.192,1.821,0.782,-4.185,-129.599,2967.234,243.504,100.6,7182.248,4.667,208.639,11326.213,4679.249,8.915,41.233,200.842,53.93,0.0,6.109,11.563,130.539,0.0,486.141,4.779,0.0,2.791,2731.435,7196.174,3.598,24.79,2252.192,1750.737,723.29,5451.474,64.096,31.297,136.773,2.829,4.918,4.478,1.85,11.905,0.164,0.068,75.404,31.3,73.392,65.62,27.11,177.648,2.402,1.02
South America,2016,,417101806.0,,-7.341,-18.449,558.317,232.875,133.517,55.69,4.93,3.276,213.655,-4.192,-15.714,861.08,359.158,155.31,64.78,4.039,30.62,1890.884,788.691,5.735,5.052,1130.04,1129.58,15.89,-1.212,-87.245,17043.629,,-3.09,-151.026,848.786,354.03,11356.197,4736.69,31.342,66.63,-0.685,-10.591,1535.02,497.936,207.69,3680.204,2.904,41.135,3494.425,1457.531,18.386,21.593,241.34,2.391,30.742,1752.457,1566.836,653.53,4201.509,57.856,24.651,1.602,63.781,2372.238,1859.378,775.55,5687.432,68.658,33.37,0.46,0.041,10.913,5.771,62.037,54.639,22.79,148.733,2.018,0.873,-4.203,-124.721,2842.513,195.54,81.56,6814.914,-4.65,-217.599,10696.79,4461.65,7.22,39.985,207.135,55.69,0.0,3.133,6.293,133.517,0.0,496.605,4.93,0.0,2.914,2708.164,7108.929,1.395,58.01,2310.202,1804.739,752.76,5538.7,66.641,32.497,72.891,3.535,8.453,7.648,3.19,20.266,0.282,0.119,49.787,35.889,109.282,96.739,40.35,262.002,3.572,1.537
South America,2017,,420982650.0,,2.991,6.965,569.716,239.84,134.899,56.79,4.988,3.342,201.807,-0.924,-3.318,845.261,355.84,141.811,59.7,-1.71,-13.489,1841.411,775.202,5.243,4.959,1140.02,1138.61,15.867,0.943,67.032,17045.74,,-0.228,-10.802,809.368,340.73,11225.852,4725.889,29.925,65.857,0.46,7.066,1542.086,519.736,218.8,3663.062,1.851,26.984,3526.309,1484.515,19.216,21.49,229.78,2.545,34.023,1786.479,1576.431,663.65,4243.594,58.286,24.895,3.649,77.834,2450.072,1895.28,797.88,5819.889,70.075,34.143,1.41,0.124,-9.616,-6.295,55.741,49.004,20.63,132.408,1.812,0.777,-0.512,-14.55,2827.963,147.821,62.23,6717.528,-4.56,-203.429,10114.956,4258.221,5.465,39.409,215.888,56.85,0.06,4.245,8.753,135.041,0.143,512.819,4.993,0.005,3.008,2704.648,7175.961,3.97,84.129,2394.331,1846.276,777.25,5687.481,68.263,33.366,73.035,6.088,14.541,12.97,5.46,34.539,0.48,0.203,26.642,28.301,137.582,121.834,51.29,326.812,4.505,1.917
South America,2018,,424740741.0,,14.015,33.613,643.812,273.453,138.414,58.79,5.083,3.848,191.331,-2.903,-10.331,813.46,345.51,138.437,58.8,-4.984,-38.639,1734.147,736.563,5.084,4.862,1157.5,1156.58,16.274,-0.965,-69.243,16731.896,,-3.835,-181.232,764.772,324.83,10699.836,4544.656,28.085,63.949,-4.445,-68.553,1473.532,498.61,211.78,3469.251,-5.145,-76.377,3315.287,1408.138,18.311,20.734,221.29,2.472,33.464,1819.944,1603.378,681.02,4284.834,58.882,25.609,6.338,111.99,2562.062,1958.253,831.75,6032.061,71.915,36.051,0.92,0.079,3.293,1.499,57.24,50.148,21.3,134.765,1.842,0.805,-3.619,-102.349,2725.614,127.725,54.25,6417.124,-8.506,-362.202,9172.7,3896.019,4.691,38.353,226.097,59.0,0.21,4.774,10.209,138.908,0.494,532.318,5.101,0.018,3.181,2723.026,7106.718,6.403,110.491,2504.822,1908.105,810.45,5897.296,70.073,35.246,85.724,12.307,26.847,24.438,10.38,63.209,0.897,0.378,15.867,20.898,158.48,141.38,60.05,373.122,5.192,2.23
South America,2019,,428318218.0,,9.723,26.589,700.511,300.042,136.184,58.33,5.039,4.281,188.595,-2.245,-7.756,788.557,337.753,138.448,59.3,-2.227,-16.405,1681.362,720.158,5.123,4.82,1158.4,1157.56,16.518,-1.389,-98.719,16361.665,,-3.401,-154.563,753.739,322.84,10249.605,4390.093,27.89,62.644,-5.01,-73.82,1399.713,511.466,219.07,3267.927,-3.091,-43.532,3185.961,1364.605,18.925,19.973,218.31,-0.809,-21.375,1798.569,1554.428,665.79,4199.142,57.517,25.665,3.62,55.844,2617.906,1948.831,834.72,6112.059,72.11,37.356,0.84,0.073,8.981,4.911,62.151,54.002,23.13,145.105,1.998,0.887,-2.678,-72.987,2652.627,103.825,44.47,6193.122,-5.305,-206.703,8613.494,3689.316,3.842,37.851,225.146,58.53,0.2,-0.423,-0.951,136.651,0.467,525.651,5.056,0.017,3.213,2702.57,7007.999,3.51,50.933,2555.755,1894.83,811.59,5966.954,70.112,36.469,52.183,13.859,40.707,35.838,15.35,95.038,1.326,0.581,21.151,32.812,191.292,167.913,71.92,446.612,6.213,2.73
South America,2020,,431530105.0,,-9.513,-28.544,629.151,271.498,146.085,63.04,5.438,4.179,183.849,-10.986,-37.106,696.702,300.648,127.894,55.19,-35.819,-257.954,1071.083,462.204,4.761,4.627,1160.16,1159.21,17.842,-7.289,-510.809,15056.17,,-11.059,-485.481,720.575,310.95,9048.296,3904.612,26.824,60.097,-9.049,-126.655,1273.058,482.585,208.25,2950.102,-8.227,-112.268,2902.084,1252.337,17.965,19.594,213.12,-2.075,-43.797,1754.772,1532.616,661.37,4066.395,57.054,27.008,-2.18,-25.328,2592.578,1965.703,848.26,6007.873,73.176,39.903,0.95,0.082,-2.064,-1.507,60.645,53.924,23.27,140.534,2.007,0.933,-12.128,-321.72,2330.906,110.097,47.51,5401.492,-5.533,-204.124,8076.36,3485.192,4.098,35.876,240.106,63.29,0.25,6.655,14.96,146.664,0.579,556.407,5.46,0.022,3.696,2686.278,6497.19,-2.183,-23.822,2531.933,1911.779,824.99,5867.339,71.168,38.97,39.768,15.979,56.686,49.707,21.45,131.36,1.85,0.872,9.592,17.579,208.871,182.791,78.88,484.025,6.805,3.215
South America,2021,,434254167.0,,0.015,0.041,625.299,271.539,148.162,64.34,5.245,3.862,206.22,10.326,31.046,763.825,331.694,141.185,61.31,9.907,45.793,1169.815,507.997,4.998,4.717,1222.68,1226.6,17.444,8.226,534.441,16192.434,,14.127,551.592,877.297,380.97,10261.742,4456.204,31.059,63.374,14.837,188.887,1461.945,589.977,256.2,3366.565,5.469,68.495,3041.609,1320.831,20.887,20.791,252.95,-4.679,-88.227,1666.544,1440.493,625.54,3837.717,50.998,23.701,-0.252,-17.15,2575.427,1947.316,845.63,5930.691,68.941,36.626,-3.92,-0.321,3.369,1.814,62.458,57.271,24.87,143.829,2.028,0.888,14.229,331.659,2662.565,146.136,63.46,6131.352,-0.405,-14.126,7993.168,3471.066,5.174,37.866,230.019,64.67,0.33,-4.175,-10.087,148.922,0.76,529.688,5.272,0.027,3.271,2824.613,7031.632,-0.33,-18.964,2512.969,1890.045,820.76,5786.862,66.913,35.738,47.625,26.69,83.376,73.413,31.88,191.999,2.599,1.186,25.652,52.619,261.49,227.217,98.67,602.16,8.044,3.719
South America,2022,,436816679.0,,0.629,1.707,625.538,273.246,,,,3.722,,-16.707,-55.417,632.478,276.277,95.093,41.538,-3.037,-15.429,1127.63,492.568,3.305,3.764,,1256.978,17.124,4.394,308.959,16804.742,,1.251,55.755,659.669,288.155,10329.182,4511.959,22.924,61.466,-3.754,-54.879,1407.066,467.184,204.074,3221.182,2.5,33.026,3099.373,1353.858,16.235,19.168,,11.898,191.49,1858.034,1631.515,712.673,4253.578,56.697,25.312,8.949,253.205,2828.632,2210.888,965.753,6475.559,76.831,38.534,,,-11.442,-7.348,55.11,50.429,22.028,126.163,1.752,0.751,6.237,166.051,2828.616,97.392,42.543,6475.522,7.427,257.787,8536.426,3728.853,3.385,38.534,218.916,68.679,,-4.779,-11.103,157.226,,501.161,5.464,,2.982,2877.586,7340.591,9.405,260.553,2773.522,2160.458,943.724,6349.396,75.079,37.783,56.594,46.71,130.086,114.227,49.896,297.805,3.97,1.772,12.552,31.75,293.241,257.491,112.476,671.313,8.948,3.995
South Korea,1900,KOR,9687522.0,,,,,,,,,,,,,,,,,,,0.0,0.0,,,,,,,,,,,,,,,,,,,,,,,,,,0.0,0.0,,,,,,,,,,,,,,,,,,,,,,,,,,,,,,,,,,,,,,,,,,,,,,,,,,,,,,,,,,,,,,,,,,,,,,,,,,,,,,
South Korea,1901,KOR,9696702.0,,,,,,,,,,,,,,,,,,0.0,0.0,0.0,,,,,,,,,,,,,,,,,,,,,,,,,0.0,0.0,0.0,,,,,,,,,,,,,,,,,,,,,,,,,,,,,,,,,,,,,,,,,,,,,,,,,,,,,,,,,,,,,,,,,,,,,,,,,,,,,,
South Korea,1902,KOR,9708827.0,,,,,,,,,,,,,,,,,,0.0,0.0,0.0,,,,,,,,,,,,,,,,,,,,,,,,,0.0,0.0,0.0,,,,,,,,,,,,,,,,,,,,,,,,,,,,,,,,,,,,,,,,,,,,,,,,,,,,,,,,,,,,,,,,,,,,,,,,,,,,,,
South Korea,1903,KOR,9723900.0,,,,,,,,,,,,,,,,,,0.0,0.0,0.0,,,,,,,,,,,,,,,,,,,,,,,,,0.0,0.0,0.0,,,,,,,,,,,,,,,,,,,,,,,,,,,,,,,,,,,,,,,,,,,,,,,,,,,,,,,,,,,,,,,,,,,,,,,,,,,,,,
South Korea,1904,KOR,9738995.0,,,,,,,,,,,,,,,,,,0.0,0.0,0.0,,,,,,,,,,,,,,,,,,,,,,,,,0.0,0.0,0.0,,,,,,,,,,,,,,,,,,,,,,,,,,,,,,,,,,,,,,,,,,,,,,,,,,,,,,,,,,,,,,,,,,,,,,,,,,,,,,
South Korea,1905,KOR,9754112.0,,,,,,,,,,,,,,,,,,0.0,0.0,0.0,,,,,,,,,,,,,,,,,,,,,,,,,0.0,0.0,0.0,,,,,,,,,,,,,,,,,,,,,,,,,,,,,,,,,,,,,,,,,,,,,,,,,,,,,,,,,,,,,,,,,,,,,,,,,,,,,,
South Korea,1906,KOR,9769249.0,,,,,,,,,,,,,,,,,,0.0,0.0,0.0,,,,,,,,,,,,,,,,,,,,,,,,,0.0,0.0,0.0,,,,,,,,,,,,,,,,,,,,,,,,,,,,,,,,,,,,,,,,,,,,,,,,,,,,,,,,,,,,,,,,,,,,,,,,,,,,,,
South Korea,1907,KOR,9784409.0,,,,,,,,,,,,,,,,,,0.0,0.0,0.0,,,,,,,,,,,,,,,,,,,,,,,,,0.0,0.0,0.0,,,,,,,,,,,,,,,,,,,,,,,,,,,,,,,,,,,,,,,,,,,,,,,,,,,,,,,,,,,,,,,,,,,,,,,,,,,,,,
South Korea,1908,KOR,9799590.0,,,,,,,,,,,,,,,,,,0.0,0.0,0.0,,,,,,,,,,,,,,,,,,,,,,,,,0.0,0.0,0.0,,,,,,,,,,,,,,,,,,,,,,,,,,,,,,,,,,,,,,,,,,,,,,,,,,,,,,,,,,,,,,,,,,,,,,,,,,,,,,
South Korea,1909,KOR,9841836.0,,,,,,,,,,,,,,,,,,0.0,0.0,0.0,,,,,,,,,,,,,,,,,,,,,,,,,0.0,0.0,0.0,,,,,,,,,,,,,,,,,,,,,,,,,,,,,,,,,,,,,,,,,,,,,,,,,,,,,,,,,,,,,,,,,,,,,,,,,,,,,,
South Korea,1910,KOR,9911592.0,,,,,,,,,,,,,,,,,,0.0,0.0,0.0,,,,,,,,,,,,,,,,,,,,,,,,,0.0,0.0,0.0,,,,,,,,,,,,,,,,,,,,,,,,,,,,,,,,,,,,,,,,,,,,,,,,,,,,,,,,,,,,,,,,,,,,,,,,,,,,,,
South Korea,1911,KOR,10009308.0,11361337344.0,,,,,,,,,,,,,,,,,0.0,0.0,0.0,,,,,,,,,,,,,,,,,,,,,,,,,0.0,0.0,0.0,,,,,,,,,,,,,,,,,,,,,,,,,,,,,,,,,,,,,,,,,,,,,,,,,,,,,,,,,,,,,,,,,,,,,,,,,,,,,,
South Korea,1912,KOR,10135440.0,11364545536.0,,,,,,,,,,,,,,,,,0.0,0.0,0.0,,,,,,,,,,,,,,,,,,,,,,,,,0.0,0.0,0.0,,,,,,,,,,,,,,,,,,,,,,,,,,,,,,,,,,,,,,,,,,,,,,,,,,,,,,,,,,,,,,,,,,,,,,,,,,,,,,
South Korea,1913,KOR,10290453.0,12400184320.0,,,,,,,,,,,,,,,,,0.0,0.0,0.0,,,,,,,,,,,,,,,,,,,,,,,,,0.0,0.0,0.0,,,,,,,,,,,,,,,,,,,,,,,,,,,,,,,,,,,,,,,,,,,,,,,,,,,,,,,,,,,,,,,,,,,,,,,,,,,,,,
South Korea,1914,KOR,10447834.0,13502382080.0,,,,,,,,,,,,,,,,,0.0,0.0,0.0,,,,,,,,,,,,,,,,,,,,,,,,,0.0,0.0,0.0,,,,,,,,,,,,,,,,,,,,,,,,,,,,,,,,,,,,,,,,,,,,,,,,,,,,,,,,,,,,,,,,,,,,,,,,,,,,,,
South Korea,1915,KOR,10607621.0,13761623040.0,,,,,,,,,,,,,,,,,0.0,0.0,0.0,,,,,,,,,,,,,,,,,,,,,,,,,0.0,0.0,0.0,,,,,,,,,,,,,,,,,,,,,,,,,,,,,,,,,,,,,,,,,,,,,,,,,,,,,,,,,,,,,,,,,,,,,,,,,,,,,,
South Korea,1916,KOR,10769848.0,14578027520.0,,,,,,,,,,,,,,,,,0.0,0.0,0.0,,,,,,,,,,,,,,,,,,,,,,,,,0.0,0.0,0.0,,,,,,,,,,,,,,,,,,,,,,,,,,,,,,,,,,,,,,,,,,,,,,,,,,,,,,,,,,,,,,,,,,,,,,,,,,,,,,
South Korea,1917,KOR,10934555.0,15386908672.0,,,,,,,,,,,,,,,,,0.0,0.0,0.0,,,,,,,,,,,,,,,,,,,,,,,,,0.0,0.0,0.0,,,,,,,,,,,,,,,,,,,,,,,,,,,,,,,,,,,,,,,,,,,,,,,,,,,,,,,,,,,,,,,,,,,,,,,,,,,,,,
South Korea,1918,KOR,11106804.0,16329507840.0,,,,,,,,,,,,,,,,,0.0,0.0,0.0,,,,,,,,,,,,,,,,,,,,,,,,,0.0,0.0,0.0,,,,,,,,,,,,,,,,,,,,,,,,,,,,,,,,,,,,,,,,,,,,,,,,,,,,,,,,,,,,,,,,,,,,,,,,,,,,,,
South Korea,1919,KOR,11283431.0,15849369600.0,,,,,,,,,,,,,,,,,0.0,0.0,0.0,,,,,,,,,,,,,,,,,,,,,,,,,0.0,0.0,0.0,,,,,,,,,,,,,,,,,,,,,,,,,,,,,,,,,,,,,,,,,,,,,,,,,,,,,,,,,,,,,,,,,,,,,,,,,,,,,,
South Korea,1920,KOR,11464533.0,16865748992.0,,,,,,,,,,,,,,,,,0.0,0.0,0.0,,,,,,,,,,,,,,,,,,,,,,,,,0.0,0.0,0.0,,,,,,,,,,,,,,,,,,,,,,,,,,,,,,,,,,,,,,,,,,,,,,,,,,,,,,,,,,,,,,,,,,,,,,,,,,,,,,
South Korea,1921,KOR,11650208.0,17745504256.0,,,,,,,,,,,,,,,,,0.0,0.0,0.0,,,,,,,,,,,,,,,,,,,,,,,,,0.0,0.0,0.0,,,,,,,,,,,,,,,,,,,,,,,,,,,,,,,,,,,,,,,,,,,,,,,,,,,,,,,,,,,,,,,,,,,,,,,,,,,,,,
South Korea,1922,KOR,11840557.0,18335301632.0,,,,,,,,,,,,,,,,,0.0,0.0,0.0,,,,,,,,,,,,,,,,,,,,,,,,,0.0,0.0,0.0,,,,,,,,,,,,,,,,,,,,,,,,,,,,,,,,,,,,,,,,,,,,,,,,,,,,,,,,,,,,,,,,,,,,,,,,,,,,,,
South Korea,1923,KOR,12035681.0,18857922560.0,,,,,,,,,,,,,,,,,0.0,0.0,0.0,,,,,,,,,,,,,,,,,,,,,,,,,0.0,0.0,0.0,,,,,,,,,,,,,,,,,,,,,,,,,,,,,,,,,,,,,,,,,,,,,,,,,,,,,,,,,,,,,,,,,,,,,,,,,,,,,,
South Korea,1924,KOR,12234022.0,18170802176.0,,,,,,,,,,,,,,,,,0.0,0.0,0.0,,,,,,,,,,,,,,,,,,,,,,,,,0.0,0.0,0.0,,,,,,,,,,,,,,,,,,,,,,,,,,,,,,,,,,,,,,,,,,,,,,,,,,,,,,,,,,,,,,,,,,,,,,,,,,,,,,
South Korea,1925,KOR,12435630.0,19115896832.0,,,,,,,,,,,,,,,,,0.0,0.0,0.0,,,,,,,,,,,,,,,,,,,,,,,,,0.0,0.0,0.0,,,,,,,,,,,,,,,,,,,,,,,,,,,,,,,,,,,,,,,,,,,,,,,,,,,,,,,,,,,,,,,,,,,,,,,,,,,,,,
South Korea,1926,KOR,12640561.0,20157857792.0,,,,,,,,,,,,,,,,,0.0,0.0,0.0,,,,,,,,,,,,,,,,,,,,,,,,,0.0,0.0,0.0,,,,,,,,,,,,,,,,,,,,,,,,,,,,,,,,,,,,,,,,,,,,,,,,,,,,,,,,,,,,,,,,,,,,,,,,,,,,,,
South Korea,1927,KOR,12848870.0,21526128640.0,,,,,,,,,,,,,,,,,0.0,0.0,0.0,,,,,,,,,,,,,,,,,,,,,,,,,0.0,0.0,0.0,,,,,,,,,,,,,,,,,,,,,,,,,,,,,,,,,,,,,,,,,,,,,,,,,,,,,,,,,,,,,,,,,,,,,,,,,,,,,,
South Korea,1928,KOR,13060611.0,20206903296.0,,,,,,,,,,,,,,,,,0.0,0.0,0.0,,,,,,,,,,,,,,,,,,,,,,,,,0.0,0.0,0.0,,,,,,,,,,,,,,,,,,,,,,,,,,,,,,,,,,,,,,,,,,,,,,,,,,,,,,,,,,,,,,,,,,,,,,,,,,,,,,
South Korea,1929,KOR,13263161.0,20517275648.0,,,,,,,,,,,,,,,,,0.0,0.0,0.0,,,,,,,,,,,,,,,,,,,,,,,,,0.0,0.0,0.0,,,,,,,,,,,,,,,,,,,,,,,,,,,,,,,,,,,,,,,,,,,,,,,,,,,,,,,,,,,,,,,,,,,,,,,,,,,,,,
South Korea,1930,KOR,13456220.0,22757216256.0,,,,,,,,,,,,,,,,,0.0,0.0,0.0,,,,,,,,,,,,,,,,,,,,,,,,,0.0,0.0,0.0,,,,,,,,,,,,,,,,,,,,,,,,,,,,,,,,,,,,,,,,,,,,,,,,,,,,,,,,,,,,,,,,,,,,,,,,,,,,,,
South Korea,1931,KOR,13639481.0,22880514048.0,,,,,,,,,,,,,,,,,0.0,0.0,0.0,,,,,,,,,,,,,,,,,,,,,,,,,0.0,0.0,0.0,,,,,,,,,,,,,,,,,,,,,,,,,,,,,,,,,,,,,,,,,,,,,,,,,,,,,,,,,,,,,,,,,,,,,,,,,,,,,,
South Korea,1932,KOR,13812628.0,23241103360.0,,,,,,,,,,,,,,,,,0.0,0.0,0.0,,,,,,,,,,,,,,,,,,,,,,,,,0.0,0.0,0.0,,,,,,,,,,,,,,,,,,,,,,,,,,,,,,,,,,,,,,,,,,,,,,,,,,,,,,,,,,,,,,,,,,,,,,,,,,,,,,
South Korea,1933,KOR,13975340.0,24100478976.0,,,,,,,,,,,,,,,,,0.0,0.0,0.0,,,,,,,,,,,,,,,,,,,,,,,,,0.0,0.0,0.0,,,,,,,,,,,,,,,,,,,,,,,,,,,,,,,,,,,,,,,,,,,,,,,,,,,,,,,,,,,,,,,,,,,,,,,,,,,,,,
South Korea,1934,KOR,14139969.0,24746481664.0,,,,,,,,,,,,,,,,,0.0,0.0,0.0,,,,,,,,,,,,,,,,,,,,,,,,,0.0,0.0,0.0,,,,,,,,,,,,,,,,,,,,,,,,,,,,,,,,,,,,,,,,,,,,,,,,,,,,,,,,,,,,,,,,,,,,,,,,,,,,,,
South Korea,1935,KOR,14306538.0,26429147136.0,,,,,,,,,,,,,,,,,0.0,0.0,0.0,,,,,,,,,,,,,,,,,,,,,,,,,0.0,0.0,0.0,,,,,,,,,,,,,,,,,,,,,,,,,,,,,,,,,,,,,,,,,,,,,,,,,,,,,,,,,,,,,,,,,,,,,,,,,,,,,,
South Korea,1936,KOR,14475069.0,25628610560.0,,,,,,,,,,,,,,,,,0.0,0.0,0.0,,,,,,,,,,,,,,,,,,,,,,,,,0.0,0.0,0.0,,,,,,,,,,,,,,,,,,,,,,,,,,,,,,,,,,,,,,,,,,,,,,,,,,,,,,,,,,,,,,,,,,,,,,,,,,,,,,
South Korea,1937,KOR,14645585.0,30607730688.0,,,,,,,,,,,,,,,,,0.0,0.0,0.0,,,,,,,,,,,,,,,,,,,,,,,,,0.0,0.0,0.0,,,,,,,,,,,,,,,,,,,,,,,,,,,,,,,,,,,,,,,,,,,,,,,,,,,,,,,,,,,,,,,,,,,,,,,,,,,,,,
South Korea,1938,KOR,14818109.0,29763717120.0,,,,,,,,,,,,,,,,,0.0,0.0,0.0,,,,,,,,,,,,,,,,,,,,,,,,,0.0,0.0,0.0,,,,,,,,,,,,,,,,,,,,,,,,,,,,,,,,,,,,,,,,,,,,,,,,,,,,,,,,,,,,,,,,,,,,,,,,,,,,,,
South Korea,1939,KOR,15045613.0,24972777472.0,,,,,,,,,,,,,,,,,0.0,0.0,0.0,,,,,,,,,,,,,,,,,,,,,,,,,0.0,0.0,0.0,,,,,,,,,,,,,,,,,,,,,,,,,,,,,,,,,,,,,,,,,,,,,,,,,,,,,,,,,,,,,,,,,,,,,,,,,,,,,,
South Korea,1940,KOR,15330291.0,30867013632.0,,,,,,,,,,,,,,,,,0.0,0.0,0.0,,,,,,,,,,,,,,,,,,,,,,,,,0.0,0.0,0.0,,,,,,,,,,,,,,,,,,,,,,,,,,,,,,,,,,,,,,,,,,,,,,,,,,,,,,,,,,,,,,,,,,,,,,,,,,,,,,
South Korea,1941,KOR,15674410.0,33418838016.0,,,,,,,,,,,,,,,,,0.0,0.0,0.0,,,,,,,,,,,,,,,,,,,,,,,,,0.0,0.0,0.0,,,,,,,,,,,,,,,,,,,,,,,,,,,,,,,,,,,,,,,,,,,,,,,,,,,,,,,,,,,,,,,,,,,,,,,,,,,,,,
South Korea,1942,KOR,16080309.0,26486249472.0,,,,,,,,,,,,,,,,,0.0,0.0,0.0,,,,,,,,,,,,,,,,,,,,,,,,,0.0,0.0,0.0,,,,,,,,,,,,,,,,,,,,,,,,,,,,,,,,,,,,,,,,,,,,,,,,,,,,,,,,,,,,,,,,,,,,,,,,,,,,,,
South Korea,1943,KOR,16550405.0,27534751744.0,,,,,,,,,,,,,,,,,0.0,0.0,0.0,,,,,,,,,,,,,,,,,,,,,,,,,0.0,0.0,0.0,,,,,,,,,,,,,,,,,,,,,,,,,,,,,,,,,,,,,,,,,,,,,,,,,,,,,,,,,,,,,,,,,,,,,,,,,,,,,,
South Korea,1944,KOR,17034244.0,,,,,,,,,,,,,,,,,,0.0,0.0,0.0,,,,,,,,,,,,,,,,,,,,,,,,,0.0,0.0,0.0,,,,,,,,,,,,,,,,,,,,,,,,,,,,,,,,,,,,,,,,,,,,,,,,,,,,,,,,,,,,,,,,,,,,,,,,,,,,,,
South Korea,1945,KOR,17532227.0,,,,,,,,,,,,,,,,,,0.0,0.0,0.0,,,,,,,,,,,,,,,,,,,,,,,,,0.0,0.0,0.0,,,,,,,,,,,,,,,,,,,,,,,,,,,,,,,,,,,,,,,,,,,,,,,,,,,,,,,,,,,,,,,,,,,,,,,,,,,,,,
South Korea,1946,KOR,18044769.0,17737453568.0,,,,,,,,,,,,,,,,,2.043,113.24,2.043,,,,,,,,,,,,,,,,,,,,,,,,,0.0,0.0,0.0,,,,,,,,,,,,,,,,,,,,,,,,,,,,,,,,,,,,,,,,,,,,,,,,,,,,,,,,,,,,,,,,,,,,,,,,,,,,,,
South Korea,1947,KOR,18572294.0,18638405632.0,,,,,,,,,,,,,,,,84.462,1.726,202.952,3.769,,,,,,,,,,,,,,,,,,,,,,,,,0.0,0.0,0.0,,,,,,,,,,,,,,,,,,,,,,,,,,,,,,,,,,,,,,,,,,,,,,,,,,,,,,,,,,,,,,,,,,,,,,,,,,,,,,
South Korea,1948,KOR,19115242.0,22007099392.0,,,,,,,,,,,,,,,,87.473,3.297,369.673,7.066,,,,,,,,,,,,,,,,,,,,,,,,,0.0,0.0,0.0,,,,,,,,,,,,,,,,,,,,,,,,,,,,,,,,,,,,,,,,,,,,,,,,,,,,,,,,,,,,,,,,,,,,,,,,,,,,,,
South Korea,1949,KOR,19626401.0,24026923008.0,,,,,,,,,,,,,,,,30.069,2.125,468.307,9.191,,,,,,,,,,,,,,,,,,,,,,,,,0.0,0.0,0.0,,,,,,,,,,,,,,,,,,,,,,,,,,,,,,,,,,,,,,,,,,,,,,,,,,,,,,,,,,,,,,,,,,,,,,,,,,,,,,
South Korea,1950,KOR,20104016.0,20805931008.0,,,,,,,,,,,,,,,,-40.23,-3.698,273.256,5.494,,,,,,,,,,,,,,,,,,,,,,,,,0.0,0.0,0.0,,,,,,,,,,,,,,,,,,,,,,,,,,,,,,,,,,,,,,,,,,,,,,,,,,,,,,,,,,,,,,,,,,,,,,,,,,,,,,
South Korea,1951,KOR,20116896.0,20683501568.0,,,,,,,,,,,,,,,,-75.726,-4.16,66.287,1.333,,,,,,,,,,,,,,,,,,,,,,,,,0.0,0.0,0.0,,,,,,,,,,,,,,,,,,,,,,,,,,,,,,,,,,,,,,,,,,,,,,,,,,,,,,,,,,,,,,,,,,,,,,,,,,,,,,
South Korea,1952,KOR,20393376.0,21744437248.0,,,,,,,,,,,,,,,,252.991,3.374,230.816,4.707,,,,,,,,,,,,,,,,,,,,,,,,,0.0,0.0,0.0,,,,,,,,,,,,,,,,,,,,,,,,,,,,,,,,,,,,,,,,,,,,,,,,,,,,,,,,,,,,,,,,,,,,,,,,,,,,,,
South Korea,1953,KOR,20862402.0,27730124800.0,,,,,,,,,,,,,,,,49.948,2.351,338.324,7.058,,,,,,,,,,,,,,,,,,,,,,,,,0.0,0.0,0.0,,,,,,,,,,,,,,,,,,,,,,,,,,,,,,,,,,,,,,,,,,,,,,,,,,,,,,,,,,,,,,,,,,,,,,,,,,,,,,
South Korea,1954,KOR,21432886.0,29181575168.0,,,,,,,,,,,,,,,,2.537,0.179,337.675,7.237,,,,,,,,,,,,,,,,,,,,,,,,,0.0,0.0,0.0,,,,,,,,,,,,,,,,,,,,,,,,,,,,,,,,,,,,,,,,,,,,,,,,,,,,,,,,,,,,,,,,,,,,,,,,,,,,,,
South Korea,1955,KOR,22075012.0,30416828416.0,,,,,,,,,,,,,,,,47.132,3.411,482.375,10.648,,,,,,,,,,,,,,,,,,,,,,,,,0.0,0.0,0.0,,,,,,,,,,,,,,,,,,,,,,,,,,,,,,,,,,,,,,,,,,,,,,,,,,,,,,,,,,,,,,,,,,,,,,,,,,,,,,
South Korea,1956,KOR,22763458.0,30446778368.0,,,,,,,,,,,,,,,,38.761,4.127,649.107,14.776,,,,,,,,,,,,,,,,,,,,,,,,,0.0,0.0,0.0,,,,,,,,,,,,,,,,,,,,,,,,,,,,,,,,,,,,,,,,,,,,,,,,,,,,,,,,,,,,,,,,,,,,,,,,,,,,,,
South Korea,1957,KOR,23494054.0,33165893632.0,,,,,,,,,,,,,,,,34.49,5.096,845.839,19.872,,,,,,,,,,,,,,,,,,,,,,,,,0.0,0.0,0.0,,,,,,,,,,,,,,,,,,,,,,,,,,,,,,,,,,,,,,,,,,,,,,,,,,,,,,,,,,,,,,,,,,,,,,,,,,,,,,
South Korea,1958,KOR,24256850.0,35296296960.0,,,,,,,,,,,,,,,,9.422,1.872,896.432,21.745,,,,,,,,,,,,,,,,,,,,,,,,,0.0,0.0,0.0,,,,,,,,,,,,,,,,,,,,,,,,,,,,,,,,,,,,,,,,,,,,,,,,,,,,,,,,,,,,,,,,,,,,,,,,,,,,,,
South Korea,1959,KOR,25036094.0,37308379136.0,,,,,,,,,,,,,,,,54.848,11.927,1344.905,33.671,,,,,,,,,,,,,,,,,,,,,,,,,0.0,0.0,0.0,,,,,,,,,,,,,,,,,,,,,,,,,,,,,,,,,,,,,,,,,,,,,,,,,,,,,,,,,,,,,,,,,,,,,,,,,,,,,,
South Korea,1960,KOR,25817530.0,38358208512.0,,,,,,,,,,,,,,,,29.352,9.883,1687.007,43.554,,,,,,,,,,,,,,,,,,,,,,,,,0.0,0.0,0.0,,,,,,,,,,,,,,,,,,,,,,,,,,,,,,,,,,,,,,,,,,,,,,,,,,,,,,,,,,,,,,,,,,,,,,,,,,,,,,
South Korea,1961,KOR,26552230.0,41131905024.0,,,,,,,,,,,,,,,,9.981,4.347,1804.054,47.902,,,,,,,,,,,,,,,,,,,,,,,,,0.0,0.0,0.0,,,,,,,,,,,,,,,,,,,,,,,,,,,,,,,,,,,,,,,,,,,,,,,,,,,,,,,,,,,,,,,,,,,,,,,,,,,,,,
South Korea,1962,KOR,27234476.0,42813849600.0,,,,,,,,,,,,,,,,26.513,12.7,2225.18,60.602,,,,,,,,,,,,,,,,,,,,,,,,,0.0,0.0,0.0,,,,,,,,,,,,,,,,,,,,,,,,,,,,,,,,,,,,,,,,,,,,,,,,,,,,,,,,,,,,,,,,,,,,,,,,,,,,,,
South Korea,1963,KOR,27905876.0,46825889792.0,,,,,,,,,,,,,,,,18.995,11.511,2584.15,72.113,,,,,,,,,,,,,,,,,,,,,,,,,0.0,0.0,0.0,,,,,,,,,,,,,,,,,,,,,,,,,,,,,,,,,,,,,,,,,,,,,,,,,,,,,,,,,,,,,,,,,,,,,,,,,,,,,,
South Korea,1964,KOR,28555858.0,51350020096.0,,,,,,,,,,,,,,,,8.767,6.322,2746.732,78.435,,,,,,,,,,,,,,,,,,,,,,,,,0.0,0.0,0.0,,,,,,,,,,,,,,,,,,,,,,,,,,,,,,,,,,,,,,,,,,,,,,,,,,,,,,,,,,,,,,,,,,,,,,,,,,,,,,
South Korea,1965,KOR,29179406.0,55039778816.0,,,,,,,,,,,,1973.713,57.592,,,6.479,5.082,2862.186,83.517,,,,,,,,2564.037,1.359,,,,,,,,,,,,,,,,0.0,0.0,0.0,,,,,,2.101,24.347,0.71,71.993,,,,,2.101,0.0,0.0,71.993,,,,,,,0.0,0.0,0.0,0.0,,,,,15.125,,,518.331,,,,,,,,,,,,,,,,,,,74.817,,,2.101,,,71.993,,,,,,,,,,,,,,,,,,
South Korea,1966,KOR,29838228.0,61635686400.0,,,,,,,,,,13.227,7.618,2185.432,65.209,,,13.28,11.091,3170.704,94.608,,,,,,21.32,15.951,3042.015,1.473,,,,,,,,,,,,,,,,0.0,0.0,0.0,,,,38.694,0.813,2.914,33.022,0.985,97.646,,,38.694,0.813,2.914,0.0,0.0,97.646,,,,,,0.0,0.0,0.0,0.0,0.0,,,49.725,7.521,22.645,,,758.937,,,,,,,,,,,,,,,,,,,90.768,38.694,0.813,2.914,,,97.646,,,,,,,,,,,,,,,,,,
South Korea,1967,KOR,30540604.0,67254005760.0,,,,,,,,,,-4.601,-3.001,2036.923,62.209,,,7.042,6.663,3315.939,101.271,,,,,,14.891,13.516,3414.619,1.551,,,,,,,,,,,,,,,,0.0,0.0,0.0,,,,-3.263,-0.095,2.819,31.21,0.953,92.288,,,-3.263,-0.095,2.819,0.0,0.0,92.288,,,,,,0.0,0.0,0.0,0.0,0.0,,,73.356,16.612,39.257,,,1285.408,,,,,,,,,,,,,,,,,,,104.285,-3.263,-0.095,2.819,,,92.288,,,,,,,,,,,,,,,,,,
South Korea,1968,KOR,31229640.0,76123095040.0,,,,,,,,,,-5.59,-3.477,1880.633,58.731,,,-17.666,-17.891,2669.903,83.38,,,,,,14.609,15.235,3827.122,1.57,,,,,,,,,,,,,,,,0.0,0.0,0.0,,,,-2.485,-0.07,2.748,29.763,0.929,88.008,,,-2.485,-0.07,2.748,0.0,0.0,88.008,,,,,,0.0,0.0,0.0,0.0,0.0,,,47.845,18.783,58.04,,,1858.48,,,,,,,,,,,,,,,,,,,119.52,-2.485,-0.07,2.748,,,88.008,,,,,,,,,,,,,,,,,,
South Korea,1969,KOR,31912022.0,87192453120.0,,,,,,,,,,4.436,2.605,1922.054,61.337,,,0.303,0.252,2620.72,83.632,,,,,,20.76,24.812,4522.796,1.655,,,,,,,,,,,,,,,,0.0,0.0,0.0,,,,53.689,1.476,4.224,44.764,1.429,132.367,,,53.689,1.476,4.224,0.0,0.0,132.367,,,,,,0.0,0.0,0.0,0.0,0.0,,,35.719,20.731,78.771,,,2468.375,,,,,,,,,,,,,,,,,,,144.332,53.689,1.476,4.224,,,132.367,,,,,,,,,,,,,,,,,,
South Korea,1970,KOR,32601146.0,95910764544.0,,,,,,,,,,6.731,4.129,2008.067,65.465,,,20.646,17.267,3094.969,100.9,,,,,,16.029,23.134,5136.807,1.746,,,,,,,,,,,,,,,,0.0,0.0,0.0,,,,-14.549,-0.615,3.61,37.443,1.221,110.718,,,-14.549,-0.615,3.61,0.0,0.0,110.718,,,,,,0.0,0.0,0.0,0.0,0.0,,,24.908,19.62,98.391,,,3018.022,,,,,,,,,,,,,,,,,,,167.466,-14.549,-0.615,3.61,,,110.718,,,,,,,,,,,,,,,,,,
South Korea,1971,KOR,33288372.0,105938321408.0,,,,,,,,,,1.066,0.698,1987.573,66.163,,,3.155,3.183,3126.698,104.083,,,,,,8.195,13.724,5443.047,1.71,,,,,,,,,,,,,,,,0.0,0.0,0.0,,,,8.134,0.294,3.903,39.653,1.32,117.253,,,8.134,0.294,3.903,39.653,1.32,117.253,,,,,,0.0,0.0,0.0,0.0,0.0,,,12.941,12.733,111.124,,,3338.221,,,,,,,0.0,0.0,,,,0.0,,0.0,,,,,181.19,8.134,0.294,3.903,39.653,1.32,117.253,,,,,0.0,0.0,0.0,0.0,,,,,0.0,0.0,0.0,0.0,,
South Korea,1972,KOR,33976860.0,113511268352.0,,,,,,,,,,2.496,1.651,1995.903,67.815,,,-2.988,-3.11,2971.812,100.973,,,,,,3.677,6.663,5528.848,1.655,,,,,,,,,,,,,,,,0.0,0.0,0.0,,,,3.644,0.142,4.045,40.265,1.368,119.063,,,3.644,0.142,4.045,40.265,1.368,119.063,,,,,,0.0,0.0,0.0,0.0,0.0,,,4.382,4.869,115.993,,,3413.881,,,,,,,0.0,0.0,,,0.0,0.0,,0.0,,,,,187.853,3.644,0.142,4.045,40.265,1.368,119.063,,,,0.0,0.0,0.0,0.0,0.0,,,,0.0,0.0,0.0,0.0,0.0,,
South Korea,1973,KOR,34659716.0,130228568064.0,,,,,,,,,,26.462,17.945,2474.331,85.76,,,9.417,9.509,3187.606,110.482,,,,,,23.68,44.484,6703.382,1.784,,,,,,,,,,,,,,,,0.0,0.0,0.0,,,,-6.112,-0.247,3.798,37.059,1.284,109.584,,,-6.112,-0.247,3.798,37.059,1.284,109.584,,,,,,0.0,0.0,0.0,0.0,0.0,,,23.093,26.787,142.78,,,4119.467,,,,,,,0.0,0.0,,,0.0,0.0,,0.0,,,,,232.337,-6.112,-0.247,3.798,37.059,1.284,109.584,,,,0.0,0.0,0.0,0.0,0.0,,,,0.0,0.0,0.0,0.0,0.0,,
South Korea,1974,KOR,35319340.0,142674362368.0,,,,,,,,,,3.133,2.687,2504.185,88.446,,,-90.693,-100.199,291.118,10.282,,,,,,3.974,9.232,6839.586,1.693,,,,,,,,,,,,,,,,0.0,0.0,0.0,,,,48.378,1.837,5.636,53.961,1.906,159.561,,,48.378,1.837,5.636,53.961,1.906,159.561,,,,,,0.0,0.0,0.0,0.0,0.0,,,3.298,4.708,147.488,,,4175.84,,,,,,,0.0,0.0,,,0.0,0.0,,0.0,,,,,241.57,48.378,1.837,5.636,53.961,1.906,159.561,,,,0.0,0.0,0.0,0.0,0.0,,,,0.0,0.0,0.0,0.0,0.0,,
South Korea,1975,KOR,35930700.0,153895960576.0,,,,,,,,,,5.654,5.001,2600.758,93.447,,,1292.953,132.943,3986.135,143.225,,,,,,9.946,24.027,7391.927,1.726,,,,,,,,,,,,,,,,0.0,0.0,0.0,,,,-11.703,-0.66,4.976,46.835,1.683,138.49,,,-11.703,-0.66,4.976,46.835,1.683,138.49,,,,,,0.0,0.0,0.0,0.0,0.0,,,13.348,19.686,167.174,,,4652.679,,,,,,,0.0,0.0,,,0.0,0.0,,0.0,,,,,265.597,-11.703,-0.66,4.976,46.835,1.683,138.49,,,,0.0,0.0,0.0,0.0,0.0,,,,0.0,0.0,0.0,0.0,0.0,,
South Korea,1976,KOR,36456328.0,174134034432.0,,,,,,,,,,11.475,10.723,2857.389,104.17,,,-6.628,-9.492,3668.285,133.732,,,,,,11.873,31.533,8150.316,1.706,,,,,,,,,,,,,,,,0.0,0.0,0.0,,,,6.29,0.313,5.289,49.063,1.789,145.079,,,6.29,0.313,5.289,49.063,1.789,145.079,,,,,,0.0,0.0,0.0,0.0,0.0,,,12.261,20.498,187.672,,,5147.848,,,,,,,0.0,0.0,,,0.0,0.0,,0.0,,,,,297.131,6.29,0.313,5.289,49.063,1.789,145.079,,,,0.0,0.0,0.0,0.0,0.0,,,,0.0,0.0,0.0,0.0,0.0,,
South Korea,1977,KOR,36911304.0,195580968960.0,,,,,,,,,,9.166,9.548,3080.848,113.718,,,5.12,6.847,3808.556,140.579,,,,,,14.983,44.519,9255.949,1.747,,,,,,,,,,,,,,,,0.0,0.0,0.0,,,,-22.136,-1.171,4.118,37.732,1.393,111.572,,,-18.14,-0.968,4.321,39.668,1.464,117.066,,,,,,0.203,0.203,1.936,0.071,5.494,,,19.15,35.938,223.61,,,6058.035,,,,,,,0.0,0.0,,,0.0,0.0,,0.0,,,,,341.649,-22.136,-1.171,4.118,37.732,1.393,111.572,,,,0.0,0.0,0.0,0.0,0.0,,,,0.0,0.0,0.0,0.0,0.0,,
South Korea,1978,KOR,37329988.0,216801640448.0,,,,,,,,,,1.186,1.349,3082.434,115.067,,,4.552,6.399,3937.253,146.978,,,,,,12.017,41.056,10251.956,1.765,,,,,,,,,,,,,,,,0.0,0.0,0.0,,,,29.783,1.227,5.345,48.42,1.808,143.178,,,182.196,7.619,11.94,110.686,4.132,319.858,,,,,3152.422,6.393,6.595,62.266,2.324,176.68,,,14.35,32.088,255.698,,,6849.665,,,,,,,0.0,0.0,,,0.0,0.0,,0.0,,,,,382.705,29.783,1.227,5.345,48.42,1.808,143.178,,,,0.0,0.0,0.0,0.0,0.0,,,,0.0,0.0,0.0,0.0,0.0,,
South Korea,1979,KOR,37737924.0,235183767552.0,,,,,,,,,,19.699,22.667,3649.753,137.734,,,0.853,1.254,3927.914,148.231,,,,,,15.272,58.446,11689.877,1.876,,,,,,,,,,,,,,,,0.0,0.0,0.0,,,,27.034,1.445,6.79,60.845,2.296,179.918,,,31.854,3.793,15.733,144.366,5.448,416.91,,,,,35.602,2.348,8.944,83.521,3.152,236.992,,,12.509,31.986,287.684,,,7623.214,,,,,,,0.0,0.0,,,0.0,0.0,,0.0,,,,,441.152,27.034,1.445,6.79,60.845,2.296,179.918,,,,0.0,0.0,0.0,0.0,0.0,,,,0.0,0.0,0.0,0.0,0.0,,
South Korea,1980,KOR,38170500.0,231185465344.0,,,,,,,,,,11.45,15.77,4021.545,153.504,,,-4.321,-6.405,3715.612,141.827,,,,,,2.92,12.88,11894.838,1.964,,,,,,,,,,,,,,,,0.0,0.0,0.0,,,,-16.366,-1.111,5.679,50.31,1.92,148.767,,,-0.928,-0.188,15.545,141.406,5.398,407.252,,,,,10.319,0.923,9.866,91.095,3.477,258.484,,,-0.939,-2.702,284.983,,,7466.042,,,0.0,0.0,,,0.0,0.0,,,0.0,0.0,,0.0,,,,,454.032,-16.366,-1.111,5.679,50.31,1.92,148.767,,,,0.0,0.0,0.0,0.0,0.0,,,,0.0,0.0,0.0,0.0,0.0,,
South Korea,1981,KOR,38731908.0,247782703104.0,,,,,,,,,,15.495,23.786,4577.364,177.29,,,-28.326,-40.174,2624.533,101.653,,,,,,4.693,21.307,12272.544,1.918,,,,,,,,,,,,,,,,0.0,0.0,0.0,,,,35.271,2.003,7.681,67.069,2.598,198.322,,,1.804,0.357,15.902,141.87,5.495,410.572,,,,,-16.679,-1.646,8.221,74.802,2.897,212.25,,,-0.995,-2.836,282.147,,,7284.608,,0.0,0.0,0.0,,,0.0,0.0,,,0.0,0.0,,0.0,,,,,475.339,35.271,2.003,7.681,67.069,2.598,198.322,,,,0.0,0.0,0.0,0.0,0.0,,,,0.0,0.0,0.0,0.0,0.0,,
South Korea,1982,KOR,39403428.0,268261326848.0,,,,,,,,,,1.354,2.4,4560.275,179.69,,,1.264,1.284,2612.402,102.938,,,,,,0.044,0.21,12068.728,1.773,,,,,,,,,,,,,,,,0.0,0.0,0.0,,,,-33.966,-2.609,5.072,43.533,1.715,128.728,,,-0.041,-0.112,15.79,139.395,5.493,400.737,,,,,30.377,2.497,10.718,95.862,3.777,272.01,,,-0.737,-2.078,280.068,,,7107.716,,0.0,0.0,0.0,,,0.0,0.0,,,0.0,0.0,,0.0,,,,,475.549,-33.966,-2.609,5.072,43.533,1.715,128.728,,,,0.0,0.0,0.0,0.0,0.0,,,,0.0,0.0,0.0,0.0,0.0,,
South Korea,1983,KOR,40053744.0,303784296448.0,,,,,,,,,,6.734,12.101,4788.354,191.791,,,-1.268,-1.305,2537.408,101.633,,,,,,8.726,41.496,12908.779,1.702,,,,,,,,,,,,,,,,0.0,0.0,0.0,,,,33.744,1.712,6.784,57.278,2.294,169.37,,,104.988,16.432,32.222,281.104,11.259,804.479,,,,,137.341,14.72,25.438,223.826,8.965,635.109,,,4.628,12.963,293.031,,,7315.947,,0.0,0.0,0.0,,,0.0,0.0,,,0.0,0.0,,0.0,,,,,517.045,33.744,1.712,6.784,57.278,2.294,169.37,,,,0.0,0.0,0.0,0.0,0.0,,,,0.0,0.0,0.0,0.0,0.0,,
South Korea,1984,KOR,40664360.0,335511977984.0,,,,,,,,,,20.471,39.262,5681.958,231.053,,,7.598,7.722,2689.199,109.355,,,,,,9.219,47.667,13887.152,1.683,,,,,,,,,,,,,,,,0.0,0.0,0.0,,,,-12.904,-0.875,5.908,49.137,1.998,145.299,,,22.479,7.146,39.369,339.123,13.79,968.136,,,,,31.534,8.022,33.46,289.985,11.792,822.837,,,0.43,1.259,294.29,,,7237.058,,0.0,0.0,0.0,,,0.0,0.0,,,0.0,0.0,,0.0,,,,,564.712,-12.904,-0.875,5.908,49.137,1.998,145.299,,,,0.0,0.0,0.0,0.0,0.0,,,,0.0,0.0,0.0,0.0,0.0,,
South Korea,1985,KOR,41232700.0,361514860544.0,,,,,,,,,,10.848,25.064,6211.502,256.117,600.507,24.761,5.489,6.002,2797.708,115.357,39.511,,,62.667,10.04,10.529,59.457,15137.73,1.727,,,1024.982,42.263,,,67.44,,,,,1.402,0.058,,,0.0,0.0,0.0,0.092,,,59.396,3.509,9.418,77.244,3.185,228.409,5.082,,44.525,17.564,56.933,483.362,19.93,1380.775,31.803,,,,42.005,14.055,47.515,406.118,16.745,1152.366,26.721,,5.719,16.829,311.119,423.074,17.444,7545.454,,0.0,0.0,0.0,27.837,,0.0,0.0,,,0.0,0.0,,0.0,0.0,,,1519.842,624.169,59.396,3.509,9.418,77.244,3.185,228.409,5.082,,,0.0,0.0,0.0,0.0,0.0,0.0,,,0.0,0.0,0.0,0.0,0.0,0.0,
South Korea,1986,KOR,41808708.0,402092261376.0,,,,,,,,,,5.939,15.211,6489.746,271.328,597.848,24.995,7.586,8.75,2968.459,124.107,35.871,38.735,,69.681,9.948,12.224,76.3,16754.162,1.742,,,893.355,37.35,14612.757,610.94,53.602,87.219,,,0.712,1.263,0.053,17.024,,0.0,0.0,0.0,0.076,0.102,,-2.358,-0.222,9.196,74.384,3.11,219.951,4.463,1.313,57.655,32.596,89.529,751.544,31.421,2141.405,45.093,12.781,,,69.069,32.818,80.333,677.161,28.311,1921.454,40.63,11.469,8.93,27.781,338.901,294.243,12.302,8105.989,,0.0,0.0,0.0,17.655,48.382,0.0,0.0,,,0.0,0.0,,0.0,0.0,,0.0,1666.653,700.47,-2.358,-0.222,9.196,74.384,3.11,219.951,4.463,1.313,,0.0,0.0,0.0,0.0,0.0,0.0,0.0,,0.0,0.0,0.0,0.0,0.0,0.0,0.0
South Korea,1987,KOR,42405260.0,452221960192.0,,,,,,,,,,1.324,3.593,6483.167,274.92,557.713,23.65,0.087,0.107,2929.234,124.215,29.47,35.406,,80.251,10.335,10.852,76.018,18311.111,1.717,6.918,42.267,839.353,35.593,15403.921,653.207,44.352,84.123,2994.117,21.311,22.023,224.89,9.537,519.336,,0.0,0.0,0.0,11.883,2.836,,27.509,2.53,11.726,93.511,3.965,276.512,4.941,1.51,37.74,33.751,123.28,1020.618,43.28,2907.19,53.93,15.877,,,38.864,31.221,111.555,927.107,39.314,2630.679,48.989,14.367,5.123,17.363,356.264,56.75,2.406,8401.417,,0.0,0.0,0.0,2.999,45.882,0.0,0.0,,,0.0,0.0,,0.0,0.0,,0.0,1892.486,776.487,27.509,2.53,11.726,93.511,3.965,276.512,4.941,1.51,,0.0,0.0,0.0,0.0,0.0,0.0,0.0,,0.0,0.0,0.0,0.0,0.0,0.0,0.0
South Korea,1988,KOR,42988456.0,506050969600.0,,,,,,,,,,6.444,17.717,6807.352,292.638,687.629,29.56,0.087,0.107,2891.994,124.322,31.748,33.764,,93.109,10.743,11.618,90.216,20161.307,1.713,14.365,93.834,1150.125,49.442,17377.711,747.041,53.101,86.193,29.183,6.427,28.449,257.382,11.064,661.789,,0.0,0.0,0.0,11.883,3.282,,-49.885,-5.849,5.876,46.227,1.987,136.693,2.134,0.678,-2.753,-3.618,119.662,979.051,42.088,2783.595,45.203,13.807,,,2.0,2.232,113.786,932.824,40.101,2646.902,43.069,13.129,19.561,69.69,425.954,205.114,8.818,9908.57,,0.0,0.0,0.0,9.47,49.146,0.0,0.0,,,0.0,0.0,,0.0,0.0,,0.0,2165.904,866.703,-49.885,-5.849,5.876,46.227,1.987,136.693,2.134,0.678,,0.0,0.0,0.0,0.0,0.0,0.0,0.0,,0.0,0.0,0.0,0.0,0.0,0.0,0.0
South Korea,1989,KOR,43567516.0,541627580416.0,,,,,,,,,,-2.662,-7.79,6538.077,284.848,702.805,30.619,-14.447,-17.961,2441.291,106.361,29.549,30.232,,103.624,10.998,8.713,75.518,21626.703,1.74,6.963,52.017,1186.675,51.7,18340.68,799.058,49.893,84.806,-3.238,-0.921,27.528,227.457,9.91,631.852,,0.0,0.0,0.0,9.563,2.922,,49.151,2.888,8.764,68.032,2.964,201.169,2.86,0.93,19.581,23.501,143.164,1155.199,50.329,3286.022,48.569,15.194,,,18.116,20.613,134.399,1087.167,47.365,3084.853,45.709,14.264,14.257,60.728,486.682,256.413,11.171,11170.752,,0.0,0.0,0.0,10.781,51.653,0.0,0.0,,,0.0,0.0,,0.0,0.0,,0.0,2378.46,942.222,49.151,2.888,8.764,68.032,2.964,201.169,2.86,0.93,,0.0,0.0,0.0,0.0,0.0,0.0,0.0,,0.0,0.0,0.0,0.0,0.0,0.0,0.0
South Korea,1990,KOR,44120040.0,594764496896.0,,,,,,,,,,-1.504,-4.283,6359.116,280.564,759.57,33.512,-15.284,-16.256,2042.273,90.105,28.29,26.318,,118.461,11.112,13.141,123.815,24162.186,1.792,12.898,103.059,1342.063,59.212,20446.873,902.117,49.984,84.623,14.943,4.114,31.642,280.883,12.393,717.174,,0.0,0.0,0.0,10.461,2.968,,58.03,5.086,13.85,106.164,4.684,313.925,3.954,1.299,14.39,20.756,163.92,1304.884,57.572,3715.312,48.6,15.377,,,11.657,15.667,150.066,1198.697,52.887,3401.321,44.645,14.077,21.211,103.229,589.911,301.61,13.307,13370.583,,0.0,0.0,0.0,11.233,55.337,0.0,0.0,,,0.0,0.0,,0.0,0.0,,0.0,2684.966,1066.037,58.063,5.089,13.853,106.186,4.685,313.992,3.955,1.3,,0.003,0.003,0.023,0.001,0.067,0.001,0.0,,0.0,0.0,0.0,0.0,0.0,0.0,0.0
South Korea,1991,KOR,44487412.0,651871518720.0,,,,,,,,,,0.34,0.954,6328.04,281.518,827.878,36.83,-12.54,-11.299,1771.423,78.806,27.983,23.351,,131.616,10.917,13.093,139.578,27100.135,1.849,14.788,133.404,1579.181,70.254,23276.723,1035.521,53.378,85.892,15.845,5.014,36.655,296.952,13.211,823.951,,0.0,0.0,0.0,10.037,3.04,,-25.575,-3.542,10.308,78.36,3.486,231.71,2.649,0.855,3.867,6.174,170.094,1344.151,59.798,3823.413,45.433,14.108,,,6.475,9.716,159.783,1265.768,56.311,3591.636,42.784,13.253,21.603,127.437,717.348,454.35,20.213,16124.732,,0.0,0.0,0.0,15.357,59.501,0.0,0.0,,,0.0,0.0,,0.0,0.0,,0.0,2958.503,1205.615,-25.569,-3.542,10.311,78.383,3.487,231.777,2.649,0.855,0.0,0.0,0.003,0.022,0.001,0.066,0.001,0.0,,0.0,0.0,0.0,0.0,0.0,0.0,0.0
South Korea,1992,KOR,44703708.0,687368699904.0,,,,,,,,,,-2.627,-7.397,6131.962,274.121,947.552,42.359,-20.514,-16.166,1401.221,62.64,28.926,20.16,,146.439,10.77,12.782,154.101,30416.184,1.978,14.932,154.625,1902.389,85.044,26622.979,1190.146,58.074,87.529,30.811,11.294,47.949,437.072,19.539,1072.603,,0.0,0.0,0.0,13.343,3.526,,-11.147,-1.149,9.159,69.288,3.097,204.885,2.115,0.674,-0.281,-0.523,169.57,1333.886,59.63,3793.206,40.72,12.471,,,0.39,0.623,160.405,1264.553,56.53,3588.188,38.603,11.797,21.012,150.728,868.075,517.765,23.146,19418.414,,0.0,0.0,0.0,15.806,63.842,0.0,0.0,,,0.0,0.0,,0.0,0.0,,0.0,3275.775,1359.716,-11.115,-1.146,9.165,69.333,3.099,205.017,2.117,0.674,100.0,0.003,0.006,0.045,0.002,0.132,0.001,0.0,,0.0,0.0,0.0,0.0,0.0,0.0,0.0
South Korea,1993,KOR,44932856.0,729369280512.0,,,,,,,,,,9.63,26.397,6688.158,300.518,1190.724,53.503,-21.405,-13.408,1095.669,49.232,33.047,20.154,,161.901,10.858,9.661,131.364,33184.629,2.044,10.373,123.457,2175.55,97.754,29234.789,1313.603,60.379,88.097,24.929,11.953,59.903,421.138,18.923,1333.159,,0.0,0.0,0.0,11.688,4.017,,36.485,3.342,12.501,94.086,4.228,278.211,2.611,0.838,4.594,7.907,177.478,1388.043,62.369,3949.843,38.523,11.903,,,2.844,4.563,164.968,1293.891,58.138,3671.434,35.91,11.064,9.804,85.107,953.182,563.689,25.328,21213.473,,0.0,0.0,0.0,15.644,63.926,0.0,0.0,,,0.0,0.0,,0.0,0.0,,0.0,3603.175,1491.08,36.494,3.345,12.51,94.153,4.231,278.408,2.613,0.839,0.0,0.0,0.006,0.045,0.002,0.132,0.001,0.0,,0.003,0.003,0.022,0.001,0.066,0.001,0.0
South Korea,1994,KOR,45165784.0,791073914880.0,,,,,,,,,,2.68,8.055,6832.007,308.573,1441.37,65.101,-21.356,-10.514,857.229,38.717,35.503,19.19,,183.366,11.404,7.84,116.895,35601.617,2.033,9.212,121.003,2670.458,120.613,31763.111,1434.606,65.778,89.218,33.112,19.835,79.738,396.589,17.912,1765.443,,0.0,0.0,0.0,9.769,4.959,,-44.505,-5.563,6.937,51.944,2.346,153.598,1.279,0.431,-2.195,-4.109,173.369,1350.58,61.0,3838.505,33.267,10.782,,,0.882,1.455,166.423,1298.57,58.651,3684.711,31.986,10.35,9.769,93.113,1046.295,832.5,37.601,23165.662,,0.0,0.0,0.0,20.506,65.069,0.0,0.0,,,0.0,0.0,,0.0,0.0,,0.0,4059.833,1607.975,-44.473,-5.563,6.946,52.01,2.349,153.794,1.281,0.432,0.0,0.0,0.006,0.044,0.002,0.131,0.001,0.0,0.0,0.0,0.003,0.022,0.001,0.065,0.001,0.0
South Korea,1995,KOR,45393416.0,860793733120.0,,,,,,,,,,3.629,11.199,7044.446,319.771,1586.267,72.006,-22.682,-8.782,659.471,29.936,35.376,18.2,,203.546,11.585,9.264,148.964,38704.719,2.041,8.586,123.174,2881.209,130.788,34317.301,1557.78,64.255,88.664,20.937,16.695,96.432,643.658,29.218,2124.371,,0.0,0.0,0.0,14.354,5.489,,17.639,1.224,8.161,60.8,2.76,179.785,1.356,0.465,14.821,25.791,199.16,1542.968,70.041,4387.416,34.41,11.336,,,14.284,23.772,190.195,1476.616,67.029,4189.92,32.93,10.825,9.106,95.28,1141.576,651.284,29.564,25148.482,,0.0,0.0,0.0,14.524,64.975,0.798,0.25,,,0.798,5.507,,17.581,0.123,,0.045,4484.053,1756.939,28.216,2.019,8.965,66.352,3.012,197.496,1.48,0.51,0.0,0.0,0.006,0.044,0.002,0.13,0.001,0.0,-100.0,-0.003,0.0,0.0,0.0,0.0,0.0,0.0
South Korea,1996,KOR,45660164.0,919812636672.0,,,,,,,,,,16.747,53.552,8176.121,373.323,1789.512,81.709,-13.444,-4.025,567.476,25.911,36.179,19.239,,225.846,11.639,10.444,183.495,42497.312,2.11,10.555,164.429,3204.414,146.314,37717.973,1722.209,64.785,88.754,32.118,30.972,127.404,761.4,34.766,2790.273,,0.0,0.0,0.0,15.394,6.566,,-12.159,-0.992,7.169,53.096,2.424,157.003,1.073,0.369,9.586,19.066,218.226,1680.999,76.755,4779.342,33.985,11.246,,,10.288,19.567,209.761,1619.012,73.924,4593.969,32.732,10.81,7.0,79.906,1221.481,653.502,29.839,26751.578,,0.0,0.0,0.0,13.212,62.949,1.286,0.403,,61.2,0.488,8.826,,28.175,0.178,,0.066,4946.231,1940.434,-6.028,-0.501,8.464,61.987,2.83,185.372,1.253,0.436,50.0,0.003,0.009,0.066,0.003,0.194,0.001,0.0,,0.0,0.0,0.0,0.0,0.0,0.0,0.0
South Korea,1997,KOR,45962392.0,967604961280.0,,,,,,,,,,8.808,32.883,8837.783,406.206,2043.776,93.937,-8.867,-2.298,513.758,23.614,38.095,19.061,,246.587,11.571,9.827,190.689,46366.664,2.202,10.545,181.601,3569.555,164.065,41421.023,1903.809,66.534,89.334,21.525,27.424,154.828,913.841,42.002,3368.577,,0.0,0.0,0.0,17.033,7.265,,16.072,1.152,8.321,61.224,2.814,181.038,1.141,0.39,4.204,9.088,227.313,1740.154,79.982,4945.64,32.435,10.666,,,4.276,8.97,218.732,1677.146,77.086,4758.927,31.261,10.264,9.93,121.294,1342.776,611.938,28.126,29214.662,,0.0,0.0,0.0,11.406,63.008,0.249,0.078,,-80.645,-1.037,1.697,,5.417,0.032,,0.012,5364.983,2131.123,2.319,0.118,8.582,63.008,2.896,186.713,1.174,0.403,0.0,0.0,0.009,0.065,0.003,0.193,0.001,0.0,,0.003,0.003,0.022,0.001,0.064,0.0,0.0
South Korea,1998,KOR,46250260.0,908368084992.0,,,,,,,,,,3.216,13.063,9065.213,419.268,2225.929,102.95,-3.347,-0.79,493.474,22.823,43.403,21.515,,237.197,12.172,-8.559,-182.399,42134.332,2.145,-11.684,-222.437,3056.078,141.344,36353.801,1681.373,59.589,86.281,-6.449,-9.986,144.842,602.735,27.877,3131.709,,0.0,0.0,0.0,11.753,7.433,,52.076,4.333,12.654,92.527,4.279,273.603,1.804,0.649,17.567,40.037,267.351,2033.121,94.032,5780.527,39.643,13.719,,,16.35,35.762,254.494,1939.21,89.689,5502.538,37.812,13.06,-16.795,-225.514,1117.262,227.413,10.518,24156.879,,0.0,0.0,0.0,4.434,57.333,0.185,0.058,,-25.641,-0.064,1.254,,4.003,0.024,,0.01,5128.564,1948.724,49.98,4.275,12.857,93.911,4.343,277.989,1.831,0.66,33.333,0.003,0.012,0.086,0.004,0.256,0.002,0.001,100.0,0.003,0.006,0.043,0.002,0.128,0.001,0.0
South Korea,1999,KOR,46520448.0,1004162449408.0,,,,,,,,,,5.843,24.499,9539.183,443.767,2388.124,111.097,-3.761,-0.858,472.158,21.965,42.379,20.897,,262.152,12.345,8.972,174.844,45648.047,2.115,8.157,137.142,3287.043,152.915,39090.664,1818.515,58.331,85.635,21.759,31.516,176.358,642.996,29.912,3790.989,,0.0,0.0,0.0,11.41,8.305,,-2.808,-0.355,12.299,89.407,4.159,264.376,1.587,0.579,14.131,37.702,305.052,2306.952,107.32,6557.383,40.938,14.365,,,14.912,37.951,292.445,2215.451,103.064,6286.375,39.314,13.771,7.261,81.128,1198.39,255.923,11.906,25760.492,,0.0,0.0,0.0,4.542,56.433,0.278,0.087,,50.0,0.093,1.87,,5.97,0.033,,0.013,5635.203,2123.568,-1.997,-0.25,12.607,91.501,4.257,271.008,1.624,0.594,14.3,0.002,0.014,0.098,0.005,0.291,0.002,0.001,191.95,0.011,0.017,0.126,0.006,0.371,0.002,0.001
South Korea,2000,KOR,46788588.0,1086261690368.0,,,,,1.71,0.08,0.029,,454.242,12.494,55.446,10669.549,499.213,2297.355,107.49,-1.12,-0.246,464.195,21.719,39.443,22.228,272.52,272.52,12.134,5.761,122.345,48001.297,2.068,5.831,106.038,3525.005,164.93,41132.965,1924.553,60.52,85.691,12.315,21.719,198.077,602.284,28.18,4233.458,,0.0,0.0,0.0,10.341,8.819,123.79,-3.599,-0.443,11.856,84.85,3.97,253.4,1.457,0.528,5.361,16.307,321.36,2299.492,107.59,6868.333,39.48,14.309,0.0,0.0,5.725,16.741,309.186,2212.505,103.52,6608.155,37.986,13.767,2.409,28.873,1227.263,625.366,29.26,26229.957,,0.0,0.0,0.0,10.737,54.644,0.252,0.08,0.0,-9.195,-0.026,1.71,0.0,5.39,0.029,0.0,0.011,5824.497,2245.913,-3.433,-0.434,12.173,86.987,4.07,260.178,1.493,0.542,15.573,0.002,0.016,0.0,0.0,0.334,0.0,0.001,185.751,0.032,0.049,0.427,0.02,1.054,0.007,0.002
South Korea,2001,KOR,47064784.0,1127616217088.0,,,,,1.7,0.08,0.027,,465.401,6.522,32.559,11298.732,531.772,2524.605,118.82,-8.024,-1.743,424.442,19.976,40.703,23.119,291.92,291.92,12.692,2.414,54.207,48871.348,2.04,2.716,52.272,3849.587,181.18,42002.219,1976.825,62.065,85.944,9.845,19.5,217.578,669.715,31.52,4622.937,,0.0,0.0,0.0,10.797,9.459,135.86,-41.89,-5.011,6.845,87.326,4.11,145.435,1.408,0.298,1.323,1.934,323.294,2352.927,110.74,6869.127,37.935,14.056,0.0,0.0,2.909,6.927,316.113,2263.476,106.53,6716.552,36.493,13.743,0.017,0.213,1227.475,655.267,30.84,26080.547,,0.0,0.0,0.0,10.565,53.366,0.281,0.08,0.0,11.392,0.029,1.7,0.0,5.969,0.027,0.0,0.012,6202.515,2300.119,-40.72,-4.992,7.181,89.451,4.21,152.576,1.442,0.312,17.033,0.003,0.018,0.212,0.01,0.386,0.003,0.001,-24.543,-0.012,0.037,0.212,0.01,0.786,0.003,0.002
South Korea,2002,KOR,47320664.0,1203066634240.0,,,,,3.593,0.17,0.055,,464.962,7.45,39.618,12074.854,571.39,2712.134,128.34,-13.073,-2.612,366.959,17.365,41.217,23.748,311.38,311.38,12.941,4.607,105.971,50846.504,2.0,4.33,85.598,4117.44,194.84,43583.988,2062.423,62.573,85.717,11.122,24.2,241.777,854.384,40.43,5109.337,,0.0,0.0,0.0,12.984,10.049,144.78,38.749,2.591,9.436,67.624,3.2,199.404,1.028,0.392,6.954,20.373,343.667,2462.772,116.54,7262.512,37.427,14.283,0.0,0.0,6.216,17.482,333.596,2391.133,113.15,7049.68,36.338,13.865,1.774,21.781,1249.256,550.922,26.07,26399.803,,0.0,0.0,0.0,8.372,51.921,0.571,0.17,0.0,103.409,0.29,3.593,0.0,12.075,0.055,0.0,0.024,6580.212,2406.09,40.915,2.89,10.071,71.639,3.39,212.832,1.089,0.419,13.907,0.002,0.021,0.211,0.01,0.434,0.003,0.001,18.197,0.006,0.043,0.211,0.01,0.918,0.003,0.002
South Korea,2003,KOR,47539740.0,1229830488064.0,,,0.0,0.0,3.786,0.18,0.056,0.0,448.283,4.058,23.187,12506.942,594.577,2704.474,128.57,-0.603,-0.105,363.066,17.26,39.661,23.943,324.17,324.17,13.054,3.209,77.207,52236.246,2.019,2.189,45.141,4120.974,195.91,44332.688,2107.564,60.434,84.87,4.74,11.461,253.239,890.623,42.34,5326.882,,0.0,0.0,0.0,13.061,10.198,145.32,51.126,4.733,14.169,102.02,4.85,298.041,1.496,0.571,9.99,32.066,375.733,2697.953,128.26,7903.56,39.566,15.13,0.0,0.0,8.874,27.274,360.87,2591.306,123.19,7590.906,38.002,14.532,0.84,10.493,1259.749,525.876,25.0,26498.861,,0.0,0.0,0.0,7.712,50.729,0.6,0.18,0.0,5.028,0.029,3.786,0.0,12.624,0.056,0.0,0.024,6818.927,2483.298,48.708,4.792,14.864,106.648,5.07,312.654,1.564,0.599,10.051,0.002,0.022,0.21,0.01,0.473,0.003,0.001,67.092,0.029,0.072,0.631,0.03,1.517,0.009,0.003
South Korea,2004,KOR,47727288.0,1281243873280.0,,0.064,1.34,0.064,5.867,0.28,0.081,0.003,454.921,4.057,24.121,12963.18,618.697,2808.037,134.02,-3.244,-0.56,349.907,16.7,38.715,24.345,346.17,346.17,13.621,2.338,58.058,53247.426,1.984,2.787,58.748,4554.208,217.36,45389.395,2166.313,62.79,85.242,17.182,43.511,296.75,1238.076,59.09,6217.615,,0.0,0.0,0.0,17.07,11.677,157.48,-11.759,-1.746,12.423,89.886,4.29,260.292,1.239,0.489,0.491,-0.691,375.042,2698.875,128.81,7858.03,37.21,14.758,0.0,0.0,0.804,0.586,361.455,2601.866,124.18,7573.349,35.873,14.223,-0.705,-8.884,1250.865,508.095,24.25,26208.602,,0.0,0.0,0.0,7.005,49.22,0.935,0.28,0.0,55.781,0.335,5.867,0.0,19.588,0.081,0.0,0.037,7253.083,2541.355,-7.461,-1.276,13.587,97.009,4.63,284.681,1.337,0.535,27.348,0.006,0.028,0.21,0.01,0.596,0.003,0.001,90.798,0.065,0.137,1.048,0.05,2.864,0.014,0.005
South Korea,2005,KOR,47889576.0,1322354606080.0,143.636,0.092,3.254,0.156,5.012,0.24,0.066,0.006,444.426,3.002,18.574,13307.106,637.272,2931.536,140.39,-11.25,-1.879,309.488,14.821,38.528,24.254,364.38,364.38,13.868,3.388,86.104,54864.957,1.987,2.12,45.923,4651.743,222.77,46194.508,2212.235,61.137,84.197,7.069,20.976,317.726,1257.894,60.24,6634.55,,5.703,119.089,5.703,16.532,12.093,161.94,-14.794,-1.905,10.518,76.008,3.64,219.634,0.999,0.4,11.498,40.182,415.224,2957.011,141.61,8670.451,38.863,15.803,0.0,0.0,12.29,41.852,403.308,2873.068,137.59,8421.617,37.76,15.35,0.509,6.372,1257.238,462.314,22.14,26252.85,,0.0,0.0,0.0,6.076,47.85,0.829,0.24,0.0,-11.287,-0.106,5.012,0.0,17.319,0.066,0.0,0.032,7608.754,2627.459,-10.412,-1.671,11.917,83.943,4.02,248.834,1.103,0.454,45.857,0.013,0.041,0.209,0.01,0.861,0.003,0.002,173.783,0.235,0.372,2.715,0.13,7.766,0.036,0.014
South Korea,2006,KOR,48049348.0,1381281431552.0,297.761,0.464,12.901,0.62,4.787,0.23,0.061,0.023,444.0,3.389,21.596,13712.308,658.867,3003.579,144.32,-0.282,-0.042,307.588,14.779,38.015,24.671,379.64,379.64,14.216,1.641,43.122,55579.965,1.933,1.816,40.171,4880.815,234.52,46876.945,2252.407,61.774,84.341,5.432,17.26,334.986,1460.79,70.19,6971.704,-10.896,-0.621,105.76,5.082,18.489,12.544,168.56,-5.602,-0.652,9.867,71.385,3.43,205.342,0.903,0.369,1.546,2.95,418.174,3020.228,145.12,8703.021,38.226,15.659,0.0,0.0,1.342,2.842,406.15,2938.229,141.18,8452.763,37.188,15.208,0.105,1.316,1258.553,416.447,20.01,26192.934,,0.0,0.0,0.0,5.271,47.127,0.77,0.24,0.01,-7.13,-0.059,4.995,0.208,16.03,0.063,0.003,0.029,7901.044,2670.581,8.632,0.108,12.025,81.999,3.94,250.258,1.038,0.45,115.445,0.047,0.088,0.624,0.03,1.837,0.008,0.003,83.936,0.308,0.68,4.995,0.24,14.148,0.063,0.025
South Korea,2007,KOR,48220600.0,1446721486848.0,79.55,0.493,23.081,1.113,7.466,0.36,0.089,0.04,465.837,5.297,34.897,14387.304,693.764,3336.748,160.9,5.602,0.828,323.665,15.607,39.947,25.223,402.78,402.78,14.644,2.994,79.947,57040.523,1.901,4.28,96.408,5428.386,261.76,48709.789,2348.815,64.988,85.395,8.308,27.832,362.818,1651.162,79.62,7524.12,-19.178,-0.975,85.174,4.107,19.768,13.191,187.63,4.733,0.402,10.269,74.657,3.6,212.957,0.894,0.373,-3.153,-16.461,401.713,2924.476,141.02,8330.735,35.012,14.605,0.0,0.0,-3.907,-18.308,387.842,2832.814,136.6,8043.075,33.914,14.101,2.676,33.68,1292.233,440.476,21.24,26798.363,,0.0,0.0,0.0,5.273,46.981,1.226,0.37,0.01,59.105,0.455,7.673,0.207,25.414,0.092,0.002,0.045,8352.861,2750.528,21.242,1.846,13.871,91.662,4.42,287.66,1.097,0.504,129.769,0.113,0.202,1.452,0.07,4.18,0.017,0.007,57.231,0.382,1.062,7.88,0.38,22.027,0.094,0.039
South Korea,2008,KOR,48398632.0,1477425233920.0,85.58,0.952,42.677,2.065,12.81,0.62,0.148,0.074,469.851,10.807,74.976,15883.521,768.741,3737.089,180.87,-3.915,-0.611,309.849,14.996,43.09,27.492,419.75,419.75,15.011,1.661,45.686,57774.648,1.893,1.087,25.536,5601.398,271.1,49058.227,2374.351,64.586,84.913,2.908,10.551,373.368,1594.673,77.18,7714.44,-38.701,-1.589,52.019,2.518,18.387,13.353,197.22,-15.462,-1.642,8.627,62.812,3.04,178.253,0.724,0.309,6.029,20.15,421.863,3071.368,148.65,8716.42,35.414,15.087,0.0,0.0,5.611,19.219,407.061,2980.663,144.26,8410.592,34.368,14.558,-4.642,-59.991,1232.242,269.636,13.05,25460.266,,0.0,0.0,0.0,3.109,44.068,2.085,0.63,0.01,70.114,0.859,13.017,0.207,43.075,0.15,0.002,0.075,8672.766,2796.214,16.744,0.931,14.802,90.705,4.39,305.828,1.046,0.529,298.876,0.597,0.799,5.785,0.28,16.508,0.067,0.029,16.077,0.163,1.225,9.091,0.44,25.316,0.105,0.044
South Korea,2009,KOR,48588024.0,1477640585216.0,43.131,0.891,60.845,2.956,10.496,0.51,0.119,0.105,488.019,3.775,29.019,16418.857,797.76,4057.378,197.14,-9.16,-1.374,280.37,13.623,46.178,28.374,426.91,426.91,15.184,0.55,15.377,57865.918,1.903,1.061,25.204,5786.2,281.14,49385.723,2399.555,65.855,85.345,-4.942,-18.453,354.915,1374.824,66.8,7304.578,130.463,3.285,119.417,5.802,15.647,12.623,208.34,-8.369,-0.771,7.856,57.422,2.79,161.694,0.654,0.279,-1.356,-9.827,412.036,3000.122,145.77,8480.197,34.145,14.655,0.0,0.0,-2.111,-11.054,396.007,2904.419,141.12,8150.307,33.056,14.085,1.188,14.638,1246.88,353.997,17.2,25662.285,,0.0,0.0,0.0,4.029,44.348,1.721,0.6,0.09,-17.458,-0.364,12.349,1.852,35.416,0.141,0.021,0.061,8786.321,2811.591,16.148,1.227,16.029,95.703,4.65,329.891,1.089,0.57,99.142,0.782,1.581,11.731,0.57,32.543,0.134,0.056,57.179,0.689,1.914,14.201,0.69,39.392,0.162,0.068
South Korea,2010,KOR,48813036.0,1562822836224.0,40.362,1.193,85.01,4.15,57.771,2.82,0.59,0.137,493.856,12.46,99.399,18379.498,897.159,4311.144,210.44,-17.269,-2.352,230.884,11.27,44.054,29.539,477.69,477.69,15.728,8.025,225.62,62221.305,1.943,9.242,221.768,6710.502,327.56,53701.281,2621.323,68.572,86.307,26.837,95.25,450.165,2061.335,100.62,9222.224,7.988,0.463,128.361,6.266,21.064,14.822,235.91,30.883,2.363,10.22,74.365,3.63,209.362,0.76,0.336,1.998,3.853,415.889,3075.613,150.13,8520.03,31.428,13.693,0.0,0.0,0.558,-0.232,395.775,2906.805,141.89,8107.976,29.703,13.031,2.175,27.119,1273.999,338.024,16.5,26099.555,,0.0,0.0,0.0,3.454,41.946,1.33,3.02,0.2,-22.697,-0.391,61.869,4.097,27.252,0.632,0.042,0.044,9786.115,3037.211,30.139,4.085,20.114,168.807,8.24,412.055,1.725,0.662,36.601,0.565,2.147,15.774,0.77,43.978,0.161,0.071,19.202,0.354,2.268,16.799,0.82,46.453,0.172,0.075
South Korea,2011,KOR,49169880.0,1609219833856.0,-5.802,-0.241,79.497,3.909,115.518,5.68,1.135,0.123,486.919,8.485,76.125,19794.322,973.284,4345.75,213.68,0.0,0.0,229.209,11.27,42.706,30.627,500.35,500.35,15.745,4.632,140.681,64630.859,1.975,4.705,123.322,6920.903,340.3,55819.637,2744.645,68.012,86.367,7.617,34.29,484.455,2273.953,111.81,9852.67,-16.144,-1.012,106.858,5.254,22.346,15.245,243.63,24.87,2.464,12.683,92.333,4.54,257.95,0.907,0.399,4.578,17.358,433.247,3255.042,160.05,8811.222,31.988,13.633,0.0,0.0,4.124,13.807,409.582,3005.092,147.76,8329.938,29.531,12.888,1.013,12.907,1286.906,301.201,14.81,26172.645,,0.0,0.0,0.0,2.96,40.496,2.146,5.97,0.29,61.361,0.816,121.416,5.898,43.654,1.193,0.058,0.068,10175.945,3177.892,11.444,3.551,23.665,249.95,12.29,481.284,2.456,0.745,19.308,0.399,2.546,18.711,0.92,51.771,0.184,0.08,5.623,0.113,2.38,17.49,0.86,48.412,0.172,0.075
South Korea,2012,KOR,49634188.0,1646108213248.0,7.081,0.277,84.33,4.186,129.145,6.41,1.254,0.13,491.629,-3.646,-35.483,18894.262,937.801,4278.301,212.35,-2.761,-0.311,220.794,10.959,41.533,29.157,511.28,511.28,15.896,1.212,38.529,64802.52,1.954,1.874,51.428,7151.724,354.97,56333.609,2796.073,69.428,86.931,8.428,40.832,525.286,2491.025,123.64,10583.156,-3.684,-0.194,101.959,5.061,24.182,16.331,251.36,-13.673,-1.801,10.883,77.97,3.87,219.261,0.757,0.338,-2.333,-12.899,420.347,3149.24,156.31,8468.907,30.572,13.069,0.0,0.0,-2.841,-14.048,395.534,2892.16,143.55,7968.976,28.077,12.297,3.581,46.08,1332.985,382.398,18.98,26856.193,,0.0,0.0,0.0,3.712,41.443,4.152,6.88,0.47,93.432,2.006,138.614,9.469,83.652,1.346,0.092,0.129,10300.964,3216.42,4.84,1.149,24.814,257.081,12.76,499.931,2.496,0.771,22.145,0.545,3.09,22.162,1.1,62.264,0.215,0.096,5.781,0.122,2.503,18.334,0.91,50.424,0.178,0.078
South Korea,2013,KOR,50098228.0,1693809246208.0,52.348,2.191,127.285,6.377,143.119,7.17,1.386,0.198,501.112,1.126,10.555,18929.945,948.357,4255.041,213.17,-13.324,-1.46,189.604,9.499,41.215,29.375,517.21,517.21,16.021,0.373,11.986,64441.535,1.906,1.325,37.059,7388.085,370.13,56551.547,2833.132,71.563,87.756,4.659,24.472,549.758,2751.195,137.83,10973.606,6.18,0.313,107.257,5.373,26.649,17.029,259.18,8.068,0.807,11.69,84.434,4.23,233.342,0.818,0.362,-4.634,-25.073,395.274,2935.833,147.08,7889.986,28.437,12.244,0.0,0.0,-7.679,-32.572,362.962,2644.006,132.46,7245.001,25.61,11.243,0.152,2.032,1335.017,381.85,19.13,26647.998,,0.0,0.0,0.0,3.699,41.352,6.571,7.65,0.48,58.273,2.419,152.7,9.581,131.172,1.479,0.093,0.204,10323.918,3228.407,35.191,7.499,32.313,291.827,14.62,644.985,2.827,1.001,47.959,1.455,4.545,31.738,1.59,90.722,0.307,0.141,25.794,0.627,3.129,22.955,1.15,62.464,0.222,0.097
South Korea,2014,KOR,50558044.0,1750416228352.0,-17.253,-1.1,104.366,5.277,212.825,10.76,2.051,0.162,484.512,3.501,33.2,19414.455,981.557,4293.283,217.06,-3.691,-0.351,180.944,9.148,41.377,30.14,524.59,524.59,16.108,0.875,28.248,64414.168,1.861,-0.768,-21.745,7076.025,357.75,55607.121,2811.387,68.196,86.327,-9.044,-49.718,500.04,2522.645,127.54,9890.414,-30.505,-1.639,73.86,3.734,24.312,15.354,254.17,-35.853,-4.236,7.454,53.8,2.72,147.432,0.519,0.229,12.193,49.993,445.267,3299.969,166.84,8807.051,31.804,13.673,0.0,0.0,12.698,43.639,406.601,2950.47,149.17,8042.252,28.436,12.485,-0.392,-5.227,1329.79,260.097,13.15,26302.25,,0.0,0.0,0.0,2.507,40.833,15.534,11.25,0.49,136.379,8.962,222.517,9.692,307.242,2.145,0.093,0.477,10375.995,3256.654,7.68,6.354,38.667,349.499,17.67,764.799,3.368,1.187,61.567,2.754,7.299,50.437,2.55,144.374,0.486,0.224,-0.227,-0.026,3.104,22.746,1.15,61.386,0.219,0.095
South Korea,2015,KOR,50994396.0,1799248019456.0,-1.829,-0.097,101.58,5.18,223.554,11.4,2.173,0.156,477.511,1.188,11.659,19476.963,993.216,4311.258,219.85,0.915,0.084,181.037,9.232,41.9,29.97,524.7,524.7,15.833,1.762,57.388,64988.355,1.842,1.142,32.103,6830.162,348.3,55760.832,2843.49,66.381,85.801,-8.708,-43.543,456.497,2280.447,116.29,8951.91,-41.615,-1.554,42.754,2.18,22.163,13.775,250.55,-22.014,-1.675,5.778,41.573,2.12,113.314,0.404,0.174,6.015,25.285,470.552,3459.203,176.4,9227.528,33.619,14.199,0.0,0.0,5.342,19.173,425.773,3081.907,157.16,8349.414,29.952,12.848,4.812,63.986,1393.777,238.458,12.16,27331.957,,0.0,0.0,0.0,2.318,42.057,18.814,11.9,0.5,21.119,3.281,233.359,9.805,368.945,2.268,0.095,0.568,10289.366,3314.042,12.298,6.112,44.779,377.296,19.24,878.114,3.667,1.351,56.993,4.092,11.391,76.087,3.88,223.38,0.739,0.344,17.187,0.512,3.615,26.277,1.34,70.896,0.255,0.109
South Korea,2016,KOR,51309984.0,1849123405824.0,-0.561,-0.029,100.388,5.151,221.399,11.36,2.119,0.151,480.44,-4.569,-45.379,18472.756,947.837,4290.198,220.13,-2.154,-0.199,176.048,9.033,41.067,27.775,536.03,536.03,15.708,2.972,98.496,66508.258,1.845,3.527,100.299,7025.144,360.46,57372.629,2943.789,67.246,86.264,4.368,19.94,476.437,2414.93,123.91,9285.462,-18.085,-0.394,34.807,1.786,23.116,13.961,257.53,32.649,1.841,7.62,53.791,2.76,148.501,0.515,0.223,0.043,-1.803,468.749,3421.751,175.57,9135.631,32.754,13.736,0.0,0.0,-1.68,-9.628,416.145,3005.263,154.2,8110.412,28.767,12.195,9.021,125.738,1519.515,320.016,16.42,29614.41,,0.0,0.0,0.0,3.063,44.527,20.561,11.86,0.5,9.282,1.746,231.144,9.745,400.712,2.213,0.093,0.602,10446.896,3412.538,15.142,7.825,52.604,416.488,21.37,1025.219,3.987,1.541,30.407,3.376,14.767,98.811,5.07,287.798,0.946,0.433,25.38,0.891,4.506,32.742,1.68,87.82,0.313,0.132
South Korea,2017,KOR,51511640.0,1907555696640.0,-3.342,-0.172,96.654,4.979,260.912,13.44,2.484,0.144,496.803,5.739,54.398,19456.477,1002.235,4613.714,237.66,-9.565,-0.864,158.585,8.169,43.925,29.078,541.06,541.06,15.698,1.0,34.127,66910.398,1.807,2.058,60.578,7256.612,373.8,58324.031,3004.366,69.087,87.167,4.434,21.127,497.564,2460.027,126.72,9659.252,0.0,,,,23.421,14.436,268.8,-1.316,-0.144,7.475,54.939,2.83,145.115,0.523,0.217,-5.368,-26.451,442.298,3247.033,167.26,8586.371,30.913,12.833,0.0,0.0,-8.376,-37.098,379.047,2742.681,141.28,7358.467,26.112,10.997,-0.984,-14.947,1504.568,182.871,9.42,29208.301,,,,,1.741,43.653,24.429,13.93,0.49,18.813,3.868,270.424,9.512,474.234,2.575,0.091,0.709,10503.646,3446.665,17.151,10.647,63.251,504.352,25.98,1227.904,4.802,1.835,40.301,5.829,20.596,136.862,7.05,399.836,1.303,0.598,28.867,1.267,5.773,42.126,2.17,112.065,0.401,0.167
South Korea,2018,KOR,51676900.0,1958392102912.0,59.589,2.967,153.756,7.946,269.56,13.93,2.477,0.227,507.95,0.55,5.514,19500.953,1007.749,4653.724,240.49,-19.192,-1.568,127.74,6.601,42.771,28.75,562.28,562.28,16.041,1.698,58.524,67828.93,1.79,2.7,81.121,7852.445,405.79,59707.289,3085.488,72.169,88.026,16.174,80.476,578.04,3002.696,155.17,11185.656,0.0,,,,27.597,16.491,285.61,19.602,1.413,8.888,64.245,3.32,171.994,0.59,0.254,-3.901,-22.597,419.701,3028.239,156.49,8121.644,27.831,11.974,0.0,0.0,-10.053,-40.1,338.947,2459.126,127.08,6558.966,22.601,9.67,-0.324,-4.869,1499.699,196.026,10.13,29020.68,,,,,1.802,42.785,30.498,14.42,0.49,24.847,6.07,279.042,9.482,590.176,2.565,0.087,0.87,10880.684,3505.189,32.124,17.503,80.754,569.113,29.41,1562.677,5.23,2.304,31.377,6.304,26.9,178.223,9.21,520.551,1.638,0.767,13.64,0.749,6.522,47.603,2.46,126.2,0.438,0.186
South Korea,2019,KOR,51803832.0,,2.415,0.192,157.083,8.138,251.333,13.02,2.348,0.235,488.456,-5.198,-52.383,18441.996,955.366,4432.49,229.62,-9.667,-0.638,115.109,5.963,41.418,27.568,554.4,554.4,15.998,-1.133,-39.713,66896.133,,-2.683,-82.788,7408.718,383.8,57962.879,3002.699,69.228,86.646,-3.062,-17.702,560.338,2831.837,146.7,10816.541,0.0,,,,26.461,16.169,270.8,-16.989,-1.537,7.351,53.085,2.75,141.898,0.496,0.212,10.348,43.076,462.777,3293.193,170.6,8933.259,30.772,13.354,0.0,0.0,9.291,30.127,369.074,2677.022,138.68,7124.452,25.014,10.65,-0.847,-12.704,1486.995,144.391,7.48,28704.336,,,,,1.349,42.909,33.74,13.49,0.47,10.629,3.242,260.405,9.073,651.307,2.433,0.085,0.974,10701.911,3465.476,14.56,12.949,93.703,616.171,31.92,1808.807,5.758,2.704,39.591,10.512,37.412,250.947,13.0,722.188,2.345,1.08,8.693,0.541,7.062,51.734,2.68,136.33,0.483,0.204
South Korea,2020,KOR,51844688.0,,-1.386,-0.113,154.783,8.025,161.058,8.35,1.514,0.241,457.239,-12.059,-115.207,16205.312,840.159,3924.606,203.47,-5.996,-0.358,108.121,5.606,36.898,25.198,551.44,551.44,16.539,-3.788,-131.285,64311.133,,-6.044,-181.492,7041.223,365.05,54416.52,2821.208,66.199,84.614,2.683,15.035,575.373,2991.242,155.08,11098.015,0.0,,,,28.123,17.257,252.14,39.035,2.832,10.183,74.839,3.88,196.408,0.704,0.305,11.031,50.206,512.983,3595.161,186.39,9894.616,33.801,15.386,0.0,0.0,9.783,34.617,403.691,2943.021,152.58,7786.55,27.669,12.108,-5.469,-81.319,1405.675,125.374,6.5,27113.197,,,,,1.179,42.159,32.025,8.81,0.46,-5.084,-1.715,169.931,8.873,617.707,1.598,0.083,0.96,10636.384,3334.191,15.779,15.589,109.292,652.14,33.81,2108.065,6.131,3.278,36.251,13.375,50.787,346.612,17.97,979.601,3.259,1.523,17.568,1.21,8.273,60.758,3.15,159.566,0.571,0.248
South Korea,2021,KOR,51830136.0,,-13.464,-1.08,133.981,6.944,291.529,15.11,2.567,0.199,458.081,0.402,3.381,16275.09,843.54,4055.363,210.19,-11.874,-0.666,95.309,4.94,35.715,24.172,588.52,588.52,16.864,4.665,155.548,67330.305,,5.169,145.841,7567.991,392.25,57245.625,2967.049,66.65,85.022,8.464,48.701,624.074,3378.729,175.12,12040.754,0.0,,,,29.756,17.883,269.59,-21.219,-2.19,7.993,58.846,3.05,154.208,0.518,0.229,1.567,9.707,522.69,3786.793,196.27,10084.681,33.35,14.978,0.0,0.0,-1.354,-6.923,396.769,2904.102,150.52,7655.174,25.576,11.37,6.67,93.759,1499.434,133.899,6.94,28929.781,,,,,1.179,42.967,37.986,15.57,0.46,18.613,5.961,300.404,8.875,732.886,2.646,0.078,1.088,11354.784,3489.739,12.097,16.63,125.922,882.691,45.75,2429.506,7.774,3.608,27.819,13.891,64.678,462.086,23.95,1247.885,4.07,1.853,0.955,0.048,8.321,61.354,3.18,160.545,0.54,0.238
South Korea,2022,KOR,51815808.0,,24.502,1.701,166.855,8.646,360.508,18.68,3.08,0.245,435.689,-5.332,-44.978,15411.557,798.562,3971.182,205.77,-8.686,-0.429,87.055,4.511,33.927,22.622,606.51,606.51,17.182,1.154,40.275,68126.188,,-1.004,-29.788,7373.426,382.06,56686.57,2937.26,62.993,83.208,-0.768,-4.794,619.28,3288.186,170.38,11951.565,0.0,,,,28.092,17.543,264.25,15.935,1.24,9.233,68.512,3.55,178.18,0.585,0.262,13.521,70.063,592.753,4331.69,224.45,11439.617,37.007,16.792,0.0,0.0,11.416,43.682,440.451,3253.448,168.58,8500.325,27.795,12.477,1.333,19.984,1519.418,114.058,5.91,29323.447,,,,,0.974,43.043,55.351,19.86,1.18,45.715,17.365,383.281,22.773,1068.219,3.274,0.195,1.568,11705.115,3530.013,20.202,26.38,152.302,1078.242,55.87,2939.291,9.212,4.314,9.118,5.64,70.318,561.412,29.09,1357.073,4.796,1.992,5.6,0.434,8.755,65.038,3.37,168.964,0.556,0.248
South Korea and other OECD Asia (EIA),1980,,,,,,,,,,,,,,,,,,,,,,,,,,,,,,,,,,,,,,,,,,,,,,,,,,,,,,,,,,,,,,,,,,,,,,,,,,,,,,,,,,,,,,,,,,,,,,,,,,,,,,,567.504,,,,,,,,,,,,,,,,,,,,,,,,
South Korea and other OECD Asia (EIA),1981,,,,,,,,,,,,,,,,,,,,,,,,,,,,5.683,32.253,,,,,,,,,,,,,,,,,,,,,,,,,,,,,,,,,,,,,,,,,,,,,,,,,,,,,,,,,,,,,,,,,,,,,,,,,,599.757,,,,,,,,,,,,,,,,,,,,,,,,
South Korea and other OECD Asia (EIA),1982,,,,,,,,,,,,,,,,,,,,,,,,,,,,1.159,6.95,,,,,,,,,,,,,,,,,,,,,,,,,,,,,,,,,,,,,,,,,,,,,,,,,,,,,,,,,,,,,,,,,,,,,,,,,,606.707,,,,,,,,,,,,,,,,,,,,,,,,
South Korea and other OECD Asia (EIA),1983,,,,,,,,,,,,,,,,,,,,,,,,,,,,6.791,41.203,,,,,,,,,,,,,,,,,,,,,,,,,,,,,,,,,,,,,,,,,,,,,,,,,,,,,,,,,,,,,,,,,,,,,,,,,,647.91,,,,,,,,,,,,,,,,,,,,,,,,
South Korea and other OECD Asia (EIA),1984,,,,,,,,,,,,,,,,,,,,,,,,,,,,2.91,18.852,,,,,,,,,,,,,,,,,,,,,,,,,,,,,,,,,,,,,,,,,,,,,,,,,,,,,,,,,,,,,,,,,,,,,,,,,,666.762,,,,,,,,,,,,,,,,,,,,,,,,
South Korea and other OECD Asia (EIA),1985,,,,,,,,,,,,,,,,,,,,,,,,,,,,6.157,41.05,,,,,,,,,,,,,,,,,,,,,,,,,,,,,,,,,,,,,,,,,,,,,,,,,,,,,,,,,,,,,,,,,,,,,,,,,,707.812,,,,,,,,,,,,,,,,,,,,,,,,
South Korea and other OECD Asia (EIA),1986,,,,,,,,,,,,,,,,,,,,,,,,,,,,11.584,81.996,,,,,,,,,,,,,,,,,,,,,,,,,,,,,,,,,,,,,,,,,,,,,,,,,,,,,,,,,,,,,,,,,,,,,,,,,,789.807,,,,,,,,,,,,,,,,,,,,,,,,
South Korea and other OECD Asia (EIA),1987,,,,,,,,,,,,,,,,,,,,,,,,,,,,13.282,104.903,,,,,,,,,,,,,,,,,,,,,,,,,,,,,,,,,,,,,,,,,,,,,,,,,,,,,,,,,,,,,,,,,,,,,,,,,,894.711,,,,,,,,,,,,,,,,,,,,,,,,
South Korea and other OECD Asia (EIA),1988,,,,,,,,,,,,,,,,,,,,,,,,,,,,11.046,98.83,,,,,,,,,,,,,,,,,,,,,,,,,,,,,,,,,,,,,,,,,,,,,,,,,,,,,,,,,,,,,,,,,,,,,,,,,,993.541,,,,,,,,,,,,,,,,,,,,,,,,
South Korea and other OECD Asia (EIA),1989,,,,,,,,,,,,,,,,,,,,,,,,,,,,7.538,74.898,,,,,,,,,,,,,,,,,,,,,,,,,,,,,,,,,,,,,,,,,,,,,,,,,,,,,,,,,,,,,,,,,,,,,,,,,,1068.438,,,,,,,,,,,,,,,,,,,,,,,,
South Korea and other OECD Asia (EIA),1990,,,,,,,,,,,,,,,,,,,,,,,,,,,,12.417,132.669,,,,,,,,,,,,,,,,,,,,,,,,,,,,,,,,,,,,,,,,,,,,,,,,,,,,,,,,,,,,,,,,,,,,,,,,,,1201.107,,,,,,,,,,,,,,,,,,,,,,,,
South Korea and other OECD Asia (EIA),1991,,,,,,,,,,,,,,,,,,,,,,,,,,,,11.455,137.585,,,,,,,,,,,,,,,,,,,,,,,,,,,,,,,,,,,,,,,,,,,,,,,,,,,,,,,,,,,,,,,,,,,,,,,,,,1338.692,,,,,,,,,,,,,,,,,,,,,,,,
South Korea and other OECD Asia (EIA),1992,,,,,,,,,,,,,,,,,,,,,,,,,,,,11.378,152.314,,,,,,,,,,,,,,,,,,,,,,,,,,,,,,,,,,,,,,,,,,,,,,,,,,,,,,,,,,,,,,,,,,,,,,,,,,1491.006,,,,,,,,,,,,,,,,,,,,,,,,
South Korea and other OECD Asia (EIA),1993,,,,,,,,,,,,,,,,,,,,,,,,,,,,8.711,129.876,,,,,,,,,,,,,,,,,,,,,,,,,,,,,,,,,,,,,,,,,,,,,,,,,,,,,,,,,,,,,,,,,,,,,,,,,,1620.882,,,,,,,,,,,,,,,,,,,,,,,,
South Korea and other OECD Asia (EIA),1994,,,,,,,,,,,,,,,,,,,,,,,,,,,,7.538,122.177,,,,,,,,,,,,,,,,,,,,,,,,,,,,,,,,,,,,,,,,,,,,,,,,,,,,,,,,,,,,,,,,,,,,,,,,,,1743.058,,,,,,,,,,,,,,,,,,,,,,,,
South Korea and other OECD Asia (EIA),1995,,,,,,,,,,,,,,,,,,,,,,,,,,,,8.64,150.603,,,,,,,,,,,,,,,,,,,,,,,,,,,,,,,,,,,,,,,,,,,,,,,,,,,,,,,,,,,,,,,,,,,,,,,,,,1893.662,,,,,,,,,,,,,,,,,,,,,,,,
South Korea and other OECD Asia (EIA),1996,,,,,,,,,,,,,,,,,,,,,,,,,,,,7.917,149.914,,,,,,,,,,,,,,,,,,,,,,,,,,,,,,,,,,,,,,,,,,,,,,,,,,,,,,,,,,,,,,,,,,,,,,,,,,2043.575,,,,,,,,,,,,,,,,,,,,,,,,
South Korea and other OECD Asia (EIA),1997,,,,,,,,,,,,,,,,,,,,,,,,,,,,7.761,158.605,,,,,,,,,,,,,,,,,,,,,,,,,,,,,,,,,,,,,,,,,,,,,,,,,,,,,,,,,,,,,,,,,,,,,,,,,,2202.181,,,,,,,,,,,,,,,,,,,,,,,,
South Korea and other OECD Asia (EIA),1998,,,,,,,,,,,,,,,,,,,,,,,,,,,,-7.905,-174.084,,,,,,,,,,,,,,,,,,,,,,,,,,,,,,,,,,,,,,,,,,,,,,,,,,,,,,,,,,,,,,,,,,,,,,,,,,2028.096,,,,,,,,,,,,,,,,,,,,,,,,
South Korea and other OECD Asia (EIA),1999,,,,,,,,,,,,,,,,,,,,,,,,,,,,9.745,197.634,,,,,,,,,,,,,,,,,,,,,,,,,,,,,,,,,,,,,,,,,,,,,,,,,,,,,,,,,,,,,,,,,,,,,,,,,,2225.731,,,,,,,,,,,,,,,,,,,,,,,,
South Korea and other OECD Asia (EIA),2000,,,,,,,,,,,,,,,,,,,,,,,,,,,,7.331,163.166,,,,,,,,,,,,,,,,,,,,,,,,,,,,,,,,,,,,,,,,,,,,,,,,,,,,,,,,,,,,,,,,,,,,,,,,,,2388.896,,,,,,,,,,,,,,,,,,,,,,,,
South Korea and other OECD Asia (EIA),2001,,,,,,,,,,,,,,,,,,,,,,,,,,,,2.913,69.598,,,,,,,,,,,,,,,,,,,,,,,,,,,,,,,,,,,,,,,,,,,,,,,,,,,,,,,,,,,,,,,,,,,,,,,,,,2458.494,,,,,,,,,,,,,,,,,,,,,,,,
South Korea and other OECD Asia (EIA),2002,,,,,,,,,,,,,,,,,,,,,,,,,,,,1.041,25.603,,,,,,,,,,,,,,,,,,,,,,,,,,,,,,,,,,,,,,,,,,,,,,,,,,,,,,,,,,,,,,,,,,,,,,,,,,2484.097,,,,,,,,,,,,,,,,,,,,,,,,
South Korea and other OECD Asia (EIA),2003,,,,,,,,,,,,,,,,,,,,,,,,,,,,3.821,94.923,,,,,,,,,,,,,,,,,,,,,,,,,,,,,,,,,,,,,,,,,,,,,,,,,,,,,,,,,,,,,,,,,,,,,,,,,,2579.019,,,,,,,,,,,,,,,,,,,,,,,,
South Korea and other OECD Asia (EIA),2004,,,,,,,,,,,,,,,,,,,,,,,,,,,,2.052,52.934,,,,,,,,,,,,,,,,,,,,,,,,,,,,,,,,,,,,,,,,,,,,,,,,,,,,,,,,,,,,,,,,,,,,,,,,,,2631.953,,,,,,,,,,,,,,,,,,,,,,,,
South Korea and other OECD Asia (EIA),2005,,,,,,,,,,,,,,,,,,,,,,,,,,,,3.421,90.028,,,,,,,,,,,,,,,,,,,,,,,,,,,,,,,,,,,,,,,,,,,,,,,,,,,,,,,,,,,,,,,,,,,,,,,,,,2721.981,,,,,,,,,,,,,,,,,,,,,,,,
South Korea and other OECD Asia (EIA),2006,,,,,,,,,,,,,,,,,,,,,,,,,,,,1.803,49.085,,,,,,,,,,,,,,,,,,,,,,,,,,,,,,,,,,,,,,,,,,,,,,,,,,,,,,,,,,,,,,,,,,,,,,,,,,2771.065,,,,,,,,,,,,,,,,,,,,,,,,
South Korea and other OECD Asia (EIA),2007,,,,,,,,,,,,,,,,,,,,,,,,,,,,3.605,99.907,,,,,,,,,,,,,,,,,,,,,,,,,,,,,,,,,,,,,,,,,,,,,,,,,,,,,,,,,,,,,,,,,,,,,,,,,,2870.973,,,,,,,,,,,,,,,,,,,,,,,,
South Korea and other OECD Asia (EIA),2008,,,,,,,,,,,,,,,,,,,,,,,,,,,,1.4,40.194,,,,,,,,,,,,,,,,,,,,,,,,,,,,,,,,,,,,,,,,,,,,,,,,,,,,,,,,,,,,,,,,,,,,,,,,,,2911.167,,,,,,,,,,,,,,,,,,,,,,,,
South Korea and other OECD Asia (EIA),2009,,,,,,,,,,,,,,,,,,,,,,,,,,,,1.175,34.209,,,,,,,,,,,,,,,,,,,,,,,,,,,,,,,,,,,,,,,,,,,,,,,,,,,,,,,,,,,,,,,,,,,,,,,,,,2945.376,,,,,,,,,,,,,,,,,,,,,,,,
South Korea and other OECD Asia (EIA),2010,,,,,,,,,,,,,,,,,,,,,,,,,,,,8.595,253.148,,,,,,,,,,,,,,,,,,,,,,,,,,,,,,,,,,,,,,,,,,,,,,,,,,,,,,,,,,,,,,,,,,,,,,,,,,3198.524,,,,,,,,,,,,,,,,,,,,,,,,
South Korea and other OECD Asia (EIA),2011,,,,,,,,,,,,,,,,,,,,,,,,,,,,3.924,125.507,,,,,,,,,,,,,,,,,,,,,,,,,,,,,,,,,,,,,,,,,,,,,,,,,,,,,,,,,,,,,,,,,,,,,,,,,,3324.031,,,,,,,,,,,,,,,,,,,,,,,,
South Korea and other OECD Asia (EIA),2012,,,,,,,,,,,,,,,,,,,,,,,,,,,,1.85,61.511,,,,,,,,,,,,,,,,,,,,,,,,,,,,,,,,,,,,,,,,,,,,,,,,,,,,,,,,,,,,,,,,,,,,,,,,,,3385.542,,,,,,,,,,,,,,,,,,,,,,,,
South Korea and other OECD Asia (EIA),2013,,,,,,,,,,,,,,,,,,,,,,,,,,,,-0.319,-10.791,,,,,,,,,,,,,,,,,,,,,,,,,,,,,,,,,,,,,,,,,,,,,,,,,,,,,,,,,,,,,,,,,,,,,,,,,,3374.752,,,,,,,,,,,,,,,,,,,,,,,,
South Korea and other OECD Asia (EIA),2014,,,,,,,,,,,,,,,,,,,,,,,,,,,,0.871,29.395,,,,,,,,,,,,,,,,,,,,,,,,,,,,,,,,,,,,,,,,,,,,,,,,,,,,,,,,,,,,,,,,,,,,,,,,,,3404.147,,,,,,,,,,,,,,,,,,,,,,,,
South Korea and other OECD Asia (EIA),2015,,,,,,,,,,,,,,,,,,,,,,,,,,,,2.808,95.574,,,,,,,,,,,,,,,,,,,,,,,,,,,,,,,,,,,,,,,,,,,,,,,,,,,,,,,,,,,,,,,,,,,,,,,,,,3499.721,,,,,,,,,,,,,,,,,,,,,,,,
South Korea and other OECD Asia (EIA),2016,,,,,,,,,,,,,,,,,,,,,,,,,,,,3.065,107.272,,,,,,,,,,,,,,,,,,,,,,,,,,,,,,,,,,,,,,,,,,,,,,,,,,,,,,,,,,,,,,,,,,,,,,,,,,3606.993,,,,,,,,,,,,,,,,,,,,,,,,
South Korea and other OECD Asia (EIA),2017,,,,,,,,,,,,,,,,,,,,,,,,,,,,0.464,16.754,,,,,,,,,,,,,,,,,,,,,,,,,,,,,,,,,,,,,,,,,,,,,,,,,,,,,,,,,,,,,,,,,,,,,,,,,,3623.747,,,,,,,,,,,,,,,,,,,,,,,,
South Korea and other OECD Asia (EIA),2018,,,,,,,,,,,,,,,,,,,,,,,,,,,,0.664,24.076,,,,,,,,,,,,,,,,,,,,,,,,,,,,,,,,,,,,,,,,,,,,,,,,,,,,,,,,,,,,,,,,,,,,,,,,,,3647.823,,,,,,,,,,,,,,,,,,,,,,,,
South Korea and other OECD Asia (EIA),2019,,,,,,,,,,,,,,,,,,,,,,,,,,,,-0.221,-8.056,,,,,,,,,,,,,,,,,,,,,,,,,,,,,,,,,,,,,,,,,,,,,,,,,,,,,,,,,,,,,,,,,,,,,,,,,,3639.767,,,,,,,,,,,,,,,,,,,,,,,,
South Korea and other OECD Asia (EIA),2020,,,,,,,,,,,,,,,,,,,,,,,,,,,,-2.013,-73.252,,,,,,,,,,,,,,,,,,,,,,,,,,,,,,,,,,,,,,,,,,,,,,,,,,,,,,,,,,,,,,,,,,,,,,,,,,3566.515,,,,,,,,,,,,,,,,,,,,,,,,
South Korea and other OECD Asia (EIA),2021,,,,,,,,,,,,,,,,,,,,,,,,,,,,4.729,168.648,,,,,,,,,,,,,,,,,,,,,,,,,,,,,,,,,,,,,,,,,,,,,,,,,,,,,,,,,,,,,,,,,,,,,,,,,,3735.163,,,,,,,,,,,,,,,,,,,,,,,,
South Sudan,2012,SSD,10701605.0,,,,,,0.0,0.0,0.0,,690.476,,,,,0.0,0.0,,,0.0,0.0,0.0,,0.42,0.42,,,,557.737,,,,39.246,0.42,,,100.0,,,,,0.0,0.0,,,,0.0,0.0,0.0,,0.29,,,,0.0,0.0,,0.0,,,,,0.0,0.0,,0.0,,0.0,0.0,,,,0.0,0.0,,0.0,,,,,39.246,0.42,,,,1666.209,17.831,100.0,,,0.0,0.0,,,0.0,0.0,,0.0,0.0,,39.246,5.969,,,,0.0,0.0,,0.0,,,,,0.0,0.0,,0.0,,,,,0.0,0.0,,0.0,
South Sudan,2013,SSD,11106037.0,,,,,,0.0,0.0,0.0,,704.545,,,,,0.0,0.0,,0.0,0.0,0.0,0.0,,0.44,0.44,,5.771,0.344,568.443,,,,39.618,0.44,,,100.0,,,,,0.0,0.0,,,0.0,0.0,0.0,0.0,,0.31,,,,0.0,0.0,,0.0,,,,,0.0,0.0,,0.0,,0.0,0.0,,,,0.0,0.0,,0.0,,,,,39.618,0.44,,220.403,39.3,5144.177,57.131,100.0,,,0.0,0.0,,,0.0,0.0,,0.0,0.0,,39.618,6.313,,,,0.0,0.0,,0.0,,,,,0.0,0.0,,0.0,,,,,0.0,0.0,,0.0,
South Sudan,2014,SSD,11213286.0,,,,,,0.0,0.0,0.0,,695.652,,,,,0.0,0.0,,0.0,0.0,0.0,0.0,,0.46,0.46,,3.456,0.218,582.462,,,,41.023,0.46,,,100.0,,,,,0.0,0.0,,,0.0,0.0,0.0,0.0,,0.32,,,,0.0,0.0,,0.0,,,,,0.0,0.0,,0.0,,0.0,0.0,,,,0.0,0.0,,0.0,,,,,41.023,0.46,,55.774,31.865,7936.649,88.996,100.0,,,0.0,0.0,,,0.0,0.0,,0.0,0.0,,41.023,6.531,,,,0.0,0.0,,0.0,,,,,0.0,0.0,,0.0,,,,,0.0,0.0,,0.0,
South Sudan,2015,SSD,11194300.0,,,,,,0.0,0.0,0.0,,703.704,,,,,0.0,0.0,,0.0,0.0,0.0,0.0,,0.54,0.54,,22.546,1.473,714.991,,,,48.239,0.54,,,100.0,,,,,0.0,0.0,,,0.0,0.0,0.0,0.0,,0.38,,,,0.0,0.0,,0.0,,,,,0.0,0.0,,0.0,,0.0,0.0,,,,0.0,0.0,,0.0,,,,,48.239,0.54,,-4.901,-4.362,7560.469,84.634,100.0,,,0.0,0.0,,,0.0,0.0,,0.0,0.0,,48.239,8.004,,,,0.0,0.0,,0.0,,,,,0.0,0.0,,0.0,,,,,0.0,0.0,,0.0,
South Sudan,2016,SSD,11066116.0,,,,,,0.0,0.0,0.0,,693.878,,,,,0.0,0.0,,0.0,0.0,0.0,0.0,,0.49,0.49,,-3.441,-0.275,698.385,,,,44.279,0.49,,,100.0,,,,,0.0,0.0,,,0.0,0.0,0.0,0.0,,0.34,,,,0.0,0.0,,0.0,,,,,0.0,0.0,,0.0,,0.0,0.0,,,,0.0,0.0,,0.0,,,,,44.279,0.49,,-7.223,-6.113,7095.606,78.521,100.0,,,0.0,0.0,,,0.0,0.0,,0.0,0.0,,44.279,7.728,,,,0.0,0.0,,0.0,,,,,0.0,0.0,,0.0,,,,,0.0,0.0,,0.0,
South Sudan,2017,SSD,10658230.0,,,,,,0.0,0.0,0.0,,705.882,,,,,0.0,0.0,,,,,0.0,,0.51,0.51,,-12.366,-0.956,635.443,,,,47.85,0.51,,,100.0,,,,,0.0,0.0,,,,,,0.0,,0.36,,,,0.0,0.0,,0.0,,,,,0.0,0.0,,0.0,,0.0,0.0,,,,0.0,0.0,,0.0,,,,,47.85,0.51,,7.394,5.806,7911.859,84.326,100.0,,,0.0,0.0,,,0.0,0.0,,0.0,0.0,,47.85,6.773,,,,0.0,0.0,,0.0,,,,,0.0,0.0,,0.0,,,,,0.0,0.0,,0.0,
South Sudan,2018,SSD,10395332.0,,,,,,0.0,0.0,0.0,,696.429,,,,,0.0,0.0,,,,,0.0,,0.56,0.56,,3.107,0.21,671.758,,,,52.908,0.55,,,98.214,,,,,0.0,0.0,,,,,,0.0,,0.39,,,,0.0,0.0,,0.0,,,,,0.962,0.01,,1.786,,0.0,0.0,,,,0.0,0.0,,0.0,,,,,52.908,0.55,,-1.973,-1.664,7951.889,82.663,98.214,,,0.0,0.0,,,0.0,0.0,,0.0,0.0,,53.87,6.983,,,,0.962,0.01,,1.786,,,,,0.962,0.01,,1.786,,,,,0.0,0.0,,0.0,
South Sudan,2019,SSD,10447677.0,,,,,,0.0,0.0,0.0,,696.429,,,,,0.0,0.0,,,,,0.0,,0.56,0.56,,11.833,0.826,747.486,,,,52.643,0.55,,,98.214,,,,,0.0,0.0,,,,,,0.0,,0.39,,,,0.0,0.0,,0.0,,,,,0.957,0.01,,1.786,,0.0,0.0,,,,0.0,0.0,,0.0,,,,,52.643,0.55,,18.864,15.593,9404.577,98.256,98.214,,,0.0,0.0,,,0.0,0.0,,0.0,0.0,,53.6,7.809,,,,0.957,0.01,,1.786,,,,,0.957,0.01,,1.786,,,,,0.0,0.0,,0.0,
South Sudan,2020,SSD,10606224.0,,,,,,0.0,0.0,0.0,,685.185,,,,,0.0,0.0,,,,,0.0,,0.54,0.54,,-4.506,-0.352,703.135,,,,49.971,0.53,,,98.148,,,,,0.0,0.0,,,,,,0.0,,0.37,,,,0.0,0.0,,0.0,,,,,0.943,0.01,,1.852,,0.0,0.0,,,,0.0,0.0,,0.0,,,,,49.971,0.53,,-3.814,-3.748,8910.619,94.508,98.148,,,0.0,0.0,,,0.0,0.0,,0.0,0.0,,50.914,7.458,,,,0.943,0.01,,1.852,,,,,0.943,0.01,,1.852,,,,,0.0,0.0,,0.0,
South Sudan,2021,SSD,10748278.0,,,,,,0.0,0.0,0.0,,684.211,,,,,0.0,0.0,,,,,0.0,,0.57,0.57,,5.498,0.41,731.989,,,,52.101,0.56,,,98.246,,,,,0.0,0.0,,,,,,0.0,,0.39,,,,0.0,0.0,,0.0,,,,,0.93,0.01,,1.754,,0.0,0.0,,,,0.0,0.0,,0.0,,,,,52.101,0.56,,-7.513,-7.1,8132.241,87.408,98.246,,,0.0,0.0,,,0.0,0.0,,0.0,0.0,,53.032,7.868,,,,0.93,0.01,,1.754,,,,,0.93,0.01,,1.754,,,,,0.0,0.0,,0.0,
South Sudan,2022,SSD,10913172.0,,,,,,,,,,,,,,,,,,,,,,,,,,,,,,,,,,,,,,,,,,,,,,,,,,,,,,,,,,,,,,,,,,,,,,,,,,,,,,,,,,,-7.555,-6.604,7404.224,80.804,,,,,,,,,,,,,,,,,,,,,,,,,,,,,,,,,,,,,,,
South and Central America (EI),1965,,,,,,,9.03,,,,0.661,,,,,67.21,,,,,,,,4.922,,,,,,,,,,,,,1234.458,,90.395,,,147.71,,,,,,,,,10.816,,,,122.131,,41.303,,,8.943,,,131.161,,0.0,,,9.605,,,,,0.0,,0.0,,,0.0,,,1019.539,,,,,,,2631.623,,74.658,0.0,0.0,,,,,,,,,0.0,,1365.62,,,131.161,,,,,9.605,,,,,,,,,,,,,,,,
South and Central America (EI),1966,,,,1.993,0.18,,9.21,,,,0.636,,1.024,0.688,,67.898,,,,,,,,4.689,,,,6.03,82.352,,,5.528,68.244,,,,1302.703,,89.967,6.851,10.12,157.83,,,,,,,,,10.9,,11.376,13.894,136.025,,46.001,,,9.394,9.717,14.108,145.269,,0.012,,,10.033,,,,0.034,0.034,,0.012,,,0.002,5.634,57.437,1076.975,,,,-1.055,-27.768,,2603.855,,74.378,0.0,0.0,,,0.0,,,,,,0.0,,1447.972,9.693,14.074,145.235,,,,,10.03,,,,,,,,,,,,,,,,
South and Central America (EI),1967,,,,1.888,0.174,,9.384,,,,0.624,,5.905,4.01,,71.907,,,,,,,,4.782,,,,3.851,55.756,,,3.657,47.645,,,,1350.348,,89.8,7.809,12.325,170.155,,,,,,,,,11.316,,5.781,7.864,143.889,,48.661,,,9.569,5.178,8.111,153.38,,0.038,,,10.2,,,216.667,0.074,0.108,,0.038,,,0.007,2.907,31.31,1108.286,,,,6.43,167.436,,2771.291,,73.703,0.0,0.0,,,0.0,,,,,,0.0,,1503.728,5.132,8.038,153.273,,,,,10.193,,,,,,,,,,,,,,,,
South and Central America (EI),1968,,,,1.813,0.17,,9.554,,,,0.6,,-4.086,-2.938,,68.969,,,,,,,,4.332,,,,5.865,88.187,,,5.847,78.948,,,,1429.296,,89.785,5.053,8.598,178.752,,,,,,,,,11.229,,6.342,9.125,153.014,,51.747,,,9.612,5.572,9.239,162.619,,0.018,,,10.215,,,-52.632,-0.057,0.051,,0.018,,,0.003,6.613,73.289,1181.574,,,,2.674,74.091,,2845.382,,74.223,0.0,0.0,,,0.0,,,,,,0.0,,1591.915,5.61,9.296,162.568,,,,,10.212,,,,,,,,,,,,,,,,
South and Central America (EI),1969,,,,1.781,0.17,,9.724,,,,0.586,,8.815,6.08,,75.049,,,,,,,,4.519,,,,4.324,68.834,,,3.948,56.43,,,,1485.726,,89.461,3.092,5.528,184.28,,,,,,,,,11.096,,7.934,12.141,165.155,,55.852,,,9.945,7.027,12.404,175.024,,0.051,,,10.539,,,183.333,0.094,0.145,,0.051,,,0.009,3.793,44.823,1226.397,,,,0.2,5.677,,2851.059,,73.846,0.0,0.0,,,0.0,,,,,,0.0,,1660.75,6.975,12.311,174.879,,,,,10.53,,,,,,,,,,,,,,,,
South and Central America (EI),1970,,,,38.847,3.778,,13.501,,,,0.76,,10.827,8.126,,83.175,,,,,,,,4.681,,,,6.996,116.18,,,5.496,81.654,,,,1567.38,,88.207,2.024,3.73,188.01,,,,,,,186.997,,10.581,,17.524,28.942,194.097,,65.64,,,10.923,21.531,34.525,209.549,,0.045,,,11.793,,,-11.765,-0.017,0.128,,0.045,,,0.007,5.691,69.799,1296.196,,,,2.696,76.878,,2927.938,,72.946,1.823,0.571,,,1.823,,,,,,0.103,,1776.93,21.557,34.542,209.421,,,,,11.786,,,,,,,,,,,,,,,,
South and Central America (EI),1971,,,,0.449,0.061,,13.562,,,,0.721,,-7.067,-5.878,,77.297,,,,,,,,4.11,,,,5.829,103.571,,,4.881,76.504,,,,1643.885,,87.417,1.849,3.476,191.486,,,,2.726,5.097,,192.094,,10.183,,11.315,21.963,216.06,,73.068,,,11.49,11.369,27.067,236.616,,75.263,,,12.583,,,-6.667,-0.009,0.119,,0.042,,,0.006,6.088,78.906,1375.102,,,,-2.335,-68.378,,2859.56,,73.124,6.874,2.153,,277.169,5.052,,,,,,0.366,,1880.5,11.379,27.075,236.496,,75.221,,,12.576,,,0.0,,0.0,,,0.0,,,0.0,,0.0,,,0.0
South and Central America (EI),1972,,,,9.298,1.261,,14.823,,,,0.731,,-2.036,-1.574,,75.724,,,,,,,,3.736,,,,7.786,146.408,,,7.095,116.633,,,,1760.517,,86.857,5.7,10.914,202.4,,,,5.519,10.603,,202.697,,9.986,,13.173,28.461,244.521,,82.693,,,12.064,12.278,29.776,266.391,,84.908,,,13.143,,,73.81,0.088,0.207,,0.073,,,0.01,7.802,107.292,1482.394,,,,-4.72,-134.979,,2724.581,,73.136,6.84,2.143,,-0.501,-0.034,,,,,,0.337,,2026.909,12.249,29.688,266.184,,84.835,,,13.133,,0.0,0.0,,0.0,,,0.0,,0.0,0.0,,0.0,,,0.0
South and Central America (EI),1973,,,,-3.863,-0.573,,14.251,,,,0.641,,4.376,3.314,,79.037,,,,,,,,3.553,,,,9.754,197.705,,,9.51,167.418,,,,1927.936,,86.664,13.501,27.327,229.727,,,,14.19,28.763,,231.46,,10.327,,12.476,30.507,275.029,,93.01,,,12.363,9.878,30.287,296.678,,95.333,,,13.336,,,-36.986,-0.077,0.131,,0.046,,,0.006,9.227,136.778,1619.171,,,,6.42,174.914,,2899.495,,72.784,7.268,2.277,,6.262,0.428,,,,,,0.327,,2224.614,9.913,30.363,296.547,,95.287,,,13.33,,0.0,0.0,,0.0,,,0.0,,0.0,0.0,,0.0,,,0.0
South and Central America (EI),1974,,,,0.591,0.084,,14.335,,,,0.608,,9.158,7.238,,86.275,,,,,,,,3.657,,,,6.037,134.311,,,4.669,90.02,,,,2017.956,,85.546,5.758,13.228,242.955,,,,5.814,13.457,,244.917,,10.299,,14.894,40.964,315.993,,106.863,,,13.396,13.748,44.29,340.968,,110.314,,,14.454,,,2208.696,2.883,3.013,,1.062,,,0.128,4.296,69.554,1688.725,,,,-8.921,-258.669,,2640.825,,71.589,7.627,2.389,,4.936,0.359,,,,,,0.323,,2358.924,12.827,41.407,337.954,,109.252,,,14.327,,0.0,0.0,,0.0,,,0.0,,0.0,0.0,,0.0,,,0.0
South and Central America (EI),1975,,,,-4.509,-0.646,,13.688,,,,0.575,,4.937,4.259,,90.535,,,,,,,,3.803,,,,0.928,21.885,,,-0.492,-9.924,,,,2008.032,,84.342,-0.504,-1.225,241.73,,,,-0.093,-0.228,,244.69,,10.153,,8.472,26.77,342.763,,115.916,,,14.397,8.32,31.809,372.777,,121.331,,,15.658,,,139.36,4.2,7.213,,2.542,,,0.303,-0.767,-12.958,1675.767,,,,-15.554,-410.747,,2230.079,,70.386,9.113,2.873,,20.259,1.486,,,,,,0.383,,2380.81,7.194,27.61,365.564,,118.789,,,15.355,,0.0,0.0,,0.0,,,0.0,,0.0,0.0,,0.0,,,0.0
South and Central America (EI),1976,,,,0.459,0.063,,13.751,,,,0.542,,0.636,0.576,,91.111,,,,,,,,3.59,,,,6.589,156.871,,,5.742,115.294,,,,2123.326,,83.672,16.901,40.854,282.584,,,,12.085,29.572,,274.262,,11.136,,11.653,39.944,382.707,,129.424,,,15.081,10.45,41.578,414.355,,135.378,,,16.328,,,1.888,0.136,7.349,,2.59,,,0.29,4.408,73.864,1749.631,,,,-0.721,-16.09,,2213.989,,68.946,10.548,3.363,,17.059,1.435,,,,,,0.416,,2537.681,10.614,41.441,407.005,,132.788,,,16.038,,0.0,0.0,,0.0,,,0.0,,0.0,0.0,,0.0,,,0.0
South and Central America (EI),1977,,,,33.214,4.567,,18.319,,,,0.68,,14.278,13.009,,104.119,,,,,,,,3.866,,,,6.125,155.427,,,5.276,112.027,,,,2235.353,,83.003,7.884,22.28,304.864,,,,8.133,22.306,,296.568,,11.32,,10.585,40.51,423.217,,143.124,,,15.715,11.825,43.401,457.755,,148.445,,,16.997,,,-36.795,-2.704,4.645,,1.637,,,0.172,4.386,76.738,1826.369,,,,-0.853,-18.884,,2195.105,,67.816,11.575,3.684,,9.531,1.027,,,,,,0.43,,2693.108,12.684,46.105,453.11,,146.808,,,16.825,,0.0,0.0,,0.0,,,0.0,,0.0,0.0,,0.0,,,0.0
South and Central America (EI),1978,,,,26.532,4.86,,23.179,,,,0.817,,7.161,7.456,,111.576,,,,,,,,3.935,,,,5.293,142.554,,,3.951,88.33,,,,2323.683,,81.945,3.392,10.341,315.205,,,,5.688,16.87,,313.438,,11.116,,10.525,44.542,467.759,,158.188,,,16.496,12.942,54.224,511.979,,165.167,,,18.055,,,76.909,3.572,8.217,,2.896,,,0.29,3.862,70.533,1896.902,,,,0.179,3.939,,2199.044,,66.895,12.824,4.084,,10.86,1.249,,,,,,0.452,,2835.662,12.308,50.651,503.761,,162.271,,,17.765,,0.0,0.0,,0.0,,,0.0,,0.0,0.0,,0.0,,,0.0
South and Central America (EI),1979,,,,20.9,4.844,,28.023,,,,0.925,,5.761,6.428,,118.004,,,,,,,,3.896,,,,6.822,193.441,,,5.35,124.312,,,,2447.994,,80.816,7.608,23.982,339.187,,,,3.948,12.374,,325.812,,11.198,,13.654,63.866,531.625,,179.786,,,17.551,14.09,69.13,581.108,,186.861,,,19.184,,,-7.044,-0.579,7.639,,2.692,,,0.252,4.95,93.902,1990.804,,,,7.071,155.497,,2354.541,,65.723,13.822,4.383,,7.324,0.998,,,,,,0.456,,3029.103,14.42,69.708,573.47,,184.169,,,18.932,,0.0,0.0,,0.0,,,0.0,,0.0,0.0,,0.0,,,0.0
South and Central America (EI),1980,,,,16.996,4.763,,32.786,,,,1.047,,6.021,7.105,,125.109,,,,,,,,3.995,,,,3.39,102.677,,,1.422,34.806,,,,2482.8,,79.278,6.403,21.72,360.907,,,,8.204,26.73,,352.542,,11.524,,12.046,64.039,595.664,,201.443,,,19.02,12.142,67.871,648.979,,208.188,,,20.722,,,-13.076,-0.999,6.64,,2.34,,,0.212,0.3,5.981,1996.785,,,,-3.815,-89.822,,2264.719,,63.759,13.889,4.406,,0.516,0.068,,,,,,0.443,,3131.78,12.462,68.87,642.34,,205.848,,,20.51,,0.0,0.0,,0.0,,,0.0,,0.0,0.0,,0.0,,,0.0
South and Central America (EI),1981,,,,-9.267,-3.038,,29.748,,,,0.949,,-1.269,-1.587,,123.522,,,,,,78.991,,3.942,,,,0.048,1.518,,,-0.285,-7.088,,,,2475.713,,79.013,3.087,11.14,372.047,,,,3.246,11.443,,363.985,,11.874,,1.49,8.876,604.54,,204.444,,,19.294,0.381,8.606,657.586,,212.144,,,20.987,,,20.342,1.351,7.99,,2.816,,,0.255,-0.833,-16.641,1980.144,,,,-0.919,-20.821,,2243.898,,63.197,15.307,4.884,,10.852,1.418,,,,,,0.489,,3133.298,0.185,7.255,649.595,,209.328,,,20.732,,0.0,0.0,,0.0,,,0.0,,0.0,0.0,,0.0,,,0.0
South and Central America (EI),1982,,,,26.248,7.808,,37.556,,,,1.184,,0.576,0.712,,124.233,,,7.55,5.963,,84.954,,3.917,,,,1.224,38.361,,,-0.62,-15.35,,,,2460.363,,77.573,10.971,40.817,412.864,,,,9.842,35.824,,399.808,,13.017,,7.704,46.571,651.111,,220.194,,,20.529,9.613,53.71,711.296,,227.589,,,22.427,,,-33.594,-2.684,5.306,,1.87,,,0.167,-2.872,-56.879,1923.266,,,,-4.221,-94.71,,2149.188,,60.639,17.322,5.526,,13.142,2.015,,,,,,0.546,,3171.658,10.122,56.394,705.989,,225.719,,,22.259,,0.0,0.0,,0.0,,,0.0,,0.0,0.0,,0.0,,,0.0
South and Central America (EI),1983,,,,30.522,11.463,,49.019,,,,1.536,,11.202,13.916,,138.15,,,8.803,7.479,,92.433,,4.328,,,,0.634,20.116,,,-1.969,-48.434,,,,2411.929,,75.567,3.559,14.694,427.558,,,,9.043,36.155,,435.964,,13.396,,7.682,50.018,701.129,,237.109,,,21.967,11.596,68.55,779.846,,246.873,,,24.433,,,82.086,4.356,9.662,,3.405,,,0.303,-4.006,-77.044,1846.222,,,,-0.868,-18.663,,2130.525,,57.843,20.036,6.359,,15.075,2.714,,,,,,0.628,,3191.775,11.095,64.195,770.184,,243.468,,,24.13,,0.0,0.0,,0.0,,,0.0,,0.0,0.0,,0.0,,,0.0
South and Central America (EI),1984,,,,17.926,8.787,,57.806,,,,1.742,,14.833,20.491,,158.641,,,21.029,19.437,,111.87,,4.78,,,,3.99,127.367,,,1.6,38.598,,,,2450.528,,73.83,7.955,34.011,461.569,,,,6.515,28.403,,464.367,,13.906,,10.333,72.445,773.574,,261.609,,,23.306,12.164,88.768,868.614,,274.076,,,26.17,,,84.552,8.169,17.831,,6.284,,,0.537,-0.861,-15.904,1830.318,,,,5.454,116.189,,2246.714,,55.144,19.402,6.184,,-2.748,-0.634,,,,,,0.585,,3319.142,11.321,80.599,850.783,,267.792,,,25.633,,0.0,0.0,,0.0,,,0.0,,0.0,0.0,,0.0,,,0.0
South and Central America (EI),1985,,,,18.343,10.604,,68.41,,,,1.997,,15.872,25.179,,183.82,,10.978,17.776,19.886,,131.756,2.686,5.366,,408.714,11.932,3.202,106.292,,,0.941,23.071,,109.97,,2473.598,26.906,72.213,2.124,9.805,471.374,,39.301,,2.11,9.797,,474.164,9.616,13.761,,8.371,64.757,838.331,,283.508,,69.366,24.474,10.624,83.222,951.836,,298.731,,73.091,27.787,,,45.56,8.124,25.955,,9.147,,2.238,0.758,-0.651,-11.913,1818.404,,59.691,,-0.281,-6.309,,2240.405,14.605,53.085,19.14,6.076,,-1.741,-0.262,,,,1.487,,0.559,,3425.434,9.95,75.098,925.881,,289.584,,70.853,27.03,,0.0,0.0,,0.0,,0.0,0.0,,0.0,0.0,,0.0,,0.0,0.0
South and Central America (EI),1986,,,,23.086,15.793,,84.203,,,,2.319,,0.97,1.784,,185.604,,11.927,10.003,13.179,,144.935,2.711,5.111,,439.902,12.113,6.019,206.166,,,5.358,132.541,,121.753,,2606.139,27.677,71.763,8.067,38.026,509.4,,41.099,,8.324,39.471,,513.635,9.343,14.027,,7.936,66.529,904.861,,306.007,,69.563,24.916,9.585,73.625,1025.46,,318.13,,72.318,28.237,,,-35.99,-9.341,16.614,,5.855,,1.331,0.457,5.1,92.732,1911.136,,68.728,,7.192,161.139,,2401.544,15.623,52.625,19.783,6.268,,3.153,0.643,,,,1.425,,0.545,,3631.6,10.75,82.966,1008.847,,312.275,,70.987,27.78,,0.0,0.0,,0.0,,0.0,0.0,,0.0,0.0,,0.0,,0.0,0.0
South and Central America (EI),1987,,,,1.339,1.127,,85.33,,,,2.264,,10.228,18.983,,204.587,,11.602,21.191,30.714,,175.649,2.511,5.427,,462.064,12.258,3.797,137.883,,,2.694,70.204,,121.382,,2676.344,26.27,71.0,0.363,1.851,511.251,,39.65,,0.026,0.133,,513.768,8.581,13.563,,6.707,60.686,965.546,,326.53,,70.668,25.615,5.883,67.679,1093.139,,340.67,,73.728,29.0,,,27.037,4.492,21.105,,7.438,,1.61,0.56,2.583,49.37,1960.506,,70.13,,-1.406,-33.768,,2367.776,15.178,52.01,21.158,6.702,,6.933,1.374,,,,1.45,,0.561,,3769.483,5.57,63.187,1072.034,,333.232,,72.118,28.44,,0.0,0.0,,0.0,,0.0,0.0,,0.0,0.0,,0.0,,0.0,0.0
South and Central America (EI),1988,,,,4.957,4.23,,89.56,,,,2.306,,-0.918,-1.878,,202.709,,12.827,12.225,21.472,,197.121,2.648,5.22,,484.415,12.474,3.02,113.823,,,2.809,75.173,,132.015,,2751.517,27.252,70.855,8.48,43.353,554.604,,49.485,,8.277,42.526,,556.294,10.215,14.282,,3.887,37.536,1003.082,,339.224,,70.028,25.831,3.716,38.65,1131.789,,352.27,,72.721,29.145,,,-13.875,-2.928,18.177,,6.406,,1.322,0.468,1.719,33.699,1994.204,,69.703,,5.109,120.968,,2488.744,14.389,51.353,20.97,6.64,,-0.932,-0.188,,,,1.371,,0.54,,3883.306,4.028,41.578,1113.612,,345.864,,71.398,28.677,,0.0,0.0,,0.0,,0.0,0.0,,0.0,0.0,,0.0,,0.0,0.0
South and Central America (EI),1989,,,,6.843,6.129,,95.689,,,,2.413,,8.006,16.229,,218.937,,15.274,17.595,34.684,,231.805,3.072,5.52,,497.248,12.537,2.136,82.961,,,1.839,50.605,,135.879,,2802.122,27.326,70.649,3.7,20.518,575.122,,49.359,,4.19,23.309,,579.603,9.926,14.5,,2.398,24.054,1027.136,,347.359,,69.856,25.897,3.399,32.356,1164.145,,361.159,,72.631,29.351,,,7.228,1.314,19.491,,6.869,,1.381,0.491,0.695,13.859,2008.063,,71.247,,1.116,27.783,,2516.527,14.328,50.629,21.828,6.931,,4.388,0.858,,,,1.394,,0.55,,3966.267,3.343,31.042,1144.654,,354.29,,71.25,28.86,,0.0,0.0,,0.0,,0.0,0.0,,0.0,0.0,,0.0,,0.0,0.0
South and Central America (EI),1990,,,,-6.117,-5.853,,89.836,,,,2.246,,-15.985,-34.996,,183.941,,15.566,-2.502,-5.8,,226.005,3.061,4.599,,508.581,12.717,0.83,32.927,,,-0.463,-12.968,,129.466,,2789.154,25.456,69.743,3.562,20.489,595.61,,46.968,,3.907,22.645,,602.248,9.235,14.893,,3.87,39.755,1066.891,,360.803,,70.943,26.678,2.548,45.895,1210.04,,378.653,,74.453,30.257,,,38.565,7.517,27.007,,9.518,,1.871,0.675,0.077,1.54,2009.603,,66.931,,8.131,204.627,,2721.154,13.16,50.25,26.306,8.332,,20.208,4.477,,,,1.638,,0.658,,3999.195,1.998,38.379,1183.032,,369.135,,72.581,29.582,,0.0,0.0,,0.0,,0.0,0.0,,0.0,0.0,,0.0,,0.0,0.0
South and Central America (EI),1991,,,,1.583,1.422,,91.258,,,,2.223,,5.838,10.739,,194.68,,15.0,1.037,2.344,,228.348,2.808,4.742,,534.102,13.01,2.655,106.193,,,1.206,33.636,,130.764,,2822.79,24.483,68.758,1.603,9.547,605.157,,49.601,,3.685,22.192,,624.44,9.287,14.741,,6.733,71.835,1138.726,,385.096,,72.102,27.737,5.436,72.557,1282.597,,402.7,,75.398,31.242,,,-3.362,-0.908,26.099,,9.198,,1.722,0.636,0.664,13.35,2022.953,,66.162,,5.425,147.632,,2868.786,12.388,49.276,26.514,8.405,,0.885,0.208,,,,1.574,,0.646,,4105.387,5.619,73.465,1256.497,,393.502,,73.675,30.606,,0.0,0.0,,0.0,,0.0,0.0,,0.0,0.0,,0.0,,0.0,0.0
South and Central America (EI),1992,,,,-5.195,-4.741,,86.517,,,,2.04,,4.909,9.556,,204.236,,13.571,3.91,8.928,,237.276,2.464,4.816,,550.708,12.986,3.302,135.547,,,4.008,113.133,,138.479,,2935.923,25.146,69.228,2.873,17.386,622.543,,50.64,,0.145,0.904,,625.345,9.196,14.679,,1.839,20.938,1159.663,,392.177,,71.213,27.345,0.87,22.414,1305.011,,411.738,,74.765,30.772,,,-3.892,-1.016,25.084,,8.84,,1.605,0.591,4.261,86.191,2109.144,,74.267,,2.239,64.226,,2933.012,13.486,49.733,33.747,10.721,,27.547,7.234,,,,1.947,,0.796,,4240.935,0.96,23.43,1279.928,,402.898,,73.16,30.18,,0.0,0.0,,0.0,,0.0,0.0,,0.0,0.0,,0.0,,0.0,0.0
South and Central America (EI),1993,,,,1.858,1.607,,88.125,,,,2.0,,1.188,2.426,,206.663,,14.244,3.427,8.131,,245.408,2.447,4.69,,582.039,13.208,3.91,165.814,,,2.571,75.477,,139.855,,3011.4,24.029,68.336,7.597,47.292,669.835,,53.928,,6.437,40.253,,665.597,9.265,15.2,,7.93,91.959,1251.622,,423.276,,72.723,28.402,6.345,90.337,1395.348,,441.745,,75.896,31.664,,,-7.33,-1.839,23.245,,8.192,,1.407,0.527,1.221,25.759,2134.903,,71.683,,3.853,112.998,,3046.01,12.316,48.446,32.351,10.276,,-4.154,-1.396,,,,1.765,,0.734,,4406.749,6.592,92.176,1372.104,,433.553,,74.489,31.136,,0.0,0.0,,0.0,,0.0,0.0,,0.005,0.005,,0.002,,0.0,0.0
South and Central America (EI),1994,,,,6.432,5.668,,93.793,,,,2.006,,5.99,12.38,,219.042,,15.705,5.821,14.285,,259.693,2.57,4.684,,611.217,13.071,6.112,269.33,,,6.285,189.256,,143.906,,3200.656,23.544,68.447,5.09,34.096,703.931,,55.073,,6.85,45.591,,711.188,9.01,15.054,,5.784,72.39,1324.012,,447.757,,73.257,28.315,5.811,80.074,1475.423,,466.867,,76.383,31.553,,,1.196,0.278,23.523,,8.29,,1.356,0.503,6.688,142.781,2277.683,,73.128,,6.017,183.269,,3229.279,11.964,48.709,34.071,10.812,,5.222,1.72,,,,1.769,,0.729,,4676.079,5.883,79.796,1451.9,,458.577,,75.027,31.05,,0.0,0.0,,0.0,,0.0,0.0,352.941,0.018,0.023,,0.008,,0.001,0.0
South and Central America (EI),1995,,,,4.322,4.054,,97.846,,,,1.995,,1.572,3.444,,222.486,,18.216,8.352,21.69,,281.383,2.818,4.536,,646.398,13.178,4.901,229.176,,,5.416,173.354,,161.433,,3374.011,24.974,68.784,10.003,70.414,774.345,,63.617,,9.629,68.478,,779.666,9.842,15.786,,3.57,47.261,1371.273,,463.74,,71.742,27.955,3.851,55.821,1531.244,,484.404,,74.939,31.216,,,15.621,3.675,27.198,,9.585,,1.483,0.554,4.368,99.497,2377.18,,79.6,,8.065,260.441,,3489.72,12.314,48.462,34.904,11.071,,2.396,0.832,,,,1.713,,0.712,,4905.255,3.674,52.147,1504.046,,474.819,,73.456,30.662,,0.0,0.0,,0.0,,0.0,0.0,0.0,0.0,0.023,,0.008,,0.001,0.0
South and Central America (EI),1996,,,,2.37,2.319,,100.165,,,,1.96,,2.934,6.527,,229.013,,19.596,9.616,27.057,,308.439,2.887,4.48,,678.785,13.28,4.204,206.194,,,4.267,143.961,,173.574,,3517.972,25.571,68.825,10.7,82.854,857.198,,70.79,,10.451,81.487,,861.153,10.429,16.77,,3.978,54.551,1425.824,,482.188,,71.037,27.895,3.861,62.233,1593.477,,504.567,,74.334,31.175,,,3.14,0.854,28.052,,9.886,,1.456,0.549,2.296,54.58,2431.76,,83.188,,6.902,240.848,,3730.568,12.255,47.575,39.311,12.451,,12.462,4.408,,,,1.834,,0.769,,5111.449,3.873,61.379,1565.426,,494.681,,72.877,30.626,,0.0,0.0,,0.0,,0.0,0.0,439.665,0.101,0.124,,0.042,,0.006,0.002
South and Central America (EI),1997,,,,-2.939,-2.944,,97.222,,,,1.804,,7.386,16.914,,245.927,,21.908,12.343,38.072,,346.512,3.053,4.563,,717.67,13.317,5.432,277.645,,,5.573,196.071,,184.063,,3714.043,25.647,68.918,2.065,17.705,874.904,,74.127,,1.497,12.888,,874.041,10.329,16.235,,5.521,78.717,1504.541,,508.809,,70.897,27.918,4.24,81.573,1675.051,,533.149,,74.289,31.082,,,12.583,3.53,31.582,,11.13,,1.551,0.586,6.639,161.452,2593.212,,88.028,,4.244,158.32,,3888.887,12.266,48.12,41.401,13.107,,5.272,2.09,,,,1.826,,0.768,,5389.093,4.101,78.044,1643.469,,522.019,,72.738,30.496,,0.0,0.0,,0.0,,0.0,0.0,145.214,0.18,0.304,,0.103,,0.014,0.006
South and Central America (EI),1998,,,,-0.5,-0.486,,96.736,,,,1.731,,-1.885,-4.636,,241.291,,22.86,2.04,7.069,,353.58,3.052,4.317,,748.91,13.399,3.716,200.255,,,4.558,169.282,,204.755,,3883.325,27.34,69.477,7.197,62.963,937.866,,83.059,,5.794,50.64,,924.681,11.091,16.78,,2.33,35.05,1539.592,,520.662,,69.523,27.545,1.617,30.973,1706.024,,543.83,,72.616,30.523,,,-3.702,-1.169,30.412,,10.718,,1.431,0.544,4.279,110.955,2704.167,,98.836,,5.841,227.162,,4116.049,13.197,48.381,38.955,12.339,,-5.864,-2.447,,,,1.648,,0.697,,5589.349,1.713,32.142,1675.611,,533.112,,71.185,29.979,,0.0,0.0,,0.0,,0.0,0.0,8.206,0.025,0.329,,0.111,,0.015,0.006
South and Central America (EI),1999,,,,-0.12,-0.116,,96.62,,,,1.722,,-0.904,-2.182,,239.11,,27.397,-0.646,-2.284,,351.296,3.547,4.261,,772.478,13.765,0.407,22.724,,,0.274,10.655,,223.891,,3893.979,28.984,69.386,-1.348,-12.641,925.225,,90.578,,2.347,21.706,,946.386,11.726,16.486,,0.286,4.406,1543.997,,522.152,,67.594,27.512,0.611,12.069,1718.093,,547.858,,70.922,30.614,,,3.405,1.036,31.448,,11.083,,1.435,0.56,0.942,25.478,2729.645,,105.917,,-3.187,-131.179,,3984.87,13.711,48.639,45.589,14.474,,17.307,6.634,,,,1.874,,0.812,,5612.073,0.563,11.034,1686.645,,536.775,,69.487,30.054,647.118,0.0,0.0,,0.0,,0.0,0.0,33.311,0.11,0.439,,0.148,,0.019,0.008
South and Central America (EI),2000,,,,-11.488,-11.1,,85.52,,,,1.47,,1.844,4.409,,243.519,,25.824,16.938,59.504,,410.801,3.193,4.187,,808.764,13.906,3.631,203.753,,,3.284,127.873,,230.774,,4021.852,28.534,69.154,6.281,58.112,983.337,,102.29,,7.482,70.808,,1017.195,12.648,16.908,,5.393,83.273,1627.27,,550.313,,68.044,27.98,2.855,75.88,1793.974,,577.356,,71.387,30.846,,,10.286,3.235,34.683,,12.223,,1.511,0.596,2.394,65.352,2794.997,,102.661,,0.642,25.599,,4010.469,12.694,48.058,45.748,14.565,,0.631,0.159,,,,1.801,,0.787,,5815.826,2.725,72.646,1759.291,,565.133,,69.876,30.25,1901.222,0.007,0.008,,0.003,,0.0,0.0,69.807,0.306,0.746,,0.252,,0.031,0.013
South and Central America (EI),2001,,,,-6.03,-5.157,,80.363,,,,1.386,,-5.335,-12.993,,230.526,,22.526,9.615,39.497,,450.297,2.828,3.976,,796.485,13.738,-0.31,-18.05,,,1.666,66.999,,241.479,,4088.851,30.318,70.524,4.939,48.568,1031.905,,111.315,,4.398,44.735,,1061.93,13.976,17.798,,-6.194,-110.698,1516.571,,516.229,,64.813,26.158,-4.285,-85.048,1708.925,,554.109,,69.569,29.476,,,74.573,25.471,60.154,,21.338,,2.679,1.038,1.124,31.423,2826.42,,107.638,,1.247,49.997,,4060.466,13.514,48.75,50.883,16.217,,11.338,5.134,,,,2.036,,0.878,,5797.776,-5.766,-110.519,1648.772,,532.771,,66.89,28.438,60.932,0.005,0.012,,0.004,,0.001,0.0,27.319,0.198,0.943,,0.321,,0.04,0.016
South and Central America (EI),2002,,,,6.918,5.559,,85.922,,,,1.464,,-0.346,-0.797,,229.729,,22.588,-6.785,-30.553,,419.745,2.75,3.914,,821.405,13.994,1.241,71.942,,,0.013,0.527,,240.923,,4089.378,29.331,69.669,1.002,10.338,1042.243,,111.327,,2.848,30.245,,1092.175,13.553,17.756,,4.971,65.124,1581.696,,541.893,,65.971,26.947,4.95,71.415,1780.341,,579.957,,70.605,30.331,,,-7.878,-5.096,55.057,,19.657,,2.393,0.938,-0.319,-9.015,2817.406,,107.008,,-0.892,-36.2,,4024.266,13.027,47.999,56.307,17.941,,10.634,5.425,,,,2.184,,0.959,,5869.718,5.397,76.512,1725.283,,560.3,,68.212,29.393,57.023,0.007,0.019,,0.006,,0.001,0.0,42.953,0.396,1.339,,0.459,,0.056,0.023
South and Central America (EI),2003,,,,-3.969,-3.41,,82.512,,,,1.385,,5.925,13.611,,243.34,,25.853,17.16,72.027,,491.771,3.002,4.086,,861.268,14.461,1.465,86.014,,,0.532,21.742,,253.938,,4111.12,29.484,69.028,5.149,53.664,1095.907,,122.078,,9.537,104.161,,1196.336,14.174,18.401,,4.368,58.509,1640.205,,565.564,,65.666,27.54,3.521,64.271,1844.612,,606.814,,70.456,30.972,,,6.446,3.173,58.23,,20.924,,2.429,0.978,-1.616,-45.533,2771.873,,106.006,,-0.813,-32.699,,3991.568,12.308,46.541,62.354,19.874,,10.773,6.047,,,,2.308,,1.047,,5955.731,3.432,61.098,1786.381,,585.89,,68.026,29.994,36.019,0.007,0.025,,0.009,,0.001,0.0,-3.437,-0.054,1.285,,0.443,,0.051,0.022
South and Central America (EI),2004,,,,9.603,7.924,,90.436,,,,1.444,,6.031,14.677,,258.017,,30.012,8.752,43.041,,534.812,3.327,4.119,,901.978,14.398,5.189,309.06,,,6.283,258.285,,276.069,,4369.405,30.607,69.745,11.709,128.324,1224.231,,138.961,,12.871,153.98,,1350.316,15.406,19.541,,3.309,43.483,1683.688,,584.279,,64.778,26.875,3.829,50.775,1895.387,,625.286,,69.324,30.255,,,-6.901,-4.364,53.867,,19.48,,2.16,0.86,4.159,115.283,2887.156,,107.096,,7.078,282.542,,4274.109,11.873,46.085,65.798,20.973,,5.528,3.444,,,,2.325,,1.05,,6264.792,4.165,55.139,1841.52,,605.806,,67.164,29.395,26.827,0.007,0.032,,0.011,,0.001,0.001,22.64,0.281,1.566,,0.543,,0.06,0.025
South and Central America (EI),2005,,,,4.435,4.011,,94.447,,,,1.466,,-6.478,-16.715,,241.302,,30.483,8.031,42.95,,577.762,3.231,3.746,,943.313,14.643,2.833,177.489,,,2.015,88.025,,283.702,,4457.43,30.075,69.19,3.852,47.16,1271.391,,139.089,,3.219,43.473,,1393.789,14.745,19.735,,5.981,89.413,1773.101,,619.226,,65.644,27.523,5.234,89.464,1984.85,,658.737,,69.832,30.81,,,-14.127,-7.903,45.964,,16.728,,1.773,0.713,1.994,57.581,2944.737,,114.13,,1.967,84.069,,4358.179,12.099,45.71,69.762,22.232,,6.005,3.964,,,,2.357,,1.083,,6442.281,5.776,97.366,1938.886,,642.009,,68.059,30.096,65.214,0.02,0.052,,0.018,,0.002,0.001,-2.045,-0.042,1.524,,0.532,,0.056,0.024
South and Central America (EI),2006,,,,-4.076,-3.849,,90.597,,,,1.345,,15.998,38.604,,279.906,,35.678,8.552,49.409,,627.171,3.609,4.155,,988.512,14.674,4.568,294.312,,,4.756,211.998,,294.546,,4669.428,29.797,69.314,8.16,103.751,1375.143,,137.741,,8.916,124.276,,1518.065,13.934,20.413,,4.528,68.625,1841.726,,647.263,,65.479,27.339,4.053,82.315,2067.165,,693.115,,70.117,30.686,,,28.378,12.673,58.636,,21.475,,2.172,0.87,2.365,69.643,3014.379,,121.127,,1.925,83.893,,4442.072,12.253,44.746,73.979,23.594,,6.123,4.216,,,,2.387,,1.098,,6736.593,3.501,69.642,2008.529,,671.639,,67.945,29.815,-53.003,-0.028,0.024,,0.009,,0.001,0.0,45.367,0.678,2.202,,0.774,,0.078,0.033
South and Central America (EI),2007,,,,26.005,23.56,,114.157,,,,1.622,,7.118,19.923,,299.829,,38.721,4.233,26.549,,653.72,3.744,4.26,,1034.261,14.695,4.477,301.568,,,4.597,214.642,,313.566,,4884.07,30.318,69.394,2.638,36.28,1411.423,,140.007,,3.588,54.464,,1572.529,13.537,20.054,,3.425,51.181,1892.907,,669.435,,64.726,26.895,6.315,86.927,2154.092,,719.045,,69.523,30.606,,,-8.714,-5.444,53.192,,19.604,,1.895,0.756,5.256,158.439,3172.818,,134.837,,-1.863,-82.759,,4359.312,13.037,45.08,90.519,28.834,,22.211,16.54,,,,2.788,,1.286,,7038.162,6.738,92.371,2100.9,,699.441,,67.627,29.85,30.521,0.007,0.032,,0.011,,0.001,0.0,50.1,1.082,3.284,,1.161,,0.112,0.047
South and Central America (EI),2008,,,,35.247,40.237,,154.394,,,,2.147,,6.495,19.475,,319.305,,40.384,2.826,18.474,,672.194,3.767,4.441,,1072.018,14.91,2.159,151.984,,,1.871,91.385,,340.969,,4975.455,31.806,69.198,0.213,3.013,1414.436,,157.023,,0.403,6.334,,1578.863,14.647,19.672,,0.761,2.56,1895.467,,674.529,,62.921,26.362,6.168,60.599,2214.691,,730.202,,68.115,30.802,,,8.972,4.412,57.605,,21.363,,1.993,0.801,2.171,68.897,3241.715,,143.562,,1.608,70.106,,4429.419,13.392,45.086,102.488,32.624,,13.144,11.969,,,,3.043,,1.425,,7190.146,6.101,56.186,2157.086,,708.839,,66.122,30.001,35.901,0.011,0.043,,0.015,,0.001,0.001,43.822,1.41,4.694,,1.67,,0.156,0.065
South and Central America (EI),2009,,,,10.114,15.616,,170.01,,,,2.398,,-15.492,-49.466,,269.839,,38.922,-3.401,-22.858,,649.336,3.594,3.806,,1083.078,15.277,-1.402,-100.771,,,-3.317,-165.025,,330.625,,4810.43,30.526,67.854,-3.959,-55.995,1358.441,,146.247,,-3.531,-55.742,,1523.121,13.503,19.162,,2.537,36.092,1931.559,,691.643,,63.859,27.246,4.161,64.254,2278.945,,751.398,,69.376,32.146,,,-1.042,-0.952,56.653,,21.14,,1.952,0.799,-1.837,-59.565,3182.151,,145.457,,-0.78,-34.552,,4394.867,13.43,44.886,114.851,36.512,,11.919,12.363,,,,3.371,,1.62,,7089.375,4.29,65.206,2222.292,,730.258,,67.424,31.347,62.899,0.027,0.069,,0.025,,0.002,0.001,24.395,1.109,5.803,,2.078,,0.192,0.082
South and Central America (EI),2010,,,,10.161,17.276,,187.286,,,,2.513,,20.561,55.482,,325.32,,43.92,0.442,2.868,,652.204,3.851,4.365,,1140.503,15.303,5.129,363.604,,,6.528,314.039,,373.315,,5124.468,32.732,68.757,8.418,114.348,1472.789,,184.528,,5.325,81.11,,1604.231,16.18,19.761,,0.34,-5.323,1926.236,,693.994,,60.85,25.845,3.454,49.566,2328.511,,765.944,,67.158,31.243,,,2.806,1.232,57.885,,21.733,,1.906,0.777,4.532,144.208,3326.359,,144.867,,0.3,13.167,,4408.035,12.702,44.631,147.359,46.705,,27.916,32.508,,,,4.095,,1.977,,7452.979,3.469,48.334,2270.626,,744.211,,65.253,30.466,152.52,0.105,0.174,,0.063,,0.006,0.002,65.963,3.769,9.572,,3.449,,0.302,0.128
South and Central America (EI),2011,,,,-5.31,-9.944,,177.341,,,,2.301,,6.649,21.631,,346.952,,48.0,14.095,91.929,,744.133,4.064,4.502,,1181.21,15.329,3.394,252.972,,,2.946,150.955,,369.249,,5275.423,31.26,68.459,3.294,48.509,1521.298,,175.456,,2.281,36.591,,1640.822,14.854,19.742,,5.963,102.417,2028.652,,735.378,,62.256,26.326,3.648,102.016,2430.527,,810.666,,68.63,31.541,,,1.501,0.511,58.395,,22.059,,1.868,0.758,2.43,80.815,3407.174,,145.793,,0.742,32.725,,4440.759,12.343,44.215,153.842,48.772,,4.425,6.484,,,,4.129,,1.996,,7705.951,3.699,101.506,2372.132,,788.607,,66.763,30.783,111.321,0.192,0.366,,0.133,,0.011,0.005,25.4,2.358,11.93,,4.325,,0.366,0.155
South and Central America (EI),2012,,,,-1.977,-3.506,,173.836,,,,2.186,,5.231,18.148,,365.1,,56.638,3.905,29.06,,773.194,4.6,4.59,,1231.392,15.482,3.215,247.711,,,5.112,269.693,,422.497,,5545.116,34.31,69.718,6.349,96.591,1617.889,,212.775,,3.784,62.082,,1702.903,17.279,20.341,,-1.758,-47.738,1980.914,,722.451,,58.669,24.906,-0.656,-21.982,2408.546,,807.69,,65.592,30.282,,,1.727,0.649,59.044,,22.44,,1.822,0.742,4.548,154.954,3562.127,,153.083,,-0.742,-32.937,,4407.823,12.432,44.786,172.8,54.793,,12.345,18.958,,,,4.45,,2.173,,7953.662,-0.71,-22.63,2349.502,,785.25,,63.769,29.54,155.048,0.562,0.928,,0.338,,0.027,0.012,77.301,9.094,21.024,,7.667,,0.623,0.264
South and Central America (EI),2013,,,,15.806,27.476,,201.312,,,,2.477,,9.271,33.849,,398.949,,72.32,-1.766,-13.658,,759.535,5.693,4.909,,1270.264,15.631,2.175,173.0,,,3.452,191.444,,474.972,,5736.561,37.392,70.589,3.413,55.218,1673.107,,246.667,,2.045,34.833,,1737.736,19.419,20.588,,-3.142,-73.798,1907.116,,699.752,,55.087,23.467,1.425,-18.445,2390.101,,794.206,,62.523,29.411,,,-3.492,-2.405,56.639,,21.657,,1.705,0.697,2.874,102.377,3664.505,,155.985,,0.155,6.82,,4414.643,12.28,45.092,195.779,62.063,,13.268,22.979,,,,4.886,,2.409,,8126.662,1.541,-16.039,2333.462,,772.549,,60.818,28.714,57.281,0.523,1.45,,0.532,,0.042,0.018,33.06,6.782,27.806,,10.202,,0.803,0.342
South and Central America (EI),2014,,,,9.589,19.304,,220.615,,,,2.686,,4.891,19.511,,418.46,,74.665,4.969,37.738,,797.273,5.789,5.095,,1289.869,15.706,1.06,86.157,,,1.629,93.436,,500.787,,5829.996,38.825,70.987,3.169,53.02,1726.126,,263.514,,1.396,24.251,,1761.986,20.429,21.017,,-2.934,-67.035,1840.081,,679.223,,52.658,22.405,1.291,-7.279,2382.823,,787.756,,61.073,29.013,,,-3.529,-2.326,54.313,,20.892,,1.62,0.661,0.57,20.904,3685.409,,162.608,,3.549,156.677,,4571.319,12.607,44.874,214.346,67.905,,9.413,18.567,,,,5.264,,2.61,,8212.818,1.398,-4.953,2328.51,,766.864,,59.453,28.352,108.325,1.553,3.003,,1.109,,0.086,0.037,82.581,22.658,50.464,,18.628,,1.444,0.614
South and Central America (EI),2015,,,,15.552,34.311,,254.926,,,,3.107,,-1.555,-6.505,,411.955,,74.698,-4.917,-39.203,,758.071,5.749,5.022,,1299.23,15.837,-0.11,-8.997,,,-0.728,-42.459,,507.208,,5787.537,39.039,70.547,3.029,52.29,1778.417,,273.795,,1.347,23.742,,1785.729,21.074,21.678,,-2.36,-54.129,1785.952,,663.19,,51.045,21.77,3.73,33.462,2416.284,,791.056,,60.887,29.453,,,4.215,1.953,56.265,,21.773,,1.676,0.686,-2.394,-88.244,3597.165,,158.715,,4.476,204.597,,4775.917,12.216,43.847,226.685,71.761,,5.679,12.339,,,,5.523,,2.763,,8203.821,3.72,31.509,2360.019,,769.283,,59.211,28.767,157.348,4.68,7.683,,2.853,,0.22,0.094,68.992,34.309,84.772,,31.479,,2.423,1.033
South and Central America (EI),2016,,,,-7.18,-18.304,,236.623,,,,2.913,,-3.445,-14.193,,397.762,,77.459,4.039,30.62,,788.691,5.928,4.897,,1306.713,16.089,-0.997,-81.792,,,-2.632,-152.3,,477.649,,5635.237,36.553,69.382,-2.006,-35.683,1742.734,,258.51,,-0.341,-6.087,,1779.642,19.783,21.457,,2.448,32.896,1818.848,,679.426,,51.995,22.394,1.794,70.507,2486.792,,828.121,,63.374,30.618,,,10.913,5.771,62.037,,24.149,,1.848,0.764,-2.847,-102.424,3494.741,,141.68,,-4.743,-226.508,,4549.409,10.842,43.028,235.235,74.472,,3.778,8.55,,,,5.699,,2.896,,8122.029,1.6,64.736,2424.755,,803.971,,61.526,29.854,70.582,5.345,13.028,,4.867,,0.372,0.16,43.609,36.248,121.021,,45.207,,3.46,1.49
South and Central America (EI),2017,,,,2.975,7.039,,243.662,,,,2.972,,-2.504,-9.958,,387.804,,66.955,-1.71,-13.489,,775.202,5.128,4.73,,1305.709,15.925,0.948,77.004,,,-0.259,-14.605,,438.441,,5620.632,33.579,68.552,1.084,18.886,1761.62,,256.047,,1.851,32.95,,1812.592,19.61,21.486,,3.207,47.287,1866.135,,701.214,,53.704,22.76,4.01,91.609,2578.401,,863.775,,66.154,31.448,,,-9.616,-6.295,55.741,,21.827,,1.672,0.68,-0.673,-23.533,3471.208,,115.44,,-4.478,-203.729,,4345.679,8.841,42.337,243.156,76.965,,3.347,7.92,,,,5.894,,2.966,,8199.033,4.326,97.904,2522.659,,841.948,,64.482,30.768,56.413,7.23,20.257,,7.612,,0.583,0.247,24.221,28.428,149.449,,56.156,,4.301,1.823
South and Central America (EI),2018,,,,13.787,33.593,,277.256,,,,3.408,,-1.638,-6.351,,381.453,,67.588,-4.984,-38.639,,736.563,5.14,4.688,,1315.053,16.163,-0.767,-62.912,,,-3.197,-179.678,,412.77,,5440.954,31.388,66.874,-4.058,-71.492,1690.128,,243.194,,-3.059,-55.443,,1757.149,18.493,20.773,,2.289,31.55,1897.684,,717.264,,54.543,23.324,6.227,116.766,2695.167,,899.144,,68.373,33.126,,,3.293,1.499,57.24,,22.546,,1.714,0.704,-2.934,-101.834,3369.374,,101.987,,-8.488,-368.863,,3976.816,7.755,41.413,255.269,80.824,,5.014,12.113,,,,6.146,,3.137,,8136.121,6.286,115.268,2637.927,,876.598,,66.659,32.422,67.717,13.519,33.777,,12.766,,0.971,0.415,17.073,24.493,173.941,,65.744,,4.999,2.138
South and Central America (EI),2019,,,,9.562,26.513,,303.768,,,,3.769,,1.527,5.825,,387.278,,73.02,-2.227,-16.405,,720.158,5.48,4.806,,1332.531,16.535,-0.951,-77.388,,,-2.271,-123.556,,419.731,,5317.398,31.499,65.983,-3.628,-61.32,1628.808,,250.257,,-2.161,-37.969,,1719.18,18.781,20.212,,-1.636,-37.926,1859.759,,705.531,,52.947,23.078,3.143,46.168,2741.335,,909.611,,68.262,34.017,,,8.981,4.911,62.151,,24.571,,1.844,0.771,-2.02,-68.061,3301.313,,96.453,,-5.291,-210.395,,3766.422,7.238,40.966,258.327,81.888,,1.316,3.058,,,,6.145,,3.206,,8058.733,3.029,41.257,2679.184,,885.04,,66.418,33.246,47.501,15.861,49.637,,18.831,,1.413,0.616,19.845,33.751,207.692,,78.791,,5.913,2.577
South and Central America (EI),2020,,,,-9.452,-28.713,,275.055,,,,3.693,,-7.715,-29.877,,357.401,,70.451,-35.819,-257.954,,462.204,5.331,4.798,,1321.423,17.741,-7.573,-610.283,,,-11.24,-597.679,,400.355,,4719.719,30.297,63.365,-9.472,-154.286,1474.521,,243.233,,-9.523,-163.715,,1555.465,18.407,19.796,,-1.229,-29.602,1830.156,,696.86,,52.736,24.571,-1.68,-12.605,2728.73,,917.944,,69.466,36.635,,,-2.064,-1.507,60.645,,24.064,,1.821,0.814,-12.526,-413.516,2887.797,,86.671,,-5.541,-208.684,,3557.737,6.559,38.77,271.799,86.189,,5.253,13.471,,,,6.522,,3.649,,7448.45,-1.672,-11.098,2668.085,,893.881,,67.645,35.821,35.527,17.387,67.025,,25.521,,1.931,0.9,8.274,16.359,224.051,,85.311,,6.456,3.008
South and Central America (EI),2021,,,,0.149,0.409,,275.465,,,,3.427,,9.533,34.072,,391.473,,73.541,9.907,45.793,,507.997,5.333,4.871,,1378.931,17.156,7.907,588.917,,,12.565,593.019,,456.121,,5312.738,33.078,66.1,13.875,204.592,1679.113,,283.581,,1.248,19.407,,1574.872,20.565,20.891,,-4.034,-80.263,1749.894,,668.747,,48.497,21.772,0.199,-4.101,2724.629,,919.907,,66.712,33.9,,,3.369,1.814,62.458,,24.874,,1.804,0.777,12.271,354.355,3242.152,,98.998,,-0.444,-15.793,,3541.944,7.179,40.338,263.142,83.483,,-3.14,-8.656,,,,6.054,,3.274,,8037.367,0.134,-5.915,2662.17,,895.033,,64.908,33.122,43.317,28.681,95.706,,36.575,,2.652,1.191,24.519,53.913,277.964,,106.228,,7.704,3.458
South and Central America (EI),2022,,,,0.657,1.81,,277.274,,,,3.315,,-15.88,-62.167,,329.306,,56.619,-3.037,-15.429,,492.568,4.014,3.938,,1410.411,16.864,4.055,325.937,,,1.327,70.488,,386.288,,5383.227,27.388,64.367,-3.682,-61.827,1617.286,,236.543,,2.896,45.605,,1620.477,16.771,19.338,,11.588,195.661,1945.554,,746.242,,52.91,23.263,8.613,255.448,2980.077,,1021.053,,72.394,35.633,,,-11.442,-7.348,55.11,,22.028,,1.562,0.659,5.999,194.483,3436.634,,93.126,,7.201,255.067,,3797.011,6.603,41.092,250.741,79.643,,-4.6,-12.402,,,,5.647,,2.998,,8363.304,9.039,262.796,2924.967,,999.024,,70.832,34.974,49.773,47.113,142.819,,54.78,,3.884,1.708,11.42,30.615,308.579,,118.359,,8.392,3.69
Spain,1900,ESP,18592411.0,49682616320.0,,,,,,,,,,,,,,,,,,957.872,17.809,,,,,,,,,,,,,,,,,,,,,,,,,,0.0,0.0,,,,,,,,,,,,,,,,,,,,,,,,,,,,,,,,,,,,,,0.0,0.0,,,,,,,,,,,,,,,,,,,,,,,,,,,,,,,,,,,,,,,
Spain,1901,ESP,18701066.0,53831213056.0,,,,,,,,,,,,,,,,2.738,0.488,978.385,18.297,,,,,,,,,,,,,,,,,,,,,,,,,0.0,0.0,0.0,,,,,,,,,,,,,,,,,,,,,,,,,,,,,,,,,,,,,0.0,0.0,0.0,,,,,,,,,,,,,,,,,,,,,,,,,,,,,,,,,,,,,,,
Spain,1902,ESP,18818864.0,51479121920.0,,,,,,,,,,,,,,,,2.096,0.383,992.636,18.68,,,,,,,,,,,,,,,,,,,,,,,,,0.0,0.0,0.0,,,,,,,,,,,,,,,,,,,,,,,,,,,,,,,,,,,,,0.0,0.0,0.0,,,,,,,,,,,,,,,,,,,,,,,,,,,,,,,,,,,,,,,
Spain,1903,ESP,18945905.0,51327246336.0,,,,,,,,,,,,,,,,-0.142,-0.026,984.583,18.654,,,,,,,,,,,,,,,,,,,,,,,,,0.0,0.0,0.0,,,,,,,,,,,,,,,,,,,,,,,,,,,,,,,,,,,,,0.0,0.0,0.0,,,,,,,,,,,,,,,,,,,,,,,,,,,,,,,,,,,,,,,
Spain,1904,ESP,19073803.0,50673000448.0,,,,,,,,,,,,,,,,11.478,2.141,1090.234,20.795,,,,,,,,,,,,,,,,,,,,,,,,,0.0,0.0,0.0,,,,,,,,,,,,,,,,,,,,,,,,,,,,,,,,,,,,,0.0,0.0,0.0,,,,,,,,,,,,,,,,,,,,,,,,,,,,,,,,,,,,,,,
Spain,1905,ESP,19202565.0,50166726656.0,,,,,,,,,,,,,,,,8.131,1.691,1170.976,22.486,,,,,,,,,,,,,,,,,,,,,,,,,0.0,0.0,0.0,,,,,,,,,,,,,,,,,,,,,,,,,,,,,,,,,,,,,0.0,0.0,0.0,,,,,,,,,,,,,,,,,,,,,,,,,,,,,,,,,,,,,,,
Spain,1906,ESP,19332196.0,53601898496.0,,,,,,,,,,,,,,,,0.827,0.186,1172.739,22.672,,,,,,,,,,,,,,,,,,,,,,,,,0.0,0.0,0.0,,,,,,,,,,,,,,,,,,,,,,,,,,,,,,,,,,,,,0.0,0.0,0.0,,,,,,,,,,,,,,,,,,,,,,,,,,,,,,,,,,,,,,,
Spain,1907,ESP,19462702.0,55004598272.0,,,,,,,,,,,,,,,,14.317,3.246,1331.646,25.917,,,,,,,,,,,,,,,,,,,,,,,,,0.0,0.0,0.0,,,,,,,,,,,,,,,,,,,,,,,,,,,,,,,,,,,,,0.0,0.0,0.0,,,,,,,,,,,,,,,,,,,,,,,,,,,,,,,,,,,,,,,
Spain,1908,ESP,19594089.0,57129443328.0,,,,,,,,,,,,,,,,6.022,1.561,1402.368,27.478,,,,,,,,,,,,,,,,,,,,,,,,,0.0,0.0,0.0,,,,,,,,,,,,,,,,,,,,,,,,,,,,,,,,,,,,,0.0,0.0,0.0,,,,,,,,,,,,,,,,,,,,,,,,,,,,,,,,,,,,,,,
Spain,1909,ESP,19726214.0,58729136128.0,,,,,,,,,,,,,,,,0.512,0.141,1400.112,27.619,,,,,,,,,,,,,,,,,,,,,,,,,0.0,0.0,0.0,,,,,,,,,,,,,,,,,,,,,,,,,,,,,,,,,,,,,0.0,0.0,0.0,,,,,,,,,,,,,,,,,,,,,,,,,,,,,,,,,,,,,,,
Spain,1910,ESP,19859082.0,56059133952.0,,,,,,,,,,,,,,,,-1.92,-0.53,1364.046,27.089,,,,,,,,,,,,,,,,,,,,,,,,,0.0,0.0,0.0,,,,,,,,,,,,,,,,,,,,,,,,,,,,,,,,,,,,,0.0,0.0,0.0,,,,,,,,,,,,,,,,,,,,,,,,,,,,,,,,,,,,,,,
Spain,1911,ESP,19992695.0,60521836544.0,,,,,,,,,,,,,,,,-3.463,-0.938,1308.005,26.151,,,,,,,,,,,,,,,,,,,,,,,,,0.0,0.0,0.0,,,,,,,,,,,,,,,,,,,,,,,,,,,,,,,,,,,,,0.0,0.0,0.0,,,,,,,,,,,,,,,,,,,,,,,,,,,,,,,,,,,,,,,
Spain,1912,ESP,20127058.0,58673119232.0,,,,,,,,,,,,,,,,5.664,1.481,1372.858,27.632,,,,,,,,,,,,,,,,,,,,,,,,,0.0,0.0,0.0,,,,,,,,,,,,,,,,,,,,,,,,,,,,,,,,,,,,,0.0,0.0,0.0,,,,,,,,,,,,,,,,,,,,,,,,,,,,,,,,,,,,,,,
Spain,1913,ESP,20262175.0,62146621440.0,,,,,,,,,,,,,,,,2.672,0.738,1400.147,28.37,,,,,,,,,,,,,,,,,,,,,,,,,0.0,0.0,0.0,,,,,,,,,,,,,,,,,,,,,,,,,,,,,,,,,,,,,0.0,0.0,0.0,,,,,,,,,,,,,,,,,,,,,,,,,,,,,,,,,,,,,,,
Spain,1914,ESP,20398200.0,60418875392.0,,,,,,,,,,,,,,,,4.149,1.177,1448.516,29.547,,,,,,,,,,,,,,,,,,,,,,,,,0.0,0.0,0.0,,,,,,,,,,,,,,,,,,,,,,,,,,,,,,,,,,,,,0.0,0.0,0.0,,,,,,,,,,,,,,,,,,,,,,,,,,,,,,,,,,,,,,,
Spain,1915,ESP,20535137.0,61050556416.0,,,,,,,,,,,,,,,,5.989,1.77,1525.035,31.317,,,,,,,,,,,,,,,,,,,,,,,,,0.0,0.0,0.0,,,,,,,,,,,,,,,,,,,,,,,,,,,,,,,,,,,,,0.0,0.0,0.0,,,,,,,,,,,,,,,,,,,,,,,,,,,,,,,,,,,,,,,
Spain,1916,ESP,20672994.0,63590146048.0,,,,,,,,,,,,,,,,19.419,6.081,1809.041,37.398,,,,,,,,,,,,,,,,,,,,,,,,,0.0,0.0,0.0,,,,,,,,,,,,,,,,,,,,,,,,,,,,,,,,,,,,,0.0,0.0,0.0,,,,,,,,,,,,,,,,,,,,,,,,,,,,,,,,,,,,,,,
Spain,1917,ESP,20811776.0,62724354048.0,,,,,,,,,,,,,,,,7.675,2.87,1934.893,40.269,,,,,,,,,,,,,,,,,,,,,,,,,0.0,0.0,0.0,,,,,,,,,,,,,,,,,,,,,,,,,,,,,,,,,,,,,0.0,0.0,0.0,,,,,,,,,,,,,,,,,,,,,,,,,,,,,,,,,,,,,,,
Spain,1918,ESP,20951479.0,62410051584.0,,,,,,,,,,,,,,,,20.462,8.24,2315.262,48.508,,,,,,,,,,,,,,,,,,,,,,,,,0.0,0.0,0.0,,,,,,,,,,,,,,,,,,,,,,,,,,,,,,,,,,,,,0.0,0.0,0.0,,,,,,,,,,,,,,,,,,,,,,,,,,,,,,,,,,,,,,,
Spain,1919,ESP,21105927.0,63779184640.0,,,,,,,,,,,,,,,,-13.053,-6.332,1998.329,42.177,,,,,,,,,,,,,,,,,,,,,,,,,0.0,0.0,0.0,,,,,,,,,,,,,,,,,,,,,,,,,,,,,,,,,,,,,0.0,0.0,0.0,,,,,,,,,,,,,,,,,,,,,,,,,,,,,,,,,,,,,,,
Spain,1920,ESP,21275357.0,68876607488.0,,,,,,,,,,,,,,,,-5.179,-2.184,1879.743,39.992,,,,,,,,,,,,,,,,,,,,,,,,,0.0,0.0,0.0,,,,,,,,,,,,,,,,,,,,,,,,,,,,,,,,,,,,,0.0,0.0,0.0,,,,,,,,,,,,,,,,,,,,,,,,,,,,,,,,,,,,,,,
Spain,1921,ESP,21460007.0,71127343104.0,,,,,,,,,,,,,,,,-9.38,-3.751,1688.765,36.241,,,,,,,,,,,,,,,,,,,,,,,,,0.0,0.0,0.0,,,,,,,,,,,,,,,,,,,,,,,,,,,,,,,,,,,,,0.0,0.0,0.0,,,,,,,,,,,,,,,,,,,,,,,,,,,,,,,,,,,,,,,
Spain,1922,ESP,21660122.0,74119159808.0,,,,,,,,,,,,,,,,-12.155,-4.405,1469.782,31.836,,,,,,,,,,,,,,,,,,,,,,,,,0.481,22.214,0.481,,,,,,,,,,,,,,,,,,,,,,,,,,,,,,,,,,,,,0.0,0.0,0.0,,,,,,,,,,,,,,,,,,,,,,,,,,,,,,,,,,,,,,,
Spain,1923,ESP,21875945.0,75000750080.0,,,,,,,,,,,,,,,,33.48,10.659,1942.511,42.494,,,,,,,,,,,,,,,,,,,,,,,,18.333,0.088,26.027,0.569,,,,,,,,,,,,,,,,,,,,,,,,,,,,,,,,,,,,,0.0,0.0,0.0,,,,,,,,,,,,,,,,,,,,,,,,,,,,,,,,,,,,,,,
Spain,1924,ESP,22093919.0,77638737920.0,,,,,,,,,,,,,,,,2.745,1.166,1976.143,43.661,,,,,,,,,,,,,,,,,,,,,,,,15.493,0.088,29.763,0.658,,,,,,,,,,,,,,,,,,,,,,,,,,,,,,,,,,,,,0.0,0.0,0.0,,,,,,,,,,,,,,,,,,,,,,,,,,,,,,,,,,,,,,,
Spain,1925,ESP,22314065.0,83037700096.0,,,,,,,,,,,,,,,,-0.302,-0.132,1950.728,43.529,,,,,,,,,,,,,,,,,,,,,,,,13.415,0.088,33.422,0.746,,,,,,,,,,,,,,,,,,,,,,,,,,,,,,,,,,,,,0.0,0.0,0.0,,,,,,,,,,,,,,,,,,,,,,,,,,,,,,,,,,,,,,,
Spain,1926,ESP,22536404.0,82190696448.0,,,,,,,,,,,,,,,,6.336,2.758,2053.868,46.287,,,,,,,,,,,,,,,,,,,,,,,,11.828,0.088,37.007,0.834,,,,,,,,,,,,,,,,,,,,,,,,,,,,,,,,,,,,,0.0,0.0,0.0,,,,,,,,,,,,,,,,,,,,,,,,,,,,,,,,,,,,,,,
Spain,1927,ESP,22760959.0,90055376896.0,,,,,,,,,,,,,,,,0.846,0.392,2050.809,46.678,,,,,,,,,,,,,,,,,,,,,,,,10.577,0.088,40.517,0.922,,,,,,,,,,,,,,,,,,,,,,,,,,,,,,,,,,,,,0.0,0.0,0.0,,,,,,,,,,,,,,,,,,,,,,,,,,,,,,,,,,,,,,,
Spain,1928,ESP,22987751.0,89771139072.0,,,,,,,,,,,,,,,,-2.839,-1.325,1972.936,45.353,,,,,,,,,,,,,,,,,,,,,,,,9.565,0.088,43.955,1.01,,,,,,,,,,,,,,,,,,,,,,,,,,,,,,,,,,,,,0.0,0.0,0.0,,,,,,,,,,,,,,,,,,,,,,,,,,,,,,,,,,,,,,,
Spain,1929,ESP,23214389.0,96855326720.0,,,,,,,,,,,,,,,,11.054,5.013,2169.635,50.367,,,,,,,,,,,,,,,,,,,,,,,,8.995,0.091,47.44,1.101,,,,,,,,,,,,,,,,,,,,,,,,,,,,,,,,,,,,,0.0,0.0,0.0,,,,,,,,,,,,,,,,,,,,,,,,,,,,,,,,,,,,,,,
Spain,1930,ESP,23440849.0,91974737920.0,,,,,,,,,,,,,,,,-0.595,-0.299,2135.901,50.067,,,,,,,,,,,,,,,,,,,,,,,,8.252,0.091,50.859,1.192,,,,,,,,,,,,,,,,,,,,,,,,,,,,,,,,,,,,,0.0,0.0,0.0,,,,,,,,,,,,,,,,,,,,,,,,,,,,,,,,,,,,,,,
Spain,1931,ESP,23667105.0,89657221120.0,,,,,,,,,,,,,,,,-1.07,-0.536,2092.85,49.532,,,,,,,,,,,,,,,,,,,,,,,,7.623,0.091,54.213,1.283,,,,,,,,,,,,,,,,,,,,,,,,,,,,,,,,,,,,,0.0,0.0,0.0,,,,,,,,,,,,,,,,,,,,,,,,,,,,,,,,,,,,,,,
Spain,1932,ESP,23893132.0,92146835456.0,,,,,,,,,,,,,,,,-3.248,-1.609,2005.711,47.923,,,,,,,,,,,,,,,,,,,,,,,,7.083,0.091,57.504,1.374,,,,,,,,,,,,,,,,,,,,,,,,,,,,,,,,,,,,,0.0,0.0,0.0,,,,,,,,,,,,,,,,,,,,,,,,,,,,,,,,,,,,,,,
Spain,1933,ESP,24118905.0,89010176000.0,,,,,,,,,,,,,,,,-12.357,-5.922,1741.41,42.001,,,,,,,,,,,,,,,,,,,,,,,,6.615,0.091,60.734,1.465,,,,,,,,,,,,,,,,,,,,,,,,,,,,,,,,,,,,,0.0,0.0,0.0,,,,,,,,,,,,,,,,,,,,,,,,,,,,,,,,,,,,,,,
Spain,1934,ESP,24346811.0,92112265216.0,,,,,,,,,,,,,,,,-1.093,-0.459,1706.25,41.542,,,,,,,,,,,,,,,,,,,,,,,,6.204,0.091,63.898,1.556,,,,,,,,,,,,,,,,,,,,,,,,,,,,,,,,,,,,,0.0,0.0,0.0,,,,,,,,,,,,,,,,,,,,,,,,,,,,,,,,,,,,,,,
Spain,1935,ESP,24576871.0,93547675648.0,,,,,,,,,,,,,,,,16.582,6.888,1970.561,48.43,,,,,,,,,,,,,,,,,,,,,,,,5.842,0.091,66.998,1.647,,,,,,,,,,,,,,,,,,,,,,,,,,,,,,,,,,,,,0.0,0.0,0.0,,,,,,,,,,,,,,,,,,,,,,,,,,,,,,,,,,,,,,,
Spain,1936,ESP,24809105.0,71353556992.0,,,,,,,,,,,,,,,,-52.173,-25.268,933.634,23.163,,,,,,,,,,,,,,,,,,,,,,,,5.519,0.091,70.034,1.737,,,,,,,,,,,,,,,,,,,,,,,,,,,,,,,,,,,,,0.0,0.0,0.0,,,,,,,,,,,,,,,,,,,,,,,,,,,,,,,,,,,,,,,
Spain,1937,ESP,25043533.0,66464120832.0,,,,,,,,,,,,,,,,-33.746,-7.817,612.776,15.346,,,,,,,,,,,,,,,,,,,,,,,,5.231,0.091,73.008,1.828,,,,,,,,,,,,,,,,,,,,,,,,,,,,,,,,,,,,,0.0,0.0,0.0,,,,,,,,,,,,,,,,,,,,,,,,,,,,,,,,,,,,,,,
Spain,1938,ESP,25280177.0,66635444224.0,,,,,,,,,,,,,,,,152.092,23.34,1530.298,38.686,,,,,,,,,,,,,,,,,,,,,,,,3.582,0.065,74.915,1.894,,,,,,,,,,,,,,,,,,,,,,,,,,,,,,,,,,,,,0.0,0.0,0.0,,,,,,,,,,,,,,,,,,,,,,,,,,,,,,,,,,,,,,,
Spain,1939,ESP,25514739.0,73616547840.0,,,,,,,,,,,,,,,,16.959,6.561,1773.364,45.247,,,,,,,,,,,,,,,,,,,,,,,,3.458,0.065,76.793,1.959,,,,,,,,,,,,,,,,,,,,,,,,,,,,,,,,,,,,,0.0,0.0,0.0,,,,,,,,,,,,,,,,,,,,,,,,,,,,,,,,,,,,,,,
Spain,1940,ESP,25747164.0,81649688576.0,,,,,,,,,,,,,,,,39.119,17.7,2444.816,62.947,,,,,,,,,,,,,,,,,,,,,,,,3.342,0.065,78.643,2.025,,,,,,,,,,,,,,,,,,,,,,,,,,,,,,,,,,,,,0.0,0.0,0.0,,,,,,,,,,,,,,,,,,,,,,,,,,,,,,,,,,,,,,,
Spain,1941,ESP,25977393.0,82898984960.0,,,,,,,,,,,,,,,,1.555,0.979,2460.832,63.926,,,,,,,,,,,,,,,,,,,,,,,,3.234,0.065,80.467,2.09,,,,,,,,,,,,,,,,,,,,,,,,,,,,,,,,,,,,,0.0,0.0,0.0,,,,,,,,,,,,,,,,,,,,,,,,,,,,,,,,,,,,,,,
Spain,1942,ESP,26205369.0,88861704192.0,,,,,,,,,,,,,,,,8.713,5.57,2651.974,69.496,,,,,,,,,,,,,,,,,,,,,,,,3.133,0.065,82.267,2.156,,,,,,,,,,,,,,,,,,,,,,,,,,,,,,,,,,,,,0.0,0.0,0.0,,,,,,,,,,,,,,,,,,,,,,,,,,,,,,,,,,,,,,,
Spain,1943,ESP,26431030.0,93700235264.0,,,,,,,,,,,,,,,,3.242,2.253,2714.582,71.749,,,,,,,,,,,,,,,,,,,,,,,,3.038,0.065,84.042,2.221,,,,,,,,,,,,,,,,,,,,,,,,,,,,,,,,,,,,,0.0,0.0,0.0,,,,,,,,,,,,,,,,,,,,,,,,,,,,,,,,,,,,,,,
Spain,1944,ESP,26658635.0,97759543296.0,,,,,,,,,,,,,,,,9.183,6.589,2938.561,78.338,,,,,,,,,,,,,,,,,,,,,,,,2.948,0.065,85.781,2.287,,,,,,,,,,,,,,,,,,,,,,,,,,,,,,,,,,,,,0.0,0.0,0.0,,,,,,,,,,,,,,,,,,,,,,,,,,,,,,,,,,,,,,,
Spain,1945,ESP,26888200.0,89974317056.0,,,,,,,,,,,,,,,,3.489,2.734,3015.135,81.072,,,,,,,,,,,,,,,,,,,,,,,,2.864,0.065,87.484,2.352,,,,,,,,,,,,,,,,,,,,,,,,,,,,,,,,,,,,,0.0,0.0,0.0,,,,,,,,,,,,,,,,,,,,,,,,,,,,,,,,,,,,,,,
Spain,1946,ESP,27119742.0,93812678656.0,,,,,,,,,,,,,,,,-0.52,-0.421,2973.855,80.65,,,,,,,,,,,,,,,,,,,,,,,,2.784,0.065,89.152,2.418,,,,,,,,,,,,,,,,,,,,,,,,,,,,,,,,,,,,,0.0,0.0,0.0,,,,,,,,,,,,,,,,,,,,,,,,,,,,,,,,,,,,,,,
Spain,1947,ESP,27353278.0,95634399232.0,,,,,,,,,,,,,,,,-2.165,-1.746,2884.637,78.904,,,,,,,,,,,,,,,,,,,,,,,,6.468,0.156,94.108,2.574,,,,,,,,,,,,,,,,,,,,,,,,,,,,,,,,,,,,,0.0,0.0,0.0,,,,,,,,,,,,,,,,,,,,,,,,,,,,,,,,,,,,,,,
Spain,1948,ESP,27588824.0,95425888256.0,,,,,,,,,,,,,,,,-0.081,-0.064,2857.694,78.84,,,,,,,,,,,,,,,,,,,,,,,,9.346,0.241,102.024,2.815,,,,,,,,,,,,,,,,,,,,,,,,,,,,,,,,,,,,,0.0,0.0,0.0,,,,,,,,,,,,,,,,,,,,,,,,,,,,,,,,,,,,,,,
Spain,1949,ESP,27827617.0,94981185536.0,,,,,,,,,,,,,,,,1.844,1.454,2885.426,80.295,,,,,,,,,,,,,,,,,,,,,,,,9.402,0.265,110.659,3.079,,,,,,,,,,,,,,,,,,,,,,,,,,,,,,,,,,,,,0.0,0.0,0.0,,,,,,,,,,,,,,,,,,,,,,,,,,,,,,,,,,,,,,,
Spain,1950,ESP,28069696.0,97210105856.0,,,,,,,,,,,,,,,,3.449,2.769,2959.205,83.064,,,,,,,,,,,,,,,,,,,,,,,,4.297,0.132,114.418,3.212,,,,,,,,,,,,,,,,,,,,,,,,,,,,,,,,,,,,,0.012,0.414,0.012,,,,,,,,,,,,,,,,,,,,,,,,,,,,,,,,,,,,,,,
Spain,1951,ESP,28207082.0,107249459200.0,,,,,,,,,,,,,,,,3.735,3.102,3054.779,86.166,,,,,,,,,,,,,,,,,,,,,,,,3.371,0.108,117.699,3.32,,,,,,,,,,,,,,,,,,,,,,,,,,,,,,,,,,,,0.0,0.0,0.412,0.012,,,,,,,,,,,,,,,,,,,,,,,,,,,,,,,,,,,,,,,
Spain,1952,ESP,28404774.0,117197217792.0,,,,,,,,,,,,,,,,6.375,5.493,3226.919,91.66,,,,,,,,,,,,,,,,,,,,,,,,9.058,0.301,127.467,3.621,,,,,,,,,,,,,,,,,,,,,,,,,,,,,,,,,,,,700.0,0.081,3.276,0.093,,,,,,,,,,,,,,,,,,,,,,,,,,,,,,,,,,,,,,,
Spain,1953,ESP,28633540.0,117117583360.0,,,,,,,,,,,,,,,,2.529,2.318,3282.081,93.978,,,,,,,,,,,,,,,,,,,,,,,,5.98,0.217,134.01,3.837,,,,,,,,,,,,,,,,,,,,,,,,,,,,,,,,,,,,87.5,0.081,6.093,0.174,,,,,,,,,,,,,,,,,,,,,,,,,,,,,,,,,,,,,,,
Spain,1954,ESP,28862382.0,125773463552.0,,,,,,,,,,,,,,,,1.168,1.098,3294.098,95.076,,,,,,,,,,,,,,,,,,,,,,,,0.94,0.036,134.198,3.873,,,,,,,,,,,,,,,,,,,,,,,,,,,,,,,,,,,,46.667,0.081,8.865,0.256,,,,,,,,,,,,,,,,,,,,,,,,,,,,,,,,,,,,,,,
Spain,1955,ESP,29095376.0,130233868288.0,,,,,,,,,,,,,,,,0.756,0.719,3292.426,95.794,,,,,,,,,,,,,,,,,,,,,,,,-1.863,-0.072,130.643,3.801,,,,,,,,,,,,,,,,,,,,,,,,,,,,,,,,,,,,59.091,0.151,13.99,0.407,,,,,,,,,,,,,,,,,,,,,,,,,,,,,,,,,,,,,,,
Spain,1956,ESP,29329782.0,141062930432.0,,,,,,,,,,,,,,,,3.759,3.601,3388.896,99.396,,,,,,,,,,,,,,,,,,,,,,,,5.696,0.217,136.981,4.018,,,,,,,,,,,,,,,,,,,,,,,,,,,,,,,,,,,,68.571,0.279,23.395,0.686,,,,,,,,,,,,,,,,,,,,,,,,,,,,,,,,,,,,,,,
Spain,1957,ESP,29577444.0,146223906816.0,,,,,,,,,,,,,,,,11.5,11.43,3746.975,110.826,,,,,,,,,,,,,,,,,,,,,,,,5.09,0.204,142.747,4.222,,,,,,,,,,,,,,,,,,,,,,,,,,,,,,,,,,,,22.034,0.151,28.311,0.837,,,,,,,,,,,,,,,,,,,,,,,,,,,,,,,,,,,,,,,
Spain,1958,ESP,29857444.0,155829633024.0,,,,,,,,,,,,,,,,4.091,4.534,3863.7,115.36,,,,,,,,,,,,,,,,,,,,,,,,3.419,0.144,146.243,4.366,,,,,,,,,,,,,,,,,,,,,,,,,,,,,,,,,,,,0.0,0.0,28.045,0.837,,,,,,,,,,,,,,,,,,,,,,,,,,,,,,,,,,,,,,,
Spain,1959,ESP,30150510.0,154446086144.0,,,,,,,,,,,,,,,,-8.813,-10.167,3488.936,105.193,,,,,,,,,,,,,,,,,,,,,,,,3.03,0.132,149.21,4.499,,,,,,,,,,,,,,,,,,,,,,,,,,,,,,,,,,,,-13.889,-0.116,23.915,0.721,,,,,,,,,,,,,,,,,,,,,,,,,,,,,,,,,,,,,,,
Spain,1960,ESP,30415594.0,154339655680.0,,,,,,,,,,,,,,,,-0.834,-0.877,3429.688,104.316,,,,,,,,,,,,,,,,,,,,,,,,2.674,0.12,151.865,4.619,,,,,,,,,,,,,,,,,,,,,,,,,,,,,,,,,,,,3.226,0.023,24.472,0.744,,,,,,,,,,,,,,,,,,,,,,,,,,,,,,,,,,,,,,,
Spain,1961,ESP,30711868.0,172660047872.0,,,,,,,,,,,,,,,,40.534,42.284,4773.388,146.6,,,,,,,,,,,,,,,,,,,,,,,,0.26,0.012,150.791,4.631,,,,,,,,,,,,,,,,,,,,,,,,,,,,,,,,,,,,1.562,0.012,24.614,0.756,,,,,,,,,,,,,,,,,,,,,,,,,,,,,,,,,,,,,,,
Spain,1962,ESP,31052630.0,189534486528.0,,,,,,,,,,,,,,,,-30.151,-44.201,3297.589,102.399,,,,,,,,,,,,,,,,,,,,,,,,4.416,0.204,155.722,4.836,,,,,,,,,,,,,,,,,,,,,,,,,,,,,,,,,,,,0.0,0.0,24.344,0.756,,,,,,,,,,,,,,,,,,,,,,,,,,,,,,,,,,,,,,,
Spain,1963,ESP,31388554.0,208662675456.0,,,,,,,,,,,,,,,,2.115,2.165,3331.284,104.564,,,,,,,,,,,,,,,,,,,,,,,,0.249,0.012,154.438,4.848,,,,,,,,,,,,,,,,,,,,,,,,,,,,,,,,,,,,0.0,0.0,24.084,0.756,,,,,,,,,,,,,,,,,,,,,,,,,,,,,,,,,,,,,,,
Spain,1964,ESP,31747644.0,220440281088.0,,,,,,,,,,,,,,,,-4.427,-4.629,3147.795,99.935,,,,,,,,,,,,,,,,,,,,,,,,0.0,0.0,152.692,4.848,,,,,,,,,,,,,,,,,,,,,,,,,,,,,,,,,,,,0.0,0.0,23.811,0.756,,,,,,,,,,,,,,,,,,,,,,,,,,,,,,,,,,,,,,,
Spain,1965,ESP,32112016.0,238067073024.0,,,,,,,,,,,,3513.046,112.811,,,6.194,6.19,3304.852,106.125,,,,,,,,10507.177,1.417,,,,,,,,,,,,,,,6.452,0.313,160.698,5.16,,,,,,58.214,613.073,19.687,1812.849,,,,,58.214,613.073,19.687,1812.849,,,,,,,0.0,0.0,0.0,0.0,,,,,166.381,,,5181.281,7.692,0.058,25.352,0.814,,,0.0,0.0,,,,0.0,,0.0,,,,,337.407,,,58.214,613.073,19.687,1812.849,,,,,0.0,0.0,0.0,0.0,,,,,0.0,0.0,0.0,0.0,,
Spain,1966,ESP,32462272.0,255754010624.0,,,,,,,,,,-7.485,-8.443,3215.043,104.368,,,-1.256,-1.333,3228.118,104.792,,,,,,13.158,44.396,11761.427,1.493,,,,,,,,,,,,,,,9.79,0.505,174.527,5.666,,,,38.457,22.387,80.602,839.682,27.258,2482.932,,,38.457,22.387,80.602,839.682,27.258,2482.932,,,,,,0.0,0.0,0.0,0.0,0.0,,,18.303,30.452,196.833,,,6063.452,7.143,0.058,26.87,0.872,,,0.0,0.0,,,0.0,0.0,,0.0,,,,,381.803,38.457,22.387,80.602,839.682,27.258,2482.932,,,,0.0,0.0,0.0,0.0,0.0,,,,0.0,0.0,0.0,0.0,0.0,,
Spain,1967,ESP,32814224.0,269865009152.0,,,,,,,,,,1.627,1.698,3232.305,106.066,,,-3.139,-3.29,3093.247,101.502,,,,,,7.789,29.74,12541.579,1.525,,,,,,,,,,,,,,,14.437,0.818,197.582,6.484,,,,-16.879,-13.605,66.997,690.463,22.657,2041.691,,,-16.879,-13.605,66.997,690.463,22.657,2041.691,,,,,,0.0,0.0,0.0,0.0,0.0,,,21.158,41.647,238.48,,,7267.583,12.0,0.105,29.771,0.977,,,0.0,0.0,,,0.0,0.0,,0.0,,,,,411.542,-16.879,-13.605,66.997,690.463,22.657,2041.691,,,,0.0,0.0,0.0,0.0,0.0,,,,0.0,0.0,0.0,0.0,0.0,,
Spain,1968,ESP,33157582.0,286057431040.0,,,,,,,,,,1.228,1.303,3238.118,107.368,,,0.913,0.926,3089.15,102.429,,,,,,5.219,21.477,13059.436,1.514,,,,,,,,,,,,,,,17.069,1.107,228.912,7.59,,,,7.64,5.119,72.115,735.518,24.388,2174.919,,,8.006,5.354,72.351,738.021,24.471,2182.022,,,,,,0.236,0.236,2.503,0.083,7.103,,,6.215,14.82,253.301,,,7639.296,51.19,0.5,44.545,1.477,,,0.0,0.0,,,0.0,0.0,,0.0,,,,,433.019,7.64,5.119,72.115,735.518,24.388,2174.919,,,,0.0,0.0,0.0,0.0,0.0,,,,0.0,0.0,0.0,0.0,0.0,,
Spain,1969,ESP,33480508.0,312399527936.0,,,,,,,,,,0.628,0.675,3227.033,108.043,,,-5.151,-5.276,2901.776,97.153,,22.04,,,,13.207,57.189,14641.602,1.569,,,,,11868.494,397.363,,81.06,,,0.939,,,28.055,12.52,0.95,255.087,8.54,,0.192,,25.484,18.378,90.493,914.054,30.603,2702.848,,18.46,28.446,20.494,92.845,938.815,31.432,2773.107,,18.94,,,898.795,2.117,2.352,24.761,0.829,70.259,,0.48,13.849,35.081,288.381,,,8613.406,49.606,0.733,66.0,2.21,,58.828,0.0,0.0,,,0.0,0.0,,0.0,,,0.0,,490.208,25.484,18.378,90.493,914.054,30.603,2702.848,,18.46,,0.0,0.0,0.0,0.0,0.0,,0.0,,0.0,0.0,0.0,0.0,0.0,,0.0
Spain,1970,ESP,33792624.0,322199191552.0,,,,,,,,,,5.64,6.094,3377.566,114.137,,,1.523,1.48,2918.77,98.633,,21.586,,,,7.864,38.552,15647.218,1.641,11.704,46.507,,,13135.114,443.87,,83.945,-20.43,-0.192,0.747,,,22.117,5.634,0.481,266.969,9.022,,0.141,,-9.251,-8.371,82.122,821.836,27.772,2430.161,,15.531,-8.558,-7.954,84.891,850.541,28.742,2512.103,,16.055,,,11.339,0.267,2.619,27.314,0.923,77.503,,0.495,14.08,40.605,328.986,,,9735.431,-20.526,-0.454,51.968,1.756,,62.218,0.15,0.047,,,0.15,1.391,,4.44,,,0.028,,528.761,-9.097,-8.221,82.272,823.227,27.819,2434.6,,15.559,,0.0,0.0,0.0,0.0,0.0,,0.0,,0.0,0.0,0.0,0.0,0.0,,0.0
Spain,1971,ESP,34133624.0,338325897216.0,,,,,,,,,,0.499,0.57,3360.519,114.707,,,-5.313,-5.241,2736.08,93.392,,19.702,,,,10.107,53.44,17056.516,1.721,8.319,36.926,,,14085.702,480.796,,82.583,432.432,3.232,3.979,,,116.583,-96.533,-8.709,9.162,0.313,,0.684,,14.561,11.958,94.08,932.101,31.816,2756.214,,16.159,19.654,16.514,101.405,1007.54,34.391,2970.813,,17.417,,,173.348,4.54,7.159,73.915,2.523,209.736,,1.23,10.069,33.124,362.11,,,10608.6,-18.543,-0.326,41.909,1.43,,62.197,0.166,0.052,,10.638,0.016,1.523,,4.863,,,0.029,,582.201,14.555,11.974,94.246,933.625,31.868,2761.077,,16.188,,0.0,0.0,0.0,0.0,0.0,,0.0,,0.0,0.0,0.0,0.0,0.0,,0.0
Spain,1972,ESP,34515176.0,372604076032.0,,,,,,,,,,2.413,2.768,3403.564,117.475,,,2.592,2.42,2775.958,95.813,,18.66,,,,8.135,47.362,18240.162,1.69,6.283,30.209,,,14805.233,511.005,,81.168,194.416,7.737,11.716,,,339.445,-92.308,-0.289,0.697,0.024,,1.861,,11.482,10.802,104.881,1027.635,35.469,3038.705,,16.659,17.127,17.153,118.557,1167.052,40.281,3434.93,,18.832,,,88.308,6.322,13.481,137.65,4.751,390.583,,2.141,5.442,19.705,381.815,,,11062.225,12.195,0.174,46.5,1.605,,60.648,0.195,0.061,,17.308,0.029,1.767,,5.642,,,0.031,,629.562,11.491,10.831,105.076,1029.402,35.53,3044.347,,16.69,,0.0,0.0,0.0,0.0,0.0,,0.0,,0.0,0.0,0.0,0.0,0.0,,0.0
Spain,1973,ESP,34898152.0,405429714944.0,,,,,,,,,,-2.059,-2.419,3296.896,115.056,,,-8.136,-7.796,2522.112,88.017,,16.693,,,,9.479,59.675,19749.98,1.7,14.479,73.99,,,16762.924,584.995,,84.876,-3.448,-0.404,11.312,,,324.143,50.0,0.012,1.034,0.036,,1.641,,-18.487,-19.389,85.492,828.468,28.912,2449.771,,12.404,-11.837,-14.314,104.243,1017.618,35.513,2987.057,,15.124,,,37.76,5.09,18.572,187.546,6.545,532.164,,2.695,20.118,76.813,458.627,,,13141.884,453.623,7.28,254.607,8.885,,66.541,0.179,0.056,,-8.197,-0.016,1.605,,5.122,,,0.026,,689.238,-18.469,-19.405,85.671,830.073,28.968,2454.893,,12.43,,0.0,0.0,0.0,0.0,0.0,,0.0,,0.0,0.0,0.0,0.0,0.0,,0.0
Spain,1974,ESP,35329900.0,435862962176.0,,,,,,,,,,-3.144,-3.617,3154.231,111.439,,,1.849,1.627,2537.344,89.644,,15.534,,,,4.081,28.13,20304.824,1.646,3.645,21.325,,,17161.668,606.32,,84.52,25.0,2.828,14.14,,,400.228,0.0,0.0,1.021,0.036,,1.971,,5.728,4.897,90.389,865.216,30.568,2558.435,,12.6,6.558,6.805,111.047,1071.104,37.842,3143.157,,15.48,,,10.359,1.924,20.495,204.444,7.223,580.114,,2.857,4.822,22.114,480.741,,,13607.21,158.639,14.096,650.466,22.981,,67.015,0.163,0.051,,-8.929,-0.016,1.444,,4.608,,,0.023,,717.367,5.699,4.881,90.552,866.66,30.619,2563.043,,12.623,,0.0,0.0,0.0,0.0,0.0,,0.0,,0.0,0.0,0.0,0.0,0.0,,0.0
Spain,1975,ESP,35760432.0,448847380480.0,,,,,,,,,,10.822,12.06,3453.509,123.499,,,6.159,5.521,2661.184,95.165,,16.761,,,,2.713,19.462,20604.588,1.642,5.223,31.668,,,17840.617,637.988,,86.586,3.143,0.444,14.584,,,407.836,0.0,0.0,1.009,0.036,,1.979,,-14.731,-13.315,77.074,728.878,26.065,2155.285,,10.46,-10.887,-12.207,98.841,942.998,33.722,2763.972,,13.414,,,4.444,0.911,21.406,210.959,7.544,598.601,,2.905,3.986,19.163,499.905,,,13979.271,2.632,0.605,659.546,23.586,,67.845,0.361,0.113,,121.569,0.198,3.16,,10.087,,,0.049,,736.829,-14.504,-13.117,77.435,732.038,26.178,2165.372,,10.509,,0.0,0.0,0.0,0.0,0.0,,0.0,,0.0,0.0,0.0,0.0,0.0,,0.0
Spain,1976,ESP,36139072.0,469865955328.0,,,,,,,,,,-3.145,-3.884,3309.84,119.615,,,5.17,4.92,2769.431,100.085,,15.193,,,,6.852,50.49,21785.803,1.676,10.251,65.4,,,19463.383,703.389,,89.34,14.82,2.161,16.746,,,463.371,0.0,0.0,0.999,0.036,,2.127,,-19.693,-15.178,61.896,579.207,20.932,1712.709,,7.862,-14.969,-14.911,83.93,793.435,28.674,2322.419,,10.66,,,0.146,0.031,21.437,209.054,7.555,593.192,,2.723,13.427,67.124,567.028,,,15690.172,-12.623,-2.977,570.252,20.608,,72.02,0.597,0.187,,65.487,0.236,5.174,,16.518,,,0.076,,787.319,-19.325,-14.942,62.493,584.381,21.119,1729.227,,7.937,,0.0,0.0,0.0,0.0,0.0,,0.0,,0.0,0.0,0.0,0.0,0.0,,0.0
Spain,1977,ESP,36513080.0,486169149440.0,,,,,,,,,,7.117,8.513,3509.091,128.128,,,21.136,21.154,3320.424,121.239,,15.697,,,,3.676,28.941,22355.273,1.679,-3.385,-23.807,,,18612.014,679.582,,83.256,-3.86,-0.646,16.099,,,440.921,33.333,0.012,1.318,0.048,,1.972,,89.318,55.284,117.18,1085.31,39.628,3209.249,,14.356,62.032,52.748,136.678,1272.448,46.461,3743.259,,16.744,,,-13.647,-2.925,18.512,178.676,6.524,506.995,,2.268,-5.586,-31.673,535.355,,,14662.002,-52.37,-10.793,268.827,9.816,,65.586,0.986,0.309,,65.241,0.389,8.463,,27.015,,,0.121,,816.26,89.105,55.673,118.166,1093.772,39.937,3236.264,,14.477,,0.0,0.0,0.0,0.0,0.0,,0.0,,0.0,0.0,0.0,0.0,0.0,,0.0
Spain,1978,ESP,36865440.0,500314800128.0,,,,,,,,,,-14.06,-18.015,2986.885,110.113,,,12.14,14.719,3687.949,135.958,,13.434,,,,0.413,3.369,22232.996,1.638,-0.248,-1.687,,,18388.348,677.895,,82.707,2.447,0.394,16.493,,,447.392,275.0,0.132,4.894,0.18,,2.012,,1.572,1.842,119.022,1091.836,40.251,3228.546,,14.521,3.777,5.057,141.735,1307.892,48.216,3844.649,,17.293,,,17.244,3.192,21.704,207.484,7.649,588.74,,2.648,2.976,15.934,551.288,,,14954.07,16.114,1.582,309.162,11.397,,67.261,1.009,0.316,,2.265,0.022,8.572,,27.363,,,0.123,,819.629,1.577,1.865,120.031,1100.407,40.567,3255.909,,14.644,,0.0,0.0,0.0,0.0,0.0,,0.0,,0.0,0.0,0.0,0.0,0.0,,0.0
Spain,1979,ESP,37188964.0,508933406720.0,,,,,,,,,,13.973,15.386,3374.639,125.499,,,15.289,20.786,4214.807,156.744,,14.217,,,,7.701,63.123,23736.928,1.735,7.059,47.849,,,19515.031,725.744,,82.214,-3.368,-0.556,15.938,,,428.563,-33.333,-0.06,3.235,0.12,,1.805,,15.269,18.174,137.195,1247.601,46.397,3689.143,,15.542,10.644,15.273,157.008,1434.512,53.348,4221.898,,17.786,,,-12.407,-2.693,19.011,180.161,6.7,511.209,,2.154,5.989,33.018,584.307,,,15711.829,18.163,2.07,362.138,13.468,,66.191,0.801,0.251,,-20.57,-0.207,6.749,,21.545,,,0.091,,882.752,14.99,17.966,137.997,1254.351,46.648,3710.688,,15.633,,0.0,0.0,0.0,0.0,0.0,,0.0,,0.0,0.0,0.0,0.0,0.0,,0.0
Spain,1980,ESP,37491664.0,525136953344.0,,,,,,,,,,15.272,19.166,3858.606,144.666,,,-8.923,-13.987,3807.72,142.758,,16.309,,,,0.483,4.264,23659.025,1.689,7.995,58.023,,,20905.082,783.766,,88.36,28.2,4.495,20.432,,,544.982,-100.0,-0.12,0.0,0.0,,2.303,,-36.311,-49.816,87.379,788.175,29.55,2330.626,,9.851,-34.209,-53.758,103.25,936.155,35.098,2753.945,,11.64,,,-22.597,-4.296,14.715,138.324,5.186,392.497,,1.659,5.881,34.362,618.668,,,16501.492,52.052,7.01,546.193,20.478,,69.747,1.156,0.362,,44.223,0.354,9.655,,30.822,,,0.13,,887.016,-35.877,-49.462,88.535,797.831,29.912,2361.448,,9.981,,0.0,0.0,0.0,0.0,0.0,,0.0,,0.0,0.0,0.0,0.0,0.0,,0.0
Spain,1981,ESP,37758648.0,524547358720.0,,,,,,,,,,23.362,33.797,4726.396,178.462,,,-1.776,-2.535,3713.664,140.223,,19.957,,,,0.812,7.201,23682.451,1.705,2.177,17.066,,,21209.242,800.832,,89.557,14.187,2.899,23.331,,,617.898,,0.0,0.0,0.0,,2.609,,-25.746,-22.497,64.882,581.112,21.942,1718.342,,7.256,-9.015,-9.865,93.385,845.74,31.934,2473.21,,10.443,,,84.497,12.434,27.149,253.399,9.568,719.023,,3.036,-3.173,-19.629,599.039,,,15864.946,-24.449,-5.007,409.734,15.471,,66.99,1.353,0.424,,17.127,0.198,11.229,,35.846,,,0.151,,894.217,-25.227,-22.299,66.236,592.341,22.366,1754.188,,7.407,,0.0,0.0,0.0,0.0,0.0,,0.0,,0.0,0.0,0.0,0.0,0.0,,0.0
Spain,1982,ESP,37982144.0,533475590144.0,,,,,,,,,,10.818,19.306,5206.872,197.768,,,7.398,10.374,3964.94,150.597,,22.127,,,,-0.047,-0.417,23532.107,1.675,-1.415,-11.335,,,20786.004,789.497,,88.33,9.048,2.111,25.442,,,669.838,,0.0,0.0,0.0,,2.846,,20.003,12.978,77.86,693.247,26.331,2049.924,,8.711,11.445,10.918,104.303,936.993,35.589,2746.104,,11.67,,,-8.33,-2.261,24.888,230.924,8.771,655.251,,2.784,-5.467,-32.752,566.287,,,14909.295,20.0,3.094,488.788,18.565,,63.357,1.555,0.487,,14.858,0.201,12.822,,40.93,,,0.174,,893.8,19.905,13.179,79.415,706.069,26.818,2090.853,,8.885,,0.0,0.0,0.0,0.0,0.0,,0.0,,0.0,0.0,0.0,0.0,0.0,,0.0
Spain,1983,ESP,38169764.0,543627968512.0,,,,,,,,,,5.181,10.246,5449.711,208.014,,,1.583,2.384,4007.908,152.981,,22.734,,,,2.369,21.174,23971.16,1.683,1.705,13.46,,,21036.48,802.957,,87.757,8.138,2.071,27.512,,,720.79,,0.814,21.321,0.814,,3.007,,2.719,2.117,79.978,708.598,27.047,2095.315,,8.741,7.528,7.713,112.016,1002.574,38.268,2934.681,,12.243,,,21.548,5.363,30.251,279.305,10.661,792.532,,3.306,0.202,1.144,567.431,,,14865.979,93.333,17.328,940.345,35.893,,62.016,1.788,0.56,,14.99,0.233,14.671,,46.834,,,0.195,,914.974,2.942,2.35,81.765,723.269,27.607,2142.149,,8.936,,0.0,0.0,0.0,0.0,0.0,,0.0,,0.0,0.0,0.0,0.0,0.0,,0.0
Spain,1984,ESP,38329928.0,548895817728.0,,,,,,,,,,1.666,3.466,5517.357,211.48,,,-0.973,-1.489,3952.321,151.492,,22.75,,,,1.597,14.611,24252.189,1.694,-4.201,-33.733,,,20068.504,769.224,,82.749,-17.988,-4.949,22.563,,,588.663,218.891,1.781,67.707,2.595,,2.427,,16.405,13.12,93.098,821.395,31.484,2428.855,,10.015,44.037,48.344,160.36,1438.041,55.12,4183.687,,17.251,,,116.546,35.256,65.507,602.297,23.086,1709.027,,7.047,-5.683,-32.25,535.181,,,13962.483,-20.472,-7.348,744.709,28.545,,57.572,1.756,0.55,,-1.786,-0.032,14.349,,45.805,,,0.189,,929.585,16.036,13.088,94.854,835.744,32.034,2474.661,,10.204,,0.0,0.0,0.0,0.0,0.0,,0.0,,0.0,0.0,0.0,0.0,0.0,,0.0
Spain,1985,ESP,38471924.0,566076964864.0,,,,,,,,,,-1.133,-2.396,5434.72,209.084,1419.347,54.605,-0.844,-1.279,3904.486,150.213,43.145,22.67,,126.562,13.723,-0.785,-7.302,23972.881,1.629,-2.728,-20.982,1686.061,64.866,19449.035,748.242,51.252,81.129,6.088,1.374,23.937,65.346,2.514,622.194,14.286,0.371,77.093,2.966,1.986,2.595,,-0.626,-0.583,92.515,813.242,31.287,2404.749,24.721,10.031,8.748,13.681,174.041,1558.071,59.942,4523.845,47.362,18.871,,,21.476,14.068,79.575,728.947,28.044,2068.398,22.158,8.628,-3.73,-19.96,515.221,201.368,7.747,13392.122,-4.609,-1.316,707.762,27.229,6.121,55.864,1.95,0.611,,11.091,0.195,15.882,,50.698,0.483,,0.211,3289.722,922.283,-0.425,-0.388,94.466,829.124,31.898,2455.447,25.203,10.243,,0.0,0.0,0.0,0.0,0.0,0.0,0.0,,0.0,0.0,0.0,0.0,0.0,0.0,0.0
Spain,1986,ESP,38590808.0,589787037696.0,,,,,,,,,,3.627,7.583,5614.469,216.667,1420.234,54.808,2.462,3.698,3988.293,153.911,42.64,23.008,,128.537,13.65,2.104,19.409,24401.979,1.597,0.949,7.103,1635.441,63.113,19573.174,755.345,49.101,80.211,17.806,4.262,28.199,54.884,2.118,730.723,47.727,1.416,113.537,4.381,1.648,2.995,,-15.319,-14.173,78.342,686.536,26.494,2030.081,20.612,8.319,7.587,12.306,186.348,1671.123,64.49,4828.806,50.172,19.789,,,33.569,26.712,106.288,970.646,37.458,2754.221,29.142,11.287,-0.92,-4.742,510.479,160.323,6.187,13227.982,-1.669,-0.454,693.807,26.775,4.813,54.209,1.717,0.538,,-11.948,-0.233,13.941,,44.503,0.419,,0.182,3330.758,941.692,-15.255,-14.406,80.06,700.478,27.032,2074.584,21.031,8.502,,0.0,0.0,0.0,0.0,0.0,0.0,0.0,,0.0,0.0,0.0,0.0,0.0,0.0,0.0
Spain,1987,ESP,38694532.0,632511266816.0,,,,,,,,,,-2.984,-6.466,5432.308,210.201,1414.257,54.724,-13.148,-20.236,3454.629,133.675,41.25,21.529,,132.665,13.588,3.682,34.67,25232.549,1.544,2.799,21.142,1619.247,62.656,20067.078,776.486,47.229,79.529,7.056,1.99,30.189,38.662,1.496,780.185,91.303,4.0,216.618,8.382,1.128,3.092,,3.355,2.629,80.971,707.671,27.383,2092.576,20.641,8.293,7.33,13.528,199.876,1788.806,69.217,5165.472,52.174,20.471,,,10.179,10.819,117.107,1066.585,41.271,3026.45,31.109,11.994,5.018,25.618,536.097,166.328,6.436,13854.585,-10.986,-2.942,615.928,23.833,4.851,54.908,1.797,0.563,,4.647,0.08,14.55,,46.446,0.424,,0.184,3428.532,976.362,3.381,2.709,82.768,722.221,27.946,2139.022,21.065,8.477,,0.0,0.0,0.0,0.0,0.0,0.0,0.0,,0.0,0.0,0.0,0.0,0.0,0.0,0.0
Spain,1988,ESP,38781724.0,674538651648.0,,,,,,,,,,-13.234,-27.819,4702.773,182.382,1110.6,43.071,-5.272,-7.048,3265.132,126.627,31.04,17.884,,138.759,13.607,4.447,43.424,26295.514,1.512,-0.807,-6.269,1324.67,51.373,19860.305,770.217,37.023,75.527,29.04,8.767,38.956,35.197,1.365,1004.486,24.0,2.012,268.002,10.394,0.984,3.82,,28.715,23.251,104.222,908.83,35.246,2687.401,25.401,10.22,24.803,49.693,249.568,2227.467,86.385,6435.207,62.255,24.473,,,22.28,26.091,143.198,1301.283,50.466,3692.41,36.37,14.042,2.384,12.783,548.88,178.873,6.937,14153.046,-8.179,-1.949,564.278,21.884,4.999,53.823,2.148,0.673,,19.538,0.351,17.354,,55.396,0.485,,0.211,3577.949,1019.785,28.53,23.602,106.37,926.184,35.919,2742.797,25.886,10.431,,0.0,0.0,0.0,0.0,0.0,0.0,0.0,,0.0,0.0,0.0,0.0,0.0,0.0,0.0
Spain,1989,ESP,38847320.0,719939436544.0,,,,,,,,,,23.275,42.449,5787.559,224.831,1534.778,59.622,6.98,8.839,3487.143,135.466,40.544,21.044,,147.055,13.764,4.766,48.602,27502.225,1.484,10.361,79.798,1805.994,70.158,21880.924,850.015,47.709,79.561,28.364,11.049,50.005,35.987,1.398,1287.221,76.954,7.998,473.439,18.392,0.951,4.68,,-45.103,-47.007,57.215,498.078,19.349,1472.812,13.158,5.355,-11.938,-31.196,218.372,1958.232,76.072,5621.301,51.731,20.439,,,11.215,16.06,159.258,1444.784,56.126,4099.597,38.167,14.906,4.791,26.299,575.179,235.229,9.138,14806.143,-21.469,-4.698,442.382,17.185,6.214,53.836,1.843,0.578,,-14.116,-0.305,14.879,,47.441,0.393,,0.172,3785.448,1068.388,-44.469,-47.256,59.114,513.448,19.946,1521.704,13.564,5.533,,0.018,0.018,0.156,0.006,0.461,0.004,0.002,,0.038,0.038,0.335,0.013,0.99,0.009,0.004
Spain,1990,ESP,38889888.0,756125007872.0,,,,,13.885,0.54,0.357,,,-0.621,-1.396,5745.338,223.436,1536.132,59.74,-2.275,-3.082,3404.08,132.384,39.508,20.906,150.79,151.21,14.148,0.034,0.367,27481.551,1.413,-1.434,-12.185,1823.353,70.91,21543.645,837.83,46.895,78.393,15.577,7.789,57.794,38.828,1.51,1486.103,-10.909,-2.006,421.33,16.385,0.999,5.408,,31.345,17.934,75.149,654.926,25.47,1932.351,16.844,7.031,5.484,12.552,230.924,2064.804,80.3,5937.906,53.105,21.607,-0.42,-0.279,-3.31,-5.272,153.986,1395.479,54.27,3959.545,35.89,14.408,-3.23,-18.579,556.6,248.394,9.66,14312.205,-12.587,-2.163,386.275,15.022,6.388,52.079,1.73,0.54,0.0,-6.228,-0.113,13.885,0.0,44.489,0.357,0.0,0.162,3888.157,1068.754,30.231,17.824,76.938,669.326,26.03,1978.361,17.214,7.199,-1.0,-0.0,0.018,0.257,0.01,0.456,0.007,0.002,7.692,0.003,0.041,0.257,0.01,1.064,0.007,0.004
Spain,1991,ESP,38997064.0,787366543360.0,,,,,13.847,0.54,0.349,,,4.096,9.153,5964.253,232.588,1507.806,58.8,-8.319,-11.014,3112.303,121.371,37.997,21.02,154.07,154.75,13.985,3.533,37.764,28374.404,1.405,3.404,28.517,1829.881,71.36,22215.705,866.347,46.113,78.295,12.658,7.316,65.11,34.874,1.36,1669.619,-6.122,-1.003,394.447,15.382,0.879,5.884,,7.35,5.524,80.673,698.771,27.25,2068.683,17.609,7.291,3.963,9.247,240.171,2138.366,83.39,6158.7,53.887,21.705,-0.68,-0.441,2.414,3.717,157.703,1425.235,55.58,4043.981,35.916,14.252,2.165,12.049,568.649,287.201,11.2,14581.833,24.717,3.713,480.427,18.735,7.237,51.391,1.73,0.54,0.0,0.0,0.0,13.847,0.0,44.367,0.349,0.0,0.156,3968.247,1106.518,7.199,5.53,82.468,713.131,27.81,2114.718,17.971,7.453,16.667,0.003,0.021,0.256,0.01,0.531,0.006,0.002,7.143,0.003,0.044,0.256,0.01,1.137,0.006,0.004
Spain,1992,ESP,39202248.0,805944623104.0,,,,,14.54,0.57,0.364,,,2.025,4.71,6053.187,237.299,1638.171,64.22,1.591,1.931,3145.259,123.301,40.985,20.472,157.33,156.69,13.518,4.755,52.61,29567.898,1.438,8.817,76.389,2074.116,81.31,24048.006,942.736,51.892,81.331,4.56,2.969,68.079,43.62,1.71,1736.62,-8.411,-1.294,359.378,14.088,1.091,5.873,,-30.65,-24.726,55.946,482.625,18.92,1427.118,12.075,4.827,-9.633,-23.779,216.392,1922.849,75.38,5519.894,48.108,18.669,0.64,0.407,0.367,0.579,158.282,1422.878,55.78,4037.581,35.599,13.655,12.083,68.709,637.358,392.324,15.38,16258.199,-3.962,-0.742,458.979,17.993,9.816,54.986,1.836,0.57,0.0,6.089,0.105,14.54,0.0,46.822,0.364,0.0,0.158,3996.965,1159.128,-29.591,-24.358,58.11,499.971,19.6,1482.312,12.509,5.013,14.286,0.003,0.024,0.255,0.01,0.603,0.006,0.002,586.667,0.26,0.305,2.551,0.1,7.769,0.064,0.026
Spain,1993,ESP,39420540.0,799270240256.0,,,,,14.713,0.58,0.373,,,-10.047,-23.842,5414.868,213.457,1583.438,62.42,-1.613,-1.989,3077.392,121.312,40.152,19.033,156.73,155.46,13.862,-3.246,-37.627,28449.67,1.403,-5.792,-54.606,1884.043,74.27,22529.621,888.13,47.774,79.191,-1.909,-1.3,66.78,30.441,1.2,1694.032,-45.299,-6.382,195.496,7.707,0.772,5.954,,28.842,16.136,72.083,619.474,24.42,1828.552,15.708,6.427,7.631,16.979,233.372,2059.586,81.19,5920.049,52.226,20.809,1.27,0.81,0.498,0.789,159.071,1422.101,56.06,4035.234,36.061,14.184,-4.623,-29.465,607.893,270.164,10.65,15420.721,-21.534,-3.875,358.15,14.118,6.851,54.204,1.848,0.58,0.0,0.696,0.013,14.713,0.0,46.886,0.373,0.0,0.165,3943.63,1121.501,27.925,16.19,74.3,637.485,25.13,1884.815,16.165,6.625,12.5,0.003,0.027,0.254,0.01,0.675,0.006,0.002,12.621,0.038,0.343,3.044,0.12,8.701,0.077,0.031
Spain,1994,ESP,39623732.0,827806515200.0,,,,,16.152,0.64,0.398,,,3.095,6.606,5553.815,220.063,1553.867,61.57,-5.397,-6.548,2896.368,114.765,38.266,18.734,162.76,160.9,13.697,4.743,53.19,29646.164,1.419,4.92,43.696,1931.418,76.53,23516.85,931.825,47.564,79.325,9.641,6.438,73.218,81.769,3.24,1847.83,-69.7,-5.371,58.932,2.335,2.014,6.233,,15.601,11.245,83.328,712.704,28.24,2102.981,17.551,7.094,3.914,9.495,242.866,2129.28,84.37,6129.313,52.436,20.675,1.86,1.143,-1.333,-2.12,156.951,1395.881,55.31,3961.047,34.375,13.361,5.042,30.651,638.545,295.782,11.72,16115.205,-12.297,-1.736,312.499,12.382,7.284,54.358,2.04,0.64,0.0,10.363,0.192,16.152,0.0,51.48,0.398,0.0,0.174,4060.698,1174.692,15.641,11.614,85.915,733.399,29.06,2168.267,18.061,7.314,11.111,0.003,0.03,0.252,0.01,0.746,0.006,0.003,50.862,0.174,0.517,4.29,0.17,13.06,0.106,0.044
Spain,1995,ESP,39814568.0,865578975232.0,,,,,25.368,1.01,0.61,,,0.238,0.523,5540.339,220.586,1655.424,65.91,-1.358,-1.558,2843.342,113.206,39.801,18.09,170.09,165.6,13.58,3.807,44.718,30627.23,1.409,6.205,57.818,2153.985,85.76,24856.314,989.643,51.787,81.158,22.638,16.575,89.793,94.187,3.75,2255.286,110.12,2.571,123.235,4.907,2.264,7.364,,-17.984,-14.986,68.342,579.687,23.08,1716.506,13.937,5.605,-5.282,-13.1,229.766,2005.296,79.84,5770.913,48.213,18.842,4.49,2.64,0.257,0.403,157.354,1392.958,55.46,3952.181,33.49,12.904,6.377,40.719,679.264,404.375,16.1,17060.691,-20.331,-2.517,247.772,9.865,9.722,55.704,3.227,1.01,0.0,58.216,1.188,25.368,0.0,81.059,0.61,0.0,0.265,4159.282,1219.41,-15.846,-13.503,72.412,612.339,24.38,1818.731,14.722,5.938,50.0,0.015,0.044,0.502,0.02,1.114,0.012,0.004,54.286,0.281,0.798,6.781,0.27,20.053,0.163,0.065
Spain,1996,ESP,39996476.0,895966511104.0,,,,,27.002,1.08,0.623,,,-15.501,-34.192,4660.261,186.394,1348.619,53.94,-1.243,-1.407,2795.225,111.799,31.113,14.716,174.43,173.37,13.688,3.867,47.158,31666.996,1.414,-0.523,-5.175,1894.917,75.79,24613.867,984.468,43.716,77.727,11.912,10.696,100.49,169.765,6.79,2512.463,12.256,0.601,137.71,5.508,3.916,7.934,,72.214,49.352,117.694,994.838,39.79,2942.611,22.951,9.292,22.198,52.334,282.1,2439.715,97.58,7053.128,56.284,22.273,1.06,0.608,1.578,2.483,159.837,1408.374,56.33,3996.282,32.491,12.62,2.697,18.32,697.584,376.533,15.06,17441.145,-34.931,-3.446,160.489,6.419,8.687,55.077,3.457,1.08,0.0,7.122,0.23,27.002,0.0,86.437,0.623,0.0,0.273,4334.632,1266.568,69.047,49.851,122.263,1031.341,41.25,3056.846,23.793,9.653,-20.0,-0.009,0.035,0.5,0.02,0.887,0.012,0.003,34.815,0.278,1.076,9.001,0.36,26.911,0.208,0.085
Spain,1997,ESP,40180048.0,937387425792.0,,,,,36.336,1.46,0.772,,,14.525,27.075,5312.802,213.469,1559.729,62.67,0.198,0.221,2787.953,112.02,33.134,15.973,186.07,189.14,14.152,5.517,69.877,33261.406,1.426,8.667,85.327,2410.898,96.87,26625.037,1069.795,51.216,80.048,30.848,30.999,131.489,452.214,18.17,3272.494,-61.769,-3.402,52.407,2.106,9.607,9.839,,-12.622,-14.856,102.838,864.857,34.75,2559.434,18.373,7.695,-5.428,-15.451,266.65,2296.413,92.27,6636.373,48.784,19.952,-3.07,-1.65,-1.832,-2.928,156.909,1376.305,55.3,3905.144,29.238,11.741,3.907,27.253,724.838,398.954,16.03,18039.74,-26.73,-1.716,117.053,4.703,8.475,54.236,4.67,1.46,0.0,35.088,1.213,36.336,0.0,116.232,0.772,0.0,0.349,4707.311,1336.445,-10.337,-12.522,109.741,920.108,36.97,2731.229,19.546,8.211,8.333,0.003,0.038,0.498,0.02,0.957,0.011,0.003,103.846,1.118,2.194,18.417,0.74,54.606,0.391,0.164
Spain,1998,ESP,40362356.0,988972449792.0,,,,,37.907,1.53,0.791,,,-4.707,-10.048,5039.853,203.42,1525.679,61.58,-4.091,-4.582,2661.833,107.438,31.842,14.521,196.79,193.39,13.805,4.822,64.437,34707.641,1.417,5.067,54.212,2415.865,97.51,27847.9,1124.007,50.421,80.236,2.66,3.498,134.987,401.612,16.21,3344.38,-37.189,-0.783,32.769,1.323,8.382,9.636,,-2.223,-2.286,100.552,842.121,33.99,2491.243,17.576,7.178,3.903,10.226,276.875,2375.481,95.88,6859.743,49.579,19.764,3.4,1.728,6.682,10.485,167.394,1461.51,58.99,4147.268,30.503,11.949,8.383,60.762,785.599,488.574,19.72,19463.666,44.737,2.104,168.653,6.807,10.197,56.079,4.887,1.53,0.0,4.648,0.217,37.907,0.0,121.085,0.791,0.0,0.349,4791.346,1400.882,-0.251,-0.259,109.482,913.97,36.89,2712.475,19.075,7.815,15.385,0.006,0.044,0.496,0.02,1.099,0.01,0.003,82.21,1.804,3.998,33.447,1.35,99.049,0.698,0.285
Spain,1999,ESP,40542232.0,1044700856320.0,,,,,39.958,1.62,0.788,,,12.075,24.563,5623.343,227.983,1815.638,73.61,-7.058,-7.583,2462.993,99.855,35.797,15.792,211.35,205.63,14.243,3.057,42.822,35609.875,1.382,6.355,71.43,2949.27,119.57,29486.217,1195.437,58.148,82.803,14.474,19.538,154.525,470.127,19.06,3811.465,27.903,0.369,41.726,1.692,9.269,10.703,,-32.766,-32.947,67.606,562.87,22.82,1667.536,11.098,4.683,-10.111,-28.609,248.267,2122.725,86.06,6123.655,41.852,17.197,5.72,2.706,-0.239,-0.4,166.993,1451.573,58.85,4118.999,28.619,11.567,3.479,27.329,812.929,663.506,26.9,20051.41,-44.732,-3.045,92.797,3.762,13.082,56.309,5.503,1.62,0.0,12.606,0.616,39.958,0.0,135.744,0.788,0.0,0.381,5071.995,1443.704,-25.892,-28.209,81.273,671.152,27.21,2004.656,13.233,5.629,13.333,0.006,0.05,0.74,0.03,1.24,0.015,0.003,102.959,4.116,8.114,67.584,2.74,200.136,1.332,0.562
Spain,2000,ESP,40741652.0,1108745388032.0,,,20.256,0.825,36.572,1.49,0.674,0.054,425.629,6.8,15.503,5976.333,243.486,1941.257,79.09,-2.854,-2.849,2380.998,97.006,35.8,15.939,225.36,220.92,14.462,5.814,83.933,37495.703,1.378,4.068,48.629,3048.968,124.22,30535.486,1244.066,56.229,81.437,14.521,22.439,176.964,495.316,20.18,4343.564,7.235,0.122,44.527,1.814,9.135,11.584,94.03,29.336,19.833,87.438,693.639,28.26,2146.162,12.792,5.724,14.663,35.304,283.571,2373.492,96.7,6960.218,43.771,18.563,4.44,1.97,5.699,9.517,176.51,1526.939,62.21,4332.432,28.16,11.554,1.315,10.688,823.617,612.395,24.95,20215.59,-21.631,-0.814,72.368,2.948,11.294,53.914,4.766,1.49,0.0,-13.399,-0.737,36.572,0.0,116.98,0.674,0.0,0.312,5422.46,1527.637,33.952,25.787,107.06,846.554,34.49,2627.786,15.612,7.008,5.882,0.003,0.053,0.245,0.01,1.306,0.005,0.003,72.267,5.864,13.978,116.097,4.73,343.081,2.141,0.915
Spain,2001,ESP,40966448.0,1164389515264.0,-0.421,-0.003,20.06,0.822,39.789,1.63,0.699,0.051,385.077,-8.445,-20.562,5441.62,222.924,1715.306,70.27,-5.731,-5.559,2232.236,91.447,30.15,13.951,236.52,233.07,14.586,4.596,70.216,39003.945,1.372,2.227,27.704,2930.691,120.06,31044.197,1271.771,51.512,79.592,7.759,13.73,190.694,570.223,23.36,4654.891,218.224,3.959,140.917,5.773,10.023,11.934,89.75,38.745,33.09,120.529,998.134,40.89,2942.13,17.544,7.543,15.309,42.512,326.082,2758.599,113.01,7959.745,48.488,20.408,3.45,1.459,2.415,3.088,179.599,1555.175,63.71,4384.04,27.335,11.24,4.193,34.536,858.152,645.162,26.43,20947.689,48.994,1.445,107.232,4.393,11.34,53.707,5.206,1.63,0.0,9.243,0.441,39.789,0.0,127.091,0.699,0.0,0.326,5689.29,1597.853,37.205,39.424,146.484,1203.424,49.3,3575.705,21.152,9.168,33.333,0.017,0.071,0.488,0.02,1.721,0.009,0.004,42.987,5.879,19.857,165.013,6.76,484.702,2.9,1.243
Spain,2002,ESP,41477652.0,1206112747520.0,94.946,0.78,38.625,1.602,62.443,2.59,1.08,0.099,439.832,12.677,28.261,6055.905,251.185,1957.199,81.18,-2.277,-2.082,2154.532,89.365,33.838,15.553,245.24,239.91,14.854,1.078,17.222,38938.438,1.339,4.929,62.691,3464.999,143.72,32173.016,1334.461,59.906,82.625,14.337,27.34,218.034,780.902,32.39,5256.67,4.554,0.263,145.518,6.036,13.501,13.5,105.52,-44.134,-53.629,66.9,511.601,21.22,1612.909,8.845,4.142,-12.7,-45.469,280.614,2319.08,96.19,6765.42,40.094,17.375,5.33,2.173,-1.086,-3.097,176.502,1519.372,63.02,4255.343,26.268,10.928,0.826,7.09,865.242,726.897,30.15,20860.443,-9.701,-0.426,95.636,3.967,12.567,53.573,8.255,2.59,0.0,58.553,3.049,62.443,0.0,199.024,1.08,0.0,0.511,5784.079,1615.075,-27.421,-42.372,104.112,799.708,33.17,2510.077,13.826,6.446,25.0,0.017,0.088,0.482,0.02,2.111,0.008,0.005,38.216,7.411,27.268,225.182,9.34,657.408,3.893,1.688
Spain,2003,ESP,42230268.0,1254542540800.0,37.832,0.606,52.289,2.208,75.301,3.18,1.236,0.129,392.693,-6.802,-17.084,5543.424,234.1,1769.584,74.73,-7.028,-6.28,1967.422,83.085,29.044,13.715,258.56,257.3,15.074,5.684,91.795,40418.156,1.361,2.521,33.642,3307.343,139.67,32396.264,1368.103,54.283,80.153,13.875,30.253,248.287,932.27,39.37,5879.368,-60.148,-3.63,56.958,2.405,15.301,14.546,101.04,79.119,52.162,119.062,958.554,40.48,2819.345,15.733,6.975,21.047,58.153,338.767,2785.443,117.63,8021.891,45.717,19.847,1.26,0.487,-1.811,-4.307,172.195,1465.3,61.88,4077.522,24.05,10.088,2.366,20.473,885.715,605.49,25.57,20973.473,2.917,0.116,96.672,4.082,9.938,51.891,10.164,3.18,0.0,23.125,1.909,75.301,0.0,240.68,1.236,0.0,0.595,6092.786,1706.87,60.532,62.46,166.572,1320.143,55.75,3944.368,21.667,9.759,36.667,0.031,0.119,0.474,0.02,2.816,0.008,0.007,29.255,7.751,35.019,285.814,12.07,829.239,4.691,2.052
Spain,2004,ESP,42959672.0,1307501395968.0,-7.848,-0.173,47.367,2.035,77.515,3.33,1.217,0.115,410.159,4.571,10.7,5698.364,244.8,1841.262,79.1,-3.108,-2.582,1873.917,80.503,28.906,13.836,270.62,273.65,15.466,3.659,62.46,41185.832,1.353,5.555,75.995,3722.328,159.91,33615.195,1444.098,58.436,81.618,17.884,44.403,292.691,1290.978,55.46,6813.152,66.512,1.6,93.232,4.005,20.267,16.542,112.24,-22.843,-27.782,91.279,723.469,31.08,2124.765,11.358,5.159,-3.35,-13.534,325.232,2647.599,113.74,7570.638,41.564,18.382,-3.03,-1.12,2.798,3.69,175.885,1480.691,63.61,4094.181,23.245,9.941,2.359,20.892,906.607,590.088,25.35,21103.68,-8.842,-0.361,86.628,3.722,9.264,51.24,10.63,3.33,0.0,4.585,0.466,77.515,0.0,247.442,1.217,0.0,0.601,6369.927,1769.33,-9.845,-17.224,149.347,1166.908,50.13,3476.456,18.319,8.441,36.585,0.042,0.161,0.466,0.02,3.756,0.007,0.009,30.021,10.223,45.242,365.459,15.7,1053.126,5.737,2.557
Spain,2005,ESP,43685372.0,1365024047104.0,44.554,0.907,67.334,2.941,60.661,2.65,0.932,0.165,436.336,-2.546,-6.234,5461.008,238.566,1809.759,79.06,-4.276,-3.443,1763.984,77.06,27.793,13.392,283.12,284.46,15.968,0.685,12.117,40779.031,1.305,3.872,55.91,4226.815,184.65,34336.613,1500.008,64.912,84.202,18.562,54.329,347.02,1808.615,79.01,7943.61,-53.352,-2.137,42.768,1.868,27.775,19.48,124.12,-43.579,-40.104,51.175,420.965,18.39,1171.443,6.465,2.873,-12.182,-43.793,281.439,2284.747,99.81,6442.418,35.088,15.798,-1.34,-0.473,-9.538,-17.784,158.101,1317.146,57.54,3619.085,20.228,8.875,0.862,7.815,914.422,608.442,26.58,20931.994,-48.565,-1.807,43.817,1.914,9.344,51.33,8.469,2.65,0.0,-20.33,-2.161,60.661,0.0,193.862,0.932,0.0,0.475,6511.562,1781.447,-15.367,-26.009,123.338,967.601,42.27,2823.334,14.86,6.923,-26.786,-0.044,0.117,1.145,0.05,2.687,0.018,0.007,34.879,15.394,60.636,484.83,21.18,1388.008,7.446,3.404
Spain,2006,ESP,44422824.0,1434224295936.0,-33.779,-0.994,43.849,1.948,62.355,2.77,0.938,0.108,404.152,-12.699,-30.296,4688.356,208.27,1502.381,66.74,-5.78,-4.454,1634.431,72.606,22.604,11.524,291.98,295.26,16.338,1.446,25.753,40681.789,1.26,-0.538,-8.077,4119.054,182.98,33584.785,1491.931,61.972,82.555,4.655,16.154,363.174,2038.817,90.57,8175.385,-56.328,-1.052,18.368,0.816,30.675,20.096,119.33,44.863,22.493,73.668,584.384,25.96,1658.326,8.792,4.076,11.672,33.83,315.269,2527.53,112.28,7097.004,38.028,17.445,-3.28,-1.123,4.496,6.069,164.17,1353.583,60.13,3695.631,20.365,9.084,0.663,6.065,920.487,577.856,25.67,20721.045,-3.189,-0.061,41.716,1.853,8.694,50.934,8.855,2.77,0.0,4.561,0.386,62.355,0.0,199.338,0.938,0.0,0.49,6646.583,1807.2,20.912,27.76,151.099,1173.946,52.15,3401.373,17.662,8.361,190.244,0.221,0.339,2.701,0.12,7.622,0.041,0.019,10.016,5.654,66.289,524.505,23.3,1492.237,7.891,3.668
Spain,2007,ESP,45245784.0,1498934280192.0,-9.258,-0.18,39.066,1.768,64.094,2.9,0.962,0.096,407.356,11.889,24.76,5150.321,233.03,1608.99,72.8,-6.055,-4.396,1507.542,68.21,24.144,12.618,295.78,301.53,16.327,2.193,39.626,40817.645,1.232,2.545,37.969,4157.957,188.13,33813.094,1529.9,62.392,82.839,1.762,6.399,369.573,2095.223,94.8,8168.113,-75.342,-0.615,4.447,0.201,31.44,20.011,122.83,5.187,3.337,77.005,603.592,27.31,1701.917,9.057,4.17,0.809,1.657,316.926,2506.311,113.4,7004.552,37.608,17.161,-5.75,-1.944,-8.354,-14.655,149.515,1217.793,55.1,3304.507,18.273,8.096,0.74,6.81,927.297,453.744,20.53,20494.66,-8.234,-0.153,37.584,1.701,6.809,50.21,9.251,2.9,0.0,4.47,0.396,64.094,0.0,204.461,0.962,0.0,0.501,6664.267,1846.826,11.007,16.313,167.411,1288.518,58.3,3700.045,19.335,9.065,326.891,1.098,1.436,11.493,0.52,31.747,0.172,0.078,18.333,11.662,77.952,609.339,27.57,1722.854,9.143,4.221
Spain,2008,ESP,45966544.0,1528105271296.0,30.853,0.545,50.317,2.313,70.921,3.26,1.049,0.129,372.292,-32.605,-75.979,3416.648,157.052,1059.684,48.71,-25.422,-17.34,1106.666,50.87,15.679,8.745,299.63,310.67,17.3,-2.762,-51.011,39067.871,1.175,-4.691,-71.761,4123.651,189.55,31721.74,1458.139,61.013,81.196,9.835,36.349,405.922,2627.998,120.8,8830.808,-9.932,-0.02,3.942,0.181,38.884,22.604,115.66,-13.59,-10.878,66.126,508.196,23.36,1438.574,7.519,3.682,7.403,20.75,337.676,2634.96,121.12,7346.13,38.987,18.804,-11.04,-3.685,7.023,9.507,159.022,1282.89,58.97,3459.514,18.982,8.855,-3.465,-32.131,895.166,435.969,20.04,19474.283,-2.692,-0.046,35.999,1.655,6.451,49.847,10.391,3.26,0.0,12.319,1.14,70.921,0.0,226.048,1.049,0.0,0.579,6758.611,1795.815,7.752,11.243,178.654,1352.07,62.15,3886.616,20.005,9.948,407.48,5.808,7.244,56.128,2.58,157.6,0.83,0.403,19.508,14.628,92.58,716.826,32.95,2014.077,10.606,5.155
Spain,2009,ESP,46367772.0,1486563442688.0,54.459,1.26,77.047,3.572,75.268,3.49,1.197,0.215,342.126,-30.169,-47.381,2365.24,109.671,774.46,35.91,-12.89,-6.557,955.671,44.312,12.318,6.588,283.43,291.53,17.511,-7.295,-131.009,35904.375,1.12,-9.98,-145.526,3551.821,164.69,28308.73,1312.613,56.492,78.845,-10.555,-42.845,363.077,2323.812,107.75,7830.378,-11.965,-0.022,3.441,0.16,36.96,21.809,99.74,11.986,7.469,73.595,569.577,26.41,1587.199,9.059,4.421,5.22,14.517,352.193,2735.521,126.84,7595.645,43.508,21.155,-8.1,-2.858,-10.533,-17.628,141.394,1137.859,52.76,3049.396,18.098,8.493,-6.178,-55.301,839.865,453.548,21.03,18113.113,-12.602,-0.209,31.19,1.446,7.214,50.448,10.882,3.49,0.0,4.725,0.491,75.268,0.0,234.681,1.197,0.0,0.654,6287.341,1664.806,19.596,32.145,210.799,1597.661,74.08,4546.248,25.411,12.662,135.335,9.699,16.943,130.694,6.06,365.409,2.079,1.018,14.997,13.227,105.807,822.123,38.12,2281.913,13.076,6.356
Spain,2010,ESP,46572776.0,1498927202304.0,363.911,13.001,355.856,16.573,86.102,4.01,1.345,0.969,280.127,-26.861,-29.459,1722.296,80.212,543.88,25.33,-13.502,-5.983,823.002,38.329,8.496,4.691,289.82,298.15,17.437,2.708,45.076,36714.199,1.141,-4.047,-53.116,2971.478,138.39,27043.629,1259.497,46.416,73.66,-0.306,-1.113,361.965,2036.598,94.85,7772.022,261.442,0.417,12.381,0.577,31.813,21.169,83.52,59.513,43.079,116.673,908.256,42.3,2505.184,14.187,6.823,34.4,98.192,450.385,3430.33,159.76,9670.574,53.584,26.34,-8.33,-2.874,16.778,22.71,164.103,1331.035,61.99,3523.587,20.792,9.597,-2.684,-22.545,817.32,391.001,18.21,17549.311,10.074,0.146,34.181,1.592,6.108,47.8,12.187,4.01,0.0,11.993,1.305,86.102,0.0,261.67,1.345,0.0,0.713,6401.809,1709.882,46.43,75.483,286.282,2099.295,97.77,6146.986,32.792,16.743,16.441,2.665,19.608,154.382,7.19,421.016,2.412,1.147,15.294,15.434,121.241,950.555,44.27,2603.26,14.848,7.091
Spain,2011,ESP,46729232.0,1495441604608.0,19.28,3.195,423.043,19.768,98.653,4.61,1.582,1.178,319.182,85.457,68.547,3183.432,148.759,941.167,43.98,-19.648,-7.531,659.085,30.799,15.094,8.867,285.28,291.37,17.368,-1.886,-32.253,35901.07,1.122,0.454,5.72,3126.951,146.12,27075.5,1265.217,50.149,75.417,-7.046,-25.504,336.461,1829.904,85.51,7200.221,1.976,0.011,12.583,0.588,29.348,20.056,93.0,-27.214,-32.27,84.404,654.836,30.6,1806.231,10.502,5.031,-6.329,-37.973,412.412,3108.333,145.25,8825.568,49.851,24.583,-6.09,-2.135,-6.301,-11.278,152.825,1235.201,57.72,3270.44,19.81,9.11,-4.567,-37.323,779.997,355.88,16.63,16691.846,-15.761,-0.251,28.697,1.341,5.708,46.494,14.413,4.61,0.0,18.267,2.226,98.653,0.0,308.432,1.582,0.0,0.859,6235.284,1677.629,-6.345,-26.695,259.587,1873.131,87.53,5555.128,30.041,15.473,22.863,4.336,23.944,201.159,9.4,512.395,3.226,1.427,-2.858,-4.183,117.058,918.483,42.92,2505.027,14.73,6.978
Spain,2012,ESP,46756084.0,1453746159616.0,23.498,4.645,522.151,24.414,106.51,4.98,1.695,1.463,328.284,21.116,31.413,3853.444,180.172,1177.815,55.07,-7.097,-2.186,611.958,28.613,18.746,10.8,282.57,293.77,17.609,-0.555,-9.303,35681.477,1.148,-1.875,-23.721,3108.259,145.33,26552.605,1241.496,49.471,74.416,-1.25,-4.205,332.256,1567.924,73.31,7106.158,13.901,0.082,14.324,0.67,24.955,19.916,96.44,-32.851,-28.071,56.333,439.515,20.55,1204.829,6.995,3.377,5.571,14.418,426.83,3174.774,148.44,9128.866,50.529,25.584,-11.2,-3.964,6.477,8.912,161.737,1314.695,61.47,3459.161,20.925,9.695,-6.529,-50.929,729.068,362.52,16.95,15593.004,38.938,0.522,39.849,1.863,5.77,43.701,15.888,4.98,0.0,10.233,1.475,106.51,0.0,339.798,1.695,0.0,0.952,6283.033,1668.326,5.077,5.506,265.093,1860.079,86.97,5669.706,29.605,15.89,37.863,8.866,32.81,256.009,11.97,701.721,4.075,1.967,16.589,18.591,135.649,1058.044,49.47,2901.206,16.84,8.131
Spain,2013,ESP,46603460.0,1429213675520.0,-56.73,-13.85,226.676,10.564,124.454,5.8,2.061,0.667,270.579,-26.433,-47.625,2844.147,132.547,857.018,39.94,-28.361,-8.115,439.835,20.498,14.19,8.363,274.72,281.47,17.76,-5.001,-83.435,34008.008,1.109,-9.697,-120.388,2431.579,113.32,24056.312,1121.107,40.26,70.737,-8.721,-28.975,303.281,1234.672,57.54,6507.691,-2.059,-0.014,14.075,0.656,20.443,19.136,76.16,79.021,43.908,100.241,791.143,36.87,2150.926,13.099,6.325,3.124,36.953,463.783,3608.101,168.15,9951.694,59.74,29.263,-6.75,-2.457,-7.709,-13.367,148.369,1217.292,56.73,3183.657,20.155,9.361,-6.006,-43.788,685.279,339.889,15.84,14704.476,143.676,2.677,97.42,4.54,5.628,43.238,16.888,5.8,0.0,6.297,1.0,124.454,0.0,362.379,2.061,0.0,1.066,6039.681,1584.891,9.103,50.321,315.414,2390.81,111.42,6768.037,39.585,19.901,9.569,2.923,35.733,281.095,13.1,766.738,4.654,2.255,12.725,16.34,151.989,1194.117,55.65,3261.318,19.771,9.59
Spain,2014,ESP,46464548.0,1450312204288.0,5.476,0.579,239.804,11.142,116.433,5.41,1.968,0.716,271.259,2.123,2.814,2913.223,135.362,942.869,43.81,-7.637,-1.565,407.459,18.932,15.934,8.702,271.53,274.94,17.675,-1.851,-29.34,33478.238,1.073,-2.41,-27.016,2310.794,107.37,23546.793,1094.091,39.052,70.335,-9.246,-28.042,275.239,1017.335,47.27,5923.634,-58.973,-0.387,5.792,0.269,17.193,17.694,74.58,6.496,5.872,106.113,843.008,39.17,2283.734,14.247,6.822,0.265,-2.323,461.46,3606.406,167.57,9931.443,60.948,29.665,-3.41,-1.256,1.011,0.603,148.972,1233.414,57.31,3206.151,20.845,9.577,-0.261,-1.789,683.491,350.59,16.29,14709.937,-14.824,-0.673,83.226,3.867,5.925,43.939,17.283,5.41,0.0,2.337,0.395,116.433,0.0,371.956,1.968,0.0,1.111,5917.2,1555.551,-0.083,-2.926,312.488,2372.992,110.26,6725.293,40.103,20.089,4.288,1.309,37.042,294.203,13.67,797.201,4.972,2.381,-6.732,-11.08,140.908,1119.348,52.01,3032.598,18.917,9.058
Spain,2015,ESP,46431344.0,1497526566912.0,2.41,0.269,245.76,11.411,124.054,5.76,2.076,0.725,307.301,17.591,23.811,3428.136,159.173,1106.365,51.37,-23.467,-4.443,312.064,14.49,18.513,10.106,277.35,277.48,17.618,1.248,19.411,33920.238,1.052,5.214,57.043,2653.165,123.19,24792.17,1151.134,44.396,73.09,3.705,10.199,285.438,1130.702,52.5,6147.525,160.229,0.431,15.083,0.7,18.92,18.123,85.27,-28.157,-30.332,75.78,606.056,28.14,1632.092,10.141,4.812,-7.225,-37.632,423.828,3322.971,154.29,9128.066,55.604,26.91,-0.13,-0.047,0.0,-0.887,148.086,1231.927,57.2,3189.345,20.614,9.402,3.37,23.032,706.523,416.098,19.32,15216.509,-25.559,-0.988,61.999,2.879,6.963,44.86,18.4,5.76,0.0,6.467,1.118,124.054,0.0,396.293,2.076,0.0,1.168,5976.136,1574.962,-10.636,-36.745,275.743,2091.044,97.09,5938.721,34.99,17.508,1.356,0.279,37.32,298.505,13.86,803.775,4.995,2.37,-5.168,-8.077,132.831,1062.429,49.33,2860.802,17.778,8.434
Spain,2016,ESP,46473320.0,1417044295680.0,13.395,1.529,278.428,12.939,122.436,5.69,2.098,0.814,268.815,-23.31,-37.103,2626.67,122.07,783.891,36.43,-44.952,-6.513,171.63,7.976,13.433,7.677,278.86,271.19,17.056,0.953,15.012,34212.625,1.122,-0.663,-7.636,2322.408,107.93,24605.465,1143.498,39.799,71.919,2.024,5.778,291.216,1136.781,52.83,6266.304,-12.903,-0.09,13.125,0.61,19.481,18.316,72.9,29.302,21.625,97.406,783.245,36.4,2095.945,13.422,6.126,6.249,22.648,446.477,3512.983,163.26,9607.159,60.201,28.081,7.67,2.75,2.293,2.499,150.585,1261.584,58.63,3240.241,21.62,9.471,3.353,23.689,730.212,401.736,18.67,15712.492,-42.521,-1.224,35.604,1.655,6.884,45.926,18.083,5.69,0.0,-1.726,-0.318,122.436,0.0,389.101,2.098,0.0,1.137,5835.391,1589.974,8.338,20.149,295.892,2251.399,104.63,6366.918,38.582,18.61,-1.564,-0.801,36.519,293.502,13.64,785.813,5.03,2.297,-0.833,-1.886,130.945,1052.217,48.9,2817.63,18.032,8.236
Spain,2017,ESP,46584168.0,1458021990400.0,17.273,2.235,325.745,15.175,130.516,6.08,2.228,0.944,309.967,28.131,34.34,3357.574,156.41,968.784,45.13,64.445,5.14,281.566,13.117,16.537,9.726,282.07,272.9,16.97,1.141,18.137,34520.543,1.103,5.599,64.019,2724.746,126.93,25921.191,1207.517,46.512,75.089,8.896,25.905,317.121,1374.716,64.04,6807.488,0.0,,,,23.466,19.72,84.59,-49.645,-48.645,48.76,393.267,18.32,1046.711,6.713,3.032,-8.532,-45.883,400.594,3133.468,145.97,8599.358,53.488,24.911,9.17,3.251,-0.865,-2.18,148.404,1245.917,58.04,3185.725,21.268,9.228,0.517,3.774,733.986,381.245,17.76,15756.127,0.0,,,,6.508,45.643,19.402,6.08,0.0,7.296,1.319,130.516,0.0,416.498,2.228,0.0,1.207,5858.213,1608.111,-12.355,-43.702,252.19,1887.551,87.93,5413.633,32.221,15.682,4.977,1.592,38.111,309.118,14.4,818.12,5.277,2.37,0.435,-0.203,130.741,1054.65,49.13,2806.559,18.003,8.13
Spain,2018,ESP,46792044.0,1492300201984.0,28.652,4.348,417.215,19.522,126.304,5.91,2.174,1.193,275.416,-14.314,-22.388,2864.202,134.022,797.999,37.34,-21.718,-2.849,219.437,10.268,13.734,8.187,282.98,271.88,16.608,1.801,28.969,34986.293,1.097,-0.867,-10.466,2398.485,112.23,25582.371,1197.051,41.279,73.121,-0.678,-2.149,314.973,1239.527,58.0,6731.326,0.0,,,,21.333,19.24,74.88,87.392,42.078,90.838,733.672,34.33,1941.321,12.627,5.549,11.359,39.435,440.029,3411.905,159.65,9403.923,58.721,26.879,11.1,3.923,-4.037,-6.824,141.58,1191.869,55.77,3025.736,20.513,8.648,1.917,14.071,748.057,360.959,16.89,15986.843,0.0,,,,6.212,45.695,19.714,5.91,0.0,1.605,0.311,126.304,0.0,421.303,2.174,0.0,1.204,5810.39,1637.08,20.044,46.259,298.448,2220.035,103.88,6378.188,38.208,18.231,-11.01,-4.394,33.717,272.268,12.74,720.574,4.686,2.06,3.601,3.916,134.657,1087.792,50.9,2877.774,18.721,8.225
Spain,2019,ESP,47131372.0,,-0.202,-0.039,413.374,19.483,118.18,5.57,2.056,1.224,243.494,-55.989,-75.038,1251.482,58.984,272.854,12.86,-93.33,-9.583,14.531,0.685,4.747,3.706,277.75,270.89,17.022,-2.791,-45.696,33764.863,,-2.472,-29.594,2366.789,111.55,24770.283,1167.457,41.179,73.361,14.215,44.772,359.745,1776.099,83.71,7632.808,0.0,,,,30.902,22.606,65.96,-34.508,-31.566,59.273,523.006,24.65,1257.606,9.1,3.725,-2.986,-16.102,423.927,3380.763,159.34,8994.58,58.821,26.639,6.86,2.47,4.503,5.83,147.41,1238.029,58.35,3127.647,21.54,9.263,0.09,0.672,748.729,317.835,14.98,15885.993,0.0,,,,5.53,47.049,17.995,5.59,0.02,-8.72,-1.719,118.605,0.424,381.798,2.064,0.007,1.131,5747.552,1591.384,-6.362,-21.932,276.517,2142.734,100.99,5866.932,37.281,17.376,18.552,6.108,39.825,320.381,15.1,844.979,5.574,2.503,4.309,5.284,139.941,1180.742,55.65,2969.176,20.543,8.794
Spain,2020,ESP,47363808.0,,-18.236,-3.553,336.331,15.93,129.635,6.14,2.364,1.107,199.515,-41.703,-24.598,725.998,34.386,116.545,5.52,-24.208,-0.166,10.96,0.519,2.125,2.389,263.01,259.73,18.044,-9.547,-151.937,30391.289,,-16.539,-193.091,1850.358,87.64,20571.959,974.366,33.743,67.69,-9.685,-34.842,324.902,1472.432,69.74,6859.716,0.0,,,,26.851,22.571,51.82,35.669,20.847,80.119,644.163,30.51,1691.576,11.747,5.566,7.987,41.154,465.081,3633.365,172.09,9819.329,66.257,32.31,3.28,1.247,0.038,-0.485,146.925,1230.898,58.3,3102.049,22.446,10.207,-17.85,-133.651,615.078,261.381,12.38,12986.243,0.0,,,,4.766,42.73,19.591,6.17,0.03,8.873,1.597,130.268,0.633,413.635,2.376,0.012,1.361,5483.723,1439.447,11.987,41.639,318.156,2402.467,113.79,6717.28,43.811,22.103,36.793,14.453,54.278,436.409,20.67,1145.978,7.958,3.771,6.319,8.296,148.237,1191.627,56.44,3129.761,21.73,10.298
Spain,2021,ESP,47486932.0,,-0.363,-0.058,334.243,15.872,146.145,6.94,2.563,1.029,193.863,3.912,1.345,752.444,35.731,102.344,4.86,-4.875,-0.025,10.398,0.494,1.795,2.316,271.66,270.81,17.552,7.189,103.482,32491.648,,7.989,77.841,1863.671,88.5,22157.836,1052.208,32.68,68.195,5.645,18.341,343.243,1505.677,71.5,7228.157,0.0,,,,26.402,22.246,52.5,-2.887,-2.598,77.522,623.961,29.63,1632.484,10.941,5.024,5.388,25.64,490.721,3839.161,182.31,10333.814,67.32,31.805,0.85,0.313,-2.977,-4.895,142.03,1191.065,56.56,2990.918,20.885,9.205,9.455,58.155,673.233,255.649,12.14,14177.235,0.0,,,,4.483,43.633,21.997,6.96,0.02,12.282,2.406,146.567,0.421,463.233,2.57,0.007,1.426,5702.832,1542.929,9.148,30.536,348.692,2648.097,125.75,7342.896,46.435,22.599,31.116,16.629,70.907,570.683,27.1,1493.184,10.007,4.596,9.952,14.156,162.394,1306.886,62.06,3419.753,22.916,10.525
Spain,2022,ESP,47558632.0,,-2.471,-0.392,325.491,15.48,143.402,6.82,2.395,0.968,217.373,31.289,11.18,986.387,46.911,160.223,7.62,0.0,0.0,10.383,0.494,2.675,2.934,265.01,284.81,17.815,3.615,55.771,33615.332,,6.046,63.62,2231.771,106.14,23462.137,1115.827,37.267,69.796,-3.576,-12.274,330.969,1829.321,87.0,6959.187,0.0,,,,30.547,20.702,61.91,-38.443,-29.976,47.546,395.302,18.8,999.729,6.601,2.974,-1.272,-7.849,482.872,3756.836,178.67,10153.192,62.733,30.204,-19.8,-7.471,3.595,4.569,146.599,1228.589,58.43,3082.48,20.515,9.17,9.612,64.713,737.947,242.227,11.52,15516.564,0.0,,,,4.045,46.159,21.759,6.82,0.0,-1.084,-0.238,143.402,0.0,457.52,2.395,0.0,1.361,5988.607,1598.699,-3.217,-12.418,336.273,2528.248,120.24,7070.712,42.218,21.034,24.579,17.106,88.013,689.044,32.77,1850.617,11.506,5.505,1.035,1.082,163.476,1300.5,61.85,3437.356,21.716,10.226
Sri Lanka,1965,LKA,11035228.0,23850108928.0,,,,,,,,,,,,0.0,0.0,,,,,,,,,,,,,,947.313,0.438,,,,,,,,,,,,,,,,,,,,,,,,1.079,33.076,0.365,97.805,,,,,1.079,33.076,0.365,97.805,,,,,,,,,,,,,,,9.375,,,849.508,,,,,,,0.0,0.0,,,,0.0,,0.0,,,,,10.454,,,1.079,33.076,0.365,97.805,,,,,0.0,0.0,0.0,0.0,,,,,0.0,0.0,0.0,0.0,,
Sri Lanka,1966,LKA,11299725.0,23609036800.0,,,,,,,,,,,0.0,0.0,0.0,,,,,,,,,,,,3.131,0.327,954.108,0.457,,,,,,,,,,,,,,,,,,,,,,9.315,0.101,1.18,35.311,0.399,104.413,,,9.315,0.101,1.18,35.311,0.399,104.413,,,,,,,,,,,,,2.419,0.227,9.601,,,849.695,,,,,,,0.0,0.0,,,0.0,0.0,,0.0,,,,,10.781,9.315,0.101,1.18,35.311,0.399,104.413,,,,0.0,0.0,0.0,0.0,0.0,,,,0.0,0.0,0.0,0.0,0.0,,
Sri Lanka,1967,LKA,11571012.0,25750589440.0,,,,,,,,,,,0.0,0.0,0.0,,,,,,,,,,,,2.463,0.266,954.686,0.429,,,,,,,,,,,,,,,,,,,,,,2.757,0.033,1.212,35.433,0.41,104.776,,,2.757,0.033,1.212,35.433,0.41,104.776,,,,,,,,,,,,,2.427,0.233,9.834,,,849.91,,,,,,,0.0,0.0,,,0.0,0.0,,0.0,,,,,11.047,2.757,0.033,1.212,35.433,0.41,104.776,,,,0.0,0.0,0.0,0.0,0.0,,,,0.0,0.0,0.0,0.0,0.0,,
Sri Lanka,1968,LKA,11846820.0,27687378944.0,,,,,,,,,,,0.0,0.0,0.0,,,,,,,,,,,,3.95,0.436,969.291,0.415,,,,,,,,,,,,,,,,,,,,,,15.61,0.189,1.402,40.011,0.474,118.311,,,15.61,0.189,1.402,40.011,0.474,118.311,,,,,,,,,,,,,2.513,0.247,10.081,,,850.98,,,,,,,0.0,0.0,,,0.0,0.0,,0.0,,,,,11.483,15.61,0.189,1.402,40.011,0.474,118.311,,,,0.0,0.0,0.0,0.0,0.0,,,,0.0,0.0,0.0,0.0,0.0,,
Sri Lanka,1969,LKA,12119211.0,28778194944.0,,,,,,,,,,,0.0,0.0,0.0,,,,,,,,,,,,3.866,0.444,984.131,0.414,,,,,,,,,,,,,,,,,,,,,,15.823,0.222,1.623,45.3,0.549,133.952,,,15.823,0.222,1.623,45.3,0.549,133.952,,,,,,,,,,,,,2.203,0.222,10.304,,,850.18,,,,,,,0.0,0.0,,,0.0,0.0,,0.0,,,,,11.927,15.823,0.222,1.623,45.3,0.549,133.952,,,,0.0,0.0,0.0,0.0,0.0,,,,0.0,0.0,0.0,0.0,0.0,,
Sri Lanka,1970,LKA,12388767.0,30146121728.0,,,,,,,,,,,0.0,0.0,0.0,,,,,,,,,,,,65.706,7.837,1595.282,0.656,,,,,,,,,,,,,,,,,,,,,,34.845,0.566,2.189,59.756,0.74,176.697,,,34.845,0.566,2.189,59.756,0.74,176.697,,,,,,,,,,,,,70.568,7.271,17.575,,,1418.585,,,,,,,0.0,0.0,,,0.0,0.0,,0.0,,,,,19.764,34.845,0.566,2.189,59.756,0.74,176.697,,,,0.0,0.0,0.0,0.0,0.0,,,,0.0,0.0,0.0,0.0,0.0,,
Sri Lanka,1971,LKA,12654656.0,29882785792.0,,,,,,,,,,,0.0,0.0,0.0,,,,,,,,,,,,1.86,0.368,1590.805,0.674,,,,,,,,,,,,,,,,,,,,,,11.509,0.252,2.441,65.233,0.826,192.893,,,11.509,0.252,2.441,65.233,0.826,192.893,,,,,,,,,,,,,0.658,0.116,17.69,,,1397.912,,,,,,,0.0,0.0,,,0.0,0.0,,0.0,,,,,20.131,11.509,0.252,2.441,65.233,0.826,192.893,,,,0.0,0.0,0.0,0.0,0.0,,,,0.0,0.0,0.0,0.0,0.0,,
Sri Lanka,1972,LKA,12914457.0,30521860096.0,,,,,,,,,,,0.0,0.0,0.0,,,,,,,,,,,,4.895,0.985,1635.105,0.692,,,,,,,,,,,,,,,,,,,,,,2.617,0.064,2.505,65.593,0.847,193.958,,,2.617,0.064,2.505,65.593,0.847,193.958,,,,,,,,,,,,,5.209,0.922,18.612,,,1441.146,,,,,,,0.0,0.0,,,0.0,0.0,,0.0,,,,,21.116,2.617,0.064,2.505,65.593,0.847,193.958,,,,0.0,0.0,0.0,0.0,0.0,,,,0.0,0.0,0.0,0.0,0.0,,
Sri Lanka,1973,LKA,13169738.0,31750252544.0,,,,,,,,,,,0.0,0.0,0.0,,,,,,,,,,,,3.494,0.738,1659.427,0.688,,,,,,,,,,,,,,,,,,,,,,-17.873,-0.448,2.057,52.826,0.696,156.205,,,-17.873,-0.448,2.057,52.826,0.696,156.205,,,,,,,,,,,,,6.369,1.185,19.797,,,1503.222,,,,,,,0.0,0.0,,,0.0,0.0,,0.0,,,,,21.854,-17.873,-0.448,2.057,52.826,0.696,156.205,,,,0.0,0.0,0.0,0.0,0.0,,,,0.0,0.0,0.0,0.0,0.0,,
Sri Lanka,1974,LKA,13418276.0,32792926208.0,,,,,,,,,,,0.0,0.0,0.0,,,,,,,,,,,,-14.148,-3.092,1398.266,0.572,,,,,,,,,,,,,,,,,,,,,,43.395,0.893,2.95,74.346,0.998,219.841,,,43.395,0.893,2.95,74.346,0.998,219.841,,,,,,,,,,,,,-20.127,-3.985,15.812,,,1178.424,,,,,,,0.0,0.0,,,0.0,0.0,,0.0,,,,,18.762,43.395,0.893,2.95,74.346,0.998,219.841,,,,0.0,0.0,0.0,0.0,0.0,,,,0.0,0.0,0.0,0.0,0.0,,
Sri Lanka,1975,LKA,13662872.0,33538555904.0,,,,,,,,,,,0.0,0.0,0.0,,,,,,,,,,,,4.334,0.813,1432.75,0.584,,,,,,,,,,,,,,,,,,,,,,7.919,0.234,3.183,78.797,1.077,233.003,,,7.919,0.234,3.183,78.797,1.077,233.003,,,,,,,,,,,,,3.665,0.58,16.392,,,1199.746,,,,,,,0.0,0.0,,,0.0,0.0,,0.0,,,,,19.575,7.919,0.234,3.183,78.797,1.077,233.003,,,,0.0,0.0,0.0,0.0,0.0,,,,0.0,0.0,0.0,0.0,0.0,,
Sri Lanka,1976,LKA,13910170.0,34528292864.0,,,,,,,,,,,0.005,0.369,0.005,,,,,,,,,,,,-1.671,-0.327,1383.759,0.557,,,,,,,,,,,,,,,,,,,,,,3.056,0.097,3.281,79.762,1.11,235.855,,,3.056,0.097,3.281,79.762,1.11,235.855,,,,,,,,,,,,,-2.621,-0.43,15.962,,,1147.536,,,,,,,0.0,0.0,,,0.0,0.0,,0.0,,,,,19.248,3.056,0.097,3.281,79.762,1.11,235.855,,,,0.0,0.0,0.0,0.0,0.0,,,,0.0,0.0,0.0,0.0,0.0,,
Sri Lanka,1977,LKA,14159059.0,36792483840.0,,,,,,,,,,471.426,0.024,2.07,0.029,,,,,,,,,,,,7.439,1.432,1460.562,0.562,,,,,,,,,,,,,,,,,,,,,,9.41,0.309,3.589,85.733,1.214,253.512,,,9.41,0.309,3.589,85.733,1.214,253.512,,,,,,,,,,,,,6.885,1.099,17.061,,,1204.98,,,,,,,0.0,0.0,,,0.0,0.0,,0.0,,,,,20.68,9.41,0.309,3.589,85.733,1.214,253.512,,,,0.0,0.0,0.0,0.0,0.0,,,,0.0,0.0,0.0,0.0,0.0,,
Sri Lanka,1978,LKA,14414817.0,39092871168.0,,,,,,,,,,4.001,0.001,2.114,0.03,,,,,,,,,,,,4.873,1.008,1504.555,0.555,,,,,,,,,,,,,,,,,,,,,,12.555,0.451,4.04,94.784,1.366,280.276,,,12.555,0.451,4.04,94.784,1.366,280.276,,,,,,,,,,,,,3.258,0.556,17.617,,,1222.164,,,,,,,0.0,0.0,,,0.0,0.0,,0.0,,,,,21.688,12.555,0.451,4.04,94.784,1.366,280.276,,,,0.0,0.0,0.0,0.0,0.0,,,,0.0,0.0,0.0,0.0,0.0,,
Sri Lanka,1979,LKA,14680394.0,41652559872.0,,,,,,,,,,-35.096,-0.011,1.348,0.02,,,,,,,,,,,,5.174,1.122,1553.778,0.548,,,,,,,,,,,,,,,,,,,,,,6.99,0.282,4.323,99.575,1.462,294.442,,,6.99,0.282,4.323,99.575,1.462,294.442,,,,,,,,,,,,,4.828,0.85,18.468,,,1257.989,,,,,,,0.0,0.0,,,0.0,0.0,,0.0,,,,,22.81,6.99,0.282,4.323,99.575,1.462,294.442,,,,0.0,0.0,0.0,0.0,0.0,,,,0.0,0.0,0.0,0.0,0.0,,
Sri Lanka,1980,LKA,14943644.0,43918266368.0,,,,,,,,,,34.815,0.007,1.785,0.027,,,,,0.0,0.0,,,,,,0.891,0.203,1540.014,0.524,,,,,,,,,,,,,,,,,0.0,0.0,,,,1.252,0.054,4.377,99.045,1.48,292.876,,,1.252,0.054,4.377,99.045,1.48,292.876,,,,,,,,,,,,,0.771,0.142,18.61,,,1245.353,,,0.0,0.0,,,0.0,0.0,,,0.0,0.0,,0.0,,,,,23.013,1.252,0.054,4.377,99.045,1.48,292.876,,,,0.0,0.0,0.0,0.0,0.0,,,,0.0,0.0,0.0,0.0,0.0,,
Sri Lanka,1981,LKA,15198920.0,46696931328.0,,,,,,,,,,-44.506,-0.012,0.974,0.015,,,,0.0,0.0,0.0,,,,,,4.994,1.149,1589.77,0.517,,,,,,,,,,,,,,,,0.0,0.0,0.0,,,,6.182,0.271,4.647,103.402,1.572,305.759,,,6.182,0.271,4.647,103.402,1.572,305.759,,,,,,,,,,,,,4.786,0.891,19.501,,,1283.037,,0.0,0.0,0.0,,,0.0,0.0,,,0.0,0.0,,0.0,,,,,24.163,6.182,0.271,4.647,103.402,1.572,305.759,,,,0.0,0.0,0.0,0.0,0.0,,,,0.0,0.0,0.0,0.0,0.0,,
Sri Lanka,1982,LKA,15438754.0,49078292480.0,,,,,,,,,,1299.011,0.192,13.412,0.207,,,,0.0,0.0,0.0,,,,,,7.732,1.868,1686.088,0.53,,,,,,,,,,,,,,,,0.0,0.0,0.0,,,,2.291,0.106,4.754,104.128,1.608,307.904,,,2.291,0.106,4.754,104.128,1.608,307.904,,,,,,,,,,,,,8.049,1.57,21.07,,,1364.773,,0.0,0.0,0.0,,,0.0,0.0,,,0.0,0.0,,0.0,,,,,26.031,2.291,0.106,4.754,104.128,1.608,307.904,,,,0.0,0.0,0.0,0.0,0.0,,,,0.0,0.0,0.0,0.0,0.0,,
Sri Lanka,1983,LKA,15658448.0,51583627264.0,,,,,,,,,,0.495,0.001,13.289,0.208,,,,0.0,0.0,0.0,,,,,,-1.375,-0.358,1639.57,0.498,,,,,,,,,,,,,,,,0.0,0.0,0.0,,,,-24.285,-1.154,3.599,77.734,1.217,229.86,,,-24.285,-1.154,3.599,77.734,1.217,229.86,,,,,,,,,,,,,3.775,0.795,21.866,,,1396.421,,0.0,0.0,0.0,,,0.0,0.0,,,0.0,0.0,,0.0,,,,,25.673,-24.285,-1.154,3.599,77.734,1.217,229.86,,,,0.0,0.0,0.0,0.0,0.0,,,,0.0,0.0,0.0,0.0,0.0,,
Sri Lanka,1984,LKA,15872577.0,54113816576.0,,,,,,,,,,94.366,0.196,25.481,0.404,,,,0.0,0.0,0.0,,,,,,6.006,1.542,1714.594,0.503,,,,,,,,,,,,,,,,0.0,0.0,0.0,,,,71.886,2.587,6.187,131.812,2.092,389.767,,,71.886,2.587,6.187,131.812,2.092,389.767,,,,,,,,,,,,,-5.679,-1.242,20.624,,,1299.346,,0.0,0.0,0.0,,,0.0,0.0,,,0.0,0.0,,0.0,,,,,27.215,71.886,2.587,6.187,131.812,2.092,389.767,,,,0.0,0.0,0.0,0.0,0.0,,,,0.0,0.0,0.0,0.0,0.0,,
Sri Lanka,1985,LKA,16092339.0,56399376384.0,,,,,,,,,,-39.493,-0.16,15.207,0.245,,,,0.0,0.0,0.0,,,,2.465,9.593,-5.582,-1.519,1596.779,0.456,,,,,,,,,,,,,,,,0.0,0.0,0.0,,,,14.501,0.897,7.084,148.866,2.396,440.195,97.185,,14.501,0.897,7.084,148.866,2.396,440.195,97.185,,,,,,0.0,0.0,0.0,0.0,0.0,,-10.941,-2.257,18.367,,,1141.377,,0.0,0.0,0.0,,,0.0,0.0,,,0.0,0.0,,0.0,0.0,,,153.178,25.696,14.501,0.897,7.084,148.866,2.396,440.195,97.185,,,0.0,0.0,0.0,0.0,0.0,0.0,,,0.0,0.0,0.0,0.0,0.0,0.0,
Sri Lanka,1986,LKA,16317998.0,59240607744.0,,,,,,,,,,-62.575,-0.153,5.613,0.092,,,,0.0,0.0,0.0,,,,2.652,9.804,5.26,1.352,1657.521,0.457,,,,,,,,,,,,,,,,0.0,0.0,0.0,,,,10.415,0.738,7.822,162.097,2.645,479.319,99.751,,10.415,0.738,7.822,162.097,2.645,479.319,99.751,,,,,0.0,0.0,0.0,0.0,0.0,0.0,,4.175,0.767,19.134,,,1172.589,,0.0,0.0,0.0,,,0.0,0.0,,,0.0,0.0,,0.0,0.0,,,162.502,27.047,10.415,0.738,7.822,162.097,2.645,479.319,99.751,,,0.0,0.0,0.0,0.0,0.0,0.0,,,0.0,0.0,0.0,0.0,0.0,0.0,
Sri Lanka,1987,LKA,16547143.0,59820584960.0,,,,,,,,,,-6.4,-0.006,5.181,0.086,,,,0.0,0.0,0.0,,,,2.707,9.734,2.831,0.766,1680.844,0.465,,,,,,,,,,,,,,,,0.0,0.0,0.0,,,,-17.697,-1.384,6.437,131.563,2.177,389.032,80.415,,-17.697,-1.384,6.437,131.563,2.177,389.032,80.415,,,,,0.0,0.0,0.0,0.0,0.0,0.0,,11.267,2.156,21.29,,,1286.632,,0.0,0.0,0.0,,,0.0,0.0,,,0.0,0.0,,0.0,0.0,,,163.605,27.813,-17.697,-1.384,6.437,131.563,2.177,389.032,80.415,,,0.0,0.0,0.0,0.0,0.0,0.0,,,0.0,0.0,0.0,0.0,0.0,0.0,
Sri Lanka,1988,LKA,16773736.0,61408886784.0,,,,,,,,,,-48.718,-0.042,2.621,0.044,,,,0.0,0.0,0.0,,,,2.798,10.17,-1.068,-0.297,1640.432,0.448,,,,,,,,,,,,,,,,0.0,0.0,0.0,,,,19.279,1.241,7.678,154.807,2.597,457.764,92.792,,19.279,1.241,7.678,154.807,2.597,457.764,92.792,,,,,0.0,0.0,0.0,0.0,0.0,0.0,,-7.028,-1.496,19.794,,,1180.047,,0.0,0.0,0.0,,,0.0,0.0,,,0.0,0.0,,0.0,0.0,,,166.832,27.516,19.279,1.241,7.678,154.807,2.597,457.764,92.792,,,0.0,0.0,0.0,0.0,0.0,0.0,,,0.0,0.0,0.0,0.0,0.0,0.0,
Sri Lanka,1989,LKA,16990582.0,63032209408.0,,,,,,,,,,-88.333,-0.039,0.302,0.005,,,,0.0,0.0,0.0,,,,2.858,10.666,-2.619,-0.721,1577.079,0.425,,,,,,,,,,,,,,,,0.0,0.0,0.0,,,,7.875,0.605,8.283,164.868,2.801,487.512,98.016,,7.875,0.605,8.283,164.868,2.801,487.512,98.016,,,,,0.0,0.0,0.0,0.0,0.0,0.0,,-6.5,-1.287,18.507,,,1089.265,,0.0,0.0,0.0,,,0.0,0.0,,,0.0,0.0,,0.0,0.0,,,168.205,26.795,7.875,0.605,8.283,164.868,2.801,487.512,98.016,,,0.0,0.0,0.0,0.0,0.0,0.0,,,0.0,0.0,0.0,0.0,0.0,0.0,
Sri Lanka,1990,LKA,17204098.0,67098669056.0,,,,,,,,,,-100.0,-0.005,0.0,0.0,,,,0.0,0.0,0.0,,,,3.15,10.539,11.537,3.091,1737.202,0.445,,,,,,,,,,,,,,,,0.0,0.0,0.0,,,,12.266,1.016,9.299,182.794,3.145,540.519,99.841,,12.266,1.016,9.299,182.794,3.145,540.519,99.841,,,,,0.0,0.0,0.0,0.0,0.0,0.0,,11.242,2.081,20.588,,,1196.683,,0.0,0.0,0.0,,,0.0,0.0,,,0.0,0.0,,0.0,0.0,,,183.084,29.887,12.266,1.016,9.299,182.794,3.145,540.519,99.841,,,0.0,0.0,0.0,0.0,0.0,0.0,,,0.0,0.0,0.0,0.0,0.0,0.0,
Sri Lanka,1991,LKA,17416596.0,74080436224.0,,,,,,,,,,,0.007,0.379,0.007,,,,0.0,0.0,0.0,,,,3.377,11.322,-0.202,-0.06,1712.537,0.403,,,,,,,,,,,,,,,,0.0,0.0,0.0,,,,-0.897,-0.083,9.216,178.944,3.117,529.136,92.286,,-0.897,-0.083,9.216,178.944,3.117,529.136,92.286,,,,,0.0,0.0,0.0,0.0,0.0,0.0,,0.08,0.016,20.604,,,1183.022,,0.0,0.0,0.0,,,0.0,0.0,,,0.0,0.0,,0.0,0.0,,,193.901,29.827,-0.897,-0.083,9.216,178.944,3.117,529.136,92.286,,,0.0,0.0,0.0,0.0,0.0,0.0,,,0.0,0.0,0.0,0.0,0.0,0.0,
Sri Lanka,1992,LKA,17624462.0,71480508416.0,,,,,,,,,,0.0,0.0,0.374,0.007,,,,0.0,0.0,0.0,,,,3.54,11.062,7.282,2.172,1815.572,0.448,,,,,,,,,,,,,,,,0.0,0.0,0.0,,,,-6.953,-0.641,8.575,164.538,2.9,486.538,81.925,,-6.953,-0.641,8.575,164.538,2.9,486.538,81.925,,,,,0.0,0.0,0.0,0.0,0.0,0.0,,13.651,2.813,23.417,,,1328.659,,0.0,0.0,0.0,,,0.0,0.0,,,0.0,0.0,,0.0,0.0,,,200.84,31.998,-6.953,-0.641,8.575,164.538,2.9,486.538,81.925,,,0.0,0.0,0.0,0.0,0.0,0.0,,,0.0,0.0,0.0,0.0,0.0,0.0,
Sri Lanka,1993,LKA,17825610.0,76299010048.0,,,,,,,,,,-32.222,-0.002,0.251,0.004,,,,0.0,0.0,0.0,,,,3.979,11.4,9.07,2.902,1957.905,0.457,,,,,,,,,,,,,,,,0.0,0.0,0.0,,,,30.901,2.65,11.225,212.952,3.796,629.697,95.408,,30.901,2.65,11.225,212.952,3.796,629.697,95.408,,,,,0.0,0.0,0.0,0.0,0.0,0.0,,1.088,0.255,23.672,,,1327.958,,0.0,0.0,0.0,,,0.0,0.0,,,0.0,0.0,,0.0,0.0,,,223.201,34.901,30.901,2.65,11.225,212.952,3.796,629.697,95.408,,,0.0,0.0,0.0,0.0,0.0,0.0,,,0.0,0.0,0.0,0.0,0.0,0.0,
Sri Lanka,1994,LKA,18011746.0,81620721664.0,,,,,,,,,,-9.836,-0.0,0.224,0.004,,,,0.0,0.0,0.0,,,,4.387,11.602,8.334,2.909,2099.156,0.463,,,,,,,,,,,,,,,,0.0,0.0,0.0,,,,7.721,0.867,12.091,227.024,4.089,671.308,93.215,,7.721,0.867,12.091,227.024,4.089,671.308,93.215,,,,,0.0,0.0,0.0,0.0,0.0,0.0,,8.628,2.042,25.714,,,1427.625,,0.0,0.0,0.0,,,0.0,0.0,,,0.0,0.0,,0.0,0.0,,,243.548,37.809,7.721,0.867,12.091,227.024,4.089,671.308,93.215,,,0.0,0.0,0.0,0.0,0.0,0.0,,,0.0,0.0,0.0,0.0,0.0,0.0,
Sri Lanka,1995,LKA,18177570.0,85976457216.0,,,,,,,,,,189.09,0.008,0.641,0.012,,,,0.0,0.0,0.0,,,,4.8,11.784,7.746,2.929,2241.126,0.474,,,,,,,,,,,,,,,,0.0,0.0,0.0,,,,10.393,1.257,13.348,248.334,4.514,734.32,94.036,,10.393,1.257,13.348,248.334,4.514,734.32,94.036,,,,,0.0,0.0,0.0,0.0,0.0,0.0,,6.473,1.664,27.378,,,1506.166,,0.0,0.0,0.0,,,0.0,0.0,,,0.0,0.0,,0.0,0.0,,,264.085,40.738,10.393,1.257,13.348,248.334,4.514,734.32,94.036,,,0.0,0.0,0.0,0.0,0.0,0.0,,,0.0,0.0,0.0,0.0,0.0,0.0,
Sri Lanka,1996,LKA,18322504.0,95501516800.0,,,,,,,,,,-79.245,-0.009,0.132,0.002,,,,0.0,0.0,0.0,,,,4.528,10.566,5.196,2.117,2338.919,0.449,,,,,,,,,,,,,,,,0.0,0.0,0.0,,,,-27.961,-3.732,9.616,177.481,3.252,524.81,71.818,,-27.961,-3.732,9.616,177.481,3.252,524.81,71.818,,,,,0.0,0.0,0.0,0.0,0.0,0.0,,21.397,5.858,33.237,,,1813.977,,0.0,0.0,0.0,,,0.0,0.0,,,0.0,0.0,,0.0,0.0,,,247.126,42.855,-27.961,-3.732,9.616,177.481,3.252,524.81,71.818,,,0.0,0.0,0.0,0.0,0.0,0.0,,,0.0,0.0,0.0,0.0,0.0,0.0,
Sri Lanka,1997,LKA,18449120.0,104208875520.0,,,,,,,,,,-100.0,-0.002,0.0,0.0,,,,0.0,0.0,0.0,,,,5.144,11.629,3.217,1.379,2397.603,0.424,,,,,,,,,,,,,,,,0.0,0.0,0.0,,,,6.008,0.578,10.194,186.853,3.447,552.522,67.016,,6.008,0.578,10.194,186.853,3.447,552.522,67.016,,,,,0.0,0.0,0.0,0.0,0.0,0.0,,2.418,0.804,34.04,,,1845.081,,0.0,0.0,0.0,,,0.0,0.0,,,0.0,0.0,,0.0,0.0,,,278.818,44.234,6.008,0.578,10.194,186.853,3.447,552.522,67.016,,,0.0,0.0,0.0,0.0,0.0,0.0,,,0.0,0.0,0.0,0.0,0.0,0.0,
Sri Lanka,1998,LKA,18560806.0,101234851840.0,,,,,,,,,,,0.002,0.122,0.002,,,,0.0,0.0,0.0,,,,5.675,12.035,6.606,2.922,2540.602,0.466,,,,,,,,,,,,,,,,0.0,0.0,0.0,,,,13.567,1.383,11.576,210.926,3.915,623.705,68.981,,13.567,1.383,11.576,210.926,3.915,623.705,68.981,,,,,0.0,0.0,0.0,0.0,0.0,0.0,,4.515,1.537,35.577,,,1916.774,,0.0,0.0,0.0,,,0.0,0.0,,,0.0,0.0,,0.0,0.0,,,305.773,47.156,13.567,1.383,11.576,210.926,3.915,623.705,68.981,,,0.0,0.0,0.0,0.0,0.0,0.0,,,0.0,0.0,0.0,0.0,0.0,0.0,
Sri Lanka,1999,LKA,18670408.0,102672506880.0,,,,,,,,,,-100.0,-0.002,0.0,0.0,,,,0.0,0.0,0.0,,,,6.281,12.383,7.557,3.564,2716.56,0.494,,,,,,,,,,,,,,,,0.0,0.0,0.0,,,,6.706,0.776,12.353,223.749,4.177,661.625,66.513,,6.796,0.787,12.363,223.937,4.181,662.179,66.568,,,,,0.0,0.0,0.0,0.0,0.0,0.0,,7.812,2.779,38.356,,,2054.381,,0.0,0.0,0.0,,,0.0,0.0,,,0.0,0.0,,0.0,0.0,,,336.401,50.719,6.796,0.787,12.363,223.937,4.181,662.179,66.568,,,0.0,0.0,0.0,0.0,0.0,0.0,,,0.01,0.01,0.187,0.004,0.554,0.056,
Sri Lanka,2000,LKA,18776374.0,109929504768.0,,,,,0.0,0.0,0.0,,368.992,,0.004,0.211,0.004,0.0,0.0,,0.0,0.0,0.0,0.0,,6.45,6.45,12.046,5.574,2.827,2851.808,0.487,,,174.688,3.28,,,50.853,,,,,0.0,0.0,,,0.0,0.0,0.0,0.0,,2.38,-23.298,-2.878,9.475,168.297,3.16,504.613,48.992,,-23.271,-2.877,9.486,168.829,3.17,505.217,49.147,,0.0,0.0,,,,0.0,0.0,,0.0,,14.862,5.7,44.057,174.688,3.28,2346.381,,0.0,0.0,0.0,50.853,,0.0,0.0,0.0,,0.0,0.0,0.0,0.0,0.0,0.0,,343.517,53.547,-23.271,-2.877,9.486,168.829,3.17,505.217,49.147,,,0.001,0.001,0.533,0.01,0.068,0.155,,-2.857,-0.0,0.01,0.0,0.0,0.535,0.0,
Sri Lanka,2001,LKA,18920278.0,106524524544.0,,,,,0.0,0.0,0.0,,379.786,-74.074,-0.003,0.054,0.001,0.0,0.0,,0.0,0.0,0.0,0.0,,6.53,6.53,12.55,-2.827,-1.514,2750.116,0.488,,,181.816,3.44,,,52.68,,,,,0.0,0.0,,,0.0,0.0,0.0,0.0,,2.48,-2.695,-0.315,9.16,162.788,3.08,484.114,47.167,,-2.674,-0.314,9.172,163.317,3.09,484.797,47.32,,0.0,0.0,,,,0.0,0.0,,0.0,,-2.717,-1.197,42.859,181.816,3.44,2265.265,,0.0,0.0,0.0,52.68,,0.0,0.0,0.0,,0.0,0.0,0.0,0.0,0.0,0.0,,345.132,52.033,-2.674,-0.314,9.172,163.317,3.09,484.797,47.32,,109.05,0.001,0.003,0.529,0.01,0.14,0.153,,2.941,0.0,0.01,0.0,0.0,0.543,0.0,
Sri Lanka,2002,LKA,19110706.0,109263151104.0,,,,,0.0,0.0,0.0,,432.353,12235.705,0.126,6.621,0.127,0.0,0.0,,0.0,0.0,0.0,0.0,,6.8,6.8,12.708,2.837,1.476,2799.956,0.49,,,215.586,4.12,,,60.588,,,,,0.0,0.0,,,0.0,0.0,0.0,0.0,,2.94,-13.388,-1.278,7.882,139.712,2.67,412.442,39.265,,-13.347,-1.276,7.897,140.236,2.68,413.222,39.412,,0.0,0.0,,,,0.0,0.0,,0.0,,6.127,2.626,45.486,215.586,4.12,2380.113,,0.0,0.0,0.0,60.588,,0.0,0.0,0.0,,0.0,0.0,0.0,0.0,0.0,0.0,,355.822,53.509,-13.347,-1.276,7.897,140.236,2.68,413.222,39.412,,66.218,0.002,0.004,0.523,0.01,0.229,0.147,,3.021,0.0,0.011,0.0,0.0,0.551,0.0,
Sri Lanka,2003,LKA,19303182.0,114821947392.0,,,,,0.0,0.0,0.0,,402.159,449.16,0.568,35.998,0.695,0.0,0.0,,0.0,0.0,0.0,0.0,,7.41,7.41,13.458,2.901,1.553,2852.466,0.48,,,214.472,4.14,,,55.87,,,,,0.0,0.0,,,0.0,0.0,0.0,0.0,,2.98,22.898,1.743,9.625,168.884,3.26,498.61,43.995,,22.88,1.745,9.642,169.402,3.27,499.483,44.13,,0.0,0.0,,,,0.0,0.0,,0.0,,-1.672,-0.76,44.725,214.472,4.14,2316.985,,0.0,0.0,0.0,55.87,,0.0,0.0,0.0,,0.0,0.0,0.0,0.0,0.0,0.0,,383.875,55.062,22.88,1.745,9.642,169.402,3.27,499.483,44.13,,60.147,0.003,0.007,0.518,0.01,0.361,0.135,,-5.547,-0.001,0.01,0.0,0.0,0.512,0.0,
Sri Lanka,2004,LKA,19490434.0,120199782400.0,,,,,0.0,0.0,0.0,,447.97,-73.693,-0.512,9.379,0.183,0.0,0.0,,0.0,0.0,0.0,0.0,,7.88,7.88,14.727,-2.824,-1.555,2745.289,0.445,,,253.458,4.94,,,62.69,,,,,0.0,0.0,,,0.0,0.0,0.0,0.0,,3.53,-10.532,-1.068,8.556,150.33,2.93,438.998,37.183,,-10.497,-1.067,8.575,150.843,2.94,439.941,37.31,,0.0,0.0,,,,0.0,0.0,,0.0,,0.054,0.024,44.749,253.458,4.94,2295.969,,0.0,0.0,0.0,62.69,,0.0,0.0,0.0,,0.0,0.0,0.0,0.02,0.0,0.0,,404.301,53.507,-10.497,-1.067,8.575,150.843,2.94,439.941,37.31,,47.216,0.003,0.01,0.513,0.01,0.523,0.127,,-20.553,-0.002,0.008,0.0,0.0,0.4,0.0,
Sri Lanka,2005,LKA,19673866.0,126997200896.0,,,,,0.0,0.0,0.0,,440.09,271.703,0.497,34.538,0.679,0.0,0.0,,0.0,0.0,0.0,0.0,,8.93,8.93,14.453,15.474,8.28,3140.531,0.487,,,279.559,5.5,,,61.59,,,,,0.0,0.0,,,0.0,0.0,0.0,0.0,,3.93,16.513,1.35,9.906,173.835,3.42,503.514,38.298,,16.576,1.359,9.933,174.343,3.43,504.906,38.41,,0.0,0.0,,,,0.0,0.0,,0.0,,14.356,6.424,51.173,279.559,5.5,2601.087,,0.0,0.0,0.0,61.59,,0.007,0.0,0.0,1800.0,0.007,0.0,0.0,0.37,0.0,0.0,,453.902,61.786,16.576,1.359,9.933,174.343,3.43,504.906,38.41,,30.411,0.003,0.013,0.508,0.01,0.672,0.112,,-11.088,-0.001,0.007,0.0,0.0,0.35,0.0,
Sri Lanka,2006,LKA,19870706.0,136077287424.0,,,,,0.0,0.0,0.0,,390.012,-24.995,-0.17,25.649,0.51,0.0,0.0,,0.0,0.0,0.0,0.0,,8.41,8.41,12.678,7.36,4.548,3338.283,0.487,,,228.98,4.55,,,54.102,,,,,0.0,0.0,,,0.0,0.0,0.0,0.0,,3.28,34.22,3.306,13.212,193.753,3.85,664.913,45.779,,34.133,3.306,13.24,194.256,3.86,666.3,45.898,,0.0,0.0,,,,0.0,0.0,,0.0,,2.757,1.411,52.585,228.98,4.55,2646.334,,0.0,0.0,0.0,54.102,,0.006,0.0,0.0,-21.93,-0.002,0.0,0.0,0.286,0.0,0.0,,423.236,66.334,34.133,3.306,13.24,194.256,3.86,666.3,45.898,,16.715,0.002,0.015,0.503,0.01,0.771,0.119,,-4.157,-0.0,0.007,0.0,0.0,0.33,0.0,
Sri Lanka,2007,LKA,20078652.0,144588128256.0,,,,,0.498,0.01,0.105,,419.558,-2.444,-0.012,24.763,0.497,0.0,0.0,,0.0,0.0,0.0,0.0,0.737,9.51,9.51,14.101,1.667,1.106,3358.799,0.466,,,277.409,5.57,2800.279,56.226,58.57,83.371,,,0.0,0.0,0.0,0.0,,0.0,0.0,0.0,0.0,0.0,3.99,-14.793,-2.025,11.187,194.734,3.91,557.179,41.115,16.589,-14.765,-2.026,11.214,196.228,3.94,558.52,41.43,16.629,0.0,0.0,,,,0.0,0.0,,0.0,,5.979,3.144,55.729,277.409,5.57,2775.516,,0.0,0.0,0.0,58.57,82.634,0.004,0.01,0.0,-38.202,-0.002,0.498,0.0,0.175,0.105,0.0,0.005,473.637,67.44,-14.765,-2.026,11.214,196.228,3.94,558.52,41.43,16.629,10.947,0.002,0.017,0.996,0.02,0.842,0.21,0.025,0.0,-0.0,0.007,0.0,0.0,0.325,0.0,0.01
Sri Lanka,2008,LKA,20285640.0,152344330240.0,,,,,2.465,0.05,0.52,,408.524,34.822,0.173,33.045,0.67,0.0,0.0,,0.0,0.0,0.0,0.0,,9.62,9.62,15.132,-5.73,-3.864,3134.03,0.417,0.0,,269.156,5.46,,,56.757,,,,,0.0,0.0,,,0.0,0.0,0.0,0.0,,3.93,4.618,0.444,11.631,201.62,4.09,573.38,42.516,,4.757,0.462,11.677,205.071,4.16,575.612,43.243,,0.0,0.0,,,,0.0,0.0,,0.0,,-8.075,-4.5,51.229,269.156,5.46,2525.373,,0.0,0.0,0.0,56.757,,0.018,0.05,0.0,420.0,0.015,2.465,0.0,0.9,0.52,0.0,,474.227,63.576,4.757,0.462,11.677,205.071,4.16,575.612,43.243,,6.671,0.001,0.018,0.986,0.02,0.883,0.208,,40.594,0.003,0.009,0.0,0.0,0.449,0.0,
Sri Lanka,2009,LKA,20482484.0,156834529280.0,,,,,2.441,0.05,0.52,,423.517,1.782,0.012,33.31,0.682,0.0,0.0,,0.0,0.0,0.0,0.0,,9.61,9.61,14.909,1.391,0.884,3147.071,0.411,0.0,,276.822,5.67,,,59.001,,,,,0.0,0.0,,,0.0,0.0,0.0,0.0,,4.07,-5.993,-0.765,10.867,188.942,3.87,530.539,40.271,,-5.539,-0.708,10.969,192.359,3.94,535.528,40.999,,0.0,0.0,,,,0.0,0.0,,0.0,,3.084,1.58,52.809,276.822,5.67,2578.233,,0.0,0.0,0.0,59.001,,0.073,0.05,0.0,302.273,0.055,2.441,0.0,3.586,0.52,0.0,,469.181,64.46,-5.539,-0.708,10.969,192.359,3.94,535.528,40.999,,6.473,0.001,0.019,0.976,0.02,0.925,0.208,,8.011,0.001,0.01,0.0,0.0,0.477,0.0,
Sri Lanka,2010,LKA,20668556.0,168381513728.0,,,,,1.935,0.04,0.383,,332.057,2.159,0.015,33.723,0.697,0.0,0.0,,0.0,0.0,0.0,0.0,,10.45,10.45,15.011,7.999,5.156,3368.203,0.413,0.0,,230.302,4.76,,,45.55,,,,,0.0,0.0,,,0.0,0.0,0.0,0.0,,3.47,45.063,4.8,15.667,269.975,5.58,758.007,53.397,,46.198,4.969,15.938,275.297,5.69,771.134,54.45,,0.0,0.0,,,,0.0,0.0,,0.0,,0.326,0.172,52.981,230.302,4.76,2563.346,,0.0,0.0,0.0,45.55,,0.104,0.04,0.0,41.286,0.03,1.935,0.0,5.021,0.383,0.0,,505.599,69.616,46.198,4.969,15.938,275.297,5.69,771.134,54.45,,6.006,0.001,0.02,0.968,0.02,0.966,0.191,,1418.271,0.138,0.148,2.419,0.05,7.139,0.478,
Sri Lanka,2011,LKA,20859746.0,181535899648.0,,,,,1.918,0.04,0.357,,427.167,399.063,2.781,166.757,3.479,55.13,1.15,,0.0,0.0,0.0,10.277,,11.19,11.19,14.806,8.566,5.963,3623.197,0.416,0.0,,310.167,6.47,,,57.819,,,,,0.0,0.0,,,0.0,0.0,0.0,0.0,,4.78,-18.791,-3.022,12.645,219.082,4.57,606.209,40.84,,-17.805,-2.915,13.023,226.273,4.72,624.318,42.181,,0.0,0.0,,,,0.0,0.0,,0.0,,11.507,6.097,59.077,255.037,5.32,2832.122,,0.0,0.0,0.0,47.542,,0.101,0.04,0.0,-2.719,-0.003,1.918,0.0,4.84,0.357,0.0,,536.44,75.579,-17.805,-2.915,13.023,226.273,4.72,624.318,42.181,,21.106,0.004,0.024,0.959,0.02,1.152,0.179,,72.344,0.105,0.253,4.315,0.09,12.117,0.804,
Sri Lanka,2012,LKA,21017150.0,198073286656.0,,,,,2.379,0.05,0.44,,508.355,52.456,1.825,252.326,5.303,66.612,1.4,,0.0,0.0,0.0,12.313,,11.37,11.37,14.586,3.14,2.373,3708.993,0.394,0.0,,375.408,7.89,,,69.393,,,,,0.0,0.0,,,0.0,0.0,0.0,0.0,,5.78,-27.962,-3.591,9.054,155.111,3.26,430.806,28.672,,-26.182,-3.468,9.555,165.579,3.48,454.632,30.607,,0.0,0.0,,,,0.0,0.0,,0.0,,6.799,4.017,63.094,308.795,6.49,3002.034,,0.0,0.0,0.0,57.08,,0.071,0.05,0.0,-29.89,-0.03,2.379,0.0,3.368,0.44,0.0,,540.987,77.952,-26.182,-3.468,9.555,165.579,3.48,454.632,30.607,,14.846,0.003,0.027,0.952,0.02,1.306,0.176,,60.235,0.15,0.403,7.137,0.15,19.153,1.319,
Sri Lanka,2013,LKA,21131762.0,204781568000.0,,,,,1.893,0.04,0.343,,295.026,5.199,0.276,264.004,5.579,40.697,0.86,,0.0,0.0,0.0,7.376,,11.66,11.66,14.72,1.619,1.262,3748.582,0.387,0.0,,213.896,4.52,,,38.765,,,,,0.0,0.0,,,0.0,0.0,0.0,0.0,,3.44,109.839,9.831,18.885,324.157,6.85,893.682,58.748,,106.96,10.093,19.648,337.88,7.14,929.778,61.235,,0.0,0.0,,,,0.0,0.0,,0.0,,-14.434,-9.107,53.987,173.199,3.66,2554.799,,0.0,0.0,0.0,31.389,,0.084,0.04,0.0,19.014,0.013,1.893,0.0,3.986,0.343,0.0,,551.776,79.214,106.96,10.093,19.648,337.88,7.14,929.778,61.235,,43.719,0.012,0.039,0.946,0.02,1.855,0.172,,59.788,0.237,0.639,10.884,0.23,30.255,1.973,
Sri Lanka,2014,LKA,21239448.0,215248519168.0,,,,,2.825,0.06,0.501,,454.47,91.924,5.128,504.119,10.707,136.068,2.89,,0.0,0.0,0.0,24.144,,11.97,11.97,14.062,7.458,5.908,4007.714,0.395,0.0,,334.284,7.1,,,59.315,,,,,0.0,0.0,,,0.0,0.0,0.0,0.0,,5.44,-34.154,-6.524,12.361,212.341,4.51,581.967,37.678,,-31.924,-6.341,13.307,229.29,4.87,626.522,40.685,,0.0,0.0,,,,0.0,0.0,,0.0,,13.188,7.12,61.107,198.216,4.21,2877.074,,0.0,0.0,0.0,35.171,,0.132,0.06,0.0,56.857,0.048,2.825,0.0,6.221,0.501,0.0,,563.574,85.122,-31.924,-6.341,13.307,229.29,4.87,626.522,40.685,,95.257,0.037,0.076,1.412,0.03,3.582,0.251,,16.144,0.099,0.738,12.712,0.27,34.752,2.256,
Sri Lanka,2015,LKA,21336692.0,226113847296.0,,,,,2.812,0.06,0.472,,389.151,34.573,3.702,675.316,14.409,128.886,2.75,,0.0,0.0,0.0,21.619,,12.72,12.72,13.316,12.219,10.401,4476.931,0.422,0.0,,299.015,6.38,,,50.157,,,,,0.0,0.0,,,0.0,0.0,0.0,0.0,,4.95,31.062,3.743,16.104,276.988,5.91,754.741,46.462,,31.084,4.035,17.342,297.141,6.34,812.782,49.843,,0.0,0.0,,,,0.0,0.0,,0.0,,4.36,2.664,63.772,170.129,3.63,2988.833,,0.0,0.0,0.0,28.538,,0.183,0.06,0.0,38.453,0.051,2.812,0.0,8.574,0.472,0.0,,596.156,95.523,31.084,4.035,17.342,297.141,6.34,812.782,49.843,,73.479,0.055,0.131,1.406,0.03,6.149,0.236,,25.97,0.186,0.924,15.935,0.34,43.318,2.673,
Sri Lanka,2016,LKA,21425494.0,236870762496.0,,,,,5.134,0.11,0.804,,504.748,5.864,0.845,711.957,15.254,183.426,3.93,,0.0,0.0,0.0,28.707,,13.69,13.69,13.098,9.415,8.994,4878.142,0.441,0.0,,420.527,9.01,,,65.814,,,,,0.0,0.0,,,0.0,0.0,0.0,0.0,,6.91,-29.237,-4.776,11.328,195.095,4.18,528.716,30.533,,-26.408,-4.639,12.703,218.431,4.68,592.894,34.186,,0.0,0.0,,,,0.0,0.0,,0.0,,20.052,12.788,76.56,237.101,5.08,3573.291,,0.0,0.0,0.0,37.107,,0.23,0.11,0.0,25.563,0.047,5.134,0.0,10.721,0.804,0.0,,638.958,104.517,-26.408,-4.639,12.703,218.431,4.68,592.894,34.186,,70.3,0.091,0.222,2.334,0.05,10.367,0.365,,0.484,-0.001,0.923,15.869,0.34,43.09,2.484,
Sri Lanka,2017,LKA,21506816.0,245345992704.0,,,,,6.045,0.13,0.885,,526.889,3.588,0.547,734.713,15.801,204.586,4.4,,,,,29.952,,14.69,14.69,14.452,-2.745,-2.869,4726.284,0.414,0.0,,469.619,10.1,,,68.754,,,,,0.0,0.0,,,,,,0.0,,7.74,-4.731,-0.599,10.729,185.058,3.98,498.847,27.093,,-0.878,-0.187,12.516,213.421,4.59,581.975,31.246,,0.0,0.0,,,,0.0,0.0,,0.0,,-4.219,-3.23,73.33,265.032,5.7,3409.596,,,,,38.802,,0.214,0.13,0.0,-6.893,-0.016,6.045,0.0,9.945,0.885,0.0,,683.039,101.647,-0.878,-0.187,12.516,213.421,4.59,581.975,31.246,,170.712,0.376,0.598,5.115,0.11,27.794,0.749,,6.362,0.053,0.976,17.204,0.37,45.39,2.519,
Sri Lanka,2018,LKA,21580712.0,253457137664.0,,,,,6.487,0.14,0.936,,411.096,-3.363,-0.531,707.576,15.27,162.182,3.5,,,,,23.396,,14.96,14.96,14.214,3.541,3.599,4876.866,0.415,0.0,,366.994,7.92,,,52.941,,,,,0.0,0.0,,,,,,0.0,,6.15,59.04,6.234,16.963,293.781,6.34,786.025,42.38,,52.378,6.438,18.954,326.217,7.04,878.305,47.059,,0.0,0.0,,,,0.0,0.0,,0.0,,-3.147,-2.308,71.022,204.813,4.42,3290.986,,,,,29.545,,0.278,0.14,0.0,30.0,0.064,6.487,0.0,12.884,0.936,0.0,,693.212,105.246,52.378,6.438,18.954,326.217,7.04,878.305,47.059,,43.052,0.252,0.85,10.658,0.23,39.392,1.537,,-11.041,-0.113,0.863,15.291,0.33,40.005,2.206,
Sri Lanka,2019,LKA,21649664.0,,,,,,8.776,0.19,1.196,,491.504,6.727,1.027,752.768,16.297,193.998,4.2,,,,,26.432,,15.89,15.89,14.757,2.309,2.43,4973.599,,0.0,,470.215,10.18,,,64.065,,,,,0.0,0.0,,,,,,0.0,,7.81,-24.948,-4.279,12.684,222.174,4.81,585.877,30.271,,-19.146,-3.658,15.296,263.745,5.71,706.524,35.935,,0.0,0.0,,,,0.0,0.0,,0.0,,7.127,5.062,76.084,276.217,5.98,3514.307,,,,,37.634,,0.375,0.19,0.0,34.902,0.097,8.776,0.0,17.325,1.196,0.0,,733.961,107.677,-19.146,-3.658,15.296,263.745,5.71,706.524,35.935,,55.737,0.469,1.319,16.628,0.36,60.927,2.266,,6.708,0.055,0.918,16.167,0.35,42.395,2.203,
Sri Lanka,2020,LKA,21715076.0,,,,,,8.289,0.18,1.155,,475.61,20.164,3.286,901.831,19.583,183.743,3.99,,,,,25.61,,15.58,15.58,14.784,-2.128,-2.291,4853.11,,0.0,,443.931,9.64,,,61.874,,,,,0.0,0.0,,,,,,0.0,,7.41,3.417,0.385,13.069,229.334,4.98,601.849,31.964,,4.496,0.616,15.912,273.543,5.94,732.777,38.126,,0.0,0.0,,,,0.0,0.0,,0.0,,-8.14,-6.194,69.89,260.188,5.65,3218.503,,,,,36.264,,0.312,0.18,0.0,-16.851,-0.063,8.289,0.0,14.362,1.155,0.0,,717.474,105.386,4.496,0.616,15.912,273.543,5.94,732.777,38.126,,22.622,0.292,1.611,20.262,0.44,74.211,2.824,,0.574,0.002,0.92,15.657,0.34,42.354,2.182,
Sri Lanka,2021,LKA,21773438.0,,,,,,8.267,0.18,1.101,,462.997,-4.084,-0.8,862.681,18.784,185.088,4.03,,,,,24.648,,16.35,16.35,15.373,0.918,0.967,4884.529,,0.0,,471.216,10.26,,,62.752,,,,,61.543,1.34,,,,,,8.196,,7.57,44.209,5.709,18.778,229.638,5.0,862.424,30.581,,43.283,6.781,22.693,279.699,6.09,1042.249,37.248,,0.0,0.0,,,,0.0,0.0,,0.0,,-7.174,-5.014,64.876,224.586,4.89,2979.6,,,,,29.908,,0.311,0.18,0.0,-0.262,-0.001,8.267,0.0,14.286,1.101,0.0,,750.915,106.353,43.283,6.781,22.693,279.699,6.09,1042.249,37.248,,44.358,0.706,2.318,24.801,0.54,106.451,3.303,,40.397,0.367,1.287,16.993,0.37,59.088,2.263,
Sri Lanka,2022,LKA,21832150.0,,,,,,,,,,,-9.73,-1.828,776.648,16.956,,,,,,,,,,16.923,17.829,-10.752,-11.435,4347.636,,0.0,,,,,,,,,,,,,,,,,,,,,-0.709,-0.201,18.577,326.37,7.125,850.891,42.104,,0.888,0.119,22.812,399.775,8.728,1044.88,51.574,,,,,,,,,,,,-14.991,-9.726,55.15,,,2526.109,,,,,,,0.311,0.097,,0.0,0.0,4.463,,14.248,0.576,,,775.145,94.918,0.888,0.119,22.812,399.775,8.728,1044.88,51.574,,14.417,0.324,2.642,46.422,1.013,121.027,5.989,,0.0,-0.005,1.282,22.521,0.492,58.714,2.905,
Sudan,1980,SDN,16673591.0,,,,,,,,,,,,,,,,,,,0.0,0.0,,,,,,,,911.558,,,,,,,,,,,,,,,,,,0.0,0.0,,,,,,,,,,,,,,,,,,,,,,,,,,,,,,,,,,,,,,0.0,0.0,,,,,,,,,,,,,,,15.199,,,,,,,,,,,,,,,,,,,,,,,,
Sudan,1981,SDN,17404334.0,,,,,,,,,,,,,,,,,,0.0,0.0,0.0,,,,,,8.815,1.34,950.267,,,,,,,,,,,,,,,,,0.0,0.0,0.0,,,,,,,,,,,,,,,,,,,,,,,,,,,,,,,,,,,,,0.0,0.0,0.0,,,,,,,,,,,,,,,16.539,,,,,,,,,,,,,,,,,,,,,,,,
Sudan,1982,SDN,18128632.0,,,,,,,,,,,,,,,,,,0.0,0.0,0.0,,,,,,7.965,1.317,984.969,,,,,,,,,,,,,,,,,0.0,0.0,0.0,,,,,,,,,,,,,,,,,,,,,,,,,,,,,,,,,,,,,0.0,0.0,0.0,,,,,,,,,,,,,,,17.856,,,,,,,,,,,,,,,,,,,,,,,,
Sudan,1983,SDN,18734000.0,,,,,,,,,,,,,,,,,,0.0,0.0,0.0,,,,,,-3.437,-0.614,920.381,,,,,,,,,,,,,,,,,0.0,0.0,0.0,,,,,,,,,,,,,,,,,,,,,,,,,,,,,,,,,,,,,0.0,0.0,0.0,,,,,,,,,,,,,,,17.242,,,,,,,,,,,,,,,,,,,,,,,,
Sudan,1984,SDN,19165838.0,,,,,,,,,,,,,,,,,,0.0,0.0,0.0,,,,,,-7.33,-1.264,833.696,,,,,,,,,,,,,,,,,0.0,0.0,0.0,,,,,,,,,,,,,,,,,,,,,,,,,,,,,,,,,,,,,0.0,0.0,0.0,,,,,,,,,,,,,,,15.978,,,,,,,,,,,,,,,,,,,,,,,,
Sudan,1985,SDN,19517200.0,,,,,,,,,,,,,,,,,,0.0,0.0,0.0,,,,,,14.564,2.327,937.922,,,,,,,,,,,,,,,,,0.0,0.0,0.0,,,,,,,,,,,,,,,,,,,,,,,,,,,,,,,,,,,,,0.0,0.0,0.0,,,,,,,,,,,,,,,18.306,,,,,,,,,,,,,,,,,,,,,,,,
Sudan,1986,SDN,19887458.0,,,,,,,,,,,,,,,,,,0.0,0.0,0.0,,,,,,10.164,1.861,1014.016,,,,,,,,,,,,,,,,,0.0,0.0,0.0,,,,,,,,,,,,,,,,,,,,,,,,,,,,,,,,,,,,,0.0,0.0,0.0,,,,,,,,,,,,,,,20.166,,,,,,,,,,,,,,,,,,,,,,,,
Sudan,1987,SDN,20230532.0,,,,,,,,,,,,,,,,,,0.0,0.0,0.0,,,,,,-3.692,-0.745,960.014,,,,,,,,,,,,,,,,,0.0,0.0,0.0,,,,,,,,,,,,,,,,,,,,,,,,,,,,,,,,,,,,,0.0,0.0,0.0,,,,,,,,,,,,,,,19.422,,,,,,,,,,,,,,,,,,,,,,,,
Sudan,1988,SDN,20453818.0,,,,,,,,,,,,,,,,,,0.0,0.0,0.0,,,,,,8.188,1.59,1027.282,,,,,,,,,,,,,,,,,0.0,0.0,0.0,,,,,,,,,,,,,,,,,,,,,,,,,,,,,,,,,,,,,0.0,0.0,0.0,,,,,,,,,,,,,,,21.012,,,,,,,,,,,,,,,,,,,,,,,,
Sudan,1989,SDN,20718704.0,,,,,,,,,,,,,,,,,,0.0,0.0,0.0,,,,,,-2.876,-0.604,984.987,,,,,,,,,,,,,,,,,0.0,0.0,0.0,,,,,,,,,,,,,,,,,,,,,,,,,,,,,,,,,,,,,0.0,0.0,0.0,,,,,,,,,,,,,,,20.408,,,,,,,,,,,,,,,,,,,,,,,,
Sudan,1990,SDN,21090892.0,,,,,,,,,,,,,,,,,,0.0,0.0,0.0,,,,,,-8.719,-1.779,883.241,,,,,,,,,,,,,,,,,0.0,0.0,0.0,,,,,,,,,,,,,,,,,,,,,,,,,,,,,,,,,,,,,0.0,0.0,0.0,,,,,,,,,,,,,,,18.628,,,,,,,,,,,,,,,,,,,,,,,,
Sudan,1991,SDN,21453710.0,,,,,,,,,,,,,,,,,,0.0,0.0,0.0,,,,,,39.027,7.27,1207.178,,,,,,,,,,,,,,,,,0.0,0.0,0.0,,,,,,,,,,,,,,,,,,,,,,,,,,,,,,,,,,,,,0.0,0.0,0.0,,,,,,,,,,,,,,,25.898,,,,,,,,,,,,,,,,,,,,,,,,
Sudan,1992,SDN,21780058.0,,,,,,,,,,,,,,,,,,0.0,0.0,0.0,,,,,,-7.677,-1.988,1097.808,,,,,,,,,,,,,,,,,0.0,0.0,0.0,,,,,,,,,,,,,,,,,,,,,,,,,,,,,,,,,,,,,0.164,7.518,0.164,,,,,,,,,,,,,,,23.91,,,,,,,,,,,,,,,,,,,,,,,,
Sudan,1993,SDN,22163254.0,,,,,,,,,,,,,,,,,,0.0,0.0,0.0,,,,,,-5.161,-1.234,1023.148,,,,,,,,,,,,,,,,,0.0,0.0,0.0,,,,,,,,,,,,,,,,,,,,,,,,,,,,,,,,,,,,599.711,0.982,51.695,1.146,,,,,,,,,,,,,,,22.676,,,,,,,,,,,,,,,,,,,,,,,,
Sudan,1994,SDN,22703632.0,,,,,,,,,,,,,,,,,,0.0,0.0,0.0,,,,,,-8.08,-1.832,918.097,,,,,,,,,,,,,,,,,0.0,0.0,0.0,,,,,,,,,,,,,,,,,,,,,,,,,,,,,,,,,,,,0.0,0.0,50.465,1.146,,,,,,,,,,,,,,,20.844,,,,,,,,,,,,,,,,,,,,,,,,
Sudan,1995,SDN,23290602.0,,,,,,,,,,,,,,,,,,0.0,0.0,0.0,,,,,,-7.747,-1.615,825.631,,,,,,,,,,,,,,,,,0.0,0.0,0.0,,,,,,,,,,,,,,,,,,,,,,,,,,,,,,,,,,,,0.0,0.0,49.193,1.146,,,,,,,,,,,,,,,19.229,,,,,,,,,,,,,,,,,,,,,,,,
Sudan,1996,SDN,23862260.0,,,,,,,,,,,,,,,,,,0.0,0.0,0.0,,,,,,1.659,0.319,819.218,,,,,,,,,,,,,,,,,0.0,0.0,0.0,,,,,,,,,,,,,,,,,,,,,,,,,,,,,,,,,,,,150.685,1.726,120.365,2.872,,,,,,,,,,,,,,,19.548,,,,,,,,,,,,,,,,,,,,,,,,
Sudan,1997,SDN,24454376.0,,,,,,,,,,,,,,,,,,0.0,0.0,0.0,,,,,,2.012,0.393,815.467,,,,,,,,,,,,,,,,,0.0,0.0,0.0,,,,,,,,,,,,,,,,,,,,,,,,,,,,,,,,,,,,79.508,2.284,210.834,5.156,,,,,,,,,,,,,,,19.942,,,,,,,,,,,,,,,,,,,,,,,,
Sudan,1998,SDN,25029146.0,,,,,,,,,,,,,,,,,,0.0,0.0,0.0,,,,,,0.138,0.028,797.84,,,,,,,,,,,,,,,,,0.0,0.0,0.0,,,,,,,,,,,,,,,,,,,,,,,,,,,,,,,,,,,,33.333,1.719,274.656,6.874,,,,,,,,,,,,,,,19.969,,,,,,,,,,,,,,,,,,,,,,,,
Sudan,1999,SDN,25634162.0,,,,,,,,,,,,,,,,,,0.0,0.0,0.0,,,,,,8.137,1.625,842.398,,,,,,,,,,,,,,,,,0.0,0.0,0.0,,,,,,,,,,,,,,,,,,,,,,,,,,,,,,,,,,,,425.0,29.216,1407.913,36.091,,,,,,,,,,,,,,,21.594,,,,,,,,,,,,,,,,,,,,,,,,
Sudan,2000,SDN,26298778.0,,,,,,6.844,0.18,6.977,,302.326,,,,,0.0,0.0,,0.0,0.0,0.0,0.0,,2.58,2.58,,44.018,9.505,1182.543,,,,46.77,1.23,,,47.674,,,,,26.997,0.71,,,0.0,0.0,0.0,27.519,,0.78,,,,44.489,1.17,,45.349,,,,,51.333,1.35,,52.326,,0.0,0.0,,,,0.0,0.0,,0.0,,,,,19.773,0.52,,185.115,66.809,3912.731,102.9,20.155,,,0.18,0.0,,,6.844,0.0,,6.977,0.0,,98.103,31.099,,,,51.333,1.35,,52.326,,,,,0.0,0.0,,0.0,,,,,0.0,0.0,,0.0,
Sudan,2001,SDN,26947252.0,,,,,,7.422,0.2,7.067,,310.954,,,,,0.0,0.0,,0.0,0.0,0.0,0.0,,2.83,2.83,,7.438,2.313,1239.924,,,,51.211,1.38,,,48.763,,,,,29.688,0.8,,,0.0,0.0,0.0,28.269,,0.88,,,,46.387,1.25,,44.17,,,,,53.809,1.45,,51.237,,0.0,0.0,,,,0.0,0.0,,0.0,,,,,21.524,0.58,,16.36,16.834,4443.274,119.734,20.495,,,0.2,0.0,,,7.422,0.0,,7.067,0.0,,105.02,33.413,,,,53.809,1.45,,51.237,,,,,0.0,0.0,,0.0,,,,,0.0,0.0,,0.0,
Sudan,2002,SDN,27570326.0,,,,,,8.342,0.23,7.443,,326.861,,,,,0.0,0.0,,0.0,0.0,0.0,0.0,,3.09,3.09,,18.389,6.144,1434.762,,,,57.671,1.59,,,51.456,,,,,32.281,0.89,,,0.0,0.0,0.0,28.803,,1.01,,,,46.064,1.27,,41.1,,,,,54.406,1.5,,48.544,,0.0,0.0,,,,0.0,0.0,,0.0,,,,,25.39,0.7,,13.003,15.568,4907.54,135.302,22.654,,,0.23,0.0,,,8.342,0.0,,7.443,0.0,,112.077,39.557,,,,54.406,1.5,,48.544,,,,,0.0,0.0,,0.0,,,,,0.0,0.0,,0.0,
Sudan,2003,SDN,28188984.0,,,,,,6.385,0.18,5.405,,396.396,,,,,0.0,0.0,,0.0,0.0,0.0,0.0,,3.33,3.33,,3.697,1.463,1455.157,,,,70.95,2.0,,,60.06,,,,,25.187,0.71,,,0.0,0.0,0.0,21.321,,1.32,,,,40.796,1.15,,34.535,,,,,47.182,1.33,,39.94,,0.0,0.0,,,,0.0,0.0,,0.0,,,,,45.763,1.29,,10.985,14.864,5327.116,150.166,38.739,,,0.18,0.0,,,6.385,0.0,,5.405,0.0,,118.131,41.019,,,,47.182,1.33,,39.94,,,,,0.0,0.0,,0.0,,,,,0.0,0.0,,0.0,
Sudan,2004,SDN,28831556.0,,,,,,5.549,0.16,4.624,,427.746,,,,,0.0,0.0,,0.0,0.0,0.0,0.0,,3.46,3.46,,9.658,3.962,1560.131,,,,76.305,2.2,,,63.584,,,,,21.157,0.61,,,0.0,0.0,0.0,17.63,,1.48,,,,38.153,1.1,,31.792,,,,,43.702,1.26,,36.416,,0.0,0.0,,,,0.0,0.0,,0.0,,,,,55.148,1.59,,11.37,17.074,5800.592,167.24,45.954,,,0.16,0.0,,,5.549,0.0,,4.624,0.0,,120.007,44.981,,,,43.702,1.26,,36.416,,,,,0.0,0.0,,0.0,,,,,0.0,0.0,,0.0,
Sudan,2005,SDN,29540584.0,,,,,,5.755,0.17,4.474,,418.421,,,,,0.0,0.0,,0.0,0.0,0.0,0.0,,3.8,3.8,,16.087,7.236,1767.634,,,,80.567,2.38,,,62.632,,,,,22.342,0.66,,,0.0,0.0,0.0,17.368,,1.59,,,,42.315,1.25,,32.895,,,,,48.069,1.42,,37.368,,0.0,0.0,,,,0.0,0.0,,0.0,,,,,58.225,1.72,,0.598,1.0,5695.217,168.24,45.263,,,0.17,0.0,,,5.755,0.0,,4.474,0.0,,128.637,52.217,,,,48.069,1.42,,37.368,,,,,0.0,0.0,,0.0,,,,,0.0,0.0,,0.0,
Sudan,2006,SDN,30332970.0,,,,,,6.593,0.2,4.484,,434.978,,,,,0.0,0.0,,0.0,0.0,0.0,0.0,,4.46,4.46,,19.227,10.04,2052.445,,,,95.606,2.9,,,65.022,,,,,25.715,0.78,,,0.0,0.0,0.0,17.489,,1.94,,,,44.836,1.36,,30.493,,,,,51.429,1.56,,34.978,,0.0,0.0,,,,0.0,0.0,,0.0,,,,,69.891,2.12,,21.275,35.793,6726.445,204.033,47.534,,,0.2,0.0,,,6.593,0.0,,4.484,0.0,,147.035,62.257,,,,51.429,1.56,,34.978,,,,,0.0,0.0,,0.0,,,,,0.0,0.0,,0.0,
Sudan,2007,SDN,31191168.0,,,,,,7.053,0.22,4.453,,445.344,,,,,0.0,0.0,,0.0,0.0,0.0,0.0,,4.94,4.94,,6.145,3.826,2118.628,,,,105.158,3.28,,,66.397,,,,,27.893,0.87,,,0.0,0.0,0.0,17.611,,2.2,,,,46.167,1.44,,29.15,,,,,53.22,1.66,,33.603,,0.0,0.0,,,,0.0,0.0,,0.0,,,,,77.265,2.41,,35.645,72.728,8873.069,276.761,48.785,,,0.22,0.0,,,7.053,0.0,,4.453,0.0,,158.378,66.082,,,,53.22,1.66,,33.603,,,,,0.0,0.0,,0.0,,,,,0.0,0.0,,0.0,
Sudan,2008,SDN,32065240.0,,,,,,5.925,0.19,3.519,,470.37,,,,,0.0,0.0,,0.0,0.0,0.0,0.0,,5.4,5.4,,8.991,5.941,2246.169,,,,117.261,3.76,,,69.63,,,,,23.078,0.74,,,0.0,0.0,0.0,13.704,,2.54,,,,45.22,1.45,,26.852,,,,,51.146,1.64,,30.37,,0.0,0.0,,,,0.0,0.0,,0.0,,,,,94.183,3.02,,-5.157,-14.271,8186.121,262.49,55.926,,,0.19,0.0,,,5.925,0.0,,3.519,0.0,,168.407,72.024,,,,51.146,1.64,,30.37,,,,,0.0,0.0,,0.0,,,,,0.0,0.0,,0.0,
Sudan,2009,SDN,32948156.0,,,,,,4.553,0.15,2.336,,331.776,,,,,0.0,0.0,,0.0,0.0,0.0,0.0,,6.42,6.42,,7.731,5.568,2354.965,,,,93.177,3.07,,,47.819,,,,,18.514,0.61,,,0.0,0.0,0.0,9.502,,2.13,,,,97.122,3.2,,49.844,,,,,101.675,3.35,,52.181,,0.0,0.0,,,,0.0,0.0,,0.0,,,,,74.663,2.46,,3.712,9.744,8262.492,272.234,38.318,,,0.15,0.0,,,4.553,0.0,,2.336,0.0,,194.852,77.592,,,,101.675,3.35,,52.181,,,,,0.0,0.0,,0.0,,,,,0.0,0.0,,0.0,
Sudan,2010,SDN,33739932.0,,,,,,1.778,0.06,0.8,,136.0,,,,,0.0,0.0,,0.0,0.0,0.0,0.0,,7.5,7.5,,13.248,10.279,2604.365,,,,38.53,1.3,,,17.333,,,,,6.817,0.23,,,0.0,0.0,0.0,3.067,,1.02,,,,181.98,6.14,,81.867,,,,,183.759,6.2,,82.667,,0.0,0.0,,,,0.0,0.0,,0.0,,,,,31.713,1.07,,-2.765,-7.528,7845.466,264.706,14.267,,,0.06,0.0,,,1.778,0.0,,0.8,0.0,,222.289,87.871,,,,183.759,6.2,,82.667,,,,,0.0,0.0,,0.0,,,,,0.0,0.0,,0.0,
Sudan,2011,SDN,34419628.0,,,,,,2.324,0.08,0.955,,170.644,,,,,0.0,0.0,,0.0,0.0,0.0,0.0,,8.38,8.38,,-3.537,-3.108,2462.639,,,,55.201,1.9,,,22.673,,,,,9.588,0.33,,,0.0,0.0,0.0,3.938,,1.43,,,,185.94,6.4,,76.372,,,,,188.265,6.48,,77.327,,0.0,0.0,,,,0.0,0.0,,0.0,,,,,45.614,1.57,,-37.022,-98.0,4843.335,166.706,18.735,,,0.08,0.0,,,2.324,0.0,,0.955,0.0,,243.466,84.763,,,,188.265,6.48,,77.327,,,,,0.0,0.0,,0.0,,,,,0.0,0.0,,0.0,
Sudan,2012,SDN,35159792.0,,,,,,6.826,0.24,2.572,,203.644,,,,,0.0,0.0,,0.0,0.0,0.0,0.0,,9.33,9.33,,-3.512,-2.977,2326.128,,,,71.957,2.53,,,27.117,,,,,12.514,0.44,,,0.0,0.0,0.0,4.716,,1.9,,,,186.292,6.55,,70.204,,,,,193.403,6.8,,72.883,,0.0,0.0,,,,0.0,0.0,,0.0,,,,,59.443,2.09,,-64.471,-107.477,1684.56,59.229,22.401,,,0.24,0.0,,,6.826,0.0,,2.572,0.0,,265.36,81.786,,,,193.403,6.8,,72.883,,,,,0.284,0.01,,0.107,,,,,0.0,0.0,,0.0,
Sudan,2013,SDN,35990708.0,,,,,,4.723,0.17,1.662,,141.74,,,,,0.0,0.0,,0.0,0.0,0.0,0.0,,10.23,10.23,,4.955,4.052,2385.017,,,,50.569,1.82,,,17.791,,,,,8.891,0.32,,,0.0,0.0,0.0,3.128,,1.45,,,,228.67,8.23,,80.45,,,,,233.671,8.41,,82.209,,0.0,0.0,,,,0.0,0.0,,0.0,,,,,41.677,1.5,,13.989,8.286,1875.885,67.514,14.663,,,0.17,0.0,,,4.723,0.0,,1.662,0.0,,284.24,85.838,,,,233.671,8.41,,82.209,,,,,0.278,0.01,,0.098,,,,,0.0,0.0,,0.0,
Sudan,2014,SDN,37003248.0,,,,,,5.675,0.21,1.863,,154.392,,,,,0.0,0.0,,0.0,0.0,0.0,0.0,,11.27,11.27,,2.547,2.186,2378.84,,,,60.265,2.23,,,19.787,,,,,10.54,0.39,,,0.0,0.0,0.0,3.461,,1.74,,,,238.357,8.82,,78.261,,,,,244.303,9.04,,80.213,,0.0,0.0,,,,0.0,0.0,,0.0,,,,,49.725,1.84,,1.486,1.003,1851.663,68.518,16.327,,,0.21,0.0,,,5.675,0.0,,1.863,0.0,,304.568,88.025,,,,244.303,9.04,,80.213,,,,,0.27,0.01,,0.089,,,,,0.0,0.0,,0.0,
Sudan,2015,SDN,38171172.0,,,,,,9.955,0.38,2.964,,234.789,,,,,0.0,0.0,,0.0,0.0,0.0,0.0,,12.82,12.82,,3.391,2.985,2384.243,,,,107.149,4.09,,,31.903,,,,,18.6,0.71,,,0.0,0.0,0.0,5.538,,3.01,,,,218.49,8.34,,65.055,,,,,228.707,8.73,,68.097,,0.0,0.0,,,,0.0,0.0,,0.0,,,,,88.549,3.38,,-8.814,-6.039,1636.79,62.478,26.365,,,0.38,0.0,,,9.955,0.0,,2.964,0.0,,335.856,91.009,,,,228.707,8.73,,68.097,,,,,0.262,0.01,,0.078,,,,,0.0,0.0,,0.0,
Sudan,2016,SDN,39377168.0,,,,,,12.952,0.51,3.617,,285.816,,,,,0.0,0.0,,0.0,0.0,0.0,0.0,,14.1,14.1,,16.131,14.681,2684.055,,,,142.214,5.6,,,39.716,,,,,24.38,0.96,,,0.0,0.0,0.0,6.809,,4.03,,,,202.402,7.97,,56.525,,,,,215.861,8.5,,60.284,,0.0,0.0,,,,0.0,0.0,,0.0,,,,,117.835,4.64,,-8.383,-5.238,1453.644,57.24,32.908,,,0.51,0.0,,,12.952,0.0,,3.617,0.0,,358.076,105.69,,,,215.861,8.5,,60.284,,,,,0.508,0.02,,0.142,,,,,0.0,0.0,,0.0,
Sudan,2017,SDN,40679820.0,,,,,,12.291,0.5,3.285,,260.184,,,,,0.0,0.0,,,,,0.0,,15.22,15.22,,2.172,2.296,2654.543,,,,133.973,5.45,,,35.808,,,,,22.861,0.93,,,,,,6.11,,3.96,,,,227.385,9.25,,60.775,,,,,240.168,9.77,,64.192,,0.0,0.0,,,,0.0,0.0,,0.0,,,,,111.112,4.52,,-29.929,-17.131,985.969,40.109,29.698,,,0.5,0.0,,,12.291,0.0,,3.285,0.0,,374.141,107.986,,,,240.168,9.77,,64.192,,,,,0.492,0.02,,0.131,,,,,0.0,0.0,,0.0,
Sudan,2018,SDN,41999064.0,,,,,,11.905,0.5,3.145,,266.038,,,,,0.0,0.0,,,,,0.0,,15.9,15.9,,-0.638,-0.689,2554.751,,,,138.575,5.82,,,36.604,,,,,22.381,0.94,,,,,,5.912,,4.23,,,,227.624,9.56,,60.126,,,,,240.005,10.08,,63.396,,0.0,0.0,,,,0.0,0.0,,0.0,,,,,116.193,4.88,,5.978,2.398,1012.089,42.507,30.692,,,0.5,0.0,,,11.905,0.0,,3.145,0.0,,378.58,107.297,,,,240.005,10.08,,63.396,,,,,0.476,0.02,,0.126,,,,,0.0,0.0,,0.0,
Sudan,2019,SDN,43232092.0,,,,,,12.028,0.52,3.188,,266.094,,,,,0.0,0.0,,,,,0.0,,16.31,16.31,,-0.908,-0.974,2459.363,,,,138.323,5.98,,,36.665,,,,,22.437,0.97,,,,,,5.947,,4.34,,,,226.452,9.79,,60.025,,,,,238.943,10.33,,63.335,,0.0,0.0,,,,0.0,0.0,,0.0,,,,,115.886,5.01,,-2.738,-1.164,956.305,41.343,30.717,,,0.52,0.0,,,12.028,0.0,,3.188,0.0,,377.266,106.323,,,,238.943,10.33,,63.335,,,,,0.463,0.02,,0.123,,,,,0.0,0.0,,0.0,
Sudan,2020,SDN,44440484.0,,,,,,11.026,0.49,2.975,,251.366,,,,,0.0,0.0,,,,,0.0,,16.47,16.47,,-0.596,-0.634,2378.228,,,,127.811,5.68,,,34.487,,,,,20.702,0.92,,,,,,5.586,,4.14,,,,231.096,10.27,,62.356,,,,,242.797,10.79,,65.513,,0.0,0.0,,,,0.0,0.0,,0.0,,,,,107.11,4.76,,-11.954,-4.942,819.096,36.401,28.901,,,0.49,0.0,,,11.026,0.0,,2.975,0.0,,370.608,105.69,,,,242.797,10.79,,65.513,,,,,0.675,0.03,,0.182,,,,,0.0,0.0,,0.0,
Sudan,2021,SDN,45657204.0,,,,,,11.389,0.52,3.134,,264.014,,,,,0.0,0.0,,,,,0.0,,16.59,16.59,,0.11,0.116,2317.393,,,,132.29,6.04,,,36.407,,,,,21.464,0.98,,,,,,5.907,,4.38,,,,219.023,10.0,,60.277,,,,,231.07,10.55,,63.593,,0.0,0.0,,,,0.0,0.0,,0.0,,,,,110.826,5.06,,0.856,0.312,804.093,36.713,30.5,,,0.52,0.0,,,11.389,0.0,,3.134,0.0,,363.36,105.806,,,,231.07,10.55,,63.593,,,,,0.657,0.03,,0.181,,,,,0.0,0.0,,0.0,
Sudan,2022,SDN,46874200.0,,,,,,,,,,,,,,,,,,,,,,,,,,,,,,,,,,,,,,,,,,,,,,,,,,,,,,,,,,,,,,,,,,,,,,,,,,,,,,,,,,,-3.335,-1.224,757.094,35.488,,,,,,,,,,,,,,,,,,,,,,,,,,,,,,,,,,,,,,,
Suriname,1900,SUR,88412.0,,,,,,,,,,,,,,,,,,,,,,,,,,,,,,,,,,,,,,,,,,,,,,,,,,,,,,,,,,,,,,,,,,,,,,,,,,,,,,,,,,,,,0.0,0.0,,,,,,,,,,,,,,,,,,,,,,,,,,,,,,,,,,,,,,,
Suriname,1901,SUR,88474.0,,,,,,,,,,,,,,,,,,,,,,,,,,,,,,,,,,,,,,,,,,,,,,,,,,,,,,,,,,,,,,,,,,,,,,,,,,,,,,,,,,,,0.0,0.0,0.0,,,,,,,,,,,,,,,,,,,,,,,,,,,,,,,,,,,,,,,
Suriname,1902,SUR,88536.0,,,,,,,,,,,,,,,,,,,,,,,,,,,,,,,,,,,,,,,,,,,,,,,,,,,,,,,,,,,,,,,,,,,,,,,,,,,,,,,,,,,,0.0,0.0,0.0,,,,,,,,,,,,,,,,,,,,,,,,,,,,,,,,,,,,,,,
Suriname,1903,SUR,88599.0,,,,,,,,,,,,,,,,,,,,,,,,,,,,,,,,,,,,,,,,,,,,,,,,,,,,,,,,,,,,,,,,,,,,,,,,,,,,,,,,,,,,0.0,0.0,0.0,,,,,,,,,,,,,,,,,,,,,,,,,,,,,,,,,,,,,,,
Suriname,1904,SUR,88661.0,,,,,,,,,,,,,,,,,,,,,,,,,,,,,,,,,,,,,,,,,,,,,,,,,,,,,,,,,,,,,,,,,,,,,,,,,,,,,,,,,,,,0.0,0.0,0.0,,,,,,,,,,,,,,,,,,,,,,,,,,,,,,,,,,,,,,,
Suriname,1905,SUR,88723.0,,,,,,,,,,,,,,,,,,,,,,,,,,,,,,,,,,,,,,,,,,,,,,,,,,,,,,,,,,,,,,,,,,,,,,,,,,,,,,,,,,,,0.0,0.0,0.0,,,,,,,,,,,,,,,,,,,,,,,,,,,,,,,,,,,,,,,
Suriname,1906,SUR,88785.0,,,,,,,,,,,,,,,,,,,,,,,,,,,,,,,,,,,,,,,,,,,,,,,,,,,,,,,,,,,,,,,,,,,,,,,,,,,,,,,,,,,,0.0,0.0,0.0,,,,,,,,,,,,,,,,,,,,,,,,,,,,,,,,,,,,,,,
Suriname,1907,SUR,88846.0,,,,,,,,,,,,,,,,,,,,,,,,,,,,,,,,,,,,,,,,,,,,,,,,,,,,,,,,,,,,,,,,,,,,,,,,,,,,,,,,,,,,0.0,0.0,0.0,,,,,,,,,,,,,,,,,,,,,,,,,,,,,,,,,,,,,,,
Suriname,1908,SUR,88908.0,,,,,,,,,,,,,,,,,,,,,,,,,,,,,,,,,,,,,,,,,,,,,,,,,,,,,,,,,,,,,,,,,,,,,,,,,,,,,,,,,,,,0.0,0.0,0.0,,,,,,,,,,,,,,,,,,,,,,,,,,,,,,,,,,,,,,,
Suriname,1909,SUR,89589.0,,,,,,,,,,,,,,,,,,,,,,,,,,,,,,,,,,,,,,,,,,,,,,,,,,,,,,,,,,,,,,,,,,,,,,,,,,,,,,,,,,,,0.0,0.0,0.0,,,,,,,,,,,,,,,,,,,,,,,,,,,,,,,,,,,,,,,
Suriname,1910,SUR,90910.0,,,,,,,,,,,,,,,,,,,,,,,,,,,,,,,,,,,,,,,,,,,,,,,,,,,,,,,,,,,,,,,,,,,,,,,,,,,,,,,,,,,,0.0,0.0,0.0,,,,,,,,,,,,,,,,,,,,,,,,,,,,,,,,,,,,,,,
Suriname,1911,SUR,92894.0,,,,,,,,,,,,,,,,,,,,,,,,,,,,,,,,,,,,,,,,,,,,,,,,,,,,,,,,,,,,,,,,,,,,,,,,,,,,,,,,,,,,0.0,0.0,0.0,,,,,,,,,,,,,,,,,,,,,,,,,,,,,,,,,,,,,,,
Suriname,1912,SUR,95564.0,,,,,,,,,,,,,,,,,,,,,,,,,,,,,,,,,,,,,,,,,,,,,,,,,,,,,,,,,,,,,,,,,,,,,,,,,,,,,,,,,,,,0.0,0.0,0.0,,,,,,,,,,,,,,,,,,,,,,,,,,,,,,,,,,,,,,,
Suriname,1913,SUR,98944.0,,,,,,,,,,,,,,,,,,,,,,,,,,,,,,,,,,,,,,,,,,,,,,,,,,,,,,,,,,,,,,,,,,,,,,,,,,,,,,,,,,,,0.0,0.0,0.0,,,,,,,,,,,,,,,,,,,,,,,,,,,,,,,,,,,,,,,
Suriname,1914,SUR,102443.0,,,,,,,,,,,,,,,,,,,,,,,,,,,,,,,,,,,,,,,,,,,,,,,,,,,,,,,,,,,,,,,,,,,,,,,,,,,,,,,,,,,,0.0,0.0,0.0,,,,,,,,,,,,,,,,,,,,,,,,,,,,,,,,,,,,,,,
Suriname,1915,SUR,106066.0,,,,,,,,,,,,,,,,,,,,,,,,,,,,,,,,,,,,,,,,,,,,,,,,,,,,,,,,,,,,,,,,,,,,,,,,,,,,,,,,,,,,0.0,0.0,0.0,,,,,,,,,,,,,,,,,,,,,,,,,,,,,,,,,,,,,,,
Suriname,1916,SUR,109817.0,,,,,,,,,,,,,,,,,,,,,,,,,,,,,,,,,,,,,,,,,,,,,,,,,,,,,,,,,,,,,,,,,,,,,,,,,,,,,,,,,,,,0.0,0.0,0.0,,,,,,,,,,,,,,,,,,,,,,,,,,,,,,,,,,,,,,,
Suriname,1917,SUR,113701.0,,,,,,,,,,,,,,,,,,,,,,,,,,,,,,,,,,,,,,,,,,,,,,,,,,,,,,,,,,,,,,,,,,,,,,,,,,,,,,,,,,,,0.0,0.0,0.0,,,,,,,,,,,,,,,,,,,,,,,,,,,,,,,,,,,,,,,
Suriname,1918,SUR,117854.0,,,,,,,,,,,,,,,,,,,,,,,,,,,,,,,,,,,,,,,,,,,,,,,,,,,,,,,,,,,,,,,,,,,,,,,,,,,,,,,,,,,,0.0,0.0,0.0,,,,,,,,,,,,,,,,,,,,,,,,,,,,,,,,,,,,,,,
Suriname,1919,SUR,121535.0,,,,,,,,,,,,,,,,,,,,,,,,,,,,,,,,,,,,,,,,,,,,,,,,,,,,,,,,,,,,,,,,,,,,,,,,,,,,,,,,,,,,0.0,0.0,0.0,,,,,,,,,,,,,,,,,,,,,,,,,,,,,,,,,,,,,,,
Suriname,1920,SUR,124719.0,,,,,,,,,,,,,,,,,,,,,,,,,,,,,,,,,,,,,,,,,,,,,,,,,,,,,,,,,,,,,,,,,,,,,,,,,,,,,,,,,,,,0.0,0.0,0.0,,,,,,,,,,,,,,,,,,,,,,,,,,,,,,,,,,,,,,,
Suriname,1921,SUR,127380.0,,,,,,,,,,,,,,,,,,,,,,,,,,,,,,,,,,,,,,,,,,,,,,,,,,,,,,,,,,,,,,,,,,,,,,,,,,,,,,,,,,,,0.0,0.0,0.0,,,,,,,,,,,,,,,,,,,,,,,,,,,,,,,,,,,,,,,
Suriname,1922,SUR,129491.0,,,,,,,,,,,,,,,,,,,,,,,,,,,,,,,,,,,,,,,,,,,,,,,,,,,,,,,,,,,,,,,,,,,,,,,,,,,,,,,,,,,,0.0,0.0,0.0,,,,,,,,,,,,,,,,,,,,,,,,,,,,,,,,,,,,,,,
Suriname,1923,SUR,131025.0,,,,,,,,,,,,,,,,,,,,,,,,,,,,,,,,,,,,,,,,,,,,,,,,,,,,,,,,,,,,,,,,,,,,,,,,,,,,,,,,,,,,0.0,0.0,0.0,,,,,,,,,,,,,,,,,,,,,,,,,,,,,,,,,,,,,,,
Suriname,1924,SUR,132578.0,,,,,,,,,,,,,,,,,,,,,,,,,,,,,,,,,,,,,,,,,,,,,,,,,,,,,,,,,,,,,,,,,,,,,,,,,,,,,,,,,,,,0.0,0.0,0.0,,,,,,,,,,,,,,,,,,,,,,,,,,,,,,,,,,,,,,,
Suriname,1925,SUR,134148.0,,,,,,,,,,,,,,,,,,,,,,,,,,,,,,,,,,,,,,,,,,,,,,,,,,,,,,,,,,,,,,,,,,,,,,,,,,,,,,,,,,,,0.0,0.0,0.0,,,,,,,,,,,,,,,,,,,,,,,,,,,,,,,,,,,,,,,
Suriname,1926,SUR,135738.0,,,,,,,,,,,,,,,,,,,,,,,,,,,,,,,,,,,,,,,,,,,,,,,,,,,,,,,,,,,,,,,,,,,,,,,,,,,,,,,,,,,,0.0,0.0,0.0,,,,,,,,,,,,,,,,,,,,,,,,,,,,,,,,,,,,,,,
Suriname,1927,SUR,137346.0,,,,,,,,,,,,,,,,,,,,,,,,,,,,,,,,,,,,,,,,,,,,,,,,,,,,,,,,,,,,,,,,,,,,,,,,,,,,,,,,,,,,0.0,0.0,0.0,,,,,,,,,,,,,,,,,,,,,,,,,,,,,,,,,,,,,,,
Suriname,1928,SUR,138973.0,,,,,,,,,,,,,,,,,,,,,,,,,,,,,,,,,,,,,,,,,,,,,,,,,,,,,,,,,,,,,,,,,,,,,,,,,,,,,,,,,,,,0.0,0.0,0.0,,,,,,,,,,,,,,,,,,,,,,,,,,,,,,,,,,,,,,,
Suriname,1929,SUR,140812.0,,,,,,,,,,,,,,,,,,,,,,,,,,,,,,,,,,,,,,,,,,,,,,,,,,,,,,,,,,,,,,,,,,,,,,,,,,,,,,,,,,,,0.0,0.0,0.0,,,,,,,,,,,,,,,,,,,,,,,,,,,,,,,,,,,,,,,
Suriname,1930,SUR,142870.0,,,,,,,,,,,,,,,,,,,,,,,,,,,,,,,,,,,,,,,,,,,,,,,,,,,,,,,,,,,,,,,,,,,,,,,,,,,,,,,,,,,,0.0,0.0,0.0,,,,,,,,,,,,,,,,,,,,,,,,,,,,,,,,,,,,,,,
Suriname,1931,SUR,145151.0,,,,,,,,,,,,,,,,,,,,,,,,,,,,,,,,,,,,,,,,,,,,,,,,,,,,,,,,,,,,,,,,,,,,,,,,,,,,,,,,,,,,0.0,0.0,0.0,,,,,,,,,,,,,,,,,,,,,,,,,,,,,,,,,,,,,,,
Suriname,1932,SUR,147664.0,,,,,,,,,,,,,,,,,,,,,,,,,,,,,,,,,,,,,,,,,,,,,,,,,,,,,,,,,,,,,,,,,,,,,,,,,,,,,,,,,,,,0.0,0.0,0.0,,,,,,,,,,,,,,,,,,,,,,,,,,,,,,,,,,,,,,,
Suriname,1933,SUR,150414.0,,,,,,,,,,,,,,,,,,,,,,,,,,,,,,,,,,,,,,,,,,,,,,,,,,,,,,,,,,,,,,,,,,,,,,,,,,,,,,,,,,,,0.0,0.0,0.0,,,,,,,,,,,,,,,,,,,,,,,,,,,,,,,,,,,,,,,
Suriname,1934,SUR,153214.0,,,,,,,,,,,,,,,,,,,,,,,,,,,,,,,,,,,,,,,,,,,,,,,,,,,,,,,,,,,,,,,,,,,,,,,,,,,,,,,,,,,,0.0,0.0,0.0,,,,,,,,,,,,,,,,,,,,,,,,,,,,,,,,,,,,,,,
Suriname,1935,SUR,156067.0,,,,,,,,,,,,,,,,,,,,,,,,,,,,,,,,,,,,,,,,,,,,,,,,,,,,,,,,,,,,,,,,,,,,,,,,,,,,,,,,,,,,0.0,0.0,0.0,,,,,,,,,,,,,,,,,,,,,,,,,,,,,,,,,,,,,,,
Suriname,1936,SUR,158974.0,,,,,,,,,,,,,,,,,,,,,,,,,,,,,,,,,,,,,,,,,,,,,,,,,,,,,,,,,,,,,,,,,,,,,,,,,,,,,,,,,,,,0.0,0.0,0.0,,,,,,,,,,,,,,,,,,,,,,,,,,,,,,,,,,,,,,,
Suriname,1937,SUR,161934.0,,,,,,,,,,,,,,,,,,,,,,,,,,,,,,,,,,,,,,,,,,,,,,,,,,,,,,,,,,,,,,,,,,,,,,,,,,,,,,,,,,,,0.0,0.0,0.0,,,,,,,,,,,,,,,,,,,,,,,,,,,,,,,,,,,,,,,
Suriname,1938,SUR,164949.0,,,,,,,,,,,,,,,,,,,,,,,,,,,,,,,,,,,,,,,,,,,,,,,,,,,,,,,,,,,,,,,,,,,,,,,,,,,,,,,,,,,,0.0,0.0,0.0,,,,,,,,,,,,,,,,,,,,,,,,,,,,,,,,,,,,,,,
Suriname,1939,SUR,167807.0,,,,,,,,,,,,,,,,,,,,,,,,,,,,,,,,,,,,,,,,,,,,,,,,,,,,,,,,,,,,,,,,,,,,,,,,,,,,,,,,,,,,0.0,0.0,0.0,,,,,,,,,,,,,,,,,,,,,,,,,,,,,,,,,,,,,,,
Suriname,1940,SUR,170501.0,,,,,,,,,,,,,,,,,,,,,,,,,,,,,,,,,,,,,,,,,,,,,,,,,,,,,,,,,,,,,,,,,,,,,,,,,,,,,,,,,,,,0.0,0.0,0.0,,,,,,,,,,,,,,,,,,,,,,,,,,,,,,,,,,,,,,,
Suriname,1941,SUR,173026.0,,,,,,,,,,,,,,,,,,,,,,,,,,,,,,,,,,,,,,,,,,,,,,,,,,,,,,,,,,,,,,,,,,,,,,,,,,,,,,,,,,,,0.0,0.0,0.0,,,,,,,,,,,,,,,,,,,,,,,,,,,,,,,,,,,,,,,
Suriname,1942,SUR,175376.0,,,,,,,,,,,,,,,,,,,,,,,,,,,,,,,,,,,,,,,,,,,,,,,,,,,,,,,,,,,,,,,,,,,,,,,,,,,,,,,,,,,,0.0,0.0,0.0,,,,,,,,,,,,,,,,,,,,,,,,,,,,,,,,,,,,,,,
Suriname,1943,SUR,177545.0,,,,,,,,,,,,,,,,,,,,,,,,,,,,,,,,,,,,,,,,,,,,,,,,,,,,,,,,,,,,,,,,,,,,,,,,,,,,,,,,,,,,0.0,0.0,0.0,,,,,,,,,,,,,,,,,,,,,,,,,,,,,,,,,,,,,,,
Suriname,1944,SUR,179741.0,,,,,,,,,,,,,,,,,,,,,,,,,,,,,,,,,,,,,,,,,,,,,,,,,,,,,,,,,,,,,,,,,,,,,,,,,,,,,,,,,,,,0.0,0.0,0.0,,,,,,,,,,,,,,,,,,,,,,,,,,,,,,,,,,,,,,,
Suriname,1945,SUR,181965.0,,,,,,,,,,,,,,,,,,,,,,,,,,,,,,,,,,,,,,,,,,,,,,,,,,,,,,,,,,,,,,,,,,,,,,,,,,,,,,,,,,,,0.0,0.0,0.0,,,,,,,,,,,,,,,,,,,,,,,,,,,,,,,,,,,,,,,
Suriname,1946,SUR,184215.0,,,,,,,,,,,,,,,,,,,,,,,,,,,,,,,,,,,,,,,,,,,,,,,,,,,,,,,,,,,,,,,,,,,,,,,,,,,,,,,,,,,,0.0,0.0,0.0,,,,,,,,,,,,,,,,,,,,,,,,,,,,,,,,,,,,,,,
Suriname,1947,SUR,186494.0,,,,,,,,,,,,,,,,,,,,,,,,,,,,,,,,,,,,,,,,,,,,,,,,,,,,,,,,,,,,,,,,,,,,,,,,,,,,,,,,,,,,0.0,0.0,0.0,,,,,,,,,,,,,,,,,,,,,,,,,,,,,,,,,,,,,,,
Suriname,1948,SUR,188801.0,,,,,,,,,,,,,,,,,,,,,,,,,,,,,,,,,,,,,,,,,,,,,,,,,,,,,,,,,,,,,,,,,,,,,,,,,,,,,,,,,,,,0.0,0.0,0.0,,,,,,,,,,,,,,,,,,,,,,,,,,,,,,,,,,,,,,,
Suriname,1949,SUR,191880.0,,,,,,,,,,,,,,,,,,,,,,,,,,,,,,,,,,,,,,,,,,,,,,,,,,,,,,,,,,,,,,,,,,,,,,,,,,,,,,,,,,,,0.0,0.0,0.0,,,,,,,,,,,,,,,,,,,,,,,,,,,,,,,,,,,,,,,
Suriname,1950,SUR,195769.0,,,,,,,,,,,,,,,,,,,,,,,,,,,,,,,,,,,,,,,,,,,,,,,,,,,,,,,,,,,,,,,,,,,,,,,,,,,,,,,,,,,,0.0,0.0,0.0,,,,,,,,,,,,,,,,,,,,,,,,,,,,,,,,,,,,,,,
Suriname,1951,SUR,201005.0,,,,,,,,,,,,,,,,,,,,,,,,,,,,,,,,,,,,,,,,,,,,,,,,,,,,,,,,,,,,,,,,,,,,,,,,,,,,,,,,,,,,0.0,0.0,0.0,,,,,,,,,,,,,,,,,,,,,,,,,,,,,,,,,,,,,,,
Suriname,1952,SUR,207121.0,,,,,,,,,,,,,,,,,,,,,,,,,,,,,,,,,,,,,,,,,,,,,,,,,,,,,,,,,,,,,,,,,,,,,,,,,,,,,,,,,,,,0.0,0.0,0.0,,,,,,,,,,,,,,,,,,,,,,,,,,,,,,,,,,,,,,,
Suriname,1953,SUR,213490.0,,,,,,,,,,,,,,,,,,,,,,,,,,,,,,,,,,,,,,,,,,,,,,,,,,,,,,,,,,,,,,,,,,,,,,,,,,,,,,,,,,,,0.0,0.0,0.0,,,,,,,,,,,,,,,,,,,,,,,,,,,,,,,,,,,,,,,
Suriname,1954,SUR,220156.0,,,,,,,,,,,,,,,,,,,,,,,,,,,,,,,,,,,,,,,,,,,,,,,,,,,,,,,,,,,,,,,,,,,,,,,,,,,,,,,,,,,,0.0,0.0,0.0,,,,,,,,,,,,,,,,,,,,,,,,,,,,,,,,,,,,,,,
Suriname,1955,SUR,227154.0,,,,,,,,,,,,,,,,,,,,,,,,,,,,,,,,,,,,,,,,,,,,,,,,,,,,,,,,,,,,,,,,,,,,,,,,,,,,,,,,,,,,0.0,0.0,0.0,,,,,,,,,,,,,,,,,,,,,,,,,,,,,,,,,,,,,,,
Suriname,1956,SUR,234527.0,,,,,,,,,,,,,,,,,,,,,,,,,,,,,,,,,,,,,,,,,,,,,,,,,,,,,,,,,,,,,,,,,,,,,,,,,,,,,,,,,,,,0.0,0.0,0.0,,,,,,,,,,,,,,,,,,,,,,,,,,,,,,,,,,,,,,,
Suriname,1957,SUR,242331.0,,,,,,,,,,,,,,,,,,,,,,,,,,,,,,,,,,,,,,,,,,,,,,,,,,,,,,,,,,,,,,,,,,,,,,,,,,,,,,,,,,,,0.0,0.0,0.0,,,,,,,,,,,,,,,,,,,,,,,,,,,,,,,,,,,,,,,
Suriname,1958,SUR,250574.0,,,,,,,,,,,,,,,,,,,,,,,,,,,,,,,,,,,,,,,,,,,,,,,,,,,,,,,,,,,,,,,,,,,,,,,,,,,,,,,,,,,,0.0,0.0,0.0,,,,,,,,,,,,,,,,,,,,,,,,,,,,,,,,,,,,,,,
Suriname,1959,SUR,259270.0,,,,,,,,,,,,,,,,,,,,,,,,,,,,,,,,,,,,,,,,,,,,,,,,,,,,,,,,,,,,,,,,,,,,,,,,,,,,,,,,,,,,0.0,0.0,0.0,,,,,,,,,,,,,,,,,,,,,,,,,,,,,,,,,,,,,,,
Suriname,1960,SUR,268404.0,,,,,,,,,,,,,,,,,,,,,,,,,,,,,,,,,,,,,,,,,,,,,,,,,,,,,,,,,,,,,,,,,,,,,,,,,,,,,,,,,,,,0.0,0.0,0.0,,,,,,,,,,,,,,,,,,,,,,,,,,,,,,,,,,,,,,,
Suriname,1961,SUR,277977.0,,,,,,,,,,,,,,,,,,,,,,,,,,,,,,,,,,,,,,,,,,,,,,,,,,,,,,,,,,,,,,,,,,,,,,,,,,,,,,,,,,,,0.0,0.0,0.0,,,,,,,,,,,,,,,,,,,,,,,,,,,,,,,,,,,,,,,
Suriname,1962,SUR,288298.0,,,,,,,,,,,,,,,,,,,,,,,,,,,,,,,,,,,,,,,,,,,,,,,,,,,,,,,,,,,,,,,,,,,,,,,,,,,,,,,,,,,,0.0,0.0,0.0,,,,,,,,,,,,,,,,,,,,,,,,,,,,,,,,,,,,,,,
Suriname,1963,SUR,299339.0,,,,,,,,,,,,,,,,,,,,,,,,,,,,,,,,,,,,,,,,,,,,,,,,,,,,,,,,,,,,,,,,,,,,,,,,,,,,,,,,,,,,0.0,0.0,0.0,,,,,,,,,,,,,,,,,,,,,,,,,,,,,,,,,,,,,,,
Suriname,1964,SUR,310295.0,,,,,,,,,,,,,,,,,,,,,,,,,,,,,,,,,,,,,,,,,,,,,,,,,,,,,,,,,,,,,,,,,,,,,,,,,,,,,,,,,,,,0.0,0.0,0.0,,,,,,,,,,,,,,,,,,,,,,,,,,,,,,,,,,,,,,,
Suriname,1965,SUR,321082.0,,,,,,,,,,,,,,,,,,,,,,,,,,,,,,,,,,,,,,,,,,,,,,,,,,,,,,,,,,,,,,,,,,,,,,,,,,,,,,,,,,,,0.0,0.0,0.0,,,,,,,,,,,,,,,,,,,,,,,,,,,,,,,,,,,,,,,
Suriname,1966,SUR,332147.0,,,,,,,,,,,,,,,,,,,,,,,,,,,,,,,,,,,,,,,,,,,,,,,,,,,,,,,,,,,,,,,,,,,,,,,,,,,,,,,,,,,,0.0,0.0,0.0,,,,,,,,,,,,,,,,,,,,,,,,,,,,,,,,,,,,,,,
Suriname,1967,SUR,343635.0,,,,,,,,,,,,,,,,,,,,,,,,,,,,,,,,,,,,,,,,,,,,,,,,,,,,,,,,,,,,,,,,,,,,,,,,,,,,,,,,,,,,0.0,0.0,0.0,,,,,,,,,,,,,,,,,,,,,,,,,,,,,,,,,,,,,,,
Suriname,1968,SUR,355480.0,,,,,,,,,,,,,,,,,,,,,,,,,,,,,,,,,,,,,,,,,,,,,,,,,,,,,,,,,,,,,,,,,,,,,,,,,,,,,,,,,,,,0.0,0.0,0.0,,,,,,,,,,,,,,,,,,,,,,,,,,,,,,,,,,,,,,,
Suriname,1969,SUR,367625.0,,,,,,,,,,,,,,,,,,,,,,,,,,,,,,,,,,,,,,,,,,,,,,,,,,,,,,,,,,,,,,,,,,,,,,,,,,,,,,,,,,,,0.0,0.0,0.0,,,,,,,,,,,,,,,,,,,,,,,,,,,,,,,,,,,,,,,
Suriname,1970,SUR,379928.0,,,,,,,,,,,,,,,,,,,,,,,,,,,,,,,,,,,,,,,,,,,,,,,,,,,,,,,,,,,,,,,,,,,,,,,,,,,,,,,,,,,,0.0,0.0,0.0,,,,,,,,,,,,,,,,,,,,,,,,,,,,,,,,,,,,,,,
Suriname,1971,SUR,392039.0,,,,,,,,,,,,,,,,,,,,,,,,,,,,,,,,,,,,,,,,,,,,,,,,,,,,,,,,,,,,,,,,,,,,,,,,,,,,,,,,,,,,0.0,0.0,0.0,,,,,,,,,,,,,,,,,,,,,,,,,,,,,,,,,,,,,,,
Suriname,1972,SUR,397544.0,,,,,,,,,,,,,,,,,,,,,,,,,,,,,,,,,,,,,,,,,,,,,,,,,,,,,,,,,,,,,,,,,,,,,,,,,,,,,,,,,,,,0.0,0.0,0.0,,,,,,,,,,,,,,,,,,,,,,,,,,,,,,,,,,,,,,,
Suriname,1973,SUR,396348.0,,,,,,,,,,,,,,,,,,,,,,,,,,,,,,,,,,,,,,,,,,,,,,,,,,,,,,,,,,,,,,,,,,,,,,,,,,,,,,,,,,,,0.0,0.0,0.0,,,,,,,,,,,,,,,,,,,,,,,,,,,,,,,,,,,,,,,
Suriname,1974,SUR,394532.0,,,,,,,,,,,,,,,,,,,,,,,,,,,,,,,,,,,,,,,,,,,,,,,,,,,,,,,,,,,,,,,,,,,,,,,,,,,,,,,,,,,,0.0,0.0,0.0,,,,,,,,,,,,,,,,,,,,,,,,,,,,,,,,,,,,,,,
Suriname,1975,SUR,392140.0,,,,,,,,,,,,,,,,,,,,,,,,,,,,,,,,,,,,,,,,,,,,,,,,,,,,,,,,,,,,,,,,,,,,,,,,,,,,,,,,,,,,0.0,0.0,0.0,,,,,,,,,,,,,,,,,,,,,,,,,,,,,,,,,,,,,,,
Suriname,1976,SUR,389244.0,,,,,,,,,,,,,,,,,,,,,,,,,,,,,,,,,,,,,,,,,,,,,,,,,,,,,,,,,,,,,,,,,,,,,,,,,,,,,,,,,,,,0.0,0.0,0.0,,,,,,,,,,,,,,,,,,,,,,,,,,,,,,,,,,,,,,,
Suriname,1977,SUR,385818.0,,,,,,,,,,,,,,,,,,,,,,,,,,,,,,,,,,,,,,,,,,,,,,,,,,,,,,,,,,,,,,,,,,,,,,,,,,,,,,,,,,,,0.0,0.0,0.0,,,,,,,,,,,,,,,,,,,,,,,,,,,,,,,,,,,,,,,
Suriname,1978,SUR,381891.0,,,,,,,,,,,,,,,,,,,,,,,,,,,,,,,,,,,,,,,,,,,,,,,,,,,,,,,,,,,,,,,,,,,,,,,,,,,,,,,,,,,,0.0,0.0,0.0,,,,,,,,,,,,,,,,,,,,,,,,,,,,,,,,,,,,,,,
Suriname,1979,SUR,377373.0,,,,,,,,,,,,,,,,,,,,,,,,,,,,,,,,,,,,,,,,,,,,,,,,,,,,,,,,,,,,,,,,,,,,,,,,,,,,,,,,,,,,0.0,0.0,0.0,,,,,,,,,,,,,,,,,,,,,,,,,,,,,,,,,,,,,,,
Suriname,1980,SUR,375123.0,,,,,,,,,,,,,,,,,,,0.0,0.0,,,,,,,,30485.225,,,,,,,,,,,,,,,,,,0.0,0.0,,,,,,,,,,,,,,,,,,,,,,,,,,,,,,,,,,,,,0.0,0.0,0.0,,,,,,,,,,,,,,,11.436,,,,,,,,,,,,,,,,,,,,,,,,
Suriname,1981,SUR,375865.0,,,,,,,,,,,,,,,,,,0.0,0.0,0.0,,,,,,-12.513,-1.431,26617.859,,,,,,,,,,,,,,,,,0.0,0.0,0.0,,,,,,,,,,,,,,,,,,,,,,,,,,,,,,,,,,,,,0.0,0.0,0.0,,,,,,,,,,,,,,,10.005,,,,,,,,,,,,,,,,,,,,,,,,
Suriname,1982,SUR,377302.0,,,,,,,,,,,,,,,,,,0.0,0.0,0.0,,,,,,0.695,0.07,26700.791,,,,,,,,,,,,,,,,,0.0,0.0,0.0,,,,,,,,,,,,,,,,,,,,,,,,,,,,,,,,,,,,,0.0,0.0,0.0,,,,,,,,,,,,,,,10.074,,,,,,,,,,,,,,,,,,,,,,,,
Suriname,1983,SUR,379421.0,,,,,,,,,,,,,,,,,,0.0,0.0,0.0,,,,,,-28.667,-2.888,18940.035,,,,,,,,,,,,,,,,,0.0,0.0,0.0,,,,,,,,,,,,,,,,,,,,,,,,,,,,,,,,,,,,,0.0,0.0,0.0,,,,,,,,,,,,,,,7.186,,,,,,,,,,,,,,,,,,,,,,,,
Suriname,1984,SUR,382625.0,,,,,,,,,,,,,,,,,,0.0,0.0,0.0,,,,,,-5.726,-0.411,17706.029,,,,,,,,,,,,,,,,,0.0,0.0,0.0,,,,,,,,,,,,,,,,,,,,,,,,,,,,,,,,,,,,,0.0,0.0,0.0,,,,,,,,,,,,,,,6.775,,,,,,,,,,,,,,,,,,,,,,,,
Suriname,1985,SUR,387181.0,,,,,,,,,,,,,,,,,,0.0,0.0,0.0,,,,,,22.574,1.529,21447.695,,,,,,,,,,,,,,,,,0.0,0.0,0.0,,,,,,,,,,,,,,,,,,,,,,,,,,,,,,,,,,,,,0.678,1750.136,0.678,,,,,,,,,,,,,,,8.304,,,,,,,,,,,,,,,,,,,,,,,,
Suriname,1986,SUR,392380.0,,,,,,,,,,,,,,,,,,0.0,0.0,0.0,,,,,,-7.999,-0.664,19470.699,,,,,,,,,,,,,,,,,0.0,0.0,0.0,,,,,,,,,,,,,,,,,,,,,,,,,,,,,,,,,,,,99.558,0.675,3446.254,1.352,,,,,,,,,,,,,,,7.64,,,,,,,,,,,,,,,,,,,,,,,,
Suriname,1987,SUR,396873.0,,,,,,,,,,,,,,,,,,0.0,0.0,0.0,,,,,,-27.495,-2.101,13957.419,,,,,,,,,,,,,,,,,0.0,0.0,0.0,,,,,,,,,,,,,,,,,,,,,,,,,,,,,,,,,,,,0.0,0.0,3407.239,1.352,,,,,,,,,,,,,,,5.539,,,,,,,,,,,,,,,,,,,,,,,,
Suriname,1988,SUR,402145.0,,,,,,,,,,,,,,,,,,0.0,0.0,0.0,,,,,,17.358,0.962,16165.389,,,,,,,,,,,,,,,,,0.0,0.0,0.0,,,,,,,,,,,,,,,,,,,,,,,,,,,,,,,,,,,,50.554,0.684,5062.48,2.036,,,,,,,,,,,,,,,6.501,,,,,,,,,,,,,,,,,,,,,,,,
Suriname,1989,SUR,408374.0,,,,,,,,,,,,,,,,,,0.0,0.0,0.0,,,,,,34.742,2.259,21449.387,,,,,,,,,,,,,,,,,0.0,0.0,0.0,,,,,,,,,,,,,,,,,,,,,,,,,,,,,,,,,,,,32.969,0.671,6628.854,2.707,,,,,,,,,,,,,,,8.759,,,,,,,,,,,,,,,,,,,,,,,,
Suriname,1990,SUR,412767.0,,,,,,,,,,,,,,,,,,0.0,0.0,0.0,,,,,,14.808,1.297,24363.615,,,,,,,,,,,,,,,,,0.0,0.0,0.0,,,,,,,,,,,,,,,,,,,,,,,,,,,,,,,,,,,,-2.5,-0.068,6394.348,2.639,,,,,,,,,,,,,,,10.056,,,,,,,,,,,,,,,,,,,,,,,,
Suriname,1991,SUR,415988.0,,,,,,,,,,,,,,,,,,0.0,0.0,0.0,,,,,,2.636,0.265,24812.104,,,,,,,,,,,,,,,,,0.0,0.0,0.0,,,,,,,,,,,,,,,,,,,,,,,,,,,,,,,,,,,,-10.256,-0.271,5694.083,2.369,,,,,,,,,,,,,,,10.322,,,,,,,,,,,,,,,,,,,,,,,,
Suriname,1992,SUR,419531.0,,,,,,,,,,,,,,,,,,0.0,0.0,0.0,,,,,,-2.408,-0.249,24010.205,,,,,,,,,,,,,,,,,0.0,0.0,0.0,,,,,,,,,,,,,,,,,,,,,,,,,,,,,,,,,,,,43.249,1.024,8087.807,3.393,,,,,,,,,,,,,,,10.073,,,,,,,,,,,,,,,,,,,,,,,,
Suriname,1993,SUR,422384.0,,,,,,,,,,,,,,,,,,0.0,0.0,0.0,,,,,,2.522,0.254,24449.406,,,,,,,,,,,,,,,,,0.0,0.0,0.0,,,,,,,,,,,,,,,,,,,,,,,,,,,,,,,,,,,,-0.273,-0.009,8011.228,3.384,,,,,,,,,,,,,,,10.327,,,,,,,,,,,,,,,,,,,,,,,,
Suriname,1994,SUR,426553.0,,,,,,,,,,,,,,,,,,0.0,0.0,0.0,,,,,,0.157,0.016,24248.496,,,,,,,,,,,,,,,,,0.0,0.0,0.0,,,,,,,,,,,,,,,,,,,,,,,,,,,,,,,,,,,,20.0,0.677,9519.516,4.061,,,,,,,,,,,,,,,10.343,,,,,,,,,,,,,,,,,,,,,,,,
Suriname,1995,SUR,434497.0,,,,,,,,,,,,,,,,,,0.0,0.0,0.0,,,,,,-3.995,-0.413,22854.074,,,,,,,,,,,,,,,,,0.0,0.0,0.0,,,,,,,,,,,,,,,,,,,,,,,,,,,,,,,,,,,,17.146,0.696,10947.853,4.757,,,,,,,,,,,,,,,9.93,,,,,,,,,,,,,,,,,,,,,,,,
Suriname,1996,SUR,443840.0,,,,,,,,,,,,,,,,,,0.0,0.0,0.0,,,,,,-1.195,-0.119,22105.609,,,,,,,,,,,,,,,,,0.0,0.0,0.0,,,,,,,,,,,,,,,,,,,,,,,,,,,,,,,,,,,,6.958,0.331,11463.082,5.088,,,,,,,,,,,,,,,9.811,,,,,,,,,,,,,,,,,,,,,,,,
Suriname,1997,SUR,452895.0,,,,,,,,,,,,,,,,,,0.0,0.0,0.0,,,,,,2.238,0.22,22148.383,,,,,,,,,,,,,,,,,0.0,0.0,0.0,,,,,,,,,,,,,,,,,,,,,,,,,,,,,,,,,,,,-33.491,-1.704,7471.521,3.384,,,,,,,,,,,,,,,10.031,,,,,,,,,,,,,,,,,,,,,,,,
Suriname,1998,SUR,461754.0,,,,,,,,,,,,,,,,,,0.0,0.0,0.0,,,,,,-0.06,-0.006,21710.32,,,,,,,,,,,,,,,,,0.0,0.0,0.0,,,,,,,,,,,,,,,,,,,,,,,,,,,,,,,,,,,,40.0,1.354,10259.447,4.737,,,,,,,,,,,,,,,10.025,,,,,,,,,,,,,,,,,,,,,,,,
Suriname,1999,SUR,470469.0,,,,,,,,,,,,,,,,,,0.0,0.0,0.0,,,,,,0.618,0.062,21439.824,,,,,,,,,,,,,,,,,0.0,0.0,0.0,,,,,,,,,,,,,,,,,,,,,,,,,,,,,,,,,,,,42.857,2.03,14384.857,6.768,,,,,,,,,,,,,,,10.087,,,,,,,,,,,,,,,,,,,,,,,,
Suriname,2000,SUR,479011.0,,,,,,0.0,0.0,0.0,,357.143,,,,,0.0,0.0,,0.0,0.0,0.0,0.0,,1.4,1.4,,-17.09,-1.724,17458.83,,,,1440.468,0.69,,,49.286,,,,,0.0,0.0,,,0.0,0.0,0.0,0.0,,0.5,,,,1482.221,0.71,,50.714,,,,,1482.221,0.71,,50.714,,0.0,0.0,,,,0.0,0.0,,0.0,,,,,1440.468,0.69,,0.274,0.019,14167.046,6.786,49.286,,,0.0,0.0,,,0.0,0.0,,0.0,0.0,,2922.689,8.363,,,,1482.221,0.71,,50.714,,,,,0.0,0.0,,0.0,,,,,0.0,0.0,,0.0,
Suriname,2001,SUR,487402.0,,,,,,0.0,0.0,0.0,,352.113,,,,,0.0,0.0,,0.0,0.0,0.0,0.0,,1.42,1.42,,-1.274,-0.107,16939.615,,,,1415.669,0.69,,,48.592,,,,,0.0,0.0,,,0.0,0.0,0.0,0.0,,0.5,,,,1497.737,0.73,,51.408,,,,,1497.737,0.73,,51.408,,0.0,0.0,,,,0.0,0.0,,0.0,,,,,1415.669,0.69,,-0.273,-0.019,13885.108,6.768,48.592,,,0.0,0.0,,,0.0,0.0,,0.0,0.0,,2913.406,8.256,,,,1497.737,0.73,,51.408,,,,,0.0,0.0,,0.0,,,,,0.0,0.0,,0.0,
Suriname,2002,SUR,495678.0,,,,,,0.0,0.0,0.0,,349.65,,,,,0.0,0.0,,0.0,0.0,0.0,0.0,,1.43,1.43,,10.926,0.902,18476.682,,,,1392.033,0.69,,,48.252,,,,,0.0,0.0,,,0.0,0.0,0.0,0.0,,0.5,,,,1492.905,0.74,,51.748,,,,,1492.905,0.74,,51.748,,0.0,0.0,,,,0.0,0.0,,0.0,,,,,1392.033,0.69,,0.0,0.0,13653.278,6.768,48.252,,,0.0,0.0,,,0.0,0.0,,0.0,0.0,,2884.938,9.158,,,,1492.905,0.74,,51.748,,,,,0.0,0.0,,0.0,,,,,0.0,0.0,,0.0,
Suriname,2003,SUR,503786.0,,,,,,0.0,0.0,0.0,,347.222,,,,,0.0,0.0,,0.0,0.0,0.0,0.0,,1.44,1.44,,-11.408,-1.045,16105.433,,,,1369.629,0.69,,,47.917,,,,,0.0,0.0,,,0.0,0.0,0.0,0.0,,0.5,,,,1488.727,0.75,,52.083,,,,,1488.727,0.75,,52.083,,0.0,0.0,,,,0.0,0.0,,0.0,,,,,1369.629,0.69,,0.0,0.0,13433.54,6.768,47.917,,,0.0,0.0,,,0.0,0.0,,0.0,0.0,,2858.356,8.114,,,,1488.727,0.75,,52.083,,,,,0.0,0.0,,0.0,,,,,0.0,0.0,,0.0,
Suriname,2004,SUR,510588.0,,,,,,0.0,0.0,0.0,,344.828,,,,,0.0,0.0,,0.0,0.0,0.0,0.0,,1.45,1.45,,13.338,1.082,18010.424,,,,1351.383,0.69,,,47.586,,,,,0.0,0.0,,,0.0,0.0,0.0,0.0,,0.5,,,,1488.48,0.76,,52.414,,,,,1488.48,0.76,,52.414,,0.0,0.0,,,,0.0,0.0,,0.0,,,,,1351.383,0.69,,0.274,0.019,13290.894,6.786,47.586,,,0.0,0.0,,,0.0,0.0,,0.0,0.0,,2839.863,9.196,,,,1488.48,0.76,,52.414,,,,,0.0,0.0,,0.0,,,,,0.0,0.0,,0.0,
Suriname,2005,SUR,516228.0,,,,,,0.0,0.0,0.0,,335.526,,,,,0.0,0.0,,0.0,0.0,0.0,0.0,,1.52,1.52,,1.764,0.162,18127.873,,,,1355.99,0.7,,,46.053,,,,,0.0,0.0,,,0.0,0.0,0.0,0.0,,0.51,,,,1588.445,0.82,,53.947,,,,,1588.445,0.82,,53.947,,0.0,0.0,,,,0.0,0.0,,0.0,,,,,1355.99,0.7,,-0.273,-0.019,13109.769,6.768,46.053,,,0.0,0.0,,,0.0,0.0,,0.0,0.0,,2944.435,9.358,,,,1588.445,0.82,,53.947,,,,,0.0,0.0,,0.0,,,,,0.0,0.0,,0.0,
Suriname,2006,SUR,522035.0,,,,,,0.0,0.0,0.0,,326.923,,,,,0.0,0.0,,0.0,0.0,0.0,0.0,,1.56,1.56,,8.988,0.841,19537.414,,,,1340.906,0.7,,,44.872,,,,,0.0,0.0,,,0.0,0.0,0.0,0.0,,0.51,,,,1647.399,0.86,,55.128,,,,,1647.399,0.86,,55.128,,0.0,0.0,,,,0.0,0.0,,0.0,,,,,1340.906,0.7,,15.992,1.082,15037.157,7.85,44.872,,,0.0,0.0,,,0.0,0.0,,0.0,0.0,,2988.305,10.199,,,,1647.399,0.86,,55.128,,,,,0.0,0.0,,0.0,,,,,0.0,0.0,,0.0,
Suriname,2007,SUR,527958.0,,,,,,0.0,0.0,0.0,,326.923,,,,,0.0,0.0,,0.0,0.0,0.0,0.0,,1.56,1.56,,-6.515,-0.664,18059.73,,,,1325.863,0.7,,,44.872,,,,,0.0,0.0,,,0.0,0.0,0.0,0.0,,0.51,,,,1628.917,0.86,,55.128,,,,,1628.917,0.86,,55.128,,0.0,0.0,,,,0.0,0.0,,0.0,,,,,1325.863,0.7,,16.696,1.311,17350.834,9.161,44.872,,,0.0,0.0,,,0.0,0.0,,0.0,0.0,,2954.781,9.535,,,,1628.917,0.86,,55.128,,,,,0.0,0.0,,0.0,,,,,0.0,0.0,,0.0,
Suriname,2008,SUR,533939.0,,,,,,0.0,0.0,0.0,,326.923,,,,,0.0,0.0,,0.0,0.0,0.0,0.0,,1.56,1.56,,18.311,1.746,21127.252,,,,1311.011,0.7,,,44.872,,,,,0.0,0.0,,,0.0,0.0,0.0,0.0,,0.51,,,,1610.671,0.86,,55.128,,,,,1610.671,0.86,,55.128,,0.0,0.0,,,,0.0,0.0,,0.0,,,,,1311.011,0.7,,17.359,1.59,20134.74,10.751,44.872,,,0.0,0.0,,,0.0,0.0,,0.0,0.0,,2921.682,11.281,,,,1610.671,0.86,,55.128,,,,,0.0,0.0,,0.0,,,,,0.0,0.0,,0.0,
Suriname,2009,SUR,539996.0,,,,,,0.0,0.0,0.0,,326.923,,,,,0.0,0.0,,0.0,0.0,0.0,0.0,,1.56,1.56,,1.703,0.192,21246.133,,,,1296.306,0.7,,,44.872,,,,,0.0,0.0,,,0.0,0.0,0.0,0.0,,0.51,,,,1592.604,0.86,,55.128,,,,,1592.604,0.86,,55.128,,0.0,0.0,,,,0.0,0.0,,0.0,,,,,1296.306,0.7,,0.721,0.077,20052.383,10.828,44.872,,,0.0,0.0,,,0.0,0.0,,0.0,0.0,,2888.91,11.473,,,,1592.604,0.86,,55.128,,,,,0.0,0.0,,0.0,,,,,0.0,0.0,,0.0,
Suriname,2010,SUR,546085.0,,,,,,0.0,0.0,0.0,,220.238,,,,,0.0,0.0,,0.0,0.0,0.0,0.0,,1.68,1.68,,20.112,2.307,25234.633,,,,878.984,0.48,,,28.571,,,,,0.0,0.0,,,0.0,0.0,0.0,0.0,,0.37,,,,2197.46,1.2,,71.429,,,,,2197.46,1.2,,71.429,,0.0,0.0,,,,0.0,0.0,,0.0,,,,,878.984,0.48,,-0.007,-0.001,19827.486,10.827,28.571,,,0.0,0.0,,,0.0,0.0,,0.0,0.0,,3076.444,13.78,,,,2197.46,1.2,,71.429,,,,,0.0,0.0,,0.0,,,,,0.0,0.0,,0.0,
Suriname,2011,SUR,552154.0,,,,,,0.0,0.0,0.0,,328.042,,,,,0.0,0.0,,0.0,0.0,0.0,0.0,,1.89,1.89,,-18.638,-2.568,20305.736,,,,1557.536,0.86,,,45.503,,,,,0.0,0.0,,,0.0,0.0,0.0,0.0,,0.62,,,,1865.422,1.03,,54.497,,,,,1865.422,1.03,,54.497,,0.0,0.0,,,,0.0,0.0,,0.0,,,,,1557.536,0.86,,0.0,0.0,19609.553,10.827,45.503,,,0.0,0.0,,,0.0,0.0,,0.0,0.0,,3422.958,11.212,,,,1865.422,1.03,,54.497,,,,,0.0,0.0,,0.0,,,,,0.0,0.0,,0.0,
Suriname,2012,SUR,558111.0,,,,,,0.0,0.0,0.0,,407.407,,,,,0.0,0.0,,0.0,0.0,0.0,0.0,,1.96,1.89,,8.896,0.997,21876.135,,,,1917.182,1.07,,,56.614,,,,,0.0,0.0,,,0.0,0.0,0.0,0.0,,0.77,,,,1469.242,0.82,,43.386,,,,,1469.242,0.82,,43.386,,0.07,3.571,,,,0.0,0.0,,0.0,,,,,1917.182,1.07,,-0.771,-0.083,19250.764,10.744,56.614,,,0.0,0.0,,,0.0,0.0,,0.0,0.0,,3386.423,12.209,,,,1469.242,0.82,,43.386,,,,,0.0,0.0,,0.0,,,,,0.0,0.0,,0.0,
Suriname,2013,SUR,563952.0,,,,,,0.0,0.0,0.0,,406.25,,,,,0.0,0.0,,0.0,0.0,0.0,0.0,,2.24,1.92,,-3.737,-0.456,20840.512,,,,1932.789,1.09,,,56.771,,,,,0.0,0.0,,,0.0,0.0,0.0,0.0,,0.78,,,,1471.756,0.83,,43.229,,,,,1471.756,0.83,,43.229,,0.32,14.286,,,,0.0,0.0,,0.0,,,,,1932.789,1.09,,-5.522,-0.593,17999.357,10.151,56.771,,,0.0,0.0,,,0.0,0.0,,0.0,0.0,,3404.545,11.753,,,,1471.756,0.83,,43.229,,,,,0.0,0.0,,0.0,,,,,0.0,0.0,,0.0,
Suriname,2014,SUR,569687.0,,,,,,0.0,0.0,0.0,,505.208,,,,,0.0,0.0,,0.0,0.0,0.0,0.0,,2.36,1.92,,-2.661,-0.313,20081.727,,,,2404.829,1.37,,,71.354,,,,,0.0,0.0,,,0.0,0.0,0.0,0.0,,0.97,,,,965.442,0.55,,28.646,,,,,965.442,0.55,,28.646,,0.44,18.644,,,,0.0,0.0,,0.0,,,,,2404.829,1.37,,0.0,0.0,17818.16,10.151,71.354,,,0.0,0.0,,,0.0,0.0,,0.0,0.0,,3370.272,11.44,,,,965.442,0.55,,28.646,,,,,0.0,0.0,,0.0,,,,,0.0,0.0,,0.0,
Suriname,2015,SUR,575478.0,,,,,,17.377,0.01,0.513,,528.205,,,,,0.0,0.0,,0.0,0.0,0.0,0.0,,2.08,1.95,,-7.978,-0.913,18293.592,,,,2537.021,1.46,,,74.872,,,,,0.0,0.0,,,0.0,0.0,0.0,0.0,,1.03,,,,816.712,0.47,,24.103,,,,,851.466,0.49,,25.128,,0.13,6.25,,,,0.0,0.0,,0.0,,,,,2537.021,1.46,,13.333,1.353,19990.705,11.504,74.872,,,0.01,0.0,,,17.377,0.0,,0.513,0.0,,3388.488,10.528,,,,851.466,0.49,,25.128,,,,,17.377,0.01,,0.513,,,,,0.0,0.0,,0.0,
Suriname,2016,SUR,581462.0,,,,,,17.198,0.01,0.521,,416.667,,,,,0.0,0.0,,0.0,0.0,0.0,0.0,,2.36,1.92,,3.921,0.413,18815.174,,,,1926.179,1.12,,,58.333,,,,,0.0,0.0,,,0.0,0.0,0.0,0.0,,0.8,,,,1341.446,0.78,,40.625,,,,,1375.842,0.8,,41.667,,0.44,18.644,,,,0.0,0.0,,0.0,,,,,1926.179,1.12,,0.274,0.032,19839.18,11.536,58.333,,,0.01,0.0,,,17.198,0.0,,0.521,0.0,,3302.021,10.94,,,,1375.842,0.8,,41.667,,,,,17.198,0.01,,0.521,,,,,0.0,0.0,,0.0,
Suriname,2017,SUR,587566.0,,,,,,0.0,0.0,0.0,,367.021,,,,,0.0,0.0,,,,,0.0,,2.77,1.88,,16.536,1.809,21698.678,,,,1616.84,0.95,,,50.532,,,,,0.0,0.0,,,,,,0.0,,0.69,,,,1565.781,0.92,,48.936,,,,,1582.801,0.93,,49.468,,0.89,32.13,,,,0.0,0.0,,0.0,,,,,1616.84,0.95,,,,,,50.532,,,0.0,0.0,,,0.0,0.0,,0.0,0.0,,3199.641,12.749,,,,1582.801,0.93,,49.468,,,,,17.019,0.01,,0.532,,,,,0.0,0.0,,0.0,
Suriname,2018,SUR,593729.0,,,,,,0.0,0.0,0.0,,338.624,,,,,0.0,0.0,,,,,0.0,,2.7,1.89,,1.003,0.128,21688.73,,,,1499.0,0.89,,,47.09,,,,,0.0,0.0,,,,,,0.0,,0.64,,,,1667.427,0.99,,52.381,,,,,1684.27,1.0,,52.91,,0.81,30.0,,,,0.0,0.0,,0.0,,,,,1499.0,0.89,,,,,,47.09,,,0.0,0.0,,,0.0,0.0,,0.0,0.0,,3183.271,12.877,,,,1684.27,1.0,,52.91,,,,,16.843,0.01,,0.529,,,,,0.0,0.0,,0.0,
Suriname,2019,SUR,600305.0,,,,,,0.0,0.0,0.0,,364.103,,,,,0.0,0.0,,,,,0.0,,2.77,1.95,,0.831,0.107,21629.324,,,,1649.162,0.99,,,50.769,,,,,0.0,0.0,,,,,,0.0,,0.71,,,,1582.529,0.95,,48.718,,,,,1599.187,0.96,,49.231,,0.82,29.603,,,,0.0,0.0,,0.0,,,,,1649.162,0.99,,,,,,50.769,,,0.0,0.0,,,0.0,0.0,,0.0,0.0,,3248.349,12.984,,,,1599.187,0.96,,49.231,,,,,16.658,0.01,,0.513,,,,,0.0,0.0,,0.0,
Suriname,2020,SUR,607068.0,,,,,,0.0,0.0,0.0,,354.167,,,,,0.0,0.0,,,,,0.0,,2.72,1.92,,-4.826,-0.627,20356.205,,,,1548.426,0.94,,,48.958,,,,,0.0,0.0,,,,,,0.0,,0.68,,,,1597.844,0.97,,50.521,,,,,1614.317,0.98,,51.042,,0.8,29.412,,,,0.0,0.0,,0.0,,,,,1548.426,0.94,,,,,,48.958,,,0.0,0.0,,,0.0,0.0,,0.0,0.0,,3162.743,12.358,,,,1614.317,0.98,,51.042,,,,,16.473,0.01,,0.521,,,,,0.0,0.0,,0.0,
Suriname,2021,SUR,612989.0,,,,,,0.0,0.0,0.0,,356.436,,,,,0.0,0.0,,,,,0.0,,2.82,2.02,,0.622,0.077,20284.996,,,,1631.351,1.0,,,49.505,,,,,0.0,0.0,,,,,,0.0,,0.72,,,,1631.351,1.0,,49.505,,,,,1663.978,1.02,,50.495,,0.8,28.369,,,,0.0,0.0,,0.0,,,,,1631.351,1.0,,,,,,49.505,,,0.0,0.0,,,0.0,0.0,,0.0,0.0,,3295.328,12.434,,,,1663.978,1.02,,50.495,,,,,32.627,0.02,,0.99,,,,,0.0,0.0,,0.0,
Sweden,1900,SWE,5123503.0,16988439552.0,,,,,,,,,,,,,,,,,,371.986,1.906,,,,,,,,,,,,,,,,,,,,,,,,,,,,,,,,,,,,,,,,,,,,,,,,,,,,,,,,,,,,,,,,,0.0,0.0,,,,,,,,,,,,,,,,,,,,,,,,,,,,,,,,,,,,,,,
Sweden,1901,SWE,5157047.0,17561335808.0,,,,,,,,,,,,,,,,7.937,0.151,398.897,2.057,,,,,,,,,,,,,,,,,,,,,,,,,,,,,,,,,,,,,,,,,,,,,,,,,,,,,,,,,,,,,,,,0.0,0.0,0.0,,,,,,,,,,,,,,,,,,,,,,,,,,,,,,,,,,,,,,,
Sweden,1902,SWE,5190268.0,17438693376.0,,,,,,,,,,,,,,,,12.132,0.25,444.43,2.307,,,,,,,,,,,,,,,,,,,,,,,,,,,,,,,,,,,,,,,,,,,,,,,,,,,,,,,,,,,,,,,,0.0,0.0,0.0,,,,,,,,,,,,,,,,,,,,,,,,,,,,,,,,,,,,,,,
Sweden,1903,SWE,5223160.0,18438189056.0,,,,,,,,,,,,,,,,4.918,0.113,463.351,2.42,,,,,,,,,,,,,,,,,,,,,,,,,,,,,,,,,,,,,,,,,,,,,,,,,,,,,,,,,,,,,,,,0.0,0.0,0.0,,,,,,,,,,,,,,,,,,,,,,,,,,,,,,,,,,,,,,,
Sweden,1904,SWE,5256260.0,18862358528.0,,,,,,,,,,,,,,,,0.312,0.008,461.872,2.428,,,,,,,,,,,,,,,,,,,,,,,,,,,,,,,,,,,,,,,,,,,,,,,,,,,,,,,,,,,,,,,,0.0,0.0,0.0,,,,,,,,,,,,,,,,,,,,,,,,,,,,,,,,,,,,,,,
Sweden,1905,SWE,5289570.0,18721067008.0,,,,,,,,,,,,,,,,0.312,0.008,460.393,2.435,,,,,,,,,,,,,,,,,,,,,,,,,,,,,,,,,,,,,,,,,,,,,,,,,,,,,,,,,,,,,,,,0.0,0.0,0.0,,,,,,,,,,,,,,,,,,,,,,,,,,,,,,,,,,,,,,,
Sweden,1906,SWE,5323091.0,20356450304.0,,,,,,,,,,,,,,,,-7.764,-0.189,421.974,2.246,,,,,,,,,,,,,,,,,,,,,,,,,,,,,,,,,,,,,,,,,,,,,,,,,,,,,,,,,,,,,,,,0.0,0.0,0.0,,,,,,,,,,,,,,,,,,,,,,,,,,,,,,,,,,,,,,,
Sweden,1907,SWE,5356825.0,21883344896.0,,,,,,,,,,,,,,,,2.694,0.061,430.612,2.307,,,,,,,,,,,,,,,,,,,,,,,,,,,,,,,,,,,,,,,,,,,,,,,,,,,,,,,,,,,,,,,,0.0,0.0,0.0,,,,,,,,,,,,,,,,,,,,,,,,,,,,,,,,,,,,,,,
Sweden,1908,SWE,5390772.0,21394436096.0,,,,,,,,,,,,,,,,0.0,0.0,427.9,2.307,,,,,,,,,,,,,,,,,,,,,,,,,,,,,,,,,,,,,,,,,,,,,,,,,,,,,,,,,,,,,,,,0.0,0.0,0.0,,,,,,,,,,,,,,,,,,,,,,,,,,,,,,,,,,,,,,,
Sweden,1909,SWE,5426317.0,21702940672.0,,,,,,,,,,,,,,,,-19.016,-0.439,344.259,1.868,,,,,,,,,,,,,,,,,,,,,,,,,,,,,,,,,,,,,,,,,,,,,,,,,,,,,,,,,,,,,,,,0.0,0.0,0.0,,,,,,,,,,,,,,,,,,,,,,,,,,,,,,,,,,,,,,,
Sweden,1910,SWE,5463482.0,22287446016.0,,,,,,,,,,,,,,,,22.672,0.424,419.437,2.292,,,,,,,,,,,,,,,,,,,,,,,,,,,,,,,,,,,,,,,,,,,,,,,,,,,,,,,,,,,,,,,,0.0,0.0,0.0,,,,,,,,,,,,,,,,,,,,,,,,,,,,,,,,,,,,,,,
Sweden,1911,SWE,5502286.0,23021467648.0,,,,,,,,,,,,,,,,2.97,0.068,428.849,2.36,,,,,,,,,,,,,,,,,,,,,,,,,,,,,,,,,,,,,,,,,,,,,,,,,,,,,,,,,,,,,,,,0.0,0.0,0.0,,,,,,,,,,,,,,,,,,,,,,,,,,,,,,,,,,,,,,,
Sweden,1912,SWE,5542751.0,24073895936.0,,,,,,,,,,,,,,,,15.385,0.363,491.214,2.723,,,,,,,,,,,,,,,,,,,,,,,,,,,,,,,,,,,,,,,,,,,,,,,,,,,,,,,,,,,,,,,,0.0,0.0,0.0,,,,,,,,,,,,,,,,,,,,,,,,,,,,,,,,,,,,,,,
Sweden,1913,SWE,5584898.0,25749800960.0,,,,,,,,,,,,,,,,1.111,0.03,492.924,2.753,,,,,,,,,,,,,,,,,,,,,,,,,,,,,,,,,,,,,,,,,,,,,,,,,,,,,,,,,,,,,,,,0.0,0.0,0.0,,,,,,,,,,,,,,,,,,,,,,,,,,,,,,,,,,,,,,,
Sweden,1914,SWE,5627365.0,26472802304.0,,,,,,,,,,,,,,,,0.824,0.023,493.236,2.776,,,,,,,,,,,,,,,,,,,,,,,,,,,,,,,,,,,,,,,,,,,,,,,,,,,,,,,,,,,,,,,,0.0,0.0,0.0,,,,,,,,,,,,,,,,,,,,,,,,,,,,,,,,,,,,,,,
Sweden,1915,SWE,5670156.0,27574335488.0,,,,,,,,,,,,,,,,12.262,0.34,549.535,3.116,,,,,,,,,,,,,,,,,,,,,,,,,,,,,,,,,,,,,,,,,,,,,,,,,,,,,,,,,,,,,,,,0.0,0.0,0.0,,,,,,,,,,,,,,,,,,,,,,,,,,,,,,,,,,,,,,,
Sweden,1916,SWE,5713272.0,29300115456.0,,,,,,,,,,,,,,,,0.728,0.023,549.359,3.139,,,,,,,,,,,,,,,,,,,,,,,,,,,,,,,,,,,,,,,,,,,,,,,,,,,,,,,,,,,,,,,,0.0,0.0,0.0,,,,,,,,,,,,,,,,,,,,,,,,,,,,,,,,,,,,,,,
Sweden,1917,SWE,5756715.0,27733420032.0,,,,,,,,,,,,,,,,6.747,0.212,581.999,3.35,,,,,,,,,,,,,,,,,,,,,,,,,,,,,,,,,,,,,,,,,,,,,,,,,,,,,,,,,,,,,,,,0.0,0.0,0.0,,,,,,,,,,,,,,,,,,,,,,,,,,,,,,,,,,,,,,,
Sweden,1918,SWE,5800311.0,25748238336.0,,,,,,,,,,,,,,,,-8.804,-0.295,526.773,3.055,,,,,,,,,,,,,,,,,,,,,,,,,,,,,,,,,,,,,,,,,,,,,,,,,,,,,,,,,,,,,,,,0.0,0.0,0.0,,,,,,,,,,,,,,,,,,,,,,,,,,,,,,,,,,,,,,,
Sweden,1919,SWE,5840331.0,26252490752.0,,,,,,,,,,,,,,,,6.188,0.189,555.537,3.245,,,,,,,,,,,,,,,,,,,,,,,,,,,,,,,,,,,,,,,,,,,,,,,,,,,,,,,,,,,,,,,,0.0,0.0,0.0,,,,,,,,,,,,,,,,,,,,,,,,,,,,,,,,,,,,,,,
Sweden,1920,SWE,5876734.0,28134287360.0,,,,,,,,,,,,,,,,2.564,0.083,566.253,3.328,,,,,,,,,,,,,,,,,,,,,,,,,,,,,,,,,,,,,,,,,,,,,,,,,,,,,,,,,,,,,,,,0.0,0.0,0.0,,,,,,,,,,,,,,,,,,,,,,,,,,,,,,,,,,,,,,,
Sweden,1921,SWE,5909474.0,26935447552.0,,,,,,,,,,,,,,,,-14.318,-0.476,482.487,2.851,,,,,,,,,,,,,,,,,,,,,,,,,,,,,,,,,,,,,,,,,,,,,,,,,,,,,,,,,,,,,,,,0.0,0.0,0.0,,,,,,,,,,,,,,,,,,,,,,,,,,,,,,,,,,,,,,,
Sweden,1922,SWE,5938507.0,29066827776.0,,,,,,,,,,,,,,,,0.531,0.015,482.676,2.866,,,,,,,,,,,,,,,,,,,,,,,,,,,,,,,,,,,,,,,,,,,,,,,,,,,,,,,,,,,,,,,,0.0,0.0,0.0,,,,,,,,,,,,,,,,,,,,,,,,,,,,,,,,,,,,,,,
Sweden,1923,SWE,5963789.0,30122930176.0,,,,,,,,,,,,,,,,10.818,0.31,532.624,3.176,,,,,,,,,,,,,,,,,,,,,,,,,,,,,,,,,,,,,,,,,,,,,,,,,,,,,,,,,,,,,,,,0.0,0.0,0.0,,,,,,,,,,,,,,,,,,,,,,,,,,,,,,,,,,,,,,,
Sweden,1924,SWE,5989178.0,32302665728.0,,,,,,,,,,,,,,,,4.286,0.136,553.096,3.313,,,,,,,,,,,,,,,,,,,,,,,,,,,,,,,,,,,,,,,,,,,,,,,,,,,,,,,,,,,,,,,,0.0,0.0,0.0,,,,,,,,,,,,,,,,,,,,,,,,,,,,,,,,,,,,,,,
Sweden,1925,SWE,6014675.0,33174960128.0,,,,,,,,,,,,,,,,-39.726,-1.316,331.96,1.997,,,,,,,,,,,,,,,,,,,,,,,,,,,,,,,,,,,,,,,,,,,,,,,,,,,,,,,,,,,,,,,,0.0,0.0,0.0,,,,,,,,,,,,,,,,,,,,,,,,,,,,,,,,,,,,,,,
Sweden,1926,SWE,6040280.0,34904383488.0,,,,,,,,,,,,,,,,45.455,0.908,480.803,2.904,,,,,,,,,,,,,,,,,,,,,,,,,,,,,,,,,,,,,,,,,,,,,,,,,,,,,,,,,,,,,,,,0.0,0.0,0.0,,,,,,,,,,,,,,,,,,,,,,,,,,,,,,,,,,,,,,,
Sweden,1927,SWE,6065995.0,36133302272.0,,,,,,,,,,,,,,,,3.646,0.106,496.22,3.01,,,,,,,,,,,,,,,,,,,,,,,,,,,,,,,,,,,,,,,,,,,,,,,,,,,,,,,,,,,,,,,,0.0,0.0,0.0,,,,,,,,,,,,,,,,,,,,,,,,,,,,,,,,,,,,,,,
Sweden,1928,SWE,6091819.0,37270962176.0,,,,,,,,,,,,,,,,-9.799,-0.295,445.698,2.715,,,,,,,,,,,,,,,,,,,,,,,,,,,,,,,,,,,,,,,,,,,,,,,,,,,,,,,,,,,,,,,,0.0,0.0,0.0,,,,,,,,,,,,,,,,,,,,,,,,,,,,,,,,,,,,,,,
Sweden,1929,SWE,6116959.0,39587786752.0,,,,,,,,,,,,,,,,10.028,0.272,488.377,2.987,,,,,,,,,,,,,,,,,,,,,,,,,,,,,,,,,,,,,,,,,,,,,,,,,,,,,,,,,,,,,,,,0.0,0.0,0.0,,,,,,,,,,,,,,,,,,,,,,,,,,,,,,,,,,,,,,,
Sweden,1930,SWE,6141408.0,41414905856.0,,,,,,,,,,,,,,,,0.759,0.023,490.127,3.01,,,,,,,,,,,,,,,,,,,,,,,,,,,,,,,,,,,,,,,,,,,,,,,,,,,,,,,,,,,,,,,,0.0,0.0,0.0,,,,,,,,,,,,,,,,,,,,,,,,,,,,,,,,,,,,,,,
Sweden,1931,SWE,6165161.0,40492462080.0,,,,,,,,,,,,,,,,-13.819,-0.416,420.768,2.594,,,,,,,,,,,,,,,,,,,,,,,,,,,,,,,,,,,,,,,,,,,,,,,,,,,,,,,,,,,,,,,,0.0,0.0,0.0,,,,,,,,,,,,,,,,,,,,,,,,,,,,,,,,,,,,,,,
Sweden,1932,SWE,6188213.0,39063199744.0,,,,,,,,,,,,,,,,-2.915,-0.076,406.979,2.518,,,,,,,,,,,,,,,,,,,,,,,,,,,,,,,,,,,,,,,,,,,,,,,,,,,,,,,,,,,,,,,,0.0,0.0,0.0,,,,,,,,,,,,,,,,,,,,,,,,,,,,,,,,,,,,,,,
Sweden,1933,SWE,6210556.0,39866228736.0,,,,,,,,,,,,,,,,4.805,0.121,425.0,2.639,,,,,,,,,,,,,,,,,,,,,,,,,,,,,,,,,,,,,,,,,,,,,,,,,,,,,,,,,,,,,,,,0.0,0.0,0.0,,,,,,,,,,,,,,,,,,,,,,,,,,,,,,,,,,,,,,,
Sweden,1934,SWE,6232980.0,42589589504.0,,,,,,,,,,,,,,,,18.911,0.499,503.554,3.139,,,,,,,,,,,,,,,,,,,,,,,,,,,,,,,,,,,,,,,,,,,,,,,,,,,,,,,,,,,,,,,,0.0,0.0,0.0,,,,,,,,,,,,,,,,,,,,,,,,,,,,,,,,,,,,,,,
Sweden,1935,SWE,6255485.0,44692721664.0,,,,,,,,,,,,,,,,2.169,0.068,512.623,3.207,,,,,,,,,,,,,,,,,,,,,,,,,,,,,,,,,,,,,,,,,,,,,,,,,,,,,,,,,,,,,,,,0.0,0.0,0.0,,,,,,,,,,,,,,,,,,,,,,,,,,,,,,,,,,,,,,,
Sweden,1936,SWE,6278071.0,46291562496.0,,,,,,,,,,,,,,,,7.547,0.242,549.328,3.449,,,,,,,,,,,,,,,,,,,,,,,,,,,,,,,,,,,,,,,,,,,,,,,,,,,,,,,,,,,,,,,,0.0,0.0,0.0,,,,,,,,,,,,,,,,,,,,,,,,,,,,,,,,,,,,,,,
Sweden,1937,SWE,6300739.0,47565803520.0,,,,,,,,,,,,,,,,0.877,0.03,552.154,3.479,,,,,,,,,,,,,,,,,,,,,,,,,,,,,,,,,,,,,,,,,,,,,,,,,,,,,,,,,,,,,,,,0.0,0.0,0.0,,,,,,,,,,,,,,,,,,,,,,,,,,,,,,,,,,,,,,,
Sweden,1938,SWE,6323489.0,49192165376.0,,,,,,,,,,,,,,,,-6.304,-0.219,515.483,3.26,,,,,,,,,,,,,,,,,,,,,,,,,,,,,,,,,,,,,,,,,,,,,,,,,,,,,,,,,,,,,,,,0.0,0.0,0.0,,,,,,,,,,,,,,,,,,,,,,,,,,,,,,,,,,,,,,,
Sweden,1939,SWE,6354332.0,52948619264.0,,,,,,,,,,,,,,,,3.016,0.098,528.453,3.358,,,,,,,,,,,,,,,,,,,,,,,,,,,,,,,,,,,,,,,,,,,,,,,,,,,,,,,,,,,,,,,,0.0,0.0,0.0,,,,,,,,,,,,,,,,,,,,,,,,,,,,,,,,,,,,,,,
Sweden,1940,SWE,6393377.0,49189085184.0,,,,,,,,,,,,,,,,12.162,0.408,589.105,3.766,,,,,,,,,,,,,,,,,,,,,,,,,,,,,,,,,,,,,,,,,,,,,,,,,,,,,,,,,,,,,,,,0.0,0.0,0.0,,,,,,,,,,,,,,,,,,,,,,,,,,,,,,,,,,,,,,,
Sweden,1941,SWE,6440733.0,47987777536.0,,,,,,,,,,,,,,,,11.847,0.446,654.054,4.213,,,,,,,,,,,,,,,,,,,,,,,,,,,,,,,,,,,,,,,,,,,,,,,,,,,,,,,,,,,,,,,,0.0,0.0,0.0,,,,,,,,,,,,,,,,,,,,,,,,,,,,,,,,,,,,,,,
Sweden,1942,SWE,6496512.0,48606625792.0,,,,,,,,,,,,,,,,4.488,0.189,677.542,4.402,,,,,,,,,,,,,,,,,,,,,,,,,,,,,,,,,,,,,,,,,,,,,,,,,,,,,,,,,,,,,,,,0.0,0.0,0.0,,,,,,,,,,,,,,,,,,,,,,,,,,,,,,,,,,,,,,,
Sweden,1943,SWE,6560825.0,50485710848.0,,,,,,,,,,,,,,,,-4.124,-0.182,643.234,4.22,,,,,,,,,,,,,,,,,,,,,,,,,,,,,,,,,,,,,,,,,,,,,,,,,,,,,,,,,,,,,,,,0.0,0.0,0.0,,,,,,,,,,,,,,,,,,,,,,,,,,,,,,,,,,,,,,,
Sweden,1944,SWE,6625775.0,52394721280.0,,,,,,,,,,,,,,,,2.151,0.091,650.626,4.311,,,,,,,,,,,,,,,,,,,,,,,,,,,,,,,,,,,,,,,,,,,,,,,,,,,,,,,,,,,,,,,,0.0,0.0,0.0,,,,,,,,,,,,,,,,,,,,,,,,,,,,,,,,,,,,,,,
Sweden,1945,SWE,6691367.0,54413635584.0,,,,,,,,,,,,,,,,7.895,0.34,695.11,4.651,,,,,,,,,,,,,,,,,,,,,,,,,,,,,,,,,,,,,,,,,,,,,,,,,,,,,,,,,,,,,,,,0.0,0.0,0.0,,,,,,,,,,,,,,,,,,,,,,,,,,,,,,,,,,,,,,,
Sweden,1946,SWE,6757610.0,60471001088.0,,,,,,,,,,,,,,,,-20.65,-0.96,546.16,3.691,,,,,,,,,,,,,,,,,,,,,,,,,,,,,,,,,,,,,,,,,,,,,,,,,,,,,,,,,,,,,,,,0.0,0.0,0.0,,,,,,,,,,,,,,,,,,,,,,,,,,,,,,,,,,,,,,,
Sweden,1947,SWE,6824507.0,66050326528.0,,,,,,,,,,,,,,,,-14.754,-0.545,461.016,3.146,,,,,,,,,,,,,,,,,,,,,,,,,,,,,,,,,,,,,,,,,,,,,,,,,,,,,,,,,,,,,,,,0.0,0.0,0.0,,,,,,,,,,,,,,,,,,,,,,,,,,,,,,,,,,,,,,,
Sweden,1948,SWE,6892068.0,67604824064.0,,,,,,,,,,,,,,,,-10.096,-0.318,410.408,2.829,,,,,,,,,,,,,,,,,,,,,,,,,,,,,,,,,,,,,,,,,,,,,,,,,,,,,,,,,,,,,,,,0.0,0.0,0.0,,,,,,,,,,,,,,,,,,,,,,,,,,,,,,,,,,,,,,,
Sweden,1949,SWE,6955459.0,70433284096.0,,,,,,,,,,,,,,,,-15.241,-0.431,344.689,2.397,,,,,,,,,,,,,,,,,,,,,,,,,,,,,,,,,,,,,,,,,,,,,,,,,,,,,,,,,,,,,,,,0.0,0.0,0.0,,,,,,,,,,,,,,,,,,,,,,,,,,,,,,,,,,,,,,,
Sweden,1950,SWE,7014611.0,75344388096.0,,,,,,,,,,,,,,,,-2.524,-0.061,333.157,2.337,,,,,,,,,,,,,,,,,,,,,,,,,,,,,,,,,,,,,,,,,,,,,,,,,,,,,,,,,,,,,,,,0.605,86.214,0.605,,,,,,,,,,,,,,,,,,,,,,,,,,,,,,,,,,,,,,,
Sweden,1951,SWE,7068422.0,78314389504.0,,,,,,,,,,,,,,,,-9.709,-0.227,298.521,2.11,,,,,,,,,,,,,,,,,,,,,,,,,,,,,,,,,,,,,,,,,,,,,,,,,,,,,,,,,,,,,,,-23.077,-0.14,65.814,0.465,,,,,,,,,,,,,,,,,,,,,,,,,,,,,,,,,,,,,,,
Sweden,1952,SWE,7119455.0,79458000896.0,,,,,,,,,,,,,,,,24.373,0.514,368.618,2.624,,,,,,,,,,,,,,,,,,,,,,,,,,,,,,,,,,,,,,,,,,,,,,,,,,,,,,,,,,,,,,,0.0,0.0,65.342,0.465,,,,,,,,,,,,,,,,,,,,,,,,,,,,,,,,,,,,,,,
Sweden,1953,SWE,7169979.0,81670520832.0,,,,,,,,,,,,,,,,-17.867,-0.469,300.622,2.155,,,,,,,,,,,,,,,,,,,,,,,,,,,,,,,,,,,,,,,,,,,,,,,,,,,,,,,,,,,,,,,65.0,0.302,107.055,0.768,,,,,,,,,,,,,,,,,,,,,,,,,,,,,,,,,,,,,,,
Sweden,1954,SWE,7217603.0,85106188288.0,,,,,,,,,,,,,,,,-6.316,-0.136,279.777,2.019,,,,,,,,,,,,,,,,,,,,,,,,,,,,,,,,,,,,,,,,,,,,,,,,,,,,,,,,,,,,,,,-6.061,-0.047,99.903,0.721,,,,,,,,,,,,,,,,,,,,,,,,,,,,,,,,,,,,,,,
Sweden,1955,SWE,7264358.0,87579721728.0,,,,,,,,,,,,,,,,5.618,0.113,293.593,2.133,,,,,,,,,,,,,,,,,,,,,,,,,,,,,,,,,,,,,,,,,,,,,,,,,,,,,,,,,,,,,,,33.871,0.244,132.88,0.965,,,,,,,,,,,,,,,,,,,,,,,,,,,,,,,,,,,,,,,
Sweden,1956,SWE,7312100.0,90910818304.0,,,,,,,,,,,,,,,,4.255,0.091,304.088,2.224,,,,,,,,,,,,,,,,,,,,,,,,,,,,,,,,,,,,,,,,,,,,,,,,,,,,,,,,,,,,,,,6.024,0.058,139.965,1.023,,,,,,,,,,,,,,,,,,,,,,,,,,,,,,,,,,,,,,,
Sweden,1957,SWE,7358125.0,94988238848.0,,,,,,,,,,,,,,,,3.401,0.076,312.464,2.299,,,,,,,,,,,,,,,,,,,,,,,,,,,,,,,,,,,,,,,,,,,,,,,,,,,,,,,,,,,,,,,7.955,0.081,150.154,1.105,,,,,,,,,,,,,,,,,,,,,,,,,,,,,,,,,,,,,,,
Sweden,1958,SWE,7403293.0,95457558528.0,,,,,,,,,,,,,,,,4.934,0.113,325.881,2.413,,,,,,,,,,,,,,,,,,,,,,,,,,,,,,,,,,,,,,,,,,,,,,,,,,,,,,,,,,,,,,,-1.053,-0.012,147.667,1.093,,,,,,,,,,,,,,,,,,,,,,,,,,,,,,,,,,,,,,,
Sweden,1959,SWE,7449319.0,98369110016.0,,,,,,,,,,,,,,,,-14.734,-0.355,276.15,2.057,,,,,,,,,,,,,,,,,,,,,,,,,,,,,,,,,,,,,,,,,,,,,,,,,,,,,,,,,,,,,,,-1.064,-0.012,145.193,1.082,,,,,,,,,,,,,,,,,,,,,,,,,,,,,,,,,,,,,,,
Sweden,1960,SWE,7492907.0,103590518784.0,,,,,,,,,,,,,,,,-7.721,-0.159,253.348,1.898,,,,,,,,,,,,,,,,,,,,,,,,,,,,,,,,,,,,,,,,,,,,,,,,,,,,,,,,,,,,,,,9.677,0.105,158.318,1.186,,,,,,,,,,,,,,,,,,,,,,,,,,,,,,,,,,,,,,,
Sweden,1961,SWE,7536314.0,109521281024.0,,,,,,,,,,,,,,,,-20.319,-0.386,200.708,1.513,,,,,,,,,,,,,,,,,,,,,,,,,,,,,,,,,,,,,,,,,,,,,,,,,,,,,,,,,,,,,,,4.902,0.058,165.122,1.244,,,,,,,,,,,,,,,,,,,,,,,,,,,,,,,,,,,,,,,
Sweden,1962,SWE,7582638.0,114133262336.0,,,,,,,,,,,,,,,,-26.0,-0.393,147.616,1.119,,,,,,,,,,,,,,,,,,,,,,,,,,,,,,,,,,,,,,,,,,,,,,,,,,,,,,,,,,,,,,,-5.607,-0.07,154.91,1.175,,,,,,,,,,,,,,,,,,,,,,,,,,,,,,,,,,,,,,,
Sweden,1963,SWE,7632938.0,120204034048.0,,,,,,,,,,,,,,,,-33.108,-0.371,98.093,0.749,,,,,,,,,,,,,,,,,,,,,,,,,,,,,,,,,,,,,,,,,,,,,,,,,,,,,,,,,,,,,,,-21.782,-0.256,120.369,0.919,,,,,,,,,,,,,,,,,,,,,,,,,,,,,,,,,,,,,,,
Sweden,1964,SWE,7691821.0,128406020096.0,,,,,,,,,,,,,,,,-15.152,-0.113,82.593,0.635,,,,,,,,,,,,,,,,,,,,,,,,,,,,,,,,,,,,,,,,,,,,,,,,,,,,,,,,,,,,,,,2.532,0.023,122.472,0.942,,,,,,,,,,,,,,,,,,,,,,,,,,,,,,,,,,,,,,,
Sweden,1965,SWE,7755758.0,133326422016.0,,,0.0,0.0,,,,,,,,3342.942,25.927,,,-29.762,-0.189,57.534,0.446,,,,,,,,50666.059,2.947,,,,,,,,,,,,,,,,,,,,,,,,137.272,5985.617,46.423,17699.406,,,,,137.323,5987.938,46.441,17705.99,,,,,,,0.051,2.321,0.018,6.585,,,,,229.703,,,29617.125,-29.63,-0.279,85.473,0.663,,,0.0,0.0,,,,0.0,,0.0,,,,,392.954,,,137.272,5985.617,46.423,17699.406,,,,,0.0,0.0,0.0,0.0,,,,,0.0,0.0,0.0,0.0,,
Sweden,1966,SWE,7819976.0,136109056000.0,,0.0,0.0,0.0,,,,,,-4.577,-1.187,3163.746,24.74,,,-32.203,-0.144,38.685,0.303,,,,,,6.637,26.082,53585.234,3.079,,,,,,,,,,,,,,,,,,,,,,-2.012,-2.762,134.51,5817.025,45.489,17200.881,,,-1.953,-2.685,134.638,5822.779,45.534,17217.209,,,,,150.0,0.077,0.128,5.754,0.045,16.328,,,13.04,29.953,259.657,,,33204.281,-52.632,-0.349,40.155,0.314,,,0.0,0.0,,,0.0,0.0,,0.0,,,,,419.035,-2.012,-2.762,134.51,5817.025,45.489,17200.881,,,,0.0,0.0,0.0,0.0,0.0,,,,0.0,0.0,0.0,0.0,0.0,,
Sweden,1967,SWE,7882645.0,140703449088.0,,0.0,0.0,0.0,,,,,,-0.742,-0.184,3115.297,24.557,,,-75.0,-0.227,9.594,0.076,,,,,,2.43,10.182,54450.914,3.051,,,,,,,,,,,,,,,,,,,,,,8.347,11.228,145.738,6252.47,49.286,18488.486,,,8.35,11.242,145.88,6258.813,49.336,18506.484,,,,,11.111,0.014,0.142,6.343,0.05,17.999,,,-0.337,-0.876,258.78,,,32829.133,-100.0,-0.314,0.0,0.0,,,0.0,0.0,,,0.0,0.0,,0.0,,,,,429.217,8.347,11.228,145.738,6252.47,49.286,18488.486,,,,0.0,0.0,0.0,0.0,0.0,,,,0.0,0.0,0.0,0.0,0.0,,
Sweden,1968,SWE,7937776.0,145802330112.0,,0.0,0.0,0.0,,,,,,-12.634,-3.102,2702.812,21.454,,,110.0,0.083,20.008,0.159,,,,,,6.788,29.133,57742.93,3.144,,,,,,,,,,,,,,,,,,,,,,-1.11,-1.617,144.121,6140.133,48.739,18156.307,,,-1.163,-1.694,144.186,6143.03,48.762,18164.529,,,,,-54.0,-0.077,0.065,2.898,0.023,8.222,,,13.111,33.93,292.71,,,36875.586,,0.0,0.0,0.0,,,0.0,0.0,,,0.0,0.0,,0.0,,,,,458.35,-1.11,-1.617,144.121,6140.133,48.739,18156.307,,,,0.0,0.0,0.0,0.0,0.0,,,,0.0,0.0,0.0,0.0,0.0,,
Sweden,1969,SWE,7983538.0,153105121280.0,,0.0,0.0,0.0,,,,,,-2.355,-0.505,2624.036,20.949,,,-19.048,-0.03,16.104,0.129,,,,,,-0.005,-0.022,57409.148,2.994,,,,,,,,,,,,,,,,,,,,,,-14.175,-20.43,123.691,5239.532,41.83,15493.238,,,-14.091,-20.322,123.864,5247.173,41.891,15514.919,,,,,165.217,0.108,0.173,7.641,0.061,21.681,,,7.108,20.805,313.515,,,39270.188,,0.0,0.0,0.0,,,0.0,0.0,,,0.0,0.0,,0.0,,,,,458.328,-14.175,-20.43,123.691,5239.532,41.83,15493.238,,,,0.0,0.0,0.0,0.0,0.0,,,,0.0,0.0,0.0,0.0,0.0,,
Sweden,1970,SWE,8027701.0,163023568896.0,,0.0,0.0,0.0,,,,,,5.638,1.181,2756.722,22.13,,,-29.412,-0.038,11.305,0.091,,,,,,6.153,28.201,60606.223,2.984,,,,,,,,,,,,,,,,,,,,,,-0.815,-1.008,122.683,5168.229,41.489,15282.398,,,-0.516,-0.608,123.256,5191.399,41.675,15353.887,,,,,-8.197,-0.014,0.159,6.976,0.056,19.794,,,8.812,27.627,341.142,,,42495.613,,0.0,0.0,0.0,,,0.415,0.13,,,0.415,16.194,,51.694,,,,,486.529,-0.504,-0.593,123.098,5184.423,41.619,15334.093,,,,0.0,0.0,0.0,0.0,0.0,,,,0.0,0.0,0.0,0.0,0.0,,
Sweden,1971,SWE,8073823.0,164551360512.0,,0.0,0.0,0.0,,,,,,-9.854,-2.181,2470.869,19.949,,,0.0,0.0,11.241,0.091,,,,,,1.807,8.793,61349.066,3.01,,,,,,,,,,,,,,,,,,,,,,25.363,31.116,153.799,6442.053,52.012,19049.082,,,25.404,31.309,154.565,6473.018,52.262,19143.973,,,,,60.714,0.096,0.255,11.147,0.09,31.63,,,-5.961,-20.335,320.807,,,39734.227,,0.0,0.0,0.0,,,0.511,0.16,,23.077,0.096,19.817,,63.26,,,,,495.322,25.356,31.212,154.31,6461.871,52.172,19112.344,,,,0.0,0.0,0.0,0.0,0.0,,,,0.0,0.0,0.0,0.0,0.0,,
Sweden,1972,SWE,8117718.0,168328445952.0,,0.0,0.0,0.0,,,,,,-14.084,-2.81,2111.385,17.14,,,-16.667,-0.015,9.317,0.076,,,,,,3.008,14.899,62852.711,3.031,,,,,,,,,,,,,,,,,,,,,,3.328,5.119,158.917,6620.457,53.743,19576.617,,,6.069,9.231,163.796,6828.767,55.434,20177.574,,,,,1527.778,3.902,4.157,180.469,1.465,512.085,,,2.643,8.478,329.285,,,40563.75,,0.0,0.0,0.0,,,0.721,0.226,,41.25,0.211,27.84,,88.872,,,,,510.221,3.444,5.329,159.639,6648.297,53.969,19665.49,,,,0.0,0.0,0.0,0.0,0.0,,,,0.0,0.0,0.0,0.0,0.0,,
Sweden,1973,SWE,8156938.0,175018737664.0,,0.0,0.0,0.0,,,,,,10.535,1.806,2322.589,18.945,,,20.0,0.015,11.126,0.091,,,,,,5.806,29.621,66181.891,3.084,,,,,,,,,,,,,,,,,,,,,,11.404,18.123,177.041,7340.009,59.872,21704.328,,,12.534,20.509,184.305,7647.723,62.382,22594.82,,,,,44.096,1.833,5.99,258.798,2.111,734.343,,,2.219,7.307,336.592,,,41264.48,,0.0,0.0,0.0,,,1.274,0.399,,76.549,0.552,48.915,,156.148,,,,,539.842,11.677,18.676,178.315,7388.925,60.271,21860.477,,,,0.0,0.0,0.0,0.0,0.0,,,,0.0,0.0,0.0,0.0,0.0,,
Sweden,1974,SWE,8193157.0,180619247616.0,,0.0,0.0,0.0,,,,,,10.477,1.985,2554.573,20.93,,,-8.333,-0.008,10.154,0.083,,,,,,-7.464,-40.293,60971.414,2.766,,,,,,,,,,,,,,,,,,,,,,-4.354,-7.709,169.332,6989.369,57.265,20667.49,,,-4.338,-8.005,176.3,7283.639,59.676,21517.941,,,,,-2.7,-0.162,5.828,250.697,2.054,711.356,,,-10.182,-34.273,302.318,,,36898.898,,0.0,0.0,0.0,,,1.14,0.357,,-10.526,-0.134,43.573,,139.094,,,,,499.548,-4.395,-7.843,170.472,7032.942,57.622,20806.584,,,,0.0,0.0,0.0,0.0,0.0,,,,0.0,0.0,0.0,0.0,0.0,,
Sweden,1975,SWE,8224408.0,185219153920.0,,0.0,0.0,0.0,,,,,,7.861,1.645,2744.907,22.575,,,0.0,0.0,10.115,0.083,,,,,,5.991,29.928,64378.641,2.859,,,,,,,,,,,,,,,,,,,,,,0.669,1.133,170.465,7009.379,57.648,20726.66,,,17.178,29.116,205.416,8502.375,69.927,24976.424,,,,,482.717,28.134,33.962,1455.302,11.969,4129.442,,,-0.276,-0.834,301.485,,,36657.312,,0.0,0.0,0.0,,,0.99,0.31,,-13.165,-0.15,37.693,,120.323,,,,,529.476,0.583,0.982,171.454,7047.072,57.958,20846.982,,,,0.0,0.0,0.0,0.0,0.0,,,,0.0,0.0,0.0,0.0,0.0,,
Sweden,1976,SWE,8246992.0,187173830656.0,,0.0,0.0,0.0,,,,,,-4.004,-0.904,2627.787,21.671,,,9.091,0.008,11.005,0.091,,,,,,6.283,33.269,68236.461,3.007,,,,,,,,,,,,,,,,,,,,,,-4.885,-8.327,162.138,6648.728,54.832,19660.215,,,1.79,3.232,208.648,8630.904,71.179,25299.896,,,,,33.62,11.418,45.38,1939.253,15.993,5502.658,,,10.263,30.941,332.426,,,40308.773,,0.035,4.231,0.035,,,1.13,0.354,,14.194,0.14,42.925,,137.025,,,,,562.746,-4.783,-8.186,163.268,6691.652,55.186,19797.238,,,,0.0,0.0,0.0,0.0,0.0,,,,0.0,0.0,0.0,0.0,0.0,,
Sweden,1977,SWE,8265245.0,184201150464.0,,0.0,0.0,0.0,,,,,,-20.623,-4.469,2081.241,17.202,,,0.0,0.0,10.98,0.091,,,,,,-1.311,-7.376,67193.312,3.015,,,,,,,,,,,,,,,,,,,,,,-2.438,-3.954,158.184,6472.282,53.495,19138.469,,,3.637,7.189,215.837,8925.083,73.768,26113.777,,,,,24.511,11.123,56.503,2409.245,19.913,6836.269,,,-3.037,-10.096,322.33,,,38998.297,-66.667,-0.023,1.407,0.012,,,1.149,0.36,,1.695,0.019,43.556,,139.039,,,,,555.369,-2.412,-3.934,159.333,6515.838,53.855,19277.508,,,,0.0,0.0,0.0,0.0,0.0,,,,0.0,0.0,0.0,0.0,0.0,,
Sweden,1978,SWE,8281304.0,187418296320.0,,0.0,0.0,0.0,,,,,,2.582,0.444,2130.83,17.646,,,33.333,0.03,14.612,0.121,,,,,,16.291,90.473,77988.031,3.446,,,,,,,,,,,,,,,,,,,,,,7.96,12.591,170.775,6973.901,57.753,20621.754,,,10.902,23.298,239.135,9878.879,81.81,28876.49,,,,,19.424,10.976,67.479,2871.649,23.781,8148.348,,,20.703,66.731,389.062,,,46980.715,0.0,0.0,1.404,0.012,,,0.881,0.276,,-23.333,-0.268,33.328,,106.39,,,,,645.843,7.75,12.323,171.656,7007.229,58.029,20728.143,,,,0.0,0.0,0.0,0.0,0.0,,,,0.0,0.0,0.0,0.0,0.0,,
Sweden,1979,SWE,8296037.0,194618703872.0,,0.0,0.0,0.0,,,,,,18.138,3.201,2512.841,20.847,,,-12.5,-0.015,12.763,0.106,,,,,,5.461,35.27,82100.898,3.5,,,,,,,,,,,,,,,,,,,,,,5.761,9.838,180.613,7362.552,61.08,21770.984,,,0.802,2.284,241.419,9940.409,82.466,29100.529,,,,,-11.53,-7.78,59.698,2536.03,21.039,7196.023,,,7.656,29.785,418.846,,,50487.531,0.0,0.0,1.402,0.012,,,1.108,0.347,,25.725,0.227,41.827,,133.521,,,,,681.112,5.856,10.065,181.721,7404.379,61.427,21904.506,,,,0.0,0.0,0.0,0.0,0.0,,,,0.0,0.0,0.0,0.0,0.0,,
Sweden,1980,SWE,8311761.0,197852790784.0,,0.0,0.0,0.0,,,,,,-4.69,-0.978,2390.464,19.869,,,13.466,0.014,14.454,0.12,,,,,,-5.885,-40.083,77123.109,3.24,,,,,,,,,,,,,,,,,0.0,0.0,,,,-3.621,-6.541,174.072,7082.494,58.868,20942.859,,,4.379,10.115,251.534,10356.049,86.077,30262.385,,,,,25.9,15.462,75.16,3186.81,26.488,9042.62,,,-11.751,-49.22,369.626,,,44470.262,2639.827,0.307,38.336,0.319,,,2.302,0.721,,107.781,1.194,86.745,,276.906,,,,,641.029,-2.992,-5.347,176.374,7169.239,59.589,21219.764,,,,0.0,0.0,0.0,0.0,0.0,,,,0.0,0.0,0.0,0.0,0.0,,
Sweden,1981,SWE,8326689.0,197824643072.0,,0.0,0.0,0.0,,,,,,-14.01,-2.784,2051.87,17.085,,,-11.111,-0.013,12.825,0.107,,,,,,-0.771,-4.942,76391.32,3.215,,,,,,,,,,,,,,,,0.0,0.0,0.0,,,,1.503,2.617,176.689,7176.081,59.753,21219.596,,,14.262,35.01,286.544,11811.777,98.353,34412.684,,,,,42.249,31.755,106.915,4525.088,37.679,12840.004,,,-10.056,-37.168,332.458,,,39926.77,-80.055,-0.255,7.633,0.064,,,2.94,0.921,,27.739,0.638,110.608,,353.084,,,,,636.087,1.821,3.255,179.629,7286.689,60.674,21572.68,,,,0.0,0.0,0.0,0.0,0.0,,,,0.0,0.0,0.0,0.0,0.0,,
Sweden,1982,SWE,8340726.0,199816642560.0,,0.0,0.0,0.0,,,,,,11.263,1.924,2279.131,19.01,,,-18.75,-0.02,10.403,0.087,,,,,,-4.903,-31.19,72523.25,3.027,,,,,,,,,,,,,,,,0.0,0.0,0.0,,,,-7.844,-13.859,162.83,6602.063,55.066,19522.23,,,-3.294,-9.725,276.819,11403.444,95.113,33188.832,,,,,3.625,3.876,110.791,4681.247,39.045,13283.108,,,-7.035,-23.39,309.068,,,37055.285,200.0,0.127,22.859,0.191,,,3.199,1.002,,8.795,0.259,120.133,,383.49,,,,,604.897,-7.591,-13.601,166.028,6722.197,56.068,19905.721,,,,0.0,0.0,0.0,0.0,0.0,,,,0.0,0.0,0.0,0.0,0.0,,
Sweden,1983,SWE,8355111.0,203327553536.0,,0.0,0.0,0.0,,,,,,25.321,4.813,2851.303,23.823,,,0.0,0.0,10.385,0.087,,,,,,-0.585,-3.539,71974.859,2.958,,,,,,,,,,,,,,,,0.0,0.0,0.0,,,,15.396,25.069,187.899,7605.405,63.544,22489.1,,,11.444,32.057,308.876,12686.605,105.998,36968.555,,,,,5.017,5.559,116.349,4907.655,41.004,13925.543,,,-13.075,-40.409,268.659,,,32155.0,33.333,0.064,30.427,0.254,,,4.619,1.447,,44.411,1.421,173.187,,552.85,,,,,601.358,15.92,26.499,192.527,7778.951,64.994,23043.012,,,,0.0,0.0,0.0,0.0,0.0,,,,0.009,0.009,0.359,0.003,1.062,,
Sweden,1984,SWE,8371284.0,211401310208.0,,0.0,0.0,0.0,,,,,,20.669,4.924,3433.989,28.747,,,0.0,0.0,10.365,0.087,,,,,,5.872,35.31,76053.758,3.012,,,,,,,,,,,,,,,,0.0,0.0,0.0,,,,6.865,12.898,200.797,8111.778,67.906,23986.441,,,13.856,42.338,351.215,14416.545,120.685,41954.688,,,,,24.198,28.154,144.503,6083.416,50.926,17261.781,,,-4.449,-11.952,256.706,,,30665.082,-49.863,-0.127,15.225,0.127,,,5.899,1.848,,27.713,1.28,220.755,,704.694,,,,,636.668,7.331,14.184,206.711,8333.129,69.759,24692.902,,,,0.0,0.0,0.0,0.0,0.0,,,66.667,0.006,0.015,0.597,0.005,1.766,,
Sweden,1985,SWE,8389918.0,215471751168.0,,0.0,0.0,0.0,,,,0.0,,17.722,5.094,4033.577,33.841,,,-7.692,-0.007,9.546,0.08,,4.893,,137.14,19.829,8.632,54.958,82435.344,3.21,,,,,36922.555,309.777,,44.79,,,0.714,,,85.083,,0.0,0.0,0.0,,0.103,,4.539,9.113,209.911,8461.107,70.988,25019.404,51.763,30.35,8.843,30.634,381.849,15656.528,131.357,45512.789,95.783,55.21,,,14.992,21.664,166.168,6979.925,58.561,19805.643,42.702,24.026,7.213,18.516,275.222,,,32803.898,-50.137,-0.064,7.575,0.064,,39.793,5.752,1.802,,-2.489,-0.147,214.782,,685.627,1.314,,0.832,16345.81,691.626,4.354,8.97,215.681,8676.604,72.796,25707.146,53.082,31.185,,0.0,0.0,0.0,0.0,0.0,0.0,0.0,20.0,0.003,0.018,0.715,0.006,2.115,0.004,0.003
Sweden,1986,SWE,8411798.0,220206333952.0,,0.0,0.0,0.0,,,,0.0,,6.612,2.238,4289.106,36.079,,,0.0,0.0,9.522,0.08,,5.033,,138.651,19.34,3.655,25.282,85226.414,3.256,7.143,22.127,,,39456.945,331.904,,46.297,163.331,1.166,1.88,,,223.468,,0.0,0.0,0.0,,0.262,,-14.164,-29.733,180.178,7243.754,60.933,21419.701,43.947,25.133,1.152,3.155,385.004,15795.671,132.87,45769.469,95.831,53.703,,,19.45,32.319,198.487,8315.819,69.951,23596.264,50.451,27.687,6.803,18.723,293.945,,,34944.371,-100.0,-0.064,0.0,0.0,,41.002,6.321,1.98,,9.878,0.568,235.384,,751.393,1.428,,0.882,16482.922,716.907,-13.568,-29.164,186.517,7479.852,62.919,22173.203,45.379,26.017,,0.0,0.0,0.0,0.0,0.0,0.0,0.0,0.0,0.0,0.018,0.713,0.006,2.109,0.004,0.002
Sweden,1987,SWE,8438000.0,226880372736.0,,0.0,0.0,0.0,,,,0.0,,-1.263,-0.456,4221.801,35.624,,,108.333,0.087,19.775,0.167,,5.076,,146.571,20.883,-2.097,-15.036,83179.805,3.094,-12.046,-39.981,,,34596.176,291.923,,41.592,33.556,0.631,2.511,,,297.527,,0.0,0.0,0.0,,0.358,,17.923,32.293,212.471,8515.524,71.854,25180.314,49.023,30.272,6.272,24.945,409.949,16734.297,141.204,48583.633,96.338,58.408,,,-3.668,-7.281,191.206,7985.897,67.385,22660.102,45.974,27.242,-13.661,-40.157,253.788,,,30076.848,,0.0,0.0,0.0,,36.159,6.254,1.959,,-1.061,-0.067,232.164,,741.115,1.337,,0.891,17370.35,701.871,17.324,32.226,218.743,8748.398,73.819,25923.533,50.364,31.166,,0.0,0.0,0.0,0.0,0.0,0.0,0.0,0.0,0.0,0.018,0.711,0.006,2.103,0.004,0.003
Sweden,1988,SWE,8468135.0,231720042496.0,,0.0,0.0,0.0,,,,0.0,,-1.83,-0.652,4129.789,34.972,,,-36.0,-0.06,12.611,0.107,,5.098,,146.23,21.319,-2.271,-15.942,81001.203,2.96,-5.535,-16.158,,,32564.922,275.764,,40.203,28.603,0.718,3.229,,,381.268,,0.0,0.0,0.0,,0.471,,-2.743,-5.828,206.643,8252.467,69.883,24402.453,47.79,30.126,0.106,0.216,410.165,16692.34,141.353,48436.281,96.665,59.797,,,3.026,5.786,196.992,8198.264,69.424,23262.693,47.476,28.719,-6.393,-16.225,237.564,,,28053.863,,0.0,0.0,0.0,,34.634,6.515,2.041,,4.186,0.262,241.021,,769.389,1.396,,0.95,17268.266,685.929,-2.56,-5.569,213.173,8494.078,71.929,25173.588,49.189,31.078,,0.0,0.0,0.0,0.0,0.0,0.0,0.0,-16.667,-0.003,0.015,0.59,0.005,1.746,0.003,0.002
Sweden,1989,SWE,8504982.0,237234962432.0,,0.0,0.0,0.0,,,,0.0,,-5.715,-1.999,3876.885,32.973,,,25.0,0.027,15.695,0.133,,4.915,,143.091,21.331,-2.202,-15.103,78874.5,2.828,-3.718,-10.254,,,31218.195,265.51,,39.58,33.74,1.089,4.318,,,507.7,,0.0,0.0,0.0,,0.644,,2.672,5.521,212.164,8436.231,71.75,24945.846,50.143,31.627,-1.278,-4.849,405.316,16407.678,139.547,47656.301,97.523,60.42,,,-5.504,-10.842,186.149,7713.479,65.603,21887.111,45.847,27.749,-3.933,-9.345,228.219,,,26833.611,,0.0,0.0,0.0,,34.021,6.988,2.189,,7.251,0.472,257.379,,821.605,1.53,,1.042,16824.375,670.826,2.801,5.993,219.166,8694.198,73.944,25769.189,51.676,32.671,,0.0,0.0,0.0,0.0,0.0,0.0,0.0,0.0,0.0,0.015,0.588,0.005,1.738,0.003,0.002
Sweden,1990,SWE,8548407.0,240234004480.0,,0.0,0.0,0.0,226.943,1.94,1.329,0.0,,4.502,1.484,4030.823,34.457,126.339,1.08,-45.0,-0.06,8.589,0.073,0.74,5.05,144.21,145.98,21.395,1.712,11.485,79817.398,2.84,1.016,2.697,391.886,3.35,31375.1,268.207,2.295,39.309,39.183,1.692,6.01,49.132,0.42,703.041,,0.0,0.0,0.0,0.288,0.881,,1.058,2.244,214.408,8481.112,72.5,25081.672,49.664,31.424,2.219,8.789,414.104,16684.98,142.63,48442.301,97.705,60.691,-1.77,-1.227,3.936,7.326,193.476,7975.755,68.18,22632.98,46.705,28.356,-0.21,-0.479,227.74,216.415,1.85,26641.236,,0.0,0.0,0.0,1.267,33.378,6.202,1.94,0.0,-11.238,-0.785,226.943,0.0,725.568,1.329,0.0,0.909,17076.865,682.312,0.695,1.462,220.629,8709.226,74.45,25809.316,51.0,32.335,,0.0,0.0,0.0,0.0,0.0,0.0,0.0,20.0,0.003,0.018,1.17,0.01,2.075,0.007,0.003
Sweden,1991,SWE,8594170.0,237965099008.0,,0.0,0.0,0.0,216.426,1.86,1.266,0.0,,-2.382,-0.821,3913.875,33.637,228.062,1.96,154.545,0.113,21.745,0.187,1.334,5.198,145.68,146.97,22.712,-5.162,-35.219,75294.406,2.719,-11.904,-31.927,593.426,5.1,27493.049,236.28,3.47,36.514,6.837,0.411,6.421,67.488,0.58,747.107,,0.0,0.0,0.0,0.395,0.992,,-12.771,-27.382,187.027,7358.477,63.24,21762.033,43.029,28.903,-0.533,-3.291,410.813,16507.701,141.87,47801.363,96.53,63.486,-1.29,-0.886,12.578,24.335,217.81,8931.636,76.76,25343.982,52.228,33.66,-13.839,-31.517,196.223,297.876,2.56,22832.068,,0.0,0.0,0.0,1.742,30.324,5.938,1.86,0.0,-4.272,-0.265,216.426,0.0,690.875,1.266,0.0,0.918,17101.129,647.093,-12.539,-27.626,193.003,7576.066,65.11,22457.381,44.302,29.826,,0.0,0.0,0.0,0.0,0.0,0.0,0.0,116.667,0.021,0.038,1.164,0.01,4.473,0.007,0.006
Sweden,1992,SWE,8640277.0,235763220480.0,,0.0,0.0,0.0,232.631,2.01,1.377,0.0,,-6.884,-2.316,3624.984,31.321,208.327,1.8,49.824,0.093,32.406,0.28,1.233,4.804,143.77,145.93,22.383,0.753,4.873,75456.633,2.765,3.8,8.978,696.737,6.02,28385.383,245.258,4.125,37.618,12.872,0.826,7.247,91.432,0.79,838.774,,0.0,0.0,0.0,0.541,1.112,,17.573,32.867,219.894,8602.734,74.33,25449.826,50.935,33.728,-1.363,-4.104,406.709,16192.769,139.91,47071.242,95.875,62.382,-2.16,-1.502,-17.218,-37.503,180.307,7353.931,63.54,20868.201,43.541,27.656,5.334,10.467,206.689,396.978,3.43,23921.625,,0.0,0.0,0.0,2.35,31.702,6.416,2.01,0.0,8.065,0.479,232.631,0.0,742.607,1.377,0.0,0.984,16889.504,651.966,17.326,33.399,226.402,8838.837,76.37,26203.043,52.333,34.726,,0.0,0.0,0.0,0.0,0.0,0.0,0.0,138.462,0.053,0.092,3.472,0.03,10.609,0.021,0.014
Sweden,1993,SWE,8683403.0,231559217152.0,,0.0,0.0,0.0,249.902,2.17,1.494,0.0,,1.815,0.569,3672.453,31.889,239.537,2.08,-100.0,-0.28,0.0,0.0,1.432,4.944,144.67,145.26,22.522,-1.075,-7.009,74274.727,2.785,-0.949,-2.327,804.984,6.99,27976.453,242.931,4.812,37.666,9.136,0.662,7.909,104.798,0.91,910.859,,0.0,0.0,0.0,0.626,1.226,,0.381,0.837,220.73,8596.86,74.65,25419.799,51.391,34.224,-1.203,-4.682,402.027,15923.48,138.27,46298.277,95.188,62.334,-0.59,-0.408,-3.382,-6.098,174.209,7070.961,61.4,20062.322,42.269,27.011,-1.721,-3.557,203.132,460.649,4.0,23393.143,,0.0,0.0,0.0,2.754,31.495,6.93,2.17,0.0,8.01,0.514,249.902,0.0,798.106,1.494,0.0,1.075,16728.463,644.957,0.61,1.416,227.817,8852.521,76.87,26235.955,52.919,35.323,,0.003,0.003,0.0,0.0,0.341,0.0,0.0,67.742,0.062,0.154,5.758,0.05,17.708,0.034,0.024
Sweden,1994,SWE,8723467.0,241527455744.0,,0.0,0.0,0.0,255.632,2.23,1.563,0.0,,1.49,0.475,3710.046,32.364,299.193,2.61,,0.0,0.0,0.0,1.829,5.017,142.96,142.7,22.123,0.013,0.082,73943.016,2.671,5.12,12.438,933.115,8.14,29273.787,255.369,5.704,39.59,-0.725,-0.057,7.852,98.585,0.86,900.105,,0.0,0.0,0.0,0.603,1.217,,-20.831,-45.981,174.749,6774.83,59.1,20032.08,41.416,27.091,-2.682,-12.356,389.671,15425.06,134.56,44669.234,94.296,60.41,0.26,0.182,19.156,33.372,207.581,8386.574,73.16,23795.727,51.268,32.181,5.918,12.02,215.152,535.338,4.67,24663.637,,0.0,0.0,0.0,3.273,33.355,7.115,2.23,0.0,2.672,0.185,255.632,0.0,815.665,1.563,0.0,1.103,16358.176,645.039,-20.123,-45.728,182.089,7038.486,61.4,20873.506,43.027,28.229,0.0,0.0,0.003,0.0,0.0,0.339,0.0,0.0,44.231,0.068,0.222,8.024,0.07,25.423,0.049,0.034
Sweden,1995,SWE,8758496.0,251744239616.0,,0.0,0.0,0.0,268.311,2.35,1.585,0.0,,-0.001,-0.0,3695.176,32.364,259.177,2.27,,0.0,0.0,0.0,1.531,4.961,146.6,148.28,22.727,1.147,7.397,74491.852,2.592,-4.136,-10.561,890.564,7.8,27950.912,244.808,5.26,37.522,0.1,0.008,7.86,97.049,0.85,897.399,,0.0,0.0,0.0,0.573,1.205,,15.228,26.61,201.359,7775.307,68.1,22990.148,45.927,30.863,4.409,17.958,407.629,16039.282,140.48,46540.938,94.74,62.478,-1.68,-1.146,-4.403,-9.14,198.442,7984.248,69.93,22657.041,47.161,30.415,-4.912,-10.569,204.584,534.338,4.68,23358.338,,0.0,0.0,0.0,3.156,31.357,7.514,2.35,0.0,5.608,0.399,268.311,0.0,857.961,1.585,0.0,1.152,16929.848,652.437,14.908,27.098,209.187,8055.036,70.55,23883.898,47.579,32.062,0.0,0.0,0.003,0.0,0.0,0.338,0.0,0.0,40.0,0.089,0.31,11.417,0.1,35.449,0.067,0.048
Sweden,1996,SWE,8785493.0,256500908032.0,,0.0,0.0,0.0,241.307,2.12,1.508,0.0,,10.747,3.478,4079.722,35.842,420.011,3.69,,0.0,0.0,0.0,2.624,5.653,146.75,140.61,22.178,-2.827,-18.444,72163.617,2.472,7.454,18.247,1404.588,12.34,29941.955,263.055,8.776,41.492,7.153,0.562,8.422,77.4,0.68,958.64,,0.0,0.0,0.0,0.484,1.328,,-24.019,-48.365,152.995,5889.254,51.74,17414.461,36.797,24.132,-8.694,-36.691,370.938,14600.204,128.27,42221.656,91.224,58.508,6.14,4.184,6.204,12.312,210.754,8453.709,74.27,23988.816,52.82,33.242,6.944,14.206,218.79,907.177,7.97,24903.596,,0.0,0.0,0.0,5.668,34.51,6.761,2.12,0.0,-10.025,-0.753,241.307,0.0,769.574,1.508,0.0,1.066,16004.793,633.993,-23.461,-49.003,160.184,6146.497,54.0,18232.84,38.404,25.266,0.0,0.0,0.003,0.0,0.0,0.337,0.0,0.0,37.143,0.115,0.426,15.935,0.14,48.467,0.1,0.067
Sweden,1997,SWE,8807868.0,264172109824.0,,0.0,0.0,0.0,314.492,2.77,1.856,0.0,,-14.554,-5.216,3477.115,30.626,228.205,2.01,,0.0,0.0,0.0,1.347,4.666,146.5,149.21,22.733,3.528,22.365,74519.523,2.485,-7.136,-18.771,823.128,7.25,27734.674,244.283,4.859,37.218,-1.218,-0.103,8.32,74.933,0.66,944.561,,0.0,0.0,0.0,0.442,1.268,,33.467,51.203,204.198,7840.716,69.06,23183.572,46.284,31.111,10.668,41.137,412.075,16117.406,141.96,46784.848,95.141,62.782,-2.71,-1.85,-5.851,-12.332,198.422,7939.492,69.93,22527.783,46.867,30.231,-6.149,-13.453,205.338,519.99,4.58,23312.996,,0.0,0.0,0.0,3.069,31.284,8.852,2.77,0.0,30.925,2.091,314.492,0.0,1005.008,1.856,0.0,1.349,16940.535,656.358,33.387,53.469,213.653,8177.915,72.03,24257.066,48.274,32.551,0.0,0.0,0.003,0.0,0.0,0.336,0.0,0.0,40.972,0.174,0.6,22.707,0.2,68.151,0.134,0.091
Sweden,1998,SWE,8828629.0,276042121216.0,,0.0,0.0,0.0,314.885,2.78,1.751,0.0,,0.677,0.207,3492.427,30.833,231.066,2.04,,0.0,0.0,0.0,1.285,4.341,148.09,158.79,22.354,8.224,53.976,80458.047,2.573,10.83,26.456,805.335,7.11,30666.039,270.739,4.478,38.114,-0.885,-0.074,8.246,60.032,0.53,933.995,,0.0,0.0,0.0,0.334,1.161,,8.235,16.816,221.014,8495.09,75.0,25033.814,47.232,31.114,6.66,27.52,439.595,17180.469,151.68,49792.008,95.522,61.886,-10.7,-7.225,5.227,10.371,208.793,8334.25,73.58,23649.523,46.338,29.394,12.819,26.322,231.66,514.236,4.54,26239.615,,0.0,0.0,0.0,2.859,32.613,8.874,2.78,0.0,0.252,0.022,314.885,0.0,1005.176,1.751,0.0,1.249,17985.805,710.334,8.05,17.149,230.802,8846.221,78.1,26142.484,49.184,32.492,0.0,0.0,0.003,0.0,0.0,0.335,0.0,0.0,51.724,0.31,0.911,36.246,0.32,103.159,0.202,0.128
Sweden,1999,SWE,8848881.0,289704280064.0,,0.0,0.0,0.0,305.123,2.7,1.744,0.0,,-4.411,-1.36,3330.726,29.473,253.139,2.24,,0.0,0.0,0.0,1.447,4.274,147.36,154.84,22.451,-2.909,-20.662,77938.883,2.381,-3.841,-10.4,779.76,6.9,29420.6,260.339,4.456,37.748,0.215,0.018,8.264,50.854,0.45,933.857,,0.0,0.0,0.0,0.291,1.198,,-4.083,-9.025,211.99,8101.59,71.69,23956.646,46.299,30.738,-2.298,-10.263,429.332,16718.498,147.94,48518.281,95.544,62.252,-7.48,-5.076,-0.537,-1.121,207.672,8271.103,73.19,23468.732,47.268,30.112,-3.91,-9.057,222.603,475.766,4.21,25156.018,,0.0,0.0,0.0,2.719,32.277,8.609,2.7,0.0,-2.986,-0.265,305.123,0.0,972.934,1.744,0.0,1.248,17498.256,689.672,-3.964,-9.142,221.66,8447.396,74.75,25049.547,48.276,32.14,0.0,0.0,0.003,0.0,0.0,0.334,0.0,0.0,16.234,0.148,1.059,40.683,0.36,119.631,0.232,0.153
Sweden,2000,SWE,8871042.0,303455109120.0,,0.0,0.0,0.0,462.178,4.1,2.823,0.0,47.993,1.238,0.365,3363.521,29.838,184.871,1.64,,0.0,0.0,0.0,1.129,4.666,149.91,145.23,22.711,-7.279,-50.202,72085.086,2.107,-11.643,-30.312,537.705,4.77,25930.09,230.027,3.284,35.971,-2.203,-0.182,8.082,54.109,0.48,911.003,,0.0,0.0,0.0,0.331,1.264,6.97,9.615,20.383,232.372,8858.035,78.58,26194.445,54.107,36.338,-5.056,-19.889,409.443,15833.54,140.46,46155.004,96.716,64.029,4.68,3.122,-21.687,-45.037,162.635,6461.473,57.32,18333.246,39.468,25.433,-13.699,-30.495,192.107,298.725,2.65,21655.566,,0.0,0.0,0.0,1.825,30.042,13.082,4.1,0.0,51.947,4.472,462.178,0.0,1474.647,2.823,0.0,2.046,16371.243,639.47,11.229,25.148,246.808,9372.067,83.14,27821.758,57.247,38.596,0.0,0.0,0.003,0.0,0.0,0.333,0.0,0.0,27.654,0.293,1.351,51.854,0.46,152.332,0.317,0.211
Sweden,2001,SWE,8896748.0,308399210496.0,,0.0,0.0,0.0,424.874,3.78,2.339,0.0,50.186,8.365,2.496,3634.354,32.334,211.313,1.88,,0.0,0.0,0.0,1.163,4.714,154.31,161.6,23.561,7.259,46.419,77094.32,2.224,2.972,6.837,693.512,6.17,26623.629,236.864,3.818,34.534,12.823,1.036,9.118,44.96,0.4,1024.849,,0.0,0.0,0.0,0.248,1.329,8.11,0.607,-0.108,232.264,8886.394,79.06,26106.67,48.923,33.863,10.662,39.582,449.025,17470.428,155.43,50470.691,96.182,65.466,-7.29,-4.724,25.81,40.647,203.282,8105.208,72.11,22848.992,44.623,29.638,1.72,3.305,195.412,437.238,3.89,21964.426,,0.0,0.0,0.0,2.407,28.49,12.057,3.78,0.0,-7.833,-1.025,424.874,0.0,1355.209,2.339,0.0,1.758,18163.941,685.889,0.219,-1.065,245.743,9365.22,83.32,27621.701,51.559,35.828,100.0,0.003,0.006,0.0,0.0,0.66,0.0,0.001,5.47,0.065,1.416,53.952,0.48,159.161,0.297,0.206
Sweden,2002,SWE,8926011.0,317464870912.0,,0.0,0.0,0.0,468.294,4.18,2.849,0.0,59.646,7.387,2.388,3890.024,34.722,265.516,2.37,,0.0,0.0,0.0,1.616,5.408,152.06,146.7,22.85,-6.397,-43.878,71925.883,2.022,2.355,5.579,833.519,7.44,27161.41,242.443,5.072,37.763,1.766,0.161,9.279,62.738,0.56,1039.526,,0.0,0.0,0.0,0.382,1.445,8.75,-16.067,-38.576,193.688,7434.452,66.36,21699.281,45.235,30.169,-10.408,-49.457,399.568,15601.595,139.26,44764.477,94.928,62.237,5.36,3.525,-5.544,-12.509,190.772,7630.508,68.11,21372.619,46.428,29.715,1.55,3.03,198.442,505.265,4.51,22231.859,,0.0,0.0,0.0,3.074,30.909,13.327,4.18,0.0,10.537,1.27,468.294,0.0,1493.103,2.849,0.0,2.076,16435.111,642.011,-14.617,-36.947,208.796,7971.086,71.15,23391.857,48.5,32.522,0.0,-0.0,0.006,0.0,0.0,0.654,0.0,0.001,26.141,0.359,1.775,68.34,0.61,198.818,0.416,0.276
Sweden,2003,SWE,8961506.0,326406144000.0,,0.0,0.0,0.0,503.264,4.51,3.331,0.0,72.383,-1.956,-0.679,3798.834,34.043,318.027,2.85,,0.0,0.0,0.0,2.105,5.534,148.22,135.39,22.008,-4.179,-26.831,68647.008,1.885,5.56,13.481,1031.077,9.24,28558.111,255.924,6.825,41.601,-0.282,-0.026,9.253,81.46,0.73,1032.485,,0.0,0.0,0.0,0.539,1.504,9.8,-19.316,-38.415,155.273,5974.442,53.54,17326.623,39.545,25.24,-9.413,-40.311,359.257,14076.875,126.15,40088.891,93.175,58.399,12.83,8.656,-1.022,-3.16,187.612,7523.289,67.42,20935.363,49.797,30.497,7.149,14.186,212.628,631.59,5.66,23726.793,,0.0,0.0,0.0,4.181,34.563,14.397,4.51,0.0,8.024,1.069,503.264,0.0,1606.52,3.331,0.0,2.34,15107.952,615.181,-17.447,-37.152,171.644,6553.586,58.73,19153.527,43.378,27.901,0.0,-0.0,0.006,0.0,0.0,0.647,0.0,0.001,11.678,0.195,1.969,75.88,0.68,219.738,0.502,0.32
Sweden,2004,SWE,9004263.0,341905244160.0,,0.0,0.0,0.0,799.621,7.2,4.747,0.0,54.124,2.883,0.982,3889.801,35.025,112.169,1.01,,0.0,0.0,0.0,0.666,5.286,149.59,151.69,22.892,7.715,47.461,73592.023,1.938,-3.163,-8.095,668.572,6.02,27523.486,247.829,3.969,37.4,-0.436,-0.04,9.212,86.626,0.78,1023.106,,0.0,0.0,0.0,0.514,1.39,8.21,13.164,19.321,174.594,6676.837,60.12,19390.096,39.633,26.348,15.986,55.556,414.813,16177.893,145.67,46068.543,96.031,62.6,-2.1,-1.404,15.213,27.165,214.778,8605.923,77.49,23852.869,51.084,32.412,-4.25,-9.036,203.592,469.777,4.23,22610.578,,0.0,0.0,0.0,2.789,30.724,22.987,7.2,0.0,59.667,8.59,799.621,0.0,2552.909,4.747,0.0,3.469,16846.465,662.642,16.874,28.391,200.036,7571.969,68.18,22215.672,44.947,30.188,0.0,-0.0,0.006,0.0,0.0,0.64,0.0,0.001,25.184,0.48,2.449,95.51,0.86,272.027,0.567,0.37
Sweden,2005,SWE,9051739.0,354498740224.0,,1.687,186.41,1.687,827.465,7.49,4.729,0.248,48.178,-8.593,-3.01,3536.903,32.015,71.809,0.65,,0.0,0.0,0.0,0.41,4.708,150.98,158.37,23.29,2.617,17.341,75121.828,1.918,-1.288,-3.192,525.866,4.76,27026.475,244.637,3.006,35.977,-4.723,-0.435,8.777,66.286,0.6,969.675,,0.0,0.0,0.0,0.379,1.291,7.63,19.501,32.727,207.321,8042.654,72.8,22903.98,45.968,30.489,6.083,20.533,435.347,16970.219,153.61,48095.352,96.994,64.023,-7.39,-4.895,-6.412,-15.044,199.734,7996.253,72.38,22065.807,45.703,29.373,0.124,0.253,203.844,387.771,3.51,22519.896,,0.0,0.0,0.0,2.216,29.978,23.909,7.49,0.0,4.011,0.922,827.465,0.0,2641.371,4.729,0.0,3.516,17496.084,679.983,20.222,35.577,235.613,8973.967,81.23,26029.543,51.291,34.65,0.0,-0.0,0.006,0.0,0.0,0.633,0.0,0.001,10.511,0.24,2.69,103.847,0.94,297.15,0.594,0.396
Sweden,2006,SWE,9104724.0,372237959168.0,17.079,0.288,216.976,1.976,918.205,8.36,5.835,0.309,54.788,10.416,3.335,3882.583,35.35,96.653,0.88,,0.0,0.0,0.0,0.614,5.526,149.32,143.28,22.396,-5.917,-40.233,70265.688,1.719,2.223,5.437,575.525,5.24,27466.377,250.074,3.657,39.089,4.688,0.412,9.189,65.9,0.6,1009.229,,0.0,0.0,0.0,0.419,1.436,7.85,-14.9,-32.0,175.321,6778.899,61.72,19256.082,43.076,27.405,-9.854,-45.671,389.676,15161.36,138.04,42799.309,96.343,60.911,6.04,4.045,-7.86,-16.857,182.877,7356.621,66.98,20085.971,46.748,28.586,0.83,1.691,205.535,412.972,3.76,22574.564,,0.0,0.0,0.0,2.624,32.127,26.684,8.36,0.0,11.608,2.775,918.205,0.0,2930.813,5.835,0.0,4.171,15736.886,639.75,-11.611,-28.814,206.799,7804.739,71.06,22713.342,49.595,32.325,0.0,-0.0,0.006,0.0,0.0,0.625,0.0,0.001,5.205,0.122,2.812,107.636,0.98,308.844,0.684,0.44
Sweden,2007,SWE,9164274.0,387885170688.0,9.871,0.195,236.845,2.171,1073.735,9.84,6.612,0.334,51.539,-6.823,-2.412,3594.155,32.938,70.928,0.65,,0.0,0.0,0.0,0.437,5.071,150.14,148.82,22.914,1.521,9.729,70870.68,1.674,-2.814,-7.036,482.308,4.42,26520.098,243.037,2.97,37.42,3.202,0.294,9.483,90.569,0.83,1034.779,,0.0,0.0,0.0,0.558,1.46,7.67,7.391,11.782,187.103,7219.339,66.16,20416.57,44.456,28.808,4.762,16.765,406.441,15756.839,144.4,44350.586,97.03,62.58,1.32,0.879,-0.012,-1.165,181.713,7307.726,66.97,19828.365,45.001,27.978,-2.393,-4.919,200.617,320.811,2.94,21891.164,,0.0,0.0,0.0,1.976,30.889,31.398,9.84,0.0,17.665,4.714,1073.735,0.0,3426.129,6.612,0.0,4.834,16239.147,649.478,9.145,17.93,224.728,8449.114,77.43,24522.221,52.029,34.601,50.0,0.003,0.008,0.0,0.0,0.926,0.0,0.001,44.874,1.236,4.048,156.041,1.43,441.75,0.961,0.623
Sweden,2008,SWE,9229282.0,388983685120.0,67.078,1.456,392.929,3.626,1120.347,10.34,6.898,0.566,53.235,0.029,0.009,3569.86,32.947,55.259,0.51,,0.0,0.0,0.0,0.34,5.146,147.94,149.9,23.413,-1.424,-9.246,69369.703,1.646,-4.946,-12.02,498.414,4.6,25030.902,231.017,3.069,36.083,-9.203,-0.873,8.61,67.177,0.62,932.927,,0.0,0.0,0.0,0.414,1.345,7.98,4.7,7.576,194.68,7483.789,69.07,21093.678,46.077,30.408,1.744,2.774,409.215,15743.369,145.3,44338.797,96.931,63.917,-1.96,-1.325,-4.6,-9.435,172.278,6922.532,63.89,18666.453,42.622,26.909,-5.561,-11.157,189.46,375.977,3.47,20528.117,,0.0,0.0,0.0,2.315,29.592,32.998,10.34,0.0,5.097,1.6,1120.347,0.0,3575.402,6.898,0.0,5.154,16241.783,640.233,7.081,12.209,236.937,8820.839,81.41,25672.346,54.31,37.008,33.333,0.003,0.011,0.0,0.0,1.218,0.0,0.002,39.734,1.573,5.622,216.702,2.0,609.118,1.334,0.878
Sweden,2009,SWE,9301413.0,373029306368.0,-9.064,-0.329,354.544,3.298,1232.071,11.46,8.389,0.562,57.394,-29.501,-9.72,2497.197,23.227,54.83,0.51,,0.0,0.0,0.0,0.373,3.959,141.29,136.6,23.281,-8.354,-53.482,63081.84,1.573,-6.048,-13.973,496.699,4.62,23334.568,217.044,3.382,36.991,33.504,2.885,11.495,167.716,1.56,1235.834,,0.0,0.0,0.0,1.142,1.959,7.84,-5.399,-11.647,183.033,7079.569,65.85,19677.953,48.206,31.194,-9.501,-39.51,369.706,14189.241,131.98,39747.266,96.618,63.009,4.69,3.319,-18.338,-32.461,139.817,5608.825,52.17,15031.771,38.192,23.829,-3.767,-7.138,182.322,274.152,2.55,19601.537,,0.0,0.0,0.0,1.867,31.073,36.584,11.46,0.0,10.866,3.586,1232.071,0.0,3933.163,8.389,0.0,6.235,14685.941,586.75,-2.877,-7.048,229.889,8580.416,79.81,24715.498,58.426,39.18,75.0,0.008,0.02,1.075,0.01,2.102,0.007,0.003,24.485,1.333,6.955,267.701,2.49,747.736,1.823,1.185
Sweden,2010,SWE,9381722.0,399841820672.0,65.276,2.153,580.958,5.45,1299.335,12.19,8.212,0.874,71.472,37.9,8.803,3414.163,32.031,108.722,1.02,,0.0,0.0,0.0,0.687,5.135,150.53,148.45,23.8,6.306,37.002,66485.906,1.56,5.728,12.433,909.215,8.53,24460.006,229.477,5.746,36.79,34.563,3.973,15.468,310.178,2.91,1648.738,,0.0,0.0,0.0,1.96,2.48,10.61,2.497,3.419,186.451,7077.592,66.4,19873.898,44.729,29.892,8.204,24.57,394.275,14914.106,139.92,42025.895,94.254,63.21,2.08,1.382,10.647,13.938,153.754,6164.114,57.83,16388.729,38.956,24.65,-0.189,-0.344,181.978,490.315,4.6,19397.104,,0.0,0.0,0.0,3.099,29.175,38.917,12.19,0.0,6.377,2.333,1299.335,0.0,4148.163,8.212,0.0,6.239,15823.321,623.752,6.664,10.632,240.521,8749.993,82.09,25637.17,55.298,38.56,28.571,0.005,0.025,1.066,0.01,2.663,0.007,0.004,39.998,2.722,9.677,372.0,3.49,1031.488,2.351,1.551
Sweden,2011,SWE,9467384.0,397621100544.0,16.736,0.912,672.05,6.363,1218.922,11.54,7.679,1.035,58.491,-10.707,-3.429,3021.036,28.601,69.713,0.66,,0.0,0.0,0.0,0.439,4.653,143.05,150.28,24.447,-1.449,-9.035,64929.965,1.546,-8.688,-19.936,604.18,5.72,22132.902,209.541,3.806,34.087,-21.019,-3.251,12.217,166.889,1.58,1290.404,,0.0,0.0,0.0,1.051,1.987,8.79,-0.167,-1.446,185.005,7016.722,66.43,19541.293,44.204,30.096,3.78,10.901,405.176,15269.266,144.56,42797.062,96.194,65.913,-7.23,-5.054,4.759,6.336,160.09,6387.192,60.47,16909.643,40.238,26.043,-7.284,-13.256,168.723,367.578,3.48,17821.463,,0.0,0.0,0.0,2.316,27.447,36.827,11.54,0.0,-5.371,-2.09,1218.922,0.0,3889.863,7.679,0.0,5.991,15873.444,614.717,3.14,4.565,245.086,8882.073,84.09,25887.42,55.956,39.87,44.444,0.011,0.036,1.056,0.01,3.788,0.007,0.006,75.252,7.179,16.856,645.374,6.11,1780.427,4.066,2.742
Sweden,2012,SWE,9555984.0,396489588736.0,17.512,1.114,782.42,7.477,1275.64,12.19,7.324,1.146,49.63,-14.24,-4.073,2566.833,24.529,50.23,0.48,,0.0,0.0,0.0,0.288,3.759,146.86,166.43,25.509,6.138,37.729,68276.211,1.646,-3.881,-8.133,428.004,4.09,21076.643,201.408,2.457,30.87,-12.816,-1.566,10.651,96.275,0.92,1114.59,,0.0,0.0,0.0,0.553,1.632,8.26,17.708,31.442,216.447,8259.746,78.93,22650.363,47.425,33.175,12.055,45.862,451.038,16988.307,162.34,47199.574,97.543,69.13,-19.57,-13.326,5.889,8.401,168.491,6701.56,64.04,17631.967,38.479,25.824,-1.478,-2.494,166.228,281.499,2.69,17395.221,,0.0,0.0,0.0,1.616,25.478,38.926,12.19,0.0,5.699,2.099,1275.64,0.0,4073.441,7.324,0.0,5.966,17416.312,652.446,16.148,37.461,282.548,10286.748,98.3,29567.607,59.064,43.306,46.154,0.016,0.052,2.093,0.02,5.452,0.012,0.008,17.265,2.79,19.646,749.269,7.16,2055.932,4.302,3.011
Sweden,2013,SWE,9648935.0,401409179648.0,-0.79,-0.059,768.763,7.418,1186.659,11.45,7.482,1.213,49.86,2.075,0.509,2594.844,25.037,67.365,0.65,,0.0,0.0,0.0,0.425,4.096,143.03,153.03,25.035,-6.31,-41.17,63351.668,1.523,-1.022,-2.058,402.117,3.88,20660.27,199.35,2.535,32.612,-3.892,-0.415,10.236,88.093,0.85,1060.894,,0.0,0.0,0.0,0.555,1.675,7.63,-22.268,-49.212,167.235,6359.251,61.36,17331.943,40.097,27.358,-7.813,-39.112,411.927,15457.663,149.15,42691.398,97.465,67.388,-10.0,-6.992,3.778,5.313,173.804,6887.807,66.46,18012.736,43.429,28.433,-1.295,-2.153,164.076,246.659,2.38,17004.531,,0.0,0.0,0.0,1.555,26.841,36.551,11.45,0.0,-6.101,-2.375,1186.659,0.0,3788.059,7.482,0.0,5.979,15859.781,611.276,-14.829,-44.425,238.123,8569.857,82.69,24678.664,54.035,38.955,84.211,0.043,0.095,4.146,0.04,9.886,0.026,0.016,37.362,7.178,26.824,1019.802,9.84,2780.014,6.43,4.388
Sweden,2014,SWE,9747507.0,411859910656.0,33.248,2.466,1014.006,9.884,1097.717,10.7,6.968,1.624,44.937,-6.199,-1.552,2409.376,23.485,37.958,0.37,,0.0,0.0,0.0,0.241,3.86,137.93,153.55,25.236,-0.461,-2.818,62421.891,1.477,-3.45,-6.877,300.59,2.93,19745.828,192.473,1.908,31.633,-17.904,-1.833,8.404,43.088,0.42,862.143,,0.0,0.0,0.0,0.274,1.381,6.9,3.914,5.505,172.74,6541.16,63.76,17721.467,41.524,28.39,2.515,4.059,415.985,15452.155,150.62,42676.062,98.092,68.367,-15.62,-11.325,-2.377,-5.148,168.656,6656.061,64.88,17302.441,42.253,27.719,-2.128,-3.492,160.583,219.543,2.14,16474.309,,0.0,0.0,0.0,1.394,26.392,34.144,10.7,0.0,-6.585,-2.407,1097.717,0.0,3502.826,6.968,0.0,5.612,15752.745,608.458,6.124,9.207,247.33,8796.095,85.74,25373.623,55.838,40.649,34.286,0.032,0.127,5.13,0.05,13.063,0.033,0.021,14.142,3.61,30.434,1152.089,11.23,3122.262,7.314,5.002
Sweden,2015,SWE,9849344.0,428683493376.0,20.041,1.981,1204.639,11.865,1093.474,10.77,6.648,1.886,45.123,-0.073,-0.017,2382.73,23.468,39.597,0.39,,0.0,0.0,0.0,0.241,3.73,139.4,162.0,25.749,3.401,20.693,63877.484,1.468,-1.141,-2.196,319.818,3.15,19318.738,190.277,1.944,30.243,11.09,0.932,9.336,45.688,0.45,947.855,,0.0,0.0,0.0,0.278,1.484,7.31,18.113,30.074,202.814,7646.194,75.31,20591.668,46.488,32.236,6.361,22.889,438.874,16127.979,158.85,44558.75,98.056,69.757,-22.6,-16.212,-13.145,-23.043,145.613,5721.193,56.35,14784.045,34.784,23.144,-1.937,-3.111,157.473,234.533,2.31,15988.153,,0.0,0.0,0.0,1.426,25.029,34.364,10.77,0.0,0.645,0.22,1093.474,0.0,3488.971,6.648,0.0,5.462,16447.795,629.151,19.596,45.932,293.261,10406.784,102.5,29774.703,63.272,46.612,106.383,0.134,0.261,10.153,0.1,26.521,0.062,0.042,45.296,13.522,43.957,1656.963,16.32,4462.904,10.074,6.987
Sweden,2016,SWE,9953322.0,443163607040.0,29.691,3.523,1545.988,15.388,1154.388,11.49,7.371,2.49,48.175,-1.874,-0.44,2313.659,23.029,26.122,0.26,,0.0,0.0,0.0,0.167,3.727,144.16,155.89,25.228,-1.786,-11.238,62081.117,1.394,2.799,5.325,367.716,3.66,19651.93,195.602,2.348,31.655,6.997,0.653,9.989,68.319,0.68,1003.584,,0.0,0.0,0.0,0.436,1.617,7.51,-17.499,-36.48,166.334,6231.085,62.02,16711.451,39.784,26.919,-1.745,-16.563,422.311,15294.392,152.23,42429.184,97.652,68.345,-11.73,-8.137,11.984,16.485,162.098,6339.592,63.1,16285.846,40.477,26.233,3.246,5.112,162.584,273.276,2.72,16334.687,,0.0,0.0,0.0,1.745,26.312,36.669,11.49,0.0,6.708,2.305,1154.388,0.0,3684.106,7.371,0.0,5.934,15662.106,617.913,-8.509,-33.048,260.213,8954.799,89.13,26143.336,57.175,42.112,47.423,0.122,0.383,14.066,0.14,38.461,0.09,0.062,-5.167,-2.518,41.439,1555.26,15.48,4163.33,9.93,6.706
Sweden,2017,SWE,10058191.0,454543736832.0,13.222,2.035,1732.156,17.422,1201.011,12.08,7.356,2.731,47.007,-0.255,-0.059,2283.707,22.97,31.815,0.32,,,,,0.195,3.601,145.24,164.23,25.747,3.229,19.953,63417.605,1.403,-1.075,-2.104,344.992,3.47,19237.902,193.498,2.113,30.335,-3.732,-0.373,9.616,32.809,0.33,956.062,,,,,0.201,1.508,7.72,4.714,6.816,173.151,6476.313,65.14,17214.891,39.664,27.145,6.179,22.057,444.368,15982.992,160.76,44179.703,97.887,69.665,-18.99,-13.075,4.112,5.674,167.772,6531.989,65.7,16680.119,40.005,26.302,-1.028,-1.672,160.912,280.368,2.82,15998.133,,,,,1.717,25.227,38.549,12.08,0.0,5.127,1.88,1201.011,0.0,3832.604,7.356,0.0,6.043,16327.984,637.866,7.425,16.383,276.596,9451.004,95.06,27499.584,57.882,43.363,60.839,0.229,0.612,22.867,0.23,60.856,0.14,0.096,13.756,5.423,46.862,1750.812,17.61,4659.081,10.723,7.347
Sweden,2018,SWE,10162300.0,463407448064.0,-5.355,-0.933,1622.612,16.489,1171.979,11.91,7.291,2.639,47.625,0.272,0.062,2266.46,23.032,33.457,0.34,,,,,0.208,3.686,146.14,163.36,26.144,-2.041,-13.017,61487.004,1.348,-3.424,-6.625,360.155,3.66,18388.891,186.873,2.24,29.907,5.745,0.552,10.169,37.393,0.38,1000.635,,,,,0.233,1.627,7.78,-4.48,-8.725,164.426,6121.646,62.21,16179.951,38.082,26.314,-1.117,-6.392,437.976,15714.945,159.7,43098.113,97.76,70.093,-17.22,-11.783,4.343,6.263,174.034,6745.521,68.55,17125.498,41.963,27.852,-4.499,-7.24,153.672,289.305,2.94,15121.796,,,,,1.8,24.593,38.029,11.91,0.0,-1.35,-0.52,1171.979,0.0,3742.138,7.291,0.0,6.086,16075.101,624.849,-4.308,-12.655,263.942,8969.426,91.15,25972.617,55.797,42.241,70.0,0.422,1.034,40.345,0.41,101.796,0.251,0.166,-5.634,-2.899,43.963,1635.457,16.62,4326.119,10.174,7.036
Sweden,2019,SWE,10267922.0,,3.294,0.543,1658.816,17.033,1269.975,13.04,7.743,2.621,47.025,-0.779,-0.179,2225.668,22.853,20.452,0.21,,,,,0.125,3.517,142.26,168.42,25.919,3.991,24.94,63283.469,,5.786,10.812,326.259,3.35,19252.768,197.686,1.989,30.423,0.325,0.033,10.202,28.243,0.29,993.555,,,,,0.172,1.57,7.92,5.068,7.696,172.122,6366.43,65.37,16763.045,38.814,26.489,3.349,14.128,452.104,16076.282,165.07,44030.707,98.011,69.577,-26.16,-18.389,-3.529,-6.761,167.273,6440.446,66.13,16290.866,39.265,25.743,7.131,10.959,164.631,277.563,2.85,16033.544,,,,,1.692,25.336,41.614,13.04,0.0,9.427,3.585,1269.975,0.0,4052.775,7.743,0.0,6.404,16402.539,649.79,7.733,20.889,284.831,9635.835,98.94,27739.84,58.746,43.834,69.565,0.713,1.748,66.226,0.68,170.205,0.404,0.269,19.437,8.352,52.315,1933.205,19.85,5094.998,11.786,8.051
Sweden,2020,SWE,10368968.0,,-8.882,-1.513,1496.75,15.52,1078.217,11.18,6.826,2.52,42.371,-17.158,-3.921,1825.81,18.932,0.0,0.0,,,,,0.0,3.074,138.79,163.79,26.595,-5.22,-33.919,59395.523,,-11.056,-21.856,235.318,2.44,16957.293,175.83,1.49,28.55,-2.769,-0.283,9.919,9.644,0.1,956.628,,,,,0.061,1.611,6.94,10.703,17.722,189.844,6981.408,72.39,18308.857,44.197,30.825,-2.892,-12.063,440.041,15560.855,161.35,42438.23,98.51,71.45,-25.0,-18.013,-25.604,-43.286,123.988,4744.927,49.2,11957.571,30.038,20.132,-10.722,-17.653,146.979,225.673,2.34,14174.854,,,,,1.429,23.865,35.679,11.18,0.0,-14.261,-5.934,1078.217,0.0,3440.966,6.826,0.0,5.793,15796.172,615.87,10.07,31.222,316.053,10815.928,112.15,30480.658,68.472,51.318,56.109,0.971,2.718,101.264,1.05,262.148,0.641,0.441,38.695,19.977,72.292,2655.038,27.53,6971.938,16.808,11.738
Sweden,2021,SWE,10467095.0,,17.856,2.771,1747.467,18.291,1249.63,13.08,7.615,2.903,45.817,1.086,0.206,1828.338,19.137,0.955,0.01,,,,,0.006,3.038,146.2,171.77,27.266,2.291,14.107,60186.461,,-3.906,-6.869,292.345,3.06,16142.099,168.961,1.781,26.82,7.344,0.729,10.648,27.706,0.29,1017.259,,,,,0.169,1.69,7.87,2.086,3.251,193.095,7059.265,73.89,18447.85,43.017,30.651,5.661,20.976,461.017,16118.132,168.71,44044.359,98.219,73.18,-25.57,-17.49,7.657,9.005,132.993,5060.621,52.97,12705.79,30.838,21.111,-5.309,-7.803,139.176,263.683,2.76,13296.501,,,,,1.607,22.092,41.76,13.08,0.0,17.044,6.081,1249.63,0.0,3989.686,7.615,0.0,6.629,16410.475,629.977,4.891,11.971,328.024,11057.51,115.74,31338.572,67.381,52.069,45.604,1.225,3.943,146.172,1.53,376.736,0.891,0.626,-1.518,-1.358,70.934,2602.441,27.24,6776.835,15.858,11.26
Sweden,2022,SWE,10549349.0,,13.145,2.404,1961.763,20.695,1200.074,12.66,7.374,3.274,45.084,6.153,1.178,1925.709,20.315,0.948,0.01,,,,,0.006,3.213,138.46,171.68,27.156,0.351,2.211,59926.805,,-1.632,-2.758,290.065,3.06,15754.809,166.203,1.782,26.29,-30.881,-3.288,7.36,27.49,0.29,697.639,,,,,0.169,1.164,7.74,-5.468,-11.225,181.871,6555.855,69.16,17240.004,40.284,28.768,2.054,4.969,465.986,15983.925,168.62,44171.992,98.218,73.71,-33.22,-23.992,-2.684,-4.042,128.951,4855.276,51.22,12223.56,29.835,20.397,-0.465,-0.647,138.528,261.628,2.76,13131.461,,,,,1.608,21.913,42.56,12.66,0.0,1.916,0.8,1200.074,0.0,4034.416,7.374,0.0,6.732,16273.989,632.189,3.93,9.011,337.035,11128.649,117.4,31948.436,68.383,53.312,74.623,2.918,6.861,221.815,2.34,650.358,1.363,1.085,20.336,14.114,85.048,3150.906,33.24,8061.895,19.362,13.453
Switzerland,1900,CHE,3297641.0,21818867712.0,,,,,,,,,,,,,,,,,,,,,,,,,,,,,,,,,,,,,,,,,,,,,0.0,0.0,,,,,,,,,,,,,,,,,,,,,,,,,,,,,,,,,,,,,,,,,,,,,,,,,,,,,,,,,,,,,,,,,,,,,,,,,,,,,,
Switzerland,1901,CHE,3337042.0,21378697216.0,,,,,,,,,,,,,,,,,,,,,,,,,,,,,,,,,,,,,,,,,,,,0.0,0.0,0.0,,,,,,,,,,,,,,,,,,,,,,,,,,,,,,,,,,,,,,,,,,,,,,,,,,,,,,,,,,,,,,,,,,,,,,,,,,,,,,
Switzerland,1902,CHE,3377719.0,22389067776.0,,,,,,,,,,,,,,,,,,,,,,,,,,,,,,,,,,,,,,,,,,,,0.0,0.0,0.0,,,,,,,,,,,,,,,,,,,,,,,,,,,,,,,,,,,,,,,,,,,,,,,,,,,,,,,,,,,,,,,,,,,,,,,,,,,,,,
Switzerland,1903,CHE,3419696.0,22186838016.0,,,,,,,,,,,,,,,,,,,,,,,,,,,,,,,,,,,,,,,,,,,,0.0,0.0,0.0,,,,,,,,,,,,,,,,,,,,,,,,,,,,,,,,,,,,,,,,,,,,,,,,,,,,,,,,,,,,,,,,,,,,,,,,,,,,,,
Switzerland,1904,CHE,3462195.0,23885883392.0,,,,,,,,,,,,,,,,,,,,,,,,,,,,,,,,,,,,,,,,,,,,0.0,0.0,0.0,,,,,,,,,,,,,,,,,,,,,,,,,,,,,,,,,,,,,,,,,,,,,,,,,,,,,,,,,,,,,,,,,,,,,,,,,,,,,,
Switzerland,1905,CHE,3505221.0,24865830912.0,,,,,,,,,,,,,,,,,,,,,,,,,,,,,,,,,,,,,,,,,,,,0.0,0.0,0.0,,,,,,,,,,,,,,,,,,,,,,,,,,,,,,,,,,,,,,,,,,,,,,,,,,,,,,,,,,,,,,,,,,,,,,,,,,,,,,
Switzerland,1906,CHE,3548783.0,26999242752.0,,,,,,,,,,,,,,,,,,,,,,,,,,,,,,,,,,,,,,,,,,,,0.0,0.0,0.0,,,,,,,,,,,,,,,,,,,,,,,,,,,,,,,,,,,,,,,,,,,,,,,,,,,,,,,,,,,,,,,,,,,,,,,,,,,,,,
Switzerland,1907,CHE,3592885.0,26903785472.0,,,,,,,,,,,,,,,,,,,,,,,,,,,,,,,,,,,,,,,,,,,,0.0,0.0,0.0,,,,,,,,,,,,,,,,,,,,,,,,,,,,,,,,,,,,,,,,,,,,,,,,,,,,,,,,,,,,,,,,,,,,,,,,,,,,,,
Switzerland,1908,CHE,3637536.0,27380617216.0,,,,,,,,,,,,,,,,,,,,,,,,,,,,,,,,,,,,,,,,,,,,0.0,0.0,0.0,,,,,,,,,,,,,,,,,,,,,,,,,,,,,,,,,,,,,,,,,,,,,,,,,,,,,,,,,,,,,,,,,,,,,,,,,,,,,,
Switzerland,1909,CHE,3676239.0,29005203456.0,,,,,,,,,,,,,,,,,,,,,,,,,,,,,,,,,,,,,,,,,,,,0.0,0.0,0.0,,,,,,,,,,,,,,,,,,,,,,,,,,,,,,,,,,,,,,,,,,,,,,,,,,,,,,,,,,,,,,,,,,,,,,,,,,,,,,
Switzerland,1910,CHE,3708897.0,30060593152.0,,,,,,,,,,,,,,,,,,,,,,,,,,,,,,,,,,,,,,,,,,,,0.0,0.0,0.0,,,,,,,,,,,,,,,,,,,,,,,,,,,,,,,,,,,,,,,,,,,,,,,,,,,,,,,,,,,,,,,,,,,,,,,,,,,,,,
Switzerland,1911,CHE,3735410.0,30373922816.0,,,,,,,,,,,,,,,,,,,,,,,,,,,,,,,,,,,,,,,,,,,,0.0,0.0,0.0,,,,,,,,,,,,,,,,,,,,,,,,,,,,,,,,,,,,,,,,,,,,,,,,,,,,,,,,,,,,,,,,,,,,,,,,,,,,,,
Switzerland,1912,CHE,3755677.0,31742689280.0,,,,,,,,,,,,,,,,,,,,,,,,,,,,,,,,,,,,,,,,,,,,0.0,0.0,0.0,,,,,,,,,,,,,,,,,,,,,,,,,,,,,,,,,,,,,,,,,,,,,,,,,,,,,,,,,,,,,,,,,,,,,,,,,,,,,,
Switzerland,1913,CHE,3769598.0,31576840192.0,,,,,,,,,,,,,,,,,,,,,,,,,,,,,,,,,,,,,,,,,,,,0.0,0.0,0.0,,,,,,,,,,,,,,,,,,,,,,,,,,,,,,,,,,,,,,,,,,,,,,,,,,,,,,,,,,,,,,,,,,,,,,,,,,,,,,
Switzerland,1914,CHE,3783571.0,29598828544.0,,,,,,,,,,,,,,,,,,,,,,,,,,,,,,,,,,,,,,,,,,,,0.0,0.0,0.0,,,,,,,,,,,,,,,,,,,,,,,,,,,,,,,,,,,,,,,,,,,,,,,,,,,,,,,,,,,,,,,,,,,,,,,,,,,,,,
Switzerland,1915,CHE,3797595.0,28964302848.0,,,,,,,,,,,,,,,,,,,,,,,,,,,,,,,,,,,,,,,,,,,,0.0,0.0,0.0,,,,,,,,,,,,,,,,,,,,,,,,,,,,,,,,,,,,,,,,,,,,,,,,,,,,,,,,,,,,,,,,,,,,,,,,,,,,,,
Switzerland,1916,CHE,3811672.0,31372384256.0,,,,,,,,,,,,,,,,,,,,,,,,,,,,,,,,,,,,,,,,,,,,0.0,0.0,0.0,,,,,,,,,,,,,,,,,,,,,,,,,,,,,,,,,,,,,,,,,,,,,,,,,,,,,,,,,,,,,,,,,,,,,,,,,,,,,,
Switzerland,1917,CHE,3825800.0,30485434368.0,,,,,,,,,,,,,,,,,,,,,,,,,,,,,,,,,,,,,,,,,,,,0.0,0.0,0.0,,,,,,,,,,,,,,,,,,,,,,,,,,,,,,,,,,,,,,,,,,,,,,,,,,,,,,,,,,,,,,,,,,,,,,,,,,,,,,
Switzerland,1918,CHE,3840103.0,27608557568.0,,,,,,,,,,,,,,,,,,,,,,,,,,,,,,,,,,,,,,,,,,,,0.0,0.0,0.0,,,,,,,,,,,,,,,,,,,,,,,,,,,,,,,,,,,,,,,,,,,,,,,,,,,,,,,,,,,,,,,,,,,,,,,,,,,,,,
Switzerland,1919,CHE,3854970.0,26105180160.0,,,,,,,,,,,,,,,,,,,,,,,,,,,,,,,,,,,,,,,,,,,,0.0,0.0,0.0,,,,,,,,,,,,,,,,,,,,,,,,,,,,,,,,,,,,,,,,,,,,,,,,,,,,,,,,,,,,,,,,,,,,,,,,,,,,,,
Switzerland,1920,CHE,3870407.0,28550072320.0,,,,,,,,,,,,,,,,,,,,,,,,,,,,,,,,,,,,,,,,,,,,0.0,0.0,0.0,,,,,,,,,,,,,,,,,,,,,,,,,,,,,,,,,,,,,,,,,,,,,,,,,,,,,,,,,,,,,,,,,,,,,,,,,,,,,,
Switzerland,1921,CHE,3886419.0,23252672512.0,,,,,,,,,,,,,,,,,,,,,,,,,,,,,,,,,,,,,,,,,,,,0.0,0.0,0.0,,,,,,,,,,,,,,,,,,,,,,,,,,,,,,,,,,,,,,,,,,,,,,,,,,,,,,,,,,,,,,,,,,,,,,,,,,,,,,
Switzerland,1922,CHE,3903008.0,27822886912.0,,,,,,,,,,,,,,,,,,,,,,,,,,,,,,,,,,,,,,,,,,,,0.0,0.0,0.0,,,,,,,,,,,,,,,,,,,,,,,,,,,,,,,,,,,,,,,,,,,,,,,,,,,,,,,,,,,,,,,,,,,,,,,,,,,,,,
Switzerland,1923,CHE,3920181.0,29783533568.0,,,,,,,,,,,,,,,,,,,,,,,,,,,,,,,,,,,,,,,,,,,,0.0,0.0,0.0,,,,,,,,,,,,,,,,,,,,,,,,,,,,,,,,,,,,,,,,,,,,,,,,,,,,,,,,,,,,,,,,,,,,,,,,,,,,,,
Switzerland,1924,CHE,3937429.0,31929747456.0,,,,,,,,,,,,,,,,,,,,,,,,,,,,,,,,,,,,,,,,,,,,0.0,0.0,0.0,,,,,,,,,,,,,,,,,,,,,,,,,,,,,,,,,,,,,,,,,,,,,,,,,,,,,,,,,,,,,,,,,,,,,,,,,,,,,,
Switzerland,1925,CHE,3954753.0,32786470912.0,,,,,,,,,,,,,,,,,,,,,,,,,,,,,,,,,,,,,,,,,,,,0.0,0.0,0.0,,,,,,,,,,,,,,,,,,,,,,,,,,,,,,,,,,,,,,,,,,,,,,,,,,,,,,,,,,,,,,,,,,,,,,,,,,,,,,
Switzerland,1926,CHE,3972154.0,34036692992.0,,,,,,,,,,,,,,,,,,,,,,,,,,,,,,,,,,,,,,,,,,,,0.0,0.0,0.0,,,,,,,,,,,,,,,,,,,,,,,,,,,,,,,,,,,,,,,,,,,,,,,,,,,,,,,,,,,,,,,,,,,,,,,,,,,,,,
Switzerland,1927,CHE,3989631.0,36632305664.0,,,,,,,,,,,,,,,,,,,,,,,,,,,,,,,,,,,,,,,,,,,,0.0,0.0,0.0,,,,,,,,,,,,,,,,,,,,,,,,,,,,,,,,,,,,,,,,,,,,,,,,,,,,,,,,,,,,,,,,,,,,,,,,,,,,,,
Switzerland,1928,CHE,4007185.0,38519349248.0,,,,,,,,,,,,,,,,,,,,,,,,,,,,,,,,,,,,,,,,,,,,0.0,0.0,0.0,,,,,,,,,,,,,,,,,,,,,,,,,,,,,,,,,,,,,,,,,,,,,,,,,,,,,,,,,,,,,,,,,,,,,,,,,,,,,,
Switzerland,1929,CHE,4024685.0,39898390528.0,,,,,,,,,,,,,,,,,,,,,,,,,,,,,,,,,,,,,,,,,,,,0.0,0.0,0.0,,,,,,,,,,,,,,,,,,,,,,,,,,,,,,,,,,,,,,,,,,,,,,,,,,,,,,,,,,,,,,,,,,,,,,,,,,,,,,
Switzerland,1930,CHE,4042131.0,40385732608.0,,,,,,,,,,,,,,,,,,,,,,,,,,,,,,,,,,,,,,,,,,,,0.0,0.0,0.0,,,,,,,,,,,,,,,,,,,,,,,,,,,,,,,,,,,,,,,,,,,,,,,,,,,,,,,,,,,,,,,,,,,,,,,,,,,,,,
Switzerland,1931,CHE,4059522.0,41026379776.0,,,,,,,,,,,,,,,,,,,,,,,,,,,,,,,,,,,,,,,,,,,,0.0,0.0,0.0,,,,,,,,,,,,,,,,,,,,,,,,,,,,,,,,,,,,,,,,,,,,,,,,,,,,,,,,,,,,,,,,,,,,,,,,,,,,,,
Switzerland,1932,CHE,4076857.0,40004521984.0,,,,,,,,,,,,,,,,,,,,,,,,,,,,,,,,,,,,,,,,,,,,0.0,0.0,0.0,,,,,,,,,,,,,,,,,,,,,,,,,,,,,,,,,,,,,,,,,,,,,,,,,,,,,,,,,,,,,,,,,,,,,,,,,,,,,,
Switzerland,1933,CHE,4094135.0,41257545728.0,,,,,,,,,,,,,,,,,,,,,,,,,,,,,,,,,,,,,,,,,,,,0.0,0.0,0.0,,,,,,,,,,,,,,,,,,,,,,,,,,,,,,,,,,,,,,,,,,,,,,,,,,,,,,,,,,,,,,,,,,,,,,,,,,,,,,
Switzerland,1934,CHE,4111487.0,41389137920.0,,,,,,,,,,,,,,,,,,,,,,,,,,,,,,,,,,,,,,,,,,,,0.0,0.0,0.0,,,,,,,,,,,,,,,,,,,,,,,,,,,,,,,,,,,,,,,,,,,,,,,,,,,,,,,,,,,,,,,,,,,,,,,,,,,,,,
Switzerland,1935,CHE,4128912.0,39384444928.0,,,,,,,,,,,,,,,,,,,,,,,,,,,,,,,,,,,,,,,,,,,,0.0,0.0,0.0,,,,,,,,,,,,,,,,,,,,,,,,,,,,,,,,,,,,,,,,,,,,,,,,,,,,,,,,,,,,,,,,,,,,,,,,,,,,,,
Switzerland,1936,CHE,4146411.0,38770094080.0,,,,,,,,,,,,,,,,,,,,,,,,,,,,,,,,,,,,,,,,,,,,0.0,0.0,0.0,,,,,,,,,,,,,,,,,,,,,,,,,,,,,,,,,,,,,,,,,,,,,,,,,,,,,,,,,,,,,,,,,,,,,,,,,,,,,,
Switzerland,1937,CHE,4163985.0,41964240896.0,,,,,,,,,,,,,,,,,,,,,,,,,,,,,,,,,,,,,,,,,,,,0.0,0.0,0.0,,,,,,,,,,,,,,,,,,,,,,,,,,,,,,,,,,,,,,,,,,,,,,,,,,,,,,,,,,,,,,,,,,,,,,,,,,,,,,
Switzerland,1938,CHE,4181632.0,40279126016.0,,,,,,,,,,,,,,,,,,,,,,,,,,,,,,,,,,,,,,,,,,,,0.0,0.0,0.0,,,,,,,,,,,,,,,,,,,,,,,,,,,,,,,,,,,,,,,,,,,,,,,,,,,,,,,,,,,,,,,,,,,,,,,,,,,,,,
Switzerland,1939,CHE,4204685.0,41370853376.0,,,,,,,,,,,,,,,,,,,,,,,,,,,,,,,,,,,,,,,,,,,,0.0,0.0,0.0,,,,,,,,,,,,,,,,,,,,,,,,,,,,,,,,,,,,,,,,,,,,,,,,,,,,,,,,,,,,,,,,,,,,,,,,,,,,,,
Switzerland,1940,CHE,4233223.0,41424830464.0,,,,,,,,,,,,,,,,,,,,,,,,,,,,,,,,,,,,,,,,,,,,0.0,0.0,0.0,,,,,,,,,,,,,,,,,,,,,,,,,,,,,,,,,,,,,,,,,,,,,,,,,,,,,,,,,,,,,,,,,,,,,,,,,,,,,,
Switzerland,1941,CHE,4267324.0,39210602496.0,,,,,,,,,,,,,,,,,,,,,,,,,,,,,,,,,,,,,,,,,,,,0.0,0.0,0.0,,,,,,,,,,,,,,,,,,,,,,,,,,,,,,,,,,,,,,,,,,,,,,,,,,,,,,,,,,,,,,,,,,,,,,,,,,,,,,
Switzerland,1942,CHE,4307072.0,37458640896.0,,,,,,,,,,,,,,,,,,,,,,,,,,,,,,,,,,,,,,,,,,,,0.0,0.0,0.0,,,,,,,,,,,,,,,,,,,,,,,,,,,,,,,,,,,,,,,,,,,,,,,,,,,,,,,,,,,,,,,,,,,,,,,,,,,,,,
Switzerland,1943,CHE,4352547.0,37363572736.0,,,,,,,,,,,,,,,,,,,,,,,,,,,,,,,,,,,,,,,,,,,,0.0,0.0,0.0,,,,,,,,,,,,,,,,,,,,,,,,,,,,,,,,,,,,,,,,,,,,,,,,,,,,,,,,,,,,,,,,,,,,,,,,,,,,,,
Switzerland,1944,CHE,4398503.0,38799183872.0,,,,,,,,,,,,,,,,,,,,,,,,,,,,,,,,,,,,,,,,,,,,0.0,0.0,0.0,,,,,,,,,,,,,,,,,,,,,,,,,,,,,,,,,,,,,,,,,,,,,,,,,,,,,,,,,,,,,,,,,,,,,,,,,,,,,,
Switzerland,1945,CHE,4444943.0,38999060480.0,,,,,,,,,,,,,,,,,,,,,,,,,,,,,,,,,,,,,,,,,,,,0.0,0.0,0.0,,,,,,,,,,,,,,,,,,,,,,,,,,,,,,,,,,,,,,,,,,,,,,,,,,,,,,,,,,,,,,,,,,,,,,,,,,,,,,
Switzerland,1946,CHE,4491874.0,48538861568.0,,,,,,,,,,,,,,,,,,,,,,,,,,,,,,,,,,,,,,,,,,,,0.0,0.0,0.0,,,,,,,,,,,,,,,,,,,,,,,,,,,,,,,,,,,,,,,,,,,,,,,,,,,,,,,,,,,,,,,,,,,,,,,,,,,,,,
Switzerland,1947,CHE,4539301.0,49858781184.0,,,,,,,,,,,,,,,,,,,,,,,,,,,,,,,,,,,,,,,,,,,,0.0,0.0,0.0,,,,,,,,,,,,,,,,,,,,,,,,,,,,,,,,,,,,,,,,,,,,,,,,,,,,,,,,,,,,,,,,,,,,,,,,,,,,,,
Switzerland,1948,CHE,4587228.0,51269570560.0,,,,,,,,,,,,,,,,,,,,,,,,,,,,,,,,,,,,,,,,,,,,0.0,0.0,0.0,,,,,,,,,,,,,,,,,,,,,,,,,,,,,,,,,,,,,,,,,,,,,,,,,,,,,,,,,,,,,,,,,,,,,,,,,,,,,,
Switzerland,1949,CHE,4638318.0,50778042368.0,,,,,,,,,,,,,,,,,,,,,,,,,,,,,,,,,,,,,,,,,,,,0.0,0.0,0.0,,,,,,,,,,,,,,,,,,,,,,,,,,,,,,,,,,,,,,,,,,,,,,,,,,,,,,,,,,,,,,,,,,,,,,,,,,,,,,
Switzerland,1950,CHE,4692636.0,54173630464.0,,,,,,,,,,,,,,,,,,,,,,,,,,,,,,,,,,,,,,,,,,,,0.0,0.0,0.0,,,,,,,,,,,,,,,,,,,,,,,,,,,,,,,,,,,,,,,,,,,,,,,,,,,,,,,,,,,,,,,,,,,,,,,,,,,,,,
Switzerland,1951,CHE,4748099.0,56408117248.0,,,,,,,,,,,,,,,,,,,,,,,,,,,,,,,,,,,,,,,,,,,,0.0,0.0,0.0,,,,,,,,,,,,,,,,,,,,,,,,,,,,,,,,,,,,,,,,,,,,,,,,,,,,,,,,,,,,,,,,,,,,,,,,,,,,,,
Switzerland,1952,CHE,4811625.0,57858523136.0,,,,,,,,,,,,,,,,,,,,,,,,,,,,,,,,,,,,,,,,,,,,0.0,0.0,0.0,,,,,,,,,,,,,,,,,,,,,,,,,,,,,,,,,,,,,,,,,,,,,,,,,,,,,,,,,,,,,,,,,,,,,,,,,,,,,,
Switzerland,1953,CHE,4875720.0,60833468416.0,,,,,,,,,,,,,,,,,,,,,,,,,,,,,,,,,,,,,,,,,,,,0.0,0.0,0.0,,,,,,,,,,,,,,,,,,,,,,,,,,,,,,,,,,,,,,,,,,,,,,,,,,,,,,,,,,,,,,,,,,,,,,,,,,,,,,
Switzerland,1954,CHE,4938947.0,64921862144.0,,,,,,,,,,,,,,,,,,,,,,,,,,,,,,,,,,,,,,,,,,,,0.0,0.0,0.0,,,,,,,,,,,,,,,,,,,,,,,,,,,,,,,,,,,,,,,,,,,,,,,,,,,,,,,,,,,,,,,,,,,,,,,,,,,,,,
Switzerland,1955,CHE,5002416.0,69717450752.0,,,,,,,,,,,,,,,,,,,,,,,,,,,,,,,,,,,,,,,,,,,,0.0,0.0,0.0,,,,,,,,,,,,,,,,,,,,,,,,,,,,,,,,,,,,,,,,,,,,,,,,,,,,,,,,,,,,,,,,,,,,,,,,,,,,,,
Switzerland,1956,CHE,5065957.0,73188122624.0,,,,,,,,,,,,,,,,,,,,,,,,,,,,,,,,,,,,,,,,,,,,0.0,0.0,0.0,,,,,,,,,,,,,,,,,,,,,,,,,,,,,,,,,,,,,,,,,,,,,,,,,,,,,,,,,,,,,,,,,,,,,,,,,,,,,,
Switzerland,1957,CHE,5130587.0,75186372608.0,,,,,,,,,,,,,,,,,,,,,,,,,,,,,,,,,,,,,,,,,,,,0.0,0.0,0.0,,,,,,,,,,,,,,,,,,,,,,,,,,,,,,,,,,,,,,,,,,,,,,,,,,,,,,,,,,,,,,,,,,,,,,,,,,,,,,
Switzerland,1958,CHE,5196919.0,76136538112.0,,,,,,,,,,,,,,,,,,,,,,,,,,,,,,,,,,,,,,,,,,,,0.0,0.0,0.0,,,,,,,,,,,,,,,,,,,,,,,,,,,,,,,,,,,,,,,,,,,,,,,,,,,,,,,,,,,,,,,,,,,,,,,,,,,,,,
Switzerland,1959,CHE,5263263.0,81354579968.0,,,,,,,,,,,,,,,,,,,,,,,,,,,,,,,,,,,,,,,,,,,,0.0,0.0,0.0,,,,,,,,,,,,,,,,,,,,,,,,,,,,,,,,,,,,,,,,,,,,,,,,,,,,,,,,,,,,,,,,,,,,,,,,,,,,,,
Switzerland,1960,CHE,5328275.0,87713521664.0,,,,,,,,,,,,,,,,,,,,,,,,,,,,,,,,,,,,,,,,,,,,0.0,0.0,0.0,,,,,,,,,,,,,,,,,,,,,,,,,,,,,,,,,,,,,,,,,,,,,,,,,,,,,,,,,,,,,,,,,,,,,,,,,,,,,,
Switzerland,1961,CHE,5434674.0,95399288832.0,,,,,,,,,,,,,,,,,,,,,,,,,,,,,,,,,,,,,,,,,,,,0.0,0.0,0.0,,,,,,,,,,,,,,,,,,,,,,,,,,,,,,,,,,,,,,,,,,,,,,,,,,,,,,,,,,,,,,,,,,,,,,,,,,,,,,
Switzerland,1962,CHE,5574228.0,100820672512.0,,,,,,,,,,,,,,,,,,,,,,,,,,,,,,,,,,,,,,,,,,,,0.0,0.0,0.0,,,,,,,,,,,,,,,,,,,,,,,,,,,,,,,,,,,,,,,,,,,,,,,,,,,,,,,,,,,,,,,,,,,,,,,,,,,,,,
Switzerland,1963,CHE,5694677.0,106736648192.0,,,,,,,,,,,,,,,,,,,,,,,,,,,,,,,,,,,,,,,,,,,,0.0,0.0,0.0,,,,,,,,,,,,,,,,,,,,,,,,,,,,,,,,,,,,,,,,,,,,,,,,,,,,,,,,,,,,,,,,,,,,,,,,,,,,,,
Switzerland,1964,CHE,5789750.0,113003593728.0,,,,,,,,,,,,,,,,,,,,,,,,,,,,,,,,,,,,,,,,,,,,0.0,0.0,0.0,,,,,,,,,,,,,,,,,,,,,,,,,,,,,,,,,,,,,,,,,,,,,,,,,,,,,,,,,,,,,,,,,,,,,,,,,,,,,,
Switzerland,1965,CHE,5857048.0,117686329344.0,,,,,,,,,,,,2532.561,14.833,,,,,,,,,,,,,,31153.631,1.55,,,,,,,,,,,,,,,,0.0,0.0,0.0,,,,,,71.255,4114.237,24.097,12165.755,,,,,71.255,4114.237,24.097,12165.755,,,,,,,0.0,0.0,0.0,0.0,,,,,96.38,,,16455.314,,,,,,,0.0,0.0,,,,0.0,,0.0,,,,,182.468,,,71.255,4114.237,24.097,12165.755,,,,,0.0,0.0,0.0,0.0,,,,,0.0,0.0,0.0,0.0,,
Switzerland,1966,CHE,5918589.0,121266331648.0,,,,,,,,,,-17.322,-2.569,2072.097,12.264,,,,,,,,,,,,7.473,13.636,33133.602,1.617,,,,,,,,,,,,,,,,0.0,0.0,0.0,,,,14.198,10.117,81.372,4649.521,27.519,13748.585,,,14.198,10.117,81.372,4649.521,27.519,13748.585,,,,,,0.0,0.0,0.0,0.0,0.0,,,6.317,6.089,102.468,,,17312.922,,,,,,,0.0,0.0,,,0.0,0.0,,0.0,,,,,196.104,14.198,10.117,81.372,4649.521,27.519,13748.585,,,,0.0,0.0,0.0,0.0,0.0,,,,0.0,0.0,0.0,0.0,0.0,,
Switzerland,1967,CHE,5992343.0,125760274432.0,,,,,,,,,,-15.651,-1.919,1726.277,10.344,,,,,,,,,,,,6.802,13.339,34951.883,1.665,,,,,,,,,,,,,,,,0.0,0.0,0.0,,,,8.473,6.895,88.267,4981.393,29.85,14729.924,,,8.473,6.895,88.267,4981.393,29.85,14729.924,,,,,,0.0,0.0,0.0,0.0,0.0,,,8.163,8.364,110.832,,,18495.68,,,,,,,0.0,0.0,,,0.0,0.0,,0.0,,,,,209.444,8.473,6.895,88.267,4981.393,29.85,14729.924,,,,0.0,0.0,0.0,0.0,0.0,,,,0.0,0.0,0.0,0.0,0.0,,
Switzerland,1968,CHE,6068208.0,131196510208.0,,,,,,,,,,-5.478,-0.567,1611.312,9.778,,,,,,,,4.445,,,,5.034,10.543,36252.379,1.677,,,,,21869.789,132.71,,60.326,,,0.0,,,0.0,,0.0,0.0,0.0,,0.0,,-1.122,-0.99,87.277,4863.93,29.515,14382.588,,39.674,-1.122,-0.99,87.277,4863.93,29.515,14382.588,,39.674,,,,0.0,0.0,0.0,0.0,0.0,,0.0,10.918,12.1,122.933,,,20258.477,,,,,,55.882,0.0,0.0,,,0.0,0.0,,0.0,,,0.0,,219.987,-1.122,-0.99,87.277,4863.93,29.515,14382.588,,39.674,,0.0,0.0,0.0,0.0,0.0,,0.0,,0.0,0.0,0.0,0.0,0.0,,0.0
Switzerland,1969,CHE,6136805.0,138575265792.0,,,,,,,,,,-9.545,-0.933,1441.213,8.844,,,,,,,,3.886,,,,3.446,7.581,37082.551,1.642,7.399,9.819,,,23225.4,142.53,,62.632,,0.002,0.002,,,0.407,,0.0,0.0,0.0,,0.001,,-4.304,-3.756,83.521,4602.579,28.245,13609.778,,36.701,-2.491,-2.238,85.039,4689.758,28.78,13857.15,,37.368,,,,1.518,1.518,87.179,0.535,247.371,,0.667,8.745,10.75,133.683,,,21783.781,,,,,,58.744,0.0,0.0,,,0.0,0.0,,0.0,,,0.0,,227.568,-4.304,-3.756,83.521,4602.579,28.245,13609.778,,36.701,,0.0,0.0,0.0,0.0,0.0,,0.0,,0.0,0.0,0.0,0.0,0.0,,0.0
Switzerland,1970,CHE,6181231.0,147142836224.0,,,,,,,,,,-14.196,-1.256,1227.731,7.589,,,,,,,,3.047,,,,9.447,21.497,40293.867,1.693,10.708,15.262,,,25527.516,157.791,,63.353,15300.0,0.382,0.385,,,62.285,,0.0,0.0,0.0,,0.155,,3.284,2.743,86.263,4719.55,29.173,13955.658,,34.635,7.5,6.236,91.274,5005.254,30.939,14766.347,,36.647,,,230.093,3.493,5.011,285.704,1.766,810.688,,2.012,12.069,16.135,149.818,,,24237.502,,,,,,60.152,0.0,0.0,,,0.0,0.0,,0.0,,,0.0,,249.066,3.284,2.743,86.263,4719.55,29.173,13955.658,,34.635,,0.0,0.0,0.0,0.0,0.0,,0.0,,0.0,0.0,0.0,0.0,0.0,,0.0
Switzerland,1971,CHE,6213706.0,155328069632.0,,,,,,,,,,-32.467,-2.464,824.789,5.125,,,,,,,,2.011,,,,2.328,5.798,41016.348,1.641,4.59,7.243,,,26559.762,165.035,,64.754,141.558,0.545,0.93,,,149.669,,0.0,0.0,0.0,,0.365,,-0.442,-0.381,85.882,4674.139,29.044,13821.378,,33.697,-1.629,-1.445,89.829,4897.999,30.435,14456.584,,35.246,,,-21.234,-1.064,3.947,223.86,1.391,635.206,,1.549,6.115,9.162,158.98,,,25585.303,,,,,,62.378,0.0,0.0,,,0.0,0.0,,0.0,,,0.0,,254.864,-0.442,-0.381,85.882,4674.139,29.044,13821.378,,33.697,,0.0,0.0,0.0,0.0,0.0,,0.0,,0.0,0.0,0.0,0.0,0.0,,0.0
Switzerland,1972,CHE,6261160.0,162319728640.0,,,,,,,,,,-15.393,-0.789,692.541,4.336,,,,,,,,1.727,,,,-1.492,-3.802,40098.23,1.547,2.103,3.471,,,26912.838,168.506,,67.117,26.882,0.25,1.18,,,188.463,,0.0,0.0,0.0,,0.47,,-16.56,-14.222,71.66,3870.534,24.234,11445.128,,28.543,-7.757,-7.273,82.556,4483.839,28.074,13185.39,,32.883,,,176.06,6.949,10.896,613.305,3.84,1740.262,,4.34,2.522,4.01,162.989,,,26031.836,,,,,,64.92,0.0,0.0,,,0.0,0.0,,0.0,,,0.0,,251.061,-16.56,-14.222,71.66,3870.534,24.234,11445.128,,28.543,,0.0,0.0,0.0,0.0,0.0,,0.0,,0.0,0.0,0.0,0.0,0.0,,0.0
Switzerland,1973,CHE,6307365.0,167492534272.0,,,,,,,,,,-5.061,-0.219,652.676,4.117,,,,,,,,1.483,,,,10.591,26.59,44020.125,1.658,7.492,12.624,,,28717.219,181.13,,65.237,35.381,0.417,1.597,,,253.275,,0.0,0.0,0.0,,0.575,,9.708,6.957,78.616,4215.169,26.587,12464.207,,28.315,17.178,13.965,96.521,5215.586,32.897,15302.908,,34.763,,,64.323,7.009,17.905,1000.418,6.31,2838.7,,6.449,7.624,12.426,175.416,,,27811.266,,,,,,63.179,0.0,0.0,,,0.0,0.0,,0.0,,,0.0,,277.651,9.708,6.957,78.616,4215.169,26.587,12464.207,,28.315,,0.0,0.0,0.0,0.0,0.0,,0.0,,0.0,0.0,0.0,0.0,0.0,,0.0
Switzerland,1974,CHE,6341220.0,166140018688.0,,,,,,,,,,-13.765,-0.567,559.829,3.55,,,,,,,,1.337,,,,-4.402,-12.223,41857.547,1.598,-9.997,-18.108,,,25708.285,163.022,,61.419,110.642,1.767,3.365,,,530.655,,0.0,0.0,0.0,,1.268,,4.753,3.737,82.353,4391.961,27.85,12986.982,,31.027,6.143,5.885,102.406,5506.416,34.917,16149.263,,38.581,,,11.997,2.148,20.053,1114.454,7.067,3162.281,,7.555,-11.008,-19.309,156.107,,,24617.801,,,,,,58.813,0.0,0.0,,,0.0,0.0,,0.0,,,0.0,,265.428,4.753,3.737,82.353,4391.961,27.85,12986.982,,31.027,,0.0,0.0,0.0,0.0,0.0,,0.0,,0.0,0.0,0.0,0.0,0.0,,0.0
Switzerland,1975,CHE,6338272.0,156680781824.0,,,,,,,,,,-25.039,-0.889,419.848,2.661,,,,,,,,0.966,,,,3.81,10.112,43472.371,1.759,-2.96,-4.825,,,24958.992,158.197,,57.413,61.07,2.055,5.42,,,855.123,,0.0,0.0,0.0,,1.967,,15.746,12.968,95.321,5085.896,32.236,15038.938,,34.594,14.547,14.937,117.343,6310.362,39.997,18513.379,,42.587,,,9.82,1.969,22.022,1224.466,7.761,3474.441,,7.992,-3.838,-5.991,150.116,,,23684.021,,,,,,54.481,0.0,0.0,,,0.0,0.0,,0.0,,,0.0,,275.54,15.746,12.968,95.321,5085.896,32.236,15038.938,,34.594,,0.0,0.0,0.0,0.0,0.0,,0.0,,0.0,0.0,0.0,0.0,0.0,,0.0
Switzerland,1976,CHE,6302079.0,156767911936.0,,,,,,,,,,-6.054,-0.161,396.694,2.5,,,,,,,,0.95,,,,-4.501,-12.403,41754.016,1.679,3.778,5.977,,,26050.717,164.174,,62.391,4.382,0.238,5.657,,,897.72,,0.0,0.0,0.0,,2.15,,-19.811,-18.884,76.436,4101.727,25.849,12128.761,,29.048,-15.522,-18.379,98.963,5361.469,33.788,15703.301,,37.609,,,2.294,0.505,22.527,1259.743,7.939,3574.54,,8.561,3.931,5.9,156.016,,,24756.303,,,,,,59.291,0.0,0.0,,,0.0,0.0,,0.0,,,0.0,,263.137,-19.811,-18.884,76.436,4101.727,25.849,12128.761,,29.048,,0.0,0.0,0.0,0.0,0.0,,0.0,,0.0,0.0,0.0,0.0,0.0,,0.0
Switzerland,1977,CHE,6280842.0,160630243328.0,,,,,,,,,,16.667,0.417,464.375,2.917,,,,,,,,0.998,,,,11.118,29.257,46553.309,1.82,1.235,2.028,,,26461.643,166.201,,56.842,14.185,0.803,6.46,,,1028.525,,0.0,0.0,0.0,,2.209,,34.974,26.733,103.169,5554.969,34.89,16425.982,,35.284,27.274,27.229,126.193,6846.834,43.004,20091.67,,43.158,,,2.204,0.497,23.024,1291.865,8.114,3665.686,,7.874,0.518,0.809,156.825,,,24968.742,,,,,,53.635,0.0,0.0,,,0.0,0.0,,0.0,,,0.0,,292.394,34.974,26.733,103.169,5554.969,34.89,16425.982,,35.284,,0.0,0.0,0.0,0.0,0.0,,0.0,,0.0,0.0,0.0,0.0,0.0,,0.0
Switzerland,1978,CHE,6281527.0,165652381696.0,,,,,,,,,,-10.0,-0.292,417.892,2.625,,,,,,,,0.911,,,,-1.506,-4.404,45847.062,1.739,2.605,4.33,,,27148.123,170.532,,59.215,9.714,0.627,7.087,,,1128.308,,0.0,0.0,0.0,,2.461,,-9.542,-9.845,93.324,5024.34,31.561,14856.919,,32.405,-6.861,-8.735,117.458,6376.399,40.054,18698.941,,40.785,,,3.463,0.797,23.821,1336.458,8.395,3792.221,,8.271,2.547,3.994,160.819,,,25601.922,,,,,,55.842,0.313,0.098,,,0.313,15.601,,49.803,,,0.109,,287.99,-9.262,-9.532,93.637,5039.941,31.659,14906.721,,32.514,,0.0,0.0,0.0,0.0,0.0,,0.0,,0.0,0.0,0.0,0.0,0.0,,0.0
Switzerland,1979,CHE,6294185.0,169193324544.0,,,,,,,,,,3.386,0.089,431.174,2.714,,,,,,,,0.946,,,,-0.347,-1.0,45596.008,1.696,-3.361,-5.731,,,26182.941,164.8,,57.424,12.169,0.863,7.95,,,1263.071,,0.0,0.0,0.0,,2.77,,-5.945,-5.548,87.776,4716.159,29.684,13945.633,,30.585,4.301,4.732,122.189,6637.298,41.776,19413.064,,42.576,,,40.619,9.676,33.497,1875.541,11.805,5321.875,,11.672,-4.155,-6.683,154.136,,,24488.699,,,,,,53.708,0.916,0.287,,192.857,0.603,45.598,,145.557,,,0.319,,286.99,-5.329,-4.944,88.693,4761.757,29.971,14091.189,,30.904,,0.0,0.0,0.0,0.0,0.0,,0.0,,0.0,0.0,0.0,0.0,0.0,,0.0
Switzerland,1980,CHE,6319116.0,174991867904.0,,,,,,,,,,46.366,1.258,628.604,3.972,,,,,0.0,0.0,,1.293,,,,7.051,20.237,48618.594,1.756,1.372,2.262,,,26437.58,167.062,,54.378,14.088,1.12,9.07,,,1435.327,,0.0,0.0,0.0,,2.952,,12.679,11.129,98.905,5293.135,33.448,15651.743,,32.193,14.818,17.975,140.164,7590.766,47.967,22181.018,,45.622,,,21.525,7.21,40.707,2270.254,14.346,6441.88,,13.25,-0.076,-0.117,154.02,,,24373.646,,,0.0,0.0,,50.132,0.552,0.173,,-39.721,-0.364,27.377,,87.394,,,0.18,,307.227,12.177,10.765,99.457,5320.512,33.621,15739.138,,32.373,,0.0,0.0,0.0,0.0,0.0,,0.0,,0.0,0.0,0.0,0.0,0.0,,0.0
Switzerland,1981,CHE,6353701.0,178175066112.0,,,,,,,,,,47.902,1.903,924.658,5.875,,,,0.0,0.0,0.0,,1.914,,,,-0.093,-0.287,48308.809,1.723,-5.314,-8.878,,,24896.414,158.184,,51.536,7.883,0.715,9.785,,,1540.047,,0.0,0.0,0.0,,3.188,,5.014,4.959,103.864,5528.287,35.125,16347.083,,33.839,6.096,8.591,148.755,8009.676,50.891,23412.4,,48.464,,,6.859,2.792,43.499,2412.767,15.33,6846.262,,14.172,-7.464,-11.496,142.524,,,22431.709,,0.0,0.0,0.0,,46.434,1.392,0.436,,152.023,0.84,68.621,,219.054,,,0.453,,306.94,5.771,5.799,105.256,5596.909,35.561,16566.137,,34.292,,0.0,0.0,0.0,0.0,0.0,,0.0,,0.0,0.0,0.0,0.0,0.0,,0.0
Switzerland,1982,CHE,6390953.0,178914492416.0,,,,,,,,,,-11.537,-0.678,813.216,5.197,,,,0.0,0.0,0.0,,1.728,,,,-2.019,-6.198,47057.453,1.681,-5.054,-7.995,,,23500.385,150.19,,49.94,5.621,0.55,10.335,,,1617.13,,0.0,0.0,0.0,,3.437,,2.409,2.503,106.367,5628.49,35.971,16643.381,,35.368,1.186,1.797,150.552,8057.392,51.494,23557.072,,50.06,,,-1.285,-0.559,42.94,2367.879,15.133,6718.891,,14.278,-5.52,-7.867,134.658,,,21070.039,,0.0,0.0,0.0,,44.775,1.245,0.39,,-10.55,-0.147,61.024,,194.8,,,0.414,,300.742,2.251,2.356,107.612,5689.513,36.361,16838.182,,35.782,,0.0,0.0,0.0,0.0,0.0,,0.0,,0.0,0.0,0.0,0.0,0.0,,0.0
Switzerland,1983,CHE,6418416.0,182090694656.0,,,,,,,,,,-12.72,-0.661,706.734,4.536,,,,0.0,0.0,0.0,,1.45,,,,3.995,12.013,48727.773,1.718,8.685,13.043,,,25432.008,163.233,,52.192,9.942,1.027,11.362,,,1770.297,,0.0,0.0,0.0,,3.633,,-2.526,-2.687,103.68,5462.851,35.063,16153.592,,33.151,-0.632,-1.03,149.522,7972.193,51.169,23295.77,,47.808,,,3.813,1.637,44.577,2447.645,15.71,6945.228,,14.253,9.414,12.677,147.335,,,22954.975,,0.0,0.0,0.0,,47.109,1.264,0.396,,1.538,0.019,61.697,,196.951,,,0.404,,312.755,-2.482,-2.667,104.945,5524.548,35.459,16350.543,,33.555,,0.0,0.0,0.0,0.0,0.0,,0.0,,0.0,0.0,0.0,0.0,0.0,,0.0
Switzerland,1984,CHE,6441452.0,184888541184.0,,,,,,,,,,28.475,1.292,904.73,5.828,,,,0.0,0.0,0.0,,1.923,,,,-3.111,-9.729,47043.141,1.639,-1.289,-2.105,,,25014.326,161.129,,53.173,11.529,1.31,12.672,,,1967.336,,0.0,0.0,0.0,,4.182,,-14.742,-15.285,88.396,4640.858,29.894,13722.966,,29.171,-4.819,-7.624,141.898,7560.852,48.703,22028.811,,46.827,,,17.377,7.746,52.324,2862.709,18.44,8122.979,,17.267,-3.194,-4.706,142.628,,,22142.262,,0.0,0.0,0.0,,47.068,1.178,0.369,,-6.818,-0.086,57.285,,182.866,,,0.389,,303.026,-14.654,-15.371,89.574,4698.143,30.263,13905.833,,29.56,,0.0,0.0,0.0,0.0,0.0,,0.0,,0.0,0.0,0.0,0.0,0.0,,0.0
Switzerland,1985,CHE,6469830.0,193084801024.0,,,,,,,,,,0.429,0.025,904.626,5.853,,,,0.0,0.0,0.0,,1.808,,56.338,17.4,6.848,20.75,50044.062,1.677,1.95,3.142,,,25390.232,164.27,,50.736,4.695,0.595,13.267,,,2050.672,,0.306,47.288,0.306,,4.098,,7.22,6.382,94.778,4954.083,32.052,14649.168,56.892,29.273,12.556,17.609,159.506,8472.885,54.818,24653.832,97.302,49.264,,,21.481,11.24,63.563,3462.386,22.401,9824.573,39.762,19.632,1.768,2.522,145.15,,,22434.934,,0.0,0.0,0.0,,44.83,1.165,0.365,,-1.084,-0.013,56.416,,180.09,0.648,,0.36,8707.821,323.777,7.118,6.369,95.943,5010.499,32.417,14829.258,57.54,29.632,,0.0,0.0,0.0,0.0,0.0,0.0,0.0,,0.0,0.0,0.0,0.0,0.0,0.0,0.0
Switzerland,1986,CHE,6503525.0,203695226880.0,,,,,,,,,,-13.953,-0.817,774.366,5.036,,,,0.0,0.0,0.0,,1.482,,57.41,16.892,4.969,16.087,52258.336,1.668,8.036,13.201,,,27288.551,177.472,,52.219,2.412,0.32,13.587,,,2089.251,-3.547,-0.011,45.374,0.295,,3.998,,2.662,2.523,97.301,5059.607,32.905,14961.204,57.316,28.629,1.768,2.886,162.392,8578.039,55.787,24969.787,97.173,47.781,,,0.103,0.066,63.629,3448.009,22.424,9783.775,39.059,18.722,9.437,13.698,158.848,,,24424.932,,0.0,0.0,0.0,,46.739,1.462,0.458,,25.479,0.297,70.423,,224.806,0.798,,0.43,8827.596,339.863,2.919,2.82,98.763,5130.031,33.363,15186.01,58.114,29.059,,0.0,0.0,0.0,0.0,0.0,0.0,0.0,,0.0,0.0,0.0,0.0,0.0,0.0,0.0
Switzerland,1987,CHE,6544455.0,211297730560.0,,,,,,,,,,-6.95,-0.35,716.043,4.686,,,,0.0,0.0,0.0,,1.387,,59.734,17.68,-0.589,-2.002,51625.559,1.599,-4.842,-8.592,,,25804.961,168.879,,49.985,7.213,0.98,14.568,,,2225.93,-69.791,-0.206,13.621,0.089,,4.312,,5.377,5.232,102.533,5298.332,34.675,15667.11,58.049,30.348,4.018,6.59,168.982,8866.874,58.029,25820.594,97.146,50.015,,,1.868,1.189,64.818,3490.46,22.843,9904.232,38.242,19.185,-5.806,-9.222,149.626,,,22862.988,,0.0,0.0,0.0,,44.286,1.631,0.511,,11.572,0.169,78.081,,249.252,0.855,,0.483,9127.399,337.861,5.462,5.401,104.164,5376.414,35.186,15916.362,58.904,30.83,,0.0,0.0,0.0,0.0,0.0,0.0,0.0,,0.0,0.0,0.0,0.0,0.0,0.0,0.0
Switzerland,1988,CHE,6592667.0,217769050112.0,,,,,,,,,,-14.641,-0.686,606.735,4.0,,,,0.0,0.0,0.0,,1.175,,60.536,17.782,0.763,2.576,51638.832,1.563,-0.088,-0.148,,,25593.732,168.731,,49.563,0.704,0.102,14.67,,,2225.199,-29.319,-0.026,9.557,0.063,,4.309,,3.231,3.313,105.846,5429.528,35.795,16055.056,59.13,31.091,1.573,2.725,171.707,8940.502,58.942,26045.1,97.367,50.437,,,-0.917,-0.594,64.223,3433.161,22.634,9741.645,37.389,18.865,0.291,0.435,150.061,,,22761.799,,0.0,0.0,0.0,,44.079,1.638,0.513,,0.391,0.006,77.814,,248.397,0.847,,0.481,9182.286,340.438,3.19,3.319,107.483,5507.342,36.308,16303.453,59.978,31.572,,0.0,0.0,0.0,0.0,0.0,0.0,0.0,,0.0,0.0,0.0,0.0,0.0,0.0,0.0
Switzerland,1989,CHE,6646209.0,225335066624.0,,,,,,,,,,3.403,0.136,622.326,4.136,,,,0.0,0.0,0.0,,1.3,,54.611,17.164,-6.543,-22.275,47871.336,1.412,-2.754,-4.647,,,24688.387,164.084,,51.572,8.759,1.285,15.955,,,2400.617,-46.881,-0.03,5.036,0.033,,5.015,,-16.818,-17.801,88.044,4479.987,29.775,13247.272,54.522,27.673,-10.113,-17.628,154.079,7971.577,52.981,23182.945,97.015,48.428,,,0.191,0.122,64.346,3411.997,22.677,9681.591,41.524,20.224,-4.044,-6.068,143.993,,,21665.445,,0.0,0.0,0.0,,45.258,1.689,0.529,,3.119,0.051,79.594,,254.081,0.969,,0.531,8216.83,318.163,-16.537,-17.75,89.733,4559.581,30.304,13501.354,55.491,28.203,,0.0,0.0,0.0,0.0,0.0,0.0,0.0,,0.0,0.0,0.0,0.0,0.0,0.0,0.0
Switzerland,1990,CHE,6711685.0,234154442752.0,,,,,,,,,,0.0,0.0,616.255,4.136,,,,0.0,0.0,0.0,,1.247,,56.015,16.891,4.231,13.462,49410.152,1.416,6.964,11.427,,,26150.117,175.511,,52.925,7.035,1.122,17.077,,,2544.443,16.038,0.005,5.786,0.039,,5.15,,0.077,0.068,88.112,4439.697,29.798,13128.137,53.196,26.57,1.373,2.035,156.114,8002.227,53.708,23260.033,95.881,47.075,,,3.505,2.255,66.601,3497.122,23.472,9923.135,41.902,20.083,7.156,10.305,154.298,,,22989.42,,0.0,0.0,0.0,,46.528,1.398,0.438,,-17.202,-0.29,65.259,,208.321,0.782,,0.422,8345.956,331.625,-0.221,-0.22,89.513,4505.105,30.237,13336.898,53.979,26.992,,0.003,0.003,0.149,0.001,0.441,0.002,0.001,,0.0,0.0,0.0,0.0,0.0,0.0,0.0
Switzerland,1991,CHE,6795392.0,236259213312.0,,,,,,,,,,-15.044,-0.622,517.099,3.514,,,,0.0,0.0,0.0,,1.032,,58.062,17.048,2.698,8.947,50118.109,1.442,2.35,4.125,,,26435.023,179.636,,52.745,12.253,2.093,19.17,,,2821.029,-14.826,-0.006,4.868,0.033,,5.629,,7.659,6.749,94.861,4720.87,32.08,13959.561,55.252,27.853,2.985,4.822,160.936,8139.61,55.312,23683.082,95.264,47.255,,,-2.888,-1.924,64.677,3354.285,22.794,9517.834,39.258,18.991,1.721,2.655,156.952,,,23096.896,,0.0,0.0,0.0,,46.085,1.392,0.436,,-0.457,-0.006,64.161,,204.815,0.751,,0.409,8544.297,340.572,7.545,6.745,96.258,4785.326,32.518,14165.246,56.006,28.264,100.0,0.003,0.006,0.294,0.002,0.87,0.003,0.002,,0.0,0.0,0.0,0.0,0.0,0.0,0.0
Switzerland,1992,CHE,6873188.0,240475389952.0,,,,,,,,,,-30.751,-1.081,354.033,2.433,,,,0.0,0.0,0.0,,0.703,,59.518,17.199,1.61,5.483,50348.559,1.439,1.161,2.085,,,26439.17,181.721,,52.512,5.112,0.98,20.15,,,2931.682,-8.38,-0.003,4.409,0.03,,5.823,,1.944,1.844,96.704,4758.149,32.704,14069.797,54.948,27.945,2.106,3.398,164.334,8216.99,56.477,23909.391,94.891,47.488,,,2.157,1.395,66.072,3387.84,23.285,9613.047,39.123,19.093,1.393,2.186,159.138,,,23153.457,,0.0,0.0,0.0,,45.986,1.548,0.485,,11.239,0.156,70.564,,225.255,0.815,,0.447,8659.435,346.055,2.071,2.003,98.261,4829.149,33.192,14296.343,55.767,28.395,50.0,0.003,0.009,0.436,0.003,1.291,0.005,0.003,,0.0,0.0,0.0,0.0,0.0,0.0,0.0
Switzerland,1993,CHE,6936123.0,244573601792.0,,,,,,,,,,-16.21,-0.394,293.952,2.039,,,,0.0,0.0,0.0,,0.59,,61.556,17.818,-0.168,-0.581,49807.938,1.413,-5.189,-9.429,,,24839.914,172.293,,49.871,4.913,0.99,21.14,,,3047.812,-17.441,-0.005,3.607,0.025,,6.119,,9.41,9.1,105.805,5158.673,35.781,15254.141,58.128,30.626,5.29,8.848,173.181,8573.178,59.465,24968.025,96.603,50.129,,,-0.416,-0.275,65.797,3343.139,23.188,9486.206,37.671,19.046,-6.299,-10.024,149.114,,,21498.148,,0.0,0.0,0.0,,43.162,1.567,0.491,,1.237,0.019,70.789,,225.972,0.798,,0.454,8874.643,345.474,9.293,9.122,107.384,5230.039,36.276,15481.818,58.932,31.083,33.333,0.003,0.012,0.577,0.004,1.705,0.006,0.003,,0.0,0.0,0.0,0.0,0.0,0.0,0.0
Switzerland,1994,CHE,6991543.0,252214820864.0,,,,,,,,,,1.226,0.025,295.198,2.064,,,,0.0,0.0,0.0,,0.569,,66.134,18.22,5.066,17.502,51916.375,1.439,2.743,4.725,,,25318.875,177.018,,48.769,-1.36,-0.287,20.853,,,2982.532,-55.569,-0.014,1.59,0.011,,5.745,,9.199,9.733,115.537,5588.545,39.073,16525.268,59.081,31.831,7.326,12.776,185.958,9128.348,63.821,26597.5,96.503,51.231,,,4.335,2.852,68.65,3460.421,24.194,9818.997,36.583,18.913,3.345,4.988,154.102,,,22041.145,,0.0,0.0,0.0,,42.455,1.756,0.55,,12.016,0.188,78.666,,251.119,0.832,,0.484,9459.176,362.976,9.238,9.924,117.308,5667.927,39.628,16778.504,59.92,32.318,25.0,0.003,0.015,0.715,0.005,2.115,0.008,0.004,,0.0,0.0,0.0,0.0,0.0,0.0,0.0
Switzerland,1995,CHE,7038302.0,258065989632.0,,,,,,,,,,7.268,0.15,314.549,2.214,,,,0.0,0.0,0.0,,0.644,,62.863,18.274,-5.229,-18.98,48874.762,1.333,-5.098,-9.024,,,23868.537,167.994,,48.836,10.203,2.127,22.98,,,3264.992,-100.0,-0.011,0.0,0.0,,6.68,,-9.984,-11.535,104.002,4997.167,35.172,14776.566,55.95,30.234,-5.245,-9.956,176.001,8592.083,60.474,25006.223,96.2,51.164,,,2.184,1.499,70.149,3512.51,24.722,9966.8,39.327,20.393,-7.334,-11.302,142.8,,,20288.998,,0.0,0.0,0.0,,41.512,1.832,0.574,,4.364,0.077,81.554,,260.336,0.913,,0.533,8931.511,343.995,-9.781,-11.456,105.852,5079.573,35.752,15039.424,56.872,30.771,20.0,0.003,0.018,0.852,0.006,2.521,0.01,0.005,,0.0,0.0,0.0,0.0,0.0,0.0,0.0
Switzerland,1996,CHE,7069694.0,264364883968.0,,,,,,,,,,-25.22,-0.558,234.176,1.656,,,,0.0,0.0,0.0,,0.498,,57.328,17.252,-3.402,-11.704,47002.172,1.257,3.846,6.461,,,24676.395,174.455,,52.501,8.246,1.895,24.875,,,3518.54,,0.0,0.0,0.0,,7.486,,-18.264,-18.994,85.007,4066.368,28.748,12024.207,50.146,25.582,-10.147,-18.165,157.836,7685.955,54.337,22325.777,94.783,47.499,,,0.992,0.696,70.845,3531.605,24.967,10020.982,43.552,21.32,3.588,5.124,147.924,,,20923.68,,0.0,0.0,0.0,,44.516,1.96,0.614,,6.969,0.128,86.85,,277.242,1.071,,0.59,8109.028,332.291,-17.85,-18.861,86.991,4154.35,29.37,12304.795,51.231,26.179,16.667,0.003,0.021,0.99,0.007,2.928,0.012,0.006,,0.003,0.003,0.141,0.001,0.418,0.002,0.001
Switzerland,1997,CHE,7086993.0,275430572032.0,,,,,,,,,,-22.987,-0.381,179.907,1.275,,,,0.0,0.0,0.0,,0.359,,62.902,17.703,6.929,23.025,50136.387,1.29,3.704,6.462,,,25527.92,180.916,,50.917,-3.457,-0.86,24.015,,,3388.602,,0.0,0.0,0.0,,6.759,,18.431,15.668,100.675,4804.076,34.046,14205.603,54.126,28.334,10.322,16.564,174.4,8458.606,59.946,24608.471,95.301,49.083,,,1.062,0.753,71.598,3560.414,25.233,10102.729,40.114,20.15,5.207,7.702,155.626,,,21959.41,,0.0,0.0,0.0,,43.799,2.1,0.658,,7.166,0.14,92.846,,296.384,1.046,,0.591,8875.708,355.316,18.194,15.811,102.802,4898.192,34.713,14505.741,55.186,28.933,0.0,0.0,0.021,0.988,0.007,2.921,0.011,0.006,100.0,0.003,0.006,0.282,0.002,0.834,0.003,0.002
Switzerland,1998,CHE,7108225.0,288736575488.0,,,,,,,,,,-16.993,-0.217,148.889,1.058,,,,0.0,0.0,0.0,,0.296,,63.288,17.712,0.566,2.009,50269.312,1.238,1.331,2.407,,,25790.328,183.323,,51.304,2.936,0.705,24.72,,,3477.661,,0.0,0.0,0.0,,6.918,,-1.677,-1.689,98.986,4709.392,33.475,13925.62,52.894,27.702,-0.2,-0.398,174.002,8416.438,59.826,24478.988,94.53,48.696,,,1.656,1.186,72.784,3608.57,25.651,10239.371,40.53,20.369,1.233,1.919,157.545,,,22163.777,,0.0,0.0,0.0,,44.09,2.199,0.689,,4.711,0.099,96.93,,309.42,1.089,,0.616,8903.48,357.326,-1.55,-1.584,101.218,4807.869,34.175,14239.616,54.0,28.327,14.286,0.003,0.024,1.125,0.008,3.328,0.013,0.007,50.0,0.003,0.009,0.422,0.003,1.248,0.005,0.002
Switzerland,1999,CHE,7142199.0,298852253696.0,,,,,,,,,,3.937,0.042,154.014,1.1,,,,0.0,0.0,0.0,,0.295,,68.617,18.375,4.506,16.1,52284.445,1.25,-0.486,-0.891,,,25542.924,182.433,,48.854,15.123,3.738,28.458,,,3984.534,,0.0,0.0,0.0,,7.621,,19.515,19.318,118.304,5601.673,40.008,16564.086,58.306,31.681,9.537,16.991,190.993,9175.229,65.531,26741.52,95.503,51.146,,,-3.468,-2.524,70.26,3466.867,24.761,9837.285,36.086,18.815,-2.965,-4.671,152.874,,,21404.377,,0.0,0.0,0.0,,40.938,2.391,0.749,,8.708,0.192,104.87,,334.765,1.092,,0.64,9607.31,373.426,19.297,19.515,120.733,5708.362,40.77,16904.234,59.417,32.331,25.0,0.006,0.03,1.4,0.01,4.14,0.015,0.008,0.0,0.0,0.009,0.42,0.003,1.242,0.004,0.002
Switzerland,2000,CHE,7182052.0,316330344448.0,,,,,19.493,0.14,0.227,,48.259,45.707,0.503,223.164,1.603,0.0,0.0,,0.0,0.0,0.0,0.0,0.44,54.68,61.75,16.949,-2.434,-9.09,50728.715,1.152,-2.326,-4.244,366.191,2.63,24810.326,178.189,4.259,48.908,-0.556,-0.158,28.3,0.0,0.0,3940.378,,0.0,0.0,0.0,0.0,7.768,2.98,-7.926,-9.376,108.928,4713.138,33.85,15166.64,54.818,29.898,-2.418,-4.846,186.147,8231.63,59.12,25918.389,95.741,51.092,-7.07,-12.93,6.062,4.259,74.519,3497.608,25.12,10375.742,40.68,20.453,-3.001,-4.588,148.286,366.191,2.63,20646.783,,0.0,0.0,0.0,4.259,40.7,2.659,0.14,0.0,11.215,0.268,19.493,0.0,370.243,0.227,0.0,0.73,8597.821,364.336,-7.569,-9.105,111.628,4734.023,34.0,15542.646,55.061,30.639,10.0,0.003,0.033,1.392,0.01,4.529,0.016,0.009,0.0,0.0,0.009,0.0,0.0,1.235,0.0,0.002
Switzerland,2001,CHE,7224413.0,326784483328.0,,,,,19.379,0.14,0.21,,47.426,4.506,0.072,231.853,1.675,0.0,0.0,,0.0,0.0,0.0,0.0,0.43,56.19,66.63,17.123,6.804,24.79,53862.719,1.191,6.531,11.637,376.501,2.72,26275.676,189.826,4.082,48.783,4.083,1.156,29.456,0.0,0.0,4077.225,,0.0,0.0,0.0,0.0,7.57,3.16,12.177,12.47,121.398,5300.085,38.29,16803.836,57.467,31.198,7.653,13.153,199.3,8846.394,63.91,27587.045,95.918,51.217,-10.44,-18.58,1.379,0.537,75.056,3525.546,25.47,10389.222,38.226,19.288,7.02,10.41,158.696,376.501,2.72,21966.6,,0.0,0.0,0.0,4.082,40.783,2.796,0.14,0.0,5.162,0.137,19.379,0.0,387.072,0.21,0.0,0.719,9222.895,389.127,12.025,12.616,124.244,5320.847,38.44,17197.82,57.692,31.929,18.182,0.006,0.038,1.384,0.01,5.286,0.015,0.01,33.333,0.003,0.012,0.0,0.0,1.627,0.0,0.003
Switzerland,2002,CHE,7276479.0,333238534144.0,,,,,19.24,0.14,0.229,,50.221,-7.794,-0.131,212.252,1.544,0.0,0.0,,0.0,0.0,0.0,0.0,0.426,56.62,61.13,16.875,-6.908,-26.882,49782.922,1.087,-4.715,-8.951,383.427,2.79,24857.545,180.875,4.564,49.932,-1.848,-0.544,28.911,0.0,0.0,3973.228,,0.0,0.0,0.0,0.0,7.981,3.07,-14.885,-18.737,102.661,4441.708,32.32,14108.57,52.871,28.34,-8.273,-17.931,181.369,8017.614,58.34,24925.377,95.436,50.068,-4.51,-7.965,1.578,0.692,75.748,3555.291,25.87,10410.004,42.32,20.911,-5.215,-8.276,150.42,383.427,2.79,20672.062,,0.0,0.0,0.0,4.564,41.524,2.902,0.14,0.0,3.767,0.105,19.24,0.0,398.78,0.229,0.0,0.801,8401.042,362.244,-14.485,-18.623,105.621,4462.323,32.47,14515.373,53.116,29.157,15.385,0.006,0.044,1.374,0.01,6.017,0.016,0.012,25.0,0.003,0.015,0.0,0.0,2.006,0.0,0.004
Switzerland,2003,CHE,7330729.0,339510165504.0,,,,,19.098,0.14,0.229,,50.917,2.698,0.042,216.365,1.586,0.0,0.0,,0.0,0.0,0.0,0.0,0.443,57.97,61.08,17.044,-1.073,-3.885,48884.531,1.056,-1.296,-2.343,390.139,2.86,24353.93,178.532,4.682,49.819,5.698,1.647,30.558,0.0,0.0,4168.526,,0.0,0.0,0.0,0.0,8.527,3.11,-1.151,-1.832,100.829,4358.366,31.95,13754.293,52.308,28.136,-0.204,-1.542,179.827,7941.911,58.22,24530.6,95.318,50.181,-3.11,-5.365,0.93,0.215,75.963,3561.719,26.11,10362.235,42.747,21.197,-2.681,-4.032,146.388,390.139,2.86,19969.039,,0.0,0.0,0.0,4.682,40.849,2.969,0.14,0.0,2.31,0.067,19.098,0.0,404.973,0.229,0.0,0.828,8332.05,358.359,-1.055,-1.756,103.864,4380.192,32.11,14168.365,52.57,28.983,20.0,0.008,0.052,2.728,0.02,7.121,0.033,0.015,0.0,-0.0,0.015,0.0,0.0,1.978,0.0,0.004
Switzerland,2004,CHE,7381153.0,355558785024.0,,,,,20.322,0.15,0.251,,52.305,-5.079,-0.081,203.973,1.506,0.0,0.0,,0.0,0.0,0.0,0.0,0.426,58.95,59.65,16.89,-1.451,-5.199,47846.156,0.993,0.098,0.175,395.602,2.92,24211.266,178.707,4.895,50.602,3.163,0.967,31.525,0.0,0.0,4271.013,,0.0,0.0,0.0,0.0,8.927,3.12,-2.921,-3.568,97.261,4191.757,30.94,13176.897,51.869,27.54,-2.38,-5.374,174.453,7685.792,56.73,23634.889,95.105,49.398,-0.7,-1.187,-1.924,-1.936,74.026,3469.648,25.61,10029.115,42.934,20.961,-0.486,-0.711,145.677,395.602,2.92,19736.281,,0.0,0.0,0.0,4.895,41.249,3.096,0.15,0.0,4.301,0.128,20.322,0.0,419.506,0.251,0.0,0.877,8081.394,353.16,-2.728,-3.438,100.426,4216.144,31.12,13605.773,52.171,28.437,0.0,-0.0,0.052,2.71,0.02,7.027,0.034,0.015,20.0,0.003,0.017,1.355,0.01,2.342,0.017,0.005
Switzerland,2005,CHE,7428437.0,373064302592.0,,,,,21.539,0.16,0.297,,57.111,11.439,0.172,225.859,1.678,0.0,0.0,,0.0,0.0,0.0,0.0,0.495,60.28,53.93,15.919,-4.071,-14.376,45606.344,0.908,2.035,3.637,399.815,2.97,24546.771,182.344,5.507,53.823,2.661,0.839,32.364,0.0,0.0,4356.756,,0.0,0.0,0.0,0.0,9.553,3.08,-7.472,-7.837,89.424,3858.147,28.66,12038.08,53.143,26.396,-9.855,-18.013,156.44,6860.124,50.96,21059.57,94.493,46.177,6.35,10.534,-13.416,-10.337,63.689,2976.4,22.11,8573.709,40.998,18.799,1.803,2.626,148.302,399.815,2.97,19964.156,,0.0,0.0,0.0,5.507,43.775,3.243,0.16,0.0,4.742,0.147,21.539,0.0,436.603,0.297,0.0,0.957,7259.939,338.784,-7.111,-7.676,92.75,3883.724,28.85,12485.862,53.495,27.377,16.667,0.008,0.06,2.692,0.02,8.095,0.037,0.018,33.333,0.006,0.023,1.346,0.01,3.084,0.019,0.007
Switzerland,2006,CHE,7475014.0,395138629632.0,,,,,21.405,0.16,0.276,,55.412,7.947,0.133,242.289,1.811,0.0,0.0,,0.0,0.0,0.0,0.0,0.514,60.63,57.93,16.432,4.06,13.754,47162.109,0.892,1.607,2.931,414.715,3.1,24785.934,185.275,5.351,52.555,-2.764,-0.894,31.469,0.0,0.0,4209.951,,0.0,0.0,0.0,0.0,8.927,3.21,-0.858,-1.325,88.099,3781.933,28.27,11785.799,48.8,24.99,7.767,10.823,167.262,7335.104,54.83,22376.176,94.649,47.445,2.7,4.453,19.183,11.74,75.429,3527.753,26.37,10090.828,45.52,21.396,2.49,3.692,151.995,414.715,3.1,20333.695,,0.0,0.0,0.0,5.351,43.114,3.623,0.16,0.0,11.713,0.38,21.405,0.0,484.702,0.276,0.0,1.028,7749.818,352.537,-0.431,-0.917,91.833,3807.351,28.46,12285.347,49.128,26.049,14.286,0.008,0.068,2.676,0.02,9.136,0.035,0.019,87.5,0.02,0.043,1.338,0.01,5.71,0.017,0.012
Switzerland,2007,CHE,7541909.0,419030794240.0,,,,,19.889,0.15,0.242,,52.208,11.963,0.217,268.868,2.028,0.0,0.0,,0.0,0.0,0.0,0.0,0.582,60.0,62.06,17.803,-1.119,-3.944,46220.898,0.832,-8.365,-15.499,399.103,3.01,22511.066,169.776,4.85,48.703,-2.63,-0.828,30.642,0.0,0.0,4062.853,,0.0,0.0,0.0,0.0,8.79,3.24,13.861,11.584,99.683,4290.691,32.36,13217.245,52.143,28.596,7.441,11.555,178.817,7829.583,59.05,23709.83,95.15,51.297,-2.06,-3.433,0.381,-0.186,75.243,3512.373,26.49,9976.688,42.684,21.585,-9.795,-14.888,137.107,399.103,3.01,18179.348,,0.0,0.0,0.0,4.85,39.331,3.764,0.15,0.0,3.877,0.14,19.889,0.0,499.026,0.242,0.0,1.08,8228.687,348.594,13.51,11.741,103.574,4317.209,32.56,13733.143,52.465,29.712,20.833,0.014,0.082,3.978,0.03,10.873,0.048,0.024,6.667,0.003,0.045,2.652,0.02,5.999,0.032,0.013
Switzerland,2008,CHE,7638288.0,436420476928.0,,,6.726,0.051,19.638,0.15,0.239,0.014,52.296,-10.137,-0.206,238.564,1.822,0.0,0.0,,0.0,0.0,0.0,0.0,0.506,61.59,62.72,17.413,3.326,11.595,47155.75,0.825,6.381,10.834,397.995,3.04,23645.391,180.61,4.847,50.143,6.545,2.006,32.647,0.0,0.0,4274.154,,0.0,0.0,0.0,0.0,9.064,3.28,2.23,1.59,101.273,4347.833,33.21,13258.567,52.95,28.117,1.052,0.762,179.579,7813.27,59.68,23510.357,95.153,49.857,-1.13,-1.835,-0.805,-1.069,74.174,3439.252,26.27,9710.838,41.885,20.593,6.589,9.034,146.141,397.995,3.04,19132.674,,0.0,0.0,0.0,4.847,40.573,3.923,0.15,0.0,4.241,0.16,19.638,0.0,513.625,0.239,0.0,1.089,8211.264,360.189,2.463,1.831,105.405,4374.017,33.41,13799.521,53.268,29.264,27.586,0.022,0.104,3.928,0.03,13.612,0.048,0.029,18.75,0.008,0.053,2.618,0.02,6.99,0.032,0.015
Switzerland,2009,CHE,7734402.0,434943557632.0,14.502,0.007,7.606,0.059,16.808,0.13,0.209,0.016,52.006,-5.64,-0.103,222.311,1.719,0.0,0.0,,0.0,0.0,0.0,0.0,0.479,60.14,62.3,17.346,-0.287,-1.032,46436.273,0.826,0.495,0.894,387.877,3.0,23467.168,181.505,4.815,50.536,-4.016,-1.311,31.336,0.0,0.0,4051.523,,0.0,0.0,0.0,0.0,8.725,3.24,-0.866,-1.497,99.776,4244.672,32.83,12900.227,52.697,27.78,-0.459,-1.927,177.652,7667.044,59.3,22969.1,95.185,49.464,-2.16,-3.592,-0.05,-0.495,73.68,3396.513,26.27,9526.224,42.167,20.515,1.579,2.308,148.449,387.877,3.0,19193.334,,0.0,0.0,0.0,4.815,41.333,3.923,0.13,0.0,0.0,0.0,16.808,0.0,507.243,0.209,0.0,1.092,8054.921,359.157,-0.759,-1.432,103.973,4270.53,33.03,13442.876,53.018,28.949,45.946,0.047,0.151,6.465,0.05,19.498,0.08,0.042,21.053,0.011,0.064,2.586,0.02,8.305,0.032,0.018
Switzerland,2010,CHE,7822444.0,455990116352.0,57.271,0.034,11.827,0.093,17.897,0.14,0.226,0.026,55.6,0.323,0.006,220.519,1.725,0.0,0.0,,0.0,0.0,0.0,0.0,0.493,62.57,62.05,17.74,-2.611,-9.376,44714.965,0.767,-3.86,-7.005,424.42,3.32,22307.521,174.499,5.351,49.888,11.701,3.667,35.003,0.0,0.0,4474.66,,0.0,0.0,0.0,0.0,10.007,3.45,0.944,0.324,100.099,4251.868,33.26,12796.417,53.602,28.618,-0.765,-2.371,175.281,7507.884,58.73,22407.443,94.649,50.112,0.52,0.831,-3.499,-3.015,70.665,3221.5,25.2,9033.637,40.612,20.203,-7.193,-10.677,137.772,424.42,3.32,17612.342,,0.0,0.0,0.0,5.351,39.388,4.06,0.14,0.0,3.499,0.137,17.897,0.0,519.081,0.226,0.0,1.161,7932.304,349.78,1.261,0.643,104.616,4286.384,33.53,13373.808,54.037,29.909,74.074,0.11,0.261,11.505,0.09,33.353,0.145,0.075,60.87,0.038,0.103,5.113,0.04,13.128,0.064,0.029
Switzerland,2011,CHE,7910988.0,472720965632.0,8.027,0.007,12.633,0.1,18.961,0.15,0.253,0.03,57.601,-7.568,-0.131,201.548,1.594,0.0,0.0,,0.0,0.0,0.0,0.0,0.48,61.79,59.2,17.829,-5.074,-17.746,41971.254,0.702,-4.715,-8.229,422.198,3.34,21017.709,166.271,5.642,50.076,-11.301,-3.956,31.047,0.0,0.0,3924.569,,0.0,0.0,0.0,0.0,9.351,3.41,-10.179,-10.737,89.362,3780.817,29.91,11295.946,50.524,26.914,-4.79,-9.518,165.763,7061.065,55.86,20953.545,94.358,49.924,2.59,4.192,1.408,0.558,71.223,3230.949,25.56,9003.104,43.176,21.451,-3.007,-4.142,133.629,422.198,3.34,16891.59,,0.0,0.0,0.0,5.642,40.246,4.421,0.15,0.0,8.884,0.361,18.961,0.0,558.869,0.253,0.0,1.332,7483.263,332.034,-9.168,-10.076,94.54,3830.116,30.3,11950.443,51.182,28.473,78.723,0.203,0.463,21.489,0.17,58.584,0.287,0.14,89.189,0.09,0.193,8.848,0.07,24.41,0.118,0.058
Switzerland,2012,CHE,7995738.0,477669457920.0,13.048,0.013,14.13,0.113,18.76,0.15,0.234,0.032,56.88,-9.93,-0.158,179.61,1.436,0.0,0.0,,0.0,0.0,0.0,0.0,0.409,61.97,64.17,18.286,5.691,18.896,43889.645,0.735,3.208,5.334,438.984,3.51,21462.041,171.605,5.47,48.9,9.618,2.986,34.033,0.0,0.0,4256.434,,0.0,0.0,0.0,0.0,9.698,3.65,19.173,16.488,105.85,4474.884,35.78,13238.293,55.758,30.163,8.58,13.562,179.325,7586.542,60.66,22427.6,94.53,51.1,-2.2,-3.55,-4.754,-3.797,67.427,3044.122,24.34,8432.828,37.931,19.214,1.876,2.506,136.135,438.984,3.51,17025.998,,0.0,0.0,0.0,5.47,38.793,4.874,0.15,0.0,10.253,0.453,18.76,0.0,609.637,0.234,0.0,1.389,8025.525,350.93,19.096,17.359,111.899,4542.42,36.32,13994.771,56.6,31.886,77.976,0.356,0.82,37.52,0.3,102.534,0.468,0.234,25.714,0.048,0.241,11.256,0.09,30.177,0.14,0.069
Switzerland,2013,CHE,8088370.0,486174916608.0,9.185,0.01,15.251,0.123,18.545,0.15,0.232,0.034,56.397,7.737,0.111,191.29,1.547,0.0,0.0,,0.0,0.0,0.0,0.0,0.43,62.32,64.72,17.975,2.598,9.116,44514.031,0.741,4.824,8.279,430.247,3.48,22239.803,179.884,5.377,49.961,5.313,1.808,35.842,0.0,0.0,4431.26,,0.0,0.0,0.0,0.0,9.955,3.65,-0.361,-1.018,104.832,4405.09,35.63,12960.884,55.053,29.116,1.068,0.837,180.162,7571.365,61.24,22274.229,94.623,50.039,-2.4,-3.851,2.161,1.042,68.469,3074.785,24.87,8465.062,38.427,19.017,4.671,6.359,142.495,430.247,3.48,17617.252,,0.0,0.0,0.0,5.377,39.577,5.13,0.15,0.0,5.239,0.255,18.545,0.0,634.228,0.232,0.0,1.425,8001.613,360.046,0.379,-0.205,111.694,4496.58,36.37,13809.167,56.196,31.022,67.224,0.543,1.363,61.817,0.5,168.478,0.773,0.378,2.273,0.004,0.245,11.127,0.09,30.326,0.139,0.068
Switzerland,2014,CHE,8187792.0,495886106624.0,102.767,0.127,30.549,0.25,17.099,0.14,0.212,0.073,54.443,2.334,0.036,193.377,1.583,0.0,0.0,,0.0,0.0,0.0,0.0,0.461,60.45,65.94,19.184,-4.532,-16.318,41980.578,0.693,-10.845,-19.509,411.588,3.37,19587.031,160.375,5.111,46.657,-13.377,-4.794,31.047,0.0,0.0,3791.892,,0.0,0.0,0.0,0.0,9.032,3.59,-1.104,-1.778,103.054,4289.312,35.12,12586.325,53.261,29.981,2.534,3.192,183.354,7641.865,62.57,22393.551,94.889,53.343,-5.49,-9.082,6.027,3.692,72.161,3220.649,26.37,8813.185,39.991,20.993,-10.352,-14.751,127.744,411.588,3.37,15601.763,,0.0,0.0,0.0,5.111,37.164,5.334,0.14,0.0,3.983,0.204,17.099,0.0,651.479,0.212,0.0,1.552,8053.453,343.728,0.292,-0.5,111.193,4421.217,36.2,13580.364,54.898,32.349,68.4,0.918,2.281,102.592,0.84,278.593,1.274,0.664,12.222,0.028,0.274,12.213,0.1,33.418,0.152,0.08
Switzerland,2015,CHE,8281735.0,500062388224.0,132.127,0.33,70.109,0.581,14.49,0.12,0.193,0.173,56.798,-8.596,-0.136,174.749,1.447,0.0,0.0,,0.0,0.0,0.0,0.0,0.431,61.12,62.15,18.492,-2.22,-7.631,40582.914,0.672,2.233,3.581,402.09,3.33,19797.25,163.956,5.358,48.782,6.844,2.125,33.172,0.0,0.0,4005.468,,0.0,0.0,0.0,0.0,9.87,3.53,0.583,-0.016,103.038,4272.052,35.38,12441.608,56.927,30.657,-5.435,-11.212,172.141,7102.376,58.82,20785.664,94.642,51.218,-1.03,-1.685,-16.212,-12.058,60.102,2667.315,22.09,7257.205,35.543,17.882,1.246,1.592,129.336,402.09,3.33,15617.034,,0.0,0.0,0.0,5.358,38.482,5.111,0.12,0.0,-4.189,-0.223,14.49,0.0,617.107,0.193,0.0,1.521,7504.466,336.097,1.878,0.846,112.039,4435.061,36.73,13528.459,59.099,33.335,32.898,0.732,3.013,135.237,1.12,363.865,1.802,0.897,8.911,0.023,0.296,13.282,0.11,35.769,0.177,0.088
Switzerland,2016,CHE,8372902.0,508579282944.0,60.382,0.351,111.218,0.931,17.915,0.15,0.261,0.295,64.0,-8.061,-0.117,158.912,1.331,0.0,0.0,,0.0,0.0,0.0,0.0,0.421,61.42,57.5,18.189,-5.944,-19.976,37755.191,0.622,-3.385,-5.55,440.707,3.69,18918.787,158.405,6.417,50.109,5.058,1.678,34.85,0.0,0.0,4162.236,,0.0,0.0,0.0,0.0,11.024,3.68,-9.497,-10.338,92.7,3819.464,31.98,11071.463,55.617,29.324,-7.553,-14.426,157.715,6426.685,53.81,18836.402,93.583,49.891,3.92,6.382,-8.418,-5.385,54.717,2417.322,20.24,6535.013,35.2,17.309,-5.498,-7.112,122.225,440.707,3.69,14597.639,,0.0,0.0,0.0,6.417,38.664,5.507,0.15,0.0,7.745,0.396,17.915,0.0,657.664,0.261,0.0,1.742,6867.392,316.121,-7.07,-9.041,102.998,4009.363,33.57,12301.389,58.383,32.582,19.124,0.555,3.568,158.846,1.33,426.195,2.313,1.129,-0.909,-0.004,0.292,13.138,0.11,34.85,0.191,0.092
Switzerland,2017,CHE,8451688.0,517730729984.0,58.687,0.547,174.843,1.478,18.931,0.16,0.283,0.466,64.995,-3.758,-0.05,151.515,1.281,0.0,0.0,,,,,0.0,0.404,62.17,56.62,17.87,0.23,0.726,37489.188,0.612,1.963,3.11,434.233,3.67,19110.35,161.515,6.482,50.976,0.422,0.147,34.997,0.0,0.0,4140.856,,,,,0.0,11.045,3.68,-1.538,-1.963,90.738,3724.7,31.48,10736.039,55.599,28.638,-0.456,-2.383,155.332,6265.021,52.95,18378.84,93.518,49.024,5.55,8.927,-3.637,-2.3,52.417,2307.231,19.5,6201.917,34.44,16.543,2.465,3.012,125.237,434.233,3.67,14817.979,,,,,6.482,39.526,5.867,0.16,0.0,6.551,0.361,18.931,0.0,694.213,0.283,0.0,1.852,6699.253,316.847,1.294,-0.083,102.916,3957.789,33.45,12176.923,59.078,32.481,26.257,0.91,4.479,198.777,1.68,529.948,2.967,1.414,22.018,0.062,0.354,15.382,0.13,41.879,0.23,0.112
Switzerland,2018,CHE,8514431.0,531971145728.0,28.459,0.421,222.946,1.898,17.617,0.15,0.241,0.59,58.776,-6.941,-0.089,139.958,1.192,0.0,0.0,,,,,0.0,0.37,60.68,62.27,19.351,1.562,4.948,37794.062,0.605,-3.973,-6.417,415.765,3.54,18215.83,155.097,5.685,48.198,-5.143,-1.8,33.197,0.0,0.0,3898.936,,,,,0.0,10.316,3.66,1.507,0.829,91.566,3770.07,32.1,10754.269,51.55,28.455,8.447,11.365,166.698,6897.701,58.73,19578.232,94.315,51.802,-1.59,-2.62,18.946,9.566,61.983,2866.897,24.41,7279.755,39.2,19.262,-3.616,-4.528,120.709,415.765,3.54,14176.936,,,,,5.685,37.511,5.781,0.15,0.0,-1.469,-0.086,17.617,0.0,678.974,0.241,0.0,1.797,7313.466,321.795,2.953,1.799,104.715,4030.803,34.32,12298.478,55.115,32.541,15.567,0.667,5.146,229.023,1.95,604.379,3.132,1.599,-8.271,-0.031,0.323,14.094,0.12,37.91,0.193,0.1
Switzerland,2019,CHE,8575593.0,,9.604,0.182,242.615,2.081,17.492,0.15,0.226,0.62,56.842,-11.189,-0.133,123.412,1.058,0.0,0.0,,,,,0.0,0.315,60.24,66.5,19.804,4.349,13.995,39156.449,,2.189,3.395,417.464,3.58,18481.787,158.492,5.383,47.2,2.594,0.861,34.058,0.0,0.0,3971.543,,,,,0.0,10.143,3.78,8.74,7.636,99.202,4100.008,35.16,11567.958,52.872,29.543,6.761,10.6,177.298,7337.102,62.92,20674.666,94.617,52.8,-6.26,-10.392,3.547,1.962,63.945,2947.901,25.28,7456.623,38.015,19.043,2.21,2.667,123.376,417.464,3.58,14386.831,,,,,5.383,36.742,5.944,0.15,0.0,2.816,0.163,17.492,0.0,693.116,0.226,0.0,1.77,7754.566,335.79,8.704,8.638,113.353,4389.201,37.64,13218.043,56.602,33.757,11.979,0.595,5.741,254.21,2.18,669.475,3.278,1.71,19.672,0.062,0.385,17.492,0.15,44.878,0.226,0.115
Switzerland,2020,CHE,8638609.0,,-0.422,-0.009,239.829,2.072,19.679,0.17,0.252,0.671,57.567,-3.937,-0.042,117.689,1.017,0.0,0.0,,,,,0.0,0.329,61.84,67.4,21.814,-7.987,-26.818,35766.375,,-13.509,-21.41,419.049,3.62,15868.566,137.082,5.371,44.367,-2.675,-0.911,33.147,0.0,0.0,3837.102,,,,,0.0,10.728,3.88,-0.453,-0.812,98.39,4383.808,37.87,11389.559,56.187,31.844,-2.809,-5.408,171.889,7383.133,63.78,19897.807,94.629,55.633,-5.56,-8.991,-9.059,-6.006,57.939,2661.308,22.99,6706.966,34.11,18.752,-16.581,-20.457,102.918,419.049,3.62,11913.775,,,,,5.371,33.31,6.282,0.17,0.0,5.693,0.338,19.679,0.0,727.23,0.252,0.0,2.033,7802.182,308.972,0.79,0.598,113.951,4721.825,40.79,13190.842,60.519,36.881,19.33,1.085,6.826,300.974,2.6,790.142,3.858,2.209,-0.685,-0.004,0.381,17.364,0.15,44.083,0.223,0.123
Switzerland,2021,CHE,8691409.0,,-11.74,-0.243,210.386,1.829,12.656,0.11,0.181,0.612,47.101,1.093,0.011,118.252,1.028,0.0,0.0,,,,,0.0,0.344,63.38,60.72,20.327,-3.322,-10.263,34368.309,,2.463,3.377,260.027,2.26,16160.662,140.459,3.722,47.022,8.732,2.894,36.042,0.0,0.0,4146.815,,,,,0.0,12.066,2.86,-2.386,-2.699,95.691,4252.475,36.96,11009.783,60.87,32.035,-7.914,-13.639,158.25,6726.182,58.46,18207.643,96.278,52.978,2.66,4.197,-19.4,-11.411,46.528,2111.28,18.35,5353.327,30.221,15.576,0.458,0.471,103.389,260.027,2.26,11895.596,,,,,3.722,34.612,6.384,0.11,0.0,1.626,0.102,12.656,0.0,734.565,0.181,0.0,2.137,6986.209,298.709,-1.946,-2.228,111.722,4614.902,40.11,12854.315,66.057,37.402,9.35,0.611,7.437,332.512,2.89,855.626,4.76,2.49,0.69,0.001,0.382,17.258,0.15,43.955,0.247,0.128
Switzerland,2022,CHE,8740471.0,,-0.62,-0.011,207.908,1.817,12.585,0.11,0.177,0.623,45.622,0.0,0.0,117.588,1.028,0.0,0.0,,,,,0.0,0.353,65.19,62.25,21.355,-2.413,-7.208,33350.754,,-2.277,-3.198,258.567,2.26,15704.048,137.261,3.631,47.088,-17.751,-6.398,29.644,0.0,0.0,3391.58,,,,,0.0,10.169,2.84,-19.154,-18.61,77.08,3902.536,34.11,8818.778,54.795,26.443,-1.972,-4.01,154.241,6863.475,59.99,17646.705,96.369,52.912,2.94,4.51,24.733,11.296,57.824,2632.581,23.01,6615.663,36.964,19.837,3.095,3.2,106.589,258.567,2.26,12194.879,,,,,3.631,36.566,7.399,0.11,0.0,15.897,1.015,12.585,0.0,846.557,0.177,0.0,2.538,7122.042,291.501,-13.378,-15.306,96.416,4230.893,36.98,11031.041,59.406,33.076,31.222,2.286,9.723,308.908,2.7,1112.399,4.337,3.335,4.249,0.015,0.397,6.865,0.06,45.4,0.096,0.136
Syria,1900,SYR,1768504.0,,,,,,,,,,,,,,,,,,,,,,,,,,,,,,,,,,,,,,,,,,,,,,0.0,0.0,,,,,,,,,,,,,,,,,,,,,,,,,,,,,,,,,,,,,,0.0,0.0,,,,,,,,,,,,,,,,,,,,,,,,,,,,,,,,,,,,,,,
Syria,1901,SYR,1785069.0,,,,,,,,,,,,,,,,,,,,,,,,,,,,,,,,,,,,,,,,,,,,,0.0,0.0,0.0,,,,,,,,,,,,,,,,,,,,,,,,,,,,,,,,,,,,,0.0,0.0,0.0,,,,,,,,,,,,,,,,,,,,,,,,,,,,,,,,,,,,,,,
Syria,1902,SYR,1805265.0,,,,,,,,,,,,,,,,,,,,,,,,,,,,,,,,,,,,,,,,,,,,,0.0,0.0,0.0,,,,,,,,,,,,,,,,,,,,,,,,,,,,,,,,,,,,,0.0,0.0,0.0,,,,,,,,,,,,,,,,,,,,,,,,,,,,,,,,,,,,,,,
Syria,1903,SYR,1829152.0,,,,,,,,,,,,,,,,,,,,,,,,,,,,,,,,,,,,,,,,,,,,,0.0,0.0,0.0,,,,,,,,,,,,,,,,,,,,,,,,,,,,,,,,,,,,,0.0,0.0,0.0,,,,,,,,,,,,,,,,,,,,,,,,,,,,,,,,,,,,,,,
Syria,1904,SYR,1853355.0,,,,,,,,,,,,,,,,,,,,,,,,,,,,,,,,,,,,,,,,,,,,,0.0,0.0,0.0,,,,,,,,,,,,,,,,,,,,,,,,,,,,,,,,,,,,,0.0,0.0,0.0,,,,,,,,,,,,,,,,,,,,,,,,,,,,,,,,,,,,,,,
Syria,1905,SYR,1877878.0,,,,,,,,,,,,,,,,,,,,,,,,,,,,,,,,,,,,,,,,,,,,,0.0,0.0,0.0,,,,,,,,,,,,,,,,,,,,,,,,,,,,,,,,,,,,,0.0,0.0,0.0,,,,,,,,,,,,,,,,,,,,,,,,,,,,,,,,,,,,,,,
Syria,1906,SYR,1902726.0,,,,,,,,,,,,,,,,,,,,,,,,,,,,,,,,,,,,,,,,,,,,,0.0,0.0,0.0,,,,,,,,,,,,,,,,,,,,,,,,,,,,,,,,,,,,,0.0,0.0,0.0,,,,,,,,,,,,,,,,,,,,,,,,,,,,,,,,,,,,,,,
Syria,1907,SYR,1927903.0,,,,,,,,,,,,,,,,,,,,,,,,,,,,,,,,,,,,,,,,,,,,,0.0,0.0,0.0,,,,,,,,,,,,,,,,,,,,,,,,,,,,,,,,,,,,,0.0,0.0,0.0,,,,,,,,,,,,,,,,,,,,,,,,,,,,,,,,,,,,,,,
Syria,1908,SYR,1953412.0,,,,,,,,,,,,,,,,,,,,,,,,,,,,,,,,,,,,,,,,,,,,,0.0,0.0,0.0,,,,,,,,,,,,,,,,,,,,,,,,,,,,,,,,,,,,,0.0,0.0,0.0,,,,,,,,,,,,,,,,,,,,,,,,,,,,,,,,,,,,,,,
Syria,1909,SYR,1979657.0,,,,,,,,,,,,,,,,,,,,,,,,,,,,,,,,,,,,,,,,,,,,,0.0,0.0,0.0,,,,,,,,,,,,,,,,,,,,,,,,,,,,,,,,,,,,,0.0,0.0,0.0,,,,,,,,,,,,,,,,,,,,,,,,,,,,,,,,,,,,,,,
Syria,1910,SYR,2006651.0,,,,,,,,,,,,,,,,,,,,,,,,,,,,,,,,,,,,,,,,,,,,,0.0,0.0,0.0,,,,,,,,,,,,,,,,,,,,,,,,,,,,,,,,,,,,,0.0,0.0,0.0,,,,,,,,,,,,,,,,,,,,,,,,,,,,,,,,,,,,,,,
Syria,1911,SYR,2034411.0,,,,,,,,,,,,,,,,,,,,,,,,,,,,,,,,,,,,,,,,,,,,,0.0,0.0,0.0,,,,,,,,,,,,,,,,,,,,,,,,,,,,,,,,,,,,,0.0,0.0,0.0,,,,,,,,,,,,,,,,,,,,,,,,,,,,,,,,,,,,,,,
Syria,1912,SYR,2062953.0,,,,,,,,,,,,,,,,,,,,,,,,,,,,,,,,,,,,,,,,,,,,,0.0,0.0,0.0,,,,,,,,,,,,,,,,,,,,,,,,,,,,,,,,,,,,,0.0,0.0,0.0,,,,,,,,,,,,,,,,,,,,,,,,,,,,,,,,,,,,,,,
Syria,1913,SYR,2092293.0,4131568128.0,,,,,,,,,,,,,,,,,,,,,,,,,,,,,,,,,,,,,,,,,,,,0.0,0.0,0.0,,,,,,,,,,,,,,,,,,,,,,,,,,,,,,,,,,,,,0.0,0.0,0.0,,,,,,,,,,,,,,,,,,,,,,,,,,,,,,,,,,,,,,,
Syria,1914,SYR,2122050.0,,,,,,,,,,,,,,,,,,,,,,,,,,,,,,,,,,,,,,,,,,,,,0.0,0.0,0.0,,,,,,,,,,,,,,,,,,,,,,,,,,,,,,,,,,,,,0.0,0.0,0.0,,,,,,,,,,,,,,,,,,,,,,,,,,,,,,,,,,,,,,,
Syria,1915,SYR,2152230.0,,,,,,,,,,,,,,,,,,,,,,,,,,,,,,,,,,,,,,,,,,,,,0.0,0.0,0.0,,,,,,,,,,,,,,,,,,,,,,,,,,,,,,,,,,,,,0.0,0.0,0.0,,,,,,,,,,,,,,,,,,,,,,,,,,,,,,,,,,,,,,,
Syria,1916,SYR,2182840.0,,,,,,,,,,,,,,,,,,,,,,,,,,,,,,,,,,,,,,,,,,,,,0.0,0.0,0.0,,,,,,,,,,,,,,,,,,,,,,,,,,,,,,,,,,,,,0.0,0.0,0.0,,,,,,,,,,,,,,,,,,,,,,,,,,,,,,,,,,,,,,,
Syria,1917,SYR,2213884.0,,,,,,,,,,,,,,,,,,,,,,,,,,,,,,,,,,,,,,,,,,,,,0.0,0.0,0.0,,,,,,,,,,,,,,,,,,,,,,,,,,,,,,,,,,,,,0.0,0.0,0.0,,,,,,,,,,,,,,,,,,,,,,,,,,,,,,,,,,,,,,,
Syria,1918,SYR,2245164.0,,,,,,,,,,,,,,,,,,,,,,,,,,,,,,,,,,,,,,,,,,,,,0.0,0.0,0.0,,,,,,,,,,,,,,,,,,,,,,,,,,,,,,,,,,,,,0.0,0.0,0.0,,,,,,,,,,,,,,,,,,,,,,,,,,,,,,,,,,,,,,,
Syria,1919,SYR,2276885.0,,,,,,,,,,,,,,,,,,,,,,,,,,,,,,,,,,,,,,,,,,,,,0.0,0.0,0.0,,,,,,,,,,,,,,,,,,,,,,,,,,,,,,,,,,,,,0.0,0.0,0.0,,,,,,,,,,,,,,,,,,,,,,,,,,,,,,,,,,,,,,,
Syria,1920,SYR,2309054.0,,,,,,,,,,,,,,,,,,,,,,,,,,,,,,,,,,,,,,,,,,,,,0.0,0.0,0.0,,,,,,,,,,,,,,,,,,,,,,,,,,,,,,,,,,,,,0.0,0.0,0.0,,,,,,,,,,,,,,,,,,,,,,,,,,,,,,,,,,,,,,,
Syria,1921,SYR,2341678.0,,,,,,,,,,,,,,,,,,,,,,,,,,,,,,,,,,,,,,,,,,,,,0.0,0.0,0.0,,,,,,,,,,,,,,,,,,,,,,,,,,,,,,,,,,,,,0.0,0.0,0.0,,,,,,,,,,,,,,,,,,,,,,,,,,,,,,,,,,,,,,,
Syria,1922,SYR,2374763.0,,,,,,,,,,,,,,,,,,,,,,,,,,,,,,,,,,,,,,,,,,,,,0.0,0.0,0.0,,,,,,,,,,,,,,,,,,,,,,,,,,,,,,,,,,,,,0.0,0.0,0.0,,,,,,,,,,,,,,,,,,,,,,,,,,,,,,,,,,,,,,,
Syria,1923,SYR,2408315.0,,,,,,,,,,,,,,,,,,,,,,,,,,,,,,,,,,,,,,,,,,,,,0.0,0.0,0.0,,,,,,,,,,,,,,,,,,,,,,,,,,,,,,,,,,,,,0.0,0.0,0.0,,,,,,,,,,,,,,,,,,,,,,,,,,,,,,,,,,,,,,,
Syria,1924,SYR,2442341.0,,,,,,,,,,,,,,,,,,,,,,,,,,,,,,,,,,,,,,,,,,,,,0.0,0.0,0.0,,,,,,,,,,,,,,,,,,,,,,,,,,,,,,,,,,,,,0.0,0.0,0.0,,,,,,,,,,,,,,,,,,,,,,,,,,,,,,,,,,,,,,,
Syria,1925,SYR,2476848.0,,,,,,,,,,,,,,,,,,,,,,,,,,,,,,,,,,,,,,,,,,,,,0.0,0.0,0.0,,,,,,,,,,,,,,,,,,,,,,,,,,,,,,,,,,,,,0.0,0.0,0.0,,,,,,,,,,,,,,,,,,,,,,,,,,,,,,,,,,,,,,,
Syria,1926,SYR,2511843.0,,,,,,,,,,,,,,,,,,,,,,,,,,,,,,,,,,,,,,,,,,,,,0.0,0.0,0.0,,,,,,,,,,,,,,,,,,,,,,,,,,,,,,,,,,,,,0.0,0.0,0.0,,,,,,,,,,,,,,,,,,,,,,,,,,,,,,,,,,,,,,,
Syria,1927,SYR,2547331.0,,,,,,,,,,,,,,,,,,,,,,,,,,,,,,,,,,,,,,,,,,,,,0.0,0.0,0.0,,,,,,,,,,,,,,,,,,,,,,,,,,,,,,,,,,,,,0.0,0.0,0.0,,,,,,,,,,,,,,,,,,,,,,,,,,,,,,,,,,,,,,,
Syria,1928,SYR,2583322.0,,,,,,,,,,,,,,,,,,,,,,,,,,,,,,,,,,,,,,,,,,,,,0.0,0.0,0.0,,,,,,,,,,,,,,,,,,,,,,,,,,,,,,,,,,,,,0.0,0.0,0.0,,,,,,,,,,,,,,,,,,,,,,,,,,,,,,,,,,,,,,,
Syria,1929,SYR,2619821.0,,,,,,,,,,,,,,,,,,,,,,,,,,,,,,,,,,,,,,,,,,,,,0.0,0.0,0.0,,,,,,,,,,,,,,,,,,,,,,,,,,,,,,,,,,,,,0.0,0.0,0.0,,,,,,,,,,,,,,,,,,,,,,,,,,,,,,,,,,,,,,,
Syria,1930,SYR,2656835.0,,,,,,,,,,,,,,,,,,,,,,,,,,,,,,,,,,,,,,,,,,,,,0.0,0.0,0.0,,,,,,,,,,,,,,,,,,,,,,,,,,,,,,,,,,,,,0.0,0.0,0.0,,,,,,,,,,,,,,,,,,,,,,,,,,,,,,,,,,,,,,,
Syria,1931,SYR,2694373.0,,,,,,,,,,,,,,,,,,,,,,,,,,,,,,,,,,,,,,,,,,,,,0.0,0.0,0.0,,,,,,,,,,,,,,,,,,,,,,,,,,,,,,,,,,,,,0.0,0.0,0.0,,,,,,,,,,,,,,,,,,,,,,,,,,,,,,,,,,,,,,,
Syria,1932,SYR,2732440.0,,,,,,,,,,,,,,,,,,,,,,,,,,,,,,,,,,,,,,,,,,,,,0.0,0.0,0.0,,,,,,,,,,,,,,,,,,,,,,,,,,,,,,,,,,,,,0.0,0.0,0.0,,,,,,,,,,,,,,,,,,,,,,,,,,,,,,,,,,,,,,,
Syria,1933,SYR,2771046.0,,,,,,,,,,,,,,,,,,,,,,,,,,,,,,,,,,,,,,,,,,,,,0.0,0.0,0.0,,,,,,,,,,,,,,,,,,,,,,,,,,,,,,,,,,,,,0.0,0.0,0.0,,,,,,,,,,,,,,,,,,,,,,,,,,,,,,,,,,,,,,,
Syria,1934,SYR,2810197.0,,,,,,,,,,,,,,,,,,,,,,,,,,,,,,,,,,,,,,,,,,,,,0.0,0.0,0.0,,,,,,,,,,,,,,,,,,,,,,,,,,,,,,,,,,,,,0.0,0.0,0.0,,,,,,,,,,,,,,,,,,,,,,,,,,,,,,,,,,,,,,,
Syria,1935,SYR,2849902.0,,,,,,,,,,,,,,,,,,,,,,,,,,,,,,,,,,,,,,,,,,,,,0.0,0.0,0.0,,,,,,,,,,,,,,,,,,,,,,,,,,,,,,,,,,,,,0.0,0.0,0.0,,,,,,,,,,,,,,,,,,,,,,,,,,,,,,,,,,,,,,,
Syria,1936,SYR,2890167.0,,,,,,,,,,,,,,,,,,,,,,,,,,,,,,,,,,,,,,,,,,,,,0.0,0.0,0.0,,,,,,,,,,,,,,,,,,,,,,,,,,,,,,,,,,,,,0.0,0.0,0.0,,,,,,,,,,,,,,,,,,,,,,,,,,,,,,,,,,,,,,,
Syria,1937,SYR,2931001.0,,,,,,,,,,,,,,,,,,,,,,,,,,,,,,,,,,,,,,,,,,,,,0.0,0.0,0.0,,,,,,,,,,,,,,,,,,,,,,,,,,,,,,,,,,,,,0.0,0.0,0.0,,,,,,,,,,,,,,,,,,,,,,,,,,,,,,,,,,,,,,,
Syria,1938,SYR,2972412.0,,,,,,,,,,,,,,,,,,,,,,,,,,,,,,,,,,,,,,,,,,,,,0.0,0.0,0.0,,,,,,,,,,,,,,,,,,,,,,,,,,,,,,,,,,,,,0.0,0.0,0.0,,,,,,,,,,,,,,,,,,,,,,,,,,,,,,,,,,,,,,,
Syria,1939,SYR,3014408.0,,,,,,,,,,,,,,,,,,,,,,,,,,,,,,,,,,,,,,,,,,,,,0.0,0.0,0.0,,,,,,,,,,,,,,,,,,,,,,,,,,,,,,,,,,,,,0.0,0.0,0.0,,,,,,,,,,,,,,,,,,,,,,,,,,,,,,,,,,,,,,,
Syria,1940,SYR,3056998.0,,,,,,,,,,,,,,,,,,,,,,,,,,,,,,,,,,,,,,,,,,,,,0.0,0.0,0.0,,,,,,,,,,,,,,,,,,,,,,,,,,,,,,,,,,,,,0.0,0.0,0.0,,,,,,,,,,,,,,,,,,,,,,,,,,,,,,,,,,,,,,,
Syria,1941,SYR,3100189.0,,,,,,,,,,,,,,,,,,,,,,,,,,,,,,,,,,,,,,,,,,,,,0.0,0.0,0.0,,,,,,,,,,,,,,,,,,,,,,,,,,,,,,,,,,,,,0.0,0.0,0.0,,,,,,,,,,,,,,,,,,,,,,,,,,,,,,,,,,,,,,,
Syria,1942,SYR,3143990.0,,,,,,,,,,,,,,,,,,,,,,,,,,,,,,,,,,,,,,,,,,,,,0.0,0.0,0.0,,,,,,,,,,,,,,,,,,,,,,,,,,,,,,,,,,,,,0.0,0.0,0.0,,,,,,,,,,,,,,,,,,,,,,,,,,,,,,,,,,,,,,,
Syria,1943,SYR,3188411.0,,,,,,,,,,,,,,,,,,,,,,,,,,,,,,,,,,,,,,,,,,,,,0.0,0.0,0.0,,,,,,,,,,,,,,,,,,,,,,,,,,,,,,,,,,,,,0.0,0.0,0.0,,,,,,,,,,,,,,,,,,,,,,,,,,,,,,,,,,,,,,,
Syria,1944,SYR,3233459.0,,,,,,,,,,,,,,,,,,,,,,,,,,,,,,,,,,,,,,,,,,,,,0.0,0.0,0.0,,,,,,,,,,,,,,,,,,,,,,,,,,,,,,,,,,,,,0.0,0.0,0.0,,,,,,,,,,,,,,,,,,,,,,,,,,,,,,,,,,,,,,,
Syria,1945,SYR,3279143.0,,,,,,,,,,,,,,,,,,,,,,,,,,,,,,,,,,,,,,,,,,,,,0.0,0.0,0.0,,,,,,,,,,,,,,,,,,,,,,,,,,,,,,,,,,,,,0.0,0.0,0.0,,,,,,,,,,,,,,,,,,,,,,,,,,,,,,,,,,,,,,,
Syria,1946,SYR,3325473.0,,,,,,,,,,,,,,,,,,,,,,,,,,,,,,,,,,,,,,,,,,,,,0.0,0.0,0.0,,,,,,,,,,,,,,,,,,,,,,,,,,,,,,,,,,,,,0.0,0.0,0.0,,,,,,,,,,,,,,,,,,,,,,,,,,,,,,,,,,,,,,,
Syria,1947,SYR,3372457.0,,,,,,,,,,,,,,,,,,,,,,,,,,,,,,,,,,,,,,,,,,,,,0.0,0.0,0.0,,,,,,,,,,,,,,,,,,,,,,,,,,,,,,,,,,,,,0.0,0.0,0.0,,,,,,,,,,,,,,,,,,,,,,,,,,,,,,,,,,,,,,,
Syria,1948,SYR,3420106.0,,,,,,,,,,,,,,,,,,,,,,,,,,,,,,,,,,,,,,,,,,,,,0.0,0.0,0.0,,,,,,,,,,,,,,,,,,,,,,,,,,,,,,,,,,,,,0.0,0.0,0.0,,,,,,,,,,,,,,,,,,,,,,,,,,,,,,,,,,,,,,,
Syria,1949,SYR,3477013.0,,,,,,,,,,,,,,,,,,,,,,,,,,,,,,,,,,,,,,,,,,,,,0.0,0.0,0.0,,,,,,,,,,,,,,,,,,,,,,,,,,,,,,,,,,,,,0.0,0.0,0.0,,,,,,,,,,,,,,,,,,,,,,,,,,,,,,,,,,,,,,,
Syria,1950,SYR,3543542.0,13413810176.0,,,,,,,,,,,,,,,,,,,,,,,,,,,,,,,,,,,,,,,,,,,,0.0,0.0,0.0,,,,,,,,,,,,,,,,,,,,,,,,,,,,,,,,,,,,,0.0,0.0,0.0,,,,,,,,,,,,,,,,,,,,,,,,,,,,,,,,,,,,,,,
Syria,1951,SYR,3620732.0,12907866112.0,,,,,,,,,,,,,,,,,,,,,,,,,,,,,,,,,,,,,,,,,,,,0.0,0.0,0.0,,,,,,,,,,,,,,,,,,,,,,,,,,,,,,,,,,,,,0.0,0.0,0.0,,,,,,,,,,,,,,,,,,,,,,,,,,,,,,,,,,,,,,,
Syria,1952,SYR,3703008.0,16260938752.0,,,,,,,,,,,,,,,,,,,,,,,,,,,,,,,,,,,,,,,,,,,,0.0,0.0,0.0,,,,,,,,,,,,,,,,,,,,,,,,,,,,,,,,,,,,,0.0,0.0,0.0,,,,,,,,,,,,,,,,,,,,,,,,,,,,,,,,,,,,,,,
Syria,1953,SYR,3791085.0,18435559424.0,,,,,,,,,,,,,,,,,,,,,,,,,,,,,,,,,,,,,,,,,,,,0.0,0.0,0.0,,,,,,,,,,,,,,,,,,,,,,,,,,,,,,,,,,,,,0.0,0.0,0.0,,,,,,,,,,,,,,,,,,,,,,,,,,,,,,,,,,,,,,,
Syria,1954,SYR,3886087.0,21146224640.0,,,,,,,,,,,,,,,,,,,,,,,,,,,,,,,,,,,,,,,,,,,,0.0,0.0,0.0,,,,,,,,,,,,,,,,,,,,,,,,,,,,,,,,,,,,,0.0,0.0,0.0,,,,,,,,,,,,,,,,,,,,,,,,,,,,,,,,,,,,,,,
Syria,1955,SYR,3989103.0,19077832704.0,,,,,,,,,,,,,,,,,,,,,,,,,,,,,,,,,,,,,,,,,,,,0.0,0.0,0.0,,,,,,,,,,,,,,,,,,,,,,,,,,,,,,,,,,,,,0.0,0.0,0.0,,,,,,,,,,,,,,,,,,,,,,,,,,,,,,,,,,,,,,,
Syria,1956,SYR,4099493.0,22597138432.0,,,,,,,,,,,,,,,,,,,,,,,,,,,,,,,,,,,,,,,,,,,,0.0,0.0,0.0,,,,,,,,,,,,,,,,,,,,,,,,,,,,,,,,,,,,,0.0,0.0,0.0,,,,,,,,,,,,,,,,,,,,,,,,,,,,,,,,,,,,,,,
Syria,1957,SYR,4216851.0,23990618112.0,,,,,,,,,,,,,,,,,,,,,,,,,,,,,,,,,,,,,,,,,,,,0.0,0.0,0.0,,,,,,,,,,,,,,,,,,,,,,,,,,,,,,,,,,,,,0.0,0.0,0.0,,,,,,,,,,,,,,,,,,,,,,,,,,,,,,,,,,,,,,,
Syria,1958,SYR,4341279.0,20672970752.0,,,,,,,,,,,,,,,,,,,,,,,,,,,,,,,,,,,,,,,,,,,,0.0,0.0,0.0,,,,,,,,,,,,,,,,,,,,,,,,,,,,,,,,,,,,,0.0,0.0,0.0,,,,,,,,,,,,,,,,,,,,,,,,,,,,,,,,,,,,,,,
Syria,1959,SYR,4472569.0,21452394496.0,,,,,,,,,,,,,,,,,,,,,,,,,,,,,,,,,,,,,,,,,,,,0.0,0.0,0.0,,,,,,,,,,,,,,,,,,,,,,,,,,,,,,,,,,,,,0.0,0.0,0.0,,,,,,,,,,,,,,,,,,,,,,,,,,,,,,,,,,,,,,,
Syria,1960,SYR,4610717.0,21842393088.0,,,,,,,,,,,,,,,,,,,,,,,,,,,,,,,,,,,,,,,,,,,,0.0,0.0,0.0,,,,,,,,,,,,,,,,,,,,,,,,,,,,,,,,,,,,,0.0,0.0,0.0,,,,,,,,,,,,,,,,,,,,,,,,,,,,,,,,,,,,,,,
Syria,1961,SYR,4751535.0,23639822336.0,,,,,,,,,,,,,,,,,,,,,,,,,,,,,,,,,,,,,,,,,,,,0.0,0.0,0.0,,,,,,,,,,,,,,,,,,,,,,,,,,,,,,,,,,,,,0.0,0.0,0.0,,,,,,,,,,,,,,,,,,,,,,,,,,,,,,,,,,,,,,,
Syria,1962,SYR,4895005.0,29254291456.0,,,,,,,,,,,,,,,,,,,,,,,,,,,,,,,,,,,,,,,,,,,,0.0,0.0,0.0,,,,,,,,,,,,,,,,,,,,,,,,,,,,,,,,,,,,,0.0,0.0,0.0,,,,,,,,,,,,,,,,,,,,,,,,,,,,,,,,,,,,,,,
Syria,1963,SYR,5045257.0,29234716672.0,,,,,,,,,,,,,,,,,,,,,,,,,,,,,,,,,,,,,,,,,,,,0.0,0.0,0.0,,,,,,,,,,,,,,,,,,,,,,,,,,,,,,,,,,,,,0.0,0.0,0.0,,,,,,,,,,,,,,,,,,,,,,,,,,,,,,,,,,,,,,,
Syria,1964,SYR,5202847.0,29894062080.0,,,,,,,,,,,,,,,,,,,,,,,,,,,,,,,,,,,,,,,,,,,,0.0,0.0,0.0,,,,,,,,,,,,,,,,,,,,,,,,,,,,,,,,,,,,,0.0,0.0,0.0,,,,,,,,,,,,,,,,,,,,,,,,,,,,,,,,,,,,,,,
Syria,1965,SYR,5368454.0,29814265856.0,,,,,,,,,,,,,,,,,,,,,,,,,,,,,,,,,,,,,,,,,,,,0.0,0.0,0.0,,,,,,,,,,,,,,,,,,,,,,,,,,,,,,,,,,,,,0.0,0.0,0.0,,,,,,,,,,,,,,,,,,,,,,,,,,,,,,,,,,,,,,,
Syria,1966,SYR,5542003.0,27524417536.0,,,,,,,,,,,,,,,,,,,,,,,,,,,,,,,,,,,,,,,,,,,,0.0,0.0,0.0,,,,,,,,,,,,,,,,,,,,,,,,,,,,,,,,,,,,,0.0,0.0,0.0,,,,,,,,,,,,,,,,,,,,,,,,,,,,,,,,,,,,,,,
Syria,1967,SYR,5723310.0,29801539584.0,,,,,,,,,,,,,,,,,,,,,,,,,,,,,,,,,,,,,,,,,,,,0.0,0.0,0.0,,,,,,,,,,,,,,,,,,,,,,,,,,,,,,,,,,,,,0.0,0.0,0.0,,,,,,,,,,,,,,,,,,,,,,,,,,,,,,,,,,,,,,,
Syria,1968,SYR,5912721.0,30919368704.0,,,,,,,,,,,,,,,,,,,,,,,,,,,,,,,,,,,,,,,,,,,,0.0,0.0,0.0,,,,,,,,,,,,,,,,,,,,,,,,,,,,,,,,,,,,,12.195,2062.475,12.195,,,,,,,,,,,,,,,,,,,,,,,,,,,,,,,,,,,,,,,
Syria,1969,SYR,6111367.0,36713906176.0,,,,,,,,,,,,,,,,,,,,,,,,,,,,,,,,,,,,,,,,,,,,1.204,197.063,1.204,,,,,,,,,,,,,,,,,,,,,,,,,,,,,,,,,,,,151.691,18.499,5022.34,30.693,,,,,,,,,,,,,,,,,,,,,,,,,,,,,,,,,,,,,,,
Syria,1970,SYR,6319206.0,35314192384.0,,,,,,,,,,,,,,,,,,,,,,,,,,,,,,,,,,,,,,,,,,,70.0,0.843,323.989,2.047,,,,,,,,,,,,,,,,,,,,,,,,,,,,,,,,,,,,60.377,18.532,7789.777,49.225,,,,,,,,,,,,,,,,,,,,,,,,,,,,,,,,,,,,,,,
Syria,1971,SYR,6538533.0,38820257792.0,,,,,,,,,,,,,,,,,,,,,,,,,,,,,,,,,,,,,,,,,,,16.471,0.337,364.694,2.385,,,,,,,,,,,,,,,,,,,,,,,,,,,,,,,,,,,,24.706,12.162,9388.455,61.387,,,,,,,,,,,,,,,,,,,,,,,,,,,,,,,,,,,,,,,
Syria,1972,SYR,6768549.0,48536588288.0,,,,,,,,,,,,,,,,,,,,,,,,,,,,,,,,,,,,,,,,,,,14.646,0.349,403.9,2.734,,,,,,,,,,,,,,,,,,,,,,,,,,,,,,,,,,,,10.68,6.556,10037.998,67.943,,,,,,,,,,,,,,,,,,,,,,,,,,,,,,,,,,,,,,,
Syria,1973,SYR,7003117.0,44381138944.0,,,,,,,,,,,,,,,,,,,,,,,,,,,,,,,,,,,,,,,,,,,-12.775,-0.349,340.5,2.385,,,,,,,,,,,,,,,,,,,,,,,,,,,,,,,,,,,,-5.387,-3.66,9179.103,64.282,,,,,,,,,,,,,,,,,,,,,,,,,,,,,,,,,,,,,,,
Syria,1974,SYR,7244912.0,55096369152.0,,,,,,,,,,,,,,,,,,,,,,,,,,,,,,,,,,,,,,,,,,,-9.091,-0.217,299.215,2.168,,,,,,,,,,,,,,,,,,,,,,,,,,,,,,,,,,,,16.216,10.424,10311.58,74.706,,,,,,,,,,,,,,,,,,,,,,,,,,,,,,,,,,,,,,,
Syria,1975,SYR,7497127.0,65835233280.0,,,,,,,,,,,,,,,,,,,,,,,,,,,,,,,,,,,,,,,,,,,-100.0,-2.168,0.0,0.0,,,,,,,,,,,,,,,,,,,,,,,,,,,,,,,,,,,,48.837,36.485,14831.154,111.191,,,,,,,,,,,,,,,,,,,,,,,,,,,,,,,,,,,,,,,
Syria,1976,SYR,7758679.0,73066455040.0,,,,,,,,,,,,,,,,,,,,,,,,,,,,,,,,,,,,,,,,,,,,0.314,40.471,0.314,,,,,,,,,,,,,,,,,,,,,,,,,,,,,,,,,,,,4.974,5.531,15044.062,116.722,,,,,,,,,,,,,,,,,,,,,,,,,,,,,,,,,,,,,,,
Syria,1977,SYR,8029311.0,72138178560.0,,,,,,,,,,,,,,,,,,,,,,,,,,,,,,,,,,,,,,,,,,,11.306,0.036,43.528,0.35,,,,,,,,,,,,,,,,,,,,,,,,,,,,,,,,,,,,-9.204,-10.743,13199.011,105.979,,,,,,,,,,,,,,,,,,,,,,,,,,,,,,,,,,,,,,,
Syria,1978,SYR,8310218.0,78433656832.0,,,,,,,,,,,,,,,,,,,,,,,,,,,,,,,,,,,,,,,,,,,-3.577,-0.012,40.552,0.337,,,,,,,,,,,,,,,,,,,,,,,,,,,,,,,,,,,,-2.186,-2.316,12474.101,103.662,,,,,,,,,,,,,,,,,,,,,,,,,,,,,,,,,,,,,,,
Syria,1979,SYR,8600753.0,81274363904.0,,,,,,,,,,,,,,,,,,,,,,,,,,,,,,,,,,,,,,,,,,,3.116,0.01,40.403,0.347,,,,,,,,,,,,,,,,,,,,,,,,,,,,,,,,,,,,-6.704,-6.949,11244.719,96.713,,,,,,,,,,,,,,,,,,,,,,,,,,,,,,,,,,,,,,,
Syria,1980,SYR,8898957.0,91017142272.0,,,,,,,,,,,,,,,,,,0.0,0.0,,,,,,,,9067.262,0.887,,,,,,,,,,,,,,,34.604,0.12,52.562,0.468,,,,,,,,,,,,,,,,,,,,,,,,,,,,,,,,,,,,-5.13,-4.961,10310.383,91.752,,,,,,,,,,,,,,,80.689,,,,,,,,,,,,,,,,,,,,,,,,
Syria,1981,SYR,9203642.0,99661258752.0,,,,,,,,,,,,,,,,,0.0,0.0,0.0,,,,,,5.02,4.05,9207.172,0.85,,,,,,,,,,,,,,,0.909,0.004,51.284,0.472,,,,,,,,,,,,,,,,,,,,,,,,,,,,,,,,,,,,3.514,3.224,10319.359,94.976,,,,,,,,,,,,,,,84.74,,,,,,,,,,,,,,,,,,,,,,,,
Syria,1982,SYR,9510755.0,101793316864.0,,,,,,,,,,,,,,,,,0.0,0.0,0.0,,,,,,1.8,1.525,9070.228,0.847,,,,,,,,,,,,,,,4.343,0.02,51.783,0.492,,,,,,,,,,,,,,,,,,,,,,,,,,,,,,,,,,,,-5.488,-5.212,9438.116,89.764,,,,,,,,,,,,,,,86.265,,,,,,,,,,,,,,,,,,,,,,,,
Syria,1983,SYR,9835461.0,103242924032.0,,,,,,,,,,,,,,,,,0.0,0.0,0.0,,,,,,12.39,10.688,9857.446,0.939,,,,,,,,,,,,,,,51.777,0.255,76.001,0.748,,,,,,,,,,,,,,,,,,,,,,,,,,,,,,,,,,,,3.871,3.475,9479.813,93.238,,,,,,,,,,,,,,,96.953,,,,,,,,,,,,,,,,,,,,,,,,
Syria,1984,SYR,10183141.0,99037093888.0,,,,,,,,,,,,,,,,,0.0,0.0,0.0,,,,,,11.548,11.196,10620.313,1.092,,,,,,,,,,,,,,,68.896,0.515,123.979,1.262,,,,,,,,,,,,,,,,,,,,,,,,,,,,,,,,,,,,0.897,0.836,9238.258,94.074,,,,,,,,,,,,,,,108.148,,,,,,,,,,,,,,,,,,,,,,,,
Syria,1985,SYR,10540930.0,105078923264.0,,,,,,,,,,,,,,,,,0.0,0.0,0.0,,,,,,4.414,4.774,10712.741,1.075,,,,,,,,,,,,,,,18.812,0.238,142.302,1.5,,,,,,,,,,,,,,,,,,,,,,,,,,,,,,,,,,,,-1.935,-1.82,8752.03,92.255,,,,,,,,,,,,,,,112.922,,,,,,,,,,,,,,,,,,,,,,,,
Syria,1986,SYR,10907622.0,99884048384.0,,,,,,,,,,,,,,,,,0.0,0.0,0.0,,,,,,0.088,0.099,10361.691,1.132,,,,,,,,,,,,,,,152.85,2.293,347.716,3.793,,,,,,,,,,,,,,,,,,,,,,,,,,,,,,,,,,,,25.8,23.802,10639.956,116.057,,,,,,,,,,,,,,,113.021,,,,,,,,,,,,,,,,,,,,,,,,
Syria,1987,SYR,11281108.0,101803982848.0,,,,,,,,,,,,,,,,,0.0,0.0,0.0,,,,,,11.784,13.319,11199.284,1.241,,,,,,,,,,,,,,,-1.542,-0.059,331.018,3.734,,,,,,,,,,,,,,,,,,,,,,,,,,,,,,,,,,,,15.07,17.49,11838.066,133.547,,,,,,,,,,,,,,,126.34,,,,,,,,,,,,,,,,,,,,,,,,
Syria,1988,SYR,11657770.0,115309895680.0,,,,,,,,,,,,,,,,,0.0,0.0,0.0,,,,,,4.871,6.154,11365.334,1.149,,,,,,,,,,,,,,,136.554,5.099,757.735,8.833,,,,,,,,,,,,,,,,,,,,,,,,,,,,,,,,,,,,16.449,21.967,13339.935,155.514,,,,,,,,,,,,,,,132.494,,,,,,,,,,,,,,,,,,,,,,,,
Syria,1989,SYR,12034101.0,104981143552.0,,,,,,,,,,,,,,,,,0.0,0.0,0.0,,,,,,6.879,9.114,11767.298,1.349,,,,,,,,,,,,,,,63.687,5.626,1201.523,14.459,,,,,,,,,,,,,,,,,,,,,,,,,,,,,,,,,,,,26.652,41.447,16366.935,196.961,,,,,,,,,,,,,,,141.609,,,,,,,,,,,,,,,,,,,,,,,,
Syria,1990,SYR,12409003.0,113006346240.0,,,,,,,,,,,,,,,,,0.0,0.0,0.0,,,,,,15.827,22.412,13217.924,1.451,,,,,,,,,,,,,,,10.115,1.463,1283.081,15.922,,,,,,,,,,,,,,,,,,,,,,,,,,,,,,,,,,,,19.424,38.257,18955.443,235.218,,,,,,,,,,,,,,,164.021,,,,,,,,,,,,,,,,,,,,,,,,
Syria,1991,SYR,12782284.0,120675663872.0,,,,,,,,,,,,,,,,,0.0,0.0,0.0,,,,,,-7.262,-11.911,11900.062,1.26,,,,,,,,,,,,,,,16.718,2.662,1453.848,18.583,,,,,,,,,,,,,,,,,,,,,,,,,,,,,,,,,,,,16.043,37.736,21354.088,272.954,,,,,,,,,,,,,,,152.11,,,,,,,,,,,,,,,,,,,,,,,,
Syria,1992,SYR,13156408.0,131799334912.0,,,,,,,,,,,,,,,,,0.0,0.0,0.0,,,,,,3.041,4.626,11913.307,1.189,,,,,,,,,,,,,,,3.436,0.638,1461.037,19.222,,,,,,,,,,,,,,,,,,,,,,,,,,,,,,,,,,,,9.226,25.183,22660.951,298.137,,,,,,,,,,,,,,,156.736,,,,,,,,,,,,,,,,,,,,,,,,
Syria,1993,SYR,13537067.0,136522850304.0,,,,,,,,,,,,,,,,,0.0,0.0,0.0,,,,,,10.952,17.166,12846.352,1.274,,,,,,,,,,,,,,,-1.025,-0.197,1405.4,19.025,,,,,,,,,,,,,,,,,,,,,,,,,,,,,,,,,,,,9.724,28.992,24165.395,327.129,,,,,,,,,,,,,,,173.902,,,,,,,,,,,,,,,,,,,,,,,,
Syria,1994,SYR,13922629.0,138964369408.0,,,,,,,,,,,,,,,,,0.0,0.0,0.0,,,,,,6.291,10.94,13276.386,1.33,,,,,,,,,,,,,,,8.399,1.598,1481.258,20.623,,,,,,,,,,,,,,,,,,,,,,,,,,,,,,,,,,,,-0.506,-1.656,23377.238,325.473,,,,,,,,,,,,,,,184.842,,,,,,,,,,,,,,,,,,,,,,,,
Syria,1995,SYR,14313451.0,141281067008.0,,,,,,,,,,,,,,,,,0.0,0.0,0.0,,,,,,-3.787,-7.001,12424.795,1.259,,,,,,,,,,,,,,,26.1,5.382,1816.857,26.005,,,,,,,,,,,,,,,,,,,,,,,,,,,,,,,,,,,,5.812,18.916,24060.463,344.388,,,,,,,,,,,,,,,177.842,,,,,,,,,,,,,,,,,,,,,,,,
Syria,1996,SYR,14708883.0,140306432000.0,,,,,,,,,,,,,,,,,0.0,0.0,0.0,,,,,,7.828,13.922,13037.239,1.367,,,,,,,,,,,,,,,6.552,1.704,1883.862,27.709,,,,,,,,,,,,,,,,,,,,,,,,,,,,,,,,,,,,-1.414,-4.869,23082.574,339.519,,,,,,,,,,,,,,,191.763,,,,,,,,,,,,,,,,,,,,,,,,
Syria,1997,SYR,15104000.0,133840109568.0,,,,,,,,,,,,,,,,,0.0,0.0,0.0,,,,,,6.27,12.024,13492.298,1.523,,,,,,,,,,,,,,,55.102,15.268,2845.471,42.978,,,,,,,,,,,,,,,,,,,,,,,,,,,,,,,,,,,,-1.803,-6.122,22073.396,333.397,,,,,,,,,,,,,,,203.788,,,,,,,,,,,,,,,,,,,,,,,,
Syria,1998,SYR,15500556.0,136275861504.0,,,,,,,,,,,,,,,,,0.0,0.0,0.0,,,,,,7.644,15.577,14152.055,1.61,,,,,,,,,,,,,,,26.096,11.216,3496.245,54.194,,,,,,,,,,,,,,,,,,,,,,,,,,,,,,,,,,,,-0.17,-0.567,21472.074,332.829,,,,,,,,,,,,,,,219.365,,,,,,,,,,,,,,,,,,,,,,,,
Syria,1999,SYR,15901207.0,127372288000.0,,,,,,,,,,,,,,,,,0.0,0.0,0.0,,,,,,2.936,6.441,14200.536,1.773,,,,,,,,,,,,,,,-0.87,-0.471,3378.517,53.722,,,,,,,,,,,,,,,,,,,,,,,,,,,,,,,,,,,,0.466,1.551,21028.615,334.38,,,,,,,,,,,,,,,225.806,,,,,,,,,,,,,,,,,,,,,,,,
Syria,2000,SYR,16307659.0,125737189376.0,,,,,1.226,0.02,0.084,,528.452,,,,,0.0,0.0,,0.0,0.0,0.0,0.0,,23.9,23.9,,-3.556,-8.029,13354.251,1.732,,,1268.116,20.68,,,86.527,,,,,562.926,9.18,,0.0,0.0,3294.311,53.722,38.41,,12.63,,,,196.227,3.2,,13.389,,,,,197.453,3.22,,13.473,,0.0,0.0,,,,0.0,0.0,,0.0,,,,,705.19,11.5,,-2.279,-7.621,20037.189,326.76,48.117,,,0.02,0.0,,,1.226,0.0,,0.084,0.0,,1465.569,217.777,,,,197.453,3.22,,13.473,,,,,0.0,0.0,,0.0,,,,,0.0,0.0,,0.0,
Syria,2001,SYR,16727949.0,125802782720.0,,,,,1.196,0.02,0.079,,528.436,,,,,0.0,0.0,,0.0,0.0,0.0,0.0,,25.32,25.32,,-1.18,-2.57,12865.062,1.711,,,1310.382,21.92,,,86.572,,,,,581.661,9.73,,2.456,1.32,3290.421,55.042,38.428,,13.38,,,,202.057,3.38,,13.349,,,,,203.253,3.4,,13.428,,0.0,0.0,,,,0.0,0.0,,0.0,,,,,728.72,12.19,,6.425,20.993,20788.719,347.753,48.144,,,0.02,0.0,,,1.196,0.0,,0.079,0.0,,1513.634,215.206,,,,203.253,3.4,,13.428,,,,,0.0,0.0,,0.0,,,,,0.0,0.0,,0.0,
Syria,2002,SYR,17164026.0,128537526272.0,,,,,1.748,0.03,0.113,,553.039,,,,,0.0,0.0,,0.0,0.0,0.0,0.0,,26.49,26.49,,8.234,17.721,13570.627,1.812,,,1400.021,24.03,,,90.713,,,,,621.649,10.67,,10.616,5.843,3547.274,60.885,40.279,,14.65,,,,141.575,2.43,,9.173,,,,,143.323,2.46,,9.287,,0.0,0.0,,,,0.0,0.0,,0.0,,,,,778.372,13.36,,9.493,33.013,22183.953,380.766,50.434,,,0.03,0.0,,,1.748,0.0,,0.113,0.0,,1543.344,232.927,,,,143.323,2.46,,9.287,,,,,0.0,0.0,,0.0,,,,,0.0,0.0,,0.0,
Syria,2003,SYR,17611356.0,121572827136.0,,,,,1.703,0.03,0.107,,549.749,,,,,0.0,0.0,,0.0,0.0,0.0,0.0,,27.69,27.94,,-2.889,-6.73,12843.79,1.861,,,1429.759,25.18,,,90.122,,,,,634.818,11.18,,6.037,3.676,3665.887,64.561,40.014,,15.36,,,,155.014,2.73,,9.771,,,,,156.717,2.76,,9.878,,-0.25,-0.903,,,,0.0,0.0,,0.0,,,,,794.942,14.0,,-3.634,-13.839,20834.707,366.927,50.107,,,0.03,0.0,,,1.703,0.0,,0.107,0.0,,1586.476,226.197,,,,156.717,2.76,,9.878,,,,,0.0,0.0,,0.0,,,,,0.0,0.0,,0.0,
Syria,2004,SYR,18084010.0,125609369600.0,,,,,1.659,0.03,0.099,,527.303,,,,,0.0,0.0,,0.0,0.0,0.0,0.0,,29.85,30.4,,11.25,25.446,13915.218,2.003,,,1451.006,26.24,,,86.316,,,,,644.216,11.65,,-8.029,-5.184,3283.426,59.377,38.322,,16.03,,,,228.379,4.13,,13.586,,,,,230.037,4.16,,13.684,,-0.55,-1.843,,,,0.0,0.0,,0.0,,,,,806.79,14.59,,-25.548,-93.743,15106.436,273.185,47.993,,,0.03,0.0,,,1.659,0.0,,0.099,0.0,,1681.043,251.643,,,,230.037,4.16,,13.684,,,,,0.0,0.0,,0.0,,,,,0.0,0.0,,0.0,
Syria,2005,SYR,18583556.0,129115660288.0,,,,,1.614,0.03,0.091,,530.976,,,,,0.0,0.0,,0.0,0.0,0.0,0.0,,32.42,33.09,,12.979,32.661,15298.658,2.202,,,1548.681,28.78,,,86.975,,,,,687.705,12.78,,-3.175,-1.885,3093.73,57.493,38.622,,17.57,,,,230.311,4.28,,12.934,,,,,231.925,4.31,,13.025,,-0.67,-2.067,,,,0.0,0.0,,0.0,,,,,860.976,16.0,,-7.76,-21.2,13559.548,251.985,48.353,,,0.03,0.0,,,1.614,0.0,,0.091,0.0,,1780.607,284.303,,,,231.925,4.31,,13.025,,,,,0.0,0.0,,0.0,,,,,0.0,0.0,,0.0,
Syria,2006,SYR,19432012.0,131435757568.0,,,,,1.544,0.03,0.085,,541.95,,,,,0.0,0.0,,0.0,0.0,0.0,0.0,,34.5,35.28,,4.215,11.984,15247.384,2.254,,,1612.803,31.34,,,88.832,,,,,715.829,13.91,,2.459,1.414,3031.402,58.906,39.427,,19.12,,,,201.214,3.91,,11.083,,,,,202.758,3.94,,11.168,,-0.78,-2.261,,,,0.0,0.0,,0.0,,,,,896.974,17.43,,-6.205,-15.636,12162.836,236.348,49.405,,,0.03,0.0,,,1.544,0.0,,0.085,0.0,,1815.561,296.287,,,,202.758,3.94,,11.168,,,,,0.0,0.0,,0.0,,,,,0.0,0.0,,0.0,
Syria,2007,SYR,20703000.0,134655729664.0,,,,,1.449,0.03,0.082,,537.514,,,,,0.0,0.0,,0.0,0.0,0.0,0.0,,36.93,36.52,,3.17,9.392,14764.992,2.27,,,1596.387,33.05,,,90.498,,,,,826.45,17.11,,-4.0,-2.356,2731.488,56.55,46.851,,19.63,,,,166.16,3.44,,9.419,,,,,167.609,3.47,,9.502,,0.41,1.11,,,,0.0,0.0,,0.0,,,,,769.937,15.94,,-4.165,-9.845,10940.605,226.503,43.647,,,0.03,0.0,,,1.449,0.0,,0.082,0.0,,1763.996,305.68,,,,167.609,3.47,,9.502,,,,,0.0,0.0,,0.0,,,,,0.0,0.0,,0.0,
Syria,2008,SYR,21474060.0,136279523328.0,,,,,1.397,0.03,0.077,,549.561,,,,,0.0,0.0,,0.0,0.0,0.0,0.0,,38.7,38.74,,1.502,4.593,14448.704,2.277,,,1670.387,35.87,,,92.592,,,,,864.764,18.57,,-1.667,-0.943,2589.52,55.607,47.935,,21.29,,,,132.253,2.84,,7.331,,,,,133.65,2.87,,7.408,,-0.04,-0.103,,,,0.0,0.0,,0.0,,,,,805.623,17.3,,0.787,1.782,10630.747,228.285,44.657,,,0.03,0.0,,,1.397,0.0,,0.077,0.0,,1804.037,310.272,,,,133.65,2.87,,7.408,,,,,0.0,0.0,,0.0,,,,,0.0,0.0,,0.0,
Syria,2009,SYR,21827222.0,139559239680.0,,,,,1.374,0.03,0.073,,551.555,,,,,0.0,0.0,,0.0,0.0,0.0,0.0,,40.76,40.83,,-6.42,-19.921,13302.27,2.08,,,1784.469,38.95,,,95.396,,,,,1044.567,22.8,,10.339,5.749,2811.02,61.357,55.841,,22.52,,,,84.757,1.85,,4.531,,,,,86.131,1.88,,4.604,,-0.07,-0.172,,,,0.0,0.0,,0.0,,,,,739.902,16.15,,-1.542,-3.519,10297.507,224.766,39.554,,,0.03,0.0,,,1.374,0.0,,0.073,0.0,,1870.6,290.352,,,,86.131,1.88,,4.604,,,,,0.0,0.0,,0.0,,,,,0.0,0.0,,0.0,
Syria,2010,SYR,22337558.0,139183456256.0,,,,,1.343,0.03,0.069,,543.503,,,,,12.535,0.28,,0.0,0.0,0.0,0.639,,43.44,43.79,,3.489,10.131,13451.906,2.159,,,1843.979,41.19,,,94.063,,,,,1095.912,24.48,,37.327,22.903,3772.1,84.259,55.903,,23.8,,,,115.053,2.57,,5.869,,,,,116.396,2.6,,5.937,,-0.35,-0.806,,,,0.0,0.0,,0.0,,,,,735.533,16.43,,-4.122,-9.266,9647.431,215.5,37.52,,,0.03,0.0,,,1.343,0.0,,0.069,0.0,,1960.375,300.483,,,,116.396,2.6,,5.937,,,,,0.0,0.0,,0.0,,,,,0.0,0.0,,0.0,
Syria,2011,SYR,22730734.0,125945634816.0,,,,,1.32,0.03,0.076,,526.422,,,,,10.118,0.23,,0.0,0.0,0.0,0.582,,39.26,39.55,,-9.477,-28.478,11966.39,2.16,,,1595.637,36.27,,,91.707,,,,,981.49,22.31,,-11.969,-10.085,3263.192,74.175,56.41,,20.82,,,,142.978,3.25,,8.217,,,,,144.298,3.28,,8.293,,-0.29,-0.739,,,,0.0,0.0,,0.0,,,,,604.028,13.73,,-8.53,-18.383,8671.838,197.117,34.716,,,0.03,0.0,,,1.32,0.0,,0.076,0.0,,1739.935,272.005,,,,144.298,3.28,,8.293,,,,,0.0,0.0,,0.0,,,,,0.0,0.0,,0.0,
Syria,2012,SYR,22605582.0,98618941440.0,,,,,0.885,0.02,0.06,,518.697,,,,,8.405,0.19,,0.0,0.0,0.0,0.573,,33.16,33.16,,-22.723,-61.808,9298.453,2.131,,,1324.452,29.94,,,90.29,,,,,814.843,18.42,,-18.043,-13.384,2689.214,60.791,55.549,,17.2,,,,141.558,3.2,,9.65,,,,,142.443,3.22,,9.71,,0.0,0.0,,,,0.0,0.0,,0.0,,,,,501.204,11.33,,-52.335,-103.16,4156.355,93.957,34.168,,,0.02,0.0,,,0.885,0.0,,0.06,0.0,,1466.894,210.197,,,,142.443,3.22,,9.71,,,,,0.0,0.0,,0.0,,,,,0.0,0.0,,0.0,
Syria,2013,SYR,21495830.0,80675889152.0,,,,,0.465,0.01,0.042,,503.361,,,,,6.048,0.13,,0.0,0.0,0.0,0.546,,23.27,23.8,,-26.601,-55.915,7177.317,1.912,,,968.56,20.82,,,87.479,,,,,595.93,12.81,,-17.829,-10.839,2323.823,49.952,53.824,,11.98,,,,138.166,2.97,,12.479,,,,,138.632,2.98,,12.521,,-0.53,-2.278,,,,0.0,0.0,,0.0,,,,,366.583,7.88,,-66.747,-62.713,1453.481,31.244,33.109,,,0.01,0.0,,,0.465,0.0,,0.042,0.0,,1107.191,154.282,,,,138.632,2.98,,12.521,,,,,0.0,0.0,,0.0,,,,,0.0,0.0,,0.0,
Syria,2014,SYR,20072232.0,66107252736.0,,,,,0.498,0.01,0.05,,508.458,,,,,5.48,0.11,,0.0,0.0,0.0,0.547,,19.96,20.1,,-11.181,-17.25,6826.982,2.073,,,885.303,17.77,,,88.408,,,,,544.533,10.93,,-7.547,-3.77,2300.815,46.182,54.378,,10.22,,,,115.583,2.32,,11.542,,,,,116.081,2.33,,11.592,,-0.14,-0.701,,,,0.0,0.0,,0.0,,,,,335.289,6.73,,-45.656,-14.265,845.905,16.979,33.483,,,0.01,0.0,,,0.498,0.0,,0.05,0.0,,1001.383,137.033,,,,116.081,2.33,,11.592,,,,,0.0,0.0,,0.0,,,,,0.0,0.0,,0.0,
Syria,2015,SYR,19205178.0,54829457408.0,,,,,0.521,0.01,0.059,,557.783,,,,,5.728,0.11,,0.0,0.0,0.0,0.649,,16.7,16.96,,-10.968,-15.029,6352.633,2.225,,,861.226,16.54,,,97.524,,,,,529.545,10.17,,-12.245,-5.655,2110.238,40.528,59.965,,9.46,,,,21.348,0.41,,2.417,,,,,21.869,0.42,,2.476,,-0.26,-1.557,,,,0.0,0.0,,0.0,,,,,325.954,6.26,,-17.954,-3.048,725.369,13.931,36.91,,,0.01,0.0,,,0.521,0.0,,0.059,0.0,,883.095,122.003,,,,21.869,0.42,,2.476,,,,,0.0,0.0,,0.0,,,,,0.0,0.0,,0.0,
Syria,2016,SYR,18964252.0,53942173696.0,,,,,0.527,0.01,0.058,,541.909,,,,,5.273,0.1,,0.0,0.0,0.0,0.582,,17.11,17.18,,-2.577,-3.144,6267.527,2.203,,,856.875,16.25,,,94.587,,,,,527.308,10.0,,-12.791,-5.184,1863.704,35.344,58.207,,9.31,,,,48.512,0.92,,5.355,,,,,49.04,0.93,,5.413,,-0.07,-0.409,,,,0.0,0.0,,0.0,,,,,324.294,6.15,,-8.063,-1.123,675.354,12.808,35.797,,,0.01,0.0,,,0.527,0.0,,0.058,0.0,,905.915,118.859,,,,49.04,0.93,,5.413,,,,,0.0,0.0,,0.0,,,,,0.0,0.0,,0.0,
