country,year,iso_code,population,gdp,biofuel_cons_change_pct,biofuel_cons_change_twh,biofuel_cons_per_capita,biofuel_consumption,biofuel_elec_per_capita,biofuel_electricity,biofuel_share_elec,biofuel_share_energy,carbon_intensity_elec,coal_cons_change_pct,coal_cons_change_twh,coal_cons_per_capita,coal_consumption,coal_elec_per_capita,coal_electricity,coal_prod_change_pct,coal_prod_change_twh,coal_prod_per_capita,coal_production,coal_share_elec,coal_share_energy,electricity_demand,electricity_generation,electricity_share_energy,energy_cons_change_pct,energy_cons_change_twh,energy_per_capita,energy_per_gdp,fossil_cons_change_pct,fossil_cons_change_twh,fossil_elec_per_capita,fossil_electricity,fossil_energy_per_capita,fossil_fuel_consumption,fossil_share_elec,fossil_share_energy,gas_cons_change_pct,gas_cons_change_twh,gas_consumption,gas_elec_per_capita,gas_electricity,gas_energy_per_capita,gas_prod_change_pct,gas_prod_change_twh,gas_prod_per_capita,gas_production,gas_share_elec,gas_share_energy,greenhouse_gas_emissions,hydro_cons_change_pct,hydro_cons_change_twh,hydro_consumption,hydro_elec_per_capita,hydro_electricity,hydro_energy_per_capita,hydro_share_elec,hydro_share_energy,low_carbon_cons_change_pct,low_carbon_cons_change_twh,low_carbon_consumption,low_carbon_elec_per_capita,low_carbon_electricity,low_carbon_energy_per_capita,low_carbon_share_elec,low_carbon_share_energy,net_elec_imports,net_elec_imports_share_demand,nuclear_cons_change_pct,nuclear_cons_change_twh,nuclear_consumption,nuclear_elec_per_capita,nuclear_electricity,nuclear_energy_per_capita,nuclear_share_elec,nuclear_share_energy,oil_cons_change_pct,oil_cons_change_twh,oil_consumption,oil_elec_per_capita,oil_electricity,oil_energy_per_capita,oil_prod_change_pct,oil_prod_change_twh,oil_prod_per_capita,oil_production,oil_share_elec,oil_share_energy,other_renewable_consumption,other_renewable_electricity,other_renewable_exc_biofuel_electricity,other_renewables_cons_change_pct,other_renewables_cons_change_twh,other_renewables_elec_per_capita,other_renewables_elec_per_capita_exc_biofuel,other_renewables_energy_per_capita,other_renewables_share_elec,other_renewables_share_elec_exc_biofuel,other_renewables_share_energy,per_capita_electricity,primary_energy_consumption,renewables_cons_change_pct,renewables_cons_change_twh,renewables_consumption,renewables_elec_per_capita,renewables_electricity,renewables_energy_per_capita,renewables_share_elec,renewables_share_energy,solar_cons_change_pct,solar_cons_change_twh,solar_consumption,solar_elec_per_capita,solar_electricity,solar_energy_per_capita,solar_share_elec,solar_share_energy,wind_cons_change_pct,wind_cons_change_twh,wind_consumption,wind_elec_per_capita,wind_electricity,wind_energy_per_capita,wind_share_elec,wind_share_energy
OPEC (EI),2008,,,,,,,,,,,,,,,,,,,,,,,,,,,,,,,,,,,,,,,,,,,,,,,,,,,,,,,,,,,,,,,,,,,,,,,,,,,,,,,,,,,,,3.16,607.342,,19826.857,,,,,,,,,,,,,,,,,,,,,,,,,,,,,,,,,,,,,,,
OPEC (EI),2009,,,,,,,,,,,,,,,,,,,,,,,,,,,,,,,,,,,,,,,,,,,,,,,,,,,,,,,,,,,,,,,,,,,,,,,,,,,,,,,,,,,,,-7.012,-1390.312,,18436.545,,,,,,,,,,,,,,,,,,,,,,,,,,,,,,,,,,,,,,,
OPEC (EI),2010,,,,,,,,,,,,,,,,,,,,,,,,,,,,,,,,,,,,,,,,,,,,,,,,,,,,,,,,,,,,,,,,,,,,,,,,,,,,,,,,,,,,,1.628,300.227,,18736.771,,,,,,,,,,,,,,,,,,,,,,,,,,,,,,,,,,,,,,,
OPEC (EI),2011,,,,,,,,,,,,,,,,,,,,,,,,,,,,,,,,,,,,,,,,,,,,,,,,,,,,,,,,,,,,,,,,,,,,,,,,,,,,,,,,,,,,,1.826,342.201,,19078.973,,,,,,,,,,,,,,,,,,,,,,,,,,,,,,,,,,,,,,,
OPEC (EI),2012,,,,,,,,,,,,,,,,,,,,,,,,,,,,,,,,,,,,,,,,,,,,,,,,,,,,,,,,,,,,,,,,,,,,,,,,,,,,,,,,,,,,,4.306,821.555,,19900.527,,,,,,,,,,,,,,,,,,,,,,,,,,,,,,,,,,,,,,,
OPEC (EI),2013,,,,,,,,,,,,,,,,,,,,,,,,,,,,,,,,,,,,,,,,,,,,,,,,,,,,,,,,,,,,,,,,,,,,,,,,,,,,,,,,,,,,,-3.236,-643.91,,19256.617,,,,,,,,,,,,,,,,,,,,,,,,,,,,,,,,,,,,,,,
OPEC (EI),2014,,,,,,,,,,,,,,,,,,,,,,,,,,,,,,,,,,,,,,,,,,,,,,,,,,,,,,,,,,,,,,,,,,,,,,,,,,,,,,,,,,,,,-0.307,-59.045,,19197.572,,,,,,,,,,,,,,,,,,,,,,,,,,,,,,,,,,,,,,,
OPEC (EI),2015,,,,,,,,,,,,,,,,,,,,,,,,,,,,,,,,,,,,,,,,,,,,,,,,,,,,,,,,,,,,,,,,,,,,,,,,,,,,,,,,,,,,,4.868,934.607,,20132.18,,,,,,,,,,,,,,,,,,,,,,,,,,,,,,,,,,,,,,,
OPEC (EI),2016,,,,,,,,,,,,,,,,,,,,,,,,,,,,,,,,,,,,,,,,,,,,,,,,,,,,,,,,,,,,,,,,,,,,,,,,,,,,,,,,,,,,,3.14,632.096,,20764.275,,,,,,,,,,,,,,,,,,,,,,,,,,,,,,,,,,,,,,,
OPEC (EI),2017,,,,,,,,,,,,,,,,,,,,,,,,,,,,,,,,,,,,,,,,,,,,,,,,,,,,,,,,,,,,,,,,,,,,,,,,,,,,,,,,,,,,,-1.045,-216.934,,20547.342,,,,,,,,,,,,,,,,,,,,,,,,,,,,,,,,,,,,,,,
OPEC (EI),2018,,,,,,,,,,,,,,,,,,,,,,,,,,,,,,,,,,,,,,,,,,,,,,,,,,,,,,,,,,,,,,,,,,,,,,,,,,,,,,,,,,,,,-0.614,-126.139,,20421.203,,,,,,,,,,,,,,,,,,,,,,,,,,,,,,,,,,,,,,,
OPEC (EI),2019,,,,,,,,,,,,,,,,,,,,,,,,,,,,,,,,,,,,,,,,,,,,,,,,,,,,,,,,,,,,,,,,,,,,,,,,,,,,,,,,,,,,,-5.849,-1194.385,,19226.818,,,,,,,,,,,,,,,,,,,,,,,,,,,,,,,,,,,,,,,
OPEC (EI),2020,,,,,,,,,,,,,,,,,,,,,,,,,,,,,,,,,,,,,,,,,,,,,,,,,,,,,,,,,,,,,,,,,,,,,,,,,,,,,,,,,,,,,-11.639,-2237.719,,16989.1,,,,,,,,,,,,,,,,,,,,,,,,,,,,,,,,,,,,,,,
OPEC (EI),2021,,,,,,,,,,,,,,,,,,,,,,,,,,,,,,,,,,,,,,,,,,,,,,,,,,,,,,,,,,,,,,,,,,,,,,,,,,,,,,,,,,,,,2.33,395.811,,17384.91,,,,,,,,,,,,,,,,,,,,,,,,,,,,,,,,,,,,,,,
OPEC (EI),2022,,,,,,,,,,,,,,,,,,,,,,,,,,,,,,,,,,,,,,,,,,,,,,,,,,,,,,,,,,,,,,,,,,,,,,,,,,,,,,,,,,,,,7.391,1284.844,,18669.754,,,,,,,,,,,,,,,,,,,,,,,,,,,,,,,,,,,,,,,
OPEC (EIA),1980,,,,,,,,,,,,,,,,,,,,,,,,,,,,,,,,,,,,,,,,,,,,,,,,,,,,,,,,,,,,,,,,,,,,,,,,,,,,,,,,,,,,,,,,,,,,,,,,,,,,,,,2293.545,,,,,,,,,,,,,,,,,,,,,,,,
OPEC (EIA),1981,,,,,,,,,,,,,,,,,,,,,,,,,,,,4.126,94.624,,,,,,,,,,,,,,,,,,,,,,,,,,,,,,,,,,,,,,,,,,,,,,,,,,,,,,,,,,,,,,,,,,,,,,,,,,2388.168,,,,,,,,,,,,,,,,,,,,,,,,
OPEC (EIA),1982,,,,,,,,,,,,,,,,,,,,,,,,,,,,5.924,141.467,,,,,,,,,,,,,,,,,,,,,,,,,,,,,,,,,,,,,,,,,,,,,,,,,,,,,,,,,,,,,,,,,,,,,,,,,,2529.635,,,,,,,,,,,,,,,,,,,,,,,,
OPEC (EIA),1983,,,,,,,,,,,,,,,,,,,,,,,,,,,,9.71,245.627,,,,,,,,,,,,,,,,,,,,,,,,,,,,,,,,,,,,,,,,,,,,,,,,,,,,,,,,,,,,,,,,,,,,,,,,,,2775.262,,,,,,,,,,,,,,,,,,,,,,,,
OPEC (EIA),1984,,,,,,,,,,,,,,,,,,,,,,,,,,,,6.793,188.524,,,,,,,,,,,,,,,,,,,,,,,,,,,,,,,,,,,,,,,,,,,,,,,,,,,,,,,,,,,,,,,,,,,,,,,,,,2963.786,,,,,,,,,,,,,,,,,,,,,,,,
OPEC (EIA),1985,,,,,,,,,,,,,,,,,,,,,,,,,,,,7.538,223.416,,,,,,,,,,,,,,,,,,,,,,,,,,,,,,,,,,,,,,,,,,,,,,,,,,,,,,,,,,,,,,,,,,,,,,,,,,3187.202,,,,,,,,,,,,,,,,,,,,,,,,
OPEC (EIA),1986,,,,,,,,,,,,,,,,,,,,,,,,,,,,5.797,184.762,,,,,,,,,,,,,,,,,,,,,,,,,,,,,,,,,,,,,,,,,,,,,,,,,,,,,,,,,,,,,,,,,,,,,,,,,,3371.965,,,,,,,,,,,,,,,,,,,,,,,,
OPEC (EIA),1987,,,,,,,,,,,,,,,,,,,,,,,,,,,,5.158,173.912,,,,,,,,,,,,,,,,,,,,,,,,,,,,,,,,,,,,,,,,,,,,,,,,,,,,,,,,,,,,,,,,,,,,,,,,,,3545.876,,,,,,,,,,,,,,,,,,,,,,,,
OPEC (EIA),1988,,,,,,,,,,,,,,,,,,,,,,,,,,,,6.161,218.46,,,,,,,,,,,,,,,,,,,,,,,,,,,,,,,,,,,,,,,,,,,,,,,,,,,,,,,,,,,,,,,,,,,,,,,,,,3764.337,,,,,,,,,,,,,,,,,,,,,,,,
OPEC (EIA),1989,,,,,,,,,,,,,,,,,,,,,,,,,,,,4.646,174.901,,,,,,,,,,,,,,,,,,,,,,,,,,,,,,,,,,,,,,,,,,,,,,,,,,,,,,,,,,,,,,,,,,,,,,,,,,3939.238,,,,,,,,,,,,,,,,,,,,,,,,
OPEC (EIA),1990,,,,,,,,,,,,,,,,,,,,,,,,,,,,0.823,32.421,,,,,,,,,,,,,,,,,,,,,,,,,,,,,,,,,,,,,,,,,,,,,,,,,,,,,,,,,,,,,,,,,,,,,,,,,,3971.658,,,,,,,,,,,,,,,,,,,,,,,,
OPEC (EIA),1991,,,,,,,,,,,,,,,,,,,,,,,,,,,,3.512,139.5,,,,,,,,,,,,,,,,,,,,,,,,,,,,,,,,,,,,,,,,,,,,,,,,,,,,,,,,,,,,,,,,,,,,,,,,,,4111.159,,,,,,,,,,,,,,,,,,,,,,,,
OPEC (EIA),1992,,,,,,,,,,,,,,,,,,,,,,,,,,,,5.433,223.373,,,,,,,,,,,,,,,,,,,,,,,,,,,,,,,,,,,,,,,,,,,,,,,,,,,,,,,,,,,,,,,,,,,,,,,,,,4334.531,,,,,,,,,,,,,,,,,,,,,,,,
OPEC (EIA),1993,,,,,,,,,,,,,,,,,,,,,,,,,,,,2.398,103.929,,,,,,,,,,,,,,,,,,,,,,,,,,,,,,,,,,,,,,,,,,,,,,,,,,,,,,,,,,,,,,,,,,,,,,,,,,4438.46,,,,,,,,,,,,,,,,,,,,,,,,
OPEC (EIA),1994,,,,,,,,,,,,,,,,,,,,,,,,,,,,4.263,189.214,,,,,,,,,,,,,,,,,,,,,,,,,,,,,,,,,,,,,,,,,,,,,,,,,,,,,,,,,,,,,,,,,,,,,,,,,,4627.674,,,,,,,,,,,,,,,,,,,,,,,,
OPEC (EIA),1995,,,,,,,,,,,,,,,,,,,,,,,,,,,,2.869,132.752,,,,,,,,,,,,,,,,,,,,,,,,,,,,,,,,,,,,,,,,,,,,,,,,,,,,,,,,,,,,,,,,,,,,,,,,,,4760.426,,,,,,,,,,,,,,,,,,,,,,,,
OPEC (EIA),1996,,,,,,,,,,,,,,,,,,,,,,,,,,,,3.734,177.752,,,,,,,,,,,,,,,,,,,,,,,,,,,,,,,,,,,,,,,,,,,,,,,,,,,,,,,,,,,,,,,,,,,,,,,,,,4938.178,,,,,,,,,,,,,,,,,,,,,,,,
OPEC (EIA),1997,,,,,,,,,,,,,,,,,,,,,,,,,,,,6.076,300.031,,,,,,,,,,,,,,,,,,,,,,,,,,,,,,,,,,,,,,,,,,,,,,,,,,,,,,,,,,,,,,,,,,,,,,,,,,5238.208,,,,,,,,,,,,,,,,,,,,,,,,
OPEC (EIA),1998,,,,,,,,,,,,,,,,,,,,,,,,,,,,3.312,173.481,,,,,,,,,,,,,,,,,,,,,,,,,,,,,,,,,,,,,,,,,,,,,,,,,,,,,,,,,,,,,,,,,,,,,,,,,,5411.69,,,,,,,,,,,,,,,,,,,,,,,,
OPEC (EIA),1999,,,,,,,,,,,,,,,,,,,,,,,,,,,,1.389,75.167,,,,,,,,,,,,,,,,,,,,,,,,,,,,,,,,,,,,,,,,,,,,,,,,,,,,,,,,,,,,,,,,,,,,,,,,,,5486.856,,,,,,,,,,,,,,,,,,,,,,,,
OPEC (EIA),2000,,,,,,,,,,,,,,,,,,,,,,,,,,,,5.984,328.314,,,,,,,,,,,,,,,,,,,,,,,,,,,,,,,,,,,,,,,,,,,,,,,,,,,,,,,,,,,,,,,,,,,,,,,,,,5815.171,,,,,,,,,,,,,,,,,,,,,,,,
OPEC (EIA),2001,,,,,,,,,,,,,,,,,,,,,,,,,,,,6.147,357.443,,,,,,,,,,,,,,,,,,,,,,,,,,,,,,,,,,,,,,,,,,,,,,,,,,,,,,,,,,,,,,,,,,,,,,,,,,6172.614,,,,,,,,,,,,,,,,,,,,,,,,
OPEC (EIA),2002,,,,,,,,,,,,,,,,,,,,,,,,,,,,3.647,225.132,,,,,,,,,,,,,,,,,,,,,,,,,,,,,,,,,,,,,,,,,,,,,,,,,,,,,,,,,,,,,,,,,,,,,,,,,,6397.747,,,,,,,,,,,,,,,,,,,,,,,,
OPEC (EIA),2003,,,,,,,,,,,,,,,,,,,,,,,,,,,,1.207,77.212,,,,,,,,,,,,,,,,,,,,,,,,,,,,,,,,,,,,,,,,,,,,,,,,,,,,,,,,,,,,,,,,,,,,,,,,,,6474.958,,,,,,,,,,,,,,,,,,,,,,,,
OPEC (EIA),2004,,,,,,,,,,,,,,,,,,,,,,,,,,,,6.666,431.645,,,,,,,,,,,,,,,,,,,,,,,,,,,,,,,,,,,,,,,,,,,,,,,,,,,,,,,,,,,,,,,,,,,,,,,,,,6906.603,,,,,,,,,,,,,,,,,,,,,,,,
OPEC (EIA),2005,,,,,,,,,,,,,,,,,,,,,,,,,,,,8.614,594.905,,,,,,,,,,,,,,,,,,,,,,,,,,,,,,,,,,,,,,,,,,,,,,,,,,,,,,,,,,,,,,,,,,,,,,,,,,7501.508,,,,,,,,,,,,,,,,,,,,,,,,
OPEC (EIA),2006,,,,,,,,,,,,,,,,,,,,,,,,,,,,3.529,264.712,,,,,,,,,,,,,,,,,,,,,,,,,,,,,,,,,,,,,,,,,,,,,,,,,,,,,,,,,,,,,,,,,,,,,,,,,,7766.221,,,,,,,,,,,,,,,,,,,,,,,,
OPEC (EIA),2007,,,,,,,,,,,,,,,,,,,,,,,,,,,,3.769,292.705,,,,,,,,,,,,,,,,,,,,,,,,,,,,,,,,,,,,,,,,,,,,,,,,,,,,,,,,,,,,,,,,,,,,,,,,,,8058.925,,,,,,,,,,,,,,,,,,,,,,,,
OPEC (EIA),2008,,,,,,,,,,,,,,,,,,,,,,,,,,,,6.972,561.902,,,,,,,,,,,,,,,,,,,,,,,,,,,,,,,,,,,,,,,,,,,,,,,,,,,,,,,,,,,,,,,,,,,,,,,,,,8620.827,,,,,,,,,,,,,,,,,,,,,,,,
OPEC (EIA),2009,,,,,,,,,,,,,,,,,,,,,,,,,,,,2.851,245.792,,,,,,,,,,,,,,,,,,,,,,,,,,,,,,,,,,,,,,,,,,,,,,,,,,,,,,,,,,,,,,,,,,,,,,,,,,8866.619,,,,,,,,,,,,,,,,,,,,,,,,
OPEC (EIA),2010,,,,,,,,,,,,,,,,,,,,,,,,,,,,7.153,634.229,,,,,,,,,,,,,,,,,,,,,,,,,,,,,,,,,,,,,,,,,,,,,,,,,,,,,,,,,,,,,,,,,,,,,,,,,,9500.848,,,,,,,,,,,,,,,,,,,,,,,,
OPEC (EIA),2011,,,,,,,,,,,,,,,,,,,,,,,,,,,,5.373,510.486,,,,,,,,,,,,,,,,,,,,,,,,,,,,,,,,,,,,,,,,,,,,,,,,,,,,,,,,,,,,,,,,,,,,,,,,,,10011.334,,,,,,,,,,,,,,,,,,,,,,,,
OPEC (EIA),2012,,,,,,,,,,,,,,,,,,,,,,,,,,,,3.086,308.981,,,,,,,,,,,,,,,,,,,,,,,,,,,,,,,,,,,,,,,,,,,,,,,,,,,,,,,,,,,,,,,,,,,,,,,,,,10320.315,,,,,,,,,,,,,,,,,,,,,,,,
OPEC (EIA),2013,,,,,,,,,,,,,,,,,,,,,,,,,,,,2.898,299.08,,,,,,,,,,,,,,,,,,,,,,,,,,,,,,,,,,,,,,,,,,,,,,,,,,,,,,,,,,,,,,,,,,,,,,,,,,10619.396,,,,,,,,,,,,,,,,,,,,,,,,
OPEC (EIA),2014,,,,,,,,,,,,,,,,,,,,,,,,,,,,3.359,356.674,,,,,,,,,,,,,,,,,,,,,,,,,,,,,,,,,,,,,,,,,,,,,,,,,,,,,,,,,,,,,,,,,,,,,,,,,,10976.069,,,,,,,,,,,,,,,,,,,,,,,,
OPEC (EIA),2015,,,,,,,,,,,,,,,,,,,,,,,,,,,,-2.308,-253.302,,,,,,,,,,,,,,,,,,,,,,,,,,,,,,,,,,,,,,,,,,,,,,,,,,,,,,,,,,,,,,,,,,,,,,,,,,10722.768,,,,,,,,,,,,,,,,,,,,,,,,
OPEC (EIA),2016,,,,,,,,,,,,,,,,,,,,,,,,,,,,7.777,833.891,,,,,,,,,,,,,,,,,,,,,,,,,,,,,,,,,,,,,,,,,,,,,,,,,,,,,,,,,,,,,,,,,,,,,,,,,,11556.658,,,,,,,,,,,,,,,,,,,,,,,,
OPEC (EIA),2017,,,,,,,,,,,,,,,,,,,,,,,,,,,,1.457,168.438,,,,,,,,,,,,,,,,,,,,,,,,,,,,,,,,,,,,,,,,,,,,,,,,,,,,,,,,,,,,,,,,,,,,,,,,,,11725.096,,,,,,,,,,,,,,,,,,,,,,,,
OPEC (EIA),2018,,,,,,,,,,,,,,,,,,,,,,,,,,,,0.671,78.7,,,,,,,,,,,,,,,,,,,,,,,,,,,,,,,,,,,,,,,,,,,,,,,,,,,,,,,,,,,,,,,,,,,,,,,,,,11803.796,,,,,,,,,,,,,,,,,,,,,,,,
OPEC (EIA),2019,,,,,,,,,,,,,,,,,,,,,,,,,,,,-1.071,-126.441,,,,,,,,,,,,,,,,,,,,,,,,,,,,,,,,,,,,,,,,,,,,,,,,,,,,,,,,,,,,,,,,,,,,,,,,,,11677.354,,,,,,,,,,,,,,,,,,,,,,,,
OPEC (EIA),2020,,,,,,,,,,,,,,,,,,,,,,,,,,,,-8.997,-1050.558,,,,,,,,,,,,,,,,,,,,,,,,,,,,,,,,,,,,,,,,,,,,,,,,,,,,,,,,,,,,,,,,,,,,,,,,,,10626.797,,,,,,,,,,,,,,,,,,,,,,,,
OPEC (EIA),2021,,,,,,,,,,,,,,,,,,,,,,,,,,,,2.005,213.092,,,,,,,,,,,,,,,,,,,,,,,,,,,,,,,,,,,,,,,,,,,,,,,,,,,,,,,,,,,,,,,,,,,,,,,,,,10839.889,,,,,,,,,,,,,,,,,,,,,,,,
OPEC (Shift),1900,,,,,,,,,,,,,,,,,,,,,,0.0,,,,,,,,,,,,,,,,,,,,,,,,,,,0.0,,,,,,,,,,,,,,,,,,,,,,,,,,,,,,,,,,,,,,,0.0,,,,,,,,,,,,,,,,,,,,,,,,,,,,,,,,,,,,,,,
OPEC (Shift),1901,,,,,,,,,,,,,,,,,,,,0.0,,0.0,,,,,,,,,,,,,,,,,,,,,,,,,0.0,,0.0,,,,,,,,,,,,,,,,,,,,,,,,,,,,,,,,,,,,,0.0,,0.0,,,,,,,,,,,,,,,,,,,,,,,,,,,,,,,,,,,,,,,
OPEC (Shift),1902,,,,,,,,,,,,,,,,,,,,0.0,,0.0,,,,,,,,,,,,,,,,,,,,,,,,,0.0,,0.0,,,,,,,,,,,,,,,,,,,,,,,,,,,,,,,,,,,,,0.0,,0.0,,,,,,,,,,,,,,,,,,,,,,,,,,,,,,,,,,,,,,,
OPEC (Shift),1903,,,,,,,,,,,,,,,,,,,,0.0,,0.0,,,,,,,,,,,,,,,,,,,,,,,,,0.0,,0.0,,,,,,,,,,,,,,,,,,,,,,,,,,,,,,,,,,,,,0.0,,0.0,,,,,,,,,,,,,,,,,,,,,,,,,,,,,,,,,,,,,,,
OPEC (Shift),1904,,,,,,,,,,,,,,,,,,,,0.008,,0.008,,,,,,,,,,,,,,,,,,,,,,,,,0.0,,0.0,,,,,,,,,,,,,,,,,,,,,,,,,,,,,,,,,,,,,0.0,,0.0,,,,,,,,,,,,,,,,,,,,,,,,,,,,,,,,,,,,,,,
OPEC (Shift),1905,,,,,,,,,,,,,,,,,,,-100.0,-0.008,,0.0,,,,,,,,,,,,,,,,,,,,,,,,,0.0,,0.0,,,,,,,,,,,,,,,,,,,,,,,,,,,,,,,,,,,,,0.0,,0.0,,,,,,,,,,,,,,,,,,,,,,,,,,,,,,,,,,,,,,,
OPEC (Shift),1906,,,,,,,,,,,,,,,,,,,,0.0,,0.0,,,,,,,,,,,,,,,,,,,,,,,,,0.0,,0.0,,,,,,,,,,,,,,,,,,,,,,,,,,,,,,,,,,,,,0.012,,0.012,,,,,,,,,,,,,,,,,,,,,,,,,,,,,,,,,,,,,,,
OPEC (Shift),1907,,,,,,,,,,,,,,,,,,,,0.0,,0.0,,,,,,,,,,,,,,,,,,,,,,,,,0.0,,0.0,,,,,,,,,,,,,,,,,,,,,,,,,,,,,,,,,,,,-100.0,-0.012,,0.0,,,,,,,,,,,,,,,,,,,,,,,,,,,,,,,,,,,,,,,
OPEC (Shift),1908,,,,,,,,,,,,,,,,,,,,0.008,,0.008,,,,,,,,,,,,,,,,,,,,,,,,,0.0,,0.0,,,,,,,,,,,,,,,,,,,,,,,,,,,,,,,,,,,,,0.0,,0.0,,,,,,,,,,,,,,,,,,,,,,,,,,,,,,,,,,,,,,,
OPEC (Shift),1909,,,,,,,,,,,,,,,,,,,-100.0,-0.008,,0.0,,,,,,,,,,,,,,,,,,,,,,,,,0.0,,0.0,,,,,,,,,,,,,,,,,,,,,,,,,,,,,,,,,,,,,0.0,,0.0,,,,,,,,,,,,,,,,,,,,,,,,,,,,,,,,,,,,,,,
OPEC (Shift),1910,,,,,,,,,,,,,,,,,,,,0.0,,0.0,,,,,,,,,,,,,,,,,,,,,,,,,0.0,,0.0,,,,,,,,,,,,,,,,,,,,,,,,,,,,,,,,,,,,,0.0,,0.0,,,,,,,,,,,,,,,,,,,,,,,,,,,,,,,,,,,,,,,
OPEC (Shift),1911,,,,,,,,,,,,,,,,,,,,0.0,,0.0,,,,,,,,,,,,,,,,,,,,,,,,,0.0,,0.0,,,,,,,,,,,,,,,,,,,,,,,,,,,,,,,,,,,,,0.512,,0.512,,,,,,,,,,,,,,,,,,,,,,,,,,,,,,,,,,,,,,,
OPEC (Shift),1912,,,,,,,,,,,,,,,,,,,,0.0,,0.0,,,,,,,,,,,,,,,,,,,,,,,,,0.0,,0.0,,,,,,,,,,,,,,,,,,,,,,,,,,,,,,,,,,,,86.364,0.442,,0.954,,,,,,,,,,,,,,,,,,,,,,,,,,,,,,,,,,,,,,,
OPEC (Shift),1913,,,,,,,,,,,,,,,,,,,,0.049,,0.049,,,,,,,,,,,,,,,,,,,,,,,,,0.0,,0.0,,,,,,,,,,,,,,,,,,,,,,,,,,,,,,,,,,,,239.024,2.279,,3.233,,,,,,,,,,,,,,,,,,,,,,,,,,,,,,,,,,,,,,,
OPEC (Shift),1914,,,,,,,,,,,,,,,,,,,50.0,0.024,,0.073,,,,,,,,,,,,,,,,,,,,,,,,,0.0,,0.0,,,,,,,,,,,,,,,,,,,,,,,,,,,,,,,,,,,,38.129,1.233,,4.466,,,,,,,,,,,,,,,,,,,,,,,,,,,,,,,,,,,,,,,
OPEC (Shift),1915,,,,,,,,,,,,,,,,,,,133.333,0.098,,0.171,,,,,,,,,,,,,,,,,,,,,,,,,0.0,,0.0,,,,,,,,,,,,,,,,,,,,,,,,,,,,,,,,,,,,20.312,0.907,,5.373,,,,,,,,,,,,,,,,,,,,,,,,,,,,,,,,,,,,,,,
OPEC (Shift),1916,,,,,,,,,,,,,,,,,,,109.524,0.187,,0.358,,,,,,,,,,,,,,,,,,,,,,,,,0.0,,0.0,,,,,,,,,,,,,,,,,,,,,,,,,,,,,,,,,,,,43.939,2.361,,7.734,,,,,,,,,,,,,,,,,,,,,,,,,,,,,,,,,,,,,,,
OPEC (Shift),1917,,,,,,,,,,,,,,,,,,,140.909,0.505,,0.863,,,,,,,,,,,,,,,,,,,,,,,,,0.0,,0.0,,,,,,,,,,,,,,,,,,,,,,,,,,,,,,,,,,,,41.203,3.187,,10.921,,,,,,,,,,,,,,,,,,,,,,,,,,,,,,,,,,,,,,,
OPEC (Shift),1918,,,,,,,,,,,,,,,,,,,95.066,0.82,,1.683,,,,,,,,,,,,,,,,,,,,,,,,,0.0,,0.0,,,,,,,,,,,,,,,,,,,,,,,,,,,,,,,,,,,,25.772,2.814,,13.735,,,,,,,,,,,,,,,,,,,,,,,,,,,,,,,,,,,,,,,
OPEC (Shift),1919,,,,,,,,,,,,,,,,,,,-15.179,-0.256,,1.428,,,,,,,,,,,,,,,,,,,,,,,,,0.0,,0.0,,,,,,,,,,,,,,,,,,,,,,,,,,,,,,,,,,,,23.878,3.28,,17.015,,,,,,,,,,,,,,,,,,,,,,,,,,,,,,,,,,,,,,,
OPEC (Shift),1920,,,,,,,,,,,,,,,,,,,21.886,0.312,,1.74,,,,,,,,,,,,,,,,,,,,,,,,,0.0,,0.0,,,,,,,,,,,,,,,,,,,,,,,,,,,,,,,,,,,,26.452,4.501,,21.515,,,,,,,,,,,,,,,,,,,,,,,,,,,,,,,,,,,,,,,
OPEC (Shift),1921,,,,,,,,,,,,,,,,,,,15.545,0.271,,2.011,,,,,,,,,,,,,,,,,,,,,,,,,0.0,,0.0,,,,,,,,,,,,,,,,,,,,,,,,,,,,,,,,,,,,40.054,8.618,,30.133,,,,,,,,,,,,,,,,,,,,,,,,,,,,,,,,,,,,,,,
OPEC (Shift),1922,,,,,,,,,,,,,,,,,,,-41.296,-0.83,,1.18,,,,,,,,,,,,,,,,,,,,,,,,,0.0,,0.0,,,,,,,,,,,,,,,,,,,,,,,,,,,,,,,,,,,,29.332,8.839,,38.972,,,,,,,,,,,,,,,,,,,,,,,,,,,,,,,,,,,,,,,
OPEC (Shift),1923,,,,,,,,,,,,,,,,,,,68.966,0.814,,1.995,,,,,,,,,,,,,,,,,,,,,,,,,0.0,,0.0,,,,,,,,,,,,,,,,,,,,,,,,,,,,,,,,,,,,32.08,12.502,,51.474,,,,,,,,,,,,,,,,,,,,,,,,,,,,,,,,,,,,,,,
OPEC (Shift),1924,,,,,,,,,,,,,,,,,,,8.163,0.163,,2.157,,,,,,,,,,,,,,,,,,,,,,,,,0.0,,0.0,,,,,,,,,,,,,,,,,,,,,,,,,,,,,,,,,,,,29.982,15.433,,66.907,,,,,,,,,,,,,,,,,,,,,,,,,,,,,,,,,,,,,,,
OPEC (Shift),1925,,,,,,,,,,,,,,,,,,,19.623,0.423,,2.581,,,,,,,,,,,,,,,,,,,,,,,,,0.0,,0.0,,,,,,,,,,,,,,,,,,,,,,,,,,,,,,,,,,,,31.027,20.76,,87.667,,,,,,,,,,,,,,,,,,,,,,,,,,,,,,,,,,,,,,,
OPEC (Shift),1926,,,,,,,,,,,,,,,,,,,20.82,0.537,,3.118,,,,,,,,,,,,,,,,,,,,,,,,,0.0,,0.0,,,,,,,,,,,,,,,,,,,,,,,,,,,,,,,,,,,,34.625,30.354,,118.021,,,,,,,,,,,,,,,,,,,,,,,,,,,,,,,,,,,,,,,
OPEC (Shift),1927,,,,,,,,,,,,,,,,,,,5.222,0.163,,3.281,,,,,,,,,,,,,,,,,,,,,,,,,0.0,,0.0,,,,,,,,,,,,,,,,,,,,,,,,,,,,,,,,,,,,40.924,48.299,,166.321,,,,,,,,,,,,,,,,,,,,,,,,,,,,,,,,,,,,,,,
OPEC (Shift),1928,,,,,,,,,,,,,,,,,,,-0.744,-0.024,,3.256,,,,,,,,,,,,,,,,,,,,,,,,,0.0,,0.0,,,,,,,,,,,,,,,,,,,,,,,,,,,,,,,,,,,,49.157,81.759,,248.08,,,,,,,,,,,,,,,,,,,,,,,,,,,,,,,,,,,,,,,
OPEC (Shift),1929,,,,,,,,,,,,,,,,,,,-3.5,-0.114,,3.142,,,,,,,,,,,,,,,,,,,,,,,,,0.0,,0.0,,,,,,,,,,,,,,,,,,,,,,,,,,,,,,,,,,,,20.519,50.905,,298.984,,,,,,,,,,,,,,,,,,,,,,,,,,,,,,,,,,,,,,,
OPEC (Shift),1930,,,,,,,,,,,,,,,,,,,-1.554,-0.049,,3.094,,,,,,,,,,,,,,,,,,,,,,,,,0.0,,0.0,,,,,,,,,,,,,,,,,,,,,,,,,,,,,,,,,,,,2.882,8.618,,307.602,,,,,,,,,,,,,,,,,,,,,,,,,,,,,,,,,,,,,,,
OPEC (Shift),1931,,,,,,,,,,,,,,,,,,,-6.579,-0.204,,2.89,,,,,,,,,,,,,,,,,,,,,,,,,0.0,,0.0,,,,,,,,,,,,,,,,,,,,,,,,,,,,,,,,,,,,-11.49,-35.344,,272.258,,,,,,,,,,,,,,,,,,,,,,,,,,,,,,,,,,,,,,,
OPEC (Shift),1932,,,,,,,,,,,,,,,,,,,-20.563,-0.594,,2.296,,,,,,,,,,,,,,,,,,,,,,,,,0.0,,0.0,,,,,,,,,,,,,,,,,,,,,,,,,,,,,,,,,,,,2.456,6.687,,278.946,,,,,,,,,,,,,,,,,,,,,,,,,,,,,,,,,,,,,,,
OPEC (Shift),1933,,,,,,,,,,,,,,,,,,,-2.837,-0.065,,2.231,,,,,,,,,,,,,,,,,,,,,,,,,0.0,,0.0,,,,,,,,,,,,,,,,,,,,,,,,,,,,,,,,,,,,3.544,9.885,,288.831,,,,,,,,,,,,,,,,,,,,,,,,,,,,,,,,,,,,,,,
OPEC (Shift),1934,,,,,,,,,,,,,,,,,,,10.949,0.244,,2.475,,,,,,,,,,,,,,,,,,,,,,,,,0.0,,0.0,,,,,,,,,,,,,,,,,,,,,,,,,,,,,,,,,,,,16.485,47.613,,336.444,,,,,,,,,,,,,,,,,,,,,,,,,,,,,,,,,,,,,,,
OPEC (Shift),1935,,,,,,,,,,,,,,,,,,,-0.987,-0.024,,2.45,,,,,,,,,,,,,,,,,,,,,,,,,0.0,,0.0,,,,,,,,,,,,,,,,,,,,,,,,,,,,,,,,,,,,15.476,52.068,,388.512,,,,,,,,,,,,,,,,,,,,,,,,,,,,,,,,,,,,,,,
OPEC (Shift),1936,,,,,,,,,,,,,,,,,,,2.99,0.073,,2.524,,,,,,,,,,,,,,,,,,,,,,,,,0.0,,0.0,,,,,,,,,,,,,,,,,,,,,,,,,,,,,,,,,,,,6.107,23.725,,412.237,,,,,,,,,,,,,,,,,,,,,,,,,,,,,,,,,,,,,,,
OPEC (Shift),1937,,,,,,,,,,,,,,,,,,,25.806,0.651,,3.175,,,,,,,,,,,,,,,,,,,,,,,,,9.294,,9.294,,,,,,,,,,,,,,,,,,,,,,,,,,,,,,,,,,,,19.805,81.643,,493.88,,,,,,,,,,,,,,,,,,,,,,,,,,,,,,,,,,,,,,,
OPEC (Shift),1938,,,,,,,,,,,,,,,,,,,-0.769,-0.024,,3.151,,,,,,,,,,,,,,,,,,,,,,,,1.805,0.168,,9.461,,,,,,,,,,,,,,,,,,,,,,,,,,,,,,,,,,,,1.097,5.42,,499.299,,,,,,,,,,,,,,,,,,,,,,,,,,,,,,,,,,,,,,,
OPEC (Shift),1939,,,,,,,,,,,,,,,,,,,4.91,0.155,,3.305,,,,,,,,,,,,,,,,,,,,,,,,1.773,0.168,,9.629,,,,,,,,,,,,,,,,,,,,,,,,,,,,,,,,,,,,4.985,24.888,,524.187,,,,,,,,,,,,,,,,,,,,,,,,,,,,,,,,,,,,,,,
OPEC (Shift),1940,,,,,,,,,,,,,,,,,,,15.025,0.497,,3.802,,,,,,,,,,,,,,,,,,,,,,,,1.742,0.168,,9.797,,,,,,,,,,,,,,,,,,,,,,,,,,,,,,,,,,,,-11.89,-62.325,,461.862,,,,,,,,,,,,,,,,,,,,,,,,,,,,,,,,,,,,,,,
OPEC (Shift),1941,,,,,,,,,,,,,,,,,,,17.559,0.668,,4.469,,,,,,,,,,,,,,,,,,,,,,,,1.712,0.168,,9.965,,,,,,,,,,,,,,,,,,,,,,,,,,,,,,,,,,,,6.789,31.354,,493.217,,,,,,,,,,,,,,,,,,,,,,,,,,,,,,,,,,,,,,,
OPEC (Shift),1942,,,,,,,,,,,,,,,,,,,28.78,1.286,,5.756,,,,,,,,,,,,,,,,,,,,,,,,1.683,0.168,,10.132,,,,,,,,,,,,,,,,,,,,,,,,,,,,,,,,,,,,-18.395,-90.726,,402.491,,,,,,,,,,,,,,,,,,,,,,,,,,,,,,,,,,,,,,,
OPEC (Shift),1943,,,,,,,,,,,,,,,,,,,0.566,0.033,,5.788,,,,,,,,,,,,,,,,,,,,,,,,1.655,0.168,,10.3,,,,,,,,,,,,,,,,,,,,,,,,,,,,,,,,,,,,16.615,66.872,,469.364,,,,,,,,,,,,,,,,,,,,,,,,,,,,,,,,,,,,,,,
OPEC (Shift),1944,,,,,,,,,,,,,,,,,,,19.972,1.156,,6.944,,,,,,,,,,,,,,,,,,,,,,,,1.629,0.168,,10.468,,,,,,,,,,,,,,,,,,,,,,,,,,,,,,,,,,,,38.989,182.998,,652.362,,,,,,,,,,,,,,,,,,,,,,,,,,,,,,,,,,,,,,,
OPEC (Shift),1945,,,,,,,,,,,,,,,,,,,-1.641,-0.114,,6.83,,,,,,,,,,,,,,,,,,,,,,,,1.602,0.168,,10.636,,,,,,,,,,,,,,,,,,,,,,,,,,,,,,,,,,,,27.066,176.567,,828.928,,,,,,,,,,,,,,,,,,,,,,,,,,,,,,,,,,,,,,,
OPEC (Shift),1946,,,,,,,,,,,,,,,,,,,17.521,1.197,,8.027,,,,,,,,,,,,,,,,,,,,,,,,9.5,1.01,,11.646,,,,,,,,,,,,,,,,,,,,,,,,,,,,,,,,,,,,25.129,208.305,,1037.233,,,,,,,,,,,,,,,,,,,,,,,,,,,,,,,,,,,,,,,
OPEC (Shift),1947,,,,,,,,,,,,,,,,,,,0.0,0.0,,8.027,,,,,,,,,,,,,,,,,,,,,,,,36.954,4.304,,15.95,,,,,,,,,,,,,,,,,,,,,,,,,,,,,,,,,,,,14.758,153.074,,1190.307,,,,,,,,,,,,,,,,,,,,,,,,,,,,,,,,,,,,,,,
OPEC (Shift),1948,,,,,,,,,,,,,,,,,,,1.116,0.09,,8.117,,,,,,,,,,,,,,,,,,,,,,,,5.417,0.864,,16.814,,,,,,,,,,,,,,,,,,,,,,,,,,,,,,,,,,,,21.863,260.233,,1450.54,,,,,,,,,,,,,,,,,,,,,,,,,,,,,,,,,,,,,,,
OPEC (Shift),1949,,,,,,,,,,,,,,,,,,,-0.1,-0.008,,8.108,,,,,,,,,,,,,,,,,,,,,,,,-6.236,-1.048,,15.765,,,,,,,,,,,,,,,,,,,,,,,,,,,,,,,,,,,,9.03,130.989,,1581.529,,,,,,,,,,,,,,,,,,,,,,,,,,,,,,,,,,,,,,,
OPEC (Shift),1950,,,,,,,,,,,,,,,,,,,5.622,0.456,,8.564,,,,,,,,,,,,,,,,,,,,,,,,4.203,0.663,,16.428,,,,,,,,,,,,,,,,,,,,,,,,,,,,,,,,,,,,19.548,309.16,,1890.689,,,,,,,,,,,,,,,,,,,,,,,,,,,,,,,,,,,,,,,
OPEC (Shift),1951,,,,,,,,,,,,,,,,,,,-1.711,-0.147,,8.418,,,,,,,,,,,,,,,,,,,,,,,,26.344,4.328,,20.755,,,,,,,,,,,,,,,,,,,,,,,,,,,,,,,,,,,,12.229,231.204,,2121.894,,,,,,,,,,,,,,,,,,,,,,,,,,,,,,,,,,,,,,,
OPEC (Shift),1952,,,,,,,,,,,,,,,,,,,1.934,0.163,,8.581,,,,,,,,,,,,,,,,,,,,,,,,9.975,2.07,,22.826,,,,,,,,,,,,,,,,,,,,,,,,,,,,,,,,,,,,7.407,157.168,,2279.061,,,,,,,,,,,,,,,,,,,,,,,,,,,,,,,,,,,,,,,
OPEC (Shift),1953,,,,,,,,,,,,,,,,,,,12.998,1.115,,9.696,,,,,,,,,,,,,,,,,,,,,,,,23.094,5.271,,28.097,,,,,,,,,,,,,,,,,,,,,,,,,,,,,,,,,,,,7.36,167.74,,2446.801,,,,,,,,,,,,,,,,,,,,,,,,,,,,,,,,,,,,,,,
OPEC (Shift),1954,,,,,,,,,,,,,,,,,,,-15.785,-1.531,,8.165,,,,,,,,,,,,,,,,,,,,,,,,12.461,3.501,,31.598,,,,,,,,,,,,,,,,,,,,,,,,,,,,,,,,,,,,10.839,265.199,,2712.0,,,,,,,,,,,,,,,,,,,,,,,,,,,,,,,,,,,,,,,
OPEC (Shift),1955,,,,,,,,,,,,,,,,,,,33.4,2.727,,10.893,,,,,,,,,,,,,,,,,,,,,,,,35.982,11.37,,42.968,,,,,,,,,,,,,,,,,,,,,,,,,,,,,,,,,,,,16.404,444.871,,3156.87,,,,,,,,,,,,,,,,,,,,,,,,,,,,,,,,,,,,,,,
OPEC (Shift),1956,,,,,,,,,,,,,,,,,,,-1.495,-0.163,,10.73,,,,,,,,,,,,,,,,,,,,,,,,12.134,5.214,,48.182,,,,,,,,,,,,,,,,,,,,,,,,,,,,,,,,,,,,9.746,307.683,,3464.554,,,,,,,,,,,,,,,,,,,,,,,,,,,,,,,,,,,,,,,
OPEC (Shift),1957,,,,,,,,,,,,,,,,,,,-3.263,-0.35,,10.38,,,,,,,,,,,,,,,,,,,,,,,,21.284,10.255,,58.437,,,,,,,,,,,,,,,,,,,,,,,,,,,,,,,,,,,,7.243,250.952,,3715.506,,,,,,,,,,,,,,,,,,,,,,,,,,,,,,,,,,,,,,,
OPEC (Shift),1958,,,,,,,,,,,,,,,,,,,2.902,0.301,,10.681,,,,,,,,,,,,,,,,,,,,,,,,5.996,3.504,,61.941,,,,,,,,,,,,,,,,,,,,,,,,,,,,,,,,,,,,8.123,301.799,,4017.304,,,,,,,,,,,,,,,,,,,,,,,,,,,,,,,,,,,,,,,
OPEC (Shift),1959,,,,,,,,,,,,,,,,,,,-12.576,-1.343,,9.338,,,,,,,,,,,,,,,,,,,,,,,,11.019,6.825,,68.766,,,,,,,,,,,,,,,,,,,,,,,,,,,,,,,,,,,,7.639,306.869,,4324.173,,,,,,,,,,,,,,,,,,,,,,,,,,,,,,,,,,,,,,,
OPEC (Shift),1960,,,,,,,,,,,,,,,,,,,-16.739,-1.563,,7.775,,,,,,,,,,,,,,,,,,,,,,,,29.614,20.365,,89.131,,,,,,,,,,,,,,,,,,,,,,,,,,,,,,,,,,,,12.36,534.468,,4858.642,,,,,,,,,,,,,,,,,,,,,,,,,,,,,,,,,,,,,,,
OPEC (Shift),1961,,,,,,,,,,,,,,,,,,,-5.55,-0.431,,7.343,,,,,,,,,,,,,,,,,,,,,,,,7.789,6.943,,96.073,,,,,,,,,,,,,,,,,,,,,,,,,,,,,,,,,,,,7.237,351.633,,5210.275,,,,,,,,,,,,,,,,,,,,,,,,,,,,,,,,,,,,,,,
OPEC (Shift),1962,,,,,,,,,,,,,,,,,,,1.885,0.138,,7.482,,,,,,,,,,,,,,,,,,,,,,,,12.096,11.621,,107.694,,,,,,,,,,,,,,,,,,,,,,,,,,,,,,,,,,,,10.711,558.089,,5768.364,,,,,,,,,,,,,,,,,,,,,,,,,,,,,,,,,,,,,,,
OPEC (Shift),1963,,,,,,,,,,,,,,,,,,,-1.632,-0.122,,7.359,,,,,,,,,,,,,,,,,,,,,,,,11.709,12.61,,120.304,,,,,,,,,,,,,,,,,,,,,,,,,,,,,,,,,,,,7.623,439.719,,6208.083,,,,,,,,,,,,,,,,,,,,,,,,,,,,,,,,,,,,,,,
OPEC (Shift),1964,,,,,,,,,,,,,,,,,,,13.938,1.026,,8.385,,,,,,,,,,,,,,,,,,,,,,,,18.974,22.826,,143.13,,,,,,,,,,,,,,,,,,,,,,,,,,,,,,,,,,,,10.093,626.613,,6834.695,,,,,,,,,,,,,,,,,,,,,,,,,,,,,,,,,,,,,,,
OPEC (Shift),1965,,,,,,,,,,,,,,,,,,,6.796,0.57,,8.955,,,,,,,,,,,,,,,,,,,,,,,,19.662,28.142,,171.272,,,,,,,,,,,,,,,,,,,,,,,,,,,,,,,,,,,,7.97,544.703,,7379.398,,,,,,,,,,,,,,,,,,,,,,,,,,,,,,,,,,,,,,,
OPEC (Shift),1966,,,,,,,,,,,,,,,,,,,-12.455,-1.115,,7.84,,,,,,,,,,,,,,,,,,,,,,,,9.952,17.045,,188.317,,,,,,,,,,,,,,,,,,,,,,,,,,,,,,,,,,,,8.802,649.5,,8028.898,,,,,,,,,,,,,,,,,,,,,,,,,,,,,,,,,,,,,,,
OPEC (Shift),1967,,,,,,,,,,,,,,,,,,,-43.406,-3.403,,4.437,,,,,,,,,,,,,,,,,,,,,,,,8.24,15.517,,203.834,,,,,,,,,,,,,,,,,,,,,,,,,,,,,,,,,,,,5.871,471.364,,8500.263,,,,,,,,,,,,,,,,,,,,,,,,,,,,,,,,,,,,,,,
OPEC (Shift),1968,,,,,,,,,,,,,,,,,,,-23.486,-1.042,,3.395,,,,,,,,,,,,,,,,,,,,,,,,18.859,38.441,,242.275,,,,,,,,,,,,,,,,,,,,,,,,,,,,,,,,,,,,6.631,563.636,,9063.898,,,,,,,,,,,,,,,,,,,,,,,,,,,,,,,,,,,,,,,
OPEC (Shift),1969,,,,,,,,,,,,,,,,,,,33.813,1.148,,4.543,,,,,,,,,,,,,,,,,,,,,,,,19.005,46.044,,288.32,,,,,,,,,,,,,,,,,,,,,,,,,,,,,,,,,,,,9.161,830.324,,9894.223,,,,,,,,,,,,,,,,,,,,,,,,,,,,,,,,,,,,,,,
OPEC (Shift),1970,,,,,,,,,,,,,,,,,,,15.054,0.684,,5.227,,,,,,,,,,,,,,,,,,,,,,,,40.137,115.723,,404.043,,,,,,,,,,,,,,,,,,,,,,,,,,,,,,,,,,,,13.293,1315.236,,11209.459,,,,,,,,,,,,,,,,,,,,,,,,,,,,,,,,,,,,,,,
OPEC (Shift),1971,,,,,,,,,,,,,,,,,,,32.243,1.685,,6.912,,,,,,,,,,,,,,,,,,,,,,,,15.235,61.555,,465.599,,,,,,,,,,,,,,,,,,,,,,,,,,,,,,,,,,,,12.594,1411.766,,12621.225,,,,,,,,,,,,,,,,,,,,,,,,,,,,,,,,,,,,,,,
OPEC (Shift),1972,,,,,,,,,,,,,,,,,,,64.075,4.429,,11.34,,,,,,,,,,,,,,,,,,,,,,,,14.806,68.939,,534.537,,,,,,,,,,,,,,,,,,,,,,,,,,,,,,,,,,,,9.858,1244.201,,13865.426,,,,,,,,,,,,,,,,,,,,,,,,,,,,,,,,,,,,,,,
OPEC (Shift),1973,,,,,,,,,,,,,,,,,,,-64.896,-7.359,,3.981,,,,,,,,,,,,,,,,,,,,,,,,18.608,99.465,,634.002,,,,,,,,,,,,,,,,,,,,,,,,,,,,,,,,,,,,15.031,2084.061,,15949.486,,,,,,,,,,,,,,,,,,,,,,,,,,,,,,,,,,,,,,,
OPEC (Shift),1974,,,,,,,,,,,,,,,,,,,221.881,8.833,,12.814,,,,,,,,,,,,,,,,,,,,,,,,10.067,63.824,,697.827,,,,,,,,,,,,,,,,,,,,,,,,,,,,,,,,,,,,1.196,190.721,,16140.207,,,,,,,,,,,,,,,,,,,,,,,,,,,,,,,,,,,,,,,
OPEC (Shift),1975,,,,,,,,,,,,,,,,,,,-14.485,-1.856,,10.958,,,,,,,,,,,,,,,,,,,,,,,,6.601,46.062,,743.888,,,,,,,,,,,,,,,,,,,,,,,,,,,,,,,,,,,,-12.531,-2022.516,,14117.691,,,,,,,,,,,,,,,,,,,,,,,,,,,,,,,,,,,,,,,
OPEC (Shift),1976,,,,,,,,,,,,,,,,,,,-2.897,-0.317,,10.64,,,,,,,,,,,,,,,,,,,,,,,,4.324,32.167,,776.056,,,,,,,,,,,,,,,,,,,,,,,,,,,,,,,,,,,,11.862,1674.686,,15792.377,,,,,,,,,,,,,,,,,,,,,,,,,,,,,,,,,,,,,,,
OPEC (Shift),1977,,,,,,,,,,,,,,,,,,,-1.148,-0.122,,10.518,,,,,,,,,,,,,,,,,,,,,,,,4.128,32.033,,808.089,,,,,,,,,,,,,,,,,,,,,,,,,,,,,,,,,,,,0.474,74.793,,15867.17,,,,,,,,,,,,,,,,,,,,,,,,,,,,,,,,,,,,,,,
OPEC (Shift),1978,,,,,,,,,,,,,,,,,,,-3.251,-0.342,,10.176,,,,,,,,,,,,,,,,,,,,,,,,10.725,86.67,,894.758,,,,,,,,,,,,,,,,,,,,,,,,,,,,,,,,,,,,-4.273,-678.076,,15189.094,,,,,,,,,,,,,,,,,,,,,,,,,,,,,,,,,,,,,,,
OPEC (Shift),1979,,,,,,,,,,,,,,,,,,,-9.44,-0.961,,9.216,,,,,,,,,,,,,,,,,,,,,,,,31.55,282.292,,1177.05,,,,,,,,,,,,,,,,,,,,,,,,,,,,,,,,,,,,3.779,573.964,,15763.058,,,,,,,,,,,,,,,,,,,,,,,,,,,,,,,,,,,,,,,
OPEC (Shift),1980,,,,,,,,,,,,,,,,,,,-7.641,-0.704,,8.511,,,,,,,,,,,,,,,,,,,,,,,,-37.943,-446.605,,730.445,,,,,,,,,,,,,,,,,,,,,,,,,,,,,,,,,,,,-3.262,-514.181,,15248.877,,,,,,,,,,,,,,,,,,,,,,,,,,,,,,,,,,,,,,,
OPEC (Shift),1981,,,,,,,,,,,,,,,,,,,0.786,0.067,,8.578,,,,,,,,,,,,,,,,,,,,,,,,21.666,158.261,,888.706,,,,,,,,,,,,,,,,,,,,,,,,,,,,,,,,,,,,-14.688,-2239.735,,13009.142,,,,,,,,,,,,,,,,,,,,,,,,,,,,,,,,,,,,,,,
OPEC (Shift),1982,,,,,,,,,,,,,,,,,,,5.365,0.46,,9.039,,,,,,,,,,,,,,,,,,,,,,,,3.633,32.282,,920.989,,,,,,,,,,,,,,,,,,,,,,,,,,,,,,,,,,,,-16.725,-2175.823,,10833.318,,,,,,,,,,,,,,,,,,,,,,,,,,,,,,,,,,,,,,,
OPEC (Shift),1983,,,,,,,,,,,,,,,,,,,-0.614,-0.055,,8.983,,,,,,,,,,,,,,,,,,,,,,,,18.364,169.133,,1090.122,,,,,,,,,,,,,,,,,,,,,,,,,,,,,,,,,,,,-7.083,-767.333,,10065.985,,,,,,,,,,,,,,,,,,,,,,,,,,,,,,,,,,,,,,,
OPEC (Shift),1984,,,,,,,,,,,,,,,,,,,4.347,0.39,,9.374,,,,,,,,,,,,,,,,,,,,,,,,17.134,186.785,,1276.907,,,,,,,,,,,,,,,,,,,,,,,,,,,,,,,,,,,,0.307,30.867,,10096.853,,,,,,,,,,,,,,,,,,,,,,,,,,,,,,,,,,,,,,,
OPEC (Shift),1985,,,,,,,,,,,,,,,,,,,10.03,0.94,,10.314,,,,,,,,,,,,,,,,,,,,,,,,8.735,111.535,,1388.442,,,,,,,,,,,,,,,,,,,,,,,,,,,,,,,,,,,,-6.97,-703.738,,9393.114,,,,,,,,,,,,,,,,,,,,,,,,,,,,,,,,,,,,,,,
OPEC (Shift),1986,,,,,,,,,,,,,,,,,,,13.893,1.433,,11.747,,,,,,,,,,,,,,,,,,,,,,,,5.687,78.96,,1467.402,,,,,,,,,,,,,,,,,,,,,,,,,,,,,,,,,,,,15.616,1466.802,,10859.916,,,,,,,,,,,,,,,,,,,,,,,,,,,,,,,,,,,,,,,
OPEC (Shift),1987,,,,,,,,,,,,,,,,,,,-2.923,-0.343,,11.403,,,,,,,,,,,,,,,,,,,,,,,,11.56,169.626,,1637.028,,,,,,,,,,,,,,,,,,,,,,,,,,,,,,,,,,,,1.229,133.441,,10993.357,,,,,,,,,,,,,,,,,,,,,,,,,,,,,,,,,,,,,,,
OPEC (Shift),1988,,,,,,,,,,,,,,,,,,,77.024,8.783,,20.187,,,,,,,,,,,,,,,,,,,,,,,,8.508,139.282,,1776.31,,,,,,,,,,,,,,,,,,,,,,,,,,,,,,,,,,,,11.054,1215.221,,12208.578,,,,,,,,,,,,,,,,,,,,,,,,,,,,,,,,,,,,,,,
OPEC (Shift),1989,,,,,,,,,,,,,,,,,,,42.146,8.508,,28.695,,,,,,,,,,,,,,,,,,,,,,,,9.955,176.826,,1953.136,,,,,,,,,,,,,,,,,,,,,,,,,,,,,,,,,,,,8.61,1051.182,,13259.76,,,,,,,,,,,,,,,,,,,,,,,,,,,,,,,,,,,,,,,
OPEC (Shift),1990,,,,,,,,,,,,,,,,,,,-0.843,-0.242,,28.453,,,,,,,,,,,,,,,,,,,,,,,,-1.974,-38.549,,1914.587,,,,,,,,,,,,,,,,,,,,,,,,,,,,,,,,,,,,4.493,595.794,,13855.554,,,,,,,,,,,,,,,,,,,,,,,,,,,,,,,,,,,,,,,
OPEC (Shift),1991,,,,,,,,,,,,,,,,,,,-5.757,-1.638,,26.815,,,,,,,,,,,,,,,,,,,,,,,,5.268,100.851,,2015.438,,,,,,,,,,,,,,,,,,,,,,,,,,,,,,,,,,,,-0.681,-94.291,,13761.263,,,,,,,,,,,,,,,,,,,,,,,,,,,,,,,,,,,,,,,
OPEC (Shift),1992,,,,,,,,,,,,,,,,,,,10.723,2.875,,29.69,,,,,,,,,,,,,,,,,,,,,,,,7.277,146.668,,2162.106,,,,,,,,,,,,,,,,,,,,,,,,,,,,,,,,,,,,6.744,928.059,,14689.321,,,,,,,,,,,,,,,,,,,,,,,,,,,,,,,,,,,,,,,
OPEC (Shift),1993,,,,,,,,,,,,,,,,,,,42.707,12.68,,42.37,,,,,,,,,,,,,,,,,,,,,,,,2.277,49.224,,2211.33,,,,,,,,,,,,,,,,,,,,,,,,,,,,,,,,,,,,3.454,507.367,,15196.688,,,,,,,,,,,,,,,,,,,,,,,,,,,,,,,,,,,,,,,
OPEC (Shift),1994,,,,,,,,,,,,,,,,,,,12.381,5.246,,47.616,,,,,,,,,,,,,,,,,,,,,,,,2.659,58.79,,2270.12,,,,,,,,,,,,,,,,,,,,,,,,,,,,,,,,,,,,2.504,380.488,,15577.177,,,,,,,,,,,,,,,,,,,,,,,,,,,,,,,,,,,,,,,
OPEC (Shift),1995,,,,,,,,,,,,,,,,,,,-6.518,-3.103,,44.512,,,,,,,,,,,,,,,,,,,,,,,,8.767,199.017,,2469.137,,,,,,,,,,,,,,,,,,,,,,,,,,,,,,,,,,,,2.649,412.624,,15989.801,,,,,,,,,,,,,,,,,,,,,,,,,,,,,,,,,,,,,,,
OPEC (Shift),1996,,,,,,,,,,,,,,,,,,,-10.596,-4.717,,39.796,,,,,,,,,,,,,,,,,,,,,,,,6.561,161.99,,2631.127,,,,,,,,,,,,,,,,,,,,,,,,,,,,,,,,,,,,2.214,354.061,,16343.861,,,,,,,,,,,,,,,,,,,,,,,,,,,,,,,,,,,,,,,
OPEC (Shift),1997,,,,,,,,,,,,,,,,,,,36.334,14.46,,54.256,,,,,,,,,,,,,,,,,,,,,,,,11.913,313.446,,2944.574,,,,,,,,,,,,,,,,,,,,,,,,,,,,,,,,,,,,4.668,762.859,,17106.721,,,,,,,,,,,,,,,,,,,,,,,,,,,,,,,,,,,,,,,
OPEC (Shift),1998,,,,,,,,,,,,,,,,,,,37.03,20.091,,74.346,,,,,,,,,,,,,,,,,,,,,,,,5.934,174.729,,3119.303,,,,,,,,,,,,,,,,,,,,,,,,,,,,,,,,,,,,4.327,740.285,,17847.006,,,,,,,,,,,,,,,,,,,,,,,,,,,,,,,,,,,,,,,
OPEC (Shift),1999,,,,,,,,,,,,,,,,,,,-7.572,-5.63,,68.717,,,,,,,,,,,,,,,,,,,,,,,,5.06,157.839,,3277.142,,,,,,,,,,,,,,,,,,,,,,,,,,,,,,,,,,,,-3.677,-656.186,,17190.82,,,,,,,,,,,,,,,,,,,,,,,,,,,,,,,,,,,,,,,
OPEC (Shift),2000,,,,,,,,,,,,,,,,,,,12.44,8.548,,77.265,,,,,,,,,,,,,,,,,,,,,,,,7.409,242.803,,3519.945,,,,,,,,,,,,,,,,,,,,,,,,,,,,,,,,,,,,6.592,1133.264,,18324.084,,,,,,,,,,,,,,,,,,,,,,,,,,,,,,,,,,,,,,,
OPEC (Shift),2001,,,,,,,,,,,,,,,,,,,-3.508,-2.71,,74.555,,,,,,,,,,,,,,,,,,,,,,,,2.953,103.953,,3623.898,,,,,,,,,,,,,,,,,,,,,,,,,,,,,,,,,,,,-2.378,-435.68,,17888.404,,,,,,,,,,,,,,,,,,,,,,,,,,,,,,,,,,,,,,,
OPEC (Shift),2002,,,,,,,,,,,,,,,,,,,-3.198,-2.384,,72.17,,,,,,,,,,,,,,,,,,,,,,,,4.2,152.213,,3776.111,,,,,,,,,,,,,,,,,,,,,,,,,,,,,,,,,,,,-5.504,-984.656,,16903.748,,,,,,,,,,,,,,,,,,,,,,,,,,,,,,,,,,,,,,,
OPEC (Shift),2003,,,,,,,,,,,,,,,,,,,-5.679,-4.099,,68.072,,,,,,,,,,,,,,,,,,,,,,,,4.522,170.746,,3946.857,,,,,,,,,,,,,,,,,,,,,,,,,,,,,,,,,,,,5.572,941.836,,17845.584,,,,,,,,,,,,,,,,,,,,,,,,,,,,,,,,,,,,,,,
OPEC (Shift),2004,,,,,,,,,,,,,,,,,,,-0.018,-0.012,,68.059,,,,,,,,,,,,,,,,,,,,,,,,6.398,252.522,,4199.379,,,,,,,,,,,,,,,,,,,,,,,,,,,,,,,,,,,,9.731,1736.527,,19582.111,,,,,,,,,,,,,,,,,,,,,,,,,,,,,,,,,,,,,,,
OPEC (Shift),2005,,,,,,,,,,,,,,,,,,,9.627,6.552,,74.612,,,,,,,,,,,,,,,,,,,,,,,,10.609,445.513,,4644.892,,,,,,,,,,,,,,,,,,,,,,,,,,,,,,,,,,,,4.779,935.74,,20517.852,,,,,,,,,,,,,,,,,,,,,,,,,,,,,,,,,,,,,,,
OPEC (Shift),2006,,,,,,,,,,,,,,,,,,,-1.358,-1.013,,73.598,,,,,,,,,,,,,,,,,,,,,,,,4.998,232.164,,4877.056,,,,,,,,,,,,,,,,,,,,,,,,,,,,,,,,,,,,-1.049,-215.285,,20302.566,,,,,,,,,,,,,,,,,,,,,,,,,,,,,,,,,,,,,,,
OPEC (Shift),2007,,,,,,,,,,,,,,,,,,,-10.162,-7.479,,66.12,,,,,,,,,,,,,,,,,,,,,,,,2.631,128.293,,5005.35,,,,,,,,,,,,,,,,,,,,,,,,,,,,,,,,,,,,-0.645,-130.855,,20171.711,,,,,,,,,,,,,,,,,,,,,,,,,,,,,,,,,,,,,,,
OPEC (Shift),2008,,,,,,,,,,,,,,,,,,,-16.197,-10.709,,55.41,,,,,,,,,,,,,,,,,,,,,,,,5.667,283.661,,5289.011,,,,,,,,,,,,,,,,,,,,,,,,,,,,,,,,,,,,4.787,965.668,,21137.379,,,,,,,,,,,,,,,,,,,,,,,,,,,,,,,,,,,,,,,
OPEC (Shift),2009,,,,,,,,,,,,,,,,,,,-24.771,-13.725,,41.685,,,,,,,,,,,,,,,,,,,,,,,,4.143,219.105,,5508.116,,,,,,,,,,,,,,,,,,,,,,,,,,,,,,,,,,,,-4.879,-1031.258,,20106.121,,,,,,,,,,,,,,,,,,,,,,,,,,,,,,,,,,,,,,,
OPEC (Shift),2010,,,,,,,,,,,,,,,,,,,-23.906,-9.965,,31.719,,,,,,,,,,,,,,,,,,,,,,,,10.184,560.971,,6069.086,,,,,,,,,,,,,,,,,,,,,,,,,,,,,,,,,,,,3.025,608.24,,20714.361,,,,,,,,,,,,,,,,,,,,,,,,,,,,,,,,,,,,,,,
OPEC (Shift),2011,,,,,,,,,,,,,,,,,,,1.341,0.425,,32.145,,,,,,,,,,,,,,,,,,,,,,,,9.738,590.998,,6660.084,,,,,,,,,,,,,,,,,,,,,,,,,,,,,,,,,,,,4.5,932.062,,21646.424,,,,,,,,,,,,,,,,,,,,,,,,,,,,,,,,,,,,,,,
OPEC (Shift),2012,,,,,,,,,,,,,,,,,,,-21.192,-6.812,,25.333,,,,,,,,,,,,,,,,,,,,,,,,5.968,397.455,,7057.539,,,,,,,,,,,,,,,,,,,,,,,,,,,,,,,,,,,,1.242,268.898,,21915.322,,,,,,,,,,,,,,,,,,,,,,,,,,,,,,,,,,,,,,,
OPEC (Shift),2013,,,,,,,,,,,,,,,,,,,-33.231,-8.418,,16.914,,,,,,,,,,,,,,,,,,,,,,,,-0.053,-3.773,,7053.766,,,,,,,,,,,,,,,,,,,,,,,,,,,,,,,,,,,,-1.803,-395.213,,21520.109,,,,,,,,,,,,,,,,,,,,,,,,,,,,,,,,,,,,,,,
OPEC (Shift),2014,,,,,,,,,,,,,,,,,,,15.359,2.598,,19.512,,,,,,,,,,,,,,,,,,,,,,,,2.827,199.386,,7253.152,,,,,,,,,,,,,,,,,,,,,,,,,,,,,,,,,,,,1.441,310.061,,21830.17,,,,,,,,,,,,,,,,,,,,,,,,,,,,,,,,,,,,,,,
OPEC (Shift),2015,,,,,,,,,,,,,,,,,,,-9.75,-1.902,,17.61,,,,,,,,,,,,,,,,,,,,,,,,4.456,323.221,,7576.373,,,,,,,,,,,,,,,,,,,,,,,,,,,,,,,,,,,,3.695,806.645,,22636.814,,,,,,,,,,,,,,,,,,,,,,,,,,,,,,,,,,,,,,,
OPEC (Shift),2016,,,,,,,,,,,,,,,,,,,-1.206,-0.212,,17.398,,,,,,,,,,,,,,,,,,,,,,,,4.747,359.672,,7936.045,,,,,,,,,,,,,,,,,,,,,,,,,,,,,,,,,,,,3.373,763.514,,23400.328,,,,,,,,,,,,,,,,,,,,,,,,,,,,,,,,,,,,,,,
OPEC - Africa (EIA),1980,,,,,,,,,,,,,,,,,,,,,,,,,,,,,,,,,,,,,,,,,,,,,,,,,,,,,,,,,,,,,,,,,,,,,,,,,,,,,,,,,,,,,,,,,,,,,,,,,,,,,,,498.086,,,,,,,,,,,,,,,,,,,,,,,,
OPEC - Africa (EIA),1981,,,,,,,,,,,,,,,,,,,,,,,,,,,,-3.417,-17.022,,,,,,,,,,,,,,,,,,,,,,,,,,,,,,,,,,,,,,,,,,,,,,,,,,,,,,,,,,,,,,,,,,,,,,,,,,481.065,,,,,,,,,,,,,,,,,,,,,,,,
OPEC - Africa (EIA),1982,,,,,,,,,,,,,,,,,,,,,,,,,,,,17.691,85.107,,,,,,,,,,,,,,,,,,,,,,,,,,,,,,,,,,,,,,,,,,,,,,,,,,,,,,,,,,,,,,,,,,,,,,,,,,566.171,,,,,,,,,,,,,,,,,,,,,,,,
OPEC - Africa (EIA),1983,,,,,,,,,,,,,,,,,,,,,,,,,,,,8.245,46.683,,,,,,,,,,,,,,,,,,,,,,,,,,,,,,,,,,,,,,,,,,,,,,,,,,,,,,,,,,,,,,,,,,,,,,,,,,612.855,,,,,,,,,,,,,,,,,,,,,,,,
OPEC - Africa (EIA),1984,,,,,,,,,,,,,,,,,,,,,,,,,,,,4.425,27.116,,,,,,,,,,,,,,,,,,,,,,,,,,,,,,,,,,,,,,,,,,,,,,,,,,,,,,,,,,,,,,,,,,,,,,,,,,639.971,,,,,,,,,,,,,,,,,,,,,,,,
OPEC - Africa (EIA),1985,,,,,,,,,,,,,,,,,,,,,,,,,,,,0.326,2.087,,,,,,,,,,,,,,,,,,,,,,,,,,,,,,,,,,,,,,,,,,,,,,,,,,,,,,,,,,,,,,,,,,,,,,,,,,642.058,,,,,,,,,,,,,,,,,,,,,,,,
OPEC - Africa (EIA),1986,,,,,,,,,,,,,,,,,,,,,,,,,,,,0.92,5.908,,,,,,,,,,,,,,,,,,,,,,,,,,,,,,,,,,,,,,,,,,,,,,,,,,,,,,,,,,,,,,,,,,,,,,,,,,647.966,,,,,,,,,,,,,,,,,,,,,,,,
OPEC - Africa (EIA),1987,,,,,,,,,,,,,,,,,,,,,,,,,,,,5.765,37.355,,,,,,,,,,,,,,,,,,,,,,,,,,,,,,,,,,,,,,,,,,,,,,,,,,,,,,,,,,,,,,,,,,,,,,,,,,685.322,,,,,,,,,,,,,,,,,,,,,,,,
OPEC - Africa (EIA),1988,,,,,,,,,,,,,,,,,,,,,,,,,,,,5.603,38.401,,,,,,,,,,,,,,,,,,,,,,,,,,,,,,,,,,,,,,,,,,,,,,,,,,,,,,,,,,,,,,,,,,,,,,,,,,723.723,,,,,,,,,,,,,,,,,,,,,,,,
OPEC - Africa (EIA),1989,,,,,,,,,,,,,,,,,,,,,,,,,,,,1.713,12.399,,,,,,,,,,,,,,,,,,,,,,,,,,,,,,,,,,,,,,,,,,,,,,,,,,,,,,,,,,,,,,,,,,,,,,,,,,736.122,,,,,,,,,,,,,,,,,,,,,,,,
OPEC - Africa (EIA),1990,,,,,,,,,,,,,,,,,,,,,,,,,,,,2.184,16.079,,,,,,,,,,,,,,,,,,,,,,,,,,,,,,,,,,,,,,,,,,,,,,,,,,,,,,,,,,,,,,,,,,,,,,,,,,752.2,,,,,,,,,,,,,,,,,,,,,,,,
OPEC - Africa (EIA),1991,,,,,,,,,,,,,,,,,,,,,,,,,,,,9.014,67.801,,,,,,,,,,,,,,,,,,,,,,,,,,,,,,,,,,,,,,,,,,,,,,,,,,,,,,,,,,,,,,,,,,,,,,,,,,820.001,,,,,,,,,,,,,,,,,,,,,,,,
OPEC - Africa (EIA),1992,,,,,,,,,,,,,,,,,,,,,,,,,,,,-2.38,-19.513,,,,,,,,,,,,,,,,,,,,,,,,,,,,,,,,,,,,,,,,,,,,,,,,,,,,,,,,,,,,,,,,,,,,,,,,,,800.488,,,,,,,,,,,,,,,,,,,,,,,,
OPEC - Africa (EIA),1993,,,,,,,,,,,,,,,,,,,,,,,,,,,,-2.948,-23.595,,,,,,,,,,,,,,,,,,,,,,,,,,,,,,,,,,,,,,,,,,,,,,,,,,,,,,,,,,,,,,,,,,,,,,,,,,776.893,,,,,,,,,,,,,,,,,,,,,,,,
OPEC - Africa (EIA),1994,,,,,,,,,,,,,,,,,,,,,,,,,,,,-0.085,-0.658,,,,,,,,,,,,,,,,,,,,,,,,,,,,,,,,,,,,,,,,,,,,,,,,,,,,,,,,,,,,,,,,,,,,,,,,,,776.235,,,,,,,,,,,,,,,,,,,,,,,,
OPEC - Africa (EIA),1995,,,,,,,,,,,,,,,,,,,,,,,,,,,,6.284,48.777,,,,,,,,,,,,,,,,,,,,,,,,,,,,,,,,,,,,,,,,,,,,,,,,,,,,,,,,,,,,,,,,,,,,,,,,,,825.013,,,,,,,,,,,,,,,,,,,,,,,,
OPEC - Africa (EIA),1996,,,,,,,,,,,,,,,,,,,,,,,,,,,,0.907,7.486,,,,,,,,,,,,,,,,,,,,,,,,,,,,,,,,,,,,,,,,,,,,,,,,,,,,,,,,,,,,,,,,,,,,,,,,,,832.498,,,,,,,,,,,,,,,,,,,,,,,,
OPEC - Africa (EIA),1997,,,,,,,,,,,,,,,,,,,,,,,,,,,,-0.574,-4.776,,,,,,,,,,,,,,,,,,,,,,,,,,,,,,,,,,,,,,,,,,,,,,,,,,,,,,,,,,,,,,,,,,,,,,,,,,827.722,,,,,,,,,,,,,,,,,,,,,,,,
OPEC - Africa (EIA),1998,,,,,,,,,,,,,,,,,,,,,,,,,,,,-0.768,-6.357,,,,,,,,,,,,,,,,,,,,,,,,,,,,,,,,,,,,,,,,,,,,,,,,,,,,,,,,,,,,,,,,,,,,,,,,,,821.365,,,,,,,,,,,,,,,,,,,,,,,,
OPEC - Africa (EIA),1999,,,,,,,,,,,,,,,,,,,,,,,,,,,,-1.615,-13.265,,,,,,,,,,,,,,,,,,,,,,,,,,,,,,,,,,,,,,,,,,,,,,,,,,,,,,,,,,,,,,,,,,,,,,,,,,808.1,,,,,,,,,,,,,,,,,,,,,,,,
OPEC - Africa (EIA),2000,,,,,,,,,,,,,,,,,,,,,,,,,,,,6.654,53.769,,,,,,,,,,,,,,,,,,,,,,,,,,,,,,,,,,,,,,,,,,,,,,,,,,,,,,,,,,,,,,,,,,,,,,,,,,861.869,,,,,,,,,,,,,,,,,,,,,,,,
OPEC - Africa (EIA),2001,,,,,,,,,,,,,,,,,,,,,,,,,,,,4.046,34.869,,,,,,,,,,,,,,,,,,,,,,,,,,,,,,,,,,,,,,,,,,,,,,,,,,,,,,,,,,,,,,,,,,,,,,,,,,896.738,,,,,,,,,,,,,,,,,,,,,,,,
OPEC - Africa (EIA),2002,,,,,,,,,,,,,,,,,,,,,,,,,,,,6.196,55.564,,,,,,,,,,,,,,,,,,,,,,,,,,,,,,,,,,,,,,,,,,,,,,,,,,,,,,,,,,,,,,,,,,,,,,,,,,952.302,,,,,,,,,,,,,,,,,,,,,,,,
OPEC - Africa (EIA),2003,,,,,,,,,,,,,,,,,,,,,,,,,,,,2.358,22.453,,,,,,,,,,,,,,,,,,,,,,,,,,,,,,,,,,,,,,,,,,,,,,,,,,,,,,,,,,,,,,,,,,,,,,,,,,974.755,,,,,,,,,,,,,,,,,,,,,,,,
OPEC - Africa (EIA),2004,,,,,,,,,,,,,,,,,,,,,,,,,,,,-1.198,-11.674,,,,,,,,,,,,,,,,,,,,,,,,,,,,,,,,,,,,,,,,,,,,,,,,,,,,,,,,,,,,,,,,,,,,,,,,,,963.081,,,,,,,,,,,,,,,,,,,,,,,,
OPEC - Africa (EIA),2005,,,,,,,,,,,,,,,,,,,,,,,,,,,,10.831,104.308,,,,,,,,,,,,,,,,,,,,,,,,,,,,,,,,,,,,,,,,,,,,,,,,,,,,,,,,,,,,,,,,,,,,,,,,,,1067.389,,,,,,,,,,,,,,,,,,,,,,,,
OPEC - Africa (EIA),2006,,,,,,,,,,,,,,,,,,,,,,,,,,,,-1.532,-16.354,,,,,,,,,,,,,,,,,,,,,,,,,,,,,,,,,,,,,,,,,,,,,,,,,,,,,,,,,,,,,,,,,,,,,,,,,,1051.035,,,,,,,,,,,,,,,,,,,,,,,,
OPEC - Africa (EIA),2007,,,,,,,,,,,,,,,,,,,,,,,,,,,,-1.491,-15.674,,,,,,,,,,,,,,,,,,,,,,,,,,,,,,,,,,,,,,,,,,,,,,,,,,,,,,,,,,,,,,,,,,,,,,,,,,1035.361,,,,,,,,,,,,,,,,,,,,,,,,
OPEC - Africa (EIA),2008,,,,,,,,,,,,,,,,,,,,,,,,,,,,10.555,109.281,,,,,,,,,,,,,,,,,,,,,,,,,,,,,,,,,,,,,,,,,,,,,,,,,,,,,,,,,,,,,,,,,,,,,,,,,,1144.641,,,,,,,,,,,,,,,,,,,,,,,,
OPEC - Africa (EIA),2009,,,,,,,,,,,,,,,,,,,,,,,,,,,,-3.495,-40.006,,,,,,,,,,,,,,,,,,,,,,,,,,,,,,,,,,,,,,,,,,,,,,,,,,,,,,,,,,,,,,,,,,,,,,,,,,1104.635,,,,,,,,,,,,,,,,,,,,,,,,
OPEC - Africa (EIA),2010,,,,,,,,,,,,,,,,,,,,,,,,,,,,6.631,73.25,,,,,,,,,,,,,,,,,,,,,,,,,,,,,,,,,,,,,,,,,,,,,,,,,,,,,,,,,,,,,,,,,,,,,,,,,,1177.885,,,,,,,,,,,,,,,,,,,,,,,,
OPEC - Africa (EIA),2011,,,,,,,,,,,,,,,,,,,,,,,,,,,,5.95,70.089,,,,,,,,,,,,,,,,,,,,,,,,,,,,,,,,,,,,,,,,,,,,,,,,,,,,,,,,,,,,,,,,,,,,,,,,,,1247.975,,,,,,,,,,,,,,,,,,,,,,,,
OPEC - Africa (EIA),2012,,,,,,,,,,,,,,,,,,,,,,,,,,,,7.715,96.277,,,,,,,,,,,,,,,,,,,,,,,,,,,,,,,,,,,,,,,,,,,,,,,,,,,,,,,,,,,,,,,,,,,,,,,,,,1344.252,,,,,,,,,,,,,,,,,,,,,,,,
OPEC - Africa (EIA),2013,,,,,,,,,,,,,,,,,,,,,,,,,,,,8.635,116.073,,,,,,,,,,,,,,,,,,,,,,,,,,,,,,,,,,,,,,,,,,,,,,,,,,,,,,,,,,,,,,,,,,,,,,,,,,1460.325,,,,,,,,,,,,,,,,,,,,,,,,
OPEC - Africa (EIA),2014,,,,,,,,,,,,,,,,,,,,,,,,,,,,8.219,120.023,,,,,,,,,,,,,,,,,,,,,,,,,,,,,,,,,,,,,,,,,,,,,,,,,,,,,,,,,,,,,,,,,,,,,,,,,,1580.348,,,,,,,,,,,,,,,,,,,,,,,,
OPEC - Africa (EIA),2015,,,,,,,,,,,,,,,,,,,,,,,,,,,,-3.578,-56.539,,,,,,,,,,,,,,,,,,,,,,,,,,,,,,,,,,,,,,,,,,,,,,,,,,,,,,,,,,,,,,,,,,,,,,,,,,1523.808,,,,,,,,,,,,,,,,,,,,,,,,
OPEC - Africa (EIA),2016,,,,,,,,,,,,,,,,,,,,,,,,,,,,-0.676,-10.296,,,,,,,,,,,,,,,,,,,,,,,,,,,,,,,,,,,,,,,,,,,,,,,,,,,,,,,,,,,,,,,,,,,,,,,,,,1513.512,,,,,,,,,,,,,,,,,,,,,,,,
OPEC - Africa (EIA),2017,,,,,,,,,,,,,,,,,,,,,,,,,,,,0.718,10.861,,,,,,,,,,,,,,,,,,,,,,,,,,,,,,,,,,,,,,,,,,,,,,,,,,,,,,,,,,,,,,,,,,,,,,,,,,1524.373,,,,,,,,,,,,,,,,,,,,,,,,
OPEC - Africa (EIA),2018,,,,,,,,,,,,,,,,,,,,,,,,,,,,5.285,80.568,,,,,,,,,,,,,,,,,,,,,,,,,,,,,,,,,,,,,,,,,,,,,,,,,,,,,,,,,,,,,,,,,,,,,,,,,,1604.942,,,,,,,,,,,,,,,,,,,,,,,,
OPEC - Africa (EIA),2019,,,,,,,,,,,,,,,,,,,,,,,,,,,,3.789,60.811,,,,,,,,,,,,,,,,,,,,,,,,,,,,,,,,,,,,,,,,,,,,,,,,,,,,,,,,,,,,,,,,,,,,,,,,,,1665.752,,,,,,,,,,,,,,,,,,,,,,,,
OPEC - Africa (EIA),2020,,,,,,,,,,,,,,,,,,,,,,,,,,,,-4.446,-74.058,,,,,,,,,,,,,,,,,,,,,,,,,,,,,,,,,,,,,,,,,,,,,,,,,,,,,,,,,,,,,,,,,,,,,,,,,,1591.694,,,,,,,,,,,,,,,,,,,,,,,,
OPEC - Africa (EIA),2021,,,,,,,,,,,,,,,,,,,,,,,,,,,,3.012,47.936,,,,,,,,,,,,,,,,,,,,,,,,,,,,,,,,,,,,,,,,,,,,,,,,,,,,,,,,,,,,,,,,,,,,,,,,,,1639.63,,,,,,,,,,,,,,,,,,,,,,,,
OPEC - South America (EIA),1980,,,,,,,,,,,,,,,,,,,,,,,,,,,,,,,,,,,,,,,,,,,,,,,,,,,,,,,,,,,,,,,,,,,,,,,,,,,,,,,,,,,,,,,,,,,,,,,,,,,,,,,464.272,,,,,,,,,,,,,,,,,,,,,,,,
OPEC - South America (EIA),1981,,,,,,,,,,,,,,,,,,,,,,,,,,,,8.56,39.744,,,,,,,,,,,,,,,,,,,,,,,,,,,,,,,,,,,,,,,,,,,,,,,,,,,,,,,,,,,,,,,,,,,,,,,,,,504.016,,,,,,,,,,,,,,,,,,,,,,,,
OPEC - South America (EIA),1982,,,,,,,,,,,,,,,,,,,,,,,,,,,,1.628,8.206,,,,,,,,,,,,,,,,,,,,,,,,,,,,,,,,,,,,,,,,,,,,,,,,,,,,,,,,,,,,,,,,,,,,,,,,,,512.222,,,,,,,,,,,,,,,,,,,,,,,,
OPEC - South America (EIA),1983,,,,,,,,,,,,,,,,,,,,,,,,,,,,-3.101,-15.886,,,,,,,,,,,,,,,,,,,,,,,,,,,,,,,,,,,,,,,,,,,,,,,,,,,,,,,,,,,,,,,,,,,,,,,,,,496.335,,,,,,,,,,,,,,,,,,,,,,,,
OPEC - South America (EIA),1984,,,,,,,,,,,,,,,,,,,,,,,,,,,,0.638,3.167,,,,,,,,,,,,,,,,,,,,,,,,,,,,,,,,,,,,,,,,,,,,,,,,,,,,,,,,,,,,,,,,,,,,,,,,,,499.502,,,,,,,,,,,,,,,,,,,,,,,,
OPEC - South America (EIA),1985,,,,,,,,,,,,,,,,,,,,,,,,,,,,2.5,12.488,,,,,,,,,,,,,,,,,,,,,,,,,,,,,,,,,,,,,,,,,,,,,,,,,,,,,,,,,,,,,,,,,,,,,,,,,,511.99,,,,,,,,,,,,,,,,,,,,,,,,
OPEC - South America (EIA),1986,,,,,,,,,,,,,,,,,,,,,,,,,,,,7.793,39.899,,,,,,,,,,,,,,,,,,,,,,,,,,,,,,,,,,,,,,,,,,,,,,,,,,,,,,,,,,,,,,,,,,,,,,,,,,551.889,,,,,,,,,,,,,,,,,,,,,,,,
OPEC - South America (EIA),1987,,,,,,,,,,,,,,,,,,,,,,,,,,,,1.941,10.712,,,,,,,,,,,,,,,,,,,,,,,,,,,,,,,,,,,,,,,,,,,,,,,,,,,,,,,,,,,,,,,,,,,,,,,,,,562.602,,,,,,,,,,,,,,,,,,,,,,,,
OPEC - South America (EIA),1988,,,,,,,,,,,,,,,,,,,,,,,,,,,,0.596,3.352,,,,,,,,,,,,,,,,,,,,,,,,,,,,,,,,,,,,,,,,,,,,,,,,,,,,,,,,,,,,,,,,,,,,,,,,,,565.954,,,,,,,,,,,,,,,,,,,,,,,,
OPEC - South America (EIA),1989,,,,,,,,,,,,,,,,,,,,,,,,,,,,6.434,36.412,,,,,,,,,,,,,,,,,,,,,,,,,,,,,,,,,,,,,,,,,,,,,,,,,,,,,,,,,,,,,,,,,,,,,,,,,,602.366,,,,,,,,,,,,,,,,,,,,,,,,
OPEC - South America (EIA),1990,,,,,,,,,,,,,,,,,,,,,,,,,,,,1.254,7.553,,,,,,,,,,,,,,,,,,,,,,,,,,,,,,,,,,,,,,,,,,,,,,,,,,,,,,,,,,,,,,,,,,,,,,,,,,609.919,,,,,,,,,,,,,,,,,,,,,,,,
OPEC - South America (EIA),1991,,,,,,,,,,,,,,,,,,,,,,,,,,,,6.318,38.533,,,,,,,,,,,,,,,,,,,,,,,,,,,,,,,,,,,,,,,,,,,,,,,,,,,,,,,,,,,,,,,,,,,,,,,,,,648.452,,,,,,,,,,,,,,,,,,,,,,,,
OPEC - South America (EIA),1992,,,,,,,,,,,,,,,,,,,,,,,,,,,,0.394,2.553,,,,,,,,,,,,,,,,,,,,,,,,,,,,,,,,,,,,,,,,,,,,,,,,,,,,,,,,,,,,,,,,,,,,,,,,,,651.005,,,,,,,,,,,,,,,,,,,,,,,,
OPEC - South America (EIA),1993,,,,,,,,,,,,,,,,,,,,,,,,,,,,3.362,21.887,,,,,,,,,,,,,,,,,,,,,,,,,,,,,,,,,,,,,,,,,,,,,,,,,,,,,,,,,,,,,,,,,,,,,,,,,,672.892,,,,,,,,,,,,,,,,,,,,,,,,
OPEC - South America (EIA),1994,,,,,,,,,,,,,,,,,,,,,,,,,,,,6.015,40.477,,,,,,,,,,,,,,,,,,,,,,,,,,,,,,,,,,,,,,,,,,,,,,,,,,,,,,,,,,,,,,,,,,,,,,,,,,713.369,,,,,,,,,,,,,,,,,,,,,,,,
OPEC - South America (EIA),1995,,,,,,,,,,,,,,,,,,,,,,,,,,,,1.603,11.437,,,,,,,,,,,,,,,,,,,,,,,,,,,,,,,,,,,,,,,,,,,,,,,,,,,,,,,,,,,,,,,,,,,,,,,,,,724.807,,,,,,,,,,,,,,,,,,,,,,,,
OPEC - South America (EIA),1996,,,,,,,,,,,,,,,,,,,,,,,,,,,,4.025,29.176,,,,,,,,,,,,,,,,,,,,,,,,,,,,,,,,,,,,,,,,,,,,,,,,,,,,,,,,,,,,,,,,,,,,,,,,,,753.983,,,,,,,,,,,,,,,,,,,,,,,,
OPEC - South America (EIA),1997,,,,,,,,,,,,,,,,,,,,,,,,,,,,3.531,26.625,,,,,,,,,,,,,,,,,,,,,,,,,,,,,,,,,,,,,,,,,,,,,,,,,,,,,,,,,,,,,,,,,,,,,,,,,,780.608,,,,,,,,,,,,,,,,,,,,,,,,
OPEC - South America (EIA),1998,,,,,,,,,,,,,,,,,,,,,,,,,,,,5.652,44.123,,,,,,,,,,,,,,,,,,,,,,,,,,,,,,,,,,,,,,,,,,,,,,,,,,,,,,,,,,,,,,,,,,,,,,,,,,824.731,,,,,,,,,,,,,,,,,,,,,,,,
OPEC - South America (EIA),1999,,,,,,,,,,,,,,,,,,,,,,,,,,,,-6.019,-49.643,,,,,,,,,,,,,,,,,,,,,,,,,,,,,,,,,,,,,,,,,,,,,,,,,,,,,,,,,,,,,,,,,,,,,,,,,,775.088,,,,,,,,,,,,,,,,,,,,,,,,
OPEC - South America (EIA),2000,,,,,,,,,,,,,,,,,,,,,,,,,,,,3.307,25.632,,,,,,,,,,,,,,,,,,,,,,,,,,,,,,,,,,,,,,,,,,,,,,,,,,,,,,,,,,,,,,,,,,,,,,,,,,800.72,,,,,,,,,,,,,,,,,,,,,,,,
OPEC - South America (EIA),2001,,,,,,,,,,,,,,,,,,,,,,,,,,,,9.676,77.476,,,,,,,,,,,,,,,,,,,,,,,,,,,,,,,,,,,,,,,,,,,,,,,,,,,,,,,,,,,,,,,,,,,,,,,,,,878.196,,,,,,,,,,,,,,,,,,,,,,,,
OPEC - South America (EIA),2002,,,,,,,,,,,,,,,,,,,,,,,,,,,,-4.722,-41.464,,,,,,,,,,,,,,,,,,,,,,,,,,,,,,,,,,,,,,,,,,,,,,,,,,,,,,,,,,,,,,,,,,,,,,,,,,836.731,,,,,,,,,,,,,,,,,,,,,,,,
OPEC - South America (EIA),2003,,,,,,,,,,,,,,,,,,,,,,,,,,,,-7.893,-66.043,,,,,,,,,,,,,,,,,,,,,,,,,,,,,,,,,,,,,,,,,,,,,,,,,,,,,,,,,,,,,,,,,,,,,,,,,,770.688,,,,,,,,,,,,,,,,,,,,,,,,
OPEC - South America (EIA),2004,,,,,,,,,,,,,,,,,,,,,,,,,,,,12.753,98.288,,,,,,,,,,,,,,,,,,,,,,,,,,,,,,,,,,,,,,,,,,,,,,,,,,,,,,,,,,,,,,,,,,,,,,,,,,868.977,,,,,,,,,,,,,,,,,,,,,,,,
OPEC - South America (EIA),2005,,,,,,,,,,,,,,,,,,,,,,,,,,,,1.334,11.59,,,,,,,,,,,,,,,,,,,,,,,,,,,,,,,,,,,,,,,,,,,,,,,,,,,,,,,,,,,,,,,,,,,,,,,,,,880.566,,,,,,,,,,,,,,,,,,,,,,,,
OPEC - South America (EIA),2006,,,,,,,,,,,,,,,,,,,,,,,,,,,,5.443,47.925,,,,,,,,,,,,,,,,,,,,,,,,,,,,,,,,,,,,,,,,,,,,,,,,,,,,,,,,,,,,,,,,,,,,,,,,,,928.492,,,,,,,,,,,,,,,,,,,,,,,,
OPEC - South America (EIA),2007,,,,,,,,,,,,,,,,,,,,,,,,,,,,-5.576,-51.772,,,,,,,,,,,,,,,,,,,,,,,,,,,,,,,,,,,,,,,,,,,,,,,,,,,,,,,,,,,,,,,,,,,,,,,,,,876.719,,,,,,,,,,,,,,,,,,,,,,,,
OPEC - South America (EIA),2008,,,,,,,,,,,,,,,,,,,,,,,,,,,,6.098,53.463,,,,,,,,,,,,,,,,,,,,,,,,,,,,,,,,,,,,,,,,,,,,,,,,,,,,,,,,,,,,,,,,,,,,,,,,,,930.182,,,,,,,,,,,,,,,,,,,,,,,,
OPEC - South America (EIA),2009,,,,,,,,,,,,,,,,,,,,,,,,,,,,-1.963,-18.263,,,,,,,,,,,,,,,,,,,,,,,,,,,,,,,,,,,,,,,,,,,,,,,,,,,,,,,,,,,,,,,,,,,,,,,,,,911.919,,,,,,,,,,,,,,,,,,,,,,,,
OPEC - South America (EIA),2010,,,,,,,,,,,,,,,,,,,,,,,,,,,,-0.107,-0.98,,,,,,,,,,,,,,,,,,,,,,,,,,,,,,,,,,,,,,,,,,,,,,,,,,,,,,,,,,,,,,,,,,,,,,,,,,910.939,,,,,,,,,,,,,,,,,,,,,,,,
OPEC - South America (EIA),2011,,,,,,,,,,,,,,,,,,,,,,,,,,,,0.879,8.003,,,,,,,,,,,,,,,,,,,,,,,,,,,,,,,,,,,,,,,,,,,,,,,,,,,,,,,,,,,,,,,,,,,,,,,,,,918.942,,,,,,,,,,,,,,,,,,,,,,,,
OPEC - South America (EIA),2012,,,,,,,,,,,,,,,,,,,,,,,,,,,,8.41,77.279,,,,,,,,,,,,,,,,,,,,,,,,,,,,,,,,,,,,,,,,,,,,,,,,,,,,,,,,,,,,,,,,,,,,,,,,,,996.222,,,,,,,,,,,,,,,,,,,,,,,,
OPEC - South America (EIA),2013,,,,,,,,,,,,,,,,,,,,,,,,,,,,-5.338,-53.177,,,,,,,,,,,,,,,,,,,,,,,,,,,,,,,,,,,,,,,,,,,,,,,,,,,,,,,,,,,,,,,,,,,,,,,,,,943.045,,,,,,,,,,,,,,,,,,,,,,,,
OPEC - South America (EIA),2014,,,,,,,,,,,,,,,,,,,,,,,,,,,,-4.985,-47.007,,,,,,,,,,,,,,,,,,,,,,,,,,,,,,,,,,,,,,,,,,,,,,,,,,,,,,,,,,,,,,,,,,,,,,,,,,896.038,,,,,,,,,,,,,,,,,,,,,,,,
OPEC - South America (EIA),2015,,,,,,,,,,,,,,,,,,,,,,,,,,,,0.087,0.784,,,,,,,,,,,,,,,,,,,,,,,,,,,,,,,,,,,,,,,,,,,,,,,,,,,,,,,,,,,,,,,,,,,,,,,,,,896.822,,,,,,,,,,,,,,,,,,,,,,,,
OPEC - South America (EIA),2016,,,,,,,,,,,,,,,,,,,,,,,,,,,,-4.12,-36.951,,,,,,,,,,,,,,,,,,,,,,,,,,,,,,,,,,,,,,,,,,,,,,,,,,,,,,,,,,,,,,,,,,,,,,,,,,859.871,,,,,,,,,,,,,,,,,,,,,,,,
OPEC - South America (EIA),2017,,,,,,,,,,,,,,,,,,,,,,,,,,,,-1.974,-16.974,,,,,,,,,,,,,,,,,,,,,,,,,,,,,,,,,,,,,,,,,,,,,,,,,,,,,,,,,,,,,,,,,,,,,,,,,,842.897,,,,,,,,,,,,,,,,,,,,,,,,
OPEC - South America (EIA),2018,,,,,,,,,,,,,,,,,,,,,,,,,,,,-10.071,-84.886,,,,,,,,,,,,,,,,,,,,,,,,,,,,,,,,,,,,,,,,,,,,,,,,,,,,,,,,,,,,,,,,,,,,,,,,,,758.011,,,,,,,,,,,,,,,,,,,,,,,,
OPEC - South America (EIA),2019,,,,,,,,,,,,,,,,,,,,,,,,,,,,-18.202,-137.971,,,,,,,,,,,,,,,,,,,,,,,,,,,,,,,,,,,,,,,,,,,,,,,,,,,,,,,,,,,,,,,,,,,,,,,,,,620.041,,,,,,,,,,,,,,,,,,,,,,,,
OPEC - South America (EIA),2020,,,,,,,,,,,,,,,,,,,,,,,,,,,,-15.715,-97.437,,,,,,,,,,,,,,,,,,,,,,,,,,,,,,,,,,,,,,,,,,,,,,,,,,,,,,,,,,,,,,,,,,,,,,,,,,522.604,,,,,,,,,,,,,,,,,,,,,,,,
OPEC - South America (EIA),2021,,,,,,,,,,,,,,,,,,,,,,,,,,,,1.644,8.593,,,,,,,,,,,,,,,,,,,,,,,,,,,,,,,,,,,,,,,,,,,,,,,,,,,,,,,,,,,,,,,,,,,,,,,,,,531.196,,,,,,,,,,,,,,,,,,,,,,,,
Oceania,1900,,5936615.0,,,,,,,,,,,,,,,,,,,8411.873,49.938,,,,,,,,,,,,,,,,,,,,,,,,,,0.0,0.0,,,,,,,,,,,,,,,,,,,,,,,,,,,,,,,,,,,,,,0.0,0.0,,,,,,,,,,,,,,,,,,,,,,,,,,,,,,,,,,,,,,,
Oceania,1901,,5921693.0,,,,,,,,,,,,,,,,,8.473,4.231,9147.619,54.169,,,,,,,,,,,,,,,,,,,,,,,,,0.0,0.0,0.0,,,,,,,,,,,,,,,,,,,,,,,,,,,,,,,,,,,,,0.0,0.0,0.0,,,,,,,,,,,,,,,,,,,,,,,,,,,,,,,,,,,,,,,
Oceania,1902,,6008328.0,,,,,,,,,,,,,,,,,1.388,0.752,9140.821,54.921,,,,,,,,,,,,,,,,,,,,,,,,,0.0,0.0,0.0,,,,,,,,,,,,,,,,,,,,,,,,,,,,,,,,,,,,,0.0,0.0,0.0,,,,,,,,,,,,,,,,,,,,,,,,,,,,,,,,,,,,,,,
Oceania,1903,,6089639.0,,,,,,,,,,,,,,,,,3.759,2.064,9357.745,56.985,,,,,,,,,,,,,,,,,,,,,,,,,0.0,0.0,0.0,,,,,,,,,,,,,,,,,,,,,,,,,,,,,,,,,,,,,0.0,0.0,0.0,,,,,,,,,,,,,,,,,,,,,,,,,,,,,,,,,,,,,,,
Oceania,1904,,6180748.0,,,,,,,,,,,,,,,,,-1.609,-0.917,9071.472,56.068,,,,,,,,,,,,,,,,,,,,,,,,,0.0,0.0,0.0,,,,,,,,,,,,,,,,,,,,,,,,,,,,,,,,,,,,,0.0,0.0,0.0,,,,,,,,,,,,,,,,,,,,,,,,,,,,,,,,,,,,,,,
Oceania,1905,,6273490.0,,,,,,,,,,,,,,,,,8.19,4.592,9669.311,60.66,,,,,,,,,,,,,,,,,,,,,,,,,0.0,0.0,0.0,,,,,,,,,,,,,,,,,,,,,,,,,,,,,,,,,,,,,0.0,0.0,0.0,,,,,,,,,,,,,,,,,,,,,,,,,,,,,,,,,,,,,,,
Oceania,1906,,6376388.0,,,,,,,,,,,,,,,,,13.699,8.31,10816.503,68.97,,,,,,,,,,,,,,,,,,,,,,,,,0.0,0.0,0.0,,,,,,,,,,,,,,,,,,,,,,,,,,,,,,,,,,,,,0.0,0.0,0.0,,,,,,,,,,,,,,,,,,,,,,,,,,,,,,,,,,,,,,,
Oceania,1907,,6463985.0,,,,,,,,,,,,,,,,,11.464,7.907,11893.146,76.877,,,,,,,,,,,,,,,,,,,,,,,,,0.0,0.0,0.0,,,,,,,,,,,,,,,,,,,,,,,,,,,,,,,,,,,,,0.0,0.0,0.0,,,,,,,,,,,,,,,,,,,,,,,,,,,,,,,,,,,,,,,
Oceania,1908,,6561807.0,,,,,,,,,,,,,,,,,4.706,3.618,12267.19,80.495,,,,,,,,,,,,,,,,,,,,,,,,,0.0,0.0,0.0,,,,,,,,,,,,,,,,,,,,,,,,,,,,,,,,,,,,,0.0,0.0,0.0,,,,,,,,,,,,,,,,,,,,,,,,,,,,,,,,,,,,,,,
Oceania,1909,,6654625.0,,,,,,,,,,,,,,,,,-16.187,-13.03,10138.041,67.465,,,,,,,,,,,,,,,,,,,,,,,,,0.0,0.0,0.0,,,,,,,,,,,,,,,,,,,,,,,,,,,,,,,,,,,,,0.0,0.0,0.0,,,,,,,,,,,,,,,,,,,,,,,,,,,,,,,,,,,,,,,
Oceania,1910,,6820913.0,,,,,,,,,,,,,,,,,18.184,12.268,11689.443,79.733,,,,,,,,,,,,,,,,,,,,,,,,,0.0,0.0,0.0,,,,,,,,,,,,,,,,,,,,,,,,,,,,,,,,,,,,,0.0,0.0,0.0,,,,,,,,,,,,,,,,,,,,,,,,,,,,,,,,,,,,,,,
Oceania,1911,,6835644.0,,,,,,,,,,,,,,,,,5.7,4.544,12329.074,84.277,,,,,,,,,,,,,,,,,,,,,,,,,0.0,0.0,0.0,,,,,,,,,,,,,,,,,,,,,,,,,,,,,,,,,,,,,0.0,0.0,0.0,,,,,,,,,,,,,,,,,,,,,,,,,,,,,,,,,,,,,,,
Oceania,1912,,6907269.0,,,,,,,,,,,,,,,,,10.201,8.598,13445.934,92.875,,,,,,,,,,,,,,,,,,,,,,,,,0.0,0.0,0.0,,,,,,,,,,,,,,,,,,,,,,,,,,,,,,,,,,,,,0.0,0.0,0.0,,,,,,,,,,,,,,,,,,,,,,,,,,,,,,,,,,,,,,,
Oceania,1913,,6984231.0,,,,,,,,,,,,,,,,,2.794,2.595,13669.264,95.469,,,,,,,,,,,,,,,,,,,,,,,,,0.0,0.0,0.0,,,,,,,,,,,,,,,,,,,,,,,,,,,,,,,,,,,,,0.0,0.0,0.0,,,,,,,,,,,,,,,,,,,,,,,,,,,,,,,,,,,,,,,
Oceania,1914,,7065050.0,,,,,,,,,,,,,,,,,2.948,2.815,13911.295,98.284,,,,,,,,,,,,,,,,,,,,,,,,,0.0,0.0,0.0,,,,,,,,,,,,,,,,,,,,,,,,,,,,,,,,,,,,,0.0,0.0,0.0,,,,,,,,,,,,,,,,,,,,,,,,,,,,,,,,,,,,,,,
Oceania,1915,,7149688.0,,,,,,,,,,,,,,,,,-7.437,-7.309,12724.286,90.975,,,,,,,,,,,,,,,,,,,,,,,,,0.0,0.0,0.0,,,,,,,,,,,,,,,,,,,,,,,,,,,,,,,,,,,,,0.0,0.0,0.0,,,,,,,,,,,,,,,,,,,,,,,,,,,,,,,,,,,,,,,
Oceania,1916,,7246926.0,,,,,,,,,,,,,,,,,-11.368,-10.342,11126.43,80.632,,,,,,,,,,,,,,,,,,,,,,,,,0.0,0.0,0.0,,,,,,,,,,,,,,,,,,,,,,,,,,,,,,,,,,,,,0.0,0.0,0.0,,,,,,,,,,,,,,,,,,,,,,,,,,,,,,,,,,,,,,,
Oceania,1917,,7330341.0,,,,,,,,,,,,,,,,,1.73,1.395,11190.13,82.027,,,,,,,,,,,,,,,,,,,,,,,,,0.0,0.0,0.0,,,,,,,,,,,,,,,,,,,,,,,,,,,,,,,,,,,,,0.0,0.0,0.0,,,,,,,,,,,,,,,,,,,,,,,,,,,,,,,,,,,,,,,
Oceania,1918,,7426349.0,,,,,,,,,,,,,,,,,5.51,4.52,11654.057,86.547,,,,,,,,,,,,,,,,,,,,,,,,,0.0,0.0,0.0,,,,,,,,,,,,,,,,,,,,,,,,,,,,,,,,,,,,,0.0,0.0,0.0,,,,,,,,,,,,,,,,,,,,,,,,,,,,,,,,,,,,,,,
Oceania,1919,,7530416.0,,,,,,,,,,,,,,,,,-4.4,-3.808,10987.364,82.739,,,,,,,,,,,,,,,,,,,,,,,,,0.0,0.0,0.0,,,,,,,,,,,,,,,,,,,,,,,,,,,,,,,,,,,,,0.0,0.0,0.0,,,,,,,,,,,,,,,,,,,,,,,,,,,,,,,,,,,,,,,
Oceania,1920,,7725388.0,,,,,,,,,,,,,,,,,16.583,13.721,12486.143,96.46,,,,,,,,,,,,,,,,,,,,,,,,,0.0,0.0,0.0,,,,,,,,,,,,,,,,,,,,,,,,,,,,,,,,,,,,,0.0,0.0,0.0,,,,,,,,,,,,,,,,,,,,,,,,,,,,,,,,,,,,,,,
Oceania,1921,,7771434.0,,,,,,,,,,,,,,,,,-0.463,-0.447,12354.655,96.013,,,,,,,,,,,,,,,,,,,,,,,,,0.0,0.0,0.0,,,,,,,,,,,,,,,,,,,,,,,,,,,,,,,,,,,,,0.0,0.0,0.0,,,,,,,,,,,,,,,,,,,,,,,,,,,,,,,,,,,,,,,
Oceania,1922,,7889021.0,,,,,,,,,,,,,,,,,-3.862,-3.708,11700.508,92.306,,,,,,,,,,,,,,,,,,,,,,,,,0.0,0.0,0.0,,,,,,,,,,,,,,,,,,,,,,,,,,,,,,,,,,,,,0.0,0.0,0.0,,,,,,,,,,,,,,,,,,,,,,,,,,,,,,,,,,,,,,,
Oceania,1923,,8023430.0,,,,,,,,,,,,,,,,,3.21,2.963,11873.848,95.269,,,,,,,,,,,,,,,,,,,,,,,,,0.0,0.0,0.0,,,,,,,,,,,,,,,,,,,,,,,,,,,,,,,,,,,,,0.0,0.0,0.0,,,,,,,,,,,,,,,,,,,,,,,,,,,,,,,,,,,,,,,
Oceania,1924,,8160821.0,,,,,,,,,,,,,,,,,9.186,8.752,12746.354,104.021,,,,,,,,,,,,,,,,,,,,,,,,,0.0,0.0,0.0,,,,,,,,,,,,,,,,,,,,,,,,,,,,,,,,,,,,,0.0,0.0,0.0,,,,,,,,,,,,,,,,,,,,,,,,,,,,,,,,,,,,,,,
Oceania,1925,,8301231.0,,,,,,,,,,,,,,,,,1.352,1.406,12700.14,105.427,,,,,,,,,,,,,,,,,,,,,,,,,0.0,0.0,0.0,,,,,,,,,,,,,,,,,,,,,,,,,,,,,,,,,,,,,0.0,0.0,0.0,,,,,,,,,,,,,,,,,,,,,,,,,,,,,,,,,,,,,,,
Oceania,1926,,8490705.0,,,,,,,,,,,,,,,,,-1.512,-1.594,12229.036,103.833,,,,,,,,,,,,,,,,,,,,,,,,,0.0,0.0,0.0,,,,,,,,,,,,,,,,,,,,,,,,,,,,,,,,,,,,,0.0,0.0,0.0,,,,,,,,,,,,,,,,,,,,,,,,,,,,,,,,,,,,,,,
Oceania,1927,,8591282.0,,,,,,,,,,,,,,,,,3.505,3.64,12509.531,107.473,,,,,,,,,,,,,,,,,,,,,,,,,0.0,0.0,0.0,,,,,,,,,,,,,,,,,,,,,,,,,,,,,,,,,,,,,0.0,0.0,0.0,,,,,,,,,,,,,,,,,,,,,,,,,,,,,,,,,,,,,,,
Oceania,1928,,8741011.0,,,,,,,,,,,,,,,,,-9.762,-10.491,11095.017,96.982,,,,,,,,,,,,,,,,,,,,,,,,,0.0,0.0,0.0,,,,,,,,,,,,,,,,,,,,,,,,,,,,,,,,,,,,,0.0,0.0,0.0,,,,,,,,,,,,,,,,,,,,,,,,,,,,,,,,,,,,,,,
Oceania,1929,,8881471.0,,,,,,,,,,,,,,,,,-9.06,-8.786,9930.278,88.195,,,,,,,,,,,,,,,,,,,,,,,,,0.0,0.0,0.0,,,,,,,,,,,,,,,,,,,,,,,,,,,,,,,,,,,,,0.0,0.0,0.0,,,,,,,,,,,,,,,,,,,,,,,,,,,,,,,,,,,,,,,
Oceania,1930,,9104015.0,,,,,,,,,,,,,,,,,-6.006,-5.297,9105.696,82.898,,,,,,,,,,,,,,,,,,,,,,,,,0.0,0.0,0.0,,,,,,,,,,,,,,,,,,,,,,,,,,,,,,,,,,,,,0.0,0.0,0.0,,,,,,,,,,,,,,,,,,,,,,,,,,,,,,,,,,,,,,,
Oceania,1931,,9174477.0,,,,,,,,,,,,,,,,,-10.105,-8.377,8122.692,74.521,,,,,,,,,,,,,,,,,,,,,,,,,0.0,0.0,0.0,,,,,,,,,,,,,,,,,,,,,,,,,,,,,,,,,,,,,0.012,1.268,0.012,,,,,,,,,,,,,,,,,,,,,,,,,,,,,,,,,,,,,,,
Oceania,1932,,9246964.0,,,,,,,,,,,,,,,,,0.355,0.264,8087.602,74.786,,,,,,,,,,,,,,,,,,,,,,,,,0.0,0.0,0.0,,,,,,,,,,,,,,,,,,,,,,,,,,,,,,,,,,,,0.0,0.0,1.258,0.012,,,,,,,,,,,,,,,,,,,,,,,,,,,,,,,,,,,,,,,
Oceania,1933,,9350068.0,,,,,,,,,,,,,,,,,4.435,3.317,8353.154,78.103,,,,,,,,,,,,,,,,,,,,,,,,,0.0,0.0,0.0,,,,,,,,,,,,,,,,,,,,,,,,,,,,,,,,,,,,0.0,0.0,1.244,0.012,,,,,,,,,,,,,,,,,,,,,,,,,,,,,,,,,,,,,,,
Oceania,1934,,9456223.0,,,,,,,,,,,,,,,,,6.423,5.017,8789.887,83.119,,,,,,,,,,,,,,,,,,,,,,,,,0.0,0.0,0.0,,,,,,,,,,,,,,,,,,,,,,,,,,,,,,,,,,,,0.0,0.0,1.23,0.012,,,,,,,,,,,,,,,,,,,,,,,,,,,,,,,,,,,,,,,
Oceania,1935,,9565477.0,,,,,,,,,,,,,,,,,9.708,8.069,9533.053,91.188,,,,,,,,,,,,,,,,,,,,,,,,,0.0,0.0,0.0,,,,,,,,,,,,,,,,,,,,,,,,,,,,,,,,,,,,0.0,0.0,1.216,0.012,,,,,,,,,,,,,,,,,,,,,,,,,,,,,,,,,,,,,,,
Oceania,1936,,9733885.0,,,,,,,,,,,,,,,,,6.002,5.473,9930.368,96.661,,,,,,,,,,,,,,,,,,,,,,,,,0.0,0.0,0.0,,,,,,,,,,,,,,,,,,,,,,,,,,,,,,,,,,,,0.0,0.0,1.195,0.012,,,,,,,,,,,,,,,,,,,,,,,,,,,,,,,,,,,,,,,
Oceania,1937,,9793514.0,,,,,,,,,,,,,,,,,6.545,6.326,10515.866,102.987,,,,,,,,,,,,,,,,,,,,,,,,,0.0,0.0,0.0,,,,,,,,,,,,,,,,,,,,,,,,,,,,,,,,,,,,0.0,0.0,1.188,0.012,,,,,,,,,,,,,,,,,,,,,,,,,,,,,,,,,,,,,,,
Oceania,1938,,9912430.0,,,,,,,,,,,,,,,,,-1.996,-2.055,10182.35,100.932,,,,,,,,,,,,,,,,,,,,,,,,,0.0,0.0,0.0,,,,,,,,,,,,,,,,,,,,,,,,,,,,,,,,,,,,0.0,0.0,1.173,0.012,,,,,,,,,,,,,,,,,,,,,,,,,,,,,,,,,,,,,,,
Oceania,1939,,10046940.0,,,,,,,,,,,,,,,,,12.625,12.743,11314.34,113.674,,,,,,,,,,,,,,,,,,,,,,,,,0.0,0.0,0.0,,,,,,,,,,,,,,,,,,,,,,,,,,,,,,,,,,,,-100.0,-0.012,0.0,0.0,,,,,,,,,,,,,,,,,,,,,,,,,,,,,,,,,,,,,,,
Oceania,1940,,10295520.0,,,,,,,,,,,,,,,,,-8.275,-9.407,10127.481,104.268,,,,,,,,,,,,,,,,,,,,,,,,,0.0,0.0,0.0,,,,,,,,,,,,,,,,,,,,,,,,,,,,,,,,,,,,,0.0,0.0,0.0,,,,,,,,,,,,,,,,,,,,,,,,,,,,,,,,,,,,,,,
Oceania,1941,,10364222.0,,,,,,,,,,,,,,,,,17.34,18.08,11804.824,122.348,,,,,,,,,,,,,,,,,,,,,,,,,0.0,0.0,0.0,,,,,,,,,,,,,,,,,,,,,,,,,,,,,,,,,,,,,0.0,0.0,0.0,,,,,,,,,,,,,,,,,,,,,,,,,,,,,,,,,,,,,,,
Oceania,1942,,10547786.0,,,,,,,,,,,,,,,,,4.791,5.861,12155.074,128.209,,,,,,,,,,,,,,,,,,,,,,,,,0.0,0.0,0.0,,,,,,,,,,,,,,,,,,,,,,,,,,,,,,,,,,,,,0.0,0.0,0.0,,,,,,,,,,,,,,,,,,,,,,,,,,,,,,,,,,,,,,,
Oceania,1943,,10748502.0,,,,,,,,,,,,,,,,,-2.72,-3.487,11603.647,124.722,,,,,,,,,,,,,,,,,,,,,,,,,0.0,0.0,0.0,,,,,,,,,,,,,,,,,,,,,,,,,,,,,,,,,,,,,0.0,0.0,0.0,,,,,,,,,,,,,,,,,,,,,,,,,,,,,,,,,,,,,,,
Oceania,1944,,10954585.0,,,,,,,,,,,,,,,,,-2.276,-2.839,11126.198,121.883,,,,,,,,,,,,,,,,,,,,,,,,,0.0,0.0,0.0,,,,,,,,,,,,,,,,,,,,,,,,,,,,,,,,,,,,,0.0,0.0,0.0,,,,,,,,,,,,,,,,,,,,,,,,,,,,,,,,,,,,,,,
Oceania,1945,,11180194.0,,,,,,,,,,,,,,,,,-3.671,-4.475,10501.426,117.408,,,,,,,,,,,,,,,,,,,,,,,,,0.0,0.0,0.0,,,,,,,,,,,,,,,,,,,,,,,,,,,,,,,,,,,,,0.0,0.0,0.0,,,,,,,,,,,,,,,,,,,,,,,,,,,,,,,,,,,,,,,
Oceania,1946,,11438499.0,,,,,,,,,,,,,,,,,6.199,7.278,10900.595,124.686,,,,,,,,,,,,,,,,,,,,,,,,,0.0,0.0,0.0,,,,,,,,,,,,,,,,,,,,,,,,,,,,,,,,,,,,,0.0,0.0,0.0,,,,,,,,,,,,,,,,,,,,,,,,,,,,,,,,,,,,,,,
Oceania,1947,,11606681.0,,,,,,,,,,,,,,,,,5.784,7.212,11364.014,131.898,,,,,,,,,,,,,,,,,,,,,,,,,0.0,0.0,0.0,,,,,,,,,,,,,,,,,,,,,,,,,,,,,,,,,,,,,0.0,0.0,0.0,,,,,,,,,,,,,,,,,,,,,,,,,,,,,,,,,,,,,,,
Oceania,1948,,11835931.0,,,,,,,,,,,,,,,,,0.954,1.258,11250.195,133.157,,,,,,,,,,,,,,,,,,,,,,,,,0.0,0.0,0.0,,,,,,,,,,,,,,,,,,,,,,,,,,,,,,,,,,,,,0.0,0.0,0.0,,,,,,,,,,,,,,,,,,,,,,,,,,,,,,,,,,,,,,,
Oceania,1949,,12077940.0,,,,,,,,,,,,,,,,,-1.814,-2.415,10824.811,130.741,,,,,,,,,,,,,,,,,,,,,,,,,0.0,0.0,0.0,,,,,,,,,,,,,,,,,,,,,,,,,,,,,,,,,,,,,0.012,0.963,0.012,,,,,,,,,,,,,,,,,,,,,,,,,,,,,,,,,,,,,,,
Oceania,1950,,12578030.0,,,,,,,,,,,,,,,,,11.48,15.009,11587.681,145.75,,,,,,,,,,,,,,,,,,,,,,,,,0.0,0.0,0.0,,,,,,,,,,,,,,,,,,,,,,,,,,,,,,,,,,,,0.0,0.0,0.925,0.012,,,,,,,,,,,,,,,,,,,,,,,,,,,,,,,,,,,,,,,
Oceania,1951,,12910351.0,,,,,,,,,,,,,,,,,5.043,7.35,11858.693,153.1,,,,,,,,,,,,,,,,,,,,,,,,,0.0,0.0,0.0,,,,,,,,,,,,,,,,,,,,,,,,,,,,,,,,,,,,0.0,0.0,0.901,0.012,,,,,,,,,,,,,,,,,,,,,,,,,,,,,,,,,,,,,,,
Oceania,1952,,13224304.0,,,,,,,,,,,,,,,,,9.406,14.401,12666.146,167.501,,,,,,,,,,,,,,,,,,,,,,,,,0.0,0.0,0.0,,,,,,,,,,,,,,,,,,,,,,,,,,,,,,,,,,,,0.0,0.0,0.879,0.012,,,,,,,,,,,,,,,,,,,,,,,,,,,,,,,,,,,,,,,
Oceania,1953,,13522000.0,,,,,,,,,,,,,,,,,-4.908,-8.221,11779.305,159.28,,,,,,,,,,,,,,,,,,,,,,,,,0.0,0.0,0.0,,,,,,,,,,,,,,,,,,,,,,,,,,,,,,,,,,,,0.0,0.0,0.86,0.012,,,,,,,,,,,,,,,,,,,,,,,,,,,,,,,,,,,,,,,
Oceania,1954,,13819174.0,,,,,,,,,,,,,,,,,7.29,11.611,12366.212,170.891,,,,,,,,,,,,,,,,,,,,,,,,,0.0,0.0,0.0,,,,,,,,,,,,,,,,,,,,,,,,,,,,,,,,,,,,0.0,0.0,0.842,0.012,,,,,,,,,,,,,,,,,,,,,,,,,,,,,,,,,,,,,,,
Oceania,1955,,14140071.0,,,,,,,,,,,,,,,,,-0.868,-1.483,11980.723,169.408,,,,,,,,,,,,,,,,,,,,,,,,,0.0,0.0,0.0,,,,,,,,,,,,,,,,,,,,,,,,,,,,,,,,,,,,0.0,0.0,0.822,0.012,,,,,,,,,,,,,,,,,,,,,,,,,,,,,,,,,,,,,,,
Oceania,1956,,14479634.0,,,,,,,,,,,,,,,,,0.838,1.42,11797.824,170.828,,,,,,,,,,,,,,,,,,,,,,,,,0.0,0.0,0.0,,,,,,,,,,,,,,,,,,,,,,,,,,,,,,,,,,,,0.0,0.0,0.803,0.012,,,,,,,,,,,,,,,,,,,,,,,,,,,,,,,,,,,,,,,
Oceania,1957,,14820933.0,,,,,,,,,,,,,,,,,2.038,3.482,11761.06,174.31,,,,,,,,,,,,,,,,,,,,,,,,,0.0,0.0,0.0,,,,,,,,,,,,,,,,,,,,,,,,,,,,,,,,,,,,0.0,0.0,0.785,0.012,,,,,,,,,,,,,,,,,,,,,,,,,,,,,,,,,,,,,,,
Oceania,1958,,15162130.0,,,,,,,,,,,,,,,,,3.029,5.279,11844.573,179.589,,,,,,,,,,,,,,,,,,,,,,,,,0.0,0.0,0.0,,,,,,,,,,,,,,,,,,,,,,,,,,,,,,,,,,,,0.0,0.0,0.767,0.012,,,,,,,,,,,,,,,,,,,,,,,,,,,,,,,,,,,,,,,
Oceania,1959,,15506698.0,,,,,,,,,,,,,,,,,1.208,2.17,11721.298,181.759,,,,,,,,,,,,,,,,,,,,,,,,,0.0,0.0,0.0,,,,,,,,,,,,,,,,,,,,,,,,,,,,,,,,,,,,0.0,0.0,0.75,0.012,,,,,,,,,,,,,,,,,,,,,,,,,,,,,,,,,,,,,,,
Oceania,1960,,15859743.0,,,,,,,,,,,,,,,,,11.113,20.199,12733.994,201.958,,,,,,,,,,,,,,,,,,,,,,,,,1.183,74.578,1.183,,,,,,,,,,,,,,,,,,,,,,,,,,,,,,,,,,,,0.0,0.0,0.733,0.012,,,,,,,,,,,,,,,,,,,,,,,,,,,,,,,,,,,,,,,
Oceania,1961,,16213869.0,,,,,,,,,,,,,,,,,5.589,11.287,13151.995,213.245,,,,,,,,,,,,,,,,,,,,,,,,1.01,0.012,73.686,1.195,,,,,,,,,,,,,,,,,,,,,,,,,,,,,,,,,,,,0.0,0.0,0.717,0.012,,,,,,,,,,,,,,,,,,,,,,,,,,,,,,,,,,,,,,,
Oceania,1962,,16557077.0,,,,,,,,,,,,,,,,,0.906,1.933,12996.12,215.178,,,,,,,,,,,,,,,,,,,,,,,,-3.075,-0.037,69.94,1.158,,,,,,,,,,,,,,,,,,,,,,,,,,,,,,,,,,,,0.0,0.0,0.702,0.012,,,,,,,,,,,,,,,,,,,,,,,,,,,,,,,,,,,,,,,
Oceania,1963,,16899883.0,,,,,,,,,,,,,,,,,3.319,7.141,13155.036,222.319,,,,,,,,,,,,,,,,,,,,,,,,8.215,0.095,74.15,1.253,,,,,,,,,,,,,,,,,,,,,,,,,,,,,,,,,,,,0.0,0.0,0.688,0.012,,,,,,,,,,,,,,,,,,,,,,,,,,,,,,,,,,,,,,,
Oceania,1964,,17248725.0,,,,,,,,,,,,,,,,,8.158,18.137,13940.463,240.455,,,,,,,,,,,,,,,,,,,,,,,,-1.907,-0.024,71.265,1.229,,,,,,,,,,,,,,,,,,,,,,,,,,,,,,,,,,,,19000.002,2.21,128.782,2.221,,,,,,,,,,,,,,,,,,,,,,,,,,,,,,,,,,,,,,,
Oceania,1965,,17609458.0,,,,,,,,,,,,,12559.11,221.159,,,11.567,27.812,15234.296,268.268,,43.282,,,,,,29017.244,,,,,,25772.75,453.844,,88.819,,,0.029,,,1.674,4.823,0.059,73.172,1.289,,0.006,,,,52.364,1005.626,17.709,2973.626,,10.248,,,57.134,1098.985,19.353,3244.496,,11.181,,,,,0.0,0.0,0.0,0.0,,0.0,,,232.656,,,13211.965,81.26,1.805,228.648,4.026,,45.531,4.77,1.644,,,,93.359,,270.869,,,0.933,,510.978,,,57.134,1098.985,19.353,3244.496,,11.181,,,0.0,0.0,0.0,0.0,,0.0,,,,,,,,
Oceania,1966,,17976052.0,,,,,,,,,,,3.092,6.838,12683.367,227.997,,,4.834,12.968,15645.005,281.235,,42.485,,,,5.024,25.673,29853.646,,5.37,24.373,,,26603.018,478.217,,89.111,33.333,0.01,0.039,,,2.186,0.0,0.0,71.68,1.289,,0.007,,2.496,1.307,53.671,1009.703,18.15,2985.681,,10.001,2.278,1.3,58.434,1101.103,19.793,3250.632,,10.889,,,,0.0,0.0,0.0,0.0,0.0,,0.0,7.533,17.525,250.181,,,13917.463,28.571,1.15,287.981,5.177,,46.619,4.763,1.643,,-0.061,-0.007,91.399,,264.951,,,0.887,,536.651,2.278,1.3,58.434,1101.103,19.793,3250.632,,10.889,,0.0,0.0,0.0,0.0,0.0,,0.0,,,,,,,,
Oceania,1967,,18320665.0,,,,,,,,,,,1.862,4.245,12676.474,232.241,,,4.024,11.318,15968.503,292.554,,41.146,,,,5.177,27.783,30808.596,,5.521,26.403,,,27543.777,504.62,,89.403,0.0,0.0,0.039,,,2.145,-2.782,-0.036,68.375,1.253,,0.007,,3.725,1.999,55.67,1027.618,18.827,3038.655,,9.863,2.31,1.38,59.814,1105.344,20.251,3264.819,,10.597,,,,0.0,0.0,0.0,0.0,0.0,,0.0,8.857,22.159,272.34,,,14865.157,133.333,6.902,659.317,12.079,,48.25,4.143,1.424,,-13.329,-0.619,77.726,,226.164,,,0.734,,564.434,2.31,1.38,59.814,1105.344,20.251,3264.819,,10.597,,0.0,0.0,0.0,0.0,0.0,,0.0,,,,,,,,
Oceania,1968,,18657991.0,,,,,,,,,,,2.344,5.444,12739.083,237.686,,,10.57,30.923,17337.156,323.477,,39.936,,,,5.445,30.735,31898.879,,5.48,27.651,,,28527.789,532.271,,89.432,675.0,0.265,0.305,,,16.324,3.743,0.047,69.653,1.3,,0.051,,4.765,2.653,58.323,1057.123,19.724,3125.9,,9.799,5.186,3.084,62.898,1141.644,21.301,3371.091,,10.568,,,,0.0,0.0,0.0,0.0,0.0,,0.0,8.057,21.941,294.281,,,15772.381,86.223,10.415,1205.603,22.494,,49.445,4.575,1.577,,10.744,0.431,84.521,,245.192,,,0.769,,595.169,5.186,3.084,62.898,1141.644,21.301,3371.091,,10.568,,0.0,0.0,0.0,0.0,0.0,,0.0,,,,,,,,
Oceania,1969,,19020565.0,,,,,,,,,,,3.362,7.99,12916.339,245.676,,,9.835,31.814,18679.26,355.29,,39.785,,,,3.753,22.336,32465.143,,3.849,20.485,,,29060.955,552.756,,89.514,1254.839,3.822,4.126,,,216.949,235.618,3.062,229.31,4.362,,0.668,,3.025,1.764,60.087,1068.338,20.32,3159.065,,9.731,2.946,1.852,64.75,1152.879,21.928,3404.189,,10.486,,,,0.0,0.0,0.0,0.0,0.0,,0.0,2.947,8.672,302.953,,,15927.667,15.069,3.39,1360.835,25.884,,49.061,4.662,1.608,,1.966,0.088,84.54,,245.124,,,0.755,,617.505,2.946,1.852,64.75,1152.879,21.928,3404.189,,10.486,,0.0,0.0,0.0,0.0,0.0,,0.0,,,,,,,,
Oceania,1970,,19480682.0,,,,,,,,,,,0.988,2.428,12735.918,248.104,,,5.685,20.199,19274.934,375.489,,36.707,,,,9.458,58.405,34696.434,,9.257,51.168,,,31001.178,603.924,,89.35,336.553,13.888,18.014,,,924.73,296.734,12.942,888.263,17.304,,2.665,,12.405,7.454,67.541,1172.5,22.841,3467.071,,9.993,11.158,7.237,71.986,1251.245,24.375,3695.262,,10.65,,,,0.0,0.0,0.0,0.0,0.0,,0.0,11.504,34.852,337.805,,,17340.525,291.111,75.351,5196.665,101.235,,49.978,4.445,1.534,,-4.602,-0.217,78.745,,228.191,,,0.658,,675.91,11.158,7.237,71.986,1251.245,24.375,3695.262,,10.65,,0.0,0.0,0.0,0.0,0.0,,0.0,,,,,,,,
Oceania,1971,,20023056.0,,,,,,,,,,,-0.379,-0.939,12344.024,247.165,,,-6.267,-23.53,17577.664,351.959,,34.831,,,,4.986,33.699,35439.59,,4.088,24.691,,,31394.566,628.615,,88.586,48.376,8.715,26.729,,,1334.915,49.253,8.523,1289.847,25.827,,3.767,,13.398,9.049,76.59,1293.58,25.901,3825.103,,10.793,12.494,9.007,80.994,1369.443,27.42,4045.022,,11.414,,,,0.0,0.0,0.0,0.0,0.0,,0.0,5.008,16.916,354.721,,,17715.629,75.257,76.186,8860.803,177.42,,49.988,4.403,1.519,,-0.978,-0.042,75.863,,219.92,,,0.621,,709.609,12.494,9.007,80.994,1369.443,27.42,4045.022,,11.414,,0.0,0.0,0.0,0.0,0.0,,0.0,,,,,,,,
Oceania,1972,,20481057.0,,,,,,,,,,,4.338,10.722,12591.475,257.887,,,20.528,72.25,20712.223,424.208,,34.647,,,,4.893,34.725,36342.535,,5.084,31.958,,,32252.861,660.573,,88.747,44.822,11.98,38.709,,,1890.013,43.55,11.248,1810.173,37.074,,5.201,,3.538,2.71,79.3,1309.401,26.818,3871.885,,10.654,3.408,2.767,83.761,1384.446,28.355,4089.676,,11.253,,,,0.0,0.0,0.0,0.0,0.0,,0.0,2.609,9.255,363.977,,,17771.373,6.716,11.916,9244.468,189.336,,48.9,4.461,1.537,,1.185,0.057,75.045,,217.79,,,0.599,,744.334,3.408,2.767,83.761,1384.446,28.355,4089.676,,11.253,,0.0,0.0,0.0,0.0,0.0,,0.0,,,,,,,,
Oceania,1973,,20852770.0,,,,,,,,,,,4.67,12.044,12944.611,269.931,,,2.425,10.286,20836.266,434.494,,34.068,,,,6.449,47.999,37996.492,,6.991,46.184,,,33892.684,706.756,,89.2,26.505,10.26,48.97,,,2348.35,26.958,9.995,2257.197,47.069,,6.18,,2.105,1.669,80.97,1313.135,27.383,3882.927,,10.219,2.146,1.815,85.576,1388.953,28.964,4103.809,,10.8,,,,0.0,0.0,0.0,0.0,0.0,,0.0,6.561,23.879,387.856,,,18599.721,25.273,47.851,11374.375,237.187,,48.951,4.606,1.581,,2.863,0.145,75.817,,220.882,,,0.581,,792.332,2.146,1.815,85.576,1388.953,28.964,4103.809,,10.8,,0.0,0.0,0.0,0.0,0.0,,0.0,,,,,,,,
Oceania,1974,,21213318.0,,,,,,,,,,,4.291,11.583,13270.624,281.514,,,5.351,23.249,21578.098,457.743,,33.652,,,,5.58,44.212,39434.844,,5.143,36.35,,,35030.176,743.106,,88.831,16.206,7.936,56.905,,,2682.535,14.093,6.633,2531.522,53.702,,6.802,,6.136,4.969,85.938,1370.027,29.063,4051.154,,10.273,9.002,7.862,93.438,1488.257,31.571,4404.668,,11.169,,,,0.0,0.0,0.0,0.0,0.0,,0.0,4.34,16.831,404.687,,,19077.016,-1.058,-2.51,11062.729,234.677,,48.376,7.499,2.508,,58.637,2.893,118.23,,353.514,,,0.896,,836.544,9.002,7.862,93.438,1488.257,31.571,4404.668,,11.169,,0.0,0.0,0.0,0.0,0.0,,0.0,,,0.0,0.0,0.0,0.0,,0.0
Oceania,1975,,21537776.0,,,,,,,,,,,2.644,7.444,13416.348,288.958,,,4.653,21.3,22242.008,479.043,,33.975,,,,1.67,13.97,39489.41,,0.852,6.33,,,34796.379,749.437,,88.116,7.449,4.239,61.145,,,2838.948,7.389,3.968,2677.619,57.67,,7.189,,8.563,7.359,93.297,1464.935,31.551,4331.796,,10.97,8.159,7.64,101.078,1585.428,34.147,4693.034,,11.884,,,,0.0,0.0,0.0,0.0,0.0,,0.0,-1.323,-5.353,399.334,,,18541.082,7.152,16.785,11675.394,251.462,,46.952,7.78,2.595,,3.473,0.281,120.494,,361.238,,,0.915,,850.514,8.159,7.64,101.078,1585.428,34.147,4693.034,,11.884,,0.0,0.0,0.0,0.0,0.0,,0.0,,0.0,0.0,0.0,0.0,0.0,,0.0
Oceania,1976,,21820768.0,,,,,,,,,,,3.374,9.75,13689.177,298.708,,,11.107,53.207,24391.932,532.251,,33.946,,,,3.46,29.432,40326.07,,4.697,35.203,,,35958.395,784.64,,89.169,26.597,16.263,77.407,,,3547.416,18.046,10.407,3119.836,68.077,,8.797,,-6.017,-5.614,87.683,1358.928,29.653,4018.335,,9.965,-5.725,-5.771,95.306,1475.278,32.192,4367.676,,10.831,,,,0.0,0.0,0.0,0.0,0.0,,0.0,2.301,9.19,408.524,,,18721.799,2.401,6.037,11800.64,257.499,,46.426,7.623,2.539,,-2.17,-0.157,116.35,,349.341,,,0.866,,879.946,-5.725,-5.771,95.306,1475.278,32.192,4367.676,,10.831,,0.0,0.0,0.0,0.0,0.0,,0.0,,0.0,0.0,0.0,0.0,0.0,,0.0
Oceania,1977,,22089877.0,,,,,,,,,,,3.878,11.583,14046.783,310.292,,,5.765,30.685,25483.861,562.935,,33.744,,,,4.499,39.587,41626.902,,5.619,44.087,,,37516.145,828.727,,90.125,20.284,15.702,93.109,,,4215.009,14.236,9.691,3520.547,77.768,,10.126,,-4.683,-4.106,83.577,1279.507,28.264,3783.489,,9.089,-4.723,-4.5,90.806,1388.471,30.671,4110.755,,9.875,,,,0.0,0.0,0.0,0.0,0.0,,0.0,4.113,16.802,425.326,,,19254.354,5.798,14.931,12332.794,272.43,,46.255,7.229,2.407,,-5.193,-0.394,108.964,,327.266,,,0.786,,919.533,-4.723,-4.5,90.806,1388.471,30.671,4110.755,,9.875,,0.0,0.0,0.0,0.0,0.0,,0.0,,0.0,0.0,0.0,0.0,0.0,,0.0
Oceania,1978,,22356009.0,,,,,,,,,,,2.072,6.43,14167.207,316.722,,,0.303,1.705,25256.764,564.64,,33.57,,,,2.602,23.925,42201.527,,2.149,17.812,,,37866.297,846.539,,89.727,5.365,4.995,98.104,,,4388.264,7.66,5.957,3745.095,83.725,,10.398,,7.327,6.123,89.7,1356.903,30.335,4012.349,,9.508,6.749,6.112,96.918,1464.533,32.741,4335.232,,10.273,,,,0.0,0.0,0.0,0.0,0.0,,0.0,1.502,6.387,431.713,,,19310.828,-0.999,-2.72,12064.301,269.71,,45.759,7.218,2.406,,-0.035,-0.011,107.629,,322.883,,,0.765,,943.458,6.749,6.112,96.918,1464.533,32.741,4335.232,,10.273,,0.0,0.0,0.0,0.0,0.0,,0.0,,0.0,0.0,0.0,0.0,0.0,,0.0
Oceania,1979,,22623402.0,,,,,,,,,,,3.811,12.069,14533.254,328.792,,,4.264,24.075,26022.393,588.715,,33.711,,,,3.377,31.864,43111.207,,2.978,25.21,,,38533.074,871.749,,89.381,7.95,7.799,105.903,,,4681.122,15.109,12.65,4259.977,96.375,,10.858,,7.762,6.962,96.662,1444.942,32.689,4272.676,,9.911,6.854,6.655,103.573,1546.411,34.985,4578.137,,10.619,,,,0.0,0.0,0.0,0.0,0.0,,0.0,1.237,5.342,437.055,,,19318.695,0.368,0.994,11965.634,270.703,,44.811,6.911,2.296,,-4.596,-0.308,101.469,,305.461,,,0.709,,975.322,6.854,6.655,103.573,1546.411,34.985,4578.137,,10.619,,0.0,0.0,0.0,0.0,0.0,,0.0,,0.0,0.0,0.0,0.0,0.0,,0.0
Oceania,1980,,22920632.0,,,,,,,,,,,2.92,9.6,14763.647,338.392,,,21.126,124.37,31111.033,713.085,,34.581,,,,0.329,3.213,42692.332,,0.302,2.632,,,38148.227,874.381,,89.356,12.711,13.461,119.364,,,5207.721,14.828,14.291,4828.221,110.666,,12.198,,0.434,0.419,97.082,1432.388,32.831,4235.557,,9.921,0.579,0.581,104.154,1535.199,35.188,4544.104,,10.644,,,,0.0,0.0,0.0,0.0,0.0,,0.0,-4.674,-20.43,416.625,,,18176.859,-6.176,-16.719,11081.051,253.985,,42.576,7.072,2.356,,2.653,0.162,102.81,,308.547,,,0.723,,978.535,0.579,0.581,104.154,1535.199,35.188,4544.104,,10.644,,0.0,0.0,0.0,0.0,0.0,,0.0,,0.0,0.0,0.0,0.0,0.0,,0.0
Oceania,1981,,23268830.0,,,,,,,,,,,2.46,8.325,14900.484,346.717,,,12.616,89.959,34511.57,803.044,,34.934,,,,1.425,13.945,42652.77,,1.355,11.851,,,38086.676,886.232,,89.295,9.431,11.258,130.622,,,5613.601,8.384,9.279,5154.724,119.944,,13.161,,2.177,2.114,99.196,1441.677,33.546,4263.023,,9.995,1.992,2.094,106.248,1542.352,35.889,4566.09,,10.705,,,,0.0,0.0,0.0,0.0,0.0,,0.0,-1.856,-7.731,408.894,,,17572.594,-2.6,-6.603,10631.479,247.382,,41.199,7.052,2.343,,-0.59,-0.02,100.675,,303.067,,,0.711,,992.48,1.992,2.094,106.248,1542.352,35.889,4566.09,,10.705,,0.0,0.0,0.0,0.0,0.0,,0.0,,0.0,0.0,0.0,0.0,0.0,,0.0
Oceania,1982,,23646422.0,,,,,,,,,,,0.944,3.274,14801.017,349.991,,,2.06,16.543,34660.078,819.587,,35.386,,,,-0.343,-3.406,41827.629,,0.39,3.457,,,37624.684,889.689,,89.952,4.429,5.785,136.407,,,5768.628,-2.471,-2.964,4947.084,116.981,,13.791,,-7.368,-7.309,91.887,1314.126,31.074,3885.856,,9.29,-6.492,-6.863,99.385,1419.187,33.559,4202.948,,10.048,,,,0.0,0.0,0.0,0.0,0.0,,0.0,-1.37,-5.603,403.291,,,17055.039,-1.395,-3.451,10315.765,243.931,,40.775,7.498,2.484,,6.05,0.446,105.061,,317.093,,,0.758,,989.074,-6.492,-6.863,99.385,1419.187,33.559,4202.948,,10.048,,0.0,0.0,0.0,0.0,0.0,,0.0,,0.0,0.0,0.0,0.0,0.0,,0.0
Oceania,1983,,24011447.0,,,,,,,,,,,0.375,1.313,14630.7,351.304,,,4.317,35.38,35606.652,854.967,,36.383,,,,-2.376,-23.5,40213.055,,-2.883,-25.649,,,35984.516,864.04,,89.485,8.621,11.759,148.167,,,6170.663,8.629,10.094,5292.26,127.075,,15.345,,2.577,2.368,94.255,1327.499,31.875,3925.399,,9.762,2.187,2.149,101.533,1428.175,34.293,4228.54,,10.515,,,,0.0,0.0,0.0,0.0,0.0,,0.0,-9.601,-38.721,364.57,,,15183.155,-2.658,-6.484,9888.91,237.447,,37.757,7.279,2.417,,-2.694,-0.219,100.676,,303.14,,,0.754,,965.574,2.187,2.149,101.533,1428.175,34.293,4228.54,,10.515,,0.0,0.0,0.0,0.0,0.0,,0.0,,0.0,0.0,0.0,0.0,0.0,,0.0
Oceania,1984,,24357734.0,,,,,,,,,,,5.214,18.316,15174.644,369.62,,,4.994,42.701,36853.516,897.668,,36.753,,,,4.154,40.107,41287.922,,4.03,34.822,,,36902.535,898.862,,89.379,2.832,4.196,152.362,,,6255.197,-1.383,-1.758,5144.865,125.317,,15.15,,5.106,4.813,99.067,1375.445,33.503,4067.175,,9.851,5.219,5.285,106.818,1481.343,36.082,4385.388,,10.621,,,,0.0,0.0,0.0,0.0,0.0,,0.0,3.377,12.31,376.88,,,15472.693,29.713,70.552,12644.829,307.999,,37.475,7.751,2.579,,6.703,0.472,105.898,,318.213,,,0.771,,1005.68,5.219,5.285,106.818,1481.343,36.082,4385.388,,10.621,,0.0,0.0,0.0,0.0,0.0,,0.0,,0.0,0.0,0.0,0.0,0.0,,0.0
Oceania,1985,,24704912.0,,,,,,,,,,,3.026,11.185,15414.137,380.805,3617.661,89.374,21.466,192.692,44135.363,1090.36,58.745,36.9,,152.138,14.742,2.616,26.305,41772.473,,2.913,26.187,4272.106,105.542,37443.949,925.049,69.373,89.638,10.553,16.079,168.442,465.535,11.501,6818.146,6.891,8.635,5422.105,133.953,7.56,16.322,,0.435,0.431,99.498,1362.011,33.648,4027.453,22.117,9.641,0.09,0.118,106.936,1461.838,36.115,4328.519,23.738,10.362,,,,0.0,0.0,0.0,0.0,0.0,0.0,0.0,-0.286,-1.077,375.803,188.91,4.667,15211.668,15.858,48.842,14444.136,356.841,3.068,36.416,7.438,2.466,,-4.389,-0.313,99.827,,301.067,1.621,,0.721,6158.208,1031.985,0.09,0.118,106.936,1461.838,36.115,4328.519,23.738,10.362,,0.0,0.0,0.0,0.0,0.0,0.0,0.0,,0.0,0.0,0.0,0.0,0.0,0.0,0.0
Oceania,1986,,25069550.0,,,,,,,,,,,2.951,11.238,15638.213,392.043,3693.206,92.587,6.346,69.198,46253.648,1159.558,58.278,36.939,,158.872,14.969,2.842,29.326,42334.691,,2.355,21.788,4393.458,110.142,37768.434,946.838,69.327,89.214,11.579,19.505,187.946,549.83,13.784,7496.993,9.24,12.377,5836.933,146.329,8.676,17.709,,7.356,7.319,106.817,1440.931,36.123,4260.818,22.737,10.065,7.066,7.538,114.474,1542.37,38.667,4566.258,24.338,10.786,,,,0.0,0.0,0.0,0.0,0.0,0.0,0.0,-2.383,-8.955,366.848,150.422,3.771,14633.226,-10.658,-38.033,12716.957,318.808,2.374,34.566,7.657,2.543,,3.115,0.219,101.439,,305.44,1.601,,0.721,6337.253,1061.312,7.066,7.538,114.474,1542.37,38.667,4566.258,24.338,10.786,,0.0,0.0,0.0,0.0,0.0,0.0,0.0,,0.0,0.0,0.0,0.0,0.0,0.0,0.0
Oceania,1987,,25459682.0,,,,,,,,,,,3.435,13.468,15927.574,405.511,3941.448,100.348,4.194,48.634,47455.121,1208.192,60.608,37.223,,165.568,15.198,2.649,28.109,42790.055,,3.148,29.81,4600.843,117.136,38360.574,976.648,70.748,89.648,0.907,1.704,189.65,549.457,13.989,7449.033,2.095,3.065,5867.889,149.395,8.449,17.408,,-1.609,-1.718,105.098,1396.025,35.542,4128.03,21.467,9.647,-1.49,-1.701,112.773,1496.101,38.09,4429.479,23.006,10.352,,,,0.0,0.0,0.0,0.0,0.0,0.0,0.0,3.99,14.639,381.487,109.939,2.799,14983.966,6.293,20.064,13310.145,338.872,1.691,35.017,7.675,2.548,,0.191,0.018,100.076,,301.448,1.539,,0.704,6503.129,1089.421,-1.49,-1.701,112.773,1496.101,38.09,4429.479,23.006,10.352,,0.0,0.0,0.0,0.0,0.0,0.0,0.0,,0.0,0.0,0.0,0.0,0.0,0.0,0.0
Oceania,1988,,25868614.0,,,,,,,,,,,5.282,21.419,16503.777,426.93,4097.552,105.998,-1.536,-18.555,45987.68,1189.638,60.758,37.493,,174.46,15.321,4.522,49.266,44018.09,,4.425,43.217,4760.982,123.16,39424.816,1019.865,70.595,89.565,3.952,7.495,197.145,568.952,14.718,7621.026,2.409,3.599,5914.247,152.993,8.436,17.313,,4.937,5.189,110.287,1441.79,37.297,4263.356,21.379,9.685,5.317,6.049,118.822,1550.736,40.115,4593.278,22.994,10.435,,,,0.0,0.0,0.0,0.0,0.0,0.0,0.0,3.749,14.303,395.79,94.477,2.444,15300.012,-5.094,-17.264,12432.375,321.608,1.401,34.758,8.535,2.818,,10.612,0.86,108.946,,329.922,1.615,,0.75,6744.087,1138.687,5.317,6.049,118.822,1550.736,40.115,4593.278,22.994,10.435,,0.0,0.0,0.0,0.0,0.0,0.0,0.0,,0.0,0.0,0.0,0.0,0.0,0.0,0.0
Oceania,1989,,26286142.0,,,,,,,,,,,5.004,21.363,17054.332,448.293,4320.147,113.56,8.707,103.577,49197.566,1293.214,62.126,37.63,,182.791,15.343,4.623,52.641,45321.52,,5.141,52.429,5010.701,131.712,40793.16,1072.295,72.056,90.008,7.666,15.113,212.258,575.512,15.128,8074.916,15.741,24.082,6736.463,177.076,8.276,17.817,,-1.299,-1.433,108.854,1400.454,36.813,4141.127,20.139,9.137,0.213,0.211,119.033,1529.348,40.201,4528.359,21.993,9.992,,,,0.0,0.0,0.0,0.0,0.0,0.0,0.0,4.031,15.954,411.744,115.042,3.024,15663.909,-5.683,-18.276,11539.646,303.333,1.654,34.562,10.179,3.388,,20.22,1.644,128.894,,387.233,1.854,,0.854,6953.892,1191.328,0.213,0.211,119.033,1529.348,40.201,4528.359,21.993,9.992,,0.0,0.0,0.0,0.0,0.0,0.0,0.0,,0.0,0.0,0.0,0.0,0.0,0.0,0.0
Oceania,1990,,26744211.0,,,,0.0,0.0,,,,0.0,,2.227,9.983,17135.504,458.276,4612.699,123.363,4.548,58.811,50553.926,1352.025,65.525,37.579,,188.268,15.438,2.364,28.167,45598.449,,2.229,23.897,5212.436,139.402,40988.016,1096.192,74.045,89.889,-0.024,-0.05,212.208,469.84,12.566,7934.729,16.397,29.036,7706.77,206.111,6.674,17.401,,3.076,3.348,112.202,1418.804,37.945,4195.389,20.155,9.201,3.623,4.269,123.302,1557.617,41.657,4610.436,22.127,10.111,,,,0.0,0.0,0.0,0.0,0.0,0.0,0.0,3.392,13.965,425.708,129.897,3.474,15917.78,16.077,48.766,13165.438,352.099,1.845,34.909,11.1,3.712,,9.572,0.921,138.813,,415.047,1.972,,0.91,7039.574,1219.495,3.623,4.269,123.302,1557.617,41.657,4610.436,22.127,10.111,,0.0,0.0,0.0,0.0,0.0,0.0,0.0,,0.0,0.0,0.0,0.0,0.0,0.0,0.0
Oceania,1991,,27214477.0,,,0.0,0.0,0.0,,,,0.0,,1.804,8.269,17143.244,466.544,4674.774,127.222,3.748,50.678,51542.543,1402.703,66.399,38.383,,191.603,15.763,-0.328,-4.001,44663.473,,-0.562,-6.158,5192.202,141.303,40053.48,1090.035,73.748,89.678,-1.433,-3.041,209.167,411.638,11.203,7685.862,4.684,9.654,7928.317,215.765,5.847,17.208,,1.59,1.784,113.986,1416.451,38.548,4188.429,20.119,9.378,1.77,2.156,125.459,1557.801,42.395,4609.996,22.126,10.322,,,,0.0,0.0,0.0,0.0,0.0,0.0,0.0,-2.674,-11.385,414.323,105.789,2.879,15224.374,-5.49,-19.329,12227.674,332.77,1.503,34.087,11.457,3.841,,3.472,0.357,141.15,,420.975,2.005,,0.943,7040.468,1215.493,1.77,2.156,125.459,1557.801,42.395,4609.996,22.126,10.322,,0.016,0.016,0.2,0.005,0.592,0.003,0.001,,0.0,0.0,0.0,0.0,0.0,0.0,0.0
Oceania,1992,,27637470.0,,,0.0,0.0,0.0,,,,0.0,,0.865,4.038,17026.961,470.582,4703.846,130.002,6.797,95.347,54203.59,1498.05,66.801,38.175,,194.611,15.788,1.415,17.197,44602.117,,2.015,21.967,5223.268,144.358,40235.277,1112.001,74.177,90.209,3.999,8.364,217.531,432.891,11.964,7870.86,8.144,17.571,8442.739,233.336,6.148,17.647,,-3.927,-4.476,109.51,1339.998,37.034,3962.361,19.03,8.884,-3.794,-4.77,120.689,1475.76,40.786,4366.844,20.958,9.791,,,,0.0,0.0,0.0,0.0,0.0,0.0,0.0,2.309,9.565,423.888,86.531,2.391,15337.453,-1.449,-4.823,11866.022,327.947,1.229,34.387,11.141,3.739,,-2.656,-0.316,135.299,,403.114,1.921,,0.904,7041.58,1232.69,-3.794,-4.77,120.689,1475.76,40.786,4366.844,20.958,9.791,122.018,0.02,0.036,0.438,0.012,1.295,0.006,0.003,,0.002,0.002,0.025,0.001,0.074,0.0,0.0
Oceania,1993,,28038745.0,,,0.0,0.0,0.0,,,,0.0,,0.577,2.713,16880.039,473.295,4753.33,133.277,0.637,9.539,53768.055,1507.589,66.639,37.553,,199.998,15.869,2.242,27.635,44949.391,,1.688,18.774,5274.662,147.895,40329.031,1130.775,73.948,89.721,2.236,4.863,222.394,436.788,12.247,7931.666,4.501,10.503,8696.503,243.839,6.124,17.646,,7.684,8.415,117.924,1422.314,39.88,4205.768,19.94,9.357,7.354,8.861,129.549,1561.609,43.786,4620.359,21.893,10.279,,,,0.0,0.0,0.0,0.0,0.0,0.0,0.0,2.642,11.198,435.086,84.544,2.371,15517.325,-6.727,-22.06,10909.422,305.887,1.185,34.522,11.573,3.888,,3.978,0.432,138.668,,412.737,1.944,,0.918,7132.921,1260.324,7.354,8.861,129.549,1561.609,43.786,4620.359,21.893,10.279,20.661,0.007,0.043,0.521,0.015,1.54,0.007,0.003,332.164,0.007,0.009,0.106,0.003,0.315,0.001,0.001
Oceania,1994,,28455275.0,,,0.0,0.0,0.0,,,,0.0,,1.814,8.586,16934.701,481.882,4810.852,136.894,2.049,30.89,54066.543,1538.478,66.668,36.712,,205.338,15.644,4.148,52.279,46128.652,,4.099,46.348,5376.125,152.979,41367.504,1177.124,74.501,89.679,7.169,15.944,238.338,476.397,13.556,8375.869,14.794,36.073,9836.916,279.912,6.602,18.158,,5.284,6.231,124.155,1475.547,41.987,4363.175,20.448,9.459,4.56,5.931,135.48,1608.915,45.782,4761.151,22.296,10.321,,,,0.0,0.0,0.0,0.0,0.0,0.0,0.0,5.015,21.818,456.904,88.876,2.529,16056.934,7.667,23.453,11573.921,329.339,1.232,34.809,11.254,3.771,,-3.008,-0.319,132.529,,395.492,1.837,,0.857,7216.167,1312.604,4.56,5.931,135.48,1608.915,45.782,4761.151,22.296,10.321,19.178,0.008,0.051,0.611,0.017,1.808,0.008,0.004,118.031,0.01,0.019,0.229,0.007,0.677,0.003,0.001
Oceania,1995,,28905477.0,,,0.0,0.0,0.0,,,,0.0,,3.308,15.94,17222.412,497.822,4910.327,141.935,5.186,79.787,55984.742,1618.266,67.066,36.358,,211.634,15.457,4.312,56.601,47368.34,,4.488,52.825,5479.441,158.386,42550.715,1229.949,74.839,89.829,-0.122,-0.291,238.046,473.232,13.679,8235.332,5.733,16.048,10238.878,295.96,6.464,17.386,,2.807,3.485,127.641,1493.342,43.166,4415.796,20.396,9.322,2.758,3.776,139.256,1627.546,47.045,4817.629,22.229,10.171,,,,0.0,0.0,0.0,0.0,0.0,0.0,0.0,8.137,37.176,494.081,95.881,2.772,17092.973,-5.837,-19.225,10728.556,310.114,1.31,36.085,11.529,3.85,,2.093,0.275,133.195,,398.85,1.819,,0.842,7321.597,1369.204,2.758,3.776,139.256,1627.546,47.045,4817.629,22.229,10.171,21.552,0.011,0.063,0.732,0.021,2.164,0.01,0.005,23.041,0.004,0.024,0.277,0.008,0.819,0.004,0.002
Oceania,1996,,29379071.0,,,0.0,0.0,0.0,,,,0.0,,3.936,19.594,17611.723,517.416,5052.267,148.431,3.054,49.42,56764.41,1667.686,68.423,36.797,,216.931,15.428,2.696,36.92,47861.441,,3.23,39.732,5543.279,162.856,43217.168,1269.68,75.073,90.296,3.216,7.655,245.701,406.259,11.936,8363.146,0.128,0.377,10086.672,296.337,5.502,17.474,,-2.35,-2.999,124.641,1434.743,42.151,4242.521,19.431,8.864,-2.029,-2.812,136.444,1568.814,46.09,4644.27,21.246,9.704,,,,0.0,0.0,0.0,0.0,0.0,0.0,0.0,2.526,12.482,506.563,84.754,2.49,17242.299,5.254,16.292,11110.153,326.406,1.148,36.025,11.682,3.898,,1.244,0.153,132.678,,397.63,1.797,,0.831,7383.876,1406.125,-2.029,-2.812,136.444,1568.814,46.09,4644.27,21.246,9.704,21.04,0.013,0.076,0.871,0.026,2.577,0.012,0.005,91.337,0.022,0.045,0.522,0.015,1.543,0.007,0.003
Oceania,1997,,29846703.0,,,0.0,0.0,0.0,,,,0.0,,5.135,26.571,18226.021,543.987,5276.088,157.474,8.805,146.836,60794.727,1814.522,69.549,37.9,,226.423,15.775,2.076,29.185,48089.383,,2.947,37.419,5751.116,171.652,43793.746,1307.099,75.81,91.067,0.166,0.409,246.11,408.085,12.18,8245.808,0.013,0.039,9929.957,296.376,5.379,17.147,,-6.977,-8.696,115.946,1313.735,39.211,3884.7,17.317,8.078,-6.041,-8.234,128.211,1450.942,43.306,4295.637,19.126,8.933,,,,0.0,0.0,0.0,0.0,0.0,0.0,0.0,2.061,10.439,517.002,66.942,1.998,17321.92,6.136,20.029,11607.157,346.435,0.882,36.02,12.112,4.043,,3.732,0.43,135.473,,405.81,1.786,,0.844,7586.197,1435.31,-6.041,-8.234,128.211,1450.942,43.306,4295.637,19.126,8.933,19.727,0.015,0.091,1.027,0.031,3.037,0.014,0.006,37.63,0.017,0.062,0.707,0.021,2.09,0.009,0.004
Oceania,1998,,30299542.0,,,0.0,0.0,0.0,,,,0.0,,4.107,22.344,18691.057,566.33,5476.845,165.946,2.185,39.646,61194.602,1854.168,69.947,38.674,,237.247,16.201,2.023,29.043,48329.215,,1.708,22.327,6012.909,182.188,43876.109,1329.426,76.793,90.786,-0.344,-0.845,245.265,477.482,14.467,8094.666,2.146,6.361,9991.475,302.737,6.098,16.749,,4.863,5.638,121.584,1357.028,41.117,4012.718,17.331,8.303,5.256,6.716,134.927,1504.376,45.582,4453.101,19.213,9.214,,,,0.0,0.0,0.0,0.0,0.0,0.0,0.0,0.16,0.829,517.831,58.582,1.775,17090.391,-5.314,-18.41,10826.088,328.026,0.748,35.362,13.12,4.389,,8.544,1.008,144.851,,432.998,1.85,,0.896,7830.047,1464.353,5.256,6.716,134.927,1504.376,45.582,4453.101,19.213,9.214,16.15,0.015,0.105,1.175,0.036,3.474,0.015,0.007,89.962,0.056,0.118,1.322,0.04,3.91,0.017,0.008
Oceania,1999,,30753529.0,,,0.0,0.0,0.0,,,,0.0,,6.124,34.684,19542.941,601.014,5565.586,171.161,5.567,103.223,63647.711,1957.392,69.902,39.611,,244.859,16.138,3.614,52.927,49336.781,,4.332,57.588,6146.966,189.041,45100.977,1387.014,77.204,91.415,4.774,11.71,256.974,524.265,16.123,8355.927,1.45,4.388,9986.669,307.125,6.585,16.937,,-4.661,-5.666,115.917,1274.684,39.201,3769.227,16.01,7.64,-3.441,-4.661,130.266,1431.164,44.013,4235.806,17.975,8.585,,,,0.0,0.0,0.0,0.0,0.0,0.0,0.0,2.162,11.195,529.026,57.115,1.757,17202.107,-2.6,-8.528,10388.964,319.497,0.717,34.867,13.986,4.69,,6.854,0.867,152.494,,454.792,1.915,,0.922,7961.993,1517.28,-3.441,-4.661,130.266,1431.164,44.013,4235.806,17.975,8.585,14.045,0.015,0.12,1.32,0.041,3.904,0.017,0.008,104.626,0.124,0.242,2.666,0.082,7.884,0.033,0.016
Oceania,2000,,31223133.0,,,0.0,0.0,0.0,42.917,1.34,0.551,0.0,637.271,0.584,3.507,19361.346,604.522,5420.66,169.25,3.311,64.803,64765.922,2022.195,69.55,39.387,243.35,243.35,15.855,1.156,17.536,49156.395,,0.881,12.215,6299.816,196.7,44813.871,1399.229,80.83,91.166,2.852,7.329,264.303,664.571,20.75,8464.988,1.562,4.798,9990.134,311.923,8.527,17.221,155.08,4.338,5.028,120.945,1355.405,42.32,3873.577,17.391,7.88,4.134,5.321,135.587,1494.085,46.65,4342.526,19.17,8.834,0.0,0.0,,,,0.0,0.0,,0.0,,0.261,1.379,530.404,214.584,6.7,16987.537,35.017,111.879,13815.927,431.377,2.753,34.558,13.752,4.1,2.76,-1.265,-0.234,131.313,88.396,440.447,1.685,1.134,0.896,7793.901,1534.817,4.134,5.321,135.587,1494.085,46.65,4342.526,19.17,8.834,15.148,0.018,0.138,1.281,0.04,4.427,0.016,0.009,210.037,0.509,0.752,6.085,0.19,24.075,0.078,0.049
Oceania,2001,,31714944.0,,,0.0,0.0,0.0,45.404,1.44,0.559,0.0,642.588,-0.48,-2.904,18969.541,601.618,5541.236,175.74,8.138,164.556,68950.188,2186.751,68.177,38.993,257.77,257.77,16.707,0.525,8.052,48647.988,,1.315,18.404,6731.842,213.5,44699.238,1417.634,82.826,91.883,7.334,19.383,283.686,945.611,29.99,8944.878,4.645,14.49,10292.094,326.413,11.634,18.387,165.64,-7.571,-9.883,111.062,1253.352,39.75,3501.885,15.421,7.198,-7.027,-10.353,125.234,1395.872,44.27,3948.751,17.174,8.117,0.0,0.0,,,,0.0,0.0,,0.0,,0.363,1.925,532.33,244.995,7.77,16784.818,-7.471,-32.229,12585.471,399.147,3.014,34.503,12.762,4.12,2.68,-6.547,-0.99,129.907,84.503,402.39,1.598,1.04,0.827,8127.714,1542.868,-7.027,-10.353,125.234,1395.872,44.27,3948.751,17.174,8.117,15.829,0.021,0.159,1.261,0.04,5.016,0.016,0.01,67.574,0.5,1.251,11.351,0.36,39.46,0.14,0.081
Oceania,2002,,32230343.0,,,0.0,0.0,0.0,62.364,2.01,0.767,0.0,629.386,2.19,13.173,19074.904,614.791,5316.729,171.36,3.221,70.44,70033.117,2257.191,65.432,38.984,261.89,261.89,16.606,2.215,34.169,48930.207,,1.689,23.945,6653.357,214.44,44727.375,1441.579,81.882,91.411,1.284,3.644,287.33,1096.482,35.34,8914.895,1.102,3.598,10239.159,330.012,13.494,18.22,164.83,8.368,8.517,119.579,1309.946,42.22,3710.134,16.121,7.583,8.77,10.224,135.459,1472.215,47.45,4202.834,18.118,8.589,0.0,0.0,,,,0.0,0.0,,0.0,,1.339,7.128,539.458,240.146,7.74,16737.576,-0.621,-2.48,12307.278,396.668,2.955,34.207,13.699,4.66,2.65,7.084,0.937,144.584,82.221,425.021,1.779,1.012,0.869,8125.572,1577.037,8.77,10.224,135.459,1472.215,47.45,4202.834,18.118,8.589,7.664,0.011,0.17,1.551,0.05,5.28,0.019,0.011,61.749,0.76,2.011,16.134,0.52,62.4,0.199,0.128
Oceania,2003,,32756845.0,,,0.0,0.0,0.0,78.152,2.56,0.979,0.0,629.902,3.937,24.205,19507.242,638.996,5224.863,171.15,3.522,79.491,71334.18,2336.683,65.477,40.215,261.39,261.39,16.451,0.754,11.896,48506.902,,1.002,14.44,6532.375,213.98,44449.305,1456.019,81.862,91.635,-4.442,-12.763,274.567,1073.058,35.15,8381.971,2.255,7.441,10301.732,337.452,13.447,17.28,164.65,-2.77,-4.057,115.522,1260.805,41.3,3526.641,15.8,7.27,-1.367,-2.545,132.914,1447.331,47.41,4057.599,18.138,8.365,0.0,0.0,,,,0.0,0.0,,0.0,,0.556,2.999,542.456,234.455,7.68,16560.094,-13.441,-53.317,10481.794,343.35,2.938,34.14,14.742,5.2,2.64,7.222,1.044,158.745,80.594,450.055,1.989,1.01,0.928,7979.706,1588.933,-1.367,-2.545,132.914,1447.331,47.41,4057.599,18.138,8.365,8.405,0.013,0.183,1.832,0.06,5.595,0.023,0.012,23.447,0.456,2.467,25.949,0.85,75.307,0.325,0.155
Oceania,2004,,33278789.0,,,0.0,0.0,0.0,107.576,3.58,1.311,0.0,628.022,4.173,26.664,20002.525,665.66,5409.752,180.03,3.86,90.198,72925.766,2426.881,65.945,40.611,273.0,273.0,16.655,3.159,50.191,49254.324,,2.556,37.222,6638.763,220.93,44870.645,1493.241,80.927,91.1,0.25,0.687,275.254,975.697,32.47,8271.16,6.475,21.851,10796.76,359.303,11.894,16.793,171.45,7.766,8.178,123.7,1342.296,44.67,3717.08,16.363,7.547,10.173,12.969,145.884,1564.66,52.07,4383.679,19.073,8.9,0.0,0.0,,,,0.0,0.0,,0.0,,1.82,9.87,552.327,253.315,8.43,16596.959,-12.667,-43.491,9010.521,299.859,3.088,33.696,18.641,6.26,2.68,24.988,3.898,188.108,80.532,560.136,2.293,0.982,1.137,8203.424,1639.124,10.173,12.969,145.884,1564.66,52.07,4383.679,19.073,8.9,15.427,0.027,0.21,2.103,0.07,6.317,0.026,0.013,35.969,0.866,3.333,32.153,1.07,100.146,0.392,0.203
Oceania,2005,,33813365.0,,,0.234,6.93,0.234,140.181,4.74,1.782,0.014,634.819,-0.152,-1.01,19656.422,664.65,5264.191,178.0,4.662,113.138,75118.805,2540.02,66.902,40.549,266.06,266.06,16.232,-0.001,-0.015,48475.18,,0.383,5.716,6400.131,216.41,44330.316,1498.957,81.339,91.45,-1.849,-5.088,270.166,861.198,29.12,7989.919,6.415,23.05,11307.741,382.353,10.945,16.482,168.9,-9.629,-12.619,111.081,1184.147,40.04,3285.125,15.049,6.777,-3.301,-5.732,140.152,1468.354,49.65,4144.862,18.661,8.55,0.0,0.0,,,,0.0,0.0,,0.0,,2.139,11.815,564.141,274.743,9.29,16683.977,-1.768,-5.303,8711.237,294.556,3.492,34.418,23.117,8.02,3.28,23.649,4.476,237.184,97.003,683.655,3.014,1.233,1.41,7868.486,1639.109,-3.301,-5.732,140.152,1468.354,49.65,4144.862,18.661,8.55,15.216,0.03,0.241,2.366,0.08,7.118,0.03,0.015,65.445,2.146,5.479,44.657,1.51,162.035,0.568,0.334
Oceania,2006,,34395875.0,,224.006,0.525,22.072,0.759,138.679,4.77,1.762,0.045,628.568,2.538,16.871,19814.016,681.52,5160.793,177.51,2.303,58.497,75547.336,2598.517,65.553,40.063,270.79,270.79,15.919,3.782,61.993,49456.574,,3.975,59.58,6374.602,219.26,45311.738,1558.537,80.97,91.619,10.149,27.419,297.585,943.718,32.46,8651.765,6.4,24.469,11827.646,406.822,11.987,17.494,170.21,-0.709,-1.481,109.6,1187.061,40.83,3186.435,15.078,6.443,2.997,2.414,142.565,1498.145,51.53,4144.838,19.03,8.381,0.0,0.0,,,0.0,0.0,0.0,0.0,0.0,0.0,2.71,15.29,579.432,270.091,9.29,16845.961,-8.691,-25.599,7819.459,268.957,3.431,34.062,24.006,8.25,3.48,4.239,0.889,239.854,101.175,697.932,3.047,1.285,1.411,7872.747,1701.102,2.997,2.414,142.565,1498.145,51.53,4144.838,19.03,8.381,16.002,0.037,0.277,2.617,0.09,8.066,0.033,0.016,45.514,2.444,7.923,68.613,2.36,230.333,0.872,0.466
Oceania,2007,,35044174.0,,28.926,0.22,27.931,0.979,141.821,4.97,1.769,0.056,625.556,-1.76,-11.997,19105.131,669.523,5123.533,179.55,2.964,77.011,76347.297,2675.528,63.908,38.575,280.95,280.95,16.187,2.03,34.531,49527.004,,2.297,35.798,6532.327,228.92,45495.02,1594.335,81.481,91.859,11.683,34.765,332.35,1133.712,39.73,9483.758,5.086,20.69,12199.228,427.512,14.141,19.149,175.75,-4.748,-5.856,103.744,1130.573,39.62,2960.374,14.102,5.977,-0.125,-1.268,141.298,1484.698,52.03,4031.985,18.519,8.141,0.0,0.0,,,,0.0,0.0,,0.0,,2.249,13.03,592.461,275.081,9.64,16906.133,6.503,17.489,8173.858,286.446,3.431,34.135,25.55,8.72,3.75,6.613,1.544,248.829,107.008,729.07,3.104,1.335,1.472,8017.024,1735.633,-0.125,-1.268,141.298,1484.698,52.03,4031.985,18.519,8.141,20.16,0.054,0.331,3.139,0.11,9.453,0.039,0.019,35.832,2.771,10.694,102.157,3.58,305.158,1.274,0.616
Oceania,2008,,35745111.0,,33.873,0.332,36.659,1.31,125.891,4.5,1.602,0.074,629.473,4.815,32.24,19632.439,701.764,5011.315,179.13,2.984,79.829,77083.461,2755.357,63.777,39.831,280.87,280.87,15.942,1.51,26.21,49289.07,,1.992,31.757,6482.285,231.71,45491.312,1626.092,82.497,92.295,-2.394,-7.956,324.395,1198.765,42.85,9075.221,-2.499,-10.683,11661.147,416.829,15.256,18.412,176.8,-6.887,-7.745,95.999,1006.292,35.97,2685.642,12.807,5.449,-2.753,-5.546,135.751,1375.293,49.16,3797.753,17.503,7.705,0.0,0.0,,,,0.0,0.0,,0.0,,1.261,7.472,599.933,272.205,9.73,16783.65,-0.258,-0.739,7992.891,285.707,3.464,34.051,25.349,8.87,4.37,0.653,-0.201,248.146,122.254,709.146,3.158,1.556,1.439,7857.578,1761.843,-2.753,-5.546,135.751,1375.293,49.16,3797.753,17.503,7.705,21.766,0.07,0.401,3.637,0.13,11.215,0.046,0.023,19.432,1.999,12.693,117.219,4.19,355.091,1.492,0.72
Oceania,2009,,36448615.0,,37.729,0.494,49.515,1.805,95.477,3.48,1.217,0.104,621.634,-4.002,-28.083,18483.014,673.68,4899.5,178.58,3.622,99.791,78333.508,2855.148,62.454,38.738,285.94,285.94,16.442,-1.294,-22.794,47712.355,,-2.052,-33.364,6429.599,234.35,43697.895,1592.728,81.958,91.586,2.191,7.109,331.503,1268.361,46.23,9095.086,12.031,50.147,12811.897,466.976,16.168,19.062,177.75,7.895,6.939,102.938,1032.412,37.63,2824.194,13.16,5.919,9.278,10.57,146.321,1415.417,51.59,4014.459,18.042,8.414,0.0,0.0,,,,0.0,0.0,,0.0,,-2.065,-12.389,587.544,261.738,9.54,16119.796,-1.847,-5.278,7693.817,280.429,3.336,33.785,24.242,8.47,4.99,-2.558,-1.107,232.382,136.905,665.088,2.962,1.745,1.394,7845.017,1739.049,9.278,10.57,146.321,1415.417,51.59,4014.459,18.042,8.414,105.973,0.42,0.821,4.39,0.16,22.514,0.056,0.047,30.935,3.824,16.517,146.233,5.33,453.15,1.864,0.95
Oceania,2010,,37103109.0,,45.471,0.821,70.759,2.625,84.629,3.14,1.096,0.151,604.26,-7.454,-50.214,16803.611,623.466,4583.174,170.05,3.44,98.22,79598.93,2953.368,59.375,35.75,286.4,286.4,16.422,0.283,4.915,47003.18,,-0.319,-5.073,6211.609,230.47,42790.332,1587.654,80.471,91.037,8.845,29.321,360.824,1369.157,50.8,9724.905,12.694,59.279,14183.584,526.255,17.737,20.69,173.06,4.376,3.846,106.783,1073.225,39.82,2878.02,13.904,6.123,8.471,9.988,156.31,1507.421,55.93,4212.845,19.529,8.963,0.0,0.0,,,,0.0,0.0,,0.0,,2.692,15.82,603.364,259.277,9.62,16261.814,2.177,6.104,7722.619,286.533,3.359,34.597,25.796,9.1,5.96,8.136,1.555,245.262,160.633,695.258,3.177,2.081,1.479,7719.029,1743.964,8.471,9.988,156.31,1507.421,55.93,4212.845,19.529,8.963,234.027,1.904,2.724,10.511,0.39,73.422,0.136,0.156,11.971,1.864,18.38,178.422,6.62,495.386,2.311,1.054
Oceania,2011,,37730469.0,,19.108,0.502,82.878,3.127,83.222,3.14,1.069,0.174,587.636,-2.427,-15.134,16123.093,608.332,4444.949,167.71,-2.267,-66.948,76501.016,2886.419,57.122,33.896,293.6,293.6,16.359,2.909,50.732,47566.219,,1.566,24.87,6106.471,230.4,42737.977,1612.524,78.474,89.849,2.83,10.211,371.035,1394.364,52.61,9833.834,3.47,18.26,14431.709,544.515,17.919,20.674,172.53,16.142,16.481,123.264,1155.565,43.6,3266.963,14.85,6.868,17.328,25.862,182.172,1675.039,63.2,4828.241,21.526,10.151,0.0,0.0,,,,0.0,0.0,,0.0,,4.938,29.793,633.157,267.158,10.08,16781.053,-13.095,-37.521,6599.762,249.012,3.433,35.279,26.986,9.42,6.28,5.094,1.19,249.666,166.444,715.235,3.208,2.139,1.504,7781.509,1794.696,17.328,25.862,182.172,1675.039,63.2,4828.241,21.526,10.151,108.734,2.927,5.652,37.105,1.4,149.788,0.477,0.315,26.684,4.763,23.143,232.703,8.78,613.376,2.99,1.29
Oceania,2012,,38383766.0,,-2.317,-0.072,79.58,3.055,95.874,3.68,1.287,0.172,586.532,-5.522,-33.591,14973.527,574.74,4178.068,160.37,8.343,240.819,81472.938,3127.238,56.069,32.399,286.02,286.02,16.123,-1.156,-20.738,46216.348,,-0.86,-13.86,5867.585,225.22,41649.473,1598.664,78.743,90.118,1.741,6.46,377.495,1409.45,54.1,9834.761,7.042,38.343,15185.015,582.858,18.915,21.28,167.76,-10.631,-13.771,109.493,1010.323,38.78,2852.58,13.558,6.172,-3.344,-6.878,175.294,1584.003,60.8,4566.873,21.257,9.882,0.0,0.0,,,,0.0,0.0,,0.0,,2.096,13.271,646.428,280.066,10.75,16841.186,-1.061,-2.642,6418.6,246.37,3.758,36.44,29.237,10.16,6.48,8.129,2.251,264.695,168.821,761.707,3.552,2.266,1.648,7451.588,1773.958,-3.344,-6.878,175.294,1584.003,60.8,4566.873,21.257,9.882,17.97,0.975,6.627,60.963,2.34,172.645,0.818,0.374,16.867,3.74,26.882,248.022,9.52,700.36,3.328,1.515
Oceania,2013,,39057783.0,,-3.507,-0.107,75.464,2.947,97.292,3.8,1.346,0.164,558.673,-5.328,-30.621,13931.139,544.119,3733.955,145.84,7.356,230.032,85956.508,3357.271,51.672,30.311,282.24,282.24,15.722,1.194,21.187,45961.258,,0.412,6.585,5463.956,213.41,41099.332,1605.249,75.613,89.422,5.185,19.575,397.07,1421.74,55.53,10166.213,3.93,22.908,15509.478,605.766,19.675,22.119,157.68,5.473,5.297,114.789,1102.725,43.07,2938.962,15.26,6.394,8.577,14.602,189.896,1762.261,68.83,4861.929,24.387,10.578,0.0,0.0,,,,0.0,0.0,,0.0,,2.728,17.632,664.06,308.261,12.04,17001.98,-16.869,-41.561,5243.735,204.809,4.266,36.992,30.91,10.65,6.85,6.081,1.673,272.673,175.381,791.399,3.773,2.427,1.722,7226.216,1795.145,8.577,14.602,189.896,1762.261,68.83,4861.929,24.387,10.578,59.469,3.877,10.504,89.867,3.51,268.935,1.244,0.585,15.062,3.863,30.745,296.996,11.6,787.169,4.11,1.713
Oceania,2014,,39729340.0,,2.925,0.086,76.358,3.034,103.953,4.13,1.401,0.167,556.155,-1.051,-5.721,13551.653,538.398,3781.336,150.23,6.877,230.876,90314.773,3588.146,50.958,29.629,294.81,294.81,16.224,1.225,21.99,45737.852,,1.511,24.261,5588.817,222.04,41015.281,1629.51,75.316,89.675,7.781,30.897,427.967,1452.075,57.69,10772.069,7.755,46.978,16429.777,652.744,19.569,23.552,163.96,-7.873,-9.671,105.119,1115.297,44.31,2645.868,15.03,5.785,-0.571,-2.272,187.625,1831.644,72.77,4722.568,24.684,10.325,0.0,0.0,,,,0.0,0.0,,0.0,,-0.138,-0.915,663.145,355.405,14.12,16691.559,5.646,11.563,5446.149,216.372,4.79,36.494,33.529,11.73,7.6,9.163,2.619,295.248,191.294,843.948,3.979,2.578,1.845,7420.46,1817.135,-0.571,-2.272,187.625,1831.644,72.77,4722.568,24.684,10.325,28.975,2.962,13.466,102.191,4.06,338.952,1.377,0.741,6.268,1.731,32.476,318.908,12.67,817.443,4.298,1.787
Oceania,2015,,40403644.0,,-20.309,-0.616,59.835,2.418,100.238,4.05,1.422,0.13,560.049,3.471,18.686,13787.98,557.085,3681.846,148.76,-0.244,-8.738,88591.242,3579.409,52.224,30.052,284.85,284.85,15.366,2.015,36.622,45880.926,,1.684,27.438,5299.027,214.1,41009.879,1656.948,75.162,89.383,2.337,10.001,437.969,1268.697,51.26,10839.827,13.824,90.233,18388.855,742.977,17.995,23.626,159.53,-0.478,-1.125,103.993,978.625,39.54,2573.857,13.881,5.61,4.804,9.184,196.808,1751.08,70.75,4871.049,24.838,10.617,0.0,0.0,,,,0.0,0.0,,0.0,,-0.188,-1.249,661.895,348.483,14.08,16382.068,-9.683,-20.951,4836.714,195.421,4.943,35.706,35.382,12.2,8.15,6.112,1.852,301.953,201.714,875.704,4.283,2.861,1.909,7050.106,1853.757,4.804,9.184,196.808,1751.08,70.75,4871.049,24.838,10.617,25.378,3.317,16.783,127.216,5.14,415.39,1.804,0.905,18.429,5.756,38.232,343.286,13.87,946.263,4.869,2.062
Oceania,2016,,41101240.0,,-21.81,-0.527,45.99,1.89,99.024,4.07,1.356,0.102,555.878,-0.579,-3.226,13475.467,553.858,3827.622,157.32,0.099,3.528,87173.445,3582.937,52.419,29.75,300.12,300.12,16.121,0.429,7.946,45295.527,,-0.607,-10.062,5420.518,222.79,40069.008,1646.886,74.234,88.461,-2.39,-10.468,427.5,1244.731,51.16,10401.152,26.625,197.82,22889.748,940.797,17.047,22.963,166.83,12.813,12.631,116.624,1037.195,42.63,2837.475,14.204,6.264,9.182,18.008,214.816,1881.452,77.33,5226.511,25.766,11.539,0.0,0.0,,,,0.0,0.0,,0.0,,0.549,3.632,665.527,348.165,14.31,16192.393,-8.635,-16.875,4344.057,178.546,4.768,35.748,35.06,12.21,8.14,-0.506,-0.322,297.071,198.048,853.01,4.068,2.712,1.883,7301.969,1861.702,9.182,18.008,214.816,1881.452,77.33,5226.511,25.766,11.539,20.285,3.285,20.068,155.956,6.41,488.264,2.136,1.078,8.335,2.942,41.174,391.229,16.08,1001.773,5.358,2.212
Oceania,2017,,41817267.0,,-1.596,-0.03,44.481,1.86,98.046,4.1,1.346,0.1,548.362,-3.213,-17.796,12819.162,536.062,3664.754,153.25,-2.498,-89.498,83540.594,3493.439,50.315,28.793,304.58,304.58,16.359,0.006,0.103,44522.414,,0.648,10.674,5398.966,225.77,39638.16,1657.56,74.125,89.03,-1.108,-4.735,422.765,1395.357,58.35,10109.82,17.235,162.149,26375.383,1102.946,19.158,22.707,167.02,-11.222,-13.697,102.927,1023.74,42.81,2461.35,14.055,5.528,-4.368,-10.57,204.246,1884.628,78.81,4884.253,25.875,10.97,0.0,0.0,,,,0.0,0.0,,0.0,,4.989,33.205,698.732,338.855,14.17,16709.18,-9.454,-16.88,3866.021,161.666,4.652,37.53,34.799,12.28,8.18,-0.274,-0.261,293.659,195.613,832.174,4.032,2.686,1.869,7283.594,1861.806,-4.368,-10.57,204.246,1884.628,78.81,4884.253,25.875,10.97,19.985,3.869,23.937,199.2,8.33,572.424,2.735,1.286,-0.511,-0.451,40.723,368.03,15.39,973.823,5.053,2.187
Oceania,2018,,42540030.0,,-9.192,-0.171,39.706,1.689,98.025,4.17,1.366,0.09,544.108,-2.147,-11.507,12330.857,524.555,3619.415,153.97,4.772,166.706,86040.023,3660.145,50.437,27.843,305.27,305.27,16.204,1.19,22.153,44286.734,,-0.391,-6.488,5248.233,223.26,38812.184,1651.072,73.135,87.638,-1.38,-5.835,416.93,1301.833,55.38,9800.897,15.51,171.072,29948.699,1274.019,18.141,22.131,166.1,12.645,12.337,115.264,1026.092,43.65,2709.531,14.299,6.118,14.39,28.641,232.887,1927.831,82.01,5474.549,26.865,12.362,0.0,0.0,,,,0.0,0.0,,0.0,,1.553,10.854,709.586,326.986,13.91,16680.432,5.618,9.082,4013.834,170.749,4.557,37.665,34.544,12.3,8.13,-0.418,-0.255,289.139,191.114,812.035,4.029,2.663,1.834,7176.065,1883.959,14.39,28.641,232.887,1927.831,82.01,5474.549,26.865,12.362,38.23,8.958,32.895,241.185,10.26,773.268,3.361,1.746,19.789,7.773,48.496,371.415,15.8,1140.008,5.176,2.574
Oceania,2019,,43278474.0,,-7.568,-0.128,36.075,1.561,91.038,3.94,1.29,0.08,514.829,-4.019,-21.081,11633.355,503.474,3270.91,141.56,0.621,22.744,85097.484,3682.889,46.34,25.894,305.48,305.48,15.711,3.207,60.411,44926.961,,2.856,47.157,4925.774,213.18,39239.566,1698.229,69.785,87.341,17.193,71.684,488.614,1335.999,57.82,11290.011,14.678,187.005,33758.672,1461.024,18.928,25.13,157.27,-9.059,-10.828,104.436,991.024,42.89,2413.11,14.04,5.371,5.963,13.255,246.142,2132.7,92.3,5687.399,30.215,12.659,0.0,0.0,,,,0.0,0.0,,0.0,,-0.486,-3.446,706.14,318.865,13.8,16316.197,31.148,53.185,5174.243,223.933,4.517,36.317,34.305,12.13,8.19,-0.297,-0.239,280.278,189.24,792.652,3.971,2.681,1.764,7058.475,1944.37,5.963,13.255,246.142,2132.7,92.3,5687.399,30.215,12.659,48.191,15.673,48.568,352.831,15.27,1122.209,4.999,2.498,18.535,8.777,57.273,508.567,22.01,1323.353,7.205,2.946
Oceania,2020,,43933757.0,,-17.482,-0.273,29.324,1.288,87.86,3.86,1.261,0.071,494.134,-3.778,-19.022,11026.86,484.451,3069.166,134.84,-7.912,-291.389,77195.758,3391.5,44.064,26.518,306.01,306.01,16.75,-6.041,-117.469,41583.086,,-8.056,-136.811,4653.825,204.46,35540.273,1561.418,66.815,85.468,-3.676,-17.959,470.655,1269.866,55.79,10712.84,-0.163,-2.384,33200.887,1458.64,18.231,25.762,151.21,-2.352,-2.831,101.605,924.119,40.6,2312.677,13.268,5.562,8.034,19.342,265.484,2311.435,101.55,6042.814,33.185,14.532,0.0,0.0,,,,0.0,0.0,,0.0,,-14.137,-99.829,606.311,314.792,13.83,13800.572,-0.742,-1.663,5059.223,222.271,4.519,33.188,34.124,12.09,8.23,-0.192,-0.181,275.187,187.327,776.713,3.951,2.689,1.868,6965.259,1826.901,8.034,19.342,265.484,2311.435,101.55,6042.814,33.185,14.532,30.278,14.473,63.04,553.788,24.33,1434.891,7.951,3.451,14.658,8.154,65.427,558.341,24.53,1489.209,8.016,3.581
Oceania,2021,,44492065.0,,1.033,0.013,29.256,1.302,85.633,3.81,1.257,0.071,474.874,-2.812,-13.622,10582.326,470.83,2886.133,128.41,-2.039,-69.139,74673.102,3322.36,42.37,25.755,303.07,303.07,16.579,0.064,1.175,41087.691,,-2.128,-33.224,4340.1,193.1,34347.555,1528.194,63.715,83.596,-6.975,-32.827,437.828,1127.392,50.16,9840.593,1.616,23.572,33314.066,1482.212,16.551,23.95,143.92,3.851,3.527,105.131,911.398,40.55,2362.921,13.38,5.751,13.346,34.399,299.883,2471.677,109.97,6740.135,36.285,16.404,0.0,0.0,,,,0.0,0.0,,0.0,,2.181,13.225,619.536,326.575,14.53,13924.637,-3.62,-8.046,4814.901,214.225,4.794,33.89,34.251,12.03,8.22,0.757,0.127,270.385,184.752,769.831,3.969,2.712,1.874,6811.777,1828.076,13.346,34.399,299.883,2471.677,109.97,6740.135,36.285,16.404,30.82,19.127,82.167,643.261,28.62,1846.779,9.443,4.495,18.17,11.605,77.031,646.632,28.77,1731.349,9.493,4.214
Oceania,2022,,45038860.0,,7.08,0.092,30.947,1.394,,,,0.074,,-5.808,-27.348,9846.644,443.482,2906.979,130.927,-3.623,-120.38,71093.719,3201.98,41.141,23.412,,318.241,16.801,3.618,66.135,42057.262,,1.671,25.535,4045.517,182.205,34497.52,1553.729,57.254,82.025,3.347,14.652,452.481,1027.886,46.295,10046.448,3.1,45.942,33929.664,1528.153,14.547,23.888,,7.988,7.984,113.116,963.322,43.387,2511.51,13.633,5.972,13.987,40.6,340.482,2875.455,129.507,7559.747,40.695,17.975,,,,,,,,,,,6.171,38.231,657.767,110.652,4.984,14604.427,-5.033,-10.782,4517.059,203.443,1.566,34.725,33.991,12.483,,-0.293,-0.261,277.16,,754.697,3.923,,1.794,7065.91,1894.211,13.987,40.6,340.482,2875.455,129.507,7559.747,40.695,17.975,24.579,19.823,101.99,868.57,39.119,2264.479,12.292,5.384,17.254,12.962,89.993,766.402,34.518,1998.115,10.846,4.751
Oceania (Ember),2000,,,,,,,,,1.34,0.551,,637.271,,,,,,169.25,,,,,69.55,,243.35,243.35,,,,,,,,,196.7,,,80.83,,,,,,20.75,,,,,,8.527,,155.08,,,,,42.32,,17.391,,,,,,46.65,,19.17,,,,,,,,0.0,,0.0,,,,,,6.7,,,,,,2.753,,,4.1,2.76,,,,,,1.685,1.134,,,,,,,,46.65,,19.17,,,,,,0.04,,0.016,,,,,,0.19,,0.078,
Oceania (Ember),2001,,,,,,,,,1.44,0.559,,642.55,,,,,,175.74,,,,,68.177,,257.77,257.77,,,,,,,,,213.5,,,82.826,,,,,,29.99,,,,,,11.634,,165.63,,,,,39.75,,15.421,,,,,,44.27,,17.174,,,,,,,,0.0,,0.0,,,,,,7.77,,,,,,3.014,,,4.12,2.68,,,,,,1.598,1.04,,,,,,,,44.27,,17.174,,,,,,0.04,,0.016,,,,,,0.36,,0.14,
Oceania (Ember),2002,,,,,,,,,2.01,0.767,,629.424,,,,,,171.36,,,,,65.432,,261.89,261.89,,,,,,,,,214.44,,,81.882,,,,,,35.34,,,,,,13.494,,164.84,,,,,42.22,,16.121,,,,,,47.45,,18.118,,,,,,,,0.0,,0.0,,,,,,7.74,,,,,,2.955,,,4.66,2.65,,,,,,1.779,1.012,,,,,,,,47.45,,18.118,,,,,,0.05,,0.019,,,,,,0.52,,0.199,
Oceania (Ember),2003,,,,,,,,,2.56,0.979,,629.825,,,,,,171.15,,,,,65.477,,261.39,261.39,,,,,,,,,213.98,,,81.862,,,,,,35.15,,,,,,13.447,,164.63,,,,,41.3,,15.8,,,,,,47.41,,18.138,,,,,,,,0.0,,0.0,,,,,,7.68,,,,,,2.938,,,5.2,2.64,,,,,,1.989,1.01,,,,,,,,47.41,,18.138,,,,,,0.06,,0.023,,,,,,0.85,,0.325,
Oceania (Ember),2004,,,,,,,,,3.58,1.311,,627.949,,,,,,180.03,,,,,65.945,,273.0,273.0,,,,,,,,,220.93,,,80.927,,,,,,32.47,,,,,,11.894,,171.43,,,,,44.67,,16.363,,,,,,52.07,,19.073,,,,,,,,0.0,,0.0,,,,,,8.43,,,,,,3.088,,,6.26,2.68,,,,,,2.293,0.982,,,,,,,,52.07,,19.073,,,,,,0.07,,0.026,,,,,,1.07,,0.392,
Oceania (Ember),2005,,,,,,,,,4.74,1.782,,634.894,,,,,,178.0,,,,,66.902,,266.06,266.06,,,,,,,,,216.41,,,81.339,,,,,,29.12,,,,,,10.945,,168.92,,,,,40.04,,15.049,,,,,,49.65,,18.661,,,,,,,,0.0,,0.0,,,,,,9.29,,,,,,3.492,,,8.02,3.28,,,,,,3.014,1.233,,,,,,,,49.65,,18.661,,,,,,0.08,,0.03,,,,,,1.51,,0.568,
Oceania (Ember),2006,,,,,,,,,4.77,1.762,,628.568,,,,,,177.51,,,,,65.553,,270.79,270.79,,,,,,,,,219.26,,,80.97,,,,,,32.46,,,,,,11.987,,170.21,,,,,40.83,,15.078,,,,,,51.53,,19.03,,,,,,,,0.0,,0.0,,,,,,9.29,,,,,,3.431,,,8.25,3.48,,,,,,3.047,1.285,,,,,,,,51.53,,19.03,,,,,,0.09,,0.033,,,,,,2.36,,0.872,
Oceania (Ember),2007,,,,,,,,,4.97,1.769,,625.485,,,,,,179.55,,,,,63.908,,280.95,280.95,,,,,,,,,228.92,,,81.481,,,,,,39.73,,,,,,14.141,,175.73,,,,,39.62,,14.102,,,,,,52.03,,18.519,,,,,,,,0.0,,0.0,,,,,,9.64,,,,,,3.431,,,8.72,3.75,,,,,,3.104,1.335,,,,,,,,52.03,,18.519,,,,,,0.11,,0.039,,,,,,3.58,,1.274,
Oceania (Ember),2008,,,,,,,,,4.5,1.602,,629.58,,,,,,179.13,,,,,63.777,,280.87,280.87,,,,,,,,,231.71,,,82.497,,,,,,42.85,,,,,,15.256,,176.83,,,,,35.97,,12.807,,,,,,49.16,,17.503,,,,,,,,0.0,,0.0,,,,,,9.73,,,,,,3.464,,,8.87,4.37,,,,,,3.158,1.556,,,,,,,,49.16,,17.503,,,,,,0.13,,0.046,,,,,,4.19,,1.492,
Oceania (Ember),2009,,,,,,,,,3.48,1.217,,621.564,,,,,,178.58,,,,,62.454,,285.94,285.94,,,,,,,,,234.35,,,81.958,,,,,,46.23,,,,,,16.168,,177.73,,,,,37.63,,13.16,,,,,,51.59,,18.042,,,,,,,,0.0,,0.0,,,,,,9.54,,,,,,3.336,,,8.47,4.99,,,,,,2.962,1.745,,,,,,,,51.59,,18.042,,,,,,0.16,,0.056,,,,,,5.33,,1.864,
Oceania (Ember),2010,,,,,,,,,3.14,1.096,,604.26,,,,,,170.05,,,,,59.375,,286.4,286.4,,,,,,,,,230.47,,,80.471,,,,,,50.8,,,,,,17.737,,173.06,,,,,39.82,,13.904,,,,,,55.93,,19.529,,,,,,,,0.0,,0.0,,,,,,9.62,,,,,,3.359,,,9.1,5.96,,,,,,3.177,2.081,,,,,,,,55.93,,19.529,,,,,,0.39,,0.136,,,,,,6.62,,2.311,
Oceania (Ember),2011,,,,,,,,,3.14,1.069,,587.67,,,,,,167.71,,,,,57.122,,293.6,293.6,,,,,,,,,230.4,,,78.474,,,,,,52.61,,,,,,17.919,,172.54,,,,,43.6,,14.85,,,,,,63.2,,21.526,,,,,,,,0.0,,0.0,,,,,,10.08,,,,,,3.433,,,9.42,6.28,,,,,,3.208,2.139,,,,,,,,63.2,,21.526,,,,,,1.4,,0.477,,,,,,8.78,,2.99,
Oceania (Ember),2012,,,,,,,,,3.68,1.287,,586.602,,,,,,160.37,,,,,56.07,,286.02,286.02,,,,,,,,,225.22,,,78.743,,,,,,54.1,,,,,,18.915,,167.78,,,,,38.78,,13.558,,,,,,60.8,,21.257,,,,,,,,0.0,,0.0,,,,,,10.75,,,,,,3.758,,,10.16,6.48,,,,,,3.552,2.266,,,,,,,,60.8,,21.257,,,,,,2.34,,0.818,,,,,,9.52,,3.328,
Oceania (Ember),2013,,,,,,,,,3.8,1.346,,558.709,,,,,,145.84,,,,,51.672,,282.24,282.24,,,,,,,,,213.41,,,75.613,,,,,,55.53,,,,,,19.675,,157.69,,,,,43.07,,15.26,,,,,,68.83,,24.387,,,,,,,,0.0,,0.0,,,,,,12.04,,,,,,4.266,,,10.65,6.85,,,,,,3.773,2.427,,,,,,,,68.83,,24.387,,,,,,3.51,,1.244,,,,,,11.6,,4.11,
Oceania (Ember),2014,,,,,,,,,4.13,1.401,,556.189,,,,,,150.23,,,,,50.958,,294.81,294.81,,,,,,,,,222.04,,,75.316,,,,,,57.69,,,,,,19.569,,163.97,,,,,44.31,,15.03,,,,,,72.77,,24.684,,,,,,,,0.0,,0.0,,,,,,14.12,,,,,,4.79,,,11.73,7.6,,,,,,3.979,2.578,,,,,,,,72.77,,24.684,,,,,,4.06,,1.377,,,,,,12.67,,4.298,
Oceania (Ember),2015,,,,,,,,,4.05,1.422,,560.119,,,,,,148.76,,,,,52.224,,284.85,284.85,,,,,,,,,214.1,,,75.162,,,,,,51.26,,,,,,17.995,,159.55,,,,,39.54,,13.881,,,,,,70.75,,24.838,,,,,,,,0.0,,0.0,,,,,,14.08,,,,,,4.943,,,12.2,8.15,,,,,,4.283,2.861,,,,,,,,70.75,,24.838,,,,,,5.14,,1.804,,,,,,13.87,,4.869,
Oceania (Ember),2016,,,,,,,,,4.07,1.356,,555.944,,,,,,157.32,,,,,52.419,,300.12,300.12,,,,,,,,,222.79,,,74.234,,,,,,51.16,,,,,,17.047,,166.85,,,,,42.63,,14.204,,,,,,77.33,,25.766,,,,,,,,0.0,,0.0,,,,,,14.31,,,,,,4.768,,,12.21,8.14,,,,,,4.068,2.712,,,,,,,,77.33,,25.766,,,,,,6.41,,2.136,,,,,,16.08,,5.358,
Oceania (Ember),2017,,,,,,,,,4.1,1.346,,548.395,,,,,,153.25,,,,,50.315,,304.58,304.58,,,,,,,,,225.77,,,74.125,,,,,,58.35,,,,,,19.158,,167.03,,,,,42.81,,14.055,,,,,,78.81,,25.875,,,,,,,,0.0,,0.0,,,,,,14.17,,,,,,4.652,,,12.28,8.18,,,,,,4.032,2.686,,,,,,,,78.81,,25.875,,,,,,8.33,,2.735,,,,,,15.39,,5.053,
Oceania (Ember),2018,,,,,,,,,4.17,1.366,,544.174,,,,,,153.97,,,,,50.437,,305.27,305.27,,,,,,,,,223.26,,,73.135,,,,,,55.38,,,,,,18.141,,166.12,,,,,43.65,,14.299,,,,,,82.01,,26.865,,,,,,,,0.0,,0.0,,,,,,13.91,,,,,,4.557,,,12.3,8.13,,,,,,4.029,2.663,,,,,,,,82.01,,26.865,,,,,,10.26,,3.361,,,,,,15.8,,5.176,
Oceania (Ember),2019,,,,,,,,,3.94,1.29,,514.895,,,,,,141.56,,,,,46.34,,305.48,305.48,,,,,,,,,213.18,,,69.785,,,,,,57.82,,,,,,18.928,,157.29,,,,,42.89,,14.04,,,,,,92.3,,30.215,,,,,,,,0.0,,0.0,,,,,,13.8,,,,,,4.517,,,12.13,8.19,,,,,,3.971,2.681,,,,,,,,92.3,,30.215,,,,,,15.27,,4.999,,,,,,22.01,,7.205,
Oceania (Ember),2020,,,,,,,,,3.86,1.261,,494.102,,,,,,134.84,,,,,44.064,,306.01,306.01,,,,,,,,,204.46,,,66.815,,,,,,55.79,,,,,,18.231,,151.2,,,,,40.6,,13.268,,,,,,101.55,,33.185,,,,,,,,0.0,,0.0,,,,,,13.83,,,,,,4.519,,,12.09,8.23,,,,,,3.951,2.689,,,,,,,,101.55,,33.185,,,,,,24.33,,7.951,,,,,,24.53,,8.016,
Oceania (Ember),2021,,,,,,,,,3.81,1.257,,474.808,,,,,,128.41,,,,,42.37,,303.07,303.07,,,,,,,,,193.1,,,63.715,,,,,,50.16,,,,,,16.551,,143.9,,,,,40.55,,13.38,,,,,,109.97,,36.285,,,,,,,,0.0,,0.0,,,,,,14.53,,,,,,4.794,,,12.03,8.22,,,,,,3.969,2.712,,,,,,,,109.97,,36.285,,,,,,28.62,,9.443,,,,,,28.77,,9.493,
Oceania (Ember),2022,,,,,,,,,3.71,1.204,,446.55,,,,,,118.96,,,,,38.606,,308.14,308.14,,,,,,,,,186.04,,,60.375,,,,,,52.99,,,,,,17.197,,137.6,,,,,43.45,,14.101,,,,,,122.1,,39.625,,,,,,,,0.0,,0.0,,,,,,14.09,,,,,,4.573,,,12.07,8.36,,,,,,3.917,2.713,,,,,,,,122.1,,39.625,,,,,,34.14,,11.079,,,,,,32.44,,10.528,
Oman,1900,OMN,379583.0,,,,,,,,,,,,,,,,,,,,,,,,,,,,,,,,,,,,,,,,,,,,,,0.0,0.0,,,,,,,,,,,,,,,,,,,,,,,,,,,,,,,,,,,,,,0.0,0.0,,,,,,,,,,,,,,,,,,,,,,,,,,,,,,,,,,,,,,,
Oman,1901,OMN,381971.0,,,,,,,,,,,,,,,,,,,,,,,,,,,,,,,,,,,,,,,,,,,,,0.0,0.0,0.0,,,,,,,,,,,,,,,,,,,,,,,,,,,,,,,,,,,,,0.0,0.0,0.0,,,,,,,,,,,,,,,,,,,,,,,,,,,,,,,,,,,,,,,
Oman,1902,OMN,384952.0,,,,,,,,,,,,,,,,,,,,,,,,,,,,,,,,,,,,,,,,,,,,,0.0,0.0,0.0,,,,,,,,,,,,,,,,,,,,,,,,,,,,,,,,,,,,,0.0,0.0,0.0,,,,,,,,,,,,,,,,,,,,,,,,,,,,,,,,,,,,,,,
Oman,1903,OMN,388533.0,,,,,,,,,,,,,,,,,,,,,,,,,,,,,,,,,,,,,,,,,,,,,0.0,0.0,0.0,,,,,,,,,,,,,,,,,,,,,,,,,,,,,,,,,,,,,0.0,0.0,0.0,,,,,,,,,,,,,,,,,,,,,,,,,,,,,,,,,,,,,,,
Oman,1904,OMN,392147.0,,,,,,,,,,,,,,,,,,,,,,,,,,,,,,,,,,,,,,,,,,,,,0.0,0.0,0.0,,,,,,,,,,,,,,,,,,,,,,,,,,,,,,,,,,,,,0.0,0.0,0.0,,,,,,,,,,,,,,,,,,,,,,,,,,,,,,,,,,,,,,,
Oman,1905,OMN,395794.0,,,,,,,,,,,,,,,,,,,,,,,,,,,,,,,,,,,,,,,,,,,,,0.0,0.0,0.0,,,,,,,,,,,,,,,,,,,,,,,,,,,,,,,,,,,,,0.0,0.0,0.0,,,,,,,,,,,,,,,,,,,,,,,,,,,,,,,,,,,,,,,
Oman,1906,OMN,399475.0,,,,,,,,,,,,,,,,,,,,,,,,,,,,,,,,,,,,,,,,,,,,,0.0,0.0,0.0,,,,,,,,,,,,,,,,,,,,,,,,,,,,,,,,,,,,,0.0,0.0,0.0,,,,,,,,,,,,,,,,,,,,,,,,,,,,,,,,,,,,,,,
Oman,1907,OMN,403189.0,,,,,,,,,,,,,,,,,,,,,,,,,,,,,,,,,,,,,,,,,,,,,0.0,0.0,0.0,,,,,,,,,,,,,,,,,,,,,,,,,,,,,,,,,,,,,0.0,0.0,0.0,,,,,,,,,,,,,,,,,,,,,,,,,,,,,,,,,,,,,,,
Oman,1908,OMN,406937.0,,,,,,,,,,,,,,,,,,,,,,,,,,,,,,,,,,,,,,,,,,,,,0.0,0.0,0.0,,,,,,,,,,,,,,,,,,,,,,,,,,,,,,,,,,,,,0.0,0.0,0.0,,,,,,,,,,,,,,,,,,,,,,,,,,,,,,,,,,,,,,,
Oman,1909,OMN,410047.0,,,,,,,,,,,,,,,,,,,,,,,,,,,,,,,,,,,,,,,,,,,,,0.0,0.0,0.0,,,,,,,,,,,,,,,,,,,,,,,,,,,,,,,,,,,,,0.0,0.0,0.0,,,,,,,,,,,,,,,,,,,,,,,,,,,,,,,,,,,,,,,
Oman,1910,OMN,412514.0,,,,,,,,,,,,,,,,,,,,,,,,,,,,,,,,,,,,,,,,,,,,,0.0,0.0,0.0,,,,,,,,,,,,,,,,,,,,,,,,,,,,,,,,,,,,,0.0,0.0,0.0,,,,,,,,,,,,,,,,,,,,,,,,,,,,,,,,,,,,,,,
Oman,1911,OMN,414331.0,,,,,,,,,,,,,,,,,,,,,,,,,,,,,,,,,,,,,,,,,,,,,0.0,0.0,0.0,,,,,,,,,,,,,,,,,,,,,,,,,,,,,,,,,,,,,0.0,0.0,0.0,,,,,,,,,,,,,,,,,,,,,,,,,,,,,,,,,,,,,,,
Oman,1912,OMN,415493.0,,,,,,,,,,,,,,,,,,,,,,,,,,,,,,,,,,,,,,,,,,,,,0.0,0.0,0.0,,,,,,,,,,,,,,,,,,,,,,,,,,,,,,,,,,,,,0.0,0.0,0.0,,,,,,,,,,,,,,,,,,,,,,,,,,,,,,,,,,,,,,,
Oman,1913,OMN,415993.0,,,,,,,,,,,,,,,,,,,,,,,,,,,,,,,,,,,,,,,,,,,,,0.0,0.0,0.0,,,,,,,,,,,,,,,,,,,,,,,,,,,,,,,,,,,,,0.0,0.0,0.0,,,,,,,,,,,,,,,,,,,,,,,,,,,,,,,,,,,,,,,
Oman,1914,OMN,416492.0,,,,,,,,,,,,,,,,,,,,,,,,,,,,,,,,,,,,,,,,,,,,,0.0,0.0,0.0,,,,,,,,,,,,,,,,,,,,,,,,,,,,,,,,,,,,,0.0,0.0,0.0,,,,,,,,,,,,,,,,,,,,,,,,,,,,,,,,,,,,,,,
Oman,1915,OMN,416992.0,,,,,,,,,,,,,,,,,,,,,,,,,,,,,,,,,,,,,,,,,,,,,0.0,0.0,0.0,,,,,,,,,,,,,,,,,,,,,,,,,,,,,,,,,,,,,0.0,0.0,0.0,,,,,,,,,,,,,,,,,,,,,,,,,,,,,,,,,,,,,,,
Oman,1916,OMN,417492.0,,,,,,,,,,,,,,,,,,,,,,,,,,,,,,,,,,,,,,,,,,,,,0.0,0.0,0.0,,,,,,,,,,,,,,,,,,,,,,,,,,,,,,,,,,,,,0.0,0.0,0.0,,,,,,,,,,,,,,,,,,,,,,,,,,,,,,,,,,,,,,,
Oman,1917,OMN,417992.0,,,,,,,,,,,,,,,,,,,,,,,,,,,,,,,,,,,,,,,,,,,,,0.0,0.0,0.0,,,,,,,,,,,,,,,,,,,,,,,,,,,,,,,,,,,,,0.0,0.0,0.0,,,,,,,,,,,,,,,,,,,,,,,,,,,,,,,,,,,,,,,
Oman,1918,OMN,418993.0,,,,,,,,,,,,,,,,,,,,,,,,,,,,,,,,,,,,,,,,,,,,,0.0,0.0,0.0,,,,,,,,,,,,,,,,,,,,,,,,,,,,,,,,,,,,,0.0,0.0,0.0,,,,,,,,,,,,,,,,,,,,,,,,,,,,,,,,,,,,,,,
Oman,1919,OMN,419997.0,,,,,,,,,,,,,,,,,,,,,,,,,,,,,,,,,,,,,,,,,,,,,0.0,0.0,0.0,,,,,,,,,,,,,,,,,,,,,,,,,,,,,,,,,,,,,0.0,0.0,0.0,,,,,,,,,,,,,,,,,,,,,,,,,,,,,,,,,,,,,,,
Oman,1920,OMN,421003.0,,,,,,,,,,,,,,,,,,,,,,,,,,,,,,,,,,,,,,,,,,,,,0.0,0.0,0.0,,,,,,,,,,,,,,,,,,,,,,,,,,,,,,,,,,,,,0.0,0.0,0.0,,,,,,,,,,,,,,,,,,,,,,,,,,,,,,,,,,,,,,,
Oman,1921,OMN,422011.0,,,,,,,,,,,,,,,,,,,,,,,,,,,,,,,,,,,,,,,,,,,,,0.0,0.0,0.0,,,,,,,,,,,,,,,,,,,,,,,,,,,,,,,,,,,,,0.0,0.0,0.0,,,,,,,,,,,,,,,,,,,,,,,,,,,,,,,,,,,,,,,
Oman,1922,OMN,423022.0,,,,,,,,,,,,,,,,,,,,,,,,,,,,,,,,,,,,,,,,,,,,,0.0,0.0,0.0,,,,,,,,,,,,,,,,,,,,,,,,,,,,,,,,,,,,,0.0,0.0,0.0,,,,,,,,,,,,,,,,,,,,,,,,,,,,,,,,,,,,,,,
Oman,1923,OMN,424035.0,,,,,,,,,,,,,,,,,,,,,,,,,,,,,,,,,,,,,,,,,,,,,0.0,0.0,0.0,,,,,,,,,,,,,,,,,,,,,,,,,,,,,,,,,,,,,0.0,0.0,0.0,,,,,,,,,,,,,,,,,,,,,,,,,,,,,,,,,,,,,,,
Oman,1924,OMN,425051.0,,,,,,,,,,,,,,,,,,,,,,,,,,,,,,,,,,,,,,,,,,,,,0.0,0.0,0.0,,,,,,,,,,,,,,,,,,,,,,,,,,,,,,,,,,,,,0.0,0.0,0.0,,,,,,,,,,,,,,,,,,,,,,,,,,,,,,,,,,,,,,,
Oman,1925,OMN,426069.0,,,,,,,,,,,,,,,,,,,,,,,,,,,,,,,,,,,,,,,,,,,,,0.0,0.0,0.0,,,,,,,,,,,,,,,,,,,,,,,,,,,,,,,,,,,,,0.0,0.0,0.0,,,,,,,,,,,,,,,,,,,,,,,,,,,,,,,,,,,,,,,
Oman,1926,OMN,427090.0,,,,,,,,,,,,,,,,,,,,,,,,,,,,,,,,,,,,,,,,,,,,,0.0,0.0,0.0,,,,,,,,,,,,,,,,,,,,,,,,,,,,,,,,,,,,,0.0,0.0,0.0,,,,,,,,,,,,,,,,,,,,,,,,,,,,,,,,,,,,,,,
Oman,1927,OMN,428112.0,,,,,,,,,,,,,,,,,,,,,,,,,,,,,,,,,,,,,,,,,,,,,0.0,0.0,0.0,,,,,,,,,,,,,,,,,,,,,,,,,,,,,,,,,,,,,0.0,0.0,0.0,,,,,,,,,,,,,,,,,,,,,,,,,,,,,,,,,,,,,,,
Oman,1928,OMN,429138.0,,,,,,,,,,,,,,,,,,,,,,,,,,,,,,,,,,,,,,,,,,,,,0.0,0.0,0.0,,,,,,,,,,,,,,,,,,,,,,,,,,,,,,,,,,,,,0.0,0.0,0.0,,,,,,,,,,,,,,,,,,,,,,,,,,,,,,,,,,,,,,,
Oman,1929,OMN,430166.0,,,,,,,,,,,,,,,,,,,,,,,,,,,,,,,,,,,,,,,,,,,,,0.0,0.0,0.0,,,,,,,,,,,,,,,,,,,,,,,,,,,,,,,,,,,,,0.0,0.0,0.0,,,,,,,,,,,,,,,,,,,,,,,,,,,,,,,,,,,,,,,
Oman,1930,OMN,431196.0,,,,,,,,,,,,,,,,,,,,,,,,,,,,,,,,,,,,,,,,,,,,,0.0,0.0,0.0,,,,,,,,,,,,,,,,,,,,,,,,,,,,,,,,,,,,,0.0,0.0,0.0,,,,,,,,,,,,,,,,,,,,,,,,,,,,,,,,,,,,,,,
Oman,1931,OMN,432229.0,,,,,,,,,,,,,,,,,,,,,,,,,,,,,,,,,,,,,,,,,,,,,0.0,0.0,0.0,,,,,,,,,,,,,,,,,,,,,,,,,,,,,,,,,,,,,0.0,0.0,0.0,,,,,,,,,,,,,,,,,,,,,,,,,,,,,,,,,,,,,,,
Oman,1932,OMN,433264.0,,,,,,,,,,,,,,,,,,,,,,,,,,,,,,,,,,,,,,,,,,,,,0.0,0.0,0.0,,,,,,,,,,,,,,,,,,,,,,,,,,,,,,,,,,,,,0.0,0.0,0.0,,,,,,,,,,,,,,,,,,,,,,,,,,,,,,,,,,,,,,,
Oman,1933,OMN,434302.0,,,,,,,,,,,,,,,,,,,,,,,,,,,,,,,,,,,,,,,,,,,,,0.0,0.0,0.0,,,,,,,,,,,,,,,,,,,,,,,,,,,,,,,,,,,,,0.0,0.0,0.0,,,,,,,,,,,,,,,,,,,,,,,,,,,,,,,,,,,,,,,
Oman,1934,OMN,435342.0,,,,,,,,,,,,,,,,,,,,,,,,,,,,,,,,,,,,,,,,,,,,,0.0,0.0,0.0,,,,,,,,,,,,,,,,,,,,,,,,,,,,,,,,,,,,,0.0,0.0,0.0,,,,,,,,,,,,,,,,,,,,,,,,,,,,,,,,,,,,,,,
Oman,1935,OMN,436385.0,,,,,,,,,,,,,,,,,,,,,,,,,,,,,,,,,,,,,,,,,,,,,0.0,0.0,0.0,,,,,,,,,,,,,,,,,,,,,,,,,,,,,,,,,,,,,0.0,0.0,0.0,,,,,,,,,,,,,,,,,,,,,,,,,,,,,,,,,,,,,,,
Oman,1936,OMN,437430.0,,,,,,,,,,,,,,,,,,,,,,,,,,,,,,,,,,,,,,,,,,,,,0.0,0.0,0.0,,,,,,,,,,,,,,,,,,,,,,,,,,,,,,,,,,,,,0.0,0.0,0.0,,,,,,,,,,,,,,,,,,,,,,,,,,,,,,,,,,,,,,,
Oman,1937,OMN,438478.0,,,,,,,,,,,,,,,,,,,,,,,,,,,,,,,,,,,,,,,,,,,,,0.0,0.0,0.0,,,,,,,,,,,,,,,,,,,,,,,,,,,,,,,,,,,,,0.0,0.0,0.0,,,,,,,,,,,,,,,,,,,,,,,,,,,,,,,,,,,,,,,
Oman,1938,OMN,439528.0,,,,,,,,,,,,,,,,,,,,,,,,,,,,,,,,,,,,,,,,,,,,,0.0,0.0,0.0,,,,,,,,,,,,,,,,,,,,,,,,,,,,,,,,,,,,,0.0,0.0,0.0,,,,,,,,,,,,,,,,,,,,,,,,,,,,,,,,,,,,,,,
Oman,1939,OMN,440581.0,,,,,,,,,,,,,,,,,,,,,,,,,,,,,,,,,,,,,,,,,,,,,0.0,0.0,0.0,,,,,,,,,,,,,,,,,,,,,,,,,,,,,,,,,,,,,0.0,0.0,0.0,,,,,,,,,,,,,,,,,,,,,,,,,,,,,,,,,,,,,,,
Oman,1940,OMN,441636.0,,,,,,,,,,,,,,,,,,,,,,,,,,,,,,,,,,,,,,,,,,,,,0.0,0.0,0.0,,,,,,,,,,,,,,,,,,,,,,,,,,,,,,,,,,,,,0.0,0.0,0.0,,,,,,,,,,,,,,,,,,,,,,,,,,,,,,,,,,,,,,,
Oman,1941,OMN,442694.0,,,,,,,,,,,,,,,,,,,,,,,,,,,,,,,,,,,,,,,,,,,,,0.0,0.0,0.0,,,,,,,,,,,,,,,,,,,,,,,,,,,,,,,,,,,,,0.0,0.0,0.0,,,,,,,,,,,,,,,,,,,,,,,,,,,,,,,,,,,,,,,
Oman,1942,OMN,443755.0,,,,,,,,,,,,,,,,,,,,,,,,,,,,,,,,,,,,,,,,,,,,,0.0,0.0,0.0,,,,,,,,,,,,,,,,,,,,,,,,,,,,,,,,,,,,,0.0,0.0,0.0,,,,,,,,,,,,,,,,,,,,,,,,,,,,,,,,,,,,,,,
Oman,1943,OMN,444817.0,,,,,,,,,,,,,,,,,,,,,,,,,,,,,,,,,,,,,,,,,,,,,0.0,0.0,0.0,,,,,,,,,,,,,,,,,,,,,,,,,,,,,,,,,,,,,0.0,0.0,0.0,,,,,,,,,,,,,,,,,,,,,,,,,,,,,,,,,,,,,,,
Oman,1944,OMN,445883.0,,,,,,,,,,,,,,,,,,,,,,,,,,,,,,,,,,,,,,,,,,,,,0.0,0.0,0.0,,,,,,,,,,,,,,,,,,,,,,,,,,,,,,,,,,,,,0.0,0.0,0.0,,,,,,,,,,,,,,,,,,,,,,,,,,,,,,,,,,,,,,,
Oman,1945,OMN,446951.0,,,,,,,,,,,,,,,,,,,,,,,,,,,,,,,,,,,,,,,,,,,,,0.0,0.0,0.0,,,,,,,,,,,,,,,,,,,,,,,,,,,,,,,,,,,,,0.0,0.0,0.0,,,,,,,,,,,,,,,,,,,,,,,,,,,,,,,,,,,,,,,
Oman,1946,OMN,448021.0,,,,,,,,,,,,,,,,,,,,,,,,,,,,,,,,,,,,,,,,,,,,,0.0,0.0,0.0,,,,,,,,,,,,,,,,,,,,,,,,,,,,,,,,,,,,,0.0,0.0,0.0,,,,,,,,,,,,,,,,,,,,,,,,,,,,,,,,,,,,,,,
Oman,1947,OMN,449095.0,,,,,,,,,,,,,,,,,,,,,,,,,,,,,,,,,,,,,,,,,,,,,0.0,0.0,0.0,,,,,,,,,,,,,,,,,,,,,,,,,,,,,,,,,,,,,0.0,0.0,0.0,,,,,,,,,,,,,,,,,,,,,,,,,,,,,,,,,,,,,,,
Oman,1948,OMN,450170.0,,,,,,,,,,,,,,,,,,,,,,,,,,,,,,,,,,,,,,,,,,,,,0.0,0.0,0.0,,,,,,,,,,,,,,,,,,,,,,,,,,,,,,,,,,,,,0.0,0.0,0.0,,,,,,,,,,,,,,,,,,,,,,,,,,,,,,,,,,,,,,,
Oman,1949,OMN,452898.0,,,,,,,,,,,,,,,,,,,,,,,,,,,,,,,,,,,,,,,,,,,,,0.0,0.0,0.0,,,,,,,,,,,,,,,,,,,,,,,,,,,,,,,,,,,,,0.0,0.0,0.0,,,,,,,,,,,,,,,,,,,,,,,,,,,,,,,,,,,,,,,
Oman,1950,OMN,457321.0,485167872.0,,,,,,,,,,,,,,,,,,,,,,,,,,,,,,,,,,,,,,,,,,,,0.0,0.0,0.0,,,,,,,,,,,,,,,,,,,,,,,,,,,,,,,,,,,,,0.0,0.0,0.0,,,,,,,,,,,,,,,,,,,,,,,,,,,,,,,,,,,,,,,
Oman,1951,OMN,463731.0,516142464.0,,,,,,,,,,,,,,,,,,,,,,,,,,,,,,,,,,,,,,,,,,,,0.0,0.0,0.0,,,,,,,,,,,,,,,,,,,,,,,,,,,,,,,,,,,,,0.0,0.0,0.0,,,,,,,,,,,,,,,,,,,,,,,,,,,,,,,,,,,,,,,
Oman,1952,OMN,470407.0,547951808.0,,,,,,,,,,,,,,,,,,,,,,,,,,,,,,,,,,,,,,,,,,,,0.0,0.0,0.0,,,,,,,,,,,,,,,,,,,,,,,,,,,,,,,,,,,,,0.0,0.0,0.0,,,,,,,,,,,,,,,,,,,,,,,,,,,,,,,,,,,,,,,
Oman,1953,OMN,477409.0,583181952.0,,,,,,,,,,,,,,,,,,,,,,,,,,,,,,,,,,,,,,,,,,,,0.0,0.0,0.0,,,,,,,,,,,,,,,,,,,,,,,,,,,,,,,,,,,,,0.0,0.0,0.0,,,,,,,,,,,,,,,,,,,,,,,,,,,,,,,,,,,,,,,
Oman,1954,OMN,484747.0,619679488.0,,,,,,,,,,,,,,,,,,,,,,,,,,,,,,,,,,,,,,,,,,,,0.0,0.0,0.0,,,,,,,,,,,,,,,,,,,,,,,,,,,,,,,,,,,,,0.0,0.0,0.0,,,,,,,,,,,,,,,,,,,,,,,,,,,,,,,,,,,,,,,
Oman,1955,OMN,492428.0,658259392.0,,,,,,,,,,,,,,,,,,,,,,,,,,,,,,,,,,,,,,,,,,,,0.0,0.0,0.0,,,,,,,,,,,,,,,,,,,,,,,,,,,,,,,,,,,,,0.0,0.0,0.0,,,,,,,,,,,,,,,,,,,,,,,,,,,,,,,,,,,,,,,
Oman,1956,OMN,500453.0,700636288.0,,,,,,,,,,,,,,,,,,,,,,,,,,,,,,,,,,,,,,,,,,,,0.0,0.0,0.0,,,,,,,,,,,,,,,,,,,,,,,,,,,,,,,,,,,,,0.0,0.0,0.0,,,,,,,,,,,,,,,,,,,,,,,,,,,,,,,,,,,,,,,
Oman,1957,OMN,508861.0,744619520.0,,,,,,,,,,,,,,,,,,,,,,,,,,,,,,,,,,,,,,,,,,,,0.0,0.0,0.0,,,,,,,,,,,,,,,,,,,,,,,,,,,,,,,,,,,,,0.0,0.0,0.0,,,,,,,,,,,,,,,,,,,,,,,,,,,,,,,,,,,,,,,
Oman,1958,OMN,517715.0,790499904.0,,,,,,,,,,,,,,,,,,,,,,,,,,,,,,,,,,,,,,,,,,,,0.0,0.0,0.0,,,,,,,,,,,,,,,,,,,,,,,,,,,,,,,,,,,,,0.0,0.0,0.0,,,,,,,,,,,,,,,,,,,,,,,,,,,,,,,,,,,,,,,
Oman,1959,OMN,527035.0,840988928.0,,,,,,,,,,,,,,,,,,,,,,,,,,,,,,,,,,,,,,,,,,,,0.0,0.0,0.0,,,,,,,,,,,,,,,,,,,,,,,,,,,,,,,,,,,,,0.0,0.0,0.0,,,,,,,,,,,,,,,,,,,,,,,,,,,,,,,,,,,,,,,
Oman,1960,OMN,536556.0,892945088.0,,,,,,,,,,,,,,,,,,,,,,,,,,,,,,,,,,,,,,,,,,,,0.0,0.0,0.0,,,,,,,,,,,,,,,,,,,,,,,,,,,,,,,,,,,,,0.0,0.0,0.0,,,,,,,,,,,,,,,,,,,,,,,,,,,,,,,,,,,,,,,
Oman,1961,OMN,546456.0,902786560.0,,,,,,,,,,,,,,,,,,,,,,,,,,,,,,,,,,,,,,,,,,,,0.0,0.0,0.0,,,,,,,,,,,,,,,,,,,,,,,,,,,,,,,,,,,,,0.0,0.0,0.0,,,,,,,,,,,,,,,,,,,,,,,,,,,,,,,,,,,,,,,
Oman,1962,OMN,557143.0,1085467392.0,,,,,,,,,,,,,,,,,,,,,,,,,,,,,,,,,,,,,,,,,,,,0.0,0.0,0.0,,,,,,,,,,,,,,,,,,,,,,,,,,,,,,,,,,,,,0.0,0.0,0.0,,,,,,,,,,,,,,,,,,,,,,,,,,,,,,,,,,,,,,,
Oman,1963,OMN,568611.0,1133892480.0,,,,,,,,,,,,,,,,,,,,,,,,,,,,,,,,,,,,,,,,,,,,0.0,0.0,0.0,,,,,,,,,,,,,,,,,,,,,,,,,,,,,,,,,,,,,0.0,0.0,0.0,,,,,,,,,,,,,,,,,,,,,,,,,,,,,,,,,,,,,,,
Oman,1964,OMN,580834.0,1134369792.0,,,,,,,,,,,,,,,,,,,,,,,,,,,,,,,,,,,,,,,,,,,,0.0,0.0,0.0,,,,,,,,,,,,,,,,,,,,,,,,,,,,,,,,,,,,,0.0,0.0,0.0,,,,,,,,,,,,,,,,,,,,,,,,,,,,,,,,,,,,,,,
Oman,1965,OMN,593816.0,1138811648.0,,,,,,,,,,,,,,,,,,,,,,,,,,,163.991,0.086,,,,,,,,,,,,,,,,0.0,0.0,0.0,,,,,,,,,,,,,,,,,,,,,,,,,,,,,,,,0.097,,,163.991,,0.0,0.0,0.0,,,,,,,,,,,,,,,0.097,,,,,,,,,,,,,,,,,,,,,,,,
Oman,1966,OMN,607540.0,1199748352.0,,,,,,,,,,,,,,,,,,,,,,,,,25.139,0.024,200.581,0.102,,,,,,,,,,,,,,,,0.0,0.0,0.0,,,,,,,,,,,,,,,,,,,,,,,,,,,,,,25.139,0.024,0.122,,,200.581,,0.0,0.0,0.0,,,,,,,,,,,,,,,0.122,,,,,,,,,,,,,,,,,,,,,,,,
Oman,1967,OMN,622048.0,1992792704.0,,,,,,,,,,,,,,,,,,,,,,,,,343.934,0.419,869.681,0.271,,,,,,,,,,,,,,,,0.0,0.0,0.0,,,,,,,,,,,,,,,,,,,,,,,,,,,,,,343.934,0.419,0.541,,,869.681,,32.831,52778.379,32.831,,,,,,,,,,,,,,,0.541,,,,,,,,,,,,,,,,,,,,,,,,
Oman,1968,OMN,637385.0,3626114816.0,,,,,,,,,,,,,,,,,,,,,,,,,20.504,0.111,1022.786,0.18,,,,,,,,,,,,,,,,0.0,0.0,0.0,,,,,,,,,,,,,,,,,,,,,,,,,,,,,,20.504,0.111,0.652,,,1022.786,323.965,106.36,218377.797,139.191,,,,,,,,,,,,,,,0.652,,,,,,,,,,,,,,,,,,,,,,,,
Oman,1969,OMN,653603.0,4555251200.0,,,,,,,,,,,,,,,,,,,,,,,,,42.43,0.277,1420.604,0.204,,,,,,,,,,,,,,,,0.0,0.0,0.0,,,,,,,,,,,,,,,,,,,,,,,,,,,,,,42.43,0.277,0.929,,,1420.604,35.314,49.154,288163.375,188.344,,,,,,,,,,,,,,,0.929,,,,,,,,,,,,,,,,,,,,,,,,
Oman,1970,OMN,670697.0,4714813952.0,,,,,,,,,,,,,,,,,,,,,,,,,0.796,0.007,1395.422,0.199,,,,,,,,,,,,,,,,0.0,0.0,0.0,,,,,,,,,,,,,,,,,,,,,,,,,,,,,,0.796,0.007,0.936,,,1395.422,1.529,2.88,285112.844,191.224,,,,,,,,,,,,,,,0.936,,,,,,,,,,,,,,,,,,,,,,,,
Oman,1971,OMN,688810.0,4753764352.0,,,,,,,,,,,,,,,,,,,,,,,,,1553.105,14.536,22461.205,3.255,,,,,,,,,,,,,,,,0.0,0.0,0.0,,,,,,,,,,,,,,,0.0,0.0,,,,,,,,,,,,,,1553.105,14.536,15.472,,,22461.205,-11.446,-21.887,245840.25,169.337,,,0.0,0.0,,,,0.0,,0.0,,,,,15.472,,,,0.0,0.0,,,,,,0.0,0.0,0.0,0.0,,,,,0.0,0.0,0.0,0.0,,
Oman,1972,OMN,708057.0,5198972416.0,,,,,,,,,,,,,,,,,,,,,,,,,14.257,2.206,24965.809,3.4,,,,,,,,,,,,,,,,0.0,0.0,0.0,,,,,,,,,,,,,,,0.0,0.0,,,,,,,,,,,,,,14.257,2.206,17.677,,,24965.809,-3.819,-6.467,230024.562,162.87,,,0.0,0.0,,,0.0,0.0,,0.0,,,,,17.677,,,,0.0,0.0,,,,,0.0,0.0,0.0,0.0,0.0,,,,0.0,0.0,0.0,0.0,0.0,,
Oman,1973,OMN,728604.0,4478044160.0,,,,,,,,,,,,,,,,,,,,,,,,,-13.018,-2.301,21103.252,3.434,,,,,,,,,,,,,,,,0.0,0.0,0.0,,,,,,,,,,,,,,,0.0,0.0,,,,,,,,,,,,,,-13.018,-2.301,15.376,,,21103.252,3.617,5.891,231622.734,168.761,,,0.0,0.0,,,0.0,0.0,,0.0,,,,,15.376,,,,0.0,0.0,,,,,0.0,0.0,0.0,0.0,0.0,,,,0.0,0.0,0.0,0.0,0.0,,
Oman,1974,OMN,754684.0,4991525376.0,,,,,,,,,,,,,,,,,,,,,,,,,-8.117,-1.248,18720.264,2.83,,,,,,,,,,,,,,,,0.0,0.0,0.0,,,,,,,,,,,,,,,0.0,0.0,,,,,,,,,,,,,,-8.117,-1.248,14.128,,,18720.264,-1.024,-1.728,221328.812,167.033,,,0.0,0.0,,,0.0,0.0,,0.0,,,,,14.128,,,,0.0,0.0,,,,,0.0,0.0,0.0,0.0,0.0,,,,0.0,0.0,0.0,0.0,0.0,,
Oman,1975,OMN,787204.0,6212164608.0,,,,,,,,,,,,,,,,,,,,,,,,,-8.658,-1.223,16393.078,2.077,,,,,,,,,,,,,,,,0.0,0.0,0.0,,,,,,,,,,,,,,,0.0,0.0,,,,,,,,,,,,,,-8.658,-1.223,12.905,,,16393.078,17.586,29.375,249500.938,196.408,,,0.0,0.0,,,0.0,0.0,,0.0,,,,,12.905,,,,0.0,0.0,,,,,0.0,0.0,0.0,0.0,0.0,,,,0.0,0.0,0.0,0.0,0.0,,
Oman,1976,OMN,824089.0,7008887808.0,,,,,,,,,,,,,,,,,,,,,,,,,15.124,1.952,18027.662,2.12,,,,,,,,,,,,,,,,0.0,0.0,0.0,,,,,,,,,,,,,,,0.0,0.0,,,,,,,,,,,,,,15.124,1.952,14.856,,,18027.662,7.919,15.555,257208.484,211.963,,,0.0,0.0,,,0.0,0.0,,0.0,,,,,14.856,,,,0.0,0.0,,,,,0.0,0.0,0.0,0.0,0.0,,,,0.0,0.0,0.0,0.0,0.0,,
Oman,1977,OMN,866134.0,7029722112.0,,,,,,,,,,,,,,,,,,,,,,,,,-3.663,-0.544,16524.197,2.036,,,,,,,,,,,,,,,,0.0,0.0,0.0,,,,,,,,,,,,,,,0.0,0.0,,,,,,,,,,,,,,-3.663,-0.544,14.312,,,16524.197,-7.61,-16.131,226099.156,195.832,,,0.0,0.0,,,0.0,0.0,,0.0,,,,,14.312,,,,0.0,0.0,,,,,0.0,0.0,0.0,0.0,0.0,,,,0.0,0.0,0.0,0.0,0.0,,
Oman,1978,OMN,912754.0,6895599616.0,,,,,,,,,,,,,,,,,,,,,,,,,16.281,2.33,18233.145,2.413,,,,,,,,,,,3.025,,,3314.612,,3.025,3314.612,3.025,,,,,,,,,,,,,,,0.0,0.0,,,,,,,,,,,,,,-4.858,-0.695,13.617,,,14918.533,-7.647,-14.975,198144.047,180.857,,,0.0,0.0,,,0.0,0.0,,0.0,,,,,16.642,,,,0.0,0.0,,,,,0.0,0.0,0.0,0.0,0.0,,,,0.0,0.0,0.0,0.0,0.0,,
Oman,1979,OMN,963355.0,7190609920.0,,,,,,,,,,,,,,,,,,,,,,,,,15.207,2.531,19902.557,2.666,,,,,,,,,68.224,2.064,5.089,,,5283.099,68.224,2.064,5283.099,5.089,,,,,,,,,,,,,,,0.0,0.0,,,,,,,,,,,,,,3.428,0.467,14.084,,,14619.457,-6.051,-10.944,176376.516,169.913,,,0.0,0.0,,,0.0,0.0,,0.0,,,,,19.173,,,,0.0,0.0,,,,,0.0,0.0,0.0,0.0,0.0,,,,0.0,0.0,0.0,0.0,0.0,,
Oman,1980,OMN,1017473.0,7625996800.0,,,,,,,,,,,,,,,,,,0.0,0.0,,,,,,-11.03,-2.115,16765.434,2.237,,,,,,,,,26.944,1.371,6.461,,,6349.886,26.944,1.371,6349.886,6.461,,,,,,0.0,0.0,0.0,0.0,,,,,0.0,0.0,0.0,0.0,,,,,,,0.0,0.0,0.0,0.0,,,-24.753,-3.486,10.598,,,10415.549,-3.373,-5.731,161362.453,164.182,,,0.0,0.0,,,0.0,0.0,,0.0,,,,,17.058,,,0.0,0.0,0.0,0.0,,,,0.0,0.0,0.0,0.0,0.0,,,,0.0,0.0,0.0,0.0,0.0,,
Oman,1981,OMN,1075632.0,8925583360.0,,,,,,,,,,,,,,,,,0.0,0.0,0.0,,,,,,5.684,0.97,16760.377,2.02,,,,,,,,,17.87,1.155,7.615,,,7079.931,17.87,1.155,7079.931,7.615,,,,,0.0,0.0,0.0,0.0,0.0,,,,0.0,0.0,0.0,0.0,0.0,,,,,,0.0,0.0,0.0,0.0,0.0,,,-1.745,-0.185,10.413,,,9680.445,15.514,25.47,176317.109,189.652,,,0.0,0.0,,,0.0,0.0,,0.0,,,,,18.028,,0.0,0.0,0.0,0.0,0.0,,,,0.0,0.0,0.0,0.0,0.0,,,,0.0,0.0,0.0,0.0,0.0,,
Oman,1982,OMN,1138303.0,9954318336.0,,,,,,,,,,,,,,,,,0.0,0.0,0.0,,,,,,7.971,1.437,17100.033,1.955,,,,,,,,,9.406,0.716,8.332,,,7319.405,9.406,0.716,7319.405,8.332,,,,,0.0,0.0,0.0,0.0,0.0,,,,0.0,0.0,0.0,0.0,0.0,,,,,,0.0,0.0,0.0,0.0,0.0,,,6.922,0.721,11.133,,,9780.63,2.43,4.608,170657.672,194.26,,,0.0,0.0,,,0.0,0.0,,0.0,,,,,19.465,,0.0,0.0,0.0,0.0,0.0,,,,0.0,0.0,0.0,0.0,0.0,,,,0.0,0.0,0.0,0.0,0.0,,
Oman,1983,OMN,1204630.0,11615733760.0,,,,,,,,,,,,,,,,,0.0,0.0,0.0,,,,,,15.217,2.962,18617.271,1.931,,,,,,,,,24.208,2.017,10.349,,,8590.729,24.208,2.017,8590.729,10.349,,,,,0.0,0.0,0.0,0.0,0.0,,,,0.0,0.0,0.0,0.0,0.0,,,,,,0.0,0.0,0.0,0.0,0.0,,,8.488,0.945,12.078,,,10026.542,15.714,30.527,186602.453,224.787,,,0.0,0.0,,,0.0,0.0,,0.0,,,,,22.427,,0.0,0.0,0.0,0.0,0.0,,,,0.0,0.0,0.0,0.0,0.0,,,,0.0,0.0,0.0,0.0,0.0,,
Oman,1984,OMN,1273313.0,13560461312.0,,,,,,,,,,,,,,,,,0.0,0.0,0.0,,,,,,23.996,5.382,21839.512,2.051,,,,,,,,,25.683,2.658,13.007,,,10214.692,25.683,2.658,10214.692,13.007,,,,,0.0,0.0,0.0,0.0,0.0,,,,0.0,0.0,0.0,0.0,0.0,,,,,,0.0,0.0,0.0,0.0,0.0,,,22.551,2.724,14.802,,,11624.82,7.374,16.577,189555.672,241.364,,,0.0,0.0,,,0.0,0.0,,0.0,,,,,27.809,,0.0,0.0,0.0,0.0,0.0,,,,0.0,0.0,0.0,0.0,0.0,,,,0.0,0.0,0.0,0.0,0.0,,
Oman,1985,OMN,1353298.0,15457396736.0,,,,,,,,,,,,,,,,,0.0,0.0,0.0,,,,2.888,8.781,18.273,5.081,24303.521,2.128,,,,,,,,,27.319,3.553,16.56,,,12236.569,27.319,3.553,12236.569,16.56,,,,,0.0,0.0,0.0,0.0,0.0,0.0,,,0.0,0.0,0.0,0.0,0.0,0.0,,,,,0.0,0.0,0.0,0.0,0.0,0.0,,10.324,1.528,16.33,,,12066.951,19.446,46.937,213035.328,288.3,,,0.0,0.0,,,0.0,0.0,,0.0,0.0,,,2134.046,32.89,,0.0,0.0,0.0,0.0,0.0,0.0,,,0.0,0.0,0.0,0.0,0.0,0.0,,,0.0,0.0,0.0,0.0,0.0,0.0,
Oman,1986,OMN,1443449.0,15789072384.0,,,,,,,,,,,,,,,,,0.0,0.0,0.0,,,,3.617,10.2,7.813,2.57,24565.83,2.246,,,,,,,,,16.904,2.799,19.359,,,13411.591,16.904,2.799,13411.591,19.359,,,,,0.0,0.0,0.0,0.0,0.0,0.0,,,0.0,0.0,0.0,0.0,0.0,0.0,,,,,0.0,0.0,0.0,0.0,0.0,0.0,,-1.406,-0.23,16.101,,,11154.237,12.387,35.711,224469.906,324.011,,,0.0,0.0,,,0.0,0.0,,0.0,0.0,,,2505.804,35.46,,0.0,0.0,0.0,0.0,0.0,0.0,,,0.0,0.0,0.0,0.0,0.0,0.0,,,0.0,0.0,0.0,0.0,0.0,0.0,
Oman,1987,OMN,1533352.0,17052943360.0,,,,,,,,,,,,,,,,,0.0,0.0,0.0,,,,3.884,10.509,4.228,1.499,24103.346,2.167,,,,,,,,,12.025,2.328,21.687,,,14143.474,12.025,2.328,14143.474,21.687,,,,,0.0,0.0,0.0,0.0,0.0,0.0,,,0.0,0.0,0.0,0.0,0.0,0.0,,,,,0.0,0.0,0.0,0.0,0.0,0.0,,-5.146,-0.829,15.272,,,9959.868,4.137,13.403,220050.094,337.414,,,0.0,0.0,,,0.0,0.0,,0.0,0.0,,,2533.013,36.959,,0.0,0.0,0.0,0.0,0.0,0.0,,,0.0,0.0,0.0,0.0,0.0,0.0,,,0.0,0.0,0.0,0.0,0.0,0.0,
Oman,1988,OMN,1623437.0,17563824128.0,,,,,,,,,,,,,,,,,0.0,0.0,0.0,,,,4.408,11.61,2.733,1.01,23387.941,2.162,,,,,,,,,0.63,0.137,21.824,,,13442.829,0.63,0.137,13442.829,21.824,,,,,0.0,0.0,0.0,0.0,0.0,0.0,,,0.0,0.0,0.0,0.0,0.0,0.0,,,,,0.0,0.0,0.0,0.0,0.0,0.0,,5.718,0.873,16.145,,,9945.111,6.607,22.294,221572.0,359.708,,,0.0,0.0,,,0.0,0.0,,0.0,0.0,,,2715.227,37.969,,0.0,0.0,0.0,0.0,0.0,0.0,,,0.0,0.0,0.0,0.0,0.0,0.0,,,0.0,0.0,0.0,0.0,0.0,0.0,
Oman,1989,OMN,1713845.0,18300876800.0,,,,,,,,,,,,,,,,,0.0,0.0,0.0,,,,4.707,11.846,4.654,1.767,23185.213,2.171,,,,,,,,,3.779,0.825,22.648,,,13214.891,3.779,0.825,13214.891,22.648,,,,,0.0,0.0,0.0,0.0,0.0,0.0,,,0.0,0.0,0.0,0.0,0.0,0.0,,,,,0.0,0.0,0.0,0.0,0.0,0.0,,5.837,0.942,17.088,,,9970.322,3.656,13.152,217557.984,372.861,,,0.0,0.0,,,0.0,0.0,,0.0,0.0,,,2746.456,39.736,,0.0,0.0,0.0,0.0,0.0,0.0,,,0.0,0.0,0.0,0.0,0.0,0.0,,,0.0,0.0,0.0,0.0,0.0,0.0,
Oman,1990,OMN,1804528.0,18309502976.0,,,,,,,,,,,,,,,,,0.0,0.0,0.0,,,,4.501,9.663,17.219,6.842,25811.695,2.544,,,,,,,,,8.073,1.828,24.477,,,13564.06,8.073,1.828,13564.06,24.477,,,,,0.0,0.0,0.0,0.0,0.0,0.0,,,0.0,0.0,0.0,0.0,0.0,0.0,,,,,0.0,0.0,0.0,0.0,0.0,0.0,,29.341,5.014,22.101,,,12247.638,6.797,25.343,220669.141,398.204,,,0.0,0.0,,,0.0,0.0,,0.0,0.0,,,2494.281,46.578,,0.0,0.0,0.0,0.0,0.0,0.0,,,0.0,0.0,0.0,0.0,0.0,0.0,,,0.0,0.0,0.0,0.0,0.0,0.0,
Oman,1991,OMN,1895193.0,20623697920.0,,,,,,,,,,,,,,,,,0.0,0.0,0.0,,,,4.625,7.608,30.52,14.216,32077.758,2.948,,,,,,,,,1.386,0.339,24.816,,,13094.194,1.386,0.339,13094.194,24.816,,,,,0.0,0.0,0.0,0.0,0.0,0.0,,,0.0,0.0,0.0,0.0,0.0,0.0,,,,,0.0,0.0,0.0,0.0,0.0,0.0,,62.785,13.876,35.978,,,18983.562,3.143,12.516,216716.297,410.719,,,0.0,0.0,,,0.0,0.0,,0.0,0.0,,,2440.385,60.794,,0.0,0.0,0.0,0.0,0.0,0.0,,,0.0,0.0,0.0,0.0,0.0,0.0,,,0.0,0.0,0.0,0.0,0.0,0.0,
Oman,1992,OMN,1985234.0,23771996160.0,,,,,,,,,,,,,,,,,0.0,0.0,0.0,,,,5.113,8.481,-0.832,-0.506,30367.953,2.536,,,,,,,,,9.305,2.309,27.125,,,13663.452,9.305,2.309,13663.452,27.125,,,,,0.0,0.0,0.0,0.0,0.0,0.0,,,0.0,0.0,0.0,0.0,0.0,0.0,,,,,0.0,0.0,0.0,0.0,0.0,0.0,,-7.825,-2.815,33.162,,,16704.502,4.876,20.028,216975.656,430.747,,,0.0,0.0,,,0.0,0.0,,0.0,0.0,,,2575.515,60.287,,0.0,0.0,0.0,0.0,0.0,0.0,,,0.0,0.0,0.0,0.0,0.0,0.0,,,0.0,0.0,0.0,0.0,0.0,0.0,
Oman,1993,OMN,2071874.0,26814318592.0,,,,,,,,,,,,,,,,,0.0,0.0,0.0,,,,5.833,10.03,-3.54,-2.134,28068.113,2.169,,,,,,,,,-4.031,-1.093,26.032,,,12564.398,-4.031,-1.093,12564.398,26.032,,,,,0.0,0.0,0.0,0.0,0.0,0.0,,,0.0,0.0,0.0,0.0,0.0,0.0,,,,,0.0,0.0,0.0,0.0,0.0,0.0,,-3.138,-1.041,32.122,,,15503.714,4.723,20.344,217721.609,451.092,,,0.0,0.0,,,0.0,0.0,,0.0,0.0,,,2815.326,58.154,,0.0,0.0,0.0,0.0,0.0,0.0,,,0.0,0.0,0.0,0.0,0.0,0.0,,,0.0,0.0,0.0,0.0,0.0,0.0,
Oman,1994,OMN,2133678.0,29594624000.0,,,,,,,,,,,,0.065,0.0,,,,0.0,0.0,0.0,,0.0,,6.198,11.376,-6.315,-3.672,25534.031,1.841,,,,,25534.031,54.481,,100.0,4.707,1.225,27.257,,,12774.701,4.707,1.225,12774.701,27.257,,50.03,,,0.0,0.0,0.0,0.0,0.0,0.0,0.0,,0.0,0.0,0.0,0.0,0.0,0.0,0.0,,,,0.0,0.0,0.0,0.0,0.0,0.0,0.0,-15.247,-4.898,27.224,,,12759.264,4.295,19.373,220494.812,470.465,,49.97,0.0,0.0,,,0.0,0.0,,0.0,0.0,,0.0,2904.843,54.481,,0.0,0.0,0.0,0.0,0.0,0.0,0.0,,0.0,0.0,0.0,0.0,0.0,0.0,0.0,,0.0,0.0,0.0,0.0,0.0,0.0,0.0
Oman,1995,OMN,2172681.0,32979269632.0,,,,,,,,,,-45.66,-0.0,0.035,0.0,,,,0.0,0.0,0.0,,0.0,,6.5,10.184,17.146,9.341,29375.076,1.935,17.146,9.341,,,29375.078,63.823,,100.0,22.332,6.087,33.344,,,15346.991,40.076,10.924,17573.068,38.181,,52.245,,,0.0,0.0,0.0,0.0,0.0,0.0,0.0,,0.0,0.0,0.0,0.0,0.0,0.0,0.0,,,,0.0,0.0,0.0,0.0,0.0,0.0,0.0,11.954,3.254,30.478,,,14028.052,5.82,27.383,229139.781,497.848,,47.755,0.0,0.0,,,0.0,0.0,,0.0,0.0,,0.0,2991.695,63.823,,0.0,0.0,0.0,0.0,0.0,0.0,0.0,,0.0,0.0,0.0,0.0,0.0,0.0,0.0,,0.0,0.0,0.0,0.0,0.0,0.0,0.0
Oman,1996,OMN,2209965.0,36087418880.0,,,,,,,,,,-36.092,-0.0,0.022,0.0,,,,0.0,0.0,0.0,,0.0,,6.802,10.389,2.588,1.652,29626.945,1.814,2.588,1.652,,,29626.945,65.475,,100.0,9.26,3.088,36.432,,,16485.189,8.121,3.101,18679.707,41.281,,55.643,,,0.0,0.0,0.0,0.0,0.0,0.0,0.0,,0.0,0.0,0.0,0.0,0.0,0.0,0.0,,,,0.0,0.0,0.0,0.0,0.0,0.0,0.0,-4.711,-1.436,29.043,,,13141.734,3.638,18.113,233470.078,515.961,,44.357,0.0,0.0,,,0.0,0.0,,0.0,0.0,,0.0,3077.877,65.475,,0.0,0.0,0.0,0.0,0.0,0.0,0.0,,0.0,0.0,0.0,0.0,0.0,0.0,0.0,,0.0,0.0,0.0,0.0,0.0,0.0,0.0
Oman,1997,OMN,2245591.0,40761249792.0,,,,,,,,,,704.146,0.0,0.173,0.0,,,,0.0,0.0,0.0,,0.001,,7.318,10.847,3.042,1.992,30043.963,1.655,3.042,1.992,,,30043.963,67.466,,100.0,15.61,5.687,42.119,,,18756.217,13.744,5.674,20910.018,46.955,,62.429,,,0.0,0.0,0.0,0.0,0.0,0.0,0.0,,0.0,0.0,0.0,0.0,0.0,0.0,0.0,,,,0.0,0.0,0.0,0.0,0.0,0.0,0.0,-12.724,-3.695,25.347,,,11287.573,1.229,6.342,232590.375,522.303,,37.57,0.0,0.0,,,0.0,0.0,,0.0,0.0,,0.0,3258.83,67.466,,0.0,0.0,0.0,0.0,0.0,0.0,0.0,,0.0,0.0,0.0,0.0,0.0,0.0,0.0,,0.0,0.0,0.0,0.0,0.0,0.0,0.0
Oman,1998,OMN,2279727.0,44532695040.0,,,,,,,,,,43.583,0.0,0.245,0.001,,,,0.0,0.0,0.0,,0.001,,8.2,11.853,2.54,1.713,30345.678,1.553,2.54,1.713,,,30345.678,69.18,,100.0,4.274,1.8,43.919,,,19265.01,3.834,1.8,21386.562,48.756,,63.485,,,0.0,0.0,0.0,0.0,0.0,0.0,0.0,,0.0,0.0,0.0,0.0,0.0,0.0,0.0,,,,0.0,0.0,0.0,0.0,0.0,0.0,0.0,-0.343,-0.087,25.26,,,11080.424,-0.441,-2.304,228097.031,519.999,,36.514,0.0,0.0,,,0.0,0.0,,0.0,0.0,,0.0,3596.922,69.18,,0.0,0.0,0.0,0.0,0.0,0.0,0.0,,0.0,0.0,0.0,0.0,0.0,0.0,0.0,,0.0,0.0,0.0,0.0,0.0,0.0,0.0
Oman,1999,OMN,2312608.0,47475470336.0,,,,,,,,,,-88.052,-0.0,0.029,0.0,,,,0.0,0.0,0.0,,0.0,,8.413,10.701,13.647,9.441,33996.68,1.656,13.647,9.441,,,33996.676,78.621,,100.0,7.089,3.113,47.032,,,20337.297,5.393,2.63,22219.545,51.385,,59.821,,,0.0,0.0,0.0,0.0,0.0,0.0,0.0,,0.0,0.0,0.0,0.0,0.0,0.0,0.0,,,,0.0,0.0,0.0,0.0,0.0,0.0,0.0,25.053,6.328,31.589,,,13659.352,-0.032,-0.166,224782.0,519.833,,40.178,0.0,0.0,,,0.0,0.0,,0.0,0.0,,0.0,3637.884,78.621,,0.0,0.0,0.0,0.0,0.0,0.0,0.0,,0.0,0.0,0.0,0.0,0.0,0.0,0.0,,0.0,0.0,0.0,0.0,0.0,0.0,0.0
Oman,2000,OMN,2344261.0,53667835904.0,,,,,0.0,0.0,0.0,,489.486,4250.177,0.003,1.238,0.003,0.0,0.0,,0.0,0.0,0.0,0.0,,8.56,8.56,7.717,41.087,32.303,47317.117,2.067,41.087,32.303,3651.471,8.56,47317.117,110.924,100.0,,63.189,29.719,76.752,3651.471,8.56,32740.176,100.858,51.826,44027.125,103.211,100.0,,4.19,,,,0.0,0.0,,0.0,,,,,0.0,0.0,,0.0,,0.0,0.0,,,,0.0,0.0,,0.0,,8.169,2.581,34.169,0.0,0.0,14575.701,5.207,27.065,233292.312,546.898,0.0,,0.0,0.0,0.0,,0.0,0.0,0.0,0.0,0.0,0.0,,3651.471,110.924,,,,0.0,0.0,,0.0,,,0.0,0.0,0.0,0.0,0.0,0.0,,,0.0,0.0,0.0,0.0,0.0,0.0,
Oman,2001,OMN,2374655.0,59346665472.0,,,,,0.0,0.0,0.0,,489.617,-43.525,-0.001,0.69,0.002,0.0,0.0,,0.0,0.0,0.0,0.0,,9.15,9.15,7.429,11.031,12.236,51864.105,2.075,11.031,12.236,3853.191,9.15,51864.102,123.159,100.0,,9.804,7.525,84.276,3853.191,9.15,35489.855,49.448,51.035,64955.289,154.246,100.0,,4.48,,,,0.0,0.0,,0.0,,,,,0.0,0.0,,0.0,,0.0,0.0,,,,0.0,0.0,,0.0,,13.791,4.712,38.882,0.0,0.0,16373.556,-0.275,-1.506,229672.094,545.392,0.0,,0.0,0.0,0.0,,0.0,0.0,0.0,0.0,0.0,0.0,,3853.191,123.159,,,,0.0,0.0,,0.0,,,0.0,0.0,0.0,0.0,0.0,0.0,,,0.0,0.0,0.0,0.0,0.0,0.0,
Oman,2002,OMN,2403663.0,62001954816.0,,,,,0.0,0.0,0.0,,490.216,138.169,0.002,1.625,0.004,0.0,0.0,,0.0,0.0,0.0,0.0,,9.71,9.71,7.301,7.989,9.839,55331.734,2.145,7.989,9.839,4039.668,9.71,55331.734,132.999,100.0,,4.753,4.006,88.282,4039.668,9.71,36728.02,7.906,12.195,69244.727,166.441,100.0,,4.76,,,,0.0,0.0,,0.0,,,,,0.0,0.0,,0.0,,0.0,0.0,,,,0.0,0.0,,0.0,,14.998,5.832,44.713,0.0,0.0,18602.088,-6.149,-33.536,212948.5,511.856,0.0,,0.0,0.0,0.0,,0.0,0.0,0.0,0.0,0.0,0.0,,4039.668,132.999,,,,0.0,0.0,,0.0,,,0.0,0.0,0.0,0.0,0.0,0.0,,,0.0,0.0,0.0,0.0,0.0,0.0,
Oman,2003,OMN,2431603.0,63766302720.0,,,,,0.0,0.0,0.0,,489.573,-100.0,-0.004,0.0,0.0,0.0,0.0,,0.0,0.0,0.0,0.0,,10.07,10.07,7.299,3.731,4.962,56736.633,2.164,3.731,4.962,4141.301,10.07,56736.633,137.961,100.0,,7.889,6.964,95.246,4141.301,10.07,39170.023,10.162,16.914,75404.945,183.355,100.0,,4.93,,,,0.0,0.0,,0.0,,,,,0.0,0.0,,0.0,,0.0,0.0,,,,0.0,0.0,,0.0,,-4.469,-1.998,42.715,0.0,0.0,17566.611,-8.604,-44.042,192389.219,467.814,0.0,,0.0,0.0,0.0,,0.0,0.0,0.0,0.0,0.0,0.0,,4141.301,137.961,,,,0.0,0.0,,0.0,,,0.0,0.0,0.0,0.0,0.0,0.0,,,0.0,0.0,0.0,0.0,0.0,0.0,
Oman,2004,OMN,2468860.0,68446281728.0,,,,,0.0,0.0,0.0,,490.287,,0.009,3.761,0.009,0.0,0.0,,0.0,0.0,0.0,0.0,,10.81,10.81,8.434,-7.094,-9.786,51916.52,1.873,-7.094,-9.786,4378.539,10.81,51916.52,128.175,100.0,,-9.251,-8.811,86.435,4378.539,10.81,35010.02,1.756,3.22,75571.461,186.575,100.0,,5.3,,,,0.0,0.0,,0.0,,,,,0.0,0.0,,0.0,,0.0,0.0,,,,0.0,0.0,,0.0,,-2.305,-0.985,41.731,0.0,0.0,16902.742,-4.463,-20.879,181029.156,446.936,0.0,,0.0,0.0,0.0,,0.0,0.0,0.0,0.0,0.0,0.0,,4378.539,128.175,,,,0.0,0.0,,0.0,,,0.0,0.0,0.0,0.0,0.0,0.0,,,0.0,0.0,0.0,0.0,0.0,0.0,
Oman,2005,OMN,2515202.0,74672898048.0,,,,,0.0,0.0,0.0,,490.328,-60.678,-0.006,1.452,0.004,0.0,0.0,,0.0,0.0,0.0,0.0,,11.89,11.89,7.67,20.937,26.836,61629.492,2.076,20.937,26.836,4727.254,11.89,61629.492,155.011,100.0,,24.699,21.348,107.783,4727.254,11.89,42852.645,11.748,21.919,82893.531,208.494,100.0,,5.83,,,,0.0,0.0,,0.0,,,,,0.0,0.0,,0.0,,0.0,0.0,,,,0.0,0.0,,0.0,,13.164,5.493,47.224,0.0,0.0,18775.393,-1.119,-5.003,175704.594,441.933,0.0,,0.0,0.0,0.0,,0.0,0.0,0.0,0.0,0.0,0.0,,4727.254,155.011,,,,0.0,0.0,,0.0,,,0.0,0.0,0.0,0.0,0.0,0.0,,,0.0,0.0,0.0,0.0,0.0,0.0,
Oman,2006,OMN,2560652.0,84269957120.0,,,,,0.0,0.0,0.0,,490.196,880.012,0.032,13.973,0.036,0.0,0.0,,0.0,0.0,0.0,0.0,,13.26,13.26,7.788,9.845,15.261,66495.539,2.021,9.845,15.261,5178.369,13.26,66495.539,170.272,100.0,,11.667,12.575,120.358,5178.369,13.26,47002.75,16.509,34.421,94864.344,242.915,100.0,,6.5,,,,0.0,0.0,,0.0,,,,,0.0,0.0,,0.0,,0.0,0.0,,,,0.0,0.0,,0.0,,5.621,2.655,49.878,0.0,0.0,19478.818,-4.789,-21.164,164320.938,420.769,0.0,,0.0,0.0,0.0,,0.0,0.0,0.0,0.0,0.0,0.0,,5178.369,170.272,,,,0.0,0.0,,0.0,,,0.0,0.0,0.0,0.0,0.0,0.0,,,0.0,0.0,0.0,0.0,0.0,0.0,
Oman,2007,OMN,2605706.0,94693957632.0,,,,,0.0,0.0,0.0,,490.24,-77.182,-0.028,3.133,0.008,0.0,0.0,,0.0,0.0,0.0,0.0,,13.32,13.32,7.719,1.346,2.292,66225.367,1.822,1.346,2.292,5111.858,13.32,66225.359,172.564,100.0,,1.053,1.267,121.625,5111.858,13.32,46676.328,1.297,3.151,94433.203,246.065,100.0,,6.53,,,,0.0,0.0,,0.0,,,,,0.0,0.0,,0.0,,0.0,0.0,,,,0.0,0.0,,0.0,,2.11,1.052,50.931,0.0,0.0,19545.898,-3.709,-15.605,155491.094,405.164,0.0,,0.0,0.0,0.0,,0.0,0.0,0.0,0.0,0.0,0.0,,5111.858,172.564,,,,0.0,0.0,,0.0,,,0.0,0.0,0.0,0.0,0.0,0.0,,,0.0,0.0,0.0,0.0,0.0,0.0,
Oman,2008,OMN,2651032.0,110108073984.0,,,,,0.0,0.0,0.0,,489.919,70.874,0.006,5.262,0.014,0.0,0.0,,0.0,0.0,0.0,0.0,,14.88,14.88,7.411,16.354,28.221,75738.219,1.824,16.354,28.221,5612.909,14.88,75738.211,200.784,100.0,,10.014,12.179,133.804,5612.909,14.88,50472.453,-1.911,-4.702,91044.984,241.363,100.0,,7.29,,,,0.0,0.0,,0.0,,,,,0.0,0.0,,0.0,,0.0,0.0,,,,0.0,0.0,,0.0,,31.485,16.036,66.966,0.0,0.0,25260.494,6.41,25.971,162629.234,431.135,0.0,,0.0,0.0,0.0,,0.0,0.0,0.0,0.0,0.0,0.0,,5612.909,200.784,,,,0.0,0.0,,0.0,,,0.0,0.0,0.0,0.0,0.0,0.0,,,0.0,0.0,0.0,0.0,0.0,0.0,
Oman,2009,OMN,2697543.0,124503998464.0,,,,,0.0,0.0,0.0,,490.149,16.739,0.002,6.037,0.016,0.0,0.0,,0.0,0.0,0.0,0.0,,16.75,16.75,8.409,-0.79,-1.587,73844.125,1.6,-0.79,-1.587,6209.354,16.75,73844.133,199.198,100.0,,1.248,1.67,135.474,6209.354,16.75,50221.27,-0.921,-2.223,88650.93,239.14,100.0,,8.21,,,,0.0,0.0,,0.0,,,,,0.0,0.0,,0.0,,0.0,0.0,,,,0.0,0.0,,0.0,,-4.867,-3.259,63.707,0.0,0.0,23616.826,6.983,30.106,170985.797,461.242,0.0,,0.0,0.0,0.0,,0.0,0.0,0.0,0.0,0.0,0.0,,6209.354,199.198,,,,0.0,0.0,,0.0,,,0.0,0.0,0.0,0.0,0.0,0.0,,,0.0,0.0,0.0,0.0,0.0,0.0,
Oman,2010,OMN,2881915.0,137422618624.0,,,,,0.0,0.0,0.0,,490.07,2016.057,0.328,119.575,0.345,0.0,0.0,,0.0,0.0,0.0,0.0,,18.63,18.63,7.863,18.943,37.733,82213.055,1.724,18.943,37.733,6464.451,18.63,82213.055,236.931,100.0,,20.915,28.334,163.808,6464.451,18.63,56840.133,7.459,17.838,89169.039,256.978,100.0,,9.13,,,,0.0,0.0,,0.0,,,,,0.0,0.0,,0.0,,0.0,0.0,,,,0.0,0.0,,0.0,,14.238,9.071,72.778,0.0,0.0,25253.35,6.41,29.563,170305.125,490.805,0.0,,0.0,0.0,0.0,,0.0,0.0,0.0,0.0,0.0,0.0,,6464.451,236.931,,,,0.0,0.0,,0.0,,,0.0,0.0,0.0,0.0,0.0,0.0,,,0.0,0.0,0.0,0.0,0.0,0.0,
Oman,2011,OMN,3206883.0,141399490560.0,,,,,0.0,0.0,0.0,,489.786,-65.65,-0.226,36.912,0.118,0.0,0.0,,0.0,0.0,0.0,0.0,,20.56,20.56,7.917,9.603,22.752,80976.867,1.837,9.603,22.752,6411.209,20.56,80976.867,259.683,100.0,,10.387,17.015,180.824,6411.209,20.56,56386.152,5.565,14.301,84592.664,271.279,100.0,,10.07,,,,0.0,0.0,,0.0,,,,,0.0,0.0,,0.0,,0.0,0.0,,,,0.0,0.0,,0.0,,8.194,5.963,78.741,0.0,0.0,24553.807,2.397,11.764,156715.656,502.569,0.0,,0.0,0.0,0.0,,0.0,0.0,0.0,0.0,0.0,0.0,,6411.209,259.683,,,,0.0,0.0,,0.0,,,0.0,0.0,0.0,0.0,0.0,0.0,,,0.0,0.0,0.0,0.0,0.0,0.0,
Oman,2012,OMN,3535585.0,150612361216.0,,,,,0.0,0.0,0.0,,489.796,203.396,0.241,101.579,0.359,0.0,0.0,,0.0,0.0,0.0,0.0,,23.52,23.52,8.302,9.096,23.62,80129.0,1.881,9.096,23.62,6652.364,23.52,80129.0,283.303,100.0,,9.032,16.332,197.156,6652.364,23.52,55763.309,4.402,11.941,80105.531,283.22,100.0,,11.52,,,,0.0,0.0,,0.0,,,,,0.0,0.0,,0.0,,0.0,0.0,,,,0.0,0.0,,0.0,,8.949,7.047,85.788,0.0,0.0,24264.115,4.134,20.778,148022.547,523.346,0.0,,0.0,0.0,0.0,,0.0,0.0,0.0,0.0,0.0,0.0,,6652.364,283.303,,,,0.0,0.0,,0.0,,,0.0,0.0,0.0,0.0,0.0,0.0,,,0.0,0.0,0.0,0.0,0.0,0.0,
Oman,2013,OMN,3816688.0,153523863552.0,,,,,0.0,0.0,0.0,,490.069,45.471,0.163,136.884,0.522,0.0,0.0,,0.0,0.0,0.0,0.0,,24.67,24.67,7.77,12.066,34.182,83183.344,2.068,12.064,34.179,6463.719,24.67,83182.477,317.482,100.0,,10.205,20.12,217.275,6463.719,24.67,56927.742,8.7,24.639,80661.297,307.859,100.0,,12.09,,,,0.0,0.0,,0.0,,,,,0.0,0.0,,0.0,,0.0,0.0,,,,0.0,0.0,,0.0,,16.198,13.896,99.684,0.0,0.0,26117.854,2.406,12.59,140419.109,535.936,0.0,,0.0,0.0,0.0,,0.0,0.0,0.0,0.0,0.0,0.0,,6463.719,317.485,,,,0.0,0.0,,0.0,,,0.003,0.003,0.0,0.0,0.857,0.0,,,0.0,0.0,0.0,0.0,0.0,0.0,
Oman,2014,OMN,4009272.0,155313733632.0,,,,,0.0,0.0,0.0,,490.139,-20.427,-0.107,103.691,0.416,0.0,0.0,,0.0,0.0,0.0,0.0,,27.38,27.38,8.67,-0.531,-1.687,78766.812,2.033,-0.531,-1.687,6829.169,27.38,78766.016,315.794,100.0,,-1.902,-4.133,213.143,6829.169,27.38,53162.395,-4.667,-14.368,73203.008,293.491,100.0,,13.42,,,,0.0,0.0,,0.0,,,,,0.0,0.0,,0.0,,0.0,0.0,,,,0.0,0.0,,0.0,,2.561,2.552,102.236,0.0,0.0,25499.924,0.297,1.591,134070.844,537.526,0.0,,0.0,0.0,0.0,,0.0,0.0,0.0,0.0,0.0,0.0,,6829.169,315.798,,,,0.0,0.0,,0.0,,0.0,-0.0,0.003,0.0,0.0,0.811,0.0,,,0.0,0.0,0.0,0.0,0.0,0.0,
Oman,2015,OMN,4191784.0,161733820416.0,,,,,0.0,0.0,0.0,,490.094,37.637,0.156,136.503,0.572,0.0,0.0,,0.0,0.0,0.0,0.0,,30.79,30.79,9.142,6.646,20.987,80343.992,2.082,6.644,20.98,7345.321,30.79,80341.617,336.775,100.0,,8.126,17.32,230.462,7345.321,30.79,54979.52,4.763,13.98,73350.914,307.471,100.0,,15.09,,,,0.0,0.0,,0.0,,,,,0.0,0.0,,0.0,,0.0,0.0,,,,0.0,0.0,,0.0,,3.427,3.504,105.74,0.0,0.0,25225.6,3.92,21.073,133260.609,558.6,0.0,,0.0,0.0,0.0,,0.0,0.0,0.0,0.0,0.0,0.0,,7345.321,336.785,,,,0.0,0.0,,0.0,,208.333,0.007,0.01,0.0,0.0,2.377,0.0,,,0.0,0.0,0.0,0.0,0.0,0.0,
Oman,2016,OMN,4398080.0,168786526208.0,,,,,0.0,0.0,0.0,,489.897,11.952,0.068,145.65,0.641,0.0,0.0,,0.0,0.0,0.0,0.0,,32.17,32.17,9.525,0.283,0.954,76792.227,2.001,0.283,0.952,7314.555,32.17,76789.688,337.727,100.0,,-0.817,-1.884,228.578,7314.555,32.17,51972.324,2.375,7.304,71571.008,314.775,100.0,,15.76,,,,0.0,0.0,,0.0,,,,,0.0,0.0,,0.0,,0.0,0.0,,,,0.0,0.0,,0.0,,2.618,2.768,108.508,0.0,0.0,24671.707,2.676,14.947,130408.492,573.547,0.0,,0.0,0.0,0.0,,0.0,0.0,0.0,0.0,0.0,0.0,,7314.555,337.738,,,,0.0,0.0,,0.0,,13.405,0.001,0.011,0.0,0.0,2.554,0.0,,,0.0,0.0,0.0,0.0,0.0,0.0,
Oman,2017,OMN,4541853.0,169370533888.0,,,,,0.0,0.0,0.0,,489.7,37.921,0.243,194.523,0.883,0.0,0.0,,,,,0.0,,33.98,33.98,9.616,4.631,15.639,77804.742,2.086,4.622,15.609,7477.125,33.96,77795.625,353.336,99.941,,2.157,4.93,233.509,7477.125,33.96,51412.668,2.687,8.459,71167.898,323.234,99.941,,16.64,,,,0.0,0.0,,0.0,,,,,4.403,0.02,,0.059,,0.0,0.0,,,,0.0,0.0,,0.0,,9.618,10.436,118.944,0.0,0.0,26188.439,-3.552,-20.373,121794.68,553.174,0.0,,0.0,0.0,0.0,,0.0,0.0,0.0,0.0,0.0,0.0,,7481.528,353.378,,,,4.403,0.02,,0.059,,270.829,0.03,0.041,4.403,0.02,9.117,0.059,,,0.0,0.0,0.0,0.0,0.0,0.0,
Oman,2018,OMN,4601160.0,172358221824.0,,,,,0.0,0.0,0.0,,489.71,-1.938,-0.017,188.294,0.866,0.0,0.0,,,,,0.0,,35.47,35.47,9.44,6.329,22.365,81662.578,2.18,6.33,22.365,7704.579,35.45,81653.539,375.701,99.944,,7.047,16.456,249.965,7704.579,35.45,54326.504,12.403,40.092,78964.094,363.326,99.944,,17.37,,,,0.0,0.0,,0.0,,,,,4.347,0.02,,0.056,,0.0,0.0,,,,0.0,0.0,,0.0,,4.982,5.926,124.87,0.0,0.0,27138.742,0.546,3.021,120881.383,556.195,0.0,,0.0,0.0,0.0,,0.0,0.0,0.0,0.0,0.0,0.0,,7708.926,375.743,,,,4.347,0.02,,0.056,,0.977,0.0,0.042,4.347,0.02,9.035,0.056,,,0.0,0.0,0.0,0.0,0.0,0.0,
Oman,2019,OMN,4602769.0,,,,,,0.0,0.0,0.0,,489.598,12.557,0.109,211.863,0.975,0.0,0.0,,,,,0.0,,36.05,36.05,9.661,-0.69,-2.592,81070.859,,-0.697,-2.617,7827.896,36.03,81056.398,373.084,99.945,,0.0,0.001,249.965,7827.896,36.03,54307.629,0.984,3.576,79713.312,366.902,99.945,,17.65,,,,0.0,0.0,,0.0,,,,,4.345,0.02,,0.055,,0.0,0.0,,,,0.0,0.0,,0.0,,-2.183,-2.726,122.143,0.0,0.0,26536.91,-1.037,-5.768,119585.953,550.427,0.0,,0.0,0.0,0.0,,0.0,0.0,0.0,0.0,0.0,0.0,,7832.241,373.15,,,,4.345,0.02,,0.055,,5.365,0.002,0.044,4.345,0.02,9.481,0.055,,,0.023,0.023,0.0,0.0,4.982,0.0,
Oman,2020,OMN,4543406.0,,,,,,0.0,0.0,0.0,,488.352,15.032,0.147,246.895,1.122,0.0,0.0,,,,,0.0,,34.34,34.34,9.563,-3.765,-14.047,79038.305,,-3.97,-14.81,7529.593,34.21,78855.781,358.274,99.621,,3.677,9.192,259.157,7529.593,34.21,57040.336,0.655,2.402,81283.523,369.304,99.621,,16.77,,,,0.0,0.0,,0.0,,,,,28.613,0.13,,0.379,,0.0,0.0,,,,0.0,0.0,,0.0,,-19.771,-24.149,97.995,0.0,0.0,21568.549,-2.572,-14.155,118032.938,536.272,0.0,,0.0,0.0,0.0,,0.0,0.0,0.0,0.0,0.0,0.0,,7558.206,359.103,,,,28.613,0.13,,0.379,,1177.294,0.512,0.555,28.613,0.13,122.231,0.379,,1098.851,0.251,0.274,0.0,0.0,60.29,0.0,
Oman,2021,OMN,4520474.0,,,,,,0.0,0.0,0.0,,488.238,-12.837,-0.144,216.293,0.978,0.0,0.0,,,,,0.0,,36.56,36.56,9.279,9.72,34.904,87160.523,,9.275,33.231,8052.253,36.4,86606.969,391.505,99.562,,7.915,20.512,279.669,8052.253,36.4,61867.227,8.944,33.032,89003.047,402.336,99.562,,17.85,,,,0.0,0.0,,0.0,,,,,35.395,0.16,,0.438,,0.0,0.0,,,,0.0,0.0,,0.0,,13.126,12.863,110.858,0.0,0.0,24523.451,1.547,8.298,120467.336,544.569,0.0,,0.0,0.0,0.0,,0.0,0.0,0.0,0.0,0.0,0.0,,8087.648,394.007,,,,35.395,0.16,,0.438,,296.019,1.636,2.191,35.395,0.16,484.733,0.438,,13.998,0.037,0.311,0.0,0.0,68.825,0.0,
Oman,2022,OMN,4576300.0,,,,,,0.0,0.0,0.0,,488.272,0.0,0.0,213.655,0.978,0.0,0.0,,,,,0.0,,37.09,37.09,8.931,5.406,21.299,90751.438,,5.026,19.676,8069.838,36.93,89850.023,411.181,99.569,,1.957,5.474,285.143,8069.838,36.93,62308.609,4.621,18.592,91980.031,420.928,99.569,,18.11,,,,0.0,0.0,,0.0,,,,,34.963,0.16,,0.431,,0.0,0.0,,,,0.0,0.0,,0.0,,12.811,14.202,125.06,0.0,0.0,27327.76,9.873,53.764,130746.141,598.334,0.0,,0.0,0.0,0.0,,0.0,0.0,0.0,0.0,0.0,0.0,,8104.801,415.306,,,,34.963,0.16,,0.431,,74.749,1.624,3.815,34.963,0.16,833.679,0.431,,0.0,-0.001,0.31,0.0,0.0,67.738,0.0,
Other Non-OECD - America (EIA),1980,,,,,,,,,,,,,,,,,,,,,,,,,,,,,,,,,,,,,,,,,,,,,,,,,,,,,,,,,,,,,,,,,,,,,,,,,,,,,,,,,,,,,,,,,,,,,,,,,,,,,,,1695.235,,,,,,,,,,,,,,,,,,,,,,,,
Other Non-OECD - America (EIA),1981,,,,,,,,,,,,,,,,,,,,,,,,,,,,1.413,23.948,,,,,,,,,,,,,,,,,,,,,,,,,,,,,,,,,,,,,,,,,,,,,,,,,,,,,,,,,,,,,,,,,,,,,,,,,,1719.183,,,,,,,,,,,,,,,,,,,,,,,,
Other Non-OECD - America (EIA),1982,,,,,,,,,,,,,,,,,,,,,,,,,,,,1.925,33.092,,,,,,,,,,,,,,,,,,,,,,,,,,,,,,,,,,,,,,,,,,,,,,,,,,,,,,,,,,,,,,,,,,,,,,,,,,1752.275,,,,,,,,,,,,,,,,,,,,,,,,
Other Non-OECD - America (EIA),1983,,,,,,,,,,,,,,,,,,,,,,,,,,,,-1.188,-20.813,,,,,,,,,,,,,,,,,,,,,,,,,,,,,,,,,,,,,,,,,,,,,,,,,,,,,,,,,,,,,,,,,,,,,,,,,,1731.462,,,,,,,,,,,,,,,,,,,,,,,,
Other Non-OECD - America (EIA),1984,,,,,,,,,,,,,,,,,,,,,,,,,,,,3.417,59.169,,,,,,,,,,,,,,,,,,,,,,,,,,,,,,,,,,,,,,,,,,,,,,,,,,,,,,,,,,,,,,,,,,,,,,,,,,1790.631,,,,,,,,,,,,,,,,,,,,,,,,
Other Non-OECD - America (EIA),1985,,,,,,,,,,,,,,,,,,,,,,,,,,,,-0.225,-4.026,,,,,,,,,,,,,,,,,,,,,,,,,,,,,,,,,,,,,,,,,,,,,,,,,,,,,,,,,,,,,,,,,,,,,,,,,,1786.605,,,,,,,,,,,,,,,,,,,,,,,,
Other Non-OECD - America (EIA),1986,,,,,,,,,,,,,,,,,,,,,,,,,,,,5.613,100.284,,,,,,,,,,,,,,,,,,,,,,,,,,,,,,,,,,,,,,,,,,,,,,,,,,,,,,,,,,,,,,,,,,,,,,,,,,1886.889,,,,,,,,,,,,,,,,,,,,,,,,
Other Non-OECD - America (EIA),1987,,,,,,,,,,,,,,,,,,,,,,,,,,,,1.82,34.341,,,,,,,,,,,,,,,,,,,,,,,,,,,,,,,,,,,,,,,,,,,,,,,,,,,,,,,,,,,,,,,,,,,,,,,,,,1921.23,,,,,,,,,,,,,,,,,,,,,,,,
Other Non-OECD - America (EIA),1988,,,,,,,,,,,,,,,,,,,,,,,,,,,,1.324,25.431,,,,,,,,,,,,,,,,,,,,,,,,,,,,,,,,,,,,,,,,,,,,,,,,,,,,,,,,,,,,,,,,,,,,,,,,,,1946.66,,,,,,,,,,,,,,,,,,,,,,,,
Other Non-OECD - America (EIA),1989,,,,,,,,,,,,,,,,,,,,,,,,,,,,2.673,52.04,,,,,,,,,,,,,,,,,,,,,,,,,,,,,,,,,,,,,,,,,,,,,,,,,,,,,,,,,,,,,,,,,,,,,,,,,,1998.7,,,,,,,,,,,,,,,,,,,,,,,,
Other Non-OECD - America (EIA),1990,,,,,,,,,,,,,,,,,,,,,,,,,,,,0.776,15.514,,,,,,,,,,,,,,,,,,,,,,,,,,,,,,,,,,,,,,,,,,,,,,,,,,,,,,,,,,,,,,,,,,,,,,,,,,2014.214,,,,,,,,,,,,,,,,,,,,,,,,
Other Non-OECD - America (EIA),1991,,,,,,,,,,,,,,,,,,,,,,,,,,,,2.868,57.771,,,,,,,,,,,,,,,,,,,,,,,,,,,,,,,,,,,,,,,,,,,,,,,,,,,,,,,,,,,,,,,,,,,,,,,,,,2071.985,,,,,,,,,,,,,,,,,,,,,,,,
Other Non-OECD - America (EIA),1992,,,,,,,,,,,,,,,,,,,,,,,,,,,,1.519,31.469,,,,,,,,,,,,,,,,,,,,,,,,,,,,,,,,,,,,,,,,,,,,,,,,,,,,,,,,,,,,,,,,,,,,,,,,,,2103.454,,,,,,,,,,,,,,,,,,,,,,,,
Other Non-OECD - America (EIA),1993,,,,,,,,,,,,,,,,,,,,,,,,,,,,5.758,121.126,,,,,,,,,,,,,,,,,,,,,,,,,,,,,,,,,,,,,,,,,,,,,,,,,,,,,,,,,,,,,,,,,,,,,,,,,,2224.58,,,,,,,,,,,,,,,,,,,,,,,,
Other Non-OECD - America (EIA),1994,,,,,,,,,,,,,,,,,,,,,,,,,,,,4.064,90.416,,,,,,,,,,,,,,,,,,,,,,,,,,,,,,,,,,,,,,,,,,,,,,,,,,,,,,,,,,,,,,,,,,,,,,,,,,2314.996,,,,,,,,,,,,,,,,,,,,,,,,
Other Non-OECD - America (EIA),1995,,,,,,,,,,,,,,,,,,,,,,,,,,,,3.622,83.847,,,,,,,,,,,,,,,,,,,,,,,,,,,,,,,,,,,,,,,,,,,,,,,,,,,,,,,,,,,,,,,,,,,,,,,,,,2398.844,,,,,,,,,,,,,,,,,,,,,,,,
Other Non-OECD - America (EIA),1996,,,,,,,,,,,,,,,,,,,,,,,,,,,,4.142,99.353,,,,,,,,,,,,,,,,,,,,,,,,,,,,,,,,,,,,,,,,,,,,,,,,,,,,,,,,,,,,,,,,,,,,,,,,,,2498.196,,,,,,,,,,,,,,,,,,,,,,,,
Other Non-OECD - America (EIA),1997,,,,,,,,,,,,,,,,,,,,,,,,,,,,4.399,109.906,,,,,,,,,,,,,,,,,,,,,,,,,,,,,,,,,,,,,,,,,,,,,,,,,,,,,,,,,,,,,,,,,,,,,,,,,,2608.102,,,,,,,,,,,,,,,,,,,,,,,,
Other Non-OECD - America (EIA),1998,,,,,,,,,,,,,,,,,,,,,,,,,,,,4.661,121.567,,,,,,,,,,,,,,,,,,,,,,,,,,,,,,,,,,,,,,,,,,,,,,,,,,,,,,,,,,,,,,,,,,,,,,,,,,2729.669,,,,,,,,,,,,,,,,,,,,,,,,
Other Non-OECD - America (EIA),1999,,,,,,,,,,,,,,,,,,,,,,,,,,,,-2.838,-77.476,,,,,,,,,,,,,,,,,,,,,,,,,,,,,,,,,,,,,,,,,,,,,,,,,,,,,,,,,,,,,,,,,,,,,,,,,,2652.193,,,,,,,,,,,,,,,,,,,,,,,,
Other Non-OECD - America (EIA),2000,,,,,,,,,,,,,,,,,,,,,,,,,,,,6.712,178.024,,,,,,,,,,,,,,,,,,,,,,,,,,,,,,,,,,,,,,,,,,,,,,,,,,,,,,,,,,,,,,,,,,,,,,,,,,2830.217,,,,,,,,,,,,,,,,,,,,,,,,
Other Non-OECD - America (EIA),2001,,,,,,,,,,,,,,,,,,,,,,,,,,,,2.428,68.712,,,,,,,,,,,,,,,,,,,,,,,,,,,,,,,,,,,,,,,,,,,,,,,,,,,,,,,,,,,,,,,,,,,,,,,,,,2898.929,,,,,,,,,,,,,,,,,,,,,,,,
Other Non-OECD - America (EIA),2002,,,,,,,,,,,,,,,,,,,,,,,,,,,,-2.116,-61.331,,,,,,,,,,,,,,,,,,,,,,,,,,,,,,,,,,,,,,,,,,,,,,,,,,,,,,,,,,,,,,,,,,,,,,,,,,2837.598,,,,,,,,,,,,,,,,,,,,,,,,
Other Non-OECD - America (EIA),2003,,,,,,,,,,,,,,,,,,,,,,,,,,,,2.138,60.676,,,,,,,,,,,,,,,,,,,,,,,,,,,,,,,,,,,,,,,,,,,,,,,,,,,,,,,,,,,,,,,,,,,,,,,,,,2898.274,,,,,,,,,,,,,,,,,,,,,,,,
Other Non-OECD - America (EIA),2004,,,,,,,,,,,,,,,,,,,,,,,,,,,,6.088,176.438,,,,,,,,,,,,,,,,,,,,,,,,,,,,,,,,,,,,,,,,,,,,,,,,,,,,,,,,,,,,,,,,,,,,,,,,,,3074.712,,,,,,,,,,,,,,,,,,,,,,,,
Other Non-OECD - America (EIA),2005,,,,,,,,,,,,,,,,,,,,,,,,,,,,3.504,107.729,,,,,,,,,,,,,,,,,,,,,,,,,,,,,,,,,,,,,,,,,,,,,,,,,,,,,,,,,,,,,,,,,,,,,,,,,,3182.442,,,,,,,,,,,,,,,,,,,,,,,,
Other Non-OECD - America (EIA),2006,,,,,,,,,,,,,,,,,,,,,,,,,,,,6.007,191.157,,,,,,,,,,,,,,,,,,,,,,,,,,,,,,,,,,,,,,,,,,,,,,,,,,,,,,,,,,,,,,,,,,,,,,,,,,3373.599,,,,,,,,,,,,,,,,,,,,,,,,
Other Non-OECD - America (EIA),2007,,,,,,,,,,,,,,,,,,,,,,,,,,,,0.968,32.641,,,,,,,,,,,,,,,,,,,,,,,,,,,,,,,,,,,,,,,,,,,,,,,,,,,,,,,,,,,,,,,,,,,,,,,,,,3406.24,,,,,,,,,,,,,,,,,,,,,,,,
Other Non-OECD - America (EIA),2008,,,,,,,,,,,,,,,,,,,,,,,,,,,,5.007,170.557,,,,,,,,,,,,,,,,,,,,,,,,,,,,,,,,,,,,,,,,,,,,,,,,,,,,,,,,,,,,,,,,,,,,,,,,,,3576.797,,,,,,,,,,,,,,,,,,,,,,,,
Other Non-OECD - America (EIA),2009,,,,,,,,,,,,,,,,,,,,,,,,,,,,-1.926,-68.891,,,,,,,,,,,,,,,,,,,,,,,,,,,,,,,,,,,,,,,,,,,,,,,,,,,,,,,,,,,,,,,,,,,,,,,,,,3507.906,,,,,,,,,,,,,,,,,,,,,,,,
Other Non-OECD - America (EIA),2010,,,,,,,,,,,,,,,,,,,,,,,,,,,,3.675,128.906,,,,,,,,,,,,,,,,,,,,,,,,,,,,,,,,,,,,,,,,,,,,,,,,,,,,,,,,,,,,,,,,,,,,,,,,,,3636.812,,,,,,,,,,,,,,,,,,,,,,,,
Other Non-OECD - America (EIA),2011,,,,,,,,,,,,,,,,,,,,,,,,,,,,1.479,53.796,,,,,,,,,,,,,,,,,,,,,,,,,,,,,,,,,,,,,,,,,,,,,,,,,,,,,,,,,,,,,,,,,,,,,,,,,,3690.608,,,,,,,,,,,,,,,,,,,,,,,,
Other Non-OECD - America (EIA),2012,,,,,,,,,,,,,,,,,,,,,,,,,,,,3.617,133.5,,,,,,,,,,,,,,,,,,,,,,,,,,,,,,,,,,,,,,,,,,,,,,,,,,,,,,,,,,,,,,,,,,,,,,,,,,3824.108,,,,,,,,,,,,,,,,,,,,,,,,
Other Non-OECD - America (EIA),2013,,,,,,,,,,,,,,,,,,,,,,,,,,,,0.115,4.395,,,,,,,,,,,,,,,,,,,,,,,,,,,,,,,,,,,,,,,,,,,,,,,,,,,,,,,,,,,,,,,,,,,,,,,,,,3828.504,,,,,,,,,,,,,,,,,,,,,,,,
Other Non-OECD - America (EIA),2014,,,,,,,,,,,,,,,,,,,,,,,,,,,,-0.534,-20.453,,,,,,,,,,,,,,,,,,,,,,,,,,,,,,,,,,,,,,,,,,,,,,,,,,,,,,,,,,,,,,,,,,,,,,,,,,3808.051,,,,,,,,,,,,,,,,,,,,,,,,
Other Non-OECD - America (EIA),2015,,,,,,,,,,,,,,,,,,,,,,,,,,,,1.791,68.185,,,,,,,,,,,,,,,,,,,,,,,,,,,,,,,,,,,,,,,,,,,,,,,,,,,,,,,,,,,,,,,,,,,,,,,,,,3876.235,,,,,,,,,,,,,,,,,,,,,,,,
Other Non-OECD - America (EIA),2016,,,,,,,,,,,,,,,,,,,,,,,,,,,,-0.906,-35.125,,,,,,,,,,,,,,,,,,,,,,,,,,,,,,,,,,,,,,,,,,,,,,,,,,,,,,,,,,,,,,,,,,,,,,,,,,3841.11,,,,,,,,,,,,,,,,,,,,,,,,
Other Non-OECD - America (EIA),2017,,,,,,,,,,,,,,,,,,,,,,,,,,,,-2.22,-85.284,,,,,,,,,,,,,,,,,,,,,,,,,,,,,,,,,,,,,,,,,,,,,,,,,,,,,,,,,,,,,,,,,,,,,,,,,,3755.826,,,,,,,,,,,,,,,,,,,,,,,,
Other Non-OECD - America (EIA),2018,,,,,,,,,,,,,,,,,,,,,,,,,,,,-0.844,-31.704,,,,,,,,,,,,,,,,,,,,,,,,,,,,,,,,,,,,,,,,,,,,,,,,,,,,,,,,,,,,,,,,,,,,,,,,,,3724.122,,,,,,,,,,,,,,,,,,,,,,,,
Other Non-OECD - America (EIA),2019,,,,,,,,,,,,,,,,,,,,,,,,,,,,-3.157,-117.563,,,,,,,,,,,,,,,,,,,,,,,,,,,,,,,,,,,,,,,,,,,,,,,,,,,,,,,,,,,,,,,,,,,,,,,,,,3606.559,,,,,,,,,,,,,,,,,,,,,,,,
Other Non-OECD - America (EIA),2020,,,,,,,,,,,,,,,,,,,,,,,,,,,,-11.758,-424.066,,,,,,,,,,,,,,,,,,,,,,,,,,,,,,,,,,,,,,,,,,,,,,,,,,,,,,,,,,,,,,,,,,,,,,,,,,3182.493,,,,,,,,,,,,,,,,,,,,,,,,
Other Non-OECD - America (EIA),2021,,,,,,,,,,,,,,,,,,,,,,,,,,,,4.304,136.966,,,,,,,,,,,,,,,,,,,,,,,,,,,,,,,,,,,,,,,,,,,,,,,,,,,,,,,,,,,,,,,,,,,,,,,,,,3319.458,,,,,,,,,,,,,,,,,,,,,,,,
Other Non-OECD - Asia (EIA),1980,,,,,,,,,,,,,,,,,,,,,,,,,,,,,,,,,,,,,,,,,,,,,,,,,,,,,,,,,,,,,,,,,,,,,,,,,,,,,,,,,,,,,,,,,,,,,,,,,,,,,,,2035.841,,,,,,,,,,,,,,,,,,,,,,,,
Other Non-OECD - Asia (EIA),1981,,,,,,,,,,,,,,,,,,,,,,,,,,,,3.744,76.23,,,,,,,,,,,,,,,,,,,,,,,,,,,,,,,,,,,,,,,,,,,,,,,,,,,,,,,,,,,,,,,,,,,,,,,,,,2112.071,,,,,,,,,,,,,,,,,,,,,,,,
Other Non-OECD - Asia (EIA),1982,,,,,,,,,,,,,,,,,,,,,,,,,,,,4.075,86.074,,,,,,,,,,,,,,,,,,,,,,,,,,,,,,,,,,,,,,,,,,,,,,,,,,,,,,,,,,,,,,,,,,,,,,,,,,2198.145,,,,,,,,,,,,,,,,,,,,,,,,
Other Non-OECD - Asia (EIA),1983,,,,,,,,,,,,,,,,,,,,,,,,,,,,5.073,111.52,,,,,,,,,,,,,,,,,,,,,,,,,,,,,,,,,,,,,,,,,,,,,,,,,,,,,,,,,,,,,,,,,,,,,,,,,,2309.665,,,,,,,,,,,,,,,,,,,,,,,,
Other Non-OECD - Asia (EIA),1984,,,,,,,,,,,,,,,,,,,,,,,,,,,,7.468,172.493,,,,,,,,,,,,,,,,,,,,,,,,,,,,,,,,,,,,,,,,,,,,,,,,,,,,,,,,,,,,,,,,,,,,,,,,,,2482.158,,,,,,,,,,,,,,,,,,,,,,,,
Other Non-OECD - Asia (EIA),1985,,,,,,,,,,,,,,,,,,,,,,,,,,,,1.94,48.159,,,,,,,,,,,,,,,,,,,,,,,,,,,,,,,,,,,,,,,,,,,,,,,,,,,,,,,,,,,,,,,,,,,,,,,,,,2530.317,,,,,,,,,,,,,,,,,,,,,,,,
Other Non-OECD - Asia (EIA),1986,,,,,,,,,,,,,,,,,,,,,,,,,,,,5.074,128.393,,,,,,,,,,,,,,,,,,,,,,,,,,,,,,,,,,,,,,,,,,,,,,,,,,,,,,,,,,,,,,,,,,,,,,,,,,2658.71,,,,,,,,,,,,,,,,,,,,,,,,
Other Non-OECD - Asia (EIA),1987,,,,,,,,,,,,,,,,,,,,,,,,,,,,6.077,161.571,,,,,,,,,,,,,,,,,,,,,,,,,,,,,,,,,,,,,,,,,,,,,,,,,,,,,,,,,,,,,,,,,,,,,,,,,,2820.28,,,,,,,,,,,,,,,,,,,,,,,,
Other Non-OECD - Asia (EIA),1988,,,,,,,,,,,,,,,,,,,,,,,,,,,,9.024,254.49,,,,,,,,,,,,,,,,,,,,,,,,,,,,,,,,,,,,,,,,,,,,,,,,,,,,,,,,,,,,,,,,,,,,,,,,,,3074.77,,,,,,,,,,,,,,,,,,,,,,,,
Other Non-OECD - Asia (EIA),1989,,,,,,,,,,,,,,,,,,,,,,,,,,,,5.994,184.298,,,,,,,,,,,,,,,,,,,,,,,,,,,,,,,,,,,,,,,,,,,,,,,,,,,,,,,,,,,,,,,,,,,,,,,,,,3259.068,,,,,,,,,,,,,,,,,,,,,,,,
Other Non-OECD - Asia (EIA),1990,,,,,,,,,,,,,,,,,,,,,,,,,,,,6.175,201.249,,,,,,,,,,,,,,,,,,,,,,,,,,,,,,,,,,,,,,,,,,,,,,,,,,,,,,,,,,,,,,,,,,,,,,,,,,3460.316,,,,,,,,,,,,,,,,,,,,,,,,
Other Non-OECD - Asia (EIA),1991,,,,,,,,,,,,,,,,,,,,,,,,,,,,5.241,181.352,,,,,,,,,,,,,,,,,,,,,,,,,,,,,,,,,,,,,,,,,,,,,,,,,,,,,,,,,,,,,,,,,,,,,,,,,,3641.668,,,,,,,,,,,,,,,,,,,,,,,,
Other Non-OECD - Asia (EIA),1992,,,,,,,,,,,,,,,,,,,,,,,,,,,,4.135,150.586,,,,,,,,,,,,,,,,,,,,,,,,,,,,,,,,,,,,,,,,,,,,,,,,,,,,,,,,,,,,,,,,,,,,,,,,,,3792.254,,,,,,,,,,,,,,,,,,,,,,,,
Other Non-OECD - Asia (EIA),1993,,,,,,,,,,,,,,,,,,,,,,,,,,,,8.474,321.34,,,,,,,,,,,,,,,,,,,,,,,,,,,,,,,,,,,,,,,,,,,,,,,,,,,,,,,,,,,,,,,,,,,,,,,,,,4113.593,,,,,,,,,,,,,,,,,,,,,,,,
Other Non-OECD - Asia (EIA),1994,,,,,,,,,,,,,,,,,,,,,,,,,,,,8.116,333.877,,,,,,,,,,,,,,,,,,,,,,,,,,,,,,,,,,,,,,,,,,,,,,,,,,,,,,,,,,,,,,,,,,,,,,,,,,4447.471,,,,,,,,,,,,,,,,,,,,,,,,
Other Non-OECD - Asia (EIA),1995,,,,,,,,,,,,,,,,,,,,,,,,,,,,7.374,327.944,,,,,,,,,,,,,,,,,,,,,,,,,,,,,,,,,,,,,,,,,,,,,,,,,,,,,,,,,,,,,,,,,,,,,,,,,,4775.415,,,,,,,,,,,,,,,,,,,,,,,,
Other Non-OECD - Asia (EIA),1996,,,,,,,,,,,,,,,,,,,,,,,,,,,,7.855,375.112,,,,,,,,,,,,,,,,,,,,,,,,,,,,,,,,,,,,,,,,,,,,,,,,,,,,,,,,,,,,,,,,,,,,,,,,,,5150.527,,,,,,,,,,,,,,,,,,,,,,,,
Other Non-OECD - Asia (EIA),1997,,,,,,,,,,,,,,,,,,,,,,,,,,,,4.179,215.245,,,,,,,,,,,,,,,,,,,,,,,,,,,,,,,,,,,,,,,,,,,,,,,,,,,,,,,,,,,,,,,,,,,,,,,,,,5365.771,,,,,,,,,,,,,,,,,,,,,,,,
Other Non-OECD - Asia (EIA),1998,,,,,,,,,,,,,,,,,,,,,,,,,,,,0.42,22.518,,,,,,,,,,,,,,,,,,,,,,,,,,,,,,,,,,,,,,,,,,,,,,,,,,,,,,,,,,,,,,,,,,,,,,,,,,5388.289,,,,,,,,,,,,,,,,,,,,,,,,
Other Non-OECD - Asia (EIA),1999,,,,,,,,,,,,,,,,,,,,,,,,,,,,7.258,391.098,,,,,,,,,,,,,,,,,,,,,,,,,,,,,,,,,,,,,,,,,,,,,,,,,,,,,,,,,,,,,,,,,,,,,,,,,,5779.387,,,,,,,,,,,,,,,,,,,,,,,,
Other Non-OECD - Asia (EIA),2000,,,,,,,,,,,,,,,,,,,,,,,,,,,,5.22,301.705,,,,,,,,,,,,,,,,,,,,,,,,,,,,,,,,,,,,,,,,,,,,,,,,,,,,,,,,,,,,,,,,,,,,,,,,,,6081.092,,,,,,,,,,,,,,,,,,,,,,,,
Other Non-OECD - Asia (EIA),2001,,,,,,,,,,,,,,,,,,,,,,,,,,,,1.547,94.046,,,,,,,,,,,,,,,,,,,,,,,,,,,,,,,,,,,,,,,,,,,,,,,,,,,,,,,,,,,,,,,,,,,,,,,,,,6175.139,,,,,,,,,,,,,,,,,,,,,,,,
Other Non-OECD - Asia (EIA),2002,,,,,,,,,,,,,,,,,,,,,,,,,,,,4.675,288.71,,,,,,,,,,,,,,,,,,,,,,,,,,,,,,,,,,,,,,,,,,,,,,,,,,,,,,,,,,,,,,,,,,,,,,,,,,6463.849,,,,,,,,,,,,,,,,,,,,,,,,
Other Non-OECD - Asia (EIA),2003,,,,,,,,,,,,,,,,,,,,,,,,,,,,4.499,290.789,,,,,,,,,,,,,,,,,,,,,,,,,,,,,,,,,,,,,,,,,,,,,,,,,,,,,,,,,,,,,,,,,,,,,,,,,,6754.638,,,,,,,,,,,,,,,,,,,,,,,,
Other Non-OECD - Asia (EIA),2004,,,,,,,,,,,,,,,,,,,,,,,,,,,,6.303,425.729,,,,,,,,,,,,,,,,,,,,,,,,,,,,,,,,,,,,,,,,,,,,,,,,,,,,,,,,,,,,,,,,,,,,,,,,,,7180.367,,,,,,,,,,,,,,,,,,,,,,,,
Other Non-OECD - Asia (EIA),2005,,,,,,,,,,,,,,,,,,,,,,,,,,,,4.109,295.035,,,,,,,,,,,,,,,,,,,,,,,,,,,,,,,,,,,,,,,,,,,,,,,,,,,,,,,,,,,,,,,,,,,,,,,,,,7475.402,,,,,,,,,,,,,,,,,,,,,,,,
Other Non-OECD - Asia (EIA),2006,,,,,,,,,,,,,,,,,,,,,,,,,,,,4.689,350.497,,,,,,,,,,,,,,,,,,,,,,,,,,,,,,,,,,,,,,,,,,,,,,,,,,,,,,,,,,,,,,,,,,,,,,,,,,7825.899,,,,,,,,,,,,,,,,,,,,,,,,
Other Non-OECD - Asia (EIA),2007,,,,,,,,,,,,,,,,,,,,,,,,,,,,5.435,425.333,,,,,,,,,,,,,,,,,,,,,,,,,,,,,,,,,,,,,,,,,,,,,,,,,,,,,,,,,,,,,,,,,,,,,,,,,,8251.232,,,,,,,,,,,,,,,,,,,,,,,,
Other Non-OECD - Asia (EIA),2008,,,,,,,,,,,,,,,,,,,,,,,,,,,,1.727,142.505,,,,,,,,,,,,,,,,,,,,,,,,,,,,,,,,,,,,,,,,,,,,,,,,,,,,,,,,,,,,,,,,,,,,,,,,,,8393.737,,,,,,,,,,,,,,,,,,,,,,,,
Other Non-OECD - Asia (EIA),2009,,,,,,,,,,,,,,,,,,,,,,,,,,,,1.968,165.178,,,,,,,,,,,,,,,,,,,,,,,,,,,,,,,,,,,,,,,,,,,,,,,,,,,,,,,,,,,,,,,,,,,,,,,,,,8558.915,,,,,,,,,,,,,,,,,,,,,,,,
Other Non-OECD - Asia (EIA),2010,,,,,,,,,,,,,,,,,,,,,,,,,,,,7.483,640.437,,,,,,,,,,,,,,,,,,,,,,,,,,,,,,,,,,,,,,,,,,,,,,,,,,,,,,,,,,,,,,,,,,,,,,,,,,9199.352,,,,,,,,,,,,,,,,,,,,,,,,
Other Non-OECD - Asia (EIA),2011,,,,,,,,,,,,,,,,,,,,,,,,,,,,1.458,134.123,,,,,,,,,,,,,,,,,,,,,,,,,,,,,,,,,,,,,,,,,,,,,,,,,,,,,,,,,,,,,,,,,,,,,,,,,,9333.475,,,,,,,,,,,,,,,,,,,,,,,,
Other Non-OECD - Asia (EIA),2012,,,,,,,,,,,,,,,,,,,,,,,,,,,,3.224,300.902,,,,,,,,,,,,,,,,,,,,,,,,,,,,,,,,,,,,,,,,,,,,,,,,,,,,,,,,,,,,,,,,,,,,,,,,,,9634.377,,,,,,,,,,,,,,,,,,,,,,,,
Other Non-OECD - Asia (EIA),2013,,,,,,,,,,,,,,,,,,,,,,,,,,,,2.159,208.044,,,,,,,,,,,,,,,,,,,,,,,,,,,,,,,,,,,,,,,,,,,,,,,,,,,,,,,,,,,,,,,,,,,,,,,,,,9842.421,,,,,,,,,,,,,,,,,,,,,,,,
Other Non-OECD - Asia (EIA),2014,,,,,,,,,,,,,,,,,,,,,,,,,,,,3.22,316.887,,,,,,,,,,,,,,,,,,,,,,,,,,,,,,,,,,,,,,,,,,,,,,,,,,,,,,,,,,,,,,,,,,,,,,,,,,10159.308,,,,,,,,,,,,,,,,,,,,,,,,
Other Non-OECD - Asia (EIA),2015,,,,,,,,,,,,,,,,,,,,,,,,,,,,2.816,286.097,,,,,,,,,,,,,,,,,,,,,,,,,,,,,,,,,,,,,,,,,,,,,,,,,,,,,,,,,,,,,,,,,,,,,,,,,,10445.404,,,,,,,,,,,,,,,,,,,,,,,,
Other Non-OECD - Asia (EIA),2016,,,,,,,,,,,,,,,,,,,,,,,,,,,,4.618,482.347,,,,,,,,,,,,,,,,,,,,,,,,,,,,,,,,,,,,,,,,,,,,,,,,,,,,,,,,,,,,,,,,,,,,,,,,,,10927.751,,,,,,,,,,,,,,,,,,,,,,,,
Other Non-OECD - Asia (EIA),2017,,,,,,,,,,,,,,,,,,,,,,,,,,,,3.311,361.816,,,,,,,,,,,,,,,,,,,,,,,,,,,,,,,,,,,,,,,,,,,,,,,,,,,,,,,,,,,,,,,,,,,,,,,,,,11289.567,,,,,,,,,,,,,,,,,,,,,,,,
Other Non-OECD - Asia (EIA),2018,,,,,,,,,,,,,,,,,,,,,,,,,,,,4.698,530.415,,,,,,,,,,,,,,,,,,,,,,,,,,,,,,,,,,,,,,,,,,,,,,,,,,,,,,,,,,,,,,,,,,,,,,,,,,11819.982,,,,,,,,,,,,,,,,,,,,,,,,
Other Non-OECD - Asia (EIA),2019,,,,,,,,,,,,,,,,,,,,,,,,,,,,-0.587,-69.366,,,,,,,,,,,,,,,,,,,,,,,,,,,,,,,,,,,,,,,,,,,,,,,,,,,,,,,,,,,,,,,,,,,,,,,,,,11750.616,,,,,,,,,,,,,,,,,,,,,,,,
Other Non-OECD - Asia (EIA),2020,,,,,,,,,,,,,,,,,,,,,,,,,,,,-5.759,-676.699,,,,,,,,,,,,,,,,,,,,,,,,,,,,,,,,,,,,,,,,,,,,,,,,,,,,,,,,,,,,,,,,,,,,,,,,,,11073.917,,,,,,,,,,,,,,,,,,,,,,,,
Other Non-OECD - Asia (EIA),2021,,,,,,,,,,,,,,,,,,,,,,,,,,,,4.539,502.658,,,,,,,,,,,,,,,,,,,,,,,,,,,,,,,,,,,,,,,,,,,,,,,,,,,,,,,,,,,,,,,,,,,,,,,,,,11576.575,,,,,,,,,,,,,,,,,,,,,,,,
Other Non-OECD - Europe and Eurasia (EIA),1980,,,,,,,,,,,,,,,,,,,,,,,,,,,,,,,,,,,,,,,,,,,,,,,,,,,,,,,,,,,,,,,,,,,,,,,,,,,,,,,,,,,,,,,,,,,,,,,,,,,,,,,16970.658,,,,,,,,,,,,,,,,,,,,,,,,
Other Non-OECD - Europe and Eurasia (EIA),1981,,,,,,,,,,,,,,,,,,,,,,,,,,,,-0.796,-135.143,,,,,,,,,,,,,,,,,,,,,,,,,,,,,,,,,,,,,,,,,,,,,,,,,,,,,,,,,,,,,,,,,,,,,,,,,,16835.516,,,,,,,,,,,,,,,,,,,,,,,,
Other Non-OECD - Europe and Eurasia (EIA),1982,,,,,,,,,,,,,,,,,,,,,,,,,,,,3.356,564.938,,,,,,,,,,,,,,,,,,,,,,,,,,,,,,,,,,,,,,,,,,,,,,,,,,,,,,,,,,,,,,,,,,,,,,,,,,17400.453,,,,,,,,,,,,,,,,,,,,,,,,
Other Non-OECD - Europe and Eurasia (EIA),1983,,,,,,,,,,,,,,,,,,,,,,,,,,,,2.209,384.463,,,,,,,,,,,,,,,,,,,,,,,,,,,,,,,,,,,,,,,,,,,,,,,,,,,,,,,,,,,,,,,,,,,,,,,,,,17784.916,,,,,,,,,,,,,,,,,,,,,,,,
Other Non-OECD - Europe and Eurasia (EIA),1984,,,,,,,,,,,,,,,,,,,,,,,,,,,,4.94,878.496,,,,,,,,,,,,,,,,,,,,,,,,,,,,,,,,,,,,,,,,,,,,,,,,,,,,,,,,,,,,,,,,,,,,,,,,,,18663.412,,,,,,,,,,,,,,,,,,,,,,,,
Other Non-OECD - Europe and Eurasia (EIA),1985,,,,,,,,,,,,,,,,,,,,,,,,,,,,3.428,639.779,,,,,,,,,,,,,,,,,,,,,,,,,,,,,,,,,,,,,,,,,,,,,,,,,,,,,,,,,,,,,,,,,,,,,,,,,,19303.191,,,,,,,,,,,,,,,,,,,,,,,,
Other Non-OECD - Europe and Eurasia (EIA),1986,,,,,,,,,,,,,,,,,,,,,,,,,,,,2.041,393.916,,,,,,,,,,,,,,,,,,,,,,,,,,,,,,,,,,,,,,,,,,,,,,,,,,,,,,,,,,,,,,,,,,,,,,,,,,19697.107,,,,,,,,,,,,,,,,,,,,,,,,
Other Non-OECD - Europe and Eurasia (EIA),1987,,,,,,,,,,,,,,,,,,,,,,,,,,,,3.24,638.092,,,,,,,,,,,,,,,,,,,,,,,,,,,,,,,,,,,,,,,,,,,,,,,,,,,,,,,,,,,,,,,,,,,,,,,,,,20335.199,,,,,,,,,,,,,,,,,,,,,,,,
Other Non-OECD - Europe and Eurasia (EIA),1988,,,,,,,,,,,,,,,,,,,,,,,,,,,,2.711,551.383,,,,,,,,,,,,,,,,,,,,,,,,,,,,,,,,,,,,,,,,,,,,,,,,,,,,,,,,,,,,,,,,,,,,,,,,,,20886.582,,,,,,,,,,,,,,,,,,,,,,,,
Other Non-OECD - Europe and Eurasia (EIA),1989,,,,,,,,,,,,,,,,,,,,,,,,,,,,-0.153,-31.979,,,,,,,,,,,,,,,,,,,,,,,,,,,,,,,,,,,,,,,,,,,,,,,,,,,,,,,,,,,,,,,,,,,,,,,,,,20854.604,,,,,,,,,,,,,,,,,,,,,,,,
Other Non-OECD - Europe and Eurasia (EIA),1990,,,,,,,,,,,,,,,,,,,,,,,,,,,,-1.508,-314.51,,,,,,,,,,,,,,,,,,,,,,,,,,,,,,,,,,,,,,,,,,,,,,,,,,,,,,,,,,,,,,,,,,,,,,,,,,20540.094,,,,,,,,,,,,,,,,,,,,,,,,
Other Non-OECD - Europe and Eurasia (EIA),1991,,,,,,,,,,,,,,,,,,,,,,,,,,,,-3.054,-627.287,,,,,,,,,,,,,,,,,,,,,,,,,,,,,,,,,,,,,,,,,,,,,,,,,,,,,,,,,,,,,,,,,,,,,,,,,,19912.807,,,,,,,,,,,,,,,,,,,,,,,,
Other Non-OECD - Europe and Eurasia (EIA),1992,,,,,,,,,,,,,,,,,,,,,,,,,,,,-64.641,-12871.895,,,,,,,,,,,,,,,,,,,,,,,,,,,,,,,,,,,,,,,,,,,,,,,,,,,,,,,,,,,,,,,,,,,,,,,,,,7040.912,,,,,,,,,,,,,,,,,,,,,,,,
Other Non-OECD - Europe and Eurasia (EIA),1993,,,,,,,,,,,,,,,,,,,,,,,,,,,,-7.016,-493.993,,,,,,,,,,,,,,,,,,,,,,,,,,,,,,,,,,,,,,,,,,,,,,,,,,,,,,,,,,,,,,,,,,,,,,,,,,6546.919,,,,,,,,,,,,,,,,,,,,,,,,
Other Non-OECD - Europe and Eurasia (EIA),1994,,,,,,,,,,,,,,,,,,,,,,,,,,,,-11.771,-770.629,,,,,,,,,,,,,,,,,,,,,,,,,,,,,,,,,,,,,,,,,,,,,,,,,,,,,,,,,,,,,,,,,,,,,,,,,,5776.29,,,,,,,,,,,,,,,,,,,,,,,,
Other Non-OECD - Europe and Eurasia (EIA),1995,,,,,,,,,,,,,,,,,,,,,,,,,,,,-3.651,-210.877,,,,,,,,,,,,,,,,,,,,,,,,,,,,,,,,,,,,,,,,,,,,,,,,,,,,,,,,,,,,,,,,,,,,,,,,,,5565.413,,,,,,,,,,,,,,,,,,,,,,,,
Other Non-OECD - Europe and Eurasia (EIA),1996,,,,,,,,,,,,,,,,,,,,,,,,,,,,-3.271,-182.054,,,,,,,,,,,,,,,,,,,,,,,,,,,,,,,,,,,,,,,,,,,,,,,,,,,,,,,,,,,,,,,,,,,,,,,,,,5383.359,,,,,,,,,,,,,,,,,,,,,,,,
Other Non-OECD - Europe and Eurasia (EIA),1997,,,,,,,,,,,,,,,,,,,,,,,,,,,,-2.268,-122.082,,,,,,,,,,,,,,,,,,,,,,,,,,,,,,,,,,,,,,,,,,,,,,,,,,,,,,,,,,,,,,,,,,,,,,,,,,5261.277,,,,,,,,,,,,,,,,,,,,,,,,
Other Non-OECD - Europe and Eurasia (EIA),1998,,,,,,,,,,,,,,,,,,,,,,,,,,,,-4.256,-223.906,,,,,,,,,,,,,,,,,,,,,,,,,,,,,,,,,,,,,,,,,,,,,,,,,,,,,,,,,,,,,,,,,,,,,,,,,,5037.372,,,,,,,,,,,,,,,,,,,,,,,,
Other Non-OECD - Europe and Eurasia (EIA),1999,,,,,,,,,,,,,,,,,,,,,,,,,,,,-2.405,-121.169,,,,,,,,,,,,,,,,,,,,,,,,,,,,,,,,,,,,,,,,,,,,,,,,,,,,,,,,,,,,,,,,,,,,,,,,,,4916.202,,,,,,,,,,,,,,,,,,,,,,,,
Other Non-OECD - Europe and Eurasia (EIA),2000,,,,,,,,,,,,,,,,,,,,,,,,,,,,2.123,104.378,,,,,,,,,,,,,,,,,,,,,,,,,,,,,,,,,,,,,,,,,,,,,,,,,,,,,,,,,,,,,,,,,,,,,,,,,,5020.58,,,,,,,,,,,,,,,,,,,,,,,,
Other Non-OECD - Europe and Eurasia (EIA),2001,,,,,,,,,,,,,,,,,,,,,,,,,,,,0.621,31.175,,,,,,,,,,,,,,,,,,,,,,,,,,,,,,,,,,,,,,,,,,,,,,,,,,,,,,,,,,,,,,,,,,,,,,,,,,5051.755,,,,,,,,,,,,,,,,,,,,,,,,
Other Non-OECD - Europe and Eurasia (EIA),2002,,,,,,,,,,,,,,,,,,,,,,,,,,,,3.296,166.489,,,,,,,,,,,,,,,,,,,,,,,,,,,,,,,,,,,,,,,,,,,,,,,,,,,,,,,,,,,,,,,,,,,,,,,,,,5218.244,,,,,,,,,,,,,,,,,,,,,,,,
Other Non-OECD - Europe and Eurasia (EIA),2003,,,,,,,,,,,,,,,,,,,,,,,,,,,,4.474,233.482,,,,,,,,,,,,,,,,,,,,,,,,,,,,,,,,,,,,,,,,,,,,,,,,,,,,,,,,,,,,,,,,,,,,,,,,,,5451.726,,,,,,,,,,,,,,,,,,,,,,,,
Other Non-OECD - Europe and Eurasia (EIA),2004,,,,,,,,,,,,,,,,,,,,,,,,,,,,-0.137,-7.486,,,,,,,,,,,,,,,,,,,,,,,,,,,,,,,,,,,,,,,,,,,,,,,,,,,,,,,,,,,,,,,,,,,,,,,,,,5444.24,,,,,,,,,,,,,,,,,,,,,,,,
Other Non-OECD - Europe and Eurasia (EIA),2005,,,,,,,,,,,,,,,,,,,,,,,,,,,,0.246,13.394,,,,,,,,,,,,,,,,,,,,,,,,,,,,,,,,,,,,,,,,,,,,,,,,,,,,,,,,,,,,,,,,,,,,,,,,,,5457.634,,,,,,,,,,,,,,,,,,,,,,,,
Other Non-OECD - Europe and Eurasia (EIA),2006,,,,,,,,,,,,,,,,,,,,,,,,,,,,0.966,52.729,,,,,,,,,,,,,,,,,,,,,,,,,,,,,,,,,,,,,,,,,,,,,,,,,,,,,,,,,,,,,,,,,,,,,,,,,,5510.363,,,,,,,,,,,,,,,,,,,,,,,,
Other Non-OECD - Europe and Eurasia (EIA),2007,,,,,,,,,,,,,,,,,,,,,,,,,,,,3.137,172.834,,,,,,,,,,,,,,,,,,,,,,,,,,,,,,,,,,,,,,,,,,,,,,,,,,,,,,,,,,,,,,,,,,,,,,,,,,5683.197,,,,,,,,,,,,,,,,,,,,,,,,
Other Non-OECD - Europe and Eurasia (EIA),2008,,,,,,,,,,,,,,,,,,,,,,,,,,,,1.879,106.793,,,,,,,,,,,,,,,,,,,,,,,,,,,,,,,,,,,,,,,,,,,,,,,,,,,,,,,,,,,,,,,,,,,,,,,,,,5789.99,,,,,,,,,,,,,,,,,,,,,,,,
Other Non-OECD - Europe and Eurasia (EIA),2009,,,,,,,,,,,,,,,,,,,,,,,,,,,,-13.326,-771.595,,,,,,,,,,,,,,,,,,,,,,,,,,,,,,,,,,,,,,,,,,,,,,,,,,,,,,,,,,,,,,,,,,,,,,,,,,5018.395,,,,,,,,,,,,,,,,,,,,,,,,
Other Non-OECD - Europe and Eurasia (EIA),2010,,,,,,,,,,,,,,,,,,,,,,,,,,,,6.3,316.163,,,,,,,,,,,,,,,,,,,,,,,,,,,,,,,,,,,,,,,,,,,,,,,,,,,,,,,,,,,,,,,,,,,,,,,,,,5334.557,,,,,,,,,,,,,,,,,,,,,,,,
Other Non-OECD - Europe and Eurasia (EIA),2011,,,,,,,,,,,,,,,,,,,,,,,,,,,,6.377,340.176,,,,,,,,,,,,,,,,,,,,,,,,,,,,,,,,,,,,,,,,,,,,,,,,,,,,,,,,,,,,,,,,,,,,,,,,,,5674.733,,,,,,,,,,,,,,,,,,,,,,,,
Other Non-OECD - Europe and Eurasia (EIA),2012,,,,,,,,,,,,,,,,,,,,,,,,,,,,-1.719,-97.544,,,,,,,,,,,,,,,,,,,,,,,,,,,,,,,,,,,,,,,,,,,,,,,,,,,,,,,,,,,,,,,,,,,,,,,,,,5577.189,,,,,,,,,,,,,,,,,,,,,,,,
Other Non-OECD - Europe and Eurasia (EIA),2013,,,,,,,,,,,,,,,,,,,,,,,,,,,,-3.205,-178.757,,,,,,,,,,,,,,,,,,,,,,,,,,,,,,,,,,,,,,,,,,,,,,,,,,,,,,,,,,,,,,,,,,,,,,,,,,5398.432,,,,,,,,,,,,,,,,,,,,,,,,
Other Non-OECD - Europe and Eurasia (EIA),2014,,,,,,,,,,,,,,,,,,,,,,,,,,,,-2.764,-149.202,,,,,,,,,,,,,,,,,,,,,,,,,,,,,,,,,,,,,,,,,,,,,,,,,,,,,,,,,,,,,,,,,,,,,,,,,,5249.23,,,,,,,,,,,,,,,,,,,,,,,,
Other Non-OECD - Europe and Eurasia (EIA),2015,,,,,,,,,,,,,,,,,,,,,,,,,,,,-1.948,-102.27,,,,,,,,,,,,,,,,,,,,,,,,,,,,,,,,,,,,,,,,,,,,,,,,,,,,,,,,,,,,,,,,,,,,,,,,,,5146.96,,,,,,,,,,,,,,,,,,,,,,,,
Other Non-OECD - Europe and Eurasia (EIA),2016,,,,,,,,,,,,,,,,,,,,,,,,,,,,-1.135,-58.409,,,,,,,,,,,,,,,,,,,,,,,,,,,,,,,,,,,,,,,,,,,,,,,,,,,,,,,,,,,,,,,,,,,,,,,,,,5088.551,,,,,,,,,,,,,,,,,,,,,,,,
Other Non-OECD - Europe and Eurasia (EIA),2017,,,,,,,,,,,,,,,,,,,,,,,,,,,,0.229,11.66,,,,,,,,,,,,,,,,,,,,,,,,,,,,,,,,,,,,,,,,,,,,,,,,,,,,,,,,,,,,,,,,,,,,,,,,,,5100.211,,,,,,,,,,,,,,,,,,,,,,,,
Other Non-OECD - Europe and Eurasia (EIA),2018,,,,,,,,,,,,,,,,,,,,,,,,,,,,1.536,78.357,,,,,,,,,,,,,,,,,,,,,,,,,,,,,,,,,,,,,,,,,,,,,,,,,,,,,,,,,,,,,,,,,,,,,,,,,,5178.568,,,,,,,,,,,,,,,,,,,,,,,,
Other Non-OECD - Europe and Eurasia (EIA),2019,,,,,,,,,,,,,,,,,,,,,,,,,,,,-1.673,-86.615,,,,,,,,,,,,,,,,,,,,,,,,,,,,,,,,,,,,,,,,,,,,,,,,,,,,,,,,,,,,,,,,,,,,,,,,,,5091.953,,,,,,,,,,,,,,,,,,,,,,,,
Other Non-OECD - Europe and Eurasia (EIA),2020,,,,,,,,,,,,,,,,,,,,,,,,,,,,-2.546,-129.635,,,,,,,,,,,,,,,,,,,,,,,,,,,,,,,,,,,,,,,,,,,,,,,,,,,,,,,,,,,,,,,,,,,,,,,,,,4962.318,,,,,,,,,,,,,,,,,,,,,,,,
Other Non-OECD - Europe and Eurasia (EIA),2021,,,,,,,,,,,,,,,,,,,,,,,,,,,,5.082,252.19,,,,,,,,,,,,,,,,,,,,,,,,,,,,,,,,,,,,,,,,,,,,,,,,,,,,,,,,,,,,,,,,,,,,,,,,,,5214.508,,,,,,,,,,,,,,,,,,,,,,,,
Pakistan,1900,PAK,18263133.0,,,,,,,,,,,,,,,,,,,0.0,0.0,,,,,,,,,,,,,,,,,,,,,,,,,,0.0,0.0,,,,,,,,,,,,,,,,,,,,,,,,,,,,,,,,,,,,,,0.0,0.0,,,,,,,,,,,,,,,,,,,,,,,,,,,,,,,,,,,,,,,
Pakistan,1901,PAK,18349144.0,,,,,,,,,,,,,,,,,,0.0,0.0,0.0,,,,,,,,,,,,,,,,,,,,,,,,,0.0,0.0,0.0,,,,,,,,,,,,,,,,,,,,,,,,,,,,,,,,,,,,,0.0,0.0,0.0,,,,,,,,,,,,,,,,,,,,,,,,,,,,,,,,,,,,,,,
Pakistan,1902,PAK,18435550.0,,,,,,,,,,,,,,,,,,0.0,0.0,0.0,,,,,,,,,,,,,,,,,,,,,,,,,0.0,0.0,0.0,,,,,,,,,,,,,,,,,,,,,,,,,,,,,,,,,,,,,0.0,0.0,0.0,,,,,,,,,,,,,,,,,,,,,,,,,,,,,,,,,,,,,,,
Pakistan,1903,PAK,18522352.0,,,,,,,,,,,,,,,,,,0.0,0.0,0.0,,,,,,,,,,,,,,,,,,,,,,,,,0.0,0.0,0.0,,,,,,,,,,,,,,,,,,,,,,,,,,,,,,,,,,,,,0.0,0.0,0.0,,,,,,,,,,,,,,,,,,,,,,,,,,,,,,,,,,,,,,,
Pakistan,1904,PAK,18609553.0,,,,,,,,,,,,,,,,,,0.0,0.0,0.0,,,,,,,,,,,,,,,,,,,,,,,,,0.0,0.0,0.0,,,,,,,,,,,,,,,,,,,,,,,,,,,,,,,,,,,,,0.0,0.0,0.0,,,,,,,,,,,,,,,,,,,,,,,,,,,,,,,,,,,,,,,
Pakistan,1905,PAK,18697153.0,,,,,,,,,,,,,,,,,,0.0,0.0,0.0,,,,,,,,,,,,,,,,,,,,,,,,,0.0,0.0,0.0,,,,,,,,,,,,,,,,,,,,,,,,,,,,,,,,,,,,,0.0,0.0,0.0,,,,,,,,,,,,,,,,,,,,,,,,,,,,,,,,,,,,,,,
Pakistan,1906,PAK,18785155.0,,,,,,,,,,,,,,,,,,0.0,0.0,0.0,,,,,,,,,,,,,,,,,,,,,,,,,0.0,0.0,0.0,,,,,,,,,,,,,,,,,,,,,,,,,,,,,,,,,,,,,0.0,0.0,0.0,,,,,,,,,,,,,,,,,,,,,,,,,,,,,,,,,,,,,,,
Pakistan,1907,PAK,18873561.0,,,,,,,,,,,,,,,,,,0.0,0.0,0.0,,,,,,,,,,,,,,,,,,,,,,,,,0.0,0.0,0.0,,,,,,,,,,,,,,,,,,,,,,,,,,,,,,,,,,,,,0.0,0.0,0.0,,,,,,,,,,,,,,,,,,,,,,,,,,,,,,,,,,,,,,,
Pakistan,1908,PAK,18962372.0,,,,,,,,,,,,,,,,,,0.0,0.0,0.0,,,,,,,,,,,,,,,,,,,,,,,,,0.0,0.0,0.0,,,,,,,,,,,,,,,,,,,,,,,,,,,,,,,,,,,,,0.0,0.0,0.0,,,,,,,,,,,,,,,,,,,,,,,,,,,,,,,,,,,,,,,
Pakistan,1909,PAK,19081237.0,,,,,,,,,,,,,,,,,,0.0,0.0,0.0,,,,,,,,,,,,,,,,,,,,,,,,,0.0,0.0,0.0,,,,,,,,,,,,,,,,,,,,,,,,,,,,,,,,,,,,,0.0,0.0,0.0,,,,,,,,,,,,,,,,,,,,,,,,,,,,,,,,,,,,,,,
Pakistan,1910,PAK,19230643.0,,,,,,,,,,,,,,,,,,0.0,0.0,0.0,,,,,,,,,,,,,,,,,,,,,,,,,0.0,0.0,0.0,,,,,,,,,,,,,,,,,,,,,,,,,,,,,,,,,,,,,0.0,0.0,0.0,,,,,,,,,,,,,,,,,,,,,,,,,,,,,,,,,,,,,,,
Pakistan,1911,PAK,19411085.0,,,,,,,,,,,,,,,,,,0.0,0.0,0.0,,,,,,,,,,,,,,,,,,,,,,,,,0.0,0.0,0.0,,,,,,,,,,,,,,,,,,,,,,,,,,,,,,,,,,,,,0.0,0.0,0.0,,,,,,,,,,,,,,,,,,,,,,,,,,,,,,,,,,,,,,,
Pakistan,1912,PAK,19623063.0,,,,,,,,,,,,,,,,,,0.0,0.0,0.0,,,,,,,,,,,,,,,,,,,,,,,,,0.0,0.0,0.0,,,,,,,,,,,,,,,,,,,,,,,,,,,,,,,,,,,,,0.0,0.0,0.0,,,,,,,,,,,,,,,,,,,,,,,,,,,,,,,,,,,,,,,
Pakistan,1913,PAK,19867085.0,,,,,,,,,,,,,,,,,,0.0,0.0,0.0,,,,,,,,,,,,,,,,,,,,,,,,,0.0,0.0,0.0,,,,,,,,,,,,,,,,,,,,,,,,,,,,,,,,,,,,,0.0,0.0,0.0,,,,,,,,,,,,,,,,,,,,,,,,,,,,,,,,,,,,,,,
Pakistan,1914,PAK,20114130.0,,,,,,,,,,,,,,,,,,0.0,0.0,0.0,,,,,,,,,,,,,,,,,,,,,,,,,0.0,0.0,0.0,,,,,,,,,,,,,,,,,,,,,,,,,,,,,,,,,,,,,0.0,0.0,0.0,,,,,,,,,,,,,,,,,,,,,,,,,,,,,,,,,,,,,,,
Pakistan,1915,PAK,20364235.0,,,,,,,,,,,,,,,,,,0.0,0.0,0.0,,,,,,,,,,,,,,,,,,,,,,,,,0.0,0.0,0.0,,,,,,,,,,,,,,,,,,,,,,,,,,,,,,,,,,,,,0.0,0.0,0.0,,,,,,,,,,,,,,,,,,,,,,,,,,,,,,,,,,,,,,,
Pakistan,1916,PAK,20617438.0,,,,,,,,,,,,,,,,,,0.0,0.0,0.0,,,,,,,,,,,,,,,,,,,,,,,,,0.0,0.0,0.0,,,,,,,,,,,,,,,,,,,,,,,,,,,,,,,,,,,,,0.0,0.0,0.0,,,,,,,,,,,,,,,,,,,,,,,,,,,,,,,,,,,,,,,
Pakistan,1917,PAK,20873778.0,,,,,,,,,,,,,,,,,,0.0,0.0,0.0,,,,,,,,,,,,,,,,,,,,,,,,,0.0,0.0,0.0,,,,,,,,,,,,,,,,,,,,,,,,,,,,,,,,,,,,,0.0,0.0,0.0,,,,,,,,,,,,,,,,,,,,,,,,,,,,,,,,,,,,,,,
Pakistan,1918,PAK,21149350.0,,,,,,,,,,,,,,,,,,0.0,0.0,0.0,,,,,,,,,,,,,,,,,,,,,,,,,0.0,0.0,0.0,,,,,,,,,,,,,,,,,,,,,,,,,,,,,,,,,,,,,0.0,0.0,0.0,,,,,,,,,,,,,,,,,,,,,,,,,,,,,,,,,,,,,,,
Pakistan,1919,PAK,21451234.0,,,,,,,,,,,,,,,,,,0.0,0.0,0.0,,,,,,,,,,,,,,,,,,,,,,,,,0.0,0.0,0.0,,,,,,,,,,,,,,,,,,,,,,,,,,,,,,,,,,,,,0.0,0.0,0.0,,,,,,,,,,,,,,,,,,,,,,,,,,,,,,,,,,,,,,,
Pakistan,1920,PAK,21780196.0,,,,,,,,,,,,,,,,,,0.0,0.0,0.0,,,,,,,,,,,,,,,,,,,,,,,,,0.0,0.0,0.0,,,,,,,,,,,,,,,,,,,,,,,,,,,,,,,,,,,,,0.0,0.0,0.0,,,,,,,,,,,,,,,,,,,,,,,,,,,,,,,,,,,,,,,
Pakistan,1921,PAK,22137018.0,,,,,,,,,,,,,,,,,,0.0,0.0,0.0,,,,,,,,,,,,,,,,,,,,,,,,,0.0,0.0,0.0,,,,,,,,,,,,,,,,,,,,,,,,,,,,,,,,,,,,,0.0,0.0,0.0,,,,,,,,,,,,,,,,,,,,,,,,,,,,,,,,,,,,,,,
Pakistan,1922,PAK,22522501.0,,,,,,,,,,,,,,,,,,0.0,0.0,0.0,,,,,,,,,,,,,,,,,,,,,,,,,0.0,0.0,0.0,,,,,,,,,,,,,,,,,,,,,,,,,,,,,,,,,,,,,0.0,0.0,0.0,,,,,,,,,,,,,,,,,,,,,,,,,,,,,,,,,,,,,,,
Pakistan,1923,PAK,22937465.0,,,,,,,,,,,,,,,,,,0.0,0.0,0.0,,,,,,,,,,,,,,,,,,,,,,,,,0.0,0.0,0.0,,,,,,,,,,,,,,,,,,,,,,,,,,,,,,,,,,,,,0.0,0.0,0.0,,,,,,,,,,,,,,,,,,,,,,,,,,,,,,,,,,,,,,,
Pakistan,1924,PAK,23360074.0,,,,,,,,,,,,,,,,,,0.0,0.0,0.0,,,,,,,,,,,,,,,,,,,,,,,,,0.0,0.0,0.0,,,,,,,,,,,,,,,,,,,,,,,,,,,,,,,,,,,,,0.0,0.0,0.0,,,,,,,,,,,,,,,,,,,,,,,,,,,,,,,,,,,,,,,
Pakistan,1925,PAK,23790470.0,,,,,,,,,,,,,,,,,,0.0,0.0,0.0,,,,,,,,,,,,,,,,,,,,,,,,,0.0,0.0,0.0,,,,,,,,,,,,,,,,,,,,,,,,,,,,,,,,,,,,,0.0,0.0,0.0,,,,,,,,,,,,,,,,,,,,,,,,,,,,,,,,,,,,,,,
Pakistan,1926,PAK,24228796.0,,,,,,,,,,,,,,,,,,0.0,0.0,0.0,,,,,,,,,,,,,,,,,,,,,,,,,0.0,0.0,0.0,,,,,,,,,,,,,,,,,,,,,,,,,,,,,,,,,,,,,0.0,0.0,0.0,,,,,,,,,,,,,,,,,,,,,,,,,,,,,,,,,,,,,,,
Pakistan,1927,PAK,24675197.0,,,,,,,,,,,,,,,,,,0.0,0.0,0.0,,,,,,,,,,,,,,,,,,,,,,,,,0.0,0.0,0.0,,,,,,,,,,,,,,,,,,,,,,,,,,,,,,,,,,,,,0.0,0.0,0.0,,,,,,,,,,,,,,,,,,,,,,,,,,,,,,,,,,,,,,,
Pakistan,1928,PAK,25129824.0,,,,,,,,,,,,,,,,,,0.0,0.0,0.0,,,,,,,,,,,,,,,,,,,,,,,,,0.0,0.0,0.0,,,,,,,,,,,,,,,,,,,,,,,,,,,,,,,,,,,,,0.0,0.0,0.0,,,,,,,,,,,,,,,,,,,,,,,,,,,,,,,,,,,,,,,
Pakistan,1929,PAK,25592826.0,,,,,,,,,,,,,,,,,,0.0,0.0,0.0,,,,,,,,,,,,,,,,,,,,,,,,,0.0,0.0,0.0,,,,,,,,,,,,,,,,,,,,,,,,,,,,,,,,,,,,,0.0,0.0,0.0,,,,,,,,,,,,,,,,,,,,,,,,,,,,,,,,,,,,,,,
Pakistan,1930,PAK,26064359.0,,,,,,,,,,,,,,,,,,0.0,0.0,0.0,,,,,,,,,,,,,,,,,,,,,,,,,0.0,0.0,0.0,,,,,,,,,,,,,,,,,,,,,,,,,,,,,,,,,,,,,0.0,0.0,0.0,,,,,,,,,,,,,,,,,,,,,,,,,,,,,,,,,,,,,,,
Pakistan,1931,PAK,26544580.0,,,,,,,,,,,,,,,,,,0.0,0.0,0.0,,,,,,,,,,,,,,,,,,,,,,,,,0.0,0.0,0.0,,,,,,,,,,,,,,,,,,,,,,,,,,,,,,,,,,,,,0.0,0.0,0.0,,,,,,,,,,,,,,,,,,,,,,,,,,,,,,,,,,,,,,,
Pakistan,1932,PAK,27033648.0,,,,,,,,,,,,,,,,,,0.0,0.0,0.0,,,,,,,,,,,,,,,,,,,,,,,,,0.0,0.0,0.0,,,,,,,,,,,,,,,,,,,,,,,,,,,,,,,,,,,,,0.0,0.0,0.0,,,,,,,,,,,,,,,,,,,,,,,,,,,,,,,,,,,,,,,
Pakistan,1933,PAK,27531728.0,,,,,,,,,,,,,,,,,,0.0,0.0,0.0,,,,,,,,,,,,,,,,,,,,,,,,,0.0,0.0,0.0,,,,,,,,,,,,,,,,,,,,,,,,,,,,,,,,,,,,,0.0,0.0,0.0,,,,,,,,,,,,,,,,,,,,,,,,,,,,,,,,,,,,,,,
Pakistan,1934,PAK,28038984.0,,,,,,,,,,,,,,,,,,0.0,0.0,0.0,,,,,,,,,,,,,,,,,,,,,,,,,0.0,0.0,0.0,,,,,,,,,,,,,,,,,,,,,,,,,,,,,,,,,,,,,0.0,0.0,0.0,,,,,,,,,,,,,,,,,,,,,,,,,,,,,,,,,,,,,,,
Pakistan,1935,PAK,28555586.0,,,,,,,,,,,,,,,,,,0.0,0.0,0.0,,,,,,,,,,,,,,,,,,,,,,,,,0.0,0.0,0.0,,,,,,,,,,,,,,,,,,,,,,,,,,,,,,,,,,,,,0.0,0.0,0.0,,,,,,,,,,,,,,,,,,,,,,,,,,,,,,,,,,,,,,,
Pakistan,1936,PAK,29081706.0,,,,,,,,,,,,,,,,,,0.0,0.0,0.0,,,,,,,,,,,,,,,,,,,,,,,,,0.0,0.0,0.0,,,,,,,,,,,,,,,,,,,,,,,,,,,,,,,,,,,,,0.0,0.0,0.0,,,,,,,,,,,,,,,,,,,,,,,,,,,,,,,,,,,,,,,
Pakistan,1937,PAK,29617520.0,,,,,,,,,,,,,,,,,,0.0,0.0,0.0,,,,,,,,,,,,,,,,,,,,,,,,,0.0,0.0,0.0,,,,,,,,,,,,,,,,,,,,,,,,,,,,,,,,,,,,,0.0,0.0,0.0,,,,,,,,,,,,,,,,,,,,,,,,,,,,,,,,,,,,,,,
Pakistan,1938,PAK,30163206.0,,,,,,,,,,,,,,,,,,0.0,0.0,0.0,,,,,,,,,,,,,,,,,,,,,,,,,0.0,0.0,0.0,,,,,,,,,,,,,,,,,,,,,,,,,,,,,,,,,,,,,0.0,0.0,0.0,,,,,,,,,,,,,,,,,,,,,,,,,,,,,,,,,,,,,,,
Pakistan,1939,PAK,30718945.0,,,,,,,,,,,,,,,,,,0.0,0.0,0.0,,,,,,,,,,,,,,,,,,,,,,,,,0.0,0.0,0.0,,,,,,,,,,,,,,,,,,,,,,,,,,,,,,,,,,,,,0.0,0.0,0.0,,,,,,,,,,,,,,,,,,,,,,,,,,,,,,,,,,,,,,,
Pakistan,1940,PAK,31284924.0,,,,,,,,,,,,,,,,,,0.0,0.0,0.0,,,,,,,,,,,,,,,,,,,,,,,,,0.0,0.0,0.0,,,,,,,,,,,,,,,,,,,,,,,,,,,,,,,,,,,,,0.0,0.0,0.0,,,,,,,,,,,,,,,,,,,,,,,,,,,,,,,,,,,,,,,
Pakistan,1941,PAK,31861331.0,,,,,,,,,,,,,,,,,,0.0,0.0,0.0,,,,,,,,,,,,,,,,,,,,,,,,,0.0,0.0,0.0,,,,,,,,,,,,,,,,,,,,,,,,,,,,,,,,,,,,,0.0,0.0,0.0,,,,,,,,,,,,,,,,,,,,,,,,,,,,,,,,,,,,,,,
Pakistan,1942,PAK,32448357.0,,,,,,,,,,,,,,,,,,0.0,0.0,0.0,,,,,,,,,,,,,,,,,,,,,,,,,0.0,0.0,0.0,,,,,,,,,,,,,,,,,,,,,,,,,,,,,,,,,,,,,0.0,0.0,0.0,,,,,,,,,,,,,,,,,,,,,,,,,,,,,,,,,,,,,,,
Pakistan,1943,PAK,33046199.0,,,,,,,,,,,,,,,,,,0.0,0.0,0.0,,,,,,,,,,,,,,,,,,,,,,,,,0.0,0.0,0.0,,,,,,,,,,,,,,,,,,,,,,,,,,,,,,,,,,,,,0.0,0.0,0.0,,,,,,,,,,,,,,,,,,,,,,,,,,,,,,,,,,,,,,,
Pakistan,1944,PAK,33655057.0,,,,,,,,,,,,,,,,,,0.0,0.0,0.0,,,,,,,,,,,,,,,,,,,,,,,,,0.0,0.0,0.0,,,,,,,,,,,,,,,,,,,,,,,,,,,,,,,,,,,,,0.0,0.0,0.0,,,,,,,,,,,,,,,,,,,,,,,,,,,,,,,,,,,,,,,
Pakistan,1945,PAK,34275132.0,,,,,,,,,,,,,,,,,,0.0,0.0,0.0,,,,,,,,,,,,,,,,,,,,,,,,,0.0,0.0,0.0,,,,,,,,,,,,,,,,,,,,,,,,,,,,,,,,,,,,,0.0,0.0,0.0,,,,,,,,,,,,,,,,,,,,,,,,,,,,,,,,,,,,,,,
Pakistan,1946,PAK,34906631.0,,,,,,,,,,,,,,,,,,2.308,66.118,2.308,,,,,,,,,,,,,,,,,,,,,,,,,0.0,0.0,0.0,,,,,,,,,,,,,,,,,,,,,,,,,,,,,,,,,,,,,0.0,0.0,0.0,,,,,,,,,,,,,,,,,,,,,,,,,,,,,,,,,,,,,,,
Pakistan,1947,PAK,35549766.0,,,,,,,,,,,,,,,,,-17.284,-0.399,53.701,1.909,,,,,,,,,,,,,,,,,,,,,,,,,0.0,0.0,0.0,,,,,,,,,,,,,,,,,,,,,,,,,,,,,,,,,,,,,0.581,16.357,0.581,,,,,,,,,,,,,,,,,,,,,,,,,,,,,,,,,,,,,,,
Pakistan,1948,PAK,36204749.0,,,,,,,,,,,,,,,,,-20.597,-0.393,41.869,1.516,,,,,,,,,,,,,,,,,,,,,,,,,0.0,0.0,0.0,,,,,,,,,,,,,,,,,,,,,,,,,,,,,,,,,,,,30.0,0.174,20.88,0.756,,,,,,,,,,,,,,,,,,,,,,,,,,,,,,,,,,,,,,,
Pakistan,1949,PAK,36919488.0,,,,,,,,,,,,,,,,,24.812,0.376,51.246,1.892,,,,,,,,,,,,,,,,,,,,,,,,,0.0,0.0,0.0,,,,,,,,,,,,,,,,,,,,,,,,,,,,,,,,,,,,93.846,0.709,39.691,1.465,,,,,,,,,,,,,,,,,,,,,,,,,,,,,,,,,,,,,,,
Pakistan,1950,PAK,37696264.0,40434438144.0,,,,,,,,,,,,,,,,31.627,0.598,66.063,2.49,,,,,,,,,,,,,,,,,,,,,,,,,0.0,0.0,0.0,,,,,,,,,,,,,,,,,,,,,,,,,,,,,,,,,,,,38.889,0.57,53.991,2.035,,,,,,,,,,,,,,,,,,,,,,,,,,,,,,,,,,,,,,,
Pakistan,1951,PAK,38215788.0,39130357760.0,,,,,,,,,,,,,,,,15.561,0.388,75.305,2.878,,,,,,,,,,,,,,,,,,,,,,,,,0.0,0.0,0.0,,,,,,,,,,,,,,,,,,,,,,,,,,,,,,,,,,,,5.714,0.116,56.3,2.152,,,,,,,,,,,,,,,,,,,,,,,,,,,,,,,,,,,,,,,
Pakistan,1952,PAK,38816780.0,39279230976.0,,,,,,,,,,,,,,,,18.812,0.541,88.086,3.419,,,,,,,,,,,,,,,,,,,,,,,,,0.0,0.0,0.0,,,,,,,,,,,,,,,,,,,,,,,,,,,,,,,,,,,,17.297,0.372,65.016,2.524,,,,,,,,,,,,,,,,,,,,,,,,,,,,,,,,,,,,,,,
Pakistan,1953,PAK,39488232.0,42977546240.0,,,,,,,,,,,,,,,,-2.667,-0.091,84.279,3.328,,,,,,,,,,,,,,,,,,,,,,,,,0.0,0.0,0.0,,,,,,,,,,,,,,,,,,,,,,,,,,,,,,,,,,,,11.521,0.291,71.273,2.814,,,,,,,,,,,,,,,,,,,,,,,,,,,,,,,,,,,,,,,
Pakistan,1954,PAK,40224096.0,43979272192.0,,,,,,,,,,,,,,,,-5.137,-0.171,78.487,3.157,,,,,,,,,,,,,,,,,,,,,,,,,0.0,0.0,0.0,,,,,,,,,,,,,,,,,,,,,,,,,,,,,,,,,,,,9.917,0.279,76.909,3.094,,,,,,,,,,,,,,,,,,,,,,,,,,,,,,,,,,,,,,,
Pakistan,1955,PAK,41023128.0,44967657472.0,,,,,,,,,,,,,,,,-4.513,-0.142,73.486,3.015,,,,,,,,,,,,,,,,,,,,,,,,,0.437,10.657,0.437,,,,,,,,,,,,,,,,,,,,,,,,,,,,,,,,,,,,6.391,0.198,80.23,3.291,,,,,,,,,,,,,,,,,,,,,,,,,,,,,,,,,,,,,,,
Pakistan,1956,PAK,41884992.0,46309818368.0,,,,,,,,,,,,,,,,22.117,0.667,87.892,3.681,,,,,,,,,,,,,,,,,,,,,,,,397.436,1.738,51.922,2.175,,,,,,,,,,,,,,,,,,,,,,,,,,,,,,,,,,,,2.473,0.081,80.523,3.373,,,,,,,,,,,,,,,,,,,,,,,,,,,,,,,,,,,,,,,
Pakistan,1957,PAK,42808516.0,48360423424.0,,,,,,,,,,,,,,,,-20.124,-0.741,68.69,2.941,,,,,,,,,,,,,,,,,,,,,,,,49.485,1.076,75.942,3.251,,,,,,,,,,,,,,,,,,,,,,,,,,,,,,,,,,,,3.793,0.128,81.774,3.501,,,,,,,,,,,,,,,,,,,,,,,,,,,,,,,,,,,,,,,
Pakistan,1958,PAK,43794992.0,49065656320.0,,,,,,,,,,,,,,,,15.698,0.462,77.683,3.402,,,,,,,,,,,,,,,,,,,,,,,,23.448,0.762,91.637,4.013,,,,,,,,,,,,,,,,,,,,,,,,,,,,,,,,,,,,3.322,0.116,82.588,3.617,,,,,,,,,,,,,,,,,,,,,,,,,,,,,,,,,,,,,,,
Pakistan,1959,PAK,44843640.0,49546047488.0,,,,,,,,,,,,,,,,21.106,0.718,91.878,4.12,,,,,,,,,,,,,,,,,,,,,,,,21.508,0.863,108.743,4.876,,,,,,,,,,,,,,,,,,,,,,,,,,,,,,,,,,,,2.572,0.093,82.731,3.71,,,,,,,,,,,,,,,,,,,,,,,,,,,,,,,,,,,,,,,
Pakistan,1960,PAK,45954228.0,51948892160.0,,,,,,,,,,,,,,,,13.14,0.541,101.439,4.662,,,,,,,,,,,,,,,,,,,,,,,,45.517,2.22,154.415,7.096,,,,,,,,,,,,,,,,,,,,,,,,,,,,,,,,,,,,13.166,0.488,91.361,4.198,,,,,,,,,,,,,,,,,,,,,,,,,,,,,,,,,,,,,,,
Pakistan,1961,PAK,47060912.0,55132008448.0,,,,,,,,,,,,,,,,10.758,0.501,109.709,5.163,,,,,,,,,,,,,,,,,,,,,,,,21.643,1.536,183.418,8.632,,,,,,,,,,,,,,,,,,,,,,,,,,,,,,,,,,,,7.202,0.302,95.638,4.501,,,,,,,,,,,,,,,,,,,,,,,,,,,,,,,,,,,,,,,
Pakistan,1962,PAK,48161844.0,59154149376.0,,,,,,,,,,,,,,,,8.057,0.416,115.839,5.579,,,,,,,,,,,,,,,,,,,,,,,,23.247,2.007,220.889,10.638,,,,,,,,,,,,,,,,,,,,,,,,,,,,,,,,,,,,18.088,0.814,110.355,5.315,,,,,,,,,,,,,,,,,,,,,,,,,,,,,,,,,,,,,,,
Pakistan,1963,PAK,49325052.0,62812188672.0,,,,,,,,,,,,,,,,24.923,1.39,141.298,6.97,,,,,,,,,,,,,,,,,,,,,,,,25.29,2.69,270.225,13.329,,,,,,,,,,,,,,,,,,,,,,,,,,,,,,,,,,,,4.376,0.233,112.468,5.548,,,,,,,,,,,,,,,,,,,,,,,,,,,,,,,,,,,,,,,
Pakistan,1964,PAK,50552600.0,67633967104.0,,,,,,,,,,,,,,,,-2.289,-0.16,134.71,6.81,,,,,,,,,,,,,,,,,,,,,,,,25.736,3.43,331.52,16.759,,,,,,,,,,,,,,,,,,,,,,,,,,,,,,,,,,,,14.675,0.814,125.841,6.362,,,,,,,,,,,,,,,,,,,,,,,,,,,,,,,,,,,,,,,
Pakistan,1965,PAK,51841628.0,70661283840.0,,,,,,,,,,,,309.361,16.038,,,3.515,0.239,135.977,7.049,,19.505,,,,,,1586.07,1.164,,,,,1460.787,75.73,,92.101,,,14.771,,,284.928,18.328,3.072,382.526,19.831,,17.964,,,,6.495,42.368,2.196,125.283,,7.899,,,6.495,0.0,0.0,125.283,,7.899,,,,,0.0,0.0,0.0,0.0,,0.0,,,44.921,,,866.498,-2.194,-0.14,120.02,6.222,,54.632,,,,,,,,,,,,,82.224,,,6.495,,,125.283,,7.899,,,,,,,,,,,,,,,,
Pakistan,1966,PAK,53199420.0,76405784576.0,,,,,,,,,,-15.591,-2.5,254.464,13.537,,,-4.123,-0.291,127.044,6.759,,16.341,,,,0.749,0.616,1557.173,1.084,0.814,0.616,,,1435.088,76.346,,92.16,13.002,1.92,16.692,,,313.756,13.002,2.578,421.228,22.409,,20.149,,0.0,0.0,6.495,41.287,2.196,122.085,,7.84,0.0,0.0,6.495,0.0,0.0,122.085,,7.84,,,,0.0,0.0,0.0,0.0,0.0,,0.0,2.663,1.196,46.117,,,866.868,-3.364,-0.209,113.022,6.013,,55.669,,,,,,,,,,,,,82.841,0.0,0.0,6.495,,,122.085,,7.84,,,,,,,,,,,,,,,,
Pakistan,1967,PAK,54629796.0,79258959872.0,,,,,,,,,,-3.952,-0.535,238.008,13.002,,,11.551,0.781,138.009,7.539,,14.176,,,,10.718,8.879,1678.929,1.157,10.055,7.677,,,1538.033,84.022,,91.608,16.658,2.781,19.472,,,356.439,16.658,3.733,478.532,26.142,,21.23,,18.511,1.202,7.697,47.648,2.603,140.896,,8.392,18.511,1.202,7.697,0.0,0.0,140.896,,8.392,,,,0.0,0.0,0.0,0.0,0.0,,0.0,11.777,5.431,51.548,,,943.586,-2.901,-0.174,106.87,5.838,,56.202,,,,,,,,,,,,,91.72,18.511,1.202,7.697,,,140.896,,8.392,,,,,,,,,,,,,,,,
Pakistan,1968,PAK,56124740.0,84766474240.0,,,,,,,,,,10.107,1.314,255.084,14.317,,,-9.297,-0.701,121.844,6.838,,13.749,,,,13.532,12.411,1855.35,1.228,12.921,10.856,,,1690.499,94.879,,91.115,12.221,2.38,21.852,,,389.346,12.221,3.195,522.71,29.337,,20.985,,20.204,1.555,9.252,55.75,3.129,164.851,,8.885,20.204,1.555,9.252,0.0,0.0,164.851,,8.885,,,,0.0,0.0,0.0,0.0,0.0,,0.0,13.895,7.162,58.71,,,1046.069,3.187,0.186,107.338,6.024,,56.381,,,,,,,,,,,,,104.131,20.204,1.555,9.252,,,164.851,,8.885,,,,,,,,,,,,,,,,
Pakistan,1969,PAK,57676804.0,90261651456.0,,,,,,,,,,-9.992,-1.43,223.418,12.886,,,14.417,0.986,135.658,7.824,,12.316,,,,0.481,0.501,1814.105,1.159,-0.009,-0.009,,,1644.854,94.87,,90.67,23.195,5.068,26.92,,,466.746,23.194,6.805,626.622,36.142,,25.729,,5.508,0.51,9.762,57.238,3.301,169.251,,9.33,5.508,0.51,9.762,0.0,0.0,169.251,,9.33,,,,0.0,0.0,0.0,0.0,0.0,,0.0,-6.212,-3.647,55.063,,,954.69,2.896,0.174,107.475,6.199,,52.626,,,,,,,,,,,,,104.632,5.508,0.51,9.762,,,169.251,,9.33,,,,,,,,,,,,,,,,
Pakistan,1970,PAK,59290872.0,99675947008.0,,,,,,,,,,-16.697,-2.152,181.048,10.734,,,-9.031,-0.707,120.047,7.118,,10.427,,,,-1.606,-1.68,1736.381,1.033,-0.586,-0.556,,,1590.692,94.314,,91.61,8.111,2.184,29.104,,,490.867,-19.472,-7.038,490.867,29.104,,28.27,,-11.513,-1.124,8.638,49.269,2.921,145.689,,8.39,-11.513,-1.124,8.638,0.0,0.0,145.689,,8.39,,,,0.0,0.0,0.0,0.0,0.0,,0.0,-1.069,-0.588,54.475,,,918.777,-15.009,-0.93,88.857,5.268,,52.913,,,,,,,,,,,,,102.952,-11.513,-1.124,8.638,,,145.689,,8.39,,,,,,,,,,,,,,,,
Pakistan,1971,PAK,60878784.0,100157194240.0,,,,,,,,,,-32.62,-3.502,118.809,7.233,,,6.005,0.427,123.936,7.545,,7.516,,,,-6.523,-6.715,1580.784,0.961,-10.065,-9.493,,,1393.268,84.82,,88.138,-9.425,-2.743,26.361,,,433.007,-9.425,-2.743,433.007,26.361,,27.392,,30.56,2.64,11.278,62.648,3.814,185.25,,11.719,32.224,2.778,11.416,63.447,3.863,187.516,,11.862,,,,0.138,0.138,0.799,0.049,2.266,,0.143,-5.963,-3.248,51.227,,,841.452,-11.479,-0.605,76.605,4.664,,53.23,0.0,0.0,,,,0.0,,0.0,,,0.0,,96.236,30.56,2.64,11.278,62.648,3.814,185.25,,11.719,,,0.0,0.0,0.0,0.0,,0.0,,,0.0,0.0,0.0,0.0,,0.0
Pakistan,1972,PAK,62509568.0,100869218304.0,,,,,,,,,,-5.776,-0.418,109.026,6.815,,,-5.211,-0.393,114.412,7.152,,7.612,,,,-6.971,-6.709,1432.217,0.888,-9.12,-7.736,,,1233.164,77.085,,86.102,6.177,1.628,27.989,,,447.759,6.177,1.628,447.759,27.989,,31.263,,5.214,0.588,11.866,64.195,4.013,189.825,,13.254,9.153,1.027,12.443,67.447,4.216,199.053,,13.898,,,318.182,0.439,0.577,3.252,0.203,9.228,,0.644,-17.464,-8.946,42.28,,,676.38,-3.491,-0.163,72.002,4.501,,47.226,0.0,0.0,,,0.0,0.0,,0.0,,,0.0,,89.527,5.214,0.588,11.866,64.195,4.013,189.825,,13.254,,0.0,0.0,0.0,0.0,0.0,,0.0,,0.0,0.0,0.0,0.0,0.0,,0.0
Pakistan,1973,PAK,64285632.0,108175171584.0,,,,,,,,,,-0.683,-0.047,105.29,6.769,,,-4.064,-0.291,106.73,6.861,,7.076,,,,6.846,6.129,1487.986,0.884,6.452,4.974,,,1276.466,82.058,,85.785,14.171,3.966,31.955,,,497.085,14.171,3.966,497.085,31.955,,33.407,,5.507,0.653,12.519,65.859,4.234,194.744,,13.088,9.434,1.155,13.598,71.771,4.614,211.52,,14.215,,,86.957,0.502,1.078,5.912,0.38,16.776,,1.127,2.493,1.054,43.334,,,674.09,-3.618,-0.163,67.48,4.338,,45.302,0.0,0.0,,,0.0,0.0,,0.0,,,0.0,,95.656,5.507,0.653,12.519,65.859,4.234,194.744,,13.088,,0.0,0.0,0.0,0.0,0.0,,0.0,,0.0,0.0,0.0,0.0,0.0,,0.0
Pakistan,1974,PAK,66149172.0,111773761536.0,,,,,,,,,,-8.419,-0.57,93.709,6.199,,,-6.229,-0.427,97.262,6.434,,5.982,,,,8.331,7.969,1566.532,0.927,9.112,7.477,,,1353.538,89.535,,86.403,14.685,4.693,36.648,,,554.023,14.685,4.693,554.023,36.648,,35.366,,0.522,0.065,12.585,64.338,4.256,190.246,,12.144,3.736,0.492,14.089,72.355,4.786,212.995,,13.597,,,39.535,0.426,1.505,8.017,0.53,22.749,,1.452,7.74,3.354,46.688,,,705.806,-13.405,-0.581,56.788,3.756,,45.055,0.0,0.0,,,0.0,0.0,,0.0,,,0.0,,103.625,0.522,0.065,12.585,64.338,4.256,190.246,,12.144,,0.0,0.0,0.0,0.0,0.0,,0.0,,0.0,0.0,0.0,0.0,0.0,,0.0
Pakistan,1975,PAK,68127000.0,116475289600.0,,,,,,,,,,-3.002,-0.186,88.257,6.013,,,16.386,1.054,109.914,7.488,,5.527,,,,4.974,5.155,1596.716,0.934,3.389,3.034,,,1358.778,92.569,,85.098,3.896,1.428,38.076,,,558.897,3.896,1.428,558.897,38.076,,35.003,,15.057,1.895,14.479,71.876,4.897,212.536,,13.311,15.051,2.121,16.21,80.828,5.507,237.938,,14.902,,,15.0,0.226,1.731,8.952,0.61,25.402,,1.591,3.839,1.792,48.481,,,711.623,-19.195,-0.721,44.555,3.035,,44.568,0.0,0.0,,,0.0,0.0,,0.0,,,0.0,,108.779,15.057,1.895,14.479,71.876,4.897,212.536,,13.311,,0.0,0.0,0.0,0.0,0.0,,0.0,,0.0,0.0,0.0,0.0,0.0,,0.0
Pakistan,1976,PAK,70230928.0,122635616256.0,,,,,,,,,,-0.967,-0.058,84.785,5.955,,,-13.394,-1.003,92.34,6.485,,5.39,,,,1.55,1.686,1572.892,0.901,0.765,0.708,,,1328.155,93.278,,84.44,1.974,0.751,38.827,,,552.855,1.974,0.751,552.855,38.827,,35.149,,8.574,1.241,15.721,75.701,5.317,223.846,,14.232,5.939,0.978,17.188,83.063,5.834,244.737,,15.56,,,-15.217,-0.263,1.467,7.362,0.517,20.891,,1.328,0.03,0.015,48.496,,,690.515,3.831,0.116,44.877,3.152,,43.901,0.0,0.0,,,0.0,0.0,,0.0,,,0.0,,110.466,8.574,1.241,15.721,75.701,5.317,223.846,,14.232,,0.0,0.0,0.0,0.0,0.0,,0.0,,0.0,0.0,0.0,0.0,0.0,,0.0
Pakistan,1977,PAK,72451112.0,127467028480.0,,,,,,,,,,8.789,0.523,89.411,6.478,,,0.791,0.051,90.218,6.536,,5.419,,,,8.225,9.085,1650.094,0.938,7.152,6.671,,,1379.535,99.949,,83.603,9.247,3.59,42.418,,,585.471,9.247,3.59,585.471,42.418,,35.481,,18.786,2.953,18.674,87.167,6.315,257.751,,15.62,13.864,2.414,19.602,91.681,6.642,270.559,,16.397,,,-36.752,-0.539,0.928,4.514,0.327,12.808,,0.776,5.274,2.557,51.053,,,704.654,76.015,2.396,76.569,5.548,,42.704,0.0,0.0,,,0.0,0.0,,0.0,,,0.0,,119.551,18.786,2.953,18.674,87.167,6.315,257.751,,15.62,,0.0,0.0,0.0,0.0,0.0,,0.0,,0.0,0.0,0.0,0.0,0.0,,0.0
Pakistan,1978,PAK,74789328.0,137688236032.0,,,,,,,,,,6.463,0.419,92.214,6.897,,,11.508,0.752,97.456,7.289,,5.388,,,,7.074,8.457,1711.588,0.93,4.403,4.4,,,1395.241,104.349,,81.517,2.756,1.169,43.587,,,582.797,2.756,1.169,582.797,43.587,,34.05,,24.143,4.509,23.183,104.828,7.84,309.975,,18.11,20.559,4.057,23.659,107.073,8.008,316.347,,18.483,,,-48.649,-0.451,0.477,2.245,0.168,6.372,,0.372,5.509,2.813,53.866,,,720.23,-1.258,-0.07,73.242,5.478,,42.08,0.0,0.0,,,0.0,0.0,,0.0,,,0.0,,128.008,24.143,4.509,23.183,104.828,7.84,309.975,,18.11,,0.0,0.0,0.0,0.0,0.0,,0.0,,0.0,0.0,0.0,0.0,0.0,,0.0
Pakistan,1979,PAK,77407344.0,142754660352.0,,,,,,,,,,11.467,0.791,99.311,7.687,,,-1.407,-0.103,92.834,7.186,,5.509,,,,9.012,11.536,1802.725,0.978,9.564,9.98,,,1476.979,114.329,,81.93,12.644,5.511,49.098,,,634.281,12.644,5.511,634.281,49.098,,35.185,,8.117,1.882,25.065,109.504,8.476,323.802,,17.962,6.512,1.556,25.215,110.189,8.529,325.746,,18.07,,,-68.421,-0.326,0.15,0.685,0.053,1.944,,0.108,6.828,3.678,57.544,,,743.387,5.308,0.291,74.521,5.768,,41.237,0.0,0.0,,,0.0,0.0,,0.0,,,0.0,,139.544,8.117,1.882,25.065,109.504,8.476,323.802,,17.962,,0.0,0.0,0.0,0.0,0.0,,0.0,,0.0,0.0,0.0,0.0,0.0,,0.0
Pakistan,1980,PAK,80624056.0,157740580864.0,,,,,,,,,,6.505,0.5,101.552,8.188,,,17.168,1.234,104.433,8.42,,5.291,,,,10.896,15.204,1919.386,0.981,12.17,13.914,,,1590.629,128.243,,82.872,22.109,10.855,59.953,,,743.612,22.109,10.855,743.612,59.953,,38.742,,4.849,1.215,26.28,110.233,8.887,325.957,,16.982,5.13,1.291,26.506,111.219,8.967,328.757,,17.128,,,50.0,0.075,0.226,0.987,0.08,2.8,,0.146,4.447,2.559,60.102,,,745.465,9.131,0.527,78.081,6.295,,38.839,0.0,0.0,,,0.0,0.0,,0.0,,,0.0,,154.749,4.849,1.215,26.28,110.233,8.887,325.957,,16.982,,0.0,0.0,0.0,0.0,0.0,,0.0,,0.0,0.0,0.0,0.0,0.0,,0.0
Pakistan,1981,PAK,84270208.0,170114465792.0,,,,,,,,,,13.494,1.105,110.269,9.292,,,-3.186,-0.268,96.731,8.152,,5.585,,,,7.516,11.63,1974.353,0.978,7.967,10.217,,,1643.043,138.46,,83.219,9.053,5.428,65.381,,,775.844,9.053,5.428,775.844,65.381,,39.296,,4.426,1.163,27.443,110.131,9.281,325.655,,16.494,5.372,1.414,27.92,112.124,9.449,331.31,,16.781,,,111.111,0.251,0.477,1.993,0.168,5.655,,0.286,6.13,3.684,63.787,,,756.93,-0.239,-0.015,74.524,6.28,,38.338,0.0,0.0,,,0.0,0.0,,0.0,,,0.0,,166.379,4.426,1.163,27.443,110.131,9.281,325.655,,16.494,,0.0,0.0,0.0,0.0,0.0,,0.0,,0.0,0.0,0.0,0.0,0.0,,0.0
Pakistan,1982,PAK,87828200.0,183113351168.0,,,,,,,,,,13.392,1.244,119.97,10.537,,,13.462,1.097,105.307,9.249,,5.742,,,,10.285,17.112,2089.202,1.002,9.804,13.575,,,1731.039,152.034,,82.856,9.068,5.928,71.309,,,811.915,9.068,5.928,811.915,71.309,,38.862,,12.524,3.437,30.88,118.903,10.443,351.595,,16.829,12.675,3.537,31.457,121.218,10.646,358.163,,17.144,,,21.053,0.1,0.577,2.315,0.203,6.568,,0.314,10.036,6.402,70.188,,,799.154,19.66,1.235,85.563,7.515,,38.252,0.0,0.0,,,0.0,0.0,,0.0,,,0.0,,183.491,12.524,3.437,30.88,118.903,10.443,351.595,,16.829,,0.0,0.0,0.0,0.0,0.0,,0.0,,0.0,0.0,0.0,0.0,0.0,,0.0
Pakistan,1983,PAK,91080376.0,195559358464.0,,,,,,,,,,13.466,1.419,131.265,11.956,,,2.825,0.261,104.415,9.51,,6.095,,,,6.901,12.662,2153.622,1.003,4.982,7.574,,,1752.384,159.608,,81.369,-1.405,-1.002,70.307,,,771.923,-1.405,-1.002,771.923,70.307,,35.843,,15.827,4.887,35.767,132.805,12.096,392.702,,18.234,16.189,5.088,36.545,135.813,12.37,401.238,,18.631,,,34.783,0.201,0.777,3.008,0.274,8.536,,0.396,10.197,7.157,77.345,,,849.196,8.248,0.62,89.313,8.135,,39.431,0.0,0.0,,,0.0,0.0,,0.0,,,0.0,,196.153,15.827,4.887,35.767,132.805,12.096,392.702,,18.234,,0.0,0.0,0.0,0.0,0.0,,0.0,,0.0,0.0,0.0,0.0,0.0,,0.0
Pakistan,1984,PAK,94003880.0,203232804864.0,,,,,,,,,,13.424,1.605,144.256,13.561,,,26.923,2.56,128.405,12.071,,6.532,,,,5.831,11.437,2208.313,1.021,6.245,9.967,,,1803.917,169.575,,81.688,2.613,1.837,72.144,,,767.458,2.613,1.837,767.458,72.144,,34.753,,3.654,1.307,37.074,133.376,12.538,394.391,,17.859,4.037,1.47,38.015,136.902,12.869,404.396,,18.312,,,20.968,0.163,0.941,3.526,0.331,10.005,,0.453,8.437,6.526,83.871,,,892.204,30.746,2.501,113.141,10.636,,40.402,0.0,0.0,,,0.0,0.0,,0.0,,,0.0,,207.59,3.654,1.307,37.074,133.376,12.538,394.391,,17.859,,0.0,0.0,0.0,0.0,0.0,,0.0,,0.0,0.0,0.0,0.0,0.0,,0.0
Pakistan,1985,PAK,97121552.0,220940075008.0,,,,,,,,,,13.465,1.826,158.425,15.386,,,-5.195,-0.627,117.827,11.444,,7.053,,28.825,13.213,5.094,10.574,2246.296,0.987,5.292,8.973,,,1838.403,178.549,,81.841,2.083,1.503,73.647,,,758.297,2.083,1.503,758.297,73.647,,33.758,,3.877,1.437,38.512,134.1,13.024,396.531,45.183,17.653,4.224,1.601,39.615,138.104,13.413,407.894,46.532,18.159,,,17.333,0.163,1.104,4.004,0.389,11.362,1.349,0.506,6.73,5.644,89.515,,,921.68,104.425,11.106,223.864,21.742,,41.031,0.0,0.0,,,0.0,0.0,,0.0,0.0,,0.0,296.793,218.164,3.877,1.437,38.512,134.1,13.024,396.531,45.183,17.653,,0.0,0.0,0.0,0.0,0.0,0.0,0.0,,0.0,0.0,0.0,0.0,0.0,0.0,0.0
Pakistan,1986,PAK,100618520.0,234955259904.0,,,,,,,,,,13.454,2.07,173.493,17.457,,,-6.393,-0.732,106.461,10.712,,7.549,,32.348,13.989,5.994,13.076,2298.183,0.984,8.05,14.373,,,1917.356,192.922,,83.429,7.256,5.344,78.991,,,785.054,7.256,5.344,785.054,78.991,,34.16,,-4.377,-1.686,36.826,123.773,12.454,365.996,38.5,15.925,-3.229,-1.297,38.318,129.0,12.98,380.827,40.125,16.571,,,35.227,0.389,1.492,5.227,0.526,14.831,1.626,0.645,7.774,6.959,96.474,,,958.809,19.914,4.33,259.114,26.072,,41.72,0.0,0.0,,,0.0,0.0,,0.0,0.0,,0.0,321.492,231.24,-4.377,-1.686,36.826,123.773,12.454,365.996,38.5,15.925,,0.0,0.0,0.0,0.0,0.0,0.0,0.0,,0.0,0.0,0.0,0.0,0.0,0.0,0.0
Pakistan,1987,PAK,104251096.0,248712724480.0,,,,,,,,,,13.524,2.361,190.094,19.818,,,17.561,1.881,120.796,12.593,,7.64,,36.347,14.013,12.172,28.147,2488.094,1.043,8.906,17.182,,,2015.364,210.104,,81.0,7.082,5.594,84.585,,,811.363,7.082,5.594,811.363,84.585,,32.61,,31.476,11.591,48.417,157.062,16.374,464.43,45.049,18.666,28.498,10.964,49.283,159.987,16.679,472.73,45.888,19.0,,,-42.017,-0.627,0.865,2.925,0.305,8.3,0.839,0.334,9.564,9.227,105.701,,,1013.906,0.0,0.0,250.085,26.072,,40.75,0.0,0.0,,,0.0,0.0,,0.0,0.0,,0.0,348.649,259.387,31.476,11.591,48.417,157.062,16.374,464.43,45.049,18.666,,0.0,0.0,0.0,0.0,0.0,0.0,0.0,,0.0,0.0,0.0,0.0,0.0,0.0,0.0
Pakistan,1988,PAK,107967840.0,264731820032.0,,,,,,,,,,4.577,0.907,191.952,20.725,,,12.033,1.515,130.673,14.108,,7.521,,40.671,14.759,6.236,16.174,2552.25,1.041,6.734,14.149,,,2077.031,224.253,,81.38,6.022,5.093,89.679,,,830.608,6.022,5.093,830.608,89.679,,32.544,,4.831,2.339,50.757,158.982,17.165,470.108,42.204,18.419,4.081,2.026,51.308,160.783,17.359,475.219,42.683,18.62,,,-36.232,-0.314,0.552,1.801,0.194,5.11,0.478,0.2,7.709,8.148,113.849,,,1054.471,7.41,1.932,259.369,28.003,,41.315,0.0,0.0,,,0.0,0.0,,0.0,0.0,,0.0,376.696,275.561,4.831,2.339,50.757,158.982,17.165,470.108,42.204,18.419,,0.0,0.0,0.0,0.0,0.0,0.0,0.0,,0.0,0.0,0.0,0.0,0.0,0.0,0.0
Pakistan,1989,PAK,111670392.0,277371092992.0,,,,,,,,,,9.54,1.977,203.293,22.702,,,0.741,0.105,127.276,14.213,,7.768,,42.806,14.647,6.055,16.684,2617.031,1.054,7.168,16.074,,,2152.105,240.326,,82.235,6.611,5.929,95.607,,,856.158,6.611,5.929,856.158,95.607,,32.715,,1.622,0.823,51.58,156.204,17.443,461.894,40.75,17.65,1.171,0.61,51.918,157.273,17.563,464.926,41.029,17.765,,,-38.636,-0.213,0.339,1.069,0.119,3.032,0.279,0.116,7.175,8.168,122.017,,,1092.654,6.353,1.779,266.7,29.783,,41.752,0.0,0.0,,,0.0,0.0,,0.0,0.0,,0.0,383.325,292.245,1.622,0.823,51.58,156.204,17.443,461.894,40.75,17.65,,0.0,0.0,0.0,0.0,0.0,0.0,0.0,,0.0,0.0,0.0,0.0,0.0,0.0,0.0
Pakistan,1990,PAK,115414072.0,290069544960.0,,,,,,,,,,5.994,1.361,208.488,24.062,,,3.676,0.523,127.675,14.736,,7.876,,45.985,15.052,4.535,13.253,2646.973,1.053,5.6,13.459,,,2198.911,253.785,,83.073,6.812,6.513,102.12,,,884.818,6.812,6.513,884.818,102.12,,33.428,,-2.052,-1.059,50.521,148.036,17.085,437.74,37.154,16.537,-0.327,-0.206,51.713,151.673,17.505,448.062,38.067,16.927,,,251.852,0.853,1.191,3.638,0.42,10.322,0.913,0.39,4.577,5.585,127.602,,,1105.605,29.075,8.659,333.077,38.442,,41.769,0.0,0.0,,,0.0,0.0,,0.0,0.0,,0.0,398.435,305.498,-2.052,-1.059,50.521,148.036,17.085,437.74,37.154,16.537,,0.0,0.0,0.0,0.0,0.0,0.0,0.0,,0.0,0.0,0.0,0.0,0.0,0.0,0.0
Pakistan,1991,PAK,119203576.0,311483367424.0,,,,,,,,,,-1.015,-0.244,199.811,23.818,,,0.355,0.052,124.055,14.788,,7.358,,50.22,15.514,5.958,18.203,2715.528,1.039,5.777,14.661,,,2252.001,268.447,,82.93,8.013,8.183,110.303,,,925.337,8.013,8.183,925.337,110.303,,34.076,,7.01,3.541,54.063,153.377,18.283,453.533,36.406,16.701,6.842,3.541,55.254,156.899,18.703,463.527,37.242,17.07,,,0.0,0.0,1.191,3.522,0.42,9.994,0.836,0.368,5.268,6.722,134.325,,,1126.852,2.192,0.843,329.557,39.284,,41.497,0.0,0.0,,,0.0,0.0,,0.0,0.0,,0.0,421.296,323.701,7.01,3.541,54.063,153.377,18.283,453.533,36.406,16.701,,0.0,0.0,0.0,0.0,0.0,0.0,0.0,,0.0,0.0,0.0,0.0,0.0,0.0,0.0
Pakistan,1992,PAK,122375176.0,327814348800.0,,,,,,,,,,2.686,0.64,199.86,24.458,,,5.3,0.784,127.245,15.572,,7.193,,53.575,15.756,5.044,16.328,2778.575,1.037,4.112,11.038,,,2283.834,279.485,,82.194,-1.893,-2.088,108.216,,,884.297,-1.893,-2.088,884.297,108.216,,31.826,,9.089,4.914,58.976,162.98,19.945,481.931,37.228,17.345,9.594,5.29,60.544,167.495,20.497,494.74,38.259,17.806,,,31.579,0.376,1.568,4.514,0.552,12.809,1.031,0.461,9.295,12.486,146.811,,,1199.678,-0.11,-0.043,320.663,39.241,,43.176,0.0,0.0,,,0.0,0.0,,0.0,0.0,,0.0,437.793,340.029,9.089,4.914,58.976,162.98,19.945,481.931,37.228,17.345,,0.0,0.0,0.0,0.0,0.0,0.0,0.0,,0.0,0.0,0.0,0.0,0.0,0.0,0.0
Pakistan,1993,PAK,125546624.0,338978439168.0,,,,,,,,,,4.993,1.221,204.538,25.679,,,5.705,0.888,131.106,16.46,,6.824,,57.012,15.15,10.671,36.285,2997.401,1.11,11.027,30.818,,,2471.615,310.303,,82.459,15.123,16.366,124.582,,,992.317,15.123,16.366,992.317,124.582,,33.106,,9.971,5.881,64.857,174.704,21.933,516.597,38.472,17.235,8.991,5.467,66.011,177.942,22.34,525.787,39.185,17.541,,,-26.4,-0.414,1.154,3.239,0.407,9.189,0.713,0.307,9.012,13.231,160.042,,,1274.76,-2.565,-1.007,304.545,38.235,,42.529,0.0,0.0,,,0.0,0.0,,0.0,0.0,,0.0,454.11,376.314,9.971,5.881,64.857,174.704,21.933,516.597,38.472,17.235,,0.0,0.0,0.0,0.0,0.0,0.0,0.0,,0.0,0.0,0.0,0.0,0.0,0.0,0.0
Pakistan,1994,PAK,129245136.0,356454498304.0,,,,,,,,,,-0.725,-0.186,197.245,25.493,,,-4.127,-0.679,122.098,15.781,,6.547,,57.923,14.876,3.473,13.068,3012.739,1.092,4.433,13.756,,,2507.323,324.059,,83.224,1.944,2.421,127.003,,,982.656,1.944,2.421,982.656,127.003,,32.617,,-1.854,-1.202,63.655,166.559,21.527,492.512,37.165,16.348,-1.009,-0.688,65.323,171.106,22.115,505.417,38.179,16.776,,,44.565,0.514,1.668,4.548,0.588,12.904,1.015,0.428,7.199,11.521,171.563,,,1327.422,-7.775,-2.973,272.829,35.262,,44.06,0.0,0.0,,,0.0,0.0,,0.0,0.0,,0.0,448.164,389.382,-1.854,-1.202,63.655,166.559,21.527,492.512,37.165,16.348,,0.0,0.0,0.0,0.0,0.0,0.0,0.0,,0.0,0.0,0.0,0.0,0.0,0.0,0.0
Pakistan,1995,PAK,133117480.0,376967626752.0,,,,,,,,,,0.821,0.209,193.08,25.702,,,4.967,0.784,124.434,16.564,,6.258,,63.75,15.523,5.47,21.298,3085.091,1.089,5.517,17.879,,,2568.695,341.938,,83.262,2.564,3.257,130.26,,,978.534,2.564,3.257,978.534,130.26,,31.718,,5.666,3.607,67.262,170.877,22.747,505.28,35.681,16.378,5.216,3.419,68.741,174.794,23.268,516.396,36.499,16.738,,,-11.278,-0.188,1.48,3.918,0.521,11.116,0.818,0.36,8.401,14.413,185.976,,,1397.081,6.62,2.334,282.428,37.596,,45.285,0.0,0.0,,,0.0,0.0,,0.0,0.0,,0.0,478.9,410.68,5.666,3.607,67.262,170.877,22.747,505.28,35.681,16.378,,0.0,0.0,0.0,0.0,0.0,0.0,0.0,,0.0,0.0,0.0,0.0,0.0,0.0,0.0
Pakistan,1996,PAK,137234816.0,391435223040.0,,,,,,,,,,1.357,0.349,189.829,26.051,,,9.148,1.515,131.743,18.08,,5.956,,67.565,15.446,6.513,26.747,3187.431,1.117,6.21,21.235,,,2646.364,363.173,,83.025,8.654,11.273,141.533,,,1031.316,8.654,11.273,1031.316,141.533,,32.356,,9.015,6.064,73.325,180.692,24.797,534.305,36.701,16.763,7.977,5.512,74.253,183.075,25.124,541.067,37.185,16.975,,,-37.288,-0.552,0.928,2.383,0.327,6.762,0.484,0.212,5.169,9.614,195.59,,,1425.219,-5.522,-2.076,258.826,35.52,,44.714,0.0,0.0,,,0.0,0.0,,0.0,0.0,,0.0,492.331,437.426,9.015,6.064,73.325,180.692,24.797,534.305,36.701,16.763,,0.0,0.0,0.0,0.0,0.0,0.0,0.0,,0.0,0.0,0.0,0.0,0.0,0.0,0.0
Pakistan,1997,PAK,141330272.0,402359549952.0,,,,,,,,,,-6.518,-1.698,172.314,24.353,,,-9.249,-1.672,116.094,16.408,,5.759,,62.481,14.775,-3.324,-14.542,2992.172,1.051,1.07,3.886,,,2597.173,367.059,,86.799,-0.295,-0.417,141.115,,,998.477,-0.295,-0.417,998.477,141.115,,33.37,,-25.61,-18.779,54.546,130.521,18.447,385.949,29.523,12.899,-24.785,-18.428,55.825,133.711,18.897,395.0,30.245,13.201,,,37.838,0.351,1.279,3.19,0.451,9.05,0.721,0.302,3.068,6.001,201.591,,,1426.381,3.209,1.14,259.391,36.66,,47.67,0.0,0.0,,,0.0,0.0,,0.0,0.0,,0.0,442.092,422.885,-25.61,-18.779,54.546,130.521,18.447,385.949,29.523,12.899,,0.0,0.0,0.0,0.0,0.0,0.0,0.0,,0.0,0.0,0.0,0.0,0.0,0.0,0.0
Pakistan,1998,PAK,145476112.0,419024863232.0,,,,,,,,,,0.096,0.023,167.563,24.376,,,5.732,0.941,119.251,17.348,,5.371,,66.396,14.63,7.322,30.964,3119.748,1.083,3.92,14.387,,,2622.054,381.446,,84.047,5.325,7.515,148.63,,,1021.68,5.325,7.515,1021.68,148.63,,32.749,,30.69,16.74,71.287,165.717,24.108,490.023,36.309,15.707,29.654,16.577,72.403,168.42,24.501,497.694,36.902,15.953,,,-12.745,-0.163,1.116,2.704,0.393,7.672,0.592,0.246,3.397,6.849,208.44,,,1432.811,-3.012,-1.104,244.41,35.556,,45.927,0.0,0.0,,,0.0,0.0,,0.0,0.0,,0.0,456.405,453.849,30.69,16.74,71.287,165.717,24.108,490.023,36.309,15.707,,0.0,0.0,0.0,0.0,0.0,0.0,0.0,,0.0,0.0,0.0,0.0,0.0,0.0,0.0
Pakistan,1999,PAK,149694464.0,440333205504.0,,,,,,,,,,0.048,0.012,162.919,24.388,,,-0.301,-0.052,115.542,17.296,,5.148,,65.302,13.785,4.379,19.873,3164.593,1.076,7.461,28.461,,,2738.29,409.907,,86.529,14.045,20.875,169.505,,,1132.34,14.045,20.875,1132.34,169.505,,35.782,,-10.797,-7.697,63.589,143.658,21.505,424.795,32.931,13.423,-11.905,-8.587,63.815,144.189,21.584,426.303,33.053,13.471,,,-79.775,-0.89,0.226,0.531,0.08,1.508,0.122,0.048,3.634,7.574,216.014,,,1443.031,-1.995,-0.709,232.784,34.846,,45.599,0.0,0.0,,,0.0,0.0,,0.0,0.0,,0.0,436.235,473.722,-10.797,-7.697,63.589,143.658,21.505,424.795,32.931,13.423,,0.0,0.0,0.0,0.0,0.0,0.0,0.0,,0.0,0.0,0.0,0.0,0.0,0.0,0.0
Pakistan,2000,PAK,154369920.0,459798544384.0,,,,,4.988,0.77,1.215,,411.356,-3.29,-0.802,152.786,23.586,3.433,0.53,-2.417,-0.418,109.334,16.878,0.836,4.876,63.4,63.4,13.106,2.118,10.032,3133.734,1.052,3.973,16.286,292.997,45.23,2760.854,426.193,71.341,88.101,5.911,10.02,179.525,192.006,29.64,1162.953,5.911,10.02,1162.953,179.525,46.751,37.111,26.08,-18.352,-11.67,51.92,110.255,17.02,336.333,26.845,10.733,-9.978,-6.254,57.561,117.704,18.17,372.88,28.659,11.899,0.0,0.0,1088.889,2.458,2.684,2.462,0.38,17.384,0.599,0.555,3.272,7.068,223.082,97.558,15.06,1445.115,1.71,0.596,229.593,35.442,23.754,46.115,2.958,0.77,0.0,,2.958,4.988,0.0,19.163,1.215,0.0,0.612,410.702,483.754,-14.043,-8.712,54.878,115.243,17.79,355.496,28.06,11.344,,0.0,0.0,0.0,0.0,0.0,0.0,0.0,,0.0,0.0,0.0,0.0,0.0,0.0,0.0
Pakistan,2001,PAK,159217728.0,477964500992.0,,,,,4.962,0.79,1.147,,396.078,3.797,0.896,153.759,24.481,3.454,0.55,0.929,0.157,106.99,17.035,0.799,4.944,68.85,68.85,13.905,2.356,11.396,3109.893,1.036,1.538,6.555,297.266,47.33,2717.964,432.748,68.744,87.397,5.581,10.02,189.545,196.649,31.31,1190.477,5.581,10.02,1190.477,189.545,45.476,38.28,27.27,4.178,1.818,53.738,117.763,18.75,337.511,27.233,10.853,9.363,4.841,62.402,135.161,21.52,391.93,31.256,12.603,0.0,0.0,120.561,3.197,5.88,12.436,1.98,36.934,2.876,1.188,-1.955,-4.36,218.722,97.163,15.47,1373.728,10.736,3.805,246.5,39.247,22.469,44.173,2.784,0.79,0.0,-5.892,-0.174,4.962,0.0,17.485,1.147,0.0,0.562,432.427,495.15,3.673,1.644,56.522,122.725,19.54,354.996,28.381,11.415,,0.0,0.0,0.0,0.0,0.0,0.0,0.0,,0.0,0.0,0.0,0.0,0.0,0.0,0.0
Pakistan,2002,PAK,163262800.0,504824791040.0,,,,,5.023,0.82,1.132,,380.453,12.114,2.966,168.114,27.447,3.369,0.55,7.055,1.202,111.7,18.237,0.759,5.339,72.44,72.44,14.09,3.829,18.959,3148.968,1.018,3.094,13.388,292.106,47.69,2732.627,446.136,65.834,86.778,8.414,15.949,205.493,193.247,31.55,1258.667,8.414,15.949,1258.667,205.493,43.553,39.971,27.56,11.621,5.858,59.596,135.548,22.13,365.029,30.549,11.592,9.527,5.571,67.973,151.596,24.75,416.341,34.166,13.222,0.0,0.0,-9.11,-0.57,5.31,11.025,1.8,32.526,2.485,1.033,-2.526,-5.526,213.196,95.49,15.59,1305.845,6.969,2.735,257.146,41.982,21.521,41.469,3.067,0.82,0.0,10.171,0.283,5.023,0.0,18.786,1.132,0.0,0.597,443.702,514.109,11.555,6.141,62.663,140.571,22.95,383.815,31.681,12.189,,0.0,0.0,0.0,0.0,0.0,0.0,0.0,,0.0,0.0,0.0,0.0,0.0,0.0,0.0
Pakistan,2003,PAK,166876672.0,543920422912.0,,,,,4.914,0.82,1.058,,360.867,28.335,7.777,211.077,35.224,3.356,0.56,-4.327,-0.789,104.553,17.447,0.723,6.291,77.55,77.48,13.838,8.912,45.817,3355.333,1.029,7.583,33.83,288.716,48.18,2876.176,479.967,62.184,85.72,24.337,50.01,255.504,190.979,31.87,1531.094,24.337,50.01,1531.094,255.504,41.133,45.632,27.96,20.472,11.74,71.336,159.819,26.67,427.476,34.422,12.74,18.342,11.987,79.96,175.579,29.3,479.157,37.816,14.28,0.07,0.09,0.466,-0.009,5.301,10.846,1.81,31.765,2.336,0.947,-11.237,-23.957,189.239,94.381,15.75,1134.005,-6.111,-2.565,236.204,39.417,20.328,33.797,3.323,0.82,0.0,8.358,0.256,4.914,0.0,19.915,1.058,0.0,0.594,464.295,559.927,19.927,11.996,74.659,164.732,27.49,447.391,35.48,13.334,,0.0,0.0,0.0,0.0,0.0,0.0,0.0,,0.0,0.0,0.0,0.0,0.0,0.0,0.0
Pakistan,2004,PAK,170648624.0,592025878528.0,,,,,5.45,0.93,1.146,,376.879,11.515,4.056,230.179,39.28,3.575,0.61,1.647,0.287,103.926,17.735,0.752,6.304,81.25,81.14,13.023,11.276,63.135,3651.14,1.052,11.967,57.436,309.818,52.87,3149.176,537.402,65.159,86.252,20.063,51.262,306.766,204.983,34.98,1797.647,20.063,51.262,1797.647,306.766,43.111,49.235,30.58,6.58,4.21,75.545,148.902,25.41,442.696,31.316,12.125,7.857,5.699,85.659,165.662,28.27,501.964,34.841,13.748,0.11,0.135,26.788,1.377,6.678,11.31,1.93,39.133,2.379,1.072,1.119,2.118,191.357,101.261,17.28,1121.35,3.509,1.383,239.088,40.8,21.297,30.712,3.436,0.93,0.0,3.391,0.113,5.45,0.0,20.135,1.146,0.0,0.551,475.48,623.062,6.45,4.322,78.981,154.352,26.34,462.831,32.462,12.676,,0.0,0.0,0.0,0.0,0.0,0.0,0.0,,0.0,0.0,0.0,0.0,0.0,0.0,0.0
Pakistan,2005,PAK,174372096.0,641139081216.0,,,,,5.563,0.97,1.082,,360.482,11.02,4.329,250.089,43.609,3.728,0.65,2.74,0.486,104.494,18.221,0.725,6.745,89.78,89.63,13.864,3.759,23.422,3707.498,1.008,2.643,14.203,319.432,55.7,3163.379,551.605,62.144,85.324,6.303,19.336,326.102,211.272,36.84,1870.149,6.303,19.336,1870.149,326.102,41.102,50.442,32.31,17.103,12.36,87.906,175.2,30.55,504.127,34.085,13.598,11.883,9.22,94.879,194.584,33.93,544.119,37.856,14.676,0.15,0.167,5.088,0.295,6.973,13.821,2.41,39.991,2.689,1.079,-4.945,-9.462,181.895,104.432,18.21,1043.141,2.929,1.195,240.836,41.995,20.317,28.136,0.0,0.97,0.0,-100.0,-3.436,5.563,0.0,0.0,1.082,0.0,0.0,514.016,646.484,12.484,8.924,87.906,180.763,31.52,504.127,35.167,13.598,,0.0,0.0,0.0,0.0,0.0,0.0,0.0,,0.0,0.0,0.0,0.0,0.0,0.0,0.0
Pakistan,2006,PAK,178069984.0,685964984320.0,,,,,5.784,1.03,1.092,,363.376,5.959,2.599,259.489,46.207,3.819,0.68,14.869,2.709,117.539,20.93,0.721,6.782,94.48,94.31,13.842,5.39,34.848,3826.202,0.993,6.66,36.735,331.892,59.1,3303.98,588.34,62.666,86.351,2.175,7.093,333.195,219.577,39.1,1871.145,2.175,7.093,1871.145,333.195,41.459,48.903,34.27,-1.462,-1.83,86.076,177.627,31.63,483.383,33.538,12.633,-1.365,-1.887,92.992,197.731,35.21,522.223,37.334,13.649,0.17,0.18,-0.192,-0.057,6.916,14.32,2.55,38.84,2.704,1.015,14.867,27.043,208.938,108.497,19.32,1173.345,0.058,0.025,235.973,42.02,20.486,30.666,0.0,1.03,0.0,,0.0,5.784,0.0,0.0,1.092,0.0,0.0,529.623,681.332,-1.462,-1.83,86.076,183.411,32.66,483.383,34.63,12.633,,0.0,0.0,0.0,0.0,0.0,0.0,0.0,,0.0,0.0,0.0,0.0,0.0,0.0,0.0
Pakistan,2007,PAK,181924528.0,719251898368.0,,,,,6.101,1.11,1.223,,375.964,36.833,17.02,347.545,63.227,3.738,0.68,-7.789,-1.63,106.087,19.3,0.749,8.728,90.98,90.78,12.532,6.323,43.079,3981.929,1.007,6.834,40.206,323.98,58.94,3454.977,628.545,64.926,86.766,1.443,4.808,338.003,214.32,38.99,1857.927,1.443,4.808,1857.927,338.003,42.95,46.659,34.13,4.72,3.499,89.575,156.219,28.42,492.377,31.306,12.365,3.7,2.873,95.865,175.018,31.84,526.952,35.074,13.234,0.2,0.22,-8.491,-0.627,6.289,12.698,2.31,34.572,2.545,0.868,8.796,18.378,227.316,105.923,19.27,1249.505,7.729,3.248,248.824,45.267,21.227,31.379,0.0,1.11,0.0,,0.0,6.101,0.0,0.0,1.223,0.0,0.0,498.998,724.411,4.721,3.5,89.576,162.32,29.53,492.38,32.529,12.365,,0.001,0.001,0.0,0.0,0.003,0.0,0.0,,0.0,0.0,0.0,0.0,0.0,0.0,0.0
Pakistan,2008,PAK,185931952.0,746909335552.0,,,,,6.239,1.16,1.322,,378.32,10.195,6.446,374.724,69.673,3.55,0.66,7.689,1.484,111.782,20.784,0.752,9.571,87.96,87.73,12.051,0.495,3.588,3915.401,0.975,2.85,17.914,308.285,57.32,3476.857,646.459,65.337,88.8,2.389,8.074,346.076,203.946,37.92,1861.305,2.389,8.074,1861.305,346.076,43.224,47.538,33.19,-13.699,-12.751,76.824,147.957,27.51,413.185,31.358,10.553,-14.441,-14.326,81.539,163.554,30.41,438.544,34.663,11.2,0.23,0.261,-24.636,-1.579,4.711,9.358,1.74,25.335,1.983,0.647,1.493,3.394,230.71,100.79,18.74,1240.828,-8.654,-3.917,222.393,41.35,21.361,31.691,0.0,1.16,0.0,,0.0,6.239,0.0,0.0,1.322,0.0,0.0,471.839,727.998,-13.695,-12.747,76.829,154.196,28.67,413.209,32.68,10.553,684.158,0.004,0.004,0.0,0.0,0.024,0.0,0.001,,0.0,0.0,0.0,0.0,0.0,0.0,0.0
Pakistan,2009,PAK,190123232.0,774875316224.0,,,,,6.469,1.23,1.333,,379.77,-17.765,-12.377,301.362,57.296,3.682,0.7,-11.766,-2.445,96.455,18.338,0.759,7.768,92.49,92.24,12.506,1.318,9.596,3879.56,0.952,0.623,4.025,318.478,60.55,3421.38,650.484,65.644,88.19,0.272,0.941,347.017,210.705,40.06,1825.22,0.272,0.941,1825.22,347.017,43.43,47.047,35.03,5.145,3.454,80.279,146.274,27.81,422.245,30.15,10.884,7.589,5.571,87.111,166.681,31.69,458.18,34.356,11.81,0.25,0.27,45.622,2.107,6.817,13.886,2.64,35.857,2.862,0.924,6.702,15.462,246.171,104.09,19.79,1294.798,-2.14,-0.885,212.836,40.465,21.455,33.375,0.0,1.23,0.0,,0.0,6.469,0.0,0.0,1.333,0.0,0.0,485.159,737.594,5.159,3.465,80.293,152.796,29.05,422.323,31.494,10.886,236.364,0.01,0.015,0.0,0.0,0.078,0.0,0.002,,0.0,0.0,0.053,0.01,0.0,0.011,0.0
Pakistan,2010,PAK,194454496.0,805483315200.0,,,,,5.605,1.09,1.154,,363.713,-6.016,-3.447,276.922,53.849,3.188,0.62,-4.06,-0.745,90.478,17.594,0.656,7.269,94.74,94.47,12.753,0.429,3.166,3809.428,0.92,0.112,0.729,305.007,59.31,3348.921,651.213,62.782,87.911,1.864,6.467,353.484,202.67,39.41,1817.823,1.864,6.467,1817.823,353.484,41.717,47.719,34.36,3.702,2.461,82.74,161.94,31.49,425.498,33.333,11.17,3.421,2.437,89.548,180.814,35.16,460.507,37.218,12.089,0.27,0.285,-0.073,-0.047,6.77,13.165,2.56,34.818,2.71,0.914,-0.931,-2.291,243.88,99.149,19.28,1254.176,3.969,1.606,216.355,42.071,20.409,32.923,0.0,1.09,0.0,,0.0,5.605,0.0,0.0,1.154,0.0,0.0,485.821,740.76,3.73,2.484,82.777,167.648,32.6,425.689,34.508,11.175,152.027,0.022,0.037,0.051,0.01,0.192,0.011,0.005,,0.0,0.0,0.051,0.01,0.0,0.011,0.0
Pakistan,2011,PAK,198602736.0,845085933568.0,,,,,5.488,1.09,1.149,,375.409,-13.781,-7.421,233.772,46.428,3.122,0.62,-4.158,-0.732,84.904,16.862,0.654,6.272,95.1,94.83,12.81,-0.067,-0.498,3727.354,0.876,-0.899,-5.857,310.268,61.62,3249.482,645.356,64.979,87.179,-0.025,-0.087,353.396,205.939,40.9,1779.414,-0.025,-0.087,1779.414,353.396,43.13,47.739,35.6,2.631,1.659,84.399,142.143,28.23,424.966,29.769,11.401,6.788,5.359,94.907,167.218,33.21,477.872,35.021,12.821,0.27,0.284,55.046,3.663,10.433,19.335,3.84,52.533,4.049,1.409,0.677,1.652,245.532,101.207,20.1,1236.296,1.486,0.625,214.983,42.696,21.196,33.168,0.0,1.09,0.0,,0.0,5.488,0.0,0.0,1.149,0.0,0.0,477.486,740.263,2.675,1.696,84.473,147.883,29.37,425.339,30.971,11.411,99.806,0.037,0.074,0.151,0.03,0.373,0.032,0.01,,0.0,0.0,0.101,0.02,0.0,0.021,0.0
Pakistan,2012,PAK,202205856.0,884405436416.0,,,,,5.242,1.06,1.081,,364.424,1.423,0.661,232.874,47.088,2.967,0.6,-5.795,-0.977,78.559,15.885,0.612,6.846,98.48,98.1,14.262,-7.082,-52.427,3401.662,0.778,0.873,5.637,307.261,62.13,3219.455,650.993,63.333,94.644,3.559,12.576,365.972,207.808,42.02,1809.9,3.559,12.576,1809.9,365.972,42.834,53.206,35.75,-64.874,-54.933,29.466,146.188,29.56,145.724,30.133,4.284,-60.805,-58.063,36.843,177.888,35.97,182.207,36.667,5.356,0.38,0.386,-31.109,-3.289,7.144,26.063,5.27,35.331,5.372,1.039,-3.095,-7.6,237.932,96.486,19.51,1176.682,7.537,3.218,227.068,45.914,19.888,34.591,0.0,1.06,0.0,,0.0,5.242,0.0,0.0,1.081,0.0,0.0,485.149,687.836,-64.627,-54.774,29.699,151.825,30.7,146.877,31.295,4.318,145.881,0.107,0.181,0.346,0.07,0.895,0.071,0.026,,0.052,0.052,0.049,0.01,0.258,0.01,0.008
Pakistan,2013,PAK,205337552.0,931154821120.0,,,,,5.698,1.17,1.115,,368.817,-20.776,-9.783,181.678,37.305,3.166,0.65,-1.76,-0.28,75.999,15.606,0.619,4.963,105.35,104.93,13.958,9.291,63.906,3661.008,0.807,0.458,2.982,327.607,67.27,3184.874,653.974,64.109,86.994,-2.764,-10.115,355.857,221.538,45.49,1733.036,-2.764,-10.115,1733.036,355.857,43.353,47.338,38.7,192.986,56.346,85.812,153.649,31.55,417.908,30.068,11.415,166.079,60.925,97.768,183.405,37.66,476.133,35.891,13.006,0.42,0.399,56.997,4.004,11.148,21.428,4.4,54.293,4.193,1.483,9.616,22.88,260.812,102.904,21.13,1270.161,13.198,6.06,253.117,51.974,20.137,34.694,0.0,1.17,0.0,,0.0,5.698,0.0,0.0,1.115,0.0,0.0,511.012,751.742,193.423,56.92,86.62,161.977,33.26,421.84,31.697,11.523,119.63,0.214,0.395,0.682,0.14,1.923,0.133,0.053,696.693,0.36,0.413,1.948,0.4,2.009,0.381,0.055
Pakistan,2014,PAK,208251632.0,981580447744.0,,,,,6.194,1.29,1.202,,361.934,47.425,17.692,264.09,54.997,2.881,0.6,13.26,2.069,84.872,17.675,0.559,7.088,107.78,107.34,13.834,3.218,24.193,3725.951,0.79,3.152,20.616,327.873,68.28,3239.304,674.59,63.611,86.939,-1.683,-5.99,349.867,232.315,48.38,1680.02,-1.683,-5.99,1680.02,349.867,45.072,45.09,38.85,2.828,1.898,87.711,154.381,32.15,421.176,29.952,11.304,4.308,3.577,101.345,187.562,39.06,486.646,36.389,13.061,0.44,0.408,9.553,0.992,12.14,21.993,4.58,58.296,4.267,1.565,3.418,8.915,269.726,92.676,19.3,1295.194,15.471,8.041,288.188,60.016,17.98,34.761,0.0,1.29,0.0,,0.0,6.194,0.0,0.0,1.202,0.0,0.0,515.434,775.935,3.605,2.585,89.205,165.569,34.48,428.35,32.122,11.496,64.337,0.25,0.645,1.152,0.24,3.097,0.224,0.083,107.019,0.436,0.849,3.842,0.8,4.077,0.745,0.109
Pakistan,2015,PAK,210969296.0,1039812853760.0,,,,,6.446,1.36,1.211,,360.132,-1.335,-0.734,257.207,54.263,2.891,0.61,-1.7,-0.3,82.355,17.374,0.543,6.651,112.78,112.32,13.767,5.145,39.924,3867.193,0.785,5.778,38.975,337.348,71.17,3382.317,713.565,63.364,87.462,4.423,15.475,365.342,240.462,50.73,1731.73,0.174,0.609,1661.264,350.476,45.166,44.78,40.45,1.245,0.564,88.274,162.536,34.29,418.422,30.529,10.82,1.455,0.949,102.294,195.052,41.15,484.875,36.636,12.538,0.46,0.408,-7.814,-1.015,11.125,20.524,4.33,52.733,3.855,1.364,8.985,24.234,293.961,93.995,19.83,1393.38,-3.902,-2.342,273.374,57.674,17.655,36.031,0.254,1.36,0.0,,0.254,6.446,0.0,1.206,1.211,0.0,0.031,532.4,815.859,2.769,1.964,91.169,174.528,36.82,432.142,32.781,11.175,60.357,0.383,1.028,1.801,0.38,4.874,0.338,0.126,91.02,0.763,1.612,3.745,0.79,7.641,0.703,0.198
Pakistan,2016,PAK,213524848.0,1101753876480.0,,,,,8.289,1.77,1.431,,379.216,14.482,7.858,290.93,62.121,4.871,1.04,23.278,4.044,100.31,21.419,0.841,6.988,124.15,123.65,13.909,8.963,73.129,4163.392,0.807,8.957,63.911,386.7,82.57,3641.151,777.476,66.777,87.456,5.793,21.165,386.507,274.535,58.62,1810.125,-1.053,-3.689,1624.105,346.787,47.408,43.477,46.89,5.486,4.291,92.566,149.21,31.86,433.512,25.766,10.412,9.494,9.218,111.511,192.39,41.08,522.241,33.223,12.544,0.5,0.403,22.882,2.465,13.59,25.477,5.44,63.645,4.4,1.529,11.868,34.888,328.849,107.294,22.91,1540.095,-4.792,-2.764,257.158,54.91,18.528,36.991,1.699,1.77,0.0,568.025,1.445,8.289,0.0,7.957,1.431,0.0,0.191,579.089,888.988,7.791,6.753,97.922,166.913,35.64,458.596,28.823,11.015,17.301,0.171,1.199,3.185,0.68,5.615,0.55,0.135,53.379,0.846,2.458,6.229,1.33,11.511,1.076,0.276
Pakistan,2017,PAK,216379648.0,1160950841344.0,,,,,7.949,1.72,1.307,,412.525,33.805,21.0,384.144,83.121,52.547,11.37,1.757,0.376,100.726,21.795,8.641,8.833,132.14,131.58,13.983,5.851,52.011,4348.83,0.811,6.757,52.534,420.927,91.08,3835.897,830.01,69.22,88.205,5.405,20.889,407.396,265.459,57.44,1882.782,-0.078,-0.272,1601.421,346.515,43.654,43.294,54.28,-12.649,-12.184,80.382,127.785,27.65,371.485,21.014,8.542,0.124,-0.523,110.988,187.171,40.5,512.932,30.78,11.795,0.56,0.424,53.434,7.139,20.729,37.48,8.11,95.798,6.164,2.203,3.237,10.645,339.493,102.921,22.27,1568.97,0.0,,,,16.925,36.078,3.433,1.72,0.0,102.03,1.734,7.949,0.0,15.864,1.307,0.0,0.365,608.098,940.998,-7.607,-7.662,90.259,149.691,32.39,417.134,24.616,9.592,47.091,0.554,1.753,4.252,0.92,8.103,0.699,0.186,92.012,2.234,4.692,9.705,2.1,21.682,1.596,0.499
Pakistan,2018,PAK,219731488.0,1212090548224.0,,,,,7.145,1.57,1.122,,371.623,65.597,54.525,626.43,137.646,51.836,11.39,5.13,1.118,104.278,22.913,8.142,14.175,140.39,139.9,14.407,3.192,30.032,4419.168,0.801,3.235,26.851,400.261,87.95,3899.583,856.861,62.866,88.242,6.991,28.48,435.876,268.282,58.95,1983.676,-1.303,-4.514,1556.45,342.001,42.137,44.888,51.99,-2.398,-2.386,77.996,168.433,37.01,354.958,26.455,8.032,3.575,3.181,114.169,236.425,51.95,519.586,37.134,11.758,0.49,0.349,13.94,2.751,23.48,42.279,9.29,106.859,6.64,2.418,-16.541,-56.155,283.339,80.143,17.61,1289.477,0.0,,,,12.588,29.179,3.289,1.57,0.0,-4.179,-0.143,7.145,0.0,14.969,1.122,0.0,0.339,636.686,971.03,1.079,0.43,90.689,194.146,42.66,412.727,30.493,9.339,9.716,0.159,1.912,4.187,0.92,8.703,0.658,0.197,60.632,2.801,7.492,14.381,3.16,34.097,2.259,0.772
Pakistan,2019,PAK,223293280.0,,,,,,6.404,1.43,1.051,,386.973,13.743,18.916,701.151,156.562,75.551,16.87,60.834,13.939,165.038,36.852,12.402,15.935,136.54,136.03,13.845,1.183,11.486,4400.116,,-0.577,-4.944,387.114,86.44,3815.24,851.917,63.545,86.708,2.031,8.854,444.73,239.909,53.57,1991.684,-4.405,-15.067,1464.147,326.934,39.381,45.264,52.64,22.58,17.259,95.254,157.998,35.28,426.587,25.935,9.695,14.943,16.429,130.599,222.085,49.59,584.876,36.455,13.292,0.51,0.374,-0.711,-0.253,23.227,40.619,9.07,104.021,6.668,2.364,-11.546,-32.713,250.625,71.655,16.0,1122.405,0.0,,,,11.762,25.509,1.973,1.43,0.0,-40.017,-1.316,6.404,0.0,8.836,1.051,0.0,0.201,609.199,982.516,19.193,16.682,107.372,181.465,40.52,480.854,29.788,10.928,-3.122,-0.067,1.846,4.165,0.93,8.266,0.684,0.188,11.175,0.807,8.299,12.898,2.88,37.165,2.117,0.845
Pakistan,2020,PAK,227196736.0,,,,,,6.162,1.4,1.023,,376.899,16.086,25.185,799.958,181.748,72.668,16.51,34.53,12.725,218.211,49.577,12.062,18.599,137.39,136.88,14.007,-0.539,-5.299,4301.192,,-1.743,-14.85,372.144,84.55,3684.327,837.067,61.769,85.658,-7.45,-33.132,411.598,230.593,52.39,1811.636,-6.447,-21.077,1346.223,305.858,38.274,42.119,51.59,10.657,9.764,105.018,164.527,37.38,462.234,27.309,10.747,7.689,9.551,140.15,230.329,52.33,616.865,38.231,14.342,0.51,0.371,3.998,0.84,24.067,42.43,9.64,105.93,7.043,2.463,-2.755,-6.904,243.721,68.883,15.65,1072.733,0.0,,,,11.433,24.94,2.025,1.4,0.0,2.625,0.052,6.162,0.0,8.912,1.023,0.0,0.207,602.473,977.217,8.524,8.711,116.083,187.899,42.69,510.934,31.188,11.879,1.38,0.019,1.864,4.534,1.03,8.206,0.752,0.191,-13.216,-1.123,7.175,12.676,2.88,31.582,2.104,0.734
Pakistan,2021,PAK,231402112.0,,,,,,6.482,1.5,0.999,,366.052,10.46,19.011,867.575,200.759,76.922,17.8,7.894,3.914,231.159,53.491,11.853,18.524,150.68,150.17,13.856,10.906,106.572,4683.573,,11.437,95.736,388.026,89.79,4031.09,932.803,59.792,86.069,9.068,37.323,448.92,238.589,55.21,1940.002,6.79,20.767,1411.5,326.624,36.765,41.421,54.97,-5.889,-6.546,98.472,168.538,39.0,425.544,25.971,9.086,8.519,10.836,150.986,260.931,60.38,652.483,40.208,13.931,0.51,0.338,64.346,15.341,39.409,68.02,15.74,170.303,10.481,3.636,16.167,39.402,283.124,72.514,16.78,1223.513,0.0,,,,11.174,26.123,2.247,1.5,0.0,10.97,0.222,6.482,0.0,9.71,0.999,0.0,0.207,648.957,1083.789,-3.58,-4.505,111.577,192.911,44.64,482.18,29.726,10.295,1.076,0.013,1.878,5.445,1.26,8.114,0.839,0.173,25.627,1.806,8.981,12.446,2.88,38.812,1.918,0.829
Pakistan,2022,PAK,235824864.0,,,,,,7.166,1.69,1.111,,344.155,-11.77,-23.63,751.105,177.129,61.274,14.45,-3.026,-1.618,219.96,51.872,9.496,17.703,152.68,152.17,15.209,-7.681,-83.242,4242.753,,-10.364,-96.673,365.059,86.09,3545.554,836.13,56.575,83.567,-14.493,-65.061,383.859,227.627,53.68,1627.729,-12.19,-39.816,1216.193,286.809,35.276,38.365,52.37,-6.883,-7.112,91.36,154.394,36.41,387.406,23.927,9.131,9.595,13.431,164.417,280.208,66.08,697.199,43.425,16.433,0.51,0.334,41.975,16.338,55.746,95.113,22.43,236.389,14.74,5.572,-2.819,-7.982,275.142,76.158,17.96,1166.72,0.0,,,,11.803,27.499,2.863,1.69,0.0,27.436,0.616,7.166,0.0,12.142,1.111,0.0,0.286,645.267,1000.547,-2.366,-2.907,108.67,185.095,43.65,460.81,28.685,10.861,24.071,0.443,2.321,6.064,1.43,9.842,0.94,0.232,35.511,3.145,12.126,17.471,4.12,51.421,2.707,1.212
Palestine,1997,PSE,2847222.0,15853595648.0,,,,,,,,,,,,,,,,,,0.0,0.0,,,,,,,,955.936,0.172,,,,,,,,,,,,,,,,,0.0,0.0,,,,,,,,,,,,,,,,,,,,,,,,,,,,,,,,,,,,,,0.0,0.0,,,,,,,,,,,,,,,2.722,,,,,,,,,,,,,,,,,,,,,,,,
Palestine,1998,PSE,2950926.0,17641238528.0,,,,,,,,,,,,,,,,,0.0,0.0,0.0,,,,,,58.482,1.592,1461.747,0.245,,,,,,,,,,,,,,,,0.0,0.0,0.0,,,,,,,,,,,,,,,,,,,,,,,,,,,,,,,,,,,,,0.0,0.0,0.0,,,,,,,,,,,,,,,4.314,,,,,,,,,,,,,,,,,,,,,,,,
Palestine,1999,PSE,3044490.0,18589120512.0,,,,,,,,,,,,,,,,,0.0,0.0,0.0,,,,,,1.794,0.077,1442.239,0.236,,,,,,,,,,,,,,,,0.0,0.0,0.0,,,,,,,,,,,,,,,,,,,,,,,,,,,,,,,,,,,,,0.0,0.0,0.0,,,,,,,,,,,,,,,4.391,,,,,,,,,,,,,,,,,,,,,,,,
Palestine,2000,PSE,3139950.0,16535485440.0,,,,,0.0,0.0,,,,,,,,0.0,0.0,,0.0,0.0,0.0,,,2.26,0.0,,31.279,1.373,1835.8,0.349,,,0.0,0.0,,,,,,,,0.0,0.0,,,0.0,0.0,0.0,,,0.0,,,,0.0,0.0,,,,,,,0.0,0.0,,,,2.26,100.0,,,,0.0,0.0,,,,,,,0.0,0.0,,,0.0,0.0,0.0,,,,0.0,0.0,,,0.0,0.0,,,,,0.0,5.764,,,,0.0,0.0,,,,,,,0.0,0.0,,,,,,,0.0,0.0,,,
Palestine,2001,PSE,3230085.0,14595986432.0,,,,,0.0,0.0,0.0,,333.333,,,,,0.0,0.0,,0.0,0.0,0.0,0.0,,2.11,0.03,,35.681,2.057,2421.331,0.536,,,9.288,0.03,,,100.0,,,,,9.288,0.03,,,0.0,0.0,0.0,100.0,,0.01,,,,0.0,0.0,,0.0,,,,,0.0,0.0,,0.0,,2.08,98.578,,,,0.0,0.0,,0.0,,,,,0.0,0.0,,,0.0,0.0,0.0,0.0,,,0.0,0.0,,,0.0,0.0,,0.0,0.0,,9.288,7.821,,,,0.0,0.0,,0.0,,,,,0.0,0.0,,0.0,,,,,0.0,0.0,,0.0,
Palestine,2002,PSE,3309493.0,12429343744.0,,,,,0.0,0.0,0.0,,571.429,,,,,0.0,0.0,,0.0,0.0,0.0,0.0,,2.45,0.14,,-7.406,-0.579,2188.22,0.583,,,42.303,0.14,,,100.0,,,,,21.151,0.07,,,0.0,0.0,0.0,50.0,,0.08,,,,0.0,0.0,,0.0,,,,,0.0,0.0,,0.0,,2.31,94.286,,,,0.0,0.0,,0.0,,,,,21.151,0.07,,,0.0,0.0,0.0,50.0,,,0.0,0.0,,,0.0,0.0,,0.0,0.0,,42.303,7.242,,,,0.0,0.0,,0.0,,,,,0.0,0.0,,0.0,,,,,0.0,0.0,,0.0,
Palestine,2003,PSE,3384195.0,13784762368.0,,,,,0.0,0.0,0.0,,593.75,,,,,0.0,0.0,,0.0,0.0,0.0,0.0,,2.64,0.32,,7.269,0.526,2295.478,0.564,,,94.557,0.32,,,100.0,,,,,47.279,0.16,,,0.0,0.0,0.0,50.0,,0.19,,,,0.0,0.0,,0.0,,,,,0.0,0.0,,0.0,,2.32,87.879,,,,0.0,0.0,,0.0,,,,,47.279,0.16,,,0.0,0.0,0.0,50.0,,,0.0,0.0,,,0.0,0.0,,0.0,0.0,,94.557,7.768,,,,0.0,0.0,,0.0,,,,,0.0,0.0,,0.0,,,,,0.0,0.0,,0.0,
Palestine,2004,PSE,3460130.0,14801525760.0,,,,,0.0,0.0,0.0,,578.947,,,,,0.0,0.0,,0.0,0.0,0.0,0.0,,2.98,0.38,,52.093,4.047,3414.642,0.798,,,109.822,0.38,,,100.0,,,,,54.911,0.19,,,0.0,0.0,0.0,50.0,,0.22,,,,0.0,0.0,,0.0,,,,,0.0,0.0,,0.0,,2.6,87.248,,,,0.0,0.0,,0.0,,,,,54.911,0.19,,,0.0,0.0,0.0,50.0,,,0.0,0.0,,,0.0,0.0,,0.0,0.0,,109.822,11.815,,,,0.0,0.0,,0.0,,,,,0.0,0.0,,0.0,,,,,0.0,0.0,,0.0,
Palestine,2005,PSE,3541198.0,15962718208.0,,,,,0.0,0.0,0.0,,586.957,,,,,0.0,0.0,,0.0,0.0,0.0,0.0,,3.32,0.46,,22.554,2.665,4088.966,0.907,,,129.9,0.46,,,100.0,,,,,64.95,0.23,,,0.0,0.0,0.0,50.0,,0.27,,,,0.0,0.0,,0.0,,,,,0.0,0.0,,0.0,,2.86,86.145,,,,0.0,0.0,,0.0,,,,,64.95,0.23,,,0.0,0.0,0.0,50.0,,,0.0,0.0,,,0.0,0.0,,0.0,0.0,,129.9,14.48,,,,0.0,0.0,,0.0,,,,,0.0,0.0,,0.0,,,,,0.0,0.0,,0.0,
Palestine,2006,PSE,3627671.0,14923433984.0,,,,,0.0,0.0,0.0,,593.75,,,,,0.0,0.0,,0.0,0.0,0.0,0.0,,3.42,0.32,,-11.704,-1.695,3524.347,0.857,,,88.211,0.32,,,100.0,,,,,44.105,0.16,,,0.0,0.0,0.0,50.0,,0.19,,,,0.0,0.0,,0.0,,,,,0.0,0.0,,0.0,,3.1,90.643,,,,0.0,0.0,,0.0,,,,,44.105,0.16,,,0.0,0.0,0.0,50.0,,,0.0,0.0,,,0.0,0.0,,0.0,0.0,,88.211,12.785,,,,0.0,0.0,,0.0,,,,,0.0,0.0,,0.0,,,,,0.0,0.0,,0.0,
Palestine,2007,PSE,3717882.0,15482100736.0,,,,,0.0,0.0,0.0,,600.0,,,,,0.0,0.0,,0.0,0.0,0.0,0.0,,3.59,0.4,,2.991,0.382,3541.695,0.851,,,107.588,0.4,,,100.0,,,,,53.794,0.2,,,0.0,0.0,0.0,50.0,,0.24,,,,0.0,0.0,,0.0,,,,,0.0,0.0,,0.0,,3.19,88.858,,,,0.0,0.0,,0.0,,,,,53.794,0.2,,,0.0,0.0,0.0,50.0,,,0.0,0.0,,,0.0,0.0,,0.0,0.0,,107.588,13.168,,,,0.0,0.0,,0.0,,,,,0.0,0.0,,0.0,,,,,0.0,0.0,,0.0,
Palestine,2008,PSE,3808824.0,15978428416.0,,,,,0.0,0.0,0.0,,600.0,,,,,0.0,0.0,,0.0,0.0,0.0,0.0,,4.26,0.4,,-4.086,-0.538,3315.866,0.79,,,105.019,0.4,,,100.0,,,,,52.51,0.2,,,0.0,0.0,0.0,50.0,,0.24,,,,0.0,0.0,,0.0,,,,,0.0,0.0,,0.0,,3.86,90.61,,,,0.0,0.0,,0.0,,,,,52.51,0.2,,,0.0,0.0,0.0,50.0,,,0.0,0.0,,,0.0,0.0,,0.0,0.0,,105.019,12.63,,,,0.0,0.0,,0.0,,,,,0.0,0.0,,0.0,,,,,0.0,0.0,,0.0,
Palestine,2009,PSE,3899401.0,16895251456.0,,,,,0.0,0.0,0.0,,586.957,,,,,0.0,0.0,,0.0,0.0,0.0,0.0,,4.44,0.46,,2.567,0.324,3321.987,0.767,,,117.967,0.46,,,100.0,,,,,58.983,0.23,,,0.0,0.0,0.0,50.0,,0.27,,,,0.0,0.0,,0.0,,,,,0.0,0.0,,0.0,,3.98,89.64,,,,0.0,0.0,,0.0,,,,,58.983,0.23,,,0.0,0.0,0.0,50.0,,,0.0,0.0,,,0.0,0.0,,0.0,0.0,,117.967,12.954,,,,0.0,0.0,,0.0,,,,,0.0,0.0,,0.0,,,,,0.0,0.0,,0.0,
Palestine,2010,PSE,3992283.0,17771110400.0,,,,,0.0,0.0,0.0,,590.909,,,,,0.0,0.0,,0.0,0.0,0.0,0.0,,4.6,0.44,,-0.049,-0.006,3243.116,0.729,,,110.213,0.44,,,100.0,,,,,55.106,0.22,,,0.0,0.0,0.0,50.0,,0.26,,,,0.0,0.0,,0.0,,,,,0.0,0.0,,0.0,,4.16,90.435,,,,0.0,0.0,,0.0,,,,,55.106,0.22,,,0.0,0.0,0.0,50.0,,,0.0,0.0,,,0.0,0.0,,0.0,0.0,,110.213,12.947,,,,0.0,0.0,,0.0,,,,,0.0,0.0,,0.0,,,,,0.0,0.0,,0.0,
Palestine,2011,PSE,4087747.0,19437410304.0,,,,,0.0,0.0,0.0,,592.593,,,,,0.0,0.0,,0.0,0.0,0.0,0.0,,5.16,0.54,,11.192,1.449,3521.862,0.741,,,132.102,0.54,,,100.0,,,,,66.051,0.27,,,0.0,0.0,0.0,50.0,,0.32,,,,0.0,0.0,,0.0,,,,,0.0,0.0,,0.0,,4.62,89.535,,,,0.0,0.0,,0.0,,,,,66.051,0.27,,,0.0,0.0,0.0,50.0,,,0.0,0.0,,,0.0,0.0,,0.0,0.0,,132.102,14.396,,,,0.0,0.0,,0.0,,,,,0.0,0.0,,0.0,,,,,0.0,0.0,,0.0,
Palestine,2012,PSE,4184161.0,20660752384.0,,,,,0.0,0.0,0.0,,590.909,,,,,0.0,0.0,,0.0,0.0,0.0,0.0,,5.35,0.44,,0.055,0.008,3442.585,0.697,,,105.158,0.44,,,100.0,,,,,52.579,0.22,,,0.0,0.0,0.0,50.0,,0.26,,,,0.0,0.0,,0.0,,,,,0.0,0.0,,0.0,,4.91,91.776,,,,0.0,0.0,,0.0,,,,,52.579,0.22,,,0.0,0.0,0.0,50.0,,,0.0,0.0,,,0.0,0.0,,0.0,0.0,,105.158,14.404,,,,0.0,0.0,,0.0,,,,,0.0,0.0,,0.0,,,,,0.0,0.0,,0.0,
Palestine,2013,PSE,4281800.0,21115611136.0,,,,,0.0,0.0,0.0,,600.0,,,,,0.0,0.0,,0.0,0.0,0.0,0.0,,5.23,0.5,,6.213,0.895,3573.091,0.725,,,116.773,0.5,,,100.0,,,,,58.387,0.25,,,0.0,0.0,0.0,50.0,,0.3,,,,0.0,0.0,,0.0,,,,,0.0,0.0,,0.0,,4.73,90.44,,,,0.0,0.0,,0.0,,,,,58.387,0.25,,,0.0,0.0,0.0,50.0,,,0.0,0.0,,,0.0,0.0,,0.0,0.0,,116.773,15.299,,,,0.0,0.0,,0.0,,,,,0.0,0.0,,0.0,,,,,0.0,0.0,,0.0,
Palestine,2014,PSE,4380473.0,21084590080.0,,,,,0.0,0.0,0.0,,593.75,,,,,0.0,0.0,,0.0,0.0,0.0,0.0,,5.25,0.32,,7.876,1.205,3767.683,0.783,,,73.051,0.32,,,100.0,,,,,36.526,0.16,,,0.0,0.0,0.0,50.0,,0.19,,,,0.0,0.0,,0.0,,,,,0.0,0.0,,0.0,,4.93,93.905,,,,0.0,0.0,,0.0,,,,,36.526,0.16,,,0.0,0.0,0.0,50.0,,,0.0,0.0,,,0.0,0.0,,0.0,0.0,,73.051,16.504,,,,0.0,0.0,,0.0,,,,,0.0,0.0,,0.0,,,,,0.0,0.0,,0.0,
Palestine,2015,PSE,4484615.0,21808076800.0,,,,,0.0,0.0,0.0,,604.167,,,,,0.0,0.0,,0.0,0.0,0.0,0.0,,5.89,0.48,,11.017,1.818,4085.648,0.84,,,104.803,0.47,,,97.917,,,,,49.057,0.22,,,0.0,0.0,0.0,45.833,,0.29,,,,0.0,0.0,,0.0,,,,,2.23,0.01,,2.083,,5.41,91.851,,,,0.0,0.0,,0.0,,,,,55.746,0.25,,,0.0,0.0,0.0,52.083,,,0.0,0.0,,,0.0,0.0,,0.0,0.0,,107.033,18.323,,,,2.23,0.01,,2.083,,,,,2.23,0.01,,2.083,,,,,0.0,0.0,,0.0,
Palestine,2016,PSE,4593855.0,23685474304.0,,,,,0.0,0.0,0.0,,568.627,,,,,0.0,0.0,,0.0,0.0,0.0,0.0,,5.98,0.51,,5.003,0.917,4188.031,0.812,,,102.311,0.47,,,92.157,,,,,47.89,0.22,,,0.0,0.0,0.0,43.137,,0.29,,,,0.0,0.0,,0.0,,,,,8.707,0.04,,7.843,,5.47,91.472,,,,0.0,0.0,,0.0,,,,,54.421,0.25,,,0.0,0.0,0.0,49.02,,,0.0,0.0,,,0.0,0.0,,0.0,0.0,,111.018,19.239,,,,8.707,0.04,,7.843,,,,,8.707,0.04,,7.843,,,,,0.0,0.0,,0.0,
Palestine,2017,PSE,4700954.0,23888596992.0,,,,,0.0,0.0,0.0,,557.692,,,,,0.0,0.0,,,,,0.0,,6.1,0.52,,0.381,0.073,4108.217,0.808,,,99.98,0.47,,,90.385,,,,,46.799,0.22,,,,,,42.308,,0.29,,,,0.0,0.0,,0.0,,,,,10.636,0.05,,9.615,,5.58,91.475,,,,0.0,0.0,,0.0,,,,,53.181,0.25,,,,,,48.077,,,0.0,0.0,,,0.0,0.0,,0.0,0.0,,110.616,19.313,,,,10.636,0.05,,9.615,,,,,10.636,0.05,,9.615,,,,,0.0,0.0,,0.0,
Palestine,2018,PSE,4805549.0,24034213888.0,,,,,0.0,0.0,0.0,,525.0,,,,,0.0,0.0,,,,,0.0,,6.32,0.4,,1.95,0.377,4097.168,0.819,,,70.752,0.34,,,85.0,,,,,33.295,0.16,,,,,,40.0,,0.21,,,,0.0,0.0,,0.0,,,,,12.486,0.06,,15.0,,5.92,93.671,,,,0.0,0.0,,0.0,,,,,37.457,0.18,,,,,,45.0,,,0.0,0.0,,,0.0,0.0,,0.0,0.0,,83.237,19.689,,,,12.486,0.06,,15.0,,,,,12.486,0.06,,15.0,,,,,0.0,0.0,,0.0,
Palestine,2019,PSE,4909775.0,,,,,,0.0,0.0,0.0,,519.481,,,,,0.0,0.0,,,,,0.0,,7.02,0.77,,4.384,0.863,4185.992,,,,132.389,0.65,,,84.416,,,,,61.103,0.3,,,,,,38.961,,0.4,,,,0.0,0.0,,0.0,,,,,24.441,0.12,,15.584,,6.25,89.031,,,,0.0,0.0,,0.0,,,,,71.286,0.35,,,,,,45.455,,,0.0,0.0,,,0.0,0.0,,0.0,0.0,,156.83,20.552,,,,24.441,0.12,,15.584,,,,,24.441,0.12,,15.584,,,,,0.0,0.0,,0.0,
Palestine,2020,PSE,5019407.0,,,,,,0.0,0.0,0.0,,475.0,,,,,0.0,0.0,,,,,0.0,,6.8,0.8,,-2.549,-0.524,3990.178,,,,123.521,0.62,,,77.5,,,,,57.776,0.29,,,,,,36.25,,0.38,,,,0.0,0.0,,0.0,,,,,35.861,0.18,,22.5,,6.0,88.235,,,,0.0,0.0,,0.0,,,,,65.745,0.33,,,,,,41.25,,,0.0,0.0,,,0.0,0.0,,0.0,0.0,,159.381,20.028,,,,35.861,0.18,,22.5,,,,,35.861,0.18,,22.5,,,,,0.0,0.0,,0.0,
Palestine,2021,PSE,5133393.0,,,,,,0.0,0.0,0.0,,465.116,,,,,0.0,0.0,,,,,0.0,,7.07,0.86,,2.502,0.501,3999.195,,,,128.57,0.66,,,76.744,,,,,60.389,0.31,,,,,,36.047,,0.4,,,,0.0,0.0,,0.0,,,,,38.961,0.2,,23.256,,6.21,87.836,,,,0.0,0.0,,0.0,,,,,68.181,0.35,,,,,,40.698,,,0.0,0.0,,,0.0,0.0,,0.0,0.0,,167.531,20.529,,,,38.961,0.2,,23.256,,,,,38.961,0.2,,23.256,,,,,0.0,0.0,,0.0,
Panama,1980,PAN,1956989.0,13424039936.0,,,,,,,,,,,,,,,,,,0.0,0.0,,,,,,,,27531.838,4.014,,,,,,,,,,,,,,,,,0.0,0.0,,,,,,,,,,,,,,,,,,,,,,,,,,,,,,,,,,,,,,0.0,0.0,,,,,,,,,,,,,,,53.88,,,,,,,,,,,,,,,,,,,,,,,,
Panama,1981,PAN,2003091.0,14618687488.0,,,,,,,,,,,,,,,,,0.0,0.0,0.0,,,,,,1.237,0.667,27230.988,3.731,,,,,,,,,,,,,,,,0.0,0.0,0.0,,,,,,,,,,,,,,,,,,,,,,,,,,,,,,,,,,,,,0.0,0.0,0.0,,,,,,,,,,,,,,,54.546,,,,,,,,,,,,,,,,,,,,,,,,
Panama,1982,PAN,2050251.0,15185760256.0,,,,,,,,,,,,,,,,,0.0,0.0,0.0,,,,,,-4.923,-2.685,25294.871,3.415,,,,,,,,,,,,,,,,0.0,0.0,0.0,,,,,,,,,,,,,,,,,,,,,,,,,,,,,,,,,,,,,0.0,0.0,0.0,,,,,,,,,,,,,,,51.861,,,,,,,,,,,,,,,,,,,,,,,,
Panama,1983,PAN,2098504.0,14954065920.0,,,,,,,,,,,,,,,,,0.0,0.0,0.0,,,,,,1.209,0.627,25012.115,3.51,,,,,,,,,,,,,,,,0.0,0.0,0.0,,,,,,,,,,,,,,,,,,,,,,,,,,,,,,,,,,,,,0.0,0.0,0.0,,,,,,,,,,,,,,,52.488,,,,,,,,,,,,,,,,,,,,,,,,
Panama,1984,PAN,2147580.0,15268616192.0,,,,,,,,,,,,,,,,,0.0,0.0,0.0,,,,,,2.597,1.363,25075.281,3.527,,,,,,,,,,,,,,,,0.0,0.0,0.0,,,,,,,,,,,,,,,,,,,,,,,,,,,,,,,,,,,,,0.0,0.0,0.0,,,,,,,,,,,,,,,53.851,,,,,,,,,,,,,,,,,,,,,,,,
Panama,1985,PAN,2197070.0,16051871744.0,,,,,,,,,,,,,,,,,0.0,0.0,0.0,,,,,,-10.079,-5.428,22039.932,3.017,,,,,,,,,,,,,,,,0.0,0.0,0.0,,,,,,,,,,,,,,,,,,,,,,,,,,,,,,,,,,,,,0.0,0.0,0.0,,,,,,,,,,,,,,,48.423,,,,,,,,,,,,,,,,,,,,,,,,
Panama,1986,PAN,2246965.0,16762535936.0,,,,,,,,,,,,,,,,,0.0,0.0,0.0,,,,,,3.109,1.505,22220.428,2.979,,,,,,,,,,,,,,,,0.0,0.0,0.0,,,,,,,,,,,,,,,,,,,,,,,,,,,,,,,,,,,,,0.0,0.0,0.0,,,,,,,,,,,,,,,49.929,,,,,,,,,,,,,,,,,,,,,,,,
Panama,1987,PAN,2297235.0,17272821760.0,,,,,,,,,,,,,,,,,0.0,0.0,0.0,,,,,,3.748,1.871,22548.799,2.999,,,,,,,,,,,,,,,,0.0,0.0,0.0,,,,,,,,,,,,,,,,,,,,,,,,,,,,,,,,,,,,,0.0,0.0,0.0,,,,,,,,,,,,,,,51.8,,,,,,,,,,,,,,,,,,,,,,,,
Panama,1988,PAN,2347826.0,15522385920.0,,,,,,,,,,,,,,,,,0.0,0.0,0.0,,,,,,-1.028,-0.533,21836.002,3.303,,,,,,,,,,,,,,,,0.0,0.0,0.0,,,,,,,,,,,,,,,,,,,,,,,,,,,,,,,,,,,,,0.0,0.0,0.0,,,,,,,,,,,,,,,51.267,,,,,,,,,,,,,,,,,,,,,,,,
Panama,1989,PAN,2398536.0,15760105472.0,,,,,,,,,,,,,,,,,0.0,0.0,0.0,,,,,,-2.609,-1.337,20816.727,3.168,,,,,,,,,,,,,,,,0.0,0.0,0.0,,,,,,,,,,,,,,,,,,,,,,,,,,,,,,,,,,,,,0.0,0.0,0.0,,,,,,,,,,,,,,,49.93,,,,,,,,,,,,,,,,,,,,,,,,
Panama,1990,PAN,2449966.0,17035766784.0,,,,,,,,,,,,,,,,,0.0,0.0,0.0,,,,,,5.69,2.841,21539.416,3.098,,,,,,,,,,,,,,,,0.0,0.0,0.0,,,,,,,,,,,,,,,,,,,,,,,,,,,,,,,,,,,,,0.0,0.0,0.0,,,,,,,,,,,,,,,52.771,,,,,,,,,,,,,,,,,,,,,,,,
Panama,1991,PAN,2502048.0,18696767488.0,,,,,,,,,,,,,,,,,0.0,0.0,0.0,,,,,,-1.136,-0.6,20851.395,2.79,,,,,,,,,,,,,,,,0.0,0.0,0.0,,,,,,,,,,,,,,,,,,,,,,,,,,,,,,,,,,,,,0.0,0.0,0.0,,,,,,,,,,,,,,,52.171,,,,,,,,,,,,,,,,,,,,,,,,
Panama,1992,PAN,2554387.0,20281944064.0,,,,,,,,,,,,,,,,,0.0,0.0,0.0,,,,,,1.762,0.919,20784.041,2.618,,,,,,,,,,,,,,,,0.0,0.0,0.0,,,,,,,,,,,,,,,,,,,,,,,,,,,,,,,,,,,,,0.0,0.0,0.0,,,,,,,,,,,,,,,53.09,,,,,,,,,,,,,,,,,,,,,,,,
Panama,1993,PAN,2607502.0,21447804928.0,,,,,,,,,,,,,,,,,0.0,0.0,0.0,,,,,,0.407,0.216,20443.451,2.485,,,,,,,,,,,,,,,,0.0,0.0,0.0,,,,,,,,,,,,,,,,,,,,,,,,,,,,,,,,,,,,,0.0,0.0,0.0,,,,,,,,,,,,,,,53.306,,,,,,,,,,,,,,,,,,,,,,,,
Panama,1994,PAN,2661393.0,22126487552.0,,,,,,,,,,,,,,,,,0.0,0.0,0.0,,,,,,11.393,6.073,22311.537,2.684,,,,,,,,,,,,,,,,0.0,0.0,0.0,,,,,,,,,,,,,,,,,,,,,,,,,,,,,,,,,,,,,0.0,0.0,0.0,,,,,,,,,,,,,,,59.38,,,,,,,,,,,,,,,,,,,,,,,,
Panama,1995,PAN,2716071.0,22570156032.0,,,,,,,,,,,,,,,,,0.0,0.0,0.0,,,,,,5.288,3.14,23018.551,2.77,,,,,,,,,,,,,,,,0.0,0.0,0.0,,,,,,,,,,,,,,,,,,,,,,,,,,,,,,,,,,,,,0.0,0.0,0.0,,,,,,,,,,,,,,,62.52,,,,,,,,,,,,,,,,,,,,,,,,
Panama,1996,PAN,2771607.0,23274084352.0,,,,,,,,,,,,,,,,,0.0,0.0,0.0,,,,,,-10.011,-6.259,20299.029,2.417,,,,,,,,,,,,,,,,0.0,0.0,0.0,,,,,,,,,,,,,,,,,,,,,,,,,,,,,,,,,,,,,0.0,0.0,0.0,,,,,,,,,,,,,,,56.261,,,,,,,,,,,,,,,,,,,,,,,,
Panama,1997,PAN,2827994.0,24846157824.0,,,,,,,,,,,,,,,,,0.0,0.0,0.0,,,,,,2.801,1.576,20451.439,2.328,,,,,,,,,,,,,,,,0.0,0.0,0.0,,,,,,,,,,,,,,,,,,,,,,,,,,,,,,,,,,,,,0.0,0.0,0.0,,,,,,,,,,,,,,,57.837,,,,,,,,,,,,,,,,,,,,,,,,
Panama,1998,PAN,2885179.0,26740258816.0,,,,,,,,,,,,,,,,,0.0,0.0,0.0,,,,,,5.343,3.09,21117.146,2.278,,,,,,,,,,,,,,,,0.0,0.0,0.0,,,,,,,,,,,,,,,,,,,,,,,,,,,,,,,,,,,,,0.0,0.0,0.0,,,,,,,,,,,,,,,60.927,,,,,,,,,,,,,,,,,,,,,,,,
Panama,1999,PAN,2943124.0,27866808320.0,,,,,,,,,,,,,,,,,0.0,0.0,0.0,,,,,,-30.318,-18.472,14425.172,1.523,,,,,,,,,,,,,,,,0.0,0.0,0.0,,,,,,,,,,,,,,,,,,,,,,,,,,,,,,,,,,,,,0.0,0.0,0.0,,,,,,,,,,,,,,,42.455,,,,,,,,,,,,,,,,,,,,,,,,
Panama,2000,PAN,3001738.0,28706484224.0,,,,,6.663,0.02,0.42,,216.387,,,,,0.0,0.0,,0.0,0.0,0.0,0.0,,4.94,4.76,,57.974,24.613,22342.99,2.336,,,453.071,1.36,,,28.571,,,,,0.0,0.0,,,0.0,0.0,0.0,0.0,,1.03,,,,1126.014,3.38,,71.008,,,,,1132.677,3.4,,71.429,,0.18,3.644,,,,0.0,0.0,,0.0,,,,,453.071,1.36,,,0.0,0.0,0.0,28.571,,,0.02,0.0,,,6.663,0.0,,0.42,0.0,,1585.748,67.068,,,,1132.677,3.4,,71.429,,,,,0.0,0.0,,0.0,,,,,0.0,0.0,,0.0,
Panama,2001,PAN,3061029.0,28943056896.0,,,,,13.068,0.04,0.81,,358.3,,,,,0.0,0.0,,0.0,0.0,0.0,0.0,,4.87,4.94,,1.636,1.097,22268.619,2.355,,,793.851,2.43,,,49.19,,,,,0.0,0.0,,,0.0,0.0,0.0,0.0,,1.77,,,,806.918,2.47,,50.0,,,,,819.986,2.51,,50.81,,-0.07,-1.437,,,,0.0,0.0,,0.0,,,,,793.851,2.43,,,0.0,0.0,0.0,49.19,,,0.04,0.0,,,13.068,0.0,,0.81,0.0,,1613.836,68.165,,,,819.986,2.51,,50.81,,,,,0.0,0.0,,0.0,,,,,0.0,0.0,,0.0,
Panama,2002,PAN,3120993.0,29668001792.0,,,,,9.612,0.03,0.583,,256.311,,,,,0.0,0.0,,0.0,0.0,0.0,0.0,,5.14,5.15,,-1.205,-0.821,21577.676,2.27,,,560.719,1.75,,,33.981,,,,,0.0,0.0,,,0.0,0.0,0.0,0.0,,1.32,,,,1079.785,3.37,,65.437,,,,,1089.397,3.4,,66.019,,-0.01,-0.195,,,,0.0,0.0,,0.0,,,,,560.719,1.75,,,0.0,0.0,0.0,33.981,,,0.03,0.0,,,9.612,0.0,,0.583,0.0,,1650.116,67.344,,,,1089.397,3.4,,66.019,,,,,0.0,0.0,,0.0,,,,,0.0,0.0,,0.0,
Panama,2003,PAN,3181620.0,31009619968.0,,,,,12.572,0.04,0.742,,345.084,,,,,0.0,0.0,,0.0,0.0,0.0,0.0,,5.21,5.39,,0.846,0.57,21345.66,2.19,,,801.478,2.55,,,47.31,,,,,0.0,0.0,,,0.0,0.0,0.0,0.0,,1.86,,,,880.055,2.8,,51.948,,,,,892.627,2.84,,52.69,,-0.18,-3.455,,,,0.0,0.0,,0.0,,,,,801.478,2.55,,,0.0,0.0,0.0,47.31,,,0.04,0.0,,,12.572,0.0,,0.742,0.0,,1694.105,67.914,,,,892.627,2.84,,52.69,,,,,0.0,0.0,,0.0,,,,,0.0,0.0,,0.0,
Panama,2004,PAN,3243310.0,33428600832.0,,,,,9.25,0.03,0.536,,246.429,,,,,0.0,0.0,,0.0,0.0,0.0,0.0,,5.55,5.6,,1.973,1.34,21352.857,2.072,,,564.238,1.83,,,32.679,,,,,0.0,0.0,,,0.0,0.0,0.0,0.0,,1.38,,,,1153.143,3.74,,66.786,,,,,1162.393,3.77,,67.321,,-0.05,-0.901,,,,0.0,0.0,,0.0,,,,,564.238,1.83,,,0.0,0.0,0.0,32.679,,,0.03,0.0,,,9.25,0.0,,0.536,0.0,,1726.631,69.254,,,,1162.393,3.77,,67.321,,,,,0.0,0.0,,0.0,,,,,0.0,0.0,,0.0,
Panama,2005,PAN,3305875.0,35933065216.0,,,,,9.075,0.03,0.529,,259.259,,,,,0.0,0.0,,0.0,0.0,0.0,0.0,,5.67,5.67,,-0.095,-0.066,20928.799,1.925,,,589.859,1.95,,,34.392,,,,,0.0,0.0,,,0.0,0.0,0.0,0.0,,1.47,,,,1116.195,3.69,,65.079,,,,,1125.269,3.72,,65.608,,0.0,0.0,,,,0.0,0.0,,0.0,,,,,589.859,1.95,,,0.0,0.0,0.0,34.392,,,0.03,0.0,,,9.075,0.0,,0.529,0.0,,1715.128,69.188,,,,1125.269,3.72,,65.608,,,,,0.0,0.0,,0.0,,,,,0.0,0.0,,0.0,
Panama,2006,PAN,3368577.0,39099564032.0,,,,,11.874,0.04,0.683,,288.396,,,,,0.0,0.0,,0.0,0.0,0.0,0.0,,5.85,5.86,,8.585,5.94,22302.521,1.921,,,676.844,2.28,,,38.908,,,,,0.0,0.0,,,0.0,0.0,0.0,0.0,,1.69,,,,1050.889,3.54,,60.41,,,,,1062.763,3.58,,61.092,,-0.01,-0.171,,,,0.0,0.0,,0.0,,,,,676.844,2.28,,,0.0,0.0,0.0,38.908,,,0.04,0.0,,,11.874,0.0,,0.683,0.0,,1739.607,75.128,,,,1062.763,3.58,,61.092,,,,,0.0,0.0,,0.0,,,,,0.0,0.0,,0.0,
Panama,2007,PAN,3431619.0,43958181888.0,,,,,11.656,0.04,0.633,,310.127,,,,,0.0,0.0,,0.0,0.0,0.0,0.0,,6.2,6.32,,-5.626,-4.227,20661.121,1.613,,,772.23,2.65,,,41.93,,,,,0.0,0.0,,,0.0,0.0,0.0,0.0,,1.96,,,,1057.81,3.63,,57.437,,,,,1069.466,3.67,,58.07,,-0.12,-1.935,,,,0.0,0.0,,0.0,,,,,772.23,2.65,,,0.0,0.0,0.0,41.93,,,0.04,0.0,,,11.656,0.0,,0.633,0.0,,1841.696,70.901,,,,1069.466,3.67,,58.07,,,,,0.0,0.0,,0.0,,,,,0.0,0.0,,0.0,
Panama,2008,PAN,3495284.0,47885660160.0,,,,,17.166,0.06,0.962,,269.231,,,,,0.0,0.0,,0.0,0.0,0.0,0.0,,6.31,6.24,,17.144,12.155,23762.428,1.734,,,643.724,2.25,,,36.058,,,,,0.0,0.0,,,0.0,0.0,0.0,0.0,,1.68,,,,1124.372,3.93,,62.981,,,,,1141.538,3.99,,63.942,,0.07,1.109,,,,0.0,0.0,,0.0,,,,,643.724,2.25,,,0.0,0.0,0.0,36.058,,,0.06,0.0,,,17.166,0.0,,0.962,0.0,,1785.263,83.056,,,,1141.538,3.99,,63.942,,,,,0.0,0.0,,0.0,,,,,0.0,0.0,,0.0,
Panama,2009,PAN,3559339.0,48772972544.0,,,,,16.857,0.06,0.89,,307.122,,,,,0.0,0.0,,0.0,0.0,0.0,0.0,,6.71,6.74,,-3.114,-2.586,22608.205,1.65,,,792.282,2.82,,,41.84,,,,,0.0,0.0,,,0.0,0.0,0.0,0.0,,2.07,,,,1084.471,3.86,,57.27,,,,,1101.328,3.92,,58.16,,-0.03,-0.447,,,,0.0,0.0,,0.0,,,,,792.282,2.82,,,0.0,0.0,0.0,41.84,,,0.06,0.0,,,16.857,0.0,,0.89,0.0,,1893.61,80.47,,,,1101.328,3.92,,58.16,,,,,0.0,0.0,,0.0,,,,,0.0,0.0,,0.0,
Panama,2010,PAN,3623622.0,51741884416.0,,,,,13.798,0.05,0.699,,304.895,,,,,0.0,0.0,,0.0,0.0,0.0,0.0,,7.18,7.15,,13.44,10.815,25191.672,1.764,,,814.103,2.95,,,41.259,,,,,0.0,0.0,,,0.0,0.0,0.0,0.0,,2.18,,,,1145.263,4.15,,58.042,,,,,1159.061,4.2,,58.741,,0.03,0.418,,,,0.0,0.0,,0.0,,,,,814.103,2.95,,,0.0,0.0,0.0,41.259,,,0.05,0.0,,,13.798,0.0,,0.699,0.0,,1973.164,91.285,,,,1159.061,4.2,,58.741,,,,,0.0,0.0,,0.0,,,,,0.0,0.0,,0.0,
Panama,2011,PAN,3688679.0,57996521472.0,,,,,21.688,0.08,1.058,,338.624,,,,,100.307,0.37,,0.0,0.0,0.0,4.894,,7.62,7.56,,0.869,0.793,24962.391,1.588,,,927.161,3.42,,,45.238,,,,,0.0,0.0,,,0.0,0.0,0.0,0.0,,2.56,,,,1100.665,4.06,,53.704,,,,,1122.353,4.14,,54.762,,0.06,0.787,,,,0.0,0.0,,0.0,,,,,826.854,3.05,,,0.0,0.0,0.0,40.344,,,0.08,0.0,,,21.688,0.0,,1.058,0.0,,2049.514,92.078,,,,1122.353,4.14,,54.762,,,,,0.0,0.0,,0.0,,,,,0.0,0.0,,0.0,
Panama,2012,PAN,3754871.0,63359008768.0,,,,,23.969,0.09,1.077,,269.139,,,,,98.539,0.37,,0.0,0.0,0.0,4.426,,8.32,8.36,,11.014,10.142,27223.264,1.613,,,782.983,2.94,,,35.167,,,,,0.0,0.0,,,0.0,0.0,0.0,0.0,,2.25,,,,1419.49,5.33,,63.756,,,,,1443.458,5.42,,64.833,,-0.04,-0.481,,,,0.0,0.0,,0.0,,,,,684.444,2.57,,,0.0,0.0,0.0,30.742,,,0.09,0.0,,,23.969,0.0,,1.077,0.0,,2226.441,102.22,,,,1443.458,5.42,,64.833,,,,,0.0,0.0,,0.0,,,,,0.0,0.0,,0.0,
Panama,2013,PAN,3821557.0,67546259456.0,,,,,26.167,0.1,1.153,,302.191,,,,,104.669,0.4,,0.0,0.0,0.0,4.614,,8.67,8.67,,-1.582,-1.617,26325.066,1.489,,,908.007,3.47,,,40.023,,,,,0.0,0.0,,,0.0,0.0,0.0,0.0,,2.62,,,,1334.535,5.1,,58.824,,,,,1360.702,5.2,,59.977,,0.0,0.0,,,,0.0,0.0,,0.0,,,,,803.337,3.07,,,0.0,0.0,0.0,35.409,,,0.1,0.0,,,26.167,0.0,,1.153,0.0,,2268.709,100.603,,,,1360.702,5.2,,59.977,,,,,0.0,0.0,,0.0,,,,,0.0,0.0,,0.0,
Panama,2014,PAN,3888795.0,71636836352.0,,,,,20.572,0.08,0.958,,286.228,,,,,84.859,0.33,,0.0,0.0,0.0,3.952,,8.44,8.35,,2.259,2.273,26454.377,1.436,,,812.591,3.16,,,37.844,,,,,0.0,0.0,,,0.0,0.0,0.0,0.0,,2.39,,,,1280.602,4.98,,59.641,,,,,1334.604,5.19,,62.156,,0.09,1.066,,,,0.0,0.0,,0.0,,,,,727.732,2.83,,,0.0,0.0,0.0,33.892,,,0.08,0.0,,,20.572,0.0,,0.958,0.0,,2147.195,102.876,,,,1334.604,5.19,,62.156,,,,,2.571,0.01,,0.12,,,,,30.858,0.12,,1.437,
Panama,2015,PAN,3957102.0,75784011776.0,,,,,15.163,0.06,0.642,,219.251,,,,,68.232,0.27,,0.0,0.0,0.0,2.888,,9.23,9.35,,9.238,9.503,28399.344,1.483,,,672.209,2.66,,,28.449,,,,,0.0,0.0,,,0.0,0.0,0.0,0.0,,2.05,,,,1564.276,6.19,,66.203,,,,,1690.631,6.69,,71.551,,-0.12,-1.3,,,,0.0,0.0,,0.0,,,,,603.977,2.39,,,0.0,0.0,0.0,25.561,,,0.06,0.0,,,15.163,0.0,,0.642,0.0,,2362.84,112.379,,,,1690.631,6.69,,71.551,,,,,5.054,0.02,,0.214,,,,,106.138,0.42,,4.492,
Panama,2016,PAN,4026338.0,79468544000.0,,,,,17.386,0.07,0.7,,215.0,,,,,67.058,0.27,,0.0,0.0,0.0,2.7,,9.63,10.0,,5.674,6.376,29494.584,1.494,,,685.486,2.76,,,27.6,,,,,0.0,0.0,,,0.0,0.0,0.0,0.0,,2.15,,,,1604.436,6.46,,64.6,,,,,1798.16,7.24,,72.4,,-0.37,-3.842,,,,0.0,0.0,,0.0,,,,,618.428,2.49,,,0.0,0.0,0.0,24.9,,,0.07,0.0,,,17.386,0.0,,0.7,0.0,,2483.646,118.755,,,,1798.16,7.24,,72.4,,,,,19.869,0.08,,0.8,,,,,156.47,0.63,,6.3,
Panama,2017,PAN,4096071.0,83345989632.0,,,,,17.09,0.07,0.659,,202.258,,,,,65.917,0.27,,,,,2.54,,10.32,10.63,,7.546,8.961,31180.088,1.532,,,666.492,2.73,,,25.682,,,,,0.0,0.0,,,,,,0.0,,2.15,,,,1752.899,7.18,,67.545,,,,,1928.678,7.9,,74.318,,-0.31,-3.004,,,,0.0,0.0,,0.0,,,,,600.576,2.46,,,,,,23.142,,,0.07,0.0,,,17.09,0.0,,0.659,0.0,,2595.17,127.716,,,,1928.678,7.9,,74.318,,,,,39.062,0.16,,1.505,,,,,119.627,0.49,,4.61,
Panama,2018,PAN,4165258.0,86035742720.0,,,,,7.202,0.03,0.282,,142.857,,,,,100.834,0.42,,,,,3.947,,10.33,10.64,,1.934,2.471,31255.303,1.513,,,456.154,1.9,,,17.857,,,,,91.231,0.38,,,,,,3.571,,1.52,,,,1887.038,7.86,,73.872,,,,,2098.309,8.74,,82.143,,-0.31,-3.001,,,,0.0,0.0,,0.0,,,,,264.089,1.1,,,,,,10.338,,,0.03,0.0,,,7.202,0.0,,0.282,0.0,,2554.464,130.186,,,,2098.309,8.74,,82.143,,,,,62.421,0.26,,2.444,,,,,141.648,0.59,,5.545,
Panama,2019,PAN,4232538.0,,,,,,16.539,0.07,0.674,,290.664,,,,,229.177,0.97,,,,,9.336,,10.04,10.39,,-9.373,-12.202,27875.5,,,,980.499,4.15,,,39.942,,,,,205.55,0.87,,,,,,8.373,,3.02,,,,1204.951,5.1,,49.086,,,,,1474.293,6.24,,60.058,,-0.35,-3.486,,,,0.0,0.0,,0.0,,,,,545.772,2.31,,,,,,22.233,,,0.07,0.0,,,16.539,0.0,,0.674,0.0,,2454.792,117.984,,,,1474.293,6.24,,60.058,,,,,80.33,0.34,,3.272,,,,,172.473,0.73,,7.026,
Panama,2020,PAN,4294391.0,,,,,,11.643,0.05,0.452,,186.425,,,,,158.346,0.68,,,,,6.154,,10.6,11.05,,0.607,0.716,27640.848,,,,628.727,2.7,,,24.434,,,,,139.717,0.6,,,,,,5.43,,2.06,,,,1711.535,7.35,,66.516,,,,,1944.397,8.35,,75.566,,-0.45,-4.245,,,,0.0,0.0,,0.0,,,,,330.664,1.42,,,,,,12.851,,,0.05,0.0,,,11.643,0.0,,0.452,0.0,,2573.124,118.701,,,,1944.397,8.35,,75.566,,,,,86.159,0.37,,3.348,,,,,135.06,0.58,,5.249,
Panama,2021,PAN,4351264.0,,,,,,13.789,0.06,0.536,,192.136,,,,,193.047,0.84,,,,,7.507,,10.68,11.19,,-0.779,-0.925,27067.068,,,,654.982,2.85,,,25.469,,,,,172.364,0.75,,,,,,6.702,,2.15,,,,1654.692,7.2,,64.343,,,,,1916.684,8.34,,74.531,,-0.51,-4.775,,,,0.0,0.0,,0.0,,,,,289.571,1.26,,,,,,11.26,,,0.06,0.0,,,13.789,0.0,,0.536,0.0,,2571.667,117.776,,,,1916.684,8.34,,74.531,,,,,96.524,0.42,,3.753,,,,,151.68,0.66,,5.898,
Papua New Guinea,1980,PNG,3104793.0,,,,,,,,,,,,,,,,,,,0.0,0.0,,,,,,,,2739.705,,,,,,,,,,,,,,,,,,0.0,0.0,,,,,,,,,,,,,,,,,,,,,,,,,,,,,,,,,,,,,,0.0,0.0,,,,,,,,,,,,,,,8.506,,,,,,,,,,,,,,,,,,,,,,,,
Papua New Guinea,1981,PNG,3169080.0,,,,,,,,,,,,,,,,,,0.0,0.0,0.0,,,,,,-0.353,-0.03,2674.656,,,,,,,,,,,,,,,,,0.0,0.0,0.0,,,,,,,,,,,,,,,,,,,,,,,,,,,,,,,,,,,,,0.0,0.0,0.0,,,,,,,,,,,,,,,8.476,,,,,,,,,,,,,,,,,,,,,,,,
Papua New Guinea,1982,PNG,3235271.0,,,,,,,,,,,,,,,,,,0.0,0.0,0.0,,,,,,-0.216,-0.018,2614.28,,,,,,,,,,,,,,,,,0.0,0.0,0.0,,,,,,,,,,,,,,,,,,,,,,,,,,,,,,,,,,,,,0.0,0.0,0.0,,,,,,,,,,,,,,,8.458,,,,,,,,,,,,,,,,,,,,,,,,
Papua New Guinea,1983,PNG,3303686.0,,,,,,,,,,,,,,,,,,0.0,0.0,0.0,,,,,,2.985,0.252,2636.563,,,,,,,,,,,,,,,,,0.0,0.0,0.0,,,,,,,,,,,,,,,,,,,,,,,,,,,,,,,,,,,,,0.0,0.0,0.0,,,,,,,,,,,,,,,8.71,,,,,,,,,,,,,,,,,,,,,,,,
Papua New Guinea,1984,PNG,3374469.0,,,,,,,,,,,,,,,,,,0.0,0.0,0.0,,,,,,15.471,1.348,2980.609,,,,,,,,,,,,,,,,,0.0,0.0,0.0,,,,,,,,,,,,,,,,,,,,,,,,,,,,,,,,,,,,,0.0,0.0,0.0,,,,,,,,,,,,,,,10.058,,,,,,,,,,,,,,,,,,,,,,,,
Papua New Guinea,1985,PNG,3447582.0,,,,,,,,,,,,,,,,,,0.0,0.0,0.0,,,,,,0.073,0.007,2919.535,,,,,,,,,,,,,,,,,0.0,0.0,0.0,,,,,,,,,,,,,,,,,,,,,,,,,,,,,,,,,,,,,0.0,0.0,0.0,,,,,,,,,,,,,,,10.065,,,,,,,,,,,,,,,,,,,,,,,,
Papua New Guinea,1986,PNG,3522921.0,,,,,,,,,,,,,,,,,,0.0,0.0,0.0,,,,,,3.589,0.361,2959.65,,,,,,,,,,,,,,,,,0.0,0.0,0.0,,,,,,,,,,,,,,,,,,,,,,,,,,,,,,,,,,,,,0.0,0.0,0.0,,,,,,,,,,,,,,,10.427,,,,,,,,,,,,,,,,,,,,,,,,
Papua New Guinea,1987,PNG,3600351.0,,,,,,,,,,,,,,,,,,0.0,0.0,0.0,,,,,,9.65,1.006,3175.474,,,,,,,,,,,,,,,,,0.0,0.0,0.0,,,,,,,,,,,,,,,,,,,,,,,,,,,,,,,,,,,,,0.0,0.0,0.0,,,,,,,,,,,,,,,11.433,,,,,,,,,,,,,,,,,,,,,,,,
Papua New Guinea,1988,PNG,3679653.0,,,,,,,,,,,,,,,,,,0.0,0.0,0.0,,,,,,-5.816,-0.665,2926.323,,,,,,,,,,,,,,,,,0.0,0.0,0.0,,,,,,,,,,,,,,,,,,,,,,,,,,,,,,,,,,,,,0.0,0.0,0.0,,,,,,,,,,,,,,,10.768,,,,,,,,,,,,,,,,,,,,,,,,
Papua New Guinea,1989,PNG,3764116.0,,,,,,,,,,,,,,,,,,0.0,0.0,0.0,,,,,,2.551,0.275,2933.622,,,,,,,,,,,,,,,,,0.0,0.0,0.0,,,,,,,,,,,,,,,,,,,,,,,,,,,,,,,,,,,,,0.0,0.0,0.0,,,,,,,,,,,,,,,11.042,,,,,,,,,,,,,,,,,,,,,,,,
Papua New Guinea,1990,PNG,3864983.0,,,,,,,,,,,,,,,,,,0.0,0.0,0.0,,,,,,1.276,0.141,2893.504,,,,,,,,,,,,,,,,,0.0,0.0,0.0,,,,,,,,,,,,,,,,,,,,,,,,,,,,,,,,,,,,,0.0,0.0,0.0,,,,,,,,,,,,,,,11.183,,,,,,,,,,,,,,,,,,,,,,,,
Papua New Guinea,1991,PNG,3991006.0,,,,,,,,,,,,,,,,,,0.0,0.0,0.0,,,,,,-1.074,-0.12,2772.047,,,,,,,,,,,,,,,,,0.0,0.0,0.0,,,,,,,,,,,,,,,,,,,,,,,,,,,,,,,,,,,,,0.12,30.084,0.12,,,,,,,,,,,,,,,11.063,,,,,,,,,,,,,,,,,,,,,,,,
Papua New Guinea,1992,PNG,4136651.0,,,,,,,,,,,,,,,,,,0.0,0.0,0.0,,,,,,5.396,0.597,2818.749,,,,,,,,,,,,,,,,,0.651,157.395,0.651,,,,,,,,,,,,,,,,,,,,,,,,,,,,,,,,,,,,26472.602,31.784,7712.524,31.904,,,,,,,,,,,,,,,11.66,,,,,,,,,,,,,,,,,,,,,,,,
Papua New Guinea,1993,PNG,4291592.0,,,,,,,,,,,,,,,,,,0.0,0.0,0.0,,,,,,1.593,0.186,2760.274,,,,,,,,,,,,,,,,33.264,0.217,202.179,0.868,,,,,,,,,,,,,,,,,,,,,,,,,,,,,,,,,,,,137.086,43.736,17625.176,75.64,,,,,,,,,,,,,,,11.846,,,,,,,,,,,,,,,,,,,,,,,,
Papua New Guinea,1994,PNG,4451695.0,,,,,,,,,,,,,,,,,,0.0,0.0,0.0,,,,,,-4.204,-0.498,2549.146,,,,,,,,,,,,,,,,-37.35,-0.324,122.11,0.544,,,,,,,,,,,,,,,,,,,,,,,,,,,,,,,,,,,,-12.892,-9.751,14800.788,65.889,,,,,,,,,,,,,,,11.348,,,,,,,,,,,,,,,,,,,,,,,,
Papua New Guinea,1995,PNG,4616444.0,,,,,,,,,,,,,,,,,,0.0,0.0,0.0,,,,,,16.04,1.82,2852.454,,,,,,,,,,,,,,,,99.435,0.541,234.84,1.084,,,,,,,,,,,,,,,,,,,,,,,,,,,,,,,,,,,,-8.837,-5.822,13011.387,60.066,,,,,,,,,,,,,,,13.168,,,,,,,,,,,,,,,,,,,,,,,,
Papua New Guinea,1996,PNG,4785908.0,,,,,,,,,,,,,,,,,,0.0,0.0,0.0,,,,,,4.379,0.577,2871.943,,,,,,,,,,,,,,,,30.055,0.326,294.607,1.41,,,,,,,,,,,,,,,,,,,,,,,,,,,,,,,,,,,,3.584,2.153,13000.513,62.219,,,,,,,,,,,,,,,13.745,,,,,,,,,,,,,,,,,,,,,,,,
Papua New Guinea,1997,PNG,4960444.0,,,,,,,,,,,,,,,,,,0.0,0.0,0.0,,,,,,-5.223,-0.718,2626.174,,,,,,,,,,,,,,,,-15.385,-0.217,240.512,1.193,,,,,,,,,,,,,,,,,,,,,,,,,,,,,,,,,,,,-22.717,-14.135,9693.617,48.085,,,,,,,,,,,,,,,13.027,,,,,,,,,,,,,,,,,,,,,,,,
Papua New Guinea,1998,PNG,5138838.0,,,,,,,,,,,,,,,,,,0.0,0.0,0.0,,,,,,0.718,0.093,2553.198,,,,,,,,,,,,,,,,0.0,0.0,232.162,1.193,,,,,,,,,,,,,,,,,,,,,,,,,,,,,,,,,,,,-1.293,-0.622,9236.125,47.463,,,,,,,,,,,,,,,13.12,,,,,,,,,,,,,,,,,,,,,,,,
Papua New Guinea,1999,PNG,5321393.0,,,,,,,,,,,,,,,,,,0.0,0.0,0.0,,,,,,1.221,0.16,2495.703,,,,,,,,,,,,,,,,0.0,0.0,224.198,1.193,,,,,,,,,,,,,,,,,,,,,,,,,,,,,,,,,,,,22.254,10.562,10904.148,58.025,,,,,,,,,,,,,,,13.281,,,,,,,,,,,,,,,,,,,,,,,,
Papua New Guinea,2000,PNG,5508300.0,,,,,,9.077,0.05,2.37,,393.365,,,,,0.0,0.0,,0.0,0.0,0.0,0.0,,2.11,2.11,,13.949,1.853,2747.343,,,,206.96,1.14,,,54.028,,,,,0.0,0.0,,0.0,0.0,216.59,1.193,0.0,,0.83,,,,167.021,0.92,,43.602,,,,,176.098,0.97,,45.972,,0.0,0.0,,,,0.0,0.0,,0.0,,,,,206.96,1.14,,-27.317,-15.851,7656.575,42.175,54.028,,,0.05,0.0,,,9.077,0.0,,2.37,0.0,,383.058,15.133,,,,176.098,0.97,,45.972,,,,,0.0,0.0,,0.0,,,,,0.0,0.0,,0.0,
Papua New Guinea,2001,PNG,5698496.0,,,,,,14.039,0.08,3.089,,444.015,,,,,0.0,0.0,,0.0,0.0,0.0,0.0,,2.59,2.59,,14.368,2.174,3037.213,,,,279.021,1.59,,,61.39,,,,,0.0,0.0,,0.0,0.0,209.361,1.193,0.0,,1.15,,,,161.446,0.92,,35.521,,,,,175.485,1.0,,38.61,,0.0,0.0,,,,0.0,0.0,,0.0,,,,,279.021,1.59,,-3.92,-1.653,7110.905,40.521,61.39,,,0.08,0.0,,,14.039,0.0,,3.089,0.0,,454.506,17.308,,,,175.485,1.0,,38.61,,,,,0.0,0.0,,0.0,,,,,0.0,0.0,,0.0,
Papua New Guinea,2002,PNG,5892600.0,,,,,,13.576,0.08,2.899,,460.145,,,,,0.0,0.0,,0.0,0.0,0.0,0.0,,2.76,2.76,,4.648,0.804,3073.672,,,,298.68,1.76,,,63.768,,,,,0.0,0.0,,0.0,0.0,202.465,1.193,0.0,,1.27,,,,156.128,0.92,,33.333,,,,,169.704,1.0,,36.232,,0.0,0.0,,,,0.0,0.0,,0.0,,,,,298.68,1.76,,-18.291,-7.412,5618.843,33.11,63.768,,,0.08,0.0,,,13.576,0.0,,2.899,0.0,,468.384,18.112,,,,169.704,1.0,,36.232,,,,,0.0,0.0,,0.0,,,,,0.0,0.0,,0.0,
Papua New Guinea,2003,PNG,6090987.0,,,,,,16.418,0.1,3.226,,470.968,,,,,0.0,0.0,,0.0,0.0,0.0,0.0,,3.1,3.1,,13.536,2.452,3376.062,,,,333.279,2.03,,,65.484,,,,,0.0,0.0,,27.273,0.325,249.29,1.518,0.0,,1.46,,,,151.043,0.92,,29.677,,,,,175.669,1.07,,34.516,,0.0,0.0,,,,0.0,0.0,,0.0,,,,,333.279,2.03,,-8.45,-2.798,4976.524,30.312,65.484,,,0.15,0.05,,,24.627,8.209,,4.839,1.613,,508.949,20.564,,,,175.669,1.07,,34.516,,,,,0.0,0.0,,0.0,,,,,0.0,0.0,,0.0,
Papua New Guinea,2004,PNG,6293174.0,,,,,,15.89,0.1,3.145,,484.277,,,,,0.0,0.0,,0.0,0.0,0.0,0.0,,3.18,3.18,,11.757,2.418,3651.766,,,,340.051,2.14,,,67.296,,,,,0.0,0.0,,0.0,0.0,241.28,1.518,0.0,,1.54,,,,141.423,0.89,,27.987,,,,,165.258,1.04,,32.704,,0.0,0.0,,,,0.0,0.0,,0.0,,,,,340.051,2.14,,-9.485,-2.875,4359.803,27.437,67.296,,,0.15,0.05,,,23.835,7.945,,4.717,1.572,,505.309,22.981,,,,165.258,1.04,,32.704,,,,,0.0,0.0,,0.0,,,,,0.0,0.0,,0.0,
Papua New Guinea,2005,PNG,6498828.0,,,,,,15.387,0.1,3.003,,444.444,,,,,0.0,0.0,,0.0,0.0,0.0,0.0,,3.33,3.33,,-3.369,-0.774,3417.074,,,,315.441,2.05,,,61.562,,,,,0.0,0.0,,-28.571,-0.434,166.889,1.085,0.0,,1.48,,,,135.409,0.88,,26.426,,,,,196.959,1.28,,38.438,,0.0,0.0,,,,0.0,0.0,,0.0,,,,,315.441,2.05,,-11.865,-3.255,3720.922,24.182,61.562,,,0.4,0.3,,,61.55,46.162,,12.012,9.009,,512.4,22.207,,,,196.959,1.28,,38.438,,,,,0.0,0.0,,0.0,,,,,0.0,0.0,,0.0,
Papua New Guinea,2006,PNG,6708217.0,,,,,,14.907,0.1,3.077,,446.154,,,,,0.0,0.0,,0.0,0.0,0.0,0.0,,3.25,3.25,,2.501,0.555,3393.203,,,,298.142,2.0,,,61.538,,,,,0.0,0.0,,40.0,0.434,226.352,1.518,0.0,,1.45,,,,126.71,0.85,,26.154,,,,,186.339,1.25,,38.462,,0.0,0.0,,,,0.0,0.0,,0.0,,,,,298.142,2.0,,20.393,4.931,4339.895,29.113,61.538,,,0.4,0.3,,,59.628,44.721,,12.308,9.231,,484.48,22.762,,,,186.339,1.25,,38.462,,,,,0.0,0.0,,0.0,,,,,0.0,0.0,,0.0,
Papua New Guinea,2007,PNG,6921069.0,,,,,,13.004,0.09,2.695,,437.126,,,,,0.0,0.0,,0.0,0.0,0.0,0.0,,3.34,3.34,,7.771,1.769,3544.432,,,,288.973,2.0,,,59.88,,,,,0.0,0.0,,-2.857,-0.043,213.123,1.475,0.0,,1.46,,,,122.813,0.85,,25.449,,,,,193.612,1.34,,40.12,,0.0,0.0,,,,0.0,0.0,,0.0,,,,,288.973,2.0,,-20.688,-6.023,3336.195,23.09,59.88,,,0.49,0.4,,,70.798,57.795,,14.671,11.976,,482.584,24.531,,,,193.612,1.34,,40.12,,,,,0.0,0.0,,0.0,,,,,0.0,0.0,,0.0,
Papua New Guinea,2008,PNG,7137999.0,,,,,,12.609,0.09,2.744,,432.927,,,,,0.0,0.0,,0.0,0.0,0.0,0.0,,3.28,3.28,,-11.05,-2.711,3056.953,,,,271.785,1.94,,,59.146,,,,,0.0,0.0,,-4.412,-0.065,197.529,1.41,0.0,,1.42,,,,119.081,0.85,,25.915,,,,,187.728,1.34,,40.854,,0.0,0.0,,,,0.0,0.0,,0.0,,,,,271.785,1.94,,7.814,1.804,3487.572,24.894,59.146,,,0.49,0.4,,,68.647,56.038,,14.939,12.195,,459.513,21.821,,,,187.728,1.34,,40.854,,,,,0.0,0.0,,0.0,,,,,0.0,0.0,,0.0,
Papua New Guinea,2009,PNG,7358887.0,,,,,,9.512,0.07,2.09,,441.791,,,,,0.0,0.0,,0.0,0.0,0.0,0.0,,3.35,3.35,,9.91,2.162,3259.054,,,,275.857,2.03,,,60.597,,,,,0.0,0.0,,-23.077,-0.325,147.384,1.085,0.0,,1.48,,,,115.507,0.85,,25.373,,,,,179.375,1.32,,39.403,,0.0,0.0,,,,0.0,0.0,,0.0,,,,,275.857,2.03,,-4.631,-1.153,3226.214,23.741,60.597,,,0.47,0.4,,,63.868,54.356,,14.03,11.94,,455.232,23.983,,,,179.375,1.32,,39.403,,,,,0.0,0.0,,0.0,,,,,0.0,0.0,,0.0,
Papua New Guinea,2010,PNG,7583269.0,,,,,,9.231,0.07,2.065,,445.428,,,,,0.0,0.0,,0.0,0.0,0.0,0.0,,3.39,3.39,,-9.329,-2.237,2867.584,,,,272.969,2.07,,,61.062,,,,,0.0,0.0,,10.0,0.108,157.326,1.193,0.0,,1.51,,,,112.089,0.85,,25.074,,,,,174.067,1.32,,38.938,,0.0,0.0,,,,0.0,0.0,,0.0,,,,,272.969,2.07,,-22.134,-5.255,2437.801,18.487,61.062,,,0.47,0.4,,,61.979,52.748,,13.864,11.799,,447.037,21.746,,,,174.067,1.32,,38.938,,,,,0.0,0.0,,0.0,,,,,0.0,0.0,,0.0,
Papua New Guinea,2011,PNG,7806637.0,,,,,,7.686,0.06,1.7,,433.428,,,,,0.0,0.0,,0.0,0.0,0.0,0.0,,3.53,3.53,,4.735,1.03,2917.431,,,,270.283,2.11,,,59.773,,,,,0.0,0.0,,-9.091,-0.108,138.931,1.085,0.0,,1.53,,,,122.972,0.96,,27.195,,,,,181.896,1.42,,40.227,,0.0,0.0,,,,0.0,0.0,,0.0,,,,,270.283,2.11,,-5.302,-0.98,2242.484,17.506,59.773,,,0.46,0.4,,,58.924,51.238,,13.031,11.331,,452.179,22.775,,,,181.896,1.42,,40.227,,,,,0.0,0.0,,0.0,,,,,0.0,0.0,,0.0,
Papua New Guinea,2012,PNG,8026548.0,,,,,,7.475,0.06,1.662,,437.673,,,,,0.0,0.0,,0.0,0.0,0.0,0.0,,3.61,3.61,,-3.372,-0.768,2741.809,,,,271.599,2.18,,,60.388,,,,,0.0,0.0,,0.0,0.0,135.125,1.085,0.0,,1.58,,,,120.849,0.97,,26.87,,,,,178.159,1.43,,39.612,,0.0,0.0,,,,0.0,0.0,,0.0,,,,,271.599,2.18,,-6.022,-1.054,2049.698,16.452,60.388,,,0.46,0.4,,,57.31,49.835,,12.742,11.08,,449.757,22.007,,,,178.159,1.43,,39.612,,,,,0.0,0.0,,0.0,,,,,0.0,0.0,,0.0,
Papua New Guinea,2013,PNG,8245634.0,,,,,,9.702,0.08,2.094,,447.644,,,,,0.0,0.0,,0.0,0.0,0.0,0.0,,3.82,3.82,,2.322,0.511,2730.934,,,,284.999,2.35,,,61.518,,,,,0.0,0.0,,10.0,0.108,144.688,1.193,0.0,,1.71,,,,120.064,0.99,,25.916,,,,,178.276,1.47,,38.482,,0.0,0.0,,,,0.0,0.0,,0.0,,,,,284.999,2.35,,-16.215,-2.668,1671.707,13.784,61.518,,,0.48,0.4,,,58.213,48.511,,12.565,10.471,,463.275,22.518,,,,178.276,1.47,,38.482,,,,,0.0,0.0,,0.0,,,,,0.0,0.0,,0.0,
Papua New Guinea,2014,PNG,8464159.0,,,,,,9.452,0.08,1.99,,455.224,,,,,0.0,0.0,,0.0,0.0,0.0,0.0,,4.02,4.02,,5.863,1.32,2816.402,,,,298.907,2.53,,,62.935,,,,,0.0,0.0,,4218.182,50.325,6086.584,51.518,0.0,,1.83,,,,119.327,1.01,,25.124,,,,,176.036,1.49,,37.065,,0.0,0.0,,,,0.0,0.0,,0.0,,,,,298.907,2.53,,53.955,7.437,2507.237,21.222,62.935,,,0.48,0.4,,,56.71,47.258,,11.94,9.95,,474.944,23.838,,,,176.036,1.49,,37.065,,,,,0.0,0.0,,0.0,,,,,0.0,0.0,,0.0,
Papua New Guinea,2015,PNG,8682172.0,,,,,,9.214,0.08,1.928,,465.06,,,,,0.0,0.0,,0.0,0.0,0.0,0.0,,4.15,4.15,,15.473,3.689,3170.52,,,,307.527,2.67,,,64.337,,,,,0.0,0.0,,106.316,54.772,12242.258,106.289,0.0,,1.93,,,,115.179,1.0,,24.096,,,,,170.464,1.48,,35.663,,0.0,0.0,,,,0.0,0.0,,0.0,,,,,307.527,2.67,,48.803,10.357,3637.151,31.578,64.337,,,0.48,0.4,,,55.286,46.071,,11.566,9.639,,477.991,27.527,,,,170.464,1.48,,35.663,,,,,0.0,0.0,,0.0,,,,,0.0,0.0,,0.0,
Papua New Guinea,2016,PNG,8899176.0,,,,,,8.99,0.08,1.874,,470.726,,,,,0.0,0.0,,0.0,0.0,0.0,0.0,,4.27,4.27,,6.149,1.693,3283.417,,,,313.512,2.79,,,65.34,,,,,0.0,0.0,,12.186,12.953,13399.208,119.242,0.0,,2.01,,,,112.37,1.0,,23.419,,,,,166.308,1.48,,34.66,,0.0,0.0,,,,0.0,0.0,,0.0,,,,,313.512,2.79,,6.734,2.127,3787.427,33.705,65.34,,,0.48,0.4,,,53.938,44.948,,11.241,9.368,,479.82,29.22,,,,166.308,1.48,,34.66,,,,,0.0,0.0,,0.0,,,,,0.0,0.0,,0.0,
Papua New Guinea,2017,PNG,9114803.0,,,,,,8.777,0.08,1.878,,504.695,,,,,0.0,0.0,,,,,0.0,,4.26,4.26,,-3.357,-0.981,3098.138,,,,328.038,2.99,,,70.188,,,,,0.0,0.0,,,,,,0.0,,2.15,,,,86.672,0.79,,18.545,,,,,139.334,1.27,,29.812,,0.0,0.0,,,,0.0,0.0,,0.0,,,,,328.038,2.99,,,,,,70.188,,,0.48,0.4,,,52.662,43.885,,11.268,9.39,,467.372,28.239,,,,139.334,1.27,,29.812,,,,,0.0,0.0,,0.0,,,,,0.0,0.0,,0.0,
Papua New Guinea,2018,PNG,9329233.0,,,,,,9.647,0.09,2.045,,511.364,,,,,0.0,0.0,,,,,0.0,,4.4,4.4,,4.071,1.15,3150.152,,,,335.505,3.13,,,71.136,,,,,0.0,0.0,,,,,,0.0,,2.25,,,,83.608,0.78,,17.727,,,,,136.131,1.27,,28.864,,0.0,0.0,,,,0.0,0.0,,0.0,,,,,335.505,3.13,,,,,,71.136,,,0.49,0.4,,,52.523,42.876,,11.136,9.091,,471.636,29.388,,,,136.131,1.27,,28.864,,,,,0.0,0.0,,0.0,,,,,0.0,0.0,,0.0,
Papua New Guinea,2019,PNG,9542492.0,,,,,,8.384,0.08,1.802,,511.261,,,,,0.0,0.0,,,,,0.0,,4.44,4.44,,2.59,0.761,3159.517,,,,331.15,3.16,,,71.171,,,,,0.0,0.0,,,,,,0.0,,2.27,,,,83.836,0.8,,18.018,,,,,134.137,1.28,,28.829,,0.0,0.0,,,,0.0,0.0,,0.0,,,,,331.15,3.16,,,,,,71.171,,,0.48,0.4,,,50.301,41.918,,10.811,9.009,,465.287,30.15,,,,134.137,1.28,,28.829,,,,,0.0,0.0,,0.0,,,,,0.0,0.0,,0.0,
Papua New Guinea,2020,PNG,9749641.0,,,,,,8.205,0.08,1.724,,519.397,,,,,0.0,0.0,,,,,0.0,,4.64,4.64,,-30.026,-9.053,2163.87,,,,344.628,3.36,,,72.414,,,,,0.0,0.0,,,,,,0.0,,2.41,,,,82.054,0.8,,17.241,,,,,131.287,1.28,,27.586,,0.0,0.0,,,,0.0,0.0,,0.0,,,,,344.628,3.36,,,,,,72.414,,,0.48,0.4,,,49.233,41.027,,10.345,8.621,,475.915,21.097,,,,131.287,1.28,,27.586,,,,,0.0,0.0,,0.0,,,,,0.0,0.0,,0.0,
Papua New Guinea,2021,PNG,9949438.0,,,,,,9.046,0.09,1.852,,526.749,,,,,0.0,0.0,,,,,0.0,,4.86,4.86,,0.145,0.031,2123.498,,,,358.814,3.57,,,73.457,,,,,0.0,0.0,,,,,,0.0,,2.56,,,,80.407,0.8,,16.461,,,,,129.656,1.29,,26.543,,0.0,0.0,,,,0.0,0.0,,0.0,,,,,358.814,3.57,,,,,,73.457,,,0.49,0.4,,,49.249,40.203,,10.082,8.23,,488.47,21.128,,,,129.656,1.29,,26.543,,,,,0.0,0.0,,0.0,,,,,0.0,0.0,,0.0,
Paraguay,1980,PRY,3078914.0,16341147648.0,,,,,,,,,,,,,,,,,,0.0,0.0,,,,,,,,2634.371,0.496,,,,,,,,,,,,,,,,,0.0,0.0,,,,,,,,,,,,,,,,,,,,,,,,,,,,,,,,,,,,,,0.0,0.0,,,,,,,,,,,,,,,8.111,,,,,,,,,,,,,,,,,,,,,,,,
Paraguay,1981,PRY,3163309.0,17785296896.0,,,,,,,,,,,,,,,,,0.0,0.0,0.0,,,,,,-3.289,-0.267,2479.758,0.441,,,,,,,,,,,,,,,,0.0,0.0,0.0,,,,,,,,,,,,,,,,,,,,,,,,,,,,,,,,,,,,,0.0,0.0,0.0,,,,,,,,,,,,,,,7.844,,,,,,,,,,,,,,,,,,,,,,,,
Paraguay,1982,PRY,3251679.0,17625100288.0,,,,,,,,,,,,,,,,,0.0,0.0,0.0,,,,,,-1.83,-0.144,2368.229,0.437,,,,,,,,,,,,,,,,0.0,0.0,0.0,,,,,,,,,,,,,,,,,,,,,,,,,,,,,,,,,,,,,0.0,0.0,0.0,,,,,,,,,,,,,,,7.701,,,,,,,,,,,,,,,,,,,,,,,,
Paraguay,1983,PRY,3343279.0,17109645312.0,,,,,,,,,,,,,,,,,0.0,0.0,0.0,,,,,,7.937,0.611,2486.154,0.486,,,,,,,,,,,,,,,,0.0,0.0,0.0,,,,,,,,,,,,,,,,,,,,,,,,,,,,,,,,,,,,,0.0,0.0,0.0,,,,,,,,,,,,,,,8.312,,,,,,,,,,,,,,,,,,,,,,,,
Paraguay,1984,PRY,3437897.0,17643759616.0,,,,,,,,,,,,,,,,,0.0,0.0,0.0,,,,,,7.615,0.633,2601.846,0.507,,,,,,,,,,,,,,,,0.0,0.0,0.0,,,,,,,,,,,,,,,,,,,,,,,,,,,,,,,,,,,,,0.0,0.0,0.0,,,,,,,,,,,,,,,8.945,,,,,,,,,,,,,,,,,,,,,,,,
Paraguay,1985,PRY,3535505.0,18342961152.0,,,,,,,,,,,,,,,,,0.0,0.0,0.0,,,,,,84.067,7.52,4656.928,0.898,,,,,,,,,,,,,,,,0.0,0.0,0.0,,,,,,,,,,,,,,,,,,,,,,,,,,,,,,,,,,,,,0.0,0.0,0.0,,,,,,,,,,,,,,,16.465,,,,,,,,,,,,,,,,,,,,,,,,
Paraguay,1986,PRY,3636030.0,18352973824.0,,,,,,,,,,,,,,,,,0.0,0.0,0.0,,,,,,100.52,16.55,9079.885,1.799,,,,,,,,,,,,,,,,0.0,0.0,0.0,,,,,,,,,,,,,,,,,,,,,,,,,,,,,,,,,,,,,0.0,0.0,0.0,,,,,,,,,,,,,,,33.015,,,,,,,,,,,,,,,,,,,,,,,,
Paraguay,1987,PRY,3739057.0,19149666304.0,,,,,,,,,,,,,,,,,0.0,0.0,0.0,,,,,,48.688,16.074,13128.717,2.563,,,,,,,,,,,,,,,,0.0,0.0,0.0,,,,,,,,,,,,,,,,,,,,,,,,,,,,,,,,,,,,,0.0,0.0,0.0,,,,,,,,,,,,,,,49.089,,,,,,,,,,,,,,,,,,,,,,,,
Paraguay,1988,PRY,3844442.0,20363573248.0,,,,,,,,,,,,,,,,,0.0,0.0,0.0,,,,,,4.054,1.99,13286.492,2.508,,,,,,,,,,,,,,,,0.0,0.0,0.0,,,,,,,,,,,,,,,,,,,,,,,,,,,,,,,,,,,,,0.0,0.0,0.0,,,,,,,,,,,,,,,51.079,,,,,,,,,,,,,,,,,,,,,,,,
Paraguay,1989,PRY,3951286.0,21535528960.0,,,,,,,,,,,,,,,,,0.0,0.0,0.0,,,,,,24.368,12.447,16077.275,2.95,,,,,,,,,,,,,,,,0.0,0.0,0.0,,,,,,,,,,,,,,,,,,,,,,,,,,,,,,,,,,,,,0.0,0.0,0.0,,,,,,,,,,,,,,,63.526,,,,,,,,,,,,,,,,,,,,,,,,
Paraguay,1990,PRY,4059198.0,22196119552.0,,,,,,,,,,,,,,,,,0.0,0.0,0.0,,,,,,6.525,4.145,16671.078,3.049,,,,,,,,,,,,,,,,0.0,0.0,0.0,,,,,,,,,,,,,,,,,,,,,,,,,,,,,,,,,,,,,0.0,0.0,0.0,,,,,,,,,,,,,,,67.671,,,,,,,,,,,,,,,,,,,,,,,,
Paraguay,1991,PRY,4168005.0,22815096832.0,,,,,,,,,,,,,,,,,0.0,0.0,0.0,,,,,,6.005,4.063,17210.789,3.144,,,,,,,,,,,,,,,,0.0,0.0,0.0,,,,,,,,,,,,,,,,,,,,,,,,,,,,,,,,,,,,,0.0,0.0,0.0,,,,,,,,,,,,,,,71.735,,,,,,,,,,,,,,,,,,,,,,,,
Paraguay,1992,PRY,4277057.0,23297732608.0,,,,,,,,,,,,,,,,,0.0,0.0,0.0,,,,,,-5.691,-4.082,15817.484,2.904,,,,,,,,,,,,,,,,0.0,0.0,0.0,,,,,,,,,,,,,,,,,,,,,,,,,,,,,,,,,,,,,0.0,0.0,0.0,,,,,,,,,,,,,,,67.652,,,,,,,,,,,,,,,,,,,,,,,,
Paraguay,1993,PRY,4386206.0,24342777856.0,,,,,,,,,,,,,,,,,0.0,0.0,0.0,,,,,,12.924,8.744,17417.297,3.138,,,,,,,,,,,,,,,,0.0,0.0,0.0,,,,,,,,,,,,,,,,,,,,,,,,,,,,,,,,,,,,,0.0,0.0,0.0,,,,,,,,,,,,,,,76.396,,,,,,,,,,,,,,,,,,,,,,,,
Paraguay,1994,PRY,4495301.0,25181163520.0,,,,,,,,,,,,,,,,,0.0,0.0,0.0,,,,,,15.51,11.849,19630.529,3.504,,,,,,,,,,,,,,,,0.0,0.0,0.0,,,,,,,,,,,,,,,,,,,,,,,,,,,,,,,,,,,,,0.0,0.0,0.0,,,,,,,,,,,,,,,88.245,,,,,,,,,,,,,,,,,,,,,,,,
Paraguay,1995,PRY,4603924.0,26638153728.0,,,,,,,,,,,,,,,,,0.0,0.0,0.0,,,,,,15.32,13.519,22103.842,3.82,,,,,,,,,,,,,,,,0.0,0.0,0.0,,,,,,,,,,,,,,,,,,,,,,,,,,,,,,,,,,,,,0.0,0.0,0.0,,,,,,,,,,,,,,,101.764,,,,,,,,,,,,,,,,,,,,,,,,
Paraguay,1996,PRY,4711656.0,26836725760.0,,,,,,,,,,,,,,,,,0.0,0.0,0.0,,,,,,4.647,4.729,22602.16,3.968,,,,,,,,,,,,,,,,0.0,0.0,0.0,,,,,,,,,,,,,,,,,,,,,,,,,,,,,,,,,,,,,0.0,0.0,0.0,,,,,,,,,,,,,,,106.494,,,,,,,,,,,,,,,,,,,,,,,,
Paraguay,1997,PRY,4818292.0,27719501824.0,,,,,,,,,,,,,,,,,0.0,0.0,0.0,,,,,,10.111,10.768,24336.727,4.23,,,,,,,,,,,,,,,,0.0,0.0,0.0,,,,,,,,,,,,,,,,,,,,,,,,,,,,,,,,,,,,,0.0,0.0,0.0,,,,,,,,,,,,,,,117.261,,,,,,,,,,,,,,,,,,,,,,,,
Paraguay,1998,PRY,4923454.0,27961618432.0,,,,,,,,,,,,,,,,,0.0,0.0,0.0,,,,,,1.854,2.174,24258.488,4.271,,,,,,,,,,,,,,,,0.0,0.0,0.0,,,,,,,,,,,,,,,,,,,,,,,,,,,,,,,,,,,,,0.0,0.0,0.0,,,,,,,,,,,,,,,119.436,,,,,,,,,,,,,,,,,,,,,,,,
Paraguay,1999,PRY,5026035.0,27639984128.0,,,,,,,,,,,,,,,,,0.0,0.0,0.0,,,,,,4.636,5.537,24865.104,4.521,,,,,,,,,,,,,,,,0.0,0.0,0.0,,,,,,,,,,,,,,,,,,,,,,,,,,,,,,,,,,,,,0.0,0.0,0.0,,,,,,,,,,,,,,,124.973,,,,,,,,,,,,,,,,,,,,,,,,
Paraguay,2000,PRY,5123817.0,26804834304.0,,,,,0.0,0.0,0.0,,24.165,,,,,0.0,0.0,,0.0,0.0,0.0,0.0,,5.61,52.97,,-0.224,-0.28,24335.996,4.652,,,1.952,0.01,,,0.019,,,,,0.0,0.0,,,0.0,0.0,0.0,0.0,,1.28,,,,10336.044,52.96,,99.981,,,,,10336.044,52.96,,99.981,,-47.36,-844.207,,,,0.0,0.0,,0.0,,,,,1.952,0.01,,,0.0,0.0,0.0,0.019,,,0.0,0.0,,,0.0,0.0,,0.0,0.0,,10337.996,124.693,,,,10336.044,52.96,,99.981,,,,,0.0,0.0,,0.0,,,,,0.0,0.0,,0.0,
Paraguay,2001,PRY,5211540.0,27445710848.0,,,,,0.0,0.0,0.0,,24.292,,,,,0.0,0.0,,0.0,0.0,0.0,0.0,,5.73,44.87,,-11.073,-13.807,21277.064,4.04,,,1.919,0.01,,,0.022,,,,,0.0,0.0,,,0.0,0.0,0.0,0.0,,1.09,,,,8607.82,44.86,,99.978,,,,,8607.82,44.86,,99.978,,-39.14,-683.072,,,,0.0,0.0,,0.0,,,,,1.919,0.01,,,0.0,0.0,0.0,0.022,,,0.0,0.0,,,0.0,0.0,,0.0,0.0,,8609.739,110.886,,,,8607.82,44.86,,99.978,,,,,0.0,0.0,,0.0,,,,,0.0,0.0,,0.0,
Paraguay,2002,PRY,5286515.0,31674544128.0,,,,,0.0,0.0,0.0,,24.298,,,,,0.0,0.0,,0.0,0.0,0.0,0.0,,5.96,47.74,,4.199,4.656,21856.117,3.648,,,1.892,0.01,,,0.021,,,,,0.0,0.0,,,0.0,0.0,0.0,0.0,,1.16,,,,9028.632,47.73,,99.979,,,,,9028.632,47.73,,99.979,,-41.78,-701.007,,,,0.0,0.0,,0.0,,,,,1.892,0.01,,,0.0,0.0,0.0,0.021,,,0.0,0.0,,,0.0,0.0,,0.0,0.0,,9030.524,115.543,,,,9028.632,47.73,,99.979,,,,,0.0,0.0,,0.0,,,,,0.0,0.0,,0.0,
Paraguay,2003,PRY,5353260.0,33147164672.0,,,,,0.0,0.0,0.0,,24.186,,,,,0.0,0.0,,0.0,0.0,0.0,0.0,,6.09,51.27,,6.015,6.95,22881.867,3.695,,,3.736,0.02,,,0.039,,,,,0.0,0.0,,,0.0,0.0,0.0,0.0,,1.24,,,,9573.605,51.25,,99.961,,,,,9573.605,51.25,,99.961,,-45.18,-741.872,,,,0.0,0.0,,0.0,,,,,3.736,0.02,,,0.0,0.0,0.0,0.039,,,0.0,0.0,,,0.0,0.0,,0.0,0.0,,9577.342,122.493,,,,9573.605,51.25,,99.961,,,,,0.0,0.0,,0.0,,,,,0.0,0.0,,0.0,
Paraguay,2004,PRY,5416327.0,34604900352.0,,,,,0.0,0.0,0.0,,23.925,,,,,0.0,0.0,,0.0,0.0,0.0,0.0,,6.4,51.41,,-0.734,-0.899,22449.5,3.514,,,0.0,0.0,,,0.0,,,,,0.0,0.0,,,0.0,0.0,0.0,0.0,,1.23,,,,9491.672,51.41,,100.0,,,,,9491.672,51.41,,100.0,,-45.01,-703.281,,,,0.0,0.0,,0.0,,,,,0.0,0.0,,,0.0,0.0,0.0,0.0,,,0.0,0.0,,,0.0,0.0,,0.0,0.0,,9491.672,121.594,,,,9491.672,51.41,,100.0,,,,,0.0,0.0,,0.0,,,,,0.0,0.0,,0.0,
Paraguay,2005,PRY,5476881.0,35459264512.0,,,,,0.0,0.0,0.0,,24.087,,,,,0.0,0.0,,0.0,0.0,0.0,0.0,,6.86,50.65,,-2.023,-2.46,21752.111,3.36,,,0.0,0.0,,,0.0,,,,,0.0,0.0,,,0.0,0.0,0.0,0.0,,1.22,,,,9247.965,50.65,,100.0,,,,,9247.965,50.65,,100.0,,-43.79,-638.338,,,,0.0,0.0,,0.0,,,,,0.0,0.0,,,0.0,0.0,0.0,0.0,,,0.0,0.0,,,0.0,0.0,,0.0,0.0,,9247.965,119.134,,,,9247.965,50.65,,100.0,,,,,0.0,0.0,,0.0,,,,,0.0,0.0,,0.0,
Paraguay,2006,PRY,5534682.0,37279473664.0,,,,,0.0,0.0,0.0,,24.038,,,,,0.0,0.0,,0.0,0.0,0.0,0.0,,7.54,53.25,,4.704,5.604,22537.387,3.346,,,0.0,0.0,,,0.0,,,,,0.0,0.0,,,0.0,0.0,0.0,0.0,,1.28,,,,9621.148,53.25,,100.0,,,,,9621.148,53.25,,100.0,,-45.71,-606.233,,,,0.0,0.0,,0.0,,,,,0.0,0.0,,,0.0,0.0,0.0,0.0,,,0.0,0.0,,,0.0,0.0,,0.0,0.0,,9621.148,124.737,,,,9621.148,53.25,,100.0,,,,,0.0,0.0,,0.0,,,,,0.0,0.0,,0.0,
Paraguay,2007,PRY,5590148.0,39426408448.0,,,,,0.0,0.0,0.0,,24.065,,,,,0.0,0.0,,0.0,0.0,0.0,0.0,,8.08,53.19,,0.427,0.533,22409.062,3.177,,,0.0,0.0,,,0.0,,,,,0.0,0.0,,,0.0,0.0,0.0,0.0,,1.28,,,,9514.954,53.19,,100.0,,,,,9514.954,53.19,,100.0,,-45.11,-558.292,,,,0.0,0.0,,0.0,,,,,0.0,0.0,,,0.0,0.0,0.0,0.0,,,0.0,0.0,,,0.0,0.0,,0.0,0.0,,9514.954,125.27,,,,9514.954,53.19,,100.0,,,,,0.0,0.0,,0.0,,,,,0.0,0.0,,0.0,
Paraguay,2008,PRY,5645155.0,42073583616.0,,,,,0.0,0.0,0.0,,24.039,,,,,0.0,0.0,,0.0,0.0,0.0,0.0,,8.62,54.91,,3.139,3.932,22887.295,3.071,,,0.0,0.0,,,0.0,,,,,0.0,0.0,,,0.0,0.0,0.0,0.0,,1.32,,,,9726.926,54.91,,100.0,,,,,9726.926,54.91,,100.0,,-46.29,-537.007,,,,0.0,0.0,,0.0,,,,,0.0,0.0,,,0.0,0.0,0.0,0.0,,,0.0,0.0,,,0.0,0.0,,0.0,0.0,,9726.926,129.202,,,,9726.926,54.91,,100.0,,,,,0.0,0.0,,0.0,,,,,0.0,0.0,,0.0,
Paraguay,2009,PRY,5702579.0,40532090880.0,,,,,0.0,0.0,0.0,,24.076,,,,,0.0,0.0,,0.0,0.0,0.0,0.0,,9.37,54.41,,-0.895,-1.157,22453.984,3.159,,,0.0,0.0,,,0.0,,,,,0.0,0.0,,,0.0,0.0,0.0,0.0,,1.31,,,,9541.297,54.41,,100.0,,,,,9541.297,54.41,,100.0,,-45.04,-480.683,,,,0.0,0.0,,0.0,,,,,0.0,0.0,,,0.0,0.0,0.0,0.0,,,0.0,0.0,,,0.0,0.0,,0.0,0.0,,9541.297,128.046,,,,9541.297,54.41,,100.0,,,,,0.0,0.0,,0.0,,,,,0.0,0.0,,0.0,
Paraguay,2010,PRY,5768618.0,45988691968.0,,,,,0.0,0.0,0.0,,23.916,,,,,0.0,0.0,,0.0,0.0,0.0,0.0,,10.14,53.52,,1.127,1.443,22447.141,2.816,,,0.0,0.0,,,0.0,,,,,0.0,0.0,,,0.0,0.0,0.0,0.0,,1.28,,,,9277.785,53.52,,100.0,,,,,9277.785,53.52,,100.0,,-43.38,-427.811,,,,0.0,0.0,,0.0,,,,,0.0,0.0,,,0.0,0.0,0.0,0.0,,,0.0,0.0,,,0.0,0.0,,0.0,0.0,,9277.785,129.489,,,,9277.785,53.52,,100.0,,,,,0.0,0.0,,0.0,,,,,0.0,0.0,,0.0,
Paraguay,2011,PRY,5843938.0,48142016512.0,,,,,0.0,0.0,0.0,,24.014,,,,,0.0,0.0,,0.0,0.0,0.0,0.0,,10.93,57.05,,5.361,6.942,23345.691,2.834,,,0.0,0.0,,,0.0,,,,,0.0,0.0,,,0.0,0.0,0.0,0.0,,1.37,,,,9762.252,57.05,,100.0,,,,,9762.252,57.05,,100.0,,-46.12,-421.958,,,,0.0,0.0,,0.0,,,,,0.0,0.0,,,0.0,0.0,0.0,0.0,,,0.0,0.0,,,0.0,0.0,,0.0,0.0,,9762.252,136.431,,,,9762.252,57.05,,100.0,,,,,0.0,0.0,,0.0,,,,,0.0,0.0,,0.0,
Paraguay,2012,PRY,5923327.0,47541051392.0,,,,,0.0,0.0,0.0,,23.981,,,,,0.0,0.0,,0.0,0.0,0.0,0.0,,11.97,59.63,,2.631,3.589,23638.725,2.945,,,0.0,0.0,,,0.0,,,,,0.0,0.0,,,0.0,0.0,0.0,0.0,,1.43,,,,10066.978,59.63,,100.0,,,,,10066.978,59.63,,100.0,,-47.66,-398.162,,,,0.0,0.0,,0.0,,,,,0.0,0.0,,,0.0,0.0,0.0,0.0,,,0.0,0.0,,,0.0,0.0,,0.0,0.0,,10066.978,140.02,,,,10066.978,59.63,,100.0,,,,,0.0,0.0,,0.0,,,,,0.0,0.0,,0.0,
Paraguay,2013,PRY,6005656.0,54217416704.0,,,,,16.651,0.1,0.167,,24.704,,,,,0.0,0.0,,0.0,0.0,0.0,0.0,,12.55,59.91,,0.856,1.199,23514.254,2.605,,,6.66,0.04,,,0.067,,,,,0.0,0.0,,,0.0,0.0,0.0,0.0,,1.48,,,,9952.285,59.77,,99.766,,,,,9968.936,59.87,,99.933,,-47.36,-377.371,,,,0.0,0.0,,0.0,,,,,6.66,0.04,,,0.0,0.0,0.0,0.067,,,0.1,0.0,,,16.651,0.0,,0.167,0.0,,9975.597,141.219,,,,9968.936,59.87,,99.933,,,,,0.0,0.0,,0.0,,,,,0.0,0.0,,0.0,
Paraguay,2014,PRY,6090727.0,56773791744.0,,,,,18.06,0.11,0.2,,24.968,,,,,0.0,0.0,,0.0,0.0,0.0,0.0,,13.47,54.87,,-5.354,-7.561,21944.449,2.354,,,6.567,0.04,,,0.073,,,,,0.0,0.0,,,0.0,0.0,0.0,0.0,,1.37,,,,8984.149,54.72,,99.727,,,,,9002.21,54.83,,99.927,,-41.4,-307.35,,,,0.0,0.0,,0.0,,,,,6.567,0.04,,,0.0,0.0,0.0,0.073,,,0.11,0.0,,,18.06,0.0,,0.2,0.0,,9008.776,133.658,,,,9002.21,54.83,,99.927,,,,,0.0,0.0,,0.0,,,,,0.0,0.0,,0.0,
Paraguay,2015,PRY,6177954.0,58522324992.0,,,,,17.805,0.11,0.199,,24.937,,,,,0.0,0.0,,0.0,0.0,0.0,0.0,,14.21,55.34,,2.574,3.44,22191.486,2.343,,,6.475,0.04,,,0.072,,,,,0.0,0.0,,,0.0,0.0,0.0,0.0,,1.38,,,,8933.378,55.19,,99.729,,,,,8951.184,55.3,,99.928,,-41.13,-289.444,,,,0.0,0.0,,0.0,,,,,6.475,0.04,,,0.0,0.0,0.0,0.072,,,0.11,0.0,,,17.805,0.0,,0.199,0.0,,8957.658,137.098,,,,8951.184,55.3,,99.928,,,,,0.0,0.0,,0.0,,,,,0.0,0.0,,0.0,
Paraguay,2016,PRY,6266623.0,60921225216.0,,,,,27.128,0.17,0.269,,24.645,,,,,0.0,0.0,,0.0,0.0,0.0,0.0,,14.88,63.3,,12.988,17.806,24718.906,2.543,,,0.0,0.0,,,0.0,,,,,0.0,0.0,,,0.0,0.0,0.0,0.0,,1.56,,,,10074.007,63.13,,99.731,,,,,10101.134,63.3,,100.0,,-48.42,-325.403,,,,0.0,0.0,,0.0,,,,,0.0,0.0,,,0.0,0.0,0.0,0.0,,,0.17,0.0,,,27.128,0.0,,0.269,0.0,,10101.134,154.904,,,,10101.134,63.3,,100.0,,,,,0.0,0.0,,0.0,,,,,0.0,0.0,,0.0,
Paraguay,2017,PRY,6355406.0,63939260416.0,,,,,22.028,0.14,0.236,,24.481,,,,,0.0,0.0,,,,,0.0,,15.6,59.23,,-3.848,-5.961,23435.645,2.329,,,0.0,0.0,,,0.0,,,,,0.0,0.0,,,,,,0.0,,1.45,,,,9297.597,59.09,,99.764,,,,,9319.625,59.23,,100.0,,-43.63,-279.679,,,,0.0,0.0,,0.0,,,,,0.0,0.0,,,,,,0.0,,,0.14,0.0,,,22.028,0.0,,0.236,0.0,,9319.625,148.943,,,,9319.625,59.23,,100.0,,,,,0.0,0.0,,0.0,,,,,0.0,0.0,,0.0,
Paraguay,2018,PRY,6443337.0,66292862976.0,,,,,20.176,0.13,0.221,,24.511,,,,,0.0,0.0,,,,,0.0,,16.54,58.75,,0.102,0.152,23139.457,2.249,,,0.0,0.0,,,0.0,,,,,0.0,0.0,,,,,,0.0,,1.44,,,,9097.771,58.62,,99.779,,,,,9117.946,58.75,,100.0,,-42.21,-255.2,,,,0.0,0.0,,0.0,,,,,0.0,0.0,,,,,,0.0,,,0.13,0.0,,,20.176,0.0,,0.221,0.0,,9117.946,149.095,,,,9117.946,58.75,,100.0,,,,,0.0,0.0,,0.0,,,,,0.0,0.0,,0.0,
Paraguay,2019,PRY,6530029.0,,,,,,9.188,0.06,0.122,,25.071,,,,,0.0,0.0,,,,,0.0,,17.31,49.06,,-12.825,-19.122,19903.92,,,,10.72,0.07,,,0.143,,,,,0.0,0.0,,,,,,0.0,,1.23,,,,7493.076,48.93,,99.735,,,,,7502.264,48.99,,99.857,,-31.75,-183.42,,,,0.0,0.0,,0.0,,,,,10.72,0.07,,,,,,0.143,,,0.06,0.0,,,9.188,0.0,,0.122,0.0,,7512.983,129.973,,,,7502.264,48.99,,99.857,,,,,0.0,0.0,,0.0,,,,,0.0,0.0,,0.0,
Paraguay,2020,PRY,6618700.0,,,,,,9.065,0.06,0.129,,25.161,,,,,0.0,0.0,,,,,0.0,,18.5,46.5,,-5.826,-7.573,18493.115,,,,10.576,0.07,,,0.151,,,,,0.0,0.0,,,,,,0.0,,1.17,,,,7005.908,46.37,,99.72,,,,,7014.973,46.43,,99.849,,-28.0,-151.351,,,,0.0,0.0,,0.0,,,,,10.576,0.07,,,,,,0.151,,,0.06,0.0,,,9.065,0.0,,0.129,0.0,,7025.549,122.4,,,,7014.973,46.43,,99.849,,,,,0.0,0.0,,0.0,,,,,0.0,0.0,,0.0,
Paraguay,2021,PRY,6703802.0,,,,,,8.95,0.06,0.15,,25.487,,,,,0.0,0.0,,,,,0.0,,12.02,40.02,,-13.561,-16.599,15782.273,,,,10.442,0.07,,,0.175,,,,,0.0,0.0,,,,,,0.0,,1.02,,,,5950.354,39.89,,99.675,,,,,5959.305,39.95,,99.825,,-28.0,-232.945,,,,0.0,0.0,,0.0,,,,,10.442,0.07,,,,,,0.175,,,0.06,0.0,,,8.95,0.0,,0.15,0.0,,5969.747,105.801,,,,5959.305,39.95,,99.825,,,,,0.0,0.0,,0.0,,,,,0.0,0.0,,0.0,
Persian Gulf (EIA),1980,,,,,,,,,,,,,,,,,,,,,,,,,,,,,,,,,,,,,,,,,,,,,,,,,,,,,,,,,,,,,,,,,,,,,,,,,,,,,,,,,,,,,,,,,,,,,,,,,,,,,,,1437.481,,,,,,,,,,,,,,,,,,,,,,,,
Persian Gulf (EIA),1981,,,,,,,,,,,,,,,,,,,,,,,,,,,,4.888,70.268,,,,,,,,,,,,,,,,,,,,,,,,,,,,,,,,,,,,,,,,,,,,,,,,,,,,,,,,,,,,,,,,,,,,,,,,,,1507.749,,,,,,,,,,,,,,,,,,,,,,,,
Persian Gulf (EIA),1982,,,,,,,,,,,,,,,,,,,,,,,,,,,,4.1,61.822,,,,,,,,,,,,,,,,,,,,,,,,,,,,,,,,,,,,,,,,,,,,,,,,,,,,,,,,,,,,,,,,,,,,,,,,,,1569.571,,,,,,,,,,,,,,,,,,,,,,,,
Persian Gulf (EIA),1983,,,,,,,,,,,,,,,,,,,,,,,,,,,,13.646,214.191,,,,,,,,,,,,,,,,,,,,,,,,,,,,,,,,,,,,,,,,,,,,,,,,,,,,,,,,,,,,,,,,,,,,,,,,,,1783.763,,,,,,,,,,,,,,,,,,,,,,,,
Persian Gulf (EIA),1984,,,,,,,,,,,,,,,,,,,,,,,,,,,,9.453,168.621,,,,,,,,,,,,,,,,,,,,,,,,,,,,,,,,,,,,,,,,,,,,,,,,,,,,,,,,,,,,,,,,,,,,,,,,,,1952.383,,,,,,,,,,,,,,,,,,,,,,,,
Persian Gulf (EIA),1985,,,,,,,,,,,,,,,,,,,,,,,,,,,,10.927,213.333,,,,,,,,,,,,,,,,,,,,,,,,,,,,,,,,,,,,,,,,,,,,,,,,,,,,,,,,,,,,,,,,,,,,,,,,,,2165.717,,,,,,,,,,,,,,,,,,,,,,,,
Persian Gulf (EIA),1986,,,,,,,,,,,,,,,,,,,,,,,,,,,,6.744,146.063,,,,,,,,,,,,,,,,,,,,,,,,,,,,,,,,,,,,,,,,,,,,,,,,,,,,,,,,,,,,,,,,,,,,,,,,,,2311.78,,,,,,,,,,,,,,,,,,,,,,,,
Persian Gulf (EIA),1987,,,,,,,,,,,,,,,,,,,,,,,,,,,,6.093,140.858,,,,,,,,,,,,,,,,,,,,,,,,,,,,,,,,,,,,,,,,,,,,,,,,,,,,,,,,,,,,,,,,,,,,,,,,,,2452.638,,,,,,,,,,,,,,,,,,,,,,,,
Persian Gulf (EIA),1988,,,,,,,,,,,,,,,,,,,,,,,,,,,,6.838,167.721,,,,,,,,,,,,,,,,,,,,,,,,,,,,,,,,,,,,,,,,,,,,,,,,,,,,,,,,,,,,,,,,,,,,,,,,,,2620.359,,,,,,,,,,,,,,,,,,,,,,,,
Persian Gulf (EIA),1989,,,,,,,,,,,,,,,,,,,,,,,,,,,,4.979,130.476,,,,,,,,,,,,,,,,,,,,,,,,,,,,,,,,,,,,,,,,,,,,,,,,,,,,,,,,,,,,,,,,,,,,,,,,,,2750.835,,,,,,,,,,,,,,,,,,,,,,,,
Persian Gulf (EIA),1990,,,,,,,,,,,,,,,,,,,,,,,,,,,,0.636,17.499,,,,,,,,,,,,,,,,,,,,,,,,,,,,,,,,,,,,,,,,,,,,,,,,,,,,,,,,,,,,,,,,,,,,,,,,,,2768.334,,,,,,,,,,,,,,,,,,,,,,,,
Persian Gulf (EIA),1991,,,,,,,,,,,,,,,,,,,,,,,,,,,,2.051,56.772,,,,,,,,,,,,,,,,,,,,,,,,,,,,,,,,,,,,,,,,,,,,,,,,,,,,,,,,,,,,,,,,,,,,,,,,,,2825.106,,,,,,,,,,,,,,,,,,,,,,,,
Persian Gulf (EIA),1992,,,,,,,,,,,,,,,,,,,,,,,,,,,,9.959,281.36,,,,,,,,,,,,,,,,,,,,,,,,,,,,,,,,,,,,,,,,,,,,,,,,,,,,,,,,,,,,,,,,,,,,,,,,,,3106.466,,,,,,,,,,,,,,,,,,,,,,,,
Persian Gulf (EIA),1993,,,,,,,,,,,,,,,,,,,,,,,,,,,,4.172,129.599,,,,,,,,,,,,,,,,,,,,,,,,,,,,,,,,,,,,,,,,,,,,,,,,,,,,,,,,,,,,,,,,,,,,,,,,,,3236.065,,,,,,,,,,,,,,,,,,,,,,,,
Persian Gulf (EIA),1994,,,,,,,,,,,,,,,,,,,,,,,,,,,,4.592,148.605,,,,,,,,,,,,,,,,,,,,,,,,,,,,,,,,,,,,,,,,,,,,,,,,,,,,,,,,,,,,,,,,,,,,,,,,,,3384.671,,,,,,,,,,,,,,,,,,,,,,,,
Persian Gulf (EIA),1995,,,,,,,,,,,,,,,,,,,,,,,,,,,,2.183,73.874,,,,,,,,,,,,,,,,,,,,,,,,,,,,,,,,,,,,,,,,,,,,,,,,,,,,,,,,,,,,,,,,,,,,,,,,,,3458.545,,,,,,,,,,,,,,,,,,,,,,,,
Persian Gulf (EIA),1996,,,,,,,,,,,,,,,,,,,,,,,,,,,,4.22,145.96,,,,,,,,,,,,,,,,,,,,,,,,,,,,,,,,,,,,,,,,,,,,,,,,,,,,,,,,,,,,,,,,,,,,,,,,,,3604.506,,,,,,,,,,,,,,,,,,,,,,,,
Persian Gulf (EIA),1997,,,,,,,,,,,,,,,,,,,,,,,,,,,,8.386,302.278,,,,,,,,,,,,,,,,,,,,,,,,,,,,,,,,,,,,,,,,,,,,,,,,,,,,,,,,,,,,,,,,,,,,,,,,,,3906.783,,,,,,,,,,,,,,,,,,,,,,,,
Persian Gulf (EIA),1998,,,,,,,,,,,,,,,,,,,,,,,,,,,,3.688,144.068,,,,,,,,,,,,,,,,,,,,,,,,,,,,,,,,,,,,,,,,,,,,,,,,,,,,,,,,,,,,,,,,,,,,,,,,,,4050.852,,,,,,,,,,,,,,,,,,,,,,,,
Persian Gulf (EIA),1999,,,,,,,,,,,,,,,,,,,,,,,,,,,,3.445,139.539,,,,,,,,,,,,,,,,,,,,,,,,,,,,,,,,,,,,,,,,,,,,,,,,,,,,,,,,,,,,,,,,,,,,,,,,,,4190.39,,,,,,,,,,,,,,,,,,,,,,,,
Persian Gulf (EIA),2000,,,,,,,,,,,,,,,,,,,,,,,,,,,,6.39,267.751,,,,,,,,,,,,,,,,,,,,,,,,,,,,,,,,,,,,,,,,,,,,,,,,,,,,,,,,,,,,,,,,,,,,,,,,,,4458.141,,,,,,,,,,,,,,,,,,,,,,,,
Persian Gulf (EIA),2001,,,,,,,,,,,,,,,,,,,,,,,,,,,,4.547,202.701,,,,,,,,,,,,,,,,,,,,,,,,,,,,,,,,,,,,,,,,,,,,,,,,,,,,,,,,,,,,,,,,,,,,,,,,,,4660.842,,,,,,,,,,,,,,,,,,,,,,,,
Persian Gulf (EIA),2002,,,,,,,,,,,,,,,,,,,,,,,,,,,,5.318,247.855,,,,,,,,,,,,,,,,,,,,,,,,,,,,,,,,,,,,,,,,,,,,,,,,,,,,,,,,,,,,,,,,,,,,,,,,,,4908.697,,,,,,,,,,,,,,,,,,,,,,,,
Persian Gulf (EIA),2003,,,,,,,,,,,,,,,,,,,,,,,,,,,,2.757,135.341,,,,,,,,,,,,,,,,,,,,,,,,,,,,,,,,,,,,,,,,,,,,,,,,,,,,,,,,,,,,,,,,,,,,,,,,,,5044.039,,,,,,,,,,,,,,,,,,,,,,,,
Persian Gulf (EIA),2004,,,,,,,,,,,,,,,,,,,,,,,,,,,,7.46,376.292,,,,,,,,,,,,,,,,,,,,,,,,,,,,,,,,,,,,,,,,,,,,,,,,,,,,,,,,,,,,,,,,,,,,,,,,,,5420.33,,,,,,,,,,,,,,,,,,,,,,,,
Persian Gulf (EIA),2005,,,,,,,,,,,,,,,,,,,,,,,,,,,,10.031,543.713,,,,,,,,,,,,,,,,,,,,,,,,,,,,,,,,,,,,,,,,,,,,,,,,,,,,,,,,,,,,,,,,,,,,,,,,,,5964.043,,,,,,,,,,,,,,,,,,,,,,,,
Persian Gulf (EIA),2006,,,,,,,,,,,,,,,,,,,,,,,,,,,,4.465,266.268,,,,,,,,,,,,,,,,,,,,,,,,,,,,,,,,,,,,,,,,,,,,,,,,,,,,,,,,,,,,,,,,,,,,,,,,,,6230.311,,,,,,,,,,,,,,,,,,,,,,,,
Persian Gulf (EIA),2007,,,,,,,,,,,,,,,,,,,,,,,,,,,,6.25,389.38,,,,,,,,,,,,,,,,,,,,,,,,,,,,,,,,,,,,,,,,,,,,,,,,,,,,,,,,,,,,,,,,,,,,,,,,,,6619.691,,,,,,,,,,,,,,,,,,,,,,,,
Persian Gulf (EIA),2008,,,,,,,,,,,,,,,,,,,,,,,,,,,,6.54,432.933,,,,,,,,,,,,,,,,,,,,,,,,,,,,,,,,,,,,,,,,,,,,,,,,,,,,,,,,,,,,,,,,,,,,,,,,,,7052.624,,,,,,,,,,,,,,,,,,,,,,,,
Persian Gulf (EIA),2009,,,,,,,,,,,,,,,,,,,,,,,,,,,,4.537,319.98,,,,,,,,,,,,,,,,,,,,,,,,,,,,,,,,,,,,,,,,,,,,,,,,,,,,,,,,,,,,,,,,,,,,,,,,,,7372.604,,,,,,,,,,,,,,,,,,,,,,,,
Persian Gulf (EIA),2010,,,,,,,,,,,,,,,,,,,,,,,,,,,,7.859,579.379,,,,,,,,,,,,,,,,,,,,,,,,,,,,,,,,,,,,,,,,,,,,,,,,,,,,,,,,,,,,,,,,,,,,,,,,,,7951.983,,,,,,,,,,,,,,,,,,,,,,,,
Persian Gulf (EIA),2011,,,,,,,,,,,,,,,,,,,,,,,,,,,,5.854,465.504,,,,,,,,,,,,,,,,,,,,,,,,,,,,,,,,,,,,,,,,,,,,,,,,,,,,,,,,,,,,,,,,,,,,,,,,,,8417.487,,,,,,,,,,,,,,,,,,,,,,,,
Persian Gulf (EIA),2012,,,,,,,,,,,,,,,,,,,,,,,,,,,,3.637,306.163,,,,,,,,,,,,,,,,,,,,,,,,,,,,,,,,,,,,,,,,,,,,,,,,,,,,,,,,,,,,,,,,,,,,,,,,,,8723.65,,,,,,,,,,,,,,,,,,,,,,,,
Persian Gulf (EIA),2013,,,,,,,,,,,,,,,,,,,,,,,,,,,,3.461,301.897,,,,,,,,,,,,,,,,,,,,,,,,,,,,,,,,,,,,,,,,,,,,,,,,,,,,,,,,,,,,,,,,,,,,,,,,,,9025.548,,,,,,,,,,,,,,,,,,,,,,,,
Persian Gulf (EIA),2014,,,,,,,,,,,,,,,,,,,,,,,,,,,,3.209,289.604,,,,,,,,,,,,,,,,,,,,,,,,,,,,,,,,,,,,,,,,,,,,,,,,,,,,,,,,,,,,,,,,,,,,,,,,,,9315.151,,,,,,,,,,,,,,,,,,,,,,,,
Persian Gulf (EIA),2015,,,,,,,,,,,,,,,,,,,,,,,,,,,,-2.418,-225.255,,,,,,,,,,,,,,,,,,,,,,,,,,,,,,,,,,,,,,,,,,,,,,,,,,,,,,,,,,,,,,,,,,,,,,,,,,9089.896,,,,,,,,,,,,,,,,,,,,,,,,
Persian Gulf (EIA),2016,,,,,,,,,,,,,,,,,,,,,,,,,,,,9.463,860.178,,,,,,,,,,,,,,,,,,,,,,,,,,,,,,,,,,,,,,,,,,,,,,,,,,,,,,,,,,,,,,,,,,,,,,,,,,9950.074,,,,,,,,,,,,,,,,,,,,,,,,
Persian Gulf (EIA),2017,,,,,,,,,,,,,,,,,,,,,,,,,,,,2.335,232.37,,,,,,,,,,,,,,,,,,,,,,,,,,,,,,,,,,,,,,,,,,,,,,,,,,,,,,,,,,,,,,,,,,,,,,,,,,10182.444,,,,,,,,,,,,,,,,,,,,,,,,
Persian Gulf (EIA),2018,,,,,,,,,,,,,,,,,,,,,,,,,,,,1.033,105.169,,,,,,,,,,,,,,,,,,,,,,,,,,,,,,,,,,,,,,,,,,,,,,,,,,,,,,,,,,,,,,,,,,,,,,,,,,10287.613,,,,,,,,,,,,,,,,,,,,,,,,
Persian Gulf (EIA),2019,,,,,,,,,,,,,,,,,,,,,,,,,,,,-0.031,-3.166,,,,,,,,,,,,,,,,,,,,,,,,,,,,,,,,,,,,,,,,,,,,,,,,,,,,,,,,,,,,,,,,,,,,,,,,,,10284.447,,,,,,,,,,,,,,,,,,,,,,,,
Persian Gulf (EIA),2020,,,,,,,,,,,,,,,,,,,,,,,,,,,,-8.864,-911.593,,,,,,,,,,,,,,,,,,,,,,,,,,,,,,,,,,,,,,,,,,,,,,,,,,,,,,,,,,,,,,,,,,,,,,,,,,9372.854,,,,,,,,,,,,,,,,,,,,,,,,
Persian Gulf (EIA),2021,,,,,,,,,,,,,,,,,,,,,,,,,,,,1.572,147.337,,,,,,,,,,,,,,,,,,,,,,,,,,,,,,,,,,,,,,,,,,,,,,,,,,,,,,,,,,,,,,,,,,,,,,,,,,9520.191,,,,,,,,,,,,,,,,,,,,,,,,
Persian Gulf (Shift),1900,,,,,,,,,,,,,,,,,,,,,,0.0,,,,,,,,,,,,,,,,,,,,,,,,,,,0.0,,,,,,,,,,,,,,,,,,,,,,,,,,,,,,,,,,,,,,,0.0,,,,,,,,,,,,,,,,,,,,,,,,,,,,,,,,,,,,,,,
Persian Gulf (Shift),1901,,,,,,,,,,,,,,,,,,,,0.0,,0.0,,,,,,,,,,,,,,,,,,,,,,,,,0.0,,0.0,,,,,,,,,,,,,,,,,,,,,,,,,,,,,,,,,,,,,0.0,,0.0,,,,,,,,,,,,,,,,,,,,,,,,,,,,,,,,,,,,,,,
Persian Gulf (Shift),1902,,,,,,,,,,,,,,,,,,,,0.0,,0.0,,,,,,,,,,,,,,,,,,,,,,,,,0.0,,0.0,,,,,,,,,,,,,,,,,,,,,,,,,,,,,,,,,,,,,0.0,,0.0,,,,,,,,,,,,,,,,,,,,,,,,,,,,,,,,,,,,,,,
Persian Gulf (Shift),1903,,,,,,,,,,,,,,,,,,,,0.0,,0.0,,,,,,,,,,,,,,,,,,,,,,,,,0.0,,0.0,,,,,,,,,,,,,,,,,,,,,,,,,,,,,,,,,,,,,0.0,,0.0,,,,,,,,,,,,,,,,,,,,,,,,,,,,,,,,,,,,,,,
Persian Gulf (Shift),1904,,,,,,,,,,,,,,,,,,,,0.0,,0.0,,,,,,,,,,,,,,,,,,,,,,,,,0.0,,0.0,,,,,,,,,,,,,,,,,,,,,,,,,,,,,,,,,,,,,0.0,,0.0,,,,,,,,,,,,,,,,,,,,,,,,,,,,,,,,,,,,,,,
Persian Gulf (Shift),1905,,,,,,,,,,,,,,,,,,,,0.0,,0.0,,,,,,,,,,,,,,,,,,,,,,,,,0.0,,0.0,,,,,,,,,,,,,,,,,,,,,,,,,,,,,,,,,,,,,0.0,,0.0,,,,,,,,,,,,,,,,,,,,,,,,,,,,,,,,,,,,,,,
Persian Gulf (Shift),1906,,,,,,,,,,,,,,,,,,,,0.0,,0.0,,,,,,,,,,,,,,,,,,,,,,,,,0.0,,0.0,,,,,,,,,,,,,,,,,,,,,,,,,,,,,,,,,,,,,0.012,,0.012,,,,,,,,,,,,,,,,,,,,,,,,,,,,,,,,,,,,,,,
Persian Gulf (Shift),1907,,,,,,,,,,,,,,,,,,,,0.0,,0.0,,,,,,,,,,,,,,,,,,,,,,,,,0.0,,0.0,,,,,,,,,,,,,,,,,,,,,,,,,,,,,,,,,,,,-100.0,-0.012,,0.0,,,,,,,,,,,,,,,,,,,,,,,,,,,,,,,,,,,,,,,
Persian Gulf (Shift),1908,,,,,,,,,,,,,,,,,,,,0.0,,0.0,,,,,,,,,,,,,,,,,,,,,,,,,0.0,,0.0,,,,,,,,,,,,,,,,,,,,,,,,,,,,,,,,,,,,,0.0,,0.0,,,,,,,,,,,,,,,,,,,,,,,,,,,,,,,,,,,,,,,
Persian Gulf (Shift),1909,,,,,,,,,,,,,,,,,,,,0.0,,0.0,,,,,,,,,,,,,,,,,,,,,,,,,0.0,,0.0,,,,,,,,,,,,,,,,,,,,,,,,,,,,,,,,,,,,,0.0,,0.0,,,,,,,,,,,,,,,,,,,,,,,,,,,,,,,,,,,,,,,
Persian Gulf (Shift),1910,,,,,,,,,,,,,,,,,,,,0.0,,0.0,,,,,,,,,,,,,,,,,,,,,,,,,0.0,,0.0,,,,,,,,,,,,,,,,,,,,,,,,,,,,,,,,,,,,,0.0,,0.0,,,,,,,,,,,,,,,,,,,,,,,,,,,,,,,,,,,,,,,
Persian Gulf (Shift),1911,,,,,,,,,,,,,,,,,,,,0.0,,0.0,,,,,,,,,,,,,,,,,,,,,,,,,0.0,,0.0,,,,,,,,,,,,,,,,,,,,,,,,,,,,,,,,,,,,,0.512,,0.512,,,,,,,,,,,,,,,,,,,,,,,,,,,,,,,,,,,,,,,
Persian Gulf (Shift),1912,,,,,,,,,,,,,,,,,,,,0.0,,0.0,,,,,,,,,,,,,,,,,,,,,,,,,0.0,,0.0,,,,,,,,,,,,,,,,,,,,,,,,,,,,,,,,,,,,86.364,0.442,,0.954,,,,,,,,,,,,,,,,,,,,,,,,,,,,,,,,,,,,,,,
Persian Gulf (Shift),1913,,,,,,,,,,,,,,,,,,,,0.0,,0.0,,,,,,,,,,,,,,,,,,,,,,,,,0.0,,0.0,,,,,,,,,,,,,,,,,,,,,,,,,,,,,,,,,,,,239.024,2.279,,3.233,,,,,,,,,,,,,,,,,,,,,,,,,,,,,,,,,,,,,,,
Persian Gulf (Shift),1914,,,,,,,,,,,,,,,,,,,,0.0,,0.0,,,,,,,,,,,,,,,,,,,,,,,,,0.0,,0.0,,,,,,,,,,,,,,,,,,,,,,,,,,,,,,,,,,,,37.41,1.21,,4.443,,,,,,,,,,,,,,,,,,,,,,,,,,,,,,,,,,,,,,,
Persian Gulf (Shift),1915,,,,,,,,,,,,,,,,,,,,0.0,,0.0,,,,,,,,,,,,,,,,,,,,,,,,,0.0,,0.0,,,,,,,,,,,,,,,,,,,,,,,,,,,,,,,,,,,,19.634,0.872,,5.315,,,,,,,,,,,,,,,,,,,,,,,,,,,,,,,,,,,,,,,
Persian Gulf (Shift),1916,,,,,,,,,,,,,,,,,,,,0.0,,0.0,,,,,,,,,,,,,,,,,,,,,,,,,0.0,,0.0,,,,,,,,,,,,,,,,,,,,,,,,,,,,,,,,,,,,43.107,2.291,,7.606,,,,,,,,,,,,,,,,,,,,,,,,,,,,,,,,,,,,,,,
Persian Gulf (Shift),1917,,,,,,,,,,,,,,,,,,,,0.0,,0.0,,,,,,,,,,,,,,,,,,,,,,,,,0.0,,0.0,,,,,,,,,,,,,,,,,,,,,,,,,,,,,,,,,,,,39.45,3.001,,10.607,,,,,,,,,,,,,,,,,,,,,,,,,,,,,,,,,,,,,,,
Persian Gulf (Shift),1918,,,,,,,,,,,,,,,,,,,,0.0,,0.0,,,,,,,,,,,,,,,,,,,,,,,,,0.0,,0.0,,,,,,,,,,,,,,,,,,,,,,,,,,,,,,,,,,,,23.246,2.466,,13.072,,,,,,,,,,,,,,,,,,,,,,,,,,,,,,,,,,,,,,,
Persian Gulf (Shift),1919,,,,,,,,,,,,,,,,,,,,0.0,,0.0,,,,,,,,,,,,,,,,,,,,,,,,,0.0,,0.0,,,,,,,,,,,,,,,,,,,,,,,,,,,,,,,,,,,,25.267,3.303,,16.375,,,,,,,,,,,,,,,,,,,,,,,,,,,,,,,,,,,,,,,
Persian Gulf (Shift),1920,,,,,,,,,,,,,,,,,,,,0.0,,0.0,,,,,,,,,,,,,,,,,,,,,,,,,0.0,,0.0,,,,,,,,,,,,,,,,,,,,,,,,,,,,,,,,,,,,25.852,4.233,,20.608,,,,,,,,,,,,,,,,,,,,,,,,,,,,,,,,,,,,,,,
Persian Gulf (Shift),1921,,,,,,,,,,,,,,,,,,,,0.0,,0.0,,,,,,,,,,,,,,,,,,,,,,,,,0.0,,0.0,,,,,,,,,,,,,,,,,,,,,,,,,,,,,,,,,,,,33.465,6.897,,27.505,,,,,,,,,,,,,,,,,,,,,,,,,,,,,,,,,,,,,,,
Persian Gulf (Shift),1922,,,,,,,,,,,,,,,,,,,,0.0,,0.0,,,,,,,,,,,,,,,,,,,,,,,,,0.0,,0.0,,,,,,,,,,,,,,,,,,,,,,,,,,,,,,,,,,,,27.146,7.466,,34.971,,,,,,,,,,,,,,,,,,,,,,,,,,,,,,,,,,,,,,,
Persian Gulf (Shift),1923,,,,,,,,,,,,,,,,,,,,0.0,,0.0,,,,,,,,,,,,,,,,,,,,,,,,,0.0,,0.0,,,,,,,,,,,,,,,,,,,,,,,,,,,,,,,,,,,,25.507,8.92,,43.892,,,,,,,,,,,,,,,,,,,,,,,,,,,,,,,,,,,,,,,
Persian Gulf (Shift),1924,,,,,,,,,,,,,,,,,,,,0.0,,0.0,,,,,,,,,,,,,,,,,,,,,,,,,0.0,,0.0,,,,,,,,,,,,,,,,,,,,,,,,,,,,,,,,,,,,16.667,7.315,,51.207,,,,,,,,,,,,,,,,,,,,,,,,,,,,,,,,,,,,,,,
Persian Gulf (Shift),1925,,,,,,,,,,,,,,,,,,,,0.0,,0.0,,,,,,,,,,,,,,,,,,,,,,,,,0.0,,0.0,,,,,,,,,,,,,,,,,,,,,,,,,,,,,,,,,,,,5.133,2.628,,53.835,,,,,,,,,,,,,,,,,,,,,,,,,,,,,,,,,,,,,,,
Persian Gulf (Shift),1926,,,,,,,,,,,,,,,,,,,,0.0,,0.0,,,,,,,,,,,,,,,,,,,,,,,,,0.0,,0.0,,,,,,,,,,,,,,,,,,,,,,,,,,,,,,,,,,,,6.049,3.256,,57.092,,,,,,,,,,,,,,,,,,,,,,,,,,,,,,,,,,,,,,,
Persian Gulf (Shift),1927,,,,,,,,,,,,,,,,,,,,0.0,,0.0,,,,,,,,,,,,,,,,,,,,,,,,,0.0,,0.0,,,,,,,,,,,,,,,,,,,,,,,,,,,,,,,,,,,,11.815,6.745,,63.837,,,,,,,,,,,,,,,,,,,,,,,,,,,,,,,,,,,,,,,
Persian Gulf (Shift),1928,,,,,,,,,,,,,,,,,,,,0.0,,0.0,,,,,,,,,,,,,,,,,,,,,,,,,0.0,,0.0,,,,,,,,,,,,,,,,,,,,,,,,,,,,,,,,,,,,6.704,4.28,,68.117,,,,,,,,,,,,,,,,,,,,,,,,,,,,,,,,,,,,,,,
Persian Gulf (Shift),1929,,,,,,,,,,,,,,,,,,,,0.0,,0.0,,,,,,,,,,,,,,,,,,,,,,,,,0.0,,0.0,,,,,,,,,,,,,,,,,,,,,,,,,,,,,,,,,,,,-3.193,-2.175,,65.942,,,,,,,,,,,,,,,,,,,,,,,,,,,,,,,,,,,,,,,
Persian Gulf (Shift),1930,,,,,,,,,,,,,,,,,,,,0.0,,0.0,,,,,,,,,,,,,,,,,,,,,,,,,0.0,,0.0,,,,,,,,,,,,,,,,,,,,,,,,,,,,,,,,,,,,8.571,5.652,,71.594,,,,,,,,,,,,,,,,,,,,,,,,,,,,,,,,,,,,,,,
