country,year,iso_code,population,gdp,biofuel_cons_change_pct,biofuel_cons_change_twh,biofuel_cons_per_capita,biofuel_consumption,biofuel_elec_per_capita,biofuel_electricity,biofuel_share_elec,biofuel_share_energy,carbon_intensity_elec,coal_cons_change_pct,coal_cons_change_twh,coal_cons_per_capita,coal_consumption,coal_elec_per_capita,coal_electricity,coal_prod_change_pct,coal_prod_change_twh,coal_prod_per_capita,coal_production,coal_share_elec,coal_share_energy,electricity_demand,electricity_generation,electricity_share_energy,energy_cons_change_pct,energy_cons_change_twh,energy_per_capita,energy_per_gdp,fossil_cons_change_pct,fossil_cons_change_twh,fossil_elec_per_capita,fossil_electricity,fossil_energy_per_capita,fossil_fuel_consumption,fossil_share_elec,fossil_share_energy,gas_cons_change_pct,gas_cons_change_twh,gas_consumption,gas_elec_per_capita,gas_electricity,gas_energy_per_capita,gas_prod_change_pct,gas_prod_change_twh,gas_prod_per_capita,gas_production,gas_share_elec,gas_share_energy,greenhouse_gas_emissions,hydro_cons_change_pct,hydro_cons_change_twh,hydro_consumption,hydro_elec_per_capita,hydro_electricity,hydro_energy_per_capita,hydro_share_elec,hydro_share_energy,low_carbon_cons_change_pct,low_carbon_cons_change_twh,low_carbon_consumption,low_carbon_elec_per_capita,low_carbon_electricity,low_carbon_energy_per_capita,low_carbon_share_elec,low_carbon_share_energy,net_elec_imports,net_elec_imports_share_demand,nuclear_cons_change_pct,nuclear_cons_change_twh,nuclear_consumption,nuclear_elec_per_capita,nuclear_electricity,nuclear_energy_per_capita,nuclear_share_elec,nuclear_share_energy,oil_cons_change_pct,oil_cons_change_twh,oil_consumption,oil_elec_per_capita,oil_electricity,oil_energy_per_capita,oil_prod_change_pct,oil_prod_change_twh,oil_prod_per_capita,oil_production,oil_share_elec,oil_share_energy,other_renewable_consumption,other_renewable_electricity,other_renewable_exc_biofuel_electricity,other_renewables_cons_change_pct,other_renewables_cons_change_twh,other_renewables_elec_per_capita,other_renewables_elec_per_capita_exc_biofuel,other_renewables_energy_per_capita,other_renewables_share_elec,other_renewables_share_elec_exc_biofuel,other_renewables_share_energy,per_capita_electricity,primary_energy_consumption,renewables_cons_change_pct,renewables_cons_change_twh,renewables_consumption,renewables_elec_per_capita,renewables_electricity,renewables_energy_per_capita,renewables_share_elec,renewables_share_energy,solar_cons_change_pct,solar_cons_change_twh,solar_consumption,solar_elec_per_capita,solar_electricity,solar_energy_per_capita,solar_share_elec,solar_share_energy,wind_cons_change_pct,wind_cons_change_twh,wind_consumption,wind_elec_per_capita,wind_electricity,wind_energy_per_capita,wind_share_elec,wind_share_energy
Low-income countries,1977,,213322704.0,,,,,,,,,,,,,,,,,3.037,9.337,1485.039,316.793,,,,,,,,,,,,,,,,,,,,,,,,11.306,0.036,1.638,0.35,,,,,,,,,,,,,,,,,,,,,,,,,,,,,,,,,,,,-9.204,-10.743,496.801,105.979,,,,,,,,,,,,,,,,,,,,,,,,,,,,,,,,,,,,,,,
Low-income countries,1978,,219077893.0,,,,,,,,,,,,,,,,,1.814,5.747,1472.262,322.54,,,,,,,,,,,,,,,,,,,,,,,,-3.577,-0.012,1.538,0.337,,,,,,,,,,,,,,,,,,,,,,,,,,,,,,,,,,,,-2.186,-2.316,473.176,103.662,,,,,,,,,,,,,,,,,,,,,,,,,,,,,,,,,,,,,,,
Low-income countries,1979,,225116202.0,,,,,,,,,,,,,,,,,-0.267,-0.86,1428.952,321.68,,,,,,,,,,,,,,,,,,,,,,,,3.116,0.01,1.544,0.347,,,,,,,,,,,,,,,,,,,,,,,,,,,,,,,,,,,,-6.704,-6.949,429.614,96.713,,,,,,,,,,,,,,,,,,,,,,,,,,,,,,,,,,,,,,,
Low-income countries,1980,,230070428.0,,,,,,,,,,,,,,,,,-28.245,-90.86,1003.261,230.821,,,,,,,,2607.24,,,,,,,,,,,,,,,,34.604,0.12,2.033,0.468,,,,,,,,,,,,,,,,,,,,,,,,,,,,,,,,,,,,-5.13,-4.961,398.798,91.752,,,,,,,,,,,,,,,599.849,,,,,,,,,,,,,,,,,,,,,,,,
Low-income countries,1981,,234481298.0,,,,,,,,,,,,,,,,,3.832,8.844,1022.106,239.665,,,,,,-2.2,-13.197,2501.914,,,,,,,,,,,,,,,,0.909,0.004,2.013,0.472,,,,,,,,,,,,,,,,,,,,,,,,,,,,,,,,,,,,3.514,3.224,405.046,94.976,,,,,,,,,,,,,,,586.652,,,,,,,,,,,,,,,,,,,,,,,,
Low-income countries,1982,,239979172.0,,,,,,,,,,,,,,,,,5.284,12.664,1051.459,252.328,,,,,,4.022,23.596,2542.919,,,,,,,,,,,,,,,,4.343,0.02,2.052,0.492,,,,,,,,,,,,,,,,,,,,,,,,,,,,,,,,,,,,-5.488,-5.212,374.048,89.764,,,,,,,,,,,,,,,610.247,,,,,,,,,,,,,,,,,,,,,,,,
Low-income countries,1983,,246279320.0,,,,,,,,,,,,,,,,,0.859,2.167,1033.36,254.495,,,,,,5.633,34.377,2617.453,,,,,,,,,,,,,,,,51.777,0.255,3.035,0.748,,,,,,,,,,,,,,,,,,,,,,,,,,,,,,,,,,,,3.871,3.475,378.588,93.238,,,,,,,,,,,,,,,644.624,,,,,,,,,,,,,,,,,,,,,,,,
Low-income countries,1984,,252850490.0,,,,,,,,,,,,,,,,,2.731,6.949,1033.989,261.445,,,,,,1.827,11.777,2596.006,,,,,,,,,,,,,,,,68.896,0.515,4.993,1.262,,,,,,,,,,,,,,,,,,,,,,,,,,,,,,,,,,,,0.897,0.836,372.056,94.074,,,,,,,,,,,,,,,656.401,,,,,,,,,,,,,,,,,,,,,,,,
Low-income countries,1985,,259600786.0,,,,,,,,,,,,,,,,,-20.486,-53.558,800.792,207.886,,,,,,-5.807,-38.119,2381.667,,,,,,,,,,,,,,,,18.812,0.238,5.778,1.5,,,,,,,,,,,,,,,,,,,,,,,,,,,,,,,,,,,,-1.935,-1.82,355.371,92.255,,,,,,,,,,,,,,,618.283,,,,,,,,,,,,,,,,,,,,,,,,
Low-income countries,1986,,266329993.0,,,,,,,,,,,,,,,,,-0.599,-1.244,775.887,206.642,,,,,,-0.329,-2.033,2313.858,,,,,,,,,,,,,,,,152.85,2.293,14.241,3.793,,,,,,,,,,,,,,,,,,,,,,,,,,,,,,,,,,,,31.831,29.366,456.652,121.62,,,,,,,,,,,,,,,616.25,,,,,,,,,,,,,,,,,,,,,,,,
Low-income countries,1987,,273290467.0,,,,,,,,,,,,,,,,,-0.851,-1.759,749.69,204.883,,,,,,1.955,12.045,2299.0,,,,,,,,,,,,,,,,-1.542,-0.059,13.664,3.734,,,,,,,,,,,,,,,,,,,,,,,,,,,,,,,,,,,,21.7,26.391,541.591,148.012,,,,,,,,,,,,,,,628.295,,,,,,,,,,,,,,,,,,,,,,,,
Low-income countries,1988,,280325878.0,,,,,,,,,,,,,,,,,20.106,41.193,877.821,246.076,,,,,,13.315,83.66,2539.74,,,,,,,,,,,,,,,,136.554,5.099,31.512,8.833,,,,,,,,,,,,,,,,,,,,,,,,,,,,,,,,,,,,69.144,102.341,893.077,250.352,,,,,,,,,,,,,,,711.955,,,,,,,,,,,,,,,,,,,,,,,,
Low-income countries,1989,,287707539.0,,,,,,,,,,,,,,,,,-22.423,-55.178,663.515,190.898,,,,,,-7.503,-53.416,2288.918,,,,,,,,,,,,,,,,63.687,5.626,50.257,14.459,,,,,,,,,,,,,,,,,,,,,,,,,,,,,,,,,,,,18.23,45.639,1028.793,295.992,,,,,,,,,,,,,,,658.539,,,,,,,,,,,,,,,,,,,,,,,,
Low-income countries,1990,,295113902.0,,,,,,,,,,,,,,,,,32.212,61.491,855.229,252.39,,,,,,4.395,28.943,2329.547,,,,,,,,,,,,,,,,10.115,1.463,53.951,15.922,,,,,,,,,,,,,,,,,,,,,,,,,,,,,,,,,,,,13.677,40.482,1140.149,336.474,,,,,,,,,,,,,,,687.482,,,,,,,,,,,,,,,,,,,,,,,,
Low-income countries,1991,,302719388.0,,,,,,,,,,,,,,,,,-6.09,-15.37,782.97,237.02,,,,,,-4.008,-27.554,2179.999,,,,,,,,,,,,,,,,16.718,2.662,61.389,18.583,,,,,,,,,,,,,,,,,,,,,,,,,,,,,,,,,,,,13.695,46.081,1263.728,382.555,,,,,,,,,,,,,,,659.928,,,,,,,,,,,,,,,,,,,,,,,,
Low-income countries,1992,,311829848.0,,,,,,,,,,,,,,,,,-6.262,-14.842,712.497,222.178,,,,,,-5.786,-38.186,1993.851,,,,,,,,,,,,,,,,3.436,0.638,61.643,19.222,,,,,,,,,,,,,,,,,,,,,,,,,,,,,,,,,,,,4.462,17.07,1281.547,399.625,,,,,,,,,,,,,,,621.742,,,,,,,,,,,,,,,,,,,,,,,,
Low-income countries,1993,,321719678.0,,,,,,,,,,,,,,,,,-6.717,-14.924,644.206,207.254,,,,,,4.493,27.936,2019.391,,,,,,,,,,,,,,,,-1.025,-0.197,59.135,19.025,,,,,,,,,,,,,,,,,,,,,,,,,,,,,,,,,,,,10.943,43.73,1378.079,443.355,,,,,,,,,,,,,,,649.678,,,,,,,,,,,,,,,,,,,,,,,,
Low-income countries,1994,,331110172.0,,,,,,,,,,,,,,,,,-6.403,-13.271,585.856,193.983,,,,,,-0.229,-1.491,1957.617,,,,,,,,,,,,,,,,8.399,1.598,62.284,20.623,,,,,,,,,,,,,,,,,,,,,,,,,,,,,,,,,,,,16.667,73.893,1562.164,517.248,,,,,,,,,,,,,,,648.187,,,,,,,,,,,,,,,,,,,,,,,,
Low-income countries,1995,,340649422.0,,,,,,,,,,,,,,,,,-7.354,-14.265,527.574,179.718,,,,,,6.998,45.36,2035.956,,,,,,,,,,,,,,,,26.1,5.382,76.341,26.005,,,,,,,,,,,,,,,,,,,,,,,,,,,,,,,,,,,,4.258,22.023,1583.068,539.271,,,,,,,,,,,,,,,693.547,,,,,,,,,,,,,,,,,,,,,,,,
Low-income countries,1996,,350714341.0,,,,,,,,,,,,,,,,,-11.198,-20.125,455.052,159.593,,,,,,0.203,1.409,1981.546,,,,,,,,,,,,,,,,6.552,1.704,79.009,27.709,,,,,,,,,,,,,,,,,,,,,,,,,,,,,,,,,,,,-0.025,-0.134,1537.255,539.138,,,,,,,,,,,,,,,694.956,,,,,,,,,,,,,,,,,,,,,,,,
Low-income countries,1997,,360598492.0,,,,,,,,,,,,,,,,,-1.89,-3.016,434.213,156.577,,,,,,1.036,7.2,1947.199,,,,,,,,,,,,,,,,55.102,15.268,119.185,42.978,,,,,,,,,,,,,,,,,,,,,,,,,,,,,,,,,,,,1.031,5.559,1510.534,544.696,,,,,,,,,,,,,,,702.157,,,,,,,,,,,,,,,,,,,,,,,,
Low-income countries,1998,,370450935.0,,,,,,,,,,,,,,,,,-9.178,-14.371,383.872,142.206,,,,,,-1.163,-8.166,1873.369,,,,,,,,,,,,,,,,26.096,11.216,146.291,54.194,,,,,,,,,,,,,,,,,,,,,,,,,,,,,,,,,,,,0.8,4.359,1482.128,549.056,,,,,,,,,,,,,,,693.991,,,,,,,,,,,,,,,,,,,,,,,,
Low-income countries,1999,,380754981.0,,,,,,,,,,,,,,,,,13.381,19.029,423.46,161.235,,,,,,12.216,84.776,2045.323,,,,,,,,,,,,,,,,-0.87,-0.471,141.095,53.722,,,,,,,,,,,,,,,,,,,,,,,,,,,,,,,,,,,,8.07,44.308,1558.386,593.363,,,,,,,,,,,,,,,778.767,,,,,,,,,,,,,,,,,,,,,,,,
Low-income countries,2000,,390930582.0,,,,,,0.895,0.35,0.434,,317.161,,,,,22.127,8.65,5.751,9.273,436.158,170.508,10.733,,72.08,80.59,,-1.015,-7.903,1971.87,,,,93.137,36.41,,,45.179,,,,,25.299,9.89,,0.0,0.0,137.422,53.722,12.272,,25.56,,,,112.117,43.83,,54.386,,,,,113.012,44.18,,54.821,,-8.51,-11.806,,,,0.0,0.0,,0.0,,,,,45.711,17.87,,13.45,79.809,1721.975,673.173,22.174,,,0.35,0.0,,,0.895,0.0,,0.434,0.0,,206.149,770.864,,,,113.012,44.18,,54.821,,,,,0.0,0.0,,0.0,,,,,0.0,0.0,,0.0,
Low-income countries,2001,,401370112.0,,,,,,0.922,0.37,0.429,,313.991,,,,,22.473,9.02,2.643,4.507,436.043,175.015,10.447,,79.29,86.34,,0.969,7.469,1939.19,,,,96.295,38.65,,,44.765,,,,,26.235,10.53,,2.456,1.32,137.135,55.042,12.196,,27.11,,,,117.896,47.32,,54.807,,,,,118.818,47.69,,55.235,,-7.05,-8.891,,,,0.0,0.0,,0.0,,,,,47.587,19.1,,6.473,43.576,1785.756,716.749,22.122,,,0.37,0.0,,,0.922,0.0,,0.429,0.0,,215.113,778.333,,,,118.818,47.69,,55.235,,,,,0.0,0.0,,0.0,,,,,0.0,0.0,,0.0,
Low-income countries,2002,,413349829.0,,,,,,0.992,0.41,0.46,,318.238,,,,,20.83,8.61,-5.05,-8.838,402.025,166.177,9.651,,81.29,89.21,,2.516,19.585,1930.369,,,,98.706,40.8,,,45.735,,,,,27.967,11.56,,10.616,5.843,147.298,60.885,12.958,,28.39,,,,116.124,48.0,,53.806,,,,,117.116,48.41,,54.265,,-7.92,-9.743,,,,0.0,0.0,,0.0,,,,,49.909,20.63,,6.969,49.947,1854.835,766.696,23.125,,,0.41,0.0,,,0.992,0.0,,0.46,0.0,,215.822,797.918,,,,117.116,48.41,,54.265,,,,,0.0,0.0,,0.0,,,,,0.0,0.0,,0.0,
Low-income countries,2003,,425985207.0,,,,,,0.892,0.38,0.415,,327.658,,,,,20.47,8.72,1.934,3.213,397.643,169.39,9.518,,87.9,91.62,,1.69,13.484,1904.764,,,,101.365,43.18,,,47.129,,,,,27.912,11.89,,6.037,3.676,151.557,64.561,12.978,,30.02,,,,112.821,48.06,,52.456,,,,,113.713,48.44,,52.871,,-3.72,-4.232,,,,0.0,0.0,,0.0,,,,,52.983,22.57,,1.527,11.704,1827.293,778.4,24.634,,,0.38,0.0,,,0.892,0.0,,0.415,0.0,,215.078,811.401,,,,113.713,48.44,,52.871,,,,,0.0,0.0,,0.0,,,,,0.0,0.0,,0.0,
Low-income countries,2004,,438315500.0,,,,,,0.821,0.36,0.367,,320.216,,,,,20.328,8.91,2.19,3.71,394.921,173.1,9.083,,95.86,98.09,,6.855,55.619,1978.073,,,,102.78,45.05,,,45.927,,,,,27.971,12.26,,-8.029,-5.184,135.467,59.377,12.499,,31.41,,,,120.187,52.68,,53.706,,,,,121.009,53.04,,54.073,,-2.23,-2.326,,,,0.0,0.0,,0.0,,,,,54.481,23.88,,-0.366,-2.85,1769.388,775.55,24.345,,,0.36,0.0,,,0.821,0.0,,0.367,0.0,,223.789,867.02,,,,121.009,53.04,,54.073,,,,,0.0,0.0,,0.0,,,,,0.0,0.0,,0.0,
Low-income countries,2005,,451026810.0,,,,,,0.82,0.37,0.351,,320.433,,,,,20.376,9.19,5.043,8.73,403.148,181.83,8.718,,101.6,105.42,,6.233,54.039,2042.138,,,,107.932,48.68,,,46.177,,,,,29.799,13.44,,-3.175,-1.885,127.47,57.493,12.749,,33.78,,,,124.981,56.37,,53.472,,,,,125.802,56.74,,53.823,,-3.82,-3.76,,,,0.0,0.0,,0.0,,,,,57.757,26.05,,-2.487,-19.292,1676.748,756.258,24.711,,,0.37,0.0,,,0.82,0.0,,0.351,0.0,,233.733,921.059,,,,125.802,56.74,,53.823,,,,,0.0,0.0,,0.0,,,,,0.0,0.0,,0.0,
Low-income countries,2006,,464643750.0,,,,,,0.882,0.41,0.37,,328.252,,,,,19.865,9.23,2.253,4.097,400.15,185.927,8.326,,106.55,110.86,,1.986,18.293,2021.659,,,,113.442,52.71,,,47.546,,,,,31.616,14.69,,2.459,1.414,126.777,58.906,13.251,,36.39,,,,124.246,57.73,,52.075,,,,,125.15,58.15,,52.454,,-4.31,-4.045,,,,0.0,0.0,,0.0,,,,,61.961,28.79,,-1.489,-11.258,1603.38,745.001,25.97,,,0.41,0.0,,,0.882,0.0,,0.37,0.0,,238.591,939.351,,,,125.15,58.15,,52.454,,,,,0.022,0.01,,0.009,,,,,0.0,0.0,,0.0,
Low-income countries,2007,,478557950.0,,,,,,0.899,0.43,0.374,,318.87,,,,,16.194,7.75,-1.956,-3.637,380.915,182.29,6.739,,111.69,115.0,,1.56,14.65,1993.493,,,,113.382,54.26,,,47.183,,,,,37.571,17.98,,-4.0,-2.356,118.168,56.55,15.635,,36.67,,,,126.004,60.3,,52.435,,,,,126.923,60.74,,52.817,,-3.31,-2.964,,,,0.0,0.0,,0.0,,,,,59.617,28.53,,4.213,31.388,1622.35,776.389,24.809,,,0.43,0.0,,,0.899,0.0,,0.374,0.0,,240.305,954.002,,,,126.923,60.74,,52.817,,,,,0.021,0.01,,0.009,,,,,0.0,0.0,,0.0,
Low-income countries,2008,,492420651.0,,,,,,1.036,0.51,0.428,,335.768,,,,,17.444,8.59,4.305,7.848,386.129,190.138,7.211,,117.38,119.13,,4.504,42.971,2024.638,,,,120.385,59.28,,,49.761,,,,,39.214,19.31,,-1.667,-0.943,112.927,55.607,16.209,,40.0,,,,120.446,59.31,,49.786,,,,,121.542,59.85,,50.239,,-1.75,-1.491,,,,0.0,0.0,,0.0,,,,,63.726,31.38,,-4.599,-35.705,1504.169,740.684,26.341,,,0.52,0.01,,,1.056,0.02,,0.436,0.008,,241.927,996.973,,,,121.542,59.85,,50.239,,,,,0.041,0.02,,0.017,,,,,0.0,0.0,,0.0,
Low-income countries,2009,,506630550.0,,,,,,1.026,0.52,0.42,,330.317,,,,,16.008,8.11,2.26,4.297,383.78,194.435,6.553,,120.24,123.76,,-2.126,-21.195,1926.016,,,,121.963,61.79,,,49.927,,,,,46.207,23.41,,24.4,13.568,136.541,69.176,18.916,,40.88,,,,121.213,61.41,,49.62,,,,,122.318,61.97,,50.073,,-3.52,-2.927,,,,0.0,0.0,,0.0,,,,,59.748,30.27,,-0.609,-4.514,1453.069,736.169,24.459,,,0.54,0.02,,,1.066,0.039,,0.436,0.016,,244.281,975.779,,,,122.318,61.97,,50.073,,,,,0.039,0.02,,0.016,,,,,0.0,0.0,,0.0,
Low-income countries,2010,,521168124.0,,,,,,0.806,0.42,0.318,,313.92,,,,,15.446,8.05,26.389,51.309,471.525,245.744,6.097,,129.81,132.04,,3.519,34.333,1938.169,,,,121.266,63.2,,,47.864,,,,,50.464,26.3,,112.231,77.637,281.699,146.812,19.918,,41.45,,,,131.167,68.36,,51.772,,,,,132.088,68.84,,52.136,,-2.23,-1.718,,,,0.0,0.0,,0.0,,,,,55.356,28.85,,-2.078,-15.296,1383.188,720.873,21.849,,,0.44,0.02,,,0.844,0.038,,0.333,0.015,,253.354,1010.112,,,,132.088,68.84,,52.136,,,,,0.077,0.04,,0.03,,,,,0.0,0.0,,0.0,
Low-income countries,2011,,536034115.0,,,,,,0.802,0.43,0.337,,285.121,,,,,11.287,6.05,-2.287,-5.62,447.964,240.124,4.743,,128.05,127.56,,-6.5,-65.662,1761.921,,,,103.557,55.51,,,43.517,,,,,44.661,23.94,,14.708,21.592,314.168,168.405,18.768,,36.37,,,,133.443,71.53,,56.076,,,,,134.413,72.05,,56.483,,0.49,0.383,,,,0.0,0.0,,0.0,,,,,47.609,25.52,,-23.498,-169.389,1028.823,551.484,20.006,,,0.44,0.01,,,0.821,0.019,,0.345,0.008,,237.97,944.45,,,,134.413,72.05,,56.483,,,,,0.093,0.05,,0.039,,,,,0.056,0.03,,0.024,
Low-income countries,2012,,550791385.0,,,,,,0.999,0.55,0.444,,272.317,,,,,10.548,5.81,13.085,31.42,493.008,271.544,4.685,,126.89,124.01,,-6.192,-58.482,1608.537,,,,92.031,50.69,,,40.876,,,,,36.929,20.34,,-18.672,-31.445,248.661,136.96,16.402,,33.77,,,,131.52,72.44,,58.415,,,,,133.118,73.32,,59.124,,2.88,2.27,,,,0.0,0.0,,0.0,,,,,44.554,24.54,,-40.625,-224.043,594.492,327.441,19.789,,,0.56,0.01,,,1.017,0.018,,0.452,0.008,,225.149,885.968,,,,133.118,73.32,,59.124,,,,,0.236,0.13,,0.105,,,,,0.345,0.19,,0.153,
Low-income countries,2013,,564891338.0,,,,,,1.027,0.58,0.485,,237.733,,,,,8.055,4.55,4.097,11.126,500.398,282.67,3.803,,122.9,119.63,,-3.501,-31.018,1513.477,,,,73.395,41.46,,,34.657,,,,,26.483,14.96,,12.063,16.522,271.702,153.482,12.505,,28.44,,,,136.451,77.08,,64.432,,,,,138.381,78.17,,65.343,,3.27,2.661,,,,0.0,0.0,,0.0,,,,,38.857,21.95,,-3.397,-11.123,559.962,316.318,18.348,,,0.58,0.0,,,1.027,0.0,,0.485,0.0,,211.775,854.95,,,,138.381,78.17,,65.343,,,,,0.266,0.15,,0.125,,,,,0.637,0.36,,0.301,
Low-income countries,2014,,579035766.0,,,,,,1.831,1.06,0.868,,229.301,,,,,8.583,4.97,4.511,12.752,510.198,295.423,4.07,,124.89,122.11,,0.192,1.641,1479.34,,,,68.994,39.95,,,32.716,,,,,22.347,12.94,,-6.309,-9.683,248.343,143.799,10.597,,28.0,,,,138.852,80.4,,65.842,,,,,141.891,82.16,,67.284,,2.78,2.226,,,,0.0,0.0,,0.0,,,,,38.063,22.04,,-2.307,-7.298,533.679,309.02,18.049,,,1.06,0.0,,,1.831,0.0,,0.868,0.0,,210.885,856.591,,,,141.891,82.16,,67.284,,,,,0.345,0.2,,0.164,,,,,0.864,0.5,,0.409,
Low-income countries,2015,,593799102.0,,,,,,2.459,1.46,1.23,,236.671,,,,,6.635,3.94,-8.13,-24.018,457.066,271.405,3.318,,119.46,118.73,,-7.058,-60.455,1340.749,,,,67.346,39.99,,,33.681,,,,,20.529,12.19,,-51.953,-74.708,116.354,69.091,10.267,,28.1,,,,128.259,76.16,,64.146,,,,,132.604,78.74,,66.319,,0.73,0.611,,,,0.0,0.0,,0.0,,,,,40.182,23.86,,-16.21,-50.093,436.051,258.927,20.096,,,1.46,0.0,,,2.459,0.0,,1.23,0.0,,199.95,796.135,,,,132.604,78.74,,66.319,,,,,0.606,0.36,,0.303,,,,,1.28,0.76,,0.64,
Low-income countries,2016,,609614594.0,,,,,,2.018,1.23,0.996,,238.342,,,,,7.71,4.7,9.139,24.804,485.896,296.209,3.805,,125.61,123.52,,4.375,34.833,1363.105,,,,68.404,41.7,,,33.76,,,,,19.586,11.94,,-41.592,-28.736,66.198,40.355,9.666,,29.44,,,,130.131,79.33,,64.224,,,,,134.216,81.82,,66.24,,2.09,1.664,,,,0.0,0.0,,0.0,,,,,41.108,25.06,,-29.934,-77.507,297.598,181.42,20.288,,,1.23,0.0,,,2.018,0.0,,0.996,0.0,,202.62,830.969,,,,134.216,81.82,,66.24,,,,,0.771,0.47,,0.381,,,,,1.296,0.79,,0.64,
Low-income countries,2017,,626187698.0,,,,,,2.06,1.29,1.023,,238.654,,,,,6.931,4.34,0.0,,,,3.443,,128.84,126.04,,-0.286,-2.376,1323.234,,,,67.999,42.58,,,33.783,,,,,19.116,11.97,,-6.135,-2.476,60.492,37.879,9.497,,30.08,,,,129.418,81.04,,64.297,,,,,133.283,83.46,,66.217,,2.8,2.173,,,,0.0,0.0,,0.0,,,,,41.952,26.27,,27.58,50.035,369.626,231.455,20.843,,,1.29,0.0,,,2.06,0.0,,1.023,0.0,,201.281,828.593,,,,133.283,83.46,,66.217,,,,,0.926,0.58,,0.46,,,,,0.878,0.55,,0.436,
Low-income countries,2018,,643420791.0,,,,,,2.083,1.34,1.033,,229.904,,,,,6.559,4.22,0.0,,,,3.252,,132.95,129.75,,3.959,32.807,1338.782,,,,66.24,42.62,,,32.848,,,,,20.935,13.47,,-5.789,-2.193,55.463,35.686,10.382,,29.83,,,,130.381,83.89,,64.655,,,,,135.417,87.13,,67.152,,3.2,2.407,,,,0.0,0.0,,0.0,,,,,38.746,24.93,,10.199,23.606,396.414,255.061,19.214,,,1.34,0.0,,,2.083,0.0,,1.033,0.0,,201.657,861.4,,,,135.417,87.13,,67.152,,,,,1.601,1.03,,0.794,,,,,1.352,0.87,,0.671,
Low-income countries,2019,,661633048.0,,,,,,1.783,1.18,0.907,,230.065,,,,,6.046,4.0,0.0,,,,3.076,,132.92,130.05,,1.328,11.442,1319.224,,,,64.809,42.88,,,32.972,,,,,21.235,14.05,,-3.962,-1.414,51.8,34.272,10.804,,29.92,,,,126.974,84.01,,64.598,,,,,131.75,87.17,,67.028,,2.87,2.159,,,,0.0,0.0,,0.0,,,,,37.528,24.83,,10.584,26.995,426.302,282.056,19.093,,,1.18,0.0,,,1.783,0.0,,0.907,0.0,,196.559,872.842,,,,131.75,87.17,,67.028,,,,,2.04,1.35,,1.038,,,,,0.952,0.63,,0.484,
Low-income countries,2020,,680258922.0,,,,,,1.676,1.14,0.853,,214.553,,,,,5.718,3.89,0.0,,,,2.909,,134.4,133.72,,-4.078,-35.593,1230.78,,,,59.933,40.77,,,30.489,,,,,19.595,13.33,,-10.948,-3.752,44.866,30.52,9.969,,28.69,,,,131.891,89.72,,67.095,,,,,136.639,92.95,,69.511,,0.68,0.506,,,,0.0,0.0,,0.0,,,,,34.619,23.55,,-2.539,-7.163,404.101,274.893,17.611,,,1.14,0.0,,,1.676,0.0,,0.853,0.0,,196.572,837.249,,,,136.639,92.95,,69.511,,,,,2.146,1.46,,1.092,,,,,0.926,0.63,,0.471,
Low-income countries,2021,,698782037.0,,,,,,1.646,1.15,0.839,,216.903,,,,,5.223,3.65,0.0,,,,2.664,,138.25,137.02,,2.301,19.269,1225.73,,,,60.963,42.6,,,31.09,,,,,20.679,14.45,,5.034,1.536,45.875,32.057,10.546,,29.72,,,,130.126,90.93,,66.363,,,,,135.121,94.42,,68.91,,1.23,0.89,,,,0.0,0.0,,0.0,,,,,35.061,24.5,,5.301,14.571,414.241,289.464,17.881,,,1.15,0.0,,,1.646,0.0,,0.839,0.0,,196.084,856.518,,,,135.121,94.42,,68.91,,,,,2.447,1.71,,1.248,,,,,0.902,0.63,,0.46,
Low-income countries,2022,,717587377.0,,,,,,,,,,,,,,,,,0.0,,,,,,,,,,,,,,,,,,,,,,,,,,,-0.227,-0.073,44.572,31.984,,,,,,,,,,,,,,,,,,,,,,,,,,,,,,,,,,,,-1.697,-4.911,396.541,284.553,,,,,,,,,,,,,,,,,,,,,,,,,,,,,,,,,,,,,,,
Lower-middle-income countries,1900,,519235788.0,,,,,,,,,,,,,,,,,,,82.389,42.779,,,,,,,,,,,,,,,,,,,,,,,,,,0.0,0.0,,,,,,,,,,,,,,,,,,,,,,,,,,,,,,,,,,,,,,10.191,5.292,,,,,,,,,,,,,,,,,,,,,,,,,,,,,,,,,,,,,,,
Lower-middle-income countries,1901,,522741971.0,,,,,,,,,,,,,,,,,7.751,3.316,88.179,46.095,,,,,,,,,,,,,,,,,,,,,,,,,0.0,0.0,0.0,,,,,,,,,,,,,,,,,,,,,,,,,,,,,,,,,,,,63.736,3.373,16.575,8.664,,,,,,,,,,,,,,,,,,,,,,,,,,,,,,,,,,,,,,,
Lower-middle-income countries,1902,,526655225.0,,,,,,,,,,,,,,,,,10.151,4.679,96.409,50.774,,,,,,,,,,,,,,,,,,,,,,,,,0.0,0.0,0.0,,,,,,,,,,,,,,,,,,,,,,,,,,,,,,,,,,,,-25.906,-2.245,12.19,6.42,,,,,,,,,,,,,,,,,,,,,,,,,,,,,,,,,,,,,,,
Lower-middle-income countries,1903,,530967123.0,,,,,,,,,,,,,,,,,2.119,1.076,97.652,51.85,,,,,,,,,,,,,,,,,,,,,,,,,0.0,0.0,0.0,,,,,,,,,,,,,,,,,,,,,,,,,,,,,,,,,,,,104.891,6.734,24.773,13.154,,,,,,,,,,,,,,,,,,,,,,,,,,,,,,,,,,,,,,,
Lower-middle-income countries,1904,,535332482.0,,,,,,,,,,,,,,,,,11.649,6.04,108.139,57.89,,,,,,,,,,,,,,,,,,,,,,,,,0.0,0.0,0.0,,,,,,,,,,,,,,,,,,,,,,,,,,,,,,,,,,,,19.275,2.535,29.307,15.689,,,,,,,,,,,,,,,,,,,,,,,,,,,,,,,,,,,,,,,
Lower-middle-income countries,1905,,539753084.0,,,,,,,,,,,,,,,,,3.715,2.151,111.238,60.041,,,,,,,,,,,,,,,,,,,,,,,,,0.0,0.0,0.0,,,,,,,,,,,,,,,,,,,,,,,,,,,,,,,,,,,,21.127,3.315,35.208,19.003,,,,,,,,,,,,,,,,,,,,,,,,,,,,,,,,,,,,,,,
Lower-middle-income countries,1906,,544231405.0,,,,,,,,,,,,,,,,,15.931,9.565,127.899,69.606,,,,,,,,,,,,,,,,,,,,,,,,,0.0,0.0,0.0,,,,,,,,,,,,,,,,,,,,,,,,,,,,,,,,,,,,2.02,0.384,35.623,19.387,,,,,,,,,,,,,,,,,,,,,,,,,,,,,,,,,,,,,,,
Lower-middle-income countries,1907,,548785716.0,,,,,,,,,,,,,,,,,13.226,9.206,143.613,78.813,,,,,,,,,,,,,,,,,,,,,,,,,0.0,0.0,0.0,,,,,,,,,,,,,,,,,,,,,,,,,,,,,,,,,,,,17.397,3.373,41.473,22.76,,,,,,,,,,,,,,,,,,,,,,,,,,,,,,,,,,,,,,,
Lower-middle-income countries,1908,,553417758.0,,,,,,,,,,,,,,,,,14.355,11.314,162.855,90.127,,,,,,,,,,,,,,,,,,,,,,,,,0.0,0.0,0.0,,,,,,,,,,,,,,,,,,,,,,,,,,,,,,,,,,,,6.949,1.582,43.984,24.342,,,,,,,,,,,,,,,,,,,,,,,,,,,,,,,,,,,,,,,
Lower-middle-income countries,1909,,557502795.0,,,,,,,,,,,,,,,,,-5.353,-4.824,153.008,85.303,,,,,,,,,,,,,,,,,,,,,,,,,0.0,0.0,0.0,,,,,,,,,,,,,,,,,,,,,,,,,,,,,,,,,,,,15.337,3.733,50.358,28.075,,,,,,,,,,,,,,,,,,,,,,,,,,,,,,,,,,,,,,,
Lower-middle-income countries,1910,,561030186.0,,,,,,,,,,,,,,,,,2.978,2.54,156.574,87.842,,,,,,,,,,,,,,,,,,,,,,,,,0.0,0.0,0.0,,,,,,,,,,,,,,,,,,,,,,,,,,,,,,,,,,,,-3.024,-0.849,48.528,27.226,,,,,,,,,,,,,,,,,,,,,,,,,,,,,,,,,,,,,,,
Lower-middle-income countries,1911,,563970660.0,,,,,,,,,,,,,,,,,5.128,4.505,163.745,92.347,,,,,,,,,,,,,,,,,,,,,,,,,0.0,0.0,0.0,,,,,,,,,,,,,,,,,,,,,,,,,,,,,,,,,,,,10.124,2.756,53.163,29.982,,,,,,,,,,,,,,,,,,,,,,,,,,,,,,,,,,,,,,,
Lower-middle-income countries,1912,,566359289.0,,,,,,,,,,,,,,,,,13.847,12.787,185.632,105.134,,,,,,,,,,,,,,,,,,,,,,,,,0.0,0.0,0.0,,,,,,,,,,,,,,,,,,,,,,,,,,,,,,,,,,,,0.0,0.0,52.938,29.982,,,,,,,,,,,,,,,,,,,,,,,,,,,,,,,,,,,,,,,
Lower-middle-income countries,1913,,568157211.0,,,,,,,,,,,,,,,,,9.72,10.219,203.031,115.353,,,,,,,,,,,,,,,,,,,,,,,,,0.0,0.0,0.0,,,,,,,,,,,,,,,,,,,,,,,,,,,,,,,,,,,,11.482,3.442,58.83,33.425,,,,,,,,,,,,,,,,,,,,,,,,,,,,,,,,,,,,,,,
Lower-middle-income countries,1914,,569977256.0,,,,,,,,,,,,,,,,,3.29,3.796,209.042,119.149,,,,,,,,,,,,,,,,,,,,,,,,,0.0,0.0,0.0,,,,,,,,,,,,,,,,,,,,,,,,,,,,,,,,,,,,5.706,1.907,61.988,35.332,,,,,,,,,,,,,,,,,,,,,,,,,,,,,,,,,,,,,,,
Lower-middle-income countries,1915,,571822383.0,,,,,,,,,,,,,,,,,4.171,4.97,217.059,124.119,,,,,,,,,,,,,,,,,,,,,,,,,0.0,0.0,0.0,,,,,,,,,,,,,,,,,,,,,,,,,,,,,,,,,,,,4.641,1.64,64.656,36.972,,,,,,,,,,,,,,,,,,,,,,,,,,,,,,,,,,,,,,,
Lower-middle-income countries,1916,,573626208.0,,,,,,,,,,,,,,,,,2.513,3.119,221.813,127.238,,,,,,,,,,,,,,,,,,,,,,,,,0.0,0.0,0.0,,,,,,,,,,,,,,,,,,,,,,,,,,,,,,,,,,,,12.457,4.605,72.481,41.577,,,,,,,,,,,,,,,,,,,,,,,,,,,,,,,,,,,,,,,
Lower-middle-income countries,1917,,575352981.0,,,,,,,,,,,,,,,,,5.823,7.409,234.026,134.647,,,,,,,,,,,,,,,,,,,,,,,,,0.0,0.0,0.0,,,,,,,,,,,,,,,,,,,,,,,,,,,,,,,,,,,,9.594,3.989,79.197,45.566,,,,,,,,,,,,,,,,,,,,,,,,,,,,,,,,,,,,,,,
Lower-middle-income countries,1918,,577370524.0,,,,,,,,,,,,,,,,,12.177,16.396,261.605,151.043,,,,,,,,,,,,,,,,,,,,,,,,,0.0,0.0,0.0,,,,,,,,,,,,,,,,,,,,,,,,,,,,,,,,,,,,8.167,3.722,85.366,49.288,,,,,,,,,,,,,,,,,,,,,,,,,,,,,,,,,,,,,,,
Lower-middle-income countries,1919,,580264751.0,,,,,,,,,,,,,,,,,8.951,13.52,283.6,164.563,,,,,,,,,,,,,,,,,,,,,,,,,0.0,0.0,0.0,,,,,,,,,,,,,,,,,,,,,,,,,,,,,,,,,,,,16.966,8.362,99.351,57.65,,,,,,,,,,,,,,,,,,,,,,,,,,,,,,,,,,,,,,,
Lower-middle-income countries,1920,,584067440.0,,,,,,,,,,,,,,,,,-21.672,-35.665,220.691,128.898,,,,,,,,,,,,,,,,,,,,,,,,,0.0,0.0,0.0,,,,,,,,,,,,,,,,,,,,,,,,,,,,,,,,,,,,10.067,5.803,108.64,63.453,,,,,,,,,,,,,,,,,,,,,,,,,,,,,,,,,,,,,,,
Lower-middle-income countries,1921,,588657138.0,,,,,,,,,,,,,,,,,15.218,19.616,252.293,148.514,,,,,,,,,,,,,,,,,,,,,,,,,0.0,0.0,0.0,,,,,,,,,,,,,,,,,,,,,,,,,,,,,,,,,,,,13.178,8.362,121.998,71.815,,,,,,,,,,,,,,,,,,,,,,,,,,,,,,,,,,,,,,,
Lower-middle-income countries,1922,,594046914.0,,,,,,,,,,,,,,,,,-2.719,-4.037,243.208,144.477,,,,,,,,,,,,,,,,,,,,,,,,,1.313,2.21,1.313,,,,,,,,,,,,,,,,,,,,,,,,,,,,,,,,,,,,10.138,7.28,133.147,79.096,,,,,,,,,,,,,,,,,,,,,,,,,,,,,,,,,,,,,,,
Lower-middle-income countries,1923,,600264814.0,,,,,,,,,,,,,,,,,4.765,6.885,252.158,151.362,,,,,,,,,,,,,,,,,,,,,,,,37.615,0.494,3.009,1.806,,,,,,,,,,,,,,,,,,,,,,,,,,,,,,,,,,,,17.35,13.723,154.63,92.819,,,,,,,,,,,,,,,,,,,,,,,,,,,,,,,,,,,,,,,
Lower-middle-income countries,1924,,606568570.0,,,,,,,,,,,,,,,,,9.373,14.188,272.928,165.549,,,,,,,,,,,,,,,,,,,,,,,,27.333,0.494,3.792,2.3,,,,,,,,,,,,,,,,,,,,,,,,,,,,,,,,,,,,9.209,8.548,167.116,101.367,,,,,,,,,,,,,,,,,,,,,,,,,,,,,,,,,,,,,,,
Lower-middle-income countries,1925,,612958290.0,,,,,,,,,,,,,,,,,0.007,0.012,270.101,165.561,,,,,,,,,,,,,,,,,,,,,,,,21.466,0.494,4.558,2.794,,,,,,,,,,,,,,,,,,,,,,,,,,,,,,,,,,,,4.153,4.21,172.242,105.577,,,,,,,,,,,,,,,,,,,,,,,,,,,,,,,,,,,,,,,
Lower-middle-income countries,1926,,619436099.0,,,,,,,,,,,,,,,,,1.629,2.697,271.631,168.258,,,,,,,,,,,,,,,,,,,,,,,,17.672,0.494,5.308,3.288,,,,,,,,,,,,,,,,,,,,,,,,,,,,,,,,,,,,1.366,1.442,172.769,107.019,,,,,,,,,,,,,,,,,,,,,,,,,,,,,,,,,,,,,,,
Lower-middle-income countries,1927,,626002675.0,,,,,,,,,,,,,,,,,6.224,10.472,285.509,178.73,,,,,,,,,,,,,,,,,,,,,,,,15.018,0.494,6.041,3.782,,,,,,,,,,,,,,,,,,,,,,,,,,,,,,,,,,,,13.475,14.421,193.994,121.44,,,,,,,,,,,,,,,,,,,,,,,,,,,,,,,,,,,,,,,
Lower-middle-income countries,1928,,632660202.0,,,,,,,,,,,,,,,,,5.062,9.046,296.804,187.776,,,,,,,,,,,,,,,,,,,,,,,,13.057,0.494,6.758,4.275,,,,,,,,,,,,,,,,,,,,,,,,,,,,,,,,,,,,10.534,12.793,212.173,134.233,,,,,,,,,,,,,,,,,,,,,,,,,,,,,,,,,,,,,,,
Lower-middle-income countries,1929,,639833453.0,,,,,,,,,,,,,,,,,3.251,6.104,303.017,193.88,,,,,,,,,,,,,,,,,,,,,,,,16.526,0.707,7.786,4.982,,,,,,,,,,,,,,,,,,,,,,,,,,,,,,,,,,,,6.281,8.432,222.972,142.665,,,,,,,,,,,,,,,,,,,,,,,,,,,,,,,,,,,,,,,
Lower-middle-income countries,1930,,647578118.0,,,,,,,,,,,,,,,,,0.993,1.925,302.366,195.805,,,,,,,,,,,,,,,,,,,,,,,,14.182,0.707,8.784,5.688,,,,,,,,,,,,,,,,,,,,,,,,,,,,,,,,,,,,2.527,3.605,225.873,146.271,,,,,,,,,,,,,,,,,,,,,,,,,,,,,,,,,,,,,,,
Lower-middle-income countries,1931,,655902955.0,,,,,,,,,,,,,,,,,-11.304,-22.135,264.781,173.671,,,,,,,,,,,,,,,,,,,,,,,,12.421,0.707,9.75,6.395,,,,,,,,,,,,,,,,,,,,,,,,,,,,,,,,,,,,-5.144,-7.525,211.534,138.746,,,,,,,,,,,,,,,,,,,,,,,,,,,,,,,,,,,,,,,
Lower-middle-income countries,1932,,664821428.0,,,,,,,,,,,,,,,,,-8.539,-14.83,238.922,158.84,,,,,,,,,,,,,,,,,,,,,,,,11.048,0.707,10.682,7.102,,,,,,,,,,,,,,,,,,,,,,,,,,,,,,,,,,,,9.849,13.665,229.251,152.411,,,,,,,,,,,,,,,,,,,,,,,,,,,,,,,,,,,,,,,
Lower-middle-income countries,1933,,674299776.0,,,,,,,,,,,,,,,,,-1.946,-3.091,230.979,155.749,,,,,,,,,,,,,,,,,,,,,,,,9.949,0.707,11.579,7.808,,,,,,,,,,,,,,,,,,,,,,,,,,,,,,,,,,,,8.279,12.619,244.742,165.03,,,,,,,,,,,,,,,,,,,,,,,,,,,,,,,,,,,,,,,
Lower-middle-income countries,1934,,683929492.0,,,,,,,,,,,,,,,,,10.456,16.284,251.537,172.033,,,,,,,,,,,,,,,,,,,,,,,,9.049,0.707,12.449,8.515,,,,,,,,,,,,,,,,,,,,,,,,,,,,,,,,,,,,7.245,11.956,258.777,176.985,,,,,,,,,,,,,,,,,,,,,,,,,,,,,,,,,,,,,,,
Lower-middle-income countries,1935,,693704040.0,,,,,,,,,,,,,,,,,5.18,8.911,260.839,180.945,,,,,,,,,,,,,,,,,,,,,,,,8.298,0.707,13.293,9.221,,,,,,,,,,,,,,,,,,,,,,,,,,,,,,,,,,,,-0.388,-0.686,254.142,176.299,,,,,,,,,,,,,,,,,,,,,,,,,,,,,,,,,,,,,,,
Lower-middle-income countries,1936,,703623111.0,,,,,,,,,,,,,,,,,0.63,1.14,258.782,182.085,,,,,,,,,,,,,,,,,,,,,,,,7.662,0.707,14.109,9.928,,,,,,,,,,,,,,,,,,,,,,,,,,,,,,,,,,,,7.144,12.595,268.46,188.894,,,,,,,,,,,,,,,,,,,,,,,,,,,,,,,,,,,,,,,
Lower-middle-income countries,1937,,713683778.0,,,,,,,,,,,,,,,,,12.214,22.241,286.297,204.326,,,,,,,,,,,,,,,,,,,,,,,,7.117,0.707,14.9,10.634,,,,,,,,,,,,,,,,,,,,,,,,,,,,,,,,,,,,17.719,33.471,311.574,222.366,,,,,,,,,,,,,,,,,,,,,,,,,,,,,,,,,,,,,,,
Lower-middle-income countries,1938,,723902064.0,,,,,,,,,,,,,,,,,11.168,22.819,313.778,227.145,,,,,,,,,,,,,,,,,,,,,,,,-100.0,-10.634,0.0,0.0,,,,,,,,,,,,,,,,,,,,,,,,,,,,,,,,,,,,1.172,2.605,310.775,224.971,,,,,,,,,,,,,,,,,,,,,,,,,,,,,,,,,,,,,,,
Lower-middle-income countries,1939,,732805591.0,,,,,,,,,,,,,,,,,0.764,1.736,312.334,228.88,,,,,,,,,,,,,,,,,,,,,,,,,0.0,0.0,0.0,,,,,,,,,,,,,,,,,,,,,,,,,,,,,,,,,,,,2.068,4.652,313.347,229.623,,,,,,,,,,,,,,,,,,,,,,,,,,,,,,,,,,,,,,,
Lower-middle-income countries,1940,,740422279.0,,,,,,,,,,,,,,,,,5.973,13.672,327.586,242.552,,,,,,,,,,,,,,,,,,,,,,,,,0.0,0.0,0.0,,,,,,,,,,,,,,,,,,,,,,,,,,,,,,,,,,,,-3.429,-7.874,299.49,221.749,,,,,,,,,,,,,,,,,,,,,,,,,,,,,,,,,,,,,,,
Lower-middle-income countries,1941,,746744376.0,,,,,,,,,,,,,,,,,0.201,0.487,325.464,243.039,,,,,,,,,,,,,,,,,,,,,,,,,0.0,0.0,0.0,,,,,,,,,,,,,,,,,,,,,,,,,,,,,,,,,,,,-14.675,-32.541,253.378,189.208,,,,,,,,,,,,,,,,,,,,,,,,,,,,,,,,,,,,,,,
Lower-middle-income countries,1942,,751678863.0,,,,,,,,,,,,,,,,,-9.41,-22.87,292.903,220.169,,,,,,,,,,,,,,,,,,,,,,,,,0.0,0.0,0.0,,,,,,,,,,,,,,,,,,,,,,,,,,,,,,,,,,,,-10.48,-19.829,225.335,169.379,,,,,,,,,,,,,,,,,,,,,,,,,,,,,,,,,,,,,,,
Lower-middle-income countries,1943,,755022024.0,,,,,,,,,,,,,,,,,-11.712,-25.786,257.453,194.383,,,,,,,,,,,,,,,,,,,,,,,,,0.0,0.0,0.0,,,,,,,,,,,,,,,,,,,,,,,,,,,,,,,,,,,,22.899,38.786,275.708,208.165,,,,,,,,,,,,,,,,,,,,,,,,,,,,,,,,,,,,,,,
Lower-middle-income countries,1944,,758100153.0,,,,,,,,,,,,,,,,,0.911,1.77,258.743,196.153,,,,,,,,,,,,,,,,,,,,,,,,,0.0,0.0,0.0,,,,,,,,,,,,,,,,,,,,,,,,,,,,,,,,,,,,1.777,3.698,279.467,211.864,,,,,,,,,,,,,,,,,,,,,,,,,,,,,,,,,,,,,,,
Lower-middle-income countries,1945,,761312523.0,,,,,,,,,,,,,,,,,8.314,16.308,279.073,212.461,,,,,,,,,,,,,,,,,,,,,,,,,0.0,0.0,0.0,,,,,,,,,,,,,,,,,,,,,,,,,,,,,,,,,,,,9.25,19.597,304.028,231.46,,,,,,,,,,,,,,,,,,,,,,,,,,,,,,,,,,,,,,,
Lower-middle-income countries,1946,,764892119.0,,,,,,,,,,,,,,,,,1.672,3.553,282.411,216.014,,,,,,,,,,,,,,,,,,,,,,,,,0.843,1.102,0.843,,,,,,,,,,,,,,,,,,,,,,,,,,,,,,,,,,,,7.663,17.736,325.792,249.196,,,,,,,,,,,,,,,,,,,,,,,,,,,,,,,,,,,,,,,
Lower-middle-income countries,1947,,769021402.0,,,,,,,,,,,,,,,,,2.189,4.729,287.045,220.743,,,,,,,,,,,,,,,,,,,,,,,,34.303,0.289,1.472,1.132,,,,,,,,,,,,,,,,,,,,,,,,,,,,,,,,,,,,8.858,22.074,352.747,271.27,,,,,,,,,,,,,,,,,,,,,,,,,,,,,,,,,,,,,,,
Lower-middle-income countries,1948,,773464904.0,,,,,,,,,,,,,,,,,2.135,4.712,291.488,225.456,,,,,,,,,,,,,,,,,,,,,,,,369.32,4.179,6.866,5.311,,,,,,,,,,,,,,,,,,,,,,,,,,,,,,,,,,,,36.922,100.158,480.212,371.427,,,,,,,,,,,,,,,,,,,,,,,,,,,,,,,,,,,,,,,
Lower-middle-income countries,1949,,780366345.0,,,,,,,,,,,,,,,,,6.143,13.85,306.659,239.306,,,,,,,,,,,,,,,,,,,,,,,,50.571,2.686,10.247,7.997,,,,,,,,,,,,,,,,,,,,,,,,,,,,,,,,,,,,13.48,50.067,540.124,421.494,,,,,,,,,,,,,,,,,,,,,,,,,,,,,,,,,,,,,,,
Lower-middle-income countries,1950,,789659061.0,,,,,,,,,,,,,,,,,5.547,13.274,319.859,252.58,,,,,,,,,,,,,,,,,,,,,,,,5.428,0.434,10.677,8.431,,,,,,,,,,,,,,,,,,,,,,,,,,,,,,,,,,,,17.469,73.63,627.01,495.124,,,,,,,,,,,,,,,,,,,,,,,,,,,,,,,,,,,,,,,
Lower-middle-income countries,1951,,806659258.0,,,,,,,,,,,,,,,,,6.593,16.653,333.763,269.233,,,,,,,,,,,,,,,,,,,,,,,,24.294,2.048,12.991,10.479,,,,,,,,,,,,,,,,,,,,,,,,,,,,,,,,,,,,-33.545,-166.088,407.9,329.036,,,,,,,,,,,,,,,,,,,,,,,,,,,,,,,,,,,,,,,
Lower-middle-income countries,1952,,824322739.0,,,,,,,,,,,,,,,,,6.873,18.504,349.059,287.737,,,,,,,,,,,,,,,,,,,,,,,,32.986,3.457,16.906,13.936,,,,,,,,,,,,,,,,,,,,,,,,,,,,,,,,,,,,-52.944,-174.206,187.827,154.83,,,,,,,,,,,,,,,,,,,,,,,,,,,,,,,,,,,,,,,
Lower-middle-income countries,1953,,842609008.0,,,,,,,,,,,,,,,,,-0.104,-0.299,341.128,287.438,,,,,,,,,,,,,,,,,,,,,,,,26.448,3.686,20.913,17.621,,,,,,,,,,,,,,,,,,,,,,,,,,,,,,,,,,,,13.438,20.806,208.443,175.636,,,,,,,,,,,,,,,,,,,,,,,,,,,,,,,,,,,,,,,
Lower-middle-income countries,1954,,861652153.0,,,,,,,,,,,,,,,,,1.805,5.188,339.61,292.626,,,,,,,,,,,,,,,,,,,,,,,,15.451,2.723,23.61,20.344,,,,,,,,,,,,,,,,,,,,,,,,,,,,,,,,,,,,18.964,33.308,242.493,208.945,,,,,,,,,,,,,,,,,,,,,,,,,,,,,,,,,,,,,,,
Lower-middle-income countries,1955,,881619584.0,,,,,,,,,,,,,,,,,5.5,16.095,350.174,308.721,,,,,,,,,,,,,,,,,,,,,,,,39.669,8.07,32.23,28.414,,,,,,,,,,,,,,,,,,,,,,,,,,,,,,,,,,,,77.14,161.18,419.824,370.125,,,,,,,,,,,,,,,,,,,,,,,,,,,,,,,,,,,,,,,
Lower-middle-income countries,1956,,902303202.0,,,,,,,,,,,,,,,,,3.726,11.504,354.897,320.225,,,,,,,,,,,,,,,,,,,,,,,,18.415,5.232,37.29,33.647,,,,,,,,,,,,,,,,,,,,,,,,,,,,,,,,,,,,34.014,125.895,549.726,496.02,,,,,,,,,,,,,,,,,,,,,,,,,,,,,,,,,,,,,,,
Lower-middle-income countries,1957,,923719371.0,,,,,,,,,,,,,,,,,8.305,26.594,375.459,346.819,,,,,,,,,,,,,,,,,,,,,,,,17.851,6.006,42.928,39.653,,,,,,,,,,,,,,,,,,,,,,,,,,,,,,,,,,,,31.109,154.307,704.03,650.326,,,,,,,,,,,,,,,,,,,,,,,,,,,,,,,,,,,,,,,
Lower-middle-income countries,1958,,945638200.0,,,,,,,,,,,,,,,,,4.206,14.586,382.182,361.405,,,,,,,,,,,,,,,,,,,,,,,,0.33,0.131,42.071,39.784,,,,,,,,,,,,,,,,,,,,,,,,,,,,,,,,,,,,13.275,86.329,779.004,736.656,,,,,,,,,,,,,,,,,,,,,,,,,,,,,,,,,,,,,,,
Lower-middle-income countries,1959,,968358237.0,,,,,,,,,,,,,,,,,4.459,16.115,389.856,377.52,,,,,,,,,,,,,,,,,,,,,,,,11.96,4.758,45.998,44.542,,,,,,,,,,,,,,,,,,,,,,,,,,,,,,,,,,,,13.101,96.506,860.386,833.162,,,,,,,,,,,,,,,,,,,,,,,,,,,,,,,,,,,,,,,
Lower-middle-income countries,1960,,992041992.0,,,,,,,,,,,,,,,,,1.262,4.764,385.351,382.284,,,,,,,,,,,,,,,,,,,,,,,,15.874,7.071,52.027,51.613,,,,,,,,,,,,,,,,,,,,,,,,,,,,,,,,,,,,24.449,203.7,1045.179,1036.861,,,,,,,,,,,,,,,,,,,,,,,,,,,,,,,,,,,,,,,
Lower-middle-income countries,1961,,1016193166.0,,,,,,,,,,,,,,,,,11.945,45.662,421.127,427.946,,,,,,,,,,,,,,,,,,,,,,,,8.923,4.605,55.322,56.218,,,,,,,,,,,,,,,,,,,,,,,,,,,,,,,,,,,,17.175,178.078,1195.579,1214.94,,,,,,,,,,,,,,,,,,,,,,,,,,,,,,,,,,,,,,,
Lower-middle-income countries,1962,,1040961789.0,,,,,,,,,,,,,,,,,8.726,37.344,446.98,465.29,,,,,,,,,,,,,,,,,,,,,,,,13.549,7.617,61.323,63.835,,,,,,,,,,,,,,,,,,,,,,,,,,,,,,,,,,,,15.169,184.289,1344.169,1399.229,,,,,,,,,,,,,,,,,,,,,,,,,,,,,,,,,,,,,,,
Lower-middle-income countries,1963,,1066456125.0,,,,,,,,,,,,,,,,,6.418,29.862,464.296,495.151,,,,,,,,,,,,,,,,,,,,,,,,10.948,6.989,66.41,70.823,,,,,,,,,,,,,,,,,,,,,,,,,,,,,,,,,,,,10.642,148.899,1451.656,1548.127,,,,,,,,,,,,,,,,,,,,,,,,,,,,,,,,,,,,,,,
Lower-middle-income countries,1964,,1092568923.0,,,,,,,,,,,,,,,,,-4.066,-20.132,434.773,475.02,,,,,,,,,,,,,,,,,,,,,,,,13.247,9.382,73.41,80.205,,,,,,,,,,,,,,,,,,,,,,,,,,,,,,,,,,,,13.569,210.061,1609.224,1758.188,,,,,,,,,,,,,,,,,,,,,,,,,,,,,,,,,,,,,,,
Lower-middle-income countries,1965,,1118650842.0,,,,,,,,,,,,,404.029,451.968,,,7.402,35.16,456.067,510.18,,40.628,,,,,,994.453,,,,,,913.809,1022.233,,91.891,,,38.449,,,34.37,36.691,29.428,98.005,109.633,,3.456,,,,90.212,27.272,30.508,80.644,,8.109,,,90.212,27.272,30.508,80.644,,8.109,,,,,0.0,0.0,0.0,0.0,,0.0,,,531.817,,,475.409,12.497,219.716,1768.116,1977.904,,47.806,0.0,0.0,,,,0.0,,0.0,,,0.0,,1112.446,,,90.212,27.272,30.508,80.644,,8.109,,,0.0,0.0,0.0,0.0,,0.0,,,0.0,0.0,0.0,0.0,,0.0
Lower-middle-income countries,1966,,1144744120.0,,,,,,,,,,,-0.621,-2.808,392.367,449.159,,,0.692,3.532,448.757,513.712,,37.99,,,,6.281,69.875,1032.826,,6.411,65.536,,,950.229,1087.769,,92.003,7.926,3.047,41.496,,,36.249,10.376,11.375,105.708,121.008,,3.51,,4.81,4.339,94.552,27.933,31.976,82.596,,7.997,4.81,4.339,94.552,27.933,31.976,82.596,,7.997,,,,0.0,0.0,0.0,0.0,0.0,,0.0,12.278,65.297,597.114,,,521.614,16.072,317.891,2005.509,2295.795,,50.504,0.0,0.0,,,0.0,0.0,,0.0,,,0.0,,1182.321,4.81,4.339,94.552,27.933,31.976,82.596,,7.997,,0.0,0.0,0.0,0.0,0.0,,0.0,,0.0,0.0,0.0,0.0,0.0,,0.0
Lower-middle-income countries,1967,,1171564606.0,,,,,,,,,,,1.9,8.533,390.668,457.692,,,-1.911,-9.819,430.102,503.892,,37.101,,,,4.341,51.322,1052.987,,3.765,40.951,,,963.43,1128.72,,91.495,12.021,4.988,46.484,,,39.677,-4.274,-5.172,98.874,115.837,,3.768,,10.968,10.371,104.922,30.287,35.483,89.557,,8.505,10.968,10.371,104.922,30.287,35.483,89.557,,8.505,,,,0.0,0.0,0.0,0.0,0.0,,0.0,4.594,27.43,624.544,,,533.085,13.825,317.394,2230.512,2613.189,,50.626,0.0,0.0,,,0.0,0.0,,0.0,,,0.0,,1233.642,10.968,10.371,104.922,30.287,35.483,89.557,,8.505,,0.0,0.0,0.0,0.0,0.0,,0.0,,0.0,0.0,0.0,0.0,0.0,,0.0
Lower-middle-income countries,1968,,1199280293.0,,,,,,,,,,,3.681,16.845,395.686,474.538,,,3.606,18.172,435.314,522.064,,35.657,,,,7.878,97.189,1109.692,,6.98,78.789,,,1006.862,1207.509,,90.733,8.276,3.847,50.331,,,41.968,31.885,36.935,127.386,152.772,,3.782,,17.536,18.4,123.322,34.775,41.705,102.83,,9.267,17.536,18.4,123.322,34.775,41.705,102.83,,9.267,,,,0.0,0.0,0.0,0.0,0.0,,0.0,9.302,58.097,682.64,,,569.208,7.221,188.71,2336.317,2801.899,,51.294,0.0,0.0,,,0.0,0.0,,0.0,,,0.0,,1330.831,17.536,18.4,123.322,34.775,41.705,102.83,,9.267,,0.0,0.0,0.0,0.0,0.0,,0.0,,0.0,0.0,0.0,0.0,0.0,,0.0
Lower-middle-income countries,1969,,1227808434.0,,,,,,,,,,,5.823,27.632,408.997,502.17,,,6.174,32.233,451.452,554.297,,34.854,,,,8.261,109.936,1173.446,,7.792,94.086,,,1060.096,1301.595,,90.34,31.306,15.757,66.088,,,53.826,12.27,18.744,139.693,171.516,,4.587,,11.185,13.793,137.115,37.766,46.37,111.675,,9.517,12.923,15.85,139.172,38.357,47.095,113.35,,9.66,,,,2.057,2.057,0.59,0.725,1.675,,0.143,7.427,50.697,733.338,,,597.274,23.664,663.042,2822.053,3464.941,,50.899,0.0,0.0,,,0.0,0.0,,0.0,,,0.0,,1440.767,11.185,13.793,137.115,37.766,46.37,111.675,,9.517,,0.0,0.0,0.0,0.0,0.0,,0.0,,0.0,0.0,0.0,0.0,0.0,,0.0
Lower-middle-income countries,1970,,1256736434.0,,,,,,,,,,,-4.949,-24.852,379.807,477.317,,,-1.496,-8.291,434.463,546.005,,31.818,,,,4.123,59.401,1193.701,,3.595,46.791,,,1072.927,1348.386,,89.882,28.006,18.508,84.596,,,67.314,-35.912,-61.595,87.465,109.921,,5.639,,7.989,10.954,148.069,39.845,50.074,117.821,,9.87,9.105,12.61,151.781,40.886,51.383,120.774,,10.118,,,80.488,1.655,3.712,1.041,1.308,2.954,,0.247,7.246,53.135,786.473,,,625.805,24.127,835.984,3422.297,4300.925,,52.426,0.0,0.0,,,0.0,0.0,,0.0,,,0.0,,1500.167,7.989,10.954,148.069,39.845,50.074,117.821,,9.87,,0.0,0.0,0.0,0.0,0.0,,0.0,,0.0,0.0,0.0,0.0,0.0,,0.0
Lower-middle-income countries,1971,,1285457753.0,,,,,,,,,,,0.555,2.651,373.383,479.969,,,-1.836,-10.024,416.958,535.982,,30.778,,,,3.951,59.278,1213.144,,4.103,55.327,,,1091.995,1403.713,,90.014,8.002,6.769,91.365,,,71.076,51.311,56.402,129.388,166.323,,5.859,,3.219,4.766,152.836,40.208,51.686,118.896,,9.801,2.578,3.951,155.733,41.003,52.707,121.15,,9.986,,,-21.959,-0.815,2.897,0.794,1.021,2.253,,0.186,5.837,45.907,832.379,,,647.535,13.008,559.468,3781.06,4860.393,,53.377,0.0,0.0,,,0.0,0.0,,0.0,,,0.0,,1559.446,3.219,4.766,152.836,40.208,51.686,118.896,,9.801,,0.0,0.0,0.0,0.0,0.0,,0.0,,0.0,0.0,0.0,0.0,0.0,,0.0
Lower-middle-income countries,1972,,1315146462.0,,,,,,,,,,,4.614,22.145,381.793,502.114,,,3.252,17.428,420.797,553.409,,30.583,,,,5.28,82.339,1248.367,,5.767,80.954,,,1128.899,1484.667,,90.43,8.752,7.996,99.362,,,75.552,27.62,45.939,161.398,212.262,,6.052,,0.709,1.084,153.92,39.58,52.053,117.036,,9.375,0.897,1.385,157.118,40.437,53.18,119.468,,9.57,,,10.39,0.301,3.198,0.857,1.127,2.431,,0.195,6.105,50.813,883.192,,,671.554,14.21,690.671,4220.871,5551.064,,53.795,0.0,0.0,,,0.0,0.0,,0.0,,,0.0,,1641.785,0.709,1.084,153.92,39.58,52.053,117.036,,9.375,,0.0,0.0,0.0,0.0,0.0,,0.0,,0.0,0.0,0.0,0.0,0.0,,0.0
Lower-middle-income countries,1973,,1346554674.0,,,,,,,,,,,0.336,1.686,374.139,503.799,,,2.827,15.643,422.598,569.052,,28.741,,,,6.766,111.084,1301.744,,6.828,101.374,,,1177.851,1586.041,,90.483,14.187,14.096,113.458,,,84.258,19.698,41.811,188.683,254.073,,6.473,,4.085,6.287,160.207,40.235,54.179,118.976,,9.14,6.267,9.711,166.829,41.968,56.513,123.893,,9.517,,,107.059,3.423,6.621,1.733,2.333,4.917,,0.378,9.691,85.592,968.784,,,719.454,14.316,794.667,4712.568,6345.731,,55.268,0.0,0.0,,,0.0,0.0,,0.0,,,0.0,,1752.87,4.085,6.287,160.207,40.235,54.179,118.976,,9.14,,0.0,0.0,0.0,0.0,0.0,,0.0,,0.0,0.0,0.0,0.0,0.0,,0.0
Lower-middle-income countries,1974,,1378703081.0,,,,,,,,,,,12.974,65.363,412.824,569.162,,,10.109,57.525,454.469,626.577,,30.87,,,,5.185,90.878,1337.306,,5.744,91.094,,,1216.459,1677.136,,90.963,12.201,13.843,127.301,,,92.334,8.032,20.408,199.086,274.48,,6.904,,-0.127,-0.204,160.004,39.247,54.11,116.054,,8.678,-0.13,-0.216,166.612,40.937,56.439,120.847,,9.037,,,-0.189,-0.013,6.609,1.689,2.329,4.793,,0.358,1.227,11.888,980.672,,,711.301,2.926,185.691,4737.367,6531.422,,53.189,0.0,0.0,,,0.0,0.0,,0.0,,,0.0,,1843.748,-0.127,-0.204,160.004,39.247,54.11,116.054,,8.678,,0.0,0.0,0.0,0.0,0.0,,0.0,,0.0,0.0,0.0,0.0,0.0,,0.0
Lower-middle-income countries,1975,,1411532827.0,,,,,,,,,,,9.944,56.597,443.319,625.759,,,14.007,87.765,506.076,714.342,,30.759,,,,10.339,190.622,1441.249,,9.864,165.428,,,1305.364,1842.564,,90.572,17.503,22.282,149.584,,,105.972,8.545,23.454,211.071,297.934,,7.353,,14.994,23.99,183.994,44.082,62.223,130.351,,9.044,15.127,25.194,191.807,46.033,64.977,135.885,,9.428,,,18.216,1.204,7.812,1.951,2.753,5.535,,0.384,8.826,86.549,1067.222,,,756.073,-10.212,-667.012,4154.639,5864.41,,52.46,0.0,0.0,,,0.0,0.0,,0.0,,,0.0,,2034.37,14.994,23.99,183.994,44.082,62.223,130.351,,9.044,,0.0,0.0,0.0,0.0,0.0,,0.0,,0.0,0.0,0.0,0.0,0.0,,0.0
Lower-middle-income countries,1976,,1444952534.0,,,,,,,,,,,3.491,21.845,448.184,647.604,,,5.149,36.78,519.825,751.122,,30.104,,,,5.744,116.846,1488.78,,5.662,104.318,,,1347.367,1946.881,,90.501,12.95,19.371,168.955,,,116.927,10.542,31.407,227.926,329.342,,7.854,,6.162,11.337,195.331,45.716,66.057,135.182,,9.08,6.547,12.528,204.335,47.912,69.231,141.413,,9.499,,,15.249,1.191,9.004,2.196,3.173,6.231,,0.419,5.913,63.101,1130.323,,,782.256,12.256,718.736,4555.96,6583.146,,52.543,0.0,0.0,,,0.0,0.0,,0.0,,,0.0,,2151.216,6.162,11.337,195.331,45.716,66.057,135.182,,9.08,,0.0,0.0,0.0,0.0,0.0,,0.0,,0.0,0.0,0.0,0.0,0.0,,0.0
Lower-middle-income countries,1977,,1479373685.0,,,,,,,,,,,5.049,32.697,459.858,680.302,,,-0.16,-1.198,506.92,749.924,,28.794,,,,9.829,211.452,1597.073,,10.049,195.645,,,1448.266,2142.527,,90.683,21.532,36.38,205.335,,,138.798,12.66,41.694,250.806,371.036,,8.691,,9.535,18.625,213.956,48.91,72.356,144.626,,9.056,7.663,15.807,220.142,50.383,74.536,148.807,,9.317,,,-31.337,-2.822,6.182,1.473,2.179,4.179,,0.262,11.198,126.568,1256.891,,,849.61,1.249,82.217,4505.53,6665.363,,53.198,0.003,0.001,,,0.003,0.001,,0.002,,,0.0,,2362.668,9.537,18.628,213.959,48.911,72.357,144.628,,9.056,,0.0,0.0,0.0,0.0,0.0,,0.0,,0.0,0.0,0.0,0.0,0.0,,0.0
Lower-middle-income countries,1978,,1514934199.0,,,,,,,,,,,-3.903,-26.55,431.538,653.751,,,1.284,9.628,501.376,759.552,,26.385,,,,4.872,115.115,1635.571,,3.102,66.469,,,1458.146,2208.996,,89.152,11.94,24.517,229.852,,,151.724,13.212,49.021,277.277,420.057,,9.277,,22.399,47.925,261.881,58.46,88.563,172.866,,10.569,22.085,48.645,268.787,60.067,90.997,177.425,,10.848,,,11.562,0.715,6.897,1.604,2.431,4.553,,0.278,5.45,68.502,1325.393,,,874.885,-4.452,-296.71,4203.914,6368.653,,53.491,0.009,0.003,,200.0,0.006,0.002,,0.006,,,0.0,,2477.783,22.402,47.93,261.89,58.462,88.566,172.872,,10.57,,0.0,0.0,0.0,0.0,0.0,,0.0,,0.0,0.0,0.0,0.0,0.0,,0.0
Lower-middle-income countries,1979,,1551698522.0,,,,,,,,,,,6.737,44.04,449.695,697.792,,,1.253,9.518,495.631,769.07,,25.952,,,,8.514,210.947,1732.766,,9.703,214.335,,,1561.728,2423.33,,90.129,29.562,67.949,297.801,,,191.919,33.118,139.114,360.36,559.171,,11.076,,-1.947,-5.098,256.783,55.964,86.839,165.485,,9.55,-1.232,-3.387,265.4,57.921,89.876,171.038,,9.871,,,-1.273,-0.088,6.809,1.547,2.4,4.388,,0.253,7.722,102.345,1427.738,,,920.113,-14.905,-949.252,3492.561,5419.401,,53.101,1.807,0.637,,21131.334,1.799,0.41,,1.165,,,0.067,,2688.73,-1.231,-3.299,258.59,56.375,87.476,166.65,,9.618,,0.0,0.0,0.0,0.0,0.0,,0.0,,0.0,0.0,0.0,0.0,0.0,,0.0
Lower-middle-income countries,1980,,1590635339.0,,,,,,,,,,,4.032,28.135,456.375,725.926,,,-13.157,-101.186,419.885,667.883,,25.993,,,,3.871,104.068,1755.775,,3.75,90.877,,,1580.631,2514.207,,90.025,11.265,33.547,331.348,,,208.312,-4.023,-22.496,337.396,536.675,,11.864,,3.439,8.832,265.615,56.472,89.826,166.987,,9.511,5.032,13.191,278.59,59.347,94.399,175.144,,9.975,,,5.341,0.364,7.173,1.589,2.528,4.509,,0.257,2.045,29.195,1456.933,,,915.944,-22.361,-1211.81,2645.227,4207.591,,52.168,5.802,2.045,,221.043,3.995,1.286,,3.648,,,0.208,,2792.797,5.024,12.827,271.417,57.757,91.871,170.635,,9.718,,0.0,0.0,0.0,0.0,0.0,,0.0,,0.0,0.0,0.0,0.0,0.0,,0.0
Lower-middle-income countries,1981,,1631782844.0,,,,,,,,,,,12.085,87.726,498.628,813.652,,,25.17,168.107,512.317,835.99,,26.878,,,,8.392,234.364,1855.125,,8.514,214.072,,,1671.962,2728.279,,90.127,16.487,54.629,385.977,,,236.537,10.953,58.783,364.912,595.458,,12.75,,5.486,14.571,280.186,58.068,94.754,171.705,,9.256,7.311,20.292,298.883,62.079,101.3,183.163,,9.873,,,4.196,0.301,7.474,1.614,2.634,4.58,,0.247,4.922,71.717,1528.65,,,936.797,-9.684,-407.454,2328.825,3800.137,,50.498,11.223,3.912,,91.319,5.42,2.397,,6.877,,,0.371,,3027.161,7.396,19.991,291.409,60.465,98.666,178.583,,9.626,,0.0,0.0,0.0,0.0,0.0,,0.0,,0.0,0.0,0.0,0.0,0.0,,0.0
Lower-middle-income countries,1982,,1673454338.0,,,,,,,,,,,1.334,10.856,492.698,824.508,,,-0.073,-0.609,499.195,835.38,,26.11,,,,4.315,130.612,1886.979,,5.648,154.085,,,1722.404,2882.364,,91.278,13.523,52.195,438.172,,,261.837,16.211,96.532,413.51,691.99,,13.876,,-8.096,-22.683,257.503,52.038,87.083,153.875,,8.155,-7.847,-23.473,275.41,55.783,93.351,164.576,,8.722,,,-10.403,-0.777,6.696,1.41,2.36,4.002,,0.212,5.955,91.034,1619.684,,,967.869,11.725,445.576,2537.096,4245.714,,51.292,11.211,3.908,,-0.111,-0.012,2.335,,6.699,,,0.355,,3157.773,-7.779,-22.695,268.713,54.373,90.991,160.574,,8.51,,0.0,0.0,0.0,0.0,0.0,,0.0,,0.0,0.0,0.0,0.0,0.0,,0.0
Lower-middle-income countries,1983,,1715002716.0,,,,,,,,,,,5.763,47.512,508.466,872.02,,,5.715,47.744,514.941,883.125,,25.61,,,,7.829,247.23,1985.422,,8.476,244.316,,,1823.134,3126.68,,91.826,13.447,58.921,497.093,,,289.849,21.968,152.018,492.132,844.008,,14.599,,-1.161,-2.99,254.512,50.187,86.071,148.403,,7.475,1.077,2.914,278.323,55.018,94.356,162.287,,8.174,,,41.948,2.809,9.505,1.953,3.35,5.543,,0.279,8.513,137.883,1757.567,,,1024.819,4.311,183.021,2582.348,4428.734,,51.617,14.306,4.935,,26.283,3.095,2.878,,8.341,,,0.42,,3405.003,0.017,0.105,268.818,53.065,91.006,156.745,,7.895,,0.0,0.0,0.0,0.0,0.0,,0.0,,0.0,0.0,0.0,0.0,0.0,,0.0
Lower-middle-income countries,1984,,1757033374.0,,,,,,,,,,,4.681,40.823,519.537,912.843,,,4.383,38.709,524.654,921.834,,25.356,,,,5.732,195.173,2049.009,,5.3,165.723,,,1873.842,3292.403,,91.451,4.879,24.253,521.346,,,296.72,13.236,111.709,543.938,955.717,,14.481,,9.965,25.362,279.874,53.868,94.648,159.288,,7.774,10.621,29.451,307.774,59.406,104.378,175.167,,8.549,,,30.475,2.897,12.402,2.488,4.371,7.059,,0.344,5.726,100.646,1858.213,,,1057.586,1.46,64.665,2557.378,4493.399,,51.614,15.498,5.358,,8.581,1.192,3.05,,8.821,,,0.43,,3600.177,9.89,26.554,295.372,56.918,100.007,168.109,,8.204,,0.0,0.0,0.0,0.0,0.0,,0.0,,0.0,0.0,0.0,0.0,0.0,,0.0
Lower-middle-income countries,1985,,1799806499.0,,,,,,,,,,,116.084,1059.664,1095.955,1972.507,130.875,235.549,123.734,1140.627,1145.935,2062.461,34.889,28.046,,675.134,9.599,95.357,3433.024,3907.754,,98.193,3232.894,227.448,409.362,3625.555,6525.297,60.634,92.778,231.6,1207.439,1728.785,42.214,75.976,960.54,86.424,825.969,989.932,1781.685,11.254,24.58,,16.316,45.664,325.539,61.168,110.091,180.874,16.307,4.629,66.929,200.13,507.904,96.809,174.237,282.199,25.808,7.222,,,1231.648,152.751,165.153,32.339,58.203,91.762,8.621,2.348,51.974,965.792,2824.005,54.359,97.836,1569.06,3.002,134.88,2571.543,4628.279,14.491,40.152,17.212,5.942,,10.893,1.714,3.302,,9.563,0.88,,0.245,375.115,7033.201,16.025,47.378,342.751,64.47,116.033,190.438,17.187,4.873,,0.0,0.0,0.0,0.0,0.0,0.0,0.0,,0.0,0.0,0.0,0.0,0.0,0.0,0.0
Lower-middle-income countries,1986,,1843201184.0,,,,,,,,,,,3.601,71.028,1108.688,2043.535,138.895,256.011,5.273,108.746,1177.954,2171.207,36.177,28.436,,707.656,9.847,2.177,153.139,3898.837,,2.701,176.221,239.328,441.129,3635.804,6701.518,62.337,93.254,5.178,89.521,1818.306,45.194,83.302,986.494,3.649,65.015,1001.899,1846.701,11.772,25.302,,1.902,6.191,331.73,60.864,112.185,179.975,15.853,4.616,-4.72,-23.081,484.823,90.068,166.014,263.033,23.46,6.746,,,-17.092,-28.228,136.925,26.18,48.255,74.287,6.819,1.905,0.555,15.671,2839.676,55.238,101.815,1540.622,-0.944,-43.684,2487.301,4584.595,14.388,39.515,16.168,5.573,,-6.208,-1.045,3.024,,8.771,0.788,,0.225,383.928,7186.34,1.486,5.147,347.897,63.888,117.758,188.746,16.641,4.841,,0.0,0.0,0.0,0.0,0.0,0.0,0.0,,0.0,0.0,0.0,0.0,0.0,0.0,0.0
Lower-middle-income countries,1987,,1886925482.0,,,,,,,,,,,4.864,99.401,1135.676,2142.936,149.08,281.303,4.017,87.213,1196.878,2258.419,37.238,28.48,,755.418,10.04,4.704,338.028,3987.634,,4.678,313.514,252.051,475.601,3717.704,7015.031,62.959,93.231,4.861,88.393,1906.699,44.429,83.835,1010.479,5.069,93.611,1028.293,1940.312,11.098,25.34,,1.367,4.536,336.265,60.267,113.719,178.208,15.054,4.469,5.212,24.514,509.337,92.566,174.666,269.929,23.122,6.769,,,16.155,22.121,159.046,29.705,56.051,84.289,7.42,2.114,4.427,125.72,2965.396,58.542,110.464,1571.549,4.475,205.167,2538.395,4789.762,14.623,39.411,14.025,4.896,,-12.153,-2.143,2.595,,7.433,0.648,,0.186,400.343,7524.368,0.727,2.393,350.29,62.861,118.615,185.641,15.702,4.655,,0.0,0.0,0.0,0.0,0.0,0.0,0.0,,0.0,0.0,0.0,0.0,0.0,0.0,0.0
Lower-middle-income countries,1988,,1930937086.0,,,,,,,,,,,1.076,23.066,1121.737,2166.003,150.461,290.531,3.298,74.488,1208.174,2332.907,36.142,27.785,,803.869,10.312,3.606,271.353,4037.273,,2.462,172.742,252.341,487.255,3722.427,7187.773,60.614,92.202,6.278,119.709,2026.409,46.444,89.68,1049.443,3.54,68.681,1040.424,2008.993,11.156,25.994,,10.299,34.631,370.897,64.958,125.431,192.081,15.603,4.758,19.614,98.612,607.948,108.199,208.925,314.846,25.99,7.798,,,39.644,63.052,222.098,40.536,78.272,115.021,9.737,2.849,1.011,29.966,2995.362,55.436,107.043,1551.248,1.853,88.772,2526.511,4878.535,13.316,38.423,14.954,5.223,,6.678,0.929,2.705,,7.744,0.65,,0.192,416.31,7795.721,10.149,35.56,385.85,67.663,130.653,199.826,16.253,4.95,,0.0,0.0,0.0,0.0,0.0,0.0,0.0,,0.0,0.0,0.0,0.0,0.0,0.0,0.0
Lower-middle-income countries,1989,,1975269229.0,,,,,,,,,,,0.836,18.102,1105.725,2184.105,158.927,313.923,2.095,48.865,1205.796,2381.772,36.732,27.184,,854.637,10.637,3.064,238.828,4067.572,,3.237,232.634,266.135,525.689,3756.656,7420.407,61.51,92.356,4.857,98.427,2124.836,51.549,101.822,1075.719,6.163,123.811,1079.754,2132.804,11.914,26.446,,7.128,26.436,397.333,68.027,134.371,201.154,15.723,4.945,0.864,6.194,614.142,106.684,210.73,310.916,24.657,7.644,,,-9.728,-21.607,200.491,35.771,70.657,101.501,8.268,2.495,3.876,116.105,3111.467,55.66,109.943,1575.211,13.391,653.299,2800.547,5531.834,12.864,38.726,16.318,5.702,,9.166,1.364,2.887,,8.261,0.667,,0.203,432.669,8034.549,7.209,27.8,413.651,70.913,140.072,209.415,16.39,5.148,,0.0,0.0,0.0,0.0,0.0,0.0,0.0,,0.0,0.0,0.0,0.0,0.0,0.0,0.0
Lower-middle-income countries,1990,,2020653165.0,,,,0.0,0.0,,,,0.0,,10.263,224.148,1191.819,2408.253,157.127,317.5,3.602,85.799,1221.175,2467.571,35.544,27.087,,893.252,10.047,10.657,856.219,4399.948,,10.738,796.794,266.208,537.914,4066.606,8217.201,60.22,92.424,17.443,370.644,2495.48,54.449,110.022,1234.987,6.109,130.302,1119.987,2263.106,12.317,28.068,,5.146,20.448,417.78,69.921,141.286,206.755,15.817,4.699,9.795,59.426,673.568,114.503,231.37,333.342,25.902,7.576,,,17.459,35.005,235.496,41.073,82.994,116.544,9.291,2.649,6.492,202.001,3313.468,54.632,110.393,1639.8,6.041,334.153,2903.015,5865.987,12.359,37.269,20.202,7.061,,23.837,3.884,3.494,,9.998,0.79,,0.227,442.061,8890.769,5.929,24.421,438.072,73.43,148.377,216.797,16.611,4.927,,0.0,0.0,0.0,0.0,0.0,0.0,0.0,,0.09,0.09,0.015,0.03,0.044,0.003,0.001
Lower-middle-income countries,1991,,2066065851.0,,,0.0,0.0,0.0,,,,0.0,,-0.95,-22.885,1154.546,2385.368,161.317,333.291,-1.818,-44.87,1172.616,2422.701,36.197,26.651,,920.774,10.288,0.67,59.569,4332.068,,0.492,40.45,268.938,555.643,3996.8,8257.651,60.345,92.261,1.442,35.983,2531.463,57.878,119.579,1225.258,6.0,135.791,1161.094,2398.897,12.987,28.283,,6.034,25.208,442.989,72.51,149.811,214.412,16.27,4.949,2.776,19.119,692.687,115.094,237.793,335.269,25.825,7.739,,,-2.445,-5.758,229.738,39.188,80.965,111.196,8.793,2.567,0.825,27.352,3340.82,49.743,102.772,1616.996,5.58,327.328,2997.637,6193.315,11.162,37.326,19.626,6.905,,-2.213,-0.576,3.342,,9.499,0.75,,0.219,445.666,8950.338,5.696,24.877,462.949,75.907,156.828,224.073,17.032,5.172,,0.0,0.0,0.0,0.0,0.0,0.0,0.0,272.603,0.244,0.334,0.055,0.113,0.162,0.012,0.004
Lower-middle-income countries,1992,,2110223537.0,,,0.0,0.0,0.0,,,,0.0,,2.913,69.491,1163.317,2454.86,164.693,347.539,3.305,80.069,1186.021,2502.77,37.668,27.891,,922.626,10.482,-1.66,-148.565,4171.014,,-1.773,-146.396,263.647,556.354,3843.79,8111.255,60.301,92.155,-3.08,-77.96,2453.502,57.744,121.852,1162.674,2.906,69.703,1169.829,2468.6,13.207,27.875,,-0.31,-1.375,441.614,70.773,149.346,209.274,16.187,5.017,-0.314,-2.17,690.517,112.332,237.046,327.225,25.692,7.845,,,-0.319,-0.733,229.005,38.245,80.706,108.522,8.747,2.602,-4.129,-137.927,3202.893,41.21,86.963,1517.798,0.244,15.108,2942.069,6208.423,9.426,36.389,19.636,6.905,,0.009,0.01,3.272,,9.305,0.748,,0.223,437.217,8801.772,-0.312,-1.436,461.512,74.087,156.339,218.703,16.945,5.243,,0.0,0.0,0.0,0.0,0.0,0.0,0.0,-21.646,-0.072,0.262,0.042,0.088,0.124,0.01,0.003
Lower-middle-income countries,1993,,2153745205.0,,,0.0,0.0,0.0,,,,0.0,,-1.237,-30.355,1125.716,2424.505,163.344,351.8,-1.497,-37.462,1144.661,2465.308,37.461,28.122,,939.123,10.893,-2.048,-180.276,4003.025,,-2.612,-211.843,260.715,561.513,3667.756,7899.412,59.791,91.625,-7.209,-176.87,2276.633,59.224,127.553,1057.058,-2.608,-64.371,1116.302,2404.229,13.582,26.406,,6.313,27.881,469.495,73.72,158.775,217.99,16.907,5.446,4.519,31.568,722.085,115.035,247.757,335.269,26.382,8.375,,,1.45,3.321,232.326,38.016,81.877,107.871,8.718,2.695,-0.144,-4.619,3198.274,38.147,82.159,1484.983,1.322,82.059,2920.718,6290.482,8.748,37.097,19.984,7.011,,1.533,0.348,3.255,,9.279,0.747,,0.232,436.042,8621.496,6.103,28.247,489.759,77.019,165.88,227.399,17.663,5.681,,0.0,0.0,0.0,0.0,0.0,0.0,0.0,7.121,0.019,0.28,0.044,0.095,0.13,0.01,0.003
Lower-middle-income countries,1994,,2197553286.0,,,0.0,0.0,0.0,,,,0.0,,-4.094,-99.248,1058.112,2325.257,161.847,355.668,-2.702,-66.607,1091.533,2398.701,37.035,26.883,,960.365,11.103,0.325,28.036,3935.983,,0.241,19.008,261.791,575.299,3603.289,7918.42,59.904,91.547,3.034,69.08,2345.713,65.991,145.019,1067.42,6.751,162.3,1167.903,2566.529,15.1,27.12,,5.601,26.295,495.79,76.297,167.667,225.61,17.459,5.732,1.125,9.027,731.112,114.01,250.544,332.693,26.088,8.453,,,-9.155,-21.268,211.057,33.847,74.381,96.042,7.745,2.44,1.538,49.176,3247.45,33.952,74.612,1477.757,0.818,51.454,2885.908,6341.936,7.769,37.545,23.699,8.304,,18.445,3.715,3.779,,10.784,0.865,,0.274,437.016,8649.532,6.199,30.295,520.054,80.163,176.163,236.651,18.343,6.013,,0.0,0.0,0.0,0.0,0.0,0.0,0.0,101.836,0.285,0.566,0.087,0.191,0.257,0.02,0.007
Lower-middle-income countries,1995,,2241781730.0,,,0.0,0.0,0.0,,,,0.0,,4.464,103.793,1083.536,2429.05,170.847,383.001,3.437,82.448,1106.776,2481.149,37.656,26.849,,1017.111,11.242,4.597,397.598,4035.687,,4.929,390.294,276.149,619.065,3706.3,8308.715,60.865,91.838,3.589,84.186,2429.898,71.65,160.624,1083.914,6.628,170.102,1220.739,2736.631,15.792,26.858,,-1.519,-7.529,488.26,73.656,165.121,217.8,16.234,5.397,1.056,7.303,738.415,112.941,253.189,329.387,24.893,8.162,,,5.752,12.139,223.196,35.088,78.659,99.562,7.734,2.467,6.23,202.316,3449.767,33.652,75.441,1538.85,1.981,125.612,2885.003,6467.548,7.417,38.131,25.487,8.911,,7.311,1.788,3.975,,11.369,0.876,,0.282,453.706,9047.13,-0.927,-4.836,515.218,77.853,174.53,229.825,17.159,5.695,,0.003,0.003,0.0,0.001,0.001,0.0,0.0,159.551,0.902,1.468,0.221,0.496,0.655,0.049,0.016
Lower-middle-income countries,1996,,2285832700.0,,,0.0,0.0,0.0,,,,0.0,,-3.044,-73.935,1030.31,2355.115,169.622,387.727,2.271,56.351,1110.099,2537.5,37.132,25.303,,1044.198,11.219,2.881,260.662,4071.948,,2.835,235.548,277.504,634.328,3737.921,8544.263,60.748,91.797,10.01,243.233,2673.132,73.872,168.859,1169.434,6.759,184.971,1278.135,2921.602,16.171,28.719,,-1.13,-5.517,482.743,71.42,163.255,211.189,15.634,5.186,3.511,25.115,763.529,114.653,262.078,334.027,25.098,8.203,,,12.263,27.371,250.568,38.632,88.305,109.618,8.457,2.692,1.92,66.25,3516.016,34.01,77.742,1538.177,1.64,106.082,2875.814,6573.629,7.445,37.775,27.603,9.633,,8.099,2.116,4.214,,12.076,0.923,,0.297,456.813,9307.792,-0.434,-2.257,512.962,76.022,173.773,224.409,16.642,5.511,500.0,0.015,0.018,0.003,0.006,0.008,0.001,0.0,76.925,1.129,2.597,0.384,0.878,1.136,0.084,0.028
Lower-middle-income countries,1997,,2330207743.0,,,0.0,0.0,0.0,,,,0.0,,4.291,101.05,1054.054,2456.165,173.767,404.914,4.279,108.589,1135.56,2646.09,37.108,25.645,,1091.169,11.393,2.9,269.922,4110.24,,3.448,294.629,292.273,681.057,3793.177,8838.892,62.415,92.286,-1.778,-47.534,2625.597,83.407,194.356,1126.765,5.45,159.241,1322.132,3080.843,17.812,27.414,,-6.944,-33.522,449.221,65.195,151.918,192.782,13.923,4.69,-3.153,-24.707,738.823,108.924,253.815,317.063,23.261,7.714,,,1.869,4.683,255.25,38.604,89.956,109.54,8.244,2.665,6.858,241.113,3757.129,35.098,81.786,1612.358,0.911,59.913,2846.76,6633.542,7.495,39.228,31.411,10.947,,13.641,3.809,4.698,,13.48,1.003,,0.328,468.271,9577.714,-5.705,-29.389,483.572,70.32,163.86,207.523,15.017,5.049,0.0,0.0,0.018,0.003,0.006,0.008,0.001,0.0,12.48,0.324,2.922,0.424,0.988,1.254,0.091,0.031
Lower-middle-income countries,1998,,2375067059.0,,,0.0,0.0,0.0,,,,0.0,,3.523,86.54,1070.582,2542.705,173.777,412.733,2.053,54.328,1136.986,2700.417,35.952,25.852,,1148.025,11.672,2.692,257.873,4141.183,,1.916,169.312,297.459,706.485,3792.821,9008.204,61.539,91.588,1.781,46.768,2672.366,91.857,218.167,1125.175,5.95,183.305,1374.339,3264.148,19.004,27.17,,19.884,89.325,538.546,76.683,182.127,226.75,15.864,5.475,11.779,88.561,827.383,119.454,283.711,348.362,24.713,8.412,,,-3.282,-8.377,246.874,36.632,87.003,103.944,7.579,2.51,0.958,36.005,3793.134,31.825,75.585,1597.064,1.214,80.526,2826.896,6714.069,6.584,38.565,38.746,13.493,,23.257,7.335,5.681,,16.314,1.175,,0.394,483.365,9835.587,20.046,96.937,580.51,82.822,196.708,244.418,17.134,5.902,0.0,0.0,0.018,0.003,0.006,0.008,0.001,0.0,9.514,0.278,3.199,0.456,1.082,1.347,0.094,0.033
Lower-middle-income countries,1999,,2419995017.0,,,0.0,0.0,0.0,,,,0.0,,0.145,3.676,1052.226,2546.381,185.527,448.974,1.704,46.007,1134.889,2746.425,37.004,24.849,,1213.32,11.84,4.186,411.697,4234.424,,4.593,413.776,318.769,771.42,3893.388,9421.98,63.579,91.946,10.854,290.061,2962.427,99.477,240.734,1224.146,8.891,290.205,1468.744,3554.354,19.841,28.909,,-0.956,-5.147,533.4,74.54,180.386,220.413,14.867,5.205,-0.256,-2.079,825.304,116.936,282.985,341.035,23.323,8.054,,,-2.449,-6.047,240.827,35.071,84.872,99.515,6.995,2.35,3.165,120.039,3913.173,33.766,81.712,1617.017,-4.47,-300.088,2650.411,6413.981,6.735,38.187,46.626,16.221,,20.216,7.88,6.703,,19.267,1.337,,0.455,501.373,10247.284,0.714,3.968,584.477,81.865,198.112,241.52,16.328,5.704,0.0,0.0,0.018,0.003,0.006,0.007,0.0,0.0,38.586,1.235,4.434,0.62,1.499,1.832,0.124,0.043
Lower-middle-income countries,2000,,2465592691.0,,,0.0,0.0,0.0,3.419,8.43,0.603,0.0,518.963,6.873,175.017,1103.75,2721.398,210.104,518.03,4.973,136.586,1169.297,2883.011,37.076,25.542,1402.17,1397.23,13.114,3.976,407.445,4321.366,,4.377,412.362,422.036,1040.57,3988.632,9834.343,74.474,92.3,3.848,113.987,3076.413,144.549,356.4,1247.738,6.185,219.854,1530.751,3774.208,25.508,28.874,725.11,-7.558,-40.316,493.083,95.141,234.58,199.986,16.789,4.628,-0.455,-4.918,820.386,144.655,356.66,332.734,25.526,7.7,4.94,0.352,10.819,26.056,266.883,37.918,93.49,108.243,6.691,2.505,3.152,123.359,4036.532,67.383,166.14,1637.145,6.619,424.524,2773.575,6838.505,11.891,37.885,55.156,26.71,18.28,17.819,8.53,10.833,7.414,22.37,1.912,1.308,0.518,566.691,10654.729,-5.285,-30.974,553.503,106.737,263.17,224.491,18.835,5.195,27.095,0.005,0.023,0.008,0.02,0.009,0.001,0.0,18.199,0.807,5.241,0.754,1.86,2.126,0.133,0.049
Lower-middle-income countries,2001,,2511799308.0,,,0.0,0.0,0.0,3.663,9.2,0.632,0.0,520.971,2.062,56.126,1105.791,2777.524,217.259,545.71,4.809,138.631,1202.979,3021.642,37.472,25.427,1460.1,1456.3,13.332,2.521,268.593,4348.804,,2.599,255.61,433.996,1090.11,4017.022,10089.953,74.855,92.371,4.537,139.587,3216.0,150.896,379.02,1280.357,4.054,153.009,1563.508,3927.217,26.026,29.442,758.69,1.295,3.14,496.223,95.258,239.27,197.557,16.43,4.543,2.24,12.983,833.369,145.788,366.19,331.782,25.145,7.629,3.8,0.26,3.283,6.973,273.856,38.634,97.04,109.028,6.663,2.507,1.484,59.896,4096.429,65.841,165.38,1630.874,-1.777,-121.513,2674.176,6716.992,11.356,37.502,55.84,27.26,18.06,1.605,0.684,10.853,7.19,22.231,1.872,1.24,0.511,579.784,10923.322,1.717,6.01,559.513,107.154,269.15,222.754,18.482,5.122,67.658,0.015,0.038,0.008,0.02,0.015,0.001,0.0,42.349,2.171,7.412,1.035,2.6,2.951,0.179,0.068
Lower-middle-income countries,2002,,2556960325.0,,,9.225,3.608,9.225,3.762,9.62,0.629,0.082,524.382,3.796,105.428,1127.492,2882.952,223.543,571.59,5.64,170.407,1248.377,3192.05,37.383,25.524,1533.47,1529.02,13.537,3.403,371.688,4417.358,,3.656,368.932,453.73,1160.17,4090.359,10458.885,75.877,92.597,6.797,218.605,3434.605,165.302,422.67,1343.238,8.723,342.58,1669.872,4269.797,27.643,30.408,801.79,-1.549,-10.837,485.386,93.588,239.3,189.829,15.651,4.297,3.09,2.756,836.125,144.253,368.85,327.0,24.123,7.403,4.45,0.29,2.157,4.101,277.957,38.773,99.14,108.706,6.484,2.461,1.096,44.899,4141.328,64.886,165.91,1619.629,-2.101,-141.156,2571.74,6575.836,10.851,36.665,56.075,27.82,18.2,0.868,0.236,10.88,7.118,21.93,1.819,1.19,0.496,597.983,11295.01,3.565,-1.345,558.168,105.481,269.71,218.293,17.639,4.942,22.605,0.008,0.046,0.008,0.02,0.018,0.001,0.0,0.963,0.023,7.435,1.005,2.57,2.908,0.168,0.066
Lower-middle-income countries,2003,,2601596128.0,,-4.976,-0.459,3.369,8.766,4.005,10.42,0.646,0.075,522.198,6.683,192.661,1182.202,3075.613,227.768,592.56,4.757,151.849,1285.326,3343.899,36.762,26.295,1612.04,1611.86,13.781,3.556,401.638,4495.951,,3.58,374.396,470.561,1224.21,4164.09,10833.28,75.95,92.619,3.983,136.803,3571.408,177.18,460.95,1372.776,6.967,297.49,1755.571,4567.287,28.597,30.534,841.71,4.96,20.81,506.196,97.901,254.7,194.571,15.802,4.328,3.674,27.243,863.368,149.005,387.65,331.861,24.05,7.381,0.18,0.011,2.231,4.379,282.337,38.961,101.36,108.524,6.288,2.414,1.085,44.931,4186.259,65.614,170.7,1609.112,7.109,467.445,2707.292,7043.282,10.59,35.79,56.859,28.3,17.88,1.488,0.783,10.878,6.873,21.855,1.756,1.109,0.486,619.566,11696.647,4.398,22.863,581.031,110.044,286.29,223.336,17.761,4.967,29.894,0.013,0.06,0.012,0.03,0.023,0.002,0.001,23.868,1.716,9.151,1.253,3.26,3.517,0.202,0.078
Lower-middle-income countries,2004,,2646723113.0,,8.178,0.717,3.583,9.483,4.515,11.95,0.692,0.076,509.398,4.265,131.176,1211.607,3206.789,230.096,609.0,10.37,346.76,1394.426,3690.659,35.264,25.854,1724.45,1726.96,13.923,6.043,706.817,4686.348,,5.232,566.844,486.035,1286.4,4307.26,11400.124,74.489,91.911,6.11,218.221,3789.629,190.273,503.6,1431.819,5.364,244.982,1818.199,4812.27,29.161,30.553,879.71,21.178,103.297,609.493,110.847,293.38,230.282,16.988,4.914,16.647,139.973,1003.341,166.455,440.56,379.088,25.511,8.089,-2.51,-0.146,9.108,23.754,306.091,41.64,110.21,115.649,6.382,2.468,5.194,217.448,4403.707,65.666,173.8,1663.833,5.216,367.375,2799.936,7410.656,10.064,35.504,60.883,30.86,18.91,7.345,4.025,11.66,7.145,23.003,1.787,1.095,0.491,652.49,12403.465,20.353,116.219,697.25,124.815,330.35,263.439,19.129,5.621,20.204,0.012,0.071,0.011,0.03,0.027,0.002,0.001,90.486,8.169,17.32,2.297,6.08,6.544,0.352,0.14
Lower-middle-income countries,2005,,2691406988.0,,-1.019,-0.097,3.488,9.386,5.049,13.59,0.758,0.073,512.954,8.698,278.936,1295.131,3485.724,235.464,633.73,7.665,282.9,1476.387,3973.559,35.34,26.932,1787.84,1793.24,13.855,4.346,539.062,4808.833,,4.714,537.364,500.125,1346.04,4435.408,11937.488,75.062,92.235,4.325,163.895,3953.524,196.046,527.64,1468.943,3.94,189.616,1858.465,5001.885,29.424,30.547,919.85,2.041,8.505,617.998,110.957,298.63,229.619,16.653,4.775,0.737,1.697,1005.038,166.158,447.2,373.425,24.938,7.765,-5.4,-0.302,-1.511,-6.532,299.559,40.462,108.9,111.302,6.073,2.315,2.147,94.534,4498.24,68.615,184.67,1671.334,0.439,32.566,2765.551,7443.223,10.298,34.756,58.438,32.71,19.12,-3.436,-2.445,12.153,7.104,21.713,1.824,1.066,0.452,666.284,12942.526,1.738,8.229,705.479,125.696,338.3,262.123,18.865,5.451,16.557,0.011,0.083,0.011,0.03,0.031,0.002,0.001,13.74,2.255,19.575,2.575,6.93,7.273,0.386,0.151
Lower-middle-income countries,2006,,2735471783.0,,4.379,0.411,3.582,9.797,5.454,14.92,0.791,0.073,514.372,3.992,139.154,1325.138,3624.879,250.286,684.65,9.841,391.047,1595.559,4364.606,36.316,26.974,1883.4,1885.25,14.029,3.833,496.05,4912.709,,3.486,416.158,514.898,1408.49,4516.094,12353.646,74.711,91.927,3.207,126.793,4080.316,194.573,532.25,1491.632,5.065,253.336,1921.139,5255.222,28.232,30.363,969.72,10.628,61.38,679.378,117.391,321.12,248.359,17.033,5.055,8.406,79.891,1084.93,174.288,476.76,396.615,25.289,8.073,-1.85,-0.098,1.256,1.854,301.412,40.359,110.4,110.187,5.856,2.243,3.339,150.211,4648.452,70.039,191.59,1699.324,0.083,6.212,2723.272,7449.435,10.163,34.59,64.853,34.81,19.89,10.62,6.415,12.725,7.271,23.708,1.846,1.055,0.483,689.186,13438.576,11.491,78.038,783.517,133.929,366.36,286.429,19.433,5.83,-28.636,-0.024,0.059,0.011,0.03,0.021,0.002,0.0,51.298,9.855,29.43,3.802,10.4,10.759,0.552,0.219
Lower-middle-income countries,2007,,2779588288.0,,19.074,1.869,4.197,11.666,6.62,18.4,0.928,0.082,515.399,10.244,371.342,1437.702,3996.22,261.093,725.73,7.581,330.881,1689.275,4695.488,36.605,27.983,1984.79,1982.58,13.883,6.267,842.259,5137.752,,6.405,791.258,534.777,1486.46,4729.083,13144.904,74.976,92.046,4.24,172.988,4253.305,206.023,572.66,1530.192,4.639,243.782,1978.352,5499.004,28.885,29.783,1021.82,5.204,30.887,710.265,119.284,331.56,255.529,16.724,4.974,5.459,50.999,1135.929,178.487,496.12,408.668,25.024,7.954,2.21,0.111,2.085,4.362,305.775,40.538,112.68,110.007,5.684,2.141,5.312,246.928,4895.38,67.661,188.07,1761.189,0.471,35.09,2692.674,7484.525,9.486,34.279,71.609,38.68,20.28,9.761,6.756,13.916,7.296,25.762,1.951,1.023,0.501,713.264,14280.835,6.781,46.637,830.154,137.948,383.44,298.661,19.34,5.813,273.902,0.159,0.217,0.04,0.11,0.078,0.006,0.002,24.449,6.967,36.397,4.709,13.09,13.094,0.66,0.255
Lower-middle-income countries,2008,,2823712552.0,,7.519,0.877,4.442,12.543,7.373,20.82,1.02,0.085,526.163,6.397,255.636,1505.768,4251.856,269.748,761.69,7.605,357.108,1789.345,5052.596,37.326,28.763,2044.49,2040.66,13.805,3.511,501.468,5235.06,,4.188,550.51,550.428,1554.25,4850.145,13695.414,76.164,92.647,3.124,132.879,4386.184,203.126,573.57,1553.339,2.826,155.404,2002.473,5654.408,28.107,29.672,1073.72,-6.611,-51.074,659.191,113.418,320.26,233.448,15.694,4.459,-3.597,-49.041,1086.889,172.259,486.41,384.915,23.836,7.353,3.83,0.187,-5.212,-17.736,288.039,37.826,106.81,102.007,5.234,1.949,3.309,161.993,5057.373,77.554,218.99,1791.037,2.01,150.446,2703.877,7634.971,10.731,34.212,82.138,43.27,22.45,14.663,10.529,15.324,7.951,29.089,2.12,1.1,0.556,722.687,14782.303,-2.993,-31.304,798.85,134.433,379.6,282.908,18.602,5.404,16.226,0.034,0.251,0.042,0.12,0.089,0.006,0.002,23.654,8.33,44.726,5.649,15.95,15.84,0.782,0.303
Lower-middle-income countries,2009,,2868312458.0,,1.433,0.18,4.436,12.723,8.099,23.23,1.095,0.084,531.976,3.491,148.431,1534.103,4400.287,278.16,797.85,6.098,308.125,1868.946,5360.72,37.617,29.029,2128.0,2121.0,13.993,2.542,375.812,5284.681,,2.815,385.583,571.172,1638.3,4909.157,14080.997,77.242,92.894,2.993,131.266,4517.45,214.903,616.41,1574.951,1.372,77.599,1998.39,5732.007,29.062,29.802,1128.32,-0.945,-10.261,648.93,109.957,315.39,226.241,14.87,4.281,-0.391,-9.77,1077.118,168.287,482.7,375.523,22.758,7.106,7.0,0.329,-4.245,-13.93,274.108,35.693,102.38,95.564,4.827,1.808,2.094,105.886,5163.259,78.109,224.04,1800.104,-2.81,-214.566,2587.028,7420.405,10.563,34.063,90.605,46.41,23.18,9.921,8.467,16.18,8.081,31.588,2.188,1.093,0.598,739.459,15158.115,1.02,4.16,803.01,132.594,380.32,279.959,17.931,5.298,29.995,0.073,0.324,0.052,0.15,0.113,0.007,0.002,13.447,5.701,50.427,6.404,18.37,17.581,0.866,0.333
Lower-middle-income countries,2010,,2914138506.0,,28.063,3.57,5.591,16.293,9.595,27.96,1.21,0.103,524.291,4.568,200.999,1578.952,4601.286,290.268,845.88,3.442,184.526,1902.877,5545.246,36.61,29.061,2312.18,2310.53,14.593,4.454,675.073,5433.231,,4.157,585.329,609.642,1776.58,5032.817,14666.326,76.891,92.63,6.849,309.417,4826.867,246.762,719.1,1656.362,6.74,386.319,2099.531,6118.326,31.123,30.486,1211.39,6.256,36.369,685.299,118.543,345.45,235.163,14.951,4.328,9.309,89.743,1166.862,183.227,533.95,400.414,23.109,7.37,1.65,0.071,12.213,31.59,305.699,39.391,114.79,104.902,4.968,1.931,1.451,74.914,5238.173,72.612,211.6,1797.503,3.571,264.957,2637.267,7685.362,9.158,33.084,98.152,50.92,22.96,7.643,7.546,17.473,7.879,33.681,2.204,0.994,0.62,792.869,15833.188,8.302,58.153,861.163,143.837,419.16,295.512,18.141,5.439,89.977,0.288,0.613,0.161,0.47,0.21,0.02,0.004,21.326,10.379,60.806,7.659,22.32,20.866,0.966,0.384
Lower-middle-income countries,2011,,2960590210.0,,17.079,2.783,6.443,19.076,10.896,32.26,1.308,0.115,526.731,6.027,277.324,1647.85,4878.61,315.528,934.15,9.428,522.796,2049.605,6068.042,37.884,29.346,2458.68,2465.83,14.832,4.998,791.36,5615.282,,4.532,664.691,634.444,1878.33,5178.365,15331.018,76.174,92.219,4.021,194.104,5020.971,237.014,701.7,1695.936,1.113,68.104,2089.594,6186.43,28.457,30.202,1298.83,10.841,69.661,754.96,127.458,377.35,255.003,15.303,4.541,11.549,126.668,1293.53,198.44,587.5,436.916,23.826,7.781,-7.15,-0.291,10.232,29.224,334.922,42.701,126.42,113.127,5.127,2.015,3.69,193.264,5431.438,81.903,242.48,1834.579,-2.203,-169.34,2538.69,7516.022,9.834,32.671,107.624,55.29,23.03,9.045,9.472,18.675,7.779,36.352,2.242,0.934,0.647,832.885,16624.549,12.023,97.445,958.608,155.739,461.08,323.789,18.699,5.766,453.893,2.76,3.372,0.426,1.26,1.139,0.051,0.02,21.743,12.77,73.576,9.181,27.18,24.852,1.102,0.443
Lower-middle-income countries,2012,,3006968165.0,,16.847,3.214,7.413,22.29,11.836,35.59,1.364,0.13,537.393,6.624,323.155,1729.904,5201.765,349.388,1050.6,3.438,208.612,2087.37,6276.654,40.272,30.388,2596.2,2608.78,15.24,2.967,493.178,5692.687,,3.46,530.506,667.184,2006.2,5274.922,15861.523,76.902,92.661,-0.086,-4.342,5016.629,235.413,707.88,1668.335,0.374,23.146,2065.062,6209.576,27.135,29.307,1401.94,-8.159,-65.797,689.163,126.09,379.15,229.189,14.534,4.026,-1.922,-37.328,1256.202,200.395,602.58,417.764,23.098,7.339,-12.58,-0.485,0.731,0.402,335.324,43.233,130.0,111.516,4.983,1.959,3.898,211.691,5643.129,82.382,247.72,1876.684,-5.736,-431.084,2356.173,7084.938,9.496,32.967,117.569,59.31,23.72,8.847,9.945,19.724,7.888,39.099,2.273,0.909,0.687,867.578,17117.727,-2.861,-37.73,920.878,157.162,472.58,306.248,18.115,5.38,156.962,5.241,8.613,1.014,3.05,2.864,0.117,0.05,13.829,9.668,83.244,10.333,31.07,27.684,1.191,0.486
Lower-middle-income countries,2013,,3053128864.0,,19.277,4.297,8.708,26.587,12.607,38.49,1.411,0.152,539.826,3.355,174.525,1760.912,5376.29,368.543,1125.21,8.591,539.22,2232.423,6815.875,41.237,30.779,2716.89,2728.62,15.621,2.042,349.627,5721.132,,1.185,187.939,681.835,2081.73,5256.727,16049.463,76.292,91.883,-1.457,-73.098,4943.532,220.233,672.4,1619.169,-2.077,-128.946,1991.606,6080.63,24.642,28.302,1472.98,22.028,146.743,835.906,137.312,419.23,273.787,15.364,4.786,13.496,161.688,1417.891,211.878,646.89,464.406,23.708,8.117,-11.73,-0.432,-1.89,-8.319,327.005,41.001,125.18,107.105,4.588,1.872,1.533,86.512,5729.641,93.059,284.12,1876.646,-4.221,-299.046,2222.602,6785.891,10.413,32.802,123.351,62.07,23.58,4.448,5.782,20.33,7.723,40.401,2.275,0.864,0.706,893.713,17467.354,19.14,170.008,1090.886,170.877,521.71,357.301,19.12,6.245,38.787,3.269,11.881,1.536,4.69,3.892,0.172,0.068,12.591,9.917,93.161,11.699,35.72,30.513,1.309,0.533
Lower-middle-income countries,2014,,3099123675.0,,34.221,9.098,11.515,35.685,13.375,41.45,1.425,0.197,545.048,8.008,430.528,1873.697,5806.818,401.129,1243.15,-1.261,-85.979,2171.548,6729.896,42.728,32.062,2900.89,2909.43,16.064,3.687,643.961,5844.012,,3.712,595.729,723.695,2242.82,5370.935,16645.191,77.088,91.905,3.102,153.371,5096.903,240.071,744.01,1644.627,3.553,216.05,2031.761,6296.68,25.572,28.142,1585.78,0.275,-2.724,833.183,135.309,419.34,268.845,14.413,4.6,4.893,48.232,1466.123,215.096,666.61,473.077,22.912,8.095,-8.54,-0.294,5.422,15.665,342.67,42.506,131.73,110.57,4.528,1.892,0.206,11.83,5741.47,82.494,255.66,1852.611,0.699,47.401,2204.911,6833.292,8.787,31.701,133.892,67.65,26.2,8.655,10.541,21.829,8.454,43.203,2.325,0.901,0.739,938.791,18111.314,4.733,32.568,1123.453,172.591,534.88,362.507,18.384,6.203,37.665,4.377,16.259,2.072,6.42,5.246,0.221,0.09,12.778,11.275,104.435,13.381,41.47,33.698,1.425,0.577
Lower-middle-income countries,2015,,3144964232.0,,-19.322,-6.895,9.154,28.79,15.577,48.99,1.623,0.156,551.996,2.815,163.49,1898.371,5970.308,418.345,1315.68,0.415,27.953,2148.784,6757.848,43.583,32.319,3020.05,3018.77,16.342,1.997,361.623,5873.815,,2.275,378.676,748.415,2353.74,5413.056,17023.867,77.97,92.156,1.44,73.406,5170.309,247.72,779.07,1643.996,2.016,126.956,2042.515,6423.636,25.808,27.989,1666.35,-4.764,-44.414,788.768,127.855,402.1,250.804,13.32,4.27,-1.552,-17.053,1449.07,211.459,665.03,460.759,22.03,7.844,1.28,0.042,1.457,2.925,345.594,42.535,133.77,109.888,4.431,1.871,2.469,141.781,5883.251,82.351,258.99,1870.689,0.915,62.526,2192.654,6895.819,8.579,31.848,156.102,77.19,28.2,15.744,22.211,24.544,8.967,49.636,2.557,0.934,0.845,959.874,18472.938,-2.467,-19.978,1103.475,168.924,531.26,350.871,17.599,5.973,32.126,5.095,21.354,2.836,8.92,6.79,0.295,0.116,4.476,4.025,108.461,13.689,43.05,34.487,1.426,0.587
Lower-middle-income countries,2016,,3190920278.0,,77.867,22.418,16.048,51.208,14.106,45.01,1.411,0.266,554.13,3.592,214.454,1938.238,6184.762,445.614,1421.92,-0.143,-9.631,2114.819,6748.217,44.565,32.143,3181.71,3190.64,16.582,4.159,768.238,6029.977,,4.089,696.172,783.523,2500.16,5553.269,17720.039,78.359,92.094,3.434,177.557,5347.866,264.14,842.85,1675.964,2.12,136.164,2055.77,6559.799,26.416,27.794,1768.03,3.624,23.747,812.516,129.712,413.9,254.634,12.972,4.223,8.034,72.068,1521.137,216.389,690.48,476.708,21.641,7.906,-8.93,-0.281,-2.335,-10.068,335.526,40.979,130.76,105.15,4.098,1.744,5.17,304.16,6187.411,73.769,235.39,1939.068,3.077,212.176,2227.569,7107.995,7.378,32.157,141.886,74.14,29.13,-7.991,-14.217,23.235,9.129,44.465,2.324,0.913,0.737,999.912,19241.176,11.314,82.136,1185.611,175.41,559.72,371.558,17.543,6.162,86.781,18.295,39.649,5.252,16.76,12.426,0.525,0.206,30.175,31.892,140.353,17.211,54.92,43.985,1.721,0.729
Lower-middle-income countries,2017,,3236754793.0,,-10.836,-5.549,14.106,45.659,14.227,46.05,1.375,0.229,544.893,2.398,148.31,1956.612,6333.072,457.375,1480.41,-0.0,-0.024,2084.864,6748.193,44.203,31.806,3333.47,3349.08,16.82,3.485,670.602,6151.772,,2.918,517.02,797.672,2581.87,5634.365,18237.059,77.092,91.589,3.593,192.173,5540.039,274.454,888.34,1711.603,4.181,274.287,2111.401,6834.086,26.525,27.823,1824.89,10.397,79.198,891.714,141.571,458.23,275.496,13.682,4.478,9.556,153.583,1674.72,237.031,767.21,517.407,22.908,8.411,-15.61,-0.468,5.706,17.06,352.586,42.654,138.06,108.932,4.122,1.771,2.853,176.537,6363.948,65.844,213.12,1966.151,1.557,110.681,2230.22,7218.675,6.364,31.961,148.098,77.06,31.01,4.745,6.213,23.808,9.581,45.755,2.301,0.926,0.744,1034.703,19911.777,10.625,136.523,1322.134,194.377,629.15,408.475,18.786,6.64,77.271,30.224,69.873,8.811,28.52,21.587,0.852,0.351,19.539,26.437,166.79,20.187,65.34,51.53,1.951,0.838
Lower-middle-income countries,2018,,3281847839.0,,34.912,15.941,18.77,61.6,15.059,49.42,1.394,0.294,545.368,9.036,572.247,2104.095,6905.318,489.642,1606.93,11.559,780.006,2293.89,7528.199,45.333,32.918,3523.08,3544.76,16.898,5.35,1065.301,6391.85,,5.141,937.486,829.033,2720.76,5842.606,19174.545,76.754,91.407,4.507,249.71,5789.749,279.983,918.86,1764.173,3.683,251.703,2159.085,7085.79,25.922,27.6,1933.2,-0.642,-10.91,880.804,145.65,478.0,268.387,13.485,4.199,8.923,127.813,1802.533,251.078,824.0,549.243,23.246,8.593,-21.68,-0.615,1.099,1.79,354.376,42.546,139.63,107.981,3.939,1.689,1.815,115.529,6479.478,59.409,194.97,1974.338,-3.096,-223.456,2131.488,6995.219,5.5,30.888,197.213,82.4,32.98,30.949,49.115,25.108,10.049,60.092,2.325,0.93,0.94,1080.111,20977.078,10.998,126.023,1448.157,208.532,684.37,441.263,19.307,6.904,62.015,42.669,112.542,14.132,46.38,34.292,1.308,0.536,18.203,29.208,195.998,23.642,77.59,59.722,2.189,0.934
Lower-middle-income countries,2019,,3326051409.0,,44.563,27.451,26.774,89.05,16.26,54.08,1.483,0.41,541.726,4.897,338.177,2177.806,7243.495,499.866,1662.58,5.022,378.063,2377.072,7906.262,45.589,33.391,3629.44,3646.9,16.811,3.414,716.168,6522.222,,2.74,525.373,831.367,2765.17,5922.915,19699.918,75.822,90.811,1.75,101.314,5891.063,273.598,910.0,1771.188,-0.249,-17.623,2125.093,7068.167,24.953,27.156,1975.62,8.705,73.142,953.947,149.718,497.97,286.811,13.655,4.397,12.692,190.795,1993.328,265.098,881.73,599.308,24.178,9.189,-17.46,-0.481,2.992,9.257,363.634,43.186,143.64,109.329,3.939,1.676,1.325,85.882,6565.36,57.903,192.59,1973.92,-11.202,-783.596,1867.567,6211.624,5.281,30.265,209.602,87.07,32.99,6.023,12.388,26.178,9.919,63.018,2.388,0.905,0.966,1096.465,21693.246,15.035,181.538,1629.695,221.912,738.09,489.979,20.239,7.512,44.691,49.696,162.238,20.496,68.17,48.778,1.869,0.748,10.028,18.86,214.858,25.52,84.88,64.599,2.327,0.99
Lower-middle-income countries,2020,,3369707355.0,,19.045,16.96,31.46,106.01,16.556,55.79,1.552,0.507,532.019,-4.033,-292.118,2062.902,6951.377,473.549,1595.72,-4.899,-387.323,2231.333,7518.939,44.382,33.272,3580.9,3595.4,17.209,-3.692,-800.844,6200.064,,-4.437,-874.072,795.867,2681.84,5586.79,18825.846,74.591,90.109,0.792,46.635,5937.699,267.501,901.4,1762.081,-3.267,-230.918,2029.033,6837.249,25.071,28.42,1912.82,1.094,6.896,960.843,152.031,512.3,285.141,14.249,4.599,4.967,73.226,2066.555,271.11,913.56,613.274,25.409,9.891,-14.5,-0.405,-4.913,-19.136,344.498,40.591,136.78,102.234,3.804,1.649,-9.574,-628.589,5936.771,54.818,184.72,1761.806,-8.665,-538.228,1683.646,5673.396,5.138,28.416,219.951,90.22,34.43,5.135,10.35,26.774,10.218,65.273,2.509,0.958,1.053,1066.977,20892.402,7.104,92.362,1722.057,230.519,776.78,511.041,21.605,8.243,38.782,62.092,224.33,26.934,90.76,66.572,2.524,1.074,-1.469,-3.935,210.923,24.78,83.5,62.594,2.322,1.01
Lower-middle-income countries,2021,,3411037255.0,,16.947,17.965,36.345,123.976,17.997,61.39,1.592,0.562,538.106,9.575,665.575,2233.031,7616.952,514.412,1754.68,6.009,451.8,2336.75,7970.74,45.494,34.551,3840.6,3856.99,17.496,5.518,1152.93,6462.941,,5.309,999.479,848.068,2892.79,5812.11,19825.324,75.001,89.93,2.054,121.986,6059.685,273.829,934.04,1776.493,5.892,402.827,2122.543,7240.075,24.217,27.487,2075.47,-1.266,-15.641,945.202,148.327,505.95,277.101,13.118,4.288,8.407,153.455,2220.01,282.671,964.2,650.831,24.999,10.07,-16.39,-0.427,9.261,30.525,375.023,43.825,149.49,109.944,3.876,1.701,3.57,211.917,6148.687,59.826,204.07,1802.586,0.092,5.198,1664.77,5678.594,5.291,27.891,241.242,96.38,34.99,9.136,21.291,28.255,10.258,70.724,2.499,0.907,1.094,1130.738,22045.332,8.243,122.93,1844.987,238.845,814.71,540.887,21.123,8.369,31.75,70.144,294.474,34.453,117.52,86.33,3.047,1.336,14.248,29.17,240.093,27.81,94.86,70.387,2.459,1.089
Lower-middle-income countries,2022,,3447030624.0,,13.157,16.312,40.698,140.288,,,,0.611,,6.756,514.616,2359.007,8131.568,496.579,1711.723,10.158,809.643,2547.231,8780.383,46.37,35.431,,3691.433,16.085,4.104,904.832,6657.952,,3.692,731.92,686.95,2367.939,5963.754,20557.244,64.147,89.573,-5.043,-305.577,5754.108,173.379,597.644,1669.294,-2.434,-176.194,2049.266,7063.881,16.19,25.072,,7.786,69.874,1015.077,112.951,389.346,294.479,10.547,4.423,8.311,172.91,2392.92,248.409,856.275,694.197,23.196,10.427,,,-8.198,-31.998,343.025,39.777,137.111,99.513,3.714,1.495,8.504,522.881,6671.568,16.992,58.571,1935.454,0.173,9.803,1650.231,5688.396,1.587,29.07,275.956,92.556,,13.922,34.714,26.851,,80.056,2.507,,1.202,1070.902,22950.164,11.511,204.908,2049.895,208.633,719.164,594.684,19.482,8.932,23.85,68.901,363.374,40.434,139.377,105.417,3.776,1.583,6.681,15.108,255.201,28.397,97.886,74.035,2.652,1.112
Luxembourg,1965,LUX,329793.0,5967663104.0,,,,,,,,,,,,96169.938,31.716,,,,,,,,75.869,,,,,,126758.461,7.005,,,,,125983.688,41.549,,99.389,,,0.0,,,0.0,,,,,,0.0,,,,0.256,262.019,0.086,774.787,,0.611,,,0.256,,,774.787,,0.611,,,,,,,,,,,,,9.832,,,29813.74,,,,,,23.52,,,,,,,,,,,,,41.804,,,0.256,,,774.787,,0.611,,,,,,,,,,,,,,,,
Luxembourg,1966,LUX,333135.0,6038157312.0,,,,,,,,,,-9.706,-3.078,85964.281,28.638,,,,,,,,71.492,,,,-4.179,-1.747,120243.195,6.634,-4.143,-1.721,,,119552.977,39.827,,99.426,,0.0,0.0,,,0.0,,,,,,0.0,,-10.014,-0.026,0.23,233.416,0.078,690.208,,0.574,-10.014,-0.026,0.23,,,690.208,,0.574,,,,,,,,,,,13.803,1.357,11.19,,,33588.703,,,,,,27.934,,,,,,,,,,,,,40.057,-10.014,-0.026,0.23,,,690.208,,0.574,,,,,,,,,,,,,,,,
Luxembourg,1967,LUX,335567.0,6052326912.0,,,,,,,,,,-6.299,-1.804,79965.844,26.834,,,,,,,,68.018,,,,-1.512,-0.606,117566.5,6.518,-1.595,-0.635,,,116793.188,39.192,,99.342,,0.0,0.0,,,0.0,,,,,,0.0,,12.858,0.03,0.259,261.519,0.088,773.307,,0.658,12.858,0.03,0.259,,,773.307,,0.658,,,,,,,,,,,10.443,1.168,12.358,,,36827.352,,,,,,31.325,,,,,,,,,,,,,39.451,12.858,0.03,0.259,,,773.307,,0.658,,,,,,,,,,,,,,,,
Luxembourg,1968,LUX,337057.0,6305567232.0,,,,,,,,,,7.186,1.928,85333.195,28.762,,,,,,,,67.408,,,,8.155,3.217,126592.32,6.767,8.195,3.212,,,125805.977,42.404,,99.379,,0.0,0.0,,,0.0,,,,,,0.0,,2.137,0.006,0.265,265.925,0.09,786.338,,0.621,2.137,0.006,0.265,,,786.338,,0.621,,,,,,,,,,,10.387,1.284,13.642,,,40472.781,,,,,,31.971,,,,,,,,,,,,,42.669,2.137,0.006,0.265,,,786.338,,0.621,,,,,,,,,,,,,,,,
Luxembourg,1969,LUX,338287.0,6924149760.0,,,,,,,,,,6.235,1.793,90324.188,30.555,,,,,,,,66.541,,,,7.619,3.251,135742.5,6.632,7.748,3.286,,,135060.734,45.689,,99.498,,0.029,0.029,,,86.465,,,,,,0.064,,-12.981,-0.034,0.231,230.565,0.078,681.777,,0.502,-12.981,-0.034,0.231,,,681.777,,0.502,,,,,,,,,,,10.724,1.463,15.105,,,44650.078,,,,,,32.893,,,,,,,,,,,,,45.92,-12.981,-0.034,0.231,,,681.777,,0.502,,,,,,,,,,,,,,,,
Luxembourg,1970,LUX,339354.0,7042269696.0,,,,,,,,,,2.535,0.775,92322.641,31.33,,,,,,,,65.707,,,,3.836,1.761,140505.875,6.771,3.802,1.737,,,139754.656,47.426,,99.465,149.404,0.044,0.073,,,214.969,,,,,,0.153,,10.535,0.024,0.255,254.053,0.086,751.233,,0.535,10.535,0.024,0.255,,,751.233,,0.535,,,,,,,,,,,6.083,0.919,16.023,,,47217.039,,,,,,33.605,,,,,,,,,,,,,47.681,10.535,0.024,0.255,,,751.233,,0.535,,,,,,,,,,,,,,,,
Luxembourg,1971,LUX,341980.0,7230460928.0,,,,,,,,,,-7.844,-2.457,84427.859,28.873,,,,,,,,62.979,,,,-3.852,-1.837,134056.188,6.34,-3.639,-1.726,,,133634.828,45.7,,99.686,100.873,0.074,0.147,,,428.499,,,,,,0.32,,-43.478,-0.111,0.144,142.494,0.049,421.353,,0.314,-43.478,-0.111,0.144,,,421.353,,0.314,,,,,,,,,,,4.106,0.658,16.681,,,48778.48,,,,,,36.387,,,,,,,,,,,,,45.845,-43.478,-0.111,0.144,,,421.353,,0.314,,,,,,,,,,,,,,,,
Luxembourg,1972,LUX,346083.0,7706997760.0,,,,,,,,,,-1.583,-0.457,82106.258,28.416,,,,,,,,60.107,,,,3.12,1.43,136599.328,6.134,3.073,1.404,,,136108.359,47.105,,99.641,700.0,1.026,1.172,,,3387.349,,,,,,2.48,,17.919,0.026,0.17,166.035,0.057,490.964,,0.359,17.919,0.026,0.17,,,490.964,,0.359,,,,,,,,,,,5.009,0.836,17.517,,,50614.766,,,,,,37.053,,,,,,,,,,,,,47.275,17.919,0.026,0.17,,,490.964,,0.359,,,,,,,,,,,,,,,,
Luxembourg,1973,LUX,349199.0,8347719168.0,,,,,,,,,,-0.913,-0.259,80630.898,28.156,,,,,,,,56.182,,,,6.01,2.841,143516.438,6.004,6.074,2.861,,,143086.844,49.966,,99.701,100.0,1.172,2.345,,,6714.246,,,,,,4.678,,-11.71,-0.02,0.15,145.284,0.051,429.603,,0.299,-11.71,-0.02,0.15,,,429.603,,0.299,,,,,,,,,,,11.121,1.948,19.465,,,55741.695,,,,,,38.84,,,,,,,,,,,,,50.116,-11.71,-0.02,0.15,,,429.603,,0.299,,,,,,,,,,,,,,,,
Luxembourg,1974,LUX,351397.0,8699790336.0,,,,,,,,,,6.609,1.861,85421.984,30.017,,,,,,,,58.98,,,,1.553,0.778,144833.125,5.85,1.414,0.707,,,144202.516,50.672,,99.565,34.375,0.806,3.151,,,8965.833,,,,,,6.19,,47.713,0.072,0.222,213.26,0.075,630.608,,0.435,47.713,0.072,0.222,,,630.608,,0.435,,,,,,,,,,,-10.07,-1.96,17.505,,,49814.703,,,,,,34.395,,,,,,,,,,,,,50.894,47.713,0.072,0.222,,,630.608,,0.435,,,,,,,,,,,,,,,,
Luxembourg,1975,LUX,353675.0,8127705088.0,,,,,,,,,,-23.96,-7.192,64536.754,22.825,,,,,,,,53.99,,,,-16.933,-8.618,119533.805,5.201,-16.947,-8.588,,,118992.508,42.085,,99.547,15.774,0.497,3.648,,,10313.212,,,,,,8.628,,-13.603,-0.03,0.191,183.064,0.065,541.317,,0.453,-13.603,-0.03,0.191,,,541.317,,0.453,,,,,,,,,,,-10.812,-1.893,15.612,,,44142.531,,,,,,36.929,,,,,,,,,,,,,42.276,-13.603,-0.03,0.191,,,541.317,,0.453,,,,,,,,,,,,,,,,
Luxembourg,1976,LUX,355900.0,8333324800.0,,,,,,,,,,-7.388,-1.686,59395.02,21.139,,,,,,,,49.923,,,,0.158,0.067,118974.055,5.081,0.327,0.138,,,118635.125,42.222,,99.715,14.498,0.529,4.176,,,11734.568,,,,,,9.863,,-36.993,-0.071,0.121,114.622,0.041,338.936,,0.285,-36.993,-0.071,0.121,,,338.936,,0.285,,,,,,,,,,,8.296,1.295,16.907,,,47505.527,,,,,,39.929,,,,,,,,,,,,,42.343,-36.993,-0.071,0.121,,,338.936,,0.285,,,,,,,,,,,,,,,,
Luxembourg,1977,LUX,358272.0,8464074752.0,,,,,,,,,,-13.809,-2.919,50853.984,18.22,,,,,,,,46.1,,,,-6.662,-2.821,110312.898,4.669,-7.044,-2.974,,,109548.141,39.248,,99.307,5.263,0.22,4.396,,,12270.398,,,,,,11.123,,92.737,0.112,0.232,219.456,0.079,648.93,,0.588,124.604,0.153,0.274,,,764.76,,0.693,,,,,,,,,,,-1.626,-0.275,16.632,,,46423.754,,,,,,42.084,0.041,0.013,,,,36.285,,115.83,,,0.105,,39.522,124.604,0.153,0.274,,,764.76,,0.693,,,,,,,,,,,,,,,,
Luxembourg,1978,LUX,361075.0,8810255360.0,,,,,,,,,,5.726,1.043,53348.383,19.263,,,,,,,,46.848,,,,4.037,1.596,113875.422,4.667,4.078,1.6,,,113130.203,40.848,,99.346,10.0,0.44,4.836,,,13392.658,,,,,,11.761,,-4.859,-0.011,0.221,207.173,0.075,612.608,,0.538,-1.986,-0.005,0.269,,,745.221,,0.654,,,,,,,,,,,0.707,0.118,16.75,,,46389.164,,,,,,40.737,0.048,0.015,,15.385,0.006,41.543,,132.612,,,0.116,,41.118,-1.986,-0.005,0.269,,,745.221,,0.654,,,,,,,,,,,,,,,,
Luxembourg,1979,LUX,362940.0,9015468032.0,,,,,,,,,,11.049,2.128,58938.281,21.391,,,,,,,,50.613,,,,2.789,1.147,116450.016,4.688,2.75,1.123,,,115644.008,41.972,,99.308,4.545,0.22,5.056,,,13929.467,,,,,,11.962,,9.158,0.02,0.241,224.985,0.082,665.278,,0.571,8.742,0.023,0.293,,,806.004,,0.692,,,,,,,,,,,-7.312,-1.225,15.525,,,42776.262,,,,,,36.734,0.051,0.016,,6.667,0.003,44.084,,140.727,,,0.121,,42.264,8.742,0.023,0.293,,,806.004,,0.692,,,,,,,,,,,,,,,,
Luxembourg,1980,LUX,363745.0,9092144128.0,,,,,,,,,,-0.799,-0.171,58337.836,21.22,,,,,0.0,0.0,,54.465,,,,-7.815,-3.303,107111.32,4.285,-7.895,-3.314,,,106278.602,38.658,,99.223,-11.979,-0.606,4.45,,,12233.791,,,0.0,0.0,,11.422,,5.616,0.014,0.255,237.095,0.086,701.086,,0.655,3.672,0.01,0.303,,,832.725,,0.777,,,,,,,,,,,-16.341,-2.537,12.988,,,35706.965,,,0.0,0.0,,33.336,0.048,0.015,,-6.25,-0.003,41.238,,131.639,,,0.123,,38.961,3.672,0.01,0.303,,,832.725,,0.777,,,,,,,,,,,,,,,,
Luxembourg,1981,LUX,364484.0,9184694272.0,,,,,,,,,,-19.571,-4.153,46825.168,17.067,,,,0.0,0.0,0.0,,51.217,,,,-14.472,-5.639,91424.156,3.628,-14.656,-5.666,,,90518.492,32.993,,99.009,-22.614,-1.006,3.444,,,9447.995,,0.0,0.0,0.0,,10.334,,6.911,0.018,0.273,252.966,0.092,748.017,,0.818,8.85,0.027,0.33,,,905.664,,0.991,,,,,,,,,,,-3.899,-0.506,12.482,,,34245.336,,0.0,0.0,0.0,,37.458,0.057,0.018,,20.0,0.01,49.385,,157.647,,,0.172,,33.323,8.85,0.027,0.33,,,905.664,,0.991,,,,,,,,,,,,,,,,
Luxembourg,1982,LUX,365027.0,9144778752.0,,,,,,,,,,-7.911,-1.35,43056.492,15.717,,,,0.0,0.0,0.0,,50.341,,,,-6.309,-2.102,85528.891,3.414,-6.279,-2.072,,,84708.266,30.921,,99.041,-17.021,-0.586,2.857,,,7828.164,,0.0,0.0,0.0,,9.153,,-11.206,-0.031,0.242,224.285,0.082,663.207,,0.775,-9.376,-0.031,0.3,,,820.62,,0.959,,,,,,,,,,,-1.084,-0.135,12.347,,,33823.617,,0.0,0.0,0.0,,39.546,0.057,0.018,,0.0,0.0,49.311,,157.412,,,0.184,,31.22,-9.376,-0.031,0.3,,,820.62,,0.959,,,,,,,,,,,,,,,,
Luxembourg,1983,LUX,365448.0,9417148416.0,,,,,,,,,,-8.236,-1.294,39464.883,14.422,,,,0.0,0.0,0.0,,49.417,,,,-6.52,-2.035,79860.547,3.099,-6.562,-2.029,,,79058.812,28.892,,98.996,-5.128,-0.147,2.711,,,7418.164,,0.0,0.0,0.0,,9.289,,-1.389,-0.003,0.239,220.915,0.081,653.244,,0.818,-2.14,-0.007,0.293,,,801.74,,1.004,,,,,,,,,,,-4.762,-0.588,11.759,,,32175.762,,0.0,0.0,0.0,,40.29,0.054,0.017,,-5.556,-0.003,46.518,,148.496,,,0.186,,29.185,-2.14,-0.007,0.293,,,801.74,,1.004,,,,,,,,,,,,,,,,
Luxembourg,1984,LUX,365787.0,10000324608.0,,,,,,,,,,13.846,1.997,44887.418,16.419,,,,0.0,0.0,0.0,,52.217,,,,7.741,2.259,85962.672,3.144,7.744,2.237,,,85102.383,31.129,,98.999,8.108,0.22,2.931,,,8012.204,,0.0,0.0,0.0,,9.321,,6.41,0.015,0.254,234.858,0.086,694.473,,0.808,7.341,0.022,0.315,,,860.285,,1.001,,,,,,,,,,,0.177,0.021,11.779,,,32202.766,,0.0,0.0,0.0,,37.461,0.061,0.019,,11.765,0.006,51.943,,165.812,,,0.193,,31.444,7.341,0.022,0.315,,,860.285,,1.001,,,,,,,,,,,,,,,,
Luxembourg,1985,LUX,366471.0,10292481024.0,,,,,,,,,,-0.744,-0.122,44470.414,16.297,,,,0.0,0.0,0.0,,50.474,,0.939,2.908,2.684,0.844,88105.492,3.137,2.877,0.895,,,87387.023,32.025,,99.185,9.522,0.279,3.21,,,8758.733,,0.0,0.0,0.0,,9.941,,-18.97,-0.048,0.206,189.95,0.07,561.679,7.413,0.638,-16.488,-0.051,0.263,,,718.471,,0.815,,,,,,,,,,,6.27,0.739,12.518,,,34157.879,,0.0,0.0,0.0,,38.769,0.057,0.018,,-5.263,-0.003,49.117,,156.792,1.917,,0.178,2562.399,32.288,-16.488,-0.051,0.263,,,718.471,,0.815,,,,,,,,,,,,,,,,
Luxembourg,1986,LUX,368179.0,11089389568.0,,,,,,,,,,-11.133,-1.814,39336.406,14.483,,,,0.0,0.0,0.0,,45.884,,1.02,3.233,-2.242,-0.724,85730.359,2.846,-2.403,-0.77,,,84891.531,31.255,,99.022,-2.273,-0.073,3.137,,,8519.963,,0.0,0.0,0.0,,9.938,,23.674,0.049,0.255,233.829,0.086,691.431,8.437,0.807,17.669,0.046,0.309,,,838.825,,0.978,,,,,,,,,,,8.929,1.118,13.636,,,37035.168,,0.0,0.0,0.0,,43.2,0.054,0.017,,-5.556,-0.003,46.173,,147.394,1.666,,0.172,2771.44,31.564,17.669,0.046,0.309,,,838.825,,0.978,,,,,,,,,,,,,,,,
Luxembourg,1987,LUX,370536.0,11347894272.0,,,,,,,,,,-27.953,-4.048,28160.383,10.434,,,,0.0,0.0,0.0,,34.978,,1.036,3.474,-5.489,-1.733,80508.812,2.629,-5.727,-1.79,,,79520.609,29.465,,98.773,13.953,0.438,3.575,,,9647.036,,0.0,0.0,0.0,,11.983,,16.25,0.041,0.296,270.098,0.1,798.676,9.657,0.992,18.421,0.057,0.366,,,988.209,,1.227,,,,,,,,,,,13.352,1.821,15.456,,,41713.191,,0.0,0.0,0.0,,51.812,0.07,0.022,,29.412,0.016,59.373,,189.532,2.123,,0.235,2796.846,29.831,18.421,0.057,0.366,,,988.209,,1.227,,,,,,,,,,,,,,,,
Luxembourg,1988,LUX,373436.0,12527435776.0,,,,,,,,,,1.973,0.206,28492.932,10.64,,,,0.0,0.0,0.0,,34.804,,1.334,4.362,2.482,0.74,81866.492,2.44,2.584,0.761,,,80941.641,30.227,,98.87,4.082,0.146,3.72,,,9962.819,,0.0,0.0,0.0,,12.17,,-8.104,-0.024,0.272,246.28,0.092,728.249,6.896,0.89,-5.825,-0.021,0.345,,,924.858,,1.13,,,,,,,,,,,2.65,0.41,15.866,,,42485.887,,0.0,0.0,0.0,,51.897,0.073,0.023,,4.545,0.003,61.59,,196.609,1.725,,0.24,3571.129,30.572,-5.825,-0.021,0.345,,,924.858,,1.13,,,,,,,,,,,,,,,,
Luxembourg,1989,LUX,376960.0,13761264640.0,,,,,,,,,,23.882,2.541,34967.746,13.181,,,,0.0,0.0,0.0,,37.536,,1.38,3.931,14.867,4.545,93158.375,2.552,15.293,4.623,,,92447.875,34.849,,99.237,13.725,0.511,4.231,,,11224.344,,0.0,0.0,0.0,,12.049,,-23.819,-0.065,0.207,185.866,0.07,549.604,5.076,0.59,-22.533,-0.078,0.268,,,710.501,,0.763,,,,,,,,,,,9.901,1.571,17.437,,,46255.789,,0.0,0.0,0.0,,49.653,0.061,0.019,,-17.391,-0.013,50.403,,160.898,1.376,,0.173,3661.701,35.117,-22.533,-0.078,0.268,,,710.501,,0.763,,,,,,,,,,,,,,,,
Luxembourg,1990,LUX,381275.0,14057150464.0,,,0.0,0.0,26.228,0.01,1.613,0.0,,-2.912,-0.384,33565.41,12.798,0.0,0.0,,0.0,0.0,0.0,0.0,34.447,4.55,0.62,1.669,5.793,2.034,97439.531,2.643,5.897,2.055,1416.3,0.54,96791.938,36.904,87.097,99.335,17.734,0.75,4.981,78.683,0.03,13065.312,,0.0,0.0,0.0,4.839,13.409,,-0.091,-0.0,0.207,183.595,0.07,542.887,11.29,0.557,-7.364,-0.021,0.247,209.822,0.08,647.584,12.903,0.665,3.93,86.374,,,0.0,0.0,0.0,0.0,0.0,0.0,9.684,1.689,19.125,1337.617,0.51,50161.215,,0.0,0.0,0.0,82.258,51.479,0.04,0.01,0.0,-34.184,-0.021,26.228,0.0,104.698,1.613,0.0,0.107,1626.123,37.151,-7.364,-0.021,0.247,209.822,0.08,647.584,12.903,0.665,,,0.0,0.0,0.0,0.0,0.0,0.0,,,0.0,0.0,0.0,0.0,0.0,0.0
Luxembourg,1991,LUX,386405.0,15214076928.0,,0.0,0.0,0.0,25.88,0.01,1.429,0.0,,-4.88,-0.625,31503.527,12.173,0.0,0.0,,0.0,0.0,0.0,0.0,30.487,4.85,0.7,1.753,7.476,2.777,103333.906,2.624,7.401,2.731,1578.654,0.61,102575.625,39.636,87.143,99.266,3.975,0.198,5.179,77.639,0.03,13404.292,,0.0,0.0,0.0,4.286,12.972,,20.0,0.041,0.248,207.037,0.08,642.816,11.429,0.622,18.752,0.046,0.293,232.916,0.09,758.275,12.857,0.734,4.15,85.567,,0.0,0.0,0.0,0.0,0.0,0.0,0.0,16.512,3.158,22.283,1501.016,0.58,57667.805,,0.0,0.0,0.0,82.857,55.807,0.045,0.01,0.0,11.763,0.005,25.88,0.0,115.46,1.429,0.0,0.112,1811.571,39.929,18.752,0.046,0.293,232.916,0.09,758.275,12.857,0.734,,0.0,0.0,0.0,0.0,0.0,0.0,0.0,,0.0,0.0,0.0,0.0,0.0,0.0,0.0
Luxembourg,1992,LUX,391524.0,15430616064.0,,0.0,0.0,0.0,25.541,0.01,1.515,0.0,,-5.799,-0.706,29288.576,11.467,0.0,0.0,,0.0,0.0,0.0,0.0,28.637,4.64,0.66,1.648,0.286,0.114,102274.273,2.595,0.41,0.163,1481.391,0.58,101649.633,39.798,87.879,99.389,4.225,0.219,5.398,76.624,0.03,13788.01,,0.0,0.0,0.0,4.545,13.481,,-16.667,-0.041,0.207,178.789,0.07,528.676,10.606,0.517,-16.541,-0.048,0.245,204.33,0.08,624.64,12.121,0.611,3.98,85.776,,0.0,0.0,0.0,0.0,0.0,0.0,0.0,2.915,0.65,22.933,1404.767,0.55,58573.039,,0.0,0.0,0.0,83.333,57.271,0.038,0.01,0.0,-15.784,-0.007,25.541,0.0,95.964,1.515,0.0,0.094,1685.72,40.043,-16.541,-0.048,0.245,204.33,0.08,624.64,12.121,0.611,,0.0,0.0,0.0,0.0,0.0,0.0,0.0,,0.0,0.0,0.0,0.0,0.0,0.0,0.0
Luxembourg,1993,LUX,396705.0,16017019904.0,,0.0,0.0,0.0,25.208,0.01,1.493,0.0,,3.327,0.381,29867.643,11.849,0.0,0.0,,0.0,0.0,0.0,0.0,29.206,4.72,0.67,1.652,1.314,0.526,102264.531,2.533,1.32,0.525,1487.251,0.59,101646.734,40.324,88.06,99.396,3.861,0.208,5.607,50.415,0.02,14133.34,,0.0,0.0,0.0,2.985,13.82,,-4.286,-0.009,0.198,176.454,0.07,499.41,10.448,0.488,-0.071,0.001,0.245,201.661,0.08,617.794,11.94,0.604,4.05,85.805,,0.0,0.0,0.0,0.0,0.0,0.0,0.0,-0.281,-0.064,22.868,1436.836,0.57,57645.758,,0.0,0.0,0.0,85.075,56.369,0.047,0.01,0.0,24.996,0.009,25.208,0.0,118.384,1.493,0.0,0.116,1688.912,40.569,-0.071,0.001,0.245,201.661,0.08,617.794,11.94,0.604,,0.0,0.0,0.0,0.0,0.0,0.0,0.0,,0.0,0.0,0.0,0.0,0.0,0.0,0.0
Luxembourg,1994,LUX,402049.0,16564453376.0,,0.0,0.0,0.0,49.745,0.02,3.39,0.0,,-13.771,-1.632,25412.215,10.217,0.0,0.0,,0.0,0.0,0.0,0.0,26.19,5.05,0.59,1.512,-3.842,-1.559,97028.688,2.355,-4.007,-1.616,1193.884,0.48,96276.445,38.708,81.356,99.225,0.744,0.042,5.648,124.363,0.05,14049.166,,0.0,0.0,0.0,8.475,14.479,,28.358,0.056,0.254,223.853,0.09,632.513,15.254,0.652,23.703,0.057,0.302,273.598,0.11,752.245,18.644,0.775,4.46,88.317,,0.0,0.0,0.0,0.0,0.0,0.0,0.0,-0.113,-0.026,22.842,1069.521,0.43,56815.07,,0.0,0.0,0.0,72.881,58.555,0.048,0.02,0.0,2.501,0.001,49.745,0.0,119.732,3.39,0.0,0.123,1467.483,39.01,23.703,0.057,0.302,273.598,0.11,752.245,18.644,0.775,,0.0,0.0,0.0,0.0,0.0,0.0,0.0,,0.0,0.0,0.0,0.0,0.0,0.0,0.0
Luxembourg,1995,LUX,407639.0,16736430080.0,,0.0,0.0,0.0,49.063,0.02,4.082,0.0,,-43.756,-4.471,14096.744,5.746,0.0,0.0,,0.0,0.0,0.0,0.0,16.934,5.49,0.49,1.444,-13.011,-5.076,83246.695,2.028,-13.164,-5.096,932.197,0.38,82455.703,33.612,77.551,99.05,14.278,0.806,6.455,367.973,0.15,15834.874,,0.0,0.0,0.0,30.612,19.022,,2.326,0.006,0.26,220.784,0.09,638.347,18.367,0.767,6.344,0.02,0.322,269.847,0.11,790.995,22.449,0.95,5.0,91.075,,0.0,0.0,0.0,0.0,0.0,0.0,0.0,-6.267,-1.432,21.411,564.225,0.23,52524.086,,0.0,0.0,0.0,46.939,63.094,0.062,0.02,0.0,29.264,0.014,49.063,0.0,152.649,4.082,0.0,0.183,1202.044,33.935,6.344,0.02,0.322,269.847,0.11,790.995,22.449,0.95,,0.0,0.0,0.0,0.0,0.0,0.0,0.0,,0.0,0.0,0.0,0.0,0.0,0.0,0.0
Luxembourg,1996,LUX,413202.0,16903203840.0,,0.0,0.0,0.0,48.402,0.02,4.444,0.0,,-5.768,-0.331,13104.795,5.415,0.0,0.0,,0.0,0.0,0.0,0.0,15.516,5.35,0.45,1.289,2.843,0.965,84460.578,2.065,3.155,1.06,895.446,0.37,83911.867,34.673,82.222,99.35,9.701,0.626,7.081,459.824,0.19,17137.129,,0.0,0.0,0.0,42.222,20.29,,-31.818,-0.083,0.177,145.207,0.06,429.377,13.333,0.508,-29.811,-0.096,0.227,193.61,0.08,548.721,17.778,0.65,4.9,91.589,,0.0,0.0,0.0,0.0,0.0,0.0,0.0,3.576,0.766,22.177,435.622,0.18,53669.938,,0.0,0.0,0.0,40.0,63.544,0.049,0.02,0.0,-20.751,-0.013,48.402,0.0,119.344,4.444,0.0,0.141,1089.056,34.899,-29.811,-0.096,0.227,193.61,0.08,548.721,17.778,0.65,,0.0,0.0,0.0,0.0,0.0,0.0,0.0,,0.0,0.0,0.0,0.0,0.0,0.0,0.0
Luxembourg,1997,LUX,418413.0,17799362560.0,,0.0,0.0,0.0,47.8,0.02,4.878,0.0,,-36.555,-1.979,8210.792,3.436,0.0,0.0,,0.0,0.0,0.0,0.0,10.058,5.6,0.41,1.2,-2.122,-0.741,81638.43,1.919,-2.372,-0.822,740.895,0.31,80901.578,33.85,75.61,99.097,2.468,0.175,7.256,430.197,0.18,17341.395,,0.0,0.0,0.0,43.902,21.242,,38.333,0.068,0.245,191.199,0.08,586.574,19.512,0.719,36.411,0.082,0.308,238.998,0.1,736.855,24.39,0.903,5.19,92.679,,0.0,0.0,0.0,0.0,0.0,0.0,0.0,4.43,0.982,23.159,310.698,0.13,55349.387,,0.0,0.0,0.0,31.707,67.798,0.054,0.02,0.0,9.522,0.005,47.8,0.0,129.08,4.878,0.0,0.158,979.893,34.159,36.411,0.082,0.308,238.998,0.1,736.855,24.39,0.903,,0.0,0.0,0.0,0.0,0.0,0.0,0.0,,0.009,0.009,0.0,0.0,21.201,0.0,0.026
Luxembourg,1998,LUX,423579.0,18802137088.0,,0.0,0.0,0.0,47.217,0.02,5.405,0.0,,-66.723,-2.292,2698.974,1.143,0.0,0.0,,0.0,0.0,0.0,0.0,3.466,5.78,0.37,1.122,-3.428,-1.171,77878.609,1.754,-3.81,-1.29,519.384,0.22,76870.375,32.561,59.459,98.705,0.972,0.071,7.326,448.559,0.19,17296.463,,0.0,0.0,0.0,51.351,22.21,,38.554,0.095,0.34,283.3,0.12,802.811,32.432,1.031,39.01,0.119,0.427,354.125,0.15,1008.23,40.541,1.295,5.41,93.599,,0.0,0.0,0.0,0.0,0.0,0.0,0.0,4.025,0.932,24.091,70.825,0.03,56874.941,,0.0,0.0,0.0,8.108,73.03,0.054,0.02,0.0,0.881,0.0,47.217,0.0,128.629,5.405,0.0,0.165,873.509,32.988,39.01,0.119,0.427,354.125,0.15,1008.23,40.541,1.295,,0.0,0.0,0.0,0.0,0.0,0.0,0.0,266.667,0.024,0.033,23.608,0.01,76.791,2.703,0.099
Luxembourg,1999,LUX,429352.0,20317839360.0,,0.0,0.0,0.0,46.582,0.02,5.556,0.0,,1.119,0.013,2692.481,1.156,0.0,0.0,,0.0,0.0,0.0,0.0,3.316,5.92,0.36,1.033,5.675,1.872,81191.305,1.716,5.94,1.934,535.691,0.23,80341.789,34.495,63.889,98.954,3.727,0.273,7.599,465.818,0.2,17699.84,,0.0,0.0,0.0,55.556,21.8,,-26.087,-0.089,0.251,209.618,0.09,585.404,25.0,0.721,-14.831,-0.062,0.365,302.782,0.13,849.52,36.111,1.046,5.56,93.919,,0.0,0.0,0.0,0.0,0.0,0.0,0.0,6.842,1.648,25.739,69.873,0.03,59949.473,,0.0,0.0,0.0,8.333,73.837,0.06,0.02,0.0,10.441,0.006,46.582,0.0,140.149,5.556,0.0,0.173,838.473,34.86,-14.831,-0.062,0.365,302.782,0.13,849.52,36.111,1.046,,0.0,0.0,0.0,0.0,0.0,0.0,0.0,63.636,0.021,0.053,46.582,0.02,123.968,5.556,0.153
Luxembourg,2000,LUX,435634.0,21906683904.0,,0.0,0.0,0.0,45.91,0.02,5.0,0.0,300.0,10.362,0.12,2928.631,1.276,0.0,0.0,,0.0,0.0,0.0,0.0,3.429,6.11,0.4,1.075,6.726,2.345,85402.43,1.698,6.376,2.199,550.921,0.24,84232.094,36.694,60.0,98.63,2.741,0.208,7.808,482.056,0.21,17922.73,,0.0,0.0,0.0,52.5,20.986,0.12,45.299,0.114,0.365,275.461,0.12,838.318,30.0,0.982,40.04,0.145,0.51,367.281,0.16,1170.329,40.0,1.37,5.71,93.453,,0.0,0.0,0.0,0.0,0.0,0.0,0.0,7.27,1.871,27.611,68.865,0.03,63380.73,,0.0,0.0,0.0,7.5,74.214,0.071,0.02,0.0,18.578,0.011,45.91,0.0,163.789,5.0,0.0,0.192,918.202,37.204,40.04,0.145,0.51,367.281,0.16,1170.329,40.0,1.37,,0.0,0.0,0.0,0.0,0.272,0.0,0.0,37.461,0.02,0.073,45.91,0.02,167.95,5.0,0.197
Luxembourg,2001,LUX,441254.0,22374428672.0,,0.0,0.0,0.0,67.988,0.03,3.448,0.0,413.793,7.931,0.101,3120.634,1.377,0.0,0.0,,0.0,0.0,0.0,0.0,3.454,6.19,0.87,2.182,7.156,2.662,90348.625,1.782,7.285,2.673,1586.388,0.7,89217.242,39.367,80.46,98.748,11.165,0.872,8.679,1518.4,0.67,19670.076,,0.0,0.0,0.0,77.011,21.771,0.36,-4.431,-0.018,0.347,271.952,0.12,785.836,13.793,0.87,-1.728,-0.011,0.499,385.266,0.17,1131.374,19.54,1.252,5.32,85.945,,0.0,0.0,0.0,0.0,0.0,0.0,0.0,6.158,1.7,29.311,67.988,0.03,66426.539,,0.0,0.0,0.0,3.448,73.522,0.083,0.03,0.0,15.753,0.011,67.988,0.0,187.175,3.448,0.0,0.207,1971.654,39.867,-1.728,-0.011,0.499,385.266,0.17,1131.374,19.54,1.252,15.0,0.0,0.0,0.0,0.0,0.306,0.0,0.0,-4.054,-0.003,0.07,45.325,0.02,158.056,2.299,0.175
Luxembourg,2002,LUX,445920.0,23139020800.0,,0.0,0.0,0.0,67.277,0.03,1.071,0.0,467.857,-37.753,-0.52,1922.163,0.857,0.0,0.0,,0.0,0.0,0.0,0.0,1.967,6.27,2.8,6.425,9.32,3.715,97735.352,1.883,9.566,3.766,5942.771,2.65,96728.547,43.133,94.643,98.97,42.949,3.728,12.407,5875.493,2.62,27823.936,,0.0,0.0,0.0,93.571,28.469,1.31,-15.505,-0.056,0.291,224.255,0.1,652.804,3.571,0.668,-9.784,-0.05,0.449,336.383,0.15,1006.813,5.357,1.03,3.47,55.343,,0.0,0.0,0.0,0.0,0.0,0.0,0.0,1.903,0.558,29.869,67.277,0.03,66982.445,,0.0,0.0,0.0,1.071,68.535,0.086,0.03,0.0,4.414,0.004,67.277,0.0,193.392,1.071,0.0,0.198,6279.153,43.582,-9.784,-0.05,0.449,336.383,0.15,1006.813,5.357,1.03,28.261,0.0,0.0,0.0,0.0,0.386,0.0,0.0,3.113,0.002,0.071,44.851,0.02,160.231,0.714,0.164
Luxembourg,2003,LUX,451351.0,23425226752.0,,0.0,0.0,0.0,66.467,0.03,1.075,0.0,469.534,-23.202,-0.199,1458.417,0.658,0.0,0.0,,0.0,0.0,0.0,0.0,1.44,6.55,2.79,6.105,4.868,2.122,101260.219,1.951,4.988,2.151,5871.262,2.65,100331.242,45.285,94.982,99.083,1.227,0.152,12.559,5804.795,2.62,27826.459,,0.0,0.0,0.0,93.907,27.48,1.31,-20.366,-0.061,0.23,177.246,0.08,510.307,2.867,0.504,-6.707,-0.03,0.419,310.18,0.14,928.972,5.018,0.917,3.76,57.405,,0.0,0.0,0.0,0.0,0.0,0.0,0.0,7.359,2.198,32.067,66.467,0.03,71046.367,,0.0,0.0,0.0,1.075,70.162,0.109,0.03,0.0,26.415,0.023,66.467,0.0,241.535,1.075,0.0,0.239,6181.442,45.704,-6.707,-0.03,0.419,310.18,0.14,928.972,5.018,0.917,2271.186,0.004,0.004,0.0,0.0,8.989,0.0,0.009,6.9,0.004,0.076,66.467,0.03,168.141,1.075,0.166
Luxembourg,2004,LUX,457798.0,24177319936.0,,0.0,0.0,0.0,87.375,0.04,1.187,0.0,465.875,40.459,0.266,2019.635,0.925,0.0,0.0,,0.0,0.0,0.0,0.0,1.786,6.74,3.37,6.508,13.294,6.076,113106.172,2.142,13.071,5.919,6946.295,3.18,111848.383,51.204,94.362,98.888,10.737,1.348,13.908,6880.764,3.15,30380.209,,0.0,0.0,0.0,93.472,26.86,1.57,31.022,0.07,0.3,218.437,0.1,655.003,2.967,0.579,38.326,0.157,0.576,415.03,0.19,1257.781,5.638,1.112,3.37,50.0,,0.0,0.0,0.0,0.0,0.0,0.0,0.0,13.424,4.305,36.371,65.531,0.03,79448.539,,0.0,0.0,0.0,0.89,70.242,0.136,0.04,0.0,24.667,0.027,87.375,0.0,296.873,1.187,0.0,0.262,7361.325,51.78,38.326,0.157,0.576,415.03,0.19,1257.781,5.638,1.112,557.541,0.022,0.027,21.844,0.01,57.904,0.297,0.051,50.562,0.038,0.114,87.375,0.04,248.001,1.187,0.219
Luxembourg,2005,LUX,464868.0,24847697920.0,,0.0,0.0,0.0,107.557,0.05,1.493,0.0,462.687,-2.39,-0.022,1941.386,0.902,0.0,0.0,,0.0,0.0,0.0,0.0,1.717,6.61,3.35,6.375,1.493,0.773,113049.227,2.115,1.436,0.735,6754.605,3.14,111728.898,51.939,93.731,98.832,-1.639,-0.228,13.68,6690.071,3.11,29427.809,,0.0,0.0,0.0,92.836,26.031,1.55,-10.685,-0.034,0.266,193.603,0.09,572.47,2.687,0.506,7.079,0.038,0.614,451.741,0.21,1320.326,6.269,1.168,3.26,49.319,,0.0,0.0,0.0,0.0,0.0,0.0,0.0,2.709,0.985,37.357,64.534,0.03,80359.703,,0.0,0.0,0.0,0.896,71.084,0.147,0.05,0.0,8.427,0.011,107.557,0.0,316.997,1.493,0.0,0.28,7206.347,52.553,7.079,0.038,0.614,451.741,0.21,1320.326,6.269,1.168,92.39,0.024,0.051,43.023,0.02,109.013,0.597,0.096,32.62,0.036,0.15,107.557,0.05,321.846,1.493,0.285
Luxembourg,2006,LUX,472402.0,26033442816.0,,0.0,0.0,0.0,127.01,0.06,1.695,0.0,460.452,19.33,0.174,2279.707,1.077,0.0,0.0,,0.0,0.0,0.0,0.0,2.086,7.1,3.54,6.857,-1.763,-0.926,109285.398,1.983,-1.984,-1.031,6964.407,3.29,107765.383,50.909,92.938,98.609,4.6,0.629,14.309,6879.733,3.25,30290.537,,0.0,0.0,0.0,91.808,27.717,1.63,19.769,0.051,0.317,232.853,0.11,670.462,3.107,0.613,17.497,0.104,0.718,529.21,0.25,1520.019,7.062,1.391,3.56,50.141,,0.0,0.0,0.0,0.0,0.0,0.0,0.0,-4.91,-1.834,35.522,84.674,0.04,75195.133,,0.0,0.0,0.0,1.13,68.806,0.176,0.06,0.0,19.611,0.029,127.01,0.0,373.116,1.695,0.0,0.341,7493.618,51.627,17.497,0.104,0.718,529.21,0.25,1520.019,7.062,1.391,19.302,0.009,0.06,42.337,0.02,127.175,0.565,0.116,10.976,0.015,0.165,127.01,0.06,349.265,1.695,0.32
Luxembourg,2007,LUX,479877.0,28098930688.0,,0.511,1065.652,0.511,125.032,0.06,1.881,1.02,457.68,-15.335,-0.165,1900.053,0.912,0.0,0.0,,0.0,0.0,0.0,0.0,1.819,7.15,3.19,6.364,-2.907,-1.501,104455.211,1.784,-4.057,-2.065,6105.731,2.93,101783.078,48.843,91.85,97.442,-6.658,-0.953,13.357,6022.377,2.89,27833.242,,0.0,0.0,0.0,90.596,26.646,1.46,4.842,0.013,0.33,250.064,0.12,687.654,3.762,0.658,215.9,0.564,1.282,541.805,0.26,2672.129,8.15,2.558,3.96,55.385,,0.0,0.0,0.0,0.0,0.0,0.0,0.0,-2.667,-0.947,34.575,83.355,0.04,72049.781,,0.0,0.0,0.0,1.254,68.977,0.2,0.06,0.0,13.494,0.024,125.032,0.0,416.869,1.881,0.0,0.399,6647.537,50.126,215.9,0.564,1.282,541.805,0.26,2672.129,8.15,2.558,-1.009,-0.001,0.059,41.677,0.02,123.157,0.627,0.118,10.865,0.017,0.182,125.032,0.06,378.798,1.881,0.363
Luxembourg,2008,LUX,488643.0,27632140288.0,-1.042,-0.005,1035.629,0.506,143.254,0.07,2.574,1.017,452.206,-4.464,-0.041,1782.665,0.871,0.0,0.0,,0.0,0.0,0.0,0.0,1.751,7.07,2.72,5.466,-0.728,-0.365,101834.57,1.801,-0.837,-0.409,4993.42,2.44,99120.562,48.435,89.706,97.335,-4.809,-0.642,12.714,4911.561,2.4,26019.352,,0.0,0.0,0.0,88.235,25.551,1.23,13.206,0.041,0.371,266.043,0.13,759.753,4.779,0.746,1.611,0.044,1.326,573.016,0.28,2714.002,10.294,2.665,4.35,61.528,,0.0,0.0,0.0,0.0,0.0,0.0,0.0,0.793,0.274,34.849,81.859,0.04,71318.555,,0.0,0.0,0.0,1.471,70.034,0.222,0.07,0.0,11.14,0.022,143.254,0.0,454.996,2.574,0.0,0.447,5566.436,49.761,1.611,0.044,1.326,573.016,0.28,2714.002,10.294,2.665,-4.162,-0.003,0.056,40.93,0.02,115.193,0.735,0.113,-5.751,-0.012,0.17,122.789,0.06,348.431,2.206,0.342
Luxembourg,2009,LUX,497876.0,26325504000.0,-6.578,-0.033,949.568,0.473,160.683,0.08,2.54,0.993,457.143,-10.681,-0.093,1562.732,0.778,0.0,0.0,,0.0,0.0,0.0,0.0,1.635,6.57,3.15,6.619,-4.356,-2.168,95591.977,1.808,-4.322,-2.094,5784.573,2.88,93077.453,46.341,91.429,97.37,1.76,0.224,12.938,5704.231,2.84,25986.266,,0.0,0.0,0.0,90.159,27.185,1.44,-19.888,-0.076,0.296,220.939,0.11,593.678,3.492,0.621,-6.07,-0.074,1.252,542.304,0.27,2514.527,8.571,2.63,3.42,52.055,,0.0,0.0,0.0,0.0,0.0,0.0,0.0,-6.383,-2.224,32.625,80.341,0.04,65528.457,,0.0,0.0,0.0,1.27,68.55,0.25,0.08,0.0,12.257,0.027,160.683,0.0,501.294,2.54,0.0,0.524,6326.877,47.593,-6.07,-0.074,1.252,542.304,0.27,2514.527,8.571,2.63,1.423,0.0,0.057,40.171,0.02,113.957,0.635,0.119,4.758,0.007,0.177,120.512,0.06,356.03,1.905,0.372
Luxembourg,2010,LUX,507075.0,27499366400.0,0.263,0.001,934.798,0.474,157.768,0.08,2.469,0.946,459.877,0.149,0.001,1536.676,0.779,0.0,0.0,,0.0,0.0,0.0,0.0,1.555,7.3,3.24,6.465,5.301,2.523,98832.992,1.822,5.442,2.522,5857.122,2.97,96361.93,48.863,91.667,97.5,7.562,0.978,13.916,5758.517,2.92,27444.271,,0.0,0.0,0.0,90.123,27.768,1.49,1.721,0.003,0.299,216.93,0.11,589.305,3.395,0.596,0.198,0.001,1.253,532.466,0.27,2471.057,8.333,2.5,4.06,55.616,,0.0,0.0,0.0,0.0,0.0,0.0,0.0,4.727,1.542,34.167,98.605,0.05,67380.977,,0.0,0.0,0.0,1.543,68.177,0.269,0.08,0.0,7.617,0.019,157.768,0.0,529.689,2.469,0.0,0.536,6389.587,50.116,0.198,0.001,1.253,532.466,0.27,2471.057,8.333,2.5,4.095,0.002,0.059,39.442,0.02,115.758,0.617,0.117,-13.217,-0.024,0.153,118.326,0.06,301.508,1.852,0.305
Luxembourg,2011,LUX,518207.0,28088633344.0,11.555,0.055,1020.41,0.529,173.676,0.09,3.409,1.083,458.333,-12.836,-0.1,1310.658,0.679,0.0,0.0,,0.0,0.0,0.0,0.0,1.391,7.12,2.64,5.407,-2.583,-1.295,94211.609,1.738,-2.637,-1.289,4631.354,2.4,91805.047,47.574,90.909,97.446,-13.732,-1.911,12.005,4515.57,2.34,23166.949,,0.0,0.0,0.0,88.636,24.59,1.21,-41.483,-0.125,0.174,115.784,0.06,335.378,2.273,0.356,4.381,-0.006,1.247,463.135,0.24,2406.563,9.091,2.554,4.48,62.921,,0.0,0.0,0.0,0.0,0.0,0.0,0.0,2.114,0.722,34.89,115.784,0.06,67327.438,,0.0,0.0,0.0,2.273,71.464,0.297,0.09,0.0,10.505,0.028,173.676,0.0,572.76,3.409,0.0,0.608,5094.489,48.821,4.381,-0.006,1.247,463.135,0.24,2406.563,9.091,2.554,21.733,0.012,0.071,57.892,0.03,137.047,1.136,0.145,16.279,0.024,0.177,115.784,0.06,340.968,2.273,0.362
Luxembourg,2012,LUX,530596.0,27989147648.0,3.061,0.016,1027.092,0.545,169.621,0.09,3.261,1.136,445.652,-8.048,-0.055,1177.037,0.625,0.0,0.0,,0.0,0.0,0.0,0.0,1.302,6.87,2.76,5.756,-1.778,-0.868,90375.617,1.713,-2.213,-1.053,4617.449,2.45,87676.82,46.521,88.768,97.014,1.82,0.218,12.224,4504.369,2.39,23037.719,,0.0,0.0,0.0,86.594,25.491,1.23,56.035,0.096,0.27,188.467,0.1,507.991,3.623,0.562,10.131,0.185,1.432,584.249,0.31,2698.796,11.232,2.986,4.11,59.825,,0.0,0.0,0.0,0.0,0.0,0.0,0.0,-3.488,-1.217,33.673,113.08,0.06,63462.066,,0.0,0.0,0.0,2.174,70.22,0.3,0.09,0.0,1.11,0.003,169.621,0.0,565.595,3.261,0.0,0.626,5201.698,47.953,10.131,0.185,1.432,584.249,0.31,2698.796,11.232,2.986,48.683,0.034,0.105,75.387,0.04,197.802,1.449,0.219,20.946,0.036,0.212,150.774,0.08,400.317,2.899,0.443
Luxembourg,2013,LUX,543068.0,29106192384.0,13.879,0.076,1142.778,0.621,165.725,0.09,4.891,1.358,413.043,-10.801,-0.067,1025.796,0.557,0.0,0.0,,0.0,0.0,0.0,0.0,1.219,6.78,1.84,4.027,-4.714,-2.261,84137.461,1.57,-5.378,-2.502,2725.257,1.48,81055.984,44.019,80.435,96.338,-15.332,-1.874,10.35,2614.774,1.42,19057.596,,0.0,0.0,0.0,77.174,22.651,0.76,21.254,0.055,0.325,220.967,0.12,598.187,6.522,0.711,16.148,0.241,1.673,662.9,0.36,3081.481,19.565,3.662,4.94,72.861,,0.0,0.0,0.0,0.0,0.0,0.0,0.0,-1.664,-0.56,33.112,110.483,0.06,60972.59,,0.0,0.0,0.0,3.261,72.468,0.301,0.09,0.0,0.213,0.001,165.725,0.0,553.781,4.891,0.0,0.658,3388.158,45.692,16.148,0.241,1.673,662.9,0.36,3081.481,19.565,3.662,92.643,0.096,0.201,128.897,0.07,370.059,3.804,0.44,7.179,0.014,0.226,147.311,0.08,416.676,4.348,0.495
Luxembourg,2014,LUX,556075.0,30743879680.0,28.449,0.177,1433.548,0.797,215.798,0.12,6.283,1.801,408.377,11.466,0.064,1116.664,0.621,0.0,0.0,,0.0,0.0,0.0,0.0,1.403,6.8,1.91,4.314,-3.104,-1.418,79619.141,1.44,-3.805,-1.675,2715.461,1.51,76148.305,42.344,79.058,95.641,-5.253,-0.544,9.806,2607.562,1.45,17634.141,,0.0,0.0,0.0,75.916,22.148,0.78,-9.57,-0.033,0.292,197.815,0.11,525.124,5.759,0.66,20.591,0.257,1.93,719.327,0.4,3470.835,20.942,4.359,4.89,71.912,,0.0,0.0,0.0,0.0,0.0,0.0,0.0,-3.609,-1.195,31.917,107.899,0.06,57397.5,,0.0,0.0,0.0,3.141,72.09,0.368,0.12,0.0,22.305,0.067,215.798,0.0,661.461,6.283,0.0,0.831,3434.789,44.274,20.591,0.257,1.93,719.327,0.4,3470.835,20.942,4.359,28.483,0.056,0.257,161.849,0.09,461.561,4.712,0.58,-3.795,-0.01,0.216,143.865,0.08,389.142,4.188,0.489
Luxembourg,2015,LUX,569415.0,31975024640.0,18.15,0.145,1654.06,0.942,228.304,0.13,9.701,2.189,365.672,-7.971,-0.049,1003.577,0.571,0.0,0.0,,0.0,0.0,0.0,0.0,1.328,6.94,1.34,3.114,-2.8,-1.24,75576.625,1.346,-3.482,-1.475,1598.131,0.91,71774.781,40.87,67.91,94.97,-8.803,-0.863,8.943,1475.198,0.84,15705.135,,0.0,0.0,0.0,62.687,20.78,0.49,-7.918,-0.025,0.267,175.619,0.1,469.404,7.463,0.621,14.885,0.235,2.165,755.161,0.43,3801.843,32.09,5.03,5.6,80.692,,0.0,0.0,0.0,0.0,0.0,0.0,0.0,-1.76,-0.562,31.355,122.933,0.07,55066.074,,0.0,0.0,0.0,5.224,72.861,0.402,0.13,0.0,9.32,0.034,228.304,0.0,706.168,9.701,0.0,0.934,2353.292,43.034,14.885,0.235,2.165,755.161,0.43,3801.843,32.09,5.03,9.478,0.023,0.279,175.619,0.1,490.535,7.463,0.649,27.508,0.058,0.274,175.619,0.1,481.677,7.463,0.637
Luxembourg,2016,LUX,583355.0,33357813760.0,7.371,0.069,1733.549,1.011,239.991,0.14,17.722,2.382,265.823,3.651,0.021,1015.361,0.592,0.0,0.0,,0.0,0.0,0.0,0.0,1.395,7.09,0.79,1.861,-1.337,-0.575,72784.555,1.273,-1.756,-0.718,565.693,0.33,68829.227,40.152,41.772,94.566,-7.78,-0.696,8.247,445.698,0.26,14137.22,,0.0,0.0,0.0,32.911,19.423,0.21,16.28,0.042,0.309,205.707,0.12,529.626,15.19,0.728,6.983,0.143,2.307,788.542,0.46,3955.322,58.228,5.434,6.3,88.858,,0.0,0.0,0.0,0.0,0.0,0.0,0.0,-0.137,-0.043,31.313,119.996,0.07,53676.648,,0.0,0.0,0.0,8.861,73.747,0.447,0.14,0.0,11.157,0.045,239.991,0.0,766.199,17.722,0.0,1.053,1354.235,42.459,6.983,0.143,2.307,788.542,0.46,3955.322,58.228,5.434,-3.31,-0.011,0.268,171.422,0.1,460.225,12.658,0.632,-0.355,-0.003,0.272,171.422,0.1,465.723,12.658,0.64
Luxembourg,2017,LUX,596290.0,33958649856.0,26.706,0.27,2148.865,1.281,285.096,0.17,18.889,2.889,244.444,-7.489,-0.044,918.947,0.548,0.0,0.0,,,,,0.0,1.235,7.08,0.9,2.029,4.465,1.896,74384.773,1.306,3.07,1.233,503.111,0.3,69403.672,41.385,33.333,93.304,-2.254,-0.186,8.061,368.948,0.22,13518.83,,,,,24.444,18.174,0.22,-25.788,-0.081,0.228,150.933,0.09,382.259,10.0,0.514,28.142,0.663,2.97,1006.222,0.6,4981.101,66.667,6.696,6.18,87.288,,0.0,0.0,0.0,0.0,0.0,0.0,0.0,4.672,1.463,32.776,134.163,0.08,54965.898,,,,,8.889,73.894,0.547,0.17,0.0,22.451,0.1,285.096,0.0,917.864,18.889,0.0,1.234,1509.333,44.355,28.142,0.663,2.97,1006.222,0.6,4981.101,66.667,6.696,8.152,0.02,0.289,184.474,0.11,484.079,12.222,0.651,131.385,0.353,0.625,385.718,0.23,1048.034,25.556,1.409
Luxembourg,2018,LUX,607920.0,35015057408.0,8.431,0.108,2285.463,1.389,361.89,0.22,22.917,2.992,229.167,-11.368,-0.062,798.903,0.486,0.0,0.0,,,,,0.0,1.046,7.12,0.96,2.068,4.681,2.076,76376.742,1.326,4.181,1.73,460.587,0.28,70922.484,43.115,29.167,92.859,-1.371,-0.111,7.951,328.991,0.2,13078.418,,,,,20.833,17.124,0.22,8.324,0.018,0.245,148.046,0.09,403.779,9.375,0.529,10.145,0.346,3.316,1118.568,0.68,5454.256,70.833,7.141,6.16,86.517,,0.0,0.0,0.0,0.0,0.0,0.0,0.0,5.807,1.903,34.679,131.596,0.08,57045.168,,,,,8.333,74.689,0.693,0.22,0.0,26.666,0.146,361.89,0.0,1140.376,22.917,0.0,1.493,1579.155,46.431,10.145,0.346,3.316,1118.568,0.68,5454.256,70.833,7.141,9.461,0.025,0.314,197.394,0.12,516.703,12.5,0.677,8.411,0.049,0.674,411.238,0.25,1107.935,26.042,1.451
Luxembourg,2019,LUX,619981.0,,7.18,0.1,2401.916,1.489,451.627,0.28,26.168,3.149,205.607,9.574,0.046,858.358,0.532,0.0,0.0,,,,,0.0,1.125,6.95,1.07,2.263,1.846,0.857,76273.703,,0.995,0.429,435.497,0.27,70234.883,43.544,25.234,92.083,0.062,0.005,7.956,306.461,0.19,12831.986,,,,,17.757,16.824,0.22,15.237,0.036,0.282,177.425,0.11,454.57,10.28,0.596,10.288,0.428,3.744,1290.362,0.8,6038.826,74.766,7.917,5.88,84.604,,0.0,0.0,0.0,0.0,0.0,0.0,0.0,1.089,0.378,35.057,129.036,0.08,56544.535,,,,,7.477,74.134,0.888,0.28,0.0,28.069,0.195,451.627,0.0,1432.052,26.168,0.0,1.878,1725.859,47.288,10.288,0.428,3.744,1290.362,0.8,6038.826,74.766,7.917,9.821,0.03,0.344,209.684,0.13,554.358,12.15,0.727,10.491,0.068,0.741,451.627,0.28,1195.93,26.168,1.568
Luxembourg,2020,LUX,630401.0,,9.58,0.143,2588.512,1.632,586.928,0.37,30.328,4.029,196.721,-15.988,-0.085,709.2,0.447,0.0,0.0,,,,,0.0,1.104,6.68,1.22,3.012,-14.359,-6.79,64241.789,,-17.115,-7.453,396.573,0.25,57251.797,36.092,20.492,89.119,-9.179,-0.73,7.225,285.533,0.18,11461.532,,,,,14.754,17.841,0.24,-14.323,-0.041,0.241,142.766,0.09,381.62,7.377,0.594,14.097,0.663,4.406,1538.703,0.97,6989.995,79.508,10.881,5.46,81.737,,0.0,0.0,0.0,0.0,0.0,0.0,0.0,-18.933,-6.637,28.419,111.04,0.07,45081.062,,,,,5.738,70.174,1.188,0.37,0.0,33.855,0.301,586.928,0.0,1885.19,30.328,0.0,2.935,1935.276,40.498,14.097,0.663,4.406,1538.703,0.97,6989.995,79.508,10.881,23.681,0.08,0.424,253.807,0.16,671.823,13.115,1.046,24.833,0.181,0.922,555.202,0.35,1462.85,28.689,2.277
Luxembourg,2021,LUX,639330.0,,-2.976,-0.049,2476.41,1.583,610.014,0.39,31.707,3.659,186.992,9.471,0.042,765.528,0.489,0.0,0.0,,,,,0.0,1.131,6.95,1.23,2.842,6.857,2.777,67687.906,,7.719,2.786,375.393,0.24,60810.02,38.878,19.512,89.839,7.812,0.564,7.79,265.903,0.17,12184.329,,,,,13.821,18.001,0.23,16.604,0.039,0.279,172.055,0.11,437.165,8.943,0.646,-1.339,-0.009,4.397,1548.496,0.99,6877.882,80.488,10.161,5.72,82.302,,0.0,0.0,0.0,0.0,0.0,0.0,0.0,7.668,2.179,30.598,109.49,0.07,47860.164,,,,,5.691,70.707,1.241,0.39,0.0,4.386,0.052,610.014,0.0,1940.393,31.707,0.0,2.867,1923.889,43.275,-1.339,-0.009,4.397,1548.496,0.99,6877.882,80.488,10.161,11.737,0.048,0.471,281.545,0.18,737.481,14.634,1.09,-10.487,-0.1,0.822,484.883,0.31,1286.433,25.203,1.901
Luxembourg,2022,LUX,647601.0,,-6.18,-0.098,2293.701,1.485,571.339,0.37,32.743,3.802,168.142,5.098,0.025,794.276,0.514,0.0,0.0,,,,,0.0,1.316,6.64,1.13,2.892,-9.711,-4.202,60334.328,,-10.404,-4.045,247.066,0.16,53787.578,34.833,14.159,89.149,-21.405,-1.667,6.122,138.974,0.09,9453.912,,,,,7.965,15.669,0.19,-35.292,-0.099,0.18,92.65,0.06,278.25,5.31,0.461,-4.324,-0.158,4.24,1497.836,0.97,6546.746,85.841,10.851,5.51,82.982,,0.0,0.0,0.0,0.0,0.0,0.0,0.0,-7.851,-2.402,28.196,108.091,0.07,43539.391,,,,,6.195,72.164,1.137,0.37,0.0,-8.357,-0.104,571.339,0.0,1755.519,32.743,0.0,2.91,1744.902,39.073,-4.324,-0.158,4.24,1497.836,0.97,6546.746,85.841,10.851,20.19,0.093,0.565,339.715,0.22,871.864,19.469,1.445,6.483,0.05,0.873,494.131,0.32,1347.412,28.319,2.233
Macao,1980,MAC,245339.0,,,,,,,,,,,,,,,,,,,0.0,0.0,,,,,,,,8237.567,,,,,,,,,,,,,,,,,,0.0,0.0,,,,,,,,,,,,,,,,,,,,,,,,,,,,,,,,,,,,,,0.0,0.0,,,,,,,,,,,,,,,2.021,,,,,,,,,,,,,,,,,,,,,,,,
Macao,1981,MAC,248707.0,,,,,,,,,,,,,,,,,,0.0,0.0,0.0,,,,,,-3.39,-0.069,7850.567,,,,,,,,,,,,,,,,,0.0,0.0,0.0,,,,,,,,,,,,,,,,,,,,,,,,,,,,,,,,,,,,,0.0,0.0,0.0,,,,,,,,,,,,,,,1.952,,,,,,,,,,,,,,,,,,,,,,,,
Macao,1982,MAC,256699.0,,,,,,,,,,,,,,,,,,0.0,0.0,0.0,,,,,,6.452,0.126,8096.87,,,,,,,,,,,,,,,,,0.0,0.0,0.0,,,,,,,,,,,,,,,,,,,,,,,,,,,,,,,,,,,,,0.0,0.0,0.0,,,,,,,,,,,,,,,2.078,,,,,,,,,,,,,,,,,,,,,,,,
Macao,1983,MAC,266261.0,,,,,,,,,,,,,,,,,,0.0,0.0,0.0,,,,,,39.394,0.819,10881.221,,,,,,,,,,,,,,,,,0.0,0.0,0.0,,,,,,,,,,,,,,,,,,,,,,,,,,,,,,,,,,,,,0.0,0.0,0.0,,,,,,,,,,,,,,,2.897,,,,,,,,,,,,,,,,,,,,,,,,
Macao,1984,MAC,276605.0,,,,,,,,,,,,,,,,,,0.0,0.0,0.0,,,,,,9.856,0.286,11506.683,,,,,,,,,,,,,,,,,0.0,0.0,0.0,,,,,,,,,,,,,,,,,,,,,,,,,,,,,,,,,,,,,0.0,0.0,0.0,,,,,,,,,,,,,,,3.183,,,,,,,,,,,,,,,,,,,,,,,,
Macao,1985,MAC,287712.0,,,,,,,,,,,,,,,,,,0.0,0.0,0.0,,,,,,-17.39,-0.553,9138.74,,,,,,,,,,,,,,,,,0.0,0.0,0.0,,,,,,,,,,,,,,,,,,,,,,,,,,,,,,,,,,,,,0.0,0.0,0.0,,,,,,,,,,,,,,,2.629,,,,,,,,,,,,,,,,,,,,,,,,
Macao,1986,MAC,299494.0,,,,,,,,,,,,,,,,,,0.0,0.0,0.0,,,,,,42.928,1.129,12547.931,,,,,,,,,,,,,,,,,0.0,0.0,0.0,,,,,,,,,,,,,,,,,,,,,,,,,,,,,,,,,,,,,0.0,0.0,0.0,,,,,,,,,,,,,,,3.758,,,,,,,,,,,,,,,,,,,,,,,,
Macao,1987,MAC,311819.0,,,,,,,,,,,,,,,,,,0.0,0.0,0.0,,,,,,8.871,0.333,13121.109,,,,,,,,,,,,,,,,,0.0,0.0,0.0,,,,,,,,,,,,,,,,,,,,,,,,,,,,,,,,,,,,,0.0,0.0,0.0,,,,,,,,,,,,,,,4.091,,,,,,,,,,,,,,,,,,,,,,,,
Macao,1988,MAC,324489.0,,,,,,,,,,,,,,,,,,0.0,0.0,0.0,,,,,,-2.741,-0.112,12263.211,,,,,,,,,,,,,,,,,0.0,0.0,0.0,,,,,,,,,,,,,,,,,,,,,,,,,,,,,,,,,,,,,0.0,0.0,0.0,,,,,,,,,,,,,,,3.979,,,,,,,,,,,,,,,,,,,,,,,,
Macao,1989,MAC,337342.0,,,,,,,,,,,,,,,,,,0.0,0.0,0.0,,,,,,6.492,0.258,12561.806,,,,,,,,,,,,,,,,,0.0,0.0,0.0,,,,,,,,,,,,,,,,,,,,,,,,,,,,,,,,,,,,,0.0,0.0,0.0,,,,,,,,,,,,,,,4.238,,,,,,,,,,,,,,,,,,,,,,,,
Macao,1990,MAC,350240.0,,,,,,,,,,,,,,,,,,0.0,0.0,0.0,,,,,,5.48,0.232,12762.234,,,,,,,,,,,,,,,,,0.0,0.0,0.0,,,,,,,,,,,,,,,,,,,,,,,,,,,,,,,,,,,,,0.0,0.0,0.0,,,,,,,,,,,,,,,4.47,,,,,,,,,,,,,,,,,,,,,,,,
Macao,1991,MAC,362393.0,,,,,,,,,,,,,,,,,,0.0,0.0,0.0,,,,,,-1.442,-0.064,12156.421,,,,,,,,,,,,,,,,,0.0,0.0,0.0,,,,,,,,,,,,,,,,,,,,,,,,,,,,,,,,,,,,,0.0,0.0,0.0,,,,,,,,,,,,,,,4.405,,,,,,,,,,,,,,,,,,,,,,,,
Macao,1992,MAC,372377.0,,,,,,,,,,,,,,,,,,0.0,0.0,0.0,,,,,,3.421,0.151,12235.194,,,,,,,,,,,,,,,,,0.0,0.0,0.0,,,,,,,,,,,,,,,,,,,,,,,,,,,,,,,,,,,,,0.0,0.0,0.0,,,,,,,,,,,,,,,4.556,,,,,,,,,,,,,,,,,,,,,,,,
Macao,1993,MAC,380721.0,,,,,,,,,,,,,,,,,,0.0,0.0,0.0,,,,,,9.759,0.445,13134.948,,,,,,,,,,,,,,,,,0.0,0.0,0.0,,,,,,,,,,,,,,,,,,,,,,,,,,,,,,,,,,,,,0.0,0.0,0.0,,,,,,,,,,,,,,,5.001,,,,,,,,,,,,,,,,,,,,,,,,
Macao,1994,MAC,388787.0,,,,,,,,,,,,,,,,,,0.0,0.0,0.0,,,,,,6.737,0.337,13728.948,,,,,,,,,,,,,,,,,0.0,0.0,0.0,,,,,,,,,,,,,,,,,,,,,,,,,,,,,,,,,,,,,0.0,0.0,0.0,,,,,,,,,,,,,,,5.338,,,,,,,,,,,,,,,,,,,,,,,,
Macao,1995,MAC,396651.0,,,,,,,,,,,,,,,,,,0.0,0.0,0.0,,,,,,3.561,0.19,13935.989,,,,,,,,,,,,,,,,,0.0,0.0,0.0,,,,,,,,,,,,,,,,,,,,,,,,,,,,,,,,,,,,,0.0,0.0,0.0,,,,,,,,,,,,,,,5.528,,,,,,,,,,,,,,,,,,,,,,,,
Macao,1996,MAC,404305.0,,,,,,,,,,,,,,,,,,0.0,0.0,0.0,,,,,,10.472,0.579,15103.862,,,,,,,,,,,,,,,,,0.0,0.0,0.0,,,,,,,,,,,,,,,,,,,,,,,,,,,,,,,,,,,,,0.0,0.0,0.0,,,,,,,,,,,,,,,6.107,,,,,,,,,,,,,,,,,,,,,,,,
Macao,1997,MAC,411708.0,,,,,,,,,,,,,,,,,,0.0,0.0,0.0,,,,,,2.542,0.155,15209.331,,,,,,,,,,,,,,,,,0.0,0.0,0.0,,,,,,,,,,,,,,,,,,,,,,,,,,,,,,,,,,,,,0.0,0.0,0.0,,,,,,,,,,,,,,,6.262,,,,,,,,,,,,,,,,,,,,,,,,
Macao,1998,MAC,418782.0,,,,,,,,,,,,,,,,,,0.0,0.0,0.0,,,,,,6.871,0.43,15979.731,,,,,,,,,,,,,,,,,0.0,0.0,0.0,,,,,,,,,,,,,,,,,,,,,,,,,,,,,,,,,,,,,0.0,0.0,0.0,,,,,,,,,,,,,,,6.692,,,,,,,,,,,,,,,,,,,,,,,,
Macao,1999,MAC,425521.0,,,,,,,,,,,,,,,,,,0.0,0.0,0.0,,,,,,6.19,0.414,16700.1,,,,,,,,,,,,,,,,,0.0,0.0,0.0,,,,,,,,,,,,,,,,,,,,,,,,,,,,,,,,,,,,,0.0,0.0,0.0,,,,,,,,,,,,,,,7.106,,,,,,,,,,,,,,,,,,,,,,,,
Macao,2000,MAC,431904.0,,,,,,0.0,0.0,0.0,,489.209,,,,,0.0,0.0,,0.0,0.0,0.0,0.0,,1.49,1.39,,-2.89,-0.205,15977.812,,,,3218.308,1.39,,,100.0,,,,,3218.308,1.39,,,0.0,0.0,0.0,100.0,,0.68,,,,0.0,0.0,,0.0,,,,,0.0,0.0,,0.0,,0.1,6.711,,,,0.0,0.0,,0.0,,,,,0.0,0.0,,,0.0,0.0,0.0,0.0,,,0.0,0.0,,,0.0,0.0,,0.0,0.0,,3218.308,6.901,,,,0.0,0.0,,0.0,,,,,0.0,0.0,,0.0,,,,,0.0,0.0,,0.0,
Macao,2001,MAC,439129.0,,,,,,0.0,0.0,0.0,,489.362,,,,,0.0,0.0,,0.0,0.0,0.0,0.0,,1.6,1.41,,3.012,0.208,16188.216,,,,3210.902,1.41,,,100.0,,,,,3210.902,1.41,,,0.0,0.0,0.0,100.0,,0.69,,,,0.0,0.0,,0.0,,,,,0.0,0.0,,0.0,,0.19,11.875,,,,0.0,0.0,,0.0,,,,,0.0,0.0,,,0.0,0.0,0.0,0.0,,,0.0,0.0,,,0.0,0.0,,0.0,0.0,,3210.902,7.109,,,,0.0,0.0,,0.0,,,,,0.0,0.0,,0.0,,,,,0.0,0.0,,0.0,
Macao,2002,MAC,449675.0,,,,,,0.0,0.0,0.0,,490.066,,,,,0.0,0.0,,0.0,0.0,0.0,0.0,,1.7,1.51,,7.723,0.549,17029.461,,,,3357.981,1.51,,,100.0,,,,,3357.981,1.51,,,0.0,0.0,0.0,100.0,,0.74,,,,0.0,0.0,,0.0,,,,,0.0,0.0,,0.0,,0.19,11.176,,,,0.0,0.0,,0.0,,,,,0.0,0.0,,,0.0,0.0,0.0,0.0,,,0.0,0.0,,,0.0,0.0,,0.0,0.0,,3357.981,7.658,,,,0.0,0.0,,0.0,,,,,0.0,0.0,,0.0,,,,,0.0,0.0,,0.0,
Macao,2003,MAC,462538.0,,,,,,0.0,0.0,0.0,,487.654,,,,,0.0,0.0,,0.0,0.0,0.0,0.0,,1.8,1.62,,2.661,0.204,16996.396,,,,3502.415,1.62,,,100.0,,,,,3502.415,1.62,,,0.0,0.0,0.0,100.0,,0.79,,,,0.0,0.0,,0.0,,,,,0.0,0.0,,0.0,,0.18,10.0,,,,0.0,0.0,,0.0,,,,,0.0,0.0,,,0.0,0.0,0.0,0.0,,,0.0,0.0,,,0.0,0.0,,0.0,0.0,,3502.415,7.861,,,,0.0,0.0,,0.0,,,,,0.0,0.0,,0.0,,,,,0.0,0.0,,0.0,
Macao,2004,MAC,475536.0,,,,,,0.0,0.0,0.0,,491.713,,,,,0.0,0.0,,0.0,0.0,0.0,0.0,,1.96,1.81,,18.785,1.477,19637.254,,,,3806.231,1.81,,,100.0,,,,,3806.231,1.81,,,0.0,0.0,0.0,100.0,,0.89,,,,0.0,0.0,,0.0,,,,,0.0,0.0,,0.0,,0.15,7.653,,,,0.0,0.0,,0.0,,,,,0.0,0.0,,,0.0,0.0,0.0,0.0,,,0.0,0.0,,,0.0,0.0,,0.0,0.0,,3806.231,9.338,,,,0.0,0.0,,0.0,,,,,0.0,0.0,,0.0,,,,,0.0,0.0,,0.0,
Macao,2005,MAC,488628.0,,,,,,0.0,0.0,0.0,,489.474,,,,,0.0,0.0,,0.0,0.0,0.0,0.0,,2.24,1.9,,2.747,0.257,19636.117,,,,3888.439,1.9,,,100.0,,,,,3888.439,1.9,,,0.0,0.0,0.0,100.0,,0.93,,,,0.0,0.0,,0.0,,,,,0.0,0.0,,0.0,,0.34,15.179,,,,0.0,0.0,,0.0,,,,,0.0,0.0,,,0.0,0.0,0.0,0.0,,,0.0,0.0,,,0.0,0.0,,0.0,0.0,,3888.439,9.595,,,,0.0,0.0,,0.0,,,,,0.0,0.0,,0.0,,,,,0.0,0.0,,0.0,
Macao,2006,MAC,501870.0,,,,,,0.0,0.0,0.0,,490.446,,,,,0.0,0.0,,0.0,0.0,0.0,0.0,,2.53,1.57,,6.492,0.623,20359.129,,,,3128.3,1.57,,,100.0,,,,,3128.3,1.57,,,0.0,0.0,0.0,100.0,,0.77,,,,0.0,0.0,,0.0,,,,,0.0,0.0,,0.0,,0.96,37.945,,,,0.0,0.0,,0.0,,,,,0.0,0.0,,,0.0,0.0,0.0,0.0,,,0.0,0.0,,,0.0,0.0,,0.0,0.0,,3128.3,10.218,,,,0.0,0.0,,0.0,,,,,0.0,0.0,,0.0,,,,,0.0,0.0,,0.0,
Macao,2007,MAC,515336.0,,,,,,0.0,0.0,0.0,,489.51,,,,,0.0,0.0,,0.0,0.0,0.0,0.0,,3.11,1.43,,2.385,0.244,20300.041,,,,2774.889,1.43,,,100.0,,,,,2774.889,1.43,,,0.0,0.0,0.0,100.0,,0.7,,,,0.0,0.0,,0.0,,,,,0.0,0.0,,0.0,,1.68,54.019,,,,0.0,0.0,,0.0,,,,,0.0,0.0,,,0.0,0.0,0.0,0.0,,,0.0,0.0,,,0.0,0.0,,0.0,0.0,,2774.889,10.461,,,,0.0,0.0,,0.0,,,,,0.0,0.0,,0.0,,,,,0.0,0.0,,0.0,
Macao,2008,MAC,529048.0,,,,,,0.0,0.0,0.0,,491.228,,,,,0.0,0.0,,0.0,0.0,0.0,0.0,,3.45,1.14,,-10.971,-1.148,17604.602,,,,2154.814,1.14,,,100.0,,,,,2154.814,1.14,,,0.0,0.0,0.0,100.0,,0.56,,,,0.0,0.0,,0.0,,,,,0.0,0.0,,0.0,,2.31,66.957,,,,0.0,0.0,,0.0,,,,,0.0,0.0,,,0.0,0.0,0.0,0.0,,,0.0,0.0,,,0.0,0.0,,0.0,0.0,,2154.814,9.314,,,,0.0,0.0,,0.0,,,,,0.0,0.0,,0.0,,,,,0.0,0.0,,0.0,
Macao,2009,MAC,543026.0,,,,,,0.0,0.0,0.0,,492.754,,,,,0.0,0.0,,0.0,0.0,0.0,0.0,,3.61,1.38,,6.715,0.625,18303.113,,,,2541.315,1.38,,,100.0,,,,,2541.315,1.38,,,0.0,0.0,0.0,100.0,,0.68,,,,0.0,0.0,,0.0,,,,,0.0,0.0,,0.0,,2.23,61.773,,,,0.0,0.0,,0.0,,,,,0.0,0.0,,,0.0,0.0,0.0,0.0,,,0.0,0.0,,,0.0,0.0,,0.0,0.0,,2541.315,9.939,,,,0.0,0.0,,0.0,,,,,0.0,0.0,,0.0,,,,,0.0,0.0,,0.0,
Macao,2010,MAC,557307.0,,,,,,0.0,0.0,0.0,,485.149,,,,,0.0,0.0,,0.0,0.0,0.0,0.0,,3.8,1.01,,3.178,0.316,18400.9,,,,1812.287,1.01,,,100.0,,,,,1812.287,1.01,,,0.0,0.0,0.0,100.0,,0.49,,,,0.0,0.0,,0.0,,,,,0.0,0.0,,0.0,,2.79,73.421,,,,0.0,0.0,,0.0,,,,,0.0,0.0,,,0.0,0.0,0.0,0.0,,,0.0,0.0,,,0.0,0.0,,0.0,0.0,,1812.287,10.255,,,,0.0,0.0,,0.0,,,,,0.0,0.0,,0.0,,,,,0.0,0.0,,0.0,
Macao,2011,MAC,571014.0,,,,,,0.0,0.0,0.0,,493.976,,,,,0.0,0.0,,0.0,0.0,0.0,0.0,,3.99,0.83,,0.578,0.059,18063.021,,,,1453.555,0.83,,,100.0,,,,,1453.555,0.83,,,0.0,0.0,0.0,100.0,,0.41,,,,0.0,0.0,,0.0,,,,,0.0,0.0,,0.0,,3.16,79.198,,,,0.0,0.0,,0.0,,,,,0.0,0.0,,,0.0,0.0,0.0,0.0,,,0.0,0.0,,,0.0,0.0,,0.0,0.0,,1453.555,10.314,,,,0.0,0.0,,0.0,,,,,0.0,0.0,,0.0,,,,,0.0,0.0,,0.0,
Macao,2012,MAC,582776.0,,,,,,0.0,0.0,0.0,,490.566,,,,,0.0,0.0,,0.0,0.0,0.0,0.0,,4.39,0.53,,0.758,0.078,17832.598,,,,909.44,0.53,,,100.0,,,,,909.44,0.53,,,0.0,0.0,0.0,100.0,,0.26,,,,0.0,0.0,,0.0,,,,,0.0,0.0,,0.0,,3.86,87.927,,,,0.0,0.0,,0.0,,,,,0.0,0.0,,,0.0,0.0,0.0,0.0,,,0.0,0.0,,,0.0,0.0,,0.0,0.0,,909.44,10.392,,,,0.0,0.0,,0.0,,,,,0.0,0.0,,0.0,,,,,0.0,0.0,,0.0,
Macao,2013,MAC,593382.0,,,,,,0.0,0.0,0.0,,487.179,,,,,0.0,0.0,,0.0,0.0,0.0,0.0,,4.45,0.39,,1.413,0.147,17761.412,,,,657.249,0.39,,,100.0,,,,,657.249,0.39,,,0.0,0.0,0.0,100.0,,0.19,,,,0.0,0.0,,0.0,,,,,0.0,0.0,,0.0,,4.06,91.236,,,,0.0,0.0,,0.0,,,,,0.0,0.0,,,0.0,0.0,0.0,0.0,,,0.0,0.0,,,0.0,0.0,,0.0,0.0,,657.249,10.539,,,,0.0,0.0,,0.0,,,,,0.0,0.0,,0.0,,,,,0.0,0.0,,0.0,
Macao,2014,MAC,604163.0,,,,,,0.0,0.0,0.0,,483.333,,,,,0.0,0.0,,0.0,0.0,0.0,0.0,,4.7,0.6,,8.056,0.849,18849.732,,,,993.109,0.6,,,100.0,,,,,993.109,0.6,,,0.0,0.0,0.0,100.0,,0.29,,,,0.0,0.0,,0.0,,,,,0.0,0.0,,0.0,,4.1,87.234,,,,0.0,0.0,,0.0,,,,,0.0,0.0,,,0.0,0.0,0.0,0.0,,,0.0,0.0,,,0.0,0.0,,0.0,0.0,,993.109,11.388,,,,0.0,0.0,,0.0,,,,,0.0,0.0,,0.0,,,,,0.0,0.0,,0.0,
Macao,2015,MAC,615243.0,,,,,,0.0,0.0,0.0,,489.583,,,,,0.0,0.0,,0.0,0.0,0.0,0.0,,5.01,0.96,,13.795,1.571,21063.752,,,,1560.359,0.96,,,100.0,,,,,1560.359,0.96,,,0.0,0.0,0.0,100.0,,0.47,,,,0.0,0.0,,0.0,,,,,0.0,0.0,,0.0,,4.05,80.838,,,,0.0,0.0,,0.0,,,,,0.0,0.0,,,0.0,0.0,0.0,0.0,,,0.0,0.0,,,0.0,0.0,,0.0,0.0,,1560.359,12.959,,,,0.0,0.0,,0.0,,,,,0.0,0.0,,0.0,,,,,0.0,0.0,,0.0,
Macao,2016,MAC,626694.0,,,,,,0.0,0.0,0.0,,494.95,,,,,0.0,0.0,,0.0,0.0,0.0,0.0,,5.3,0.99,,-1.342,-0.174,20401.303,,,,1579.718,0.99,,,100.0,,,,,1579.718,0.99,,,0.0,0.0,0.0,100.0,,0.49,,,,0.0,0.0,,0.0,,,,,0.0,0.0,,0.0,,4.31,81.321,,,,0.0,0.0,,0.0,,,,,0.0,0.0,,,0.0,0.0,0.0,0.0,,,0.0,0.0,,,0.0,0.0,,0.0,0.0,,1579.718,12.785,,,,0.0,0.0,,0.0,,,,,0.0,0.0,,0.0,,,,,0.0,0.0,,0.0,
Macao,2017,MAC,638612.0,,,,,,0.0,0.0,0.0,,489.796,,,,,0.0,0.0,,,,,0.0,,5.42,1.47,,23.16,2.961,24657.23,,,,2301.867,1.47,,,100.0,,,,,2301.867,1.47,,,,,,100.0,,0.72,,,,0.0,0.0,,0.0,,,,,0.0,0.0,,0.0,,3.95,72.878,,,,0.0,0.0,,0.0,,,,,0.0,0.0,,,,,,0.0,,,0.0,0.0,,,0.0,0.0,,0.0,0.0,,2301.867,15.746,,,,0.0,0.0,,0.0,,,,,0.0,0.0,,0.0,,,,,0.0,0.0,,0.0,
Macao,2018,MAC,650996.0,,,,,,0.0,0.0,0.0,,484.848,,,,,0.0,0.0,,,,,0.0,,5.57,0.66,,-5.11,-0.805,22952.039,,,,1013.831,0.66,,,100.0,,,,,1013.831,0.66,,,,,,100.0,,0.32,,,,0.0,0.0,,0.0,,,,,0.0,0.0,,0.0,,4.91,88.151,,,,0.0,0.0,,0.0,,,,,0.0,0.0,,,,,,0.0,,,0.0,0.0,,,0.0,0.0,,0.0,0.0,,1013.831,14.942,,,,0.0,0.0,,0.0,,,,,0.0,0.0,,0.0,,,,,0.0,0.0,,0.0,
Macao,2019,MAC,663660.0,,,,,,0.0,0.0,0.0,,493.976,,,,,0.0,0.0,,,,,0.0,,5.81,0.83,,2.263,0.338,23023.588,,,,1250.64,0.83,,,100.0,,,,,1250.64,0.83,,,,,,100.0,,0.41,,,,0.0,0.0,,0.0,,,,,0.0,0.0,,0.0,,4.98,85.714,,,,0.0,0.0,,0.0,,,,,0.0,0.0,,,,,,0.0,,,0.0,0.0,,,0.0,0.0,,0.0,0.0,,1250.64,15.28,,,,0.0,0.0,,0.0,,,,,0.0,0.0,,0.0,,,,,0.0,0.0,,0.0,
Macao,2020,MAC,676287.0,,,,,,0.0,0.0,0.0,,482.143,,,,,0.0,0.0,,,,,0.0,,5.41,0.56,,-8.607,-1.315,20649.154,,,,828.051,0.56,,,100.0,,,,,828.051,0.56,,,,,,100.0,,0.27,,,,0.0,0.0,,0.0,,,,,0.0,0.0,,0.0,,4.85,89.649,,,,0.0,0.0,,0.0,,,,,0.0,0.0,,,,,,0.0,,,0.0,0.0,,,0.0,0.0,,0.0,0.0,,828.051,13.965,,,,0.0,0.0,,0.0,,,,,0.0,0.0,,0.0,,,,,0.0,0.0,,0.0,
Macao,2021,MAC,686616.0,,,,,,0.0,0.0,0.0,,491.525,,,,,0.0,0.0,,,,,0.0,,5.78,0.59,,5.217,0.729,21399.566,,,,859.287,0.59,,,100.0,,,,,859.287,0.59,,,,,,100.0,,0.29,,,,0.0,0.0,,0.0,,,,,0.0,0.0,,0.0,,5.19,89.792,,,,0.0,0.0,,0.0,,,,,0.0,0.0,,,,,,0.0,,,0.0,0.0,,,0.0,0.0,,0.0,0.0,,859.287,14.693,,,,0.0,0.0,,0.0,,,,,0.0,0.0,,0.0,,,,,0.0,0.0,,0.0,
Madagascar,1900,MDG,2678373.0,,,,,,,,,,,,,,,,,,,0.0,0.0,,,,,,,,,,,,,,,,,,,,,,,,,,,,,,,,,,,,,,,,,,,,,,,,,,,,,,,,,,,,,,,,,,,,,,,,,,,,,,,,,,,,,,,,,,,,,,,,,,,,,,,,,
Madagascar,1901,MDG,2661485.0,,,,,,,,,,,,,,,,,,0.0,0.0,0.0,,,,,,,,,,,,,,,,,,,,,,,,,,,,,,,,,,,,,,,,,,,,,,,,,,,,,,,,,,,,,,,,,,,,,,,,,,,,,,,,,,,,,,,,,,,,,,,,,,,,,,,,,
Madagascar,1902,MDG,2646307.0,,,,,,,,,,,,,,,,,,0.0,0.0,0.0,,,,,,,,,,,,,,,,,,,,,,,,,,,,,,,,,,,,,,,,,,,,,,,,,,,,,,,,,,,,,,,,,,,,,,,,,,,,,,,,,,,,,,,,,,,,,,,,,,,,,,,,,
Madagascar,1903,MDG,2632815.0,,,,,,,,,,,,,,,,,,0.0,0.0,0.0,,,,,,,,,,,,,,,,,,,,,,,,,,,,,,,,,,,,,,,,,,,,,,,,,,,,,,,,,,,,,,,,,,,,,,,,,,,,,,,,,,,,,,,,,,,,,,,,,,,,,,,,,
Madagascar,1904,MDG,2619388.0,,,,,,,,,,,,,,,,,,0.0,0.0,0.0,,,,,,,,,,,,,,,,,,,,,,,,,,,,,,,,,,,,,,,,,,,,,,,,,,,,,,,,,,,,,,,,,,,,,,,,,,,,,,,,,,,,,,,,,,,,,,,,,,,,,,,,,
Madagascar,1905,MDG,2606027.0,,,,,,,,,,,,,,,,,,0.0,0.0,0.0,,,,,,,,,,,,,,,,,,,,,,,,,,,,,,,,,,,,,,,,,,,,,,,,,,,,,,,,,,,,,,,,,,,,,,,,,,,,,,,,,,,,,,,,,,,,,,,,,,,,,,,,,
Madagascar,1906,MDG,2592730.0,,,,,,,,,,,,,,,,,,0.0,0.0,0.0,,,,,,,,,,,,,,,,,,,,,,,,,,,,,,,,,,,,,,,,,,,,,,,,,,,,,,,,,,,,,,,,,,,,,,,,,,,,,,,,,,,,,,,,,,,,,,,,,,,,,,,,,
Madagascar,1907,MDG,2579499.0,,,,,,,,,,,,,,,,,,0.0,0.0,0.0,,,,,,,,,,,,,,,,,,,,,,,,,,,,,,,,,,,,,,,,,,,,,,,,,,,,,,,,,,,,,,,,,,,,,,,,,,,,,,,,,,,,,,,,,,,,,,,,,,,,,,,,,
Madagascar,1908,MDG,2566331.0,,,,,,,,,,,,,,,,,,0.0,0.0,0.0,,,,,,,,,,,,,,,,,,,,,,,,,,,,,,,,,,,,,,,,,,,,,,,,,,,,,,,,,,,,,,,,,,,,,,,,,,,,,,,,,,,,,,,,,,,,,,,,,,,,,,,,,
Madagascar,1909,MDG,2554245.0,,,,,,,,,,,,,,,,,,0.0,0.0,0.0,,,,,,,,,,,,,,,,,,,,,,,,,,,,,,,,,,,,,,,,,,,,,,,,,,,,,,,,,,,,,,,,,,,,,,,,,,,,,,,,,,,,,,,,,,,,,,,,,,,,,,,,,
Madagascar,1910,MDG,2543231.0,,,,,,,,,,,,,,,,,,0.0,0.0,0.0,,,,,,,,,,,,,,,,,,,,,,,,,,,,,,,,,,,,,,,,,,,,,,,,,,,,,,,,,,,,,,,,,,,,,,,,,,,,,,,,,,,,,,,,,,,,,,,,,,,,,,,,,
Madagascar,1911,MDG,2533278.0,,,,,,,,,,,,,,,,,,0.0,0.0,0.0,,,,,,,,,,,,,,,,,,,,,,,,,,,,,,,,,,,,,,,,,,,,,,,,,,,,,,,,,,,,,,,,,,,,,,,,,,,,,,,,,,,,,,,,,,,,,,,,,,,,,,,,,
Madagascar,1912,MDG,2524377.0,,,,,,,,,,,,,,,,,,0.0,0.0,0.0,,,,,,,,,,,,,,,,,,,,,,,,,,,,,,,,,,,,,,,,,,,,,,,,,,,,,,,,,,,,,,,,,,,,,,,,,,,,,,,,,,,,,,,,,,,,,,,,,,,,,,,,,
Madagascar,1913,MDG,2516519.0,,,,,,,,,,,,,,,,,,0.0,0.0,0.0,,,,,,,,,,,,,,,,,,,,,,,,,,,,,,,,,,,,,,,,,,,,,,,,,,,,,,,,,,,,,,,,,,,,,,,,,,,,,,,,,,,,,,,,,,,,,,,,,,,,,,,,,
Madagascar,1914,MDG,2508682.0,,,,,,,,,,,,,,,,,,0.0,0.0,0.0,,,,,,,,,,,,,,,,,,,,,,,,,,,,,,,,,,,,,,,,,,,,,,,,,,,,,,,,,,,,,,,,,,,,,,,,,,,,,,,,,,,,,,,,,,,,,,,,,,,,,,,,,
Madagascar,1915,MDG,2500866.0,,,,,,,,,,,,,,,,,,0.0,0.0,0.0,,,,,,,,,,,,,,,,,,,,,,,,,,,,,,,,,,,,,,,,,,,,,,,,,,,,,,,,,,,,,,,,,,,,,,,,,,,,,,,,,,,,,,,,,,,,,,,,,,,,,,,,,
Madagascar,1916,MDG,2493071.0,,,,,,,,,,,,,,,,,,0.0,0.0,0.0,,,,,,,,,,,,,,,,,,,,,,,,,,,,,,,,,,,,,,,,,,,,,,,,,,,,,,,,,,,,,,,,,,,,,,,,,,,,,,,,,,,,,,,,,,,,,,,,,,,,,,,,,
Madagascar,1917,MDG,2485298.0,,,,,,,,,,,,,,,,,,0.0,0.0,0.0,,,,,,,,,,,,,,,,,,,,,,,,,,,,,,,,,,,,,,,,,,,,,,,,,,,,,,,,,,,,,,,,,,,,,,,,,,,,,,,,,,,,,,,,,,,,,,,,,,,,,,,,,
Madagascar,1918,MDG,2480328.0,,,,,,,,,,,,,,,,,,0.0,0.0,0.0,,,,,,,,,,,,,,,,,,,,,,,,,,,,,,,,,,,,,,,,,,,,,,,,,,,,,,,,,,,,,,,,,,,,,,,,,,,,,,,,,,,,,,,,,,,,,,,,,,,,,,,,,
Madagascar,1919,MDG,2483766.0,,,,,,,,,,,,,,,,,,0.0,0.0,0.0,,,,,,,,,,,,,,,,,,,,,,,,,,,,,,,,,,,,,,,,,,,,,,,,,,,,,,,,,,,,,,,,,,,,,,,,,,,,,,,,,,,,,,,,,,,,,,,,,,,,,,,,,
Madagascar,1920,MDG,2495724.0,,,,,,,,,,,,,,,,,,0.0,0.0,0.0,,,,,,,,,,,,,,,,,,,,,,,,,,,,,,,,,,,,,,,,,,,,,,,,,,,,,,,,,,,,,,,,,,,,,,,,,,,,,,,,,,,,,,,,,,,,,,,,,,,,,,,,,
Madagascar,1921,MDG,2516310.0,,,,,,,,,,,,,,,,,,0.0,0.0,0.0,,,,,,,,,,,,,,,,,,,,,,,,,,,,,,,,,,,,,,,,,,,,,,,,,,,,,,,,,,,,,,,,,,,,,,,,,,,,,,,,,,,,,,,,,,,,,,,,,,,,,,,,,
Madagascar,1922,MDG,2545639.0,,,,,,,,,,,,,,,,,,0.0,0.0,0.0,,,,,,,,,,,,,,,,,,,,,,,,,,,,,,,,,,,,,,,,,,,,,,,,,,,,,,,,,,,,,,,,,,,,,,,,,,,,,,,,,,,,,,,,,,,,,,,,,,,,,,,,,
Madagascar,1923,MDG,2583823.0,,,,,,,,,,,,,,,,,,0.0,0.0,0.0,,,,,,,,,,,,,,,,,,,,,,,,,,,,,,,,,,,,,,,,,,,,,,,,,,,,,,,,,,,,,,,,,,,,,,,,,,,,,,,,,,,,,,,,,,,,,,,,,,,,,,,,,
Madagascar,1924,MDG,2622580.0,,,,,,,,,,,,,,,,,,0.0,0.0,0.0,,,,,,,,,,,,,,,,,,,,,,,,,,,,,,,,,,,,,,,,,,,,,,,,,,,,,,,,,,,,,,,,,,,,,,,,,,,,,,,,,,,,,,,,,,,,,,,,,,,,,,,,,
Madagascar,1925,MDG,2661919.0,,,,,,,,,,,,,,,,,,0.0,0.0,0.0,,,,,,,,,,,,,,,,,,,,,,,,,,,,,,,,,,,,,,,,,,,,,,,,,,,,,,,,,,,,,,,,,,,,,,,,,,,,,,,,,,,,,,,,,,,,,,,,,,,,,,,,,
Madagascar,1926,MDG,2701848.0,,,,,,,,,,,,,,,,,,0.0,0.0,0.0,,,,,,,,,,,,,,,,,,,,,,,,,,,,,,,,,,,,,,,,,,,,,,,,,,,,,,,,,,,,,,,,,,,,,,,,,,,,,,,,,,,,,,,,,,,,,,,,,,,,,,,,,
Madagascar,1927,MDG,2742376.0,,,,,,,,,,,,,,,,,,0.0,0.0,0.0,,,,,,,,,,,,,,,,,,,,,,,,,,,,,,,,,,,,,,,,,,,,,,,,,,,,,,,,,,,,,,,,,,,,,,,,,,,,,,,,,,,,,,,,,,,,,,,,,,,,,,,,,
Madagascar,1928,MDG,2783511.0,,,,,,,,,,,,,,,,,,0.0,0.0,0.0,,,,,,,,,,,,,,,,,,,,,,,,,,,,,,,,,,,,,,,,,,,,,,,,,,,,,,,,,,,,,,,,,,,,,,,,,,,,,,,,,,,,,,,,,,,,,,,,,,,,,,,,,
Madagascar,1929,MDG,2824690.0,,,,,,,,,,,,,,,,,,0.0,0.0,0.0,,,,,,,,,,,,,,,,,,,,,,,,,,,,,,,,,,,,,,,,,,,,,,,,,,,,,,,,,,,,,,,,,,,,,,,,,,,,,,,,,,,,,,,,,,,,,,,,,,,,,,,,,
Madagascar,1930,MDG,2865906.0,,,,,,,,,,,,,,,,,,0.0,0.0,0.0,,,,,,,,,,,,,,,,,,,,,,,,,,,,,,,,,,,,,,,,,,,,,,,,,,,,,,,,,,,,,,,,,,,,,,,,,,,,,,,,,,,,,,,,,,,,,,,,,,,,,,,,,
Madagascar,1931,MDG,2907150.0,,,,,,,,,,,,,,,,,,0.0,0.0,0.0,,,,,,,,,,,,,,,,,,,,,,,,,,,,,,,,,,,,,,,,,,,,,,,,,,,,,,,,,,,,,,,,,,,,,,,,,,,,,,,,,,,,,,,,,,,,,,,,,,,,,,,,,
Madagascar,1932,MDG,2948415.0,,,,,,,,,,,,,,,,,,0.0,0.0,0.0,,,,,,,,,,,,,,,,,,,,,,,,,,,,,,,,,,,,,,,,,,,,,,,,,,,,,,,,,,,,,,,,,,,,,,,,,,,,,,,,,,,,,,,,,,,,,,,,,,,,,,,,,
Madagascar,1933,MDG,2989693.0,,,,,,,,,,,,,,,,,,0.0,0.0,0.0,,,,,,,,,,,,,,,,,,,,,,,,,,,,,,,,,,,,,,,,,,,,,,,,,,,,,,,,,,,,,,,,,,,,,,,,,,,,,,,,,,,,,,,,,,,,,,,,,,,,,,,,,
Madagascar,1934,MDG,3031549.0,,,,,,,,,,,,,,,,,,0.0,0.0,0.0,,,,,,,,,,,,,,,,,,,,,,,,,,,,,,,,,,,,,,,,,,,,,,,,,,,,,,,,,,,,,,,,,,,,,,,,,,,,,,,,,,,,,,,,,,,,,,,,,,,,,,,,,
Madagascar,1935,MDG,3073990.0,,,,,,,,,,,,,,,,,,0.0,0.0,0.0,,,,,,,,,,,,,,,,,,,,,,,,,,,,,,,,,,,,,,,,,,,,,,,,,,,,,,,,,,,,,,,,,,,,,,,,,,,,,,,,,,,,,,,,,,,,,,,,,,,,,,,,,
Madagascar,1936,MDG,3117026.0,,,,,,,,,,,,,,,,,,0.0,0.0,0.0,,,,,,,,,,,,,,,,,,,,,,,,,,,,,,,,,,,,,,,,,,,,,,,,,,,,,,,,,,,,,,,,,,,,,,,,,,,,,,,,,,,,,,,,,,,,,,,,,,,,,,,,,
Madagascar,1937,MDG,3160665.0,,,,,,,,,,,,,,,,,,0.0,0.0,0.0,,,,,,,,,,,,,,,,,,,,,,,,,,,,,,,,,,,,,,,,,,,,,,,,,,,,,,,,,,,,,,,,,,,,,,,,,,,,,,,,,,,,,,,,,,,,,,,,,,,,,,,,,
Madagascar,1938,MDG,3204914.0,,,,,,,,,,,,,,,,,,0.0,0.0,0.0,,,,,,,,,,,,,,,,,,,,,,,,,,,,,,,,,,,,,,,,,,,,,,,,,,,,,,,,,,,,,,,,,,,,,,,,,,,,,,,,,,,,,,,,,,,,,,,,,,,,,,,,,
Madagascar,1939,MDG,3252418.0,,,,,,,,,,,,,,,,,,0.0,0.0,0.0,,,,,,,,,,,,,,,,,,,,,,,,,,,,,,,,,,,,,,,,,,,,,,,,,,,,,,,,,,,,,,,,,,,,,,,,,,,,,,,,,,,,,,,,,,,,,,,,,,,,,,,,,
Madagascar,1940,MDG,3303271.0,,,,,,,,,,,,,,,,,,0.0,0.0,0.0,,,,,,,,,,,,,,,,,,,,,,,,,,,,,,,,,,,,,,,,,,,,,,,,,,,,,,,,,,,,,,,,,,,,,,,,,,,,,,,,,,,,,,,,,,,,,,,,,,,,,,,,,
Madagascar,1941,MDG,3357567.0,,,,,,,,,,,,,,,,,,0.0,0.0,0.0,,,,,,,,,,,,,,,,,,,,,,,,,,,,,,,,,,,,,,,,,,,,,,,,,,,,,,,,,,,,,,,,,,,,,,,,,,,,,,,,,,,,,,,,,,,,,,,,,,,,,,,,,
Madagascar,1942,MDG,3415404.0,,,,,,,,,,,,,,,,,,0.0,0.0,0.0,,,,,,,,,,,,,,,,,,,,,,,,,,,,,,,,,,,,,,,,,,,,,,,,,,,,,,,,,,,,,,,,,,,,,,,,,,,,,,,,,,,,,,,,,,,,,,,,,,,,,,,,,
Madagascar,1943,MDG,3476882.0,,,,,,,,,,,,,,,,,,0.0,0.0,0.0,,,,,,,,,,,,,,,,,,,,,,,,,,,,,,,,,,,,,,,,,,,,,,,,,,,,,,,,,,,,,,,,,,,,,,,,,,,,,,,,,,,,,,,,,,,,,,,,,,,,,,,,,
Madagascar,1944,MDG,3539465.0,,,,,,,,,,,,,,,,,,0.0,0.0,0.0,,,,,,,,,,,,,,,,,,,,,,,,,,,,,,,,,,,,,,,,,,,,,,,,,,,,,,,,,,,,,,,,,,,,,,,,,,,,,,,,,,,,,,,,,,,,,,,,,,,,,,,,,
Madagascar,1945,MDG,3603176.0,,,,,,,,,,,,,,,,,,0.024,6.778,0.024,,,,,,,,,,,,,,,,,,,,,,,,,,,,,,,,,,,,,,,,,,,,,,,,,,,,,,,,,,,,,,,,,,,,,,,,,,,,,,,,,,,,,,,,,,,,,,,,,,,,,,,,,
Madagascar,1946,MDG,3668033.0,,,,,,,,,,,,,,,,,-100.0,-0.024,0.0,0.0,,,,,,,,,,,,,,,,,,,,,,,,,,,,,,,,,,,,,,,,,,,,,,,,,,,,,,,,,,,,,,,,,,,,,,,,,,,,,,,,,,,,,,,,,,,,,,,,,,,,,,,,,
Madagascar,1947,MDG,3734058.0,,,,,,,,,,,,,,,,,,0.0,0.0,0.0,,,,,,,,,,,,,,,,,,,,,,,,,,,,,,,,,,,,,,,,,,,,,,,,,,,,,,,,,,,,,,,,,,,,,,,,,,,,,,,,,,,,,,,,,,,,,,,,,,,,,,,,,
Madagascar,1948,MDG,3801271.0,,,,,,,,,,,,,,,,,,0.0,0.0,0.0,,,,,,,,,,,,,,,,,,,,,,,,,,,,,,,,,,,,,,,,,,,,,,,,,,,,,,,,,,,,,,,,,,,,,,,,,,,,,,,,,,,,,,,,,,,,,,,,,,,,,,,,,
Madagascar,1949,MDG,3874476.0,,,,,,,,,,,,,,,,,,0.0,0.0,0.0,,,,,,,,,,,,,,,,,,,,,,,,,,,,,,,,,,,,,,,,,,,,,,,,,,,,,,,,,,,,,,,,,,,,,,,,,,,,,,,,,,,,,,,,,,,,,,,,,,,,,,,,,
Madagascar,1950,MDG,3953898.0,7004582400.0,,,,,,,,,,,,,,,,,0.016,4.118,0.016,,,,,,,,,,,,,,,,,,,,,,,,,,,,,,,,,,,,,,,,,,,,,,,,,,,,,,,,,,,,,,,,,,,,,,,,,,,,,,,,,,,,,,,,,,,,,,,,,,,,,,,,,
Madagascar,1951,MDG,4050689.0,7264858112.0,,,,,,,,,,,,,,,,150.0,0.024,10.049,0.041,,,,,,,,,,,,,,,,,,,,,,,,,,,,,,,,,,,,,,,,,,,,,,,,,,,,,,,,,,,,,,,,,,,,,,,,,,,,,,,,,,,,,,,,,,,,,,,,,,,,,,,,,
Madagascar,1952,MDG,4149959.0,7530163712.0,,,,,,,,,,,,,,,,-20.0,-0.008,7.847,0.033,,,,,,,,,,,,,,,,,,,,,,,,,,,,,,,,,,,,,,,,,,,,,,,,,,,,,,,,,,,,,,,,,,,,,,,,,,,,,,,,,,,,,,,,,,,,,,,,,,,,,,,,,
Madagascar,1953,MDG,4252322.0,7805707264.0,,,,,,,,,,,,,,,,25.0,0.008,9.572,0.041,,,,,,,,,,,,,,,,,,,,,,,,,,,,,,,,,,,,,,,,,,,,,,,,,,,,,,,,,,,,,,,,,,,,,,,,,,,,,,,,,,,,,,,,,,,,,,,,,,,,,,,,,
Madagascar,1954,MDG,4358099.0,8091949056.0,,,,,,,,,,,,,,,,-80.0,-0.033,1.868,0.008,,,,,,,,,,,,,,,,,,,,,,,,,,,,,,,,,,,,,,,,,,,,,,,,,,,,,,,,,,,,,,,,,,,,,,,,,,,,,,,,,,,,,,,,,,,,,,,,,,,,,,,,,
Madagascar,1955,MDG,4467594.0,8389455872.0,,,,,,,,,,,,,,,,-100.0,-0.008,0.0,0.0,,,,,,,,,,,,,,,,,,,,,,,,,,,,,,,,,,,,,,,,,,,,,,,,,,,,,,,,,,,,,,,,,,,,,,,,,,,,,,,,,,,,,,,,,,,,,,,,,,,,,,,,,
Madagascar,1956,MDG,4580879.0,8698908672.0,,,,,,,,,,,,,,,,,0.0,0.0,0.0,,,,,,,,,,,,,,,,,,,,,,,,,,,,,,,,,,,,,,,,,,,,,,,,,,,,,,,,,,,,,,,,,,,,,,,,,,,,,,,,,,,,,,,,,,,,,,,,,,,,,,,,,
Madagascar,1957,MDG,4698045.0,9021302784.0,,,,,,,,,,,,,,,,,0.008,1.733,0.008,,,,,,,,,,,,,,,,,,,,,,,,,,,,,,,,,,,,,,,,,,,,,,,,,,,,,,,,,,,,,,,,,,,,,,,,,,,,,,,,,,,,,,,,,,,,,,,,,,,,,,,,,
Madagascar,1958,MDG,4819238.0,9356975104.0,,,,,,,,,,,,,,,,-100.0,-0.008,0.0,0.0,,,,,,,,,,,,,,,,,,,,,,,,,,,,,,,,,,,,,,,,,,,,,,,,,,,,,,,,,,,,,,,,,,,,,,,,,,,,,,,,,,,,,,,,,,,,,,,,,,,,,,,,,
Madagascar,1959,MDG,4944331.0,9701159936.0,,,,,,,,,,,,,,,,,0.0,0.0,0.0,,,,,,,,,,,,,,,,,,,,,,,,,,,,,,,,,,,,,,,,,,,,,,,,,,,,,,,,,,,,,,,,,,,,,,,,,,,,,,,,,,,,,,,,,,,,,,,,,,,,,,,,,
Madagascar,1960,MDG,5073347.0,9828725760.0,,,,,,,,,,,,,,,,,0.0,0.0,0.0,,,,,,,,,,,,,,,,,,,,,,,,,,,,,,,,,,,,,,,,,,,,,,,,,,,,,,,,,,,,,,,,,,,,,,,,,,,,,,,,,,,,,,,,,,,,,,,,,,,,,,,,,
Madagascar,1961,MDG,5206249.0,10034249728.0,,,,,,,,,,,,,,,,,0.0,0.0,0.0,,,,,,,,,,,,,,,,,,,,,,,,,,,,,,,,,,,,,,,,,,,,,,,,,,,,,,,,,,,,,,,,,,,,,,,,,,,,,,,,,,,,,,,,,,,,,,,,,,,,,,,,,
Madagascar,1962,MDG,5343120.0,10265982976.0,,,,,,,,,,,,,,,,,0.0,0.0,0.0,,,,,,,,,,,,,,,,,,,,,,,,,,,,,,,,,,,,,,,,,,,,,,,,,,,,,,,,,,,,,,,,,,,,,,,,,,,,,,,,,,,,,,,,,,,,,,,,,,,,,,,,,
Madagascar,1963,MDG,5484253.0,10169563136.0,,,,,,,,,,,,,,,,,0.016,2.969,0.016,,,,,,,,,,,,,,,,,,,,,,,,,,,,,,,,,,,,,,,,,,,,,,,,,,,,,,,,,,,,,,,,,,,,,,,,,,,,,,,,,,,,,,,,,,,,,,,,,,,,,,,,,
Madagascar,1964,MDG,5630035.0,10573920256.0,,,,,,,,,,,,,,,,-100.0,-0.016,0.0,0.0,,,,,,,,,,,,,,,,,,,,,,,,,,,,,,,,,,,,,,,,,,,,,,,,,,,,,,,,,,,,,,,,,,,,,,,,,,,,,,,,,,,,,,,,,,,,,,,,,,,,,,,,,
Madagascar,1965,MDG,5780461.0,10525386752.0,,,,,,,,,,,,,,,,,0.016,2.817,0.016,,,,,,,,,,,,,,,,,,,,,,,,,,,,,,,,,,,,,,,,,,,,,,,,,,,,,,,,,,,,,,,,,,,,,,,,,,,,,,,,,,,,,,,,,,,,,,,,,,,,,,,,,
Madagascar,1966,MDG,5936462.0,10744599552.0,,,,,,,,,,,,,,,,-100.0,-0.016,0.0,0.0,,,,,,,,,,,,,,,,,,,,,,,,,,,,,,,,,,,,,,,,,,,,,,,,,,,,,,,,,,,,,,,,,,,,,,,,,,,,,,,,,,,,,,,,,,,,,,,,,,,,,,,,,
Madagascar,1967,MDG,6099529.0,11338855424.0,,,,,,,,,,,,,,,,,0.016,2.669,0.016,,,,,,,,,,,,,,,,,,,,,,,,,,,,,,,,,,,,,,,,,,,,,,,,,,,,,,,,,,,,,,,,,,,,,,,,,,,,,,,,,,,,,,,,,,,,,,,,,,,,,,,,,
Madagascar,1968,MDG,6270533.0,12111318016.0,,,,,,,,,,,,,,,,-100.0,-0.016,0.0,0.0,,,,,,,,,,,,,,,,,,,,,,,,,,,,,,,,,,,,,,,,,,,,,,,,,,,,,,,,,,,,,,,,,,,,,,,,,,,,,,,,,,,,,,,,,,,,,,,,,,,,,,,,,
Madagascar,1969,MDG,6450330.0,12570159104.0,,,,,,,,,,,,,,,,,0.0,0.0,0.0,,,,,,,,,,,,,,,,,,,,,,,,,,,,,,,,,,,,,,,,,,,,,,,,,,,,,,,,,,,,,,,,,,,,,,,,,,,,,,,,,,,,,,,,,,,,,,,,,,,,,,,,,
Madagascar,1970,MDG,6639750.0,13220068352.0,,,,,,,,,,,,,,,,,0.0,0.0,0.0,,,,,,,,,,,,,,,,,,,,,,,,,,,,,,,,,,,,,,,,,,,,,,,,,,,,,,,,,,,,,,,,,,,,,,,,,,,,,,,,,,,,,,,,,,,,,,,,,,,,,,,,,
Madagascar,1971,MDG,6840461.0,13744101376.0,,,,,,,,,,,,,,,,,0.0,0.0,0.0,,,,,,,,,,,,,,,,,,,,,,,,,,,,,,,,,,,,,,,,,,,,,,,,,,,,,,,,,,,,,,,,,,,,,,,,,,,,,,,,,,,,,,,,,,,,,,,,,,,,,,,,,
Madagascar,1972,MDG,7051096.0,13569936384.0,,,,,,,,,,,,,,,,,0.0,0.0,0.0,,,,,,,,,,,,,,,,,,,,,,,,,,,,,,,,,,,,,,,,,,,,,,,,,,,,,,,,,,,,,,,,,,,,,,,,,,,,,,,,,,,,,,,,,,,,,,,,,,,,,,,,,
Madagascar,1973,MDG,7268563.0,13224829952.0,,,,,,,,,,,,,,,,,0.0,0.0,0.0,,,,,,,,,,,,,,,,,,,,,,,,,,,,,,,,,,,,,,,,,,,,,,,,,,,,,,,,,,,,,,,,,,,,,,,,,,,,,,,,,,,,,,,,,,,,,,,,,,,,,,,,,
Madagascar,1974,MDG,7491937.0,13481208832.0,,,,,,,,,,,,,,,,,0.0,0.0,0.0,,,,,,,,,,,,,,,,,,,,,,,,,,,,,,,,,,,,,,,,,,,,,,,,,,,,,,,,,,,,,,,,,,,,,,,,,,,,,,,,,,,,,,,,,,,,,,,,,,,,,,,,,
Madagascar,1975,MDG,7720864.0,13648802816.0,,,,,,,,,,,,,,,,,0.0,0.0,0.0,,,,,,,,,,,,,,,,,,,,,,,,,,,,,,,,,,,,,,,,,,,,,,,,,,,,,,,,,,,,,,,,,,,,,,,,,,,,,,,,,,,,,,,,,,,,,,,,,,,,,,,,,
Madagascar,1976,MDG,7955196.0,13225735168.0,,,,,,,,,,,,,,,,,0.0,0.0,0.0,,,,,,,,,,,,,,,,,,,,,,,,,,,,,,,,,,,,,,,,,,,,,,,,,,,,,,,,,,,,,,,,,,,,,,,,,,,,,,,,,,,,,,,,,,,,,,,,,,,,,,,,,
Madagascar,1977,MDG,8195146.0,13547776000.0,,,,,,,,,,,,,,,,,0.0,0.0,0.0,,,,,,,,,,,,,,,,,,,,,,,,,,,,,,,,,,,,,,,,,,,,,,,,,,,,,,,,,,,,,,,,,,,,,,,,,,,,,,,,,,,,,,,,,,,,,,,,,,,,,,,,,
Madagascar,1978,MDG,8440924.0,13191752704.0,,,,,,,,,,,,,,,,,0.0,0.0,0.0,,,,,,,,,,,,,,,,,,,,,,,,,,,,,,,,,,,,,,,,,,,,,,,,,,,,,,,,,,,,,,,,,,,,,,,,,,,,,,,,,,,,,,,,,,,,,,,,,,,,,,,,,
Madagascar,1979,MDG,8692290.0,14488666112.0,,,,,,,,,,,,,,,,,0.0,0.0,0.0,,,,,,,,,,,,,,,,,,,,,,,,,,,,,,,,,,,,,,,,,,,,,,,,,,,,,,,,,,,,,,,,,,,,,,,,,,,,,,,,,,,,,,,,,,,,,,,,,,,,,,,,,
Madagascar,1980,MDG,8948166.0,14601291776.0,,,,,,,,,,,,,,,,,0.0,0.0,0.0,,,,,,,,616.388,0.378,,,,,,,,,,,,,,,,,0.0,0.0,,,,,,,,,,,,,,,,,,,,,,,,,,,,,,,,,,,,,,0.0,0.0,,,,,,,,,,,,,,,5.516,,,,,,,,,,,,,,,,,,,,,,,,
Madagascar,1981,MDG,9207319.0,13336635392.0,,,,,,,,,,,,,,,,,0.0,0.0,0.0,,,,,,-10.919,-0.602,533.629,0.368,,,,,,,,,,,,,,,,0.0,0.0,0.0,,,,,,,,,,,,,,,,,,,,,,,,,,,,,,,,,,,,,0.0,0.0,0.0,,,,,,,,,,,,,,,4.913,,,,,,,,,,,,,,,,,,,,,,,,
Madagascar,1982,MDG,9470993.0,13085727744.0,,,,,,,,,,,,,,,,,0.0,0.0,0.0,,,,,,-8.076,-0.397,476.878,0.345,,,,,,,,,,,,,,,,0.0,0.0,0.0,,,,,,,,,,,,,,,,,,,,,,,,,,,,,,,,,,,,,0.0,0.0,0.0,,,,,,,,,,,,,,,4.517,,,,,,,,,,,,,,,,,,,,,,,,
Madagascar,1983,MDG,9740092.0,13200908288.0,,,,,,,,,,,,,,,,,0.0,0.0,0.0,,,,,,28.853,1.303,597.495,0.441,,,,,,,,,,,,,,,,0.0,0.0,0.0,,,,,,,,,,,,,,,,,,,,,,,,,,,,,,,,,,,,,0.0,0.0,0.0,,,,,,,,,,,,,,,5.82,,,,,,,,,,,,,,,,,,,,,,,,
Madagascar,1984,MDG,10015022.0,12711398400.0,,,,,,,,,,,,,,,,,0.0,0.0,0.0,,,,,,0.03,0.002,581.265,0.458,,,,,,,,,,,,,,,,0.0,0.0,0.0,,,,,,,,,,,,,,,,,,,,,,,,,,,,,,,,,,,,,0.0,0.0,0.0,,,,,,,,,,,,,,,5.821,,,,,,,,,,,,,,,,,,,,,,,,
Madagascar,1985,MDG,10297741.0,12997106688.0,,,,,,,,,,,,,,,,,0.0,0.0,0.0,,,,,,6.004,0.349,599.246,0.475,,,,,,,,,,,,,,,,0.0,0.0,0.0,,,,,,,,,,,,,,,,,,,,,,,,,,,,,,,,,,,,,0.0,0.0,0.0,,,,,,,,,,,,,,,6.171,,,,,,,,,,,,,,,,,,,,,,,,
Madagascar,1986,MDG,10588432.0,13084804096.0,,,,,,,,,,,,,,,,,0.0,0.0,0.0,,,,,,-29.078,-1.794,413.327,0.334,,,,,,,,,,,,,,,,0.0,0.0,0.0,,,,,,,,,,,,,,,,,,,,,,,,,,,,,,,,,,,,,0.0,0.0,0.0,,,,,,,,,,,,,,,4.376,,,,,,,,,,,,,,,,,,,,,,,,
Madagascar,1987,MDG,10890521.0,13381197824.0,,,,,,,,,,,,,,,,,0.0,0.0,0.0,,,,,,38.505,1.685,556.598,0.453,,,,,,,,,,,,,,,,0.0,0.0,0.0,,,,,,,,,,,,,,,,,,,,,,,,,,,,,,,,,,,,,0.0,0.0,0.0,,,,,,,,,,,,,,,6.062,,,,,,,,,,,,,,,,,,,,,,,,
Madagascar,1988,MDG,11206792.0,13587105792.0,,,,,,,,,,,,,,,,,0.0,0.0,0.0,,,,,,8.937,0.542,589.228,0.486,,,,,,,,,,,,,,,,0.0,0.0,0.0,,,,,,,,,,,,,,,,,,,,,,,,,,,,,,,,,,,,,0.0,0.0,0.0,,,,,,,,,,,,,,,6.603,,,,,,,,,,,,,,,,,,,,,,,,
Madagascar,1989,MDG,11536740.0,14122743808.0,,,,,,,,,,,,,,,,,0.0,0.0,0.0,,,,,,-24.925,-1.646,429.709,0.351,,,,,,,,,,,,,,,,0.0,0.0,0.0,,,,,,,,,,,,,,,,,,,,,,,,,,,,,,,,,,,,,0.0,0.0,0.0,,,,,,,,,,,,,,,4.957,,,,,,,,,,,,,,,,,,,,,,,,
Madagascar,1990,MDG,11882763.0,14680679424.0,,,,,,,,,,,,,,,,,0.0,0.0,0.0,,,,,,-1.218,-0.06,412.116,0.334,,,,,,,,,,,,,,,,0.0,0.0,0.0,,,,,,,,,,,,,,,,,,,,,,,,,,,,,,,,,,,,,0.0,0.0,0.0,,,,,,,,,,,,,,,4.897,,,,,,,,,,,,,,,,,,,,,,,,
Madagascar,1991,MDG,12245266.0,13914944512.0,,,,,,,,,,,,,,,,,0.0,0.0,0.0,,,,,,3.595,0.176,414.293,0.365,,,,,,,,,,,,,,,,0.0,0.0,0.0,,,,,,,,,,,,,,,,,,,,,,,,,,,,,,,,,,,,,0.0,0.0,0.0,,,,,,,,,,,,,,,5.073,,,,,,,,,,,,,,,,,,,,,,,,
Madagascar,1992,MDG,12623342.0,14242879488.0,,,,,,,,,,,,,,,,,0.0,0.0,0.0,,,,,,8.237,0.418,434.989,0.386,,,,,,,,,,,,,,,,0.0,0.0,0.0,,,,,,,,,,,,,,,,,,,,,,,,,,,,,,,,,,,,,0.0,0.0,0.0,,,,,,,,,,,,,,,5.491,,,,,,,,,,,,,,,,,,,,,,,,
Madagascar,1993,MDG,13020110.0,14700457984.0,,,,,,,,,,,,,,,,,0.0,0.0,0.0,,,,,,1.089,0.06,426.326,0.378,,,,,,,,,,,,,,,,0.0,0.0,0.0,,,,,,,,,,,,,,,,,,,,,,,,,,,,,,,,,,,,,0.0,0.0,0.0,,,,,,,,,,,,,,,5.551,,,,,,,,,,,,,,,,,,,,,,,,
Madagascar,1994,MDG,13436125.0,14863616000.0,,,,,,,,,,,,,,,,,0.0,0.0,0.0,,,,,,8.719,0.484,449.147,0.406,,,,,,,,,,,,,,,,0.0,0.0,0.0,,,,,,,,,,,,,,,,,,,,,,,,,,,,,,,,,,,,,0.0,0.0,0.0,,,,,,,,,,,,,,,6.035,,,,,,,,,,,,,,,,,,,,,,,,
Madagascar,1995,MDG,13869136.0,15289518080.0,,,,,,,,,,,,,,,,,0.0,0.0,0.0,,,,,,4.939,0.298,456.614,0.414,,,,,,,,,,,,,,,,0.0,0.0,0.0,,,,,,,,,,,,,,,,,,,,,,,,,,,,,,,,,,,,,0.0,0.0,0.0,,,,,,,,,,,,,,,6.333,,,,,,,,,,,,,,,,,,,,,,,,
Madagascar,1996,MDG,14317462.0,15795872768.0,,,,,,,,,,,,,,,,,0.0,0.0,0.0,,,,,,2.839,0.18,454.874,0.412,,,,,,,,,,,,,,,,0.0,0.0,0.0,,,,,,,,,,,,,,,,,,,,,,,,,,,,,,,,,,,,,0.0,0.0,0.0,,,,,,,,,,,,,,,6.513,,,,,,,,,,,,,,,,,,,,,,,,
Madagascar,1997,MDG,14778913.0,16564064256.0,,,,,,,,,,,,,,,,,0.0,0.0,0.0,,,,,,2.32,0.151,450.897,0.402,,,,,,,,,,,,,,,,0.0,0.0,0.0,,,,,,,,,,,,,,,,,,,,,,,,,,,,,,,,,,,,,0.0,0.0,0.0,,,,,,,,,,,,,,,6.664,,,,,,,,,,,,,,,,,,,,,,,,
Madagascar,1998,MDG,15250936.0,17398032384.0,,,,,,,,,,,,,,,,,0.0,0.0,0.0,,,,,,1.589,0.106,443.885,0.389,,,,,,,,,,,,,,,,0.0,0.0,0.0,,,,,,,,,,,,,,,,,,,,,,,,,,,,,,,,,,,,,0.0,0.0,0.0,,,,,,,,,,,,,,,6.77,,,,,,,,,,,,,,,,,,,,,,,,
Madagascar,1999,MDG,15730885.0,18421676032.0,,,,,,,,,,,,,,,,,0.0,0.0,0.0,,,,,,0.252,0.017,431.427,0.368,,,,,,,,,,,,,,,,0.0,0.0,0.0,,,,,,,,,,,,,,,,,,,,,,,,,,,,,,,,,,,,,0.0,0.0,0.0,,,,,,,,,,,,,,,6.787,,,,,,,,,,,,,,,,,,,,,,,,
Madagascar,2000,MDG,16216432.0,19464169472.0,,,,,0.0,0.0,0.0,,230.769,,,,,0.0,0.0,,0.0,0.0,0.0,0.0,,0.78,0.78,,41.263,2.8,591.201,0.493,,,14.8,0.24,,,30.769,,,,,0.0,0.0,,,0.0,0.0,0.0,0.0,,0.18,,,,33.3,0.54,,69.231,,,,,33.3,0.54,,69.231,,0.0,0.0,,,,0.0,0.0,,0.0,,,,,14.8,0.24,,,0.0,0.0,0.0,30.769,,,0.0,0.0,,,0.0,0.0,,0.0,0.0,,48.099,9.587,,,,33.3,0.54,,69.231,,,,,0.0,0.0,,0.0,,,,,0.0,0.0,,0.0,
Madagascar,2001,MDG,16709664.0,20859228160.0,,,,,0.0,0.0,0.0,,292.135,,,,,0.0,0.0,,0.0,0.0,0.0,0.0,,0.89,0.89,,-1.867,-0.179,563.039,0.451,,,21.544,0.36,,,40.449,,,,,0.0,0.0,,,0.0,0.0,0.0,0.0,,0.26,,,,31.718,0.53,,59.551,,,,,31.718,0.53,,59.551,,0.0,0.0,,,,0.0,0.0,,0.0,,,,,21.544,0.36,,,0.0,0.0,0.0,40.449,,,0.0,0.0,,,0.0,0.0,,0.0,0.0,,53.263,9.408,,,,31.718,0.53,,59.551,,,,,0.0,0.0,,0.0,,,,,0.0,0.0,,0.0,
Madagascar,2002,MDG,17211938.0,18482849792.0,,,,,0.0,0.0,0.0,,275.862,,,,,0.0,0.0,,0.0,0.0,0.0,0.0,,0.87,0.87,,-22.754,-2.141,422.233,0.393,,,19.173,0.33,,,37.931,,,,,0.0,0.0,,,0.0,0.0,0.0,0.0,,0.24,,,,31.374,0.54,,62.069,,,,,31.374,0.54,,62.069,,0.0,0.0,,,,0.0,0.0,,0.0,,,,,19.173,0.33,,,0.0,0.0,0.0,37.931,,,0.0,0.0,,,0.0,0.0,,0.0,0.0,,50.546,7.267,,,,31.374,0.54,,62.069,,,,,0.0,0.0,,0.0,,,,,0.0,0.0,,0.0,
Madagascar,2003,MDG,17724310.0,20521011200.0,,,,,0.0,0.0,0.0,,282.828,,,,,0.0,0.0,,0.0,0.0,0.0,0.0,,0.99,0.99,,27.984,2.034,524.767,0.453,,,22.004,0.39,,,39.394,,,,,0.0,0.0,,,0.0,0.0,0.0,0.0,,0.28,,,,33.852,0.6,,60.606,,,,,33.852,0.6,,60.606,,0.0,0.0,,,,0.0,0.0,,0.0,,,,,22.004,0.39,,,0.0,0.0,0.0,39.394,,,0.0,0.0,,,0.0,0.0,,0.0,0.0,,55.855,9.301,,,,33.852,0.6,,60.606,,,,,0.0,0.0,,0.0,,,,,0.0,0.0,,0.0,
Madagascar,2004,MDG,18250776.0,21848336384.0,,,,,0.0,0.0,0.0,,318.182,,,,,0.0,0.0,,0.0,0.0,0.0,0.0,,1.1,1.1,,8.766,0.815,554.304,0.463,,,25.752,0.47,,,42.727,,,,,0.0,0.0,,,0.0,0.0,0.0,0.0,,0.35,,,,34.519,0.63,,57.273,,,,,34.519,0.63,,57.273,,0.0,0.0,,,,0.0,0.0,,0.0,,,,,25.752,0.47,,,0.0,0.0,0.0,42.727,,,0.0,0.0,,,0.0,0.0,,0.0,0.0,,60.271,10.116,,,,34.519,0.63,,57.273,,,,,0.0,0.0,,0.0,,,,,0.0,0.0,,0.0,
Madagascar,2005,MDG,18792174.0,23144978432.0,,,,,0.0,0.0,0.0,,315.315,,,,,0.0,0.0,,0.0,0.0,0.0,0.0,,1.11,1.11,,-3.22,-0.326,520.999,0.423,,,25.01,0.47,,,42.342,,,,,0.0,0.0,,,0.0,0.0,0.0,0.0,,0.35,,,,34.057,0.64,,57.658,,,,,34.057,0.64,,57.658,,0.0,0.0,,,,0.0,0.0,,0.0,,,,,25.01,0.47,,,0.0,0.0,0.0,42.342,,,0.0,0.0,,,0.0,0.0,,0.0,0.0,,59.067,9.791,,,,34.057,0.64,,57.658,,,,,0.0,0.0,,0.0,,,,,0.0,0.0,,0.0,
Madagascar,2006,MDG,19350302.0,24668766208.0,,,,,0.0,0.0,0.0,,327.434,,,,,0.0,0.0,,0.0,0.0,0.0,0.0,,1.13,1.13,,-1.521,-0.149,498.275,0.391,,,25.839,0.5,,,44.248,,,,,0.0,0.0,,,0.0,0.0,0.0,0.0,,0.37,,,,32.558,0.63,,55.752,,,,,32.558,0.63,,55.752,,0.0,0.0,,,,0.0,0.0,,0.0,,,,,25.839,0.5,,,0.0,0.0,0.0,44.248,,,0.0,0.0,,,0.0,0.0,,0.0,0.0,,58.397,9.642,,,,32.558,0.63,,55.752,,,,,0.0,0.0,,0.0,,,,,0.0,0.0,,0.0,
Madagascar,2007,MDG,19924960.0,26556518400.0,,,,,0.0,0.0,0.0,,296.61,,,,,0.0,0.0,,0.0,0.0,0.0,0.0,,1.18,1.18,,6.724,0.648,516.442,0.387,,,23.589,0.47,,,39.831,,,,,0.0,0.0,,,0.0,0.0,0.0,0.0,,0.35,,,,35.634,0.71,,60.169,,,,,35.634,0.71,,60.169,,0.0,0.0,,,,0.0,0.0,,0.0,,,,,23.589,0.47,,,0.0,0.0,0.0,39.831,,,0.0,0.0,,,0.0,0.0,,0.0,0.0,,59.222,10.29,,,,35.634,0.71,,60.169,,,,,0.0,0.0,,0.0,,,,,0.0,0.0,,0.0,
Madagascar,2008,MDG,20513594.0,28779950080.0,,,,,0.0,0.0,0.0,,325.203,,,,,0.0,0.0,,0.0,0.0,0.0,0.0,,1.23,1.23,,5.95,0.612,531.468,0.379,,,26.324,0.54,,,43.902,,,,,0.0,0.0,,,0.0,0.0,0.0,0.0,,0.4,,,,33.636,0.69,,56.098,,,,,33.636,0.69,,56.098,,0.0,0.0,,,,0.0,0.0,,0.0,,,,,26.324,0.54,,,0.0,0.0,0.0,43.902,,,0.0,0.0,,,0.0,0.0,,0.0,0.0,,59.96,10.902,,,,33.636,0.69,,56.098,,,,,0.0,0.0,,0.0,,,,,0.0,0.0,,0.0,
Madagascar,2009,MDG,21117092.0,27740018688.0,,,,,0.0,0.0,0.0,,300.813,,,,,0.0,0.0,,0.0,0.0,0.0,0.0,,1.23,1.23,,-11.771,-1.283,455.507,0.347,,,23.678,0.5,,,40.65,,,,,0.0,0.0,,,0.0,0.0,0.0,0.0,,0.37,,,,34.569,0.73,,59.35,,,,,34.569,0.73,,59.35,,0.0,0.0,,,,0.0,0.0,,0.0,,,,,23.678,0.5,,,0.0,0.0,0.0,40.65,,,0.0,0.0,,,0.0,0.0,,0.0,0.0,,58.247,9.619,,,,34.569,0.73,,59.35,,,,,0.0,0.0,,0.0,,,,,0.0,0.0,,0.0,
Madagascar,2010,MDG,21731052.0,28135004160.0,,,,,0.0,0.0,0.0,,340.909,,,,,0.0,0.0,,0.0,0.0,0.0,0.0,,1.32,1.32,,6.012,0.578,469.251,0.362,,,28.531,0.62,,,46.97,,,,,0.0,0.0,,,0.0,0.0,0.0,0.0,,0.45,,,,32.212,0.7,,53.03,,,,,32.212,0.7,,53.03,,0.0,0.0,,,,0.0,0.0,,0.0,,,,,28.531,0.62,,,0.0,0.0,0.0,46.97,,,0.0,0.0,,,0.0,0.0,,0.0,0.0,,60.743,10.197,,,,32.212,0.7,,53.03,,,,,0.0,0.0,,0.0,,,,,0.0,0.0,,0.0,
Madagascar,2011,MDG,22348158.0,28854022144.0,,,,,0.0,0.0,0.0,,373.134,,,,,7.159,0.16,,0.0,0.0,0.0,11.94,,1.34,1.34,,12.07,1.231,511.37,0.396,,,29.533,0.66,,,49.254,,,,,0.0,0.0,,,0.0,0.0,0.0,0.0,,0.5,,,,30.428,0.68,,50.746,,,,,30.428,0.68,,50.746,,0.0,0.0,,,,0.0,0.0,,0.0,,,,,22.373,0.5,,,0.0,0.0,0.0,37.313,,,0.0,0.0,,,0.0,0.0,,0.0,0.0,,59.96,11.428,,,,30.428,0.68,,50.746,,,,,0.0,0.0,,0.0,,,,,0.0,0.0,,0.0,
Madagascar,2012,MDG,22966242.0,29729054720.0,,,,,0.0,0.0,0.0,,417.647,,,,,10.015,0.23,,0.0,0.0,0.0,13.529,,1.7,1.7,,18.104,2.069,587.695,0.454,,,41.365,0.95,,,55.882,,,,,0.0,0.0,,,0.0,0.0,0.0,0.0,,0.71,,,,32.657,0.75,,44.118,,,,,32.657,0.75,,44.118,,0.0,0.0,,,,0.0,0.0,,0.0,,,,,31.35,0.72,,,0.0,0.0,0.0,42.353,,,0.0,0.0,,,0.0,0.0,,0.0,0.0,,74.022,13.497,,,,32.657,0.75,,44.118,,,,,0.0,0.0,,0.0,,,,,0.0,0.0,,0.0,
Madagascar,2013,MDG,23588078.0,30395787264.0,,,,,0.0,0.0,0.0,,421.622,,,,,10.599,0.25,,0.0,0.0,0.0,13.514,,1.85,1.85,,4.909,0.663,600.29,0.466,,,44.09,1.04,,,56.216,,,,,0.0,0.0,,,0.0,0.0,0.0,0.0,,0.78,,,,33.915,0.8,,43.243,,,,,34.339,0.81,,43.784,,0.0,0.0,,,,0.0,0.0,,0.0,,,,,33.491,0.79,,,0.0,0.0,0.0,42.703,,,0.0,0.0,,,0.0,0.0,,0.0,0.0,,78.429,14.16,,,,34.339,0.81,,43.784,,,,,0.424,0.01,,0.541,,,,,0.0,0.0,,0.0,
Madagascar,2014,MDG,24215980.0,31415408640.0,,,,,0.0,0.0,0.0,,411.168,,,,,10.324,0.25,,0.0,0.0,0.0,12.69,,1.97,1.97,,8.602,1.218,635.025,0.489,,,44.599,1.08,,,54.822,,,,,0.0,0.0,,,0.0,0.0,0.0,0.0,,0.81,,,,36.34,0.88,,44.67,,,,,36.753,0.89,,45.178,,0.0,0.0,,,,0.0,0.0,,0.0,,,,,34.275,0.83,,,0.0,0.0,0.0,42.132,,,0.0,0.0,,,0.0,0.0,,0.0,0.0,,81.351,15.378,,,,36.753,0.89,,45.178,,,,,0.413,0.01,,0.508,,,,,0.0,0.0,,0.0,
Madagascar,2015,MDG,24850912.0,32385245184.0,,,,,0.0,0.0,0.0,,402.913,,,,,10.462,0.26,,0.0,0.0,0.0,12.621,,2.06,2.06,,9.363,1.44,676.742,0.519,,,44.666,1.11,,,53.883,,,,,0.0,0.0,,,0.0,0.0,0.0,0.0,,0.83,,,,37.423,0.93,,45.146,,,,,38.228,0.95,,46.117,,0.0,0.0,,,,0.0,0.0,,0.0,,,,,34.204,0.85,,,0.0,0.0,0.0,41.262,,,0.0,0.0,,,0.0,0.0,,0.0,0.0,,82.894,16.818,,,,38.228,0.95,,46.117,,,,,0.805,0.02,,0.971,,,,,0.0,0.0,,0.0,
Madagascar,2016,MDG,25501944.0,33738278912.0,,,,,0.0,0.0,0.0,,410.891,,,,,10.195,0.26,,0.0,0.0,0.0,12.871,,2.02,2.02,,4.838,0.814,691.369,0.523,,,43.918,1.12,,,55.446,,,,,0.0,0.0,,,0.0,0.0,0.0,0.0,,0.83,,,,34.507,0.88,,43.564,,,,,35.291,0.9,,44.554,,0.0,0.0,,,,0.0,0.0,,0.0,,,,,33.723,0.86,,,0.0,0.0,0.0,42.574,,,0.0,0.0,,,0.0,0.0,,0.0,0.0,,79.21,17.631,,,,35.291,0.9,,44.554,,,,,0.784,0.02,,0.99,,,,,0.0,0.0,,0.0,
Madagascar,2017,MDG,26169540.0,35065204736.0,,,,,0.0,0.0,0.0,,472.727,,,,,11.082,0.29,,,,,13.182,,2.2,2.2,,-8.316,-1.466,617.702,0.461,,,53.497,1.4,,,63.636,,,,,0.0,0.0,,,,,,0.0,,1.04,,,,29.806,0.78,,35.455,,,,,30.57,0.8,,36.364,,0.0,0.0,,,,0.0,0.0,,0.0,,,,,42.416,1.11,,,,,,50.455,,,0.0,0.0,,,0.0,0.0,,0.0,0.0,,84.067,16.165,,,,30.57,0.8,,36.364,,,,,0.764,0.02,,0.909,,,,,0.0,0.0,,0.0,
Madagascar,2018,MDG,26846544.0,36665933824.0,,,,,0.0,0.0,0.0,,422.908,,,,,9.312,0.25,,,,,11.013,,2.27,2.27,,-3.741,-0.605,579.6,0.424,,,48.051,1.29,,,56.828,,,,,0.0,0.0,,,,,,0.0,,0.96,,,,35.759,0.96,,42.291,,,,,36.504,0.98,,43.172,,0.0,0.0,,,,0.0,0.0,,0.0,,,,,38.739,1.04,,,,,,45.815,,,0.0,0.0,,,0.0,0.0,,0.0,0.0,,84.555,15.56,,,,36.504,0.98,,43.172,,,,,0.745,0.02,,0.881,,,,,0.0,0.0,,0.0,
Madagascar,2019,MDG,27533134.0,,,,,,0.0,0.0,0.0,,402.985,,,,,7.627,0.21,,,,,10.448,,2.01,2.01,,20.093,3.127,678.704,,,,39.952,1.1,,,54.726,,,,,0.0,0.0,,,,,,0.0,,0.81,,,,32.325,0.89,,44.279,,,,,33.051,0.91,,45.274,,0.0,0.0,,,,0.0,0.0,,0.0,,,,,32.325,0.89,,,,,,44.279,,,0.0,0.0,,,0.0,0.0,,0.0,0.0,,73.003,18.687,,,,33.051,0.91,,45.274,,,,,0.726,0.02,,0.995,,,,,0.0,0.0,,0.0,
Madagascar,2020,MDG,28225182.0,,,,,,0.0,0.0,0.0,,487.31,,,,,8.857,0.25,,,,,12.69,,1.97,1.97,,-32.408,-6.056,447.504,,,,45.704,1.29,,,65.482,,,,,0.0,0.0,,,,,,0.0,,0.96,,,,23.383,0.66,,33.503,,,,,24.092,0.68,,34.518,,0.0,0.0,,,,0.0,0.0,,0.0,,,,,36.847,1.04,,,,,,52.792,,,0.0,0.0,,,0.0,0.0,,0.0,0.0,,69.796,12.631,,,,24.092,0.68,,34.518,,,,,0.709,0.02,,1.015,,,,,0.0,0.0,,0.0,
Madagascar,2021,MDG,28915652.0,,,,,,0.0,0.0,0.0,,483.254,,,,,8.992,0.26,,,,,12.44,,2.09,2.09,,16.214,2.048,507.644,,,,47.379,1.37,,,65.55,,,,,0.0,0.0,,,,,,0.0,,1.01,,,,24.208,0.7,,33.493,,,,,24.9,0.72,,34.45,,0.0,0.0,,,,0.0,0.0,,0.0,,,,,38.388,1.11,,,,,,53.11,,,0.0,0.0,,,0.0,0.0,,0.0,0.0,,72.279,14.679,,,,24.9,0.72,,34.45,,,,,0.692,0.02,,0.957,,,,,0.0,0.0,,0.0,
Malawi,1980,MWI,6267373.0,6283546112.0,,,,,,,,,,,,,,,,,,0.0,0.0,,,,,,,,565.699,0.564,,,,,,,,,,,,,,,,,0.0,0.0,,,,,,,,,,,,,,,,,,,,,,,,,,,,,,,,,,,,,,0.0,0.0,,,,,,,,,,,,,,,3.545,,,,,,,,,,,,,,,,,,,,,,,,
Malawi,1981,MWI,6519893.0,5974818304.0,,,,,,,,,,,,,,,,,0.0,0.0,0.0,,,,,,4.666,0.165,569.164,0.621,,,,,,,,,,,,,,,,0.0,0.0,0.0,,,,,,,,,,,,,,,,,,,,,,,,,,,,,,,,,,,,,0.0,0.0,0.0,,,,,,,,,,,,,,,3.711,,,,,,,,,,,,,,,,,,,,,,,,
Malawi,1982,MWI,6784349.0,6028067328.0,,,,,,,,,,,,,,,,,0.0,0.0,0.0,,,,,,-5.446,-0.202,517.192,0.582,,,,,,,,,,,,,,,,0.0,0.0,0.0,,,,,,,,,,,,,,,,,,,,,,,,,,,,,,,,,,,,,0.0,0.0,0.0,,,,,,,,,,,,,,,3.509,,,,,,,,,,,,,,,,,,,,,,,,
Malawi,1983,MWI,7058317.0,6284869120.0,,,,,,,,,,,,,,,,,0.073,10.364,0.073,,,,,,-6.857,-0.241,463.03,0.52,,,,,,,,,,,,,,,,0.0,0.0,0.0,,,,,,,,,,,,,,,,,,,,,,,,,,,,,,,,,,,,,0.0,0.0,0.0,,,,,,,,,,,,,,,3.268,,,,,,,,,,,,,,,,,,,,,,,,
Malawi,1984,MWI,7338998.0,6571625472.0,,,,,,,,,,,,,,,,10.0,0.007,10.964,0.08,,,,,,-0.632,-0.021,442.507,0.494,,,,,,,,,,,,,,,,0.0,0.0,0.0,,,,,,,,,,,,,,,,,,,,,,,,,,,,,,,,,,,,,0.0,0.0,0.0,,,,,,,,,,,,,,,3.248,,,,,,,,,,,,,,,,,,,,,,,,
Malawi,1985,MWI,7625083.0,7081270784.0,,,,,,,,,,,,,,,,159.091,0.128,27.341,0.208,,,,,,10.384,0.337,470.131,0.506,,,,,,,,,,,,,,,,0.0,0.0,0.0,,,,,,,,,,,,,,,,,,,,,,,,,,,,,,,,,,,,,0.0,0.0,0.0,,,,,,,,,,,,,,,3.585,,,,,,,,,,,,,,,,,,,,,,,,
Malawi,1986,MWI,7909822.0,7121541120.0,,,,,,,,,,,,,,,,8.772,0.018,28.669,0.227,,,,,,-0.948,-0.034,448.912,0.499,,,,,,,,,,,,,,,,0.0,0.0,0.0,,,,,,,,,,,,,,,,,,,,,,,,,,,,,,,,,,,,,0.0,0.0,0.0,,,,,,,,,,,,,,,3.551,,,,,,,,,,,,,,,,,,,,,,,,
Malawi,1987,MWI,8295992.0,7284503552.0,,,,,,,,,,,,,,,,3.427,0.008,28.271,0.235,,,,,,4.524,0.161,447.378,0.509,,,,,,,,,,,,,,,,0.0,0.0,0.0,,,,,,,,,,,,,,,,,,,,,,,,,,,,,,,,,,,,,0.0,0.0,0.0,,,,,,,,,,,,,,,3.711,,,,,,,,,,,,,,,,,,,,,,,,
Malawi,1988,MWI,8754782.0,7481569792.0,,,,,,,,,,,,,,,,43.47,0.102,38.435,0.336,,,,,,0.287,0.011,425.15,0.498,,,,,,,,,,,,,,,,0.0,0.0,0.0,,,,,,,,,,,,,,,,,,,,,,,,,,,,,,,,,,,,,0.0,0.0,0.0,,,,,,,,,,,,,,,3.722,,,,,,,,,,,,,,,,,,,,,,,,
Malawi,1989,MWI,9174895.0,7846863360.0,,,,,,,,,,,,,,,,15.217,0.051,42.256,0.388,,,,,,12.55,0.467,456.595,0.534,,,,,,,,,,,,,,,,0.0,0.0,0.0,,,,,,,,,,,,,,,,,,,,,,,,,,,,,,,,,,,,,0.0,0.0,0.0,,,,,,,,,,,,,,,4.189,,,,,,,,,,,,,,,,,,,,,,,,
Malawi,1990,MWI,9539669.0,8210711040.0,,,,,,,,,,,,,,,,-5.425,-0.021,38.436,0.367,,,,,,12.349,0.517,493.366,0.573,,,,,,,,,,,,,,,,0.0,0.0,0.0,,,,,,,,,,,,,,,,,,,,,,,,,,,,,,,,,,,,,0.0,0.0,0.0,,,,,,,,,,,,,,,4.707,,,,,,,,,,,,,,,,,,,,,,,,
Malawi,1991,MWI,9831584.0,8886467584.0,,,,,,,,,,,,,,,,1.746,0.006,37.945,0.373,,,,,,14.306,0.673,547.201,0.605,,,,,,,,,,,,,,,,0.0,0.0,0.0,,,,,,,,,,,,,,,,,,,,,,,,,,,,,,,,,,,,,0.0,0.0,0.0,,,,,,,,,,,,,,,5.38,,,,,,,,,,,,,,,,,,,,,,,,
Malawi,1992,MWI,10115423.0,8192293888.0,,,,,,,,,,,,,,,,1.961,0.007,37.604,0.38,,,,,,1.435,0.077,539.481,0.666,,,,,,,,,,,,,,,,0.0,0.0,0.0,,,,,,,,,,,,,,,,,,,,,,,,,,,,,,,,,,,,,0.0,0.0,0.0,,,,,,,,,,,,,,,5.457,,,,,,,,,,,,,,,,,,,,,,,,
Malawi,1993,MWI,10257232.0,8945961984.0,,,,,,,,,,,,,,,,0.0,0.0,37.084,0.38,,,,,,-2.222,-0.121,520.2,0.596,,,,,,,,,,,,,,,,0.0,0.0,0.0,,,,,,,,,,,,,,,,,,,,,,,,,,,,,,,,,,,,,0.0,0.0,0.0,,,,,,,,,,,,,,,5.336,,,,,,,,,,,,,,,,,,,,,,,,
Malawi,1994,MWI,10131796.0,7996238848.0,,,,,,,,,,,,,,,,-1.923,-0.007,36.821,0.373,,,,,,6.144,0.328,558.998,0.708,,,,,,,,,,,,,,,,0.0,0.0,0.0,,,,,,,,,,,,,,,,,,,,,,,,,,,,,,,,,,,,,0.0,0.0,0.0,,,,,,,,,,,,,,,5.664,,,,,,,,,,,,,,,,,,,,,,,,
Malawi,1995,MWI,10112813.0,9062586368.0,,,,,,,,,,,,,,,,-3.922,-0.015,35.443,0.358,,,,,,4.138,0.234,583.225,0.651,,,,,,,,,,,,,,,,0.0,0.0,0.0,,,,,,,,,,,,,,,,,,,,,,,,,,,,,,,,,,,,,0.0,0.0,0.0,,,,,,,,,,,,,,,5.898,,,,,,,,,,,,,,,,,,,,,,,,
Malawi,1996,MWI,10310525.0,9927493632.0,,,,,,,,,,,,,,,,8.163,0.029,37.602,0.388,,,,,,1.465,0.086,580.421,0.603,,,,,,,,,,,,,,,,0.0,0.0,0.0,,,,,,,,,,,,,,,,,,,,,,,,,,,,,,,,,,,,,0.0,0.0,0.0,,,,,,,,,,,,,,,5.984,,,,,,,,,,,,,,,,,,,,,,,,
Malawi,1997,MWI,10512681.0,10535372800.0,,,,,,,,,,,,,,,,3.774,0.015,38.27,0.402,,,,,,0.584,0.035,572.582,0.571,,,,,,,,,,,,,,,,0.0,0.0,0.0,,,,,,,,,,,,,,,,,,,,,,,,,,,,,,,,,,,,,0.0,0.0,0.0,,,,,,,,,,,,,,,6.019,,,,,,,,,,,,,,,,,,,,,,,,
Malawi,1998,MWI,10732462.0,10605721600.0,,,,,,,,,,,,,,,,3.636,0.015,38.85,0.417,,,,,,6.095,0.367,595.041,0.602,,,,,,,,,,,,,,,,0.0,0.0,0.0,,,,,,,,,,,,,,,,,,,,,,,,,,,,,,,,,,,,,0.0,0.0,0.0,,,,,,,,,,,,,,,6.386,,,,,,,,,,,,,,,,,,,,,,,,
Malawi,1999,MWI,10973953.0,10931503104.0,,,,,,,,,,,,,,,,10.947,0.046,42.154,0.463,,,,,,-1.276,-0.081,574.521,0.577,,,,,,,,,,,,,,,,0.0,0.0,0.0,,,,,,,,,,,,,,,,,,,,,,,,,,,,,,,,,,,,,0.0,0.0,0.0,,,,,,,,,,,,,,,6.305,,,,,,,,,,,,,,,,,,,,,,,,
Malawi,2000,MWI,11229380.0,10965810176.0,,,,,6.234,0.07,5.645,,120.968,,,,,0.0,0.0,24.447,0.113,51.266,0.576,0.0,,1.24,1.24,,7.979,0.503,606.253,0.621,,,13.358,0.15,,,12.097,,,,,0.0,0.0,,,0.0,0.0,0.0,0.0,,0.15,,,,90.833,1.02,,82.258,,,,,97.067,1.09,,87.903,,0.0,0.0,,,,0.0,0.0,,0.0,,,,,13.358,0.15,,,0.0,0.0,0.0,12.097,,,0.07,0.0,,,6.234,0.0,,5.645,0.0,,110.425,6.808,,,,97.067,1.09,,87.903,,,,,0.0,0.0,,0.0,,,,,0.0,0.0,,0.0,
Malawi,2001,MWI,11498822.0,10477105152.0,,,,,6.088,0.07,5.556,,119.048,,,,,0.0,0.0,-38.628,-0.222,30.726,0.353,0.0,,1.25,1.26,,-1.79,-0.122,581.449,0.638,,,13.045,0.15,,,11.905,,,,,0.0,0.0,,,0.0,0.0,0.0,0.0,,0.15,,,,90.444,1.04,,82.54,,,,,96.532,1.11,,88.095,,-0.01,-0.8,,,,0.0,0.0,,0.0,,,,,13.045,0.15,,,0.0,0.0,0.0,11.905,,,0.07,0.0,,,6.088,0.0,,5.556,0.0,,109.576,6.686,,,,96.532,1.11,,88.095,,,,,0.0,0.0,,0.0,,,,,0.0,0.0,,0.0,
Malawi,2002,MWI,11784500.0,10619106304.0,,,,,6.789,0.08,6.015,,120.301,,,,,0.0,0.0,30.228,0.107,39.044,0.46,0.0,,1.32,1.33,,-1.194,-0.08,560.577,0.622,,,13.577,0.16,,,12.03,,,,,0.0,0.0,,,0.0,0.0,0.0,0.0,,0.16,,,,92.494,1.09,,81.955,,,,,99.283,1.17,,87.97,,-0.01,-0.758,,,,0.0,0.0,,0.0,,,,,13.577,0.16,,,0.0,0.0,0.0,12.03,,,0.08,0.0,,,6.789,0.0,,6.015,0.0,,112.86,6.606,,,,99.283,1.17,,87.97,,,,,0.0,0.0,,0.0,,,,,0.0,0.0,,0.0,
Malawi,2003,MWI,12087968.0,11173209088.0,,,,,7.445,0.09,6.667,,96.296,,,,,0.0,0.0,29.412,0.135,49.259,0.595,0.0,,1.34,1.35,,5.058,0.334,574.144,0.621,,,9.927,0.12,,,8.889,,,,,0.0,0.0,,,0.0,0.0,0.0,0.0,,0.13,,,,94.309,1.14,,84.444,,,,,101.754,1.23,,91.111,,-0.01,-0.746,,,,0.0,0.0,,0.0,,,,,9.927,0.12,,,0.0,0.0,0.0,8.889,,,0.09,0.0,,,7.445,0.0,,6.667,0.0,,111.681,6.94,,,,101.754,1.23,,91.111,,,,,0.0,0.0,,0.0,,,,,0.0,0.0,,0.0,
Malawi,2004,MWI,12411343.0,11727015936.0,,,,,6.446,0.08,5.369,,107.383,,,,,0.0,0.0,-36.364,-0.217,30.53,0.379,0.0,,1.48,1.49,,6.645,0.461,596.341,0.631,,,12.086,0.15,,,10.067,,,,,0.0,0.0,,,0.0,0.0,0.0,0.0,,0.16,,,,101.52,1.26,,84.564,,,,,107.966,1.34,,89.933,,-0.01,-0.676,,,,0.0,0.0,,0.0,,,,,12.086,0.15,,,0.0,0.0,0.0,10.067,,,0.08,0.0,,,6.446,0.0,,5.369,0.0,,120.051,7.401,,,,107.966,1.34,,89.933,,,,,0.0,0.0,,0.0,,,,,0.0,0.0,,0.0,
Malawi,2005,MWI,12755647.0,12058077184.0,,,,,6.272,0.08,5.229,,98.039,,,,,0.0,0.0,0.193,0.001,29.763,0.38,0.0,,1.52,1.53,,-2.728,-0.202,564.417,0.597,,,10.976,0.14,,,9.15,,,,,0.0,0.0,,,0.0,0.0,0.0,0.0,,0.15,,,,102.7,1.31,,85.621,,,,,108.971,1.39,,90.85,,-0.01,-0.658,,,,0.0,0.0,,0.0,,,,,10.976,0.14,,,0.0,0.0,0.0,9.15,,,0.08,0.0,,,6.272,0.0,,5.229,0.0,,119.947,7.2,,,,108.971,1.39,,90.85,,,,,0.0,0.0,,0.0,,,,,0.0,0.0,,0.0,
Malawi,2006,MWI,13118309.0,12575064064.0,,,,,6.098,0.08,5.128,,96.154,,,,,0.0,0.0,16.378,0.062,33.68,0.442,0.0,,1.55,1.56,,3.285,0.237,566.844,0.591,,,10.672,0.14,,,8.974,,,,,0.0,0.0,,,0.0,0.0,0.0,0.0,,0.15,,,,102.147,1.34,,85.897,,,,,108.246,1.42,,91.026,,-0.01,-0.645,,,,0.0,0.0,,0.0,,,,,10.672,0.14,,,0.0,0.0,0.0,8.974,,,0.08,0.0,,,6.098,0.0,,5.128,0.0,,118.918,7.436,,,,108.246,1.42,,91.026,,,,,0.0,0.0,,0.0,,,,,0.0,0.0,,0.0,
Malawi,2007,MWI,13495463.0,13731751936.0,,,,,5.928,0.08,5.031,,94.34,,,,,0.0,0.0,-2.98,-0.013,31.763,0.429,0.0,,1.57,1.59,,-0.375,-0.028,548.934,0.539,,,10.374,0.14,,,8.805,,,,,0.0,0.0,,,0.0,0.0,0.0,0.0,,0.15,,,,101.516,1.37,,86.164,,,,,107.444,1.45,,91.195,,-0.02,-1.274,,,,0.0,0.0,,0.0,,,,,10.374,0.14,,,0.0,0.0,0.0,8.805,,,0.08,0.0,,,5.928,0.0,,5.031,0.0,,117.817,7.408,,,,107.444,1.45,,91.195,,,,,0.0,0.0,,0.0,,,,,0.0,0.0,,0.0,
Malawi,2008,MWI,13889420.0,14709903360.0,,,,,7.2,0.1,5.78,,80.925,,,,,0.0,0.0,3.413,0.015,31.915,0.443,0.0,,1.71,1.73,,13.988,1.036,607.97,0.574,,,7.92,0.11,,,6.358,,,,,0.0,0.0,,,0.0,0.0,0.0,0.0,,0.14,,,,109.436,1.52,,87.861,,,,,116.636,1.62,,93.642,,-0.02,-1.17,,,,0.0,0.0,,0.0,,,,,7.92,0.11,,,0.0,0.0,0.0,6.358,,,0.1,0.0,,,7.2,0.0,,5.78,0.0,,124.555,8.444,,,,116.636,1.62,,93.642,,,,,0.0,0.0,,0.0,,,,,0.0,0.0,,0.0,
Malawi,2009,MWI,14298937.0,15876241408.0,,,,,6.294,0.09,5.263,,87.719,,,,,0.0,0.0,-2.64,-0.012,30.183,0.432,0.0,,1.69,1.71,,-6.888,-0.582,549.878,0.495,,,9.092,0.13,,,7.602,,,,,0.0,0.0,,,0.0,0.0,0.0,0.0,,0.15,,,,104.204,1.49,,87.134,,,,,110.498,1.58,,92.398,,-0.02,-1.183,,,,0.0,0.0,,0.0,,,,,9.092,0.13,,,0.0,0.0,0.0,7.602,,,0.09,0.0,,,6.294,0.0,,5.263,0.0,,119.589,7.863,,,,110.498,1.58,,92.398,,,,,0.0,0.0,,0.0,,,,,0.0,0.0,,0.0,
Malawi,2010,MWI,14718426.0,16885784576.0,,,,,6.115,0.09,4.592,,76.531,,,,,0.0,0.0,33.898,0.146,39.262,0.578,0.0,,1.94,1.96,,19.903,1.565,640.529,0.558,,,8.832,0.13,,,6.633,,,,,0.0,0.0,,,0.0,0.0,0.0,0.0,,0.15,,,,118.219,1.74,,88.776,,,,,124.334,1.83,,93.367,,-0.02,-1.031,,,,0.0,0.0,,0.0,,,,,8.832,0.13,,,0.0,0.0,0.0,6.633,,,0.09,0.0,,,6.115,0.0,,4.592,0.0,,133.166,9.428,,,,124.334,1.83,,93.367,,,,,0.0,0.0,,0.0,,,,,0.0,0.0,,0.0,
Malawi,2011,MWI,15146095.0,17638377472.0,,,,,5.942,0.09,4.478,,74.627,,,,,0.0,0.0,-2.532,-0.015,37.188,0.563,0.0,,1.99,2.01,,0.701,0.066,626.806,0.538,,,8.583,0.13,,,6.468,,,,,0.0,0.0,,,0.0,0.0,0.0,0.0,,0.15,,,,118.182,1.79,,89.055,,,,,124.124,1.88,,93.532,,-0.02,-1.005,,,,0.0,0.0,,0.0,,,,,8.583,0.13,,,0.0,0.0,0.0,6.468,,,0.09,0.0,,,5.942,0.0,,4.478,0.0,,132.707,9.494,,,,124.124,1.88,,93.532,,,,,0.0,0.0,,0.0,,,,,0.0,0.0,,0.0,
Malawi,2012,MWI,15581250.0,17964285952.0,,,,,5.776,0.09,4.306,,71.77,,,,,0.0,0.0,-7.792,-0.044,33.332,0.519,0.0,,2.07,2.09,,0.403,0.038,611.753,0.531,,,8.343,0.13,,,6.22,,,,,0.0,0.0,,,0.0,0.0,0.0,0.0,,0.15,,,,119.374,1.86,,88.995,,,,,125.792,1.96,,93.78,,-0.02,-0.966,,,,0.0,0.0,,0.0,,,,,8.343,0.13,,,0.0,0.0,0.0,6.22,,,0.09,0.0,,,5.776,0.0,,4.306,0.0,,134.136,9.532,,,,125.792,1.96,,93.78,,,,,0.642,0.01,,0.478,,,,,0.0,0.0,,0.0,
Malawi,2013,MWI,16024775.0,18903971840.0,,,,,5.616,0.09,4.306,,71.77,,,,,0.0,0.0,-5.634,-0.029,30.584,0.49,0.0,,2.07,2.09,,1.664,0.159,604.72,0.513,,,8.112,0.13,,,6.22,,,,,0.0,0.0,,,0.0,0.0,0.0,0.0,,0.15,,,,116.07,1.86,,88.995,,,,,122.311,1.96,,93.78,,-0.02,-0.966,,,,0.0,0.0,,0.0,,,,,8.112,0.13,,,0.0,0.0,0.0,6.22,,,0.09,0.0,,,5.616,0.0,,4.306,0.0,,130.423,9.691,,,,122.311,1.96,,93.78,,,,,0.624,0.01,,0.478,,,,,0.0,0.0,,0.0,
Malawi,2014,MWI,16477972.0,19988979712.0,,,,,5.462,0.09,4.072,,72.398,,,,,0.0,0.0,-4.478,-0.022,28.411,0.468,0.0,,2.19,2.21,,2.929,0.284,605.315,0.499,,,7.889,0.13,,,5.882,,,,,0.0,0.0,,,0.0,0.0,0.0,0.0,,0.16,,,,119.554,1.97,,89.14,,,,,126.229,2.08,,94.118,,-0.02,-0.913,,,,0.0,0.0,,0.0,,,,,7.889,0.13,,,0.0,0.0,0.0,5.882,,,0.09,0.0,,,5.462,0.0,,4.072,0.0,,134.118,9.974,,,,126.229,2.08,,94.118,,,,,1.214,0.02,,0.905,,,,,0.0,0.0,,0.0,
Malawi,2015,MWI,16938944.0,20572940288.0,,,,,5.313,0.09,4.072,,72.398,,,,,0.0,0.0,-7.812,-0.037,25.479,0.432,0.0,,2.19,2.21,,-3.644,-0.363,567.385,0.467,,,7.675,0.13,,,5.882,,,,,0.0,0.0,,,0.0,0.0,0.0,0.0,,0.16,,,,115.71,1.96,,88.688,,,,,122.794,2.08,,94.118,,-0.02,-0.913,,,,0.0,0.0,,0.0,,,,,7.675,0.13,,,0.0,0.0,0.0,5.882,,,0.09,0.0,,,5.313,0.0,,4.072,0.0,,130.469,9.611,,,,122.794,2.08,,94.118,,,,,1.771,0.03,,1.357,,,,,0.0,0.0,,0.0,
Malawi,2016,MWI,17405624.0,21039450112.0,,,,,4.596,0.08,3.636,,81.818,,,,,0.0,0.0,-27.119,-0.117,18.071,0.315,0.0,,2.18,2.2,,5.332,0.512,581.612,0.481,,,8.618,0.15,,,6.818,,,,,0.0,0.0,,,0.0,0.0,0.0,0.0,,0.18,,,,111.458,1.94,,88.182,,,,,117.778,2.05,,93.182,,-0.02,-0.917,,,,0.0,0.0,,0.0,,,,,8.618,0.15,,,0.0,0.0,0.0,6.818,,,0.08,0.0,,,4.596,0.0,,3.636,0.0,,126.396,10.123,,,,117.778,2.05,,93.182,,,,,1.724,0.03,,1.364,,,,,0.0,0.0,,0.0,
Malawi,2017,MWI,17881172.0,21881028608.0,,,,,2.237,0.04,1.914,,86.124,,,,,0.0,0.0,,,,,0.0,,2.07,2.09,,3.049,0.309,583.406,0.477,,,10.626,0.19,,,9.091,,,,,0.0,0.0,,,,,,0.0,,0.18,,,,101.783,1.82,,87.081,,,,,106.257,1.9,,90.909,,-0.02,-0.966,,,,0.0,0.0,,0.0,,,,,10.626,0.19,,,,,,9.091,,,0.04,0.0,,,2.237,0.0,,1.914,0.0,,116.883,10.432,,,,106.257,1.9,,90.909,,,,,2.237,0.04,,1.914,,,,,0.0,0.0,,0.0,
Malawi,2018,MWI,18367886.0,22574655488.0,,,,,1.633,0.03,1.829,,109.756,,,,,0.0,0.0,,,,,0.0,,1.62,1.64,,-4.501,-0.47,542.385,0.441,,,10.889,0.2,,,12.195,,,,,0.0,0.0,,,,,,0.0,,0.18,,,,74.042,1.36,,82.927,,,,,78.398,1.44,,87.805,,-0.02,-1.235,,,,0.0,0.0,,0.0,,,,,10.889,0.2,,,,,,12.195,,,0.03,0.0,,,1.633,0.0,,1.829,0.0,,89.286,9.962,,,,78.398,1.44,,87.805,,,,,2.722,0.05,,3.049,,,,,0.0,0.0,,0.0,
Malawi,2019,MWI,18867340.0,,,,,,1.59,0.03,1.765,,111.765,,,,,0.0,0.0,,,,,0.0,,1.68,1.7,,1.855,0.185,537.82,,,,10.6,0.2,,,11.765,,,,,0.0,0.0,,,,,,0.0,,0.19,,,,68.902,1.3,,76.471,,,,,79.502,1.5,,88.235,,-0.02,-1.19,,,,0.0,0.0,,0.0,,,,,10.6,0.2,,,,,,11.765,,,0.03,0.0,,,1.59,0.0,,1.765,0.0,,90.103,10.147,,,,79.502,1.5,,88.235,,,,,9.01,0.17,,10.0,,,,,0.0,0.0,,0.0,
Malawi,2020,MWI,19377058.0,,,,,,1.548,0.03,1.754,,116.959,,,,,0.0,0.0,,,,,0.0,,1.69,1.71,,-3.898,-0.396,503.257,,,,10.838,0.21,,,12.281,,,,,0.0,0.0,,,,,,0.0,,0.2,,,,67.09,1.3,,76.023,,,,,77.411,1.5,,87.719,,-0.02,-1.183,,,,0.0,0.0,,0.0,,,,,10.838,0.21,,,,,,12.281,,,0.03,0.0,,,1.548,0.0,,1.754,0.0,,88.249,9.752,,,,77.411,1.5,,87.719,,,,,8.773,0.17,,9.942,,,,,0.0,0.0,,0.0,
Malawi,2021,MWI,19889742.0,,,,,,1.508,0.03,2.113,,133.803,,,,,0.0,0.0,,,,,0.0,,1.42,1.42,,-5.161,-0.503,464.983,,,,11.061,0.22,,,15.493,,,,,0.0,0.0,,,,,,0.0,,0.19,,,,50.277,1.0,,70.423,,,,,60.333,1.2,,84.507,,0.0,0.0,,,,0.0,0.0,,0.0,,,,,11.061,0.22,,,,,,15.493,,,0.03,0.0,,,1.508,0.0,,2.113,0.0,,71.394,9.248,,,,60.333,1.2,,84.507,,,,,8.547,0.17,,11.972,,,,,0.0,0.0,,0.0,
Malaysia,1900,MYS,2094024.0,1825202432.0,,,,,,,,,,,,,,,,,,85.53,0.179,,,,,,,,,,,,,,,,,,,,,,,,,,0.0,0.0,,,,,,,,,,,,,,,,,,,,,,,,,,,,,,,,,,,,,,0.0,0.0,,,,,,,,,,,,,,,,,,,,,,,,,,,,,,,,,,,,,,,
Malaysia,1901,MYS,2153226.0,2174814208.0,,,,,,,,,,,,,,,,-18.182,-0.033,68.055,0.147,,,,,,,,,,,,,,,,,,,,,,,,,0.0,0.0,0.0,,,,,,,,,,,,,,,,,,,,,,,,,,,,,,,,,,,,,0.0,0.0,0.0,,,,,,,,,,,,,,,,,,,,,,,,,,,,,,,,,,,,,,,
Malaysia,1902,MYS,2210550.0,2388048384.0,,,,,,,,,,,,,,,,5.556,0.008,69.973,0.155,,,,,,,,,,,,,,,,,,,,,,,,,0.0,0.0,0.0,,,,,,,,,,,,,,,,,,,,,,,,,,,,,,,,,,,,,0.0,0.0,0.0,,,,,,,,,,,,,,,,,,,,,,,,,,,,,,,,,,,,,,,
Malaysia,1903,MYS,2265841.0,2119723648.0,,,,,,,,,,,,,,,,0.0,0.0,68.266,0.155,,,,,,,,,,,,,,,,,,,,,,,,,0.0,0.0,0.0,,,,,,,,,,,,,,,,,,,,,,,,,,,,,,,,,,,,,0.0,0.0,0.0,,,,,,,,,,,,,,,,,,,,,,,,,,,,,,,,,,,,,,,
Malaysia,1904,MYS,2322511.0,2029155840.0,,,,,,,,,,,,,,,,-31.579,-0.049,45.568,0.106,,,,,,,,,,,,,,,,,,,,,,,,,0.0,0.0,0.0,,,,,,,,,,,,,,,,,,,,,,,,,,,,,,,,,,,,,0.0,0.0,0.0,,,,,,,,,,,,,,,,,,,,,,,,,,,,,,,,,,,,,,,
Malaysia,1905,MYS,2380595.0,2186629632.0,,,,,,,,,,,,,,,,15.385,0.016,51.296,0.122,,,,,,,,,,,,,,,,,,,,,,,,,0.0,0.0,0.0,,,,,,,,,,,,,,,,,,,,,,,,,,,,,,,,,,,,,0.0,0.0,0.0,,,,,,,,,,,,,,,,,,,,,,,,,,,,,,,,,,,,,,,
Malaysia,1906,MYS,2440128.0,2067315328.0,,,,,,,,,,,,,,,,-6.667,-0.008,46.708,0.114,,,,,,,,,,,,,,,,,,,,,,,,,0.0,0.0,0.0,,,,,,,,,,,,,,,,,,,,,,,,,,,,,,,,,,,,,0.0,0.0,0.0,,,,,,,,,,,,,,,,,,,,,,,,,,,,,,,,,,,,,,,
Malaysia,1907,MYS,2501146.0,2276902400.0,,,,,,,,,,,,,,,,135.714,0.155,107.412,0.269,,,,,,,,,,,,,,,,,,,,,,,,,0.0,0.0,0.0,,,,,,,,,,,,,,,,,,,,,,,,,,,,,,,,,,,,,0.0,0.0,0.0,,,,,,,,,,,,,,,,,,,,,,,,,,,,,,,,,,,,,,,
Malaysia,1908,MYS,2563685.0,2700988160.0,,,,,,,,,,,,,,,,3.03,0.008,107.967,0.277,,,,,,,,,,,,,,,,,,,,,,,,,0.0,0.0,0.0,,,,,,,,,,,,,,,,,,,,,,,,,,,,,,,,,,,,,0.0,0.0,0.0,,,,,,,,,,,,,,,,,,,,,,,,,,,,,,,,,,,,,,,
Malaysia,1909,MYS,2624687.0,2592514816.0,,,,,,,,,,,,,,,,85.294,0.236,195.407,0.513,,,,,,,,,,,,,,,,,,,,,,,,,0.0,0.0,0.0,,,,,,,,,,,,,,,,,,,,,,,,,,,,,,,,,,,,,0.0,0.0,0.0,,,,,,,,,,,,,,,,,,,,,,,,,,,,,,,,,,,,,,,
Malaysia,1910,MYS,2684056.0,3106403328.0,,,,,,,,,,,,,,,,39.683,0.204,266.912,0.716,,,,,,,,,,,,,,,,,,,,,,,,,0.0,0.0,0.0,,,,,,,,,,,,,,,,,,,,,,,,,,,,,,,,,,,,,0.0,0.0,0.0,,,,,,,,,,,,,,,,,,,,,,,,,,,,,,,,,,,,,,,
Malaysia,1911,MYS,2741696.0,3364428800.0,,,,,,,,,,,,,,,,-100.0,-0.716,0.0,0.0,,,,,,,,,,,,,,,,,,,,,,,,,0.0,0.0,0.0,,,,,,,,,,,,,,,,,,,,,,,,,,,,,,,,,,,,,0.0,0.0,0.0,,,,,,,,,,,,,,,,,,,,,,,,,,,,,,,,,,,,,,,
Malaysia,1912,MYS,2797504.0,3308826112.0,,,,,,,,,,,,,,,,,0.0,0.0,0.0,,,,,,,,,,,,,,,,,,,,,,,,,0.0,0.0,0.0,,,,,,,,,,,,,,,,,,,,,,,,,,,,,,,,,,,,,0.07,24.944,0.07,,,,,,,,,,,,,,,,,,,,,,,,,,,,,,,,,,,,,,,
Malaysia,1913,MYS,2851375.0,3974380032.0,,,,,,,,,,,,,,,,,0.0,0.0,0.0,,,,,,,,,,,,,,,,,,,,,,,,,0.0,0.0,0.0,,,,,,,,,,,,,,,,,,,,,,,,,,,,,,,,,,,,233.333,0.163,81.575,0.233,,,,,,,,,,,,,,,,,,,,,,,,,,,,,,,,,,,,,,,
Malaysia,1914,MYS,2906279.0,4544274432.0,,,,,,,,,,,,,,,,,0.016,5.602,0.016,,,,,,,,,,,,,,,,,,,,,,,,,0.0,0.0,0.0,,,,,,,,,,,,,,,,,,,,,,,,,,,,,,,,,,,,130.0,0.302,184.077,0.535,,,,,,,,,,,,,,,,,,,,,,,,,,,,,,,,,,,,,,,
Malaysia,1915,MYS,2962236.0,4944763904.0,,,,,,,,,,,,,,,,500.0,0.081,32.979,0.098,,,,,,,,,,,,,,,,,,,,,,,,,0.0,0.0,0.0,,,,,,,,,,,,,,,,,,,,,,,,,,,,,,,,,,,,21.739,0.116,219.861,0.651,,,,,,,,,,,,,,,,,,,,,,,,,,,,,,,,,,,,,,,
Malaysia,1916,MYS,3019266.0,4543474176.0,,,,,,,,,,,,,,,,750.0,0.733,275.028,0.83,,,,,,,,,,,,,,,,,,,,,,,,,0.0,0.0,0.0,,,,,,,,,,,,,,,,,,,,,,,,,,,,,,,,,,,,62.5,0.407,350.526,1.058,,,,,,,,,,,,,,,,,,,,,,,,,,,,,,,,,,,,,,,
Malaysia,1917,MYS,3077388.0,5734960640.0,,,,,,,,,,,,,,,,51.961,0.431,410.041,1.262,,,,,,,,,,,,,,,,,,,,,,,,,0.0,0.0,0.0,,,,,,,,,,,,,,,,,,,,,,,,,,,,,,,,,,,,-14.286,-0.151,294.776,0.907,,,,,,,,,,,,,,,,,,,,,,,,,,,,,,,,,,,,,,,
Malaysia,1918,MYS,3140574.0,6110256128.0,,,,,,,,,,,,,,,,9.032,0.114,438.082,1.376,,,,,,,,,,,,,,,,,,,,,,,,,0.0,0.0,0.0,,,,,,,,,,,,,,,,,,,,,,,,,,,,,,,,,,,,-6.41,-0.058,270.33,0.849,,,,,,,,,,,,,,,,,,,,,,,,,,,,,,,,,,,,,,,
Malaysia,1919,MYS,3206111.0,6519441920.0,,,,,,,,,,,,,,,,13.018,0.179,484.99,1.555,,,,,,,,,,,,,,,,,,,,,,,,,0.0,0.0,0.0,,,,,,,,,,,,,,,,,,,,,,,,,,,,,,,,,,,,17.808,0.151,311.961,1.0,,,,,,,,,,,,,,,,,,,,,,,,,,,,,,,,,,,,,,,
Malaysia,1920,MYS,3274070.0,6332875264.0,,,,,,,,,,,,,,,,29.843,0.464,616.654,2.019,,,,,,,,,,,,,,,,,,,,,,,,,0.0,0.0,0.0,,,,,,,,,,,,,,,,,,,,,,,,,,,,,,,,,,,,70.93,0.709,522.167,1.71,,,,,,,,,,,,,,,,,,,,,,,,,,,,,,,,,,,,,,,
Malaysia,1921,MYS,3344525.0,7859630080.0,,,,,,,,,,,,,,,,20.565,0.415,727.804,2.434,,,,,,,,,,,,,,,,,,,,,,,,,0.0,0.0,0.0,,,,,,,,,,,,,,,,,,,,,,,,,,,,,,,,,,,,38.095,0.651,705.897,2.361,,,,,,,,,,,,,,,,,,,,,,,,,,,,,,,,,,,,,,,
Malaysia,1922,MYS,3417552.0,8891872256.0,,,,,,,,,,,,,,,,-5.686,-0.138,671.756,2.296,,,,,,,,,,,,,,,,,,,,,,,,,0.0,0.0,0.0,,,,,,,,,,,,,,,,,,,,,,,,,,,,,,,,,,,,101.97,2.407,1395.239,4.768,,,,,,,,,,,,,,,,,,,,,,,,,,,,,,,,,,,,,,,
Malaysia,1923,MYS,3493228.0,7754507776.0,,,,,,,,,,,,,,,,12.766,0.293,741.102,2.589,,,,,,,,,,,,,,,,,,,,,,,,,0.0,0.0,0.0,,,,,,,,,,,,,,,,,,,,,,,,,,,,,,,,,,,,38.293,1.826,1887.713,6.594,,,,,,,,,,,,,,,,,,,,,,,,,,,,,,,,,,,,,,,
Malaysia,1924,MYS,3570579.0,7897353216.0,,,,,,,,,,,,,,,,17.296,0.448,850.448,3.037,,,,,,,,,,,,,,,,,,,,,,,,,0.0,0.0,0.0,,,,,,,,,,,,,,,,,,,,,,,,,,,,,,,,,,,,6.173,0.407,1960.819,7.001,,,,,,,,,,,,,,,,,,,,,,,,,,,,,,,,,,,,,,,
Malaysia,1925,MYS,3649643.0,6843330048.0,,,,,,,,,,,,,,,,9.383,0.285,910.097,3.322,,,,,,,,,,,,,,,,,,,,,,,,,0.0,0.0,0.0,,,,,,,,,,,,,,,,,,,,,,,,,,,,,,,,,,,,1.827,0.128,1953.394,7.129,,,,,,,,,,,,,,,,,,,,,,,,,,,,,,,,,,,,,,,
Malaysia,1926,MYS,3730458.0,8799028224.0,,,,,,,,,,,,,,,,12.01,0.399,997.314,3.72,,,,,,,,,,,,,,,,,,,,,,,,,0.0,0.0,0.0,,,,,,,,,,,,,,,,,,,,,,,,,,,,,,,,,,,,16.313,1.163,2222.834,8.292,,,,,,,,,,,,,,,,,,,,,,,,,,,,,,,,,,,,,,,
Malaysia,1927,MYS,3813063.0,8458825728.0,,,,,,,,,,,,,,,,-1.532,-0.057,960.763,3.663,,,,,,,,,,,,,,,,,,,,,,,,,0.0,0.0,0.0,,,,,,,,,,,,,,,,,,,,,,,,,,,,,,,,,,,,-0.14,-0.012,2171.629,8.281,,,,,,,,,,,,,,,,,,,,,,,,,,,,,,,,,,,,,,,
Malaysia,1928,MYS,3897496.0,10709926912.0,,,,,,,,,,,,,,,,25.778,0.944,1182.248,4.608,,,,,,,,,,,,,,,,,,,,,,,,,0.0,0.0,0.0,,,,,,,,,,,,,,,,,,,,,,,,,,,,,,,,,,,,5.478,0.454,2240.959,8.734,,,,,,,,,,,,,,,,,,,,,,,,,,,,,,,,,,,,,,,
Malaysia,1929,MYS,3982894.0,13898990592.0,,,,,,,,,,,,,,,,18.728,0.863,1373.562,5.471,,,,,,,,,,,,,,,,,,,,,,,,,0.0,0.0,0.0,,,,,,,,,,,,,,,,,,,,,,,,,,,,,,,,,,,,1.198,0.105,2219.19,8.839,,,,,,,,,,,,,,,,,,,,,,,,,,,,,,,,,,,,,,,
Malaysia,1930,MYS,4069257.0,13890965504.0,,,,,,,,,,,,,,,,-14.435,-0.79,1150.351,4.681,,,,,,,,,,,,,,,,,,,,,,,,,0.0,0.0,0.0,,,,,,,,,,,,,,,,,,,,,,,,,,,,,,,,,,,,-8.026,-0.709,1997.753,8.129,,,,,,,,,,,,,,,,,,,,,,,,,,,,,,,,,,,,,,,
Malaysia,1931,MYS,4156587.0,13865146368.0,,,,,,,,,,,,,,,,-28.87,-1.351,801.058,3.33,,,,,,,,,,,,,,,,,,,,,,,,,0.0,0.0,0.0,,,,,,,,,,,,,,,,,,,,,,,,,,,,,,,,,,,,-24.32,-1.977,1480.125,6.152,,,,,,,,,,,,,,,,,,,,,,,,,,,,,,,,,,,,,,,
Malaysia,1932,MYS,4244888.0,12856039424.0,,,,,,,,,,,,,,,,-31.051,-1.034,540.83,2.296,,,,,,,,,,,,,,,,,,,,,,,,,0.0,0.0,0.0,,,,,,,,,,,,,,,,,,,,,,,,,,,,,,,,,,,,-35.539,-2.186,934.26,3.966,,,,,,,,,,,,,,,,,,,,,,,,,,,,,,,,,,,,,,,
Malaysia,1933,MYS,4334158.0,13106755584.0,,,,,,,,,,,,,,,,-21.277,-0.488,416.99,1.807,,,,,,,,,,,,,,,,,,,,,,,,,0.0,0.0,0.0,,,,,,,,,,,,,,,,,,,,,,,,,,,,,,,,,,,,-4.399,-0.174,874.767,3.791,,,,,,,,,,,,,,,,,,,,,,,,,,,,,,,,,,,,,,,
Malaysia,1934,MYS,4425306.0,13447899136.0,,,,,,,,,,,,,,,,47.297,0.855,601.565,2.662,,,,,,,,,,,,,,,,,,,,,,,,,0.0,0.0,0.0,,,,,,,,,,,,,,,,,,,,,,,,,,,,,,,,,,,,-13.497,-0.512,741.115,3.28,,,,,,,,,,,,,,,,,,,,,,,,,,,,,,,,,,,,,,,
Malaysia,1935,MYS,4518371.0,13145466880.0,,,,,,,,,,,,,,,,17.125,0.456,690.072,3.118,,,,,,,,,,,,,,,,,,,,,,,,,0.0,0.0,0.0,,,,,,,,,,,,,,,,,,,,,,,,,,,,,,,,,,,,-8.511,-0.279,664.076,3.001,,,,,,,,,,,,,,,,,,,,,,,,,,,,,,,,,,,,,,,
Malaysia,1936,MYS,4613393.0,14509881344.0,,,,,,,,,,,,,,,,33.42,1.042,901.733,4.16,,,,,,,,,,,,,,,,,,,,,,,,,0.0,0.0,0.0,,,,,,,,,,,,,,,,,,,,,,,,,,,,,,,,,,,,-12.403,-0.372,569.728,2.628,,,,,,,,,,,,,,,,,,,,,,,,,,,,,,,,,,,,,,,
Malaysia,1937,MYS,4710414.0,16123379712.0,,,,,,,,,,,,,,,,24.853,1.034,1102.654,5.194,,,,,,,,,,,,,,,,,,,,,,,,,0.0,0.0,0.0,,,,,,,,,,,,,,,,,,,,,,,,,,,,,,,,,,,,-5.752,-0.151,525.896,2.477,,,,,,,,,,,,,,,,,,,,,,,,,,,,,,,,,,,,,,,
Malaysia,1938,MYS,4809474.0,13097291776.0,,,,,,,,,,,,,,,,-23.824,-1.237,822.653,3.957,,,,,,,,,,,,,,,,,,,,,,,,,0.0,0.0,0.0,,,,,,,,,,,,,,,,,,,,,,,,,,,,,,,,,,,,-4.695,-0.116,490.883,2.361,,,,,,,,,,,,,,,,,,,,,,,,,,,,,,,,,,,,,,,
Malaysia,1939,MYS,4906611.0,13638105088.0,,,,,,,,,,,,,,,,-7.819,-0.309,743.317,3.647,,,,,,,,,,,,,,,,,,,,,,,,,0.0,0.0,0.0,,,,,,,,,,,,,,,,,,,,,,,,,,,,,,,,,,,,-17.241,-0.407,398.206,1.954,,,,,,,,,,,,,,,,,,,,,,,,,,,,,,,,,,,,,,,
Malaysia,1940,MYS,5001715.0,11069058048.0,,,,,,,,,,,,,,,,77.232,2.817,1292.348,6.464,,,,,,,,,,,,,,,,,,,,,,,,,0.0,0.0,0.0,,,,,,,,,,,,,,,,,,,,,,,,,,,,,,,,,,,,-10.119,-0.198,351.106,1.756,,,,,,,,,,,,,,,,,,,,,,,,,,,,,,,,,,,,,,,
Malaysia,1941,MYS,5094675.0,10958042112.0,,,,,,,,,,,,,,,,-12.091,-0.782,1115.364,5.682,,,,,,,,,,,,,,,,,,,,,,,,,0.0,0.0,0.0,,,,,,,,,,,,,,,,,,,,,,,,,,,,,,,,,,,,-28.477,-0.5,246.54,1.256,,,,,,,,,,,,,,,,,,,,,,,,,,,,,,,,,,,,,,,
Malaysia,1942,MYS,5185374.0,14913863680.0,,,,,,,,,,,,,,,,-64.327,-3.655,390.928,2.027,,,,,,,,,,,,,,,,,,,,,,,,,0.0,0.0,0.0,,,,,,,,,,,,,,,,,,,,,,,,,,,,,,,,,,,,-100.0,-1.256,0.0,0.0,,,,,,,,,,,,,,,,,,,,,,,,,,,,,,,,,,,,,,,
Malaysia,1943,MYS,5273693.0,,,,,,,,,,,,,,,,,99.598,2.019,767.219,4.046,,,,,,,,,,,,,,,,,,,,,,,,,0.0,0.0,0.0,,,,,,,,,,,,,,,,,,,,,,,,,,,,,,,,,,,,,0.0,0.0,0.0,,,,,,,,,,,,,,,,,,,,,,,,,,,,,,,,,,,,,,,
Malaysia,1944,MYS,5363517.0,,,,,,,,,,,,,,,,,-16.298,-0.659,631.424,3.387,,,,,,,,,,,,,,,,,,,,,,,,,0.0,0.0,0.0,,,,,,,,,,,,,,,,,,,,,,,,,,,,,,,,,,,,,0.0,0.0,0.0,,,,,,,,,,,,,,,,,,,,,,,,,,,,,,,,,,,,,,,
Malaysia,1945,MYS,5454871.0,,,,,,,,,,,,,,,,,-44.712,-1.514,343.258,1.872,,,,,,,,,,,,,,,,,,,,,,,,,0.0,0.0,0.0,,,,,,,,,,,,,,,,,,,,,,,,,,,,,,,,,,,,,0.0,0.0,0.0,,,,,,,,,,,,,,,,,,,,,,,,,,,,,,,,,,,,,,,
Malaysia,1946,MYS,5547780.0,,,,,,,,,,,,,,,,,-0.87,-0.016,334.575,1.856,,,,,,,,,,,,,,,,,,,,,,,,,0.0,0.0,0.0,,,,,,,,,,,,,,,,,,,,,,,,,,,,,,,,,,,,,0.0,0.0,0.0,,,,,,,,,,,,,,,,,,,,,,,,,,,,,,,,,,,,,,,
Malaysia,1947,MYS,5642272.0,9859344384.0,,,,,,,,,,,,,,,,0.877,0.016,331.857,1.872,,,,,,,,,,,,,,,,,,,,,,,,,0.0,0.0,0.0,,,,,,,,,,,,,,,,,,,,,,,,,,,,,,,,,,,,,0.291,51.531,0.291,,,,,,,,,,,,,,,,,,,,,,,,,,,,,,,,,,,,,,,
Malaysia,1948,MYS,5738373.0,11186658304.0,,,,,,,,,,,,,,,,65.652,1.229,540.523,3.102,,,,,,,,,,,,,,,,,,,,,,,,,0.0,0.0,0.0,,,,,,,,,,,,,,,,,,,,,,,,,,,,,,,,,,,,88.0,0.256,95.255,0.547,,,,,,,,,,,,,,,,,,,,,,,,,,,,,,,,,,,,,,,
Malaysia,1949,MYS,5848384.0,14788840448.0,,,,,,,,,,,,,,,,3.15,0.098,547.059,3.199,,,,,,,,,,,,,,,,,,,,,,,,,0.0,0.0,0.0,,,,,,,,,,,,,,,,,,,,,,,,,,,,,,,,,,,,23.404,0.128,115.338,0.675,,,,,,,,,,,,,,,,,,,,,,,,,,,,,,,,,,,,,,,
Malaysia,1950,MYS,5972878.0,15987990528.0,,,,,,,,,,,,,,,,7.379,0.236,575.184,3.436,,,,,,,,,,,,,,,,,,,,,,,,,0.0,0.0,0.0,,,,,,,,,,,,,,,,,,,,,,,,,,,,,,,,,,,,0.0,0.0,112.934,0.675,,,,,,,,,,,,,,,,,,,,,,,,,,,,,,,,,,,,,,,
Malaysia,1951,MYS,6118741.0,15105320960.0,,,,,,,,,,,,,,,,-7.82,-0.269,517.565,3.167,,,,,,,,,,,,,,,,,,,,,,,,,0.0,0.0,0.0,,,,,,,,,,,,,,,,,,,,,,,,,,,,,,,,,,,,-10.345,-0.07,98.837,0.605,,,,,,,,,,,,,,,,,,,,,,,,,,,,,,,,,,,,,,,
Malaysia,1952,MYS,6273221.0,15824946176.0,,,,,,,,,,,,,,,,-17.738,-0.562,415.276,2.605,,,,,,,,,,,,,,,,,,,,,,,,,0.0,0.0,0.0,,,,,,,,,,,,,,,,,,,,,,,,,,,,,,,,,,,,-1.923,-0.012,94.55,0.593,,,,,,,,,,,,,,,,,,,,,,,,,,,,,,,,,,,,,,,
Malaysia,1953,MYS,6435030.0,15901922304.0,,,,,,,,,,,,,,,,-9.062,-0.236,368.146,2.369,,,,,,,,,,,,,,,,,,,,,,,,,0.0,0.0,0.0,,,,,,,,,,,,,,,,,,,,,,,,,,,,,,,,,,,,-1.961,-0.012,90.365,0.581,,,,,,,,,,,,,,,,,,,,,,,,,,,,,,,,,,,,,,,
Malaysia,1954,MYS,6605400.0,16904214528.0,,,,,,,,,,,,,,,,-21.306,-0.505,282.237,1.864,,,,,,,,,,,,,,,,,,,,,,,,,0.0,0.0,0.0,,,,,,,,,,,,,,,,,,,,,,,,,,,,,,,,,,,,42.0,0.244,125.008,0.826,,,,,,,,,,,,,,,,,,,,,,,,,,,,,,,,,,,,,,,
Malaysia,1955,MYS,6786083.0,17014372352.0,,,,,,,,,,,,,,,,-8.734,-0.163,250.729,1.701,,,,,,,,,,,,,,,,,,,,,,,,,0.0,0.0,0.0,,,,,,,,,,,,,,,,,,,,,,,,,,,,,,,,,,,,-5.634,-0.047,114.825,0.779,,,,,,,,,,,,,,,,,,,,,,,,,,,,,,,,,,,,,,,
Malaysia,1956,MYS,6977026.0,18039670784.0,,,,,,,,,,,,,,,,-11.483,-0.195,215.863,1.506,,,,,,,,,,,,,,,,,,,,,,,,,0.0,0.0,0.0,,,,,,,,,,,,,,,,,,,,,,,,,,,,,,,,,,,,7.463,0.058,120.017,0.837,,,,,,,,,,,,,,,,,,,,,,,,,,,,,,,,,,,,,,,
Malaysia,1957,MYS,7178108.0,17947285504.0,,,,,,,,,,,,,,,,-16.216,-0.244,175.792,1.262,,,,,,,,,,,,,,,,,,,,,,,,,0.0,0.0,0.0,,,,,,,,,,,,,,,,,,,,,,,,,,,,,,,,,,,,-6.944,-0.058,108.554,0.779,,,,,,,,,,,,,,,,,,,,,,,,,,,,,,,,,,,,,,,
Malaysia,1958,MYS,7385695.0,17939273728.0,,,,,,,,,,,,,,,,-56.129,-0.708,74.954,0.554,,,,,,,,,,,,,,,,,,,,,,,,,0.0,0.0,0.0,,,,,,,,,,,,,,,,,,,,,,,,,,,,,,,,,,,,-13.433,-0.105,91.331,0.675,,,,,,,,,,,,,,,,,,,,,,,,,,,,,,,,,,,,,,,
Malaysia,1959,MYS,7602946.0,19161571328.0,,,,,,,,,,,,,,,,13.235,0.073,82.449,0.627,,,,,,,,,,,,,,,,,,,,,,,,,0.0,0.0,0.0,,,,,,,,,,,,,,,,,,,,,,,,,,,,,,,,,,,,-3.448,-0.023,85.662,0.651,,,,,,,,,,,,,,,,,,,,,,,,,,,,,,,,,,,,,,,
Malaysia,1960,MYS,7833788.0,20557094912.0,,,,,,,,,,,,,,,,-90.909,-0.57,7.275,0.057,,,,,,,,,,,,,,,,,,,,,,,,,0.0,0.0,0.0,,,,,,,,,,,,,,,,,,,,,,,,,,,,,,,,,,,,7.143,0.047,89.076,0.698,,,,,,,,,,,,,,,,,,,,,,,,,,,,,,,,,,,,,,,
Malaysia,1961,MYS,8074800.0,21987710976.0,,,,,,,,,,,,,,,,-100.0,-0.057,0.0,0.0,,,,,,,,,,,,,,,,,,,,,,,,,0.0,0.0,0.0,,,,,,,,,,,,,,,,,,,,,,,,,,,,,,,,,,,,0.0,0.0,86.417,0.698,,,,,,,,,,,,,,,,,,,,,,,,,,,,,,,,,,,,,,,
Malaysia,1962,MYS,8324221.0,23236757504.0,,,,,,,,,,,,,,,,,0.0,0.0,0.0,,,,,,,,,,,,,,,,,,,,,,,,,0.0,0.0,0.0,,,,,,,,,,,,,,,,,,,,,,,,,,,,,,,,,,,,-3.333,-0.023,81.033,0.675,,,,,,,,,,,,,,,,,,,,,,,,,,,,,,,,,,,,,,,
Malaysia,1963,MYS,8579358.0,24334878720.0,,,,,,,,,,,,,,,,,0.0,0.0,0.0,,,,,,,,,,,,,,,,,,,,,,,,,0.0,0.0,0.0,,,,,,,,,,,,,,,,,,,,,,,,,,,,,,,,,,,,-10.345,-0.07,70.49,0.605,,,,,,,,,,,,,,,,,,,,,,,,,,,,,,,,,,,,,,,
Malaysia,1964,MYS,8835933.0,25880614912.0,,,,,,,,,,,,,,,,,0.0,0.0,0.0,,,,,,,,,,,,,,,,,,,,,,,,,0.0,0.0,0.0,,,,,,,,,,,,,,,,,,,,,,,,,,,,,,,,,,,,-5.769,-0.035,64.495,0.57,,,,,,,,,,,,,,,,,,,,,,,,,,,,,,,,,,,,,,,
Malaysia,1965,MYS,9091017.0,27746652160.0,,,0.0,0.0,,,,,,,,19.189,0.174,,,,0.0,0.0,0.0,,,,,,,,3639.461,1.192,,,,,,,,,,,,,,,,0.0,0.0,0.0,,,,,,1.736,64.569,0.587,190.931,,,,,1.736,64.569,0.587,190.931,,,,,,,0.0,0.0,0.0,0.0,,,,,31.176,,,3429.342,-2.5,-0.014,61.118,0.556,,,0.0,0.0,,,,0.0,,0.0,,,,,33.086,,,1.736,64.569,0.587,190.931,,,,,0.0,0.0,0.0,0.0,,,,,,,,,,
Malaysia,1966,MYS,9340245.0,29125220352.0,,0.0,0.0,0.0,,,,,,33.333,0.058,24.903,0.233,,,,0.0,0.0,0.0,,,,,,15.674,5.186,4097.59,1.314,,,,,,,,,,,,,,,,0.0,0.0,0.0,,,,17.888,0.31,2.046,74.088,0.692,219.077,,,17.888,0.31,2.046,74.088,0.692,219.077,,,,,,0.0,0.0,0.0,0.0,0.0,,,15.452,4.817,35.994,,,3853.61,0.0,0.0,59.487,0.556,,,0.0,0.0,,,0.0,0.0,,0.0,,,,,38.272,17.888,0.31,2.046,74.088,0.692,219.077,,,,0.0,0.0,0.0,0.0,0.0,,,,,,,,,,
Malaysia,1967,MYS,9582092.0,29621778432.0,,0.0,0.0,0.0,,,,,,-40.0,-0.093,14.565,0.14,,,,0.0,0.0,0.0,,,,,,7.393,2.83,4289.468,1.388,,,,,,,,,,,,,,,,0.0,0.0,0.0,,,,4.769,0.098,2.144,75.662,0.725,223.732,,,4.769,0.098,2.144,75.662,0.725,223.732,,,,,,0.0,0.0,0.0,0.0,0.0,,,7.849,2.825,38.819,,,4051.172,0.0,0.0,57.985,0.556,,,0.0,0.0,,,0.0,0.0,,0.0,,,,,41.102,4.769,0.098,2.144,75.662,0.725,223.732,,,,0.0,0.0,0.0,0.0,0.0,,,,,,,,,,
Malaysia,1968,MYS,9821309.0,32227313664.0,,0.0,0.0,0.0,,,,,,0.0,0.0,14.21,0.14,,,,0.0,0.0,0.0,,,,,,3.408,1.401,4327.603,1.319,,,,,,,,,,,,,,,,0.0,0.0,0.0,,,,10.897,0.234,2.377,81.863,0.804,242.067,,,10.897,0.234,2.377,81.863,0.804,242.067,,,,,,0.0,0.0,0.0,0.0,0.0,,,3.006,1.167,39.986,,,4071.325,301.096,1.673,226.912,2.229,,,0.0,0.0,,,0.0,0.0,,0.0,,,,,42.503,10.897,0.234,2.377,81.863,0.804,242.067,,,,0.0,0.0,0.0,0.0,0.0,,,,,,,,,,
Malaysia,1969,MYS,10061684.0,34076721152.0,,0.0,0.0,0.0,,,,,,25.0,0.035,17.338,0.174,,,,0.0,0.0,0.0,,,,,,9.721,4.132,4634.87,1.369,,,,,,,,,,,,,,,,0.0,0.0,0.0,,,,26.119,0.621,2.998,100.778,1.014,298.0,,,26.119,0.621,2.998,100.778,1.014,298.0,,,,,,0.0,0.0,0.0,0.0,0.0,,,8.693,3.476,43.462,,,4319.532,124.385,2.772,496.994,5.001,,,0.0,0.0,,,0.0,0.0,,0.0,,,,,46.635,26.119,0.621,2.998,100.778,1.014,298.0,,,,0.0,0.0,0.0,0.0,0.0,,,,,,,,,,
Malaysia,1970,MYS,10306509.0,36156456960.0,,0.0,0.0,0.0,,,,0.0,,6.667,0.012,18.055,0.186,,,,0.0,0.0,0.0,,0.42,,,,-5.085,-2.372,4294.667,1.224,,,,,3949.808,40.709,,91.97,,,0.081,,,7.899,,0.0,0.0,0.0,,0.184,,18.54,0.556,3.554,116.625,1.202,344.86,,8.03,18.54,0.556,3.554,116.625,1.202,344.86,,8.03,,,,0.0,0.0,0.0,0.0,0.0,,0.0,-6.95,-3.021,40.441,,,3923.854,100.0,5.001,970.376,10.001,,91.366,0.0,0.0,,,0.0,0.0,,0.0,,,0.0,,44.263,18.54,0.556,3.554,116.625,1.202,344.86,,8.03,,0.0,0.0,0.0,0.0,0.0,,0.0,,,,,,,,
Malaysia,1971,MYS,10552565.0,38820380672.0,,0.0,0.0,0.0,,,,0.0,,156.25,0.291,45.186,0.477,,,,0.0,0.0,0.0,,0.964,,,,11.701,5.179,4685.328,1.274,13.856,5.64,,,4392.223,46.349,,93.744,917.99,0.747,0.829,,,78.535,,0.829,78.535,0.829,,1.676,,-12.978,-0.461,3.093,99.123,1.046,293.105,,6.256,-12.978,-0.461,3.093,99.123,1.046,293.105,,6.256,,,,0.0,0.0,0.0,0.0,0.0,,0.0,11.38,4.602,45.044,,,4268.501,283.333,28.337,3633.041,38.338,,91.104,0.0,0.0,,,0.0,0.0,,0.0,,,0.0,,49.442,-12.978,-0.461,3.093,99.123,1.046,293.105,,6.256,,0.0,0.0,0.0,0.0,0.0,,0.0,,,0.0,0.0,0.0,0.0,,0.0
Malaysia,1972,MYS,10801631.0,41749893120.0,,0.0,0.0,0.0,,,,0.0,,153.659,0.733,111.976,1.21,,,,0.0,0.0,0.0,,2.196,,,,11.387,5.63,5098.503,1.319,11.458,5.311,,,4782.59,51.66,,93.804,40.031,0.332,1.161,,,107.438,40.031,0.332,107.438,1.161,,2.107,,10.325,0.319,3.412,106.836,1.154,315.912,,6.196,10.325,0.319,3.412,106.836,1.154,315.912,,6.196,,,,0.0,0.0,0.0,0.0,0.0,,0.0,9.427,4.246,49.29,,,4563.177,35.152,13.476,4796.904,51.814,,89.5,0.0,0.0,,,0.0,0.0,,0.0,,,0.0,,55.072,10.325,0.319,3.412,106.836,1.154,315.912,,6.196,,0.0,0.0,0.0,0.0,0.0,,0.0,,0.0,0.0,0.0,0.0,0.0,,0.0
Malaysia,1973,MYS,11062667.0,47796125696.0,,0.0,0.0,0.0,,,,0.0,,-4.808,-0.058,104.077,1.151,,,,0.0,0.0,0.0,,1.984,,,,5.365,2.955,5245.301,1.214,5.983,3.091,,,4949.139,54.751,,94.354,0.0,0.0,1.161,,,104.903,0.0,0.0,104.903,1.161,,2.0,,-3.986,-0.136,3.276,100.157,1.108,296.162,,5.646,-3.986,-0.136,3.276,100.157,1.108,296.162,,5.646,,,,0.0,0.0,0.0,0.0,0.0,,0.0,6.389,3.149,52.439,,,4740.159,-2.418,-1.253,4570.469,50.562,,90.37,0.0,0.0,,,0.0,0.0,,0.0,,,0.0,,58.027,-3.986,-0.136,3.276,100.157,1.108,296.162,,5.646,,0.0,0.0,0.0,0.0,0.0,,0.0,,0.0,0.0,0.0,0.0,0.0,,0.0
Malaysia,1974,MYS,11335200.0,51361124352.0,,0.0,0.0,0.0,,,,0.0,,0.0,0.0,101.575,1.151,,,,0.0,0.0,0.0,,1.957,,,,1.381,0.801,5189.881,1.145,2.014,1.103,,,4927.448,55.854,,94.943,108.466,1.259,2.419,,,213.428,108.466,1.259,213.429,2.419,,4.112,,-9.206,-0.302,2.975,88.75,1.006,262.433,,5.057,-9.206,-0.302,2.975,88.75,1.006,262.433,,5.057,,,,0.0,0.0,0.0,0.0,0.0,,0.0,-0.297,-0.156,52.283,,,4612.445,-10.989,-5.556,3970.407,45.005,,88.874,0.0,0.0,,,0.0,0.0,,0.0,,,0.0,,58.828,-9.206,-0.302,2.975,88.75,1.006,262.433,,5.057,,0.0,0.0,0.0,0.0,0.0,,0.0,,0.0,0.0,0.0,0.0,0.0,,0.0
Malaysia,1975,MYS,11617957.0,51780284416.0,,0.0,0.0,0.0,,,,0.0,,-90.909,-1.047,9.009,0.105,,,,0.0,0.0,0.0,,0.173,,,,3.138,1.846,5222.444,1.172,3.31,1.849,,,4966.652,57.702,,95.102,20.543,0.497,2.916,,,251.012,20.543,0.497,251.013,2.916,,4.806,,-0.099,-0.003,2.972,86.504,1.005,255.791,,4.898,-0.099,-0.003,2.972,86.504,1.005,255.791,,4.898,,,,0.0,0.0,0.0,0.0,0.0,,0.0,4.587,2.398,54.681,,,4706.63,20.988,9.446,4686.791,54.451,,90.123,0.0,0.0,,,0.0,0.0,,0.0,,,0.0,,60.674,-0.099,-0.003,2.972,86.504,1.005,255.791,,4.898,,0.0,0.0,0.0,0.0,0.0,,0.0,,0.0,0.0,0.0,0.0,0.0,,0.0
Malaysia,1976,MYS,11910081.0,58225278976.0,,0.0,0.0,0.0,,,,0.0,,11.111,0.012,9.765,0.116,,,,0.0,0.0,0.0,,0.172,,,,11.662,7.076,5688.449,1.164,12.555,7.244,,,5453.083,64.947,,95.862,19.049,0.556,3.472,,,291.497,19.049,0.556,291.498,3.472,,5.124,,-5.672,-0.169,2.803,79.596,0.948,235.366,,4.138,-5.672,-0.169,2.803,79.596,0.948,235.366,,4.138,,,,0.0,0.0,0.0,0.0,0.0,,0.0,12.211,6.677,61.359,,,5151.822,70.875,38.592,7812.125,93.043,,90.566,0.0,0.0,,,0.0,0.0,,0.0,,,0.0,,67.75,-5.672,-0.169,2.803,79.596,0.948,235.366,,4.138,,0.0,0.0,0.0,0.0,0.0,,0.0,,0.0,0.0,0.0,0.0,0.0,,0.0
Malaysia,1977,MYS,12218924.0,62980902912.0,,0.0,0.0,0.0,,,,0.0,,10.0,0.012,10.47,0.128,,,,0.0,0.0,0.0,,0.161,,,,16.974,11.5,6485.843,1.258,18.522,12.029,,,6299.744,76.976,,97.131,-8.497,-0.295,3.177,,,259.985,-8.497,-0.295,259.987,3.177,,4.009,,-18.882,-0.529,2.274,62.935,0.769,186.099,,2.869,-18.882,-0.529,2.274,62.935,0.769,186.099,,2.869,,,,0.0,0.0,0.0,0.0,0.0,,0.0,20.067,12.313,73.671,,,6029.289,9.281,8.636,8321.418,101.679,,92.961,0.0,0.0,,,0.0,0.0,,0.0,,,0.0,,79.25,-18.882,-0.529,2.274,62.935,0.769,186.099,,2.869,,0.0,0.0,0.0,0.0,0.0,,0.0,,0.0,0.0,0.0,0.0,0.0,,0.0
Malaysia,1978,MYS,12543894.0,68504293376.0,,0.0,0.0,0.0,,,,0.0,,118.182,0.151,22.251,0.279,,,,0.0,0.0,0.0,,0.265,,,,32.832,26.019,8392.062,1.537,33.283,25.62,,,8178.974,102.596,,97.461,639.885,20.327,23.504,,,1873.759,644.646,20.479,1885.826,23.656,,22.328,,17.549,0.399,2.673,72.063,0.904,213.09,,2.539,17.549,0.399,2.673,72.063,0.904,213.09,,2.539,,,,0.0,0.0,0.0,0.0,0.0,,0.0,6.979,5.141,78.813,,,6282.963,18.033,18.336,9567.547,120.014,,74.868,0.0,0.0,,,0.0,0.0,,0.0,,,0.0,,105.269,17.549,0.399,2.673,72.063,0.904,213.09,,2.539,,0.0,0.0,0.0,0.0,0.0,,0.0,,0.0,0.0,0.0,0.0,0.0,,0.0
Malaysia,1979,MYS,12875017.0,74075578368.0,,0.0,0.0,0.0,,,,0.0,,41.667,0.116,30.712,0.395,,,,0.0,0.0,0.0,,0.327,,,,15.01,15.801,9403.491,1.634,14.826,15.211,,,9150.046,117.807,,97.305,24.443,5.745,29.249,,,2271.799,24.09,5.699,2279.928,29.354,,24.159,,22.078,0.59,3.263,85.71,1.104,253.445,,2.695,22.078,0.59,3.263,85.71,1.104,253.445,,2.695,,,,0.0,0.0,0.0,0.0,0.0,,0.0,11.863,9.349,88.162,,,6847.535,30.556,36.671,12169.719,156.685,,72.819,0.0,0.0,,,0.0,0.0,,0.0,,,0.0,,121.07,22.078,0.59,3.263,85.71,1.104,253.445,,2.695,,0.0,0.0,0.0,0.0,0.0,,0.0,,0.0,0.0,0.0,0.0,0.0,,0.0
Malaysia,1980,MYS,13215709.0,80232407040.0,,0.0,0.0,0.0,,,,0.0,,47.059,0.186,44.001,0.581,,,,0.0,0.0,0.0,,0.459,,,,4.577,5.541,9580.384,1.578,3.938,4.639,,,9265.178,122.446,,96.71,-11.054,-3.233,26.016,,,1968.59,-11.054,-3.245,1975.63,26.109,,20.548,,27.66,0.903,4.166,106.597,1.409,315.206,,3.29,27.66,0.903,4.166,106.597,1.409,315.206,,3.29,,,,0.0,0.0,0.0,0.0,0.0,,0.0,8.718,7.686,95.848,,,7252.587,-1.86,-2.914,11635.527,153.772,,75.702,0.0,0.0,,,0.0,0.0,,0.0,,,0.0,,126.612,27.66,0.903,4.166,106.597,1.409,315.206,,3.29,,0.0,0.0,0.0,0.0,0.0,,0.0,,0.0,0.0,0.0,0.0,0.0,,0.0
Malaysia,1981,MYS,13564596.0,85915672576.0,,0.0,0.0,0.0,,,,0.0,,86.0,0.5,79.736,1.082,,,,0.0,0.0,0.0,,0.826,,,,3.38,4.28,9649.489,1.523,3.127,3.829,,,9309.121,126.274,,96.473,-15.914,-4.14,21.876,,,1612.73,-15.768,-4.117,1621.304,21.992,,16.713,,10.833,0.451,4.617,115.106,1.561,340.368,,3.527,10.833,0.451,4.617,115.106,1.561,340.368,,3.527,,,,0.0,0.0,0.0,0.0,0.0,,0.0,7.792,7.469,103.317,,,7616.655,-6.416,-9.866,10608.943,143.906,,78.933,0.0,0.0,,,0.0,0.0,,0.0,,,0.0,,130.891,10.833,0.451,4.617,115.106,1.561,340.368,,3.527,,0.0,0.0,0.0,0.0,0.0,,0.0,,0.0,0.0,0.0,0.0,0.0,,0.0
Malaysia,1982,MYS,13921034.0,91022696448.0,,0.0,0.0,0.0,,,,0.0,,-8.602,-0.093,71.011,0.989,,,,0.0,0.0,0.0,,0.705,,,,7.082,9.269,10068.274,1.54,7.478,9.443,,,9749.091,135.717,,96.83,25.89,5.664,27.54,,,1978.29,25.806,5.675,1987.479,27.668,,19.649,,-3.759,-0.174,4.443,107.942,1.503,319.185,,3.17,-3.759,-0.174,4.443,107.942,1.503,319.185,,3.17,,,,0.0,0.0,0.0,0.0,0.0,,0.0,3.748,3.872,107.189,,,7699.79,17.375,25.003,12133.367,168.909,,76.476,0.0,0.0,,,0.0,0.0,,0.0,,,0.0,,140.161,-3.759,-0.174,4.443,107.942,1.503,319.185,,3.17,,0.0,0.0,0.0,0.0,0.0,,0.0,,0.0,0.0,0.0,0.0,0.0,,0.0
Malaysia,1983,MYS,14292864.0,96580485120.0,,0.0,0.0,0.0,,,,0.0,,160.0,1.582,179.826,2.57,,,,0.0,0.0,0.0,,1.597,,,,14.841,20.801,11261.694,1.667,14.79,20.072,,,10899.81,155.789,,96.787,40.16,11.06,38.6,,,2700.646,141.152,39.054,4668.155,66.721,,23.981,,16.406,0.729,5.172,122.383,1.749,361.885,,3.213,16.406,0.729,5.172,122.383,1.749,361.885,,3.213,,,,0.0,0.0,0.0,0.0,0.0,,0.0,6.932,7.43,114.619,,,8019.337,26.645,45.005,14966.515,213.914,,71.209,0.0,0.0,,,0.0,0.0,,0.0,,,0.0,,160.962,16.406,0.729,5.172,122.383,1.749,361.885,,3.213,,0.0,0.0,0.0,0.0,0.0,,0.0,,0.0,0.0,0.0,0.0,0.0,,0.0
Malaysia,1984,MYS,14686459.0,104084234240.0,,0.0,0.0,0.0,,,,0.0,,8.145,0.209,189.261,2.78,,,,0.0,0.0,0.0,,1.602,,,,7.772,12.51,11811.673,1.667,4.799,7.476,,,11116.755,163.266,,94.117,23.893,9.223,47.823,,,3256.235,51.909,34.634,6901.286,101.355,,27.568,,97.315,5.034,10.206,235.009,3.451,694.919,,5.883,97.315,5.034,10.206,235.009,3.451,694.919,,5.883,,,,0.0,0.0,0.0,0.0,0.0,,0.0,-1.706,-1.956,112.664,,,7671.259,16.162,34.572,16919.41,248.486,,64.946,0.0,0.0,,,0.0,0.0,,0.0,,,0.0,,173.472,97.315,5.034,10.206,235.009,3.451,694.919,,5.883,,0.0,0.0,0.0,0.0,0.0,,0.0,,0.0,0.0,0.0,0.0,0.0,,0.0
Malaysia,1985,MYS,15108141.0,103003217920.0,,0.0,0.0,0.0,,,,0.0,,33.473,0.93,245.561,3.71,0.0,0.0,,0.0,0.0,0.0,0.0,2.158,,14.944,8.694,-0.915,-1.588,11376.896,1.669,-1.547,-2.525,742.05,11.211,10639.337,160.741,75.02,93.517,-3.429,-1.64,46.183,145.22,2.194,3056.811,10.488,10.63,7412.247,111.985,14.681,26.869,,9.184,0.937,11.143,249.43,3.768,737.561,25.217,6.483,9.184,0.937,11.143,249.43,3.768,737.561,25.217,6.483,,,,0.0,0.0,0.0,0.0,0.0,0.0,0.0,-1.612,-1.816,110.848,596.831,9.017,7336.965,-0.497,-1.235,16365.46,247.252,60.339,64.49,0.0,0.0,,,0.0,0.0,,0.0,0.0,,0.0,989.136,171.884,9.184,0.937,11.143,249.43,3.768,737.561,25.217,6.483,,0.0,0.0,0.0,0.0,0.0,0.0,0.0,,0.0,0.0,0.0,0.0,0.0,0.0,0.0
Malaysia,1986,MYS,15558747.0,104308424704.0,,0.0,0.0,0.0,,,,0.0,,-25.705,-0.954,177.155,2.756,0.0,0.0,,0.135,8.667,0.135,0.0,1.461,,16.131,8.55,9.76,16.775,12125.577,1.809,9.788,15.734,774.42,12.049,11342.441,176.474,74.695,93.541,55.175,25.481,71.664,183.948,2.862,4606.03,34.49,38.623,9679.989,150.609,17.742,37.986,,9.346,1.041,12.185,264.842,4.121,783.134,25.545,6.459,9.346,1.041,12.185,264.842,4.121,783.134,25.545,6.459,,,,0.0,0.0,0.0,0.0,0.0,0.0,0.0,-7.933,-8.794,102.054,590.472,9.187,6559.257,12.36,30.559,17855.605,277.811,56.952,54.094,0.0,0.0,,,0.0,0.0,,0.0,0.0,,0.0,1036.78,188.659,9.346,1.041,12.185,264.842,4.121,783.134,25.545,6.459,,0.0,0.0,0.0,0.0,0.0,0.0,0.0,,0.0,0.0,0.0,0.0,0.0,0.0,0.0
Malaysia,1987,MYS,16033107.0,109808533504.0,,0.0,0.0,0.0,,,,0.0,,37.975,1.047,237.197,3.803,0.0,0.0,306.296,0.413,34.174,0.548,0.0,1.955,,17.421,8.955,3.112,5.87,12132.969,1.772,1.91,3.371,779.761,12.502,11217.115,179.845,71.764,92.452,-0.243,-0.174,71.49,207.695,3.33,4458.875,8.124,12.235,10156.688,162.843,19.115,36.75,,20.513,2.499,14.684,309.725,4.966,915.854,28.505,7.548,20.513,2.499,14.684,309.725,4.966,915.854,28.505,7.548,,,,0.0,0.0,0.0,0.0,0.0,0.0,0.0,2.448,2.499,104.553,572.066,9.172,6521.043,-1.2,-3.334,17119.398,274.477,52.649,53.746,0.0,0.0,,,0.0,0.0,,0.0,0.0,,0.0,1086.564,194.529,20.513,2.499,14.684,309.725,4.966,915.854,28.505,7.548,,0.0,0.0,0.0,0.0,0.0,0.0,0.0,,0.0,0.0,0.0,0.0,0.0,0.0,0.0
Malaysia,1988,MYS,16524616.0,119529209856.0,,0.0,0.0,0.0,,,,0.0,,-20.489,-0.779,182.988,3.024,15.553,0.257,2.299,0.013,33.919,0.561,1.328,1.478,,19.352,9.458,5.178,10.073,12381.688,1.712,4.347,7.817,827.674,13.677,11356.526,187.662,70.675,91.72,2.017,1.442,72.932,243.879,4.03,4413.52,3.235,5.268,10173.407,168.112,20.825,35.646,,15.366,2.256,16.94,346.691,5.729,1025.161,29.604,8.28,15.366,2.256,16.94,346.691,5.729,1025.161,29.604,8.28,,,,0.0,0.0,0.0,0.0,0.0,0.0,0.0,6.843,7.154,111.707,568.243,9.39,6760.018,8.998,24.697,18104.744,299.174,48.522,54.597,0.0,0.0,,,0.0,0.0,,0.0,0.0,,0.0,1171.101,204.603,15.366,2.256,16.94,346.691,5.729,1025.161,29.604,8.28,,0.0,0.0,0.0,0.0,0.0,0.0,0.0,,0.0,0.0,0.0,0.0,0.0,0.0,0.0
Malaysia,1989,MYS,17020144.0,130700369920.0,,0.0,0.0,0.0,,,,0.0,,360.385,10.897,817.92,13.921,127.555,2.171,21.903,0.123,40.145,0.683,10.091,6.079,,21.515,9.396,11.921,24.39,13454.194,1.752,13.681,25.674,955.926,16.27,12534.345,213.336,75.622,93.163,14.511,10.583,83.515,240.127,4.087,4906.834,8.232,13.84,10690.354,181.951,18.996,36.471,,-7.582,-1.284,15.656,311.077,5.295,919.85,24.609,6.837,-7.582,-1.284,15.656,311.077,5.295,919.85,24.609,6.837,,,,0.0,0.0,0.0,0.0,0.0,0.0,0.0,3.754,4.194,115.9,588.244,10.012,6809.59,8.743,26.156,19114.416,325.33,46.535,50.613,0.0,0.0,,,0.0,0.0,,0.0,0.0,,0.0,1264.09,228.992,-7.582,-1.284,15.656,311.077,5.295,919.85,24.609,6.837,,0.0,0.0,0.0,0.0,0.0,0.0,0.0,,0.0,0.0,0.0,0.0,0.0,0.0,0.0
Malaysia,1990,MYS,17517060.0,143192113152.0,,0.0,0.0,0.0,,,,0.0,,10.703,1.49,879.775,15.411,167.38,2.932,2.31,0.016,39.907,0.699,12.739,6.395,,23.016,9.551,5.237,11.993,13757.189,1.683,7.379,15.742,1086.198,19.027,13077.46,229.079,82.669,95.059,-5.292,-4.419,79.096,316.263,5.54,4515.348,-1.01,-1.838,10282.194,180.114,24.07,32.822,,-23.947,-3.749,11.907,229.872,4.027,679.73,17.495,4.941,-23.947,-3.749,11.907,229.872,4.027,679.73,17.495,4.941,,,,0.0,0.0,0.0,0.0,0.0,0.0,0.0,16.11,18.672,134.572,602.555,10.555,7682.336,5.636,18.336,19618.91,343.666,45.859,55.842,0.0,0.0,,,0.0,0.0,,0.0,0.0,,0.0,1313.919,240.986,-23.947,-3.749,11.907,229.872,4.027,679.73,17.495,4.941,,0.0,0.0,0.0,0.0,0.0,0.0,0.0,,0.0,0.0,0.0,0.0,0.0,0.0,0.0
Malaysia,1991,MYS,18017470.0,157980852224.0,,0.0,0.0,0.0,,,,0.0,,17.798,2.743,1007.573,18.154,192.757,3.473,62.047,0.434,62.872,1.133,13.08,6.014,,26.552,8.796,25.263,60.881,16754.076,1.911,26.031,59.631,1229.029,22.144,16023.865,288.71,83.399,95.642,48.684,38.507,117.603,428.806,7.726,6527.141,18.745,33.762,11870.463,213.876,29.098,38.959,,10.496,1.25,13.157,246.945,4.449,730.212,16.757,4.358,10.496,1.25,13.157,246.945,4.449,730.212,16.757,4.358,,,,0.0,0.0,0.0,0.0,0.0,0.0,0.0,13.659,18.381,152.953,607.466,10.945,8489.151,4.13,14.194,19861.828,357.86,41.221,50.669,0.0,0.0,,,0.0,0.0,,0.0,0.0,,0.0,1473.681,301.866,10.496,1.25,13.157,246.945,4.449,730.212,16.757,4.358,,0.0,0.0,0.0,0.0,0.0,0.0,0.0,,0.0,0.0,0.0,0.0,0.0,0.0,0.0
Malaysia,1992,MYS,18526708.0,173287833600.0,,0.0,0.0,0.0,,,,0.0,,4.994,0.907,1028.809,19.06,207.106,3.837,-2.342,-0.027,59.712,1.106,12.227,5.597,,31.381,9.215,12.816,38.688,18381.809,1.965,13.568,39.171,1462.489,27.095,17697.732,327.881,86.342,96.279,8.673,10.2,127.802,683.991,12.672,6898.261,4.687,10.025,12085.296,223.901,40.381,37.528,,-3.671,-0.483,12.674,231.342,4.286,684.075,13.658,3.721,-3.671,-0.483,12.674,231.342,4.286,684.075,13.658,3.721,,,,0.0,0.0,0.0,0.0,0.0,0.0,0.0,18.349,28.065,181.018,571.391,10.586,9770.662,1.605,5.742,19625.834,363.602,33.734,53.154,0.0,0.0,,,0.0,0.0,,0.0,0.0,,0.0,1693.831,340.554,-3.671,-0.483,12.674,231.342,4.286,684.075,13.658,3.721,,0.0,0.0,0.0,0.0,0.0,0.0,0.0,,0.0,0.0,0.0,0.0,0.0,0.0,0.0
Malaysia,1993,MYS,19050074.0,191825428480.0,,0.0,0.0,0.0,,,,0.0,,-16.402,-3.126,836.431,15.934,203.674,3.88,-31.117,-0.344,40.002,0.762,11.125,4.652,,34.877,10.183,0.576,1.96,17979.701,1.786,0.087,0.284,1576.075,30.024,17226.408,328.164,86.086,95.81,-1.793,-2.291,125.511,811.511,15.459,6588.476,7.745,17.34,12663.525,241.241,44.325,36.644,,13.229,1.677,14.35,254.75,4.853,753.292,13.914,4.19,13.229,1.677,14.35,254.75,4.853,753.292,13.914,4.19,,,,0.0,0.0,0.0,0.0,0.0,0.0,0.0,3.149,5.701,186.719,560.89,10.685,9801.502,-2.199,-7.997,18666.873,355.605,30.636,54.514,0.0,0.0,,,0.0,0.0,,0.0,0.0,,0.0,1830.825,342.515,13.229,1.677,14.35,254.75,4.853,753.292,13.914,4.19,,0.0,0.0,0.0,0.0,0.0,0.0,0.0,,0.0,0.0,0.0,0.0,0.0,0.0,0.0
Malaysia,1994,MYS,19588706.0,211032850432.0,,0.0,0.0,0.0,,,,0.0,,11.087,1.767,903.615,17.701,208.334,4.081,10.744,0.082,43.081,0.844,10.266,4.866,,39.754,10.929,6.196,21.223,18568.719,1.724,4.998,16.403,1698.489,33.271,17590.086,344.567,83.692,94.73,3.836,4.815,130.326,992.725,19.446,6653.108,5.92,14.282,13044.39,255.523,48.916,35.83,,33.587,4.82,19.17,330.956,6.483,978.633,16.308,5.27,33.587,4.82,19.17,330.956,6.483,978.633,16.308,5.27,,,,0.0,0.0,0.0,0.0,0.0,0.0,0.0,5.26,9.821,196.541,497.429,9.744,10033.363,1.757,6.248,18472.531,361.853,24.511,54.034,0.0,0.0,,,0.0,0.0,,0.0,0.0,,0.0,2029.445,363.737,33.587,4.82,19.17,330.956,6.483,978.633,16.308,5.27,,0.0,0.0,0.0,0.0,0.0,0.0,0.0,,0.0,0.0,0.0,0.0,0.0,0.0,0.0
Malaysia,1995,MYS,20136886.0,233476947968.0,,0.0,0.0,0.0,,,,0.0,,9.586,1.697,963.281,19.397,197.349,3.974,-16.418,-0.139,35.028,0.705,8.533,4.874,,46.575,11.704,9.406,34.214,19762.299,1.704,10.157,34.998,2004.108,40.356,18849.223,379.565,86.649,95.38,3.864,5.036,135.362,1263.676,25.447,6722.071,10.71,27.365,14048.256,282.888,54.636,34.015,,-4.088,-0.784,18.387,308.787,6.218,913.079,13.351,4.62,-4.088,-0.784,18.387,308.787,6.218,913.079,13.351,4.62,,,,0.0,0.0,0.0,0.0,0.0,0.0,0.0,14.381,28.265,224.806,543.083,10.936,11163.869,7.101,25.694,19245.646,387.547,23.481,56.491,0.0,0.0,,,0.0,0.0,,0.0,0.0,,0.0,2312.895,397.951,-4.088,-0.784,18.387,308.787,6.218,913.079,13.351,4.62,,0.0,0.0,0.0,0.0,0.0,0.0,0.0,,0.0,0.0,0.0,0.0,0.0,0.0,0.0
Malaysia,1996,MYS,20689060.0,258686615552.0,,0.0,0.0,0.0,,,,0.0,,0.479,0.093,942.066,19.49,201.894,4.177,95.536,0.674,66.664,1.379,7.821,4.387,,53.409,12.022,11.64,46.322,21473.818,1.717,13.01,49.379,2330.96,48.225,20732.895,428.944,90.294,96.55,20.38,27.586,162.948,1592.84,32.954,7876.043,27.775,78.572,17471.09,361.46,61.701,36.677,,-16.629,-3.058,15.329,250.567,5.184,740.924,9.706,3.45,-16.629,-3.058,15.329,250.567,5.184,740.924,9.706,3.45,,,,0.0,0.0,0.0,0.0,0.0,0.0,0.0,9.653,21.7,246.506,536.225,11.094,11914.784,1.413,5.474,18996.598,393.022,20.772,55.485,0.0,0.0,,,0.0,0.0,,0.0,0.0,,0.0,2581.527,444.273,-16.629,-3.058,15.329,250.567,5.184,740.924,9.706,3.45,,0.0,0.0,0.0,0.0,0.0,0.0,0.0,,0.0,0.0,0.0,0.0,0.0,0.0,0.0
Malaysia,1997,MYS,21249178.0,279679762432.0,,0.0,0.0,0.0,,,,0.0,,-3.28,-0.639,887.152,18.851,115.769,2.46,-0.457,-0.006,64.61,1.373,4.104,3.657,,59.935,11.628,16.021,71.178,24257.473,1.843,17.291,74.168,2624.208,55.762,23676.77,503.112,93.037,97.606,24.145,39.344,202.292,1956.605,41.576,9520.002,14.282,51.626,19440.092,413.086,69.369,39.246,,-19.502,-2.99,12.34,196.384,4.173,580.706,6.963,2.394,-19.502,-2.99,12.34,196.384,4.173,580.706,6.963,2.394,,,,0.0,0.0,0.0,0.0,0.0,0.0,0.0,14.386,35.463,281.968,551.833,11.726,13269.613,-0.876,-3.444,18333.758,389.577,19.564,54.703,0.0,0.0,,,0.0,0.0,,0.0,0.0,,0.0,2820.592,515.451,-19.502,-2.99,12.34,196.384,4.173,580.706,6.963,2.394,,0.0,0.0,0.0,0.0,0.0,0.0,0.0,,0.0,0.0,0.0,0.0,0.0,0.0,0.0
Malaysia,1998,MYS,21810542.0,260986650624.0,,0.0,0.0,0.0,,,,0.0,,6.72,1.267,922.401,20.118,167.58,3.655,44.495,0.611,90.956,1.984,5.698,4.061,,64.141,12.946,-3.882,-20.01,22715.672,1.898,-4.144,-20.85,2736.487,59.684,22111.412,482.262,93.051,97.34,1.041,2.105,204.397,2050.351,44.719,9371.488,-0.2,-0.826,18901.879,412.26,69.72,41.256,,6.806,0.84,13.179,204.351,4.457,604.263,6.949,2.66,6.806,0.84,13.179,204.351,4.457,604.263,6.949,2.66,,,,0.0,0.0,0.0,0.0,0.0,0.0,0.0,-8.59,-24.222,257.747,518.557,11.31,11817.521,1.569,6.112,18142.104,395.689,17.633,52.024,0.0,0.0,,,0.0,0.0,,0.0,0.0,,0.0,2940.838,495.441,6.806,0.84,13.179,204.351,4.457,604.263,6.949,2.66,,0.0,0.0,0.0,0.0,0.0,0.0,0.0,,0.0,0.0,0.0,0.0,0.0,0.0,0.0
Malaysia,1999,MYS,22368652.0,279023157248.0,,0.0,0.0,0.0,,,,0.0,,12.074,2.429,1007.978,22.547,202.158,4.522,-21.27,-0.422,69.823,1.562,6.633,4.259,,68.17,12.876,6.86,33.987,23668.324,1.897,5.15,24.835,2709.94,60.618,22670.0,507.097,88.922,95.782,13.821,28.249,232.647,2285.73,51.129,10400.561,2.429,10.013,18877.922,422.274,75.002,43.943,,69.441,9.152,22.331,337.615,7.552,998.325,11.078,4.218,69.441,9.152,22.331,337.615,7.552,998.325,11.078,4.218,,,,0.0,0.0,0.0,0.0,0.0,0.0,0.0,-2.267,-5.843,251.904,222.052,4.967,11261.462,-4.732,-18.723,16852.418,376.966,7.286,47.58,0.0,0.0,,,0.0,0.0,,0.0,0.0,,0.0,3047.555,529.429,69.441,9.152,22.331,337.615,7.552,998.325,11.078,4.218,,0.0,0.0,0.0,0.0,0.0,0.0,0.0,,0.0,0.0,0.0,0.0,0.0,0.0,0.0
Malaysia,2000,MYS,22945152.0,305415979008.0,,0.0,0.0,0.0,24.842,0.57,0.809,0.0,469.278,28.144,6.346,1259.213,28.893,176.072,4.04,54.839,0.856,105.397,2.418,5.733,4.727,70.45,70.47,11.529,15.456,81.829,26639.928,2.001,16.103,81.656,2741.756,62.91,25659.174,588.754,89.272,96.318,23.595,54.894,287.54,2437.988,55.94,12531.629,17.654,74.548,21652.59,496.822,79.381,47.041,33.07,-7.389,-1.65,20.681,304.639,6.99,901.331,9.919,3.383,0.171,0.172,22.504,329.481,7.56,980.757,10.728,3.682,-0.02,-0.028,,,,,,,,,8.105,20.417,272.321,127.696,2.93,11868.33,3.512,13.238,17005.932,390.204,4.158,44.551,1.822,0.571,,,1.822,24.881,,79.426,0.81,,0.298,3071.237,611.257,0.171,0.172,22.504,329.481,7.56,980.757,10.728,3.682,,0.0,0.0,0.0,0.0,0.0,0.0,0.0,,0.0,0.0,0.0,0.0,0.0,0.0,0.0
Malaysia,2001,MYS,23542522.0,309255241728.0,,0.0,0.0,0.0,24.212,0.57,0.747,0.0,487.23,19.509,5.637,1466.692,34.53,265.052,6.24,42.188,1.02,146.059,3.439,8.173,5.518,76.26,76.35,12.2,2.382,14.558,26582.326,2.024,2.957,17.408,2961.025,69.71,25747.527,606.162,91.303,96.86,-3.632,-10.444,277.096,2553.252,60.11,11770.038,-1.325,-6.583,20823.57,490.239,78.73,44.278,37.2,-13.269,-2.861,17.821,257.831,6.07,756.955,7.95,2.848,-12.225,-2.85,19.653,282.043,6.64,834.798,8.697,3.14,-0.09,-0.118,,,,,,,,,8.158,22.215,294.536,142.72,3.36,12510.797,-2.878,-11.229,16097.467,378.975,4.401,47.064,1.833,0.574,,0.559,0.01,24.385,,77.843,0.752,,0.293,3243.068,625.815,-12.225,-2.85,19.653,282.043,6.64,834.798,8.697,3.14,,0.0,0.0,0.0,0.0,0.0,0.0,0.0,,0.0,0.0,0.0,0.0,0.0,0.0,0.0
Malaysia,2002,MYS,24142448.0,328308785152.0,,0.0,0.0,0.0,16.568,0.4,0.496,0.0,510.113,22.585,7.799,1753.266,42.328,395.983,9.56,-35.348,-1.215,92.083,2.223,11.863,6.421,80.52,80.59,12.226,5.331,33.36,27303.566,2.008,5.925,35.917,3097.449,74.78,26595.418,642.078,92.791,97.406,1.368,3.791,280.888,2485.663,60.01,11634.602,3.191,15.642,20954.035,505.882,74.463,42.612,41.11,-10.732,-2.015,15.805,224.087,5.41,654.676,6.713,2.398,-12.36,-2.557,17.096,240.655,5.81,708.148,7.209,2.594,-0.07,-0.087,,,,,,,,,8.259,24.327,318.863,215.802,5.21,13207.55,5.009,18.984,16483.77,397.959,6.465,48.373,1.291,0.404,,-29.559,-0.542,16.751,,53.471,0.502,,0.196,3338.104,659.175,-12.36,-2.557,17.096,240.655,5.81,708.148,7.209,2.594,,0.0,0.0,0.0,0.0,0.0,0.0,0.0,,0.0,0.0,0.0,0.0,0.0,0.0,0.0
Malaysia,2003,MYS,24739420.0,349844013056.0,,0.0,0.0,0.0,16.977,0.42,0.507,0.0,522.233,45.964,19.456,2497.38,61.784,543.263,13.44,-50.425,-1.121,44.549,1.102,16.24,8.651,82.66,82.76,11.588,8.341,54.982,28867.148,2.041,8.72,55.987,3122.547,77.25,28216.721,698.065,93.342,97.747,7.751,21.771,302.659,2441.043,60.39,12233.88,4.219,21.341,21311.041,527.223,72.97,42.38,43.22,-6.002,-1.044,14.762,205.745,5.09,596.685,6.15,2.067,-5.377,-1.005,16.091,222.721,5.51,650.427,6.658,2.253,-0.1,-0.121,,,,,,,,,4.629,14.76,333.622,138.241,3.42,13485.46,3.494,13.905,16648.047,411.863,4.132,46.716,1.33,0.417,,2.992,0.039,16.835,,53.742,0.503,,0.186,3345.268,714.156,-5.377,-1.005,16.091,222.721,5.51,650.427,6.658,2.253,,0.0,0.0,0.0,0.0,0.0,0.0,0.0,,0.0,0.0,0.0,0.0,0.0,0.0,0.0
Malaysia,2004,MYS,25333250.0,376296144896.0,,0.0,0.0,0.0,22.895,0.58,0.608,0.0,545.521,24.755,15.295,3042.585,77.079,893.292,22.63,122.386,1.349,96.748,2.451,23.709,9.989,95.5,95.45,12.37,8.049,57.484,30459.574,2.051,7.976,55.675,3525.012,89.3,29753.021,753.741,93.557,97.68,8.023,24.283,326.943,2521.587,63.88,12905.67,14.074,74.199,23740.428,601.422,66.925,42.37,52.07,9.489,1.298,16.059,219.869,5.57,633.928,5.836,2.081,11.675,1.808,17.899,242.764,6.15,706.554,6.443,2.32,0.05,0.052,,,,,,,,,4.825,16.097,349.72,110.132,2.79,13804.766,2.522,10.388,16667.863,422.251,2.923,45.322,1.84,0.576,,38.382,0.51,22.751,,72.626,0.604,,0.238,3767.775,771.64,11.675,1.808,17.899,242.764,6.15,706.554,6.443,2.32,,0.0,0.0,0.0,0.0,0.0,0.0,0.0,,0.0,0.0,0.0,0.0,0.0,0.0,0.0
Malaysia,2005,MYS,25923540.0,397908672512.0,,0.0,0.0,0.0,22.759,0.59,0.6,0.0,550.361,3.875,2.987,3088.524,80.065,973.247,25.23,102.479,2.512,191.434,4.963,25.643,9.588,96.16,98.39,11.782,8.221,63.439,32213.139,2.099,8.258,62.246,3540.797,91.79,31476.67,815.987,93.292,97.714,14.311,46.787,373.73,2464.555,63.89,14416.628,12.566,75.578,26115.254,677.0,64.935,44.754,54.15,7.788,1.141,17.201,231.836,6.01,663.51,6.108,2.06,7.32,1.193,19.092,254.595,6.6,736.47,6.708,2.286,-2.23,-2.319,,,,,,,,,3.566,12.472,362.191,102.995,2.67,13971.517,-5.931,-25.046,15322.2,397.206,2.714,43.372,1.891,0.592,,2.8,0.052,22.856,,72.96,0.602,,0.226,3795.392,835.079,7.32,1.193,19.092,254.595,6.6,736.47,6.708,2.286,,0.0,0.0,0.0,0.0,0.0,0.0,0.0,,0.0,0.0,0.0,0.0,0.0,0.0,0.0
Malaysia,2006,MYS,26509416.0,423206289408.0,,0.072,2.714,0.072,23.388,0.62,0.6,0.009,549.637,5.937,4.753,3199.579,84.819,1004.549,26.63,14.34,0.712,214.049,5.674,25.792,10.052,100.93,103.25,12.236,1.048,8.754,31831.441,1.994,0.955,7.791,3633.049,96.31,31074.904,823.778,93.278,97.623,3.989,14.91,388.64,2542.116,67.39,14660.439,-0.346,-2.341,25449.783,674.659,65.269,46.056,56.75,5.261,0.791,17.991,238.406,6.32,678.683,6.121,2.132,6.355,0.963,20.055,261.794,6.94,756.533,6.722,2.377,-2.32,-2.299,,,,,,,,,-3.278,-11.872,350.319,86.384,2.29,13214.889,-5.792,-23.007,14115.672,374.198,2.218,41.515,1.992,0.624,,5.31,0.1,23.537,,75.136,0.604,,0.236,3894.843,843.833,6.355,0.963,20.055,261.794,6.94,756.533,6.722,2.377,,0.0,0.0,0.0,0.0,0.0,0.0,0.0,,0.0,0.0,0.0,0.0,0.0,0.0,0.0
Malaysia,2007,MYS,27092604.0,453156765696.0,400.0,0.288,13.278,0.36,28.052,0.76,0.702,0.04,561.9,21.225,18.003,3795.198,102.822,1139.056,30.86,19.312,1.096,249.888,6.77,28.511,11.424,105.98,108.24,12.026,6.663,56.224,33221.488,1.986,6.877,56.65,3747.148,101.52,32496.963,880.427,93.792,97.819,3.956,15.375,404.015,2508.064,67.95,14912.356,0.241,1.628,24962.053,676.287,62.777,44.888,60.82,-5.788,-1.147,16.844,219.986,5.96,621.725,5.506,1.871,0.82,-0.426,19.629,248.038,6.72,724.523,6.208,2.181,-2.26,-2.132,,,,,,,,,6.643,23.272,373.591,100.027,2.71,13789.409,3.599,13.469,14308.963,387.667,2.504,41.508,2.425,0.76,,21.766,0.434,28.044,,89.521,0.702,,0.269,3995.186,900.057,0.82,-0.426,19.629,248.038,6.72,724.523,6.208,2.181,,0.0,0.0,0.0,0.0,0.0,0.0,0.0,,0.0,0.0,0.0,0.0,0.0,0.0,0.0
Malaysia,2008,MYS,27664304.0,478516183040.0,37.143,0.134,17.833,0.493,28.918,0.8,0.704,0.053,550.871,10.569,10.867,4109.577,113.689,1121.662,31.03,16.651,1.127,285.474,7.897,27.31,12.19,113.14,113.62,12.183,3.618,32.566,33712.133,1.949,3.092,27.22,3795.866,105.01,32809.344,907.648,92.422,97.322,7.792,31.482,435.497,2583.835,71.48,15742.198,2.331,15.764,25016.018,692.051,62.911,46.696,62.59,31.056,5.094,21.938,282.313,7.81,793.012,6.874,2.352,28.554,5.346,24.975,311.231,8.61,902.784,7.578,2.678,-0.48,-0.424,,,,,,,,,-4.05,-15.129,358.462,90.369,2.5,12957.572,0.762,2.953,14120.006,390.62,2.2,38.436,2.543,0.797,,4.868,0.118,28.801,,91.939,0.701,,0.273,4107.098,932.623,28.554,5.346,24.975,311.231,8.61,902.784,7.578,2.678,,0.0,0.0,0.0,0.0,0.0,0.0,0.0,,0.0,0.0,0.0,0.0,0.0,0.0,0.0
Malaysia,2009,MYS,28217208.0,474711556096.0,-89.583,-0.442,1.821,0.051,49.261,1.39,1.199,0.006,571.158,8.597,9.774,4375.446,123.463,1333.938,37.64,70.494,5.567,477.18,13.465,32.465,13.672,115.85,115.94,12.839,-3.171,-29.574,32003.473,1.902,-3.122,-28.34,3815.402,107.66,31162.104,879.308,92.858,97.371,-8.1,-35.274,400.223,2386.841,67.35,14183.657,-4.392,-30.394,23448.703,661.657,58.09,44.319,66.22,-11.746,-2.696,19.242,244.177,6.89,681.917,5.943,2.131,-8.38,-1.234,23.741,293.438,8.28,841.369,7.142,2.629,-0.09,-0.078,,,,,,,,,-0.792,-2.841,355.621,94.623,2.67,12603.001,-5.318,-20.775,13107.076,369.845,2.303,39.38,4.448,1.393,,74.879,1.904,49.38,,157.631,1.202,,0.493,4108.84,903.049,-8.38,-1.234,23.741,293.438,8.28,841.369,7.142,2.629,,0.0,0.0,0.0,0.0,0.0,0.0,0.0,,0.0,0.0,0.0,0.0,0.0,0.0,0.0
Malaysia,2010,MYS,28717728.0,514171994112.0,0.0,0.0,1.789,0.051,43.875,1.26,1.01,0.006,598.574,39.104,48.279,5980.333,171.742,1720.192,49.4,12.114,1.631,525.662,15.096,39.59,18.408,124.63,124.78,13.374,3.314,29.926,32487.746,1.815,3.631,31.928,4079.71,117.16,31730.775,911.236,93.893,97.67,-4.995,-19.992,380.231,2271.071,65.22,13240.295,-1.638,-10.836,22662.676,650.821,52.268,40.755,74.69,-7.678,-1.586,17.655,221.466,6.36,614.793,5.097,1.892,-7.912,-2.003,21.738,265.341,7.62,756.97,6.107,2.33,-0.15,-0.12,,,,,,,,,1.024,3.642,359.263,88.447,2.54,12510.147,3.992,14.763,13392.69,384.608,2.036,38.507,4.032,1.263,,-9.36,-0.416,43.978,,140.387,1.012,,0.432,4345.051,932.974,-7.912,-2.003,21.738,265.341,7.62,756.97,6.107,2.33,,0.0,0.0,0.0,0.0,0.0,0.0,0.0,,0.0,0.0,0.0,0.0,0.0,0.0,0.0
Malaysia,2011,MYS,29184140.0,545368309760.0,442.789,0.228,9.558,0.279,52.768,1.54,1.212,0.029,608.675,-0.034,-0.058,5882.766,171.683,1792.069,52.3,21.652,3.269,629.258,18.364,41.171,18.087,127.39,127.03,13.383,1.739,16.228,32524.594,1.74,1.158,10.556,4023.761,117.43,31585.357,921.792,92.443,97.112,0.774,2.942,383.174,1909.599,55.73,13129.516,2.872,18.691,22940.941,669.512,43.872,40.368,77.32,26.647,4.568,22.224,276.177,8.06,761.5,6.345,2.341,28.626,5.672,27.411,328.946,9.6,939.235,7.557,2.888,0.36,0.283,,,,,,,,,2.135,7.671,366.934,322.093,9.4,12573.077,-10.299,-39.609,11821.434,344.998,7.4,38.657,4.908,1.538,,21.741,0.877,52.684,,168.178,1.21,,0.517,4352.707,949.202,28.626,5.672,27.411,328.946,9.6,939.235,7.557,2.888,,0.0,0.0,0.0,0.0,0.0,0.0,0.0,,0.0,0.0,0.0,0.0,0.0,0.0,0.0
Malaysia,2012,MYS,29660216.0,575191121920.0,379.167,1.058,45.062,1.337,50.573,1.5,1.119,0.129,602.284,7.514,12.901,6223.29,184.584,1875.239,55.62,1.166,0.214,626.377,18.578,41.511,17.776,134.08,133.99,12.903,9.398,89.205,35010.121,1.805,9.232,85.101,4154.724,123.23,33947.586,1006.893,91.97,96.965,9.652,36.983,420.157,2056.29,60.99,14165.676,3.435,22.996,23348.016,692.507,45.518,40.462,80.7,14.834,3.142,25.366,311.866,9.25,855.208,6.904,2.443,22.525,4.104,31.515,362.776,10.76,1062.535,8.03,3.035,0.09,0.067,,,,,,,,,9.598,35.217,402.152,223.195,6.62,13558.619,1.365,4.71,11790.501,349.709,4.941,38.728,4.794,1.502,,-2.333,-0.115,50.629,,161.618,1.121,,0.462,4517.5,1038.408,22.525,4.104,31.515,362.776,10.76,1062.535,8.03,3.035,,0.019,0.019,0.337,0.01,0.647,0.007,0.002,,0.0,0.0,0.0,0.0,0.0,0.0,0.0
Malaysia,2013,MYS,30134806.0,602189201408.0,63.478,0.848,72.507,2.185,36.503,1.1,0.781,0.201,578.637,-5.132,-9.472,5810.956,175.112,1780.665,53.66,-1.9,-0.353,604.801,18.226,38.084,16.114,141.09,140.9,12.965,4.654,48.33,36062.543,1.805,4.131,41.597,4242.934,127.86,34793.297,1048.489,90.745,96.48,6.073,25.516,445.673,2361.721,71.17,14789.317,4.82,33.379,24087.959,725.886,50.511,41.01,81.53,27.54,6.791,32.156,391.574,11.8,1067.085,8.375,2.959,25.893,6.734,38.249,432.722,13.04,1269.248,9.255,3.52,0.19,0.135,,,,,,,,,6.354,25.552,427.704,100.548,3.03,14193.025,-4.506,-15.758,11081.889,333.951,2.15,39.357,3.523,1.104,,-26.509,-1.271,36.622,,116.904,0.783,,0.324,4675.656,1086.738,25.893,6.734,38.249,432.722,13.04,1269.248,9.255,3.52,1914.286,0.365,0.384,4.646,0.14,12.752,0.099,0.035,,0.0,0.0,0.0,0.0,0.0,0.0,0.0
Malaysia,2014,MYS,30606454.0,638408589312.0,59.574,1.302,113.919,3.487,22.544,0.69,0.468,0.318,575.642,1.925,3.37,5831.53,178.482,1824.125,55.83,-9.059,-1.651,541.538,16.575,37.859,16.261,147.48,147.47,13.435,1.001,10.878,35862.223,1.719,0.624,6.543,4350.716,133.16,34470.91,1055.032,90.296,96.12,0.318,1.419,447.092,2412.563,73.84,14607.771,-0.571,-4.145,23581.334,721.741,50.071,40.733,84.89,13.47,4.113,36.269,437.489,13.39,1185.025,9.08,3.304,16.853,4.335,42.583,467.548,14.31,1391.315,9.704,3.88,0.01,0.007,,,,,,,,,0.41,1.754,429.458,114.028,3.49,14031.609,3.768,12.585,11322.299,346.535,2.367,39.126,2.212,0.693,,-37.205,-1.311,22.642,,72.279,0.47,,0.202,4818.265,1097.615,16.853,4.335,42.583,467.548,14.31,1391.315,9.704,3.88,60.993,0.231,0.615,7.515,0.23,20.093,0.156,0.056,,0.0,0.0,0.0,0.0,0.0,0.0,0.0
Malaysia,2015,MYS,31068834.0,670135287808.0,29.667,1.034,145.517,4.521,24.14,0.75,0.5,0.406,586.636,13.342,23.814,6511.232,202.296,2042.883,63.47,-1.158,-0.192,527.298,16.383,42.282,18.148,150.12,150.11,13.467,1.555,17.072,35878.008,1.663,1.375,14.505,4350.662,135.17,34424.766,1069.537,90.047,95.949,4.765,21.306,468.398,2251.774,69.96,15076.146,6.473,46.719,24734.113,768.46,46.606,42.021,88.06,4.004,1.228,37.497,448.037,13.92,1206.899,9.273,3.364,9.409,2.567,45.151,480.868,14.94,1453.241,9.953,4.051,0.01,0.007,,,,,,,,,-7.129,-30.615,398.843,56.005,1.74,12837.391,8.028,27.819,12049.192,374.354,1.159,35.781,2.397,0.751,,8.369,0.185,24.172,,77.162,0.5,,0.215,4831.53,1114.688,9.409,2.567,45.151,480.868,14.94,1453.241,9.953,4.051,20.264,0.12,0.735,8.69,0.27,23.663,0.18,0.066,,0.0,0.0,0.0,0.0,0.0,0.0,0.0
Malaysia,2016,MYS,31526414.0,698530070528.0,0.0,0.0,143.405,4.521,24.107,0.76,0.485,0.386,575.487,7.687,15.551,6909.981,217.847,2193.399,69.15,-7.615,-1.248,480.072,15.135,44.143,18.575,155.99,156.65,13.357,5.211,58.081,37199.578,1.679,3.913,41.85,4299.886,135.56,35252.574,1111.387,86.537,94.766,-3.943,-18.468,449.93,2069.059,65.23,14271.518,-0.196,-1.505,24327.371,766.955,41.641,38.365,90.15,43.809,16.108,53.605,635.023,20.02,1700.32,12.78,4.571,31.568,16.231,61.382,668.963,21.09,1947.002,13.463,5.234,-0.66,-0.423,,,,,,,,,11.224,44.768,443.611,37.429,1.18,14071.075,3.462,12.96,12285.406,387.315,0.753,37.826,2.426,0.76,,1.198,0.029,24.107,,76.954,0.485,,0.207,4968.849,1172.769,31.568,16.231,61.382,668.963,21.09,1947.002,13.463,5.234,13.553,0.095,0.83,9.833,0.31,26.323,0.198,0.071,,0.0,0.0,0.0,0.0,0.0,0.0,0.0
Malaysia,2017,MYS,31975812.0,738639609856.0,-2.571,-0.116,137.755,4.405,23.768,0.76,0.473,0.371,553.598,10.814,23.558,7549.619,241.405,2153.816,68.87,0.0,,,,42.872,20.315,159.52,160.64,13.518,1.325,15.544,37162.887,1.609,-0.202,-2.244,4150.012,132.7,34686.957,1109.144,82.607,93.338,0.114,0.512,450.442,1943.031,62.13,14086.945,3.765,28.876,24888.533,795.831,38.677,37.906,88.93,34.069,17.84,71.445,839.697,26.85,2234.345,16.714,6.012,26.277,17.788,79.17,873.785,27.94,2475.937,17.393,6.662,-1.12,-0.702,,,,,,,,,-5.932,-26.314,417.297,53.165,1.7,13050.39,-1.347,-5.215,11949.636,382.099,1.058,35.117,2.442,0.765,,0.658,0.016,23.924,,76.371,0.476,,0.206,5023.797,1188.313,26.277,17.788,79.17,873.785,27.94,2475.937,17.393,6.662,6.452,0.048,0.878,10.32,0.33,27.465,0.205,0.074,,0.0,0.0,0.0,0.0,0.0,0.0,0.0
Malaysia,2018,MYS,32399270.0,773658509312.0,15.04,0.662,156.401,5.067,41.668,1.35,0.791,0.419,565.013,7.265,17.538,7992.251,258.943,2385.548,77.29,0.0,,,,45.31,21.408,169.09,170.58,14.103,1.788,21.25,37333.031,1.563,1.778,19.719,4391.148,142.27,34842.211,1128.862,83.404,93.328,-0.813,-3.663,446.778,1976.896,64.05,13789.758,-4.353,-34.641,23494.049,761.19,37.548,36.937,96.38,-1.941,-1.796,69.649,812.673,26.33,2149.702,15.436,5.758,3.183,1.531,80.701,873.785,28.31,2490.823,16.596,6.672,-1.49,-0.881,,,,,,,,,1.4,5.844,423.141,28.704,0.93,13060.201,-0.988,-3.776,11676.921,378.324,0.545,34.983,4.313,1.351,,76.601,1.871,41.698,,133.11,0.792,,0.357,5264.934,1209.563,3.183,1.531,80.701,873.785,28.31,2490.823,16.596,6.672,91.515,0.794,1.672,19.445,0.63,51.609,0.369,0.138,,0.0,0.0,0.0,0.0,0.0,0.0,0.0
Malaysia,2019,MYS,32804024.0,,48.624,2.464,229.582,7.531,49.384,1.62,0.908,0.607,559.453,-5.489,-14.214,7460.338,244.729,2329.288,76.41,0.0,,,,42.816,19.724,176.8,178.46,14.383,2.579,31.2,37823.5,,2.479,27.99,4563.464,149.7,35265.555,1156.852,83.884,93.237,1.203,5.373,452.151,2203.388,72.28,13783.404,1.789,13.619,23619.314,774.809,40.502,36.441,99.84,-0.49,-0.597,69.052,798.682,26.2,2104.984,14.681,5.565,8.666,3.21,83.911,876.722,28.76,2557.949,16.116,6.763,-1.66,-0.939,,,,,,,,,8.704,36.831,459.972,30.789,1.01,14021.81,-6.052,-22.896,10834.879,355.428,0.566,37.072,3.626,1.136,,-15.914,-0.686,34.63,,110.546,0.637,,0.292,5440.186,1240.763,8.666,3.21,83.911,876.722,28.76,2557.949,16.116,6.763,122.19,2.029,3.702,28.655,0.94,112.838,0.527,0.298,,0.0,0.0,0.0,0.0,0.0,0.0,0.0
Malaysia,2020,MYS,33199988.0,,22.068,1.662,276.903,9.193,49.096,1.63,0.963,0.769,573.445,17.719,43.362,8677.461,288.092,2536.748,84.22,0.0,,,,49.743,24.106,167.65,169.31,14.167,-3.679,-45.651,35997.363,,-4.587,-53.071,4179.821,138.77,33246.441,1103.781,81.962,92.358,-3.542,-16.014,436.137,1614.76,53.61,13136.65,-6.821,-52.852,21745.688,721.957,31.664,36.493,97.09,6.594,4.283,73.335,835.542,27.74,2208.874,16.384,6.136,10.903,7.42,91.331,919.88,30.54,2750.921,18.038,7.642,-1.66,-0.99,,,,,,,,,-17.483,-80.419,379.553,28.313,0.94,11432.331,-7.552,-26.842,9897.151,328.585,0.555,31.759,3.653,1.144,,0.746,0.027,34.472,,110.043,0.676,,0.306,5099.701,1195.112,10.903,7.42,91.331,919.88,30.54,2750.921,18.038,7.642,39.627,1.448,5.149,35.241,1.17,155.102,0.691,0.431,,0.0,0.0,0.0,0.0,0.0,0.0,0.0
Malaysia,2021,MYS,33573872.0,,38.56,3.545,379.405,12.738,48.848,1.64,0.934,1.001,548.611,-8.902,-25.645,7816.976,262.446,2301.79,77.28,0.0,,,,43.989,20.627,174.03,175.68,13.807,6.463,77.241,37897.133,,5.865,64.733,4222.033,141.75,34804.273,1168.514,80.686,91.839,13.378,58.347,494.484,1886.884,63.35,14728.241,8.08,58.332,23240.955,780.289,36.06,38.864,96.38,10.636,7.503,80.837,917.082,30.79,2407.75,17.526,6.353,17.598,12.509,103.839,1010.607,33.93,3092.862,19.314,8.161,-1.65,-0.948,,,,,,,,,8.439,32.031,411.584,33.359,1.12,12259.055,-7.824,-25.709,9021.202,302.877,0.638,32.348,3.682,1.153,,0.78,0.029,34.354,,109.666,0.657,,0.289,5232.64,1272.354,17.598,12.509,103.839,1010.607,33.93,3092.862,19.314,8.161,28.288,1.432,6.582,44.678,1.5,196.041,0.854,0.517,,0.0,0.0,0.0,0.0,0.0,0.0,0.0
Malaysia,2022,MYS,33938216.0,,9.648,1.229,411.542,13.967,48.323,1.64,0.909,1.04,543.737,-0.724,-1.901,7677.032,260.545,2223.747,75.47,0.0,,,,41.809,19.393,178.86,180.51,13.436,5.593,71.159,39586.996,,5.605,65.497,4306.06,146.14,36360.508,1234.011,80.96,91.85,-0.134,-0.665,493.819,2024.561,68.71,14550.536,5.663,44.188,24293.451,824.476,38.064,36.756,98.15,5.234,3.921,84.758,905.174,30.72,2497.434,17.018,6.309,6.451,5.662,109.501,1012.723,34.37,3226.491,19.04,8.15,-1.65,-0.923,,,,,,,,,16.537,68.063,479.647,57.752,1.96,14132.938,-1.98,-5.996,8747.669,296.88,1.086,35.701,3.682,1.153,,0.0,0.0,33.986,,108.489,0.639,,0.274,5318.783,1343.512,6.451,5.662,109.501,1012.723,34.37,3226.491,19.04,8.15,8.175,0.512,7.094,59.225,2.01,209.026,1.114,0.528,,0.0,0.0,0.0,0.0,0.0,0.0,0.0
Maldives,1980,MDV,164900.0,,,,,,,,,,,,,,,,,,,0.0,0.0,,,,,,,,375.347,,,,,,,,,,,,,,,,,,0.0,0.0,,,,,,,,,,,,,,,,,,,,,,,,,,,,,,,,,,,,,,0.0,0.0,,,,,,,,,,,,,,,0.062,,,,,,,,,,,,,,,,,,,,,,,,
Maldives,1981,MDV,169677.0,,,,,,,,,,,,,,,,,,0.0,0.0,0.0,,,,,,-0.273,-0.0,363.783,,,,,,,,,,,,,,,,,0.0,0.0,0.0,,,,,,,,,,,,,,,,,,,,,,,,,,,,,,,,,,,,,0.0,0.0,0.0,,,,,,,,,,,,,,,0.062,,,,,,,,,,,,,,,,,,,,,,,,
Maldives,1982,MDV,174531.0,,,,,,,,,,,,,,,,,,0.0,0.0,0.0,,,,,,0.0,0.0,353.666,,,,,,,,,,,,,,,,,0.0,0.0,0.0,,,,,,,,,,,,,,,,,,,,,,,,,,,,,,,,,,,,,0.0,0.0,0.0,,,,,,,,,,,,,,,0.062,,,,,,,,,,,,,,,,,,,,,,,,
Maldives,1983,MDV,179353.0,,,,,,,,,,,,,,,,,,0.0,0.0,0.0,,,,,,0.0,0.0,344.157,,,,,,,,,,,,,,,,,0.0,0.0,0.0,,,,,,,,,,,,,,,,,,,,,,,,,,,,,,,,,,,,,0.0,0.0,0.0,,,,,,,,,,,,,,,0.062,,,,,,,,,,,,,,,,,,,,,,,,
Maldives,1984,MDV,184398.0,,,,,,,,,,,,,,,,,,0.0,0.0,0.0,,,,,,301.096,0.186,1342.634,,,,,,,,,,,,,,,,,0.0,0.0,0.0,,,,,,,,,,,,,,,,,,,,,,,,,,,,,,,,,,,,,0.0,0.0,0.0,,,,,,,,,,,,,,,0.248,,,,,,,,,,,,,,,,,,,,,,,,
Maldives,1985,MDV,190400.0,,,,,,,,,,,,,,,,,,0.0,0.0,0.0,,,,,,-0.273,-0.001,1296.757,,,,,,,,,,,,,,,,,0.0,0.0,0.0,,,,,,,,,,,,,,,,,,,,,,,,,,,,,,,,,,,,,0.0,0.0,0.0,,,,,,,,,,,,,,,0.247,,,,,,,,,,,,,,,,,,,,,,,,
Maldives,1986,MDV,197237.0,,,,,,,,,,,,,,,,,,0.0,0.0,0.0,,,,,,15.882,0.039,1450.624,,,,,,,,,,,,,,,,,0.0,0.0,0.0,,,,,,,,,,,,,,,,,,,,,,,,,,,,,,,,,,,,,0.0,0.0,0.0,,,,,,,,,,,,,,,0.286,,,,,,,,,,,,,,,,,,,,,,,,
Maldives,1987,MDV,204268.0,,,,,,,,,,,,,,,,,,0.0,0.0,0.0,,,,,,0.0,0.0,1400.693,,,,,,,,,,,,,,,,,0.0,0.0,0.0,,,,,,,,,,,,,,,,,,,,,,,,,,,,,,,,,,,,,0.0,0.0,0.0,,,,,,,,,,,,,,,0.286,,,,,,,,,,,,,,,,,,,,,,,,
Maldives,1988,MDV,211172.0,,,,,,,,,,,,,,,,,,0.0,0.0,0.0,,,,,,22.076,0.063,1654.0,,,,,,,,,,,,,,,,,0.0,0.0,0.0,,,,,,,,,,,,,,,,,,,,,,,,,,,,,,,,,,,,,0.0,0.0,0.0,,,,,,,,,,,,,,,0.349,,,,,,,,,,,,,,,,,,,,,,,,
Maldives,1989,MDV,217949.0,,,,,,,,,,,,,,,,,,0.0,0.0,0.0,,,,,,-0.244,-0.001,1598.665,,,,,,,,,,,,,,,,,0.0,0.0,0.0,,,,,,,,,,,,,,,,,,,,,,,,,,,,,,,,,,,,,0.0,0.0,0.0,,,,,,,,,,,,,,,0.348,,,,,,,,,,,,,,,,,,,,,,,,
Maldives,1990,MDV,224976.0,,,,,,,,,,,,,,,,,,0.0,0.0,0.0,,,,,,21.094,0.073,1875.427,,,,,,,,,,,,,,,,,0.0,0.0,0.0,,,,,,,,,,,,,,,,,,,,,,,,,,,,,,,,,,,,,0.0,0.0,0.0,,,,,,,,,,,,,,,0.422,,,,,,,,,,,,,,,,,,,,,,,,
Maldives,1991,MDV,232159.0,,,,,,,,,,,,,,,,,,0.0,0.0,0.0,,,,,,0.0,0.0,1817.401,,,,,,,,,,,,,,,,,0.0,0.0,0.0,,,,,,,,,,,,,,,,,,,,,,,,,,,,,,,,,,,,,0.0,0.0,0.0,,,,,,,,,,,,,,,0.422,,,,,,,,,,,,,,,,,,,,,,,,
Maldives,1992,MDV,239146.0,,,,,,,,,,,,,,,,,,0.0,0.0,0.0,,,,,,0.241,0.001,1768.552,,,,,,,,,,,,,,,,,0.0,0.0,0.0,,,,,,,,,,,,,,,,,,,,,,,,,,,,,,,,,,,,,0.0,0.0,0.0,,,,,,,,,,,,,,,0.423,,,,,,,,,,,,,,,,,,,,,,,,
Maldives,1993,MDV,245852.0,,,,,,,,,,,,,,,,,,0.0,0.0,0.0,,,,,,16.685,0.071,2007.348,,,,,,,,,,,,,,,,,0.0,0.0,0.0,,,,,,,,,,,,,,,,,,,,,,,,,,,,,,,,,,,,,0.0,0.0,0.0,,,,,,,,,,,,,,,0.494,,,,,,,,,,,,,,,,,,,,,,,,
Maldives,1994,MDV,252211.0,,,,,,,,,,,,,,,,,,0.0,0.0,0.0,,,,,,100.701,0.497,3927.181,,,,,,,,,,,,,,,,,0.0,0.0,0.0,,,,,,,,,,,,,,,,,,,,,,,,,,,,,,,,,,,,,0.0,0.0,0.0,,,,,,,,,,,,,,,0.99,,,,,,,,,,,,,,,,,,,,,,,,
Maldives,1995,MDV,258217.0,,,,,,,,,,,,,,,,,,0.0,0.0,0.0,,,,,,37.423,0.371,5271.31,,,,,,,,,,,,,,,,,0.0,0.0,0.0,,,,,,,,,,,,,,,,,,,,,,,,,,,,,,,,,,,,,0.0,0.0,0.0,,,,,,,,,,,,,,,1.361,,,,,,,,,,,,,,,,,,,,,,,,
Maldives,1996,MDV,263861.0,,,,,,,,,,,,,,,,,,0.0,0.0,0.0,,,,,,4.639,0.063,5397.856,,,,,,,,,,,,,,,,,0.0,0.0,0.0,,,,,,,,,,,,,,,,,,,,,,,,,,,,,,,,,,,,,0.0,0.0,0.0,,,,,,,,,,,,,,,1.424,,,,,,,,,,,,,,,,,,,,,,,,
Maldives,1997,MDV,269054.0,,,,,,,,,,,,,,,,,,0.0,0.0,0.0,,,,,,-13.606,-0.194,4573.392,,,,,,,,,,,,,,,,,0.0,0.0,0.0,,,,,,,,,,,,,,,,,,,,,,,,,,,,,,,,,,,,,0.0,0.0,0.0,,,,,,,,,,,,,,,1.23,,,,,,,,,,,,,,,,,,,,,,,,
Maldives,1998,MDV,273806.0,,,,,,,,,,,,,,,,,,0.0,0.0,0.0,,,,,,10.128,0.125,4949.162,,,,,,,,,,,,,,,,,0.0,0.0,0.0,,,,,,,,,,,,,,,,,,,,,,,,,,,,,,,,,,,,,0.0,0.0,0.0,,,,,,,,,,,,,,,1.355,,,,,,,,,,,,,,,,,,,,,,,,
Maldives,1999,MDV,278121.0,,,,,,,,,,,,,,,,,,0.0,0.0,0.0,,,,,,0.0,0.0,4872.386,,,,,,,,,,,,,,,,,0.0,0.0,0.0,,,,,,,,,,,,,,,,,,,,,,,,,,,,,,,,,,,,,0.0,0.0,0.0,,,,,,,,,,,,,,,1.355,,,,,,,,,,,,,,,,,,,,,,,,
Maldives,2000,MDV,282520.0,,,,,,0.0,0.0,0.0,,700.0,,,,,0.0,0.0,,0.0,0.0,0.0,0.0,,0.1,0.1,,111.189,1.507,10129.736,,,,353.957,0.1,,,100.0,,,,,0.0,0.0,,,0.0,0.0,0.0,0.0,,0.07,,,,0.0,0.0,,0.0,,,,,0.0,0.0,,0.0,,0.0,0.0,,,,0.0,0.0,,0.0,,,,,353.957,0.1,,,0.0,0.0,0.0,100.0,,,0.0,0.0,,,0.0,0.0,,0.0,0.0,,353.957,2.862,,,,0.0,0.0,,0.0,,,,,0.0,0.0,,0.0,,,,,0.0,0.0,,0.0,
Maldives,2001,MDV,287330.0,,,,,,0.0,0.0,0.0,,727.273,,,,,0.0,0.0,,0.0,0.0,0.0,0.0,,0.11,0.11,,-16.15,-0.462,8351.583,,,,382.835,0.11,,,100.0,,,,,0.0,0.0,,,0.0,0.0,0.0,0.0,,0.08,,,,0.0,0.0,,0.0,,,,,0.0,0.0,,0.0,,0.0,0.0,,,,0.0,0.0,,0.0,,,,,382.835,0.11,,,0.0,0.0,0.0,100.0,,,0.0,0.0,,,0.0,0.0,,0.0,0.0,,382.835,2.4,,,,0.0,0.0,,0.0,,,,,0.0,0.0,,0.0,,,,,0.0,0.0,,0.0,
Maldives,2002,MDV,292293.0,,,,,,0.0,0.0,0.0,,666.667,,,,,0.0,0.0,,0.0,0.0,0.0,0.0,,0.12,0.12,,19.567,0.47,9816.173,,,,410.547,0.12,,,100.0,,,,,0.0,0.0,,,0.0,0.0,0.0,0.0,,0.08,,,,0.0,0.0,,0.0,,,,,0.0,0.0,,0.0,,0.0,0.0,,,,0.0,0.0,,0.0,,,,,410.547,0.12,,,0.0,0.0,0.0,100.0,,,0.0,0.0,,,0.0,0.0,,0.0,0.0,,410.547,2.869,,,,0.0,0.0,,0.0,,,,,0.0,0.0,,0.0,,,,,0.0,0.0,,0.0,
Maldives,2003,MDV,297232.0,,,,,,0.0,0.0,0.0,,692.308,,,,,0.0,0.0,,0.0,0.0,0.0,0.0,,0.13,0.13,,-13.062,-0.375,8392.205,,,,437.369,0.13,,,100.0,,,,,0.0,0.0,,,0.0,0.0,0.0,0.0,,0.09,,,,0.0,0.0,,0.0,,,,,0.0,0.0,,0.0,,0.0,0.0,,,,0.0,0.0,,0.0,,,,,437.369,0.13,,,0.0,0.0,0.0,100.0,,,0.0,0.0,,,0.0,0.0,,0.0,0.0,,437.369,2.494,,,,0.0,0.0,,0.0,,,,,0.0,0.0,,0.0,,,,,0.0,0.0,,0.0,
Maldives,2004,MDV,302142.0,,,,,,0.0,0.0,0.0,,733.333,,,,,0.0,0.0,,0.0,0.0,0.0,0.0,,0.15,0.15,,30.809,0.768,10799.323,,,,496.455,0.15,,,100.0,,,,,0.0,0.0,,,0.0,0.0,0.0,0.0,,0.11,,,,0.0,0.0,,0.0,,,,,0.0,0.0,,0.0,,0.0,0.0,,,,0.0,0.0,,0.0,,,,,496.455,0.15,,,0.0,0.0,0.0,100.0,,,0.0,0.0,,,0.0,0.0,,0.0,0.0,,496.455,3.263,,,,0.0,0.0,,0.0,,,,,0.0,0.0,,0.0,,,,,0.0,0.0,,0.0,
Maldives,2005,MDV,307023.0,,,,,,0.0,0.0,0.0,,705.882,,,,,0.0,0.0,,0.0,0.0,0.0,0.0,,0.17,0.17,,-9.464,-0.309,9621.824,,,,553.704,0.17,,,100.0,,,,,0.0,0.0,,,0.0,0.0,0.0,0.0,,0.12,,,,0.0,0.0,,0.0,,,,,0.0,0.0,,0.0,,0.0,0.0,,,,0.0,0.0,,0.0,,,,,553.704,0.17,,,0.0,0.0,0.0,100.0,,,0.0,0.0,,,0.0,0.0,,0.0,0.0,,553.704,2.954,,,,0.0,0.0,,0.0,,,,,0.0,0.0,,0.0,,,,,0.0,0.0,,0.0,
Maldives,2006,MDV,314411.0,,,,,,0.0,0.0,0.0,,700.0,,,,,0.0,0.0,,0.0,0.0,0.0,0.0,,0.2,0.2,,26.726,0.79,11906.826,,,,636.11,0.2,,,100.0,,,,,0.0,0.0,,,0.0,0.0,0.0,0.0,,0.14,,,,0.0,0.0,,0.0,,,,,0.0,0.0,,0.0,,0.0,0.0,,,,0.0,0.0,,0.0,,,,,636.11,0.2,,,0.0,0.0,0.0,100.0,,,0.0,0.0,,,0.0,0.0,,0.0,0.0,,636.11,3.744,,,,0.0,0.0,,0.0,,,,,0.0,0.0,,0.0,,,,,0.0,0.0,,0.0,
Maldives,2007,MDV,325135.0,,,,,,0.0,0.0,0.0,,695.652,,,,,0.0,0.0,,0.0,0.0,0.0,0.0,,0.23,0.23,,3.613,0.135,11930.126,,,,707.398,0.23,,,100.0,,,,,0.0,0.0,,,0.0,0.0,0.0,0.0,,0.16,,,,0.0,0.0,,0.0,,,,,0.0,0.0,,0.0,,0.0,0.0,,,,0.0,0.0,,0.0,,,,,707.398,0.23,,,0.0,0.0,0.0,100.0,,,0.0,0.0,,,0.0,0.0,,0.0,0.0,,707.398,3.879,,,,0.0,0.0,,0.0,,,,,0.0,0.0,,0.0,,,,,0.0,0.0,,0.0,
Maldives,2008,MDV,336890.0,,,,,,0.0,0.0,0.0,,692.308,,,,,0.0,0.0,,0.0,0.0,0.0,0.0,,0.26,0.26,,8.716,0.338,12517.4,,,,771.765,0.26,,,100.0,,,,,0.0,0.0,,,0.0,0.0,0.0,0.0,,0.18,,,,0.0,0.0,,0.0,,,,,0.0,0.0,,0.0,,0.0,0.0,,,,0.0,0.0,,0.0,,,,,771.765,0.26,,,0.0,0.0,0.0,100.0,,,0.0,0.0,,,0.0,0.0,,0.0,0.0,,771.765,4.217,,,,0.0,0.0,,0.0,,,,,0.0,0.0,,0.0,,,,,0.0,0.0,,0.0,
Maldives,2009,MDV,349040.0,,,,,,0.0,0.0,0.0,,714.286,,,,,0.0,0.0,,0.0,0.0,0.0,0.0,,0.28,0.28,,6.242,0.263,12835.753,,,,802.2,0.28,,,100.0,,,,,0.0,0.0,,,0.0,0.0,0.0,0.0,,0.2,,,,0.0,0.0,,0.0,,,,,0.0,0.0,,0.0,,0.0,0.0,,,,0.0,0.0,,0.0,,,,,802.2,0.28,,,0.0,0.0,0.0,100.0,,,0.0,0.0,,,0.0,0.0,,0.0,0.0,,802.2,4.48,,,,0.0,0.0,,0.0,,,,,0.0,0.0,,0.0,,,,,0.0,0.0,,0.0,
Maldives,2010,MDV,361579.0,,,,,,0.0,0.0,0.0,,705.882,,,,,0.0,0.0,,0.0,0.0,0.0,0.0,,0.34,0.34,,1.083,0.049,12524.812,,,,940.32,0.34,,,100.0,,,,,0.0,0.0,,,0.0,0.0,0.0,0.0,,0.24,,,,0.0,0.0,,0.0,,,,,0.0,0.0,,0.0,,0.0,0.0,,,,0.0,0.0,,0.0,,,,,940.32,0.34,,,0.0,0.0,0.0,100.0,,,0.0,0.0,,,0.0,0.0,,0.0,0.0,,940.32,4.529,,,,0.0,0.0,,0.0,,,,,0.0,0.0,,0.0,,,,,0.0,0.0,,0.0,
Maldives,2011,MDV,374450.0,,,,,,0.0,0.0,0.0,,694.444,,,,,0.0,0.0,,0.0,0.0,0.0,0.0,,0.36,0.36,,8.073,0.366,13070.632,,,,961.41,0.36,,,100.0,,,,,0.0,0.0,,,0.0,0.0,0.0,0.0,,0.25,,,,0.0,0.0,,0.0,,,,,0.0,0.0,,0.0,,0.0,0.0,,,,0.0,0.0,,0.0,,,,,961.41,0.36,,,0.0,0.0,0.0,100.0,,,0.0,0.0,,,0.0,0.0,,0.0,0.0,,961.41,4.894,,,,0.0,0.0,,0.0,,,,,0.0,0.0,,0.0,,,,,0.0,0.0,,0.0,
Maldives,2012,MDV,387552.0,,,,,,0.0,0.0,0.0,,692.308,,,,,0.0,0.0,,0.0,0.0,0.0,0.0,,0.39,0.39,,27.399,1.341,16088.853,,,,1006.317,0.39,,,100.0,,,,,0.0,0.0,,,0.0,0.0,0.0,0.0,,0.27,,,,0.0,0.0,,0.0,,,,,0.0,0.0,,0.0,,0.0,0.0,,,,0.0,0.0,,0.0,,,,,1006.317,0.39,,,0.0,0.0,0.0,100.0,,,0.0,0.0,,,0.0,0.0,,0.0,0.0,,1006.317,6.235,,,,0.0,0.0,,0.0,,,,,0.0,0.0,,0.0,,,,,0.0,0.0,,0.0,
Maldives,2013,MDV,400741.0,,,,,,0.0,0.0,0.0,,700.0,,,,,0.0,0.0,,0.0,0.0,0.0,0.0,,0.4,0.4,,5.492,0.342,16413.824,,,,998.151,0.4,,,100.0,,,,,0.0,0.0,,,0.0,0.0,0.0,0.0,,0.28,,,,0.0,0.0,,0.0,,,,,0.0,0.0,,0.0,,0.0,0.0,,,,0.0,0.0,,0.0,,,,,998.151,0.4,,,0.0,0.0,0.0,100.0,,,0.0,0.0,,,0.0,0.0,,0.0,0.0,,998.151,6.578,,,,0.0,0.0,,0.0,,,,,0.0,0.0,,0.0,,,,,0.0,0.0,,0.0,
Maldives,2014,MDV,416746.0,,,,,,0.0,0.0,0.0,,686.274,,,,,0.0,0.0,,0.0,0.0,0.0,0.0,,0.51,0.51,,34.048,2.24,21157.406,,,,1199.772,0.5,,,98.039,,,,,0.0,0.0,,,0.0,0.0,0.0,0.0,,0.35,,,,0.0,0.0,,0.0,,,,,23.995,0.01,,1.961,,0.0,0.0,,,,0.0,0.0,,0.0,,,,,1199.772,0.5,,,0.0,0.0,0.0,98.039,,,0.0,0.0,,,0.0,0.0,,0.0,0.0,,1223.767,8.817,,,,23.995,0.01,,1.961,,,,,23.995,0.01,,1.961,,,,,0.0,0.0,,0.0,
Maldives,2015,MDV,435590.0,,,,,,0.0,0.0,0.0,,684.211,,,,,0.0,0.0,,0.0,0.0,0.0,0.0,,0.57,0.57,,-25.161,-2.218,15149.077,,,,1285.613,0.56,,,98.246,,,,,0.0,0.0,,,0.0,0.0,0.0,0.0,,0.39,,,,0.0,0.0,,0.0,,,,,22.957,0.01,,1.754,,0.0,0.0,,,,0.0,0.0,,0.0,,,,,1285.613,0.56,,,0.0,0.0,0.0,98.246,,,0.0,0.0,,,0.0,0.0,,0.0,0.0,,1308.57,6.599,,,,22.957,0.01,,1.754,,,,,22.957,0.01,,1.754,,,,,0.0,0.0,,0.0,
Maldives,2016,MDV,454263.0,,,,,,0.0,0.0,0.0,,688.525,,,,,0.0,0.0,,0.0,0.0,0.0,0.0,,0.61,0.61,,6.088,0.402,15410.746,,,,1320.821,0.6,,,98.361,,,,,0.0,0.0,,,0.0,0.0,0.0,0.0,,0.42,,,,0.0,0.0,,0.0,,,,,22.014,0.01,,1.639,,0.0,0.0,,,,0.0,0.0,,0.0,,,,,1320.821,0.6,,,0.0,0.0,0.0,98.361,,,0.0,0.0,,,0.0,0.0,,0.0,0.0,,1342.834,7.001,,,,22.014,0.01,,1.639,,,,,22.014,0.01,,1.639,,,,,0.0,0.0,,0.0,
Maldives,2017,MDV,472449.0,,,,,,0.0,0.0,0.0,,677.419,,,,,0.0,0.0,,,,,0.0,,0.62,0.62,,3.767,0.264,15375.788,,,,1269.978,0.6,,,96.774,,,,,0.0,0.0,,,,,,0.0,,0.42,,,,0.0,0.0,,0.0,,,,,42.333,0.02,,3.226,,0.0,0.0,,,,0.0,0.0,,0.0,,,,,1269.978,0.6,,,,,,96.774,,,0.0,0.0,,,0.0,0.0,,0.0,0.0,,1312.311,7.264,,,,42.333,0.02,,3.226,,,,,42.333,0.02,,3.226,,,,,0.0,0.0,,0.0,
Maldives,2018,MDV,489773.0,,,,,,0.0,0.0,0.0,,671.875,,,,,0.0,0.0,,,,,0.0,,0.64,0.64,,14.759,1.072,17020.91,,,,1245.475,0.61,,,95.312,,,,,0.0,0.0,,,,,,0.0,,0.43,,,,0.0,0.0,,0.0,,,,,61.253,0.03,,4.688,,0.0,0.0,,,,0.0,0.0,,0.0,,,,,1245.475,0.61,,,,,,95.312,,,0.0,0.0,,,0.0,0.0,,0.0,0.0,,1306.728,8.336,,,,61.253,0.03,,4.688,,,,,61.253,0.03,,4.688,,,,,0.0,0.0,,0.0,
Maldives,2019,MDV,504518.0,,,,,,0.0,0.0,0.0,,671.875,,,,,0.0,0.0,,,,,0.0,,0.64,0.64,,12.373,1.031,18567.896,,,,1209.075,0.61,,,95.312,,,,,0.0,0.0,,,,,,0.0,,0.43,,,,0.0,0.0,,0.0,,,,,59.463,0.03,,4.688,,0.0,0.0,,,,0.0,0.0,,0.0,,,,,1209.075,0.61,,,,,,95.312,,,0.0,0.0,,,0.0,0.0,,0.0,0.0,,1268.537,9.368,,,,59.463,0.03,,4.688,,,,,59.463,0.03,,4.688,,,,,0.0,0.0,,0.0,
Maldives,2020,MDV,514451.0,,,,,,0.0,0.0,0.0,,655.738,,,,,0.0,0.0,,,,,0.0,,0.61,0.61,,-4.947,-0.463,17308.588,,,,1107.977,0.57,,,93.443,,,,,0.0,0.0,,,,,,0.0,,0.4,,,,0.0,0.0,,0.0,,,,,77.753,0.04,,6.557,,0.0,0.0,,,,0.0,0.0,,0.0,,,,,1107.977,0.57,,,,,,93.443,,,0.0,0.0,,,0.0,0.0,,0.0,0.0,,1185.73,8.904,,,,77.753,0.04,,6.557,,,,,77.753,0.04,,6.557,,,,,0.0,0.0,,0.0,
Maldives,2021,MDV,521469.0,,,,,,0.0,0.0,0.0,,651.515,,,,,0.0,0.0,,,,,0.0,,0.66,0.66,,3.477,0.31,17669.365,,,,1169.772,0.61,,,92.424,,,,,0.0,0.0,,,,,,0.0,,0.43,,,,0.0,0.0,,0.0,,,,,95.883,0.05,,7.576,,0.0,0.0,,,,0.0,0.0,,0.0,,,,,1169.772,0.61,,,,,,92.424,,,0.0,0.0,,,0.0,0.0,,0.0,0.0,,1265.655,9.214,,,,95.883,0.05,,7.576,,,,,95.883,0.05,,7.576,,,,,0.0,0.0,,0.0,
Mali,1980,MLI,7372590.0,7893522944.0,,,,,,,,,,,,,,,,,,0.0,0.0,,,,,,,,278.58,0.26,,,,,,,,,,,,,,,,,0.0,0.0,,,,,,,,,,,,,,,,,,,,,,,,,,,,,,,,,,,,,,0.0,0.0,,,,,,,,,,,,,,,2.054,,,,,,,,,,,,,,,,,,,,,,,,
Mali,1981,MLI,7532866.0,7633887744.0,,,,,,,,,,,,,,,,,0.0,0.0,0.0,,,,,,28.841,0.592,351.287,0.347,,,,,,,,,,,,,,,,0.0,0.0,0.0,,,,,,,,,,,,,,,,,,,,,,,,,,,,,,,,,,,,,0.0,0.0,0.0,,,,,,,,,,,,,,,2.646,,,,,,,,,,,,,,,,,,,,,,,,
Mali,1982,MLI,7696350.0,7198211584.0,,,,,,,,,,,,,,,,,0.0,0.0,0.0,,,,,,-19.963,-0.528,275.188,0.294,,,,,,,,,,,,,,,,0.0,0.0,0.0,,,,,,,,,,,,,,,,,,,,,,,,,,,,,,,,,,,,,0.0,0.0,0.0,,,,,,,,,,,,,,,2.118,,,,,,,,,,,,,,,,,,,,,,,,
Mali,1983,MLI,7863941.0,7514189824.0,,,,,,,,,,,,,,,,,0.0,0.0,0.0,,,,,,2.571,0.054,276.246,0.289,,,,,,,,,,,,,,,,0.0,0.0,0.0,,,,,,,,,,,,,,,,,,,,,,,,,,,,,,,,,,,,,0.0,0.0,0.0,,,,,,,,,,,,,,,2.172,,,,,,,,,,,,,,,,,,,,,,,,
Mali,1984,MLI,8030108.0,7840599040.0,,,,,,,,,,,,,,,,,0.0,0.0,0.0,,,,,,1.644,0.036,274.978,0.282,,,,,,,,,,,,,,,,0.0,0.0,0.0,,,,,,,,,,,,,,,,,,,,,,,,,,,,,,,,,,,,,0.0,0.0,0.0,,,,,,,,,,,,,,,2.208,,,,,,,,,,,,,,,,,,,,,,,,
Mali,1985,MLI,8187658.0,8016483840.0,,,,,,,,,,,,,,,,,0.0,0.0,0.0,,,,,,7.924,0.175,291.057,0.297,,,,,,,,,,,,,,,,0.0,0.0,0.0,,,,,,,,,,,,,,,,,,,,,,,,,,,,,,,,,,,,,0.0,0.0,0.0,,,,,,,,,,,,,,,2.383,,,,,,,,,,,,,,,,,,,,,,,,
Mali,1986,MLI,8334593.0,8528636416.0,,,,,,,,,,,,,,,,,0.0,0.0,0.0,,,,,,-17.169,-0.409,236.836,0.231,,,,,,,,,,,,,,,,0.0,0.0,0.0,,,,,,,,,,,,,,,,,,,,,,,,,,,,,,,,,,,,,0.0,0.0,0.0,,,,,,,,,,,,,,,1.974,,,,,,,,,,,,,,,,,,,,,,,,
Mali,1987,MLI,8474335.0,8685988864.0,,,,,,,,,,,,,,,,,0.0,0.0,0.0,,,,,,13.547,0.267,264.486,0.258,,,,,,,,,,,,,,,,0.0,0.0,0.0,,,,,,,,,,,,,,,,,,,,,,,,,,,,,,,,,,,,,0.0,0.0,0.0,,,,,,,,,,,,,,,2.241,,,,,,,,,,,,,,,,,,,,,,,,
Mali,1988,MLI,8617480.0,8679173120.0,,,,,,,,,,,,,,,,,0.0,0.0,0.0,,,,,,-36.032,-0.808,166.377,0.165,,,,,,,,,,,,,,,,0.0,0.0,0.0,,,,,,,,,,,,,,,,,,,,,,,,,,,,,,,,,,,,,0.0,0.0,0.0,,,,,,,,,,,,,,,1.434,,,,,,,,,,,,,,,,,,,,,,,,
Mali,1989,MLI,8774126.0,9552949248.0,,,,,,,,,,,,,,,,,0.0,0.0,0.0,,,,,,70.053,1.004,277.879,0.255,,,,,,,,,,,,,,,,0.0,0.0,0.0,,,,,,,,,,,,,,,,,,,,,,,,,,,,,,,,,,,,,0.0,0.0,0.0,,,,,,,,,,,,,,,2.438,,,,,,,,,,,,,,,,,,,,,,,,
Mali,1990,MLI,8945030.0,9628796928.0,,,,,,,,,,,,,,,,,0.0,0.0,0.0,,,,,,1.718,0.042,277.251,0.258,,,,,,,,,,,,,,,,0.0,0.0,0.0,,,,,,,,,,,,,,,,,,,,,,,,,,,,,,,,,,,,,0.0,0.0,0.0,,,,,,,,,,,,,,,2.48,,,,,,,,,,,,,,,,,,,,,,,,
Mali,1991,MLI,9123965.0,10269519872.0,,,,,,,,,,,,,,,,,0.0,0.0,0.0,,,,,,0.207,0.005,272.375,0.242,,,,,,,,,,,,,,,,0.0,0.0,0.0,,,,,,,,,,,,,,,,,,,,,,,,,,,,,,,,,,,,,0.0,0.0,0.0,,,,,,,,,,,,,,,2.485,,,,,,,,,,,,,,,,,,,,,,,,
Mali,1992,MLI,9310571.0,9995125760.0,,,,,,,,,,,,,,,,,0.0,0.0,0.0,,,,,,7.734,0.192,287.56,0.268,,,,,,,,,,,,,,,,0.0,0.0,0.0,,,,,,,,,,,,,,,,,,,,,,,,,,,,,,,,,,,,,0.0,0.0,0.0,,,,,,,,,,,,,,,2.677,,,,,,,,,,,,,,,,,,,,,,,,
Mali,1993,MLI,9506515.0,10249530368.0,,,,,,,,,,,,,,,,,0.0,0.0,0.0,,,,,,0.846,0.023,284.015,0.263,,,,,,,,,,,,,,,,0.0,0.0,0.0,,,,,,,,,,,,,,,,,,,,,,,,,,,,,,,,,,,,,0.0,0.0,0.0,,,,,,,,,,,,,,,2.7,,,,,,,,,,,,,,,,,,,,,,,,
Mali,1994,MLI,9711802.0,10520796160.0,,,,,,,,,,,,,,,,,0.0,0.0,0.0,,,,,,0.241,0.006,278.68,0.257,,,,,,,,,,,,,,,,0.0,0.0,0.0,,,,,,,,,,,,,,,,,,,,,,,,,,,,,,,,,,,,,0.0,0.0,0.0,,,,,,,,,,,,,,,2.706,,,,,,,,,,,,,,,,,,,,,,,,
Mali,1995,MLI,9921096.0,10736651264.0,,,,,,,,,,,,,,,,,0.0,0.0,0.0,,,,,,0.325,0.009,273.689,0.253,,,,,,,,,,,,,,,,0.0,0.0,0.0,,,,,,,,,,,,,,,,,,,,,,,,,,,,,,,,,,,,,0.0,0.0,0.0,,,,,,,,,,,,,,,2.715,,,,,,,,,,,,,,,,,,,,,,,,
Mali,1996,MLI,10131913.0,11389968384.0,,,,,,,,,,,,,,,,,0.0,0.0,0.0,,,,,,3.606,0.098,277.657,0.247,,,,,,,,,,,,,,,,0.0,0.0,0.0,,,,,,,,,,,,,,,,,,,,,,,,,,,,,,,,,,,,,0.0,0.0,0.0,,,,,,,,,,,,,,,2.813,,,,,,,,,,,,,,,,,,,,,,,,
Mali,1997,MLI,10359310.0,11793164288.0,,,,,,,,,,,,,,,,,0.0,0.0,0.0,,,,,,1.321,0.037,275.15,0.242,,,,,,,,,,,,,,,,0.0,0.0,0.0,,,,,,,,,,,,,,,,,,,,,,,,,,,,,,,,,,,,,0.0,0.0,0.0,,,,,,,,,,,,,,,2.85,,,,,,,,,,,,,,,,,,,,,,,,
Mali,1998,MLI,10620471.0,12008589312.0,,,,,,,,,,,,,,,,,0.0,0.0,0.0,,,,,,2.249,0.064,274.419,0.243,,,,,,,,,,,,,,,,0.0,0.0,0.0,,,,,,,,,,,,,,,,,,,,,,,,,,,,,,,,,,,,,0.0,0.0,0.0,,,,,,,,,,,,,,,2.914,,,,,,,,,,,,,,,,,,,,,,,,
Mali,1999,MLI,10916998.0,12634194944.0,,,,,,,,,,,,,,,,,0.0,0.0,0.0,,,,,,0.067,0.002,267.144,0.231,,,,,,,,,,,,,,,,0.0,0.0,0.0,,,,,,,,,,,,,,,,,,,,,,,,,,,,,,,,,,,,,0.0,0.0,0.0,,,,,,,,,,,,,,,2.916,,,,,,,,,,,,,,,,,,,,,,,,
Mali,2000,MLI,11239103.0,12490369024.0,,,,,1.78,0.02,5.128,,282.051,,,,,0.0,0.0,,0.0,0.0,0.0,0.0,,0.39,0.39,,50.972,1.487,391.754,0.353,,,12.457,0.14,,,35.897,,,,,0.0,0.0,,,0.0,0.0,0.0,0.0,,0.11,,,,20.464,0.23,,58.974,,,,,22.244,0.25,,64.103,,0.0,0.0,,,,0.0,0.0,,0.0,,,,,12.457,0.14,,,0.0,0.0,0.0,35.897,,,0.02,0.0,,,1.78,0.0,,5.128,0.0,,34.7,4.403,,,,22.244,0.25,,64.103,,,,,0.0,0.0,,0.0,,,,,0.0,0.0,,0.0,
Mali,2001,MLI,11583825.0,14257387520.0,,,,,1.727,0.02,5.0,,300.0,,,,,0.0,0.0,,0.0,0.0,0.0,0.0,,0.4,0.4,,1.18,0.052,384.58,0.312,,,12.949,0.15,,,37.5,,,,,0.0,0.0,,,0.0,0.0,0.0,0.0,,0.12,,,,19.855,0.23,,57.5,,,,,21.582,0.25,,62.5,,0.0,0.0,,,,0.0,0.0,,0.0,,,,,12.949,0.15,,,0.0,0.0,0.0,37.5,,,0.02,0.0,,,1.727,0.0,,5.0,0.0,,34.531,4.455,,,,21.582,0.25,,62.5,,,,,0.0,0.0,,0.0,,,,,0.0,0.0,,0.0,
Mali,2002,MLI,11952660.0,14544527360.0,,,,,1.673,0.02,4.878,,292.683,,,,,0.0,0.0,,0.0,0.0,0.0,0.0,,0.21,0.41,,-3.167,-0.141,360.909,0.297,,,12.55,0.15,,,36.585,,,,,0.0,0.0,,,0.0,0.0,0.0,0.0,,0.12,,,,20.079,0.24,,58.537,,,,,21.752,0.26,,63.415,,-0.2,-95.238,,,,0.0,0.0,,0.0,,,,,12.55,0.15,,,0.0,0.0,0.0,36.585,,,0.02,0.0,,,1.673,0.0,,4.878,0.0,,34.302,4.314,,,,21.752,0.26,,63.415,,,,,0.0,0.0,,0.0,,,,,0.0,0.0,,0.0,
Mali,2003,MLI,12342167.0,15730793472.0,,,,,2.431,0.03,6.977,,325.581,,,,,0.0,0.0,,0.0,0.0,0.0,0.0,,0.23,0.43,,0.342,0.015,350.713,0.275,,,13.774,0.17,,,39.535,,,,,0.0,0.0,,,0.0,0.0,0.0,0.0,,0.14,,,,18.635,0.23,,53.488,,,,,21.066,0.26,,60.465,,-0.2,-86.957,,,,0.0,0.0,,0.0,,,,,13.774,0.17,,,0.0,0.0,0.0,39.535,,,0.03,0.0,,,2.431,0.0,,6.977,0.0,,34.84,4.329,,,,21.066,0.26,,60.465,,,,,0.0,0.0,,0.0,,,,,0.0,0.0,,0.0,
Mali,2004,MLI,12751997.0,15828927488.0,,,,,2.353,0.03,6.522,,326.087,,,,,0.0,0.0,,0.0,0.0,0.0,0.0,,0.26,0.46,,4.005,0.173,353.036,0.284,,,14.115,0.18,,,39.13,,,,,0.0,0.0,,,0.0,0.0,0.0,0.0,,0.15,,,,19.605,0.25,,54.348,,,,,21.957,0.28,,60.87,,-0.2,-76.923,,,,0.0,0.0,,0.0,,,,,14.115,0.18,,,0.0,0.0,0.0,39.13,,,0.03,0.0,,,2.353,0.0,,6.522,0.0,,36.073,4.502,,,,21.957,0.28,,60.87,,,,,0.0,0.0,,0.0,,,,,0.0,0.0,,0.0,
Mali,2005,MLI,13180556.0,16700208128.0,,,,,3.035,0.04,5.128,,282.051,,,,,0.0,0.0,,0.0,0.0,0.0,0.0,,0.38,0.78,,10.763,0.485,378.32,0.299,,,22.002,0.29,,,37.179,,,,,0.0,0.0,,,0.0,0.0,0.0,0.0,,0.22,,,,34.141,0.45,,57.692,,,,,37.176,0.49,,62.821,,-0.4,-105.263,,,,0.0,0.0,,0.0,,,,,22.002,0.29,,,0.0,0.0,0.0,37.179,,,0.04,0.0,,,3.035,0.0,,5.128,0.0,,59.178,4.986,,,,37.176,0.49,,62.821,,,,,0.0,0.0,,0.0,,,,,0.0,0.0,,0.0,
Mali,2006,MLI,13623541.0,17320427520.0,,,,,3.67,0.05,5.952,,285.714,,,,,0.0,0.0,,0.0,0.0,0.0,0.0,,0.48,0.84,,17.36,0.866,429.56,0.338,,,22.755,0.31,,,36.905,,,,,0.0,0.0,,,0.0,0.0,0.0,0.0,,0.24,,,,35.233,0.48,,57.143,,,,,38.903,0.53,,63.095,,-0.36,-75.0,,,,0.0,0.0,,0.0,,,,,22.755,0.31,,,0.0,0.0,0.0,36.905,,,0.05,0.0,,,3.67,0.0,,5.952,0.0,,61.658,5.852,,,,38.903,0.53,,63.095,,,,,0.0,0.0,,0.0,,,,,0.0,0.0,,0.0,
Mali,2007,MLI,14080916.0,17779654656.0,,,,,3.551,0.05,6.024,,289.157,,,,,0.0,0.0,,0.0,0.0,0.0,0.0,,0.57,0.83,,17.711,1.036,489.214,0.387,,,22.016,0.31,,,37.349,,,,,0.0,0.0,,,0.0,0.0,0.0,0.0,,0.24,,,,33.379,0.47,,56.627,,,,,36.929,0.52,,62.651,,-0.26,-45.614,,,,0.0,0.0,,0.0,,,,,22.016,0.31,,,0.0,0.0,0.0,37.349,,,0.05,0.0,,,3.551,0.0,,6.024,0.0,,58.945,6.889,,,,36.929,0.52,,62.651,,,,,0.0,0.0,,0.0,,,,,0.0,0.0,,0.0,
Mali,2008,MLI,14551122.0,18486106112.0,,,,,4.123,0.06,6.0,,280.0,,,,,0.0,0.0,,0.0,0.0,0.0,0.0,,0.67,1.0,,19.396,1.336,565.225,0.445,,,25.428,0.37,,,37.0,,,,,0.0,0.0,,,0.0,0.0,0.0,0.0,,0.28,,,,39.172,0.57,,57.0,,,,,43.296,0.63,,63.0,,-0.33,-49.254,,,,0.0,0.0,,0.0,,,,,25.428,0.37,,,0.0,0.0,0.0,37.0,,,0.06,0.0,,,4.123,0.0,,6.0,0.0,,68.723,8.225,,,,43.296,0.63,,63.0,,,,,0.0,0.0,,0.0,,,,,0.0,0.0,,0.0,
Mali,2009,MLI,15032645.0,19186286592.0,,,,,3.991,0.06,5.357,,267.857,,,,,0.0,0.0,,0.0,0.0,0.0,0.0,,0.87,1.12,,26.404,2.172,691.583,0.542,,,25.944,0.39,,,34.821,,,,,0.0,0.0,,,0.0,0.0,0.0,0.0,,0.3,,,,44.57,0.67,,59.821,,,,,48.561,0.73,,65.179,,-0.25,-28.736,,,,0.0,0.0,,0.0,,,,,25.944,0.39,,,0.0,0.0,0.0,34.821,,,0.06,0.0,,,3.991,0.0,,5.357,0.0,,74.505,10.396,,,,48.561,0.73,,65.179,,,,,0.0,0.0,,0.0,,,,,0.0,0.0,,0.0,
Mali,2010,MLI,15529183.0,20054726656.0,,,,,4.508,0.07,4.094,,245.614,,,,,0.0,0.0,,0.0,0.0,0.0,0.0,,1.44,1.71,,13.127,1.365,757.354,0.586,,,34.129,0.53,,,30.994,,,,,0.0,0.0,,,0.0,0.0,0.0,0.0,,0.42,,,,70.834,1.1,,64.327,,,,,75.986,1.18,,69.006,,-0.27,-18.75,,,,0.0,0.0,,0.0,,,,,34.129,0.53,,,0.0,0.0,0.0,30.994,,,0.07,0.0,,,4.508,0.0,,4.094,0.0,,110.115,11.761,,,,75.986,1.18,,69.006,,,,,0.644,0.01,,0.585,,,,,0.0,0.0,,0.0,
Mali,2011,MLI,16039734.0,20518699008.0,,,,,4.364,0.07,3.684,,268.421,,,,,0.0,0.0,,0.0,0.0,0.0,0.0,,1.82,1.9,,9.658,1.136,804.067,0.629,,,41.148,0.66,,,34.737,,,,,0.0,0.0,,,0.0,0.0,0.0,0.0,,0.51,,,,71.697,1.15,,60.526,,,,,77.308,1.24,,65.263,,-0.08,-4.396,,,,0.0,0.0,,0.0,,,,,41.148,0.66,,,0.0,0.0,0.0,34.737,,,0.07,0.0,,,4.364,0.0,,3.684,0.0,,118.456,12.897,,,,77.308,1.24,,65.263,,,,,1.247,0.02,,1.053,,,,,0.0,0.0,,0.0,
Mali,2012,MLI,16514689.0,20330371072.0,,,,,6.055,0.1,4.425,,296.46,,,,,0.0,0.0,,0.0,0.0,0.0,0.0,,2.16,2.26,,6.333,0.817,830.399,0.675,,,53.891,0.89,,,39.381,,,,,0.0,0.0,,,0.0,0.0,0.0,0.0,,0.67,,,,75.085,1.24,,54.867,,,,,82.956,1.37,,60.619,,-0.1,-4.63,,,,0.0,0.0,,0.0,,,,,53.891,0.89,,,0.0,0.0,0.0,39.381,,,0.1,0.0,,,6.055,0.0,,4.425,0.0,,136.848,13.714,,,,82.956,1.37,,60.619,,,,,1.817,0.03,,1.327,,,,,0.0,0.0,,0.0,
Mali,2013,MLI,17004038.0,20797007872.0,,,,,5.881,0.1,4.386,,342.105,,,,,0.0,0.0,,0.0,0.0,0.0,0.0,,2.17,2.28,,2.945,0.404,830.251,0.679,,,61.162,1.04,,,45.614,,,,,0.0,0.0,,,0.0,0.0,0.0,0.0,,0.78,,,,65.279,1.11,,48.684,,,,,72.924,1.24,,54.386,,-0.11,-5.069,,,,0.0,0.0,,0.0,,,,,61.162,1.04,,,0.0,0.0,0.0,45.614,,,0.1,0.0,,,5.881,0.0,,4.386,0.0,,134.086,14.118,,,,72.924,1.24,,54.386,,,,,1.764,0.03,,1.316,,,,,0.0,0.0,,0.0,
Mali,2014,MLI,17551824.0,22278942720.0,,,,,5.697,0.1,4.237,,275.424,,,,,0.0,0.0,,0.0,0.0,0.0,0.0,,2.39,2.36,,11.798,1.666,899.235,0.708,,,48.428,0.85,,,36.017,,,,,0.0,0.0,,,0.0,0.0,0.0,0.0,,0.65,,,,78.624,1.38,,58.475,,,,,86.031,1.51,,63.983,,0.03,1.255,,,,0.0,0.0,,0.0,,,,,48.428,0.85,,,0.0,0.0,0.0,36.017,,,0.1,0.0,,,5.697,0.0,,4.237,0.0,,134.459,15.783,,,,86.031,1.51,,63.983,,,,,1.709,0.03,,1.271,,,,,0.0,0.0,,0.0,
Mali,2015,MLI,18112910.0,23621842944.0,,,,,6.625,0.12,5.172,,344.828,,,,,0.0,0.0,,0.0,0.0,0.0,0.0,,2.15,2.32,,9.341,1.474,952.776,0.731,,,57.97,1.05,,,45.259,,,,,0.0,0.0,,,0.0,0.0,0.0,0.0,,0.8,,,,61.834,1.12,,48.276,,,,,70.116,1.27,,54.741,,-0.17,-7.907,,,,0.0,0.0,,0.0,,,,,57.97,1.05,,,0.0,0.0,0.0,45.259,,,0.12,0.0,,,6.625,0.0,,5.172,0.0,,128.085,17.258,,,,70.116,1.27,,54.741,,,,,1.656,0.03,,1.293,,,,,0.0,0.0,,0.0,
Mali,2016,MLI,18700108.0,24912134144.0,,,,,5.882,0.11,3.971,,314.079,,,,,0.0,0.0,,0.0,0.0,0.0,0.0,,2.35,2.77,,27.017,4.663,1172.19,0.88,,,61.497,1.15,,,41.516,,,,,0.0,0.0,,,0.0,0.0,0.0,0.0,,0.87,,,,79.144,1.48,,53.43,,,,,86.631,1.62,,58.484,,-0.42,-17.872,,,,0.0,0.0,,0.0,,,,,61.497,1.15,,,0.0,0.0,0.0,41.516,,,0.11,0.0,,,5.882,0.0,,3.971,0.0,,148.127,21.92,,,,86.631,1.62,,58.484,,,,,1.604,0.03,,1.083,,,,,0.0,0.0,,0.0,
Mali,2017,MLI,19311356.0,26166958080.0,,,,,7.25,0.14,4.255,,370.821,,,,,0.0,0.0,,,,,0.0,,2.87,3.29,,8.731,1.914,1234.193,0.911,,,84.924,1.64,,,49.848,,,,,0.0,0.0,,,,,,0.0,,1.22,,,,76.639,1.48,,44.985,,,,,85.442,1.65,,50.152,,-0.42,-14.634,,,,0.0,0.0,,0.0,,,,,84.924,1.64,,,,,,49.848,,,0.14,0.0,,,7.25,0.0,,4.255,0.0,,170.366,23.834,,,,85.442,1.65,,50.152,,,,,1.553,0.03,,0.912,,,,,0.0,0.0,,0.0,
Mali,2018,MLI,19934304.0,27521622016.0,,,,,8.528,0.17,4.816,,410.765,,,,,0.0,0.0,,,,,0.0,,3.18,3.53,,4.027,0.96,1243.768,0.901,,,98.825,1.97,,,55.807,,,,,0.0,0.0,,,,,,0.0,,1.45,,,,68.224,1.36,,38.527,,,,,78.257,1.56,,44.193,,-0.35,-11.006,,,,0.0,0.0,,0.0,,,,,98.825,1.97,,,,,,55.807,,,0.17,0.0,,,8.528,0.0,,4.816,0.0,,177.082,24.794,,,,78.257,1.56,,44.193,,,,,1.505,0.03,,0.85,,,,,0.0,0.0,,0.0,
Mali,2019,MLI,20567430.0,,,,,,9.238,0.19,5.723,,472.892,,,,,0.0,0.0,,,,,0.0,,2.96,3.32,,2.176,0.54,1231.715,,,,104.534,2.15,,,64.759,,,,,0.0,0.0,,,,,,0.0,,1.57,,,,46.19,0.95,,28.614,,,,,56.886,1.17,,35.241,,-0.36,-12.162,,,,0.0,0.0,,0.0,,,,,104.534,2.15,,,,,,64.759,,,0.19,0.0,,,9.238,0.0,,5.723,0.0,,161.42,25.333,,,,56.886,1.17,,35.241,,,,,1.459,0.03,,0.904,,,,,0.0,0.0,,0.0,
Mali,2020,MLI,21224042.0,,,,,,8.481,0.18,5.625,,465.625,,,,,0.0,0.0,,,,,0.0,,2.85,3.2,,-4.25,-1.077,1142.883,,,,96.117,2.04,,,63.75,,,,,0.0,0.0,,,,,,0.0,,1.49,,,,44.761,0.95,,29.688,,,,,54.655,1.16,,36.25,,-0.35,-12.281,,,,0.0,0.0,,0.0,,,,,96.117,2.04,,,,,,63.75,,,0.18,0.0,,,8.481,0.0,,5.625,0.0,,150.772,24.257,,,,54.655,1.16,,36.25,,,,,1.413,0.03,,0.938,,,,,0.0,0.0,,0.0,
Mali,2021,MLI,21904990.0,,,,,,8.674,0.19,5.605,,466.077,,,,,0.0,0.0,,,,,0.0,,3.04,3.39,,5.528,1.341,1168.567,,,,99.064,2.17,,,64.012,,,,,0.0,0.0,,,,,,0.0,,1.58,,,,45.652,1.0,,29.499,,,,,55.695,1.22,,35.988,,-0.35,-11.513,,,,0.0,0.0,,0.0,,,,,99.064,2.17,,,,,,64.012,,,0.19,0.0,,,8.674,0.0,,5.605,0.0,,154.759,25.597,,,,55.695,1.22,,35.988,,,,,1.37,0.03,,0.885,,,,,0.0,0.0,,0.0,
Malta,1980,MLT,333593.0,3246888960.0,,,,,,,,,,,,,,,,,,0.0,0.0,,,,,,,,16523.996,1.698,,,,,,,,,,,,,,,,,0.0,0.0,,,,,,,,,,,,,,,,,,,,,,,,,,,,,,,,,,,,,,0.0,0.0,,,,,,,,,,,,,,,5.512,,,,,,,,,,,,,,,,,,,,,,,,
Malta,1981,MLT,336625.0,3354326016.0,,,,,,,,,,,,,,,,,0.0,0.0,0.0,,,,,,9.913,0.546,17998.479,1.806,,,,,,,,,,,,,,,,0.0,0.0,0.0,,,,,,,,,,,,,,,,,,,,,,,,,,,,,,,,,,,,,0.0,0.0,0.0,,,,,,,,,,,,,,,6.059,,,,,,,,,,,,,,,,,,,,,,,,
Malta,1982,MLT,339676.0,3431474688.0,,,,,,,,,,,,,,,,,0.0,0.0,0.0,,,,,,6.153,0.373,18934.287,1.874,,,,,,,,,,,,,,,,0.0,0.0,0.0,,,,,,,,,,,,,,,,,,,,,,,,,,,,,,,,,,,,,0.0,0.0,0.0,,,,,,,,,,,,,,,6.432,,,,,,,,,,,,,,,,,,,,,,,,
Malta,1983,MLT,342891.0,3410439936.0,,,,,,,,,,,,,,,,,0.0,0.0,0.0,,,,,,-29.062,-1.869,13305.73,1.338,,,,,,,,,,,,,,,,0.0,0.0,0.0,,,,,,,,,,,,,,,,,,,,,,,,,,,,,,,,,,,,,0.0,0.0,0.0,,,,,,,,,,,,,,,4.562,,,,,,,,,,,,,,,,,,,,,,,,
Malta,1984,MLT,346094.0,3442460160.0,,,,,,,,,,,,,,,,,0.0,0.0,0.0,,,,,,41.26,1.882,18621.678,1.872,,,,,,,,,,,,,,,,0.0,0.0,0.0,,,,,,,,,,,,,,,,,,,,,,,,,,,,,,,,,,,,,0.0,0.0,0.0,,,,,,,,,,,,,,,6.445,,,,,,,,,,,,,,,,,,,,,,,,
Malta,1985,MLT,349122.0,3531468800.0,,,,,,,,,,,,,,,,,0.0,0.0,0.0,,,,,,-31.204,-2.011,12699.803,1.256,,,,,,,,,,,,,,,,0.0,0.0,0.0,,,,,,,,,,,,,,,,,,,,,,,,,,,,,,,,,,,,,0.0,0.0,0.0,,,,,,,,,,,,,,,4.434,,,,,,,,,,,,,,,,,,,,,,,,
Malta,1986,MLT,352095.0,3668678912.0,,,,,,,,,,,,,,,,,0.0,0.0,0.0,,,,,,30.777,1.365,16468.186,1.581,,,,,,,,,,,,,,,,0.0,0.0,0.0,,,,,,,,,,,,,,,,,,,,,,,,,,,,,,,,,,,,,0.0,0.0,0.0,,,,,,,,,,,,,,,5.798,,,,,,,,,,,,,,,,,,,,,,,,
Malta,1987,MLT,355177.0,3819621376.0,,,,,,,,,,,,,,,,,0.0,0.0,0.0,,,,,,11.693,0.678,18234.201,1.696,,,,,,,,,,,,,,,,0.0,0.0,0.0,,,,,,,,,,,,,,,,,,,,,,,,,,,,,,,,,,,,,0.0,0.0,0.0,,,,,,,,,,,,,,,6.476,,,,,,,,,,,,,,,,,,,,,,,,
Malta,1988,MLT,358450.0,4140703488.0,,,,,,,,,,,,,,,,,0.0,0.0,0.0,,,,,,11.579,0.75,20159.689,1.745,,,,,,,,,,,,,,,,0.0,0.0,0.0,,,,,,,,,,,,,,,,,,,,,,,,,,,,,,,,,,,,,0.0,0.0,0.0,,,,,,,,,,,,,,,7.226,,,,,,,,,,,,,,,,,,,,,,,,
Malta,1989,MLT,361913.0,4479557120.0,,,,,,,,,,,,,,,,,0.0,0.0,0.0,,,,,,3.015,0.218,20568.691,1.662,,,,,,,,,,,,,,,,0.0,0.0,0.0,,,,,,,,,,,,,,,,,,,,,,,,,,,,,,,,,,,,,0.0,0.0,0.0,,,,,,,,,,,,,,,7.444,,,,,,,,,,,,,,,,,,,,,,,,
Malta,1990,MLT,365396.0,4761399808.0,,,,,0.0,0.0,0.0,,,,,,,1696.789,0.62,,0.0,0.0,0.0,55.856,,1.11,1.11,,8.898,0.662,22185.451,1.703,,,3037.8,1.11,,,100.0,,,,,0.0,0.0,,,0.0,0.0,0.0,0.0,,,,,,0.0,0.0,,0.0,,,,,0.0,0.0,,0.0,,0.0,0.0,,,,0.0,0.0,,0.0,,,,,1341.011,0.49,,,0.0,0.0,0.0,44.144,,,0.0,0.0,,,0.0,0.0,,0.0,0.0,,3037.8,8.106,,,,0.0,0.0,,0.0,,,,,0.0,0.0,,0.0,,,,,0.0,0.0,,0.0,
Malta,1991,MLT,368676.0,5061075456.0,,,,,0.0,0.0,0.0,,,,,,,1600.321,0.59,,0.0,0.0,0.0,41.549,,1.42,1.42,,5.347,0.433,23163.854,1.687,,,3851.62,1.42,,,100.0,,,,,0.0,0.0,,,0.0,0.0,0.0,0.0,,,,,,0.0,0.0,,0.0,,,,,0.0,0.0,,0.0,,0.0,0.0,,,,0.0,0.0,,0.0,,,,,2251.299,0.83,,,0.0,0.0,0.0,58.451,,,0.0,0.0,,,0.0,0.0,,0.0,0.0,,3851.62,8.54,,,,0.0,0.0,,0.0,,,,,0.0,0.0,,0.0,,,,,0.0,0.0,,0.0,
Malta,1992,MLT,371892.0,5300727296.0,,,,,0.0,0.0,0.0,,,,,,,1505.813,0.56,,0.0,0.0,0.0,37.584,,1.49,1.49,,5.102,0.436,24135.17,1.693,,,4006.54,1.49,,,100.0,,,,,0.0,0.0,,,0.0,0.0,0.0,0.0,,,,,,0.0,0.0,,0.0,,,,,0.0,0.0,,0.0,,0.0,0.0,,,,0.0,0.0,,0.0,,,,,2500.726,0.93,,,0.0,0.0,0.0,62.416,,,0.0,0.0,,,0.0,0.0,,0.0,0.0,,4006.54,8.976,,,,0.0,0.0,,0.0,,,,,0.0,0.0,,0.0,,,,,0.0,0.0,,0.0,
Malta,1993,MLT,375257.0,5540228096.0,,,,,0.0,0.0,0.0,,,,,,,1598.904,0.6,,0.0,0.0,0.0,40.0,,1.5,1.5,,5.559,0.499,25248.361,1.71,,,3997.26,1.5,,,100.0,,,,,0.0,0.0,,,0.0,0.0,0.0,0.0,,,,,,0.0,0.0,,0.0,,,,,0.0,0.0,,0.0,,0.0,0.0,,,,0.0,0.0,,0.0,,,,,2398.356,0.9,,,0.0,0.0,0.0,60.0,,,0.0,0.0,,,0.0,0.0,,0.0,0.0,,3997.26,9.475,,,,0.0,0.0,,0.0,,,,,0.0,0.0,,0.0,,,,,0.0,0.0,,0.0,
Malta,1994,MLT,378568.0,5855593984.0,,,,,0.0,0.0,0.0,,,,,,,950.952,0.36,,0.0,0.0,0.0,23.377,,1.54,1.54,,7.058,0.669,26794.076,1.732,,,4067.961,1.54,,,100.0,,,,,0.0,0.0,,,0.0,0.0,0.0,0.0,,,,,,0.0,0.0,,0.0,,,,,0.0,0.0,,0.0,,0.0,0.0,,,,0.0,0.0,,0.0,,,,,3117.009,1.18,,,0.0,0.0,0.0,76.623,,,0.0,0.0,,,0.0,0.0,,0.0,0.0,,4067.961,10.143,,,,0.0,0.0,,0.0,,,,,0.0,0.0,,0.0,,,,,0.0,0.0,,0.0,
Malta,1995,MLT,381860.0,6229765120.0,,,,,0.0,0.0,0.0,,,,,,,235.688,0.09,,0.0,0.0,0.0,5.521,,1.63,1.63,,-2.967,-0.301,25775.016,1.58,,,4268.58,1.63,,,100.0,,,,,0.0,0.0,,,0.0,0.0,0.0,0.0,,,,,,0.0,0.0,,0.0,,,,,0.0,0.0,,0.0,,0.0,0.0,,,,0.0,0.0,,0.0,,,,,4032.892,1.54,,,0.0,0.0,0.0,94.479,,,0.0,0.0,,,0.0,0.0,,0.0,0.0,,4268.58,9.842,,,,0.0,0.0,,0.0,,,,,0.0,0.0,,0.0,,,,,0.0,0.0,,0.0,
Malta,1996,MLT,385271.0,6467464192.0,,,,,0.0,0.0,0.0,,,,,,,0.0,0.0,,0.0,0.0,0.0,0.0,,1.66,1.66,,3.726,0.367,26498.742,1.579,,,4308.655,1.66,,,100.0,,,,,0.0,0.0,,,0.0,0.0,0.0,0.0,,,,,,0.0,0.0,,0.0,,,,,0.0,0.0,,0.0,,0.0,0.0,,,,0.0,0.0,,0.0,,,,,4308.655,1.66,,,0.0,0.0,0.0,100.0,,,0.0,0.0,,,0.0,0.0,,0.0,0.0,,4308.655,10.209,,,,0.0,0.0,,0.0,,,,,0.0,0.0,,0.0,,,,,0.0,0.0,,0.0,
Malta,1997,MLT,388843.0,6810149888.0,,,,,0.0,0.0,0.0,,,,,,,0.0,0.0,,0.0,0.0,0.0,0.0,,1.69,1.69,,6.671,0.681,28006.824,1.599,,,4346.227,1.69,,,100.0,,,,,0.0,0.0,,,0.0,0.0,0.0,0.0,,,,,,0.0,0.0,,0.0,,,,,0.0,0.0,,0.0,,0.0,0.0,,,,0.0,0.0,,0.0,,,,,4346.227,1.69,,,0.0,0.0,0.0,100.0,,,0.0,0.0,,,0.0,0.0,,0.0,0.0,,4346.227,10.89,,,,0.0,0.0,,0.0,,,,,0.0,0.0,,0.0,,,,,0.0,0.0,,0.0,
Malta,1998,MLT,392487.0,7162084864.0,,,,,0.0,0.0,0.0,,,,,,,0.0,0.0,,0.0,0.0,0.0,0.0,,1.72,1.72,,4.735,0.516,29060.49,1.593,,,4382.311,1.72,,,100.0,,,,,0.0,0.0,,,0.0,0.0,0.0,0.0,,,,,,0.0,0.0,,0.0,,,,,0.0,0.0,,0.0,,0.0,0.0,,,,0.0,0.0,,0.0,,,,,4382.311,1.72,,,0.0,0.0,0.0,100.0,,,0.0,0.0,,,0.0,0.0,,0.0,0.0,,4382.311,11.406,,,,0.0,0.0,,0.0,,,,,0.0,0.0,,0.0,,,,,0.0,0.0,,0.0,
Malta,1999,MLT,395993.0,7503059968.0,,,,,0.0,0.0,0.0,,,,,,,0.0,0.0,,0.0,0.0,0.0,0.0,,1.85,1.85,,10.871,1.24,31934.371,1.685,,,4671.8,1.85,,,100.0,,,,,0.0,0.0,,,0.0,0.0,0.0,0.0,,,,,,0.0,0.0,,0.0,,,,,0.0,0.0,,0.0,,0.0,0.0,,,,0.0,0.0,,0.0,,,,,4671.8,1.85,,,0.0,0.0,0.0,100.0,,,0.0,0.0,,,0.0,0.0,,0.0,0.0,,4671.8,12.646,,,,0.0,0.0,,0.0,,,,,0.0,0.0,,0.0,,,,,0.0,0.0,,0.0,
Malta,2000,MLT,399212.0,8014503936.0,,,,,0.0,0.0,0.0,,697.917,,,,,0.0,0.0,,0.0,0.0,0.0,0.0,,1.92,1.92,,46.41,5.869,46378.051,2.31,,,4809.475,1.92,,,100.0,,,,,0.0,0.0,,,0.0,0.0,0.0,0.0,,1.34,,,,0.0,0.0,,0.0,,,,,0.0,0.0,,0.0,,0.0,0.0,,,,0.0,0.0,,0.0,,,,,4809.475,1.92,,,0.0,0.0,0.0,100.0,,,0.0,0.0,,,0.0,0.0,,0.0,0.0,,4809.475,18.515,,,,0.0,0.0,,0.0,,,,,0.0,0.0,,0.0,,,,,0.0,0.0,,0.0,
Malta,2001,MLT,402163.0,8066432512.0,,,,,0.0,0.0,0.0,,701.031,,,,,0.0,0.0,,0.0,0.0,0.0,0.0,,1.94,1.94,,10.157,1.881,50713.891,2.528,,,4823.915,1.94,,,100.0,,,,,0.0,0.0,,,0.0,0.0,0.0,0.0,,1.36,,,,0.0,0.0,,0.0,,,,,0.0,0.0,,0.0,,0.0,0.0,,,,0.0,0.0,,0.0,,,,,4823.915,1.94,,,0.0,0.0,0.0,100.0,,,0.0,0.0,,,0.0,0.0,,0.0,0.0,,4823.915,20.395,,,,0.0,0.0,,0.0,,,,,0.0,0.0,,0.0,,,,,0.0,0.0,,0.0,
Malta,2002,MLT,404708.0,8310288384.0,,,,,0.0,0.0,0.0,,697.561,,,,,0.0,0.0,,0.0,0.0,0.0,0.0,,2.05,2.05,,-2.43,-0.496,49170.387,2.395,,,5065.38,2.05,,,100.0,,,,,0.0,0.0,,,0.0,0.0,0.0,0.0,,1.43,,,,0.0,0.0,,0.0,,,,,0.0,0.0,,0.0,,0.0,0.0,,,,0.0,0.0,,0.0,,,,,5065.38,2.05,,,0.0,0.0,0.0,100.0,,,0.0,0.0,,,0.0,0.0,,0.0,0.0,,5065.38,19.9,,,,0.0,0.0,,0.0,,,,,0.0,0.0,,0.0,,,,,0.0,0.0,,0.0,
Malta,2003,MLT,406926.0,8525085184.0,,,,,0.0,0.0,0.0,,700.893,,,,,0.0,0.0,,0.0,0.0,0.0,0.0,,2.24,2.24,,16.218,3.227,56833.484,2.713,,,5504.687,2.24,,,100.0,,,,,0.0,0.0,,,0.0,0.0,0.0,0.0,,1.57,,,,0.0,0.0,,0.0,,,,,0.0,0.0,,0.0,,0.0,0.0,,,,0.0,0.0,,0.0,,,,,5504.687,2.24,,,0.0,0.0,0.0,100.0,,,0.0,0.0,,,0.0,0.0,,0.0,0.0,,5504.687,23.127,,,,0.0,0.0,,0.0,,,,,0.0,0.0,,0.0,,,,,0.0,0.0,,0.0,
Malta,2004,MLT,408805.0,8566343168.0,,,,,0.0,0.0,0.0,,698.198,,,,,0.0,0.0,,0.0,0.0,0.0,0.0,,2.22,2.22,,4.981,1.152,59390.211,2.834,,,5430.462,2.22,,,100.0,,,,,0.0,0.0,,,0.0,0.0,0.0,0.0,,1.55,,,,0.0,0.0,,0.0,,,,,0.0,0.0,,0.0,,0.0,0.0,,,,0.0,0.0,,0.0,,,,,5430.462,2.22,,,0.0,0.0,0.0,100.0,,,0.0,0.0,,,0.0,0.0,,0.0,0.0,,5430.462,24.279,,,,0.0,0.0,,0.0,,,,,0.0,0.0,,0.0,,,,,0.0,0.0,,0.0,
Malta,2005,MLT,410217.0,8894058496.0,,,,,0.0,0.0,0.0,,700.893,,,,,0.0,0.0,,0.0,0.0,0.0,0.0,,2.24,2.24,,-14.686,-3.566,50493.625,2.329,,,5460.524,2.24,,,100.0,,,,,0.0,0.0,,,0.0,0.0,0.0,0.0,,1.57,,,,0.0,0.0,,0.0,,,,,0.0,0.0,,0.0,,0.0,0.0,,,,0.0,0.0,,0.0,,,,,5460.524,2.24,,,0.0,0.0,0.0,100.0,,,0.0,0.0,,,0.0,0.0,,0.0,0.0,,5460.524,20.713,,,,0.0,0.0,,0.0,,,,,0.0,0.0,,0.0,,,,,0.0,0.0,,0.0,
Malta,2006,MLT,411204.0,9060388864.0,,,,,0.0,0.0,0.0,,699.115,,,,,0.0,0.0,,0.0,0.0,0.0,0.0,,2.26,2.26,,2.196,0.455,51478.543,2.336,,,5496.056,2.26,,,100.0,,,,,0.0,0.0,,,0.0,0.0,0.0,0.0,,1.58,,,,0.0,0.0,,0.0,,,,,0.0,0.0,,0.0,,0.0,0.0,,,,0.0,0.0,,0.0,,,,,5496.056,2.26,,,0.0,0.0,0.0,100.0,,,0.0,0.0,,,0.0,0.0,,0.0,0.0,,5496.056,21.168,,,,0.0,0.0,,0.0,,,,,0.0,0.0,,0.0,,,,,0.0,0.0,,0.0,
Malta,2007,MLT,412091.0,9425146880.0,,,,,0.0,0.0,0.0,,700.0,,,,,0.0,0.0,,0.0,0.0,0.0,0.0,,2.3,2.3,,8.936,1.892,55957.789,2.447,,,5581.292,2.3,,,100.0,,,,,0.0,0.0,,,0.0,0.0,0.0,0.0,,1.61,,,,0.0,0.0,,0.0,,,,,0.0,0.0,,0.0,,0.0,0.0,,,,0.0,0.0,,0.0,,,,,5581.292,2.3,,,0.0,0.0,0.0,100.0,,,0.0,0.0,,,0.0,0.0,,0.0,0.0,,5581.292,23.06,,,,0.0,0.0,,0.0,,,,,0.0,0.0,,0.0,,,,,0.0,0.0,,0.0,
Malta,2008,MLT,413407.0,9744470016.0,,,,,0.0,0.0,0.0,,701.299,,,,,0.0,0.0,,0.0,0.0,0.0,0.0,,2.31,2.31,,3.565,0.822,57768.109,2.451,,,5587.713,2.31,,,100.0,,,,,0.0,0.0,,,0.0,0.0,0.0,0.0,,1.62,,,,0.0,0.0,,0.0,,,,,0.0,0.0,,0.0,,0.0,0.0,,,,0.0,0.0,,0.0,,,,,5587.713,2.31,,,0.0,0.0,0.0,100.0,,,0.0,0.0,,,0.0,0.0,,0.0,0.0,,5587.713,23.882,,,,0.0,0.0,,0.0,,,,,0.0,0.0,,0.0,,,,,0.0,0.0,,0.0,
Malta,2009,MLT,415509.0,9508432896.0,,,,,0.0,0.0,0.0,,700.461,,,,,0.0,0.0,,0.0,0.0,0.0,0.0,,2.17,2.17,,6.565,1.568,61248.996,2.677,,,5222.511,2.17,,,100.0,,,,,0.0,0.0,,,0.0,0.0,0.0,0.0,,1.52,,,,0.0,0.0,,0.0,,,,,0.0,0.0,,0.0,,0.0,0.0,,,,0.0,0.0,,0.0,,,,,5222.511,2.17,,,0.0,0.0,0.0,100.0,,,0.0,0.0,,,0.0,0.0,,0.0,0.0,,5222.511,25.45,,,,0.0,0.0,,0.0,,,,,0.0,0.0,,0.0,,,,,0.0,0.0,,0.0,
Malta,2010,MLT,418758.0,9849064448.0,,,,,0.0,0.0,0.0,,701.422,,,,,0.0,0.0,,0.0,0.0,0.0,0.0,,2.11,2.11,,19.376,4.931,72549.078,3.085,,,5038.709,2.11,,,100.0,,,,,0.0,0.0,,,0.0,0.0,0.0,0.0,,1.48,,,,0.0,0.0,,0.0,,,,,0.0,0.0,,0.0,,0.0,0.0,,,,0.0,0.0,,0.0,,,,,5038.709,2.11,,,0.0,0.0,0.0,100.0,,,0.0,0.0,,,0.0,0.0,,0.0,0.0,,5038.709,30.381,,,,0.0,0.0,,0.0,,,,,0.0,0.0,,0.0,,,,,0.0,0.0,,0.0,
Malta,2011,MLT,423577.0,9990638592.0,,,,,0.0,0.0,0.0,,700.461,,,,,0.0,0.0,,0.0,0.0,0.0,0.0,,2.17,2.17,,-4.926,-1.497,68190.57,2.891,,,5123.036,2.17,,,100.0,,,,,0.0,0.0,,,0.0,0.0,0.0,0.0,,1.52,,,,0.0,0.0,,0.0,,,,,0.0,0.0,,0.0,,0.0,0.0,,,,0.0,0.0,,0.0,,,,,5123.036,2.17,,,0.0,0.0,0.0,100.0,,,0.0,0.0,,,0.0,0.0,,0.0,0.0,,5123.036,28.884,,,,0.0,0.0,,0.0,,,,,0.0,0.0,,0.0,,,,,0.0,0.0,,0.0,
Malta,2012,MLT,429912.0,10262471680.0,,,,,23.261,0.01,0.435,,691.304,,,,,0.0,0.0,,0.0,0.0,0.0,0.0,,2.3,2.3,,-4.642,-1.341,64067.148,2.684,,,5280.15,2.27,,,98.696,,,,,0.0,0.0,,,0.0,0.0,0.0,0.0,,1.59,,,,0.0,0.0,,0.0,,,,,69.782,0.03,,1.304,,0.0,0.0,,,,0.0,0.0,,0.0,,,,,5280.15,2.27,,,0.0,0.0,0.0,98.696,,,0.01,0.0,,,23.261,0.0,,0.435,0.0,,5349.932,27.543,,,,69.782,0.03,,1.304,,,,,46.521,0.02,,0.87,,,,,0.0,0.0,,0.0,
Malta,2013,MLT,437531.0,10776326144.0,,,,,22.856,0.01,0.442,,685.841,,,,,0.0,0.0,,0.0,0.0,0.0,0.0,,2.26,2.26,,-5.075,-1.398,59756.48,2.426,,,5073.926,2.22,,,98.23,,,,,0.0,0.0,,,0.0,0.0,0.0,0.0,,1.55,,,,0.0,0.0,,0.0,,,,,91.422,0.04,,1.77,,0.0,0.0,,,,0.0,0.0,,0.0,,,,,5073.926,2.22,,,0.0,0.0,0.0,98.23,,,0.01,0.0,,,22.856,0.0,,0.442,0.0,,5165.348,26.145,,,,91.422,0.04,,1.77,,,,,68.567,0.03,,1.327,,,,,0.0,0.0,,0.0,
Malta,2014,MLT,446449.0,11795842048.0,,,,,22.399,0.01,0.444,,675.556,,,,,0.0,0.0,,0.0,0.0,0.0,0.0,,2.25,2.25,,2.341,0.612,59933.559,2.268,,,4860.578,2.17,,,96.444,,,,,0.0,0.0,,,0.0,0.0,0.0,0.0,,1.52,,,,0.0,0.0,,0.0,,,,,179.192,0.08,,3.556,,0.0,0.0,,,,0.0,0.0,,0.0,,,,,4860.578,2.17,,,0.0,0.0,0.0,96.444,,,0.01,0.0,,,22.399,0.0,,0.444,0.0,,5039.769,26.757,,,,179.192,0.08,,3.556,,,,,156.793,0.07,,3.111,,,,,0.0,0.0,,0.0,
Malta,2015,MLT,456585.0,12842327040.0,,,,,21.902,0.01,0.769,,646.154,,,,,0.0,0.0,,0.0,0.0,0.0,0.0,,2.35,1.3,,9.433,2.524,64130.957,2.28,,,2628.207,1.2,,,92.308,,,,,0.0,0.0,,,0.0,0.0,0.0,0.0,,0.84,,,,0.0,0.0,,0.0,,,,,219.017,0.1,,7.692,,1.05,44.681,,,,0.0,0.0,,0.0,,,,,2628.207,1.2,,,0.0,0.0,0.0,92.308,,,0.01,0.0,,,21.902,0.0,,0.769,0.0,,2847.225,29.281,,,,219.017,0.1,,7.692,,,,,197.116,0.09,,6.923,,,,,0.0,0.0,,0.0,
Malta,2016,MLT,467717.0,13651020800.0,,,,,21.38,0.01,1.163,,593.023,,,,,0.0,0.0,,0.0,0.0,0.0,0.0,,2.39,0.86,,11.161,3.268,69591.945,2.384,,,1539.392,0.72,,,83.721,,,,,0.0,0.0,,,0.0,0.0,0.0,0.0,,0.51,,,,0.0,0.0,,0.0,,,,,299.326,0.14,,16.279,,1.53,64.017,,,,0.0,0.0,,0.0,,,,,1539.392,0.72,,,0.0,0.0,0.0,83.721,,,0.01,0.0,,,21.38,0.0,,1.163,0.0,,1838.719,32.549,,,,299.326,0.14,,16.279,,,,,277.946,0.13,,15.116,,,,,0.0,0.0,,0.0,
Malta,2017,MLT,479507.0,14540544000.0,,,,,20.855,0.01,0.606,,466.667,,,,,0.0,0.0,,,,,0.0,,2.51,1.65,,13.9,4.524,77316.094,2.55,,,3086.503,1.48,,,89.697,,,,,2690.263,1.29,,,,,,78.182,,0.77,,,,0.0,0.0,,0.0,,,,,354.531,0.17,,10.303,,0.86,34.263,,,,0.0,0.0,,0.0,,,,,396.24,0.19,,,,,,11.515,,,0.01,0.0,,,20.855,0.0,,0.606,0.0,,3441.034,37.074,,,,354.531,0.17,,10.303,,,,,333.676,0.16,,9.697,,,,,0.0,0.0,,0.0,
Malta,2018,MLT,491590.0,15606394880.0,,,,,20.342,0.01,0.508,,446.701,,,,,0.0,0.0,,,,,0.0,,2.59,1.97,,4.394,1.629,78729.375,2.48,,,3600.562,1.77,,,89.848,,,,,3559.877,1.75,,,,,,88.832,,0.88,,,,0.0,0.0,,0.0,,,,,406.843,0.2,,10.152,,0.62,23.938,,,,0.0,0.0,,0.0,,,,,40.684,0.02,,,,,,1.015,,,0.01,0.0,,,20.342,0.0,,0.508,0.0,,4007.405,38.703,,,,406.843,0.2,,10.152,,,,,386.501,0.19,,9.645,,,,,0.0,0.0,,0.0,
Malta,2019,MLT,503646.0,,,,,,19.855,0.01,0.483,,449.275,,,,,0.0,0.0,,,,,0.0,,2.71,2.07,,4.212,1.63,80081.508,,,,3693.07,1.86,,,89.855,,,,,3633.504,1.83,,,,,,88.406,,0.93,,,,0.0,0.0,,0.0,,,,,416.96,0.21,,10.145,,0.64,23.616,,,,0.0,0.0,,0.0,,,,,59.566,0.03,,,,,,1.449,,,0.01,0.0,,,19.855,0.0,,0.483,0.0,,4110.029,40.333,,,,416.96,0.21,,10.145,,,,,397.104,0.2,,9.662,,,,,0.0,0.0,,0.0,
Malta,2020,MLT,515364.0,,,,,,19.404,0.01,0.465,,441.86,,,,,0.0,0.0,,,,,0.0,,2.57,2.15,,-7.916,-3.193,72065.461,,,,3686.715,1.9,,,88.372,,,,,3570.292,1.84,,,,,,85.581,,0.95,,,,0.0,0.0,,0.0,,,,,485.094,0.25,,11.628,,0.42,16.342,,,,0.0,0.0,,0.0,,,,,116.423,0.06,,,,,,2.791,,,0.01,0.0,,,19.404,0.0,,0.465,0.0,,4171.809,37.14,,,,485.094,0.25,,11.628,,,,,465.69,0.24,,11.163,,,,,0.0,0.0,,0.0,
Malta,2021,MLT,526751.0,,,,,,18.984,0.01,0.45,,441.441,,,,,0.0,0.0,,,,,0.0,,2.73,2.22,,5.413,2.011,74324.461,,,,3701.939,1.95,,,87.838,,,,,3626.002,1.91,,,,,,86.036,,0.98,,,,0.0,0.0,,0.0,,,,,512.576,0.27,,12.162,,0.51,18.681,,,,0.0,0.0,,0.0,,,,,75.937,0.04,,,,,,1.802,,,0.01,0.0,,,18.984,0.0,,0.45,0.0,,4214.515,39.15,,,,512.576,0.27,,12.162,,,,,493.592,0.26,,11.712,,,,,0.0,0.0,,0.0,
Malta,2022,MLT,533293.0,,,,,,18.751,0.01,0.5,,495.0,,,,,0.0,0.0,,,,,0.0,,2.64,2.0,,,,,,,,3731.532,1.99,,,99.5,,,,,3637.775,1.94,,,,,,97.0,,0.99,,,,0.0,0.0,,0.0,,,,,18.751,0.01,,0.5,,0.64,24.242,,,,0.0,0.0,,0.0,,,,,93.757,0.05,,,,,,2.5,,,0.01,0.0,,,18.751,0.0,,0.5,0.0,,3750.284,,,,,18.751,0.01,,0.5,,,,,,,,,,,,,0.0,0.0,,0.0,
Martinique,1980,MTQ,333798.0,,,,,,,,,,,,,,,,,,,0.0,0.0,,,,,,,,8219.05,,,,,,,,,,,,,,,,,,0.0,0.0,,,,,,,,,,,,,,,,,,,,,,,,,,,,,,,,,,,,,,0.0,0.0,,,,,,,,,,,,,,,2.744,,,,,,,,,,,,,,,,,,,,,,,,
Martinique,1981,MTQ,334723.0,,,,,,,,,,,,,,,,,,0.0,0.0,0.0,,,,,,-0.273,-0.007,8173.942,,,,,,,,,,,,,,,,,0.0,0.0,0.0,,,,,,,,,,,,,,,,,,,,,,,,,,,,,,,,,,,,,0.0,0.0,0.0,,,,,,,,,,,,,,,2.736,,,,,,,,,,,,,,,,,,,,,,,,
Martinique,1982,MTQ,336863.0,,,,,,,,,,,,,,,,,,0.0,0.0,0.0,,,,,,0.0,0.0,8122.016,,,,,,,,,,,,,,,,,0.0,0.0,0.0,,,,,,,,,,,,,,,,,,,,,,,,,,,,,,,,,,,,,0.0,0.0,0.0,,,,,,,,,,,,,,,2.736,,,,,,,,,,,,,,,,,,,,,,,,
Martinique,1983,MTQ,340272.0,,,,,,,,,,,,,,,,,,0.0,0.0,0.0,,,,,,-2.222,-0.061,7861.965,,,,,,,,,,,,,,,,,0.0,0.0,0.0,,,,,,,,,,,,,,,,,,,,,,,,,,,,,,,,,,,,,0.0,0.0,0.0,,,,,,,,,,,,,,,2.675,,,,,,,,,,,,,,,,,,,,,,,,
Martinique,1984,MTQ,344350.0,,,,,,,,,,,,,,,,,,0.0,0.0,0.0,,,,,,-11.121,-0.298,6904.9,,,,,,,,,,,,,,,,,0.0,0.0,0.0,,,,,,,,,,,,,,,,,,,,,,,,,,,,,,,,,,,,,0.0,0.0,0.0,,,,,,,,,,,,,,,2.378,,,,,,,,,,,,,,,,,,,,,,,,
Martinique,1985,MTQ,348739.0,,,,,,,,,,,,,,,,,,0.0,0.0,0.0,,,,,,22.741,0.541,8368.456,,,,,,,,,,,,,,,,,0.0,0.0,0.0,,,,,,,,,,,,,,,,,,,,,,,,,,,,,,,,,,,,,0.0,0.0,0.0,,,,,,,,,,,,,,,2.918,,,,,,,,,,,,,,,,,,,,,,,,
Martinique,1986,MTQ,353347.0,,,,,,,,,,,,,,,,,,0.0,0.0,0.0,,,,,,4.167,0.122,8603.461,,,,,,,,,,,,,,,,,0.0,0.0,0.0,,,,,,,,,,,,,,,,,,,,,,,,,,,,,,,,,,,,,0.0,0.0,0.0,,,,,,,,,,,,,,,3.04,,,,,,,,,,,,,,,,,,,,,,,,
Martinique,1987,MTQ,358155.0,,,,,,,,,,,,,,,,,,0.0,0.0,0.0,,,,,,14.258,0.433,9698.186,,,,,,,,,,,,,,,,,0.0,0.0,0.0,,,,,,,,,,,,,,,,,,,,,,,,,,,,,,,,,,,,,0.0,0.0,0.0,,,,,,,,,,,,,,,3.473,,,,,,,,,,,,,,,,,,,,,,,,
Martinique,1988,MTQ,363118.0,,,,,,,,,,,,,,,,,,0.0,0.0,0.0,,,,,,21.955,0.763,11665.734,,,,,,,,,,,,,,,,,0.0,0.0,0.0,,,,,,,,,,,,,,,,,,,,,,,,,,,,,,,,,,,,,0.0,0.0,0.0,,,,,,,,,,,,,,,4.236,,,,,,,,,,,,,,,,,,,,,,,,
Martinique,1989,MTQ,368415.0,,,,,,,,,,,,,,,,,,0.0,0.0,0.0,,,,,,38.131,1.615,15882.361,,,,,,,,,,,,,,,,,0.0,0.0,0.0,,,,,,,,,,,,,,,,,,,,,,,,,,,,,,,,,,,,,0.0,0.0,0.0,,,,,,,,,,,,,,,5.851,,,,,,,,,,,,,,,,,,,,,,,,
Martinique,1990,MTQ,374280.0,,,,,,,,,,,,,,,,,,0.0,0.0,0.0,,,,,,9.25,0.541,17079.51,,,,,,,,,,,,,,,,,0.0,0.0,0.0,,,,,,,,,,,,,,,,,,,,,,,,,,,,,,,,,,,,,0.0,0.0,0.0,,,,,,,,,,,,,,,6.393,,,,,,,,,,,,,,,,,,,,,,,,
Martinique,1991,MTQ,380973.0,,,,,,,,,,,,,,,,,,0.0,0.0,0.0,,,,,,-16.436,-1.051,14021.6,,,,,,,,,,,,,,,,,0.0,0.0,0.0,,,,,,,,,,,,,,,,,,,,,,,,,,,,,,,,,,,,,0.0,0.0,0.0,,,,,,,,,,,,,,,5.342,,,,,,,,,,,,,,,,,,,,,,,,
Martinique,1992,MTQ,388251.0,,,,,,,,,,,,,,,,,,0.0,0.0,0.0,,,,,,10.077,0.538,15145.226,,,,,,,,,,,,,,,,,0.0,0.0,0.0,,,,,,,,,,,,,,,,,,,,,,,,,,,,,,,,,,,,,0.0,0.0,0.0,,,,,,,,,,,,,,,5.88,,,,,,,,,,,,,,,,,,,,,,,,
Martinique,1993,MTQ,395567.0,,,,,,,,,,,,,,,,,,0.0,0.0,0.0,,,,,,36.246,2.131,20253.162,,,,,,,,,,,,,,,,,0.0,0.0,0.0,,,,,,,,,,,,,,,,,,,,,,,,,,,,,,,,,,,,,0.0,0.0,0.0,,,,,,,,,,,,,,,8.011,,,,,,,,,,,,,,,,,,,,,,,,
Martinique,1994,MTQ,402801.0,,,,,,,,,,,,,,,,,,0.0,0.0,0.0,,,,,,-1.22,-0.098,19646.701,,,,,,,,,,,,,,,,,0.0,0.0,0.0,,,,,,,,,,,,,,,,,,,,,,,,,,,,,,,,,,,,,0.0,0.0,0.0,,,,,,,,,,,,,,,7.914,,,,,,,,,,,,,,,,,,,,,,,,
Martinique,1995,MTQ,409952.0,,,,,,,,,,,,,,,,,,0.0,0.0,0.0,,,,,,1.42,0.112,19578.129,,,,,,,,,,,,,,,,,0.0,0.0,0.0,,,,,,,,,,,,,,,,,,,,,,,,,,,,,,,,,,,,,0.0,0.0,0.0,,,,,,,,,,,,,,,8.026,,,,,,,,,,,,,,,,,,,,,,,,
Martinique,1996,MTQ,417051.0,,,,,,,,,,,,,,,,,,0.0,0.0,0.0,,,,,,0.274,0.022,19297.6,,,,,,,,,,,,,,,,,0.0,0.0,0.0,,,,,,,,,,,,,,,,,,,,,,,,,,,,,,,,,,,,,0.0,0.0,0.0,,,,,,,,,,,,,,,8.048,,,,,,,,,,,,,,,,,,,,,,,,
Martinique,1997,MTQ,424146.0,,,,,,,,,,,,,,,,,,0.0,0.0,0.0,,,,,,1.272,0.102,19216.137,,,,,,,,,,,,,,,,,0.0,0.0,0.0,,,,,,,,,,,,,,,,,,,,,,,,,,,,,,,,,,,,,0.0,0.0,0.0,,,,,,,,,,,,,,,8.15,,,,,,,,,,,,,,,,,,,,,,,,
Martinique,1998,MTQ,430307.0,,,,,,,,,,,,,,,,,,0.0,0.0,0.0,,,,,,-0.765,-0.062,18796.201,,,,,,,,,,,,,,,,,0.0,0.0,0.0,,,,,,,,,,,,,,,,,,,,,,,,,,,,,,,,,,,,,0.0,0.0,0.0,,,,,,,,,,,,,,,8.088,,,,,,,,,,,,,,,,,,,,,,,,
Martinique,1999,MTQ,433427.0,,,,,,,,,,,,,,,,,,0.0,0.0,0.0,,,,,,0.0,0.0,18660.896,,,,,,,,,,,,,,,,,0.0,0.0,0.0,,,,,,,,,,,,,,,,,,,,,,,,,,,,,,,,,,,,,0.0,0.0,0.0,,,,,,,,,,,,,,,8.088,,,,,,,,,,,,,,,,,,,,,,,,
Martinique,2000,MTQ,432555.0,,,,,,0.0,0.0,0.0,,704.762,,,,,0.0,0.0,,0.0,0.0,0.0,0.0,,1.05,1.05,,16.33,1.321,21751.891,,,,2427.437,1.05,,,100.0,,,,,0.0,0.0,,,0.0,0.0,0.0,0.0,,0.74,,,,0.0,0.0,,0.0,,,,,0.0,0.0,,0.0,,0.0,0.0,,,,0.0,0.0,,0.0,,,,,2427.437,1.05,,,0.0,0.0,0.0,100.0,,,0.0,0.0,,,0.0,0.0,,0.0,0.0,,2427.437,9.409,,,,0.0,0.0,,0.0,,,,,0.0,0.0,,0.0,,,,,0.0,0.0,,0.0,
Martinique,2001,MTQ,429324.0,,,,,,0.0,0.0,0.0,,700.0,,,,,0.0,0.0,,0.0,0.0,0.0,0.0,,1.2,1.2,,0.362,0.034,21994.83,,,,2795.092,1.2,,,100.0,,,,,0.0,0.0,,,0.0,0.0,0.0,0.0,,0.84,,,,0.0,0.0,,0.0,,,,,0.0,0.0,,0.0,,0.0,0.0,,,,0.0,0.0,,0.0,,,,,2795.092,1.2,,,0.0,0.0,0.0,100.0,,,0.0,0.0,,,0.0,0.0,,0.0,0.0,,2795.092,9.443,,,,0.0,0.0,,0.0,,,,,0.0,0.0,,0.0,,,,,0.0,0.0,,0.0,
Martinique,2002,MTQ,425469.0,,,,,,0.0,0.0,0.0,,704.0,,,,,0.0,0.0,,0.0,0.0,0.0,0.0,,1.25,1.25,,4.287,0.405,23145.516,,,,2937.934,1.25,,,100.0,,,,,0.0,0.0,,,0.0,0.0,0.0,0.0,,0.88,,,,0.0,0.0,,0.0,,,,,0.0,0.0,,0.0,,0.0,0.0,,,,0.0,0.0,,0.0,,,,,2937.934,1.25,,,0.0,0.0,0.0,100.0,,,0.0,0.0,,,0.0,0.0,,0.0,0.0,,2937.934,9.848,,,,0.0,0.0,,0.0,,,,,0.0,0.0,,0.0,,,,,0.0,0.0,,0.0,
Martinique,2003,MTQ,419148.0,,,,,,0.0,0.0,0.0,,700.0,,,,,0.0,0.0,,0.0,0.0,0.0,0.0,,1.3,1.3,,-1.425,-0.14,23159.686,,,,3101.53,1.3,,,100.0,,,,,0.0,0.0,,,0.0,0.0,0.0,0.0,,0.91,,,,0.0,0.0,,0.0,,,,,0.0,0.0,,0.0,,0.0,0.0,,,,0.0,0.0,,0.0,,,,,3101.53,1.3,,,0.0,0.0,0.0,100.0,,,0.0,0.0,,,0.0,0.0,,0.0,0.0,,3101.53,9.707,,,,0.0,0.0,,0.0,,,,,0.0,0.0,,0.0,,,,,0.0,0.0,,0.0,
Martinique,2004,MTQ,410136.0,,,,,,0.0,0.0,0.0,,701.493,,,,,0.0,0.0,,0.0,0.0,0.0,0.0,,1.34,1.34,,0.334,0.032,23747.654,,,,3267.209,1.34,,,100.0,,,,,0.0,0.0,,,0.0,0.0,0.0,0.0,,0.94,,,,0.0,0.0,,0.0,,,,,0.0,0.0,,0.0,,0.0,0.0,,,,0.0,0.0,,0.0,,,,,3267.209,1.34,,,0.0,0.0,0.0,100.0,,,0.0,0.0,,,0.0,0.0,,0.0,0.0,,3267.209,9.74,,,,0.0,0.0,,0.0,,,,,0.0,0.0,,0.0,,,,,0.0,0.0,,0.0,
Martinique,2005,MTQ,400375.0,,,,,,0.0,0.0,0.0,,700.0,,,,,0.0,0.0,,0.0,0.0,0.0,0.0,,1.4,1.4,,-1.867,-0.182,23872.316,,,,3496.722,1.4,,,100.0,,,,,0.0,0.0,,,0.0,0.0,0.0,0.0,,0.98,,,,0.0,0.0,,0.0,,,,,0.0,0.0,,0.0,,0.0,0.0,,,,0.0,0.0,,0.0,,,,,3496.722,1.4,,,0.0,0.0,0.0,100.0,,,0.0,0.0,,,0.0,0.0,,0.0,0.0,,3496.722,9.558,,,,0.0,0.0,,0.0,,,,,0.0,0.0,,0.0,,,,,0.0,0.0,,0.0,
Martinique,2006,MTQ,395559.0,,,,,,0.0,0.0,0.0,,698.63,,,,,0.0,0.0,,0.0,0.0,0.0,0.0,,1.46,1.46,,0.017,0.002,24167.125,,,,3690.979,1.46,,,100.0,,,,,0.0,0.0,,,0.0,0.0,0.0,0.0,,1.02,,,,0.0,0.0,,0.0,,,,,0.0,0.0,,0.0,,0.0,0.0,,,,0.0,0.0,,0.0,,,,,3690.979,1.46,,,0.0,0.0,0.0,100.0,,,0.0,0.0,,,0.0,0.0,,0.0,0.0,,3690.979,9.56,,,,0.0,0.0,,0.0,,,,,0.0,0.0,,0.0,,,,,0.0,0.0,,0.0,
Martinique,2007,MTQ,395828.0,,,,,,0.0,0.0,0.0,,701.987,,,,,0.0,0.0,,0.0,0.0,0.0,0.0,,1.51,1.51,,3.887,0.372,25089.396,,,,3814.788,1.51,,,100.0,,,,,0.0,0.0,,,0.0,0.0,0.0,0.0,,1.06,,,,0.0,0.0,,0.0,,,,,0.0,0.0,,0.0,,0.0,0.0,,,,0.0,0.0,,0.0,,,,,3814.788,1.51,,,0.0,0.0,0.0,100.0,,,0.0,0.0,,,0.0,0.0,,0.0,0.0,,3814.788,9.931,,,,0.0,0.0,,0.0,,,,,0.0,0.0,,0.0,,,,,0.0,0.0,,0.0,
Martinique,2008,MTQ,395490.0,,,,,,0.0,0.0,0.0,,703.226,,,,,0.0,0.0,,0.0,0.0,0.0,0.0,,1.55,1.55,,0.459,0.046,25226.029,,,,3919.189,1.55,,,100.0,,,,,0.0,0.0,,,0.0,0.0,0.0,0.0,,1.09,,,,0.0,0.0,,0.0,,,,,0.0,0.0,,0.0,,0.0,0.0,,,,0.0,0.0,,0.0,,,,,3919.189,1.55,,,0.0,0.0,0.0,100.0,,,0.0,0.0,,,0.0,0.0,,0.0,0.0,,3919.189,9.977,,,,0.0,0.0,,0.0,,,,,0.0,0.0,,0.0,,,,,0.0,0.0,,0.0,
Martinique,2009,MTQ,394219.0,,,,,,0.0,0.0,0.0,,698.113,,,,,0.0,0.0,,0.0,0.0,0.0,0.0,,1.59,1.59,,-0.167,-0.017,25264.98,,,,4033.291,1.59,,,100.0,,,,,0.0,0.0,,,0.0,0.0,0.0,0.0,,1.11,,,,0.0,0.0,,0.0,,,,,0.0,0.0,,0.0,,0.0,0.0,,,,0.0,0.0,,0.0,,,,,4033.291,1.59,,,0.0,0.0,0.0,100.0,,,0.0,0.0,,,0.0,0.0,,0.0,0.0,,4033.291,9.96,,,,0.0,0.0,,0.0,,,,,0.0,0.0,,0.0,,,,,0.0,0.0,,0.0,
Martinique,2010,MTQ,392183.0,,,,,,0.0,0.0,0.0,,697.368,,,,,0.0,0.0,,0.0,0.0,0.0,0.0,,1.52,1.52,,-0.273,-0.027,25326.725,,,,3875.742,1.52,,,100.0,,,,,0.0,0.0,,,0.0,0.0,0.0,0.0,,1.06,,,,0.0,0.0,,0.0,,,,,0.0,0.0,,0.0,,0.0,0.0,,,,0.0,0.0,,0.0,,,,,3875.742,1.52,,,0.0,0.0,0.0,100.0,,,0.0,0.0,,,0.0,0.0,,0.0,0.0,,3875.742,9.933,,,,0.0,0.0,,0.0,,,,,0.0,0.0,,0.0,,,,,0.0,0.0,,0.0,
Martinique,2011,MTQ,389625.0,,,,,,0.0,0.0,0.0,,698.63,,,,,0.0,0.0,,0.0,0.0,0.0,0.0,,1.46,1.46,,3.948,0.392,26499.41,,,,3747.193,1.46,,,100.0,,,,,0.0,0.0,,,0.0,0.0,0.0,0.0,,1.02,,,,0.0,0.0,,0.0,,,,,0.0,0.0,,0.0,,0.0,0.0,,,,0.0,0.0,,0.0,,,,,3747.193,1.46,,,0.0,0.0,0.0,100.0,,,0.0,0.0,,,0.0,0.0,,0.0,0.0,,3747.193,10.325,,,,0.0,0.0,,0.0,,,,,0.0,0.0,,0.0,,,,,0.0,0.0,,0.0,
Martinique,2012,MTQ,386991.0,,,,,,,,,,,,,,,,,,0.0,0.0,0.0,,,0.0,0.0,,-100.0,-10.325,0.0,,,,0.0,0.0,,,,,,,,,,,,0.0,0.0,0.0,,,0.0,,,,,,,,,,,,0.0,0.0,,,,0.0,,,,,0.0,0.0,,,,,,,,,,,0.0,0.0,0.0,,,,,0.0,,,,0.0,,,,,0.0,0.0,,,,0.0,0.0,,,,,,,0.0,0.0,,,,,,,,,,,
Martinique,2013,MTQ,384725.0,,,,,,,,,,,,,,,,,,0.0,0.0,0.0,,,0.0,0.0,,,0.0,0.0,,,,0.0,0.0,,,,,,,,,,,,0.0,0.0,0.0,,,0.0,,,,,,,,,,,,0.0,0.0,,,,0.0,,,,,0.0,0.0,,,,,,,,,,,0.0,0.0,0.0,,,,,0.0,,,,0.0,,,,,0.0,0.0,,,,0.0,0.0,,,,,,,0.0,0.0,,,,,,,,,,,
Martinique,2014,MTQ,384393.0,,,,,,,,,,,,,,,,,,0.0,0.0,0.0,,,0.0,0.0,,,0.0,0.0,,,,0.0,0.0,,,,,,,,,,,,0.0,0.0,0.0,,,0.0,,,,,,,,,,,,0.0,0.0,,,,0.0,,,,,0.0,0.0,,,,,,,,,,,0.0,0.0,0.0,,,,,0.0,,,,0.0,,,,,0.0,0.0,,,,0.0,0.0,,,,,,,0.0,0.0,,,,,,,,,,,
Martinique,2015,MTQ,383523.0,,,,,,,,,,,,,,,,,,0.0,0.0,0.0,,,0.0,0.0,,,0.0,0.0,,,,0.0,0.0,,,,,,,,,,,,0.0,0.0,0.0,,,0.0,,,,,,,,,,,,0.0,0.0,,,,0.0,,,,,0.0,0.0,,,,,,,,,,,0.0,0.0,0.0,,,,,0.0,,,,0.0,,,,,0.0,0.0,,,,0.0,0.0,,,,,,,0.0,0.0,,,,,,,,,,,
Martinique,2016,MTQ,380350.0,,,,,,,,,,,,,,,,,,0.0,0.0,0.0,,,0.0,0.0,,,0.0,0.0,,,,0.0,0.0,,,,,,,,,,,,0.0,0.0,0.0,,,0.0,,,,,,,,,,,,0.0,0.0,,,,0.0,,,,,0.0,0.0,,,,,,,,,,,0.0,0.0,0.0,,,,,0.0,,,,0.0,,,,,0.0,0.0,,,,0.0,0.0,,,,,,,0.0,0.0,,,,,,,,,,,
Martinique,2017,MTQ,377458.0,,,,,,,,,,,,,,,,,,,,,,,0.0,0.0,,,0.0,0.0,,,,0.0,0.0,,,,,,,,,,,,,,,,,0.0,,,,,,,,,,,,0.0,0.0,,,,0.0,,,,,0.0,0.0,,,,,,,,,,,,,,,,,,0.0,,,,0.0,,,,,0.0,0.0,,,,0.0,0.0,,,,,,,0.0,0.0,,,,,,,,,,,
Martinique,2018,MTQ,374843.0,,,,,,,,,,,,,,,,,,,,,,,0.0,0.0,,,0.0,0.0,,,,0.0,0.0,,,,,,,,,,,,,,,,,0.0,,,,,,,,,,,,0.0,0.0,,,,0.0,,,,,0.0,0.0,,,,,,,,,,,,,,,,,,0.0,,,,0.0,,,,,0.0,0.0,,,,0.0,0.0,,,,,,,0.0,0.0,,,,,,,,,,,
Martinique,2019,MTQ,372254.0,,,,,,,,,,,,,,,,,,,,,,,0.0,0.0,,,0.0,0.0,,,,0.0,0.0,,,,,,,,,,,,,,,,,0.0,,,,,,,,,,,,0.0,0.0,,,,0.0,,,,,0.0,0.0,,,,,,,,,,,,,,,,,,0.0,,,,0.0,,,,,0.0,0.0,,,,0.0,0.0,,,,,,,0.0,0.0,,,,,,,,,,,
Martinique,2020,MTQ,370399.0,,,,,,,,,,,,,,,,,,,,,,,0.0,0.0,,,8.987,24263.932,,,,0.0,0.0,,,,,,,,,,,,,,,,,0.0,,,,,,,,,,,,0.0,0.0,,,,0.0,,,,,0.0,0.0,,,,,,,,,,,,,,,,,,0.0,,,,0.0,,,,,0.0,8.987,,,,0.0,0.0,,,,,,,0.0,0.0,,,,,,,,,,,
Martinique,2021,MTQ,368799.0,,,,,,,,,,,,,,,,,,,,,,,0.0,0.0,,0.0,0.0,24369.199,,,,0.0,0.0,,,,,,,,,,,,,,,,,0.0,,,,,,,,,,,,0.0,0.0,,,,0.0,,,,,0.0,0.0,,,,,,,,,,,,,,,,,,0.0,,,,0.0,,,,,0.0,8.987,,,,0.0,0.0,,,,,,,0.0,0.0,,,,,,,,,,,
Mauritania,1980,MRT,1506704.0,2598690048.0,,,,,,,,,,,,,,,,,,0.0,0.0,,,,,,,,1761.466,1.021,,,,,,,,,,,,,,,,,0.0,0.0,,,,,,,,,,,,,,,,,,,,,,,,,,,,,,,,,,,,,,0.0,0.0,,,,,,,,,,,,,,,2.654,,,,,,,,,,,,,,,,,,,,,,,,
Mauritania,1981,MRT,1551693.0,2704691968.0,,,,,,,,,,,,,,,,,0.0,0.0,0.0,,,,,,-4.104,-0.109,1640.202,0.941,,,,,,,,,,,,,,,,0.0,0.0,0.0,,,,,,,,,,,,,,,,,,,,,,,,,,,,,,,,,,,,,0.0,0.0,0.0,,,,,,,,,,,,,,,2.545,,,,,,,,,,,,,,,,,,,,,,,,
Mauritania,1982,MRT,1598346.0,2495375872.0,,,,,,,,,,,,,,,,,0.0,0.0,0.0,,,,,,1.08,0.027,1609.524,1.031,,,,,,,,,,,,,,,,0.0,0.0,0.0,,,,,,,,,,,,,,,,,,,,,,,,,,,,,,,,,,,,,0.0,0.0,0.0,,,,,,,,,,,,,,,2.573,,,,,,,,,,,,,,,,,,,,,,,,
Mauritania,1983,MRT,1646348.0,2559344128.0,,,,,,,,,,,,,,,,,0.0,0.0,0.0,,,,,,0.264,0.007,1566.716,1.008,,,,,,,,,,,,,,,,0.0,0.0,0.0,,,,,,,,,,,,,,,,,,,,,,,,,,,,,,,,,,,,,0.0,0.0,0.0,,,,,,,,,,,,,,,2.579,,,,,,,,,,,,,,,,,,,,,,,,
Mauritania,1984,MRT,1695676.0,2503909888.0,,,,,,,,,,,,,,,,,0.0,0.0,0.0,,,,,,46.915,1.21,2234.783,1.513,,,,,,,,,,,,,,,,0.0,0.0,0.0,,,,,,,,,,,,,,,,,,,,,,,,,,,,,,,,,,,,,0.0,0.0,0.0,,,,,,,,,,,,,,,3.789,,,,,,,,,,,,,,,,,,,,,,,,
Mauritania,1985,MRT,1746270.0,2587945984.0,,,,,,,,,,,,,,,,,0.0,0.0,0.0,,,,,,-0.586,-0.022,2157.327,1.456,,,,,,,,,,,,,,,,0.0,0.0,0.0,,,,,,,,,,,,,,,,,,,,,,,,,,,,,,,,,,,,,0.0,0.0,0.0,,,,,,,,,,,,,,,3.767,,,,,,,,,,,,,,,,,,,,,,,,
Mauritania,1986,MRT,1798015.0,2739492096.0,,,,,,,,,,,,,,,,,0.0,0.0,0.0,,,,,,-42.497,-1.601,1204.834,0.791,,,,,,,,,,,,,,,,0.0,0.0,0.0,,,,,,,,,,,,,,,,,,,,,,,,,,,,,,,,,,,,,0.0,0.0,0.0,,,,,,,,,,,,,,,2.166,,,,,,,,,,,,,,,,,,,,,,,,
Mauritania,1987,MRT,1851100.0,2799555072.0,,,,,,,,,,,,,,,,,0.0,0.0,0.0,,,,,,37.893,0.821,1613.742,1.067,,,,,,,,,,,,,,,,0.0,0.0,0.0,,,,,,,,,,,,,,,,,,,,,,,,,,,,,,,,,,,,,0.0,0.0,0.0,,,,,,,,,,,,,,,2.987,,,,,,,,,,,,,,,,,,,,,,,,
Mauritania,1988,MRT,1905852.0,2834516992.0,,,,,,,,,,,,,,,,,0.0,0.0,0.0,,,,,,28.876,0.863,2019.985,1.358,,,,,,,,,,,,,,,,0.0,0.0,0.0,,,,,,,,,,,,,,,,,,,,,,,,,,,,,,,,,,,,,0.0,0.0,0.0,,,,,,,,,,,,,,,3.85,,,,,,,,,,,,,,,,,,,,,,,,
Mauritania,1989,MRT,1955044.0,2940273920.0,,,,,,,,,,,,,,,,,0.0,0.0,0.0,,,,,,15.079,0.581,2266.097,1.507,,,,,,,,,,,,,,,,0.0,0.0,0.0,,,,,,,,,,,,,,,,,,,,,,,,,,,,,,,,,,,,,0.0,0.0,0.0,,,,,,,,,,,,,,,4.43,,,,,,,,,,,,,,,,,,,,,,,,
Mauritania,1990,MRT,2006035.0,2908675072.0,,,,,,,,,,,,,,,,,0.0,0.0,0.0,,,,,,-10.143,-0.449,1984.491,1.369,,,,,,,,,,,,,,,,0.0,0.0,0.0,,,,,,,,,,,,,,,,,,,,,,,,,,,,,,,,,,,,,0.0,0.0,0.0,,,,,,,,,,,,,,,3.981,,,,,,,,,,,,,,,,,,,,,,,,
Mauritania,1991,MRT,2066307.0,3053303296.0,,,,,,,,,,,,,,,,,0.0,0.0,0.0,,,,,,4.615,0.184,2015.512,1.364,,,,,,,,,,,,,,,,0.0,0.0,0.0,,,,,,,,,,,,,,,,,,,,,,,,,,,,,,,,,,,,,0.0,0.0,0.0,,,,,,,,,,,,,,,4.165,,,,,,,,,,,,,,,,,,,,,,,,
Mauritania,1992,MRT,2147536.0,3186885632.0,,,,,,,,,,,,,,,,,0.0,0.0,0.0,,,,,,224.109,9.333,6285.364,4.235,,,,,,,,,,,,,,,,0.0,0.0,0.0,,,,,,,,,,,,,,,,,,,,,,,,,,,,,,,,,,,,,0.0,0.0,0.0,,,,,,,,,,,,,,,13.498,,,,,,,,,,,,,,,,,,,,,,,,
Mauritania,1993,MRT,2237070.0,3536022016.0,,,,,,,,,,,,,,,,,0.0,0.0,0.0,,,,,,2.358,0.318,6176.067,3.907,,,,,,,,,,,,,,,,0.0,0.0,0.0,,,,,,,,,,,,,,,,,,,,,,,,,,,,,,,,,,,,,0.0,0.0,0.0,,,,,,,,,,,,,,,13.816,,,,,,,,,,,,,,,,,,,,,,,,
Mauritania,1994,MRT,2315198.0,3783132416.0,,,,,,,,,,,,,,,,,0.0,0.0,0.0,,,,,,-0.274,-0.038,5951.325,3.642,,,,,,,,,,,,,,,,0.0,0.0,0.0,,,,,,,,,,,,,,,,,,,,,,,,,,,,,,,,,,,,,0.0,0.0,0.0,,,,,,,,,,,,,,,13.778,,,,,,,,,,,,,,,,,,,,,,,,
Mauritania,1995,MRT,2380345.0,3768651776.0,,,,,,,,,,,,,,,,,0.0,0.0,0.0,,,,,,1.465,0.202,5873.274,3.71,,,,,,,,,,,,,,,,0.0,0.0,0.0,,,,,,,,,,,,,,,,,,,,,,,,,,,,,,,,,,,,,0.0,0.0,0.0,,,,,,,,,,,,,,,13.98,,,,,,,,,,,,,,,,,,,,,,,,
Mauritania,1996,MRT,2428830.0,4253698560.0,,,,,,,,,,,,,,,,,0.0,0.0,0.0,,,,,,1.184,0.166,5824.204,3.326,,,,,,,,,,,,,,,,0.0,0.0,0.0,,,,,,,,,,,,,,,,,,,,,,,,,,,,,,,,,,,,,0.0,0.0,0.0,,,,,,,,,,,,,,,14.146,,,,,,,,,,,,,,,,,,,,,,,,
Mauritania,1997,MRT,2484287.0,4166595328.0,,,,,,,,,,,,,,,,,0.0,0.0,0.0,,,,,,0.096,0.014,5699.632,3.398,,,,,,,,,,,,,,,,0.0,0.0,0.0,,,,,,,,,,,,,,,,,,,,,,,,,,,,,,,,,,,,,0.0,0.0,0.0,,,,,,,,,,,,,,,14.16,,,,,,,,,,,,,,,,,,,,,,,,
Mauritania,1998,MRT,2550504.0,4371026432.0,,,,,,,,,,,,,,,,,0.0,0.0,0.0,,,,,,0.39,0.055,5573.307,3.252,,,,,,,,,,,,,,,,0.0,0.0,0.0,,,,,,,,,,,,,,,,,,,,,,,,,,,,,,,,,,,,,0.0,0.0,0.0,,,,,,,,,,,,,,,14.215,,,,,,,,,,,,,,,,,,,,,,,,
Mauritania,1999,MRT,2620616.0,4762457088.0,,,,,,,,,,,,,,,,,0.0,0.0,0.0,,,,,,0.002,0.0,5424.32,2.985,,,,,,,,,,,,,,,,0.0,0.0,0.0,,,,,,,,,,,,,,,,,,,,,,,,,,,,,,,,,,,,,0.0,0.0,0.0,,,,,,,,,,,,,,,14.215,,,,,,,,,,,,,,,,,,,,,,,,
Mauritania,2000,MRT,2695018.0,4838789632.0,,,,,0.0,0.0,0.0,,608.696,,,,,0.0,0.0,,0.0,0.0,0.0,0.0,,0.23,0.23,,-64.502,-9.169,1872.364,1.043,,,74.211,0.2,,,86.957,,,,,0.0,0.0,,,0.0,0.0,0.0,0.0,,0.14,,,,11.132,0.03,,13.043,,,,,11.132,0.03,,13.043,,0.0,0.0,,,,0.0,0.0,,0.0,,,,,74.211,0.2,,,0.0,0.0,0.0,86.957,,,0.0,0.0,,,0.0,0.0,,0.0,0.0,,85.343,5.046,,,,11.132,0.03,,13.043,,,,,0.0,0.0,,0.0,,,,,0.0,0.0,,0.0,
Mauritania,2001,MRT,2761830.0,5040767488.0,,,,,0.0,0.0,0.0,,629.63,,,,,0.0,0.0,,0.0,0.0,0.0,0.0,,0.27,0.27,,4.374,0.221,1906.994,1.045,,,86.899,0.24,,,88.889,,,,,0.0,0.0,,,0.0,0.0,0.0,0.0,,0.17,,,,10.862,0.03,,11.111,,,,,10.862,0.03,,11.111,,0.0,0.0,,,,0.0,0.0,,0.0,,,,,86.899,0.24,,,0.0,0.0,0.0,88.889,,,0.0,0.0,,,0.0,0.0,,0.0,0.0,,97.761,5.267,,,,10.862,0.03,,11.111,,,,,0.0,0.0,,0.0,,,,,0.0,0.0,,0.0,
Mauritania,2002,MRT,2821709.0,5178323968.0,,,,,0.0,0.0,0.0,,660.0,,,,,0.0,0.0,,0.0,0.0,0.0,0.0,,0.5,0.5,,7.371,0.388,2004.115,1.092,,,166.566,0.47,,,94.0,,,,,0.0,0.0,,,0.0,0.0,0.0,0.0,,0.33,,,,10.632,0.03,,6.0,,,,,10.632,0.03,,6.0,,0.0,0.0,,,,0.0,0.0,,0.0,,,,,166.566,0.47,,,0.0,0.0,0.0,94.0,,,0.0,0.0,,,0.0,0.0,,0.0,0.0,,177.198,5.655,,,,10.632,0.03,,6.0,,,,,0.0,0.0,,0.0,,,,,0.0,0.0,,0.0,
Mauritania,2003,MRT,2883328.0,5603752960.0,,,,,0.0,0.0,0.0,,638.298,,,,,0.0,0.0,,0.0,0.0,0.0,0.0,,0.55,0.47,,4.74,0.268,2054.249,1.057,,,149.133,0.43,,,91.489,,,,,0.0,0.0,,,0.0,0.0,0.0,0.0,,0.3,,,,13.873,0.04,,8.511,,,,,13.873,0.04,,8.511,,0.08,14.545,,,,0.0,0.0,,0.0,,,,,149.133,0.43,,,0.0,0.0,0.0,91.489,,,0.0,0.0,,,0.0,0.0,,0.0,0.0,,163.006,5.923,,,,13.873,0.04,,8.511,,,,,0.0,0.0,,0.0,,,,,0.0,0.0,,0.0,
Mauritania,2004,MRT,2946583.0,6050710528.0,,,,,0.0,0.0,0.0,,647.059,,,,,0.0,0.0,,0.0,0.0,0.0,0.0,,0.58,0.51,,7.535,0.446,2161.621,1.053,,,159.507,0.47,,,92.157,,,,,0.0,0.0,,,0.0,0.0,0.0,0.0,,0.33,,,,13.575,0.04,,7.843,,,,,13.575,0.04,,7.843,,0.07,12.069,,,,0.0,0.0,,0.0,,,,,159.507,0.47,,,0.0,0.0,0.0,92.157,,,0.0,0.0,,,0.0,0.0,,0.0,0.0,,173.082,6.369,,,,13.575,0.04,,7.843,,,,,0.0,0.0,,0.0,,,,,0.0,0.0,,0.0,
Mauritania,2005,MRT,3012363.0,6728916992.0,,,,,0.0,0.0,0.0,,640.0,,,,,0.0,0.0,,0.0,0.0,0.0,0.0,,0.63,0.5,,4.365,0.278,2206.716,0.988,,,149.384,0.45,,,90.0,,,,,0.0,0.0,,,0.0,0.0,0.0,0.0,,0.32,,,,16.598,0.05,,10.0,,,,,16.598,0.05,,10.0,,0.13,20.635,,,,0.0,0.0,,0.0,,,,,149.384,0.45,,,0.0,0.0,0.0,90.0,,,0.0,0.0,,,0.0,0.0,,0.0,0.0,,165.983,6.647,,,,16.598,0.05,,10.0,,,,,0.0,0.0,,0.0,,,,,0.0,0.0,,0.0,
Mauritania,2006,MRT,3081228.0,8166141440.0,,,,,0.0,0.0,0.0,,622.222,,,,,0.0,0.0,,0.0,0.0,0.0,0.0,,0.58,0.45,,-2.616,-0.174,2100.965,0.793,,,129.818,0.4,,,88.889,,,,,0.0,0.0,,,0.0,0.0,0.0,0.0,,0.28,,,,16.227,0.05,,11.111,,,,,16.227,0.05,,11.111,,0.13,22.414,,,,0.0,0.0,,0.0,,,,,129.818,0.4,,,19.194,6229.417,19.194,88.889,,,0.0,0.0,,,0.0,0.0,,0.0,0.0,,146.046,6.474,,,,16.227,0.05,,11.111,,,,,0.0,0.0,,0.0,,,,,0.0,0.0,,0.0,
Mauritania,2007,MRT,3153519.0,8570478592.0,,,,,0.0,0.0,0.0,,617.021,,,,,0.0,0.0,,0.0,0.0,0.0,0.0,,0.55,0.47,,12.926,0.837,2318.157,0.853,,,133.185,0.42,,,89.362,,,,,0.0,0.0,,,0.0,0.0,0.0,0.0,,0.29,,,,15.855,0.05,,10.638,,,,,15.855,0.05,,10.638,,0.08,14.545,,,,0.0,0.0,,0.0,,,,,133.185,0.42,,-51.038,-9.796,2980.132,9.398,89.362,,,0.0,0.0,,,0.0,0.0,,0.0,0.0,,149.04,7.31,,,,15.855,0.05,,10.638,,,,,0.0,0.0,,0.0,,,,,0.0,0.0,,0.0,
Mauritania,2008,MRT,3233342.0,8846256128.0,,,,,0.0,0.0,0.0,,618.182,,,,,0.0,0.0,,0.0,0.0,0.0,0.0,,0.65,0.55,,23.026,1.683,2781.53,1.017,,,151.546,0.49,,,89.091,,,,,0.0,0.0,,,0.0,0.0,0.0,0.0,,0.34,,,,18.557,0.06,,10.909,,,,,18.557,0.06,,10.909,,0.1,15.385,,,,0.0,0.0,,0.0,,,,,151.546,0.49,,-14.163,-1.331,2494.903,8.067,89.091,,,0.0,0.0,,,0.0,0.0,,0.0,0.0,,170.103,8.994,,,,18.557,0.06,,10.909,,,,,0.0,0.0,,0.0,,,,,0.0,0.0,,0.0,
Mauritania,2009,MRT,3322625.0,8935093248.0,,,,,0.0,0.0,0.0,,568.966,,,,,0.0,0.0,,0.0,0.0,0.0,0.0,,0.69,0.58,,-0.694,-0.062,2688.011,1.0,,,141.454,0.47,,,81.034,,,,,0.0,0.0,,,0.0,0.0,0.0,0.0,,0.33,,,,33.106,0.11,,18.966,,,,,33.106,0.11,,18.966,,0.11,15.942,,,,0.0,0.0,,0.0,,,,,141.454,0.47,,-12.614,-1.018,2121.604,7.049,81.034,,,0.0,0.0,,,0.0,0.0,,0.0,0.0,,174.561,8.931,,,,33.106,0.11,,18.966,,,,,0.0,0.0,,0.0,,,,,0.0,0.0,,0.0,
Mauritania,2010,MRT,3419462.0,9559709696.0,,,,,0.0,0.0,0.0,,562.5,,,,,0.0,0.0,,0.0,0.0,0.0,0.0,,0.76,0.64,,-0.66,-0.059,2594.655,0.928,,,152.071,0.52,,,81.25,,,,,0.0,0.0,,,0.0,0.0,0.0,0.0,,0.36,,,,35.093,0.12,,18.75,,,,,35.093,0.12,,18.75,,0.12,15.789,,,,0.0,0.0,,0.0,,,,,152.071,0.52,,-26.793,-1.889,1509.168,5.161,81.25,,,0.0,0.0,,,0.0,0.0,,0.0,0.0,,187.164,8.872,,,,35.093,0.12,,18.75,,,,,0.0,0.0,,0.0,,,,,0.0,0.0,,0.0,
Mauritania,2011,MRT,3524250.0,10187327488.0,,,,,0.0,0.0,0.0,,590.361,,,,,0.0,0.0,,0.0,0.0,0.0,0.0,,0.96,0.83,,7.653,0.679,2710.173,0.938,,,198.624,0.7,,,84.337,,,,,0.0,0.0,,,0.0,0.0,0.0,0.0,,0.49,,,,36.887,0.13,,15.663,,,,,36.887,0.13,,15.663,,0.13,13.542,,,,0.0,0.0,,0.0,,,,,198.624,0.7,,-6.008,-0.31,1376.32,4.85,84.337,,,0.0,0.0,,,0.0,0.0,,0.0,0.0,,235.511,9.551,,,,36.887,0.13,,15.663,,,,,0.0,0.0,,0.0,,,,,0.0,0.0,,0.0,
Mauritania,2012,MRT,3636122.0,10792467456.0,,,,,0.0,0.0,0.0,,593.407,,,,,0.0,0.0,,0.0,0.0,0.0,0.0,,1.05,0.91,,10.638,1.016,2906.24,0.979,,,211.764,0.77,,,84.615,,,,,0.0,0.0,,,0.0,0.0,0.0,0.0,,0.54,,,,38.503,0.14,,15.385,,,,,38.503,0.14,,15.385,,0.14,13.333,,,,0.0,0.0,,0.0,,,,,211.764,0.77,,-14.766,-0.716,1137.0,4.134,84.615,,,0.0,0.0,,,0.0,0.0,,0.0,0.0,,250.267,10.567,,,,38.503,0.14,,15.385,,,,,0.0,0.0,,0.0,,,,,0.0,0.0,,0.0,
Mauritania,2013,MRT,3742965.0,11410721792.0,,,,,0.0,0.0,0.0,,542.553,,,,,0.0,0.0,,0.0,0.0,0.0,0.0,,1.11,0.94,,-9.038,-0.955,2568.119,0.842,,,195.033,0.73,,,77.66,,,,,0.0,0.0,,,0.0,0.0,0.0,0.0,,0.51,,,,45.419,0.17,,18.085,,,,,56.105,0.21,,22.34,,0.17,15.315,,,,0.0,0.0,,0.0,,,,,195.033,0.73,,2.355,0.097,1130.556,4.232,77.66,,,0.0,0.0,,,0.0,0.0,,0.0,0.0,,251.138,9.612,,,,56.105,0.21,,22.34,,,,,8.015,0.03,,3.191,,,,,2.672,0.01,,1.064,
Mauritania,2014,MRT,3843181.0,12165303296.0,,,,,0.0,0.0,0.0,,540.816,,,,,0.0,0.0,,0.0,0.0,0.0,0.0,,1.16,0.98,,19.724,1.896,2994.487,0.946,,,197.753,0.76,,,77.551,,,,,0.0,0.0,,,0.0,0.0,0.0,0.0,,0.53,,,,46.836,0.18,,18.367,,,,,57.244,0.22,,22.449,,0.18,15.517,,,,0.0,0.0,,0.0,,,,,197.753,0.76,,-11.072,-0.469,979.164,3.763,77.551,,,0.0,0.0,,,0.0,0.0,,0.0,0.0,,254.997,11.508,,,,57.244,0.22,,22.449,,,,,7.806,0.03,,3.061,,,,,2.602,0.01,,1.02,
Mauritania,2015,MRT,3946225.0,12316128256.0,,,,,0.0,0.0,0.0,,500.0,,,,,0.0,0.0,,0.0,0.0,0.0,0.0,,1.32,1.14,,1.339,0.154,2955.335,0.947,,,207.794,0.82,,,71.93,,,,,0.0,0.0,,,0.0,0.0,0.0,0.0,,0.57,,,,48.147,0.19,,16.667,,,,,81.09,0.32,,28.07,,0.18,13.636,,,,0.0,0.0,,0.0,,,,,207.794,0.82,,-12.601,-0.474,833.435,3.289,71.93,,,0.0,0.0,,,0.0,0.0,,0.0,0.0,,288.884,11.662,,,,81.09,0.32,,28.07,,,,,7.602,0.03,,2.632,,,,,25.341,0.1,,8.772,
Mauritania,2016,MRT,4051896.0,12527539200.0,,,,,0.0,0.0,0.0,,528.926,,,,,0.0,0.0,,0.0,0.0,0.0,0.0,,1.43,1.21,,-6.622,-0.772,2687.668,0.869,,,227.054,0.92,,,76.033,,,,,0.0,0.0,,,0.0,0.0,0.0,0.0,,0.64,,,,32.084,0.13,,10.744,,,,,71.571,0.29,,23.967,,0.22,15.385,,,,0.0,0.0,,0.0,,,,,227.054,0.92,,-7.572,-0.249,750.239,3.04,76.033,,,0.0,0.0,,,0.0,0.0,,0.0,0.0,,298.626,10.89,,,,71.571,0.29,,23.967,,,,,14.808,0.06,,4.959,,,,,24.68,0.1,,8.264,
Mauritania,2017,MRT,4160018.0,12897399808.0,,,,,0.0,0.0,0.0,,549.669,,,,,0.0,0.0,,,,,0.0,,1.7,1.51,,49.872,5.431,3923.376,1.265,,,283.653,1.18,,,78.146,,,,,0.0,0.0,,,,,,0.0,,0.83,,,,40.865,0.17,,11.258,,,,,79.327,0.33,,21.854,,0.19,11.176,,,,0.0,0.0,,0.0,,,,,283.653,1.18,,,,,,78.146,,,0.0,0.0,,,0.0,0.0,,0.0,0.0,,362.979,16.321,,,,79.327,0.33,,21.854,,,,,14.423,0.06,,3.974,,,,,24.038,0.1,,6.623,
Mauritania,2018,MRT,4270717.0,13278341120.0,,,,,0.0,0.0,0.0,,526.627,,,,,0.0,0.0,,,,,0.0,,1.89,1.69,,6.612,1.079,4074.366,1.31,,,295.032,1.26,,,74.556,,,,,0.0,0.0,,,,,,0.0,,0.89,,,,44.489,0.19,,11.243,,,,,100.686,0.43,,25.444,,0.2,10.582,,,,0.0,0.0,,0.0,,,,,295.032,1.26,,,,,,74.556,,,0.0,0.0,,,0.0,0.0,,0.0,0.0,,395.718,17.4,,,,100.686,0.43,,25.444,,,,,32.781,0.14,,8.284,,,,,23.415,0.1,,5.917,
Mauritania,2019,MRT,4383853.0,,,,,,0.0,0.0,0.0,,527.473,,,,,0.0,0.0,,,,,0.0,,2.02,1.82,,4.535,0.789,4149.229,,,,310.229,1.36,,,74.725,,,,,0.0,0.0,,,,,,0.0,,0.96,,,,45.622,0.2,,10.989,,,,,104.931,0.46,,25.275,,0.2,9.901,,,,0.0,0.0,,0.0,,,,,310.229,1.36,,,,,,74.725,,,0.0,0.0,,,0.0,0.0,,0.0,0.0,,415.16,18.19,,,,104.931,0.46,,25.275,,,,,31.935,0.14,,7.692,,,,,27.373,0.12,,6.593,
Mauritania,2020,MRT,4498605.0,,,,,,0.0,0.0,0.0,,519.774,,,,,0.0,0.0,,,,,0.0,,1.97,1.77,,-3.923,-0.714,3884.775,,,,286.756,1.29,,,72.881,,,,,0.0,0.0,,,,,,0.0,,0.92,,,,46.681,0.21,,11.864,,,,,106.7,0.48,,27.119,,0.2,10.152,,,,0.0,0.0,,0.0,,,,,286.756,1.29,,,,,,72.881,,,0.0,0.0,,,0.0,0.0,,0.0,0.0,,393.455,17.476,,,,106.7,0.48,,27.119,,,,,31.121,0.14,,7.91,,,,,28.898,0.13,,7.345,
Mauritania,2021,MRT,4614981.0,,,,,,0.0,0.0,0.0,,526.596,,,,,0.0,0.0,,,,,0.0,,2.08,1.88,,5.327,0.931,3988.532,,,,299.026,1.38,,,73.404,,,,,0.0,0.0,,,,,,0.0,,0.99,,,,45.504,0.21,,11.17,,,,,108.343,0.5,,26.596,,0.2,9.615,,,,0.0,0.0,,0.0,,,,,299.026,1.38,,,,,,73.404,,,0.0,0.0,,,0.0,0.0,,0.0,0.0,,407.369,18.407,,,,108.343,0.5,,26.596,,,,,30.336,0.14,,7.447,,,,,32.503,0.15,,7.979,
Mauritius,1980,MUS,954876.0,6716996096.0,,,,,,,,,,,,,,,,,,0.0,0.0,,,,,,,,4165.655,0.592,,,,,,,,,,,,,,,,,0.0,0.0,,,,,,,,,,,,,,,,,,,,,,,,,,,,,,,,,,,,,,0.0,0.0,,,,,,,,,,,,,,,3.978,,,,,,,,,,,,,,,,,,,,,,,,
Mauritius,1981,MUS,969806.0,7111819264.0,,,,,,,,,,,,,,,,,0.0,0.0,0.0,,,,,,-11.335,-0.451,3636.619,0.496,,,,,,,,,,,,,,,,0.0,0.0,0.0,,,,,,,,,,,,,,,,,,,,,,,,,,,,,,,,,,,,,0.0,0.0,0.0,,,,,,,,,,,,,,,3.527,,,,,,,,,,,,,,,,,,,,,,,,
Mauritius,1982,MUS,984181.0,7502798336.0,,,,,,,,,,,,,,,,,0.0,0.0,0.0,,,,,,-0.56,-0.02,3563.442,0.467,,,,,,,,,,,,,,,,0.0,0.0,0.0,,,,,,,,,,,,,,,,,,,,,,,,,,,,,,,,,,,,,0.0,0.0,0.0,,,,,,,,,,,,,,,3.507,,,,,,,,,,,,,,,,,,,,,,,,
Mauritius,1983,MUS,998001.0,7532347392.0,,,,,,,,,,,,,,,,,0.0,0.0,0.0,,,,,,3.787,0.133,3647.162,0.483,,,,,,,,,,,,,,,,0.0,0.0,0.0,,,,,,,,,,,,,,,,,,,,,,,,,,,,,,,,,,,,,0.0,0.0,0.0,,,,,,,,,,,,,,,3.64,,,,,,,,,,,,,,,,,,,,,,,,
Mauritius,1984,MUS,1011951.0,7891903488.0,,,,,,,,,,,,,,,,,0.0,0.0,0.0,,,,,,7.946,0.289,3882.711,0.498,,,,,,,,,,,,,,,,0.0,0.0,0.0,,,,,,,,,,,,,,,,,,,,,,,,,,,,,,,,,,,,,0.0,0.0,0.0,,,,,,,,,,,,,,,3.929,,,,,,,,,,,,,,,,,,,,,,,,
Mauritius,1985,MUS,1025777.0,8434796032.0,,,,,,,,,,,,,,,,,0.0,0.0,0.0,,,,,,6.88,0.27,4093.924,0.498,,,,,,,,,,,,,,,,0.0,0.0,0.0,,,,,,,,,,,,,,,,,,,,,,,,,,,,,,,,,,,,,0.0,0.0,0.0,,,,,,,,,,,,,,,4.199,,,,,,,,,,,,,,,,,,,,,,,,
Mauritius,1986,MUS,1039034.0,9255124992.0,,,,,,,,,,,,,,,,,0.0,0.0,0.0,,,,,,24.244,1.018,5021.565,0.564,,,,,,,,,,,,,,,,0.0,0.0,0.0,,,,,,,,,,,,,,,,,,,,,,,,,,,,,,,,,,,,,0.0,0.0,0.0,,,,,,,,,,,,,,,5.218,,,,,,,,,,,,,,,,,,,,,,,,
Mauritius,1987,MUS,1051817.0,10196916224.0,,,,,,,,,,,,,,,,,0.0,0.0,0.0,,,,,,-11.618,-0.606,4384.233,0.452,,,,,,,,,,,,,,,,0.0,0.0,0.0,,,,,,,,,,,,,,,,,,,,,,,,,,,,,,,,,,,,,0.0,0.0,0.0,,,,,,,,,,,,,,,4.611,,,,,,,,,,,,,,,,,,,,,,,,
Mauritius,1988,MUS,1064328.0,10886205440.0,,,,,,,,,,,,,,,,,0.0,0.0,0.0,,,,,,33.628,1.551,5789.68,0.566,,,,,,,,,,,,,,,,0.0,0.0,0.0,,,,,,,,,,,,,,,,,,,,,,,,,,,,,,,,,,,,,0.0,0.0,0.0,,,,,,,,,,,,,,,6.162,,,,,,,,,,,,,,,,,,,,,,,,
Mauritius,1989,MUS,1076973.0,11383072768.0,,,,,,,,,,,,,,,,,0.0,0.0,0.0,,,,,,16.308,1.005,6654.824,0.63,,,,,,,,,,,,,,,,0.0,0.0,0.0,,,,,,,,,,,,,,,,,,,,,,,,,,,,,,,,,,,,,0.0,0.0,0.0,,,,,,,,,,,,,,,7.167,,,,,,,,,,,,,,,,,,,,,,,,
Mauritius,1990,MUS,1090296.0,12196699136.0,,,,,,,,,,,,,,,,,0.0,0.0,0.0,,,,,,10.856,0.778,7287.114,0.651,,,,,,,,,,,,,,,,0.0,0.0,0.0,,,,,,,,,,,,,,,,,,,,,,,,,,,,,,,,,,,,,0.0,0.0,0.0,,,,,,,,,,,,,,,7.945,,,,,,,,,,,,,,,,,,,,,,,,
Mauritius,1991,MUS,1104267.0,12478497792.0,,,,,,,,,,,,,,,,,0.0,0.0,0.0,,,,,,1.292,0.103,7287.894,0.645,,,,,,,,,,,,,,,,0.0,0.0,0.0,,,,,,,,,,,,,,,,,,,,,,,,,,,,,,,,,,,,,0.0,0.0,0.0,,,,,,,,,,,,,,,8.048,,,,,,,,,,,,,,,,,,,,,,,,
Mauritius,1992,MUS,1118719.0,13020290048.0,,,,,,,,,,,,,,,,,0.0,0.0,0.0,,,,,,19.535,1.572,8599.056,0.739,,,,,,,,,,,,,,,,0.0,0.0,0.0,,,,,,,,,,,,,,,,,,,,,,,,,,,,,,,,,,,,,0.0,0.0,0.0,,,,,,,,,,,,,,,9.62,,,,,,,,,,,,,,,,,,,,,,,,
Mauritius,1993,MUS,1133260.0,13435076608.0,,,,,,,,,,,,,,,,,0.0,0.0,0.0,,,,,,0.746,0.072,8552.078,0.721,,,,,,,,,,,,,,,,0.0,0.0,0.0,,,,,,,,,,,,,,,,,,,,,,,,,,,,,,,,,,,,,0.0,0.0,0.0,,,,,,,,,,,,,,,9.692,,,,,,,,,,,,,,,,,,,,,,,,
Mauritius,1994,MUS,1147165.0,13759042560.0,,,,,,,,,,,,,,,,,0.0,0.0,0.0,,,,,,-0.338,-0.033,8419.896,0.702,,,,,,,,,,,,,,,,0.0,0.0,0.0,,,,,,,,,,,,,,,,,,,,,,,,,,,,,,,,,,,,,0.0,0.0,0.0,,,,,,,,,,,,,,,9.659,,,,,,,,,,,,,,,,,,,,,,,,
Mauritius,1995,MUS,1160218.0,14115228672.0,,,,,,,,,,,,,,,,,0.0,0.0,0.0,,,,,,7.087,0.685,8915.209,0.733,,,,,,,,,,,,,,,,0.0,0.0,0.0,,,,,,,,,,,,,,,,,,,,,,,,,,,,,,,,,,,,,0.0,0.0,0.0,,,,,,,,,,,,,,,10.344,,,,,,,,,,,,,,,,,,,,,,,,
Mauritius,1996,MUS,1172545.0,14580008960.0,,,,,,,,,,,,,,,,,0.0,0.0,0.0,,,,,,0.189,0.02,8838.137,0.711,,,,,,,,,,,,,,,,0.0,0.0,0.0,,,,,,,,,,,,,,,,,,,,,,,,,,,,,,,,,,,,,0.0,0.0,0.0,,,,,,,,,,,,,,,10.363,,,,,,,,,,,,,,,,,,,,,,,,
Mauritius,1997,MUS,1184265.0,15156261888.0,,,,,,,,,,,,,,,,,0.0,0.0,0.0,,,,,,1.041,0.108,8841.741,0.691,,,,,,,,,,,,,,,,0.0,0.0,0.0,,,,,,,,,,,,,,,,,,,,,,,,,,,,,,,,,,,,,0.0,0.0,0.0,,,,,,,,,,,,,,,10.471,,,,,,,,,,,,,,,,,,,,,,,,
Mauritius,1998,MUS,1194879.0,15794113536.0,,,,,,,,,,,,,,,,,0.0,0.0,0.0,,,,,,2.782,0.291,9006.974,0.681,,,,,,,,,,,,,,,,0.0,0.0,0.0,,,,,,,,,,,,,,,,,,,,,,,,,,,,,,,,,,,,,0.0,0.0,0.0,,,,,,,,,,,,,,,10.762,,,,,,,,,,,,,,,,,,,,,,,,
Mauritius,1999,MUS,1205416.0,15922504704.0,,,,,,,,,,,,,,,,,0.0,0.0,0.0,,,,,,10.301,1.109,9847.927,0.746,,,,,,,,,,,,,,,,0.0,0.0,0.0,,,,,,,,,,,,,,,,,,,,,,,,,,,,,,,,,,,,,0.0,0.0,0.0,,,,,,,,,,,,,,,11.871,,,,,,,,,,,,,,,,,,,,,,,,
Mauritius,2000,MUS,1215930.0,16925978624.0,,,,,156.259,0.19,11.31,,625.0,,,,,213.828,0.26,,0.0,0.0,0.0,15.476,,1.68,1.68,,35.367,4.198,13215.6,0.949,,,1151.382,1.4,,,83.333,,,,,0.0,0.0,,,0.0,0.0,0.0,0.0,,1.05,,,,74.017,0.09,,5.357,,,,,230.276,0.28,,16.667,,0.0,0.0,,,,0.0,0.0,,0.0,,,,,937.554,1.14,,,0.0,0.0,0.0,67.857,,,0.19,0.0,,,156.259,0.0,,11.31,0.0,,1381.658,16.069,,,,230.276,0.28,,16.667,,,,,0.0,0.0,,0.0,,,,,0.0,0.0,,0.0,
Mauritius,2001,MUS,1225272.0,17186686976.0,,,,,195.875,0.24,13.333,,627.778,,,,,220.359,0.27,,0.0,0.0,0.0,15.0,,1.8,1.8,,2.062,0.331,13385.311,0.954,,,1216.057,1.49,,,82.778,,,,,0.0,0.0,,,0.0,0.0,0.0,0.0,,1.13,,,,57.13,0.07,,3.889,,,,,253.005,0.31,,17.222,,0.0,0.0,,,,0.0,0.0,,0.0,,,,,995.697,1.22,,,0.0,0.0,0.0,67.778,,,0.24,0.0,,,195.875,0.0,,13.333,0.0,,1469.062,16.401,,,,253.005,0.31,,17.222,,,,,0.0,0.0,,0.0,,,,,0.0,0.0,,0.0,
Mauritius,2002,MUS,1233974.0,17171389440.0,,,,,194.494,0.24,12.973,,627.027,,,,,226.909,0.28,,0.0,0.0,0.0,15.135,,1.85,1.85,,-1.764,-0.289,13056.474,0.938,,,1231.793,1.52,,,82.162,,,,,0.0,0.0,,,0.0,0.0,0.0,0.0,,1.16,,,,72.935,0.09,,4.865,,,,,267.429,0.33,,17.838,,0.0,0.0,,,,0.0,0.0,,0.0,,,,,1004.883,1.24,,,0.0,0.0,0.0,67.027,,,0.24,0.0,,,194.494,0.0,,12.973,0.0,,1499.221,16.111,,,,267.429,0.33,,17.838,,,,,0.0,0.0,,0.0,,,,,0.0,0.0,,0.0,
Mauritius,2003,MUS,1242343.0,17855117312.0,,,,,201.233,0.25,12.626,,616.162,,,,,233.43,0.29,,0.0,0.0,0.0,14.646,,1.98,1.98,,2.169,0.35,13249.851,0.922,,,1295.938,1.61,,,81.313,,,,,0.0,0.0,,,0.0,0.0,0.0,0.0,,1.22,,,,96.592,0.12,,6.061,,,,,297.824,0.37,,18.687,,0.0,0.0,,,,0.0,0.0,,0.0,,,,,1062.509,1.32,,,0.0,0.0,0.0,66.667,,,0.25,0.0,,,201.233,0.0,,12.626,0.0,,1593.763,16.461,,,,297.824,0.37,,18.687,,,,,0.0,0.0,,0.0,,,,,0.0,0.0,,0.0,
Mauritius,2004,MUS,1250388.0,18301759488.0,,,,,199.938,0.25,12.195,,624.39,,,,,239.926,0.3,,0.0,0.0,0.0,14.634,,2.05,2.05,,3.059,0.503,13567.276,0.927,,,1343.583,1.68,,,81.951,,,,,0.0,0.0,,,0.0,0.0,0.0,0.0,,1.28,,,,95.97,0.12,,5.854,,,,,295.908,0.37,,18.049,,0.0,0.0,,,,0.0,0.0,,0.0,,,,,1103.657,1.38,,,0.0,0.0,0.0,67.317,,,0.25,0.0,,,199.938,0.0,,12.195,0.0,,1639.491,16.964,,,,295.908,0.37,,18.049,,,,,0.0,0.0,,0.0,,,,,0.0,0.0,,0.0,
Mauritius,2005,MUS,1258050.0,18300743680.0,,,,,405.389,0.51,23.832,,570.093,,,,,294.106,0.37,,0.0,0.0,0.0,17.29,,2.14,2.14,,7.167,1.216,14451.097,0.993,,,1208.219,1.52,,,71.028,,,,,0.0,0.0,,,0.0,0.0,0.0,0.0,,1.22,,,,87.437,0.11,,5.14,,,,,492.826,0.62,,28.972,,0.0,0.0,,,,0.0,0.0,,0.0,,,,,914.113,1.15,,,0.0,0.0,0.0,53.738,,,0.51,0.0,,,405.389,0.0,,23.832,0.0,,1701.045,18.18,,,,492.826,0.62,,28.972,,,,,0.0,0.0,,0.0,,,,,0.0,0.0,,0.0,
Mauritius,2006,MUS,1264777.0,18854696960.0,,,,,213.476,0.27,12.162,,639.64,,,,,332.074,0.42,,0.0,0.0,0.0,18.919,,2.22,2.22,,4.386,0.797,15004.636,1.007,,,1478.521,1.87,,,84.234,,,,,0.0,0.0,,,0.0,0.0,0.0,0.0,,1.42,,,,63.252,0.08,,3.604,,,,,276.729,0.35,,15.766,,0.0,0.0,,,,0.0,0.0,,0.0,,,,,1146.447,1.45,,,0.0,0.0,0.0,65.315,,,0.27,0.0,,,213.476,0.0,,12.162,0.0,,1755.25,18.978,,,,276.729,0.35,,15.766,,,,,0.0,0.0,,0.0,,,,,0.0,0.0,,0.0,
Mauritius,2007,MUS,1270591.0,19614978048.0,,,,,212.5,0.27,11.638,,659.483,,,,,543.054,0.69,,0.0,0.0,0.0,29.741,,2.32,2.32,,3.79,0.719,15502.124,1.004,,,1550.46,1.97,,,84.914,,,,,0.0,0.0,,,0.0,0.0,0.0,0.0,,1.53,,,,62.963,0.08,,3.448,,,,,275.462,0.35,,15.086,,0.0,0.0,,,,0.0,0.0,,0.0,,,,,1007.405,1.28,,,0.0,0.0,0.0,55.172,,,0.27,0.0,,,212.5,0.0,,11.638,0.0,,1825.922,19.697,,,,275.462,0.35,,15.086,,,,,0.0,0.0,,0.0,,,,,0.0,0.0,,0.0,
Mauritius,2008,MUS,1275691.0,20333457408.0,,,,,203.811,0.26,10.7,,654.321,,,,,564.4,0.72,,0.0,0.0,0.0,29.63,,2.43,2.43,,2.91,0.573,15889.464,0.997,,,1614.811,2.06,,,84.774,,,,,0.0,0.0,,,0.0,0.0,0.0,0.0,,1.59,,,,86.228,0.11,,4.527,,,,,290.039,0.37,,15.226,,0.0,0.0,,,,0.0,0.0,,0.0,,,,,1050.411,1.34,,,0.0,0.0,0.0,55.144,,,0.26,0.0,,,203.811,0.0,,10.7,0.0,,1904.85,20.27,,,,290.039,0.37,,15.226,,,,,0.0,0.0,,0.0,,,,,0.0,0.0,,0.0,
Mauritius,2009,MUS,1279868.0,20585805824.0,,,,,289.092,0.37,15.041,,634.146,,,,,539.118,0.69,,0.0,0.0,0.0,28.049,,2.46,2.46,,-3.527,-0.715,15279.018,0.95,,,1539.221,1.97,,,80.081,,,,,0.0,0.0,,,0.0,0.0,0.0,0.0,,1.56,,,,93.76,0.12,,4.878,,,,,382.852,0.49,,19.919,,0.0,0.0,,,,0.0,0.0,,0.0,,,,,1000.103,1.28,,,0.0,0.0,0.0,52.033,,,0.37,0.0,,,289.092,0.0,,15.041,0.0,,1922.073,19.555,,,,382.852,0.49,,19.919,,,,,0.0,0.0,,0.0,,,,,0.0,0.0,,0.0,
Mauritius,2010,MUS,1283347.0,21054191616.0,,,,,288.309,0.37,14.397,,638.132,,,,,545.449,0.7,,0.0,0.0,0.0,27.237,,2.57,2.57,,7.73,1.512,16415.438,1.001,,,1636.346,2.1,,,81.712,,,,,0.0,0.0,,,0.0,0.0,0.0,0.0,,1.64,,,,77.921,0.1,,3.891,,,,,366.23,0.47,,18.288,,0.0,0.0,,,,0.0,0.0,,0.0,,,,,1090.897,1.4,,,0.0,0.0,0.0,54.475,,,0.37,0.0,,,288.309,0.0,,14.397,0.0,,2002.576,21.067,,,,366.23,0.47,,18.288,,,,,0.0,0.0,,0.0,,,,,0.0,0.0,,0.0,
Mauritius,2011,MUS,1286239.0,21489166336.0,,,,,272.111,0.35,13.462,,657.692,,,,,567.546,0.73,,0.0,0.0,0.0,28.077,,2.6,2.6,,2.502,0.527,16788.395,1.005,,,1710.413,2.2,,,84.615,,,,,0.0,0.0,,,0.0,0.0,0.0,0.0,,1.71,,,,38.873,0.05,,1.923,,,,,310.984,0.4,,15.385,,0.0,0.0,,,,0.0,0.0,,0.0,,,,,1142.867,1.47,,,0.0,0.0,0.0,56.538,,,0.35,0.0,,,272.111,0.0,,13.462,0.0,,2021.397,21.594,,,,310.984,0.4,,15.385,,,,,0.0,0.0,,0.0,,,,,0.0,0.0,,0.0,
Mauritius,2012,MUS,1288753.0,22182113280.0,,,,,217.264,0.28,10.606,,662.879,,,,,535.401,0.69,,0.0,0.0,0.0,26.136,,2.64,2.64,,0.676,0.146,16868.873,0.98,,,1776.911,2.29,,,86.742,,,,,0.0,0.0,,,0.0,0.0,0.0,0.0,,1.75,,,,54.316,0.07,,2.652,,,,,271.58,0.35,,13.258,,0.0,0.0,,,,0.0,0.0,,0.0,,,,,1241.51,1.6,,,0.0,0.0,0.0,60.606,,,0.28,0.0,,,217.264,0.0,,10.606,0.0,,2048.492,21.74,,,,271.58,0.35,,13.258,,,,,0.0,0.0,,0.0,,,,,0.0,0.0,,0.0,
Mauritius,2013,MUS,1290698.0,22889261056.0,,,,,224.685,0.29,10.623,,659.341,,,,,550.09,0.71,,0.0,0.0,0.0,26.007,,2.73,2.73,,1.551,0.337,17104.646,0.965,,,1820.72,2.35,,,86.081,,,,,0.0,0.0,,,0.0,0.0,0.0,0.0,,1.8,,,,69.73,0.09,,3.297,,,,,294.414,0.38,,13.919,,0.0,0.0,,,,0.0,0.0,,0.0,,,,,1270.63,1.64,,,0.0,0.0,0.0,60.073,,,0.29,0.0,,,224.685,0.0,,10.623,0.0,,2115.135,22.077,,,,294.414,0.38,,13.919,,,,,0.0,0.0,,0.0,,,,,0.0,0.0,,0.0,
Mauritius,2014,MUS,1292112.0,23718518784.0,,,,,232.178,0.3,10.714,,653.571,,,,,564.966,0.73,,0.0,0.0,0.0,26.071,,2.8,2.8,,3.064,0.676,17609.402,0.959,,,1841.946,2.38,,,85.0,,,,,0.0,0.0,,,0.0,0.0,0.0,0.0,,1.83,,,,69.653,0.09,,3.214,,,,,325.049,0.42,,15.0,,0.0,0.0,,,,0.0,0.0,,0.0,,,,,1276.979,1.65,,,0.0,0.0,0.0,58.929,,,0.3,0.0,,,232.178,0.0,,10.714,0.0,,2166.995,22.753,,,,325.049,0.42,,15.0,,,,,23.218,0.03,,1.071,,,,,0.0,0.0,,0.0,
Mauritius,2015,MUS,1293159.0,24548311040.0,,,,,262.922,0.34,11.888,,639.86,,,,,564.509,0.73,,0.0,0.0,0.0,25.524,,2.86,2.86,,3.708,0.844,18247.52,0.961,,,1832.721,2.37,,,82.867,,,,,0.0,0.0,,,0.0,0.0,0.0,0.0,,1.83,,,,92.796,0.12,,4.196,,,,,378.917,0.49,,17.133,,0.0,0.0,,,,0.0,0.0,,0.0,,,,,1268.212,1.64,,,0.0,0.0,0.0,57.343,,,0.34,0.0,,,262.922,0.0,,11.888,0.0,,2211.638,23.597,,,,378.917,0.49,,17.133,,,,,23.199,0.03,,1.049,,,,,0.0,0.0,,0.0,
Mauritius,2016,MUS,1293909.0,25506041856.0,,,,,255.041,0.33,11.379,,641.379,,,,,556.453,0.72,,0.0,0.0,0.0,24.828,,2.9,2.9,,3.957,0.934,18958.602,0.962,,,1870.302,2.42,,,83.448,,,,,0.0,0.0,,,0.0,0.0,0.0,0.0,,1.86,,,,77.285,0.1,,3.448,,,,,370.969,0.48,,16.552,,0.0,0.0,,,,0.0,0.0,,0.0,,,,,1313.848,1.7,,,0.0,0.0,0.0,58.621,,,0.33,0.0,,,255.041,0.0,,11.379,0.0,,2241.271,24.531,,,,370.969,0.48,,16.552,,,,,23.186,0.03,,1.034,,,,,15.457,0.02,,0.69,
Mauritius,2017,MUS,1294743.0,26478841856.0,,,,,239.43,0.31,10.438,,646.465,,,,,525.201,0.68,,,,,22.896,,2.97,2.97,,9.714,2.383,20786.77,1.016,,,1946.332,2.52,,,84.848,,,,,0.0,0.0,,,,,,0.0,,1.92,,,,69.512,0.09,,3.03,,,,,347.559,0.45,,15.152,,0.0,0.0,,,,0.0,0.0,,0.0,,,,,1421.131,1.84,,,,,,61.953,,,0.31,0.0,,,239.43,0.0,,10.438,0.0,,2293.892,26.914,,,,347.559,0.45,,15.152,,,,,30.894,0.04,,1.347,,,,,7.724,0.01,,0.337,
Mauritius,2018,MUS,1295386.0,27474712576.0,,,,,262.47,0.34,11.448,,632.997,,,,,563.539,0.73,,,,,24.579,,2.97,2.97,,5.55,1.494,21929.627,1.034,,,1891.328,2.45,,,82.492,,,,,0.0,0.0,,,,,,0.0,,1.88,,,,92.636,0.12,,4.04,,,,,401.425,0.52,,17.508,,0.0,0.0,,,,0.0,0.0,,0.0,,,,,1327.79,1.72,,,,,,57.912,,,0.34,0.0,,,262.47,0.0,,11.448,0.0,,2292.753,28.407,,,,401.425,0.52,,17.508,,,,,38.599,0.05,,1.684,,,,,7.72,0.01,,0.337,
Mauritius,2019,MUS,1296284.0,,,,,,270.003,0.35,11.327,,627.832,,,,,578.577,0.75,,,,,24.272,,3.09,3.09,,4.042,1.148,22800.158,,,,1928.59,2.5,,,80.906,,,,,0.0,0.0,,,,,,0.0,,1.94,,,,77.144,0.1,,3.236,,,,,455.147,0.59,,19.094,,0.0,0.0,,,,0.0,0.0,,0.0,,,,,1350.013,1.75,,,,,,56.634,,,0.35,0.0,,,270.003,0.0,,11.327,0.0,,2383.737,29.555,,,,455.147,0.59,,19.094,,,,,100.287,0.13,,4.207,,,,,7.714,0.01,,0.324,
Mauritius,2020,MUS,1297830.0,,,,,,231.155,0.3,10.949,,609.489,,,,,500.836,0.65,,,,,23.723,,2.74,2.74,,-15.491,-4.579,19245.18,,,,1672.022,2.17,,,79.197,,,,,0.0,0.0,,,,,,0.0,,1.67,,,,77.052,0.1,,3.65,,,,,439.195,0.57,,20.803,,0.0,0.0,,,,0.0,0.0,,0.0,,,,,1171.186,1.52,,,,,,55.474,,,0.3,0.0,,,231.155,0.0,,10.949,0.0,,2111.216,24.977,,,,439.195,0.57,,20.803,,,,,115.578,0.15,,5.474,,,,,15.41,0.02,,0.73,
Mauritius,2021,MUS,1298922.0,,,,,,246.358,0.32,11.111,,611.111,,,,,523.511,0.68,,,,,23.611,,2.88,2.88,,2.578,0.644,19724.719,,,,1755.302,2.28,,,79.167,,,,,0.0,0.0,,,,,,0.0,,1.76,,,,76.987,0.1,,3.472,,,,,461.922,0.6,,20.833,,0.0,0.0,,,,0.0,0.0,,0.0,,,,,1231.791,1.6,,,,,,55.556,,,0.32,0.0,,,246.358,0.0,,11.111,0.0,,2217.223,25.621,,,,461.922,0.6,,20.833,,,,,123.179,0.16,,5.556,,,,,15.397,0.02,,0.694,
Mexico,1900,MEX,13261087.0,24791953408.0,,,,,,,,,,,,,,,,,,231.436,3.069,,,,,,,,,,,,,,,,,,,,,,,,,,0.0,0.0,,,,,,,,,,,,,,,,,,,,,,,,,,,,,,,,,,,,,,0.0,0.0,,,,,,,,,,,,,,,,,,,,,,,,,,,,,,,,,,,,,,,
Mexico,1901,MEX,13411660.0,26918535168.0,,,,,,,,,,,,,,,,30.492,0.936,298.616,4.005,,,,,,,,,,,,,,,,,,,,,,,,,0.0,0.0,0.0,,,,,,,,,,,,,,,,,,,,,,,,,,,,,,,,,,,,,0.023,1.734,0.023,,,,,,,,,,,,,,,,,,,,,,,,,,,,,,,,,,,,,,,
Mexico,1902,MEX,13550290.0,24971583488.0,,,,,,,,,,,,,,,,8.128,0.326,319.583,4.33,,,,,,,,,,,,,,,,,,,,,,,,,0.0,0.0,0.0,,,,,,,,,,,,,,,,,,,,,,,,,,,,,,,,,,,,150.0,0.035,4.291,0.058,,,,,,,,,,,,,,,,,,,,,,,,,,,,,,,,,,,,,,,
Mexico,1903,MEX,13676676.0,27800788992.0,,,,,,,,,,,,,,,,8.188,0.355,342.555,4.685,,,,,,,,,,,,,,,,,,,,,,,,,0.0,0.0,0.0,,,,,,,,,,,,,,,,,,,,,,,,,,,,,,,,,,,,100.0,0.058,8.504,0.116,,,,,,,,,,,,,,,,,,,,,,,,,,,,,,,,,,,,,,,
Mexico,1904,MEX,13804239.0,28302336000.0,,,,,,,,,,,,,,,,8.685,0.407,368.865,5.092,,,,,,,,,,,,,,,,,,,,,,,,,0.0,0.0,0.0,,,,,,,,,,,,,,,,,,,,,,,,,,,,,,,,,,,,90.0,0.105,16.007,0.221,,,,,,,,,,,,,,,,,,,,,,,,,,,,,,,,,,,,,,,
Mexico,1905,MEX,13932988.0,31268251648.0,,,,,,,,,,,,,,,,-3.653,-0.186,352.107,4.906,,,,,,,,,,,,,,,,,,,,,,,,,0.0,0.0,0.0,,,,,,,,,,,,,,,,,,,,,,,,,,,,,,,,,,,,89.474,0.198,30.05,0.419,,,,,,,,,,,,,,,,,,,,,,,,,,,,,,,,,,,,,,,
Mexico,1906,MEX,14062935.0,30925469696.0,,,,,,,,,,,,,,,,6.161,0.302,370.346,5.208,,,,,,,,,,,,,,,,,,,,,,,,,0.0,0.0,0.0,,,,,,,,,,,,,,,,,,,,,,,,,,,,,,,,,,,,100.0,0.419,59.544,0.837,,,,,,,,,,,,,,,,,,,,,,,,,,,,,,,,,,,,,,,
Mexico,1907,MEX,14194091.0,32756832256.0,,,,,,,,,,,,,,,,5.469,0.285,386.99,5.493,,,,,,,,,,,,,,,,,,,,,,,,,0.0,0.0,0.0,,,,,,,,,,,,,,,,,,,,,,,,,,,,,,,,,,,,113.889,0.954,126.181,1.791,,,,,,,,,,,,,,,,,,,,,,,,,,,,,,,,,,,,,,,
Mexico,1908,MEX,14326467.0,32683708416.0,,,,,,,,,,,,,,,,14.603,0.802,439.405,6.295,,,,,,,,,,,,,,,,,,,,,,,,,0.0,0.0,0.0,,,,,,,,,,,,,,,,,,,,,,,,,,,,,,,,,,,,263.636,4.722,454.599,6.513,,,,,,,,,,,,,,,,,,,,,,,,,,,,,,,,,,,,,,,
Mexico,1909,MEX,14429522.0,33653268480.0,,,,,,,,,,,,,,,,20.222,1.273,524.487,7.568,,,,,,,,,,,,,,,,,,,,,,,,,0.0,0.0,0.0,,,,,,,,,,,,,,,,,,,,,,,,,,,,,,,,,,,,-28.571,-1.861,322.395,4.652,,,,,,,,,,,,,,,,,,,,,,,,,,,,,,,,,,,,,,,
Mexico,1910,MEX,14503032.0,33600000000.0,,,,,,,,,,,,,,,,3.84,0.291,541.868,7.859,,,,,,,,,,,,,,,,,,,,,,,,,0.0,0.0,0.0,,,,,,,,,,,,,,,,,,,,,,,,,,,,,,,,,,,,30.0,1.396,416.989,6.048,,,,,,,,,,,,,,,,,,,,,,,,,,,,,,,,,,,,,,,
Mexico,1911,MEX,14546769.0,32228499456.0,,,,,,,,,,,,,,,,3.55,0.279,559.419,8.138,,,,,,,,,,,,,,,,,,,,,,,,,0.0,0.0,0.0,,,,,,,,,,,,,,,,,,,,,,,,,,,,,,,,,,,,260.385,15.747,1498.245,21.795,,,,,,,,,,,,,,,,,,,,,,,,,,,,,,,,,,,,,,,
Mexico,1912,MEX,14560504.0,31922380800.0,,,,,,,,,,,,,,,,-29.857,-2.43,392.023,5.708,,,,,,,,,,,,,,,,,,,,,,,,,0.0,0.0,0.0,,,,,,,,,,,,,,,,,,,,,,,,,,,,,,,,,,,,17.823,3.884,1763.609,25.679,,,,,,,,,,,,,,,,,,,,,,,,,,,,,,,,,,,,,,,
Mexico,1913,MEX,14544007.0,29999880192.0,,,,,,,,,,,,,,,,-38.9,-2.22,239.797,3.488,,,,,,,,,,,,,,,,,,,,,,,,,0.0,0.0,0.0,,,,,,,,,,,,,,,,,,,,,,,,,,,,,,,,,,,,56.567,14.526,2764.363,40.205,,,,,,,,,,,,,,,,,,,,,,,,,,,,,,,,,,,,,,,
Mexico,1914,MEX,14527526.0,30024720384.0,,,,,,,,,,,,,,,,30.0,1.046,312.089,4.534,,,,,,,,,,,,,,,,,,,,,,,,,0.0,0.0,0.0,,,,,,,,,,,,,,,,,,,,,,,,,,,,,,,,,,,,-18.282,-7.35,2261.552,32.855,,,,,,,,,,,,,,,,,,,,,,,,,,,,,,,,,,,,,,,
Mexico,1915,MEX,14511060.0,29571100672.0,,,,,,,,,,,,,,,,-42.308,-1.918,180.256,2.616,,,,,,,,,,,,,,,,,,,,,,,,,0.0,0.0,0.0,,,,,,,,,,,,,,,,,,,,,,,,,,,,,,,,,,,,55.327,18.178,3516.796,51.032,,,,,,,,,,,,,,,,,,,,,,,,,,,,,,,,,,,,,,,
Mexico,1916,MEX,14494609.0,31822200832.0,,,,,,,,,,,,,,,,-33.333,-0.872,120.307,1.744,,,,,,,,,,,,,,,,,,,,,,,,,0.0,0.0,0.0,,,,,,,,,,,,,,,,,,,,,,,,,,,,,,,,,,,,23.428,11.956,4345.621,62.988,,,,,,,,,,,,,,,,,,,,,,,,,,,,,,,,,,,,,,,
Mexico,1917,MEX,14478175.0,33144600576.0,,,,,,,,,,,,,,,,43.667,0.761,173.037,2.505,,,,,,,,,,,,,,,,,,,,,,,,,0.0,0.0,0.0,,,,,,,,,,,,,,,,,,,,,,,,,,,,,,,,,,,,52.363,32.983,6628.65,95.971,,,,,,,,,,,,,,,,,,,,,,,,,,,,,,,,,,,,,,,
Mexico,1918,MEX,14468493.0,34435358720.0,,,,,,,,,,,,,,,,81.207,2.034,313.764,4.54,,,,,,,,,,,,,,,,,,,,,,,,,0.0,0.0,0.0,,,,,,,,,,,,,,,,,,,,,,,,,,,,,,,,,,,,15.196,14.584,7641.071,110.555,,,,,,,,,,,,,,,,,,,,,,,,,,,,,,,,,,,,,,,
Mexico,1919,MEX,14502107.0,35769090048.0,,,,,,,,,,,,,,,,-11.14,-0.506,278.166,4.034,,,,,,,,,,,,,,,,,,,,,,,,,0.0,0.0,0.0,,,,,,,,,,,,,,,,,,,,,,,,,,,,,,,,,,,,36.377,40.217,10396.511,150.771,,,,,,,,,,,,,,,,,,,,,,,,,,,,,,,,,,,,,,,
Mexico,1920,MEX,14579605.0,38024798208.0,,,,,,,,,,,,,,,,3.026,0.122,285.06,4.156,,,,,,,,,,,,,,,,,,,,,,,,,0.0,0.0,0.0,,,,,,,,,,,,,,,,,,,,,,,,,,,,,,,,,,,,88.291,133.117,19471.605,283.888,,,,,,,,,,,,,,,,,,,,,,,,,,,,,,,,,,,,,,,
Mexico,1921,MEX,14701588.0,37863088128.0,,,,,,,,,,,,,,,,2.797,0.116,290.602,4.272,,,,,,,,,,,,,,,,,,,,,,,,,0.0,0.0,0.0,,,,,,,,,,,,,,,,,,,,,,,,,,,,,,,,,,,,18.714,53.126,22923.654,337.014,,,,,,,,,,,,,,,,,,,,,,,,,,,,,,,,,,,,,,,
Mexico,1922,MEX,14868662.0,38760497152.0,,,,,,,,,,,,,,,,-87.347,-3.732,36.357,0.541,,,,,,,,,,,,,,,,,,,,,,,,,0.0,0.0,0.0,,,,,,,,,,,,,,,,,,,,,,,,,,,,,,,,,,,,-5.749,-19.376,21362.955,317.639,,,,,,,,,,,,,,,,,,,,,,,,,,,,,,,,,,,,,,,
Mexico,1923,MEX,15081445.0,40077135872.0,,,,,,,,,,,,,,,,1256.989,6.795,486.399,7.336,,,,,,,,,,,,,,,,,,,,,,,,,0.0,0.0,0.0,,,,,,,,,,,,,,,,,,,,,,,,,,,,,,,,,,,,-16.872,-53.591,17508.105,264.048,,,,,,,,,,,,,,,,,,,,,,,,,,,,,,,,,,,,,,,
Mexico,1924,MEX,15297272.0,39381508096.0,,,,,,,,,,,,,,,,-2.773,-0.203,466.237,7.132,,,,,,,,,,,,,,,,,,,,,,,,,0.0,0.0,0.0,,,,,,,,,,,,,,,,,,,,,,,,,,,,,,,,,,,,-5.889,-15.549,16244.609,248.498,,,,,,,,,,,,,,,,,,,,,,,,,,,,,,,,,,,,,,,
Mexico,1925,MEX,15516188.0,41854558208.0,,,,,,,,,,,,,,,,17.767,1.267,541.326,8.399,,,,,,,,,,,,,,,,,,,,,,,,,0.0,0.0,0.0,,,,,,,,,,,,,,,,,,,,,,,,,,,,,,,,,,,,-17.508,-43.508,13211.389,204.99,,,,,,,,,,,,,,,,,,,,,,,,,,,,,,,,,,,,,,,
Mexico,1926,MEX,15738237.0,44379869184.0,,,,,,,,,,,,,,,,-9.412,-0.791,483.459,7.609,,,,,,,,,,,,,,,,,,,,,,,,,0.0,0.0,0.0,,,,,,,,,,,,,,,,,,,,,,,,,,,,,,,,,,,,-21.945,-44.985,10166.675,160.006,,,,,,,,,,,,,,,,,,,,,,,,,,,,,,,,,,,,,,,
Mexico,1927,MEX,15963464.0,42362040320.0,,,,,,,,,,,,,,,,-21.238,-1.616,375.411,5.993,,,,,,,,,,,,,,,,,,,,,,,,,0.0,0.0,0.0,,,,,,,,,,,,,,,,,,,,,,,,,,,,,,,,,,,,-29.292,-46.869,7087.224,113.137,,,,,,,,,,,,,,,,,,,,,,,,,,,,,,,,,,,,,,,
Mexico,1928,MEX,16191914.0,42612346880.0,,,,,,,,,,,,,,,,-0.776,-0.047,367.243,5.946,,,,,,,,,,,,,,,,,,,,,,,,,0.0,0.0,0.0,,,,,,,,,,,,,,,,,,,,,,,,,,,,,,,,,,,,-26.151,-29.587,5159.978,83.55,,,,,,,,,,,,,,,,,,,,,,,,,,,,,,,,,,,,,,,
Mexico,1929,MEX,16433663.0,40904998912.0,,,,,,,,,,,,,,,,3.03,0.18,372.805,6.127,,,,,,,,,,,,,,,,,,,,,,,,,0.0,0.0,0.0,,,,,,,,,,,,,,,,,,,,,,,,,,,,,,,,,,,,-10.899,-9.106,4529.947,74.444,,,,,,,,,,,,,,,,,,,,,,,,,,,,,,,,,,,,,,,
Mexico,1930,MEX,16689077.0,38351773696.0,,,,,,,,,,,,,,,,22.77,1.395,450.69,7.522,,,,,,,,,,,,,,,,,,,,,,,,,0.0,0.0,0.0,,,,,,,,,,,,,,,,,,,,,,,,,,,,,,,,,,,,-11.545,-8.595,3945.638,65.849,,,,,,,,,,,,,,,,,,,,,,,,,,,,,,,,,,,,,,,
Mexico,1931,MEX,16958527.0,39644639232.0,,,,,,,,,,,,,,,,-28.748,-2.162,316.023,5.359,,,,,,,,,,,,,,,,,,,,,,,,,0.0,0.0,0.0,,,,,,,,,,,,,,,,,,,,,,,,,,,,,,,,,,,,-16.408,-10.804,3245.847,55.045,,,,,,,,,,,,,,,,,,,,,,,,,,,,,,,,,,,,,,,
Mexico,1932,MEX,17242393.0,33623099392.0,,,,,,,,,,,,,,,,-25.054,-1.343,232.947,4.017,,,,,,,,,,,,,,,,,,,,,,,,,0.0,0.0,0.0,,,,,,,,,,,,,,,,,,,,,,,,,,,,,,,,,,,,-0.718,-0.395,3169.477,54.649,,,,,,,,,,,,,,,,,,,,,,,,,,,,,,,,,,,,,,,
Mexico,1933,MEX,17541066.0,37516165120.0,,,,,,,,,,,,,,,,-6.368,-0.256,214.4,3.761,,,,,,,,,,,,,,,,,,,,,,,,,0.0,0.0,0.0,,,,,,,,,,,,,,,,,,,,,,,,,,,,,,,,,,,,3.639,1.989,3228.886,56.638,,,,,,,,,,,,,,,,,,,,,,,,,,,,,,,,,,,,,,,
Mexico,1934,MEX,17844913.0,40136318976.0,,,,,,,,,,,,,,,,20.866,0.785,254.723,4.546,,,,,,,,,,,,,,,,,,,,,,,,,0.0,0.0,0.0,,,,,,,,,,,,,,,,,,,,,,,,,,,,,,,,,,,,12.279,6.955,3563.64,63.593,,,,,,,,,,,,,,,,,,,,,,,,,,,,,,,,,,,,,,,
Mexico,1935,MEX,18154022.0,43177517056.0,,,,,,,,,,,,,,,,60.486,2.749,401.834,7.295,,,,,,,,,,,,,,,,,,,,,,,,,0.0,0.0,0.0,,,,,,,,,,,,,,,,,,,,,,,,,,,,,,,,,,,,6.2,3.943,3720.135,67.535,,,,,,,,,,,,,,,,,,,,,,,,,,,,,,,,,,,,,,,
Mexico,1936,MEX,18468486.0,46533758976.0,,,,,,,,,,,,,,,,4.223,0.308,411.673,7.603,,,,,,,,,,,,,,,,,,,,,,,,,0.0,0.0,0.0,,,,,,,,,,,,,,,,,,,,,,,,,,,,,,,,,,,,1.223,0.826,3701.502,68.361,,,,,,,,,,,,,,,,,,,,,,,,,,,,,,,,,,,,,,,
Mexico,1937,MEX,18788397.0,48076341248.0,,,,,,,,,,,,,,,,-5.046,-0.384,384.245,7.219,,,,,,,,,,,,,,,,,,,,,,,,,10.744,571.83,10.744,,,,,,,,,,,,,,,,,,,,,,,,,,,,,,,,,,,,14.171,9.688,4154.103,78.049,,,,,,,,,,,,,,,,,,,,,,,,,,,,,,,,,,,,,,,
Mexico,1938,MEX,19113850.0,48848695296.0,,,,,,,,,,,,,,,,-11.997,-0.866,332.39,6.353,,,,,,,,,,,,,,,,,,,,,,,,0.501,0.054,564.908,10.798,,,,,,,,,,,,,,,,,,,,,,,,,,,,,,,,,,,,-17.896,-13.968,3352.611,64.081,,,,,,,,,,,,,,,,,,,,,,,,,,,,,,,,,,,,,,,
Mexico,1939,MEX,19510841.0,51520790528.0,,,,,,,,,,,,,,,,-19.762,-1.256,261.276,5.098,,,,,,,,,,,,,,,,,,,,,,,,0.498,0.054,556.171,10.851,,,,,,,,,,,,,,,,,,,,,,,,,,,,,,,,,,,,11.397,7.304,3658.732,71.385,,,,,,,,,,,,,,,,,,,,,,,,,,,,,,,,,,,,,,,
Mexico,1940,MEX,19982850.0,52206080000.0,,,,,,,,,,,,,,,,-6.956,-0.355,237.361,4.743,,,,,,,,,,,,,,,,,,,,,,,,0.496,0.054,545.726,10.905,,,,,,,,,,,,,,,,,,,,,,,,,,,,,,,,,,,,2.656,1.896,3667.176,73.281,,,,,,,,,,,,,,,,,,,,,,,,,,,,,,,,,,,,,,,
Mexico,1941,MEX,20533490.0,57374789632.0,,,,,,,,,,,,,,,,4.902,0.233,242.319,4.976,,,,,,,,,,,,,,,,,,,,,,,,0.493,0.054,533.711,10.959,,,,,,,,,,,,,,,,,,,,,,,,,,,,,,,,,,,,-2.238,-1.64,3488.973,71.641,,,,,,,,,,,,,,,,,,,,,,,,,,,,,,,,,,,,,,,
Mexico,1942,MEX,21166520.0,60655644672.0,,,,,,,,,,,,,,,,6.776,0.337,250.999,5.313,,,,,,,,,,,,,,,,,,,,,,,,0.491,0.054,520.291,11.013,,,,,,,,,,,,,,,,,,,,,,,,,,,,,,,,,,,,-19.123,-13.7,2737.373,57.941,,,,,,,,,,,,,,,,,,,,,,,,,,,,,,,,,,,,,,,
Mexico,1943,MEX,21885841.0,62923501568.0,,,,,,,,,,,,,,,,15.317,0.814,279.932,6.127,,,,,,,,,,,,,,,,,,,,,,,,0.488,0.054,505.649,11.067,,,,,,,,,,,,,,,,,,,,,,,,,,,,,,,,,,,,0.984,0.57,2673.442,58.511,,,,,,,,,,,,,,,,,,,,,,,,,,,,,,,,,,,,,,,
Mexico,1944,MEX,22629608.0,68156530688.0,,,,,,,,,,,,,,,,-14.231,-0.872,232.203,5.255,,,,,,,,,,,,,,,,,,,,,,,,0.486,0.054,491.407,11.12,,,,,,,,,,,,,,,,,,,,,,,,,,,,,,,,,,,,8.666,5.071,2809.647,63.581,,,,,,,,,,,,,,,,,,,,,,,,,,,,,,,,,,,,,,,
Mexico,1945,MEX,23398651.0,71385513984.0,,,,,,,,,,,,,,,,1.217,0.064,227.304,5.319,,,,,,,,,,,,,,,,,,,,,,,,0.484,0.054,477.555,11.174,,,,,,,,,,,,,,,,,,,,,,,,,,,,,,,,,,,,13.975,8.885,3097.039,72.467,,,,,,,,,,,,,,,,,,,,,,,,,,,,,,,,,,,,,,,
Mexico,1946,MEX,24193829.0,76266209280.0,,,,,,,,,,,,,,,,6.885,0.366,234.969,5.685,,,,,,,,,,,,,,,,,,,,,,,,0.481,0.054,464.083,11.228,,,,,,,,,,,,,,,,,,,,,,,,,,,,,,,,,,,,13.08,9.478,3387.02,81.945,,,,,,,,,,,,,,,,,,,,,,,,,,,,,,,,,,,,,,,
Mexico,1947,MEX,25016030.0,79008686080.0,,,,,,,,,,,,,,,,6.339,0.36,241.652,6.045,,,,,,,,,,,,,,,,,,,,,,,,22.074,2.478,547.904,13.706,,,,,,,,,,,,,,,,,,,,,,,,,,,,,,,,,,,,14.292,11.711,3743.855,93.656,,,,,,,,,,,,,,,,,,,,,,,,,,,,,,,,,,,,,,,
Mexico,1948,MEX,25866173.0,82416173056.0,,,,,,,,,,,,,,,,1.635,0.099,237.53,6.144,,,,,,,,,,,,,,,,,,,,,,,,4.878,0.669,555.745,14.375,,,,,,,,,,,,,,,,,,,,,,,,,,,,,,,,,,,,3.961,3.71,3764.235,97.366,,,,,,,,,,,,,,,,,,,,,,,,,,,,,,,,,,,,,,,
Mexico,1949,MEX,26727593.0,87151427584.0,,,,,,,,,,,,,,,,1.703,0.105,233.789,6.249,,,,,,,,,,,,,,,,,,,,,,,,1.844,0.265,547.753,14.64,,,,,,,,,,,,,,,,,,,,,,,,,,,,,,,,,,,,-6.617,-6.443,3401.853,90.923,,,,,,,,,,,,,,,,,,,,,,,,,,,,,,,,,,,,,,,
Mexico,1950,MEX,27600140.0,99982983168.0,,,,,,,,,,,,,,,,-15.163,-0.947,192.07,5.301,,,,,,,,,,,,,,,,,,,,,,,,-27.559,-4.035,384.253,10.605,,,,,,,,,,,,,,,,,,,,,,,,,,,,,,,,,,,,29.893,27.179,4279.06,118.103,,,,,,,,,,,,,,,,,,,,,,,,,,,,,,,,,,,,,,,
Mexico,1951,MEX,28328022.0,107605073920.0,,,,,,,,,,,,,,,,22.697,1.203,229.609,6.504,,,,,,,,,,,,,,,,,,,,,,,,42.391,4.496,533.085,15.101,,,,,,,,,,,,,,,,,,,,,,,,,,,,,,,,,,,,6.745,7.967,4450.335,126.069,,,,,,,,,,,,,,,,,,,,,,,,,,,,,,,,,,,,,,,
Mexico,1952,MEX,29061668.0,111714836480.0,,,,,,,,,,,,,,,,17.694,1.151,263.415,7.655,,,,,,,,,,,,,,,,,,,,,,,,9.924,1.499,571.193,16.6,,,,,,,,,,,,,,,,,,,,,,,,,,,,,,,,,,,,1.292,1.628,4394.015,127.697,,,,,,,,,,,,,,,,,,,,,,,,,,,,,,,,,,,,,,,
Mexico,1953,MEX,29822098.0,111774670848.0,,,,,,,,,,,,,,,,8.732,0.668,279.113,8.324,,,,,,,,,,,,,,,,,,,,,,,,0.0,0.0,556.628,16.6,,,,,,,,,,,,,,,,,,,,,,,,,,,,,,,,,,,,-7.468,-9.537,3962.189,118.161,,,,,,,,,,,,,,,,,,,,,,,,,,,,,,,,,,,,,,,
Mexico,1954,MEX,30616898.0,123074543616.0,,,,,,,,,,,,,,,,-8.24,-0.686,249.465,7.638,,,,,,,,,,,,,,,,,,,,,,,,0.0,0.0,542.179,16.6,,,,,,,,,,,,,,,,,,,,,,,,,,,,,,,,,,,,15.453,18.259,4455.707,136.42,,,,,,,,,,,,,,,,,,,,,,,,,,,,,,,,,,,,,,,
Mexico,1955,MEX,31452140.0,133695447040.0,,,,,,,,,,,,,,,,2.131,0.163,248.015,7.801,,,,,,,,,,,,,,,,,,,,,,,,28.472,4.726,678.051,21.326,,,,,,,,,,,,,,,,,,,,,,,,,,,,,,,,,,,,6.863,9.362,4635.044,145.782,,,,,,,,,,,,,,,,,,,,,,,,,,,,,,,,,,,,,,,
Mexico,1956,MEX,32325944.0,143014019072.0,,,,,,,,,,,,,,,,15.723,1.226,279.252,9.027,,,,,,,,,,,,,,,,,,,,,,,,-2.703,-0.576,641.893,20.75,,,,,,,,,,,,,,,,,,,,,,,,,,,,,,,,,,,,1.42,2.07,4573.793,147.852,,,,,,,,,,,,,,,,,,,,,,,,,,,,,,,,,,,,,,,
Mexico,1957,MEX,33239524.0,154173456384.0,,,,,,,,,,,,,,,,-0.515,-0.047,270.178,8.981,,,,,,,,,,,,,,,,,,,,,,,,32.222,6.686,825.398,27.436,,,,,,,,,,,,,,,,,,,,,,,,,,,,,,,,,,,,-2.635,-3.896,4330.873,143.956,,,,,,,,,,,,,,,,,,,,,,,,,,,,,,,,,,,,,,,
Mexico,1958,MEX,34180100.0,162674933760.0,,,,,,,,,,,,,,,,-4.79,-0.43,250.159,8.55,,,,,,,,,,,,,,,,,,,,,,,,60.084,16.485,1284.969,43.92,,,,,,,,,,,,,,,,,,,,,,,,,,,,,,,,,,,,5.954,8.571,4462.463,152.527,,,,,,,,,,,,,,,,,,,,,,,,,,,,,,,,,,,,,,,
Mexico,1959,MEX,35179436.0,167866105856.0,,,,,,,,,,,,,,,,7.818,0.668,262.054,9.219,,,,,,,,,,,,,,,,,,,,,,,,24.147,10.605,1549.934,54.526,,,,,,,,,,,,,,,,,,,,,,,,,,,,,,,,,,,,3.058,4.664,4468.266,157.191,,,,,,,,,,,,,,,,,,,,,,,,,,,,,,,,,,,,,,,
Mexico,1960,MEX,36268048.0,182206283776.0,,,,,,,,,,,,,,,,11.665,1.075,283.838,10.294,,,,,,,,,,,,,,,,,,,,,,,,3.594,1.96,1557.446,56.486,,,,,,,,,,,,,,,,,,,,,,,,,,,,,,,,,,,,2.76,4.338,4453.757,161.529,,,,,,,,,,,,,,,,,,,,,,,,,,,,,,,,,,,,,,,
Mexico,1961,MEX,37439316.0,191492751360.0,,,,,,,,,,,,,,,,2.654,0.273,282.255,10.567,,,,,,,,,,,,,,,,,,,,,,,,7.347,4.15,1619.567,60.635,,,,,,,,,,,,,,,,,,,,,,,,,,,,,,,,,,,,7.805,12.607,4651.153,174.136,,,,,,,,,,,,,,,,,,,,,,,,,,,,,,,,,,,,,,,
Mexico,1962,MEX,38683280.0,200713961472.0,,,,,,,,,,,,,,,,4.125,0.436,284.448,11.003,,,,,,,,,,,,,,,,,,,,,,,,2.852,1.729,1612.185,62.365,,,,,,,,,,,,,,,,,,,,,,,,,,,,,,,,,,,,4.722,8.222,4714.14,182.358,,,,,,,,,,,,,,,,,,,,,,,,,,,,,,,,,,,,,,,
Mexico,1963,MEX,39982116.0,217178570752.0,,,,,,,,,,,,,,,,9.403,1.035,301.086,12.038,,,,,,,,,,,,,,,,,,,,,,,,12.754,7.954,1758.754,70.319,,,,,,,,,,,,,,,,,,,,,,,,,,,,,,,,,,,,2.717,4.954,4684.914,187.313,,,,,,,,,,,,,,,,,,,,,,,,,,,,,,,,,,,,,,,
Mexico,1964,MEX,41333880.0,243167756288.0,,,,,,,,,,,,,,,,3.235,0.389,300.661,12.427,,,,,,,,,,,,,,,,,,,,,,,,14.754,10.375,1952.238,80.694,,,,,,,,,,,,,,,,,,,,,,,,,,,,,,,,,,,,0.627,1.175,4560.119,188.487,,,,,,,,,,,,,,,,,,,,,,,,,,,,,,,,,,,,,,,
Mexico,1965,MEX,42737996.0,258981937152.0,,,,,,,,,,,,187.707,8.022,,,-6.174,-0.767,272.83,11.66,,2.735,,,,,,6863.336,1.133,,,,,6250.115,267.117,,91.065,,,80.647,,,1887.007,6.286,5.072,2006.78,85.766,,27.494,,,,26.208,207.38,8.863,613.22,,8.935,,,26.208,0.0,0.0,613.22,,8.935,,,,,0.0,0.0,0.0,0.0,,0.0,,,178.448,,,4175.402,11.396,21.479,4912.883,209.967,,60.836,,,,,,,,,,,,,293.325,,,26.208,,,613.22,,8.935,,,,,,,,,,,,,,,,
Mexico,1966,MEX,44180444.0,276900085760.0,,,,,,,,,,6.666,0.535,193.682,8.557,,,4.736,0.552,276.422,12.212,,2.755,,,,5.884,17.258,7029.878,1.122,5.072,13.547,,,6352.682,280.664,,90.367,5.538,4.467,85.113,,,1926.495,1.882,1.614,1977.79,87.38,,27.404,,14.16,3.711,29.919,229.015,10.118,677.196,,9.633,14.16,3.711,29.919,0.0,0.0,677.196,,9.633,,,,0.0,0.0,0.0,0.0,0.0,,0.0,4.789,8.546,186.994,,,4232.505,2.413,5.067,4867.162,215.033,,60.207,,,,,,,,,,,,,310.583,14.16,3.711,29.919,,,677.196,,9.633,,,,,,,,,,,,,,,,
Mexico,1967,MEX,45656964.0,294308773888.0,,,,,,,,,,22.701,1.943,229.964,10.499,,,13.66,1.668,304.021,13.881,,3.317,,,,1.921,5.966,6933.212,1.076,1.179,3.308,,,6219.693,283.972,,89.709,-14.001,-11.917,73.197,,,1603.184,8.575,7.493,2077.944,94.873,,23.123,,8.885,2.658,32.577,241.299,11.017,713.52,,10.291,8.885,2.658,32.577,0.0,0.0,713.52,,10.291,,,,0.0,0.0,0.0,0.0,0.0,,0.0,7.103,13.282,200.276,,,4386.545,10.677,22.96,5212.645,237.994,,63.269,,,,,,,,,,,,,316.549,8.885,2.658,32.577,,,713.52,,10.291,,,,,,,,,,,,,,,,
Mexico,1968,MEX,47170340.0,318504927232.0,,,,,,,,,,4.828,0.507,233.333,11.006,,,9.087,1.261,321.007,15.142,,3.192,,,,8.913,28.215,7308.928,1.082,8.244,23.41,,,6516.434,307.382,,89.157,7.371,5.396,78.592,,,1666.134,7.29,6.917,2157.907,101.789,,22.796,,14.75,4.805,37.382,268.007,12.642,792.495,,10.843,14.75,4.805,37.382,0.0,0.0,792.495,,10.843,,,,0.0,0.0,0.0,0.0,0.0,,0.0,8.742,17.508,217.784,,,4616.967,7.022,16.711,5399.68,254.705,,63.169,,,,,,,,,,,,,344.765,14.75,4.805,37.382,,,792.495,,10.843,,,,,,,,,,,,,,,,
Mexico,1969,MEX,48714396.0,338814337024.0,,,,,,,,,,1.368,0.151,229.028,11.157,,,-5.643,-0.854,293.292,14.288,,2.948,,,,9.764,33.663,7768.286,1.117,10.216,31.404,,,6954.534,338.786,,89.525,24.021,18.878,97.471,,,2000.857,14.27,14.525,2387.673,116.314,,25.757,,6.043,2.259,39.641,275.196,13.406,813.751,,10.475,6.043,2.259,39.641,0.0,0.0,813.751,,10.475,,,,0.0,0.0,0.0,0.0,0.0,,0.0,5.682,12.375,230.158,,,4724.649,4.86,12.378,5482.631,267.083,,60.82,,,,,,,,,,,,,378.427,6.043,2.259,39.641,,,813.751,,10.475,,,,,,,,,,,,,,,,
Mexico,1970,MEX,50289304.0,362723672064.0,,,,,,,,,,12.15,1.356,248.81,12.512,,,20.098,2.871,341.206,17.159,,3.097,,,,6.766,25.605,8034.151,1.114,6.162,20.876,,,7151.863,359.662,,89.018,2.262,2.204,99.675,,,1982.032,-5.168,-6.011,2193.37,110.303,,24.67,,11.927,4.728,44.37,298.374,15.005,882.287,,10.982,11.927,4.728,44.37,0.0,0.0,882.287,,10.982,,,,0.0,0.0,0.0,0.0,0.0,,0.0,7.524,17.316,247.475,,,4921.021,5.286,14.119,5591.683,281.202,,61.251,,,,,,,,,,,,,404.032,11.927,4.728,44.37,,,882.287,,10.982,,,,,,,,,,,,,,,,
Mexico,1971,MEX,51897680.0,376060510208.0,,,,,,,,,,25.543,3.196,302.684,15.709,,,20.325,3.488,397.833,20.647,,3.698,,,,5.147,20.797,8185.898,1.13,6.138,22.078,,,7355.625,381.74,,89.857,3.932,3.919,103.595,,,1996.13,-1.017,-1.121,2103.788,109.182,,24.385,,-2.886,-1.28,43.089,280.783,14.572,830.273,,10.143,-2.886,-1.28,43.089,280.783,14.572,830.273,,10.143,,,,0.0,0.0,0.0,0.0,0.0,,0.0,6.046,14.962,262.437,,,5056.811,-0.296,-0.834,5402.325,280.368,,61.775,0.0,0.0,,,,0.0,,0.0,,,0.0,,424.829,-2.886,-1.28,43.089,280.783,14.572,830.273,,10.143,,,0.0,0.0,0.0,0.0,,0.0,,,0.0,0.0,0.0,0.0,,0.0
Mexico,1972,MEX,53543432.0,406222045184.0,,,,,,,,,,10.523,1.653,324.254,17.362,,,-8.108,-1.674,354.34,18.973,,3.697,,,,10.534,44.75,8770.065,1.156,10.98,41.915,,,7912.351,423.654,,90.22,6.936,7.185,110.78,,,2068.968,3.937,4.298,2119.405,113.48,,23.591,,6.581,2.836,45.925,290.064,15.531,857.715,,9.78,6.581,2.836,45.925,290.064,15.531,857.715,,9.78,,,,0.0,0.0,0.0,0.0,0.0,,0.0,12.604,33.076,295.513,,,5519.129,4.108,11.517,5451.375,291.885,,62.931,0.0,0.0,,,0.0,0.0,,0.0,,,0.0,,469.579,6.581,2.836,45.925,290.064,15.531,857.715,,9.78,,0.0,0.0,0.0,0.0,0.0,,0.0,,0.0,0.0,0.0,0.0,0.0,,0.0
Mexico,1973,MEX,55228200.0,437262843904.0,,,,,,,,,,7.205,1.251,337.011,18.612,,,30.607,5.807,448.673,24.779,,3.675,,,,7.856,36.89,9170.491,1.158,8.014,33.95,,,8285.694,457.604,,90.352,10.802,11.966,122.746,,,2222.523,8.659,9.826,2232.663,123.306,,24.236,,5.409,2.484,48.409,296.425,16.371,876.524,,9.558,6.445,2.941,48.866,299.34,16.532,884.796,,9.648,,,,0.0,0.0,0.0,0.0,0.0,,0.0,7.016,20.732,316.246,,,5726.161,3.035,8.859,5445.491,300.745,,62.441,0.457,0.161,,,0.457,2.915,,8.272,,,0.09,,506.47,6.445,2.941,48.866,299.34,16.532,884.796,,9.648,,0.0,0.0,0.0,0.0,0.0,,0.0,,0.0,0.0,0.0,0.0,0.0,,0.0
Mexico,1974,MEX,56945880.0,461217267712.0,,,,,,,,,,10.477,1.95,361.088,20.562,,,21.182,5.249,527.312,30.028,,3.687,,,,10.111,51.211,9793.173,1.209,10.786,49.358,,,8902.519,506.962,,90.905,5.215,6.401,129.147,,,2267.891,4.83,5.956,2269.91,129.262,,23.158,,2.059,0.997,49.405,293.401,16.708,867.585,,8.859,3.865,1.853,50.719,301.532,17.171,890.655,,9.095,,,,0.0,0.0,0.0,0.0,0.0,,0.0,12.967,41.007,357.252,,,6273.539,25.356,76.256,6620.326,377.0,,64.06,1.314,0.463,,187.578,0.857,8.131,,23.07,,,0.236,,557.681,3.865,1.853,50.719,301.532,17.171,890.655,,9.095,,0.0,0.0,0.0,0.0,0.0,,0.0,,0.0,0.0,0.0,0.0,0.0,,0.0
Mexico,1975,MEX,58691880.0,486091816960.0,,,,,,,,,,14.861,3.056,402.412,23.618,,,0.523,0.157,514.3,30.185,,3.966,,,,6.796,37.902,10147.614,1.225,8.336,42.258,,,9357.678,549.22,,92.216,1.737,2.243,131.39,,,2238.646,1.647,2.128,2238.646,131.39,,22.061,,-9.133,-4.512,44.893,258.673,15.182,764.893,,7.538,-8.567,-4.356,46.363,267.499,15.7,789.936,,7.784,,,,0.0,0.0,0.0,0.0,0.0,,0.0,10.345,36.959,394.211,,,6716.62,23.872,89.999,7956.792,466.999,,66.189,1.47,0.518,,11.879,0.156,8.826,,25.043,,,0.247,,595.583,-8.567,-4.356,46.363,267.499,15.7,789.936,,7.784,,0.0,0.0,0.0,0.0,0.0,,0.0,,0.0,0.0,0.0,0.0,0.0,,0.0
Mexico,1976,MEX,60452544.0,505910525952.0,,,,,,,,,,-23.259,-5.493,299.822,18.125,,,8.8,2.656,543.263,32.842,,2.859,,,,6.431,38.299,10485.613,1.253,5.826,31.997,,,9614.422,581.216,,91.692,-1.93,-2.535,128.855,,,2131.505,-1.93,-2.535,2131.505,128.855,,20.328,,13.654,6.13,51.023,285.431,17.255,844.015,,8.049,13.592,6.303,52.666,295.008,17.834,871.192,,8.308,,,,0.0,0.0,0.0,0.0,0.0,,0.0,10.153,40.025,434.236,,,7183.094,11.503,53.72,8613.678,520.719,,68.504,1.643,0.579,,11.776,0.173,9.578,,27.177,,,0.259,,633.882,13.592,6.303,52.666,295.008,17.834,871.192,,8.308,,0.0,0.0,0.0,0.0,0.0,,0.0,,0.0,0.0,0.0,0.0,0.0,,0.0
Mexico,1977,MEX,62262508.0,521365323776.0,,,,,,,,,,43.834,7.945,418.711,26.07,,,16.991,5.58,617.093,38.422,,3.899,,,,5.494,34.823,10740.091,1.283,4.999,29.055,,,9801.593,610.272,,91.262,5.544,7.144,135.999,,,2184.278,6.052,7.798,2194.784,136.653,,20.338,,11.232,5.731,56.753,308.259,19.193,911.52,,8.487,10.94,5.768,58.433,317.767,19.785,938.499,,8.738,,,,0.0,0.0,0.0,0.0,0.0,,0.0,3.216,13.967,448.203,,,7198.604,21.423,111.554,10154.958,632.273,,67.026,1.68,0.592,,2.245,0.037,9.508,,26.979,,,0.251,,668.705,10.94,5.768,58.433,317.767,19.785,938.499,,8.738,,0.0,0.0,0.0,0.0,0.0,,0.0,,0.0,0.0,0.0,0.0,0.0,,0.0
Mexico,1978,MEX,64124000.0,567422156800.0,,,,,,,,,,4.263,1.111,423.888,27.181,,,2.209,0.849,612.414,39.27,,3.612,,,,12.532,83.805,11735.229,1.326,15.172,92.588,,,10960.942,702.859,,93.402,25.78,35.06,171.059,,,2667.623,25.178,34.406,2667.623,171.059,,22.732,,-15.506,-8.8,47.953,252.901,16.217,747.824,,6.372,-15.011,-8.783,49.65,262.226,16.815,774.286,,6.598,,,,0.0,0.0,0.0,0.0,0.0,,0.0,12.587,56.416,504.619,,,7869.432,22.673,143.358,12095.807,775.632,,67.058,1.697,0.598,,1.014,0.017,9.326,,26.462,,,0.225,,752.51,-15.011,-8.783,49.65,262.226,16.815,774.286,,6.598,,0.0,0.0,0.0,0.0,0.0,,0.0,,0.0,0.0,0.0,0.0,0.0,,0.0
Mexico,1979,MEX,65972908.0,621948436480.0,,,,,,,,,,-1.76,-0.478,404.758,26.703,,,8.896,3.493,648.203,42.764,,3.209,,,,10.569,79.531,12611.857,1.338,10.392,73.041,,,11760.889,775.9,,93.253,21.394,36.596,207.655,,,3147.574,21.394,36.596,3147.574,207.655,,24.957,,11.044,5.296,53.249,272.961,18.008,807.141,,6.4,13.155,6.491,56.141,288.406,19.027,850.969,,6.747,,,,0.0,0.0,0.0,0.0,0.0,,0.0,7.317,36.923,541.542,,,8208.556,20.943,162.443,14219.091,938.075,,65.086,2.891,1.019,,70.401,1.195,15.446,,43.828,,,0.348,,832.041,13.155,6.491,56.141,288.406,19.027,850.969,,6.747,,0.0,0.0,0.0,0.0,0.0,,0.0,,0.0,0.0,0.0,0.0,0.0,,0.0
Mexico,1980,MEX,67705184.0,678622134272.0,,,,,,,,,,1.255,0.335,399.35,27.038,,,-55.262,-23.632,282.576,19.132,,2.983,,,,8.928,74.283,13386.325,1.336,10.03,77.825,,,12609.443,853.725,,94.196,7.398,15.362,223.017,,,3293.945,20.947,43.498,3709.5,251.152,,24.607,,-6.097,-3.247,50.003,249.759,16.91,738.536,,5.517,-6.317,-3.542,52.599,263.274,17.825,776.883,,5.804,,,,0.0,0.0,0.0,0.0,0.0,,0.0,11.472,62.127,603.669,,,8916.147,32.889,308.521,18412.111,1246.595,,66.606,2.596,0.915,,-10.206,-0.295,13.514,,38.348,,,0.286,,906.324,-6.317,-3.542,52.599,263.274,17.825,776.883,,5.804,,0.0,0.0,0.0,0.0,0.0,,0.0,,0.0,0.0,0.0,0.0,0.0,,0.0
Mexico,1981,MEX,69233768.0,737336098816.0,,,,,,,,,,-11.61,-3.139,345.191,23.899,,,3.296,0.631,285.446,19.762,,2.385,,,,10.566,95.758,14473.884,1.359,8.53,72.826,,,13382.935,926.551,,92.463,8.418,18.774,241.792,,,3492.394,7.735,19.427,3908.195,270.579,,24.129,,45.582,22.792,72.795,355.578,24.618,1051.44,,7.264,43.518,22.932,75.531,369.502,25.582,1090.949,,7.537,,,,0.0,0.0,0.0,0.0,0.0,,0.0,9.474,57.191,660.861,,,9545.35,19.412,241.99,21500.863,1488.586,,65.949,2.735,0.964,,5.355,0.139,13.924,,39.509,,,0.273,,1002.081,43.518,22.932,75.531,369.502,25.582,1090.949,,7.537,,0.0,0.0,0.0,0.0,0.0,,0.0,,0.0,0.0,0.0,0.0,0.0,,0.0
Mexico,1982,MEX,70656784.0,733602840576.0,,,,,,,,,,19.759,4.722,405.072,28.621,,,20.243,4.001,336.317,23.763,,2.741,,,,4.215,42.233,14780.1,1.424,4.997,46.3,,,13768.683,972.851,,93.157,7.513,18.165,259.956,,,3679.144,6.632,17.944,4083.445,288.523,,24.893,,-6.881,-5.009,67.786,324.442,22.924,959.37,,6.491,-5.324,-4.067,71.463,342.784,24.22,1011.417,,6.843,,,,0.0,0.0,0.0,0.0,0.0,,0.0,3.543,23.413,684.273,,,9684.468,17.983,267.696,24856.525,1756.282,,65.524,3.677,1.296,,34.44,0.942,18.342,,52.046,,,0.352,,1044.314,-5.324,-4.067,71.463,342.784,24.22,1011.417,,6.843,,0.0,0.0,0.0,0.0,0.0,,0.0,,0.0,0.0,0.0,0.0,0.0,,0.0
Mexico,1983,MEX,72080312.0,708391993344.0,,,,,,,,,,13.847,3.963,452.054,32.584,,,26.99,6.414,418.653,30.177,,3.155,,,,-1.117,-11.668,14326.33,1.458,-0.55,-5.351,,,13422.527,967.5,,93.691,3.17,8.242,268.198,,,3720.823,0.845,2.439,4036.632,290.962,,25.972,,-9.558,-6.479,61.307,287.637,20.733,850.541,,5.937,-8.811,-6.317,65.146,306.408,22.086,903.803,,6.309,,,,0.0,0.0,0.0,0.0,0.0,,0.0,-2.566,-17.556,666.718,,,9249.65,-2.575,-45.224,23738.223,1711.058,,64.564,3.839,1.353,,4.398,0.162,18.771,,53.262,,,0.372,,1032.646,-8.811,-6.317,65.146,306.408,22.086,903.803,,6.309,,0.0,0.0,0.0,0.0,0.0,,0.0,,0.0,0.0,0.0,0.0,0.0,,0.0
Mexico,1984,MEX,73489648.0,734058512384.0,,,,,,,,,,0.285,0.093,444.647,32.677,,,8.952,2.701,447.383,32.878,,3.023,,,,4.666,48.18,14707.189,1.472,4.082,39.492,,,13702.497,1006.992,,93.169,0.144,0.386,268.584,,,3654.717,-1.639,-4.768,3894.339,286.194,,24.85,,13.843,8.487,69.794,321.174,23.603,949.709,,6.457,13.316,8.688,73.834,340.551,25.027,1004.692,,6.831,,,,0.0,0.0,0.0,0.0,0.0,,0.0,5.852,39.013,705.731,,,9603.134,0.807,13.801,23470.787,1724.86,,65.296,4.041,1.424,,5.248,0.201,19.377,,54.982,,,0.374,,1080.826,13.316,8.688,73.834,340.551,25.027,1004.692,,6.831,,0.0,0.0,0.0,0.0,0.0,,0.0,,0.0,0.0,0.0,0.0,0.0,,0.0
Mexico,1985,MEX,74872008.0,751167275008.0,,,,,,,,,,8.4,2.745,473.096,35.422,51.613,3.864,2.601,0.855,450.547,33.733,4.017,3.123,,96.208,8.481,4.956,53.57,15151.138,1.51,3.842,38.689,883.364,66.139,13966.241,1045.681,68.746,92.179,2.493,6.695,275.279,96.332,7.213,3676.655,-2.99,-8.556,3708.164,277.638,7.497,24.267,,20.439,14.265,84.059,379.679,28.427,1122.705,29.548,7.41,20.143,14.881,88.716,401.596,30.068,1184.896,31.254,7.821,,,,0.0,0.0,0.0,0.0,0.0,0.0,0.0,4.145,29.249,734.98,735.419,55.062,9816.49,-1.657,-28.579,22655.736,1696.281,57.233,64.79,4.656,1.641,,15.239,0.616,21.917,,62.191,1.706,,0.41,1284.96,1134.396,20.143,14.881,88.716,401.596,30.068,1184.896,31.254,7.821,,0.0,0.0,0.0,0.0,0.0,0.0,0.0,,0.0,0.0,0.0,0.0,0.0,0.0,0.0
Mexico,1986,MEX,76224360.0,728181047296.0,,,,,,,,,,10.264,3.636,512.402,39.057,83.403,6.357,8.306,2.802,479.312,36.535,6.383,3.549,,99.59,9.048,-2.973,-33.722,14439.929,1.512,-1.684,-17.613,982.604,74.898,13487.386,1028.067,75.207,93.403,-11.028,-30.357,244.922,100.387,7.652,3213.168,-11.173,-31.022,3235.397,246.616,7.683,22.252,,-25.081,-21.083,62.976,279.405,21.298,826.199,21.385,5.722,-17.882,-16.109,72.607,323.932,24.692,952.543,24.793,6.597,,,,0.0,0.0,0.0,0.0,0.0,0.0,0.0,1.239,9.108,744.088,798.815,60.889,9761.816,-6.151,-104.346,20884.857,1591.935,61.14,67.603,9.631,3.394,,106.825,4.974,44.526,,126.344,3.408,,0.875,1306.536,1100.674,-17.882,-16.109,72.607,323.932,24.692,952.543,24.793,6.597,,0.0,0.0,0.0,0.0,0.0,0.0,0.0,,0.0,0.0,0.0,0.0,0.0,0.0,0.0
Mexico,1987,MEX,77553504.0,741613764608.0,,,,,,,,,,-3.289,-1.285,487.054,37.773,94.288,7.312,10.992,4.016,522.883,40.551,6.888,3.322,,106.165,9.338,3.291,36.225,14659.548,1.533,3.82,39.27,1063.294,82.462,13762.588,1067.337,77.673,93.881,1.764,4.322,249.243,115.522,8.959,3213.823,1.644,4.055,3232.233,250.671,8.439,21.923,,-9.449,-5.95,57.026,248.67,19.285,735.313,18.165,5.016,-4.003,-3.045,69.562,305.637,23.703,896.958,22.327,6.119,,,,0.0,0.0,0.0,0.0,0.0,0.0,0.0,4.869,36.233,780.321,853.485,66.191,10061.712,4.495,71.565,21449.703,1663.5,62.347,68.636,12.536,4.418,,30.171,2.906,56.967,,161.645,4.161,,1.103,1368.931,1136.899,-4.003,-3.045,69.562,305.637,23.703,896.958,22.327,6.119,,0.0,0.0,0.0,0.0,0.0,0.0,0.0,,0.0,0.0,0.0,0.0,0.0,0.0,0.0
Mexico,1988,MEX,78892016.0,751820210176.0,,,,,,,,,,-5.354,-2.022,453.158,35.751,102.174,8.061,-10.719,-4.347,458.915,36.205,7.182,3.121,,112.231,9.798,0.753,8.565,14519.399,1.524,0.039,0.412,1087.077,85.762,13534.314,1067.749,76.415,93.215,1.746,4.353,253.596,105.248,8.303,3214.472,1.301,3.261,3218.732,253.932,7.398,22.139,,13.227,7.543,64.569,276.785,21.836,818.45,19.456,5.637,11.669,8.153,77.715,335.511,26.469,985.085,23.585,6.785,,,,0.0,0.0,0.0,0.0,0.0,0.0,0.0,-0.246,-1.918,778.403,879.654,69.398,9866.685,-0.241,-4.004,21035.021,1659.495,61.835,67.955,13.146,4.633,,4.866,0.61,58.726,,166.635,4.128,,1.148,1422.588,1145.465,11.669,8.153,77.715,335.511,26.469,985.085,23.585,6.785,,0.0,0.0,0.0,0.0,0.0,0.0,0.0,,0.0,0.0,0.0,0.0,0.0,0.0,0.0
Mexico,1989,MEX,80233752.0,782981332992.0,,,,,,,,,,10.693,3.823,493.225,39.573,98.653,7.915,7.432,2.691,484.774,38.895,6.593,3.271,,120.047,9.923,5.619,64.365,15078.81,1.545,4.944,52.787,1117.319,89.647,13965.897,1120.536,74.676,92.619,-2.221,-5.632,247.964,121.636,9.759,3090.522,-4.004,-10.167,3038.183,243.765,8.13,20.496,,16.111,10.403,74.972,316.004,25.354,934.421,21.12,6.197,14.855,11.578,89.293,378.908,30.401,1112.911,25.324,7.381,,,,1.056,1.056,4.636,0.372,13.156,0.31,0.087,7.014,54.596,832.999,897.031,71.972,10382.149,0.262,4.353,20737.514,1663.849,59.953,68.853,13.265,4.675,,0.907,0.119,58.267,,165.334,3.894,,1.096,1496.218,1209.829,13.45,10.522,88.237,374.271,30.029,1099.755,25.014,7.293,,0.0,0.0,0.0,0.0,0.0,0.0,0.0,,0.0,0.0,0.0,0.0,0.0,0.0,0.0
Mexico,1990,MEX,81720424.0,823577542656.0,,,0.0,0.0,,,,0.0,,-0.84,-0.332,480.187,39.241,95.434,7.799,1.238,0.482,481.849,39.377,6.632,2.975,,117.592,8.915,9.03,109.242,16141.271,1.602,9.216,103.266,1040.691,85.046,14975.479,1223.802,72.323,92.778,8.151,20.211,268.175,161.63,13.208,3281.617,8.244,20.097,3228.83,263.861,11.233,20.331,,-3.444,-2.582,72.39,299.569,24.481,885.824,20.819,5.488,7.048,5.976,95.269,398.235,32.544,1165.792,27.675,7.222,,,689.516,7.278,8.334,35.94,2.937,101.979,2.498,0.632,10.011,83.387,916.386,783.627,64.038,11213.675,1.47,24.464,20659.609,1688.312,54.458,69.472,14.539,5.124,,9.604,1.274,62.702,,177.917,4.357,,1.102,1438.949,1319.072,-1.406,-1.302,86.935,362.296,29.607,1063.813,25.178,6.591,,0.003,0.003,0.012,0.001,0.036,0.001,0.0,,0.003,0.003,0.012,0.001,0.036,0.001,0.0
Mexico,1991,MEX,83351600.0,865148665856.0,,0.0,0.0,0.0,,,,0.0,,-3.277,-1.286,455.36,37.955,110.886,9.243,-9.195,-3.621,428.983,35.756,7.189,2.796,,128.571,9.47,2.927,38.608,16288.587,1.569,3.125,38.238,1150.161,95.868,15141.17,1262.041,74.564,92.956,5.29,14.186,282.361,227.136,18.932,3387.591,1.413,3.73,3210.388,267.591,14.725,20.797,,-7.58,-5.487,66.903,271.444,22.625,802.656,17.597,4.928,0.488,0.37,95.639,392.347,32.703,1147.418,25.436,7.044,,,44.433,3.703,12.037,50.893,4.242,144.409,3.299,0.887,2.765,25.338,941.725,812.139,67.693,11298.219,5.269,88.953,21322.508,1777.265,52.65,69.363,16.691,5.833,,13.827,2.151,69.975,,200.246,4.536,,1.229,1542.516,1357.68,-3.871,-3.333,83.602,341.454,28.461,1003.009,22.136,6.158,100.0,0.003,0.006,0.024,0.002,0.071,0.002,0.0,0.0,0.0,0.003,0.012,0.001,0.035,0.001,0.0
Mexico,1992,MEX,84993160.0,902108282880.0,,0.0,0.0,0.0,,,,0.0,,1.126,0.428,451.595,38.382,112.356,9.549,-7.117,-2.545,390.757,33.212,7.219,2.773,,132.276,9.557,1.947,26.429,16284.947,1.534,1.061,13.387,1119.766,95.172,15006.241,1275.428,71.95,92.148,0.012,0.034,282.395,220.911,18.776,3322.56,-3.07,-8.216,3051.72,259.375,14.195,20.403,,18.512,12.385,79.288,315.481,26.814,932.873,20.271,5.728,13.453,13.042,108.681,436.532,37.102,1278.706,28.049,7.852,,,-7.614,-0.917,11.12,46.11,3.919,130.837,2.963,0.803,1.373,12.926,954.651,786.499,66.847,11232.086,0.14,2.493,20940.021,1779.759,50.536,68.972,18.261,6.366,,9.139,1.571,74.895,,214.858,4.812,,1.319,1556.31,1384.109,16.593,13.959,97.561,390.422,33.183,1147.87,25.086,7.049,50.0,0.003,0.009,0.035,0.003,0.104,0.002,0.001,0.0,0.0,0.003,0.012,0.001,0.035,0.001,0.0
Mexico,1993,MEX,86648440.0,925343285248.0,,0.0,0.0,0.0,,,,0.0,,12.792,4.91,499.634,43.292,133.4,11.559,8.241,2.737,414.879,35.949,8.585,3.125,,134.643,9.719,0.092,1.277,15988.583,1.497,-0.12,-1.531,1114.282,96.551,14701.9,1273.897,71.709,91.952,0.308,0.87,283.265,220.054,19.067,3269.131,7.097,18.407,3205.852,277.782,14.161,20.447,,-0.592,-0.469,78.818,307.622,26.655,909.634,19.797,5.689,2.664,2.808,111.489,439.6,38.091,1286.682,28.29,8.048,,,25.823,2.872,13.992,56.908,4.931,161.478,3.662,1.01,-0.766,-7.311,947.339,760.828,65.925,10933.136,0.16,2.851,20572.893,1782.609,48.963,68.381,18.664,6.5,,2.109,0.403,75.013,,215.4,4.827,,1.347,1553.894,1385.386,-0.071,-0.064,97.497,382.692,33.16,1125.204,24.628,7.038,33.333,0.003,0.012,0.046,0.004,0.137,0.003,0.001,0.0,0.0,0.003,0.012,0.001,0.034,0.001,0.0
Mexico,1994,MEX,88314416.0,972991954944.0,,0.0,0.0,0.0,,,,0.0,,20.848,9.026,592.41,52.318,161.747,14.285,35.224,12.662,550.432,48.611,9.775,3.572,,146.128,9.977,5.721,79.258,16584.426,1.505,7.919,100.882,1306.526,115.385,15566.869,1374.779,78.962,93.864,6.271,17.765,301.03,242.092,21.38,3408.617,5.201,14.448,3308.974,292.23,14.631,20.553,,-23.949,-18.876,59.942,229.536,20.271,678.735,13.872,4.093,-19.301,-21.624,89.865,348.061,30.739,1017.559,21.036,6.136,,,-14.034,-1.964,12.028,47.999,4.239,136.198,2.901,0.821,7.821,74.091,1021.431,902.687,79.72,11565.842,0.585,10.423,20302.82,1793.032,54.555,69.739,17.865,6.219,,-4.327,-0.799,70.413,,202.292,4.256,,1.22,1654.629,1464.644,-20.084,-19.66,77.837,300.062,26.5,881.362,18.135,5.314,25.0,0.003,0.015,0.057,0.005,0.167,0.003,0.001,400.0,0.012,0.015,0.057,0.005,0.167,0.003,0.001
Mexico,1995,MEX,89969568.0,916478951424.0,,0.0,0.0,0.0,,,,0.0,,11.354,5.94,647.537,58.259,172.074,15.481,-1.31,-0.637,533.227,47.974,10.297,4.048,,150.356,10.446,-1.728,-25.307,15998.047,1.571,-4.329,-59.508,1199.136,107.886,14619.06,1315.271,71.753,91.38,1.951,5.872,306.902,248.948,22.398,3411.179,-0.126,-0.368,3244.014,291.863,14.896,21.322,,36.146,21.667,81.609,306.756,27.599,907.073,18.356,5.67,38.158,34.202,124.067,472.027,42.468,1378.987,28.245,8.62,,,99.174,11.929,23.957,93.843,8.443,266.28,5.615,1.664,-6.982,-71.321,950.11,778.113,70.007,10560.344,-2.568,-46.051,19417.465,1746.981,46.56,66.01,18.465,6.414,,3.151,0.6,71.296,,205.24,4.266,,1.283,1671.191,1439.337,28.397,22.273,100.11,378.185,34.025,1112.707,22.63,6.955,0.0,0.0,0.015,0.056,0.005,0.164,0.003,0.001,40.0,0.006,0.021,0.078,0.007,0.23,0.005,0.001
Mexico,1996,MEX,91586560.0,971219795968.0,,0.0,0.0,0.0,,,,0.0,,14.661,8.541,729.362,66.8,202.368,18.534,10.703,5.134,579.873,53.109,11.836,4.523,,156.591,10.603,2.609,37.55,16125.593,1.521,2.194,28.856,1213.915,111.178,14676.027,1344.127,70.999,91.011,1.916,5.881,312.783,231.129,21.168,3415.162,5.546,16.188,3363.488,308.05,13.518,21.179,,13.543,11.052,92.661,342.149,31.336,1011.732,20.012,6.274,6.929,8.694,132.761,495.824,45.411,1449.566,29.0,8.989,,,-6.692,-1.603,22.354,86.017,7.878,244.074,5.031,1.514,1.519,14.435,964.544,780.419,71.476,10531.503,8.086,141.262,20617.031,1888.243,45.645,65.309,17.71,6.185,,-3.584,-0.755,67.527,,193.373,3.949,,1.199,1709.759,1476.888,10.309,10.297,110.407,409.807,37.533,1205.492,23.969,7.476,20.0,0.003,0.018,0.066,0.006,0.194,0.004,0.001,-14.286,-0.003,0.018,0.066,0.006,0.194,0.004,0.001
Mexico,1997,MEX,93183088.0,1045710700544.0,,0.0,0.0,0.0,,,,0.0,,0.096,0.064,717.557,66.864,197.372,18.392,-0.775,-0.412,565.52,52.697,11.03,4.42,,166.748,11.023,2.425,35.812,16233.624,1.447,3.278,44.056,1330.975,124.024,14897.366,1388.183,74.378,91.769,0.509,1.591,314.374,248.127,23.121,3373.723,0.979,3.014,3338.21,311.065,13.866,20.782,,-15.874,-14.709,77.952,282.906,26.362,836.551,15.81,5.153,-5.927,-8.244,124.516,458.445,42.719,1336.256,25.619,8.231,,,32.724,7.315,29.669,112.209,10.456,318.395,6.271,1.961,4.396,42.4,1006.945,885.476,82.511,10806.087,4.471,84.432,21169.877,1972.675,49.483,66.566,16.842,5.883,,-4.872,-0.869,63.136,,180.739,3.528,,1.113,1789.471,1512.699,-14.04,-15.559,94.847,346.236,32.263,1017.861,19.349,6.27,0.0,0.0,0.018,0.064,0.006,0.19,0.004,0.001,100.0,0.018,0.035,0.129,0.012,0.381,0.007,0.002
Mexico,1998,MEX,94767288.0,1105636622336.0,,0.0,0.0,0.0,,,,0.0,,2.219,1.484,721.217,68.348,197.195,18.688,5.114,2.695,584.505,55.392,10.321,4.342,,181.059,11.502,4.064,61.472,16610.916,1.424,4.994,69.324,1488.304,141.043,15379.851,1457.507,77.899,92.589,6.494,20.416,334.79,316.801,30.022,3532.759,5.875,18.276,3475.262,329.341,16.582,21.268,,-6.711,-5.231,72.721,259.509,24.593,767.365,13.583,4.62,-6.322,-7.852,116.665,422.282,40.019,1231.067,22.102,7.411,,,-11.391,-3.379,26.29,97.766,9.265,277.412,5.117,1.67,4.71,47.424,1054.369,974.308,92.333,11125.874,2.273,44.83,21289.041,2017.505,50.996,66.979,17.589,6.139,,4.34,0.747,64.775,,185.604,3.39,,1.117,1910.565,1574.172,-4.68,-4.472,90.375,324.516,30.754,953.655,16.985,5.741,16.667,0.003,0.021,0.074,0.007,0.218,0.004,0.001,25.0,0.009,0.044,0.158,0.015,0.468,0.008,0.003
Mexico,1999,MEX,96334808.0,1156619567104.0,,0.0,0.0,0.0,,,,0.0,,1.755,1.2,721.935,69.548,193.164,18.608,2.224,1.232,587.782,56.624,9.795,4.355,,189.979,11.895,1.454,22.894,16578.275,1.381,-0.204,-2.974,1465.48,141.177,15098.726,1454.533,74.312,91.075,0.932,3.119,337.909,341.571,32.905,3507.649,3.951,13.012,3553.78,342.353,17.32,21.158,,33.015,24.009,96.73,339.569,32.712,1004.102,17.219,6.057,21.939,25.867,142.532,506.549,48.798,1479.549,25.686,8.925,,,7.955,2.091,28.381,103.825,10.002,294.606,5.265,1.777,-0.692,-7.292,1047.077,930.745,89.663,10869.142,-4.601,-92.831,19979.012,1924.674,47.196,65.563,17.35,6.06,,-1.28,-0.239,62.906,,180.105,3.19,,1.086,1972.066,1597.065,26.152,23.776,114.151,402.724,38.796,1184.943,20.421,7.148,0.0,0.0,0.021,0.073,0.007,0.215,0.004,0.001,13.333,0.006,0.05,0.176,0.017,0.522,0.009,0.003
Mexico,2000,MEX,97873448.0,1241194692608.0,,0.908,9.281,0.908,59.056,5.78,2.978,0.054,494.9,9.547,6.639,778.423,76.187,177.065,17.33,11.212,6.349,643.41,62.973,8.927,4.499,194.99,194.12,11.464,6.024,96.21,17300.662,1.364,6.767,98.423,1448.81,141.8,15866.979,1552.956,73.048,91.713,6.281,21.224,359.133,374.463,36.65,3669.361,-2.502,-8.566,3410.391,333.787,18.88,21.209,96.07,1.108,1.072,97.802,335.127,32.8,999.271,16.897,5.776,-0.429,-2.212,140.32,534.568,52.32,1433.684,26.952,8.287,0.87,0.446,-17.806,-5.054,23.327,79.797,7.81,238.341,4.023,1.378,6.739,70.559,1117.636,897.281,87.82,11419.195,2.918,56.169,20238.82,1980.843,45.24,66.004,18.205,11.68,5.9,4.928,0.855,119.338,60.282,186.006,6.017,3.039,1.075,1983.377,1693.276,4.051,2.841,116.992,454.771,44.51,1195.344,22.929,6.909,0.0,0.0,0.021,0.102,0.01,0.211,0.005,0.001,11.765,0.006,0.056,0.204,0.02,0.574,0.01,0.003
Mexico,2001,MEX,99394288.0,1251502718976.0,1.848,0.017,9.308,0.925,57.75,5.74,2.853,0.055,508.873,9.827,7.487,841.835,83.674,214.298,21.3,-23.134,-14.568,486.998,48.405,10.588,4.982,201.23,201.17,11.977,-0.808,-13.682,16898.289,1.342,-0.024,-0.367,1542.543,153.32,15620.509,1552.589,76.214,92.438,0.772,2.772,361.905,470.45,46.76,3641.107,-0.713,-2.38,3334.267,331.407,23.244,21.547,102.37,-14.027,-14.265,83.537,283.92,28.22,840.46,14.028,4.974,-8.703,-13.316,127.004,481.416,47.85,1277.78,23.786,7.562,0.06,0.03,6.143,1.272,24.599,83.405,8.29,247.493,4.121,1.465,-0.951,-10.625,1107.011,857.796,85.26,11137.567,3.256,64.492,20578.0,2045.336,42.382,65.909,17.866,11.31,5.57,-1.748,-0.339,113.789,56.039,179.75,5.622,2.769,1.064,2023.959,1679.593,-11.727,-14.588,102.405,398.011,39.56,1030.287,19.665,6.097,14.286,0.003,0.024,0.101,0.01,0.236,0.005,0.001,-5.263,-0.003,0.053,0.201,0.02,0.532,0.01,0.003
Mexico,2002,MEX,100917080.0,1275458093056.0,-6.256,-0.058,8.594,0.867,54.897,5.54,2.706,0.05,505.812,67.443,56.432,1388.326,140.106,236.134,23.83,-18.527,-8.968,390.783,39.437,11.639,8.145,204.94,204.74,11.903,2.409,40.465,17044.275,1.349,3.181,49.383,1583.577,159.81,15874.146,1601.973,78.055,93.135,13.48,48.783,410.688,629.725,63.55,4069.561,1.771,5.87,3342.123,337.277,31.039,23.876,103.56,-12.568,-10.97,72.567,244.755,24.7,719.074,12.064,4.219,-6.277,-8.918,118.086,445.217,44.93,1170.13,21.945,6.865,0.2,0.098,11.696,2.7,27.299,91.759,9.26,270.512,4.523,1.587,-5.044,-55.832,1051.178,717.718,72.43,10416.259,1.111,22.721,20492.633,2068.057,35.377,61.113,17.268,10.94,5.4,-2.824,-0.598,108.406,53.509,171.11,5.343,2.637,1.004,2028.794,1720.058,-10.678,-11.618,90.787,353.458,35.67,899.618,17.422,5.278,0.0,-0.0,0.023,0.099,0.01,0.231,0.005,0.001,16.667,0.008,0.061,0.198,0.02,0.607,0.01,0.004
Mexico,2003,MEX,102429344.0,1306677477376.0,-1.298,-0.011,8.357,0.856,59.749,6.12,3.022,0.049,508.147,-26.257,-36.787,1008.679,103.318,265.549,27.2,30.154,11.892,501.111,51.328,13.429,5.935,201.67,202.54,11.634,1.214,20.89,16996.574,1.332,1.974,31.628,1566.446,160.45,15948.56,1633.6,79.219,93.834,8.378,34.406,445.094,692.477,70.93,4345.376,3.299,11.127,3401.409,348.404,35.02,25.566,102.92,-20.149,-14.993,57.574,192.132,19.68,562.084,9.717,3.307,-8.152,-10.739,107.347,410.917,42.09,1048.014,20.781,6.166,-0.87,-0.431,7.745,1.926,29.225,97.433,9.98,285.32,4.927,1.679,3.235,34.01,1085.188,608.419,62.32,10594.504,5.837,120.711,21368.561,2188.768,30.769,62.333,19.614,12.4,6.28,14.473,2.346,121.059,61.311,191.489,6.122,3.101,1.127,1977.363,1740.948,-13.02,-12.664,78.122,313.484,32.11,762.694,15.854,4.487,0.0,-0.0,0.023,0.098,0.01,0.227,0.005,0.001,-9.524,-0.006,0.055,0.195,0.02,0.538,0.01,0.003
Mexico,2004,MEX,103945816.0,1373060333568.0,2.02,0.017,8.402,0.873,63.783,6.63,3.006,0.047,493.834,2.324,2.401,1017.065,105.72,209.147,21.74,33.156,17.018,657.525,68.347,9.856,5.736,219.31,220.58,11.968,5.867,102.143,17731.264,1.342,5.521,90.187,1670.678,173.66,16583.523,1723.788,78.729,93.527,7.892,35.125,480.219,811.769,84.38,4619.899,6.276,21.866,3562.149,370.27,38.254,26.055,108.93,26.819,14.976,72.55,240.029,24.95,697.956,11.311,3.936,11.386,11.955,119.303,451.389,46.92,1147.741,21.271,6.473,-1.27,-0.579,-12.451,-3.802,25.423,83.986,8.73,244.582,3.958,1.379,4.853,52.661,1137.849,649.762,67.54,10946.558,0.979,21.429,21262.965,2210.196,30.619,61.736,20.373,13.21,6.58,4.491,0.759,127.085,63.302,195.997,5.989,2.983,1.105,2122.067,1843.091,20.428,15.757,93.88,367.403,38.19,903.159,17.313,5.094,12.5,0.003,0.026,0.096,0.01,0.25,0.005,0.001,5.263,0.003,0.058,0.192,0.02,0.554,0.009,0.003
Mexico,2005,MEX,105442400.0,1427076808704.0,11.033,0.096,9.196,0.97,71.888,7.58,3.276,0.048,495.7,26.211,27.71,1265.426,133.43,289.732,30.55,3.317,2.267,669.692,70.614,13.204,6.607,229.7,231.37,11.456,9.578,176.523,19153.719,1.415,9.457,163.011,1695.333,178.76,17894.123,1886.799,77.262,93.424,9.767,46.904,527.123,763.734,80.53,4999.159,19.674,72.848,4202.474,443.119,34.806,26.1,114.69,10.061,6.794,79.344,259.668,27.38,752.483,11.834,3.929,12.026,13.512,132.815,498.945,52.61,1259.596,22.738,6.576,-1.67,-0.727,17.522,4.266,29.689,97.873,10.32,281.565,4.46,1.47,7.769,88.397,1226.246,641.867,67.68,11629.537,-1.869,-41.302,20569.475,2168.895,29.252,60.717,22.733,14.88,7.3,12.059,2.359,141.12,69.232,215.592,6.431,3.155,1.126,2194.279,2019.614,10.51,9.246,103.126,401.072,42.29,978.032,18.278,5.106,0.0,-0.0,0.026,0.095,0.01,0.244,0.004,0.001,-5.0,-0.003,0.054,0.19,0.02,0.516,0.009,0.003
Mexico,2006,MEX,106886792.0,1510627082240.0,2.046,0.02,9.258,0.99,63.525,6.79,2.868,0.048,472.74,7.321,9.769,1339.719,143.198,269.163,28.77,11.479,8.106,736.477,78.72,12.15,6.988,236.01,236.79,11.555,1.464,29.563,19171.469,1.357,1.278,24.115,1709.846,182.76,17877.926,1910.914,77.182,93.253,10.578,55.759,582.883,984.125,105.19,5453.272,9.344,41.403,4533.039,484.522,44.423,28.445,111.94,9.878,7.289,86.633,281.513,30.09,810.508,12.707,4.228,4.607,5.448,138.262,505.488,54.03,1293.54,22.818,6.747,-0.78,-0.33,0.568,-0.019,29.67,97.299,10.4,277.58,4.392,1.448,-3.377,-41.413,1184.833,456.558,48.8,11084.935,-2.116,-45.895,19862.139,2123.0,20.609,57.82,20.814,13.47,6.68,-7.989,-1.918,126.021,62.496,194.731,5.689,2.821,1.016,2215.334,2049.177,5.791,5.467,108.593,408.189,43.63,1015.96,18.426,5.299,11.111,0.003,0.028,0.094,0.01,0.266,0.004,0.001,136.842,0.074,0.128,0.561,0.06,1.198,0.025,0.006
Mexico,2007,MEX,108302976.0,1572355440640.0,-4.031,-0.04,8.768,0.95,68.973,7.47,3.062,0.046,475.566,-8.111,-11.615,1214.96,131.584,263.889,28.58,7.906,6.224,784.311,84.943,11.717,6.361,242.75,243.92,11.792,0.941,19.282,19098.814,1.316,1.439,27.496,1771.235,191.83,17898.035,1938.41,78.645,93.713,-2.139,-12.469,570.414,1076.517,116.59,5266.833,-3.289,-15.936,4326.619,468.586,47.798,27.577,116.0,-10.204,-9.326,77.306,249.301,27.0,713.796,11.069,3.737,-5.272,-8.214,130.048,480.966,52.09,1200.78,21.355,6.287,-1.17,-0.482,-4.1,-1.394,28.275,91.872,9.95,261.076,4.079,1.367,4.353,51.58,1236.413,430.828,46.66,11416.242,-5.65,-119.95,18494.873,2003.05,19.129,59.775,22.79,14.87,7.4,10.184,1.976,137.3,68.327,210.43,6.096,3.034,1.102,2252.2,2068.458,-5.598,-6.82,101.773,389.094,42.14,939.704,17.276,4.92,-10.0,-0.003,0.025,0.092,0.01,0.235,0.004,0.001,451.111,0.573,0.701,2.401,0.26,6.475,0.107,0.034
Mexico,2008,MEX,109684496.0,1607400947712.0,3.485,0.033,8.96,0.983,64.64,7.09,2.869,0.046,443.765,-10.669,-14.038,1071.667,117.545,174.683,19.16,-5.226,-4.439,733.964,80.504,7.754,5.458,245.99,247.09,11.474,4.112,85.065,19633.797,1.34,2.837,54.993,1682.188,184.51,18173.977,1993.404,74.673,92.565,5.181,29.552,599.966,1074.628,117.87,5469.923,0.794,3.72,4306.04,472.306,47.703,27.86,109.65,43.469,32.915,110.221,353.651,38.79,1004.896,15.699,5.118,23.22,30.071,160.119,570.546,62.58,1459.819,25.327,7.435,-1.1,-0.447,-5.918,-1.839,26.437,85.336,9.36,241.024,3.788,1.228,3.193,39.48,1275.893,432.878,47.48,11632.388,-8.904,-178.346,16635.93,1824.703,19.216,59.247,21.709,14.15,7.06,-4.288,-1.081,129.006,64.366,197.92,5.727,2.857,1.008,2252.734,2153.523,31.472,31.91,133.683,485.21,53.22,1218.795,21.539,6.208,111.111,0.028,0.053,0.091,0.01,0.487,0.004,0.002,2.823,0.015,0.717,2.462,0.27,6.533,0.109,0.033
Mexico,2009,MEX,111049424.0,1543872708608.0,7.99,0.079,9.557,1.061,61.144,6.79,2.766,0.05,472.479,1.873,2.201,1078.317,119.746,238.632,26.5,-12.128,-9.763,637.025,70.741,10.796,5.656,244.55,245.45,11.593,-1.685,-36.295,19065.637,1.371,-0.12,-2.385,1753.724,194.75,17929.121,1991.019,79.344,94.039,8.621,51.722,651.688,1119.772,124.35,5868.45,11.333,53.525,4735.104,525.831,50.662,30.78,115.97,-31.873,-35.595,74.627,238.182,26.45,672.015,10.776,3.525,-20.154,-33.91,126.209,456.553,50.7,1136.516,20.656,5.961,-0.9,-0.368,7.11,1.705,28.142,91.041,10.11,253.415,4.119,1.329,-4.413,-56.308,1219.584,395.319,43.9,10982.354,-6.522,-118.999,15359.866,1705.704,17.886,57.603,20.639,13.53,6.74,-4.421,-1.07,121.838,60.694,185.853,5.512,2.746,0.975,2210.277,2117.228,-25.68,-35.615,98.068,365.513,40.59,883.101,16.537,4.632,42.105,0.022,0.075,0.09,0.01,0.679,0.004,0.004,133.864,0.949,1.665,5.403,0.6,14.997,0.244,0.079
Mexico,2010,MEX,112532400.0,1637760630784.0,4.665,0.05,9.87,1.111,62.382,7.02,2.655,0.052,465.83,23.694,28.372,1316.232,148.119,271.389,30.54,20.348,14.394,756.542,85.135,11.55,6.975,263.46,264.41,12.451,0.3,6.351,18870.824,1.297,-0.559,-11.139,1842.847,207.38,17593.861,1979.88,78.431,93.233,1.344,8.757,660.445,1204.72,135.57,5868.936,-2.672,-14.052,4547.829,511.778,51.273,31.101,123.17,39.054,28.508,103.135,326.928,36.79,916.491,13.914,4.857,13.797,17.49,143.7,506.787,57.03,1276.962,21.569,6.767,-0.95,-0.361,-44.013,-12.483,15.659,50.297,5.66,139.151,2.141,0.737,-3.958,-48.269,1171.315,366.739,41.27,10408.694,-0.725,-12.37,15047.525,1693.334,15.608,55.158,20.27,13.31,6.29,-1.339,-0.369,118.277,55.895,180.123,5.034,2.379,0.955,2349.635,2123.579,30.682,29.973,128.041,456.491,51.37,1137.811,19.428,6.029,14.815,0.011,0.086,0.267,0.03,0.765,0.011,0.004,107.782,1.774,3.439,11.019,1.24,30.562,0.469,0.162
Mexico,2011,MEX,114150480.0,1716060815360.0,-7.591,-0.084,8.992,1.026,60.534,6.91,2.466,0.046,466.208,15.669,23.208,1500.888,171.327,277.704,31.7,27.993,23.832,954.594,108.967,11.312,7.718,279.54,280.24,12.624,4.54,96.402,19447.846,1.294,4.428,87.679,1926.229,219.88,18112.566,2067.558,78.461,93.134,7.213,47.639,708.085,1247.126,142.36,6203.083,1.8,9.212,4564.062,520.99,50.799,31.896,130.65,-2.389,-3.077,100.058,314.76,35.93,876.541,12.821,4.507,6.769,8.723,152.423,528.776,60.36,1335.28,21.539,6.866,-0.7,-0.25,71.607,11.049,26.708,84.625,9.66,233.972,3.447,1.203,1.437,16.831,1188.146,401.4,45.82,10408.595,-0.743,-12.584,14723.989,1680.75,16.35,53.521,19.971,13.1,6.19,-1.063,-0.299,114.761,54.227,174.949,4.675,2.209,0.9,2455.005,2219.981,-1.345,-2.326,125.715,444.151,50.7,1101.308,18.092,5.663,32.258,0.027,0.113,0.35,0.04,0.991,0.014,0.005,33.025,1.108,4.547,14.279,1.63,39.835,0.582,0.205
Mexico,2012,MEX,115755912.0,1785373786112.0,15.946,0.164,10.281,1.19,54.943,6.36,2.234,0.053,479.263,-12.877,-22.061,1289.489,149.266,278.172,32.2,-20.77,-22.632,745.835,86.335,11.308,6.664,285.81,284.75,12.713,0.895,19.871,19349.783,1.255,1.543,31.912,1979.51,229.14,18137.041,2099.47,80.471,93.733,4.018,28.453,736.538,1248.489,144.52,6362.852,-2.397,-12.488,4392.88,508.502,50.753,32.883,136.47,-12.02,-12.561,87.497,272.902,31.59,755.875,11.094,3.906,-7.182,-12.04,140.382,480.407,55.61,1212.745,19.529,6.267,1.06,0.371,-13.079,-3.634,23.074,72.653,8.41,199.334,2.953,1.03,2.148,25.52,1213.666,452.849,52.42,10484.699,-0.447,-7.514,14454.869,1673.237,18.409,54.185,18.319,11.87,5.51,-8.226,-1.652,102.543,47.6,158.254,4.169,1.935,0.818,2459.917,2239.852,-5.898,-8.407,117.308,407.755,47.2,1013.411,16.576,5.237,68.293,0.076,0.189,0.605,0.07,1.634,0.025,0.008,123.762,5.566,10.113,31.705,3.67,87.366,1.289,0.452
Mexico,2013,MEX,117290680.0,1810561761280.0,-0.139,-0.002,10.132,1.188,58.913,6.91,2.405,0.053,471.039,-0.696,-1.039,1263.754,148.227,255.434,29.96,-3.516,-3.036,710.195,83.299,10.429,6.614,287.25,287.28,12.818,0.063,1.419,19108.689,1.238,0.087,1.817,1971.427,231.23,17915.207,2101.287,80.489,93.754,5.623,41.413,777.951,1332.16,156.25,6632.673,3.221,16.379,4475.039,524.88,54.389,34.71,135.32,-12.188,-11.127,76.37,236.336,27.72,651.116,9.649,3.407,0.446,-0.398,139.984,477.873,56.05,1193.483,19.511,6.246,-0.03,-0.01,34.554,7.786,30.86,97.024,11.38,263.109,3.961,1.377,-3.177,-38.556,1175.11,383.833,45.02,10018.781,-1.238,-20.716,14089.106,1652.521,15.671,52.43,19.873,12.67,5.76,8.302,1.554,108.022,49.109,169.43,4.41,2.005,0.887,2449.3,2241.271,-6.411,-8.184,109.124,380.849,44.67,930.375,15.549,4.869,53.623,0.1,0.289,0.938,0.11,2.463,0.038,0.013,13.454,1.292,11.405,35.553,4.17,97.234,1.452,0.509
Mexico,2014,MEX,118755888.0,1851266170880.0,54.582,0.649,15.47,1.837,55.913,6.64,2.288,0.082,444.778,-0.194,-0.288,1245.739,147.939,264.492,31.41,1.285,1.07,710.444,84.369,10.824,6.641,289.66,290.19,13.028,-0.614,-13.763,18757.031,1.203,-2.064,-43.372,1881.422,223.43,17328.951,2057.915,76.994,92.386,1.354,10.534,788.484,1362.543,161.81,6639.54,-2.264,-11.882,4319.77,512.998,55.76,35.398,129.07,38.797,28.995,105.364,324.615,38.55,887.234,13.284,4.73,21.984,29.609,169.593,562.162,66.76,1428.081,23.006,7.614,-0.53,-0.183,-17.989,-5.703,25.157,78.312,9.3,211.84,3.205,1.129,-4.563,-53.618,1121.492,254.387,30.21,9443.673,-3.341,-55.211,13450.363,1597.31,10.41,50.347,19.226,12.34,5.7,-2.535,-0.646,103.911,47.998,161.899,4.252,1.964,0.863,2443.584,2227.508,33.538,35.311,144.436,483.85,57.46,1216.241,19.801,6.484,108.491,0.31,0.599,1.853,0.22,5.042,0.076,0.027,53.57,6.005,17.409,53.471,6.35,146.596,2.188,0.782
Mexico,2015,MEX,120149896.0,1899585208320.0,6.346,0.117,16.261,1.954,59.259,7.12,2.39,0.089,450.282,-0.195,-0.288,1228.885,147.65,262.006,31.48,-5.282,-4.456,665.11,79.913,10.568,6.702,297.21,297.88,13.522,-1.101,-24.529,18335.252,1.16,-0.711,-14.63,1949.898,234.28,17006.129,2043.285,78.649,92.751,2.453,19.345,807.829,1445.611,173.69,6723.511,-6.536,-33.529,3990.594,479.469,58.309,36.67,134.13,-20.573,-22.174,83.19,254.765,30.61,692.386,10.276,3.776,-4.968,-9.899,159.694,529.339,63.6,1329.123,21.351,7.249,-0.67,-0.225,19.633,4.76,29.917,93.05,11.18,248.999,3.753,1.358,-3.004,-33.687,1087.805,242.281,29.11,9053.732,-6.997,-111.76,12364.138,1485.55,9.772,49.379,20.538,13.12,6.0,6.943,1.312,109.197,49.938,170.938,4.404,2.014,0.932,2479.236,2202.979,-9.335,-14.659,129.777,436.288,52.42,1080.123,17.598,5.891,-8.508,-0.054,0.545,1.998,0.24,4.532,0.081,0.025,36.085,6.141,23.55,70.329,8.45,196.008,2.837,1.069
Mexico,2016,MEX,121519224.0,1923887267840.0,5.967,0.117,17.037,2.07,57.769,7.02,2.317,0.092,452.973,-2.043,-3.017,1190.209,144.633,261.522,31.78,-11.652,-9.312,580.99,70.601,10.488,6.42,303.28,303.02,13.451,2.263,49.863,18538.975,1.171,2.41,49.247,1973.186,239.78,17219.76,2092.532,79.13,92.884,2.782,22.471,830.3,1457.218,177.08,6832.667,-8.959,-42.955,3592.142,436.514,58.438,36.856,137.26,-0.629,-1.012,82.178,244.735,29.74,676.255,9.815,3.648,0.939,0.616,160.31,520.411,63.24,1319.214,20.87,7.116,0.26,0.086,-8.724,-2.771,27.146,84.513,10.27,223.386,3.389,1.205,2.739,29.793,1117.598,254.445,30.92,9196.884,-4.867,-72.308,11629.782,1413.242,10.204,49.608,20.458,12.84,5.82,-0.3,-0.08,105.662,47.894,168.352,4.237,1.921,0.908,2493.597,2252.842,3.202,3.387,133.164,435.898,52.97,1095.828,17.481,5.911,24.767,0.131,0.675,3.785,0.46,5.558,0.152,0.03,18.673,4.232,27.783,81.715,9.93,228.627,3.277,1.233
Mexico,2017,MEX,122839256.0,1964635193344.0,5.631,0.117,17.803,2.187,61.137,7.51,2.429,0.095,449.214,22.208,32.119,1438.895,176.753,232.336,28.54,21.275,15.021,697.027,85.622,9.232,7.699,309.49,309.14,13.465,1.908,42.981,18689.648,1.169,1.677,35.083,1975.671,242.69,17320.318,2127.615,78.505,92.673,3.617,30.035,860.335,1450.758,178.21,7003.749,-12.332,-53.83,3115.327,382.684,57.647,37.474,138.87,3.747,2.578,84.756,258.386,31.74,689.974,10.267,3.692,5.316,7.898,168.208,540.951,66.45,1369.33,21.495,7.327,0.35,0.113,2.987,0.647,27.792,86.047,10.57,226.249,3.419,1.211,-2.422,-27.071,1090.527,292.577,35.94,8877.674,-9.82,-138.773,10375.094,1274.469,11.626,47.5,22.053,13.16,5.65,6.762,1.595,107.132,45.995,179.524,4.257,1.828,0.961,2516.623,2295.823,5.798,7.251,140.415,454.903,55.88,1143.081,18.076,6.116,370.32,2.482,3.158,8.711,1.07,25.705,0.346,0.138,2.329,0.48,28.262,80.675,9.91,230.076,3.206,1.231
Mexico,2018,MEX,124013864.0,2006599729152.0,11.639,0.255,19.687,2.441,60.477,7.5,2.259,0.108,443.287,-10.867,-19.207,1270.386,157.545,229.571,28.47,-9.299,-7.962,626.225,77.661,8.575,6.954,333.27,332.02,14.654,-1.313,-30.133,18269.648,1.129,-2.168,-46.125,2095.895,259.92,16784.336,2081.49,78.284,91.87,4.928,42.401,902.736,1584.097,196.45,7279.317,-1.018,-3.896,3054.403,378.788,59.168,39.844,147.18,2.003,1.192,85.948,260.455,32.3,693.051,9.728,3.793,10.25,15.992,184.199,581.387,72.1,1485.313,21.716,8.13,1.25,0.375,24.552,6.621,34.414,107.407,13.32,277.497,4.012,1.519,-6.356,-69.318,1021.209,282.227,35.0,8234.632,-6.556,-83.554,9603.076,1190.915,10.542,45.073,19.999,12.59,5.09,-9.337,-2.054,101.521,41.044,161.264,3.792,1.533,0.883,2677.281,2265.69,7.365,9.371,149.786,473.979,58.78,1207.816,17.704,6.611,170.686,5.34,8.497,10.967,1.36,68.519,0.41,0.375,17.095,4.638,32.9,101.037,12.53,265.295,3.774,1.452
Mexico,2019,MEX,125085312.0,,10.425,0.255,21.553,2.696,53.164,6.65,2.091,0.12,442.247,-4.526,-7.131,1202.498,150.415,233.041,29.15,-17.569,-13.644,511.784,64.017,9.164,6.717,318.9,318.08,14.204,-1.159,-26.25,17903.295,,-1.207,-25.125,1984.246,248.2,16439.701,2056.365,78.031,91.825,3.451,31.157,933.893,1503.054,188.01,7466.052,-3.083,-11.679,2934.873,367.109,59.108,41.702,140.67,-27.328,-23.718,62.23,188.192,23.54,497.502,7.401,2.779,-0.132,-1.125,183.074,558.659,69.88,1463.594,21.969,8.175,0.82,0.257,-17.448,-6.109,28.304,86.981,10.88,226.28,3.421,1.264,-4.813,-49.152,972.057,248.151,31.04,7771.151,-7.226,-86.061,8832.803,1104.854,9.759,43.406,19.486,11.71,5.06,-2.045,-0.513,93.616,40.452,155.784,3.681,1.591,0.87,2542.904,2239.439,3.919,4.984,154.77,471.678,59.0,1237.314,18.549,6.911,210.25,17.768,26.266,55.722,6.97,209.982,2.191,1.173,34.512,11.191,44.092,134.148,16.78,352.493,5.275,1.969
Mexico,2020,MEX,125998296.0,,9.443,0.255,23.417,2.951,54.525,6.87,2.11,0.143,418.745,-55.795,-83.924,527.713,66.491,146.51,18.46,-16.563,-10.603,423.925,53.414,5.671,3.221,329.53,325.52,15.77,-7.826,-175.25,16382.68,,-10.033,-206.316,1948.122,245.46,14683.13,1850.049,75.406,89.626,1.21,11.297,945.19,1550.18,195.32,7501.612,-3.23,-11.857,2819.505,355.253,60.002,45.79,136.31,14.093,8.51,70.74,212.225,26.74,561.434,8.215,3.427,16.991,31.066,214.14,635.405,80.06,1699.55,24.594,10.374,4.01,1.217,-0.106,-0.134,28.17,86.271,10.87,223.577,3.339,1.365,-13.753,-133.689,838.368,251.432,31.68,6653.804,0.117,1.29,8779.036,1106.144,9.732,40.615,18.945,11.44,4.57,-3.959,-0.541,90.795,36.27,150.362,3.514,1.404,0.918,2583.527,2064.19,20.168,31.2,185.97,549.134,69.19,1475.972,21.255,9.009,58.923,15.323,41.589,89.208,11.24,330.075,3.453,2.015,17.792,7.654,51.745,156.907,19.77,410.684,6.073,2.507
Mexico,2021,MEX,126705136.0,,-13.96,-0.412,20.036,2.539,53.431,6.77,2.009,0.114,399.852,-17.092,-11.365,435.075,55.126,104.889,13.29,-28.462,-15.202,301.577,38.211,3.944,2.484,339.37,336.95,15.183,7.513,155.077,17515.205,,6.56,121.355,1932.597,244.87,15558.993,1971.404,72.673,88.831,2.977,28.136,973.327,1573.812,199.41,7681.825,8.002,28.428,3028.142,383.681,59.181,43.858,134.73,29.459,20.504,91.244,272.049,34.47,720.129,10.23,4.111,15.647,33.722,247.862,726.727,92.08,1956.213,27.327,11.169,2.42,0.713,6.666,1.768,29.938,90.209,11.43,236.283,3.392,1.349,12.475,104.583,942.951,253.897,32.17,7442.093,1.446,15.992,8856.277,1122.136,9.547,42.489,16.151,11.05,4.28,-13.415,-2.794,87.21,33.779,127.473,3.279,1.27,0.728,2659.324,2219.266,17.034,31.954,217.924,636.517,80.65,1719.929,23.935,9.82,27.528,11.255,52.844,111.756,14.16,417.059,4.202,2.381,6.963,3.401,55.146,165.502,20.97,435.232,6.223,2.485
Mexico,2022,MEX,127504120.0,,7.245,0.184,21.353,2.723,53.175,6.78,1.94,0.112,421.402,26.6,14.663,547.351,69.79,163.916,20.9,0.062,0.024,299.875,38.235,5.98,2.879,351.92,349.5,14.42,9.214,204.483,19009.186,,10.558,208.141,2031.072,258.97,17093.922,2179.545,74.097,89.925,-0.767,-7.47,965.857,1496.422,190.8,7575.104,5.169,19.832,3164.708,403.513,54.592,39.85,147.28,2.431,1.877,93.121,276.854,35.3,730.338,10.1,3.842,-1.138,-3.658,244.204,710.016,90.53,1915.264,25.903,10.075,2.42,0.688,-9.003,-2.795,27.144,81.252,10.36,212.884,2.964,1.12,21.31,200.947,1143.899,370.733,47.27,8971.466,1.237,13.881,8909.648,1136.017,13.525,47.195,17.999,11.25,4.47,10.359,1.848,88.232,35.058,141.164,3.219,1.279,0.743,2741.088,2423.75,-0.031,-0.863,217.061,628.764,80.17,1702.381,22.938,8.956,-4.562,-2.595,50.249,105.016,13.39,394.095,3.831,2.073,-3.596,-2.177,52.969,158.662,20.23,415.432,5.788,2.185
"Mexico, Chile, and other OECD Americas (EIA)",1980,,,,,,,,,,,,,,,,,,,,,,,,,,,,,,,,,,,,,,,,,,,,,,,,,,,,,,,,,,,,,,,,,,,,,,,,,,,,,,,,,,,,,,,,,,,,,,,,,,,,,,,1516.586,,,,,,,,,,,,,,,,,,,,,,,,
"Mexico, Chile, and other OECD Americas (EIA)",1981,,,,,,,,,,,,,,,,,,,,,,,,,,,,7.928,120.242,,,,,,,,,,,,,,,,,,,,,,,,,,,,,,,,,,,,,,,,,,,,,,,,,,,,,,,,,,,,,,,,,,,,,,,,,,1636.828,,,,,,,,,,,,,,,,,,,,,,,,
"Mexico, Chile, and other OECD Americas (EIA)",1982,,,,,,,,,,,,,,,,,,,,,,,,,,,,4.287,70.177,,,,,,,,,,,,,,,,,,,,,,,,,,,,,,,,,,,,,,,,,,,,,,,,,,,,,,,,,,,,,,,,,,,,,,,,,,1707.005,,,,,,,,,,,,,,,,,,,,,,,,
"Mexico, Chile, and other OECD Americas (EIA)",1983,,,,,,,,,,,,,,,,,,,,,,,,,,,,-4.347,-74.209,,,,,,,,,,,,,,,,,,,,,,,,,,,,,,,,,,,,,,,,,,,,,,,,,,,,,,,,,,,,,,,,,,,,,,,,,,1632.797,,,,,,,,,,,,,,,,,,,,,,,,
"Mexico, Chile, and other OECD Americas (EIA)",1984,,,,,,,,,,,,,,,,,,,,,,,,,,,,2.268,37.038,,,,,,,,,,,,,,,,,,,,,,,,,,,,,,,,,,,,,,,,,,,,,,,,,,,,,,,,,,,,,,,,,,,,,,,,,,1669.835,,,,,,,,,,,,,,,,,,,,,,,,
"Mexico, Chile, and other OECD Americas (EIA)",1985,,,,,,,,,,,,,,,,,,,,,,,,,,,,4.511,75.322,,,,,,,,,,,,,,,,,,,,,,,,,,,,,,,,,,,,,,,,,,,,,,,,,,,,,,,,,,,,,,,,,,,,,,,,,,1745.157,,,,,,,,,,,,,,,,,,,,,,,,
"Mexico, Chile, and other OECD Americas (EIA)",1986,,,,,,,,,,,,,,,,,,,,,,,,,,,,0.005,0.089,,,,,,,,,,,,,,,,,,,,,,,,,,,,,,,,,,,,,,,,,,,,,,,,,,,,,,,,,,,,,,,,,,,,,,,,,,1745.246,,,,,,,,,,,,,,,,,,,,,,,,
"Mexico, Chile, and other OECD Americas (EIA)",1987,,,,,,,,,,,,,,,,,,,,,,,,,,,,1.358,23.708,,,,,,,,,,,,,,,,,,,,,,,,,,,,,,,,,,,,,,,,,,,,,,,,,,,,,,,,,,,,,,,,,,,,,,,,,,1768.954,,,,,,,,,,,,,,,,,,,,,,,,
"Mexico, Chile, and other OECD Americas (EIA)",1988,,,,,,,,,,,,,,,,,,,,,,,,,,,,3.089,54.644,,,,,,,,,,,,,,,,,,,,,,,,,,,,,,,,,,,,,,,,,,,,,,,,,,,,,,,,,,,,,,,,,,,,,,,,,,1823.598,,,,,,,,,,,,,,,,,,,,,,,,
"Mexico, Chile, and other OECD Americas (EIA)",1989,,,,,,,,,,,,,,,,,,,,,,,,,,,,5.764,105.109,,,,,,,,,,,,,,,,,,,,,,,,,,,,,,,,,,,,,,,,,,,,,,,,,,,,,,,,,,,,,,,,,,,,,,,,,,1928.707,,,,,,,,,,,,,,,,,,,,,,,,
"Mexico, Chile, and other OECD Americas (EIA)",1990,,,,,,,,,,,,,,,,,,,,,,,,,,,,-1.221,-23.558,,,,,,,,,,,,,,,,,,,,,,,,,,,,,,,,,,,,,,,,,,,,,,,,,,,,,,,,,,,,,,,,,,,,,,,,,,1905.149,,,,,,,,,,,,,,,,,,,,,,,,
"Mexico, Chile, and other OECD Americas (EIA)",1991,,,,,,,,,,,,,,,,,,,,,,,,,,,,5.297,100.916,,,,,,,,,,,,,,,,,,,,,,,,,,,,,,,,,,,,,,,,,,,,,,,,,,,,,,,,,,,,,,,,,,,,,,,,,,2006.064,,,,,,,,,,,,,,,,,,,,,,,,
"Mexico, Chile, and other OECD Americas (EIA)",1992,,,,,,,,,,,,,,,,,,,,,,,,,,,,1.745,35.008,,,,,,,,,,,,,,,,,,,,,,,,,,,,,,,,,,,,,,,,,,,,,,,,,,,,,,,,,,,,,,,,,,,,,,,,,,2041.073,,,,,,,,,,,,,,,,,,,,,,,,
"Mexico, Chile, and other OECD Americas (EIA)",1993,,,,,,,,,,,,,,,,,,,,,,,,,,,,6.061,123.71,,,,,,,,,,,,,,,,,,,,,,,,,,,,,,,,,,,,,,,,,,,,,,,,,,,,,,,,,,,,,,,,,,,,,,,,,,2164.782,,,,,,,,,,,,,,,,,,,,,,,,
"Mexico, Chile, and other OECD Americas (EIA)",1994,,,,,,,,,,,,,,,,,,,,,,,,,,,,6.13,132.702,,,,,,,,,,,,,,,,,,,,,,,,,,,,,,,,,,,,,,,,,,,,,,,,,,,,,,,,,,,,,,,,,,,,,,,,,,2297.485,,,,,,,,,,,,,,,,,,,,,,,,
"Mexico, Chile, and other OECD Americas (EIA)",1995,,,,,,,,,,,,,,,,,,,,,,,,,,,,-1.082,-24.866,,,,,,,,,,,,,,,,,,,,,,,,,,,,,,,,,,,,,,,,,,,,,,,,,,,,,,,,,,,,,,,,,,,,,,,,,,2272.619,,,,,,,,,,,,,,,,,,,,,,,,
"Mexico, Chile, and other OECD Americas (EIA)",1996,,,,,,,,,,,,,,,,,,,,,,,,,,,,3.389,77.022,,,,,,,,,,,,,,,,,,,,,,,,,,,,,,,,,,,,,,,,,,,,,,,,,,,,,,,,,,,,,,,,,,,,,,,,,,2349.641,,,,,,,,,,,,,,,,,,,,,,,,
"Mexico, Chile, and other OECD Americas (EIA)",1997,,,,,,,,,,,,,,,,,,,,,,,,,,,,2.524,59.317,,,,,,,,,,,,,,,,,,,,,,,,,,,,,,,,,,,,,,,,,,,,,,,,,,,,,,,,,,,,,,,,,,,,,,,,,,2408.958,,,,,,,,,,,,,,,,,,,,,,,,
"Mexico, Chile, and other OECD Americas (EIA)",1998,,,,,,,,,,,,,,,,,,,,,,,,,,,,5.162,124.35,,,,,,,,,,,,,,,,,,,,,,,,,,,,,,,,,,,,,,,,,,,,,,,,,,,,,,,,,,,,,,,,,,,,,,,,,,2533.307,,,,,,,,,,,,,,,,,,,,,,,,
"Mexico, Chile, and other OECD Americas (EIA)",1999,,,,,,,,,,,,,,,,,,,,,,,,,,,,-0.02,-0.508,,,,,,,,,,,,,,,,,,,,,,,,,,,,,,,,,,,,,,,,,,,,,,,,,,,,,,,,,,,,,,,,,,,,,,,,,,2532.8,,,,,,,,,,,,,,,,,,,,,,,,
"Mexico, Chile, and other OECD Americas (EIA)",2000,,,,,,,,,,,,,,,,,,,,,,,,,,,,6.76,171.227,,,,,,,,,,,,,,,,,,,,,,,,,,,,,,,,,,,,,,,,,,,,,,,,,,,,,,,,,,,,,,,,,,,,,,,,,,2704.026,,,,,,,,,,,,,,,,,,,,,,,,
"Mexico, Chile, and other OECD Americas (EIA)",2001,,,,,,,,,,,,,,,,,,,,,,,,,,,,1.231,33.283,,,,,,,,,,,,,,,,,,,,,,,,,,,,,,,,,,,,,,,,,,,,,,,,,,,,,,,,,,,,,,,,,,,,,,,,,,2737.31,,,,,,,,,,,,,,,,,,,,,,,,
"Mexico, Chile, and other OECD Americas (EIA)",2002,,,,,,,,,,,,,,,,,,,,,,,,,,,,0.831,22.749,,,,,,,,,,,,,,,,,,,,,,,,,,,,,,,,,,,,,,,,,,,,,,,,,,,,,,,,,,,,,,,,,,,,,,,,,,2760.058,,,,,,,,,,,,,,,,,,,,,,,,
"Mexico, Chile, and other OECD Americas (EIA)",2003,,,,,,,,,,,,,,,,,,,,,,,,,,,,3.337,92.09,,,,,,,,,,,,,,,,,,,,,,,,,,,,,,,,,,,,,,,,,,,,,,,,,,,,,,,,,,,,,,,,,,,,,,,,,,2852.149,,,,,,,,,,,,,,,,,,,,,,,,
"Mexico, Chile, and other OECD Americas (EIA)",2004,,,,,,,,,,,,,,,,,,,,,,,,,,,,3.341,95.295,,,,,,,,,,,,,,,,,,,,,,,,,,,,,,,,,,,,,,,,,,,,,,,,,,,,,,,,,,,,,,,,,,,,,,,,,,2947.444,,,,,,,,,,,,,,,,,,,,,,,,
"Mexico, Chile, and other OECD Americas (EIA)",2005,,,,,,,,,,,,,,,,,,,,,,,,,,,,2.456,72.403,,,,,,,,,,,,,,,,,,,,,,,,,,,,,,,,,,,,,,,,,,,,,,,,,,,,,,,,,,,,,,,,,,,,,,,,,,3019.847,,,,,,,,,,,,,,,,,,,,,,,,
"Mexico, Chile, and other OECD Americas (EIA)",2006,,,,,,,,,,,,,,,,,,,,,,,,,,,,3.423,103.366,,,,,,,,,,,,,,,,,,,,,,,,,,,,,,,,,,,,,,,,,,,,,,,,,,,,,,,,,,,,,,,,,,,,,,,,,,3123.212,,,,,,,,,,,,,,,,,,,,,,,,
"Mexico, Chile, and other OECD Americas (EIA)",2007,,,,,,,,,,,,,,,,,,,,,,,,,,,,0.834,26.038,,,,,,,,,,,,,,,,,,,,,,,,,,,,,,,,,,,,,,,,,,,,,,,,,,,,,,,,,,,,,,,,,,,,,,,,,,3149.251,,,,,,,,,,,,,,,,,,,,,,,,
"Mexico, Chile, and other OECD Americas (EIA)",2008,,,,,,,,,,,,,,,,,,,,,,,,,,,,-0.207,-6.511,,,,,,,,,,,,,,,,,,,,,,,,,,,,,,,,,,,,,,,,,,,,,,,,,,,,,,,,,,,,,,,,,,,,,,,,,,3142.739,,,,,,,,,,,,,,,,,,,,,,,,
"Mexico, Chile, and other OECD Americas (EIA)",2009,,,,,,,,,,,,,,,,,,,,,,,,,,,,-1.304,-40.972,,,,,,,,,,,,,,,,,,,,,,,,,,,,,,,,,,,,,,,,,,,,,,,,,,,,,,,,,,,,,,,,,,,,,,,,,,3101.767,,,,,,,,,,,,,,,,,,,,,,,,
"Mexico, Chile, and other OECD Americas (EIA)",2010,,,,,,,,,,,,,,,,,,,,,,,,,,,,-0.743,-23.059,,,,,,,,,,,,,,,,,,,,,,,,,,,,,,,,,,,,,,,,,,,,,,,,,,,,,,,,,,,,,,,,,,,,,,,,,,3078.709,,,,,,,,,,,,,,,,,,,,,,,,
"Mexico, Chile, and other OECD Americas (EIA)",2011,,,,,,,,,,,,,,,,,,,,,,,,,,,,4.344,133.73,,,,,,,,,,,,,,,,,,,,,,,,,,,,,,,,,,,,,,,,,,,,,,,,,,,,,,,,,,,,,,,,,,,,,,,,,,3212.439,,,,,,,,,,,,,,,,,,,,,,,,
"Mexico, Chile, and other OECD Americas (EIA)",2012,,,,,,,,,,,,,,,,,,,,,,,,,,,,0.032,1.032,,,,,,,,,,,,,,,,,,,,,,,,,,,,,,,,,,,,,,,,,,,,,,,,,,,,,,,,,,,,,,,,,,,,,,,,,,3213.471,,,,,,,,,,,,,,,,,,,,,,,,
"Mexico, Chile, and other OECD Americas (EIA)",2013,,,,,,,,,,,,,,,,,,,,,,,,,,,,1.162,37.355,,,,,,,,,,,,,,,,,,,,,,,,,,,,,,,,,,,,,,,,,,,,,,,,,,,,,,,,,,,,,,,,,,,,,,,,,,3250.826,,,,,,,,,,,,,,,,,,,,,,,,
"Mexico, Chile, and other OECD Americas (EIA)",2014,,,,,,,,,,,,,,,,,,,,,,,,,,,,-0.286,-9.293,,,,,,,,,,,,,,,,,,,,,,,,,,,,,,,,,,,,,,,,,,,,,,,,,,,,,,,,,,,,,,,,,,,,,,,,,,3241.533,,,,,,,,,,,,,,,,,,,,,,,,
"Mexico, Chile, and other OECD Americas (EIA)",2015,,,,,,,,,,,,,,,,,,,,,,,,,,,,1.258,40.767,,,,,,,,,,,,,,,,,,,,,,,,,,,,,,,,,,,,,,,,,,,,,,,,,,,,,,,,,,,,,,,,,,,,,,,,,,3282.3,,,,,,,,,,,,,,,,,,,,,,,,
"Mexico, Chile, and other OECD Americas (EIA)",2016,,,,,,,,,,,,,,,,,,,,,,,,,,,,2.136,70.123,,,,,,,,,,,,,,,,,,,,,,,,,,,,,,,,,,,,,,,,,,,,,,,,,,,,,,,,,,,,,,,,,,,,,,,,,,3352.423,,,,,,,,,,,,,,,,,,,,,,,,
"Mexico, Chile, and other OECD Americas (EIA)",2017,,,,,,,,,,,,,,,,,,,,,,,,,,,,0.205,6.871,,,,,,,,,,,,,,,,,,,,,,,,,,,,,,,,,,,,,,,,,,,,,,,,,,,,,,,,,,,,,,,,,,,,,,,,,,3359.294,,,,,,,,,,,,,,,,,,,,,,,,
"Mexico, Chile, and other OECD Americas (EIA)",2018,,,,,,,,,,,,,,,,,,,,,,,,,,,,-0.821,-27.567,,,,,,,,,,,,,,,,,,,,,,,,,,,,,,,,,,,,,,,,,,,,,,,,,,,,,,,,,,,,,,,,,,,,,,,,,,3331.727,,,,,,,,,,,,,,,,,,,,,,,,
"Mexico, Chile, and other OECD Americas (EIA)",2019,,,,,,,,,,,,,,,,,,,,,,,,,,,,0.966,32.188,,,,,,,,,,,,,,,,,,,,,,,,,,,,,,,,,,,,,,,,,,,,,,,,,,,,,,,,,,,,,,,,,,,,,,,,,,3363.916,,,,,,,,,,,,,,,,,,,,,,,,
"Mexico, Chile, and other OECD Americas (EIA)",2020,,,,,,,,,,,,,,,,,,,,,,,,,,,,-11.043,-371.485,,,,,,,,,,,,,,,,,,,,,,,,,,,,,,,,,,,,,,,,,,,,,,,,,,,,,,,,,,,,,,,,,,,,,,,,,,2992.43,,,,,,,,,,,,,,,,,,,,,,,,
"Mexico, Chile, and other OECD Americas (EIA)",2021,,,,,,,,,,,,,,,,,,,,,,,,,,,,3.602,107.801,,,,,,,,,,,,,,,,,,,,,,,,,,,,,,,,,,,,,,,,,,,,,,,,,,,,,,,,,,,,,,,,,,,,,,,,,,3100.232,,,,,,,,,,,,,,,,,,,,,,,,
Micronesia (country),1980,FSM,76317.0,,,,,,,,,,,,,,,,,,,,,,,,,,,,0.0,,,,,,,,,,,,,,,,,,,,,,,,,,,,,,,,,,,,,,,,,,,,,,,,,,,,,,,,,,,,,,,,,,,,,,,,,0.0,,,,,,,,,,,,,,,,,,,,,,,,
Micronesia (country),1981,FSM,78544.0,,,,,,,,,,,,,,,,,,,,,,,,,,,0.0,0.0,,,,,,,,,,,,,,,,,,,,,,,,,,,,,,,,,,,,,,,,,,,,,,,,,,,,,,,,,,,,,,,,,,,,,,,,,0.0,,,,,,,,,,,,,,,,,,,,,,,,
Micronesia (country),1982,FSM,80830.0,,,,,,,,,,,,,,,,,,,,,,,,,,,0.0,0.0,,,,,,,,,,,,,,,,,,,,,,,,,,,,,,,,,,,,,,,,,,,,,,,,,,,,,,,,,,,,,,,,,,,,,,,,,0.0,,,,,,,,,,,,,,,,,,,,,,,,
Micronesia (country),1983,FSM,83172.0,,,,,,,,,,,,,,,,,,,,,,,,,,,0.0,0.0,,,,,,,,,,,,,,,,,,,,,,,,,,,,,,,,,,,,,,,,,,,,,,,,,,,,,,,,,,,,,,,,,,,,,,,,,0.0,,,,,,,,,,,,,,,,,,,,,,,,
Micronesia (country),1984,FSM,85561.0,,,,,,,,,,,,,,,,,,,,,,,,,,,0.0,0.0,,,,,,,,,,,,,,,,,,,,,,,,,,,,,,,,,,,,,,,,,,,,,,,,,,,,,,,,,,,,,,,,,,,,,,,,,0.0,,,,,,,,,,,,,,,,,,,,,,,,
Micronesia (country),1985,FSM,87976.0,,,,,,,,,,,,,,,,,,,,,,,,,,,0.0,0.0,,,,,,,,,,,,,,,,,,,,,,,,,,,,,,,,,,,,,,,,,,,,,,,,,,,,,,,,,,,,,,,,,,,,,,,,,0.0,,,,,,,,,,,,,,,,,,,,,,,,
Micronesia (country),1986,FSM,90415.0,,,,,,,,,,,,,,,,,,,,,,,,,,,0.0,0.0,,,,,,,,,,,,,,,,,,,,,,,,,,,,,,,,,,,,,,,,,,,,,,,,,,,,,,,,,,,,,,,,,,,,,,,,,0.0,,,,,,,,,,,,,,,,,,,,,,,,
Micronesia (country),1987,FSM,92860.0,,,,,,,,,,,,,,,,,,,,,,,,,,,0.0,0.0,,,,,,,,,,,,,,,,,,,,,,,,,,,,,,,,,,,,,,,,,,,,,,,,,,,,,,,,,,,,,,,,,,,,,,,,,0.0,,,,,,,,,,,,,,,,,,,,,,,,
Micronesia (country),1988,FSM,95004.0,,,,,,,,,,,,,,,,,,,,,,,,,,,0.0,0.0,,,,,,,,,,,,,,,,,,,,,,,,,,,,,,,,,,,,,,,,,,,,,,,,,,,,,,,,,,,,,,,,,,,,,,,,,0.0,,,,,,,,,,,,,,,,,,,,,,,,
Micronesia (country),1989,FSM,96809.0,,,,,,,,,,,,,,,,,,,,,,,,,,,0.0,0.0,,,,,,,,,,,,,,,,,,,,,,,,,,,,,,,,,,,,,,,,,,,,,,,,,,,,,,,,,,,,,,,,,,,,,,,,,0.0,,,,,,,,,,,,,,,,,,,,,,,,
Micronesia (country),1990,FSM,98616.0,,,,,,,,,,,,,,,,,,,,,,,,,,,0.0,0.0,,,,,,,,,,,,,,,,,,,,,,,,,,,,,,,,,,,,,,,,,,,,,,,,,,,,,,,,,,,,,,,,,,,,,,,,,0.0,,,,,,,,,,,,,,,,,,,,,,,,
Micronesia (country),1991,FSM,100448.0,,,,,,,,,,,,,,,,,,,,,,,,,,,0.0,0.0,,,,,,,,,,,,,,,,,,,,,,,,,,,,,,,,,,,,,,,,,,,,,,,,,,,,,,,,,,,,,,,,,,,,,,,,,0.0,,,,,,,,,,,,,,,,,,,,,,,,
Micronesia (country),1992,FSM,102908.0,,,,,,,,,,,,,,,,,,,,,,,,,,,0.0,0.0,,,,,,,,,,,,,,,,,,,,,,,,,,,,,,,,,,,,,,,,,,,,,,,,,,,,,,,,,,,,,,,,,,,,,,,,,0.0,,,,,,,,,,,,,,,,,,,,,,,,
Micronesia (country),1993,FSM,106043.0,,,,,,,,,,,,,,,,,,,,,,,,,,,0.0,0.0,,,,,,,,,,,,,,,,,,,,,,,,,,,,,,,,,,,,,,,,,,,,,,,,,,,,,,,,,,,,,,,,,,,,,,,,,0.0,,,,,,,,,,,,,,,,,,,,,,,,
Micronesia (country),1994,FSM,108858.0,,,,,,,,,,,,,,,,,,,,,,,,,,,0.0,0.0,,,,,,,,,,,,,,,,,,,,,,,,,,,,,,,,,,,,,,,,,,,,,,,,,,,,,,,,,,,,,,,,,,,,,,,,,0.0,,,,,,,,,,,,,,,,,,,,,,,,
Micronesia (country),1995,FSM,110346.0,,,,,,,,,,,,,,,,,,,,,,,,,,,0.0,0.0,,,,,,,,,,,,,,,,,,,,,,,,,,,,,,,,,,,,,,,,,,,,,,,,,,,,,,,,,,,,,,,,,,,,,,,,,0.0,,,,,,,,,,,,,,,,,,,,,,,,
Micronesia (country),1996,FSM,110798.0,,,,,,,,,,,,,,,,,,,,,,,,,,,0.0,0.0,,,,,,,,,,,,,,,,,,,,,,,,,,,,,,,,,,,,,,,,,,,,,,,,,,,,,,,,,,,,,,,,,,,,,,,,,0.0,,,,,,,,,,,,,,,,,,,,,,,,
Micronesia (country),1997,FSM,111152.0,,,,,,,,,,,,,,,,,,,,,,,,,,,0.0,0.0,,,,,,,,,,,,,,,,,,,,,,,,,,,,,,,,,,,,,,,,,,,,,,,,,,,,,,,,,,,,,,,,,,,,,,,,,0.0,,,,,,,,,,,,,,,,,,,,,,,,
Micronesia (country),1998,FSM,111424.0,,,,,,,,,,,,,,,,,,,,,,,,,,,0.0,0.0,,,,,,,,,,,,,,,,,,,,,,,,,,,,,,,,,,,,,,,,,,,,,,,,,,,,,,,,,,,,,,,,,,,,,,,,,0.0,,,,,,,,,,,,,,,,,,,,,,,,
Micronesia (country),1999,FSM,111553.0,,,,,,,,,,,,,,,,,,,,,,,,,,,0.0,0.0,,,,,,,,,,,,,,,,,,,,,,,,,,,,,,,,,,,,,,,,,,,,,,,,,,,,,,,,,,,,,,,,,,,,,,,,,0.0,,,,,,,,,,,,,,,,,,,,,,,,
Micronesia (country),2000,FSM,111725.0,,,,,,,,,,,,,,,,,,,,,,,,,,,0.526,4708.033,,,,,,,,,,,,,,,,,,,,,,,,,,,,,,,,,,,,,,,,,,,,,,,,,,,,,,,,,,,,,,,,,,,,,,,,,0.526,,,,,,,,,,,,,,,,,,,,,,,,
Micronesia (country),2001,FSM,111964.0,,,,,,,,,,,,,,,,,,,,,,,,,,13.614,0.072,5337.553,,,,,,,,,,,,,,,,,,,,,,,,,,,,,,,,,,,,,,,,,,,,,,,,,,,,,,,,,,,,,,,,,,,,,,,,,0.598,,,,,,,,,,,,,,,,,,,,,,,,
Micronesia (country),2002,FSM,112005.0,,,,,,,,,,,,,,,,,,,,,,,,,,-6.984,-0.042,4962.981,,,,,,,,,,,,,,,,,,,,,,,,,,,,,,,,,,,,,,,,,,,,,,,,,,,,,,,,,,,,,,,,,,,,,,,,,0.556,,,,,,,,,,,,,,,,,,,,,,,,
Micronesia (country),2003,FSM,111821.0,,,,,,,,,,,,,,,,,,,,,,,,,,7.85,0.044,5361.374,,,,,,,,,,,,,,,,,,,,,,,,,,,,,,,,,,,,,,,,,,,,,,,,,,,,,,,,,,,,,,,,,,,,,,,,,0.6,,,,,,,,,,,,,,,,,,,,,,,,
Micronesia (country),2004,FSM,111447.0,,,,,,,,,,,,,,,,,,,,,,,,,,-3.768,-0.023,5176.646,,,,,,,,,,,,,,,,,,,,,,,,,,,,,,,,,,,,,,,,,,,,,,,,,,,,,,,,,,,,,,,,,,,,,,,,,0.577,,,,,,,,,,,,,,,,,,,,,,,,
Micronesia (country),2005,FSM,110957.0,,,,,,,,,,,,,,,,,,,,,,,,,,-14.662,-0.085,4437.15,,,,,,,,,,,,,,,,,,,,,,,,,,,,,,,,,,,,,,,,,,,,,,,,,,,,,,,,,,,,,,,,,,,,,,,,,0.492,,,,,,,,,,,,,,,,,,,,,,,,
