country,year,iso_code,population,gdp,biofuel_cons_change_pct,biofuel_cons_change_twh,biofuel_cons_per_capita,biofuel_consumption,biofuel_elec_per_capita,biofuel_electricity,biofuel_share_elec,biofuel_share_energy,carbon_intensity_elec,coal_cons_change_pct,coal_cons_change_twh,coal_cons_per_capita,coal_consumption,coal_elec_per_capita,coal_electricity,coal_prod_change_pct,coal_prod_change_twh,coal_prod_per_capita,coal_production,coal_share_elec,coal_share_energy,electricity_demand,electricity_generation,electricity_share_energy,energy_cons_change_pct,energy_cons_change_twh,energy_per_capita,energy_per_gdp,fossil_cons_change_pct,fossil_cons_change_twh,fossil_elec_per_capita,fossil_electricity,fossil_energy_per_capita,fossil_fuel_consumption,fossil_share_elec,fossil_share_energy,gas_cons_change_pct,gas_cons_change_twh,gas_consumption,gas_elec_per_capita,gas_electricity,gas_energy_per_capita,gas_prod_change_pct,gas_prod_change_twh,gas_prod_per_capita,gas_production,gas_share_elec,gas_share_energy,greenhouse_gas_emissions,hydro_cons_change_pct,hydro_cons_change_twh,hydro_consumption,hydro_elec_per_capita,hydro_electricity,hydro_energy_per_capita,hydro_share_elec,hydro_share_energy,low_carbon_cons_change_pct,low_carbon_cons_change_twh,low_carbon_consumption,low_carbon_elec_per_capita,low_carbon_electricity,low_carbon_energy_per_capita,low_carbon_share_elec,low_carbon_share_energy,net_elec_imports,net_elec_imports_share_demand,nuclear_cons_change_pct,nuclear_cons_change_twh,nuclear_consumption,nuclear_elec_per_capita,nuclear_electricity,nuclear_energy_per_capita,nuclear_share_elec,nuclear_share_energy,oil_cons_change_pct,oil_cons_change_twh,oil_consumption,oil_elec_per_capita,oil_electricity,oil_energy_per_capita,oil_prod_change_pct,oil_prod_change_twh,oil_prod_per_capita,oil_production,oil_share_elec,oil_share_energy,other_renewable_consumption,other_renewable_electricity,other_renewable_exc_biofuel_electricity,other_renewables_cons_change_pct,other_renewables_cons_change_twh,other_renewables_elec_per_capita,other_renewables_elec_per_capita_exc_biofuel,other_renewables_energy_per_capita,other_renewables_share_elec,other_renewables_share_elec_exc_biofuel,other_renewables_share_energy,per_capita_electricity,primary_energy_consumption,renewables_cons_change_pct,renewables_cons_change_twh,renewables_consumption,renewables_elec_per_capita,renewables_electricity,renewables_energy_per_capita,renewables_share_elec,renewables_share_energy,solar_cons_change_pct,solar_cons_change_twh,solar_consumption,solar_elec_per_capita,solar_electricity,solar_energy_per_capita,solar_share_elec,solar_share_energy,wind_cons_change_pct,wind_cons_change_twh,wind_consumption,wind_elec_per_capita,wind_electricity,wind_energy_per_capita,wind_share_elec,wind_share_energy
Saint Helena,1992,SHN,6541,,,,,,,,,,,,,,,,,,0.0,0.0,0.0,,,,,,0.029,0.0,1946.749,,,,,,,,,,,,,,,,,0.0,0.0,0.0,,,,,,,,,,,,,,,,,,,,,,,,,,,,,,,,,,,,,0.0,0.0,0.0,,,,,,,,,,,,,,,0.013,,,,,,,,,,,,,,,,,,,,,,,,
Saint Helena,1993,SHN,6482,,,,,,,,,,,,,,,,,,0.0,0.0,0.0,,,,,,-0.029,-0.0,1963.908,,,,,,,,,,,,,,,,,0.0,0.0,0.0,,,,,,,,,,,,,,,,,,,,,,,,,,,,,,,,,,,,,0.0,0.0,0.0,,,,,,,,,,,,,,,0.013,,,,,,,,,,,,,,,,,,,,,,,,
Saint Helena,1994,SHN,6429,,,,,,,,,,,,,,,,,,0.0,0.0,0.0,,,,,,0.0,0.0,1980.098,,,,,,,,,,,,,,,,,0.0,0.0,0.0,,,,,,,,,,,,,,,,,,,,,,,,,,,,,,,,,,,,,0.0,0.0,0.0,,,,,,,,,,,,,,,0.013,,,,,,,,,,,,,,,,,,,,,,,,
Saint Helena,1995,SHN,6367,,,,,,,,,,,,,,,,,,0.0,0.0,0.0,,,,,,0.0,0.0,1999.38,,,,,,,,,,,,,,,,,0.0,0.0,0.0,,,,,,,,,,,,,,,,,,,,,,,,,,,,,,,,,,,,,0.0,0.0,0.0,,,,,,,,,,,,,,,0.013,,,,,,,,,,,,,,,,,,,,,,,,
Saint Helena,1996,SHN,6312,,,,,,,,,,,,,,,,,,0.0,0.0,0.0,,,,,,0.029,0.0,2017.377,,,,,,,,,,,,,,,,,0.0,0.0,0.0,,,,,,,,,,,,,,,,,,,,,,,,,,,,,,,,,,,,,0.0,0.0,0.0,,,,,,,,,,,,,,,0.013,,,,,,,,,,,,,,,,,,,,,,,,
Saint Helena,1997,SHN,6251,,,,,,,,,,,,,,,,,,0.0,0.0,0.0,,,,,,-0.029,-0.0,2036.482,,,,,,,,,,,,,,,,,0.0,0.0,0.0,,,,,,,,,,,,,,,,,,,,,,,,,,,,,,,,,,,,,0.0,0.0,0.0,,,,,,,,,,,,,,,0.013,,,,,,,,,,,,,,,,,,,,,,,,
Saint Helena,1998,SHN,6183,,,,,,,,,,,,,,,,,,0.0,0.0,0.0,,,,,,0.0,0.0,2058.879,,,,,,,,,,,,,,,,,0.0,0.0,0.0,,,,,,,,,,,,,,,,,,,,,,,,,,,,,,,,,,,,,0.0,0.0,0.0,,,,,,,,,,,,,,,0.013,,,,,,,,,,,,,,,,,,,,,,,,
Saint Helena,1999,SHN,6115,,,,,,,,,,,,,,,,,,0.0,0.0,0.0,,,,,,0.041,0.0,2082.626,,,,,,,,,,,,,,,,,0.0,0.0,0.0,,,,,,,,,,,,,,,,,,,,,,,,,,,,,,,,,,,,,0.0,0.0,0.0,,,,,,,,,,,,,,,0.013,,,,,,,,,,,,,,,,,,,,,,,,
Saint Helena,2000,SHN,6048,,,,,,,,,,,,,,,,,,0.0,0.0,0.0,,,0.0,0.0,,303.977,0.039,8506.533,,,,0.0,0.0,,,,,,,,,,,,0.0,0.0,0.0,,,0.0,,,,0.0,0.0,,,,,,,0.0,0.0,,,,0.0,,,,,0.0,0.0,,,,,,,,,,,0.0,0.0,0.0,,,,,0.0,,,,0.0,,,,,0.0,0.051,,,,0.0,0.0,,,,,,,0.0,0.0,,,,,,,0.0,0.0,,,
Saint Helena,2001,SHN,5971,,,,,,,,,,,,,,,,,,0.0,0.0,0.0,,,0.0,0.0,,-0.146,-0.0,8603.607,,,,0.0,0.0,,,,,,,,,,,,0.0,0.0,0.0,,,0.0,,,,0.0,0.0,,,,,,,0.0,0.0,,,,0.0,,,,,0.0,0.0,,,,,,,,,,,0.0,0.0,0.0,,,,,0.0,,,,0.0,,,,,0.0,0.051,,,,0.0,0.0,,,,,,,0.0,0.0,,,,,,,0.0,0.0,,,
Saint Helena,2002,SHN,5875,,,,,,,,,,,,,,,,,,0.0,0.0,0.0,,,0.0,0.0,,4.276,0.002,9118.104,,,,0.0,0.0,,,,,,,,,,,,0.0,0.0,0.0,,,0.0,,,,0.0,0.0,,,,,,,0.0,0.0,,,,0.0,,,,,0.0,0.0,,,,,,,,,,,0.0,0.0,0.0,,,,,0.0,,,,0.0,,,,,0.0,0.054,,,,0.0,0.0,,,,,,,0.0,0.0,,,,,,,0.0,0.0,,,
Saint Helena,2003,SHN,5771,,,,,,,,,,,,,,,,,,0.0,0.0,0.0,,,0.0,0.0,,-1.062,-0.001,9183.842,,,,0.0,0.0,,,,,,,,,,,,0.0,0.0,0.0,,,0.0,,,,0.0,0.0,,,,,,,0.0,0.0,,,,0.0,,,,,0.0,0.0,,,,,,,,,,,0.0,0.0,0.0,,,,,0.0,,,,0.0,,,,,0.0,0.053,,,,0.0,0.0,,,,,,,0.0,0.0,,,,,,,0.0,0.0,,,
Saint Helena,2004,SHN,5664,,,,,,,,,,,,,,,,,,0.0,0.0,0.0,,,0.0,0.0,,-34.726,-0.018,6107.953,,,,0.0,0.0,,,,,,,,,,,,0.0,0.0,0.0,,,0.0,,,,0.0,0.0,,,,,,,0.0,0.0,,,,0.0,,,,,0.0,0.0,,,,,,,,,,,0.0,0.0,0.0,,,,,0.0,,,,0.0,,,,,0.0,0.035,,,,0.0,0.0,,,,,,,0.0,0.0,,,,,,,0.0,0.0,,,
Saint Helena,2005,SHN,5557,,,,,,,,,,,,,,,,,,0.0,0.0,0.0,,,0.0,0.0,,24.812,0.009,7770.241,,,,0.0,0.0,,,,,,,,,,,,0.0,0.0,0.0,,,0.0,,,,0.0,0.0,,,,,,,0.0,0.0,,,,0.0,,,,,0.0,0.0,,,,,,,,,,,0.0,0.0,0.0,,,,,0.0,,,,0.0,,,,,0.0,0.043,,,,0.0,0.0,,,,,,,0.0,0.0,,,,,,,0.0,0.0,,,
Saint Helena,2006,SHN,5448,,,,,,,,,,,,,,,,,,0.0,0.0,0.0,,,0.0,0.0,,-7.898,-0.003,7299.722,,,,0.0,0.0,,,,,,,,,,,,0.0,0.0,0.0,,,0.0,,,,0.0,0.0,,,,,,,0.0,0.0,,,,0.0,,,,,0.0,0.0,,,,,,,,,,,0.0,0.0,0.0,,,,,0.0,,,,0.0,,,,,0.0,0.04,,,,0.0,0.0,,,,,,,0.0,0.0,,,,,,,0.0,0.0,,,
Saint Helena,2007,SHN,5338,,,,,,,,,,,,,,,,,,0.0,0.0,0.0,,,0.0,0.0,,26.699,0.011,9439.257,,,,0.0,0.0,,,,,,,,,,,,0.0,0.0,0.0,,,0.0,,,,0.0,0.0,,,,,,,0.0,0.0,,,,0.0,,,,,0.0,0.0,,,,,,,,,,,0.0,0.0,0.0,,,,,0.0,,,,0.0,,,,,0.0,0.05,,,,0.0,0.0,,,,,,,0.0,0.0,,,,,,,0.0,0.0,,,
Saint Helena,2008,SHN,5282,,,,,,,,,,,,,,,,,,0.0,0.0,0.0,,,0.0,0.0,,-18.616,-0.009,7763.481,,,,0.0,0.0,,,,,,,,,,,,0.0,0.0,0.0,,,0.0,,,,0.0,0.0,,,,,,,0.0,0.0,,,,0.0,,,,,0.0,0.0,,,,,,,,,,,0.0,0.0,0.0,,,,,0.0,,,,0.0,,,,,0.0,0.041,,,,0.0,0.0,,,,,,,0.0,0.0,,,,,,,0.0,0.0,,,
Saint Helena,2009,SHN,5306,,,,,,,,,,,,,,,,,,0.0,0.0,0.0,,,0.0,0.0,,-5.966,-0.002,7267.258,,,,0.0,0.0,,,,,,,,,,,,0.0,0.0,0.0,,,0.0,,,,0.0,0.0,,,,,,,0.0,0.0,,,,0.0,,,,,0.0,0.0,,,,,,,,,,,0.0,0.0,0.0,,,,,0.0,,,,0.0,,,,,0.0,0.039,,,,0.0,0.0,,,,,,,0.0,0.0,,,,,,,0.0,0.0,,,
Saint Helena,2010,SHN,5338,,,,,,,,,,,,,,,,,,0.0,0.0,0.0,,,0.0,0.0,,13.373,0.005,8189.737,,,,0.0,0.0,,,,,,,,,,,,0.0,0.0,0.0,,,0.0,,,,0.0,0.0,,,,,,,0.0,0.0,,,,0.0,,,,,0.0,0.0,,,,,,,,,,,0.0,0.0,0.0,,,,,0.0,,,,0.0,,,,,0.0,0.044,,,,0.0,0.0,,,,,,,0.0,0.0,,,,,,,0.0,0.0,,,
Saint Helena,2011,SHN,5377,,,,,,,,,,,,,,,,,,0.0,0.0,0.0,,,0.0,0.0,,-2.166,-0.001,7954.215,,,,0.0,0.0,,,,,,,,,,,,0.0,0.0,0.0,,,0.0,,,,0.0,0.0,,,,,,,0.0,0.0,,,,0.0,,,,,0.0,0.0,,,,,,,,,,,0.0,0.0,0.0,,,,,0.0,,,,0.0,,,,,0.0,0.043,,,,0.0,0.0,,,,,,,0.0,0.0,,,,,,,0.0,0.0,,,
Saint Helena,2012,SHN,5410,,,,,,,,,,,,,,,,,,0.0,0.0,0.0,,,0.0,0.0,,10.775,0.005,8757.543,,,,0.0,0.0,,,,,,,,,,,,0.0,0.0,0.0,,,0.0,,,,0.0,0.0,,,,,,,0.0,0.0,,,,0.0,,,,,0.0,0.0,,,,,,,,,,,0.0,0.0,0.0,,,,,0.0,,,,0.0,,,,,0.0,0.047,,,,0.0,0.0,,,,,,,0.0,0.0,,,,,,,0.0,0.0,,,
Saint Helena,2013,SHN,5446,,,,,,,,,,,,,,,,,,0.0,0.0,0.0,,,0.0,0.0,,-4.074,-0.002,8345.24,,,,0.0,0.0,,,,,,,,,,,,0.0,0.0,0.0,,,0.0,,,,0.0,0.0,,,,,,,0.0,0.0,,,,0.0,,,,,0.0,0.0,,,,,,,,,,,0.0,0.0,0.0,,,,,0.0,,,,0.0,,,,,0.0,0.045,,,,0.0,0.0,,,,,,,0.0,0.0,,,,,,,0.0,0.0,,,
Saint Helena,2014,SHN,5480,,,,,,,,,,,,,,,,,,0.0,0.0,0.0,,,0.0,0.0,,-5.07,-0.002,7872.981,,,,0.0,0.0,,,,,,,,,,,,0.0,0.0,0.0,,,0.0,,,,0.0,0.0,,,,,,,0.0,0.0,,,,0.0,,,,,0.0,0.0,,,,,,,,,,,0.0,0.0,0.0,,,,,0.0,,,,0.0,,,,,0.0,0.043,,,,0.0,0.0,,,,,,,0.0,0.0,,,,,,,0.0,0.0,,,
Saint Helena,2015,SHN,5520,,,,,,,,,,,,,,,,,,0.0,0.0,0.0,,,0.0,0.0,,-8.976,-0.004,7114.407,,,,0.0,0.0,,,,,,,,,,,,0.0,0.0,0.0,,,0.0,,,,0.0,0.0,,,,,,,0.0,0.0,,,,0.0,,,,,0.0,0.0,,,,,,,,,,,0.0,0.0,0.0,,,,,0.0,,,,0.0,,,,,0.0,0.039,,,,0.0,0.0,,,,,,,0.0,0.0,,,,,,,0.0,0.0,,,
Saint Helena,2016,SHN,5533,,,,,,,,,,,,,,,,,,0.0,0.0,0.0,,,0.0,0.0,,0.746,0.0,7150.659,,,,0.0,0.0,,,,,,,,,,,,0.0,0.0,0.0,,,0.0,,,,0.0,0.0,,,,,,,0.0,0.0,,,,0.0,,,,,0.0,0.0,,,,,,,,,,,0.0,0.0,0.0,,,,,0.0,,,,0.0,,,,,0.0,0.04,,,,0.0,0.0,,,,,,,0.0,0.0,,,,,,,0.0,0.0,,,
Saint Helena,2017,SHN,5521,,,,,,,,,,,,,,,,,,,,,,,0.0,0.0,,6.924,0.003,7662.386,,,,0.0,0.0,,,,,,,,,,,,,,,,,0.0,,,,0.0,0.0,,,,,,,0.0,0.0,,,,0.0,,,,,0.0,0.0,,,,,,,,,,,,,,,,,,0.0,,,,0.0,,,,,0.0,0.042,,,,0.0,0.0,,,,,,,0.0,0.0,,,,,,,0.0,0.0,,,
Saint Helena,2018,SHN,5494,,,,,,,,,,,,,,,,,,,,,,,0.0,0.0,,-6.021,-0.003,7236.438,,,,0.0,0.0,,,,,,,,,,,,,,,,,0.0,,,,0.0,0.0,,,,,,,0.0,0.0,,,,0.0,,,,,0.0,0.0,,,,,,,,,,,,,,,,,,0.0,,,,0.0,,,,,0.0,0.04,,,,0.0,0.0,,,,,,,0.0,0.0,,,,,,,0.0,0.0,,,
Saint Helena,2019,SHN,5470,,,,,,,,,,,,,,,,,,,,,,,0.0,0.0,,35.236,0.014,9829.213,,,,0.0,0.0,,,,,,,,,,,,,,,,,0.0,,,,0.0,0.0,,,,,,,0.0,0.0,,,,0.0,,,,,0.0,0.0,,,,,,,,,,,,,,,,,,0.0,,,,0.0,,,,,0.0,0.054,,,,0.0,0.0,,,,,,,0.0,0.0,,,,,,,0.0,0.0,,,
Saint Helena,2020,SHN,5448,,,,,,,,,,,,,,,,,,,,,,,0.0,0.0,,-4.533,-0.002,9421.581,,,,0.0,0.0,,,,,,,,,,,,,,,,,0.0,,,,0.0,0.0,,,,,,,0.0,0.0,,,,0.0,,,,,0.0,0.0,,,,,,,,,,,,,,,,,,0.0,,,,0.0,,,,,0.0,0.051,,,,0.0,0.0,,,,,,,0.0,0.0,,,,,,,0.0,0.0,,,
Saint Helena,2021,SHN,5428,,,,,,,,,,,,,,,,,,,,,,,0.0,0.0,,5.533,0.003,9979.507,,,,0.0,0.0,,,,,,,,,,,,,,,,,0.0,,,,0.0,0.0,,,,,,,0.0,0.0,,,,0.0,,,,,0.0,0.0,,,,,,,,,,,,,,,,,,0.0,,,,0.0,,,,,0.0,0.054,,,,0.0,0.0,,,,,,,0.0,0.0,,,,,,,0.0,0.0,,,
Saint Kitts and Nevis,1980,KNA,43117,,,,,,,,,,,,,,,,,,,0.0,0.0,,,,,,,,5611.1,,,,,,,,,,,,,,,,,,0.0,0.0,,,,,,,,,,,,,,,,,,,,,,,,,,,,,,,,,,,,,,0.0,0.0,,,,,,,,,,,,,,,0.242,,,,,,,,,,,,,,,,,,,,,,,,
Saint Kitts and Nevis,1981,KNA,42971,,,,,,,,,,,,,,,,,,0.0,0.0,0.0,,,,,,-0.273,-0.001,5614.782,,,,,,,,,,,,,,,,,0.0,0.0,0.0,,,,,,,,,,,,,,,,,,,,,,,,,,,,,,,,,,,,,0.0,0.0,0.0,,,,,,,,,,,,,,,0.241,,,,,,,,,,,,,,,,,,,,,,,,
Saint Kitts and Nevis,1982,KNA,42816,,,,,,,,,,,,,,,,,,0.0,0.0,0.0,,,,,,0.0,0.0,5635.108,,,,,,,,,,,,,,,,,0.0,0.0,0.0,,,,,,,,,,,,,,,,,,,,,,,,,,,,,,,,,,,,,0.0,0.0,0.0,,,,,,,,,,,,,,,0.241,,,,,,,,,,,,,,,,,,,,,,,,
Saint Kitts and Nevis,1983,KNA,42627,,,,,,,,,,,,,,,,,,0.0,0.0,0.0,,,,,,0.0,0.0,5660.093,,,,,,,,,,,,,,,,,0.0,0.0,0.0,,,,,,,,,,,,,,,,,,,,,,,,,,,,,,,,,,,,,0.0,0.0,0.0,,,,,,,,,,,,,,,0.241,,,,,,,,,,,,,,,,,,,,,,,,
Saint Kitts and Nevis,1984,KNA,42402,,,,,,,,,,,,,,,,,,0.0,0.0,0.0,,,,,,0.274,0.001,5705.716,,,,,,,,,,,,,,,,,0.0,0.0,0.0,,,,,,,,,,,,,,,,,,,,,,,,,,,,,,,,,,,,,0.0,0.0,0.0,,,,,,,,,,,,,,,0.242,,,,,,,,,,,,,,,,,,,,,,,,
Saint Kitts and Nevis,1985,KNA,42170,,,,,,,,,,,,,,,,,,0.0,0.0,0.0,,,,,,-0.273,-0.001,5721.432,,,,,,,,,,,,,,,,,0.0,0.0,0.0,,,,,,,,,,,,,,,,,,,,,,,,,,,,,,,,,,,,,0.0,0.0,0.0,,,,,,,,,,,,,,,0.241,,,,,,,,,,,,,,,,,,,,,,,,
Saint Kitts and Nevis,1986,KNA,41910,,,,,,,,,,,,,,,,,,0.0,0.0,0.0,,,,,,-14.412,-0.035,4927.209,,,,,,,,,,,,,,,,,0.0,0.0,0.0,,,,,,,,,,,,,,,,,,,,,,,,,,,,,,,,,,,,,0.0,0.0,0.0,,,,,,,,,,,,,,,0.206,,,,,,,,,,,,,,,,,,,,,,,,
Saint Kitts and Nevis,1987,KNA,41643,,,,,,,,,,,,,,,,,,0.0,0.0,0.0,,,,,,0.0,0.0,4958.801,,,,,,,,,,,,,,,,,0.0,0.0,0.0,,,,,,,,,,,,,,,,,,,,,,,,,,,,,,,,,,,,,0.0,0.0,0.0,,,,,,,,,,,,,,,0.206,,,,,,,,,,,,,,,,,,,,,,,,
Saint Kitts and Nevis,1988,KNA,41341,,,,,,,,,,,,,,,,,,0.0,0.0,0.0,,,,,,6.462,0.013,5317.798,,,,,,,,,,,,,,,,,0.0,0.0,0.0,,,,,,,,,,,,,,,,,,,,,,,,,,,,,,,,,,,,,0.0,0.0,0.0,,,,,,,,,,,,,,,0.22,,,,,,,,,,,,,,,,,,,,,,,,
Saint Kitts and Nevis,1989,KNA,41015,,,,,,,,,,,,,,,,,,0.0,0.0,0.0,,,,,,-0.226,-0.0,5347.935,,,,,,,,,,,,,,,,,0.0,0.0,0.0,,,,,,,,,,,,,,,,,,,,,,,,,,,,,,,,,,,,,0.0,0.0,0.0,,,,,,,,,,,,,,,0.219,,,,,,,,,,,,,,,,,,,,,,,,
Saint Kitts and Nevis,1990,KNA,40663,,,,,,,,,,,,,,,,,,0.0,0.0,0.0,,,,,,0.0,0.0,5394.229,,,,,,,,,,,,,,,,,0.0,0.0,0.0,,,,,,,,,,,,,,,,,,,,,,,,,,,,,,,,,,,,,0.0,0.0,0.0,,,,,,,,,,,,,,,0.219,,,,,,,,,,,,,,,,,,,,,,,,
Saint Kitts and Nevis,1991,KNA,40562,,,,,,,,,,,,,,,,,,0.0,0.0,0.0,,,,,,34.264,0.075,7260.546,,,,,,,,,,,,,,,,,0.0,0.0,0.0,,,,,,,,,,,,,,,,,,,,,,,,,,,,,,,,,,,,,0.0,0.0,0.0,,,,,,,,,,,,,,,0.295,,,,,,,,,,,,,,,,,,,,,,,,
Saint Kitts and Nevis,1992,KNA,40924,,,,,,,,,,,,,,,,,,0.0,0.0,0.0,,,,,,0.226,0.001,7212.62,,,,,,,,,,,,,,,,,0.0,0.0,0.0,,,,,,,,,,,,,,,,,,,,,,,,,,,,,,,,,,,,,0.0,0.0,0.0,,,,,,,,,,,,,,,0.295,,,,,,,,,,,,,,,,,,,,,,,,
Saint Kitts and Nevis,1993,KNA,41470,,,,,,,,,,,,,,,,,,0.0,0.0,0.0,,,,,,21.953,0.065,8680.2,,,,,,,,,,,,,,,,,0.0,0.0,0.0,,,,,,,,,,,,,,,,,,,,,,,,,,,,,,,,,,,,,0.0,0.0,0.0,,,,,,,,,,,,,,,0.36,,,,,,,,,,,,,,,,,,,,,,,,
Saint Kitts and Nevis,1994,KNA,42029,,,,,,,,,,,,,,,,,,0.0,0.0,0.0,,,,,,17.31,0.062,10047.312,,,,,,,,,,,,,,,,,0.0,0.0,0.0,,,,,,,,,,,,,,,,,,,,,,,,,,,,,,,,,,,,,0.0,0.0,0.0,,,,,,,,,,,,,,,0.422,,,,,,,,,,,,,,,,,,,,,,,,
Saint Kitts and Nevis,1995,KNA,42576,,,,,,,,,,,,,,,,,,0.0,0.0,0.0,,,,,,-14.756,-0.062,8454.714,,,,,,,,,,,,,,,,,0.0,0.0,0.0,,,,,,,,,,,,,,,,,,,,,,,,,,,,,,,,,,,,,0.0,0.0,0.0,,,,,,,,,,,,,,,0.36,,,,,,,,,,,,,,,,,,,,,,,,
Saint Kitts and Nevis,1996,KNA,43120,,,,,,,,,,,,,,,,,,0.0,0.0,0.0,,,,,,17.631,0.063,9819.931,,,,,,,,,,,,,,,,,0.0,0.0,0.0,,,,,,,,,,,,,,,,,,,,,,,,,,,,,,,,,,,,,0.0,0.0,0.0,,,,,,,,,,,,,,,0.423,,,,,,,,,,,,,,,,,,,,,,,,
Saint Kitts and Nevis,1997,KNA,43681,,,,,,,,,,,,,,,,,,0.0,0.0,0.0,,,,,,-0.273,-0.001,9667.326,,,,,,,,,,,,,,,,,0.0,0.0,0.0,,,,,,,,,,,,,,,,,,,,,,,,,,,,,,,,,,,,,0.0,0.0,0.0,,,,,,,,,,,,,,,0.422,,,,,,,,,,,,,,,,,,,,,,,,
Saint Kitts and Nevis,1998,KNA,44256,,,,,,,,,,,,,,,,,,0.0,0.0,0.0,,,,,,0.0,0.0,9541.723,,,,,,,,,,,,,,,,,0.0,0.0,0.0,,,,,,,,,,,,,,,,,,,,,,,,,,,,,,,,,,,,,0.0,0.0,0.0,,,,,,,,,,,,,,,0.422,,,,,,,,,,,,,,,,,,,,,,,,
Saint Kitts and Nevis,1999,KNA,44852,,,,,,,,,,,,,,,,,,0.0,0.0,0.0,,,,,,0.0,0.0,9414.932,,,,,,,,,,,,,,,,,0.0,0.0,0.0,,,,,,,,,,,,,,,,,,,,,,,,,,,,,,,,,,,,,0.0,0.0,0.0,,,,,,,,,,,,,,,0.422,,,,,,,,,,,,,,,,,,,,,,,,
Saint Kitts and Nevis,2000,KNA,45492,,,,,,0.0,0.0,0.0,,666.667,,,,,0.0,0.0,,0.0,0.0,0.0,0.0,,0.09,0.09,,82.638,0.349,16953.34,,,,1978.37,0.09,,,100.0,,,,,0.0,0.0,,,0.0,0.0,0.0,0.0,,0.06,,,,0.0,0.0,,0.0,,,,,0.0,0.0,,0.0,,0.0,0.0,,,,0.0,0.0,,0.0,,,,,1978.37,0.09,,,0.0,0.0,0.0,100.0,,,0.0,0.0,,,0.0,0.0,,0.0,0.0,,1978.37,0.771,,,,0.0,0.0,,0.0,,,,,0.0,0.0,,0.0,,,,,0.0,0.0,,0.0,
Saint Kitts and Nevis,2001,KNA,46013,,,,,,0.0,0.0,0.0,,666.667,,,,,0.0,0.0,,0.0,0.0,0.0,0.0,,0.09,0.09,,3.368,0.026,17325.975,,,,1955.969,0.09,,,100.0,,,,,0.0,0.0,,,0.0,0.0,0.0,0.0,,0.06,,,,0.0,0.0,,0.0,,,,,0.0,0.0,,0.0,,0.0,0.0,,,,0.0,0.0,,0.0,,,,,1955.969,0.09,,,0.0,0.0,0.0,100.0,,,0.0,0.0,,,0.0,0.0,,0.0,0.0,,1955.969,0.797,,,,0.0,0.0,,0.0,,,,,0.0,0.0,,0.0,,,,,0.0,0.0,,0.0,
Saint Kitts and Nevis,2002,KNA,46288,,,,,,0.0,0.0,0.0,,700.0,,,,,0.0,0.0,,0.0,0.0,0.0,0.0,,0.1,0.1,,9.4,0.075,18841.998,,,,2160.387,0.1,,,100.0,,,,,0.0,0.0,,,0.0,0.0,0.0,0.0,,0.07,,,,0.0,0.0,,0.0,,,,,0.0,0.0,,0.0,,0.0,0.0,,,,0.0,0.0,,0.0,,,,,2160.387,0.1,,,0.0,0.0,0.0,100.0,,,0.0,0.0,,,0.0,0.0,,0.0,0.0,,2160.387,0.872,,,,0.0,0.0,,0.0,,,,,0.0,0.0,,0.0,,,,,0.0,0.0,,0.0,
Saint Kitts and Nevis,2003,KNA,46456,,,,,,0.0,0.0,0.0,,666.667,,,,,0.0,0.0,,0.0,0.0,0.0,0.0,,0.12,0.12,,0.161,0.001,18804.082,,,,2583.089,0.12,,,100.0,,,,,0.0,0.0,,,0.0,0.0,0.0,0.0,,0.08,,,,0.0,0.0,,0.0,,,,,0.0,0.0,,0.0,,0.0,0.0,,,,0.0,0.0,,0.0,,,,,2583.089,0.12,,,0.0,0.0,0.0,100.0,,,0.0,0.0,,,0.0,0.0,,0.0,0.0,,2583.089,0.874,,,,0.0,0.0,,0.0,,,,,0.0,0.0,,0.0,,,,,0.0,0.0,,0.0,
Saint Kitts and Nevis,2004,KNA,46602,,,,,,0.0,0.0,0.0,,666.667,,,,,0.0,0.0,,0.0,0.0,0.0,0.0,,0.12,0.12,,8.154,0.071,20273.662,,,,2574.997,0.12,,,100.0,,,,,0.0,0.0,,,0.0,0.0,0.0,0.0,,0.08,,,,0.0,0.0,,0.0,,,,,0.0,0.0,,0.0,,0.0,0.0,,,,0.0,0.0,,0.0,,,,,2574.997,0.12,,,0.0,0.0,0.0,100.0,,,0.0,0.0,,,0.0,0.0,,0.0,0.0,,2574.997,0.945,,,,0.0,0.0,,0.0,,,,,0.0,0.0,,0.0,,,,,0.0,0.0,,0.0,
Saint Kitts and Nevis,2005,KNA,46752,,,,,,0.0,0.0,0.0,,692.308,,,,,0.0,0.0,,0.0,0.0,0.0,0.0,,0.13,0.13,,-6.835,-0.065,18827.416,,,,2780.63,0.13,,,100.0,,,,,0.0,0.0,,,0.0,0.0,0.0,0.0,,0.09,,,,0.0,0.0,,0.0,,,,,0.0,0.0,,0.0,,0.0,0.0,,,,0.0,0.0,,0.0,,,,,2780.63,0.13,,,0.0,0.0,0.0,100.0,,,0.0,0.0,,,0.0,0.0,,0.0,0.0,,2780.63,0.88,,,,0.0,0.0,,0.0,,,,,0.0,0.0,,0.0,,,,,0.0,0.0,,0.0,
Saint Kitts and Nevis,2006,KNA,46900,,,,,,0.0,0.0,0.0,,692.308,,,,,0.0,0.0,,0.0,0.0,0.0,0.0,,0.13,0.13,,3.627,0.032,19448.727,,,,2771.855,0.13,,,100.0,,,,,0.0,0.0,,,0.0,0.0,0.0,0.0,,0.09,,,,0.0,0.0,,0.0,,,,,0.0,0.0,,0.0,,0.0,0.0,,,,0.0,0.0,,0.0,,,,,2771.855,0.13,,,0.0,0.0,0.0,100.0,,,0.0,0.0,,,0.0,0.0,,0.0,0.0,,2771.855,0.912,,,,0.0,0.0,,0.0,,,,,0.0,0.0,,0.0,,,,,0.0,0.0,,0.0,
Saint Kitts and Nevis,2007,KNA,47038,,,,,,0.0,0.0,0.0,,687.5,,,,,0.0,0.0,,0.0,0.0,0.0,0.0,,0.16,0.16,,5.729,0.052,20502.656,,,,3401.505,0.16,,,100.0,,,,,0.0,0.0,,,0.0,0.0,0.0,0.0,,0.11,,,,0.0,0.0,,0.0,,,,,0.0,0.0,,0.0,,0.0,0.0,,,,0.0,0.0,,0.0,,,,,3401.505,0.16,,,0.0,0.0,0.0,100.0,,,0.0,0.0,,,0.0,0.0,,0.0,0.0,,3401.505,0.964,,,,0.0,0.0,,0.0,,,,,0.0,0.0,,0.0,,,,,0.0,0.0,,0.0,
Saint Kitts and Nevis,2008,KNA,47180,,,,,,0.0,0.0,0.0,,705.882,,,,,0.0,0.0,,0.0,0.0,0.0,0.0,,0.17,0.17,,-0.113,-0.001,20417.77,,,,3603.222,0.17,,,100.0,,,,,0.0,0.0,,,0.0,0.0,0.0,0.0,,0.12,,,,0.0,0.0,,0.0,,,,,0.0,0.0,,0.0,,0.0,0.0,,,,0.0,0.0,,0.0,,,,,3603.222,0.17,,,0.0,0.0,0.0,100.0,,,0.0,0.0,,,0.0,0.0,,0.0,0.0,,3603.222,0.963,,,,0.0,0.0,,0.0,,,,,0.0,0.0,,0.0,,,,,0.0,0.0,,0.0,
Saint Kitts and Nevis,2009,KNA,47310,,,,,,0.0,0.0,0.0,,705.882,,,,,0.0,0.0,,0.0,0.0,0.0,0.0,,0.17,0.17,,2.33,0.022,20836.158,,,,3593.321,0.17,,,100.0,,,,,0.0,0.0,,,0.0,0.0,0.0,0.0,,0.12,,,,0.0,0.0,,0.0,,,,,0.0,0.0,,0.0,,0.0,0.0,,,,0.0,0.0,,0.0,,,,,3593.321,0.17,,,0.0,0.0,0.0,100.0,,,0.0,0.0,,,0.0,0.0,,0.0,0.0,,3593.321,0.986,,,,0.0,0.0,,0.0,,,,,0.0,0.0,,0.0,,,,,0.0,0.0,,0.0,
Saint Kitts and Nevis,2010,KNA,47429,,,,,,0.0,0.0,0.0,,722.222,,,,,0.0,0.0,,0.0,0.0,0.0,0.0,,0.18,0.18,,0.708,0.007,20931.088,,,,3795.146,0.18,,,100.0,,,,,0.0,0.0,,,0.0,0.0,0.0,0.0,,0.13,,,,0.0,0.0,,0.0,,,,,0.0,0.0,,0.0,,0.0,0.0,,,,0.0,0.0,,0.0,,,,,3795.146,0.18,,,0.0,0.0,0.0,100.0,,,0.0,0.0,,,0.0,0.0,,0.0,0.0,,3795.146,0.993,,,,0.0,0.0,,0.0,,,,,0.0,0.0,,0.0,,,,,0.0,0.0,,0.0,
Saint Kitts and Nevis,2011,KNA,47605,,,,,,0.0,0.0,0.0,,722.222,,,,,0.0,0.0,,0.0,0.0,0.0,0.0,,0.18,0.18,,4.786,0.048,21851.84,,,,3781.115,0.18,,,100.0,,,,,0.0,0.0,,,0.0,0.0,0.0,0.0,,0.13,,,,0.0,0.0,,0.0,,,,,0.0,0.0,,0.0,,0.0,0.0,,,,0.0,0.0,,0.0,,,,,3781.115,0.18,,,0.0,0.0,0.0,100.0,,,0.0,0.0,,,0.0,0.0,,0.0,0.0,,3781.115,1.04,,,,0.0,0.0,,0.0,,,,,0.0,0.0,,0.0,,,,,0.0,0.0,,0.0,
Saint Kitts and Nevis,2012,KNA,47754,,,,,,0.0,0.0,0.0,,650.0,,,,,0.0,0.0,,0.0,0.0,0.0,0.0,,0.2,0.2,,-0.497,-0.005,21675.412,,,,3978.724,0.19,,,95.0,,,,,0.0,0.0,,,0.0,0.0,0.0,0.0,,0.13,,,,0.0,0.0,,0.0,,,,,209.407,0.01,,5.0,,0.0,0.0,,,,0.0,0.0,,0.0,,,,,3978.724,0.19,,,0.0,0.0,0.0,95.0,,,0.0,0.0,,,0.0,0.0,,0.0,0.0,,4188.131,1.035,,,,209.407,0.01,,5.0,,,,,0.0,0.0,,0.0,,,,,209.407,0.01,,5.0,
Saint Kitts and Nevis,2013,KNA,47793,,,,,,0.0,0.0,0.0,,666.667,,,,,0.0,0.0,,0.0,0.0,0.0,0.0,,0.21,0.21,,-0.359,-0.004,21579.867,,,,4184.713,0.2,,,95.238,,,,,0.0,0.0,,,0.0,0.0,0.0,0.0,,0.14,,,,0.0,0.0,,0.0,,,,,209.236,0.01,,4.762,,0.0,0.0,,,,0.0,0.0,,0.0,,,,,4184.713,0.2,,,0.0,0.0,0.0,95.238,,,0.0,0.0,,,0.0,0.0,,0.0,0.0,,4393.949,1.031,,,,209.236,0.01,,4.762,,,,,0.0,0.0,,0.0,,,,,209.236,0.01,,4.762,
Saint Kitts and Nevis,2014,KNA,47816,,,,,,0.0,0.0,0.0,,666.667,,,,,0.0,0.0,,0.0,0.0,0.0,0.0,,0.21,0.21,,1.247,0.013,21838.453,,,,4182.7,0.2,,,95.238,,,,,0.0,0.0,,,0.0,0.0,0.0,0.0,,0.14,,,,0.0,0.0,,0.0,,,,,209.135,0.01,,4.762,,0.0,0.0,,,,0.0,0.0,,0.0,,,,,4182.7,0.2,,,0.0,0.0,0.0,95.238,,,0.0,0.0,,,0.0,0.0,,0.0,0.0,,4391.835,1.044,,,,209.135,0.01,,4.762,,,,,0.0,0.0,,0.0,,,,,209.135,0.01,,4.762,
Saint Kitts and Nevis,2015,KNA,47814,,,,,,0.0,0.0,0.0,,650.0,,,,,0.0,0.0,,0.0,0.0,0.0,0.0,,0.2,0.2,,2.375,0.025,22357.986,,,,3973.731,0.19,,,95.0,,,,,0.0,0.0,,,0.0,0.0,0.0,0.0,,0.13,,,,0.0,0.0,,0.0,,,,,209.144,0.01,,5.0,,0.0,0.0,,,,0.0,0.0,,0.0,,,,,3973.731,0.19,,,0.0,0.0,0.0,95.0,,,0.0,0.0,,,0.0,0.0,,0.0,0.0,,4182.875,1.069,,,,209.144,0.01,,5.0,,,,,0.0,0.0,,0.0,,,,,209.144,0.01,,5.0,
Saint Kitts and Nevis,2016,KNA,47814,,,,,,0.0,0.0,0.0,,666.667,,,,,0.0,0.0,,0.0,0.0,0.0,0.0,,0.21,0.21,,2.643,0.028,22948.984,,,,4182.875,0.2,,,95.238,,,,,0.0,0.0,,,0.0,0.0,0.0,0.0,,0.14,,,,0.0,0.0,,0.0,,,,,209.144,0.01,,4.762,,0.0,0.0,,,,0.0,0.0,,0.0,,,,,4182.875,0.2,,,0.0,0.0,0.0,95.238,,,0.0,0.0,,,0.0,0.0,,0.0,0.0,,4392.019,1.097,,,,209.144,0.01,,4.762,,,,,0.0,0.0,,0.0,,,,,209.144,0.01,,4.762,
Saint Kitts and Nevis,2017,KNA,47811,,,,,,0.0,0.0,0.0,,714.286,,,,,0.0,0.0,,,,,0.0,,0.21,0.21,,-0.048,-0.001,22939.449,,,,4392.294,0.21,,,100.0,,,,,0.0,0.0,,,,,,0.0,,0.15,,,,0.0,0.0,,0.0,,,,,0.0,0.0,,0.0,,0.0,0.0,,,,0.0,0.0,,0.0,,,,,4392.294,0.21,,,,,,100.0,,,0.0,0.0,,,0.0,0.0,,0.0,0.0,,4392.294,1.097,,,,0.0,0.0,,0.0,,,,,0.0,0.0,,0.0,,,,,0.0,0.0,,0.0,
Saint Kitts and Nevis,2018,KNA,47787,,,,,,0.0,0.0,0.0,,681.818,,,,,0.0,0.0,,,,,0.0,,0.22,0.22,,1.169,0.013,23219.201,,,,4394.5,0.21,,,95.455,,,,,0.0,0.0,,,,,,0.0,,0.15,,,,0.0,0.0,,0.0,,,,,209.262,0.01,,4.545,,0.0,0.0,,,,0.0,0.0,,0.0,,,,,4394.5,0.21,,,,,,95.455,,,0.0,0.0,,,0.0,0.0,,0.0,0.0,,4603.763,1.11,,,,209.262,0.01,,4.545,,,,,0.0,0.0,,0.0,,,,,209.262,0.01,,4.545,
Saint Kitts and Nevis,2019,KNA,47739,,,,,,0.0,0.0,0.0,,681.818,,,,,0.0,0.0,,,,,0.0,,0.22,0.22,,-0.032,-0.0,23235.219,,,,4398.919,0.21,,,95.455,,,,,0.0,0.0,,,,,,0.0,,0.15,,,,0.0,0.0,,0.0,,,,,209.472,0.01,,4.545,,0.0,0.0,,,,0.0,0.0,,0.0,,,,,4398.919,0.21,,,,,,95.455,,,0.0,0.0,,,0.0,0.0,,0.0,0.0,,4608.392,1.109,,,,209.472,0.01,,4.545,,,,,0.0,0.0,,0.0,,,,,209.472,0.01,,4.545,
Saint Kitts and Nevis,2020,KNA,47666,,,,,,0.0,0.0,0.0,,666.667,,,,,0.0,0.0,,,,,0.0,,0.21,0.21,,-15.59,-0.173,19642.783,,,,4195.863,0.2,,,95.238,,,,,0.0,0.0,,,,,,0.0,,0.14,,,,0.0,0.0,,0.0,,,,,209.793,0.01,,4.762,,0.0,0.0,,,,0.0,0.0,,0.0,,,,,4195.863,0.2,,,,,,95.238,,,0.0,0.0,,,0.0,0.0,,0.0,0.0,,4405.656,0.936,,,,209.793,0.01,,4.762,,,,,0.0,0.0,,0.0,,,,,209.793,0.01,,4.762,
Saint Kitts and Nevis,2021,KNA,47631,,,,,,0.0,0.0,0.0,,681.818,,,,,0.0,0.0,,,,,0.0,,0.22,0.22,,6.326,0.059,20900.703,,,,4408.894,0.21,,,95.455,,,,,0.0,0.0,,,,,,0.0,,0.15,,,,0.0,0.0,,0.0,,,,,209.947,0.01,,4.545,,0.0,0.0,,,,0.0,0.0,,0.0,,,,,4408.894,0.21,,,,,,95.455,,,0.0,0.0,,,0.0,0.0,,0.0,0.0,,4618.841,0.996,,,,209.947,0.01,,4.545,,,,,0.0,0.0,,0.0,,,,,209.947,0.01,,4.545,
Saint Lucia,1980,LCA,121651,367342016.0,,,,,,,,,,,,,,,,,,0.0,0.0,,,,,,,,3850.011,1.275,,,,,,,,,,,,,,,,,0.0,0.0,,,,,,,,,,,,,,,,,,,,,,,,,,,,,,,,,,,,,,0.0,0.0,,,,,,,,,,,,,,,0.468,,,,,,,,,,,,,,,,,,,,,,,,
Saint Lucia,1981,LCA,123929,378324000.0,,,,,,,,,,,,,,,,,0.0,0.0,0.0,,,,,,-25.205,-0.118,2826.687,0.926,,,,,,,,,,,,,,,,0.0,0.0,0.0,,,,,,,,,,,,,,,,,,,,,,,,,,,,,,,,,,,,,0.0,0.0,0.0,,,,,,,,,,,,,,,0.35,,,,,,,,,,,,,,,,,,,,,,,,
Saint Lucia,1982,LCA,126208,390852000.0,,,,,,,,,,,,,,,,,0.0,0.0,0.0,,,,,,33.333,0.117,3700.859,1.195,,,,,,,,,,,,,,,,0.0,0.0,0.0,,,,,,,,,,,,,,,,,,,,,,,,,,,,,,,,,,,,,0.0,0.0,0.0,,,,,,,,,,,,,,,0.467,,,,,,,,,,,,,,,,,,,,,,,,
Saint Lucia,1983,LCA,128455,410083008.0,,,,,,,,,,,,,,,,,0.0,0.0,0.0,,,,,,-12.5,-0.058,3181.607,0.997,,,,,,,,,,,,,,,,0.0,0.0,0.0,,,,,,,,,,,,,,,,,,,,,,,,,,,,,,,,,,,,,0.0,0.0,0.0,,,,,,,,,,,,,,,0.409,,,,,,,,,,,,,,,,,,,,,,,,
Saint Lucia,1984,LCA,130640,438987008.0,,,,,,,,,,,,,,,,,0.0,0.0,0.0,,,,,,0.274,0.001,3136.964,0.934,,,,,,,,,,,,,,,,0.0,0.0,0.0,,,,,,,,,,,,,,,,,,,,,,,,,,,,,,,,,,,,,0.0,0.0,0.0,,,,,,,,,,,,,,,0.41,,,,,,,,,,,,,,,,,,,,,,,,
Saint Lucia,1985,LCA,132770,472385984.0,,,,,,,,,,,,,,,,,0.0,0.0,0.0,,,,,,28.22,0.116,3957.692,1.112,,,,,,,,,,,,,,,,0.0,0.0,0.0,,,,,,,,,,,,,,,,,,,,,,,,,,,,,,,,,,,,,0.0,0.0,0.0,,,,,,,,,,,,,,,0.525,,,,,,,,,,,,,,,,,,,,,,,,
Saint Lucia,1986,LCA,134820,552881024.0,,,,,,,,,,,,,,,,,0.0,0.0,0.0,,,,,,0.33,0.002,3910.375,0.954,,,,,,,,,,,,,,,,0.0,0.0,0.0,,,,,,,,,,,,,,,,,,,,,,,,,,,,,,,,,,,,,0.0,0.0,0.0,,,,,,,,,,,,,,,0.527,,,,,,,,,,,,,,,,,,,,,,,,
Saint Lucia,1987,LCA,136792,566016000.0,,,,,,,,,,,,,,,,,0.0,0.0,0.0,,,,,,9.034,0.048,4202.155,1.016,,,,,,,,,,,,,,,,0.0,0.0,0.0,,,,,,,,,,,,,,,,,,,,,,,,,,,,,,,,,,,,,0.0,0.0,0.0,,,,,,,,,,,,,,,0.575,,,,,,,,,,,,,,,,,,,,,,,,
Saint Lucia,1988,LCA,138676,645164992.0,,,,,,,,,,,,,,,,,0.0,0.0,0.0,,,,,,27.652,0.159,5291.256,1.137,,,,,,,,,,,,,,,,0.0,0.0,0.0,,,,,,,,,,,,,,,,,,,,,,,,,,,,,,,,,,,,,0.0,0.0,0.0,,,,,,,,,,,,,,,0.734,,,,,,,,,,,,,,,,,,,,,,,,
Saint Lucia,1989,LCA,140471,692648000.0,,,,,,,,,,,,,,,,,0.0,0.0,0.0,,,,,,-0.244,-0.002,5210.877,1.057,,,,,,,,,,,,,,,,0.0,0.0,0.0,,,,,,,,,,,,,,,,,,,,,,,,,,,,,,,,,,,,,0.0,0.0,0.0,,,,,,,,,,,,,,,0.732,,,,,,,,,,,,,,,,,,,,,,,,
Saint Lucia,1990,LCA,142315,718014016.0,,,,,,,,,,,,,,,,,0.0,0.0,0.0,,,,,,0.0,0.0,5143.359,1.019,,,,,,,,,,,,,,,,0.0,0.0,0.0,,,,,,,,,,,,,,,,,,,,,,,,,,,,,,,,,,,,,0.0,0.0,0.0,,,,,,,,,,,,,,,0.732,,,,,,,,,,,,,,,,,,,,,,,,
Saint Lucia,1991,LCA,144287,732565376.0,,,,,,,,,,,,,,,,,0.0,0.0,0.0,,,,,,0.0,0.0,5073.063,0.999,,,,,,,,,,,,,,,,0.0,0.0,0.0,,,,,,,,,,,,,,,,,,,,,,,,,,,,,,,,,,,,,0.0,0.0,0.0,,,,,,,,,,,,,,,0.732,,,,,,,,,,,,,,,,,,,,,,,,
Saint Lucia,1992,LCA,146433,808957696.0,,,,,,,,,,,,,,,,,0.0,0.0,0.0,,,,,,0.245,0.002,5010.962,0.907,,,,,,,,,,,,,,,,0.0,0.0,0.0,,,,,,,,,,,,,,,,,,,,,,,,,,,,,,,,,,,,,0.0,0.0,0.0,,,,,,,,,,,,,,,0.734,,,,,,,,,,,,,,,,,,,,,,,,
Saint Lucia,1993,LCA,148610,829979968.0,,,,,,,,,,,,,,,,,0.0,0.0,0.0,,,,,,-0.244,-0.002,4925.49,0.882,,,,,,,,,,,,,,,,0.0,0.0,0.0,,,,,,,,,,,,,,,,,,,,,,,,,,,,,,,,,,,,,0.0,0.0,0.0,,,,,,,,,,,,,,,0.732,,,,,,,,,,,,,,,,,,,,,,,,
Saint Lucia,1994,LCA,150574,862136448.0,,,,,,,,,,,,,,,,,0.0,0.0,0.0,,,,,,18.107,0.133,5741.493,1.003,,,,,,,,,,,,,,,,0.0,0.0,0.0,,,,,,,,,,,,,,,,,,,,,,,,,,,,,,,,,,,,,0.0,0.0,0.0,,,,,,,,,,,,,,,0.865,,,,,,,,,,,,,,,,,,,,,,,,
Saint Lucia,1995,LCA,152368,889991168.0,,,,,,,,,,,,,,,,,0.0,0.0,0.0,,,,,,0.0,0.0,5673.892,0.971,,,,,,,,,,,,,,,,0.0,0.0,0.0,,,,,,,,,,,,,,,,,,,,,,,,,,,,,,,,,,,,,0.0,0.0,0.0,,,,,,,,,,,,,,,0.865,,,,,,,,,,,,,,,,,,,,,,,,
Saint Lucia,1996,LCA,153982,936978304.0,,,,,,,,,,,,,,,,,0.0,0.0,0.0,,,,,,0.245,0.002,5628.193,0.925,,,,,,,,,,,,,,,,0.0,0.0,0.0,,,,,,,,,,,,,,,,,,,,,,,,,,,,,,,,,,,,,0.0,0.0,0.0,,,,,,,,,,,,,,,0.867,,,,,,,,,,,,,,,,,,,,,,,,
Saint Lucia,1997,LCA,155472,951717696.0,,,,,,,,,,,,,,,,,0.0,0.0,0.0,,,,,,-0.245,-0.002,5560.613,0.908,,,,,,,,,,,,,,,,0.0,0.0,0.0,,,,,,,,,,,,,,,,,,,,,,,,,,,,,,,,,,,,,0.0,0.0,0.0,,,,,,,,,,,,,,,0.865,,,,,,,,,,,,,,,,,,,,,,,,
Saint Lucia,1998,LCA,156872,1031515648.0,,,,,,,,,,,,,,,,,0.0,0.0,0.0,,,,,,0.0,0.0,5510.987,0.838,,,,,,,,,,,,,,,,0.0,0.0,0.0,,,,,,,,,,,,,,,,,,,,,,,,,,,,,,,,,,,,,0.0,0.0,0.0,,,,,,,,,,,,,,,0.865,,,,,,,,,,,,,,,,,,,,,,,,
Saint Lucia,1999,LCA,158272,1081004032.0,,,,,,,,,,,,,,,,,0.0,0.0,0.0,,,,,,0.001,0.0,5462.306,0.8,,,,,,,,,,,,,,,,0.0,0.0,0.0,,,,,,,,,,,,,,,,,,,,,,,,,,,,,,,,,,,,,0.0,0.0,0.0,,,,,,,,,,,,,,,0.865,,,,,,,,,,,,,,,,,,,,,,,,
Saint Lucia,2000,LCA,159513,1100265088.0,,,,,0.0,0.0,0.0,,692.308,,,,,0.0,0.0,,0.0,0.0,0.0,0.0,,0.26,0.26,,69.456,0.6,9184.194,1.331,,,1629.961,0.26,,,100.0,,,,,0.0,0.0,,,0.0,0.0,0.0,0.0,,0.18,,,,0.0,0.0,,0.0,,,,,0.0,0.0,,0.0,,0.0,0.0,,,,0.0,0.0,,0.0,,,,,1629.961,0.26,,,0.0,0.0,0.0,100.0,,,0.0,0.0,,,0.0,0.0,,0.0,0.0,,1629.961,1.465,,,,0.0,0.0,,0.0,,,,,0.0,0.0,,0.0,,,,,0.0,0.0,,0.0,
Saint Lucia,2001,LCA,160611,1080200320.0,,,,,0.0,0.0,0.0,,703.704,,,,,0.0,0.0,,0.0,0.0,0.0,0.0,,0.27,0.27,,8.444,0.124,9891.598,1.471,,,1681.08,0.27,,,100.0,,,,,0.0,0.0,,,0.0,0.0,0.0,0.0,,0.19,,,,0.0,0.0,,0.0,,,,,0.0,0.0,,0.0,,0.0,0.0,,,,0.0,0.0,,0.0,,,,,1681.08,0.27,,,0.0,0.0,0.0,100.0,,,0.0,0.0,,,0.0,0.0,,0.0,0.0,,1681.08,1.589,,,,0.0,0.0,,0.0,,,,,0.0,0.0,,0.0,,,,,0.0,0.0,,0.0,
Saint Lucia,2002,LCA,161814,1106971904.0,,,,,0.0,0.0,0.0,,703.704,,,,,0.0,0.0,,0.0,0.0,0.0,0.0,,0.27,0.27,,-9.643,-0.153,8871.31,1.297,,,1668.582,0.27,,,100.0,,,,,0.0,0.0,,,0.0,0.0,0.0,0.0,,0.19,,,,0.0,0.0,,0.0,,,,,0.0,0.0,,0.0,,0.0,0.0,,,,0.0,0.0,,0.0,,,,,1668.582,0.27,,,0.0,0.0,0.0,100.0,,,0.0,0.0,,,0.0,0.0,,0.0,0.0,,1668.582,1.436,,,,0.0,0.0,,0.0,,,,,0.0,0.0,,0.0,,,,,0.0,0.0,,0.0,
Saint Lucia,2003,LCA,163060,1185932160.0,,,,,0.0,0.0,0.0,,714.286,,,,,0.0,0.0,,0.0,0.0,0.0,0.0,,0.28,0.28,,10.656,0.153,9741.581,1.339,,,1717.159,0.28,,,100.0,,,,,0.0,0.0,,,0.0,0.0,0.0,0.0,,0.2,,,,0.0,0.0,,0.0,,,,,0.0,0.0,,0.0,,0.0,0.0,,,,0.0,0.0,,0.0,,,,,1717.159,0.28,,,0.0,0.0,0.0,100.0,,,0.0,0.0,,,0.0,0.0,,0.0,0.0,,1717.159,1.588,,,,0.0,0.0,,0.0,,,,,0.0,0.0,,0.0,,,,,0.0,0.0,,0.0,
Saint Lucia,2004,LCA,164252,1306608256.0,,,,,0.0,0.0,0.0,,689.655,,,,,0.0,0.0,,0.0,0.0,0.0,0.0,,0.29,0.29,,0.355,0.006,9705.236,1.22,,,1765.58,0.29,,,100.0,,,,,0.0,0.0,,,0.0,0.0,0.0,0.0,,0.2,,,,0.0,0.0,,0.0,,,,,0.0,0.0,,0.0,,0.0,0.0,,,,0.0,0.0,,0.0,,,,,1765.58,0.29,,,0.0,0.0,0.0,100.0,,,0.0,0.0,,,0.0,0.0,,0.0,0.0,,1765.58,1.594,,,,0.0,0.0,,0.0,,,,,0.0,0.0,,0.0,,,,,0.0,0.0,,0.0,
Saint Lucia,2005,LCA,165394,1321769088.0,,,,,0.0,0.0,0.0,,700.0,,,,,0.0,0.0,,0.0,0.0,0.0,0.0,,0.3,0.3,,3.152,0.05,9942.035,1.244,,,1813.851,0.3,,,100.0,,,,,0.0,0.0,,,0.0,0.0,0.0,0.0,,0.21,,,,0.0,0.0,,0.0,,,,,0.0,0.0,,0.0,,0.0,0.0,,,,0.0,0.0,,0.0,,,,,1813.851,0.3,,,0.0,0.0,0.0,100.0,,,0.0,0.0,,,0.0,0.0,,0.0,0.0,,1813.851,1.644,,,,0.0,0.0,,0.0,,,,,0.0,0.0,,0.0,,,,,0.0,0.0,,0.0,
Saint Lucia,2006,LCA,166476,1443383680.0,,,,,0.0,0.0,0.0,,709.677,,,,,0.0,0.0,,0.0,0.0,0.0,0.0,,0.31,0.31,,0.875,0.014,9963.842,1.149,,,1862.13,0.31,,,100.0,,,,,0.0,0.0,,,0.0,0.0,0.0,0.0,,0.22,,,,0.0,0.0,,0.0,,,,,0.0,0.0,,0.0,,0.0,0.0,,,,0.0,0.0,,0.0,,,,,1862.13,0.31,,,0.0,0.0,0.0,100.0,,,0.0,0.0,,,0.0,0.0,,0.0,0.0,,1862.13,1.659,,,,0.0,0.0,,0.0,,,,,0.0,0.0,,0.0,,,,,0.0,0.0,,0.0,
Saint Lucia,2007,LCA,167524,1491085440.0,,,,,0.0,0.0,0.0,,687.5,,,,,0.0,0.0,,0.0,0.0,0.0,0.0,,0.32,0.32,,3.389,0.056,10237.039,1.15,,,1910.174,0.32,,,100.0,,,,,0.0,0.0,,,0.0,0.0,0.0,0.0,,0.22,,,,0.0,0.0,,0.0,,,,,0.0,0.0,,0.0,,0.0,0.0,,,,0.0,0.0,,0.0,,,,,1910.174,0.32,,,0.0,0.0,0.0,100.0,,,0.0,0.0,,,0.0,0.0,,0.0,0.0,,1910.174,1.715,,,,0.0,0.0,,0.0,,,,,0.0,0.0,,0.0,,,,,0.0,0.0,,0.0,
Saint Lucia,2008,LCA,168584,1589069440.0,,,,,0.0,0.0,0.0,,696.97,,,,,0.0,0.0,,0.0,0.0,0.0,0.0,,0.33,0.33,,2.778,0.048,10455.242,1.109,,,1957.481,0.33,,,100.0,,,,,0.0,0.0,,,0.0,0.0,0.0,0.0,,0.23,,,,0.0,0.0,,0.0,,,,,0.0,0.0,,0.0,,0.0,0.0,,,,0.0,0.0,,0.0,,,,,1957.481,0.33,,,0.0,0.0,0.0,100.0,,,0.0,0.0,,,0.0,0.0,,0.0,0.0,,1957.481,1.763,,,,0.0,0.0,,0.0,,,,,0.0,0.0,,0.0,,,,,0.0,0.0,,0.0,
Saint Lucia,2009,LCA,169694,1609861504.0,,,,,0.0,0.0,0.0,,705.882,,,,,0.0,0.0,,0.0,0.0,0.0,0.0,,0.34,0.34,,-2.453,-0.043,10132.104,1.068,,,2003.606,0.34,,,100.0,,,,,0.0,0.0,,,0.0,0.0,0.0,0.0,,0.24,,,,0.0,0.0,,0.0,,,,,0.0,0.0,,0.0,,0.0,0.0,,,,0.0,0.0,,0.0,,,,,2003.606,0.34,,,0.0,0.0,0.0,100.0,,,0.0,0.0,,,0.0,0.0,,0.0,0.0,,2003.606,1.719,,,,0.0,0.0,,0.0,,,,,0.0,0.0,,0.0,,,,,0.0,0.0,,0.0,
Saint Lucia,2010,LCA,170950,1619438336.0,,,,,0.0,0.0,0.0,,694.444,,,,,0.0,0.0,,0.0,0.0,0.0,0.0,,0.36,0.36,,4.519,0.078,10512.177,1.11,,,2105.879,0.36,,,100.0,,,,,0.0,0.0,,,0.0,0.0,0.0,0.0,,0.25,,,,0.0,0.0,,0.0,,,,,0.0,0.0,,0.0,,0.0,0.0,,,,0.0,0.0,,0.0,,,,,2105.879,0.36,,,0.0,0.0,0.0,100.0,,,0.0,0.0,,,0.0,0.0,,0.0,0.0,,2105.879,1.797,,,,0.0,0.0,,0.0,,,,,0.0,0.0,,0.0,,,,,0.0,0.0,,0.0,
Saint Lucia,2011,LCA,172157,1661309952.0,,,,,0.0,0.0,0.0,,694.444,,,,,0.0,0.0,,0.0,0.0,0.0,0.0,,0.36,0.36,,1.498,0.027,10594.858,1.098,,,2091.115,0.36,,,100.0,,,,,0.0,0.0,,,0.0,0.0,0.0,0.0,,0.25,,,,0.0,0.0,,0.0,,,,,0.0,0.0,,0.0,,0.0,0.0,,,,0.0,0.0,,0.0,,,,,2091.115,0.36,,,0.0,0.0,0.0,100.0,,,0.0,0.0,,,0.0,0.0,,0.0,0.0,,2091.115,1.824,,,,0.0,0.0,,0.0,,,,,0.0,0.0,,0.0,,,,,0.0,0.0,,0.0,
Saint Lucia,2012,LCA,173139,1630854016.0,,,,,0.0,0.0,0.0,,694.444,,,,,0.0,0.0,,0.0,0.0,0.0,0.0,,0.36,0.36,,-0.455,-0.008,10486.784,1.113,,,2079.254,0.36,,,100.0,,,,,0.0,0.0,,,0.0,0.0,0.0,0.0,,0.25,,,,0.0,0.0,,0.0,,,,,0.0,0.0,,0.0,,0.0,0.0,,,,0.0,0.0,,0.0,,,,,2079.254,0.36,,,0.0,0.0,0.0,100.0,,,0.0,0.0,,,0.0,0.0,,0.0,0.0,,2079.254,1.816,,,,0.0,0.0,,0.0,,,,,0.0,0.0,,0.0,,,,,0.0,0.0,,0.0,
Saint Lucia,2013,LCA,173992,1636030976.0,,,,,0.0,0.0,0.0,,694.444,,,,,0.0,0.0,,0.0,0.0,0.0,0.0,,0.36,0.36,,-0.258,-0.005,10408.478,1.107,,,2069.061,0.36,,,100.0,,,,,0.0,0.0,,,0.0,0.0,0.0,0.0,,0.25,,,,0.0,0.0,,0.0,,,,,0.0,0.0,,0.0,,0.0,0.0,,,,0.0,0.0,,0.0,,,,,2069.061,0.36,,,0.0,0.0,0.0,100.0,,,0.0,0.0,,,0.0,0.0,,0.0,0.0,,2069.061,1.811,,,,0.0,0.0,,0.0,,,,,0.0,0.0,,0.0,,,,,0.0,0.0,,0.0,
Saint Lucia,2014,LCA,174814,1635704960.0,,,,,0.0,0.0,0.0,,694.444,,,,,0.0,0.0,,0.0,0.0,0.0,0.0,,0.36,0.36,,0.982,0.018,10461.293,1.118,,,2059.332,0.36,,,100.0,,,,,0.0,0.0,,,0.0,0.0,0.0,0.0,,0.25,,,,0.0,0.0,,0.0,,,,,0.0,0.0,,0.0,,0.0,0.0,,,,0.0,0.0,,0.0,,,,,2059.332,0.36,,,0.0,0.0,0.0,100.0,,,0.0,0.0,,,0.0,0.0,,0.0,0.0,,2059.332,1.829,,,,0.0,0.0,,0.0,,,,,0.0,0.0,,0.0,,,,,0.0,0.0,,0.0,
Saint Lucia,2015,LCA,175638,1670339968.0,,,,,0.0,0.0,0.0,,694.444,,,,,0.0,0.0,,0.0,0.0,0.0,0.0,,0.36,0.36,,0.681,0.012,10483.141,1.102,,,2049.67,0.36,,,100.0,,,,,0.0,0.0,,,0.0,0.0,0.0,0.0,,0.25,,,,0.0,0.0,,0.0,,,,,0.0,0.0,,0.0,,0.0,0.0,,,,0.0,0.0,,0.0,,,,,2049.67,0.36,,,0.0,0.0,0.0,100.0,,,0.0,0.0,,,0.0,0.0,,0.0,0.0,,2049.67,1.841,,,,0.0,0.0,,0.0,,,,,0.0,0.0,,0.0,,,,,0.0,0.0,,0.0,
Saint Lucia,2016,LCA,176429,1678211968.0,,,,,0.0,0.0,0.0,,702.703,,,,,0.0,0.0,,0.0,0.0,0.0,0.0,,0.37,0.37,,1.081,0.02,10549.006,1.109,,,2097.161,0.37,,,100.0,,,,,0.0,0.0,,,0.0,0.0,0.0,0.0,,0.26,,,,0.0,0.0,,0.0,,,,,0.0,0.0,,0.0,,0.0,0.0,,,,0.0,0.0,,0.0,,,,,2097.161,0.37,,,0.0,0.0,0.0,100.0,,,0.0,0.0,,,0.0,0.0,,0.0,0.0,,2097.161,1.861,,,,0.0,0.0,,0.0,,,,,0.0,0.0,,0.0,,,,,0.0,0.0,,0.0,
Saint Lucia,2017,LCA,177175,1722539136.0,,,,,0.0,0.0,0.0,,710.526,,,,,0.0,0.0,,,,,0.0,,0.38,0.38,,8.4,0.156,11386.956,1.171,,,2144.772,0.38,,,100.0,,,,,0.0,0.0,,,,,,0.0,,0.27,,,,0.0,0.0,,0.0,,,,,0.0,0.0,,0.0,,0.0,0.0,,,,0.0,0.0,,0.0,,,,,2144.772,0.38,,,,,,100.0,,,0.0,0.0,,,0.0,0.0,,0.0,0.0,,2144.772,2.017,,,,0.0,0.0,,0.0,,,,,0.0,0.0,,0.0,,,,,0.0,0.0,,0.0,
Saint Lucia,2018,LCA,177894,1733778304.0,,,,,0.0,0.0,0.0,,702.703,,,,,0.0,0.0,,,,,0.0,,0.37,0.37,,-8.076,-0.163,10425.025,1.07,,,2079.89,0.37,,,100.0,,,,,0.0,0.0,,,,,,0.0,,0.26,,,,0.0,0.0,,0.0,,,,,0.0,0.0,,0.0,,0.0,0.0,,,,0.0,0.0,,0.0,,,,,2079.89,0.37,,,,,,100.0,,,0.0,0.0,,,0.0,0.0,,0.0,0.0,,2079.89,1.855,,,,0.0,0.0,,0.0,,,,,0.0,0.0,,0.0,,,,,0.0,0.0,,0.0,
Saint Lucia,2019,LCA,178594,,,,,,0.0,0.0,0.0,,685.714,,,,,0.0,0.0,,,,,0.0,,0.35,0.35,,46.953,0.871,15259.877,,,,1959.752,0.35,,,100.0,,,,,0.0,0.0,,,,,,0.0,,0.24,,,,0.0,0.0,,0.0,,,,,0.0,0.0,,0.0,,0.0,0.0,,,,0.0,0.0,,0.0,,,,,1959.752,0.35,,,,,,100.0,,,0.0,0.0,,,0.0,0.0,,0.0,0.0,,1959.752,2.725,,,,0.0,0.0,,0.0,,,,,0.0,0.0,,0.0,,,,,0.0,0.0,,0.0,
Saint Lucia,2020,LCA,179245,,,,,,0.0,0.0,0.0,,696.97,,,,,0.0,0.0,,,,,0.0,,0.33,0.33,,-15.746,-0.429,12810.415,,,,1841.056,0.33,,,100.0,,,,,0.0,0.0,,,,,,0.0,,0.23,,,,0.0,0.0,,0.0,,,,,0.0,0.0,,0.0,,0.0,0.0,,,,0.0,0.0,,0.0,,,,,1841.056,0.33,,,,,,100.0,,,0.0,0.0,,,0.0,0.0,,0.0,0.0,,1841.056,2.296,,,,0.0,0.0,,0.0,,,,,0.0,0.0,,0.0,,,,,0.0,0.0,,0.0,
Saint Lucia,2021,LCA,179663,,,,,,0.0,0.0,0.0,,685.714,,,,,0.0,0.0,,,,,0.0,,0.35,0.35,,6.409,0.147,13599.725,,,,1948.092,0.35,,,100.0,,,,,0.0,0.0,,,,,,0.0,,0.24,,,,0.0,0.0,,0.0,,,,,0.0,0.0,,0.0,,0.0,0.0,,,,0.0,0.0,,0.0,,,,,1948.092,0.35,,,,,,100.0,,,0.0,0.0,,,0.0,0.0,,0.0,0.0,,1948.092,2.443,,,,0.0,0.0,,0.0,,,,,0.0,0.0,,0.0,,,,,0.0,0.0,,0.0,
Saint Pierre and Miquelon,1980,SPM,6126,,,,,,,,,,,,,,,,,,,0.0,0.0,,,,,,,,101853.953,,,,,,,,,,,,,,,,,,0.0,0.0,,,,,,,,,,,,,,,,,,,,,,,,,,,,,,,,,,,,,,0.0,0.0,,,,,,,,,,,,,,,0.624,,,,,,,,,,,,,,,,,,,,,,,,
Saint Pierre and Miquelon,1981,SPM,6114,,,,,,,,,,,,,,,,,,0.0,0.0,0.0,,,,,,-0.273,-0.002,101775.016,,,,,,,,,,,,,,,,,0.0,0.0,0.0,,,,,,,,,,,,,,,,,,,,,,,,,,,,,,,,,,,,,0.0,0.0,0.0,,,,,,,,,,,,,,,0.622,,,,,,,,,,,,,,,,,,,,,,,,
Saint Pierre and Miquelon,1982,SPM,6104,,,,,,,,,,,,,,,,,,0.0,0.0,0.0,,,,,,-10.0,-0.062,91747.586,,,,,,,,,,,,,,,,,0.0,0.0,0.0,,,,,,,,,,,,,,,,,,,,,,,,,,,,,,,,,,,,,0.0,0.0,0.0,,,,,,,,,,,,,,,0.56,,,,,,,,,,,,,,,,,,,,,,,,
Saint Pierre and Miquelon,1983,SPM,6150,,,,,,,,,,,,,,,,,,0.0,0.0,0.0,,,,,,11.111,0.062,101179.266,,,,,,,,,,,,,,,,,0.0,0.0,0.0,,,,,,,,,,,,,,,,,,,,,,,,,,,,,,,,,,,,,0.0,0.0,0.0,,,,,,,,,,,,,,,0.622,,,,,,,,,,,,,,,,,,,,,,,,
Saint Pierre and Miquelon,1984,SPM,6205,,,,,,,,,,,,,,,,,,0.0,0.0,0.0,,,,,,0.274,0.002,100557.188,,,,,,,,,,,,,,,,,0.0,0.0,0.0,,,,,,,,,,,,,,,,,,,,,,,,,,,,,,,,,,,,,0.0,0.0,0.0,,,,,,,,,,,,,,,0.624,,,,,,,,,,,,,,,,,,,,,,,,
Saint Pierre and Miquelon,1985,SPM,6253,,,,,,,,,,,,,,,,,,0.0,0.0,0.0,,,,,,-10.246,-0.064,89561.367,,,,,,,,,,,,,,,,,0.0,0.0,0.0,,,,,,,,,,,,,,,,,,,,,,,,,,,,,,,,,,,,,0.0,0.0,0.0,,,,,,,,,,,,,,,0.56,,,,,,,,,,,,,,,,,,,,,,,,
Saint Pierre and Miquelon,1986,SPM,6289,,,,,,,,,,,,,,,,,,0.0,0.0,0.0,,,,,,23.101,0.129,109619.938,,,,,,,,,,,,,,,,,0.0,0.0,0.0,,,,,,,,,,,,,,,,,,,,,,,,,,,,,,,,,,,,,0.0,0.0,0.0,,,,,,,,,,,,,,,0.689,,,,,,,,,,,,,,,,,,,,,,,,
Saint Pierre and Miquelon,1987,SPM,6322,,,,,,,,,,,,,,,,,,0.0,0.0,0.0,,,,,,28.556,0.197,140187.719,,,,,,,,,,,,,,,,,0.0,0.0,0.0,,,,,,,,,,,,,,,,,,,,,,,,,,,,,,,,,,,,,0.0,0.0,0.0,,,,,,,,,,,,,,,0.886,,,,,,,,,,,,,,,,,,,,,,,,
Saint Pierre and Miquelon,1988,SPM,6344,,,,,,,,,,,,,,,,,,0.0,0.0,0.0,,,,,,0.433,0.004,140306.531,,,,,,,,,,,,,,,,,0.0,0.0,0.0,,,,,,,,,,,,,,,,,,,,,,,,,,,,,,,,,,,,,0.0,0.0,0.0,,,,,,,,,,,,,,,0.89,,,,,,,,,,,,,,,,,,,,,,,,
Saint Pierre and Miquelon,1989,SPM,6343,,,,,,,,,,,,,,,,,,0.0,0.0,0.0,,,,,,20.73,0.185,169418.406,,,,,,,,,,,,,,,,,0.0,0.0,0.0,,,,,,,,,,,,,,,,,,,,,,,,,,,,,,,,,,,,,0.0,0.0,0.0,,,,,,,,,,,,,,,1.075,,,,,,,,,,,,,,,,,,,,,,,,
Saint Pierre and Miquelon,1990,SPM,6345,,,,,,,,,,,,,,,,,,0.0,0.0,0.0,,,,,,-5.898,-0.063,159376.406,,,,,,,,,,,,,,,,,0.0,0.0,0.0,,,,,,,,,,,,,,,,,,,,,,,,,,,,,,,,,,,,,0.0,0.0,0.0,,,,,,,,,,,,,,,1.011,,,,,,,,,,,,,,,,,,,,,,,,
Saint Pierre and Miquelon,1991,SPM,6374,,,,,,,,,,,,,,,,,,0.0,0.0,0.0,,,,,,-6.057,-0.061,149041.094,,,,,,,,,,,,,,,,,0.0,0.0,0.0,,,,,,,,,,,,,,,,,,,,,,,,,,,,,,,,,,,,,0.0,0.0,0.0,,,,,,,,,,,,,,,0.95,,,,,,,,,,,,,,,,,,,,,,,,
Saint Pierre and Miquelon,1992,SPM,6396,,,,,,,,,,,,,,,,,,0.0,0.0,0.0,,,,,,-7.921,-0.075,136763.297,,,,,,,,,,,,,,,,,0.0,0.0,0.0,,,,,,,,,,,,,,,,,,,,,,,,,,,,,,,,,,,,,0.0,0.0,0.0,,,,,,,,,,,,,,,0.875,,,,,,,,,,,,,,,,,,,,,,,,
Saint Pierre and Miquelon,1993,SPM,6423,,,,,,,,,,,,,,,,,,0.0,0.0,0.0,,,,,,-43.013,-0.376,77609.312,,,,,,,,,,,,,,,,,0.0,0.0,0.0,,,,,,,,,,,,,,,,,,,,,,,,,,,,,,,,,,,,,0.0,0.0,0.0,,,,,,,,,,,,,,,0.498,,,,,,,,,,,,,,,,,,,,,,,,
Saint Pierre and Miquelon,1994,SPM,6430,,,,,,,,,,,,,,,,,,0.0,0.0,0.0,,,,,,2.066,0.01,79126.555,,,,,,,,,,,,,,,,,0.0,0.0,0.0,,,,,,,,,,,,,,,,,,,,,,,,,,,,,,,,,,,,,0.0,0.0,0.0,,,,,,,,,,,,,,,0.509,,,,,,,,,,,,,,,,,,,,,,,,
Saint Pierre and Miquelon,1995,SPM,6439,,,,,,,,,,,,,,,,,,0.0,0.0,0.0,,,,,,-36.741,-0.187,49984.785,,,,,,,,,,,,,,,,,0.0,0.0,0.0,,,,,,,,,,,,,,,,,,,,,,,,,,,,,,,,,,,,,0.0,0.0,0.0,,,,,,,,,,,,,,,0.322,,,,,,,,,,,,,,,,,,,,,,,,
Saint Pierre and Miquelon,1996,SPM,6436,,,,,,,,,,,,,,,,,,0.0,0.0,0.0,,,,,,0.264,0.001,50140.258,,,,,,,,,,,,,,,,,0.0,0.0,0.0,,,,,,,,,,,,,,,,,,,,,,,,,,,,,,,,,,,,,0.0,0.0,0.0,,,,,,,,,,,,,,,0.323,,,,,,,,,,,,,,,,,,,,,,,,
Saint Pierre and Miquelon,1997,SPM,6415,,,,,,,,,,,,,,,,,,0.0,0.0,0.0,,,,,,-42.073,-0.136,29139.783,,,,,,,,,,,,,,,,,0.0,0.0,0.0,,,,,,,,,,,,,,,,,,,,,,,,,,,,,,,,,,,,,0.0,0.0,0.0,,,,,,,,,,,,,,,0.187,,,,,,,,,,,,,,,,,,,,,,,,
Saint Pierre and Miquelon,1998,SPM,6365,,,,,,,,,,,,,,,,,,0.0,0.0,0.0,,,,,,33.333,0.062,39158.258,,,,,,,,,,,,,,,,,0.0,0.0,0.0,,,,,,,,,,,,,,,,,,,,,,,,,,,,,,,,,,,,,0.0,0.0,0.0,,,,,,,,,,,,,,,0.249,,,,,,,,,,,,,,,,,,,,,,,,
Saint Pierre and Miquelon,1999,SPM,6319,,,,,,,,,,,,,,,,,,0.0,0.0,0.0,,,,,,0.0,0.0,39443.316,,,,,,,,,,,,,,,,,0.0,0.0,0.0,,,,,,,,,,,,,,,,,,,,,,,,,,,,,,,,,,,,,0.0,0.0,0.0,,,,,,,,,,,,,,,0.249,,,,,,,,,,,,,,,,,,,,,,,,
Saint Pierre and Miquelon,2000,SPM,6300,,,,,,0.0,0.0,0.0,,750.0,,,,,0.0,0.0,,0.0,0.0,0.0,0.0,,0.04,0.04,,12.888,0.032,44661.23,,,,6349.207,0.04,,,100.0,,,,,0.0,0.0,,,0.0,0.0,0.0,0.0,,0.03,,,,0.0,0.0,,0.0,,,,,0.0,0.0,,0.0,,0.0,0.0,,,,0.0,0.0,,0.0,,,,,6349.207,0.04,,,0.0,0.0,0.0,100.0,,,0.0,0.0,,,0.0,0.0,,0.0,0.0,,6349.207,0.281,,,,0.0,0.0,,0.0,,,,,0.0,0.0,,0.0,,,,,0.0,0.0,,0.0,
Saint Pierre and Miquelon,2001,SPM,6283,,,,,,0.0,0.0,0.0,,750.0,,,,,0.0,0.0,,0.0,0.0,0.0,0.0,,0.04,0.04,,0.0,0.0,44782.07,,,,6366.385,0.04,,,100.0,,,,,0.0,0.0,,,0.0,0.0,0.0,0.0,,0.03,,,,0.0,0.0,,0.0,,,,,0.0,0.0,,0.0,,0.0,0.0,,,,0.0,0.0,,0.0,,,,,6366.385,0.04,,,0.0,0.0,0.0,100.0,,,0.0,0.0,,,0.0,0.0,,0.0,0.0,,6366.385,0.281,,,,0.0,0.0,,0.0,,,,,0.0,0.0,,0.0,,,,,0.0,0.0,,0.0,
Saint Pierre and Miquelon,2002,SPM,6264,,,,,,0.0,0.0,0.0,,800.0,,,,,0.0,0.0,,0.0,0.0,0.0,0.0,,0.05,0.05,,9.052,0.025,48984.074,,,,7982.12,0.05,,,100.0,,,,,0.0,0.0,,,0.0,0.0,0.0,0.0,,0.04,,,,0.0,0.0,,0.0,,,,,0.0,0.0,,0.0,,0.0,0.0,,,,0.0,0.0,,0.0,,,,,7982.12,0.05,,,0.0,0.0,0.0,100.0,,,0.0,0.0,,,0.0,0.0,,0.0,0.0,,7982.12,0.307,,,,0.0,0.0,,0.0,,,,,0.0,0.0,,0.0,,,,,0.0,0.0,,0.0,
Saint Pierre and Miquelon,2003,SPM,6228,,,,,,0.0,0.0,0.0,,800.0,,,,,0.0,0.0,,0.0,0.0,0.0,0.0,,0.05,0.05,,12.581,0.039,55465.438,,,,8028.259,0.05,,,100.0,,,,,0.0,0.0,,,0.0,0.0,0.0,0.0,,0.04,,,,0.0,0.0,,0.0,,,,,0.0,0.0,,0.0,,0.0,0.0,,,,0.0,0.0,,0.0,,,,,8028.259,0.05,,,0.0,0.0,0.0,100.0,,,0.0,0.0,,,0.0,0.0,,0.0,0.0,,8028.259,0.345,,,,0.0,0.0,,0.0,,,,,0.0,0.0,,0.0,,,,,0.0,0.0,,0.0,
Saint Pierre and Miquelon,2004,SPM,6186,,,,,,0.0,0.0,0.0,,800.0,,,,,0.0,0.0,,0.0,0.0,0.0,0.0,,0.05,0.05,,-3.687,-0.013,53783.301,,,,8082.768,0.05,,,100.0,,,,,0.0,0.0,,,0.0,0.0,0.0,0.0,,0.04,,,,0.0,0.0,,0.0,,,,,0.0,0.0,,0.0,,0.0,0.0,,,,0.0,0.0,,0.0,,,,,8082.768,0.05,,,0.0,0.0,0.0,100.0,,,0.0,0.0,,,0.0,0.0,,0.0,0.0,,8082.768,0.333,,,,0.0,0.0,,0.0,,,,,0.0,0.0,,0.0,,,,,0.0,0.0,,0.0,
Saint Pierre and Miquelon,2005,SPM,6135,,,,,,0.0,0.0,0.0,,750.0,,,,,0.0,0.0,,0.0,0.0,0.0,0.0,,0.04,0.04,,3.828,0.013,56306.234,,,,6519.967,0.04,,,100.0,,,,,0.0,0.0,,,0.0,0.0,0.0,0.0,,0.03,,,,0.0,0.0,,0.0,,,,,0.0,0.0,,0.0,,0.0,0.0,,,,0.0,0.0,,0.0,,,,,6519.967,0.04,,,0.0,0.0,0.0,100.0,,,0.0,0.0,,,0.0,0.0,,0.0,0.0,,6519.967,0.345,,,,0.0,0.0,,0.0,,,,,0.0,0.0,,0.0,,,,,0.0,0.0,,0.0,
Saint Pierre and Miquelon,2006,SPM,6105,,,,,,0.0,0.0,0.0,,750.0,,,,,0.0,0.0,,0.0,0.0,0.0,0.0,,0.04,0.04,,0.0,0.0,56582.922,,,,6552.006,0.04,,,100.0,,,,,0.0,0.0,,,0.0,0.0,0.0,0.0,,0.03,,,,0.0,0.0,,0.0,,,,,0.0,0.0,,0.0,,0.0,0.0,,,,0.0,0.0,,0.0,,,,,6552.006,0.04,,,0.0,0.0,0.0,100.0,,,0.0,0.0,,,0.0,0.0,,0.0,0.0,,6552.006,0.345,,,,0.0,0.0,,0.0,,,,,0.0,0.0,,0.0,,,,,0.0,0.0,,0.0,
Saint Pierre and Miquelon,2007,SPM,6090,,,,,,0.0,0.0,0.0,,750.0,,,,,0.0,0.0,,0.0,0.0,0.0,0.0,,0.04,0.04,,3.687,0.013,58813.465,,,,6568.145,0.04,,,100.0,,,,,0.0,0.0,,,0.0,0.0,0.0,0.0,,0.03,,,,0.0,0.0,,0.0,,,,,0.0,0.0,,0.0,,0.0,0.0,,,,0.0,0.0,,0.0,,,,,6568.145,0.04,,,0.0,0.0,0.0,100.0,,,0.0,0.0,,,0.0,0.0,,0.0,0.0,,6568.145,0.358,,,,0.0,0.0,,0.0,,,,,0.0,0.0,,0.0,,,,,0.0,0.0,,0.0,
Saint Pierre and Miquelon,2008,SPM,6085,,,,,,0.0,0.0,0.0,,750.0,,,,,0.0,0.0,,0.0,0.0,0.0,0.0,,0.04,0.04,,0.0,0.0,58861.789,,,,6573.542,0.04,,,100.0,,,,,0.0,0.0,,,0.0,0.0,0.0,0.0,,0.03,,,,0.0,0.0,,0.0,,,,,0.0,0.0,,0.0,,0.0,0.0,,,,0.0,0.0,,0.0,,,,,6573.542,0.04,,,0.0,0.0,0.0,100.0,,,0.0,0.0,,,0.0,0.0,,0.0,0.0,,6573.542,0.358,,,,0.0,0.0,,0.0,,,,,0.0,0.0,,0.0,,,,,0.0,0.0,,0.0,
Saint Pierre and Miquelon,2009,SPM,6077,,,,,,0.0,0.0,0.0,,750.0,,,,,0.0,0.0,,0.0,0.0,0.0,0.0,,0.04,0.04,,0.0,0.0,58939.277,,,,6582.195,0.04,,,100.0,,,,,0.0,0.0,,,0.0,0.0,0.0,0.0,,0.03,,,,0.0,0.0,,0.0,,,,,0.0,0.0,,0.0,,0.0,0.0,,,,0.0,0.0,,0.0,,,,,6582.195,0.04,,,0.0,0.0,0.0,100.0,,,0.0,0.0,,,0.0,0.0,,0.0,0.0,,6582.195,0.358,,,,0.0,0.0,,0.0,,,,,0.0,0.0,,0.0,,,,,0.0,0.0,,0.0,
Saint Pierre and Miquelon,2010,SPM,6075,,,,,,0.0,0.0,0.0,,750.0,,,,,0.0,0.0,,0.0,0.0,0.0,0.0,,0.04,0.04,,5.152,0.018,61996.32,,,,6584.362,0.04,,,100.0,,,,,0.0,0.0,,,0.0,0.0,0.0,0.0,,0.03,,,,0.0,0.0,,0.0,,,,,0.0,0.0,,0.0,,0.0,0.0,,,,0.0,0.0,,0.0,,,,,6584.362,0.04,,,0.0,0.0,0.0,100.0,,,0.0,0.0,,,0.0,0.0,,0.0,0.0,,6584.362,0.377,,,,0.0,0.0,,0.0,,,,,0.0,0.0,,0.0,,,,,0.0,0.0,,0.0,
Saint Pierre and Miquelon,2011,SPM,6066,,,,,,0.0,0.0,0.0,,750.0,,,,,0.0,0.0,,0.0,0.0,0.0,0.0,,0.04,0.04,,0.67,0.003,62504.328,,,,6594.131,0.04,,,100.0,,,,,0.0,0.0,,,0.0,0.0,0.0,0.0,,0.03,,,,0.0,0.0,,0.0,,,,,0.0,0.0,,0.0,,0.0,0.0,,,,0.0,0.0,,0.0,,,,,6594.131,0.04,,,0.0,0.0,0.0,100.0,,,0.0,0.0,,,0.0,0.0,,0.0,0.0,,6594.131,0.379,,,,0.0,0.0,,0.0,,,,,0.0,0.0,,0.0,,,,,0.0,0.0,,0.0,
Saint Pierre and Miquelon,2012,SPM,6048,,,,,,0.0,0.0,0.0,,750.0,,,,,0.0,0.0,,0.0,0.0,0.0,0.0,,0.04,0.04,,-1.374,-0.005,61828.691,,,,6613.757,0.04,,,100.0,,,,,0.0,0.0,,,0.0,0.0,0.0,0.0,,0.03,,,,0.0,0.0,,0.0,,,,,0.0,0.0,,0.0,,0.0,0.0,,,,0.0,0.0,,0.0,,,,,6613.757,0.04,,,0.0,0.0,0.0,100.0,,,0.0,0.0,,,0.0,0.0,,0.0,0.0,,6613.757,0.374,,,,0.0,0.0,,0.0,,,,,0.0,0.0,,0.0,,,,,0.0,0.0,,0.0,
Saint Pierre and Miquelon,2013,SPM,6027,,,,,,0.0,0.0,0.0,,750.0,,,,,0.0,0.0,,0.0,0.0,0.0,0.0,,0.04,0.04,,2.388,0.009,63525.68,,,,6636.801,0.04,,,100.0,,,,,0.0,0.0,,,0.0,0.0,0.0,0.0,,0.03,,,,0.0,0.0,,0.0,,,,,0.0,0.0,,0.0,,0.0,0.0,,,,0.0,0.0,,0.0,,,,,6636.801,0.04,,,0.0,0.0,0.0,100.0,,,0.0,0.0,,,0.0,0.0,,0.0,0.0,,6636.801,0.383,,,,0.0,0.0,,0.0,,,,,0.0,0.0,,0.0,,,,,0.0,0.0,,0.0,
Saint Pierre and Miquelon,2014,SPM,6013,,,,,,0.0,0.0,0.0,,800.0,,,,,0.0,0.0,,0.0,0.0,0.0,0.0,,0.05,0.05,,4.215,0.016,66357.25,,,,8315.316,0.05,,,100.0,,,,,0.0,0.0,,,0.0,0.0,0.0,0.0,,0.04,,,,0.0,0.0,,0.0,,,,,0.0,0.0,,0.0,,0.0,0.0,,,,0.0,0.0,,0.0,,,,,8315.316,0.05,,,0.0,0.0,0.0,100.0,,,0.0,0.0,,,0.0,0.0,,0.0,0.0,,8315.316,0.399,,,,0.0,0.0,,0.0,,,,,0.0,0.0,,0.0,,,,,0.0,0.0,,0.0,
Saint Pierre and Miquelon,2015,SPM,6001,,,,,,0.0,0.0,0.0,,800.0,,,,,0.0,0.0,,0.0,0.0,0.0,0.0,,0.05,0.05,,0.0,0.0,66489.945,,,,8331.944,0.05,,,100.0,,,,,0.0,0.0,,,0.0,0.0,0.0,0.0,,0.04,,,,0.0,0.0,,0.0,,,,,0.0,0.0,,0.0,,0.0,0.0,,,,0.0,0.0,,0.0,,,,,8331.944,0.05,,,0.0,0.0,0.0,100.0,,,0.0,0.0,,,0.0,0.0,,0.0,0.0,,8331.944,0.399,,,,0.0,0.0,,0.0,,,,,0.0,0.0,,0.0,,,,,0.0,0.0,,0.0,
Saint Pierre and Miquelon,2016,SPM,5990,,,,,,0.0,0.0,0.0,,800.0,,,,,0.0,0.0,,0.0,0.0,0.0,0.0,,0.05,0.05,,1.813,0.007,67819.867,,,,8347.245,0.05,,,100.0,,,,,0.0,0.0,,,0.0,0.0,0.0,0.0,,0.04,,,,0.0,0.0,,0.0,,,,,0.0,0.0,,0.0,,0.0,0.0,,,,0.0,0.0,,0.0,,,,,8347.245,0.05,,,0.0,0.0,0.0,100.0,,,0.0,0.0,,,0.0,0.0,,0.0,0.0,,8347.245,0.406,,,,0.0,0.0,,0.0,,,,,0.0,0.0,,0.0,,,,,0.0,0.0,,0.0,
Saint Pierre and Miquelon,2017,SPM,5980,,,,,,0.0,0.0,0.0,,800.0,,,,,0.0,0.0,,,,,0.0,,0.05,0.05,,-1.781,-0.007,66723.438,,,,8361.204,0.05,,,100.0,,,,,0.0,0.0,,,,,,0.0,,0.04,,,,0.0,0.0,,0.0,,,,,0.0,0.0,,0.0,,0.0,0.0,,,,0.0,0.0,,0.0,,,,,8361.204,0.05,,,,,,100.0,,,0.0,0.0,,,0.0,0.0,,0.0,0.0,,8361.204,0.399,,,,0.0,0.0,,0.0,,,,,0.0,0.0,,0.0,,,,,0.0,0.0,,0.0,
Saint Pierre and Miquelon,2018,SPM,5969,,,,,,0.0,0.0,0.0,,800.0,,,,,0.0,0.0,,,,,0.0,,0.05,0.05,,8.802,0.035,72730.234,,,,8376.612,0.05,,,100.0,,,,,0.0,0.0,,,,,,0.0,,0.04,,,,0.0,0.0,,0.0,,,,,0.0,0.0,,0.0,,0.0,0.0,,,,0.0,0.0,,0.0,,,,,8376.612,0.05,,,,,,100.0,,,0.0,0.0,,,0.0,0.0,,0.0,0.0,,8376.612,0.434,,,,0.0,0.0,,0.0,,,,,0.0,0.0,,0.0,,,,,0.0,0.0,,0.0,
Saint Pierre and Miquelon,2019,SPM,5952,,,,,,0.0,0.0,0.0,,800.0,,,,,0.0,0.0,,,,,0.0,,0.05,0.05,,-14.011,-0.061,62718.688,,,,8400.538,0.05,,,100.0,,,,,0.0,0.0,,,,,,0.0,,0.04,,,,0.0,0.0,,0.0,,,,,0.0,0.0,,0.0,,0.0,0.0,,,,0.0,0.0,,0.0,,,,,8400.538,0.05,,,,,,100.0,,,0.0,0.0,,,0.0,0.0,,0.0,0.0,,8400.538,0.373,,,,0.0,0.0,,0.0,,,,,0.0,0.0,,0.0,,,,,0.0,0.0,,0.0,
Saint Pierre and Miquelon,2020,SPM,5930,,,,,,0.0,0.0,0.0,,800.0,,,,,0.0,0.0,,,,,0.0,,0.05,0.05,,-8.524,-0.032,57585.082,,,,8431.703,0.05,,,100.0,,,,,0.0,0.0,,,,,,0.0,,0.04,,,,0.0,0.0,,0.0,,,,,0.0,0.0,,0.0,,0.0,0.0,,,,0.0,0.0,,0.0,,,,,8431.703,0.05,,,,,,100.0,,,0.0,0.0,,,0.0,0.0,,0.0,0.0,,8431.703,0.341,,,,0.0,0.0,,0.0,,,,,0.0,0.0,,0.0,,,,,0.0,0.0,,0.0,
Saint Pierre and Miquelon,2021,SPM,5905,,,,,,0.0,0.0,0.0,,800.0,,,,,0.0,0.0,,,,,0.0,,0.05,0.05,,0.967,0.003,58387.957,,,,8467.4,0.05,,,100.0,,,,,0.0,0.0,,,,,,0.0,,0.04,,,,0.0,0.0,,0.0,,,,,0.0,0.0,,0.0,,0.0,0.0,,,,0.0,0.0,,0.0,,,,,8467.4,0.05,,,,,,100.0,,,0.0,0.0,,,0.0,0.0,,0.0,0.0,,8467.4,0.345,,,,0.0,0.0,,0.0,,,,,0.0,0.0,,0.0,,,,,0.0,0.0,,0.0,
Saint Vincent and the Grenadines,1980,VCT,107499,,,,,,,,,,,,,,,,,,,0.0,0.0,,,,,,,,2089.807,,,,,,,,,,,,,,,,,,0.0,0.0,,,,,,,,,,,,,,,,,,,,,,,,,,,,,,,,,,,,,,0.0,0.0,,,,,,,,,,,,,,,0.225,,,,,,,,,,,,,,,,,,,,,,,,
Saint Vincent and the Grenadines,1981,VCT,108209,,,,,,,,,,,,,,,,,,0.0,0.0,0.0,,,,,,-0.066,-0.0,2074.722,,,,,,,,,,,,,,,,,0.0,0.0,0.0,,,,,,,,,,,,,,,,,,,,,,,,,,,,,,,,,,,,,0.0,0.0,0.0,,,,,,,,,,,,,,,0.225,,,,,,,,,,,,,,,,,,,,,,,,
Saint Vincent and the Grenadines,1982,VCT,108989,,,,,,,,,,,,,,,,,,0.0,0.0,0.0,,,,,,1.367,0.003,2088.031,,,,,,,,,,,,,,,,,0.0,0.0,0.0,,,,,,,,,,,,,,,,,,,,,,,,,,,,,,,,,,,,,0.0,0.0,0.0,,,,,,,,,,,,,,,0.228,,,,,,,,,,,,,,,,,,,,,,,,
Saint Vincent and the Grenadines,1983,VCT,109700,,,,,,,,,,,,,,,,,,0.0,0.0,0.0,,,,,,0.153,0.0,2077.672,,,,,,,,,,,,,,,,,0.0,0.0,0.0,,,,,,,,,,,,,,,,,,,,,,,,,,,,,,,,,,,,,0.0,0.0,0.0,,,,,,,,,,,,,,,0.228,,,,,,,,,,,,,,,,,,,,,,,,
Saint Vincent and the Grenadines,1984,VCT,110344,,,,,,,,,,,,,,,,,,0.0,0.0,0.0,,,,,,5.392,0.012,2176.915,,,,,,,,,,,,,,,,,0.0,0.0,0.0,,,,,,,,,,,,,,,,,,,,,,,,,,,,,,,,,,,,,0.0,0.0,0.0,,,,,,,,,,,,,,,0.24,,,,,,,,,,,,,,,,,,,,,,,,
Saint Vincent and the Grenadines,1985,VCT,110925,,,,,,,,,,,,,,,,,,0.0,0.0,0.0,,,,,,4.921,0.012,2272.068,,,,,,,,,,,,,,,,,0.0,0.0,0.0,,,,,,,,,,,,,,,,,,,,,,,,,,,,,,,,,,,,,0.0,0.0,0.0,,,,,,,,,,,,,,,0.252,,,,,,,,,,,,,,,,,,,,,,,,
Saint Vincent and the Grenadines,1986,VCT,111406,,,,,,,,,,,,,,,,,,0.0,0.0,0.0,,,,,,-8.303,-0.021,2074.416,,,,,,,,,,,,,,,,,0.0,0.0,0.0,,,,,,,,,,,,,,,,,,,,,,,,,,,,,,,,,,,,,0.0,0.0,0.0,,,,,,,,,,,,,,,0.231,,,,,,,,,,,,,,,,,,,,,,,,
Saint Vincent and the Grenadines,1987,VCT,111789,,,,,,,,,,,,,,,,,,0.0,0.0,0.0,,,,,,3.868,0.009,2147.272,,,,,,,,,,,,,,,,,0.0,0.0,0.0,,,,,,,,,,,,,,,,,,,,,,,,,,,,,,,,,,,,,0.0,0.0,0.0,,,,,,,,,,,,,,,0.24,,,,,,,,,,,,,,,,,,,,,,,,
Saint Vincent and the Grenadines,1988,VCT,112098,,,,,,,,,,,,,,,,,,0.0,0.0,0.0,,,,,,16.471,0.04,2494.049,,,,,,,,,,,,,,,,,0.0,0.0,0.0,,,,,,,,,,,,,,,,,,,,,,,,,,,,,,,,,,,,,0.0,0.0,0.0,,,,,,,,,,,,,,,0.28,,,,,,,,,,,,,,,,,,,,,,,,
Saint Vincent and the Grenadines,1989,VCT,112334,,,,,,,,,,,,,,,,,,0.0,0.0,0.0,,,,,,38.777,0.108,3453.884,,,,,,,,,,,,,,,,,0.0,0.0,0.0,,,,,,,,,,,,,,,,,,,,,,,,,,,,,,,,,,,,,0.0,0.0,0.0,,,,,,,,,,,,,,,0.388,,,,,,,,,,,,,,,,,,,,,,,,
Saint Vincent and the Grenadines,1990,VCT,112507,,,,,,,,,,,,,,,,,,0.0,0.0,0.0,,,,,,-5.612,-0.022,3255.05,,,,,,,,,,,,,,,,,0.0,0.0,0.0,,,,,,,,,,,,,,,,,,,,,,,,,,,,,,,,,,,,,0.0,0.0,0.0,,,,,,,,,,,,,,,0.366,,,,,,,,,,,,,,,,,,,,,,,,
Saint Vincent and the Grenadines,1991,VCT,112802,,,,,,,,,,,,,,,,,,0.0,0.0,0.0,,,,,,-13.252,-0.049,2816.311,,,,,,,,,,,,,,,,,0.0,0.0,0.0,,,,,,,,,,,,,,,,,,,,,,,,,,,,,,,,,,,,,0.0,0.0,0.0,,,,,,,,,,,,,,,0.318,,,,,,,,,,,,,,,,,,,,,,,,
Saint Vincent and the Grenadines,1992,VCT,113235,,,,,,,,,,,,,,,,,,0.0,0.0,0.0,,,,,,26.438,0.084,3547.282,,,,,,,,,,,,,,,,,0.0,0.0,0.0,,,,,,,,,,,,,,,,,,,,,,,,,,,,,,,,,,,,,0.0,0.0,0.0,,,,,,,,,,,,,,,0.402,,,,,,,,,,,,,,,,,,,,,,,,
Saint Vincent and the Grenadines,1993,VCT,113639,,,,,,,,,,,,,,,,,,0.0,0.0,0.0,,,,,,-13.509,-0.054,3057.175,,,,,,,,,,,,,,,,,0.0,0.0,0.0,,,,,,,,,,,,,,,,,,,,,,,,,,,,,,,,,,,,,0.0,0.0,0.0,,,,,,,,,,,,,,,0.347,,,,,,,,,,,,,,,,,,,,,,,,
Saint Vincent and the Grenadines,1994,VCT,113965,,,,,,,,,,,,,,,,,,0.0,0.0,0.0,,,,,,66.032,0.229,5061.373,,,,,,,,,,,,,,,,,0.0,0.0,0.0,,,,,,,,,,,,,,,,,,,,,,,,,,,,,,,,,,,,,0.0,0.0,0.0,,,,,,,,,,,,,,,0.577,,,,,,,,,,,,,,,,,,,,,,,,
Saint Vincent and the Grenadines,1995,VCT,114187,,,,,,,,,,,,,,,,,,0.0,0.0,0.0,,,,,,9.737,0.056,5543.421,,,,,,,,,,,,,,,,,0.0,0.0,0.0,,,,,,,,,,,,,,,,,,,,,,,,,,,,,,,,,,,,,0.0,0.0,0.0,,,,,,,,,,,,,,,0.633,,,,,,,,,,,,,,,,,,,,,,,,
Saint Vincent and the Grenadines,1996,VCT,114301,,,,,,,,,,,,,,,,,,0.0,0.0,0.0,,,,,,-8.668,-0.055,5057.892,,,,,,,,,,,,,,,,,0.0,0.0,0.0,,,,,,,,,,,,,,,,,,,,,,,,,,,,,,,,,,,,,0.0,0.0,0.0,,,,,,,,,,,,,,,0.578,,,,,,,,,,,,,,,,,,,,,,,,
Saint Vincent and the Grenadines,1997,VCT,114290,,,,,,,,,,,,,,,,,,0.0,0.0,0.0,,,,,,15.286,0.088,5831.607,,,,,,,,,,,,,,,,,0.0,0.0,0.0,,,,,,,,,,,,,,,,,,,,,,,,,,,,,,,,,,,,,0.0,0.0,0.0,,,,,,,,,,,,,,,0.666,,,,,,,,,,,,,,,,,,,,,,,,
Saint Vincent and the Grenadines,1998,VCT,114177,,,,,,,,,,,,,,,,,,0.0,0.0,0.0,,,,,,9.524,0.063,6393.317,,,,,,,,,,,,,,,,,0.0,0.0,0.0,,,,,,,,,,,,,,,,,,,,,,,,,,,,,,,,,,,,,0.0,0.0,0.0,,,,,,,,,,,,,,,0.73,,,,,,,,,,,,,,,,,,,,,,,,
Saint Vincent and the Grenadines,1999,VCT,114009,,,,,,,,,,,,,,,,,,0.0,0.0,0.0,,,,,,0.026,0.0,6404.435,,,,,,,,,,,,,,,,,0.0,0.0,0.0,,,,,,,,,,,,,,,,,,,,,,,,,,,,,,,,,,,,,0.0,0.0,0.0,,,,,,,,,,,,,,,0.73,,,,,,,,,,,,,,,,,,,,,,,,
Saint Vincent and the Grenadines,2000,VCT,113832,,,,,,0.0,0.0,0.0,,444.444,,,,,0.0,0.0,,0.0,0.0,0.0,0.0,,0.09,0.09,,-3.984,-0.029,6158.82,,,,527.093,0.06,,,66.667,,,,,0.0,0.0,,,0.0,0.0,0.0,0.0,,0.04,,,,263.546,0.03,,33.333,,,,,263.546,0.03,,33.333,,0.0,0.0,,,,0.0,0.0,,0.0,,,,,527.093,0.06,,,0.0,0.0,0.0,66.667,,,0.0,0.0,,,0.0,0.0,,0.0,0.0,,790.639,0.701,,,,263.546,0.03,,33.333,,,,,0.0,0.0,,0.0,,,,,0.0,0.0,,0.0,
Saint Vincent and the Grenadines,2001,VCT,113653,,,,,,0.0,0.0,0.0,,600.0,,,,,0.0,0.0,,0.0,0.0,0.0,0.0,,0.1,0.1,,15.731,0.11,7138.917,,,,703.897,0.08,,,80.0,,,,,0.0,0.0,,,0.0,0.0,0.0,0.0,,0.06,,,,175.974,0.02,,20.0,,,,,175.974,0.02,,20.0,,0.0,0.0,,,,0.0,0.0,,0.0,,,,,703.897,0.08,,,0.0,0.0,0.0,80.0,,,0.0,0.0,,,0.0,0.0,,0.0,0.0,,879.871,0.811,,,,175.974,0.02,,20.0,,,,,0.0,0.0,,0.0,,,,,0.0,0.0,,0.0,
Saint Vincent and the Grenadines,2002,VCT,113466,,,,,,0.0,0.0,0.0,,600.0,,,,,0.0,0.0,,0.0,0.0,0.0,0.0,,0.1,0.1,,8.115,0.066,7730.994,,,,705.057,0.08,,,80.0,,,,,0.0,0.0,,,0.0,0.0,0.0,0.0,,0.06,,,,176.264,0.02,,20.0,,,,,176.264,0.02,,20.0,,0.0,0.0,,,,0.0,0.0,,0.0,,,,,705.057,0.08,,,0.0,0.0,0.0,80.0,,,0.0,0.0,,,0.0,0.0,,0.0,0.0,,881.321,0.877,,,,176.264,0.02,,20.0,,,,,0.0,0.0,,0.0,,,,,0.0,0.0,,0.0,
Saint Vincent and the Grenadines,2003,VCT,113119,,,,,,0.0,0.0,0.0,,600.0,,,,,0.0,0.0,,0.0,0.0,0.0,0.0,,0.1,0.1,,4.791,0.042,8126.263,,,,707.22,0.08,,,80.0,,,,,0.0,0.0,,,0.0,0.0,0.0,0.0,,0.06,,,,176.805,0.02,,20.0,,,,,176.805,0.02,,20.0,,0.0,0.0,,,,0.0,0.0,,0.0,,,,,707.22,0.08,,,0.0,0.0,0.0,80.0,,,0.0,0.0,,,0.0,0.0,,0.0,0.0,,884.025,0.919,,,,176.805,0.02,,20.0,,,,,0.0,0.0,,0.0,,,,,0.0,0.0,,0.0,
Saint Vincent and the Grenadines,2004,VCT,112621,,,,,,0.0,0.0,0.0,,500.0,,,,,0.0,0.0,,0.0,0.0,0.0,0.0,,0.12,0.12,,10.458,0.096,9015.828,,,,799.141,0.09,,,75.0,,,,,0.0,0.0,,,0.0,0.0,0.0,0.0,,0.06,,,,266.38,0.03,,25.0,,,,,266.38,0.03,,25.0,,0.0,0.0,,,,0.0,0.0,,0.0,,,,,799.141,0.09,,,0.0,0.0,0.0,75.0,,,0.0,0.0,,,0.0,0.0,,0.0,0.0,,1065.521,1.015,,,,266.38,0.03,,25.0,,,,,0.0,0.0,,0.0,,,,,0.0,0.0,,0.0,
Saint Vincent and the Grenadines,2005,VCT,112056,,,,,,0.0,0.0,0.0,,538.462,,,,,0.0,0.0,,0.0,0.0,0.0,0.0,,0.13,0.13,,0.383,0.004,9096.029,,,,892.411,0.1,,,76.923,,,,,0.0,0.0,,,0.0,0.0,0.0,0.0,,0.07,,,,267.723,0.03,,23.077,,,,,267.723,0.03,,23.077,,0.0,0.0,,,,0.0,0.0,,0.0,,,,,892.411,0.1,,,0.0,0.0,0.0,76.923,,,0.0,0.0,,,0.0,0.0,,0.0,0.0,,1160.134,1.019,,,,267.723,0.03,,23.077,,,,,0.0,0.0,,0.0,,,,,0.0,0.0,,0.0,
Saint Vincent and the Grenadines,2006,VCT,111443,,,,,,0.0,0.0,0.0,,583.333,,,,,0.0,0.0,,0.0,0.0,0.0,0.0,,0.12,0.12,,-0.802,-0.008,9072.749,,,,897.32,0.1,,,83.333,,,,,0.0,0.0,,,0.0,0.0,0.0,0.0,,0.07,,,,179.464,0.02,,16.667,,,,,179.464,0.02,,16.667,,0.0,0.0,,,,0.0,0.0,,0.0,,,,,897.32,0.1,,,0.0,0.0,0.0,83.333,,,0.0,0.0,,,0.0,0.0,,0.0,0.0,,1076.784,1.011,,,,179.464,0.02,,16.667,,,,,0.0,0.0,,0.0,,,,,0.0,0.0,,0.0,
Saint Vincent and the Grenadines,2007,VCT,110836,,,,,,0.0,0.0,0.0,,615.385,,,,,0.0,0.0,,0.0,0.0,0.0,0.0,,0.13,0.13,,1.9,0.019,9295.734,,,,992.457,0.11,,,84.615,,,,,0.0,0.0,,,0.0,0.0,0.0,0.0,,0.08,,,,180.447,0.02,,15.385,,,,,180.447,0.02,,15.385,,0.0,0.0,,,,0.0,0.0,,0.0,,,,,992.457,0.11,,,0.0,0.0,0.0,84.615,,,0.0,0.0,,,0.0,0.0,,0.0,0.0,,1172.904,1.03,,,,180.447,0.02,,15.385,,,,,0.0,0.0,,0.0,,,,,0.0,0.0,,0.0,
Saint Vincent and the Grenadines,2008,VCT,110333,,,,,,0.0,0.0,0.0,,615.385,,,,,0.0,0.0,,0.0,0.0,0.0,0.0,,0.13,0.13,,0.105,0.001,9347.958,,,,996.982,0.11,,,84.615,,,,,0.0,0.0,,,0.0,0.0,0.0,0.0,,0.08,,,,181.269,0.02,,15.385,,,,,181.269,0.02,,15.385,,0.0,0.0,,,,0.0,0.0,,0.0,,,,,996.982,0.11,,,0.0,0.0,0.0,84.615,,,0.0,0.0,,,0.0,0.0,,0.0,0.0,,1178.251,1.031,,,,181.269,0.02,,15.385,,,,,0.0,0.0,,0.0,,,,,0.0,0.0,,0.0,
Saint Vincent and the Grenadines,2009,VCT,109852,,,,,,0.0,0.0,0.0,,615.385,,,,,0.0,0.0,,0.0,0.0,0.0,0.0,,0.13,0.13,,34.47,0.356,12625.214,,,,1001.347,0.11,,,84.615,,,,,0.0,0.0,,,0.0,0.0,0.0,0.0,,0.08,,,,182.063,0.02,,15.385,,,,,182.063,0.02,,15.385,,0.0,0.0,,,,0.0,0.0,,0.0,,,,,1001.347,0.11,,,0.0,0.0,0.0,84.615,,,0.0,0.0,,,0.0,0.0,,0.0,0.0,,1183.41,1.387,,,,182.063,0.02,,15.385,,,,,0.0,0.0,,0.0,,,,,0.0,0.0,,0.0,
Saint Vincent and the Grenadines,2010,VCT,109324,,,,,,0.0,0.0,0.0,,571.429,,,,,0.0,0.0,,0.0,0.0,0.0,0.0,,0.14,0.14,,-26.089,-0.362,9376.506,,,,1006.183,0.11,,,78.571,,,,,0.0,0.0,,,0.0,0.0,0.0,0.0,,0.08,,,,274.414,0.03,,21.429,,,,,274.414,0.03,,21.429,,0.0,0.0,,,,0.0,0.0,,0.0,,,,,1006.183,0.11,,,0.0,0.0,0.0,78.571,,,0.0,0.0,,,0.0,0.0,,0.0,0.0,,1280.597,1.025,,,,274.414,0.03,,21.429,,,,,0.0,0.0,,0.0,,,,,0.0,0.0,,0.0,
Saint Vincent and the Grenadines,2011,VCT,108722,,,,,,0.0,0.0,0.0,,571.429,,,,,0.0,0.0,,0.0,0.0,0.0,0.0,,0.14,0.14,,-7.301,-0.075,8740.024,,,,1011.755,0.11,,,78.571,,,,,0.0,0.0,,,0.0,0.0,0.0,0.0,,0.08,,,,275.933,0.03,,21.429,,,,,275.933,0.03,,21.429,,0.0,0.0,,,,0.0,0.0,,0.0,,,,,1011.755,0.11,,,0.0,0.0,0.0,78.571,,,0.0,0.0,,,0.0,0.0,,0.0,0.0,,1287.688,0.95,,,,275.933,0.03,,21.429,,,,,0.0,0.0,,0.0,,,,,0.0,0.0,,0.0,
Saint Vincent and the Grenadines,2012,VCT,108105,,,,,,0.0,0.0,0.0,,571.429,,,,,0.0,0.0,,0.0,0.0,0.0,0.0,,0.14,0.14,,21.233,0.202,10656.227,,,,1017.529,0.11,,,78.571,,,,,0.0,0.0,,,0.0,0.0,0.0,0.0,,0.08,,,,277.508,0.03,,21.429,,,,,277.508,0.03,,21.429,,0.0,0.0,,,,0.0,0.0,,0.0,,,,,1017.529,0.11,,,0.0,0.0,0.0,78.571,,,0.0,0.0,,,0.0,0.0,,0.0,0.0,,1295.037,1.152,,,,277.508,0.03,,21.429,,,,,0.0,0.0,,0.0,,,,,0.0,0.0,,0.0,
Saint Vincent and the Grenadines,2013,VCT,107469,,,,,,0.0,0.0,0.0,,615.385,,,,,0.0,0.0,,0.0,0.0,0.0,0.0,,0.13,0.13,,-18.197,-0.21,8768.699,,,,1023.551,0.11,,,84.615,,,,,0.0,0.0,,,0.0,0.0,0.0,0.0,,0.08,,,,186.1,0.02,,15.385,,,,,186.1,0.02,,15.385,,0.0,0.0,,,,0.0,0.0,,0.0,,,,,1023.551,0.11,,,0.0,0.0,0.0,84.615,,,0.0,0.0,,,0.0,0.0,,0.0,0.0,,1209.651,0.942,,,,186.1,0.02,,15.385,,,,,0.0,0.0,,0.0,,,,,0.0,0.0,,0.0,
Saint Vincent and the Grenadines,2014,VCT,106934,,,,,,0.0,0.0,0.0,,615.385,,,,,0.0,0.0,,0.0,0.0,0.0,0.0,,0.13,0.13,,3.042,0.029,9080.616,,,,1122.188,0.12,,,92.308,,,,,0.0,0.0,,,0.0,0.0,0.0,0.0,,0.08,,,,93.516,0.01,,7.692,,,,,93.516,0.01,,7.692,,0.0,0.0,,,,0.0,0.0,,0.0,,,,,1122.188,0.12,,,0.0,0.0,0.0,92.308,,,0.0,0.0,,,0.0,0.0,,0.0,0.0,,1215.703,0.971,,,,93.516,0.01,,7.692,,,,,0.0,0.0,,0.0,,,,,0.0,0.0,,0.0,
Saint Vincent and the Grenadines,2015,VCT,106493,,,,,,0.0,0.0,0.0,,571.429,,,,,0.0,0.0,,0.0,0.0,0.0,0.0,,0.14,0.14,,2.512,0.024,9347.271,,,,1126.835,0.12,,,85.714,,,,,0.0,0.0,,,0.0,0.0,0.0,0.0,,0.08,,,,187.806,0.02,,14.286,,,,,187.806,0.02,,14.286,,0.0,0.0,,,,0.0,0.0,,0.0,,,,,1126.835,0.12,,,0.0,0.0,0.0,85.714,,,0.0,0.0,,,0.0,0.0,,0.0,0.0,,1314.64,0.995,,,,187.806,0.02,,14.286,,,,,0.0,0.0,,0.0,,,,,0.0,0.0,,0.0,
Saint Vincent and the Grenadines,2016,VCT,105971,,,,,,0.0,0.0,0.0,,600.0,,,,,0.0,0.0,,0.0,0.0,0.0,0.0,,0.15,0.15,,-0.202,-0.002,9374.356,,,,1226.751,0.13,,,86.667,,,,,0.0,0.0,,,0.0,0.0,0.0,0.0,,0.09,,,,188.731,0.02,,13.333,,,,,188.731,0.02,,13.333,,0.0,0.0,,,,0.0,0.0,,0.0,,,,,1226.751,0.13,,,0.0,0.0,0.0,86.667,,,0.0,0.0,,,0.0,0.0,,0.0,0.0,,1415.482,0.993,,,,188.731,0.02,,13.333,,,,,0.0,0.0,,0.0,,,,,0.0,0.0,,0.0,
Saint Vincent and the Grenadines,2017,VCT,105568,,,,,,0.0,0.0,0.0,,571.429,,,,,0.0,0.0,,,,,0.0,,0.14,0.14,,15.156,0.151,10836.359,,,,1136.708,0.12,,,85.714,,,,,0.0,0.0,,,,,,0.0,,0.08,,,,189.451,0.02,,14.286,,,,,189.451,0.02,,14.286,,0.0,0.0,,,,0.0,0.0,,0.0,,,,,1136.708,0.12,,,,,,85.714,,,0.0,0.0,,,0.0,0.0,,0.0,0.0,,1326.159,1.144,,,,189.451,0.02,,14.286,,,,,0.0,0.0,,0.0,,,,,0.0,0.0,,0.0,
Saint Vincent and the Grenadines,2018,VCT,105297,,,,,,0.0,0.0,0.0,,571.429,,,,,0.0,0.0,,,,,0.0,,0.14,0.14,,-7.968,-0.091,9998.609,,,,1139.634,0.12,,,85.714,,,,,0.0,0.0,,,,,,0.0,,0.08,,,,189.939,0.02,,14.286,,,,,189.939,0.02,,14.286,,0.0,0.0,,,,0.0,0.0,,0.0,,,,,1139.634,0.12,,,,,,85.714,,,0.0,0.0,,,0.0,0.0,,0.0,0.0,,1329.573,1.053,,,,189.939,0.02,,14.286,,,,,0.0,0.0,,0.0,,,,,0.0,0.0,,0.0,
Saint Vincent and the Grenadines,2019,VCT,104940,,,,,,0.0,0.0,0.0,,571.429,,,,,0.0,0.0,,,,,0.0,,0.14,0.14,,-13.854,-0.146,8642.675,,,,1143.511,0.12,,,85.714,,,,,0.0,0.0,,,,,,0.0,,0.08,,,,190.585,0.02,,14.286,,,,,190.585,0.02,,14.286,,0.0,0.0,,,,0.0,0.0,,0.0,,,,,1143.511,0.12,,,,,,85.714,,,0.0,0.0,,,0.0,0.0,,0.0,0.0,,1334.096,0.907,,,,190.585,0.02,,14.286,,,,,0.0,0.0,,0.0,,,,,0.0,0.0,,0.0,
Saint Vincent and the Grenadines,2020,VCT,104644,,,,,,0.0,0.0,0.0,,533.333,,,,,0.0,0.0,,,,,0.0,,0.15,0.15,,-10.137,-0.092,7788.496,,,,1051.183,0.11,,,73.333,,,,,0.0,0.0,,,,,,0.0,,0.08,,,,382.248,0.04,,26.667,,,,,382.248,0.04,,26.667,,0.0,0.0,,,,0.0,0.0,,0.0,,,,,1051.183,0.11,,,,,,73.333,,,0.0,0.0,,,0.0,0.0,,0.0,0.0,,1433.431,0.815,,,,382.248,0.04,,26.667,,,,,0.0,0.0,,0.0,,,,,0.0,0.0,,0.0,
Saint Vincent and the Grenadines,2021,VCT,104340,,,,,,0.0,0.0,0.0,,500.0,,,,,0.0,0.0,,,,,0.0,,0.16,0.16,,5.559,0.045,8245.438,,,,1150.086,0.12,,,75.0,,,,,0.0,0.0,,,,,,0.0,,0.08,,,,383.362,0.04,,25.0,,,,,383.362,0.04,,25.0,,0.0,0.0,,,,0.0,0.0,,0.0,,,,,1150.086,0.12,,,,,,75.0,,,0.0,0.0,,,0.0,0.0,,0.0,0.0,,1533.448,0.86,,,,383.362,0.04,,25.0,,,,,0.0,0.0,,0.0,,,,,0.0,0.0,,0.0,
Samoa,1980,WSM,164921,,,,,,,,,,,,,,,,,,,0.0,0.0,,,,,,,,2659.521,,,,,,,,,,,,,,,,,,0.0,0.0,,,,,,,,,,,,,,,,,,,,,,,,,,,,,,,,,,,,,,0.0,0.0,,,,,,,,,,,,,,,0.439,,,,,,,,,,,,,,,,,,,,,,,,
Samoa,1981,WSM,166201,,,,,,,,,,,,,,,,,,0.0,0.0,0.0,,,,,,-0.23,-0.001,2632.981,,,,,,,,,,,,,,,,,0.0,0.0,0.0,,,,,,,,,,,,,,,,,,,,,,,,,,,,,,,,,,,,,0.0,0.0,0.0,,,,,,,,,,,,,,,0.438,,,,,,,,,,,,,,,,,,,,,,,,
Samoa,1982,WSM,166899,,,,,,,,,,,,,,,,,,0.0,0.0,0.0,,,,,,17.087,0.075,3069.979,,,,,,,,,,,,,,,,,0.0,0.0,0.0,,,,,,,,,,,,,,,,,,,,,,,,,,,,,,,,,,,,,0.0,0.0,0.0,,,,,,,,,,,,,,,0.512,,,,,,,,,,,,,,,,,,,,,,,,
Samoa,1983,WSM,166956,,,,,,,,,,,,,,,,,,0.0,0.0,0.0,,,,,,0.045,0.0,3070.321,,,,,,,,,,,,,,,,,0.0,0.0,0.0,,,,,,,,,,,,,,,,,,,,,,,,,,,,,,,,,,,,,0.0,0.0,0.0,,,,,,,,,,,,,,,0.513,,,,,,,,,,,,,,,,,,,,,,,,
Samoa,1984,WSM,166790,,,,,,,,,,,,,,,,,,0.0,0.0,0.0,,,,,,25.846,0.132,3867.722,,,,,,,,,,,,,,,,,0.0,0.0,0.0,,,,,,,,,,,,,,,,,,,,,,,,,,,,,,,,,,,,,0.0,0.0,0.0,,,,,,,,,,,,,,,0.645,,,,,,,,,,,,,,,,,,,,,,,,
Samoa,1985,WSM,166533,,,,,,,,,,,,,,,,,,0.0,0.0,0.0,,,,,,-18.205,-0.117,3168.503,,,,,,,,,,,,,,,,,0.0,0.0,0.0,,,,,,,,,,,,,,,,,,,,,,,,,,,,,,,,,,,,,0.0,0.0,0.0,,,,,,,,,,,,,,,0.528,,,,,,,,,,,,,,,,,,,,,,,,
Samoa,1986,WSM,166369,,,,,,,,,,,,,,,,,,0.0,0.0,0.0,,,,,,-9.527,-0.05,2869.454,,,,,,,,,,,,,,,,,0.0,0.0,0.0,,,,,,,,,,,,,,,,,,,,,,,,,,,,,,,,,,,,,0.0,0.0,0.0,,,,,,,,,,,,,,,0.477,,,,,,,,,,,,,,,,,,,,,,,,
Samoa,1987,WSM,166786,,,,,,,,,,,,,,,,,,0.0,0.0,0.0,,,,,,-1.312,-0.006,2824.715,,,,,,,,,,,,,,,,,0.0,0.0,0.0,,,,,,,,,,,,,,,,,,,,,,,,,,,,,,,,,,,,,0.0,0.0,0.0,,,,,,,,,,,,,,,0.471,,,,,,,,,,,,,,,,,,,,,,,,
Samoa,1988,WSM,167464,,,,,,,,,,,,,,,,,,0.0,0.0,0.0,,,,,,0.136,0.001,2817.094,,,,,,,,,,,,,,,,,0.0,0.0,0.0,,,,,,,,,,,,,,,,,,,,,,,,,,,,,,,,,,,,,0.0,0.0,0.0,,,,,,,,,,,,,,,0.472,,,,,,,,,,,,,,,,,,,,,,,,
Samoa,1989,WSM,167904,,,,,,,,,,,,,,,,,,0.0,0.0,0.0,,,,,,26.294,0.124,3548.507,,,,,,,,,,,,,,,,,0.0,0.0,0.0,,,,,,,,,,,,,,,,,,,,,,,,,,,,,,,,,,,,,0.0,0.0,0.0,,,,,,,,,,,,,,,0.596,,,,,,,,,,,,,,,,,,,,,,,,
Samoa,1990,WSM,168202,,,,,,,,,,,,,,,,,,0.0,0.0,0.0,,,,,,-0.03,-0.0,3541.175,,,,,,,,,,,,,,,,,0.0,0.0,0.0,,,,,,,,,,,,,,,,,,,,,,,,,,,,,,,,,,,,,0.0,0.0,0.0,,,,,,,,,,,,,,,0.596,,,,,,,,,,,,,,,,,,,,,,,,
Samoa,1991,WSM,168713,,,,,,,,,,,,,,,,,,0.0,0.0,0.0,,,,,,0.033,0.0,3531.631,,,,,,,,,,,,,,,,,0.0,0.0,0.0,,,,,,,,,,,,,,,,,,,,,,,,,,,,,,,,,,,,,0.0,0.0,0.0,,,,,,,,,,,,,,,0.596,,,,,,,,,,,,,,,,,,,,,,,,
Samoa,1992,WSM,169817,,,,,,,,,,,,,,,,,,0.0,0.0,0.0,,,,,,-6.76,-0.04,3271.491,,,,,,,,,,,,,,,,,0.0,0.0,0.0,,,,,,,,,,,,,,,,,,,,,,,,,,,,,,,,,,,,,0.0,0.0,0.0,,,,,,,,,,,,,,,0.556,,,,,,,,,,,,,,,,,,,,,,,,
Samoa,1993,WSM,171375,,,,,,,,,,,,,,,,,,0.0,0.0,0.0,,,,,,9.835,0.055,3560.577,,,,,,,,,,,,,,,,,0.0,0.0,0.0,,,,,,,,,,,,,,,,,,,,,,,,,,,,,,,,,,,,,0.0,0.0,0.0,,,,,,,,,,,,,,,0.61,,,,,,,,,,,,,,,,,,,,,,,,
Samoa,1994,WSM,173120,,,,,,,,,,,,,,,,,,0.0,0.0,0.0,,,,,,0.008,0.0,3524.984,,,,,,,,,,,,,,,,,0.0,0.0,0.0,,,,,,,,,,,,,,,,,,,,,,,,,,,,,,,,,,,,,0.0,0.0,0.0,,,,,,,,,,,,,,,0.61,,,,,,,,,,,,,,,,,,,,,,,,
Samoa,1995,WSM,174917,,,,,,,,,,,,,,,,,,0.0,0.0,0.0,,,,,,0.49,0.003,3505.88,,,,,,,,,,,,,,,,,0.0,0.0,0.0,,,,,,,,,,,,,,,,,,,,,,,,,,,,,,,,,,,,,0.0,0.0,0.0,,,,,,,,,,,,,,,0.613,,,,,,,,,,,,,,,,,,,,,,,,
Samoa,1996,WSM,176732,,,,,,,,,,,,,,,,,,0.0,0.0,0.0,,,,,,2.25,0.014,3547.958,,,,,,,,,,,,,,,,,0.0,0.0,0.0,,,,,,,,,,,,,,,,,,,,,,,,,,,,,,,,,,,,,0.0,0.0,0.0,,,,,,,,,,,,,,,0.627,,,,,,,,,,,,,,,,,,,,,,,,
Samoa,1997,WSM,178555,,,,,,,,,,,,,,,,,,0.0,0.0,0.0,,,,,,1.02,0.006,3547.566,,,,,,,,,,,,,,,,,0.0,0.0,0.0,,,,,,,,,,,,,,,,,,,,,,,,,,,,,,,,,,,,,0.0,0.0,0.0,,,,,,,,,,,,,,,0.633,,,,,,,,,,,,,,,,,,,,,,,,
Samoa,1998,WSM,180392,,,,,,,,,,,,,,,,,,0.0,0.0,0.0,,,,,,2.334,0.015,3593.414,,,,,,,,,,,,,,,,,0.0,0.0,0.0,,,,,,,,,,,,,,,,,,,,,,,,,,,,,,,,,,,,,0.0,0.0,0.0,,,,,,,,,,,,,,,0.648,,,,,,,,,,,,,,,,,,,,,,,,
Samoa,1999,WSM,182224,,,,,,,,,,,,,,,,,,0.0,0.0,0.0,,,,,,2.361,0.015,3641.292,,,,,,,,,,,,,,,,,0.0,0.0,0.0,,,,,,,,,,,,,,,,,,,,,,,,,,,,,,,,,,,,,0.0,0.0,0.0,,,,,,,,,,,,,,,0.664,,,,,,,,,,,,,,,,,,,,,,,,
Samoa,2000,WSM,184022,,,,,,54.341,0.01,10.0,,400.0,,,,,0.0,0.0,,0.0,0.0,0.0,0.0,,0.1,0.1,,40.083,0.266,5050.979,,,,271.707,0.05,,,50.0,,,,,0.0,0.0,,,0.0,0.0,0.0,0.0,,0.04,,,,217.365,0.04,,40.0,,,,,271.707,0.05,,50.0,,0.0,0.0,,,,0.0,0.0,,0.0,,,,,271.707,0.05,,,0.0,0.0,0.0,50.0,,,0.01,0.0,,,54.341,0.0,,10.0,0.0,,543.413,0.929,,,,271.707,0.05,,50.0,,,,,0.0,0.0,,0.0,,,,,0.0,0.0,,0.0,
Samoa,2001,WSM,185542,,,,,,53.896,0.01,9.091,,363.636,,,,,0.0,0.0,,0.0,0.0,0.0,0.0,,0.11,0.11,,6.849,0.064,5352.696,,,,269.481,0.05,,,45.455,,,,,0.0,0.0,,,0.0,0.0,0.0,0.0,,0.04,,,,269.481,0.05,,45.455,,,,,323.377,0.06,,54.545,,0.0,0.0,,,,0.0,0.0,,0.0,,,,,269.481,0.05,,,0.0,0.0,0.0,45.455,,,0.01,0.0,,,53.896,0.0,,9.091,0.0,,592.858,0.993,,,,323.377,0.06,,54.545,,,,,0.0,0.0,,0.0,,,,,0.0,0.0,,0.0,
Samoa,2002,WSM,186645,,,,,,53.578,0.01,8.333,,333.333,,,,,0.0,0.0,,0.0,0.0,0.0,0.0,,0.12,0.12,,5.59,0.056,5618.493,,,,267.888,0.05,,,41.667,,,,,0.0,0.0,,,0.0,0.0,0.0,0.0,,0.04,,,,321.466,0.06,,50.0,,,,,375.044,0.07,,58.333,,0.0,0.0,,,,0.0,0.0,,0.0,,,,,267.888,0.05,,,0.0,0.0,0.0,41.667,,,0.01,0.0,,,53.578,0.0,,8.333,0.0,,642.932,1.049,,,,375.044,0.07,,58.333,,,,,0.0,0.0,,0.0,,,,,0.0,0.0,,0.0,
Samoa,2003,WSM,187455,,,,,,53.346,0.01,9.091,,363.636,,,,,0.0,0.0,,0.0,0.0,0.0,0.0,,0.11,0.11,,0.88,0.009,5643.448,,,,266.731,0.05,,,45.455,,,,,0.0,0.0,,,0.0,0.0,0.0,0.0,,0.04,,,,266.731,0.05,,45.455,,,,,320.077,0.06,,54.545,,0.0,0.0,,,,0.0,0.0,,0.0,,,,,266.731,0.05,,,0.0,0.0,0.0,45.455,,,0.01,0.0,,,53.346,0.0,,9.091,0.0,,586.807,1.058,,,,320.077,0.06,,54.545,,,,,0.0,0.0,,0.0,,,,,0.0,0.0,,0.0,
Samoa,2004,WSM,188083,,,,,,53.168,0.01,9.091,,363.636,,,,,0.0,0.0,,0.0,0.0,0.0,0.0,,0.11,0.11,,0.004,0.0,5624.824,,,,265.84,0.05,,,45.455,,,,,0.0,0.0,,,0.0,0.0,0.0,0.0,,0.04,,,,265.84,0.05,,45.455,,,,,319.008,0.06,,54.545,,0.0,0.0,,,,0.0,0.0,,0.0,,,,,265.84,0.05,,,0.0,0.0,0.0,45.455,,,0.01,0.0,,,53.168,0.0,,9.091,0.0,,584.848,1.058,,,,319.008,0.06,,54.545,,,,,0.0,0.0,,0.0,,,,,0.0,0.0,,0.0,
Samoa,2005,WSM,188634,,,,,,53.013,0.01,9.091,,363.636,,,,,0.0,0.0,,0.0,0.0,0.0,0.0,,0.11,0.11,,1.252,0.013,5678.59,,,,265.064,0.05,,,45.455,,,,,0.0,0.0,,,0.0,0.0,0.0,0.0,,0.04,,,,265.064,0.05,,45.455,,,,,318.076,0.06,,54.545,,0.0,0.0,,,,0.0,0.0,,0.0,,,,,265.064,0.05,,,0.0,0.0,0.0,45.455,,,0.01,0.0,,,53.013,0.0,,9.091,0.0,,583.14,1.071,,,,318.076,0.06,,54.545,,,,,0.0,0.0,,0.0,,,,,0.0,0.0,,0.0,
Samoa,2006,WSM,189384,,,,,,0.0,0.0,0.0,,363.636,,,,,0.0,0.0,,0.0,0.0,0.0,0.0,,0.11,0.11,,3.33,0.036,5844.477,,,,316.817,0.06,,,54.545,,,,,0.0,0.0,,,0.0,0.0,0.0,0.0,,0.04,,,,264.014,0.05,,45.455,,,,,264.014,0.05,,45.455,,0.0,0.0,,,,0.0,0.0,,0.0,,,,,316.817,0.06,,,0.0,0.0,0.0,54.545,,,0.0,0.0,,,0.0,0.0,,0.0,0.0,,580.831,1.107,,,,264.014,0.05,,45.455,,,,,0.0,0.0,,0.0,,,,,0.0,0.0,,0.0,
Samoa,2007,WSM,190490,,,,,,0.0,0.0,0.0,,363.636,,,,,0.0,0.0,,0.0,0.0,0.0,0.0,,0.11,0.11,,6.723,0.074,6201.184,,,,314.977,0.06,,,54.545,,,,,0.0,0.0,,,0.0,0.0,0.0,0.0,,0.04,,,,262.481,0.05,,45.455,,,,,262.481,0.05,,45.455,,0.0,0.0,,,,0.0,0.0,,0.0,,,,,314.977,0.06,,,0.0,0.0,0.0,54.545,,,0.0,0.0,,,0.0,0.0,,0.0,0.0,,577.458,1.181,,,,262.481,0.05,,45.455,,,,,0.0,0.0,,0.0,,,,,0.0,0.0,,0.0,
Samoa,2008,WSM,191791,,,,,,0.0,0.0,0.0,,363.636,,,,,0.0,0.0,,0.0,0.0,0.0,0.0,,0.11,0.11,,2.581,0.03,6318.109,,,,312.841,0.06,,,54.545,,,,,0.0,0.0,,,0.0,0.0,0.0,0.0,,0.04,,,,260.7,0.05,,45.455,,,,,260.7,0.05,,45.455,,0.0,0.0,,,,0.0,0.0,,0.0,,,,,312.841,0.06,,,0.0,0.0,0.0,54.545,,,0.0,0.0,,,0.0,0.0,,0.0,0.0,,573.541,1.212,,,,260.7,0.05,,45.455,,,,,0.0,0.0,,0.0,,,,,0.0,0.0,,0.0,
Samoa,2009,WSM,193189,,,,,,0.0,0.0,0.0,,363.636,,,,,0.0,0.0,,0.0,0.0,0.0,0.0,,0.11,0.11,,4.653,0.056,6564.24,,,,310.577,0.06,,,54.545,,,,,0.0,0.0,,,0.0,0.0,0.0,0.0,,0.04,,,,258.814,0.05,,45.455,,,,,258.814,0.05,,45.455,,0.0,0.0,,,,0.0,0.0,,0.0,,,,,310.577,0.06,,,0.0,0.0,0.0,54.545,,,0.0,0.0,,,0.0,0.0,,0.0,0.0,,569.391,1.268,,,,258.814,0.05,,45.455,,,,,0.0,0.0,,0.0,,,,,0.0,0.0,,0.0,
Samoa,2010,WSM,194686,,,,,,0.0,0.0,0.0,,363.636,,,,,0.0,0.0,,0.0,0.0,0.0,0.0,,0.11,0.11,,-0.206,-0.003,6500.349,,,,308.189,0.06,,,54.545,,,,,0.0,0.0,,,0.0,0.0,0.0,0.0,,0.04,,,,256.824,0.05,,45.455,,,,,256.824,0.05,,45.455,,0.0,0.0,,,,0.0,0.0,,0.0,,,,,308.189,0.06,,,0.0,0.0,0.0,54.545,,,0.0,0.0,,,0.0,0.0,,0.0,0.0,,565.012,1.266,,,,256.824,0.05,,45.455,,,,,0.0,0.0,,0.0,,,,,0.0,0.0,,0.0,
Samoa,2011,WSM,196364,,,,,,0.0,0.0,0.0,,416.667,,,,,0.0,0.0,,0.0,0.0,0.0,0.0,,0.12,0.12,,1.193,0.015,6521.698,,,,356.481,0.07,,,58.333,,,,,0.0,0.0,,,0.0,0.0,0.0,0.0,,0.05,,,,254.629,0.05,,41.667,,,,,254.629,0.05,,41.667,,0.0,0.0,,,,0.0,0.0,,0.0,,,,,356.481,0.07,,,0.0,0.0,0.0,58.333,,,0.0,0.0,,,0.0,0.0,,0.0,0.0,,611.11,1.281,,,,254.629,0.05,,41.667,,,,,0.0,0.0,,0.0,,,,,0.0,0.0,,0.0,
Samoa,2012,WSM,198131,,,,,,0.0,0.0,0.0,,454.545,,,,,0.0,0.0,,0.0,0.0,0.0,0.0,,0.11,0.11,,-3.207,-0.041,6256.255,,,,353.302,0.07,,,63.636,,,,,0.0,0.0,,,0.0,0.0,0.0,0.0,,0.05,,,,201.887,0.04,,36.364,,,,,201.887,0.04,,36.364,,0.0,0.0,,,,0.0,0.0,,0.0,,,,,353.302,0.07,,,0.0,0.0,0.0,63.636,,,0.0,0.0,,,0.0,0.0,,0.0,0.0,,555.188,1.24,,,,201.887,0.04,,36.364,,,,,0.0,0.0,,0.0,,,,,0.0,0.0,,0.0,
Samoa,2013,WSM,199952,,,,,,0.0,0.0,0.0,,545.455,,,,,0.0,0.0,,0.0,0.0,0.0,0.0,,0.11,0.11,,-2.946,-0.037,6016.645,,,,400.096,0.08,,,72.727,,,,,0.0,0.0,,,0.0,0.0,0.0,0.0,,0.06,,,,150.036,0.03,,27.273,,,,,150.036,0.03,,27.273,,0.0,0.0,,,,0.0,0.0,,0.0,,,,,400.096,0.08,,,0.0,0.0,0.0,72.727,,,0.0,0.0,,,0.0,0.0,,0.0,0.0,,550.132,1.203,,,,150.036,0.03,,27.273,,,,,0.0,0.0,,0.0,,,,,0.0,0.0,,0.0,
Samoa,2014,WSM,201769,,,,,,0.0,0.0,0.0,,500.0,,,,,0.0,0.0,,0.0,0.0,0.0,0.0,,0.12,0.12,,1.67,0.02,6062.045,,,,446.055,0.09,,,75.0,,,,,0.0,0.0,,,0.0,0.0,0.0,0.0,,0.06,,,,148.685,0.03,,25.0,,,,,148.685,0.03,,25.0,,0.0,0.0,,,,0.0,0.0,,0.0,,,,,446.055,0.09,,,0.0,0.0,0.0,75.0,,,0.0,0.0,,,0.0,0.0,,0.0,0.0,,594.74,1.223,,,,148.685,0.03,,25.0,,,,,0.0,0.0,,0.0,,,,,0.0,0.0,,0.0,
Samoa,2015,WSM,203586,,,,,,0.0,0.0,0.0,,461.538,,,,,0.0,0.0,,0.0,0.0,0.0,0.0,,0.13,0.13,,16.039,0.196,6971.546,,,,442.074,0.09,,,69.231,,,,,0.0,0.0,,,0.0,0.0,0.0,0.0,,0.06,,,,147.358,0.03,,23.077,,,,,196.477,0.04,,30.769,,0.0,0.0,,,,0.0,0.0,,0.0,,,,,442.074,0.09,,,0.0,0.0,0.0,69.231,,,0.0,0.0,,,0.0,0.0,,0.0,0.0,,638.551,1.419,,,,196.477,0.04,,30.769,,,,,49.119,0.01,,7.692,,,,,0.0,0.0,,0.0,
Samoa,2016,WSM,205559,,,,,,0.0,0.0,0.0,,428.571,,,,,0.0,0.0,,0.0,0.0,0.0,0.0,,0.14,0.14,,6.551,0.093,7356.927,,,,437.831,0.09,,,64.286,,,,,0.0,0.0,,,0.0,0.0,0.0,0.0,,0.06,,,,145.943,0.03,,21.429,,,,,243.239,0.05,,35.714,,0.0,0.0,,,,0.0,0.0,,0.0,,,,,437.831,0.09,,,0.0,0.0,0.0,64.286,,,0.0,0.0,,,0.0,0.0,,0.0,0.0,,681.07,1.512,,,,243.239,0.05,,35.714,,,,,97.296,0.02,,14.286,,,,,0.0,0.0,,0.0,
Samoa,2017,WSM,207642,,,,,,0.0,0.0,0.0,,428.571,,,,,0.0,0.0,,,,,0.0,,0.14,0.14,,0.887,0.013,7347.693,,,,433.438,0.09,,,64.286,,,,,0.0,0.0,,,,,,0.0,,0.06,,,,144.479,0.03,,21.429,,,,,240.799,0.05,,35.714,,0.0,0.0,,,,0.0,0.0,,0.0,,,,,433.438,0.09,,,,,,64.286,,,0.0,0.0,,,0.0,0.0,,0.0,0.0,,674.237,1.526,,,,240.799,0.05,,35.714,,,,,96.32,0.02,,14.286,,,,,0.0,0.0,,0.0,
Samoa,2018,WSM,209715,,,,,,0.0,0.0,0.0,,400.0,,,,,0.0,0.0,,,,,0.0,,0.15,0.15,,-0.788,-0.012,7217.726,,,,429.154,0.09,,,60.0,,,,,0.0,0.0,,,,,,0.0,,0.06,,,,190.735,0.04,,26.667,,,,,286.103,0.06,,40.0,,0.0,0.0,,,,0.0,0.0,,0.0,,,,,429.154,0.09,,,,,,60.0,,,0.0,0.0,,,0.0,0.0,,0.0,0.0,,715.256,1.514,,,,286.103,0.06,,40.0,,,,,95.368,0.02,,13.333,,,,,0.0,0.0,,0.0,
Samoa,2019,WSM,211915,,,,,,0.0,0.0,0.0,,400.0,,,,,0.0,0.0,,,,,0.0,,0.15,0.15,,7.772,0.118,7697.959,,,,424.699,0.09,,,60.0,,,,,0.0,0.0,,,,,,0.0,,0.06,,,,188.755,0.04,,26.667,,,,,283.132,0.06,,40.0,,0.0,0.0,,,,0.0,0.0,,0.0,,,,,424.699,0.09,,,,,,60.0,,,0.0,0.0,,,0.0,0.0,,0.0,0.0,,707.831,1.631,,,,283.132,0.06,,40.0,,,,,94.377,0.02,,13.333,,,,,0.0,0.0,,0.0,
Samoa,2020,WSM,214934,,,,,,0.0,0.0,0.0,,437.5,,,,,0.0,0.0,,,,,0.0,,0.16,0.16,,-4.844,-0.079,7222.19,,,,465.259,0.1,,,62.5,,,,,0.0,0.0,,,,,,0.0,,0.07,,,,186.104,0.04,,25.0,,,,,279.155,0.06,,37.5,,0.0,0.0,,,,0.0,0.0,,0.0,,,,,465.259,0.1,,,,,,62.5,,,0.0,0.0,,,0.0,0.0,,0.0,0.0,,744.415,1.552,,,,279.155,0.06,,37.5,,,,,93.052,0.02,,12.5,,,,,0.0,0.0,,0.0,
Samoa,2021,WSM,218781,,,,,,0.0,0.0,0.0,,470.588,,,,,0.0,0.0,,,,,0.0,,0.17,0.17,,2.916,0.045,7302.089,,,,502.786,0.11,,,64.706,,,,,0.0,0.0,,,,,,0.0,,0.08,,,,182.831,0.04,,23.529,,,,,274.247,0.06,,35.294,,0.0,0.0,,,,0.0,0.0,,0.0,,,,,502.786,0.11,,,,,,64.706,,,0.0,0.0,,,0.0,0.0,,0.0,0.0,,777.033,1.598,,,,274.247,0.06,,35.294,,,,,91.416,0.02,,11.765,,,,,0.0,0.0,,0.0,
Sao Tome and Principe,1980,STP,97225,299108000.0,,,,,,,,,,,,,,,,,,0.0,0.0,,,,,,,,1444.145,0.469,,,,,,,,,,,,,,,,,0.0,0.0,,,,,,,,,,,,,,,,,,,,,,,,,,,,,,,,,,,,,,0.0,0.0,,,,,,,,,,,,,,,0.14,,,,,,,,,,,,,,,,,,,,,,,,
Sao Tome and Principe,1981,STP,99186,267168000.0,,,,,,,,,,,,,,,,,0.0,0.0,0.0,,,,,,-0.137,-0.0,1413.657,0.525,,,,,,,,,,,,,,,,0.0,0.0,0.0,,,,,,,,,,,,,,,,,,,,,,,,,,,,,,,,,,,,,0.0,0.0,0.0,,,,,,,,,,,,,,,0.14,,,,,,,,,,,,,,,,,,,,,,,,
Sao Tome and Principe,1982,STP,100949,276065984.0,,,,,,,,,,,,,,,,,0.0,0.0,0.0,,,,,,2.187,0.003,1419.339,0.519,,,,,,,,,,,,,,,,0.0,0.0,0.0,,,,,,,,,,,,,,,,,,,,,,,,,,,,,,,,,,,,,0.0,0.0,0.0,,,,,,,,,,,,,,,0.143,,,,,,,,,,,,,,,,,,,,,,,,
Sao Tome and Principe,1983,STP,102664,265600000.0,,,,,,,,,,,,,,,,,0.0,0.0,0.0,,,,,,-4.196,-0.006,1337.074,0.517,,,,,,,,,,,,,,,,0.0,0.0,0.0,,,,,,,,,,,,,,,,,,,,,,,,,,,,,,,,,,,,,0.0,0.0,0.0,,,,,,,,,,,,,,,0.137,,,,,,,,,,,,,,,,,,,,,,,,
Sao Tome and Principe,1984,STP,104514,249594000.0,,,,,,,,,,,,,,,,,0.0,0.0,0.0,,,,,,4.592,0.006,1373.724,0.575,,,,,,,,,,,,,,,,0.0,0.0,0.0,,,,,,,,,,,,,,,,,,,,,,,,,,,,,,,,,,,,,0.0,0.0,0.0,,,,,,,,,,,,,,,0.144,,,,,,,,,,,,,,,,,,,,,,,,
Sao Tome and Principe,1985,STP,106624,272688000.0,,,,,,,,,,,,,,,,,0.0,0.0,0.0,,,,,,-0.215,-0.0,1343.641,0.525,,,,,,,,,,,,,,,,0.0,0.0,0.0,,,,,,,,,,,,,,,,,,,,,,,,,,,,,,,,,,,,,0.0,0.0,0.0,,,,,,,,,,,,,,,0.143,,,,,,,,,,,,,,,,,,,,,,,,
Sao Tome and Principe,1986,STP,108978,256308000.0,,,,,,,,,,,,,,,,,0.0,0.0,0.0,,,,,,6.637,0.01,1401.865,0.596,,,,,,,,,,,,,,,,0.0,0.0,0.0,,,,,,,,,,,,,,,,,,,,,,,,,,,,,,,,,,,,,0.0,0.0,0.0,,,,,,,,,,,,,,,0.153,,,,,,,,,,,,,,,,,,,,,,,,
Sao Tome and Principe,1987,STP,111627,250591008.0,,,,,,,,,,,,,,,,,0.0,0.0,0.0,,,,,,1.962,0.003,1395.456,0.622,,,,,,,,,,,,,,,,0.0,0.0,0.0,,,,,,,,,,,,,,,,,,,,,,,,,,,,,,,,,,,,,0.0,0.0,0.0,,,,,,,,,,,,,,,0.156,,,,,,,,,,,,,,,,,,,,,,,,
Sao Tome and Principe,1988,STP,114528,254744992.0,,,,,,,,,,,,,,,,,0.0,0.0,0.0,,,,,,0.069,0.0,1361.041,0.612,,,,,,,,,,,,,,,,0.0,0.0,0.0,,,,,,,,,,,,,,,,,,,,,,,,,,,,,,,,,,,,,0.0,0.0,0.0,,,,,,,,,,,,,,,0.156,,,,,,,,,,,,,,,,,,,,,,,,
Sao Tome and Principe,1989,STP,117458,261708000.0,,,,,,,,,,,,,,,,,0.0,0.0,0.0,,,,,,-0.049,-0.0,1326.441,0.595,,,,,,,,,,,,,,,,0.0,0.0,0.0,,,,,,,,,,,,,,,,,,,,,,,,,,,,,,,,,,,,,0.0,0.0,0.0,,,,,,,,,,,,,,,0.156,,,,,,,,,,,,,,,,,,,,,,,,
Sao Tome and Principe,1990,STP,120355,257172000.0,,,,,,,,,,,,,,,,,0.0,0.0,0.0,,,,,,79.942,0.125,2329.375,1.09,,,,,,,,,,,,,,,,0.0,0.0,0.0,,,,,,,,,,,,,,,,,,,,,,,,,,,,,,,,,,,,,0.0,0.0,0.0,,,,,,,,,,,,,,,0.28,,,,,,,,,,,,,,,,,,,,,,,,
Sao Tome and Principe,1991,STP,123101,262157968.0,,,,,,,,,,,,,,,,,0.0,0.0,0.0,,,,,,5.424,0.015,2400.937,1.127,,,,,,,,,,,,,,,,0.0,0.0,0.0,,,,,,,,,,,,,,,,,,,,,,,,,,,,,,,,,,,,,0.0,0.0,0.0,,,,,,,,,,,,,,,0.296,,,,,,,,,,,,,,,,,,,,,,,,
Sao Tome and Principe,1992,STP,125663,264441184.0,,,,,,,,,,,,,,,,,0.0,0.0,0.0,,,,,,0.152,0.0,2355.555,1.119,,,,,,,,,,,,,,,,0.0,0.0,0.0,,,,,,,,,,,,,,,,,,,,,,,,,,,,,,,,,,,,,0.0,0.0,0.0,,,,,,,,,,,,,,,0.296,,,,,,,,,,,,,,,,,,,,,,,,
Sao Tome and Principe,1993,STP,128195,268616544.0,,,,,,,,,,,,,,,,,0.0,0.0,0.0,,,,,,-0.252,-0.001,2303.21,1.099,,,,,,,,,,,,,,,,0.0,0.0,0.0,,,,,,,,,,,,,,,,,,,,,,,,,,,,,,,,,,,,,0.0,0.0,0.0,,,,,,,,,,,,,,,0.295,,,,,,,,,,,,,,,,,,,,,,,,
Sao Tome and Principe,1994,STP,130679,275609568.0,,,,,,,,,,,,,,,,,0.0,0.0,0.0,,,,,,21.109,0.062,2736.376,1.297,,,,,,,,,,,,,,,,0.0,0.0,0.0,,,,,,,,,,,,,,,,,,,,,,,,,,,,,,,,,,,,,0.0,0.0,0.0,,,,,,,,,,,,,,,0.358,,,,,,,,,,,,,,,,,,,,,,,,
Sao Tome and Principe,1995,STP,133094,281874144.0,,,,,,,,,,,,,,,,,0.0,0.0,0.0,,,,,,-0.003,-0.0,2686.655,1.269,,,,,,,,,,,,,,,,0.0,0.0,0.0,,,,,,,,,,,,,,,,,,,,,,,,,,,,,,,,,,,,,0.0,0.0,0.0,,,,,,,,,,,,,,,0.358,,,,,,,,,,,,,,,,,,,,,,,,
Sao Tome and Principe,1996,STP,135423,288736960.0,,,,,,,,,,,,,,,,,0.0,0.0,0.0,,,,,,0.253,0.001,2647.133,1.242,,,,,,,,,,,,,,,,0.0,0.0,0.0,,,,,,,,,,,,,,,,,,,,,,,,,,,,,,,,,,,,,0.0,0.0,0.0,,,,,,,,,,,,,,,0.358,,,,,,,,,,,,,,,,,,,,,,,,
Sao Tome and Principe,1997,STP,137672,291643200.0,,,,,,,,,,,,,,,,,0.0,0.0,0.0,,,,,,-0.317,-0.001,2595.629,1.225,,,,,,,,,,,,,,,,0.0,0.0,0.0,,,,,,,,,,,,,,,,,,,,,,,,,,,,,,,,,,,,,0.0,0.0,0.0,,,,,,,,,,,,,,,0.357,,,,,,,,,,,,,,,,,,,,,,,,
Sao Tome and Principe,1998,STP,139801,300902176.0,,,,,,,,,,,,,,,,,0.0,0.0,0.0,,,,,,-0.847,-0.003,2534.456,1.178,,,,,,,,,,,,,,,,0.0,0.0,0.0,,,,,,,,,,,,,,,,,,,,,,,,,,,,,,,,,,,,,0.0,0.0,0.0,,,,,,,,,,,,,,,0.354,,,,,,,,,,,,,,,,,,,,,,,,
Sao Tome and Principe,1999,STP,141823,310102880.0,,,,,,,,,,,,,,,,,0.0,0.0,0.0,,,,,,1.71,0.006,2541.055,1.162,,,,,,,,,,,,,,,,0.0,0.0,0.0,,,,,,,,,,,,,,,,,,,,,,,,,,,,,,,,,,,,,0.0,0.0,0.0,,,,,,,,,,,,,,,0.36,,,,,,,,,,,,,,,,,,,,,,,,
Sao Tome and Principe,2000,STP,143729,312853568.0,,,,,0.0,0.0,0.0,,333.333,,,,,0.0,0.0,,0.0,0.0,0.0,0.0,,0.03,0.03,,-18.956,-0.068,2032.075,0.934,,,139.151,0.02,,,66.667,,,,,0.0,0.0,,,0.0,0.0,0.0,0.0,,0.01,,,,69.575,0.01,,33.333,,,,,69.575,0.01,,33.333,,0.0,0.0,,,,0.0,0.0,,0.0,,,,,139.151,0.02,,,0.0,0.0,0.0,66.667,,,0.0,0.0,,,0.0,0.0,,0.0,0.0,,208.726,0.292,,,,69.575,0.01,,33.333,,,,,0.0,0.0,,0.0,,,,,0.0,0.0,,0.0,
Sao Tome and Principe,2001,STP,146271,323367296.0,,,,,0.0,0.0,0.0,,500.0,,,,,0.0,0.0,,0.0,0.0,0.0,0.0,,0.02,0.02,,-6.555,-0.019,1865.868,0.844,,,136.732,0.02,,,100.0,,,,,0.0,0.0,,,0.0,0.0,0.0,0.0,,0.01,,,,0.0,0.0,,0.0,,,,,0.0,0.0,,0.0,,0.0,0.0,,,,0.0,0.0,,0.0,,,,,136.732,0.02,,,0.0,0.0,0.0,100.0,,,0.0,0.0,,,0.0,0.0,,0.0,0.0,,136.732,0.273,,,,0.0,0.0,,0.0,,,,,0.0,0.0,,0.0,,,,,0.0,0.0,,0.0,
Sao Tome and Principe,2002,STP,149852,330763136.0,,,,,0.0,0.0,0.0,,333.333,,,,,0.0,0.0,,0.0,0.0,0.0,0.0,,0.03,0.03,,13.177,0.036,2061.275,0.934,,,133.465,0.02,,,66.667,,,,,0.0,0.0,,,0.0,0.0,0.0,0.0,,0.01,,,,66.733,0.01,,33.333,,,,,66.733,0.01,,33.333,,0.0,0.0,,,,0.0,0.0,,0.0,,,,,133.465,0.02,,,0.0,0.0,0.0,66.667,,,0.0,0.0,,,0.0,0.0,,0.0,0.0,,200.198,0.309,,,,66.733,0.01,,33.333,,,,,0.0,0.0,,0.0,,,,,0.0,0.0,,0.0,
Sao Tome and Principe,2003,STP,153774,356840544.0,,,,,0.0,0.0,0.0,,333.333,,,,,0.0,0.0,,0.0,0.0,0.0,0.0,,0.03,0.03,,11.407,0.035,2237.827,0.964,,,130.061,0.02,,,66.667,,,,,0.0,0.0,,,0.0,0.0,0.0,0.0,,0.01,,,,65.031,0.01,,33.333,,,,,65.031,0.01,,33.333,,0.0,0.0,,,,0.0,0.0,,0.0,,,,,130.061,0.02,,,0.0,0.0,0.0,66.667,,,0.0,0.0,,,0.0,0.0,,0.0,0.0,,195.091,0.344,,,,65.031,0.01,,33.333,,,,,0.0,0.0,,0.0,,,,,0.0,0.0,,0.0,
Sao Tome and Principe,2004,STP,157714,370949152.0,,,,,0.0,0.0,0.0,,500.0,,,,,0.0,0.0,,0.0,0.0,0.0,0.0,,0.04,0.04,,13.125,0.045,2468.292,1.049,,,190.218,0.03,,,75.0,,,,,0.0,0.0,,,0.0,0.0,0.0,0.0,,0.02,,,,63.406,0.01,,25.0,,,,,63.406,0.01,,25.0,,0.0,0.0,,,,0.0,0.0,,0.0,,,,,190.218,0.03,,,0.0,0.0,0.0,75.0,,,0.0,0.0,,,0.0,0.0,,0.0,0.0,,253.624,0.389,,,,63.406,0.01,,25.0,,,,,0.0,0.0,,0.0,,,,,0.0,0.0,,0.0,
Sao Tome and Principe,2005,STP,161697,400193568.0,,,,,0.0,0.0,0.0,,750.0,,,,,0.0,0.0,,0.0,0.0,0.0,0.0,,0.04,0.04,,5.705,0.022,2544.832,1.028,,,247.376,0.04,,,100.0,,,,,0.0,0.0,,,0.0,0.0,0.0,0.0,,0.03,,,,0.0,0.0,,0.0,,,,,0.0,0.0,,0.0,,0.0,0.0,,,,0.0,0.0,,0.0,,,,,247.376,0.04,,,0.0,0.0,0.0,100.0,,,0.0,0.0,,,0.0,0.0,,0.0,0.0,,247.376,0.411,,,,0.0,0.0,,0.0,,,,,0.0,0.0,,0.0,,,,,0.0,0.0,,0.0,
Sao Tome and Principe,2006,STP,165739,436915680.0,,,,,0.0,0.0,0.0,,500.0,,,,,0.0,0.0,,0.0,0.0,0.0,0.0,,0.04,0.04,,6.354,0.026,2640.534,1.002,,,181.007,0.03,,,75.0,,,,,0.0,0.0,,,0.0,0.0,0.0,0.0,,0.02,,,,60.336,0.01,,25.0,,,,,60.336,0.01,,25.0,,0.0,0.0,,,,0.0,0.0,,0.0,,,,,181.007,0.03,,,0.0,0.0,0.0,75.0,,,0.0,0.0,,,0.0,0.0,,0.0,0.0,,241.343,0.438,,,,60.336,0.01,,25.0,,,,,0.0,0.0,,0.0,,,,,0.0,0.0,,0.0,
Sao Tome and Principe,2007,STP,169859,454094464.0,,,,,0.0,0.0,0.0,,500.0,,,,,0.0,0.0,,0.0,0.0,0.0,0.0,,0.04,0.04,,4.054,0.018,2680.95,1.003,,,176.617,0.03,,,75.0,,,,,0.0,0.0,,,0.0,0.0,0.0,0.0,,0.02,,,,58.872,0.01,,25.0,,,,,58.872,0.01,,25.0,,0.0,0.0,,,,0.0,0.0,,0.0,,,,,176.617,0.03,,,0.0,0.0,0.0,75.0,,,0.0,0.0,,,0.0,0.0,,0.0,0.0,,235.489,0.455,,,,58.872,0.01,,25.0,,,,,0.0,0.0,,0.0,,,,,0.0,0.0,,0.0,
Sao Tome and Principe,2008,STP,174019,491548800.0,,,,,0.0,0.0,0.0,,600.0,,,,,0.0,0.0,,0.0,0.0,0.0,0.0,,0.05,0.05,,7.9,0.036,2823.587,1.0,,,229.86,0.04,,,80.0,,,,,0.0,0.0,,,0.0,0.0,0.0,0.0,,0.03,,,,57.465,0.01,,20.0,,,,,57.465,0.01,,20.0,,0.0,0.0,,,,0.0,0.0,,0.0,,,,,229.86,0.04,,,0.0,0.0,0.0,80.0,,,0.0,0.0,,,0.0,0.0,,0.0,0.0,,287.325,0.491,,,,57.465,0.01,,20.0,,,,,0.0,0.0,,0.0,,,,,0.0,0.0,,0.0,
Sao Tome and Principe,2009,STP,178145,507380512.0,,,,,0.0,0.0,0.0,,600.0,,,,,0.0,0.0,,0.0,0.0,0.0,0.0,,0.05,0.05,,6.318,0.031,2932.456,1.03,,,224.536,0.04,,,80.0,,,,,0.0,0.0,,,0.0,0.0,0.0,0.0,,0.03,,,,56.134,0.01,,20.0,,,,,56.134,0.01,,20.0,,0.0,0.0,,,,0.0,0.0,,0.0,,,,,224.536,0.04,,,0.0,0.0,0.0,80.0,,,0.0,0.0,,,0.0,0.0,,0.0,0.0,,280.67,0.522,,,,56.134,0.01,,20.0,,,,,0.0,0.0,,0.0,,,,,0.0,0.0,,0.0,
Sao Tome and Principe,2010,STP,182154,544428736.0,,,,,0.0,0.0,0.0,,800.0,,,,,0.0,0.0,,0.0,0.0,0.0,0.0,,0.05,0.05,,7.75,0.04,3090.176,1.034,,,274.493,0.05,,,100.0,,,,,0.0,0.0,,,0.0,0.0,0.0,0.0,,0.04,,,,0.0,0.0,,0.0,,,,,0.0,0.0,,0.0,,0.0,0.0,,,,0.0,0.0,,0.0,,,,,274.493,0.05,,,0.0,0.0,0.0,100.0,,,0.0,0.0,,,0.0,0.0,,0.0,0.0,,274.493,0.563,,,,0.0,0.0,,0.0,,,,,0.0,0.0,,0.0,,,,,0.0,0.0,,0.0,
Sao Tome and Principe,2011,STP,186058,572220032.0,,,,,0.0,0.0,0.0,,666.667,,,,,0.0,0.0,,0.0,0.0,0.0,0.0,,0.06,0.06,,3.493,0.02,3131.022,1.018,,,268.733,0.05,,,83.333,,,,,0.0,0.0,,,0.0,0.0,0.0,0.0,,0.04,,,,53.747,0.01,,16.667,,,,,53.747,0.01,,16.667,,0.0,0.0,,,,0.0,0.0,,0.0,,,,,268.733,0.05,,,0.0,0.0,0.0,83.333,,,0.0,0.0,,,0.0,0.0,,0.0,0.0,,322.48,0.583,,,,53.747,0.01,,16.667,,,,,0.0,0.0,,0.0,,,,,0.0,0.0,,0.0,
Sao Tome and Principe,2012,STP,189936,588710976.0,,,,,0.0,0.0,0.0,,666.667,,,,,0.0,0.0,,0.0,0.0,0.0,0.0,,0.06,0.06,,5.659,0.033,3240.677,1.046,,,263.247,0.05,,,83.333,,,,,0.0,0.0,,,0.0,0.0,0.0,0.0,,0.04,,,,52.649,0.01,,16.667,,,,,52.649,0.01,,16.667,,0.0,0.0,,,,0.0,0.0,,0.0,,,,,263.247,0.05,,,0.0,0.0,0.0,83.333,,,0.0,0.0,,,0.0,0.0,,0.0,0.0,,315.896,0.616,,,,52.649,0.01,,16.667,,,,,0.0,0.0,,0.0,,,,,0.0,0.0,,0.0,
Sao Tome and Principe,2013,STP,193765,619718016.0,,,,,0.0,0.0,0.0,,571.429,,,,,0.0,0.0,,0.0,0.0,0.0,0.0,,0.07,0.07,,0.007,0.0,3176.864,0.993,,,309.653,0.06,,,85.714,,,,,0.0,0.0,,,0.0,0.0,0.0,0.0,,0.04,,,,51.609,0.01,,14.286,,,,,51.609,0.01,,14.286,,0.0,0.0,,,,0.0,0.0,,0.0,,,,,309.653,0.06,,,0.0,0.0,0.0,85.714,,,0.0,0.0,,,0.0,0.0,,0.0,0.0,,361.262,0.616,,,,51.609,0.01,,14.286,,,,,0.0,0.0,,0.0,,,,,0.0,0.0,,0.0,
Sao Tome and Principe,2014,STP,197511,660060032.0,,,,,0.0,0.0,0.0,,625.0,,,,,0.0,0.0,,0.0,0.0,0.0,0.0,,0.08,0.08,,-0.009,-0.0,3116.335,0.933,,,354.411,0.07,,,87.5,,,,,0.0,0.0,,,0.0,0.0,0.0,0.0,,0.05,,,,50.63,0.01,,12.5,,,,,50.63,0.01,,12.5,,0.0,0.0,,,,0.0,0.0,,0.0,,,,,354.411,0.07,,,0.0,0.0,0.0,87.5,,,0.0,0.0,,,0.0,0.0,,0.0,0.0,,405.041,0.616,,,,50.63,0.01,,12.5,,,,,0.0,0.0,,0.0,,,,,0.0,0.0,,0.0,
Sao Tome and Principe,2015,STP,201142,687729984.0,,,,,0.0,0.0,0.0,,625.0,,,,,0.0,0.0,,0.0,0.0,0.0,0.0,,0.08,0.08,,4.575,0.028,3200.083,0.936,,,348.013,0.07,,,87.5,,,,,0.0,0.0,,,0.0,0.0,0.0,0.0,,0.05,,,,49.716,0.01,,12.5,,,,,49.716,0.01,,12.5,,0.0,0.0,,,,0.0,0.0,,0.0,,,,,348.013,0.07,,,0.0,0.0,0.0,87.5,,,0.0,0.0,,,0.0,0.0,,0.0,0.0,,397.729,0.644,,,,49.716,0.01,,12.5,,,,,0.0,0.0,,0.0,,,,,0.0,0.0,,0.0,
Sao Tome and Principe,2016,STP,204640,717552000.0,,,,,0.0,0.0,0.0,,666.667,,,,,0.0,0.0,,0.0,0.0,0.0,0.0,,0.09,0.09,,3.308,0.021,3249.416,0.927,,,390.93,0.08,,,88.889,,,,,0.0,0.0,,,0.0,0.0,0.0,0.0,,0.06,,,,48.866,0.01,,11.111,,,,,48.866,0.01,,11.111,,0.0,0.0,,,,0.0,0.0,,0.0,,,,,390.93,0.08,,,0.0,0.0,0.0,88.889,,,0.0,0.0,,,0.0,0.0,,0.0,0.0,,439.797,0.665,,,,48.866,0.01,,11.111,,,,,0.0,0.0,,0.0,,,,,0.0,0.0,,0.0,
Sao Tome and Principe,2017,STP,208050,748015744.0,,,,,0.0,0.0,0.0,,666.667,,,,,0.0,0.0,,,,,0.0,,0.09,0.09,,1.699,0.011,3250.473,0.904,,,384.523,0.08,,,88.889,,,,,0.0,0.0,,,,,,0.0,,0.06,,,,48.065,0.01,,11.111,,,,,48.065,0.01,,11.111,,0.0,0.0,,,,0.0,0.0,,0.0,,,,,384.523,0.08,,,,,,88.889,,,0.0,0.0,,,0.0,0.0,,0.0,0.0,,432.588,0.676,,,,48.065,0.01,,11.111,,,,,0.0,0.0,,0.0,,,,,0.0,0.0,,0.0,
Sao Tome and Principe,2018,STP,211358,762655232.0,,,,,0.0,0.0,0.0,,666.667,,,,,0.0,0.0,,,,,0.0,,0.09,0.09,,-1.559,-0.011,3149.711,0.873,,,378.505,0.08,,,88.889,,,,,0.0,0.0,,,,,,0.0,,0.06,,,,47.313,0.01,,11.111,,,,,47.313,0.01,,11.111,,0.0,0.0,,,,0.0,0.0,,0.0,,,,,378.505,0.08,,,,,,88.889,,,0.0,0.0,,,0.0,0.0,,0.0,0.0,,425.818,0.666,,,,47.313,0.01,,11.111,,,,,0.0,0.0,,0.0,,,,,0.0,0.0,,0.0,
Sao Tome and Principe,2019,STP,214612,,,,,,0.0,0.0,0.0,,666.667,,,,,0.0,0.0,,,,,0.0,,0.09,0.09,,10.205,0.068,3418.495,,,,372.766,0.08,,,88.889,,,,,0.0,0.0,,,,,,0.0,,0.06,,,,46.596,0.01,,11.111,,,,,46.596,0.01,,11.111,,0.0,0.0,,,,0.0,0.0,,0.0,,,,,372.766,0.08,,,,,,88.889,,,0.0,0.0,,,0.0,0.0,,0.0,0.0,,419.361,0.734,,,,46.596,0.01,,11.111,,,,,0.0,0.0,,0.0,,,,,0.0,0.0,,0.0,
Sao Tome and Principe,2020,STP,218650,,,,,,0.0,0.0,0.0,,600.0,,,,,0.0,0.0,,,,,0.0,,0.1,0.1,,-4.409,-0.032,3207.423,,,,411.617,0.09,,,90.0,,,,,0.0,0.0,,,,,,0.0,,0.06,,,,45.735,0.01,,10.0,,,,,45.735,0.01,,10.0,,0.0,0.0,,,,0.0,0.0,,0.0,,,,,411.617,0.09,,,,,,90.0,,,0.0,0.0,,,0.0,0.0,,0.0,0.0,,457.352,0.701,,,,45.735,0.01,,10.0,,,,,0.0,0.0,,0.0,,,,,0.0,0.0,,0.0,
Sao Tome and Principe,2021,STP,223118,,,,,,0.0,0.0,0.0,,600.0,,,,,0.0,0.0,,,,,0.0,,0.1,0.1,,5.315,0.037,3310.244,,,,403.374,0.09,,,90.0,,,,,0.0,0.0,,,,,,0.0,,0.06,,,,44.819,0.01,,10.0,,,,,44.819,0.01,,10.0,,0.0,0.0,,,,0.0,0.0,,0.0,,,,,403.374,0.09,,,,,,90.0,,,0.0,0.0,,,0.0,0.0,,0.0,0.0,,448.193,0.739,,,,44.819,0.01,,10.0,,,,,0.0,0.0,,0.0,,,,,0.0,0.0,,0.0,
Saudi Arabia,1900,SAU,2123533,,,,,,,,,,,,,,,,,,,,,,,,,,,,,,,,,,,,,,,,,,,,,,0.0,0.0,,,,,,,,,,,,,,,,,,,,,,,,,,,,,,,,,,,,,,0.0,0.0,,,,,,,,,,,,,,,,,,,,,,,,,,,,,,,,,,,,,,,
Saudi Arabia,1901,SAU,2126448,,,,,,,,,,,,,,,,,,,,,,,,,,,,,,,,,,,,,,,,,,,,,0.0,0.0,0.0,,,,,,,,,,,,,,,,,,,,,,,,,,,,,,,,,,,,,0.0,0.0,0.0,,,,,,,,,,,,,,,,,,,,,,,,,,,,,,,,,,,,,,,
Saudi Arabia,1902,SAU,2131279,,,,,,,,,,,,,,,,,,,,,,,,,,,,,,,,,,,,,,,,,,,,,0.0,0.0,0.0,,,,,,,,,,,,,,,,,,,,,,,,,,,,,,,,,,,,,0.0,0.0,0.0,,,,,,,,,,,,,,,,,,,,,,,,,,,,,,,,,,,,,,,
Saudi Arabia,1903,SAU,2138024,,,,,,,,,,,,,,,,,,,,,,,,,,,,,,,,,,,,,,,,,,,,,0.0,0.0,0.0,,,,,,,,,,,,,,,,,,,,,,,,,,,,,,,,,,,,,0.0,0.0,0.0,,,,,,,,,,,,,,,,,,,,,,,,,,,,,,,,,,,,,,,
Saudi Arabia,1904,SAU,2144761,,,,,,,,,,,,,,,,,,,,,,,,,,,,,,,,,,,,,,,,,,,,,0.0,0.0,0.0,,,,,,,,,,,,,,,,,,,,,,,,,,,,,,,,,,,,,0.0,0.0,0.0,,,,,,,,,,,,,,,,,,,,,,,,,,,,,,,,,,,,,,,
Saudi Arabia,1905,SAU,2151490,,,,,,,,,,,,,,,,,,,,,,,,,,,,,,,,,,,,,,,,,,,,,0.0,0.0,0.0,,,,,,,,,,,,,,,,,,,,,,,,,,,,,,,,,,,,,0.0,0.0,0.0,,,,,,,,,,,,,,,,,,,,,,,,,,,,,,,,,,,,,,,
Saudi Arabia,1906,SAU,2158212,,,,,,,,,,,,,,,,,,,,,,,,,,,,,,,,,,,,,,,,,,,,,0.0,0.0,0.0,,,,,,,,,,,,,,,,,,,,,,,,,,,,,,,,,,,,,0.0,0.0,0.0,,,,,,,,,,,,,,,,,,,,,,,,,,,,,,,,,,,,,,,
Saudi Arabia,1907,SAU,2164925,,,,,,,,,,,,,,,,,,,,,,,,,,,,,,,,,,,,,,,,,,,,,0.0,0.0,0.0,,,,,,,,,,,,,,,,,,,,,,,,,,,,,,,,,,,,,0.0,0.0,0.0,,,,,,,,,,,,,,,,,,,,,,,,,,,,,,,,,,,,,,,
Saudi Arabia,1908,SAU,2171629,,,,,,,,,,,,,,,,,,,,,,,,,,,,,,,,,,,,,,,,,,,,,0.0,0.0,0.0,,,,,,,,,,,,,,,,,,,,,,,,,,,,,,,,,,,,,0.0,0.0,0.0,,,,,,,,,,,,,,,,,,,,,,,,,,,,,,,,,,,,,,,
Saudi Arabia,1909,SAU,2179364,,,,,,,,,,,,,,,,,,,,,,,,,,,,,,,,,,,,,,,,,,,,,0.0,0.0,0.0,,,,,,,,,,,,,,,,,,,,,,,,,,,,,,,,,,,,,0.0,0.0,0.0,,,,,,,,,,,,,,,,,,,,,,,,,,,,,,,,,,,,,,,
Saudi Arabia,1910,SAU,2188136,,,,,,,,,,,,,,,,,,,,,,,,,,,,,,,,,,,,,,,,,,,,,0.0,0.0,0.0,,,,,,,,,,,,,,,,,,,,,,,,,,,,,,,,,,,,,0.0,0.0,0.0,,,,,,,,,,,,,,,,,,,,,,,,,,,,,,,,,,,,,,,
Saudi Arabia,1911,SAU,2197948,,,,,,,,,,,,,,,,,,,,,,,,,,,,,,,,,,,,,,,,,,,,,0.0,0.0,0.0,,,,,,,,,,,,,,,,,,,,,,,,,,,,,,,,,,,,,0.0,0.0,0.0,,,,,,,,,,,,,,,,,,,,,,,,,,,,,,,,,,,,,,,
Saudi Arabia,1912,SAU,2208805,,,,,,,,,,,,,,,,,,,,,,,,,,,,,,,,,,,,,,,,,,,,,0.0,0.0,0.0,,,,,,,,,,,,,,,,,,,,,,,,,,,,,,,,,,,,,0.0,0.0,0.0,,,,,,,,,,,,,,,,,,,,,,,,,,,,,,,,,,,,,,,
Saudi Arabia,1913,SAU,2220711,2558256128.0,,,,,,,,,,,,,,,,,,,,,,,,,,,,,,,,,,,,,,,,,,,,0.0,0.0,0.0,,,,,,,,,,,,,,,,,,,,,,,,,,,,,,,,,,,,,0.0,0.0,0.0,,,,,,,,,,,,,,,,,,,,,,,,,,,,,,,,,,,,,,,
Saudi Arabia,1914,SAU,2232649,,,,,,,,,,,,,,,,,,,,,,,,,,,,,,,,,,,,,,,,,,,,,0.0,0.0,0.0,,,,,,,,,,,,,,,,,,,,,,,,,,,,,,,,,,,,,0.0,0.0,0.0,,,,,,,,,,,,,,,,,,,,,,,,,,,,,,,,,,,,,,,
Saudi Arabia,1915,SAU,2244619,,,,,,,,,,,,,,,,,,,,,,,,,,,,,,,,,,,,,,,,,,,,,0.0,0.0,0.0,,,,,,,,,,,,,,,,,,,,,,,,,,,,,,,,,,,,,0.0,0.0,0.0,,,,,,,,,,,,,,,,,,,,,,,,,,,,,,,,,,,,,,,
Saudi Arabia,1916,SAU,2256620,,,,,,,,,,,,,,,,,,,,,,,,,,,,,,,,,,,,,,,,,,,,,0.0,0.0,0.0,,,,,,,,,,,,,,,,,,,,,,,,,,,,,,,,,,,,,0.0,0.0,0.0,,,,,,,,,,,,,,,,,,,,,,,,,,,,,,,,,,,,,,,
Saudi Arabia,1917,SAU,2268652,,,,,,,,,,,,,,,,,,,,,,,,,,,,,,,,,,,,,,,,,,,,,0.0,0.0,0.0,,,,,,,,,,,,,,,,,,,,,,,,,,,,,,,,,,,,,0.0,0.0,0.0,,,,,,,,,,,,,,,,,,,,,,,,,,,,,,,,,,,,,,,
Saudi Arabia,1918,SAU,2289522,,,,,,,,,,,,,,,,,,,,,,,,,,,,,,,,,,,,,,,,,,,,,0.0,0.0,0.0,,,,,,,,,,,,,,,,,,,,,,,,,,,,,,,,,,,,,0.0,0.0,0.0,,,,,,,,,,,,,,,,,,,,,,,,,,,,,,,,,,,,,,,
Saudi Arabia,1919,SAU,2310584,,,,,,,,,,,,,,,,,,,,,,,,,,,,,,,,,,,,,,,,,,,,,0.0,0.0,0.0,,,,,,,,,,,,,,,,,,,,,,,,,,,,,,,,,,,,,0.0,0.0,0.0,,,,,,,,,,,,,,,,,,,,,,,,,,,,,,,,,,,,,,,
Saudi Arabia,1920,SAU,2331840,,,,,,,,,,,,,,,,,,,,,,,,,,,,,,,,,,,,,,,,,,,,,0.0,0.0,0.0,,,,,,,,,,,,,,,,,,,,,,,,,,,,,,,,,,,,,0.0,0.0,0.0,,,,,,,,,,,,,,,,,,,,,,,,,,,,,,,,,,,,,,,
Saudi Arabia,1921,SAU,2353292,,,,,,,,,,,,,,,,,,,,,,,,,,,,,,,,,,,,,,,,,,,,,0.0,0.0,0.0,,,,,,,,,,,,,,,,,,,,,,,,,,,,,,,,,,,,,0.0,0.0,0.0,,,,,,,,,,,,,,,,,,,,,,,,,,,,,,,,,,,,,,,
Saudi Arabia,1922,SAU,2374941,,,,,,,,,,,,,,,,,,,,,,,,,,,,,,,,,,,,,,,,,,,,,0.0,0.0,0.0,,,,,,,,,,,,,,,,,,,,,,,,,,,,,,,,,,,,,0.0,0.0,0.0,,,,,,,,,,,,,,,,,,,,,,,,,,,,,,,,,,,,,,,
Saudi Arabia,1923,SAU,2396789,,,,,,,,,,,,,,,,,,,,,,,,,,,,,,,,,,,,,,,,,,,,,0.0,0.0,0.0,,,,,,,,,,,,,,,,,,,,,,,,,,,,,,,,,,,,,0.0,0.0,0.0,,,,,,,,,,,,,,,,,,,,,,,,,,,,,,,,,,,,,,,
Saudi Arabia,1924,SAU,2418838,,,,,,,,,,,,,,,,,,,,,,,,,,,,,,,,,,,,,,,,,,,,,0.0,0.0,0.0,,,,,,,,,,,,,,,,,,,,,,,,,,,,,,,,,,,,,0.0,0.0,0.0,,,,,,,,,,,,,,,,,,,,,,,,,,,,,,,,,,,,,,,
Saudi Arabia,1925,SAU,2441089,,,,,,,,,,,,,,,,,,,,,,,,,,,,,,,,,,,,,,,,,,,,,0.0,0.0,0.0,,,,,,,,,,,,,,,,,,,,,,,,,,,,,,,,,,,,,0.0,0.0,0.0,,,,,,,,,,,,,,,,,,,,,,,,,,,,,,,,,,,,,,,
Saudi Arabia,1926,SAU,2463546,,,,,,,,,,,,,,,,,,,,,,,,,,,,,,,,,,,,,,,,,,,,,0.0,0.0,0.0,,,,,,,,,,,,,,,,,,,,,,,,,,,,,,,,,,,,,0.0,0.0,0.0,,,,,,,,,,,,,,,,,,,,,,,,,,,,,,,,,,,,,,,
Saudi Arabia,1927,SAU,2486209,,,,,,,,,,,,,,,,,,,,,,,,,,,,,,,,,,,,,,,,,,,,,0.0,0.0,0.0,,,,,,,,,,,,,,,,,,,,,,,,,,,,,,,,,,,,,0.0,0.0,0.0,,,,,,,,,,,,,,,,,,,,,,,,,,,,,,,,,,,,,,,
Saudi Arabia,1928,SAU,2509080,,,,,,,,,,,,,,,,,,,,,,,,,,,,,,,,,,,,,,,,,,,,,0.0,0.0,0.0,,,,,,,,,,,,,,,,,,,,,,,,,,,,,,,,,,,,,0.0,0.0,0.0,,,,,,,,,,,,,,,,,,,,,,,,,,,,,,,,,,,,,,,
Saudi Arabia,1929,SAU,2532162,,,,,,,,,,,,,,,,,,,,,,,,,,,,,,,,,,,,,,,,,,,,,0.0,0.0,0.0,,,,,,,,,,,,,,,,,,,,,,,,,,,,,,,,,,,,,0.0,0.0,0.0,,,,,,,,,,,,,,,,,,,,,,,,,,,,,,,,,,,,,,,
Saudi Arabia,1930,SAU,2555457,,,,,,,,,,,,,,,,,,,,,,,,,,,,,,,,,,,,,,,,,,,,,0.0,0.0,0.0,,,,,,,,,,,,,,,,,,,,,,,,,,,,,,,,,,,,,0.0,0.0,0.0,,,,,,,,,,,,,,,,,,,,,,,,,,,,,,,,,,,,,,,
Saudi Arabia,1931,SAU,2578965,,,,,,,,,,,,,,,,,,,,,,,,,,,,,,,,,,,,,,,,,,,,,0.0,0.0,0.0,,,,,,,,,,,,,,,,,,,,,,,,,,,,,,,,,,,,,0.0,0.0,0.0,,,,,,,,,,,,,,,,,,,,,,,,,,,,,,,,,,,,,,,
Saudi Arabia,1932,SAU,2602690,,,,,,,,,,,,,,,,,,,,,,,,,,,,,,,,,,,,,,,,,,,,,0.0,0.0,0.0,,,,,,,,,,,,,,,,,,,,,,,,,,,,,,,,,,,,,0.0,0.0,0.0,,,,,,,,,,,,,,,,,,,,,,,,,,,,,,,,,,,,,,,
Saudi Arabia,1933,SAU,2626633,,,,,,,,,,,,,,,,,,,,,,,,,,,,,,,,,,,,,,,,,,,,,0.0,0.0,0.0,,,,,,,,,,,,,,,,,,,,,,,,,,,,,,,,,,,,,0.0,0.0,0.0,,,,,,,,,,,,,,,,,,,,,,,,,,,,,,,,,,,,,,,
Saudi Arabia,1934,SAU,2650797,,,,,,,,,,,,,,,,,,,,,,,,,,,,,,,,,,,,,,,,,,,,,0.0,0.0,0.0,,,,,,,,,,,,,,,,,,,,,,,,,,,,,,,,,,,,,0.0,0.0,0.0,,,,,,,,,,,,,,,,,,,,,,,,,,,,,,,,,,,,,,,
Saudi Arabia,1935,SAU,2675182,,,,,,,,,,,,,,,,,,,,,,,,,,,,,,,,,,,,,,,,,,,,,0.0,0.0,0.0,,,,,,,,,,,,,,,,,,,,,,,,,,,,,,,,,,,,,0.0,0.0,0.0,,,,,,,,,,,,,,,,,,,,,,,,,,,,,,,,,,,,,,,
Saudi Arabia,1936,SAU,2699792,,,,,,,,,,,,,,,,,,,,,,,,,,,,,,,,,,,,,,,,,,,,,0.0,0.0,0.0,,,,,,,,,,,,,,,,,,,,,,,,,,,,,,,,,,,,,0.023,8.615,0.023,,,,,,,,,,,,,,,,,,,,,,,,,,,,,,,,,,,,,,,
Saudi Arabia,1937,SAU,2724629,,,,,,,,,,,,,,,,,,,,,,,,,,,,,,,,,,,,,,,,,,,,,0.0,0.0,0.0,,,,,,,,,,,,,,,,,,,,,,,,,,,,,,,,,,,,300.0,0.07,34.148,0.093,,,,,,,,,,,,,,,,,,,,,,,,,,,,,,,,,,,,,,,
Saudi Arabia,1938,SAU,2749693,,,,,,,,,,,,,,,,,,,,,,,,,,,,,,,,,,,,,,,,,,,,,0.0,0.0,0.0,,,,,,,,,,,,,,,,,,,,,,,,,,,,,,,,,,,,737.5,0.686,283.381,0.779,,,,,,,,,,,,,,,,,,,,,,,,,,,,,,,,,,,,,,,
Saudi Arabia,1939,SAU,2774989,,,,,,,,,,,,,,,,,,,,,,,,,,,,,,,,,,,,,,,,,,,,,0.0,0.0,0.0,,,,,,,,,,,,,,,,,,,,,,,,,,,,,,,,,,,,704.478,5.489,2258.953,6.269,,,,,,,,,,,,,,,,,,,,,,,,,,,,,,,,,,,,,,,
Saudi Arabia,1940,SAU,2800517,,,,,,,,,,,,,,,,,,,,,,,,,,,,,,,,,,,,,,,,,,,,,0.0,0.0,0.0,,,,,,,,,,,,,,,,,,,,,,,,,,,,,,,,,,,,29.87,1.872,2906.963,8.141,,,,,,,,,,,,,,,,,,,,,,,,,,,,,,,,,,,,,,,
Saudi Arabia,1941,SAU,2826280,,,,,,,,,,,,,,,,,,,,,,,,,,,,,,,,,,,,,,,,,,,,,0.0,0.0,0.0,,,,,,,,,,,,,,,,,,,,,,,,,,,,,,,,,,,,-15.714,-1.279,2427.82,6.862,,,,,,,,,,,,,,,,,,,,,,,,,,,,,,,,,,,,,,,
Saudi Arabia,1942,SAU,2852280,,,,,,,,,,,,,,,,,,,,,,,,,,,,,,,,,,,,,,,,,,,,,0.0,0.0,0.0,,,,,,,,,,,,,,,,,,,,,,,,,,,,,,,,,,,,5.085,0.349,2528.013,7.211,,,,,,,,,,,,,,,,,,,,,,,,,,,,,,,,,,,,,,,
Saudi Arabia,1943,SAU,2878519,,,,,,,,,,,,,,,,,,,,,,,,,,,,,,,,,,,,,,,,,,,,,0.0,0.0,0.0,,,,,,,,,,,,,,,,,,,,,,,,,,,,,,,,,,,,4.839,0.349,2626.177,7.56,,,,,,,,,,,,,,,,,,,,,,,,,,,,,,,,,,,,,,,
Saudi Arabia,1944,SAU,2905000,,,,,,,,,,,,,,,,,,,,,,,,,,,,,,,,,,,,,,,,,,,,,0.0,0.0,0.0,,,,,,,,,,,,,,,,,,,,,,,,,,,,,,,,,,,,63.538,4.803,4255.659,12.363,,,,,,,,,,,,,,,,,,,,,,,,,,,,,,,,,,,,,,,
Saudi Arabia,1945,SAU,2931724,,,,,,,,,,,,,,,,,,,,,,,,,,,,,,,,,,,,,,,,,,,,,0.0,0.0,0.0,,,,,,,,,,,,,,,,,,,,,,,,,,,,,,,,,,,,170.179,21.039,11393.078,33.401,,,,,,,,,,,,,,,,,,,,,,,,,,,,,,,,,,,,,,,
Saudi Arabia,1946,SAU,2958694,,,,,,,,,,,,,,,,,,,,,,,,,,,,,,,,,,,,,,,,,,,,,0.0,0.0,0.0,,,,,,,,,,,,,,,,,,,,,,,,,,,,,,,,,,,,185.515,61.965,32232.463,95.366,,,,,,,,,,,,,,,,,,,,,,,,,,,,,,,,,,,,,,,
Saudi Arabia,1947,SAU,2985912,,,,,,,,,,,,,,,,,,,,,,,,,,,,,,,,,,,,,,,,,,,,,0.0,0.0,0.0,,,,,,,,,,,,,,,,,,,,,,,,,,,,,,,,,,,,50.0,47.683,47907.973,143.049,,,,,,,,,,,,,,,,,,,,,,,,,,,,,,,,,,,,,,,
Saudi Arabia,1948,SAU,3013381,,,,,,,,,,,,,,,,,,,,,,,,,,,,,,,,,,,,,,,,,,,,,0.0,0.0,0.0,,,,,,,,,,,,,,,,,,,,,,,,,,,,,,,,,,,,55.106,78.828,73630.625,221.877,,,,,,,,,,,,,,,,,,,,,,,,,,,,,,,,,,,,,,,
Saudi Arabia,1949,SAU,3047907,,,,,,,,,,,,,,,,,,,,,,,,,,,,,,,,,,,,,,,,,,,,,0.0,0.0,0.0,,,,,,,,,,,,,,,,,,,,,,,,,,,,,,,,,,,,21.81,48.392,88673.82,270.27,,,,,,,,,,,,,,,,,,,,,,,,,,,,,,,,,,,,,,,
Saudi Arabia,1950,SAU,3089697,13725452288.0,,,,,,,,,,,,,,,,,,,,,,,,,,,,,,,,,,,,,,,,,,,,0.0,0.0,0.0,,,,,,,,,,,,,,,,,,,,,,,,,,,,,,,,,,,,14.674,39.658,100310.117,309.928,,,,,,,,,,,,,,,,,,,,,,,,,,,,,,,,,,,,,,,
Saudi Arabia,1951,SAU,3183591,14877753344.0,,,,,,,,,,,,,,,,,,,,,,,,,,,,,,,,,,,,,,,,,,,,0.0,0.0,0.0,,,,,,,,,,,,,,,,,,,,,,,,,,,,,,,,,,,,39.3,121.801,135610.656,431.729,,,,,,,,,,,,,,,,,,,,,,,,,,,,,,,,,,,,,,,
Saudi Arabia,1952,SAU,3279349,15770350592.0,,,,,,,,,,,,,,,,,,,,,,,,,,,,,,,,,,,,,,,,,,,,0.0,0.0,0.0,,,,,,,,,,,,,,,,,,,,,,,,,,,,,,,,,,,,8.596,37.111,142967.453,468.84,,,,,,,,,,,,,,,,,,,,,,,,,,,,,,,,,,,,,,,
Saudi Arabia,1953,SAU,3377026,17330354176.0,,,,,,,,,,,,,,,,,,,,,,,,,,,,,,,,,,,,,,,,,,,,0.0,0.0,0.0,,,,,,,,,,,,,,,,,,,,,,,,,,,,,,,,,,,,2.131,9.99,141790.547,478.83,,,,,,,,,,,,,,,,,,,,,,,,,,,,,,,,,,,,,,,
Saudi Arabia,1954,SAU,3477536,19312689152.0,,,,,,,,,,,,,,,,,,,,,,,,,,,,,,,,,,,,,,,,,,,,0.0,0.0,0.0,,,,,,,,,,,,,,,,,,,,,,,,,,,,,,,,,,,,13.866,66.396,156785.156,545.226,,,,,,,,,,,,,,,,,,,,,,,,,,,,,,,,,,,,,,,
Saudi Arabia,1955,SAU,3581915,19764910080.0,,,,,,,,,,,,,,,,,,,,,,,,,,,,,,,,,,,,,,,,,,,,0.0,0.0,0.0,,,,,,,,,,,,,,,,,,,,,,,,,,,,,,,,,,,,1.67,9.106,154758.656,554.332,,,,,,,,,,,,,,,,,,,,,,,,,,,,,,,,,,,,,,,
Saudi Arabia,1956,SAU,3690031,21216282624.0,,,,,,,,,,,,,,,,,,,,,,,,,,,,,,,,,,,,,,,,,,,,0.0,0.0,0.0,,,,,,,,,,,,,,,,,,,,,,,,,,,,,,,,,,,,2.881,15.968,154551.625,570.3,,,,,,,,,,,,,,,,,,,,,,,,,,,,,,,,,,,,,,,
Saudi Arabia,1957,SAU,3802028,21974499328.0,,,,,,,,,,,,,,,,,,,,,,,,,,,,,,,,,,,,,,,,,,,,0.0,0.0,0.0,,,,,,,,,,,,,,,,,,,,,,,,,,,,,,,,,,,,2.013,11.479,153018.109,581.779,,,,,,,,,,,,,,,,,,,,,,,,,,,,,,,,,,,,,,,
Saudi Arabia,1958,SAU,3916802,23054381056.0,,,,,,,,,,,,,,,,,,,,,,,,,,,,,,,,,,,,,,,,,,,,0.0,0.0,0.0,,,,,,,,,,,,,,,,,,,,,,,,,,,,,,,,,,,,3.123,18.166,153172.203,599.945,,,,,,,,,,,,,,,,,,,,,,,,,,,,,,,,,,,,,,,
Saudi Arabia,1959,SAU,4036573,25431386112.0,,,,,,,,,,,,,,,,,,,,,,,,,,,,,,,,,,,,,,,,,,,,0.0,0.0,0.0,,,,,,,,,,,,,,,,,,,,,,,,,,,,,,,,,,,,9.394,56.359,162589.438,656.304,,,,,,,,,,,,,,,,,,,,,,,,,,,,,,,,,,,,,,,
Saudi Arabia,1960,SAU,4165566,27970088960.0,,,,,,,,,,,,,,,,,,,,,,,,,,,,,,,,,,,,,,,,,,,,0.0,0.0,0.0,,,,,,,,,,,,,,,,,,,,,,,,,,,,,,,,,,,,14.339,94.11,180146.984,750.414,,,,,,,,,,,,,,,,,,,,,,,,,,,,,,,,,,,,,,,
Saudi Arabia,1961,SAU,4306057,31288375296.0,,,,,,,,,,,,,,,,,,,,,,,,,,,,,,,,,,,,,,,,,,,,0.012,2.797,0.012,,,,,,,,,,,,,,,,,,,,,,,,,,,,,,,,,,,,13.813,103.658,198342.078,854.072,,,,,,,,,,,,,,,,,,,,,,,,,,,,,,,,,,,,,,,
Saudi Arabia,1962,SAU,4458521,35021361152.0,,,,,,,,,,,,,,,,,,,,,,,,,,,,,,,,,,,,,,,,,,,1100.0,0.132,32.414,0.145,,,,,,,,,,,,,,,,,,,,,,,,,,,,,,,,,,,,11.027,94.18,212683.109,948.252,,,,,,,,,,,,,,,,,,,,,,,,,,,,,,,,,,,,,,,
Saudi Arabia,1963,SAU,4621661,38070411264.0,,,,,,,,,,,,,,,,,,,,,,,,,,,,,,,,,,,,,,,,,,,25.0,0.036,39.087,0.181,,,,,,,,,,,,,,,,,,,,,,,,,,,,,,,,,,,,8.823,83.666,223278.641,1031.918,,,,,,,,,,,,,,,,,,,,,,,,,,,,,,,,,,,,,,,
Saudi Arabia,1964,SAU,4795133,41424949248.0,,,,,,,,,,,,,,,,,,,,,,,,,,,,,,,,,,,,,,,,,,,4206.667,7.599,1622.466,7.78,,,,,,,,,,,,,,,,,,,,,,,,,,,,,,,,,,,,6.578,67.884,229358.109,1099.803,,,,,,,,,,,,,,,,,,,,,,,,,,,,,,,,,,,,,,,
Saudi Arabia,1965,SAU,4978924,46439223296.0,,,,,,,,,,,,0.0,0.0,,,,,,,,0.0,,,,,,47226.98,5.063,,,,,47226.98,235.14,,100.0,,,6.004,,,1205.883,59.288,4.613,2488.993,12.393,,2.553,,,,0.0,0.0,0.0,0.0,,0.0,,,0.0,0.0,0.0,0.0,,0.0,,,,,0.0,0.0,0.0,0.0,,0.0,,,229.136,,,46021.098,17.404,191.409,259335.391,1291.211,,97.447,,,,,,,,,,,,,235.14,,,0.0,,,0.0,,0.0,,,,,,,,,,,,,,,,
Saudi Arabia,1966,SAU,5173240,53195042816.0,,,,,,,,,,,0.0,0.0,0.0,,,,,,,,0.0,,,,1.353,3.182,46068.148,4.48,1.353,3.182,,,46068.148,238.322,,100.0,20.253,1.216,7.22,,,1395.644,10.107,1.252,2637.613,13.645,,3.03,,,0.0,0.0,0.0,0.0,0.0,,0.0,,0.0,0.0,0.0,0.0,0.0,,0.0,,,,0.0,0.0,0.0,0.0,0.0,,0.0,0.858,1.966,231.102,,,44672.504,17.964,231.956,294432.0,1523.167,,96.97,,,,,,,,,,,,,238.322,,0.0,0.0,,,0.0,,0.0,,,,,,,,,,,,,,,,
Saudi Arabia,1967,SAU,5381032,57878675456.0,,,,,,,,,,,0.0,0.0,0.0,,,,,,,,0.0,,,,1.445,3.443,44929.09,4.177,1.445,3.443,,,44929.09,241.765,,100.0,20.461,1.477,8.697,,,1616.279,0.265,0.036,2542.474,13.681,,3.597,,,0.0,0.0,0.0,0.0,0.0,,0.0,,0.0,0.0,0.0,0.0,0.0,,0.0,,,,0.0,0.0,0.0,0.0,0.0,,0.0,0.851,1.966,233.068,,,43312.812,7.878,120.001,305363.156,1643.169,,96.403,,,,,,,,,,,,,241.765,,0.0,0.0,,,0.0,,0.0,,,,,,,,,,,,,,,,
Saudi Arabia,1968,SAU,5604583,63038984192.0,,,,,,,,,,,0.0,0.0,0.0,,,,,,,,0.0,,,,1.552,3.753,43806.656,3.895,1.552,3.753,,,43806.656,245.518,,100.0,20.262,1.762,10.459,,,1866.24,44.278,6.058,3521.92,19.739,,4.26,,,0.0,0.0,0.0,0.0,0.0,,0.0,,0.0,0.0,0.0,0.0,0.0,,0.0,,,,0.0,0.0,0.0,0.0,0.0,,0.0,0.854,1.991,235.059,,,41940.418,9.156,150.442,320025.688,1793.611,,95.74,,,,,,,,,,,,,245.518,,0.0,0.0,,,0.0,,0.0,,,,,,,,,,,,,,,,
Saudi Arabia,1969,SAU,5844855,67871506432.0,,,,,,,,,,,0.0,0.0,0.0,,,,,,,,0.0,,,,1.688,4.145,42714.961,3.678,1.688,4.145,,,42714.965,249.663,,100.0,20.391,2.133,12.592,,,2154.416,6.406,1.265,3593.491,21.003,,5.044,,,0.0,0.0,0.0,0.0,0.0,,0.0,,0.0,0.0,0.0,0.0,0.0,,0.0,,,,0.0,0.0,0.0,0.0,0.0,,0.0,0.856,2.012,237.071,,,40560.547,5.53,99.182,323839.156,1892.793,,94.956,,,,,,,,,,,,,249.663,,0.0,0.0,,,0.0,,0.0,,,,,,,,,,,,,,,,
Saudi Arabia,1970,SAU,6106192,74243293184.0,,,,,,,,,,,0.0,0.0,0.0,,,,,,,,0.0,,,,5.284,13.193,43047.359,3.54,5.284,13.193,,,43047.359,262.855,,100.0,21.992,2.769,15.361,,,2515.725,-26.862,-5.642,2515.725,15.361,,5.844,,,0.0,0.0,0.0,0.0,0.0,,0.0,,0.0,0.0,0.0,0.0,0.0,,0.0,,,,0.0,0.0,0.0,0.0,0.0,,0.0,4.397,10.423,247.494,,,40531.633,18.077,342.162,366014.469,2234.955,,94.156,,,,,,,,,,,,,262.855,,0.0,0.0,,,0.0,,0.0,,,,,,,,,,,,,,,,
Saudi Arabia,1971,SAU,6396665,84937220096.0,,,,,,,,,,,0.0,0.0,0.0,,,,,,,,0.0,,,,0.158,0.416,41157.68,3.1,0.158,0.416,,,41157.68,263.272,,100.0,-16.574,-2.546,12.816,,,2003.466,-16.574,-2.546,2003.466,12.816,,4.868,,,0.0,0.0,0.0,0.0,0.0,,0.0,,0.0,0.0,0.0,0.0,0.0,,0.0,,,,0.0,0.0,0.0,0.0,0.0,,0.0,1.197,2.962,250.456,,,39154.215,25.302,565.488,437797.25,2800.442,,95.132,0.0,0.0,,,,0.0,,0.0,,,0.0,,263.272,,0.0,0.0,0.0,0.0,0.0,,0.0,,,0.0,0.0,0.0,0.0,,0.0,,,0.0,0.0,0.0,0.0,,0.0
Saudi Arabia,1972,SAU,6724259,97984577536.0,,,,,,,,,,,0.0,0.0,0.0,,,,,,,,0.0,,,,7.178,18.897,41962.844,2.88,7.178,18.897,,,41962.848,282.169,,100.0,13.343,1.71,14.525,,,2160.164,13.343,1.71,2160.164,14.525,,5.148,,,0.0,0.0,0.0,0.0,0.0,,0.0,,0.0,0.0,0.0,0.0,0.0,,0.0,,,,0.0,0.0,0.0,0.0,0.0,,0.0,6.862,17.187,267.644,,,39802.684,26.345,737.781,526187.938,3538.224,,94.852,0.0,0.0,,,0.0,0.0,,0.0,,,0.0,,282.169,,0.0,0.0,0.0,0.0,0.0,,0.0,,0.0,0.0,0.0,0.0,0.0,,0.0,,0.0,0.0,0.0,0.0,0.0,,0.0
Saudi Arabia,1973,SAU,7088765,117324595200.0,,,,,,,,,,,0.0,0.0,0.0,,,,,,,,0.0,,,,6.674,18.831,42461.609,2.566,6.674,18.831,,,42461.609,301.0,,100.0,17.724,2.575,17.1,,,2412.268,17.724,2.575,2412.268,17.1,,5.681,,,0.0,0.0,0.0,0.0,0.0,,0.0,,0.0,0.0,0.0,0.0,0.0,,0.0,,,,0.0,0.0,0.0,0.0,0.0,,0.0,6.074,16.257,283.9,,,40049.34,26.224,927.866,630023.688,4466.09,,94.319,0.0,0.0,,,0.0,0.0,,0.0,,,0.0,,301.0,,0.0,0.0,0.0,0.0,0.0,,0.0,,0.0,0.0,0.0,0.0,0.0,,0.0,,0.0,0.0,0.0,0.0,0.0,,0.0
Saudi Arabia,1974,SAU,7483511,135018029056.0,,,,,,,,,,,0.0,0.0,0.0,,,,,,,,0.0,,,,6.097,18.353,42674.32,2.365,6.097,18.353,,,42674.32,319.354,,100.0,26.556,4.541,21.641,,,2891.824,26.556,4.541,2891.824,21.641,,6.776,,,0.0,0.0,0.0,0.0,0.0,,0.0,,0.0,0.0,0.0,0.0,0.0,,0.0,,,,0.0,0.0,0.0,0.0,0.0,,0.0,4.865,13.812,297.713,,,39782.5,11.883,530.706,667707.438,4996.796,,93.224,0.0,0.0,,,0.0,0.0,,0.0,,,0.0,,319.354,,0.0,0.0,0.0,0.0,0.0,,0.0,,0.0,0.0,0.0,0.0,0.0,,0.0,,0.0,0.0,0.0,0.0,0.0,,0.0
Saudi Arabia,1975,SAU,7897541,135364157440.0,,,,,,,,,,,0.0,0.0,0.0,,,,,,,,0.0,,,,-20.696,-66.093,32068.316,1.871,-20.696,-66.093,,,32068.314,253.261,,100.0,18.964,4.104,25.745,,,3259.875,18.964,4.104,3259.875,25.745,,10.165,,,0.0,0.0,0.0,0.0,0.0,,0.0,,0.0,0.0,0.0,0.0,0.0,,0.0,,,,0.0,0.0,0.0,0.0,0.0,,0.0,-23.579,-70.197,227.516,,,28808.439,-16.365,-817.707,529163.312,4179.089,,89.835,0.0,0.0,,,0.0,0.0,,0.0,,,0.0,,253.261,,0.0,0.0,0.0,0.0,0.0,,0.0,,0.0,0.0,0.0,0.0,0.0,,0.0,,0.0,0.0,0.0,0.0,0.0,,0.0
Saudi Arabia,1976,SAU,8319558,147051528192.0,,,,,,,,,,,0.0,0.0,0.0,,,,,,,,0.0,,,,15.61,39.533,35193.492,1.991,15.61,39.533,,,35193.488,292.794,,100.0,7.952,2.047,27.792,,,3340.592,7.952,2.047,3340.592,27.792,,9.492,,,0.0,0.0,0.0,0.0,0.0,,0.0,,0.0,0.0,0.0,0.0,0.0,,0.0,,,,0.0,0.0,0.0,0.0,0.0,,0.0,16.476,37.486,265.002,,,31852.9,21.685,906.252,611251.312,5085.341,,90.508,0.0,0.0,,,0.0,0.0,,0.0,,,0.0,,292.794,,0.0,0.0,0.0,0.0,0.0,,0.0,,0.0,0.0,0.0,0.0,0.0,,0.0,,0.0,0.0,0.0,0.0,0.0,,0.0
Saudi Arabia,1977,SAU,8755223,169267986432.0,,,,,,,,,,,0.0,0.0,0.0,,,,,,,,0.0,,,,18.091,52.968,39492.141,2.043,18.091,52.968,,,39492.141,345.763,,100.0,40.728,11.319,39.111,,,4467.219,40.728,11.319,4467.219,39.111,,11.312,,,0.0,0.0,0.0,0.0,0.0,,0.0,,0.0,0.0,0.0,0.0,0.0,,0.0,,,,0.0,0.0,0.0,0.0,0.0,,0.0,15.716,41.649,306.651,,,35024.922,7.121,362.105,622193.812,5447.446,,88.688,0.0,0.0,,,0.0,0.0,,0.0,,,0.0,,345.762,,0.0,0.0,0.0,0.0,0.0,,0.0,,0.0,0.0,0.0,0.0,0.0,,0.0,,0.0,0.0,0.0,0.0,0.0,,0.0
Saudi Arabia,1978,SAU,9210568,179340345344.0,,,,,,,,,,,0.0,0.0,0.0,,,,,,,,0.0,,,,11.445,39.573,41836.266,2.149,11.445,39.573,,,41836.262,385.336,,100.0,37.892,14.82,53.931,,,5855.394,37.892,14.82,5855.394,53.931,,13.996,,,0.0,0.0,0.0,0.0,0.0,,0.0,,0.0,0.0,0.0,0.0,0.0,,0.0,,,,0.0,0.0,0.0,0.0,0.0,,0.0,8.072,24.753,331.404,,,35980.867,-9.384,-511.215,535931.25,4936.231,,86.004,0.0,0.0,,,0.0,0.0,,0.0,,,0.0,,385.336,,0.0,0.0,0.0,0.0,0.0,,0.0,,0.0,0.0,0.0,0.0,0.0,,0.0,,0.0,0.0,0.0,0.0,0.0,,0.0
Saudi Arabia,1979,SAU,9682002,191331696640.0,,,,,,,,,,,0.0,0.0,0.0,,,,,,,,0.0,,,,21.152,81.508,48217.637,2.44,21.152,81.508,,,48217.637,466.843,,100.0,22.776,12.283,66.215,,,6838.978,22.776,12.283,6838.978,66.215,,14.184,,,0.0,0.0,0.0,0.0,0.0,,0.0,,0.0,0.0,0.0,0.0,0.0,,0.0,,,,0.0,0.0,0.0,0.0,0.0,,0.0,20.888,69.224,400.628,,,41378.66,14.978,739.335,586197.625,5675.566,,85.816,0.0,0.0,,,0.0,0.0,,0.0,,,0.0,,466.843,,0.0,0.0,0.0,0.0,0.0,,0.0,,0.0,0.0,0.0,0.0,0.0,,0.0,,0.0,0.0,0.0,0.0,0.0,,0.0
Saudi Arabia,1980,SAU,10171712,210662326272.0,,,,,,,,,,,0.0,0.0,0.0,,,,,0.0,0.0,,0.0,,,,-10.052,-46.927,41282.754,1.993,-10.052,-46.927,,,41282.754,419.916,,100.0,39.512,26.163,92.378,,,9081.854,39.512,26.163,9081.854,92.378,,21.999,,,0.0,0.0,0.0,0.0,0.0,,0.0,,0.0,0.0,0.0,0.0,0.0,,0.0,,,,0.0,0.0,0.0,0.0,0.0,,0.0,-18.244,-73.09,327.538,,,32200.902,4.466,253.446,582892.312,5929.013,,78.001,0.0,0.0,,,0.0,0.0,,0.0,,,0.0,,419.916,,0.0,0.0,0.0,0.0,0.0,,0.0,,0.0,0.0,0.0,0.0,0.0,,0.0,,0.0,0.0,0.0,0.0,0.0,,0.0
Saudi Arabia,1981,SAU,10678218,227352166400.0,,,,,,,,,,,0.0,0.0,0.0,,,,0.0,0.0,0.0,,0.0,,,,19.366,81.32,46940.105,2.205,19.366,81.32,,,46940.109,501.237,,100.0,16.598,15.333,107.711,,,10086.982,16.598,15.333,10086.982,107.711,,21.489,,,0.0,0.0,0.0,0.0,0.0,,0.0,,0.0,0.0,0.0,0.0,0.0,,0.0,,,,0.0,0.0,0.0,0.0,0.0,,0.0,20.146,65.987,393.526,,,36853.129,-0.678,-40.194,551479.562,5888.819,,78.511,0.0,0.0,,,0.0,0.0,,0.0,,,0.0,,501.237,,0.0,0.0,0.0,0.0,0.0,,0.0,,0.0,0.0,0.0,0.0,0.0,,0.0,,0.0,0.0,0.0,0.0,0.0,,0.0
Saudi Arabia,1982,SAU,11201155,231114686464.0,,,,,,,,,,,0.0,0.0,0.0,,,,0.0,0.0,0.0,,0.0,,,,10.098,50.616,49267.5,2.388,10.098,50.616,,,49267.5,551.853,,100.0,5.989,6.45,114.161,,,10191.939,5.989,6.45,10191.939,114.161,,20.687,,,0.0,0.0,0.0,0.0,0.0,,0.0,,0.0,0.0,0.0,0.0,0.0,,0.0,,,,0.0,0.0,0.0,0.0,0.0,,0.0,11.223,44.166,437.691,,,39075.562,-32.816,-1932.476,353208.469,3956.343,,79.313,0.0,0.0,,,0.0,0.0,,0.0,,,0.0,,551.853,,0.0,0.0,0.0,0.0,0.0,,0.0,,0.0,0.0,0.0,0.0,0.0,,0.0,,0.0,0.0,0.0,0.0,0.0,,0.0
Saudi Arabia,1983,SAU,11746019,206256832512.0,,,,,,,,,,,0.0,0.0,0.0,,,,0.0,0.0,0.0,,0.0,,,,8.359,46.129,50909.332,2.899,8.359,46.129,,,50909.34,597.982,,100.0,-2.355,-2.688,111.473,,,9490.279,-2.355,-2.688,9490.279,111.473,,18.642,,,0.0,0.0,0.0,0.0,0.0,,0.0,,0.0,0.0,0.0,0.0,0.0,,0.0,,,,0.0,0.0,0.0,0.0,0.0,,0.0,11.153,48.818,486.509,,,41419.059,-29.368,-1161.892,237906.172,2794.45,,81.358,0.0,0.0,,,0.0,0.0,,0.0,,,0.0,,597.982,,0.0,0.0,0.0,0.0,0.0,,0.0,,0.0,0.0,0.0,0.0,0.0,,0.0,,0.0,0.0,0.0,0.0,0.0,,0.0
Saudi Arabia,1984,SAU,12310362,206035222528.0,,,,,,,,,,,0.0,0.0,0.0,,,,0.0,0.0,0.0,,0.0,,,,19.619,117.316,58105.363,3.472,19.619,117.316,,,58105.355,715.298,,100.0,55.105,61.427,172.9,,,14045.078,55.105,61.427,14045.078,172.9,,24.172,,,0.0,0.0,0.0,0.0,0.0,,0.0,,0.0,0.0,0.0,0.0,0.0,,0.0,,,,0.0,0.0,0.0,0.0,0.0,,0.0,11.488,55.889,542.398,,,44060.281,-8.841,-247.052,206931.25,2547.399,,75.828,0.0,0.0,,,0.0,0.0,,0.0,,,0.0,,715.298,,0.0,0.0,0.0,0.0,0.0,,0.0,,0.0,0.0,0.0,0.0,0.0,,0.0,,0.0,0.0,0.0,0.0,0.0,,0.0
Saudi Arabia,1985,SAU,12890250,192246218752.0,,,,,,,,,,,0.0,0.0,0.0,0.0,0.0,,0.0,0.0,0.0,0.0,0.0,,51.654,7.078,2.018,14.436,56611.297,3.796,2.018,14.436,4007.215,51.654,56611.297,729.734,100.0,100.0,3.297,5.7,178.6,2308.144,29.753,13855.434,3.297,5.7,13855.434,178.6,57.6,24.475,,,0.0,0.0,0.0,0.0,0.0,0.0,0.0,,0.0,0.0,0.0,0.0,0.0,0.0,0.0,,,,0.0,0.0,0.0,0.0,0.0,0.0,0.0,1.611,8.736,551.134,1699.071,21.901,42755.863,-21.441,-546.197,155249.281,2001.202,42.4,75.525,0.0,0.0,,,0.0,0.0,,0.0,0.0,,0.0,4007.215,729.734,,0.0,0.0,0.0,0.0,0.0,0.0,0.0,,0.0,0.0,0.0,0.0,0.0,0.0,0.0,,0.0,0.0,0.0,0.0,0.0,0.0,0.0
Saudi Arabia,1986,SAU,13483356,180536016896.0,,,,,,,,,,,0.0,0.0,0.0,0.0,0.0,,0.0,0.0,0.0,0.0,0.0,,55.685,7.097,7.527,54.925,58194.637,4.346,7.527,54.925,4129.883,55.685,58194.633,784.659,100.0,100.0,34.043,60.8,239.4,2287.272,30.84,17755.223,34.043,60.8,17755.223,239.4,55.383,30.51,,,0.0,0.0,0.0,0.0,0.0,0.0,0.0,,0.0,0.0,0.0,0.0,0.0,0.0,0.0,,,,0.0,0.0,0.0,0.0,0.0,0.0,0.0,-1.066,-5.875,545.259,1842.611,24.845,40439.41,46.799,936.537,217878.938,2937.739,44.617,69.49,0.0,0.0,,,0.0,0.0,,0.0,0.0,,0.0,4129.883,784.659,,0.0,0.0,0.0,0.0,0.0,0.0,0.0,,0.0,0.0,0.0,0.0,0.0,0.0,0.0,,0.0,0.0,0.0,0.0,0.0,0.0,0.0
Saudi Arabia,1987,SAU,14089800,188872491008.0,,,,,,,,,,,0.0,0.0,0.0,0.0,0.0,,0.0,0.0,0.0,0.0,0.0,,65.0,7.815,6.0,47.079,59031.215,4.404,6.0,47.079,4613.287,65.0,59031.215,831.738,100.0,100.0,6.349,15.2,254.6,2347.117,33.07,18069.809,6.349,15.2,18069.809,254.6,50.877,30.611,,,0.0,0.0,0.0,0.0,0.0,0.0,0.0,,0.0,0.0,0.0,0.0,0.0,0.0,0.0,,,,0.0,0.0,0.0,0.0,0.0,0.0,0.0,5.847,31.879,577.138,2266.17,31.93,40961.41,-15.436,-453.477,176316.375,2484.262,49.123,69.389,0.0,0.0,,,0.0,0.0,,0.0,0.0,,0.0,4613.287,831.738,,0.0,0.0,0.0,0.0,0.0,0.0,0.0,,0.0,0.0,0.0,0.0,0.0,0.0,0.0,,0.0,0.0,0.0,0.0,0.0,0.0,0.0
Saudi Arabia,1988,SAU,14713717,194907914240.0,,,,,,,,,,,0.0,0.0,0.0,0.0,0.0,,0.0,0.0,0.0,0.0,0.0,,70.091,8.054,4.633,38.536,59147.156,4.465,4.633,38.536,4763.654,70.091,59147.156,870.275,100.0,100.0,8.582,21.85,276.45,2349.958,34.577,18788.59,8.582,21.85,18788.59,276.45,49.331,31.766,,,0.0,0.0,0.0,0.0,0.0,0.0,0.0,,0.0,0.0,0.0,0.0,0.0,0.0,0.0,,,,0.0,0.0,0.0,0.0,0.0,0.0,0.0,2.891,16.687,593.825,2413.696,35.514,40358.57,27.949,694.316,216028.266,3178.579,50.669,68.234,0.0,0.0,,,0.0,0.0,,0.0,0.0,,0.0,4763.655,870.275,,0.0,0.0,0.0,0.0,0.0,0.0,0.0,,0.0,0.0,0.0,0.0,0.0,0.0,0.0,,0.0,0.0,0.0,0.0,0.0,0.0,0.0
Saudi Arabia,1989,SAU,15353231,201950986240.0,,,,,,,,,,,0.0,0.0,0.0,0.0,0.0,,0.0,0.0,0.0,0.0,0.0,,75.73,8.841,-1.578,-13.729,55789.254,4.241,-1.578,-13.729,4932.499,75.73,55789.254,856.545,100.0,100.0,2.406,6.65,283.1,2529.37,38.834,18439.115,2.406,6.65,18439.115,283.1,51.28,33.051,,,0.0,0.0,0.0,0.0,0.0,0.0,0.0,,0.0,0.0,0.0,0.0,0.0,0.0,0.0,,,,0.0,0.0,0.0,0.0,0.0,0.0,0.0,-3.432,-20.379,573.445,2403.129,36.896,37350.137,-0.781,-24.836,205412.297,3153.742,48.72,66.949,0.0,0.0,,,0.0,0.0,,0.0,0.0,,0.0,4932.499,856.545,,0.0,0.0,0.0,0.0,0.0,0.0,0.0,,0.0,0.0,0.0,0.0,0.0,0.0,0.0,,0.0,0.0,0.0,0.0,0.0,0.0,0.0
Saudi Arabia,1990,SAU,16004768,230231015424.0,,,,,,,,,,,0.0,0.0,0.0,0.0,0.0,,0.0,0.0,0.0,0.0,0.0,,79.88,8.605,8.382,71.792,58003.781,4.032,8.382,71.792,4991.042,79.88,58003.781,928.337,100.0,100.0,12.483,35.34,318.44,2544.776,40.729,19896.57,12.483,35.34,19896.57,318.44,50.987,34.302,,,0.0,0.0,0.0,0.0,0.0,0.0,0.0,,0.0,0.0,0.0,0.0,0.0,0.0,0.0,,,,0.0,0.0,0.0,0.0,0.0,0.0,0.0,6.357,36.452,609.897,2446.265,39.152,38107.207,26.356,831.204,248984.938,3984.946,49.013,65.698,0.0,0.0,,,0.0,0.0,,0.0,0.0,,0.0,4991.041,928.337,,0.0,0.0,0.0,0.0,0.0,0.0,0.0,,0.0,0.0,0.0,0.0,0.0,0.0,0.0,,0.0,0.0,0.0,0.0,0.0,0.0,0.0
Saudi Arabia,1991,SAU,16654283,279282647040.0,,,,,,,,,,,0.0,0.0,0.0,0.0,0.0,,0.0,0.0,0.0,0.0,0.0,,84.996,8.74,4.752,44.115,58390.523,3.482,4.752,44.115,5103.535,84.996,58390.523,972.452,100.0,100.0,4.922,15.675,334.115,2567.248,42.756,20061.807,4.922,15.675,20061.807,334.115,50.303,34.358,,,0.0,0.0,0.0,0.0,0.0,0.0,0.0,,0.0,0.0,0.0,0.0,0.0,0.0,0.0,,,,0.0,0.0,0.0,0.0,0.0,0.0,0.0,4.663,28.44,638.337,2536.287,42.24,38328.715,25.012,996.716,299121.938,4981.662,49.697,65.642,0.0,0.0,,,0.0,0.0,,0.0,0.0,,0.0,5103.535,972.452,,0.0,0.0,0.0,0.0,0.0,0.0,0.0,,0.0,0.0,0.0,0.0,0.0,0.0,0.0,,0.0,0.0,0.0,0.0,0.0,0.0,0.0
Saudi Arabia,1992,SAU,17281352,306153193472.0,,,,,,,,,,,0.0,0.0,0.0,0.0,0.0,,0.0,0.0,0.0,0.0,0.0,,93.473,9.521,0.957,9.304,56810.156,3.207,0.957,9.304,5408.904,93.473,56810.156,981.756,100.0,100.0,8.757,29.26,363.375,2540.125,43.897,21027.0,8.757,29.26,21027.0,363.375,46.962,37.013,,,0.0,0.0,0.0,0.0,0.0,0.0,0.0,,0.0,0.0,0.0,0.0,0.0,0.0,0.0,,,,0.0,0.0,0.0,0.0,0.0,0.0,0.0,-3.126,-19.956,618.381,2868.779,49.576,35783.156,3.206,159.704,297509.438,5141.365,53.038,62.987,0.0,0.0,,,0.0,0.0,,0.0,0.0,,0.0,5408.904,981.756,,0.0,0.0,0.0,0.0,0.0,0.0,0.0,,0.0,0.0,0.0,0.0,0.0,0.0,0.0,,0.0,0.0,0.0,0.0,0.0,0.0,0.0
Saudi Arabia,1993,SAU,17846472,318108073984.0,,,,,,,,,,,0.0,0.0,0.0,0.0,0.0,,0.0,0.0,0.0,0.0,0.0,,102.669,10.238,2.149,21.094,56193.195,3.153,2.149,21.094,5752.875,102.669,56193.191,1002.85,100.0,100.0,4.68,17.005,380.38,2682.632,47.876,21314.016,4.68,17.005,21314.016,380.38,46.631,37.93,,,0.0,0.0,0.0,0.0,0.0,0.0,0.0,,0.0,0.0,0.0,0.0,0.0,0.0,0.0,,,,0.0,0.0,0.0,0.0,0.0,0.0,0.0,0.661,4.089,622.47,3070.244,54.793,34879.18,-2.888,-148.482,279768.625,4992.883,53.369,62.07,0.0,0.0,,,0.0,0.0,,0.0,0.0,,0.0,5752.875,1002.85,,0.0,0.0,0.0,0.0,0.0,0.0,0.0,,0.0,0.0,0.0,0.0,0.0,0.0,0.0,,0.0,0.0,0.0,0.0,0.0,0.0,0.0
Saudi Arabia,1994,SAU,18367526,336600596480.0,,,,,,,,,,,0.0,0.0,0.0,0.0,0.0,,0.0,0.0,0.0,0.0,0.0,,106.046,9.145,15.628,156.73,63132.098,3.445,15.628,156.73,5773.557,106.046,63132.09,1159.58,100.0,100.0,6.818,25.935,406.315,2748.221,50.478,22121.377,6.818,25.935,22121.377,406.315,47.6,35.04,,,0.0,0.0,0.0,0.0,0.0,0.0,0.0,,0.0,0.0,0.0,0.0,0.0,0.0,0.0,,,,0.0,0.0,0.0,0.0,0.0,0.0,0.0,21.012,130.795,753.265,3025.336,55.568,41010.715,0.67,33.438,273652.594,5026.321,52.4,64.96,0.0,0.0,,,0.0,0.0,,0.0,0.0,,0.0,5773.557,1159.58,,0.0,0.0,0.0,0.0,0.0,0.0,0.0,,0.0,0.0,0.0,0.0,0.0,0.0,0.0,,0.0,0.0,0.0,0.0,0.0,0.0,0.0
Saudi Arabia,1995,SAU,18888862,354480717824.0,,,,,,,,,,,0.0,0.0,0.0,0.0,0.0,,0.0,0.0,0.0,0.0,0.0,,109.928,9.728,-2.55,-29.575,59823.926,3.188,-2.55,-29.574,5819.727,109.928,59823.926,1130.006,100.0,100.0,0.374,1.52,407.835,2636.917,49.808,21591.295,0.374,1.52,21591.295,407.835,45.31,36.091,,,0.0,0.0,0.0,0.0,0.0,0.0,0.0,,0.0,0.0,0.0,0.0,0.0,0.0,0.0,,,,0.0,0.0,0.0,0.0,0.0,0.0,0.0,-4.128,-31.095,722.171,3182.81,60.12,38232.629,-0.214,-10.734,265531.469,5015.587,54.69,63.909,0.0,0.0,,,0.0,0.0,,0.0,0.0,,0.0,5819.727,1130.006,,0.0,0.0,0.0,0.0,0.0,0.0,0.0,,0.0,0.0,0.0,0.0,0.0,0.0,0.0,,0.0,0.0,0.0,0.0,0.0,0.0,0.0
Saudi Arabia,1996,SAU,19410278,381901504512.0,,,,,,,,,,,0.0,0.0,0.0,0.0,0.0,,0.0,0.0,0.0,0.0,0.0,,112.167,9.599,3.411,38.547,60202.789,3.06,3.411,38.547,5778.749,112.167,60202.789,1168.553,100.0,100.0,3.447,14.06,421.895,2551.156,49.519,21735.648,3.447,14.06,21735.648,421.895,44.147,36.104,,,0.0,0.0,0.0,0.0,0.0,0.0,0.0,,0.0,0.0,0.0,0.0,0.0,0.0,0.0,,,,0.0,0.0,0.0,0.0,0.0,0.0,0.0,3.391,24.487,746.658,3227.593,62.648,38467.137,1.431,71.791,262097.125,5087.378,55.853,63.896,0.0,0.0,,,0.0,0.0,,0.0,0.0,,0.0,5778.749,1168.553,,0.0,0.0,0.0,0.0,0.0,0.0,0.0,,0.0,0.0,0.0,0.0,0.0,0.0,0.0,,0.0,0.0,0.0,0.0,0.0,0.0,0.0
Saudi Arabia,1997,SAU,19938380,404884848640.0,,,,,,,,,,,0.0,0.0,0.0,0.0,0.0,,0.0,0.0,0.0,0.0,0.0,,119.104,10.007,1.857,21.696,59696.375,2.94,1.857,21.696,5973.629,119.104,59696.375,1190.249,100.0,100.0,2.094,8.835,430.73,2653.712,52.911,21603.059,2.094,8.835,21603.059,430.73,44.424,36.188,,,0.0,0.0,0.0,0.0,0.0,0.0,0.0,,0.0,0.0,0.0,0.0,0.0,0.0,0.0,,,,0.0,0.0,0.0,0.0,0.0,0.0,0.0,1.722,12.861,759.519,3319.917,66.194,38093.316,-1.238,-62.962,251997.203,5024.416,55.576,63.812,0.0,0.0,,,0.0,0.0,,0.0,0.0,,0.0,5973.628,1190.249,,0.0,0.0,0.0,0.0,0.0,0.0,0.0,,0.0,0.0,0.0,0.0,0.0,0.0,0.0,,0.0,0.0,0.0,0.0,0.0,0.0,0.0
Saudi Arabia,1998,SAU,20472576,436679278592.0,,,,,,,,,,,0.0,0.0,0.0,0.0,0.0,,0.0,0.0,0.0,0.0,0.0,,126.168,10.073,5.237,62.328,61183.168,2.868,5.237,62.328,6162.765,126.168,61183.16,1252.577,100.0,100.0,3.264,14.06,444.79,2618.166,53.601,21726.137,3.264,14.06,21726.137,444.79,42.484,35.51,,,0.0,0.0,0.0,0.0,0.0,0.0,0.0,,0.0,0.0,0.0,0.0,0.0,0.0,0.0,,,,0.0,0.0,0.0,0.0,0.0,0.0,0.0,6.355,48.268,807.787,3544.599,72.567,39457.027,3.072,154.361,252961.688,5178.777,57.516,64.49,0.0,0.0,,,0.0,0.0,,0.0,0.0,,0.0,6162.765,1252.577,,0.0,0.0,0.0,0.0,0.0,0.0,0.0,,0.0,0.0,0.0,0.0,0.0,0.0,0.0,,0.0,0.0,0.0,0.0,0.0,0.0,0.0
Saudi Arabia,1999,SAU,21009664,440714592256.0,,,,,,,,,,,0.0,0.0,0.0,0.0,0.0,,0.0,0.0,0.0,0.0,0.0,,130.999,10.271,1.824,22.853,60706.84,2.894,1.825,22.853,6235.196,130.999,60706.84,1275.43,100.0,100.0,-1.324,-5.89,438.9,2613.161,54.902,20890.387,-1.324,-5.89,20890.387,438.9,41.91,34.412,,,0.0,0.0,0.0,0.0,0.0,0.0,0.0,,0.0,0.0,0.0,0.0,0.0,0.0,0.0,,,,0.0,0.0,0.0,0.0,0.0,0.0,0.0,3.558,28.743,836.53,3622.035,76.098,39816.453,-8.257,-427.621,226141.484,4751.157,58.09,65.588,0.0,0.0,,,0.0,0.0,,0.0,0.0,,0.0,6235.196,1275.43,,0.0,0.0,0.0,0.0,0.0,0.0,0.0,,0.0,0.0,0.0,0.0,0.0,0.0,0.0,,0.0,0.0,0.0,0.0,0.0,0.0,0.0
Saudi Arabia,2000,SAU,21547398,488694415360.0,,,,,0.0,0.0,0.0,,603.331,,0.0,0.0,0.0,0.0,0.0,,0.0,0.0,0.0,0.0,,138.68,138.68,10.389,4.661,59.449,61950.852,2.732,4.661,59.449,6436.043,138.68,61950.852,1334.88,100.0,,7.814,34.295,473.195,2962.771,63.84,21960.656,7.814,34.295,21960.656,473.195,46.034,,83.67,,,,,,,,,,,,0.0,0.0,,0.0,,0.0,0.0,,,,,,,,,3.007,25.154,861.685,3473.273,74.84,39990.191,7.341,348.789,236685.0,5099.946,53.966,,0.0,0.0,,,0.0,0.0,,0.0,0.0,,,6436.043,1334.88,,,,0.0,0.0,,0.0,,,0.0,0.0,0.0,0.0,0.0,0.0,,,0.0,0.0,0.0,0.0,0.0,0.0,
Saudi Arabia,2001,SAU,22085932,507467235328.0,,,,,0.0,0.0,0.0,,589.842,,0.092,4.155,0.092,0.0,0.0,,0.0,0.0,0.0,0.0,,146.09,146.09,10.271,6.551,87.453,64399.926,2.803,6.551,87.453,6614.618,146.09,64399.922,1422.332,100.0,,7.79,36.86,510.055,3470.535,76.65,23094.111,7.79,36.86,23094.111,510.055,52.468,,86.17,,,,,,,,,,,,0.0,0.0,,0.0,,0.0,0.0,,,,,,,,,5.861,50.501,912.186,3144.083,69.44,41301.656,-2.467,-125.832,225216.406,4974.114,47.532,,0.0,0.0,,,0.0,0.0,,0.0,0.0,,,6614.618,1422.332,,,,0.0,0.0,,0.0,,,0.0,0.0,0.0,0.0,0.0,0.0,,,0.0,0.0,0.0,0.0,0.0,0.0,
Saudi Arabia,2002,SAU,22623412,518914113536.0,,,,,0.0,0.0,0.0,,582.725,57.143,0.052,6.374,0.144,0.0,0.0,,0.0,0.0,0.0,0.0,,154.91,154.91,10.457,4.152,59.05,65480.074,2.855,4.152,59.05,6847.332,154.91,65480.074,1481.383,100.0,,5.606,28.595,538.65,3823.915,86.51,23809.404,5.606,28.595,23809.404,538.65,55.845,,90.27,,,,,,,,,,,,0.0,0.0,,0.0,,0.0,0.0,,,,,,,,,3.333,30.403,942.589,3023.417,68.4,41664.293,-8.802,-437.797,200514.297,4536.317,44.155,,0.0,0.0,,,0.0,0.0,,0.0,0.0,,,6847.332,1481.383,,,,0.0,0.0,,0.0,,,0.0,0.0,0.0,0.0,0.0,0.0,,,0.0,0.0,0.0,0.0,0.0,0.0,
Saudi Arabia,2003,SAU,23150850,608022953984.0,,,,,0.0,0.0,0.0,,584.824,27.273,0.039,7.928,0.184,0.0,0.0,,0.0,0.0,0.0,0.0,,166.58,166.58,10.616,5.927,87.808,67781.133,2.581,5.927,87.808,7195.416,166.58,67781.133,1569.191,100.0,,5.926,31.92,570.57,3946.292,91.36,24645.748,5.926,31.92,24645.748,570.57,54.845,,97.42,,,,,,,,,,,,0.0,0.0,,0.0,,0.0,0.0,,,,,,,,,5.925,55.849,998.437,3249.125,75.22,43127.465,18.061,819.295,231335.453,5355.612,45.155,,0.0,0.0,,,0.0,0.0,,0.0,0.0,,,7195.416,1569.191,,,,0.0,0.0,,0.0,,,0.0,0.0,0.0,0.0,0.0,0.0,,,0.0,0.0,0.0,0.0,0.0,0.0,
Saudi Arabia,2004,SAU,23661804,691927973888.0,,,,,0.0,0.0,0.0,,580.416,-10.714,-0.02,6.925,0.164,0.0,0.0,,0.0,0.0,0.0,0.0,,173.41,173.41,10.186,8.492,133.257,71949.188,2.46,8.492,133.257,7328.689,173.41,71949.188,1702.448,100.0,,9.357,53.39,623.96,4172.97,98.74,26369.926,9.357,53.39,26369.926,623.96,56.94,,100.65,,,,,,,,,,,,0.0,0.0,,0.0,,0.0,0.0,,,,,,,,,8.001,79.886,1078.324,3155.719,74.67,45572.34,7.011,375.504,242209.625,5731.117,43.06,,0.0,0.0,,,0.0,0.0,,0.0,0.0,,,7328.689,1702.448,,,,0.0,0.0,,0.0,,,0.0,0.0,0.0,0.0,0.0,0.0,,,0.0,0.0,0.0,0.0,0.0,0.0,
Saudi Arabia,2005,SAU,24397652,770496462848.0,,,,,0.0,0.0,0.0,,581.366,98.528,0.161,13.334,0.325,0.0,0.0,,0.0,0.0,0.0,0.0,,191.05,191.05,10.549,6.382,108.658,74232.789,2.351,6.382,108.658,7830.672,191.05,74232.797,1811.106,100.0,,8.465,52.82,676.78,4423.787,107.93,27739.553,8.465,52.82,27739.553,676.78,56.493,,111.07,,,,,,,,,,,,0.0,0.0,,0.0,,0.0,0.0,,,,,,,,,5.163,55.677,1134.001,3406.885,83.12,46479.906,4.838,277.269,246269.016,6008.386,43.507,,0.0,0.0,,,0.0,0.0,,0.0,0.0,,,7830.672,1811.106,,,,0.0,0.0,,0.0,,,0.0,0.0,0.0,0.0,0.0,0.0,,,0.0,0.0,0.0,0.0,0.0,0.0,
Saudi Arabia,2006,SAU,25382870,835772416000.0,,,,,0.0,0.0,0.0,,588.151,-29.136,-0.095,9.082,0.231,0.0,0.0,,0.0,0.0,0.0,0.0,,196.31,196.31,10.331,4.918,89.064,74860.328,2.274,4.918,89.064,7733.956,196.31,74860.328,1900.17,100.0,,3.118,21.1,697.88,4118.92,104.55,27494.113,3.118,21.1,27494.113,697.88,53.258,,115.46,,,,,,,,,,,,0.0,0.0,,0.0,,0.0,0.0,,,,,,,,,6.002,68.059,1202.06,3615.036,91.76,47357.133,-1.488,-89.407,233187.922,5918.979,46.742,,0.0,0.0,,,0.0,0.0,,0.0,0.0,,,7733.956,1900.17,,,,0.0,0.0,,0.0,,,0.0,0.0,0.0,0.0,0.0,0.0,,,0.0,0.0,0.0,0.0,0.0,0.0,
Saudi Arabia,2007,SAU,26400066,898734227456.0,,,,,0.0,0.0,0.0,,594.482,179.861,0.415,24.438,0.645,0.0,0.0,,0.0,0.0,0.0,0.0,,204.43,204.43,10.516,2.31,43.887,73638.344,2.163,2.31,43.887,7743.541,204.43,73638.336,1944.057,100.0,,1.305,9.11,706.99,3890.521,102.71,26779.857,1.305,9.11,26779.857,706.99,50.242,,121.53,,,,,,,,,,,,0.0,0.0,,0.0,,0.0,0.0,,,,,,,,,2.859,34.362,1236.422,3853.021,101.72,46834.043,-3.93,-232.608,215392.266,5686.37,49.758,,0.0,0.0,,,0.0,0.0,,0.0,0.0,,,7743.541,1944.057,,,,0.0,0.0,,0.0,,,0.0,0.0,0.0,0.0,0.0,0.0,,,0.0,0.0,0.0,0.0,0.0,0.0,
Saudi Arabia,2008,SAU,27437352,1008968663040.0,,,,,0.0,0.0,0.0,,596.425,15.692,0.101,27.205,0.746,0.0,0.0,,0.0,0.0,0.0,0.0,,204.2,204.2,9.594,9.486,184.407,77575.414,2.11,9.486,184.405,7442.409,204.2,77575.352,2128.462,100.0,,8.089,57.19,764.18,3670.544,100.71,27851.812,8.089,57.19,27851.812,764.18,49.319,,121.79,,,,,,,,,,,,0.0,0.0,,0.0,,0.0,0.0,,,,,,,,,10.281,127.114,1363.536,3771.865,103.49,49696.328,4.302,244.629,216165.156,5931.0,50.681,,0.0,0.0,,,0.0,0.0,,0.0,0.0,,,7442.409,2128.464,,,,0.0,0.0,,0.0,,,0.002,0.002,0.0,0.0,0.062,0.0,,,0.0,0.0,0.0,0.0,0.0,0.0,
Saudi Arabia,2009,SAU,28483800,1045205417984.0,,,,,0.0,0.0,0.0,,609.038,-63.362,-0.473,9.601,0.273,0.0,0.0,,0.0,0.0,0.0,0.0,,217.31,217.31,9.855,3.602,76.674,77417.273,2.11,3.602,76.674,7629.249,217.31,77417.219,2205.136,100.0,,-2.474,-18.905,745.275,3303.281,94.09,26164.873,-2.474,-18.905,26164.873,745.275,43.298,,132.35,,,,,,,,,,,,0.0,0.0,,0.0,,0.0,0.0,,,,,,,,,7.044,96.052,1459.588,4325.968,123.22,51242.742,-9.994,-592.745,187413.703,5338.254,56.702,,0.0,0.0,,,0.0,0.0,,0.0,0.0,,,7629.249,2205.138,,,,0.0,0.0,,0.0,,0.0,-0.0,0.002,0.0,0.0,0.06,0.0,,,0.0,0.0,0.0,0.0,0.0,0.0,
Saudi Arabia,2010,SAU,29411930,1159438139392.0,,,,,0.0,0.0,0.0,,611.722,187.424,0.513,26.725,0.786,0.0,0.0,,0.0,0.0,0.0,0.0,,240.06,240.06,9.794,11.154,245.969,83337.156,2.114,11.154,245.959,8161.994,240.06,83336.766,2451.095,100.0,,11.74,87.495,832.77,3430.581,100.9,28314.02,11.74,87.495,28314.02,832.77,42.031,,146.85,,,,,,,,,,,,0.0,0.0,,0.0,,0.0,0.0,,,,,,,,,10.822,157.951,1617.539,4731.414,139.16,54996.027,0.935,49.932,183197.312,5388.187,57.969,,0.0,0.0,,,0.0,0.0,,0.0,0.0,,,8161.994,2451.107,,,,0.0,0.0,,0.0,,571.429,0.01,0.011,0.0,0.0,0.386,0.0,,,0.0,0.0,0.0,0.0,0.0,0.0,
Saudi Arabia,2011,SAU,30150952,1355526832128.0,,,,,0.0,0.0,0.0,,606.806,-2.591,-0.02,25.394,0.766,0.0,0.0,,0.0,0.0,0.0,0.0,,250.01,250.08,9.779,4.332,106.184,84816.25,1.887,4.332,106.181,8293.934,250.07,84815.758,2557.276,99.996,,5.248,43.7,876.47,3679.817,110.95,29069.396,5.248,43.7,29069.396,876.47,44.366,,151.75,,,,,,,,,,,,0.332,0.01,,0.004,,-0.07,-0.028,,,,,,,,,3.864,62.501,1680.04,4614.116,139.12,55720.973,12.821,690.82,201619.062,6079.007,55.63,,0.0,0.0,,,0.0,0.0,,0.0,0.0,,,8294.266,2557.291,,,,0.332,0.01,,0.004,,31.866,0.004,0.015,0.332,0.01,0.493,0.004,,,0.0,0.0,0.0,0.0,0.0,0.0,
Saudi Arabia,2012,SAU,30821554,1438371676160.0,,,,,0.0,0.0,0.0,,602.665,17.253,0.132,29.128,0.898,0.0,0.0,,0.0,0.0,0.0,0.0,,271.66,271.71,10.011,6.136,156.92,88062.086,1.887,6.134,156.864,8814.61,271.68,88059.805,2714.14,99.989,,7.663,67.165,943.635,4083.182,125.85,30616.072,7.663,67.165,30616.072,943.635,46.318,,163.75,,,,,,,,,,,,0.973,0.03,,0.011,,-0.05,-0.018,,,,,,,,,5.331,89.567,1769.607,4731.429,145.83,57414.605,5.075,308.486,207241.094,6387.493,53.671,,0.0,0.0,,,0.0,0.0,,0.0,0.0,,,8815.584,2714.21,,,,0.973,0.03,,0.011,,375.464,0.055,0.07,0.973,0.03,2.281,0.011,,,0.0,0.0,0.0,0.0,0.0,0.0,
Saudi Arabia,2013,SAU,31482502,1486736457728.0,,,,,0.0,0.0,0.0,,597.796,27.984,0.251,36.496,1.149,0.0,0.0,,0.0,0.0,0.0,0.0,,284.01,284.06,10.4,0.627,17.01,86753.602,1.837,0.625,16.964,9021.519,284.02,86749.922,2731.104,99.986,,0.705,6.65,950.285,4385.611,138.07,30184.545,0.705,6.65,30184.545,950.285,48.606,,169.81,,,,,,,,,,,,1.271,0.04,,0.014,,-0.05,-0.018,,,,,,,,,0.569,10.063,1779.671,4635.909,145.95,56528.879,-1.969,-125.749,198896.016,6261.744,51.38,,0.0,0.0,,,0.0,0.0,,0.0,0.0,,,9022.79,2731.22,,,,1.271,0.04,,0.014,,65.678,0.045,0.116,1.271,0.04,3.677,0.014,,,0.0,0.0,0.0,0.0,0.0,0.0,
Saudi Arabia,2014,SAU,32125570,1550550827008.0,,,,,0.0,0.0,0.0,,603.572,38.631,0.444,49.583,1.593,0.0,0.0,,0.0,0.0,0.0,0.0,,311.81,311.86,10.637,7.341,200.497,91258.062,1.891,7.341,200.488,9705.976,311.81,91254.188,2931.593,99.984,,2.349,22.325,972.61,4452.216,143.03,30275.26,2.349,22.325,30275.26,972.61,45.864,,188.23,,,,,,,,,,,,1.556,0.05,,0.016,,-0.05,-0.016,,,,,,,,,9.986,177.719,1957.39,5253.759,168.78,60929.348,1.005,62.924,196873.328,6324.668,54.12,,0.0,0.0,,,0.0,0.0,,0.0,0.0,,,9707.531,2931.717,,,,1.556,0.05,,0.016,,8.019,0.009,0.124,1.556,0.05,3.869,0.016,,,0.0,0.0,0.0,0.0,0.0,0.0,
Saudi Arabia,2015,SAU,32749838,1621729738752.0,,,,,0.0,0.0,0.0,,603.889,-34.934,-0.556,31.647,1.036,0.0,0.0,,0.0,0.0,0.0,0.0,,338.34,338.39,11.071,4.261,124.908,93332.539,1.885,4.261,124.909,10331.043,338.34,93328.758,3056.502,99.985,,2.022,19.665,992.275,4723.077,154.68,30298.621,2.022,19.665,30298.621,992.275,45.711,,204.35,,,,,,,,,,,,1.527,0.05,,0.015,,-0.05,-0.015,,,,,,,,,5.405,105.8,2063.19,5607.967,183.66,62998.492,4.452,281.57,201718.188,6606.238,54.275,,0.0,0.0,,,0.0,0.0,,0.0,0.0,,,10332.571,3056.625,,,,1.527,0.05,,0.015,,0.0,-0.001,0.124,1.527,0.05,3.773,0.015,,,0.0,0.0,0.0,0.0,0.0,0.0,
Saudi Arabia,2016,SAU,33416272,1649723179008.0,,,,,0.0,0.0,0.0,,595.975,-17.475,-0.181,25.596,0.855,0.0,0.0,,0.0,0.0,0.0,0.0,,336.71,337.43,10.612,4.031,123.219,95158.547,1.928,4.031,123.219,10096.279,337.38,95154.875,3179.721,99.985,,6.137,60.895,1053.17,4996.967,166.98,31516.684,6.137,60.895,31516.684,1053.17,49.486,,201.1,,,,,,,,,,,,1.496,0.05,,0.015,,-0.72,-0.214,,,,,,,,,3.03,62.505,2125.696,5099.312,170.4,63612.598,3.288,217.226,204195.828,6823.463,50.499,,0.0,0.0,,,0.0,0.0,,0.0,0.0,,,10097.774,3179.844,,,,1.496,0.05,,0.015,,0.0,-0.001,0.123,1.496,0.05,3.676,0.015,,,0.0,0.0,0.0,0.0,0.0,0.0,
Saudi Arabia,2017,SAU,34193120,1637482233856.0,,,,,0.0,0.0,0.0,,588.114,56.617,0.484,39.176,1.34,0.0,0.0,,,,,0.0,,354.34,354.37,11.137,0.062,1.975,93054.375,1.943,0.06,1.912,10361.733,354.3,93048.93,3181.633,99.98,,3.735,39.332,1092.502,5513.975,188.54,31950.934,3.735,39.332,31950.934,1092.502,53.204,,208.41,,,,,,,,,,,,2.047,0.07,,0.02,,-0.03,-0.008,,,,,,,,,-1.783,-37.904,2087.792,4847.759,165.76,61058.824,-4.669,-318.579,190239.578,6504.885,46.776,,0.0,0.0,,,0.0,0.0,,0.0,0.0,,,10363.78,3181.819,,,,2.047,0.07,,0.02,,41.749,0.05,0.173,2.047,0.07,5.062,0.02,,,0.013,0.013,0.0,0.0,0.375,0.0,
Saudi Arabia,2018,SAU,35018132,1677338607616.0,,,,,0.0,0.0,0.0,,574.24,-16.803,-0.225,31.826,1.114,0.0,0.0,,,,,0.0,,334.83,334.86,10.796,-2.519,-80.142,88573.469,1.849,-2.527,-80.391,9557.906,334.7,88561.055,3101.243,99.952,,2.609,28.498,1121.0,5712.184,200.03,32011.988,2.609,28.498,32011.988,1121.0,59.735,,192.29,,,,,,,,,,,,4.569,0.16,,0.048,,-0.03,-0.009,,,,,,,,,-5.205,-108.663,1979.128,3845.722,134.67,56517.242,3.128,203.504,191569.016,6708.389,40.217,,0.0,0.0,,,0.0,0.0,,0.0,0.0,,,9562.475,3101.677,,,,4.569,0.16,,0.048,,145.231,0.249,0.422,4.569,0.16,12.05,0.048,,0.0,-0.0,0.013,0.0,0.0,0.364,0.0,
Saudi Arabia,2019,SAU,35827364,,,,,,0.0,0.0,0.0,,570.607,5.211,0.058,32.728,1.173,0.0,0.0,,,,,0.0,,335.75,335.45,11.282,-4.139,-128.391,82989.266,,-4.144,-128.516,9357.094,335.24,82973.633,2972.727,99.937,,-0.847,-9.5,1111.5,5750.632,206.03,31023.773,-0.847,-9.5,31023.773,1111.5,61.419,,191.41,,,,,,,,,,,,5.861,0.21,,0.063,,0.3,0.089,,,,,,,,,-6.017,-119.074,1860.054,3606.461,129.21,51917.129,-3.511,-235.549,180667.484,6472.84,38.518,,0.0,0.0,,,0.0,0.0,,0.0,0.0,,,9362.955,2973.287,,,,5.861,0.21,,0.063,,29.625,0.123,0.545,5.861,0.21,15.21,0.063,,18.182,0.002,0.015,0.0,0.0,0.419,0.0,
Saudi Arabia,2020,SAU,35997108,,,,,,0.0,0.0,0.0,,570.955,-12.313,-0.144,28.563,1.028,0.0,0.0,,,,,0.0,,337.66,338.03,11.693,-2.77,-82.359,80309.992,,-2.77,-82.359,9384.643,337.82,80294.445,2890.368,99.938,,1.709,19.0,1130.5,5751.295,207.03,31405.301,1.709,19.0,31405.301,1130.5,61.246,,193.0,,,,,,,,,,,,5.834,0.21,,0.062,,-0.37,-0.11,,,,,,,,,-5.441,-101.214,1758.84,3633.347,130.79,48860.586,-6.645,-430.091,167867.625,6042.749,38.692,,0.0,0.0,,,0.0,0.0,,0.0,0.0,,,9390.477,2890.927,,,,5.834,0.21,,0.062,,0.274,-0.001,0.544,5.834,0.21,15.124,0.062,,0.0,-0.0,0.015,0.0,0.0,0.415,0.0,
Saudi Arabia,2021,SAU,35950396,,,,,,0.0,0.0,0.0,,571.336,24.383,0.251,35.574,1.279,0.0,0.0,,,,,0.0,,356.32,356.62,11.937,3.342,96.619,83101.906,,3.286,94.99,9896.692,355.79,83041.047,2985.358,99.767,,1.248,14.107,1144.607,6006.332,215.93,31838.504,1.248,14.107,31838.504,1144.607,60.549,,203.75,,,,,,,,,,,,23.087,0.83,,0.233,,-0.3,-0.084,,,,,,,,,4.584,80.633,1839.473,3890.361,139.86,51166.969,-0.878,-53.031,166610.625,5989.718,39.218,,0.0,0.0,,,0.0,0.0,,0.0,0.0,,,9919.779,2987.546,,,,23.087,0.83,,0.233,,300.581,1.628,2.173,23.087,0.83,60.442,0.233,,-0.273,-0.0,0.015,0.0,0.0,0.413,0.0,
Saudi Arabia,2022,SAU,36408824,,,,,,,,,,,0.0,0.0,35.126,1.279,0.0,0.0,,,,,0.0,,,401.588,12.576,6.888,205.773,87707.289,,6.893,205.779,11006.982,400.751,87647.359,3191.137,99.792,,5.152,58.97,1203.577,7398.452,269.369,33057.297,5.152,58.97,33057.297,1203.577,67.076,,,,,,,,,,,,,,22.99,0.837,,0.208,,,,,,,,,,,,7.981,146.808,1986.281,3608.53,131.382,54554.93,11.275,675.338,183061.562,6665.056,32.716,,0.0,0.0,,,0.0,0.0,,0.0,0.0,,,11029.973,3193.319,,,,22.99,0.837,,0.208,,0.114,-0.005,2.167,22.834,0.831,59.531,0.207,,0.0,-0.0,0.015,0.156,0.006,0.407,0.001,
Senegal,1980,SEN,5703873,11696174080.0,,,,,,,,,,,,,,,,,,0.0,0.0,,,,,,,,1796.242,0.876,,,,,,,,,,,,,,,,,0.0,0.0,,,,,,,,,,,,,,,,,,,,,,,,,,,,,,,,,,,,,,0.0,0.0,,,,,,,,,,,,,,,10.246,,,,,,,,,,,,,,,,,,,,,,,,
Senegal,1981,SEN,5852029,11610721280.0,,,,,,,,,,,,,,,,,0.0,0.0,0.0,,,,,,-0.273,-0.028,1745.983,0.88,,,,,,,,,,,,,,,,0.0,0.0,0.0,,,,,,,,,,,,,,,,,,,,,,,,,,,,,,,,,,,,,0.0,0.0,0.0,,,,,,,,,,,,,,,10.218,,,,,,,,,,,,,,,,,,,,,,,,
Senegal,1982,SEN,6008391,13375981568.0,,,,,,,,,,,,,,,,,0.0,0.0,0.0,,,,,,0.0,0.0,1700.545,0.764,,,,,,,,,,,,,,,,0.0,0.0,0.0,,,,,,,,,,,,,,,,,,,,,,,,,,,,,,,,,,,,,0.0,0.0,0.0,,,,,,,,,,,,,,,10.218,,,,,,,,,,,,,,,,,,,,,,,,
Senegal,1983,SEN,6171882,13711421440.0,,,,,,,,,,,,,,,,,0.0,0.0,0.0,,,,,,-5.882,-0.601,1558.116,0.701,,,,,,,,,,,,,,,,0.0,0.0,0.0,,,,,,,,,,,,,,,,,,,,,,,,,,,,,,,,,,,,,0.0,0.0,0.0,,,,,,,,,,,,,,,9.617,,,,,,,,,,,,,,,,,,,,,,,,
Senegal,1984,SEN,6341803,13074190336.0,,,,,,,,,,,,,,,,,0.0,0.0,0.0,,,,,,25.342,2.437,1900.654,0.922,,,,,,,,,,,,,,,,0.0,0.0,0.0,,,,,,,,,,,,,,,,,,,,,,,,,,,,,,,,,,,,,0.0,0.0,0.0,,,,,,,,,,,,,,,12.054,,,,,,,,,,,,,,,,,,,,,,,,
Senegal,1985,SEN,6520707,13570220032.0,,,,,,,,,,,,,,,,,0.0,0.0,0.0,,,,,,-5.26,-0.634,1751.283,0.842,,,,,,,,,,,,,,,,0.0,0.0,0.0,,,,,,,,,,,,,,,,,,,,,,,,,,,,,,,,,,,,,0.0,0.0,0.0,,,,,,,,,,,,,,,11.42,,,,,,,,,,,,,,,,,,,,,,,,
Senegal,1986,SEN,6710889,14225651712.0,,,,,,,,,,,,,,,,,0.0,0.0,0.0,,,,,,2.632,0.301,1746.433,0.824,,,,,,,,,,,,,,,,0.0,0.0,0.0,,,,,,,,,,,,,,,,,,,,,,,,,,,,,,,,,,,,,0.0,0.0,0.0,,,,,,,,,,,,,,,11.72,,,,,,,,,,,,,,,,,,,,,,,,
Senegal,1987,SEN,6909836,14808651776.0,,,,,,,,,,,,,,,,,0.0,0.0,0.0,,,,,,1.207,0.141,1716.621,0.801,,,,,,,,,,,,,,,,0.0,0.0,0.0,,,,,,,,,,,,,,,,,,,,,,,,,,,,,,,,,,,,,0.0,0.0,0.0,,,,,,,,,,,,,,,11.862,,,,,,,,,,,,,,,,,,,,,,,,
Senegal,1988,SEN,7113639,15564026880.0,,,,,,,,,,,,,,,,,0.0,0.0,0.0,,,,,,-14.281,-1.694,1429.315,0.653,,,,,,,,,,,,,,,,0.0,0.0,0.0,,,,,,,,,,,,,,,,,,,,,,,,,,,,,,,,,,,,,0.0,0.0,0.0,,,,,,,,,,,,,,,10.168,,,,,,,,,,,,,,,,,,,,,,,,
Senegal,1989,SEN,7321837,15304410112.0,,,,,,,,,,,,,,,,,0.0,0.0,0.0,,,,,,3.377,0.343,1435.574,0.687,,,,,,,,,,,,,,,,0.0,0.0,0.0,,,,,,,,,,,,,,,,,,,,,,,,,,,,,,,,,,,,,0.0,0.0,0.0,,,,,,,,,,,,,,,10.511,,,,,,,,,,,,,,,,,,,,,,,,
Senegal,1990,SEN,7536003,15993263104.0,,,,,,,,,,,,,,,,,0.0,0.0,0.0,,,,,,1.218,0.128,1411.758,0.665,,,,,,,,,,,,,,,,0.0,0.0,0.0,,,,,,,,,,,,,,,,,,,,,,,,,,,,,,,,,,,,,0.0,0.0,0.0,,,,,,,,,,,,,,,10.639,,,,,,,,,,,,,,,,,,,,,,,,
Senegal,1991,SEN,7754296,16307771392.0,,,,,,,,,,,,,,,,,0.0,0.0,0.0,,,,,,-7.665,-0.815,1266.849,0.602,,,,,,,,,,,,,,,,0.0,0.0,0.0,,,,,,,,,,,,,,,,,,,,,,,,,,,,,,,,,,,,,0.0,0.0,0.0,,,,,,,,,,,,,,,9.824,,,,,,,,,,,,,,,,,,,,,,,,
Senegal,1992,SEN,7974512,16415511552.0,,,,,,,,,,,,,,,,,0.0,0.0,0.0,,,,,,21.132,2.076,1492.184,0.725,,,,,,,,,,,,,,,,0.0,0.0,0.0,,,,,,,,,,,,,,,,,,,,,,,,,,,,,,,,,,,,,0.0,0.0,0.0,,,,,,,,,,,,,,,11.899,,,,,,,,,,,,,,,,,,,,,,,,
Senegal,1993,SEN,8196551,16529391616.0,,,,,,,,,,,,,,,,,0.0,0.0,0.0,,,,,,4.267,0.508,1513.709,0.751,,,,,,,,,,,,,,,,0.186,22.724,0.186,,,,,,,,,,,,,,,,,,,,,,,,,,,,,,,,,,,,,0.0,0.0,0.0,,,,,,,,,,,,,,,12.407,,,,,,,,,,,,,,,,,,,,,,,,
Senegal,1994,SEN,8417001,16428695552.0,,,,,,,,,,,,,,,,,0.0,0.0,0.0,,,,,,20.619,2.558,1777.997,0.911,,,,,,,,,,,,,,,99.632,0.186,44.175,0.372,,,,,,,,,,,,,,,,,,,,,,,,,,,,,,,,,,,,,0.0,0.0,0.0,,,,,,,,,,,,,,,14.965,,,,,,,,,,,,,,,,,,,,,,,,
Senegal,1995,SEN,8632684,17210296320.0,,,,,,,,,,,,,,,,,0.0,0.0,0.0,,,,,,8.234,1.232,1876.318,0.941,,,,,,,,,,,,,,,25.532,0.095,54.069,0.467,,,,,,,,,,,,,,,,,,,,,,,,,,,,,,,,,,,,,0.0,0.0,0.0,,,,,,,,,,,,,,,16.198,,,,,,,,,,,,,,,,,,,,,,,,
Senegal,1996,SEN,8843426,17466716160.0,,,,,,,,,,,,,,,,,0.0,0.0,0.0,,,,,,0.856,0.139,1847.276,0.935,,,,,,,,,,,,,,,19.712,0.092,63.184,0.559,,,,,,,,,,,,,,,,,,,,,,,,,,,,,,,,,,,,,0.0,0.0,0.0,,,,,,,,,,,,,,,16.336,,,,,,,,,,,,,,,,,,,,,,,,
Senegal,1997,SEN,9051545,17903980544.0,,,,,,,,,,,,,,,,,0.0,0.0,0.0,,,,,,-8.662,-1.415,1648.463,0.833,,,,,,,,,,,,,,,-33.333,-0.186,41.154,0.373,,,,,,,,,,,,,,,,,,,,,,,,,,,,,,,,,,,,,0.0,0.0,0.0,,,,,,,,,,,,,,,14.921,,,,,,,,,,,,,,,,,,,,,,,,
Senegal,1998,SEN,9261531,18848458752.0,,,,,,,,,,,,,,,,,0.0,0.0,0.0,,,,,,6.398,0.955,1714.163,0.842,,,,,,,,,,,,,,,0.0,0.0,40.221,0.373,,,,,,,,,,,,,,,,,,,,,,,,,,,,,,,,,,,,,0.0,0.0,0.0,,,,,,,,,,,,,,,15.876,,,,,,,,,,,,,,,,,,,,,,,,
Senegal,1999,SEN,9478565,19929669632.0,,,,,,,,,,,,,,,,,0.0,0.0,0.0,,,,,,10.118,1.606,1844.373,0.877,,,,,,,,,,,,,,,0.0,0.0,39.3,0.373,,,,,,,,,,,,,,,,,,,,,,,,,,,,,,,,,,,,,0.0,0.0,0.0,,,,,,,,,,,,,,,17.482,,,,,,,,,,,,,,,,,,,,,,,,
Senegal,2000,SEN,9704291,20451864576.0,,,,,5.152,0.05,3.472,,680.556,,,,,0.0,0.0,,0.0,0.0,0.0,0.0,,1.44,1.44,,13.874,2.425,2051.405,0.973,,,143.236,1.39,,,96.528,,,,,0.0,0.0,,25.0,0.093,47.983,0.466,0.0,,0.98,,,,0.0,0.0,,0.0,,,,,5.152,0.05,,3.472,,0.0,0.0,,,,0.0,0.0,,0.0,,,,,143.236,1.39,,,0.0,0.0,0.0,96.528,,,0.05,0.0,,,5.152,0.0,,3.472,0.0,,148.388,19.907,,,,5.152,0.05,,3.472,,,,,0.0,0.0,,0.0,,,,,0.0,0.0,,0.0,
Senegal,2001,SEN,9938028,21264652288.0,,,,,5.031,0.05,2.976,,684.524,,,,,0.0,0.0,,0.0,0.0,0.0,0.0,,1.68,1.68,,8.978,1.787,2183.01,1.02,,,164.016,1.63,,,97.024,,,,,0.0,0.0,,0.0,0.0,46.854,0.466,0.0,,1.15,,,,0.0,0.0,,0.0,,,,,5.031,0.05,,2.976,,0.0,0.0,,,,0.0,0.0,,0.0,,,,,164.016,1.63,,,0.0,0.0,0.0,97.024,,,0.05,0.0,,,5.031,0.0,,2.976,0.0,,169.048,21.695,,,,5.031,0.05,,2.976,,,,,0.0,0.0,,0.0,,,,,0.0,0.0,,0.0,
Senegal,2002,SEN,10180944,21278959616.0,,,,,4.911,0.05,2.793,,614.525,,,,,0.0,0.0,,0.0,0.0,0.0,0.0,,1.79,1.79,,3.768,0.817,2211.216,1.058,,,152.245,1.55,,,86.592,,,,,0.0,0.0,,0.0,0.0,45.736,0.466,0.0,,1.1,,,,18.662,0.19,,10.615,,,,,23.573,0.24,,13.408,,0.0,0.0,,,,0.0,0.0,,0.0,,,,,152.245,1.55,,,0.0,0.0,0.0,86.592,,,0.05,0.0,,,4.911,0.0,,2.793,0.0,,175.819,22.512,,,,23.573,0.24,,13.408,,,,,0.0,0.0,,0.0,,,,,0.0,0.0,,0.0,
Senegal,2003,SEN,10434505,22579513344.0,,,,,4.792,0.05,2.632,,568.421,,,,,0.0,0.0,,0.0,0.0,0.0,0.0,,1.9,1.9,,0.816,0.184,2175.09,1.005,,,145.671,1.52,,,80.0,,,,,0.0,0.0,,0.0,0.0,44.625,0.466,0.0,,1.08,,,,31.626,0.33,,17.368,,,,,36.418,0.38,,20.0,,0.0,0.0,,,,0.0,0.0,,0.0,,,,,145.671,1.52,,,0.0,0.0,0.0,80.0,,,0.05,0.0,,,4.792,0.0,,2.632,0.0,,182.088,22.696,,,,36.418,0.38,,20.0,,,,,0.0,0.0,,0.0,,,,,0.0,0.0,,0.0,
Senegal,2004,SEN,10698699,23766556672.0,,,,,4.673,0.05,2.513,,592.965,,,,,0.0,0.0,,0.0,0.0,0.0,0.0,,1.99,1.99,,5.795,1.315,2244.305,1.01,,,154.224,1.65,,,82.915,,,,,0.0,0.0,,0.0,0.0,43.523,0.466,0.0,,1.18,,,,27.106,0.29,,14.573,,,,,31.78,0.34,,17.085,,0.0,0.0,,,,0.0,0.0,,0.0,,,,,154.224,1.65,,,0.0,0.0,0.0,82.915,,,0.05,0.0,,,4.673,0.0,,2.513,0.0,,186.004,24.011,,,,31.78,0.34,,17.085,,,,,0.0,0.0,,0.0,,,,,0.0,0.0,,0.0,
Senegal,2005,SEN,10974066,24954050560.0,,,,,5.467,0.06,2.655,,610.619,,,,,0.0,0.0,,0.0,0.0,0.0,0.0,,2.26,2.26,,3.76,0.903,2270.258,0.998,,,176.78,1.94,,,85.841,,,,,0.0,0.0,,0.0,0.0,42.431,0.466,0.0,,1.38,,,,23.692,0.26,,11.504,,,,,29.16,0.32,,14.159,,0.0,0.0,,,,0.0,0.0,,0.0,,,,,176.78,1.94,,,0.0,0.0,0.0,85.841,,,0.06,0.0,,,5.467,0.0,,2.655,0.0,,205.94,24.914,,,,29.16,0.32,,14.159,,,,,0.0,0.0,,0.0,,,,,0.0,0.0,,0.0,
Senegal,2006,SEN,11263389,25426415616.0,,,,,5.327,0.06,2.632,,618.421,,,,,0.0,0.0,,0.0,0.0,0.0,0.0,,2.28,2.28,,-1.797,-0.448,2172.189,0.962,,,176.679,1.99,,,87.281,,,,,0.0,0.0,,0.0,0.0,41.341,0.466,0.0,,1.41,,,,20.42,0.23,,10.088,,,,,25.747,0.29,,12.719,,0.0,0.0,,,,0.0,0.0,,0.0,,,,,176.679,1.99,,,0.0,0.0,0.0,87.281,,,0.06,0.0,,,5.327,0.0,,2.632,0.0,,202.426,24.466,,,,25.747,0.29,,12.719,,,,,0.0,0.0,,0.0,,,,,0.0,0.0,,0.0,
Senegal,2007,SEN,11563878,26522044416.0,,,,,5.189,0.06,2.439,,634.146,,,,,0.0,0.0,,0.0,0.0,0.0,0.0,,2.46,2.46,,7.829,1.915,2281.383,0.995,,,191.977,2.22,,,90.244,,,,,0.0,0.0,,0.0,0.0,40.266,0.466,0.0,,1.56,,,,15.566,0.18,,7.317,,,,,20.754,0.24,,9.756,,0.0,0.0,,,,0.0,0.0,,0.0,,,,,191.977,2.22,,,0.0,0.0,0.0,90.244,,,0.06,0.0,,,5.189,0.0,,2.439,0.0,,212.731,26.382,,,,20.754,0.24,,9.756,,,,,0.0,0.0,,0.0,,,,,0.0,0.0,,0.0,
Senegal,2008,SEN,11872933,27345926144.0,,,,,4.211,0.05,1.931,,633.205,,,,,0.0,0.0,,0.0,0.0,0.0,0.0,,2.59,2.59,,2.498,0.659,2277.513,0.989,,,194.56,2.31,,,89.189,,,,,0.0,0.0,,0.0,0.0,39.218,0.466,0.0,,1.64,,,,19.372,0.23,,8.88,,,,,23.583,0.28,,10.811,,0.0,0.0,,,,0.0,0.0,,0.0,,,,,194.56,2.31,,,0.0,0.0,0.0,89.189,,,0.05,0.0,,,4.211,0.0,,1.931,0.0,,218.143,27.041,,,,23.583,0.28,,10.811,,,,,0.0,0.0,,0.0,,,,,0.0,0.0,,0.0,
Senegal,2009,SEN,12195028,27841705984.0,,,,,4.1,0.05,1.887,,630.189,,,,,0.0,0.0,,0.0,0.0,0.0,0.0,,2.89,2.65,,-4.266,-1.154,2122.77,0.93,,,193.521,2.36,,,89.057,,,,,0.0,0.0,,0.0,0.0,38.182,0.466,0.0,,1.67,,,,19.68,0.24,,9.057,,,,,23.78,0.29,,10.943,,0.24,8.304,,,,0.0,0.0,,0.0,,,,,193.521,2.36,,,0.0,0.0,0.0,89.057,,,0.05,0.0,,,4.1,0.0,,1.887,0.0,,217.302,25.887,,,,23.78,0.29,,10.943,,,,,0.0,0.0,,0.0,,,,,0.0,0.0,,0.0,
Senegal,2010,SEN,12530128,28867536896.0,,,,,11.971,0.15,5.319,,613.475,,,,,0.0,0.0,,0.0,0.0,0.0,0.0,,3.07,2.82,,3.689,0.955,2142.207,0.93,,,193.135,2.42,,,85.816,,,,,0.0,0.0,,0.0,0.0,37.161,0.466,0.0,,1.73,,,,19.952,0.25,,8.865,,,,,31.923,0.4,,14.184,,0.25,8.143,,,,0.0,0.0,,0.0,,,,,193.135,2.42,,,0.0,0.0,0.0,85.816,,,0.15,0.0,,,11.971,0.0,,5.319,0.0,,225.058,26.842,,,,31.923,0.4,,14.184,,,,,0.0,0.0,,0.0,,,,,0.0,0.0,,0.0,
Senegal,2011,SEN,12875878,29228466176.0,,,,,10.873,0.14,4.895,,625.874,,,,,13.203,0.17,,0.0,0.0,0.0,5.944,,3.12,2.86,,4.761,1.278,2183.928,0.962,,,191.832,2.47,,,86.364,,,,,0.0,0.0,,-20.0,-0.093,28.931,0.373,0.0,,1.79,,,,19.416,0.25,,8.741,,,,,30.289,0.39,,13.636,,0.26,8.333,,,,0.0,0.0,,0.0,,,,,178.629,2.3,,,0.0,0.0,0.0,80.42,,,0.14,0.0,,,10.873,0.0,,4.895,0.0,,222.121,28.12,,,,30.289,0.39,,13.636,,,,,0.0,0.0,,0.0,,,,,0.0,0.0,,0.0,
Senegal,2012,SEN,13231840,30546520064.0,,,,,11.336,0.15,4.747,,620.253,,,,,13.604,0.18,,0.0,0.0,0.0,5.696,,3.45,3.16,,-1.602,-0.45,2091.133,0.906,,,204.809,2.71,,,85.759,,,,,0.0,0.0,,20.0,0.075,33.783,0.447,0.0,,1.96,,,,21.917,0.29,,9.177,,,,,34.009,0.45,,14.241,,0.29,8.406,,,,0.0,0.0,,0.0,,,,,191.205,2.53,,,0.0,0.0,0.0,80.063,,,0.15,0.0,,,11.336,0.0,,4.747,0.0,,238.818,27.67,,,,34.009,0.45,,14.241,,,,,0.756,0.01,,0.316,,,,,0.0,0.0,,0.0,
Senegal,2013,SEN,13595571,31644256256.0,,,,,11.033,0.15,4.545,,621.212,,,,,13.24,0.18,,0.0,0.0,0.0,5.455,,3.61,3.3,,4.034,1.116,2117.29,0.91,,,208.156,2.83,,,85.758,,,,,0.0,0.0,,25.0,0.112,41.099,0.559,0.0,,2.05,,,,22.802,0.31,,9.394,,,,,34.57,0.47,,14.242,,0.31,8.587,,,,0.0,0.0,,0.0,,,,,194.916,2.65,,,0.0,0.0,0.0,80.303,,,0.15,0.0,,,11.033,0.0,,4.545,0.0,,242.726,28.786,,,,34.57,0.47,,14.242,,,,,0.736,0.01,,0.303,,,,,0.0,0.0,,0.0,
Senegal,2014,SEN,13970314,33021583360.0,,,,,11.453,0.16,4.396,,626.374,,,,,14.316,0.2,,0.0,0.0,0.0,5.495,,3.96,3.64,,10.984,3.162,2286.819,0.967,,,225.478,3.15,,,86.538,,,,,0.0,0.0,,0.0,0.0,39.996,0.559,0.0,,2.28,,,,22.19,0.31,,8.516,,,,,35.074,0.49,,13.462,,0.32,8.081,,,,0.0,0.0,,0.0,,,,,211.162,2.95,,,0.0,0.0,0.0,81.044,,,0.16,0.0,,,11.453,0.0,,4.396,0.0,,260.552,31.948,,,,35.074,0.49,,13.462,,,,,1.432,0.02,,0.549,,,,,0.0,0.0,,0.0,
Senegal,2015,SEN,14356191,35168681984.0,,,,,12.538,0.18,4.627,,624.679,,,,,14.628,0.21,,0.0,0.0,0.0,5.398,,4.22,3.89,,15.976,5.104,2580.883,1.054,,,234.045,3.36,,,86.375,,,,,0.0,0.0,,3.333,0.019,40.219,0.577,0.0,,2.43,,,,22.987,0.33,,8.483,,,,,36.918,0.53,,13.625,,0.33,7.82,,,,0.0,0.0,,0.0,,,,,219.418,3.15,,,0.0,0.0,0.0,80.977,,,0.18,0.0,,,12.538,0.0,,4.627,0.0,,270.963,37.052,,,,36.918,0.53,,13.625,,,,,1.393,0.02,,0.514,,,,,0.0,0.0,,0.0,
Senegal,2016,SEN,14751356,37469413376.0,,,,,8.135,0.12,2.878,,582.734,,,,,9.491,0.14,,0.0,0.0,0.0,3.357,,4.53,4.17,,-3.259,-1.207,2429.892,0.957,,,249.469,3.68,,,88.249,,,,,62.367,0.92,,-3.226,-0.019,37.879,0.559,22.062,,2.43,,,,24.405,0.36,,8.633,,,,,33.217,0.49,,11.751,,0.36,7.947,,,,0.0,0.0,,0.0,,,,,177.611,2.62,,,0.0,0.0,0.0,62.83,,,0.12,0.0,,,8.135,0.0,,2.878,0.0,,282.686,35.844,,,,33.217,0.49,,11.751,,,,,0.678,0.01,,0.24,,,,,0.0,0.0,,0.0,
Senegal,2017,SEN,15157793,40244772864.0,,,,,7.917,0.12,2.679,,575.893,,,,,9.896,0.15,,,,,3.348,,4.81,4.48,,6.126,2.196,2509.597,0.945,,,257.293,3.9,,,87.054,,,,,64.653,0.98,,,,,,21.875,,2.58,,,,23.75,0.36,,8.036,,,,,38.264,0.58,,12.946,,0.33,6.861,,,,0.0,0.0,,0.0,,,,,182.744,2.77,,,,,,61.83,,,0.12,0.0,,,7.917,0.0,,2.679,0.0,,295.558,38.04,,,,38.264,0.58,,12.946,,,,,6.597,0.1,,2.232,,,,,0.0,0.0,,0.0,
Senegal,2018,SEN,15574910,42805547008.0,,,,,7.063,0.11,2.355,,571.734,,,,,8.347,0.13,,,,,2.784,,4.99,4.67,,4.064,1.546,2541.635,0.925,,,254.897,3.97,,,85.011,,,,,55.859,0.87,,,,,,18.63,,2.67,,,,23.114,0.36,,7.709,,,,,44.944,0.7,,14.989,,0.32,6.413,,,,0.0,0.0,,0.0,,,,,190.691,2.97,,,,,,63.597,,,0.11,0.0,,,7.063,0.0,,2.355,0.0,,299.841,39.586,,,,44.944,0.7,,14.989,,,,,14.767,0.23,,4.925,,,,,0.0,0.0,,0.0,
Senegal,2019,SEN,16000783,,,,,,6.25,0.1,1.934,,545.455,,,,,7.5,0.12,,,,,2.321,,5.49,5.17,,11.294,4.471,2753.391,,,,278.111,4.45,,,86.073,,,,,105.62,1.69,,,,,,32.689,,2.82,,,,19.374,0.31,,5.996,,,,,44.998,0.72,,13.926,,0.32,5.829,,,,0.0,0.0,,0.0,,,,,164.992,2.64,,,,,,51.064,,,0.1,0.0,,,6.25,0.0,,1.934,0.0,,323.109,44.056,,,,44.998,0.72,,13.926,,,,,18.124,0.29,,5.609,,,,,1.25,0.02,,0.387,
Senegal,2020,SEN,16436120,,,,,,5.476,0.09,1.721,,514.34,,,,,6.693,0.11,,,,,2.103,,5.59,5.23,,-5.523,-2.433,2532.413,,,,257.36,4.23,,,80.88,,,,,97.955,1.61,,,,,,30.784,,2.69,,,,18.861,0.31,,5.927,,,,,60.842,1.0,,19.12,,0.36,6.44,,,,0.0,0.0,,0.0,,,,,152.712,2.51,,,,,,47.992,,,0.09,0.0,,,5.476,0.0,,1.721,0.0,,318.202,41.623,,,,60.842,1.0,,19.12,,,,,23.12,0.38,,7.266,,,,,13.385,0.22,,4.207,
Senegal,2021,SEN,16876726,,,,,,5.333,0.09,1.601,,523.132,,,,,32.589,0.55,,,,,9.786,,5.98,5.62,,1.578,0.657,2505.209,,,,266.639,4.5,,,80.071,,,,,91.25,1.54,,,,,,27.402,,2.94,,,,18.368,0.31,,5.516,,,,,66.364,1.12,,19.929,,0.36,6.02,,,,0.0,0.0,,0.0,,,,,142.8,2.41,,,,,,42.883,,,0.09,0.0,,,5.333,0.0,,1.601,0.0,,333.003,42.28,,,,66.364,1.12,,19.929,,,,,27.849,0.47,,8.363,,,,,14.813,0.25,,4.448,
Serbia,1990,SRB,7987530,75948515328.0,,,,,0.0,0.0,0.0,,,,,,,3540.519,28.28,,,,,72.569,,36.95,38.97,,,,,,,,3941.143,31.48,,,80.78,,,,,165.258,1.32,,,,,,3.387,,,,,,937.712,7.49,,19.22,,,,,937.712,7.49,,19.22,,-2.02,-5.467,,,,0.0,0.0,,0.0,,,,,235.367,1.88,,,,,,4.824,,,0.0,0.0,,,0.0,0.0,,0.0,0.0,,4878.855,,,,,937.712,7.49,,19.22,,,,,0.0,0.0,,0.0,,,,,0.0,0.0,,0.0,
Serbia,1991,SRB,7964455,68665327616.0,,,,,0.0,0.0,0.0,,,,,,,3126.391,24.9,,,,,66.1,,35.4,37.67,,,,,,,,3528.176,28.1,,,74.595,,,,,165.736,1.32,,,,,,3.504,,,,,,1201.589,9.57,,25.405,,,,,1201.589,9.57,,25.405,,-2.27,-6.412,,,,0.0,0.0,,0.0,,,,,236.049,1.88,,,,,,4.991,,,0.0,0.0,,,0.0,0.0,,0.0,0.0,,4729.765,,,,,1201.589,9.57,,25.405,,,,,0.0,0.0,,0.0,,,,,0.0,0.0,,0.0,
Serbia,1992,SRB,7943504,50650013696.0,,,,,0.0,0.0,0.0,,,,,,,3012.524,23.93,,,12545.691,99.657,69.746,,33.91,34.31,,,,,,,,3164.85,25.14,,,73.273,,,,,74.275,0.59,,,,1155.088,9.175,1.72,,,,,,1154.402,9.17,,26.727,,,,,1154.402,9.17,,26.727,,-0.4,-1.18,,,,0.0,0.0,,0.0,,,,,78.051,0.62,,,,1810.096,14.379,1.807,,,0.0,0.0,,,0.0,0.0,,0.0,0.0,,4319.252,,,,,1154.402,9.17,,26.727,,,,,0.0,0.0,,0.0,,,,,0.0,0.0,,0.0,
Serbia,1993,SRB,7957074,36015632384.0,,,,,0.0,0.0,0.0,,,,,,,2668.066,21.23,-4.528,-4.512,11957.236,95.145,70.861,,28.96,29.96,,,,,,,,2752.268,21.9,,,73.097,,,,,46.5,0.37,,13.713,1.258,1311.25,10.434,1.235,,,,,,1012.935,8.06,,26.903,,,,,1012.935,8.06,,26.903,,-1.0,-3.453,,,,0.0,0.0,,0.0,,,,,37.702,0.3,,-0.273,-0.039,1802.072,14.339,1.001,,,0.0,0.0,,,0.0,0.0,,0.0,0.0,,3765.203,,,,,1012.935,8.06,,26.903,,,,,0.0,0.0,,0.0,,,,,0.0,0.0,,0.0,
Serbia,1994,SRB,7969952,37817208832.0,,,,,0.0,0.0,0.0,,,,,,,2678.812,21.35,-8.479,-8.067,10925.699,87.077,69.273,,29.57,30.82,,,,,,,,2747.821,21.9,,,71.058,,,,,38.896,0.31,,-18.17,-1.896,1071.257,8.538,1.006,,,,,,1119.204,8.92,,28.942,,,,,1119.204,8.92,,28.942,,-1.25,-4.227,,,,0.0,0.0,,0.0,,,,,30.113,0.24,,10.842,1.555,1994.23,15.894,0.779,,,0.0,0.0,,,0.0,0.0,,0.0,0.0,,3867.024,,,,,1119.204,8.92,,28.942,,,,,0.0,0.0,,0.0,,,,,0.0,0.0,,0.0,
Serbia,1995,SRB,7982463,40959922176.0,,,,,0.0,0.0,0.0,,,,,,,2715.954,21.68,-20.603,-17.941,8661.049,69.137,67.371,,31.78,32.18,,,,,,,,2791.119,22.28,,,69.236,,,,,43.846,0.35,,15.108,1.29,1231.169,9.828,1.088,,,,,,1240.219,9.9,,30.764,,,,,1240.219,9.9,,30.764,,-0.4,-1.259,,,,0.0,0.0,,0.0,,,,,31.319,0.25,,-7.845,-1.247,1834.901,14.647,0.777,,,0.0,0.0,,,0.0,0.0,,0.0,0.0,,4031.337,,,,,1240.219,9.9,,30.764,,,,,0.0,0.0,,0.0,,,,,0.0,0.0,,0.0,
Serbia,1996,SRB,7993447,44013043712.0,,,,,0.0,0.0,0.0,,,,,,,2489.539,19.9,60.103,41.553,13847.575,110.69,61.591,,34.07,32.31,,,,,,,,2605.885,20.83,,,64.469,,,,,63.802,0.51,,-25.949,-2.55,910.442,7.278,1.578,,,,,,1436.176,11.48,,35.531,,,,,1436.176,11.48,,35.531,,1.76,5.166,,,,0.0,0.0,,0.0,,,,,52.543,0.42,,0.274,0.04,1837.4,14.687,1.3,,,0.0,0.0,,,0.0,0.0,,0.0,0.0,,4042.061,,,,,1436.176,11.48,,35.531,,,,,0.0,0.0,,0.0,,,,,0.0,0.0,,0.0,
Serbia,1997,SRB,7997524,48378785792.0,,,,,0.0,0.0,0.0,,,,,,,2945.912,23.56,0.951,1.052,13972.109,111.742,66.951,,36.01,35.19,,,,,,,,3087.205,24.69,,,70.162,,,,,70.022,0.56,,2.534,0.184,933.032,7.462,1.591,,,,,,1312.906,10.5,,29.838,,,,,1312.906,10.5,,29.838,,0.82,2.277,,,,0.0,0.0,,0.0,,,,,71.272,0.57,,-8.763,-1.287,1675.536,13.4,1.62,,,0.0,0.0,,,0.0,0.0,,0.0,0.0,,4400.111,,,,,1312.906,10.5,,29.838,,,,,0.0,0.0,,0.0,,,,,0.0,0.0,,0.0,
Serbia,1998,SRB,7985509,50685452288.0,,,,,0.0,0.0,0.0,,,,,,,3015.462,24.08,2.6,2.905,14356.978,114.648,68.351,,35.68,35.23,,,,,,,,3119.4,24.91,,,70.707,,,,,65.118,0.52,,36.919,2.755,1279.417,10.217,1.476,,,,,,1292.341,10.32,,29.293,,,,,1292.341,10.32,,29.293,,0.45,1.261,,,,0.0,0.0,,0.0,,,,,38.82,0.31,,-9.305,-1.247,1521.913,12.153,0.88,,,0.0,0.0,,,0.0,0.0,,0.0,0.0,,4411.741,,,,,1292.341,10.32,,29.293,,,,,0.0,0.0,,0.0,,,,,0.0,0.0,,0.0,
Serbia,1999,SRB,7959748,42474164224.0,,,,,0.0,0.0,0.0,,,,,,,2381.985,18.96,-25.011,-28.674,10801.016,85.973,61.499,,32.7,30.83,,,,,,,,2473.696,19.69,,,63.866,,,,,45.228,0.36,,-27.919,-2.852,925.197,7.364,1.168,,,,,,1399.542,11.14,,36.134,,,,,1399.542,11.14,,36.134,,1.87,5.719,,,,0.0,0.0,,0.0,,,,,46.484,0.37,,0.0,0.0,1526.839,12.153,1.2,,,0.0,0.0,,,0.0,0.0,,0.0,0.0,,3873.238,,,,,1399.542,11.14,,36.134,,,,,0.0,0.0,,0.0,,,,,0.0,0.0,,0.0,
Serbia,2000,SRB,7935023,46079098880.0,,,,,0.0,0.0,0.0,,570.266,,,,,2700.685,21.43,12.189,10.479,12155.261,96.452,67.074,,34.96,31.95,,,,,,,,2788.902,22.13,,,69.264,,,,,49.149,0.39,,-20.029,-1.475,742.191,5.889,1.221,,18.22,,,,1237.551,9.82,,30.736,,,,,1237.551,9.82,,30.736,,3.01,8.61,,,,0.0,0.0,,0.0,,,,,39.067,0.31,,-10.014,-1.217,1378.225,10.936,0.97,,,0.0,0.0,,,0.0,0.0,,0.0,0.0,,4026.453,,,,,1237.551,9.82,,30.736,,,,,0.0,0.0,,0.0,,,,,0.0,0.0,,0.0,
Serbia,2001,SRB,7917792,49386606592.0,,,,,0.0,0.0,0.0,,572.306,,,,,2760.871,21.86,-2.106,-2.031,11925.201,94.421,67.117,,36.61,32.57,,,,,,,,2864.435,22.68,,,69.635,,,,,63.149,0.5,,10.866,0.64,824.625,6.529,1.535,,18.64,,,,1249.086,9.89,,30.365,,,,,1249.086,9.89,,30.365,,4.04,11.035,,,,0.0,0.0,,0.0,,,,,40.415,0.32,,-5.974,-0.653,1298.711,10.283,0.982,,,0.0,0.0,,,0.0,0.0,,0.0,0.0,,4113.521,,,,,1249.086,9.89,,30.365,,,,,0.0,0.0,,0.0,,,,,0.0,0.0,,0.0,
Serbia,2002,SRB,7904272,53983948800.0,,,,,0.0,0.0,0.0,,576.715,,,,,2854.153,22.56,5.847,5.521,12644.115,99.943,67.87,,37.72,33.24,,,,,,,,2949.038,23.31,,,70.126,,,,,63.257,0.5,,-0.332,-0.022,823.291,6.508,1.504,,19.17,,,,1256.283,9.93,,29.874,,,,,1256.283,9.93,,29.874,,4.48,11.877,,,,0.0,0.0,,0.0,,,,,31.628,0.25,,-6.063,-0.623,1222.058,9.659,0.752,,,0.0,0.0,,,0.0,0.0,,0.0,0.0,,4205.321,,,,,1256.283,9.93,,29.874,,,,,0.0,0.0,,0.0,,,,,0.0,0.0,,0.0,
Serbia,2003,SRB,7887466,57552822272.0,,,,,0.0,0.0,0.0,,610.625,,,,,3132.818,24.71,4.824,4.821,13282.296,104.764,72.125,,37.05,34.26,,,,,,,,3235.513,25.52,,,74.489,,,,,68.463,0.54,,-45.0,-2.928,453.775,3.579,1.576,,20.92,,,,1108.087,8.74,,25.511,,,,,1108.087,8.74,,25.511,,2.79,7.53,,,,0.0,0.0,,0.0,,,,,34.232,0.27,,-3.227,-0.312,1185.141,9.348,0.788,,,0.0,0.0,,,0.0,0.0,,0.0,0.0,,4343.6,,,,,1108.087,8.74,,25.511,,,,,0.0,0.0,,0.0,,,,,0.0,0.0,,0.0,
Serbia,2004,SRB,7863399,64033292288.0,,,,,0.0,0.0,0.0,,586.179,,,,,3273.394,25.74,2.246,2.353,13622.147,107.116,69.212,,36.92,37.19,,,,,,,,3378.946,26.57,,,71.444,,,,,86.477,0.68,,-27.273,-0.976,331.028,2.603,1.828,,21.8,,,,1350.561,10.62,,28.556,,,,,1350.561,10.62,,28.556,,-0.27,-0.731,,,,0.0,0.0,,0.0,,,,,19.076,0.15,,-3.07,-0.287,1152.274,9.061,0.403,,,0.0,0.0,,,0.0,0.0,,0.0,0.0,,4729.507,,,,,1350.561,10.62,,28.556,,,,,0.0,0.0,,0.0,,,,,0.0,0.0,,0.0,
Serbia,2005,SRB,7830944,69008318464.0,,,,,0.0,0.0,0.0,,561.35,,,,,2985.591,23.38,-11.712,-12.546,12076.553,94.571,65.198,,33.92,35.86,,,,,,,,3122.229,24.45,,,68.182,,,,,40.864,0.32,,4.167,0.108,346.25,2.711,0.892,,20.13,,,,1457.04,11.41,,31.818,,,,,1457.04,11.41,,31.818,,-1.94,-5.719,,,,0.0,0.0,,0.0,,,,,95.774,0.75,,-6.042,-0.547,1087.144,8.513,2.091,,,0.0,0.0,,,0.0,0.0,,0.0,0.0,,4579.269,,,,,1457.04,11.41,,31.818,,,,,0.0,0.0,,0.0,,,,,0.0,0.0,,0.0,
Serbia,2006,SRB,7794792,74031546368.0,,,,,0.0,0.0,0.0,,588.235,,,,,3209.835,25.02,-7.682,-7.265,11200.565,87.306,69.752,,35.06,35.87,,,,26329.176,2.772,,,3273.981,25.52,,,71.146,,,,,15.395,0.12,,-24.279,-0.658,263.4,2.053,0.335,,21.1,,,,1327.81,10.35,,28.854,,,,,1327.81,10.35,,28.854,,-0.81,-2.31,,,,0.0,0.0,,0.0,,,,,48.75,0.38,,11.609,0.988,1218.976,9.502,1.059,,,0.0,0.0,,,0.0,0.0,,0.0,0.0,,4601.791,205.23,,,,1327.81,10.35,,28.854,,,,,0.0,0.0,,0.0,,,,,0.0,0.0,,0.0,
Serbia,2007,SRB,7758181,80197312512.0,,,,,0.0,0.0,0.0,,605.227,,,,,3295.875,25.57,-4.193,-3.661,10781.567,83.645,71.087,,35.88,35.97,,-0.397,-0.814,26348.527,2.549,,,3417.038,26.51,,,73.7,,,,,55.425,0.43,,-50.151,-1.03,131.921,1.023,1.195,,21.77,,,,1219.358,9.46,,26.3,,,,,1219.358,9.46,,26.3,,-0.09,-0.251,,,,0.0,0.0,,0.0,,,,,65.737,0.51,,0.0,0.0,1224.728,9.502,1.418,,,0.0,0.0,,,0.0,0.0,,0.0,0.0,,4636.396,204.417,,,,1219.358,9.46,,26.3,,,,,0.0,0.0,,0.0,,,,,0.0,0.0,,0.0,
Serbia,2008,SRB,7722801,86373416960.0,,,,,0.0,0.0,0.0,,609.18,,,,,3454.705,26.68,4.089,3.421,11273.883,87.066,72.461,,36.89,36.82,,-0.369,-0.755,26371.516,2.358,,,3529.807,27.26,,,74.036,,,,,53.09,0.41,,0.607,0.006,133.33,1.03,1.114,,22.43,,,,1237.893,9.56,,25.964,,,,,1237.893,9.56,,25.964,,0.07,0.19,,,,0.0,0.0,,0.0,,,,,22.013,0.17,,0.274,0.026,1233.71,9.528,0.462,,,0.0,0.0,,,0.0,0.0,,0.0,0.0,,4767.7,203.662,,,,1237.893,9.56,,25.964,,,,,0.0,0.0,,0.0,,,,,0.0,0.0,,0.0,
Serbia,2009,SRB,7688037,85427576832.0,,,,,0.0,0.0,0.0,,595.598,,,,,3492.439,26.85,-0.93,-0.809,11219.593,86.257,71.201,,36.28,37.71,,-4.531,-9.227,25290.535,2.276,,,3534.062,27.17,,,72.05,,,,,22.112,0.17,,90.0,0.927,254.473,1.956,0.451,,22.46,,,,1370.961,10.54,,27.95,,,,,1370.961,10.54,,27.95,,-1.43,-3.942,,,,0.0,0.0,,0.0,,,,,19.511,0.15,,6.27,0.597,1316.995,10.125,0.398,,,0.0,0.0,,,0.0,0.0,,0.0,0.0,,4905.023,194.435,,,,1370.961,10.54,,27.95,,,,,0.0,0.0,,0.0,,,,,0.0,0.0,,0.0,
Serbia,2010,SRB,7653749,87870480384.0,,,,,0.0,0.0,0.0,,563.87,,,,,3268.986,25.02,-2.275,-1.963,11013.425,84.294,66.863,,37.12,37.42,,3.182,6.187,26212.141,2.283,,,3335.62,25.53,,,68.226,,,,,43.116,0.33,,84.211,1.647,470.866,3.604,0.882,,21.1,,,,1553.487,11.89,,31.774,,,,,1553.487,11.89,,31.774,,-0.3,-0.808,,,,0.0,0.0,,0.0,,,,,23.518,0.18,,24.629,2.494,1648.707,12.619,0.481,,,0.0,0.0,,,0.0,0.0,,0.0,0.0,,4889.107,200.621,,,,1553.487,11.89,,31.774,,,,,0.0,0.0,,0.0,,,,,0.0,0.0,,0.0,
Serbia,2011,SRB,7620925,91111448576.0,,,,,0.0,0.0,0.0,,633.877,,,,,3767.259,28.71,7.828,6.598,11926.677,90.892,75.513,,37.74,38.02,,1.073,2.153,26607.537,2.226,,,3851.239,29.35,,,77.196,,,,,65.609,0.5,,48.571,1.75,702.586,5.354,1.315,,24.1,,,,1137.657,8.67,,22.804,,,,,1137.657,8.67,,22.804,,-0.28,-0.742,,,,0.0,0.0,,0.0,,,,,18.37,0.14,,-10.702,-1.35,1478.612,11.268,0.368,,,0.0,0.0,,,0.0,0.0,,0.0,0.0,,4988.896,202.774,,,,1137.657,8.67,,22.804,,,,,0.0,0.0,,0.0,,,,,0.0,0.0,,0.0,
Serbia,2012,SRB,7591357,90113466368.0,,,,,1.317,0.01,0.028,,610.666,,,,,3467.101,26.32,-6.319,-5.743,11216.572,85.149,72.727,,36.58,36.19,,-5.817,-11.795,25157.438,2.119,,,3542.186,26.89,,,74.302,,,,,63.23,0.48,,8.077,0.432,762.29,5.787,1.326,,22.1,,,,1223.76,9.29,,25.67,,,,,1225.077,9.3,,25.698,,0.39,1.066,,,,0.0,0.0,,0.0,,,,,11.856,0.09,,-8.511,-0.959,1358.032,10.309,0.249,,,0.01,0.0,,,1.317,0.0,,0.028,0.0,,4767.264,190.979,,,,1225.077,9.3,,25.698,,,,,0.0,0.0,,0.0,,,,,0.0,0.0,,0.0,
Serbia,2013,SRB,7566674,92449742848.0,,,,,2.643,0.02,0.051,,609.992,,,,,3788.983,28.67,5.474,4.661,11869.172,89.81,73.082,,36.69,39.23,,-0.331,-0.632,25155.992,2.059,,,3833.917,29.01,,,73.949,,,,,39.648,0.3,,10.32,0.597,843.704,6.384,0.765,,23.93,,,,1348.016,10.2,,26.001,,,,,1350.66,10.22,,26.051,,-2.54,-6.923,,,,0.0,0.0,,0.0,,,,,5.286,0.04,,8.789,0.906,1482.215,11.215,0.102,,,0.02,0.0,,,2.643,0.0,,0.051,0.0,,5184.577,190.347,,,,1350.66,10.22,,26.051,,,,,0.0,0.0,,0.0,,,,,0.0,0.0,,0.0,
Serbia,2014,SRB,7543965,90886283264.0,,,,,2.651,0.02,0.06,,555.024,,,,,2933.471,22.13,-25.884,-23.247,8823.412,66.564,66.178,,35.0,33.44,,-10.926,-20.798,22474.787,1.866,,,2970.586,22.41,,,67.016,,,,,30.488,0.23,,-3.226,-0.206,818.946,6.178,0.688,,18.56,,,,1458.119,11.0,,32.895,,,,,1462.096,11.03,,32.984,,1.56,4.457,,,,0.0,0.0,,0.0,,,,,6.628,0.05,,-2.248,-0.252,1453.256,10.963,0.15,,,0.02,0.0,,,2.651,0.0,,0.06,0.0,,4432.682,169.549,,,,1462.096,11.03,,32.984,,,,,1.326,0.01,,0.03,,,,,0.0,0.0,,0.0,
Serbia,2015,SRB,7519501,91611774976.0,,,,,2.66,0.02,0.053,,603.618,,,,,3611.942,27.16,26.521,17.653,11199.756,84.217,72.253,,36.67,37.59,,10.719,18.174,24964.811,2.049,,,3654.498,27.48,,,73.105,,,,,29.257,0.22,,0.0,0.0,821.61,6.178,0.585,,22.69,,,,1340.515,10.08,,26.816,,,,,1344.504,10.11,,26.895,,-0.92,-2.509,,,,0.0,0.0,,0.0,,,,,13.299,0.1,,19.849,2.176,1747.373,13.139,0.266,,,0.02,0.0,,,2.66,0.0,,0.053,0.0,,4999.002,187.723,,,,1344.504,10.11,,26.895,,,,,1.33,0.01,,0.027,,,,,0.0,0.0,,0.0,
Serbia,2016,SRB,7493288,94185455616.0,,,,,4.004,0.03,0.078,,592.852,,,,,3635.253,27.24,0.258,0.217,11267.916,84.434,70.552,,36.69,38.61,,2.447,4.593,25665.121,2.042,,,3703.314,27.75,,,71.873,,,,,50.712,0.38,,-8.333,-0.515,755.778,5.663,0.984,,22.89,,,,1439.955,10.79,,27.946,,,,,1449.297,10.86,,28.127,,-1.92,-5.233,,,,0.0,0.0,,0.0,,,,,17.349,0.13,,-1.29,-0.17,1730.862,12.97,0.337,,,0.03,0.0,,,4.004,0.0,,0.078,0.0,,5152.611,192.316,,,,1449.297,10.86,,28.127,,,,,1.335,0.01,,0.026,,,,,4.004,0.03,,0.078,
Serbia,2017,SRB,7464882,95918284800.0,,,,,10.717,0.08,0.22,,612.239,,,,,3544.597,26.46,-0.603,-0.51,11242.54,83.924,72.613,,37.27,36.44,,2.314,4.451,26359.041,2.051,,,3637.03,27.15,,,74.506,,,,,73.678,0.55,,0.0,,,,1.509,,22.31,,,,1225.739,9.15,,25.11,,,,,1244.494,9.29,,25.494,,0.83,2.227,,,,0.0,0.0,,0.0,,,,,18.754,0.14,,0.0,,,,0.384,,,0.08,0.0,,,10.717,0.0,,0.22,0.0,,4881.524,196.767,,,,1244.494,9.29,,25.494,,,,,1.34,0.01,,0.027,,,,,6.698,0.05,,0.137,
Serbia,2018,SRB,7433825,99972055040.0,,,,,13.452,0.1,0.273,,578.129,,,,,3365.697,25.02,-8.409,-7.058,10340.122,76.867,68.23,,36.79,36.67,,0.046,0.091,26481.451,1.969,,,3466.587,25.77,,,70.275,,,,,80.712,0.6,,0.0,,,,1.636,,21.2,,,,1431.295,10.64,,29.016,,,,,1466.271,10.9,,29.725,,0.12,0.326,,,,0.0,0.0,,0.0,,,,,20.178,0.15,,0.0,,,,0.409,,,0.1,0.0,,,13.452,0.0,,0.273,0.0,,4932.857,196.858,,,,1466.271,10.9,,29.725,,,,,1.345,0.01,,0.027,,,,,20.178,0.15,,0.409,
Serbia,2019,SRB,7401056,,,,,,18.916,0.14,0.38,,587.357,,,,,3456.263,25.58,3.271,2.514,10725.646,79.381,69.398,,36.94,36.86,,0.015,0.03,26602.787,,,,3560.303,26.35,,,71.487,,,,,90.528,0.67,,0.0,,,,1.818,,21.65,,,,1278.196,9.46,,25.665,,,,,1420.068,10.51,,28.513,,0.08,0.217,,,,0.0,0.0,,0.0,,,,,13.512,0.1,,0.0,,,,0.271,,,0.14,0.0,,,18.916,0.0,,0.38,0.0,,4980.371,196.889,,,,1420.068,10.51,,28.513,,,,,1.351,0.01,,0.027,,,,,121.604,0.9,,2.442,
Serbia,2020,SRB,7358010,,,,,,25.822,0.19,0.51,,597.905,,,,,3596.081,26.46,5.564,4.417,11388.702,83.798,71.072,,36.62,37.23,,-2.042,-4.021,26211.984,,,,3672.189,27.02,,,72.576,,,,,69.312,0.51,,0.0,,,,1.37,,22.26,,,,1227.234,9.03,,24.255,,,,,1387.603,10.21,,27.424,,-0.61,-1.666,,,,0.0,0.0,,0.0,,,,,6.795,0.05,,0.0,,,,0.134,,,0.19,0.0,,,25.822,0.0,,0.51,0.0,,5059.792,192.868,,,,1387.603,10.21,,27.424,,,,,1.359,0.01,,0.027,,,,,133.188,0.98,,2.632,
Serbia,2021,SRB,7296771,,,,,,34.262,0.25,0.666,,543.565,,,,,3257.605,23.77,-12.808,-10.733,10013.328,73.065,63.336,,38.18,37.53,,4.574,8.821,27640.852,,,,3413.839,24.91,,,66.374,,,,,146.64,1.07,,0.0,,,,2.851,,20.4,,,,1545.889,11.28,,30.056,,,,,1729.532,12.62,,33.626,,0.65,1.702,,,,0.0,0.0,,0.0,,,,,9.593,0.07,,0.0,,,,0.187,,,0.25,0.0,,,34.262,0.0,,0.666,0.0,,5143.371,201.689,,,,1729.532,12.62,,33.626,,,,,1.37,0.01,,0.027,,,,,148.011,1.08,,2.878,
Serbia,2022,SRB,7221365,,,,,,31.85,0.23,0.636,,569.375,,,,,3283.313,23.71,-3.539,-2.585,9759.859,70.48,65.533,,38.8,36.18,,,,,,,,3532.573,25.51,,,70.509,,,,,249.26,1.8,,0.0,,,,4.975,,20.6,,,,1204.758,8.7,,24.046,,,,,1477.56,10.67,,29.491,,2.62,6.753,,,,0.0,0.0,,0.0,,,,,0.0,0.0,,0.0,,,,0.0,,,0.23,0.0,,,31.85,0.0,,0.636,0.0,,5010.133,,,,,1477.56,10.67,,29.491,,,,,1.385,0.01,,0.028,,,,,239.567,1.73,,4.782,
Serbia and Montenegro,1992,,10450000,,,,,,,,,,,,,,,,,,,,,,,,,,,,23930.355,,,,,,,,,,,,,,,,,,,,,,,,,,,,,,,,,,,,,,,,,,,,,,,,,,,,,,,,,,,,,,,,,,,,,,,,,250.072,,,,,,,,,,,,,,,,,,,,,,,,
Serbia and Montenegro,1993,,10560000,,,,,,,,,,,,,,,,,,,,,,,,,,-15.553,-38.893,19998.004,,,,,,,,,,,,,,,,,,,,,,,,,,,,,,,,,,,,,,,,,,,,,,,,,,,,,,,,,,,,,,,,,,,,,,,,,211.179,,,,,,,,,,,,,,,,,,,,,,,,
Serbia and Montenegro,1994,,10680000,,,,,,,,,,,,,,,,,,,,,,,,,,-1.316,-2.78,19513.012,,,,,,,,,,,,,,,,,,,,,,,,,,,,,,,,,,,,,,,,,,,,,,,,,,,,,,,,,,,,,,,,,,,,,,,,,208.399,,,,,,,,,,,,,,,,,,,,,,,,
Serbia and Montenegro,1995,,10860000,,,,,,,,,,,,,,,,,,,,,,,,,,10.941,22.801,21289.15,,,,,,,,,,,,,,,,,,,,,,,,,,,,,,,,,,,,,,,,,,,,,,,,,,,,,,,,,,,,,,,,,,,,,,,,,231.2,,,,,,,,,,,,,,,,,,,,,,,,
Serbia and Montenegro,1996,,11000000,,,,,,,,,,,,,,,,,,,,,,,,,,17.022,39.354,24595.859,,,,,,,,,,,,,,,,,,,,,,,,,,,,,,,,,,,,,,,,,,,,,,,,,,,,,,,,,,,,,,,,,,,,,,,,,270.554,,,,,,,,,,,,,,,,,,,,,,,,
Serbia and Montenegro,1997,,11030000,,,,,,,,,,,,,,,,,,,,,,,,,,6.004,16.244,26001.715,,,,,,,,,,,,,,,,,,,,,,,,,,,,,,,,,,,,,,,,,,,,,,,,,,,,,,,,,,,,,,,,,,,,,,,,,286.799,,,,,,,,,,,,,,,,,,,,,,,,
Serbia and Montenegro,1998,,11000000,,,,,,,,,,,,,,,,,,,,,,,,,,1.599,4.587,26489.646,,,,,,,,,,,,,,,,,,,,,,,,,,,,,,,,,,,,,,,,,,,,,,,,,,,,,,,,,,,,,,,,,,,,,,,,,291.386,,,,,,,,,,,,,,,,,,,,,,,,
Serbia and Montenegro,1999,,10890000,,,,,,,,,,,,,,,,,,,,,,,,,,-19.616,-57.157,21508.646,,,,,,,,,,,,,,,,,,,,,,,,,,,,,,,,,,,,,,,,,,,,,,,,,,,,,,,,,,,,,,,,,,,,,,,,,234.229,,,,,,,,,,,,,,,,,,,,,,,,
Serbia and Montenegro,2000,,10850000,,,,,,,,,,,,,,,,,,,,,,,,,,0.955,2.237,21794.131,,,,,,,,,,,,,,,,,,,,,,,,,,,,,,,,,,,,,,,,,,,,,,,,,,,,,,,,,,,,,,,,,,,,,,,,,236.466,,,,,,,,,,,,,,,,,,,,,,,,
Serbia and Montenegro,2001,,10860000,,,,,,,,,,,,,,,,,,,,,,,,,,3.886,9.19,22620.277,,,,,,,,,,,,,,,,,,,,,,,,,,,,,,,,,,,,,,,,,,,,,,,,,,,,,,,,,,,,,,,,,,,,,,,,,245.656,,,,,,,,,,,,,,,,,,,,,,,,
Serbia and Montenegro,2002,,10830000,,,,,,,,,,,,,,,,,,,,,,,,,,10.188,25.028,24993.896,,,,,,,,,,,,,,,,,,,,,,,,,,,,,,,,,,,,,,,,,,,,,,,,,,,,,,,,,,,,,,,,,,,,,,,,,270.684,,,,,,,,,,,,,,,,,,,,,,,,
Serbia and Montenegro,2003,,10820000,,,,,,,,,,,,,,,,,,,,,,,,,,0.962,2.605,25257.76,,,,,,,,,,,,,,,,,,,,,,,,,,,,,,,,,,,,,,,,,,,,,,,,,,,,,,,,,,,,,,,,,,,,,,,,,273.289,,,,,,,,,,,,,,,,,,,,,,,,
Serbia and Montenegro,2004,,10830000,,,,,,,,,,,,,,,,,,,,,,,,,,2.805,7.667,25942.348,,,,,,,,,,,,,,,,,,,,,,,,,,,,,,,,,,,,,,,,,,,,,,,,,,,,,,,,,,,,,,,,,,,,,,,,,280.956,,,,,,,,,,,,,,,,,,,,,,,,
Serbia and Montenegro,2005,,10830000,,,,,,,,,,,,,,,,,,,,,,,,,,-5.687,-15.977,24467.07,,,,,,,,,,,,,,,,,,,,,,,,,,,,,,,,,,,,,,,,,,,,,,,,,,,,,,,,,,,,,,,,,,,,,,,,,264.978,,,,,,,,,,,,,,,,,,,,,,,,
Seychelles,1980,SYC,65310,411136000.0,,,,,,,,,,,,,,,,,,0.0,0.0,,,,,,,,14380.289,2.284,,,,,,,,,,,,,,,,,0.0,0.0,,,,,,,,,,,,,,,,,,,,,,,,,,,,,,,,,,,,,,0.0,0.0,,,,,,,,,,,,,,,0.939,,,,,,,,,,,,,,,,,,,,,,,,
Seychelles,1981,SYC,65951,385320000.0,,,,,,,,,,,,,,,,,0.0,0.0,0.0,,,,,,-20.219,-0.19,11361.291,1.945,,,,,,,,,,,,,,,,0.0,0.0,0.0,,,,,,,,,,,,,,,,,,,,,,,,,,,,,,,,,,,,,0.0,0.0,0.0,,,,,,,,,,,,,,,0.749,,,,,,,,,,,,,,,,,,,,,,,,
Seychelles,1982,SYC,66453,376089984.0,,,,,,,,,,,,,,,,,0.0,0.0,0.0,,,,,,-8.333,-0.062,10335.843,1.826,,,,,,,,,,,,,,,,0.0,0.0,0.0,,,,,,,,,,,,,,,,,,,,,,,,,,,,,,,,,,,,,0.0,0.0,0.0,,,,,,,,,,,,,,,0.687,,,,,,,,,,,,,,,,,,,,,,,,
Seychelles,1983,SYC,66879,372108000.0,,,,,,,,,,,,,,,,,0.0,0.0,0.0,,,,,,72.727,0.5,17739.104,3.188,,,,,,,,,,,,,,,,0.0,0.0,0.0,,,,,,,,,,,,,,,,,,,,,,,,,,,,,,,,,,,,,0.0,0.0,0.0,,,,,,,,,,,,,,,1.186,,,,,,,,,,,,,,,,,,,,,,,,
Seychelles,1984,SYC,67363,397980000.0,,,,,,,,,,,,,,,,,0.0,0.0,0.0,,,,,,5.552,0.066,18589.367,3.146,,,,,,,,,,,,,,,,0.0,0.0,0.0,,,,,,,,,,,,,,,,,,,,,,,,,,,,,,,,,,,,,0.0,0.0,0.0,,,,,,,,,,,,,,,1.252,,,,,,,,,,,,,,,,,,,,,,,,
Seychelles,1985,SYC,67854,441195008.0,,,,,,,,,,,,,,,,,0.0,0.0,0.0,,,,,,4.713,0.059,19324.648,2.972,,,,,,,,,,,,,,,,0.0,0.0,0.0,,,,,,,,,,,,,,,,,,,,,,,,,,,,,,,,,,,,,0.0,0.0,0.0,,,,,,,,,,,,,,,1.311,,,,,,,,,,,,,,,,,,,,,,,,
Seychelles,1986,SYC,68343,448868000.0,,,,,,,,,,,,,,,,,0.0,0.0,0.0,,,,,,-5.004,-0.066,18226.238,2.775,,,,,,,,,,,,,,,,0.0,0.0,0.0,,,,,,,,,,,,,,,,,,,,,,,,,,,,,,,,,,,,,0.0,0.0,0.0,,,,,,,,,,,,,,,1.246,,,,,,,,,,,,,,,,,,,,,,,,
Seychelles,1987,SYC,68925,464236000.0,,,,,,,,,,,,,,,,,0.0,0.0,0.0,,,,,,5.609,0.07,19086.012,2.834,,,,,,,,,,,,,,,,0.0,0.0,0.0,,,,,,,,,,,,,,,,,,,,,,,,,,,,,,,,,,,,,0.0,0.0,0.0,,,,,,,,,,,,,,,1.316,,,,,,,,,,,,,,,,,,,,,,,,
Seychelles,1988,SYC,69605,490865984.0,,,,,,,,,,,,,,,,,0.0,0.0,0.0,,,,,,47.637,0.627,27902.75,3.957,,,,,,,,,,,,,,,,0.0,0.0,0.0,,,,,,,,,,,,,,,,,,,,,,,,,,,,,,,,,,,,,0.0,0.0,0.0,,,,,,,,,,,,,,,1.942,,,,,,,,,,,,,,,,,,,,,,,,
Seychelles,1989,SYC,70360,542849984.0,,,,,,,,,,,,,,,,,0.0,0.0,0.0,,,,,,4.058,0.079,28723.613,3.723,,,,,,,,,,,,,,,,0.0,0.0,0.0,,,,,,,,,,,,,,,,,,,,,,,,,,,,,,,,,,,,,0.0,0.0,0.0,,,,,,,,,,,,,,,2.021,,,,,,,,,,,,,,,,,,,,,,,,
Seychelles,1990,SYC,71073,584969024.0,,,,,,,,,,,,,,,,,0.0,0.0,0.0,,,,,,-10.689,-0.216,25396.039,3.086,,,,,,,,,,,,,,,,0.0,0.0,0.0,,,,,,,,,,,,,,,,,,,,,,,,,,,,,,,,,,,,,0.0,0.0,0.0,,,,,,,,,,,,,,,1.805,,,,,,,,,,,,,,,,,,,,,,,,
Seychelles,1991,SYC,71773,617088512.0,,,,,,,,,,,,,,,,,0.0,0.0,0.0,,,,,,13.385,0.242,28514.443,3.316,,,,,,,,,,,,,,,,0.0,0.0,0.0,,,,,,,,,,,,,,,,,,,,,,,,,,,,,,,,,,,,,0.0,0.0,0.0,,,,,,,,,,,,,,,2.047,,,,,,,,,,,,,,,,,,,,,,,,
Seychelles,1992,SYC,72435,679251008.0,,,,,,,,,,,,,,,,,0.0,0.0,0.0,,,,,,-0.848,-0.017,28014.289,2.987,,,,,,,,,,,,,,,,0.0,0.0,0.0,,,,,,,,,,,,,,,,,,,,,,,,,,,,,,,,,,,,,0.0,0.0,0.0,,,,,,,,,,,,,,,2.029,,,,,,,,,,,,,,,,,,,,,,,,
Seychelles,1993,SYC,73057,730723712.0,,,,,,,,,,,,,,,,,0.0,0.0,0.0,,,,,,2.804,0.057,28554.627,2.855,,,,,,,,,,,,,,,,0.0,0.0,0.0,,,,,,,,,,,,,,,,,,,,,,,,,,,,,,,,,,,,,0.0,0.0,0.0,,,,,,,,,,,,,,,2.086,,,,,,,,,,,,,,,,,,,,,,,,
Seychelles,1994,SYC,73863,744501056.0,,,,,,,,,,,,,,,,,0.0,0.0,0.0,,,,,,0.0,0.0,28243.035,2.802,,,,,,,,,,,,,,,,0.0,0.0,0.0,,,,,,,,,,,,,,,,,,,,,,,,,,,,,,,,,,,,,0.0,0.0,0.0,,,,,,,,,,,,,,,2.086,,,,,,,,,,,,,,,,,,,,,,,,
Seychelles,1995,SYC,74753,760132160.0,,,,,,,,,,,,,,,,,0.0,0.0,0.0,,,,,,3.523,0.073,28889.998,2.841,,,,,,,,,,,,,,,,0.0,0.0,0.0,,,,,,,,,,,,,,,,,,,,,,,,,,,,,,,,,,,,,0.0,0.0,0.0,,,,,,,,,,,,,,,2.16,,,,,,,,,,,,,,,,,,,,,,,,
Seychelles,1996,SYC,75570,795643264.0,,,,,,,,,,,,,,,,,0.0,0.0,0.0,,,,,,0.266,0.006,28653.697,2.722,,,,,,,,,,,,,,,,0.0,0.0,0.0,,,,,,,,,,,,,,,,,,,,,,,,,,,,,,,,,,,,,0.0,0.0,0.0,,,,,,,,,,,,,,,2.165,,,,,,,,,,,,,,,,,,,,,,,,
Seychelles,1997,SYC,76554,929711808.0,,,,,,,,,,,,,,,,,0.0,0.0,0.0,,,,,,5.918,0.128,29959.361,2.467,,,,,,,,,,,,,,,,0.0,0.0,0.0,,,,,,,,,,,,,,,,,,,,,,,,,,,,,,,,,,,,,0.0,0.0,0.0,,,,,,,,,,,,,,,2.294,,,,,,,,,,,,,,,,,,,,,,,,
Seychelles,1998,SYC,77683,1062691392.0,,,,,,,,,,,,,,,,,0.0,0.0,0.0,,,,,,0.0,0.0,29523.949,2.158,,,,,,,,,,,,,,,,0.0,0.0,0.0,,,,,,,,,,,,,,,,,,,,,,,,,,,,,,,,,,,,,0.0,0.0,0.0,,,,,,,,,,,,,,,2.294,,,,,,,,,,,,,,,,,,,,,,,,
Seychelles,1999,SYC,78848,1110391424.0,,,,,,,,,,,,,,,,,0.0,0.0,0.0,,,,,,0.0,0.0,29087.789,2.066,,,,,,,,,,,,,,,,0.0,0.0,0.0,,,,,,,,,,,,,,,,,,,,,,,,,,,,,,,,,,,,,0.0,0.0,0.0,,,,,,,,,,,,,,,2.294,,,,,,,,,,,,,,,,,,,,,,,,
Seychelles,2000,SYC,80073,1136006784.0,,,,,0.0,0.0,0.0,,722.222,,,,,0.0,0.0,,0.0,0.0,0.0,0.0,,0.18,0.18,,63.982,1.467,46969.09,3.311,,,2247.949,0.18,,,100.0,,,,,0.0,0.0,,,0.0,0.0,0.0,0.0,,0.13,,,,0.0,0.0,,0.0,,,,,0.0,0.0,,0.0,,0.0,0.0,,,,0.0,0.0,,0.0,,,,,2247.949,0.18,,,0.0,0.0,0.0,100.0,,,0.0,0.0,,,0.0,0.0,,0.0,0.0,,2247.949,3.761,,,,0.0,0.0,,0.0,,,,,0.0,0.0,,0.0,,,,,0.0,0.0,,0.0,
Seychelles,2001,SYC,81278,1137693056.0,,,,,0.0,0.0,0.0,,722.222,,,,,0.0,0.0,,0.0,0.0,0.0,0.0,,0.18,0.18,,7.57,0.285,49775.703,3.556,,,2214.621,0.18,,,100.0,,,,,0.0,0.0,,,0.0,0.0,0.0,0.0,,0.13,,,,0.0,0.0,,0.0,,,,,0.0,0.0,,0.0,,0.0,0.0,,,,0.0,0.0,,0.0,,,,,2214.621,0.18,,,0.0,0.0,0.0,100.0,,,0.0,0.0,,,0.0,0.0,,0.0,0.0,,2214.621,4.046,,,,0.0,0.0,,0.0,,,,,0.0,0.0,,0.0,,,,,0.0,0.0,,0.0,
Seychelles,2002,SYC,82448,1181094272.0,,,,,0.0,0.0,0.0,,700.0,,,,,0.0,0.0,,0.0,0.0,0.0,0.0,,0.2,0.2,,-12.922,-0.523,42728.844,2.983,,,2425.771,0.2,,,100.0,,,,,0.0,0.0,,,0.0,0.0,0.0,0.0,,0.14,,,,0.0,0.0,,0.0,,,,,0.0,0.0,,0.0,,0.0,0.0,,,,0.0,0.0,,0.0,,,,,2425.771,0.2,,,0.0,0.0,0.0,100.0,,,0.0,0.0,,,0.0,0.0,,0.0,0.0,,2425.771,3.523,,,,0.0,0.0,,0.0,,,,,0.0,0.0,,0.0,,,,,0.0,0.0,,0.0,
Seychelles,2003,SYC,83613,1134551424.0,,,,,0.0,0.0,0.0,,714.286,,,,,0.0,0.0,,0.0,0.0,0.0,0.0,,0.21,0.21,,-0.246,-0.009,42029.832,3.097,,,2511.571,0.21,,,100.0,,,,,0.0,0.0,,,0.0,0.0,0.0,0.0,,0.15,,,,0.0,0.0,,0.0,,,,,0.0,0.0,,0.0,,0.0,0.0,,,,0.0,0.0,,0.0,,,,,2511.571,0.21,,,0.0,0.0,0.0,100.0,,,0.0,0.0,,,0.0,0.0,,0.0,0.0,,2511.571,3.514,,,,0.0,0.0,,0.0,,,,,0.0,0.0,,0.0,,,,,0.0,0.0,,0.0,
Seychelles,2004,SYC,84733,1140079488.0,,,,,0.0,0.0,0.0,,714.286,,,,,0.0,0.0,,0.0,0.0,0.0,0.0,,0.21,0.21,,39.573,1.391,57886.984,4.302,,,2478.373,0.21,,,100.0,,,,,0.0,0.0,,,0.0,0.0,0.0,0.0,,0.15,,,,0.0,0.0,,0.0,,,,,0.0,0.0,,0.0,,0.0,0.0,,,,0.0,0.0,,0.0,,,,,2478.373,0.21,,,0.0,0.0,0.0,100.0,,,0.0,0.0,,,0.0,0.0,,0.0,0.0,,2478.373,4.905,,,,0.0,0.0,,0.0,,,,,0.0,0.0,,0.0,,,,,0.0,0.0,,0.0,
Seychelles,2005,SYC,85907,1274495360.0,,,,,0.0,0.0,0.0,,681.818,,,,,0.0,0.0,,0.0,0.0,0.0,0.0,,0.22,0.22,,-8.911,-0.437,52008.223,3.506,,,2560.909,0.22,,,100.0,,,,,0.0,0.0,,,0.0,0.0,0.0,0.0,,0.15,,,,0.0,0.0,,0.0,,,,,0.0,0.0,,0.0,,0.0,0.0,,,,0.0,0.0,,0.0,,,,,2560.909,0.22,,,0.0,0.0,0.0,100.0,,,0.0,0.0,,,0.0,0.0,,0.0,0.0,,2560.909,4.468,,,,0.0,0.0,,0.0,,,,,0.0,0.0,,0.0,,,,,0.0,0.0,,0.0,
Seychelles,2006,SYC,87110,1430092032.0,,,,,0.0,0.0,0.0,,708.333,,,,,0.0,0.0,,0.0,0.0,0.0,0.0,,0.24,0.24,,6.243,0.279,54491.801,3.319,,,2755.137,0.24,,,100.0,,,,,0.0,0.0,,,0.0,0.0,0.0,0.0,,0.17,,,,0.0,0.0,,0.0,,,,,0.0,0.0,,0.0,,0.0,0.0,,,,0.0,0.0,,0.0,,,,,2755.137,0.24,,,0.0,0.0,0.0,100.0,,,0.0,0.0,,,0.0,0.0,,0.0,0.0,,2755.137,4.747,,,,0.0,0.0,,0.0,,,,,0.0,0.0,,0.0,,,,,0.0,0.0,,0.0,
Seychelles,2007,SYC,88339,1619623040.0,,,,,0.0,0.0,0.0,,720.0,,,,,0.0,0.0,,0.0,0.0,0.0,0.0,,0.25,0.25,,-17.788,-0.844,44175.785,2.409,,,2830.007,0.25,,,100.0,,,,,0.0,0.0,,,0.0,0.0,0.0,0.0,,0.18,,,,0.0,0.0,,0.0,,,,,0.0,0.0,,0.0,,0.0,0.0,,,,0.0,0.0,,0.0,,,,,2830.007,0.25,,,0.0,0.0,0.0,100.0,,,0.0,0.0,,,0.0,0.0,,0.0,0.0,,2830.007,3.902,,,,0.0,0.0,,0.0,,,,,0.0,0.0,,0.0,,,,,0.0,0.0,,0.0,
Seychelles,2008,SYC,89660,1625803008.0,,,,,0.0,0.0,0.0,,720.0,,,,,0.0,0.0,,0.0,0.0,0.0,0.0,,0.25,0.25,,9.009,0.352,47446.145,2.617,,,2788.311,0.25,,,100.0,,,,,0.0,0.0,,,0.0,0.0,0.0,0.0,,0.18,,,,0.0,0.0,,0.0,,,,,0.0,0.0,,0.0,,0.0,0.0,,,,0.0,0.0,,0.0,,,,,2788.311,0.25,,,0.0,0.0,0.0,100.0,,,0.0,0.0,,,0.0,0.0,,0.0,0.0,,2788.311,4.254,,,,0.0,0.0,,0.0,,,,,0.0,0.0,,0.0,,,,,0.0,0.0,,0.0,
Seychelles,2009,SYC,91046,1630727680.0,,,,,0.0,0.0,0.0,,692.308,,,,,0.0,0.0,,0.0,0.0,0.0,0.0,,0.26,0.26,,9.002,0.383,50930.008,2.843,,,2855.699,0.26,,,100.0,,,,,0.0,0.0,,,0.0,0.0,0.0,0.0,,0.18,,,,0.0,0.0,,0.0,,,,,0.0,0.0,,0.0,,0.0,0.0,,,,0.0,0.0,,0.0,,,,,2855.699,0.26,,,0.0,0.0,0.0,100.0,,,0.0,0.0,,,0.0,0.0,,0.0,0.0,,2855.699,4.637,,,,0.0,0.0,,0.0,,,,,0.0,0.0,,0.0,,,,,0.0,0.0,,0.0,
Seychelles,2010,SYC,92424,1772951680.0,,,,,0.0,0.0,0.0,,714.286,,,,,0.0,0.0,,0.0,0.0,0.0,0.0,,0.28,0.28,,-9.566,-0.444,45371.336,2.365,,,3029.516,0.28,,,100.0,,,,,0.0,0.0,,,0.0,0.0,0.0,0.0,,0.2,,,,0.0,0.0,,0.0,,,,,0.0,0.0,,0.0,,0.0,0.0,,,,0.0,0.0,,0.0,,,,,3029.516,0.28,,,0.0,0.0,0.0,100.0,,,0.0,0.0,,,0.0,0.0,,0.0,0.0,,3029.516,4.193,,,,0.0,0.0,,0.0,,,,,0.0,0.0,,0.0,,,,,0.0,0.0,,0.0,
Seychelles,2011,SYC,93842,1917505024.0,,,,,0.0,0.0,0.0,,710.526,,,,,0.0,0.0,,0.0,0.0,0.0,0.0,,0.38,0.38,,-14.136,-0.593,38368.945,1.878,,,4049.36,0.38,,,100.0,,,,,0.0,0.0,,,0.0,0.0,0.0,0.0,,0.27,,,,0.0,0.0,,0.0,,,,,0.0,0.0,,0.0,,0.0,0.0,,,,0.0,0.0,,0.0,,,,,4049.36,0.38,,,0.0,0.0,0.0,100.0,,,0.0,0.0,,,0.0,0.0,,0.0,0.0,,4049.36,3.601,,,,0.0,0.0,,0.0,,,,,0.0,0.0,,0.0,,,,,0.0,0.0,,0.0,
Seychelles,2012,SYC,95319,1991699968.0,,,,,0.0,0.0,0.0,,692.308,,,,,0.0,0.0,,0.0,0.0,0.0,0.0,,0.39,0.39,,15.065,0.542,43465.02,2.08,,,4091.524,0.39,,,100.0,,,,,0.0,0.0,,,0.0,0.0,0.0,0.0,,0.27,,,,0.0,0.0,,0.0,,,,,0.0,0.0,,0.0,,0.0,0.0,,,,0.0,0.0,,0.0,,,,,4091.524,0.39,,,0.0,0.0,0.0,100.0,,,0.0,0.0,,,0.0,0.0,,0.0,0.0,,4091.524,4.143,,,,0.0,0.0,,0.0,,,,,0.0,0.0,,0.0,,,,,0.0,0.0,,0.0,
Seychelles,2013,SYC,96730,2096275968.0,,,,,0.0,0.0,0.0,,682.927,,,,,0.0,0.0,,0.0,0.0,0.0,0.0,,0.41,0.41,,-9.673,-0.401,38688.062,1.785,,,4135.222,0.4,,,97.561,,,,,0.0,0.0,,,0.0,0.0,0.0,0.0,,0.28,,,,0.0,0.0,,0.0,,,,,103.381,0.01,,2.439,,0.0,0.0,,,,0.0,0.0,,0.0,,,,,4135.222,0.4,,,0.0,0.0,0.0,97.561,,,0.0,0.0,,,0.0,0.0,,0.0,0.0,,4238.603,3.742,,,,103.381,0.01,,2.439,,,,,0.0,0.0,,0.0,,,,,103.381,0.01,,2.439,
Seychelles,2014,SYC,98016,2231000064.0,,,,,0.0,0.0,0.0,,690.476,,,,,0.0,0.0,,0.0,0.0,0.0,0.0,,0.42,0.42,,16.945,0.634,44650.082,1.962,,,4182.991,0.41,,,97.619,,,,,0.0,0.0,,,0.0,0.0,0.0,0.0,,0.29,,,,0.0,0.0,,0.0,,,,,102.024,0.01,,2.381,,0.0,0.0,,,,0.0,0.0,,0.0,,,,,4182.991,0.41,,,0.0,0.0,0.0,97.619,,,0.0,0.0,,,0.0,0.0,,0.0,0.0,,4285.015,4.376,,,,102.024,0.01,,2.381,,,,,0.0,0.0,,0.0,,,,,102.024,0.01,,2.381,
Seychelles,2015,SYC,99260,2363480064.0,,,,,0.0,0.0,0.0,,681.818,,,,,0.0,0.0,,0.0,0.0,0.0,0.0,,0.44,0.44,,3.64,0.159,45695.203,1.919,,,4332.057,0.43,,,97.727,,,,,0.0,0.0,,,0.0,0.0,0.0,0.0,,0.3,,,,0.0,0.0,,0.0,,,,,100.746,0.01,,2.273,,0.0,0.0,,,,0.0,0.0,,0.0,,,,,4332.057,0.43,,,0.0,0.0,0.0,97.727,,,0.0,0.0,,,0.0,0.0,,0.0,0.0,,4432.803,4.536,,,,100.746,0.01,,2.273,,,,,0.0,0.0,,0.0,,,,,100.746,0.01,,2.273,
Seychelles,2016,SYC,100521,2476032000.0,,,,,0.0,0.0,0.0,,680.851,,,,,0.0,0.0,,0.0,0.0,0.0,0.0,,0.47,0.47,,11.346,0.515,50241.48,2.04,,,4576.158,0.46,,,97.872,,,,,0.0,0.0,,,0.0,0.0,0.0,0.0,,0.32,,,,0.0,0.0,,0.0,,,,,99.482,0.01,,2.128,,0.0,0.0,,,,0.0,0.0,,0.0,,,,,4576.158,0.46,,,0.0,0.0,0.0,97.872,,,0.0,0.0,,,0.0,0.0,,0.0,0.0,,4675.64,5.05,,,,99.482,0.01,,2.128,,,,,0.0,0.0,,0.0,,,,,99.482,0.01,,2.128,
Seychelles,2017,SYC,101828,2589720576.0,,,,,0.0,0.0,0.0,,687.5,,,,,0.0,0.0,,,,,0.0,,0.48,0.48,,4.282,0.216,51720.438,2.034,,,4615.626,0.47,,,97.917,,,,,0.0,0.0,,,,,,0.0,,0.33,,,,0.0,0.0,,0.0,,,,,98.205,0.01,,2.083,,0.0,0.0,,,,0.0,0.0,,0.0,,,,,4615.626,0.47,,,,,,97.917,,,0.0,0.0,,,0.0,0.0,,0.0,0.0,,4713.831,5.267,,,,98.205,0.01,,2.083,,,,,0.0,0.0,,0.0,,,,,98.205,0.01,,2.083,
Seychelles,2018,SYC,103120,2794612992.0,,,,,0.0,0.0,0.0,,693.878,,,,,0.0,0.0,,,,,0.0,,0.49,0.49,,-11.287,-0.594,45307.637,1.672,,,4654.771,0.48,,,97.959,,,,,0.0,0.0,,,,,,0.0,,0.34,,,,0.0,0.0,,0.0,,,,,96.974,0.01,,2.041,,0.0,0.0,,,,0.0,0.0,,0.0,,,,,4654.771,0.48,,,,,,97.959,,,0.0,0.0,,,0.0,0.0,,0.0,0.0,,4751.746,4.672,,,,96.974,0.01,,2.041,,,,,0.0,0.0,,0.0,,,,,96.974,0.01,,2.041,
Seychelles,2019,SYC,104386,,,,,,0.0,0.0,0.0,,641.51,,,,,0.0,0.0,,,,,0.0,,0.53,0.53,,2.277,0.106,45777.125,,,,4694.116,0.49,,,92.453,,,,,0.0,0.0,,,,,,0.0,,0.34,,,,0.0,0.0,,0.0,,,,,383.193,0.04,,7.547,,0.0,0.0,,,,0.0,0.0,,0.0,,,,,4694.116,0.49,,,,,,92.453,,,0.0,0.0,,,0.0,0.0,,0.0,0.0,,5077.309,4.778,,,,383.193,0.04,,7.547,,,,,383.193,0.04,,7.547,,,,,0.0,0.0,,0.0,
Seychelles,2020,SYC,105545,,,,,,0.0,0.0,0.0,,616.667,,,,,0.0,0.0,,,,,0.0,,0.6,0.6,,-3.47,-0.166,43703.281,,,,5021.555,0.53,,,88.333,,,,,0.0,0.0,,,,,,0.0,,0.37,,,,0.0,0.0,,0.0,,,,,663.224,0.07,,11.667,,0.0,0.0,,,,0.0,0.0,,0.0,,,,,5021.555,0.53,,,,,,88.333,,,0.0,0.0,,,0.0,0.0,,0.0,0.0,,5684.779,4.613,,,,663.224,0.07,,11.667,,,,,568.478,0.06,,10.0,,,,,94.746,0.01,,1.667,
Seychelles,2021,SYC,106486,,,,,,0.0,0.0,0.0,,615.385,,,,,0.0,0.0,,,,,0.0,,0.65,0.65,,6.041,0.279,45933.664,,,,5352.816,0.57,,,87.692,,,,,0.0,0.0,,,,,,0.0,,0.4,,,,0.0,0.0,,0.0,,,,,751.272,0.08,,12.308,,0.0,0.0,,,,0.0,0.0,,0.0,,,,,5352.816,0.57,,,,,,87.692,,,0.0,0.0,,,0.0,0.0,,0.0,0.0,,6104.089,4.891,,,,751.272,0.08,,12.308,,,,,657.363,0.07,,10.769,,,,,93.909,0.01,,1.538,
Sierra Leone,1980,SLE,3367486,5282639872.0,,,,,,,,,,,,,,,,,,0.0,0.0,,,,,,,,932.11,0.594,,,,,,,,,,,,,,,,,0.0,0.0,,,,,,,,,,,,,,,,,,,,,,,,,,,,,,,,,,,,,,0.0,0.0,,,,,,,,,,,,,,,3.139,,,,,,,,,,,,,,,,,,,,,,,,
Sierra Leone,1981,SLE,3437109,5494230016.0,,,,,,,,,,,,,,,,,0.0,0.0,0.0,,,,,,-0.273,-0.009,910.733,0.57,,,,,,,,,,,,,,,,0.0,0.0,0.0,,,,,,,,,,,,,,,,,,,,,,,,,,,,,,,,,,,,,0.0,0.0,0.0,,,,,,,,,,,,,,,3.13,,,,,,,,,,,,,,,,,,,,,,,,
Sierra Leone,1982,SLE,3509202,5589919744.0,,,,,,,,,,,,,,,,,0.0,0.0,0.0,,,,,,8.0,0.25,963.385,0.605,,,,,,,,,,,,,,,,0.0,0.0,0.0,,,,,,,,,,,,,,,,,,,,,,,,,,,,,,,,,,,,,0.0,0.0,0.0,,,,,,,,,,,,,,,3.381,,,,,,,,,,,,,,,,,,,,,,,,
Sierra Leone,1983,SLE,3585781,5584949760.0,,,,,,,,,,,,,,,,,0.0,0.0,0.0,,,,,,-7.407,-0.25,872.973,0.56,,,,,,,,,,,,,,,,0.0,0.0,0.0,,,,,,,,,,,,,,,,,,,,,,,,,,,,,,,,,,,,,0.0,0.0,0.0,,,,,,,,,,,,,,,3.13,,,,,,,,,,,,,,,,,,,,,,,,
Sierra Leone,1984,SLE,3666263,5825783808.0,,,,,,,,,,,,,,,,,0.0,0.0,0.0,,,,,,0.274,0.009,856.149,0.539,,,,,,,,,,,,,,,,0.0,0.0,0.0,,,,,,,,,,,,,,,,,,,,,,,,,,,,,,,,,,,,,0.0,0.0,0.0,,,,,,,,,,,,,,,3.139,,,,,,,,,,,,,,,,,,,,,,,,
Sierra Leone,1985,SLE,3749425,5961829888.0,,,,,,,,,,,,,,,,,0.0,0.0,0.0,,,,,,9.699,0.304,918.359,0.578,,,,,,,,,,,,,,,,0.0,0.0,0.0,,,,,,,,,,,,,,,,,,,,,,,,,,,,,,,,,,,,,0.0,0.0,0.0,,,,,,,,,,,,,,,3.443,,,,,,,,,,,,,,,,,,,,,,,,
Sierra Leone,1986,SLE,3842925,6047839232.0,,,,,,,,,,,,,,,,,0.0,0.0,0.0,,,,,,5.576,0.192,945.979,0.601,,,,,,,,,,,,,,,,0.0,0.0,0.0,,,,,,,,,,,,,,,,,,,,,,,,,,,,,,,,,,,,,0.0,0.0,0.0,,,,,,,,,,,,,,,3.635,,,,,,,,,,,,,,,,,,,,,,,,
Sierra Leone,1987,SLE,3947870,6294624256.0,,,,,,,,,,,,,,,,,0.0,0.0,0.0,,,,,,9.576,0.348,1009.012,0.633,,,,,,,,,,,,,,,,0.0,0.0,0.0,,,,,,,,,,,,,,,,,,,,,,,,,,,,,,,,,,,,,0.0,0.0,0.0,,,,,,,,,,,,,,,3.983,,,,,,,,,,,,,,,,,,,,,,,,
Sierra Leone,1988,SLE,4056222,6451968000.0,,,,,,,,,,,,,,,,,0.0,0.0,0.0,,,,,,8.802,0.351,1068.496,0.672,,,,,,,,,,,,,,,,0.0,0.0,0.0,,,,,,,,,,,,,,,,,,,,,,,,,,,,,,,,,,,,,0.0,0.0,0.0,,,,,,,,,,,,,,,4.334,,,,,,,,,,,,,,,,,,,,,,,,
Sierra Leone,1989,SLE,4159166,6673088000.0,,,,,,,,,,,,,,,,,0.0,0.0,0.0,,,,,,-2.754,-0.119,1013.355,0.632,,,,,,,,,,,,,,,,0.0,0.0,0.0,,,,,,,,,,,,,,,,,,,,,,,,,,,,,,,,,,,,,0.0,0.0,0.0,,,,,,,,,,,,,,,4.215,,,,,,,,,,,,,,,,,,,,,,,,
Sierra Leone,1990,SLE,4325390,6912779776.0,,,,,,,,,,,,,,,,,0.0,0.0,0.0,,,,,,1.479,0.062,988.821,0.619,,,,,,,,,,,,,,,,0.0,0.0,0.0,,,,,,,,,,,,,,,,,,,,,,,,,,,,,,,,,,,,,0.0,0.0,0.0,,,,,,,,,,,,,,,4.277,,,,,,,,,,,,,,,,,,,,,,,,
Sierra Leone,1991,SLE,4378175,6361130496.0,,,,,,,,,,,,,,,,,0.0,0.0,0.0,,,,,,5.933,0.254,1034.863,0.712,,,,,,,,,,,,,,,,0.0,0.0,0.0,,,,,,,,,,,,,,,,,,,,,,,,,,,,,,,,,,,,,0.0,0.0,0.0,,,,,,,,,,,,,,,4.531,,,,,,,,,,,,,,,,,,,,,,,,
Sierra Leone,1992,SLE,4301575,5753195008.0,,,,,,,,,,,,,,,,,0.0,0.0,0.0,,,,,,-27.718,-1.256,761.341,0.569,,,,,,,,,,,,,,,,0.0,0.0,0.0,,,,,,,,,,,,,,,,,,,,,,,,,,,,,,,,,,,,,0.0,0.0,0.0,,,,,,,,,,,,,,,3.275,,,,,,,,,,,,,,,,,,,,,,,,
Sierra Leone,1993,SLE,4295693,5761167360.0,,,,,,,,,,,,,,,,,0.0,0.0,0.0,,,,,,-0.164,-0.005,761.136,0.568,,,,,,,,,,,,,,,,0.0,0.0,0.0,,,,,,,,,,,,,,,,,,,,,,,,,,,,,,,,,,,,,0.0,0.0,0.0,,,,,,,,,,,,,,,3.27,,,,,,,,,,,,,,,,,,,,,,,,
Sierra Leone,1994,SLE,4314956,5967832064.0,,,,,,,,,,,,,,,,,0.0,0.0,0.0,,,,,,-5.074,-0.166,719.288,0.52,,,,,,,,,,,,,,,,0.0,0.0,0.0,,,,,,,,,,,,,,,,,,,,,,,,,,,,,,,,,,,,,0.0,0.0,0.0,,,,,,,,,,,,,,,3.104,,,,,,,,,,,,,,,,,,,,,,,,
Sierra Leone,1995,SLE,4324151,5367842304.0,,,,,,,,,,,,,,,,,0.0,0.0,0.0,,,,,,15.007,0.466,825.471,0.665,,,,,,,,,,,,,,,,0.0,0.0,0.0,,,,,,,,,,,,,,,,,,,,,,,,,,,,,,,,,,,,,0.0,0.0,0.0,,,,,,,,,,,,,,,3.569,,,,,,,,,,,,,,,,,,,,,,,,
Sierra Leone,1996,SLE,4347381,4041803264.0,,,,,,,,,,,,,,,,,0.0,0.0,0.0,,,,,,-1.469,-0.052,808.997,0.87,,,,,,,,,,,,,,,,0.0,0.0,0.0,,,,,,,,,,,,,,,,,,,,,,,,,,,,,,,,,,,,,0.0,0.0,0.0,,,,,,,,,,,,,,,3.517,,,,,,,,,,,,,,,,,,,,,,,,
Sierra Leone,1997,SLE,4405034,3333148416.0,,,,,,,,,,,,,,,,,0.0,0.0,0.0,,,,,,5.129,0.18,839.361,1.109,,,,,,,,,,,,,,,,0.0,0.0,0.0,,,,,,,,,,,,,,,,,,,,,,,,,,,,,,,,,,,,,0.0,0.0,0.0,,,,,,,,,,,,,,,3.697,,,,,,,,,,,,,,,,,,,,,,,,
Sierra Leone,1998,SLE,4449981,3306703872.0,,,,,,,,,,,,,,,,,0.0,0.0,0.0,,,,,,0.0,0.0,830.887,1.118,,,,,,,,,,,,,,,,0.0,0.0,0.0,,,,,,,,,,,,,,,,,,,,,,,,,,,,,,,,,,,,,0.0,0.0,0.0,,,,,,,,,,,,,,,3.697,,,,,,,,,,,,,,,,,,,,,,,,
Sierra Leone,1999,SLE,4475156,3041564672.0,,,,,,,,,,,,,,,,,0.0,0.0,0.0,,,,,,0.0,0.0,826.213,1.216,,,,,,,,,,,,,,,,0.0,0.0,0.0,,,,,,,,,,,,,,,,,,,,,,,,,,,,,,,,,,,,,0.0,0.0,0.0,,,,,,,,,,,,,,,3.697,,,,,,,,,,,,,,,,,,,,,,,,
Sierra Leone,2000,SLE,4584074,3156876032.0,,,,,0.0,0.0,0.0,,625.0,,,,,0.0,0.0,,0.0,0.0,0.0,0.0,,0.08,0.08,,-49.259,-1.821,409.267,0.594,,,15.27,0.07,,,87.5,,,,,0.0,0.0,,,0.0,0.0,0.0,0.0,,0.05,,,,2.181,0.01,,12.5,,,,,2.181,0.01,,12.5,,0.0,0.0,,,,0.0,0.0,,0.0,,,,,15.27,0.07,,,0.0,0.0,0.0,87.5,,,0.0,0.0,,,0.0,0.0,,0.0,0.0,,17.452,1.876,,,,2.181,0.01,,12.5,,,,,0.0,0.0,,0.0,,,,,0.0,0.0,,0.0,
Sierra Leone,2001,SLE,4857106,3731874048.0,,,,,0.0,0.0,0.0,,615.385,,,,,0.0,0.0,,0.0,0.0,0.0,0.0,,0.13,0.13,,25.484,0.478,484.695,0.631,,,24.706,0.12,,,92.308,,,,,0.0,0.0,,,0.0,0.0,0.0,0.0,,0.08,,,,2.059,0.01,,7.692,,,,,2.059,0.01,,7.692,,0.0,0.0,,,,0.0,0.0,,0.0,,,,,24.706,0.12,,,0.0,0.0,0.0,92.308,,,0.0,0.0,,,0.0,0.0,,0.0,0.0,,26.765,2.354,,,,2.059,0.01,,7.692,,,,,0.0,0.0,,0.0,,,,,0.0,0.0,,0.0,
Sierra Leone,2002,SLE,5140120,4723204096.0,,,,,0.0,0.0,0.0,,600.0,,,,,0.0,0.0,,0.0,0.0,0.0,0.0,,0.15,0.15,,0.616,0.015,460.83,0.502,,,25.291,0.13,,,86.667,,,,,0.0,0.0,,,0.0,0.0,0.0,0.0,,0.09,,,,3.891,0.02,,13.333,,,,,3.891,0.02,,13.333,,0.0,0.0,,,,0.0,0.0,,0.0,,,,,25.291,0.13,,,0.0,0.0,0.0,86.667,,,0.0,0.0,,,0.0,0.0,,0.0,0.0,,29.182,2.369,,,,3.891,0.02,,13.333,,,,,0.0,0.0,,0.0,,,,,0.0,0.0,,0.0,
Sierra Leone,2003,SLE,5350917,5165014528.0,,,,,0.0,0.0,0.0,,571.429,,,,,0.0,0.0,,0.0,0.0,0.0,0.0,,0.14,0.14,,2.732,0.065,454.77,0.471,,,22.426,0.12,,,85.714,,,,,0.0,0.0,,,0.0,0.0,0.0,0.0,,0.08,,,,3.738,0.02,,14.286,,,,,3.738,0.02,,14.286,,0.0,0.0,,,,0.0,0.0,,0.0,,,,,22.426,0.12,,,0.0,0.0,0.0,85.714,,,0.0,0.0,,,0.0,0.0,,0.0,0.0,,26.164,2.433,,,,3.738,0.02,,14.286,,,,,0.0,0.0,,0.0,,,,,0.0,0.0,,0.0,
Sierra Leone,2004,SLE,5533329,5509297664.0,,,,,0.0,0.0,0.0,,583.333,,,,,0.0,0.0,,0.0,0.0,0.0,0.0,,0.12,0.12,,-0.215,-0.005,438.832,0.441,,,18.072,0.1,,,83.333,,,,,0.0,0.0,,,0.0,0.0,0.0,0.0,,0.07,,,,3.614,0.02,,16.667,,,,,3.614,0.02,,16.667,,0.0,0.0,,,,0.0,0.0,,0.0,,,,,18.072,0.1,,,0.0,0.0,0.0,83.333,,,0.0,0.0,,,0.0,0.0,,0.0,0.0,,21.687,2.428,,,,3.614,0.02,,16.667,,,,,0.0,0.0,,0.0,,,,,0.0,0.0,,0.0,
Sierra Leone,2005,SLE,5683338,5761186816.0,,,,,0.0,0.0,0.0,,500.0,,,,,0.0,0.0,,0.0,0.0,0.0,0.0,,0.08,0.08,,-9.432,-0.229,386.952,0.382,,,10.557,0.06,,,75.0,,,,,0.0,0.0,,,0.0,0.0,0.0,0.0,,0.04,,,,3.519,0.02,,25.0,,,,,3.519,0.02,,25.0,,0.0,0.0,,,,0.0,0.0,,0.0,,,,,10.557,0.06,,,0.0,0.0,0.0,75.0,,,0.0,0.0,,,0.0,0.0,,0.0,0.0,,14.076,2.199,,,,3.519,0.02,,25.0,,,,,0.0,0.0,,0.0,,,,,0.0,0.0,,0.0,
Sierra Leone,2006,SLE,5809778,6009264128.0,,,,,0.0,0.0,0.0,,750.0,,,,,0.0,0.0,,0.0,0.0,0.0,0.0,,0.04,0.04,,20.994,0.462,457.998,0.443,,,6.885,0.04,,,100.0,,,,,0.0,0.0,,,0.0,0.0,0.0,0.0,,0.03,,,,0.0,0.0,,0.0,,,,,0.0,0.0,,0.0,,0.0,0.0,,,,0.0,0.0,,0.0,,,,,6.885,0.04,,,0.0,0.0,0.0,100.0,,,0.0,0.0,,,0.0,0.0,,0.0,0.0,,6.885,2.661,,,,0.0,0.0,,0.0,,,,,0.0,0.0,,0.0,,,,,0.0,0.0,,0.0,
Sierra Leone,2007,SLE,5939169,6495486464.0,,,,,0.0,0.0,0.0,,500.0,,,,,0.0,0.0,,0.0,0.0,0.0,0.0,,0.06,0.06,,-5.555,-0.148,423.133,0.387,,,6.735,0.04,,,66.667,,,,,0.0,0.0,,,0.0,0.0,0.0,0.0,,0.03,,,,3.367,0.02,,33.333,,,,,3.367,0.02,,33.333,,0.0,0.0,,,,0.0,0.0,,0.0,,,,,6.735,0.04,,,0.0,0.0,0.0,66.667,,,0.0,0.0,,,0.0,0.0,,0.0,0.0,,10.102,2.513,,,,3.367,0.02,,33.333,,,,,0.0,0.0,,0.0,,,,,0.0,0.0,,0.0,
Sierra Leone,2008,SLE,6090861,6848798208.0,,,,,0.0,0.0,0.0,,500.0,,,,,0.0,0.0,,0.0,0.0,0.0,0.0,,0.06,0.06,,-1.613,-0.041,405.939,0.361,,,6.567,0.04,,,66.667,,,,,0.0,0.0,,,0.0,0.0,0.0,0.0,,0.03,,,,3.284,0.02,,33.333,,,,,3.284,0.02,,33.333,,0.0,0.0,,,,0.0,0.0,,0.0,,,,,6.567,0.04,,,0.0,0.0,0.0,66.667,,,0.0,0.0,,,0.0,0.0,,0.0,0.0,,9.851,2.473,,,,3.284,0.02,,33.333,,,,,0.0,0.0,,0.0,,,,,0.0,0.0,,0.0,
Sierra Leone,2009,SLE,6259845,7073732608.0,,,,,0.0,0.0,0.0,,500.0,,,,,0.0,0.0,,0.0,0.0,0.0,0.0,,0.06,0.06,,0.402,0.01,396.569,0.351,,,6.39,0.04,,,66.667,,,,,0.0,0.0,,,0.0,0.0,0.0,0.0,,0.03,,,,3.195,0.02,,33.333,,,,,3.195,0.02,,33.333,,0.0,0.0,,,,0.0,0.0,,0.0,,,,,6.39,0.04,,,0.0,0.0,0.0,66.667,,,0.0,0.0,,,0.0,0.0,,0.0,0.0,,9.585,2.482,,,,3.195,0.02,,33.333,,,,,0.0,0.0,,0.0,,,,,0.0,0.0,,0.0,
Sierra Leone,2010,SLE,6436699,7455364096.0,,,,,0.0,0.0,0.0,,187.5,,,,,0.0,0.0,,0.0,0.0,0.0,0.0,,0.16,0.16,,18.824,0.467,458.273,0.396,,,6.214,0.04,,,25.0,,,,,0.0,0.0,,,0.0,0.0,0.0,0.0,,0.03,,,,18.643,0.12,,75.0,,,,,18.643,0.12,,75.0,,0.0,0.0,,,,0.0,0.0,,0.0,,,,,6.214,0.04,,,0.0,0.0,0.0,25.0,,,0.0,0.0,,,0.0,0.0,,0.0,0.0,,24.857,2.95,,,,18.643,0.12,,75.0,,,,,0.0,0.0,,0.0,,,,,0.0,0.0,,0.0,
Sierra Leone,2011,SLE,6612390,7933356032.0,,,,,0.0,0.0,0.0,,58.824,,,,,0.0,0.0,,0.0,0.0,0.0,0.0,,0.17,0.17,,26.578,0.784,564.663,0.471,,,3.025,0.02,,,11.765,,,,,0.0,0.0,,,0.0,0.0,0.0,0.0,,0.01,,,,22.685,0.15,,88.235,,,,,22.685,0.15,,88.235,,0.0,0.0,,,,0.0,0.0,,0.0,,,,,3.025,0.02,,,0.0,0.0,0.0,11.765,,,0.0,0.0,,,0.0,0.0,,0.0,0.0,,25.709,3.734,,,,22.685,0.15,,88.235,,,,,0.0,0.0,,0.0,,,,,0.0,0.0,,0.0,
Sierra Leone,2012,SLE,6788594,9134189568.0,,,,,0.0,0.0,0.0,,222.222,,,,,0.0,0.0,,0.0,0.0,0.0,0.0,,0.18,0.18,,11.04,0.412,610.724,0.454,,,8.838,0.06,,,33.333,,,,,0.0,0.0,,,0.0,0.0,0.0,0.0,,0.04,,,,17.677,0.12,,66.667,,,,,17.677,0.12,,66.667,,0.0,0.0,,,,0.0,0.0,,0.0,,,,,8.838,0.06,,,0.0,0.0,0.0,33.333,,,0.0,0.0,,,0.0,0.0,,0.0,0.0,,26.515,4.146,,,,17.677,0.12,,66.667,,,,,0.0,0.0,,0.0,,,,,0.0,0.0,,0.0,
Sierra Leone,2013,SLE,6964867,11029544960.0,,,,,0.0,0.0,0.0,,266.667,,,,,0.0,0.0,,0.0,0.0,0.0,0.0,,0.15,0.15,,16.367,0.679,692.696,0.437,,,7.179,0.05,,,33.333,,,,,0.0,0.0,,,0.0,0.0,0.0,0.0,,0.04,,,,14.358,0.1,,66.667,,,,,14.358,0.1,,66.667,,0.0,0.0,,,,0.0,0.0,,0.0,,,,,7.179,0.05,,,0.0,0.0,0.0,33.333,,,0.0,0.0,,,0.0,0.0,,0.0,0.0,,21.537,4.825,,,,14.358,0.1,,66.667,,,,,0.0,0.0,,0.0,,,,,0.0,0.0,,0.0,
Sierra Leone,2014,SLE,7140700,11528208384.0,,,,,4.201,0.03,15.789,,210.526,,,,,0.0,0.0,,0.0,0.0,0.0,0.0,,0.19,0.19,,9.97,0.481,743.0,0.46,,,5.602,0.04,,,21.053,,,,,0.0,0.0,,,0.0,0.0,0.0,0.0,,0.04,,,,16.805,0.12,,63.158,,,,,21.006,0.15,,78.947,,0.0,0.0,,,,0.0,0.0,,0.0,,,,,5.602,0.04,,,0.0,0.0,0.0,21.053,,,0.03,0.0,,,4.201,0.0,,15.789,0.0,,26.608,5.306,,,,21.006,0.15,,78.947,,,,,0.0,0.0,,0.0,,,,,0.0,0.0,,0.0,
Sierra Leone,2015,SLE,7314779,9188877312.0,,,,,2.734,0.02,10.526,,210.526,,,,,0.0,0.0,,0.0,0.0,0.0,0.0,,0.19,0.19,,-18.294,-0.971,592.628,0.472,,,6.835,0.05,,,26.316,,,,,0.0,0.0,,,0.0,0.0,0.0,0.0,,0.04,,,,16.405,0.12,,63.158,,,,,19.139,0.14,,73.684,,0.0,0.0,,,,0.0,0.0,,0.0,,,,,6.835,0.05,,,0.0,0.0,0.0,26.316,,,0.02,0.0,,,2.734,0.0,,10.526,0.0,,25.975,4.335,,,,19.139,0.14,,73.684,,,,,0.0,0.0,,0.0,,,,,0.0,0.0,,0.0,
Sierra Leone,2016,SLE,7493918,9744760832.0,,,,,4.003,0.03,13.636,,227.273,,,,,0.0,0.0,,0.0,0.0,0.0,0.0,,0.22,0.22,,2.257,0.098,591.517,0.455,,,8.006,0.06,,,27.273,,,,,0.0,0.0,,,0.0,0.0,0.0,0.0,,0.05,,,,17.347,0.13,,59.091,,,,,21.351,0.16,,72.727,,0.0,0.0,,,,0.0,0.0,,0.0,,,,,8.006,0.06,,,0.0,0.0,0.0,27.273,,,0.03,0.0,,,4.003,0.0,,13.636,0.0,,29.357,4.433,,,,21.351,0.16,,72.727,,,,,0.0,0.0,,0.0,,,,,0.0,0.0,,0.0,
Sierra Leone,2017,SLE,7677570,10133819392.0,,,,,3.907,0.03,13.043,,217.391,,,,,0.0,0.0,,,,,0.0,,0.23,0.23,,-0.635,-0.028,573.704,0.435,,,7.815,0.06,,,26.087,,,,,0.0,0.0,,,,,,0.0,,0.05,,,,16.932,0.13,,56.522,,,,,22.142,0.17,,73.913,,0.0,0.0,,,,0.0,0.0,,0.0,,,,,7.815,0.06,,,,,,26.087,,,0.03,0.0,,,3.907,0.0,,13.043,0.0,,29.957,4.405,,,,22.142,0.17,,73.913,,,,,1.302,0.01,,4.348,,,,,0.0,0.0,,0.0,
Sierra Leone,2018,SLE,7861287,10628815872.0,,,,,2.544,0.02,7.692,,153.846,,,,,0.0,0.0,,,,,0.0,,0.26,0.26,,1.405,0.062,568.166,0.42,,,7.632,0.06,,,23.077,,,,,0.0,0.0,,,,,,0.0,,0.04,,,,21.625,0.17,,65.385,,,,,25.441,0.2,,76.923,,0.0,0.0,,,,0.0,0.0,,0.0,,,,,7.632,0.06,,,,,,23.077,,,0.02,0.0,,,2.544,0.0,,7.692,0.0,,33.073,4.467,,,,25.441,0.2,,76.923,,,,,1.272,0.01,,3.846,,,,,0.0,0.0,,0.0,
Sierra Leone,2019,SLE,8046830,,,,,,0.0,0.0,0.0,,47.619,,,,,0.0,0.0,,,,,0.0,,0.21,0.21,,-7.578,-0.338,513.004,,,,2.485,0.02,,,9.524,,,,,0.0,0.0,,,,,,0.0,,0.01,,,,22.369,0.18,,85.714,,,,,23.612,0.19,,90.476,,0.0,0.0,,,,0.0,0.0,,0.0,,,,,2.485,0.02,,,,,,9.524,,,0.0,0.0,,,0.0,0.0,,0.0,0.0,,26.097,4.128,,,,23.612,0.19,,90.476,,,,,1.243,0.01,,4.762,,,,,0.0,0.0,,0.0,
Sierra Leone,2020,SLE,8233973,,,,,,0.0,0.0,0.0,,47.619,,,,,0.0,0.0,,,,,0.0,,0.21,0.21,,-4.152,-0.171,480.527,,,,2.429,0.02,,,9.524,,,,,0.0,0.0,,,,,,0.0,,0.01,,,,21.861,0.18,,85.714,,,,,23.075,0.19,,90.476,,0.0,0.0,,,,0.0,0.0,,0.0,,,,,2.429,0.02,,,,,,9.524,,,0.0,0.0,,,0.0,0.0,,0.0,0.0,,25.504,3.957,,,,23.075,0.19,,90.476,,,,,1.214,0.01,,4.762,,,,,0.0,0.0,,0.0,
Sierra Leone,2021,SLE,8420642,,,,,,0.0,0.0,0.0,,47.619,,,,,0.0,0.0,,,,,0.0,,0.21,0.21,,4.836,0.191,492.598,,,,2.375,0.02,,,9.524,,,,,0.0,0.0,,,,,,0.0,,0.01,,,,21.376,0.18,,85.714,,,,,22.564,0.19,,90.476,,0.0,0.0,,,,0.0,0.0,,0.0,,,,,2.375,0.02,,,,,,9.524,,,0.0,0.0,,,0.0,0.0,,0.0,0.0,,24.939,4.148,,,,22.564,0.19,,90.476,,,,,1.188,0.01,,4.762,,,,,0.0,0.0,,0.0,
Singapore,1965,SGP,1860652,7530617856.0,,,,,,,,,,,,25.002,0.047,,,,,,,,,,,,,,25737.217,6.359,,,,,,,,,,,,,,,,,,,,,,,,0.0,0.0,0.0,0.0,,,,,0.0,0.0,0.0,0.0,,,,,,,0.0,0.0,0.0,0.0,,,,,47.841,,,25712.215,,,,,,,,,,,,,,,,,,,47.888,,,0.0,,,0.0,,,,,,,,,,,,,,,,,,
Singapore,1966,SGP,1906851,8350804992.0,,,,,,,,,,25.0,0.012,30.495,0.058,,,,,,,,,,,,14.316,6.856,28708.969,6.556,,,,,,,,,,,,,,,,,,,,,,,0.0,0.0,0.0,0.0,0.0,,,,0.0,0.0,0.0,0.0,0.0,,,,,,0.0,0.0,0.0,0.0,0.0,,,14.306,6.844,54.686,,,28678.471,,,,,,,,,,,,,,,,,,,54.744,,0.0,0.0,,,0.0,,,,,,,,,,,,,,,,,,
Singapore,1967,SGP,1950286,9375801344.0,,,,,,,,,,-40.0,-0.023,17.89,0.035,,,,,,,,,,,,20.116,11.012,33716.09,7.013,,,,,,,,,,,,,,,,,,,,,,,0.0,0.0,0.0,0.0,0.0,,,,0.0,0.0,0.0,0.0,0.0,,,,,,0.0,0.0,0.0,0.0,0.0,,,20.18,11.036,65.721,,,33698.203,,,,,,,,,,,,,,,,,,,65.756,,0.0,0.0,,,0.0,,,,,,,,,,,,,,,,,,
Singapore,1968,SGP,1990680,10651528192.0,,,,,,,,,,100.0,0.035,35.053,0.07,,,,,,,,,,,,24.3,15.979,41058.598,7.674,,,,,,,,,,,,,,,,,,,,,,,0.0,0.0,0.0,0.0,0.0,,,,0.0,0.0,0.0,0.0,0.0,,,,,,0.0,0.0,0.0,0.0,0.0,,,24.26,15.944,81.665,,,41023.543,,,,,,,,,,,,,,,,,,,81.735,,0.0,0.0,,,0.0,,,,,,,,,,,,,,,,,,
Singapore,1969,SGP,2027412,12114067456.0,,,,,,,,,,-50.0,-0.035,17.209,0.035,,,,,,,,,,,,-1.732,-1.416,39616.273,6.63,,,,,,,,,,,,,,,,,,,,,,,0.0,0.0,0.0,0.0,0.0,,,,0.0,0.0,0.0,0.0,0.0,,,,,,0.0,0.0,0.0,0.0,0.0,,,-1.691,-1.381,80.284,,,39599.066,,,,,,,,,,,,,,,,,,,80.319,,0.0,0.0,,,0.0,,,,,,,,,,,,,,,,,,
Singapore,1970,SGP,2061833,13795471360.0,,,,,,,,,,0.0,0.0,16.922,0.035,,,,,,,,,,,,8.574,6.887,42295.07,6.321,,,,,,,,,,,,,,,,,,,,,,,0.0,0.0,0.0,0.0,0.0,,,,0.0,0.0,0.0,0.0,0.0,,,,,,0.0,0.0,0.0,0.0,0.0,,,8.578,6.887,87.17,,,42278.152,,,,,,,,,,,,,,,,,,,87.205,,0.0,0.0,,,0.0,,,,,,,,,,,,,,,,,,
Singapore,1971,SGP,2095907,15462202368.0,,,,,,,,,,32.333,0.011,22.029,0.046,,,,,,,,,,,,-13.196,-11.507,36117.0,4.896,,,,,,,,,,,,,,,,,,,,,,,0.0,0.0,0.0,0.0,0.0,,,,0.0,0.0,0.0,0.0,0.0,,,,,,0.0,0.0,0.0,0.0,0.0,,,-13.214,-11.519,75.652,,,36094.973,,,,,,,0.0,0.0,,,,0.0,,0.0,,,,,75.698,,0.0,0.0,0.0,0.0,0.0,,,,,0.0,0.0,0.0,0.0,,,,,0.0,0.0,0.0,0.0,,
Singapore,1972,SGP,2131574,17552822272.0,,,,,,,,,,-24.559,-0.011,16.341,0.035,,,,,,,,,,,,25.218,19.09,44468.352,5.4,,,,,,,,,,,,,,,,,,,,,,,0.0,0.0,0.0,0.0,0.0,,,,0.0,0.0,0.0,0.0,0.0,,,,,,0.0,0.0,0.0,0.0,0.0,,,25.249,19.101,94.753,,,44452.008,,,,,,,0.0,0.0,,,0.0,0.0,,0.0,,,,,94.788,,0.0,0.0,0.0,0.0,0.0,,,,0.0,0.0,0.0,0.0,0.0,,,,0.0,0.0,0.0,0.0,0.0,,
Singapore,1973,SGP,2168370,19504541696.0,,,,,,,,,,44.975,0.016,23.288,0.05,,,,,,,,,,,,-5.761,-5.461,41195.285,4.58,,,,,,,,,,,,,,,,,,,,,,,0.0,0.0,0.0,0.0,0.0,,,,0.0,0.0,0.0,0.0,0.0,,,,,,0.0,0.0,0.0,0.0,0.0,,,-5.78,-5.477,89.276,,,41171.996,,,,,,,0.0,0.0,,,0.0,0.0,,0.0,,,,,89.327,,0.0,0.0,0.0,0.0,0.0,,,,0.0,0.0,0.0,0.0,0.0,,,,0.0,0.0,0.0,0.0,0.0,,
Singapore,1974,SGP,2202332,20768356352.0,,,,,,,,,,22.455,0.011,28.078,0.062,,,,,,,,,,,,-1.42,-1.268,39984.215,4.24,,,,,,,,,,,,,,,,,,,,,,,0.0,0.0,0.0,0.0,0.0,,,,0.0,0.0,0.0,0.0,0.0,,,,,,0.0,0.0,0.0,0.0,0.0,,,-1.433,-1.279,87.997,,,39956.137,,,,,,,0.0,0.0,,,0.0,0.0,,0.0,,,,,88.059,,0.0,0.0,0.0,0.0,0.0,,,,0.0,0.0,0.0,0.0,0.0,,,,0.0,0.0,0.0,0.0,0.0,,
Singapore,1975,SGP,2232434,21725485056.0,,,,,,,,,,-76.001,-0.047,6.647,0.015,,,,,,,,,,,,-2.354,-2.073,38516.688,3.958,,,,,,,,,,,,,,,,,,,,,,,0.0,0.0,0.0,0.0,0.0,,,,0.0,0.0,0.0,0.0,0.0,,,,,,0.0,0.0,0.0,0.0,0.0,,,-2.302,-2.026,85.971,,,38510.039,,,,,,,0.0,0.0,,,0.0,0.0,,0.0,,,,,85.986,,0.0,0.0,0.0,0.0,0.0,,,,0.0,0.0,0.0,0.0,0.0,,,,0.0,0.0,0.0,0.0,0.0,,
Singapore,1976,SGP,2261945,23341207552.0,,,,,,,,,,163.949,0.024,17.317,0.039,,,,,,,,,,,,18.615,16.006,45090.348,4.37,,,,,,,,,,,,,,,,,,,,,,,0.0,0.0,0.0,0.0,0.0,,,,0.0,0.0,0.0,0.0,0.0,,,,,,0.0,0.0,0.0,0.0,0.0,,,18.589,15.982,101.953,,,45073.027,,,,,,,0.0,0.0,,,0.0,0.0,,0.0,,,,,101.992,,0.0,0.0,0.0,0.0,0.0,,,,0.0,0.0,0.0,0.0,0.0,,,,0.0,0.0,0.0,0.0,0.0,,
Singapore,1977,SGP,2292169,25089986560.0,,,,,,,,,,28.92,0.011,22.03,0.05,,,,,,,,,,,,0.375,0.383,44662.777,4.08,,,,,,,,,,,,,,,,,,,,,,,0.0,0.0,0.0,0.0,0.0,,,,0.0,0.0,0.0,0.0,0.0,,,,,,0.0,0.0,0.0,0.0,0.0,,,0.364,0.371,102.324,,,44640.746,,,,,,,0.0,0.0,,,0.0,0.0,,0.0,,,,,102.375,,0.0,0.0,0.0,0.0,0.0,,,,0.0,0.0,0.0,0.0,0.0,,,,0.0,0.0,0.0,0.0,0.0,,
Singapore,1978,SGP,2323256,27273517056.0,,,,,,,,,,6.149,0.003,23.072,0.054,,,,,,,,,,,,2.929,2.999,45356.02,3.864,,,,,,,,,,,,,,,,,,,,,,,0.0,0.0,0.0,0.0,0.0,,,,0.0,0.0,0.0,0.0,0.0,,,,,,0.0,0.0,0.0,0.0,0.0,,,2.928,2.996,105.32,,,45332.945,,,,,,,0.0,0.0,,,0.0,0.0,,0.0,,,,,105.374,,0.0,0.0,0.0,0.0,0.0,,,,0.0,0.0,0.0,0.0,0.0,,,,0.0,0.0,0.0,0.0,0.0,,
Singapore,1979,SGP,2358236,29843804160.0,,,,,,,,,,-85.376,-0.046,3.324,0.008,,,,,,,,,,,,6.605,6.96,47634.465,3.764,,,,,,,,,,,,,,,,,,,,,,,0.0,0.0,0.0,0.0,0.0,,,,0.0,0.0,0.0,0.0,0.0,,,,,,0.0,0.0,0.0,0.0,0.0,,,6.652,7.005,112.325,,,47631.141,,,,,,,0.0,0.0,,,0.0,0.0,,0.0,,,,,112.333,,0.0,0.0,0.0,0.0,0.0,,,,0.0,0.0,0.0,0.0,0.0,,,,0.0,0.0,0.0,0.0,0.0,,
Singapore,1980,SGP,2400734,32831453184.0,,,,,,,,,,341.841,0.027,14.426,0.035,,,,,0.0,0.0,,,,,,-0.678,-0.762,46473.77,3.398,,,,,,,,,,,,,,,,,0.0,0.0,,,,,0.0,0.0,0.0,0.0,0.0,,,,0.0,0.0,0.0,0.0,0.0,,,,,,0.0,0.0,0.0,0.0,0.0,,,-0.702,-0.789,111.537,,,46459.344,,,0.0,0.0,,,0.0,0.0,,,0.0,0.0,,0.0,,,,,111.571,,0.0,0.0,0.0,0.0,0.0,,,,0.0,0.0,0.0,0.0,0.0,,,,0.0,0.0,0.0,0.0,0.0,,
Singapore,1981,SGP,2451730,36344500224.0,,,,,,,,,,54.768,0.019,21.863,0.054,,,,0.0,0.0,0.0,,,,,,15.047,16.789,52354.789,3.532,,,,,,,,,,,,,,,,0.0,0.0,0.0,,,,,0.0,0.0,0.0,0.0,0.0,,,,0.0,0.0,0.0,0.0,0.0,,,,,,0.0,0.0,0.0,0.0,0.0,,,15.035,16.77,128.306,,,52332.922,,0.0,0.0,0.0,,,0.0,0.0,,,0.0,0.0,,0.0,,,,,128.36,,0.0,0.0,0.0,0.0,0.0,,,,0.0,0.0,0.0,0.0,0.0,,,,0.0,0.0,0.0,0.0,0.0,,
Singapore,1982,SGP,2507222,38947999744.0,,,,,,,,,,-64.613,-0.035,7.566,0.019,,,,0.0,0.0,0.0,,,,,,-2.7,-3.466,49813.555,3.207,,,,,,,,,,,,,,,,0.0,0.0,0.0,,,,,0.0,0.0,0.0,0.0,0.0,,,,0.0,0.0,0.0,0.0,0.0,,,,,,0.0,0.0,0.0,0.0,0.0,,,-2.674,-3.432,124.875,,,49805.988,,0.0,0.0,0.0,,,0.0,0.0,,,0.0,0.0,,0.0,,,,,124.894,,0.0,0.0,0.0,0.0,0.0,,,,0.0,0.0,0.0,0.0,0.0,,,,0.0,0.0,0.0,0.0,0.0,,
Singapore,1983,SGP,2564775,42275213312.0,,,,,,,,,,99.999,0.019,14.792,0.038,,,,0.0,0.0,0.0,,,,,,5.939,7.418,51587.984,3.13,,,,,,,,,,,,,,,,0.0,0.0,0.0,,,,,0.0,0.0,0.0,0.0,0.0,,,,0.0,0.0,0.0,0.0,0.0,,,,,,0.0,0.0,0.0,0.0,0.0,,,5.925,7.399,132.274,,,51573.191,,0.0,0.0,0.0,,,0.0,0.0,,,0.0,0.0,,0.0,,,,,132.312,,0.0,0.0,0.0,0.0,0.0,,,,0.0,0.0,0.0,0.0,0.0,,,,0.0,0.0,0.0,0.0,0.0,,
Singapore,1984,SGP,2624375,45996859392.0,,,,,,,,,,53.25,0.02,22.153,0.058,,,,0.0,0.0,0.0,,,,,,5.133,6.791,53004.059,3.024,,,,,,,,,,,,,,,,0.0,0.0,0.0,,,,,0.0,0.0,0.0,0.0,0.0,,,,0.0,0.0,0.0,0.0,0.0,,,,,,0.0,0.0,0.0,0.0,0.0,,,5.119,6.771,139.044,,,52981.906,,0.0,0.0,0.0,,,0.0,0.0,,,0.0,0.0,,0.0,,,,,139.103,,0.0,0.0,0.0,0.0,0.0,,,,0.0,0.0,0.0,0.0,0.0,,,,0.0,0.0,0.0,0.0,0.0,,
Singapore,1985,SGP,2685987,45678538752.0,,,,,,,,,,126.945,0.074,49.122,0.132,,,,0.0,0.0,0.0,,,,9.876,6.96,2.007,2.791,52827.371,3.106,,,,,,,,,,,,,,,,0.0,0.0,0.0,,,,,0.0,0.0,0.0,0.0,0.0,0.0,,,0.0,0.0,0.0,0.0,0.0,0.0,,,,,0.0,0.0,0.0,0.0,0.0,0.0,,1.954,2.717,141.762,,,52778.254,,0.0,0.0,0.0,,,0.0,0.0,,,0.0,0.0,,0.0,0.0,,,3676.972,141.894,,0.0,0.0,0.0,0.0,0.0,0.0,,,0.0,0.0,0.0,0.0,0.0,0.0,,,0.0,0.0,0.0,0.0,0.0,0.0,
Singapore,1986,SGP,2749737,46286409728.0,,,,,,,,,,-38.131,-0.05,29.687,0.082,,,,0.0,0.0,0.0,,,,10.576,6.419,16.112,22.862,59917.023,3.559,,,,,,,,,,,,,,,,0.0,0.0,0.0,,,,,0.0,0.0,0.0,0.0,0.0,0.0,,,0.271,0.271,30.912,0.085,98.678,0.804,,,,,0.0,0.0,0.0,0.0,0.0,0.0,,15.971,22.641,164.403,,,59788.656,,0.0,0.0,0.0,,,0.271,0.085,,,0.271,30.912,,98.678,0.804,,,3846.368,164.756,,0.271,0.271,30.912,0.085,98.678,0.804,,,0.0,0.0,0.0,0.0,0.0,0.0,,,0.0,0.0,0.0,0.0,0.0,0.0,
Singapore,1987,SGP,2814749,51266056192.0,,,,,,,,,,67.174,0.055,48.483,0.136,,,,0.0,0.0,0.0,,,,11.814,6.819,5.147,8.481,61546.059,3.379,,,,,,,,,,,,,,,,0.0,0.0,0.0,,,,,0.0,0.0,0.0,0.0,0.0,0.0,,0.0,0.0,0.271,30.198,0.085,96.398,0.719,,,,,0.0,0.0,0.0,0.0,0.0,0.0,,5.125,8.426,172.829,,,61401.172,,0.0,0.0,0.0,,,0.271,0.085,,0.0,0.0,30.198,,96.398,0.719,,,4197.106,173.237,0.0,0.0,0.271,30.198,0.085,96.398,0.719,,,0.0,0.0,0.0,0.0,0.0,0.0,,,0.0,0.0,0.0,0.0,0.0,0.0,
Singapore,1988,SGP,2880509,56963538944.0,,,,,,,,,,17.223,0.024,55.536,0.16,,,,0.0,0.0,0.0,,,,13.017,6.495,15.697,27.193,69581.312,3.519,,,,,,,,,,,,,,,,0.0,0.0,0.0,,,,,0.0,0.0,0.0,0.0,0.0,0.0,,0.0,0.0,0.271,29.509,0.085,94.198,0.653,,,,,0.0,0.0,0.0,0.0,0.0,0.0,,15.72,27.169,199.998,,,69431.578,,0.0,0.0,0.0,,,0.271,0.085,,0.0,0.0,29.509,,94.198,0.653,,,4519.167,200.43,0.0,0.0,0.271,29.509,0.085,94.198,0.653,,,0.0,0.0,0.0,0.0,0.0,0.0,,,0.0,0.0,0.0,0.0,0.0,0.0,
Singapore,1989,SGP,2945697,62766456832.0,,,,,,,,,,-9.793,-0.016,48.988,0.144,,,,0.0,0.0,0.0,,,,14.039,6.143,14.024,28.108,77583.523,3.641,,,,,,,,,,,,,,,,0.0,0.0,0.0,,,,,0.0,0.0,0.0,0.0,0.0,0.0,,0.0,0.0,0.271,28.856,0.085,92.113,0.605,,,,,0.0,0.0,0.0,0.0,0.0,0.0,,14.062,28.124,228.122,,,77442.422,,0.0,0.0,0.0,,,0.271,0.085,,0.0,0.0,28.856,,92.113,0.605,,,4765.901,228.538,0.0,0.0,0.271,28.856,0.085,92.113,0.605,,,0.0,0.0,0.0,0.0,0.0,0.0,,,0.0,0.0,0.0,0.0,0.0,0.0,
Singapore,1990,SGP,3022218,69065572352.0,,,,,,,,,,72.856,0.105,82.535,0.249,,,,0.0,0.0,0.0,,,,15.618,5.719,19.501,44.566,90365.281,3.954,,,,,,,,,,,,,,,,0.0,0.0,0.0,,,,,0.0,0.0,0.0,0.0,0.0,0.0,,0.0,0.0,0.271,28.125,0.085,89.781,0.544,,,,,0.0,0.0,0.0,0.0,0.0,0.0,,19.49,44.461,272.583,,,90192.969,,0.0,0.0,0.0,,,0.271,0.085,,0.0,0.0,28.125,,89.781,0.544,,,5167.596,273.104,0.0,0.0,0.271,28.125,0.085,89.781,0.544,,,0.0,0.0,0.0,0.0,0.0,0.0,,,0.0,0.0,0.0,0.0,0.0,0.0,
Singapore,1991,SGP,3120627,74503577600.0,,,,,,,,,,-40.824,-0.102,47.301,0.148,,,,0.0,0.0,0.0,,,,16.597,5.963,1.908,5.211,89185.586,3.736,,,,,,,,,,,,,,,,0.0,0.0,0.0,,,,,0.0,0.0,0.0,0.0,0.0,0.0,,188.235,0.511,0.782,78.51,0.245,250.62,1.476,,,,,0.0,0.0,0.0,0.0,0.0,0.0,,1.762,4.802,277.385,,,88887.664,,0.0,0.0,0.0,,,0.782,0.245,,188.235,0.511,78.51,,250.62,1.476,,,5318.354,278.315,188.235,0.511,0.782,78.51,0.245,250.62,1.476,,,0.0,0.0,0.0,0.0,0.0,0.0,,,0.0,0.0,0.0,0.0,0.0,0.0,
Singapore,1992,SGP,3228234,80669507584.0,,,,,,,,,,45.525,0.067,66.54,0.215,,,,0.0,0.0,0.0,,0.072,,17.543,5.875,7.284,20.273,92492.508,3.701,,,,,92250.25,297.805,,99.738,,,10.45,,,3237.064,,0.0,0.0,0.0,,3.5,,,0.0,0.0,0.0,0.0,0.0,0.0,0.0,0.0,0.0,0.782,75.893,0.245,242.266,1.397,0.262,,,,0.0,0.0,0.0,0.0,0.0,0.0,0.0,3.517,9.755,287.141,,,88946.641,,0.0,0.0,0.0,,96.166,0.782,0.245,,0.0,0.0,75.893,,242.266,1.397,,0.262,5434.271,298.587,0.0,0.0,0.782,75.893,0.245,242.266,1.397,0.262,,0.0,0.0,0.0,0.0,0.0,0.0,0.0,,0.0,0.0,0.0,0.0,0.0,0.0,0.0
Singapore,1993,SGP,3334134,90974445568.0,,,,,,,,,,10.937,0.023,71.472,0.238,,,,0.0,0.0,0.0,,0.073,,18.962,5.813,9.252,27.624,97840.07,3.586,9.276,27.624,,,97605.508,325.43,,99.76,36.364,3.8,14.25,,,4273.974,,0.0,0.0,0.0,,4.368,,,0.0,0.0,0.0,0.0,0.0,0.0,0.0,0.0,0.0,0.782,73.482,0.245,234.571,1.292,0.24,,,,0.0,0.0,0.0,0.0,0.0,0.0,0.0,8.289,23.801,310.942,,,93260.055,,0.0,0.0,0.0,,95.319,0.782,0.245,,0.0,0.0,73.482,,234.571,1.292,,0.24,5687.354,326.212,0.0,0.0,0.782,73.482,0.245,234.571,1.292,0.24,,0.0,0.0,0.0,0.0,0.0,0.0,0.0,,0.0,0.0,0.0,0.0,0.0,0.0,0.0
Singapore,1994,SGP,3438616,102035136512.0,,,,,,,,,,19.727,0.047,82.972,0.285,,,,0.0,0.0,0.0,,0.076,,20.675,5.542,14.368,46.872,108498.156,3.656,14.403,46.872,,,108270.719,372.301,,99.79,0.0,0.0,14.25,,,4144.109,,0.0,0.0,0.0,,3.82,,,0.0,0.0,0.0,0.0,0.0,0.0,0.0,0.0,0.0,0.782,71.25,0.245,227.443,1.185,0.21,,,,0.0,0.0,0.0,0.0,0.0,0.0,0.0,15.059,46.825,357.766,,,104043.633,,0.0,0.0,0.0,,95.894,0.782,0.245,,0.0,0.0,71.25,,227.443,1.185,,0.21,6012.709,373.083,0.0,0.0,0.782,71.25,0.245,227.443,1.185,0.21,,0.0,0.0,0.0,0.0,0.0,0.0,0.0,,0.0,0.0,0.0,0.0,0.0,0.0,0.0
Singapore,1995,SGP,3543878,110414864384.0,,,,,,,,,,-53.326,-0.152,37.576,0.133,,,,0.0,0.0,0.0,,0.034,,22.057,5.671,4.25,15.857,109750.07,3.523,4.259,15.857,,,109529.383,388.159,,99.799,0.0,0.0,14.25,,,4021.019,,0.0,0.0,0.0,,3.664,,,0.0,0.0,0.0,0.0,0.0,0.0,0.0,0.0,0.0,0.782,69.133,0.245,220.688,1.111,0.201,,,,0.0,0.0,0.0,0.0,0.0,0.0,0.0,4.475,16.009,373.776,,,105470.789,,0.0,0.0,0.0,,96.101,0.782,0.245,,0.0,0.0,69.133,,220.688,1.111,,0.201,6224.085,388.941,0.0,0.0,0.782,69.133,0.245,220.688,1.111,0.201,,0.0,0.0,0.0,0.0,0.0,0.0,0.0,,0.0,0.0,0.0,0.0,0.0,0.0,0.0
Singapore,1996,SGP,3651905,120048672768.0,,,,,,,,,,-97.52,-0.13,0.904,0.003,,,,0.0,0.0,0.0,,0.001,,23.909,6.092,0.909,3.536,107471.891,3.269,0.911,3.536,,,107257.727,391.695,,99.801,0.0,0.0,14.25,,,3902.073,,0.0,0.0,0.0,,3.631,,,0.0,0.0,0.0,0.0,0.0,0.0,0.0,0.0,0.0,0.782,67.088,0.245,214.159,1.025,0.199,,,,0.0,0.0,0.0,0.0,0.0,0.0,0.0,0.981,3.666,377.442,,,103354.75,,0.0,0.0,0.0,,96.169,0.782,0.245,,0.0,0.0,67.088,,214.159,1.025,,0.199,6547.104,392.477,0.0,0.0,0.782,67.088,0.245,214.159,1.025,0.199,,0.0,0.0,0.0,0.0,0.0,0.0,0.0,,0.0,0.0,0.0,0.0,0.0,0.0,0.0
Singapore,1997,SGP,3760649,131444244480.0,,,,,,,,,,-100.0,-0.003,0.0,0.0,,,,0.0,0.0,0.0,,0.0,,26.709,6.47,5.178,20.323,109768.453,3.14,5.189,20.324,,,109560.492,412.019,,99.811,0.0,0.0,14.25,,,3789.24,,0.0,0.0,0.0,,3.452,,,0.0,0.0,0.0,0.0,0.0,0.0,0.0,0.0,0.0,0.782,65.148,0.245,207.967,0.917,0.189,,,,0.0,0.0,0.0,0.0,0.0,0.0,0.0,5.385,20.327,397.769,,,105771.25,,0.0,0.0,0.0,,96.359,0.782,0.245,,0.0,0.0,65.148,,207.967,0.917,,0.189,7102.338,412.801,0.0,0.0,0.782,65.148,0.245,207.967,0.917,0.189,,0.0,0.0,0.0,0.0,0.0,0.0,0.0,,0.0,0.0,0.0,0.0,0.0,0.0,0.0
Singapore,1998,SGP,3866296,129944207360.0,,,,,,,,,,,0.0,0.0,0.0,,,,0.0,0.0,0.0,,0.0,,28.375,6.78,1.383,5.709,108245.531,3.221,1.386,5.709,,,108043.25,417.727,,99.813,0.0,0.0,14.25,,,3685.698,,0.0,0.0,0.0,,3.405,,,0.0,0.0,0.0,0.0,0.0,0.0,0.0,0.0,0.0,0.782,63.368,0.245,202.284,0.863,0.187,,,,0.0,0.0,0.0,0.0,0.0,0.0,0.0,1.435,5.709,403.477,,,104357.547,,0.0,0.0,0.0,,96.408,0.782,0.245,,0.0,0.0,63.368,,202.284,0.863,,0.187,7339.014,418.509,0.0,0.0,0.782,63.368,0.245,202.284,0.863,0.187,,0.0,0.0,0.0,0.0,0.0,0.0,0.0,,0.0,0.0,0.0,0.0,0.0,0.0,0.0
Singapore,1999,SGP,3966485,139396956160.0,,,,,,,,,,,0.0,0.0,0.0,,,,0.0,0.0,0.0,,0.0,,29.52,7.125,-1.0,-4.183,104456.758,2.972,-1.001,-4.183,,,104259.586,413.544,,99.811,0.0,0.0,14.25,,,3592.602,,0.0,0.0,0.0,,3.439,,,0.0,0.0,0.0,0.0,0.0,0.0,0.0,0.0,0.0,0.782,61.768,0.245,197.175,0.83,0.189,,,,0.0,0.0,0.0,0.0,0.0,0.0,0.0,-1.037,-4.183,399.294,,,100666.984,,0.0,0.0,0.0,,96.372,0.782,0.245,,0.0,0.0,61.768,,197.175,0.83,,0.189,7442.358,414.326,0.0,0.0,0.782,61.768,0.245,197.175,0.83,0.189,,0.0,0.0,0.0,0.0,0.0,0.0,0.0,,0.0,0.0,0.0,0.0,0.0,0.0,0.0
Singapore,2000,SGP,4053602,153483296768.0,,,,,0.0,0.0,0.0,,628.276,,0.0,0.0,0.0,0.0,0.0,,0.0,0.0,0.0,0.0,,29.0,29.0,6.546,6.924,28.688,109289.078,2.886,6.937,28.688,7154.131,29.0,109096.141,442.232,100.0,,16.311,2.324,16.574,2444.739,9.91,4088.771,,0.0,0.0,0.0,34.172,,18.22,,,,0.0,0.0,,0.0,,0.0,,,0.0,0.0,,0.0,,0.0,0.0,,,,0.0,0.0,,0.0,,6.603,26.364,425.658,4709.392,19.09,105007.367,,0.0,0.0,0.0,65.828,,0.782,0.0,0.0,0.0,0.0,0.0,0.0,192.937,0.0,0.0,,7154.131,443.014,0.0,,,0.0,0.0,,0.0,,,0.0,0.0,0.0,0.0,0.0,0.0,,,0.0,0.0,0.0,0.0,0.0,0.0,
Singapore,2001,SGP,4121341,153706151936.0,,,,,0.0,0.0,0.0,,603.432,,0.0,0.0,0.0,0.0,0.0,,0.0,0.0,0.0,0.0,,32.05,32.05,6.401,13.026,57.706,121494.555,3.258,12.884,56.978,7776.595,32.05,121128.188,499.211,100.0,,162.796,26.982,43.556,3571.653,14.72,10568.525,,0.0,0.0,0.0,45.928,,19.34,,,,0.0,0.0,,0.0,,0.0,,,0.0,0.0,,0.0,,0.0,0.0,,,,0.0,0.0,,0.0,,7.047,29.996,455.654,4204.942,17.33,110559.664,,0.0,0.0,0.0,54.072,,1.51,0.0,0.0,93.061,0.728,0.0,0.0,366.364,0.0,0.0,,7776.595,500.72,0.0,,,0.0,0.0,,0.0,,,0.0,0.0,0.0,0.0,0.0,0.0,,,0.0,0.0,0.0,0.0,0.0,0.0,
Singapore,2002,SGP,4176799,161957806080.0,,,,,0.0,0.0,0.0,,586.042,,0.078,18.753,0.078,0.0,0.0,,0.0,0.0,0.0,0.0,,33.53,33.53,6.953,-3.691,-18.48,115456.867,2.978,-3.702,-18.48,8027.678,33.53,115095.367,480.73,100.0,,8.082,3.52,47.077,4357.404,18.2,11271.015,,0.0,0.0,0.0,54.28,,19.65,,,,0.0,0.0,,0.0,,0.0,,,0.0,0.0,,0.0,,0.0,0.0,,,,0.0,0.0,,0.0,,-4.846,-22.079,433.575,3670.275,15.33,103805.602,,0.0,0.0,0.0,45.72,,1.51,0.0,0.0,0.0,0.0,0.0,0.0,361.5,0.0,0.0,,8027.678,482.24,0.0,,,0.0,0.0,,0.0,,,0.0,0.0,0.0,0.0,0.0,0.0,,,0.0,0.0,0.0,0.0,0.0,0.0,
Singapore,2003,SGP,4226417,171018076160.0,,,,,0.0,0.0,0.0,,586.086,30.007,0.024,24.094,0.102,0.0,0.0,,0.0,0.0,0.0,0.0,,34.21,34.21,7.531,-5.799,-27.966,107484.375,2.656,-5.832,-28.037,8094.327,34.21,107110.508,452.694,100.0,,8.571,4.035,51.112,4393.793,18.57,12093.438,,0.0,0.0,0.0,54.282,,20.05,,,,0.0,0.0,,0.0,,0.0,,,0.0,0.0,,0.0,,0.0,0.0,,,,0.0,0.0,,0.0,,-7.402,-32.095,401.48,3700.534,15.64,94992.977,,0.0,0.0,0.0,45.718,,1.58,0.0,0.0,4.651,0.07,0.0,0.0,373.872,0.0,0.0,,8094.327,454.274,0.0,,,0.0,0.0,,0.0,,,0.0,0.0,0.0,0.0,0.0,0.0,,,0.0,0.0,0.0,0.0,0.0,0.0,
Singapore,2004,SGP,4270407,189425549312.0,,,,,0.0,0.0,0.0,,579.303,-21.026,-0.021,18.832,0.08,0.0,0.0,,0.0,0.0,0.0,0.0,,35.56,35.56,6.982,12.113,55.026,119262.508,2.689,12.166,55.077,8327.075,35.56,118904.438,507.77,100.0,,21.053,10.76,61.872,4784.087,20.43,14488.622,,0.0,0.0,0.0,57.452,,20.6,,,,0.0,0.0,,0.0,,0.0,,,0.0,0.0,,0.0,,0.0,0.0,,,,0.0,0.0,,0.0,,11.044,44.338,445.818,3542.988,15.13,104396.984,,0.0,0.0,0.0,42.548,,1.529,0.0,0.0,-3.232,-0.051,0.0,0.0,358.061,0.0,0.0,,8327.075,509.299,0.0,,,0.0,0.0,,0.0,,,0.0,0.0,0.0,0.0,0.0,0.0,,,0.0,0.0,0.0,0.0,0.0,0.0,
Singapore,2005,SGP,4344645,205871267840.0,,,,,0.0,0.0,0.0,,571.933,21.475,0.017,22.486,0.098,0.0,0.0,,0.0,0.0,0.0,0.0,,36.84,36.84,6.863,5.397,27.489,123551.641,2.607,5.414,27.493,8479.404,36.84,123200.688,535.263,100.0,,-0.022,-0.013,61.859,5178.789,22.5,14237.957,,0.0,0.0,0.0,61.075,,21.07,,,,0.0,0.0,,0.0,,0.0,,,0.0,0.0,,0.0,,0.0,0.0,,,,0.0,0.0,,0.0,,6.166,27.489,473.307,3300.615,14.34,108940.25,,0.0,0.0,0.0,38.925,,1.525,0.0,0.0,-0.28,-0.004,0.0,0.0,350.957,0.0,0.0,,8479.404,536.788,0.0,,,0.0,0.0,,0.0,,,0.0,0.0,0.0,0.0,0.0,0.0,,,0.0,0.0,0.0,0.0,0.0,0.0,
Singapore,2006,SGP,4486581,226597797888.0,,,,,0.0,0.0,0.0,,568.236,-40.476,-0.04,12.961,0.058,0.0,0.0,,0.0,0.0,0.0,0.0,,38.03,38.03,6.435,10.096,54.192,131721.672,2.608,10.127,54.204,8476.388,38.03,131384.594,589.468,100.0,,31.746,19.638,81.497,5324.767,23.89,18164.521,,0.0,0.0,0.0,62.819,,21.61,,,,0.0,0.0,,0.0,,0.0,,,0.0,0.0,,0.0,,0.0,0.0,,,,0.0,0.0,,0.0,,7.312,34.606,507.913,3151.62,14.14,113207.102,,0.0,0.0,0.0,37.181,,1.512,0.0,0.0,-0.815,-0.012,0.0,0.0,337.084,0.0,0.0,,8476.388,590.98,0.0,,,0.0,0.0,,0.0,,,0.0,0.0,0.0,0.0,0.0,0.0,,,0.0,0.0,0.0,0.0,0.0,0.0,
Singapore,2007,SGP,4663262,249987809280.0,,,,,0.0,0.0,0.0,,558.527,62.0,0.036,20.201,0.094,0.0,0.0,,0.0,0.0,0.0,0.0,,39.64,39.64,6.239,7.517,44.426,136257.906,2.542,7.526,44.363,8500.487,39.64,135920.0,633.831,100.0,,0.0,0.0,81.497,5725.606,26.7,17476.307,,0.0,0.0,0.0,67.356,,22.14,,,,0.0,0.0,,0.0,,0.0,,,0.0,0.0,,0.0,,0.0,0.0,,,,0.0,0.0,,0.0,,8.727,44.327,552.24,2774.881,12.94,118423.5,,0.0,0.0,0.0,32.644,,1.576,0.0,0.0,4.189,0.063,0.0,0.0,337.897,0.0,0.0,,8500.487,635.406,0.0,,,0.0,0.0,,0.0,,,0.0,0.0,0.0,0.0,0.0,0.0,,,0.0,0.0,0.0,0.0,0.0,0.0,
Singapore,2008,SGP,4838404,257280245760.0,,,,,0.0,0.0,0.0,,554.259,-39.506,-0.037,11.778,0.057,0.0,0.0,,0.0,0.0,0.0,0.0,,40.27,40.27,5.943,6.647,42.237,140055.125,2.634,6.65,42.149,8322.992,40.27,139711.312,675.98,100.0,,6.928,5.646,87.143,5776.698,27.95,18010.605,,0.0,0.0,0.0,69.407,,22.32,,,,0.0,0.0,,0.0,,0.0,,,0.0,0.0,,0.0,,0.0,0.0,,,,0.0,0.0,,0.0,,6.617,36.54,588.78,2546.294,12.32,121688.922,,0.0,0.0,0.0,30.593,,1.663,0.0,0.0,5.525,0.087,0.0,0.0,343.659,0.0,0.0,,8322.992,677.643,0.0,,,0.0,0.0,,0.0,,,0.001,0.001,0.0,0.0,0.172,0.0,,,0.0,0.0,0.0,0.0,0.0,0.0,
Singapore,2009,SGP,5010707,258565505024.0,,,,,0.0,0.0,0.0,,552.508,-18.367,-0.01,9.284,0.047,0.0,0.0,,0.0,0.0,0.0,0.0,,40.47,40.47,5.557,7.479,50.683,145354.047,2.817,7.494,50.66,8076.705,40.47,145017.359,726.64,100.0,,5.352,4.664,91.806,5675.846,28.44,18322.047,,0.0,0.0,0.0,70.274,,22.36,,,,0.0,0.0,,0.0,,0.0,,,0.0,0.0,,0.0,,0.0,0.0,,,,0.0,0.0,,0.0,,7.814,46.006,634.787,2400.859,12.03,126686.039,,0.0,0.0,0.0,29.726,,1.683,0.0,0.0,1.19,0.02,0.0,0.0,335.792,0.0,0.0,,8076.705,728.327,0.0,,,0.0,0.0,,0.0,,437.374,0.004,0.004,0.0,0.0,0.89,0.0,,,0.0,0.0,0.0,0.0,0.0,0.0,
Singapore,2010,SGP,5163585,301275578368.0,,,,,0.0,0.0,0.0,,552.149,95.0,0.044,17.568,0.091,0.0,0.0,,0.0,0.0,0.0,0.0,,43.05,43.05,5.567,6.177,44.989,149763.219,2.567,6.164,44.793,8337.23,43.05,149398.578,771.432,100.0,,-9.2,-8.446,83.361,5875.763,30.34,16143.934,,0.0,0.0,0.0,70.476,,23.77,,,,0.0,0.0,,0.0,,0.0,,,0.0,0.0,,0.0,,0.0,0.0,,,,0.0,0.0,,0.0,,8.38,53.194,687.981,2461.468,12.71,133237.078,,0.0,0.0,0.0,29.524,,1.874,0.0,0.0,11.398,0.192,0.0,0.0,362.99,0.0,0.0,,8337.23,773.315,0.0,,,0.0,0.0,,0.0,,93.358,0.004,0.009,0.0,0.0,1.659,0.0,,,0.0,0.0,0.0,0.0,0.0,0.0,
Singapore,2011,SGP,5281351,323579838464.0,,,,,0.0,0.0,0.0,,550.95,-17.949,-0.016,14.093,0.074,0.0,0.0,,0.0,0.0,0.0,0.0,,43.67,43.67,5.441,3.781,29.238,151959.906,2.48,3.782,29.176,8266.824,43.66,151591.547,800.608,99.977,,-0.587,-0.489,82.871,5862.136,30.96,15691.296,,0.0,0.0,0.0,70.895,,24.06,,,,0.0,0.0,,0.0,,0.0,,,1.893,0.01,,0.023,,0.0,0.0,,,,0.0,0.0,,0.0,,4.314,29.682,717.663,2404.688,12.7,135886.172,,0.0,0.0,0.0,29.082,,1.932,0.0,0.0,3.07,0.058,0.0,0.0,365.792,0.0,0.0,,8268.718,802.554,0.0,,,1.893,0.01,,0.023,,58.62,0.005,0.014,1.893,0.01,2.557,0.023,,,0.0,0.0,0.0,0.0,0.0,0.0,
Singapore,2012,SGP,5381003,336108421120.0,,,,,0.0,0.0,0.0,,542.004,289.063,0.215,53.817,0.29,0.0,0.0,,0.0,0.0,0.0,0.0,,44.52,44.52,5.535,0.222,1.78,149476.578,2.393,0.209,1.674,8271.692,44.51,149095.281,802.282,99.978,,7.758,6.429,89.3,6220.03,33.47,16595.42,,0.0,0.0,0.0,75.18,,24.13,,,,0.0,0.0,,0.0,,0.0,,,1.858,0.01,,0.022,,0.0,0.0,,,,0.0,0.0,,0.0,,-0.693,-4.97,712.693,2051.662,11.04,132446.047,,0.0,0.0,0.0,24.798,,2.029,0.0,0.0,5.045,0.097,0.0,0.0,377.128,0.0,0.0,,8273.551,804.334,0.0,,,1.858,0.01,,0.022,,67.375,0.009,0.022,1.858,0.01,4.175,0.022,,,0.0,0.0,0.0,0.0,0.0,0.0,
Singapore,2013,SGP,5478063,352915685376.0,,,,,25.556,0.14,0.307,,511.608,958.233,2.775,559.414,3.065,0.0,0.0,,0.0,0.0,0.0,0.0,,45.66,45.66,5.62,1.014,8.157,148317.188,2.302,0.987,7.922,8305.855,45.5,147899.703,810.204,99.65,,12.153,10.852,100.152,7404.077,40.56,18282.457,,0.0,0.0,0.0,88.83,,23.36,,,,0.0,0.0,,0.0,,0.0,,,29.207,0.16,,0.35,,0.0,0.0,,,,0.0,0.0,,0.0,,-0.801,-5.706,706.987,901.779,4.94,129057.836,,0.0,0.0,0.0,10.819,,2.253,0.14,0.0,11.011,0.223,25.556,0.0,411.237,0.307,0.0,,8335.063,812.491,0.0,,,29.207,0.16,,0.35,,53.253,0.012,0.034,3.651,0.02,6.247,0.044,,,0.0,0.0,0.0,0.0,0.0,0.0,
Singapore,2014,SGP,5570505,365521141760.0,,,,,43.084,0.24,0.511,,497.658,47.438,1.454,811.103,4.518,0.0,0.0,,0.0,0.0,0.0,0.0,,46.96,46.96,5.669,1.945,15.802,148692.516,2.266,1.931,15.648,8379.851,46.68,148254.438,825.852,99.404,,3.737,3.743,103.895,8006.456,44.6,18650.945,,0.0,0.0,0.0,94.974,,23.37,,,,0.0,0.0,,0.0,,0.0,,,50.265,0.28,,0.596,,0.0,0.0,,,,0.0,0.0,,0.0,,1.478,10.452,717.439,373.395,2.08,128792.391,,0.0,0.0,0.0,4.429,,2.367,0.24,0.0,5.064,0.114,43.084,0.0,424.892,0.511,0.0,,8430.115,828.292,0.0,,,50.265,0.28,,0.596,,116.096,0.039,0.074,7.181,0.04,13.196,0.085,,,0.0,0.0,0.0,0.0,0.0,0.0,
Singapore,2015,SGP,5650020,372585824256.0,,,,,60.177,0.34,0.71,,495.821,4.607,0.208,836.534,4.726,0.0,0.0,,0.0,0.0,0.0,0.0,,47.86,47.86,5.449,6.05,50.11,155468.984,2.358,6.033,49.827,8398.2,47.45,154986.828,875.679,99.143,,11.445,11.891,115.787,8060.148,45.54,20493.115,,0.0,0.0,0.0,95.153,,23.73,,,,0.0,0.0,,0.0,,0.0,,,72.566,0.41,,0.857,,0.0,0.0,,,,0.0,0.0,,0.0,,5.259,37.727,755.166,338.052,1.91,133657.172,,0.0,0.0,0.0,3.991,,2.593,0.34,0.0,9.554,0.226,60.177,0.0,458.933,0.71,0.0,,8470.767,878.403,0.0,,,72.566,0.41,,0.857,,79.608,0.058,0.131,12.389,0.07,23.228,0.146,,,0.0,0.0,0.0,0.0,0.0,0.0,
Singapore,2016,SGP,5711936,380027207680.0,,,,,66.527,0.38,0.774,,492.771,4.823,0.228,867.373,4.954,0.0,0.0,,0.0,0.0,0.0,0.0,,49.11,49.11,5.299,5.504,48.349,162248.219,2.439,5.513,48.277,8504.998,48.58,161758.797,923.956,98.921,,2.794,3.235,119.021,8254.645,47.15,20837.258,,0.0,0.0,0.0,96.009,,24.2,,,,0.0,0.0,,0.0,,0.0,,,92.788,0.53,,1.079,,0.0,0.0,,,,0.0,0.0,,0.0,,5.934,44.815,799.98,250.353,1.43,140054.156,,0.0,0.0,0.0,2.912,,2.559,0.38,0.0,-1.325,-0.034,66.527,0.0,447.945,0.774,0.0,,8597.785,926.751,0.0,,,92.788,0.53,,1.079,,81.58,0.106,0.237,26.261,0.15,41.473,0.305,,,0.0,0.0,0.0,0.0,0.0,0.0,
Singapore,2017,SGP,5764489,396507480064.0,,,,,65.921,0.38,0.764,,494.066,110.845,5.492,1812.141,10.446,0.0,0.0,,,,,0.0,,49.71,49.71,5.233,2.508,23.245,164801.438,2.396,2.515,23.24,8528.076,49.16,164315.641,947.196,98.894,,3.239,3.855,122.877,8222.759,47.4,21316.119,,,,,95.353,,24.56,,,,0.0,0.0,,0.0,,0.0,,,95.412,0.55,,1.106,,0.0,0.0,,,,0.0,0.0,,0.0,,1.737,13.893,813.873,305.318,1.76,141187.391,,,,,3.541,,2.474,0.38,0.0,-3.326,-0.085,65.921,0.0,429.099,0.764,0.0,,8623.487,949.996,0.0,,,95.412,0.55,,1.106,,38.758,0.09,0.327,29.491,0.17,56.687,0.342,,,0.0,0.0,0.0,0.0,0.0,0.0,
Singapore,2018,SGP,5814543,410139852800.0,,,,,73.952,0.43,0.851,,491.096,-46.849,-4.894,954.875,5.552,0.0,0.0,,,,,0.0,,50.54,50.54,5.315,0.088,0.837,163526.766,2.318,0.089,0.846,8576.771,49.87,163046.641,948.042,98.674,,-0.011,-0.014,122.863,8351.474,48.56,21130.262,,,,,96.082,,24.82,,,,0.0,0.0,,0.0,,0.0,,,115.228,0.67,,1.326,,0.0,0.0,,,,0.0,0.0,,0.0,,0.707,5.754,819.627,225.297,1.31,140961.516,,,,,2.592,,2.434,0.43,0.0,-1.597,-0.04,73.952,0.0,418.612,0.851,0.0,,8691.998,950.833,0.0,,,115.228,0.67,,1.326,,10.079,0.031,0.358,41.276,0.24,61.501,0.475,,,0.0,0.0,0.0,0.0,0.0,0.0,
Singapore,2019,SGP,5866408,,,,,,63.071,0.37,0.715,,490.143,-4.087,-0.227,907.756,5.325,0.0,0.0,,,,,0.0,,51.74,51.74,5.559,-2.112,-20.081,158657.891,,-2.134,-20.23,8686.746,50.96,158156.719,927.812,98.492,,2.137,2.625,125.488,8460.032,49.63,21390.912,,,,,95.922,,25.36,,,,0.0,0.0,,0.0,,0.0,,,132.96,0.78,,1.508,,0.0,0.0,,,,0.0,0.0,,0.0,,-2.761,-22.628,796.999,226.715,1.33,135858.062,,,,,2.571,,2.427,0.37,0.0,-0.291,-0.007,63.071,0.0,413.704,0.715,0.0,,8819.707,930.752,0.0,,,132.96,0.78,,1.508,,43.989,0.155,0.513,69.889,0.41,87.449,0.792,,,0.0,0.0,0.0,0.0,0.0,0.0,
Singapore,2020,SGP,5909874,,,,,,55.839,0.33,0.649,,489.483,-5.414,-0.288,852.294,5.037,0.0,0.0,,,,,0.0,,50.87,50.87,5.58,-2.054,-19.117,154256.297,,-2.063,-19.138,8467.186,50.04,153755.234,908.674,98.368,,0.395,0.496,125.984,8245.522,48.73,21317.477,,,,,95.793,,24.9,,,,0.0,0.0,,0.0,,0.0,,,140.443,0.83,,1.632,,0.0,0.0,,,,0.0,0.0,,0.0,,-2.427,-19.345,777.654,221.663,1.31,131585.469,,,,,2.575,,2.186,0.33,0.0,-9.924,-0.241,55.839,0.0,369.909,0.649,0.0,,8607.628,911.635,0.0,,,140.443,0.83,,1.632,,51.634,0.262,0.775,84.604,0.5,131.143,0.983,,,0.0,0.0,0.0,0.0,0.0,0.0,
Singapore,2021,SGP,5941063,,,,,,63.962,0.38,0.711,,487.937,7.158,0.361,908.505,5.397,0.0,0.0,,,,,0.0,,53.47,53.47,5.871,-0.099,-0.899,153295.156,,-0.124,-1.124,8823.337,52.42,152758.938,907.55,98.036,,5.981,7.535,133.519,8592.738,51.05,22473.852,,,,,95.474,,26.09,,,,0.0,0.0,,0.0,,0.0,,,176.736,1.05,,1.964,,0.0,0.0,,,,0.0,0.0,,0.0,,-1.16,-9.019,768.634,230.598,1.37,129376.586,,,,,2.562,,2.147,0.38,0.0,-1.77,-0.039,63.962,0.0,361.455,0.711,0.0,,9000.073,910.736,0.0,,,176.736,1.05,,1.964,,34.457,0.263,1.038,112.774,0.67,174.764,1.253,,,0.0,0.0,0.0,0.0,0.0,0.0,
Singapore,2022,SGP,5975689,,,,,,63.591,0.38,0.694,,488.775,-10.804,-0.583,805.652,4.814,0.0,0.0,,,,,0.0,,54.79,54.79,6.234,-3.492,-31.803,147084.844,,-3.698,-33.56,8947.923,53.47,146257.703,873.991,97.591,,-2.191,-2.925,130.594,8599.846,51.39,21854.154,,,,,93.794,,26.78,,,,0.0,0.0,,0.0,,0.0,,,220.895,1.32,,2.409,,0.0,0.0,,,,0.0,0.0,,0.0,,-3.91,-30.052,738.583,348.077,2.08,123597.898,,,,,3.796,,3.203,0.38,0.0,49.164,1.056,63.591,0.0,536.036,0.694,0.0,,9168.817,878.933,0.0,,,220.895,1.32,,2.409,,68.158,0.701,1.74,157.304,0.94,291.111,1.716,,,0.0,0.0,0.0,0.0,0.0,0.0,
Slovakia,1965,SVK,4363517,,,,0.0,0.0,,,,0.0,,,,16094.942,70.231,,,,,,,,65.737,,,,,,24483.969,,,,,,22977.555,100.263,,93.847,,,2.985,,,684.15,,,,,,2.794,,,,6.573,509.442,2.223,1506.414,,6.153,,,6.573,0.0,0.0,1506.414,,6.153,,,,,0.0,0.0,0.0,0.0,,0.0,,,27.047,,,6198.463,,,,,,25.316,,,,,,,,,,,,,106.836,,,6.573,,,1506.414,,6.153,,,,,,,,,,,,,,,,
Slovakia,1966,SVK,4400355,,,0.0,0.0,0.0,,,,0.0,,1.258,0.883,16160.908,71.114,,,,,,,,64.308,,,,3.508,3.747,25130.607,,4.011,4.022,,,23699.17,104.285,,94.304,11.215,0.335,3.32,,,754.507,,,,,,3.002,,-4.175,-0.274,6.299,484.086,2.13,1431.438,,5.696,-4.175,-0.274,6.299,0.0,0.0,1431.438,,5.696,,,,0.0,0.0,0.0,0.0,0.0,,0.0,10.366,2.804,29.851,,,6783.755,,,,,,26.994,,,,,,,,,,,,,110.584,-4.175,-0.274,6.299,,,1431.438,,5.696,,,,,,,,,,,,,,,,
Slovakia,1967,SVK,4433964,,,0.0,0.0,0.0,,,,0.0,,-3.573,-2.541,15465.414,68.573,,,,,,,,61.687,,,,0.525,0.58,25070.963,,1.421,1.482,,,23853.74,105.767,,95.145,19.888,0.66,3.98,,,897.707,,,,,,3.581,,-14.315,-0.902,5.397,411.643,1.825,1217.225,,4.855,-14.315,-0.902,5.397,0.0,0.0,1217.225,,4.855,,,,0.0,0.0,0.0,0.0,0.0,,0.0,11.263,3.362,33.213,,,7490.619,,,,,,29.878,,,,,,,,,,,,,111.164,-14.315,-0.902,5.397,,,1217.225,,4.855,,,,,,,,,,,,,,,,
Slovakia,1968,SVK,4463936,,,0.0,0.0,0.0,,,,0.0,,5.169,3.545,16155.671,72.118,,,,,,,,58.783,,,,10.364,11.521,27483.607,,11.313,11.966,,,26374.088,117.732,,95.963,123.885,4.931,8.911,,,1996.332,,,,,,7.264,,-8.232,-0.444,4.953,375.219,1.675,1109.518,,4.037,-8.232,-0.444,4.953,0.0,0.0,1109.518,,4.037,,,,0.0,0.0,0.0,0.0,0.0,,0.0,10.507,3.49,36.703,,,8222.085,,,,,,29.916,,,,,,,,,,,,,122.685,-8.232,-0.444,4.953,,,1109.518,,4.037,,,,,,,,,,,,,,,,
Slovakia,1969,SVK,4492217,,,0.0,0.0,0.0,,,,0.0,,5.184,3.738,16886.15,75.856,,,,,,,,59.209,,,,4.427,5.431,28519.625,,5.546,6.529,,,27661.455,124.261,,96.991,1.344,0.12,9.031,,,2010.422,,,,,,7.049,,-22.164,-1.098,3.855,290.218,1.304,858.172,,3.009,-22.164,-1.098,3.855,0.0,0.0,858.172,,3.009,,,,0.0,0.0,0.0,0.0,0.0,,0.0,7.277,2.671,39.374,,,8764.882,,,,,,30.733,,,,,,,,,,,,,128.116,-22.164,-1.098,3.855,,,858.172,,3.009,,,,,,,,,,,,,,,,
Slovakia,1970,SVK,4522872,,,0.0,0.0,0.0,,,,0.0,,0.813,0.617,16908.123,76.473,,,,,,,,53.956,,,,10.629,13.617,31337.059,,9.381,11.657,,,30051.303,135.918,,95.897,34.284,3.096,12.128,,,2681.372,,,,,,8.557,,50.847,1.96,5.815,434.82,1.967,1285.757,,4.103,50.847,1.96,5.815,0.0,0.0,1285.757,,4.103,,,,0.0,0.0,0.0,0.0,0.0,,0.0,20.175,7.944,47.317,,,10461.809,,,,,,33.385,,,,,,,,,,,,,141.734,50.847,1.96,5.815,,,1285.757,,4.103,,,,,,,,,,,,,,,,
Slovakia,1971,SVK,4557506,,,0.0,0.0,0.0,,,,0.0,,4.904,3.75,17602.551,80.224,,,,,,,,52.807,,,,7.187,10.187,33334.043,,8.562,11.637,,,32376.387,147.556,,97.127,25.531,3.096,15.224,,,3340.368,,,,,,10.021,,-24.948,-1.451,4.365,323.861,1.476,957.654,,2.873,-24.948,-1.451,4.365,323.861,1.476,957.654,,2.873,,,,0.0,0.0,0.0,0.0,0.0,,0.0,10.125,4.791,52.108,,,11433.467,,,,,,34.3,0.0,0.0,,,,0.0,,0.0,,,0.0,,151.92,-24.948,-1.451,4.365,323.861,1.476,957.654,,2.873,,,0.0,0.0,0.0,0.0,,0.0,,,0.0,0.0,0.0,0.0,,0.0
Slovakia,1972,SVK,4597162,,,0.0,0.0,0.0,,,,0.0,,1.783,1.43,17761.877,81.654,,,,,,,,51.109,,,,5.165,7.846,34753.191,,5.171,7.63,,,33756.926,155.186,,97.133,8.593,1.308,16.532,,,3596.132,,,,,,10.348,,4.743,0.207,4.572,336.294,1.546,994.419,,2.861,4.946,0.216,4.58,336.947,1.549,996.271,,2.867,,,,0.009,0.009,0.653,0.003,1.852,,0.005,9.388,4.892,57.0,,,12398.914,,,,,,35.677,0.0,0.0,,,0.0,0.0,,0.0,,,0.0,,159.766,4.743,0.207,4.572,336.294,1.546,994.419,,2.861,,0.0,0.0,0.0,0.0,0.0,,0.0,,0.0,0.0,0.0,0.0,0.0,,0.0
Slovakia,1973,SVK,4641292,,,0.0,0.0,0.0,,,,0.0,,-2.763,-2.256,17106.875,79.398,,,,,,,,47.768,,,,4.037,6.45,35812.477,,4.164,6.463,,,34828.387,161.649,,97.252,9.826,1.625,18.156,,,3911.949,,,,,,10.923,,-14.489,-0.662,3.909,284.834,1.322,842.252,,2.352,0.323,-0.013,4.567,334.821,1.554,984.089,,2.748,,,7633.333,0.65,0.658,49.986,0.232,141.836,,0.396,12.446,7.094,64.094,,,13809.562,,,,,,38.561,0.0,0.0,,,0.0,0.0,,0.0,,,0.0,,166.216,-14.489,-0.662,3.909,284.834,1.322,842.252,,2.352,,0.0,0.0,0.0,0.0,0.0,,0.0,,0.0,0.0,0.0,0.0,0.0,,0.0
Slovakia,1974,SVK,4688474,,,0.0,0.0,0.0,,,,0.0,,-0.337,-0.267,16877.672,79.131,,,,,,,,45.233,,,,5.247,8.722,37312.355,,3.302,5.337,,,35616.191,166.986,,95.454,21.919,3.98,22.136,,,4721.419,,,,,,12.654,,68.154,2.664,6.573,474.141,2.223,1402.031,,3.758,74.324,3.385,7.952,577.8,2.709,1696.164,,4.546,,,109.483,0.721,1.379,103.658,0.486,294.132,,0.788,2.535,1.625,65.719,,,14017.103,,,,,,37.567,0.0,0.0,,,0.0,0.0,,0.0,,,0.0,,174.938,68.154,2.664,6.573,474.141,2.223,1402.031,,3.758,,0.0,0.0,0.0,0.0,0.0,,0.0,,0.0,0.0,0.0,0.0,0.0,,0.0
Slovakia,1975,SVK,4737067,,,0.0,0.0,0.0,,,,0.0,,-0.426,-0.337,16633.342,78.793,,,,,,,,43.036,,,,4.657,8.148,38649.555,,5.779,9.649,,,37287.848,176.635,,96.477,14.484,3.206,25.342,,,5349.829,,,,,,13.842,,-9.942,-0.653,5.92,422.624,2.002,1249.696,,3.233,-19.195,-1.502,6.451,462.1,2.189,1361.709,,3.523,,,-61.523,-0.848,0.531,39.476,0.187,112.013,,0.29,10.317,6.78,72.499,,,15304.676,,,,,,39.599,0.0,0.0,,,0.0,0.0,,0.0,,,0.0,,183.086,-9.942,-0.653,5.92,422.624,2.002,1249.696,,3.233,,0.0,0.0,0.0,0.0,0.0,,0.0,,0.0,0.0,0.0,0.0,0.0,,0.0
Slovakia,1976,SVK,4786345,,,0.0,0.0,0.0,,,,0.0,,-0.886,-0.698,16316.301,78.095,,,,,,,,41.116,,,,3.743,6.852,39683.262,,3.441,6.078,,,38173.898,182.713,,96.196,10.404,2.637,27.979,,,5845.64,,,,,,14.731,,0.849,0.05,5.97,421.825,2.019,1247.332,,3.143,12.426,0.774,7.224,514.171,2.461,1509.365,,3.804,,,136.364,0.724,1.254,92.346,0.442,262.033,,0.66,5.71,4.139,76.639,,,16011.955,,,,,,40.349,0.0,0.0,,,0.0,0.0,,0.0,,,0.0,,189.938,0.849,0.05,5.97,421.825,2.019,1247.332,,3.143,,0.0,0.0,0.0,0.0,0.0,,0.0,,0.0,0.0,0.0,0.0,0.0,,0.0
Slovakia,1977,SVK,4835452,,,0.0,0.0,0.0,,,,0.0,,2.71,2.117,16588.336,80.212,,,,,,,,40.178,,,,5.108,9.702,41286.664,,5.19,9.482,,,39747.219,192.196,,96.271,13.649,3.819,31.798,,,6576.066,,,,,,15.928,,19.267,1.15,7.12,497.989,2.408,1472.547,,3.567,2.479,0.22,7.444,521.565,2.522,1539.444,,3.729,,,-74.208,-0.931,0.323,23.576,0.114,66.897,,0.162,4.628,3.547,80.185,,,16582.816,,,,,,40.165,0.0,0.0,,,0.0,0.0,,0.0,,,0.0,,199.64,19.267,1.15,7.12,497.989,2.408,1472.547,,3.567,,0.0,0.0,0.0,0.0,0.0,,0.0,,0.0,0.0,0.0,0.0,0.0,,0.0
Slovakia,1978,SVK,4883372,,,0.0,0.0,0.0,,,,0.0,,4.857,3.896,17223.379,84.108,,,,,,,,40.157,,,,4.914,9.811,42890.543,,5.474,10.521,,,41511.633,202.717,,96.785,12.05,3.832,35.63,,,7296.188,,,,,,17.011,,-6.188,-0.441,6.68,462.59,2.259,1367.874,,3.189,-9.675,-0.71,6.734,466.481,2.278,1378.914,,3.215,,,-83.333,-0.27,0.054,3.891,0.019,11.04,,0.026,3.483,2.793,82.979,,,16992.066,,,,,,39.617,0.0,0.0,,,0.0,0.0,,0.0,,,0.0,,209.45,-6.188,-0.441,6.68,462.59,2.259,1367.874,,3.189,,0.0,0.0,0.0,0.0,0.0,,0.0,,0.0,0.0,0.0,0.0,0.0,,0.0
Slovakia,1979,SVK,4930974,,,0.0,0.0,0.0,,,,0.0,,-1.645,-1.384,16776.439,82.724,,,,,,,,38.389,,,,2.884,6.041,43701.535,,0.548,1.111,,,41336.258,203.828,,94.588,3.197,1.139,36.769,,,7456.742,,,,,,17.063,,-16.6,-1.109,5.571,382.075,1.884,1129.791,,2.585,76.953,4.929,11.663,817.486,4.031,2365.276,,5.412,,,11200.001,6.038,6.092,435.411,2.147,1235.485,,2.827,1.634,1.356,84.335,,,17103.078,,,,,,39.136,0.0,0.0,,,0.0,0.0,,0.0,,,0.0,,215.491,-16.6,-1.109,5.571,382.075,1.884,1129.791,,2.585,,0.0,0.0,0.0,0.0,0.0,,0.0,,0.0,0.0,0.0,0.0,0.0,,0.0
Slovakia,1980,SVK,4973886,,,0.0,0.0,0.0,,,,0.0,,13.82,11.432,18930.164,94.156,,,,,,,,42.984,,,,1.652,3.56,44040.234,,-2.102,-4.285,,,40118.148,199.543,,91.094,-26.696,-9.816,26.953,,,5418.952,,,,,,12.305,,19.798,1.103,6.674,453.77,2.257,1341.793,,3.047,68.196,7.845,19.508,1363.119,6.78,3922.085,,8.906,,,110.666,6.742,12.834,909.349,4.523,2580.292,,5.859,-6.998,-5.901,78.433,,,15769.033,,,,,,35.806,0.0,0.0,,,0.0,0.0,,0.0,,,0.0,,219.051,19.798,1.103,6.674,453.77,2.257,1341.793,,3.047,,0.0,0.0,0.0,0.0,0.0,,0.0,,0.0,0.0,0.0,0.0,0.0,,0.0
Slovakia,1981,SVK,5011719,,,0.0,0.0,0.0,,,,0.0,,-2.68,-2.524,18283.699,91.633,,,,,,,,42.161,,,,-0.78,-1.709,43366.867,,-1.292,-2.579,,,39300.715,196.964,,90.624,3.831,1.033,27.986,,,5584.062,,,,,,12.876,,-12.893,-0.86,5.813,392.281,1.966,1159.969,,2.675,4.705,0.87,20.378,1416.48,7.099,4066.151,,9.376,,,13.487,1.731,14.565,1024.199,5.133,2906.181,,6.701,-1.387,-1.088,77.346,,,15432.953,,,,,,35.587,0.0,0.0,,,0.0,0.0,,0.0,,,0.0,,217.343,-12.893,-0.86,5.813,392.281,1.966,1159.969,,2.675,,0.0,0.0,0.0,0.0,0.0,,0.0,,0.0,0.0,0.0,0.0,0.0,,0.0
Slovakia,1982,SVK,5048149,,,0.0,0.0,0.0,,,,0.0,,1.79,1.64,18476.594,93.273,,,,,,,,43.379,,,,-1.07,-2.325,42593.418,,-1.838,-3.621,,,38299.797,193.343,,89.92,4.419,1.237,29.222,,,5788.755,,,,,,13.591,,-12.208,-0.71,5.104,341.908,1.726,1011.017,,2.374,6.578,1.296,21.675,1498.767,7.566,4293.624,,10.08,,,13.774,2.006,16.571,1156.86,5.84,3282.606,,7.707,-8.401,-6.498,70.848,,,14034.445,,,,,,32.95,0.0,0.0,,,0.0,0.0,,0.0,,,0.0,,215.018,-12.208,-0.71,5.104,341.908,1.726,1011.017,,2.374,,0.0,0.0,0.0,0.0,0.0,,0.0,,0.0,0.0,0.0,0.0,0.0,,0.0
Slovakia,1983,SVK,5082435,,,0.0,0.0,0.0,,,,0.0,,0.137,0.128,18377.121,93.401,,,,,,,,43.313,,,,0.289,0.621,42428.367,,-0.296,-0.572,,,37928.969,192.772,,89.395,2.692,0.787,30.009,,,5904.502,,,,,,13.916,,6.141,0.313,5.417,360.457,1.832,1065.868,,2.512,5.498,1.193,22.868,1570.507,7.982,4499.402,,10.605,,,5.308,0.88,17.451,1210.05,6.15,3433.534,,8.093,-2.098,-1.486,69.362,,,13647.343,,,,,,32.166,0.0,0.0,,,0.0,0.0,,0.0,,,0.0,,215.639,6.141,0.313,5.417,360.457,1.832,1065.868,,2.512,,0.0,0.0,0.0,0.0,0.0,,0.0,,0.0,0.0,0.0,0.0,0.0,,0.0
Slovakia,1984,SVK,5115048,,,0.0,0.0,0.0,,,,0.0,,6.375,5.955,19424.078,99.355,,,,,,,,42.771,,,,7.725,16.658,45414.504,,7.463,14.387,,,40499.805,207.158,,89.178,13.495,4.05,34.059,,,6658.588,,,,,,14.662,,-15.12,-0.819,4.598,304.005,1.555,898.939,,1.979,10.173,2.271,25.139,1719.241,8.794,4914.692,,10.822,,,17.707,3.09,20.541,1415.236,7.239,4015.753,,8.842,6.319,4.383,73.744,,,14417.143,,,,,,31.746,0.0,0.0,,,0.0,0.0,,0.0,,,0.0,,232.297,-15.12,-0.819,4.598,304.005,1.555,898.939,,1.979,,0.0,0.0,0.0,0.0,0.0,,0.0,,0.0,0.0,0.0,0.0,0.0,,0.0
Slovakia,1985,SVK,5146573,60783828992.0,,0.0,0.0,0.0,,,,0.0,,-0.796,-0.791,19151.434,98.564,,,,,,,,41.125,,22.506,9.391,3.173,7.37,46568.305,3.943,-0.18,-0.373,,,40179.293,206.786,,86.28,2.757,0.939,34.998,,,6800.253,,,,,,14.603,,36.141,1.662,6.26,411.342,2.117,1216.333,9.406,2.612,30.76,7.743,32.882,2234.302,11.499,6389.011,51.093,13.72,,,29.604,6.081,26.622,1822.961,9.382,5172.678,41.687,11.108,-0.706,-0.521,73.223,,,14227.607,,,,,,30.552,0.0,0.0,,,0.0,0.0,,0.0,0.0,,0.0,4373.007,239.667,36.141,1.662,6.26,411.342,2.117,1216.333,9.406,2.612,,0.0,0.0,0.0,0.0,0.0,0.0,0.0,,0.0,0.0,0.0,0.0,0.0,0.0,0.0
Slovakia,1986,SVK,5175412,63316652032.0,,0.0,0.0,0.0,,,,0.0,,-7.634,-7.525,17590.799,91.04,,,,,,,,38.317,,24.168,10.172,-0.865,-2.074,45908.125,3.752,-3.573,-7.389,,,38527.594,199.396,,83.923,7.103,2.486,37.484,,,7242.708,,,,,,15.777,,-20.879,-1.307,4.953,323.646,1.675,957.017,6.931,2.085,16.454,5.316,38.197,2587.427,13.391,7380.529,55.408,16.077,,,24.877,6.623,33.244,2263.781,11.716,6423.513,48.477,13.992,-3.211,-2.351,70.873,,,13694.089,,,,,,29.829,0.0,0.0,,,0.0,0.0,,0.0,0.0,,0.0,4669.773,237.593,-20.879,-1.307,4.953,323.646,1.675,957.017,6.931,2.085,,0.0,0.0,0.0,0.0,0.0,0.0,0.0,,0.0,0.0,0.0,0.0,0.0,0.0,0.0
Slovakia,1987,SVK,5201175,64851091456.0,,0.0,0.0,0.0,,,,0.0,,5.046,4.594,18386.9,95.633,,,,,,,,39.362,,23.629,9.726,2.258,5.364,46711.984,3.746,2.598,5.18,,,39332.648,204.576,,84.202,5.622,2.108,39.591,,,7612.03,,,,,,16.296,,15.343,0.76,5.713,371.455,1.932,1098.387,8.176,2.351,0.403,0.184,38.381,2584.993,13.445,7379.334,56.9,15.798,,,-1.733,-0.576,32.668,2213.538,11.513,6280.948,48.724,13.446,-2.147,-1.522,69.351,,,13333.718,,,,,,28.545,0.0,0.0,,,0.0,0.0,,0.0,0.0,,0.0,4543.012,242.957,15.343,0.76,5.713,371.455,1.932,1098.387,8.176,2.351,,0.0,0.0,0.0,0.0,0.0,0.0,0.0,,0.0,0.0,0.0,0.0,0.0,0.0,0.0
Slovakia,1988,SVK,5224911,66120765440.0,,0.0,0.0,0.0,,,,0.0,,4.22,4.036,19075.75,99.669,,,,,,,,40.819,,23.039,9.436,0.5,1.214,46732.137,3.693,0.903,1.848,,,39507.68,206.424,,84.541,-1.579,-0.625,38.966,,,7457.83,,,,,,15.959,,-9.161,-0.523,5.19,335.891,1.755,993.226,7.618,2.125,-1.607,-0.634,37.747,2531.909,13.229,7224.46,57.42,15.459,,,-0.339,-0.111,32.558,2196.018,11.474,6231.234,49.803,13.334,-2.253,-1.562,67.788,,,12974.097,,,,,,27.763,0.0,0.0,,,0.0,0.0,,0.0,0.0,,0.0,4409.453,244.171,-9.161,-0.523,5.19,335.891,1.755,993.226,7.618,2.125,,0.0,0.0,0.0,0.0,0.0,0.0,0.0,,0.0,0.0,0.0,0.0,0.0,0.0,0.0
Slovakia,1989,SVK,5245120,66785525760.0,,0.0,0.0,0.0,,,,0.0,,-3.547,-3.536,18328.195,96.134,,,,,,,,38.814,,24.07,9.718,1.435,3.505,47220.273,3.709,0.462,0.955,,,39537.465,207.379,,83.73,13.06,5.089,44.055,,,8399.33,,,,,,17.788,,11.795,0.612,5.802,374.062,1.962,1106.097,8.151,2.342,6.728,2.55,40.297,2691.835,14.119,7682.813,58.658,16.27,,,5.953,1.938,34.496,2317.773,12.157,6576.716,50.507,13.928,-0.883,-0.599,67.19,,,12809.936,,,,,,27.128,0.0,0.0,,,0.0,0.0,,0.0,0.0,,0.0,4589.028,247.676,11.795,0.612,5.802,374.062,1.962,1106.097,8.151,2.342,,0.0,0.0,0.0,0.0,0.0,0.0,0.0,,0.0,0.0,0.0,0.0,0.0,0.0,0.0
Slovakia,1990,SVK,5261310,65119608832.0,,0.0,0.0,0.0,0.0,0.0,0.0,0.0,,-5.261,-5.057,17310.537,91.076,1425.5,7.5,,,,,29.423,36.672,30.69,25.49,10.264,0.274,0.678,47203.785,3.814,0.609,1.264,2199.072,11.57,39655.953,208.642,45.39,84.01,34.315,15.118,59.173,345.921,1.82,11246.818,,,,,7.14,23.826,,-4.179,-0.242,5.559,357.325,1.88,1056.608,7.375,2.238,-1.438,-0.586,39.711,2645.729,13.92,7547.829,54.61,15.99,5.2,16.944,-0.995,-0.343,34.152,2288.403,12.04,6491.222,47.234,13.751,-13.092,-8.796,58.393,427.65,2.25,11098.602,,,,,8.827,23.512,0.0,0.0,0.0,,0.0,0.0,0.0,0.0,0.0,0.0,0.0,4844.801,248.354,-4.179,-0.242,5.559,357.325,1.88,1056.608,7.375,2.238,,0.0,0.0,0.0,0.0,0.0,0.0,0.0,,0.0,0.0,0.0,0.0,0.0,0.0,0.0
Slovakia,1991,SVK,5280230,55497322496.0,,0.0,0.0,0.0,0.0,0.0,0.0,0.0,,-11.134,-10.14,15328.055,80.936,1126.845,5.95,,,,,24.526,36.427,28.6,24.26,10.919,-10.536,-26.165,42079.309,4.004,-11.4,-23.785,2113.544,11.16,35009.32,184.857,46.002,83.198,-11.059,-6.544,52.629,401.498,2.12,9967.18,,,,,8.739,23.687,,-25.106,-1.396,4.163,267.034,1.41,788.496,5.812,1.874,-5.885,-2.38,37.331,2480.952,13.1,7069.986,53.998,16.802,4.34,15.175,-2.883,-0.985,33.168,2213.919,11.69,6281.49,48.186,14.928,-12.16,-7.101,51.293,585.202,3.09,9714.089,,,,,12.737,23.085,0.0,0.0,0.0,,0.0,0.0,0.0,0.0,0.0,0.0,0.0,4594.497,222.188,-25.106,-1.396,4.163,267.034,1.41,788.496,5.812,1.874,,0.0,0.0,0.0,0.0,0.0,0.0,0.0,,0.0,0.0,0.0,0.0,0.0,0.0,0.0
Slovakia,1992,SVK,5301897,51833806848.0,,0.0,0.0,0.0,0.0,0.0,0.0,0.0,,-10.906,-8.827,13600.584,72.109,1363.663,7.23,,,,,31.11,33.736,26.71,23.24,10.873,-3.801,-8.446,40314.297,4.124,-4.434,-8.197,1933.27,10.25,33320.156,176.66,44.105,82.651,9.994,5.259,57.888,164.092,0.87,10918.45,,,,,3.744,27.083,,37.571,1.564,5.728,365.907,1.94,1080.309,8.348,2.68,-0.84,-0.249,37.082,2450.066,12.99,6994.143,55.895,17.349,3.47,12.991,-5.467,-1.813,31.355,2084.16,11.05,5913.834,47.547,14.669,-9.027,-4.63,46.663,405.515,2.15,8801.121,,,,,9.251,21.831,0.0,0.0,0.0,,0.0,0.0,0.0,0.0,0.0,0.0,0.0,4383.336,213.742,37.571,1.564,5.728,365.907,1.94,1080.309,8.348,2.68,,0.0,0.0,0.0,0.0,0.0,0.0,0.0,,0.0,0.0,0.0,0.0,0.0,0.0,0.0
Slovakia,1993,SVK,5321863,55429943296.0,,0.0,0.0,0.0,0.0,0.0,0.0,0.0,,-1.276,-0.92,13376.697,71.189,1080.449,5.75,,,2081.946,11.08,23.909,33.903,25.47,24.05,11.454,-1.762,-3.766,39455.375,3.788,-5.393,-9.527,1708.048,9.09,31404.893,167.133,37.796,79.596,-0.971,-0.562,57.326,221.727,1.18,10771.886,,,478.182,2.545,4.906,27.301,,78.988,4.524,10.252,652.027,3.47,1926.371,14.428,4.882,15.138,5.761,42.844,2811.046,14.96,8050.484,62.204,20.404,1.42,5.575,3.946,1.237,32.592,2159.018,11.49,6124.114,47.775,15.522,-17.242,-8.046,38.617,405.873,2.16,7256.31,,,162.44,0.864,8.981,18.391,0.0,0.0,0.0,,0.0,0.0,0.0,0.0,0.0,0.0,0.0,4519.094,209.976,78.988,4.524,10.252,652.027,3.47,1926.371,14.428,4.882,,0.0,0.0,0.0,0.0,0.0,0.0,0.0,,0.0,0.0,0.0,0.0,0.0,0.0,0.0
Slovakia,1994,SVK,5338814,58743312384.0,,0.0,0.0,0.0,0.0,0.0,0.0,0.0,,-10.808,-7.694,11893.012,63.495,910.315,4.86,2.453,0.272,2126.239,11.352,19.081,30.697,25.9,25.47,12.314,-1.492,-3.133,38743.297,3.521,-5.328,-8.905,1593.987,8.51,29637.119,158.227,33.412,76.496,-4.523,-2.593,54.734,410.203,2.19,10252.043,15.415,0.392,550.142,2.937,8.598,26.461,,25.613,2.626,12.878,816.661,4.36,2412.088,17.118,6.226,13.355,5.773,48.616,3176.736,16.96,9106.178,66.588,23.504,0.43,1.66,9.655,3.147,35.739,2360.075,12.6,6694.09,49.47,17.278,3.578,1.382,39.999,273.469,1.46,7492.065,0.0,0.0,161.924,0.864,5.732,19.338,0.0,0.0,0.0,,0.0,0.0,0.0,0.0,0.0,0.0,0.0,4770.722,206.843,25.613,2.626,12.878,816.661,4.36,2412.088,17.118,6.226,,0.0,0.0,0.0,0.0,0.0,0.0,0.0,,0.0,0.0,0.0,0.0,0.0,0.0,0.0
Slovakia,1995,SVK,5349999,63231098880.0,,0.0,0.0,0.0,0.0,0.0,0.0,0.0,,-0.289,-0.183,11833.877,63.311,1205.608,6.45,3.44,0.39,2194.778,11.742,24.404,30.184,27.81,26.43,12.601,1.405,2.906,39205.477,3.317,2.932,4.639,1889.72,10.11,30442.346,162.867,38.252,77.648,10.857,5.942,60.676,444.86,2.38,11341.311,16.347,0.48,638.732,3.417,9.005,28.928,,12.055,1.552,14.43,912.15,4.88,2697.217,18.464,6.88,-3.735,-1.733,46.883,3050.468,16.32,8763.135,61.748,22.352,1.38,4.962,-9.194,-3.286,32.453,2138.318,11.44,6065.918,43.284,15.472,-2.799,-1.119,38.879,239.252,1.28,7267.157,7.692,0.066,174.015,0.931,4.843,18.536,0.0,0.0,0.0,,0.0,0.0,0.0,0.0,0.0,0.0,0.0,4940.188,209.749,12.055,1.552,14.43,912.15,4.88,2697.217,18.464,6.88,,0.0,0.0,0.0,0.0,0.0,0.0,0.0,,0.0,0.0,0.0,0.0,0.0,0.0,0.0
Slovakia,1996,SVK,5358288,67359354880.0,,0.0,0.0,0.0,0.0,0.0,0.0,0.0,,-1.622,-1.027,11623.877,62.284,1099.232,5.89,1.862,0.219,2232.191,11.961,23.134,29.49,28.98,25.46,12.055,0.693,1.453,39416.023,3.135,2.405,3.918,1862.535,9.98,31126.365,166.784,39.199,78.969,5.39,3.27,63.946,436.707,2.34,11934.082,-8.621,-0.295,582.763,3.123,9.191,30.277,,-13.381,-1.931,12.499,789.431,4.23,2332.684,16.614,5.918,-5.154,-2.464,44.418,2888.982,15.48,8289.662,60.801,21.031,3.52,12.146,-1.644,-0.533,31.919,2099.551,11.25,5956.978,44.187,15.113,4.307,1.674,40.554,326.597,1.75,7568.405,14.599,0.136,199.111,1.067,6.874,19.201,0.0,0.0,0.0,,0.0,0.0,0.0,0.0,0.0,0.0,0.0,4751.518,211.202,-13.381,-1.931,12.499,789.431,4.23,2332.684,16.614,5.918,,0.0,0.0,0.0,0.0,0.0,0.0,0.0,,0.0,0.0,0.0,0.0,0.0,0.0,0.0
Slovakia,1997,SVK,5365829,71293222912.0,,0.0,0.0,0.0,0.0,0.0,0.0,0.0,,-6.089,-3.793,10900.707,58.491,1172.233,6.29,2.246,0.269,2279.119,12.229,25.12,28.213,29.09,25.04,12.078,-1.838,-3.881,38637.348,2.908,-1.739,-2.9,1846.872,9.91,30542.227,163.884,39.577,79.048,1.477,0.944,64.89,434.229,2.33,12093.284,-7.962,-0.249,535.611,2.874,9.305,31.299,,-3.856,-0.482,12.017,756.64,4.06,2239.58,16.214,5.796,-2.19,-0.981,43.437,2819.695,15.13,8095.115,60.423,20.952,4.05,13.922,-1.565,-0.499,31.42,2063.055,11.07,5855.536,44.209,15.155,-0.126,-0.051,40.503,240.41,1.29,7548.238,-6.506,-0.069,185.895,0.997,5.152,19.536,0.0,0.0,0.0,,0.0,0.0,0.0,0.0,0.0,0.0,0.0,4666.567,207.321,-3.856,-0.482,12.017,756.64,4.06,2239.58,16.214,5.796,,0.0,0.0,0.0,0.0,0.0,0.0,0.0,,0.0,0.0,0.0,0.0,0.0,0.0,0.0
Slovakia,1998,SVK,5371086,73994518528.0,,0.0,0.0,0.0,0.0,0.0,0.0,0.0,,-8.935,-5.226,9917.051,53.265,1091.027,5.86,0.92,0.112,2297.825,12.342,22.775,25.422,27.02,25.73,12.28,1.061,2.2,39009.043,2.832,0.42,0.688,1874.854,10.07,30640.504,164.573,39.137,78.547,1.612,1.046,65.937,437.528,2.35,12276.241,-10.035,-0.288,481.393,2.586,9.133,31.47,,4.995,0.6,12.617,794.997,4.27,2349.147,16.595,6.022,3.462,1.511,44.948,2915.612,15.66,8368.535,60.863,21.453,1.29,4.774,2.899,0.911,32.331,2120.614,11.39,6019.387,44.267,15.431,12.019,4.868,45.371,346.299,1.86,8447.215,-20.0,-0.199,148.57,0.798,7.229,21.655,0.0,0.0,0.0,,0.0,0.0,0.0,0.0,0.0,0.0,0.0,4790.465,209.521,4.995,0.6,12.617,794.997,4.27,2349.147,16.595,6.022,,0.0,0.0,0.0,0.0,0.0,0.0,0.0,,0.0,0.0,0.0,0.0,0.0,0.0,0.0
Slovakia,1999,SVK,5374617,73685016576.0,,0.0,0.0,0.0,0.0,0.0,0.0,0.0,,-0.546,-0.291,9856.43,52.975,1187.061,6.38,-5.138,-0.634,2178.332,11.708,22.697,25.072,28.67,28.11,13.304,0.846,1.772,39313.191,2.868,-2.266,-3.729,1957.349,10.52,29926.613,160.844,37.424,76.124,1.21,0.798,66.735,567.482,3.05,12416.652,-18.077,-0.467,394.113,2.118,10.85,31.584,,4.851,0.612,13.23,831.687,4.47,2461.491,15.902,6.261,12.324,5.501,50.449,3272.791,17.59,9386.576,62.576,23.876,0.56,1.953,15.122,4.889,37.22,2441.104,13.12,6925.085,46.674,17.615,-9.336,-4.236,41.135,202.805,1.09,7653.534,-25.0,-0.199,111.354,0.598,3.878,19.468,0.0,0.0,0.0,,0.0,0.0,0.0,0.0,0.0,0.0,0.0,5230.14,211.293,4.851,0.612,13.23,831.687,4.47,2461.491,15.902,6.261,,0.0,0.0,0.0,0.0,0.0,0.0,0.0,,0.0,0.0,0.0,0.0,0.0,0.0,0.0
Slovakia,2000,SVK,5376700,74412965888.0,,0.0,0.0,0.0,0.0,0.0,0.0,0.0,229.37,-6.079,-3.221,9253.625,49.754,1037.811,5.58,-2.668,-0.312,2119.391,11.395,18.129,22.797,28.08,30.78,14.103,3.291,6.954,40591.293,2.933,-1.893,-3.045,1800.361,9.68,29348.623,157.799,31.449,72.303,0.667,0.445,67.18,621.199,3.34,12494.606,-18.864,-0.4,319.644,1.719,10.851,30.781,7.06,3.152,0.417,13.647,857.403,4.61,2538.082,14.977,6.253,19.999,9.999,60.448,3924.34,21.1,11242.672,68.551,27.697,-2.7,-9.615,25.745,9.582,46.802,3066.937,16.49,8704.591,53.574,21.444,-0.656,-0.27,40.865,141.351,0.76,7600.39,11.415,0.068,124.018,0.667,2.469,18.724,0.0,0.0,0.0,,0.0,0.0,0.0,0.0,0.0,0.0,0.0,5724.701,218.247,3.152,0.417,13.647,857.403,4.61,2538.082,14.977,6.253,,0.0,0.0,0.0,0.0,0.0,0.0,0.0,,0.0,0.0,0.0,0.0,0.0,0.0,0.0
Slovakia,2001,SVK,5376457,76717629440.0,,0.339,63.084,0.339,27.899,0.15,0.471,0.151,227.458,3.384,1.684,9567.187,51.438,1082.497,5.82,-6.14,-0.7,1989.343,10.696,18.285,22.906,28.15,31.83,14.175,2.892,6.311,41766.941,2.927,2.053,3.239,1794.862,9.65,29952.443,161.038,30.317,71.713,6.785,4.558,71.738,502.189,2.7,13342.987,13.413,0.231,362.534,1.949,8.483,31.946,7.24,6.761,0.828,14.474,916.961,4.93,2692.197,15.489,6.446,6.699,3.072,63.52,4125.394,22.18,11814.497,69.683,28.287,-3.68,-13.073,3.692,1.413,48.215,3180.533,17.1,8967.78,53.723,21.471,-7.347,-3.003,37.862,210.176,1.13,7042.271,-0.273,-0.002,123.685,0.665,3.55,16.861,0.492,0.15,0.0,,0.492,27.899,0.0,91.436,0.471,0.0,0.219,5920.255,224.558,17.447,1.659,15.305,944.86,5.08,2846.716,15.96,6.816,,0.0,0.0,0.0,0.0,0.0,0.0,0.0,,0.0,0.0,0.0,0.0,0.0,0.0,0.0
Slovakia,2002,SVK,5375206,80015532032.0,-90.91,-0.308,5.735,0.031,27.906,0.15,0.466,0.014,206.029,-3.137,-1.614,9269.189,49.824,958.103,5.15,-0.584,-0.062,1978.183,10.633,16.004,22.004,28.02,32.18,14.212,0.832,1.869,42124.301,2.83,-0.489,-0.788,1639.007,8.81,29812.766,160.25,27.377,70.773,-4.88,-3.501,68.237,466.959,2.51,12694.816,-3.673,-0.072,349.297,1.878,7.8,30.137,6.63,6.921,0.902,15.376,980.428,5.27,2860.62,16.377,6.791,3.91,2.657,66.177,4347.74,23.37,12311.537,72.623,29.227,-4.16,-14.847,4.97,2.07,50.285,3339.407,17.95,9354.914,55.78,22.208,11.426,4.326,42.189,213.945,1.15,7848.76,0.0,0.0,123.714,0.665,3.574,18.632,0.485,0.15,0.0,-1.299,-0.006,27.906,0.0,90.269,0.466,0.0,0.214,5986.748,226.427,0.566,0.587,15.892,1008.333,5.42,2956.624,16.843,7.019,,0.0,0.0,0.0,0.0,0.0,0.0,0.0,,0.0,0.0,0.0,0.0,0.0,0.0,0.0
Slovakia,2003,SVK,5374381,84169826304.0,-33.333,-0.01,3.824,0.021,18.607,0.1,0.323,0.009,232.235,8.363,4.167,10045.922,53.991,1108.965,5.96,-9.019,-0.959,1800.051,9.674,19.251,24.554,28.7,30.96,14.08,-2.89,-6.544,40913.172,2.612,-0.322,-0.516,1771.367,9.52,29721.301,159.734,30.749,72.645,-3.386,-2.31,65.927,446.563,2.4,12266.901,14.669,0.275,400.597,2.153,7.752,29.983,7.19,-33.941,-5.284,10.092,647.516,3.48,1877.878,11.24,4.59,-8.282,-6.028,60.149,3989.297,21.44,11191.872,69.251,27.355,-2.26,-7.875,-0.496,-0.57,49.715,3323.173,17.86,9250.287,57.687,22.61,-5.624,-2.373,39.816,215.839,1.16,7408.478,25.5,0.17,155.284,0.835,3.747,18.108,0.316,0.1,0.0,-34.868,-0.169,18.607,0.0,58.803,0.323,0.0,0.144,5760.663,219.883,-33.927,-5.458,10.435,666.123,3.58,1941.584,11.563,4.746,,0.0,0.0,0.0,0.0,0.0,0.0,0.0,,0.006,0.006,0.0,0.0,1.079,0.0,0.003
Slovakia,2004,SVK,5374932,88408940544.0,-50.0,-0.01,1.912,0.01,3.721,0.02,0.066,0.005,229.228,-1.915,-1.034,9852.568,52.957,1056.758,5.68,-4.682,-0.453,1715.597,9.221,18.654,24.626,28.59,30.45,14.16,-2.201,-4.84,40008.508,2.432,-2.302,-3.677,1728.394,9.29,29034.072,156.056,30.509,72.57,-3.004,-1.981,63.946,450.238,2.42,11897.174,-14.735,-0.317,341.533,1.836,7.947,29.737,6.98,17.816,1.722,11.815,762.8,4.1,2198.125,13.465,5.494,-1.413,-1.163,58.987,3936.794,21.16,10974.436,69.491,27.43,-1.86,-6.506,-4.691,-2.634,47.081,3168.412,17.03,8759.304,55.928,21.894,-1.666,-0.663,39.153,221.398,1.19,7284.33,-31.446,-0.262,106.442,0.572,3.908,18.207,0.064,0.02,0.0,-79.798,-0.252,3.721,0.0,11.878,0.066,0.0,0.03,5665.188,215.043,14.847,1.471,11.906,768.382,4.13,2215.132,13.563,5.537,,0.0,0.0,0.0,0.0,0.0,0.0,0.0,200.0,0.011,0.017,1.86,0.01,3.217,0.033,0.008
Slovakia,2005,SVK,5376251,94173028352.0,1000.161,0.103,21.029,0.113,5.58,0.03,0.096,0.05,216.656,-7.295,-3.863,9131.617,49.094,1030.458,5.54,-14.939,-1.378,1458.946,7.844,17.677,21.697,28.07,31.34,13.851,5.22,11.224,42086.473,2.403,5.12,7.99,1661.009,8.93,30513.031,164.046,28.494,72.501,7.353,4.702,68.649,405.487,2.18,12768.889,-10.992,-0.202,303.917,1.634,6.956,30.34,6.79,13.122,1.466,13.281,863.055,4.64,2470.218,14.805,5.869,6.397,3.235,62.222,4168.332,22.41,11573.442,71.506,27.499,-3.27,-11.649,4.117,1.628,48.709,3297.837,17.73,9060.0,56.573,21.527,18.263,7.15,46.303,225.064,1.21,8612.523,-18.638,-0.107,86.583,0.465,3.861,20.464,0.102,0.03,0.0,60.0,0.038,5.58,0.0,19.0,0.096,0.0,0.045,5829.341,226.267,15.782,1.607,13.513,870.495,4.68,2513.443,14.933,5.972,,0.0,0.0,0.0,0.0,0.0,0.0,0.0,0.0,-0.0,0.017,1.86,0.01,3.196,0.032,0.008
Slovakia,2006,SVK,5377239,101914034176.0,313.167,0.354,86.867,0.467,74.388,0.4,1.282,0.212,209.228,4.287,2.105,9521.37,51.199,987.496,5.31,-12.346,-0.968,1278.594,6.875,17.014,23.253,28.88,31.21,14.175,-2.691,-6.089,40946.383,2.16,-4.462,-7.321,1560.28,8.39,29146.037,156.725,26.882,71.181,-8.892,-6.104,62.545,355.201,1.91,11631.388,39.352,0.643,423.438,2.277,6.12,28.406,6.53,-5.153,-0.764,12.517,818.264,4.4,2327.762,14.098,5.685,3.404,1.232,63.453,4243.813,22.82,11800.346,73.118,28.819,-2.33,-8.068,1.608,0.472,49.181,3349.302,18.01,9146.081,57.706,22.337,-7.173,-3.321,42.982,217.584,1.17,7993.28,-11.429,-0.053,76.673,0.412,3.749,19.521,1.271,0.4,0.0,1144.731,1.169,74.388,0.0,236.46,1.282,0.0,0.577,5804.094,220.178,10.051,0.76,14.273,894.511,4.81,2654.264,15.412,6.482,,0.0,0.0,0.0,0.0,0.0,0.0,0.0,0.0,-0.0,0.017,1.86,0.01,3.175,0.032,0.008
Slovakia,2007,SVK,5378381,112674938880.0,47.885,0.224,128.436,0.691,87.387,0.47,1.689,0.334,213.079,-10.388,-5.319,8530.455,45.88,892.462,4.8,-4.089,-0.281,1226.051,6.594,17.248,22.204,29.56,27.83,13.469,-6.154,-13.55,38418.406,1.834,-4.157,-6.515,1407.487,7.57,27928.426,150.21,27.201,72.695,-5.365,-3.356,59.189,301.206,1.62,11004.984,-38.272,-0.871,261.325,1.406,5.821,28.645,5.93,1.182,0.069,12.586,827.387,4.45,2340.061,15.99,6.091,-9.985,-7.034,56.419,3766.933,20.26,10489.982,72.799,27.305,1.73,5.853,-14.868,-7.574,41.607,2850.3,15.33,7735.947,55.084,20.136,5.023,2.159,45.141,213.819,1.15,8392.987,-22.581,-0.093,59.347,0.319,4.132,21.846,1.513,0.47,0.0,19.002,0.242,87.387,0.0,281.331,1.689,0.0,0.732,5174.419,206.629,6.705,0.54,14.812,916.633,4.93,2754.034,17.715,7.169,,0.0,0.0,0.0,0.0,0.0,0.0,0.0,33.333,0.006,0.023,1.859,0.01,4.206,0.036,0.011
Slovakia,2008,SVK,5381641,118765707264.0,21.498,0.149,155.954,0.839,96.625,0.52,1.81,0.396,204.316,-0.272,-0.125,8502.093,45.755,867.765,4.67,14.78,0.975,1406.406,7.569,16.255,21.561,29.25,28.73,13.539,2.7,5.58,39431.949,1.787,2.063,3.099,1386.194,7.46,28487.32,153.309,25.966,72.244,1.513,0.895,60.084,299.165,1.61,11164.671,-19.561,-0.275,210.081,1.131,5.604,28.314,5.87,-9.249,-1.235,11.351,750.7,4.04,2109.163,14.062,5.349,5.477,2.481,58.9,3952.326,21.27,10944.629,74.034,27.756,0.52,1.778,8.928,3.433,45.04,3103.143,16.7,8369.19,58.127,21.224,5.158,2.328,47.469,219.264,1.18,8820.557,-12.26,-0.039,52.04,0.28,4.107,22.369,1.65,0.52,0.0,9.072,0.137,96.625,0.0,306.667,1.81,0.0,0.778,5338.52,212.209,-3.933,-0.952,13.86,849.183,4.57,2575.438,15.907,6.531,,0.0,0.0,0.0,0.0,0.0,0.0,0.0,-12.5,-0.003,0.02,1.858,0.01,3.655,0.035,0.009
Slovakia,2009,SVK,5388934,112082665472.0,16.725,0.14,181.791,0.98,100.205,0.54,2.086,0.509,203.553,-2.648,-1.211,8265.785,44.544,716.283,3.86,6.191,0.469,1491.451,8.037,14.909,23.162,27.2,25.89,13.462,-9.373,-19.891,35687.539,1.716,-8.893,-13.634,1278.546,6.89,25918.762,139.674,26.613,72.627,-14.341,-8.617,51.467,365.564,1.97,9550.59,0.32,0.004,210.467,1.134,7.609,26.762,5.27,8.126,0.847,12.197,810.921,4.37,2263.405,16.879,6.342,-9.655,-6.257,52.643,3525.744,19.0,9768.777,73.387,27.373,1.31,4.816,-15.698,-7.305,37.735,2612.762,14.08,7002.373,54.384,19.621,-8.018,-3.806,43.663,196.699,1.06,8102.388,-52.511,-0.147,24.68,0.133,4.094,22.704,1.714,0.54,0.0,3.868,0.064,100.205,0.0,318.099,2.086,0.0,0.891,4804.29,192.318,9.025,1.048,14.908,912.982,4.92,2766.404,19.003,7.752,,0.0,0.0,0.0,0.0,0.0,0.0,0.0,-14.286,-0.003,0.017,1.856,0.01,3.109,0.039,0.009
Slovakia,2010,SVK,5396428,117478088704.0,14.4,0.141,207.681,1.121,122.303,0.66,2.407,0.545,191.101,0.546,0.243,8299.396,44.787,659.696,3.56,-7.579,-0.609,1376.504,7.428,12.983,21.794,28.46,27.42,13.343,6.854,13.182,38080.727,1.749,6.533,9.125,1278.624,6.9,27573.736,148.8,25.164,72.409,13.129,6.757,58.225,409.53,2.21,10789.498,0.695,0.008,211.635,1.142,8.06,28.333,5.24,20.319,2.388,14.586,974.719,5.26,2702.837,19.183,7.098,8.329,4.057,56.7,3802.515,20.52,10506.988,74.836,27.591,1.04,3.654,3.501,1.082,38.817,2699.934,14.57,7193.071,53.136,18.889,4.866,2.125,45.788,209.398,1.13,8484.841,0.005,0.0,24.647,0.133,4.121,22.281,2.113,0.66,0.0,23.277,0.399,122.303,0.0,391.6,2.407,0.0,1.028,5081.139,205.5,19.871,2.975,17.883,1102.581,5.95,3313.917,21.699,8.702,,0.047,0.047,3.706,0.02,8.714,0.073,0.023,0.0,-0.0,0.017,1.853,0.01,3.086,0.036,0.008
Slovakia,2011,SVK,5402686,120534253568.0,19.133,0.214,247.13,1.335,151.776,0.82,2.907,0.675,202.056,-5.199,-2.329,7858.765,42.458,657.081,3.55,-0.084,-0.006,1373.753,7.422,12.584,21.477,28.94,28.21,14.27,-3.8,-7.809,36591.309,1.64,-4.963,-7.385,1443.726,7.8,26174.793,141.414,27.65,71.533,-7.378,-4.296,53.929,583.043,3.15,9981.887,16.387,0.187,246.032,1.329,11.166,27.279,5.7,-28.103,-4.163,10.423,699.652,3.78,1929.172,13.4,5.272,0.512,-0.423,56.277,3777.75,20.41,10416.518,72.35,28.467,0.73,2.522,5.743,1.979,40.796,2852.285,15.41,7551.041,54.626,20.636,-1.662,-0.761,45.027,203.602,1.1,8334.14,0.0,0.0,24.618,0.133,3.899,22.776,2.614,0.82,0.0,23.716,0.501,151.776,0.0,483.91,2.907,0.0,1.322,5221.477,197.691,-10.287,-2.402,15.481,925.466,5.0,2865.477,17.724,7.831,2243.289,1.048,1.095,74.037,0.4,202.711,1.418,0.554,-16.667,-0.003,0.014,0.0,0.0,2.553,0.0,0.007
Slovakia,2012,SVK,5409283,122527850496.0,-18.133,-0.242,202.07,1.093,173.775,0.94,3.329,0.576,192.635,-5.692,-2.417,7402.38,40.042,630.398,3.41,-3.535,-0.262,1323.57,7.16,12.075,21.086,28.63,28.24,14.872,-3.945,-7.798,35105.086,1.55,-6.235,-8.817,1345.835,7.28,24512.963,132.598,25.779,69.827,-5.86,-3.16,50.769,526.872,2.85,9385.486,23.757,0.316,304.109,1.645,10.092,26.735,5.44,8.597,0.827,11.25,757.956,4.1,2079.788,14.518,5.924,1.456,1.019,57.296,3874.82,20.96,10592.122,74.221,30.173,0.39,1.362,0.545,-0.026,40.77,2863.596,15.49,7536.983,54.851,21.47,-7.195,-3.24,41.787,188.565,1.02,7725.097,0.274,0.0,24.655,0.133,3.612,22.006,3.004,0.94,0.0,14.896,0.389,173.775,0.0,555.317,3.329,0.0,1.582,5220.655,189.893,3.674,1.045,16.526,1011.225,5.47,3055.139,19.37,8.703,6.801,0.067,1.163,77.644,0.42,214.923,1.487,0.612,20.0,0.003,0.016,1.849,0.01,3.041,0.035,0.009
Slovakia,2013,SVK,5414744,124358402048.0,8.463,0.092,218.949,1.186,168.06,0.91,3.2,0.609,171.238,-0.6,-0.24,7350.514,39.801,566.97,3.07,2.661,0.191,1357.425,7.35,10.795,20.454,28.53,28.44,14.616,2.472,4.694,35936.512,1.565,1.472,1.952,1174.571,6.36,24848.66,134.549,22.363,69.146,4.415,2.241,53.01,441.387,2.39,9789.937,-17.933,-0.295,249.323,1.35,8.404,27.242,4.87,18.157,1.963,13.213,895.703,4.85,2440.157,17.053,6.79,5.423,2.742,60.038,4077.755,22.08,11087.854,77.637,30.854,0.09,0.315,1.452,0.343,41.113,2903.184,15.72,7592.698,55.274,21.128,-0.118,-0.049,41.738,166.213,0.9,7708.211,-0.273,-0.0,24.563,0.133,3.165,21.45,2.908,0.91,0.0,-3.188,-0.096,168.06,0.0,537.07,3.2,0.0,1.494,5252.326,194.587,14.794,2.399,18.925,1174.571,6.36,3495.156,22.363,9.726,38.679,0.44,1.603,108.962,0.59,295.96,2.075,0.824,0.0,-0.0,0.016,1.847,0.01,3.02,0.035,0.008
Slovakia,2014,SVK,5419572,127551856640.0,33.304,0.395,291.608,1.58,262.013,1.42,5.251,0.873,161.243,-1.788,-0.712,7212.665,39.09,529.562,2.87,-3.42,-0.251,1309.832,7.099,10.614,21.582,28.14,27.04,14.929,-6.921,-13.467,33419.594,1.42,-9.559,-12.861,977.937,5.3,22453.465,121.688,19.601,67.187,-17.238,-9.138,43.872,298.917,1.62,8095.15,-19.686,-0.266,200.062,1.084,5.991,24.223,4.36,-13.181,-1.81,11.403,776.814,4.21,2103.966,15.57,6.296,0.214,-0.606,59.432,4011.387,21.74,10966.13,80.399,32.813,1.1,3.909,-1.406,-0.821,40.292,2860.004,15.5,7434.501,57.322,22.246,-7.216,-3.012,38.726,149.458,0.81,7145.65,0.0,0.0,24.541,0.133,2.996,21.382,4.523,1.42,0.0,55.543,1.615,262.013,0.0,834.633,5.251,0.0,2.497,4989.324,181.12,3.593,0.215,19.14,1151.382,6.24,3531.63,23.077,10.568,1.531,0.015,1.617,110.71,0.6,298.424,2.219,0.893,0.0,-0.0,0.016,1.845,0.01,2.999,0.037,0.009
Slovakia,2015,SVK,5424449,132440055808.0,9.755,0.154,319.766,1.735,306.022,1.66,6.255,0.948,166.164,-3.599,-1.407,6946.836,37.683,521.712,2.83,-14.506,-1.03,1118.823,6.069,10.663,20.593,28.93,26.54,14.504,1.032,1.87,33734.289,1.382,2.738,3.332,984.432,5.34,23047.562,125.02,20.121,68.321,2.839,1.246,45.118,294.961,1.6,8317.526,-6.181,-0.067,187.528,1.017,6.029,24.656,4.41,-8.149,-0.992,10.411,713.437,3.87,1919.279,14.582,5.689,-1.664,-1.462,57.97,3908.231,21.2,10686.727,79.879,31.679,2.39,8.261,-2.278,-1.152,39.14,2792.91,15.15,7215.437,57.084,21.389,9.02,3.493,42.22,167.759,0.91,7783.201,0.0,0.0,24.519,0.133,3.429,23.072,5.305,1.66,0.0,17.29,0.782,306.022,0.0,978.061,6.255,0.0,2.899,4892.663,182.99,-0.446,-0.31,18.83,1115.321,6.05,3471.29,22.796,10.29,-15.243,-0.255,1.363,94.019,0.51,251.204,1.922,0.745,0.0,-0.0,0.016,1.844,0.01,2.979,0.038,0.009
Slovakia,2016,SVK,5431205,136796127232.0,-5.519,-0.096,301.744,1.639,318.53,1.73,6.484,0.887,165.667,-1.299,-0.49,6848.036,37.193,515.539,2.8,-8.797,-0.534,1019.129,5.535,10.495,20.132,29.33,26.68,14.442,0.958,1.754,34015.234,1.351,1.195,1.494,972.16,5.28,23294.002,126.514,19.79,68.481,0.409,0.185,45.303,279.864,1.52,8341.196,-1.064,-0.011,185.302,1.006,5.697,24.522,4.42,12.752,1.258,11.669,802.768,4.36,2148.548,16.342,6.316,0.529,0.26,58.229,3940.194,21.4,10721.233,80.21,31.519,2.65,9.035,-2.456,-1.187,37.953,2719.47,14.77,6987.869,55.36,20.543,4.261,1.799,44.019,176.756,0.96,8104.769,0.274,0.0,24.556,0.133,3.598,23.827,5.526,1.73,0.0,4.152,0.22,318.53,0.0,1017.4,6.484,0.0,2.991,4912.354,184.744,6.345,1.447,20.277,1220.724,6.63,3733.365,24.85,10.976,5.336,0.064,1.427,97.584,0.53,262.715,1.987,0.772,0.0,-0.0,0.016,1.841,0.01,2.957,0.037,0.009
Slovakia,2017,SVK,5439418,140963397632.0,3.634,0.06,312.237,1.698,312.533,1.7,6.229,0.873,171.125,4.496,1.672,7145.148,38.865,549.691,2.99,,,,,10.956,19.973,30.32,27.29,14.024,5.332,9.851,35774.91,1.38,7.576,9.585,1042.391,5.67,25020.875,136.099,20.777,69.94,6.195,2.807,48.109,307.018,1.67,8844.594,,,,,6.119,24.723,4.67,-0.803,-0.162,11.507,794.203,4.32,2115.561,15.83,5.914,1.17,0.266,58.496,3974.69,21.62,10754.032,79.223,30.06,3.03,9.993,2.078,0.561,38.513,2772.355,15.08,7080.409,55.258,19.792,11.598,5.105,49.124,185.682,1.01,9031.135,,,,,3.701,25.244,5.414,1.7,0.0,-2.022,-0.112,312.533,0.0,995.323,6.229,0.0,2.782,5017.081,194.595,-0.453,-0.294,19.982,1202.334,6.54,3673.622,23.965,10.269,-5.066,-0.08,1.347,93.76,0.51,247.566,1.869,0.692,0.0,-0.0,0.016,1.838,0.01,2.936,0.037,0.008
Slovakia,2018,SVK,5446746,146456461312.0,-0.543,-0.009,310.124,1.689,299.261,1.63,6.135,0.883,180.279,-0.749,-0.291,7082.107,38.574,552.624,3.01,,,,,11.329,20.165,30.25,26.57,13.889,-1.695,-3.299,35121.086,1.306,-0.313,-0.425,1086.887,5.92,24909.098,135.674,22.281,70.923,-1.441,-0.693,47.416,341.488,1.86,8705.421,,,,,7.0,24.787,4.79,-16.975,-2.009,9.498,659.109,3.59,1743.823,13.511,4.965,-4.175,-2.874,55.622,3791.255,20.65,10211.991,77.719,29.077,3.68,12.165,-1.578,-0.829,37.684,2724.562,14.84,6918.597,55.852,19.699,1.137,0.559,49.683,192.776,1.05,9121.569,,,,,3.952,25.972,5.187,1.63,0.0,-4.186,-0.227,299.261,0.0,952.373,6.135,0.0,2.712,4878.142,191.296,-8.933,-2.044,17.938,1066.692,5.81,3293.395,21.867,9.377,15.613,0.201,1.548,106.486,0.58,284.161,2.183,0.809,0.0,-0.0,0.016,1.836,0.01,2.914,0.038,0.008
Slovakia,2019,SVK,5453932,,4.805,0.081,324.598,1.77,309.868,1.69,5.995,0.958,167.435,-18.527,-7.147,5762.387,31.428,429.048,2.34,,,,,8.301,17.002,29.89,28.19,15.25,-3.37,-6.447,33892.781,,-7.153,-9.705,1147.796,6.26,23096.76,125.968,22.206,68.147,0.225,0.107,47.523,562.897,3.07,8713.489,,,,,10.89,25.709,4.72,21.337,1.984,11.482,799.423,4.36,2105.324,15.466,6.212,6.08,3.259,58.881,4020.952,21.93,10796.022,77.794,31.853,1.7,5.688,2.958,0.972,38.655,2801.648,15.28,7087.609,54.204,20.912,-5.364,-2.665,47.018,155.851,0.85,8620.882,,,,,3.015,25.436,5.404,1.69,0.0,4.185,0.217,309.868,0.0,990.918,5.995,0.0,2.924,5168.748,184.849,12.263,2.287,20.225,1219.304,6.65,3708.413,23.59,10.942,0.684,0.005,1.553,108.179,0.59,284.673,2.093,0.84,0.0,-0.0,0.016,1.834,0.01,2.9,0.035,0.009
Slovakia,2020,SVK,5456681,,0.402,0.007,325.737,1.777,306.047,1.67,5.858,0.981,159.242,-14.279,-4.488,4937.085,26.94,340.867,1.86,,,,,6.524,14.874,28.83,28.51,15.74,-2.014,-3.724,33193.328,,-3.57,-4.497,1139.887,6.22,22260.988,121.471,21.817,67.065,0.05,0.024,47.546,654.244,3.57,8713.426,,,,,12.522,26.251,4.54,3.696,0.381,11.863,828.342,4.52,2174.022,15.854,6.55,1.613,0.774,59.654,4084.901,22.29,10932.34,78.183,32.935,0.32,1.11,1.06,0.266,38.922,2829.559,15.44,7132.835,54.156,21.489,-0.07,-0.033,46.985,144.777,0.79,8610.477,,,,,2.771,25.94,5.341,1.67,0.0,-1.181,-0.064,306.047,0.0,978.719,5.858,0.0,2.949,5224.788,181.125,2.616,0.507,20.733,1255.342,6.85,3799.505,24.027,11.447,12.564,0.189,1.741,120.953,0.66,319.1,2.315,0.961,-33.333,-0.005,0.011,0.0,0.0,1.925,0.0,0.006
Slovakia,2021,SVK,5447621,,4.466,0.079,340.852,1.857,337.762,1.84,6.204,0.951,169.589,21.399,5.765,6003.518,32.705,312.063,1.7,,,,,5.732,16.753,30.43,29.66,15.193,7.783,14.098,35836.406,,11.197,13.601,1314.335,7.16,24794.664,135.072,24.14,69.188,11.32,5.382,52.929,802.185,4.37,9715.941,,,,,14.734,27.112,5.03,-5.734,-0.721,11.142,781.993,4.26,2045.262,14.363,5.707,1.189,0.497,60.151,4130.243,22.5,11041.741,75.86,30.812,0.77,2.53,1.852,0.576,39.497,2887.499,15.73,7250.372,53.034,20.232,5.222,2.454,49.438,200.087,1.09,9075.207,,,,,3.675,25.324,5.886,1.84,0.0,10.221,0.546,337.762,0.0,1080.55,6.204,0.0,3.015,5444.579,195.223,0.004,-0.079,20.654,1242.744,6.77,3791.369,22.825,10.58,1.207,0.015,1.756,122.989,0.67,322.304,2.259,0.899,25.0,0.003,0.013,0.0,0.0,2.402,0.0,0.007
Slovakia,2022,SVK,5643455,,4.595,0.085,344.142,1.942,303.006,1.71,6.397,1.016,140.666,-10.404,-3.403,5192.275,29.302,272.882,1.54,,,,,5.761,15.322,28.12,26.73,13.977,-2.038,-3.98,33887.691,,-2.444,-3.301,845.227,4.77,23349.289,131.771,17.845,68.902,-2.805,-1.485,51.444,388.06,2.19,9115.729,,,,,8.193,26.9,3.76,-16.148,-1.833,9.309,648.539,3.66,1649.45,13.692,4.867,-0.769,-0.678,59.473,3891.233,21.96,10538.399,82.155,31.098,1.39,4.943,1.055,0.271,39.768,2817.423,15.9,7046.819,59.484,20.795,3.208,1.586,51.024,184.284,1.04,9041.286,,,,,3.891,26.68,6.739,1.71,0.0,14.48,0.852,303.006,0.0,1194.084,6.397,0.0,3.524,4736.46,191.244,-4.093,-0.949,19.705,1073.81,6.06,3491.58,22.671,10.303,-2.707,-0.054,1.702,122.266,0.69,301.595,2.581,0.89,0.0,-0.0,0.013,0.0,0.0,2.31,0.0,0.007
Slovenia,1990,SVN,1986030,36026961920.0,,,0.0,0.0,0.0,0.0,0.0,0.0,,,,9214.85,18.301,1958.681,3.89,,,,,31.27,26.409,11.45,12.44,17.951,,,34892.684,1.924,,,2452.128,4.87,23861.092,47.389,39.148,68.384,,,8.922,0.0,0.0,4492.253,,,,,0.0,12.874,,,,8.794,1485.375,2.95,4427.972,23.714,12.69,,,21.909,3811.624,7.57,11031.596,60.852,31.616,-0.99,-8.646,,,13.115,2326.249,4.62,6603.624,37.138,18.926,,,20.166,493.447,0.98,10153.988,,,,,7.878,29.101,0.0,0.0,0.0,,,0.0,0.0,0.0,0.0,0.0,0.0,6263.752,69.298,,,8.794,1485.375,2.95,4427.972,23.714,12.69,,,0.0,0.0,0.0,0.0,0.0,0.0,,,0.0,0.0,0.0,0.0,0.0,0.0
Slovenia,1991,SVN,1989799,32680462336.0,,0.0,0.0,0.0,0.0,0.0,0.0,0.0,,-8.7,-1.592,8397.24,16.709,1819.279,3.62,,,,,28.414,24.073,10.72,12.74,18.355,0.161,0.112,34882.641,2.124,-5.697,-2.7,2100.715,4.18,22459.18,44.689,32.81,64.385,-4.929,-0.44,8.482,0.0,0.0,4262.742,,,,,0.0,12.22,,21.318,1.875,10.669,1814.254,3.61,5361.756,28.336,15.371,12.691,2.811,24.72,4301.942,8.56,12423.462,67.19,35.615,-2.02,-18.843,7.14,0.936,14.051,2487.688,4.95,7061.705,38.854,20.244,-3.311,-0.668,19.498,281.435,0.56,9799.198,,,,,4.396,28.092,0.0,0.0,0.0,,0.0,0.0,0.0,0.0,0.0,0.0,0.0,6402.657,69.409,21.318,1.875,10.669,1814.254,3.61,5361.756,28.336,15.371,,0.0,0.0,0.0,0.0,0.0,0.0,0.0,,0.0,0.0,0.0,0.0,0.0,0.0,0.0
Slovenia,1992,SVN,1991344,30763878400.0,,0.0,0.0,0.0,0.0,0.0,0.0,0.0,,4.169,0.697,8740.559,17.405,2330.085,4.64,,,9336.733,18.593,37.601,26.827,10.53,12.34,19.019,-6.524,-4.528,32581.604,2.109,-2.68,-1.198,2485.759,4.95,21840.34,43.492,40.113,67.033,-15.565,-1.32,7.162,0.0,0.0,3596.44,,,80.52,0.16,0.0,11.038,,-5.127,-0.547,10.122,1717.433,3.42,5082.886,27.715,15.6,-13.621,-3.331,21.39,3711.062,7.39,10741.261,59.887,32.967,-1.81,-17.189,-19.81,-2.784,11.268,1993.629,3.97,5658.375,32.172,17.367,-2.944,-0.574,18.924,155.674,0.31,9503.342,,,0.0,0.0,2.512,29.168,0.0,0.0,0.0,,0.0,0.0,0.0,0.0,0.0,0.0,0.0,6196.82,64.881,-5.127,-0.547,10.122,1717.433,3.42,5082.886,27.715,15.6,,0.0,0.0,0.0,0.0,0.0,0.0,0.0,,0.0,0.0,0.0,0.0,0.0,0.0,0.0
Slovenia,1993,SVN,1991685,31503259648.0,,0.0,0.0,0.0,0.0,0.0,0.0,0.0,,-4.684,-0.815,8329.729,16.59,2354.79,4.69,-8.127,-1.511,8576.467,17.082,39.247,24.889,10.53,11.95,17.927,2.739,1.777,33468.152,2.116,6.821,2.967,2485.333,4.95,23326.154,46.458,41.423,69.697,-0.677,-0.049,7.113,0.0,0.0,3571.473,23.912,0.038,99.757,0.199,0.0,10.671,,-11.335,-1.147,8.974,1526.346,3.04,4505.965,25.439,13.463,-5.45,-1.19,20.2,3514.612,7.0,10142.002,58.577,30.303,-1.42,-13.485,-0.378,-0.043,11.225,1988.266,3.96,5636.037,33.138,16.84,20.241,3.83,22.755,130.543,0.26,11424.951,,0.0,0.0,0.0,2.176,34.137,0.0,0.0,0.0,,0.0,0.0,0.0,0.0,0.0,0.0,0.0,5999.945,66.658,-11.335,-1.147,8.974,1526.346,3.04,4505.965,25.439,13.463,,0.0,0.0,0.0,0.0,0.0,0.0,0.0,,0.0,0.0,0.0,0.0,0.0,0.0,0.0
Slovenia,1994,SVN,1991454,33038143488.0,,0.0,0.0,0.0,0.0,0.0,0.0,0.0,,-6.856,-1.137,7759.547,15.453,2314.891,4.61,-5.214,-0.891,8130.248,16.191,35.764,21.78,10.96,12.89,18.168,6.438,4.292,35627.117,2.148,2.933,1.363,2450.471,4.88,24013.035,47.821,37.859,67.401,8.892,0.632,7.746,0.0,0.0,3889.495,-50.446,-0.1,49.44,0.098,0.0,10.917,,11.993,1.076,10.051,1707.295,3.4,5046.969,26.377,14.166,14.547,2.929,23.129,4022.187,8.01,11614.083,62.141,32.599,-1.93,-17.609,16.507,1.853,13.078,2314.892,4.61,6567.114,35.764,18.433,8.207,1.867,24.622,135.579,0.27,12363.993,,0.0,0.0,0.0,2.095,34.704,0.0,0.0,0.0,,0.0,0.0,0.0,0.0,0.0,0.0,0.0,6472.658,70.95,11.993,1.076,10.051,1707.295,3.4,5046.969,26.377,14.166,,0.0,0.0,0.0,0.0,0.0,0.0,0.0,,0.0,0.0,0.0,0.0,0.0,0.0,0.0
Slovenia,1995,SVN,1991115,35329814528.0,,0.0,0.0,0.0,0.0,0.0,0.0,0.0,,3.733,0.577,8050.579,16.03,2310.264,4.6,0.618,0.1,8181.889,16.291,35.659,21.517,11.25,12.9,17.316,5.001,3.548,37415.051,2.109,7.319,3.5,2445.866,4.87,25775.031,51.321,37.752,68.889,10.99,0.851,8.597,5.022,0.01,4317.681,0.0,0.0,49.448,0.098,0.078,11.54,,-4.325,-0.435,9.616,1632.251,3.25,4829.52,25.194,12.908,0.287,0.048,23.177,4032.917,8.03,11640.018,62.248,31.111,-1.65,-14.667,3.688,0.482,13.56,2400.665,4.78,6810.498,37.054,18.203,8.416,2.072,26.694,130.58,0.26,13406.772,,0.0,0.0,0.0,2.016,35.833,0.0,0.0,0.0,,0.0,0.0,0.0,0.0,0.0,0.0,0.0,6478.782,74.498,-4.325,-0.435,9.616,1632.251,3.25,4829.52,25.194,12.908,,0.0,0.0,0.0,0.0,0.0,0.0,0.0,,0.0,0.0,0.0,0.0,0.0,0.0,0.0
Slovenia,1996,SVN,1990671,36416385024.0,,0.0,0.0,0.0,0.0,0.0,0.0,0.0,,-7.712,-1.236,7431.343,14.793,2240.451,4.46,-2.396,-0.39,7987.667,15.901,34.176,18.927,11.39,13.05,16.697,4.914,3.661,39262.27,2.146,5.936,3.046,2376.083,4.73,27311.035,54.367,36.245,69.561,1.599,0.137,8.734,5.023,0.01,4387.716,9.698,0.01,54.255,0.108,0.077,11.175,,12.792,1.23,10.846,1843.599,3.67,5448.533,28.123,13.877,2.478,0.614,23.791,4179.495,8.32,11951.236,63.755,30.439,-1.66,-14.574,-4.541,-0.616,12.945,2335.896,4.65,6502.704,35.632,16.562,15.528,4.145,30.839,130.609,0.26,15491.976,,0.0,0.0,0.0,1.992,39.458,0.0,0.0,0.0,,0.0,0.0,0.0,0.0,0.0,0.0,0.0,6555.579,78.158,12.792,1.23,10.846,1843.599,3.67,5448.533,28.123,13.877,,0.0,0.0,0.0,0.0,0.0,0.0,0.0,,0.0,0.0,0.0,0.0,0.0,0.0,0.0
Slovenia,1997,SVN,1989831,38114369536.0,,0.0,0.0,0.0,0.0,0.0,0.0,0.0,,10.873,1.608,8242.805,16.402,2367.035,4.71,3.419,0.544,8264.28,16.445,35.736,20.52,11.48,13.18,16.489,2.27,1.774,40170.348,2.097,4.016,2.183,2547.955,5.07,28419.832,56.551,38.467,70.748,6.303,0.55,9.285,5.026,0.01,4666.226,32.043,0.035,71.671,0.143,0.076,11.616,,-15.731,-1.706,9.14,1552.896,3.09,4593.382,23.445,11.435,-1.458,-0.409,23.382,4075.723,8.11,11750.517,61.533,29.252,-1.7,-14.808,10.018,1.297,14.241,2522.827,5.02,7157.134,38.088,17.817,0.079,0.024,30.864,175.894,0.35,15510.802,,0.0,0.0,0.0,2.656,38.613,0.0,0.0,0.0,,0.0,0.0,0.0,0.0,0.0,0.0,0.0,6623.678,79.932,-15.731,-1.706,9.14,1552.896,3.09,4593.382,23.445,11.435,,0.0,0.0,0.0,0.0,0.0,0.0,0.0,,0.0,0.0,0.0,0.0,0.0,0.0,0.0
Slovenia,1998,SVN,1988287,39200575488.0,,0.0,0.0,0.0,0.0,0.0,0.0,0.0,,1.269,0.208,8353.908,16.61,2504.668,4.98,-1.116,-0.183,8178.428,16.261,36.297,20.722,11.8,13.72,17.117,0.28,0.224,40314.043,2.045,-1.482,-0.838,2630.405,5.23,28020.502,55.713,38.12,69.506,2.442,0.227,9.512,55.324,0.11,4783.892,-31.227,-0.045,49.328,0.098,0.802,11.867,,11.614,1.062,10.202,1735.162,3.45,5130.855,25.146,12.727,4.427,1.062,24.443,4270.007,8.49,12293.547,61.88,30.494,-1.92,-16.271,0.0,0.0,14.241,2534.845,5.04,7162.692,36.735,17.767,-4.124,-1.273,29.591,70.412,0.14,14882.701,,0.0,0.0,0.0,1.02,36.917,0.0,0.0,0.0,,0.0,0.0,0.0,0.0,0.0,0.0,0.0,6900.413,80.156,11.614,1.062,10.202,1735.162,3.45,5130.855,25.146,12.727,,0.0,0.0,0.0,0.0,0.0,0.0,0.0,,0.0,0.0,0.0,0.0,0.0,0.0,0.0
Slovenia,1999,SVN,1986263,41091821568.0,,0.0,0.0,0.0,15.104,0.03,0.226,0.0,,-8.521,-1.415,7649.84,15.195,2255.492,4.48,-6.544,-1.064,7651.054,15.197,33.786,19.154,11.92,13.26,16.716,-1.033,-0.828,39938.07,1.93,-1.553,-0.865,2411.564,4.79,27613.363,54.847,36.124,69.14,4.387,0.417,9.929,85.588,0.17,4998.834,-100.0,-0.098,0.0,0.0,1.282,12.516,,8.377,0.855,11.056,1882.933,3.74,5566.323,28.205,13.937,-0.035,0.037,24.48,4264.289,8.47,12324.707,63.876,30.86,-1.34,-11.242,-6.436,-0.917,13.325,2366.252,4.7,6708.563,35.445,16.797,0.449,0.133,29.724,70.484,0.14,14964.688,,0.0,0.0,0.0,1.056,37.47,0.099,0.03,0.0,,0.099,15.104,0.0,49.821,0.226,0.0,0.125,6675.853,79.328,9.275,0.954,11.155,1898.037,3.77,5616.145,28.431,14.062,,0.0,0.0,0.0,0.0,0.0,0.0,0.0,,0.0,0.0,0.0,0.0,0.0,0.0,0.0
Slovenia,2000,SVN,1984339,42615771136.0,,0.0,0.0,0.0,35.276,0.07,0.514,0.0,303.453,3.904,0.593,7956.187,15.788,2323.192,4.61,-1.668,-0.254,7530.719,14.943,33.872,20.08,12.29,13.61,17.31,-0.884,-0.701,39623.406,1.845,-2.354,-1.291,2494.533,4.95,26989.494,53.556,36.37,68.115,-3.333,-0.331,9.598,146.144,0.29,4836.884,,0.0,0.0,0.0,2.131,12.207,4.13,2.541,0.281,11.337,1930.114,3.83,5713.286,28.141,14.419,2.351,0.59,25.07,4364.173,8.66,12633.908,63.63,31.885,-1.32,-10.74,1.384,0.184,13.509,2398.784,4.76,6808.014,34.974,17.182,-5.226,-1.553,28.171,25.197,0.05,14196.425,,0.012,6.297,0.012,0.367,35.828,0.223,0.07,0.0,125.806,0.124,35.276,0.0,112.609,0.514,0.0,0.284,6858.707,78.626,3.554,0.405,11.561,1965.39,3.9,5825.895,28.655,14.703,,0.0,0.0,0.0,0.0,0.0,0.0,0.0,,0.0,0.0,0.0,0.0,0.0,0.0,0.0
Slovenia,2001,SVN,1982489,43686670336.0,,0.0,0.0,0.0,35.309,0.07,0.483,0.0,306.63,6.021,0.951,8443.11,16.738,2481.729,4.92,-7.746,-1.157,6953.908,13.786,33.978,20.365,12.71,14.48,17.617,4.537,3.567,41459.707,1.881,4.548,2.435,2698.628,5.35,28243.172,55.992,36.948,68.122,2.959,0.284,9.882,151.325,0.3,4984.634,,0.0,0.0,0.0,2.072,12.023,4.44,-0.991,-0.185,11.152,1916.782,3.8,5625.173,26.243,13.568,5.309,1.132,26.202,4605.322,9.13,13216.535,63.052,31.878,-1.77,-13.926,10.418,1.311,14.82,2653.23,5.26,7475.428,36.326,18.031,4.263,1.201,29.371,65.574,0.13,14815.43,-30.047,-0.004,4.409,0.009,0.898,35.735,0.23,0.07,0.0,2.857,0.006,35.309,0.0,115.934,0.483,0.0,0.28,7303.95,82.193,-0.922,-0.179,11.382,1952.091,3.87,5741.107,26.727,13.847,,0.0,0.0,0.0,0.0,0.0,0.0,0.0,,0.0,0.0,0.0,0.0,0.0,0.0,0.0
Slovenia,2002,SVN,1983769,45168627712.0,,0.0,0.0,0.0,50.409,0.1,0.685,0.0,322.603,8.932,1.495,9191.32,18.233,2671.682,5.3,13.38,1.845,7879.261,15.631,36.301,22.297,13.47,14.6,17.854,-0.508,-0.418,41222.289,1.81,0.544,0.305,2853.155,5.66,28378.512,56.296,38.767,68.843,-3.544,-0.35,9.532,146.186,0.29,4804.873,,0.067,33.587,0.067,1.986,11.656,4.71,-12.724,-1.482,9.67,1668.541,3.31,4874.609,22.671,11.825,-1.995,-0.723,25.479,4506.573,8.94,12843.777,61.233,31.157,-1.13,-8.389,5.155,0.663,15.483,2787.623,5.53,7805.034,37.877,18.934,-2.861,-0.84,28.531,35.286,0.07,14382.32,0.0,0.0,4.406,0.009,0.479,34.89,0.326,0.1,0.0,41.667,0.096,50.409,0.0,164.134,0.685,0.0,0.398,7359.728,81.775,-11.711,-1.386,9.996,1718.95,3.41,5038.744,23.356,12.223,,0.0,0.0,0.0,0.0,0.0,0.0,0.0,,0.0,0.0,0.0,0.0,0.0,0.0,0.0
Slovenia,2003,SVN,1989413,46254137344.0,,0.0,0.0,0.0,60.319,0.12,0.868,0.0,330.441,-5.112,-0.932,8696.703,17.301,2568.597,5.11,3.073,0.48,8098.349,16.111,36.949,21.569,13.99,13.83,17.242,-1.911,-1.563,40319.898,1.734,0.818,0.461,2784.741,5.54,28529.527,56.757,40.058,70.758,10.626,1.013,10.545,185.985,0.37,5300.34,-16.667,-0.011,27.91,0.056,2.675,13.146,4.57,-10.746,-1.094,8.576,1487.876,2.96,4310.652,21.403,10.691,-7.347,-2.023,23.456,4167.058,8.29,11790.373,59.942,29.242,0.16,1.144,-5.807,-0.993,14.491,2618.863,5.21,7283.961,37.672,18.065,1.332,0.38,28.911,30.16,0.06,14532.482,-28.523,-0.002,3.141,0.006,0.434,36.043,0.389,0.12,0.0,19.608,0.064,60.319,0.0,195.761,0.868,0.0,0.486,6951.799,80.213,-9.839,-1.031,8.965,1548.195,3.08,4506.413,22.27,11.177,,0.0,0.0,0.0,0.0,0.0,0.0,0.0,,0.0,0.0,0.0,0.0,0.0,0.0,0.0
Slovenia,2004,SVN,1996731,48061218816.0,,0.0,0.0,0.0,60.098,0.12,0.786,0.0,306.483,1.67,0.289,8809.505,17.59,2599.249,5.19,-0.435,-0.07,8033.587,16.041,33.988,20.651,14.51,15.27,17.927,6.193,4.967,42659.852,1.772,2.011,1.141,2804.584,5.6,28996.533,57.898,36.673,67.971,-0.896,-0.094,10.45,180.295,0.36,5233.609,0.0,0.0,27.807,0.056,2.358,12.268,4.68,38.485,3.225,11.8,2048.348,4.09,5909.842,26.785,13.853,16.763,3.826,27.282,4842.916,9.67,13663.314,63.327,32.029,-0.76,-5.238,4.84,0.605,15.095,2734.47,5.46,7560.029,35.756,17.722,3.275,0.947,29.858,25.041,0.05,14953.417,-39.906,-0.002,1.88,0.004,0.327,35.053,0.386,0.12,0.0,-0.82,-0.003,60.098,0.0,193.445,0.786,0.0,0.453,7647.5,85.18,36.928,3.222,12.187,2108.446,4.21,6103.286,27.57,14.307,,0.0,0.0,0.0,0.0,0.0,0.0,0.0,,0.0,0.0,0.0,0.0,0.0,0.0,0.0
Slovenia,2005,SVN,2004780,49771966464.0,,0.0,0.0,0.0,54.869,0.11,0.728,0.0,311.714,0.344,0.061,8804.359,17.651,2628.718,5.27,-5.594,-0.897,7553.764,15.144,34.878,20.72,14.79,15.11,17.737,0.008,0.007,42491.914,1.712,1.485,0.86,2823.252,5.66,29308.92,58.758,37.459,68.975,3.199,0.334,10.784,169.595,0.34,5379.359,-20.0,-0.011,22.157,0.044,2.25,12.66,4.71,-15.482,-1.89,9.91,1725.875,3.46,4943.323,22.899,11.634,-2.274,-0.853,26.429,4713.734,9.45,13182.994,62.541,31.025,-0.32,-2.164,7.785,1.072,16.168,2932.99,5.88,8064.519,38.915,18.979,1.557,0.465,30.323,24.94,0.05,15125.2,-17.188,-0.001,1.551,0.003,0.331,35.595,0.351,0.11,0.0,-9.091,-0.035,54.869,0.0,175.153,0.728,0.0,0.412,7536.986,85.187,-15.299,-1.925,10.261,1780.744,3.57,5118.476,23.627,12.046,,0.0,0.0,0.0,0.0,0.0,0.0,0.0,,0.0,0.0,0.0,0.0,0.0,0.0,0.0
Slovenia,2006,SVN,2013577,52362579968.0,,0.051,25.523,0.051,54.629,0.11,0.728,0.06,321.641,1.969,0.348,8938.516,17.998,2696.693,5.43,-0.396,-0.06,7490.945,15.084,35.936,20.939,15.15,15.11,17.579,0.901,0.767,42687.348,1.642,2.489,1.463,2910.244,5.86,29907.23,60.221,38.782,70.061,-3.029,-0.327,10.458,183.753,0.37,5193.613,0.0,0.0,22.06,0.044,2.449,12.167,4.86,3.756,0.308,10.218,1782.897,3.59,5074.476,23.759,11.888,-1.752,-0.695,25.734,4593.815,9.25,12780.114,61.218,29.939,0.04,0.264,-5.71,-1.019,15.148,2756.289,5.55,7523.167,36.731,17.624,4.754,1.442,31.764,29.798,0.06,15775.102,0.0,0.0,1.544,0.003,0.397,36.955,0.316,0.11,0.0,-10.0,-0.035,54.629,0.0,156.949,0.728,0.0,0.368,7504.059,85.954,4.772,0.324,10.585,1837.526,3.7,5256.948,24.487,12.315,,0.0,0.0,0.0,0.0,0.0,0.0,0.0,,0.0,0.0,0.0,0.0,0.0,0.0,0.0
Slovenia,2007,SVN,2023230,55758200832.0,214.463,0.11,79.877,0.162,54.369,0.11,0.731,0.189,326.463,1.651,0.297,9042.749,18.296,2708.54,5.48,0.287,0.043,7476.637,15.127,36.436,21.407,15.27,15.04,17.597,-0.567,-0.487,42242.93,1.533,0.109,0.065,2945.785,5.96,29796.855,60.286,39.628,70.537,1.694,0.177,10.635,222.417,0.45,5256.386,-25.0,-0.011,16.466,0.033,2.992,12.443,4.91,-9.05,-0.983,9.235,1616.227,3.27,4564.489,21.742,10.805,-0.676,-0.552,25.181,4487.873,9.08,12446.074,60.372,29.463,0.23,1.506,2.65,0.304,15.453,2817.277,5.7,7637.62,37.899,18.08,-1.287,-0.409,31.355,14.828,0.03,15497.723,0.0,0.0,1.537,0.003,0.199,36.687,0.332,0.11,0.0,5.051,0.016,54.369,0.0,164.089,0.731,0.0,0.388,7433.658,85.467,-5.607,-0.857,9.729,1670.596,3.38,4808.454,22.473,11.383,,0.0,0.0,0.0,0.0,0.0,0.0,0.0,,0.0,0.0,0.0,0.0,0.0,0.0,0.0
Slovenia,2008,SVN,2034037,57353908224.0,77.42,0.125,140.965,0.287,142.574,0.29,1.767,0.306,296.77,-3.654,-0.668,8666.057,17.627,2620.405,5.33,-0.331,-0.05,7412.315,15.077,32.48,18.824,14.81,16.41,17.524,9.565,8.175,46037.57,1.633,6.522,3.932,2866.221,5.83,31571.484,64.218,35.527,68.578,-3.958,-0.421,10.214,235.984,0.48,5021.529,-0.093,-0.0,16.363,0.033,2.925,10.907,4.87,23.025,2.056,11.291,1976.365,4.02,5550.938,24.497,12.057,17.808,4.243,29.425,5201.479,10.58,14466.085,64.473,31.422,-1.6,-10.804,10.149,1.463,16.915,3082.54,6.27,8316.108,38.208,18.064,16.013,5.021,36.377,9.833,0.02,17883.9,0.943,0.0,1.543,0.003,0.122,38.846,0.929,0.29,0.0,179.808,0.597,142.574,0.0,456.693,1.767,0.0,0.992,8067.7,93.642,30.16,2.781,12.509,2118.939,4.31,6149.978,26.264,13.359,,0.003,0.003,0.0,0.0,1.382,0.0,0.003,,0.0,0.0,0.0,0.0,0.0,0.0,0.0
Slovenia,2009,SVN,2045578,52654862336.0,22.494,0.064,171.699,0.351,92.883,0.19,1.159,0.406,289.201,-7.153,-1.261,8000.748,16.366,2507.849,5.13,-2.013,-0.304,7222.107,14.773,31.3,18.919,13.33,16.39,18.946,-7.619,-7.135,42289.82,1.643,-11.269,-7.236,2810.941,5.75,27855.791,56.981,35.082,65.869,-5.374,-0.549,9.665,288.427,0.59,4724.883,0.0,0.0,16.271,0.033,3.6,11.173,4.74,17.347,1.877,13.168,2302.528,4.71,6437.124,28.737,15.221,1.219,0.101,29.526,5201.464,10.64,14434.029,64.918,34.131,-3.06,-22.956,-8.513,-1.535,15.38,2806.053,5.74,7518.562,35.021,17.779,-14.918,-5.427,30.95,14.666,0.03,15130.16,-0.935,-0.0,1.52,0.003,0.183,35.777,0.616,0.19,0.0,-33.677,-0.313,92.883,0.0,301.184,1.159,0.0,0.712,8012.405,86.507,14.499,1.637,14.146,2395.411,4.9,6915.468,29.896,16.353,300.0,0.008,0.011,0.0,0.0,5.461,0.0,0.013,,0.0,0.0,0.0,0.0,0.0,0.0,0.0
Slovenia,2010,SVN,2057294,53079736320.0,48.133,0.169,252.895,0.52,106.937,0.22,1.353,0.6,298.278,2.023,0.331,8116.1,16.697,2571.339,5.29,0.023,0.003,7182.6,14.777,32.534,19.267,14.14,16.26,18.763,0.177,0.153,42123.359,1.633,1.421,0.81,2843.541,5.85,28090.873,57.791,35.978,66.687,3.755,0.363,10.028,267.341,0.55,4874.385,133.308,0.044,37.745,0.078,3.383,11.572,4.85,-4.178,-0.628,12.54,2197.061,4.52,6095.417,27.798,14.47,-0.663,-0.657,28.869,5060.044,10.41,14032.486,64.022,33.313,-2.12,-14.993,-1.429,-0.313,15.067,2751.187,5.66,7323.721,34.809,17.386,0.375,0.116,31.066,4.861,0.01,15100.387,0.0,0.0,1.511,0.003,0.062,35.848,0.705,0.22,0.0,14.508,0.089,106.937,0.0,342.915,1.353,0.0,0.814,7903.586,86.66,0.172,-0.344,13.802,2308.858,4.75,6708.766,29.213,15.926,225.0,0.025,0.036,4.861,0.01,17.539,0.062,0.042,,0.0,0.0,0.0,0.0,0.0,0.0,0.0
Slovenia,2011,SVN,2065457,53196414976.0,-20.301,-0.106,200.76,0.415,121.039,0.25,1.57,0.493,302.764,1.377,0.23,8195.332,16.927,2570.86,5.31,1.603,0.237,7268.874,15.014,33.354,20.119,14.55,15.92,18.922,-2.914,-2.525,40734.336,1.582,-2.312,-1.336,2817.779,5.82,27333.039,56.455,36.558,67.101,-14.434,-1.447,8.581,237.236,0.49,4154.33,-71.405,-0.055,10.751,0.022,3.078,10.199,4.82,-21.16,-2.714,9.826,1723.589,3.56,4757.459,22.362,11.679,-3.839,-1.189,27.68,4889.959,10.1,13401.297,63.442,32.899,-1.37,-9.416,9.864,1.385,16.452,3011.44,6.22,7965.457,39.07,19.555,-0.381,-0.118,30.948,9.683,0.02,14983.376,0.0,0.0,1.505,0.003,0.126,36.783,0.804,0.25,0.0,14.027,0.099,121.039,0.0,389.471,1.57,0.0,0.956,7707.737,84.135,-18.543,-2.574,11.227,1878.519,3.88,5435.84,24.372,13.345,407.692,0.146,0.182,33.891,0.07,88.151,0.44,0.216,,0.0,0.0,0.0,0.0,0.0,0.0,0.0
Slovenia,2012,SVN,2069365,51766657024.0,43.25,0.179,287.044,0.594,130.475,0.27,1.736,0.727,302.894,-5.051,-0.855,7766.694,16.072,2483.854,5.14,-4.954,-0.744,6895.694,14.27,33.055,19.658,14.51,15.55,19.019,-2.825,-2.377,39508.945,1.579,-3.234,-1.826,2749.636,5.69,26399.1,54.629,36.592,66.818,-3.813,-0.327,8.253,256.117,0.53,3988.366,0.132,0.0,10.745,0.022,3.408,10.095,4.71,9.461,0.864,10.691,1884.636,3.9,5166.225,25.08,13.076,-0.558,-0.551,27.129,4764.747,9.86,13109.847,63.408,33.182,-1.04,-7.167,-11.054,-1.907,14.545,2672.318,5.53,7028.725,35.563,17.79,-2.08,-0.644,30.304,9.665,0.02,14644.04,0.943,0.0,1.517,0.003,0.129,37.065,0.852,0.27,0.0,5.952,0.048,130.475,0.0,411.874,1.736,0.0,1.042,7514.382,81.758,14.631,1.357,12.584,2092.429,4.33,6081.121,27.846,15.392,146.97,0.265,0.447,77.318,0.16,215.977,1.029,0.547,,0.0,0.0,0.0,0.0,0.0,0.0,0.0
Slovenia,2013,SVN,2072374,51204718592.0,15.542,0.092,331.174,0.686,125.46,0.26,1.646,0.849,284.177,-3.406,-0.547,7491.27,15.525,2349.962,4.87,-9.397,-1.341,6238.64,12.929,30.823,19.194,14.51,15.8,19.534,-1.071,-0.876,39029.039,1.58,-4.283,-2.34,2600.882,5.39,25231.627,52.289,34.114,64.648,-1.778,-0.147,8.107,246.095,0.51,3911.78,49.789,0.011,16.071,0.033,3.228,10.023,4.49,18.723,1.925,12.616,2234.153,4.63,6087.685,29.304,15.598,6.165,1.464,28.593,5023.224,10.41,13797.411,65.886,35.352,-1.29,-8.89,-4.124,-0.684,13.861,2557.454,5.3,6688.507,33.544,17.137,-5.431,-1.646,28.658,4.825,0.01,13828.577,-0.935,-0.0,1.5,0.003,0.063,35.432,0.833,0.26,0.0,-2.247,-0.019,125.46,0.0,402.034,1.646,0.0,1.03,7624.107,80.883,17.719,2.148,14.732,2465.771,5.11,7108.904,32.342,18.214,31.902,0.139,0.586,106.158,0.22,282.75,1.392,0.724,,0.011,0.011,0.0,0.0,5.26,0.0,0.013
Slovenia,2014,SVN,2074923,52794142720.0,-27.383,-0.188,240.193,0.498,120.486,0.25,1.458,0.601,209.913,-21.074,-3.272,5905.311,12.253,1812.115,3.76,-22.471,-2.905,4830.799,10.024,21.924,14.768,14.41,17.15,20.67,2.582,2.089,39987.75,1.572,-8.441,-4.414,2014.532,4.18,23073.502,47.876,24.373,57.701,-10.187,-0.826,7.281,178.32,0.37,3508.957,0.0,0.0,16.051,0.033,2.157,8.775,3.6,31.605,3.888,16.504,2935.049,6.09,7953.945,35.51,19.891,21.496,6.502,35.096,6250.834,12.97,16914.248,75.627,42.299,-2.74,-19.015,20.189,2.699,16.56,3069.993,6.37,7980.875,37.143,19.958,-1.103,-0.316,28.342,24.097,0.05,13659.234,0.0,0.0,1.499,0.003,0.292,34.159,0.827,0.25,0.0,-0.766,-0.006,120.486,0.0,398.463,1.458,0.0,0.996,8265.367,82.972,22.692,3.804,18.536,3180.841,6.6,8933.372,38.484,22.34,19.535,0.11,0.696,125.306,0.26,335.549,1.516,0.839,0.0,-0.0,0.011,0.0,0.0,5.223,0.0,0.013
Slovenia,2015,SVN,2080865,54016270336.0,-30.829,-0.154,165.67,0.345,124.948,0.26,1.757,0.461,272.297,1.057,0.13,5950.715,12.383,2104.894,4.38,5.427,0.544,5078.416,10.567,29.595,16.548,14.75,14.8,19.779,-9.816,-8.144,35959.715,1.385,0.314,0.15,2306.733,4.8,23079.83,48.026,32.432,64.182,6.092,0.444,7.724,192.228,0.4,3712.081,-0.143,-0.0,15.982,0.033,2.703,10.323,4.03,-37.492,-6.249,10.255,1830.969,3.81,4928.161,25.743,13.705,-23.239,-8.294,26.801,4805.694,10.0,12879.881,67.568,35.818,-0.05,-0.339,-11.334,-1.964,14.595,2715.217,5.65,7014.086,38.176,19.505,-1.492,-0.423,27.919,9.611,0.02,13417.035,0.0,0.0,1.494,0.003,0.135,37.311,0.852,0.26,0.0,3.089,0.026,124.948,0.0,409.598,1.757,0.0,1.139,7112.427,74.827,-33.903,-6.33,12.206,2090.477,4.35,5865.794,29.392,16.312,6.615,0.042,0.738,129.754,0.27,354.6,1.824,0.986,50.0,0.005,0.016,4.806,0.01,7.765,0.068,0.022
Slovenia,2016,SVN,2090020,55372836864.0,-37.093,-0.128,103.762,0.217,133.97,0.28,1.725,0.271,282.193,6.888,0.853,6332.725,13.236,2397.106,5.01,9.21,0.973,5521.842,11.541,30.869,16.549,15.05,16.23,20.293,6.884,5.151,38266.707,1.444,7.007,3.365,2607.63,5.45,24588.869,51.391,33.58,64.257,6.036,0.466,8.191,200.955,0.42,3918.91,66.665,0.022,26.521,0.055,2.588,10.241,4.58,18.251,1.8,12.055,2153.089,4.5,5767.744,27.726,15.072,6.215,1.786,28.587,5157.845,10.78,13677.837,66.42,35.743,-1.18,-7.841,1.186,0.086,14.681,2736.816,5.72,7024.391,35.243,18.356,7.329,2.046,29.965,9.569,0.02,14337.233,0.943,0.0,1.502,0.003,0.123,37.467,0.903,0.28,0.0,5.993,0.051,133.97,0.0,432.242,1.725,0.0,1.13,7765.476,79.978,12.259,1.7,13.906,2421.029,5.06,6653.445,31.177,17.387,-2.555,-0.023,0.715,129.185,0.27,341.992,1.664,0.894,0.274,-0.0,0.016,4.785,0.01,7.706,0.062,0.02
Slovenia,2017,SVN,2098396,58049191936.0,29.918,0.065,134.267,0.282,133.435,0.28,1.745,0.349,276.636,-0.31,-0.041,6287.904,13.195,2296.993,4.82,,,,,30.031,16.322,15.53,16.05,19.854,1.076,0.861,38524.098,1.393,2.162,1.111,2535.27,5.32,25020.234,52.502,33.146,64.947,5.268,0.431,8.622,228.746,0.48,4108.881,,,,,2.991,10.666,4.44,-14.094,-1.76,10.295,1844.266,3.87,4906.027,24.112,12.735,0.254,-0.251,28.336,5113.429,10.73,13503.862,66.854,35.053,-0.52,-3.348,9.979,1.37,16.051,2997.528,6.29,7649.223,39.19,19.856,2.405,0.721,30.686,9.531,0.02,14623.45,,,,,0.125,37.959,0.938,0.28,0.0,3.848,0.035,133.435,0.0,447.081,1.745,0.0,1.161,7648.699,80.839,-10.279,-1.62,12.285,2115.902,4.44,5854.64,27.664,15.197,6.317,0.041,0.755,133.435,0.28,360.014,1.745,0.935,-4.994,-0.001,0.015,4.766,0.01,7.249,0.062,0.019
Slovenia,2018,SVN,2105931,60439879680.0,198.667,0.56,399.577,0.841,123.461,0.26,1.613,1.02,266.129,-2.24,-0.296,6125.03,12.899,2193.804,4.62,,,,,28.66,15.639,15.62,16.12,19.544,2.031,1.641,39165.715,1.365,0.883,0.464,2431.229,5.12,25150.877,52.966,31.762,64.217,-1.061,-0.091,8.531,227.928,0.48,4050.732,,,,,2.978,10.343,4.29,21.611,2.152,12.446,2231.792,4.7,5910.14,29.156,15.09,7.597,1.178,29.514,5223.343,11.0,14014.835,68.238,35.783,-0.5,-3.201,-8.096,-1.386,14.665,2744.629,5.78,6963.852,35.856,17.78,2.773,0.851,31.537,9.497,0.02,14975.116,,,,,0.124,38.235,0.871,0.26,0.0,-7.204,-0.068,123.461,0.0,413.389,1.613,0.0,1.055,7654.572,82.48,28.434,2.564,14.849,2478.714,5.22,7050.982,32.382,18.003,-10.183,-0.081,0.675,118.712,0.25,320.313,1.551,0.818,5.336,0.001,0.016,4.748,0.01,7.564,0.062,0.019
Slovenia,2019,SVN,2112905,,30.595,0.257,520.103,1.099,118.321,0.25,1.573,1.372,263.688,-5.461,-0.704,5771.447,12.195,2120.303,4.48,,,,,28.194,15.226,15.57,15.89,19.84,-2.896,-2.389,37905.922,,-4.037,-2.138,2380.609,5.03,24055.762,50.828,31.655,63.462,0.428,0.037,8.567,255.572,0.54,4054.659,,,,,3.398,10.697,4.19,-4.781,-0.639,11.808,2120.303,4.48,5588.307,28.194,14.743,0.92,-0.25,29.264,5139.843,10.86,13850.158,68.345,36.538,-0.32,-2.055,0.776,0.059,14.725,2754.502,5.82,6968.929,36.627,18.385,-4.663,-1.471,30.066,4.733,0.01,14229.654,,,,,0.063,37.539,0.818,0.25,0.0,-6.052,-0.053,118.321,0.0,387.088,1.573,0.0,1.021,7520.452,80.092,1.056,-0.309,14.539,2385.342,5.04,6881.229,31.718,18.153,18.857,0.124,0.799,141.985,0.3,378.059,1.888,0.997,2.143,0.0,0.016,4.733,0.01,7.672,0.063,0.02
Slovenia,2020,SVN,2117648,,-1.657,-0.018,510.341,1.081,127.5,0.27,1.599,1.397,245.708,-3.697,-0.451,5545.615,11.744,2058.888,4.36,,,,,25.814,15.176,14.89,16.89,21.826,-3.379,-2.707,36542.867,,-10.547,-5.361,2342.221,4.96,21470.514,45.467,29.366,58.754,-0.181,-0.016,8.552,273.889,0.58,4038.256,,,,,3.434,11.051,4.15,10.15,1.151,12.958,2328.054,4.93,6119.18,29.189,16.745,8.812,2.654,31.918,5633.609,11.93,15072.351,70.634,41.246,-2.0,-13.432,9.13,1.285,16.01,2998.61,6.35,7560.318,37.596,20.689,-16.278,-4.894,25.172,9.444,0.02,11886.644,,,,,0.118,32.528,0.885,0.27,0.0,8.261,0.068,127.5,0.0,418.126,1.599,0.0,1.144,7975.83,77.385,8.511,1.368,15.908,2634.999,5.58,7512.033,33.037,20.557,21.501,0.168,0.967,174.722,0.37,456.634,2.191,1.25,1.642,0.0,0.016,4.722,0.01,7.752,0.059,0.021
Slovenia,2021,SVN,2119408,,10.247,0.111,562.168,1.191,127.394,0.27,1.732,1.554,238.614,-8.144,-0.956,5089.76,10.787,1816.545,3.85,,,,,24.695,14.07,15.32,15.59,20.334,-0.922,-0.714,36175.777,,2.768,1.259,2094.925,4.44,22046.527,46.726,28.48,60.943,5.326,0.455,9.007,245.352,0.52,4249.795,,,,,3.335,11.748,3.72,-4.49,-0.627,12.331,2222.319,4.71,5818.19,30.212,16.083,-5.148,-1.972,29.946,5260.903,11.15,14129.253,71.52,39.057,-0.27,-1.762,-10.182,-1.683,14.327,2694.149,5.71,6760.082,36.626,18.687,6.99,1.76,26.931,33.028,0.07,12706.972,,,,,0.449,35.126,0.895,0.27,0.0,1.126,0.01,127.394,0.0,422.483,1.732,0.0,1.168,7355.828,76.671,-0.351,-0.29,15.618,2566.754,5.44,7369.171,34.894,20.37,23.063,0.219,1.186,212.323,0.45,559.425,2.886,1.546,-10.526,-0.002,0.015,4.718,0.01,6.905,0.064,0.019
Slovenia,2022,SVN,2119843,,-26.788,-0.319,411.491,0.872,136.803,0.29,2.185,1.197,237.378,-23.093,-2.491,3913.589,8.296,1514.263,3.21,,,,,24.19,11.38,14.72,13.27,18.202,-4.914,-3.768,34391.094,,1.753,0.819,1768.999,3.75,22428.342,47.545,28.259,65.216,-11.792,-1.062,7.945,221.715,0.47,3747.877,,,,,3.542,10.898,3.15,-33.194,-4.123,8.208,1504.828,3.19,3871.919,24.039,11.258,-15.525,-4.587,25.359,4490.898,9.52,11962.749,71.741,34.784,1.45,9.851,-1.76,-0.304,14.024,2636.988,5.59,6615.506,42.125,19.236,16.235,4.372,31.303,33.021,0.07,14766.875,,,,,0.528,42.938,0.841,0.29,0.0,-6.059,-0.054,136.803,0.0,396.803,2.185,0.0,1.154,6259.898,72.904,-27.348,-4.283,11.335,1853.911,3.93,5347.244,29.616,15.548,18.431,0.213,1.399,207.563,0.44,659.979,3.316,1.919,2.511,0.0,0.015,4.717,0.01,7.051,0.075,0.021
Solomon Islands,1980,SLB,233681,,,,,,,,,,,,,,,,,,,0.0,0.0,,,,,,,,1847.984,,,,,,,,,,,,,,,,,,0.0,0.0,,,,,,,,,,,,,,,,,,,,,,,,,,,,,,,,,,,,,,0.0,0.0,,,,,,,,,,,,,,,0.432,,,,,,,,,,,,,,,,,,,,,,,,
Solomon Islands,1981,SLB,241840,,,,,,,,,,,,,,,,,,0.0,0.0,0.0,,,,,,42.467,0.183,2543.942,,,,,,,,,,,,,,,,,0.0,0.0,0.0,,,,,,,,,,,,,,,,,,,,,,,,,,,,,,,,,,,,,0.0,0.0,0.0,,,,,,,,,,,,,,,0.615,,,,,,,,,,,,,,,,,,,,,,,,
Solomon Islands,1982,SLB,250262,,,,,,,,,,,,,,,,,,0.0,0.0,0.0,,,,,,-10.0,-0.062,2212.499,,,,,,,,,,,,,,,,,0.0,0.0,0.0,,,,,,,,,,,,,,,,,,,,,,,,,,,,,,,,,,,,,0.0,0.0,0.0,,,,,,,,,,,,,,,0.554,,,,,,,,,,,,,,,,,,,,,,,,
Solomon Islands,1983,SLB,258962,,,,,,,,,,,,,,,,,,0.0,0.0,0.0,,,,,,11.111,0.062,2375.743,,,,,,,,,,,,,,,,,0.0,0.0,0.0,,,,,,,,,,,,,,,,,,,,,,,,,,,,,,,,,,,,,0.0,0.0,0.0,,,,,,,,,,,,,,,0.615,,,,,,,,,,,,,,,,,,,,,,,,
Solomon Islands,1984,SLB,267920,,,,,,,,,,,,,,,,,,0.0,0.0,0.0,,,,,,0.274,0.002,2302.6,,,,,,,,,,,,,,,,,0.0,0.0,0.0,,,,,,,,,,,,,,,,,,,,,,,,,,,,,,,,,,,,,0.0,0.0,0.0,,,,,,,,,,,,,,,0.617,,,,,,,,,,,,,,,,,,,,,,,,
Solomon Islands,1985,SLB,277169,,,,,,,,,,,,,,,,,,0.0,0.0,0.0,,,,,,-10.246,-0.063,1997.714,,,,,,,,,,,,,,,,,0.0,0.0,0.0,,,,,,,,,,,,,,,,,,,,,,,,,,,,,,,,,,,,,0.0,0.0,0.0,,,,,,,,,,,,,,,0.554,,,,,,,,,,,,,,,,,,,,,,,,
Solomon Islands,1986,SLB,286534,,,,,,,,,,,,,,,,,,0.0,0.0,0.0,,,,,,-8.759,-0.048,1763.162,,,,,,,,,,,,,,,,,0.0,0.0,0.0,,,,,,,,,,,,,,,,,,,,,,,,,,,,,,,,,,,,,0.0,0.0,0.0,,,,,,,,,,,,,,,0.505,,,,,,,,,,,,,,,,,,,,,,,,
Solomon Islands,1987,SLB,295851,,,,,,,,,,,,,,,,,,0.0,0.0,0.0,,,,,,16.562,0.084,1990.456,,,,,,,,,,,,,,,,,0.0,0.0,0.0,,,,,,,,,,,,,,,,,,,,,,,,,,,,,,,,,,,,,0.0,0.0,0.0,,,,,,,,,,,,,,,0.589,,,,,,,,,,,,,,,,,,,,,,,,
Solomon Islands,1988,SLB,305141,,,,,,,,,,,,,,,,,,0.0,0.0,0.0,,,,,,19.829,0.117,2312.532,,,,,,,,,,,,,,,,,0.0,0.0,0.0,,,,,,,,,,,,,,,,,,,,,,,,,,,,,,,,,,,,,0.0,0.0,0.0,,,,,,,,,,,,,,,0.706,,,,,,,,,,,,,,,,,,,,,,,,
Solomon Islands,1989,SLB,314572,,,,,,,,,,,,,,,,,,0.0,0.0,0.0,,,,,,-0.237,-0.002,2237.88,,,,,,,,,,,,,,,,,0.0,0.0,0.0,,,,,,,,,,,,,,,,,,,,,,,,,,,,,,,,,,,,,0.0,0.0,0.0,,,,,,,,,,,,,,,0.704,,,,,,,,,,,,,,,,,,,,,,,,
Solomon Islands,1990,SLB,324184,,,,,,,,,,,,,,,,,,0.0,0.0,0.0,,,,,,0.0,0.0,2171.527,,,,,,,,,,,,,,,,,0.0,0.0,0.0,,,,,,,,,,,,,,,,,,,,,,,,,,,,,,,,,,,,,0.0,0.0,0.0,,,,,,,,,,,,,,,0.704,,,,,,,,,,,,,,,,,,,,,,,,
Solomon Islands,1991,SLB,333960,,,,,,,,,,,,,,,,,,0.0,0.0,0.0,,,,,,0.0,0.0,2107.96,,,,,,,,,,,,,,,,,0.0,0.0,0.0,,,,,,,,,,,,,,,,,,,,,,,,,,,,,,,,,,,,,0.0,0.0,0.0,,,,,,,,,,,,,,,0.704,,,,,,,,,,,,,,,,,,,,,,,,
Solomon Islands,1992,SLB,343929,,,,,,,,,,,,,,,,,,0.0,0.0,0.0,,,,,,0.238,0.002,2051.727,,,,,,,,,,,,,,,,,0.0,0.0,0.0,,,,,,,,,,,,,,,,,,,,,,,,,,,,,,,,,,,,,0.0,0.0,0.0,,,,,,,,,,,,,,,0.706,,,,,,,,,,,,,,,,,,,,,,,,
Solomon Islands,1993,SLB,354097,,,,,,,,,,,,,,,,,,0.0,0.0,0.0,,,,,,-0.237,-0.002,1988.083,,,,,,,,,,,,,,,,,0.0,0.0,0.0,,,,,,,,,,,,,,,,,,,,,,,,,,,,,,,,,,,,,0.0,0.0,0.0,,,,,,,,,,,,,,,0.704,,,,,,,,,,,,,,,,,,,,,,,,
Solomon Islands,1994,SLB,364510,,,,,,,,,,,,,,,,,,0.0,0.0,0.0,,,,,,0.0,0.0,1931.289,,,,,,,,,,,,,,,,,0.0,0.0,0.0,,,,,,,,,,,,,,,,,,,,,,,,,,,,,,,,,,,,,0.0,0.0,0.0,,,,,,,,,,,,,,,0.704,,,,,,,,,,,,,,,,,,,,,,,,
Solomon Islands,1995,SLB,375198,,,,,,,,,,,,,,,,,,0.0,0.0,0.0,,,,,,0.0,0.0,1876.274,,,,,,,,,,,,,,,,,0.0,0.0,0.0,,,,,,,,,,,,,,,,,,,,,,,,,,,,,,,,,,,,,0.0,0.0,0.0,,,,,,,,,,,,,,,0.704,,,,,,,,,,,,,,,,,,,,,,,,
Solomon Islands,1996,SLB,386084,,,,,,,,,,,,,,,,,,0.0,0.0,0.0,,,,,,0.238,0.002,1827.707,,,,,,,,,,,,,,,,,0.0,0.0,0.0,,,,,,,,,,,,,,,,,,,,,,,,,,,,,,,,,,,,,0.0,0.0,0.0,,,,,,,,,,,,,,,0.706,,,,,,,,,,,,,,,,,,,,,,,,
Solomon Islands,1997,SLB,397059,,,,,,,,,,,,,,,,,,0.0,0.0,0.0,,,,,,-0.237,-0.002,1772.971,,,,,,,,,,,,,,,,,0.0,0.0,0.0,,,,,,,,,,,,,,,,,,,,,,,,,,,,,,,,,,,,,0.0,0.0,0.0,,,,,,,,,,,,,,,0.704,,,,,,,,,,,,,,,,,,,,,,,,
Solomon Islands,1998,SLB,408151,,,,,,,,,,,,,,,,,,0.0,0.0,0.0,,,,,,0.0,0.0,1724.789,,,,,,,,,,,,,,,,,0.0,0.0,0.0,,,,,,,,,,,,,,,,,,,,,,,,,,,,,,,,,,,,,0.0,0.0,0.0,,,,,,,,,,,,,,,0.704,,,,,,,,,,,,,,,,,,,,,,,,
Solomon Islands,1999,SLB,419242,,,,,,,,,,,,,,,,,,0.0,0.0,0.0,,,,,,0.001,0.0,1679.175,,,,,,,,,,,,,,,,,0.0,0.0,0.0,,,,,,,,,,,,,,,,,,,,,,,,,,,,,,,,,,,,,0.0,0.0,0.0,,,,,,,,,,,,,,,0.704,,,,,,,,,,,,,,,,,,,,,,,,
Solomon Islands,2000,SLB,429986,,,,,,0.0,0.0,0.0,,666.667,,,,,0.0,0.0,,0.0,0.0,0.0,0.0,,0.06,0.06,,50.042,0.352,2456.513,,,,139.539,0.06,,,100.0,,,,,0.0,0.0,,,0.0,0.0,0.0,0.0,,0.04,,,,0.0,0.0,,0.0,,,,,0.0,0.0,,0.0,,0.0,0.0,,,,0.0,0.0,,0.0,,,,,139.539,0.06,,,0.0,0.0,0.0,100.0,,,0.0,0.0,,,0.0,0.0,,0.0,0.0,,139.539,1.056,,,,0.0,0.0,,0.0,,,,,0.0,0.0,,0.0,,,,,0.0,0.0,,0.0,
Solomon Islands,2001,SLB,440403,,,,,,0.0,0.0,0.0,,666.667,,,,,0.0,0.0,,0.0,0.0,0.0,0.0,,0.06,0.06,,4.595,0.049,2508.614,,,,136.239,0.06,,,100.0,,,,,0.0,0.0,,,0.0,0.0,0.0,0.0,,0.04,,,,0.0,0.0,,0.0,,,,,0.0,0.0,,0.0,,0.0,0.0,,,,0.0,0.0,,0.0,,,,,136.239,0.06,,,0.0,0.0,0.0,100.0,,,0.0,0.0,,,0.0,0.0,,0.0,0.0,,136.239,1.105,,,,0.0,0.0,,0.0,,,,,0.0,0.0,,0.0,,,,,0.0,0.0,,0.0,
Solomon Islands,2002,SLB,450773,,,,,,0.0,0.0,0.0,,666.667,,,,,0.0,0.0,,0.0,0.0,0.0,0.0,,0.06,0.06,,3.339,0.037,2532.751,,,,133.105,0.06,,,100.0,,,,,0.0,0.0,,,0.0,0.0,0.0,0.0,,0.04,,,,0.0,0.0,,0.0,,,,,0.0,0.0,,0.0,,0.0,0.0,,,,0.0,0.0,,0.0,,,,,133.105,0.06,,,0.0,0.0,0.0,100.0,,,0.0,0.0,,,0.0,0.0,,0.0,0.0,,133.105,1.142,,,,0.0,0.0,,0.0,,,,,0.0,0.0,,0.0,,,,,0.0,0.0,,0.0,
Solomon Islands,2003,SLB,461226,,,,,,0.0,0.0,0.0,,666.667,,,,,0.0,0.0,,0.0,0.0,0.0,0.0,,0.06,0.06,,4.514,0.052,2587.097,,,,130.088,0.06,,,100.0,,,,,0.0,0.0,,,0.0,0.0,0.0,0.0,,0.04,,,,0.0,0.0,,0.0,,,,,0.0,0.0,,0.0,,0.0,0.0,,,,0.0,0.0,,0.0,,,,,130.088,0.06,,,0.0,0.0,0.0,100.0,,,0.0,0.0,,,0.0,0.0,,0.0,0.0,,130.088,1.193,,,,0.0,0.0,,0.0,,,,,0.0,0.0,,0.0,,,,,0.0,0.0,,0.0,
Solomon Islands,2004,SLB,471796,,,,,,0.0,0.0,0.0,,666.667,,,,,0.0,0.0,,0.0,0.0,0.0,0.0,,0.06,0.06,,6.359,0.076,2689.96,,,,127.174,0.06,,,100.0,,,,,0.0,0.0,,,0.0,0.0,0.0,0.0,,0.04,,,,0.0,0.0,,0.0,,,,,0.0,0.0,,0.0,,0.0,0.0,,,,0.0,0.0,,0.0,,,,,127.174,0.06,,,0.0,0.0,0.0,100.0,,,0.0,0.0,,,0.0,0.0,,0.0,0.0,,127.174,1.269,,,,0.0,0.0,,0.0,,,,,0.0,0.0,,0.0,,,,,0.0,0.0,,0.0,
Solomon Islands,2005,SLB,482496,,,,,,0.0,0.0,0.0,,714.286,,,,,0.0,0.0,,0.0,0.0,0.0,0.0,,0.07,0.07,,2.492,0.032,2695.842,,,,145.079,0.07,,,100.0,,,,,0.0,0.0,,,0.0,0.0,0.0,0.0,,0.05,,,,0.0,0.0,,0.0,,,,,0.0,0.0,,0.0,,0.0,0.0,,,,0.0,0.0,,0.0,,,,,145.079,0.07,,,0.0,0.0,0.0,100.0,,,0.0,0.0,,,0.0,0.0,,0.0,0.0,,145.079,1.301,,,,0.0,0.0,,0.0,,,,,0.0,0.0,,0.0,,,,,0.0,0.0,,0.0,
Solomon Islands,2006,SLB,493438,,,,,,0.0,0.0,0.0,,714.286,,,,,0.0,0.0,,0.0,0.0,0.0,0.0,,0.07,0.07,,3.74,0.049,2734.638,,,,141.862,0.07,,,100.0,,,,,0.0,0.0,,,0.0,0.0,0.0,0.0,,0.05,,,,0.0,0.0,,0.0,,,,,0.0,0.0,,0.0,,0.0,0.0,,,,0.0,0.0,,0.0,,,,,141.862,0.07,,,0.0,0.0,0.0,100.0,,,0.0,0.0,,,0.0,0.0,,0.0,0.0,,141.862,1.349,,,,0.0,0.0,,0.0,,,,,0.0,0.0,,0.0,,,,,0.0,0.0,,0.0,
Solomon Islands,2007,SLB,504624,,,,,,0.0,0.0,0.0,,750.0,,,,,0.0,0.0,,0.0,0.0,0.0,0.0,,0.08,0.08,,6.599,0.089,2850.482,,,,158.534,0.08,,,100.0,,,,,0.0,0.0,,,0.0,0.0,0.0,0.0,,0.06,,,,0.0,0.0,,0.0,,,,,0.0,0.0,,0.0,,0.0,0.0,,,,0.0,0.0,,0.0,,,,,158.534,0.08,,,0.0,0.0,0.0,100.0,,,0.0,0.0,,,0.0,0.0,,0.0,0.0,,158.534,1.438,,,,0.0,0.0,,0.0,,,,,0.0,0.0,,0.0,,,,,0.0,0.0,,0.0,
Solomon Islands,2008,SLB,516010,,,,,,0.0,0.0,0.0,,750.0,,,,,0.0,0.0,,0.0,0.0,0.0,0.0,,0.08,0.08,,1.481,0.021,2828.88,,,,155.036,0.08,,,100.0,,,,,0.0,0.0,,,0.0,0.0,0.0,0.0,,0.06,,,,0.0,0.0,,0.0,,,,,0.0,0.0,,0.0,,0.0,0.0,,,,0.0,0.0,,0.0,,,,,155.036,0.08,,,0.0,0.0,0.0,100.0,,,0.0,0.0,,,0.0,0.0,,0.0,0.0,,155.036,1.46,,,,0.0,0.0,,0.0,,,,,0.0,0.0,,0.0,,,,,0.0,0.0,,0.0,
Solomon Islands,2009,SLB,527844,,,,,,0.0,0.0,0.0,,750.0,,,,,0.0,0.0,,0.0,0.0,0.0,0.0,,0.08,0.08,,3.492,0.051,2862.027,,,,151.56,0.08,,,100.0,,,,,0.0,0.0,,,0.0,0.0,0.0,0.0,,0.06,,,,0.0,0.0,,0.0,,,,,0.0,0.0,,0.0,,0.0,0.0,,,,0.0,0.0,,0.0,,,,,151.56,0.08,,,0.0,0.0,0.0,100.0,,,0.0,0.0,,,0.0,0.0,,0.0,0.0,,151.56,1.511,,,,0.0,0.0,,0.0,,,,,0.0,0.0,,0.0,,,,,0.0,0.0,,0.0,
Solomon Islands,2010,SLB,540402,,,,,,0.0,0.0,0.0,,750.0,,,,,0.0,0.0,,0.0,0.0,0.0,0.0,,0.08,0.08,,3.031,0.046,2880.25,,,,148.038,0.08,,,100.0,,,,,0.0,0.0,,,0.0,0.0,0.0,0.0,,0.06,,,,0.0,0.0,,0.0,,,,,0.0,0.0,,0.0,,0.0,0.0,,,,0.0,0.0,,0.0,,,,,148.038,0.08,,,0.0,0.0,0.0,100.0,,,0.0,0.0,,,0.0,0.0,,0.0,0.0,,148.038,1.556,,,,0.0,0.0,,0.0,,,,,0.0,0.0,,0.0,,,,,0.0,0.0,,0.0,
Solomon Islands,2011,SLB,553727,,,,,,0.0,0.0,0.0,,750.0,,,,,0.0,0.0,,0.0,0.0,0.0,0.0,,0.08,0.08,,3.824,0.06,2918.432,,,,144.476,0.08,,,100.0,,,,,0.0,0.0,,,0.0,0.0,0.0,0.0,,0.06,,,,0.0,0.0,,0.0,,,,,0.0,0.0,,0.0,,0.0,0.0,,,,0.0,0.0,,0.0,,,,,144.476,0.08,,,0.0,0.0,0.0,100.0,,,0.0,0.0,,,0.0,0.0,,0.0,0.0,,144.476,1.616,,,,0.0,0.0,,0.0,,,,,0.0,0.0,,0.0,,,,,0.0,0.0,,0.0,
Solomon Islands,2012,SLB,567771,,,,,,0.0,0.0,0.0,,750.0,,,,,0.0,0.0,,0.0,0.0,0.0,0.0,,0.08,0.08,,0.285,0.005,2854.352,,,,140.902,0.08,,,100.0,,,,,0.0,0.0,,,0.0,0.0,0.0,0.0,,0.06,,,,0.0,0.0,,0.0,,,,,0.0,0.0,,0.0,,0.0,0.0,,,,0.0,0.0,,0.0,,,,,140.902,0.08,,,0.0,0.0,0.0,100.0,,,0.0,0.0,,,0.0,0.0,,0.0,0.0,,140.902,1.621,,,,0.0,0.0,,0.0,,,,,0.0,0.0,,0.0,,,,,0.0,0.0,,0.0,
Solomon Islands,2013,SLB,582369,,,,,,0.0,0.0,0.0,,666.667,,,,,0.0,0.0,,0.0,0.0,0.0,0.0,,0.09,0.09,,-0.397,-0.006,2771.765,,,,154.541,0.09,,,100.0,,,,,0.0,0.0,,,0.0,0.0,0.0,0.0,,0.06,,,,0.0,0.0,,0.0,,,,,0.0,0.0,,0.0,,0.0,0.0,,,,0.0,0.0,,0.0,,,,,154.541,0.09,,,0.0,0.0,0.0,100.0,,,0.0,0.0,,,0.0,0.0,,0.0,0.0,,154.541,1.614,,,,0.0,0.0,,0.0,,,,,0.0,0.0,,0.0,,,,,0.0,0.0,,0.0,
Solomon Islands,2014,SLB,597386,,,,,,0.0,0.0,0.0,,666.667,,,,,0.0,0.0,,0.0,0.0,0.0,0.0,,0.09,0.09,,-5.852,-0.094,2543.96,,,,150.656,0.09,,,100.0,,,,,0.0,0.0,,,0.0,0.0,0.0,0.0,,0.06,,,,0.0,0.0,,0.0,,,,,0.0,0.0,,0.0,,0.0,0.0,,,,0.0,0.0,,0.0,,,,,150.656,0.09,,,0.0,0.0,0.0,100.0,,,0.0,0.0,,,0.0,0.0,,0.0,0.0,,150.656,1.52,,,,0.0,0.0,,0.0,,,,,0.0,0.0,,0.0,,,,,0.0,0.0,,0.0,
Solomon Islands,2015,SLB,612670,,,,,,0.0,0.0,0.0,,666.667,,,,,0.0,0.0,,0.0,0.0,0.0,0.0,,0.09,0.09,,-8.639,-0.131,2266.201,,,,146.898,0.09,,,100.0,,,,,0.0,0.0,,,0.0,0.0,0.0,0.0,,0.06,,,,0.0,0.0,,0.0,,,,,0.0,0.0,,0.0,,0.0,0.0,,,,0.0,0.0,,0.0,,,,,146.898,0.09,,,0.0,0.0,0.0,100.0,,,0.0,0.0,,,0.0,0.0,,0.0,0.0,,146.898,1.388,,,,0.0,0.0,,0.0,,,,,0.0,0.0,,0.0,,,,,0.0,0.0,,0.0,
Solomon Islands,2016,SLB,628110,,,,,,0.0,0.0,0.0,,700.0,,,,,0.0,0.0,,0.0,0.0,0.0,0.0,,0.1,0.1,,-3.883,-0.054,2124.666,,,,159.208,0.1,,,100.0,,,,,0.0,0.0,,,0.0,0.0,0.0,0.0,,0.07,,,,0.0,0.0,,0.0,,,,,0.0,0.0,,0.0,,0.0,0.0,,,,0.0,0.0,,0.0,,,,,159.208,0.1,,,0.0,0.0,0.0,100.0,,,0.0,0.0,,,0.0,0.0,,0.0,0.0,,159.208,1.335,,,,0.0,0.0,,0.0,,,,,0.0,0.0,,0.0,,,,,0.0,0.0,,0.0,
Solomon Islands,2017,SLB,643641,,,,,,0.0,0.0,0.0,,700.0,,,,,0.0,0.0,,,,,0.0,,0.1,0.1,,-0.576,-0.008,2061.452,,,,155.366,0.1,,,100.0,,,,,0.0,0.0,,,,,,0.0,,0.07,,,,0.0,0.0,,0.0,,,,,0.0,0.0,,0.0,,0.0,0.0,,,,0.0,0.0,,0.0,,,,,155.366,0.1,,,,,,100.0,,,0.0,0.0,,,0.0,0.0,,0.0,0.0,,155.366,1.327,,,,0.0,0.0,,0.0,,,,,0.0,0.0,,0.0,,,,,0.0,0.0,,0.0,
Solomon Islands,2018,SLB,659259,,,,,,0.0,0.0,0.0,,700.0,,,,,0.0,0.0,,,,,0.0,,0.1,0.1,,4.72,0.063,2107.609,,,,151.685,0.1,,,100.0,,,,,0.0,0.0,,,,,,0.0,,0.07,,,,0.0,0.0,,0.0,,,,,0.0,0.0,,0.0,,0.0,0.0,,,,0.0,0.0,,0.0,,,,,151.685,0.1,,,,,,100.0,,,0.0,0.0,,,0.0,0.0,,0.0,0.0,,151.685,1.389,,,,0.0,0.0,,0.0,,,,,0.0,0.0,,0.0,,,,,0.0,0.0,,0.0,
Solomon Islands,2019,SLB,675000,,,,,,0.0,0.0,0.0,,700.0,,,,,0.0,0.0,,,,,0.0,,0.1,0.1,,-1.51,-0.021,2027.376,,,,148.148,0.1,,,100.0,,,,,0.0,0.0,,,,,,0.0,,0.07,,,,0.0,0.0,,0.0,,,,,0.0,0.0,,0.0,,0.0,0.0,,,,0.0,0.0,,0.0,,,,,148.148,0.1,,,,,,100.0,,,0.0,0.0,,,0.0,0.0,,0.0,0.0,,148.148,1.368,,,,0.0,0.0,,0.0,,,,,0.0,0.0,,0.0,,,,,0.0,0.0,,0.0,
Solomon Islands,2020,SLB,691198,,,,,,0.0,0.0,0.0,,700.0,,,,,0.0,0.0,,,,,0.0,,0.1,0.1,,-5.179,-0.071,1877.319,,,,144.676,0.1,,,100.0,,,,,0.0,0.0,,,,,,0.0,,0.07,,,,0.0,0.0,,0.0,,,,,0.0,0.0,,0.0,,0.0,0.0,,,,0.0,0.0,,0.0,,,,,144.676,0.1,,,,,,100.0,,,0.0,0.0,,,0.0,0.0,,0.0,0.0,,144.676,1.298,,,,0.0,0.0,,0.0,,,,,0.0,0.0,,0.0,,,,,0.0,0.0,,0.0,
Solomon Islands,2021,SLB,707855,,,,,,0.0,0.0,0.0,,727.273,,,,,0.0,0.0,,,,,0.0,,0.11,0.11,,3.218,0.042,1892.131,,,,155.399,0.11,,,100.0,,,,,0.0,0.0,,,,,,0.0,,0.08,,,,0.0,0.0,,0.0,,,,,0.0,0.0,,0.0,,0.0,0.0,,,,0.0,0.0,,0.0,,,,,155.399,0.11,,,,,,100.0,,,0.0,0.0,,,0.0,0.0,,0.0,0.0,,155.399,1.339,,,,0.0,0.0,,0.0,,,,,0.0,0.0,,0.0,,,,,0.0,0.0,,0.0,
Somalia,1980,SOM,5892226,,,,,,,,,,,,,,,,,,,0.0,0.0,,,,,,,,818.926,,,,,,,,,,,,,,,,,,0.0,0.0,,,,,,,,,,,,,,,,,,,,,,,,,,,,,,,,,,,,,,0.0,0.0,,,,,,,,,,,,,,,4.825,,,,,,,,,,,,,,,,,,,,,,,,
Somalia,1981,SOM,5934940,,,,,,,,,,,,,,,,,,0.0,0.0,0.0,,,,,,16.138,0.779,944.236,,,,,,,,,,,,,,,,,0.0,0.0,0.0,,,,,,,,,,,,,,,,,,,,,,,,,,,,,,,,,,,,,0.0,0.0,0.0,,,,,,,,,,,,,,,5.604,,,,,,,,,,,,,,,,,,,,,,,,
Somalia,1982,SOM,5951818,,,,,,,,,,,,,,,,,,0.0,0.0,0.0,,,,,,-1.087,-0.061,931.324,,,,,,,,,,,,,,,,,0.0,0.0,0.0,,,,,,,,,,,,,,,,,,,,,,,,,,,,,,,,,,,,,0.0,0.0,0.0,,,,,,,,,,,,,,,5.543,,,,,,,,,,,,,,,,,,,,,,,,
Somalia,1983,SOM,6142513,,,,,,,,,,,,,,,,,,0.0,0.0,0.0,,,,,,-2.198,-0.122,882.577,,,,,,,,,,,,,,,,,0.0,0.0,0.0,,,,,,,,,,,,,,,,,,,,,,,,,,,,,,,,,,,,,0.0,0.0,0.0,,,,,,,,,,,,,,,5.421,,,,,,,,,,,,,,,,,,,,,,,,
Somalia,1984,SOM,6369022,,,,,,,,,,,,,,,,,,0.0,0.0,0.0,,,,,,3.654,0.198,882.292,,,,,,,,,,,,,,,,,0.0,0.0,0.0,,,,,,,,,,,,,,,,,,,,,,,,,,,,,,,,,,,,,0.0,0.0,0.0,,,,,,,,,,,,,,,5.619,,,,,,,,,,,,,,,,,,,,,,,,
Somalia,1985,SOM,6630642,,,,,,,,,,,,,,,,,,0.0,0.0,0.0,,,,,,-1.357,-0.076,835.978,,,,,,,,,,,,,,,,,0.0,0.0,0.0,,,,,,,,,,,,,,,,,,,,,,,,,,,,,,,,,,,,,0.0,0.0,0.0,,,,,,,,,,,,,,,5.543,,,,,,,,,,,,,,,,,,,,,,,,
Somalia,1986,SOM,6908582,,,,,,,,,,,,,,,,,,0.0,0.0,0.0,,,,,,6.711,0.372,856.191,,,,,,,,,,,,,,,,,0.0,0.0,0.0,,,,,,,,,,,,,,,,,,,,,,,,,,,,,,,,,,,,,0.0,0.0,0.0,,,,,,,,,,,,,,,5.915,,,,,,,,,,,,,,,,,,,,,,,,
Somalia,1987,SOM,7158006,,,,,,,,,,,,,,,,,,0.0,0.0,0.0,,,,,,-26.118,-1.545,610.525,,,,,,,,,,,,,,,,,0.0,0.0,0.0,,,,,,,,,,,,,,,,,,,,,,,,,,,,,,,,,,,,,0.0,0.0,0.0,,,,,,,,,,,,,,,4.37,,,,,,,,,,,,,,,,,,,,,,,,
Somalia,1988,SOM,7160467,,,,,,,,,,,,,,,,,,0.0,0.0,0.0,,,,,,0.306,0.013,612.185,,,,,,,,,,,,,,,,,0.0,0.0,0.0,,,,,,,,,,,,,,,,,,,,,,,,,,,,,,,,,,,,,0.0,0.0,0.0,,,,,,,,,,,,,,,4.384,,,,,,,,,,,,,,,,,,,,,,,,
Somalia,1989,SOM,7035382,,,,,,,,,,,,,,,,,,0.0,0.0,0.0,,,,,,2.431,0.107,638.217,,,,,,,,,,,,,,,,,0.0,0.0,0.0,,,,,,,,,,,,,,,,,,,,,,,,,,,,,,,,,,,,,0.0,0.0,0.0,,,,,,,,,,,,,,,4.49,,,,,,,,,,,,,,,,,,,,,,,,
Somalia,1990,SOM,6999098,,,,,,,,,,,,,,,,,,0.0,0.0,0.0,,,,,,-9.39,-0.422,581.289,,,,,,,,,,,,,,,,,0.0,0.0,0.0,,,,,,,,,,,,,,,,,,,,,,,,,,,,,,,,,,,,,0.0,0.0,0.0,,,,,,,,,,,,,,,4.068,,,,,,,,,,,,,,,,,,,,,,,,
Somalia,1991,SOM,6732711,,,,,,,,,,,,,,,,,,0.0,0.0,0.0,,,,,,-40.408,-1.644,360.107,,,,,,,,,,,,,,,,,0.0,0.0,0.0,,,,,,,,,,,,,,,,,,,,,,,,,,,,,,,,,,,,,0.0,0.0,0.0,,,,,,,,,,,,,,,2.424,,,,,,,,,,,,,,,,,,,,,,,,
Somalia,1992,SOM,6428147,,,,,,,,,,,,,,,,,,0.0,0.0,0.0,,,,,,-7.067,-0.171,350.513,,,,,,,,,,,,,,,,,0.0,0.0,0.0,,,,,,,,,,,,,,,,,,,,,,,,,,,,,,,,,,,,,0.0,0.0,0.0,,,,,,,,,,,,,,,2.253,,,,,,,,,,,,,,,,,,,,,,,,
Somalia,1993,SOM,6620734,,,,,,,,,,,,,,,,,,0.0,0.0,0.0,,,,,,5.246,0.118,358.172,,,,,,,,,,,,,,,,,0.0,0.0,0.0,,,,,,,,,,,,,,,,,,,,,,,,,,,,,,,,,,,,,0.0,0.0,0.0,,,,,,,,,,,,,,,2.371,,,,,,,,,,,,,,,,,,,,,,,,
Somalia,1994,SOM,6959837,,,,,,,,,,,,,,,,,,0.0,0.0,0.0,,,,,,0.0,0.0,340.721,,,,,,,,,,,,,,,,,0.0,0.0,0.0,,,,,,,,,,,,,,,,,,,,,,,,,,,,,,,,,,,,,0.0,0.0,0.0,,,,,,,,,,,,,,,2.371,,,,,,,,,,,,,,,,,,,,,,,,
Somalia,1995,SOM,7210931,,,,,,,,,,,,,,,,,,0.0,0.0,0.0,,,,,,0.0,0.0,328.856,,,,,,,,,,,,,,,,,0.0,0.0,0.0,,,,,,,,,,,,,,,,,,,,,,,,,,,,,,,,,,,,,0.0,0.0,0.0,,,,,,,,,,,,,,,2.371,,,,,,,,,,,,,,,,,,,,,,,,
Somalia,1996,SOM,7472453,,,,,,,,,,,,,,,,,,0.0,0.0,0.0,,,,,,0.274,0.006,318.217,,,,,,,,,,,,,,,,,0.0,0.0,0.0,,,,,,,,,,,,,,,,,,,,,,,,,,,,,,,,,,,,,0.0,0.0,0.0,,,,,,,,,,,,,,,2.378,,,,,,,,,,,,,,,,,,,,,,,,
Somalia,1997,SOM,7734311,,,,,,,,,,,,,,,,,,0.0,0.0,0.0,,,,,,-0.273,-0.006,306.603,,,,,,,,,,,,,,,,,0.0,0.0,0.0,,,,,,,,,,,,,,,,,,,,,,,,,,,,,,,,,,,,,0.0,0.0,0.0,,,,,,,,,,,,,,,2.371,,,,,,,,,,,,,,,,,,,,,,,,
Somalia,1998,SOM,8056861,,,,,,,,,,,,,,,,,,0.0,0.0,0.0,,,,,,0.0,0.0,294.328,,,,,,,,,,,,,,,,,0.0,0.0,0.0,,,,,,,,,,,,,,,,,,,,,,,,,,,,,,,,,,,,,0.0,0.0,0.0,,,,,,,,,,,,,,,2.371,,,,,,,,,,,,,,,,,,,,,,,,
Somalia,1999,SOM,8384475,,,,,,,,,,,,,,,,,,0.0,0.0,0.0,,,,,,0.0,0.0,282.828,,,,,,,,,,,,,,,,,0.0,0.0,0.0,,,,,,,,,,,,,,,,,,,,,,,,,,,,,,,,,,,,,0.0,0.0,0.0,,,,,,,,,,,,,,,2.371,,,,,,,,,,,,,,,,,,,,,,,,
Somalia,2000,SOM,8721465,,,,,,0.0,0.0,0.0,,695.652,,,,,0.0,0.0,,0.0,0.0,0.0,0.0,,0.23,0.23,,25.084,0.595,340.102,,,,26.372,0.23,,,100.0,,,,,0.0,0.0,,,0.0,0.0,0.0,0.0,,0.16,,,,0.0,0.0,,0.0,,,,,0.0,0.0,,0.0,,0.0,0.0,,,,0.0,0.0,,0.0,,,,,26.372,0.23,,,0.0,0.0,0.0,100.0,,,0.0,0.0,,,0.0,0.0,,0.0,0.0,,26.372,2.966,,,,0.0,0.0,,0.0,,,,,0.0,0.0,,0.0,,,,,0.0,0.0,,0.0,
Somalia,2001,SOM,9070751,,,,,,0.0,0.0,0.0,,720.0,,,,,0.0,0.0,,0.0,0.0,0.0,0.0,,0.25,0.25,,1.66,0.049,332.433,,,,27.561,0.25,,,100.0,,,,,0.0,0.0,,,0.0,0.0,0.0,0.0,,0.18,,,,0.0,0.0,,0.0,,,,,0.0,0.0,,0.0,,0.0,0.0,,,,0.0,0.0,,0.0,,,,,27.561,0.25,,,0.0,0.0,0.0,100.0,,,0.0,0.0,,,0.0,0.0,,0.0,0.0,,27.561,3.015,,,,0.0,0.0,,0.0,,,,,0.0,0.0,,0.0,,,,,0.0,0.0,,0.0,
Somalia,2002,SOM,9411108,,,,,,0.0,0.0,0.0,,692.308,,,,,0.0,0.0,,0.0,0.0,0.0,0.0,,0.26,0.26,,8.105,0.244,346.379,,,,27.627,0.26,,,100.0,,,,,0.0,0.0,,,0.0,0.0,0.0,0.0,,0.18,,,,0.0,0.0,,0.0,,,,,0.0,0.0,,0.0,,0.0,0.0,,,,0.0,0.0,,0.0,,,,,27.627,0.26,,,0.0,0.0,0.0,100.0,,,0.0,0.0,,,0.0,0.0,,0.0,0.0,,27.627,3.26,,,,0.0,0.0,,0.0,,,,,0.0,0.0,,0.0,,,,,0.0,0.0,,0.0,
Somalia,2003,SOM,9758285,,,,,,0.0,0.0,0.0,,692.308,,,,,0.0,0.0,,0.0,0.0,0.0,0.0,,0.26,0.26,,0.0,0.0,334.055,,,,26.644,0.26,,,100.0,,,,,0.0,0.0,,,0.0,0.0,0.0,0.0,,0.18,,,,0.0,0.0,,0.0,,,,,0.0,0.0,,0.0,,0.0,0.0,,,,0.0,0.0,,0.0,,,,,26.644,0.26,,,0.0,0.0,0.0,100.0,,,0.0,0.0,,,0.0,0.0,,0.0,0.0,,26.644,3.26,,,,0.0,0.0,,0.0,,,,,0.0,0.0,,0.0,,,,,0.0,0.0,,0.0,
Somalia,2004,SOM,10117359,,,,,,0.0,0.0,0.0,,692.308,,,,,0.0,0.0,,0.0,0.0,0.0,0.0,,0.26,0.26,,0.071,0.002,322.427,,,,25.698,0.26,,,100.0,,,,,0.0,0.0,,,0.0,0.0,0.0,0.0,,0.18,,,,0.0,0.0,,0.0,,,,,0.0,0.0,,0.0,,0.0,0.0,,,,0.0,0.0,,0.0,,,,,25.698,0.26,,,0.0,0.0,0.0,100.0,,,0.0,0.0,,,0.0,0.0,,0.0,0.0,,25.698,3.262,,,,0.0,0.0,,0.0,,,,,0.0,0.0,,0.0,,,,,0.0,0.0,,0.0,
Somalia,2005,SOM,10467294,,,,,,0.0,0.0,0.0,,703.704,,,,,0.0,0.0,,0.0,0.0,0.0,0.0,,0.27,0.27,,0.968,0.032,314.663,,,,25.795,0.27,,,100.0,,,,,0.0,0.0,,,0.0,0.0,0.0,0.0,,0.19,,,,0.0,0.0,,0.0,,,,,0.0,0.0,,0.0,,0.0,0.0,,,,0.0,0.0,,0.0,,,,,25.795,0.27,,,0.0,0.0,0.0,100.0,,,0.0,0.0,,,0.0,0.0,,0.0,0.0,,25.795,3.294,,,,0.0,0.0,,0.0,,,,,0.0,0.0,,0.0,,,,,0.0,0.0,,0.0,
Somalia,2006,SOM,10784978,,,,,,0.0,0.0,0.0,,714.286,,,,,0.0,0.0,,0.0,0.0,0.0,0.0,,0.28,0.28,,0.763,0.025,307.725,,,,25.962,0.28,,,100.0,,,,,0.0,0.0,,,0.0,0.0,0.0,0.0,,0.2,,,,0.0,0.0,,0.0,,,,,0.0,0.0,,0.0,,0.0,0.0,,,,0.0,0.0,,0.0,,,,,25.962,0.28,,,0.0,0.0,0.0,100.0,,,0.0,0.0,,,0.0,0.0,,0.0,0.0,,25.962,3.319,,,,0.0,0.0,,0.0,,,,,0.0,0.0,,0.0,,,,,0.0,0.0,,0.0,
Somalia,2007,SOM,11118092,,,,,,0.0,0.0,0.0,,689.655,,,,,0.0,0.0,,0.0,0.0,0.0,0.0,,0.29,0.29,,1.437,0.048,302.793,,,,26.084,0.29,,,100.0,,,,,0.0,0.0,,,0.0,0.0,0.0,0.0,,0.2,,,,0.0,0.0,,0.0,,,,,0.0,0.0,,0.0,,0.0,0.0,,,,0.0,0.0,,0.0,,,,,26.084,0.29,,,0.0,0.0,0.0,100.0,,,0.0,0.0,,,0.0,0.0,,0.0,0.0,,26.084,3.366,,,,0.0,0.0,,0.0,,,,,0.0,0.0,,0.0,,,,,0.0,0.0,,0.0,
Somalia,2008,SOM,11444870,,,,,,0.0,0.0,0.0,,700.0,,,,,0.0,0.0,,0.0,0.0,0.0,0.0,,0.3,0.3,,-1.059,-0.036,291.034,,,,26.213,0.3,,,100.0,,,,,0.0,0.0,,,0.0,0.0,0.0,0.0,,0.21,,,,0.0,0.0,,0.0,,,,,0.0,0.0,,0.0,,0.0,0.0,,,,0.0,0.0,,0.0,,,,,26.213,0.3,,,0.0,0.0,0.0,100.0,,,0.0,0.0,,,0.0,0.0,,0.0,0.0,,26.213,3.331,,,,0.0,0.0,,0.0,,,,,0.0,0.0,,0.0,,,,,0.0,0.0,,0.0,
Somalia,2009,SOM,11730035,,,,,,0.0,0.0,0.0,,709.677,,,,,0.0,0.0,,0.0,0.0,0.0,0.0,,0.31,0.31,,-0.266,-0.009,283.204,,,,26.428,0.31,,,100.0,,,,,0.0,0.0,,,0.0,0.0,0.0,0.0,,0.22,,,,0.0,0.0,,0.0,,,,,0.0,0.0,,0.0,,0.0,0.0,,,,0.0,0.0,,0.0,,,,,26.428,0.31,,,0.0,0.0,0.0,100.0,,,0.0,0.0,,,0.0,0.0,,0.0,0.0,,26.428,3.322,,,,0.0,0.0,,0.0,,,,,0.0,0.0,,0.0,,,,,0.0,0.0,,0.0,
Somalia,2010,SOM,12026650,,,,,,0.0,0.0,0.0,,709.677,,,,,0.0,0.0,,0.0,0.0,0.0,0.0,,0.31,0.31,,2.499,0.083,283.123,,,,25.776,0.31,,,100.0,,,,,0.0,0.0,,,0.0,0.0,0.0,0.0,,0.22,,,,0.0,0.0,,0.0,,,,,0.0,0.0,,0.0,,0.0,0.0,,,,0.0,0.0,,0.0,,,,,25.776,0.31,,,0.0,0.0,0.0,100.0,,,0.0,0.0,,,0.0,0.0,,0.0,0.0,,25.776,3.405,,,,0.0,0.0,,0.0,,,,,0.0,0.0,,0.0,,,,,0.0,0.0,,0.0,
Somalia,2011,SOM,12216842,,,,,,0.0,0.0,0.0,,709.677,,,,,0.0,0.0,,0.0,0.0,0.0,0.0,,0.31,0.31,,0.0,0.0,278.715,,,,25.375,0.31,,,100.0,,,,,0.0,0.0,,,0.0,0.0,0.0,0.0,,0.22,,,,0.0,0.0,,0.0,,,,,0.0,0.0,,0.0,,0.0,0.0,,,,0.0,0.0,,0.0,,,,,25.375,0.31,,,0.0,0.0,0.0,100.0,,,0.0,0.0,,,0.0,0.0,,0.0,0.0,,25.375,3.405,,,,0.0,0.0,,0.0,,,,,0.0,0.0,,0.0,,,,,0.0,0.0,,0.0,
Somalia,2012,SOM,12440332,,,,,,0.0,0.0,0.0,,687.5,,,,,0.0,0.0,,0.0,0.0,0.0,0.0,,0.32,0.32,,0.328,0.011,274.605,,,,25.723,0.32,,,100.0,,,,,0.0,0.0,,,0.0,0.0,0.0,0.0,,0.22,,,,0.0,0.0,,0.0,,,,,0.0,0.0,,0.0,,0.0,0.0,,,,0.0,0.0,,0.0,,,,,25.723,0.32,,,0.0,0.0,0.0,100.0,,,0.0,0.0,,,0.0,0.0,,0.0,0.0,,25.723,3.416,,,,0.0,0.0,,0.0,,,,,0.0,0.0,,0.0,,,,,0.0,0.0,,0.0,
Somalia,2013,SOM,12852491,,,,,,0.0,0.0,0.0,,696.97,,,,,0.0,0.0,,0.0,0.0,0.0,0.0,,0.33,0.33,,0.001,0.0,265.801,,,,25.676,0.33,,,100.0,,,,,0.0,0.0,,,0.0,0.0,0.0,0.0,,0.23,,,,0.0,0.0,,0.0,,,,,0.0,0.0,,0.0,,0.0,0.0,,,,0.0,0.0,,0.0,,,,,25.676,0.33,,,0.0,0.0,0.0,100.0,,,0.0,0.0,,,0.0,0.0,,0.0,0.0,,25.676,3.416,,,,0.0,0.0,,0.0,,,,,0.0,0.0,,0.0,,,,,0.0,0.0,,0.0,
Somalia,2014,SOM,13309236,,,,,,0.0,0.0,0.0,,696.97,,,,,0.0,0.0,,0.0,0.0,0.0,0.0,,0.33,0.33,,0.007,0.0,256.698,,,,24.795,0.33,,,100.0,,,,,0.0,0.0,,,0.0,0.0,0.0,0.0,,0.23,,,,0.0,0.0,,0.0,,,,,0.0,0.0,,0.0,,0.0,0.0,,,,0.0,0.0,,0.0,,,,,24.795,0.33,,,0.0,0.0,0.0,100.0,,,0.0,0.0,,,0.0,0.0,,0.0,0.0,,24.795,3.416,,,,0.0,0.0,,0.0,,,,,0.0,0.0,,0.0,,,,,0.0,0.0,,0.0,
Somalia,2015,SOM,13763909,,,,,,0.0,0.0,0.0,,696.97,,,,,0.0,0.0,,0.0,0.0,0.0,0.0,,0.33,0.33,,3.758,0.128,257.545,,,,23.976,0.33,,,100.0,,,,,0.0,0.0,,,0.0,0.0,0.0,0.0,,0.23,,,,0.0,0.0,,0.0,,,,,0.0,0.0,,0.0,,0.0,0.0,,,,0.0,0.0,,0.0,,,,,23.976,0.33,,,0.0,0.0,0.0,100.0,,,0.0,0.0,,,0.0,0.0,,0.0,0.0,,23.976,3.545,,,,0.0,0.0,,0.0,,,,,0.0,0.0,,0.0,,,,,0.0,0.0,,0.0,
Somalia,2016,SOM,14292848,,,,,,0.0,0.0,0.0,,676.471,,,,,0.0,0.0,,0.0,0.0,0.0,0.0,,0.34,0.34,,2.318,0.082,253.762,,,,23.088,0.33,,,97.059,,,,,0.0,0.0,,,0.0,0.0,0.0,0.0,,0.23,,,,0.0,0.0,,0.0,,,,,0.7,0.01,,2.941,,0.0,0.0,,,,0.0,0.0,,0.0,,,,,23.088,0.33,,,0.0,0.0,0.0,97.059,,,0.0,0.0,,,0.0,0.0,,0.0,0.0,,23.788,3.627,,,,0.7,0.01,,2.941,,,,,0.7,0.01,,2.941,,,,,0.0,0.0,,0.0,
Somalia,2017,SOM,14864224,,,,,,0.0,0.0,0.0,,657.143,,,,,0.0,0.0,,,,,0.0,,0.35,0.35,,0.017,0.001,244.049,,,,22.201,0.33,,,94.286,,,,,0.0,0.0,,,,,,0.0,,0.23,,,,0.0,0.0,,0.0,,,,,1.346,0.02,,5.714,,0.0,0.0,,,,0.0,0.0,,0.0,,,,,22.201,0.33,,,,,,94.286,,,0.0,0.0,,,0.0,0.0,,0.0,0.0,,23.546,3.628,,,,1.346,0.02,,5.714,,,,,0.673,0.01,,2.857,,,,,0.673,0.01,,2.857,
Somalia,2018,SOM,15411101,,,,,,0.0,0.0,0.0,,657.143,,,,,0.0,0.0,,,,,0.0,,0.35,0.35,,0.38,0.014,236.284,,,,21.413,0.33,,,94.286,,,,,0.0,0.0,,,,,,0.0,,0.23,,,,0.0,0.0,,0.0,,,,,1.298,0.02,,5.714,,0.0,0.0,,,,0.0,0.0,,0.0,,,,,21.413,0.33,,,,,,94.286,,,0.0,0.0,,,0.0,0.0,,0.0,0.0,,22.711,3.641,,,,1.298,0.02,,5.714,,,,,0.649,0.01,,2.857,,,,,0.649,0.01,,2.857,
Somalia,2019,SOM,15981312,,,,,,0.0,0.0,0.0,,657.143,,,,,0.0,0.0,,,,,0.0,,0.35,0.35,,-0.123,-0.004,227.573,,,,20.649,0.33,,,94.286,,,,,0.0,0.0,,,,,,0.0,,0.23,,,,0.0,0.0,,0.0,,,,,1.251,0.02,,5.714,,0.0,0.0,,,,0.0,0.0,,0.0,,,,,20.649,0.33,,,,,,94.286,,,0.0,0.0,,,0.0,0.0,,0.0,0.0,,21.901,3.637,,,,1.251,0.02,,5.714,,,,,0.626,0.01,,2.857,,,,,0.626,0.01,,2.857,
Somalia,2020,SOM,16537018,,,,,,0.0,0.0,0.0,,631.579,,,,,0.0,0.0,,,,,0.0,,0.38,0.38,,-3.56,-0.129,212.096,,,,21.165,0.35,,,92.105,,,,,0.0,0.0,,,,,,0.0,,0.24,,,,0.0,0.0,,0.0,,,,,1.814,0.03,,7.895,,0.0,0.0,,,,0.0,0.0,,0.0,,,,,21.165,0.35,,,,,,92.105,,,0.0,0.0,,,0.0,0.0,,0.0,0.0,,22.979,3.507,,,,1.814,0.03,,7.895,,,,,1.209,0.02,,5.263,,,,,0.605,0.01,,2.632,
Somalia,2021,SOM,17065588,,,,,,0.0,0.0,0.0,,634.146,,,,,0.0,0.0,,,,,0.0,,0.41,0.41,,5.782,0.203,217.41,,,,21.681,0.37,,,90.244,,,,,0.0,0.0,,,,,,0.0,,0.26,,,,0.0,0.0,,0.0,,,,,2.344,0.04,,9.756,,0.0,0.0,,,,0.0,0.0,,0.0,,,,,21.681,0.37,,,,,,90.244,,,0.0,0.0,,,0.0,0.0,,0.0,0.0,,24.025,3.71,,,,2.344,0.04,,9.756,,,,,1.758,0.03,,7.317,,,,,0.586,0.01,,2.439,
South Africa,1900,ZAF,5163858,,,,,,,,,,,,,,,,,,,1293.622,6.68,,,,,,,,,,,,,,,,,,,,,,,,,,,,,,,,,,,,,,,,,,,,,,,,,,,,,,,,,,,,,,,,,,,,,,,,,,,,,,,,,,,,,,,,,,,,,,,,,,,,,,,,,
South Africa,1901,ZAF,5239436,,,,,,,,,,,,,,,,,67.81,4.53,2139.517,11.21,,,,,,,,,,,,,,,,,,,,,,,,,,,,,,,,,,,,,,,,,,,,,,,,,,,,,,,,,,,,,,,,,,,,,,,,,,,,,,,,,,,,,,,,,,,,,,,,,,,,,,,,,
South Africa,1902,ZAF,5322703,,,,,,,,,,,,,,,,,49.068,5.5,3139.441,16.71,,,,,,,,,,,,,,,,,,,,,,,,,,,,,,,,,,,,,,,,,,,,,,,,,,,,,,,,,,,,,,,,,,,,,,,,,,,,,,,,,,,,,,,,,,,,,,,,,,,,,,,,,
South Africa,1903,ZAF,5413866,,,,,,,,,,,,,,,,,33.602,5.615,4123.737,22.325,,,,,,,,,,,,,,,,,,,,,,,,,,,,,,,,,,,,,,,,,,,,,,,,,,,,,,,,,,,,,,,,,,,,,,,,,,,,,,,,,,,,,,,,,,,,,,,,,,,,,,,,,
South Africa,1904,ZAF,5506587,,,,,,,,,,,,,,,,,12.681,2.831,4568.433,25.156,,,,,,,,,,,,,,,,,,,,,,,,,,,,,,,,,,,,,,,,,,,,,,,,,,,,,,,,,,,,,,,,,,,,,,,,,,,,,,,,,,,,,,,,,,,,,,,,,,,,,,,,,
South Africa,1905,ZAF,5600893,,,,,,,,,,,,,,,,,14.335,3.606,5135.39,28.763,,,,,,,,,,,,,,,,,,,,,,,,,,,,,,,,,,,,,,,,,,,,,,,,,,,,,,,,,,,,,,,,,,,,,,,,,,,,,,,,,,,,,,,,,,,,,,,,,,,,,,,,,
South Africa,1906,ZAF,5696812,,,,,,,,,,,,,,,,,14.343,4.125,5773.073,32.888,,,,,,,,,,,,,,,,,,,,,,,,,,,,,,,,,,,,,,,,,,,,,,,,,,,,,,,,,,,,,,,,,,,,,,,,,,,,,,,,,,,,,,,,,,,,,,,,,,,,,,,,,
South Africa,1907,ZAF,5794372,,,,,,,,,,,,,,,,,10.35,3.404,6263.351,36.292,,,,,,,,,,,,,,,,,,,,,,,,,,,,,,,,,,,,,,,,,,,,,,,,,,,,,,,,,,,,,,,,,,,,,,,,,,,,,,,,,,,,,,,,,,,,,,,,,,,,,,,,,
South Africa,1908,ZAF,5893599,,,,,,,,,,,,,,,,,2.823,1.025,6331.748,37.317,,,,,,,,,,,,,,,,,,,,,,,,,,,,,,,,,,,,,,,,,,,,,,,,,,,,,,,,,,,,,,,,,,,,,,,,,,,,,,,,,,,,,,,,,,,,,,,,,,,,,,,,,
South Africa,1909,ZAF,5993374,,,,,,,,,,,,,,,,,15.119,5.642,7167.713,42.959,,,,,,,,,,,,,,,,,,,,,,,,,,,,,,,,,,,,,,,,,,,,,,,,,,,,,,,,,,,,,,,,,,,,,,,,,,,,,,,,,,,,,,,,,,,,,,,,,,,,,,,,,
South Africa,1910,ZAF,6093688,,,,,,,,,,,,,,,,,13.385,5.75,7993.295,48.709,,,,,,,,,,,,,,,,,,,,,,,,,,,,,,,,,,,,,,,,,,,,,,,,,,,,,,,,,,,,,,,,,,,,,,,,,,,,,,,,,,,,,,,,,,,,,,,,,,,,,,,,,
South Africa,1911,ZAF,6194530,,,,,,,,,,,,,,,,,-3.75,-1.827,7568.274,46.882,,,,,,,,,,,,,,,,,,,,,,,,,,,,,,,,,,,,,,,,,,,,,,,,,,,,,,,,,,,,,,,,,,,,,,,,,,,,,,,,,,,,,,,,,,,,,,,,,,,,,,,,,
South Africa,1912,ZAF,6295888,,,,,,,,,,,,,,,,,6.154,2.885,7904.674,49.767,,,,,,,,,,,,,,,,,,,,,,,,,,,,,,,,,,,,,,,,,,,,,,,,,,,,,,,,,,,,,,,,,,,,,,,,,,,,,,,,,,,,,,,,,,,,,,,,,,,,,,,,,
South Africa,1913,ZAF,6397751,,,,,,,,,,,,,,,,,9.414,4.685,8511.079,54.452,,,,,,,,,,,,,,,,,,,,,,,,,,,,,,,,,,,,,,,,,,,,,,,,,,,,,,,,,,,,,,,,,,,,,,,,,,,,,,,,,,,,,,,,,,,,,,,,,,,,,,,,,
South Africa,1914,ZAF,6501260,,,,,,,,,,,,,,,,,-3.058,-1.665,8119.472,52.787,,,,,,,,,,,,,,,,,,,,,,,,,,,,,,,,,,,,,,,,,,,,,,,,,,,,,,,,,,,,,,,,,,,,,,,,,,,,,,,,,,,,,,,,,,,,,,,,,,,,,,,,,
South Africa,1915,ZAF,6606440,,,,,,,,,,,,,,,,,0.587,0.31,8037.138,53.097,,,,,,,,,,,,,,,,,,,,,,,,,,,,,,,,,,,,,,,,,,,,,,,,,,,,,,,,,,,,,,,,,,,,,,,,,,,,,,,,,,,,,,,,,,,,,,,,,,,,,,,,,
South Africa,1916,ZAF,6713319,,,,,,,,,,,,,,,,,17.837,9.471,9319.924,62.568,,,,,,,,,,,,,,,,,,,,,,,,,,,,,,,,,,,,,,,,,,,,,,,,,,,,,,,,,,,,,,,,,,,,,,,,,,,,,,,,,,,,,,,,,,,,,,,,,,,,,,,,,
South Africa,1917,ZAF,6821924,,,,,,,,,,,,,,,,,7.014,4.388,9814.805,66.956,,,,,,,,,,,,,,,,,,,,,,,,,,,,,,,,,,,,,,,,,,,,,,,,,,,,,,,,,,,,,,,,,,,,,,,,,,,,,,,,,,,,,,,,,,,,,,,,,,,,,,,,,
South Africa,1918,ZAF,6927689,,,,,,,,,,,,,,,,,-4.792,-3.209,9201.807,63.747,,,,,,,,,,,,,,,,,,,,,,,,,,,,,,,,,,,,,,,,,,,,,,,,,,,,,,,,,,,,,,,,,,,,,,,,,,,,,,,,,,,,,,,,,,,,,,,,,,,,,,,,,
South Africa,1919,ZAF,7042968,,,,,,,,,,,,,,,,,4.124,2.629,9424.456,66.376,,,,,,,,,,,,,,,,,,,,,,,,,,,,,,,,,,,,,,,,,,,,,,,,,,,,,,,,,,,,,,,,,,,,,,,,,,,,,,,,,,,,,,,,,,,,,,,,,,,,,,,,,
South Africa,1920,ZAF,7168076,,,,,,,,,,,,,,,,,10.927,7.253,10271.82,73.629,,,,,,,,,,,,,,,,,,,,,,,,,,,,,,,,,,,,,,,,,,,,,,,,,,,,,,,,,,,,,,,,,,,,,,,,,,,,,,,,,,,,,,,,,,,,,,,,,,,,,,,,,
South Africa,1921,ZAF,7303334,,,,,,,,,,,,,,,,,-0.989,-0.728,9981.905,72.901,,,,,,,,,,,,,,,,,,,,,,,,,,,,,,,,,,,,,,,,,,,,,,,,,,,,,,,,,,,,,,,,,,,,,,,,,,,,,,,,,,,,,,,,,,,,,,,,,,,,,,,,,
South Africa,1922,ZAF,7449070,,,,,,,,,,,,,,,,,-14.267,-10.401,8390.338,62.5,,,,,,,,,,,,,,,,,,,,,,,,,,,,,,,,,,,,,,,,,,,,,,,,,,,,,,,,,,,,,,,,,,,,,,,,,,,,,,,,,,,,,,,,,,,,,,,,,,,,,,,,,
South Africa,1923,ZAF,7605625,,,,,,,,,,,,,,,,,21.365,13.353,9973.36,75.854,,,,,,,,,,,,,,,,,,,,,,,,,,,,,,,,,,,,,,,,,,,,,,,,,,,,,,,,,,,,,,,,,,,,,,,,,,,,,,,,,,,,,,,,,,,,,,,,,,,,,,,,,
South Africa,1924,ZAF,7765470,,,,,,,,,,,,,,,,,5.039,3.822,10260.247,79.676,,,,,,,,,,,,,,,,,,,,,,,,,,,,,,,,,,,,,,,,,,,,,,,,,,,,,,,,,,,,,,,,,,,,,,,,,,,,,,,,,,,,,,,,,,,,,,,,,,,,,,,,,
South Africa,1925,ZAF,7928675,,,,,,,,,,,,,,,,,4.239,3.377,10474.985,83.053,,,,,,,,,,,,,,,,,,,,,,,,,,,,,,,,,,,,,,,,,,,,,,,,,,,,,,,,,,,,,,,,,,,,,,,,,,,,,,,,,,,,,,,,,,,,,,,,,,,,,,,,,
South Africa,1926,ZAF,8095309,,,,,,,,,,,,,,,,,5.105,4.24,10783.12,87.293,,,,,,,,,,,,,,,,,,,,,,,,,,,,,,,,,,,,,,,,,,,,,,,,,,,,,,,,,,,,,,,,,,,,,,,,,,,,,,,,,,,,,,,,,,,,,,,,,,,,,,,,,
South Africa,1927,ZAF,8265446,,,,,,,,,,,,,,,,,-2.857,-2.494,10259.411,84.799,,,,,,,,,,,,,,,,,,,,,,,,,,,,,,,,,,,,,,,,,,,,,,,,,,,,,,,,,,,,,,,,,,,,,,,,,,,,,,,,,,,,,,,,,,,,,,,,,,,,,,,,,
South Africa,1928,ZAF,8439158,,,,,,,,,,,,,,,,,0.207,0.175,10068.998,84.974,,,,,,,,,,,,,,,,,,,,,,,,,,,,,,,,,,,,,,,,,,,,,,,,,,,,,,,,,,,,,,,,,,,,,,,,,,,,,,,,,,,,,,,,,,,,,,,,,,,,,,,,,
South Africa,1929,ZAF,8615057,,,,,,,,,,,,,,,,,3.268,2.777,10185.778,87.751,,,,,,,,,,,,,,,,,,,,,,,,,,,,,,,,,,,,,,,,,,,,,,,,,,,,,,,,,,,,,,,,,,,,,,,,,,,,,,,,,,,,,,,,,,,,,,,,,,,,,,,,,
South Africa,1930,ZAF,8793161,,,,,,,,,,,,,,,,,-6.107,-5.359,9370.028,82.392,,,,,,,,,,,,,,,,,,,,,,,,,,,,,,,,,,,,,,,,,,,,,,,,,,,,,,,,,,,,,,,,,,,,,,,,,,,,,,,,,,,,,,,,,,,,,,,,,,,,,,,,,
South Africa,1931,ZAF,8973484,,,,,,,,,,,,,,,,,-10.979,-9.046,8173.646,73.346,,,,,,,,,,,,,,,,,,,,,,,,,,,,,,,,,,,,,,,,,,,,,,,,,,,,,,,,,,,,,,,,,,,,,,,,,,,,,,,,,,,,,,,,,,,,,,,,,,,,,,,,,
South Africa,1932,ZAF,9156043,,,,,,,,,,,,,,,,,-8.823,-6.471,7303.915,66.875,,,,,,,,,,,,,,,,,,,,,,,,,,,,,,,,,,,,,,,,,,,,,,,,,,,,,,,,,,,,,,,,,,,,,,,,,,,,,,,,,,,,,,,,,,,,,,,,,,,,,,,,,
South Africa,1933,ZAF,9340853,,,,,,,,,,,,,,,,,8.003,5.352,7732.389,72.227,,,,,,,,,,,,,,,,,,,,,,,,,,,,,,,,,,,,,,,,,,,,,,,,,,,,,,,,,,,,,,,,,,,,,,,,,,,,,,,,,,,,,,,,,,,,,,,,,,,,,,,,,
South Africa,1934,ZAF,9529394,,,,,,,,,,,,,,,,,13.803,9.97,8625.594,82.197,,,,,,,,,,,,,,,,,,,,,,,,,,,,,,,,,,,,,,,,,,,,,,,,,,,,,,,,,,,,,,,,,,,,,,,,,,,,,,,,,,,,,,,,,,,,,,,,,,,,,,,,,
South Africa,1935,ZAF,9721741,,,,,,,,,,,,,,,,,11.317,9.302,9411.783,91.499,,,,,,,,,,,,,,,,,,,,,,,,,,,,,,,,,,,,,,,,,,,,,,,,,,,,,,,,,,,,,,,,,,,,,,,,,,,,,,,,,,,,,,,,,,,,,,,,,,,,,,,,,
South Africa,1936,ZAF,9917969,,,,,,,,,,,,,,,,,9.341,8.547,10087.366,100.046,,,,,,,,,,,,,,,,,,,,,,,,,,,,,,,,,,,,,,,,,,,,,,,,,,,,,,,,,,,,,,,,,,,,,,,,,,,,,,,,,,,,,,,,,,,,,,,,,,,,,,,,,
South Africa,1937,ZAF,10118159,,,,,,,,,,,,,,,,,4.373,4.375,10320.151,104.421,,,,,,,,,,,,,,,,,,,,,,,,,,,,,,,,,,,,,,,,,,,,,,,,,,,,,,,,,,,,,,,,,,,,,,,,,,,,,,,,,,,,,,,,,,,,,,,,,,,,,,,,,
South Africa,1938,ZAF,10322389,,,,,,,,,,,,,,,,,5.119,5.345,10633.812,109.766,,,,,,,,,,,,,,,,,,,,,,,,,,,,,,,,,,,,,,,,,,,,,,,,,,,,,,,,,,,,,,,,,,,,,,,,,,,,,,,,,,,,,,,,,,,,,,,,,,,,,,,,,
South Africa,1939,ZAF,10528607,,,,,,,,,,,,,,,,,3.721,4.085,10813.514,113.851,,,,,,,,,,,,,,,,,,,,,,,,,,,,,,,,,,,,,,,,,,,,,,,,,,,,,,,,,,,,,,,,,,,,,,,,,,,,,,,,,,,,,,,,,,,,,,,,,,,,,,,,,
South Africa,1940,ZAF,10736810,,,,,,,,,,,,,,,,,3.57,4.065,10982.396,117.916,,,,,,,,,,,,,,,,,,,,,,,,,,,,,,,,,,,,,,,,,,,,,,,,,,,,,,,,,,,,,,,,,,,,,,,,,,,,,,,,,,,,,,,,,,,,,,,,,,,,,,,,,
South Africa,1941,ZAF,10946998,,,,,,,,,,,,,,,,,6.78,7.995,11501.823,125.91,,,,,,,,,,,,,,,,,,,,,,,,,,,,,,,,,,,,,,,,,,,,,,,,,,,,,,,,,,,,,,,,,,,,,,,,,,,,,,,,,,,,,,,,,,,,,,,,,,,,,,,,,
South Africa,1942,ZAF,11159168,,,,,,,,,,,,,,,,,9.256,11.655,12327.549,137.565,,,,,,,,,,,,,,,,,,,,,,,,,,,,,,,,,,,,,,,,,,,,,,,,,,,,,,,,,,,,,,,,,,,,,,,,,,,,,,,,,,,,,,,,,,,,,,,,,,,,,,,,,
South Africa,1943,ZAF,11373317,,,,,,,,,,,,,,,,,0.745,1.025,12185.521,138.59,,,,,,,,,,,,,,,,,,,,,,,,,,,,,,,,,,,,,,,,,,,,,,,,,,,,,,,,,,,,,,,,,,,,,,,,,,,,,,,,,,,,,,,,,,,,,,,,,,,,,,,,,
South Africa,1944,ZAF,11591575,,,,,,,,,,,,,,,,,11.804,16.36,13367.431,154.95,,,,,,,,,,,,,,,,,,,,,,,,,,,,,,,,,,,,,,,,,,,,,,,,,,,,,,,,,,,,,,,,,,,,,,,,,,,,,,,,,,,,,,,,,,,,,,,,,,,,,,,,,
South Africa,1945,ZAF,11814022,,,,,,,,,,,,,,,,,2.467,3.822,13439.248,158.772,,,,,,,,,,,,,,,,,,,,,,,,,,,,,,,,,,,,,,,,,,,,,,,,,,,,,,,,,,,,,,,,,,,,,,,,,,,,,,,,,,,,,,,,,,,,,,,,,,,,,,,,,
South Africa,1946,ZAF,12040737,,,,,,,,,,,,,,,,,0.204,0.324,13213.073,159.095,,,,,,,,,,,,,,,,,,,,,,,,,,,,,,,,,,,,,,,,,,,,,,,,,,,,,,,,,,,,,,,,,,,,,,,,,,,,,,,,,,,,,,,,,,,,,,,,,,,,,,,,,
South Africa,1947,ZAF,12271803,,,,,,,,,,,,,,,,,-0.441,-0.701,12907.158,158.394,,,,,,,,,,,,,,,,,,,,,,,,,,,,,,,,,,,,,,,,,,,,,,,,,,,,,,,,,,,,,,,,,,,,,,,,,,,,,,,,,,,,,,,,,,,,,,,,,,,,,,,,,
South Africa,1948,ZAF,12507304,,,,,,,,,,,,,,,,,2.238,3.546,12947.612,161.94,,,,,,,,,,,,,,,,,,,,,,,,,,,,,,,,,,,,,,,,,,,,,,,,,,,,,,,,,,,,,,,,,,,,,,,,,,,,,,,,,,,,,,,,,,,,,,,,,,,,,,,,,
South Africa,1949,ZAF,12764367,,,,,,,,,,,,,,,,,6.127,9.922,13464.209,171.862,,,,,,,,,,,,,,,,,,,,,,,,,,,,,,,,,,,,,,,,,,,,,,,,,,,,,,,,,,,,,,,,,,,,,,,,,,,,,,,,,,,,,,,,,,,,,,,,,,,,,,,,,
South Africa,1950,ZAF,13043843,54940790784.0,,,,,,,,,,,,,,,,3.832,6.586,13680.616,178.448,,,,,,,,,,,,,,,,,,,,,,,,,,,,,,,,,,,,,,,,,,,,,,,,,,,,,,,,,,,,,,,,,,,,,,,,,,,,,,,,,,,,,,,,,,,,,,,,,,,,,,,,,
South Africa,1951,ZAF,13325058,57515675648.0,,,,,,,,,,,,,,,,0.601,1.072,13472.332,179.52,,,,,,,,,,,,,,,,,,,,,,,,,,,,,,,,,,,,,,,,,,,,,,,,,,,,,,,,,,,,,,,,,,,,,,,,,,,,,,,,,,,,,,,,,,,,,,,,,,,,,,,,,
South Africa,1952,ZAF,13622914,59556102144.0,,,,,,,,,,,,,,,,5.381,9.659,13886.83,189.179,,,,,,,,,,,,,,,,,,,,,,,,,,,,,,,,,,,,,,,,,,,,,,,,,,,,,,,,,,,,,,,,,,,,,,,,,,,,,,,,,,,,,,,,,,,,,,,,,,,,,,,,,
South Africa,1953,ZAF,13933250,62355161088.0,,,,,,,,,,,,,,,,1.404,2.656,13768.141,191.835,,,,,,,,,,,,,,,,,,,,,,,,,,,,,,,,,,,,,,,,,,,,,,,,,,,,,,,,,,,,,,,,,,,,,,,,,,,,,,,,,,,,,,,,,,,,,,,,,,,,,,,,,
South Africa,1954,ZAF,14255876,66022801408.0,,,,,,,,,,,,,,,,3.004,5.763,13860.831,197.598,,,,,,,,,,,,,,,,,,,,,,,,,,,,,,,,,,,,,,,,,,,,,,,,,,,,,,,,,,,,,,,,,,,,,,,,,,,,,,,,,,,,,,,,,,,,,,,,,,,,,,,,,
South Africa,1955,ZAF,14594134,69327536128.0,,,,,,,,,,,,,,,,9.542,18.854,14831.449,216.452,,,,,,,,,,,,,,,,,,,,,,,,,,,,,,,,,,,,,,,,,,,,,,,,,,,,,,,,,,,,,,,,,,,,,,,,,,,,,,,,,,,,,,,,,,,,,,,,,,,,,,,,,
South Africa,1956,ZAF,14948935,73183059968.0,,,,,,,,,,,,,,,,4.643,10.05,15151.756,226.503,,,,,,,,,,,,,,,,,,,,,,,,,,,,,,,,,,,,,,,,,,,,,,,,,,,,,,,,,,,,,,,,,,,,,,,,,,,,,,,,,,,,,,,,,,,,,,,,,,,,,,,,,
South Africa,1957,ZAF,15320140,75976884224.0,,,,,,,,,,,,,,,,3.473,7.866,15298.102,234.369,,,,,,,,,,,,,,,,,,,,,,,,,,,,,,,,,,,,,,,,,,,,,,,,,,,,,,,,,,,,,,,,,,,,,,,,,,,,,,,,,,,,,,,,,,,,,,,,,,,,,,,,,
South Africa,1958,ZAF,15700877,77574438912.0,,,,,,,,,,,,,,,,6.661,15.612,15921.444,249.981,,,,,,,,,,,,,,,,,,,,,,,,,,,,,,,,,,,,,,,,,,,,,,,,,,,,,,,,,,,,,,,,,,,,,,,,,,,,,,,,,,,,,,,,,,,,,,,,,,,,,,,,,
South Africa,1959,ZAF,16096459,81038573568.0,,,,,,,,,,,,,,,,-1.704,-4.26,15265.5,245.72,,,,,,,,,,,,,,,,,,,,,,,,,,,,,,,,,,,,,,,,,,,,,,,,,,,,,,,,,,,,,,,,,,,,,,,,,,,,,,,,,,,,,,,,,,,,,,,,,,,,,,,,,
South Africa,1960,ZAF,16520438,84418519040.0,,,,,,,,,,,,,,,,4.718,11.594,15575.53,257.315,,,,,,,,,,,,,,,,,,,,,,,,,,,,,,,,,,,,,,,,,,,,,,,,,,,,,,,,,,,,,,,,,,,,,,,,,,,,,,,,,,,,,,,,,,,,,,,,,,,,,,,,,
South Africa,1961,ZAF,16989468,88081186816.0,,,,,,,,,,,,,,,,3.647,9.383,15697.825,266.698,,,,,,,,,,,,,,,,,,,,,,,,,,,,,,,,,,,,,,,,,,,,,,,,,,,,,,,,,,,,,,,,,,,,,,,,,,,,,,,,,,,,,,,,,,,,,,,,,,,,,,,,,
South Africa,1962,ZAF,17503138,93013180416.0,,,,,,,,,,,,,,,,4.322,11.527,15895.685,278.224,,,,,,,,,,,,,,,,,,,,,,,,,,,,,,,,,,,,,,,,,,,,,,,,,,,,,,,,,,,,,,,,,,,,,,,,,,,,,,,,,,,,,,,,,,,,,,,,,,,,,,,,,
South Africa,1963,ZAF,18042222,99827408896.0,,,,,,,,,,,,,,,,2.856,7.947,15861.224,286.172,,,,,,,,,,,,,,,,,,,,,,,,,,,,,,,,,,,,,,,,,,,,,,,,,,,,,,,,,,,,,,,,,,,,,,,,,,,,,,,,,,,,,,,,,,,,,,,,,,,,,,,,,
South Africa,1964,ZAF,18603100,106518454272.0,,,,,,,,,,,,,,,,5.802,16.602,16275.469,302.774,,,,,,,,,,,,,,,,,,,,,,,,,,,,,,,,,,,,,,,,,,,,,,,,,,,,,,,,,,,,,,,,,,,,,,,,,,,,,,,,,,,,,,,,,,,,,,,,,,,,,,,,,
South Africa,1965,ZAF,19187198,112882728960.0,,,,,,,,,,,,14945.43,286.761,,,7.888,23.882,17024.719,326.657,,80.954,,,,,,18461.711,3.138,,,,,18456.01,354.119,,99.969,,,0.0,,,0.0,,,,,,0.0,,,,0.109,1.928,0.037,5.702,,0.031,,,0.109,0.0,0.0,5.702,,0.031,,,,,0.0,0.0,0.0,0.0,,0.0,,,67.358,,,3510.58,,,,,,19.015,,,,,,,,,,,,,354.229,,,0.109,,,5.702,,0.031,,,,,,,,,,,,,,,,
South Africa,1966,ZAF,19789772,117778087936.0,,,,,,,,,,-1.265,-3.629,14307.004,283.132,,,-1.069,-3.492,16329.897,323.165,,79.436,,,,0.621,2.2,18010.766,3.026,0.622,2.203,,,18005.387,356.323,,99.97,,0.0,0.0,,,0.0,,,,,,0.0,,-2.703,-0.003,0.106,1.819,0.036,5.379,,0.03,-2.703,-0.003,0.106,0.0,0.0,5.379,,0.03,,,,0.0,0.0,0.0,0.0,0.0,,0.0,8.658,5.832,73.19,,,3698.382,,,,,,20.534,,,,,,,,,,,,,356.429,-2.703,-0.003,0.106,,,5.379,,0.03,,,,,,,,,,,,,,,,
South Africa,1967,ZAF,20410682,125836943360.0,,,,,,,,,,2.888,8.176,14272.342,291.308,,,2.833,9.154,16281.615,332.319,,78.487,,,,4.132,14.726,18184.344,2.949,4.141,14.755,,,18180.576,371.078,,99.979,,0.0,0.0,,,0.0,,,,,,0.0,,-27.778,-0.03,0.077,1.274,0.026,3.767,,0.021,-27.778,-0.03,0.077,0.0,0.0,3.767,,0.021,,,,0.0,0.0,0.0,0.0,0.0,,0.0,8.99,6.58,79.77,,,3908.234,,,,,,21.492,,,,,,,,,,,,,371.155,-27.778,-0.03,0.077,,,3.767,,0.021,,,,,,,,,,,,,,,,
South Africa,1968,ZAF,21050540,131293347840.0,,,,,,,,,,4.675,13.619,14485.471,304.927,,,4.777,15.874,16540.826,348.193,,77.845,,,,5.538,20.553,18607.975,2.983,5.54,20.559,,,18604.604,391.637,,99.982,,0.0,0.0,,,0.0,,,,,,0.0,,-7.692,-0.006,0.071,1.14,0.024,3.371,,0.018,-7.692,-0.006,0.071,0.0,0.0,3.371,,0.018,,,,0.0,0.0,0.0,0.0,0.0,,0.0,8.7,6.94,86.71,,,4119.134,,,,,,22.136,,,,,,,,,,,,,391.708,-7.692,-0.006,0.071,,,3.371,,0.018,,,,,,,,,,,,,,,,
South Africa,1969,ZAF,21704214,139369758720.0,,,,,,,,,,0.984,3.001,14187.452,307.927,,,2.124,7.395,16383.36,355.588,,76.349,,,,2.963,11.607,18582.324,2.894,2.966,11.616,,,18579.463,403.253,,99.985,,0.0,0.0,,,0.0,,,,,,0.0,,-12.5,-0.009,0.062,0.968,0.021,2.861,,0.015,-12.5,-0.009,0.062,0.0,0.0,2.861,,0.015,,,,0.0,0.0,0.0,0.0,0.0,,0.0,9.936,8.615,95.325,,,4392.012,,,,,,23.635,,,,,,,,,,,,,403.315,-12.5,-0.009,0.062,,,2.861,,0.015,,,,,,,,,,,,,,,,
South Africa,1970,ZAF,22368306,146627018752.0,,,,,,,,,,3.305,10.176,14221.183,318.104,,,3.526,12.538,16457.471,368.126,,75.473,,,,4.503,18.163,18842.637,2.874,4.501,18.151,,,18839.332,421.404,,99.982,,0.0,0.0,,,0.0,,,,,,0.0,,19.048,0.012,0.074,1.118,0.025,3.305,,0.018,19.048,0.012,0.074,0.0,0.0,3.305,,0.018,,,,0.0,0.0,0.0,0.0,0.0,,0.0,8.366,7.975,103.3,,,4618.15,,,,,,24.509,,,,,,,,,,,,,421.478,19.048,0.012,0.074,,,3.305,,0.018,,,,,,,,,,,,,,,,
South Africa,1971,ZAF,23031448,153821282304.0,,,,,,,,,,6.938,22.072,14770.035,340.175,,,7.423,27.327,17170.119,395.453,,74.924,,,,7.722,32.549,19713.324,2.952,7.663,32.291,,,19698.943,453.695,,99.927,,0.615,0.615,,,26.693,,,,,,0.135,,348.0,0.257,0.331,4.863,0.112,14.38,,0.073,348.0,0.257,0.331,4.863,0.112,14.38,,0.073,,,,0.0,0.0,0.0,0.0,0.0,,0.0,9.298,9.605,112.905,,,4902.216,,,,,,24.868,0.0,0.0,,,,0.0,,0.0,,,0.0,,454.026,348.0,0.257,0.331,4.863,0.112,14.38,,0.073,,,0.0,0.0,0.0,0.0,,0.0,,,0.0,0.0,0.0,0.0,,0.0
South Africa,1972,ZAF,23698512,156779560960.0,,,,,,,,,,0.708,2.409,14455.956,342.585,,,-0.385,-1.523,16622.533,393.929,,73.041,,,,3.304,15.003,19791.508,2.992,2.836,12.868,,,19687.447,466.563,,99.474,49.06,0.302,0.916,,,38.669,,,,,,0.195,,644.643,2.135,2.466,35.192,0.834,104.063,,0.526,644.643,2.135,2.466,35.192,0.834,104.063,,0.526,,,,0.0,0.0,0.0,0.0,0.0,,0.0,8.996,10.157,123.062,,,5192.821,,,,,,26.238,0.0,0.0,,,0.0,0.0,,0.0,,,0.0,,469.029,644.643,2.135,2.466,35.192,0.834,104.063,,0.526,,0.0,0.0,0.0,0.0,0.0,,0.0,,0.0,0.0,0.0,0.0,0.0,,0.0
South Africa,1973,ZAF,24382514,163375546368.0,,,,,,,,,,6.523,22.346,14966.881,364.93,,,6.694,26.37,17237.729,420.299,,72.32,,,,7.585,35.576,20695.355,3.089,7.529,35.129,,,20575.898,501.692,,99.423,8.324,0.076,0.993,,,40.713,,,,,,0.197,,18.106,0.447,2.913,40.398,0.985,119.456,,0.577,18.106,0.447,2.913,40.398,0.985,119.456,,0.577,,,,0.0,0.0,0.0,0.0,0.0,,0.0,10.326,12.707,135.769,,,5568.306,,,,,,26.906,0.0,0.0,,,0.0,0.0,,0.0,,,0.0,,504.605,18.106,0.447,2.913,40.398,0.985,119.456,,0.577,,0.0,0.0,0.0,0.0,0.0,,0.0,,0.0,0.0,0.0,0.0,0.0,,0.0
South Africa,1974,ZAF,25077016,172551372800.0,,,,,,,,,,4.756,17.355,15244.441,382.285,,,5.94,24.968,17755.975,445.267,,73.645,,,,2.872,14.49,20700.012,3.008,2.802,14.055,,,20566.531,515.747,,99.355,17.313,0.172,1.165,,,46.439,,,,,,0.224,,14.924,0.435,3.347,45.141,1.132,133.481,,0.645,14.924,0.435,3.347,45.141,1.132,133.481,,0.645,,,,0.0,0.0,0.0,0.0,0.0,,0.0,-2.557,-3.472,132.298,,,5275.652,,,,,,25.486,0.0,0.0,,,0.0,0.0,,0.0,,,0.0,,519.095,14.924,0.435,3.347,45.141,1.132,133.481,,0.645,,0.0,0.0,0.0,0.0,0.0,,0.0,,0.0,0.0,0.0,0.0,0.0,,0.0
South Africa,1975,ZAF,25777966,175749496832.0,,,,,,,,,,6.729,25.725,15827.859,408.01,,,5.123,22.811,18158.049,468.078,,73.727,,,,6.61,34.313,21468.242,3.149,6.66,34.349,,,21339.766,550.096,,99.402,31.475,0.367,1.531,,,59.395,,,,,,0.277,,-1.06,-0.035,3.312,43.448,1.12,128.475,,0.598,-1.06,-0.035,3.312,43.448,1.12,128.475,,0.598,,,,0.0,0.0,0.0,0.0,0.0,,0.0,6.241,8.257,140.555,,,5452.514,,,,,,25.398,0.0,0.0,,,0.0,0.0,,0.0,,,0.0,,553.408,-1.06,-0.035,3.312,43.448,1.12,128.475,,0.598,,0.0,0.0,0.0,0.0,0.0,,0.0,,0.0,0.0,0.0,0.0,0.0,,0.0
South Africa,1976,ZAF,26480298,180034633728.0,,,,,,,,,,4.995,20.378,16177.629,428.388,,,10.099,47.273,19461.654,515.35,,74.167,,,,4.372,24.194,21812.516,3.208,3.992,21.959,,,21603.023,572.055,,99.04,0.998,0.015,1.546,,,58.396,,,,,,0.268,,67.5,2.235,5.547,70.845,1.876,209.488,,0.96,67.5,2.235,5.547,70.845,1.876,209.488,,0.96,,,,0.0,0.0,0.0,0.0,0.0,,0.0,1.113,1.565,142.12,,,5367.0,,,,,,24.605,0.0,0.0,,,0.0,0.0,,0.0,,,0.0,,577.602,67.5,2.235,5.547,70.845,1.876,209.488,,0.96,,0.0,0.0,0.0,0.0,0.0,,0.0,,0.0,0.0,0.0,0.0,0.0,,0.0
South Africa,1977,ZAF,27199844,179681542144.0,,,,,,,,,,3.596,15.404,16315.98,443.792,,,11.717,60.384,21166.812,575.734,,74.995,,,,2.451,14.158,21756.012,3.293,2.44,13.957,,,21544.672,586.012,,99.029,-4.199,-0.065,1.481,,,54.465,,,,,,0.25,,3.625,0.201,5.748,71.471,1.944,211.339,,0.971,3.625,0.201,5.748,71.471,1.944,211.339,,0.971,,,,0.0,0.0,0.0,0.0,0.0,,0.0,-0.972,-1.382,140.738,,,5174.228,,,,,,23.783,0.0,0.0,,,0.0,0.0,,0.0,,,0.0,,591.76,3.625,0.201,5.748,71.471,1.944,211.339,,0.971,,0.0,0.0,0.0,0.0,0.0,,0.0,,0.0,0.0,0.0,0.0,0.0,,0.0
South Africa,1978,ZAF,27943454,185013862400.0,,,,,,,,,,-2.875,-12.761,15425.116,431.031,,,6.354,36.582,21912.684,612.316,,73.554,,,,-0.972,-5.753,20971.174,3.167,-0.963,-5.644,,,20769.371,580.368,,99.038,2.578,0.038,1.52,,,54.382,,,,,,0.259,,-1.903,-0.109,5.639,68.245,1.907,201.8,,0.962,-1.903,-0.109,5.639,68.245,1.907,201.8,,0.962,,,,0.0,0.0,0.0,0.0,0.0,,0.0,5.03,7.079,147.817,,,5289.875,,,,,,25.225,0.0,0.0,,,0.0,0.0,,0.0,,,0.0,,586.007,-1.903,-0.109,5.639,68.245,1.907,201.8,,0.962,,0.0,0.0,0.0,0.0,0.0,,0.0,,0.0,0.0,0.0,0.0,0.0,,0.0
South Africa,1979,ZAF,28697016,192300236800.0,,,,,,,,,,6.662,28.716,16020.717,459.747,,,14.705,90.043,24474.984,702.359,,75.979,,,,3.258,19.091,21085.742,3.147,3.678,21.347,,,20967.867,601.715,,99.441,23.618,0.359,1.879,,,65.46,,,,,,0.31,,-40.01,-2.256,3.383,39.865,1.144,117.88,,0.559,-40.01,-2.256,3.383,39.865,1.144,117.88,,0.559,,,,0.0,0.0,0.0,0.0,0.0,,0.0,-5.228,-7.728,140.09,,,4881.688,,,,,,23.152,0.0,0.0,,,0.0,0.0,,0.0,,,0.0,,605.098,-40.01,-2.256,3.383,39.865,1.144,117.88,,0.559,,0.0,0.0,0.0,0.0,0.0,,0.0,,0.0,0.0,0.0,0.0,0.0,,0.0
South Africa,1980,ZAF,29463546,204702613504.0,,,,,,,,,,8.045,36.985,16859.209,496.732,,,13.853,97.297,27140.527,799.656,,76.91,,,,6.737,40.766,21920.789,3.155,6.85,41.216,,,21821.23,642.931,,99.546,13.209,0.248,2.127,,,72.179,,,0.0,0.0,,0.329,,-13.287,-0.449,2.933,33.669,0.992,99.558,,0.454,-13.287,-0.449,2.933,33.669,0.992,99.558,,0.454,,,,0.0,0.0,0.0,0.0,0.0,,0.0,2.843,3.982,144.072,,,4889.845,,,0.0,0.0,,22.307,0.0,0.0,,,0.0,0.0,,0.0,,,0.0,,645.864,-13.287,-0.449,2.933,33.669,0.992,99.558,,0.454,,0.0,0.0,0.0,0.0,0.0,,0.0,,0.0,0.0,0.0,0.0,0.0,,0.0
South Africa,1981,ZAF,30232564,215434543104.0,,,,,,,,,,18.547,92.128,19477.674,588.86,,,8.876,70.978,28797.9,870.634,,78.314,,,,16.422,106.062,24871.398,3.49,16.193,104.107,,,24709.723,747.038,,99.35,-2.963,-0.063,2.064,,,68.259,,0.0,0.0,0.0,,0.274,,66.633,1.955,4.888,54.676,1.653,161.677,,0.65,66.633,1.955,4.888,54.676,1.653,161.677,,0.65,,,,0.0,0.0,0.0,0.0,0.0,,0.0,8.359,12.042,156.115,,,5163.79,,0.0,0.0,0.0,,20.762,0.0,0.0,,,0.0,0.0,,0.0,,,0.0,,751.926,66.633,1.955,4.888,54.676,1.653,161.677,,0.65,,0.0,0.0,0.0,0.0,0.0,,0.0,,0.0,0.0,0.0,0.0,0.0,,0.0
South Africa,1982,ZAF,31022418,214585933824.0,,,,,,,,,,9.633,56.727,20810.344,645.587,,,10.628,92.527,31047.275,963.162,,79.829,,,,7.553,56.789,26068.744,3.769,7.854,58.673,,,25971.902,805.711,,99.629,-8.971,-0.185,1.879,,,60.554,,0.0,0.0,0.0,,0.232,,-38.536,-1.884,3.004,32.751,1.016,96.843,,0.371,-38.536,-1.884,3.004,32.751,1.016,96.843,,0.371,,,,0.0,0.0,0.0,0.0,0.0,,0.0,1.365,2.131,158.245,,,5101.003,,0.0,0.0,0.0,,19.568,0.0,0.0,,,0.0,0.0,,0.0,,,0.0,,808.715,-38.536,-1.884,3.004,32.751,1.016,96.843,,0.371,,0.0,0.0,0.0,0.0,0.0,,0.0,,0.0,0.0,0.0,0.0,0.0,,0.0
South Africa,1983,ZAF,31865176,210671517696.0,,,,,,,,,,1.567,10.114,20577.363,655.701,,,1.062,10.23,30547.195,973.392,,80.017,,,,1.328,10.738,25716.262,3.89,1.487,11.983,,,25661.047,817.694,,99.785,13.311,0.25,2.129,,,66.799,,0.0,0.0,0.0,,0.26,,-41.437,-1.245,1.759,18.672,0.595,55.214,,0.215,-41.437,-1.245,1.759,18.672,0.595,55.214,,0.215,,,,0.0,0.0,0.0,0.0,0.0,,0.0,1.023,1.618,159.864,,,5016.884,,0.0,0.0,0.0,,19.509,0.0,0.0,,,0.0,0.0,,0.0,,,0.0,,819.453,-41.437,-1.245,1.759,18.672,0.595,55.214,,0.215,,0.0,0.0,0.0,0.0,0.0,,0.0,,0.0,0.0,0.0,0.0,0.0,,0.0
South Africa,1984,ZAF,32768206,221387587584.0,,,,,,,,,,7.753,50.835,21561.65,706.537,,,11.978,116.596,33263.594,1089.988,,78.897,,,,9.283,76.068,27328.979,4.045,7.953,65.035,,,26938.564,882.728,,98.571,0.314,0.007,2.135,,,65.162,,0.0,0.0,0.0,,0.238,,-5.882,-0.103,1.656,17.09,0.56,50.534,,0.185,653.781,11.034,12.793,136.87,4.485,390.414,,1.429,,,,11.137,11.137,119.781,3.925,339.88,,1.244,8.878,14.193,174.057,,,5311.751,,0.0,0.0,0.0,,19.436,0.0,0.0,,,0.0,0.0,,0.0,,,0.0,,895.522,-5.882,-0.103,1.656,17.09,0.56,50.534,,0.185,,0.0,0.0,0.0,0.0,0.0,,0.0,,0.0,0.0,0.0,0.0,0.0,,0.0
South Africa,1985,ZAF,33752964,218712375296.0,,,,,,,,,,2.694,19.037,21496.592,725.574,4011.589,135.403,6.439,70.182,34372.383,1160.17,94.363,79.336,,143.491,15.69,2.126,19.034,27095.578,4.182,1.688,14.901,4012.833,135.445,26594.094,897.63,94.393,98.149,-5.585,-0.119,2.016,0.0,0.0,59.728,,0.0,0.0,0.0,0.0,0.22,,11.429,0.189,1.845,18.487,0.624,54.667,0.435,0.202,32.419,4.133,16.927,175.955,5.939,501.483,4.139,1.851,,,35.414,3.944,15.081,157.468,5.315,446.817,3.704,1.649,-2.308,-4.017,170.04,1.244,0.042,5037.775,,0.0,0.0,0.0,0.029,18.593,0.0,0.0,,,0.0,0.0,,0.0,0.0,,0.0,4251.211,914.556,11.429,0.189,1.845,18.487,0.624,54.667,0.435,0.202,,0.0,0.0,0.0,0.0,0.0,0.0,0.0,,0.0,0.0,0.0,0.0,0.0,0.0,0.0
South Africa,1986,ZAF,34877840,218892222464.0,,,,,,,,,,1.391,10.092,21092.637,735.666,3898.98,135.988,1.986,23.04,33924.391,1183.209,91.734,78.959,,148.241,15.911,1.875,17.145,26713.27,4.256,0.478,4.294,3900.185,136.03,25859.492,901.923,91.763,96.804,4.92,0.099,2.115,0.0,0.0,60.646,,0.0,0.0,0.0,0.0,0.227,,160.096,2.954,4.799,46.534,1.623,137.6,1.095,0.515,75.551,12.851,29.778,298.929,10.426,853.775,7.033,3.196,,,65.626,9.897,24.979,252.395,8.803,716.175,5.938,2.681,-3.468,-5.897,164.142,1.204,0.042,4706.209,,0.0,0.0,0.0,0.028,17.618,0.0,0.0,,,0.0,0.0,,0.0,0.0,,0.0,4250.292,931.701,160.096,2.954,4.799,46.534,1.623,137.6,1.095,0.515,,0.0,0.0,0.0,0.0,0.0,0.0,0.0,,0.0,0.0,0.0,0.0,0.0,0.0,0.0
South Africa,1987,ZAF,36119328,223307087872.0,,,,,,,,,,1.755,12.907,20725.0,748.573,3952.814,142.773,-0.322,-3.807,32652.932,1179.402,93.7,79.093,,152.373,16.099,1.583,14.75,26203.447,4.238,2.467,22.247,3953.977,142.815,25586.592,924.17,93.727,97.646,-7.488,-0.158,1.957,0.0,0.0,54.176,,0.0,0.0,0.0,0.0,0.207,,-0.37,-0.018,4.781,44.768,1.617,132.379,1.061,0.505,-25.34,-7.497,22.28,215.508,7.784,616.856,5.109,2.354,,,-29.944,-7.48,17.499,170.74,6.167,484.476,4.047,1.849,5.787,9.498,173.641,1.163,0.042,4807.416,,0.0,0.0,0.0,0.028,18.347,0.0,0.0,,,0.0,0.0,,0.0,0.0,,0.0,4218.6,946.451,-0.37,-0.018,4.781,44.768,1.617,132.379,1.061,0.505,,0.0,0.0,0.0,0.0,0.0,0.0,0.0,,0.0,0.0,0.0,0.0,0.0,0.0,0.0
South Africa,1988,ZAF,37393848,232506867712.0,,,,,,,,,,8.196,61.354,21659.371,809.927,3825.014,143.032,2.742,32.343,32404.93,1211.745,90.446,77.706,,158.141,15.172,10.127,95.849,27873.557,4.483,8.549,79.005,3826.378,143.083,26827.289,1003.176,90.478,96.246,0.878,0.017,1.974,0.0,0.0,52.789,,0.0,0.0,0.0,0.0,0.189,,95.547,4.569,9.35,84.559,3.162,250.041,1.999,0.897,75.424,16.844,39.124,365.167,13.655,1046.27,8.635,3.754,,,70.148,12.275,29.774,280.608,10.493,796.228,6.635,2.857,10.155,17.634,191.274,1.364,0.051,5115.128,,0.0,0.0,0.0,0.032,18.351,0.0,0.0,,,0.0,0.0,,0.0,0.0,,0.0,4229.065,1042.3,95.547,4.569,9.35,84.559,3.162,250.041,1.999,0.897,,0.0,0.0,0.0,0.0,0.0,0.0,0.0,,0.0,0.0,0.0,0.0,0.0,0.0,0.0
South Africa,1989,ZAF,38668684,237353615360.0,,,,,,,,,,-6.673,-54.049,19547.568,755.879,3839.334,148.462,-2.987,-36.197,30400.523,1175.548,90.881,75.913,,163.359,16.406,-4.469,-46.578,25750.08,4.195,-4.696,-47.106,3839.334,148.462,24724.65,956.07,90.881,96.018,1.935,0.038,2.012,0.0,0.0,52.037,,0.0,0.0,0.0,0.0,0.202,,-12.745,-1.192,8.158,71.35,2.759,210.98,1.689,0.819,1.487,0.528,39.652,358.378,13.858,1025.427,8.483,3.982,,,5.775,1.72,31.494,287.028,11.099,814.447,6.794,3.163,3.61,6.904,198.179,0.0,0.0,5125.046,,0.0,0.0,0.0,0.0,19.903,0.0,0.0,,,0.0,0.0,,0.0,0.0,,0.0,4224.581,995.722,-12.745,-1.192,8.158,71.35,2.759,210.98,1.689,0.819,,0.0,0.0,0.0,0.0,0.0,0.0,0.0,,0.0,0.0,0.0,0.0,0.0,0.0,0.0
South Africa,1990,ZAF,39877568,235128504320.0,,,0.0,0.0,,,,0.0,,3.575,27.019,19632.533,782.898,3910.118,155.926,-0.92,-10.816,29207.701,1164.732,93.243,76.034,,167.226,16.241,3.409,33.947,25820.756,4.379,4.878,46.638,3910.118,155.926,25144.668,1002.708,93.243,97.382,879.467,17.697,19.709,0.0,0.0,494.232,,0.0,0.0,0.0,0.0,1.914,,-63.393,-5.172,2.987,25.328,1.01,74.893,0.604,0.29,-31.743,-12.691,26.961,237.201,9.459,676.087,5.656,2.618,,,-23.876,-7.519,23.974,211.874,8.449,601.194,5.052,2.328,0.97,1.923,200.102,0.0,0.0,5017.902,,0.0,0.0,0.0,0.0,19.434,0.0,0.0,,,0.0,0.0,,0.0,0.0,,0.0,4193.485,1029.669,-63.393,-5.172,2.987,25.328,1.01,74.893,0.604,0.29,,0.0,0.0,0.0,0.0,0.0,0.0,0.0,,0.0,0.0,0.0,0.0,0.0,0.0,0.0
South Africa,1991,ZAF,40910964,237173669888.0,,0.0,0.0,0.0,,,,0.0,,-1.807,-14.145,18790.877,768.753,3798.199,155.388,2.012,23.435,29042.746,1188.167,92.319,75.202,,168.316,16.465,-0.721,-7.421,24987.143,4.31,-1.223,-12.261,3798.199,155.388,24209.82,990.447,92.319,96.889,1.172,0.231,19.94,0.0,0.0,487.392,,0.0,0.0,0.0,0.0,1.951,,96.04,2.868,5.855,48.398,1.98,143.112,1.176,0.573,17.602,4.84,31.801,271.908,11.124,777.324,6.609,3.111,,,8.226,1.972,25.946,223.51,9.144,634.212,5.433,2.538,0.826,1.653,201.755,0.0,0.0,4931.551,,0.0,0.0,0.0,0.0,19.736,0.0,0.0,,,0.0,0.0,,0.0,0.0,,0.0,4114.203,1022.248,96.04,2.868,5.855,48.398,1.98,143.112,1.176,0.573,,0.0,0.0,0.0,0.0,0.0,0.0,0.0,,0.0,0.0,0.0,0.0,0.0,0.0,0.0
South Africa,1992,ZAF,41760756,236546768896.0,,0.0,0.0,0.0,,,,0.0,,0.381,2.932,18478.697,771.684,3752.734,156.717,2.387,28.358,29130.818,1216.525,93.234,75.137,,168.09,16.366,0.469,4.79,24593.379,4.342,0.809,8.013,3752.734,156.717,23909.041,998.46,93.234,97.217,-7.664,-1.528,18.412,0.0,0.0,440.882,,13.666,327.24,13.666,0.0,1.793,,-62.02,-3.631,2.224,18.007,0.752,53.248,0.447,0.217,-9.745,-3.223,28.578,240.417,10.04,684.339,5.973,2.783,,,1.575,0.409,26.355,222.41,9.288,631.091,5.526,2.566,3.276,6.609,208.364,0.0,0.0,4989.462,,0.948,22.708,0.948,0.0,20.288,0.0,0.0,,,0.0,0.0,,0.0,0.0,,0.0,4025.071,1027.038,-62.02,-3.631,2.224,18.007,0.752,53.248,0.447,0.217,,0.0,0.0,0.0,0.0,0.0,0.0,0.0,,0.0,0.0,0.0,0.0,0.0,0.0,0.0
South Africa,1993,ZAF,42525444,244041351168.0,,0.0,0.0,0.0,,,,0.0,,0.395,3.045,18218.021,774.729,3902.605,165.96,2.218,26.987,29241.604,1243.512,94.994,75.564,,174.706,17.04,-0.173,-1.78,24109.285,4.201,0.579,5.78,3902.605,165.96,23615.041,1004.24,94.994,97.95,-30.815,-5.674,12.738,0.0,0.0,299.539,42.464,5.803,457.815,19.469,0.0,1.242,,-80.585,-1.792,0.432,3.433,0.146,10.152,0.084,0.042,-26.285,-7.561,21.018,174.037,7.401,494.243,4.236,2.05,,,-21.888,-5.769,20.586,170.604,7.255,484.091,4.153,2.008,4.036,8.409,216.773,0.0,0.0,5097.481,477.365,4.527,128.752,5.475,0.0,21.143,0.0,0.0,,,0.0,0.0,,0.0,0.0,,0.0,4108.27,1025.258,-80.585,-1.792,0.432,3.433,0.146,10.152,0.084,0.042,,0.0,0.0,0.0,0.0,0.0,0.0,0.0,,0.0,0.0,0.0,0.0,0.0,0.0,0.0
South Africa,1994,ZAF,43267980,256732102656.0,,0.0,0.0,0.0,,,,0.0,,3.214,24.901,18480.873,799.63,3915.181,169.402,3.933,48.905,29870.062,1292.417,93.237,74.78,,181.69,16.991,4.297,44.051,24713.633,4.165,3.423,34.378,3915.181,169.402,24004.305,1038.618,93.237,97.13,0.127,0.016,12.754,0.0,0.0,294.774,9.189,1.789,491.305,21.258,0.0,1.193,,635.616,2.744,3.176,24.822,1.074,73.399,0.591,0.297,45.534,9.673,30.691,248.937,10.771,709.328,5.928,2.87,,,33.66,6.929,27.515,224.115,9.697,635.929,5.337,2.573,4.364,9.461,226.234,0.0,0.0,5228.659,0.0,0.0,126.542,5.475,0.0,21.157,0.0,0.0,,,0.0,0.0,,0.0,0.0,,0.0,4199.179,1069.309,635.616,2.744,3.176,24.822,1.074,73.399,0.591,0.297,,0.0,0.0,0.0,0.0,0.0,0.0,0.0,,0.0,0.0,0.0,0.0,0.0,0.0,0.0
South Africa,1995,ZAF,43986088,269822885888.0,,0.0,0.0,0.0,,,,0.0,,3.762,30.083,18863.086,829.713,3945.588,173.551,5.211,67.343,30913.408,1359.76,92.98,74.246,,186.655,16.703,4.508,48.207,25406.133,4.142,4.358,45.268,3945.588,173.551,24641.549,1083.885,92.98,96.991,1.232,0.157,12.911,0.0,0.0,293.533,0.004,0.001,483.305,21.259,0.0,1.155,,-50.745,-1.612,1.564,12.027,0.529,35.562,0.283,0.14,9.832,2.94,33.631,268.949,11.83,764.583,6.338,3.009,,,16.541,4.551,32.067,256.922,11.301,729.02,6.054,2.869,6.642,15.027,241.261,0.0,0.0,5484.931,0.0,0.0,124.477,5.475,0.0,21.589,0.0,0.0,,,0.0,0.0,,0.0,0.0,,0.0,4243.501,1117.516,-50.745,-1.612,1.564,12.027,0.529,35.562,0.283,0.14,,0.0,0.0,0.0,0.0,0.0,0.0,0.0,,0.0,0.0,0.0,0.0,0.0,0.0,0.0
South Africa,1996,ZAF,44661608,286805360640.0,,0.0,0.0,0.0,,,,0.0,,1.542,12.794,18864.24,842.507,4135.946,184.718,0.023,0.319,30452.98,1360.079,92.317,73.92,,200.092,17.556,1.991,22.246,25519.965,3.974,1.695,18.374,4135.946,184.718,24680.236,1102.259,92.317,96.71,-12.91,-1.667,11.245,0.0,0.0,251.772,-6.082,-1.293,447.043,19.966,0.0,0.987,,149.338,2.336,3.9,29.533,1.319,87.329,0.659,0.342,11.192,3.873,37.504,294.526,13.154,839.727,6.574,3.29,,,4.194,1.345,33.412,263.649,11.775,748.109,5.885,2.931,3.004,7.247,248.507,0.0,0.0,5564.224,0.274,0.015,122.93,5.49,0.0,21.803,0.192,0.06,,,0.192,1.343,,4.289,0.03,,0.017,4480.179,1139.763,160.681,2.528,4.092,30.877,1.379,91.618,0.689,0.359,,0.0,0.0,0.0,0.0,0.0,0.0,0.0,,0.0,0.0,0.0,0.0,0.0,0.0,0.0
South Africa,1997,ZAF,45285052,300044517376.0,,0.0,0.0,0.0,,,,0.0,,2.205,18.579,19014.812,861.087,4259.0,192.869,6.626,90.113,32023.639,1450.192,91.684,73.879,,210.362,18.048,2.262,25.78,25737.912,3.885,1.882,20.746,4259.0,192.869,24798.572,1123.005,91.684,96.35,-17.16,-1.93,9.315,0.0,0.0,205.697,-4.936,-0.985,419.128,18.98,0.0,0.799,,58.605,2.286,6.186,46.196,2.092,136.602,0.994,0.531,13.16,5.035,42.538,328.696,14.885,939.342,7.076,3.65,,,7.406,2.474,35.886,279.275,12.647,792.448,6.012,3.079,1.648,4.096,252.603,0.0,0.0,5578.062,-0.273,-0.015,120.906,5.475,0.0,21.673,0.466,0.146,,143.333,0.275,3.224,,10.292,0.069,,0.04,4645.286,1165.543,62.292,2.56,6.652,49.42,2.238,146.894,1.064,0.571,,0.0,0.0,0.0,0.0,0.0,0.0,0.0,,0.0,0.0,0.0,0.0,0.0,0.0,0.0
South Africa,1998,ZAF,45852172,307359744000.0,,0.0,0.0,0.0,,,,0.0,,-3.003,-25.859,18215.672,835.228,4089.817,187.527,1.104,16.008,31976.668,1466.2,91.31,72.944,,205.374,17.936,-1.76,-20.517,24972.111,3.725,-1.961,-22.026,4089.817,187.527,24011.482,1100.979,91.31,96.153,-0.187,-0.017,9.298,0.0,0.0,202.773,-17.143,-3.254,342.982,15.726,0.0,0.812,,-23.757,-1.47,4.716,34.786,1.595,102.861,0.777,0.412,3.641,1.509,44.047,336.451,15.427,960.627,7.512,3.847,,,7.543,2.707,38.593,296.627,13.601,841.684,6.623,3.37,1.524,3.85,256.453,0.0,0.0,5593.038,199.116,10.902,357.177,16.377,0.0,22.397,0.737,0.231,,58.219,0.271,5.038,,16.082,0.112,,0.064,4479.046,1145.026,-18.409,-1.198,5.454,39.824,1.826,118.943,0.889,0.476,,0.0,0.0,0.0,0.0,0.0,0.0,0.0,,0.0,0.0,0.0,0.0,0.0,0.0,0.0
South Africa,1999,ZAF,46364680,320626884608.0,,0.0,0.0,0.0,,,,0.0,,4.486,37.471,18822.504,872.699,4025.952,186.662,0.158,2.321,31673.264,1468.521,91.946,73.724,,203.012,17.15,3.382,38.719,25531.172,3.692,3.957,43.565,4025.952,186.662,24685.686,1144.544,91.946,96.688,27.601,2.566,11.864,0.0,0.0,255.881,-3.448,-0.542,327.495,15.184,0.0,1.002,,-54.483,-2.57,2.147,15.658,0.726,46.302,0.358,0.181,-10.806,-4.846,39.201,296.778,13.76,845.489,6.778,3.312,,,-5.617,-2.168,36.425,276.87,12.837,785.623,6.323,3.077,1.376,3.528,259.981,0.0,0.0,5607.3,21.937,3.593,430.715,19.97,0.0,21.963,0.629,0.197,,-14.719,-0.109,4.249,,13.563,0.097,,0.053,4378.592,1183.745,-49.452,-2.678,2.776,19.907,0.923,59.865,0.455,0.234,,0.0,0.0,0.0,0.0,0.0,0.0,0.0,,0.0,0.0,0.0,0.0,0.0,0.0,0.0
South Africa,2000,ZAF,46813272,340328906752.0,,0.0,0.0,0.0,9.613,0.45,0.229,0.0,759.709,-0.542,-4.734,18541.01,867.965,3880.737,181.67,0.288,4.231,31460.137,1472.752,92.467,73.222,198.38,196.47,16.574,0.138,1.638,25321.518,3.483,-0.077,-0.884,3880.737,181.67,24430.244,1143.66,92.467,96.48,-3.943,-0.468,11.396,0.0,0.0,243.436,17.857,2.711,382.277,17.896,0.0,0.961,149.26,51.653,1.109,3.256,28.624,1.34,69.545,0.682,0.275,6.089,2.523,41.723,316.15,14.8,891.275,7.533,3.52,1.91,0.963,1.348,0.491,36.916,277.913,13.01,788.581,6.622,3.114,1.661,4.318,264.298,0.0,0.0,5645.799,-1.683,-0.336,419.406,19.634,0.0,22.296,1.524,0.45,0.0,142.386,0.895,9.613,0.0,32.561,0.229,0.0,0.129,4196.887,1185.383,72.026,2.032,4.807,38.237,1.79,102.694,0.911,0.406,,0.027,0.027,0.0,0.0,0.587,0.0,0.002,,0.0,0.0,0.0,0.0,0.0,0.0,0.0
South Africa,2001,ZAF,47229712,356322443264.0,,0.0,0.0,0.0,8.469,0.4,0.204,0.0,766.409,0.358,3.103,18443.238,871.069,3882.302,183.36,-0.285,-4.199,31093.838,1468.553,93.294,73.105,196.79,196.54,16.495,0.519,6.153,25228.531,3.344,0.981,11.221,3882.302,183.36,24452.41,1154.88,93.294,96.924,21.35,2.433,13.829,0.0,0.0,292.804,27.273,4.881,482.245,22.776,0.0,1.161,150.63,56.312,1.8,5.056,43.617,2.06,107.05,1.048,0.424,-11.809,-5.067,36.656,279.062,13.18,776.124,6.706,3.076,0.25,0.127,-17.61,-6.698,30.218,226.976,10.72,639.805,5.454,2.536,2.151,5.684,269.982,0.0,0.0,5716.368,-1.102,-0.216,411.126,19.417,0.0,22.658,1.351,0.4,0.0,-11.393,-0.174,8.469,0.0,28.597,0.204,0.0,0.113,4161.363,1191.536,35.716,1.631,6.438,52.086,2.46,136.318,1.252,0.54,16.129,0.004,0.032,0.0,0.0,0.672,0.0,0.003,,0.0,0.0,0.0,0.0,0.0,0.0,0.0
South Africa,2002,ZAF,47661516,376468996096.0,,0.491,10.3,0.491,9.022,0.43,0.211,0.042,761.874,-4.876,-42.471,17385.057,828.598,3961.057,188.79,-1.515,-22.255,30345.188,1446.298,92.73,71.362,204.22,203.59,17.534,-2.552,-30.411,24361.893,3.084,-3.067,-35.42,3961.057,188.79,23487.709,1119.46,92.73,96.412,0.655,0.091,13.92,0.0,0.0,292.051,9.524,2.169,523.388,24.945,0.0,1.199,155.11,21.092,1.027,6.083,49.516,2.36,127.626,1.159,0.524,16.815,5.009,41.665,310.523,14.8,874.184,7.27,3.588,0.63,0.308,11.867,3.368,33.586,251.566,11.99,704.669,5.889,2.893,2.578,6.96,276.942,0.0,0.0,5810.602,-20.044,-3.892,325.741,15.525,0.0,23.851,1.469,0.43,0.0,8.792,0.119,9.022,0.0,30.829,0.211,0.0,0.127,4271.58,1161.125,41.426,1.641,8.079,58.957,2.81,169.514,1.38,0.696,14.815,0.004,0.036,0.42,0.02,0.759,0.01,0.003,,0.0,0.0,0.0,0.0,0.0,0.0,0.0
South Africa,2003,ZAF,48104044,394999857152.0,10.272,0.05,11.253,0.541,7.9,0.38,0.174,0.043,769.153,11.148,92.368,19145.297,920.966,4248.915,204.39,8.389,121.327,32588.211,1567.625,93.654,73.211,214.72,218.24,17.349,8.34,96.833,26150.76,3.185,8.84,98.955,4248.915,204.39,25328.736,1218.415,93.654,96.857,-24.385,-3.394,10.525,0.0,0.0,218.801,-0.87,-0.217,514.064,24.729,0.0,0.837,167.86,-60.297,-3.683,2.4,16.215,0.78,49.883,0.357,0.191,-3.847,-2.122,39.543,287.918,13.85,822.026,6.346,3.143,-3.52,-1.639,5.604,1.655,35.24,263.18,12.66,732.588,5.801,2.801,3.604,9.981,286.923,0.0,0.0,5964.638,36.796,5.713,441.499,21.238,0.0,22.809,1.304,0.38,0.0,-11.275,-0.166,7.9,0.0,27.102,0.174,0.0,0.104,4536.833,1257.957,-41.034,-3.777,4.302,24.738,1.19,89.438,0.545,0.342,12.097,0.004,0.04,0.416,0.02,0.838,0.009,0.003,,0.017,0.017,0.208,0.01,0.362,0.005,0.001
South Africa,2004,ZAF,48556064,420863967232.0,17.63,0.095,13.114,0.637,7.414,0.36,0.158,0.046,765.116,9.57,88.141,20782.303,1009.107,4379.062,212.63,1.708,26.77,32836.168,1594.395,93.161,73.509,223.01,228.24,16.626,9.127,114.815,28271.896,3.262,9.252,112.727,4379.062,212.63,27414.535,1331.142,93.161,96.967,131.28,13.818,24.343,0.0,0.0,501.334,-10.965,-2.711,453.436,22.017,0.0,1.773,174.63,14.808,0.338,2.737,19.359,0.94,56.376,0.412,0.199,6.232,2.087,41.63,321.484,15.61,857.36,6.839,3.033,-5.23,-2.345,5.545,1.717,36.958,294.093,14.28,761.131,6.257,2.692,3.753,10.769,297.692,0.0,0.0,6130.9,71.869,15.263,751.736,36.501,0.0,21.685,1.219,0.36,0.0,-6.489,-0.085,7.414,0.0,25.107,0.158,0.0,0.089,4700.546,1372.772,11.077,0.37,4.672,27.391,1.33,96.229,0.583,0.34,11.511,0.004,0.045,0.412,0.02,0.92,0.009,0.003,100.0,0.017,0.035,0.206,0.01,0.712,0.004,0.003
South Africa,2005,ZAF,49017156,451561291776.0,-91.179,-0.581,1.146,0.056,8.16,0.4,0.175,0.004,771.006,-7.813,-78.843,18978.336,930.264,4389.279,215.15,0.94,14.995,32833.195,1609.39,93.862,71.593,225.0,229.22,17.641,-5.346,-73.394,26508.631,2.878,-5.116,-68.104,4390.912,215.23,25767.262,1263.038,93.897,97.203,41.951,10.212,34.555,1.632,0.08,704.956,-8.374,-1.844,411.556,20.173,0.035,2.659,176.73,40.213,1.077,3.814,26.929,1.32,77.807,0.576,0.294,-14.492,-5.29,36.34,285.41,13.99,741.369,6.103,2.797,-4.22,-1.876,-15.507,-5.928,31.029,249.708,12.24,633.024,5.34,2.388,0.177,0.526,298.219,0.0,0.0,6083.968,-34.733,-12.678,486.018,23.823,0.0,22.951,1.358,0.4,0.0,11.364,0.139,8.16,0.0,27.697,0.175,0.0,0.104,4676.322,1299.378,-7.699,0.638,5.311,35.702,1.75,108.345,0.763,0.409,9.677,0.004,0.049,0.408,0.02,0.993,0.009,0.004,0.0,-0.0,0.034,0.204,0.01,0.701,0.004,0.003
South Africa,2006,ZAF,49491764,485980667904.0,28.726,0.016,1.461,0.072,7.678,0.38,0.161,0.005,774.894,1.856,17.264,19145.162,947.528,4510.447,223.23,-0.093,-1.498,32488.068,1607.892,94.349,71.454,232.79,236.6,17.842,2.054,26.683,26793.564,2.729,2.054,25.949,4510.852,223.25,26044.467,1288.987,94.358,97.204,8.369,2.892,37.447,0.404,0.02,756.625,55.914,11.28,635.52,31.453,0.008,2.824,183.34,117.549,4.431,8.245,57.989,2.87,166.591,1.213,0.622,2.261,0.734,37.074,269.742,13.35,749.096,5.642,2.796,-3.81,-1.637,-11.217,-3.654,27.375,203.468,10.07,553.13,4.256,2.064,1.943,5.793,304.012,0.0,0.0,6142.68,-34.13,-8.131,317.068,15.692,0.0,22.926,1.294,0.38,0.0,-4.656,-0.063,7.678,0.0,26.155,0.161,0.0,0.098,4780.593,1326.061,84.868,4.388,9.699,66.274,3.28,195.966,1.386,0.731,9.412,0.004,0.053,0.404,0.02,1.069,0.008,0.004,0.0,-0.0,0.034,0.202,0.01,0.69,0.004,0.003
South Africa,2007,ZAF,49996096,521805725696.0,984.007,0.711,15.676,0.784,8.201,0.41,0.166,0.058,774.239,2.686,25.45,19461.068,972.977,4635.162,231.74,0.078,1.252,32185.398,1609.144,93.894,71.427,243.66,246.81,18.119,2.725,36.132,27245.98,2.611,2.494,32.147,4658.563,232.91,26424.736,1321.134,94.368,96.986,1.234,0.462,37.909,1.6,0.08,758.233,-47.241,-14.859,331.909,16.594,0.032,2.783,191.09,-1.104,-0.142,8.103,17.201,0.86,162.07,0.348,0.595,14.867,3.985,41.059,278.022,13.9,821.242,5.632,3.014,-3.15,-1.293,12.877,3.332,30.707,252.02,12.6,614.193,5.105,2.254,2.051,6.235,310.248,21.802,1.09,6205.435,-18.991,-2.98,254.261,12.712,0.442,22.776,1.374,0.41,0.0,6.165,0.08,8.201,0.0,27.487,0.166,0.0,0.101,4936.585,1362.193,20.726,0.653,10.352,26.002,1.3,207.049,0.527,0.76,8.065,0.004,0.057,0.4,0.02,1.137,0.008,0.004,0.0,-0.0,0.034,0.2,0.01,0.679,0.004,0.002
South Africa,2008,ZAF,50565816,548744658944.0,-25.955,-0.203,11.476,0.58,8.504,0.43,0.179,0.04,771.902,11.565,112.525,21467.123,1085.503,4471.598,226.11,1.891,30.433,32424.615,1639.577,93.927,74.365,237.13,240.73,16.492,7.158,97.503,28867.244,2.66,7.403,97.801,4475.751,226.32,28061.143,1418.935,94.014,97.208,3.457,1.31,39.219,1.582,0.08,775.607,-11.111,-1.844,291.706,14.75,0.033,2.687,185.82,-56.044,-4.563,3.54,23.534,1.19,70.0,0.494,0.242,-0.559,-0.297,40.761,284.975,14.41,806.106,5.986,2.792,-3.6,-1.518,14.907,4.358,35.066,252.147,12.75,693.464,5.296,2.402,-5.168,-16.035,294.213,2.571,0.13,5818.412,-10.369,-1.318,225.328,11.394,0.054,20.156,1.456,0.43,0.0,5.947,0.082,8.504,0.0,28.793,0.179,0.0,0.1,4760.726,1459.696,-43.124,-4.656,5.696,32.829,1.66,112.643,0.69,0.39,7.96,0.004,0.061,0.396,0.02,1.206,0.008,0.004,75.0,0.025,0.059,0.396,0.02,1.167,0.008,0.004
South Africa,2009,ZAF,51170780,550669123584.0,-47.782,-0.277,5.922,0.303,8.208,0.42,0.181,0.021,773.575,0.522,5.667,21324.072,1091.169,4262.394,218.11,-0.877,-14.387,31760.119,1625.19,94.175,75.087,229.84,231.6,15.937,-0.444,-6.482,28399.283,2.639,-0.421,-5.979,4263.566,218.17,27612.547,1412.956,94.201,97.23,-15.246,-5.979,33.24,0.195,0.01,649.589,-22.059,-3.254,224.671,11.497,0.004,2.287,179.16,15.243,0.514,4.054,27.164,1.39,79.224,0.6,0.279,-1.823,-0.503,40.258,262.454,13.43,786.737,5.799,2.77,-1.76,-0.766,-1.523,-0.747,34.318,226.106,11.57,670.666,4.996,2.362,-1.926,-5.667,288.546,0.977,0.05,5638.886,-56.894,-6.482,95.981,4.911,0.022,19.856,1.434,0.42,0.0,-1.535,-0.022,8.208,0.0,28.016,0.181,0.0,0.099,4526.021,1453.214,-3.493,0.244,5.939,36.349,1.86,116.071,0.803,0.409,7.373,0.004,0.065,0.391,0.02,1.272,0.009,0.004,42.857,0.025,0.084,0.586,0.03,1.637,0.013,0.006
South Africa,2010,ZAF,51784928,578235138048.0,-47.627,-0.144,3.065,0.159,7.145,0.37,0.152,0.011,768.047,-1.066,-11.633,20846.531,1079.536,4376.177,226.62,3.122,50.734,32363.164,1675.924,93.267,73.799,240.51,242.98,16.611,0.66,9.585,28247.576,2.53,0.64,9.048,4394.522,227.57,27459.795,1422.004,93.658,97.211,24.009,7.981,41.221,14.676,0.76,795.995,-8.491,-0.976,203.157,10.52,0.313,2.818,186.62,-21.267,-0.882,3.172,40.359,2.09,61.257,0.86,0.217,1.483,0.537,40.795,297.577,15.41,787.782,6.342,2.789,-2.47,-1.027,5.63,1.71,36.028,249.107,12.9,695.729,5.309,2.463,4.402,12.701,301.247,3.669,0.19,5817.267,-6.25,-0.307,88.915,4.604,0.078,20.594,1.265,0.37,0.0,-11.757,-0.169,7.145,0.0,24.429,0.152,0.0,0.086,4692.099,1462.799,-22.044,-1.172,4.767,48.47,2.51,92.053,1.033,0.326,18.455,0.012,0.077,0.386,0.02,1.479,0.008,0.005,13.333,0.011,0.094,0.579,0.03,1.822,0.012,0.006
South Africa,2011,ZAF,52443320,608683556864.0,194.546,0.309,8.914,0.467,7.437,0.39,0.16,0.032,768.048,-2.49,-26.88,20072.264,1052.656,4339.161,227.56,-0.631,-10.582,31755.082,1665.342,93.075,72.85,241.42,244.49,16.92,-1.22,-17.84,27552.764,2.374,-1.53,-21.757,4367.763,229.06,26700.18,1400.246,93.689,96.906,3.855,1.589,42.809,15.827,0.83,816.3,31.959,3.362,264.718,13.883,0.339,2.963,187.78,168.075,5.28,8.452,38.899,2.04,161.165,0.834,0.585,10.964,3.917,44.712,294.222,15.43,852.585,6.311,3.094,-3.07,-1.272,-4.62,-1.874,34.154,246.743,12.94,651.257,5.293,2.364,1.173,3.534,304.78,12.776,0.67,5811.617,6.667,0.307,93.652,4.911,0.274,21.093,1.315,0.39,0.0,3.962,0.05,7.437,0.0,25.078,0.16,0.0,0.091,4661.986,1444.958,130.78,5.791,10.558,47.48,2.49,201.327,1.018,0.731,190.942,0.145,0.222,0.381,0.02,4.224,0.008,0.015,8.824,0.008,0.102,0.763,0.04,1.946,0.016,0.007
South Africa,2012,ZAF,53145036,622114308096.0,18.638,0.087,10.435,0.555,7.527,0.4,0.166,0.039,770.071,-2.401,-25.272,19331.701,1027.384,4203.215,223.38,2.355,39.212,32073.621,1704.554,92.727,72.214,235.87,240.9,16.933,-1.54,-22.255,26770.203,2.287,-1.192,-16.696,4268.32,226.84,26033.484,1383.55,94.164,97.248,1.784,0.764,43.573,31.235,1.66,819.894,-14.063,-1.952,224.488,11.93,0.689,3.063,185.51,-66.757,-5.659,2.793,22.392,1.19,52.548,0.494,0.196,-11.062,-5.56,39.153,264.559,14.06,736.716,5.836,2.752,-5.03,-2.133,0.507,-0.035,34.119,233.324,12.4,642.003,5.147,2.398,2.563,7.813,312.593,33.87,1.8,5881.891,-0.807,-0.04,91.67,4.872,0.747,21.972,1.349,0.4,0.0,2.573,0.034,7.527,0.0,25.384,0.166,0.0,0.095,4532.878,1422.703,-47.823,-5.525,5.034,31.235,1.66,94.714,0.689,0.354,7.098,0.014,0.236,0.564,0.03,4.437,0.012,0.017,0.0,-0.001,0.101,0.753,0.04,1.909,0.017,0.007
South Africa,2013,ZAF,53873608,637619470336.0,-1.924,-0.011,10.096,0.544,8.353,0.45,0.189,0.038,763.28,0.022,0.228,19074.5,1027.612,4029.246,217.07,-0.889,-15.156,31358.531,1689.397,91.011,71.911,234.01,238.51,16.691,0.443,6.302,26525.145,2.241,0.197,2.723,4144.516,223.28,25731.957,1386.273,93.615,97.01,-6.953,-3.03,40.544,51.973,2.8,752.57,7.273,0.868,237.558,12.798,1.174,2.837,182.05,8.385,0.216,3.009,20.604,1.11,55.846,0.465,0.211,9.448,3.579,42.732,282.699,15.23,793.19,6.385,2.99,-4.5,-1.923,8.78,2.772,36.891,252.628,13.61,684.777,5.706,2.582,1.767,5.524,318.117,63.296,3.41,5904.884,-4.398,-0.214,86.453,4.658,1.43,22.261,1.525,0.45,0.0,13.038,0.176,8.353,0.0,28.305,0.189,0.0,0.107,4427.214,1429.005,13.538,0.807,5.841,30.07,1.62,108.413,0.679,0.409,182.558,0.426,0.662,0.928,0.05,12.293,0.021,0.046,0.0,-0.001,0.101,0.186,0.01,1.872,0.004,0.007
South Africa,2014,ZAF,54729556,648455192576.0,-17.814,-0.097,8.168,0.447,6.212,0.34,0.144,0.031,752.748,1.276,13.107,19015.678,1040.72,3874.506,212.05,1.877,31.717,31447.627,1721.115,89.639,71.997,233.9,236.56,16.365,1.155,16.506,26411.893,2.229,0.801,11.106,3990.897,218.42,25532.439,1397.379,92.332,96.67,6.015,2.439,42.982,52.988,2.9,785.357,-19.492,-2.495,188.263,10.304,1.226,2.973,178.07,62.608,1.854,4.863,16.444,0.9,88.855,0.38,0.336,12.293,5.4,48.132,331.448,18.14,879.454,7.668,3.33,-2.66,-1.137,-2.212,-1.032,35.859,269.69,14.76,655.211,6.239,2.481,-1.396,-4.44,313.677,63.403,3.47,5731.403,-7.553,-0.352,78.673,4.306,1.467,21.7,1.163,0.34,0.0,-23.757,-0.362,6.212,0.0,21.243,0.144,0.0,0.08,4322.344,1445.511,97.347,6.432,12.273,61.758,3.38,224.243,1.429,0.849,342.371,2.25,2.912,19.733,1.08,53.21,0.457,0.201,2781.081,2.787,2.888,19.368,1.06,52.767,0.448,0.2
South Africa,2015,ZAF,55876504,656850354176.0,25.901,0.116,10.072,0.563,6.98,0.39,0.168,0.04,754.074,-6.172,-64.232,17475.82,976.488,3711.399,207.38,-3.738,-64.341,29650.623,1656.773,89.411,68.931,230.39,231.94,16.373,-1.999,-28.899,25352.562,2.157,-2.261,-31.601,3845.624,214.88,24442.797,1365.778,92.645,96.412,0.475,0.204,43.186,66.933,3.74,772.888,15.789,1.627,213.514,11.93,1.612,3.049,174.9,-59.333,-2.897,1.966,14.317,0.8,35.182,0.345,0.139,6.068,2.702,50.835,305.316,17.06,909.767,7.355,3.588,-1.55,-0.673,-11.288,-4.237,31.622,196.326,10.97,565.934,4.73,2.232,10.338,32.427,346.104,67.291,3.76,6194.087,0.0,0.0,77.058,4.306,1.621,24.432,1.01,0.39,0.0,-13.092,-0.152,6.98,0.0,18.083,0.168,0.0,0.071,4150.939,1416.613,56.497,6.939,19.212,108.99,6.09,343.833,2.626,1.356,155.73,4.491,7.403,42.952,2.4,132.488,1.035,0.523,188.086,5.382,8.27,44.742,2.5,148.007,1.078,0.584
South Africa,2016,ZAF,56422272,658694340608.0,-11.045,-0.062,8.873,0.501,5.494,0.31,0.131,0.034,740.286,7.534,73.566,18610.629,1050.054,3705.984,209.1,0.825,13.667,29606.039,1670.44,88.605,70.934,230.0,235.99,15.942,4.497,63.709,26236.475,2.247,3.857,52.682,3776.7,213.09,25140.072,1418.46,90.296,95.821,-15.375,-6.64,36.547,0.0,0.0,647.733,-11.727,-1.399,186.652,10.531,0.0,2.469,174.7,-14.521,-0.295,1.67,11.875,0.67,29.607,0.284,0.113,21.859,11.027,61.861,405.868,22.9,1096.402,9.704,4.179,-5.99,-2.604,22.792,6.977,38.6,269.574,15.21,684.125,6.445,2.608,-4.116,-14.244,331.859,70.717,3.99,5881.71,-37.015,-1.594,48.066,2.712,1.691,22.418,1.058,0.31,0.0,4.728,0.048,5.494,0.0,18.755,0.131,0.0,0.071,4182.568,1480.322,20.322,4.049,23.262,136.294,7.69,412.277,3.259,1.571,19.098,1.362,8.765,53.348,3.01,155.34,1.275,0.592,37.056,2.998,11.268,65.577,3.7,199.702,1.568,0.761
South Africa,2017,ZAF,56641208,668014870528.0,0.746,0.004,8.905,0.504,6.532,0.37,0.156,0.034,735.603,-1.629,-17.109,18236.629,1032.945,3755.923,212.74,-0.681,-11.374,29290.799,1659.066,89.424,70.051,231.27,237.9,16.134,-0.389,-5.752,26033.504,2.207,-0.981,-13.908,3756.452,212.77,24797.348,1404.552,89.437,95.252,9.748,3.563,40.109,0.0,0.0,708.129,0.0,,,,0.0,2.72,175.0,24.359,0.395,2.065,14.301,0.81,36.46,0.34,0.14,13.168,8.156,70.017,443.67,25.13,1236.154,10.563,4.748,-6.63,-2.867,-5.544,-2.354,36.246,266.414,15.09,639.915,6.343,2.458,-0.109,-0.362,331.498,0.53,0.03,5852.59,0.0,,,,0.013,22.481,1.233,0.37,0.0,16.553,0.175,6.532,0.0,21.775,0.156,0.0,0.084,4200.122,1474.569,44.62,10.51,33.772,177.256,10.04,596.239,4.22,2.29,29.475,2.517,11.281,69.561,3.94,199.17,1.656,0.765,66.833,7.42,18.688,86.863,4.92,329.929,2.068,1.267
South Africa,2018,ZAF,57339632,673272168448.0,61.588,0.311,14.214,0.815,7.15,0.41,0.173,0.057,743.324,-5.1,-52.684,17095.684,980.26,3734.415,214.13,0.683,11.333,29131.672,1670.399,90.339,69.095,232.33,237.03,16.708,-3.789,-55.865,24742.117,2.107,-3.518,-49.416,3736.508,214.25,23633.496,1355.136,90.389,95.519,9.969,3.999,44.108,0.0,0.0,769.239,0.0,,,,0.0,3.109,176.19,42.139,0.853,2.918,19.184,1.1,50.894,0.464,0.206,-8.143,-6.449,63.568,397.282,22.78,1108.62,9.611,4.481,-4.7,-2.023,-18.41,-6.846,29.4,184.166,10.56,512.728,4.455,2.072,-0.22,-0.73,330.768,2.093,0.12,5768.573,0.0,,,,0.051,23.315,1.377,0.41,0.0,11.639,0.144,7.15,0.0,24.013,0.173,0.0,0.097,4133.79,1418.704,3.13,0.397,34.168,213.116,12.22,595.891,5.155,2.408,7.879,0.818,12.099,73.945,4.24,211.004,1.789,0.853,-8.715,-1.728,16.959,112.836,6.47,295.766,2.73,1.195
South Africa,2019,ZAF,58087060,,-14.977,-0.122,11.93,0.693,7.058,0.41,0.175,0.047,730.304,6.579,64.488,17985.9,1044.748,3566.371,207.16,0.136,2.277,28796.021,1672.676,88.319,70.502,229.39,234.56,15.829,4.452,63.167,25511.209,,4.338,58.785,3587.546,208.39,24341.416,1413.921,88.843,95.415,-3.392,-1.496,42.612,0.0,0.0,733.584,0.0,,,,0.0,2.876,171.3,-32.82,-0.965,1.953,12.567,0.73,33.626,0.311,0.132,6.984,4.382,67.95,450.531,26.17,1169.789,11.157,4.585,-5.17,-2.254,14.439,4.121,33.521,234.131,13.6,577.074,5.798,2.262,-1.272,-4.206,326.562,21.175,1.23,5621.934,0.0,,,,0.524,22.037,1.377,0.41,0.0,0.0,0.0,7.058,0.0,23.704,0.175,0.0,0.093,4038.077,1481.871,0.51,0.261,34.429,216.399,12.57,592.715,5.359,2.323,7.216,0.825,12.924,82.807,4.81,222.497,2.051,0.872,3.463,0.523,17.482,113.967,6.62,300.958,2.822,1.18
South Africa,2020,ZAF,58801928,,6.05,0.042,12.498,0.735,7.143,0.42,0.189,0.053,731.561,-2.78,-29.044,17273.305,1015.704,3335.265,196.12,-3.209,-53.67,27533.223,1619.007,88.362,73.288,218.13,221.95,16.015,-6.476,-95.971,23568.951,,-6.418,-90.745,3358.733,197.5,22502.26,1323.176,88.984,95.474,-6.821,-2.906,39.705,0.0,0.0,675.238,0.0,,,,0.0,2.865,162.37,97.706,1.894,3.848,24.489,1.44,65.432,0.649,0.278,-7.531,-5.226,62.724,415.803,24.45,1066.693,11.016,4.526,-3.82,-1.751,-25.272,-8.563,24.957,197.613,11.62,424.43,5.235,1.801,-18.004,-58.794,267.767,23.469,1.38,4553.715,0.0,,,,0.622,19.321,1.377,0.42,0.0,0.0,0.0,7.143,0.0,23.416,0.189,0.0,0.099,3774.536,1385.9,10.014,3.337,37.766,218.19,12.83,642.263,5.781,2.725,16.255,2.046,14.97,85.541,5.03,254.581,2.266,1.08,-3.332,-0.645,16.837,101.017,5.94,286.337,2.676,1.215
South Africa,2021,ZAF,59392256,,31.376,0.231,16.256,0.965,6.735,0.4,0.179,0.069,715.681,-4.009,-40.723,16415.963,974.981,3245.036,192.73,-6.682,-108.175,25438.186,1510.831,86.349,70.176,219.06,223.2,16.065,0.247,3.429,23392.424,,-0.974,-12.883,3269.281,194.17,22061.688,1310.293,86.994,94.311,16.213,6.437,46.143,0.0,0.0,776.915,0.0,,,,0.0,3.321,159.74,37.747,1.433,5.28,24.751,1.47,88.908,0.659,0.38,26.619,16.312,79.036,488.784,29.03,1330.738,13.006,5.689,-4.14,-1.89,24.76,6.066,31.023,204.572,12.15,522.338,5.444,2.233,7.993,21.402,289.17,24.246,1.44,4868.81,0.0,,,,0.645,20.814,1.373,0.4,0.0,-0.273,-0.004,6.735,0.0,23.12,0.179,0.0,0.099,3758.066,1389.329,27.868,10.246,48.013,284.212,16.88,808.4,7.563,3.456,19.035,2.784,17.754,111.967,6.65,298.93,2.979,1.278,34.956,5.802,22.639,140.759,8.36,381.186,3.746,1.63
South Africa,2022,ZAF,59893884,,0.906,0.009,16.265,0.974,6.678,0.4,0.187,0.073,708.989,-5.607,-54.662,15365.821,920.319,3043.549,182.29,-1.679,-25.371,24801.535,1485.46,85.342,68.748,211.51,213.6,15.956,-3.645,-50.647,22350.898,,-3.721,-48.762,3073.937,184.11,21062.77,1261.531,86.194,94.237,-1.215,-0.561,45.582,0.0,0.0,761.044,0.0,,,,0.0,3.405,151.44,53.617,2.802,8.082,50.423,3.02,134.941,1.414,0.604,-2.247,-1.884,77.151,492.371,29.49,1288.129,13.806,5.763,-2.09,-0.988,-18.252,-5.755,25.268,168.131,10.07,421.882,4.714,1.888,2.234,6.461,295.63,30.387,1.82,4935.904,0.0,,,,0.852,22.084,1.373,0.5,0.1,0.0,0.0,8.348,1.67,22.926,0.234,0.047,0.103,3566.308,1338.682,8.242,3.87,51.883,324.24,19.42,866.247,9.092,3.876,-8.622,-1.59,16.164,103.683,6.21,269.881,2.907,1.207,12.113,2.65,25.289,161.786,9.69,422.234,4.537,1.889
South America,1900,,41330704,,,,,,,,,,,,,,,,,,,72.574,3.0,,,,,,,,,,,,,,,,,,,,,,,,,,0.0,0.0,,,,,,,,,,,,,,,,,,,,,,,,,,,,,,,,,,,,,,10.693,0.442,,,,,,,,,,,,,,,,,,,,,,,,,,,,,,,,,,,,,,,
South America,1901,,42150431,,,,,,,,,,,,,,,,,72.778,2.183,122.954,5.183,,,,,,,,,,,,,,,,,,,,,,,,,0.0,0.0,0.0,,,,,,,,,,,,,,,,,,,,,,,,,,,,,,,,,,,,2.632,0.012,10.761,0.454,,,,,,,,,,,,,,,,,,,,,,,,,,,,,,,,,,,,,,,
South America,1902,,43003743,,,,,,,,,,,,,,,,,16.164,0.838,139.994,6.02,,,,,,,,,,,,,,,,,,,,,,,,,0.0,0.0,0.0,,,,,,,,,,,,,,,,,,,,,,,,,,,,,,,,,,,,-17.949,-0.081,8.654,0.372,,,,,,,,,,,,,,,,,,,,,,,,,,,,,,,,,,,,,,,
South America,1903,,43873585,,,,,,,,,,,,,,,,,15.27,0.919,158.172,6.94,,,,,,,,,,,,,,,,,,,,,,,,,0.0,0.0,0.0,,,,,,,,,,,,,,,,,,,,,,,,,,,,,,,,,,,,15.625,0.058,9.808,0.43,,,,,,,,,,,,,,,,,,,,,,,,,,,,,,,,,,,,,,,
South America,1904,,44763729,,,,,,,,,,,,,,,,,-5.86,-0.407,145.942,6.533,,,,,,,,,,,,,,,,,,,,,,,,,0.0,0.0,0.0,,,,,,,,,,,,,,,,,,,,,,,,,,,,,,,,,,,,5.405,0.023,10.133,0.454,,,,,,,,,,,,,,,,,,,,,,,,,,,,,,,,,,,,,,,
South America,1905,,45674718,,,,,,,,,,,,,,,,,6.905,0.451,152.908,6.984,,,,,,,,,,,,,,,,,,,,,,,,,0.0,0.0,0.0,,,,,,,,,,,,,,,,,,,,,,,,,,,,,,,,,,,,28.205,0.128,12.731,0.581,,,,,,,,,,,,,,,,,,,,,,,,,,,,,,,,,,,,,,,
South America,1906,,46607103,,,,,,,,,,,,,,,,,16.559,1.156,174.662,8.14,,,,,,,,,,,,,,,,,,,,,,,,,0.0,0.0,0.0,,,,,,,,,,,,,,,,,,,,,,,,,,,,,,,,,,,,42.0,0.244,17.717,0.826,,,,,,,,,,,,,,,,,,,,,,,,,,,,,,,,,,,,,,,
South America,1907,,47561454,,,,,,,,,,,,,,,,,0.74,0.06,172.424,8.201,,,,,,,,,,,,,,,,,,,,,,,,,0.0,0.0,0.0,,,,,,,,,,,,,,,,,,,,,,,,,,,,,,,,,,,,40.845,0.337,24.453,1.163,,,,,,,,,,,,,,,,,,,,,,,,,,,,,,,,,,,,,,,
South America,1908,,48538368,,,,,,,,,,,,,,,,,22.982,1.885,207.782,10.085,,,,,,,,,,,,,,,,,,,,,,,,,0.0,0.0,0.0,,,,,,,,,,,,,,,,,,,,,,,,,,,,,,,,,,,,28.0,0.326,30.669,1.489,,,,,,,,,,,,,,,,,,,,,,,,,,,,,,,,,,,,,,,
South America,1909,,49526946,,,,,,,,,,,,,,,,,0.896,0.09,205.459,10.176,,,,,,,,,,,,,,,,,,,,,,,,,0.0,0.0,0.0,,,,,,,,,,,,,,,,,,,,,,,,,,,,,,,,,,,,49.219,0.733,44.851,2.221,,,,,,,,,,,,,,,,,,,,,,,,,,,,,,,,,,,,,,,
South America,1910,,50545955,,,,,,,,,,,,,,,,,9.282,0.945,220.004,11.12,,,,,,,,,,,,,,,,,,,,,,,,,0.0,0.0,0.0,,,,,,,,,,,,,,,,,,,,,,,,,,,,,,,,,,,,-10.471,-0.233,39.345,1.989,,,,,,,,,,,,,,,,,,,,,,,,,,,,,,,,,,,,,,,
South America,1911,,51538305,,,,,,,,,,,,,,,,,10.791,1.2,239.052,12.32,,,,,,,,,,,,,,,,,,,,,,,,,0.0,0.0,0.0,,,,,,,,,,,,,,,,,,,,,,,,,,,,,,,,,,,,15.205,0.302,44.455,2.291,,,,,,,,,,,,,,,,,,,,,,,,,,,,,,,,,,,,,,,
South America,1912,,52560621,,,,,,,,,,,,,,,,,5.206,0.641,246.604,12.962,,,,,,,,,,,,,,,,,,,,,,,,,0.0,0.0,0.0,,,,,,,,,,,,,,,,,,,,,,,,,,,,,,,,,,,,22.335,0.512,53.326,2.803,,,,,,,,,,,,,,,,,,,,,,,,,,,,,,,,,,,,,,,
South America,1913,,53593682,,,,,,,,,,,,,,,,,-2.235,-0.29,236.446,12.672,,,,,,,,,,,,,,,,,,,,,,,,,0.0,0.0,0.0,,,,,,,,,,,,,,,,,,,,,,,,,,,,,,,,,,,,22.407,0.628,64.016,3.431,,,,,,,,,,,,,,,,,,,,,,,,,,,,,,,,,,,,,,,
South America,1914,,54648666,,,,,,,,,,,,,,,,,-11.827,-1.499,204.456,11.173,,,,,,,,,,,,,,,,,,,,,,,,,0.0,0.0,0.0,,,,,,,,,,,,,,,,,,,,,,,,,,,,,,,,,,,,1.356,0.047,63.631,3.477,,,,,,,,,,,,,,,,,,,,,,,,,,,,,,,,,,,,,,,
South America,1915,,55726062,,,,,,,,,,,,,,,,,7.821,0.874,216.184,12.047,,,,,,,,,,,,,,,,,,,,,,,,,0.0,0.0,0.0,,,,,,,,,,,,,,,,,,,,,,,,,,,,,,,,,,,,47.826,1.663,92.245,5.14,,,,,,,,,,,,,,,,,,,,,,,,,,,,,,,,,,,,,,,
South America,1916,,56826365,,,,,,,,,,,,,,,,,21.218,2.556,256.979,14.603,,,,,,,,,,,,,,,,,,,,,,,,,0.0,0.0,0.0,,,,,,,,,,,,,,,,,,,,,,,,,,,,,,,,,,,,13.122,0.675,102.329,5.815,,,,,,,,,,,,,,,,,,,,,,,,,,,,,,,,,,,,,,,
South America,1917,,57950087,,,,,,,,,,,,,,,,,11.871,1.734,281.911,16.337,,,,,,,,,,,,,,,,,,,,,,,,,0.0,0.0,0.0,,,,,,,,,,,,,,,,,,,,,,,,,,,,,,,,,,,,10.0,0.582,110.379,6.397,,,,,,,,,,,,,,,,,,,,,,,,,,,,,,,,,,,,,,,
South America,1918,,59082099,,,,,,,,,,,,,,,,,5.427,0.887,291.515,17.223,,,,,,,,,,,,,,,,,,,,,,,,,0.0,0.0,0.0,,,,,,,,,,,,,,,,,,,,,,,,,,,,,,,,,,,,6.727,0.43,115.548,6.827,,,,,,,,,,,,,,,,,,,,,,,,,,,,,,,,,,,,,,,
South America,1919,,60244320,,,,,,,,,,,,,,,,,-2.989,-0.515,277.346,16.709,,,,,,,,,,,,,,,,,,,,,,,,,0.0,0.0,0.0,,,,,,,,,,,,,,,,,,,,,,,,,,,,,,,,,,,,1.533,0.105,115.056,6.931,,,,,,,,,,,,,,,,,,,,,,,,,,,,,,,,,,,,,,,
South America,1920,,61458365,,,,,,,,,,,,,,,,,-17.85,-2.982,223.34,13.726,,,,,,,,,,,,,,,,,,,,,,,,,0.0,0.0,0.0,,,,,,,,,,,,,,,,,,,,,,,,,,,,,,,,,,,,15.604,1.082,130.382,8.013,,,,,,,,,,,,,,,,,,,,,,,,,,,,,,,,,,,,,,,
South America,1921,,62662587,,,,,,,,,,,,,,,,,10.715,1.471,242.518,15.197,,,,,,,,,,,,,,,,,,,,,,,,,0.0,0.0,0.0,,,,,,,,,,,,,,,,,,,,,,,,,,,,,,,,,,,,49.057,3.931,190.608,11.944,,,,,,,,,,,,,,,,,,,,,,,,,,,,,,,,,,,,,,,
South America,1922,,63920292,,,,,,,,,,,,,,,,,-14.549,-2.211,203.156,12.986,,,,,,,,,,,,,,,,,,,,,,,,,0.0,0.0,0.0,,,,,,,,,,,,,,,,,,,,,,,,,,,,,,,,,,,,48.88,5.838,278.194,17.782,,,,,,,,,,,,,,,,,,,,,,,,,,,,,,,,,,,,,,,
South America,1923,,65211521,,,,,,,,,,,,,,,,,7.612,0.989,214.293,13.974,,,,,,,,,,,,,,,,,,,,,,,,,0.0,0.0,0.0,,,,,,,,,,,,,,,,,,,,,,,,,,,,,,,,,,,,28.254,5.024,349.73,22.806,,,,,,,,,,,,,,,,,,,,,,,,,,,,,,,,,,,,,,,
South America,1924,,66531037,,,,,,,,,,,,,,,,,16.865,2.357,245.466,16.331,,,,,,,,,,,,,,,,,,,,,,,,,0.0,0.0,0.0,,,,,,,,,,,,,,,,,,,,,,,,,,,,,,,,,,,,59.867,13.654,548.016,36.46,,,,,,,,,,,,,,,,,,,,,,,,,,,,,,,,,,,,,,,
South America,1925,,67879486,,,,,,,,,,,,,,,,,-5.29,-0.864,227.862,15.467,,,,,,,,,,,,,,,,,,,,,,,,,0.0,0.0,0.0,,,,,,,,,,,,,,,,,,,,,,,,,,,,,,,,,,,,64.53,23.527,883.736,59.988,,,,,,,,,,,,,,,,,,,,,,,,,,,,,,,,,,,,,,,
South America,1926,,69257549,,,,,,,,,,,,,,,,,2.832,0.438,229.652,15.905,,,,,,,,,,,,,,,,,,,,,,,,,0.0,0.0,0.0,,,,,,,,,,,,,,,,,,,,,,,,,,,,,,,,,,,,68.651,41.182,1460.77,101.169,,,,,,,,,,,,,,,,,,,,,,,,,,,,,,,,,,,,,,,
South America,1927,,70665913,,,,,,,,,,,,,,,,,-2.54,-0.404,219.358,15.501,,,,,,,,,,,,,,,,,,,,,,,,,0.0,0.0,0.0,,,,,,,,,,,,,,,,,,,,,,,,,,,,,,,,,,,,56.317,56.975,2237.921,158.145,,,,,,,,,,,,,,,,,,,,,,,,,,,,,,,,,,,,,,,
South America,1928,,72105285,,,,,,,,,,,,,,,,,0.967,0.15,217.058,15.651,,,,,,,,,,,,,,,,,,,,,,,,,0.0,0.0,0.0,,,,,,,,,,,,,,,,,,,,,,,,,,,,,,,,,,,,56.089,88.702,3423.421,246.847,,,,,,,,,,,,,,,,,,,,,,,,,,,,,,,,,,,,,,,
South America,1929,,73542833,,,,,,,,,,,,,,,,,9.937,1.555,233.963,17.206,,,,,,,,,,,,,,,,,,,,,,,,,2.885,39.23,2.885,,,,,,,,,,,,,,,,,,,,,,,,,,,,,,,,,,,,22.912,56.557,4125.534,303.403,,,,,,,,,,,,,,,,,,,,,,,,,,,,,,,,,,,,,,,
South America,1930,,75000506,,,,,,,,,,,,,,,,,-4.062,-0.699,220.097,16.507,,,,,,,,,,,,,,,,,,,,,,,,11.199,0.323,42.776,3.208,,,,,,,,,,,,,,,,,,,,,,,,,,,,,,,,,,,,-0.192,-0.582,4037.598,302.822,,,,,,,,,,,,,,,,,,,,,,,,,,,,,,,,,,,,,,,
South America,1931,,76408644,,,,,,,,,,,,,,,,,-20.785,-3.431,171.138,13.076,,,,,,,,,,,,,,,,,,,,,,,,10.071,0.323,46.216,3.531,,,,,,,,,,,,,,,,,,,,,,,,,,,,,,,,,,,,-11.959,-36.216,3489.214,266.606,,,,,,,,,,,,,,,,,,,,,,,,,,,,,,,,,,,,,,,
South America,1932,,77834892,,,,,,,,,,,,,,,,,-5.832,-0.763,158.204,12.314,,,,,,,,,,,,,,,,,,,,,,,,9.15,0.323,49.52,3.854,,,,,,,,,,,,,,,,,,,,,,,,,,,,,,,,,,,,-0.79,-2.105,3398.233,264.501,,,,,,,,,,,,,,,,,,,,,,,,,,,,,,,,,,,,,,,
South America,1933,,79255273,,,,,,,,,,,,,,,,,41.344,5.091,219.604,17.405,,,,,,,,,,,,,,,,,,,,,,,,8.383,0.323,52.71,4.178,,,,,,,,,,,,,,,,,,,,,,,,,,,,,,,,,,,,1.297,3.431,3380.62,267.932,,,,,,,,,,,,,,,,,,,,,,,,,,,,,,,,,,,,,,,
South America,1934,,80702221,,,,,,,,,,,,,,,,,23.319,4.059,265.958,21.463,,,,,,,,,,,,,,,,,,,,,,,,7.734,0.323,55.768,4.501,,,,,,,,,,,,,,,,,,,,,,,,,,,,,,,,,,,,16.672,44.671,3873.534,312.603,,,,,,,,,,,,,,,,,,,,,,,,,,,,,,,,,,,,,,,
South America,1935,,82176242,,,,,,,,,,,,,,,,,13.142,2.821,295.513,24.284,,,,,,,,,,,,,,,,,,,,,,,,7.179,0.323,58.7,4.824,,,,,,,,,,,,,,,,,,,,,,,,,,,,,,,,,,,,7.716,24.121,4097.576,336.723,,,,,,,,,,,,,,,,,,,,,,,,,,,,,,,,,,,,,,,
South America,1936,,83677855,,,,,,,,,,,,,,,,,-4.574,-1.111,276.935,23.173,,,,,,,,,,,,,,,,,,,,,,,,6.698,0.323,61.507,5.147,,,,,,,,,,,,,,,,,,,,,,,,,,,,,,,,,,,,4.808,16.189,4217.512,352.912,,,,,,,,,,,,,,,,,,,,,,,,,,,,,,,,,,,,,,,
South America,1937,,85207585,,,,,,,,,,,,,,,,,4.021,0.932,282.899,24.105,,,,,,,,,,,,,,,,,,,,,,,,311.54,16.034,248.583,21.181,,,,,,,,,,,,,,,,,,,,,,,,,,,,,,,,,,,,16.915,59.697,4842.399,412.609,,,,,,,,,,,,,,,,,,,,,,,,,,,,,,,,,,,,,,,
South America,1938,,86765969,,,,,,,,,,,,,,,,,5.443,1.312,292.938,25.417,,,,,,,,,,,,,,,,,,,,,,,,1.825,0.387,248.574,21.568,,,,,,,,,,,,,,,,,,,,,,,,,,,,,,,,,,,,1.22,5.036,4813.465,417.645,,,,,,,,,,,,,,,,,,,,,,,,,,,,,,,,,,,,,,,
South America,1939,,88439089,,,,,,,,,,,,,,,,,-1.042,-0.265,284.401,25.152,,,,,,,,,,,,,,,,,,,,,,,,1.792,0.387,248.242,21.954,,,,,,,,,,,,,,,,,,,,,,,,,,,,,,,,,,,,7.552,31.541,5079.038,449.185,,,,,,,,,,,,,,,,,,,,,,,,,,,,,,,,,,,,,,,
South America,1940,,90256669,,,,,,,,,,,,,,,,,15.823,3.98,322.768,29.132,,,,,,,,,,,,,,,,,,,,,,,,1.761,0.387,247.526,22.341,,,,,,,,,,,,,,,,,,,,,,,,,,,,,,,,,,,,-7.094,-31.866,4623.695,417.319,,,,,,,,,,,,,,,,,,,,,,,,,,,,,,,,,,,,,,,
South America,1941,,92147826,,,,,,,,,,,,,,,,,1.694,0.494,321.5,29.626,,,,,,,,,,,,,,,,,,,,,,,,1.73,0.387,246.641,22.727,,,,,,,,,,,,,,,,,,,,,,,,,,,,,,,,,,,,16.275,67.919,5265.87,485.238,,,,,,,,,,,,,,,,,,,,,,,,,,,,,,,,,,,,,,,
South America,1942,,94192959,,,,,,,,,,,,,,,,,16.084,4.765,365.106,34.39,,,,,,,,,,,,,,,,,,,,,,,,1.701,0.387,245.39,23.114,,,,,,,,,,,,,,,,,,,,,,,,,,,,,,,,,,,,-31.556,-153.121,3525.931,332.118,,,,,,,,,,,,,,,,,,,,,,,,,,,,,,,,,,,,,,,
South America,1943,,96371873,,,,,,,,,,,,,,,,,6.971,2.397,381.727,36.788,,,,,,,,,,,,,,,,,,,,,,,,1.672,0.387,243.854,23.501,,,,,,,,,,,,,,,,,,,,,,,,,,,,,,,,,,,,17.933,59.557,4064.206,391.675,,,,,,,,,,,,,,,,,,,,,,,,,,,,,,,,,,,,,,,
South America,1944,,98604192,,,,,,,,,,,,,,,,,-2.284,-0.84,364.563,35.947,,,,,,,,,,,,,,,,,,,,,,,,1.645,0.387,242.253,23.887,,,,,,,,,,,,,,,,,,,,,,,,,,,,,,,,,,,,36.412,142.619,5418.571,534.294,,,,,,,,,,,,,,,,,,,,,,,,,,,,,,,,,,,,,,,
South America,1945,,100891266,,,,,,,,,,,,,,,,,-0.613,-0.22,354.114,35.727,,,,,,,,,,,,,,,,,,,,,,,,1.618,0.387,240.593,24.274,,,,,,,,,,,,,,,,,,,,,,,,,,,,,,,,,,,,19.727,105.403,6340.455,639.696,,,,,,,,,,,,,,,,,,,,,,,,,,,,,,,,,,,,,,,
South America,1946,,103234470,,,,,,,,,,,,,,,,,-4.595,-1.642,330.172,34.085,,,,,,,,,,,,,,,,,,,,,,,,2.022,0.491,239.887,24.765,,,,,,,,,,,,,,,,,,,,,,,,,,,,,,,,,,,,15.957,102.077,7185.323,741.773,,,,,,,,,,,,,,,,,,,,,,,,,,,,,,,,,,,,,,,
South America,1947,,105635226,,,,,,,,,,,,,,,,,2.944,1.003,332.167,35.088,,,,,,,,,,,,,,,,,,,,,,,,14.85,3.677,269.248,28.442,,,,,,,,,,,,,,,,,,,,,,,,,,,,,,,,,,,,11.27,83.596,7813.393,825.37,,,,,,,,,,,,,,,,,,,,,,,,,,,,,,,,,,,,,,,
South America,1948,,108094989,,,,,,,,,,,,,,,,,4.791,1.681,340.16,36.77,,,,,,,,,,,,,,,,,,,,,,,,-11.545,-3.284,232.745,25.159,,,,,,,,,,,,,,,,,,,,,,,,,,,,,,,,,,,,11.478,94.738,8512.026,920.107,,,,,,,,,,,,,,,,,,,,,,,,,,,,,,,,,,,,,,,
South America,1949,,110712748,,,,,,,,,,,,,,,,,-1.356,-0.499,327.613,36.271,,,,,,,,,,,,,,,,,,,,,,,,12.548,3.157,255.756,28.315,,,,,,,,,,,,,,,,,,,,,,,,,,,,,,,,,,,,-0.921,-8.478,8234.185,911.629,,,,,,,,,,,,,,,,,,,,,,,,,,,,,,,,,,,,,,,
South America,1950,,113520774,,,,,,,,,,,,,,,,,13.792,5.002,363.574,41.273,,,,,,,,,,,,,,,,,,,,,,,,30.266,8.57,324.922,36.885,,,,,,,,,,,,,,,,,,,,,,,,,,,,,,,,,,,,13.0,118.51,9074.453,1030.139,,,,,,,,,,,,,,,,,,,,,,,,,,,,,,,,,,,,,,,
South America,1951,,116611722,,,,,,,,,,,,,,,,,-2.353,-0.971,345.609,40.302,,,,,,,,,,,,,,,,,,,,,,,,11.533,4.254,352.789,41.139,,,,,,,,,,,,,,,,,,,,,,,,,,,,,,,,,,,,13.647,140.583,10039.49,1170.722,,,,,,,,,,,,,,,,,,,,,,,,,,,,,,,,,,,,,,,
South America,1952,,119808344,,,,,,,,,,,,,,,,,3.428,1.382,347.92,41.684,,,,,,,,,,,,,,,,,,,,,,,,-4.301,-1.769,328.607,39.37,,,,,,,,,,,,,,,,,,,,,,,,,,,,,,,,,,,,5.777,67.629,10336.099,1238.351,,,,,,,,,,,,,,,,,,,,,,,,,,,,,,,,,,,,,,,
South America,1953,,123095752,,,,,,,,,,,,,,,,,3.526,1.47,350.569,43.154,,,,,,,,,,,,,,,,,,,,,,,,17.69,6.964,376.408,46.334,,,,,,,,,,,,,,,,,,,,,,,,,,,,,,,,,,,,-1.804,-22.341,9878.566,1216.01,,,,,,,,,,,,,,,,,,,,,,,,,,,,,,,,,,,,,,,
South America,1954,,126483936,,,,,,,,,,,,,,,,,4.673,2.016,357.121,45.17,,,,,,,,,,,,,,,,,,,,,,,,10.682,4.95,405.458,51.284,,,,,,,,,,,,,,,,,,,,,,,,,,,,,,,,,,,,7.159,87.051,10302.179,1303.06,,,,,,,,,,,,,,,,,,,,,,,,,,,,,,,,,,,,,,,
South America,1955,,129986019,,,,,,,,,,,,,,,,,8.94,4.038,378.565,49.208,,,,,,,,,,,,,,,,,,,,,,,,7.988,4.097,426.051,55.381,,,,,,,,,,,,,,,,,,,,,,,,,,,,,,,,,,,,13.009,169.519,11328.749,1472.579,,,,,,,,,,,,,,,,,,,,,,,,,,,,,,,,,,,,,,,
South America,1956,,133605548,,,,,,,,,,,,,,,,,-0.514,-0.253,366.418,48.956,,,,,,,,,,,,,,,,,,,,,,,,9.636,5.337,454.453,60.717,,,,,,,,,,,,,,,,,,,,,,,,,,,,,,,,,,,,13.752,202.513,12537.595,1675.092,,,,,,,,,,,,,,,,,,,,,,,,,,,,,,,,,,,,,,,
South America,1957,,137348367,,,,,,,,,,,,,,,,,-3.737,-1.829,343.114,47.126,,,,,,,,,,,,,,,,,,,,,,,,19.622,11.914,528.811,72.631,,,,,,,,,,,,,,,,,,,,,,,,,,,,,,,,,,,,12.716,213.004,13746.765,1888.096,,,,,,,,,,,,,,,,,,,,,,,,,,,,,,,,,,,,,,,
South America,1958,,141190603,,,,,,,,,,,,,,,,,10.208,4.811,367.85,51.937,,,,,,,,,,,,,,,,,,,,,,,,12.474,9.06,578.587,81.691,,,,,,,,,,,,,,,,,,,,,,,,,,,,,,,,,,,,-5.367,-101.332,12654.975,1786.763,,,,,,,,,,,,,,,,,,,,,,,,,,,,,,,,,,,,,,,
South America,1959,,145148672,,,,,,,,,,,,,,,,,0.467,0.243,359.49,52.18,,,,,,,,,,,,,,,,,,,,,,,,1.562,1.276,571.602,82.967,,,,,,,,,,,,,,,,,,,,,,,,,,,,,,,,,,,,7.744,138.374,13263.208,1925.137,,,,,,,,,,,,,,,,,,,,,,,,,,,,,,,,,,,,,,,
South America,1960,,149224306,,,,,,,,,,,,,,,,,-3.185,-1.662,338.534,50.517,,,,,,,,,,,,,,,,,,,,,,,,17.728,14.709,654.559,97.676,,,,,,,,,,,,,,,,,,,,,,,,,,,,,,,,,,,,5.291,101.867,13583.607,2027.004,,,,,,,,,,,,,,,,,,,,,,,,,,,,,,,,,,,,,,,
South America,1961,,153377880,,,,,,,,,,,,,,,,,9.164,4.629,359.548,55.147,,,,,,,,,,,,,,,,,,,,,,,,19.383,18.933,760.272,116.609,,,,,,,,,,,,,,,,,,,,,,,,,,,,,,,,,,,,3.692,74.839,13703.692,2101.843,,,,,,,,,,,,,,,,,,,,,,,,,,,,,,,,,,,,,,,
South America,1962,,157609028,,,,,,,,,,,,,,,,,4.919,2.713,367.108,57.86,,,,,,,,,,,,,,,,,,,,,,,,14.421,16.816,846.555,133.425,,,,,,,,,,,,,,,,,,,,,,,,,,,,,,,,,,,,9.188,193.116,14561.092,2294.959,,,,,,,,,,,,,,,,,,,,,,,,,,,,,,,,,,,,,,,
South America,1963,,161919488,,,,,,,,,,,,,,,,,3.315,1.918,369.182,59.778,,,,,,,,,,,,,,,,,,,,,,,,8.072,10.77,890.532,144.195,,,,,,,,,,,,,,,,,,,,,,,,,,,,,,,,,,,,2.102,48.23,14471.323,2343.189,,,,,,,,,,,,,,,,,,,,,,,,,,,,,,,,,,,,,,,
South America,1964,,166291510,,,,,,,,,,,,,,,,,1.651,0.987,365.41,60.765,,,,,,,,,,,,,,,,,,,,,,,,6.647,9.584,924.754,153.779,,,,,,,,,,,,,,,,,,,,,,,,,,,,,,,,,,,,4.666,109.333,14748.334,2452.523,,,,,,,,,,,,,,,,,,,,,,,,,,,,,,,,,,,,,,,
South America,1965,,170706949,,,,0.0,0.0,,,,0.0,,,,390.287,66.625,,,2.02,1.228,363.151,61.992,,6.234,,,,,,6260.95,,,,,,5575.318,951.746,,89.049,,,136.253,,,798.17,8.31,12.779,975.694,166.558,,12.748,,,,117.042,231.868,39.582,685.633,,10.951,,,117.042,0.0,0.0,685.633,,10.951,,,,,0.0,0.0,0.0,0.0,,0.0,,,748.868,,,4386.861,4.112,100.837,14957.56,2553.359,,70.067,0.0,0.0,,,,0.0,,0.0,,,0.0,,1068.788,,,117.042,,,685.633,,10.951,,,,,,,,,,,,,,,,
