country,year,iso_code,population,gdp,biofuel_cons_change_pct,biofuel_cons_change_twh,biofuel_cons_per_capita,biofuel_consumption,biofuel_elec_per_capita,biofuel_electricity,biofuel_share_elec,biofuel_share_energy,carbon_intensity_elec,coal_cons_change_pct,coal_cons_change_twh,coal_cons_per_capita,coal_consumption,coal_elec_per_capita,coal_electricity,coal_prod_change_pct,coal_prod_change_twh,coal_prod_per_capita,coal_production,coal_share_elec,coal_share_energy,electricity_demand,electricity_generation,electricity_share_energy,energy_cons_change_pct,energy_cons_change_twh,energy_per_capita,energy_per_gdp,fossil_cons_change_pct,fossil_cons_change_twh,fossil_elec_per_capita,fossil_electricity,fossil_energy_per_capita,fossil_fuel_consumption,fossil_share_elec,fossil_share_energy,gas_cons_change_pct,gas_cons_change_twh,gas_consumption,gas_elec_per_capita,gas_electricity,gas_energy_per_capita,gas_prod_change_pct,gas_prod_change_twh,gas_prod_per_capita,gas_production,gas_share_elec,gas_share_energy,greenhouse_gas_emissions,hydro_cons_change_pct,hydro_cons_change_twh,hydro_consumption,hydro_elec_per_capita,hydro_electricity,hydro_energy_per_capita,hydro_share_elec,hydro_share_energy,low_carbon_cons_change_pct,low_carbon_cons_change_twh,low_carbon_consumption,low_carbon_elec_per_capita,low_carbon_electricity,low_carbon_energy_per_capita,low_carbon_share_elec,low_carbon_share_energy,net_elec_imports,net_elec_imports_share_demand,nuclear_cons_change_pct,nuclear_cons_change_twh,nuclear_consumption,nuclear_elec_per_capita,nuclear_electricity,nuclear_energy_per_capita,nuclear_share_elec,nuclear_share_energy,oil_cons_change_pct,oil_cons_change_twh,oil_consumption,oil_elec_per_capita,oil_electricity,oil_energy_per_capita,oil_prod_change_pct,oil_prod_change_twh,oil_prod_per_capita,oil_production,oil_share_elec,oil_share_energy,other_renewable_consumption,other_renewable_electricity,other_renewable_exc_biofuel_electricity,other_renewables_cons_change_pct,other_renewables_cons_change_twh,other_renewables_elec_per_capita,other_renewables_elec_per_capita_exc_biofuel,other_renewables_energy_per_capita,other_renewables_share_elec,other_renewables_share_elec_exc_biofuel,other_renewables_share_energy,per_capita_electricity,primary_energy_consumption,renewables_cons_change_pct,renewables_cons_change_twh,renewables_consumption,renewables_elec_per_capita,renewables_electricity,renewables_energy_per_capita,renewables_share_elec,renewables_share_energy,solar_cons_change_pct,solar_cons_change_twh,solar_consumption,solar_elec_per_capita,solar_electricity,solar_energy_per_capita,solar_share_elec,solar_share_energy,wind_cons_change_pct,wind_cons_change_twh,wind_consumption,wind_elec_per_capita,wind_electricity,wind_energy_per_capita,wind_share_elec,wind_share_energy
U.S. Pacific Islands (EIA),2001,,,,,,,,,,,,,,,,,,,,,,,,,,,,0.0,0.0,,,,,,,,,,,,,,,,,,,,,,,,,,,,,,,,,,,,,,,,,,,,,,,,,,,,,,,,,,,,,,,,,,,,,,,,,,1.215,,,,,,,,,,,,,,,,,,,,,,,,
U.S. Pacific Islands (EIA),2002,,,,,,,,,,,,,,,,,,,,,,,,,,,,0.0,0.0,,,,,,,,,,,,,,,,,,,,,,,,,,,,,,,,,,,,,,,,,,,,,,,,,,,,,,,,,,,,,,,,,,,,,,,,,,1.215,,,,,,,,,,,,,,,,,,,,,,,,
U.S. Pacific Islands (EIA),2003,,,,,,,,,,,,,,,,,,,,,,,,,,,,0.0,0.0,,,,,,,,,,,,,,,,,,,,,,,,,,,,,,,,,,,,,,,,,,,,,,,,,,,,,,,,,,,,,,,,,,,,,,,,,,1.215,,,,,,,,,,,,,,,,,,,,,,,,
U.S. Pacific Islands (EIA),2004,,,,,,,,,,,,,,,,,,,,,,,,,,,,0.0,0.0,,,,,,,,,,,,,,,,,,,,,,,,,,,,,,,,,,,,,,,,,,,,,,,,,,,,,,,,,,,,,,,,,,,,,,,,,,1.215,,,,,,,,,,,,,,,,,,,,,,,,
U.S. Pacific Islands (EIA),2005,,,,,,,,,,,,,,,,,,,,,,,,,,,,0.0,0.0,,,,,,,,,,,,,,,,,,,,,,,,,,,,,,,,,,,,,,,,,,,,,,,,,,,,,,,,,,,,,,,,,,,,,,,,,,1.215,,,,,,,,,,,,,,,,,,,,,,,,
U.S. Pacific Islands (EIA),2006,,,,,,,,,,,,,,,,,,,,,,,,,,,,2.27,0.028,,,,,,,,,,,,,,,,,,,,,,,,,,,,,,,,,,,,,,,,,,,,,,,,,,,,,,,,,,,,,,,,,,,,,,,,,,1.242,,,,,,,,,,,,,,,,,,,,,,,,
U.S. Pacific Islands (EIA),2007,,,,,,,,,,,,,,,,,,,,,,,,,,,,0.0,0.0,,,,,,,,,,,,,,,,,,,,,,,,,,,,,,,,,,,,,,,,,,,,,,,,,,,,,,,,,,,,,,,,,,,,,,,,,,1.242,,,,,,,,,,,,,,,,,,,,,,,,
U.S. Pacific Islands (EIA),2008,,,,,,,,,,,,,,,,,,,,,,,,,,,,0.274,0.003,,,,,,,,,,,,,,,,,,,,,,,,,,,,,,,,,,,,,,,,,,,,,,,,,,,,,,,,,,,,,,,,,,,,,,,,,,1.246,,,,,,,,,,,,,,,,,,,,,,,,
U.S. Pacific Islands (EIA),2009,,,,,,,,,,,,,,,,,,,,,,,,,,,,-0.273,-0.003,,,,,,,,,,,,,,,,,,,,,,,,,,,,,,,,,,,,,,,,,,,,,,,,,,,,,,,,,,,,,,,,,,,,,,,,,,1.242,,,,,,,,,,,,,,,,,,,,,,,,
U.S. Pacific Islands (EIA),2010,,,,,,,,,,,,,,,,,,,,,,,,,,,,16.952,0.211,,,,,,,,,,,,,,,,,,,,,,,,,,,,,,,,,,,,,,,,,,,,,,,,,,,,,,,,,,,,,,,,,,,,,,,,,,1.453,,,,,,,,,,,,,,,,,,,,,,,,
U.S. Pacific Islands (EIA),2011,,,,,,,,,,,,,,,,,,,,,,,,,,,,-14.495,-0.211,,,,,,,,,,,,,,,,,,,,,,,,,,,,,,,,,,,,,,,,,,,,,,,,,,,,,,,,,,,,,,,,,,,,,,,,,,1.242,,,,,,,,,,,,,,,,,,,,,,,,
U.S. Pacific Islands (EIA),2012,,,,,,,,,,,,,,,,,,,,,,,,,,,,0.274,0.003,,,,,,,,,,,,,,,,,,,,,,,,,,,,,,,,,,,,,,,,,,,,,,,,,,,,,,,,,,,,,,,,,,,,,,,,,,1.246,,,,,,,,,,,,,,,,,,,,,,,,
U.S. Pacific Islands (EIA),2013,,,,,,,,,,,,,,,,,,,,,,,,,,,,-0.273,-0.003,,,,,,,,,,,,,,,,,,,,,,,,,,,,,,,,,,,,,,,,,,,,,,,,,,,,,,,,,,,,,,,,,,,,,,,,,,1.242,,,,,,,,,,,,,,,,,,,,,,,,
U.S. Pacific Islands (EIA),2014,,,,,,,,,,,,,,,,,,,,,,,,,,,,0.0,0.0,,,,,,,,,,,,,,,,,,,,,,,,,,,,,,,,,,,,,,,,,,,,,,,,,,,,,,,,,,,,,,,,,,,,,,,,,,1.242,,,,,,,,,,,,,,,,,,,,,,,,
U.S. Pacific Islands (EIA),2015,,,,,,,,,,,,,,,,,,,,,,,,,,,,-0.038,-0.0,,,,,,,,,,,,,,,,,,,,,,,,,,,,,,,,,,,,,,,,,,,,,,,,,,,,,,,,,,,,,,,,,,,,,,,,,,1.242,,,,,,,,,,,,,,,,,,,,,,,,
U.S. Pacific Islands (EIA),2016,,,,,,,,,,,,,,,,,,,,,,,,,,,,-0.043,-0.001,,,,,,,,,,,,,,,,,,,,,,,,,,,,,,,,,,,,,,,,,,,,,,,,,,,,,,,,,,,,,,,,,,,,,,,,,,1.241,,,,,,,,,,,,,,,,,,,,,,,,
U.S. Pacific Islands (EIA),2017,,,,,,,,,,,,,,,,,,,,,,,,,,,,0.294,0.004,,,,,,,,,,,,,,,,,,,,,,,,,,,,,,,,,,,,,,,,,,,,,,,,,,,,,,,,,,,,,,,,,,,,,,,,,,1.245,,,,,,,,,,,,,,,,,,,,,,,,
U.S. Pacific Islands (EIA),2018,,,,,,,,,,,,,,,,,,,,,,,,,,,,0.0,0.0,,,,,,,,,,,,,,,,,,,,,,,,,,,,,,,,,,,,,,,,,,,,,,,,,,,,,,,,,,,,,,,,,,,,,,,,,,1.245,,,,,,,,,,,,,,,,,,,,,,,,
U.S. Pacific Islands (EIA),2019,,,,,,,,,,,,,,,,,,,,,,,,,,,,-0.096,-0.001,,,,,,,,,,,,,,,,,,,,,,,,,,,,,,,,,,,,,,,,,,,,,,,,,,,,,,,,,,,,,,,,,,,,,,,,,,1.244,,,,,,,,,,,,,,,,,,,,,,,,
U.S. Pacific Islands (EIA),2020,,,,,,,,,,,,,,,,,,,,,,,,,,,,-100.0,-1.244,,,,,,,,,,,,,,,,,,,,,,,,,,,,,,,,,,,,,,,,,,,,,,,,,,,,,,,,,,,,,,,,,,,,,,,,,,0.0,,,,,,,,,,,,,,,,,,,,,,,,
U.S. Pacific Islands (EIA),2021,,,,,,,,,,,,,,,,,,,,,,,,,,,,,0.0,,,,,,,,,,,,,,,,,,,,,,,,,,,,,,,,,,,,,,,,,,,,,,,,,,,,,,,,,,,,,,,,,,,,,,,,,,0.0,,,,,,,,,,,,,,,,,,,,,,,,
U.S. Territories (EIA),1980,,,,,,,,,,,,,,,,,,,,,,,,,,,,,,,,,,,,,,,,,,,,,,,,,,,,,,,,,,,,,,,,,,,,,,,,,,,,,,,,,,,,,,,,,,,,,,,,,,,,,,,0.0,,,,,,,,,,,,,,,,,,,,,,,,
U.S. Territories (EIA),1981,,,,,,,,,,,,,,,,,,,,,,,,,,,,,0.0,,,,,,,,,,,,,,,,,,,,,,,,,,,,,,,,,,,,,,,,,,,,,,,,,,,,,,,,,,,,,,,,,,,,,,,,,,0.0,,,,,,,,,,,,,,,,,,,,,,,,
U.S. Territories (EIA),1982,,,,,,,,,,,,,,,,,,,,,,,,,,,,,0.0,,,,,,,,,,,,,,,,,,,,,,,,,,,,,,,,,,,,,,,,,,,,,,,,,,,,,,,,,,,,,,,,,,,,,,,,,,0.0,,,,,,,,,,,,,,,,,,,,,,,,
U.S. Territories (EIA),1983,,,,,,,,,,,,,,,,,,,,,,,,,,,,,0.0,,,,,,,,,,,,,,,,,,,,,,,,,,,,,,,,,,,,,,,,,,,,,,,,,,,,,,,,,,,,,,,,,,,,,,,,,,0.0,,,,,,,,,,,,,,,,,,,,,,,,
U.S. Territories (EIA),1984,,,,,,,,,,,,,,,,,,,,,,,,,,,,,0.0,,,,,,,,,,,,,,,,,,,,,,,,,,,,,,,,,,,,,,,,,,,,,,,,,,,,,,,,,,,,,,,,,,,,,,,,,,0.0,,,,,,,,,,,,,,,,,,,,,,,,
U.S. Territories (EIA),1985,,,,,,,,,,,,,,,,,,,,,,,,,,,,,0.0,,,,,,,,,,,,,,,,,,,,,,,,,,,,,,,,,,,,,,,,,,,,,,,,,,,,,,,,,,,,,,,,,,,,,,,,,,0.0,,,,,,,,,,,,,,,,,,,,,,,,
U.S. Territories (EIA),1986,,,,,,,,,,,,,,,,,,,,,,,,,,,,,0.0,,,,,,,,,,,,,,,,,,,,,,,,,,,,,,,,,,,,,,,,,,,,,,,,,,,,,,,,,,,,,,,,,,,,,,,,,,0.0,,,,,,,,,,,,,,,,,,,,,,,,
U.S. Territories (EIA),1987,,,,,,,,,,,,,,,,,,,,,,,,,,,,,0.0,,,,,,,,,,,,,,,,,,,,,,,,,,,,,,,,,,,,,,,,,,,,,,,,,,,,,,,,,,,,,,,,,,,,,,,,,,0.0,,,,,,,,,,,,,,,,,,,,,,,,
U.S. Territories (EIA),1988,,,,,,,,,,,,,,,,,,,,,,,,,,,,,0.0,,,,,,,,,,,,,,,,,,,,,,,,,,,,,,,,,,,,,,,,,,,,,,,,,,,,,,,,,,,,,,,,,,,,,,,,,,0.0,,,,,,,,,,,,,,,,,,,,,,,,
U.S. Territories (EIA),1989,,,,,,,,,,,,,,,,,,,,,,,,,,,,,0.0,,,,,,,,,,,,,,,,,,,,,,,,,,,,,,,,,,,,,,,,,,,,,,,,,,,,,,,,,,,,,,,,,,,,,,,,,,0.0,,,,,,,,,,,,,,,,,,,,,,,,
U.S. Territories (EIA),1990,,,,,,,,,,,,,,,,,,,,,,,,,,,,,0.0,,,,,,,,,,,,,,,,,,,,,,,,,,,,,,,,,,,,,,,,,,,,,,,,,,,,,,,,,,,,,,,,,,,,,,,,,,0.0,,,,,,,,,,,,,,,,,,,,,,,,
U.S. Territories (EIA),1991,,,,,,,,,,,,,,,,,,,,,,,,,,,,,0.0,,,,,,,,,,,,,,,,,,,,,,,,,,,,,,,,,,,,,,,,,,,,,,,,,,,,,,,,,,,,,,,,,,,,,,,,,,0.0,,,,,,,,,,,,,,,,,,,,,,,,
U.S. Territories (EIA),1992,,,,,,,,,,,,,,,,,,,,,,,,,,,,,0.0,,,,,,,,,,,,,,,,,,,,,,,,,,,,,,,,,,,,,,,,,,,,,,,,,,,,,,,,,,,,,,,,,,,,,,,,,,0.0,,,,,,,,,,,,,,,,,,,,,,,,
U.S. Territories (EIA),1993,,,,,,,,,,,,,,,,,,,,,,,,,,,,,0.0,,,,,,,,,,,,,,,,,,,,,,,,,,,,,,,,,,,,,,,,,,,,,,,,,,,,,,,,,,,,,,,,,,,,,,,,,,0.0,,,,,,,,,,,,,,,,,,,,,,,,
U.S. Territories (EIA),1994,,,,,,,,,,,,,,,,,,,,,,,,,,,,,0.0,,,,,,,,,,,,,,,,,,,,,,,,,,,,,,,,,,,,,,,,,,,,,,,,,,,,,,,,,,,,,,,,,,,,,,,,,,0.0,,,,,,,,,,,,,,,,,,,,,,,,
U.S. Territories (EIA),1995,,,,,,,,,,,,,,,,,,,,,,,,,,,,,0.0,,,,,,,,,,,,,,,,,,,,,,,,,,,,,,,,,,,,,,,,,,,,,,,,,,,,,,,,,,,,,,,,,,,,,,,,,,0.0,,,,,,,,,,,,,,,,,,,,,,,,
U.S. Territories (EIA),1996,,,,,,,,,,,,,,,,,,,,,,,,,,,,,0.0,,,,,,,,,,,,,,,,,,,,,,,,,,,,,,,,,,,,,,,,,,,,,,,,,,,,,,,,,,,,,,,,,,,,,,,,,,0.0,,,,,,,,,,,,,,,,,,,,,,,,
U.S. Territories (EIA),1997,,,,,,,,,,,,,,,,,,,,,,,,,,,,,0.0,,,,,,,,,,,,,,,,,,,,,,,,,,,,,,,,,,,,,,,,,,,,,,,,,,,,,,,,,,,,,,,,,,,,,,,,,,0.0,,,,,,,,,,,,,,,,,,,,,,,,
U.S. Territories (EIA),1998,,,,,,,,,,,,,,,,,,,,,,,,,,,,,0.0,,,,,,,,,,,,,,,,,,,,,,,,,,,,,,,,,,,,,,,,,,,,,,,,,,,,,,,,,,,,,,,,,,,,,,,,,,0.0,,,,,,,,,,,,,,,,,,,,,,,,
U.S. Territories (EIA),1999,,,,,,,,,,,,,,,,,,,,,,,,,,,,,0.0,,,,,,,,,,,,,,,,,,,,,,,,,,,,,,,,,,,,,,,,,,,,,,,,,,,,,,,,,,,,,,,,,,,,,,,,,,0.0,,,,,,,,,,,,,,,,,,,,,,,,
U.S. Territories (EIA),2000,,,,,,,,,,,,,,,,,,,,,,,,,,,,,0.0,,,,,,,,,,,,,,,,,,,,,,,,,,,,,,,,,,,,,,,,,,,,,,,,,,,,,,,,,,,,,,,,,,,,,,,,,,0.0,,,,,,,,,,,,,,,,,,,,,,,,
U.S. Territories (EIA),2001,,,,,,,,,,,,,,,,,,,,,,,,,,,,,0.0,,,,,,,,,,,,,,,,,,,,,,,,,,,,,,,,,,,,,,,,,,,,,,,,,,,,,,,,,,,,,,,,,,,,,,,,,,0.0,,,,,,,,,,,,,,,,,,,,,,,,
U.S. Territories (EIA),2002,,,,,,,,,,,,,,,,,,,,,,,,,,,,,0.0,,,,,,,,,,,,,,,,,,,,,,,,,,,,,,,,,,,,,,,,,,,,,,,,,,,,,,,,,,,,,,,,,,,,,,,,,,0.0,,,,,,,,,,,,,,,,,,,,,,,,
U.S. Territories (EIA),2003,,,,,,,,,,,,,,,,,,,,,,,,,,,,,0.0,,,,,,,,,,,,,,,,,,,,,,,,,,,,,,,,,,,,,,,,,,,,,,,,,,,,,,,,,,,,,,,,,,,,,,,,,,0.0,,,,,,,,,,,,,,,,,,,,,,,,
U.S. Territories (EIA),2004,,,,,,,,,,,,,,,,,,,,,,,,,,,,,0.0,,,,,,,,,,,,,,,,,,,,,,,,,,,,,,,,,,,,,,,,,,,,,,,,,,,,,,,,,,,,,,,,,,,,,,,,,,0.0,,,,,,,,,,,,,,,,,,,,,,,,
U.S. Territories (EIA),2005,,,,,,,,,,,,,,,,,,,,,,,,,,,,,0.0,,,,,,,,,,,,,,,,,,,,,,,,,,,,,,,,,,,,,,,,,,,,,,,,,,,,,,,,,,,,,,,,,,,,,,,,,,0.0,,,,,,,,,,,,,,,,,,,,,,,,
U.S. Territories (EIA),2006,,,,,,,,,,,,,,,,,,,,,,,,,,,,,0.0,,,,,,,,,,,,,,,,,,,,,,,,,,,,,,,,,,,,,,,,,,,,,,,,,,,,,,,,,,,,,,,,,,,,,,,,,,0.0,,,,,,,,,,,,,,,,,,,,,,,,
U.S. Territories (EIA),2007,,,,,,,,,,,,,,,,,,,,,,,,,,,,,0.0,,,,,,,,,,,,,,,,,,,,,,,,,,,,,,,,,,,,,,,,,,,,,,,,,,,,,,,,,,,,,,,,,,,,,,,,,,0.0,,,,,,,,,,,,,,,,,,,,,,,,
U.S. Territories (EIA),2008,,,,,,,,,,,,,,,,,,,,,,,,,,,,,0.0,,,,,,,,,,,,,,,,,,,,,,,,,,,,,,,,,,,,,,,,,,,,,,,,,,,,,,,,,,,,,,,,,,,,,,,,,,0.0,,,,,,,,,,,,,,,,,,,,,,,,
U.S. Territories (EIA),2009,,,,,,,,,,,,,,,,,,,,,,,,,,,,,0.0,,,,,,,,,,,,,,,,,,,,,,,,,,,,,,,,,,,,,,,,,,,,,,,,,,,,,,,,,,,,,,,,,,,,,,,,,,0.0,,,,,,,,,,,,,,,,,,,,,,,,
U.S. Territories (EIA),2010,,,,,,,,,,,,,,,,,,,,,,,,,,,,,0.0,,,,,,,,,,,,,,,,,,,,,,,,,,,,,,,,,,,,,,,,,,,,,,,,,,,,,,,,,,,,,,,,,,,,,,,,,,0.0,,,,,,,,,,,,,,,,,,,,,,,,
U.S. Territories (EIA),2011,,,,,,,,,,,,,,,,,,,,,,,,,,,,,0.0,,,,,,,,,,,,,,,,,,,,,,,,,,,,,,,,,,,,,,,,,,,,,,,,,,,,,,,,,,,,,,,,,,,,,,,,,,0.0,,,,,,,,,,,,,,,,,,,,,,,,
U.S. Territories (EIA),2012,,,,,,,,,,,,,,,,,,,,,,,,,,,,,0.0,,,,,,,,,,,,,,,,,,,,,,,,,,,,,,,,,,,,,,,,,,,,,,,,,,,,,,,,,,,,,,,,,,,,,,,,,,0.0,,,,,,,,,,,,,,,,,,,,,,,,
U.S. Territories (EIA),2013,,,,,,,,,,,,,,,,,,,,,,,,,,,,,0.0,,,,,,,,,,,,,,,,,,,,,,,,,,,,,,,,,,,,,,,,,,,,,,,,,,,,,,,,,,,,,,,,,,,,,,,,,,0.0,,,,,,,,,,,,,,,,,,,,,,,,
U.S. Territories (EIA),2014,,,,,,,,,,,,,,,,,,,,,,,,,,,,,0.0,,,,,,,,,,,,,,,,,,,,,,,,,,,,,,,,,,,,,,,,,,,,,,,,,,,,,,,,,,,,,,,,,,,,,,,,,,0.0,,,,,,,,,,,,,,,,,,,,,,,,
U.S. Territories (EIA),2015,,,,,,,,,,,,,,,,,,,,,,,,,,,,,0.0,,,,,,,,,,,,,,,,,,,,,,,,,,,,,,,,,,,,,,,,,,,,,,,,,,,,,,,,,,,,,,,,,,,,,,,,,,0.0,,,,,,,,,,,,,,,,,,,,,,,,
U.S. Territories (EIA),2016,,,,,,,,,,,,,,,,,,,,,,,,,,,,,0.0,,,,,,,,,,,,,,,,,,,,,,,,,,,,,,,,,,,,,,,,,,,,,,,,,,,,,,,,,,,,,,,,,,,,,,,,,,0.0,,,,,,,,,,,,,,,,,,,,,,,,
U.S. Territories (EIA),2017,,,,,,,,,,,,,,,,,,,,,,,,,,,,,0.0,,,,,,,,,,,,,,,,,,,,,,,,,,,,,,,,,,,,,,,,,,,,,,,,,,,,,,,,,,,,,,,,,,,,,,,,,,0.0,,,,,,,,,,,,,,,,,,,,,,,,
U.S. Territories (EIA),2018,,,,,,,,,,,,,,,,,,,,,,,,,,,,,0.0,,,,,,,,,,,,,,,,,,,,,,,,,,,,,,,,,,,,,,,,,,,,,,,,,,,,,,,,,,,,,,,,,,,,,,,,,,0.0,,,,,,,,,,,,,,,,,,,,,,,,
U.S. Territories (EIA),2019,,,,,,,,,,,,,,,,,,,,,,,,,,,,,0.0,,,,,,,,,,,,,,,,,,,,,,,,,,,,,,,,,,,,,,,,,,,,,,,,,,,,,,,,,,,,,,,,,,,,,,,,,,0.0,,,,,,,,,,,,,,,,,,,,,,,,
USSR,1900,,124500000.0,237296992256.0,,,,,,,,,,,,,,,,,,869.973,108.312,,,,,,,,,,,,,,,,,,,,,,,,,,0.0,0.0,,,,,,,,,,,,,,,,,,,,,,,,,,,,,,,,,,,,,,966.084,120.277,,,,,,,,,,,,,,,,,,,,,,,,,,,,,,,,,,,,,,,
USSR,1901,,,,,,,,,,,,,,,,,,,2.296,2.487,872.855,110.799,,,,,,,,,,,,,,,,,,,,,,,,,0.0,0.0,0.0,,,,,,,,,,,,,,,,,,,,,,,,,,,,,,,,,,,,11.816,14.212,1059.484,134.489,,,,,,,,,,,,,,,,,,,,,,,,,,,,,,,,,,,,,,,
USSR,1902,,,,,,,,,,,,,,,,,,,-0.369,-0.409,853.243,110.39,,,,,,,,,,,,,,,,,,,,,,,,,0.0,0.0,0.0,,,,,,,,,,,,,,,,,,,,,,,,,,,,,,,,,,,,-5.016,-6.745,987.378,127.744,,,,,,,,,,,,,,,,,,,,,,,,,,,,,,,,,,,,,,,
USSR,1903,,,,,,,,,,,,,,,,,,,2.441,2.695,857.904,113.085,,,,,,,,,,,,,,,,,,,,,,,,,0.0,0.0,0.0,,,,,,,,,,,,,,,,,,,,,,,,,,,,,,,,,,,,-6.127,-7.827,909.734,119.917,,,,,,,,,,,,,,,,,,,,,,,,,,,,,,,,,,,,,,,
USSR,1904,,,,,,,,,,,,,,,,,,,16.25,18.376,979.197,131.461,,,,,,,,,,,,,,,,,,,,,,,,,0.0,0.0,0.0,,,,,,,,,,,,,,,,,,,,,,,,,,,,,,,,,,,,4.005,4.803,928.987,124.72,,,,,,,,,,,,,,,,,,,,,,,,,,,,,,,,,,,,,,,
USSR,1905,,,,,,,,,,,,,,,,,,,-4.794,-6.302,915.626,125.159,,,,,,,,,,,,,,,,,,,,,,,,,0.0,0.0,0.0,,,,,,,,,,,,,,,,,,,,,,,,,,,,,,,,,,,,-30.455,-37.984,634.539,86.737,,,,,,,,,,,,,,,,,,,,,,,,,,,,,,,,,,,,,,,
USSR,1906,,,,,,,,,,,,,,,,,,,16.38,20.501,1046.931,145.66,,,,,,,,,,,,,,,,,,,,,,,,,0.0,0.0,0.0,,,,,,,,,,,,,,,,,,,,,,,,,,,,,,,,,,,,8.233,7.141,674.742,93.877,,,,,,,,,,,,,,,,,,,,,,,,,,,,,,,,,,,,,,,
USSR,1907,,,,,,,,,,,,,,,,,,,19.667,28.647,1231.249,174.307,,,,,,,,,,,,,,,,,,,,,,,,,0.0,0.0,0.0,,,,,,,,,,,,,,,,,,,,,,,,,,,,,,,,,,,,5.971,5.606,702.716,99.483,,,,,,,,,,,,,,,,,,,,,,,,,,,,,,,,,,,,,,,
USSR,1908,,,,,,,,,,,,,,,,,,,-0.5,-0.872,1204.348,173.435,,,,,,,,,,,,,,,,,,,,,,,,,0.0,0.0,0.0,,,,,,,,,,,,,,,,,,,,,,,,,,,,,,,,,,,,0.853,0.849,696.713,100.332,,,,,,,,,,,,,,,,,,,,,,,,,,,,,,,,,,,,,,,
USSR,1909,,,,,,,,,,,,,,,,,,,4.391,7.615,1236.292,181.05,,,,,,,,,,,,,,,,,,,,,,,,,0.0,0.0,0.0,,,,,,,,,,,,,,,,,,,,,,,,,,,,,,,,,,,,6.364,6.385,728.711,106.717,,,,,,,,,,,,,,,,,,,,,,,,,,,,,,,,,,,,,,,
USSR,1910,,,,,,,,,,,,,,,,,,,-6.492,-11.754,1137.097,169.296,,,,,,,,,,,,,,,,,,,,,,,,,0.0,0.0,0.0,,,,,,,,,,,,,,,,,,,,,,,,,,,,,,,,,,,,3.978,4.245,745.287,110.962,,,,,,,,,,,,,,,,,,,,,,,,,,,,,,,,,,,,,,,
USSR,1911,,,,,,,,,,,,,,,,,,,6.197,10.491,1188.103,179.787,,,,,,,,,,,,,,,,,,,,,,,,,0.0,0.0,0.0,,,,,,,,,,,,,,,,,,,,,,,,,,,,,,,,,,,,-5.094,-5.652,695.926,105.31,,,,,,,,,,,,,,,,,,,,,,,,,,,,,,,,,,,,,,,
USSR,1912,,,,,,,,,,,,,,,,,,,17.989,32.341,1379.595,212.129,,,,,,,,,,,,,,,,,,,,,,,,,0.0,0.0,0.0,,,,,,,,,,,,,,,,,,,,,,,,,,,,,,,,,,,,1.215,1.279,693.209,106.589,,,,,,,,,,,,,,,,,,,,,,,,,,,,,,,,,,,,,,,
USSR,1913,,156200000.0,352056770560.0,,,,,,,,,,,,,,,,8.449,17.923,1472.802,230.052,,,,,,,,,,,,,,,,,,,,,,,,,0.0,0.0,0.0,,,,,,,,,,,,,,,,,,,,,,,,,,,,,,,,,,,,-1.68,-1.791,670.921,104.798,,,,,,,,,,,,,,,,,,,,,,,,,,,,,,,,,,,,,,,
USSR,1914,,,,,,,,,,,,,,,,,,,-6.279,-14.445,1382.35,215.607,,,,,,,,,,,,,,,,,,,,,,,,,0.0,0.0,0.0,,,,,,,,,,,,,,,,,,,,,,,,,,,,,,,,,,,,-0.899,-0.942,665.865,103.856,,,,,,,,,,,,,,,,,,,,,,,,,,,,,,,,,,,,,,,
USSR,1915,,,,,,,,,,,,,,,,,,,-1.574,-3.394,1362.583,212.213,,,,,,,,,,,,,,,,,,,,,,,,,0.0,0.0,0.0,,,,,,,,,,,,,,,,,,,,,,,,,,,,,,,,,,,,3.819,3.966,692.306,107.822,,,,,,,,,,,,,,,,,,,,,,,,,,,,,,,,,,,,,,,
USSR,1916,,,,,,,,,,,,,,,,,,,5.562,11.804,1440.49,224.017,,,,,,,,,,,,,,,,,,,,,,,,,0.0,0.0,0.0,,,,,,,,,,,,,,,,,,,,,,,,,,,,,,,,,,,,6.472,6.978,738.194,114.8,,,,,,,,,,,,,,,,,,,,,,,,,,,,,,,,,,,,,,,
USSR,1917,,,,,,,,,,,,,,,,,,,-6.429,-14.401,1349.871,209.616,,,,,,,,,,,,,,,,,,,,,,,,,0.0,0.0,0.0,,,,,,,,,,,,,,,,,,,,,,,,,,,,,,,,,,,,-11.286,-12.956,655.849,101.844,,,,,,,,,,,,,,,,,,,,,,,,,,,,,,,,,,,,,,,
USSR,1918,,,,,,,,,,,,,,,,,,,-60.874,-127.602,528.923,82.013,,,,,,,,,,,,,,,,,,,,,,,,,0.0,0.0,0.0,,,,,,,,,,,,,,,,,,,,,,,,,,,,,,,,,,,,-57.862,-58.929,276.767,42.915,,,,,,,,,,,,,,,,,,,,,,,,,,,,,,,,,,,,,,,
USSR,1919,,,,,,,,,,,,,,,,,,,-30.195,-24.764,369.76,57.249,,,,,,,,,,,,,,,,,,,,,,,,,0.0,0.0,0.0,,,,,,,,,,,,,,,,,,,,,,,,,,,,,,,,,,,,20.244,8.688,333.287,51.602,,,,,,,,,,,,,,,,,,,,,,,,,,,,,,,,,,,,,,,
USSR,1920,,154600000.0,141774618624.0,,,,,,,,,,,,,,,,-10.13,-5.8,332.794,51.45,,,,,,,,,,,,,,,,,,,,,,,,,0.0,0.0,0.0,,,,,,,,,,,,,,,,,,,,,,,,,,,,,,,,,,,,-12.103,-6.245,293.383,45.357,,,,,,,,,,,,,,,,,,,,,,,,,,,,,,,,,,,,,,,
USSR,1921,,152800000.0,128076570624.0,,,,,,,,,,,,,,,,10.033,5.162,370.498,56.612,,,,,,,,,,,,,,,,,,,,,,,,,0.0,0.0,0.0,,,,,,,,,,,,,,,,,,,,,,,,,,,,,,,,,,,,-2.564,-1.163,289.228,44.194,,,,,,,,,,,,,,,,,,,,,,,,,,,,,,,,,,,,,,,
USSR,1922,,152400000.0,148440514560.0,,,,,,,,,,,,,,,,21.452,12.144,451.157,68.756,,,,,,,,,,,,,,,,,,,,,,,,,0.217,1.425,0.217,,,,,,,,,,,,,,,,,,,,,,,,,,,,,,,,,,,,23.684,10.467,358.668,54.661,,,,,,,,,,,,,,,,,,,,,,,,,,,,,,,,,,,,,,,
USSR,1923,,153100000.0,171727716352.0,,,,,,,,,,,,,,,,12.534,8.618,505.384,77.374,,,,,,,,,,,,,,,,,,,,,,,,230.159,0.5,4.682,0.717,,,,,,,,,,,,,,,,,,,,,,,,,,,,,,,,,,,,12.766,6.978,402.606,61.639,,,,,,,,,,,,,,,,,,,,,,,,,,,,,,,,,,,,,,,
USSR,1924,,155600000.0,220925018112.0,,,,,,,,,,,,,,,,33.428,25.865,663.49,103.239,,,,,,,,,,,,,,,,,,,,,,,,69.712,0.5,7.819,1.217,,,,,,,,,,,,,,,,,,,,,,,,,,,,,,,,,,,,15.094,9.304,455.932,70.943,,,,,,,,,,,,,,,,,,,,,,,,,,,,,,,,,,,,,,,
USSR,1925,,159000000.0,282353795072.0,,,,,,,,,,,,,,,,1.686,1.741,660.249,104.98,,,,,,,,,,,,,,,,,,,,,,,,41.076,0.5,10.794,1.716,,,,,,,,,,,,,,,,,,,,,,,,,,,,,,,,,,,,16.393,11.63,519.327,82.573,,,,,,,,,,,,,,,,,,,,,,,,,,,,,,,,,,,,,,,
USSR,1926,,162600000.0,324266262528.0,,,,,,,,,,,,,,,,56.351,59.157,1009.451,164.137,,,,,,,,,,,,,,,,,,,,,,,,29.116,0.5,13.629,2.216,,,,,,,,,,,,,,,,,,,,,,,,,,,,,,,,,,,,16.901,13.956,593.659,96.529,,,,,,,,,,,,,,,,,,,,,,,,,,,,,,,,,,,,,,,
USSR,1927,,166100000.0,345025019904.0,,,,,,,,,,,,,,,,25.686,42.161,1242.009,206.298,,,,,,,,,,,,,,,,,,,,,,,,22.551,0.5,16.35,2.716,,,,,,,,,,,,,,,,,,,,,,,,,,,,,,,,,,,,24.096,23.26,721.186,119.789,,,,,,,,,,,,,,,,,,,,,,,,,,,,,,,,,,,,,,,
USSR,1928,,169300000.0,369683496960.0,,,,,,,,,,,,,,,,10.108,20.852,1341.702,227.15,,,,,,,,,,,,,,,,,,,,,,,,18.401,0.5,18.993,3.215,,,,,,,,,,,,,,,,,,,,,,,,,,,,,,,,,,,,12.621,15.119,796.858,134.908,,,,,,,,,,,,,,,,,,,,,,,,,,,,,,,,,,,,,,,
USSR,1929,,172000000.0,379985559552.0,,,,,,,,,,,,,,,,12.788,29.048,1489.522,256.198,,,,,,,,,,,,,,,,,,,,,,,,65.488,2.106,30.937,5.321,,,,,,,,,,,,,,,,,,,,,,,,,,,,,,,,,,,,18.103,24.423,926.343,159.331,,,,,,,,,,,,,,,,,,,,,,,,,,,,,,,,,,,,,,,
USSR,1930,,174200000.0,402081284096.0,,,,,,,,,,,,,,,,18.772,48.093,1746.788,304.29,,,,,,,,,,,,,,,,,,,,,,,,39.573,2.106,42.634,7.427,,,,,,,,,,,,,,,,,,,,,,,,,,,,,,,,,,,,35.037,55.824,1235.103,215.155,,,,,,,,,,,,,,,,,,,,,,,,,,,,,,,,,,,,,,,
USSR,1931,,176000000.0,410049708032.0,,,,,,,,,,,,,,,,17.984,54.723,2039.85,359.014,,,,,,,,,,,,,,,,,,,,,,,,28.353,2.106,54.163,9.533,,,,,,,,,,,,,,,,,,,,,,,,,,,,,,,,,,,,21.081,45.357,1480.182,260.512,,,,,,,,,,,,,,,,,,,,,,,,,,,,,,,,,,,,,,,
USSR,1932,,176800000.0,405595258880.0,,,,,,,,,,,,,,,,13.334,47.871,2301.381,406.884,,,,,,,,,,,,,,,,,,,,,,,,22.09,2.106,65.828,11.638,,,,,,,,,,,,,,,,,,,,,,,,,,,,,,,,,,,,-4.464,-11.63,1407.704,248.882,,,,,,,,,,,,,,,,,,,,,,,,,,,,,,,,,,,,,,,
USSR,1933,,177400000.0,422214369280.0,,,,,,,,,,,,,,,,17.993,73.211,2706.285,480.095,,,,,,,,,,,,,,,,,,,,,,,,18.093,2.106,77.475,13.744,,,,,,,,,,,,,,,,,,,,,,,,,,,,,,,,,,,,0.467,1.163,1409.498,250.045,,,,,,,,,,,,,,,,,,,,,,,,,,,,,,,,,,,,,,,
USSR,1934,,178500000.0,463620898816.0,,,,,,,,,,,,,,,,23.022,110.529,3308.818,590.624,,,,,,,,,,,,,,,,,,,,,,,,15.321,2.106,88.794,15.85,,,,,,,,,,,,,,,,,,,,,,,,,,,,,,,,,,,,12.558,31.401,1576.728,281.446,,,,,,,,,,,,,,,,,,,,,,,,,,,,,,,,,,,,,,,
USSR,1935,,179600000.0,533698543616.0,,,,,,,,,,,,,,,,15.803,93.333,3808.226,683.957,,,,,,,,,,,,,,,,,,,,,,,,13.285,2.106,99.975,17.956,,,,,,,,,,,,,,,,,,,,,,,,,,,,,,,,,,,,4.132,11.63,1631.826,293.076,,,,,,,,,,,,,,,,,,,,,,,,,,,,,,,,,,,,,,,
USSR,1936,,181500000.0,576087326720.0,,,,,,,,,,,,,,,,15.144,103.58,4339.05,787.538,,,,,,,,,,,,,,,,,,,,,,,,11.727,2.106,110.53,20.061,,,,,,,,,,,,,,,,,,,,,,,,,,,,,,,,,,,,8.73,25.586,1755.713,318.662,,,,,,,,,,,,,,,,,,,,,,,,,,,,,,,,,,,,,,,
USSR,1937,,184600000.0,634559594496.0,,,,,,,,,,,,,,,,0.736,5.796,4297.583,793.334,,,,,,,,,,,,,,,,,,,,,,,,10.496,2.106,120.081,22.167,,,,,,,,,,,,,,,,,,,,,,,,,,,,,,,,,,,,4.015,12.793,1795.531,331.455,,,,,,,,,,,,,,,,,,,,,,,,,,,,,,,,,,,,,,,
USSR,1938,,188500000.0,645982650368.0,,,,,,,,,,,,,,,,4.274,33.91,4388.56,827.244,,,,,,,,,,,,,,,,,,,,,,,,8.323,1.845,127.384,24.012,,,,,,,,,,,,,,,,,,,,,,,,,,,,,,,,,,,,5.965,19.771,1863.268,351.226,,,,,,,,,,,,,,,,,,,,,,,,,,,,,,,,,,,,,,,
USSR,1939,,192400000.0,686023507968.0,,,,,,,,,,,,,,,,9.319,77.089,4700.273,904.333,,,,,,,,,,,,,,,,,,,,,,,,7.683,1.845,134.391,25.857,,,,,,,,,,,,,,,,,,,,,,,,,,,,,,,,,,,,0.331,1.163,1831.544,352.389,,,,,,,,,,,,,,,,,,,,,,,,,,,,,,,,,,,,,,,
USSR,1940,,196000000.0,669629480960.0,,,,,,,,,,,,,,,,12.761,115.401,5202.72,1019.733,,,,,,,,,,,,,,,,,,,,,,,,7.135,1.845,141.336,27.702,,,,,,,,,,,,,,,,,,,,,,,,,,,,,,,,,,,,2.64,9.304,1845.372,361.693,,,,,,,,,,,,,,,,,,,,,,,,,,,,,,,,,,,,,,,
USSR,1941,,,,,,,,,,,,,,,,,,,-3.488,-35.569,5117.414,984.164,,,,,,,,,,,,,,,,,,,,,,,,6.66,1.845,153.636,29.547,,,,,,,,,,,,,,,,,,,,,,,,,,,,,,,,,,,,3.54,12.805,1947.297,374.498,,,,,,,,,,,,,,,,,,,,,,,,,,,,,,,,,,,,,,,
USSR,1942,,,,,,,,,,,,,,,,,,,-38.692,-380.794,3198.641,603.37,,,,,,,,,,,,,,,,,,,,,,,,6.244,1.845,166.417,31.392,,,,,,,,,,,,,,,,,,,,,,,,,,,,,,,,,,,,-4.41,-16.515,1897.772,357.983,,,,,,,,,,,,,,,,,,,,,,,,,,,,,,,,,,,,,,,
USSR,1943,,,,,,,,,,,,,,,,,,,46.0,277.55,4763.02,880.921,,,,,,,,,,,,,,,,,,,,,,,,5.877,1.845,179.706,33.237,,,,,,,,,,,,,,,,,,,,,,,,,,,,,,,,,,,,-11.114,-39.786,1720.448,318.197,,,,,,,,,,,,,,,,,,,,,,,,,,,,,,,,,,,,,,,
USSR,1944,,,,,,,,,,,,,,,,,,,-18.569,-163.58,3957.375,717.34,,,,,,,,,,,,,,,,,,,,,,,,5.551,1.845,193.536,35.082,,,,,,,,,,,,,,,,,,,,,,,,,,,,,,,,,,,,36.089,114.835,2388.919,433.031,,,,,,,,,,,,,,,,,,,,,,,,,,,,,,,,,,,,,,,
USSR,1945,,,,,,,,,,,,,,,,,,,14.728,105.653,4634.405,822.993,,,,,,,,,,,,,,,,,,,,,,,,5.259,1.845,207.939,36.927,,,,,,,,,,,,,,,,,,,,,,,,,,,,,,,,,,,,-47.897,-207.409,1270.513,225.622,,,,,,,,,,,,,,,,,,,,,,,,,,,,,,,,,,,,,,,
USSR,1946,,173900000.0,530221105152.0,,,,,,,,,,,,,,,,11.678,96.106,5285.218,919.099,,,,,,,,,,,,,,,,,,,,,,,,4.996,1.845,222.953,38.772,,,,,,,,,,,,,,,,,,,,,,,,,,,,,,,,,,,,12.093,27.284,1454.318,252.906,,,,,,,,,,,,,,,,,,,,,,,,,,,,,,,,,,,,,,,
USSR,1947,,174000000.0,589685981184.0,,,,,,,,,,,,,,,,13.821,127.033,6012.255,1046.132,,,,,,,,,,,,,,,,,,,,,,,,22.4,8.685,272.738,47.456,,,,,,,,,,,,,,,,,,,,,,,,,,,,,,,,,,,,19.663,49.73,1739.287,302.636,,,,,,,,,,,,,,,,,,,,,,,,,,,,,,,,,,,,,,,
USSR,1948,,175100000.0,670457921536.0,,,,,,,,,,,,,,,,13.581,142.075,6785.876,1188.207,,,,,,,,,,,,,,,,,,,,,,,,10.458,4.963,299.367,52.419,,,,,,,,,,,,,,,,,,,,,,,,,,,,,,,,,,,,12.401,37.53,1942.695,340.166,,,,,,,,,,,,,,,,,,,,,,,,,,,,,,,,,,,,,,,
USSR,1949,,177500000.0,742127501312.0,,,,,,,,,,,,,,,,12.927,153.597,7559.459,1341.804,,,,,,,,,,,,,,,,,,,,,,,,3.353,1.758,305.221,54.177,,,,,,,,,,,,,,,,,,,,,,,,,,,,,,,,,,,,14.342,48.788,2191.289,388.954,,,,,,,,,,,,,,,,,,,,,,,,,,,,,,,,,,,,,,,
USSR,1950,,179600000.0,813277052928.0,,,,,,,,,,,,,,,,10.266,137.745,8238.022,1479.549,,,,,,,,,,,,,,,,,,,,,,,,9.943,5.387,331.645,59.563,,,,,,,,,,,,,,,,,,,,,,,,,,,,,,,,,,,,13.258,51.567,2452.79,440.521,,,,,,,,,,,,,,,,,,,,,,,,,,,,,,,,,,,,,,,
USSR,1951,,182700000.0,817114251264.0,,,,,,,,,,,,,,,,8.574,126.856,8792.58,1606.404,,,,,,,,,,,,,,,,,,,,,,,,8.523,5.076,353.803,64.64,,,,,,,,,,,,,,,,,,,,,,,,,,,,,,,,,,,,11.55,50.881,2689.668,491.402,,,,,,,,,,,,,,,,,,,,,,,,,,,,,,,,,,,,,,,
USSR,1952,,185900000.0,870177767424.0,,,,,,,,,,,,,,,,6.485,104.169,9201.577,1710.573,,,,,,,,,,,,,,,,,,,,,,,,2.111,1.365,355.054,66.005,,,,,,,,,,,,,,,,,,,,,,,,,,,,,,,,,,,,11.971,58.825,2959.801,550.227,,,,,,,,,,,,,,,,,,,,,,,,,,,,,,,,,,,,,,,
USSR,1953,,189000000.0,907579686912.0,,,,,,,,,,,,,,,,5.524,94.487,9550.582,1805.06,,,,,,,,,,,,,,,,,,,,,,,,7.581,5.004,375.708,71.009,,,,,,,,,,,,,,,,,,,,,,,,,,,,,,,,,,,,11.553,63.57,3247.601,613.797,,,,,,,,,,,,,,,,,,,,,,,,,,,,,,,,,,,,,,,
USSR,1954,,192200000.0,951438606336.0,,,,,,,,,,,,,,,,8.464,152.778,10186.462,1957.838,,,,,,,,,,,,,,,,,,,,,,,,9.377,6.658,404.095,77.667,,,,,,,,,,,,,,,,,,,,,,,,,,,,,,,,,,,,12.324,75.642,3587.087,689.438,,,,,,,,,,,,,,,,,,,,,,,,,,,,,,,,,,,,,,,
USSR,1955,,195600000.0,1033032237056.0,,,,,,,,,,,,,,,,12.85,251.588,11295.632,2209.426,,,,,,,,,,,,,,,,,,,,,,,,19.289,14.981,473.663,92.648,,,,,,,,,,,,,,,,,,,,,,,,,,,,,,,,,,,,19.419,133.885,4209.216,823.323,,,,,,,,,,,,,,,,,,,,,,,,,,,,,,,,,,,,,,,
USSR,1956,,199100000.0,1131701469184.0,,,,,,,,,,,,,,,,10.001,220.963,12206.874,2430.389,,,,,,,,,,,,,,,,,,,,,,,,34.661,32.113,626.628,124.762,,,,,,,,,,,,,,,,,,,,,,,,,,,,,,,,,,,,18.382,151.341,4895.348,974.664,,,,,,,,,,,,,,,,,,,,,,,,,,,,,,,,,,,,,,,
USSR,1957,,202600000.0,1154842755072.0,,,,,,,,,,,,,,,,8.022,194.954,12958.257,2625.343,,,,,,,,,,,,,,,,,,,,,,,,53.999,67.369,948.326,192.131,,,,,,,,,,,,,,,,,,,,,,,,,,,,,,,,,,,,17.35,169.1,5645.43,1143.764,,,,,,,,,,,,,,,,,,,,,,,,,,,,,,,,,,,,,,,
USSR,1958,,206200000.0,1241329958912.0,,,,,,,,,,,,,,,,7.232,189.87,13652.827,2815.213,,,,,,,,,,,,,,,,,,,,,,,,51.133,98.242,1408.209,290.373,,,,,,,,,,,,,,,,,,,,,,,,,,,,,,,,,,,,15.12,172.938,6385.558,1316.702,,,,,,,,,,,,,,,,,,,,,,,,,,,,,,,,,,,,,,,
USSR,1959,,209900000.0,1227658887168.0,,,,,,,,,,,,,,,,2.702,76.079,13774.615,2891.292,,,,,,,,,,,,,,,,,,,,,,,,25.996,75.486,1743.013,365.858,,,,,,,,,,,,,,,,,,,,,,,,,,,,,,,,,,,,14.433,190.046,7178.408,1506.748,,,,,,,,,,,,,,,,,,,,,,,,,,,,,,,,,,,,,,,
USSR,1960,,213800000.0,1344248610816.0,,,,,,,,,,,,,,,,1.537,44.43,13731.158,2935.722,,,,,,,,,,,,,,,,,,,,,,,,28.025,102.533,2190.79,468.391,,,,,,,,,,,,,,,,,,,,,,,,,,,,,,,,,,,,14.127,212.852,8043.032,1719.6,,,,,,,,,,,,,,,,,,,,,,,,,,,,,,,,,,,,,,,
USSR,1961,,217600000.0,1421480820736.0,,,,,,,,,,,,,,,,-0.093,-2.74,13478.778,2932.982,,,,,,,,,,,,,,,,,,,,,,,,30.192,141.418,2802.43,609.809,,,,,,,,,,,,,,,,,,,,,,,,,,,,,,,,,,,,12.315,211.771,8875.785,1931.371,,,,,,,,,,,,,,,,,,,,,,,,,,,,,,,,,,,,,,,
USSR,1962,,221200000.0,1459876921344.0,,,,,,,,,,,,,,,,2.326,68.218,13567.812,3001.2,,,,,,,,,,,,,,,,,,,,,,,,24.659,150.371,3436.619,760.18,,,,,,,,,,,,,,,,,,,,,,,,,,,,,,,,,,,,12.149,234.647,9792.124,2166.018,,,,,,,,,,,,,,,,,,,,,,,,,,,,,,,,,,,,,,,
USSR,1963,,224600000.0,1426563923968.0,,,,,,,,,,,,,,,,2.53,75.922,13700.453,3077.122,,,,,,,,,,,,,,,,,,,,,,,,22.179,168.599,4135.26,928.779,,,,,,,,,,,,,,,,,,,,,,,,,,,,,,,,,,,,10.645,230.565,10670.447,2396.583,,,,,,,,,,,,,,,,,,,,,,,,,,,,,,,,,,,,,,,
USSR,1964,,227700000.0,1611191025664.0,,,,,,,,,,,,,,,,3.863,118.858,14035.926,3195.98,,,,,,,,,,,,,,,,,,,,,,,,20.854,193.692,4929.606,1122.471,,,,,,,,,,,,,,,,,,,,,,,,,,,,,,,,,,,,8.509,203.92,11420.742,2600.503,,,,,,,,,,,,,,,,,,,,,,,,,,,,,,,,,,,,,,,
USSR,1965,,230500000.0,1702799474688.0,,,,,,,,,,,,15007.324,3459.188,,,4.451,142.255,14482.583,3338.235,,50.011,,,,,,30008.135,4.062,,,,,28940.547,6670.796,,96.442,,,1216.758,,,5278.777,17.593,197.476,5726.455,1319.948,,17.591,,,,240.799,353.293,81.434,1044.683,,3.481,,,246.079,361.365,83.295,1067.587,,3.558,,,,,5.279,8.072,1.861,22.904,,0.076,,,1994.849,,,8654.444,8.625,224.284,12255.043,2824.787,,28.84,0.0,0.0,,,,0.0,,0.0,,,0.0,,6916.875,,,240.799,353.293,81.434,1044.683,,3.481,,,0.0,0.0,0.0,0.0,,0.0,,,0.0,0.0,0.0,0.0,,0.0
USSR,1966,,233100000.0,1785145327616.0,,,,,,,,,,3.643,126.031,15380.604,3585.219,,,1.951,65.144,14600.51,3403.379,,48.737,,,,6.352,439.341,31558.199,4.121,6.117,408.045,,,30368.258,7078.841,,96.229,11.557,140.616,1357.374,,,5823.142,11.981,158.146,6341.03,1478.094,,18.452,,12.758,30.72,271.52,393.921,91.823,1164.82,,3.691,12.717,31.297,277.376,8.854,2.064,1189.944,,3.771,,,10.926,0.577,5.856,8.854,2.064,25.123,,0.08,7.088,141.398,2136.247,,,9164.51,9.145,258.326,13226.568,3083.113,,29.04,,,,,,,,,,,,,7356.216,12.758,30.72,271.52,,,1164.82,,3.691,,,,,,,,,,,,,,,,
USSR,1967,,235600000.0,1864068890624.0,,,,,,,,,,1.548,55.501,15452.972,3640.72,,,2.167,73.763,14758.666,3477.142,,47.093,,,,5.095,374.771,32814.039,4.147,5.422,383.848,,,31675.248,7462.688,,96.53,10.097,137.051,1494.425,,,6343.061,10.131,149.741,6909.316,1627.835,,19.33,,-3.542,-9.616,261.903,375.938,88.571,1111.645,,3.388,-3.261,-9.077,268.299,9.567,2.254,1138.79,,3.47,,,9.208,0.539,6.395,9.567,2.254,27.145,,0.083,8.955,191.296,2327.543,,,9879.217,8.676,267.49,14221.575,3350.603,,30.107,,,,,,,,,,,,,7730.988,-3.542,-9.616,261.903,,,1111.645,,3.388,,,,,,,,,,,,,,,,
USSR,1968,,238000000.0,1973355020288.0,,,,,,,,,,-0.872,-31.75,15163.74,3608.97,,,0.363,12.605,14662.8,3489.746,,44.998,,,,3.741,289.239,33698.43,4.064,3.229,241.002,,,32368.447,7703.69,,96.053,7.975,119.179,1613.604,,,6779.849,7.403,120.512,7345.996,1748.347,,20.119,,17.465,45.742,307.645,437.143,104.04,1292.627,,3.836,18.0,48.237,316.536,13.165,3.133,1329.984,,3.947,,,39.02,2.495,8.891,13.165,3.133,37.357,,0.111,6.598,153.573,2481.116,,,10424.858,7.324,245.393,15109.228,3595.996,,30.936,,,,,,,,,,,,,8020.227,17.465,45.742,307.645,,,1292.627,,3.836,,,,,,,,,,,,,,,,
USSR,1969,,240300000.0,2001067180032.0,,,,,,,,,,1.434,51.738,15233.906,3660.708,,,2.393,83.51,14869.979,3573.256,,43.713,,,,4.416,354.19,34849.844,4.185,4.152,319.83,,,33389.598,8023.521,,95.81,6.868,110.83,1724.434,,,7176.17,7.108,124.276,7792.854,1872.623,,20.592,,10.708,32.944,340.589,479.322,115.181,1417.349,,4.067,10.861,34.361,350.897,15.118,3.633,1460.245,,4.19,,,15.938,1.417,10.308,15.118,3.633,42.896,,0.123,6.338,157.263,2638.379,,,10979.521,6.177,222.133,15889.009,3818.129,,31.505,,,,,,,,,,,,,8374.417,10.708,32.944,340.589,,,1417.349,,4.067,,,,,,,,,,,,,,,,
USSR,1970,,242500000.0,2154659446784.0,,,,,,,,,,-0.828,-30.314,14970.695,3630.394,,,2.339,83.583,15079.748,3656.839,,41.208,,,,5.2,435.499,36329.551,4.089,5.062,406.162,,,34761.578,8429.683,,95.684,9.882,170.414,1894.847,,,7813.804,0.128,2.391,7732.016,1875.014,,21.508,,7.984,27.192,367.781,512.895,124.377,1516.625,,4.175,8.376,29.337,380.234,18.097,4.388,1567.974,,4.316,,,20.803,2.144,12.452,18.097,4.388,51.35,,0.141,10.084,266.063,2904.442,,,11977.079,7.535,287.715,16931.314,4105.844,,32.968,,,,,,,,,,,,,8809.916,7.984,27.192,367.781,,,1516.625,,4.175,,,,,,,,,,,,,,,,
USSR,1971,,244900000.0,2212064395264.0,,,,,,,,,,2.022,73.411,15123.744,3703.805,,,2.524,92.295,15308.837,3749.134,,40.074,,,,4.909,432.438,37739.297,4.178,5.036,424.511,,,36154.32,8854.193,,95.8,9.308,176.371,2071.218,,,8457.404,7.303,136.923,8215.343,2011.937,,22.41,,1.384,5.092,372.873,514.9,126.099,1522.554,,4.034,2.113,7.926,388.16,21.998,5.387,1584.973,,4.2,,,22.759,2.834,15.286,21.998,5.387,62.419,,0.165,6.016,174.728,3079.17,,,12573.172,6.787,278.667,17903.268,4384.51,,33.316,,,,,,,,,,,,,9242.354,1.384,5.092,372.873,,,1522.554,,4.034,,,,,,,,,,,,,,,,
USSR,1972,,247300000.0,2224850206720.0,,,,,,,,,,2.795,103.522,15395.582,3807.327,,,-6.586,-246.906,14161.86,3502.228,,39.183,,,,5.133,474.431,39291.484,4.367,5.323,471.277,,,37709.141,9325.471,,95.973,5.179,107.264,2178.483,,,8809.068,4.237,85.252,8480.344,2097.189,,22.42,,-2.538,-9.462,363.411,496.963,122.899,1469.515,,3.74,0.948,3.153,391.313,39.762,9.833,1582.34,,4.027,,,82.527,12.615,27.902,39.762,9.833,112.826,,0.287,8.46,260.491,3339.661,,,13504.492,6.207,272.142,18829.971,4656.652,,34.37,,,,,,,,,,,,,9716.784,-2.538,-9.462,363.411,,,1469.515,,3.74,,,,,,,,,,,,,,,,
USSR,1973,,249700000.0,2411718508544.0,,,,,,,,,,1.071,40.769,15410.877,3848.096,,,2.024,70.873,14309.574,3573.101,,37.689,,,,5.076,493.237,40889.152,4.234,5.17,482.172,,,39277.703,9807.643,,96.059,8.752,190.666,2369.149,,,9487.98,6.73,141.139,8964.067,2238.328,,23.204,,-0.451,-1.638,361.773,489.968,122.345,1448.83,,3.543,2.955,11.065,402.378,57.309,14.31,1611.445,,3.941,,,45.528,12.703,40.605,57.309,14.31,162.615,,0.398,7.508,250.737,3590.398,,,14378.848,7.143,332.618,19981.057,4989.27,,35.165,,,,,,,,,,,,,10210.021,-0.451,-1.638,361.773,,,1448.83,,3.543,,,,,,,,,,,,,,,,
USSR,1974,,252100000.0,2481780686848.0,,,,,,,,,,0.491,18.891,15339.1,3866.987,,,2.605,93.096,14542.629,3666.197,,35.89,,,,5.53,564.6,42739.473,4.341,5.258,515.672,,,40949.285,10323.314,,95.811,6.036,143.008,2512.157,,,9964.923,10.284,230.179,9791.777,2468.507,,23.316,,7.916,28.638,390.411,523.721,132.03,1548.637,,3.623,12.32,48.928,451.306,85.127,21.461,1790.187,,4.189,,,49.969,20.29,60.895,85.127,21.461,241.55,,0.565,9.853,353.772,3944.171,,,15645.263,6.97,347.737,21170.197,5337.007,,36.606,,,,,,,,,,,,,10774.621,7.916,28.638,390.411,,,1548.637,,3.623,,,,,,,,,,,,,,,,
USSR,1975,,254500000.0,2488941412352.0,,,,,,,,,,2.846,110.072,15626.949,3977.059,,,2.326,85.282,14740.585,3751.479,,35.175,,,,4.935,531.743,44425.793,4.543,5.127,529.31,,,42642.922,10852.624,,95.987,9.108,228.812,2740.969,,,10770.018,11.001,271.555,10766.451,2740.062,,24.243,,-4.577,-17.869,372.542,495.037,125.987,1463.82,,3.295,0.724,2.433,453.739,112.439,28.616,1782.866,,4.013,,,33.34,20.302,81.197,112.439,28.616,319.046,,0.718,4.828,190.426,4134.596,,,16245.958,6.952,371.009,22428.352,5708.016,,36.569,,,,,,,,,,,,,11306.364,-4.577,-17.869,372.542,,,1463.82,,3.295,,,,,,,,,,,,,,,,
USSR,1976,,256900000.0,2605564297216.0,,,,,,,,,,-0.108,-4.306,15464.199,3972.753,,,1.718,64.464,14853.805,3815.942,,33.819,,,,3.9,440.901,45726.996,4.509,3.548,385.017,,,43743.25,11237.641,,95.662,10.044,275.298,3016.267,,,11741.017,10.953,300.133,11834.154,3040.194,,25.676,,7.737,28.825,401.367,528.357,135.735,1562.347,,3.417,12.474,55.886,509.626,148.512,38.153,1983.751,,4.338,,,33.328,27.062,108.259,148.512,38.153,421.404,,0.922,2.758,114.024,4248.621,,,16538.033,5.883,335.828,23526.057,6043.844,,36.167,,,,,,,,,,,,,11747.266,7.737,28.825,401.367,,,1562.347,,3.417,,,,,,,,,,,,,,,,
USSR,1977,,259200000.0,2666906779648.0,,,,,,,,,,1.796,71.362,15602.294,4044.115,,,1.233,47.055,14903.541,3862.998,,32.948,,,,4.487,527.087,47354.754,4.602,4.068,457.193,,,45118.957,11694.834,,95.279,7.151,215.702,3231.969,,,12469.018,7.805,237.284,12644.591,3277.478,,26.331,,8.31,33.352,434.719,567.184,147.014,1677.156,,3.542,13.892,69.894,579.52,196.878,51.031,2235.801,,4.721,,,33.754,36.542,144.801,196.878,51.031,558.645,,1.18,4.004,170.129,4418.75,,,17047.645,5.027,303.799,24489.361,6347.643,,36.0,,,,,,,,,,,,,12274.353,8.31,33.352,434.719,,,1677.156,,3.542,,,,,,,,,,,,,,,,
USSR,1978,,261500000.0,2734243971072.0,,,,,,,,,,-0.605,-24.474,15371.474,4019.64,,,0.255,9.841,14810.09,3872.838,,31.389,,,,4.33,531.536,48970.895,4.684,3.937,460.388,,,46482.684,12155.222,,94.919,6.637,214.506,3446.476,,,13179.639,7.57,248.092,13482.102,3525.57,,26.913,,15.432,67.085,501.804,648.952,169.701,1918.945,,3.919,12.178,71.148,650.668,200.622,52.463,2488.213,,5.081,,,2.806,4.063,148.864,200.622,52.463,569.268,,1.162,6.118,270.356,4689.105,,,17931.57,4.715,299.263,25418.377,6646.906,,36.617,,,,,,,,,,,,,12805.889,15.432,67.085,501.804,,,1918.945,,3.919,,,,,,,,,,,,,,,,
USSR,1979,,263800000.0,2720855228416.0,,,,,,,,,,0.724,29.095,15347.746,4048.735,,,-1.014,-39.256,14532.154,3833.582,,30.774,,,,2.738,350.628,49873.074,4.835,2.661,323.458,,,47303.562,12478.68,,94.848,6.155,212.126,3658.601,,,13868.845,9.243,325.879,14599.881,3851.448,,27.808,,1.368,6.866,508.67,652.096,172.023,1928.242,,3.866,4.266,27.169,677.836,225.996,59.618,2569.508,,5.152,,,13.638,20.302,169.166,225.996,59.618,641.267,,1.286,1.754,82.238,4771.343,,,18086.973,2.462,163.622,25817.012,6810.528,,36.266,,,,,,,,,,,,,13156.517,1.368,6.866,508.67,,,1928.242,,3.866,,,,,,,,,,,,,,,,
USSR,1980,,265900000.0,2724411998208.0,,,,,,,,,,-3.044,-123.245,14763.031,3925.49,,,-7.35,-281.772,13357.691,3551.81,,29.182,,,,2.243,295.11,50589.043,4.937,1.757,219.285,,,47754.664,12697.965,,94.397,3.066,112.173,3770.774,,,14181.173,7.035,270.939,15503.526,4122.388,,28.032,,6.926,35.232,543.903,691.756,183.938,2045.516,,4.043,11.32,75.825,753.661,278.012,73.923,2834.378,,5.603,,,23.996,40.592,209.758,278.012,73.923,788.862,,1.559,4.828,230.358,5001.702,,,18810.461,3.002,204.456,26382.035,7014.983,,37.183,,,,,,,,,,,,,13451.627,6.926,35.232,543.903,,,2045.516,,4.043,,,,,,,,,,,,,,,,
USSR,1981,,268100000.0,2749333241856.0,,,,,,,,,,-0.634,-24.906,14548.988,3900.584,,,13.403,476.035,15023.667,4027.845,,28.392,,,,2.131,286.626,51243.016,4.997,1.898,240.973,,,48261.609,12938.938,,94.182,5.895,222.269,3993.042,,,14893.854,6.916,285.119,16439.787,4407.507,,29.065,,1.526,8.297,552.2,696.546,186.744,2059.679,,4.019,6.194,45.654,799.315,324.837,87.089,2981.408,,5.818,,,17.81,37.357,247.115,324.837,87.089,921.729,,1.799,0.872,43.609,5045.311,,,18818.764,0.935,65.593,26410.207,7080.577,,36.725,,,,,,,,,,,,,13738.253,1.526,8.297,552.2,,,2059.679,,4.019,,,,,,,,,,,,,,,,
USSR,1982,,270400000.0,2816923140096.0,,,,,,,,,,1.532,59.743,14646.18,3960.327,,,0.837,33.715,15020.562,4061.56,,28.127,,,,2.489,342.001,52071.945,4.998,2.63,340.326,,,49109.703,13279.264,,94.311,7.949,317.416,4310.458,,,15941.045,7.608,335.323,17540.051,4742.83,,30.614,,-6.462,-35.682,516.518,645.995,174.677,1910.2,,3.668,0.401,1.675,800.99,370.762,100.254,2962.243,,5.689,,,15.117,37.357,284.472,370.762,100.254,1052.043,,2.02,-0.73,-36.832,5008.479,,,18522.48,0.613,43.392,26346.037,7123.968,,35.571,,,,,,,,,,,,,14080.254,-6.462,-35.682,516.518,,,1910.2,,3.668,,,,,,,,,,,,,,,,
USSR,1983,,272900000.0,2906890436608.0,,,,,,,,,,0.257,10.159,14549.235,3970.486,,,-0.093,-3.773,14869.136,4057.787,,27.617,,,,2.108,296.858,52682.711,4.946,1.871,248.436,,,49570.168,13527.699,,94.092,7.225,311.436,4621.894,,,16936.219,6.99,331.534,18594.225,5074.364,,32.148,,3.255,16.81,533.328,660.909,180.362,1954.3,,3.71,6.12,48.424,849.415,408.191,111.395,3112.549,,5.908,,,11.113,31.614,316.086,408.191,111.395,1158.249,,2.199,-1.461,-73.161,4935.318,,,18084.711,0.619,44.101,26266.285,7168.069,,34.328,,,,,,,,,,,,,14377.112,3.255,16.81,533.328,,,1954.3,,3.71,,,,,,,,,,,,,,,,
USSR,1984,,275400000.0,2944379125760.0,,,,,,,,,,-0.944,-37.474,14281.09,3933.012,,,-1.085,-44.039,14574.249,4013.748,,26.36,,,,3.779,543.371,54177.5,5.067,2.842,384.52,,,50516.406,13912.219,,93.242,9.115,421.284,5043.178,,,18312.193,9.651,489.723,20203.654,5564.086,,33.8,,12.545,66.905,600.233,737.066,202.988,2179.497,,4.023,18.861,158.849,1008.264,522.144,143.798,3661.088,,6.758,,,29.088,91.944,408.03,522.144,143.798,1481.591,,2.735,0.014,0.711,4936.029,,,17923.127,-0.589,-42.252,25874.428,7125.817,,33.082,,,,,,,,,,,,,14920.483,12.545,66.905,600.233,,,2179.497,,4.023,,,,,,,,,,,,,,,,
USSR,1985,,277900000.0,2970365984768.0,,,,,,,,,,0.0,,,,,,-9.783,-392.683,13030.102,3621.065,,,,,,14.969,2233.419,61726.887,5.775,0.0,,,,,,,,0.0,,,,,,23.539,1309.721,24734.824,6873.808,,,,0.0,,,,,,,,0.0,,,,,,,,,,0.0,,,,,,,,0.0,,,,,,4.533,322.997,26803.938,7448.814,,,,,,,,,,,,,,,17153.902,0.0,,,,,,,,,,,,,,,,,,,,,,,
USSR,1986,,280400000.0,3093066416128.0,,,,,,,,,,0.0,,,,,,3.248,117.607,13333.354,3738.672,,,,,,2.169,372.033,62503.336,5.666,0.0,,,,,,,,0.0,,,,,,5.934,407.861,25968.861,7281.668,,,,0.0,,,,,,,,0.0,,,,,,,,,,0.0,,,,,,,,0.0,,,,,,3.157,235.149,27403.576,7683.963,,,,,,,,,,,,,,,17525.936,0.0,,,,,,,,,,,,,,,,,,,,,,,
USSR,1987,,282800000.0,3132798271488.0,,,,,,,,,,0.0,,,,,,1.156,43.21,13372.992,3781.882,,,,,,3.404,596.516,64082.219,5.785,0.0,,,,,,,,0.0,,,,,,4.807,350.014,26986.146,7631.682,,,,0.0,,,,,,,,0.0,,,,,,,,,,0.0,,,,,,,,0.0,,,,,,1.212,93.137,27500.352,7777.1,,,,,,,,,,,,,,,18122.451,0.0,,,,,,,,,,,,,,,,,,,,,,,
USSR,1988,,285100000.0,3199634505728.0,,,,,,,,,,0.0,,,,,,1.281,48.429,13434.974,3830.311,,,,,,2.999,543.578,65471.867,5.834,0.0,,,,,,,,0.0,,,,,,7.232,551.957,28704.449,8183.639,,,,0.0,,,,,,,,0.0,,,,,,,,,,0.0,,,,,,,,0.0,,,,,,0.413,32.112,27391.131,7809.211,,,,,,,,,,,,,,,18666.029,0.0,,,,,,,,,,,,,,,,,,,,,,,
USSR,1989,,286600000.0,3247333179392.0,,,,,,,,,,0.0,,,,,,-4.062,-155.588,12821.784,3674.723,,,,,,-0.155,-28.963,65028.145,5.739,0.0,,,,,,,,0.0,,,,,,3.38,276.58,29519.256,8460.219,,,,0.0,,,,,,,,0.0,,,,,,,,,,0.0,,,,,,,,0.0,,,,,,-3.14,-245.231,26392.115,7563.98,,,,,,,,,,,,,,,18637.066,0.0,,,,,,,,,,,,,,,,,,,,,,,
USSR,1990,,288500000.0,3168799031296.0,,,,,,,,,,0.0,,,,,,9.159,336.559,13903.924,4011.282,,,,,,-1.024,-190.926,63938.098,5.821,0.0,,,,,,,,0.0,,,,,,2.387,201.942,30024.822,8662.161,,,,0.0,,,,,,,,0.0,,,,,,,,,,0.0,,,,,,,,0.0,,,,,,-6.159,-465.865,24603.518,7098.115,,,,,,,,,,,,,,,18446.141,0.0,,,,,,,,,,,,,,,,,,,,,,,
USSR,1991,,290100000.0,3012063657984.0,,,,,,,,,,0.0,,,,,,-22.111,-886.94,10769.878,3124.342,,,,,,-1.492,-275.301,62636.469,6.033,0.0,,,,,,,,0.0,,,,,,-1.909,-165.396,29289.088,8496.765,,,,0.0,,,,,,,,0.0,,,,,,,,,,0.0,,,,,,,,0.0,,,,,,-8.75,-621.066,22326.953,6477.049,,,,,,,,,,,,,,,18170.84,0.0,,,,,,,,,,,,,,,,,,,,,,,
USSR,1992,,,2612017758208.0,,,,,,,,,,0.0,,,,,,,,,,,,,,,,,,,0.0,,,,,,,,0.0,,,,,,,,,,,,,0.0,,,,,,,,0.0,,,,,,,,,,0.0,,,,,,,,0.0,,,,,,,,,,,,,,,,,,,,,,,,,0.0,,,,,,,,,,,,,,,,,,,,,,,
USSR,1993,,,2387859996672.0,,,,,,,,,,0.0,,,,,,,,,,,,,,,,,,,0.0,,,,,,,,0.0,,,,,,,,,,,,,0.0,,,,,,,,0.0,,,,,,,,,,0.0,,,,,,,,0.0,,,,,,,,,,,,,,,,,,,,,,,,,0.0,,,,,,,,,,,,,,,,,,,,,,,
USSR,1994,,,2085793300480.0,,,,,,,,,,0.0,,,,,,,,,,,,,,,,,,,0.0,,,,,,,,0.0,,,,,,,,,,,,,0.0,,,,,,,,0.0,,,,,,,,,,0.0,,,,,,,,0.0,,,,,,,,,,,,,,,,,,,,,,,,,0.0,,,,,,,,,,,,,,,,,,,,,,,
USSR,1995,,,2003330662400.0,,,,,,,,,,0.0,,,,,,,,,,,,,,,,,,,0.0,,,,,,,,0.0,,,,,,,,,,,,,0.0,,,,,,,,0.0,,,,,,,,,,0.0,,,,,,,,0.0,,,,,,,,,,,,,,,,,,,,,,,,,0.0,,,,,,,,,,,,,,,,,,,,,,,
USSR,1996,,,1972454948864.0,,,,,,,,,,0.0,,,,,,,,,,,,,,,,,,,0.0,,,,,,,,0.0,,,,,,,,,,,,,0.0,,,,,,,,0.0,,,,,,,,,,0.0,,,,,,,,0.0,,,,,,,,,,,,,,,,,,,,,,,,,0.0,,,,,,,,,,,,,,,,,,,,,,,
USSR,1997,,,2041206669312.0,,,,,,,,,,0.0,,,,,,,,,,,,,,,,,,,0.0,,,,,,,,0.0,,,,,,,,,,,,,0.0,,,,,,,,0.0,,,,,,,,,,0.0,,,,,,,,0.0,,,,,,,,,,,,,,,,,,,,,,,,,0.0,,,,,,,,,,,,,,,,,,,,,,,
USSR,1998,,,2022336888832.0,,,,,,,,,,0.0,,,,,,,,,,,,,,,,,,,0.0,,,,,,,,0.0,,,,,,,,,,,,,0.0,,,,,,,,0.0,,,,,,,,,,0.0,,,,,,,,0.0,,,,,,,,,,,,,,,,,,,,,,,,,0.0,,,,,,,,,,,,,,,,,,,,,,,
USSR,1999,,,2147254140928.0,,,,,,,,,,0.0,,,,,,,,,,,,,,,,,,,0.0,,,,,,,,0.0,,,,,,,,,,,,,0.0,,,,,,,,0.0,,,,,,,,,,0.0,,,,,,,,0.0,,,,,,,,,,,,,,,,,,,,,,,,,0.0,,,,,,,,,,,,,,,,,,,,,,,
USSR,2000,,,2365623631872.0,,,,,,,,,,0.0,,,,,,,,,,,,,,,,,,,0.0,,,,,,,,0.0,,,,,,,,,,,,,0.0,,,,,,,,0.0,,,,,,,,,,0.0,,,,,,,,0.0,,,,,,,,,,,,,,,,,,,,,,,,,0.0,,,,,,,,,,,,,,,,,,,,,,,
USSR,2001,,,2548668825600.0,,,,,,,,,,0.0,,,,,,,,,,,,,,,,,,,0.0,,,,,,,,0.0,,,,,,,,,,,,,0.0,,,,,,,,0.0,,,,,,,,,,0.0,,,,,,,,0.0,,,,,,,,,,,,,,,,,,,,,,,,,0.0,,,,,,,,,,,,,,,,,,,,,,,
USSR,2002,,,2724706910208.0,,,,,,,,,,0.0,,,,,,,,,,,,,,,,,,,0.0,,,,,,,,0.0,,,,,,,,,,,,,0.0,,,,,,,,0.0,,,,,,,,,,0.0,,,,,,,,0.0,,,,,,,,,,,,,,,,,,,,,,,,,0.0,,,,,,,,,,,,,,,,,,,,,,,
USSR,2003,,,2976059490304.0,,,,,,,,,,0.0,,,,,,,,,,,,,,,,,,,0.0,,,,,,,,0.0,,,,,,,,,,,,,0.0,,,,,,,,0.0,,,,,,,,,,0.0,,,,,,,,0.0,,,,,,,,,,,,,,,,,,,,,,,,,0.0,,,,,,,,,,,,,,,,,,,,,,,
USSR,2004,,,3265396998144.0,,,,,,,,,,0.0,,,,,,,,,,,,,,,,,,,0.0,,,,,,,,0.0,,,,,,,,,,,,,0.0,,,,,,,,0.0,,,,,,,,,,0.0,,,,,,,,0.0,,,,,,,,,,,,,,,,,,,,,,,,,0.0,,,,,,,,,,,,,,,,,,,,,,,
USSR,2005,,,3543117856768.0,,,,,,,,,,0.0,,,,,,,,,,,,,,,,,,,0.0,,,,,,,,0.0,,,,,,,,,,,,,0.0,,,,,,,,0.0,,,,,,,,,,0.0,,,,,,,,0.0,,,,,,,,,,,,,,,,,,,,,,,,,0.0,,,,,,,,,,,,,,,,,,,,,,,
USSR,2006,,,3913214066688.0,,,,,,,,,,0.0,,,,,,,,,,,,,,,,,,,0.0,,,,,,,,0.0,,,,,,,,,,,,,0.0,,,,,,,,0.0,,,,,,,,,,0.0,,,,,,,,0.0,,,,,,,,,,,,,,,,,,,,,,,,,0.0,,,,,,,,,,,,,,,,,,,,,,,
USSR,2007,,,4323148562432.0,,,,,,,,,,0.0,,,,,,,,,,,,,,,,,,,0.0,,,,,,,,0.0,,,,,,,,,,,,,0.0,,,,,,,,0.0,,,,,,,,,,0.0,,,,,,,,0.0,,,,,,,,,,,,,,,,,,,,,,,,,0.0,,,,,,,,,,,,,,,,,,,,,,,
USSR,2008,,,4603270660096.0,,,,,,,,,,0.0,,,,,,,,,,,,,,,,,,,0.0,,,,,,,,0.0,,,,,,,,,,,,,0.0,,,,,,,,0.0,,,,,,,,,,0.0,,,,,,,,0.0,,,,,,,,,,,,,,,,,,,,,,,,,0.0,,,,,,,,,,,,,,,,,,,,,,,
USSR,2009,,,4436220444672.0,,,,,,,,,,0.0,,,,,,,,,,,,,,,,,,,0.0,,,,,,,,0.0,,,,,,,,,,,,,0.0,,,,,,,,0.0,,,,,,,,,,0.0,,,,,,,,0.0,,,,,,,,,,,,,,,,,,,,,,,,,0.0,,,,,,,,,,,,,,,,,,,,,,,
USSR,2010,,,4712027914240.0,,,,,,,,,,0.0,,,,,,,,,,,,,,,,,,,0.0,,,,,,,,0.0,,,,,,,,,,,,,0.0,,,,,,,,0.0,,,,,,,,,,0.0,,,,,,,,0.0,,,,,,,,,,,,,,,,,,,,,,,,,0.0,,,,,,,,,,,,,,,,,,,,,,,
USSR,2011,,,5023459704832.0,,,,,,,,,,0.0,,,,,,,,,,,,,,,,,,,0.0,,,,,,,,0.0,,,,,,,,,,,,,0.0,,,,,,,,0.0,,,,,,,,,,0.0,,,,,,,,0.0,,,,,,,,,,,,,,,,,,,,,,,,,0.0,,,,,,,,,,,,,,,,,,,,,,,
USSR,2012,,,5212753362944.0,,,,,,,,,,0.0,,,,,,,,,,,,,,,,,,,0.0,,,,,,,,0.0,,,,,,,,,,,,,0.0,,,,,,,,0.0,,,,,,,,,,0.0,,,,,,,,0.0,,,,,,,,,,,,,,,,,,,,,,,,,0.0,,,,,,,,,,,,,,,,,,,,,,,
USSR,2013,,,5353153495040.0,,,,,,,,,,0.0,,,,,,,,,,,,,,,,,,,0.0,,,,,,,,0.0,,,,,,,,,,,,,0.0,,,,,,,,0.0,,,,,,,,,,0.0,,,,,,,,0.0,,,,,,,,,,,,,,,,,,,,,,,,,0.0,,,,,,,,,,,,,,,,,,,,,,,
USSR,2014,,,5441458274304.0,,,,,,,,,,0.0,,,,,,,,,,,,,,,,,,,0.0,,,,,,,,0.0,,,,,,,,,,,,,0.0,,,,,,,,0.0,,,,,,,,,,0.0,,,,,,,,0.0,,,,,,,,,,,,,,,,,,,,,,,,,0.0,,,,,,,,,,,,,,,,,,,,,,,
USSR,2015,,,5372787556352.0,,,,,,,,,,0.0,,,,,,,,,,,,,,,,,,,0.0,,,,,,,,0.0,,,,,,,,,,,,,0.0,,,,,,,,0.0,,,,,,,,,,0.0,,,,,,,,0.0,,,,,,,,,,,,,,,,,,,,,,,,,0.0,,,,,,,,,,,,,,,,,,,,,,,
USSR,2016,,,5426884640768.0,,,,,,,,,,0.0,,,,,,,,,,,,,,,,,,,0.0,,,,,,,,0.0,,,,,,,,,,,,,0.0,,,,,,,,0.0,,,,,,,,,,0.0,,,,,,,,0.0,,,,,,,,,,,,,,,,,,,,,,,,,0.0,,,,,,,,,,,,,,,,,,,,,,,
USSR,2017,,,5628122628096.0,,,,,,,,,,0.0,,,,,,,,,,,,,,,,,,,0.0,,,,,,,,0.0,,,,,,,,,,,,,0.0,,,,,,,,0.0,,,,,,,,,,0.0,,,,,,,,0.0,,,,,,,,,,,,,,,,,,,,,,,,,0.0,,,,,,,,,,,,,,,,,,,,,,,
USSR,2018,,,5753769820160.0,,,,,,,,,,0.0,,,,,,,,,,,,,,,,,,,0.0,,,,,,,,0.0,,,,,,,,,,,,,0.0,,,,,,,,0.0,,,,,,,,,,0.0,,,,,,,,0.0,,,,,,,,,,,,,,,,,,,,,,,,,0.0,,,,,,,,,,,,,,,,,,,,,,,
USSR,2019,,,,,,,,,,,,,0.0,,,,,,,,,,,,,,,,,,,0.0,,,,,,,,0.0,,,,,,,,,,,,,0.0,,,,,,,,0.0,,,,,,,,,,0.0,,,,,,,,0.0,,,,,,,,,,,,,,,,,,,,,,,,,0.0,,,,,,,,,,,,,,,,,,,,,,,
USSR,2020,,,,,,,,,,,,,0.0,,,,,,,,,,,,,,,,,,,0.0,,,,,,,,0.0,,,,,,,,,,,,,0.0,,,,,,,,0.0,,,,,,,,,,0.0,,,,,,,,0.0,,,,,,,,,,,,,,,,,,,,,,,,,0.0,,,,,,,,,,,,,,,,,,,,,,,
Uganda,1980,UGA,13284030.0,11322223616.0,,,,,,,,,,,,,,,,,,0.0,0.0,,,,,,,,352.27,0.413,,,,,,,,,,,,,,,,,0.0,0.0,,,,,,,,,,,,,,,,,,,,,,,,,,,,,,,,,,,,,,0.0,0.0,,,,,,,,,,,,,,,4.68,,,,,,,,,,,,,,,,,,,,,,,,
Uganda,1981,UGA,13563562.0,11745408000.0,,,,,,,,,,,,,,,,,0.0,0.0,0.0,,,,,,-28.759,-1.346,245.789,0.284,,,,,,,,,,,,,,,,0.0,0.0,0.0,,,,,,,,,,,,,,,,,,,,,,,,,,,,,,,,,,,,,0.0,0.0,0.0,,,,,,,,,,,,,,,3.334,,,,,,,,,,,,,,,,,,,,,,,,
Uganda,1982,UGA,13880059.0,12712720384.0,,,,,,,,,,,,,,,,,0.0,0.0,0.0,,,,,,13.762,0.459,273.239,0.298,,,,,,,,,,,,,,,,0.0,0.0,0.0,,,,,,,,,,,,,,,,,,,,,,,,,,,,,,,,,,,,,0.0,0.0,0.0,,,,,,,,,,,,,,,3.793,,,,,,,,,,,,,,,,,,,,,,,,
Uganda,1983,UGA,14228930.0,13658978304.0,,,,,,,,,,,,,,,,,0.0,0.0,0.0,,,,,,-4.863,-0.184,253.579,0.264,,,,,,,,,,,,,,,,0.0,0.0,0.0,,,,,,,,,,,,,,,,,,,,,,,,,,,,,,,,,,,,,0.0,0.0,0.0,,,,,,,,,,,,,,,3.608,,,,,,,,,,,,,,,,,,,,,,,,
Uganda,1984,UGA,14617950.0,12485804032.0,,,,,,,,,,,,,,,,,0.0,0.0,0.0,,,,,,9.973,0.36,271.448,0.318,,,,,,,,,,,,,,,,0.0,0.0,0.0,,,,,,,,,,,,,,,,,,,,,,,,,,,,,,,,,,,,,0.0,0.0,0.0,,,,,,,,,,,,,,,3.968,,,,,,,,,,,,,,,,,,,,,,,,
Uganda,1985,UGA,15038924.0,12751084544.0,,,,,,,,,,,,,,,,,0.0,0.0,0.0,,,,,,5.719,0.227,278.938,0.329,,,,,,,,,,,,,,,,0.0,0.0,0.0,,,,,,,,,,,,,,,,,,,,,,,,,,,,,,,,,,,,,0.0,0.0,0.0,,,,,,,,,,,,,,,4.195,,,,,,,,,,,,,,,,,,,,,,,,
Uganda,1986,UGA,15486815.0,12793401344.0,,,,,,,,,,,,,,,,,0.0,0.0,0.0,,,,,,4.684,0.196,283.558,0.343,,,,,,,,,,,,,,,,0.0,0.0,0.0,,,,,,,,,,,,,,,,,,,,,,,,,,,,,,,,,,,,,0.0,0.0,0.0,,,,,,,,,,,,,,,4.391,,,,,,,,,,,,,,,,,,,,,,,,
Uganda,1987,UGA,15974224.0,13611121664.0,,,,,,,,,,,,,,,,,0.0,0.0,0.0,,,,,,-8.224,-0.361,252.296,0.296,,,,,,,,,,,,,,,,0.0,0.0,0.0,,,,,,,,,,,,,,,,,,,,,,,,,,,,,,,,,,,,,0.0,0.0,0.0,,,,,,,,,,,,,,,4.03,,,,,,,,,,,,,,,,,,,,,,,,
Uganda,1988,UGA,16489326.0,14591128576.0,,,,,,,,,,,,,,,,,0.0,0.0,0.0,,,,,,29.176,1.176,315.725,0.357,,,,,,,,,,,,,,,,0.0,0.0,0.0,,,,,,,,,,,,,,,,,,,,,,,,,,,,,,,,,,,,,0.0,0.0,0.0,,,,,,,,,,,,,,,5.206,,,,,,,,,,,,,,,,,,,,,,,,
Uganda,1989,UGA,17028548.0,15637284864.0,,,,,,,,,,,,,,,,,0.0,0.0,0.0,,,,,,-0.024,-0.001,305.652,0.333,,,,,,,,,,,,,,,,0.0,0.0,0.0,,,,,,,,,,,,,,,,,,,,,,,,,,,,,,,,,,,,,0.0,0.0,0.0,,,,,,,,,,,,,,,5.205,,,,,,,,,,,,,,,,,,,,,,,,
Uganda,1990,UGA,17586634.0,16268766208.0,,,,,,,,,,,,,,,,,0.0,0.0,0.0,,,,,,9.706,0.505,324.679,0.351,,,,,,,,,,,,,,,,0.0,0.0,0.0,,,,,,,,,,,,,,,,,,,,,,,,,,,,,,,,,,,,,0.0,0.0,0.0,,,,,,,,,,,,,,,5.71,,,,,,,,,,,,,,,,,,,,,,,,
Uganda,1991,UGA,18171944.0,16538917888.0,,,,,,,,,,,,,,,,,0.0,0.0,0.0,,,,,,5.803,0.331,332.455,0.365,,,,,,,,,,,,,,,,0.0,0.0,0.0,,,,,,,,,,,,,,,,,,,,,,,,,,,,,,,,,,,,,0.0,0.0,0.0,,,,,,,,,,,,,,,6.041,,,,,,,,,,,,,,,,,,,,,,,,
Uganda,1992,UGA,18801968.0,17483616256.0,,,,,,,,,,,,,,,,,0.0,0.0,0.0,,,,,,13.154,0.795,363.582,0.391,,,,,,,,,,,,,,,,0.0,0.0,0.0,,,,,,,,,,,,,,,,,,,,,,,,,,,,,,,,,,,,,0.0,0.0,0.0,,,,,,,,,,,,,,,6.836,,,,,,,,,,,,,,,,,,,,,,,,
Uganda,1993,UGA,19462960.0,18599690240.0,,,,,,,,,,,,,,,,,0.0,0.0,0.0,,,,,,0.817,0.056,354.102,0.371,,,,,,,,,,,,,,,,0.0,0.0,0.0,,,,,,,,,,,,,,,,,,,,,,,,,,,,,,,,,,,,,0.0,0.0,0.0,,,,,,,,,,,,,,,6.892,,,,,,,,,,,,,,,,,,,,,,,,
Uganda,1994,UGA,20125026.0,19993296896.0,,,,,,,,,,,,,,,,,0.0,0.0,0.0,,,,,,3.435,0.237,354.216,0.357,,,,,,,,,,,,,,,,0.0,0.0,0.0,,,,,,,,,,,,,,,,,,,,,,,,,,,,,,,,,,,,,0.0,0.0,0.0,,,,,,,,,,,,,,,7.129,,,,,,,,,,,,,,,,,,,,,,,,
Uganda,1995,UGA,20680834.0,21811142656.0,,,,,,,,,,,,,,,,,0.0,0.0,0.0,,,,,,0.812,0.058,347.494,0.329,,,,,,,,,,,,,,,,0.0,0.0,0.0,,,,,,,,,,,,,,,,,,,,,,,,,,,,,,,,,,,,,0.0,0.0,0.0,,,,,,,,,,,,,,,7.186,,,,,,,,,,,,,,,,,,,,,,,,
Uganda,1996,UGA,21249570.0,23216443392.0,,,,,,,,,,,,,,,,,0.0,0.0,0.0,,,,,,4.182,0.301,352.338,0.322,,,,,,,,,,,,,,,,0.0,0.0,0.0,,,,,,,,,,,,,,,,,,,,,,,,,,,,,,,,,,,,,0.0,0.0,0.0,,,,,,,,,,,,,,,7.487,,,,,,,,,,,,,,,,,,,,,,,,
Uganda,1997,UGA,21876938.0,24283123712.0,,,,,,,,,,,,,,,,,0.0,0.0,0.0,,,,,,6.255,0.468,363.639,0.328,,,,,,,,,,,,,,,,0.0,0.0,0.0,,,,,,,,,,,,,,,,,,,,,,,,,,,,,,,,,,,,,0.0,0.0,0.0,,,,,,,,,,,,,,,7.955,,,,,,,,,,,,,,,,,,,,,,,,
Uganda,1998,UGA,22537658.0,25735383040.0,,,,,,,,,,,,,,,,,0.0,0.0,0.0,,,,,,7.011,0.558,377.727,0.331,,,,,,,,,,,,,,,,0.0,0.0,0.0,,,,,,,,,,,,,,,,,,,,,,,,,,,,,,,,,,,,,0.0,0.0,0.0,,,,,,,,,,,,,,,8.513,,,,,,,,,,,,,,,,,,,,,,,,
Uganda,1999,UGA,23279246.0,27748050944.0,,,,,,,,,,,,,,,,,0.0,0.0,0.0,,,,,,0.231,0.02,366.538,0.308,,,,,,,,,,,,,,,,0.0,0.0,0.0,,,,,,,,,,,,,,,,,,,,,,,,,,,,,,,,,,,,,0.0,0.0,0.0,,,,,,,,,,,,,,,8.533,,,,,,,,,,,,,,,,,,,,,,,,
Uganda,2000,UGA,24020710.0,28839088128.0,,,,,0.0,0.0,0.0,,44.025,,,,,0.0,0.0,,0.0,0.0,0.0,0.0,,1.43,1.59,,21.316,1.819,430.945,0.359,,,1.665,0.04,,,2.516,,,,,0.0,0.0,,,0.0,0.0,0.0,0.0,,0.07,,,,64.528,1.55,,97.484,,,,,64.528,1.55,,97.484,,-0.16,-11.189,,,,0.0,0.0,,0.0,,,,,1.665,0.04,,,0.0,0.0,0.0,2.516,,,0.0,0.0,,,0.0,0.0,,0.0,0.0,,66.193,10.352,,,,64.528,1.55,,97.484,,,,,0.0,0.0,,0.0,,,,,0.0,0.0,,0.0,
Uganda,2001,UGA,24763328.0,31387265024.0,,,,,0.0,0.0,0.0,,44.025,,,,,0.0,0.0,,0.0,0.0,0.0,0.0,,1.43,1.59,,1.954,0.202,426.191,0.336,,,1.615,0.04,,,2.516,,,,,0.0,0.0,,,0.0,0.0,0.0,0.0,,0.07,,,,62.593,1.55,,97.484,,,,,62.593,1.55,,97.484,,-0.16,-11.189,,,,0.0,0.0,,0.0,,,,,1.615,0.04,,,0.0,0.0,0.0,2.516,,,0.0,0.0,,,0.0,0.0,,0.0,0.0,,64.208,10.554,,,,62.593,1.55,,97.484,,,,,0.0,0.0,,0.0,,,,,0.0,0.0,,0.0,
Uganda,2002,UGA,25545098.0,33626853376.0,,,,,0.0,0.0,0.0,,40.936,,,,,0.0,0.0,,0.0,0.0,0.0,0.0,,1.45,1.71,,2.504,0.264,423.493,0.322,,,1.566,0.04,,,2.339,,,,,0.0,0.0,,,0.0,0.0,0.0,0.0,,0.07,,,,65.375,1.67,,97.661,,,,,65.375,1.67,,97.661,,-0.26,-17.931,,,,0.0,0.0,,0.0,,,,,1.566,0.04,,,0.0,0.0,0.0,2.339,,,0.0,0.0,,,0.0,0.0,,0.0,0.0,,66.94,10.818,,,,65.375,1.67,,97.661,,,,,0.0,0.0,,0.0,,,,,0.0,0.0,,0.0,
Uganda,2003,UGA,26354740.0,35593797632.0,,,,,0.0,0.0,0.0,,44.444,,,,,0.0,0.0,,0.0,0.0,0.0,0.0,,1.59,1.8,,5.45,0.59,432.856,0.32,,,1.897,0.05,,,2.778,,,,,0.0,0.0,,,0.0,0.0,0.0,0.0,,0.08,,,,66.402,1.75,,97.222,,,,,66.402,1.75,,97.222,,-0.21,-13.208,,,,0.0,0.0,,0.0,,,,,1.897,0.05,,,0.0,0.0,0.0,2.778,,,0.0,0.0,,,0.0,0.0,,0.0,0.0,,68.299,11.408,,,,66.402,1.75,,97.222,,,,,0.0,0.0,,0.0,,,,,0.0,0.0,,0.0,
Uganda,2004,UGA,27146082.0,37411397632.0,,,,,0.0,0.0,0.0,,46.392,,,,,0.0,0.0,,0.0,0.0,0.0,0.0,,1.75,1.94,,6.525,0.744,447.659,0.325,,,1.842,0.05,,,2.577,,,,,0.0,0.0,,,0.0,0.0,0.0,0.0,,0.09,,,,69.623,1.89,,97.423,,,,,69.623,1.89,,97.423,,-0.19,-10.857,,,,0.0,0.0,,0.0,,,,,1.842,0.05,,,0.0,0.0,0.0,2.577,,,0.0,0.0,,,0.0,0.0,,0.0,0.0,,71.465,12.152,,,,69.623,1.89,,97.423,,,,,0.0,0.0,,0.0,,,,,0.0,0.0,,0.0,
Uganda,2005,UGA,27946586.0,40921112576.0,,,,,0.0,0.0,0.0,,61.538,,,,,0.0,0.0,,0.0,0.0,0.0,0.0,,1.89,1.95,,13.484,1.639,493.468,0.337,,,3.936,0.11,,,5.641,,,,,0.0,0.0,,,0.0,0.0,0.0,0.0,,0.12,,,,65.84,1.84,,94.359,,,,,65.84,1.84,,94.359,,-0.06,-3.175,,,,0.0,0.0,,0.0,,,,,3.936,0.11,,,0.0,0.0,0.0,5.641,,,0.0,0.0,,,0.0,0.0,,0.0,0.0,,69.776,13.791,,,,65.84,1.84,,94.359,,,,,0.0,0.0,,0.0,,,,,0.0,0.0,,0.0,
Uganda,2006,UGA,28773230.0,43572248576.0,,,,,0.0,0.0,0.0,,197.452,,,,,0.0,0.0,,0.0,0.0,0.0,0.0,,1.57,1.57,,-2.835,-0.391,465.703,0.308,,,13.902,0.4,,,25.478,,,,,0.0,0.0,,,0.0,0.0,0.0,0.0,,0.31,,,,40.315,1.16,,73.885,,,,,40.663,1.17,,74.522,,0.0,0.0,,,,0.0,0.0,,0.0,,,,,13.902,0.4,,,0.0,0.0,0.0,25.478,,,0.0,0.0,,,0.0,0.0,,0.0,0.0,,54.565,13.4,,,,40.663,1.17,,74.522,,,,,0.348,0.01,,0.637,,,,,0.0,0.0,,0.0,
Uganda,2007,UGA,29629804.0,46853861376.0,,,,,0.0,0.0,0.0,,213.198,,,,,0.0,0.0,,0.0,0.0,0.0,0.0,,1.96,1.97,,20.646,2.766,545.608,0.345,,,18.9,0.56,,,28.426,,,,,0.0,0.0,,,0.0,0.0,0.0,0.0,,0.42,,,,47.25,1.4,,71.066,,,,,47.587,1.41,,71.574,,-0.01,-0.51,,,,0.0,0.0,,0.0,,,,,18.9,0.56,,,0.0,0.0,0.0,28.426,,,0.0,0.0,,,0.0,0.0,,0.0,0.0,,66.487,16.166,,,,47.587,1.41,,71.574,,,,,0.337,0.01,,0.508,,,,,0.0,0.0,,0.0,
Uganda,2008,UGA,30509868.0,51468918784.0,,,,,1.639,0.05,2.155,,206.897,,,,,0.0,0.0,,0.0,0.0,0.0,0.0,,2.3,2.32,,5.174,0.836,557.287,0.33,,,20.321,0.62,,,26.724,,,,,0.0,0.0,,,0.0,0.0,0.0,0.0,,0.48,,,,53.425,1.63,,70.259,,,,,55.72,1.7,,73.276,,-0.02,-0.87,,,,0.0,0.0,,0.0,,,,,20.321,0.62,,,0.0,0.0,0.0,26.724,,,0.05,0.0,,,1.639,0.0,,2.155,0.0,,76.041,17.003,,,,55.72,1.7,,73.276,,,,,0.656,0.02,,0.862,,,,,0.0,0.0,,0.0,
Uganda,2009,UGA,31412526.0,55303700480.0,,,,,2.865,0.09,3.75,,279.167,,,,,0.0,0.0,,0.0,0.0,0.0,0.0,,2.35,2.4,,2.142,0.364,552.865,0.314,,,28.333,0.89,,,37.083,,,,,0.0,0.0,,,0.0,0.0,0.0,0.0,,0.67,,,,44.568,1.4,,58.333,,,,,48.07,1.51,,62.917,,-0.05,-2.128,,,,0.0,0.0,,0.0,,,,,28.333,0.89,,,0.0,0.0,0.0,37.083,,,0.09,0.0,,,2.865,0.0,,3.75,0.0,,76.403,17.367,,,,48.07,1.51,,62.917,,,,,0.637,0.02,,0.833,,,,,0.0,0.0,,0.0,
Uganda,2010,UGA,32341724.0,59228536832.0,,,,,3.092,0.1,3.717,,308.55,,,,,0.0,0.0,,0.0,0.0,0.0,0.0,,2.65,2.69,,12.564,2.182,604.45,0.33,,,34.012,1.1,,,40.892,,,,,0.0,0.0,,,0.0,0.0,0.0,0.0,,0.83,,,,45.452,1.47,,54.647,,,,,49.162,1.59,,59.108,,-0.04,-1.509,,,,0.0,0.0,,0.0,,,,,34.012,1.1,,,0.0,0.0,0.0,40.892,,,0.1,0.0,,,3.092,0.0,,3.717,0.0,,83.174,19.549,,,,49.162,1.59,,59.108,,,,,0.618,0.02,,0.743,,,,,0.0,0.0,,0.0,
Uganda,2011,UGA,33295738.0,62855835648.0,,,,,2.703,0.09,3.448,,291.188,,,,,0.0,0.0,,0.0,0.0,0.0,0.0,,2.56,2.61,,4.622,0.904,614.269,0.325,,,30.034,1.0,,,38.314,,,,,0.0,0.0,,,0.0,0.0,0.0,0.0,,0.76,,,,45.051,1.5,,57.471,,,,,48.355,1.61,,61.686,,-0.05,-1.953,,,,0.0,0.0,,0.0,,,,,30.034,1.0,,,0.0,0.0,0.0,38.314,,,0.09,0.0,,,2.703,0.0,,3.448,0.0,,78.388,20.453,,,,48.355,1.61,,61.686,,,,,0.601,0.02,,0.766,,,,,0.0,0.0,,0.0,
Uganda,2012,UGA,34273296.0,64257404928.0,,,,,1.459,0.05,2.551,,163.265,,,,,0.0,0.0,,0.0,0.0,0.0,0.0,,1.9,1.96,,-3.193,-0.653,577.693,0.308,,,11.087,0.38,,,19.388,,,,,0.0,0.0,,,0.0,0.0,0.0,0.0,,0.32,,,,43.766,1.5,,76.531,,,,,46.1,1.58,,80.612,,-0.06,-3.158,,,,0.0,0.0,,0.0,,,,,11.087,0.38,,,0.0,0.0,0.0,19.388,,,0.05,0.0,,,1.459,0.0,,2.551,0.0,,57.187,19.799,,,,46.1,1.58,,80.612,,,,,0.875,0.03,,1.531,,,,,0.0,0.0,,0.0,
Uganda,2013,UGA,35273568.0,66627399680.0,,,,,1.417,0.05,1.931,,65.637,,,,,0.0,0.0,,0.0,0.0,0.0,0.0,,2.53,2.59,,16.052,3.178,651.414,0.345,,,3.969,0.14,,,5.405,,,,,0.0,0.0,,,0.0,0.0,0.0,0.0,,0.17,,,,67.189,2.37,,91.506,,,,,69.457,2.45,,94.595,,-0.06,-2.372,,,,0.0,0.0,,0.0,,,,,3.969,0.14,,,0.0,0.0,0.0,5.405,,,0.05,0.0,,,1.417,0.0,,1.931,0.0,,73.426,22.978,,,,69.457,2.45,,94.595,,,,,0.85,0.03,,1.158,,,,,0.0,0.0,,0.0,
Uganda,2014,UGA,36336544.0,70033965056.0,,,,,3.302,0.12,4.27,,103.203,,,,,0.0,0.0,,0.0,0.0,0.0,0.0,,2.68,2.81,,15.275,3.51,728.951,0.378,,,7.981,0.29,,,10.32,,,,,0.0,0.0,,,0.0,0.0,0.0,0.0,,0.29,,,,65.224,2.37,,84.342,,,,,69.352,2.52,,89.68,,-0.13,-4.851,,,,0.0,0.0,,0.0,,,,,7.981,0.29,,,0.0,0.0,0.0,10.32,,,0.12,0.0,,,3.302,0.0,,4.27,0.0,,77.333,26.488,,,,69.352,2.52,,89.68,,,,,0.826,0.03,,1.068,,,,,0.0,0.0,,0.0,
Uganda,2015,UGA,37477356.0,73613877248.0,,,,,3.736,0.14,4.878,,101.045,,,,,0.0,0.0,,0.0,0.0,0.0,0.0,,2.8,2.87,,0.139,0.037,707.743,0.36,,,7.738,0.29,,,10.105,,,,,0.0,0.0,,,0.0,0.0,0.0,0.0,,0.29,,,,64.306,2.41,,83.972,,,,,68.842,2.58,,89.895,,-0.07,-2.5,,,,0.0,0.0,,0.0,,,,,7.738,0.29,,,0.0,0.0,0.0,10.105,,,0.14,0.0,,,3.736,0.0,,4.878,0.0,,76.58,26.524,,,,68.842,2.58,,89.895,,,,,0.8,0.03,,1.045,,,,,0.0,0.0,,0.0,
Uganda,2016,UGA,38748308.0,77532053504.0,,,,,3.613,0.14,3.714,,82.228,,,,,0.0,0.0,,0.0,0.0,0.0,0.0,,3.65,3.77,,11.764,3.12,765.058,0.382,,,7.484,0.29,,,7.692,,,,,0.0,0.0,,,0.0,0.0,0.0,0.0,,0.31,,,,85.165,3.3,,87.533,,,,,89.81,3.48,,92.308,,-0.12,-3.288,,,,0.0,0.0,,0.0,,,,,7.484,0.29,,,0.0,0.0,0.0,7.692,,,0.14,0.0,,,3.613,0.0,,3.714,0.0,,97.295,29.645,,,,89.81,3.48,,92.308,,,,,1.032,0.04,,1.061,,,,,0.0,0.0,,0.0,
Uganda,2017,UGA,40127096.0,81428807680.0,,,,,3.738,0.15,3.836,,74.169,,,,,0.0,0.0,,,,,0.0,,3.62,3.91,,8.951,2.653,804.894,0.397,,,6.479,0.26,,,6.65,,,,,0.0,0.0,,,,,,0.0,,0.29,,,,85.728,3.44,,87.98,,,,,90.961,3.65,,93.35,,-0.29,-8.011,,,,0.0,0.0,,0.0,,,,,6.479,0.26,,,,,,6.65,,,0.15,0.0,,,3.738,0.0,,3.836,0.0,,97.44,32.298,,,,90.961,3.65,,93.35,,,,,1.495,0.06,,1.535,,,,,0.0,0.0,,0.0,
Uganda,2018,UGA,41515400.0,86584074240.0,,,,,6.985,0.29,6.729,,88.167,,,,,0.0,0.0,,,,,0.0,,4.11,4.31,,8.127,2.625,841.204,0.403,,,7.467,0.31,,,7.193,,,,,0.0,0.0,,,,,,0.0,,0.38,,,,87.678,3.64,,84.455,,,,,96.35,4.0,,92.807,,-0.2,-4.866,,,,0.0,0.0,,0.0,,,,,7.467,0.31,,,,,,7.193,,,0.29,0.0,,,6.985,0.0,,6.729,0.0,,103.817,34.923,,,,96.35,4.0,,92.807,,,,,1.686,0.07,,1.624,,,,,0.0,0.0,,0.0,
Uganda,2019,UGA,42949076.0,,,,,,1.863,0.08,1.848,,43.88,,,,,0.0,0.0,,,,,0.0,,4.05,4.33,,-0.184,-0.064,811.628,,,,2.096,0.09,,,2.079,,,,,0.0,0.0,,,,,,0.0,,0.19,,,,94.065,4.04,,93.303,,,,,98.722,4.24,,97.921,,-0.28,-6.914,,,,0.0,0.0,,0.0,,,,,2.096,0.09,,,,,,2.079,,,0.08,0.0,,,1.863,0.0,,1.848,0.0,,100.817,34.859,,,,98.722,4.24,,97.921,,,,,2.794,0.12,,2.771,,,,,0.0,0.0,,0.0,
Uganda,2020,UGA,44404608.0,,,,,,2.702,0.12,2.697,,51.685,,,,,0.0,0.0,,,,,0.0,,4.25,4.45,,-2.371,-0.826,766.414,,,,2.928,0.13,,,2.921,,,,,0.0,0.0,,,,,,0.0,,0.23,,,,91.882,4.08,,91.685,,,,,97.287,4.32,,97.079,,-0.2,-4.706,,,,0.0,0.0,,0.0,,,,,2.928,0.13,,,,,,2.921,,,0.12,0.0,,,2.702,0.0,,2.697,0.0,,100.215,34.032,,,,97.287,4.32,,97.079,,,,,2.702,0.12,,2.697,,,,,0.0,0.0,,0.0,
Uganda,2021,UGA,45853780.0,,,,,,2.617,0.12,2.727,,52.273,,,,,0.0,0.0,,,,,0.0,,4.2,4.4,,3.322,1.13,766.846,,,,2.835,0.13,,,2.955,,,,,0.0,0.0,,,,,,0.0,,0.23,,,,87.234,4.0,,90.909,,,,,93.122,4.27,,97.045,,-0.2,-4.762,,,,0.0,0.0,,0.0,,,,,2.835,0.13,,,,,,2.955,,,0.12,0.0,,,2.617,0.0,,2.727,0.0,,95.957,35.163,,,,93.122,4.27,,97.045,,,,,3.271,0.15,,3.409,,,,,0.0,0.0,,0.0,
Ukraine,1900,UKR,23480335.0,,,,,,,,,,,,,,,,,,,,,,,,,,,,,,,,,,,,,,,,,,,,,,0.0,0.0,,,,,,,,,,,,,,,,,,,,,,,,,,,,,,,,,,,,,,,,,,,,,,,,,,,,,,,,,,,,,,,,,,,,,,,,,,,,,,
Ukraine,1901,UKR,23699583.0,,,,,,,,,,,,,,,,,,,,,,,,,,,,,,,,,,,,,,,,,,,,,0.0,0.0,0.0,,,,,,,,,,,,,,,,,,,,,,,,,,,,,,,,,,,,,,,,,,,,,,,,,,,,,,,,,,,,,,,,,,,,,,,,,,,,,,
Ukraine,1902,UKR,23920877.0,,,,,,,,,,,,,,,,,,,,,,,,,,,,,,,,,,,,,,,,,,,,,0.0,0.0,0.0,,,,,,,,,,,,,,,,,,,,,,,,,,,,,,,,,,,,,,,,,,,,,,,,,,,,,,,,,,,,,,,,,,,,,,,,,,,,,,
Ukraine,1903,UKR,24144237.0,,,,,,,,,,,,,,,,,,,,,,,,,,,,,,,,,,,,,,,,,,,,,0.0,0.0,0.0,,,,,,,,,,,,,,,,,,,,,,,,,,,,,,,,,,,,,,,,,,,,,,,,,,,,,,,,,,,,,,,,,,,,,,,,,,,,,,
Ukraine,1904,UKR,24369682.0,,,,,,,,,,,,,,,,,,,,,,,,,,,,,,,,,,,,,,,,,,,,,0.0,0.0,0.0,,,,,,,,,,,,,,,,,,,,,,,,,,,,,,,,,,,,,,,,,,,,,,,,,,,,,,,,,,,,,,,,,,,,,,,,,,,,,,
Ukraine,1905,UKR,24597231.0,,,,,,,,,,,,,,,,,,,,,,,,,,,,,,,,,,,,,,,,,,,,,0.0,0.0,0.0,,,,,,,,,,,,,,,,,,,,,,,,,,,,,,,,,,,,,,,,,,,,,,,,,,,,,,,,,,,,,,,,,,,,,,,,,,,,,,
Ukraine,1906,UKR,24826905.0,,,,,,,,,,,,,,,,,,,,,,,,,,,,,,,,,,,,,,,,,,,,,0.0,0.0,0.0,,,,,,,,,,,,,,,,,,,,,,,,,,,,,,,,,,,,,,,,,,,,,,,,,,,,,,,,,,,,,,,,,,,,,,,,,,,,,,
Ukraine,1907,UKR,25058722.0,,,,,,,,,,,,,,,,,,,,,,,,,,,,,,,,,,,,,,,,,,,,,0.0,0.0,0.0,,,,,,,,,,,,,,,,,,,,,,,,,,,,,,,,,,,,,,,,,,,,,,,,,,,,,,,,,,,,,,,,,,,,,,,,,,,,,,
Ukraine,1908,UKR,25292704.0,,,,,,,,,,,,,,,,,,,,,,,,,,,,,,,,,,,,,,,,,,,,,0.0,0.0,0.0,,,,,,,,,,,,,,,,,,,,,,,,,,,,,,,,,,,,,,,,,,,,,,,,,,,,,,,,,,,,,,,,,,,,,,,,,,,,,,
Ukraine,1909,UKR,25528869.0,,,,,,,,,,,,,,,,,,,,,,,,,,,,,,,,,,,,,,,,,,,,,0.0,0.0,0.0,,,,,,,,,,,,,,,,,,,,,,,,,,,,,,,,,,,,,,,,,,,,,,,,,,,,,,,,,,,,,,,,,,,,,,,,,,,,,,
Ukraine,1910,UKR,25767239.0,,,,,,,,,,,,,,,,,,,,,,,,,,,,,,,,,,,,,,,,,,,,,0.0,0.0,0.0,,,,,,,,,,,,,,,,,,,,,,,,,,,,,,,,,,,,,,,,,,,,,,,,,,,,,,,,,,,,,,,,,,,,,,,,,,,,,,
Ukraine,1911,UKR,26007834.0,,,,,,,,,,,,,,,,,,,,,,,,,,,,,,,,,,,,,,,,,,,,,0.0,0.0,0.0,,,,,,,,,,,,,,,,,,,,,,,,,,,,,,,,,,,,,,,,,,,,,,,,,,,,,,,,,,,,,,,,,,,,,,,,,,,,,,
Ukraine,1912,UKR,26250675.0,,,,,,,,,,,,,,,,,,,,,,,,,,,,,,,,,,,,,,,,,,,,,0.0,0.0,0.0,,,,,,,,,,,,,,,,,,,,,,,,,,,,,,,,,,,,,,,,,,,,,,,,,,,,,,,,,,,,,,,,,,,,,,,,,,,,,,
Ukraine,1913,UKR,26495782.0,,,,,,,,,,,,,,,,,,,,,,,,,,,,,,,,,,,,,,,,,,,,,0.0,0.0,0.0,,,,,,,,,,,,,,,,,,,,,,,,,,,,,,,,,,,,,,,,,,,,,,,,,,,,,,,,,,,,,,,,,,,,,,,,,,,,,,
Ukraine,1914,UKR,26743178.0,,,,,,,,,,,,,,,,,,,,,,,,,,,,,,,,,,,,,,,,,,,,,0.0,0.0,0.0,,,,,,,,,,,,,,,,,,,,,,,,,,,,,,,,,,,,,,,,,,,,,,,,,,,,,,,,,,,,,,,,,,,,,,,,,,,,,,
Ukraine,1915,UKR,26992883.0,,,,,,,,,,,,,,,,,,,,,,,,,,,,,,,,,,,,,,,,,,,,,0.0,0.0,0.0,,,,,,,,,,,,,,,,,,,,,,,,,,,,,,,,,,,,,,,,,,,,,,,,,,,,,,,,,,,,,,,,,,,,,,,,,,,,,,
Ukraine,1916,UKR,27244918.0,,,,,,,,,,,,,,,,,,,,,,,,,,,,,,,,,,,,,,,,,,,,,0.0,0.0,0.0,,,,,,,,,,,,,,,,,,,,,,,,,,,,,,,,,,,,,,,,,,,,,,,,,,,,,,,,,,,,,,,,,,,,,,,,,,,,,,
Ukraine,1917,UKR,27499306.0,,,,,,,,,,,,,,,,,,,,,,,,,,,,,,,,,,,,,,,,,,,,,0.0,0.0,0.0,,,,,,,,,,,,,,,,,,,,,,,,,,,,,,,,,,,,,,,,,,,,,,,,,,,,,,,,,,,,,,,,,,,,,,,,,,,,,,
Ukraine,1918,UKR,27751657.0,,,,,,,,,,,,,,,,,,,,,,,,,,,,,,,,,,,,,,,,,,,,,0.0,0.0,0.0,,,,,,,,,,,,,,,,,,,,,,,,,,,,,,,,,,,,,,,,,,,,,,,,,,,,,,,,,,,,,,,,,,,,,,,,,,,,,,
Ukraine,1919,UKR,28006323.0,,,,,,,,,,,,,,,,,,,,,,,,,,,,,,,,,,,,,,,,,,,,,0.0,0.0,0.0,,,,,,,,,,,,,,,,,,,,,,,,,,,,,,,,,,,,,,,,,,,,,,,,,,,,,,,,,,,,,,,,,,,,,,,,,,,,,,
Ukraine,1920,UKR,28263326.0,,,,,,,,,,,,,,,,,,,,,,,,,,,,,,,,,,,,,,,,,,,,,0.0,0.0,0.0,,,,,,,,,,,,,,,,,,,,,,,,,,,,,,,,,,,,,,,,,,,,,,,,,,,,,,,,,,,,,,,,,,,,,,,,,,,,,,
Ukraine,1921,UKR,28522687.0,,,,,,,,,,,,,,,,,,,,,,,,,,,,,,,,,,,,,,,,,,,,,0.0,0.0,0.0,,,,,,,,,,,,,,,,,,,,,,,,,,,,,,,,,,,,,,,,,,,,,,,,,,,,,,,,,,,,,,,,,,,,,,,,,,,,,,
Ukraine,1922,UKR,28784429.0,,,,,,,,,,,,,,,,,,,,,,,,,,,,,,,,,,,,,,,,,,,,,0.0,0.0,0.0,,,,,,,,,,,,,,,,,,,,,,,,,,,,,,,,,,,,,,,,,,,,,,,,,,,,,,,,,,,,,,,,,,,,,,,,,,,,,,
Ukraine,1923,UKR,29048572.0,,,,,,,,,,,,,,,,,,,,,,,,,,,,,,,,,,,,,,,,,,,,,0.0,0.0,0.0,,,,,,,,,,,,,,,,,,,,,,,,,,,,,,,,,,,,,,,,,,,,,,,,,,,,,,,,,,,,,,,,,,,,,,,,,,,,,,
Ukraine,1924,UKR,29315139.0,,,,,,,,,,,,,,,,,,,,,,,,,,,,,,,,,,,,,,,,,,,,,0.0,0.0,0.0,,,,,,,,,,,,,,,,,,,,,,,,,,,,,,,,,,,,,,,,,,,,,,,,,,,,,,,,,,,,,,,,,,,,,,,,,,,,,,
Ukraine,1925,UKR,29584153.0,,,,,,,,,,,,,,,,,,,,,,,,,,,,,,,,,,,,,,,,,,,,,0.0,0.0,0.0,,,,,,,,,,,,,,,,,,,,,,,,,,,,,,,,,,,,,,,,,,,,,,,,,,,,,,,,,,,,,,,,,,,,,,,,,,,,,,
Ukraine,1926,UKR,29855635.0,,,,,,,,,,,,,,,,,,,,,,,,,,,,,,,,,,,,,,,,,,,,,0.0,0.0,0.0,,,,,,,,,,,,,,,,,,,,,,,,,,,,,,,,,,,,,,,,,,,,,,,,,,,,,,,,,,,,,,,,,,,,,,,,,,,,,,
Ukraine,1927,UKR,30129608.0,,,,,,,,,,,,,,,,,,,,,,,,,,,,,,,,,,,,,,,,,,,,,0.0,0.0,0.0,,,,,,,,,,,,,,,,,,,,,,,,,,,,,,,,,,,,,,,,,,,,,,,,,,,,,,,,,,,,,,,,,,,,,,,,,,,,,,
Ukraine,1928,UKR,30406096.0,,,,,,,,,,,,,,,,,,,,,,,,,,,,,,,,,,,,,,,,,,,,,0.0,0.0,0.0,,,,,,,,,,,,,,,,,,,,,,,,,,,,,,,,,,,,,,,,,,,,,,,,,,,,,,,,,,,,,,,,,,,,,,,,,,,,,,
Ukraine,1929,UKR,30685120.0,,,,,,,,,,,,,,,,,,,,,,,,,,,,,,,,,,,,,,,,,,,,,0.0,0.0,0.0,,,,,,,,,,,,,,,,,,,,,,,,,,,,,,,,,,,,,,,,,,,,,,,,,,,,,,,,,,,,,,,,,,,,,,,,,,,,,,
Ukraine,1930,UKR,30966706.0,,,,,,,,,,,,,,,,,,,,,,,,,,,,,,,,,,,,,,,,,,,,,0.0,0.0,0.0,,,,,,,,,,,,,,,,,,,,,,,,,,,,,,,,,,,,,,,,,,,,,,,,,,,,,,,,,,,,,,,,,,,,,,,,,,,,,,
Ukraine,1931,UKR,31250875.0,,,,,,,,,,,,,,,,,,,,,,,,,,,,,,,,,,,,,,,,,,,,,0.0,0.0,0.0,,,,,,,,,,,,,,,,,,,,,,,,,,,,,,,,,,,,,,,,,,,,,,,,,,,,,,,,,,,,,,,,,,,,,,,,,,,,,,
Ukraine,1932,UKR,31537652.0,,,,,,,,,,,,,,,,,,,,,,,,,,,,,,,,,,,,,,,,,,,,,0.0,0.0,0.0,,,,,,,,,,,,,,,,,,,,,,,,,,,,,,,,,,,,,,,,,,,,,,,,,,,,,,,,,,,,,,,,,,,,,,,,,,,,,,
Ukraine,1933,UKR,31827060.0,,,,,,,,,,,,,,,,,,,,,,,,,,,,,,,,,,,,,,,,,,,,,0.0,0.0,0.0,,,,,,,,,,,,,,,,,,,,,,,,,,,,,,,,,,,,,,,,,,,,,,,,,,,,,,,,,,,,,,,,,,,,,,,,,,,,,,
Ukraine,1934,UKR,32119125.0,,,,,,,,,,,,,,,,,,,,,,,,,,,,,,,,,,,,,,,,,,,,,0.0,0.0,0.0,,,,,,,,,,,,,,,,,,,,,,,,,,,,,,,,,,,,,,,,,,,,,,,,,,,,,,,,,,,,,,,,,,,,,,,,,,,,,,
Ukraine,1935,UKR,32413869.0,,,,,,,,,,,,,,,,,,,,,,,,,,,,,,,,,,,,,,,,,,,,,0.0,0.0,0.0,,,,,,,,,,,,,,,,,,,,,,,,,,,,,,,,,,,,,,,,,,,,,,,,,,,,,,,,,,,,,,,,,,,,,,,,,,,,,,
Ukraine,1936,UKR,32711319.0,,,,,,,,,,,,,,,,,,,,,,,,,,,,,,,,,,,,,,,,,,,,,0.0,0.0,0.0,,,,,,,,,,,,,,,,,,,,,,,,,,,,,,,,,,,,,,,,,,,,,,,,,,,,,,,,,,,,,,,,,,,,,,,,,,,,,,
Ukraine,1937,UKR,33011498.0,,,,,,,,,,,,,,,,,,,,,,,,,,,,,,,,,,,,,,,,,,,,,0.0,0.0,0.0,,,,,,,,,,,,,,,,,,,,,,,,,,,,,,,,,,,,,,,,,,,,,,,,,,,,,,,,,,,,,,,,,,,,,,,,,,,,,,
Ukraine,1938,UKR,33314431.0,,,,,,,,,,,,,,,,,,,,,,,,,,,,,,,,,,,,,,,,,,,,,0.0,0.0,0.0,,,,,,,,,,,,,,,,,,,,,,,,,,,,,,,,,,,,,,,,,,,,,,,,,,,,,,,,,,,,,,,,,,,,,,,,,,,,,,
Ukraine,1939,UKR,33620144.0,,,,,,,,,,,,,,,,,,,,,,,,,,,,,,,,,,,,,,,,,,,,,0.0,0.0,0.0,,,,,,,,,,,,,,,,,,,,,,,,,,,,,,,,,,,,,,,,,,,,,,,,,,,,,,,,,,,,,,,,,,,,,,,,,,,,,,
Ukraine,1940,UKR,33928663.0,,,,,,,,,,,,,,,,,,,,,,,,,,,,,,,,,,,,,,,,,,,,,0.0,0.0,0.0,,,,,,,,,,,,,,,,,,,,,,,,,,,,,,,,,,,,,,,,,,,,,,,,,,,,,,,,,,,,,,,,,,,,,,,,,,,,,,
Ukraine,1941,UKR,34240013.0,,,,,,,,,,,,,,,,,,,,,,,,,,,,,,,,,,,,,,,,,,,,,0.0,0.0,0.0,,,,,,,,,,,,,,,,,,,,,,,,,,,,,,,,,,,,,,,,,,,,,,,,,,,,,,,,,,,,,,,,,,,,,,,,,,,,,,
Ukraine,1942,UKR,34554220.0,,,,,,,,,,,,,,,,,,,,,,,,,,,,,,,,,,,,,,,,,,,,,0.0,0.0,0.0,,,,,,,,,,,,,,,,,,,,,,,,,,,,,,,,,,,,,,,,,,,,,,,,,,,,,,,,,,,,,,,,,,,,,,,,,,,,,,
Ukraine,1943,UKR,34871311.0,,,,,,,,,,,,,,,,,,,,,,,,,,,,,,,,,,,,,,,,,,,,,0.0,0.0,0.0,,,,,,,,,,,,,,,,,,,,,,,,,,,,,,,,,,,,,,,,,,,,,,,,,,,,,,,,,,,,,,,,,,,,,,,,,,,,,,
Ukraine,1944,UKR,35191311.0,,,,,,,,,,,,,,,,,,,,,,,,,,,,,,,,,,,,,,,,,,,,,0.0,0.0,0.0,,,,,,,,,,,,,,,,,,,,,,,,,,,,,,,,,,,,,,,,,,,,,,,,,,,,,,,,,,,,,,,,,,,,,,,,,,,,,,
Ukraine,1945,UKR,35514248.0,,,,,,,,,,,,,,,,,,,,,,,,,,,,,,,,,,,,,,,,,,,,,0.0,0.0,0.0,,,,,,,,,,,,,,,,,,,,,,,,,,,,,,,,,,,,,,,,,,,,,,,,,,,,,,,,,,,,,,,,,,,,,,,,,,,,,,
Ukraine,1946,UKR,35840148.0,,,,,,,,,,,,,,,,,,,,,,,,,,,,,,,,,,,,,,,,,,,,,0.0,0.0,0.0,,,,,,,,,,,,,,,,,,,,,,,,,,,,,,,,,,,,,,,,,,,,,,,,,,,,,,,,,,,,,,,,,,,,,,,,,,,,,,
Ukraine,1947,UKR,36169039.0,,,,,,,,,,,,,,,,,,,,,,,,,,,,,,,,,,,,,,,,,,,,,0.0,0.0,0.0,,,,,,,,,,,,,,,,,,,,,,,,,,,,,,,,,,,,,,,,,,,,,,,,,,,,,,,,,,,,,,,,,,,,,,,,,,,,,,
Ukraine,1948,UKR,36500948.0,,,,,,,,,,,,,,,,,,,,,,,,,,,,,,,,,,,,,,,,,,,,,0.0,0.0,0.0,,,,,,,,,,,,,,,,,,,,,,,,,,,,,,,,,,,,,,,,,,,,,,,,,,,,,,,,,,,,,,,,,,,,,,,,,,,,,,
Ukraine,1949,UKR,36878582.0,,,,,,,,,,,,,,,,,,,,,,,,,,,,,,,,,,,,,,,,,,,,,0.0,0.0,0.0,,,,,,,,,,,,,,,,,,,,,,,,,,,,,,,,,,,,,,,,,,,,,,,,,,,,,,,,,,,,,,,,,,,,,,,,,,,,,,
Ukraine,1950,UKR,37303000.0,,,,,,,,,,,,,,,,,,,,,,,,,,,,,,,,,,,,,,,,,,,,,0.0,0.0,0.0,,,,,,,,,,,,,,,,,,,,,,,,,,,,,,,,,,,,,,,,,,,,,,,,,,,,,,,,,,,,,,,,,,,,,,,,,,,,,,
Ukraine,1951,UKR,37783280.0,,,,,,,,,,,,,,,,,,,,,,,,,,,,,,,,,,,,,,,,,,,,,0.0,0.0,0.0,,,,,,,,,,,,,,,,,,,,,,,,,,,,,,,,,,,,,,,,,,,,,,,,,,,,,,,,,,,,,,,,,,,,,,,,,,,,,,
Ukraine,1952,UKR,38271728.0,,,,,,,,,,,,,,,,,,,,,,,,,,,,,,,,,,,,,,,,,,,,,0.0,0.0,0.0,,,,,,,,,,,,,,,,,,,,,,,,,,,,,,,,,,,,,,,,,,,,,,,,,,,,,,,,,,,,,,,,,,,,,,,,,,,,,,
Ukraine,1953,UKR,38768516.0,,,,,,,,,,,,,,,,,,,,,,,,,,,,,,,,,,,,,,,,,,,,,0.0,0.0,0.0,,,,,,,,,,,,,,,,,,,,,,,,,,,,,,,,,,,,,,,,,,,,,,,,,,,,,,,,,,,,,,,,,,,,,,,,,,,,,,
Ukraine,1954,UKR,39287992.0,,,,,,,,,,,,,,,,,,,,,,,,,,,,,,,,,,,,,,,,,,,,,0.0,0.0,0.0,,,,,,,,,,,,,,,,,,,,,,,,,,,,,,,,,,,,,,,,,,,,,,,,,,,,,,,,,,,,,,,,,,,,,,,,,,,,,,
Ukraine,1955,UKR,39836516.0,,,,,,,,,,,,,,,,,,,,,,,,,,,,,,,,,,,,,,,,,,,,,0.0,0.0,0.0,,,,,,,,,,,,,,,,,,,,,,,,,,,,,,,,,,,,,,,,,,,,,,,,,,,,,,,,,,,,,,,,,,,,,,,,,,,,,,
Ukraine,1956,UKR,40398812.0,,,,,,,,,,,,,,,,,,,,,,,,,,,,,,,,,,,,,,,,,,,,,0.0,0.0,0.0,,,,,,,,,,,,,,,,,,,,,,,,,,,,,,,,,,,,,,,,,,,,,,,,,,,,,,,,,,,,,,,,,,,,,,,,,,,,,,
Ukraine,1957,UKR,40977532.0,,,,,,,,,,,,,,,,,,,,,,,,,,,,,,,,,,,,,,,,,,,,,0.0,0.0,0.0,,,,,,,,,,,,,,,,,,,,,,,,,,,,,,,,,,,,,,,,,,,,,,,,,,,,,,,,,,,,,,,,,,,,,,,,,,,,,,
Ukraine,1958,UKR,41559368.0,,,,,,,,,,,,,,,,,,,,,,,,,,,,,,,,,,,,,,,,,,,,,0.0,0.0,0.0,,,,,,,,,,,,,,,,,,,,,,,,,,,,,,,,,,,,,,,,,,,,,,,,,,,,,,,,,,,,,,,,,,,,,,,,,,,,,,
Ukraine,1959,UKR,42154896.0,,,,,,,,,,,,,,,,,,,,,,,,,,,,,,,,,,,,,,,,,,,,,0.0,0.0,0.0,,,,,,,,,,,,,,,,,,,,,,,,,,,,,,,,,,,,,,,,,,,,,,,,,,,,,,,,,,,,,,,,,,,,,,,,,,,,,,
Ukraine,1960,UKR,42767252.0,,,,,,,,,,,,,,,,,,,,,,,,,,,,,,,,,,,,,,,,,,,,,0.0,0.0,0.0,,,,,,,,,,,,,,,,,,,,,,,,,,,,,,,,,,,,,,,,,,,,,,,,,,,,,,,,,,,,,,,,,,,,,,,,,,,,,,
Ukraine,1961,UKR,43365224.0,,,,,,,,,,,,,,,,,,,,,,,,,,,,,,,,,,,,,,,,,,,,,0.0,0.0,0.0,,,,,,,,,,,,,,,,,,,,,,,,,,,,,,,,,,,,,,,,,,,,,,,,,,,,,,,,,,,,,,,,,,,,,,,,,,,,,,
Ukraine,1962,UKR,43924756.0,,,,,,,,,,,,,,,,,,,,,,,,,,,,,,,,,,,,,,,,,,,,,0.0,0.0,0.0,,,,,,,,,,,,,,,,,,,,,,,,,,,,,,,,,,,,,,,,,,,,,,,,,,,,,,,,,,,,,,,,,,,,,,,,,,,,,,
Ukraine,1963,UKR,44445912.0,,,,,,,,,,,,,,,,,,,,,,,,,,,,,,,,,,,,,,,,,,,,,0.0,0.0,0.0,,,,,,,,,,,,,,,,,,,,,,,,,,,,,,,,,,,,,,,,,,,,,,,,,,,,,,,,,,,,,,,,,,,,,,,,,,,,,,
Ukraine,1964,UKR,44941408.0,,,,,,,,,,,,,,,,,,,,,,,,,,,,,,,,,,,,,,,,,,,,,0.0,0.0,0.0,,,,,,,,,,,,,,,,,,,,,,,,,,,,,,,,,,,,,,,,,,,,,,,,,,,,,,,,,,,,,,,,,,,,,,,,,,,,,,
Ukraine,1965,UKR,45387092.0,,,,,,,,,,,,,,,,,,,,,,,,,,,,,,,,,,,,,,,,,,,,,0.0,0.0,0.0,,,,,,,,,,,,,,,,,,,,,,,,,,,,,,,,,,,,,,,,,,,,,,,,,,,,,,,,,,,,,,,,,,,,,,,,,,,,,,
Ukraine,1966,UKR,45809132.0,,,,,,,,,,,,,,,,,,,,,,,,,,,,,,,,,,,,,,,,,,,,,0.0,0.0,0.0,,,,,,,,,,,,,,,,,,,,,,,,,,,,,,,,,,,,,,,,,,,,,,,,,,,,,,,,,,,,,,,,,,,,,,,,,,,,,,
Ukraine,1967,UKR,46235376.0,,,,,,,,,,,,,,,,,,,,,,,,,,,,,,,,,,,,,,,,,,,,,0.0,0.0,0.0,,,,,,,,,,,,,,,,,,,,,,,,,,,,,,,,,,,,,,,,,,,,,,,,,,,,,,,,,,,,,,,,,,,,,,,,,,,,,,
Ukraine,1968,UKR,46635196.0,,,,,,,,,,,,,,,,,,,,,,,,,,,,,,,,,,,,,,,,,,,,,0.0,0.0,0.0,,,,,,,,,,,,,,,,,,,,,,,,,,,,,,,,,,,,,,,,,,,,,,,,,,,,,,,,,,,,,,,,,,,,,,,,,,,,,,
Ukraine,1969,UKR,46990888.0,,,,,,,,,,,,,,,,,,,,,,,,,,,,,,,,,,,,,,,,,,,,,0.0,0.0,0.0,,,,,,,,,,,,,,,,,,,,,,,,,,,,,,,,,,,,,,,,,,,,,,,,,,,,,,,,,,,,,,,,,,,,,,,,,,,,,,
Ukraine,1970,UKR,47279088.0,,,,,,,,,,,,,,,,,,,,,,,,,,,,,,,,,,,,,,,,,,,,,0.0,0.0,0.0,,,,,,,,,,,,,,,,,,,,,,,,,,,,,,,,,,,,,,,,,,,,,,,,,,,,,,,,,,,,,,,,,,,,,,,,,,,,,,
Ukraine,1971,UKR,47597756.0,,,,,,,,,,,,,,,,,,,,,,,,,,,,,,,,,,,,,,,,,,,,,0.0,0.0,0.0,,,,,,,,,,,,,,,,,,,,,,,,,,,,,,,,,,,,,,,,,,,,,,,,,,,,,,,,,,,,,,,,,,,,,,,,,,,,,,
Ukraine,1972,UKR,47974192.0,,,,,,,,,,,,,,,,,,,,,,,,,,,,,,,,,,,,,,,,,,,,,0.0,0.0,0.0,,,,,,,,,,,,,,,,,,,,,,,,,,,,,,,,,,,,,,,,,,,,,,,,,,,,,,,,,,,,,,,,,,,,,,,,,,,,,,
Ukraine,1973,UKR,48301548.0,379632582656.0,,,,,,,,,,,,,,,,,,,,,,,,,,,,,,,,,,,,,,,,,,,,0.0,0.0,0.0,,,,,,,,,,,,,,,,,,,,,,,,,,,,,,,,,,,,,,,,,,,,,,,,,,,,,,,,,,,,,,,,,,,,,,,,,,,,,,
Ukraine,1974,UKR,48602696.0,,,,,,,,,,,,,,,,,,,,,,,,,,,,,,,,,,,,,,,,,,,,,0.0,0.0,0.0,,,,,,,,,,,,,,,,,,,,,,,,,,,,,,,,,,,,,,,,,,,,,,,,,,,,,,,,,,,,,,,,,,,,,,,,,,,,,,
Ukraine,1975,UKR,48892180.0,,,,,,,,,,,,,,,,,,,,,,,,,,,,,,,,,,,,,,,,,,,,,0.0,0.0,0.0,,,,,,,,,,,,,,,,,,,,,,,,,,,,,,,,,,,,,,,,,,,,,,,,,,,,,,,,,,,,,,,,,,,,,,,,,,,,,,
Ukraine,1976,UKR,49144536.0,,,,,,,,,,,,,,,,,,,,,,,,,,,,,,,,,,,,,,,,,,,,,0.0,0.0,0.0,,,,,,,,,,,,,,,,,,,,,,,,,,,,,,,,,,,,,,,,,,,,,,,,,,,,,,,,,,,,,,,,,,,,,,,,,,,,,,
Ukraine,1977,UKR,49357432.0,,,,,,,,,,,,,,,,,,,,,,,,,,,,,,,,,,,,,,,,,,,,,0.0,0.0,0.0,,,,,,,,,,,,,,,,,,,,,,,,,,,,,,,,,,,,,,,,,,,,,,,,,,,,,,,,,,,,,,,,,,,,,,,,,,,,,,
Ukraine,1978,UKR,49536616.0,,,,,,,,,,,,,,,,,,,,,,,,,,,,,,,,,,,,,,,,,,,,,0.0,0.0,0.0,,,,,,,,,,,,,,,,,,,,,,,,,,,,,,,,,,,,,,,,,,,,,,,,,,,,,,,,,,,,,,,,,,,,,,,,,,,,,,
Ukraine,1979,UKR,49739736.0,,,,,,,,,,,,,,,,,,,,,,,,,,,,,,,,,,,,,,,,,,,,,0.0,0.0,0.0,,,,,,,,,,,,,,,,,,,,,,,,,,,,,,,,,,,,,,,,,,,,,,,,,,,,,,,,,,,,,,,,,,,,,,,,,,,,,,
Ukraine,1985,UKR,50917392.0,478213668864.0,,,,,,,,,,,,19402.254,987.912,2197.802,111.906,,,21289.104,1083.986,41.142,35.528,,272.0,9.782,,,54611.195,5.815,,,4084.667,207.981,51018.395,2597.724,76.463,93.421,,,849.915,961.53,48.959,16692.035,,405.821,7970.185,405.821,17.999,30.565,,,,31.677,210.392,10.713,622.128,3.938,1.139,,,182.936,1046.927,53.307,3592.799,19.598,6.579,,,,,151.259,1046.927,53.307,2970.672,19.598,5.44,,,759.896,925.335,47.116,14924.104,,,,,17.322,27.328,,,,,,,,,,,,5341.986,2780.66,,,31.677,,,622.128,,1.139,,,,,,,,,,,,,,,,
Ukraine,1986,UKR,51076744.0,480702431232.0,,,,,,,,,,-0.722,-7.129,19202.156,980.784,2310.565,118.016,2.422,26.258,21736.779,1110.244,43.277,35.116,,272.7,9.764,0.442,12.287,54681.379,5.81,1.637,42.528,4294.239,219.336,51691.855,2640.252,80.431,94.533,5.536,47.051,896.966,1010.863,51.632,17561.139,-7.416,-30.096,7356.091,375.725,18.933,32.115,,-0.536,-0.17,31.507,208.611,10.655,616.861,3.907,1.128,-16.644,-30.241,152.695,836.175,42.709,2989.519,15.662,5.467,,,-19.881,-30.071,121.188,836.175,42.709,2372.658,15.662,4.339,0.343,2.606,762.502,972.811,49.688,14928.564,,,,,18.221,27.301,,,,,,,,,,,,5339.025,2792.947,-0.536,-0.17,31.507,,,616.861,,1.128,,,,,,,,,,,,,,,,
Ukraine,1987,UKR,51236432.0,494152253440.0,,,,,,,,,,-0.909,-8.911,18968.393,971.873,2325.883,119.17,-1.111,-12.333,21428.316,1097.911,42.334,34.071,,281.5,9.869,2.132,59.539,55673.0,5.772,1.545,40.781,4322.708,221.48,52326.684,2681.032,78.679,93.989,2.166,19.425,916.391,1017.565,52.136,17885.533,-10.327,-38.803,6575.834,336.922,18.521,32.126,,-9.954,-3.136,28.371,187.26,9.595,553.725,3.408,0.995,12.472,18.759,171.454,984.17,50.425,3346.321,17.913,6.011,,,18.067,21.895,143.083,984.17,50.425,2792.597,17.913,5.016,3.969,30.266,792.769,979.26,50.174,15472.758,,,,,17.824,27.792,,,,,,,,,,,,5494.137,2852.486,-9.954,-3.136,28.371,,,553.725,,0.995,,,,,,,,,,,,,,,,
Ukraine,1988,UKR,51372376.0,499008438272.0,,,,,,,,,,-5.685,-55.247,17842.775,916.626,2233.703,114.751,-0.571,-6.264,21249.678,1091.646,38.611,32.102,,297.2,10.409,0.1,2.865,55581.434,5.722,-2.434,-65.269,4151.39,213.267,50917.699,2615.763,71.759,91.609,5.973,54.74,971.131,977.237,50.203,18903.764,-8.989,-30.285,5968.911,306.637,16.892,34.011,,24.367,6.913,35.284,232.272,11.932,686.827,4.015,1.236,39.842,68.134,239.587,1401.548,72.001,4663.741,24.226,8.391,,,42.787,61.221,204.304,1401.548,72.001,3976.914,24.226,7.155,-8.169,-64.763,728.006,940.45,48.313,14171.157,,,,,16.256,25.496,,,,,,,,,,,,5785.211,2855.35,24.367,6.913,35.284,,,686.827,,1.236,,,,,,,,,,,,,,,,
Ukraine,1989,UKR,51494548.0,519237894144.0,,,,,,,,,,-8.814,-80.791,16231.512,835.834,2284.698,117.649,-5.999,-65.487,19927.527,1026.159,39.841,30.594,,295.3,10.809,-4.318,-123.293,53055.266,5.262,-3.915,-102.4,4246.165,218.654,48808.344,2513.364,74.045,91.995,1.091,10.59,981.722,999.547,51.471,19064.574,-4.938,-15.143,5660.688,291.495,17.43,35.933,,-15.111,-5.332,29.952,196.706,10.129,581.656,3.43,1.096,-8.683,-20.894,218.693,1291.717,66.516,4246.922,22.525,8.005,,,-7.617,-15.562,188.741,1291.717,66.516,3665.267,22.525,6.908,-4.423,-32.198,695.808,961.92,49.534,13512.257,,,,,16.774,25.468,,,,,,,,,,,,5734.587,2732.057,-15.111,-5.332,29.952,,,581.656,,1.096,,,,,,,,,,,,,,,,
Ukraine,1990,UKR,51589816.0,495935193088.0,,,0.0,0.0,0.0,0.0,0.0,0.0,,15.565,130.098,18723.311,965.932,2169.614,111.93,-1.616,-16.58,19569.355,1009.579,37.482,30.235,270.15,298.62,9.347,16.934,462.64,61924.961,6.442,17.271,434.085,4107.981,211.93,57132.367,2947.448,70.97,92.261,23.22,227.952,1209.674,967.051,49.89,23447.924,-8.766,-25.553,5154.922,265.941,16.707,37.865,,3.798,1.138,31.09,203.722,10.51,602.634,3.52,0.973,13.109,28.555,247.249,1680.37,86.69,4792.59,29.03,7.739,-28.47,-10.539,14.527,27.418,216.159,1476.648,76.18,4189.956,25.511,6.766,10.928,76.035,771.842,971.316,50.11,14961.133,,,,,16.781,24.16,0.0,0.0,0.0,,,0.0,0.0,0.0,0.0,0.0,0.0,5788.352,3194.697,3.798,1.138,31.09,203.722,10.51,602.634,3.52,0.973,,,0.0,0.0,0.0,0.0,0.0,0.0,,,0.0,0.0,0.0,0.0,0.0,0.0
Ukraine,1991,UKR,51672816.0,460353470464.0,,0.0,0.0,0.0,0.0,0.0,0.0,0.0,,-11.237,-108.541,16592.689,857.391,2025.823,104.68,-14.957,-151.007,16615.557,858.573,37.591,28.632,263.66,278.47,9.299,-6.264,-200.129,57952.484,6.505,-6.809,-200.692,3708.526,191.63,53156.699,2746.756,68.815,91.725,-4.977,-60.206,1149.468,898.538,46.43,22245.125,-13.167,-35.017,4468.97,230.924,16.673,38.385,,11.375,3.537,34.626,226.618,11.71,670.108,4.205,1.156,0.171,0.563,247.812,1680.574,86.84,4795.784,31.185,8.275,-14.81,-5.617,-1.376,-2.974,213.185,1453.956,75.13,4125.677,26.98,7.119,-4.139,-31.945,739.897,784.165,40.52,14318.887,,,,,14.551,24.708,0.0,0.0,0.0,,0.0,0.0,0.0,0.0,0.0,0.0,0.0,5389.101,2994.568,11.375,3.537,34.626,226.618,11.71,670.108,4.205,1.156,,0.0,0.0,0.0,0.0,0.0,0.0,0.0,,0.0,0.0,0.0,0.0,0.0,0.0,0.0
Ukraine,1992,UKR,51785152.0,421710462976.0,,0.0,0.0,0.0,0.0,0.0,0.0,0.0,,-1.565,-13.418,16297.591,843.973,2007.139,103.94,-5.071,-43.534,15738.846,815.039,41.194,33.351,247.23,252.32,9.971,-15.495,-464.015,48866.383,6.001,-16.339,-448.78,3296.119,170.69,44375.195,2297.976,67.648,90.809,-14.747,-169.516,979.952,815.678,42.24,18923.412,-13.934,-32.178,3837.901,198.746,16.741,38.725,,-32.681,-11.316,23.31,152.167,7.88,450.128,3.123,0.921,-5.997,-15.235,232.577,1576.32,81.63,4491.185,32.352,9.191,-5.09,-2.059,-1.838,-3.919,209.267,1424.153,73.75,4041.056,29.229,8.27,-35.93,-265.846,474.051,473.302,24.51,9154.193,,,1084.182,56.145,9.714,18.733,0.0,0.0,0.0,,0.0,0.0,0.0,0.0,0.0,0.0,0.0,4872.439,2530.553,-32.681,-11.316,23.31,152.167,7.88,450.128,3.123,0.921,,0.0,0.0,0.0,0.0,0.0,0.0,0.0,,0.0,0.0,0.0,0.0,0.0,0.0,0.0
Ukraine,1993,UKR,51778420.0,367893643264.0,,0.0,0.0,0.0,0.0,0.0,0.0,0.0,,-10.934,-92.279,14517.511,751.694,1657.254,85.81,-14.812,-120.725,13409.324,694.314,37.356,33.886,228.17,229.71,10.355,-12.34,-312.275,42841.754,6.03,-14.18,-325.843,2770.073,143.43,38087.934,1972.133,62.44,88.904,-10.27,-100.641,879.31,751.085,38.89,16982.182,-8.571,-17.035,3509.395,181.711,16.93,39.639,,40.036,9.332,32.642,213.216,11.04,630.421,4.806,1.472,5.695,13.569,246.145,1666.331,86.28,4753.821,37.56,11.096,-1.54,-0.675,2.024,4.236,213.503,1453.115,75.24,4123.4,32.754,9.625,-28.04,-132.923,341.129,361.734,18.73,6588.241,-5.418,-3.042,1025.572,53.102,8.154,15.378,0.0,0.0,0.0,,0.0,0.0,0.0,0.0,0.0,0.0,0.0,4436.404,2218.278,40.036,9.332,32.642,213.216,11.04,630.421,4.806,1.472,,0.0,0.0,0.0,0.0,0.0,0.0,0.0,,0.0,0.0,0.0,0.0,0.0,0.0,0.0
Ukraine,1994,UKR,51487376.0,288418693120.0,,0.0,0.0,0.0,0.0,0.0,0.0,0.0,,-20.188,-151.75,11652.24,599.943,1464.242,75.39,-17.709,-122.955,11097.056,571.358,37.187,31.645,201.69,202.73,10.693,-14.535,-322.427,36821.68,6.573,-15.591,-307.471,2364.852,121.76,32331.451,1664.662,60.06,87.805,-12.45,-109.471,769.839,665.406,34.26,14951.996,-5.208,-9.464,3345.418,172.247,16.899,40.607,,9.774,3.191,35.833,235.397,12.12,695.953,5.978,1.89,-6.161,-14.955,231.19,1572.618,80.97,4490.227,39.94,12.195,-1.04,-0.516,-8.499,-18.146,195.357,1337.221,68.85,3794.274,33.961,10.304,-13.558,-46.249,294.879,235.203,12.11,5727.214,-0.21,-0.111,1029.207,52.991,5.973,15.554,0.0,0.0,0.0,,0.0,0.0,0.0,0.0,0.0,0.0,0.0,3937.47,1895.852,9.774,3.191,35.833,235.397,12.12,695.953,5.978,1.89,,0.0,0.0,0.0,0.0,0.0,0.0,0.0,,0.0,0.0,0.0,0.0,0.0,0.0,0.0
Ukraine,1995,UKR,51061268.0,257477951488.0,,0.0,0.0,0.0,0.0,0.0,0.0,0.0,,-1.137,-6.819,11615.942,593.125,1343.68,68.61,-12.928,-73.868,9743.016,497.491,35.399,32.065,190.87,193.82,10.478,-2.431,-46.097,36226.188,7.184,-2.67,-44.448,2219.882,113.35,31730.785,1620.214,58.482,87.591,-6.308,-48.56,721.279,640.995,32.73,14125.751,-6.714,-11.565,3146.84,160.682,16.887,38.993,,-17.866,-6.402,29.431,194.864,9.95,576.384,5.134,1.591,-0.605,-1.649,229.541,1575.95,80.47,4495.403,41.518,12.409,-2.95,-1.546,2.433,4.753,200.11,1381.086,70.52,3919.019,36.384,10.818,3.707,10.931,305.811,235.208,12.01,5989.093,-2.726,-1.444,1009.509,51.547,6.196,16.532,0.0,0.0,0.0,,0.0,0.0,0.0,0.0,0.0,0.0,0.0,3795.832,1849.755,-17.866,-6.402,29.431,194.864,9.95,576.384,5.134,1.591,,0.0,0.0,0.0,0.0,0.0,0.0,0.0,,0.0,0.0,0.0,0.0,0.0,0.0,0.0
Ukraine,1996,UKR,50616104.0,235602706432.0,,0.0,0.0,0.0,0.0,0.0,0.0,0.0,,-24.754,-146.82,8817.454,446.305,1083.055,54.82,-24.348,-121.127,7435.659,376.364,29.989,25.887,180.78,182.8,10.603,-6.795,-125.683,34061.734,7.318,-9.102,-147.468,1868.773,94.59,29096.404,1472.747,51.745,85.423,15.992,115.349,836.627,657.498,33.28,16528.877,1.096,1.76,3209.294,162.442,18.206,48.526,,-13.272,-3.906,25.525,170.499,8.63,504.281,4.721,1.48,9.609,21.785,251.326,1742.726,88.21,4965.33,48.255,14.577,-2.02,-1.117,12.838,25.691,225.801,1572.227,79.58,4461.049,43.534,13.097,-37.931,-115.997,189.814,128.22,6.49,3750.073,0.778,0.401,1026.311,51.948,3.55,11.01,0.0,0.0,0.0,,0.0,0.0,0.0,0.0,0.0,0.0,0.0,3611.499,1724.072,-13.272,-3.906,25.525,170.499,8.63,504.281,4.721,1.48,,0.0,0.0,0.0,0.0,0.0,0.0,0.0,,0.0,0.0,0.0,0.0,0.0,0.0,0.0
Ukraine,1997,UKR,50169352.0,232333279232.0,,0.0,0.0,0.0,0.0,0.0,0.0,0.0,,-2.437,-10.877,8679.17,435.428,1070.773,53.72,3.756,14.138,7783.669,390.502,30.21,26.185,177.67,177.82,10.693,-3.549,-61.183,33145.512,7.157,-4.372,-64.394,1764.623,88.53,28071.971,1408.353,49.786,84.693,-9.955,-83.284,753.343,618.306,31.02,15016.003,1.486,2.413,3285.977,164.855,17.445,45.303,,14.18,3.619,29.144,196.534,9.86,580.914,5.545,1.753,1.224,3.211,254.536,1779.772,89.29,5073.544,50.214,15.307,-0.15,-0.084,-0.181,-0.409,225.392,1583.238,79.43,4492.63,44.669,13.554,15.682,29.767,219.581,75.544,3.79,4376.796,-0.131,-0.068,1034.094,51.88,2.131,13.205,0.0,0.0,0.0,,0.0,0.0,0.0,0.0,0.0,0.0,0.0,3544.395,1662.889,14.18,3.619,29.144,196.534,9.86,580.914,5.545,1.753,,0.0,0.0,0.0,0.0,0.0,0.0,0.0,,0.0,0.0,0.0,0.0,0.0,0.0,0.0
Ukraine,1998,UKR,49745868.0,231737278464.0,,0.0,0.0,0.0,0.0,0.0,0.0,0.0,,2.482,10.806,8970.272,446.234,981.589,48.83,2.36,9.217,8035.218,399.719,28.283,27.809,171.98,172.65,10.759,-3.502,-58.235,32257.029,6.924,-4.526,-63.739,1641.744,81.67,27029.648,1344.613,47.304,83.795,-7.412,-55.838,697.505,586.983,29.2,14021.364,-3.772,-6.218,3188.957,158.637,16.913,43.468,,59.69,17.396,46.54,316.408,15.74,935.556,9.117,2.9,1.895,5.504,260.041,1828.896,90.98,5227.383,52.696,16.205,-0.67,-0.39,-5.28,-11.901,213.492,1512.487,75.24,4291.648,43.579,13.305,-8.519,-18.707,200.874,73.172,3.64,4038.012,-5.353,-2.777,987.067,49.103,2.108,12.518,0.0,0.0,0.0,,0.0,0.0,0.0,0.0,0.0,0.0,0.0,3470.64,1604.654,59.72,17.405,46.549,316.408,15.74,935.734,9.117,2.901,,0.0,0.0,0.0,0.0,0.0,0.0,0.0,,0.009,0.009,0.0,0.0,0.178,0.0,0.001
Ukraine,1999,UKR,49320116.0,235148296192.0,,0.0,0.0,0.0,0.0,0.0,0.0,0.0,,-1.087,-4.851,8949.346,441.383,1065.488,52.55,5.577,22.293,8556.579,422.011,30.563,27.925,168.5,171.94,10.878,-1.5,-24.07,32047.443,6.722,-0.809,-10.88,1734.586,85.55,27042.381,1333.733,49.756,84.382,6.242,43.535,741.04,613.34,30.25,15025.104,0.796,1.263,3242.102,159.901,17.593,46.884,,-8.99,-4.184,42.356,290.348,14.32,858.796,8.328,2.68,-5.044,-13.19,246.85,1751.618,86.39,5005.063,50.244,15.618,-3.44,-2.042,-4.219,-9.006,204.486,1461.27,72.07,4146.087,41.916,12.937,-24.674,-49.564,151.311,55.758,2.75,3067.932,-3.092,-1.518,964.806,47.584,1.599,9.573,0.0,0.0,0.0,,0.0,0.0,0.0,0.0,0.0,0.0,0.0,3486.204,1580.584,-8.989,-4.184,42.365,290.348,14.32,858.976,8.328,2.68,,0.0,0.0,0.0,0.0,0.0,0.0,0.0,0.0,0.0,0.009,0.0,0.0,0.18,0.0,0.001
Ukraine,2000,UKR,48879752.0,253196058624.0,,0.0,0.0,0.0,0.0,0.0,0.0,0.0,343.318,1.563,6.899,9171.106,448.281,1028.238,50.26,0.162,0.685,8647.674,422.696,29.345,28.275,167.42,171.27,10.803,0.308,4.873,32435.855,6.262,-0.082,-1.088,1690.884,82.65,27263.754,1332.646,48.257,84.054,0.128,0.946,741.986,612.728,29.95,15179.827,-1.264,-2.021,3229.973,157.88,17.487,46.8,58.8,-21.293,-9.019,33.337,230.566,11.27,682.023,6.58,2.103,2.58,5.961,252.811,1813.021,88.62,5172.103,51.743,15.946,-3.85,-2.3,7.321,14.971,219.456,1582.25,77.34,4489.717,45.157,13.842,-5.904,-8.933,142.378,49.918,2.44,2912.818,-2.925,-1.392,945.02,46.192,1.425,8.98,0.0,0.0,0.0,,0.0,0.0,0.0,0.0,0.0,0.0,0.0,3503.905,1585.457,-21.268,-9.01,33.355,230.77,11.28,682.386,6.586,2.104,,0.0,0.0,0.0,0.0,0.0,0.0,0.0,100.0,0.009,0.018,0.205,0.01,0.363,0.006,0.001
Ukraine,2001,UKR,48414536.0,281110347776.0,,0.0,0.0,0.0,0.0,0.0,0.0,0.0,348.822,-2.639,-11.83,9014.881,436.451,1073.645,51.98,-0.751,-3.174,8665.208,419.522,30.079,27.926,169.75,172.81,11.057,-1.423,-22.556,32281.633,5.56,-1.491,-19.867,1747.202,84.59,27115.381,1312.779,48.95,83.996,-3.061,-22.714,719.272,627.084,30.36,14856.537,2.332,3.682,3337.052,161.562,17.568,46.022,60.28,6.723,2.01,35.347,248.479,12.03,730.1,6.961,2.262,-0.456,-2.689,250.122,1822.18,88.22,5166.252,51.05,16.004,-3.06,-1.803,-1.515,-4.729,214.727,1573.288,76.17,4435.181,44.077,13.739,10.309,14.677,157.055,46.474,2.25,3243.963,0.689,0.318,960.671,46.51,1.302,10.049,0.0,0.0,0.0,,0.0,0.0,0.0,0.0,0.0,0.0,0.0,3569.382,1562.9,6.809,2.04,35.394,248.892,12.05,731.071,6.973,2.265,,0.0,0.0,0.0,0.0,0.0,0.0,0.0,166.667,0.029,0.047,0.413,0.02,0.971,0.012,0.003
Ukraine,2002,UKR,47976540.0,301087064064.0,,0.0,0.0,0.0,0.0,0.0,0.0,0.0,353.402,0.629,2.747,9154.432,439.198,1115.128,53.5,-0.424,-1.779,8707.226,417.743,30.823,28.276,170.45,173.57,11.175,-0.618,-9.662,32374.943,5.159,-0.468,-6.147,1791.084,85.93,27234.803,1306.632,49.507,84.123,-1.579,-11.357,707.915,635.519,30.49,14755.449,9.425,15.228,3684.917,176.79,17.566,45.577,61.34,-19.988,-7.248,28.1,200.723,9.63,585.695,5.548,1.809,-0.655,-3.516,246.606,1826.726,87.64,5140.141,50.493,15.877,-3.12,-1.83,2.391,3.715,218.442,1625.586,77.99,4553.107,44.933,14.064,1.568,2.463,159.518,40.436,1.94,3324.921,0.955,0.444,978.703,46.955,1.118,10.27,0.0,0.0,0.0,,0.0,0.0,0.0,0.0,0.0,0.0,0.0,3617.81,1553.238,-19.912,-7.231,28.164,201.14,9.65,587.033,5.56,1.813,,0.0,0.0,0.0,0.0,0.0,0.0,0.0,37.5,0.017,0.064,0.417,0.02,1.338,0.012,0.004
Ukraine,2003,UKR,47605644.0,335257370624.0,,0.0,0.0,0.0,0.0,0.0,0.0,0.0,350.166,2.769,12.161,9481.202,451.359,1124.236,53.52,-2.964,-12.381,8514.986,405.361,29.7,28.353,175.26,180.2,11.32,2.491,38.69,33439.895,4.748,2.439,31.866,1880.449,89.52,28116.367,1338.498,49.678,84.08,2.005,14.196,722.112,719.242,34.24,15168.612,3.496,6.18,3843.444,182.97,19.001,45.361,63.1,-4.041,-1.308,26.791,194.095,9.24,562.777,5.128,1.683,3.464,6.824,253.43,1904.816,90.68,5323.525,50.322,15.92,-4.94,-2.819,4.38,8.106,226.549,1710.092,81.41,4758.86,45.178,14.231,3.454,5.509,165.028,36.97,1.76,3466.554,5.363,2.518,1039.225,49.473,0.977,10.367,0.0,0.0,0.0,,0.0,0.0,0.0,0.0,0.0,0.0,0.0,3785.265,1591.928,-3.938,-1.283,26.881,194.725,9.27,564.665,5.144,1.689,,0.0,0.0,0.0,0.0,0.0,0.0,0.0,40.909,0.026,0.09,0.63,0.03,1.889,0.017,0.006
Ukraine,2004,UKR,47261960.0,381078077440.0,,0.0,0.0,0.0,0.0,0.0,0.0,0.0,312.988,-4.987,-22.509,9073.896,428.85,930.347,43.97,-0.634,-2.568,8522.566,402.793,24.157,27.042,176.69,182.02,11.478,-0.38,-6.056,33554.93,4.162,-2.034,-27.224,1760.824,83.22,27744.799,1311.274,45.72,82.685,-0.786,-5.678,716.433,793.873,37.52,15158.769,5.845,10.694,4097.673,193.664,20.613,45.176,56.97,27.225,7.077,33.868,248.614,11.75,716.603,6.455,2.136,8.969,21.168,274.598,2090.476,98.8,5810.132,54.28,17.315,-5.33,-3.017,6.899,14.087,240.635,1841.227,87.02,5091.518,47.808,15.174,0.583,0.963,165.99,36.604,1.73,3512.135,8.98,4.443,1140.786,53.916,0.95,10.467,0.0,0.0,0.0,,0.0,0.0,0.0,0.0,0.0,0.0,0.0,3851.3,1585.872,27.155,7.082,33.963,249.249,11.78,718.615,6.472,2.142,,0.0,0.0,0.0,0.0,0.0,0.0,0.0,6.452,0.005,0.095,0.635,0.03,2.012,0.016,0.006
Ukraine,2005,UKR,46912616.0,399366225920.0,,0.0,0.0,0.0,0.0,0.0,0.0,0.0,317.734,1.146,4.915,9246.233,433.765,985.236,46.22,0.124,0.5,8596.693,403.293,24.861,27.018,177.56,185.91,11.58,1.237,19.621,34223.043,4.02,1.131,14.833,1806.55,84.75,28267.592,1326.107,45.587,82.598,0.793,5.678,722.112,728.162,34.16,15392.694,1.588,3.076,4193.753,196.74,18.374,44.978,59.07,5.19,1.532,35.4,263.469,12.36,754.603,6.648,2.205,2.377,4.788,279.386,2156.35,101.16,5955.452,54.413,17.402,-8.35,-4.703,1.993,3.242,243.877,1892.028,88.76,5198.53,47.744,15.19,2.554,4.24,170.23,93.152,4.37,3628.666,2.406,1.297,1176.928,55.213,2.351,10.603,0.0,0.0,0.0,,0.0,0.0,0.0,0.0,0.0,0.0,0.0,3962.9,1605.493,5.218,1.546,35.509,264.321,12.4,756.922,6.67,2.212,,0.0,0.0,0.0,0.0,0.0,0.0,0.0,15.152,0.014,0.109,0.853,0.04,2.319,0.022,0.007
Ukraine,2006,UKR,46592552.0,436786692096.0,,0.0,0.0,0.0,0.0,0.0,0.0,0.0,345.391,7.521,32.624,10009.941,466.389,1326.392,61.8,1.797,7.247,8811.285,410.54,31.983,28.711,182.79,193.23,11.895,1.18,18.938,34864.605,3.719,1.147,15.205,1933.571,90.09,28788.115,1341.312,46.623,82.571,-3.014,-21.767,700.344,524.762,24.45,15031.247,1.472,2.896,4284.718,199.636,12.653,43.113,66.74,4.23,1.265,36.666,276.654,12.89,786.947,6.671,2.257,1.966,3.733,283.119,2213.658,103.14,6076.493,53.377,17.429,-10.44,-5.711,1.655,2.477,246.354,1936.361,90.22,5287.408,46.69,15.166,2.555,4.349,174.579,82.417,3.84,3746.927,3.756,2.074,1229.523,57.287,1.987,10.747,0.0,0.0,0.0,,0.0,0.0,0.0,0.0,0.0,0.0,0.0,4147.229,1624.431,4.193,1.256,36.765,277.298,12.92,789.085,6.686,2.263,,0.0,0.0,0.0,0.0,0.0,0.0,0.0,-7.895,-0.009,0.1,0.644,0.03,2.137,0.016,0.006
Ukraine,2007,UKR,46313064.0,480580665344.0,,0.0,0.0,0.0,6.046,0.28,0.143,0.0,357.143,6.371,29.712,10711.899,496.101,1469.564,68.06,-1.424,-5.845,8738.251,404.695,34.7,30.664,186.97,196.14,12.123,-0.403,-6.549,34933.59,3.367,-0.316,-4.236,2010.88,93.13,28870.381,1337.076,47.481,82.644,-5.676,-39.749,660.595,484.744,22.45,14263.684,0.047,0.095,4312.619,199.731,11.446,40.831,70.05,-21.287,-7.985,28.681,218.945,10.14,619.276,5.17,1.773,-0.131,-2.314,280.806,2224.21,103.01,6063.209,52.519,17.356,-9.17,-4.905,2.568,4.747,251.101,1998.14,92.54,5421.818,47.181,15.52,3.323,5.801,180.38,56.572,2.62,3894.797,-1.875,-1.074,1213.756,56.213,1.336,11.149,0.897,0.28,0.0,,0.897,6.046,0.0,19.368,0.143,0.0,0.055,4235.09,1617.882,-18.977,-7.061,29.705,226.07,10.47,641.392,5.338,1.836,,0.0,0.0,0.0,0.0,0.0,0.0,0.0,28.571,0.028,0.127,1.08,0.05,2.747,0.025,0.008
Ukraine,2008,UKR,46062936.0,499592167424.0,,0.0,0.0,0.0,5.644,0.26,0.135,0.0,359.383,-2.014,-9.99,10553.187,486.111,1484.491,68.38,-0.136,-0.552,8773.719,404.143,35.507,31.12,185.85,192.58,12.329,-3.451,-55.829,33911.27,3.127,-3.784,-50.6,1973.821,90.92,27928.658,1286.476,47.212,82.358,-5.014,-33.124,627.47,419.209,19.31,13622.024,1.611,3.218,4405.893,202.948,10.027,40.17,69.21,13.497,3.669,32.349,249.876,11.51,702.287,5.977,2.071,-1.31,-5.229,275.577,2206.98,101.66,5982.612,52.788,17.642,-6.73,-3.621,-2.919,-8.843,242.258,1950.375,89.84,5259.285,46.651,15.509,-4.15,-7.485,172.895,70.121,3.23,3753.446,-6.788,-3.816,1137.512,52.397,1.677,11.068,0.843,0.26,0.0,-6.05,-0.054,5.644,0.0,18.295,0.135,0.0,0.054,4180.802,1562.053,12.914,3.614,33.319,256.605,11.82,723.327,6.138,2.133,,0.0,0.0,0.0,0.0,0.0,0.0,0.0,0.0,-0.001,0.126,1.085,0.05,2.745,0.026,0.008
Ukraine,2009,UKR,45863884.0,431074443264.0,,0.0,0.0,0.0,3.053,0.14,0.081,0.0,353.819,-14.183,-68.943,9095.786,417.168,1372.976,62.97,-7.196,-29.083,8177.674,375.06,36.269,31.353,169.35,173.62,13.049,-14.82,-231.495,29011.01,3.087,-16.482,-212.042,1713.331,78.58,23426.582,1074.434,45.26,80.751,-22.054,-138.384,489.086,254.885,11.69,10663.865,0.21,0.426,4434.301,203.374,6.733,36.758,61.43,3.683,0.984,33.334,260.336,11.94,726.799,6.877,2.505,-6.512,-19.453,256.124,2072.219,95.04,5584.429,54.74,19.249,-4.27,-2.521,-7.699,-20.032,222.226,1807.958,82.92,4845.337,47.759,16.702,-2.727,-4.715,168.18,85.47,3.92,3666.93,-6.037,-3.163,1073.484,49.234,2.258,12.64,0.444,0.14,0.0,-47.348,-0.399,3.053,0.0,9.675,0.081,0.0,0.033,3785.55,1330.558,2.512,0.579,33.898,264.26,12.12,739.092,6.981,2.548,,0.0,0.0,0.0,0.0,0.0,0.0,0.0,-4.444,-0.006,0.12,0.872,0.04,2.618,0.023,0.009
Ukraine,2010,UKR,45683024.0,439429758976.0,,0.0,0.0,0.0,4.159,0.19,0.101,0.0,352.77,6.638,27.691,9737.953,444.859,1473.195,67.3,-0.324,-1.214,8183.469,373.846,35.642,31.176,184.76,188.82,13.233,7.242,96.357,31235.119,3.247,7.24,77.787,1888.667,86.28,25222.082,1152.221,45.694,80.749,11.556,56.52,545.606,343.673,15.7,11943.298,-4.472,-9.095,4252.767,194.279,8.315,38.237,66.61,10.188,3.171,36.504,287.853,13.15,799.081,6.964,2.558,7.891,18.57,274.694,2244.597,102.54,6013.039,54.306,19.251,-4.06,-2.197,7.51,15.225,237.45,1951.491,89.15,5197.784,47.214,16.641,-3.82,-6.424,161.756,71.799,3.28,3540.829,-10.8,-5.317,961.335,43.917,1.737,11.336,0.6,0.19,0.0,35.252,0.156,4.159,0.0,13.137,0.101,0.0,0.042,4133.264,1426.915,10.497,3.346,37.243,293.107,13.39,815.255,7.091,2.61,,0.0,0.0,0.0,0.0,0.0,0.0,0.0,16.279,0.019,0.139,1.094,0.05,3.038,0.026,0.01
Ukraine,2011,UKR,45516136.0,471221141504.0,,0.0,0.0,0.0,2.856,0.13,0.067,0.0,368.505,8.468,37.67,10601.267,482.529,1628.873,74.14,12.988,48.555,9280.241,422.401,38.03,32.719,188.66,194.95,13.219,3.352,47.83,32400.471,3.13,4.571,52.672,2054.217,93.5,26471.783,1204.893,47.961,81.702,2.871,15.663,561.269,405.351,18.45,12331.21,0.599,1.164,4293.935,195.443,9.464,38.059,71.84,-16.79,-6.314,30.19,240.574,10.95,663.287,5.617,2.047,-1.07,-4.843,269.851,2228.88,101.45,5928.69,52.039,18.298,-6.29,-3.334,1.229,1.453,238.903,1982.813,90.25,5248.757,46.294,16.2,-0.408,-0.66,161.096,19.993,0.91,3539.305,-5.6,-2.459,910.83,41.457,0.467,10.924,0.428,0.13,0.0,-28.723,-0.172,2.856,0.0,9.398,0.067,0.0,0.029,4283.097,1474.744,-16.375,-6.295,30.948,246.067,11.2,679.933,5.745,2.099,,0.083,0.083,0.659,0.03,1.824,0.015,0.006,79.0,0.108,0.247,1.977,0.09,5.424,0.046,0.017
Ukraine,2012,UKR,45406228.0,472338530304.0,,0.0,0.0,0.0,2.863,0.13,0.066,0.0,380.672,2.96,14.282,10941.458,496.81,1761.212,79.97,7.633,32.244,10012.826,454.645,40.316,34.429,186.89,198.36,13.746,-2.153,-31.755,31779.547,3.055,-2.484,-29.933,2136.051,96.99,25876.643,1174.961,48.896,81.425,-7.64,-42.882,518.387,353.256,16.04,11416.653,-0.775,-1.514,4270.979,193.929,8.086,35.925,75.51,-4.251,-1.459,28.732,230.805,10.48,632.771,5.283,1.991,-0.073,-1.822,268.029,2232.513,101.37,5902.904,51.104,18.575,-11.47,-6.137,-0.122,-1.738,237.165,1985.19,90.14,5223.183,45.443,16.436,-0.827,-1.332,159.763,21.583,0.98,3518.53,0.697,0.289,919.402,41.747,0.494,11.072,0.428,0.13,0.0,0.0,0.0,2.863,0.0,9.421,0.066,0.0,0.03,4368.564,1442.989,0.328,-0.084,30.864,247.323,11.23,679.722,5.661,2.139,1007.309,0.831,0.914,7.268,0.33,20.127,0.166,0.063,222.011,0.543,0.79,6.387,0.29,17.403,0.146,0.055
Ukraine,2013,UKR,45307104.0,472222859264.0,,0.491,10.845,0.491,2.207,0.1,0.052,0.036,386.402,-3.022,-15.014,10634.006,481.796,1768.597,80.13,-2.237,-10.168,9810.3,444.476,41.366,35.179,183.82,193.71,14.144,-5.088,-73.421,30228.559,2.9,-5.51,-64.74,2105.409,95.39,24504.332,1110.22,49.244,81.064,-7.986,-41.396,476.991,308.561,13.98,10527.954,3.948,7.656,4449.314,201.586,7.217,34.828,74.85,31.743,8.892,37.624,304.588,13.8,830.419,7.124,2.747,-2.522,-8.681,259.348,2170.079,98.32,5724.225,50.756,18.936,-9.89,-5.38,-7.686,-19.549,217.616,1836.577,83.21,4803.143,42.956,15.889,-5.214,-8.33,151.433,28.252,1.28,3342.374,-7.898,-3.297,848.644,38.45,0.661,11.057,0.322,0.1,0.0,-24.627,-0.105,2.207,0.0,7.116,0.052,0.0,0.024,4275.489,1369.568,38.914,10.868,41.732,333.502,15.11,921.082,7.8,3.047,71.017,0.64,1.553,12.581,0.57,34.288,0.294,0.113,121.582,0.95,1.74,14.126,0.64,38.415,0.33,0.127
Ukraine,2014,UKR,45148072.0,441258901504.0,-3.03,-0.015,10.553,0.476,2.879,0.13,0.071,0.039,359.325,-14.124,-68.047,9164.265,413.749,1540.265,69.54,-31.799,-141.341,6714.246,303.135,38.213,34.24,173.55,181.98,15.06,-11.77,-161.198,26764.613,2.738,-14.386,-159.713,1847.698,83.42,21053.104,950.507,45.84,78.66,-15.476,-73.82,403.171,281.518,12.71,8929.974,0.3,0.606,4478.403,202.191,6.984,33.365,65.39,-38.585,-14.655,22.968,187.826,8.48,508.736,4.66,1.901,0.221,-1.484,257.864,2183.039,98.56,5711.511,54.16,21.34,-8.43,-4.857,6.225,12.163,229.78,1957.78,88.39,5089.471,48.571,19.016,-11.785,-17.846,133.587,25.915,1.17,2958.866,-11.129,-4.279,756.859,34.171,0.643,11.055,0.415,0.13,0.0,28.713,0.093,2.879,0.0,9.192,0.071,0.0,0.034,4030.737,1208.371,-31.795,-13.648,28.084,225.259,10.17,622.04,5.589,2.324,-24.737,-0.391,1.162,9.524,0.43,25.742,0.236,0.096,76.981,1.321,3.062,25.029,1.13,67.817,0.621,0.253
Ukraine,2015,UKR,44982568.0,398132477952.0,-17.188,-0.082,8.771,0.395,3.112,0.14,0.087,0.039,325.414,-23.139,-95.738,7069.644,318.011,1230.254,55.34,-34.224,-103.745,4432.611,199.39,34.237,31.693,160.29,161.64,16.109,-16.962,-204.963,22306.594,2.52,-20.319,-193.136,1487.465,66.91,16836.994,757.371,41.394,75.48,-20.657,-83.284,319.887,224.531,10.1,7111.354,-6.853,-13.855,4186.861,188.336,6.248,31.88,52.6,-36.351,-8.436,14.532,120.047,5.4,323.062,3.341,1.448,-3.947,-11.827,246.037,2105.927,94.73,5469.601,58.606,24.52,-1.35,-0.842,-0.862,-3.336,226.444,1948.088,87.63,5034.032,54.213,22.567,-10.565,-14.114,119.474,32.679,1.47,2655.997,-10.73,-3.666,678.137,30.504,0.909,11.907,0.463,0.14,0.0,11.538,0.048,3.112,0.0,10.29,0.087,0.0,0.046,3593.392,1003.408,-29.567,-8.491,19.593,157.839,7.1,435.569,4.392,1.953,11.072,0.121,1.283,10.671,0.48,28.527,0.297,0.128,-4.052,-0.142,2.92,24.009,1.08,64.92,0.668,0.291
Ukraine,2016,UKR,44833568.0,407348477952.0,9.434,0.037,9.631,0.432,3.123,0.14,0.086,0.041,350.915,18.673,59.383,8417.654,377.393,1329.361,59.6,6.214,12.39,4723.702,211.78,36.596,35.942,159.11,162.86,15.511,4.643,46.587,23419.848,2.578,7.842,59.392,1620.661,72.66,18217.676,816.763,44.615,77.787,-1.775,-5.678,314.208,219.478,9.84,7008.331,1.005,1.893,4242.996,190.229,6.042,29.925,57.15,42.241,6.016,20.548,171.077,7.67,458.326,4.71,1.957,-4.716,-12.805,233.232,2011.885,90.2,5202.172,55.385,22.213,-3.75,-2.357,-7.62,-18.493,207.95,1805.567,80.95,4638.274,49.705,19.805,4.761,5.688,125.162,71.821,3.22,2791.692,-7.093,-2.164,632.132,28.341,1.977,11.92,0.434,0.14,0.0,-6.207,-0.029,3.123,0.0,9.683,0.086,0.0,0.041,3632.546,1049.995,29.231,5.689,25.282,206.319,9.25,563.898,5.68,2.408,3.001,0.031,1.314,10.929,0.49,29.306,0.301,0.125,-12.044,-0.367,2.553,21.189,0.95,56.952,0.583,0.243
Ukraine,2017,UKR,44657260.0,417634025472.0,20.69,0.089,11.669,0.521,4.702,0.21,0.136,0.053,298.536,-20.626,-77.84,6707.843,299.554,1070.823,47.82,-25.194,-53.356,3547.564,158.424,30.967,30.713,149.24,154.42,15.833,-7.111,-74.664,21840.365,2.335,-10.96,-89.515,1297.885,57.96,16285.107,727.248,37.534,74.564,-3.916,-12.303,301.905,165.483,7.39,6760.493,1.99,3.786,4344.518,194.014,4.786,30.954,46.1,16.569,3.264,23.812,200.415,8.95,533.221,5.796,2.441,6.975,14.851,248.082,2160.007,96.46,5555.255,62.466,25.436,-5.18,-3.471,5.715,10.591,218.541,1916.374,85.58,4893.748,55.42,22.407,0.502,0.628,125.789,61.58,2.75,2816.772,0.0,,,,1.781,12.897,0.67,0.21,0.0,54.338,0.236,4.702,0.0,15.004,0.136,0.0,0.069,3457.893,975.331,17.501,4.26,29.541,243.633,10.88,661.507,7.046,3.029,47.046,0.607,1.921,16.571,0.74,43.009,0.479,0.197,3.103,0.064,2.617,21.945,0.98,58.604,0.635,0.268
Ukraine,2018,UKR,44446952.0,431319908352.0,-20.0,-0.104,9.379,0.417,6.75,0.3,0.19,0.041,299.88,8.922,26.726,7340.877,326.28,1073.414,47.71,6.159,9.757,3783.871,168.182,30.152,32.241,152.16,158.23,15.636,3.758,36.658,22768.459,2.346,4.872,35.429,1368.148,60.81,17159.262,762.677,38.431,75.364,1.254,3.786,305.691,238.037,10.58,6877.654,1.463,2.839,4428.954,196.853,6.686,30.207,47.45,16.542,3.777,27.589,234.662,10.43,620.714,6.592,2.726,0.907,1.229,249.312,2191.826,97.42,5609.196,61.569,24.636,-6.07,-3.989,-1.377,-4.269,214.272,1898.893,84.4,4820.856,53.34,21.173,3.909,4.917,130.707,56.697,2.52,2940.731,0.0,,,,1.593,12.916,0.959,0.3,0.0,43.163,0.289,6.75,0.0,21.582,0.19,0.0,0.095,3559.974,1011.989,18.072,5.498,35.039,292.933,13.02,788.34,8.229,3.462,53.457,1.009,2.93,24.749,1.1,65.924,0.695,0.29,20.846,0.527,3.144,26.773,1.19,70.74,0.752,0.311
Ukraine,2019,UKR,44211100.0,,137.5,0.573,22.395,0.99,9.274,0.41,0.269,0.103,292.873,-7.054,-23.016,6859.451,303.264,1008.796,44.6,-1.083,-1.821,3762.869,166.361,29.215,31.667,148.62,152.66,15.941,-5.368,-54.325,21661.146,,-6.224,-47.467,1307.138,57.79,16177.152,715.21,37.855,74.683,-7.43,-22.714,282.977,269.842,11.93,6400.585,-1.442,-2.839,4388.361,194.014,7.815,29.549,44.71,-37.586,-10.433,17.156,147.248,6.51,388.041,4.264,1.791,-2.022,-6.858,242.453,2145.841,94.87,5483.994,62.145,25.317,-4.04,-2.718,-1.653,-4.32,209.953,1877.357,83.0,4748.869,54.369,21.923,-1.329,-1.738,128.969,28.5,1.26,2917.118,0.0,,,,0.825,13.467,1.299,0.41,0.0,35.408,0.34,9.274,0.0,29.38,0.269,0.0,0.136,3452.979,957.663,-4.335,-2.539,32.501,268.485,11.87,735.125,7.775,3.394,164.813,4.801,7.731,66.273,2.93,174.861,1.919,0.807,69.993,2.181,5.325,45.69,2.02,120.449,1.323,0.556
Ukraine,2020,UKR,43909664.0,,-41.955,-0.415,13.088,0.575,17.308,0.76,0.513,0.063,279.239,-12.383,-37.553,6051.301,265.711,879.761,38.63,-10.848,-18.047,3377.705,148.314,26.056,28.93,145.84,148.26,16.142,-4.095,-39.212,20916.844,,-4.8,-34.327,1241.185,54.5,15506.438,680.882,36.76,74.134,3.679,10.41,293.387,323.163,14.19,6681.613,-1.463,-2.839,4353.826,191.175,9.571,31.944,41.4,16.218,2.709,19.865,172.172,7.56,452.4,5.099,2.163,-2.223,-4.884,237.569,2135.293,93.76,5410.407,63.24,25.866,-2.42,-1.659,-8.193,-17.908,192.044,1735.381,76.2,4373.622,51.396,20.91,-5.571,-7.185,121.784,38.26,1.68,2773.522,0.0,,,,1.133,13.26,2.411,0.76,0.0,85.648,1.112,17.308,0.0,54.917,0.513,0.0,0.263,3376.478,918.452,36.312,13.024,45.525,399.912,17.56,1036.786,11.844,4.957,83.074,6.37,14.101,135.961,5.97,321.138,4.027,1.535,61.583,3.248,8.573,74.471,3.27,195.242,2.206,0.933
Ukraine,2021,UKR,43531424.0,,8.329,0.048,14.302,0.623,17.459,0.76,0.488,0.067,240.175,-0.312,-0.829,6084.836,264.882,829.975,36.13,1.976,2.931,3474.383,151.245,23.202,28.354,153.68,155.72,16.669,1.713,15.73,21459.945,,-2.981,-20.294,1092.774,47.57,15174.978,660.588,30.548,70.713,-7.097,-20.821,272.566,224.206,9.76,6261.371,-1.98,-3.786,4304.692,187.389,6.268,29.177,37.4,37.737,7.396,27.261,245.11,10.67,626.234,6.852,2.918,15.496,36.024,273.594,2484.412,108.15,6284.966,69.452,29.287,-2.04,-1.327,13.127,24.414,216.458,1982.246,86.29,4972.453,55.414,23.171,1.113,1.356,123.14,38.593,1.68,2828.771,0.0,,,,1.079,13.182,2.484,0.76,0.0,3.024,0.073,17.459,0.0,57.07,0.488,0.0,0.266,3577.186,934.182,25.795,11.611,57.136,502.166,21.86,1312.513,14.038,6.116,17.825,2.453,16.554,137.142,5.97,380.273,3.834,1.772,19.579,1.641,10.214,102.455,4.46,234.635,2.864,1.093
Ukraine,2022,UKR,39701744.0,,-11.166,-0.07,13.93,0.553,19.143,0.76,0.679,0.085,206.539,-45.609,-120.811,3628.821,144.071,558.666,22.18,-33.655,-50.902,2527.421,100.343,19.814,22.25,111.36,111.94,17.288,-30.688,-286.681,16309.124,,-32.775,-216.508,716.845,28.46,11185.414,444.08,25.424,68.584,-29.289,-79.833,192.733,115.864,4.6,4854.53,-6.566,-12.303,4410.034,175.086,4.109,29.766,23.12,6.5,1.666,28.927,265.48,10.54,728.606,9.416,4.467,-25.396,-70.173,203.42,2102.678,83.48,5123.711,74.576,31.416,-0.58,-0.521,-28.0,-61.177,155.281,1636.956,64.99,3911.198,58.058,23.982,-12.883,-15.864,107.277,42.316,1.68,2702.062,0.0,,,,1.501,16.568,1.59,0.76,0.0,-36.0,-0.894,19.143,0.0,40.048,0.679,0.0,0.246,2819.523,647.501,-15.217,-8.997,48.139,465.723,18.49,1212.513,16.518,7.435,-19.649,-3.301,13.253,150.371,5.97,333.805,5.333,2.047,-62.5,-6.398,3.816,30.729,1.22,96.124,1.09,0.589
United Arab Emirates,1900,ARE,48933.0,,,,,,,,,,,,,,,,,,,,,,,,,,,,,,,,,,,,,,,,,,,,,,0.0,0.0,,,,,,,,,,,,,,,,,,,,,,,,,,,,,,,,,,,,,,0.0,0.0,,,,,,,,,,,,,,,,,,,,,,,,,,,,,,,,,,,,,,,
United Arab Emirates,1901,ARE,49244.0,,,,,,,,,,,,,,,,,,,,,,,,,,,,,,,,,,,,,,,,,,,,,0.0,0.0,0.0,,,,,,,,,,,,,,,,,,,,,,,,,,,,,,,,,,,,,0.0,0.0,0.0,,,,,,,,,,,,,,,,,,,,,,,,,,,,,,,,,,,,,,,
United Arab Emirates,1902,ARE,49557.0,,,,,,,,,,,,,,,,,,,,,,,,,,,,,,,,,,,,,,,,,,,,,0.0,0.0,0.0,,,,,,,,,,,,,,,,,,,,,,,,,,,,,,,,,,,,,0.0,0.0,0.0,,,,,,,,,,,,,,,,,,,,,,,,,,,,,,,,,,,,,,,
United Arab Emirates,1903,ARE,49873.0,,,,,,,,,,,,,,,,,,,,,,,,,,,,,,,,,,,,,,,,,,,,,0.0,0.0,0.0,,,,,,,,,,,,,,,,,,,,,,,,,,,,,,,,,,,,,0.0,0.0,0.0,,,,,,,,,,,,,,,,,,,,,,,,,,,,,,,,,,,,,,,
United Arab Emirates,1904,ARE,50190.0,,,,,,,,,,,,,,,,,,,,,,,,,,,,,,,,,,,,,,,,,,,,,0.0,0.0,0.0,,,,,,,,,,,,,,,,,,,,,,,,,,,,,,,,,,,,,0.0,0.0,0.0,,,,,,,,,,,,,,,,,,,,,,,,,,,,,,,,,,,,,,,
United Arab Emirates,1905,ARE,50509.0,,,,,,,,,,,,,,,,,,,,,,,,,,,,,,,,,,,,,,,,,,,,,0.0,0.0,0.0,,,,,,,,,,,,,,,,,,,,,,,,,,,,,,,,,,,,,0.0,0.0,0.0,,,,,,,,,,,,,,,,,,,,,,,,,,,,,,,,,,,,,,,
United Arab Emirates,1906,ARE,50830.0,,,,,,,,,,,,,,,,,,,,,,,,,,,,,,,,,,,,,,,,,,,,,0.0,0.0,0.0,,,,,,,,,,,,,,,,,,,,,,,,,,,,,,,,,,,,,0.0,0.0,0.0,,,,,,,,,,,,,,,,,,,,,,,,,,,,,,,,,,,,,,,
United Arab Emirates,1907,ARE,51154.0,,,,,,,,,,,,,,,,,,,,,,,,,,,,,,,,,,,,,,,,,,,,,0.0,0.0,0.0,,,,,,,,,,,,,,,,,,,,,,,,,,,,,,,,,,,,,0.0,0.0,0.0,,,,,,,,,,,,,,,,,,,,,,,,,,,,,,,,,,,,,,,
United Arab Emirates,1908,ARE,51479.0,,,,,,,,,,,,,,,,,,,,,,,,,,,,,,,,,,,,,,,,,,,,,0.0,0.0,0.0,,,,,,,,,,,,,,,,,,,,,,,,,,,,,,,,,,,,,0.0,0.0,0.0,,,,,,,,,,,,,,,,,,,,,,,,,,,,,,,,,,,,,,,
United Arab Emirates,1909,ARE,51833.0,,,,,,,,,,,,,,,,,,,,,,,,,,,,,,,,,,,,,,,,,,,,,0.0,0.0,0.0,,,,,,,,,,,,,,,,,,,,,,,,,,,,,,,,,,,,,0.0,0.0,0.0,,,,,,,,,,,,,,,,,,,,,,,,,,,,,,,,,,,,,,,
United Arab Emirates,1910,ARE,52215.0,,,,,,,,,,,,,,,,,,,,,,,,,,,,,,,,,,,,,,,,,,,,,0.0,0.0,0.0,,,,,,,,,,,,,,,,,,,,,,,,,,,,,,,,,,,,,0.0,0.0,0.0,,,,,,,,,,,,,,,,,,,,,,,,,,,,,,,,,,,,,,,
United Arab Emirates,1911,ARE,52625.0,,,,,,,,,,,,,,,,,,,,,,,,,,,,,,,,,,,,,,,,,,,,,0.0,0.0,0.0,,,,,,,,,,,,,,,,,,,,,,,,,,,,,,,,,,,,,0.0,0.0,0.0,,,,,,,,,,,,,,,,,,,,,,,,,,,,,,,,,,,,,,,
United Arab Emirates,1912,ARE,53066.0,,,,,,,,,,,,,,,,,,,,,,,,,,,,,,,,,,,,,,,,,,,,,0.0,0.0,0.0,,,,,,,,,,,,,,,,,,,,,,,,,,,,,,,,,,,,,0.0,0.0,0.0,,,,,,,,,,,,,,,,,,,,,,,,,,,,,,,,,,,,,,,
United Arab Emirates,1913,ARE,53536.0,,,,,,,,,,,,,,,,,,,,,,,,,,,,,,,,,,,,,,,,,,,,,0.0,0.0,0.0,,,,,,,,,,,,,,,,,,,,,,,,,,,,,,,,,,,,,0.0,0.0,0.0,,,,,,,,,,,,,,,,,,,,,,,,,,,,,,,,,,,,,,,
United Arab Emirates,1914,ARE,54010.0,,,,,,,,,,,,,,,,,,,,,,,,,,,,,,,,,,,,,,,,,,,,,0.0,0.0,0.0,,,,,,,,,,,,,,,,,,,,,,,,,,,,,,,,,,,,,0.0,0.0,0.0,,,,,,,,,,,,,,,,,,,,,,,,,,,,,,,,,,,,,,,
United Arab Emirates,1915,ARE,54489.0,,,,,,,,,,,,,,,,,,,,,,,,,,,,,,,,,,,,,,,,,,,,,0.0,0.0,0.0,,,,,,,,,,,,,,,,,,,,,,,,,,,,,,,,,,,,,0.0,0.0,0.0,,,,,,,,,,,,,,,,,,,,,,,,,,,,,,,,,,,,,,,
United Arab Emirates,1916,ARE,54971.0,,,,,,,,,,,,,,,,,,,,,,,,,,,,,,,,,,,,,,,,,,,,,0.0,0.0,0.0,,,,,,,,,,,,,,,,,,,,,,,,,,,,,,,,,,,,,0.0,0.0,0.0,,,,,,,,,,,,,,,,,,,,,,,,,,,,,,,,,,,,,,,
United Arab Emirates,1917,ARE,55458.0,,,,,,,,,,,,,,,,,,,,,,,,,,,,,,,,,,,,,,,,,,,,,0.0,0.0,0.0,,,,,,,,,,,,,,,,,,,,,,,,,,,,,,,,,,,,,0.0,0.0,0.0,,,,,,,,,,,,,,,,,,,,,,,,,,,,,,,,,,,,,,,
United Arab Emirates,1918,ARE,55929.0,,,,,,,,,,,,,,,,,,,,,,,,,,,,,,,,,,,,,,,,,,,,,0.0,0.0,0.0,,,,,,,,,,,,,,,,,,,,,,,,,,,,,,,,,,,,,0.0,0.0,0.0,,,,,,,,,,,,,,,,,,,,,,,,,,,,,,,,,,,,,,,
United Arab Emirates,1919,ARE,56404.0,,,,,,,,,,,,,,,,,,,,,,,,,,,,,,,,,,,,,,,,,,,,,0.0,0.0,0.0,,,,,,,,,,,,,,,,,,,,,,,,,,,,,,,,,,,,,0.0,0.0,0.0,,,,,,,,,,,,,,,,,,,,,,,,,,,,,,,,,,,,,,,
United Arab Emirates,1920,ARE,56883.0,,,,,,,,,,,,,,,,,,,,,,,,,,,,,,,,,,,,,,,,,,,,,0.0,0.0,0.0,,,,,,,,,,,,,,,,,,,,,,,,,,,,,,,,,,,,,0.0,0.0,0.0,,,,,,,,,,,,,,,,,,,,,,,,,,,,,,,,,,,,,,,
United Arab Emirates,1921,ARE,57366.0,,,,,,,,,,,,,,,,,,,,,,,,,,,,,,,,,,,,,,,,,,,,,0.0,0.0,0.0,,,,,,,,,,,,,,,,,,,,,,,,,,,,,,,,,,,,,0.0,0.0,0.0,,,,,,,,,,,,,,,,,,,,,,,,,,,,,,,,,,,,,,,
United Arab Emirates,1922,ARE,57853.0,,,,,,,,,,,,,,,,,,,,,,,,,,,,,,,,,,,,,,,,,,,,,0.0,0.0,0.0,,,,,,,,,,,,,,,,,,,,,,,,,,,,,,,,,,,,,0.0,0.0,0.0,,,,,,,,,,,,,,,,,,,,,,,,,,,,,,,,,,,,,,,
United Arab Emirates,1923,ARE,58345.0,,,,,,,,,,,,,,,,,,,,,,,,,,,,,,,,,,,,,,,,,,,,,0.0,0.0,0.0,,,,,,,,,,,,,,,,,,,,,,,,,,,,,,,,,,,,,0.0,0.0,0.0,,,,,,,,,,,,,,,,,,,,,,,,,,,,,,,,,,,,,,,
United Arab Emirates,1924,ARE,58840.0,,,,,,,,,,,,,,,,,,,,,,,,,,,,,,,,,,,,,,,,,,,,,0.0,0.0,0.0,,,,,,,,,,,,,,,,,,,,,,,,,,,,,,,,,,,,,0.0,0.0,0.0,,,,,,,,,,,,,,,,,,,,,,,,,,,,,,,,,,,,,,,
United Arab Emirates,1925,ARE,59340.0,,,,,,,,,,,,,,,,,,,,,,,,,,,,,,,,,,,,,,,,,,,,,0.0,0.0,0.0,,,,,,,,,,,,,,,,,,,,,,,,,,,,,,,,,,,,,0.0,0.0,0.0,,,,,,,,,,,,,,,,,,,,,,,,,,,,,,,,,,,,,,,
United Arab Emirates,1926,ARE,59844.0,,,,,,,,,,,,,,,,,,,,,,,,,,,,,,,,,,,,,,,,,,,,,0.0,0.0,0.0,,,,,,,,,,,,,,,,,,,,,,,,,,,,,,,,,,,,,0.0,0.0,0.0,,,,,,,,,,,,,,,,,,,,,,,,,,,,,,,,,,,,,,,
United Arab Emirates,1927,ARE,60352.0,,,,,,,,,,,,,,,,,,,,,,,,,,,,,,,,,,,,,,,,,,,,,0.0,0.0,0.0,,,,,,,,,,,,,,,,,,,,,,,,,,,,,,,,,,,,,0.0,0.0,0.0,,,,,,,,,,,,,,,,,,,,,,,,,,,,,,,,,,,,,,,
United Arab Emirates,1928,ARE,60864.0,,,,,,,,,,,,,,,,,,,,,,,,,,,,,,,,,,,,,,,,,,,,,0.0,0.0,0.0,,,,,,,,,,,,,,,,,,,,,,,,,,,,,,,,,,,,,0.0,0.0,0.0,,,,,,,,,,,,,,,,,,,,,,,,,,,,,,,,,,,,,,,
United Arab Emirates,1929,ARE,61381.0,,,,,,,,,,,,,,,,,,,,,,,,,,,,,,,,,,,,,,,,,,,,,0.0,0.0,0.0,,,,,,,,,,,,,,,,,,,,,,,,,,,,,,,,,,,,,0.0,0.0,0.0,,,,,,,,,,,,,,,,,,,,,,,,,,,,,,,,,,,,,,,
United Arab Emirates,1930,ARE,61903.0,,,,,,,,,,,,,,,,,,,,,,,,,,,,,,,,,,,,,,,,,,,,,0.0,0.0,0.0,,,,,,,,,,,,,,,,,,,,,,,,,,,,,,,,,,,,,0.0,0.0,0.0,,,,,,,,,,,,,,,,,,,,,,,,,,,,,,,,,,,,,,,
United Arab Emirates,1931,ARE,62428.0,,,,,,,,,,,,,,,,,,,,,,,,,,,,,,,,,,,,,,,,,,,,,0.0,0.0,0.0,,,,,,,,,,,,,,,,,,,,,,,,,,,,,,,,,,,,,0.0,0.0,0.0,,,,,,,,,,,,,,,,,,,,,,,,,,,,,,,,,,,,,,,
United Arab Emirates,1932,ARE,62958.0,,,,,,,,,,,,,,,,,,,,,,,,,,,,,,,,,,,,,,,,,,,,,0.0,0.0,0.0,,,,,,,,,,,,,,,,,,,,,,,,,,,,,,,,,,,,,0.0,0.0,0.0,,,,,,,,,,,,,,,,,,,,,,,,,,,,,,,,,,,,,,,
United Arab Emirates,1933,ARE,63493.0,,,,,,,,,,,,,,,,,,,,,,,,,,,,,,,,,,,,,,,,,,,,,0.0,0.0,0.0,,,,,,,,,,,,,,,,,,,,,,,,,,,,,,,,,,,,,0.0,0.0,0.0,,,,,,,,,,,,,,,,,,,,,,,,,,,,,,,,,,,,,,,
United Arab Emirates,1934,ARE,64032.0,,,,,,,,,,,,,,,,,,,,,,,,,,,,,,,,,,,,,,,,,,,,,0.0,0.0,0.0,,,,,,,,,,,,,,,,,,,,,,,,,,,,,,,,,,,,,0.0,0.0,0.0,,,,,,,,,,,,,,,,,,,,,,,,,,,,,,,,,,,,,,,
United Arab Emirates,1935,ARE,64576.0,,,,,,,,,,,,,,,,,,,,,,,,,,,,,,,,,,,,,,,,,,,,,0.0,0.0,0.0,,,,,,,,,,,,,,,,,,,,,,,,,,,,,,,,,,,,,0.0,0.0,0.0,,,,,,,,,,,,,,,,,,,,,,,,,,,,,,,,,,,,,,,
United Arab Emirates,1936,ARE,65124.0,,,,,,,,,,,,,,,,,,,,,,,,,,,,,,,,,,,,,,,,,,,,,0.0,0.0,0.0,,,,,,,,,,,,,,,,,,,,,,,,,,,,,,,,,,,,,0.0,0.0,0.0,,,,,,,,,,,,,,,,,,,,,,,,,,,,,,,,,,,,,,,
United Arab Emirates,1937,ARE,65677.0,,,,,,,,,,,,,,,,,,,,,,,,,,,,,,,,,,,,,,,,,,,,,0.0,0.0,0.0,,,,,,,,,,,,,,,,,,,,,,,,,,,,,,,,,,,,,0.0,0.0,0.0,,,,,,,,,,,,,,,,,,,,,,,,,,,,,,,,,,,,,,,
United Arab Emirates,1938,ARE,66235.0,,,,,,,,,,,,,,,,,,,,,,,,,,,,,,,,,,,,,,,,,,,,,0.0,0.0,0.0,,,,,,,,,,,,,,,,,,,,,,,,,,,,,,,,,,,,,0.0,0.0,0.0,,,,,,,,,,,,,,,,,,,,,,,,,,,,,,,,,,,,,,,
United Arab Emirates,1939,ARE,66798.0,,,,,,,,,,,,,,,,,,,,,,,,,,,,,,,,,,,,,,,,,,,,,0.0,0.0,0.0,,,,,,,,,,,,,,,,,,,,,,,,,,,,,,,,,,,,,0.0,0.0,0.0,,,,,,,,,,,,,,,,,,,,,,,,,,,,,,,,,,,,,,,
United Arab Emirates,1940,ARE,67365.0,,,,,,,,,,,,,,,,,,,,,,,,,,,,,,,,,,,,,,,,,,,,,0.0,0.0,0.0,,,,,,,,,,,,,,,,,,,,,,,,,,,,,,,,,,,,,0.0,0.0,0.0,,,,,,,,,,,,,,,,,,,,,,,,,,,,,,,,,,,,,,,
United Arab Emirates,1941,ARE,67937.0,,,,,,,,,,,,,,,,,,,,,,,,,,,,,,,,,,,,,,,,,,,,,0.0,0.0,0.0,,,,,,,,,,,,,,,,,,,,,,,,,,,,,,,,,,,,,0.0,0.0,0.0,,,,,,,,,,,,,,,,,,,,,,,,,,,,,,,,,,,,,,,
United Arab Emirates,1942,ARE,68514.0,,,,,,,,,,,,,,,,,,,,,,,,,,,,,,,,,,,,,,,,,,,,,0.0,0.0,0.0,,,,,,,,,,,,,,,,,,,,,,,,,,,,,,,,,,,,,0.0,0.0,0.0,,,,,,,,,,,,,,,,,,,,,,,,,,,,,,,,,,,,,,,
United Arab Emirates,1943,ARE,69096.0,,,,,,,,,,,,,,,,,,,,,,,,,,,,,,,,,,,,,,,,,,,,,0.0,0.0,0.0,,,,,,,,,,,,,,,,,,,,,,,,,,,,,,,,,,,,,0.0,0.0,0.0,,,,,,,,,,,,,,,,,,,,,,,,,,,,,,,,,,,,,,,
United Arab Emirates,1944,ARE,69683.0,,,,,,,,,,,,,,,,,,,,,,,,,,,,,,,,,,,,,,,,,,,,,0.0,0.0,0.0,,,,,,,,,,,,,,,,,,,,,,,,,,,,,,,,,,,,,0.0,0.0,0.0,,,,,,,,,,,,,,,,,,,,,,,,,,,,,,,,,,,,,,,
United Arab Emirates,1945,ARE,70274.0,,,,,,,,,,,,,,,,,,,,,,,,,,,,,,,,,,,,,,,,,,,,,0.0,0.0,0.0,,,,,,,,,,,,,,,,,,,,,,,,,,,,,,,,,,,,,0.0,0.0,0.0,,,,,,,,,,,,,,,,,,,,,,,,,,,,,,,,,,,,,,,
United Arab Emirates,1946,ARE,70871.0,,,,,,,,,,,,,,,,,,,,,,,,,,,,,,,,,,,,,,,,,,,,,0.0,0.0,0.0,,,,,,,,,,,,,,,,,,,,,,,,,,,,,,,,,,,,,0.0,0.0,0.0,,,,,,,,,,,,,,,,,,,,,,,,,,,,,,,,,,,,,,,
United Arab Emirates,1947,ARE,71473.0,,,,,,,,,,,,,,,,,,,,,,,,,,,,,,,,,,,,,,,,,,,,,0.0,0.0,0.0,,,,,,,,,,,,,,,,,,,,,,,,,,,,,,,,,,,,,0.0,0.0,0.0,,,,,,,,,,,,,,,,,,,,,,,,,,,,,,,,,,,,,,,
United Arab Emirates,1948,ARE,72080.0,,,,,,,,,,,,,,,,,,,,,,,,,,,,,,,,,,,,,,,,,,,,,0.0,0.0,0.0,,,,,,,,,,,,,,,,,,,,,,,,,,,,,,,,,,,,,0.0,0.0,0.0,,,,,,,,,,,,,,,,,,,,,,,,,,,,,,,,,,,,,,,
United Arab Emirates,1949,ARE,73113.0,,,,,,,,,,,,,,,,,,,,,,,,,,,,,,,,,,,,,,,,,,,,,0.0,0.0,0.0,,,,,,,,,,,,,,,,,,,,,,,,,,,,,,,,,,,,,0.0,0.0,0.0,,,,,,,,,,,,,,,,,,,,,,,,,,,,,,,,,,,,,,,
United Arab Emirates,1950,ARE,74613.0,1801016576.0,,,,,,,,,,,,,,,,,,,,,,,,,,,,,,,,,,,,,,,,,,,,0.0,0.0,0.0,,,,,,,,,,,,,,,,,,,,,,,,,,,,,,,,,,,,,0.0,0.0,0.0,,,,,,,,,,,,,,,,,,,,,,,,,,,,,,,,,,,,,,,
United Arab Emirates,1951,ARE,79780.0,1952218880.0,,,,,,,,,,,,,,,,,,,,,,,,,,,,,,,,,,,,,,,,,,,,0.0,0.0,0.0,,,,,,,,,,,,,,,,,,,,,,,,,,,,,,,,,,,,,0.0,0.0,0.0,,,,,,,,,,,,,,,,,,,,,,,,,,,,,,,,,,,,,,,
United Arab Emirates,1952,ARE,85111.0,2069254784.0,,,,,,,,,,,,,,,,,,,,,,,,,,,,,,,,,,,,,,,,,,,,0.0,0.0,0.0,,,,,,,,,,,,,,,,,,,,,,,,,,,,,,,,,,,,,0.0,0.0,0.0,,,,,,,,,,,,,,,,,,,,,,,,,,,,,,,,,,,,,,,
United Arab Emirates,1953,ARE,90576.0,2274657792.0,,,,,,,,,,,,,,,,,,,,,,,,,,,,,,,,,,,,,,,,,,,,0.0,0.0,0.0,,,,,,,,,,,,,,,,,,,,,,,,,,,,,,,,,,,,,0.0,0.0,0.0,,,,,,,,,,,,,,,,,,,,,,,,,,,,,,,,,,,,,,,
United Arab Emirates,1954,ARE,96153.0,2533920256.0,,,,,,,,,,,,,,,,,,,,,,,,,,,,,,,,,,,,,,,,,,,,0.0,0.0,0.0,,,,,,,,,,,,,,,,,,,,,,,,,,,,,,,,,,,,,0.0,0.0,0.0,,,,,,,,,,,,,,,,,,,,,,,,,,,,,,,,,,,,,,,
United Arab Emirates,1955,ARE,101819.0,2595100416.0,,,,,,,,,,,,,,,,,,,,,,,,,,,,,,,,,,,,,,,,,,,,0.0,0.0,0.0,,,,,,,,,,,,,,,,,,,,,,,,,,,,,,,,,,,,,0.0,0.0,0.0,,,,,,,,,,,,,,,,,,,,,,,,,,,,,,,,,,,,,,,
United Arab Emirates,1956,ARE,107581.0,2787876608.0,,,,,,,,,,,,,,,,,,,,,,,,,,,,,,,,,,,,,,,,,,,,0.0,0.0,0.0,,,,,,,,,,,,,,,,,,,,,,,,,,,,,,,,,,,,,0.0,0.0,0.0,,,,,,,,,,,,,,,,,,,,,,,,,,,,,,,,,,,,,,,
United Arab Emirates,1957,ARE,113443.0,2888693248.0,,,,,,,,,,,,,,,,,,,,,,,,,,,,,,,,,,,,,,,,,,,,0.0,0.0,0.0,,,,,,,,,,,,,,,,,,,,,,,,,,,,,,,,,,,,,0.0,0.0,0.0,,,,,,,,,,,,,,,,,,,,,,,,,,,,,,,,,,,,,,,
United Arab Emirates,1958,ARE,119619.0,3031029760.0,,,,,,,,,,,,,,,,,,,,,,,,,,,,,,,,,,,,,,,,,,,,0.0,0.0,0.0,,,,,,,,,,,,,,,,,,,,,,,,,,,,,,,,,,,,,0.0,0.0,0.0,,,,,,,,,,,,,,,,,,,,,,,,,,,,,,,,,,,,,,,
United Arab Emirates,1959,ARE,126293.0,3342554112.0,,,,,,,,,,,,,,,,,,,,,,,,,,,,,,,,,,,,,,,,,,,,0.0,0.0,0.0,,,,,,,,,,,,,,,,,,,,,,,,,,,,,,,,,,,,,0.0,0.0,0.0,,,,,,,,,,,,,,,,,,,,,,,,,,,,,,,,,,,,,,,
United Arab Emirates,1960,ARE,133440.0,3684790272.0,,,,,,,,,,,,,,,,,,,,,,,,,,,,,,,,,,,,,,,,,,,,0.0,0.0,0.0,,,,,,,,,,,,,,,,,,,,,,,,,,,,,,,,,,,,,0.0,0.0,0.0,,,,,,,,,,,,,,,,,,,,,,,,,,,,,,,,,,,,,,,
United Arab Emirates,1961,ARE,140998.0,4027034624.0,,,,,,,,,,,,,,,,,,,,,,,,,,,,,,,,,,,,,,,,,,,,1.012,7174.806,1.012,,,,,,,,,,,,,,,,,,,,,,,,,,,,,,,,,,,,,0.0,0.0,0.0,,,,,,,,,,,,,,,,,,,,,,,,,,,,,,,,,,,,,,,
United Arab Emirates,1962,ARE,148892.0,4477176832.0,,,,,,,,,,,,,,,,,,,,,,,,,,,,,,,,,,,,,,,,,,,100.0,1.012,13588.819,2.023,,,,,,,,,,,,,,,,,,,,,,,,,,,,,,,,,,,,,9.281,62332.023,9.281,,,,,,,,,,,,,,,,,,,,,,,,,,,,,,,,,,,,,,,
United Arab Emirates,1963,ARE,157022.0,4936303616.0,,,,,,,,,,,,,,,,,,,,,,,,,,,,,,,,,,,,,,,,,,,50.0,1.012,19327.863,3.035,,,,,,,,,,,,,,,,,,,,,,,,,,,,,,,,,,,,204.01,18.934,179684.25,28.214,,,,,,,,,,,,,,,,,,,,,,,,,,,,,,,,,,,,,,,
United Arab Emirates,1964,ARE,165324.0,5442472448.0,,,,,,,,,,,,,,,,,,,,,,,,,,,,,,,,,,,,,,,,,,,33.333,1.012,24476.381,4.047,,,,,,,,,,,,,,,,,,,,,,,,,,,,,,,,,,,,274.938,77.572,639873.75,105.786,,,,,,,,,,,,,,,,,,,,,,,,,,,,,,,,,,,,,,,
United Arab Emirates,1965,ARE,173808.0,5997095424.0,,,,,,,,,,,,,,,,,,,,,,,,,,,4916.535,0.142,,,,,,,,,,,,,,,25.0,1.012,29102.033,5.058,,,,,,0.0,0.0,0.0,0.0,,,,,0.0,0.0,0.0,0.0,,,,,,,0.0,0.0,0.0,0.0,,,,,0.855,,,4916.535,50.245,53.153,914452.875,158.939,,,,,,,,,,,,,,,0.855,,,0.0,,,0.0,,,,,,,,,,,,,,,,,,
United Arab Emirates,1966,ARE,182526.0,6609458176.0,,,,,,,,,,,,,,,,,,,,,,,,,6.73,0.058,4996.773,0.138,,,,,,,,,,,,,,,20.0,1.012,33254.438,6.07,,,,,0.0,0.0,0.0,0.0,0.0,,,,0.0,0.0,0.0,0.0,0.0,,,,,,0.0,0.0,0.0,0.0,0.0,,,6.73,0.058,0.912,,,4996.773,27.569,43.818,1110840.875,202.757,,,,,,,,,,,,,,,0.912,,0.0,0.0,,,0.0,,,,,,,,,,,,,,,,,,
United Arab Emirates,1967,ARE,191413.0,7284736000.0,,,,,,,,,,,,,,,,,,,,,,,,,492.819,4.495,28246.545,0.742,,,,,,,,,,,4.426,,,23125.389,16.667,1.012,36995.566,7.081,,,,,0.0,0.0,0.0,0.0,0.0,,,,0.0,0.0,0.0,0.0,0.0,,,,,,0.0,0.0,0.0,0.0,0.0,,,7.479,0.068,0.98,,,5121.156,6.139,12.447,1124293.375,215.204,,,,,,,,,,,,,,,5.407,,0.0,0.0,,,0.0,,,,,,,,,,,,,,,,,,
United Arab Emirates,1968,ARE,213593.0,8028547072.0,,,,,,,,,,,,,,,,,,,,,,,,,28.445,1.538,32513.768,0.865,,,,,,,,,32.159,1.423,5.85,,,27388.535,14.286,1.012,37890.129,8.093,,,,,0.0,0.0,0.0,0.0,0.0,,,,0.0,0.0,0.0,0.0,0.0,,,,,,0.0,0.0,0.0,0.0,0.0,,,11.676,0.114,1.095,,,5125.229,30.322,65.254,1313052.25,280.459,,,,,,,,,,,,,,,6.945,,0.0,0.0,,,0.0,,,,,,,,,,,,,,,,,,
United Arab Emirates,1969,ARE,253270.0,8853531648.0,,,,,,,,,,,,,,,,,,,,,,,,,0.349,0.024,27515.791,0.787,,,,,,,,,-1.667,-0.097,5.753,,,22712.916,12.5,1.012,35948.59,9.105,,,,,0.0,0.0,0.0,0.0,0.0,,,,0.0,0.0,0.0,0.0,0.0,,,,,,0.0,0.0,0.0,0.0,0.0,,,11.118,0.122,1.216,,,4802.878,26.074,73.127,1396084.25,353.586,,,,,,,,,,,,,,,6.969,,0.0,0.0,,,0.0,,,,,,,,,,,,,,,,,,
United Arab Emirates,1970,ARE,298096.0,9759055872.0,,,,,,,,,,,,,,,,,,,,,,,,,37.835,2.637,32223.146,0.984,,,,,,,,,42.373,2.437,8.19,,,27474.369,-10.796,-0.983,27245.418,8.122,,,,,0.0,0.0,0.0,0.0,0.0,,,,0.0,0.0,0.0,0.0,0.0,,,,,,0.0,0.0,0.0,0.0,0.0,,,16.373,0.199,1.416,,,4748.776,24.18,85.496,1472956.0,439.082,,,,,,,,,,,,,,,9.606,,0.0,0.0,,,0.0,,,,,,,,,,,,,,,,,,
United Arab Emirates,1971,ARE,344521.0,11392897024.0,,,,,,,,,,,,,,,,,,,,,,,,,52.391,5.032,42488.062,1.285,,,,,,,,,58.333,4.778,12.967,,,37639.215,76.591,6.22,41629.535,14.342,,,,,0.0,0.0,0.0,0.0,0.0,,,,0.0,0.0,0.0,0.0,0.0,,,,,,0.0,0.0,0.0,0.0,0.0,,,18.009,0.255,1.671,,,4848.85,35.903,157.644,1732045.625,596.726,,,0.0,0.0,,,,0.0,,0.0,,,,,14.638,,0.0,0.0,0.0,0.0,0.0,,,,,0.0,0.0,0.0,0.0,,,,,0.0,0.0,0.0,0.0,,
United Arab Emirates,1972,ARE,392377.0,13298290688.0,,,,,,,,,,,,,,,,,,,,,,,,,6.914,1.012,39885.492,1.177,,,,,,,,,3.759,0.488,13.455,,,34291.0,1.496,0.215,37098.887,14.557,,,,,0.0,0.0,0.0,0.0,0.0,,,,0.0,0.0,0.0,0.0,0.0,,,,,,0.0,0.0,0.0,0.0,0.0,,,31.404,0.525,2.195,,,5594.492,13.827,82.508,1731075.75,679.234,,,0.0,0.0,,,0.0,0.0,,0.0,,,,,15.65,,0.0,0.0,0.0,0.0,0.0,,,,0.0,0.0,0.0,0.0,0.0,,,,0.0,0.0,0.0,0.0,0.0,,
United Arab Emirates,1973,ARE,441555.0,15523947520.0,,,,,,,,,,,,,,,,,,,,,,,,,29.667,4.643,45958.285,1.307,,,,,,,,,25.362,3.413,16.868,,,38200.227,16.242,2.364,38321.672,16.921,,,,,0.0,0.0,0.0,0.0,0.0,,,,0.0,0.0,0.0,0.0,0.0,,,,,,0.0,0.0,0.0,0.0,0.0,,,56.054,1.23,3.426,,,7758.062,27.082,183.949,1954871.0,863.183,,,0.0,0.0,,,0.0,0.0,,0.0,,,,,20.293,,0.0,0.0,0.0,0.0,0.0,,,,0.0,0.0,0.0,0.0,0.0,,,,0.0,0.0,0.0,0.0,0.0,,
United Arab Emirates,1974,ARE,491963.0,20552257536.0,,,,,,,,,,,,,,,,,,,,,,,,,9.867,2.002,45319.484,1.085,,,,,,,,,4.046,0.682,17.55,,,35673.414,0.144,0.024,34444.664,16.945,,,,,0.0,0.0,0.0,0.0,0.0,,,,0.0,0.0,0.0,0.0,0.0,,,,,,0.0,0.0,0.0,0.0,0.0,,,38.53,1.32,4.746,,,9646.073,9.526,82.229,1921714.5,945.412,,,0.0,0.0,,,0.0,0.0,,0.0,,,,,22.296,,0.0,0.0,0.0,0.0,0.0,,,,0.0,0.0,0.0,0.0,0.0,,,,0.0,0.0,0.0,0.0,0.0,,
United Arab Emirates,1975,ARE,543410.0,21211678720.0,,,,,,,,,,,,,,,,,,,,,,,,,7.014,1.564,43906.457,1.125,,,,,,,,,-7.778,-1.365,16.185,,,29784.141,-4.488,-0.76,29784.141,16.185,,,,,0.0,0.0,0.0,0.0,0.0,,,,0.0,0.0,0.0,0.0,0.0,,,,,,0.0,0.0,0.0,0.0,0.0,,,61.715,2.929,7.674,,,14122.316,-0.882,-8.336,1724438.0,937.077,,,0.0,0.0,,,0.0,0.0,,0.0,,,,,23.859,,0.0,0.0,0.0,0.0,0.0,,,,0.0,0.0,0.0,0.0,0.0,,,,0.0,0.0,0.0,0.0,0.0,,
United Arab Emirates,1976,ARE,614187.0,24401131520.0,,,,,,,,,,,,,,,,,,,,,,,,,26.535,6.331,49154.797,1.237,,,,,,,,,16.867,2.73,18.915,,,30796.809,16.867,2.73,30796.809,18.915,,,,,0.0,0.0,0.0,0.0,0.0,,,,0.0,0.0,0.0,0.0,0.0,,,,,,0.0,0.0,0.0,0.0,0.0,,,46.924,3.601,11.275,,,18357.984,16.703,156.521,1780562.375,1093.598,,,0.0,0.0,,,0.0,0.0,,0.0,,,,,30.19,,0.0,0.0,0.0,0.0,0.0,,,,0.0,0.0,0.0,0.0,0.0,,,,0.0,0.0,0.0,0.0,0.0,,
United Arab Emirates,1977,ARE,706870.0,28656111616.0,,,,,,,,,,,,,,,,,,,,,,,,,64.396,19.441,70213.055,1.732,,,,,,,,,74.227,14.04,32.955,,,46621.016,101.031,19.11,53793.48,38.025,,,,,0.0,0.0,0.0,0.0,0.0,,,,0.0,0.0,0.0,0.0,0.0,,,,,,0.0,0.0,0.0,0.0,0.0,,,47.904,5.401,16.677,,,23592.033,2.936,32.105,1592517.75,1125.703,,,0.0,0.0,,,0.0,0.0,,0.0,,,,,49.632,,0.0,0.0,0.0,0.0,0.0,,,,0.0,0.0,0.0,0.0,0.0,,,,0.0,0.0,0.0,0.0,0.0,,
United Arab Emirates,1978,ARE,805241.0,27984656384.0,,,,,,,,,,,,,,,,,,,,,,,,,15.855,7.869,71408.195,2.055,,,,,,,,,18.639,6.143,39.097,,,48553.785,46.41,17.648,69137.688,55.673,,,,,0.0,0.0,0.0,0.0,0.0,,,,0.0,0.0,0.0,0.0,0.0,,,,,,0.0,0.0,0.0,0.0,0.0,,,10.355,1.727,18.403,,,22854.414,-8.416,-94.738,1280319.0,1030.965,,,0.0,0.0,,,0.0,0.0,,0.0,,,,,57.501,,0.0,0.0,0.0,0.0,0.0,,,,0.0,0.0,0.0,0.0,0.0,,,,0.0,0.0,0.0,0.0,0.0,,
United Arab Emirates,1979,ARE,908463.0,34949636096.0,,,,,,,,,,,,,,,,,,,,,,,,,17.495,10.06,74367.781,1.933,,,,,,,,,8.728,3.412,42.51,,,46793.316,7.005,3.9,65575.039,59.572,,,,,0.0,0.0,0.0,0.0,0.0,,,,0.0,0.0,0.0,0.0,0.0,,,,,,0.0,0.0,0.0,0.0,0.0,,,36.119,6.647,25.05,,,27574.467,0.01,0.106,1134962.875,1031.072,,,0.0,0.0,,,0.0,0.0,,0.0,,,,,67.56,,0.0,0.0,0.0,0.0,0.0,,,,0.0,0.0,0.0,0.0,0.0,,,,0.0,0.0,0.0,0.0,0.0,,
United Arab Emirates,1980,ARE,1014058.0,44180586496.0,,,,,,,,,,,,,,,,,,0.0,0.0,,,,,,60.089,40.596,106657.023,2.448,,,,,,,,,12.844,5.46,47.97,,,47304.984,23.077,13.747,72303.547,73.32,,,,,0.0,0.0,0.0,0.0,0.0,,,,0.0,0.0,0.0,0.0,0.0,,,,,,0.0,0.0,0.0,0.0,0.0,,,140.261,35.136,60.186,,,59352.043,-5.471,-56.409,961150.938,974.663,,,0.0,0.0,,,0.0,0.0,,0.0,,,,,108.156,,0.0,0.0,0.0,0.0,0.0,,,,0.0,0.0,0.0,0.0,0.0,,,,0.0,0.0,0.0,0.0,0.0,,
United Arab Emirates,1981,ARE,1100189.0,45416116224.0,,,,,,,,,,,,,,,,,0.0,0.0,0.0,,,,,,16.432,17.772,114460.664,2.773,,,,,,,,,26.22,12.577,60.547,,,55033.723,17.819,13.065,78518.328,86.385,,,,,0.0,0.0,0.0,0.0,0.0,,,,0.0,0.0,0.0,0.0,0.0,,,,,,0.0,0.0,0.0,0.0,0.0,,,8.631,5.194,65.381,,,59426.941,-11.597,-113.035,783163.625,861.628,,,0.0,0.0,,,0.0,0.0,,0.0,,,,,125.928,,0.0,0.0,0.0,0.0,0.0,,,,0.0,0.0,0.0,0.0,0.0,,,,0.0,0.0,0.0,0.0,0.0,,
United Arab Emirates,1982,ARE,1167859.0,41674108928.0,,,,,,,,,,,,,,,,,0.0,0.0,0.0,,,,,,7.971,10.038,116423.289,3.263,,,,,,,,,4.992,3.023,63.57,,,54432.941,7.223,6.24,79311.797,92.625,,,,,0.0,0.0,0.0,0.0,0.0,,,,0.0,0.0,0.0,0.0,0.0,,,,,,0.0,0.0,0.0,0.0,0.0,,,10.73,7.015,72.396,,,61990.344,-13.017,-112.162,641743.25,749.466,,,0.0,0.0,,,0.0,0.0,,0.0,,,,,135.966,,0.0,0.0,0.0,0.0,0.0,,,,0.0,0.0,0.0,0.0,0.0,,,,0.0,0.0,0.0,0.0,0.0,,
United Arab Emirates,1983,ARE,1237582.0,39582306304.0,,,,,,,,,,,,,,,,,0.0,0.0,0.0,,,,,,-4.009,-5.451,105459.898,3.297,,,,,,,,,-8.742,-5.557,58.013,,,46875.684,-12.0,-11.115,65862.297,81.51,,,,,0.0,0.0,0.0,0.0,0.0,,,,0.0,0.0,0.0,0.0,0.0,,,,,,0.0,0.0,0.0,0.0,0.0,,,0.148,0.107,72.503,,,58584.223,-5.81,-43.543,570404.562,705.922,,,0.0,0.0,,,0.0,0.0,,0.0,,,,,130.515,,0.0,0.0,0.0,0.0,0.0,,,,0.0,0.0,0.0,0.0,0.0,,,,0.0,0.0,0.0,0.0,0.0,,
United Arab Emirates,1984,ARE,1308339.0,41273712640.0,,,,,,,,,,,,,,,,,0.0,0.0,0.0,,,,,,24.542,32.032,124239.039,3.938,,,,,,,,,37.479,21.742,79.755,,,60958.969,31.579,25.74,81974.164,107.25,,,,,0.0,0.0,0.0,0.0,0.0,,,,0.0,0.0,0.0,0.0,0.0,,,,,,0.0,0.0,0.0,0.0,0.0,,,14.191,10.289,82.792,,,63280.07,-4.213,-29.741,516824.531,676.182,,,0.0,0.0,,,0.0,0.0,,0.0,,,,,162.547,,0.0,0.0,0.0,0.0,0.0,,,,0.0,0.0,0.0,0.0,0.0,,,,0.0,0.0,0.0,0.0,0.0,,
United Arab Emirates,1985,ARE,1379543.0,40307253248.0,,,,,,,,,,,,,,0.0,0.0,,0.0,0.0,0.0,0.0,,,12.185,6.043,24.046,39.087,146159.641,5.002,,,8832.635,12.185,,,100.0,,23.716,18.915,98.67,8831.912,12.184,71523.688,20.273,21.743,93503.789,128.992,99.992,,,,0.0,0.0,0.0,0.0,0.0,0.0,,,0.0,0.0,0.0,0.0,0.0,0.0,,,,,0.0,0.0,0.0,0.0,0.0,0.0,,24.364,20.172,102.964,0.723,0.001,74635.969,-3.751,-25.366,471762.0,650.816,0.008,,0.0,0.0,,,0.0,0.0,,0.0,0.0,,,8832.635,201.634,,0.0,0.0,0.0,0.0,0.0,0.0,,,0.0,0.0,0.0,0.0,0.0,0.0,,,0.0,0.0,0.0,0.0,0.0,0.0,
United Arab Emirates,1986,ARE,1468701.0,31750852608.0,,,,,,,,,,,,,,0.0,0.0,,0.0,0.0,0.0,0.0,,,12.815,5.244,21.204,42.754,166396.859,7.697,,,8725.397,12.815,,,100.0,,21.443,21.157,119.827,8724.67,12.814,81587.398,15.042,19.403,101038.266,148.395,99.992,,,,0.0,0.0,0.0,0.0,0.0,0.0,,,0.0,0.0,0.0,0.0,0.0,0.0,,,,,0.0,0.0,0.0,0.0,0.0,0.0,,20.975,21.596,124.56,0.728,0.001,84809.453,15.476,100.72,511701.094,751.536,0.008,,0.0,0.0,,,0.0,0.0,,0.0,0.0,,,8725.397,244.387,,0.0,0.0,0.0,0.0,0.0,0.0,,,0.0,0.0,0.0,0.0,0.0,0.0,,,0.0,0.0,0.0,0.0,0.0,0.0,
United Arab Emirates,1987,ARE,1575913.0,32884649984.0,,,,,,,,,,,,,,0.0,0.0,,0.0,0.0,0.0,0.0,,,13.658,5.002,11.74,28.69,173281.828,8.304,,,8666.723,13.658,,,100.0,,14.076,16.868,136.695,8666.001,13.657,86740.188,10.972,16.282,104496.562,164.677,99.992,,,,0.0,0.0,0.0,0.0,0.0,0.0,,,0.0,0.0,0.0,0.0,0.0,0.0,,,,,0.0,0.0,0.0,0.0,0.0,0.0,,9.491,11.822,136.382,0.721,0.001,86541.641,5.537,41.609,503292.344,793.145,0.008,,0.0,0.0,,,0.0,0.0,,0.0,0.0,,,8666.723,273.077,,0.0,0.0,0.0,0.0,0.0,0.0,,,0.0,0.0,0.0,0.0,0.0,0.0,,,0.0,0.0,0.0,0.0,0.0,0.0,
United Arab Emirates,1988,ARE,1683687.0,32803829760.0,,,,,,,,,,,,,,0.0,0.0,,0.0,0.0,0.0,0.0,,,14.84,4.916,10.548,28.805,179298.469,9.203,,,8813.99,14.84,,,100.0,,1.141,1.56,138.255,8813.256,14.839,82114.438,2.783,4.583,100529.367,169.26,99.992,,,,0.0,0.0,0.0,0.0,0.0,0.0,,,0.0,0.0,0.0,0.0,0.0,0.0,,,,,0.0,0.0,0.0,0.0,0.0,0.0,,19.977,27.245,163.628,0.735,0.001,97184.047,5.642,44.75,497654.688,837.895,0.008,,0.0,0.0,,,0.0,0.0,,0.0,0.0,,,8813.99,301.883,,0.0,0.0,0.0,0.0,0.0,0.0,,,0.0,0.0,0.0,0.0,0.0,0.0,,,0.0,0.0,0.0,0.0,0.0,0.0,
United Arab Emirates,1989,ARE,1791848.0,36287311872.0,,,,,,,,,,,,,,0.0,0.0,,0.0,0.0,0.0,0.0,,,15.612,4.59,12.681,38.282,189840.281,9.374,,,8712.793,15.612,,,100.0,,21.791,30.127,168.382,8712.07,15.611,93971.414,17.396,29.445,110893.883,198.705,99.992,,,,0.0,0.0,0.0,0.0,0.0,0.0,,,0.0,0.0,0.0,0.0,0.0,0.0,,,,,0.0,0.0,0.0,0.0,0.0,0.0,,4.984,8.155,171.782,0.723,0.001,95868.867,18.087,151.553,552194.0,989.448,0.008,,0.0,0.0,,,0.0,0.0,,0.0,0.0,,,8712.793,340.165,,0.0,0.0,0.0,0.0,0.0,0.0,,,0.0,0.0,0.0,0.0,0.0,0.0,,,0.0,0.0,0.0,0.0,0.0,0.0,
United Arab Emirates,1990,ARE,1900160.0,40641368064.0,,,,,,,,,,,,,,0.0,0.0,,0.0,0.0,0.0,0.0,,,17.081,4.952,1.407,4.788,181538.766,8.488,,,8989.243,17.081,,,100.0,,-2.085,-3.51,164.872,8988.497,17.08,86767.695,-1.325,-2.632,103187.359,196.072,99.992,,,,0.0,0.0,0.0,0.0,0.0,0.0,,,0.0,0.0,0.0,0.0,0.0,0.0,,,,,0.0,0.0,0.0,0.0,0.0,0.0,,4.83,8.298,180.08,0.746,0.001,94771.07,9.491,93.904,570137.0,1083.352,0.008,,0.0,0.0,,,0.0,0.0,,0.0,0.0,,,8989.242,344.953,,0.0,0.0,0.0,0.0,0.0,0.0,,,0.0,0.0,0.0,0.0,0.0,0.0,,,0.0,0.0,0.0,0.0,0.0,0.0,
United Arab Emirates,1991,ARE,2008390.0,,,,,,,,,,,,,,,0.0,0.0,,0.0,0.0,0.0,0.0,,,17.222,4.092,21.999,75.885,209539.703,,,,8575.028,17.222,,,100.0,,20.402,33.638,198.51,8574.312,17.221,98840.367,18.399,36.075,115588.859,232.148,99.992,,,,0.0,0.0,0.0,0.0,0.0,0.0,,,0.0,0.0,0.0,0.0,0.0,0.0,,,,,0.0,0.0,0.0,0.0,0.0,0.0,,23.46,42.247,222.327,0.717,0.001,110699.336,14.707,159.332,618746.188,1242.684,0.008,,0.0,0.0,,,0.0,0.0,,0.0,0.0,,,8575.028,420.837,,0.0,0.0,0.0,0.0,0.0,0.0,,,0.0,0.0,0.0,0.0,0.0,0.0,,,0.0,0.0,0.0,0.0,0.0,0.0,
United Arab Emirates,1992,ARE,2116235.0,,,,,,,,,,,,,,,0.0,0.0,,0.0,0.0,0.0,0.0,,,18.689,4.595,-3.36,-14.142,192178.875,,,,8831.251,18.689,,,100.0,,-7.908,-15.698,182.812,8830.518,18.687,86385.719,-6.888,-15.99,102142.484,216.158,99.992,,,,0.0,0.0,0.0,0.0,0.0,0.0,,,0.0,0.0,0.0,0.0,0.0,0.0,,,,,0.0,0.0,0.0,0.0,0.0,0.0,,0.7,1.556,223.883,0.733,0.002,105793.148,10.134,125.934,646722.812,1368.617,0.008,,0.0,0.0,,,0.0,0.0,,0.0,0.0,,,8831.25,406.696,,0.0,0.0,0.0,0.0,0.0,0.0,,,0.0,0.0,0.0,0.0,0.0,0.0,,,0.0,0.0,0.0,0.0,0.0,0.0,
United Arab Emirates,1993,ARE,2223289.0,55476445184.0,,,,,,,,,,,,,,0.0,0.0,,0.0,0.0,0.0,0.0,,,21.73,5.131,4.125,16.775,190470.219,7.633,,,9773.808,21.73,,,100.0,,4.747,8.678,191.49,9772.995,21.728,86129.156,3.699,7.995,100820.227,224.152,99.992,,,,0.0,0.0,0.0,0.0,0.0,0.0,,,0.0,0.0,0.0,0.0,0.0,0.0,,,,,0.0,0.0,0.0,0.0,0.0,0.0,,3.617,8.097,231.98,0.812,0.002,104341.07,-2.82,-38.597,598222.188,1330.021,0.008,,0.0,0.0,,,0.0,0.0,,0.0,0.0,,,9773.808,423.47,,0.0,0.0,0.0,0.0,0.0,0.0,,,0.0,0.0,0.0,0.0,0.0,0.0,,,0.0,0.0,0.0,0.0,0.0,0.0,
United Arab Emirates,1994,ARE,2329034.0,64932859904.0,,,,,,,,,,,,,,0.0,0.0,,0.0,0.0,0.0,0.0,,,23.736,5.108,9.73,41.204,199513.672,7.156,,,10191.35,23.736,,,100.0,,15.631,29.932,221.422,10190.503,23.734,95070.523,12.31,27.592,108089.875,251.745,99.992,,,,0.0,0.0,0.0,0.0,0.0,0.0,,,0.0,0.0,0.0,0.0,0.0,0.0,,,,,0.0,0.0,0.0,0.0,0.0,0.0,,4.859,11.271,243.252,0.847,0.002,104443.141,0.829,11.02,575792.938,1341.041,0.008,,0.0,0.0,,,0.0,0.0,,0.0,0.0,,,10191.35,464.674,,0.0,0.0,0.0,0.0,0.0,0.0,,,0.0,0.0,0.0,0.0,0.0,0.0,,,0.0,0.0,0.0,0.0,0.0,0.0,
United Arab Emirates,1995,ARE,2434001.0,75357175808.0,,,,,,,,,,,,,,0.0,0.0,,0.0,0.0,0.0,0.0,,,24.982,5.152,4.346,20.197,199207.391,6.434,,,10263.759,24.982,,,100.0,,9.159,20.28,241.702,10263.045,24.98,99302.539,21.301,53.625,125460.094,305.37,99.993,,,,0.0,0.0,0.0,0.0,0.0,0.0,,,0.0,0.0,0.0,0.0,0.0,0.0,,,,,0.0,0.0,0.0,0.0,0.0,0.0,,-0.034,-0.083,243.169,0.714,0.002,99904.852,-0.778,-10.438,546673.25,1330.603,0.007,,0.0,0.0,,,0.0,0.0,,0.0,0.0,,,10263.759,484.871,,0.0,0.0,0.0,0.0,0.0,0.0,,,0.0,0.0,0.0,0.0,0.0,0.0,,,0.0,0.0,0.0,0.0,0.0,0.0,
United Arab Emirates,1996,ARE,2572739.0,86335651840.0,,,,,,,,,,,,,,0.0,0.0,,0.0,0.0,0.0,0.0,,,26.572,5.318,3.056,14.817,194224.094,5.788,,,10328.292,26.572,,,100.0,,9.52,23.01,264.712,10327.513,26.57,102891.312,7.918,24.18,128093.055,329.55,99.992,,,,0.0,0.0,0.0,0.0,0.0,0.0,,,0.0,0.0,0.0,0.0,0.0,0.0,,,,,0.0,0.0,0.0,0.0,0.0,0.0,,-3.369,-8.193,234.975,0.779,0.002,91332.781,2.192,29.165,528529.562,1359.769,0.008,,0.0,0.0,,,0.0,0.0,,0.0,0.0,,,10328.293,499.688,,0.0,0.0,0.0,0.0,0.0,0.0,,,0.0,0.0,0.0,0.0,0.0,0.0,,,0.0,0.0,0.0,0.0,0.0,0.0,
United Arab Emirates,1997,ARE,2746127.0,101840109568.0,,,,,,,,,,,,,,0.0,0.0,,0.0,0.0,0.0,0.0,,,28.464,5.459,4.356,21.768,189887.922,5.12,,,10365.143,28.464,,,100.0,,6.814,18.038,282.75,10364.186,28.461,102963.195,7.426,24.473,128917.023,354.023,99.991,,,,0.0,0.0,0.0,0.0,0.0,0.0,,,0.0,0.0,0.0,0.0,0.0,0.0,,,,,0.0,0.0,0.0,0.0,0.0,0.0,,1.588,3.731,238.706,0.958,0.003,86924.742,0.332,4.518,496804.031,1364.287,0.009,,0.0,0.0,,,0.0,0.0,,0.0,0.0,,,10365.144,521.456,,0.0,0.0,0.0,0.0,0.0,0.0,,,0.0,0.0,0.0,0.0,0.0,0.0,,,0.0,0.0,0.0,0.0,0.0,0.0,
United Arab Emirates,1998,ARE,2921135.0,111460818944.0,,,,,,,,,,,,,,0.0,0.0,,0.0,0.0,0.0,0.0,,,33.392,6.252,2.427,12.656,182844.297,4.792,,,11431.173,33.392,,,100.0,,4.793,13.552,296.302,11430.237,33.389,101434.031,2.093,7.41,123730.156,361.432,99.992,,,,0.0,0.0,0.0,0.0,0.0,0.0,,,0.0,0.0,0.0,0.0,0.0,0.0,,,,,0.0,0.0,0.0,0.0,0.0,0.0,,-0.375,-0.896,237.81,0.935,0.003,81410.266,3.593,49.013,483818.75,1413.3,0.008,,0.0,0.0,,,0.0,0.0,,0.0,0.0,,,11431.173,534.113,,0.0,0.0,0.0,0.0,0.0,0.0,,,0.0,0.0,0.0,0.0,0.0,0.0,,,0.0,0.0,0.0,0.0,0.0,0.0,
United Arab Emirates,1999,ARE,3097572.0,125528113152.0,,,,,,,,,,,,,,0.0,0.0,,0.0,0.0,0.0,0.0,,,37.126,6.896,0.797,4.256,173803.531,4.289,,,11985.517,37.126,,,100.0,,3.389,10.042,306.345,11984.605,37.123,98898.422,3.831,13.845,121152.148,375.277,99.992,,,,0.0,0.0,0.0,0.0,0.0,0.0,,,0.0,0.0,0.0,0.0,0.0,0.0,,,,,0.0,0.0,0.0,0.0,0.0,0.0,,-2.433,-5.786,232.024,0.91,0.003,74905.109,-7.812,-110.404,420618.469,1302.896,0.008,,0.0,0.0,,,0.0,0.0,,0.0,0.0,,,11985.517,538.369,,0.0,0.0,0.0,0.0,0.0,0.0,,,0.0,0.0,0.0,0.0,0.0,0.0,,,0.0,0.0,0.0,0.0,0.0,0.0,
United Arab Emirates,2000,ARE,3275338.0,153035276288.0,,,,,0.0,0.0,0.0,,489.877,,,,,0.0,0.0,,0.0,0.0,0.0,0.0,,37.54,37.54,7.007,-0.481,-2.587,163580.656,3.501,,,11461.412,37.54,,,100.0,,0.032,0.098,306.443,11461.412,37.54,93560.578,-0.286,-1.072,114249.281,374.205,100.0,,18.39,,0.0,0.0,0.0,0.0,0.0,0.0,,,0.0,0.0,0.0,0.0,0.0,0.0,,0.0,0.0,,0.0,0.0,0.0,0.0,0.0,0.0,,-1.157,-2.685,229.339,0.0,0.0,70020.07,8.475,110.421,431502.531,1413.317,0.0,,0.0,0.0,0.0,,0.0,0.0,0.0,0.0,0.0,0.0,,11461.412,535.782,,0.0,0.0,0.0,0.0,0.0,0.0,,,0.0,0.0,0.0,0.0,0.0,0.0,,,0.0,0.0,0.0,0.0,0.0,0.0,
United Arab Emirates,2001,ARE,3454204.0,169106472960.0,,,,,0.0,0.0,0.0,,489.896,,,62.244,0.215,0.0,0.0,,0.0,0.0,0.0,0.0,,40.58,40.58,7.493,1.08,5.784,156784.594,3.203,,,11748.004,40.58,156784.609,541.566,100.0,,2.704,8.288,314.73,11748.004,40.58,91115.062,2.553,9.555,111099.398,383.76,100.0,,19.88,,,,0.0,0.0,,0.0,,,,,0.0,0.0,,0.0,,0.0,0.0,,,,0.0,0.0,,0.0,,-1.185,-2.718,226.621,0.0,0.0,65607.305,-2.559,-36.166,398688.156,1377.15,0.0,,0.0,0.0,0.0,,0.0,0.0,0.0,0.0,0.0,0.0,,11748.004,541.566,,,,0.0,0.0,,0.0,,,0.0,0.0,0.0,0.0,0.0,0.0,,,0.0,0.0,0.0,0.0,0.0,0.0,
United Arab Emirates,2002,ARE,3633665.0,187898953728.0,,,,,0.0,0.0,0.0,,490.009,409.991,0.881,301.761,1.096,0.0,0.0,,0.0,0.0,0.0,0.0,,44.04,44.04,7.443,9.256,50.127,162836.453,3.149,9.256,50.127,12119.994,44.04,162836.453,591.693,100.0,,12.887,40.56,355.29,12119.994,44.04,97777.312,10.239,39.293,116425.836,423.052,100.0,,21.58,,,,0.0,0.0,,0.0,,,,,0.0,0.0,,0.0,,0.0,0.0,,,,0.0,0.0,,0.0,,3.833,8.686,235.307,0.0,0.0,64757.379,-7.934,-109.267,348926.938,1267.884,0.0,,0.0,0.0,0.0,,0.0,0.0,0.0,0.0,0.0,0.0,,12119.994,591.693,,,,0.0,0.0,,0.0,,,0.0,0.0,0.0,0.0,0.0,0.0,,,0.0,0.0,0.0,0.0,0.0,0.0,
United Arab Emirates,2003,ARE,3813452.0,221794893824.0,,,,,0.0,0.0,0.0,,490.103,17.647,0.194,338.276,1.29,0.0,0.0,,0.0,0.0,0.0,0.0,,46.48,46.48,7.364,6.669,39.462,165507.594,2.846,6.669,39.462,12188.432,46.48,165507.594,631.155,100.0,,3.952,14.04,369.33,12188.432,46.48,96849.266,3.227,13.65,114516.32,436.702,100.0,,22.78,,,,0.0,0.0,,0.0,,,,,0.0,0.0,,0.0,,0.0,0.0,,,,0.0,0.0,,0.0,,10.722,25.229,260.535,0.0,0.0,68320.062,15.751,199.702,384844.438,1467.586,0.0,,0.0,0.0,0.0,,0.0,0.0,0.0,0.0,0.0,0.0,,12188.432,631.155,,,,0.0,0.0,,0.0,,,0.0,0.0,0.0,0.0,0.0,0.0,,,0.0,0.0,0.0,0.0,0.0,0.0,
United Arab Emirates,2004,ARE,3993346.0,263839399936.0,,,,,0.0,0.0,0.0,,489.953,13.333,0.172,366.108,1.462,0.0,0.0,,0.0,0.0,0.0,0.0,,49.27,49.27,7.299,6.957,43.91,169047.547,2.559,6.957,43.91,12338.024,49.27,169047.547,675.065,100.0,,6.151,22.717,392.047,12338.024,49.27,98175.188,3.349,14.625,113019.883,451.327,100.0,,24.14,,,,0.0,0.0,,0.0,,,,,0.0,0.0,,0.0,,0.0,0.0,,,,0.0,0.0,,0.0,,8.068,21.021,281.556,0.0,0.0,70506.258,4.031,59.153,382320.75,1526.739,0.0,,0.0,0.0,0.0,,0.0,0.0,0.0,0.0,0.0,0.0,,12338.024,675.065,,,,0.0,0.0,,0.0,,,0.0,0.0,0.0,0.0,0.0,0.0,,,0.0,0.0,0.0,0.0,0.0,0.0,
United Arab Emirates,2005,ARE,4280995.0,300624052224.0,,,,,0.0,0.0,0.0,,489.921,15.686,0.229,395.078,1.691,0.0,0.0,,0.0,0.0,0.0,0.0,,57.05,57.05,8.097,4.375,29.533,164587.453,2.344,4.375,29.533,13326.341,57.05,164587.438,704.598,100.0,,4.576,17.94,409.987,13326.341,57.05,95769.203,3.24,14.625,108842.102,465.952,100.0,,27.95,,,,0.0,0.0,,0.0,,,,,0.0,0.0,,0.0,,0.0,0.0,,,,0.0,0.0,,0.0,,4.036,11.363,292.919,0.0,0.0,68423.172,4.02,61.372,370967.688,1588.111,0.0,,0.0,0.0,0.0,,0.0,0.0,0.0,0.0,0.0,0.0,,13326.341,704.598,,,,0.0,0.0,,0.0,,,0.0,0.0,0.0,0.0,0.0,0.0,,,0.0,0.0,0.0,0.0,0.0,0.0,
United Arab Emirates,2006,ARE,4898956.0,359086686208.0,,,,,0.0,0.0,0.0,,489.962,93.645,1.584,668.545,3.275,0.0,0.0,,0.0,0.0,0.0,0.0,,62.76,62.76,8.466,5.208,36.695,151316.516,2.064,5.208,36.695,12810.893,62.76,151316.516,741.293,100.0,,3.115,12.773,422.76,12810.893,62.76,86295.938,2.092,9.75,97102.828,475.702,100.0,,30.75,,,,0.0,0.0,,0.0,,,,,0.0,0.0,,0.0,,0.0,0.0,,,,0.0,0.0,,0.0,,7.626,22.339,315.258,0.0,0.0,64352.035,6.666,105.869,345783.938,1693.98,0.0,,0.0,0.0,0.0,,0.0,0.0,0.0,0.0,0.0,0.0,,12810.893,741.293,,,,0.0,0.0,,0.0,,,0.0,0.0,0.0,0.0,0.0,0.0,,,0.0,0.0,0.0,0.0,0.0,0.0,
United Arab Emirates,2007,ARE,5872640.0,403039420416.0,,,,,0.0,0.0,0.0,,489.937,-51.86,-1.699,268.477,1.577,0.0,0.0,,0.0,0.0,0.0,0.0,,74.03,74.03,9.046,10.396,77.068,139351.469,2.03,10.396,77.068,12605.915,74.03,139351.469,818.361,100.0,,13.393,56.622,479.382,12605.915,74.03,81629.781,3.074,14.625,83493.539,490.327,100.0,,36.27,,,,0.0,0.0,,0.0,,,,,0.0,0.0,,0.0,,0.0,0.0,,,,0.0,0.0,,0.0,,7.024,22.144,337.402,0.0,0.0,57453.215,-1.382,-23.407,284467.219,1670.573,0.0,,0.0,0.0,0.0,,0.0,0.0,0.0,0.0,0.0,0.0,,12605.915,818.361,,,,0.0,0.0,,0.0,,,0.0,0.0,0.0,0.0,0.0,0.0,,,0.0,0.0,0.0,0.0,0.0,0.0,
United Arab Emirates,2008,ARE,6988687.0,452209115136.0,,,,,0.0,0.0,0.0,,490.008,153.182,2.415,571.185,3.992,0.0,0.0,,0.0,0.0,0.0,0.0,,77.06,77.06,8.212,14.668,120.039,134274.219,2.075,14.668,120.039,11026.392,77.06,134274.219,938.401,100.0,,20.931,100.339,579.721,11026.392,77.06,82951.367,-0.099,-0.487,70090.422,489.84,100.0,,37.76,,,,0.0,0.0,,0.0,,,,,0.0,0.0,,0.0,,0.0,0.0,,,,0.0,0.0,,0.0,,5.123,17.285,354.688,0.0,0.0,50751.668,1.116,18.648,241707.984,1689.221,0.0,,0.0,0.0,0.0,,0.0,0.0,0.0,0.0,0.0,0.0,,11026.392,938.401,,,,0.0,0.0,,0.0,,,0.0,0.0,0.0,0.0,0.0,0.0,,,0.0,0.0,0.0,0.0,0.0,0.0,
United Arab Emirates,2009,ARE,7992658.0,465464623104.0,,,,,0.0,0.0,0.0,,489.929,-20.207,-0.807,398.519,3.185,0.0,0.0,,0.0,0.0,0.0,0.0,,82.91,82.91,8.958,-1.367,-12.825,115803.188,1.988,-1.369,-12.843,10372.019,82.9,115800.961,925.557,99.988,,-0.662,-3.84,575.881,10372.019,82.9,72051.219,-2.787,-13.65,59578.426,476.19,99.988,,40.62,,,,0.0,0.0,,0.0,,,,,1.251,0.01,,0.012,,0.0,0.0,,,,0.0,0.0,,0.0,,-2.311,-8.196,346.492,0.0,0.0,43351.23,-11.313,-191.104,187436.719,1498.118,0.0,,0.0,0.0,0.0,,0.0,0.0,0.0,0.0,0.0,0.0,,10373.271,925.575,,,,1.251,0.01,,0.012,,,0.018,0.018,1.251,0.01,2.22,0.012,,,0.0,0.0,0.0,0.0,0.0,0.0,
United Arab Emirates,2010,ARE,8481775.0,513346961408.0,,,,,0.0,0.0,0.0,,489.868,140.26,4.468,902.266,7.653,0.0,0.0,,0.0,0.0,0.0,0.0,,88.33,88.33,9.083,5.069,46.916,114656.625,1.894,5.065,46.883,10411.735,88.31,114650.594,972.441,99.977,,2.923,16.836,592.716,10411.735,88.31,69881.18,5.0,23.81,58949.863,499.999,99.977,,43.27,,,,0.0,0.0,,0.0,,,,,2.358,0.02,,0.023,,0.0,0.0,,,,0.0,0.0,,0.0,,7.383,25.58,372.071,0.0,0.0,43867.148,4.214,63.137,184071.719,1561.255,0.0,,0.0,0.0,0.0,,0.0,0.0,0.0,0.0,0.0,0.0,,10414.094,972.492,,,,2.358,0.02,,0.023,,189.959,0.033,0.051,2.358,0.02,6.029,0.023,,,0.0,0.0,0.0,0.0,0.0,0.0,
United Arab Emirates,2011,ARE,8575210.0,583589888000.0,,,,,0.0,0.0,0.0,,489.809,-32.392,-2.479,603.36,5.174,0.0,0.0,,0.0,0.0,0.0,0.0,,93.2,93.22,9.131,4.981,48.44,119056.133,1.749,4.981,48.434,10867.373,93.19,119049.469,1020.874,99.968,,3.989,23.645,616.361,10867.373,93.19,71877.117,2.001,10.004,59474.109,510.003,99.968,,45.66,,,,0.0,0.0,,0.0,,,,,3.498,0.03,,0.032,,-0.02,-0.021,,,,0.0,0.0,,0.0,,7.329,27.268,399.339,0.0,0.0,46568.988,11.288,176.241,202618.453,1737.496,0.0,,0.0,0.0,0.0,,0.0,0.0,0.0,0.0,0.0,0.0,,10870.871,1020.931,,,,3.498,0.03,,0.032,,12.332,0.006,0.057,3.498,0.03,6.658,0.032,,,0.0,0.0,0.0,0.0,0.0,0.0,
United Arab Emirates,2012,ARE,8664976.0,623215050752.0,,,,,0.0,0.0,0.0,,489.935,210.728,10.903,1855.388,16.077,0.0,0.0,,0.0,0.0,0.0,0.0,,99.82,99.85,9.296,5.208,53.168,123958.766,1.723,5.207,53.159,11521.095,99.83,123951.102,1074.033,99.98,,3.723,22.946,639.307,11521.095,99.83,73780.641,3.808,19.422,61099.418,529.425,99.98,,48.92,,,,0.0,0.0,,0.0,,,,,2.308,0.02,,0.02,,-0.03,-0.03,,,,0.0,0.0,,0.0,,4.835,19.31,418.649,0.0,0.0,48315.066,3.686,64.036,207909.562,1801.531,0.0,,0.0,0.0,0.0,,0.0,0.0,0.0,0.0,0.0,0.0,,11523.402,1074.1,,,,2.308,0.02,,0.02,,17.134,0.009,0.066,2.308,0.02,7.671,0.02,,,0.0,0.0,0.0,0.0,0.0,0.0,
United Arab Emirates,2013,ARE,8751853.0,650352197632.0,,,,,0.0,0.0,0.0,,489.604,28.016,4.504,2351.613,20.581,0.0,0.0,,0.0,0.0,0.0,0.0,,103.39,103.41,9.125,5.506,59.145,129486.234,1.743,5.491,58.974,11806.644,103.33,129459.18,1133.008,99.923,,1.281,8.189,647.496,11806.644,103.33,73983.906,0.552,2.925,60827.117,532.35,99.923,,50.63,,,,0.0,0.0,,0.0,,,,,9.141,0.08,,0.077,,-0.02,-0.019,,,,0.0,0.0,,0.0,,11.055,46.282,464.93,0.0,0.0,53123.66,4.338,78.158,214776.156,1879.689,0.0,,0.0,0.0,0.0,,0.0,0.0,0.0,0.0,0.0,0.0,,11815.783,1133.245,,,,9.141,0.08,,0.077,,252.376,0.166,0.233,9.141,0.08,26.602,0.077,,,0.004,0.004,0.0,0.0,0.464,0.0,
United Arab Emirates,2014,ARE,8835957.0,668160032768.0,,,,,1.132,0.01,0.009,,488.729,11.492,2.365,2596.914,22.946,0.0,0.0,,0.0,0.0,0.0,0.0,,109.54,109.57,9.689,-0.209,-2.367,127985.82,1.693,-0.263,-2.974,12365.385,109.26,127890.328,1130.033,99.717,,-2.03,-13.147,634.35,12365.385,109.26,71791.836,-0.651,-3.465,59855.969,528.885,99.717,,53.55,,,,0.0,0.0,,0.0,,,,,35.084,0.31,,0.283,,-0.03,-0.027,,,0.0,0.0,0.0,0.0,0.0,,1.679,7.807,472.738,0.0,0.0,53501.578,0.815,15.32,214465.656,1895.009,0.0,,0.0,0.01,0.0,,0.0,1.132,0.0,0.0,0.009,0.0,,12400.468,1130.877,,,,35.084,0.31,,0.283,,261.063,0.603,0.836,33.952,0.3,94.565,0.274,,100.0,0.004,0.008,0.0,0.0,0.913,0.0,
United Arab Emirates,2015,ARE,8916909.0,691538493440.0,,,,,1.121,0.01,0.008,,488.811,-13.094,-3.005,2236.379,19.942,0.0,0.0,,0.0,0.0,0.0,0.0,,119.75,119.76,9.74,8.731,98.732,137896.344,1.778,8.74,98.766,13395.896,119.45,137805.547,1228.8,99.741,,12.667,80.356,714.705,13395.896,119.45,80151.695,10.797,57.103,65716.422,585.987,99.741,,58.54,,,,0.0,0.0,,0.0,,,,,34.765,0.31,,0.259,,-0.01,-0.008,,0.0,0.0,0.0,0.0,0.0,0.0,,4.53,21.415,494.153,0.0,0.0,55417.484,7.457,141.314,228366.5,2036.323,0.0,,0.0,0.01,0.0,,0.0,1.121,0.0,0.0,0.008,0.0,,13430.663,1229.609,,,,34.765,0.31,,0.259,,-3.025,-0.03,0.805,33.644,0.3,90.33,0.251,,-50.0,-0.004,0.004,0.0,0.0,0.45,0.0,
United Arab Emirates,2016,ARE,8994266.0,709426085888.0,,,,,1.112,0.01,0.008,,488.798,7.343,1.464,2379.949,21.406,0.0,0.0,,0.0,0.0,0.0,0.0,,122.48,121.85,9.533,3.954,48.613,142115.266,1.802,3.953,48.577,13511.941,121.53,142021.219,1277.377,99.737,,0.644,4.604,719.31,13511.941,121.53,79974.242,1.574,9.221,66176.406,595.208,99.737,,59.56,,,,0.0,0.0,,0.0,,,,,35.578,0.32,,0.263,,0.63,0.514,,0.0,0.0,0.0,0.0,0.0,0.0,,8.602,42.508,536.661,0.0,0.0,59667.023,3.721,75.767,234826.266,2112.09,0.0,,0.0,0.01,0.0,,0.0,1.112,0.0,0.0,0.008,0.0,,13547.52,1278.223,,,,35.578,0.32,,0.263,,5.65,0.04,0.846,34.466,0.31,94.054,0.254,,-100.0,-0.004,0.0,0.0,0.0,0.0,0.0,
United Arab Emirates,2017,ARE,9068297.0,726264709120.0,,,,,1.103,0.01,0.008,,487.435,15.67,3.354,2730.421,24.76,0.0,0.0,,,,,0.0,,126.44,126.54,10.291,-3.798,-48.55,135601.266,1.693,-3.89,-49.687,13871.403,125.79,135382.609,1227.69,99.407,,-6.598,-47.459,671.851,13871.403,125.79,74087.891,-8.833,-52.574,59838.641,542.635,99.407,,61.68,,,,0.0,0.0,,0.0,,,,,82.706,0.75,,0.593,,-0.1,-0.079,,0.0,0.0,0.0,0.0,0.0,0.0,,-1.04,-5.583,531.078,0.0,0.0,58564.289,-3.68,-77.716,224339.141,2034.374,0.0,,0.0,0.01,0.0,,0.0,1.103,0.0,0.0,0.008,0.0,,13954.108,1229.672,,,,82.706,0.75,,0.593,,135.791,1.137,1.983,81.603,0.74,218.666,0.585,,,0.0,0.0,0.0,0.0,0.0,0.0,
United Arab Emirates,2018,ARE,9140172.0,734906220544.0,,,,,1.094,0.01,0.008,,485.422,-9.806,-2.428,2443.309,22.332,0.0,0.0,,,,,0.0,,127.9,127.93,10.54,-1.298,-15.957,132789.172,1.652,-1.396,-17.144,13852.037,126.61,132442.359,1210.546,98.968,,-1.688,-11.342,660.509,13852.037,126.61,72264.398,-2.476,-13.434,57898.301,529.2,98.968,,62.1,,,,0.0,0.0,,0.0,,,,,144.417,1.32,,1.032,,-0.03,-0.023,,0.0,0.0,0.0,0.0,0.0,0.0,,-0.635,-3.374,527.705,0.0,0.0,57734.652,0.591,12.024,223890.5,2046.398,0.0,,0.0,0.01,0.0,,0.0,1.094,0.0,0.0,0.008,0.0,,13996.454,1213.716,,,,144.417,1.32,,1.032,,60.797,1.187,3.17,143.323,1.31,346.804,1.024,,,0.0,0.0,0.0,0.0,0.0,0.0,
United Arab Emirates,2019,ARE,9211660.0,,,,,,1.086,0.01,0.008,,477.054,-7.45,-1.664,2243.722,20.668,0.0,0.0,,,,,0.0,,129.64,129.65,10.435,2.368,28.738,134878.391,,1.84,22.271,13662.033,125.85,133832.266,1232.817,97.069,,5.474,36.159,696.668,13662.033,125.85,75628.953,6.192,32.768,61006.176,561.968,97.069,,61.85,,,,0.0,0.0,,0.0,,,,,412.521,3.8,,2.931,,-0.01,-0.008,,0.0,0.0,0.0,0.0,0.0,0.0,,-2.316,-12.224,515.481,0.0,0.0,55959.59,2.239,45.821,227127.219,2092.219,0.0,,0.0,0.01,0.0,,0.0,1.086,0.0,0.0,0.008,0.0,,14074.553,1242.454,,,,412.521,3.8,,2.931,,205.133,6.467,9.637,411.435,3.79,1046.129,2.923,,,0.0,0.0,0.0,0.0,0.0,0.0,
United Arab Emirates,2020,ARE,9287286.0,,,,,,1.077,0.01,0.008,,464.876,20.052,4.144,2671.69,24.813,0.0,0.0,,,,,0.0,,126.52,126.55,10.808,-5.761,-71.572,126073.656,,-6.461,-79.654,12865.976,119.49,124165.805,1153.163,94.421,,-7.088,-49.381,647.287,12865.976,119.49,69696.086,-10.047,-56.46,54430.113,505.508,94.421,,58.83,,,,0.0,0.0,,0.0,,,,,760.179,7.06,,5.579,,-0.03,-0.024,,4.1,4.1,167.972,1.56,441.468,1.233,,-6.677,-34.418,481.063,0.0,0.0,51798.023,-7.756,-162.273,207805.156,1929.946,0.0,,0.003,0.01,0.0,,0.003,1.077,0.0,0.309,0.008,0.0,,13626.155,1170.882,,,,592.207,5.5,,4.346,,41.815,3.979,13.616,591.131,5.49,1466.08,4.338,,,0.0,0.0,0.0,0.0,0.0,0.0,
United Arab Emirates,2021,ARE,9365149.0,,,,,,1.068,0.01,0.007,,461.845,10.853,2.693,2937.013,27.506,0.0,0.0,,,,,0.0,,135.6,135.63,10.357,11.84,138.635,139828.766,,9.843,113.506,13575.864,127.14,135253.531,1266.669,93.74,,9.322,60.341,707.629,13575.864,127.14,75559.812,15.42,77.948,62300.781,583.456,93.74,,62.64,,,,0.0,0.0,,0.0,,,,,906.553,8.49,,6.26,,-0.03,-0.022,548.368,22.386,26.486,191.134,1.79,2828.15,1.32,,10.492,50.472,531.535,0.0,0.0,56756.695,-1.512,-29.176,202962.062,1900.77,0.0,,0.001,0.01,0.0,-55.844,-0.002,1.068,0.0,0.135,0.007,0.0,,14482.418,1309.517,,,,715.418,6.7,,4.94,,20.598,2.744,16.36,714.351,6.69,1746.94,4.933,,,0.0,0.0,0.0,0.0,0.013,0.0,
United Arab Emirates,2022,ARE,9441138.0,,,,,,,,,,,3.757,1.033,3022.828,28.539,0.0,0.0,,,,,0.0,,,154.741,11.031,7.118,93.214,148576.547,,5.337,67.606,13523.025,127.673,141325.734,1334.276,82.508,,-1.293,-9.147,698.482,13522.731,127.67,73982.82,-0.599,-3.493,61429.32,579.963,82.506,,,,,,,,,,,,,,2867.006,27.068,,17.492,,,,90.598,23.812,50.298,2129.471,20.105,5327.503,12.992,,14.246,75.72,607.255,0.293,0.003,64320.086,10.817,205.616,223107.188,2106.386,0.002,,0.023,0.007,,1740.0,0.022,0.774,,2.472,0.005,,,16390.031,1402.732,,,,737.534,6.963,,4.5,,11.251,1.774,18.135,736.755,6.956,1920.819,4.495,,0.0,-0.0,0.0,0.005,0.0,0.012,0.0,
United Kingdom,1900,GBR,41089602.0,312531058688.0,,,,,,,,,,,,,,,,,,38122.945,1566.457,,,,,,,,,,,,,,,,,,,,,,,,,,0.0,0.0,,,,,,,,,,,,,,,,,,,,,,,,,,,,,,,,,,,,,,0.0,0.0,,,,,,,,,,,,,,,,,,,,,,,,,,,,,,,,,,,,,,,
United Kingdom,1901,GBR,41459153.0,312199610368.0,,,,,,,,,,,,,,,,-2.724,-42.668,36753.977,1523.789,,,,,,,,,,,,,,,,,,,,,,,,,0.0,0.0,0.0,,,,,,,,,,,,,,,,,,,,,,,,,,,,,,,,,,,,,0.0,0.0,0.0,,,,,,,,,,,,,,,,,,,,,,,,,,,,,,,,,,,,,,,
United Kingdom,1902,GBR,41827091.0,319853068288.0,,,,,,,,,,,,,,,,3.674,55.984,37769.137,1579.773,,,,,,,,,,,,,,,,,,,,,,,,,0.0,0.0,0.0,,,,,,,,,,,,,,,,,,,,,,,,,,,,,,,,,,,,,0.0,0.0,0.0,,,,,,,,,,,,,,,,,,,,,,,,,,,,,,,,,,,,,,,
United Kingdom,1903,GBR,42193357.0,316084584448.0,,,,,,,,,,,,,,,,1.426,22.532,37975.297,1602.305,,,,,,,,,,,,,,,,,,,,,,,,,0.0,0.0,0.0,,,,,,,,,,,,,,,,,,,,,,,,,,,,,,,,,,,,,0.0,0.0,0.0,,,,,,,,,,,,,,,,,,,,,,,,,,,,,,,,,,,,,,,
United Kingdom,1904,GBR,42562831.0,317665017856.0,,,,,,,,,,,,,,,,0.909,14.57,37987.953,1616.875,,,,,,,,,,,,,,,,,,,,,,,,,0.0,0.0,0.0,,,,,,,,,,,,,,,,,,,,,,,,,,,,,,,,,,,,,0.0,0.0,0.0,,,,,,,,,,,,,,,,,,,,,,,,,,,,,,,,,,,,,,,
United Kingdom,1905,GBR,42935539.0,326784548864.0,,,,,,,,,,,,,,,,1.592,25.743,38257.773,1642.618,,,,,,,,,,,,,,,,,,,,,,,,,0.0,0.0,0.0,,,,,,,,,,,,,,,,,,,,,,,,,,,,,,,,,,,,,0.0,0.0,0.0,,,,,,,,,,,,,,,,,,,,,,,,,,,,,,,,,,,,,,,
United Kingdom,1906,GBR,43311511.0,337435295744.0,,,,,,,,,,,,,,,,6.327,103.924,40325.129,1746.542,,,,,,,,,,,,,,,,,,,,,,,,,0.0,0.0,0.0,,,,,,,,,,,,,,,,,,,,,,,,,,,,,,,,,,,,,0.0,0.0,0.0,,,,,,,,,,,,,,,,,,,,,,,,,,,,,,,,,,,,,,,
United Kingdom,1907,GBR,43690776.0,343554129920.0,,,,,,,,,,,,,,,,6.677,116.611,42644.086,1863.153,,,,,,,,,,,,,,,,,,,,,,,,,0.0,0.0,0.0,,,,,,,,,,,,,,,,,,,,,,,,,,,,,,,,,,,,,0.0,0.0,0.0,,,,,,,,,,,,,,,,,,,,,,,,,,,,,,,,,,,,,,,
United Kingdom,1908,GBR,44073361.0,329209151488.0,,,,,,,,,,,,,,,,-2.353,-43.839,41279.234,1819.315,,,,,,,,,,,,,,,,,,,,,,,,,0.0,0.0,0.0,,,,,,,,,,,,,,,,,,,,,,,,,,,,,,,,,,,,,0.0,0.0,0.0,,,,,,,,,,,,,,,,,,,,,,,,,,,,,,,,,,,,,,,
United Kingdom,1909,GBR,44417852.0,336437641216.0,,,,,,,,,,,,,,,,0.858,15.617,41310.68,1834.932,,,,,,,,,,,,,,,,,,,,,,,,,0.0,0.0,0.0,,,,,,,,,,,,,,,,,,,,,,,,,,,,,,,,,,,,,0.0,0.0,0.0,,,,,,,,,,,,,,,,,,,,,,,,,,,,,,,,,,,,,,,
United Kingdom,1910,GBR,44723743.0,346661683200.0,,,,,,,,,,,,,,,,0.25,4.58,41130.547,1839.512,,,,,,,,,,,,,,,,,,,,,,,,,0.0,0.0,0.0,,,,,,,,,,,,,,,,,,,,,,,,,,,,,,,,,,,,,0.0,0.0,0.0,,,,,,,,,,,,,,,,,,,,,,,,,,,,,,,,,,,,,,,
United Kingdom,1911,GBR,44990527.0,356440244224.0,,,,,,,,,,,,,,,,2.821,51.89,42040.012,1891.402,,,,,,,,,,,,,,,,,,,,,,,,,0.0,0.0,0.0,,,,,,,,,,,,,,,,,,,,,,,,,,,,,,,,,,,,,0.0,0.0,0.0,,,,,,,,,,,,,,,,,,,,,,,,,,,,,,,,,,,,,,,
United Kingdom,1912,GBR,45217688.0,361318416384.0,,,,,,,,,,,,,,,,-4.221,-79.831,40063.328,1811.571,,,,,,,,,,,,,,,,,,,,,,,,,0.0,0.0,0.0,,,,,,,,,,,,,,,,,,,,,,,,,,,,,,,,,,,,,0.0,0.0,0.0,,,,,,,,,,,,,,,,,,,,,,,,,,,,,,,,,,,,,,,
United Kingdom,1913,GBR,45404707.0,374869590016.0,,,,,,,,,,,,,,,,10.373,187.918,44037.047,1999.489,,,,,,,,,,,,,,,,,,,,,,,,,0.0,0.0,0.0,,,,,,,,,,,,,,,,,,,,,,,,,,,,,,,,,,,,,0.0,0.0,0.0,,,,,,,,,,,,,,,,,,,,,,,,,,,,,,,,,,,,,,,
United Kingdom,1914,GBR,45592500.0,374424403968.0,,,,,,,,,,,,,,,,-7.573,-151.412,40534.672,1848.077,,,,,,,,,,,,,,,,,,,,,,,,,0.0,0.0,0.0,,,,,,,,,,,,,,,,,,,,,,,,,,,,,,,,,,,,,0.0,0.0,0.0,,,,,,,,,,,,,,,,,,,,,,,,,,,,,,,,,,,,,,,
United Kingdom,1915,GBR,45781070.0,400331276288.0,,,,,,,,,,,,,,,,-4.692,-86.705,38473.805,1761.372,,,,,,,,,,,,,,,,,,,,,,,,,0.0,0.0,0.0,,,,,,,,,,,,,,,,,,,,,,,,,,,,,,,,,,,,,0.0,0.0,0.0,,,,,,,,,,,,,,,,,,,,,,,,,,,,,,,,,,,,,,,
United Kingdom,1916,GBR,45970420.0,404764819456.0,,,,,,,,,,,,,,,,1.254,22.087,38795.793,1783.459,,,,,,,,,,,,,,,,,,,,,,,,,0.0,0.0,0.0,,,,,,,,,,,,,,,,,,,,,,,,,,,,,,,,,,,,,0.0,0.0,0.0,,,,,,,,,,,,,,,,,,,,,,,,,,,,,,,,,,,,,,,
United Kingdom,1917,GBR,46160552.0,403910295552.0,,,,,,,,,,,,,,,,-3.072,-54.786,37449.133,1728.673,,,,,,,,,,,,,,,,,,,,,,,,,0.0,0.0,0.0,,,,,,,,,,,,,,,,,,,,,,,,,,,,,,,,,,,,,0.0,0.0,0.0,,,,,,,,,,,,,,,,,,,,,,,,,,,,,,,,,,,,,,,
United Kingdom,1918,GBR,46352692.0,401942249472.0,,,,,,,,,,,,,,,,-8.35,-144.347,34179.809,1584.326,,,,,,,,,,,,,,,,,,,,,,,,,0.0,0.0,0.0,,,,,,,,,,,,,,,,,,,,,,,,,,,,,,,,,,,,,0.0,0.0,0.0,,,,,,,,,,,,,,,,,,,,,,,,,,,,,,,,,,,,,,,
United Kingdom,1919,GBR,46487478.0,353891057664.0,,,,,,,,,,,,,,,,0.887,14.049,34382.922,1598.375,,,,,,,,,,,,,,,,,,,,,,,,,0.0,0.0,0.0,,,,,,,,,,,,,,,,,,,,,,,,,,,,,,,,,,,,,0.0,0.0,0.0,,,,,,,,,,,,,,,,,,,,,,,,,,,,,,,,,,,,,,,
United Kingdom,1920,GBR,46564792.0,328542945280.0,,,,,,,,,,,,,,,,-0.108,-1.718,34288.934,1596.657,,,,,,,,,,,,,,,,,,,,,,,,,0.0,0.0,0.0,,,,,,,,,,,,,,,,,,,,,,,,,,,,,,,,,,,,,0.0,0.0,0.0,,,,,,,,,,,,,,,,,,,,,,,,,,,,,,,,,,,,,,,
United Kingdom,1921,GBR,46584515.0,299337023488.0,,,,,,,,,,,,,,,,-28.877,-461.062,24377.08,1135.594,,,,,,,,,,,,,,,,,,,,,,,,,0.0,0.0,0.0,,,,,,,,,,,,,,,,,,,,,,,,,,,,,,,,,,,,,0.0,0.0,0.0,,,,,,,,,,,,,,,,,,,,,,,,,,,,,,,,,,,,,,,
United Kingdom,1922,GBR,46546526.0,327953448960.0,,,,,,,,,,,,,,,,52.898,600.705,37302.457,1736.3,,,,,,,,,,,,,,,,,,,,,,,,,0.0,0.0,0.0,,,,,,,,,,,,,,,,,,,,,,,,,,,,,,,,,,,,,0.0,0.0,0.0,,,,,,,,,,,,,,,,,,,,,,,,,,,,,,,,,,,,,,,
United Kingdom,1923,GBR,46450703.0,338349850624.0,,,,,,,,,,,,,,,,10.574,183.598,41331.941,1919.898,,,,,,,,,,,,,,,,,,,,,,,,,0.0,0.0,0.0,,,,,,,,,,,,,,,,,,,,,,,,,,,,,,,,,,,,,0.0,0.0,0.0,,,,,,,,,,,,,,,,,,,,,,,,,,,,,,,,,,,,,,,
United Kingdom,1924,GBR,46355077.0,352313245696.0,,,,,,,,,,,,,,,,-3.314,-63.625,40044.641,1856.272,,,,,,,,,,,,,,,,,,,,,,,,,0.0,0.0,0.0,,,,,,,,,,,,,,,,,,,,,,,,,,,,,,,,,,,,,0.0,0.0,0.0,,,,,,,,,,,,,,,,,,,,,,,,,,,,,,,,,,,,,,,
United Kingdom,1925,GBR,46259648.0,369438752768.0,,,,,,,,,,,,,,,,-8.441,-156.691,36740.043,1699.582,,,,,,,,,,,,,,,,,,,,,,,,,0.0,0.0,0.0,,,,,,,,,,,,,,,,,,,,,,,,,,,,,,,,,,,,,0.0,0.0,0.0,,,,,,,,,,,,,,,,,,,,,,,,,,,,,,,,,,,,,,,
United Kingdom,1926,GBR,46164416.0,355885383680.0,,,,,,,,,,,,,,,,-48.604,-826.067,18921.807,873.514,,,,,,,,,,,,,,,,,,,,,,,,,0.0,0.0,0.0,,,,,,,,,,,,,,,,,,,,,,,,,,,,,,,,,,,,,0.0,0.0,0.0,,,,,,,,,,,,,,,,,,,,,,,,,,,,,,,,,,,,,,,
United Kingdom,1927,GBR,46069379.0,384535592960.0,,,,,,,,,,,,,,,,100.075,874.172,37935.949,1747.686,,,,,,,,,,,,,,,,,,,,,,,,,0.0,0.0,0.0,,,,,,,,,,,,,,,,,,,,,,,,,,,,,,,,,,,,,0.0,0.0,0.0,,,,,,,,,,,,,,,,,,,,,,,,,,,,,,,,,,,,,,,
United Kingdom,1928,GBR,45974538.0,389190549504.0,,,,,,,,,,,,,,,,-5.486,-95.873,35928.867,1651.813,,,,,,,,,,,,,,,,,,,,,,,,,0.0,0.0,0.0,,,,,,,,,,,,,,,,,,,,,,,,,,,,,,,,,,,,,0.0,0.0,0.0,,,,,,,,,,,,,,,,,,,,,,,,,,,,,,,,,,,,,,,
United Kingdom,1929,GBR,45944804.0,400634773504.0,,,,,,,,,,,,,,,,8.607,142.169,39046.465,1793.982,,,,,,,,,,,,,,,,,,,,,,,,,0.0,0.0,0.0,,,,,,,,,,,,,,,,,,,,,,,,,,,,,,,,,,,,,0.0,0.0,0.0,,,,,,,,,,,,,,,,,,,,,,,,,,,,,,,,,,,,,,,
United Kingdom,1930,GBR,45980369.0,397795819520.0,,,,,,,,,,,,,,,,-5.439,-97.571,36894.258,1696.412,,,,,,,,,,,,,,,,,,,,,,,,,0.0,0.0,0.0,,,,,,,,,,,,,,,,,,,,,,,,,,,,,,,,,,,,,0.0,0.0,0.0,,,,,,,,,,,,,,,,,,,,,,,,,,,,,,,,,,,,,,,
United Kingdom,1931,GBR,46081427.0,377346064384.0,,,,,,,,,,,,,,,,-10.015,-169.891,33126.59,1526.521,,,,,,,,,,,,,,,,,,,,,,,,,0.0,0.0,0.0,,,,,,,,,,,,,,,,,,,,,,,,,,,,,,,,,,,,,0.0,0.0,0.0,,,,,,,,,,,,,,,,,,,,,,,,,,,,,,,,,,,,,,,
United Kingdom,1932,GBR,46248173.0,380224995328.0,,,,,,,,,,,,,,,,-4.881,-74.511,31396.033,1452.009,,,,,,,,,,,,,,,,,,,,,,,,,0.0,0.0,0.0,,,,,,,,,,,,,,,,,,,,,,,,,,,,,,,,,,,,,0.0,0.0,0.0,,,,,,,,,,,,,,,,,,,,,,,,,,,,,,,,,,,,,,,
United Kingdom,1933,GBR,46480802.0,391279706112.0,,,,,,,,,,,,,,,,-0.777,-11.283,30996.154,1440.726,,,,,,,,,,,,,,,,,,,,,,,,,0.0,0.0,0.0,,,,,,,,,,,,,,,,,,,,,,,,,,,,,,,,,,,,,0.0,0.0,0.0,,,,,,,,,,,,,,,,,,,,,,,,,,,,,,,,,,,,,,,
United Kingdom,1934,GBR,46714602.0,417147387904.0,,,,,,,,,,,,,,,,6.574,94.709,32868.414,1535.435,,,,,,,,,,,,,,,,,,,,,,,,,0.0,0.0,0.0,,,,,,,,,,,,,,,,,,,,,,,,,,,,,,,,,,,,,0.0,0.0,0.0,,,,,,,,,,,,,,,,,,,,,,,,,,,,,,,,,,,,,,,
United Kingdom,1935,GBR,46949578.0,433247780864.0,,,,,,,,,,,,,,,,0.688,10.557,32928.777,1545.992,,,,,,,,,,,,,,,,,,,,,,,,,0.0,0.0,0.0,,,,,,,,,,,,,,,,,,,,,,,,,,,,,,,,,,,,,0.0,0.0,0.0,,,,,,,,,,,,,,,,,,,,,,,,,,,,,,,,,,,,,,,
United Kingdom,1936,GBR,47185735.0,452919230464.0,,,,,,,,,,,,,,,,2.788,43.099,33677.371,1589.091,,,,,,,,,,,,,,,,,,,,,,,,,0.0,0.0,0.0,,,,,,,,,,,,,,,,,,,,,,,,,,,,,,,,,,,,,0.0,0.0,0.0,,,,,,,,,,,,,,,,,,,,,,,,,,,,,,,,,,,,,,,
United Kingdom,1937,GBR,47423081.0,468681293824.0,,,,,,,,,,,,,,,,5.235,83.193,35263.09,1672.284,,,,,,,,,,,,,,,,,,,,,,,,,0.0,0.0,0.0,,,,,,,,,,,,,,,,,,,,,,,,,,,,,,,,,,,,,0.0,0.0,0.0,,,,,,,,,,,,,,,,,,,,,,,,,,,,,,,,,,,,,,,
United Kingdom,1938,GBR,47661620.0,474370080768.0,,,,,,,,,,,,,,,,-5.574,-93.216,33130.812,1579.068,,,,,,,,,,,,,,,,,,,,,,,,,0.0,0.0,0.0,,,,,,,,,,,,,,,,,,,,,,,,,,,,,,,,,,,,,0.0,0.0,0.0,,,,,,,,,,,,,,,,,,,,,,,,,,,,,,,,,,,,,,,
United Kingdom,1939,GBR,47890226.0,479046172672.0,,,,,,,,,,,,,,,,1.914,30.221,33603.699,1609.289,,,,,,,,,,,,,,,,,,,,,,,,,0.0,0.0,0.0,,,,,,,,,,,,,,,,,,,,,,,,,,,,,,,,,,,,,0.047,0.971,0.047,,,,,,,,,,,,,,,,,,,,,,,,,,,,,,,,,,,,,,,
United Kingdom,1940,GBR,48108804.0,527013740544.0,,,,,,,,,,,,,,,,-3.043,-48.967,32433.193,1560.322,,,,,,,,,,,,,,,,,,,,,,,,,0.0,0.0,0.0,,,,,,,,,,,,,,,,,,,,,,,,,,,,,,,,,,,,325.0,0.151,4.11,0.198,,,,,,,,,,,,,,,,,,,,,,,,,,,,,,,,,,,,,,,
United Kingdom,1941,GBR,48317261.0,575024005120.0,,,,,,,,,,,,,,,,-8.005,-124.902,29708.223,1435.42,,,,,,,,,,,,,,,,,,,,,,,,,0.0,0.0,0.0,,,,,,,,,,,,,,,,,,,,,,,,,,,,,,,,,,,,82.353,0.163,7.462,0.361,,,,,,,,,,,,,,,,,,,,,,,,,,,,,,,,,,,,,,,
United Kingdom,1942,GBR,48515502.0,589318389760.0,,,,,,,,,,,,,,,,-0.675,-9.688,29387.145,1425.732,,,,,,,,,,,,,,,,,,,,,,,,,0.0,0.0,0.0,,,,,,,,,,,,,,,,,,,,,,,,,,,,,,,,,,,,167.742,0.605,19.897,0.965,,,,,,,,,,,,,,,,,,,,,,,,,,,,,,,,,,,,,,,
United Kingdom,1943,GBR,48703433.0,602251395072.0,,,,,,,,,,,,,,,,-2.927,-41.73,28416.93,1384.002,,,,,,,,,,,,,,,,,,,,,,,,,0.0,0.0,0.0,,,,,,,,,,,,,,,,,,,,,,,,,,,,,,,,,,,,38.554,0.372,27.461,1.337,,,,,,,,,,,,,,,,,,,,,,,,,,,,,,,,,,,,,,,
United Kingdom,1944,GBR,48892093.0,578535817216.0,,,,,,,,,,,,,,,,-3.11,-43.038,27427.021,1340.964,,,,,,,,,,,,,,,,,,,,,,,,,0.0,0.0,0.0,,,,,,,,,,,,,,,,,,,,,,,,,,,,,,,,,,,,-16.522,-0.221,22.836,1.116,,,,,,,,,,,,,,,,,,,,,,,,,,,,,,,,,,,,,,,
United Kingdom,1945,GBR,49081483.0,553149923328.0,,,,,,,,,,,,,,,,-5.178,-69.438,25906.439,1271.526,,,,,,,,,,,,,,,,,,,,,,,,,0.0,0.0,0.0,,,,,,,,,,,,,,,,,,,,,,,,,,,,,,,,,,,,-23.958,-0.267,17.298,0.849,,,,,,,,,,,,,,,,,,,,,,,,,,,,,,,,,,,,,,,
United Kingdom,1946,GBR,49271606.0,529131962368.0,,,,,,,,,,,,,,,,3.993,50.767,26836.832,1322.294,,,,,,,,,,,,,,,,,,,,,,,,,0.0,0.0,0.0,,,,,,,,,,,,,,,,,,,,,,,,,,,,,,,,,,,,-23.288,-0.198,13.218,0.651,,,,,,,,,,,,,,,,,,,,,,,,,,,,,,,,,,,,,,,
United Kingdom,1947,GBR,49462466.0,521286516736.0,,,,,,,,,,,,,,,,3.884,51.356,27771.566,1373.65,,,,,,,,,,,,,,,,,,,,,,,,,0.0,0.0,0.0,,,,,,,,,,,,,,,,,,,,,,,,,,,,,,,,,,,,-16.071,-0.105,11.051,0.547,,,,,,,,,,,,,,,,,,,,,,,,,,,,,,,,,,,,,,,
United Kingdom,1948,GBR,49654066.0,537800540160.0,,,,,,,,,,,,,,,,6.067,83.343,29342.885,1456.994,,,,,,,,,,,,,,,,,,,,,,,,,0.0,0.0,0.0,,,,,,,,,,,,,,,,,,,,,,,,,,,,,,,,,,,,-6.383,-0.035,10.306,0.512,,,,,,,,,,,,,,,,,,,,,,,,,,,,,,,,,,,,,,,
United Kingdom,1949,GBR,49851583.0,557859471360.0,,,,,,,,,,,,,,,,2.727,39.731,30023.605,1496.724,,,,,,,,,,,,,,,,,,,,,,,,,0.0,0.0,0.0,,,,,,,,,,,,,,,,,,,,,,,,,,,,,,,,,,,,4.545,0.023,10.731,0.535,,,,,,,,,,,,,,,,,,,,,,,,,,,,,,,,,,,,,,,
United Kingdom,1950,GBR,50055068.0,554454745088.0,,,,,,,,,,,,,,,,0.534,7.99,30061.176,1504.714,,,,,,,,,,,,,,,,,,,,,,,,,0.011,0.215,0.011,,,,,,,,,,,,,,,,,,,,,,,,,,,,,,,,,,,,0.0,0.0,10.688,0.535,,,,,,,,,,,,,,,,,,,,,,,,,,,,,,,,,,,,,,,
United Kingdom,1951,GBR,50271908.0,570992689152.0,,,,,,,,,,,,,,,,3.045,45.824,30843.037,1550.538,,,,,,,,,,,,,,,,,,,,,,,,-100.0,-0.011,0.0,0.0,,,,,,,,,,,,,,,,,,,,,,,,,,,,,,,,,,,,-2.174,-0.012,10.41,0.523,,,,,,,,,,,,,,,,,,,,,,,,,,,,,,,,,,,,,,,
United Kingdom,1952,GBR,50484812.0,570010304512.0,,,,,,,,,,,,,,,,1.614,25.031,31208.781,1575.569,,,,,,,,,,,,,,,,,,,,,,,,,0.0,0.0,0.0,,,,,,,,,,,,,,,,,,,,,,,,,,,,,,,,,,,,24.444,0.128,12.901,0.651,,,,,,,,,,,,,,,,,,,,,,,,,,,,,,,,,,,,,,,
United Kingdom,1953,GBR,50728620.0,592393404416.0,,,,,,,,,,,,,,,,-1.008,-15.884,30745.67,1559.685,,,,,,,,,,,,,,,,,,,,,,,,,0.097,1.911,0.097,,,,,,,,,,,,,,,,,,,,,,,,,,,,,,,,,,,,-1.786,-0.012,12.609,0.64,,,,,,,,,,,,,,,,,,,,,,,,,,,,,,,,,,,,,,,
United Kingdom,1954,GBR,50969936.0,616540930048.0,,,,,,,,,,,,,,,,-0.052,-0.815,30584.119,1558.871,,,,,,,,,,,,,,,,,,,,,,,,-100.0,-0.097,0.0,0.0,,,,,,,,,,,,,,,,,,,,,,,,,,,,,,,,,,,,7.273,0.047,13.462,0.686,,,,,,,,,,,,,,,,,,,,,,,,,,,,,,,,,,,,,,,
United Kingdom,1955,GBR,51193272.0,638913806336.0,,,,,,,,,,,,,,,,-1.1,-17.144,30115.809,1541.727,,,,,,,,,,,,,,,,,,,,,,,,,0.323,6.313,0.323,,,,,,,,,,,,,,,,,,,,,,,,,,,,,,,,,,,,-8.475,-0.058,12.268,0.628,,,,,,,,,,,,,,,,,,,,,,,,,,,,,,,,,,,,,,,
United Kingdom,1956,GBR,51421616.0,646914572288.0,,,,,,,,,,,,,,,,0.172,2.65,30033.604,1544.376,,,,,,,,,,,,,,,,,,,,,,,,-46.667,-0.151,3.352,0.172,,,,,,,,,,,,,,,,,,,,,,,,,,,,,,,,,,,,22.222,0.14,14.927,0.768,,,,,,,,,,,,,,,,,,,,,,,,,,,,,,,,,,,,,,,
United Kingdom,1957,GBR,51682404.0,657223974912.0,,,,,,,,,,,,,,,,0.731,11.283,30100.371,1555.66,,,,,,,,,,,,,,,,,,,,,,,,81.25,0.14,6.045,0.312,,,,,,,,,,,,,,,,,,,,,,,,,,,,,,,,,,,,24.242,0.186,18.452,0.954,,,,,,,,,,,,,,,,,,,,,,,,,,,,,,,,,,,,,,,
United Kingdom,1958,GBR,51960820.0,655877079040.0,,,,,,,,,,,,,,,,-3.491,-54.307,28893.936,1501.353,,,,,,,,,,,,,,,,,,,,,,,,65.517,0.205,9.952,0.517,,,,,,,,,,,,,,,,,,,,,,,,,,,,,,,,,,,,-2.439,-0.023,17.906,0.93,,,,,,,,,,,,,,,,,,,,,,,,,,,,,,,,,,,,,,,
United Kingdom,1959,GBR,52241648.0,682390126592.0,,,,,,,,,,,,,,,,-4.502,-67.589,27444.828,1433.763,,,,,,,,,,,,,,,,,,,,,,,,29.167,0.151,12.786,0.668,,,,,,,,,,,,,,,,,,,,,,,,,,,,,,,,,,,,3.75,0.035,18.477,0.965,,,,,,,,,,,,,,,,,,,,,,,,,,,,,,,,,,,,,,,
United Kingdom,1960,GBR,52543024.0,721686167552.0,,,,,,,,,,,,,,,,-6.066,-86.965,25632.287,1346.798,,,,,,,,,,,,,,,,,,,,,,,,27.419,0.183,16.198,0.851,,,,,,,,,,,,,,,,,,,,,,,,,,,,,,,,,,,,3.614,0.035,19.035,1.0,,,,,,,,,,,,,,,,,,,,,,,,,,,,,,,,,,,,,,,
United Kingdom,1961,GBR,52861256.0,745529212928.0,,,,,,,,,,,,,,,,-1.519,-20.464,25090.842,1326.333,,,,,,,,,,,,,,,,,,,,,,,,3.797,0.032,16.712,0.883,,,,,,,,,,,,,,,,,,,,,,,,,,,,,,,,,,,,23.256,0.233,23.321,1.233,,,,,,,,,,,,,,,,,,,,,,,,,,,,,,,,,,,,,,,
United Kingdom,1962,GBR,53183636.0,753069260800.0,,,,,,,,,,,,,,,,3.553,47.118,25824.701,1373.452,,,,,,,,,,,,,,,,,,,,,,,,45.122,0.399,24.105,1.282,,,,,,,,,,,,,,,,,,,,,,,,,,,,,,,,,,,,4.717,0.058,24.273,1.291,,,,,,,,,,,,,,,,,,,,,,,,,,,,,,,,,,,,,,,
United Kingdom,1963,GBR,53508520.0,782013366272.0,,,,,,,,,,,,,,,,-0.831,-11.42,25454.479,1362.031,,,,,,,,,,,,,,,,,,,,,,,,33.613,0.431,32.013,1.713,,,,,,,,,,,,,,,,,,,,,,,,,,,,,,,,,,,,10.811,0.14,26.734,1.43,,,,,,,,,,,,,,,,,,,,,,,,,,,,,,,,,,,,,,,
United Kingdom,1964,GBR,53861504.0,823416717312.0,,,,,,,,,,,,,,,,-1.111,-15.138,25006.611,1346.894,,,,,,,,,,,,,,,,,,,,,,,,11.95,0.205,35.603,1.918,,,,,,,,,,,,,,,,,,,,,,,,,,,,,,,,,,,,3.252,0.047,27.422,1.477,,,,,,,,,,,,,,,,,,,,,,,,,,,,,,,,,,,,,,,
United Kingdom,1965,GBR,54229568.0,844870778880.0,,,,,,,,,,,,25176.803,1365.327,,,-3.165,-42.627,24050.844,1304.267,,58.946,,,,,,42711.473,2.742,,,,,41668.062,2259.641,,97.557,,,8.595,,,158.485,6.18,0.119,37.547,2.036,,0.371,,,,13.638,85.046,4.612,251.48,,0.589,,,56.583,364.137,19.747,1043.405,,2.443,,,,,42.946,279.091,15.135,791.926,,1.854,,,885.719,,,16332.777,-33.858,-0.5,18.015,0.977,,38.24,0.0,0.0,,,,0.0,,0.0,,,0.0,,2316.225,,,13.638,85.046,4.612,251.48,,0.589,,,0.0,0.0,0.0,0.0,,0.0,,,0.0,0.0,0.0,0.0,,0.0
United Kingdom,1966,GBR,54560504.0,861009739776.0,,,,,,,,,,-4.827,-65.907,23816.127,1299.42,,,-6.882,-89.766,22259.717,1214.501,,55.829,,,,0.487,11.275,42659.059,2.703,-0.129,-2.92,,,41361.805,2256.721,,96.959,-2.436,-0.209,8.385,,,153.687,-2.646,-0.054,36.332,1.982,,0.36,,-1.648,-0.225,13.413,83.137,4.536,245.835,,0.576,25.351,14.196,70.779,453.68,24.753,1297.256,,3.041,,,33.578,14.42,57.366,370.543,20.217,1051.421,,2.465,7.135,63.196,948.916,,,17391.99,-7.143,-0.07,16.626,0.907,,40.77,0.0,0.0,,,0.0,0.0,,0.0,,,0.0,,2327.5,-1.648,-0.225,13.413,83.137,4.536,245.835,,0.576,,0.0,0.0,0.0,0.0,0.0,,0.0,,0.0,0.0,0.0,0.0,0.0,,0.0
United Kingdom,1967,GBR,54876360.0,880333291520.0,,,,,,,,,,-6.586,-85.585,22119.445,1213.835,,,-1.404,-17.048,21820.934,1197.453,,52.136,,,,0.031,0.714,42426.539,2.645,-0.399,-9.001,,,40959.719,2247.72,,96.543,68.239,5.722,14.107,,,257.072,253.261,5.02,127.607,7.003,,0.606,,7.694,1.032,14.445,89.018,4.885,263.226,,0.62,13.772,9.715,80.494,513.19,28.162,1466.82,,3.457,,,15.136,8.683,66.049,424.172,23.277,1203.594,,2.837,7.468,70.863,1019.779,,,18583.203,14.103,0.128,18.862,1.035,,43.801,0.0,0.0,,,0.0,0.0,,0.0,,,0.0,,2328.214,7.694,1.032,14.445,89.018,4.885,263.226,,0.62,,0.0,0.0,0.0,0.0,0.0,,0.0,,0.0,0.0,0.0,0.0,0.0,,0.0
United Kingdom,1968,GBR,55169252.0,916165885952.0,,,,,,,,,,0.076,0.919,22018.67,1214.754,,,-4.68,-56.039,20689.316,1141.414,,50.375,,,,3.574,83.21,43709.57,2.632,3.487,78.384,,,42163.051,2326.104,,96.462,125.804,17.747,31.855,,,577.397,238.308,16.688,429.413,23.69,,1.321,,-23.808,-3.439,11.006,67.465,3.722,199.494,,0.456,6.214,4.827,85.32,542.186,29.912,1546.521,,3.538,,,12.514,8.266,74.315,474.721,26.19,1347.028,,3.082,5.856,59.717,1079.496,,,19566.984,-5.618,-0.058,17.708,0.977,,44.766,0.0,0.0,,,0.0,0.0,,0.0,,,0.0,,2411.424,-23.808,-3.439,11.006,67.465,3.722,199.494,,0.456,,0.0,0.0,0.0,0.0,0.0,,0.0,,0.0,0.0,0.0,0.0,0.0,,0.0
United Kingdom,1969,GBR,55420524.0,932854038528.0,,,,,,,,,,-2.528,-30.703,21364.832,1184.05,,,-8.244,-94.093,18897.721,1047.322,,47.386,,,,3.621,87.306,45086.73,2.679,3.455,80.355,,,43421.809,2406.459,,96.307,94.852,30.215,62.069,,,1119.97,138.79,32.88,1020.748,56.57,,2.484,,-12.52,-1.378,9.628,58.751,3.256,173.725,,0.385,8.254,6.95,92.271,584.278,32.381,1664.917,,3.693,,,11.207,8.328,82.643,525.527,29.125,1491.192,,3.307,7.489,80.844,1160.34,,,20937.01,1.19,0.012,17.837,0.989,,46.437,0.0,0.0,,,0.0,0.0,,0.0,,,0.0,,2498.73,-12.52,-1.378,9.628,58.751,3.256,173.725,,0.385,,0.0,0.0,0.0,0.0,0.0,,0.0,,0.0,0.0,0.0,0.0,0.0,,0.0
United Kingdom,1970,GBR,55650160.0,954756366336.0,,,,,,,,,,-5.683,-67.291,20067.49,1116.759,,,-3.831,-40.128,18098.666,1007.194,,43.777,,,,2.094,52.313,45840.711,2.672,2.384,57.361,,,44273.379,2463.821,,96.581,90.556,56.208,118.277,,,2125.368,93.558,52.926,1967.585,109.496,,4.636,,39.312,3.785,13.413,81.509,4.536,241.022,,0.526,-5.661,-5.048,87.222,548.929,30.548,1567.333,,3.419,,,-10.688,-8.833,73.809,467.42,26.012,1326.311,,2.893,5.899,68.444,1228.784,,,22080.52,83.529,0.826,32.602,1.814,,48.168,0.0,0.0,,,0.0,0.0,,0.0,,,0.0,,2551.043,39.312,3.785,13.413,81.509,4.536,241.022,,0.526,,0.0,0.0,0.0,0.0,0.0,,0.0,,0.0,0.0,0.0,0.0,0.0,,0.0
United Kingdom,1971,GBR,55875904.0,975018065920.0,,,,,,,,,,-11.376,-127.046,17712.697,989.713,,,-0.031,-0.308,18020.031,1006.886,,39.528,,,,-1.85,-47.193,44810.902,2.568,-1.953,-48.113,,,43233.445,2415.708,,96.48,61.239,72.432,190.709,,,3413.076,66.182,72.467,3256.555,181.963,,7.617,,-25.639,-3.439,9.974,60.366,3.373,178.501,,0.398,1.221,0.919,88.142,553.387,30.921,1577.456,,3.52,,,5.905,4.358,78.168,493.021,27.548,1398.955,,3.122,0.529,6.502,1235.286,,,22107.672,35.897,0.651,44.126,2.466,,49.335,0.0,0.0,,,0.0,0.0,,0.0,,,0.0,,2503.85,-25.639,-3.439,9.974,60.366,3.373,178.501,,0.398,,0.0,0.0,0.0,0.0,0.0,,0.0,,0.0,0.0,0.0,0.0,0.0,,0.0
United Kingdom,1972,GBR,56057324.0,1009534173184.0,,,,,,,,,,-12.407,-122.79,15464.945,866.923,,,-17.159,-172.767,14879.75,834.119,,34.121,,,,1.472,36.849,45323.223,2.517,1.31,31.656,,,43658.238,2447.364,,96.326,41.908,79.921,270.63,,,4827.738,44.292,80.596,4683.757,262.559,,10.652,,0.0,0.0,9.974,60.171,3.373,177.924,,0.393,5.918,5.193,93.334,584.241,32.751,1664.982,,3.674,,,6.643,5.193,83.361,524.071,29.378,1487.058,,3.281,6.033,74.524,1309.81,,,23365.555,57.075,1.407,69.086,3.873,,51.553,0.0,0.0,,,0.0,0.0,,0.0,,,0.0,,2540.698,0.0,0.0,9.974,60.171,3.373,177.924,,0.393,,0.0,0.0,0.0,0.0,0.0,,0.0,,0.0,0.0,0.0,0.0,0.0,,0.0
United Kingdom,1973,GBR,56166632.0,1077433270272.0,,,,,,,,,,8.312,72.059,16717.807,938.983,,,8.332,69.5,16088.175,903.619,,35.206,,,,4.974,126.385,47485.191,2.475,5.268,128.928,,,45868.738,2576.292,,96.596,8.195,22.178,292.809,,,5213.211,8.575,22.516,5075.514,285.075,,10.979,,13.786,1.375,11.349,68.332,3.838,202.058,,0.426,-2.797,-2.544,90.791,566.796,31.835,1616.455,,3.404,,,-4.701,-3.919,79.442,498.463,27.997,1414.397,,2.979,2.649,34.69,1344.501,,,23937.715,11.712,0.454,77.027,4.326,,50.411,0.0,0.0,,,0.0,0.0,,0.0,,,0.0,,2667.083,13.786,1.375,11.349,68.332,3.838,202.058,,0.426,,0.0,0.0,0.0,0.0,0.0,,0.0,,0.0,0.0,0.0,0.0,0.0,,0.0
United Kingdom,1974,GBR,56233776.0,1062802292736.0,,,,,,,,,,-11.962,-112.323,14700.425,826.66,,,-16.317,-147.441,13447.034,756.177,,32.633,,,,-5.021,-133.904,45047.285,2.383,-5.843,-150.54,,,43136.934,2425.753,,95.759,19.609,57.417,350.226,,,6228.033,20.602,58.732,6113.871,343.806,,13.826,,6.071,0.689,12.038,72.394,4.071,214.069,,0.475,18.385,16.636,107.427,670.202,37.688,1910.358,,4.241,,,20.074,15.947,95.389,597.808,33.617,1696.289,,3.766,-7.113,-95.635,1248.866,,,22208.475,10.215,0.442,84.794,4.768,,49.3,0.0,0.0,,,0.0,0.0,,0.0,,,0.0,,2533.179,6.071,0.689,12.038,72.394,4.071,214.069,,0.475,,0.0,0.0,0.0,0.0,0.0,,0.0,,0.0,0.0,0.0,0.0,0.0,,0.0
United Kingdom,1975,GBR,56266852.0,1061564055552.0,,,,,,,,,,0.598,4.943,14779.628,831.603,,,16.506,124.813,15657.365,880.991,,34.821,,,,-5.721,-144.93,42445.047,2.25,-5.563,-134.937,,,40713.414,2290.816,,95.92,4.782,16.747,366.973,,,6522.01,4.13,14.2,6362.65,358.006,,15.366,,-5.723,-0.689,11.349,68.211,3.838,201.698,,0.475,-9.319,-9.993,97.433,607.391,34.176,1731.631,,4.08,,,-9.754,-9.304,86.085,539.181,30.338,1529.933,,3.605,-12.542,-156.627,1092.24,,,19411.775,282.439,13.468,324.096,18.236,,45.734,0.0,0.0,,,0.0,0.0,,0.0,,,0.0,,2388.249,-5.723,-0.689,11.349,68.211,3.838,201.698,,0.475,,0.0,0.0,0.0,0.0,0.0,,0.0,,0.0,0.0,0.0,0.0,0.0,,0.0
United Kingdom,1976,GBR,56263232.0,1085394059264.0,,,,,,,,,,1.764,14.665,15041.236,846.269,,,-3.794,-33.425,15064.291,847.566,,34.721,,,,2.056,49.109,43320.625,2.246,1.333,30.539,,,41258.828,2321.355,,95.241,6.069,22.271,389.244,,,6918.274,5.899,21.12,6738.439,379.126,,15.97,,18.187,2.064,13.413,80.621,4.536,238.396,,0.55,19.063,18.57,116.003,723.225,40.691,2061.795,,4.759,,,19.174,16.506,102.59,642.604,36.155,1823.4,,4.209,-0.586,-6.397,1085.842,,,19299.318,676.084,123.29,2515.417,141.525,,44.55,0.0,0.0,,,0.0,0.0,,0.0,,,0.0,,2437.358,18.187,2.064,13.413,80.621,4.536,238.396,,0.55,,0.0,0.0,0.0,0.0,0.0,,0.0,,0.0,0.0,0.0,0.0,0.0,,0.0
United Kingdom,1977,GBR,56244844.0,1108973453312.0,,,,,,,,,,0.328,2.78,15095.573,849.048,,,-1.328,-11.256,14869.094,836.31,,34.195,,,,1.87,45.59,44145.352,2.239,1.566,36.341,,,41918.441,2357.696,,94.956,6.286,24.47,413.714,,,7355.589,4.485,17.003,7042.946,396.129,,16.662,,-12.831,-1.721,11.692,70.3,3.954,207.876,,0.471,8.071,9.249,125.252,781.849,43.975,2226.908,,5.044,,,10.693,10.97,113.56,711.55,40.021,2019.033,,4.574,0.837,9.092,1094.934,,,19467.283,214.447,303.496,7912.227,445.022,,44.098,0.0,0.0,,,0.0,0.0,,0.0,,,0.0,,2482.948,-12.831,-1.721,11.692,70.3,3.954,207.876,,0.471,,0.0,0.0,0.0,0.0,0.0,,0.0,,0.0,0.0,0.0,0.0,0.0,,0.0
United Kingdom,1978,GBR,56240768.0,1148502802432.0,,,,,,,,,,-2.581,-21.911,14707.075,827.137,,,1.168,9.77,15043.891,846.08,,33.123,,,,0.574,14.244,44401.824,2.174,0.926,21.835,,,42309.723,2379.531,,95.288,3.728,15.421,429.135,,,7630.325,-4.239,-16.794,6744.853,379.336,,17.185,,2.959,0.346,12.038,72.385,4.071,214.042,,0.482,-6.094,-7.591,117.662,734.254,41.295,2092.104,,4.712,,,-6.989,-7.937,105.624,661.869,37.224,1878.062,,4.23,2.587,28.324,1123.259,,,19972.32,41.137,183.068,11167.873,628.09,,44.981,0.0,0.0,,,0.0,0.0,,0.0,,,0.0,,2497.193,2.959,0.346,12.038,72.385,4.071,214.042,,0.482,,0.0,0.0,0.0,0.0,0.0,,0.0,,0.0,0.0,0.0,0.0,0.0,,0.0
United Kingdom,1979,GBR,56265152.0,1180113305600.0,,,,,,,,,,7.493,61.976,15802.205,889.113,,,-0.978,-8.271,14890.376,837.809,,34.013,,,,4.679,116.846,46459.285,2.215,4.752,113.084,,,44301.227,2492.615,,95.355,9.561,41.031,470.166,,,8356.256,0.978,3.71,6807.867,383.046,,17.986,,5.699,0.686,12.724,76.477,4.303,226.142,,0.487,3.187,3.762,121.423,757.325,42.611,2158.058,,4.645,,,2.912,3.076,108.7,680.848,38.308,1931.916,,4.158,0.897,10.077,1133.336,,,20142.766,44.158,277.352,16092.411,905.442,,43.356,0.0,0.0,,,0.0,0.0,,0.0,,,0.0,,2614.039,5.699,0.686,12.724,76.477,4.303,226.142,,0.487,,0.0,0.0,0.0,0.0,0.0,,0.0,,0.0,0.0,0.0,0.0,0.0,,0.0
United Kingdom,1980,GBR,56326328.0,1160744140800.0,,,,,,,,,,-7.044,-62.628,14673.173,826.486,,,15.913,133.319,17241.111,971.129,,34.71,,,,-8.91,-232.913,42273.758,2.051,-9.156,-228.235,,,40201.102,2264.38,,95.097,-0.297,-1.396,468.77,,,8322.402,-4.934,-18.899,6464.95,364.147,,19.687,,-8.111,-1.032,11.692,70.198,3.954,207.575,,0.491,-3.835,-4.678,116.745,727.493,40.977,2072.659,,4.903,,,-3.354,-3.646,105.053,657.295,37.023,1865.084,,4.412,-14.489,-164.212,969.124,,,17205.523,3.356,30.389,16614.455,935.831,,40.7,0.0,0.0,,,0.0,0.0,,0.0,,,0.0,,2381.125,-8.111,-1.032,11.692,70.198,3.954,207.575,,0.491,,0.0,0.0,0.0,0.0,0.0,,0.0,,0.0,0.0,0.0,0.0,0.0,,0.0
United Kingdom,1981,GBR,56395848.0,1145637961728.0,,,,,,,,,,-0.543,-4.489,14575.483,821.997,,,-6.58,-63.896,16086.876,907.233,,35.504,,,,-2.769,-65.934,41052.523,2.021,-3.091,-69.993,,,38910.438,2194.387,,94.782,1.355,6.35,475.12,,,8424.74,-0.224,-0.814,6442.545,363.333,,20.522,,11.76,1.375,13.067,78.357,4.419,231.7,,0.564,3.443,4.059,120.805,751.616,42.388,2142.082,,5.218,,,2.555,2.684,107.738,673.259,37.969,1910.382,,4.654,-7.414,-71.854,897.27,,,15910.215,11.201,104.821,18452.643,1040.652,,38.756,0.0,0.0,,,0.0,0.0,,0.0,,,0.0,,2315.192,11.76,1.375,13.067,78.357,4.419,231.7,,0.564,,0.0,0.0,0.0,0.0,0.0,,0.0,,0.0,0.0,0.0,0.0,0.0,,0.0
United Kingdom,1982,GBR,56450132.0,1163414863872.0,,,,,,,,,,-6.735,-55.359,13580.8,766.638,,,-2.486,-22.551,15671.929,884.682,,33.548,,,,-1.297,-30.023,40481.203,1.964,-2.16,-47.402,,,38033.301,2146.985,,93.953,-0.499,-2.372,472.748,,,8374.61,1.639,5.955,6541.834,369.287,,20.688,,2.648,0.346,13.413,80.354,4.536,237.606,,0.587,14.438,17.38,138.184,859.307,48.508,2447.897,,6.047,,,15.81,17.034,124.771,778.953,43.972,2210.291,,5.46,1.151,10.329,907.599,,,16077.892,15.354,159.785,21265.441,1200.437,,39.717,0.0,0.0,,,0.0,0.0,,0.0,,,0.0,,2285.169,2.648,0.346,13.413,80.354,4.536,237.606,,0.587,,0.0,0.0,0.0,0.0,0.0,,0.0,,0.0,0.0,0.0,0.0,0.0,,0.0
United Kingdom,1983,GBR,56501616.0,1204671086592.0,,,,,,,,,,0.93,7.129,13694.603,773.767,,,-4.434,-39.228,14963.368,845.454,,33.724,,,,0.404,9.24,40607.848,1.905,-0.357,-7.66,,,37863.07,2139.325,,93.241,4.239,20.038,492.786,,,8721.633,3.112,11.49,6739.237,380.778,,21.478,,0.0,0.0,13.413,80.281,4.536,237.39,,0.585,12.278,16.9,155.084,963.937,54.464,2744.777,,6.759,,,13.545,16.9,141.671,883.656,49.928,2507.387,,6.175,-3.837,-34.828,872.771,,,15446.835,11.375,136.548,23662.771,1336.985,,38.039,0.0,0.0,,,0.0,0.0,,0.0,,,0.0,,2294.409,0.0,0.0,13.413,80.281,4.536,237.39,,0.585,,0.0,0.0,0.0,0.0,0.0,,0.0,,0.0,0.0,0.0,0.0,0.0,,0.0
United Kingdom,1984,GBR,56568252.0,1234772426752.0,,,,,,,,,,-28.942,-223.947,9719.583,549.82,,,-57.743,-488.193,6315.591,357.262,,23.974,,,,-0.043,-0.993,40542.465,1.857,-0.584,-12.49,,,37597.664,2126.834,,92.737,2.31,11.386,504.172,,,8912.634,-2.242,-8.536,6580.394,372.241,,21.983,,0.0,0.0,13.413,80.186,4.536,237.11,,0.585,7.44,11.498,166.582,1034.432,58.516,2944.799,,7.263,,,8.114,11.495,153.166,954.228,53.979,2707.635,,6.679,22.924,200.071,1072.842,,,18965.449,9.66,129.151,25918.0,1466.136,,46.779,0.0,0.0,,,0.0,0.0,,0.0,,,0.0,,2293.416,0.022,0.003,13.416,80.204,4.537,237.163,,0.585,,0.003,0.003,0.018,0.001,0.053,,0.0,,0.0,0.0,0.0,0.0,0.0,,0.0
United Kingdom,1985,GBR,56643040.0,1278428446720.0,,,,,,,,,,33.004,181.463,12910.373,731.283,3127.71,177.163,84.16,300.67,11615.414,657.932,59.433,30.588,,298.089,12.469,4.243,97.31,42206.887,1.87,3.707,78.839,4031.669,228.366,38939.875,2205.673,76.61,92.26,7.548,38.053,542.225,51.127,2.896,9572.676,11.572,43.078,7332.215,415.319,0.972,22.68,,-12.826,-1.72,11.693,69.809,3.954,206.425,1.327,0.489,11.167,18.471,185.053,1148.424,65.05,3267.012,21.822,7.74,,,13.183,20.192,173.358,1078.597,61.095,3060.534,20.496,7.251,-13.113,-140.678,932.165,852.832,48.307,16456.826,1.226,17.98,26201.207,1484.116,16.206,38.991,0.0,0.0,,,0.0,0.0,,0.0,0.0,,0.0,5262.588,2390.726,-12.823,-1.72,11.696,69.827,3.955,206.478,1.327,0.489,0.0,0.0,0.003,0.018,0.001,0.053,0.0,0.0,,0.0,0.0,0.0,0.0,0.0,0.0,0.0
United Kingdom,1986,GBR,56721912.0,1334598565888.0,,,,,,,,,,7.998,58.487,13923.544,789.77,3549.969,201.361,15.944,104.903,13448.681,762.835,66.882,32.143,,301.071,12.253,2.774,66.329,43317.57,1.841,3.157,69.643,4131.366,234.339,40113.52,2275.315,77.835,92.603,1.664,9.025,551.25,30.729,1.743,9718.473,5.136,21.329,7698.054,436.648,0.579,22.435,,20.588,2.407,14.1,84.065,4.768,248.578,1.584,0.574,-1.848,-3.313,181.74,1125.637,63.848,3204.059,21.207,7.397,,,-3.3,-5.72,167.638,1041.555,59.079,2955.428,19.623,6.823,0.229,2.13,934.295,550.669,31.235,16471.498,-0.426,-6.315,26053.439,1477.801,10.375,38.025,0.0,0.0,,,0.0,0.0,,0.0,0.0,,0.0,5307.843,2457.055,20.583,2.407,14.103,84.082,4.769,248.631,1.584,0.574,0.0,0.0,0.003,0.018,0.001,0.053,0.0,0.0,,0.0,0.0,0.0,0.0,0.0,0.0,0.0
United Kingdom,1987,GBR,56826320.0,1398100983808.0,,,,,,,,,,2.446,19.317,14237.9,809.087,3694.133,209.924,-3.664,-27.947,12932.178,734.888,69.485,32.984,,302.112,12.316,-0.168,-4.12,43165.488,1.754,0.374,8.501,4236.136,240.724,40189.422,2283.817,79.68,93.105,2.705,14.91,566.16,79.752,4.532,9962.988,4.693,20.492,8044.519,457.14,1.5,23.081,,-12.195,-1.719,12.38,73.677,4.187,217.862,1.386,0.505,-6.928,-12.621,169.119,1045.727,59.425,2976.067,19.67,6.895,,,-6.501,-10.899,156.739,972.05,55.238,2758.205,18.284,6.39,-2.753,-25.725,908.569,462.251,26.268,15988.531,-2.925,-43.229,25244.854,1434.572,8.695,37.04,0.0,0.0,,,0.0,0.0,,0.0,0.0,,0.0,5316.41,2452.936,-12.214,-1.722,12.38,73.677,4.187,217.862,1.386,0.505,-100.0,-0.003,0.0,0.0,0.0,0.0,0.0,0.0,,0.0,0.0,0.0,0.0,0.0,0.0,0.0
United Kingdom,1988,GBR,56952648.0,1467801403392.0,,,,,,,,,,-2.928,-23.69,13790.354,785.397,3570.931,203.374,0.18,1.326,12926.772,736.214,65.854,31.597,,308.825,12.424,1.335,32.751,43644.805,1.693,0.323,7.366,4153.363,236.545,40229.613,2291.183,76.595,92.175,-4.747,-26.877,539.283,83.894,4.778,9468.973,-3.699,-16.91,7729.761,440.23,1.547,21.696,,16.667,2.063,14.444,85.766,4.885,253.609,1.582,0.581,15.005,25.385,194.504,1199.973,68.342,3415.189,22.13,7.825,,,14.877,23.319,180.057,1114.189,63.456,3161.527,20.548,7.244,6.376,57.934,966.503,498.537,28.393,16970.289,-7.209,-103.414,23373.07,1331.158,9.194,38.883,0.0,0.0,,,0.0,0.0,,0.0,0.0,,0.0,5422.487,2485.687,16.691,2.066,14.447,85.784,4.886,253.662,1.582,0.581,,0.003,0.003,0.018,0.001,0.052,0.0,0.0,,0.0,0.0,0.0,0.0,0.0,0.0,0.0
United Kingdom,1989,GBR,57076096.0,1499837497344.0,,,,,,,,,,-3.743,-29.401,13245.413,755.996,3503.008,199.938,-3.824,-28.156,12405.503,708.058,63.556,30.377,,314.585,12.641,0.121,3.005,43603.059,1.659,-0.88,-20.164,4105.554,234.329,39789.328,2271.02,74.488,91.254,-2.273,-12.258,527.025,86.709,4.949,9233.726,-2.071,-9.118,7553.292,431.112,1.573,21.177,,-2.381,-0.344,14.1,83.543,4.768,247.035,1.516,0.567,11.954,23.169,217.673,1340.514,76.511,3813.728,24.321,8.746,,,13.045,23.489,203.546,1256.813,71.734,3566.227,22.803,8.179,2.224,21.495,987.998,515.838,29.442,17310.191,-19.875,-264.571,18687.109,1066.587,9.359,39.699,0.0,0.0,,,0.0,0.0,,0.0,0.0,,0.0,5511.677,2488.692,-2.217,-0.32,14.126,83.701,4.777,247.502,1.519,0.568,-100.0,-0.003,0.0,0.0,0.0,0.0,0.0,0.0,,0.027,0.027,0.158,0.009,0.466,0.003,0.001
United Kingdom,1990,GBR,57210444.0,1505692221440.0,,,,,10.488,0.6,0.189,,,-0.091,-0.686,13202.315,755.31,3577.319,204.66,-7.291,-51.626,11473.99,656.432,64.407,30.111,329.7,317.76,12.668,0.792,19.701,43845.027,1.666,1.486,33.75,4303.235,246.19,40285.816,2304.77,77.477,91.882,4.12,21.713,548.738,87.397,5.0,9591.575,10.421,44.927,8320.844,476.039,1.574,21.876,,7.317,1.032,15.132,91.067,5.21,264.488,1.64,0.603,-6.588,-14.049,203.624,1250.995,71.57,3559.206,22.523,8.118,11.94,3.621,-8.343,-16.983,186.564,1149.266,65.75,3261.009,20.692,7.438,1.288,12.723,1000.721,638.52,36.53,17491.93,-0.116,-1.233,18621.678,1065.354,11.496,39.895,1.902,0.6,0.0,,1.902,10.488,0.0,33.244,0.189,0.0,0.076,5554.231,2508.394,19.775,2.934,17.06,101.73,5.82,298.198,1.832,0.68,,0.0,0.0,0.0,0.0,0.0,0.0,0.0,0.0,0.0,0.027,0.175,0.01,0.465,0.003,0.001
United Kingdom,1991,GBR,57359452.0,1487460892672.0,,,,,12.029,0.69,0.215,,,0.169,1.279,13190.321,756.59,3652.929,209.53,1.97,12.933,11669.648,669.365,65.205,29.54,337.75,321.34,12.546,2.106,52.823,44652.039,1.722,1.764,40.646,4279.678,245.48,40889.773,2345.415,76.393,91.574,8.024,44.031,592.769,101.465,5.82,10334.293,11.341,53.986,9240.424,530.026,1.811,23.144,,-11.364,-1.719,13.412,80.545,4.62,233.824,1.438,0.524,6.023,12.178,215.801,1322.537,75.86,3762.263,23.607,8.426,16.41,4.859,7.291,13.603,200.167,1229.789,70.54,3489.692,21.952,7.815,-0.466,-4.665,996.056,525.284,30.13,17365.162,-0.376,-4.001,18503.557,1061.354,9.376,38.89,2.196,0.69,0.0,15.458,0.294,12.029,0.0,38.283,0.215,0.0,0.086,5602.215,2561.217,-8.553,-1.425,15.635,92.748,5.32,272.571,1.656,0.61,,0.0,0.0,0.0,0.0,0.0,0.0,0.0,0.0,0.0,0.027,0.174,0.01,0.464,0.003,0.001
United Kingdom,1992,GBR,57509240.0,1491383222272.0,,,,,16.171,0.93,0.291,,,-5.975,-45.206,12369.904,711.384,3349.375,192.62,-10.496,-70.257,10417.592,599.108,60.318,27.949,336.03,319.34,12.546,-0.62,-15.889,44259.449,1.707,-1.574,-36.928,4105.949,236.13,40141.156,2308.487,73.943,90.695,-0.481,-2.849,589.92,218.747,12.58,10257.833,1.692,8.967,9372.273,538.992,3.939,23.177,,17.949,2.407,15.819,94.42,5.43,275.074,1.7,0.622,9.698,21.039,236.84,1446.898,83.21,4118.295,26.057,9.305,16.69,4.967,8.88,17.774,217.941,1335.611,76.81,3789.669,24.053,8.562,1.117,11.127,1007.183,537.827,30.93,17513.418,3.277,34.785,19060.227,1096.139,9.686,39.57,2.982,0.93,0.0,35.805,0.786,16.171,0.0,51.855,0.291,0.0,0.117,5552.847,2545.327,20.724,3.264,18.899,111.286,6.4,328.626,2.004,0.742,,0.0,0.0,0.0,0.0,0.0,0.0,0.0,266.667,0.071,0.098,0.696,0.04,1.697,0.013,0.004
United Kingdom,1993,GBR,57647464.0,1527375331328.0,,,,,20.816,1.2,0.373,,,-12.919,-91.9,10746.068,619.484,2945.143,169.78,-19.269,-115.439,8390.107,483.668,52.781,24.06,338.39,321.67,12.493,1.155,29.398,44663.285,1.686,-0.195,-4.493,3930.789,226.6,39966.969,2303.994,70.445,89.485,13.96,82.352,672.272,590.486,34.04,11661.782,17.57,94.703,10992.599,633.695,10.582,26.11,,-19.565,-3.095,12.724,74.591,4.3,220.725,1.337,0.494,14.373,33.891,270.731,1649.162,95.07,4696.314,29.555,10.515,16.72,4.941,16.334,35.599,253.54,1549.938,89.35,4398.12,27.777,9.847,0.502,5.055,1012.239,395.16,22.78,17559.119,6.3,69.059,20212.479,1165.198,7.082,39.314,3.824,1.2,0.0,28.238,0.842,20.816,0.0,66.339,0.373,0.0,0.149,5579.951,2574.725,-9.481,-1.709,17.19,99.224,5.72,298.194,1.778,0.668,,0.0,0.0,0.0,0.0,0.0,0.0,0.0,557.576,0.544,0.642,3.816,0.22,11.131,0.068,0.025
United Kingdom,1994,GBR,57785900.0,1585210327040.0,,,,,26.304,1.52,0.468,,,-6.631,-41.077,10009.473,578.406,2769.361,160.03,-28.576,-138.211,5978.232,345.458,49.237,22.738,341.91,325.02,12.777,-1.2,-30.902,44021.512,1.605,-1.375,-31.669,3976.575,229.79,39323.18,2272.325,70.7,89.327,2.972,19.98,692.253,921.678,53.26,11979.609,6.761,42.845,11707.706,676.54,16.387,27.213,,18.919,2.407,15.132,88.084,5.09,261.855,1.566,0.595,0.2,0.767,271.498,1647.98,95.23,4698.336,29.3,10.673,16.89,4.94,-1.199,-3.039,250.501,1527.708,88.28,4334.993,27.161,9.847,-1.044,-10.572,1001.667,285.537,16.5,17334.1,26.303,306.485,25467.865,1471.683,5.077,39.376,4.847,1.52,0.0,26.753,1.023,26.304,0.0,83.885,0.468,0.0,0.191,5624.555,2543.823,22.063,3.806,20.996,120.272,6.95,363.342,2.138,0.825,,0.0,0.0,0.0,0.0,0.0,0.0,0.0,58.525,0.376,1.017,5.884,0.34,17.603,0.105,0.04
United Kingdom,1995,GBR,57930364.0,1623418994688.0,,,,,28.31,1.64,0.493,,,-4.58,-26.493,9527.185,551.913,2655.602,153.84,10.258,35.437,6575.034,380.894,46.27,21.622,348.79,332.48,13.025,0.343,8.722,44062.301,1.572,0.336,7.628,4085.077,236.65,39356.789,2279.953,71.177,89.321,6.621,45.834,738.086,1100.287,63.74,12740.923,9.447,63.913,12781.783,740.453,19.171,28.916,,-9.091,-1.376,13.756,83.549,4.84,237.456,1.456,0.539,0.407,1.094,272.592,1654.227,95.83,4705.512,28.823,10.679,16.31,4.676,0.773,1.935,252.437,1535.637,88.96,4357.588,26.756,9.89,-1.169,-11.713,989.954,329.188,19.07,17088.684,2.649,38.984,26077.295,1510.667,5.736,38.783,5.24,1.64,0.0,8.107,0.393,28.31,0.0,90.459,0.493,0.0,0.205,5739.305,2552.545,-4.214,-0.841,20.155,118.591,6.87,347.924,2.066,0.79,,0.0,0.0,0.0,0.0,0.0,0.0,0.0,13.953,0.142,1.159,6.732,0.39,20.009,0.117,0.045
United Kingdom,1996,GBR,58078584.0,1663252430848.0,,,,,30.992,1.8,0.515,,,-6.511,-35.937,8884.11,515.977,2500.405,145.22,-4.933,-18.789,6234.736,362.105,41.572,19.28,366.07,349.32,13.052,4.848,123.75,46080.582,1.609,4.845,110.466,4286.778,248.97,41158.355,2390.419,71.273,89.318,16.496,121.754,859.841,1447.866,84.09,14804.781,18.928,140.154,15162.348,880.608,24.072,32.128,,-27.0,-3.714,10.042,58.369,3.39,172.901,0.97,0.375,4.924,13.284,285.876,1727.831,100.35,4922.225,28.727,10.682,16.75,4.576,6.415,16.194,268.63,1630.033,94.67,4625.292,27.101,10.037,2.49,24.648,1014.602,338.507,19.66,17469.461,-0.118,-1.779,25980.107,1508.888,5.628,37.911,5.761,1.8,0.0,9.929,0.52,30.992,0.0,99.187,0.515,0.0,0.215,6014.61,2676.295,-14.913,-2.91,17.245,97.799,5.68,296.934,1.626,0.644,,0.0,0.0,0.0,0.0,0.0,0.0,0.0,24.49,0.284,1.443,8.437,0.49,24.846,0.14,0.054
United Kingdom,1997,GBR,58250192.0,1713664294912.0,,,,,36.223,2.11,0.604,,,-10.815,-55.801,7899.988,460.176,2055.272,119.72,-2.672,-9.676,6050.259,352.429,34.285,17.497,365.76,349.19,13.277,-1.73,-46.296,45150.043,1.535,-2.536,-60.617,4190.373,244.09,39996.461,2329.802,69.902,88.586,2.831,24.342,884.182,1904.886,110.96,15179.047,2.033,17.901,15424.99,898.509,31.776,33.619,,29.452,2.958,12.999,71.588,4.17,223.164,1.194,0.494,4.942,14.321,300.197,1804.286,105.1,5153.585,30.098,11.414,16.57,4.53,3.671,9.86,278.491,1684.973,98.15,4780.941,28.108,10.589,-2.874,-29.158,985.443,230.214,13.41,16917.424,-1.432,-21.609,25532.607,1487.279,3.84,37.469,6.735,2.11,0.0,16.912,0.974,36.223,0.0,115.62,0.604,0.0,0.256,5994.658,2629.999,26.094,4.461,21.707,119.313,6.95,372.644,1.99,0.825,,0.0,0.0,0.0,0.0,0.0,0.0,0.0,36.68,0.529,1.972,11.502,0.67,33.859,0.192,0.075
United Kingdom,1998,GBR,58438320.0,1766690914304.0,,,,,45.347,2.65,0.734,,,-2.496,-11.485,7678.03,448.691,2104.27,122.97,-15.003,-52.873,5126.012,299.556,34.056,16.92,373.79,361.08,13.616,0.83,21.82,45378.082,1.501,0.581,13.526,4328.324,252.94,40099.152,2343.327,70.051,88.367,3.984,35.222,919.405,2015.801,117.8,15732.91,5.06,45.464,16153.323,943.973,32.624,34.671,,16.412,2.133,15.133,87.614,5.12,258.952,1.418,0.571,2.674,8.294,308.492,1850.498,108.14,5278.927,29.949,11.633,12.71,3.4,1.365,3.802,282.293,1702.479,99.49,4830.612,27.553,10.645,-1.036,-10.212,975.231,208.254,12.17,16688.215,3.714,55.242,26395.723,1542.522,3.37,36.776,8.473,2.65,0.0,25.803,1.738,45.347,0.0,144.986,0.734,0.0,0.32,6178.822,2651.819,20.576,4.492,26.199,148.019,8.65,448.315,2.396,0.988,,0.0,0.0,0.0,0.0,0.0,0.0,0.0,31.484,0.621,2.593,15.059,0.88,44.376,0.244,0.098
United Kingdom,1999,GBR,58635204.0,1822988828672.0,,,,,58.497,3.43,0.939,,,-11.093,-49.774,6803.372,398.917,1810.858,106.18,-9.853,-29.516,4605.425,270.04,29.07,15.113,379.49,365.25,13.837,-0.46,-12.187,45017.871,1.448,-0.123,-2.876,4442.724,260.5,39915.457,2340.451,71.321,88.666,6.469,59.472,978.877,2437.102,142.9,16694.354,9.894,93.394,17691.879,1037.367,39.124,37.084,,4.259,0.645,15.777,91.072,5.34,269.076,1.462,0.598,-3.131,-9.31,299.181,1786.469,104.75,5102.416,28.679,11.334,14.24,3.752,-4.375,-12.352,269.941,1622.404,95.13,4603.738,26.045,10.226,-1.289,-12.574,962.657,194.764,11.42,16417.73,3.367,51.94,27192.902,1594.461,3.127,36.469,10.946,3.43,0.0,29.195,2.474,58.497,0.0,186.686,0.939,0.0,0.415,6229.193,2639.632,11.179,3.041,29.24,164.065,9.62,498.678,2.634,1.108,,0.003,0.003,0.0,0.0,0.05,0.0,0.0,-3.079,-0.08,2.513,14.496,0.85,42.866,0.233,0.095
United Kingdom,2000,GBR,58850044.0,1889457799168.0,,,,,66.95,3.94,1.052,,483.199,7.077,28.231,7258.241,427.148,2038.231,119.95,-15.796,-42.656,3863.781,227.384,32.04,16.031,388.55,374.38,14.051,0.941,24.842,45275.645,1.41,2.24,52.426,4746.64,279.34,40660.57,2392.876,74.614,89.807,3.529,34.54,1013.417,2516.226,148.08,17220.328,9.372,97.224,19279.348,1134.59,39.553,38.034,180.9,-4.683,-0.739,15.038,86.491,5.09,255.539,1.36,0.564,-9.328,-27.584,271.597,1614.952,95.04,4615.071,25.386,10.193,14.17,3.647,-10.585,-28.574,241.367,1445.368,85.06,4101.388,22.72,9.059,-1.075,-10.345,952.312,192.183,11.31,16182.002,-7.917,-126.232,24948.656,1468.229,3.021,35.741,12.391,3.94,0.0,13.202,1.445,66.95,0.0,210.561,1.052,0.0,0.465,6361.593,2664.474,3.108,0.99,30.23,169.584,9.98,513.683,2.666,1.135,0.0,0.0,0.003,0.0,0.0,0.05,0.0,0.0,11.294,0.284,2.797,16.143,0.95,47.533,0.254,0.105
United Kingdom,2001,GBR,59092016.0,1939162398720.0,,,,,76.66,4.53,1.185,,486.728,5.946,25.398,7658.317,452.545,2224.666,131.46,2.134,4.853,3930.086,232.237,34.38,16.81,392.77,382.37,14.203,1.04,27.701,45559.023,1.388,0.674,16.118,4784.403,282.72,40766.836,2408.995,73.939,89.481,-0.482,-4.885,1008.532,2401.339,141.9,17067.143,-2.332,-26.454,18752.732,1108.137,37.111,37.462,186.11,-20.274,-3.127,11.912,68.706,4.06,201.579,1.062,0.442,4.91,11.583,283.18,1686.353,99.65,4792.184,26.061,10.519,10.4,2.648,5.913,12.612,253.979,1524.571,90.09,4298.031,23.561,9.434,-0.461,-4.394,947.918,158.397,9.36,16041.381,-7.578,-111.26,22963.67,1356.97,2.448,35.21,14.448,4.53,0.0,16.595,2.056,76.66,0.0,244.499,1.185,0.0,0.537,6470.755,2692.175,-3.701,-1.03,29.2,161.782,9.56,494.152,2.5,1.085,100.0,0.003,0.006,0.0,0.0,0.099,0.0,0.0,2.008,0.038,2.835,16.415,0.97,47.975,0.254,0.105
United Kingdom,2002,GBR,59355688.0,1983811813376.0,,,0.305,0.018,85.586,5.08,1.321,0.001,481.565,-8.228,-37.237,6996.945,415.308,2093.818,124.28,-5.815,-13.505,3685.108,218.732,32.314,15.783,393.01,384.6,14.616,-2.257,-60.765,44332.898,1.326,-2.388,-57.532,4812.007,285.62,39616.461,2351.462,74.264,89.361,-1.308,-13.19,995.341,2565.55,152.28,16769.1,-2.1,-23.272,18277.348,1084.865,39.594,37.825,185.21,18.074,2.062,13.974,80.7,4.79,235.426,1.245,0.531,-0.647,-3.233,279.947,1667.574,98.98,4716.43,25.736,10.639,8.41,2.14,-2.491,-7.925,246.055,1480.06,87.85,4145.427,22.842,9.351,-0.75,-7.105,940.813,152.639,9.06,15850.422,-0.629,-8.538,22717.818,1348.432,2.356,35.753,16.217,5.08,0.0,12.243,1.769,85.586,0.0,273.213,1.321,0.0,0.616,6479.582,2631.41,16.758,4.692,33.892,187.514,11.13,571.003,2.894,1.288,50.0,0.003,0.009,0.0,0.0,0.148,0.0,0.0,30.466,0.84,3.675,21.228,1.26,61.912,0.328,0.14
United Kingdom,2003,GBR,59649800.0,2050645557248.0,950.0,0.172,3.184,0.19,102.264,6.1,1.543,0.007,493.577,6.703,27.84,7429.167,443.148,2318.532,138.3,-6.23,-13.628,3438.48,205.105,34.972,16.601,397.62,395.46,14.815,1.443,37.961,44750.703,1.302,1.62,38.097,4964.812,296.15,40059.801,2389.559,74.887,89.518,0.276,2.75,998.092,2495.901,148.88,16732.525,-0.627,-6.803,18073.172,1078.061,37.647,37.391,195.19,-32.58,-4.613,9.361,54.149,3.23,156.928,0.817,0.351,0.578,-0.135,279.812,1664.884,99.31,4690.907,25.113,10.482,2.16,0.543,0.954,0.755,246.809,1486.845,88.69,4137.637,22.427,9.246,0.798,7.506,948.319,150.378,8.97,15898.105,-8.514,-114.804,20681.178,1233.628,2.268,35.526,19.708,6.1,0.0,21.527,3.491,102.264,0.0,330.39,1.543,0.0,0.738,6629.695,2669.371,-2.38,-0.89,33.002,178.039,10.62,553.27,2.685,1.236,0.0,-0.0,0.009,0.0,0.0,0.146,0.0,0.0,2.303,0.061,3.735,21.626,1.29,62.621,0.326,0.14
United Kingdom,2004,GBR,59995852.0,2100502593536.0,-9.524,-0.018,2.864,0.172,122.675,7.36,1.881,0.006,494.825,-2.402,-10.643,7208.927,432.506,2196.652,131.79,-16.0,-32.818,2871.647,172.287,33.681,16.071,398.78,391.29,14.54,0.818,21.839,44856.602,1.281,1.557,37.198,4952.842,297.15,40448.742,2426.757,75.941,90.173,2.183,21.787,1019.879,2618.014,157.07,16999.158,-6.394,-68.93,16820.02,1009.131,40.142,37.897,193.62,50.09,4.599,13.96,80.672,4.84,232.684,1.237,0.519,-5.269,-15.358,264.453,1569.108,94.14,4407.859,24.059,9.827,7.49,1.878,-9.795,-25.594,221.215,1333.426,80.0,3687.176,20.445,8.22,2.747,26.053,974.372,138.176,8.29,16240.656,-10.086,-124.428,18487.939,1109.2,2.119,36.206,23.507,7.36,0.0,19.279,3.799,122.675,0.0,391.812,1.881,0.0,0.873,6521.951,2691.21,31.619,10.236,43.238,235.683,14.14,720.683,3.614,1.607,33.333,0.003,0.012,0.0,0.0,0.192,0.0,0.0,50.543,1.852,5.588,32.336,1.94,93.132,0.496,0.208
United Kingdom,2005,GBR,60383740.0,2160945659904.0,371.443,0.638,13.416,0.81,150.703,9.1,2.301,0.03,493.45,1.84,7.958,7294.403,440.463,2229.739,134.64,-18.468,-31.818,2326.269,140.469,34.05,16.232,403.74,395.42,14.572,0.828,22.272,44937.305,1.256,0.418,10.138,4916.39,296.87,40356.801,2436.895,75.077,89.807,-2.551,-26.013,993.866,2527.833,152.64,16459.162,-8.497,-85.741,15292.035,923.39,38.602,36.627,195.12,1.619,0.136,14.096,81.479,4.92,233.445,1.244,0.519,5.355,12.134,276.588,1632.062,98.55,4580.5,24.923,10.193,8.32,2.061,2.024,3.048,224.264,1351.688,81.62,3713.975,20.641,8.265,2.894,28.194,1002.566,158.818,9.59,16603.236,-11.17,-123.893,16317.417,985.307,2.425,36.948,29.056,9.1,0.0,23.607,5.549,150.703,0.0,481.196,2.301,0.0,1.071,6548.452,2713.482,23.962,9.086,52.324,280.373,16.93,866.524,4.282,1.928,100.0,0.011,0.023,0.166,0.01,0.379,0.003,0.001,50.181,2.751,8.338,48.026,2.9,138.088,0.733,0.307
United Kingdom,2006,GBR,60803700.0,2212969054208.0,154.678,1.253,33.932,2.063,152.622,9.28,2.359,0.077,511.921,9.201,40.526,7910.523,480.989,2448.042,148.85,-10.193,-14.318,2074.724,126.151,37.833,17.955,400.96,393.44,14.687,-1.275,-34.604,44057.82,1.211,-0.856,-20.861,4931.937,299.88,39734.973,2416.033,76.22,90.188,-5.158,-51.263,942.602,2316.142,140.83,15502.385,-9.303,-85.906,13773.573,837.484,35.795,35.186,201.41,-6.693,-1.026,13.07,75.489,4.59,214.956,1.167,0.488,-3.766,-13.743,262.845,1538.722,93.56,4322.844,23.78,9.812,7.52,1.875,-7.556,-18.25,206.013,1240.878,75.45,3388.172,19.177,7.69,-1.01,-10.123,992.442,167.753,10.2,16322.067,-9.612,-94.706,14647.141,890.6,2.593,37.047,29.614,9.28,0.0,1.918,0.557,152.622,0.0,487.039,2.359,0.0,1.105,6470.659,2678.878,13.659,4.508,56.832,297.844,18.11,934.672,4.603,2.121,37.5,0.008,0.031,0.164,0.01,0.515,0.003,0.001,45.467,3.715,12.053,69.568,4.23,198.23,1.075,0.45
United Kingdom,2007,GBR,61260680.0,2267379924992.0,95.13,1.963,65.718,4.026,152.3,9.33,2.374,0.155,513.436,-5.842,-28.098,7392.854,452.891,2219.205,135.95,-6.318,-7.97,1929.153,118.181,34.595,17.388,398.19,392.98,15.088,-2.772,-74.25,42517.129,1.149,-1.884,-45.525,5064.586,310.26,38695.43,2370.508,78.951,91.011,1.104,10.403,953.005,2706.303,165.79,15556.555,-9.858,-82.556,12323.212,754.928,42.188,36.589,201.77,10.535,1.287,14.357,82.924,5.08,234.354,1.293,0.551,-9.293,-28.725,234.12,1350.295,82.72,3821.696,21.049,8.989,5.21,1.308,-16.464,-34.994,171.019,1028.882,63.03,2791.667,16.039,6.566,-2.804,-27.83,964.612,139.078,8.52,15746.02,-0.004,-0.032,14537.355,890.568,2.168,37.035,29.766,9.33,0.0,0.513,0.152,152.3,0.0,485.886,2.374,0.0,1.143,6414.881,2604.628,17.517,6.269,63.1,321.413,19.69,1030.029,5.01,2.423,27.273,0.008,0.04,0.163,0.01,0.646,0.003,0.002,24.5,2.859,14.912,86.026,5.27,243.425,1.341,0.573
United Kingdom,2008,GBR,61742152.0,2251038392320.0,129.506,5.214,149.651,9.24,154.999,9.57,2.487,0.361,515.279,-7.189,-32.558,6807.882,420.333,2014.507,124.38,5.69,6.724,2023.019,124.906,32.32,16.424,395.86,384.84,15.037,-1.739,-45.299,41451.902,1.137,-1.147,-27.189,5028.979,310.5,37953.32,2343.32,80.683,91.56,2.657,25.32,978.325,2854.128,176.22,15845.338,-3.606,-27.223,11786.204,727.706,45.79,38.226,198.3,1.258,0.09,14.447,83.249,5.14,233.99,1.336,0.564,-3.589,-18.11,216.01,1204.04,74.34,3498.579,19.317,8.44,11.02,2.784,-16.727,-29.49,141.529,850.149,52.49,2292.26,13.639,5.53,-2.068,-19.951,944.661,160.344,9.9,15300.101,-6.25,-55.664,13522.433,834.904,2.572,36.91,30.802,9.57,0.0,3.483,1.037,154.999,0.0,498.889,2.487,0.0,1.204,6233.019,2559.33,31.325,11.38,74.481,353.891,21.85,1206.319,5.678,2.91,21.429,0.008,0.048,0.324,0.02,0.774,0.005,0.002,34.575,5.031,19.944,115.318,7.12,323.016,1.85,0.779
United Kingdom,2009,GBR,62243384.0,2151646494720.0,23.953,2.213,184.003,11.453,172.227,10.72,2.873,0.471,471.856,-17.519,-73.638,5569.99,346.695,1655.437,103.04,-2.358,-2.945,1959.418,121.961,27.619,14.267,375.94,373.08,15.353,-5.053,-129.313,39040.559,1.129,-7.882,-184.708,4478.066,278.73,34680.172,2158.611,74.711,88.831,-6.755,-66.088,912.237,2674.983,166.5,14655.967,-15.892,-115.648,9833.294,612.057,44.628,37.54,176.04,1.687,0.153,14.6,84.025,5.23,234.563,1.402,0.601,26.503,55.396,271.405,1515.824,94.35,4360.39,25.289,11.169,2.86,0.761,31.65,43.644,185.173,1110.158,69.1,2974.986,18.521,7.62,-4.762,-44.982,899.679,147.646,9.19,14454.215,-5.001,-41.755,12742.704,793.149,2.463,37.024,34.204,10.72,0.0,11.044,3.402,172.227,0.0,549.525,2.873,0.0,1.408,5993.89,2430.017,17.827,11.751,86.232,405.666,25.25,1385.404,6.768,3.549,17.648,0.008,0.056,0.321,0.02,0.897,0.005,0.002,30.769,5.975,25.919,149.092,9.28,416.415,2.487,1.067
United Kingdom,2010,GBR,62760048.0,2190775025664.0,16.267,1.863,212.173,13.316,195.347,12.26,3.236,0.537,483.518,2.34,8.114,5653.417,354.809,1714.307,107.59,3.501,4.27,2011.329,126.231,28.395,14.298,381.57,378.91,15.269,2.12,51.516,39540.008,1.133,3.073,66.326,4630.175,290.59,35451.496,2224.938,76.691,89.66,7.968,72.691,984.928,2798.755,175.65,15693.558,-5.4,-33.048,9225.762,579.009,46.357,39.69,183.21,-31.304,-4.632,9.968,57.202,3.59,158.829,0.947,0.402,-3.931,-14.81,256.595,1407.265,88.32,4088.515,23.309,10.34,2.66,0.697,-10.07,-19.668,165.505,990.12,62.14,2637.106,16.4,6.669,-1.609,-14.479,885.2,117.113,7.35,14104.521,-7.679,-60.906,11667.352,732.244,1.94,35.672,39.146,12.26,0.0,14.447,4.942,195.347,0.0,623.739,3.236,0.0,1.577,6037.44,2481.533,7.629,4.858,91.09,417.144,26.18,1451.408,6.909,3.671,101.383,0.056,0.112,0.637,0.04,1.781,0.011,0.005,10.825,2.63,28.549,163.958,10.29,454.885,2.716,1.15
United Kingdom,2011,GBR,63286360.0,2221719158784.0,-7.424,-0.989,194.788,12.327,210.314,13.31,3.646,0.526,463.184,0.816,2.895,5652.15,357.704,1713.481,108.44,0.935,1.18,2013.252,127.411,29.705,15.273,371.28,365.06,15.587,-5.621,-139.49,37007.074,1.054,-8.123,-180.737,4122.215,260.88,32300.807,2044.2,71.462,87.283,-16.828,-165.743,819.185,2314.875,146.5,12944.101,-20.411,-118.184,7281.589,460.825,40.13,34.977,169.09,58.484,5.733,15.702,89.909,5.69,248.104,1.559,0.67,14.645,41.247,297.842,1646.168,104.18,4706.266,28.538,12.717,6.22,1.675,11.009,17.1,182.605,1089.966,68.98,2885.371,18.896,7.797,-2.021,-17.889,867.311,93.859,5.94,13704.554,-17.454,-127.804,9550.861,604.439,1.627,37.032,42.5,13.31,0.0,8.569,3.354,210.314,0.0,671.556,3.646,0.0,1.815,5768.384,2342.043,20.365,24.147,115.238,556.202,35.2,1820.895,9.642,4.92,504.968,0.56,0.672,3.792,0.24,10.621,0.066,0.029,55.197,15.488,44.036,252.187,15.96,695.826,4.372,1.88
United Kingdom,2012,GBR,63808728.0,2250912301056.0,-15.918,-1.962,162.441,10.365,230.846,14.73,4.082,0.436,485.494,26.153,93.55,7071.983,451.254,2237.782,142.79,-8.231,-10.487,1832.423,116.925,39.566,18.963,372.75,360.89,15.166,1.604,37.57,37292.91,1.057,0.982,20.066,3906.206,249.25,32350.846,2064.266,69.065,86.748,-6.128,-50.198,768.987,1569.848,100.17,12051.445,-14.952,-68.901,6142.167,391.924,27.756,32.316,175.21,-6.723,-1.144,14.557,83.217,5.31,228.137,1.471,0.612,4.719,17.504,315.347,1749.604,111.64,4942.063,30.935,13.252,11.86,3.182,2.065,2.642,185.246,1103.297,70.4,2903.15,19.507,7.785,-2.685,-23.286,844.025,98.576,6.29,13227.42,-14.261,-86.197,8121.81,518.242,1.743,35.469,47.047,14.73,0.0,10.697,4.546,230.846,0.0,737.308,4.082,0.0,1.977,5655.81,2379.613,8.569,14.863,130.1,646.307,41.24,2038.913,11.427,5.467,455.588,3.04,3.712,21.157,1.35,58.173,0.374,0.156,24.332,10.383,54.42,311.086,19.85,852.854,5.5,2.287
United Kingdom,2013,GBR,64302296.0,2293924888576.0,14.304,1.483,184.251,11.848,281.483,18.1,5.093,0.5,459.002,-3.619,-16.33,6763.749,434.925,2025.744,130.26,-24.658,-28.832,1369.981,88.093,36.654,18.339,369.81,355.38,14.985,-0.337,-8.017,36881.977,1.034,-2.066,-42.657,3601.116,231.56,31439.141,2021.609,65.158,85.243,-0.745,-5.73,763.258,1490.46,95.84,11869.833,-5.644,-22.12,5751.02,369.804,26.968,32.183,163.12,-11.444,-1.744,12.814,73.092,4.7,199.271,1.323,0.54,11.187,34.64,349.987,1925.592,123.82,5442.836,34.842,14.757,14.43,3.902,0.287,-0.588,184.658,1098.095,70.61,2871.719,19.869,7.786,-2.44,-20.598,823.427,84.911,5.46,12805.558,-8.784,-45.525,7351.487,472.717,1.536,34.72,57.795,18.1,0.0,22.845,10.748,281.483,0.0,898.794,5.093,0.0,2.437,5526.708,2371.596,26.056,35.228,165.329,827.498,53.21,2571.117,14.973,6.971,48.494,1.767,5.479,31.259,2.01,85.204,0.566,0.231,43.079,22.975,77.394,441.664,28.4,1203.598,7.991,3.263
United Kingdom,2014,GBR,64773504.0,2363952726016.0,14.243,1.688,208.963,13.535,349.217,22.62,6.748,0.604,424.689,-19.252,-83.73,5421.879,351.194,1547.546,100.24,-8.581,-7.559,1243.309,80.533,29.904,15.678,355.73,335.21,14.964,-5.544,-131.484,34583.77,0.948,-7.246,-146.48,3194.825,206.94,28949.014,1875.129,61.734,83.707,-8.215,-62.702,700.555,1557.581,100.89,10815.457,1.22,4.511,5778.832,374.315,30.098,31.273,142.36,25.233,3.137,15.951,90.932,5.89,246.254,1.757,0.712,4.524,14.996,364.983,1980.285,128.27,5634.756,38.266,16.293,20.52,5.768,-9.714,-18.936,165.722,984.199,63.75,2558.479,19.018,7.398,-0.006,-0.047,823.38,89.697,5.81,12711.677,-1.768,-8.356,7169.007,464.362,1.733,36.756,72.212,22.62,0.0,24.945,14.417,349.217,0.0,1114.833,6.748,0.0,3.224,5175.11,2240.112,19.975,33.932,199.261,996.086,64.52,3076.277,19.248,8.895,101.668,5.504,10.983,62.526,4.05,169.558,1.208,0.49,12.544,9.187,86.581,493.412,31.96,1336.669,9.534,3.865
United Kingdom,2015,GBR,65224368.0,2415783051264.0,-20.071,-2.717,165.868,10.819,436.493,28.47,8.49,0.475,370.281,-21.034,-73.871,4251.833,277.323,1163.369,75.88,-26.135,-21.047,912.024,59.486,22.628,12.186,356.45,335.34,14.736,1.589,35.587,34890.32,0.942,-1.66,-31.135,2796.961,182.43,28271.555,1843.994,54.402,81.03,2.841,19.9,720.455,1531.329,99.88,11045.789,8.628,32.297,6234.048,406.612,29.785,31.659,124.17,6.954,1.008,16.958,96.59,6.3,260.001,1.879,0.745,16.023,66.722,431.705,2344.369,152.91,6618.769,45.598,18.97,21.11,5.922,10.348,16.061,181.783,1078.431,70.34,2787.039,20.976,7.988,2.774,22.837,846.217,102.262,6.67,12973.933,13.424,62.335,8075.146,526.696,1.989,37.185,93.401,28.47,0.0,29.343,21.189,436.493,0.0,1431.99,8.49,0.0,4.104,5141.33,2275.699,20.658,50.661,249.922,1265.938,82.57,3831.729,24.623,10.982,85.81,9.303,20.286,115.448,7.53,311.016,2.245,0.891,26.019,21.878,108.459,617.407,40.27,1662.856,12.009,4.766
United Kingdom,2016,GBR,65655204.0,2460057337856.0,1.332,0.144,166.974,10.963,457.846,30.06,8.939,0.487,325.562,-49.095,-136.151,2150.207,141.172,467.137,30.67,-46.691,-27.774,483.005,31.712,9.12,6.269,354.03,336.28,14.934,-1.052,-23.943,34296.684,0.915,-1.364,-25.149,2765.356,181.56,27702.994,1818.846,53.991,80.775,11.976,86.282,806.736,2183.528,143.36,12287.471,2.649,10.77,6357.179,417.382,42.631,35.827,109.48,-14.716,-2.581,14.377,81.791,5.37,218.981,1.597,0.638,0.708,1.205,432.91,2356.553,154.72,6593.691,46.009,19.225,17.75,5.014,1.963,2.472,184.255,1092.526,71.73,2806.408,21.33,8.183,2.921,24.72,870.937,114.69,7.53,13265.315,4.763,25.084,8404.215,551.78,2.239,38.678,95.975,30.06,0.0,2.757,2.575,457.846,0.0,1461.808,8.939,0.0,4.262,5121.909,2251.756,-0.23,-1.267,248.655,1264.028,82.99,3787.284,24.679,11.043,38.167,7.577,27.862,158.403,10.4,424.375,3.093,1.237,-7.735,-8.982,99.477,565.987,37.16,1515.145,11.05,4.418
United Kingdom,2017,GBR,66064808.0,2506603626496.0,-1.242,-0.136,163.878,10.827,482.405,31.87,9.511,0.481,297.016,-19.087,-26.946,1729.008,114.227,341.029,22.53,-27.916,-8.853,346.01,22.859,6.723,5.071,349.86,335.1,14.875,0.043,0.976,34098.812,0.899,-2.015,-36.643,2511.322,165.91,26976.588,1782.203,49.511,79.113,-2.633,-21.245,785.491,2069.937,136.75,11889.705,0.351,1.465,6339.933,418.846,40.809,34.868,99.53,9.519,1.276,15.653,89.004,5.88,236.937,1.755,0.695,8.66,37.618,470.528,2560.97,169.19,7122.224,50.489,20.887,14.76,4.219,-1.938,-4.633,179.622,1064.712,70.34,2718.88,20.991,7.974,1.326,11.548,882.485,100.356,6.63,13357.874,-1.716,-9.47,8208.769,542.311,1.979,39.174,101.826,31.87,0.0,6.096,5.851,482.405,0.0,1541.302,9.511,0.0,4.52,5072.292,2252.731,16.75,42.251,290.906,1496.258,98.85,4403.344,29.499,12.913,10.082,2.629,30.491,173.466,11.46,461.532,3.42,1.354,33.59,32.632,132.11,751.383,49.64,1999.696,14.813,5.864
United Kingdom,2018,GBR,66432996.0,2540210225152.0,37.781,4.09,224.541,14.917,525.793,34.93,10.569,0.665,282.511,-15.268,-17.44,1456.902,96.786,253.338,16.83,-8.125,-1.857,316.133,21.002,5.092,4.314,349.61,330.5,14.731,-0.408,-9.19,33771.496,0.883,-1.621,-28.895,2339.35,155.41,26392.123,1753.308,47.023,78.149,0.022,0.169,785.66,1979.288,131.49,11826.357,-2.974,-12.457,6117.29,406.39,39.785,35.019,93.37,-7.455,-1.252,14.401,81.887,5.44,216.782,1.646,0.642,5.518,19.706,490.234,2635.588,175.09,7379.375,52.977,21.851,19.11,5.466,-7.496,-14.436,165.186,979.333,65.06,2486.503,19.685,7.363,-1.317,-11.624,870.861,106.724,7.09,13108.863,9.093,49.312,8905.555,591.623,2.145,38.816,111.651,34.94,0.01,9.649,9.825,525.943,0.151,1680.65,10.572,0.003,4.977,4974.938,2243.542,13.862,34.142,325.048,1656.255,110.03,4892.872,33.292,14.488,10.571,3.026,33.517,191.772,12.74,504.525,3.855,1.494,14.638,18.452,150.562,856.653,56.91,2266.374,17.219,6.711
United Kingdom,2019,GBR,66778660.0,,27.847,4.154,285.584,19.071,558.412,37.29,11.593,0.868,266.159,-28.665,-27.743,1033.906,69.043,103.177,6.89,-6.113,-1.284,295.272,19.718,2.142,3.143,342.82,321.65,14.643,-2.092,-46.94,32893.762,,-3.075,-53.907,2171.203,144.99,25448.258,1699.401,45.077,77.365,-1.13,-8.877,776.783,1955.415,130.58,11632.203,-3.317,-13.481,5883.752,392.909,40.597,35.363,85.61,8.995,1.237,15.639,88.801,5.93,234.191,1.844,0.712,2.558,6.967,497.201,2645.456,176.66,7445.503,54.923,22.635,21.17,6.175,-13.648,-23.07,142.116,841.287,56.18,2128.16,17.466,6.47,-1.985,-17.286,853.575,112.611,7.52,12782.146,1.862,11.017,9024.439,602.64,2.338,38.859,119.375,37.3,0.01,6.918,7.724,558.562,0.15,1787.617,11.596,0.003,5.435,4816.659,2196.601,11.0,30.037,355.085,1804.169,120.48,5317.344,37.457,16.165,-1.976,-0.783,32.734,193.475,12.92,490.181,4.017,1.49,12.173,17.705,168.267,963.332,64.33,2519.772,20.0,7.66
United Kingdom,2020,GBR,67059472.0,,-5.498,-1.048,268.752,18.022,568.003,38.09,12.392,0.913,245.99,-8.198,-5.66,945.169,63.383,79.631,5.34,-35.124,-6.926,190.757,12.792,1.737,3.212,325.02,307.37,15.577,-10.168,-223.34,29425.539,,-14.535,-247.014,1860.736,124.78,21658.189,1452.387,40.596,73.603,-5.85,-45.438,731.345,1658.528,111.22,10905.914,0.714,2.805,5900.941,395.714,36.184,37.063,75.61,15.707,2.39,18.029,99.613,6.68,268.85,2.173,0.914,4.211,23.674,520.874,2722.807,182.59,7767.351,59.404,26.397,17.65,5.43,-10.511,-15.405,126.71,758.282,50.85,1889.52,16.544,6.421,-22.952,-195.915,657.659,122.578,8.22,9807.104,-5.466,-32.941,8495.424,569.699,2.674,33.329,125.64,39.358,,5.248,6.265,586.918,,1873.561,12.805,,6.367,4583.543,1973.261,10.177,39.079,394.164,1964.525,131.74,5877.832,42.86,19.975,3.903,1.153,33.886,198.779,13.33,505.318,4.337,1.717,18.454,30.32,198.587,1098.13,73.64,2961.35,23.958,10.064
United Kingdom,2021,GBR,67281040.0,,-11.207,-2.02,237.846,16.003,581.293,39.11,12.733,0.8,268.329,3.825,2.424,978.089,65.807,87.989,5.92,-36.417,-4.659,120.889,8.134,1.927,3.291,331.25,307.16,15.363,1.324,26.117,29716.807,,5.031,73.072,2052.287,138.08,22672.938,1525.459,44.954,76.297,6.416,46.921,778.266,1836.773,123.58,11567.388,-17.149,-67.86,4872.899,327.854,40.233,38.925,82.42,-19.941,-3.648,14.381,83.084,5.59,213.745,1.82,0.719,-9.337,-46.956,473.919,2513.041,169.08,7043.868,55.046,23.703,24.09,7.272,-8.7,-11.448,115.263,696.779,46.88,1713.15,15.262,5.765,3.608,23.727,681.386,127.525,8.58,10127.462,-16.58,-94.454,7063.579,475.245,2.793,34.08,127.312,39.882,,1.331,1.672,592.769,,1892.24,12.984,,6.368,4565.328,1999.378,-9.546,-35.508,358.656,1816.262,122.2,5330.718,39.784,17.938,-5.927,-2.125,31.761,185.491,12.48,472.066,4.063,1.589,-14.485,-29.387,169.2,966.394,65.02,2514.821,21.168,8.463
United Kingdom,2022,GBR,67508936.0,,28.762,4.603,305.221,20.605,519.339,35.06,10.791,1.014,257.379,-10.766,-7.084,869.846,58.722,77.471,5.23,-38.23,-3.109,74.421,5.024,1.61,2.89,319.56,324.89,15.99,1.625,32.499,30097.885,,-0.386,-5.892,2104.462,142.07,22509.117,1519.567,43.729,74.786,-7.512,-58.465,719.801,1889.38,127.55,10662.307,16.379,53.7,5651.892,381.553,39.259,35.425,83.62,-3.279,-0.522,13.859,84.581,5.71,205.288,1.758,0.682,10.372,38.391,512.31,2708.086,182.82,7588.769,56.271,25.214,-5.33,-1.668,3.963,4.131,119.393,713.387,48.16,1768.558,14.823,5.876,8.755,59.657,741.043,137.611,9.29,10976.965,-11.312,-53.76,6243.394,421.485,2.859,36.471,113.166,35.451,,-11.111,-14.145,525.129,,1676.318,10.912,,5.57,4812.548,2031.876,12.501,34.26,392.916,1994.699,134.66,5820.21,41.448,19.338,14.686,4.532,36.293,206.047,13.91,537.598,4.281,1.786,23.971,39.793,208.993,1184.732,79.98,3095.785,24.618,10.286
United States,1900,USA,74829905.0,613998133248.0,,,,,,,,,,,,,,,,,,24447.377,1829.395,,,,,,,,,,,,,,,,,,,,,,,,,,986.777,73.84,,,,,,,,,,,,,,,,,,,,,,,,,,,,,,,,,,,,,,1318.265,98.646,,,,,,,,,,,,,,,,,,,,,,,,,,,,,,,,,,,,,,,
United States,1901,USA,76245912.0,683106041856.0,,,,,,,,,,,,,,,,8.757,160.198,26094.422,1989.593,,,,,,,,,,,,,,,,,,,,,,,,10.817,7.988,1073.213,81.828,,,,,,,,,,,,,,,,,,,,,,,,,,,,,,,,,,,,9.078,8.955,1411.233,107.601,,,,,,,,,,,,,,,,,,,,,,,,,,,,,,,,,,,,,,,
United States,1902,USA,77698268.0,690126913536.0,,,,,,,,,,,,,,,,4.33,86.156,26715.51,2075.749,,,,,,,,,,,,,,,,,,,,,,,,9.761,7.988,1155.955,89.816,,,,,,,,,,,,,,,,,,,,,,,,,,,,,,,,,,,,27.918,30.04,1771.482,137.641,,,,,,,,,,,,,,,,,,,,,,,,,,,,,,,,,,,,,,,
United States,1903,USA,79187838.0,723766345728.0,,,,,,,,,,,,,,,,16.783,348.37,30612.256,2424.118,,,,,,,,,,,,,,,,,,,,,,,,8.893,7.988,1235.08,97.803,,,,,,,,,,,,,,,,,,,,,,,,,,,,,,,,,,,,13.181,18.143,1967.27,155.784,,,,,,,,,,,,,,,,,,,,,,,,,,,,,,,,,,,,,,,
United States,1904,USA,80705948.0,714621845504.0,,,,,,,,,,,,,,,,-1.55,-37.574,29570.855,2386.544,,,,,,,,,,,,,,,,,,,,,,,,8.167,7.988,1310.82,105.791,,,,,,,,,,,,,,,,,,,,,,,,,,,,,,,,,,,,16.543,25.772,2249.598,181.556,,,,,,,,,,,,,,,,,,,,,,,,,,,,,,,,,,,,,,,
United States,1905,USA,82253148.0,767532728320.0,,,,,,,,,,,,,,,,11.627,277.483,32388.145,2664.027,,,,,,,,,,,,,,,,,,,,,,,,7.55,7.988,1383.274,113.779,,,,,,,,,,,,,,,,,,,,,,,,,,,,,,,,,,,,15.06,27.342,2539.697,208.898,,,,,,,,,,,,,,,,,,,,,,,,,,,,,,,,,,,,,,,
United States,1906,USA,83829992.0,855994269696.0,,,,,,,,,,,,,,,,5.458,145.4,33513.387,2809.427,,,,,,,,,,,,,,,,,,,,,,,,7.02,7.988,1452.538,121.766,,,,,,,,,,,,,,,,,,,,,,,,,,,,,,,,,,,,-6.102,-12.746,2339.874,196.152,,,,,,,,,,,,,,,,,,,,,,,,,,,,,,,,,,,,,,,
United States,1907,USA,85437050.0,869070536704.0,,,,,,,,,,,,,,,,15.986,449.107,38139.586,3258.534,,,,,,,,,,,,,,,,,,,,,,,,6.56,7.988,1518.708,129.754,,,,,,,,,,,,,,,,,,,,,,,,,,,,,,,,,,,,31.306,61.406,3014.594,257.558,,,,,,,,,,,,,,,,,,,,,,,,,,,,,,,,,,,,,,,
United States,1908,USA,87074899.0,799355568128.0,,,,,,,,,,,,,,,,-13.431,-437.666,32395.877,2820.868,,,,,,,,,,,,,,,,,,,,,,,,6.156,7.988,1581.874,137.742,,,,,,,,,,,,,,,,,,,,,,,,,,,,,,,,,,,,7.487,19.283,3179.338,276.841,,,,,,,,,,,,,,,,,,,,,,,,,,,,,,,,,,,,,,,
United States,1909,USA,88647362.0,890110017536.0,,,,,,,,,,,,,,,,10.814,305.06,35262.5,3125.927,,,,,,,,,,,,,,,,,,,,,,,,5.799,7.988,1643.92,145.729,,,,,,,,,,,,,,,,,,,,,,,,,,,,,,,,,,,,2.6,7.199,3204.15,284.039,,,,,,,,,,,,,,,,,,,,,,,,,,,,,,,,,,,,,,,
United States,1910,USA,90151889.0,893975396352.0,,,,,,,,,,,,,,,,8.85,276.638,37742.586,3402.565,,,,,,,,,,,,,,,,,,,,,,,,5.481,7.988,1705.087,153.717,,,,,,,,,,,,,,,,,,,,,,,,,,,,,,,,,,,,14.404,40.914,3604.515,324.954,,,,,,,,,,,,,,,,,,,,,,,,,,,,,,,,,,,,,,,
United States,1911,USA,91585865.0,917451767808.0,,,,,,,,,,,,,,,,-1.042,-35.443,36764.648,3367.122,,,,,,,,,,,,,,,,,,,,,,,,5.391,8.286,1768.867,162.003,,,,,,,,,,,,,,,,,,,,,,,,,,,,,,,,,,,,5.197,16.887,3732.46,341.841,,,,,,,,,,,,,,,,,,,,,,,,,,,,,,,,,,,,,,,
United States,1912,USA,92946603.0,954787430400.0,,,,,,,,,,,,,,,,7.675,258.423,39006.746,3625.545,,,,,,,,,,,,,,,,,,,,,,,,5.115,8.286,1832.123,170.29,,,,,,,,,,,,,,,,,,,,,,,,,,,,,,,,,,,,1.13,3.861,3719.359,345.702,,,,,,,,,,,,,,,,,,,,,,,,,,,,,,,,,,,,,,,
United States,1913,USA,94231351.0,986598473728.0,,,,,,,,,,,,,,,,6.641,240.768,41030.008,3866.313,,,,,,,,,,,,,,,,,,,,,,,,4.866,8.286,1895.08,178.576,,,,,,,,,,,,,,,,,,,,,,,,,,,,,,,,,,,,11.442,39.554,4088.399,385.255,,,,,,,,,,,,,,,,,,,,,,,,,,,,,,,,,,,,,,,
United States,1914,USA,95533839.0,905134473216.0,,,,,,,,,,,,,,,,-9.901,-382.818,36463.465,3483.495,,,,,,,,,,,,,,,,,,,,,,,,4.64,8.286,1955.98,186.862,,,,,,,,,,,,,,,,,,,,,,,,,,,,,,,,,,,,6.97,26.854,4313.75,412.109,,,,,,,,,,,,,,,,,,,,,,,,,,,,,,,,,,,,,,,
United States,1915,USA,96854312.0,925041164288.0,,,,,,,,,,,,,,,,3.505,122.1,37226.992,3605.595,,,,,,,,,,,,,,,,,,,,,,,,4.434,8.286,2014.868,195.149,,,,,,,,,,,,,,,,,,,,,,,,,,,,,,,,,,,,5.771,23.783,4500.496,435.892,,,,,,,,,,,,,,,,,,,,,,,,,,,,,,,,,,,,,,,
United States,1916,USA,98193018.0,1046397583360.0,,,,,,,,,,,,,,,,11.0,396.622,40758.668,4002.217,,,,,,,,,,,,,,,,,,,,,,,,4.246,8.286,2071.787,203.435,,,,,,,,,,,,,,,,,,,,,,,,,,,,,,,,,,,,6.99,30.471,4749.452,466.363,,,,,,,,,,,,,,,,,,,,,,,,,,,,,,,,,,,,,,,
United States,1917,USA,99550208.0,1014196338688.0,,,,,,,,,,,,,,,,10.389,415.794,44379.73,4418.011,,,,,,,,,,,,,,,,,,,,,,,,4.073,8.286,2126.78,211.721,,,,,,,,,,,,,,,,,,,,,,,,,,,,,,,,,,,,11.496,53.614,5223.267,519.977,,,,,,,,,,,,,,,,,,,,,,,,,,,,,,,,,,,,,,,
United States,1918,USA,100970120.0,1099047305216.0,,,,,,,,,,,,,,,,4.134,182.63,45564.387,4600.642,,,,,,,,,,,,,,,,,,,,,,,,3.914,8.286,2178.939,220.008,,,,,,,,,,,,,,,,,,,,,,,,,,,,,,,,,,,,6.144,31.948,5466.22,551.925,,,,,,,,,,,,,,,,,,,,,,,,,,,,,,,,,,,,,,,
United States,1919,USA,102419259.0,1102169636864.0,,,,,,,,,,,,,,,,-18.322,-842.917,36689.629,3757.725,,,,,,,,,,,,,,,,,,,,,,,,3.766,8.286,2229.016,228.294,,,,,,,,,,,,,,,,,,,,,,,,,,,,,,,,,,,,9.781,53.986,5915.991,605.911,,,,,,,,,,,,,,,,,,,,,,,,,,,,,,,,,,,,,,,
United States,1920,USA,103898175.0,1085154983936.0,,,,,,,,,,,,,,,,18.831,707.604,42977.93,4465.329,,,,,,,,,,,,,,,,,,,,,,,,3.63,8.286,2277.042,236.581,,,,,,,,,,,,,,,,,,,,,,,,,,,,,,,,,,,,19.238,116.568,6953.721,722.479,,,,,,,,,,,,,,,,,,,,,,,,,,,,,,,,,,,,,,,
United States,1921,USA,105407425.0,1054213668864.0,,,,,,,,,,,,,,,,-23.071,-1030.206,32589.0,3435.123,,,,,,,,,,,,,,,,,,,,,,,,3.503,8.286,2323.052,244.867,,,,,,,,,,,,,,,,,,,,,,,,,,,,,,,,,,,,4.179,30.191,7140.582,752.67,,,,,,,,,,,,,,,,,,,,,,,,,,,,,,,,,,,,,,,
United States,1922,USA,106947578.0,1105913446400.0,,,,,,,,,,,,,,,,-5.814,-199.732,30252.119,3235.391,,,,,,,,,,,,,,,,,,,,,,,,3.384,8.286,2367.078,253.153,,,,,,,,,,,,,,,,,,,,,,,,,,,,,,,,,,,,18.074,136.036,8309.738,888.706,,,,,,,,,,,,,,,,,,,,,,,,,,,,,,,,,,,,,,,
United States,1923,USA,108519213.0,1244263743488.0,,,,,,,,,,,,,,,,37.94,1227.493,41125.285,4462.884,,,,,,,,,,,,,,,,,,,,,,,,17.132,43.37,2732.447,296.523,,,,,,,,,,,,,,,,,,,,,,,,,,,,,,,,,,,,31.35,278.608,10756.756,1167.315,,,,,,,,,,,,,,,,,,,,,,,,,,,,,,,,,,,,,,,
United States,1924,USA,110113945.0,1274653966336.0,,,,,,,,,,,,,,,,-13.116,-585.347,35213.859,3877.537,,,,,,,,,,,,,,,,,,,,,,,,14.626,43.37,3086.737,339.893,,,,,,,,,,,,,,,,,,,,,,,,,,,,,,,,,,,,-2.338,-27.296,10353.086,1140.019,,,,,,,,,,,,,,,,,,,,,,,,,,,,,,,,,,,,,,,
United States,1925,USA,111732111.0,1296540106752.0,,,,,,,,,,,,,,,,1.812,70.244,35332.551,3947.781,,,,,,,,,,,,,,,,,,,,,,,,12.76,43.37,3430.192,383.263,,,,,,,,,,,,,,,,,,,,,,,,,,,,,,,,,,,,6.731,76.735,10889.922,1216.754,,,,,,,,,,,,,,,,,,,,,,,,,,,,,,,,,,,,,,,
United States,1926,USA,113374057.0,1372770926592.0,,,,,,,,,,,,,,,,13.031,514.423,39358.238,4462.203,,,,,,,,,,,,,,,,,,,,,,,,11.316,43.37,3763.051,426.632,,,,,,,,,,,,,,,,,,,,,,,,,,,,,,,,,,,,1.77,21.539,10922.187,1238.293,,,,,,,,,,,,,,,,,,,,,,,,,,,,,,,,,,,,,,,
United States,1927,USA,115040131.0,1378144616448.0,,,,,,,,,,,,,,,,-9.113,-406.634,35253.516,4055.569,,,,,,,,,,,,,,,,,,,,,,,,10.166,43.37,4085.549,470.002,,,,,,,,,,,,,,,,,,,,,,,,,,,,,,,,,,,,15.978,197.85,12483.837,1436.142,,,,,,,,,,,,,,,,,,,,,,,,,,,,,,,,,,,,,,,
United States,1928,USA,116730690.0,1385247277056.0,,,,,,,,,,,,,,,,-3.641,-147.651,33478.066,3907.918,,,,,,,,,,,,,,,,,,,,,,,,9.228,43.37,4397.917,513.372,,,,,,,,,,,,,,,,,,,,,,,,,,,,,,,,,,,,0.086,1.233,12313.6,1437.375,,,,,,,,,,,,,,,,,,,,,,,,,,,,,,,,,,,,,,,
United States,1929,USA,118261782.0,1461345452032.0,,,,,,,,,,,,,,,,5.68,221.985,34921.703,4129.903,,,,,,,,,,,,,,,,,,,,,,,,4.509,23.151,4536.736,536.522,,,,,,,,,,,,,,,,,,,,,,,,,,,,,,,,,,,,11.742,168.775,13581.307,1606.15,,,,,,,,,,,,,,,,,,,,,,,,,,,,,,,,,,,,,,,
United States,1930,USA,119629770.0,1322627104768.0,,,,,,,,,,,,,,,,-11.811,-487.773,30445.014,3642.13,,,,,,,,,,,,,,,,,,,,,,,,4.315,23.151,4678.376,559.673,,,,,,,,,,,,,,,,,,,,,,,,,,,,,,,,,,,,-10.852,-174.299,11969.017,1431.851,,,,,,,,,,,,,,,,,,,,,,,,,,,,,,,,,,,,,,,
United States,1931,USA,120830953.0,1237725741056.0,,,,,,,,,,,,,,,,-17.727,-645.631,24799.104,2996.499,,,,,,,,,,,,,,,,,,,,,,,,4.136,23.151,4823.462,582.824,,,,,,,,,,,,,,,,,,,,,,,,,,,,,,,,,,,,-5.226,-74.827,11230.759,1357.023,,,,,,,,,,,,,,,,,,,,,,,,,,,,,,,,,,,,,,,
United States,1932,USA,121861566.0,1051216969728.0,,,,,,,,,,,,,,,,-18.602,-557.396,20015.363,2439.104,,,,,,,,,,,,,,,,,,,,,,,,3.972,23.151,4972.643,605.974,,,,,,,,,,,,,,,,,,,,,,,,,,,,,,,,,,,,-7.746,-105.112,10273.226,1251.911,,,,,,,,,,,,,,,,,,,,,,,,,,,,,,,,,,,,,,,
United States,1933,USA,122717780.0,1015524950016.0,,,,,,,,,,,,,,,,6.565,160.138,21180.645,2599.242,,,,,,,,,,,,,,,,,,,,,,,,3.82,23.151,5126.597,629.125,,,,,,,,,,,,,,,,,,,,,,,,,,,,,,,,,,,,13.833,173.182,11612.772,1425.094,,,,,,,,,,,,,,,,,,,,,,,,,,,,,,,,,,,,,,,
United States,1934,USA,123580010.0,1100529926144.0,,,,,,,,,,,,,,,,8.707,226.322,22864.244,2825.563,,,,,,,,,,,,,,,,,,,,,,,,3.68,23.151,5278.161,652.275,,,,,,,,,,,,,,,,,,,,,,,,,,,,,,,,,,,,0.322,4.594,11568.922,1429.688,,,,,,,,,,,,,,,,,,,,,,,,,,,,,,,,,,,,,,,
United States,1935,USA,124448298.0,1237782364160.0,,,,,,,,,,,,,,,,2.008,56.73,23160.57,2882.293,,,,,,,,,,,,,,,,,,,,,,,,3.549,23.151,5427.36,675.426,,,,,,,,,,,,,,,,,,,,,,,,,,,,,,,,,,,,9.553,136.583,12585.711,1566.27,,,,,,,,,,,,,,,,,,,,,,,,,,,,,,,,,,,,,,,
United States,1936,USA,125322686.0,1359902408704.0,,,,,,,,,,,,,,,,16.288,469.457,26744.959,3351.75,,,,,,,,,,,,,,,,,,,,,,,,3.428,23.151,5574.22,698.576,,,,,,,,,,,,,,,,,,,,,,,,,,,,,,,,,,,,10.344,162.017,13790.701,1728.288,,,,,,,,,,,,,,,,,,,,,,,,,,,,,,,,,,,,,,,
United States,1937,USA,126203219.0,1462308700160.0,,,,,,,,,,,,,,,,0.753,25.246,26758.395,3376.996,,,,,,,,,,,,,,,,,,,,,,,,3.314,23.151,5718.767,721.727,,,,,,,,,,,,,,,,,,,,,,,,,,,,,,,,,,,,16.324,282.132,15930.021,2010.42,,,,,,,,,,,,,,,,,,,,,,,,,,,,,,,,,,,,,,,
United States,1938,USA,127089938.0,1373407805440.0,,,,,,,,,,,,,,,,-20.646,-697.223,21085.641,2679.773,,,,,,,,,,,,,,,,,,,,,,,,8.508,61.405,6162.027,783.132,,,,,,,,,,,,,,,,,,,,,,,,,,,,,,,,,,,,-5.066,-101.855,15017.432,1908.564,,,,,,,,,,,,,,,,,,,,,,,,,,,,,,,,,,,,,,,
United States,1939,USA,128160070.0,1469481091072.0,,,,,,,,,,,,,,,,13.088,350.735,23646.271,3030.508,,,,,,,,,,,,,,,,,,,,,,,,7.841,61.405,6589.701,844.536,,,,,,,,,,,,,,,,,,,,,,,,,,,,,,,,,,,,4.167,79.537,15512.647,1988.102,,,,,,,,,,,,,,,,,,,,,,,,,,,,,,,,,,,,,,,
United States,1940,USA,129417367.0,1592319803392.0,,,,,,,,,,,,,,,,14.751,447.039,26870.787,3477.547,,,,,,,,,,,,,,,,,,,,,,,,7.271,61.405,7000.153,905.941,,,,,,,,,,,,,,,,,,,,,,,,,,,,,,,,,,,,6.977,138.711,16433.752,2126.813,,,,,,,,,,,,,,,,,,,,,,,,,,,,,,,,,,,,,,,
United States,1941,USA,130865641.0,1815098687488.0,,,,,,,,,,,,,,,,11.36,395.054,29592.186,3872.6,,,,,,,,,,,,,,,,,,,,,,,,6.778,61.405,7391.903,967.346,,,,,,,,,,,,,,,,,,,,,,,,,,,,,,,,,,,,3.622,77.025,16840.467,2203.838,,,,,,,,,,,,,,,,,,,,,,,,,,,,,,,,,,,,,,,
United States,1942,USA,132508765.0,2013171023872.0,,,,,,,,,,,,,,,,12.704,491.974,32938.004,4364.574,,,,,,,,,,,,,,,,,,,,,,,,6.348,61.405,7763.645,1028.751,,,,,,,,,,,,,,,,,,,,,,,,,,,,,,,,,,,,-1.111,-24.493,16446.805,2179.346,,,,,,,,,,,,,,,,,,,,,,,,,,,,,,,,,,,,,,,
United States,1943,USA,134350677.0,2203245346816.0,,,,,,,,,,,,,,,,1.209,52.746,32879.031,4417.32,,,,,,,,,,,,,,,,,,,,,,,,5.969,61.405,8114.257,1090.156,,,,,,,,,,,,,,,,,,,,,,,,,,,,,,,,,,,,8.548,186.289,17607.912,2365.635,,,,,,,,,,,,,,,,,,,,,,,,,,,,,,,,,,,,,,,
United States,1944,USA,136218191.0,2361835651072.0,,,,,,,,,,,,,,,,4.98,219.991,34043.262,4637.312,,,,,,,,,,,,,,,,,,,,,,,,5.633,61.405,8453.796,1151.561,,,,,,,,,,,,,,,,,,,,,,,,,,,,,,,,,,,,11.476,271.479,19359.484,2637.114,,,,,,,,,,,,,,,,,,,,,,,,,,,,,,,,,,,,,,,
United States,1945,USA,138111665.0,2314667556864.0,,,,,,,,,,,,,,,,-7.418,-343.996,31085.828,4293.315,,,,,,,,,,,,,,,,,,,,,,,,5.332,61.405,8782.499,1212.966,,,,,,,,,,,,,,,,,,,,,,,,,,,,,,,,,,,,2.131,56.185,19500.877,2693.299,,,,,,,,,,,,,,,,,,,,,,,,,,,,,,,,,,,,,,,
United States,1946,USA,140031458.0,2103900897280.0,,,,,,,,,,,,,,,,-5.602,-240.508,28942.125,4052.808,,,,,,,,,,,,,,,,,,,,,,,,5.062,61.405,9100.602,1274.37,,,,,,,,,,,,,,,,,,,,,,,,,,,,,,,,,,,,1.184,31.878,19461.174,2725.177,,,,,,,,,,,,,,,,,,,,,,,,,,,,,,,,,,,,,,,
United States,1947,USA,141977937.0,2070709141504.0,,,,,,,,,,,,,,,,15.67,635.057,33018.262,4687.865,,,,,,,,,,,,,,,,,,,,,,,,10.33,131.643,9903.04,1406.013,,,,,,,,,,,,,,,,,,,,,,,,,,,,,,,,,,,,7.097,193.395,20556.516,2918.572,,,,,,,,,,,,,,,,,,,,,,,,,,,,,,,,,,,,,,,
United States,1948,USA,143951473.0,2168923226112.0,,,,,,,,,,,,,,,,-4.474,-209.717,31108.73,4478.147,,,,,,,,,,,,,,,,,,,,,,,,12.353,173.678,10973.773,1579.691,,,,,,,,,,,,,,,,,,,,,,,,,,,,,,,,,,,,8.789,256.5,22056.539,3175.071,,,,,,,,,,,,,,,,,,,,,,,,,,,,,,,,,,,,,,,
United States,1949,USA,146051521.0,2126235566080.0,,,,,,,,,,,,,,,,-26.673,-1194.436,22483.238,3283.711,,,,,,,,,,,,,,,,,,,,,,,,5.284,83.474,11387.523,1663.165,,,,,,,,,,,,,,,,,,,,,,,,,,,,,,,,,,,,-8.823,-280.143,19821.279,2894.928,,,,,,,,,,,,,,,,,,,,,,,,,,,,,,,,,,,,,,,
United States,1950,USA,148281552.0,2320610099200.0,,,,,,,,,,,,,,,,16.554,543.582,25810.986,3827.293,,,,,,,,,,,,,,,,,,,,,,,,15.904,264.51,13000.101,1927.675,,,,,,,,,,,,,,,,,,,,,,,,,,,,,,,,,,,,7.147,206.886,20918.408,3101.814,,,,,,,,,,,,,,,,,,,,,,,,,,,,,,,,,,,,,,,
United States,1951,USA,150598448.0,2497407877120.0,,,,,,,,,,,,,,,,2.915,111.561,26154.68,3938.854,,,,,,,,,,,,,,,,,,,,,,,,18.704,360.555,15194.245,2288.23,,,,,,,,,,,,,,,,,,,,,,,,,,,,,,,,,,,,13.89,430.845,23457.473,3532.659,,,,,,,,,,,,,,,,,,,,,,,,,,,,,,,,,,,,,,,
United States,1952,USA,152941728.0,2590801657856.0,,,,,,,,,,,,,,,,-11.954,-470.848,22675.344,3468.006,,,,,,,,,,,,,,,,,,,,,,,,7.456,170.611,16076.977,2458.841,,,,,,,,,,,,,,,,,,,,,,,,,,,,,,,,,,,,1.874,66.21,23530.979,3598.869,,,,,,,,,,,,,,,,,,,,,,,,,,,,,,,,,,,,,,,
United States,1953,USA,155451200.0,2709832597504.0,,,,,,,,,,,,,,,,-3.77,-130.74,21468.256,3337.266,,,,,,,,,,,,,,,,,,,,,,,,4.792,117.837,16575.475,2576.677,,,,,,,,,,,,,,,,,,,,,,,,,,,,,,,,,,,,2.937,105.693,23831.029,3704.562,,,,,,,,,,,,,,,,,,,,,,,,,,,,,,,,,,,,,,,
United States,1954,USA,158205872.0,2691885432832.0,,,,,,,,,,,,,,,,-13.814,-460.998,18180.541,2876.268,,,,,,,,,,,,,,,,,,,,,,,,4.12,106.166,16957.926,2682.844,,,,,,,,,,,,,,,,,,,,,,,,,,,,,,,,,,,,-1.786,-66.163,22997.875,3638.399,,,,,,,,,,,,,,,,,,,,,,,,,,,,,,,,,,,,,,,
United States,1955,USA,161136448.0,2882221375488.0,,,,,,,,,,,,,,,,16.607,477.672,20814.287,3353.94,,,,,,,,,,,,,,,,,,,,,,,,7.572,203.143,17910.201,2885.986,,,,,,,,,,,,,,,,,,,,,,,,,,,,,,,,,,,,7.319,266.304,24232.275,3904.703,,,,,,,,,,,,,,,,,,,,,,,,,,,,,,,,,,,,,,,
United States,1956,USA,164063408.0,2938405388288.0,,,,,,,,,,,,,,,,7.809,261.909,22039.34,3615.849,,,,,,,,,,,,,,,,,,,,,,,,7.198,207.737,18856.875,3093.723,,,,,,,,,,,,,,,,,,,,,,,,,,,,,,,,,,,,5.348,208.805,25072.67,4113.508,,,,,,,,,,,,,,,,,,,,,,,,,,,,,,,,,,,,,,,
United States,1957,USA,166949120.0,2993553408000.0,,,,,,,,,,,,,,,,-2.259,-81.685,21169.109,3534.164,,,,,,,,,,,,,,,,,,,,,,,,5.932,183.507,19630.111,3277.23,,,,,,,,,,,,,,,,,,,,,,,,,,,,,,,,,,,,-0.015,-0.605,24635.666,4112.903,,,,,,,,,,,,,,,,,,,,,,,,,,,,,,,,,,,,,,,
United States,1958,USA,170147104.0,2963550502912.0,,,,,,,,,,,,,,,,-16.627,-587.631,17317.562,2946.533,,,,,,,,,,,,,,,,,,,,,,,,3.277,107.401,19892.381,3384.631,,,,,,,,,,,,,,,,,,,,,,,,,,,,,,,,,,,,-6.416,-263.896,22621.641,3849.007,,,,,,,,,,,,,,,,,,,,,,,,,,,,,,,,,,,,,,,
United States,1959,USA,173324608.0,3183156920320.0,,,,,,,,,,,,,,,,0.296,8.736,17050.488,2955.269,,,,,,,,,,,,,,,,,,,,,,,,9.211,311.768,21326.453,3696.399,,,,,,,,,,,,,,,,,,,,,,,,,,,,,,,,,,,,5.129,197.408,23345.873,4046.414,,,,,,,,,,,,,,,,,,,,,,,,,,,,,,,,,,,,,,,
United States,1960,USA,176188576.0,3262376312832.0,,,,,,,,,,,,,,,,0.41,12.107,16842.047,2967.376,,,,,,,,,,,,,,,,,,,,,,,,6.018,222.464,22242.438,3918.863,,,,,,,,,,,,,,,,,,,,,,,,,,,,,,,,,,,,0.013,0.535,22969.42,4046.949,,,,,,,,,,,,,,,,,,,,,,,,,,,,,,,,,,,,,,,
United States,1961,USA,179087280.0,3338583932928.0,,,,,,,,,,,,,,,,-3.108,-92.235,16054.415,2875.142,,,,,,,,,,,,,,,,,,,,,,,,3.218,126.127,22586.697,4044.99,,,,,,,,,,,,,,,,,,,,,,,,,,,,,,,,,,,,1.819,73.595,23008.58,4120.544,,,,,,,,,,,,,,,,,,,,,,,,,,,,,,,,,,,,,,,
United States,1962,USA,181917808.0,3539745112064.0,,,,,,,,,,,,,,,,4.429,127.329,16504.545,3002.471,,,,,,,,,,,,,,,,,,,,,,,,4.696,189.943,23279.379,4234.934,,,,,,,,,,,,,,,,,,,,,,,,,,,,,,,,,,,,2.076,85.55,23120.85,4206.094,,,,,,,,,,,,,,,,,,,,,,,,,,,,,,,,,,,,,,,
United States,1963,USA,184649872.0,3692868403200.0,,,,,,,,,,,,,,,,8.506,255.378,17643.385,3257.849,,,,,,,,,,,,,,,,,,,,,,,,6.275,265.735,24374.068,4500.668,,,,,,,,,,,,,,,,,,,,,,,,,,,,,,,,,,,,2.86,120.277,23430.137,4326.372,,,,,,,,,,,,,,,,,,,,,,,,,,,,,,,,,,,,,,,
United States,1964,USA,187277376.0,3906859958272.0,,,,,,,,,,,,,,,,5.677,184.937,18383.354,3442.786,,,,,,,,,,,,,,,,,,,,,,,,5.661,254.79,25392.592,4755.458,,,,,,,,,,,,,,,,,,,,,,,,,,,,,,,,,,,,1.239,53.591,23387.57,4379.963,,,,,,,,,,,,,,,,,,,,,,,,,,,,,,,,,,,,,,,
United States,1965,USA,189703280.0,4156141076480.0,,,,,,,,,,,,16996.248,3224.244,,,4.508,155.198,18966.379,3597.984,,22.329,,,,,,76117.297,3.474,,,,,72734.258,13797.927,,95.555,,,4159.206,,,21924.797,3.502,166.525,25945.695,4921.983,,28.804,,,,588.364,1048.87,198.974,3101.497,,4.075,,,641.774,20.29,3.849,3383.04,,4.445,,,,,10.922,20.29,3.849,57.574,,0.076,,,6414.477,,,33813.211,13.565,594.124,26220.35,4974.086,,44.423,42.488,13.332,,,,70.279,,223.969,,,0.294,,14439.701,,,630.852,,,3325.466,,4.369,,,,,,,,,,,,,,,,
United States,1966,USA,191830976.0,4428300025856.0,,,,,,,,,,4.857,156.602,17624.09,3380.846,,,3.925,141.216,19492.16,3739.2,,22.173,,,,5.593,807.661,79483.32,3.443,5.776,796.921,,,76081.812,14594.848,,95.72,7.779,323.55,4482.756,,,23368.258,7.276,358.105,27524.693,5280.089,,29.4,,0.484,2.847,591.211,1042.256,199.937,3081.938,,3.877,1.69,10.742,652.516,30.289,5.81,3401.515,,4.28,,,50.953,5.565,16.487,30.289,5.81,85.946,,0.108,4.938,316.768,6731.245,,,35089.457,6.277,312.2,27557.002,5286.287,,44.147,44.818,14.062,,5.474,2.33,73.304,,233.63,,,0.294,,15247.362,0.797,5.177,636.029,,,3315.569,,4.171,,,,,,,,,,,,,,,,
United States,1967,USA,193782432.0,4538979319808.0,,,,,,,,,,-1.889,-63.85,17117.117,3316.997,,,3.401,127.182,19952.18,3866.382,,21.022,,,,3.484,531.177,81423.992,3.476,3.043,444.132,,,77607.547,15038.979,,95.313,5.587,250.433,4733.188,,,24425.271,5.602,295.806,28773.996,5575.895,,29.998,,13.646,80.678,671.89,1172.556,227.221,3467.237,,4.258,13.44,87.044,739.56,41.583,8.058,3816.447,,4.687,,,38.684,6.378,22.865,41.583,8.058,117.993,,0.145,3.826,257.549,6988.794,,,36065.156,6.53,345.211,29060.93,5631.498,,44.293,44.806,14.074,,0.082,-0.012,72.626,,231.217,,,0.284,,15778.539,12.755,80.667,716.695,,,3698.454,,4.542,,,,,,,,,,,,,,,,
United States,1968,USA,195743424.0,4754925682688.0,,,,,,,,,,3.5,116.08,17538.654,3433.076,,,-1.369,-52.944,19481.82,3813.438,,20.534,,,,5.963,940.846,85414.797,3.516,6.11,918.872,,,81524.328,15957.852,,95.445,7.049,333.626,5066.815,,,25884.982,6.334,353.196,30290.117,5929.091,,30.305,,0.411,2.761,674.651,1165.58,228.155,3446.609,,4.035,3.022,21.972,761.533,67.373,13.188,3890.464,,4.555,,,63.659,14.556,37.421,67.373,13.188,191.172,,0.224,6.713,469.167,7457.961,,,38100.695,3.853,217.001,29878.391,5848.499,,44.607,49.461,15.546,,10.463,4.655,79.421,,252.684,,,0.296,,16719.385,0.997,7.417,724.112,,,3699.293,,4.331,,,,,,,,,,,,,,,,
United States,1969,USA,197859328.0,4903769997312.0,,,,,,,,,,0.412,14.161,17422.668,3447.238,,,2.578,98.319,19770.395,3911.757,,19.605,,,,5.168,864.037,88868.297,3.586,4.859,775.33,,,84571.102,16733.182,,95.165,7.644,387.292,5454.107,,,27565.578,7.121,422.236,32100.219,6351.328,,31.018,,12.217,82.423,757.074,1293.993,256.029,3826.322,,4.306,11.689,88.708,850.241,74.098,14.661,4297.198,,4.835,,,11.17,4.18,41.6,74.098,14.661,210.253,,0.237,5.013,373.877,7831.838,,,39582.859,1.685,98.522,30056.811,5947.021,,44.541,51.567,16.227,,4.381,2.105,82.013,,260.623,,,0.293,,17583.422,11.717,84.528,808.64,,,4086.945,,4.599,,,,,,,,,,,,,,,,
United States,1970,USA,200328336.0,4912635707392.0,,,,,,,,,,-0.945,-32.578,17045.314,3414.659,,,7.415,290.06,20974.65,4201.817,,18.756,,,,3.54,622.418,90880.0,3.706,3.623,606.326,,,86555.445,17339.508,,95.241,5.401,294.551,5748.658,,,28696.182,-10.025,-636.705,28526.285,5714.623,,31.576,,-0.991,-7.499,749.574,1265.384,253.492,3741.728,,4.117,2.009,16.089,866.33,114.572,22.952,4324.55,,4.759,,,56.553,23.526,65.127,114.572,22.952,325.1,,0.358,4.397,344.354,8176.191,,,40813.953,4.329,257.467,30971.592,6204.487,,44.91,51.629,16.236,,0.054,0.062,81.046,,257.722,,,0.284,,18205.84,-0.928,-7.437,801.203,,,3999.45,,4.401,,,,,,,,,,,,,,,,
United States,1971,USA,202907920.0,5065682190336.0,,,,,,,,,,-5.431,-185.459,15914.611,3229.201,,,-9.306,-391.035,18780.846,3810.782,,17.372,,,,2.105,383.168,91613.023,3.67,1.603,277.902,,,86824.656,17617.41,,94.773,3.094,177.868,5926.526,,,29207.959,2.835,161.982,28961.932,5876.605,,31.882,,7.401,55.478,805.052,1341.761,272.254,3967.574,,4.331,12.392,105.268,971.598,197.676,40.11,4788.369,,5.227,,,74.756,48.686,113.813,197.676,40.11,560.909,,0.612,3.492,285.492,8461.684,,,41702.086,-1.425,-88.411,30142.127,6116.076,,45.52,52.733,16.584,,2.147,1.104,81.734,,259.886,,,0.284,,18589.008,7.085,56.582,857.785,,,4227.46,,4.614,,,,,,,,,,,,,,,,
United States,1972,USA,205238384.0,5334296952832.0,,,,,,,,,,4.126,133.224,16383.022,3362.425,,,7.509,286.166,19961.898,4096.948,,17.231,,,,4.976,925.074,95080.078,3.658,4.836,851.891,,,89989.508,18469.301,,94.646,1.02,60.438,5986.964,,,29170.783,-0.324,-19.055,28540.229,5857.55,,30.68,,2.374,19.108,824.16,1358.011,278.716,4015.624,,4.223,7.715,73.181,1044.779,277.424,56.938,5090.563,,5.354,,,41.955,47.75,161.563,277.424,56.938,787.195,,0.828,7.779,658.229,9119.912,,,44435.703,0.38,23.26,29913.195,6139.336,,46.735,59.056,18.673,,12.594,6.323,90.982,,287.745,,,0.303,,19514.082,2.96,25.431,883.217,,,4303.369,,4.526,,,,,,,,,,,,,,,,
United States,1973,USA,207314768.0,5637203296256.0,,,,,,,,,,7.407,249.065,17420.32,3611.49,,,-0.525,-21.522,19658.154,4075.426,,17.756,,,,4.231,825.713,98110.688,3.608,3.982,735.402,,,92635.477,19204.703,,94.419,-0.819,-49.005,5937.959,,,28642.238,-0.091,-5.328,28228.682,5852.223,,29.194,,-0.181,-1.488,822.672,1341.982,278.213,3968.226,,4.045,8.96,90.311,1135.09,423.863,87.873,5475.203,,5.581,,,54.331,87.779,249.341,423.863,87.873,1202.718,,1.226,5.87,535.343,9655.255,,,46572.922,-2.507,-153.93,28871.104,5985.406,,47.47,63.077,19.99,,7.051,4.021,96.422,,304.258,,,0.31,,20339.795,0.274,2.533,885.749,,,4272.485,,4.355,,,,,,,,,,,,,,,,
United States,1974,USA,209277968.0,5621366128640.0,,,,,,,,,,-2.379,-85.923,16846.336,3525.567,,,1.884,76.797,19840.703,4152.222,,17.768,,,,-2.444,-497.188,94814.602,3.53,-3.517,-675.383,,,88539.281,18529.32,,93.381,-3.464,-205.712,5732.247,,,27390.59,-4.404,-257.751,26732.254,5594.472,,28.889,,10.45,85.965,908.637,1468.309,307.285,4341.772,,4.579,15.952,178.195,1313.286,573.278,119.974,6275.317,,6.619,,,36.531,91.088,340.429,573.278,119.974,1626.685,,1.716,-3.974,-383.748,9271.507,,,44302.355,-4.517,-270.351,27308.443,5715.056,,46.725,64.219,20.404,,2.074,1.142,97.498,,306.859,,,0.324,,19842.607,9.888,87.107,972.856,,,4648.632,,4.903,,,,,,,,,,,,,,,,
United States,1975,USA,211274544.0,5605795299328.0,,,,,,,,,,-0.001,-0.026,16687.014,3525.541,,,7.38,306.451,21103.691,4458.673,,18.249,,,,-2.636,-523.127,91442.539,3.446,-3.737,-692.41,,,84425.266,17836.91,,92.326,-8.212,-470.715,5261.532,,,24903.768,-7.401,-414.057,24519.824,5180.415,,27.234,,-0.348,-3.163,905.474,1449.369,306.215,4285.769,,4.687,13.378,169.284,1482.57,859.471,181.584,7017.267,,7.674,,,51.352,174.819,515.248,859.471,181.584,2438.761,,2.667,-2.391,-221.669,9049.838,,,42834.492,-4.403,-251.625,25859.387,5463.43,,46.843,61.848,19.754,,-3.185,-2.371,93.501,,292.737,,,0.32,,19319.48,-0.525,-5.534,967.322,,,4578.506,,5.007,,,,,,,,,,,,,,,,
United States,1976,USA,213270032.0,5899591090176.0,,,,,,,,,,7.275,256.501,17733.584,3782.042,,,4.72,210.455,21893.033,4669.128,,18.561,,,,5.471,1057.027,95543.227,3.454,5.837,1041.117,,,88517.016,18878.027,,92.646,1.993,104.857,5366.39,,,25162.418,-0.815,-42.208,24092.49,5138.206,,26.336,,-5.353,-48.472,857.002,1358.946,289.822,4018.388,,4.206,1.181,15.912,1498.482,943.225,201.162,7026.219,,7.354,,,10.781,55.551,570.799,943.225,201.162,2676.415,,2.801,7.511,679.757,9729.595,,,45621.012,-2.51,-137.125,24974.469,5326.306,,47.749,70.681,22.565,,14.227,8.833,105.804,,331.416,,,0.347,,20376.508,-4.167,-39.639,927.683,,,4349.804,,4.553,,,,,,,,,,,,,,,,
United States,1977,USA,215437408.0,6166912434176.0,,,,,,,,,,2.488,94.115,17992.035,3876.157,,,1.886,88.061,22081.537,4757.189,,18.55,,,,2.548,519.139,96991.727,3.388,2.79,526.613,,,90070.898,19404.641,,92.865,-2.039,-109.438,5256.951,,,24401.293,0.436,22.421,23954.182,5160.627,,25.158,,-22.07,-189.144,667.857,1048.366,225.857,3100.007,,3.196,-0.013,-7.477,1491.005,1225.821,264.088,6920.825,,7.135,,,31.281,178.554,749.353,1225.821,264.088,3478.285,,3.586,5.57,541.938,10271.533,,,47677.574,1.053,56.102,24983.627,5382.408,,49.156,73.795,23.536,,4.305,3.114,109.248,,342.534,,,0.353,,20895.646,-20.165,-186.031,741.652,,,3442.541,,3.549,,,,,,,,,,,,,,,,
United States,1978,USA,217881440.0,6518624223232.0,,,,,,,,,,-1.124,-43.58,17590.195,3832.577,,,-5.176,-246.218,20703.789,4510.971,,17.943,,,,2.219,463.645,98031.711,3.277,1.055,204.734,,,90000.211,19609.375,,91.807,0.351,18.433,5275.384,,,24212.178,-0.409,-21.128,23588.51,5139.499,,24.698,,26.774,178.813,846.67,1314.148,286.329,3885.922,,3.964,17.231,258.91,1749.915,1335.362,290.951,8031.5,,8.193,,,10.172,76.224,825.577,1335.362,290.951,3789.109,,3.865,2.238,229.881,10501.414,,,48197.836,4.624,248.904,25845.764,5631.312,,49.166,77.668,24.679,,4.855,3.873,113.267,,356.469,,,0.364,,21359.291,24.706,182.686,924.338,,,4242.391,,4.328,,,,,,,,,,,,,,,,
United States,1979,USA,220463104.0,6740172079104.0,,,,,,,,,,9.255,354.707,18993.129,4187.284,,,18.283,824.749,24202.324,5335.72,,19.4,,,,1.054,225.109,97904.82,3.202,1.462,286.641,,,90246.461,19896.016,,92.178,3.327,175.513,5450.897,,,24724.76,3.034,155.918,24019.516,5295.417,,25.254,,-0.137,-1.163,845.508,1296.976,285.935,3835.144,,3.917,-3.602,-61.53,1688.385,1218.271,268.584,7658.355,,7.822,,,-7.687,-63.466,762.111,1218.271,268.584,3456.862,,3.531,-2.32,-243.581,10257.833,,,46528.57,-1.49,-83.903,25162.529,5547.409,,47.524,80.767,25.756,,4.365,3.099,116.827,,366.35,,,0.374,,21584.4,0.22,1.936,926.274,,,4201.493,,4.291,,,,,,,,,,,,,,,,
United States,1980,USA,223140016.0,6743208230912.0,,,,,,,,,,2.548,106.696,19243.434,4293.98,,,2.241,119.569,24447.83,5455.289,,20.692,,,,-3.857,-832.443,92999.711,3.077,-4.077,-811.18,,,85528.523,19084.836,,91.966,-2.082,-113.513,5337.385,,,23919.443,-0.841,-44.51,23531.895,5250.907,,25.72,,-1.376,-11.63,833.877,1263.79,282.002,3737.013,,4.018,-1.255,-21.263,1667.121,1184.602,264.332,7471.189,,8.034,,,-1.583,-12.064,750.047,1184.602,264.332,3361.327,,3.614,-7.841,-804.361,9453.472,,,42365.648,0.671,37.24,25027.557,5584.649,,45.555,83.198,26.656,,3.495,2.431,119.459,,372.85,,,0.401,,20751.957,-0.973,-9.199,917.075,,,4109.863,,4.419,,,,,,,,,,,,,,,,
United States,1981,USA,225654000.0,6911865389056.0,,,,,,,,,,3.143,134.954,19627.102,4428.934,,,-6.212,-338.874,22673.719,5116.416,,21.993,,,,-2.958,-613.863,89243.242,2.914,-3.325,-634.518,,,81763.758,18450.318,,91.619,-2.412,-128.756,5208.629,,,23082.369,-1.047,-54.98,23026.078,5195.927,,25.865,,-5.494,-45.811,788.067,1181.055,266.51,3492.367,,3.913,1.383,20.654,1687.775,1271.968,287.025,7479.483,,8.381,,,8.585,64.391,814.437,1271.968,287.025,3609.229,,4.044,-6.778,-640.717,8812.755,,,39054.281,-0.291,-16.244,24676.742,5568.406,,43.762,85.272,27.378,,2.707,2.074,121.326,,377.888,,,0.423,,20138.094,-4.786,-43.736,873.338,,,3870.255,,4.337,,,,,,,,,,,,,,,,
United States,1982,USA,228001424.0,6782206869504.0,,,,,,,,,,-3.683,-163.138,18709.516,4265.796,,,1.426,72.945,22760.213,5189.361,,22.082,,,,-4.072,-819.955,84728.148,2.848,-5.378,-992.281,,,76569.859,17458.037,,90.371,-7.044,-366.919,4841.709,,,21235.436,-7.006,-364.028,21192.404,4831.898,,25.063,,18.393,144.95,933.017,1383.892,315.529,4092.153,,4.83,10.101,172.327,1860.102,1305.501,297.656,8158.293,,9.629,,,3.704,30.167,844.604,1305.501,297.656,3704.378,,4.372,-5.245,-462.224,8350.531,,,36624.91,0.402,22.406,24520.949,5590.812,,43.226,82.482,26.405,,-3.552,-2.79,115.811,,361.762,,,0.427,,19318.139,16.349,142.16,1015.499,,,4453.915,,5.257,,,,,,,,,,,,,,,,
United States,1983,USA,230389968.0,7066236747776.0,,,,,,,,,,3.739,159.495,19207.828,4425.291,,,-7.469,-387.586,20841.945,4801.775,,22.988,,,,-0.35,-67.609,83556.281,2.724,-1.026,-179.035,,,74998.938,17279.002,,89.759,-6.185,-299.474,4542.236,,,19715.424,-9.42,-455.161,18997.084,4376.738,,23.595,,7.336,68.449,1001.466,1470.019,338.678,4346.83,,5.202,5.946,111.426,1971.529,2941.195,677.622,8557.355,,10.241,,,3.856,32.568,877.172,1341.785,309.134,3807.335,,4.557,-0.468,-39.056,8311.476,,,36075.684,0.466,26.044,24379.775,5616.855,,43.175,92.874,29.805,,12.875,10.392,129.366,,403.117,,,0.482,,19250.529,7.766,78.858,1094.357,1599.41,368.488,4750.021,,5.685,,,0.009,0.013,0.003,0.039,,0.0,,,0.008,0.012,0.003,0.035,,0.0
United States,1984,USA,232766288.0,7581108011008.0,,,,,,,,,,7.4,327.469,20418.592,4752.76,,,14.336,688.4,23586.643,5490.175,,23.487,,,,5.118,985.158,86935.648,2.669,5.201,898.646,,,78093.992,18177.648,,89.83,6.81,309.336,4851.572,,,20843.105,8.525,373.106,20406.064,4749.844,,23.975,,-3.275,-32.794,968.672,1407.365,327.587,4161.564,,4.787,4.494,86.51,2058.039,3041.987,708.072,8841.655,,10.17,,,11.563,101.423,978.595,1481.647,344.877,4204.195,,4.836,3.15,261.842,8573.317,,,36832.297,2.728,153.213,24789.109,5770.069,,42.367,110.738,35.595,,19.429,17.863,152.923,,475.746,,,0.547,,20235.688,-1.437,-14.912,1079.445,1560.34,363.194,4637.461,,5.334,76.7,0.007,0.016,0.023,0.005,0.067,,0.0,143.253,0.011,0.019,0.028,0.007,0.083,,0.0
United States,1985,USA,235146176.0,7874871820288.0,,,,,,,,,,2.389,113.541,20694.791,4866.301,6411.606,1507.665,-1.998,-109.711,22881.359,5380.464,56.74,24.109,,2657.15,13.164,-0.254,-51.441,85837.016,2.563,-0.558,-101.369,8204.81,1929.329,76872.523,18076.279,72.609,89.556,-3.752,-182.032,4669.541,1335.001,313.92,19858.033,-5.706,-271.032,19046.928,4478.812,11.814,23.135,,-12.334,-119.477,849.195,1221.293,287.182,3611.35,10.808,4.207,2.741,49.926,2107.966,3093.722,727.477,8964.49,27.378,10.444,,,17.11,167.435,1146.03,1717.591,403.885,4873.69,15.2,5.678,-0.384,-32.88,8540.438,458.202,107.744,36319.695,0.518,29.872,24665.258,5799.941,4.055,42.312,112.692,36.393,,2.241,1.954,154.767,,479.242,1.37,,0.558,11299.992,20184.246,-10.904,-117.509,961.936,1376.13,323.592,4090.8,12.178,4.766,102.553,0.016,0.032,0.046,0.011,0.135,0.0,0.0,-11.217,-0.002,0.017,0.025,0.006,0.073,0.0,0.0
United States,1986,USA,237512784.0,8146027806720.0,,,,,,,,,,-1.247,-60.702,20233.012,4805.599,6273.941,1490.141,0.954,51.312,22869.408,5431.777,55.683,23.589,,2676.113,13.136,0.93,187.721,85772.086,2.501,0.338,61.111,8017.337,1904.22,76363.852,18137.391,71.156,89.031,-6.282,-293.336,4376.204,1125.048,267.213,18425.131,-2.589,-115.945,18368.979,4362.867,9.985,21.482,,3.41,28.957,878.152,1250.354,296.975,3697.282,11.097,4.311,6.055,126.608,2234.574,3248.349,771.525,9408.227,28.83,10.969,,,7.909,90.643,1236.673,1834.973,435.83,5206.763,16.286,6.07,4.861,415.151,8955.589,618.348,146.865,37705.715,-3.284,-190.449,23617.641,5609.492,5.488,43.96,119.695,38.702,,6.344,7.003,162.946,,503.952,1.446,,0.588,11267.237,20371.967,3.74,35.965,997.901,1413.377,335.695,4201.463,12.544,4.898,32.004,0.01,0.042,0.06,0.014,0.176,0.001,0.0,-27.3,-0.005,0.013,0.018,0.004,0.053,0.0,0.0
United States,1987,USA,239853168.0,8432566927360.0,,,,,,,,,,4.334,208.269,20903.904,5013.868,6562.174,1573.958,3.238,175.859,23379.455,5607.636,56.776,23.812,,2772.205,13.166,3.358,684.088,87787.266,2.497,3.702,671.373,8315.548,1994.51,78417.828,18808.764,71.947,89.327,6.319,276.54,4652.744,1222.167,293.141,19398.299,3.597,156.944,18844.076,4519.812,10.574,22.097,,-13.996,-122.907,755.245,1064.861,255.41,3148.781,9.213,3.587,0.751,12.715,2247.289,3240.823,777.322,9369.435,28.04,10.673,,,9.959,123.155,1359.828,1998.022,479.232,5669.418,17.287,6.458,2.083,186.563,9142.152,531.206,127.411,38115.621,-3.124,-175.254,22656.518,5434.237,4.596,43.418,132.174,42.665,,10.242,12.479,177.881,,551.061,1.539,,0.628,11557.927,21056.055,-11.202,-110.44,887.461,1242.801,298.09,3700.017,10.753,4.215,-25.192,-0.011,0.031,0.044,0.011,0.131,0.0,0.0,-15.469,-0.002,0.011,0.015,0.004,0.044,0.0,0.0
United States,1988,USA,242287808.0,8787203194880.0,,,,,,,,,,4.653,233.276,21656.656,5247.144,6837.389,1656.616,2.962,166.085,23830.014,5773.722,56.842,23.835,,2914.446,13.239,4.554,958.832,90862.547,2.505,4.388,825.285,8620.126,2088.552,81036.055,19634.049,71.662,89.185,4.584,213.278,4866.021,1121.925,271.829,20083.641,2.701,122.064,19158.52,4641.875,9.327,22.103,,-10.581,-79.914,675.331,942.617,228.385,2787.309,7.836,3.068,6.198,133.551,2380.839,3407.094,825.497,9826.492,28.324,10.815,,,15.749,214.166,1573.994,2289.461,554.708,6496.38,19.033,7.15,4.143,378.731,9520.884,660.813,160.107,39295.762,-1.755,-95.347,22035.324,5338.891,5.494,43.247,131.485,42.394,,-0.636,-0.689,174.974,,542.681,1.455,,0.597,12028.858,22014.887,-9.159,-80.615,806.846,1117.633,270.789,3330.112,9.291,3.665,-13.366,-0.004,0.027,0.038,0.009,0.112,0.0,0.0,-75.402,-0.008,0.003,0.004,0.001,0.011,0.0,0.0
United States,1989,USA,244954096.0,9091291283456.0,,,,,,,,,,1.186,62.212,21674.9,5309.355,6986.789,1711.443,3.002,173.326,24278.213,5947.048,54.238,23.547,,3155.45,13.994,2.422,533.244,92050.438,2.48,1.849,363.057,9256.195,2267.343,81636.133,19997.105,71.855,88.686,6.251,304.199,5170.22,1547.926,379.171,21106.895,1.413,65.592,19217.754,4707.468,12.016,22.93,,20.29,137.026,812.356,1121.533,274.724,3316.362,8.706,3.603,6.988,170.186,2551.025,3605.494,883.18,10414.298,27.989,11.314,,,0.452,7.114,1581.107,2274.775,557.216,6454.708,17.659,7.012,-0.035,-3.354,9517.53,721.481,176.73,38854.344,-6.541,-349.236,20369.754,4989.655,5.601,42.21,150.504,48.854,,15.238,19.019,199.443,,614.418,1.548,,0.667,12881.8,22548.131,20.376,163.072,969.918,1330.719,325.965,3959.589,10.33,4.302,2655.674,0.721,0.749,1.033,0.253,3.056,0.008,0.003,242384.844,6.306,6.308,8.709,2.133,25.753,0.068,0.028
United States,1990,USA,248083728.0,9250378088448.0,,,67.448,16.733,,,,0.074,,0.539,28.642,21516.92,5337.998,6953.923,1725.155,5.278,313.879,25237.154,6260.927,53.364,23.613,,3232.78,14.3,0.259,58.48,91124.93,2.444,-0.908,-181.586,9117.714,2261.957,79874.32,19815.52,69.969,87.654,0.008,0.389,5170.609,1615.675,400.823,20842.193,2.683,126.312,19484.467,4833.779,12.399,22.872,,6.391,51.915,864.271,1178.154,292.281,3483.79,9.041,3.823,10.61,240.068,2791.093,3870.269,960.151,11250.609,29.7,12.346,,,8.975,141.897,1723.004,2447.653,607.223,6945.251,18.783,7.622,-2.213,-210.617,9306.913,548.116,135.979,37515.211,-2.894,-144.396,19530.74,4845.259,4.206,41.169,177.659,57.459,,17.614,27.155,231.613,,716.127,1.777,,0.786,13031.002,22606.611,13.405,98.172,1068.089,1422.616,352.928,4305.358,10.917,4.725,46.483,0.348,1.096,1.495,0.371,4.42,0.011,0.005,32.033,2.021,8.329,11.354,2.817,33.574,0.087,0.037
United States,1991,USA,251560192.0,9243499429888.0,15.873,2.656,77.074,19.389,,,,0.086,,-0.944,-50.384,21019.277,5287.613,6847.411,1722.536,-3.785,-236.968,23946.395,6023.959,52.665,23.421,,3270.724,14.487,-0.134,-30.303,89745.156,2.442,-0.683,-135.426,8990.186,2261.573,78232.148,19680.094,69.146,87.171,2.192,113.363,5283.972,1630.91,410.272,21004.803,-0.532,-25.696,19113.055,4808.083,12.544,23.405,,-1.695,-14.652,849.62,1142.176,287.326,3377.402,8.785,3.763,3.956,105.121,2896.214,3959.856,996.142,11513.006,30.456,12.829,,,6.189,106.641,1829.645,2563.225,644.805,7273.189,19.714,8.104,-2.132,-198.404,9108.509,511.866,128.765,36208.07,1.507,73.03,19551.141,4918.289,3.937,40.345,187.332,60.552,,5.382,9.673,240.705,,744.682,1.851,,0.83,13001.756,22576.309,0.288,-1.52,1066.569,1396.631,351.337,4239.817,10.742,4.724,28.98,0.318,1.414,1.901,0.478,5.622,0.015,0.006,5.822,0.485,8.814,11.849,2.981,35.038,0.091,0.039
United States,1992,USA,255175328.0,9572148314112.0,13.699,2.656,86.39,22.045,,,,0.096,,0.689,36.417,20864.207,5324.031,6887.427,1757.501,0.267,16.067,23670.104,6040.026,53.511,23.24,,3284.39,14.336,1.475,333.035,89778.836,2.393,2.057,404.834,9012.167,2299.683,78710.305,20084.928,70.019,87.671,3.398,179.537,5463.509,1702.706,434.489,21410.805,0.803,38.606,18993.566,4846.689,13.229,23.848,,-12.495,-106.157,743.463,985.306,251.426,2913.538,7.655,3.245,-2.223,-71.797,2824.417,3804.874,970.91,11068.534,29.561,12.329,,,1.014,18.552,1848.197,2552.533,651.343,7242.85,19.831,8.067,2.074,188.878,9297.387,422.034,107.693,36435.289,-2.333,-114.728,18824.549,4803.561,3.279,40.583,200.879,64.815,,7.041,13.546,254.003,,787.219,1.973,,0.877,12871.11,22909.344,-7.853,-90.349,976.22,1252.341,319.567,3825.684,9.73,4.261,-14.513,-0.205,1.209,1.602,0.409,4.738,0.012,0.005,-2.149,-0.189,8.625,11.43,2.917,33.799,0.089,0.038
United States,1993,USA,258779760.0,9834941382656.0,16.851,3.715,99.542,25.759,,,,0.11,,3.727,198.421,21340.355,5522.452,7076.33,1831.211,-6.262,-378.224,21878.846,5661.802,53.785,23.61,,3404.678,14.556,2.098,480.68,90385.828,2.378,2.056,412.988,9269.064,2398.646,79209.891,20497.916,70.451,87.635,2.488,135.91,5599.419,1724.083,446.158,21637.777,1.137,55.109,18941.971,4901.799,13.104,23.939,,11.067,82.279,825.742,1079.107,279.251,3190.906,8.202,3.53,2.508,67.69,2892.107,3833.758,992.099,11175.939,29.139,12.365,,,-1.371,-25.344,1822.853,2482.465,642.412,7044.032,18.869,7.793,0.846,78.658,9376.045,468.652,121.278,36231.754,-3.88,-186.375,17842.143,4617.186,3.562,40.086,207.369,66.925,,3.254,6.49,258.617,,801.335,1.966,,0.887,13156.663,23390.023,9.905,93.034,1069.254,1351.292,349.687,4131.907,10.271,4.571,16.221,0.196,1.405,1.836,0.475,5.43,0.014,0.006,4.097,0.353,8.978,11.733,3.036,34.694,0.089,0.038
United States,1994,USA,262273584.0,10232022433792.0,11.983,3.087,109.985,28.846,,,,0.121,,0.375,20.691,21134.967,5543.144,6986.109,1832.272,9.178,519.646,23568.705,6181.449,52.978,23.271,,3458.526,14.519,1.84,430.363,90822.672,2.328,1.932,396.055,9307.086,2441.003,79664.789,20893.971,70.579,87.715,2.351,131.662,5731.081,1886.804,494.859,21851.535,4.111,201.509,19457.957,5103.308,14.308,24.06,,-7.13,-58.872,766.87,988.82,259.341,2923.93,7.499,3.219,1.456,34.31,2926.417,3827.405,1003.827,11157.877,29.025,12.285,,,4.94,90.05,1912.903,2570.397,674.147,7293.54,19.492,8.031,2.599,243.701,9619.746,434.173,113.872,36678.289,-2.395,-110.568,17182.889,4506.618,3.293,40.385,206.018,66.355,,-0.852,-1.351,252.999,,785.508,1.919,,0.865,13186.712,23820.387,-4.507,-55.74,1013.514,1257.008,329.68,3864.338,9.532,4.255,5.621,0.079,1.484,1.914,0.502,5.658,0.015,0.006,14.681,1.318,10.296,13.276,3.482,39.257,0.101,0.043
United States,1995,USA,265660560.0,10510263123968.0,7.266,2.096,116.473,30.942,,,,0.127,,0.9,49.91,21053.383,5593.053,6975.092,1853.007,-0.327,-20.193,23192.211,6161.256,51.944,22.978,,3567.331,14.656,2.185,520.529,91624.125,2.316,1.323,276.439,9284.662,2466.568,79689.703,21170.41,69.143,86.975,4.34,248.749,5979.829,2007.809,533.396,22509.285,-1.374,-70.1,18946.014,5033.208,14.952,24.567,,20.004,153.404,920.274,1171.494,311.22,3464.096,8.724,3.781,8.261,244.088,3170.505,4091.838,1087.04,11934.421,30.472,13.025,,,5.147,98.454,2011.356,2668.233,708.844,7571.151,19.87,8.263,-0.231,-22.219,9597.527,301.76,80.166,36127.031,-1.018,-45.888,16791.088,4460.73,2.247,39.43,196.96,63.265,,-4.656,-9.058,238.143,,741.398,1.773,,0.809,13428.155,24340.916,14.117,145.635,1159.149,1423.604,378.196,4363.27,10.602,4.762,2.51,0.037,1.521,1.937,0.514,5.726,0.014,0.006,-8.206,-0.845,9.451,12.031,3.196,35.576,0.09,0.039
United States,1996,USA,268984352.0,10909166600192.0,-28.272,-8.748,82.511,22.194,,,,0.088,,4.546,254.248,21738.441,5847.301,7233.708,1945.754,2.985,183.923,23589.398,6345.179,53.114,23.239,,3663.386,14.56,3.371,820.482,93542.242,2.306,3.368,712.928,9378.241,2522.6,81355.43,21883.338,68.86,86.972,1.824,109.069,6088.898,1819.091,489.307,22636.625,1.373,69.112,18968.838,5102.321,13.357,24.199,,11.673,107.426,1027.7,1292.081,347.549,3820.669,9.487,4.084,2.74,107.556,3278.061,4187.694,1126.424,12186.809,30.748,13.028,,,0.197,3.962,2015.318,2640.453,710.241,7492.325,19.388,8.01,3.643,349.611,9947.139,325.443,87.539,36980.363,-0.39,-17.396,16518.932,4443.334,2.39,39.533,201.588,64.826,,2.467,4.628,241.003,,749.441,1.77,,0.801,13619.328,25161.398,7.147,103.594,1262.743,1547.241,416.184,4694.484,11.361,5.019,5.223,0.079,1.601,2.013,0.541,5.951,0.015,0.006,2.206,0.209,9.66,12.145,3.267,35.912,0.089,0.038
United States,1997,USA,272395424.0,11398757220352.0,26.626,5.909,103.173,28.104,,,,0.111,,2.112,123.477,21919.523,5970.778,7335.818,1998.243,2.279,144.627,23824.945,6489.806,53.769,23.553,,3716.377,14.66,0.751,188.855,93064.172,2.224,1.337,292.525,9593.58,2613.247,81410.555,22175.863,70.317,87.478,0.598,36.417,6125.315,1892.405,515.482,22486.852,0.256,13.078,18779.312,5115.399,13.871,24.163,,2.424,24.909,1052.609,1306.825,355.973,3864.267,9.578,4.152,-2.885,-103.668,3174.392,3991.91,1087.378,11653.618,29.259,12.522,,,-6.83,-137.647,1877.671,2429.302,661.731,6893.18,17.806,7.407,1.333,132.63,10079.769,365.356,99.521,37004.176,-0.552,-24.515,16222.076,4418.819,2.678,39.762,204.613,65.82,,1.534,3.025,241.634,,751.162,1.771,,0.807,13643.318,25350.254,3.507,33.979,1296.722,1562.608,425.647,4760.438,11.453,5.115,-1.597,-0.026,1.575,1.956,0.533,5.783,0.014,0.006,1.669,0.161,9.821,12.193,3.321,36.054,0.089,0.039
United States,1998,USA,275835008.0,11906028929024.0,10.499,2.951,112.583,31.054,,,,0.122,,0.981,58.561,21858.496,6029.338,7355.995,2029.041,3.156,204.797,24270.318,6694.604,52.623,23.633,,3855.808,15.113,0.64,162.244,92491.875,2.143,0.57,126.377,9929.051,2738.78,80853.555,22302.24,71.03,87.417,-1.69,-103.524,6021.791,2070.963,571.244,21831.135,1.132,57.881,18754.98,5173.28,14.815,23.603,,-9.519,-100.194,952.414,1167.688,322.089,3452.841,8.353,3.733,1.436,35.865,3210.257,3989.513,1100.447,11638.322,28.54,12.583,,,7.167,134.582,2012.252,2570.958,709.16,7295.13,18.392,7.887,1.7,171.343,10251.111,502.093,138.495,37163.926,-3.111,-137.473,15521.404,4281.347,3.592,40.181,203.947,65.617,,-0.308,-0.666,237.885,,739.382,1.702,,0.799,13978.677,25512.498,-6.922,-98.717,1198.005,1418.556,391.287,4343.193,10.148,4.696,-1.509,-0.024,1.551,1.902,0.525,5.624,0.014,0.006,-7.979,-0.784,9.037,11.08,3.056,32.764,0.079,0.035
United States,1999,USA,279181568.0,12463818932224.0,3.971,1.233,115.65,32.287,,,,0.124,,-0.153,-9.244,21563.367,6020.095,7299.419,2037.863,-3.12,-208.847,23231.322,6485.757,51.774,23.185,,3936.098,15.159,1.774,452.607,93004.367,2.083,1.334,297.576,9897.092,2763.086,80950.242,22599.816,70.199,87.039,0.346,20.837,6042.628,2142.962,598.275,21644.078,-1.39,-71.9,18272.625,5101.38,15.2,23.272,,-1.703,-16.216,936.198,1134.048,316.605,3353.366,8.044,3.606,4.905,155.033,3365.29,4136.082,1154.718,12054.125,29.337,12.961,,,8.097,162.939,2175.191,2745.823,766.583,7791.314,19.476,8.377,2.79,285.98,10537.092,454.712,126.947,37742.793,-4.211,-180.307,14689.509,4101.04,3.225,40.582,206.675,66.478,,1.312,2.727,238.116,,740.288,1.689,,0.796,14098.702,25965.105,-0.454,-7.907,1190.098,1390.259,388.135,4262.81,9.861,4.583,-1.204,-0.019,1.533,1.857,0.518,5.49,0.013,0.006,48.329,4.368,13.405,16.238,4.533,48.015,0.115,0.052
United States,2000,USA,282398560.0,12973842104320.0,14.606,4.716,131.032,37.003,215.051,60.73,1.597,0.139,532.606,4.426,266.441,22261.219,6286.536,6962.748,1966.27,-2.402,-155.799,22414.98,6329.958,51.715,23.682,3835.86,3802.1,14.323,2.235,580.32,93999.859,2.046,2.764,624.76,9551.324,2697.28,82240.422,23224.576,70.942,87.49,3.993,241.279,6283.907,2177.738,614.99,22251.908,1.659,84.623,18364.127,5186.003,16.175,23.672,2025.02,-13.848,-129.646,806.552,956.202,270.03,2856.078,7.102,3.038,-0.92,-44.439,3320.85,3912.272,1104.82,11759.445,29.058,12.51,33.76,0.88,3.521,76.58,2251.771,2669.596,753.89,7973.734,19.828,8.483,1.111,117.042,10654.134,410.838,116.02,37727.297,-1.431,-58.667,14314.426,4042.373,3.051,40.135,207.284,74.82,14.09,0.158,0.609,264.945,49.894,734.013,1.968,0.371,0.781,13463.596,26545.426,-9.016,-121.019,1069.079,1242.676,350.93,3785.711,9.23,4.027,0.033,0.001,1.533,1.735,0.49,5.429,0.013,0.006,24.627,3.301,16.706,19.795,5.59,59.159,0.147,0.063
United States,2001,USA,285470496.0,13100471287808.0,6.239,2.309,137.709,39.312,174.274,49.75,1.335,0.152,535.381,-2.946,-185.221,21372.84,6101.315,6669.551,1903.96,3.57,225.962,22965.316,6555.92,51.078,23.546,3749.6,3727.57,14.385,-2.383,-632.646,90772.18,1.978,-2.066,-479.832,9383.387,2678.68,79674.586,22744.744,71.861,87.774,-4.413,-277.327,6006.58,2238.865,639.13,21040.982,2.564,132.947,18632.223,5318.95,17.146,23.18,1995.67,-22.922,-188.912,617.641,729.112,208.14,2163.588,5.584,2.384,-3.659,-152.815,3168.036,3674.25,1048.89,11097.594,28.139,12.226,22.03,0.588,1.981,29.692,2281.463,2693.203,768.83,7991.941,20.626,8.804,-0.162,-17.285,10636.849,474.97,135.59,37260.762,-0.883,-35.708,14035.304,4006.665,3.637,41.049,207.94,64.64,14.89,0.372,0.656,226.433,52.16,728.411,1.734,0.399,0.802,13057.637,25912.779,-15.36,-182.507,886.572,981.047,280.06,3105.653,7.513,3.421,10.769,0.154,1.687,1.892,0.54,5.911,0.014,0.007,20.454,3.287,19.993,23.61,6.74,70.034,0.181,0.077
United States,2002,USA,288350240.0,13334491430912.0,19.461,7.651,162.866,46.962,186.267,53.71,1.397,0.179,526.745,-0.047,-2.861,21149.467,6098.454,6704.104,1933.13,-3.461,-226.868,21949.186,6329.053,50.287,23.19,3865.21,3844.23,14.618,1.486,385.068,91201.062,1.972,0.867,197.234,9460.128,2727.83,79562.891,22941.979,70.959,87.239,3.239,194.532,6201.112,2396.426,691.01,21505.484,-3.885,-206.662,17729.438,5112.288,17.975,23.58,2024.93,22.797,135.908,753.548,886.387,255.59,2613.31,6.649,2.865,6.712,187.833,3355.869,3871.68,1116.4,11638.168,29.041,12.761,20.98,0.543,1.462,18.413,2299.877,2705.252,780.06,7975.983,20.292,8.745,0.052,5.564,10642.413,359.597,103.69,36907.938,-0.756,-30.303,13790.043,3976.362,2.697,40.469,223.197,69.85,16.14,7.42,15.258,242.24,55.974,774.049,1.817,0.42,0.849,13331.809,26297.848,19.835,169.42,1055.992,1166.429,336.34,3662.185,8.749,4.016,4.744,0.069,1.756,1.907,0.55,6.09,0.014,0.007,53.685,10.535,30.528,35.894,10.35,105.87,0.269,0.116
United States,2003,USA,291109824.0,13708808945664.0,35.669,16.751,218.864,63.713,183.23,53.34,1.379,0.242,531.988,1.903,116.083,21347.74,6214.537,6780.053,1973.74,-2.809,-177.791,21130.383,6151.262,51.015,23.558,3875.36,3868.94,14.666,0.313,82.266,90619.109,1.924,0.428,98.141,9467.32,2756.03,79145.797,23040.119,71.235,87.339,-2.89,-179.211,6021.9,2232.525,649.91,20686.01,1.296,66.271,17789.02,5178.558,16.798,22.827,2058.23,4.572,29.401,782.949,918.107,267.27,2689.532,6.908,2.968,0.972,-15.877,3339.991,3822.99,1112.91,11473.304,28.765,12.661,6.42,0.166,-2.094,-62.584,2237.292,2623.512,763.73,7685.389,19.74,8.481,1.515,161.27,10803.683,454.742,132.38,37112.051,-2.734,-108.729,13285.822,3867.633,3.422,40.954,221.493,70.19,16.85,-0.637,-1.705,241.112,57.882,760.857,1.814,0.436,0.84,13290.311,26380.113,7.461,46.707,1102.699,1199.479,349.18,3787.915,9.025,4.18,1.505,0.015,1.771,1.821,0.53,6.084,0.014,0.007,8.047,2.245,32.773,38.439,11.19,112.579,0.289,0.124
United States,2004,USA,293947872.0,14227881328640.0,26.232,16.713,273.609,80.427,182.141,53.54,1.355,0.299,528.833,0.651,40.445,21279.223,6254.982,6730.105,1978.3,3.433,211.163,21644.74,6362.425,50.059,23.255,3963.26,3951.95,14.693,1.961,517.436,91504.484,1.89,1.992,459.006,9587.687,2818.28,79943.172,23499.125,71.314,87.365,0.405,24.376,6046.277,2415.734,710.1,20569.215,-2.847,-147.458,17115.621,5031.101,17.968,22.479,2089.92,-2.747,-26.358,756.591,884.272,259.93,2573.895,6.577,2.813,3.201,58.431,3398.422,3856.704,1133.67,11561.31,28.686,12.635,11.31,0.285,3.247,57.924,2295.216,2682.551,788.53,7808.243,19.953,8.533,3.649,394.184,11197.866,441.847,129.88,38094.734,-2.165,-83.728,12872.708,3783.905,3.286,41.632,223.007,70.49,16.95,0.86,1.515,239.804,57.663,758.663,1.784,0.429,0.829,13444.391,26897.549,3.114,0.507,1103.206,1174.154,345.14,3753.067,8.733,4.102,14.325,0.241,2.012,1.973,0.58,6.844,0.015,0.007,26.425,8.396,41.169,48.104,14.14,140.056,0.358,0.153
United States,2005,USA,296842656.0,14703731408896.0,16.846,13.549,316.583,93.975,182.858,54.28,1.345,0.349,530.549,1.47,91.974,21381.551,6346.957,6780.932,2012.87,1.458,92.737,21746.072,6455.162,49.885,23.586,4059.77,4034.99,14.994,0.047,12.584,90654.531,1.83,0.059,13.84,9769.351,2899.96,79210.195,23512.965,71.87,87.376,-1.56,-94.347,5951.93,2563.513,760.96,20050.789,-2.717,-136.692,16488.225,4894.408,18.859,22.118,2140.76,1.475,6.302,762.893,888.552,263.76,2570.024,6.537,2.835,1.186,-1.254,3397.168,3823.676,1135.03,11444.341,28.13,12.624,24.78,0.61,-0.83,-33.448,2261.768,2634.358,781.99,7619.417,19.38,8.405,0.145,16.212,11214.078,424.905,126.13,37777.852,-5.031,-190.371,12105.854,3593.534,3.126,41.672,224.874,70.92,16.64,0.907,1.866,238.914,56.057,757.552,1.758,0.412,0.836,13593.026,26910.133,5.078,32.195,1135.401,1189.317,353.04,3824.924,8.749,4.219,7.272,0.133,2.144,1.853,0.55,7.224,0.014,0.008,25.925,10.345,51.514,59.998,17.81,173.54,0.441,0.191
United States,2006,USA,299753088.0,15095884152832.0,40.143,37.725,439.362,131.7,183.017,54.86,1.356,0.493,521.925,-1.533,-97.274,20849.436,6249.683,6640.499,1990.51,2.607,168.256,22096.246,6623.418,49.186,23.409,4065.36,4046.94,15.158,-0.788,-212.014,89067.039,1.769,-1.389,-326.596,9603.104,2878.56,77351.562,23186.369,71.129,86.846,-1.447,-86.152,5865.778,2723.708,816.44,19568.699,2.51,122.832,16737.91,5017.24,20.174,21.971,2112.2,7.175,49.595,812.488,943.076,282.69,2710.525,6.985,3.043,5.63,114.581,3511.749,3897.808,1168.38,11715.473,28.871,13.154,18.42,0.453,0.669,0.813,2262.581,2626.228,787.22,7548.15,19.452,8.475,-1.277,-143.169,11070.909,238.897,71.61,36933.43,-1.452,-52.161,11814.301,3541.373,1.769,41.467,226.212,71.37,16.51,0.667,1.339,238.096,55.079,754.663,1.764,0.408,0.847,13500.912,26698.119,14.669,113.767,1249.168,1271.58,381.16,4167.322,9.418,4.679,10.086,0.201,2.346,1.701,0.51,7.826,0.013,0.009,49.289,24.907,76.421,88.706,26.59,254.947,0.657,0.286
United States,2007,USA,302743392.0,15364464312320.0,26.305,34.643,549.454,166.344,183.456,55.54,1.341,0.615,524.969,1.347,84.167,20921.512,6333.85,6660.625,2016.46,-1.248,-82.629,21605.061,6540.789,48.677,23.403,4173.82,4142.57,15.307,1.37,365.668,89395.141,1.761,1.685,390.619,9870.537,2988.24,77877.797,23576.988,72.135,87.116,6.403,375.605,6241.383,2961.551,896.59,20616.082,4.019,201.648,17238.654,5218.889,21.643,23.062,2174.72,-14.884,-125.252,687.236,794.766,240.61,2270.03,5.808,2.539,1.586,-24.951,3486.798,3812.899,1154.33,11517.339,27.865,12.884,31.25,0.749,2.44,40.715,2303.296,2663.708,806.42,7608.082,19.467,8.511,-0.625,-69.154,11001.755,248.362,75.19,36340.199,0.155,5.504,11715.786,3546.877,1.815,40.651,228.429,72.24,16.7,1.077,2.217,238.618,55.162,754.53,1.744,0.403,0.844,13683.437,27063.787,0.22,-65.666,1183.502,1149.191,347.91,3909.257,8.398,4.373,32.868,0.752,3.097,2.015,0.61,10.231,0.015,0.011,29.564,21.974,98.395,113.793,34.45,325.012,0.832,0.364
United States,2008,USA,305694912.0,15319731011584.0,36.596,60.875,743.287,227.219,180.016,55.03,1.34,0.86,518.419,-1.591,-100.795,20389.789,6233.055,6496.02,1985.8,1.527,99.851,21723.098,6640.64,48.345,23.605,4140.35,4107.53,15.556,-2.432,-658.273,86378.648,1.724,-3.314,-781.326,9565.779,2924.21,74569.977,22795.662,71.191,86.329,0.762,47.529,6288.912,2888.435,882.98,20572.512,4.633,241.786,17863.15,5460.674,21.497,23.817,2129.42,3.296,18.24,705.476,813.033,248.54,2307.778,6.051,2.672,6.579,123.055,3609.854,3870.918,1183.32,11808.681,28.809,13.671,32.82,0.793,-0.027,-14.92,2288.376,2637.303,806.21,7485.817,19.628,8.666,-6.618,-728.061,10273.694,181.325,55.43,33607.672,-0.903,-32.033,11497.881,3514.844,1.349,38.907,227.048,72.35,17.32,-0.431,-1.381,236.674,56.658,742.728,1.761,0.422,0.86,13436.697,26405.514,17.38,137.975,1321.477,1233.615,377.11,4322.863,9.181,5.005,49.082,1.492,4.589,2.813,0.86,15.012,0.021,0.017,60.706,58.75,157.145,181.096,55.36,514.058,1.348,0.595
United States,2009,USA,308512032.0,14894294368256.0,13.607,30.918,836.716,258.137,176.622,54.49,1.383,1.028,496.259,-12.044,-750.678,17770.381,5482.376,5691.512,1755.9,-9.34,-620.218,19514.385,6020.422,44.568,21.837,3973.87,3939.82,15.693,-4.923,-1299.982,81376.18,1.686,-6.14,-1399.76,8834.048,2725.41,69351.922,21395.902,69.176,85.224,-1.791,-112.631,6176.281,2985.232,920.98,20019.578,2.109,115.151,18073.283,5575.825,23.376,24.601,1955.17,8.157,52.838,758.314,871.344,268.82,2457.971,6.823,3.021,4.281,99.775,3709.628,3936.346,1214.41,12024.258,30.824,14.776,34.05,0.857,-0.912,-34.87,2253.506,2589.364,798.85,7304.434,20.276,8.976,-5.222,-536.45,9737.244,157.303,48.53,31561.959,6.738,236.836,12160.563,3751.68,1.232,38.785,225.447,71.96,17.47,-0.532,-1.601,233.249,56.627,730.756,1.826,0.443,0.898,12770.394,25105.531,11.513,134.645,1456.122,1346.982,415.56,4719.823,10.548,5.8,27.121,1.209,5.798,2.885,0.89,18.792,0.023,0.023,33.457,51.282,208.427,239.504,73.89,675.588,1.875,0.83
United States,2010,USA,311182848.0,15270622003200.0,14.967,38.636,953.695,296.773,180.248,56.09,1.363,1.144,501.337,5.803,318.165,18640.299,5800.542,5936.349,1847.29,1.917,115.406,19717.758,6135.828,44.903,22.351,4139.92,4113.94,15.852,3.371,846.332,83397.477,1.699,3.635,777.801,9263.011,2882.49,71256.188,22173.703,70.066,85.442,4.949,305.654,6481.935,3174.018,987.7,20829.986,3.152,175.749,18482.941,5751.574,24.009,24.977,2062.47,-5.251,-44.228,714.086,818.49,254.7,2294.748,6.191,2.752,3.731,68.533,3778.161,3957.32,1231.45,12141.289,29.934,14.558,25.98,0.628,1.016,8.922,2262.428,2593.234,806.97,7270.414,19.616,8.718,1.581,153.983,9891.228,152.643,47.5,31785.902,3.273,122.798,12450.809,3874.478,1.155,38.114,231.142,73.92,17.83,2.6,5.695,237.545,57.298,742.784,1.797,0.433,0.891,13220.33,25951.863,7.092,59.61,1515.733,1364.086,424.48,4870.875,10.318,5.841,45.139,2.565,8.363,3.888,1.21,26.875,0.029,0.032,28.106,56.941,265.368,304.162,94.65,852.773,2.301,1.023
United States,2011,USA,313876608.0,15509302018048.0,8.285,24.587,1023.843,321.36,180.549,56.67,1.386,1.249,484.122,-5.646,-327.47,17437.016,5473.071,5522.648,1733.43,0.831,51.001,19711.023,6186.829,42.394,21.274,4126.12,4088.87,15.894,-0.87,-225.797,81962.359,1.659,-1.912,-423.967,8885.434,2788.93,69293.906,21749.736,68.208,84.544,1.545,100.173,6582.108,3229.581,1013.69,20970.367,7.337,422.011,19668.828,6173.585,24.791,25.585,1979.51,22.863,157.912,871.998,996.984,312.93,2778.155,7.653,3.39,5.959,198.168,3976.329,4141.564,1299.94,12668.445,31.792,15.456,37.25,0.903,-2.077,-60.508,2201.92,2517.55,790.2,7015.241,19.326,8.559,-1.988,-196.671,9694.557,133.205,41.81,30886.521,3.985,154.409,12835.894,4028.887,1.023,37.684,233.103,74.81,18.14,0.95,1.961,238.342,57.793,742.658,1.83,0.444,0.906,13026.999,25726.066,15.339,258.676,1774.409,1624.014,509.74,5653.205,12.467,6.897,57.28,4.71,13.073,5.798,1.82,41.65,0.045,0.051,26.966,69.506,334.874,382.889,120.18,1066.898,2.939,1.302
United States,2012,USA,316651328.0,15849635184640.0,0.193,0.619,1016.827,321.98,181.967,57.62,1.426,1.285,470.467,-11.596,-634.667,15279.911,4838.404,4781.411,1514.04,-6.951,-430.02,18180.277,5756.809,37.47,19.317,4087.93,4040.67,16.132,-2.636,-678.203,79102.344,1.58,-2.563,-557.518,8776.277,2779.02,66926.039,21192.219,68.776,84.607,4.544,299.12,6881.228,3871.419,1225.89,21731.246,5.146,317.663,20499.672,6491.248,30.339,27.472,1901.0,-13.308,-120.625,751.373,856.747,271.29,2372.871,6.714,3.0,-2.214,-120.685,3855.644,3984.351,1261.65,12176.307,31.224,15.393,47.26,1.156,-2.641,-71.156,2130.764,2429.581,769.33,6729.055,19.04,8.507,-2.29,-221.97,9472.587,123.448,39.09,29914.881,14.103,568.193,14517.797,4597.08,0.967,37.818,236.724,75.88,18.26,1.664,3.621,239.633,57.666,747.586,1.878,0.452,0.945,12760.629,25047.863,-1.791,-49.529,1724.88,1554.77,492.32,5447.252,12.184,6.886,90.698,11.706,24.779,13.674,4.33,78.253,0.107,0.099,17.179,55.15,390.024,444.716,140.82,1231.715,3.485,1.557
United States,2013,USA,319375168.0,16108428984320.0,10.388,33.447,1112.88,355.426,190.56,60.86,1.501,1.381,470.62,3.8,183.867,15725.304,5022.271,4950.635,1581.11,-3.267,-188.096,17436.275,5568.713,38.986,19.521,4113.49,4055.61,15.764,2.714,679.887,80556.516,1.597,2.491,527.834,8598.696,2746.21,68007.961,21720.053,67.714,84.423,2.747,189.0,7070.228,3522.002,1124.84,22137.689,1.012,65.679,20530.486,6556.927,27.735,27.481,1908.65,-2.73,-24.913,726.46,826.238,263.88,2274.628,6.507,2.824,5.178,152.053,4007.697,4099.88,1309.4,12548.557,32.286,15.577,57.88,1.407,2.559,41.357,2172.121,2470.511,789.02,6801.158,19.455,8.443,1.636,154.966,9627.553,126.059,40.26,30144.963,13.508,620.979,16338.335,5218.059,0.993,37.421,247.921,79.62,18.76,4.711,11.197,249.299,58.74,776.27,1.963,0.463,0.964,12698.577,25727.75,7.751,110.697,1835.576,1629.369,520.38,5747.398,12.831,7.135,77.489,18.936,43.715,28.305,9.04,136.876,0.223,0.17,19.186,72.03,462.054,525.526,167.84,1446.744,4.138,1.796
United States,2014,USA,322033952.0,16482662612992.0,1.432,5.089,1119.494,360.515,198.706,63.99,1.562,1.387,467.311,-0.227,-11.416,15560.023,5010.856,4911.625,1581.71,1.422,79.182,17538.199,5647.896,38.616,19.275,4149.22,4096.01,15.756,1.043,268.469,80725.086,1.577,0.952,206.674,8545.714,2752.01,68088.242,21926.727,67.188,84.346,2.155,152.376,7222.604,3498.42,1126.61,22428.084,7.478,490.337,21883.607,7047.265,27.505,27.783,1914.11,-4.051,-33.606,692.853,786.221,253.19,2151.492,6.181,2.665,1.943,61.794,4069.492,4173.473,1344.0,12636.841,32.812,15.654,53.21,1.282,1.033,9.294,2181.415,2475.422,797.17,6773.866,19.462,8.391,0.683,65.713,9693.266,135.669,43.69,30100.135,16.951,884.494,18950.029,6102.553,1.067,37.287,258.466,83.07,19.08,4.221,10.545,257.954,59.248,802.605,2.028,0.466,0.994,12719.186,25996.219,2.795,52.501,1888.077,1698.051,546.83,5862.975,13.35,7.263,82.149,35.435,79.149,89.804,28.92,245.78,0.706,0.304,8.231,35.039,497.093,564.071,181.65,1543.604,4.435,1.912
United States,2015,USA,324607776.0,16902578503680.0,4.631,16.696,1162.053,377.211,196.021,63.63,1.558,1.465,447.663,-13.606,-681.778,13336.334,4329.078,4166.259,1352.4,-11.533,-651.388,15392.445,4996.507,33.115,16.814,4150.66,4083.99,15.862,-0.959,-249.186,79317.367,1.523,-1.237,-271.137,8411.136,2730.32,66713.094,21655.59,66.854,84.109,2.952,213.19,7435.795,4107.973,1333.48,22907.014,5.048,355.767,22806.082,7403.032,32.651,28.88,1828.25,-3.635,-29.162,663.691,751.646,243.99,2044.595,5.974,2.578,1.509,21.95,4091.442,4170.171,1353.67,12604.264,33.146,15.891,66.67,1.606,0.001,-12.952,2168.462,2455.825,797.18,6680.254,19.52,8.422,2.037,197.452,9890.718,136.904,44.44,30469.75,8.085,493.391,20319.732,6595.943,1.088,38.415,257.115,82.75,19.12,-0.397,-1.351,254.923,58.902,792.08,2.026,0.468,0.999,12581.307,25747.033,2.895,34.903,1922.98,1714.346,556.49,5924.01,13.626,7.469,34.947,27.024,106.174,120.237,39.03,327.083,0.956,0.412,4.989,21.695,518.788,587.54,190.72,1598.198,4.67,2.015
United States,2016,USA,327210208.0,17162557194240.0,8.488,32.017,1250.661,409.229,191.803,62.76,1.535,1.591,429.437,-8.508,-368.337,12104.576,3960.741,3787.015,1239.15,-18.271,-912.933,12479.973,4083.574,30.315,15.398,4154.06,4087.56,15.891,-0.093,-23.881,78613.539,1.499,-1.119,-242.283,8120.04,2656.96,65442.051,21413.307,65.001,83.245,0.742,55.194,7490.989,4212.308,1378.31,22893.508,-1.749,-129.471,22229.016,7273.561,33.72,29.122,1755.35,7.024,42.414,706.105,798.05,261.13,2157.956,6.388,2.745,6.18,218.403,4309.845,4372.113,1430.6,13171.486,34.999,16.755,66.5,1.601,1.068,10.197,2178.659,2462.301,805.69,6658.287,19.711,8.47,0.716,70.858,9961.576,120.718,39.5,30443.965,-4.302,-283.759,19290.914,6312.184,0.966,38.726,253.683,81.92,19.16,-1.211,-3.432,250.359,58.556,775.292,2.004,0.469,0.986,12492.153,25723.152,10.745,208.205,2131.185,1909.812,624.91,6513.199,15.288,8.285,40.567,42.188,148.362,167.69,54.87,453.415,1.342,0.577,19.02,95.018,613.806,693.713,226.99,1875.876,5.553,2.386
United States,2017,USA,329791232.0,17596283879424.0,0.202,0.825,1243.373,410.054,190.211,62.73,1.548,1.588,416.784,-2.731,-108.148,11681.913,3852.593,3656.374,1205.84,6.534,266.804,13191.312,4350.379,29.757,14.922,4108.62,4052.31,15.695,0.373,95.877,78289.008,1.467,-0.481,-103.016,7702.357,2540.17,64617.52,21310.291,62.684,82.537,-1.216,-91.067,7399.922,3931.093,1296.44,22438.203,2.587,188.146,22625.547,7461.707,31.993,28.661,1688.94,12.527,83.783,789.888,890.988,293.84,2395.115,7.251,3.059,4.415,198.896,4508.74,4585.143,1512.14,13671.498,37.316,17.463,56.31,1.371,-0.092,-14.816,2163.843,2440.786,804.95,6561.251,19.864,8.381,0.966,96.199,10057.775,114.891,37.89,30497.4,5.804,366.381,20250.889,6678.565,0.935,38.955,253.612,81.77,19.04,0.094,-0.071,247.945,57.733,769.008,2.018,0.47,0.982,12287.501,25819.029,8.09,213.712,2344.897,2144.357,707.19,7110.247,17.452,9.082,40.847,59.372,207.734,234.33,77.28,629.895,1.907,0.805,12.031,69.804,683.609,771.094,254.3,2072.855,6.275,2.648
United States,2018,USA,332140032.0,18140645818368.0,-1.325,-5.433,1218.223,404.621,186.156,61.83,1.472,1.512,412.062,-4.234,-163.134,11108.142,3689.458,3460.86,1149.49,-1.676,-72.928,12878.457,4277.451,27.359,13.785,4246.01,4201.55,15.698,3.664,945.924,80583.344,1.475,4.216,898.531,8012.584,2661.3,66865.844,22208.822,63.341,82.977,11.077,819.71,8219.633,4423.225,1469.13,24747.492,12.7,947.654,25318.723,8409.361,34.966,30.71,1731.3,-2.457,-23.911,765.977,862.949,286.62,2306.186,6.822,2.862,1.187,47.394,4556.134,4637.351,1540.25,13717.509,36.659,17.023,44.46,1.047,0.265,-6.949,2156.894,2429.939,807.08,6493.931,19.209,8.059,2.406,241.955,10299.73,128.5,42.68,31010.205,16.62,1109.987,23449.604,7788.552,1.016,38.482,250.438,80.52,18.69,-1.096,-3.174,242.428,56.271,754.014,1.916,0.445,0.936,12649.936,26764.953,1.882,54.343,2399.24,2207.412,733.17,7223.578,17.45,8.964,20.819,41.78,249.513,281.086,93.36,751.23,2.222,0.932,7.222,45.081,728.691,820.949,272.67,2193.926,6.49,2.723
United States,2019,USA,334319680.0,,2.78,11.25,1243.93,415.87,172.021,57.51,1.383,1.565,392.776,-14.609,-538.999,9423.495,3150.46,2886.339,964.96,-7.21,-308.397,11872.033,3969.054,23.205,11.855,4197.42,4158.38,15.648,-0.711,-190.211,79489.016,,-1.191,-264.432,7741.722,2588.21,65638.945,21944.391,62.241,82.576,3.533,290.366,8509.999,4743.395,1585.81,25454.676,10.366,871.749,27761.186,9281.11,38.135,32.023,1633.31,-1.398,-13.492,752.485,845.329,282.61,2250.794,6.796,2.832,2.09,74.218,4630.352,4696.613,1570.17,13850.071,37.759,17.424,39.04,0.93,0.288,-1.763,2155.132,2421.066,809.41,6446.32,19.465,8.11,-0.153,-15.799,10283.932,111.989,37.44,30760.773,12.166,947.549,26130.982,8736.102,0.9,38.698,234.433,75.38,17.87,-6.194,-16.005,225.473,53.452,701.224,1.813,0.43,0.882,12438.334,26574.742,3.425,75.98,2475.22,2275.547,760.76,7403.751,18.295,9.314,14.49,35.102,284.616,319.724,106.89,851.328,2.57,1.071,8.514,59.126,787.816,885.021,295.88,2356.476,7.115,2.965
United States,2020,USA,335942016.0,,-9.029,-37.549,1126.15,378.321,162.826,54.7,1.353,1.538,369.392,-18.863,-594.279,7608.996,2556.181,2302.153,773.39,-24.92,-989.092,8870.466,2979.962,19.128,10.39,4090.49,4043.18,16.434,-7.419,-1971.645,73236.141,,-9.237,-2026.943,7239.047,2431.9,59288.348,19917.447,60.148,80.955,-2.128,-181.131,8328.868,4834.674,1624.17,24792.576,-1.294,-120.065,27269.721,9161.045,40.171,33.853,1493.52,-0.941,-9.822,742.663,833.328,279.95,2210.689,6.924,3.019,0.16,55.298,4685.649,4796.304,1611.28,13947.792,39.852,19.045,47.31,1.157,-2.413,-59.727,2095.404,2351.239,789.88,6237.399,19.536,8.517,-12.17,-1251.534,9032.397,102.22,34.34,26886.775,-5.044,-440.628,24693.172,8295.474,0.849,36.712,225.994,72.79,18.09,-3.259,-8.439,216.674,53.849,672.717,1.8,0.447,0.919,12035.351,24603.098,2.009,115.026,2590.245,2445.065,821.4,7710.394,20.316,10.528,22.29,62.163,346.779,389.115,130.72,1032.258,3.233,1.409,14.214,108.672,896.488,1005.947,337.94,2668.579,8.358,3.644
United States,2021,USA,336997632.0,,9.917,37.518,1233.954,415.839,160.98,54.25,1.306,1.603,379.26,14.894,380.713,8714.881,2936.894,2664.707,898.0,8.344,248.646,9580.508,3228.608,21.62,11.32,4192.93,4153.62,16.009,5.454,1341.928,76988.75,,6.23,1240.881,7455.215,2512.39,62784.797,21158.328,60.487,81.551,0.35,29.166,8358.034,4686.057,1579.19,24801.463,3.061,280.374,28016.277,9441.419,38.02,32.214,1575.3,-11.959,-91.208,651.455,731.37,246.47,1933.115,5.934,2.511,3.296,101.05,4786.699,4870.153,1641.23,14203.955,39.513,18.449,39.31,0.938,-1.296,-34.719,2060.685,2313.518,779.65,6114.834,18.77,7.943,9.2,831.001,9863.398,104.452,35.2,29268.451,0.271,22.448,24682.434,8317.922,0.847,38.017,224.519,72.49,18.24,-0.531,-1.475,215.105,54.125,666.234,1.745,0.439,0.865,12325.368,25945.025,6.454,135.769,2726.014,2556.635,861.58,8089.12,20.743,10.507,25.781,87.806,434.585,487.897,164.42,1289.579,3.958,1.675,11.913,103.127,999.615,1122.263,378.2,2966.237,9.105,3.853
United States,2022,USA,338289856.0,,4.335,18.026,1282.526,433.866,158.03,53.46,1.244,1.629,367.259,-6.663,-195.673,8103.174,2741.221,2450.531,828.99,3.854,124.433,9911.74,3353.041,19.293,10.289,4338.09,4296.88,16.128,2.685,696.746,78754.273,,2.064,436.695,7560.528,2557.65,63835.859,21595.023,59.523,81.057,5.433,454.089,8812.123,4994.12,1689.46,26049.031,3.644,344.088,28926.398,9785.507,39.318,33.076,1578.07,3.851,22.622,674.078,756.659,255.97,1992.603,5.957,2.53,5.533,260.05,5046.749,5141.242,1739.23,14918.417,40.477,18.943,41.21,0.95,-1.04,-28.865,2031.819,2280.707,771.54,6006.149,17.956,7.626,1.807,178.28,10041.679,115.877,39.2,29683.652,6.187,514.6,26109.33,8832.521,0.912,37.691,224.406,72.62,19.16,0.333,-0.114,214.668,56.638,663.354,1.69,0.446,0.842,12701.77,26641.771,9.724,288.916,3014.93,2860.535,967.69,8912.268,22.521,11.317,24.138,102.932,537.517,603.89,204.29,1588.926,4.754,2.018,14.97,145.448,1145.063,1285.318,434.81,3384.858,10.119,4.298
United States Pacific Islands (Shift),1980,,,,,,,,,,,,,,,,,,,,,,0.0,,,,,,,,,,,,,,,,,,,,,,,,,,,0.0,,,,,,,,,,,,,,,,,,,,,,,,,,,,,,,,,,,,,,,0.0,,,,,,,,,,,,,,,,,,,,,,,,,,,,,,,,,,,,,,,
United States Pacific Islands (Shift),1981,,,,,,,,,,,,,,,,,,,,0.0,,0.0,,,,,,,,,,,,,,,,,,,,,,,,,0.0,,0.0,,,,,,,,,,,,,,,,,,,,,,,,,,,,,,,,,,,,,0.0,,0.0,,,,,,,,,,,,,,,,,,,,,,,,,,,,,,,,,,,,,,,
United States Pacific Islands (Shift),1982,,,,,,,,,,,,,,,,,,,,0.0,,0.0,,,,,,,,,,,,,,,,,,,,,,,,,0.0,,0.0,,,,,,,,,,,,,,,,,,,,,,,,,,,,,,,,,,,,,0.0,,0.0,,,,,,,,,,,,,,,,,,,,,,,,,,,,,,,,,,,,,,,
United States Pacific Islands (Shift),1983,,,,,,,,,,,,,,,,,,,,0.0,,0.0,,,,,,,,,,,,,,,,,,,,,,,,,0.0,,0.0,,,,,,,,,,,,,,,,,,,,,,,,,,,,,,,,,,,,,0.0,,0.0,,,,,,,,,,,,,,,,,,,,,,,,,,,,,,,,,,,,,,,
United States Pacific Islands (Shift),1984,,,,,,,,,,,,,,,,,,,,0.0,,0.0,,,,,,,,,,,,,,,,,,,,,,,,,0.0,,0.0,,,,,,,,,,,,,,,,,,,,,,,,,,,,,,,,,,,,,0.0,,0.0,,,,,,,,,,,,,,,,,,,,,,,,,,,,,,,,,,,,,,,
United States Pacific Islands (Shift),1985,,,,,,,,,,,,,,,,,,,,0.0,,0.0,,,,,,,,,,,,,,,,,,,,,,,,,0.0,,0.0,,,,,,,,,,,,,,,,,,,,,,,,,,,,,,,,,,,,,0.0,,0.0,,,,,,,,,,,,,,,,,,,,,,,,,,,,,,,,,,,,,,,
United States Pacific Islands (Shift),1986,,,,,,,,,,,,,,,,,,,,0.0,,0.0,,,,,,,,,,,,,,,,,,,,,,,,,0.0,,0.0,,,,,,,,,,,,,,,,,,,,,,,,,,,,,,,,,,,,,0.0,,0.0,,,,,,,,,,,,,,,,,,,,,,,,,,,,,,,,,,,,,,,
United States Pacific Islands (Shift),1987,,,,,,,,,,,,,,,,,,,,0.0,,0.0,,,,,,,,,,,,,,,,,,,,,,,,,0.0,,0.0,,,,,,,,,,,,,,,,,,,,,,,,,,,,,,,,,,,,,0.0,,0.0,,,,,,,,,,,,,,,,,,,,,,,,,,,,,,,,,,,,,,,
United States Pacific Islands (Shift),1988,,,,,,,,,,,,,,,,,,,,0.0,,0.0,,,,,,,,,,,,,,,,,,,,,,,,,0.0,,0.0,,,,,,,,,,,,,,,,,,,,,,,,,,,,,,,,,,,,,0.0,,0.0,,,,,,,,,,,,,,,,,,,,,,,,,,,,,,,,,,,,,,,
United States Pacific Islands (Shift),1989,,,,,,,,,,,,,,,,,,,,0.0,,0.0,,,,,,,,,,,,,,,,,,,,,,,,,0.0,,0.0,,,,,,,,,,,,,,,,,,,,,,,,,,,,,,,,,,,,,0.0,,0.0,,,,,,,,,,,,,,,,,,,,,,,,,,,,,,,,,,,,,,,
United States Pacific Islands (Shift),1990,,,,,,,,,,,,,,,,,,,,0.0,,0.0,,,,,,,,,,,,,,,,,,,,,,,,,0.0,,0.0,,,,,,,,,,,,,,,,,,,,,,,,,,,,,,,,,,,,,0.0,,0.0,,,,,,,,,,,,,,,,,,,,,,,,,,,,,,,,,,,,,,,
United States Pacific Islands (Shift),1991,,,,,,,,,,,,,,,,,,,,0.0,,0.0,,,,,,,,,,,,,,,,,,,,,,,,,0.0,,0.0,,,,,,,,,,,,,,,,,,,,,,,,,,,,,,,,,,,,,0.0,,0.0,,,,,,,,,,,,,,,,,,,,,,,,,,,,,,,,,,,,,,,
United States Pacific Islands (Shift),1992,,,,,,,,,,,,,,,,,,,,0.0,,0.0,,,,,,,,,,,,,,,,,,,,,,,,,0.0,,0.0,,,,,,,,,,,,,,,,,,,,,,,,,,,,,,,,,,,,,0.0,,0.0,,,,,,,,,,,,,,,,,,,,,,,,,,,,,,,,,,,,,,,
United States Pacific Islands (Shift),1993,,,,,,,,,,,,,,,,,,,,0.0,,0.0,,,,,,,,,,,,,,,,,,,,,,,,,0.0,,0.0,,,,,,,,,,,,,,,,,,,,,,,,,,,,,,,,,,,,,0.0,,0.0,,,,,,,,,,,,,,,,,,,,,,,,,,,,,,,,,,,,,,,
United States Pacific Islands (Shift),1994,,,,,,,,,,,,,,,,,,,,0.0,,0.0,,,,,,,,,,,,,,,,,,,,,,,,,0.0,,0.0,,,,,,,,,,,,,,,,,,,,,,,,,,,,,,,,,,,,,0.0,,0.0,,,,,,,,,,,,,,,,,,,,,,,,,,,,,,,,,,,,,,,
United States Pacific Islands (Shift),1995,,,,,,,,,,,,,,,,,,,,0.0,,0.0,,,,,,,,,,,,,,,,,,,,,,,,,0.0,,0.0,,,,,,,,,,,,,,,,,,,,,,,,,,,,,,,,,,,,,0.0,,0.0,,,,,,,,,,,,,,,,,,,,,,,,,,,,,,,,,,,,,,,
United States Pacific Islands (Shift),1996,,,,,,,,,,,,,,,,,,,,0.0,,0.0,,,,,,,,,,,,,,,,,,,,,,,,,0.0,,0.0,,,,,,,,,,,,,,,,,,,,,,,,,,,,,,,,,,,,,0.0,,0.0,,,,,,,,,,,,,,,,,,,,,,,,,,,,,,,,,,,,,,,
United States Pacific Islands (Shift),1997,,,,,,,,,,,,,,,,,,,,0.0,,0.0,,,,,,,,,,,,,,,,,,,,,,,,,0.0,,0.0,,,,,,,,,,,,,,,,,,,,,,,,,,,,,,,,,,,,,0.0,,0.0,,,,,,,,,,,,,,,,,,,,,,,,,,,,,,,,,,,,,,,
United States Pacific Islands (Shift),1998,,,,,,,,,,,,,,,,,,,,0.0,,0.0,,,,,,,,,,,,,,,,,,,,,,,,,0.0,,0.0,,,,,,,,,,,,,,,,,,,,,,,,,,,,,,,,,,,,,0.0,,0.0,,,,,,,,,,,,,,,,,,,,,,,,,,,,,,,,,,,,,,,
United States Pacific Islands (Shift),1999,,,,,,,,,,,,,,,,,,,,0.0,,0.0,,,,,,,,,,,,,,,,,,,,,,,,,0.0,,0.0,,,,,,,,,,,,,,,,,,,,,,,,,,,,,,,,,,,,,0.0,,0.0,,,,,,,,,,,,,,,,,,,,,,,,,,,,,,,,,,,,,,,
United States Pacific Islands (Shift),2000,,,,,,,,,,,,,,,,,,,,0.0,,0.0,,,,,,,,,,,,,,,,,,,,,,,,,0.0,,0.0,,,,,,,,,,,,,,,,,,,,,,,,,,,,,,,,,,,,,0.0,,0.0,,,,,,,,,,,,,,,,,,,,,,,,,,,,,,,,,,,,,,,
United States Pacific Islands (Shift),2001,,,,,,,,,,,,,,,,,,,,0.0,,0.0,,,,,,,,,,,,,,,,,,,,,,,,,0.0,,0.0,,,,,,,,,,,,,,,,,,,,,,,,,,,,,,,,,,,,,0.0,,0.0,,,,,,,,,,,,,,,,,,,,,,,,,,,,,,,,,,,,,,,
United States Pacific Islands (Shift),2002,,,,,,,,,,,,,,,,,,,,0.0,,0.0,,,,,,,,,,,,,,,,,,,,,,,,,0.0,,0.0,,,,,,,,,,,,,,,,,,,,,,,,,,,,,,,,,,,,,0.0,,0.0,,,,,,,,,,,,,,,,,,,,,,,,,,,,,,,,,,,,,,,
United States Pacific Islands (Shift),2003,,,,,,,,,,,,,,,,,,,,0.0,,0.0,,,,,,,,,,,,,,,,,,,,,,,,,0.0,,0.0,,,,,,,,,,,,,,,,,,,,,,,,,,,,,,,,,,,,,0.0,,0.0,,,,,,,,,,,,,,,,,,,,,,,,,,,,,,,,,,,,,,,
United States Pacific Islands (Shift),2004,,,,,,,,,,,,,,,,,,,,0.0,,0.0,,,,,,,,,,,,,,,,,,,,,,,,,0.0,,0.0,,,,,,,,,,,,,,,,,,,,,,,,,,,,,,,,,,,,,0.0,,0.0,,,,,,,,,,,,,,,,,,,,,,,,,,,,,,,,,,,,,,,
United States Pacific Islands (Shift),2005,,,,,,,,,,,,,,,,,,,,0.0,,0.0,,,,,,,,,,,,,,,,,,,,,,,,,0.0,,0.0,,,,,,,,,,,,,,,,,,,,,,,,,,,,,,,,,,,,,0.0,,0.0,,,,,,,,,,,,,,,,,,,,,,,,,,,,,,,,,,,,,,,
United States Pacific Islands (Shift),2006,,,,,,,,,,,,,,,,,,,,0.0,,0.0,,,,,,,,,,,,,,,,,,,,,,,,,0.0,,0.0,,,,,,,,,,,,,,,,,,,,,,,,,,,,,,,,,,,,,0.0,,0.0,,,,,,,,,,,,,,,,,,,,,,,,,,,,,,,,,,,,,,,
United States Pacific Islands (Shift),2007,,,,,,,,,,,,,,,,,,,,0.0,,0.0,,,,,,,,,,,,,,,,,,,,,,,,,0.0,,0.0,,,,,,,,,,,,,,,,,,,,,,,,,,,,,,,,,,,,,0.0,,0.0,,,,,,,,,,,,,,,,,,,,,,,,,,,,,,,,,,,,,,,
United States Pacific Islands (Shift),2008,,,,,,,,,,,,,,,,,,,,0.0,,0.0,,,,,,,,,,,,,,,,,,,,,,,,,0.0,,0.0,,,,,,,,,,,,,,,,,,,,,,,,,,,,,,,,,,,,,0.0,,0.0,,,,,,,,,,,,,,,,,,,,,,,,,,,,,,,,,,,,,,,
United States Pacific Islands (Shift),2009,,,,,,,,,,,,,,,,,,,,0.0,,0.0,,,,,,,,,,,,,,,,,,,,,,,,,0.0,,0.0,,,,,,,,,,,,,,,,,,,,,,,,,,,,,,,,,,,,,0.0,,0.0,,,,,,,,,,,,,,,,,,,,,,,,,,,,,,,,,,,,,,,
United States Pacific Islands (Shift),2010,,,,,,,,,,,,,,,,,,,,0.0,,0.0,,,,,,,,,,,,,,,,,,,,,,,,,0.0,,0.0,,,,,,,,,,,,,,,,,,,,,,,,,,,,,,,,,,,,,0.0,,0.0,,,,,,,,,,,,,,,,,,,,,,,,,,,,,,,,,,,,,,,
United States Pacific Islands (Shift),2011,,,,,,,,,,,,,,,,,,,,0.0,,0.0,,,,,,,,,,,,,,,,,,,,,,,,,0.0,,0.0,,,,,,,,,,,,,,,,,,,,,,,,,,,,,,,,,,,,,0.0,,0.0,,,,,,,,,,,,,,,,,,,,,,,,,,,,,,,,,,,,,,,
United States Pacific Islands (Shift),2012,,,,,,,,,,,,,,,,,,,,0.0,,0.0,,,,,,,,,,,,,,,,,,,,,,,,,0.0,,0.0,,,,,,,,,,,,,,,,,,,,,,,,,,,,,,,,,,,,,0.0,,0.0,,,,,,,,,,,,,,,,,,,,,,,,,,,,,,,,,,,,,,,
United States Pacific Islands (Shift),2013,,,,,,,,,,,,,,,,,,,,0.0,,0.0,,,,,,,,,,,,,,,,,,,,,,,,,0.0,,0.0,,,,,,,,,,,,,,,,,,,,,,,,,,,,,,,,,,,,,0.0,,0.0,,,,,,,,,,,,,,,,,,,,,,,,,,,,,,,,,,,,,,,
United States Pacific Islands (Shift),2014,,,,,,,,,,,,,,,,,,,,0.0,,0.0,,,,,,,,,,,,,,,,,,,,,,,,,0.0,,0.0,,,,,,,,,,,,,,,,,,,,,,,,,,,,,,,,,,,,,0.0,,0.0,,,,,,,,,,,,,,,,,,,,,,,,,,,,,,,,,,,,,,,
United States Pacific Islands (Shift),2015,,,,,,,,,,,,,,,,,,,,0.0,,0.0,,,,,,,,,,,,,,,,,,,,,,,,,0.0,,0.0,,,,,,,,,,,,,,,,,,,,,,,,,,,,,,,,,,,,,0.0,,0.0,,,,,,,,,,,,,,,,,,,,,,,,,,,,,,,,,,,,,,,
United States Pacific Islands (Shift),2016,,,,,,,,,,,,,,,,,,,,0.0,,0.0,,,,,,,,,,,,,,,,,,,,,,,,,0.0,,0.0,,,,,,,,,,,,,,,,,,,,,,,,,,,,,,,,,,,,,0.0,,0.0,,,,,,,,,,,,,,,,,,,,,,,,,,,,,,,,,,,,,,,
United States Territories (Shift),1980,,,,,,,,,,,,,,,,,,,,,,0.0,,,,,,,,,,,,,,,,,,,,,,,,,,,0.0,,,,,,,,,,,,,,,,,,,,,,,,,,,,,,,,,,,,,,,0.0,,,,,,,,,,,,,,,,,,,,,,,,,,,,,,,,,,,,,,,
United States Territories (Shift),1981,,,,,,,,,,,,,,,,,,,,0.0,,0.0,,,,,,,,,,,,,,,,,,,,,,,,,0.0,,0.0,,,,,,,,,,,,,,,,,,,,,,,,,,,,,,,,,,,,,0.0,,0.0,,,,,,,,,,,,,,,,,,,,,,,,,,,,,,,,,,,,,,,
United States Territories (Shift),1982,,,,,,,,,,,,,,,,,,,,0.0,,0.0,,,,,,,,,,,,,,,,,,,,,,,,,0.0,,0.0,,,,,,,,,,,,,,,,,,,,,,,,,,,,,,,,,,,,,0.0,,0.0,,,,,,,,,,,,,,,,,,,,,,,,,,,,,,,,,,,,,,,
United States Territories (Shift),1983,,,,,,,,,,,,,,,,,,,,0.0,,0.0,,,,,,,,,,,,,,,,,,,,,,,,,0.0,,0.0,,,,,,,,,,,,,,,,,,,,,,,,,,,,,,,,,,,,,0.0,,0.0,,,,,,,,,,,,,,,,,,,,,,,,,,,,,,,,,,,,,,,
United States Territories (Shift),1984,,,,,,,,,,,,,,,,,,,,0.0,,0.0,,,,,,,,,,,,,,,,,,,,,,,,,0.0,,0.0,,,,,,,,,,,,,,,,,,,,,,,,,,,,,,,,,,,,,0.0,,0.0,,,,,,,,,,,,,,,,,,,,,,,,,,,,,,,,,,,,,,,
United States Territories (Shift),1985,,,,,,,,,,,,,,,,,,,,0.0,,0.0,,,,,,,,,,,,,,,,,,,,,,,,,0.0,,0.0,,,,,,,,,,,,,,,,,,,,,,,,,,,,,,,,,,,,,0.0,,0.0,,,,,,,,,,,,,,,,,,,,,,,,,,,,,,,,,,,,,,,
United States Territories (Shift),1986,,,,,,,,,,,,,,,,,,,,0.0,,0.0,,,,,,,,,,,,,,,,,,,,,,,,,0.0,,0.0,,,,,,,,,,,,,,,,,,,,,,,,,,,,,,,,,,,,,0.0,,0.0,,,,,,,,,,,,,,,,,,,,,,,,,,,,,,,,,,,,,,,
United States Territories (Shift),1987,,,,,,,,,,,,,,,,,,,,0.0,,0.0,,,,,,,,,,,,,,,,,,,,,,,,,0.0,,0.0,,,,,,,,,,,,,,,,,,,,,,,,,,,,,,,,,,,,,0.0,,0.0,,,,,,,,,,,,,,,,,,,,,,,,,,,,,,,,,,,,,,,
United States Territories (Shift),1988,,,,,,,,,,,,,,,,,,,,0.0,,0.0,,,,,,,,,,,,,,,,,,,,,,,,,0.0,,0.0,,,,,,,,,,,,,,,,,,,,,,,,,,,,,,,,,,,,,0.0,,0.0,,,,,,,,,,,,,,,,,,,,,,,,,,,,,,,,,,,,,,,
United States Territories (Shift),1989,,,,,,,,,,,,,,,,,,,,0.0,,0.0,,,,,,,,,,,,,,,,,,,,,,,,,0.0,,0.0,,,,,,,,,,,,,,,,,,,,,,,,,,,,,,,,,,,,,0.0,,0.0,,,,,,,,,,,,,,,,,,,,,,,,,,,,,,,,,,,,,,,
United States Territories (Shift),1990,,,,,,,,,,,,,,,,,,,,0.0,,0.0,,,,,,,,,,,,,,,,,,,,,,,,,0.0,,0.0,,,,,,,,,,,,,,,,,,,,,,,,,,,,,,,,,,,,,0.0,,0.0,,,,,,,,,,,,,,,,,,,,,,,,,,,,,,,,,,,,,,,
United States Territories (Shift),1991,,,,,,,,,,,,,,,,,,,,0.0,,0.0,,,,,,,,,,,,,,,,,,,,,,,,,0.0,,0.0,,,,,,,,,,,,,,,,,,,,,,,,,,,,,,,,,,,,,0.0,,0.0,,,,,,,,,,,,,,,,,,,,,,,,,,,,,,,,,,,,,,,
United States Territories (Shift),1992,,,,,,,,,,,,,,,,,,,,0.0,,0.0,,,,,,,,,,,,,,,,,,,,,,,,,0.0,,0.0,,,,,,,,,,,,,,,,,,,,,,,,,,,,,,,,,,,,,0.0,,0.0,,,,,,,,,,,,,,,,,,,,,,,,,,,,,,,,,,,,,,,
United States Territories (Shift),1993,,,,,,,,,,,,,,,,,,,,0.0,,0.0,,,,,,,,,,,,,,,,,,,,,,,,,0.0,,0.0,,,,,,,,,,,,,,,,,,,,,,,,,,,,,,,,,,,,,0.0,,0.0,,,,,,,,,,,,,,,,,,,,,,,,,,,,,,,,,,,,,,,
United States Territories (Shift),1994,,,,,,,,,,,,,,,,,,,,0.0,,0.0,,,,,,,,,,,,,,,,,,,,,,,,,0.0,,0.0,,,,,,,,,,,,,,,,,,,,,,,,,,,,,,,,,,,,,0.0,,0.0,,,,,,,,,,,,,,,,,,,,,,,,,,,,,,,,,,,,,,,
United States Territories (Shift),1995,,,,,,,,,,,,,,,,,,,,0.0,,0.0,,,,,,,,,,,,,,,,,,,,,,,,,0.0,,0.0,,,,,,,,,,,,,,,,,,,,,,,,,,,,,,,,,,,,,0.0,,0.0,,,,,,,,,,,,,,,,,,,,,,,,,,,,,,,,,,,,,,,
United States Territories (Shift),1996,,,,,,,,,,,,,,,,,,,,0.0,,0.0,,,,,,,,,,,,,,,,,,,,,,,,,0.0,,0.0,,,,,,,,,,,,,,,,,,,,,,,,,,,,,,,,,,,,,0.0,,0.0,,,,,,,,,,,,,,,,,,,,,,,,,,,,,,,,,,,,,,,
United States Territories (Shift),1997,,,,,,,,,,,,,,,,,,,,0.0,,0.0,,,,,,,,,,,,,,,,,,,,,,,,,0.0,,0.0,,,,,,,,,,,,,,,,,,,,,,,,,,,,,,,,,,,,,0.0,,0.0,,,,,,,,,,,,,,,,,,,,,,,,,,,,,,,,,,,,,,,
United States Territories (Shift),1998,,,,,,,,,,,,,,,,,,,,0.0,,0.0,,,,,,,,,,,,,,,,,,,,,,,,,0.0,,0.0,,,,,,,,,,,,,,,,,,,,,,,,,,,,,,,,,,,,,0.0,,0.0,,,,,,,,,,,,,,,,,,,,,,,,,,,,,,,,,,,,,,,
United States Territories (Shift),1999,,,,,,,,,,,,,,,,,,,,0.0,,0.0,,,,,,,,,,,,,,,,,,,,,,,,,0.0,,0.0,,,,,,,,,,,,,,,,,,,,,,,,,,,,,,,,,,,,,0.0,,0.0,,,,,,,,,,,,,,,,,,,,,,,,,,,,,,,,,,,,,,,
United States Territories (Shift),2000,,,,,,,,,,,,,,,,,,,,0.0,,0.0,,,,,,,,,,,,,,,,,,,,,,,,,0.0,,0.0,,,,,,,,,,,,,,,,,,,,,,,,,,,,,,,,,,,,,0.0,,0.0,,,,,,,,,,,,,,,,,,,,,,,,,,,,,,,,,,,,,,,
United States Territories (Shift),2001,,,,,,,,,,,,,,,,,,,,0.0,,0.0,,,,,,,,,,,,,,,,,,,,,,,,,0.0,,0.0,,,,,,,,,,,,,,,,,,,,,,,,,,,,,,,,,,,,,0.0,,0.0,,,,,,,,,,,,,,,,,,,,,,,,,,,,,,,,,,,,,,,
United States Territories (Shift),2002,,,,,,,,,,,,,,,,,,,,0.0,,0.0,,,,,,,,,,,,,,,,,,,,,,,,,0.0,,0.0,,,,,,,,,,,,,,,,,,,,,,,,,,,,,,,,,,,,,0.0,,0.0,,,,,,,,,,,,,,,,,,,,,,,,,,,,,,,,,,,,,,,
United States Territories (Shift),2003,,,,,,,,,,,,,,,,,,,,0.0,,0.0,,,,,,,,,,,,,,,,,,,,,,,,,0.0,,0.0,,,,,,,,,,,,,,,,,,,,,,,,,,,,,,,,,,,,,0.0,,0.0,,,,,,,,,,,,,,,,,,,,,,,,,,,,,,,,,,,,,,,
United States Territories (Shift),2004,,,,,,,,,,,,,,,,,,,,0.0,,0.0,,,,,,,,,,,,,,,,,,,,,,,,,0.0,,0.0,,,,,,,,,,,,,,,,,,,,,,,,,,,,,,,,,,,,,0.0,,0.0,,,,,,,,,,,,,,,,,,,,,,,,,,,,,,,,,,,,,,,
United States Territories (Shift),2005,,,,,,,,,,,,,,,,,,,,0.0,,0.0,,,,,,,,,,,,,,,,,,,,,,,,,0.0,,0.0,,,,,,,,,,,,,,,,,,,,,,,,,,,,,,,,,,,,,0.0,,0.0,,,,,,,,,,,,,,,,,,,,,,,,,,,,,,,,,,,,,,,
United States Territories (Shift),2006,,,,,,,,,,,,,,,,,,,,0.0,,0.0,,,,,,,,,,,,,,,,,,,,,,,,,0.0,,0.0,,,,,,,,,,,,,,,,,,,,,,,,,,,,,,,,,,,,,0.0,,0.0,,,,,,,,,,,,,,,,,,,,,,,,,,,,,,,,,,,,,,,
United States Territories (Shift),2007,,,,,,,,,,,,,,,,,,,,0.0,,0.0,,,,,,,,,,,,,,,,,,,,,,,,,0.0,,0.0,,,,,,,,,,,,,,,,,,,,,,,,,,,,,,,,,,,,,0.0,,0.0,,,,,,,,,,,,,,,,,,,,,,,,,,,,,,,,,,,,,,,
United States Territories (Shift),2008,,,,,,,,,,,,,,,,,,,,0.0,,0.0,,,,,,,,,,,,,,,,,,,,,,,,,0.0,,0.0,,,,,,,,,,,,,,,,,,,,,,,,,,,,,,,,,,,,,0.0,,0.0,,,,,,,,,,,,,,,,,,,,,,,,,,,,,,,,,,,,,,,
United States Territories (Shift),2009,,,,,,,,,,,,,,,,,,,,0.0,,0.0,,,,,,,,,,,,,,,,,,,,,,,,,0.0,,0.0,,,,,,,,,,,,,,,,,,,,,,,,,,,,,,,,,,,,,0.0,,0.0,,,,,,,,,,,,,,,,,,,,,,,,,,,,,,,,,,,,,,,
United States Territories (Shift),2010,,,,,,,,,,,,,,,,,,,,0.0,,0.0,,,,,,,,,,,,,,,,,,,,,,,,,0.0,,0.0,,,,,,,,,,,,,,,,,,,,,,,,,,,,,,,,,,,,,0.0,,0.0,,,,,,,,,,,,,,,,,,,,,,,,,,,,,,,,,,,,,,,
United States Territories (Shift),2011,,,,,,,,,,,,,,,,,,,,0.0,,0.0,,,,,,,,,,,,,,,,,,,,,,,,,0.0,,0.0,,,,,,,,,,,,,,,,,,,,,,,,,,,,,,,,,,,,,0.0,,0.0,,,,,,,,,,,,,,,,,,,,,,,,,,,,,,,,,,,,,,,
United States Territories (Shift),2012,,,,,,,,,,,,,,,,,,,,0.0,,0.0,,,,,,,,,,,,,,,,,,,,,,,,,0.0,,0.0,,,,,,,,,,,,,,,,,,,,,,,,,,,,,,,,,,,,,0.0,,0.0,,,,,,,,,,,,,,,,,,,,,,,,,,,,,,,,,,,,,,,
United States Territories (Shift),2013,,,,,,,,,,,,,,,,,,,,0.0,,0.0,,,,,,,,,,,,,,,,,,,,,,,,,0.0,,0.0,,,,,,,,,,,,,,,,,,,,,,,,,,,,,,,,,,,,,0.0,,0.0,,,,,,,,,,,,,,,,,,,,,,,,,,,,,,,,,,,,,,,
United States Territories (Shift),2014,,,,,,,,,,,,,,,,,,,,0.0,,0.0,,,,,,,,,,,,,,,,,,,,,,,,,0.0,,0.0,,,,,,,,,,,,,,,,,,,,,,,,,,,,,,,,,,,,,0.0,,0.0,,,,,,,,,,,,,,,,,,,,,,,,,,,,,,,,,,,,,,,
United States Territories (Shift),2015,,,,,,,,,,,,,,,,,,,,0.0,,0.0,,,,,,,,,,,,,,,,,,,,,,,,,0.0,,0.0,,,,,,,,,,,,,,,,,,,,,,,,,,,,,,,,,,,,,0.0,,0.0,,,,,,,,,,,,,,,,,,,,,,,,,,,,,,,,,,,,,,,
United States Territories (Shift),2016,,,,,,,,,,,,,,,,,,,,0.0,,0.0,,,,,,,,,,,,,,,,,,,,,,,,,0.0,,0.0,,,,,,,,,,,,,,,,,,,,,,,,,,,,,,,,,,,,,0.0,,0.0,,,,,,,,,,,,,,,,,,,,,,,,,,,,,,,,,,,,,,,
United States Virgin Islands,1980,VIR,96654.0,,,,,,,,,,,,,,,,,,,0.0,0.0,,,,,,,,129300.609,,,,,,,,,,,,,,,,,,0.0,0.0,,,,,,,,,,,,,,,,,,,,,,,,,,,,,,,,,,,,,,0.0,0.0,,,,,,,,,,,,,,,12.497,,,,,,,,,,,,,,,,,,,,,,,,
United States Virgin Islands,1981,VIR,98168.0,,,,,,,,,,,,,,,,,,0.0,0.0,0.0,,,,,,-0.273,-0.034,126958.641,,,,,,,,,,,,,,,,,0.0,0.0,0.0,,,,,,,,,,,,,,,,,,,,,,,,,,,,,,,,,,,,,0.0,0.0,0.0,,,,,,,,,,,,,,,12.463,,,,,,,,,,,,,,,,,,,,,,,,
United States Virgin Islands,1982,VIR,99412.0,,,,,,,,,,,,,,,,,,0.0,0.0,0.0,,,,,,0.0,0.0,125369.938,,,,,,,,,,,,,,,,,0.0,0.0,0.0,,,,,,,,,,,,,,,,,,,,,,,,,,,,,,,,,,,,,0.0,0.0,0.0,,,,,,,,,,,,,,,12.463,,,,,,,,,,,,,,,,,,,,,,,,
United States Virgin Islands,1983,VIR,100557.0,,,,,,,,,,,,,,,,,,0.0,0.0,0.0,,,,,,0.0,0.0,123942.398,,,,,,,,,,,,,,,,,0.0,0.0,0.0,,,,,,,,,,,,,,,,,,,,,,,,,,,,,,,,,,,,,0.0,0.0,0.0,,,,,,,,,,,,,,,12.463,,,,,,,,,,,,,,,,,,,,,,,,
United States Virgin Islands,1984,VIR,101460.0,,,,,,,,,,,,,,,,,,0.0,0.0,0.0,,,,,,0.274,0.034,123175.844,,,,,,,,,,,,,,,,,0.0,0.0,0.0,,,,,,,,,,,,,,,,,,,,,,,,,,,,,,,,,,,,,0.0,0.0,0.0,,,,,,,,,,,,,,,12.497,,,,,,,,,,,,,,,,,,,,,,,,
United States Virgin Islands,1985,VIR,101923.0,,,,,,,,,,,,,,,,,,0.0,0.0,0.0,,,,,,-0.273,-0.034,122281.289,,,,,,,,,,,,,,,,,0.0,0.0,0.0,,,,,,,,,,,,,,,,,,,,,,,,,,,,,,,,,,,,,0.0,0.0,0.0,,,,,,,,,,,,,,,12.463,,,,,,,,,,,,,,,,,,,,,,,,
United States Virgin Islands,1986,VIR,101934.0,,,,,,,,,,,,,,,,,,0.0,0.0,0.0,,,,,,0.0,0.0,122268.094,,,,,,,,,,,,,,,,,0.0,0.0,0.0,,,,,,,,,,,,,,,,,,,,,,,,,,,,,,,,,,,,,0.0,0.0,0.0,,,,,,,,,,,,,,,12.463,,,,,,,,,,,,,,,,,,,,,,,,
United States Virgin Islands,1987,VIR,101593.0,,,,,,,,,,,,,,,,,,0.0,0.0,0.0,,,,,,0.41,0.051,123181.609,,,,,,,,,,,,,,,,,0.0,0.0,0.0,,,,,,,,,,,,,,,,,,,,,,,,,,,,,,,,,,,,,0.0,0.0,0.0,,,,,,,,,,,,,,,12.514,,,,,,,,,,,,,,,,,,,,,,,,
United States Virgin Islands,1988,VIR,101129.0,,,,,,,,,,,,,,,,,,0.0,0.0,0.0,,,,,,-2.23,-0.279,120986.867,,,,,,,,,,,,,,,,,0.0,0.0,0.0,,,,,,,,,,,,,,,,,,,,,,,,,,,,,,,,,,,,,0.0,0.0,0.0,,,,,,,,,,,,,,,12.235,,,,,,,,,,,,,,,,,,,,,,,,
United States Virgin Islands,1989,VIR,100760.0,,,,,,,,,,,,,,,,,,0.0,0.0,0.0,,,,,,-0.393,-0.048,120952.609,,,,,,,,,,,,,,,,,0.0,0.0,0.0,,,,,,,,,,,,,,,,,,,,,,,,,,,,,,,,,,,,,0.0,0.0,0.0,,,,,,,,,,,,,,,12.187,,,,,,,,,,,,,,,,,,,,,,,,
United States Virgin Islands,1990,VIR,100699.0,,,,,,,,,,,,,,,,,,0.0,0.0,0.0,,,,,,-0.094,-0.011,120911.766,,,,,,,,,,,,,,,,,0.0,0.0,0.0,,,,,,,,,,,,,,,,,,,,,,,,,,,,,,,,,,,,,0.0,0.0,0.0,,,,,,,,,,,,,,,12.176,,,,,,,,,,,,,,,,,,,,,,,,
United States Virgin Islands,1991,VIR,100991.0,,,,,,,,,,,,,,,,,,0.0,0.0,0.0,,,,,,0.518,0.063,121186.633,,,,,,,,,,,,,,,,,0.0,0.0,0.0,,,,,,,,,,,,,,,,,,,,,,,,,,,,,,,,,,,,,0.0,0.0,0.0,,,,,,,,,,,,,,,12.239,,,,,,,,,,,,,,,,,,,,,,,,
United States Virgin Islands,1992,VIR,101546.0,,,,,,,,,,,,,,,,,,0.0,0.0,0.0,,,,,,1.417,0.173,122232.094,,,,,,,,,,,,,,,,,0.0,0.0,0.0,,,,,,,,,,,,,,,,,,,,,,,,,,,,,,,,,,,,,0.0,0.0,0.0,,,,,,,,,,,,,,,12.412,,,,,,,,,,,,,,,,,,,,,,,,
United States Virgin Islands,1993,VIR,102157.0,,,,,,,,,,,,,,,,,,0.0,0.0,0.0,,,,,,1.54,0.191,123372.18,,,,,,,,,,,,,,,,,0.0,0.0,0.0,,,,,,,,,,,,,,,,,,,,,,,,,,,,,,,,,,,,,0.0,0.0,0.0,,,,,,,,,,,,,,,12.603,,,,,,,,,,,,,,,,,,,,,,,,
United States Virgin Islands,1994,VIR,102653.0,,,,,,,,,,,,,,,,,,0.0,0.0,0.0,,,,,,-2.732,-0.344,119421.938,,,,,,,,,,,,,,,,,0.0,0.0,0.0,,,,,,,,,,,,,,,,,,,,,,,,,,,,,,,,,,,,,0.0,0.0,0.0,,,,,,,,,,,,,,,12.259,,,,,,,,,,,,,,,,,,,,,,,,
United States Virgin Islands,1995,VIR,103468.0,,,,,,,,,,,,,,,,,,0.0,0.0,0.0,,,,,,-1.36,-0.167,116870.031,,,,,,,,,,,,,,,,,0.0,0.0,0.0,,,,,,,,,,,,,,,,,,,,,,,,,,,,,,,,,,,,,0.0,0.0,0.0,,,,,,,,,,,,,,,12.092,,,,,,,,,,,,,,,,,,,,,,,,
United States Virgin Islands,1996,VIR,104648.0,,,,,,,,,,,,,,,,,,0.0,0.0,0.0,,,,,,-1.162,-0.141,114209.406,,,,,,,,,,,,,,,,,0.0,0.0,0.0,,,,,,,,,,,,,,,,,,,,,,,,,,,,,,,,,,,,,0.0,0.0,0.0,,,,,,,,,,,,,,,11.952,,,,,,,,,,,,,,,,,,,,,,,,
United States Virgin Islands,1997,VIR,105801.0,,,,,,,,,,,,,,,,,,0.0,0.0,0.0,,,,,,-0.207,-0.025,112730.516,,,,,,,,,,,,,,,,,0.0,0.0,0.0,,,,,,,,,,,,,,,,,,,,,,,,,,,,,,,,,,,,,0.0,0.0,0.0,,,,,,,,,,,,,,,11.927,,,,,,,,,,,,,,,,,,,,,,,,
United States Virgin Islands,1998,VIR,106879.0,,,,,,,,,,,,,,,,,,0.0,0.0,0.0,,,,,,0.274,0.033,111899.016,,,,,,,,,,,,,,,,,0.0,0.0,0.0,,,,,,,,,,,,,,,,,,,,,,,,,,,,,,,,,,,,,0.0,0.0,0.0,,,,,,,,,,,,,,,11.96,,,,,,,,,,,,,,,,,,,,,,,,
United States Virgin Islands,1999,VIR,107842.0,,,,,,,,,,,,,,,,,,0.0,0.0,0.0,,,,,,2.87,0.343,114082.367,,,,,,,,,,,,,,,,,0.0,0.0,0.0,,,,,,,,,,,,,,,,,,,,,,,,,,,,,,,,,,,,,0.0,0.0,0.0,,,,,,,,,,,,,,,12.303,,,,,,,,,,,,,,,,,,,,,,,,
United States Virgin Islands,2000,VIR,108199.0,,,,,,0.0,0.0,0.0,,696.078,,,,,0.0,0.0,,0.0,0.0,0.0,0.0,,1.02,1.02,,216.373,26.62,359735.062,,,,9427.074,1.02,,,100.0,,,,,0.0,0.0,,,0.0,0.0,0.0,0.0,,0.71,,,,0.0,0.0,,0.0,,,,,0.0,0.0,,0.0,,0.0,0.0,,,,0.0,0.0,,0.0,,,,,9427.074,1.02,,,0.0,0.0,0.0,100.0,,,0.0,0.0,,,0.0,0.0,,0.0,0.0,,9427.074,38.923,,,,0.0,0.0,,0.0,,,,,0.0,0.0,,0.0,,,,,0.0,0.0,,0.0,
United States Virgin Islands,2001,VIR,108019.0,,,,,,0.0,0.0,0.0,,701.031,,,,,0.0,0.0,,0.0,0.0,0.0,0.0,,0.97,0.97,,44.749,17.418,521581.844,,,,8979.901,0.97,,,100.0,,,,,0.0,0.0,,,0.0,0.0,0.0,0.0,,0.68,,,,0.0,0.0,,0.0,,,,,0.0,0.0,,0.0,,0.0,0.0,,,,0.0,0.0,,0.0,,,,,8979.901,0.97,,,0.0,0.0,0.0,100.0,,,0.0,0.0,,,0.0,0.0,,0.0,0.0,,8979.901,56.341,,,,0.0,0.0,,0.0,,,,,0.0,0.0,,0.0,,,,,0.0,0.0,,0.0,
United States Virgin Islands,2002,VIR,107742.0,,,,,,0.0,0.0,0.0,,704.082,,,,,0.0,0.0,,0.0,0.0,0.0,0.0,,0.98,0.98,,-1.052,-0.593,517419.844,,,,9095.803,0.98,,,100.0,,,,,0.0,0.0,,,0.0,0.0,0.0,0.0,,0.69,,,,0.0,0.0,,0.0,,,,,0.0,0.0,,0.0,,0.0,0.0,,,,0.0,0.0,,0.0,,,,,9095.803,0.98,,,0.0,0.0,0.0,100.0,,,0.0,0.0,,,0.0,0.0,,0.0,0.0,,9095.803,55.748,,,,0.0,0.0,,0.0,,,,,0.0,0.0,,0.0,,,,,0.0,0.0,,0.0,
United States Virgin Islands,2003,VIR,107303.0,,,,,,0.0,0.0,0.0,,704.082,,,,,0.0,0.0,,0.0,0.0,0.0,0.0,,0.98,0.98,,17.752,9.896,611765.812,,,,9133.016,0.98,,,100.0,,,,,0.0,0.0,,,0.0,0.0,0.0,0.0,,0.69,,,,0.0,0.0,,0.0,,,,,0.0,0.0,,0.0,,0.0,0.0,,,,0.0,0.0,,0.0,,,,,9133.016,0.98,,,0.0,0.0,0.0,100.0,,,0.0,0.0,,,0.0,0.0,,0.0,0.0,,9133.016,65.644,,,,0.0,0.0,,0.0,,,,,0.0,0.0,,0.0,,,,,0.0,0.0,,0.0,
United States Virgin Islands,2004,VIR,106758.0,,,,,,0.0,0.0,0.0,,696.97,,,,,0.0,0.0,,0.0,0.0,0.0,0.0,,0.99,0.99,,2.524,1.657,630411.375,,,,9273.31,0.99,,,100.0,,,,,0.0,0.0,,,0.0,0.0,0.0,0.0,,0.69,,,,0.0,0.0,,0.0,,,,,0.0,0.0,,0.0,,0.0,0.0,,,,0.0,0.0,,0.0,,,,,9273.31,0.99,,,0.0,0.0,0.0,100.0,,,0.0,0.0,,,0.0,0.0,,0.0,0.0,,9273.31,67.301,,,,0.0,0.0,,0.0,,,,,0.0,0.0,,0.0,,,,,0.0,0.0,,0.0,
United States Virgin Islands,2005,VIR,106499.0,,,,,,0.0,0.0,0.0,,705.882,,,,,0.0,0.0,,0.0,0.0,0.0,0.0,,0.85,0.85,,-2.182,-1.468,618156.688,,,,7981.295,0.85,,,100.0,,,,,0.0,0.0,,,0.0,0.0,0.0,0.0,,0.6,,,,0.0,0.0,,0.0,,,,,0.0,0.0,,0.0,,0.0,0.0,,,,0.0,0.0,,0.0,,,,,7981.295,0.85,,,0.0,0.0,0.0,100.0,,,0.0,0.0,,,0.0,0.0,,0.0,0.0,,7981.295,65.833,,,,0.0,0.0,,0.0,,,,,0.0,0.0,,0.0,,,,,0.0,0.0,,0.0,
United States Virgin Islands,2006,VIR,106531.0,,,,,,0.0,0.0,0.0,,697.674,,,,,0.0,0.0,,0.0,0.0,0.0,0.0,,0.86,0.86,,6.403,4.215,657539.188,,,,8072.768,0.86,,,100.0,,,,,0.0,0.0,,,0.0,0.0,0.0,0.0,,0.6,,,,0.0,0.0,,0.0,,,,,0.0,0.0,,0.0,,0.0,0.0,,,,0.0,0.0,,0.0,,,,,8072.768,0.86,,,0.0,0.0,0.0,100.0,,,0.0,0.0,,,0.0,0.0,,0.0,0.0,,8072.768,70.048,,,,0.0,0.0,,0.0,,,,,0.0,0.0,,0.0,,,,,0.0,0.0,,0.0,
United States Virgin Islands,2007,VIR,106524.0,,,,,,0.0,0.0,0.0,,701.149,,,,,0.0,0.0,,0.0,0.0,0.0,0.0,,0.87,0.87,,-6.647,-4.656,613870.812,,,,8167.174,0.87,,,100.0,,,,,0.0,0.0,,,0.0,0.0,0.0,0.0,,0.61,,,,0.0,0.0,,0.0,,,,,0.0,0.0,,0.0,,0.0,0.0,,,,0.0,0.0,,0.0,,,,,8167.174,0.87,,,0.0,0.0,0.0,100.0,,,0.0,0.0,,,0.0,0.0,,0.0,0.0,,8167.174,65.392,,,,0.0,0.0,,0.0,,,,,0.0,0.0,,0.0,,,,,0.0,0.0,,0.0,
United States Virgin Islands,2008,VIR,106493.0,,,,,,0.0,0.0,0.0,,702.381,,,,,0.0,0.0,,0.0,0.0,0.0,0.0,,0.84,0.84,,-42.046,-27.494,355868.812,,,,7887.842,0.84,,,100.0,,,,,0.0,0.0,,,0.0,0.0,0.0,0.0,,0.59,,,,0.0,0.0,,0.0,,,,,0.0,0.0,,0.0,,0.0,0.0,,,,0.0,0.0,,0.0,,,,,7887.842,0.84,,,0.0,0.0,0.0,100.0,,,0.0,0.0,,,0.0,0.0,,0.0,0.0,,7887.842,37.898,,,,0.0,0.0,,0.0,,,,,0.0,0.0,,0.0,,,,,0.0,0.0,,0.0,
United States Virgin Islands,2009,VIR,106476.0,,,,,,0.0,0.0,0.0,,701.149,,,,,0.0,0.0,,0.0,0.0,0.0,0.0,,0.87,0.87,,-12.712,-4.817,310681.125,,,,8170.855,0.87,,,100.0,,,,,0.0,0.0,,,0.0,0.0,0.0,0.0,,0.61,,,,0.0,0.0,,0.0,,,,,0.0,0.0,,0.0,,0.0,0.0,,,,0.0,0.0,,0.0,,,,,8170.855,0.87,,,0.0,0.0,0.0,100.0,,,0.0,0.0,,,0.0,0.0,,0.0,0.0,,8170.855,33.08,,,,0.0,0.0,,0.0,,,,,0.0,0.0,,0.0,,,,,0.0,0.0,,0.0,
United States Virgin Islands,2010,VIR,106154.0,,,,,,0.0,0.0,0.0,,695.122,,,,,0.0,0.0,,0.0,0.0,0.0,0.0,,0.82,0.82,,-9.519,-3.149,281959.75,,,,7724.626,0.82,,,100.0,,,,,0.0,0.0,,,0.0,0.0,0.0,0.0,,0.57,,,,0.0,0.0,,0.0,,,,,0.0,0.0,,0.0,,0.0,0.0,,,,0.0,0.0,,0.0,,,,,7724.626,0.82,,,0.0,0.0,0.0,100.0,,,0.0,0.0,,,0.0,0.0,,0.0,0.0,,7724.626,29.931,,,,0.0,0.0,,0.0,,,,,0.0,0.0,,0.0,,,,,0.0,0.0,,0.0,
United States Virgin Islands,2011,VIR,105491.0,,,,,,0.0,0.0,0.0,,696.203,,,,,0.0,0.0,,0.0,0.0,0.0,0.0,,0.79,0.79,,-33.792,-10.114,187854.5,,,,7488.791,0.79,,,100.0,,,,,0.0,0.0,,,0.0,0.0,0.0,0.0,,0.55,,,,0.0,0.0,,0.0,,,,,0.0,0.0,,0.0,,0.0,0.0,,,,0.0,0.0,,0.0,,,,,7488.791,0.79,,,0.0,0.0,0.0,100.0,,,0.0,0.0,,,0.0,0.0,,0.0,0.0,,7488.791,19.817,,,,0.0,0.0,,0.0,,,,,0.0,0.0,,0.0,,,,,0.0,0.0,,0.0,
United States Virgin Islands,2012,VIR,104780.0,,,,,,0.0,0.0,0.0,,705.128,,,,,0.0,0.0,,0.0,0.0,0.0,0.0,,0.78,0.78,,-42.7,-8.462,108371.031,,,,7444.169,0.78,,,100.0,,,,,0.0,0.0,,,0.0,0.0,0.0,0.0,,0.55,,,,0.0,0.0,,0.0,,,,,0.0,0.0,,0.0,,0.0,0.0,,,,0.0,0.0,,0.0,,,,,7444.169,0.78,,,0.0,0.0,0.0,100.0,,,0.0,0.0,,,0.0,0.0,,0.0,0.0,,7444.169,11.355,,,,0.0,0.0,,0.0,,,,,0.0,0.0,,0.0,,,,,0.0,0.0,,0.0,
United States Virgin Islands,2013,VIR,104070.0,,,,,,0.0,0.0,0.0,,698.63,,,,,0.0,0.0,,0.0,0.0,0.0,0.0,,0.73,0.73,,-47.593,-5.404,57181.285,,,,7014.509,0.73,,,100.0,,,,,0.0,0.0,,,0.0,0.0,0.0,0.0,,0.51,,,,0.0,0.0,,0.0,,,,,0.0,0.0,,0.0,,0.0,0.0,,,,0.0,0.0,,0.0,,,,,7014.509,0.73,,,0.0,0.0,0.0,100.0,,,0.0,0.0,,,0.0,0.0,,0.0,0.0,,7014.509,5.951,,,,0.0,0.0,,0.0,,,,,0.0,0.0,,0.0,,,,,0.0,0.0,,0.0,
United States Virgin Islands,2014,VIR,103393.0,,,,,,0.0,0.0,0.0,,685.714,,,,,0.0,0.0,,0.0,0.0,0.0,0.0,,0.7,0.7,,104.376,6.211,117629.797,,,,6673.566,0.69,,,98.571,,,,,0.0,0.0,,,0.0,0.0,0.0,0.0,,0.48,,,,0.0,0.0,,0.0,,,,,96.718,0.01,,1.429,,0.0,0.0,,,,0.0,0.0,,0.0,,,,,6673.566,0.69,,,0.0,0.0,0.0,98.571,,,0.0,0.0,,,0.0,0.0,,0.0,0.0,,6770.284,12.162,,,,96.718,0.01,,1.429,,,,,96.718,0.01,,1.429,,,,,0.0,0.0,,0.0,
United States Virgin Islands,2015,VIR,102808.0,,,,,,0.0,0.0,0.0,,695.652,,,,,0.0,0.0,,0.0,0.0,0.0,0.0,,0.69,0.69,,-0.877,-0.107,117262.195,,,,6614.271,0.68,,,98.551,,,,,0.0,0.0,,,0.0,0.0,0.0,0.0,,0.48,,,,0.0,0.0,,0.0,,,,,97.269,0.01,,1.449,,0.0,0.0,,,,0.0,0.0,,0.0,,,,,6614.271,0.68,,,0.0,0.0,0.0,98.551,,,0.0,0.0,,,0.0,0.0,,0.0,0.0,,6711.54,12.055,,,,97.269,0.01,,1.449,,,,,97.269,0.01,,1.449,,,,,0.0,0.0,,0.0,
United States Virgin Islands,2016,VIR,102330.0,,,,,,0.0,0.0,0.0,,691.177,,,,,0.0,0.0,,0.0,0.0,0.0,0.0,,0.68,0.68,,-17.213,-2.075,97531.43,,,,6547.444,0.67,,,98.529,,,,,0.0,0.0,,,0.0,0.0,0.0,0.0,,0.47,,,,0.0,0.0,,0.0,,,,,97.723,0.01,,1.471,,0.0,0.0,,,,0.0,0.0,,0.0,,,,,6547.444,0.67,,,0.0,0.0,0.0,98.529,,,0.0,0.0,,,0.0,0.0,,0.0,0.0,,6645.167,9.98,,,,97.723,0.01,,1.471,,,,,97.723,0.01,,1.471,,,,,0.0,0.0,,0.0,
United States Virgin Islands,2017,VIR,101860.0,,,,,,0.0,0.0,0.0,,679.245,,,,,0.0,0.0,,,,,0.0,,0.53,0.53,,-0.438,-0.044,97552.562,,,,5105.046,0.52,,,98.113,,,,,0.0,0.0,,,,,,0.0,,0.36,,,,0.0,0.0,,0.0,,,,,98.174,0.01,,1.887,,0.0,0.0,,,,0.0,0.0,,0.0,,,,,5105.046,0.52,,,,,,98.113,,,0.0,0.0,,,0.0,0.0,,0.0,0.0,,5203.22,9.937,,,,98.174,0.01,,1.887,,,,,98.174,0.01,,1.887,,,,,0.0,0.0,,0.0,
United States Virgin Islands,2018,VIR,101377.0,,,,,,0.0,0.0,0.0,,688.525,,,,,0.0,0.0,,,,,0.0,,0.61,0.61,,0.179,0.018,98192.977,,,,5918.502,0.6,,,98.361,,,,,0.0,0.0,,,,,,0.0,,0.42,,,,0.0,0.0,,0.0,,,,,98.642,0.01,,1.639,,0.0,0.0,,,,0.0,0.0,,0.0,,,,,5918.502,0.6,,,,,,98.361,,,0.0,0.0,,,0.0,0.0,,0.0,0.0,,6017.144,9.955,,,,98.642,0.01,,1.639,,,,,98.642,0.01,,1.639,,,,,0.0,0.0,,0.0,
United States Virgin Islands,2019,VIR,100837.0,,,,,,0.0,0.0,0.0,,693.548,,,,,0.0,0.0,,,,,0.0,,0.62,0.62,,-0.008,-0.001,98710.719,,,,6049.367,0.61,,,98.387,,,,,0.0,0.0,,,,,,0.0,,0.43,,,,0.0,0.0,,0.0,,,,,99.17,0.01,,1.613,,0.0,0.0,,,,0.0,0.0,,0.0,,,,,6049.367,0.61,,,,,,98.387,,,0.0,0.0,,,0.0,0.0,,0.0,0.0,,6148.537,9.954,,,,99.17,0.01,,1.613,,,,,99.17,0.01,,1.613,,,,,0.0,0.0,,0.0,
United States Virgin Islands,2020,VIR,100452.0,,,,,,0.0,0.0,0.0,,687.5,,,,,0.0,0.0,,,,,0.0,,0.64,0.64,,-6.579,-0.655,92570.039,,,,6271.652,0.63,,,98.438,,,,,0.0,0.0,,,,,,0.0,,0.44,,,,0.0,0.0,,0.0,,,,,99.55,0.01,,1.562,,0.0,0.0,,,,0.0,0.0,,0.0,,,,,6271.652,0.63,,,,,,98.438,,,0.0,0.0,,,0.0,0.0,,0.0,0.0,,6371.202,9.299,,,,99.55,0.01,,1.562,,,,,99.55,0.01,,1.562,,,,,0.0,0.0,,0.0,
United States Virgin Islands,2021,VIR,100100.0,,,,,,0.0,0.0,0.0,,685.714,,,,,0.0,0.0,,,,,0.0,,0.7,0.7,,5.465,0.508,97972.117,,,,6793.207,0.68,,,97.143,,,,,0.0,0.0,,,,,,0.0,,0.48,,,,0.0,0.0,,0.0,,,,,199.8,0.02,,2.857,,0.0,0.0,,,,0.0,0.0,,0.0,,,,,6793.207,0.68,,,,,,97.143,,,0.0,0.0,,,0.0,0.0,,0.0,0.0,,6993.007,9.807,,,,199.8,0.02,,2.857,,,,,199.8,0.02,,2.857,,,,,0.0,0.0,,0.0,
Upper-middle-income countries,1900,,583201004.0,,,,,,,,,,,,,,,,,,,437.565,255.189,,,,,,,,,,,,,,,,,,,,,,,,,,0.0,0.0,,,,,,,,,,,,,,,,,,,,,,,,,,,,,,,,,,,,,,206.994,120.719,,,,,,,,,,,,,,,,,,,,,,,,,,,,,,,,,,,,,,,
Upper-middle-income countries,1901,,587516595.0,,,,,,,,,,,,,,,,,-22.123,-56.455,338.261,198.734,,,,,,,,,,,,,,,,,,,,,,,,,0.0,0.0,0.0,,,,,,,,,,,,,,,,,,,,,,,,,,,,,,,,,,,,11.802,14.247,229.723,134.966,,,,,,,,,,,,,,,,,,,,,,,,,,,,,,,,,,,,,,,
Upper-middle-income countries,1902,,591936931.0,,,,,,,,,,,,,,,,,2.582,5.132,344.404,203.865,,,,,,,,,,,,,,,,,,,,,,,,,0.0,0.0,0.0,,,,,,,,,,,,,,,,,,,,,,,,,,,,,,,,,,,,-5.032,-6.792,216.534,128.174,,,,,,,,,,,,,,,,,,,,,,,,,,,,,,,,,,,,,,,
Upper-middle-income countries,1903,,596456543.0,,,,,,,,,,,,,,,,,7.691,15.679,368.081,219.544,,,,,,,,,,,,,,,,,,,,,,,,,0.0,0.0,0.0,,,,,,,,,,,,,,,,,,,,,,,,,,,,,,,,,,,,-6.016,-7.711,201.965,120.464,,,,,,,,,,,,,,,,,,,,,,,,,,,,,,,,,,,,,,,
Upper-middle-income countries,1904,,601025792.0,,,,,,,,,,,,,,,,,10.081,22.131,402.105,241.676,,,,,,,,,,,,,,,,,,,,,,,,,0.0,0.0,0.0,,,,,,,,,,,,,,,,,,,,,,,,,,,,,,,,,,,,4.093,4.931,208.634,125.395,,,,,,,,,,,,,,,,,,,,,,,,,,,,,,,,,,,,,,,
Upper-middle-income countries,1905,,605645547.0,,,,,,,,,,,,,,,,,33.064,79.909,530.978,321.584,,,,,,,,,,,,,,,,,,,,,,,,,0.0,0.0,0.0,,,,,,,,,,,,,,,,,,,,,,,,,,,,,,,,,,,,-30.032,-37.658,144.865,87.737,,,,,,,,,,,,,,,,,,,,,,,,,,,,,,,,,,,,,,,
Upper-middle-income countries,1906,,610316677.0,,,,,,,,,,,,,,,,,-1.037,-3.335,521.449,318.249,,,,,,,,,,,,,,,,,,,,,,,,,0.0,0.0,0.0,,,,,,,,,,,,,,,,,,,,,,,,,,,,,,,,,,,,8.894,7.804,156.542,95.54,,,,,,,,,,,,,,,,,,,,,,,,,,,,,,,,,,,,,,,
Upper-middle-income countries,1907,,615040092.0,,,,,,,,,,,,,,,,,12.545,39.924,582.357,358.173,,,,,,,,,,,,,,,,,,,,,,,,,0.0,0.0,0.0,,,,,,,,,,,,,,,,,,,,,,,,,,,,,,,,,,,,7.218,6.897,166.553,102.437,,,,,,,,,,,,,,,,,,,,,,,,,,,,,,,,,,,,,,,
Upper-middle-income countries,1908,,619816715.0,,,,,,,,,,,,,,,,,5.981,21.424,612.434,379.597,,,,,,,,,,,,,,,,,,,,,,,,,0.0,0.0,0.0,,,,,,,,,,,,,,,,,,,,,,,,,,,,,,,,,,,,5.756,5.896,174.783,108.333,,,,,,,,,,,,,,,,,,,,,,,,,,,,,,,,,,,,,,,
Upper-middle-income countries,1909,,625004315.0,,,,,,,,,,,,,,,,,2.156,8.185,620.446,387.781,,,,,,,,,,,,,,,,,,,,,,,,,0.0,0.0,0.0,,,,,,,,,,,,,,,,,,,,,,,,,,,,,,,,,,,,4.852,5.257,181.743,113.59,,,,,,,,,,,,,,,,,,,,,,,,,,,,,,,,,,,,,,,
Upper-middle-income countries,1910,,630617596.0,,,,,,,,,,,,,,,,,18.157,70.411,726.577,458.192,,,,,,,,,,,,,,,,,,,,,,,,,0.0,0.0,0.0,,,,,,,,,,,,,,,,,,,,,,,,,,,,,,,,,,,,4.761,5.408,188.701,118.998,,,,,,,,,,,,,,,,,,,,,,,,,,,,,,,,,,,,,,,
Upper-middle-income countries,1911,,636613223.0,,,,,,,,,,,,,,,,,8.752,40.101,782.725,498.293,,,,,,,,,,,,,,,,,,,,,,,,,0.0,0.0,0.0,,,,,,,,,,,,,,,,,,,,,,,,,,,,,,,,,,,,8.737,10.397,203.256,129.395,,,,,,,,,,,,,,,,,,,,,,,,,,,,,,,,,,,,,,,
Upper-middle-income countries,1912,,643077189.0,,,,,,,,,,,,,,,,,-2.6,-12.957,754.709,485.336,,,,,,,,,,,,,,,,,,,,,,,,,0.0,0.0,0.0,,,,,,,,,,,,,,,,,,,,,,,,,,,,,,,,,,,,4.44,5.745,210.147,135.141,,,,,,,,,,,,,,,,,,,,,,,,,,,,,,,,,,,,,,,
Upper-middle-income countries,1913,,649981476.0,,,,,,,,,,,,,,,,,7.801,37.861,804.943,523.198,,,,,,,,,,,,,,,,,,,,,,,,,0.0,0.0,0.0,,,,,,,,,,,,,,,,,,,,,,,,,,,,,,,,,,,,10.009,13.526,228.724,148.666,,,,,,,,,,,,,,,,,,,,,,,,,,,,,,,,,,,,,,,
Upper-middle-income countries,1914,,656977060.0,,,,,,,,,,,,,,,,,-5.362,-28.053,753.671,495.145,,,,,,,,,,,,,,,,,,,,,,,,,0.0,0.0,0.0,,,,,,,,,,,,,,,,,,,,,,,,,,,,,,,,,,,,-5.327,-7.92,214.233,140.746,,,,,,,,,,,,,,,,,,,,,,,,,,,,,,,,,,,,,,,
Upper-middle-income countries,1915,,664065231.0,,,,,,,,,,,,,,,,,-0.622,-3.078,740.992,492.067,,,,,,,,,,,,,,,,,,,,,,,,,0.0,0.0,0.0,,,,,,,,,,,,,,,,,,,,,,,,,,,,,,,,,,,,17.014,23.946,248.006,164.692,,,,,,,,,,,,,,,,,,,,,,,,,,,,,,,,,,,,,,,
Upper-middle-income countries,1916,,671247305.0,,,,,,,,,,,,,,,,,7.528,37.042,788.247,529.109,,,,,,,,,,,,,,,,,,,,,,,,,0.0,0.0,0.0,,,,,,,,,,,,,,,,,,,,,,,,,,,,,,,,,,,,12.16,20.027,275.188,184.719,,,,,,,,,,,,,,,,,,,,,,,,,,,,,,,,,,,,,,,
Upper-middle-income countries,1917,,678524631.0,,,,,,,,,,,,,,,,,-2.41,-12.75,761.003,516.359,,,,,,,,,,,,,,,,,,,,,,,,,0.0,0.0,0.0,,,,,,,,,,,,,,,,,,,,,,,,,,,,,,,,,,,,11.1,20.504,302.455,205.223,,,,,,,,,,,,,,,,,,,,,,,,,,,,,,,,,,,,,,,
Upper-middle-income countries,1918,,686004483.0,,,,,,,,,,,,,,,,,-28.844,-148.938,535.596,367.422,,,,,,,,,,,,,,,,,,,,,,,,,0.0,0.0,0.0,,,,,,,,,,,,,,,,,,,,,,,,,,,,,,,,,,,,-21.433,-43.985,235.04,161.238,,,,,,,,,,,,,,,,,,,,,,,,,,,,,,,,,,,,,,,
Upper-middle-income countries,1919,,693028946.0,,,,,,,,,,,,,,,,,-3.588,-13.181,511.148,354.24,,,,,,,,,,,,,,,,,,,,,,,,,0.0,0.0,0.0,,,,,,,,,,,,,,,,,,,,,,,,,,,,,,,,,,,,30.482,49.148,303.576,210.387,,,,,,,,,,,,,,,,,,,,,,,,,,,,,,,,,,,,,,,
Upper-middle-income countries,1920,,699600332.0,,,,,,,,,,,,,,,,,9.037,32.012,552.104,386.252,,,,,,,,,,,,,,,,,,,,,,,,,0.0,0.0,0.0,,,,,,,,,,,,,,,,,,,,,,,,,,,,,,,,,,,,61.172,128.698,484.683,339.084,,,,,,,,,,,,,,,,,,,,,,,,,,,,,,,,,,,,,,,
Upper-middle-income countries,1921,,705685070.0,,,,,,,,,,,,,,,,,2.4,9.272,560.483,395.524,,,,,,,,,,,,,,,,,,,,,,,,,0.0,0.0,0.0,,,,,,,,,,,,,,,,,,,,,,,,,,,,,,,,,,,,16.69,56.592,560.698,395.676,,,,,,,,,,,,,,,,,,,,,,,,,,,,,,,,,,,,,,,
Upper-middle-income countries,1922,,711303296.0,,,,,,,,,,,,,,,,,-3.563,-14.094,536.241,381.43,,,,,,,,,,,,,,,,,,,,,,,,,0.217,0.305,0.217,,,,,,,,,,,,,,,,,,,,,,,,,,,,,,,,,,,,-0.156,-0.616,555.402,395.059,,,,,,,,,,,,,,,,,,,,,,,,,,,,,,,,,,,,,,,
Upper-middle-income countries,1923,,716439280.0,,,,,,,,,,,,,,,,,13.569,51.758,604.64,433.188,,,,,,,,,,,,,,,,,,,,,,,,230.159,0.5,1.001,0.717,,,,,,,,,,,,,,,,,,,,,,,,,,,,,,,,,,,,-10.086,-39.844,495.806,355.215,,,,,,,,,,,,,,,,,,,,,,,,,,,,,,,,,,,,,,,
Upper-middle-income countries,1924,,721641527.0,,,,,,,,,,,,,,,,,16.54,71.651,699.571,504.839,,,,,,,,,,,,,,,,,,,,,,,,69.712,0.5,1.686,1.217,,,,,,,,,,,,,,,,,,,,,,,,,,,,,,,,,,,,2.2,7.815,503.062,363.03,,,,,,,,,,,,,,,,,,,,,,,,,,,,,,,,,,,,,,,
Upper-middle-income countries,1925,,726911275.0,,,,,,,,,,,,,,,,,-3.374,-17.032,671.068,487.807,,,,,,,,,,,,,,,,,,,,,,,,41.076,0.5,2.361,1.716,,,,,,,,,,,,,,,,,,,,,,,,,,,,,,,,,,,,-2.223,-8.071,488.312,354.959,,,,,,,,,,,,,,,,,,,,,,,,,,,,,,,,,,,,,,,
Upper-middle-income countries,1926,,732249783.0,,,,,,,,,,,,,,,,,13.867,67.645,758.555,555.452,,,,,,,,,,,,,,,,,,,,,,,,29.116,0.5,3.026,2.216,,,,,,,,,,,,,,,,,,,,,,,,,,,,,,,,,,,,3.188,11.316,500.205,366.275,,,,,,,,,,,,,,,,,,,,,,,,,,,,,,,,,,,,,,,
Upper-middle-income countries,1927,,737658367.0,,,,,,,,,,,,,,,,,10.27,57.043,830.322,612.494,,,,,,,,,,,,,,,,,,,,,,,,22.551,0.5,3.682,2.716,,,,,,,,,,,,,,,,,,,,,,,,,,,,,,,,,,,,9.237,33.832,542.401,400.107,,,,,,,,,,,,,,,,,,,,,,,,,,,,,,,,,,,,,,,
Upper-middle-income countries,1928,,743138337.0,,,,,,,,,,,,,,,,,4.362,26.72,860.155,639.214,,,,,,,,,,,,,,,,,,,,,,,,18.401,0.5,4.327,3.215,,,,,,,,,,,,,,,,,,,,,,,,,,,,,,,,,,,,18.798,75.211,639.609,475.318,,,,,,,,,,,,,,,,,,,,,,,,,,,,,,,,,,,,,,,
Upper-middle-income countries,1929,,748896542.0,,,,,,,,,,,,,,,,,10.009,63.98,938.974,703.195,,,,,,,,,,,,,,,,,,,,,,,,155.214,4.991,10.958,8.206,,,,,,,,,,,,,,,,,,,,,,,,,,,,,,,,,,,,15.207,72.28,731.207,547.599,,,,,,,,,,,,,,,,,,,,,,,,,,,,,,,,,,,,,,,
Upper-middle-income countries,1930,,754945969.0,,,,,,,,,,,,,,,,,3.169,22.283,960.966,725.477,,,,,,,,,,,,,,,,,,,,,,,,29.597,2.429,14.087,10.635,,,,,,,,,,,,,,,,,,,,,,,,,,,,,,,,,,,,8.504,46.567,787.03,594.165,,,,,,,,,,,,,,,,,,,,,,,,,,,,,,,,,,,,,,,
Upper-middle-income countries,1931,,761256523.0,,,,,,,,,,,,,,,,,4.566,33.124,996.512,758.602,,,,,,,,,,,,,,,,,,,,,,,,22.838,2.429,17.161,13.064,,,,,,,,,,,,,,,,,,,,,,,,,,,,,,,,,,,,-0.595,-3.536,775.861,590.63,,,,,,,,,,,,,,,,,,,,,,,,,,,,,,,,,,,,,,,
Upper-middle-income countries,1932,,767862643.0,,,,,,,,,,,,,,,,,1.422,10.79,1001.991,769.391,,,,,,,,,,,,,,,,,,,,,,,,18.592,2.429,20.176,15.493,,,,,,,,,,,,,,,,,,,,,,,,,,,,,,,,,,,,-2.749,-16.235,748.043,574.394,,,,,,,,,,,,,,,,,,,,,,,,,,,,,,,,,,,,,,,
Upper-middle-income countries,1933,,774755700.0,,,,,,,,,,,,,,,,,10.987,84.536,1102.189,853.927,,,,,,,,,,,,,,,,,,,,,,,,15.677,2.429,23.132,17.922,,,,,,,,,,,,,,,,,,,,,,,,,,,,,,,,,,,,1.122,6.443,749.704,580.837,,,,,,,,,,,,,,,,,,,,,,,,,,,,,,,,,,,,,,,
Upper-middle-income countries,1934,,781732313.0,,,,,,,,,,,,,,,,,17.717,151.291,1285.885,1005.218,,,,,,,,,,,,,,,,,,,,,,,,13.553,2.429,26.032,20.35,,,,,,,,,,,,,,,,,,,,,,,,,,,,,,,,,,,,15.86,92.121,860.855,672.958,,,,,,,,,,,,,,,,,,,,,,,,,,,,,,,,,,,,,,,
Upper-middle-income countries,1935,,788793733.0,,,,,,,,,,,,,,,,,13.436,135.06,1445.597,1140.278,,,,,,,,,,,,,,,,,,,,,,,,11.935,2.429,28.879,22.779,,,,,,,,,,,,,,,,,,,,,,,,,,,,,,,,,,,,10.469,70.455,942.468,743.413,,,,,,,,,,,,,,,,,,,,,,,,,,,,,,,,,,,,,,,
Upper-middle-income countries,1936,,795941224.0,,,,,,,,,,,,,,,,,12.858,146.622,1616.827,1286.899,,,,,,,,,,,,,,,,,,,,,,,,10.662,2.429,31.671,25.208,,,,,,,,,,,,,,,,,,,,,,,,,,,,,,,,,,,,6.311,46.915,992.948,790.328,,,,,,,,,,,,,,,,,,,,,,,,,,,,,,,,,,,,,,,
Upper-middle-income countries,1937,,803176089.0,,,,,,,,,,,,,,,,,2.941,37.846,1649.383,1324.745,,,,,,,,,,,,,,,,,,,,,,,,114.582,28.884,67.348,54.092,,,,,,,,,,,,,,,,,,,,,,,,,,,,,,,,,,,,10.816,85.481,1090.432,875.809,,,,,,,,,,,,,,,,,,,,,,,,,,,,,,,,,,,,,,,
Upper-middle-income countries,1938,,810499651.0,,,,,,,,,,,,,,,,,1.15,15.238,1653.28,1339.983,,,,,,,,,,,,,,,,,,,,,,,,4.225,2.285,69.559,56.377,,,,,,,,,,,,,,,,,,,,,,,,,,,,,,,,,,,,1.386,12.142,1095.559,887.951,,,,,,,,,,,,,,,,,,,,,,,,,,,,,,,,,,,,,,,
Upper-middle-income countries,1939,,818002777.0,,,,,,,,,,,,,,,,,11.245,150.678,1822.318,1490.661,,,,,,,,,,,,,,,,,,,,,,,,4.054,2.285,71.714,58.663,,,,,,,,,,,,,,,,,,,,,,,,,,,,,,,,,,,,4.402,39.088,1133.296,927.039,,,,,,,,,,,,,,,,,,,,,,,,,,,,,,,,,,,,,,,
Upper-middle-income countries,1940,,825707448.0,,,,,,,,,,,,,,,,,14.254,212.478,2062.643,1703.139,,,,,,,,,,,,,,,,,,,,,,,,3.896,2.285,73.813,60.948,,,,,,,,,,,,,,,,,,,,,,,,,,,,,,,,,,,,-3.72,-34.483,1080.959,892.556,,,,,,,,,,,,,,,,,,,,,,,,,,,,,,,,,,,,,,,
Upper-middle-income countries,1941,,833584339.0,,,,,,,,,,,,,,,,,0.97,16.521,2062.971,1719.66,,,,,,,,,,,,,,,,,,,,,,,,3.75,2.285,75.857,63.233,,,,,,,,,,,,,,,,,,,,,,,,,,,,,,,,,,,,7.664,68.408,1152.809,960.964,,,,,,,,,,,,,,,,,,,,,,,,,,,,,,,,,,,,,,,
Upper-middle-income countries,1942,,841681991.0,,,,,,,,,,,,,,,,,-19.43,-334.127,1646.149,1385.534,,,,,,,,,,,,,,,,,,,,,,,,3.614,2.285,77.842,65.519,,,,,,,,,,,,,,,,,,,,,,,,,,,,,,,,,,,,-17.74,-170.473,939.18,790.491,,,,,,,,,,,,,,,,,,,,,,,,,,,,,,,,,,,,,,,
Upper-middle-income countries,1943,,849997629.0,,,,,,,,,,,,,,,,,19.419,269.062,1946.589,1654.596,,,,,,,,,,,,,,,,,,,,,,,,3.488,2.285,79.769,67.804,,,,,,,,,,,,,,,,,,,,,,,,,,,,,,,,,,,,3.128,24.725,959.081,815.216,,,,,,,,,,,,,,,,,,,,,,,,,,,,,,,,,,,,,,,
Upper-middle-income countries,1944,,858452325.0,,,,,,,,,,,,,,,,,-9.645,-159.579,1741.526,1495.017,,,,,,,,,,,,,,,,,,,,,,,,3.37,2.285,81.646,70.089,,,,,,,,,,,,,,,,,,,,,,,,,,,,,,,,,,,,32.786,267.281,1260.987,1082.497,,,,,,,,,,,,,,,,,,,,,,,,,,,,,,,,,,,,,,,
Upper-middle-income countries,1945,,867049348.0,,,,,,,,,,,,,,,,,-9.383,-140.284,1562.464,1354.733,,,,,,,,,,,,,,,,,,,,,,,,3.261,2.285,83.472,72.374,,,,,,,,,,,,,,,,,,,,,,,,,,,,,,,,,,,,-8.205,-88.818,1146.046,993.679,,,,,,,,,,,,,,,,,,,,,,,,,,,,,,,,,,,,,,,
Upper-middle-income countries,1946,,875792047.0,,,,,,,,,,,,,,,,,6.081,82.377,1640.926,1437.11,,,,,,,,,,,,,,,,,,,,,,,,3.393,2.455,85.443,74.83,,,,,,,,,,,,,,,,,,,,,,,,,,,,,,,,,,,,14.101,140.118,1294.596,1133.797,,,,,,,,,,,,,,,,,,,,,,,,,,,,,,,,,,,,,,,
Upper-middle-income countries,1947,,884683907.0,,,,,,,,,,,,,,,,,11.94,171.593,1818.393,1608.703,,,,,,,,,,,,,,,,,,,,,,,,19.921,14.907,101.434,89.737,,,,,,,,,,,,,,,,,,,,,,,,,,,,,,,,,,,,13.005,147.445,1448.249,1281.242,,,,,,,,,,,,,,,,,,,,,,,,,,,,,,,,,,,,,,,
Upper-middle-income countries,1948,,893728488.0,,,,,,,,,,,,,,,,,8.565,137.793,1954.169,1746.496,,,,,,,,,,,,,,,,,,,,,,,,2.58,2.315,102.997,92.051,,,,,,,,,,,,,,,,,,,,,,,,,,,,,,,,,,,,9.426,120.766,1568.718,1402.008,,,,,,,,,,,,,,,,,,,,,,,,,,,,,,,,,,,,,,,
Upper-middle-income countries,1949,,904775827.0,,,,,,,,,,,,,,,,,16.541,288.888,2249.601,2035.384,,,,,,,,,,,,,,,,,,,,,,,,5.565,5.123,107.401,97.174,,,,,,,,,,,,,,,,,,,,,,,,,,,,,,,,,,,,3.086,43.264,1597.381,1445.272,,,,,,,,,,,,,,,,,,,,,,,,,,,,,,,,,,,,,,,
Upper-middle-income countries,1950,,918865980.0,,,,,,,,,,,,,,,,,11.585,235.8,2471.726,2271.185,,,,,,,,,,,,,,,,,,,,,,,,8.388,8.151,114.625,105.325,,,,,,,,,,,,,,,,,,,,,,,,,,,,,,,,,,,,15.574,225.087,1817.848,1670.359,,,,,,,,,,,,,,,,,,,,,,,,,,,,,,,,,,,,,,,
Upper-middle-income countries,1951,,936488346.0,,,,,,,,,,,,,,,,,8.605,195.427,2633.894,2466.611,,,,,,,,,,,,,,,,,,,,,,,,14.221,14.978,128.462,120.303,,,,,,,,,,,,,,,,,,,,,,,,,,,,,,,,,,,,13.463,224.878,2023.769,1895.236,,,,,,,,,,,,,,,,,,,,,,,,,,,,,,,,,,,,,,,
Upper-middle-income countries,1952,,956135860.0,,,,,,,,,,,,,,,,,8.953,220.845,2810.747,2687.456,,,,,,,,,,,,,,,,,,,,,,,,2.112,2.54,128.479,122.843,,,,,,,,,,,,,,,,,,,,,,,,,,,,,,,,,,,,12.937,245.184,2238.615,2140.42,,,,,,,,,,,,,,,,,,,,,,,,,,,,,,,,,,,,,,,
Upper-middle-income countries,1953,,977180204.0,,,,,,,,,,,,,,,,,4.844,130.175,2883.43,2817.631,,,,,,,,,,,,,,,,,,,,,,,,10.152,12.471,138.474,135.314,,,,,,,,,,,,,,,,,,,,,,,,,,,,,,,,,,,,6.824,146.073,2339.889,2286.493,,,,,,,,,,,,,,,,,,,,,,,,,,,,,,,,,,,,,,,
Upper-middle-income countries,1954,,998585321.0,,,,,,,,,,,,,,,,,8.356,235.436,3057.391,3053.066,,,,,,,,,,,,,,,,,,,,,,,,8.473,11.465,146.987,146.779,,,,,,,,,,,,,,,,,,,,,,,,,,,,,,,,,,,,9.197,210.293,2500.323,2496.786,,,,,,,,,,,,,,,,,,,,,,,,,,,,,,,,,,,,,,,
Upper-middle-income countries,1955,,1021053483.0,,,,,,,,,,,,,,,,,13.64,416.448,3397.975,3469.514,,,,,,,,,,,,,,,,,,,,,,,,19.714,28.936,172.092,175.715,,,,,,,,,,,,,,,,,,,,,,,,,,,,,,,,,,,,13.881,346.586,2784.744,2843.372,,,,,,,,,,,,,,,,,,,,,,,,,,,,,,,,,,,,,,,
Upper-middle-income countries,1956,,1043522165.0,,,,,,,,,,,,,,,,,10.262,356.037,3665.999,3825.551,,,,,,,,,,,,,,,,,,,,,,,,22.458,39.462,206.203,215.177,,,,,,,,,,,,,,,,,,,,,,,,,,,,,,,,,,,,11.939,339.456,3050.083,3182.829,,,,,,,,,,,,,,,,,,,,,,,,,,,,,,,,,,,,,,,
Upper-middle-income countries,1957,,1067110863.0,,,,,,,,,,,,,,,,,8.987,343.815,3907.153,4169.366,,,,,,,,,,,,,,,,,,,,,,,,41.981,90.334,286.298,305.512,,,,,,,,,,,,,,,,,,,,,,,,,,,,,,,,,,,,8.659,275.608,3240.935,3458.437,,,,,,,,,,,,,,,,,,,,,,,,,,,,,,,,,,,,,,,
Upper-middle-income countries,1958,,1090929731.0,,,,,,,,,,,,,,,,,25.404,1059.196,4792.758,5228.562,,,,,,,,,,,,,,,,,,,,,,,,41.511,126.822,396.298,432.333,,,,,,,,,,,,,,,,,,,,,,,,,,,,,,,,,,,,7.274,251.568,3400.773,3710.005,,,,,,,,,,,,,,,,,,,,,,,,,,,,,,,,,,,,,,,
Upper-middle-income countries,1959,,1109551013.0,,,,,,,,,,,,,,,,,10.333,540.245,5199.226,5768.807,,,,,,,,,,,,,,,,,,,,,,,,20.941,90.534,471.242,522.867,,,,,,,,,,,,,,,,,,,,,,,,,,,,,,,,,,,,11.474,425.681,3727.351,4135.686,,,,,,,,,,,,,,,,,,,,,,,,,,,,,,,,,,,,,,,
Upper-middle-income countries,1960,,1122079651.0,,,,,,,,,,,,,,,,,8.879,512.198,5597.646,6281.004,,,,,,,,,,,,,,,,,,,,,,,,22.994,120.226,573.126,643.093,,,,,,,,,,,,,,,,,,,,,,,,,,,,,,,,,,,,9.914,410.027,4051.15,4545.713,,,,,,,,,,,,,,,,,,,,,,,,,,,,,,,,,,,,,,,
Upper-middle-income countries,1961,,1134055566.0,,,,,,,,,,,,,,,,,-15.101,-948.519,4702.138,5332.486,,,,,,,,,,,,,,,,,,,,,,,,24.992,160.719,708.795,803.813,,,,,,,,,,,,,,,,,,,,,,,,,,,,,,,,,,,,7.454,338.852,4307.166,4884.565,,,,,,,,,,,,,,,,,,,,,,,,,,,,,,,,,,,,,,,
Upper-middle-income countries,1962,,1154442670.0,,,,,,,,,,,,,,,,,2.186,116.581,4720.084,5449.067,,,,,,,,,,,,,,,,,,,,,,,,20.337,163.47,837.879,967.283,,,,,,,,,,,,,,,,,,,,,,,,,,,,,,,,,,,,11.025,538.515,4697.575,5423.081,,,,,,,,,,,,,,,,,,,,,,,,,,,,,,,,,,,,,,,
Upper-middle-income countries,1963,,1184787557.0,,,,,,,,,,,,,,,,,2.332,127.078,4706.451,5576.145,,,,,,,,,,,,,,,,,,,,,,,,19.613,189.717,976.547,1157.001,,,,,,,,,,,,,,,,,,,,,,,,,,,,,,,,,,,,9.879,535.748,5029.449,5958.828,,,,,,,,,,,,,,,,,,,,,,,,,,,,,,,,,,,,,,,
Upper-middle-income countries,1964,,1216528861.0,,,,,,,,,,,,,,,,,7.205,401.743,4913.889,5977.887,,,,,,,,,,,,,,,,,,,,,,,,18.767,217.129,1129.55,1374.13,,,,,,,,,,,,,,,,,,,,,,,,,,,,,,,,,,,,10.272,612.099,5401.374,6570.927,,,,,,,,,,,,,,,,,,,,,,,,,,,,,,,,,,,,,,,
Upper-middle-income countries,1965,,1246756365.0,,,,0.0,0.0,,,,0.0,,,,4211.326,5250.498,,,3.524,210.664,4963.721,6188.551,,50.71,,,,,,8304.748,,,,,,7938.246,9897.059,,95.587,,,1443.322,,,1157.661,15.457,212.4,1272.526,1586.53,,13.94,,,,451.342,122.426,152.636,362.013,,4.359,,,456.941,123.999,154.596,366.504,,4.413,,,,,5.279,1.492,1.861,4.234,,0.051,,,3203.238,,,2569.258,8.606,565.512,5724.004,7136.438,,30.937,0.319,0.1,,,,0.08,,0.256,,,0.003,,10353.998,,,451.662,122.507,152.736,362.269,,4.362,,,0.0,0.0,0.0,0.0,,0.0,,,0.0,0.0,0.0,0.0,,0.0
Upper-middle-income countries,1966,,1276824449.0,,,0.0,0.0,0.0,,,,0.0,,4.254,223.349,4287.079,5473.847,,,3.615,223.741,5022.062,6412.292,,49.565,,,,6.661,689.704,8649.351,,6.496,642.881,,,8254.807,10539.939,,95.438,10.845,156.524,1599.846,,,1252.988,11.19,177.526,1381.596,1764.056,,14.487,,10.23,46.174,497.516,131.773,168.251,389.651,,4.505,10.246,46.821,503.762,133.485,170.437,394.543,,4.562,,,10.926,0.577,5.856,1.616,2.064,4.587,,0.053,8.211,263.009,3466.247,,,2714.74,6.527,465.776,5954.001,7602.214,,31.387,0.389,0.122,,22.0,0.07,0.096,,0.305,,,0.004,,11043.702,10.238,46.244,497.906,131.869,168.373,389.956,,4.509,,0.0,0.0,0.0,0.0,0.0,,0.0,,0.0,0.0,0.0,0.0,0.0,,0.0
Upper-middle-income countries,1967,,1305914467.0,,,0.0,0.0,0.0,,,,0.0,,-1.595,-87.31,4124.724,5386.537,,,-7.828,-501.946,4525.829,5910.345,,47.49,,,,2.706,298.859,8685.531,,2.904,306.094,,,8305.316,10846.033,,95.622,8.659,138.523,1738.369,,,1331.151,9.734,171.714,1482.31,1935.77,,15.326,,-1.595,-7.936,489.581,126.783,165.567,374.895,,4.316,-1.433,-7.234,496.528,128.641,167.994,380.215,,4.378,,,9.208,0.539,6.395,1.726,2.254,4.897,,0.056,7.353,254.88,3721.127,,,2849.442,6.266,476.386,6186.163,8078.6,,32.807,0.552,0.173,,41.803,0.163,0.132,,0.423,,,0.005,,11342.562,-1.564,-7.773,490.133,126.915,165.74,375.318,,4.321,,0.0,0.0,0.0,0.0,0.0,,0.0,,0.0,0.0,0.0,0.0,0.0,,0.0
Upper-middle-income countries,1968,,1336327932.0,,,0.0,0.0,0.0,,,,0.0,,-0.359,-19.362,4016.36,5367.174,,,8.252,487.724,4787.798,6398.069,,45.385,,,,4.26,483.212,8849.455,,3.771,409.019,,,8422.373,11255.052,,95.174,7.713,134.086,1872.455,,,1401.194,7.55,146.157,1557.946,2081.927,,15.834,,14.641,71.68,561.26,142.037,189.808,420.002,,4.746,14.957,74.194,570.723,144.516,193.12,427.083,,4.826,,,39.02,2.495,8.891,2.345,3.133,6.653,,0.075,7.909,294.295,4015.422,,,3004.818,12.475,1007.825,6799.547,9086.425,,33.955,0.571,0.179,,3.468,0.019,0.134,,0.428,,,0.005,,11825.773,14.629,71.699,561.832,142.171,189.987,420.43,,4.751,,0.0,0.0,0.0,0.0,0.0,,0.0,,0.0,0.0,0.0,0.0,0.0,,0.0
Upper-middle-income countries,1969,,1368462120.0,,,0.0,0.0,0.0,,,,0.0,,6.057,325.09,4159.606,5692.264,,,4.176,267.192,4870.621,6665.261,,45.014,,,,6.931,819.631,9240.595,,6.842,770.098,,,8787.346,12025.149,,95.095,7.57,141.742,2014.197,,,1471.869,7.4,154.055,1633.938,2235.982,,15.928,,8.573,48.118,609.379,150.593,206.081,445.302,,4.819,8.684,49.532,620.255,153.378,209.892,453.25,,4.905,,,15.938,1.417,10.308,2.655,3.633,7.533,,0.082,7.553,303.267,4318.689,,,3155.87,6.824,620.067,7092.993,9706.492,,34.152,0.568,0.178,,-0.559,-0.003,0.13,,0.415,,,0.004,,12645.404,8.565,48.115,609.947,150.723,206.259,445.717,,4.823,,0.0,0.0,0.0,0.0,0.0,,0.0,,0.0,0.0,0.0,0.0,0.0,,0.0
Upper-middle-income countries,1970,,1400588420.0,,,3.605,2.574,3.605,,,,0.026,,7.288,414.843,4360.387,6107.107,,,4.759,317.212,4985.385,6982.473,,44.397,,,,8.78,1110.327,9821.395,,8.65,1040.208,,,9328.478,13065.357,,94.981,9.062,182.517,2196.714,,,1568.422,-2.242,-50.132,1560.666,2185.851,,15.969,,10.27,62.586,671.964,162.25,227.246,479.773,,4.885,12.428,70.119,690.374,165.91,232.372,492.917,,5.019,,,20.803,2.144,12.452,3.133,4.388,8.891,,0.091,10.254,442.848,4761.537,,,3399.669,6.86,665.892,7405.733,10372.384,,34.615,2.352,0.737,,314.007,1.784,0.526,,1.68,,,0.017,,13755.731,12.28,67.975,677.922,162.777,227.983,484.026,,4.928,,0.0,0.0,0.0,0.0,0.0,,0.0,,0.0,0.0,0.0,0.0,0.0,,0.0
Upper-middle-income countries,1971,,1432397676.0,,-3.195,-0.115,2.436,3.49,,,,0.024,,6.368,388.872,4535.039,6495.979,,,4.415,308.252,5089.875,7290.726,,43.889,,,,7.597,1045.043,10332.867,,7.698,1005.826,,,9823.518,14071.184,,95.071,8.866,194.767,2391.481,,,1669.565,7.07,154.547,1633.902,2340.398,,16.158,,5.268,35.398,707.362,167.005,239.217,493.831,,4.779,5.593,39.216,729.59,171.521,245.686,509.349,,4.929,,,22.759,2.834,15.286,3.761,5.387,10.672,,0.103,8.867,422.187,5183.723,,,3618.913,0.865,89.69,7303.89,10462.074,,35.023,3.452,1.081,,46.741,1.1,0.755,,2.41,,,0.023,,14800.774,5.268,36.382,714.304,167.76,240.298,498.677,,4.826,,0.0,0.0,0.0,0.0,0.0,,0.0,,0.0,0.0,0.0,0.0,0.0,,0.0
Upper-middle-income countries,1972,,1463253261.0,,23.334,0.814,2.941,4.304,,,,0.027,,3.753,243.826,4606.042,6739.805,,,-2.618,-190.898,4852.083,7099.827,,42.9,,,,6.146,909.674,10736.657,,6.123,861.646,,,10205.226,14932.83,,95.05,5.688,136.036,2527.518,,,1727.328,5.161,120.78,1681.99,2461.177,,16.088,,4.84,34.236,741.598,171.395,250.795,506.814,,4.72,6.803,48.027,777.617,178.932,261.823,531.43,,4.95,,,82.527,12.615,27.902,6.72,9.833,19.068,,0.178,9.294,481.784,5665.507,,,3871.857,-1.683,-176.107,7029.519,10285.967,,36.062,3.813,1.195,,10.469,0.361,0.816,,2.606,,,0.024,,15710.448,5.13,35.411,749.715,172.212,251.99,512.362,,4.772,,0.0,0.0,0.0,0.0,0.0,,0.0,,0.0,0.0,0.0,0.0,0.0,,0.0
Upper-middle-income countries,1973,,1493577365.0,,-16.762,-0.721,2.399,3.583,,,,0.022,,1.478,99.603,4579.212,6839.408,,,3.799,269.75,4934.179,7369.578,,41.091,,,,5.945,933.929,11143.967,,5.888,879.233,,,10586.705,15812.063,,94.999,9.621,243.175,2770.692,,,1855.071,8.271,203.552,1784.125,2664.729,,16.646,,5.68,42.12,783.718,177.452,265.039,524.725,,4.709,6.84,54.696,832.313,187.97,280.748,557.261,,5.001,,,45.528,12.703,40.605,9.581,14.31,27.186,,0.244,9.469,536.457,6201.963,,,4152.422,8.719,896.792,7487.231,11182.759,,37.262,4.408,1.399,,17.091,0.595,0.937,,2.951,,,0.026,,16644.377,5.356,41.993,791.708,178.389,266.438,530.075,,4.757,,0.0,0.0,0.0,0.0,0.0,,0.0,,0.0,0.0,0.0,0.0,0.0,,0.0
Upper-middle-income countries,1974,,1522998449.0,,-6.586,-0.236,2.197,3.347,,,,0.019,,0.371,25.384,4507.419,6864.792,,,3.361,247.72,5001.514,7617.297,,39.173,,,,5.288,880.113,11506.571,,4.86,768.521,,,10886.803,16580.584,,94.614,6.561,181.787,2952.479,,,1938.596,9.81,261.407,1921.3,2926.137,,16.848,,10.826,84.849,868.567,192.865,293.733,570.3,,4.956,13.349,111.593,943.906,209.416,318.94,619.768,,5.386,,,63.694,25.863,66.468,15.381,23.425,43.643,,0.379,9.051,561.349,6763.312,,,4440.788,-0.67,-74.9,7293.414,11107.858,,38.593,5.525,1.782,,27.409,1.117,1.17,,3.628,,,0.032,,17524.49,10.681,85.73,877.438,194.035,295.516,576.125,,5.007,,0.0,0.0,0.0,0.0,0.0,,0.0,,0.0,0.0,0.0,0.0,0.0,,0.0
Upper-middle-income countries,1975,,1550620448.0,,-3.964,-0.133,2.073,3.214,,,,0.017,,6.572,451.136,4718.065,7315.929,,,3.521,268.179,5085.368,7885.476,,39.274,,,,6.297,1103.535,12013.272,,6.338,1050.924,,,11370.615,17631.508,,94.65,8.688,256.507,3208.986,,,2069.485,10.176,297.753,2079.097,3223.89,,17.227,,2.597,22.555,891.122,194.349,301.361,574.687,,4.784,5.616,52.614,996.52,217.443,337.172,642.659,,5.35,,,43.809,29.119,95.586,21.725,33.687,61.644,,0.513,5.076,343.28,7106.592,,,4583.063,3.114,345.871,7386.546,11453.729,,38.15,6.597,2.124,,19.191,1.072,1.37,,4.254,,,0.035,,18628.025,2.622,23.495,900.933,195.719,303.486,581.015,,4.836,,0.0,0.0,0.0,0.0,0.0,,0.0,,0.0,0.0,0.0,0.0,0.0,,0.0
Upper-middle-income countries,1976,,1577158789.0,,-8.237,-0.265,1.87,2.949,,,,0.015,,0.999,73.09,4685.019,7389.019,,,2.496,196.84,5124.605,8082.316,,37.83,,,,4.854,904.211,12384.445,,4.447,784.057,,,11676.417,18415.564,,94.283,10.511,337.301,3546.287,,,2248.529,10.542,339.854,2259.598,3563.744,,18.156,,9.69,86.349,977.472,209.594,330.563,619.767,,5.004,12.031,120.152,1116.672,239.918,378.389,708.027,,5.717,,,35.703,34.127,129.713,28.985,45.714,82.245,,0.664,5.258,373.667,7480.259,,,4742.87,7.665,877.908,7818.894,12331.638,,38.297,6.538,2.112,,-0.559,-0.06,1.339,,4.145,,,0.033,,19532.236,9.431,86.025,986.958,210.933,332.675,625.783,,5.053,,0.0,0.0,0.0,0.0,0.0,,0.0,,0.0,0.0,0.0,0.0,0.0,,0.0
Upper-middle-income countries,1977,,1602899568.0,,118.01,3.48,4.011,6.43,,,,0.031,,5.153,380.792,4847.347,7769.811,,,5.128,414.5,5300.904,8496.816,,37.627,,,,5.721,1117.42,12882.688,,5.382,991.156,,,12107.26,19406.721,,93.981,7.368,261.295,3807.582,,,2375.434,7.831,279.087,2397.425,3842.831,,18.439,,8.733,85.362,1062.834,224.238,359.431,663.069,,5.147,11.931,126.264,1242.936,262.279,420.408,775.43,,6.019,,,28.084,36.428,166.142,36.529,58.552,103.651,,0.805,4.667,349.07,7829.329,,,4884.479,4.102,505.851,8008.916,12837.488,,37.915,7.531,2.425,,14.797,0.993,1.513,,4.698,,,0.036,,20649.656,9.731,89.836,1076.794,225.751,361.856,671.779,,5.215,,0.0,0.0,0.0,0.0,0.0,,0.0,,0.0,0.0,0.0,0.0,0.0,,0.0
Upper-middle-income countries,1978,,1627539626.0,,79.758,5.128,7.102,11.558,,,,0.053,,3.517,273.268,4941.863,8043.079,,,5.543,470.999,5510.044,8967.815,,36.812,,,,5.808,1199.242,13424.495,,5.664,1099.17,,,12599.318,20505.891,,93.853,7.709,293.513,4101.095,,,2519.812,8.632,331.706,2564.937,4174.537,,18.77,,8.17,86.832,1149.666,238.886,388.796,706.383,,5.262,8.747,100.073,1343.008,278.099,452.617,825.177,,6.147,,,4.64,7.709,173.851,37.645,61.269,106.818,,0.796,6.8,532.388,8361.717,,,5137.643,5.107,655.587,8290.475,13493.075,,38.271,7.934,2.552,,5.24,0.403,1.568,,4.875,,,0.036,,21848.898,9.4,92.364,1169.158,240.454,391.348,718.359,,5.351,,0.0,0.0,0.0,0.0,0.0,,0.0,,0.0,0.0,0.0,0.0,0.0,,0.0
Upper-middle-income countries,1979,,1652710622.0,,37.534,4.338,9.618,15.896,,,,0.07,,2.285,183.802,4977.811,8226.881,,,2.364,211.996,5554.397,9179.812,,36.319,,,,3.675,803.041,13705.932,,3.32,680.746,,,12819.326,21186.637,,93.531,7.106,291.433,4392.527,,,2657.771,9.866,411.87,2775.082,4586.407,,19.391,,8.252,94.865,1244.531,254.659,420.878,753.024,,5.494,9.588,122.296,1465.304,298.165,492.781,886.607,,6.469,,,11.786,20.49,194.341,41.441,68.49,117.589,,0.858,2.458,205.511,8567.228,,,5183.743,8.37,1129.377,8847.558,14622.452,,37.821,10.537,3.414,,33.782,2.603,2.066,,6.375,,,0.047,,22651.939,9.253,101.806,1270.964,256.725,424.292,769.018,,5.611,,0.0,0.0,0.0,0.0,0.0,,0.0,,0.0,0.0,0.0,0.0,0.0,,0.0
Upper-middle-income countries,1980,,1679054459.0,,22.423,3.564,11.59,19.461,,,,0.084,,0.803,66.076,4939.064,8292.957,,,0.126,11.534,5474.12,9191.346,,35.658,,,,2.671,605.002,13851.213,,2.116,448.232,,,12885.15,21634.869,,93.025,3.284,144.241,4536.768,,,2701.978,6.731,308.702,2915.396,4895.109,,19.507,,9.167,114.082,1358.612,273.641,459.458,809.153,,5.842,10.997,156.766,1622.071,324.679,545.154,966.062,,6.975,,,20.351,39.551,233.892,49.092,82.428,139.3,,1.006,2.777,237.917,8805.145,,,5244.109,-1.507,-220.296,8577.54,14402.156,,37.86,10.106,3.268,,-4.29,-0.431,1.946,,6.019,,,0.043,,23256.941,9.541,117.216,1388.179,275.587,462.726,826.762,,5.969,,0.0,0.0,0.0,0.0,0.0,,0.0,,0.0,0.0,0.0,0.0,0.0,,0.0
Upper-middle-income countries,1981,,1706088992.0,,-8.442,-1.643,10.444,17.818,,,,0.075,,0.58,48.136,4889.014,8341.093,,,-4.911,-451.387,5122.804,8739.959,,35.239,,,,1.777,413.334,13873.998,,1.371,296.68,,,12854.868,21931.549,,92.654,5.06,229.554,4766.322,,,2793.712,5.496,269.032,3026.888,5164.141,,20.136,,5.23,71.05,1429.662,283.388,483.486,837.976,,6.04,6.914,116.655,1738.726,343.377,585.832,1019.13,,7.346,,,20.133,47.09,280.981,58.041,99.024,164.693,,1.187,0.216,18.989,8824.134,,,5172.142,-7.831,-1127.904,7780.516,13274.252,,37.279,10.265,3.323,,1.687,0.159,1.948,,6.016,,,0.043,,23670.275,4.654,69.566,1457.745,285.336,486.808,854.437,,6.159,,0.0,0.0,0.0,0.0,0.0,,0.0,,0.0,0.0,0.0,0.0,0.0,,0.0
Upper-middle-income countries,1982,,1734572338.0,,39.22,6.988,14.301,24.806,,,,0.101,,4.169,347.775,5009.228,8688.868,,,4.687,409.651,5274.851,9149.61,,35.519,,,,3.348,792.586,14103.108,,3.235,709.557,,,13052.846,22641.105,,92.553,8.042,383.312,5149.634,,,2968.82,7.591,392.033,3203.196,5556.174,,21.051,,2.434,34.798,1464.461,285.519,495.254,844.278,,5.986,5.508,83.029,1821.755,352.88,612.095,1050.262,,7.447,,,13.983,39.289,320.271,65.071,112.87,184.639,,1.309,-0.244,-21.528,8802.605,,,5074.799,1.947,258.504,7801.782,13532.756,,35.984,12.218,3.971,,19.527,1.953,2.29,,7.044,,,0.05,,24462.861,3.845,43.74,1501.484,287.809,499.225,865.622,,6.138,,0.0,0.0,0.0,0.0,0.0,,0.0,,0.0,0.0,0.0,0.0,0.0,,0.0
Upper-middle-income countries,1983,,1763046849.0,,43.669,10.833,20.214,35.638,,,,0.142,,3.564,309.706,5103.99,8998.574,,,3.336,305.218,5362.777,9454.828,,35.752,,,,2.888,706.51,14276.064,,2.533,573.42,,,13167.276,23214.525,,92.233,6.79,349.669,5499.303,,,3119.204,7.466,414.805,3386.739,5970.979,,21.849,,5.393,78.976,1543.436,296.057,521.962,875.437,,6.132,8.273,133.091,1954.846,370.922,653.952,1108.788,,7.767,,,12.624,40.43,360.7,72.102,127.118,204.589,,1.433,-0.976,-85.957,8716.648,,,4944.082,1.047,141.712,7756.157,13674.468,,34.632,15.071,4.871,,22.661,2.853,2.763,,8.548,,,0.06,,25169.371,7.336,92.661,1594.145,298.82,526.834,904.199,,6.334,,0.0,0.0,0.0,0.0,0.0,,0.0,,0.0,0.0,0.0,0.0,0.0,,0.0
Upper-middle-income countries,1984,,1790931059.0,,23.856,8.502,24.647,44.14,,,,0.167,,4.392,395.176,5245.177,9393.75,,,5.708,539.715,5580.641,9994.543,,35.602,,,,4.831,1215.938,14732.732,,4.048,939.627,,,13486.925,24154.152,,91.544,8.682,477.434,5976.737,,,3337.224,9.487,566.448,3650.296,6537.428,,22.652,,10.082,155.604,1699.04,320.83,574.585,948.691,,6.439,14.601,276.31,2231.155,416.619,746.137,1245.807,,8.456,,,31.171,112.434,473.134,93.104,166.742,264.183,,1.793,0.769,67.018,8783.666,,,4904.525,1.711,233.981,7766.044,13908.449,,33.29,14.841,4.81,,-1.266,-0.23,2.686,,8.287,,,0.056,,26385.309,10.856,163.876,1758.021,323.516,579.394,981.624,,6.663,,0.0,0.0,0.0,0.0,0.0,,0.0,,0.0,0.0,0.0,0.0,0.0,,0.0
Upper-middle-income countries,1985,,1819847676.0,,22.545,9.951,29.723,54.092,,,,0.232,,-7.185,-674.907,4790.974,8718.843,342.461,623.226,-5.847,-584.426,5170.827,9410.117,28.002,37.412,,2225.633,9.55,-11.674,-3080.27,12806.038,,-12.188,-2943.865,757.882,1379.23,11654.979,21210.287,61.97,91.012,-17.714,-1058.748,4917.99,271.181,493.507,2702.418,-4.898,-320.205,3416.343,6217.223,22.174,21.103,,-2.044,-34.728,1664.312,309.279,562.84,914.534,25.289,7.141,-5.209,-136.403,2094.752,381.911,695.02,1151.059,31.228,8.988,,,-23.888,-113.025,360.11,69.737,126.91,197.879,5.702,1.545,-13.778,-1210.211,7573.455,144.241,262.496,4161.587,-0.861,-119.794,7576.818,13788.655,11.794,32.497,16.239,5.27,,9.571,1.398,2.896,,8.923,0.237,,0.07,1222.978,23305.039,-0.214,-23.379,1734.643,312.175,568.11,953.18,25.526,7.443,,0.0,0.0,0.0,0.0,0.0,0.0,0.0,,0.0,0.0,0.0,0.0,0.0,0.0,0.0
Upper-middle-income countries,1986,,1850542202.0,,28.416,15.37,37.536,69.462,,,,0.288,,3.847,335.442,4892.774,9054.285,367.755,680.547,3.065,288.436,5240.925,9698.553,28.965,37.517,,2349.553,9.736,3.556,828.834,13041.515,,3.56,755.178,797.369,1475.564,11869.745,21965.465,62.802,91.015,3.667,180.364,5098.354,278.856,516.035,2755.059,7.394,459.716,3608.099,6676.939,21.963,21.125,,2.316,38.539,1702.851,311.192,575.873,920.19,24.51,7.056,4.719,73.656,2168.408,386.372,714.998,1171.769,30.431,8.985,,,3.971,14.299,374.409,71.303,131.949,202.324,5.616,1.551,3.161,239.371,7812.826,150.757,278.982,4221.912,4.859,670.008,7813.204,14458.663,11.874,32.373,21.686,7.176,,36.155,5.447,3.878,,11.719,0.305,,0.09,1269.657,24133.873,4.871,59.357,1794.0,315.069,583.049,969.445,24.815,7.434,,0.0,0.0,0.0,0.0,0.0,0.0,0.0,,0.0,0.0,0.0,0.0,0.0,0.0,0.0
Upper-middle-income countries,1987,,1883081918.0,,1.243,0.863,37.346,70.325,,,,0.279,,5.747,520.344,5084.553,9574.629,390.102,734.594,2.949,286.046,5302.265,9984.599,29.571,37.923,,2484.204,9.839,4.614,1113.443,13407.444,,4.481,984.338,831.012,1564.864,12187.363,22949.803,62.993,90.9,5.232,266.748,5365.102,288.409,543.098,2849.107,6.723,448.869,3784.12,7125.809,21.862,21.25,,4.162,70.874,1773.725,318.543,599.842,941.927,24.146,7.025,5.737,129.105,2297.513,403.138,759.141,1220.081,30.559,9.1,,,14.243,53.327,427.736,80.051,150.743,227.147,6.068,1.694,2.525,197.247,8010.072,152.501,287.172,4253.704,3.021,436.769,7910.135,14895.432,11.56,31.726,25.727,8.557,,19.246,4.04,4.544,,13.662,0.344,,0.102,1319.223,25247.316,4.017,75.777,1869.777,323.086,608.398,992.935,24.491,7.406,,0.0,0.0,0.0,0.0,0.0,0.0,0.0,,0.0,0.0,0.0,0.0,0.0,0.0,0.0
Upper-middle-income countries,1988,,1915432562.0,,5.307,3.732,38.664,74.058,,,,0.282,,4.436,424.775,5220.442,9999.404,399.561,765.332,4.025,401.859,5422.513,10386.458,29.518,38.032,,2592.76,9.861,4.138,1044.848,13726.489,,3.877,889.674,846.1,1620.648,12446.002,23839.477,62.507,90.671,5.688,305.155,5670.257,292.817,560.871,2960.301,6.951,495.327,3978.806,7621.135,21.632,21.566,,5.814,103.131,1876.856,331.371,634.719,979.86,24.48,7.138,6.71,155.173,2452.686,423.437,811.066,1280.487,31.282,9.329,,,11.277,48.237,475.973,87.574,167.743,248.494,6.47,1.81,1.994,159.744,8169.816,153.723,294.446,4265.259,2.986,444.737,8008.723,15340.169,11.356,31.073,25.799,8.604,,0.559,0.073,4.492,,13.469,0.332,,0.098,1353.616,26292.164,5.696,106.936,1976.713,335.863,643.323,1031.993,24.812,7.518,,0.0,0.0,0.0,0.0,0.0,0.0,0.0,,0.0,0.0,0.0,0.0,0.0,0.0,0.0
Upper-middle-income countries,1989,,1946975318.0,,8.108,6.005,41.121,80.062,,,,0.299,,1.729,172.909,5224.675,10172.313,418.883,815.555,3.335,346.409,5512.585,10732.867,30.471,37.934,,2676.511,9.981,1.992,523.811,13773.146,,2.048,488.268,869.841,1693.559,12495.147,24327.744,63.275,90.721,2.388,135.424,5805.681,298.527,581.224,2981.898,3.825,291.53,4064.081,7912.665,21.716,21.65,,1.318,24.74,1901.596,330.3,643.085,976.693,24.027,7.091,1.814,35.546,2488.232,421.741,821.119,1277.999,30.679,9.279,,,0.956,4.549,480.522,86.979,169.346,246.804,6.327,1.792,2.202,179.933,8349.749,152.432,296.781,4288.575,-0.164,-25.179,7866.042,15314.99,11.088,31.137,26.051,8.687,,0.965,0.252,4.462,,13.38,0.325,,0.097,1374.702,26815.975,2.015,30.997,2007.71,334.762,651.773,1031.194,24.352,7.487,,0.0,0.0,0.0,0.0,0.0,0.0,0.0,,0.0,0.0,0.0,0.0,0.0,0.0,0.0
Upper-middle-income countries,1990,,1978674629.0,,-7.819,-6.26,37.299,73.802,,,,0.274,,-1.05,-106.765,5087.016,10065.549,436.363,863.421,0.111,11.867,5430.269,10744.734,31.45,37.316,,2745.377,10.178,0.588,157.582,13632.134,,0.494,120.189,879.547,1740.336,12355.712,24447.934,63.392,90.637,1.3,75.464,5881.146,298.385,590.406,2972.265,3.506,277.431,4139.183,8190.096,21.505,21.803,,4.43,84.249,1985.846,339.407,671.577,1003.624,24.462,7.362,0.872,37.39,2525.622,422.119,835.237,1276.421,30.423,9.363,,,-9.125,-43.846,436.677,77.776,153.894,220.691,5.606,1.619,1.814,151.492,8501.241,144.799,286.509,4296.432,-2.463,-377.184,7549.4,14937.807,10.436,31.517,29.28,9.76,,12.35,3.229,4.933,,14.798,0.356,,0.109,1387.483,26973.557,3.185,81.235,2088.945,344.343,681.343,1055.73,24.818,7.744,,0.009,0.009,0.002,0.003,0.004,0.0,0.0,,0.009,0.009,0.002,0.003,0.005,0.0,0.0
Upper-middle-income countries,1991,,2007371520.0,,1.715,1.266,37.396,75.068,,,,0.275,,1.216,122.388,5075.262,10187.937,460.897,925.191,-1.118,-120.095,5292.812,10624.64,32.857,37.325,,2815.786,10.316,1.192,321.564,13597.443,,1.098,268.328,900.756,1808.151,12312.749,24716.262,64.215,90.552,2.768,162.772,6043.918,294.923,592.019,3010.862,-0.772,-63.237,4048.508,8126.859,21.025,22.143,,2.137,42.436,2028.281,341.704,685.928,1010.417,24.36,7.431,2.08,53.236,2578.857,424.872,852.876,1284.694,30.289,9.448,,,1.558,6.801,443.478,77.859,156.291,220.925,5.551,1.625,-0.198,-16.833,8484.408,144.936,290.941,4226.626,-9.258,-1382.887,6752.572,13554.92,10.332,31.084,31.989,10.644,,9.05,2.709,5.302,,15.936,0.378,,0.117,1402.723,27295.121,2.186,46.434,2135.379,347.014,696.586,1063.769,24.739,7.823,33.333,0.003,0.012,0.002,0.004,0.006,0.0,0.0,234.114,0.021,0.03,0.005,0.01,0.015,0.0,0.0
Upper-middle-income countries,1992,,2031690983.0,,-1.954,-1.467,36.226,73.601,,,,0.267,,1.986,202.301,5114.083,10390.237,490.515,996.575,1.237,131.408,5294.136,10756.048,34.869,37.687,,2858.041,10.367,1.006,274.578,13569.829,,0.845,208.957,899.107,1826.707,12268.214,24925.219,63.915,90.408,-1.797,-108.581,5935.337,274.54,557.78,2921.378,-2.873,-233.512,3885.112,7893.347,19.516,21.528,,3.414,69.246,2097.527,349.14,709.346,1032.405,24.819,7.608,2.267,65.625,2644.482,430.865,875.384,1301.616,30.629,9.592,,,-1.665,-7.383,436.095,75.646,153.689,214.646,5.377,1.582,1.358,115.236,8599.645,134.052,272.353,4232.752,-3.671,-497.636,6426.806,13057.284,9.529,31.192,36.85,12.211,,14.731,4.861,6.01,,18.138,0.427,,0.134,1406.73,27569.699,3.064,73.008,2208.387,355.219,721.695,1086.97,25.251,8.01,50.0,0.006,0.018,0.003,0.006,0.009,0.0,0.0,1211.211,0.361,0.391,0.065,0.132,0.193,0.005,0.001
Upper-middle-income countries,1993,,2054704372.0,,5.633,4.146,37.838,77.747,,,,0.281,,2.13,221.331,5164.523,10611.568,495.298,1017.691,-0.266,-28.642,5220.9,10727.406,34.973,38.287,,2909.924,10.499,0.53,146.195,13488.994,,-0.125,-31.248,886.453,1821.399,12115.598,24893.971,62.593,89.818,-0.043,-2.53,5932.807,260.72,535.703,2887.426,-0.978,-77.198,3804.026,7816.148,18.41,21.406,,7.963,167.036,2264.563,372.722,765.834,1102.136,26.318,8.171,6.62,177.443,2821.925,454.596,934.061,1373.397,32.099,10.182,,,1.235,5.387,441.481,75.723,155.587,214.864,5.347,1.593,-2.908,-250.049,8349.596,130.435,268.006,4063.648,-3.872,-505.614,6108.748,12551.67,9.21,30.126,37.48,12.418,,1.693,0.63,6.044,,18.241,0.427,,0.135,1416.225,27715.895,7.661,172.056,2380.443,378.874,778.473,1158.533,26.752,8.589,33.333,0.006,0.024,0.004,0.008,0.012,0.0,0.0,61.073,0.239,0.63,0.104,0.213,0.307,0.007,0.002
Upper-middle-income countries,1994,,2076865377.0,,7.429,5.775,40.215,83.522,,,,0.3,,2.817,298.889,5253.329,10910.457,549.12,1140.448,3.537,379.404,5347.872,11106.811,38.224,39.234,,2983.628,10.729,0.334,92.691,13389.691,,0.012,3.029,902.952,1875.31,11987.777,24897.0,62.853,89.53,-3.831,-227.276,5705.53,231.878,481.579,2747.184,-3.903,-305.067,3616.547,7511.082,16.141,20.517,,4.234,95.889,2360.452,384.359,798.262,1136.546,26.755,8.488,3.347,89.664,2911.589,463.27,962.148,1401.915,32.248,10.47,,,-3.259,-14.387,427.094,72.473,150.517,205.644,5.045,1.536,-0.821,-68.585,8281.011,121.954,253.283,3987.264,-1.557,-195.436,5949.463,12356.234,8.489,29.779,39.341,12.971,,4.448,1.861,6.245,,18.942,0.435,,0.141,1436.602,27808.586,4.547,104.051,2484.494,390.796,811.631,1196.271,27.203,8.934,25.0,0.006,0.03,0.005,0.01,0.014,0.0,0.0,82.449,0.52,1.15,0.187,0.389,0.554,0.013,0.004
Upper-middle-income countries,1995,,2097969970.0,,4.169,3.482,41.471,87.004,,,,0.311,,0.22,23.982,5211.914,10934.439,569.012,1193.769,5.541,615.416,5587.414,11722.227,38.525,39.147,,3098.661,11.094,0.442,123.047,13313.647,,-0.222,-55.219,920.754,1931.714,11840.866,24841.781,62.34,88.938,-0.737,-42.04,5663.49,232.293,487.345,2699.51,-1.208,-90.748,3536.911,7420.333,15.728,20.276,,5.906,139.407,2499.859,402.964,845.407,1191.561,27.283,8.95,5.994,178.262,3089.851,486.826,1021.347,1472.781,32.961,11.062,,,5.659,24.168,451.263,75.804,159.035,215.095,5.132,1.616,-0.449,-37.159,8243.852,119.449,250.6,3929.442,1.766,218.212,5993.625,12574.446,8.087,29.514,49.847,16.27,,25.44,10.506,7.755,,23.759,0.525,,0.178,1476.981,27931.633,6.051,154.093,2638.588,411.022,862.312,1257.686,27.829,9.447,20.0,0.006,0.035,0.006,0.012,0.017,0.0,0.0,60.262,0.693,1.843,0.297,0.623,0.878,0.02,0.007
Upper-middle-income countries,1996,,2118266453.0,,3.318,2.887,42.436,89.891,,,,0.315,,3.292,359.992,5331.922,11294.432,609.225,1290.501,1.519,178.005,5617.911,11900.231,40.11,39.553,,3217.391,11.267,2.232,623.441,13480.397,,2.388,593.332,964.551,2043.177,12007.514,25435.113,63.504,89.074,3.069,173.802,5837.292,242.157,512.953,2755.693,4.608,341.955,3664.453,7762.289,15.943,20.442,,-0.171,-4.264,2495.595,398.422,843.965,1178.131,26.231,8.74,1.138,30.11,3119.96,486.754,1031.075,1472.884,32.047,10.926,,,7.57,34.16,485.423,80.761,171.073,229.161,5.317,1.7,0.722,59.538,8303.39,113.169,239.722,3919.899,3.876,487.435,6166.307,13061.881,7.451,29.079,48.676,15.91,,-2.217,-1.171,7.511,,22.979,0.494,,0.17,1518.879,28555.074,0.061,-4.051,2634.537,405.993,860.001,1243.723,26.73,9.226,25.0,0.009,0.044,0.007,0.015,0.021,0.0,0.0,-82.034,-1.512,0.331,0.053,0.112,0.156,0.003,0.001
Upper-middle-income countries,1997,,2137669038.0,,-3.792,-3.409,40.456,86.482,,,,0.303,,-2.179,-246.104,5168.399,11048.327,625.479,1337.068,0.089,10.62,5571.888,11910.852,40.273,38.671,,3320.034,11.621,0.053,15.127,13365.119,,-0.263,-66.793,986.47,2108.747,11867.281,25368.32,63.516,88.793,-4.166,-243.203,5594.089,249.755,533.893,2616.911,-4.085,-317.102,3482.853,7445.187,16.081,19.58,,2.709,67.605,2563.2,405.501,866.828,1199.063,26.109,8.972,2.27,81.919,3201.88,495.833,1059.928,1497.837,31.925,11.207,,,2.412,11.711,497.134,81.959,175.201,232.559,5.277,1.74,5.088,422.515,8725.904,111.236,237.787,4081.972,5.616,733.585,6453.509,13795.466,7.162,30.542,54.335,17.653,,10.96,5.66,8.258,,25.418,0.532,,0.19,1553.11,28570.201,2.244,70.208,2704.746,413.875,884.727,1265.278,26.648,9.467,13.333,0.006,0.05,0.008,0.017,0.024,0.001,0.0,104.696,0.347,0.678,0.107,0.229,0.317,0.007,0.002
Upper-middle-income countries,1998,,2156208218.0,,-0.63,-0.545,39.856,85.937,,,,0.3,,-1.656,-182.938,5039.119,10865.389,631.405,1361.442,-3.228,-384.477,5345.669,11526.375,40.302,37.99,,3378.072,11.811,0.107,30.521,13264.36,,0.03,7.705,1000.54,2157.373,11768.819,25376.025,63.864,88.725,4.373,244.649,5838.738,250.835,540.853,2707.873,2.984,222.138,3555.93,7667.325,16.011,20.415,,1.614,41.366,2604.567,408.503,880.817,1207.938,26.075,9.107,0.618,22.818,3224.697,495.108,1067.556,1495.541,31.603,11.275,,,-3.887,-19.324,477.81,78.096,168.39,221.597,4.985,1.671,-0.619,-54.006,8671.898,118.299,255.078,4021.828,5.913,815.688,6776.319,14611.154,7.551,30.321,55.096,17.913,,1.473,0.761,8.308,,25.552,0.53,,0.193,1566.672,28600.723,1.431,42.141,2746.887,417.012,899.165,1273.943,26.618,9.604,23.629,0.012,0.062,0.01,0.021,0.029,0.001,0.0,80.693,0.547,1.224,0.192,0.414,0.568,0.012,0.004
Upper-middle-income countries,1999,,2174058070.0,,0.278,0.239,39.638,86.176,,,,0.297,,2.051,222.899,5100.272,11088.288,662.521,1440.359,1.825,210.34,5398.529,11736.715,41.186,38.193,,3497.213,12.046,1.508,431.289,13353.835,,1.471,373.182,1041.238,2263.712,11843.845,25749.207,64.729,88.692,0.734,42.849,5881.587,271.434,590.114,2705.35,2.385,182.866,3610.847,7850.191,16.874,20.259,,0.126,3.283,2607.85,405.66,881.927,1199.531,25.218,8.983,1.775,58.105,3282.802,500.35,1087.789,1509.988,31.104,11.308,,,10.79,51.554,529.364,85.811,186.559,243.491,5.335,1.823,1.239,107.436,8779.334,107.283,233.24,4038.224,0.752,109.86,6771.215,14721.015,6.669,30.24,57.719,18.73,,4.562,2.622,8.615,,26.549,0.536,,0.199,1608.611,29032.012,0.234,6.551,2753.438,414.538,901.23,1266.497,25.77,9.484,14.317,0.009,0.071,0.011,0.024,0.033,0.001,0.0,32.486,0.398,1.622,0.252,0.549,0.746,0.016,0.006
Upper-middle-income countries,2000,,2191949480.0,,-11.809,-10.177,34.672,76.0,8.782,19.25,0.515,0.253,500.69,1.677,185.921,5143.462,11274.209,725.906,1591.15,4.057,476.115,5571.675,12212.83,42.574,37.583,3731.58,3737.38,12.459,3.328,966.133,13685.601,,3.077,792.197,1169.511,2563.51,12108.584,26541.404,68.591,88.477,3.731,219.438,6101.025,312.795,685.63,2783.379,3.683,289.121,3713.275,8139.312,18.345,20.338,1871.27,5.567,145.191,2753.04,435.927,955.53,1255.978,25.567,9.177,4.477,173.939,3456.741,535.537,1173.87,1577.017,31.409,11.523,-5.8,-0.155,6.714,35.54,564.904,87.123,190.97,257.718,5.11,1.883,4.406,386.837,9166.171,130.811,286.73,4181.744,3.218,473.71,6932.06,15194.725,7.672,30.556,60.665,26.47,7.22,5.107,2.947,12.076,3.294,27.676,0.708,0.193,0.202,1705.048,29998.145,4.054,138.399,2891.837,448.414,982.9,1319.299,26.299,9.64,67.198,0.048,0.119,0.018,0.04,0.054,0.001,0.0,24.086,0.391,2.013,0.392,0.86,0.918,0.023,0.007
Upper-middle-income countries,2001,,2209701540.0,,-6.164,-4.685,32.273,71.315,9.286,20.52,0.53,0.231,503.27,3.804,428.856,5296.22,11703.065,756.378,1671.37,5.049,616.685,5805.994,12829.515,43.139,37.973,3864.03,3874.36,12.571,2.737,821.121,13947.253,,2.751,730.111,1208.815,2671.12,12341.719,27271.516,68.944,88.489,3.239,197.587,6298.612,326.021,720.41,2850.436,0.629,51.183,3706.607,8190.495,18.594,20.437,1949.85,2.514,50.873,2803.914,439.181,970.46,1268.911,25.048,9.098,2.916,91.008,3547.749,544.526,1203.24,1605.533,31.056,11.511,-10.33,-0.267,7.866,40.476,605.38,92.406,204.19,273.964,5.27,1.964,1.131,103.667,9269.838,126.415,279.34,4195.063,2.936,446.08,7078.243,15640.805,7.21,30.078,64.378,27.46,6.94,5.917,3.712,12.427,3.141,29.134,0.709,0.179,0.209,1753.341,30819.266,1.956,50.532,2942.369,452.12,999.05,1331.569,25.786,9.547,30.721,0.035,0.154,0.023,0.05,0.07,0.001,0.001,30.465,0.596,2.609,0.489,1.08,1.181,0.028,0.008
Upper-middle-income countries,2002,,2226823411.0,,11.517,8.213,35.714,79.528,9.758,21.73,0.529,0.248,508.568,7.342,859.227,5641.351,12562.292,820.361,1826.8,3.31,424.662,5952.056,13254.177,44.472,39.153,4108.73,4107.77,12.803,4.108,1265.916,14408.498,,4.231,1153.809,1280.802,2852.12,12764.966,28425.324,69.432,88.593,1.868,117.645,6416.257,339.331,755.63,2881.35,2.491,204.056,3769.742,8394.551,18.395,19.998,2089.08,2.988,65.142,2869.055,450.633,1003.48,1288.407,24.429,8.942,4.104,112.108,3659.857,563.875,1255.65,1643.533,30.568,11.407,0.96,0.023,6.347,34.27,639.649,99.721,222.06,287.247,5.406,1.994,1.909,176.937,9446.774,121.11,269.69,4242.265,1.517,237.276,7130.373,15878.081,6.565,29.443,68.352,28.71,6.98,6.078,3.974,12.893,3.135,30.695,0.699,0.17,0.213,1844.677,32085.182,3.644,77.838,3020.208,464.154,1033.59,1356.285,25.162,9.413,39.204,0.059,0.213,0.04,0.09,0.096,0.002,0.001,18.018,0.45,3.059,0.588,1.31,1.374,0.032,0.01
Upper-middle-income countries,2003,,2243462002.0,,-0.63,-0.501,35.226,79.027,11.081,24.86,0.557,0.227,522.738,15.664,1967.744,6476.613,14530.036,935.906,2099.67,15.497,2054.035,6823.477,15308.212,47.074,41.666,4446.55,4460.36,12.79,8.688,2787.471,15544.124,,9.517,2705.285,1411.453,3166.54,13876.147,31130.609,70.993,89.269,4.74,304.109,6720.366,361.352,810.68,2995.534,4.443,372.978,3908.035,8767.528,18.175,19.271,2331.6,0.695,1.431,2870.486,451.454,1012.82,1279.49,22.707,8.231,2.792,82.188,3742.045,576.707,1293.82,1667.978,29.007,10.731,-13.81,-0.311,11.683,70.148,709.798,109.955,246.68,316.385,5.53,2.035,4.588,433.433,9880.207,114.194,256.19,4404.0,2.135,338.983,7228.589,16217.064,5.744,28.332,78.893,32.67,7.81,15.676,10.541,14.562,3.481,35.166,0.732,0.175,0.226,1988.159,34872.652,0.921,12.04,3032.248,466.752,1047.14,1351.593,23.477,8.695,26.364,0.055,0.268,0.045,0.1,0.119,0.002,0.001,17.549,0.514,3.573,0.691,1.55,1.593,0.035,0.01
Upper-middle-income countries,2004,,2260098040.0,,12.095,9.558,39.195,88.585,11.827,26.73,0.547,0.231,522.992,13.606,1976.925,7303.648,16506.961,1023.88,2314.07,13.275,2032.132,7672.386,17340.344,47.383,42.989,4865.75,4883.73,12.719,10.11,3525.762,16989.711,,10.165,3164.301,1531.071,3460.37,15174.081,34294.91,70.855,89.313,6.071,408.008,7128.375,384.718,869.5,3154.011,4.977,436.391,4072.354,9203.919,17.804,18.564,2554.15,13.03,353.36,3223.846,503.208,1137.3,1426.419,23.288,8.396,10.326,361.459,4103.504,629.778,1423.36,1815.631,29.145,10.687,-17.98,-0.37,-0.401,-7.348,702.449,110.119,248.88,310.805,5.096,1.829,7.888,779.367,10659.574,122.473,276.8,4716.421,8.816,1429.742,7807.983,17646.807,5.668,27.76,83.806,35.21,8.48,6.364,4.913,15.579,3.752,37.081,0.721,0.174,0.218,2160.849,38398.414,12.823,368.808,3401.055,519.659,1174.48,1504.826,24.049,8.857,17.486,0.045,0.313,0.053,0.12,0.138,0.002,0.001,26.864,0.931,4.504,0.819,1.85,1.993,0.038,0.012
Upper-middle-income countries,2005,,2276903910.0,,8.269,7.325,42.123,95.911,15.293,34.82,0.662,0.232,531.295,12.972,2141.201,8190.14,18648.162,1141.511,2599.11,9.299,1612.459,8323.937,18952.803,49.42,45.152,5240.68,5259.28,12.734,7.56,2902.77,18139.186,,7.866,2697.738,1651.177,3759.57,16246.908,36992.648,71.484,89.568,4.915,350.346,7478.72,396.622,903.07,3284.601,4.656,428.548,4230.511,9632.467,17.171,18.108,2794.23,5.866,167.516,3391.362,528.406,1203.13,1489.462,22.876,8.211,5.694,205.029,4308.533,658.662,1499.71,1892.277,28.515,10.432,-18.6,-0.355,2.355,11.992,714.442,109.803,250.01,313.778,4.754,1.73,1.934,206.192,10865.767,113.044,257.39,4772.167,1.783,314.725,7888.577,17961.531,4.894,26.309,99.993,43.93,9.11,19.151,16.186,19.294,4.001,43.916,0.835,0.173,0.242,2309.838,41301.184,6.381,193.036,3594.091,548.859,1249.7,1578.499,23.762,8.702,10.231,0.03,0.343,0.053,0.12,0.15,0.002,0.001,44.848,1.979,6.483,1.107,2.52,2.847,0.048,0.016
Upper-middle-income countries,2006,,2293429307.0,,4.056,3.89,43.516,99.801,15.915,36.5,0.634,0.226,540.287,8.969,1672.549,8860.404,20320.711,1286.549,2950.61,6.293,1192.621,8783.975,20145.424,51.243,46.053,5738.22,5758.05,13.049,6.836,2823.531,19239.623,,6.976,2580.617,1819.14,4172.07,17255.062,39573.266,72.456,89.685,7.145,534.336,8013.057,427.796,981.12,3493.919,3.979,383.292,4367.154,10015.759,17.039,18.16,3111.0,6.356,192.855,3584.217,555.552,1274.12,1562.82,22.128,8.123,6.167,242.916,4551.449,691.532,1585.98,1984.561,27.544,10.315,-19.83,-0.346,5.049,31.348,745.79,114.239,262.0,325.186,4.55,1.69,3.44,373.733,11239.5,104.795,240.34,4900.74,2.823,507.027,8052.813,18468.559,4.174,25.472,108.96,45.11,8.61,8.548,8.967,19.669,3.754,47.51,0.783,0.15,0.247,2510.673,44124.715,6.388,211.568,3805.659,577.293,1323.98,1659.375,22.994,8.625,33.906,0.113,0.456,0.057,0.13,0.199,0.002,0.001,89.76,5.742,12.225,2.014,4.62,5.331,0.08,0.028
Upper-middle-income countries,2007,,2309893739.0,,27.896,27.84,55.259,127.641,19.005,43.9,0.701,0.273,550.802,7.929,1611.232,9494.784,21931.943,1442.794,3332.7,7.283,1467.104,9356.503,21612.527,53.18,46.966,6255.98,6266.81,13.42,5.83,2572.438,20216.146,,5.937,2349.543,1995.711,4609.88,18149.236,41922.809,73.56,89.776,4.558,365.228,8378.284,455.129,1051.3,3627.13,2.715,271.938,4453.753,10287.696,16.776,17.942,3451.77,4.982,155.044,3739.261,574.953,1328.08,1618.802,21.192,8.007,6.328,222.893,4774.342,717.319,1656.93,2066.91,26.44,10.224,-10.83,-0.173,1.843,8.994,754.784,116.036,268.03,326.762,4.277,1.616,3.319,373.082,11612.582,97.788,225.88,5027.323,1.295,239.094,8098.923,18707.652,3.604,24.868,132.568,53.45,9.55,21.458,23.608,23.14,4.134,57.391,0.853,0.152,0.284,2713.03,46697.152,7.204,213.898,4019.557,601.283,1388.9,1740.148,22.163,8.608,13.611,0.059,0.515,0.065,0.15,0.223,0.002,0.001,61.105,7.347,19.572,3.126,7.22,8.473,0.115,0.042
Upper-middle-income countries,2008,,2327278207.0,,37.932,48.417,75.65,176.058,21.626,50.33,0.767,0.366,539.238,2.453,538.062,9655.058,22470.006,1465.437,3410.48,3.739,808.059,9633.823,22420.586,51.941,46.693,6543.81,6566.08,13.644,3.054,1426.137,20677.928,,2.167,908.598,2032.812,4730.92,18404.076,42831.406,72.051,89.003,2.119,177.56,8555.844,473.093,1101.02,3676.331,3.591,369.474,4579.242,10657.17,16.768,17.779,3540.68,11.204,393.108,4132.37,635.635,1479.3,1775.623,22.529,8.587,12.654,517.539,5291.881,788.543,1835.16,2273.85,27.949,10.997,-22.27,-0.34,4.76,31.018,785.802,120.596,280.66,337.649,4.274,1.633,1.662,192.977,11805.559,94.282,219.42,5072.689,0.716,133.912,8095.966,18841.564,3.342,24.532,153.067,59.44,9.11,15.004,20.499,25.541,3.914,65.771,0.905,0.139,0.318,2821.356,48123.289,14.118,486.521,4506.079,667.948,1554.5,1936.201,23.675,9.364,27.344,0.137,0.651,0.082,0.19,0.28,0.003,0.001,125.865,24.36,43.932,6.69,15.57,18.877,0.237,0.091
Upper-middle-income countries,2009,,2345622340.0,,11.467,20.189,83.665,196.247,25.707,60.3,0.895,0.403,544.14,3.251,730.545,9891.0,23200.551,1525.224,3577.6,1.589,356.154,9710.318,22776.74,53.107,47.598,6717.77,6736.59,13.821,1.288,619.746,20780.428,,1.309,560.578,2078.229,4874.74,18499.135,43391.984,72.362,89.022,-2.116,-181.029,8374.814,465.906,1092.84,3570.402,-9.397,-1001.45,4116.485,9655.72,16.222,17.182,3665.65,-0.307,-38.118,4094.252,630.327,1478.51,1745.486,21.947,8.4,2.185,59.172,5351.053,793.755,1861.85,2281.293,27.638,10.978,-18.82,-0.28,0.66,0.301,786.104,120.169,281.87,335.137,4.184,1.613,0.094,11.058,11816.616,87.098,204.3,5037.732,-0.261,-49.139,8011.701,18792.426,3.033,24.243,185.934,69.41,9.11,21.013,32.867,29.591,3.884,79.269,1.03,0.135,0.381,2871.984,48743.035,2.444,58.871,4564.949,673.587,1579.98,1946.157,23.454,9.365,62.582,0.401,1.052,0.141,0.33,0.449,0.005,0.002,100.324,43.531,87.464,13.527,31.73,37.288,0.471,0.179
Upper-middle-income countries,2010,,2364144387.0,,8.698,17.07,90.23,213.317,31.517,74.51,1.006,0.414,543.425,3.784,877.898,10184.847,24078.449,1665.029,3936.37,7.512,1710.877,10357.92,24487.617,53.141,46.685,7378.4,7407.35,14.362,5.812,2833.066,21815.969,,5.477,2376.379,2264.65,5353.96,19359.377,45768.363,72.279,88.739,7.652,640.814,9015.629,514.258,1215.78,3813.485,9.189,887.26,4459.533,10542.979,16.413,17.48,4025.34,8.103,304.613,4398.865,685.872,1621.5,1860.658,21.89,8.529,9.019,456.684,5807.736,868.555,2053.39,2456.591,27.721,11.261,-28.95,-0.392,2.799,17.042,803.146,122.966,290.71,339.719,3.925,1.557,7.258,857.67,12674.286,85.363,201.81,5361.046,2.014,378.455,8109.014,19170.881,2.724,24.574,233.193,83.41,8.9,24.989,47.259,35.281,3.765,98.638,1.126,0.12,0.452,3133.205,51576.102,10.06,439.641,5004.59,745.589,1762.68,2116.872,23.796,9.703,122.422,1.274,2.326,0.343,0.81,0.984,0.011,0.005,80.484,69.426,156.889,24.093,56.96,66.362,0.769,0.304
Upper-middle-income countries,2011,,2382503938.0,,-3.672,-7.833,86.247,205.484,32.995,78.61,0.983,0.376,557.234,7.996,1925.373,10914.493,26003.822,1857.441,4425.36,9.854,2413.078,11290.935,26900.695,55.354,47.545,7977.9,7994.66,14.617,6.044,3117.082,22956.178,,6.475,2963.645,2470.774,5886.63,20454.115,48732.008,73.632,89.101,6.331,570.783,9586.412,517.498,1232.94,4023.671,4.124,434.832,4607.678,10977.812,15.422,17.528,4454.9,1.014,17.493,4416.358,680.687,1621.74,1853.662,20.285,8.075,2.805,153.444,5961.18,884.796,2108.03,2502.065,26.368,10.899,-16.76,-0.21,6.619,47.943,851.088,130.61,311.18,357.224,3.892,1.556,3.688,467.483,13141.77,95.836,228.33,5515.949,-2.644,-506.891,7833.771,18663.99,2.856,24.028,247.974,87.54,8.93,6.261,14.78,36.743,3.748,104.081,1.095,0.112,0.453,3355.571,54693.184,2.209,105.501,5110.092,754.186,1796.85,2144.841,22.476,9.343,250.466,5.776,8.102,1.213,2.89,3.401,0.036,0.015,48.894,75.284,232.174,35.542,84.68,97.449,1.059,0.425
Upper-middle-income countries,2012,,2402146692.0,,2.896,5.951,88.019,211.435,35.314,84.83,1.016,0.373,544.394,1.328,345.344,10969.008,26349.166,1865.215,4480.52,1.518,408.424,11368.631,27309.119,53.645,46.535,8352.46,8352.11,14.751,3.527,1928.828,23571.422,,2.784,1356.676,2506.916,6021.98,20851.635,50088.684,72.101,88.462,3.605,345.563,9931.976,543.888,1306.5,4134.625,0.798,87.642,4606.485,11065.453,15.643,17.541,4546.84,10.001,412.233,4828.591,743.731,1786.55,2010.115,21.39,8.528,9.769,572.147,6533.327,970.02,2330.13,2719.787,27.899,11.538,0.35,0.004,4.451,32.491,883.579,135.042,324.39,367.829,3.884,1.56,5.066,665.771,13807.541,97.813,234.96,5748.001,4.489,837.852,8118.506,19501.842,2.813,24.385,268.289,93.38,8.55,7.981,20.315,38.874,3.559,111.687,1.118,0.102,0.474,3476.936,56622.012,10.636,539.656,5649.748,834.978,2005.74,2351.958,24.015,9.978,75.559,6.036,14.138,2.136,5.13,5.886,0.061,0.025,41.829,95.121,327.295,50.238,120.68,136.251,1.445,0.578
Upper-middle-income countries,2013,,2423354868.0,,21.327,45.092,105.856,256.527,40.865,99.03,1.118,0.443,546.585,1.21,318.711,11004.528,26667.877,1980.044,4798.35,0.835,228.057,11363.245,27537.176,54.17,46.032,8858.75,8857.95,15.29,2.315,1310.859,23906.062,,1.998,1000.777,2643.302,6405.66,21082.121,51089.461,72.315,88.187,2.691,267.233,10199.209,573.276,1389.25,4208.714,2.947,326.058,4700.719,11391.511,15.684,17.605,4841.62,2.162,74.682,4903.273,758.16,1837.29,2023.341,20.742,8.464,6.109,310.084,6843.411,1011.94,2452.29,2823.941,27.685,11.813,0.8,0.009,2.956,20.641,904.22,138.069,334.59,373.127,3.777,1.561,3.004,414.834,14222.375,89.983,218.06,5868.878,-0.991,-193.348,7967.671,19308.494,2.462,24.55,313.796,108.33,9.3,16.898,45.507,44.702,3.838,129.488,1.223,0.105,0.542,3655.243,57932.871,6.594,289.443,5939.191,873.871,2117.7,2450.813,23.907,10.252,129.154,18.065,32.203,4.873,11.81,13.289,0.133,0.056,33.219,106.098,433.393,66.136,160.27,178.84,1.809,0.748
Upper-middle-income countries,2014,,2444604237.0,,8.793,22.556,114.163,279.083,47.087,115.11,1.242,0.472,538.963,-0.107,-28.611,10897.169,26639.266,2017.648,4932.35,-1.029,-283.324,11148.574,27253.852,53.216,45.09,9275.92,9268.46,15.688,1.981,1147.668,24167.732,,1.142,583.289,2705.452,6613.76,21137.471,51672.75,71.358,87.462,2.92,297.776,10496.985,599.025,1464.38,4293.94,-0.452,-51.473,4638.803,11340.038,15.8,17.767,4995.36,6.494,287.17,5190.443,795.274,1944.13,2123.224,20.976,8.785,8.782,564.377,7407.788,1085.943,2654.7,3030.261,28.642,12.538,7.46,0.08,8.232,68.58,972.8,148.985,364.21,397.938,3.93,1.647,2.209,314.125,14536.5,88.779,217.03,5946.361,-0.234,-45.086,7879.97,19263.408,2.342,24.605,370.065,125.43,10.32,17.899,56.27,51.309,4.222,151.38,1.353,0.111,0.626,3791.395,59080.539,8.864,495.797,6434.988,936.957,2290.49,2632.323,24.713,10.892,143.206,45.648,77.851,11.883,29.05,31.846,0.313,0.132,20.137,84.153,517.545,78.491,191.88,211.709,2.07,0.876
Upper-middle-income countries,2015,,2464672367.0,,8.968,25.028,123.388,304.111,51.755,127.56,1.367,0.512,524.181,-2.254,-600.471,10564.81,26038.795,1940.002,4781.47,-1.98,-539.658,10838.842,26714.193,51.249,43.863,9328.729,9329.87,15.717,0.479,282.883,24085.725,,-0.364,-188.238,2633.677,6491.15,20888.988,51484.512,69.574,86.728,0.714,74.964,10571.949,608.097,1498.76,4289.394,0.16,18.194,4608.415,11358.232,16.064,17.809,4890.54,2.735,110.211,5300.655,812.299,2002.05,2150.653,21.458,8.929,7.08,471.121,7878.909,1151.764,2838.72,3196.737,30.426,13.272,-1.14,-0.012,14.327,132.755,1105.554,168.314,414.84,448.56,4.446,1.862,2.32,337.268,14873.768,85.577,210.92,6034.785,3.157,608.1,8062.535,19871.508,2.261,25.055,409.646,139.08,11.52,10.792,39.581,56.429,4.674,166.207,1.491,0.123,0.69,3785.44,59363.422,6.009,338.366,6773.354,983.449,2423.88,2748.177,25.98,11.41,65.239,50.023,127.875,19.378,47.76,51.883,0.512,0.215,22.665,113.523,631.068,95.343,234.99,256.045,2.519,1.063
Upper-middle-income countries,2016,,2482967003.0,,-5.119,-15.569,116.208,288.542,56.106,139.31,1.433,0.481,514.908,-2.025,-527.354,10274.579,25511.441,1984.412,4927.23,-5.543,-1480.676,10162.647,25233.518,50.686,42.558,9716.3,9721.09,16.217,0.979,581.23,24142.348,,-0.004,-2.285,2665.364,6618.01,20734.156,51482.227,68.079,85.883,2.431,256.969,10828.918,602.066,1494.91,4361.281,0.949,107.841,4617.892,11466.073,15.378,18.065,5005.47,3.806,169.208,5469.862,845.553,2099.48,2202.954,21.597,9.125,7.193,583.518,8462.427,1249.747,3103.08,3408.191,31.921,14.117,-4.79,-0.049,11.101,115.461,1221.015,186.66,463.47,491.757,4.768,2.037,1.803,268.101,15141.868,78.885,195.87,6098.296,-0.384,-76.367,7972.374,19795.141,2.015,25.26,449.207,152.08,12.77,9.728,39.561,61.249,5.143,180.915,1.564,0.131,0.749,3915.111,59944.652,6.57,468.057,7241.412,1063.087,2639.61,2916.435,27.153,12.08,63.083,79.433,207.308,31.539,78.31,83.492,0.806,0.346,31.747,195.425,826.493,124.746,309.74,332.865,3.186,1.379
Upper-middle-income countries,2017,,2500616723.0,,2.559,7.385,118.341,295.926,64.032,160.12,1.562,0.479,513.333,1.035,264.029,10307.646,25775.471,2085.709,5215.56,3.282,828.246,10422.135,26061.764,50.864,41.761,10259.29,10253.85,16.613,2.963,1776.234,24682.266,,2.348,1208.633,2775.375,6940.15,21071.146,52690.859,67.683,85.37,5.18,560.982,11389.9,619.231,1548.46,4554.836,4.899,561.769,4809.95,12027.842,15.101,18.454,5263.64,1.363,41.964,5511.827,845.551,2114.4,2204.187,20.621,8.93,6.964,567.601,9030.027,1325.153,3313.7,3611.12,32.317,14.63,5.44,0.053,8.074,90.826,1311.842,200.938,502.47,524.607,4.9,2.125,2.533,383.617,15525.485,70.435,176.13,6208.663,-0.323,-64.023,7890.5,19731.117,1.718,25.154,520.802,173.76,13.64,15.902,71.595,69.487,5.455,208.27,1.695,0.133,0.844,4100.528,61720.887,6.78,476.774,7718.186,1124.215,2811.23,3086.513,27.416,12.505,73.642,150.548,357.856,54.279,135.73,143.107,1.324,0.58,25.576,205.282,1031.775,154.898,387.34,412.608,3.778,1.672
Upper-middle-income countries,2018,,2516785800.0,,15.286,45.235,135.554,341.161,72.211,181.74,1.666,0.535,511.309,1.744,449.506,10420.027,26224.977,2217.165,5580.13,4.564,1189.506,10827.807,27251.27,51.151,41.131,10909.8,10909.15,17.11,3.304,2039.25,25333.955,,2.483,1308.512,2906.739,7315.64,21455.688,53999.371,67.06,84.691,5.865,668.037,12057.938,622.298,1566.19,4791.007,3.415,410.723,4942.242,12438.564,14.357,18.911,5577.95,2.979,130.978,5642.804,869.53,2188.42,2242.068,20.06,8.85,8.977,730.736,9760.764,1427.817,3593.51,3878.266,32.94,15.309,0.65,0.006,9.675,118.502,1430.344,214.547,539.97,568.322,4.95,2.243,1.23,190.972,15716.457,67.276,169.32,6244.654,-0.828,-163.434,7774.871,19567.684,1.552,24.649,587.809,195.96,14.22,12.778,67.007,77.861,5.65,233.555,1.796,0.13,0.922,4334.557,63760.137,8.859,612.234,8330.42,1213.27,3053.54,3309.944,27.991,13.065,52.262,183.837,541.692,81.537,205.21,215.232,1.881,0.85,18.641,185.179,1216.954,184.342,463.95,483.535,4.253,1.909
Upper-middle-income countries,2019,,2530546049.0,,8.417,28.716,146.165,369.877,80.615,204.0,1.809,0.564,501.3,2.104,551.664,10581.368,26776.641,2242.741,5675.36,2.812,766.352,11071.769,28017.621,50.328,40.828,11288.3,11276.75,17.195,2.859,1823.176,25916.664,,1.89,1020.387,2918.607,7385.67,21742.248,55019.758,65.495,83.893,1.217,146.744,12204.682,613.16,1551.63,4822.944,2.088,259.728,5018.005,12698.292,13.76,18.609,5653.03,4.664,241.403,5884.207,896.506,2268.65,2325.272,20.118,8.972,8.555,802.797,10563.561,1537.645,3891.08,4174.419,34.505,16.107,11.55,0.102,10.626,146.157,1576.5,241.229,610.44,622.988,5.413,2.404,2.049,321.976,16038.433,62.706,158.68,6337.934,-0.591,-115.627,7686.901,19452.057,1.407,24.455,660.667,220.26,16.26,12.4,72.859,87.04,6.425,261.077,1.953,0.144,1.007,4456.252,65583.312,8.204,656.641,8987.061,1296.416,3280.64,3551.431,29.092,13.703,30.187,160.922,702.614,105.479,266.92,277.653,2.367,1.071,12.968,152.742,1369.696,207.39,524.81,541.265,4.654,2.088
Upper-middle-income countries,2020,,2541463877.0,,-9.277,-34.313,132.036,335.564,90.963,231.18,2.011,0.512,492.578,1.001,267.904,10641.326,27044.545,2241.885,5697.67,-1.237,-346.572,10887.839,27671.049,49.572,41.239,11510.27,11493.65,17.526,-0.006,-3.828,25803.822,,-1.0,-550.41,2898.936,7367.54,21432.273,54469.348,64.101,83.059,-0.305,-37.209,12167.473,596.566,1516.15,4787.584,-3.653,-463.897,4813.917,12234.395,13.191,18.554,5661.52,2.336,115.337,5999.544,910.668,2314.43,2360.665,20.137,9.149,4.613,546.568,11110.129,1623.517,4126.11,4371.547,35.899,16.941,16.62,0.144,3.364,47.054,1623.555,254.664,647.22,638.827,5.631,2.476,-4.87,-781.101,15257.332,60.485,153.72,6003.364,-9.027,-1755.969,6962.951,17696.088,1.337,23.265,756.201,248.22,17.04,14.313,95.533,97.668,6.705,297.545,2.16,0.148,1.153,4522.453,65579.484,4.829,499.514,9486.574,1368.853,3478.89,3732.72,30.268,14.466,19.659,135.036,837.65,125.007,317.7,329.594,2.764,1.277,14.139,187.92,1557.616,235.51,598.54,612.881,5.208,2.375
Upper-middle-income countries,2021,,2548718303.0,,1.941,6.512,134.215,342.076,106.579,271.64,2.179,0.491,491.604,3.45,933.074,10977.133,27977.619,2405.609,6131.22,3.627,1003.533,11250.589,28674.582,49.175,40.174,12466.48,12468.229,17.903,6.194,4062.0,27324.119,,5.863,3193.465,3135.348,7991.12,22624.238,57662.812,64.092,82.8,11.509,1400.393,13567.865,661.631,1686.31,5323.407,9.173,1122.315,5240.56,13356.71,13.525,19.482,6129.43,-2.315,-160.321,5839.223,888.709,2265.07,2291.043,18.167,8.385,7.824,868.542,11978.671,1756.612,4477.11,4699.88,35.908,17.2,-1.75,-0.014,8.862,137.405,1760.96,275.633,702.51,690.92,5.634,2.529,5.637,859.996,16117.328,68.109,173.59,6323.699,3.335,590.119,7174.668,18286.207,1.392,23.143,855.864,289.06,17.42,13.061,99.664,113.414,6.835,335.802,2.318,0.14,1.229,4891.96,69641.484,7.647,731.137,10217.711,1480.98,3774.6,4008.96,30.274,14.672,25.934,213.378,1051.028,156.553,399.01,412.375,3.2,1.509,37.219,571.903,2129.519,322.303,821.46,835.525,6.588,3.058
Upper-middle-income countries,2022,,2555055874.0,,0.992,3.392,135.21,345.468,,,,0.494,,0.385,107.643,10992.034,28085.262,2398.883,6129.28,8.603,2466.822,12188.15,31141.404,48.031,40.132,,12761.214,18.235,0.49,341.195,27389.883,,-0.823,-474.762,2988.736,7636.388,22382.309,57188.051,59.841,81.717,-6.318,-857.283,12710.582,554.678,1417.232,4974.679,-4.82,-643.815,4975.584,12712.895,11.106,18.162,,3.149,161.919,6001.142,900.886,2301.815,2348.732,18.038,8.575,6.893,815.964,12794.635,1856.968,4744.658,5007.575,37.18,18.283,,,0.614,4.348,1765.308,276.165,705.616,690.908,5.529,2.522,1.705,274.879,16392.207,35.175,89.875,6415.596,2.301,420.766,7321.551,18706.973,0.704,23.423,887.048,281.35,,3.638,31.184,110.115,,347.174,2.205,,1.268,4994.495,69982.68,7.977,811.615,11029.326,1580.804,4039.042,4316.667,31.651,15.76,28.993,299.776,1350.804,202.782,518.118,528.679,4.06,1.93,15.228,315.344,2444.863,367.021,937.759,956.873,7.349,3.494
Uruguay,1980,URY,2953754.0,30899779584.0,,,,,,,,,,,,,,,,,,0.0,0.0,,,,,,,,10714.687,1.024,,,,,,,,,,,,,,,,,0.0,0.0,,,,,,,,,,,,,,,,,,,,,,,,,,,,,,,,,,,,,,0.0,0.0,,,,,,,,,,,,,,,31.649,,,,,,,,,,,,,,,,,,,,,,,,
Uruguay,1981,URY,2966077.0,30311264256.0,,,,,,,,,,,,,,,,,0.0,0.0,0.0,,,,,,-5.288,-1.674,10105.918,0.989,,,,,,,,,,,,,,,,0.0,0.0,0.0,,,,,,,,,,,,,,,,,,,,,,,,,,,,,,,,,,,,,0.0,0.0,0.0,,,,,,,,,,,,,,,29.975,,,,,,,,,,,,,,,,,,,,,,,,
Uruguay,1982,URY,2979189.0,28427503616.0,,,,,,,,,,,,,,,,,0.0,0.0,0.0,,,,,,-5.198,-1.558,9538.443,1.0,,,,,,,,,,,,,,,,0.0,0.0,0.0,,,,,,,,,,,,,,,,,,,,,,,,,,,,,,,,,,,,,0.0,0.0,0.0,,,,,,,,,,,,,,,28.417,,,,,,,,,,,,,,,,,,,,,,,,
Uruguay,1983,URY,2993291.0,26751549440.0,,,,,,,,,,,,,,,,,0.0,0.0,0.0,,,,,,23.146,6.577,11690.881,1.308,,,,,,,,,,,,,,,,0.0,0.0,0.0,,,,,,,,,,,,,,,,,,,,,,,,,,,,,,,,,,,,,0.0,0.0,0.0,,,,,,,,,,,,,,,34.994,,,,,,,,,,,,,,,,,,,,,,,,
Uruguay,1984,URY,3008263.0,26485440512.0,,,,,,,,,,,,,,,,,0.0,0.0,0.0,,,,,,-1.802,-0.631,11423.052,1.297,,,,,,,,,,,,,,,,0.0,0.0,0.0,,,,,,,,,,,,,,,,,,,,,,,,,,,,,,,,,,,,,0.0,0.0,0.0,,,,,,,,,,,,,,,34.364,,,,,,,,,,,,,,,,,,,,,,,,
Uruguay,1985,URY,3024214.0,26809812992.0,,,,,,,,,,,,,,,,,0.0,0.0,0.0,,,,,,-7.832,-2.691,10472.896,1.181,,,,,,,,,,,,,,,,0.0,0.0,0.0,,,,,,,,,,,,,,,,,,,,,,,,,,,,,,,,,,,,,0.0,0.0,0.0,,,,,,,,,,,,,,,31.672,,,,,,,,,,,,,,,,,,,,,,,,
Uruguay,1986,URY,3041205.0,29182468096.0,,,,,,,,,,,,,,,,,0.0,0.0,0.0,,,,,,5.384,1.705,10975.085,1.144,,,,,,,,,,,,,,,,0.0,0.0,0.0,,,,,,,,,,,,,,,,,,,,,,,,,,,,,,,,,,,,,0.0,0.0,0.0,,,,,,,,,,,,,,,33.377,,,,,,,,,,,,,,,,,,,,,,,,
Uruguay,1987,URY,3058793.0,31419944960.0,,,,,,,,,,,,,,,,,0.0,0.0,0.0,,,,,,6.639,2.216,11636.47,1.133,,,,,,,,,,,,,,,,0.0,0.0,0.0,,,,,,,,,,,,,,,,,,,,,,,,,,,,,,,,,,,,,0.0,0.0,0.0,,,,,,,,,,,,,,,35.594,,,,,,,,,,,,,,,,,,,,,,,,
Uruguay,1988,URY,3077764.0,31465408512.0,,,,,,,,,,,,,,,,,0.0,0.0,0.0,,,,,,-1.281,-0.456,11416.548,1.117,,,,,,,,,,,,,,,,0.0,0.0,0.0,,,,,,,,,,,,,,,,,,,,,,,,,,,,,,,,,,,,,0.0,0.0,0.0,,,,,,,,,,,,,,,35.137,,,,,,,,,,,,,,,,,,,,,,,,
Uruguay,1989,URY,3097896.0,31821840384.0,,,,,,,,,,,,,,,,,0.0,0.0,0.0,,,,,,-12.863,-4.52,9883.427,0.962,,,,,,,,,,,,,,,,0.0,0.0,0.0,,,,,,,,,,,,,,,,,,,,,,,,,,,,,,,,,,,,,0.0,0.0,0.0,,,,,,,,,,,,,,,30.618,,,,,,,,,,,,,,,,,,,,,,,,
Uruguay,1990,URY,3117011.0,32048549888.0,,,,,,,,,,,,,,,,,0.0,0.0,0.0,,,,,,28.785,8.813,12650.301,1.23,,,,,,,,,,,,,,,,0.0,0.0,0.0,,,,,,,,,,,,,,,,,,,,,,,,,,,,,,,,,,,,,0.0,0.0,0.0,,,,,,,,,,,,,,,39.431,,,,,,,,,,,,,,,,,,,,,,,,
Uruguay,1991,URY,3135374.0,33068812288.0,,,,,,,,,,,,,,,,,0.0,0.0,0.0,,,,,,-11.248,-4.435,11161.646,1.058,,,,,,,,,,,,,,,,0.0,0.0,0.0,,,,,,,,,,,,,,,,,,,,,,,,,,,,,,,,,,,,,0.0,0.0,0.0,,,,,,,,,,,,,,,34.996,,,,,,,,,,,,,,,,,,,,,,,,
Uruguay,1992,URY,3153732.0,35598159872.0,,,,,,,,,,,,,,,,,0.0,0.0,0.0,,,,,,15.416,5.395,12807.296,1.135,,,,,,,,,,,,,,,,0.0,0.0,0.0,,,,,,,,,,,,,,,,,,,,,,,,,,,,,,,,,,,,,0.0,0.0,0.0,,,,,,,,,,,,,,,40.391,,,,,,,,,,,,,,,,,,,,,,,,
Uruguay,1993,URY,3171749.0,36471103488.0,,,,,,,,,,,,,,,,,0.0,0.0,0.0,,,,,,2.264,0.914,13022.812,1.133,,,,,,,,,,,,,,,,0.0,0.0,0.0,,,,,,,,,,,,,,,,,,,,,,,,,,,,,,,,,,,,,0.0,0.0,0.0,,,,,,,,,,,,,,,41.305,,,,,,,,,,,,,,,,,,,,,,,,
Uruguay,1994,URY,3189945.0,39036334080.0,,,,,,,,,,,,,,,,,0.0,0.0,0.0,,,,,,-1.195,-0.494,12793.767,1.045,,,,,,,,,,,,,,,,0.0,0.0,0.0,,,,,,,,,,,,,,,,,,,,,,,,,,,,,,,,,,,,,0.0,0.0,0.0,,,,,,,,,,,,,,,40.811,,,,,,,,,,,,,,,,,,,,,,,,
Uruguay,1995,URY,3208305.0,38399528960.0,,,,,,,,,,,,,,,,,0.0,0.0,0.0,,,,,,-11.287,-4.606,11284.824,0.943,,,,,,,,,,,,,,,,0.0,0.0,0.0,,,,,,,,,,,,,,,,,,,,,,,,,,,,,,,,,,,,,0.0,0.0,0.0,,,,,,,,,,,,,,,36.205,,,,,,,,,,,,,,,,,,,,,,,,
Uruguay,1996,URY,3226635.0,40381657088.0,,,,,,,,,,,,,,,,,0.0,0.0,0.0,,,,,,4.542,1.645,11730.4,0.937,,,,,,,,,,,,,,,,0.0,0.0,0.0,,,,,,,,,,,,,,,,,,,,,,,,,,,,,,,,,,,,,0.0,0.0,0.0,,,,,,,,,,,,,,,37.85,,,,,,,,,,,,,,,,,,,,,,,,
Uruguay,1997,URY,3245066.0,42411769856.0,,,,,,,,,,,,,,,,,0.0,0.0,0.0,,,,,,9.355,3.541,12754.899,0.976,,,,,,,,,,,,,,,,0.0,0.0,0.0,,,,,,,,,,,,,,,,,,,,,,,,,,,,,,,,,,,,,0.0,0.0,0.0,,,,,,,,,,,,,,,41.39,,,,,,,,,,,,,,,,,,,,,,,,
Uruguay,1998,URY,3262676.0,44280102912.0,,,,,,,,,,,,,,,,,0.0,0.0,0.0,,,,,,25.187,10.425,15881.316,1.17,,,,,,,,,,,,,,,,0.0,0.0,0.0,,,,,,,,,,,,,,,,,,,,,,,,,,,,,,,,,,,,,0.0,0.0,0.0,,,,,,,,,,,,,,,51.816,,,,,,,,,,,,,,,,,,,,,,,,
Uruguay,1999,URY,3278965.0,43167539200.0,,,,,,,,,,,,,,,,,0.0,0.0,0.0,,,,,,-10.314,-5.344,14172.597,1.077,,,,,,,,,,,,,,,,0.0,0.0,0.0,,,,,,,,,,,,,,,,,,,,,,,,,,,,,,,,,,,,,0.0,0.0,0.0,,,,,,,,,,,,,,,46.471,,,,,,,,,,,,,,,,,,,,,,,,
Uruguay,2000,URY,3292227.0,42357432320.0,,,,,6.075,0.02,0.267,,68.091,,,,,0.0,0.0,,0.0,0.0,0.0,0.0,,7.88,7.49,,3.443,1.6,14601.469,1.135,,,148.835,0.49,,,6.542,,,,,0.0,0.0,,,0.0,0.0,0.0,0.0,,0.51,,,,2120.146,6.98,,93.191,,,,,2126.22,7.0,,93.458,,0.39,4.949,,,,0.0,0.0,,0.0,,,,,148.835,0.49,,,0.0,0.0,0.0,6.542,,,0.02,0.0,,,6.075,0.0,,0.267,0.0,,2275.056,48.071,,,,2126.22,7.0,,93.458,,,,,0.0,0.0,,0.0,,,,,0.0,0.0,,0.0,
Uruguay,2001,URY,3300938.0,40598155264.0,,,,,0.0,0.0,0.0,,28.384,,,,,0.0,0.0,,0.0,0.0,0.0,0.0,,8.12,9.16,,9.501,4.567,15946.608,1.297,,,18.177,0.06,,,0.655,,,,,0.0,0.0,,,0.0,0.0,0.0,0.0,,0.26,,,,2756.792,9.1,,99.345,,,,,2756.792,9.1,,99.345,,-1.04,-12.808,,,,0.0,0.0,,0.0,,,,,18.177,0.06,,,0.0,0.0,0.0,0.655,,,0.0,0.0,,,0.0,0.0,,0.0,0.0,,2774.969,52.639,,,,2756.792,9.1,,99.345,,,,,0.0,0.0,,0.0,,,,,0.0,0.0,,0.0,
Uruguay,2002,URY,3306446.0,37250879488.0,,,,,0.0,0.0,0.0,,29.443,,,,,0.0,0.0,,0.0,0.0,0.0,0.0,,7.75,9.51,,-11.195,-5.893,14137.804,1.255,,,21.171,0.07,,,0.736,,,,,0.0,0.0,,,0.0,0.0,0.0,0.0,,0.28,,,,2855.029,9.44,,99.264,,,,,2855.029,9.44,,99.264,,-1.76,-22.71,,,,0.0,0.0,,0.0,,,,,21.171,0.07,,,0.0,0.0,0.0,0.736,,,0.0,0.0,,,0.0,0.0,,0.0,0.0,,2876.2,46.746,,,,2855.029,9.44,,99.264,,,,,0.0,0.0,,0.0,,,,,0.0,0.0,,0.0,
Uruguay,2003,URY,3310204.0,37483122688.0,,,,,0.0,0.0,0.0,,30.481,,,,,0.0,0.0,,0.0,0.0,0.0,0.0,,7.83,8.53,,0.421,0.197,14181.147,1.252,,,24.168,0.08,,,0.938,,,,,0.0,0.0,,,0.0,0.0,0.0,0.0,,0.26,,,,2552.713,8.45,,99.062,,,,,2552.713,8.45,,99.062,,-0.7,-8.94,,,,0.0,0.0,,0.0,,,,,24.168,0.08,,,0.0,0.0,0.0,0.938,,,0.0,0.0,,,0.0,0.0,,0.0,0.0,,2576.88,46.942,,,,2552.713,8.45,,99.062,,,,,0.0,0.0,,0.0,,,,,0.0,0.0,,0.0,
Uruguay,2004,URY,3313804.0,39270182912.0,,,,,12.071,0.04,0.692,,143.599,,,,,0.0,0.0,,0.0,0.0,0.0,0.0,,8.03,5.78,,-3.799,-1.784,13627.525,1.15,,,304.786,1.01,,,17.474,,,,,0.0,0.0,,,0.0,0.0,0.0,0.0,,0.83,,,,1427.363,4.73,,81.834,,,,,1439.433,4.77,,82.526,,2.25,28.02,,,,0.0,0.0,,0.0,,,,,304.786,1.01,,,0.0,0.0,0.0,17.474,,,0.04,0.0,,,12.071,0.0,,0.692,0.0,,1744.219,45.159,,,,1439.433,4.77,,82.526,,,,,0.0,0.0,,0.0,,,,,0.0,0.0,,0.0,
Uruguay,2005,URY,3317666.0,41988071424.0,,,,,12.057,0.04,0.529,,105.82,,,,,0.0,0.0,,0.0,0.0,0.0,0.0,,8.3,7.56,,7.969,3.599,14696.39,1.161,,,271.275,0.9,,,11.905,,,,,0.0,0.0,,,0.0,0.0,0.0,0.0,,0.8,,,,1995.379,6.62,,87.566,,,,,2007.435,6.66,,88.095,,0.74,8.916,,,,0.0,0.0,,0.0,,,,,271.275,0.9,,,0.0,0.0,0.0,11.905,,,0.04,0.0,,,12.057,0.0,,0.529,0.0,,2278.71,48.758,,,,2007.435,6.66,,88.095,,,,,0.0,0.0,,0.0,,,,,0.0,0.0,,0.0,
Uruguay,2006,URY,3322282.0,43607982080.0,,,,,12.04,0.04,0.731,,219.378,,,,,0.0,0.0,,0.0,0.0,0.0,0.0,,8.29,5.47,,-8.849,-4.315,13377.312,1.019,,,562.866,1.87,,,34.186,,,,,300.998,1.0,,,0.0,0.0,0.0,18.282,,1.2,,,,1071.553,3.56,,65.082,,,,,1083.593,3.6,,65.814,,2.82,34.017,,,,0.0,0.0,,0.0,,,,,261.868,0.87,,,0.0,0.0,0.0,15.905,,,0.04,0.0,,,12.04,0.0,,0.731,0.0,,1646.458,44.443,,,,1083.593,3.6,,65.814,,,,,0.0,0.0,,0.0,,,,,0.0,0.0,,0.0,
Uruguay,2007,URY,3328647.0,46196531200.0,,,,,96.135,0.32,3.448,,89.44,,,,,0.0,0.0,,0.0,0.0,0.0,0.0,,9.07,9.28,,18.363,8.161,15803.453,1.139,,,291.41,0.97,,,10.453,,,,,156.22,0.52,,,0.0,0.0,0.0,5.603,,0.83,,,,2400.375,7.99,,86.099,,,,,2496.51,8.31,,89.547,,-0.21,-2.315,,,,0.0,0.0,,0.0,,,,,135.19,0.45,,,0.0,0.0,0.0,4.849,,,0.32,0.0,,,96.135,0.0,,3.448,0.0,,2787.919,52.604,,,,2496.51,8.31,,89.547,,,,,0.0,0.0,,0.0,,,,,0.0,0.0,,0.0,
Uruguay,2008,URY,3336131.0,49262288896.0,,,,,314.736,1.05,12.338,,249.119,,,,,0.0,0.0,,0.0,0.0,0.0,0.0,,9.44,8.51,,6.228,3.276,16750.07,1.134,,,902.243,3.01,,,35.37,,,,,479.597,1.6,,,0.0,0.0,0.0,18.801,,2.12,,,,1333.88,4.45,,52.291,,,,,1648.616,5.5,,64.63,,0.93,9.852,,,,0.0,0.0,,0.0,,,,,422.645,1.41,,,0.0,0.0,0.0,16.569,,,1.05,0.0,,,314.736,0.0,,12.338,0.0,,2550.859,55.88,,,,1648.616,5.5,,64.63,,,,,0.0,0.0,,0.0,,,,,0.0,0.0,,0.0,
Uruguay,2009,URY,3344161.0,50283110400.0,,,,,248.194,0.83,9.432,,222.727,,,,,0.0,0.0,,0.0,0.0,0.0,0.0,,10.03,8.8,,5.662,3.164,17655.945,1.174,,,813.358,2.72,,,30.909,,,,,379.766,1.27,,,0.0,0.0,0.0,14.432,,1.96,,,,1557.939,5.21,,59.205,,,,,1818.094,6.08,,69.091,,1.23,12.263,,,,0.0,0.0,,0.0,,,,,433.592,1.45,,,0.0,0.0,0.0,16.477,,,0.83,0.0,,,248.194,0.0,,9.432,0.0,,2631.452,59.044,,,,1818.094,6.08,,69.091,,,,,0.0,0.0,,0.0,,,,,11.961,0.04,,0.455,
Uruguay,2010,URY,3352653.0,54626336768.0,,,,,196.859,0.66,5.984,,126.02,,,,,0.0,0.0,,0.0,0.0,0.0,0.0,,10.71,11.03,,3.868,2.284,18292.451,1.123,,,513.027,1.72,,,15.594,,,,,238.617,0.8,,,0.0,0.0,0.0,7.253,,1.39,,,,2559.167,8.58,,77.788,,,,,2776.905,9.31,,84.406,,-0.32,-2.988,,,,0.0,0.0,,0.0,,,,,274.41,0.92,,,0.0,0.0,0.0,8.341,,,0.66,0.0,,,196.859,0.0,,5.984,0.0,,3289.932,61.328,,,,2776.905,9.31,,84.406,,,,,0.0,0.0,,0.0,,,,,20.879,0.07,,0.635,
Uruguay,2011,URY,3361631.0,57402507264.0,,,,,324.247,1.09,10.511,,198.65,,,,,0.0,0.0,,0.0,0.0,0.0,0.0,,10.82,10.37,,-2.095,-1.285,17861.395,1.046,,,821.03,2.76,,,26.615,,,,,383.742,1.29,,,0.0,0.0,0.0,12.44,,2.06,,,,1906.812,6.41,,61.813,,,,,2263.782,7.61,,73.385,,0.45,4.159,,,,0.0,0.0,,0.0,,,,,437.288,1.47,,,0.0,0.0,0.0,14.176,,,1.09,0.0,,,324.247,0.0,,10.511,0.0,,3084.812,60.043,,,,2263.782,7.61,,73.385,,,,,0.0,0.0,,0.0,,,,,32.722,0.11,,1.061,
Uruguay,2012,URY,3371134.0,59760861184.0,,,,,379.694,1.28,12.064,,262.017,,,,,0.0,0.0,,0.0,0.0,0.0,0.0,,11.16,10.61,,0.161,0.097,17839.785,1.006,,,1142.049,3.85,,,36.287,,,,,462.752,1.56,,,0.0,0.0,0.0,14.703,,2.78,,,,1592.936,5.37,,50.613,,,,,2005.26,6.76,,63.713,,0.55,4.928,,,,0.0,0.0,,0.0,,,,,679.297,2.29,,,0.0,0.0,0.0,21.583,,,1.28,0.0,,,379.694,0.0,,12.064,0.0,,3147.309,60.14,,,,2005.26,6.76,,63.713,,,,,0.0,0.0,,0.0,,,,,32.63,0.11,,1.037,
Uruguay,2013,URY,3381187.0,62296862720.0,,,,,340.117,1.15,10.044,,149.345,,,,,0.0,0.0,,0.0,0.0,0.0,0.0,,11.24,11.45,,4.531,2.725,18592.736,1.009,,,603.338,2.04,,,17.817,,,,,245.476,0.83,,,0.0,0.0,0.0,7.249,,1.71,,,,2401.523,8.12,,70.917,,,,,2783.046,9.41,,82.183,,-0.21,-1.868,,,,0.0,0.0,,0.0,,,,,357.862,1.21,,,0.0,0.0,0.0,10.568,,,1.15,0.0,,,340.117,0.0,,10.044,0.0,,3386.385,62.866,,,,2783.046,9.41,,82.183,,,,,0.0,0.0,,0.0,,,,,41.406,0.14,,1.223,
Uruguay,2014,URY,3391660.0,64374845440.0,,,,,274.202,0.93,7.237,,113.619,,,,,0.0,0.0,,0.0,0.0,0.0,0.0,,11.58,12.85,,2.892,1.818,19071.291,1.005,,,483.539,1.64,,,12.763,,,,,197.543,0.67,,,0.0,0.0,0.0,5.214,,1.46,,,,2815.73,9.55,,74.319,,,,,3305.166,11.21,,87.237,,-1.27,-10.967,,,,0.0,0.0,,0.0,,,,,285.996,0.97,,,0.0,0.0,0.0,7.549,,,0.93,0.0,,,274.202,0.0,,7.237,0.0,,3788.705,64.683,,,,3305.166,11.21,,87.237,,,,,0.0,0.0,,0.0,,,,,215.234,0.73,,5.681,
Uruguay,2015,URY,3402820.0,64830132224.0,,,,,411.423,1.4,10.287,,122.704,,,,,0.0,0.0,,0.0,0.0,0.0,0.0,,12.29,13.61,,3.092,2.0,19596.402,1.029,,,561.299,1.91,,,14.034,,,,,287.996,0.98,,,0.0,0.0,0.0,7.201,,1.67,,,,2403.889,8.18,,60.103,,,,,3438.325,11.7,,85.966,,-1.32,-10.74,,,,0.0,0.0,,0.0,,,,,273.303,0.93,,,0.0,0.0,0.0,6.833,,,1.4,0.0,,,411.423,0.0,,10.287,0.0,,3999.624,66.683,,,,3438.325,11.7,,85.966,,,,,14.694,0.05,,0.367,,,,,608.319,2.07,,15.209,
Uruguay,2016,URY,3413768.0,65763794944.0,,,,,442.326,1.51,10.982,,94.545,,,,,0.0,0.0,,0.0,0.0,0.0,0.0,,13.0,13.75,,1.437,0.958,19814.26,1.029,,,392.528,1.34,,,9.745,,,,,310.507,1.06,,,0.0,0.0,0.0,7.709,,1.3,,,,2273.148,7.76,,56.436,,,,,3635.279,12.41,,90.255,,-0.75,-5.769,,,,0.0,0.0,,0.0,,,,,82.021,0.28,,,0.0,0.0,0.0,2.036,,,1.51,0.0,,,442.326,0.0,,10.982,0.0,,4027.807,67.641,,,,3635.279,12.41,,90.255,,,,,43.94,0.15,,1.091,,,,,875.865,2.99,,21.745,
Uruguay,2017,URY,3422205.0,67467735040.0,,,,,423.703,1.45,10.175,,89.123,,,,,0.0,0.0,,,,,0.0,,12.79,14.25,,-3.446,-2.331,19084.248,0.968,,,385.716,1.32,,,9.263,,,,,303.898,1.04,,,,,,7.298,,1.27,,,,2174.037,7.44,,52.211,,,,,3778.266,12.93,,90.737,,-1.46,-11.415,,,,0.0,0.0,,0.0,,,,,81.819,0.28,,,,,,1.965,,,1.45,0.0,,,423.703,0.0,,10.175,0.0,,4163.982,65.31,,,,3778.266,12.93,,90.737,,,,,78.896,0.27,,1.895,,,,,1101.629,3.77,,26.456,
Uruguay,2018,URY,3427044.0,68560711680.0,,,,,440.613,1.51,10.414,,89.655,,,,,0.0,0.0,,,,,0.0,,13.32,14.5,,2.526,1.65,19538.711,0.977,,,396.843,1.36,,,9.379,,,,,312.222,1.07,,,,,,7.379,,1.3,,,,1893.76,6.49,,44.759,,,,,3834.208,13.14,,90.621,,-1.18,-8.859,,,,0.0,0.0,,0.0,,,,,84.621,0.29,,,,,,2.0,,,1.51,0.0,,,440.613,0.0,,10.414,0.0,,4231.052,66.96,,,,3834.208,13.14,,90.621,,,,,119.637,0.41,,2.828,,,,,1380.198,4.73,,32.621,
Uruguay,2019,URY,3428412.0,,,,,,256.679,0.88,5.483,,88.474,,,,,0.0,0.0,,,,,0.0,,13.04,16.05,,2.325,1.557,19985.01,,,,551.276,1.89,,,11.776,,,,,507.524,1.74,,,,,,10.841,,1.42,,,,2365.527,8.11,,50.53,,,,,4130.192,14.16,,88.224,,-3.01,-23.083,,,,0.0,0.0,,0.0,,,,,43.752,0.15,,,,,,0.935,,,0.88,0.0,,,256.679,0.0,,5.483,0.0,,4681.467,68.517,,,,4130.192,14.16,,88.224,,,,,122.506,0.42,,2.617,,,,,1385.481,4.75,,29.595,
Uruguay,2020,URY,3429087.0,,,,,,323.701,1.11,8.198,,121.861,,,,,0.0,0.0,,,,,0.0,,12.91,13.54,,-11.759,-8.057,17631.439,,,,699.895,2.4,,,17.725,,,,,644.486,2.21,,,,,,16.322,,1.65,,,,1192.737,4.09,,30.207,,,,,3248.678,11.14,,82.275,,-0.63,-4.88,,,,0.0,0.0,,0.0,,,,,55.408,0.19,,,,,,1.403,,,1.11,0.0,,,323.701,0.0,,8.198,0.0,,3948.573,60.46,,,,3248.678,11.14,,82.275,,,,,134.146,0.46,,3.397,,,,,1598.093,5.48,,40.473,
Uruguay,2021,URY,3426265.0,,,,,,469.899,1.61,10.177,,147.282,,,,,0.0,0.0,,,,,0.0,,14.74,15.82,,3.802,2.299,18316.926,,,,1012.765,3.47,,,21.934,,,,,933.962,3.2,,,,,,20.228,,2.33,,,,1538.118,5.27,,33.312,,,,,3604.508,12.35,,78.066,,-1.08,-7.327,,,,0.0,0.0,,0.0,,,,,78.803,0.27,,,,,,1.707,,,1.61,0.0,,,469.899,0.0,,10.177,0.0,,4617.272,62.759,,,,3604.508,12.35,,78.066,,,,,140.094,0.48,,3.034,,,,,1456.396,4.99,,31.542,
Uruguay,2022,URY,3422796.0,,,,,,449.925,1.54,10.462,,114.81,,,,,0.0,0.0,,,,,0.0,,15.09,14.72,,,,,,,,669.044,2.29,,,15.557,,,,,639.828,2.19,,,,,,14.878,,1.69,,,,1639.011,5.61,,38.111,,,,,3631.534,12.43,,84.443,,0.37,2.452,,,,0.0,0.0,,0.0,,,,,29.216,0.1,,,,,,0.679,,,1.54,0.0,,,449.925,0.0,,10.462,0.0,,4300.578,,,,,3631.534,12.43,,84.443,,,,,140.236,0.48,,3.261,,,,,1402.362,4.8,,32.609,
Uzbekistan,1985,UZB,18063210.0,130801917952.0,,,,,,,,,,,,958.034,17.305,,,,,958.041,17.305,,3.713,,47.939,10.286,,,25801.66,3.563,,,,,24912.52,450.0,,96.554,,,311.379,,,17238.279,,,18123.221,327.364,,66.811,,,,16.061,300.691,5.431,889.14,11.33,3.446,,,16.061,0.0,0.0,889.14,0.0,3.446,,,,,0.0,0.0,0.0,0.0,0.0,0.0,,,121.316,,,6716.207,,,1487.294,26.865,,26.03,,,,,,,,,,,,2653.958,466.061,,,16.061,,,889.14,,3.446,,,,,,,,,,,,,,,,
Uzbekistan,1986,UZB,18560002.0,129229070336.0,,,,,,,,,,13.208,2.286,1055.536,19.591,,,13.208,2.286,1055.544,19.591,,4.284,,52.171,11.408,-1.873,-8.728,24640.801,3.539,-1.405,-6.323,,,23905.016,443.677,,97.014,-3.599,-11.205,300.173,,,16173.123,11.593,37.951,19682.898,365.315,,65.636,,-14.972,-2.405,13.656,248.829,4.618,735.786,8.852,2.986,-14.972,-2.405,13.656,0.0,0.0,735.786,0.0,2.986,,,,0.0,0.0,0.0,0.0,0.0,0.0,0.0,2.141,2.597,123.913,,,6676.357,9.524,2.559,1585.339,29.424,,27.095,,,,,,,,,,,,2810.937,457.333,-14.972,-2.405,13.656,,,735.786,,2.986,,,,,,,,,,,,,,,,
Uzbekistan,1987,UZB,19077168.0,128382918656.0,,,,,,,,,,-16.667,-3.265,855.768,16.326,,,-16.667,-3.265,855.774,16.326,,3.425,,54.755,11.489,4.213,19.265,24982.674,3.712,2.908,12.901,,,23933.232,456.578,,95.799,4.704,14.12,314.294,,,16474.857,3.109,11.357,19744.627,376.672,,65.945,,46.603,6.364,20.02,354.902,6.771,1049.441,12.365,4.201,46.603,6.364,20.02,0.0,0.0,1049.441,0.0,4.201,,,,0.0,0.0,0.0,0.0,0.0,0.0,0.0,1.651,2.046,125.959,,,6602.606,5.534,1.628,1627.71,31.052,,26.429,,,,,,,,,,,,2870.185,476.599,46.603,6.364,20.02,,,1049.441,,4.201,,,,,,,,,,,,,,,,
Uzbekistan,1988,UZB,19600032.0,139357126656.0,,,,,,,,,,10.0,1.633,916.233,17.958,,,10.0,1.633,916.239,17.958,,3.743,,50.59,10.544,0.671,3.196,24479.281,3.443,0.445,2.033,,,23398.496,458.611,,95.585,-1.406,-4.42,309.874,,,15809.865,0.251,0.946,19266.193,377.618,,64.585,,5.809,1.163,21.183,365.502,7.164,1080.785,14.161,4.415,5.809,1.163,21.183,0.0,0.0,1080.785,0.0,4.415,,,,0.0,0.0,0.0,0.0,0.0,0.0,0.0,3.827,4.82,130.779,,,6672.397,-8.614,-2.675,1447.814,28.377,,27.257,,,,,,,,,,,,2581.118,479.795,5.809,1.163,21.183,,,1080.785,,4.415,,,,,,,,,,,,,,,,
Uzbekistan,1989,UZB,20102902.0,142094073856.0,,,,,,,,,,12.727,2.286,1007.008,20.244,,,12.727,2.286,1007.015,20.244,,4.077,,55.874,11.253,3.483,16.71,24698.16,3.494,4.715,21.624,,,23888.832,480.235,,96.723,5.699,17.66,327.534,,,16292.867,3.008,11.357,19349.191,388.975,,65.968,,-23.196,-4.914,16.27,273.699,5.502,809.326,9.847,3.277,-23.196,-4.914,16.27,0.0,0.0,809.326,0.0,3.277,,,,0.0,0.0,0.0,0.0,0.0,0.0,0.0,1.283,1.678,132.457,,,6588.958,10.656,3.024,1562.013,31.401,,26.678,,,,,,,,,,,,2779.4,496.505,-23.196,-4.914,16.27,,,809.326,,3.277,,,,,,,,,,,,,,,,
Uzbekistan,1990,UZB,20579106.0,139398692864.0,,,,,,,,,,4.839,0.98,1031.304,21.223,,,4.839,0.98,1031.312,21.223,,4.074,,56.325,10.813,4.915,24.404,25312.494,3.737,4.376,21.016,,,24357.252,501.25,,96.226,6.444,21.105,348.639,,,16941.4,-5.377,-20.915,17885.131,368.06,,66.929,,20.825,3.388,19.658,323.046,6.648,955.244,11.803,3.774,20.825,3.388,19.658,323.046,6.648,955.244,11.803,3.774,,,,0.0,0.0,0.0,0.0,0.0,0.0,0.0,-0.807,-1.069,131.388,,,6384.546,3.704,1.163,1582.382,32.564,,25.223,0.0,0.0,,,,0.0,,0.0,0.0,,0.0,2737.0,520.909,20.825,3.388,19.658,323.046,6.648,955.244,11.803,3.774,,,0.0,0.0,0.0,0.0,0.0,0.0,,,0.0,0.0,0.0,0.0,0.0,0.0
Uzbekistan,1991,UZB,21074308.0,136577597440.0,,,,,,,,,,-8.492,-1.802,921.547,19.421,,,-8.492,-1.802,921.554,19.421,,3.774,,54.165,10.524,-1.199,-6.244,24421.416,3.768,-0.882,-4.42,,,23575.189,496.831,,96.535,0.785,2.735,351.374,,,16673.1,2.746,10.106,17944.42,378.166,,68.272,,-9.281,-1.824,17.834,286.178,6.031,846.225,11.134,3.465,-9.281,-1.824,17.834,286.178,6.031,846.225,11.134,3.465,,,,0.0,0.0,0.0,0.0,0.0,0.0,0.0,-4.074,-5.352,126.036,,,5980.544,0.0,0.0,1545.199,32.564,,24.489,0.0,0.0,,,0.0,0.0,,0.0,0.0,,0.0,2570.191,514.664,-9.281,-1.824,17.834,286.178,6.031,846.225,11.134,3.465,,0.0,0.0,0.0,0.0,0.0,0.0,0.0,,0.0,0.0,0.0,0.0,0.0,0.0,0.0
