country,year,iso_code,population,gdp,biofuel_cons_change_pct,biofuel_cons_change_twh,biofuel_cons_per_capita,biofuel_consumption,biofuel_elec_per_capita,biofuel_electricity,biofuel_share_elec,biofuel_share_energy,carbon_intensity_elec,coal_cons_change_pct,coal_cons_change_twh,coal_cons_per_capita,coal_consumption,coal_elec_per_capita,coal_electricity,coal_prod_change_pct,coal_prod_change_twh,coal_prod_per_capita,coal_production,coal_share_elec,coal_share_energy,electricity_demand,electricity_generation,electricity_share_energy,energy_cons_change_pct,energy_cons_change_twh,energy_per_capita,energy_per_gdp,fossil_cons_change_pct,fossil_cons_change_twh,fossil_elec_per_capita,fossil_electricity,fossil_energy_per_capita,fossil_fuel_consumption,fossil_share_elec,fossil_share_energy,gas_cons_change_pct,gas_cons_change_twh,gas_consumption,gas_elec_per_capita,gas_electricity,gas_energy_per_capita,gas_prod_change_pct,gas_prod_change_twh,gas_prod_per_capita,gas_production,gas_share_elec,gas_share_energy,greenhouse_gas_emissions,hydro_cons_change_pct,hydro_cons_change_twh,hydro_consumption,hydro_elec_per_capita,hydro_electricity,hydro_energy_per_capita,hydro_share_elec,hydro_share_energy,low_carbon_cons_change_pct,low_carbon_cons_change_twh,low_carbon_consumption,low_carbon_elec_per_capita,low_carbon_electricity,low_carbon_energy_per_capita,low_carbon_share_elec,low_carbon_share_energy,net_elec_imports,net_elec_imports_share_demand,nuclear_cons_change_pct,nuclear_cons_change_twh,nuclear_consumption,nuclear_elec_per_capita,nuclear_electricity,nuclear_energy_per_capita,nuclear_share_elec,nuclear_share_energy,oil_cons_change_pct,oil_cons_change_twh,oil_consumption,oil_elec_per_capita,oil_electricity,oil_energy_per_capita,oil_prod_change_pct,oil_prod_change_twh,oil_prod_per_capita,oil_production,oil_share_elec,oil_share_energy,other_renewable_consumption,other_renewable_electricity,other_renewable_exc_biofuel_electricity,other_renewables_cons_change_pct,other_renewables_cons_change_twh,other_renewables_elec_per_capita,other_renewables_elec_per_capita_exc_biofuel,other_renewables_energy_per_capita,other_renewables_share_elec,other_renewables_share_elec_exc_biofuel,other_renewables_share_energy,per_capita_electricity,primary_energy_consumption,renewables_cons_change_pct,renewables_cons_change_twh,renewables_consumption,renewables_elec_per_capita,renewables_electricity,renewables_energy_per_capita,renewables_share_elec,renewables_share_energy,solar_cons_change_pct,solar_cons_change_twh,solar_consumption,solar_elec_per_capita,solar_electricity,solar_energy_per_capita,solar_share_elec,solar_share_energy,wind_cons_change_pct,wind_cons_change_twh,wind_consumption,wind_elec_per_capita,wind_electricity,wind_energy_per_capita,wind_share_elec,wind_share_energy
Central and South America (Shift),1900,,,,,,,,,,,,,,,,,,,,,,3.0,,,,,,,,,,,,,,,,,,,,,,,,,,,0.0,,,,,,,,,,,,,,,,,,,,,,,,,,,,,,,,,,,,,,,0.442,,,,,,,,,,,,,,,,,,,,,,,,,,,,,,,,,,,,,,,
Central and South America (Shift),1901,,,,,,,,,,,,,,,,,,,72.778,2.183,,5.183,,,,,,,,,,,,,,,,,,,,,,,,,0.0,,0.0,,,,,,,,,,,,,,,,,,,,,,,,,,,,,,,,,,,,2.632,0.012,,0.454,,,,,,,,,,,,,,,,,,,,,,,,,,,,,,,,,,,,,,,
Central and South America (Shift),1902,,,,,,,,,,,,,,,,,,,16.164,0.838,,6.02,,,,,,,,,,,,,,,,,,,,,,,,,0.0,,0.0,,,,,,,,,,,,,,,,,,,,,,,,,,,,,,,,,,,,-17.949,-0.081,,0.372,,,,,,,,,,,,,,,,,,,,,,,,,,,,,,,,,,,,,,,
Central and South America (Shift),1903,,,,,,,,,,,,,,,,,,,15.27,0.919,,6.94,,,,,,,,,,,,,,,,,,,,,,,,,0.0,,0.0,,,,,,,,,,,,,,,,,,,,,,,,,,,,,,,,,,,,15.625,0.058,,0.43,,,,,,,,,,,,,,,,,,,,,,,,,,,,,,,,,,,,,,,
Central and South America (Shift),1904,,,,,,,,,,,,,,,,,,,-5.86,-0.407,,6.533,,,,,,,,,,,,,,,,,,,,,,,,,0.0,,0.0,,,,,,,,,,,,,,,,,,,,,,,,,,,,,,,,,,,,5.405,0.023,,0.454,,,,,,,,,,,,,,,,,,,,,,,,,,,,,,,,,,,,,,,
Central and South America (Shift),1905,,,,,,,,,,,,,,,,,,,6.905,0.451,,6.984,,,,,,,,,,,,,,,,,,,,,,,,,0.0,,0.0,,,,,,,,,,,,,,,,,,,,,,,,,,,,,,,,,,,,28.205,0.128,,0.581,,,,,,,,,,,,,,,,,,,,,,,,,,,,,,,,,,,,,,,
Central and South America (Shift),1906,,,,,,,,,,,,,,,,,,,16.559,1.156,,8.14,,,,,,,,,,,,,,,,,,,,,,,,,0.0,,0.0,,,,,,,,,,,,,,,,,,,,,,,,,,,,,,,,,,,,42.0,0.244,,0.826,,,,,,,,,,,,,,,,,,,,,,,,,,,,,,,,,,,,,,,
Central and South America (Shift),1907,,,,,,,,,,,,,,,,,,,0.74,0.06,,8.201,,,,,,,,,,,,,,,,,,,,,,,,,0.0,,0.0,,,,,,,,,,,,,,,,,,,,,,,,,,,,,,,,,,,,40.845,0.337,,1.163,,,,,,,,,,,,,,,,,,,,,,,,,,,,,,,,,,,,,,,
Central and South America (Shift),1908,,,,,,,,,,,,,,,,,,,22.982,1.885,,10.085,,,,,,,,,,,,,,,,,,,,,,,,,0.0,,0.0,,,,,,,,,,,,,,,,,,,,,,,,,,,,,,,,,,,,28.0,0.326,,1.489,,,,,,,,,,,,,,,,,,,,,,,,,,,,,,,,,,,,,,,
Central and South America (Shift),1909,,,,,,,,,,,,,,,,,,,0.896,0.09,,10.176,,,,,,,,,,,,,,,,,,,,,,,,,0.0,,0.0,,,,,,,,,,,,,,,,,,,,,,,,,,,,,,,,,,,,55.469,0.826,,2.314,,,,,,,,,,,,,,,,,,,,,,,,,,,,,,,,,,,,,,,
Central and South America (Shift),1910,,,,,,,,,,,,,,,,,,,9.282,0.945,,11.12,,,,,,,,,,,,,,,,,,,,,,,,,0.0,,0.0,,,,,,,,,,,,,,,,,,,,,,,,,,,,,,,,,,,,-3.518,-0.081,,2.233,,,,,,,,,,,,,,,,,,,,,,,,,,,,,,,,,,,,,,,
Central and South America (Shift),1911,,,,,,,,,,,,,,,,,,,10.791,1.2,,12.32,,,,,,,,,,,,,,,,,,,,,,,,,0.0,,0.0,,,,,,,,,,,,,,,,,,,,,,,,,,,,,,,,,,,,23.958,0.535,,2.768,,,,,,,,,,,,,,,,,,,,,,,,,,,,,,,,,,,,,,,
Central and South America (Shift),1912,,,,,,,,,,,,,,,,,,,5.206,0.641,,12.962,,,,,,,,,,,,,,,,,,,,,,,,,0.0,,0.0,,,,,,,,,,,,,,,,,,,,,,,,,,,,,,,,,,,,28.151,0.779,,3.547,,,,,,,,,,,,,,,,,,,,,,,,,,,,,,,,,,,,,,,
Central and South America (Shift),1913,,,,,,,,,,,,,,,,,,,-2.235,-0.29,,12.672,,,,,,,,,,,,,,,,,,,,,,,,,0.0,,0.0,,,,,,,,,,,,,,,,,,,,,,,,,,,,,,,,,,,,20.656,0.733,,4.28,,,,,,,,,,,,,,,,,,,,,,,,,,,,,,,,,,,,,,,
Central and South America (Shift),1914,,,,,,,,,,,,,,,,,,,-11.827,-1.499,,11.173,,,,,,,,,,,,,,,,,,,,,,,,,0.0,,0.0,,,,,,,,,,,,,,,,,,,,,,,,,,,,,,,,,,,,6.793,0.291,,4.571,,,,,,,,,,,,,,,,,,,,,,,,,,,,,,,,,,,,,,,
Central and South America (Shift),1915,,,,,,,,,,,,,,,,,,,7.821,0.874,,12.047,,,,,,,,,,,,,,,,,,,,,,,,,0.0,,0.0,,,,,,,,,,,,,,,,,,,,,,,,,,,,,,,,,,,,40.204,1.838,,6.408,,,,,,,,,,,,,,,,,,,,,,,,,,,,,,,,,,,,,,,
Central and South America (Shift),1916,,,,,,,,,,,,,,,,,,,21.218,2.556,,14.603,,,,,,,,,,,,,,,,,,,,,,,,,0.0,,0.0,,,,,,,,,,,,,,,,,,,,,,,,,,,,,,,,,,,,15.245,0.977,,7.385,,,,,,,,,,,,,,,,,,,,,,,,,,,,,,,,,,,,,,,
Central and South America (Shift),1917,,,,,,,,,,,,,,,,,,,11.871,1.734,,16.337,,,,,,,,,,,,,,,,,,,,,,,,,0.0,,0.0,,,,,,,,,,,,,,,,,,,,,,,,,,,,,,,,,,,,23.307,1.721,,9.106,,,,,,,,,,,,,,,,,,,,,,,,,,,,,,,,,,,,,,,
Central and South America (Shift),1918,,,,,,,,,,,,,,,,,,,5.427,0.887,,17.223,,,,,,,,,,,,,,,,,,,,,,,,,0.0,,0.0,,,,,,,,,,,,,,,,,,,,,,,,,,,,,,,,,,,,13.665,1.244,,10.351,,,,,,,,,,,,,,,,,,,,,,,,,,,,,,,,,,,,,,,
Central and South America (Shift),1919,,,,,,,,,,,,,,,,,,,-2.989,-0.515,,16.709,,,,,,,,,,,,,,,,,,,,,,,,,0.0,,0.0,,,,,,,,,,,,,,,,,,,,,,,,,,,,,,,,,,,,-2.921,-0.302,,10.048,,,,,,,,,,,,,,,,,,,,,,,,,,,,,,,,,,,,,,,
Central and South America (Shift),1920,,,,,,,,,,,,,,,,,,,-17.85,-2.982,,13.726,,,,,,,,,,,,,,,,,,,,,,,,,0.0,,0.0,,,,,,,,,,,,,,,,,,,,,,,,,,,,,,,,,,,,14.815,1.489,,11.537,,,,,,,,,,,,,,,,,,,,,,,,,,,,,,,,,,,,,,,
Central and South America (Shift),1921,,,,,,,,,,,,,,,,,,,10.715,1.471,,15.197,,,,,,,,,,,,,,,,,,,,,,,,,0.0,,0.0,,,,,,,,,,,,,,,,,,,,,,,,,,,,,,,,,,,,38.004,4.385,,15.921,,,,,,,,,,,,,,,,,,,,,,,,,,,,,,,,,,,,,,,
Central and South America (Shift),1922,,,,,,,,,,,,,,,,,,,-14.549,-2.211,,12.986,,,,,,,,,,,,,,,,,,,,,,,,,0.0,,0.0,,,,,,,,,,,,,,,,,,,,,,,,,,,,,,,,,,,,37.692,6.001,,21.923,,,,,,,,,,,,,,,,,,,,,,,,,,,,,,,,,,,,,,,
Central and South America (Shift),1923,,,,,,,,,,,,,,,,,,,7.612,0.989,,13.974,,,,,,,,,,,,,,,,,,,,,,,,,0.0,,0.0,,,,,,,,,,,,,,,,,,,,,,,,,,,,,,,,,,,,27.533,6.036,,27.959,,,,,,,,,,,,,,,,,,,,,,,,,,,,,,,,,,,,,,,
Central and South America (Shift),1924,,,,,,,,,,,,,,,,,,,16.865,2.357,,16.331,,,,,,,,,,,,,,,,,,,,,,,,,0.0,,0.0,,,,,,,,,,,,,,,,,,,,,,,,,,,,,,,,,,,,54.908,15.352,,43.31,,,,,,,,,,,,,,,,,,,,,,,,,,,,,,,,,,,,,,,
Central and South America (Shift),1925,,,,,,,,,,,,,,,,,,,-5.29,-0.864,,15.467,,,,,,,,,,,,,,,,,,,,,,,,,0.0,,0.0,,,,,,,,,,,,,,,,,,,,,,,,,,,,,,,,,,,,55.612,24.086,,67.396,,,,,,,,,,,,,,,,,,,,,,,,,,,,,,,,,,,,,,,
Central and South America (Shift),1926,,,,,,,,,,,,,,,,,,,2.832,0.438,,15.905,,,,,,,,,,,,,,,,,,,,,,,,,0.0,,0.0,,,,,,,,,,,,,,,,,,,,,,,,,,,,,,,,,,,,62.053,41.821,,109.217,,,,,,,,,,,,,,,,,,,,,,,,,,,,,,,,,,,,,,,
Central and South America (Shift),1927,,,,,,,,,,,,,,,,,,,-2.54,-0.404,,15.501,,,,,,,,,,,,,,,,,,,,,,,,,0.0,,0.0,,,,,,,,,,,,,,,,,,,,,,,,,,,,,,,,,,,,52.774,57.638,,166.856,,,,,,,,,,,,,,,,,,,,,,,,,,,,,,,,,,,,,,,
Central and South America (Shift),1928,,,,,,,,,,,,,,,,,,,0.967,0.15,,15.651,,,,,,,,,,,,,,,,,,,,,,,,,0.0,,0.0,,,,,,,,,,,,,,,,,,,,,,,,,,,,,,,,,,,,55.886,93.249,,260.105,,,,,,,,,,,,,,,,,,,,,,,,,,,,,,,,,,,,,,,
Central and South America (Shift),1929,,,,,,,,,,,,,,,,,,,9.937,1.555,,17.206,,,,,,,,,,,,,,,,,,,,,,,,,4.495,,4.495,,,,,,,,,,,,,,,,,,,,,,,,,,,,,,,,,,,,22.093,57.464,,317.569,,,,,,,,,,,,,,,,,,,,,,,,,,,,,,,,,,,,,,,
Central and South America (Shift),1930,,,,,,,,,,,,,,,,,,,-4.062,-0.699,,16.507,,,,,,,,,,,,,,,,,,,,,,,,10.963,0.493,,4.988,,,,,,,,,,,,,,,,,,,,,,,,,,,,,,,,,,,,0.179,0.57,,318.139,,,,,,,,,,,,,,,,,,,,,,,,,,,,,,,,,,,,,,,
Central and South America (Shift),1931,,,,,,,,,,,,,,,,,,,-20.785,-3.431,,13.076,,,,,,,,,,,,,,,,,,,,,,,,9.88,0.493,,5.481,,,,,,,,,,,,,,,,,,,,,,,,,,,,,,,,,,,,-11.183,-35.576,,282.562,,,,,,,,,,,,,,,,,,,,,,,,,,,,,,,,,,,,,,,
Central and South America (Shift),1932,,,,,,,,,,,,,,,,,,,-5.832,-0.763,,12.314,,,,,,,,,,,,,,,,,,,,,,,,8.992,0.493,,5.974,,,,,,,,,,,,,,,,,,,,,,,,,,,,,,,,,,,,-0.523,-1.477,,281.085,,,,,,,,,,,,,,,,,,,,,,,,,,,,,,,,,,,,,,,
Central and South America (Shift),1933,,,,,,,,,,,,,,,,,,,41.344,5.091,,17.405,,,,,,,,,,,,,,,,,,,,,,,,8.25,0.493,,6.467,,,,,,,,,,,,,,,,,,,,,,,,,,,,,,,,,,,,0.89,2.5,,283.586,,,,,,,,,,,,,,,,,,,,,,,,,,,,,,,,,,,,,,,
Central and South America (Shift),1934,,,,,,,,,,,,,,,,,,,23.319,4.059,,21.463,,,,,,,,,,,,,,,,,,,,,,,,7.621,0.493,,6.96,,,,,,,,,,,,,,,,,,,,,,,,,,,,,,,,,,,,16.523,46.857,,330.443,,,,,,,,,,,,,,,,,,,,,,,,,,,,,,,,,,,,,,,
Central and South America (Shift),1935,,,,,,,,,,,,,,,,,,,13.142,2.821,,24.284,,,,,,,,,,,,,,,,,,,,,,,,7.081,0.493,,7.452,,,,,,,,,,,,,,,,,,,,,,,,,,,,,,,,,,,,7.68,25.377,,355.82,,,,,,,,,,,,,,,,,,,,,,,,,,,,,,,,,,,,,,,
Central and South America (Shift),1936,,,,,,,,,,,,,,,,,,,-4.574,-1.111,,23.173,,,,,,,,,,,,,,,,,,,,,,,,6.613,0.493,,7.945,,,,,,,,,,,,,,,,,,,,,,,,,,,,,,,,,,,,5.272,18.759,,374.579,,,,,,,,,,,,,,,,,,,,,,,,,,,,,,,,,,,,,,,
Central and South America (Shift),1937,,,,,,,,,,,,,,,,,,,4.021,0.932,,24.105,,,,,,,,,,,,,,,,,,,,,,,,203.946,16.204,,24.149,,,,,,,,,,,,,,,,,,,,,,,,,,,,,,,,,,,,17.117,64.116,,438.695,,,,,,,,,,,,,,,,,,,,,,,,,,,,,,,,,,,,,,,
Central and South America (Shift),1938,,,,,,,,,,,,,,,,,,,5.443,1.312,,25.417,,,,,,,,,,,,,,,,,,,,,,,,2.458,0.594,,24.743,,,,,,,,,,,,,,,,,,,,,,,,,,,,,,,,,,,,2.004,8.792,,447.488,,,,,,,,,,,,,,,,,,,,,,,,,,,,,,,,,,,,,,,
Central and South America (Shift),1939,,,,,,,,,,,,,,,,,,,-1.042,-0.265,,25.152,,,,,,,,,,,,,,,,,,,,,,,,2.399,0.594,,25.336,,,,,,,,,,,,,,,,,,,,,,,,,,,,,,,,,,,,7.828,35.03,,482.517,,,,,,,,,,,,,,,,,,,,,,,,,,,,,,,,,,,,,,,
Central and South America (Shift),1940,,,,,,,,,,,,,,,,,,,15.823,3.98,,29.132,,,,,,,,,,,,,,,,,,,,,,,,2.343,0.594,,25.93,,,,,,,,,,,,,,,,,,,,,,,,,,,,,,,,,,,,-5.736,-27.679,,454.838,,,,,,,,,,,,,,,,,,,,,,,,,,,,,,,,,,,,,,,
Central and South America (Shift),1941,,,,,,,,,,,,,,,,,,,1.694,0.494,,29.626,,,,,,,,,,,,,,,,,,,,,,,,2.289,0.594,,26.524,,,,,,,,,,,,,,,,,,,,,,,,,,,,,,,,,,,,14.293,65.012,,519.849,,,,,,,,,,,,,,,,,,,,,,,,,,,,,,,,,,,,,,,
Central and South America (Shift),1942,,,,,,,,,,,,,,,,,,,16.084,4.765,,34.39,,,,,,,,,,,,,,,,,,,,,,,,2.238,0.594,,27.117,,,,,,,,,,,,,,,,,,,,,,,,,,,,,,,,,,,,-28.945,-150.469,,369.38,,,,,,,,,,,,,,,,,,,,,,,,,,,,,,,,,,,,,,,
Central and South America (Shift),1943,,,,,,,,,,,,,,,,,,,6.971,2.397,,36.788,,,,,,,,,,,,,,,,,,,,,,,,2.189,0.594,,27.711,,,,,,,,,,,,,,,,,,,,,,,,,,,,,,,,,,,,15.809,58.394,,427.775,,,,,,,,,,,,,,,,,,,,,,,,,,,,,,,,,,,,,,,
Central and South America (Shift),1944,,,,,,,,,,,,,,,,,,,-2.284,-0.84,,35.947,,,,,,,,,,,,,,,,,,,,,,,,2.142,0.594,,28.304,,,,,,,,,,,,,,,,,,,,,,,,,,,,,,,,,,,,33.44,143.049,,570.824,,,,,,,,,,,,,,,,,,,,,,,,,,,,,,,,,,,,,,,
Central and South America (Shift),1945,,,,,,,,,,,,,,,,,,,-0.613,-0.22,,35.727,,,,,,,,,,,,,,,,,,,,,,,,2.097,0.594,,28.898,,,,,,,,,,,,,,,,,,,,,,,,,,,,,,,,,,,,18.302,104.472,,675.296,,,,,,,,,,,,,,,,,,,,,,,,,,,,,,,,,,,,,,,
Central and South America (Shift),1946,,,,,,,,,,,,,,,,,,,-4.595,-1.642,,34.085,,,,,,,,,,,,,,,,,,,,,,,,2.415,0.698,,29.595,,,,,,,,,,,,,,,,,,,,,,,,,,,,,,,,,,,,14.921,100.762,,776.058,,,,,,,,,,,,,,,,,,,,,,,,,,,,,,,,,,,,,,,
Central and South America (Shift),1947,,,,,,,,,,,,,,,,,,,2.944,1.003,,35.088,,,,,,,,,,,,,,,,,,,,,,,,12.67,3.75,,33.345,,,,,,,,,,,,,,,,,,,,,,,,,,,,,,,,,,,,10.857,84.259,,860.318,,,,,,,,,,,,,,,,,,,,,,,,,,,,,,,,,,,,,,,
Central and South America (Shift),1948,,,,,,,,,,,,,,,,,,,4.791,1.681,,36.77,,,,,,,,,,,,,,,,,,,,,,,,-7.721,-2.574,,30.771,,,,,,,,,,,,,,,,,,,,,,,,,,,,,,,,,,,,10.925,93.994,,954.311,,,,,,,,,,,,,,,,,,,,,,,,,,,,,,,,,,,,,,,
Central and South America (Shift),1949,,,,,,,,,,,,,,,,,,,-1.356,-0.499,,36.271,,,,,,,,,,,,,,,,,,,,,,,,11.197,3.445,,34.216,,,,,,,,,,,,,,,,,,,,,,,,,,,,,,,,,,,,-0.792,-7.56,,946.752,,,,,,,,,,,,,,,,,,,,,,,,,,,,,,,,,,,,,,,
Central and South America (Shift),1950,,,,,,,,,,,,,,,,,,,13.792,5.002,,41.273,,,,,,,,,,,,,,,,,,,,,,,,24.555,8.402,,42.618,,,,,,,,,,,,,,,,,,,,,,,,,,,,,,,,,,,,12.412,117.51,,1064.261,,,,,,,,,,,,,,,,,,,,,,,,,,,,,,,,,,,,,,,
Central and South America (Shift),1951,,,,,,,,,,,,,,,,,,,-2.353,-0.971,,40.302,,,,,,,,,,,,,,,,,,,,,,,,9.897,4.218,,46.835,,,,,,,,,,,,,,,,,,,,,,,,,,,,,,,,,,,,13.288,141.421,,1205.682,,,,,,,,,,,,,,,,,,,,,,,,,,,,,,,,,,,,,,,
Central and South America (Shift),1952,,,,,,,,,,,,,,,,,,,3.428,1.382,,41.684,,,,,,,,,,,,,,,,,,,,,,,,-3.573,-1.673,,45.162,,,,,,,,,,,,,,,,,,,,,,,,,,,,,,,,,,,,5.668,68.338,,1274.02,,,,,,,,,,,,,,,,,,,,,,,,,,,,,,,,,,,,,,,
Central and South America (Shift),1953,,,,,,,,,,,,,,,,,,,3.526,1.47,,43.154,,,,,,,,,,,,,,,,,,,,,,,,16.033,7.241,,52.403,,,,,,,,,,,,,,,,,,,,,,,,,,,,,,,,,,,,-1.657,-21.109,,1252.911,,,,,,,,,,,,,,,,,,,,,,,,,,,,,,,,,,,,,,,
Central and South America (Shift),1954,,,,,,,,,,,,,,,,,,,4.673,2.016,,45.17,,,,,,,,,,,,,,,,,,,,,,,,9.743,5.106,,57.509,,,,,,,,,,,,,,,,,,,,,,,,,,,,,,,,,,,,7.12,89.202,,1342.114,,,,,,,,,,,,,,,,,,,,,,,,,,,,,,,,,,,,,,,
Central and South America (Shift),1955,,,,,,,,,,,,,,,,,,,8.94,4.038,,49.208,,,,,,,,,,,,,,,,,,,,,,,,6.768,3.892,,61.401,,,,,,,,,,,,,,,,,,,,,,,,,,,,,,,,,,,,12.818,172.031,,1514.145,,,,,,,,,,,,,,,,,,,,,,,,,,,,,,,,,,,,,,,
Central and South America (Shift),1956,,,,,,,,,,,,,,,,,,,-0.514,-0.253,,48.956,,,,,,,,,,,,,,,,,,,,,,,,9.67,5.938,,67.339,,,,,,,,,,,,,,,,,,,,,,,,,,,,,,,,,,,,13.828,209.375,,1723.52,,,,,,,,,,,,,,,,,,,,,,,,,,,,,,,,,,,,,,,
Central and South America (Shift),1957,,,,,,,,,,,,,,,,,,,-3.737,-1.829,,47.126,,,,,,,,,,,,,,,,,,,,,,,,18.621,12.539,,79.878,,,,,,,,,,,,,,,,,,,,,,,,,,,,,,,,,,,,12.84,221.296,,1944.815,,,,,,,,,,,,,,,,,,,,,,,,,,,,,,,,,,,,,,,
Central and South America (Shift),1958,,,,,,,,,,,,,,,,,,,10.208,4.811,,51.937,,,,,,,,,,,,,,,,,,,,,,,,12.29,9.817,,89.694,,,,,,,,,,,,,,,,,,,,,,,,,,,,,,,,,,,,-4.938,-96.041,,1848.775,,,,,,,,,,,,,,,,,,,,,,,,,,,,,,,,,,,,,,,
Central and South America (Shift),1959,,,,,,,,,,,,,,,,,,,0.467,0.243,,52.18,,,,,,,,,,,,,,,,,,,,,,,,2.106,1.889,,91.584,,,,,,,,,,,,,,,,,,,,,,,,,,,,,,,,,,,,7.793,144.073,,1992.847,,,,,,,,,,,,,,,,,,,,,,,,,,,,,,,,,,,,,,,
Central and South America (Shift),1960,,,,,,,,,,,,,,,,,,,-3.185,-1.662,,50.517,,,,,,,,,,,,,,,,,,,,,,,,16.73,15.322,,106.905,,,,,,,,,,,,,,,,,,,,,,,,,,,,,,,,,,,,5.22,104.03,,2096.877,,,,,,,,,,,,,,,,,,,,,,,,,,,,,,,,,,,,,,,
Central and South America (Shift),1961,,,,,,,,,,,,,,,,,,,9.164,4.629,,55.147,,,,,,,,,,,,,,,,,,,,,,,,18.463,19.738,,126.643,,,,,,,,,,,,,,,,,,,,,,,,,,,,,,,,,,,,3.834,80.398,,2177.276,,,,,,,,,,,,,,,,,,,,,,,,,,,,,,,,,,,,,,,
Central and South America (Shift),1962,,,,,,,,,,,,,,,,,,,4.919,2.713,,57.86,,,,,,,,,,,,,,,,,,,,,,,,13.449,17.032,,143.675,,,,,,,,,,,,,,,,,,,,,,,,,,,,,,,,,,,,9.106,198.257,,2375.532,,,,,,,,,,,,,,,,,,,,,,,,,,,,,,,,,,,,,,,
Central and South America (Shift),1963,,,,,,,,,,,,,,,,,,,3.315,1.918,,59.778,,,,,,,,,,,,,,,,,,,,,,,,7.354,10.566,,154.241,,,,,,,,,,,,,,,,,,,,,,,,,,,,,,,,,,,,2.026,48.125,,2423.657,,,,,,,,,,,,,,,,,,,,,,,,,,,,,,,,,,,,,,,
Central and South America (Shift),1964,,,,,,,,,,,,,,,,,,,1.651,0.987,,60.765,,,,,,,,,,,,,,,,,,,,,,,,8.208,12.661,,166.901,,,,,,,,,,,,,,,,,,,,,,,,,,,,,,,,,,,,4.585,111.125,,2534.782,,,,,,,,,,,,,,,,,,,,,,,,,,,,,,,,,,,,,,,
Central and South America (Shift),1965,,,,,,,,,,,,,,,,,,,2.02,1.228,,61.992,,,,,,,,,,,,,,,,,,,,,,,,8.269,13.8,,180.702,,,,,,,,,,,,,,,,,,,,,,,,,,,,,,,,,,,,2.433,61.674,,2596.456,,,,,,,,,,,,,,,,,,,,,,,,,,,,,,,,,,,,,,,
Central and South America (Shift),1966,,,,,,,,,,,,,,,,,,,-1.952,-1.21,,60.782,,,,,,,,,,,,,,,,,,,,,,,,6.922,12.509,,193.211,,,,,,,,,,,,,,,,,,,,,,,,,,,,,,,,,,,,-1.414,-36.716,,2559.74,,,,,,,,,,,,,,,,,,,,,,,,,,,,,,,,,,,,,,,
Central and South America (Shift),1967,,,,,,,,,,,,,,,,,,,13.531,8.224,,69.007,,,,,,,,,,,,,,,,,,,,,,,,7.835,15.138,,208.349,,,,,,,,,,,,,,,,,,,,,,,,,,,,,,,,,,,,6.661,170.507,,2730.247,,,,,,,,,,,,,,,,,,,,,,,,,,,,,,,,,,,,,,,
Central and South America (Shift),1968,,,,,,,,,,,,,,,,,,,6.444,4.447,,73.453,,,,,,,,,,,,,,,,,,,,,,,,7.146,14.889,,223.238,,,,,,,,,,,,,,,,,,,,,,,,,,,,,,,,,,,,2.508,68.478,,2798.725,,,,,,,,,,,,,,,,,,,,,,,,,,,,,,,,,,,,,,,
Central and South America (Shift),1969,,,,,,,,,,,,,,,,,,,6.438,4.729,,78.183,,,,,,,,,,,,,,,,,,,,,,,,5.314,11.863,,235.101,,,,,,,,,,,,,,,,,,,,,,,,,,,,,,,,,,,,0.081,2.28,,2801.004,,,,,,,,,,,,,,,,,,,,,,,,,,,,,,,,,,,,,,,
Central and South America (Shift),1970,,,,,,,,,,,,,,,,,,,-11.66,-9.116,,69.066,,,,,,,,,,,,,,,,,,,,,,,,11.198,26.327,,261.428,,,,,,,,,,,,,,,,,,,,,,,,,,,,,,,,,,,,2.703,75.711,,2876.715,,,,,,,,,,,,,,,,,,,,,,,,,,,,,,,,,,,,,,,
Central and South America (Shift),1971,,,,,,,,,,,,,,,,,,,7.357,5.081,,74.147,,,,,,,,,,,,,,,,,,,,,,,,7.787,20.357,,281.785,,,,,,,,,,,,,,,,,,,,,,,,,,,,,,,,,,,,-2.996,-86.178,,2790.537,,,,,,,,,,,,,,,,,,,,,,,,,,,,,,,,,,,,,,,
Central and South America (Shift),1972,,,,,,,,,,,,,,,,,,,1.177,0.873,,75.02,,,,,,,,,,,,,,,,,,,,,,,,14.071,39.65,,321.435,,,,,,,,,,,,,,,,,,,,,,,,,,,,,,,,,,,,-5.447,-151.992,,2638.545,,,,,,,,,,,,,,,,,,,,,,,,,,,,,,,,,,,,,,,
Central and South America (Shift),1973,,,,,,,,,,,,,,,,,,,-1.317,-0.988,,74.032,,,,,,,,,,,,,,,,,,,,,,,,11.718,37.665,,359.1,,,,,,,,,,,,,,,,,,,,,,,,,,,,,,,,,,,,6.462,170.496,,2809.041,,,,,,,,,,,,,,,,,,,,,,,,,,,,,,,,,,,,,,,
Central and South America (Shift),1974,,,,,,,,,,,,,,,,,,,4.309,3.19,,77.222,,,,,,,,,,,,,,,,,,,,,,,,2.124,7.627,,366.727,,,,,,,,,,,,,,,,,,,,,,,,,,,,,,,,,,,,-8.728,-245.184,,2563.857,,,,,,,,,,,,,,,,,,,,,,,,,,,,,,,,,,,,,,,
Central and South America (Shift),1975,,,,,,,,,,,,,,,,,,,7.543,5.825,,83.047,,,,,,,,,,,,,,,,,,,,,,,,2.118,7.767,,374.494,,,,,,,,,,,,,,,,,,,,,,,,,,,,,,,,,,,,-15.781,-404.608,,2159.249,,,,,,,,,,,,,,,,,,,,,,,,,,,,,,,,,,,,,,,
Central and South America (Shift),1976,,,,,,,,,,,,,,,,,,,13.436,11.158,,94.206,,,,,,,,,,,,,,,,,,,,,,,,5.558,20.816,,395.309,,,,,,,,,,,,,,,,,,,,,,,,,,,,,,,,,,,,-0.903,-19.492,,2139.757,,,,,,,,,,,,,,,,,,,,,,,,,,,,,,,,,,,,,,,
Central and South America (Shift),1977,,,,,,,,,,,,,,,,,,,19.15,18.04,,112.246,,,,,,,,,,,,,,,,,,,,,,,,6.578,26.004,,421.314,,,,,,,,,,,,,,,,,,,,,,,,,,,,,,,,,,,,-0.796,-17.038,,2122.719,,,,,,,,,,,,,,,,,,,,,,,,,,,,,,,,,,,,,,,
Central and South America (Shift),1978,,,,,,,,,,,,,,,,,,,11.707,13.14,,125.386,,,,,,,,,,,,,,,,,,,,,,,,-0.71,-2.992,,418.322,,,,,,,,,,,,,,,,,,,,,,,,,,,,,,,,,,,,0.547,11.607,,2134.326,,,,,,,,,,,,,,,,,,,,,,,,,,,,,,,,,,,,,,,
Central and South America (Shift),1979,,,,,,,,,,,,,,,,,,,11.81,14.808,,140.194,,,,,,,,,,,,,,,,,,,,,,,,11.022,46.109,,464.431,,,,,,,,,,,,,,,,,,,,,,,,,,,,,,,,,,,,7.248,154.691,,2289.017,,,,,,,,,,,,,,,,,,,,,,,,,,,,,,,,,,,,,,,
Central and South America (Shift),1980,,,,,,,,,,,,,,,,,,,-53.841,-75.482,,64.712,,,,,,,,,,,,,,,,,,,,,,,,-13.508,-62.737,,401.694,,,,,,,,,,,,,,,,,,,,,,,,,,,,,,,,,,,,6.278,143.705,,2432.722,,,,,,,,,,,,,,,,,,,,,,,,,,,,,,,,,,,,,,,
Central and South America (Shift),1981,,,,,,,,,,,,,,,,,,,6.238,4.037,,68.749,,,,,,,,,,,,,,,,,,,,,,,,10.847,43.573,,445.267,,,,,,,,,,,,,,,,,,,,,,,,,,,,,,,,,,,,-0.215,-5.241,,2427.481,,,,,,,,,,,,,,,,,,,,,,,,,,,,,,,,,,,,,,,
Central and South America (Shift),1982,,,,,,,,,,,,,,,,,,,7.58,5.211,,73.96,,,,,,,,,,,,,,,,,,,,,,,,4.818,21.452,,466.719,,,,,,,,,,,,,,,,,,,,,,,,,,,,,,,,,,,,-5.314,-128.998,,2298.483,,,,,,,,,,,,,,,,,,,,,,,,,,,,,,,,,,,,,,,
Central and South America (Shift),1983,,,,,,,,,,,,,,,,,,,6.576,4.864,,78.824,,,,,,,,,,,,,,,,,,,,,,,,3.357,15.668,,482.387,,,,,,,,,,,,,,,,,,,,,,,,,,,,,,,,,,,,-0.95,-21.845,,2276.638,,,,,,,,,,,,,,,,,,,,,,,,,,,,,,,,,,,,,,,
Central and South America (Shift),1984,,,,,,,,,,,,,,,,,,,21.048,16.591,,95.415,,,,,,,,,,,,,,,,,,,,,,,,14.46,69.755,,552.142,,,,,,,,,,,,,,,,,,,,,,,,,,,,,,,,,,,,5.117,116.498,,2393.136,,,,,,,,,,,,,,,,,,,,,,,,,,,,,,,,,,,,,,,
Central and South America (Shift),1985,,,,,,,,,,,,,,,,,,,17.496,16.693,,112.108,,,,,,,,,,,,,,,,,,,,,,,,2.978,16.445,,568.587,,,,,,,,,,,,,,,,,,,,,,,,,,,,,,,,,,,,-0.39,-9.33,,2383.806,,,,,,,,,,,,,,,,,,,,,,,,,,,,,,,,,,,,,,,
Central and South America (Shift),1986,,,,,,,,,,,,,,,,,,,12.135,13.604,,125.712,,,,,,,,,,,,,,,,,,,,,,,,1.633,9.286,,577.873,,,,,,,,,,,,,,,,,,,,,,,,,,,,,,,,,,,,6.647,158.456,,2542.262,,,,,,,,,,,,,,,,,,,,,,,,,,,,,,,,,,,,,,,
Central and South America (Shift),1987,,,,,,,,,,,,,,,,,,,14.249,17.913,,143.625,,,,,,,,,,,,,,,,,,,,,,,,-4.408,-25.471,,552.402,,,,,,,,,,,,,,,,,,,,,,,,,,,,,,,,,,,,-2.726,-69.305,,2472.957,,,,,,,,,,,,,,,,,,,,,,,,,,,,,,,,,,,,,,,
Central and South America (Shift),1988,,,,,,,,,,,,,,,,,,,17.95,25.781,,169.406,,,,,,,,,,,,,,,,,,,,,,,,6.885,38.033,,590.435,,,,,,,,,,,,,,,,,,,,,,,,,,,,,,,,,,,,6.901,170.653,,2643.61,,,,,,,,,,,,,,,,,,,,,,,,,,,,,,,,,,,,,,,
Central and South America (Shift),1989,,,,,,,,,,,,,,,,,,,17.761,30.088,,199.493,,,,,,,,,,,,,,,,,,,,,,,,14.445,85.286,,675.721,,,,,,,,,,,,,,,,,,,,,,,,,,,,,,,,,,,,0.88,23.263,,2666.873,,,,,,,,,,,,,,,,,,,,,,,,,,,,,,,,,,,,,,,
Central and South America (Shift),1990,,,,,,,,,,,,,,,,,,,3.357,6.697,,206.19,,,,,,,,,,,,,,,,,,,,,,,,-4.926,-33.284,,642.436,,,,,,,,,,,,,,,,,,,,,,,,,,,,,,,,,,,,8.029,214.121,,2880.993,,,,,,,,,,,,,,,,,,,,,,,,,,,,,,,,,,,,,,,
Central and South America (Shift),1991,,,,,,,,,,,,,,,,,,,-0.432,-0.891,,205.299,,,,,,,,,,,,,,,,,,,,,,,,7.479,48.049,,690.486,,,,,,,,,,,,,,,,,,,,,,,,,,,,,,,,,,,,5.074,146.175,,3027.168,,,,,,,,,,,,,,,,,,,,,,,,,,,,,,,,,,,,,,,
Central and South America (Shift),1992,,,,,,,,,,,,,,,,,,,5.385,11.056,,216.355,,,,,,,,,,,,,,,,,,,,,,,,-0.745,-5.147,,685.339,,,,,,,,,,,,,,,,,,,,,,,,,,,,,,,,,,,,2.146,64.948,,3092.116,,,,,,,,,,,,,,,,,,,,,,,,,,,,,,,,,,,,,,,
Central and South America (Shift),1993,,,,,,,,,,,,,,,,,,,2.04,4.413,,220.768,,,,,,,,,,,,,,,,,,,,,,,,6.762,46.342,,731.682,,,,,,,,,,,,,,,,,,,,,,,,,,,,,,,,,,,,4.391,135.769,,3227.885,,,,,,,,,,,,,,,,,,,,,,,,,,,,,,,,,,,,,,,
Central and South America (Shift),1994,,,,,,,,,,,,,,,,,,,7.902,17.445,,238.213,,,,,,,,,,,,,,,,,,,,,,,,6.182,45.234,,776.915,,,,,,,,,,,,,,,,,,,,,,,,,,,,,,,,,,,,5.165,166.722,,3394.607,,,,,,,,,,,,,,,,,,,,,,,,,,,,,,,,,,,,,,,
Central and South America (Shift),1995,,,,,,,,,,,,,,,,,,,8.843,21.066,,259.278,,,,,,,,,,,,,,,,,,,,,,,,5.794,45.015,,821.93,,,,,,,,,,,,,,,,,,,,,,,,,,,,,,,,,,,,8.129,275.953,,3670.56,,,,,,,,,,,,,,,,,,,,,,,,,,,,,,,,,,,,,,,
Central and South America (Shift),1996,,,,,,,,,,,,,,,,,,,8.516,22.08,,281.358,,,,,,,,,,,,,,,,,,,,,,,,7.192,59.109,,881.04,,,,,,,,,,,,,,,,,,,,,,,,,,,,,,,,,,,,6.822,250.389,,3920.949,,,,,,,,,,,,,,,,,,,,,,,,,,,,,,,,,,,,,,,
Central and South America (Shift),1997,,,,,,,,,,,,,,,,,,,13.769,38.739,,320.097,,,,,,,,,,,,,,,,,,,,,,,,5.66,49.867,,930.906,,,,,,,,,,,,,,,,,,,,,,,,,,,,,,,,,,,,7.474,293.038,,4213.988,,,,,,,,,,,,,,,,,,,,,,,,,,,,,,,,,,,,,,,
Central and South America (Shift),1998,,,,,,,,,,,,,,,,,,,7.765,24.855,,344.952,,,,,,,,,,,,,,,,,,,,,,,,7.002,65.181,,996.088,,,,,,,,,,,,,,,,,,,,,,,,,,,,,,,,,,,,1.679,70.732,,4284.72,,,,,,,,,,,,,,,,,,,,,,,,,,,,,,,,,,,,,,,
Central and South America (Shift),1999,,,,,,,,,,,,,,,,,,,-2.923,-10.085,,334.868,,,,,,,,,,,,,,,,,,,,,,,,0.286,2.852,,998.94,,,,,,,,,,,,,,,,,,,,,,,,,,,,,,,,,,,,-2.0,-85.699,,4199.021,,,,,,,,,,,,,,,,,,,,,,,,,,,,,,,,,,,,,,,
Central and South America (Shift),2000,,,,,,,,,,,,,,,,,,,15.542,52.046,,386.914,,,,,,,,,,,,,,,,,,,,,,,,8.674,86.644,,1085.584,,,,,,,,,,,,,,,,,,,,,,,,,,,,,,,,,,,,5.207,218.625,,4417.647,,,,,,,,,,,,,,,,,,,,,,,,,,,,,,,,,,,,,,,
Central and South America (Shift),2001,,,,,,,,,,,,,,,,,,,8.274,32.011,,418.925,,,,,,,,,,,,,,,,,,,,,,,,6.916,75.078,,1160.662,,,,,,,,,,,,,,,,,,,,,,,,,,,,,,,,,,,,-1.827,-80.712,,4336.935,,,,,,,,,,,,,,,,,,,,,,,,,,,,,,,,,,,,,,,
Central and South America (Shift),2002,,,,,,,,,,,,,,,,,,,-0.678,-2.839,,416.087,,,,,,,,,,,,,,,,,,,,,,,,0.76,8.825,,1169.487,,,,,,,,,,,,,,,,,,,,,,,,,,,,,,,,,,,,-4.802,-208.258,,4128.677,,,,,,,,,,,,,,,,,,,,,,,,,,,,,,,,,,,,,,,
Central and South America (Shift),2003,,,,,,,,,,,,,,,,,,,9.533,39.665,,455.752,,,,,,,,,,,,,,,,,,,,,,,,10.433,122.014,,1291.501,,,,,,,,,,,,,,,,,,,,,,,,,,,,,,,,,,,,-4.003,-165.284,,3963.392,,,,,,,,,,,,,,,,,,,,,,,,,,,,,,,,,,,,,,,
Central and South America (Shift),2004,,,,,,,,,,,,,,,,,,,6.215,28.327,,484.079,,,,,,,,,,,,,,,,,,,,,,,,10.425,134.637,,1426.138,,,,,,,,,,,,,,,,,,,,,,,,,,,,,,,,,,,,4.977,197.248,,4160.64,,,,,,,,,,,,,,,,,,,,,,,,,,,,,,,,,,,,,,,
Central and South America (Shift),2005,,,,,,,,,,,,,,,,,,,10.187,49.313,,533.392,,,,,,,,,,,,,,,,,,,,,,,,3.234,46.124,,1472.262,,,,,,,,,,,,,,,,,,,,,,,,,,,,,,,,,,,,2.7,112.319,,4272.959,,,,,,,,,,,,,,,,,,,,,,,,,,,,,,,,,,,,,,,
Central and South America (Shift),2006,,,,,,,,,,,,,,,,,,,8.79,46.886,,580.278,,,,,,,,,,,,,,,,,,,,,,,,7.693,113.267,,1585.529,,,,,,,,,,,,,,,,,,,,,,,,,,,,,,,,,,,,0.314,13.433,,4286.392,,,,,,,,,,,,,,,,,,,,,,,,,,,,,,,,,,,,,,,
Central and South America (Shift),2007,,,,,,,,,,,,,,,,,,,-1.453,-8.429,,571.849,,,,,,,,,,,,,,,,,,,,,,,,-1.612,-25.56,,1559.969,,,,,,,,,,,,,,,,,,,,,,,,,,,,,,,,,,,,-0.778,-33.354,,4253.039,,,,,,,,,,,,,,,,,,,,,,,,,,,,,,,,,,,,,,,
Central and South America (Shift),2008,,,,,,,,,,,,,,,,,,,9.345,53.441,,625.29,,,,,,,,,,,,,,,,,,,,,,,,2.951,46.032,,1606.001,,,,,,,,,,,,,,,,,,,,,,,,,,,,,,,,,,,,2.311,98.288,,4351.327,,,,,,,,,,,,,,,,,,,,,,,,,,,,,,,,,,,,,,,
Central and South America (Shift),2009,,,,,,,,,,,,,,,,,,,-3.271,-20.452,,604.838,,,,,,,,,,,,,,,,,,,,,,,,-4.606,-73.973,,1532.028,,,,,,,,,,,,,,,,,,,,,,,,,,,,,,,,,,,,2.63,114.448,,4465.775,,,,,,,,,,,,,,,,,,,,,,,,,,,,,,,,,,,,,,,
Central and South America (Shift),2010,,,,,,,,,,,,,,,,,,,0.171,1.034,,605.872,,,,,,,,,,,,,,,,,,,,,,,,7.252,111.11,,1643.138,,,,,,,,,,,,,,,,,,,,,,,,,,,,,,,,,,,,1.385,61.852,,4527.627,,,,,,,,,,,,,,,,,,,,,,,,,,,,,,,,,,,,,,,
Central and South America (Shift),2011,,,,,,,,,,,,,,,,,,,14.208,86.08,,691.952,,,,,,,,,,,,,,,,,,,,,,,,3.975,65.319,,1708.457,,,,,,,,,,,,,,,,,,,,,,,,,,,,,,,,,,,,3.356,151.928,,4679.555,,,,,,,,,,,,,,,,,,,,,,,,,,,,,,,,,,,,,,,
Central and South America (Shift),2012,,,,,,,,,,,,,,,,,,,3.518,24.34,,716.291,,,,,,,,,,,,,,,,,,,,,,,,3.889,66.437,,1774.894,,,,,,,,,,,,,,,,,,,,,,,,,,,,,,,,,,,,-0.587,-27.447,,4652.108,,,,,,,,,,,,,,,,,,,,,,,,,,,,,,,,,,,,,,,
Central and South America (Shift),2013,,,,,,,,,,,,,,,,,,,-1.983,-14.205,,702.086,,,,,,,,,,,,,,,,,,,,,,,,2.95,52.36,,1827.254,,,,,,,,,,,,,,,,,,,,,,,,,,,,,,,,,,,,0.375,17.426,,4669.534,,,,,,,,,,,,,,,,,,,,,,,,,,,,,,,,,,,,,,,
Central and South America (Shift),2014,,,,,,,,,,,,,,,,,,,4.856,34.095,,736.181,,,,,,,,,,,,,,,,,,,,,,,,1.095,20.006,,1847.26,,,,,,,,,,,,,,,,,,,,,,,,,,,,,,,,,,,,3.314,154.748,,4824.281,,,,,,,,,,,,,,,,,,,,,,,,,,,,,,,,,,,,,,,
Central and South America (Shift),2015,,,,,,,,,,,,,,,,,,,-2.405,-17.709,,718.473,,,,,,,,,,,,,,,,,,,,,,,,0.562,10.375,,1857.635,,,,,,,,,,,,,,,,,,,,,,,,,,,,,,,,,,,,1.291,62.259,,4886.54,,,,,,,,,,,,,,,,,,,,,,,,,,,,,,,,,,,,,,,
Central and South America (Shift),2016,,,,,,,,,,,,,,,,,,,4.797,34.466,,752.938,,,,,,,,,,,,,,,,,,,,,,,,0.93,17.284,,1874.918,,,,,,,,,,,,,,,,,,,,,,,,,,,,,,,,,,,,-3.831,-187.211,,4699.329,,,,,,,,,,,,,,,,,,,,,,,,,,,,,,,,,,,,,,,
Chad,1980,TCD,4408239.0,2636553984.0,,,,,,,,,,,,,,,,,,0.0,0.0,,,,,,,,274.037,0.458,,,,,,,,,,,,,,,,,0.0,0.0,,,,,,,,,,,,,,,,,,,,,,,,,,,,,,,,,,,,,,0.0,0.0,,,,,,,,,,,,,,,1.208,,,,,,,,,,,,,,,,,,,,,,,,
Chad,1981,TCD,4409228.0,2352283648.0,,,,,,,,,,,,,,,,,0.0,0.0,0.0,,,,,,-5.26,-0.064,259.565,0.487,,,,,,,,,,,,,,,,0.0,0.0,0.0,,,,,,,,,,,,,,,,,,,,,,,,,,,,,,,,,,,,,0.0,0.0,0.0,,,,,,,,,,,,,,,1.144,,,,,,,,,,,,,,,,,,,,,,,,
Chad,1982,TCD,4622833.0,2480027136.0,,,,,,,,,,,,,,,,,0.0,0.0,0.0,,,,,,0.0,0.0,247.572,0.461,,,,,,,,,,,,,,,,0.0,0.0,0.0,,,,,,,,,,,,,,,,,,,,,,,,,,,,,,,,,,,,,0.0,0.0,0.0,,,,,,,,,,,,,,,1.144,,,,,,,,,,,,,,,,,,,,,,,,
Chad,1983,TCD,4859174.0,2868360448.0,,,,,,,,,,,,,,,,,0.0,0.0,0.0,,,,,,0.0,0.0,235.53,0.399,,,,,,,,,,,,,,,,0.0,0.0,0.0,,,,,,,,,,,,,,,,,,,,,,,,,,,,,,,,,,,,,0.0,0.0,0.0,,,,,,,,,,,,,,,1.144,,,,,,,,,,,,,,,,,,,,,,,,
Chad,1984,TCD,4920557.0,3020129536.0,,,,,,,,,,,,,,,,,0.0,0.0,0.0,,,,,,-52.502,-0.601,110.477,0.18,,,,,,,,,,,,,,,,0.0,0.0,0.0,,,,,,,,,,,,,,,,,,,,,,,,,,,,,,,,,,,,,0.0,0.0,0.0,,,,,,,,,,,,,,,0.544,,,,,,,,,,,,,,,,,,,,,,,,
Chad,1985,TCD,4967592.0,3252398848.0,,,,,,,,,,,,,,,,,0.0,0.0,0.0,,,,,,21.888,0.119,133.384,0.204,,,,,,,,,,,,,,,,0.0,0.0,0.0,,,,,,,,,,,,,,,,,,,,,,,,,,,,,,,,,,,,,0.0,0.0,0.0,,,,,,,,,,,,,,,0.663,,,,,,,,,,,,,,,,,,,,,,,,
Chad,1986,TCD,5118163.0,3451800320.0,,,,,,,,,,,,,,,,,0.0,0.0,0.0,,,,,,72.727,0.482,223.612,0.332,,,,,,,,,,,,,,,,0.0,0.0,0.0,,,,,,,,,,,,,,,,,,,,,,,,,,,,,,,,,,,,,0.0,0.0,0.0,,,,,,,,,,,,,,,1.144,,,,,,,,,,,,,,,,,,,,,,,,
Chad,1987,TCD,5300856.0,3574575872.0,,,,,,,,,,,,,,,,,0.0,0.0,0.0,,,,,,-11.18,-0.128,191.766,0.284,,,,,,,,,,,,,,,,0.0,0.0,0.0,,,,,,,,,,,,,,,,,,,,,,,,,,,,,,,,,,,,,0.0,0.0,0.0,,,,,,,,,,,,,,,1.017,,,,,,,,,,,,,,,,,,,,,,,,
Chad,1988,TCD,5483044.0,3844987904.0,,,,,,,,,,,,,,,,,0.0,0.0,0.0,,,,,,-39.251,-0.399,112.625,0.161,,,,,,,,,,,,,,,,0.0,0.0,0.0,,,,,,,,,,,,,,,,,,,,,,,,,,,,,,,,,,,,,0.0,0.0,0.0,,,,,,,,,,,,,,,0.618,,,,,,,,,,,,,,,,,,,,,,,,
Chad,1989,TCD,5670621.0,3914715392.0,,,,,,,,,,,,,,,,,0.0,0.0,0.0,,,,,,9.656,0.06,119.415,0.173,,,,,,,,,,,,,,,,0.0,0.0,0.0,,,,,,,,,,,,,,,,,,,,,,,,,,,,,,,,,,,,,0.0,0.0,0.0,,,,,,,,,,,,,,,0.677,,,,,,,,,,,,,,,,,,,,,,,,
Chad,1990,TCD,5827070.0,4042256384.0,,,,,,,,,,,,,,,,,0.0,0.0,0.0,,,,,,109.571,0.742,243.54,0.351,,,,,,,,,,,,,,,,0.0,0.0,0.0,,,,,,,,,,,,,,,,,,,,,,,,,,,,,,,,,,,,,0.0,0.0,0.0,,,,,,,,,,,,,,,1.419,,,,,,,,,,,,,,,,,,,,,,,,
Chad,1991,TCD,6042433.0,4243508480.0,,,,,,,,,,,,,,,,,0.0,0.0,0.0,,,,,,-2.221,-0.032,229.644,0.327,,,,,,,,,,,,,,,,0.0,0.0,0.0,,,,,,,,,,,,,,,,,,,,,,,,,,,,,,,,,,,,,0.0,0.0,0.0,,,,,,,,,,,,,,,1.388,,,,,,,,,,,,,,,,,,,,,,,,
Chad,1992,TCD,6302934.0,4384569344.0,,,,,,,,,,,,,,,,,0.0,0.0,0.0,,,,,,0.274,0.004,220.756,0.317,,,,,,,,,,,,,,,,0.0,0.0,0.0,,,,,,,,,,,,,,,,,,,,,,,,,,,,,,,,,,,,,0.0,0.0,0.0,,,,,,,,,,,,,,,1.391,,,,,,,,,,,,,,,,,,,,,,,,
Chad,1993,TCD,6448279.0,4228387072.0,,,,,,,,,,,,,,,,,0.0,0.0,0.0,,,,,,-52.015,-0.724,103.542,0.158,,,,,,,,,,,,,,,,0.0,0.0,0.0,,,,,,,,,,,,,,,,,,,,,,,,,,,,,,,,,,,,,0.0,0.0,0.0,,,,,,,,,,,,,,,0.668,,,,,,,,,,,,,,,,,,,,,,,,
Chad,1994,TCD,6593004.0,4512686080.0,,,,,,,,,,,,,,,,,0.0,0.0,0.0,,,,,,9.333,0.062,110.72,0.162,,,,,,,,,,,,,,,,0.0,0.0,0.0,,,,,,,,,,,,,,,,,,,,,,,,,,,,,,,,,,,,,0.0,0.0,0.0,,,,,,,,,,,,,,,0.73,,,,,,,,,,,,,,,,,,,,,,,,
Chad,1995,TCD,6888862.0,4614553088.0,,,,,,,,,,,,,,,,,0.0,0.0,0.0,,,,,,0.0,0.0,105.965,0.158,,,,,,,,,,,,,,,,0.0,0.0,0.0,,,,,,,,,,,,,,,,,,,,,,,,,,,,,,,,,,,,,0.0,0.0,0.0,,,,,,,,,,,,,,,0.73,,,,,,,,,,,,,,,,,,,,,,,,
Chad,1996,TCD,7200292.0,4763192832.0,,,,,,,,,,,,,,,,,0.0,0.0,0.0,,,,,,0.274,0.002,101.66,0.154,,,,,,,,,,,,,,,,0.0,0.0,0.0,,,,,,,,,,,,,,,,,,,,,,,,,,,,,,,,,,,,,0.0,0.0,0.0,,,,,,,,,,,,,,,0.732,,,,,,,,,,,,,,,,,,,,,,,,
Chad,1997,TCD,7450883.0,5091476480.0,,,,,,,,,,,,,,,,,0.0,0.0,0.0,,,,,,8.013,0.059,106.113,0.155,,,,,,,,,,,,,,,,0.0,0.0,0.0,,,,,,,,,,,,,,,,,,,,,,,,,,,,,,,,,,,,,0.0,0.0,0.0,,,,,,,,,,,,,,,0.791,,,,,,,,,,,,,,,,,,,,,,,,
Chad,1998,TCD,7709112.0,5510487040.0,,,,,,,,,,,,,,,,,0.0,0.0,0.0,,,,,,0.0,0.0,102.558,0.143,,,,,,,,,,,,,,,,0.0,0.0,0.0,,,,,,,,,,,,,,,,,,,,,,,,,,,,,,,,,,,,,0.0,0.0,0.0,,,,,,,,,,,,,,,0.791,,,,,,,,,,,,,,,,,,,,,,,,
Chad,1999,TCD,7981888.0,5546915840.0,,,,,,,,,,,,,,,,,0.0,0.0,0.0,,,,,,0.0,0.0,99.053,0.143,,,,,,,,,,,,,,,,0.0,0.0,0.0,,,,,,,,,,,,,,,,,,,,,,,,,,,,,,,,,,,,,0.0,0.0,0.0,,,,,,,,,,,,,,,0.791,,,,,,,,,,,,,,,,,,,,,,,,
Chad,2000,TCD,8259144.0,5599909376.0,,,,,1.211,0.01,11.111,,666.667,,,,,0.0,0.0,,0.0,0.0,0.0,0.0,,0.09,0.09,,30.543,0.241,124.966,0.184,,,9.686,0.08,,,88.889,,,,,0.0,0.0,,,0.0,0.0,0.0,0.0,,0.06,,,,0.0,0.0,,0.0,,,,,1.211,0.01,,11.111,,0.0,0.0,,,,0.0,0.0,,0.0,,,,,9.686,0.08,,,0.0,0.0,0.0,88.889,,,0.01,0.0,,,1.211,0.0,,11.111,0.0,,10.897,1.032,,,,1.211,0.01,,11.111,,,,,0.0,0.0,,0.0,,,,,0.0,0.0,,0.0,
Chad,2001,TCD,8538806.0,6336876544.0,,,,,1.171,0.01,10.0,,600.0,,,,,0.0,0.0,,0.0,0.0,0.0,0.0,,0.1,0.1,,-4.019,-0.041,116.015,0.156,,,10.54,0.09,,,90.0,,,,,0.0,0.0,,,0.0,0.0,0.0,0.0,,0.06,,,,0.0,0.0,,0.0,,,,,1.171,0.01,,10.0,,0.0,0.0,,,,0.0,0.0,,0.0,,,,,10.54,0.09,,,0.0,0.0,0.0,90.0,,,0.01,0.0,,,1.171,0.0,,10.0,0.0,,11.711,0.991,,,,1.171,0.01,,10.0,,,,,0.0,0.0,,0.0,,,,,0.0,0.0,,0.0,
Chad,2002,TCD,8838371.0,6982869504.0,,,,,1.131,0.01,10.0,,600.0,,,,,0.0,0.0,,0.0,0.0,0.0,0.0,,0.1,0.1,,-1.286,-0.013,110.642,0.14,,,10.183,0.09,,,90.0,,,,,0.0,0.0,,,0.0,0.0,0.0,0.0,,0.06,,,,0.0,0.0,,0.0,,,,,1.131,0.01,,10.0,,0.0,0.0,,,,0.0,0.0,,0.0,,,,,10.183,0.09,,,0.0,0.0,0.0,90.0,,,0.01,0.0,,,1.131,0.0,,10.0,0.0,,11.314,0.978,,,,1.131,0.01,,10.0,,,,,0.0,0.0,,0.0,,,,,0.0,0.0,,0.0,
Chad,2003,TCD,9196374.0,8110154752.0,,,,,1.087,0.01,9.091,,636.364,,,,,0.0,0.0,,0.0,0.0,0.0,0.0,,0.11,0.11,,-1.152,-0.011,105.11,0.119,,,10.874,0.1,,,90.909,,,,,0.0,0.0,,,0.0,0.0,0.0,0.0,,0.07,,,,0.0,0.0,,0.0,,,,,1.087,0.01,,9.091,,0.0,0.0,,,,0.0,0.0,,0.0,,,,,10.874,0.1,,,14.391,1564.865,14.391,90.909,,,0.01,0.0,,,1.087,0.0,,9.091,0.0,,11.961,0.967,,,,1.087,0.01,,9.091,,,,,0.0,0.0,,0.0,,,,,0.0,0.0,,0.0,
Chad,2004,TCD,9613509.0,11032176640.0,,,,,1.04,0.01,8.333,,666.667,,,,,0.0,0.0,,0.0,0.0,0.0,0.0,,0.12,0.12,,5.357,0.052,105.936,0.092,,,11.442,0.11,,,91.667,,,,,0.0,0.0,,,0.0,0.0,0.0,0.0,,0.08,,,,0.0,0.0,,0.0,,,,,1.04,0.01,,8.333,,0.0,0.0,,,,0.0,0.0,,0.0,,,,,11.442,0.11,,613.953,88.355,10687.629,102.746,91.667,,,0.01,0.0,,,1.04,0.0,,8.333,0.0,,12.482,1.018,,,,1.04,0.01,,8.333,,,,,0.0,0.0,,0.0,,,,,0.0,0.0,,0.0,
Chad,2005,TCD,10005013.0,12146548736.0,,,,,0.999,0.01,8.333,,666.667,,,,,0.0,0.0,,0.0,0.0,0.0,0.0,,0.12,0.12,,7.629,0.078,109.556,0.09,,,10.994,0.11,,,91.667,,,,,0.0,0.0,,,0.0,0.0,0.0,0.0,,0.08,,,,0.0,0.0,,0.0,,,,,0.999,0.01,,8.333,,0.0,0.0,,,,0.0,0.0,,0.0,,,,,10.994,0.11,,3.094,3.179,10587.196,105.925,91.667,,,0.01,0.0,,,0.999,0.0,,8.333,0.0,,11.994,1.096,,,,0.999,0.01,,8.333,,,,,0.0,0.0,,0.0,,,,,0.0,0.0,,0.0,
Chad,2006,TCD,10365620.0,12214650880.0,,,,,0.965,0.01,7.692,,615.385,,,,,0.0,0.0,,0.0,0.0,0.0,0.0,,0.13,0.13,,1.51,0.017,107.341,0.091,,,11.577,0.12,,,92.308,,,,,0.0,0.0,,,0.0,0.0,0.0,0.0,,0.08,,,,0.0,0.0,,0.0,,,,,0.965,0.01,,7.692,,0.0,0.0,,,,0.0,0.0,,0.0,,,,,11.577,0.12,,-11.69,-12.383,9024.257,93.542,92.308,,,0.01,0.0,,,0.965,0.0,,7.692,0.0,,12.541,1.113,,,,0.965,0.01,,7.692,,,,,0.0,0.0,,0.0,,,,,0.0,0.0,,0.0,
Chad,2007,TCD,10722738.0,14704552960.0,,,,,0.0,0.0,0.0,,666.667,,,,,0.0,0.0,,0.0,0.0,0.0,0.0,,0.12,0.12,,10.358,0.115,114.514,0.084,,,11.191,0.12,,,100.0,,,,,0.0,0.0,,,0.0,0.0,0.0,0.0,,0.08,,,,0.0,0.0,,0.0,,,,,0.0,0.0,,0.0,,0.0,0.0,,,,0.0,0.0,,0.0,,,,,11.191,0.12,,-6.261,-5.857,8177.499,87.685,100.0,,,0.0,0.0,,,0.0,0.0,,0.0,0.0,,11.191,1.228,,,,0.0,0.0,,0.0,,,,,0.0,0.0,,0.0,,,,,0.0,0.0,,0.0,
Chad,2008,TCD,11098672.0,15257525248.0,,,,,0.0,0.0,0.0,,714.286,,,,,0.0,0.0,,0.0,0.0,0.0,0.0,,0.14,0.14,,4.864,0.06,116.017,0.084,,,12.614,0.14,,,100.0,,,,,0.0,0.0,,,0.0,0.0,0.0,0.0,,0.1,,,,0.0,0.0,,0.0,,,,,0.0,0.0,,0.0,,0.0,0.0,,,,0.0,0.0,,0.0,,,,,12.614,0.14,,-11.26,-9.873,7010.95,77.812,100.0,,,0.0,0.0,,,0.0,0.0,,0.0,0.0,,12.614,1.288,,,,0.0,0.0,,0.0,,,,,0.0,0.0,,0.0,,,,,0.0,0.0,,0.0,
Chad,2009,TCD,11496138.0,17078455296.0,,,,,0.87,0.01,5.556,,666.667,,,,,0.0,0.0,,0.0,0.0,0.0,0.0,,0.18,0.18,,9.025,0.116,122.114,0.082,,,14.788,0.17,,,94.444,,,,,0.0,0.0,,,0.0,0.0,0.0,0.0,,0.12,,,,0.0,0.0,,0.0,,,,,0.87,0.01,,5.556,,0.0,0.0,,,,0.0,0.0,,0.0,,,,,14.788,0.17,,-7.527,-5.857,6259.093,71.955,94.444,,,0.01,0.0,,,0.87,0.0,,5.556,0.0,,15.657,1.404,,,,0.87,0.01,,5.556,,,,,0.0,0.0,,0.0,,,,,0.0,0.0,,0.0,
Chad,2010,TCD,11894734.0,19870312448.0,,,,,0.841,0.01,5.263,,684.211,,,,,0.0,0.0,,0.0,0.0,0.0,0.0,,0.19,0.19,,10.92,0.153,130.909,0.078,,,15.133,0.18,,,94.737,,,,,0.0,0.0,,,0.0,0.0,0.0,0.0,,0.13,,,,0.0,0.0,,0.0,,,,,0.841,0.01,,5.263,,0.0,0.0,,,,0.0,0.0,,0.0,,,,,15.133,0.18,,3.488,2.51,6260.373,74.465,94.737,,,0.01,0.0,,,0.841,0.0,,5.263,0.0,,15.973,1.557,,,,0.841,0.01,,5.263,,,,,0.0,0.0,,0.0,,,,,0.0,0.0,,0.0,
Chad,2011,TCD,12317729.0,19903760384.0,,,,,0.812,0.01,5.263,,684.211,,,,,0.0,0.0,,0.0,0.0,0.0,0.0,,0.19,0.19,,43.128,0.672,180.934,0.112,,,14.613,0.18,,,94.737,,,,,0.0,0.0,,,0.0,0.0,0.0,0.0,,0.13,,,,0.0,0.0,,0.0,,,,,0.812,0.01,,5.263,,0.0,0.0,,,,0.0,0.0,,0.0,,,,,14.613,0.18,,-6.742,-5.02,5637.834,69.445,94.737,,,0.01,0.0,,,0.812,0.0,,5.263,0.0,,15.425,2.229,,,,0.812,0.01,,5.263,,,,,0.0,0.0,,0.0,,,,,0.0,0.0,,0.0,
Chad,2012,TCD,12754912.0,22282383360.0,,,,,0.0,0.0,0.0,,695.652,,,,,0.0,0.0,,0.0,0.0,0.0,0.0,,0.23,0.23,,73.162,1.631,302.571,0.173,,,18.032,0.23,,,100.0,,,,,0.0,0.0,,,0.0,0.0,0.0,0.0,,0.16,,,,0.0,0.0,,0.0,,,,,0.0,0.0,,0.0,,0.0,0.0,,,,0.0,0.0,,0.0,,,,,18.032,0.23,,-11.084,-7.698,4841.097,61.748,100.0,,,0.0,0.0,,,0.0,0.0,,0.0,0.0,,18.032,3.859,,,,0.0,0.0,,0.0,,,,,0.0,0.0,,0.0,,,,,0.0,0.0,,0.0,
Chad,2013,TCD,13216769.0,24345667584.0,,,,,0.0,0.0,0.0,,692.308,,,,,0.0,0.0,,0.0,0.0,0.0,0.0,,0.26,0.26,,3.72,0.144,302.861,0.164,,,19.672,0.26,,,100.0,,,,,0.0,0.0,,,0.0,0.0,0.0,0.0,,0.18,,,,0.0,0.0,,0.0,,,,,0.0,0.0,,0.0,,0.0,0.0,,,,0.0,0.0,,0.0,,,,,19.672,0.26,,-10.347,-6.389,4188.517,55.359,100.0,,,0.0,0.0,,,0.0,0.0,,0.0,0.0,,19.672,4.003,,,,0.0,0.0,,0.0,,,,,0.0,0.0,,0.0,,,,,0.0,0.0,,0.0,
Chad,2014,TCD,13697128.0,30490775552.0,,,,,0.0,0.0,0.0,,703.704,,,,,0.0,0.0,,0.0,0.0,0.0,0.0,,0.27,0.27,,3.935,0.158,303.739,0.136,,,19.712,0.27,,,100.0,,,,,0.0,0.0,,,0.0,0.0,0.0,0.0,,0.19,,,,0.0,0.0,,0.0,,,,,0.0,0.0,,0.0,,0.0,0.0,,,,0.0,0.0,,0.0,,,,,19.712,0.27,,-2.02,-1.118,3959.981,54.24,100.0,,,0.0,0.0,,,0.0,0.0,,0.0,0.0,,19.712,4.16,,,,0.0,0.0,,0.0,,,,,0.0,0.0,,0.0,,,,,0.0,0.0,,0.0,
Chad,2015,TCD,14140277.0,32955875328.0,,,,,0.0,0.0,0.0,,714.286,,,,,0.0,0.0,,0.0,0.0,0.0,0.0,,0.28,0.28,,1.402,0.058,298.346,0.128,,,19.802,0.28,,,100.0,,,,,0.0,0.0,,,0.0,0.0,0.0,0.0,,0.2,,,,0.0,0.0,,0.0,,,,,0.0,0.0,,0.0,,0.0,0.0,,,,0.0,0.0,,0.0,,,,,19.802,0.28,,24.559,13.321,4777.927,67.561,100.0,,,0.0,0.0,,,0.0,0.0,,0.0,0.0,,19.802,4.219,,,,0.0,0.0,,0.0,,,,,0.0,0.0,,0.0,,,,,0.0,0.0,,0.0,
Chad,2016,TCD,14592587.0,31254114304.0,,,,,0.0,0.0,0.0,,689.655,,,,,0.0,0.0,,0.0,0.0,0.0,0.0,,0.29,0.29,,-0.867,-0.037,286.591,0.134,,,19.188,0.28,,,96.552,,,,,0.0,0.0,,,0.0,0.0,0.0,0.0,,0.2,,,,0.0,0.0,,0.0,,,,,0.685,0.01,,3.448,,0.0,0.0,,,,0.0,0.0,,0.0,,,,,19.188,0.28,,5.625,3.801,4890.277,71.362,96.552,,,0.0,0.0,,,0.0,0.0,,0.0,0.0,,19.873,4.182,,,,0.685,0.01,,3.448,,,,,0.0,0.0,,0.0,,,,,0.685,0.01,,3.448,
Chad,2017,TCD,15085893.0,30510266368.0,,,,,0.0,0.0,0.0,,666.667,,,,,0.0,0.0,,,,,0.0,,0.3,0.3,,60.976,2.55,446.255,0.221,,,19.223,0.29,,,96.667,,,,,0.0,0.0,,,,,,0.0,,0.2,,,,0.0,0.0,,0.0,,,,,0.663,0.01,,3.333,,0.0,0.0,,,,0.0,0.0,,0.0,,,,,19.223,0.29,,-15.77,-11.254,3984.403,60.108,96.667,,,0.0,0.0,,,0.0,0.0,,0.0,0.0,,19.886,6.732,,,,0.663,0.01,,3.333,,,,,0.0,0.0,,0.0,,,,,0.663,0.01,,3.333,
Chad,2018,TCD,15604213.0,31212918784.0,,,,,0.0,0.0,0.0,,666.667,,,,,0.0,0.0,,,,,0.0,,0.3,0.3,,5.954,0.401,457.118,0.229,,,18.585,0.29,,,96.667,,,,,0.0,0.0,,,,,,0.0,,0.2,,,,0.0,0.0,,0.0,,,,,0.641,0.01,,3.333,,0.0,0.0,,,,0.0,0.0,,0.0,,,,,18.585,0.29,,17.37,10.441,4521.145,70.549,96.667,,,0.0,0.0,,,0.0,0.0,,0.0,0.0,,19.226,7.133,,,,0.641,0.01,,3.333,,,,,0.0,0.0,,0.0,,,,,0.641,0.01,,3.333,
Chad,2019,TCD,16126868.0,,,,,,0.0,0.0,0.0,,677.419,,,,,0.0,0.0,,,,,0.0,,0.31,0.31,,3.59,0.256,458.181,,,,18.602,0.3,,,96.774,,,,,0.0,0.0,,,,,,0.0,,0.21,,,,0.0,0.0,,0.0,,,,,0.62,0.01,,3.226,,0.0,0.0,,,,0.0,0.0,,0.0,,,,,18.602,0.3,,9.846,6.946,4805.333,77.495,96.774,,,0.0,0.0,,,0.0,0.0,,0.0,0.0,,19.223,7.389,,,,0.62,0.01,,3.226,,,,,0.0,0.0,,0.0,,,,,0.62,0.01,,3.226,
Chad,2020,TCD,16644707.0,,,,,,0.0,0.0,0.0,,689.655,,,,,0.0,0.0,,,,,0.0,,0.29,0.29,,-16.087,-1.189,372.511,,,,16.822,0.28,,,96.552,,,,,0.0,0.0,,,,,,0.0,,0.2,,,,0.0,0.0,,0.0,,,,,0.601,0.01,,3.448,,0.0,0.0,,,,0.0,0.0,,0.0,,,,,16.822,0.28,,-0.218,-0.169,4645.681,77.326,96.552,,,0.0,0.0,,,0.0,0.0,,0.0,0.0,,17.423,6.2,,,,0.601,0.01,,3.448,,,,,0.0,0.0,,0.0,,,,,0.601,0.01,,3.448,
Chad,2021,TCD,17179744.0,,,,,,0.0,0.0,0.0,,677.419,,,,,0.0,0.0,,,,,0.0,,0.31,0.31,,0.07,0.004,361.161,,,,17.462,0.3,,,96.774,,,,,0.0,0.0,,,,,,0.0,,0.21,,,,0.0,0.0,,0.0,,,,,0.582,0.01,,3.226,,0.0,0.0,,,,0.0,0.0,,0.0,,,,,17.462,0.3,,-7.991,-6.179,4141.316,71.147,96.774,,,0.0,0.0,,,0.0,0.0,,0.0,0.0,,18.045,6.205,,,,0.582,0.01,,3.226,,,,,0.0,0.0,,0.0,,,,,0.582,0.01,,3.226,
Chad,2022,TCD,17723312.0,,,,,,,,,,,,,,,,,,,,,,,,,,,,,,,,,,,,,,,,,,,,,,,,,,,,,,,,,,,,,,,,,,,,,,,,,,,,,,,,,,,6.23,4.432,4264.396,75.579,,,,,,,,,,,,,,,,,,,,,,,,,,,,,,,,,,,,,,,
Chile,1900,CHL,3144546.0,10019174400.0,,,,,,,,,,,,,,,,,,829.622,2.609,,,,,,,,,,,,,,,,,,,,,,,,,,0.0,0.0,,,,,,,,,,,,,,,,,,,,,,,,,,,,,,,,,,,,,,0.0,0.0,,,,,,,,,,,,,,,,,,,,,,,,,,,,,,,,,,,,,,,
Chile,1901,CHL,3185985.0,10227504128.0,,,,,,,,,,,,,,,,84.615,2.207,1511.688,4.816,,,,,,,,,,,,,,,,,,,,,,,,,0.0,0.0,0.0,,,,,,,,,,,,,,,,,,,,,,,,,,,,,,,,,,,,,0.0,0.0,0.0,,,,,,,,,,,,,,,,,,,,,,,,,,,,,,,,,,,,,,,
Chile,1902,CHL,3227194.0,10916515840.0,,,,,,,,,,,,,,,,25.0,1.204,1865.481,6.02,,,,,,,,,,,,,,,,,,,,,,,,,0.0,0.0,0.0,,,,,,,,,,,,,,,,,,,,,,,,,,,,,,,,,,,,,0.0,0.0,0.0,,,,,,,,,,,,,,,,,,,,,,,,,,,,,,,,,,,,,,,
Chile,1903,CHL,3268159.0,10362765312.0,,,,,,,,,,,,,,,,10.267,0.618,2031.22,6.638,,,,,,,,,,,,,,,,,,,,,,,,,0.0,0.0,0.0,,,,,,,,,,,,,,,,,,,,,,,,,,,,,,,,,,,,,0.0,0.0,0.0,,,,,,,,,,,,,,,,,,,,,,,,,,,,,,,,,,,,,,,
Chile,1904,CHL,3309640.0,11305700352.0,,,,,,,,,,,,,,,,-9.069,-0.602,1823.861,6.036,,,,,,,,,,,,,,,,,,,,,,,,,0.0,0.0,0.0,,,,,,,,,,,,,,,,,,,,,,,,,,,,,,,,,,,,,0.0,0.0,0.0,,,,,,,,,,,,,,,,,,,,,,,,,,,,,,,,,,,,,,,
Chile,1905,CHL,3351643.0,10881920000.0,,,,,,,,,,,,,,,,5.585,0.337,1901.592,6.373,,,,,,,,,,,,,,,,,,,,,,,,,0.0,0.0,0.0,,,,,,,,,,,,,,,,,,,,,,,,,,,,,,,,,,,,,0.0,0.0,0.0,,,,,,,,,,,,,,,,,,,,,,,,,,,,,,,,,,,,,,,
Chile,1906,CHL,3394174.0,11634895872.0,,,,,,,,,,,,,,,,17.506,1.116,2206.491,7.489,,,,,,,,,,,,,,,,,,,,,,,,,0.0,0.0,0.0,,,,,,,,,,,,,,,,,,,,,,,,,,,,,,,,,,,,,0.0,0.0,0.0,,,,,,,,,,,,,,,,,,,,,,,,,,,,,,,,,,,,,,,
Chile,1907,CHL,3437240.0,12222480384.0,,,,,,,,,,,,,,,,-10.718,-0.803,1945.314,6.687,,,,,,,,,,,,,,,,,,,,,,,,,0.0,0.0,0.0,,,,,,,,,,,,,,,,,,,,,,,,,,,,,,,,,,,,,0.0,0.0,0.0,,,,,,,,,,,,,,,,,,,,,,,,,,,,,,,,,,,,,,,
Chile,1908,CHL,3480848.0,13040879616.0,,,,,,,,,,,,,,,,12.845,0.859,2167.691,7.545,,,,,,,,,,,,,,,,,,,,,,,,,0.0,0.0,0.0,,,,,,,,,,,,,,,,,,,,,,,,,,,,,,,,,,,,,0.0,0.0,0.0,,,,,,,,,,,,,,,,,,,,,,,,,,,,,,,,,,,,,,,
Chile,1909,CHL,3525079.0,13257759744.0,,,,,,,,,,,,,,,,-4.362,-0.329,2047.13,7.216,,,,,,,,,,,,,,,,,,,,,,,,,0.0,0.0,0.0,,,,,,,,,,,,,,,,,,,,,,,,,,,,,,,,,,,,,0.0,0.0,0.0,,,,,,,,,,,,,,,,,,,,,,,,,,,,,,,,,,,,,,,
Chile,1910,CHL,3569943.0,14876744704.0,,,,,,,,,,,,,,,,19.466,1.405,2414.892,8.621,,,,,,,,,,,,,,,,,,,,,,,,,0.0,0.0,0.0,,,,,,,,,,,,,,,,,,,,,,,,,,,,,,,,,,,,,0.0,0.0,0.0,,,,,,,,,,,,,,,,,,,,,,,,,,,,,,,,,,,,,,,
Chile,1911,CHL,3615449.0,15029273600.0,,,,,,,,,,,,,,,,10.615,0.915,2637.6,9.536,,,,,,,,,,,,,,,,,,,,,,,,,0.0,0.0,0.0,,,,,,,,,,,,,,,,,,,,,,,,,,,,,,,,,,,,,0.0,0.0,0.0,,,,,,,,,,,,,,,,,,,,,,,,,,,,,,,,,,,,,,,
Chile,1912,CHL,3661606.0,16301952000.0,,,,,,,,,,,,,,,,11.448,1.092,2902.492,10.628,,,,,,,,,,,,,,,,,,,,,,,,,0.0,0.0,0.0,,,,,,,,,,,,,,,,,,,,,,,,,,,,,,,,,,,,,0.0,0.0,0.0,,,,,,,,,,,,,,,,,,,,,,,,,,,,,,,,,,,,,,,
Chile,1913,CHL,3708422.0,16592316416.0,,,,,,,,,,,,,,,,-3.097,-0.329,2777.104,10.299,,,,,,,,,,,,,,,,,,,,,,,,,0.0,0.0,0.0,,,,,,,,,,,,,,,,,,,,,,,,,,,,,,,,,,,,,0.0,0.0,0.0,,,,,,,,,,,,,,,,,,,,,,,,,,,,,,,,,,,,,,,
Chile,1914,CHL,3755832.0,14126369792.0,,,,,,,,,,,,,,,,-15.277,-1.573,2323.154,8.725,,,,,,,,,,,,,,,,,,,,,,,,,0.0,0.0,0.0,,,,,,,,,,,,,,,,,,,,,,,,,,,,,,,,,,,,,0.0,0.0,0.0,,,,,,,,,,,,,,,,,,,,,,,,,,,,,,,,,,,,,,,
Chile,1915,CHL,3803843.0,13379817472.0,,,,,,,,,,,,,,,,7.82,0.682,2473.203,9.408,,,,,,,,,,,,,,,,,,,,,,,,,0.0,0.0,0.0,,,,,,,,,,,,,,,,,,,,,,,,,,,,,,,,,,,,,0.0,0.0,0.0,,,,,,,,,,,,,,,,,,,,,,,,,,,,,,,,,,,,,,,
Chile,1916,CHL,3852462.0,16330000384.0,,,,,,,,,,,,,,,,20.99,1.975,2954.558,11.382,,,,,,,,,,,,,,,,,,,,,,,,,0.0,0.0,0.0,,,,,,,,,,,,,,,,,,,,,,,,,,,,,,,,,,,,,0.0,0.0,0.0,,,,,,,,,,,,,,,,,,,,,,,,,,,,,,,,,,,,,,,
Chile,1917,CHL,3901698.0,16598632448.0,,,,,,,,,,,,,,,,8.533,0.971,3166.209,12.354,,,,,,,,,,,,,,,,,,,,,,,,,0.0,0.0,0.0,,,,,,,,,,,,,,,,,,,,,,,,,,,,,,,,,,,,,0.0,0.0,0.0,,,,,,,,,,,,,,,,,,,,,,,,,,,,,,,,,,,,,,,
Chile,1918,CHL,3946949.0,16723667968.0,,,,,,,,,,,,,,,,-1.429,-0.177,3085.167,12.177,,,,,,,,,,,,,,,,,,,,,,,,,0.0,0.0,0.0,,,,,,,,,,,,,,,,,,,,,,,,,,,,,,,,,,,,,0.0,0.0,0.0,,,,,,,,,,,,,,,,,,,,,,,,,,,,,,,,,,,,,,,
Chile,1919,CHL,3994434.0,14171333632.0,,,,,,,,,,,,,,,,-2.109,-0.257,2984.186,11.92,,,,,,,,,,,,,,,,,,,,,,,,,0.0,0.0,0.0,,,,,,,,,,,,,,,,,,,,,,,,,,,,,,,,,,,,,0.0,0.0,0.0,,,,,,,,,,,,,,,,,,,,,,,,,,,,,,,,,,,,,,,
Chile,1920,CHL,4044201.0,15815304192.0,,,,,,,,,,,,,,,,-28.418,-3.387,2109.867,8.533,,,,,,,,,,,,,,,,,,,,,,,,,0.0,0.0,0.0,,,,,,,,,,,,,,,,,,,,,,,,,,,,,,,,,,,,,0.0,0.0,0.0,,,,,,,,,,,,,,,,,,,,,,,,,,,,,,,,,,,,,,,
Chile,1921,CHL,4096300.0,14047063040.0,,,,,,,,,,,,,,,,19.944,1.702,2498.464,10.234,,,,,,,,,,,,,,,,,,,,,,,,,0.0,0.0,0.0,,,,,,,,,,,,,,,,,,,,,,,,,,,,,,,,,,,,,0.0,0.0,0.0,,,,,,,,,,,,,,,,,,,,,,,,,,,,,,,,,,,,,,,
Chile,1922,CHL,4150784.0,14558038016.0,,,,,,,,,,,,,,,,-17.412,-1.782,2036.352,8.452,,,,,,,,,,,,,,,,,,,,,,,,,0.0,0.0,0.0,,,,,,,,,,,,,,,,,,,,,,,,,,,,,,,,,,,,,0.0,0.0,0.0,,,,,,,,,,,,,,,,,,,,,,,,,,,,,,,,,,,,,,,
Chile,1923,CHL,4207703.0,17451124736.0,,,,,,,,,,,,,,,,10.541,0.891,2220.56,9.343,,,,,,,,,,,,,,,,,,,,,,,,,0.0,0.0,0.0,,,,,,,,,,,,,,,,,,,,,,,,,,,,,,,,,,,,,0.0,0.0,0.0,,,,,,,,,,,,,,,,,,,,,,,,,,,,,,,,,,,,,,,
Chile,1924,CHL,4265403.0,18719342592.0,,,,,,,,,,,,,,,,32.216,3.01,2896.231,12.354,,,,,,,,,,,,,,,,,,,,,,,,,0.0,0.0,0.0,,,,,,,,,,,,,,,,,,,,,,,,,,,,,,,,,,,,,0.0,0.0,0.0,,,,,,,,,,,,,,,,,,,,,,,,,,,,,,,,,,,,,,,
Chile,1925,CHL,4323894.0,19464910848.0,,,,,,,,,,,,,,,,-5.588,-0.69,2697.399,11.663,,,,,,,,,,,,,,,,,,,,,,,,,0.0,0.0,0.0,,,,,,,,,,,,,,,,,,,,,,,,,,,,,,,,,,,,,0.0,0.0,0.0,,,,,,,,,,,,,,,,,,,,,,,,,,,,,,,,,,,,,,,
Chile,1926,CHL,4383188.0,18925549568.0,,,,,,,,,,,,,,,,2.615,0.305,2730.5,11.968,,,,,,,,,,,,,,,,,,,,,,,,,0.0,0.0,0.0,,,,,,,,,,,,,,,,,,,,,,,,,,,,,,,,,,,,,0.0,0.0,0.0,,,,,,,,,,,,,,,,,,,,,,,,,,,,,,,,,,,,,,,
Chile,1927,CHL,4443294.0,18544064512.0,,,,,,,,,,,,,,,,-0.604,-0.072,2677.305,11.896,,,,,,,,,,,,,,,,,,,,,,,,,0.0,0.0,0.0,,,,,,,,,,,,,,,,,,,,,,,,,,,,,,,,,,,,,0.0,0.0,0.0,,,,,,,,,,,,,,,,,,,,,,,,,,,,,,,,,,,,,,,
Chile,1928,CHL,4504225.0,23221260288.0,,,,,,,,,,,,,,,,-7.152,-0.851,2452.184,11.045,,,,,,,,,,,,,,,,,,,,,,,,,0.0,0.0,0.0,,,,,,,,,,,,,,,,,,,,,,,,,,,,,,,,,,,,,0.0,0.0,0.0,,,,,,,,,,,,,,,,,,,,,,,,,,,,,,,,,,,,,,,
Chile,1929,CHL,4569171.0,23863158784.0,,,,,,,,,,,,,,,,9.593,1.06,2649.224,12.105,,,,,,,,,,,,,,,,,,,,,,,,,0.0,0.0,0.0,,,,,,,,,,,,,,,,,,,,,,,,,,,,,,,,,,,,,0.0,0.0,0.0,,,,,,,,,,,,,,,,,,,,,,,,,,,,,,,,,,,,,,,
Chile,1930,CHL,4638243.0,20801015808.0,,,,,,,,,,,,,,,,-4.377,-0.53,2495.551,11.575,,,,,,,,,,,,,,,,,,,,,,,,,0.0,0.0,0.0,,,,,,,,,,,,,,,,,,,,,,,,,,,,,,,,,,,,,0.0,0.0,0.0,,,,,,,,,,,,,,,,,,,,,,,,,,,,,,,,,,,,,,,
Chile,1931,CHL,4711552.0,16912128000.0,,,,,,,,,,,,,,,,-23.717,-2.745,1874.059,8.83,,,,,,,,,,,,,,,,,,,,,,,,,0.0,0.0,0.0,,,,,,,,,,,,,,,,,,,,,,,,,,,,,,,,,,,,,0.0,0.0,0.0,,,,,,,,,,,,,,,,,,,,,,,,,,,,,,,,,,,,,,,
Chile,1932,CHL,4789213.0,12982949888.0,,,,,,,,,,,,,,,,-1.364,-0.12,1818.529,8.709,,,,,,,,,,,,,,,,,,,,,,,,,0.0,0.0,0.0,,,,,,,,,,,,,,,,,,,,,,,,,,,,,,,,,,,,,0.0,0.0,0.0,,,,,,,,,,,,,,,,,,,,,,,,,,,,,,,,,,,,,,,
Chile,1933,CHL,4871343.0,16183314432.0,,,,,,,,,,,,,,,,41.751,3.636,2534.325,12.346,,,,,,,,,,,,,,,,,,,,,,,,,0.0,0.0,0.0,,,,,,,,,,,,,,,,,,,,,,,,,,,,,,,,,,,,,0.0,0.0,0.0,,,,,,,,,,,,,,,,,,,,,,,,,,,,,,,,,,,,,,,
Chile,1934,CHL,4954882.0,19415412736.0,,,,,,,,,,,,,,,,17.555,2.167,2929.003,14.513,,,,,,,,,,,,,,,,,,,,,,,,,0.0,0.0,0.0,,,,,,,,,,,,,,,,,,,,,,,,,,,,,,,,,,,,,0.0,0.0,0.0,,,,,,,,,,,,,,,,,,,,,,,,,,,,,,,,,,,,,,,
Chile,1935,CHL,5039853.0,20863375360.0,,,,,,,,,,,,,,,,5.088,0.738,3026.15,15.251,,,,,,,,,,,,,,,,,,,,,,,,,0.0,0.0,0.0,,,,,,,,,,,,,,,,,,,,,,,,,,,,,,,,,,,,,0.0,0.0,0.0,,,,,,,,,,,,,,,,,,,,,,,,,,,,,,,,,,,,,,,
Chile,1936,CHL,5126282.0,21572304896.0,,,,,,,,,,,,,,,,-1.316,-0.201,2935.982,15.051,,,,,,,,,,,,,,,,,,,,,,,,,0.0,0.0,0.0,,,,,,,,,,,,,,,,,,,,,,,,,,,,,,,,,,,,,0.0,0.0,0.0,,,,,,,,,,,,,,,,,,,,,,,,,,,,,,,,,,,,,,,
Chile,1937,CHL,5214192.0,24342487040.0,,,,,,,,,,,,,,,,4.427,0.666,3014.257,15.717,,,,,,,,,,,,,,,,,,,,,,,,,0.0,0.0,0.0,,,,,,,,,,,,,,,,,,,,,,,,,,,,,,,,,,,,,0.0,0.0,0.0,,,,,,,,,,,,,,,,,,,,,,,,,,,,,,,,,,,,,,,
Chile,1938,CHL,5303610.0,24716249088.0,,,,,,,,,,,,,,,,4.392,0.69,3093.599,16.407,,,,,,,,,,,,,,,,,,,,,,,,,0.0,0.0,0.0,,,,,,,,,,,,,,,,,,,,,,,,,,,,,,,,,,,,,0.0,0.0,0.0,,,,,,,,,,,,,,,,,,,,,,,,,,,,,,,,,,,,,,,
Chile,1939,CHL,5396359.0,25346183168.0,,,,,,,,,,,,,,,,-9.491,-1.557,2751.855,14.85,,,,,,,,,,,,,,,,,,,,,,,,,0.0,0.0,0.0,,,,,,,,,,,,,,,,,,,,,,,,,,,,,,,,,,,,,0.0,0.0,0.0,,,,,,,,,,,,,,,,,,,,,,,,,,,,,,,,,,,,,,,
Chile,1940,CHL,5492530.0,26174912512.0,,,,,,,,,,,,,,,,4.757,0.706,2832.279,15.556,,,,,,,,,,,,,,,,,,,,,,,,,0.0,0.0,0.0,,,,,,,,,,,,,,,,,,,,,,,,,,,,,,,,,,,,,0.0,0.0,0.0,,,,,,,,,,,,,,,,,,,,,,,,,,,,,,,,,,,,,,,
Chile,1941,CHL,5592215.0,26223740928.0,,,,,,,,,,,,,,,,6.295,0.979,2956.909,16.536,,,,,,,,,,,,,,,,,,,,,,,,,0.0,0.0,0.0,,,,,,,,,,,,,,,,,,,,,,,,,,,,,,,,,,,,,0.0,0.0,0.0,,,,,,,,,,,,,,,,,,,,,,,,,,,,,,,,,,,,,,,
Chile,1942,CHL,5695510.0,27084926976.0,,,,,,,,,,,,,,,,4.417,0.73,3031.534,17.266,,,,,,,,,,,,,,,,,,,,,,,,,0.0,0.0,0.0,,,,,,,,,,,,,,,,,,,,,,,,,,,,,,,,,,,,,0.0,0.0,0.0,,,,,,,,,,,,,,,,,,,,,,,,,,,,,,,,,,,,,,,
Chile,1943,CHL,5802513.0,27857731584.0,,,,,,,,,,,,,,,,5.3,0.915,3133.334,18.181,,,,,,,,,,,,,,,,,,,,,,,,,0.0,0.0,0.0,,,,,,,,,,,,,,,,,,,,,,,,,,,,,,,,,,,,,0.0,0.0,0.0,,,,,,,,,,,,,,,,,,,,,,,,,,,,,,,,,,,,,,,
Chile,1944,CHL,5911526.0,28383840256.0,,,,,,,,,,,,,,,,0.618,0.112,3094.563,18.294,,,,,,,,,,,,,,,,,,,,,,,,,0.0,0.0,0.0,,,,,,,,,,,,,,,,,,,,,,,,,,,,,,,,,,,,,0.0,0.0,0.0,,,,,,,,,,,,,,,,,,,,,,,,,,,,,,,,,,,,,,,
Chile,1945,CHL,6022587.0,30830256128.0,,,,,,,,,,,,,,,,-8.776,-1.605,2770.933,16.688,,,,,,,,,,,,,,,,,,,,,,,,,0.0,0.0,0.0,,,,,,,,,,,,,,,,,,,,,,,,,,,,,,,,,,,,,0.0,0.0,0.0,,,,,,,,,,,,,,,,,,,,,,,,,,,,,,,,,,,,,,,
Chile,1946,CHL,6135735.0,33472208896.0,,,,,,,,,,,,,,,,-5.435,-0.907,2572.004,15.781,,,,,,,,,,,,,,,,,,,,,,,,,0.0,0.0,0.0,,,,,,,,,,,,,,,,,,,,,,,,,,,,,,,,,,,,,0.0,0.0,0.0,,,,,,,,,,,,,,,,,,,,,,,,,,,,,,,,,,,,,,,
Chile,1947,CHL,6251009.0,29882306560.0,,,,,,,,,,,,,,,,5.137,0.811,2654.27,16.592,,,,,,,,,,,,,,,,,,,,,,,,,0.0,0.0,0.0,,,,,,,,,,,,,,,,,,,,,,,,,,,,,,,,,,,,,0.0,0.0,0.0,,,,,,,,,,,,,,,,,,,,,,,,,,,,,,,,,,,,,,,
Chile,1948,CHL,6368448.0,34832236544.0,,,,,,,,,,,,,,,,9.869,1.638,2862.452,18.229,,,,,,,,,,,,,,,,,,,,,,,,,0.0,0.0,0.0,,,,,,,,,,,,,,,,,,,,,,,,,,,,,,,,,,,,,0.0,0.0,0.0,,,,,,,,,,,,,,,,,,,,,,,,,,,,,,,,,,,,,,,
Chile,1949,CHL,6492585.0,34082990080.0,,,,,,,,,,,,,,,,-5.724,-1.044,2646.999,17.186,,,,,,,,,,,,,,,,,,,,,,,,,0.046,7.085,0.046,,,,,,,,,,,,,,,,,,,,,,,,,,,,,,,,,,,,,0.081,12.539,0.081,,,,,,,,,,,,,,,,,,,,,,,,,,,,,,,,,,,,,,,
Chile,1950,CHL,6623650.0,35814096896.0,,,,,,,,,,,,,,,,10.628,1.827,2870.385,19.012,,,,,,,,,,,,,,,,,,,,,,,,4875.0,2.243,345.52,2.289,,,,,,,,,,,,,,,,,,,,,,,,,,,,,,,,,,,,1071.429,0.872,143.978,0.954,,,,,,,,,,,,,,,,,,,,,,,,,,,,,,,,,,,,,,,
Chile,1951,CHL,6748677.0,37517848576.0,,,,,,,,,,,,,,,,-10.969,-2.086,2508.183,16.927,,,,,,,,,,,,,,,,,,,,,,,,-28.141,-0.644,243.688,1.645,,,,,,,,,,,,,,,,,,,,,,,,,,,,,,,,,,,,20.732,0.198,170.607,1.151,,,,,,,,,,,,,,,,,,,,,,,,,,,,,,,,,,,,,,,
Chile,1952,CHL,6882965.0,39872872448.0,,,,,,,,,,,,,,,,10.789,1.826,2724.572,18.753,,,,,,,,,,,,,,,,,,,,,,,,-58.741,-0.966,98.581,0.679,,,,,,,,,,,,,,,,,,,,,,,,,,,,,,,,,,,,20.202,0.233,201.072,1.384,,,,,,,,,,,,,,,,,,,,,,,,,,,,,,,,,,,,,,,
Chile,1953,CHL,7024139.0,42735439872.0,,,,,,,,,,,,,,,,-4.219,-0.791,2557.174,17.962,,,,,,,,,,,,,,,,,,,,,,,,18.644,0.127,114.61,0.805,,,,,,,,,,,,,,,,,,,,,,,,,,,,,,,,,,,,37.815,0.523,271.538,1.907,,,,,,,,,,,,,,,,,,,,,,,,,,,,,,,,,,,,,,,
Chile,1954,CHL,7171411.0,41239904256.0,,,,,,,,,,,,,,,,-2.428,-0.436,2443.858,17.526,,,,,,,,,,,,,,,,,,,,,,,,28.571,0.23,144.33,1.035,,,,,,,,,,,,,,,,,,,,,,,,,,,,,,,,,,,,37.805,0.721,366.508,2.628,,,,,,,,,,,,,,,,,,,,,,,,,,,,,,,,,,,,,,,
Chile,1955,CHL,7323198.0,42759069696.0,,,,,,,,,,,,,,,,0.794,0.139,2412.201,17.665,,,,,,,,,,,,,,,,,,,,,,,,24.444,0.253,175.887,1.288,,,,,,,,,,,,,,,,,,,,,,,,,,,,,,,,,,,,48.673,1.279,533.603,3.908,,,,,,,,,,,,,,,,,,,,,,,,,,,,,,,,,,,,,,,
Chile,1956,CHL,7480643.0,43296378880.0,,,,,,,,,,,,,,,,-8.61,-1.521,2158.111,16.144,,,,,,,,,,,,,,,,,,,,,,,,33.929,0.437,230.606,1.725,,,,,,,,,,,,,,,,,,,,,,,,,,,,,,,,,,,,37.5,1.465,718.262,5.373,,,,,,,,,,,,,,,,,,,,,,,,,,,,,,,,,,,,,,,
Chile,1957,CHL,7641939.0,47633264640.0,,,,,,,,,,,,,,,,-7.975,-1.287,1944.083,14.857,,,,,,,,,,,,,,,,,,,,,,,,66.667,1.15,376.23,2.875,,,,,,,,,,,,,,,,,,,,,,,,,,,,,,,,,,,,22.294,1.198,859.854,6.571,,,,,,,,,,,,,,,,,,,,,,,,,,,,,,,,,,,,,,,
Chile,1958,CHL,7806577.0,50235248640.0,,,,,,,,,,,,,,,,-4.696,-0.698,1813.713,14.159,,,,,,,,,,,,,,,,,,,,,,,,80.0,2.3,662.933,5.175,,,,,,,,,,,,,,,,,,,,,,,,,,,,,,,,,,,,28.496,1.872,1081.573,8.443,,,,,,,,,,,,,,,,,,,,,,,,,,,,,,,,,,,,,,,
Chile,1959,CHL,7973551.0,47425589248.0,,,,,,,,,,,,,,,,-3.512,-0.497,1713.366,13.662,,,,,,,,,,,,,,,,,,,,,,,,33.333,1.725,865.4,6.9,,,,,,,,,,,,,,,,,,,,,,,,,,,,,,,,,,,,15.427,1.303,1222.284,9.746,,,,,,,,,,,,,,,,,,,,,,,,,,,,,,,,,,,,,,,
Chile,1960,CHL,8141826.0,51436253184.0,,,,,,,,,,,,,,,,-17.214,-2.352,1389.113,11.31,,,,,,,,,,,,,,,,,,,,,,,,37.167,2.565,1162.507,9.465,,,,,,,,,,,,,,,,,,,,,,,,,,,,,,,,,,,,12.53,1.221,1347.006,10.967,,,,,,,,,,,,,,,,,,,,,,,,,,,,,,,,,,,,,,,
Chile,1961,CHL,8313539.0,53814652928.0,,,,,,,,,,,,,,,,18.957,2.144,1618.32,13.454,,,,,,,,,,,,,,,,,,,,,,,,45.93,4.347,1661.401,13.812,,,,,,,,,,,,,,,,,,,,,,,,,,,,,,,,,,,,28.102,3.082,1689.899,14.049,,,,,,,,,,,,,,,,,,,,,,,,,,,,,,,,,,,,,,,
Chile,1962,CHL,8486124.0,56294055936.0,,,,,,,,,,,,,,,,5.813,0.782,1677.57,14.236,,,,,,,,,,,,,,,,,,,,,,,,30.724,4.244,2127.687,18.056,,,,,,,,,,,,,,,,,,,,,,,,,,,,,,,,,,,,26.159,3.675,2088.6,17.724,,,,,,,,,,,,,,,,,,,,,,,,,,,,,,,,,,,,,,,
Chile,1963,CHL,8656007.0,59768950784.0,,,,,,,,,,,,,,,,-7.246,-1.032,1525.475,13.205,,,,,,,,,,,,,,,,,,,,,,,,-2.42,-0.437,2035.441,17.619,,,,,,,,,,,,,,,,,,,,,,,,,,,,,,,,,,,,12.992,2.303,2313.637,20.027,,,,,,,,,,,,,,,,,,,,,,,,,,,,,,,,,,,,,,,
Chile,1964,CHL,8825044.0,60978696192.0,,,,,,,,,,,,,,,,5.016,0.662,1571.304,13.867,,,,,,,,,,,,,,,,,,,,,,,,-15.144,-2.668,1694.119,14.951,,,,,,,,,,,,,,,,,,,,,,,,,,,,,,,,,,,,3.6,0.721,2351.027,20.748,,,,,,,,,,,,,,,,,,,,,,,,,,,,,,,,,,,,,,,
Chile,1965,CHL,8994942.0,61339717632.0,,,,,,,,,,,,1506.285,13.549,,,-2.675,-0.371,1500.381,13.496,,18.706,,,,,,8052.618,1.181,,,,,6752.783,60.741,,83.858,,,6.178,,,686.808,-1.231,-0.184,1641.663,14.767,,8.529,,,,11.692,439.58,3.954,1299.834,,16.142,,,11.692,0.0,0.0,1299.834,,16.142,,,,,0.0,0.0,0.0,0.0,,0.0,,,41.014,,,4559.69,-7.175,-1.489,2141.123,19.259,,56.624,,,,,,,,,,,,,72.433,,,11.692,,,1299.834,,16.142,,,,,,,,,,,,,,,,
Chile,1966,CHL,9161650.0,68132622336.0,,,,,,,,,,3.004,0.407,1523.306,13.956,,,0.371,0.05,1478.552,13.546,,17.967,,,,7.238,5.242,8478.296,1.14,7.589,4.61,,,7133.043,65.35,,84.133,4.43,0.274,6.451,,,704.185,-11.682,-1.725,1423.498,13.042,,8.306,,5.412,0.633,12.325,454.94,4.168,1345.252,,15.867,5.412,0.633,12.325,0.0,0.0,1345.252,,15.867,,,,0.0,0.0,0.0,0.0,0.0,,0.0,9.579,3.929,44.943,,,4905.552,-2.174,-0.419,2056.464,18.841,,57.86,,,,,,,,,,,,,77.675,5.412,0.633,12.325,,,1345.252,,15.867,,,,,,,,,,,,,,,,
Chile,1967,CHL,9326270.0,70277718016.0,,,,,,,,,,0.0,0.0,1496.418,13.956,,,-9.942,-1.347,1308.053,12.199,,17.624,,,,1.948,1.513,8490.884,1.127,1.922,1.256,,,7141.793,66.606,,84.111,-11.364,-0.733,5.718,,,613.147,10.317,1.346,1542.648,14.387,,7.221,,2.087,0.257,12.582,456.238,4.255,1349.091,,15.889,2.087,0.257,12.582,0.0,0.0,1349.091,,15.889,,,,0.0,0.0,0.0,0.0,0.0,,0.0,4.426,1.989,46.932,,,5032.228,0.0,0.0,2020.164,18.841,,59.266,,,,,,,,,,,,,79.188,2.087,0.257,12.582,,,1349.091,,15.889,,,,,,,,,,,,,,,,
Chile,1968,CHL,9491502.0,72715534336.0,,,,,,,,,,0.0,0.0,1470.368,13.956,,,8.271,1.009,1391.585,13.208,,17.697,,,,-0.416,-0.329,8308.368,1.084,2.569,1.711,,,7197.726,68.317,,86.632,-14.53,-0.831,4.887,,,514.934,19.824,2.852,1816.286,17.239,,6.198,,-16.216,-2.04,10.542,375.599,3.565,1110.643,,13.368,-16.216,-2.04,10.542,0.0,0.0,1110.643,,13.368,,,,0.0,0.0,0.0,0.0,0.0,,0.0,5.416,2.542,49.474,,,5212.424,10.185,1.919,2187.172,20.76,,62.737,,,,,,,,,,,,,78.859,-16.216,-2.04,10.542,,,1110.643,,13.368,,,,,,,,,,,,,,,,
Chile,1969,CHL,9656302.0,75313209344.0,,,,,,,,,,0.0,0.0,1445.274,13.956,,,6.013,0.794,1450.085,14.002,,16.42,,,,7.783,6.138,8802.17,1.129,6.997,4.78,,,7569.925,73.097,,86.001,31.6,1.544,6.432,,,666.088,22.215,3.83,2181.886,21.069,,7.567,,12.875,1.357,11.899,416.723,4.024,1232.245,,13.999,12.875,1.357,11.899,0.0,0.0,1232.245,,13.999,,,,0.0,0.0,0.0,0.0,0.0,,0.0,6.54,3.236,52.71,,,5458.562,-4.146,-0.861,2060.719,19.899,,62.014,,,,,,,,,,,,,84.996,12.875,1.357,11.899,,,1232.245,,13.999,,,,,,,,,,,,,,,,
Chile,1970,CHL,9820483.0,76775333888.0,,,,,,,,,,6.917,0.965,1519.405,14.921,,,-11.292,-1.581,1264.842,12.421,,16.627,,,,5.586,4.747,9138.438,1.169,5.35,3.911,,,7841.582,77.008,,85.809,-0.152,-0.01,6.422,,,653.957,23.308,4.911,2645.458,25.98,,7.156,,7.033,0.837,12.736,438.573,4.307,1296.856,,14.191,7.033,0.837,12.736,0.0,0.0,1296.856,,14.191,,,,0.0,0.0,0.0,0.0,0.0,,0.0,5.606,2.955,55.665,,,5668.22,-14.202,-2.826,1738.493,17.073,,62.026,,,,,,,,,,,,,89.744,7.033,0.837,12.736,,,1296.856,,14.191,,,,,,,,,,,,,,,,
Chile,1971,CHL,9984377.0,83697033216.0,,,,,,,,,,-3.429,-0.512,1443.212,14.41,,,0.723,0.09,1253.075,12.511,,14.839,,,,8.207,7.365,9726.127,1.16,7.363,5.67,,,8280.784,82.678,,85.14,1.979,0.127,6.549,,,655.95,43.648,11.34,3737.758,37.319,,6.744,,11.655,1.484,14.22,481.652,4.809,1424.241,,14.643,13.188,1.695,14.431,0.0,0.0,1445.343,,14.86,,,,0.0,0.0,0.0,0.0,0.0,,0.0,10.878,6.055,61.72,,,6181.624,-4.496,-0.768,1633.077,16.305,,63.557,0.211,0.066,,,,6.61,,21.102,,,0.217,,97.109,13.188,1.695,14.431,,,1445.343,,14.86,,,,,,,,,,,,,,,,
Chile,1972,CHL,10145762.0,82793308160.0,,,,,,,,,,-17.353,-2.5,1173.802,11.909,,,-11.946,-1.495,1085.836,11.017,,12.036,,,,1.89,1.836,9752.355,1.195,-1.039,-0.859,,,8064.408,81.82,,82.692,-8.955,-0.587,5.963,,,587.708,12.296,4.589,4130.581,41.908,,6.026,,19.152,2.723,16.944,564.768,5.73,1670.012,,17.124,18.708,2.695,17.126,0.0,0.0,1687.947,,17.308,,,,0.0,0.0,0.0,0.0,0.0,,0.0,3.61,2.228,63.948,,,6302.897,1.07,0.174,1624.295,16.48,,64.629,0.182,0.057,,-13.636,-0.029,5.618,,17.934,,,0.184,,98.945,18.708,2.695,17.126,,,1687.947,,17.308,,,,,,,,,,,,,,,,
Chile,1973,CHL,10307850.0,78292279296.0,,,,,,,,,,8.594,1.023,1254.632,12.933,,,-1.981,-0.218,1047.589,10.798,,13.508,,,,-3.237,-3.203,9288.252,1.223,-3.404,-2.785,,,7667.433,79.035,,82.55,-21.475,-1.281,4.682,,,454.239,-0.274,-0.115,4054.472,41.793,,4.89,,-2.356,-0.399,16.544,542.79,5.595,1605.025,,17.28,-2.437,-0.418,16.707,0.0,0.0,1620.819,,17.45,,,,0.0,0.0,0.0,0.0,0.0,,0.0,-3.953,-2.528,61.42,,,5958.562,-9.951,-1.64,1439.668,14.84,,64.152,0.163,0.051,,-10.526,-0.019,4.948,,15.794,,,0.17,,95.742,-2.437,-0.418,16.707,,,1620.819,,17.45,,,,,,,,,,,,,,,,
Chile,1974,CHL,10472748.0,79171403776.0,,,,,,,,,,-5.216,-0.675,1170.468,12.258,,,6.624,0.715,1099.396,11.514,,12.778,,,,0.194,0.185,9159.701,1.212,-2.622,-2.073,,,7348.8,76.962,,80.23,4.175,0.195,4.878,,,465.754,-6.439,-2.691,3733.668,39.102,,5.085,,13.744,2.274,18.818,607.672,6.364,1796.881,,19.617,13.532,2.258,18.965,0.0,0.0,1810.902,,19.77,,,,0.0,0.0,0.0,0.0,0.0,,0.0,-2.595,-1.594,59.826,,,5712.578,-13.009,-1.931,1232.656,12.909,,62.366,0.147,0.046,,-9.804,-0.016,4.392,,14.021,,,0.153,,95.927,13.532,2.258,18.965,,,1810.902,,19.77,,,,,,,,,,,,,,,,
Chile,1975,CHL,10639534.0,69003132928.0,,,,,,,,,,-20.114,-2.466,920.384,9.792,,,-1.048,-0.121,1070.824,11.393,,11.278,,,,-9.485,-9.099,8160.892,1.258,-11.936,-9.186,,,6370.207,67.776,,78.058,13.427,0.655,5.533,,,520.009,0.176,0.069,3681.625,39.171,,6.372,,0.377,0.071,18.889,600.402,6.388,1775.383,,21.755,0.452,0.087,19.052,0.0,0.0,1790.685,,21.942,,,,0.0,0.0,0.0,0.0,0.0,,0.0,-12.328,-7.375,52.451,,,4929.814,-10.45,-1.349,1086.534,11.56,,60.408,0.163,0.051,,10.87,0.016,4.793,,15.302,,,0.187,,86.828,0.452,0.087,19.052,,,1790.685,,21.942,,,,,,,,,,,,,,,,
Chile,1976,CHL,10804876.0,71648444416.0,,,,,,,,,,0.95,0.093,914.911,9.885,,,-9.138,-1.041,958.084,10.352,,10.964,,,,3.842,3.336,8344.733,1.258,3.898,2.642,,,6517.207,70.418,,78.1,9.187,0.508,6.041,,,559.095,17.939,7.027,4275.624,46.198,,6.7,,3.303,0.624,19.513,610.743,6.599,1805.96,,21.642,3.619,0.694,19.746,0.0,0.0,1827.527,,21.9,,,,0.0,0.0,0.0,0.0,0.0,,0.0,3.89,2.04,54.491,,,5043.201,-5.634,-0.651,1009.631,10.909,,60.436,0.233,0.073,,43.137,0.07,6.756,,21.567,,,0.258,,90.164,3.619,0.694,19.746,,,1827.527,,21.9,,,,,,,,,,,,,,,,
Chile,1977,CHL,10969865.0,78841257984.0,,,,,,,,,,7.647,0.756,970.062,10.641,,,-0.063,-0.007,943.081,10.345,,11.275,,,,4.674,4.214,8603.389,1.197,4.399,3.098,,,6701.576,73.515,,77.895,2.913,0.176,6.217,,,566.725,-5.626,-2.599,3974.385,43.598,,6.587,,5.607,1.094,20.607,635.286,6.969,1878.533,,21.835,5.65,1.116,20.863,0.0,0.0,1901.813,,22.105,,,,0.0,0.0,0.0,0.0,0.0,,0.0,3.975,2.166,56.657,,,5164.789,-1.066,-0.116,983.844,10.793,,60.032,0.255,0.08,,9.589,0.022,7.293,,23.28,,,0.271,,94.378,5.65,1.116,20.863,,,1901.813,,22.105,,,,,,,,,,,,,,,,
Chile,1978,CHL,11137754.0,85389959168.0,,,,,,,,,,-2.514,-0.267,931.423,10.374,,,-14.044,-1.453,798.417,8.893,,10.575,,,,3.947,3.725,8808.158,1.149,3.885,2.856,,,6856.991,76.371,,77.848,-6.604,-0.411,5.806,,,521.321,-7.676,-3.347,3613.998,40.252,,5.919,,4.046,0.834,21.441,651.029,7.251,1925.086,,21.856,4.157,0.869,21.732,0.0,0.0,1951.167,,22.152,,,,0.0,0.0,0.0,0.0,0.0,,0.0,6.238,3.534,60.191,,,5404.247,-15.948,-1.721,814.473,9.071,,61.355,0.29,0.091,,13.75,0.035,8.17,,26.082,,,0.296,,98.103,4.157,0.869,21.732,,,1951.167,,22.152,,,,,,,,,,,,,,,,
Chile,1979,CHL,11304332.0,92570918912.0,,,,,,,,,,10.65,1.105,1015.435,11.479,,,-15.528,-1.381,664.497,7.512,,11.082,,,,5.579,5.473,9162.548,1.119,6.392,4.881,,,7187.755,81.253,,78.447,18.35,1.065,6.872,,,607.893,11.714,4.715,3977.858,44.967,,6.635,,2.717,0.583,22.024,658.862,7.448,1948.249,,21.263,2.724,0.592,22.324,0.0,0.0,1974.794,,21.553,,,,0.0,0.0,0.0,0.0,0.0,,0.0,4.504,2.711,62.902,,,5564.427,29.487,2.675,1039.097,11.746,,60.73,0.3,0.094,,3.297,0.01,8.315,,26.544,,,0.29,,103.576,2.724,0.592,22.324,,,1974.794,,21.553,,,,,,,,,,,,,,,,
Chile,1980,CHL,11469825.0,100109713408.0,,,,,,,,,,10.436,1.198,1105.222,12.677,,,-20.502,-1.54,520.641,5.972,,11.85,,,,3.283,3.4,9326.774,1.069,2.602,2.114,,,7268.36,83.367,,77.93,2.418,0.166,7.038,,,613.61,-44.552,-20.034,2173.802,24.933,,6.579,,5.679,1.251,23.274,686.235,7.871,2029.191,,21.757,5.754,1.286,23.61,0.0,0.0,2058.414,,22.07,,,,0.0,0.0,0.0,0.0,0.0,,0.0,1.192,0.75,63.652,,,5549.529,119.86,14.079,2251.6,25.825,,59.501,0.335,0.105,,11.702,0.035,9.154,,29.223,,,0.313,,106.976,5.754,1.286,23.61,,,2058.414,,22.07,,,,,,,,,,,,,,,,
Chile,1981,CHL,11637615.0,106358276096.0,,,,,,,,,,-0.183,-0.023,1087.288,12.653,,,-2.575,-0.154,499.921,5.818,,11.762,,,,0.567,0.606,9244.396,1.012,-0.282,-0.235,,,7143.397,83.132,,77.273,-1.528,-0.108,6.93,,,595.524,0.0,0.0,2142.461,24.933,,6.442,,3.545,0.825,24.099,700.315,8.15,2070.825,,22.401,3.561,0.841,24.451,0.0,0.0,2100.998,,22.727,,,,0.0,0.0,0.0,0.0,0.0,,0.0,-0.163,-0.104,63.548,,,5460.586,15.455,3.991,2562.102,29.817,,59.069,0.351,0.11,,4.762,0.016,9.452,,30.173,,,0.326,,107.583,3.561,0.841,24.451,,,2100.998,,22.727,,,,,,,,,,,,,,,,
Chile,1982,CHL,11807411.0,92080693248.0,,,,,,,,,,-33.364,-4.222,714.107,8.432,,,-9.692,-0.564,444.978,5.254,,8.379,,,,-6.462,-6.952,8522.713,1.093,-11.183,-9.297,,,6253.296,73.835,,73.372,3.526,0.244,7.175,,,607.656,-42.353,-10.56,1217.305,14.373,,7.13,,9.374,2.259,26.359,754.95,8.914,2232.378,,26.193,9.576,2.345,26.796,0.0,0.0,2269.417,,26.628,,,,0.0,0.0,0.0,0.0,0.0,,0.0,-8.371,-5.32,58.229,,,4931.533,4.151,1.238,2630.08,31.054,,57.863,0.437,0.137,,24.545,0.086,11.603,,37.039,,,0.435,,100.631,9.576,2.345,26.796,,,2269.417,,26.628,,,,,,,,,,,,,,,,
Chile,1983,CHL,11976519.0,89603039232.0,,,,,,,,,,19.862,1.675,843.857,10.106,,,0.488,0.026,440.835,5.28,,9.667,,,,3.886,3.91,8728.868,1.167,2.19,1.617,,,6299.989,75.452,,72.174,7.902,0.567,7.742,,,646.415,-6.122,-0.88,1126.64,13.493,,7.405,,7.842,2.067,28.426,802.654,9.613,2373.439,,27.191,8.507,2.294,29.09,0.0,0.0,2428.879,,27.826,,,,0.0,0.0,0.0,0.0,0.0,,0.0,-1.073,-0.625,57.604,,,4809.718,-7.971,-2.475,2386.259,28.579,,55.101,0.664,0.208,,51.825,0.227,17.367,,55.44,,,0.635,,104.541,8.507,2.294,29.09,,,2428.879,,27.826,,,,,,,,,,,,,,,,
Chile,1984,CHL,12147764.0,94938079232.0,,,,,,,,,,34.868,3.524,1122.047,13.63,,,18.835,0.994,516.481,6.274,,12.56,,,,3.81,3.983,8933.708,1.143,3.89,2.935,,,6452.79,78.387,,72.23,2.273,0.176,7.918,,,651.787,4.348,0.587,1159.052,14.08,,7.296,,3.766,1.07,29.496,821.139,9.975,2428.098,,27.179,3.615,1.048,30.138,0.0,0.0,2480.917,,27.77,,,,0.0,0.0,0.0,0.0,0.0,,0.0,-1.328,-0.765,56.839,,,4678.957,-0.338,-0.097,2344.669,28.482,,52.374,0.642,0.201,,-3.365,-0.022,16.546,,52.819,,,0.591,,108.525,3.615,1.048,30.138,,,2480.917,,27.77,,,,,,,,,,,,,,,,
Chile,1985,CHL,12326395.0,96833634304.0,,,,,,,,,,0.085,0.012,1106.73,13.642,,,8.333,0.523,551.412,6.797,,12.413,,14.04,12.775,1.267,1.375,8915.816,1.135,-2.352,-1.843,,,6209.725,76.544,,69.648,-0.123,-0.01,7.908,,,641.548,-8.333,-1.173,1047.067,12.907,,7.196,,10.977,3.238,32.734,898.073,11.07,2655.592,78.846,29.785,10.702,3.219,33.356,0.0,0.0,2706.091,0.0,30.352,,,,0.0,0.0,0.0,0.0,0.0,0.0,0.0,-3.247,-1.845,54.994,,,4461.447,-4.627,-1.318,2203.777,27.165,,50.04,0.622,0.195,,-2.985,-0.019,15.82,,50.5,1.389,,0.566,1139.019,109.9,10.702,3.219,33.356,,,2706.091,,30.352,,,,,,,,,,,,,,,,
Chile,1986,CHL,12514509.0,102072827904.0,,,,,,,,,,-5.03,-0.686,1035.264,12.956,,,25.792,1.753,683.205,8.55,,11.348,,14.82,12.981,3.881,4.265,9122.625,1.118,2.282,1.747,,,6255.953,78.29,,68.576,-8.529,-0.674,7.234,,,578.009,-40.909,-5.28,609.421,7.627,,6.336,,6.865,2.247,34.981,945.303,11.83,2795.25,79.825,30.641,7.501,2.519,35.875,0.0,0.0,2866.673,0.0,31.424,,,,0.0,0.0,0.0,0.0,0.0,0.0,0.0,5.65,3.107,58.101,,,4642.68,-13.018,-3.536,1888.077,23.628,,50.892,0.894,0.28,,43.59,0.271,22.374,,71.422,1.889,,0.783,1184.225,114.165,7.501,2.519,35.875,,,2866.673,,31.424,,,,,,,,,,,,,,,,
Chile,1987,CHL,12712786.0,108707266560.0,,,,,,,,,,3.052,0.395,1050.221,13.351,,,-4.257,-0.364,643.922,8.186,,11.142,,15.637,13.049,4.964,5.668,9426.156,1.102,3.525,2.76,,,6375.483,81.05,,67.636,-2.973,-0.215,7.018,,,552.078,0.0,0.0,599.916,7.627,,5.857,,8.394,2.936,37.917,1008.67,12.823,2982.625,82.004,31.642,8.126,2.908,38.783,0.0,0.0,3050.673,0.0,32.364,,,,0.0,0.0,0.0,0.0,0.0,0.0,0.0,4.44,2.58,60.68,,,4773.183,-2.619,-0.619,1809.951,23.01,,50.638,0.865,0.271,,-3.214,-0.029,21.317,,68.049,1.733,,0.722,1230.021,119.833,8.126,2.908,38.783,,,3050.673,,32.364,,,,,,,,,,,,,,,,
Chile,1988,CHL,12918395.0,116634124288.0,,,,,,,,,,39.373,5.257,1440.427,18.608,,,22.793,1.866,778.105,10.052,,13.916,,16.915,12.65,11.586,13.884,10350.882,1.146,17.876,14.489,,,7395.583,95.539,,71.449,40.529,2.845,9.863,,,763.483,34.615,2.64,794.726,10.267,,7.376,,-2.067,-0.784,37.134,972.102,12.558,2874.496,74.242,27.771,-1.596,-0.605,38.178,0.0,0.0,2955.299,0.0,28.551,,,,0.0,0.0,0.0,0.0,0.0,0.0,0.0,10.527,6.388,67.068,,,5191.672,-16.493,-3.795,1487.383,19.215,,50.157,1.044,0.327,,20.664,0.179,25.313,,80.803,1.933,,0.781,1309.373,133.717,-1.596,-0.605,38.178,,,2955.299,,28.551,,,,,,,,,,,,,,,,
Chile,1989,CHL,13128625.0,129084506112.0,,,,,,,,,,35.125,6.536,1915.209,25.144,,,1.326,0.133,775.796,10.185,,17.01,,17.811,12.049,10.549,14.106,11259.547,1.145,21.021,20.083,,,8806.874,115.622,,78.217,55.996,5.523,15.386,,,1171.932,62.857,6.453,1273.543,16.72,,10.408,,-16.046,-5.958,31.176,803.054,10.543,2374.623,59.194,21.09,-15.685,-5.977,32.2,0.0,0.0,2452.674,0.0,21.783,,,,0.0,0.0,0.0,0.0,0.0,0.0,0.0,11.964,8.024,75.092,,,5719.734,-6.021,-1.157,1375.446,18.058,,50.799,1.025,0.321,,-1.835,-0.019,24.45,,78.051,1.802,,0.693,1356.654,147.822,-15.685,-5.977,32.2,,,2452.674,,21.783,,,,,,,,,,,,,,,,
Chile,1990,CHL,13342876.0,133955190784.0,,,,,,,,,,20.472,5.147,2270.238,30.291,,,9.864,1.005,838.636,11.19,,19.457,,18.398,11.818,5.316,7.858,11667.694,1.162,9.12,10.545,,,9455.743,126.167,,81.042,7.37,1.134,16.52,,,1238.095,15.789,2.64,1450.95,19.36,,10.611,,-15.191,-4.736,26.44,670.127,8.941,1981.56,48.6,16.983,-8.833,-2.686,29.514,742.301,9.904,2211.952,53.834,18.958,,,,0.0,0.0,0.0,0.0,0.0,0.0,0.0,5.677,4.263,79.356,,,5947.411,-1.933,-0.349,1327.202,17.709,,50.973,3.074,0.963,,200.0,2.049,72.173,,230.392,5.234,,1.975,1378.863,155.681,-8.833,-2.686,29.514,742.301,9.904,2211.952,53.834,18.958,,,0.0,0.0,0.0,0.0,0.0,0.0,,,0.0,0.0,0.0,0.0,0.0,0.0
Chile,1991,CHL,13561946.0,143692185600.0,,,,,,,,,,-17.845,-5.406,1834.978,24.886,,,1.145,0.128,834.538,11.318,,14.223,,19.963,11.41,12.387,19.284,12901.113,1.218,5.277,6.658,,,9793.925,132.825,,75.915,17.773,2.936,19.456,,,1434.59,-21.212,-4.107,1124.707,15.253,,11.12,,46.908,12.402,38.842,968.567,13.136,2864.042,65.8,22.2,43.054,12.626,42.14,1044.736,14.169,3107.189,70.975,24.085,,,,0.0,0.0,0.0,0.0,0.0,0.0,0.0,11.502,9.127,88.483,,,6524.356,-12.993,-2.301,1136.108,15.408,,50.572,3.298,1.033,,7.269,0.223,76.169,,243.147,5.175,,1.885,1471.986,174.964,43.054,12.626,42.14,1044.736,14.169,3107.189,70.975,24.085,,0.0,0.0,0.0,0.0,0.0,0.0,0.0,,0.0,0.0,0.0,0.0,0.0,0.0,0.0
Chile,1992,CHL,13782300.0,161116241920.0,,,,,,,,,,-13.534,-3.368,1561.265,21.518,,,-26.359,-2.983,604.739,8.335,,11.081,,22.35,11.509,10.991,19.23,14090.1,1.205,4.747,6.305,,,10094.797,139.13,,71.645,11.854,2.306,21.762,,,1578.986,6.624,1.01,1180.036,16.264,,11.206,,27.441,10.658,49.5,1214.612,16.74,3591.595,74.9,25.49,30.451,12.925,55.064,1341.079,18.483,3995.302,82.699,28.355,,,,0.0,0.0,0.0,0.0,0.0,0.0,0.0,8.326,7.367,95.85,,,6954.546,-7.781,-1.199,1030.959,14.209,,49.358,5.564,1.743,,68.732,2.266,126.467,,403.707,7.799,,2.865,1621.645,194.194,30.451,12.925,55.064,1341.079,18.483,3995.302,82.699,28.355,,0.0,0.0,0.0,0.0,0.0,0.0,0.0,,0.0,0.0,0.0,0.0,0.0,0.0,0.0
Chile,1993,CHL,13998387.0,170977050624.0,,,,,,,,,,0.892,0.192,1550.873,21.71,,,-16.667,-1.389,496.17,6.946,,10.578,,24.013,11.701,5.682,11.034,14660.837,1.2,6.901,9.601,,,10624.817,148.73,,72.471,3.547,0.772,22.534,,,1609.76,11.463,1.864,1294.996,18.128,,10.98,,2.85,1.411,50.911,1229.95,17.217,3636.95,71.7,24.807,2.62,1.433,56.498,1354.965,18.967,4036.021,78.988,27.529,,,,0.0,0.0,0.0,0.0,0.0,0.0,0.0,9.011,8.637,104.487,,,7464.184,-1.501,-0.213,999.804,13.996,,50.912,5.586,1.75,,0.402,0.022,125.014,,399.071,7.288,,2.722,1715.412,205.228,2.62,1.433,56.498,1354.965,18.967,4036.021,78.988,27.529,,0.0,0.0,0.0,0.0,0.0,0.0,0.0,,0.0,0.0,0.0,0.0,0.0,0.0,0.0
Chile,1994,CHL,14210680.0,179196395520.0,,,,,,,,,,17.946,3.896,1801.868,25.606,,,-12.768,-0.887,426.355,6.059,,11.883,,25.276,11.73,4.996,10.253,15163.331,1.202,7.277,10.824,,,11227.762,159.554,,74.045,-3.55,-0.8,21.734,,,1529.423,10.858,1.968,1414.155,20.096,,10.086,,-1.347,-0.686,50.226,1195.261,16.985,3534.374,67.2,23.309,-1.033,-0.571,55.927,1320.941,18.771,3935.57,74.266,25.955,,,,0.0,0.0,0.0,0.0,0.0,0.0,0.0,7.396,7.728,112.214,,,7896.47,-7.026,-0.983,915.669,13.012,,52.076,5.701,1.786,,2.057,0.115,125.68,,401.197,7.066,,2.646,1778.662,215.481,-1.033,-0.571,55.927,1320.941,18.771,3935.57,74.266,25.955,,0.0,0.0,0.0,0.0,0.0,0.0,0.0,,0.0,0.0,0.0,0.0,0.0,0.0,0.0
Chile,1995,CHL,14416799.0,196500488192.0,,,,,,,,,,7.808,1.999,1914.778,27.605,,,-12.183,-0.738,369.061,5.321,,11.887,,28.027,12.068,7.775,16.754,16108.677,1.182,7.668,12.234,,,11915.834,171.788,,73.972,-4.174,-0.907,20.827,,,1444.634,-2.058,-0.414,1365.248,19.683,,8.968,,8.409,4.223,54.449,1277.242,18.414,3776.79,65.7,23.446,8.104,4.52,60.447,1407.576,20.293,4192.843,72.404,26.028,,,,0.0,0.0,0.0,0.0,0.0,0.0,0.0,9.929,11.142,123.356,,,8556.421,-5.302,-0.69,854.721,12.322,,53.117,5.998,1.879,,5.207,0.297,130.334,,416.053,6.704,,2.583,1944.052,232.236,8.104,4.52,60.447,1407.576,20.293,4192.843,72.404,26.028,,0.0,0.0,0.0,0.0,0.0,0.0,0.0,,0.0,0.0,0.0,0.0,0.0,0.0,0.0
Chile,1996,CHL,14615489.0,209711316992.0,,,,,,,,,,38.572,10.648,2617.276,38.253,,,-3.276,-0.174,352.119,5.146,,15.56,,30.791,12.525,5.86,13.609,16820.854,1.172,10.835,18.614,,,13027.43,190.402,,77.448,1.631,0.34,21.167,,,1448.231,0.024,0.005,1347.013,19.687,,8.61,,-8.365,-4.555,49.895,1154.492,16.873,3413.821,54.8,20.295,-8.285,-5.005,55.443,1273.407,18.611,3793.422,60.445,22.552,,,,0.0,0.0,0.0,0.0,0.0,0.0,0.0,6.183,7.627,130.983,,,8961.924,-10.282,-1.267,756.418,11.055,,53.279,5.548,1.738,,-7.504,-0.45,118.915,,379.601,5.645,,2.257,2106.738,245.845,-8.285,-5.005,55.443,1273.407,18.611,3793.422,60.445,22.552,,0.0,0.0,0.0,0.0,0.0,0.0,0.0,,0.0,0.0,0.0,0.0,0.0,0.0,0.0
Chile,1997,CHL,14809289.0,222079385600.0,,,,,,,,,,30.181,11.545,3362.598,49.798,,,3.984,0.205,361.356,5.351,,17.718,,33.292,11.845,14.324,35.214,18978.543,1.266,15.272,29.078,,,14820.429,219.48,,78.09,36.06,7.633,28.799,,,1944.683,17.68,3.481,1564.414,23.168,,10.247,,12.266,6.12,56.015,1279.14,18.943,3782.402,56.9,19.93,11.147,6.136,61.579,1396.836,20.686,4158.113,62.135,21.91,,,,0.0,0.0,0.0,0.0,0.0,0.0,0.0,7.558,9.9,140.883,,,9513.148,-30.63,-3.386,517.862,7.669,,50.126,5.564,1.743,,0.288,0.016,117.696,,375.711,5.235,,1.98,2248.048,281.059,11.147,6.136,61.579,1396.836,20.686,4158.113,62.135,21.91,,0.0,0.0,0.0,0.0,0.0,0.0,0.0,,0.0,0.0,0.0,0.0,0.0,0.0,0.0
Chile,1998,CHL,14996745.0,227644669952.0,,,,,,,,,,-5.912,-2.944,3124.263,46.854,,,-9.866,-0.528,321.634,4.823,,16.646,,35.495,12.61,0.148,0.417,18769.127,1.236,5.086,11.163,,,15379.562,230.643,,81.941,38.097,10.972,39.771,,,2651.983,-6.573,-1.523,1443.32,21.645,,14.129,,-15.868,-8.888,47.126,1062.714,15.937,3142.435,44.9,16.743,-17.344,-10.746,50.832,1140.131,17.098,3389.565,48.171,18.059,,,,0.0,0.0,0.0,0.0,0.0,0.0,0.0,2.226,3.136,144.018,,,9603.316,-4.479,-0.344,488.481,7.326,,51.165,3.706,1.161,,-33.391,-1.858,77.417,,247.13,3.271,,1.317,2366.847,281.476,-17.344,-10.746,50.832,1140.131,17.098,3389.565,48.171,18.059,,0.0,0.0,0.0,0.0,0.0,0.0,0.0,,0.0,0.0,0.0,0.0,0.0,0.0,0.0
Chile,1999,CHL,15176418.0,224247365632.0,,,,,,,,,,3.195,1.497,3185.901,48.351,,,-48.459,-2.337,163.81,2.486,,16.495,,38.384,13.095,4.135,11.639,19313.859,1.307,7.673,17.696,,,16363.512,248.339,,84.724,36.603,14.557,54.328,,,3579.789,-39.698,-8.593,860.039,13.052,,18.535,,-14.81,-6.979,40.147,894.612,13.577,2645.357,35.372,13.697,-12.114,-6.057,44.776,990.155,15.027,2950.35,39.149,15.276,,,,0.0,0.0,0.0,0.0,0.0,0.0,0.0,1.14,1.642,145.661,,,9597.82,-6.185,-0.453,452.844,6.873,,49.694,4.629,1.45,,24.892,0.923,95.543,,304.993,3.778,,1.579,2529.187,293.115,-12.114,-6.057,44.776,990.155,15.027,2950.35,39.149,15.276,,0.0,0.0,0.0,0.0,0.0,0.0,0.0,,0.0,0.0,0.0,0.0,0.0,0.0,0.0
Chile,2000,CHL,15351803.0,232506474496.0,,,,,,,,,352.442,-22.723,-10.987,2433.832,37.364,581.039,8.92,-24.536,-0.61,122.206,1.876,22.931,12.155,40.09,38.9,12.655,4.87,14.276,20023.135,1.322,-0.709,-1.76,1330.137,20.42,16061.935,246.58,52.494,80.217,29.105,15.812,70.141,649.435,9.97,4568.879,-5.0,-0.653,807.703,12.4,25.63,22.818,13.71,40.539,16.275,56.422,1203.767,18.48,3675.289,47.506,18.355,36.128,16.036,60.812,1203.767,18.48,3961.202,47.506,19.783,1.19,2.968,,,,,,,,,-4.521,-6.585,139.075,99.663,1.53,9059.223,-12.436,-0.855,391.998,6.018,3.933,45.244,4.389,1.375,0.0,-5.172,-0.239,89.566,0.0,285.913,3.535,0.0,1.428,2533.905,307.391,36.128,16.036,60.812,1203.767,18.48,3961.202,47.506,19.783,,0.0,0.0,0.0,0.0,0.0,0.0,0.0,,0.0,0.0,0.0,0.0,0.0,0.0,0.0
Chile,2001,CHL,15523973.0,238843494400.0,,,,,,,,,300.837,-21.543,-8.049,1888.342,29.315,369.751,5.74,57.377,1.076,190.19,2.953,14.131,9.355,41.97,40.62,12.963,1.937,5.954,20184.58,1.312,-0.94,-2.319,1261.919,19.59,15734.414,244.261,48.227,77.953,13.346,9.361,79.502,823.887,12.79,5121.209,5.263,0.653,840.785,13.052,31.487,25.372,12.22,13.621,7.269,63.691,1354.679,21.03,4102.767,51.773,20.326,14.245,8.273,69.084,1354.679,21.03,4450.168,51.773,22.047,1.35,3.217,,,,,,,,,-2.611,-3.631,135.445,68.281,1.06,8724.861,5.61,0.338,409.399,6.356,2.61,43.225,5.372,1.683,0.0,22.4,0.983,108.413,0.0,346.076,4.143,0.0,1.715,2616.598,313.345,14.245,8.273,69.084,1354.679,21.03,4450.168,51.773,22.047,,0.0,0.0,0.0,0.0,0.0,0.0,0.0,,0.021,0.021,0.0,0.0,1.325,0.0,0.007
Chile,2002,CHL,15693798.0,242409652224.0,,,,,,,,,297.38,0.793,0.233,1882.729,29.547,409.079,6.42,-24.826,-0.733,141.426,2.22,15.152,9.21,44.17,42.37,13.208,2.38,7.457,20441.285,1.323,1.292,3.156,1266.105,19.87,15765.249,247.417,46.896,77.125,0.85,0.676,80.177,794.581,12.47,5108.847,64.427,8.409,1367.514,21.461,29.431,24.993,12.6,6.951,3.988,67.679,1433.687,22.5,4312.469,53.104,21.097,6.868,4.3,73.385,1433.687,22.5,4676.036,53.104,22.875,1.8,4.075,,,,,,,,,1.66,2.248,137.692,62.445,0.98,8773.673,-4.475,-0.284,386.845,6.071,2.313,42.921,5.685,1.781,0.0,5.823,0.313,113.484,0.0,362.265,4.203,0.0,1.772,2699.792,320.801,6.868,4.3,73.385,1433.687,22.5,4676.036,53.104,22.875,,0.0,0.0,0.0,0.0,0.0,0.0,0.0,0.0,-0.0,0.02,0.0,0.0,1.302,0.0,0.006
Chile,2003,CHL,15859114.0,249686491136.0,,,,,,,,,314.134,-4.389,-1.297,1781.337,28.25,387.159,6.14,33.025,0.733,186.171,2.953,13.602,8.76,46.84,45.14,13.997,0.526,1.688,20334.662,1.292,1.653,4.09,1469.187,23.3,15858.839,251.507,51.617,77.989,8.184,6.562,86.739,1016.45,16.12,5469.338,-16.456,-3.532,1130.57,17.93,35.711,26.897,14.18,-2.519,-2.128,65.551,1377.126,21.84,4133.364,48.383,20.327,-2.683,-2.402,70.983,1377.126,21.84,4475.823,48.383,22.011,1.7,3.629,,,,,,,,,-0.853,-1.174,136.518,65.577,1.04,8608.164,0.468,0.028,384.605,6.1,2.304,42.332,5.411,1.695,0.0,-4.829,-0.275,106.879,0.0,341.178,3.755,0.0,1.678,2846.313,322.49,-2.683,-2.402,70.983,1377.126,21.84,4475.823,48.383,22.011,,0.0,0.0,0.0,0.0,0.0,0.0,0.0,0.0,-0.0,0.02,0.0,0.0,1.28,0.0,0.006
Chile,2004,CHL,16017966.0,262973259776.0,,,,,,,,,356.967,15.833,4.473,2042.919,32.723,555.626,8.9,-59.549,-1.758,74.562,1.194,18.29,9.504,50.56,48.66,14.133,6.763,21.809,21494.553,1.309,10.285,25.868,1734.927,27.79,17316.486,277.375,57.111,80.562,8.544,7.411,94.15,1086.904,17.41,5877.786,-0.909,-0.163,1109.183,17.767,35.779,27.345,17.37,-7.228,-5.125,60.426,1302.912,20.87,3772.41,42.889,17.551,-5.347,-4.058,66.924,1302.912,20.87,4178.065,42.889,19.438,1.9,3.758,,,,,,,,,10.243,13.983,150.501,92.396,1.48,9395.781,-6.609,-0.403,355.625,5.696,3.042,43.712,6.483,2.031,0.0,19.823,1.073,126.795,0.0,404.756,4.174,0.0,1.883,3037.839,344.299,-5.347,-4.058,66.924,1302.912,20.87,4178.065,42.889,19.438,,0.0,0.0,0.0,0.0,0.0,0.0,0.0,-28.571,-0.006,0.014,0.0,0.0,0.9,0.0,0.004
Chile,2005,CHL,16175315.0,276230012928.0,,,,,,,,,327.143,-1.996,-0.653,1982.658,32.07,522.401,8.45,133.476,1.594,172.391,2.788,16.693,8.975,52.77,50.62,14.166,3.784,13.028,22090.879,1.294,0.355,0.985,1557.93,25.2,17208.912,278.36,49.783,77.901,-3.264,-3.073,91.078,796.893,12.89,5630.652,17.553,3.119,1291.199,20.886,25.464,25.489,16.56,21.966,12.807,73.233,1571.53,25.42,4527.469,50.217,20.495,18.983,12.043,78.967,1571.53,25.42,4881.965,50.217,22.099,2.15,4.074,,,,,,,,,3.13,4.711,155.212,238.635,3.86,9595.603,-6.537,-0.372,329.144,5.324,7.625,43.437,5.714,1.79,0.0,-11.866,-0.769,110.662,0.0,353.257,3.536,0.0,1.599,3129.46,357.327,18.983,12.043,78.967,1571.53,25.42,4881.965,50.217,22.099,,0.0,0.0,0.0,0.0,0.0,0.0,0.0,40.0,0.006,0.02,0.0,0.0,1.239,0.0,0.006
Chile,2006,CHL,16334573.0,291801038848.0,,,,,,,,,324.062,24.847,7.968,2451.149,40.038,710.762,11.61,23.897,0.666,211.505,3.455,21.673,10.831,55.86,53.57,14.491,3.458,12.355,22631.893,1.267,2.318,6.452,1563.555,25.54,17436.092,284.811,47.676,77.042,-7.46,-6.794,84.284,752.392,12.29,5159.823,-3.954,-0.826,1228.051,20.06,22.942,22.799,17.36,10.321,7.05,80.283,1715.992,28.03,4914.927,52.324,21.717,8.332,5.904,84.871,1715.992,28.03,5195.802,52.324,22.958,2.29,4.1,,,,,,,,,3.4,5.277,160.489,100.401,1.64,9825.121,-20.074,-1.069,260.506,4.255,3.061,43.413,4.568,1.431,0.0,-20.056,-1.146,87.606,0.0,279.655,2.671,0.0,1.236,3279.547,369.682,8.332,5.904,84.871,1715.992,28.03,5195.802,52.324,22.958,,0.0,0.0,0.0,0.0,0.0,0.0,0.0,0.0,-0.0,0.02,0.0,0.0,1.219,0.0,0.005
Chile,2007,CHL,16495543.0,304165388288.0,,,,,,,,,439.264,18.69,7.483,2880.873,47.522,862.657,14.23,-63.947,-2.209,75.511,1.246,25.42,12.868,57.61,55.98,15.158,-0.104,-0.384,22387.779,1.214,4.457,12.695,2042.37,33.69,18035.553,297.506,60.182,80.56,-41.055,-34.602,49.681,354.035,5.84,3011.785,-3.684,-0.739,1171.272,19.321,10.432,13.453,24.59,-20.841,-17.129,63.155,1351.274,22.29,3828.581,39.818,17.101,-15.55,-13.079,71.792,1351.274,22.29,4352.228,39.818,19.44,1.63,2.829,,,,,,,,,24.808,39.814,200.304,825.678,13.62,12142.894,-22.293,-0.949,200.456,3.307,24.33,54.239,8.606,2.696,0.0,88.4,4.038,163.438,0.0,521.728,4.816,0.0,2.33,3393.644,369.299,-15.55,-13.079,71.792,1351.274,22.29,4352.228,39.818,19.44,,0.0,0.0,0.0,0.0,0.0,0.0,0.0,60.0,0.012,0.032,0.0,0.0,1.92,0.0,0.009
Chile,2008,CHL,16661463.0,312737595392.0,,,,,,,,,435.338,6.936,3.296,3050.003,50.818,887.677,14.79,174.486,2.173,205.202,3.419,26.237,13.76,57.52,56.37,15.264,0.002,0.007,22165.26,1.181,-2.673,-7.951,1956.011,32.59,17378.723,289.555,57.814,78.405,-44.342,-22.03,27.651,177.655,2.96,1659.607,-2.531,-0.489,1130.259,18.832,5.251,7.487,24.54,8.647,5.035,68.189,1425.445,23.75,4092.635,42.132,18.464,11.383,7.958,79.751,1427.246,23.78,4786.54,42.186,21.595,1.15,1.999,,,,,,,,,5.383,10.782,211.086,890.678,14.84,12669.11,11.924,0.394,222.124,3.701,26.326,57.158,11.454,3.588,0.0,33.094,2.848,215.361,0.0,687.475,6.365,0.0,3.102,3383.256,369.306,11.383,7.958,79.751,1427.246,23.78,4786.54,42.186,21.595,,0.0,0.0,0.0,0.0,0.0,0.0,0.0,240.385,0.075,0.107,1.801,0.03,6.43,0.053,0.029
Chile,2009,CHL,16833450.0,305748115456.0,,,,,,,,,420.886,-8.58,-4.36,2759.837,46.458,906.528,15.26,-4.648,-0.159,193.666,3.26,26.918,13.11,58.04,56.69,15.997,-4.044,-14.933,21051.678,1.159,-5.715,-16.549,1908.105,32.12,16218.079,273.006,56.659,77.039,1.077,0.298,27.949,293.463,4.94,1660.338,11.705,2.204,1249.654,21.036,8.714,7.887,23.86,3.763,2.129,70.319,1455.436,24.5,4177.311,43.217,19.843,2.716,1.615,81.366,1459.594,24.57,4833.6,43.341,22.961,1.35,2.326,,,,,,,,,-5.915,-12.486,198.599,708.114,11.92,11797.905,9.622,0.356,241.01,4.057,21.027,56.043,10.827,3.392,0.0,-5.477,-0.627,201.485,0.0,643.18,5.983,0.0,3.055,3367.699,354.372,2.716,1.615,81.366,1459.594,24.57,4833.6,43.341,22.961,,0.0,0.0,0.0,0.0,0.0,0.0,0.0,107.261,0.114,0.221,4.158,0.07,13.109,0.123,0.062
Chile,2010,CHL,17004166.0,321390903296.0,,,,,,,,,445.074,12.423,5.772,3071.551,52.229,1029.16,17.5,-2.673,-0.087,186.597,3.173,30.038,14.351,59.22,58.26,16.008,2.702,9.575,21403.439,1.132,6.868,18.75,2158.883,36.71,17157.926,291.756,63.011,80.164,105.364,29.448,57.398,666.895,11.34,3375.499,-3.656,-0.769,1191.877,20.267,19.464,15.771,25.93,-13.582,-9.923,60.395,1248.518,21.23,3551.784,36.44,16.594,-11.004,-9.175,72.191,1267.337,21.55,4245.514,36.989,19.836,0.96,1.621,,,,,,,,,-8.293,-16.47,182.13,462.828,7.87,10710.876,60.172,2.441,382.155,6.498,13.508,50.043,10.893,3.412,0.0,0.613,0.066,200.685,0.0,640.627,5.857,0.0,2.993,3426.219,363.948,-11.004,-9.175,72.191,1267.337,21.55,4245.514,36.989,19.836,,0.0,0.0,0.0,0.0,0.0,0.0,0.0,311.731,0.682,0.903,18.819,0.32,53.103,0.549,0.248
Chile,2011,CHL,17173568.0,338634309632.0,,,,,,,,,474.049,28.255,14.757,3900.557,66.986,1233.873,21.19,5.654,0.179,195.203,3.352,34.155,17.367,62.77,62.04,16.085,5.98,21.764,22459.619,1.139,7.771,22.672,2387.39,41.0,18308.828,314.428,66.086,81.519,1.686,0.968,58.365,648.089,11.13,3398.545,-14.7,-2.979,1006.648,17.288,17.94,15.132,29.41,-5.742,-3.815,56.58,1206.505,20.72,3294.599,33.398,14.669,-1.315,-0.908,71.284,1225.139,21.04,4150.789,33.914,18.481,0.73,1.163,,,,,,,,,3.814,6.947,189.076,505.428,8.68,11009.728,0.721,0.047,381.115,6.545,13.991,49.02,13.773,4.314,0.0,26.431,2.879,251.225,0.0,801.961,6.954,0.0,3.571,3612.528,385.712,-1.315,-0.908,71.284,1225.139,21.04,4150.789,33.914,18.481,,0.0,0.0,0.0,0.0,0.0,0.0,0.0,3.771,0.028,0.931,18.633,0.32,54.229,0.516,0.241
Chile,2012,CHL,17341770.0,356694163456.0,,,,,,,,,496.502,16.589,11.112,4503.516,78.099,1518.876,26.34,8.869,0.297,210.453,3.65,40.055,19.392,65.76,65.76,16.328,4.416,17.035,23224.074,1.129,4.076,12.815,2604.694,45.17,18870.238,327.243,68.689,81.253,-9.178,-5.357,53.008,719.65,12.48,3056.688,-21.132,-3.653,786.222,13.634,18.978,13.162,32.65,-1.697,-1.297,55.283,1164.818,20.2,3187.85,30.718,13.726,5.532,4.219,75.503,1187.307,20.59,4353.833,31.311,18.747,0.0,0.0,,,,,,,,,3.734,7.06,196.136,366.168,6.35,11310.037,-2.7,-0.177,367.229,6.368,9.656,48.7,19.1,5.983,0.0,38.678,5.327,345.015,0.0,1101.359,9.098,0.0,4.742,3792.0,402.747,5.532,4.219,75.503,1187.307,20.59,4353.833,31.311,18.747,,0.001,0.001,0.0,0.0,0.054,0.0,0.0,20.969,0.188,1.12,22.489,0.39,64.571,0.593,0.278
Chile,2013,CHL,17509926.0,370745311232.0,,,,,,,,,519.877,12.406,9.689,5013.607,87.788,1773.28,31.05,325.281,11.872,886.422,15.521,45.548,21.217,68.17,68.17,16.476,2.734,11.013,23629.986,1.116,2.672,8.743,2741.302,48.0,19188.342,335.986,70.412,81.203,0.222,0.117,53.126,642.493,11.25,3034.041,-22.006,-3.0,607.32,10.634,16.503,12.84,35.44,-1.264,-1.028,54.255,1119.936,19.61,3098.555,28.766,13.113,3.017,2.27,77.773,1151.918,20.17,4441.646,29.588,18.797,0.0,0.0,,,,,,,,,-0.542,-1.063,195.073,325.53,5.7,11140.692,-7.506,-0.478,336.403,5.89,8.361,47.146,22.013,6.896,0.0,15.257,2.914,393.834,0.0,1257.199,10.116,0.0,5.32,3893.22,413.759,3.017,2.27,77.773,1151.918,20.17,4441.646,29.588,18.797,1884.947,0.017,0.018,0.571,0.01,1.052,0.015,0.004,33.47,0.366,1.486,31.411,0.55,84.841,0.807,0.359
Chile,2014,CHL,17687108.0,377993625600.0,,,,,,,,,472.909,0.877,0.77,5006.913,88.558,1603.428,28.36,36.923,5.731,1201.561,21.252,40.543,21.624,69.95,69.95,17.08,-1.021,-4.225,23154.375,1.083,-2.966,-9.965,2516.522,44.51,18432.725,326.022,63.631,79.608,-17.198,-9.137,43.989,563.122,9.96,2487.083,-18.307,-1.947,491.169,8.687,14.239,10.741,33.08,15.762,8.176,62.431,1331.478,23.55,3529.767,33.667,15.244,9.438,5.739,83.512,1438.336,25.44,4721.649,36.369,20.392,0.0,0.0,,,,,,,,,-0.819,-1.598,193.475,349.972,6.19,10938.73,-14.553,-0.857,284.568,5.033,8.849,47.243,15.929,4.99,0.0,-27.641,-6.085,282.119,0.0,900.582,7.133,0.0,3.889,3954.858,409.534,9.438,5.739,83.512,1438.336,25.44,4721.649,36.369,20.392,6689.15,1.224,1.243,26.008,0.46,70.26,0.658,0.303,164.756,2.424,3.91,80.85,1.43,221.04,2.044,0.955
Chile,2015,CHL,17870122.0,386428796928.0,,,,,,,,,456.585,-3.956,-3.503,4759.612,85.055,1572.457,28.1,-20.653,-4.389,943.642,16.863,39.164,20.533,71.75,71.75,17.321,1.147,4.696,23180.021,1.072,-0.776,-2.529,2482.915,44.37,18102.402,323.492,61.84,78.095,9.669,4.254,48.243,620.029,11.08,2699.638,26.158,2.272,613.302,10.96,15.443,11.646,32.76,2.501,1.181,63.612,1337.988,23.91,3559.688,33.324,15.357,9.105,7.225,90.738,1532.166,27.38,5077.62,38.16,21.905,0.0,0.0,,,,,,,,,-1.695,-3.28,190.194,290.429,5.19,10643.151,-14.196,-0.715,241.669,4.319,7.233,45.915,17.768,5.566,0.0,11.549,1.84,311.477,0.0,994.298,7.758,0.0,4.289,4015.082,414.23,9.105,7.225,90.738,1532.166,27.38,5077.62,38.16,21.905,196.504,2.42,3.663,76.664,1.37,204.963,1.909,0.884,46.533,1.785,5.695,117.515,2.1,318.671,2.927,1.375
Chile,2016,CHL,18083880.0,392579481600.0,,,,,,,,,494.411,1.418,1.206,4770.023,86.261,1766.767,31.95,-19.857,-3.349,747.32,13.514,43.552,19.88,73.36,73.36,16.907,4.749,19.674,23993.93,1.105,7.063,22.849,2714.572,49.09,19151.92,346.341,66.917,79.82,22.636,10.92,59.163,667.445,12.07,3271.588,19.742,2.164,725.698,13.123,16.453,13.635,36.27,-16.641,-10.899,52.713,1076.096,19.46,2914.906,26.527,12.149,-3.819,-3.175,87.562,1342.079,24.27,4842.009,33.083,20.18,0.0,0.0,,,,,,,,,5.638,10.723,200.917,280.36,5.07,11110.309,-26.12,-1.128,176.435,3.191,6.911,46.305,21.459,6.722,0.0,20.77,3.69,371.724,0.0,1186.62,9.163,0.0,4.945,4056.652,433.903,-3.819,-3.175,87.562,1342.079,24.27,4842.009,33.083,20.18,87.506,3.164,6.827,141.563,2.56,377.527,3.49,1.573,15.946,0.869,6.564,124.42,2.25,362.957,3.067,1.513
Chile,2017,CHL,18368582.0,397188366336.0,,,,,,,,,445.971,3.975,3.429,4882.776,89.69,1600.015,29.39,,,,,39.598,19.916,74.18,74.22,16.481,3.79,16.444,24517.238,1.134,1.009,3.496,2444.391,44.9,19045.4,349.837,60.496,77.682,-5.1,-3.017,56.146,677.243,12.44,3056.631,,,,,16.761,12.467,33.1,8.303,4.041,56.754,1187.354,21.81,3089.73,29.386,12.602,15.539,12.948,100.51,1596.204,29.32,5471.836,39.504,22.318,-0.04,-0.054,,,,,,,,,1.535,3.084,204.001,167.133,3.07,11105.995,,,,,4.136,45.299,23.739,7.449,0.06,10.816,2.28,405.546,3.266,1292.37,10.037,0.081,5.271,4040.595,450.347,15.539,12.948,100.51,1596.204,29.32,5471.836,39.504,22.318,52.767,3.541,10.368,212.319,3.9,564.456,5.255,2.302,47.871,3.085,9.649,193.265,3.55,525.281,4.783,2.142
Chile,2018,CHL,18701452.0,412833611776.0,,,,,,,,,425.072,-3.488,-3.128,4628.607,86.562,1567.258,29.31,,,,,38.194,18.485,76.74,76.74,16.388,3.982,17.931,25039.641,1.134,1.284,4.491,2344.738,43.85,18946.553,354.328,57.141,75.666,0.393,0.221,56.367,626.155,11.71,3014.027,,,,,15.259,12.037,32.62,9.571,5.068,61.822,1241.08,23.21,3305.738,30.245,13.202,13.594,13.44,113.95,1758.687,32.89,6093.088,42.859,24.334,0.0,0.0,,,,,,,,,3.627,7.398,211.4,151.325,2.83,11303.919,,,,,3.688,45.144,29.092,9.157,0.21,22.928,5.353,489.655,11.229,1555.61,11.933,0.274,6.213,4103.425,468.278,13.594,13.44,113.95,1758.687,32.89,6093.088,42.859,24.334,31.386,3.174,13.543,291.421,5.45,724.154,7.102,2.892,-1.039,-0.156,9.493,214.957,4.02,507.586,5.238,2.027
Chile,2019,CHL,19039484.0,,,,,,,,,,424.861,0.604,0.523,4573.894,87.085,1491.637,28.4,,,,,36.697,18.373,77.39,77.39,16.328,1.217,5.701,24894.514,,2.382,8.439,2371.913,45.16,19053.412,362.767,58.354,76.537,15.548,8.764,65.131,753.172,14.34,3420.817,,,,,18.53,13.741,32.88,-8.244,-5.306,56.516,1094.042,20.83,2968.364,26.916,11.924,-1.609,-2.738,111.212,1692.798,32.23,5841.104,41.646,23.463,0.0,0.0,,,,,,,,,-0.401,-0.848,210.552,127.104,2.42,11058.701,,,,,3.127,44.422,25.185,7.931,0.2,-13.388,-3.908,416.569,10.504,1322.755,10.248,0.258,5.313,4064.711,473.979,-1.609,-2.738,111.212,1692.798,32.23,5841.104,41.646,23.463,23.082,3.064,16.607,335.093,6.38,872.252,8.244,3.504,36.437,3.411,12.904,253.158,4.82,677.732,6.228,2.722
Chile,2020,CHL,19300318.0,,,,,,,,,,409.646,-16.006,-13.939,3789.874,73.146,1399.459,27.01,,,,,34.74,16.531,77.75,77.75,17.572,-6.646,-31.501,22925.926,,-9.568,-34.711,2263.693,43.69,16997.432,328.056,56.193,74.141,-4.263,-2.776,62.354,719.159,13.88,3230.742,,,,,17.852,14.092,31.85,1.309,0.529,57.045,1068.894,20.63,2955.674,26.534,12.892,3.754,3.21,114.422,1764.738,34.06,5928.491,43.807,25.859,0.0,0.0,,,,,,,,,-8.547,-17.996,192.556,145.075,2.8,9976.817,,,,,3.601,43.518,22.664,7.152,0.25,-9.827,-2.52,370.556,12.953,1174.295,9.199,0.322,5.122,4028.431,442.478,3.754,3.21,114.422,1764.738,34.06,5928.491,43.807,25.859,20.866,3.392,19.999,395.848,7.64,1036.189,9.826,4.52,14.444,1.81,14.713,287.042,5.54,762.333,7.125,3.325
Chile,2021,CHL,19493184.0,,,,,,,,,,416.881,10.89,7.965,4160.999,81.111,1419.47,27.67,,,,,33.947,17.01,81.51,81.51,17.093,7.77,34.379,24462.756,,9.955,32.659,2395.709,46.7,18504.689,360.715,57.294,75.644,9.422,5.875,68.229,743.337,14.49,3500.162,,,,,17.777,14.308,33.98,-16.798,-9.756,47.289,845.424,16.48,2425.94,20.218,9.917,2.219,1.72,116.142,1785.752,34.81,5958.066,42.706,24.356,0.0,0.0,,,,,,,,,9.773,18.819,211.375,232.902,4.54,10843.529,,,,,5.57,44.327,20.762,6.574,0.33,-8.086,-1.902,337.223,16.929,1065.107,8.065,0.405,4.354,4181.461,476.857,2.219,1.72,116.142,1785.752,34.81,5958.066,42.706,24.356,41.174,8.131,28.13,553.527,10.79,1443.058,13.238,5.899,36.16,5.247,19.96,369.873,7.21,1023.961,8.846,4.186
Chile,2022,CHL,19603736.0,,,,,,,,,,332.612,-24.587,-19.943,3120.24,61.168,977.365,19.16,,,,,23.023,12.312,83.22,83.22,16.751,4.185,19.955,25342.707,,-0.992,-3.579,1997.068,39.15,18217.781,357.137,47.044,71.886,9.33,6.366,74.595,810.56,15.89,3805.152,,,,,19.094,15.015,27.68,23.105,10.714,58.003,1033.987,20.27,2958.779,24.357,11.675,21.559,23.533,139.675,2248.041,44.07,7124.925,52.956,28.114,0.0,0.0,,,,,,,,,4.73,9.998,221.373,209.144,4.1,11292.39,,,,,4.927,44.559,19.564,6.23,0.46,-5.232,-1.198,317.778,23.465,997.983,7.486,0.553,3.938,4245.109,496.812,21.559,23.533,139.675,2248.041,44.07,7124.925,52.956,28.114,34.478,9.561,37.69,740.675,14.52,1922.614,17.448,7.586,22.778,4.457,24.417,449.914,8.82,1245.55,10.598,4.915
China,1900,CHN,395929430.0,388799987712.0,,,,,,,,,,,,,,,,,,0.0,0.0,,,,,,,,,,,,,,,,,,,,,,,,,,0.0,0.0,,,,,,,,,,,,,,,,,,,,,,,,,,,,,,,,,,,,,,0.0,0.0,,,,,,,,,,,,,,,,,,,,,,,,,,,,,,,,,,,,,,,
China,1901,CHN,397991980.0,,,,,,,,,,,,,,,,,,0.0,0.0,0.0,,,,,,,,,,,,,,,,,,,,,,,,,0.0,0.0,0.0,,,,,,,,,,,,,,,,,,,,,,,,,,,,,,,,,,,,,0.0,0.0,0.0,,,,,,,,,,,,,,,,,,,,,,,,,,,,,,,,,,,,,,,
China,1902,CHN,400101986.0,,,,,,,,,,,,,,,,,,0.291,0.726,0.291,,,,,,,,,,,,,,,,,,,,,,,,,0.0,0.0,0.0,,,,,,,,,,,,,,,,,,,,,,,,,,,,,,,,,,,,,0.0,0.0,0.0,,,,,,,,,,,,,,,,,,,,,,,,,,,,,,,,,,,,,,,
China,1903,CHN,402259874.0,,,,,,,,,,,,,,,,,1972.0,5.731,14.97,6.022,,,,,,,,,,,,,,,,,,,,,,,,,0.0,0.0,0.0,,,,,,,,,,,,,,,,,,,,,,,,,,,,,,,,,,,,,0.0,0.0,0.0,,,,,,,,,,,,,,,,,,,,,,,,,,,,,,,,,,,,,,,
China,1904,CHN,404429383.0,,,,,,,,,,,,,,,,,6.467,0.389,15.853,6.411,,,,,,,,,,,,,,,,,,,,,,,,,0.0,0.0,0.0,,,,,,,,,,,,,,,,,,,,,,,,,,,,,,,,,,,,,0.0,0.0,0.0,,,,,,,,,,,,,,,,,,,,,,,,,,,,,,,,,,,,,,,
China,1905,CHN,406610574.0,,,,,,,,,,,,,,,,,9.973,0.639,17.34,7.051,,,,,,,,,,,,,,,,,,,,,,,,,0.0,0.0,0.0,,,,,,,,,,,,,,,,,,,,,,,,,,,,,,,,,,,,,0.0,0.0,0.0,,,,,,,,,,,,,,,,,,,,,,,,,,,,,,,,,,,,,,,
China,1906,CHN,408803510.0,,,,,,,,,,,,,,,,,644.683,45.455,128.438,52.506,,,,,,,,,,,,,,,,,,,,,,,,,0.0,0.0,0.0,,,,,,,,,,,,,,,,,,,,,,,,,,,,,,,,,,,,,0.0,0.0,0.0,,,,,,,,,,,,,,,,,,,,,,,,,,,,,,,,,,,,,,,
China,1907,CHN,411008255.0,,,,,,,,,,,,,,,,,-1.583,-0.831,125.727,51.675,,,,,,,,,,,,,,,,,,,,,,,,,0.0,0.0,0.0,,,,,,,,,,,,,,,,,,,,,,,,,,,,,,,,,,,,,0.0,0.0,0.0,,,,,,,,,,,,,,,,,,,,,,,,,,,,,,,,,,,,,,,
China,1908,CHN,413224872.0,,,,,,,,,,,,,,,,,34.983,18.077,168.799,69.752,,,,,,,,,,,,,,,,,,,,,,,,,0.0,0.0,0.0,,,,,,,,,,,,,,,,,,,,,,,,,,,,,,,,,,,,,0.0,0.0,0.0,,,,,,,,,,,,,,,,,,,,,,,,,,,,,,,,,,,,,,,
China,1909,CHN,415905832.0,,,,,,,,,,,,,,,,,-8.333,-5.813,153.735,63.939,,,,,,,,,,,,,,,,,,,,,,,,,0.0,0.0,0.0,,,,,,,,,,,,,,,,,,,,,,,,,,,,,,,,,,,,,0.0,0.0,0.0,,,,,,,,,,,,,,,,,,,,,,,,,,,,,,,,,,,,,,,
China,1910,CHN,419058430.0,,,,,,,,,,,,,,,,,-10.018,-6.406,137.293,57.534,,,,,,,,,,,,,,,,,,,,,,,,,0.0,0.0,0.0,,,,,,,,,,,,,,,,,,,,,,,,,,,,,,,,,,,,,0.0,0.0,0.0,,,,,,,,,,,,,,,,,,,,,,,,,,,,,,,,,,,,,,,
China,1911,CHN,422690056.0,387034120192.0,,,,,,,,,,,,,,,,48.515,27.912,202.149,85.446,,,,,,,,,,,,,,,,,,,,,,,,,0.0,0.0,0.0,,,,,,,,,,,,,,,,,,,,,,,,,,,,,,,,,,,,,0.0,0.0,0.0,,,,,,,,,,,,,,,,,,,,,,,,,,,,,,,,,,,,,,,
China,1912,CHN,426808190.0,,,,,,,,,,,,,,,,,-64.857,-55.418,70.355,30.028,,,,,,,,,,,,,,,,,,,,,,,,,0.0,0.0,0.0,,,,,,,,,,,,,,,,,,,,,,,,,,,,,,,,,,,,,0.0,0.0,0.0,,,,,,,,,,,,,,,,,,,,,,,,,,,,,,,,,,,,,,,
China,1913,CHN,431420404.0,430582890496.0,,,,,,,,,,,,,,,,9.911,2.976,76.502,33.004,,,,,,,,,,,,,,,,,,,,,,,,,0.0,0.0,0.0,,,,,,,,,,,,,,,,,,,,,,,,,,,,,,,,,,,,,0.0,0.0,0.0,,,,,,,,,,,,,,,,,,,,,,,,,,,,,,,,,,,,,,,
China,1914,CHN,436082439.0,,,,,,,,,,,,,,,,,40.437,13.346,106.288,46.35,,,,,,,,,,,,,,,,,,,,,,,,,0.0,0.0,0.0,,,,,,,,,,,,,,,,,,,,,,,,,,,,,,,,,,,,,0.0,0.0,0.0,,,,,,,,,,,,,,,,,,,,,,,,,,,,,,,,,,,,,,,
China,1915,CHN,440794834.0,,,,,,,,,,,,,,,,,6.509,3.017,111.995,49.367,,,,,,,,,,,,,,,,,,,,,,,,,0.0,0.0,0.0,,,,,,,,,,,,,,,,,,,,,,,,,,,,,,,,,,,,,0.0,0.0,0.0,,,,,,,,,,,,,,,,,,,,,,,,,,,,,,,,,,,,,,,
China,1916,CHN,445558131.0,,,,,,,,,,,,,,,,,11.657,5.755,123.714,55.122,,,,,,,,,,,,,,,,,,,,,,,,,0.0,0.0,0.0,,,,,,,,,,,,,,,,,,,,,,,,,,,,,,,,,,,,,0.0,0.0,0.0,,,,,,,,,,,,,,,,,,,,,,,,,,,,,,,,,,,,,,,
China,1917,CHN,450372881.0,,,,,,,,,,,,,,,,,10.503,5.789,135.246,60.911,,,,,,,,,,,,,,,,,,,,,,,,,0.0,0.0,0.0,,,,,,,,,,,,,,,,,,,,,,,,,,,,,,,,,,,,,0.0,0.0,0.0,,,,,,,,,,,,,,,,,,,,,,,,,,,,,,,,,,,,,,,
China,1918,CHN,455336427.0,,,,,,,,,,,,,,,,,6.012,3.662,141.814,64.573,,,,,,,,,,,,,,,,,,,,,,,,,0.0,0.0,0.0,,,,,,,,,,,,,,,,,,,,,,,,,,,,,,,,,,,,,0.0,0.0,0.0,,,,,,,,,,,,,,,,,,,,,,,,,,,,,,,,,,,,,,,
China,1919,CHN,459658818.0,,,,,,,,,,,,,,,,,15.267,9.858,161.927,74.431,,,,,,,,,,,,,,,,,,,,,,,,,0.0,0.0,0.0,,,,,,,,,,,,,,,,,,,,,,,,,,,,,,,,,,,,,0.0,0.0,0.0,,,,,,,,,,,,,,,,,,,,,,,,,,,,,,,,,,,,,,,
China,1920,CHN,463330522.0,,,,,,,,,,,,,,,,,10.355,7.708,177.279,82.139,,,,,,,,,,,,,,,,,,,,,,,,,0.0,0.0,0.0,,,,,,,,,,,,,,,,,,,,,,,,,,,,,,,,,,,,,0.0,0.0,0.0,,,,,,,,,,,,,,,,,,,,,,,,,,,,,,,,,,,,,,,
China,1921,CHN,466341893.0,,,,,,,,,,,,,,,,,-5.527,-4.54,166.4,77.599,,,,,,,,,,,,,,,,,,,,,,,,,0.0,0.0,0.0,,,,,,,,,,,,,,,,,,,,,,,,,,,,,,,,,,,,,0.0,0.0,0.0,,,,,,,,,,,,,,,,,,,,,,,,,,,,,,,,,,,,,,,
China,1922,CHN,468683169.0,,,,,,,,,,,,,,,,,5.318,4.127,174.374,81.726,,,,,,,,,,,,,,,,,,,,,,,,,0.0,0.0,0.0,,,,,,,,,,,,,,,,,,,,,,,,,,,,,,,,,,,,,0.0,0.0,0.0,,,,,,,,,,,,,,,,,,,,,,,,,,,,,,,,,,,,,,,
China,1923,CHN,470344471.0,,,,,,,,,,,,,,,,,20.718,16.932,209.758,98.659,,,,,,,,,,,,,,,,,,,,,,,,,0.0,0.0,0.0,,,,,,,,,,,,,,,,,,,,,,,,,,,,,,,,,,,,,0.0,0.0,0.0,,,,,,,,,,,,,,,,,,,,,,,,,,,,,,,,,,,,,,,
China,1924,CHN,472011663.0,,,,,,,,,,,,,,,,,9.144,9.021,228.13,107.68,,,,,,,,,,,,,,,,,,,,,,,,,0.0,0.0,0.0,,,,,,,,,,,,,,,,,,,,,,,,,,,,,,,,,,,,,0.0,0.0,0.0,,,,,,,,,,,,,,,,,,,,,,,,,,,,,,,,,,,,,,,
China,1925,CHN,473684764.0,,,,,,,,,,,,,,,,,-5.328,-5.737,215.212,101.943,,,,,,,,,,,,,,,,,,,,,,,,,0.0,0.0,0.0,,,,,,,,,,,,,,,,,,,,,,,,,,,,,,,,,,,,,0.0,0.0,0.0,,,,,,,,,,,,,,,,,,,,,,,,,,,,,,,,,,,,,,,
China,1926,CHN,475363795.0,,,,,,,,,,,,,,,,,-10.953,-11.166,190.962,90.777,,,,,,,,,,,,,,,,,,,,,,,,,0.0,0.0,0.0,,,,,,,,,,,,,,,,,,,,,,,,,,,,,,,,,,,,,0.023,0.049,0.023,,,,,,,,,,,,,,,,,,,,,,,,,,,,,,,,,,,,,,,
China,1927,CHN,477048778.0,,,,,,,,,,,,,,,,,13.3,12.073,215.595,102.849,,,,,,,,,,,,,,,,,,,,,,,,,0.0,0.0,0.0,,,,,,,,,,,,,,,,,,,,,,,,,,,,,,,,,,,,50.0,0.012,0.073,0.035,,,,,,,,,,,,,,,,,,,,,,,,,,,,,,,,,,,,,,,
China,1928,CHN,478739734.0,,,,,,,,,,,,,,,,,1.616,1.662,218.306,104.512,,,,,,,,,,,,,,,,,,,,,,,,,0.0,0.0,0.0,,,,,,,,,,,,,,,,,,,,,,,,,,,,,,,,,,,,0.0,0.0,0.073,0.035,,,,,,,,,,,,,,,,,,,,,,,,,,,,,,,,,,,,,,,
China,1929,CHN,480666438.0,488734818304.0,,,,,,,,,,,,,,,,4.861,5.08,228.0,109.592,,,,,,,,,,,,,,,,,,,,,,,,,0.0,0.0,0.0,,,,,,,,,,,,,,,,,,,,,,,,,,,,,,,,,,,,33.333,0.012,0.097,0.047,,,,,,,,,,,,,,,,,,,,,,,,,,,,,,,,,,,,,,,
China,1930,CHN,482831090.0,494868004864.0,,,,,,,,,,,,,,,,5.505,6.034,239.474,115.626,,,,,,,,,,,,,,,,,,,,,,,,,0.0,0.0,0.0,,,,,,,,,,,,,,,,,,,,,,,,,,,,,,,,,,,,1150.0,0.535,1.204,0.581,,,,,,,,,,,,,,,,,,,,,,,,,,,,,,,,,,,,,,,
China,1931,CHN,485235901.0,500029587456.0,,,,,,,,,,,,,,,,6.038,6.981,252.674,122.607,,,,,,,,,,,,,,,,,,,,,,,,,0.0,0.0,0.0,,,,,,,,,,,,,,,,,,,,,,,,,,,,,,,,,,,,22.0,0.128,1.462,0.709,,,,,,,,,,,,,,,,,,,,,,,,,,,,,,,,,,,,,,,
China,1932,CHN,487883101.0,515662970880.0,,,,,,,,,,,,,,,,-4.172,-5.115,240.819,117.492,,,,,,,,,,,,,,,,,,,,,,,,,0.0,0.0,0.0,,,,,,,,,,,,,,,,,,,,,,,,,,,,,,,,,,,,14.754,0.105,1.669,0.814,,,,,,,,,,,,,,,,,,,,,,,,,,,,,,,,,,,,,,,
China,1933,CHN,490774936.0,461499990016.0,,,,,,,,,,,,,,,,9.212,10.823,261.453,128.315,,,,,,,,,,,,,,,,,,,,,,,,,0.0,0.0,0.0,,,,,,,,,,,,,,,,,,,,,,,,,,,,,,,,,,,,24.286,0.198,2.062,1.012,,,,,,,,,,,,,,,,,,,,,,,,,,,,,,,,,,,,,,,
China,1934,CHN,493683911.0,470972727296.0,,,,,,,,,,,,,,,,16.879,21.658,303.783,149.973,,,,,,,,,,,,,,,,,,,,,,,,,0.0,0.0,0.0,,,,,,,,,,,,,,,,,,,,,,,,,,,,,,,,,,,,5.747,0.058,2.167,1.07,,,,,,,,,,,,,,,,,,,,,,,,,,,,,,,,,,,,,,,
China,1935,CHN,496610129.0,508829040640.0,,,,,,,,,,,,,,,,16.635,24.948,352.23,174.921,,,,,,,,,,,,,,,,,,,,,,,,,0.0,0.0,0.0,,,,,,,,,,,,,,,,,,,,,,,,,,,,,,,,,,,,53.261,0.57,3.302,1.64,,,,,,,,,,,,,,,,,,,,,,,,,,,,,,,,,,,,,,,
China,1936,CHN,499553692.0,540976349184.0,,,,,,,,,,,,,,,,12.299,21.513,393.218,196.434,,,,,,,,,,,,,,,,,,,,,,,,,0.0,0.0,0.0,,,,,,,,,,,,,,,,,,,,,,,,,,,,,,,,,,,,17.73,0.291,3.865,1.931,,,,,,,,,,,,,,,,,,,,,,,,,,,,,,,,,,,,,,,
China,1937,CHN,502514702.0,528001761280.0,,,,,,,,,,,,,,,,-7.123,-13.991,363.059,182.442,,,,,,,,,,,,,,,,,,,,,,,,,0.0,0.0,0.0,,,,,,,,,,,,,,,,,,,,,,,,,,,,,,,,,,,,16.867,0.326,4.49,2.256,,,,,,,,,,,,,,,,,,,,,,,,,,,,,,,,,,,,,,,
China,1938,CHN,505493263.0,514876014592.0,,,,,,,,,,,,,,,,-8.405,-15.334,330.585,167.109,,,,,,,,,,,,,,,,,,,,,,,,,0.0,0.0,0.0,,,,,,,,,,,,,,,,,,,,,,,,,,,,,,,,,,,,40.206,0.907,6.258,3.163,,,,,,,,,,,,,,,,,,,,,,,,,,,,,,,,,,,,,,,
China,1939,CHN,508423146.0,,,,,,,,,,,,,,,,,20.658,34.521,396.579,201.63,,,,,,,,,,,,,,,,,,,,,,,,,0.0,0.0,0.0,,,,,,,,,,,,,,,,,,,,,,,,,,,,,,,,,,,,41.176,1.303,8.784,4.466,,,,,,,,,,,,,,,,,,,,,,,,,,,,,,,,,,,,,,,
China,1940,CHN,511303712.0,,,,,,,,,,,,,,,,,27.808,56.069,504.004,257.699,,,,,,,,,,,,,,,,,,,,,,,,,0.0,0.0,0.0,,,,,,,,,,,,,,,,,,,,,,,,,,,,,,,,,,,,52.344,2.338,13.306,6.804,,,,,,,,,,,,,,,,,,,,,,,,,,,,,,,,,,,,,,,
China,1941,CHN,514134316.0,,,,,,,,,,,,,,,,,25.012,64.457,626.599,322.156,,,,,,,,,,,,,,,,,,,,,,,,,0.0,0.0,0.0,,,,,,,,,,,,,,,,,,,,,,,,,,,,,,,,,,,,13.333,0.907,14.997,7.711,,,,,,,,,,,,,,,,,,,,,,,,,,,,,,,,,,,,,,,
China,1942,CHN,516914309.0,,,,,,,,,,,,,,,,,5.325,17.153,656.413,339.309,,,,,,,,,,,,,,,,,,,,,,,,,0.0,0.0,0.0,,,,,,,,,,,,,,,,,,,,,,,,,,,,,,,,,,,,23.228,1.791,18.382,9.502,,,,,,,,,,,,,,,,,,,,,,,,,,,,,,,,,,,,,,,
China,1943,CHN,519643036.0,,,,,,,,,,,,,,,,,-13.559,-46.007,564.429,293.302,,,,,,,,,,,,,,,,,,,,,,,,,0.0,0.0,0.0,,,,,,,,,,,,,,,,,,,,,,,,,,,,,,,,,,,,-61.934,-5.885,6.96,3.617,,,,,,,,,,,,,,,,,,,,,,,,,,,,,,,,,,,,,,,
China,1944,CHN,522386167.0,,,,,,,,,,,,,,,,,1.126,3.302,567.786,296.603,,,,,,,,,,,,,,,,,,,,,,,,,0.0,0.0,0.0,,,,,,,,,,,,,,,,,,,,,,,,,,,,,,,,,,,,-35.37,-1.279,4.475,2.338,,,,,,,,,,,,,,,,,,,,,,,,,,,,,,,,,,,,,,,
China,1945,CHN,525143778.0,,,,,,,,,,,,,,,,,-48.488,-143.817,290.942,152.786,,,,,,,,,,,,,,,,,,,,,,,,,0.0,0.0,0.0,,,,,,,,,,,,,,,,,,,,,,,,,,,,,,,,,,,,-12.935,-0.302,3.876,2.035,,,,,,,,,,,,,,,,,,,,,,,,,,,,,,,,,,,,,,,
China,1946,CHN,527915947.0,,,,,,,,,,,,,,,,,-37.828,-57.795,179.935,94.991,,,,,,,,,,,,,,,,,,,,,,,,,0.0,0.0,0.0,,,,,,,,,,,,,,,,,,,,,,,,,,,,,,,,,,,,-60.0,-1.221,1.542,0.814,,,,,,,,,,,,,,,,,,,,,,,,,,,,,,,,,,,,,,,
China,1947,CHN,530702750.0,,,,,,,,,,,,,,,,,7.319,6.952,192.09,101.943,,,,,,,,,,,,,,,,,,,,,,,,,0.0,0.0,0.0,,,,,,,,,,,,,,,,,,,,,,,,,,,,,,,,,,,,-25.714,-0.209,1.14,0.605,,,,,,,,,,,,,,,,,,,,,,,,,,,,,,,,,,,,,,,
China,1948,CHN,533504263.0,,,,,,,,,,,,,,,,,-29.182,-29.749,135.319,72.193,,,,,,,,,,,,,,,,,,,,,,,,,0.0,0.0,0.0,,,,,,,,,,,,,,,,,,,,,,,,,,,,,,,,,,,,40.385,0.244,1.591,0.849,,,,,,,,,,,,,,,,,,,,,,,,,,,,,,,,,,,,,,,
China,1949,CHN,537916245.0,,,,,,,,,,,,,,,,,149.597,107.999,334.983,180.193,,,,,,,,,,,,,,,,,,,,,,,,,0.0,0.0,0.0,,,,,,,,,,,,,,,,,,,,,,,,,,,,,,,,,,,,61.644,0.523,2.551,1.372,,,,,,,,,,,,,,,,,,,,,,,,,,,,,,,,,,,,,,,
China,1950,CHN,543979200.0,436905181184.0,,,,,,,,,,,,,,,,38.452,69.287,458.62,249.48,,,,,,,,,,,,,,,,,,,,,,,,,0.0,0.0,0.0,,,,,,,,,,,,,,,,,,,,,,,,,,,,,,,,,,,,71.186,0.977,4.319,2.349,,,,,,,,,,,,,,,,,,,,,,,,,,,,,,,,,,,,,,,
China,1951,CHN,553614016.0,529605984256.0,,,,,,,,,,,,,,,,23.695,59.115,557.419,308.595,,,,,,,,,,,,,,,,,,,,,,,,,0.0,0.0,0.0,,,,,,,,,,,,,,,,,,,,,,,,,,,,,,,,,,,,51.485,1.21,6.428,3.559,,,,,,,,,,,,,,,,,,,,,,,,,,,,,,,,,,,,,,,
China,1952,CHN,564954496.0,595648774144.0,,,,,,,,,,,,,,,,25.24,77.89,684.099,386.485,,,,,,,,,,,,,,,,,,,,,,,,,0.0,0.0,0.0,,,,,,,,,,,,,,,,,,,,,,,,,,,,,,,,,,,,42.484,1.512,8.975,5.071,,,,,,,,,,,,,,,,,,,,,,,,,,,,,,,,,,,,,,,
China,1953,CHN,577378688.0,672668254208.0,,,,,,,,,,,,,,,,4.798,18.542,701.493,405.027,,,,,,,,,,,,,,,,,,,,,,,,,0.0,0.0,0.0,,,,,,,,,,,,,,,,,,,,,,,,,,,,,,,,,,,,42.661,2.163,12.529,7.234,,,,,,,,,,,,,,,,,,,,,,,,,,,,,,,,,,,,,,,
China,1954,CHN,589936000.0,624480157696.0,,,,,,,,,,,,,,,,20.063,81.261,824.307,486.288,,,,,,,,,,,,,,,,,,,,,,,,,0.0,0.0,0.0,,,,,,,,,,,,,,,,,,,,,,,,,,,,,,,,,,,,26.849,1.942,15.554,9.176,,,,,,,,,,,,,,,,,,,,,,,,,,,,,,,,,,,,,,,
China,1955,CHN,603320128.0,681084977152.0,,,,,,,,,,,,,,,,17.499,85.098,947.069,571.386,,,,,,,,,,,,,,,,,,,,,,,,,1.325,2.196,1.325,,,,,,,,,,,,,,,,,,,,,,,,,,,,,,,,,,,,22.433,2.059,18.621,11.235,,,,,,,,,,,,,,,,,,,,,,,,,,,,,,,,,,,,,,,
China,1956,CHN,616283008.0,738921873408.0,,,,,,,,,,,,,,,,12.269,70.101,1040.896,641.487,,,,,,,,,,,,,,,,,,,,,,,,109.091,1.445,4.495,2.77,,,,,,,,,,,,,,,,,,,,,,,,,,,,,,,,,,,,20.393,2.291,21.947,13.526,,,,,,,,,,,,,,,,,,,,,,,,,,,,,,,,,,,,,,,
China,1957,CHN,630003008.0,761702580224.0,,,,,,,,,,,,,,,,18.458,118.404,1206.17,759.891,,,,,,,,,,,,,,,,,,,,,,,,43.478,1.204,6.308,3.974,,,,,,,,,,,,,,,,,,,,,,,,,,,,,,,,,,,,25.537,3.454,26.952,16.98,,,,,,,,,,,,,,,,,,,,,,,,,,,,,,,,,,,,,,,
China,1958,CHN,643791552.0,766244683776.0,,,,,,,,,,,,,,,,106.533,809.531,2437.78,1569.422,,,,,,,,,,,,,,,,,,,,,,,,19.697,0.783,7.389,4.757,,,,,,,,,,,,,,,,,,,,,,,,,,,,,,,,,,,,55.069,9.351,40.899,26.33,,,,,,,,,,,,,,,,,,,,,,,,,,,,,,,,,,,,,,,
China,1959,CHN,652179200.0,743927578624.0,,,,,,,,,,,,,,,,28.815,452.226,3099.835,2021.648,,,,,,,,,,,,,,,,,,,,,,,,16.456,0.783,8.494,5.54,,,,,,,,,,,,,,,,,,,,,,,,,,,,,,,,,,,,63.428,16.701,65.98,43.031,,,,,,,,,,,,,,,,,,,,,,,,,,,,,,,,,,,,,,,
China,1960,CHN,654170688.0,705092976640.0,,,,,,,,,,,,,,,,20.759,419.675,3731.936,2441.323,,,,,,,,,,,,,,,,,,,,,,,,14.13,0.783,9.665,6.323,,,,,,,,,,,,,,,,,,,,,,,,,,,,,,,,,,,,48.649,20.934,97.78,63.965,,,,,,,,,,,,,,,,,,,,,,,,,,,,,,,,,,,,,,,
China,1961,CHN,655260352.0,577128431616.0,,,,,,,,,,,,,,,,-40.476,-988.155,2217.696,1453.168,,,,,,,,,,,,,,,,,,,,,,,,12.381,0.783,10.844,7.106,,,,,,,,,,,,,,,,,,,,,,,,,,,,,,,,,,,,12.727,8.141,110.042,72.106,,,,,,,,,,,,,,,,,,,,,,,,,,,,,,,,,,,,,,,
China,1962,CHN,664614656.0,616503050240.0,,,,,,,,,,,,,,,,0.0,0.0,2186.483,1453.168,,,,,,,,,,,,,,,,,,,,,,,,11.017,0.783,11.869,7.888,,,,,,,,,,,,,,,,,,,,,,,,,,,,,,,,,,,,9.677,6.978,118.992,79.084,,,,,,,,,,,,,,,,,,,,,,,,,,,,,,,,,,,,,,,
China,1963,CHN,683903552.0,705534361600.0,,,,,,,,,,,,,,,,0.0,0.0,2124.815,1453.168,,,,,,,,,,,,,,,,,,,,,,,,9.924,0.783,12.679,8.671,,,,,,,,,,,,,,,,,,,,,,,,,,,,,,,,,,,,10.294,8.141,127.54,87.225,,,,,,,,,,,,,,,,,,,,,,,,,,,,,,,,,,,,,,,
China,1964,CHN,704593792.0,804504928256.0,,,,,,,,,,,,,,,,16.0,232.507,2392.407,1685.675,,,,,,,,,,,,,,,,,,,,,,,,9.028,0.783,13.418,9.454,,,,,,,,,,,,,,,,,,,,,,,,,,,,,,,,,,,,13.333,11.63,140.301,98.855,,,,,,,,,,,,,,,,,,,,,,,,,,,,,,,,,,,,,,,
China,1965,CHN,723846336.0,896126812160.0,,,,,,,,,,,,1838.38,1330.704,,,3.103,52.314,2401.048,1737.99,,86.623,,,,,,2122.266,1.714,,,,,2031.997,1470.854,,95.747,,,11.087,,,15.316,8.28,0.783,14.142,10.237,,0.722,,,,65.341,30.527,22.097,90.269,,4.253,,,65.341,0.0,0.0,90.269,,4.253,,,,,0.0,0.0,0.0,0.0,,0.0,,,129.063,,,178.301,33.059,32.68,181.717,131.535,,8.401,,,,,,,,,,,,,1536.194,,,65.341,,,90.269,,4.253,,,,,,,,,,,,,,,,
China,1966,CHN,742948544.0,927339380736.0,,,,,,,,,,6.974,92.807,1916.03,1423.512,,,9.365,162.755,2558.38,1900.744,,85.276,,,,8.665,133.114,2246.869,1.8,8.972,131.964,,,2157.373,1602.817,,96.017,21.818,2.419,13.505,,,18.178,7.647,0.783,14.832,11.02,,0.809,,1.76,1.15,66.491,30.266,22.486,89.496,,3.983,1.76,1.15,66.491,0.0,0.0,89.496,,3.983,,,,0.0,0.0,0.0,0.0,0.0,,0.0,28.465,36.737,165.8,,,223.165,28.647,37.681,227.763,169.217,,9.932,,,,,,,,,,,,,1669.308,1.76,1.15,66.491,,,89.496,,3.983,,,,,,,,,,,,,,,,
China,1967,CHN,761006272.0,933378326528.0,,,,,,,,,,-11.111,-158.168,1662.725,1265.344,,,-30.581,-581.267,1733.858,1319.477,,84.296,,,,-10.078,-168.24,1972.478,1.608,-9.924,-159.066,,,1897.161,1443.752,,96.182,8.955,1.209,14.715,,,19.336,7.104,0.783,15.509,11.802,,0.98,,-13.797,-9.174,57.317,25.471,19.383,75.317,,3.818,-13.797,-9.174,57.317,0.0,0.0,75.317,,3.818,,,,0.0,0.0,0.0,0.0,0.0,,0.0,-1.271,-2.107,163.693,,,215.101,-4.605,-7.792,212.12,161.424,,10.905,,,,,,,,,,,,,1501.068,-13.797,-9.174,57.317,,,75.317,,3.818,,,,,,,,,,,,,,,,
China,1968,CHN,780371968.0,912372793344.0,,,,,,,,,,-0.744,-9.42,1609.391,1255.924,,,32.159,424.325,2234.578,1743.802,,82.807,,,,1.041,15.627,1943.555,1.662,0.368,5.317,,,1856.894,1449.068,,95.541,-4.11,-0.605,14.11,,,18.081,6.633,0.783,16.127,12.585,,0.93,,17.989,10.311,67.628,29.307,22.87,86.661,,4.459,17.989,10.311,67.628,0.0,0.0,86.661,,4.459,,,,0.0,0.0,0.0,0.0,0.0,,0.0,9.372,15.342,179.035,,,229.422,15.202,24.539,238.301,185.964,,11.804,,,,,,,,,,,,,1516.696,17.989,10.311,67.628,,,86.661,,4.459,,,,,,,,,,,,,,,,
China,1969,CHN,801430976.0,1006175584256.0,,,,,,,,,,20.757,260.687,1892.378,1516.61,,,8.333,145.317,2357.182,1889.119,,82.193,,,,21.658,328.49,2302.365,1.834,22.59,327.34,,,2216.546,1776.409,,96.273,40.0,5.644,19.754,,,24.649,22.01,2.77,19.16,15.355,,1.071,,1.7,1.15,68.778,29.022,23.259,85.818,,3.727,1.7,1.15,68.778,0.0,0.0,85.818,,3.727,,,,0.0,0.0,0.0,0.0,0.0,,0.0,34.077,61.01,240.044,,,299.52,35.96,66.872,315.481,252.836,,13.009,,,,,,,,,,,,,1845.186,1.7,1.15,68.778,,,85.818,,3.727,,,,,,,,,,,,,,,,
China,1970,CHN,822534464.0,1144004411392.0,,,,,,,,,,27.234,413.04,2345.98,1929.65,,,10.769,203.444,2544.043,2092.563,,81.706,,,,27.992,516.512,2871.245,2.064,28.947,514.213,,,2784.833,2290.621,,96.99,46.429,9.172,28.926,,,35.167,88.378,13.571,35.167,28.926,,1.225,,3.344,2.3,71.077,29.223,24.037,86.413,,3.01,3.344,2.3,71.077,0.0,0.0,86.413,,3.01,,,,0.0,0.0,0.0,0.0,0.0,,0.0,38.327,92.001,332.046,,,403.686,40.984,103.623,433.367,356.46,,14.06,,,,,,,,,,,,,2361.698,3.344,2.3,71.077,,,86.413,,3.01,,,,,,,,,,,,,,,,
China,1971,CHN,843285440.0,1216237797376.0,,,,,,,,,,15.3,295.228,2638.344,2224.877,,,8.333,174.38,2688.227,2266.943,,79.456,,,,18.564,438.426,3320.494,2.302,18.49,423.528,,,3218.541,2714.149,,96.93,30.314,8.768,37.694,,,44.699,30.314,8.768,44.699,37.694,,1.346,,20.96,14.898,85.975,34.479,29.075,101.953,,3.07,20.96,14.898,85.975,34.479,29.075,101.953,,3.07,,,,0.0,0.0,0.0,0.0,0.0,,0.0,35.999,119.532,451.578,,,535.498,28.581,101.879,543.515,458.338,,16.127,0.0,0.0,,,,0.0,,0.0,,,0.0,,2800.124,20.96,14.898,85.975,34.479,29.075,101.953,,3.07,,,0.0,0.0,0.0,0.0,,0.0,,,0.0,0.0,0.0,0.0,,0.0
China,1972,CHN,862840384.0,1233564991488.0,,,,,,,,,,5.755,128.046,2726.951,2352.924,,,2.564,58.127,2694.669,2325.07,,77.941,,,,7.811,218.712,3498.72,2.447,7.636,207.252,,,3385.795,2921.401,,96.772,29.412,11.087,48.781,,,56.535,29.412,11.087,56.535,48.781,,1.616,,13.33,11.461,97.436,38.189,32.951,112.925,,3.228,13.33,11.461,97.436,38.189,32.951,112.925,,3.228,,,,0.0,0.0,0.0,0.0,0.0,,0.0,15.085,68.119,519.696,,,602.309,15.884,72.804,615.574,531.142,,17.215,0.0,0.0,,,0.0,0.0,,0.0,,,0.0,,3018.837,13.33,11.461,97.436,38.189,32.951,112.925,,3.228,,0.0,0.0,0.0,0.0,0.0,,0.0,,0.0,0.0,0.0,0.0,0.0,,0.0
China,1973,CHN,881652096.0,1334375219200.0,,,,,,,,,,1.31,30.819,2703.723,2383.743,,,7.5,174.38,2834.961,2499.45,,74.798,,,,5.567,168.056,3614.683,2.388,5.36,156.596,,,3491.169,3077.997,,96.583,23.554,11.49,60.27,,,68.361,23.554,11.49,68.361,60.27,,1.891,,11.762,11.461,108.897,41.77,36.827,123.514,,3.417,11.762,11.461,108.897,41.77,36.827,123.514,,3.417,,,,0.0,0.0,0.0,0.0,0.0,,0.0,21.991,114.287,633.983,,,719.085,17.386,92.342,707.177,623.484,,19.893,0.0,0.0,,,0.0,0.0,,0.0,,,0.0,,3186.893,11.762,11.461,108.897,41.77,36.827,123.514,,3.417,,0.0,0.0,0.0,0.0,0.0,,0.0,,0.0,0.0,0.0,0.0,0.0,,0.0
China,1974,CHN,899367680.0,1367631593472.0,,,,,,,,,,-1.056,-25.179,2622.469,2358.564,,,4.651,116.254,2908.38,2615.703,,71.76,,,,3.134,99.869,3654.525,2.403,2.779,85.533,,,3517.504,3163.529,,96.251,25.92,15.622,75.892,,,84.384,25.92,15.622,84.384,75.892,,2.309,,13.165,14.336,123.232,46.338,41.675,137.021,,3.749,13.165,14.336,123.232,46.338,41.675,137.021,,3.749,,,,0.0,0.0,0.0,0.0,0.0,,0.0,14.999,95.09,729.073,,,810.651,20.966,130.721,838.595,754.206,,22.182,0.0,0.0,,,0.0,0.0,,0.0,,,0.0,,3286.762,13.165,14.336,123.232,46.338,41.675,137.021,,3.749,,0.0,0.0,0.0,0.0,0.0,,0.0,,0.0,0.0,0.0,0.0,0.0,,0.0
China,1975,CHN,915124672.0,1460733607936.0,,,,,,,,,,12.705,299.647,2904.752,2658.211,,,4.444,116.253,2985.338,2731.957,,72.225,,,,11.978,393.68,4021.792,2.52,12.263,387.956,,,3880.876,3551.485,,96.496,17.53,13.304,89.196,,,97.469,17.53,13.304,97.469,89.196,,2.424,,4.645,5.724,128.956,47.655,43.611,140.917,,3.504,4.645,5.724,128.956,47.655,43.611,140.917,,3.504,,,,0.0,0.0,0.0,0.0,0.0,,0.0,10.288,75.005,804.078,,,878.654,18.828,142.002,979.329,896.208,,21.847,0.0,0.0,,,0.0,0.0,,0.0,,,0.0,,3680.441,4.645,5.724,128.956,47.655,43.611,140.917,,3.504,,0.0,0.0,0.0,0.0,0.0,,0.0,,0.0,0.0,0.0,0.0,0.0,,0.0
China,1976,CHN,929375936.0,1413710479360.0,,,,,,,,,,2.444,64.954,2930.1,2723.165,,,2.128,58.127,3002.104,2790.083,,70.278,,,,5.282,194.385,4169.278,2.741,5.425,192.66,,,4028.666,3744.146,,96.627,14.124,12.598,101.794,,,109.53,14.124,12.598,109.53,101.794,,2.627,,1.338,1.725,130.681,47.552,44.194,140.612,,3.373,1.338,1.725,130.681,47.552,44.194,140.612,,3.373,,,,0.0,0.0,0.0,0.0,0.0,,0.0,14.316,115.108,919.186,,,989.036,13.107,117.463,1090.701,1013.671,,23.722,0.0,0.0,,,0.0,0.0,,0.0,,,0.0,,3874.827,1.338,1.725,130.681,47.552,44.194,140.612,,3.373,,0.0,0.0,0.0,0.0,0.0,,0.0,,0.0,0.0,0.0,0.0,0.0,,0.0
China,1977,CHN,942581312.0,1493489287168.0,,,,,,,,,,10.002,272.374,3178.016,2995.539,,,9.792,273.196,3249.883,3063.279,,70.898,,,,9.041,350.325,4482.533,2.829,9.203,344.588,,,4337.805,4088.734,,96.771,20.0,20.359,122.153,,,129.595,20.0,20.359,129.595,122.153,,2.891,,4.39,5.737,136.418,48.944,46.134,144.728,,3.229,4.39,5.737,136.418,48.944,46.134,144.728,,3.229,,,,0.0,0.0,0.0,0.0,0.0,,0.0,5.641,51.855,971.042,,,1030.194,7.435,75.362,1155.373,1089.033,,22.982,0.0,0.0,,,0.0,0.0,,0.0,,,0.0,,4225.152,4.39,5.737,136.418,48.944,46.134,144.728,,3.229,,0.0,0.0,0.0,0.0,0.0,,0.0,,0.0,0.0,0.0,0.0,0.0,,0.0
China,1978,CHN,955138944.0,1667551723520.0,,,,,,,,,,9.803,293.657,3443.684,3289.196,,,12.524,383.636,3608.811,3446.916,,71.01,,,,9.63,406.881,4849.59,2.778,10.162,415.479,,,4715.767,4504.213,,97.241,13.284,16.227,138.38,,,144.879,13.284,16.227,144.879,138.38,,2.987,,-6.303,-8.599,127.819,45.256,43.226,133.823,,2.759,-6.303,-8.599,127.819,45.256,43.226,133.823,,2.759,,,,0.0,0.0,0.0,0.0,0.0,,0.0,10.874,105.595,1076.637,,,1127.204,11.117,121.068,1266.938,1210.102,,23.243,0.0,0.0,,,0.0,0.0,,0.0,,,0.0,,4632.033,-6.303,-8.599,127.819,45.256,43.226,133.823,,2.759,,0.0,0.0,0.0,0.0,0.0,,0.0,,0.0,0.0,0.0,0.0,0.0,,0.0
China,1979,CHN,968298944.0,1801380298752.0,,,,,,,,,,3.451,113.509,3514.106,3402.705,,,2.867,98.815,3661.815,3545.731,,71.308,,,,3.018,139.793,4928.05,2.649,2.754,124.033,,,4779.77,4628.246,,96.991,5.681,7.861,146.241,,,151.029,5.681,7.861,151.029,146.241,,3.065,,12.33,15.76,143.579,50.146,48.556,148.28,,3.009,12.33,15.76,143.579,50.146,48.556,148.28,,3.009,,,,0.0,0.0,0.0,0.0,0.0,,0.0,0.247,2.663,1079.299,,,1114.635,2.018,24.423,1274.942,1234.525,,22.618,0.0,0.0,,,0.0,0.0,,0.0,,,0.0,,4771.826,12.33,15.76,143.579,50.146,48.556,148.28,,3.009,,0.0,0.0,0.0,0.0,0.0,,0.0,,0.0,0.0,0.0,0.0,0.0,,0.0
China,1980,CHN,982372480.0,1893783568384.0,,,,,,,,,,4.006,136.314,3602.522,3539.019,,,14.258,505.552,4123.979,4051.284,,73.309,,,,1.167,55.708,4914.158,2.549,0.586,27.128,,,4738.909,4655.374,,96.434,-1.654,-2.419,143.823,,,146.403,-1.654,-2.419,146.403,143.823,,2.979,,19.905,28.58,172.159,59.266,58.221,175.249,,3.566,19.905,28.58,172.159,59.266,58.221,175.249,,3.566,,,,0.0,0.0,0.0,0.0,0.0,,0.0,-9.892,-106.767,972.533,,,989.984,-0.188,-2.326,1254.309,1232.198,,20.146,0.0,0.0,,,0.0,0.0,,0.0,,,0.0,,4827.534,19.905,28.58,172.159,59.266,58.221,175.249,,3.566,,0.0,0.0,0.0,0.0,0.0,,0.0,,0.0,0.0,0.0,0.0,0.0,,0.0
China,1981,CHN,997259520.0,1949955260416.0,,,,,,,,,,-0.532,-18.824,3529.868,3520.195,,,-10.779,-436.68,3624.537,3614.604,,73.894,,,,-1.319,-63.684,4776.941,2.443,-1.831,-85.246,,,4582.687,4570.128,,95.934,-10.722,-15.42,128.402,,,128.755,-10.722,-15.42,128.755,128.402,,2.695,,12.525,21.562,193.722,65.693,65.513,194.254,,4.066,12.525,21.562,193.722,65.693,65.513,194.254,,4.066,,,,0.0,0.0,0.0,0.0,0.0,,0.0,-5.244,-51.002,921.531,,,924.063,-4.464,-55.01,1180.424,1177.189,,19.344,0.0,0.0,,,0.0,0.0,,0.0,,,0.0,,4763.85,12.525,21.562,193.722,65.693,65.513,194.254,,4.066,,0.0,0.0,0.0,0.0,0.0,,0.0,,0.0,0.0,0.0,0.0,0.0,,0.0
China,1982,CHN,1013483200.0,2128598007808.0,,,,,,,,,,5.813,204.643,3675.283,3724.838,,,7.191,259.931,3822.988,3874.534,,74.843,,,,4.472,213.021,4910.659,2.338,4.085,186.701,,,4693.545,4756.829,,95.579,-6.358,-8.164,120.238,,,118.639,-6.358,-8.164,118.639,120.238,,2.416,,13.586,26.319,220.041,73.424,74.414,217.114,,4.421,13.586,26.319,220.041,73.424,74.414,217.114,,4.421,,,,0.0,0.0,0.0,0.0,0.0,,0.0,-1.061,-9.778,911.753,,,899.623,0.889,10.467,1171.855,1187.656,,18.32,0.0,0.0,,,0.0,0.0,,0.0,,,0.0,,4976.87,13.586,26.319,220.041,73.424,74.414,217.114,,4.421,,0.0,0.0,0.0,0.0,0.0,,0.0,,0.0,0.0,0.0,0.0,0.0,,0.0
China,1983,CHN,1029226880.0,2278862356480.0,,,,,,,,,,7.092,264.167,3875.729,3989.004,,,7.234,280.283,4036.833,4154.817,,75.297,,,,6.446,320.828,5147.26,2.325,5.998,285.335,,,4898.982,5042.164,,95.177,2.347,2.822,123.06,,,119.566,2.347,2.822,119.566,123.06,,2.323,,16.13,35.493,255.534,83.963,86.417,248.278,,4.823,16.13,35.493,255.534,83.963,86.417,248.278,,4.823,,,,0.0,0.0,0.0,0.0,0.0,,0.0,2.012,18.346,930.099,,,903.687,3.868,45.938,1198.564,1233.594,,17.557,0.0,0.0,,,0.0,0.0,,0.0,,,0.0,,5297.698,16.13,35.493,255.534,83.963,86.417,248.278,,4.823,,0.0,0.0,0.0,0.0,0.0,,0.0,,0.0,0.0,0.0,0.0,0.0,,0.0
China,1984,CHN,1044172224.0,2534000295936.0,,,,,,,,,,8.756,349.262,4154.742,4338.266,,,10.455,434.38,4395.058,4589.198,,76.309,,,,7.313,387.446,5444.643,2.244,7.661,386.27,,,5198.792,5428.434,,95.485,1.802,2.217,125.278,,,119.978,1.802,2.217,119.978,125.278,,2.204,,0.46,1.176,256.71,83.142,86.815,245.85,,4.515,0.46,1.176,256.71,83.142,86.815,245.85,,4.515,,,,0.0,0.0,0.0,0.0,0.0,,0.0,3.741,34.791,964.89,,,924.072,8.051,99.32,1276.527,1332.914,,16.972,0.0,0.0,,,0.0,0.0,,0.0,,,0.0,,5685.145,0.46,1.176,256.71,83.142,86.815,245.85,,4.515,,0.0,0.0,0.0,0.0,0.0,,0.0,,0.0,0.0,0.0,0.0,0.0,,0.0
China,1985,CHN,1060240000.0,2752673742848.0,,,,,,,,,,9.174,397.999,4467.163,4736.265,245.836,260.645,10.53,483.227,4784.223,5072.424,63.465,77.008,,410.69,6.677,8.183,465.227,5800.923,2.234,8.267,448.748,300.217,318.302,5543.256,5877.182,77.504,95.558,4.023,5.039,130.317,0.917,0.972,122.913,4.023,5.039,122.913,130.317,0.237,2.119,,6.419,16.479,273.189,87.138,92.388,257.667,22.496,4.442,6.419,16.479,273.189,87.138,92.388,257.667,22.496,4.442,,,,0.0,0.0,0.0,0.0,0.0,0.0,0.0,4.737,45.71,1010.6,53.464,56.685,953.181,8.978,119.673,1370.055,1452.587,13.802,16.432,0.0,0.0,,,0.0,0.0,,0.0,0.0,,0.0,387.356,6150.371,6.419,16.479,273.189,87.138,92.388,257.667,22.496,4.442,,0.0,0.0,0.0,0.0,0.0,0.0,0.0,,0.0,0.0,0.0,0.0,0.0,0.0,0.0
China,1986,CHN,1077770496.0,2931539050496.0,,,,,,,,,,4.543,215.159,4594.136,4951.424,277.991,299.61,2.488,126.186,4823.485,5198.61,66.65,76.836,,449.53,6.976,4.776,293.735,5979.108,2.198,4.889,287.345,329.366,354.981,5719.703,6164.527,78.967,95.661,6.419,8.365,138.682,1.571,1.693,128.675,6.419,8.365,128.675,138.682,0.377,2.152,,2.339,6.39,279.579,87.726,94.549,259.405,21.033,4.339,2.339,6.39,279.579,87.726,94.549,259.405,21.033,4.339,,,,0.0,0.0,0.0,0.0,0.0,0.0,0.0,6.315,63.82,1074.421,49.805,53.678,996.892,4.636,67.338,1410.249,1519.925,11.941,16.673,0.0,0.0,,,0.0,0.0,,0.0,0.0,,0.0,417.092,6444.106,2.339,6.39,279.579,87.726,94.549,259.405,21.033,4.339,,0.0,0.0,0.0,0.0,0.0,0.0,0.0,,0.0,0.0,0.0,0.0,0.0,0.0,0.0
China,1987,CHN,1096851840.0,3177306652672.0,,,,,,,,,,8.499,420.818,4897.874,5372.242,309.852,339.862,3.814,198.291,4920.355,5396.901,68.346,77.296,,497.267,7.155,7.854,506.133,6336.534,2.187,7.948,489.941,362.166,397.243,6066.88,6654.468,79.885,95.744,0.945,1.31,139.993,2.495,2.737,127.631,0.945,1.31,127.631,139.993,0.55,2.014,,5.791,16.191,295.771,91.192,100.024,269.654,20.115,4.256,5.791,16.191,295.771,91.192,100.024,269.654,20.115,4.256,,,,0.0,0.0,0.0,0.0,0.0,0.0,0.0,6.312,67.813,1142.234,49.819,54.644,1041.375,2.64,40.124,1422.296,1560.048,10.989,16.434,0.0,0.0,,,0.0,0.0,,0.0,0.0,,0.0,453.358,6950.239,5.791,16.191,295.771,91.192,100.024,269.654,20.115,4.256,,0.0,0.0,0.0,0.0,0.0,0.0,0.0,,0.0,0.0,0.0,0.0,0.0,0.0,0.0
China,1988,CHN,1115889792.0,3354463305728.0,,,,,,,,,,7.427,398.982,5171.858,5771.224,334.848,373.653,5.581,301.218,5106.345,5698.119,68.534,77.289,,545.21,7.301,7.437,516.873,6691.621,2.226,7.361,489.835,390.757,436.042,6402.337,7144.303,79.977,95.677,2.664,3.729,143.722,1.84,2.053,128.796,2.664,3.729,128.796,143.722,0.377,1.925,,9.142,27.038,322.809,97.83,109.168,289.284,20.023,4.323,9.142,27.038,322.809,97.83,109.168,289.284,20.023,4.323,,,,0.0,0.0,0.0,0.0,0.0,0.0,0.0,7.628,87.124,1229.358,54.07,60.336,1101.684,2.169,33.843,1428.359,1593.892,11.067,16.464,0.0,0.0,,,0.0,0.0,,0.0,0.0,,0.0,488.588,7467.112,9.142,27.038,322.809,97.83,109.168,289.284,20.023,4.323,,0.0,0.0,0.0,0.0,0.0,0.0,0.0,,0.0,0.0,0.0,0.0,0.0,0.0,0.0
China,1989,CHN,1134414720.0,3380560265216.0,,,,,,,,,,4.777,275.678,5330.416,6046.902,357.065,405.06,7.582,432.054,5403.82,6130.173,69.264,77.164,,584.81,7.463,4.946,369.325,6907.912,2.318,4.787,342.0,411.138,466.401,6599.265,7486.303,79.753,95.532,5.533,7.952,151.674,3.27,3.709,133.702,5.533,7.952,133.702,151.674,0.634,1.935,,8.465,27.325,350.134,104.379,118.409,308.647,20.247,4.468,8.465,27.325,350.134,104.379,118.409,308.647,20.247,4.468,,,,0.0,0.0,0.0,0.0,0.0,0.0,0.0,4.748,58.369,1287.727,50.803,57.632,1135.146,0.43,6.862,1411.083,1600.753,9.855,16.433,0.0,0.0,,,0.0,0.0,,0.0,0.0,,0.0,515.517,7836.437,8.465,27.325,350.134,104.379,118.409,308.647,20.247,4.468,,0.0,0.0,0.0,0.0,0.0,0.0,0.0,,0.0,0.0,0.0,0.0,0.0,0.0,0.0
China,1990,CHN,1153704192.0,3385121570816.0,,,,,,,,,,1.449,87.615,5317.235,6134.517,382.465,441.251,2.436,149.346,5442.919,6279.519,71.032,77.278,,621.2,7.825,1.299,101.812,6880.663,2.345,1.028,76.97,428.522,494.388,6555.643,7563.272,79.586,95.276,1.655,2.51,154.183,2.402,2.771,133.642,1.655,2.51,133.642,154.183,0.446,1.942,,7.039,24.646,374.781,109.858,126.744,324.85,20.403,4.721,7.097,24.842,374.977,109.917,126.812,325.02,20.414,4.724,,,,0.0,0.0,0.0,0.0,0.0,0.0,0.0,-1.022,-13.154,1274.572,43.656,50.366,1104.765,0.487,7.792,1394.244,1608.545,8.108,16.056,0.184,0.064,,,0.184,0.055,,0.16,0.01,,0.002,538.44,7938.249,7.097,24.842,374.977,109.917,126.812,325.02,20.414,4.724,,0.006,0.006,0.002,0.002,0.005,0.0,0.0,,0.006,0.006,0.002,0.002,0.005,0.0,0.0
China,1991,CHN,1170626176.0,3508947910656.0,,,,,,,,,,4.873,298.911,5495.714,6433.427,425.784,498.434,0.697,43.747,5401.61,6323.266,73.564,77.162,,677.55,8.126,5.031,399.361,7122.351,2.376,5.36,405.417,472.214,552.786,6807.203,7968.69,81.586,95.575,1.255,1.935,156.118,2.075,2.429,133.363,1.255,1.935,133.363,156.118,0.358,1.872,,-1.621,-6.077,368.704,106.515,124.689,314.963,18.403,4.422,-1.615,-6.056,368.921,106.579,124.764,315.148,18.414,4.425,,,,0.0,0.0,0.0,0.0,0.0,0.0,0.0,8.204,104.571,1379.144,44.355,51.923,1178.125,1.938,31.168,1400.715,1639.714,7.663,16.541,0.184,0.064,,0.0,0.0,0.055,,0.157,0.009,,0.002,578.793,8337.61,-1.615,-6.056,368.921,106.579,124.764,315.148,18.414,4.425,0.0,0.0,0.006,0.002,0.002,0.005,0.0,0.0,350.0,0.021,0.027,0.008,0.009,0.023,0.001,0.0
China,1992,CHN,1183813376.0,3755037425664.0,,,,,,,,,,4.633,298.069,5686.282,6731.497,479.239,567.33,2.664,168.483,5483.761,6491.75,75.249,76.724,,753.94,8.593,5.23,436.098,7411.395,2.337,5.244,417.86,526.271,623.007,7084.351,8386.55,82.633,95.587,1.937,3.024,159.142,2.084,2.467,134.432,1.937,3.024,134.432,159.142,0.327,1.814,,4.81,17.733,386.437,110.394,130.686,326.434,17.334,4.404,4.945,18.237,387.158,110.603,130.933,327.043,17.367,4.413,,,,0.0,0.0,0.0,0.0,0.0,0.0,0.0,8.467,116.768,1495.912,44.948,53.21,1263.638,0.745,12.211,1395.427,1651.925,7.058,17.05,0.323,0.113,,76.562,0.139,0.095,,0.273,0.015,,0.004,636.874,8773.708,4.945,18.237,387.158,110.603,130.933,327.043,17.367,4.413,50.0,0.003,0.009,0.003,0.003,0.007,0.0,0.0,1344.444,0.361,0.388,0.111,0.131,0.328,0.017,0.004
China,1993,CHN,1195855616.0,4126169628672.0,,,,,,,,,,6.519,438.86,5996.005,7170.356,492.725,589.228,3.072,199.396,5595.279,6691.146,72.602,75.816,,811.59,8.581,7.795,683.926,7908.675,2.292,7.352,616.552,550.072,657.806,7528.586,9003.102,81.052,95.194,6.175,9.827,168.969,2.612,3.124,141.295,6.175,9.827,141.295,168.969,0.385,1.787,,16.192,62.57,449.007,126.977,151.846,375.47,18.71,4.748,17.452,67.375,454.532,128.597,153.783,380.09,18.948,4.806,,,,4.551,4.551,1.341,1.604,3.806,0.198,0.048,11.222,167.864,1663.776,54.734,65.454,1391.285,1.401,23.144,1400.728,1675.069,8.065,17.592,0.334,0.117,,3.54,0.011,0.098,,0.28,0.014,,0.004,678.669,9457.634,16.226,62.823,449.981,127.256,152.179,376.284,18.751,4.758,33.333,0.003,0.012,0.003,0.004,0.01,0.0,0.0,61.538,0.239,0.627,0.177,0.212,0.525,0.026,0.007
China,1994,CHN,1207286656.0,4438753280000.0,,,,,,,,,,6.573,471.311,6329.621,7641.667,574.353,693.408,7.755,518.878,5972.089,7210.024,74.737,76.045,,927.8,9.233,6.251,591.178,8323.468,2.264,5.622,506.176,616.889,744.761,7876.569,9509.277,80.272,94.631,4.736,8.002,176.971,2.612,3.154,146.586,4.736,8.002,146.586,176.971,0.34,1.761,,10.262,46.078,495.086,138.682,167.429,410.081,18.046,4.927,19.021,85.003,539.535,151.608,183.034,446.899,19.728,5.369,,,819.95,37.319,41.87,12.222,14.756,34.681,1.59,0.417,1.615,26.862,1690.638,39.923,48.199,1400.362,1.423,23.842,1407.214,1698.91,5.195,16.824,1.429,0.46,,293.162,1.095,0.381,,1.184,0.05,,0.014,768.5,10048.812,10.579,47.684,497.665,139.385,168.278,412.218,18.137,4.952,25.0,0.003,0.015,0.004,0.005,0.012,0.001,0.0,80.952,0.508,1.135,0.318,0.384,0.94,0.041,0.011
China,1995,CHN,1218144384.0,4810000039936.0,,,,,,,,,,1.246,95.183,6351.341,7736.85,609.03,741.886,9.745,702.626,6495.659,7912.65,73.671,74.733,,1007.03,9.727,3.024,303.847,8498.712,2.152,2.44,231.999,656.719,799.979,7996.816,9741.276,79.439,94.094,1.031,1.824,178.795,2.462,2.999,146.777,2.227,3.941,148.514,180.912,0.298,1.727,,13.827,68.457,563.543,156.451,190.58,462.624,18.925,5.443,13.121,71.847,611.382,169.972,207.05,501.896,20.56,5.906,,,-13.032,-5.457,36.414,10.535,12.833,29.893,1.274,0.352,7.985,134.992,1825.631,45.228,55.094,1498.698,2.013,34.192,1422.74,1733.103,5.471,17.634,9.582,3.014,,555.217,8.153,2.474,,7.866,0.299,,0.093,826.692,10352.658,15.415,77.303,574.968,159.437,194.217,472.003,19.286,5.554,40.0,0.006,0.021,0.006,0.007,0.017,0.001,0.0,60.526,0.687,1.822,0.506,0.616,1.496,0.061,0.018
China,1996,CHN,1228298880.0,5127589593088.0,,,,,,,,,,4.634,358.539,6590.732,8095.389,670.996,824.184,2.643,209.156,6612.24,8121.807,76.221,74.219,,1081.31,9.914,5.359,554.791,8880.126,2.127,5.795,564.504,714.291,877.363,8390.287,10305.78,81.139,94.484,4.791,8.567,187.362,2.302,2.828,152.538,12.056,21.81,165.043,202.722,0.262,1.718,,-1.37,-7.718,555.825,153.033,187.97,452.516,17.384,5.096,-1.5,-9.713,601.669,166.038,203.944,489.839,18.861,5.516,,,11.728,4.27,40.684,11.673,14.338,33.122,1.326,0.373,10.813,197.398,2023.029,40.992,50.351,1647.016,6.375,110.485,1500.928,1843.588,4.656,18.547,4.855,1.533,,-49.137,-4.727,1.248,,3.953,0.142,,0.045,880.331,10907.449,-2.374,-13.983,560.985,154.365,189.606,456.717,17.535,5.143,28.571,0.006,0.027,0.007,0.009,0.022,0.001,0.0,-84.754,-1.544,0.278,0.076,0.094,0.226,0.009,0.003
China,1997,CHN,1237801472.0,5291338891264.0,,,,,,,,,,-2.019,-163.477,6408.065,7931.912,700.457,867.026,-0.656,-53.312,6518.407,8068.494,76.353,72.232,,1135.55,10.341,0.676,73.685,8871.482,2.075,0.443,45.662,745.046,922.219,8362.765,10351.442,81.213,94.266,5.67,10.623,197.985,6.525,8.077,159.949,12.872,26.094,184.857,228.816,0.711,1.803,,4.261,23.685,579.511,158.329,195.98,468.177,17.259,5.277,4.602,28.022,629.691,172.345,213.329,508.717,18.786,5.734,,,0.558,0.227,40.911,11.648,14.418,33.052,1.27,0.373,9.813,198.517,2221.545,38.063,47.115,1794.751,1.016,18.724,1504.532,1862.312,4.149,20.231,8.651,2.722,,77.56,3.796,2.199,,6.989,0.24,,0.079,917.393,10981.134,4.908,27.795,588.779,160.697,198.911,475.665,17.517,5.362,22.222,0.006,0.033,0.009,0.011,0.026,0.001,0.0,110.753,0.308,0.585,0.16,0.198,0.473,0.017,0.005
China,1998,CHN,1246836096.0,5338703069184.0,,,,,,,,,,-0.759,-60.195,6313.354,7871.717,715.149,891.674,-4.0,-322.748,6212.321,7745.746,76.407,71.557,,1167.0,10.609,0.177,19.433,8822.785,2.061,0.116,12.028,762.857,951.158,8311.814,10363.471,81.505,94.209,3.121,6.178,204.163,4.886,6.092,163.745,2.537,5.805,188.173,234.621,0.522,1.856,,1.485,8.605,588.116,159.516,198.89,471.686,17.043,5.346,1.177,7.405,637.095,173.11,215.84,510.97,18.495,5.791,,,-2.206,-0.902,40.009,11.309,14.1,32.088,1.208,0.364,2.973,66.045,2287.591,42.822,53.392,1834.717,0.031,0.581,1494.096,1862.893,4.575,20.795,7.878,2.48,,-8.891,-0.773,1.989,,6.318,0.213,,0.072,935.969,11000.566,1.422,8.307,597.086,161.801,201.74,478.881,17.287,5.428,27.273,0.009,0.041,0.011,0.014,0.033,0.001,0.0,79.592,0.466,1.051,0.285,0.356,0.843,0.03,0.01
China,1999,CHN,1255433216.0,5578502963200.0,,,,,,,,,,2.888,227.315,6451.185,8099.032,772.39,969.684,2.4,185.898,6317.854,7931.644,78.245,71.131,,1239.3,10.884,3.504,385.501,9069.433,2.041,3.758,389.438,816.259,1024.758,8565.098,10752.908,82.688,94.439,6.107,12.467,216.631,3.834,4.813,172.555,8.243,19.341,202.29,253.962,0.388,1.903,,-1.161,-6.831,581.285,156.583,196.58,463.015,15.862,5.105,-0.602,-3.936,633.16,170.889,214.54,504.336,17.311,5.561,,,6.021,2.409,42.418,11.907,14.949,33.788,1.206,0.373,6.542,149.654,2437.245,40.035,50.261,1941.357,0.025,0.465,1484.236,1863.359,4.056,21.405,8.006,2.52,,1.613,0.128,2.007,,6.377,0.203,,0.07,987.149,11386.067,-1.065,-6.345,590.742,158.982,199.591,470.548,16.105,5.188,21.429,0.009,0.05,0.014,0.017,0.04,0.001,0.0,33.239,0.349,1.401,0.377,0.474,1.116,0.038,0.012
China,2000,CHN,1264099072.0,5952682590208.0,,,0.0,0.0,2.009,2.54,0.187,0.0,672.367,1.388,112.374,6495.856,8211.406,838.748,1060.26,3.713,294.467,6507.489,8226.111,78.213,69.587,1346.85,1355.6,11.488,3.638,414.216,9334.936,1.982,3.091,332.351,880.706,1113.3,8769.296,11085.259,82.126,93.941,13.999,30.327,246.957,4.565,5.77,195.362,7.945,20.177,216.866,274.14,0.426,2.093,911.46,13.14,76.379,657.664,175.943,222.41,520.263,16.407,5.573,12.938,81.865,715.025,191.678,242.3,565.64,17.874,6.059,-8.75,-0.65,11.961,5.073,47.491,13.243,16.74,37.569,1.235,0.402,7.781,189.651,2626.896,37.394,47.27,2078.077,1.498,27.912,1496.141,1891.271,3.487,22.261,8.06,2.537,,0.675,0.054,2.007,,6.376,0.187,,0.068,1072.384,11800.283,13.011,76.792,667.533,178.435,225.56,528.07,16.639,5.657,29.412,0.015,0.065,0.016,0.02,0.051,0.001,0.001,24.52,0.343,1.744,0.467,0.59,1.38,0.044,0.015
China,2001,CHN,1272739584.0,6329737412608.0,,0.0,0.0,0.0,2.004,2.55,0.172,0.0,654.88,5.168,424.348,6785.169,8635.754,887.173,1129.14,5.946,489.118,6847.614,8715.229,76.253,69.252,1472.19,1480.79,11.875,5.676,669.779,9797.812,1.97,4.603,510.202,929.169,1182.59,9110.631,11595.461,79.862,92.986,11.945,29.5,276.458,3.874,4.93,217.215,11.504,31.536,240.171,305.676,0.333,2.217,969.74,24.738,157.367,815.031,217.979,277.43,640.375,18.735,6.536,23.075,159.577,874.602,234.298,298.2,687.18,20.138,7.014,-8.6,-0.584,4.391,1.764,49.255,13.726,17.47,38.7,1.18,0.395,2.145,56.353,2683.249,38.122,48.52,2108.247,1.359,25.702,1506.178,1916.973,3.277,21.518,8.112,2.554,,0.67,0.052,2.007,,6.374,0.172,,0.065,1163.467,12470.062,24.462,157.813,825.347,220.571,280.73,648.48,18.958,6.619,40.909,0.026,0.091,0.024,0.03,0.072,0.002,0.001,21.918,0.369,2.113,0.566,0.72,1.66,0.049,0.017
China,2002,CHN,1280926080.0,6814493573120.0,,1.715,1.339,1.715,1.991,2.55,0.154,0.013,663.277,9.631,831.703,7391.104,9467.457,1001.283,1282.57,6.794,592.092,7266.088,9307.321,77.544,69.714,1645.6,1654.0,12.179,8.905,1110.428,10602.087,1.993,9.156,1061.729,1044.135,1337.46,9881.281,12657.19,80.862,93.201,6.394,17.678,294.136,3.271,4.19,229.627,7.689,23.503,256.985,329.179,0.253,2.166,1097.06,3.799,25.506,840.537,224.814,287.97,656.195,17.411,6.189,6.719,48.698,923.299,247.118,316.54,720.806,19.138,6.799,-8.4,-0.51,43.813,21.123,70.378,19.619,25.13,54.943,1.519,0.518,7.914,212.349,2895.598,39.581,50.7,2260.55,1.235,23.679,1515.038,1940.652,3.065,21.322,8.085,2.546,,-0.313,-0.028,1.988,,6.312,0.154,,0.06,1291.253,13580.49,4.411,27.574,852.921,227.499,291.41,665.863,17.618,6.28,54.839,0.049,0.14,0.039,0.05,0.109,0.003,0.001,16.433,0.331,2.444,0.656,0.84,1.908,0.051,0.018
China,2003,CHN,1288873344.0,7248622387200.0,176.0,3.019,3.673,4.735,1.971,2.54,0.133,0.03,677.915,19.177,1815.602,8754.203,11283.059,1179.301,1519.97,18.125,1686.98,8530.165,10994.302,79.555,71.327,1903.22,1910.58,12.078,16.481,2238.266,12273.32,2.182,17.4,2202.377,1225.846,1579.96,11529.113,14859.567,82.695,93.936,16.187,47.612,341.747,4.003,5.16,265.152,7.207,23.725,273.808,352.904,0.27,2.16,1295.21,-1.49,-17.83,822.707,220.099,283.68,638.315,14.848,5.201,5.376,35.889,959.188,256.519,330.62,744.207,17.305,6.064,-7.36,-0.387,72.492,50.24,120.618,33.626,43.34,93.584,2.268,0.763,11.713,339.164,3234.762,42.541,54.83,2509.76,1.629,31.622,1530.231,1972.274,2.87,20.449,8.051,2.536,,-0.393,-0.034,1.968,,6.246,0.133,,0.051,1482.364,15818.756,-0.377,-14.352,838.57,222.892,287.28,650.622,15.036,5.301,33.333,0.046,0.186,0.047,0.06,0.144,0.003,0.001,19.059,0.447,2.891,0.776,1.0,2.243,0.052,0.018
China,2004,CHN,1296816768.0,7830953263104.0,26.103,1.236,4.604,5.97,1.951,2.53,0.115,0.032,667.9,16.593,1872.222,10144.286,13155.28,1328.191,1722.42,17.095,1879.428,9927.177,12873.729,78.174,71.075,2197.23,2203.31,11.904,17.008,2690.379,14272.745,2.364,16.645,2473.325,1384.475,1795.41,13365.722,17332.893,81.487,93.645,16.999,58.092,399.84,5.753,7.46,308.324,18.406,64.957,322.221,417.861,0.339,2.16,1471.59,24.628,196.083,1018.791,272.621,353.54,785.609,16.046,5.504,23.412,217.056,1176.244,314.539,407.9,907.024,18.513,6.355,-6.08,-0.277,16.444,18.939,139.558,38.918,50.47,107.616,2.291,0.754,16.787,543.01,3777.772,50.531,65.53,2913.112,2.633,51.939,1560.909,2024.213,2.974,20.41,8.023,2.528,,-0.315,-0.027,1.949,,6.187,0.115,,0.043,1699.014,18509.135,24.446,198.116,1036.686,275.621,357.43,799.408,16.222,5.601,18.75,0.033,0.219,0.062,0.08,0.169,0.004,0.001,28.166,0.791,3.682,0.987,1.28,2.839,0.058,0.02
China,2005,CHN,1304887552.0,8602940080128.0,40.28,2.405,6.418,8.375,4.077,5.32,0.213,0.04,670.506,17.102,2249.825,11805.695,15405.105,1517.487,1980.15,12.174,1567.26,11066.846,14440.989,79.198,73.263,2494.08,2500.26,11.891,13.604,2518.029,16114.158,2.444,13.734,2380.451,1565.499,2042.8,15107.312,19713.344,81.703,93.752,17.485,69.911,469.751,9.303,12.14,359.994,18.958,79.218,380.937,497.08,0.486,2.234,1676.44,12.296,118.033,1136.824,304.256,397.02,871.204,15.879,5.406,12.557,137.577,1313.821,350.574,457.46,1006.846,18.296,6.248,-6.18,-0.248,5.189,6.313,145.871,40.685,53.09,111.788,2.123,0.694,1.607,60.715,3838.487,38.708,50.51,2941.623,4.195,84.921,1616.334,2109.134,2.02,18.255,16.938,5.322,,110.522,8.914,4.079,,12.98,0.213,,0.081,1916.073,21027.164,13.58,131.264,1167.95,309.889,404.37,895.058,16.173,5.554,10.526,0.022,0.241,0.061,0.08,0.184,0.003,0.001,52.3,1.89,5.572,1.494,1.95,4.27,0.078,0.027
China,2006,CHN,1313086592.0,9489543593984.0,44.503,3.727,9.217,12.103,5.43,7.13,0.249,0.053,676.615,9.823,1513.275,12884.437,16918.381,1753.441,2302.42,6.984,1008.565,11765.831,15449.555,80.344,73.404,2858.84,2865.72,12.434,9.612,2021.203,17552.816,2.429,9.636,1899.645,1800.46,2364.16,16459.682,21612.988,82.498,93.772,23.009,108.086,577.838,18.14,23.82,440.06,18.721,93.056,449.427,590.136,0.831,2.507,1938.99,9.765,103.164,1239.988,331.882,435.79,944.33,15.207,5.38,10.27,121.559,1435.379,381.97,501.56,1093.134,17.502,6.228,-6.88,-0.241,3.306,3.874,149.745,41.764,54.84,114.041,1.914,0.65,7.25,278.282,4116.769,28.879,37.92,3135.185,1.882,39.691,1636.469,2148.825,1.323,17.861,22.712,7.133,,34.029,5.774,5.432,,17.297,0.249,,0.099,2182.43,23048.367,11.165,117.684,1285.634,340.206,446.72,979.093,15.588,5.578,13.095,0.03,0.27,0.069,0.09,0.206,0.003,0.001,90.735,4.989,10.562,2.825,3.71,8.043,0.129,0.046
China,2007,CHN,1321513216.0,10358205972480.0,7.953,0.963,9.886,13.065,7.461,9.86,0.3,0.052,679.41,8.899,1505.531,13941.527,18423.912,2010.347,2656.7,8.345,1289.311,12666.438,16738.865,80.959,73.551,3271.23,3281.54,13.1,8.681,2000.926,18955.008,2.418,8.492,1835.271,2057.263,2718.7,17743.492,23448.26,82.848,93.608,23.007,132.941,710.779,25.66,33.91,537.852,18.252,107.711,528.066,697.847,1.033,2.838,2229.51,11.354,132.155,1372.143,367.2,485.26,1038.312,14.788,5.478,12.117,165.655,1601.035,425.906,562.84,1211.516,17.152,6.392,-10.31,-0.315,13.287,18.836,168.582,47.014,62.13,127.567,1.893,0.673,4.78,196.798,4313.567,21.256,28.09,3264.112,0.84,18.056,1639.697,2166.881,0.856,17.22,31.429,9.863,,38.273,8.717,7.463,,23.783,0.301,,0.125,2483.168,25049.293,11.978,146.819,1432.453,378.891,500.71,1083.949,15.258,5.719,20.0,0.052,0.322,0.083,0.11,0.244,0.003,0.001,47.617,4.932,15.493,4.147,5.48,11.724,0.167,0.062
China,2008,CHN,1330167168.0,10799147909120.0,27.953,3.652,12.568,16.717,11.179,14.87,0.425,0.064,649.673,1.585,292.008,14070.352,18715.92,2036.518,2708.91,3.647,610.416,13042.933,17349.281,77.491,71.932,3482.96,3495.76,13.435,3.871,969.707,19560.699,2.409,2.111,495.08,2076.649,2762.29,18000.248,23943.34,79.018,92.023,15.272,108.55,819.329,25.989,34.57,615.959,15.973,111.47,608.432,809.317,0.989,3.149,2271.1,31.261,417.752,1789.895,478.857,636.96,1345.616,18.221,6.879,30.26,474.626,2075.66,551.412,733.47,1560.451,20.982,7.977,-12.8,-0.368,10.082,15.844,184.426,51.415,68.39,138.649,1.956,0.709,2.191,94.524,4408.092,14.141,18.81,3313.938,2.212,47.932,1665.063,2214.813,0.538,16.942,47.384,14.866,,50.725,15.955,11.176,,35.623,0.425,,0.182,2628.061,26019.0,32.7,458.782,1891.234,499.997,665.08,1421.802,19.025,7.269,33.333,0.105,0.427,0.113,0.15,0.321,0.004,0.002,139.082,21.318,36.812,9.848,13.1,27.675,0.375,0.141
China,2009,CHN,1339125632.0,11572544012288.0,18.972,3.172,14.852,19.889,15.577,20.86,0.562,0.073,658.037,4.751,889.1,14640.164,19605.02,2174.195,2911.52,3.09,536.07,13355.992,17885.352,78.38,72.186,3703.26,3714.64,13.677,4.381,1139.898,20281.068,2.347,4.779,1144.219,2225.482,2980.2,18734.283,25087.559,80.229,92.373,10.119,82.911,902.24,42.237,56.56,673.753,6.188,50.081,641.76,859.398,1.523,3.322,2444.37,-3.347,-70.578,1719.316,459.733,615.64,1283.91,16.573,6.331,0.553,-4.32,2071.34,548.447,734.44,1546.786,19.771,7.627,-11.38,-0.307,2.422,3.3,187.726,52.31,70.05,140.186,1.886,0.691,3.907,172.207,4580.298,9.051,12.12,3420.365,-0.499,-11.044,1645.677,2203.769,0.326,16.865,66.509,20.859,,40.316,19.125,15.577,,49.666,0.562,,0.245,2773.929,27158.898,0.365,-7.62,1883.614,496.137,664.39,1406.6,17.886,6.936,83.553,0.352,0.779,0.209,0.28,0.582,0.008,0.003,110.802,40.309,77.121,20.618,27.61,57.59,0.743,0.284
China,2010,CHN,1348191360.0,12858808074240.0,-0.463,-0.092,14.684,19.797,18.469,24.9,0.595,0.068,650.611,3.752,735.521,15087.28,20340.541,2398.473,3233.6,8.286,1481.898,14365.356,19367.25,77.224,70.006,4173.8,4187.31,14.411,6.984,1896.711,21551.547,2.26,6.203,1556.213,2467.15,3326.19,19762.604,26643.771,79.435,91.699,20.671,186.5,1088.74,57.655,77.73,807.556,12.34,106.048,716.104,965.445,1.856,3.747,2724.31,15.551,255.184,1974.5,527.655,711.38,1464.555,16.989,6.796,16.781,340.496,2411.836,638.722,861.12,1788.942,20.565,8.301,-13.51,-0.324,6.698,11.344,199.071,55.437,74.74,147.658,1.785,0.685,13.846,634.192,5214.49,11.022,14.86,3867.767,7.137,157.284,1751.274,2361.053,0.355,17.947,79.411,24.9,,19.372,12.902,18.469,,58.902,0.595,,0.273,3105.872,29055.609,17.813,329.152,2212.766,583.285,786.38,1641.285,18.78,7.616,151.254,1.167,1.946,0.519,0.7,1.443,0.017,0.007,78.887,59.992,137.113,36.642,49.4,101.701,1.18,0.472
China,2011,CHN,1357095424.0,13673158410240.0,10.629,2.104,16.138,21.901,20.36,27.63,0.589,0.07,663.596,8.864,1803.062,16316.91,22143.604,2719.684,3690.87,11.193,2167.818,15868.5,21535.068,78.674,70.664,4678.61,4691.35,14.971,7.85,2280.926,23090.885,2.292,8.415,2242.193,2808.771,3811.77,21285.139,28885.965,81.251,92.18,24.146,262.888,1351.629,80.149,108.77,995.972,9.965,96.211,782.3,1061.656,2.319,4.313,3113.16,-3.281,-76.422,1898.078,506.995,688.04,1398.633,14.666,6.057,2.335,38.734,2450.57,648.134,879.58,1805.746,18.749,7.82,-12.74,-0.272,16.668,31.765,230.835,64.255,87.2,170.095,1.859,0.737,3.38,176.243,5390.733,8.938,12.13,3972.258,-0.068,-1.611,1738.597,2359.442,0.259,17.203,88.139,27.632,,10.971,8.728,20.361,,64.947,0.589,,0.281,3456.905,31336.535,1.006,6.969,2219.735,583.879,792.38,1635.651,16.89,7.084,272.325,5.254,7.2,1.923,2.61,5.306,0.056,0.023,50.001,67.304,204.416,54.602,74.1,150.628,1.58,0.652
China,2012,CHN,1366560768.0,14358127050752.0,18.003,3.943,18.911,25.844,22.048,30.13,0.607,0.079,637.237,1.259,278.754,16407.875,22422.357,2742.791,3748.19,1.181,254.234,15944.628,21789.303,75.458,68.729,4956.48,4967.26,15.226,4.109,1287.689,23873.234,2.272,2.421,699.467,2831.473,3869.38,21649.555,29585.432,77.898,90.685,11.626,157.147,1508.776,80.677,110.25,1104.068,5.004,53.125,815.756,1114.781,2.22,4.625,3165.32,25.398,467.647,2365.726,631.359,862.79,1731.153,17.37,7.251,24.653,588.222,3038.792,803.389,1097.88,2223.679,22.102,9.315,-10.78,-0.217,12.75,27.855,258.69,71.947,98.32,189.3,1.979,0.793,4.889,263.566,5654.299,8.005,10.94,4137.613,2.269,53.527,1765.724,2412.969,0.22,17.332,96.12,30.133,,9.051,7.981,22.05,,70.337,0.607,,0.295,3634.862,32624.225,25.928,560.367,2780.102,731.442,999.56,2034.378,20.123,8.522,37.721,2.656,9.856,2.627,3.59,7.212,0.072,0.03,39.069,78.14,282.556,75.408,103.05,206.764,2.075,0.866
China,2013,CHN,1376100352.0,15304425996288.0,36.915,9.54,25.713,35.384,26.982,37.13,0.686,0.105,636.225,2.14,479.773,16642.777,22902.131,2962.989,4077.37,1.124,244.834,16012.013,22034.137,75.386,67.653,5397.41,5408.64,15.977,3.765,1228.338,24600.359,2.212,3.187,942.955,3054.843,4203.77,22184.709,30528.387,77.723,90.18,13.919,210.01,1718.785,84.58,116.39,1249.026,9.269,103.326,885.188,1218.107,2.152,5.077,3441.11,5.426,113.348,2479.073,661.006,909.61,1801.521,16.818,7.323,10.37,285.387,3324.179,875.568,1204.87,2415.652,22.277,9.82,-11.23,-0.208,13.408,32.918,291.608,81.026,111.5,211.909,2.062,0.861,4.477,253.17,5907.47,7.274,10.01,4292.906,1.196,28.857,1774.454,2441.827,0.185,17.451,118.464,37.133,,23.23,22.344,26.984,,86.087,0.687,,0.35,3930.411,33852.562,10.079,252.469,3032.571,794.542,1093.37,2203.743,20.215,8.958,132.963,12.966,22.822,6.082,8.37,16.585,0.155,0.067,34.172,94.271,376.828,100.472,138.26,273.837,2.556,1.113
China,2014,CHN,1385189632.0,16220856254464.0,5.693,2.014,26.999,37.398,33.403,46.27,0.802,0.108,616.999,-0.425,-97.428,16463.236,22804.703,3034.285,4203.06,-1.604,-353.375,15651.837,21680.762,72.865,65.664,5756.9,5768.31,16.609,2.59,876.945,25072.023,2.141,0.991,302.463,3137.375,4345.86,22257.494,30830.85,75.34,88.774,9.591,164.846,1883.631,96.218,133.28,1359.836,7.692,93.701,947.024,1311.808,2.311,5.424,3559.04,16.499,391.735,2870.808,765.014,1059.69,2072.502,18.371,8.266,17.704,574.478,3898.657,1026.899,1422.45,2814.53,24.66,11.226,-11.41,-0.198,19.477,54.71,346.318,96.175,133.22,250.015,2.31,0.997,3.979,235.047,6142.517,6.873,9.52,4434.423,0.7,17.093,1775.15,2458.919,0.165,17.687,147.624,46.268,,24.601,29.16,33.402,,106.573,0.802,,0.425,4164.274,34729.508,17.529,519.769,3552.34,930.725,1289.23,2564.515,22.35,10.229,180.78,40.874,63.697,16.972,23.51,45.984,0.408,0.183,15.549,55.985,432.813,115.334,159.76,312.457,2.77,1.246
China,2015,CHN,1393715456.0,16710945996800.0,-30.024,-11.228,18.777,26.17,38.796,54.07,0.934,0.074,596.361,-2.086,-475.662,16021.233,22329.041,2903.154,4046.17,-1.876,-406.805,15264.204,21273.957,69.909,63.552,5775.36,5787.8,16.473,1.167,405.348,25209.49,2.103,0.178,54.982,3029.858,4222.76,22160.787,30885.832,72.96,87.907,3.359,63.264,1946.895,119.759,166.91,1396.91,3.421,44.88,973.433,1356.689,2.884,5.541,3451.62,5.174,130.551,3001.359,799.675,1114.52,2153.495,19.256,8.542,8.998,350.367,4249.024,1122.927,1565.04,3048.703,27.04,12.093,-12.44,-0.215,28.645,96.552,442.87,122.966,171.38,317.762,2.961,1.26,7.609,467.379,6609.896,6.945,9.68,4742.644,1.481,36.414,1790.418,2495.333,0.167,18.813,172.514,54.07,,16.863,24.89,38.796,,123.78,0.934,,0.491,4152.784,35134.855,7.025,253.815,3806.155,999.96,1393.66,2730.941,24.079,10.833,67.916,42.623,106.32,28.327,39.48,76.285,0.682,0.303,16.167,66.98,499.793,133.162,185.59,358.604,3.207,1.422
China,2016,CHN,1401889664.0,17255473610752.0,8.455,2.213,20.246,28.382,44.319,62.13,1.02,0.08,584.16,-2.926,-653.262,15461.83,21675.779,2964.82,4156.35,-7.534,-1602.725,14031.94,19671.232,68.238,61.442,6078.25,6090.97,17.265,0.408,143.422,25164.803,2.044,-0.946,-292.064,3106.521,4355.0,21823.234,30593.768,71.499,86.721,7.577,147.516,2094.411,134.304,188.28,1493.991,1.675,22.727,983.969,1379.416,3.091,5.937,3558.1,3.477,85.981,3087.34,822.654,1153.27,2202.271,18.934,8.751,10.881,435.487,4684.512,1238.307,1735.97,3341.57,28.501,13.279,-12.72,-0.209,24.391,104.759,547.629,152.066,213.18,390.636,3.5,1.552,3.233,213.683,6823.578,7.397,10.37,4867.415,-6.933,-172.996,1656.576,2322.336,0.17,19.342,198.27,62.135,,14.915,25.756,44.322,,141.43,1.02,,0.562,4344.829,35278.277,9.251,330.728,4136.883,1086.241,1522.79,2950.933,25.001,11.726,68.508,71.778,178.098,47.457,66.53,127.041,1.092,0.505,29.78,145.0,644.793,171.811,240.86,459.945,3.954,1.828
China,2017,CHN,1410275968.0,17575081672704.0,-7.495,-2.127,18.617,26.255,56.443,79.6,1.214,0.072,579.018,1.106,239.664,15539.826,21915.443,3141.25,4430.03,3.329,654.877,14412.859,20326.109,67.549,59.797,6545.21,6558.26,17.894,3.887,1371.426,25987.611,2.085,2.999,917.369,3292.334,4643.1,22343.951,31511.137,70.798,85.979,15.189,318.111,2412.522,144.085,203.2,1710.673,8.161,112.579,1057.945,1491.995,3.098,6.583,3797.35,1.023,13.236,3100.576,826.122,1165.06,2198.56,17.765,8.46,10.036,454.054,5138.565,1358.004,1915.16,3643.659,29.202,14.021,-13.05,-0.199,16.381,85.96,633.589,175.923,248.1,449.266,3.783,1.729,5.27,359.594,7183.172,6.999,9.87,5093.451,-4.096,-95.122,1579.276,2227.215,0.15,19.6,254.016,79.599,,28.107,55.746,56.442,,180.118,1.214,,0.693,4650.338,36649.703,9.164,368.094,4504.977,1182.081,1667.06,3194.394,25.419,12.292,77.068,135.402,313.5,83.53,117.8,222.297,1.796,0.855,26.463,165.836,810.629,215.986,304.6,574.802,4.645,2.212
China,2018,CHN,1417069440.0,18151620214784.0,29.635,7.781,24.019,34.036,66.144,93.73,1.316,0.089,573.827,1.993,436.703,15773.501,22352.146,3361.811,4763.92,5.052,1026.84,15068.386,21352.949,66.903,58.185,7105.38,7120.6,18.536,4.819,1766.227,27109.42,2.116,3.856,1214.932,3521.549,4990.28,23094.188,32726.068,70.082,85.189,17.688,426.738,2839.26,152.074,215.5,2003.614,8.19,122.194,1139.103,1614.188,3.026,7.391,4085.99,2.903,71.352,3171.928,846.035,1198.89,2238.371,16.837,8.257,11.483,551.297,5689.863,1503.328,2130.32,4015.232,29.918,14.811,-15.22,-0.214,18.904,115.366,748.955,208.176,295.0,528.524,4.143,1.95,4.893,351.49,7534.662,7.664,10.86,5317.073,-1.139,-25.377,1553.797,2201.838,0.153,19.613,299.108,93.725,,17.747,45.092,66.14,,211.075,1.316,,0.779,5024.877,38415.93,10.396,435.932,4940.908,1295.152,1835.32,3486.708,25.775,12.862,50.17,154.529,468.029,124.835,176.9,330.28,2.484,1.218,20.092,157.178,967.807,258.138,365.8,682.964,5.137,2.519
China,2019,CHN,1421864064.0,,-10.315,-3.511,21.468,30.525,79.283,112.73,1.511,0.076,559.998,2.55,570.09,16121.257,22922.236,3414.665,4855.19,3.754,801.49,15581.264,22154.439,65.07,57.011,7444.69,7461.49,18.558,4.661,1790.754,28277.445,,3.652,1195.115,3585.589,5098.22,23856.84,33921.184,68.327,84.367,8.612,244.508,3083.768,163.518,232.5,2168.821,9.492,153.226,1243.026,1767.414,3.116,7.67,4178.42,6.143,182.447,3354.375,894.98,1272.54,2359.139,17.055,8.343,10.601,595.639,6285.502,1662.093,2363.27,4420.607,31.673,15.633,-16.8,-0.226,18.203,133.071,882.026,245.241,348.7,620.331,4.673,2.194,5.05,380.516,7915.177,7.406,10.53,5566.761,1.217,26.796,1567.403,2228.634,0.141,19.686,359.759,112.725,,20.272,60.651,79.28,,253.019,1.511,,0.895,5247.682,40206.684,9.401,462.568,5403.476,1416.851,2014.57,3800.276,27.0,13.439,26.625,122.429,590.458,157.54,224.0,415.27,3.002,1.469,10.798,100.553,1068.36,285.048,405.3,751.38,5.432,2.657
China,2020,CHN,1424929792.0,,-25.291,-7.72,16.004,22.805,95.184,135.63,1.753,0.055,549.603,2.095,480.316,16423.652,23402.553,3453.385,4920.83,0.95,210.496,15695.465,22364.936,63.615,56.373,7718.23,7735.27,18.633,3.251,1307.129,29133.936,,2.453,831.996,3638.165,5184.13,24389.398,34753.18,67.019,83.715,9.158,282.404,3366.173,177.202,252.5,2362.343,9.77,172.678,1361.535,1940.092,3.264,8.109,4251.33,3.864,116.815,3471.19,927.561,1321.71,2436.043,17.087,8.362,7.526,475.13,6760.632,1790.362,2551.14,4744.537,32.981,16.285,-17.04,-0.221,5.019,40.863,922.889,256.995,366.2,647.673,4.734,2.223,0.875,69.275,7984.453,7.579,10.8,5603.401,1.639,36.53,1589.667,2265.164,0.14,19.233,432.86,135.626,,20.315,73.101,95.181,,303.776,1.753,,1.043,5428.527,41513.812,7.953,434.268,5837.744,1533.367,2184.94,4096.864,28.246,14.062,16.562,95.266,685.724,183.237,261.1,481.234,3.375,1.652,15.1,156.804,1225.164,327.385,466.5,859.807,6.031,2.951
China,2021,CHN,1425893504.0,,23.72,5.409,19.787,28.214,119.174,169.93,2.003,0.064,544.355,3.901,912.922,17052.799,24315.475,3744.417,5339.14,3.635,813.039,16255.053,23177.975,62.932,55.422,8466.32,8484.02,19.338,5.683,2359.258,30768.826,,4.505,1565.527,3944.187,5623.99,25470.842,36318.707,66.289,82.781,12.967,436.507,3802.679,191.178,272.6,2666.875,7.837,152.037,1467.241,2092.129,3.213,8.667,4618.32,-1.642,-69.51,3401.68,911.709,1300.0,2385.648,15.323,7.753,12.063,793.729,7554.361,2005.781,2860.03,5297.984,33.711,17.219,-17.7,-0.209,11.278,100.325,1023.213,285.786,407.5,717.594,4.803,2.332,2.707,216.101,8200.554,8.591,12.25,5751.168,2.111,47.823,1622.131,2312.986,0.144,18.692,529.584,165.926,,22.341,96.724,116.366,,371.405,1.956,,1.207,5949.967,43873.07,12.194,693.404,6531.148,1719.995,2452.53,4580.39,28.908,14.886,25.239,169.929,855.653,229.33,327.0,600.082,3.854,1.95,40.579,490.853,1716.017,459.782,655.6,1203.468,7.727,3.911
China,2022,CHN,1425887360.0,,-1.205,-0.34,19.549,27.874,120.718,172.13,1.947,0.063,531.151,1.004,244.012,17224.002,24559.486,3801.976,5421.19,10.523,2439.045,17965.668,25617.02,61.332,55.469,8821.43,8839.13,19.964,0.918,402.844,31051.48,,-0.497,-180.648,4004.72,5710.28,25344.26,36138.059,64.602,81.62,-1.2,-45.632,3757.047,193.921,276.51,2634.884,6.036,126.285,1555.813,2218.414,3.128,8.486,4694.91,0.24,-4.256,3397.424,924.491,1318.22,2382.674,14.913,7.673,8.022,583.496,8137.857,2194.318,3128.85,5707.223,35.398,18.38,-17.7,-0.201,2.528,22.037,1045.25,292.891,417.63,733.053,4.725,2.361,-4.622,-379.029,7821.524,8.823,12.58,5485.373,2.936,67.907,1669.763,2380.894,0.142,17.665,563.745,176.629,,6.451,34.161,123.873,,395.364,1.998,,1.273,6199.038,44275.914,8.926,561.459,7092.607,1901.426,2711.22,4974.17,30.673,16.019,30.8,259.46,1115.113,294.799,420.35,782.049,4.756,2.519,16.3,272.433,1988.45,561.419,800.52,1394.535,9.057,4.491
Colombia,1900,COL,4034733.0,4353822208.0,,,,,,,,,,,,,,,,,,0.0,0.0,,,,,,,,,,,,,,,,,,,,,,,,,,0.0,0.0,,,,,,,,,,,,,,,,,,,,,,,,,,,,,,,,,,,,,,0.0,0.0,,,,,,,,,,,,,,,,,,,,,,,,,,,,,,,,,,,,,,,
Colombia,1901,COL,4112556.0,4413477888.0,,,,,,,,,,,,,,,,,0.0,0.0,0.0,,,,,,,,,,,,,,,,,,,,,,,,,0.0,0.0,0.0,,,,,,,,,,,,,,,,,,,,,,,,,,,,,,,,,,,,,0.0,0.0,0.0,,,,,,,,,,,,,,,,,,,,,,,,,,,,,,,,,,,,,,,
Colombia,1902,COL,4194368.0,4486636032.0,,,,,,,,,,,,,,,,,0.0,0.0,0.0,,,,,,,,,,,,,,,,,,,,,,,,,0.0,0.0,0.0,,,,,,,,,,,,,,,,,,,,,,,,,,,,,,,,,,,,,0.0,0.0,0.0,,,,,,,,,,,,,,,,,,,,,,,,,,,,,,,,,,,,,,,
Colombia,1903,COL,4280293.0,4548536832.0,,,,,,,,,,,,,,,,,0.0,0.0,0.0,,,,,,,,,,,,,,,,,,,,,,,,,0.0,0.0,0.0,,,,,,,,,,,,,,,,,,,,,,,,,,,,,,,,,,,,,0.0,0.0,0.0,,,,,,,,,,,,,,,,,,,,,,,,,,,,,,,,,,,,,,,
Colombia,1904,COL,4367979.0,4620043776.0,,,,,,,,,,,,,,,,,0.0,0.0,0.0,,,,,,,,,,,,,,,,,,,,,,,,,0.0,0.0,0.0,,,,,,,,,,,,,,,,,,,,,,,,,,,,,,,,,,,,,0.0,0.0,0.0,,,,,,,,,,,,,,,,,,,,,,,,,,,,,,,,,,,,,,,
Colombia,1905,COL,4457462.0,4696163840.0,,,,,,,,,,,,,,,,,0.0,0.0,0.0,,,,,,,,,,,,,,,,,,,,,,,,,0.0,0.0,0.0,,,,,,,,,,,,,,,,,,,,,,,,,,,,,,,,,,,,,0.0,0.0,0.0,,,,,,,,,,,,,,,,,,,,,,,,,,,,,,,,,,,,,,,
Colombia,1906,COL,4548777.0,4827840000.0,,,,,,,,,,,,,,,,,0.0,0.0,0.0,,,,,,,,,,,,,,,,,,,,,,,,,0.0,0.0,0.0,,,,,,,,,,,,,,,,,,,,,,,,,,,,,,,,,,,,,0.0,0.0,0.0,,,,,,,,,,,,,,,,,,,,,,,,,,,,,,,,,,,,,,,
Colombia,1907,COL,4641963.0,5151876096.0,,,,,,,,,,,,,,,,,0.0,0.0,0.0,,,,,,,,,,,,,,,,,,,,,,,,,0.0,0.0,0.0,,,,,,,,,,,,,,,,,,,,,,,,,,,,,,,,,,,,,0.0,0.0,0.0,,,,,,,,,,,,,,,,,,,,,,,,,,,,,,,,,,,,,,,
Colombia,1908,COL,4737057.0,5448520192.0,,,,,,,,,,,,,,,,,0.0,0.0,0.0,,,,,,,,,,,,,,,,,,,,,,,,,0.0,0.0,0.0,,,,,,,,,,,,,,,,,,,,,,,,,,,,,,,,,,,,,0.0,0.0,0.0,,,,,,,,,,,,,,,,,,,,,,,,,,,,,,,,,,,,,,,
Colombia,1909,COL,4837936.0,5737221120.0,,,,,,,,,,,,,,,,,0.0,0.0,0.0,,,,,,,,,,,,,,,,,,,,,,,,,0.0,0.0,0.0,,,,,,,,,,,,,,,,,,,,,,,,,,,,,,,,,,,,,0.0,0.0,0.0,,,,,,,,,,,,,,,,,,,,,,,,,,,,,,,,,,,,,,,
Colombia,1910,COL,4944811.0,6073379840.0,,,,,,,,,,,,,,,,,0.0,0.0,0.0,,,,,,,,,,,,,,,,,,,,,,,,,0.0,0.0,0.0,,,,,,,,,,,,,,,,,,,,,,,,,,,,,,,,,,,,,0.0,0.0,0.0,,,,,,,,,,,,,,,,,,,,,,,,,,,,,,,,,,,,,,,
Colombia,1911,COL,5057903.0,6377220096.0,,,,,,,,,,,,,,,,,0.0,0.0,0.0,,,,,,,,,,,,,,,,,,,,,,,,,0.0,0.0,0.0,,,,,,,,,,,,,,,,,,,,,,,,,,,,,,,,,,,,,0.0,0.0,0.0,,,,,,,,,,,,,,,,,,,,,,,,,,,,,,,,,,,,,,,
Colombia,1912,COL,5177435.0,6704846848.0,,,,,,,,,,,,,,,,,0.0,0.0,0.0,,,,,,,,,,,,,,,,,,,,,,,,,0.0,0.0,0.0,,,,,,,,,,,,,,,,,,,,,,,,,,,,,,,,,,,,,0.0,0.0,0.0,,,,,,,,,,,,,,,,,,,,,,,,,,,,,,,,,,,,,,,
Colombia,1913,COL,5303643.0,6997664768.0,,,,,,,,,,,,,,,,,0.0,0.0,0.0,,,,,,,,,,,,,,,,,,,,,,,,,0.0,0.0,0.0,,,,,,,,,,,,,,,,,,,,,,,,,,,,,,,,,,,,,0.0,0.0,0.0,,,,,,,,,,,,,,,,,,,,,,,,,,,,,,,,,,,,,,,
Colombia,1914,COL,5432927.0,7312759808.0,,,,,,,,,,,,,,,,,0.0,0.0,0.0,,,,,,,,,,,,,,,,,,,,,,,,,0.0,0.0,0.0,,,,,,,,,,,,,,,,,,,,,,,,,,,,,,,,,,,,,0.0,0.0,0.0,,,,,,,,,,,,,,,,,,,,,,,,,,,,,,,,,,,,,,,
Colombia,1915,COL,5565363.0,7693475840.0,,,,,,,,,,,,,,,,,0.0,0.0,0.0,,,,,,,,,,,,,,,,,,,,,,,,,0.0,0.0,0.0,,,,,,,,,,,,,,,,,,,,,,,,,,,,,,,,,,,,,0.0,0.0,0.0,,,,,,,,,,,,,,,,,,,,,,,,,,,,,,,,,,,,,,,
Colombia,1916,COL,5701026.0,8144267776.0,,,,,,,,,,,,,,,,,0.0,0.0,0.0,,,,,,,,,,,,,,,,,,,,,,,,,0.0,0.0,0.0,,,,,,,,,,,,,,,,,,,,,,,,,,,,,,,,,,,,,0.0,0.0,0.0,,,,,,,,,,,,,,,,,,,,,,,,,,,,,,,,,,,,,,,
Colombia,1917,COL,5839997.0,8527428096.0,,,,,,,,,,,,,,,,,0.0,0.0,0.0,,,,,,,,,,,,,,,,,,,,,,,,,0.0,0.0,0.0,,,,,,,,,,,,,,,,,,,,,,,,,,,,,,,,,,,,,0.0,0.0,0.0,,,,,,,,,,,,,,,,,,,,,,,,,,,,,,,,,,,,,,,
Colombia,1918,COL,5981524.0,9061104640.0,,,,,,,,,,,,,,,,,0.0,0.0,0.0,,,,,,,,,,,,,,,,,,,,,,,,,0.0,0.0,0.0,,,,,,,,,,,,,,,,,,,,,,,,,,,,,,,,,,,,,0.0,0.0,0.0,,,,,,,,,,,,,,,,,,,,,,,,,,,,,,,,,,,,,,,
Colombia,1919,COL,6126807.0,9865224192.0,,,,,,,,,,,,,,,,,0.0,0.0,0.0,,,,,,,,,,,,,,,,,,,,,,,,,0.0,0.0,0.0,,,,,,,,,,,,,,,,,,,,,,,,,,,,,,,,,,,,,0.0,0.0,0.0,,,,,,,,,,,,,,,,,,,,,,,,,,,,,,,,,,,,,,,
Colombia,1920,COL,6275946.0,10605590528.0,,,,,,,,,,,,,,,,,0.0,0.0,0.0,,,,,,,,,,,,,,,,,,,,,,,,,0.0,0.0,0.0,,,,,,,,,,,,,,,,,,,,,,,,,,,,,,,,,,,,,0.0,0.0,0.0,,,,,,,,,,,,,,,,,,,,,,,,,,,,,,,,,,,,,,,
Colombia,1921,COL,6429040.0,11275606016.0,,,,,,,,,,,,,,,,,0.0,0.0,0.0,,,,,,,,,,,,,,,,,,,,,,,,,0.0,0.0,0.0,,,,,,,,,,,,,,,,,,,,,,,,,,,,,,,,,,,,,0.116,18.09,0.116,,,,,,,,,,,,,,,,,,,,,,,,,,,,,,,,,,,,,,,
Colombia,1922,COL,6586195.0,12103689216.0,,,,,,,,,,,,,,,,,0.0,0.0,0.0,,,,,,,,,,,,,,,,,,,,,,,,,0.0,0.0,0.0,,,,,,,,,,,,,,,,,,,,,,,,,,,,,,,,,,,,360.0,0.419,81.227,0.535,,,,,,,,,,,,,,,,,,,,,,,,,,,,,,,,,,,,,,,
Colombia,1923,COL,6747518.0,12948370432.0,,,,,,,,,,,,,,,,,0.0,0.0,0.0,,,,,,,,,,,,,,,,,,,,,,,,,0.0,0.0,0.0,,,,,,,,,,,,,,,,,,,,,,,,,,,,,,,,,,,,32.609,0.174,105.139,0.709,,,,,,,,,,,,,,,,,,,,,,,,,,,,,,,,,,,,,,,
Colombia,1924,COL,6912793.0,13763999744.0,,,,,,,,,,,,,,,,,0.0,0.0,0.0,,,,,,,,,,,,,,,,,,,,,,,,,0.0,0.0,0.0,,,,,,,,,,,,,,,,,,,,,,,,,,,,,,,,,,,,4.918,0.035,107.673,0.744,,,,,,,,,,,,,,,,,,,,,,,,,,,,,,,,,,,,,,,
Colombia,1925,COL,7082116.0,14122000384.0,,,,,,,,,,,,,,,,,0.0,0.0,0.0,,,,,,,,,,,,,,,,,,,,,,,,,0.0,0.0,0.0,,,,,,,,,,,,,,,,,,,,,,,,,,,,,,,,,,,,125.0,0.93,236.472,1.675,,,,,,,,,,,,,,,,,,,,,,,,,,,,,,,,,,,,,,,
Colombia,1926,COL,7255586.0,15471047680.0,,,,,,,,,,,,,,,,,0.0,0.0,0.0,,,,,,,,,,,,,,,,,,,,,,,,,0.0,0.0,0.0,,,,,,,,,,,,,,,,,,,,,,,,,,,,,,,,,,,,538.889,9.025,1474.671,10.7,,,,,,,,,,,,,,,,,,,,,,,,,,,,,,,,,,,,,,,
Colombia,1927,COL,7433305.0,16868370432.0,,,,,,,,,,,,,,,,,0.0,0.0,0.0,,,,,,,,,,,,,,,,,,,,,,,,,0.0,0.0,0.0,,,,,,,,,,,,,,,,,,,,,,,,,,,,,,,,,,,,133.043,14.235,3354.459,24.935,,,,,,,,,,,,,,,,,,,,,,,,,,,,,,,,,,,,,,,
Colombia,1928,COL,7615377.0,18107000832.0,,,,,,,,,,,,,,,,,0.814,106.902,0.814,,,,,,,,,,,,,,,,,,,,,,,,,0.0,0.0,0.0,,,,,,,,,,,,,,,,,,,,,,,,,,,,,,,,,,,,32.509,8.106,4338.699,33.041,,,,,,,,,,,,,,,,,,,,,,,,,,,,,,,,,,,,,,,
Colombia,1929,COL,7786555.0,18762579968.0,,,,,,,,,,,,,,,,0.0,0.0,104.552,0.814,,,,,,,,,,,,,,,,,,,,,,,,,0.0,0.0,0.0,,,,,,,,,,,,,,,,,,,,,,,,,,,,,,,,,,,,2.464,0.814,4347.87,33.855,,,,,,,,,,,,,,,,,,,,,,,,,,,,,,,,,,,,,,,
Colombia,1930,COL,7946343.0,18597900288.0,,,,,,,,,,,,,,,,0.0,0.0,102.45,0.814,,,,,,,,,,,,,,,,,,,,,,,,,0.0,0.0,0.0,,,,,,,,,,,,,,,,,,,,,,,,,,,,,,,,,,,,-4.431,-1.5,4071.642,32.355,,,,,,,,,,,,,,,,,,,,,,,,,,,,,,,,,,,,,,,
Colombia,1931,COL,8094230.0,18484772864.0,,,,,,,,,,,,,,,,-100.0,-0.814,0.0,0.0,,,,,,,,,,,,,,,,,,,,,,,,,0.0,0.0,0.0,,,,,,,,,,,,,,,,,,,,,,,,,,,,,,,,,,,,-10.712,-3.466,3569.076,28.889,,,,,,,,,,,,,,,,,,,,,,,,,,,,,,,,,,,,,,,
Colombia,1932,COL,8229689.0,19522535424.0,,,,,,,,,,,,,,,,,0.0,0.0,0.0,,,,,,,,,,,,,,,,,,,,,,,,,0.0,0.0,0.0,,,,,,,,,,,,,,,,,,,,,,,,,,,,,,,,,,,,-9.944,-2.873,3161.275,26.016,,,,,,,,,,,,,,,,,,,,,,,,,,,,,,,,,,,,,,,
Colombia,1933,COL,8352177.0,20617314304.0,,,,,,,,,,,,,,,,,0.733,87.724,0.733,,,,,,,,,,,,,,,,,,,,,,,,,0.0,0.0,0.0,,,,,,,,,,,,,,,,,,,,,,,,,,,,,,,,,,,,-19.893,-5.175,2495.273,20.841,,,,,,,,,,,,,,,,,,,,,,,,,,,,,,,,,,,,,,,
Colombia,1934,COL,8476488.0,20183166976.0,,,,,,,,,,,,,,,,178.889,1.311,241.066,2.043,,,,,,,,,,,,,,,,,,,,,,,,,0.0,0.0,0.0,,,,,,,,,,,,,,,,,,,,,,,,,,,,,,,,,,,,31.808,6.629,3240.736,27.47,,,,,,,,,,,,,,,,,,,,,,,,,,,,,,,,,,,,,,,
Colombia,1935,COL,8602649.0,22447853568.0,,,,,,,,,,,,,,,,50.598,1.034,357.715,3.077,,,,,,,,,,,,,,,,,,,,,,,,,0.0,0.0,0.0,,,,,,,,,,,,,,,,,,,,,,,,,,,,,,,,,,,,1.693,0.465,3247.286,27.935,,,,,,,,,,,,,,,,,,,,,,,,,,,,,,,,,,,,,,,
Colombia,1936,COL,8730688.0,23624439808.0,,,,,,,,,,,,,,,,3.968,0.122,366.456,3.199,,,,,,,,,,,,,,,,,,,,,,,,,0.0,0.0,0.0,,,,,,,,,,,,,,,,,,,,,,,,,,,,,,,,,,,,7.244,2.024,3431.445,29.959,,,,,,,,,,,,,,,,,,,,,,,,,,,,,,,,,,,,,,,
Colombia,1937,COL,8860633.0,23999809536.0,,,,,,,,,,,,,,,,-13.995,-0.448,310.549,2.752,,,,,,,,,,,,,,,,,,,,,,,,,6.418,724.279,6.418,,,,,,,,,,,,,,,,,,,,,,,,,,,,,,,,,,,,8.967,2.687,3684.32,32.645,,,,,,,,,,,,,,,,,,,,,,,,,,,,,,,,,,,,,,,
Colombia,1938,COL,8992512.0,25566476288.0,,,,,,,,,,,,,,,,-2.071,-0.057,299.657,2.695,,,,,,,,,,,,,,,,,,,,,,,,2.37,0.152,730.572,6.57,,,,,,,,,,,,,,,,,,,,,,,,,,,,,,,,,,,,6.306,2.059,3859.202,34.704,,,,,,,,,,,,,,,,,,,,,,,,,,,,,,,,,,,,,,,
Colombia,1939,COL,9142620.0,27135594496.0,,,,,,,,,,,,,,,,5.438,0.147,310.765,2.841,,,,,,,,,,,,,,,,,,,,,,,,2.315,0.152,735.213,6.722,,,,,,,,,,,,,,,,,,,,,,,,,,,,,,,,,,,,10.59,3.675,4197.812,38.379,,,,,,,,,,,,,,,,,,,,,,,,,,,,,,,,,,,,,,,
Colombia,1940,COL,9311615.0,27714654208.0,,,,,,,,,,,,,,,,49.57,1.408,456.376,4.25,,,,,,,,,,,,,,,,,,,,,,,,2.263,0.152,738.205,6.874,,,,,,,,,,,,,,,,,,,,,,,,,,,,,,,,,,,,7.121,2.733,4415.136,41.112,,,,,,,,,,,,,,,,,,,,,,,,,,,,,,,,,,,,,,,
Colombia,1941,COL,9500171.0,28181647360.0,,,,,,,,,,,,,,,,-22.989,-0.977,344.487,3.273,,,,,,,,,,,,,,,,,,,,,,,,2.213,0.152,739.563,7.026,,,,,,,,,,,,,,,,,,,,,,,,,,,,,,,,,,,,-3.593,-1.477,4172.034,39.635,,,,,,,,,,,,,,,,,,,,,,,,,,,,,,,,,,,,,,,
Colombia,1942,COL,9708983.0,28239319040.0,,,,,,,,,,,,,,,,43.781,1.433,484.654,4.705,,,,,,,,,,,,,,,,,,,,,,,,2.165,0.152,739.324,7.178,,,,,,,,,,,,,,,,,,,,,,,,,,,,,,,,,,,,-57.013,-22.597,1754.865,17.038,,,,,,,,,,,,,,,,,,,,,,,,,,,,,,,,,,,,,,,
Colombia,1943,COL,9938765.0,28360079360.0,,,,,,,,,,,,,,,,-16.436,-0.773,395.633,3.932,,,,,,,,,,,,,,,,,,,,,,,,2.119,0.152,737.534,7.33,,,,,,,,,,,,,,,,,,,,,,,,,,,,,,,,,,,,26.485,4.512,2168.317,21.55,,,,,,,,,,,,,,,,,,,,,,,,,,,,,,,,,,,,,,,
Colombia,1944,COL,10173986.0,30282119168.0,,,,,,,,,,,,,,,,6.832,0.269,412.892,4.201,,,,,,,,,,,,,,,,,,,,,,,,2.075,0.152,735.433,7.482,,,,,,,,,,,,,,,,,,,,,,,,,,,,,,,,,,,,69.077,14.886,3581.368,36.437,,,,,,,,,,,,,,,,,,,,,,,,,,,,,,,,,,,,,,,
Colombia,1945,COL,10414773.0,31689662464.0,,,,,,,,,,,,,,,,3.682,0.155,418.198,4.355,,,,,,,,,,,,,,,,,,,,,,,,2.033,0.152,733.034,7.634,,,,,,,,,,,,,,,,,,,,,,,,,,,,,,,,,,,,0.766,0.279,3525.368,36.716,,,,,,,,,,,,,,,,,,,,,,,,,,,,,,,,,,,,,,,
Colombia,1946,COL,10661259.0,34558033920.0,,,,,,,,,,,,,,,,3.551,0.155,423.038,4.51,,,,,,,,,,,,,,,,,,,,,,,,1.992,0.152,730.353,7.786,,,,,,,,,,,,,,,,,,,,,,,,,,,,,,,,,,,,-1.742,-0.64,3383.865,36.076,,,,,,,,,,,,,,,,,,,,,,,,,,,,,,,,,,,,,,,
Colombia,1947,COL,10913579.0,35922178048.0,,,,,,,,,,,,,,,,-8.664,-0.391,377.451,4.119,,,,,,,,,,,,,,,,,,,,,,,,-9.194,-0.716,647.875,7.071,,,,,,,,,,,,,,,,,,,,,,,,,,,,,,,,,,,,11.38,4.105,3681.803,40.182,,,,,,,,,,,,,,,,,,,,,,,,,,,,,,,,,,,,,,,
Colombia,1948,COL,11171870.0,37032976384.0,,,,,,,,,,,,,,,,1.581,0.065,374.554,4.184,,,,,,,,,,,,,,,,,,,,,,,,-38.011,-2.688,392.328,4.383,,,,,,,,,,,,,,,,,,,,,,,,,,,,,,,,,,,,-4.747,-1.907,3425.956,38.274,,,,,,,,,,,,,,,,,,,,,,,,,,,,,,,,,,,,,,,
Colombia,1949,COL,11456827.0,39081963520.0,,,,,,,,,,,,,,,,1.362,0.057,370.213,4.241,,,,,,,,,,,,,,,,,,,,,,,,41.547,1.821,541.517,6.204,,,,,,,,,,,,,,,,,,,,,,,,,,,,,,,,,,,,24.916,9.537,4173.139,47.811,,,,,,,,,,,,,,,,,,,,,,,,,,,,,,,,,,,,,,,
Colombia,1950,COL,11769747.0,39782572032.0,,,,,,,,,,,,,,,,93.858,3.981,698.606,8.222,,,,,,,,,,,,,,,,,,,,,,,,3.239,0.201,544.193,6.405,,,,,,,,,,,,,,,,,,,,,,,,,,,,,,,,,,,,14.595,6.978,4655.064,54.789,,,,,,,,,,,,,,,,,,,,,,,,,,,,,,,,,,,,,,,
Colombia,1951,COL,12087061.0,41004056576.0,,,,,,,,,,,,,,,,10.396,0.855,750.986,9.077,,,,,,,,,,,,,,,,,,,,,,,,-4.118,-0.264,508.087,6.141,,,,,,,,,,,,,,,,,,,,,,,,,,,,,,,,,,,,12.736,6.978,5110.169,61.767,,,,,,,,,,,,,,,,,,,,,,,,,,,,,,,,,,,,,,,
Colombia,1952,COL,12419969.0,43585871872.0,,,,,,,,,,,,,,,,-13.363,-1.213,633.19,7.864,,,,,,,,,,,,,,,,,,,,,,,,-58.282,-3.579,206.281,2.562,,,,,,,,,,,,,,,,,,,,,,,,,,,,,,,,,,,,0.791,0.488,5012.524,62.255,,,,,,,,,,,,,,,,,,,,,,,,,,,,,,,,,,,,,,,
Colombia,1953,COL,12767245.0,46268366848.0,,,,,,,,,,,,,,,,27.329,2.149,784.306,10.013,,,,,,,,,,,,,,,,,,,,,,,,137.255,3.516,476.1,6.078,,,,,,,,,,,,,,,,,,,,,,,,,,,,,,,,,,,,1.887,1.175,4968.184,63.43,,,,,,,,,,,,,,,,,,,,,,,,,,,,,,,,,,,,,,,
Colombia,1954,COL,13130655.0,49475969024.0,,,,,,,,,,,,,,,,21.951,2.198,929.999,12.212,,,,,,,,,,,,,,,,,,,,,,,,12.603,0.766,521.267,6.845,,,,,,,,,,,,,,,,,,,,,,,,,,,,,,,,,,,,1.393,0.884,4897.997,64.314,,,,,,,,,,,,,,,,,,,,,,,,,,,,,,,,,,,,,,,
Colombia,1955,COL,13512614.0,51404935168.0,,,,,,,,,,,,,,,,23.333,2.849,1114.577,15.061,,,,,,,,,,,,,,,,,,,,,,,,-1.101,-0.075,500.956,6.769,,,,,,,,,,,,,,,,,,,,,,,,,,,,,,,,,,,,-0.669,-0.43,4727.7,63.884,,,,,,,,,,,,,,,,,,,,,,,,,,,,,,,,,,,,,,,
Colombia,1956,COL,13911411.0,53465743360.0,,,,,,,,,,,,,,,,8.108,1.221,1170.406,16.282,,,,,,,,,,,,,,,,,,,,,,,,15.213,1.03,560.622,7.799,,,,,,,,,,,,,,,,,,,,,,,,,,,,,,,,,,,,11.123,7.106,5102.97,70.99,,,,,,,,,,,,,,,,,,,,,,,,,,,,,,,,,,,,,,,
Colombia,1957,COL,14329364.0,55423410176.0,,,,,,,,,,,,,,,,0.0,0.0,1136.268,16.282,,,,,,,,,,,,,,,,,,,,,,,,1.932,0.151,554.787,7.95,,,,,,,,,,,,,,,,,,,,,,,,,,,,,,,,,,,,3.653,2.593,5135.12,73.583,,,,,,,,,,,,,,,,,,,,,,,,,,,,,,,,,,,,,,,
Colombia,1958,COL,14760804.0,56811536384.0,,,,,,,,,,,,,,,,22.0,3.582,1345.729,19.864,,,,,,,,,,,,,,,,,,,,,,,,25.434,2.022,675.554,9.972,,,,,,,,,,,,,,,,,,,,,,,,,,,,,,,,,,,,0.237,0.174,4996.846,73.757,,,,,,,,,,,,,,,,,,,,,,,,,,,,,,,,,,,,,,,
Colombia,1959,COL,15211086.0,60891009024.0,,,,,,,,,,,,,,,,1.639,0.326,1327.3,20.19,,,,,,,,,,,,,,,,,,,,,,,,-51.134,-5.099,320.348,4.873,,,,,,,,,,,,,,,,,,,,,,,,,,,,,,,,,,,,14.491,10.688,5551.571,84.445,,,,,,,,,,,,,,,,,,,,,,,,,,,,,,,,,,,,,,,
Colombia,1960,COL,15687692.0,63491854336.0,,,,,,,,,,,,,,,,4.839,0.977,1349.249,21.167,,,,,,,,,,,,,,,,,,,,,,,,4.124,0.201,323.424,5.074,,,,,,,,,,,,,,,,,,,,,,,,,,,,,,,,,,,,4.448,3.756,5622.364,88.202,,,,,,,,,,,,,,,,,,,,,,,,,,,,,,,,,,,,,,,
Colombia,1961,COL,16182421.0,66711826432.0,,,,,,,,,,,,,,,,7.692,1.628,1408.615,22.795,,,,,,,,,,,,,,,,,,,,,,,,3.218,0.163,323.625,5.237,,,,,,,,,,,,,,,,,,,,,,,,,,,,,,,,,,,,-4.562,-4.024,5201.814,84.178,,,,,,,,,,,,,,,,,,,,,,,,,,,,,,,,,,,,,,,
Colombia,1962,COL,16691286.0,70335873024.0,,,,,,,,,,,,,,,,7.143,1.628,1463.219,24.423,,,,,,,,,,,,,,,,,,,,,,,,41.966,2.198,445.432,7.435,,,,,,,,,,,,,,,,,,,,,,,,,,,,,,,,,,,,-2.473,-2.082,4918.505,82.096,,,,,,,,,,,,,,,,,,,,,,,,,,,,,,,,,,,,,,,
Colombia,1963,COL,17210954.0,72640512000.0,,,,,,,,,,,,,,,,6.667,1.628,1513.641,26.051,,,,,,,,,,,,,,,,,,,,,,,,18.581,1.381,512.25,8.816,,,,,,,,,,,,,,,,,,,,,,,,,,,,,,,,,,,,16.56,13.595,5559.927,95.692,,,,,,,,,,,,,,,,,,,,,,,,,,,,,,,,,,,,,,,
Colombia,1964,COL,17739760.0,77135757312.0,,,,,,,,,,,,,,,,-6.25,-1.628,1376.738,24.423,,,,,,,,,,,,,,,,,,,,,,,,18.803,1.658,590.43,10.474,,,,,,,,,,,,,,,,,,,,,,,,,,,,,,,,,,,,4.485,4.291,5636.103,99.983,,,,,,,,,,,,,,,,,,,,,,,,,,,,,,,,,,,,,,,
Colombia,1965,COL,18275818.0,79917506560.0,,,,,,,,,,,,1281.629,23.423,,,2.4,0.586,1368.429,25.009,,23.981,,,,,,5344.405,1.222,,,,,4771.001,87.194,,89.271,,,8.951,,,489.786,8.633,0.904,622.589,11.378,,9.164,,,,10.479,193.915,3.544,573.404,,10.729,,,10.479,0.0,0.0,573.404,,10.729,,,,,0.0,0.0,0.0,0.0,,0.0,,,54.82,,,2999.586,23.933,23.929,6780.127,123.912,,56.126,,,,,,,,,,,,,97.673,,,10.479,,,573.404,,10.729,,,,,,,,,,,,,,,,
Colombia,1966,COL,18811410.0,84161191936.0,,,,,,,,,,0.0,0.0,1245.139,23.423,,,-18.62,-4.657,1081.923,20.353,,21.308,,,,12.546,12.254,5843.646,1.306,12.72,11.091,,,5224.75,98.285,,89.409,4.301,0.385,9.336,,,496.308,21.302,2.424,733.713,13.802,,8.493,,11.097,1.163,11.642,209.3,3.937,618.896,,10.591,11.097,1.163,11.642,0.0,0.0,618.896,,10.591,,,,0.0,0.0,0.0,0.0,0.0,,0.0,19.529,10.706,65.526,,,3483.303,-1.977,-2.45,6456.835,121.462,,59.608,,,,,,,,,,,,,109.927,11.097,1.163,11.642,,,618.896,,10.591,,,,,,,,,,,,,,,,
Colombia,1967,COL,19343968.0,87712751616.0,,,,,,,,,,9.732,2.279,1328.698,25.702,,,24.0,4.885,1304.65,25.237,,22.184,,,,5.398,5.934,5989.518,1.321,4.677,4.597,,,5318.561,102.882,,88.798,23.711,2.214,11.55,,,597.085,4.732,0.653,747.274,14.455,,9.969,,11.481,1.337,12.979,226.906,4.389,670.957,,11.202,11.481,1.337,12.979,0.0,0.0,670.957,,11.202,,,,0.0,0.0,0.0,0.0,0.0,,0.0,0.159,0.104,65.63,,,3392.777,-3.53,-4.288,6057.41,117.174,,56.645,,,,,,,,,,,,,115.861,11.481,1.337,12.979,,,670.957,,11.202,,,,,,,,,,,,,,,,
Colombia,1968,COL,19872508.0,93093543936.0,,,,,,,,,,-8.914,-2.291,1178.069,23.411,,,0.0,0.0,1269.95,25.237,,19.463,,,,3.819,4.424,6052.85,1.292,2.858,2.941,,,5325.077,105.823,,87.976,1.917,0.221,11.771,,,592.345,5.387,0.779,766.581,15.234,,9.786,,11.432,1.484,14.463,246.119,4.891,727.773,,12.024,11.432,1.484,14.463,0.0,0.0,727.773,,12.024,,,,0.0,0.0,0.0,0.0,0.0,,0.0,7.634,5.01,70.64,,,3554.663,-8.113,-9.507,5417.926,107.668,,58.727,,,,,,,,,,,,,120.285,11.432,1.484,14.463,,,727.773,,12.024,,,,,,,,,,,,,,,,
Colombia,1969,COL,20392264.0,99003203584.0,,,,,,,,,,6.756,1.582,1225.605,24.993,,,7.0,1.767,1324.213,27.004,,20.523,,,,1.245,1.497,5971.997,1.23,-0.114,-0.12,,,5183.461,105.702,,86.796,9.199,1.083,12.854,,,630.346,10.305,1.57,824.025,16.804,,10.555,,11.183,1.617,16.08,266.668,5.438,788.536,,13.204,11.183,1.617,16.08,0.0,0.0,788.536,,13.204,,,,0.0,0.0,0.0,0.0,0.0,,0.0,-3.942,-2.785,67.855,,,3327.509,21.346,22.983,6406.86,130.65,,55.719,,,,,,,,,,,,,121.783,11.183,1.617,16.08,,,788.536,,13.204,,,,,,,,,,,,,,,,
Colombia,1970,COL,20905256.0,105691070464.0,,,,,,,,,,4.374,1.093,1247.824,26.086,,,-31.625,-8.54,883.213,18.464,,19.55,,,,9.567,11.65,6382.745,1.262,9.302,9.833,,,5526.602,115.535,,86.587,-2.808,-0.361,12.493,,,597.613,-25.652,-4.31,597.613,12.493,,9.363,,11.305,1.818,17.898,289.532,6.053,856.143,,13.413,11.305,1.818,17.898,0.0,0.0,856.143,,13.413,,,,0.0,0.0,0.0,0.0,0.0,,0.0,13.411,9.1,76.956,,,3681.165,4.682,6.118,6542.275,136.768,,57.674,,,,,,,,,,,,,133.433,11.305,1.818,17.898,,,856.143,,13.413,,,,,,,,,,,,,,,,
Colombia,1971,COL,21405412.0,111964217344.0,,,,,,,,,,-22.233,-5.8,947.718,20.286,,,11.993,2.214,966.024,20.678,,15.367,,,,-1.064,-1.42,6167.264,1.179,-2.178,-2.516,,,5279.92,113.019,,85.612,4.092,0.511,13.004,,,607.533,4.092,0.511,607.533,13.004,,9.851,,6.124,1.096,18.994,300.083,6.423,887.343,,14.388,6.124,1.096,18.994,0.0,0.0,887.343,,14.388,,,,0.0,0.0,0.0,0.0,0.0,,0.0,3.603,2.772,79.728,,,3724.669,-0.715,-0.978,6343.697,135.789,,60.394,,,,,,,,,,,,,132.013,6.124,1.096,18.994,,,887.343,,14.388,,,,,,,,,,,,,,,,
Colombia,1972,COL,21898060.0,120559378432.0,,,,,,,,,,3.9,0.791,962.527,21.077,,,3.583,0.741,978.122,21.419,,13.849,,,,15.287,20.181,6950.084,1.262,16.046,18.135,,,5989.312,131.154,,86.176,22.152,2.881,15.885,,,725.418,22.154,2.881,725.43,15.885,,10.438,,10.767,2.045,21.039,324.916,7.115,960.772,,13.824,10.767,2.045,21.039,0.0,0.0,960.772,,13.824,,,,0.0,0.0,0.0,0.0,0.0,,0.0,18.141,14.464,94.192,,,4301.367,-9.407,-12.774,5617.642,123.015,,61.889,,,,,,,,,,,,,152.193,10.767,2.045,21.039,,,960.772,,13.824,,,,,,,,,,,,,,,,
Colombia,1973,COL,22396324.0,128657104896.0,,,,,,,,,,1.84,0.388,958.431,21.465,,,15.849,3.395,1107.939,24.814,,14.583,,,,-3.283,-4.997,6572.35,1.144,-5.227,-6.855,,,5549.995,124.299,,84.445,3.618,0.575,16.46,,,734.942,3.617,0.575,734.942,16.46,,11.182,,8.831,1.858,22.897,345.742,7.743,1022.355,,15.555,8.831,1.858,22.897,0.0,0.0,1022.355,,15.555,,,,0.0,0.0,0.0,0.0,0.0,,0.0,-8.299,-7.817,86.374,,,3856.622,-5.951,-7.321,5165.791,115.695,,58.679,,,,,,,,,,,,,147.196,8.831,1.858,22.897,,,1022.355,,15.555,,,,,,,,,,,,,,,,
Colombia,1974,COL,22897878.0,136089665536.0,,,,,,,,,,20.927,4.492,1133.615,25.957,,,7.152,1.775,1161.178,26.589,,15.764,,,,11.864,17.464,7191.074,1.21,11.555,14.363,,,6055.683,138.662,,84.211,4.045,0.666,17.126,,,747.919,4.043,0.666,747.908,17.125,,10.401,,13.543,3.101,25.998,383.969,8.792,1135.391,,15.789,13.543,3.101,25.998,0.0,0.0,1135.391,,15.789,,,,0.0,0.0,0.0,0.0,0.0,,0.0,10.657,9.205,95.579,,,4174.149,-8.788,-10.167,4608.638,105.528,,58.046,0.0,0.0,,,,0.0,,0.0,,,0.0,,164.66,13.543,3.101,25.998,,,1135.391,,15.789,,,,,,,,,,,,,,,,
Colombia,1975,COL,23403732.0,139249500160.0,,,0.0,0.0,,,,0.0,,1.646,0.427,1127.366,26.385,,,5.542,1.474,1199.041,28.062,,16.953,,,,-5.481,-9.025,6650.001,1.118,-8.949,-12.409,,,5394.577,126.253,,81.121,-5.743,-0.983,16.142,,,689.73,-12.903,-2.21,637.324,14.916,,10.372,,10.694,2.78,28.778,415.844,9.732,1229.646,,18.491,12.844,3.384,29.382,0.0,0.0,1255.425,,18.879,,,,0.0,0.0,0.0,0.0,0.0,,0.0,-12.401,-11.853,83.726,,,3577.481,-6.33,-6.679,4223.625,98.849,,53.797,0.603,0.189,,,0.603,8.076,,25.779,,,0.388,,155.635,12.844,3.384,29.382,,,1255.425,,18.879,,,,,,,,,,,,,,,,
Colombia,1976,COL,23913004.0,145807687680.0,,0.0,0.0,0.0,,,,0.0,,-2.194,-0.579,1079.15,25.806,,,5.019,1.408,1232.401,29.47,,15.904,,,,4.255,6.623,6785.33,1.113,4.055,5.12,,,5493.806,131.373,,80.966,6.581,1.062,17.205,,,719.462,1.557,0.232,633.463,15.148,,10.603,,5.077,1.461,30.239,427.651,10.226,1264.559,,18.637,5.111,1.503,30.884,0.0,0.0,1291.525,,19.034,,,,0.0,0.0,0.0,0.0,0.0,,0.0,5.538,4.637,88.363,,,3695.194,-6.561,-6.486,3862.456,92.363,,54.459,0.645,0.202,,6.878,0.041,8.447,,26.965,,,0.397,,162.258,5.111,1.503,30.884,,,1291.525,,19.034,,,,,,,,,,,,,,,,
Colombia,1977,COL,24443926.0,151869472768.0,,0.0,0.0,0.0,,,,0.0,,2.515,0.649,1082.258,26.455,,,16.133,4.754,1400.134,34.225,,15.779,,,,3.326,5.396,6858.704,1.104,3.624,4.761,,,5569.271,136.135,,81.2,11.917,2.05,19.255,,,787.711,13.38,2.027,702.618,17.175,,11.485,,2.204,0.666,30.906,427.583,10.452,1264.359,,18.434,2.065,0.635,31.519,0.0,0.0,1289.433,,18.8,,,,0.0,0.0,0.0,0.0,0.0,,0.0,2.334,2.062,90.425,,,3699.302,-5.975,-5.519,3552.794,86.844,,53.936,0.613,0.192,,-4.95,-0.032,7.855,,25.074,,,0.366,,167.654,2.065,0.635,31.519,,,1289.433,,18.8,,,,,,,,,,,,,,,,
Colombia,1978,COL,25003606.0,164779720704.0,,0.0,0.0,0.0,,,,0.0,,1.074,0.284,1069.398,26.739,,,13.083,4.478,1547.869,38.702,,15.176,,,,5.09,8.533,7046.456,1.069,2.717,3.699,,,5592.558,139.834,,79.367,23.869,4.596,23.851,,,953.892,32.801,5.633,912.198,22.808,,13.537,,15.496,4.789,35.695,482.788,12.071,1427.599,,20.26,15.348,4.834,36.353,0.0,0.0,1453.899,,20.633,,,,0.0,0.0,0.0,0.0,0.0,,0.0,-1.306,-1.181,89.245,,,3569.267,-4.937,-4.288,3301.78,82.556,,50.653,0.658,0.206,,7.292,0.045,8.239,,26.3,,,0.373,,176.187,15.348,4.834,36.353,,,1453.899,,20.633,,,,,,,,,,,,,,,,
Colombia,1979,COL,25579328.0,173587382272.0,,0.0,0.0,0.0,,,,0.0,,0.872,0.233,1054.445,26.972,,,2.756,1.066,1554.724,39.769,,14.712,,,,4.053,7.142,7167.057,1.056,2.573,3.597,,,5607.315,143.431,,78.237,7.844,1.871,25.722,,,1005.558,14.239,3.248,1018.635,26.056,,14.03,,9.84,3.512,39.208,518.36,13.259,1532.785,,21.387,9.757,3.544,39.897,0.0,0.0,1559.741,,21.763,,,,0.0,0.0,0.0,0.0,0.0,,0.0,1.673,1.493,90.738,,,3547.312,-5.936,-4.9,3035.89,77.656,,49.495,0.69,0.216,,4.854,0.032,8.444,,26.956,,,0.376,,183.328,9.757,3.544,39.897,,,1559.741,,21.763,,,,,,,,,,,,,,,,
Colombia,1980,COL,26176206.0,180717961216.0,,0.0,0.0,0.0,,,,0.0,,4.876,1.315,1080.642,28.287,,,-22.218,-8.836,1181.714,30.933,,14.831,,,,4.04,7.406,7286.557,1.055,2.69,3.859,,,5626.87,147.29,,77.223,10.303,2.65,28.372,,,1083.866,6.865,1.789,1063.743,27.845,,14.875,,8.958,3.512,42.72,551.914,14.447,1632.004,,22.397,8.896,3.547,43.444,0.0,0.0,1659.687,,22.777,,,,0.0,0.0,0.0,0.0,0.0,,0.0,-0.117,-0.106,90.631,,,3462.361,1.856,1.441,3021.723,79.097,,47.517,0.725,0.227,,5.093,0.035,8.672,,27.683,,,0.38,,190.734,8.896,3.547,43.444,,,1659.687,,22.777,,,,,,,,,,,,,,,,
Colombia,1981,COL,26785992.0,184572133376.0,,0.0,0.0,0.0,,,,0.0,,1.884,0.533,1075.936,28.82,,,3.52,1.089,1195.467,32.022,,14.898,,,,1.422,2.712,7221.912,1.048,2.238,3.297,,,5621.852,150.587,,77.844,7.976,2.263,30.635,,,1143.676,9.604,2.674,1139.364,30.519,,15.836,,-1.258,-0.537,42.182,532.567,14.265,1574.795,,21.806,-1.34,-0.585,42.859,0.0,0.0,1600.06,,22.156,,,,0.0,0.0,0.0,0.0,0.0,,0.0,0.553,0.501,91.132,,,3402.24,6.697,5.297,3150.678,84.394,,47.11,0.677,0.212,,-6.608,-0.048,7.915,,25.265,,,0.35,,193.446,-1.34,-0.585,42.859,,,1600.06,,22.156,,,,,,,,,,,,,,,,
Colombia,1982,COL,27405200.0,186378551296.0,,0.0,0.0,0.0,,,,0.0,,4.123,1.188,1094.984,30.008,,,10.806,3.46,1294.718,35.482,,15.077,,,,2.891,5.592,7262.792,1.068,1.762,2.654,,,5591.665,153.241,,76.991,7.824,2.397,33.031,,,1205.291,6.609,2.017,1187.22,32.536,,16.595,,6.822,2.878,45.06,556.045,15.239,1644.22,,22.639,6.853,2.938,45.798,0.0,0.0,1671.128,,23.009,,,,0.0,0.0,0.0,0.0,0.0,,0.0,-1.022,-0.931,90.201,,,3291.389,5.373,4.534,3244.949,88.928,,45.319,0.737,0.231,,8.962,0.061,8.429,,26.907,,,0.37,,199.038,6.853,2.938,45.798,,,1671.128,,23.009,,,,,,,,,,,,,,,,
Colombia,1983,COL,28042326.0,189368025088.0,,0.0,0.0,0.0,,,,0.0,,10.218,3.066,1179.45,33.075,,,14.284,5.068,1446.043,40.55,,15.778,,,,5.316,10.581,7475.116,1.107,6.653,10.196,,,5828.198,163.436,,77.968,10.682,3.528,36.56,,,1303.735,9.864,3.21,1274.698,35.746,,17.441,,0.835,0.376,45.436,547.949,15.366,1620.28,,21.676,0.842,0.386,46.183,0.0,0.0,1646.918,,22.032,,,,0.0,0.0,0.0,0.0,0.0,,0.0,3.992,3.601,93.802,,,3345.013,7.3,6.491,3402.709,95.42,,44.749,0.747,0.234,,1.299,0.01,8.345,,26.637,,,0.356,,209.62,0.842,0.386,46.183,,,1646.918,,22.032,,,,,,,,,,,,,,,,
Colombia,1984,COL,28689038.0,196136140800.0,,0.0,0.0,0.0,,,,0.0,,4.11,1.359,1200.244,34.434,,,31.343,12.71,1856.456,53.26,,16.213,,,,1.316,2.759,7402.779,1.083,-1.563,-2.555,,,5607.756,160.881,,75.752,-0.695,-0.254,36.306,,,1265.492,1.665,0.595,1266.712,36.341,,17.095,,11.548,5.247,50.683,597.448,17.14,1766.648,,23.865,11.509,5.314,51.497,0.0,0.0,1795.022,,24.248,,,,0.0,0.0,0.0,0.0,0.0,,0.0,-3.902,-3.66,90.142,,,3142.021,9.93,9.475,3656.264,104.895,,42.444,0.814,0.255,,8.974,0.067,8.888,,28.374,,,0.383,,212.379,11.509,5.314,51.497,,,1795.022,,24.248,,,,,,,,,,,,,,,,
Colombia,1985,COL,29326256.0,202554130432.0,,0.0,0.0,0.0,,,,0.0,,3.139,1.081,1211.022,35.515,,,35.212,18.754,2455.604,72.014,,16.183,,29.375,13.385,3.331,7.075,7483.166,1.083,1.983,3.191,,,5594.705,164.072,,74.764,0.348,0.126,36.432,,,1242.308,2.0,0.727,1263.97,37.067,,16.601,,7.588,3.846,54.529,628.814,18.441,1859.397,62.778,24.848,7.545,3.884,55.381,0.0,0.0,1888.461,0.0,25.236,,,,0.0,0.0,0.0,0.0,0.0,0.0,0.0,2.2,1.983,92.125,,,3141.375,5.566,5.839,3775.919,110.734,,41.979,0.852,0.267,,4.706,0.038,9.104,,29.063,0.909,,0.388,1001.651,219.453,7.545,3.884,55.381,,,1888.461,,25.236,,,,,,,,,,,,,,,,
Colombia,1986,COL,29960106.0,214958407680.0,,0.0,0.0,0.0,,,,0.0,,-1.257,-0.446,1170.504,35.068,,,19.646,14.148,2875.864,86.161,,15.25,,31.653,13.764,4.789,10.51,7675.651,1.07,1.195,1.961,,,5541.799,166.033,,72.2,1.753,0.638,37.071,,,1237.337,-2.539,-0.941,1205.82,36.126,,16.12,,15.684,8.552,63.081,712.045,21.333,2105.51,67.396,27.431,15.454,8.549,63.93,0.0,0.0,2133.852,0.0,27.8,,,,0.0,0.0,0.0,0.0,0.0,0.0,0.0,1.92,1.769,93.894,,,3133.958,68.593,75.956,6231.266,186.689,,40.83,0.849,0.266,,-0.375,-0.003,8.878,,28.342,0.84,,0.369,1056.503,229.963,15.454,8.549,63.93,,,2133.852,,27.8,,,,,,,,,,,,,,,,
Colombia,1987,COL,30603052.0,226482438144.0,,0.0,0.0,0.0,,,,0.0,,25.738,9.026,1440.846,44.094,,,35.923,30.951,3826.823,117.112,,17.549,,33.68,13.404,9.266,21.308,8210.648,1.109,9.42,15.64,,,5936.421,181.673,,72.301,1.525,0.566,37.636,,,1229.82,5.378,1.943,1243.969,38.069,,14.978,,8.975,5.661,68.743,759.648,23.248,2246.272,69.024,27.358,8.874,5.668,69.598,0.0,0.0,2274.227,0.0,27.699,,,,0.0,0.0,0.0,0.0,0.0,0.0,0.0,6.442,6.048,99.942,,,3265.755,26.841,50.11,7737.754,236.799,,39.775,0.856,0.268,,0.752,0.006,8.757,,27.955,0.796,,0.34,1100.553,251.271,8.874,5.668,69.598,,,2274.227,,27.699,,,,,,,,,,,,,,,,
Colombia,1988,COL,31256726.0,235710464000.0,,0.0,0.0,0.0,,,,0.0,,-20.229,-8.92,1125.346,35.175,,,3.474,4.069,3876.957,121.181,,14.009,,35.473,14.128,-0.071,-0.179,8033.223,1.065,-2.179,-3.959,,,5685.623,177.714,,70.776,0.377,0.142,37.778,,,1208.644,-3.569,-1.359,1174.491,36.711,,15.046,,5.471,3.761,72.504,784.452,24.519,2319.616,69.121,28.875,5.434,3.78,73.378,0.0,0.0,2347.599,0.0,29.224,,,,0.0,0.0,0.0,0.0,0.0,0.0,0.0,4.822,4.819,104.761,,,3351.633,-1.801,-4.265,7439.482,232.534,,41.722,0.875,0.274,,2.239,0.019,8.766,,27.983,0.772,,0.348,1134.9,251.092,5.434,3.78,73.378,,,2347.599,,29.224,,,,,,,,,,,,,,,,
Colombia,1989,COL,31923126.0,243368624128.0,,0.0,0.0,0.0,,,,0.0,,15.86,5.579,1276.61,40.753,,,25.171,30.502,4751.504,151.683,,15.409,,37.021,13.997,5.334,13.393,8285.066,1.087,3.771,6.702,,,5776.882,184.416,,69.726,-4.551,-1.719,36.059,,,1129.557,1.067,0.392,1162.245,37.103,,13.634,,9.228,6.691,79.194,838.957,26.782,2480.786,72.343,29.943,9.126,6.691,80.069,0.0,0.0,2508.185,0.0,30.274,,,,0.0,0.0,0.0,0.0,0.0,0.0,0.0,2.713,2.843,107.604,,,3370.715,6.839,15.903,7782.361,248.437,,40.684,0.875,0.274,,0.0,0.0,8.583,,27.399,0.74,,0.331,1159.686,264.485,9.126,6.691,80.069,,,2508.185,,30.274,,,,,,,,,,,,,,,,
Colombia,1990,COL,32601396.0,253538205696.0,,0.0,0.0,0.0,,,,0.0,,-54.404,-22.171,569.976,18.582,,,8.285,12.567,5038.114,164.25,,7.36,,38.246,15.148,-4.539,-12.004,7744.489,0.996,-7.654,-14.115,,,5223.75,170.302,,67.451,3.773,1.36,37.419,,,1147.788,5.777,2.143,1203.813,39.246,,14.821,,2.665,2.111,81.305,843.395,27.496,2493.91,71.893,32.202,2.638,2.111,82.18,851.799,27.77,2520.739,72.609,32.549,,,,0.0,0.0,0.0,0.0,0.0,0.0,0.0,6.223,6.696,114.3,,,3505.986,9.417,23.396,8338.091,271.833,,45.271,0.875,0.274,,0.0,0.0,8.405,,26.829,0.716,,0.346,1173.131,252.481,2.638,2.111,82.18,851.799,27.77,2520.739,72.609,32.549,,,0.0,0.0,0.0,0.0,0.0,0.0,,,0.0,0.0,0.0,0.0,0.0,0.0
Colombia,1991,COL,33272632.0,259479420928.0,,0.0,0.0,0.0,,,,0.0,,25.761,4.787,702.345,23.369,,,-2.135,-3.507,4831.081,160.743,,9.017,,40.124,15.482,2.649,6.688,7789.251,0.999,3.537,6.023,,,5299.384,176.324,,68.035,3.108,1.163,38.583,,,1159.587,-0.98,-0.384,1167.972,38.861,,14.887,,0.837,0.681,81.986,833.3,27.726,2464.059,69.102,31.634,0.811,0.665,82.844,841.385,27.995,2489.867,69.772,31.965,,,,0.0,0.0,0.0,0.0,0.0,0.0,0.0,0.064,0.073,114.373,,,3437.453,-3.402,-9.249,7891.904,262.584,,44.131,0.859,0.269,,-1.825,-0.016,8.085,,25.808,0.67,,0.331,1205.901,259.169,0.811,0.665,82.844,841.385,27.995,2489.867,69.772,31.965,,0.0,0.0,0.0,0.0,0.0,0.0,0.0,,0.0,0.0,0.0,0.0,0.0,0.0,0.0
Colombia,1992,COL,33939044.0,270671757312.0,,0.0,0.0,0.0,,,,0.0,,67.261,15.718,1151.682,39.087,,,9.331,14.998,5178.135,175.741,,14.557,,36.613,13.636,3.603,9.337,7911.416,0.992,14.299,25.213,,,5938.208,201.537,,75.059,-1.599,-0.617,37.966,,,1118.645,2.438,0.947,1172.956,39.809,,14.14,,-19.64,-16.102,65.883,656.488,22.281,1941.229,60.854,24.537,-19.198,-15.876,66.969,666.506,22.621,1973.208,61.783,24.941,,,,0.0,0.0,0.0,0.0,0.0,0.0,0.0,8.841,10.111,124.484,,,3667.881,3.059,8.031,7973.584,270.616,,46.362,1.085,0.34,,26.394,0.227,10.018,,31.979,0.929,,0.404,1078.79,268.506,-19.198,-15.876,66.969,666.506,22.621,1973.208,61.783,24.941,,0.0,0.0,0.0,0.0,0.0,0.0,0.0,,0.0,0.0,0.0,0.0,0.0,0.0,0.0
Colombia,1993,COL,34614732.0,286074437632.0,,0.0,0.0,0.0,,,,0.0,,4.849,1.895,1183.95,40.982,,,-0.854,-1.501,5033.704,174.24,,14.026,,41.691,14.269,8.819,23.68,8441.098,1.021,3.491,7.036,,,6025.57,208.574,,71.384,3.822,1.451,39.417,,,1138.728,-2.098,-0.835,1125.93,38.974,,13.49,,25.025,16.488,82.371,804.755,27.856,2379.653,66.816,28.191,24.866,16.644,83.613,815.993,28.245,2415.527,67.749,28.616,,,,0.0,0.0,0.0,0.0,0.0,0.0,0.0,2.964,3.69,128.175,,,3702.892,3.279,8.873,8074.282,279.489,,43.867,1.242,0.389,,14.412,0.156,11.238,,35.874,0.933,,0.425,1204.432,292.186,24.866,16.644,83.613,815.993,28.245,2415.527,67.749,28.616,,0.0,0.0,0.0,0.0,0.0,0.0,0.0,,0.0,0.0,0.0,0.0,0.0,0.0,0.0
Colombia,1994,COL,35295460.0,300754567168.0,,0.0,0.0,0.0,,,,0.0,,14.461,5.926,1329.025,46.909,,,4.384,7.64,5153.065,181.88,,14.826,,45.024,14.231,8.284,24.203,8964.032,1.052,5.563,11.602,,,6238.083,220.176,,69.59,-1.066,-0.42,38.996,,,1104.859,3.158,1.231,1139.084,40.204,,12.325,,15.085,12.425,94.796,908.287,32.058,2685.793,71.202,29.962,15.071,12.601,96.214,920.866,32.502,2725.95,72.189,30.41,,,,0.0,0.0,0.0,0.0,0.0,0.0,0.0,4.756,6.096,134.271,,,3804.199,0.371,1.037,7947.939,280.526,,42.438,1.417,0.444,,14.139,0.176,12.58,,40.156,0.986,,0.448,1275.64,316.39,15.071,12.601,96.214,920.866,32.502,2725.95,72.189,30.41,,0.0,0.0,0.0,0.0,0.0,0.0,0.0,,0.0,0.0,0.0,0.0,0.0,0.0,0.0
Colombia,1995,COL,35970104.0,316298592256.0,,0.0,0.0,0.0,,,,0.0,,-10.513,-4.932,1166.994,41.977,,,13.567,24.676,5742.429,206.556,,12.967,,47.483,14.668,2.318,7.335,8999.828,1.023,3.376,7.434,,,6327.749,227.61,,70.31,6.349,2.476,41.472,,,1152.971,4.837,1.944,1171.779,42.149,,12.811,,-0.215,-0.204,94.592,889.333,31.989,2629.748,67.37,29.22,-0.111,-0.099,96.115,902.594,32.466,2672.08,68.374,29.69,,,,0.0,0.0,0.0,0.0,0.0,0.0,0.0,7.365,9.889,144.16,,,4007.782,28.584,80.185,10028.085,360.711,,44.532,1.523,0.477,,7.432,0.105,13.261,,42.332,1.005,,0.47,1320.082,323.725,-0.111,-0.099,96.115,902.594,32.466,2672.08,68.374,29.69,,0.0,0.0,0.0,0.0,0.0,0.0,0.0,,0.0,0.0,0.0,0.0,0.0,0.0,0.0
Colombia,1996,COL,36632576.0,322721906688.0,,0.0,0.0,0.0,,,,0.0,,-22.479,-9.436,888.308,32.541,,,14.856,30.686,6476.264,237.242,,9.668,,48.371,14.371,3.977,12.874,9188.513,1.043,1.345,3.061,,,6296.866,230.67,,68.53,8.753,3.63,45.103,,,1231.22,7.876,3.319,1241.204,45.468,,13.4,,10.31,9.753,104.345,963.285,35.288,2848.424,72.952,31.0,10.217,9.813,105.928,976.825,35.784,2891.646,73.977,31.47,,,,0.0,0.0,0.0,0.0,0.0,0.0,0.0,6.15,8.866,153.027,,,4177.338,7.561,27.272,10591.217,387.984,,45.463,1.583,0.496,,3.983,0.061,13.54,,43.222,1.025,,0.47,1320.44,336.599,10.217,9.813,105.928,976.825,35.784,2891.646,73.977,31.47,,0.0,0.0,0.0,0.0,0.0,0.0,0.0,,0.0,0.0,0.0,0.0,0.0,0.0,0.0
Colombia,1997,COL,37291948.0,333737754624.0,,0.0,0.0,0.0,,,,0.0,,18.437,6.0,1033.483,38.541,,,10.75,25.502,7045.615,262.745,,11.264,,49.906,14.585,1.655,5.571,9175.434,1.025,7.32,16.884,,,6638.282,247.554,,72.348,25.802,11.637,56.74,,,1521.508,24.79,11.271,1521.508,56.74,,16.582,,-10.802,-11.272,93.073,844.036,31.476,2495.806,63.07,27.201,-10.689,-11.313,94.615,856.988,31.959,2537.151,64.037,27.652,,,,0.0,0.0,0.0,0.0,0.0,0.0,0.0,-0.492,-0.753,152.274,,,4083.291,4.428,17.179,10864.611,405.163,,44.502,1.542,0.483,,-2.621,-0.041,12.952,,41.345,0.968,,0.451,1338.26,342.17,-10.689,-11.313,94.615,856.988,31.959,2537.151,64.037,27.652,,0.0,0.0,0.0,0.0,0.0,0.0,0.0,,0.0,0.0,0.0,0.0,0.0,0.0,0.0
Colombia,1998,COL,37944416.0,335547990016.0,,0.0,0.0,0.0,,,,0.0,,-4.898,-1.888,965.965,36.653,,,2.501,6.572,7097.67,269.317,,10.577,,50.283,14.511,1.272,4.351,9132.335,1.033,2.524,6.247,,,6688.777,253.802,,73.243,16.12,9.146,65.886,,,1736.388,14.373,8.156,1710.278,64.896,,19.014,,-2.205,-2.052,91.021,811.231,30.782,2398.801,61.217,26.267,-2.018,-1.896,92.719,825.251,31.314,2443.557,62.275,26.757,,,,0.0,0.0,0.0,0.0,0.0,0.0,0.0,-0.664,-1.011,151.263,,,3986.424,15.992,64.793,12385.354,469.955,,43.652,1.698,0.532,,10.145,0.156,14.021,,44.756,1.058,,0.49,1325.179,346.521,-2.018,-1.896,92.719,825.251,31.314,2443.557,62.275,26.757,,0.0,0.0,0.0,0.0,0.0,0.0,0.0,,0.0,0.0,0.0,0.0,0.0,0.0,0.0
Colombia,1999,COL,38585040.0,321381171200.0,,0.0,0.0,0.0,,,,0.0,,-20.137,-7.381,758.637,29.272,,,-2.405,-6.476,6811.993,262.841,,9.066,,47.775,14.797,-6.824,-23.647,8367.868,1.005,-12.623,-32.039,,,5747.389,221.763,,68.684,-13.625,-8.977,56.909,,,1474.898,-12.276,-7.966,1475.416,56.929,,17.626,,9.483,8.631,99.652,873.413,33.701,2582.671,70.541,30.864,9.082,8.392,101.111,885.257,34.158,2620.48,71.497,31.316,,,,0.0,0.0,0.0,0.0,0.0,0.0,0.0,-10.366,-15.68,135.582,,,3513.854,8.159,38.344,13173.471,508.299,,41.992,1.459,0.457,,-14.098,-0.239,11.844,,37.808,0.957,,0.452,1238.167,322.875,9.082,8.392,101.111,885.257,34.158,2620.48,71.497,31.316,,0.0,0.0,0.0,0.0,0.0,0.0,0.0,,0.0,0.0,0.0,0.0,0.0,0.0,0.0
Colombia,2000,COL,39215136.0,330667819008.0,,0.0,0.0,0.0,5.61,0.22,0.521,0.0,162.598,7.399,2.166,801.676,31.438,72.931,2.86,16.755,44.04,7825.564,306.881,6.779,10.006,42.25,42.19,13.428,-2.692,-8.69,8011.812,0.95,-0.13,-0.289,260.359,10.21,5647.662,221.474,24.2,70.492,0.789,0.449,57.358,174.932,6.86,1462.651,0.754,0.429,1462.651,57.358,16.26,18.256,6.86,-8.56,-8.531,91.122,809.636,31.75,2323.637,75.255,29.003,-8.326,-8.401,92.711,815.501,31.98,2364.151,75.8,29.508,0.06,0.142,,,,0.0,0.0,,0.0,,-2.142,-2.904,132.678,12.495,0.49,3383.335,-16.983,-86.326,10760.453,421.973,1.161,42.229,1.583,0.22,0.0,8.534,0.124,5.61,0.0,40.376,0.521,0.0,0.504,1075.86,314.184,-8.326,-8.401,92.711,815.501,31.98,2364.151,75.8,29.508,,0.005,0.005,0.255,0.01,0.138,0.024,0.002,,0.0,0.0,0.0,0.0,0.0,0.0,0.0
Colombia,2001,COL,39837876.0,336149970944.0,,0.0,0.0,0.0,5.02,0.2,0.471,0.0,167.412,-1.525,-0.479,777.11,30.958,65.767,2.62,14.825,45.496,8845.264,352.377,6.169,9.77,42.3,42.47,13.403,0.853,2.68,7953.855,0.943,0.393,0.87,270.597,10.78,5581.208,222.343,25.383,70.17,3.542,2.032,59.39,186.757,7.44,1490.791,3.542,2.032,1490.791,59.39,17.518,18.743,7.11,2.651,1.808,92.93,790.203,31.48,2332.706,74.123,29.328,2.612,1.811,94.521,795.474,31.69,2372.647,74.617,29.83,-0.17,-0.402,,,,0.0,0.0,,0.0,,-0.515,-0.683,131.995,18.073,0.72,3313.307,-12.322,-51.994,9287.1,369.978,1.695,41.657,1.583,0.2,0.0,0.0,0.0,5.02,0.0,39.744,0.471,0.0,0.5,1066.071,316.865,2.612,1.811,94.521,795.474,31.69,2372.647,74.617,29.83,45.435,0.002,0.008,0.251,0.01,0.197,0.024,0.002,,0.0,0.0,0.0,0.0,0.0,0.0,0.0
Colombia,2002,COL,40454056.0,344483168256.0,,0.0,0.0,0.0,4.697,0.19,0.431,0.0,155.172,-17.756,-5.497,629.391,25.461,61.551,2.49,-10.082,-35.526,7832.366,316.851,5.649,8.034,43.47,44.08,13.908,0.023,0.071,7834.471,0.92,-2.759,-6.135,253.374,10.25,5344.534,216.208,23.253,68.218,1.005,0.597,59.987,175.013,7.08,1482.838,1.005,0.597,1482.838,59.987,16.062,18.927,6.84,7.383,6.217,99.147,831.313,33.63,2450.856,76.293,31.283,7.259,6.207,100.728,836.257,33.83,2489.937,76.747,31.782,-0.61,-1.403,,,,0.0,0.0,,0.0,,-0.936,-1.235,130.76,16.809,0.68,3232.305,-4.305,-15.926,8751.955,354.052,1.543,41.257,1.567,0.19,0.0,-1.008,-0.016,4.697,0.0,38.744,0.431,0.0,0.495,1089.631,316.936,7.259,6.207,100.728,836.257,33.83,2489.937,76.747,31.782,74.286,0.006,0.014,0.247,0.01,0.336,0.023,0.004,,0.0,0.0,0.0,0.0,0.0,0.0,0.0
Colombia,2003,COL,41057688.0,357898059776.0,,0.0,0.0,0.0,4.384,0.18,0.395,0.0,142.763,10.853,2.763,687.443,28.225,56.749,2.33,26.703,84.609,9777.96,401.46,5.11,8.742,44.49,45.6,14.124,1.87,5.927,7863.652,0.902,0.065,0.141,233.817,9.6,5269.384,216.349,21.053,67.009,-4.146,-2.487,57.5,161.48,6.63,1400.464,-4.146,-2.487,1400.464,57.5,14.539,17.809,6.51,6.501,5.769,104.916,872.187,35.81,2555.33,78.531,32.495,6.424,5.787,106.515,876.815,36.0,2594.268,78.947,32.991,-1.11,-2.495,,,,0.0,0.0,,0.0,,-0.104,-0.136,130.624,15.588,0.64,3181.478,-6.401,-22.664,8071.275,331.388,1.404,40.458,1.58,0.18,0.0,0.815,0.013,4.384,0.0,38.486,0.395,0.0,0.489,1110.632,322.863,6.424,5.787,106.515,876.815,36.0,2594.268,78.947,32.991,37.705,0.005,0.019,0.244,0.01,0.452,0.022,0.006,,0.0,0.0,0.0,0.0,0.0,0.0,0.0
Colombia,2004,COL,41648272.0,376905891840.0,,0.0,0.0,0.0,4.082,0.17,0.349,0.0,126.486,-12.493,-3.526,593.031,24.699,51.623,2.15,7.715,30.971,10382.947,432.432,4.408,7.274,47.15,48.78,14.367,5.162,16.667,8152.334,0.901,5.114,11.064,212.974,8.87,5460.328,227.413,18.184,66.979,6.693,3.848,61.348,146.705,6.11,1473.007,6.693,3.848,1473.007,61.348,12.526,18.069,6.17,5.953,5.538,110.454,952.741,39.68,2652.064,81.345,32.531,5.942,5.603,112.117,958.263,39.91,2692.006,81.816,33.021,-1.63,-3.457,,,0.0,0.0,0.0,0.0,0.0,0.0,8.224,10.742,141.366,14.646,0.61,3394.291,-2.082,-6.899,7791.175,324.489,1.251,41.636,1.491,0.17,0.0,-5.657,-0.089,4.082,0.0,35.794,0.349,0.0,0.439,1171.237,339.531,5.942,5.603,112.117,958.263,39.91,2692.006,81.816,33.021,24.149,0.004,0.023,0.24,0.01,0.55,0.021,0.007,,0.15,0.15,1.201,0.05,3.597,0.103,0.044
Colombia,2005,COL,42220944.0,394523869184.0,,0.162,3.84,0.162,4.263,0.18,0.365,0.049,135.157,-36.991,-9.136,368.593,15.562,55.66,2.35,10.74,46.443,11342.113,478.875,4.762,4.655,47.61,49.35,14.762,-1.54,-5.229,7917.907,0.847,-3.234,-7.354,229.981,9.71,5212.084,220.059,19.676,65.827,5.078,3.115,64.463,158.452,6.69,1526.812,5.078,3.115,1526.812,64.463,13.556,19.283,6.67,2.324,1.852,112.306,933.186,39.4,2659.95,79.838,33.594,2.8,2.125,114.242,938.87,39.64,2705.823,80.324,34.173,-1.74,-3.655,,0.0,0.0,0.0,0.0,0.0,0.0,0.0,-0.943,-1.333,140.033,15.869,0.67,3316.679,-0.675,-2.19,7633.624,322.299,1.358,41.888,1.606,0.18,0.0,7.709,0.115,4.263,0.0,38.03,0.365,0.0,0.48,1168.851,334.302,2.8,2.125,114.242,938.87,39.64,2705.823,80.324,34.173,19.864,0.004,0.027,0.237,0.01,0.646,0.02,0.008,-4.828,-0.008,0.142,1.184,0.05,3.356,0.101,0.042
Colombia,2006,COL,42772912.0,420866916352.0,857.02,1.39,36.279,1.552,5.143,0.22,0.417,0.402,132.183,184.855,28.768,1036.405,44.33,58.214,2.49,10.426,49.929,12363.055,528.804,4.722,11.485,50.94,52.73,13.661,15.461,51.685,9024.093,0.917,18.833,41.443,236.832,10.13,6113.735,261.502,19.211,67.749,4.938,3.183,67.647,165.292,7.07,1581.534,4.938,3.183,1581.534,67.647,13.408,17.526,6.97,8.508,8.789,121.094,989.177,42.31,2831.101,80.239,31.373,11.885,10.242,124.484,995.957,42.6,2910.357,80.789,32.251,-1.79,-3.514,,0.0,0.0,0.0,0.0,0.0,0.0,0.0,6.778,9.492,149.525,13.326,0.57,3495.797,0.237,0.764,7552.972,323.063,1.081,38.738,1.659,0.22,0.0,3.325,0.053,5.143,0.0,38.788,0.417,0.0,0.43,1232.79,385.987,11.885,10.242,124.484,995.957,42.6,2910.357,80.789,32.251,-100.0,-0.027,0.0,0.234,0.01,0.0,0.019,0.0,27.287,0.038,0.179,1.403,0.06,4.19,0.114,0.046
Colombia,2007,COL,43306592.0,449786937344.0,7.872,0.122,38.653,1.674,4.849,0.21,0.387,0.427,126.753,-11.951,-5.298,901.293,39.032,54.264,2.35,5.605,29.642,12895.163,558.446,4.336,9.95,53.36,54.2,13.817,1.628,6.284,9058.002,0.872,0.855,2.236,229.295,9.93,6090.014,263.738,18.321,67.234,5.868,3.97,71.616,162.562,7.04,1653.705,7.291,4.932,1675.931,72.579,12.989,18.257,6.87,3.957,4.005,125.1,1016.012,44.0,2888.695,81.181,31.891,3.984,4.049,128.533,1022.246,44.27,2967.987,81.679,32.766,-0.84,-1.574,,0.0,0.0,0.0,0.0,0.0,0.0,0.0,2.384,3.564,153.089,12.469,0.54,3535.016,0.699,2.257,7512.019,325.32,0.996,39.026,1.619,0.21,0.0,-2.422,-0.04,4.849,0.0,37.382,0.387,0.0,0.413,1251.542,392.271,3.984,4.049,128.533,1022.246,44.27,2967.987,81.679,32.766,,0.0,0.0,0.231,0.01,0.0,0.018,0.0,-20.785,-0.038,0.141,1.155,0.05,3.258,0.092,0.036
Colombia,2008,COL,43815316.0,465645797376.0,1.459,0.024,38.761,1.698,4.336,0.19,0.346,0.416,113.537,32.307,12.61,1178.631,51.642,46.787,2.05,5.15,28.759,13401.818,587.205,3.73,12.643,53.56,54.96,13.455,4.132,16.209,9322.767,0.877,4.38,11.552,200.158,8.77,6282.95,275.289,15.957,67.394,1.585,1.135,72.751,140.134,6.14,1660.404,20.13,14.61,1989.912,87.189,11.172,17.81,6.24,4.337,4.615,129.715,1048.492,45.94,2960.489,83.588,31.755,4.195,4.657,133.191,1054.198,46.19,3039.818,84.043,32.606,-1.4,-2.614,,0.0,0.0,0.0,0.0,0.0,0.0,0.0,-1.433,-2.193,150.896,13.237,0.58,3443.914,10.954,35.635,8238.089,360.954,1.055,36.941,1.626,0.19,0.0,0.436,0.007,4.336,0.0,37.109,0.346,0.0,0.398,1254.356,408.48,4.195,4.657,133.191,1054.198,46.19,3039.818,84.043,32.606,,0.0,0.0,0.228,0.01,0.0,0.018,0.0,8.072,0.01,0.152,1.141,0.05,3.458,0.091,0.037
Colombia,2009,COL,44313916.0,473234341888.0,118.089,2.006,83.583,3.704,8.35,0.37,0.662,0.917,173.68,-8.019,-4.141,1071.917,47.501,75.597,3.35,-0.945,-5.55,13125.788,581.655,5.998,11.764,54.79,55.85,13.832,-1.15,-4.698,9111.861,0.853,2.68,7.378,333.304,14.77,6378.752,282.667,26.446,70.005,15.178,11.042,83.793,227.017,10.06,1890.9,15.976,13.93,2281.861,101.118,18.013,20.752,9.7,-11.533,-15.668,114.047,917.093,40.64,2573.616,72.766,28.245,-5.824,-12.076,121.115,927.023,41.08,2733.109,73.554,29.995,-1.06,-1.935,,0.0,0.0,0.0,0.0,0.0,0.0,0.0,0.316,0.477,151.373,30.69,1.36,3415.935,13.803,49.821,9269.683,410.776,2.435,37.489,3.203,0.37,0.0,96.974,1.577,8.35,0.0,72.273,0.662,0.0,0.793,1260.326,403.782,-5.824,-12.076,121.115,927.023,41.08,2733.109,73.554,29.995,,0.0,0.0,0.226,0.01,0.0,0.018,0.0,7.029,0.01,0.161,1.354,0.06,3.637,0.107,0.04
Colombia,2010,COL,44816104.0,491900633088.0,41.526,1.538,116.966,5.242,13.611,0.61,1.077,1.235,184.211,17.698,8.407,1247.483,55.907,80.775,3.62,2.119,12.325,13253.715,593.98,6.394,13.167,55.83,56.62,13.335,5.156,20.819,9474.296,0.863,7.242,20.471,356.122,15.96,6764.048,303.138,28.188,71.394,4.366,3.658,87.451,242.547,10.87,1951.338,7.235,7.316,2419.529,108.434,19.198,20.596,10.43,-0.685,-1.477,112.57,892.536,40.0,2511.83,70.646,26.512,2.951,0.348,121.463,907.263,40.66,2710.248,71.812,28.606,-0.79,-1.415,,0.0,0.0,0.0,0.0,0.0,0.0,0.0,5.553,8.406,159.78,32.801,1.47,3565.227,17.188,70.603,10741.204,481.379,2.596,37.631,3.543,0.61,0.0,10.635,0.341,13.611,0.0,79.063,1.077,0.0,0.834,1263.385,424.601,2.951,0.348,121.463,907.263,40.66,2710.248,71.812,28.606,,0.0,0.0,0.223,0.01,0.0,0.018,0.0,-33.163,-0.054,0.107,0.893,0.04,2.389,0.071,0.025
Colombia,2011,COL,45308896.0,524200738816.0,29.053,1.523,149.307,6.765,8.166,0.37,0.628,1.524,119.484,-19.033,-10.641,999.063,45.266,47.231,2.14,15.404,91.498,15128.995,685.478,3.632,10.2,57.39,58.92,13.276,4.521,19.196,9794.911,0.847,-1.391,-4.215,223.135,10.11,6597.447,298.923,17.159,67.356,-2.632,-2.302,85.15,162.441,7.36,1879.316,-2.744,-2.975,2327.544,105.458,12.492,19.187,7.04,19.405,21.024,133.595,1068.002,48.39,2948.531,82.128,30.103,20.585,23.411,144.874,1077.272,48.81,3197.464,82.841,32.644,-1.53,-2.666,,0.0,0.0,0.0,0.0,0.0,0.0,0.0,5.462,8.727,168.507,13.463,0.61,3719.069,16.466,79.264,12373.786,560.643,1.035,37.969,4.4,0.37,0.0,24.181,0.857,8.166,0.0,97.113,0.628,0.0,0.991,1300.407,443.797,20.585,23.411,144.874,1077.272,48.81,3197.464,82.841,32.644,,0.0,0.0,0.221,0.01,0.0,0.017,0.0,7.006,0.007,0.114,0.883,0.04,2.513,0.068,0.026
Colombia,2012,COL,45782420.0,545385086976.0,7.579,0.513,158.961,7.278,8.955,0.41,0.677,1.542,147.01,20.532,9.294,1191.731,54.56,50.674,2.32,4.672,32.026,15672.042,717.504,3.832,11.561,59.83,60.54,12.828,6.34,28.136,10308.172,0.865,10.171,30.404,283.078,12.96,7193.312,329.327,21.407,69.783,11.168,9.509,94.659,173.866,7.96,2067.583,9.291,9.798,2517.483,115.256,13.148,20.058,8.9,-1.746,-3.129,130.466,1028.998,47.11,2849.696,77.816,27.645,-0.392,-2.268,142.606,1039.264,47.58,3114.861,78.593,30.217,-0.71,-1.187,,0.0,0.0,0.0,0.0,0.0,0.0,0.0,6.885,11.601,180.108,58.538,2.68,3933.997,3.435,19.259,12666.472,579.902,4.427,38.164,4.712,0.41,0.0,7.086,0.312,8.955,0.0,102.919,0.677,0.0,0.998,1322.342,471.933,-0.392,-2.268,142.606,1039.264,47.58,3114.861,78.593,30.217,,0.0,0.0,0.218,0.01,0.0,0.017,0.0,32.91,0.037,0.15,1.092,0.05,3.285,0.083,0.032
Colombia,2013,COL,46237928.0,571946893312.0,4.526,0.329,164.519,7.607,14.058,0.65,0.9,1.568,198.781,7.569,4.13,1269.304,58.69,78.723,3.64,-4.219,-30.27,14862.989,687.234,5.042,12.1,70.84,72.19,14.883,2.777,13.107,10490.081,0.848,6.906,22.743,469.528,21.71,7614.319,352.07,30.073,72.586,10.684,10.114,104.773,270.125,12.49,2265.944,14.731,16.978,2859.876,132.235,17.302,21.601,14.35,-6.765,-9.559,120.907,1076.173,49.76,2614.891,68.929,24.927,-5.349,-9.637,132.969,1091.744,50.48,2875.762,69.927,27.414,-1.35,-1.906,,,,0.0,0.0,,0.0,,4.719,8.5,188.608,120.68,5.58,4079.071,6.672,38.692,13378.493,618.594,7.73,38.885,4.298,0.65,0.0,-8.782,-0.414,14.058,0.0,92.956,0.9,0.0,0.886,1561.272,485.04,-5.349,-9.637,132.969,1091.744,50.48,2875.762,69.927,27.414,,0.0,0.0,0.216,0.01,0.0,0.014,0.0,5.05,0.007,0.157,1.298,0.06,3.397,0.083,0.032
Colombia,2014,COL,46677944.0,597109833728.0,3.758,0.286,169.091,7.893,15.639,0.73,1.057,1.546,200.724,5.924,3.477,1331.826,62.167,76.053,3.55,3.94,27.075,15302.911,714.308,5.141,12.176,68.25,69.05,13.524,5.267,25.546,10938.481,0.855,6.732,23.703,449.677,20.99,8050.34,375.773,30.398,73.597,8.655,9.068,113.841,261.365,12.2,2438.852,-6.735,-8.906,2642.112,123.328,17.668,22.296,13.86,0.855,0.303,121.21,1012.255,47.25,2596.737,68.429,23.739,1.986,1.843,134.813,1029.608,48.06,2888.142,69.602,26.403,-0.8,-1.172,,,,0.0,0.0,,0.0,,5.916,11.158,199.766,112.259,5.24,4279.662,-1.93,-11.94,12996.58,606.654,7.589,39.125,5.519,0.73,0.0,28.408,1.221,15.639,0.0,118.237,1.057,0.0,1.081,1479.285,510.586,1.986,1.843,134.813,1029.608,48.06,2888.142,69.602,26.403,,0.0,0.0,0.214,0.01,0.0,0.014,0.0,21.875,0.033,0.19,1.5,0.07,4.076,0.101,0.037
Colombia,2015,COL,47119728.0,615339524096.0,1.152,0.091,169.436,7.984,20.798,0.98,1.286,1.652,235.24,-7.057,-4.387,1226.237,57.78,105.688,4.98,-3.29,-23.503,14660.631,690.805,6.534,11.953,75.81,76.22,15.767,-5.324,-27.183,10259.04,0.786,-7.101,-26.684,577.677,27.22,7408.554,349.089,35.712,72.215,-1.514,-1.723,112.117,313.245,14.76,2379.413,-5.858,-7.225,2464.003,116.103,19.365,23.193,17.93,-0.134,-0.883,120.327,1017.408,47.94,2553.646,62.897,24.892,0.226,-0.498,134.314,1039.904,49.0,2850.486,64.288,27.785,-0.41,-0.541,,,,0.0,0.0,,0.0,,-10.299,-20.574,179.192,158.745,7.48,3802.904,1.534,9.308,13072.264,615.961,9.814,37.069,5.819,0.98,0.0,5.436,0.3,20.798,0.0,123.495,1.286,0.0,1.204,1617.581,483.403,0.226,-0.498,134.314,1039.904,49.0,2850.486,64.288,27.785,,0.0,0.0,0.212,0.01,0.0,0.013,0.0,-2.638,-0.006,0.184,1.486,0.07,3.908,0.092,0.038
Colombia,2016,COL,47625960.0,627381370880.0,-1.264,-0.101,165.516,7.883,21.417,1.02,1.368,1.447,222.505,9.981,5.767,1334.294,63.547,114.223,5.44,5.446,37.62,15294.703,728.425,7.296,11.668,74.89,74.56,13.69,12.663,61.214,11435.303,0.868,16.011,55.891,525.344,25.02,8503.356,404.981,33.557,74.361,7.642,8.567,120.685,296.477,14.12,2534.012,3.288,3.818,2517.979,119.921,18.938,22.16,16.59,4.713,4.926,125.253,1017.512,48.46,2629.932,64.995,22.998,3.956,5.323,139.637,1040.189,49.54,2931.946,66.443,25.639,0.33,0.441,,,,0.0,0.0,,0.0,,23.191,41.557,220.749,114.643,5.46,4635.05,-11.66,-71.82,11425.304,544.141,7.323,40.533,6.365,1.02,0.0,9.375,0.546,21.417,0.0,133.638,1.368,0.0,1.169,1565.533,544.617,3.956,5.323,139.637,1040.189,49.54,2931.946,66.443,25.639,,0.0,0.0,0.21,0.01,0.0,0.013,0.0,-25.579,-0.048,0.136,1.05,0.05,2.86,0.067,0.025
Colombia,2017,COL,48351668.0,635907473408.0,-3.955,-0.312,156.585,7.571,15.305,0.74,0.955,1.377,148.335,-23.792,-15.119,1001.581,48.428,67.423,3.26,0.123,0.895,15083.65,729.32,4.209,8.81,77.53,77.46,14.091,0.934,5.085,11368.834,0.864,-5.381,-21.793,332.357,16.07,7925.006,383.187,20.746,69.708,-1.972,-2.379,118.305,175.175,8.47,2446.768,-1.998,-2.396,2430.625,117.525,10.935,21.522,11.49,22.527,27.313,152.566,1254.145,60.64,3155.335,78.286,27.754,17.954,26.878,166.515,1269.656,61.39,3443.828,79.254,30.292,0.07,0.09,,,,0.0,0.0,,0.0,,-1.946,-4.295,216.454,89.759,4.34,4476.657,-3.86,-21.002,10819.473,523.14,5.603,39.377,6.357,0.74,0.0,-0.128,-0.008,15.305,0.0,131.464,0.955,0.0,1.156,1602.013,549.702,17.954,26.878,166.515,1269.656,61.39,3443.828,79.254,30.292,,0.013,0.013,0.207,0.01,0.275,0.013,0.002,-93.964,-0.128,0.008,0.0,0.0,0.169,0.0,0.001
Colombia,2018,COL,49276968.0,651900551168.0,21.629,1.638,186.876,9.209,17.452,0.86,1.086,1.649,170.729,-6.124,-2.966,922.593,45.463,89.494,4.41,-5.366,-39.138,14006.174,690.182,5.569,8.141,79.3,79.19,14.181,1.586,8.717,11332.247,0.857,2.408,9.229,387.808,19.11,7963.477,392.416,24.132,70.273,7.602,8.994,127.299,194.005,9.56,2583.344,5.308,6.239,2511.587,123.763,12.072,22.796,13.52,-1.18,-2.682,149.884,1200.561,59.16,3041.659,74.706,26.841,1.698,-0.512,166.003,1219.231,60.08,3368.769,75.868,29.727,0.11,0.139,,,,0.0,0.0,,0.0,,1.478,3.2,219.654,104.308,5.14,4457.54,1.34,7.008,10758.529,530.148,6.491,39.335,6.764,0.86,0.0,6.405,0.407,17.452,0.0,137.257,1.086,0.0,1.211,1607.039,558.419,1.698,-0.512,166.003,1219.231,60.08,3368.769,75.868,29.727,140.0,0.018,0.032,0.406,0.02,0.644,0.025,0.006,1314.33,0.107,0.115,0.812,0.04,2.332,0.051,0.021
Colombia,2019,COL,50187404.0,,4.451,0.41,191.653,9.619,22.715,1.14,1.459,1.708,208.189,17.991,8.179,1068.833,53.642,116.364,5.84,-1.1,-7.59,13600.867,682.592,7.473,9.525,79.91,78.15,13.876,0.855,4.774,11221.787,,2.382,9.346,475.02,23.84,8005.239,401.762,30.505,71.337,1.106,1.408,128.708,251.856,12.64,2564.542,1.954,2.419,2514.22,126.182,16.174,22.853,16.27,-3.909,-6.389,143.494,1055.643,52.98,2859.172,67.793,25.479,-1.968,-4.573,161.43,1082.144,54.31,3216.548,69.495,28.663,1.76,2.202,,,,0.0,0.0,,0.0,,-0.11,-0.242,219.412,106.8,5.36,4371.863,2.351,12.465,10811.722,542.612,6.859,38.959,7.802,1.14,0.0,15.355,1.039,22.715,0.0,155.46,1.459,0.0,1.385,1557.164,563.192,-1.968,-4.573,161.43,1082.144,54.31,3216.548,69.495,28.663,1000.5,0.316,0.348,2.59,0.13,6.936,0.166,0.062,45.764,0.052,0.167,1.196,0.06,3.326,0.077,0.03
Colombia,2020,COL,50930656.0,,-13.875,-1.335,162.652,8.284,26.114,1.33,1.724,1.616,235.805,-11.487,-6.162,932.245,47.48,130.962,6.67,-37.247,-254.248,8410.333,428.344,8.647,9.263,78.19,77.14,15.049,-8.986,-50.606,10064.389,,-9.428,-37.879,533.47,27.17,7144.673,363.883,35.222,70.99,1.957,2.519,131.227,291.573,14.85,2576.577,-1.293,-1.632,2445.488,124.55,19.251,25.601,18.19,-8.449,-12.607,130.887,951.097,48.44,2569.912,62.795,25.535,-8.325,-12.727,148.703,981.138,49.97,2919.716,64.778,29.01,1.05,1.343,,,,0.0,0.0,,0.0,,-15.604,-34.236,185.176,110.935,5.65,3635.85,-11.583,-62.852,9419.877,479.761,7.324,36.126,9.004,1.33,0.0,15.405,1.202,26.114,0.0,176.792,1.724,0.0,1.757,1514.608,512.586,-8.325,-12.727,148.703,981.138,49.97,2919.716,64.778,29.01,44.48,0.153,0.501,3.731,0.19,9.839,0.246,0.098,-84.018,-0.14,0.027,0.196,0.01,0.522,0.013,0.005
Colombia,2021,COL,51516560.0,,11.909,0.987,179.952,9.271,24.07,1.24,1.533,1.614,181.065,-33.743,-16.021,610.656,31.459,99.774,5.14,10.023,42.933,9148.057,471.276,6.353,5.478,81.37,80.91,14.088,12.039,61.713,11147.847,,8.881,32.316,409.577,21.1,7690.708,396.199,26.078,68.988,-3.78,-4.96,126.266,225.364,11.61,2450.984,0.895,1.114,2439.302,125.664,14.349,21.986,14.65,21.388,27.412,158.3,1129.54,58.19,3072.793,71.919,27.564,19.613,29.397,178.1,1160.986,59.81,3457.138,73.922,31.012,0.46,0.565,,,,0.0,0.0,,0.0,,28.782,53.297,238.474,84.439,4.35,4629.068,-5.984,-28.708,8755.489,451.053,5.376,41.524,9.526,1.24,0.0,5.798,0.522,24.07,0.0,184.915,1.533,0.0,1.659,1570.563,574.299,19.613,29.397,178.1,1160.986,59.81,3457.138,73.922,31.012,69.292,0.344,0.845,6.212,0.32,16.407,0.396,0.147,497.53,0.132,0.158,1.165,0.06,3.071,0.074,0.028
Colombia,2022,COL,51874028.0,,2.376,0.22,182.958,9.491,23.904,1.24,1.467,1.558,168.954,-9.429,-2.966,549.263,28.493,84.05,4.36,-2.524,-11.894,8855.739,459.383,5.159,4.676,84.98,84.52,13.871,6.102,35.045,11746.604,,6.345,25.138,399.236,20.71,8122.309,421.337,24.503,69.146,-0.329,-0.416,125.85,233.643,12.12,2426.076,-1.068,-1.342,2396.629,124.323,14.34,20.653,14.28,6.349,9.436,167.736,1195.396,62.01,3233.525,73.367,27.527,5.71,9.907,188.007,1230.095,63.81,3624.295,75.497,30.854,0.46,0.541,,,,0.0,0.0,,0.0,,11.96,28.52,266.994,81.544,4.23,5146.969,2.397,10.81,8903.541,461.863,5.005,43.817,9.275,1.24,0.0,-2.642,-0.252,23.904,0.0,178.789,1.467,0.0,1.522,1629.332,609.344,5.71,9.907,188.007,1230.095,63.81,3624.295,75.497,30.854,55.596,0.465,1.31,9.446,0.49,25.26,0.58,0.215,23.83,0.037,0.195,1.349,0.07,3.763,0.083,0.032
Comoros,1980,COM,328336.0,362100000.0,,,,,,,,,,,,,,,,,,0.0,0.0,,,,,,,,583.533,0.529,,,,,,,,,,,,,,,,,0.0,0.0,,,,,,,,,,,,,,,,,,,,,,,,,,,,,,,,,,,,,,0.0,0.0,,,,,,,,,,,,,,,0.192,,,,,,,,,,,,,,,,,,,,,,,,
Comoros,1981,COM,337991.0,376188000.0,,,,,,,,,,,,,,,,,0.0,0.0,0.0,,,,,,-0.245,-0.0,565.477,0.508,,,,,,,,,,,,,,,,0.0,0.0,0.0,,,,,,,,,,,,,,,,,,,,,,,,,,,,,,,,,,,,,0.0,0.0,0.0,,,,,,,,,,,,,,,0.191,,,,,,,,,,,,,,,,,,,,,,,,
Comoros,1982,COM,347063.0,400144000.0,,,,,,,,,,,,,,,,,0.0,0.0,0.0,,,,,,0.0,0.0,550.698,0.478,,,,,,,,,,,,,,,,0.0,0.0,0.0,,,,,,,,,,,,,,,,,,,,,,,,,,,,,,,,,,,,,0.0,0.0,0.0,,,,,,,,,,,,,,,0.191,,,,,,,,,,,,,,,,,,,,,,,,
Comoros,1983,COM,356152.0,419384992.0,,,,,,,,,,,,,,,,,0.0,0.0,0.0,,,,,,0.02,0.0,536.753,0.456,,,,,,,,,,,,,,,,0.0,0.0,0.0,,,,,,,,,,,,,,,,,,,,,,,,,,,,,,,,,,,,,0.0,0.0,0.0,,,,,,,,,,,,,,,0.191,,,,,,,,,,,,,,,,,,,,,,,,
Comoros,1984,COM,365671.0,436832000.0,,,,,,,,,,,,,,,,,0.0,0.0,0.0,,,,,,0.241,0.0,524.038,0.439,,,,,,,,,,,,,,,,0.0,0.0,0.0,,,,,,,,,,,,,,,,,,,,,,,,,,,,,,,,,,,,,0.0,0.0,0.0,,,,,,,,,,,,,,,0.192,,,,,,,,,,,,,,,,,,,,,,,,
Comoros,1985,COM,375661.0,445046016.0,,,,,,,,,,,,,,,,,0.0,0.0,0.0,,,,,,-0.262,-0.001,508.764,0.429,,,,,,,,,,,,,,,,0.0,0.0,0.0,,,,,,,,,,,,,,,,,,,,,,,,,,,,,,,,,,,,,0.0,0.0,0.0,,,,,,,,,,,,,,,0.191,,,,,,,,,,,,,,,,,,,,,,,,
Comoros,1986,COM,386072.0,453544000.0,,,,,,,,,,,,,,,,,0.0,0.0,0.0,,,,,,-44.033,-0.084,277.062,0.236,,,,,,,,,,,,,,,,0.0,0.0,0.0,,,,,,,,,,,,,,,,,,,,,,,,,,,,,,,,,,,,,0.0,0.0,0.0,,,,,,,,,,,,,,,0.107,,,,,,,,,,,,,,,,,,,,,,,,
Comoros,1987,COM,396895.0,460748992.0,,,,,,,,,,,,,,,,,0.0,0.0,0.0,,,,,,110.707,0.118,567.87,0.489,,,,,,,,,,,,,,,,0.0,0.0,0.0,,,,,,,,,,,,,,,,,,,,,,,,,,,,,,,,,,,,,0.0,0.0,0.0,,,,,,,,,,,,,,,0.225,,,,,,,,,,,,,,,,,,,,,,,,
Comoros,1988,COM,408068.0,473472000.0,,,,,,,,,,,,,,,,,0.0,0.0,0.0,,,,,,0.127,0.0,553.023,0.477,,,,,,,,,,,,,,,,0.0,0.0,0.0,,,,,,,,,,,,,,,,,,,,,,,,,,,,,,,,,,,,,0.0,0.0,0.0,,,,,,,,,,,,,,,0.226,,,,,,,,,,,,,,,,,,,,,,,,
Comoros,1989,COM,419591.0,466468000.0,,,,,,,,,,,,,,,,,0.0,0.0,0.0,,,,,,-0.123,-0.0,537.172,0.483,,,,,,,,,,,,,,,,0.0,0.0,0.0,,,,,,,,,,,,,,,,,,,,,,,,,,,,,,,,,,,,,0.0,0.0,0.0,,,,,,,,,,,,,,,0.225,,,,,,,,,,,,,,,,,,,,,,,,
Comoros,1990,COM,431128.0,469560000.0,,,,,,,,,,,,,,,,,0.0,0.0,0.0,,,,,,18.277,0.041,618.349,0.568,,,,,,,,,,,,,,,,0.0,0.0,0.0,,,,,,,,,,,,,,,,,,,,,,,,,,,,,,,,,,,,,0.0,0.0,0.0,,,,,,,,,,,,,,,0.267,,,,,,,,,,,,,,,,,,,,,,,,
Comoros,1991,COM,442286.0,484441600.0,,,,,,,,,,,,,,,,,0.0,0.0,0.0,,,,,,-3.471,-0.009,581.827,0.531,,,,,,,,,,,,,,,,0.0,0.0,0.0,,,,,,,,,,,,,,,,,,,,,,,,,,,,,,,,,,,,,0.0,0.0,0.0,,,,,,,,,,,,,,,0.257,,,,,,,,,,,,,,,,,,,,,,,,
Comoros,1992,COM,452997.0,534666848.0,,,,,,,,,,,,,,,,,0.0,0.0,0.0,,,,,,0.178,0.0,569.078,0.482,,,,,,,,,,,,,,,,0.0,0.0,0.0,,,,,,,,,,,,,,,,,,,,,,,,,,,,,,,,,,,,,0.0,0.0,0.0,,,,,,,,,,,,,,,0.258,,,,,,,,,,,,,,,,,,,,,,,,
Comoros,1993,COM,463325.0,558102848.0,,,,,,,,,,,,,,,,,0.0,0.0,0.0,,,,,,-0.206,-0.001,555.246,0.461,,,,,,,,,,,,,,,,0.0,0.0,0.0,,,,,,,,,,,,,,,,,,,,,,,,,,,,,,,,,,,,,0.0,0.0,0.0,,,,,,,,,,,,,,,0.257,,,,,,,,,,,,,,,,,,,,,,,,
Comoros,1994,COM,473485.0,536542944.0,,,,,,,,,,,,,,,,,0.0,0.0,0.0,,,,,,0.002,0.0,543.34,0.479,,,,,,,,,,,,,,,,0.0,0.0,0.0,,,,,,,,,,,,,,,,,,,,,,,,,,,,,,,,,,,,,0.0,0.0,0.0,,,,,,,,,,,,,,,0.257,,,,,,,,,,,,,,,,,,,,,,,,
Comoros,1995,COM,483767.0,563630464.0,,,,,,,,,,,,,,,,,0.0,0.0,0.0,,,,,,-0.069,-0.0,531.424,0.456,,,,,,,,,,,,,,,,0.0,0.0,0.0,,,,,,,,,,,,,,,,,,,,,,,,,,,,,,,,,,,,,0.0,0.0,0.0,,,,,,,,,,,,,,,0.257,,,,,,,,,,,,,,,,,,,,,,,,
Comoros,1996,COM,494289.0,563951168.0,,,,,,,,,,,,,,,,,0.0,0.0,0.0,,,,,,0.274,0.001,521.536,0.457,,,,,,,,,,,,,,,,0.0,0.0,0.0,,,,,,,,,,,,,,,,,,,,,,,,,,,,,,,,,,,,,0.0,0.0,0.0,,,,,,,,,,,,,,,0.258,,,,,,,,,,,,,,,,,,,,,,,,
Comoros,1997,COM,505041.0,595856768.0,,,,,,,,,,,,,,,,,0.0,0.0,0.0,,,,,,-0.227,-0.001,509.272,0.432,,,,,,,,,,,,,,,,0.0,0.0,0.0,,,,,,,,,,,,,,,,,,,,,,,,,,,,,,,,,,,,,0.0,0.0,0.0,,,,,,,,,,,,,,,0.257,,,,,,,,,,,,,,,,,,,,,,,,
Comoros,1998,COM,515974.0,611159232.0,,,,,,,,,,,,,,,,,0.0,0.0,0.0,,,,,,21.844,0.056,607.367,0.513,,,,,,,,,,,,,,,,0.0,0.0,0.0,,,,,,,,,,,,,,,,,,,,,,,,,,,,,,,,,,,,,0.0,0.0,0.0,,,,,,,,,,,,,,,0.313,,,,,,,,,,,,,,,,,,,,,,,,
Comoros,1999,COM,526450.0,631495296.0,,,,,,,,,,,,,,,,,0.0,0.0,0.0,,,,,,0.007,0.0,595.323,0.496,,,,,,,,,,,,,,,,0.0,0.0,0.0,,,,,,,,,,,,,,,,,,,,,,,,,,,,,,,,,,,,,0.0,0.0,0.0,,,,,,,,,,,,,,,0.313,,,,,,,,,,,,,,,,,,,,,,,,
Comoros,2000,COM,536762.0,656399296.0,,,,,0.0,0.0,0.0,,500.0,,,,,0.0,0.0,,0.0,0.0,0.0,0.0,,0.02,0.02,,39.874,0.125,816.702,0.668,,,37.26,0.02,,,100.0,,,,,0.0,0.0,,,0.0,0.0,0.0,0.0,,0.01,,,,0.0,0.0,,0.0,,,,,0.0,0.0,,0.0,,0.0,0.0,,,,0.0,0.0,,0.0,,,,,37.26,0.02,,,0.0,0.0,0.0,100.0,,,0.0,0.0,,,0.0,0.0,,0.0,0.0,,37.26,0.438,,,,0.0,0.0,,0.0,,,,,0.0,0.0,,0.0,,,,,0.0,0.0,,0.0,
Comoros,2001,COM,547757.0,680582080.0,,,,,0.0,0.0,0.0,,666.667,,,,,0.0,0.0,,0.0,0.0,0.0,0.0,,0.03,0.03,,4.375,0.019,835.325,0.672,,,54.769,0.03,,,100.0,,,,,0.0,0.0,,,0.0,0.0,0.0,0.0,,0.02,,,,0.0,0.0,,0.0,,,,,0.0,0.0,,0.0,,0.0,0.0,,,,0.0,0.0,,0.0,,,,,54.769,0.03,,,0.0,0.0,0.0,100.0,,,0.0,0.0,,,0.0,0.0,,0.0,0.0,,54.769,0.458,,,,0.0,0.0,,0.0,,,,,0.0,0.0,,0.0,,,,,0.0,0.0,,0.0,
Comoros,2002,COM,559053.0,705937280.0,,,,,0.0,0.0,0.0,,666.667,,,,,0.0,0.0,,0.0,0.0,0.0,0.0,,0.03,0.03,,0.631,0.003,823.612,0.652,,,53.662,0.03,,,100.0,,,,,0.0,0.0,,,0.0,0.0,0.0,0.0,,0.02,,,,0.0,0.0,,0.0,,,,,0.0,0.0,,0.0,,0.0,0.0,,,,0.0,0.0,,0.0,,,,,53.662,0.03,,,0.0,0.0,0.0,100.0,,,0.0,0.0,,,0.0,0.0,,0.0,0.0,,53.662,0.46,,,,0.0,0.0,,0.0,,,,,0.0,0.0,,0.0,,,,,0.0,0.0,,0.0,
Comoros,2003,COM,570142.0,731630272.0,,,,,0.0,0.0,0.0,,666.667,,,,,0.0,0.0,,0.0,0.0,0.0,0.0,,0.03,0.03,,27.804,0.128,1032.137,0.804,,,52.618,0.03,,,100.0,,,,,0.0,0.0,,,0.0,0.0,0.0,0.0,,0.02,,,,0.0,0.0,,0.0,,,,,0.0,0.0,,0.0,,0.0,0.0,,,,0.0,0.0,,0.0,,,,,52.618,0.03,,,0.0,0.0,0.0,100.0,,,0.0,0.0,,,0.0,0.0,,0.0,0.0,,52.618,0.588,,,,0.0,0.0,,0.0,,,,,0.0,0.0,,0.0,,,,,0.0,0.0,,0.0,
Comoros,2004,COM,581161.0,755848576.0,,,,,0.0,0.0,0.0,,750.0,,,,,0.0,0.0,,0.0,0.0,0.0,0.0,,0.04,0.04,,9.783,0.058,1111.626,0.855,,,68.828,0.04,,,100.0,,,,,0.0,0.0,,,0.0,0.0,0.0,0.0,,0.03,,,,0.0,0.0,,0.0,,,,,0.0,0.0,,0.0,,0.0,0.0,,,,0.0,0.0,,0.0,,,,,68.828,0.04,,,0.0,0.0,0.0,100.0,,,0.0,0.0,,,0.0,0.0,,0.0,0.0,,68.828,0.646,,,,0.0,0.0,,0.0,,,,,0.0,0.0,,0.0,,,,,0.0,0.0,,0.0,
Comoros,2005,COM,592691.0,788522816.0,,,,,0.0,0.0,0.0,,750.0,,,,,0.0,0.0,,0.0,0.0,0.0,0.0,,0.04,0.04,,-3.946,-0.025,1046.985,0.787,,,67.489,0.04,,,100.0,,,,,0.0,0.0,,,0.0,0.0,0.0,0.0,,0.03,,,,0.0,0.0,,0.0,,,,,0.0,0.0,,0.0,,0.0,0.0,,,,0.0,0.0,,0.0,,,,,67.489,0.04,,,0.0,0.0,0.0,100.0,,,0.0,0.0,,,0.0,0.0,,0.0,0.0,,67.489,0.621,,,,0.0,0.0,,0.0,,,,,0.0,0.0,,0.0,,,,,0.0,0.0,,0.0,
Comoros,2006,COM,604664.0,888321664.0,,,,,0.0,0.0,0.0,,750.0,,,,,0.0,0.0,,0.0,0.0,0.0,0.0,,0.04,0.04,,16.382,0.102,1194.371,0.813,,,66.152,0.04,,,100.0,,,,,0.0,0.0,,,0.0,0.0,0.0,0.0,,0.03,,,,0.0,0.0,,0.0,,,,,0.0,0.0,,0.0,,0.0,0.0,,,,0.0,0.0,,0.0,,,,,66.152,0.04,,,0.0,0.0,0.0,100.0,,,0.0,0.0,,,0.0,0.0,,0.0,0.0,,66.152,0.722,,,,0.0,0.0,,0.0,,,,,0.0,0.0,,0.0,,,,,0.0,0.0,,0.0,
Comoros,2007,COM,616901.0,908328192.0,,,,,0.0,0.0,0.0,,750.0,,,,,0.0,0.0,,0.0,0.0,0.0,0.0,,0.04,0.04,,-33.92,-0.245,773.59,0.525,,,64.84,0.04,,,100.0,,,,,0.0,0.0,,,0.0,0.0,0.0,0.0,,0.03,,,,0.0,0.0,,0.0,,,,,0.0,0.0,,0.0,,0.0,0.0,,,,0.0,0.0,,0.0,,,,,64.84,0.04,,,0.0,0.0,0.0,100.0,,,0.0,0.0,,,0.0,0.0,,0.0,0.0,,64.84,0.477,,,,0.0,0.0,,0.0,,,,,0.0,0.0,,0.0,,,,,0.0,0.0,,0.0,
Comoros,2008,COM,629476.0,956653440.0,,,,,0.0,0.0,0.0,,750.0,,,,,0.0,0.0,,0.0,0.0,0.0,0.0,,0.04,0.04,,1.942,0.009,772.859,0.509,,,63.545,0.04,,,100.0,,,,,0.0,0.0,,,0.0,0.0,0.0,0.0,,0.03,,,,0.0,0.0,,0.0,,,,,0.0,0.0,,0.0,,0.0,0.0,,,,0.0,0.0,,0.0,,,,,63.545,0.04,,,0.0,0.0,0.0,100.0,,,0.0,0.0,,,0.0,0.0,,0.0,0.0,,63.545,0.486,,,,0.0,0.0,,0.0,,,,,0.0,0.0,,0.0,,,,,0.0,0.0,,0.0,
Comoros,2009,COM,642498.0,1004144768.0,,,,,0.0,0.0,0.0,,750.0,,,,,0.0,0.0,,0.0,0.0,0.0,0.0,,0.04,0.04,,21.961,0.107,923.48,0.591,,,62.257,0.04,,,100.0,,,,,0.0,0.0,,,0.0,0.0,0.0,0.0,,0.03,,,,0.0,0.0,,0.0,,,,,0.0,0.0,,0.0,,0.0,0.0,,,,0.0,0.0,,0.0,,,,,62.257,0.04,,,0.0,0.0,0.0,100.0,,,0.0,0.0,,,0.0,0.0,,0.0,0.0,,62.257,0.593,,,,0.0,0.0,,0.0,,,,,0.0,0.0,,0.0,,,,,0.0,0.0,,0.0,
Comoros,2010,COM,656032.0,1011389056.0,,,,,0.0,0.0,0.0,,750.0,,,,,0.0,0.0,,0.0,0.0,0.0,0.0,,0.04,0.04,,18.771,0.111,1074.197,0.697,,,60.973,0.04,,,100.0,,,,,0.0,0.0,,,0.0,0.0,0.0,0.0,,0.03,,,,0.0,0.0,,0.0,,,,,0.0,0.0,,0.0,,0.0,0.0,,,,0.0,0.0,,0.0,,,,,60.973,0.04,,,0.0,0.0,0.0,100.0,,,0.0,0.0,,,0.0,0.0,,0.0,0.0,,60.973,0.705,,,,0.0,0.0,,0.0,,,,,0.0,0.0,,0.0,,,,,0.0,0.0,,0.0,
Comoros,2011,COM,670081.0,1067838016.0,,,,,0.0,0.0,0.0,,800.0,,,,,0.0,0.0,,0.0,0.0,0.0,0.0,,0.05,0.05,,-10.165,-0.072,944.776,0.593,,,74.618,0.05,,,100.0,,,,,0.0,0.0,,,0.0,0.0,0.0,0.0,,0.04,,,,0.0,0.0,,0.0,,,,,0.0,0.0,,0.0,,0.0,0.0,,,,0.0,0.0,,0.0,,,,,74.618,0.05,,,0.0,0.0,0.0,100.0,,,0.0,0.0,,,0.0,0.0,,0.0,0.0,,74.618,0.633,,,,0.0,0.0,,0.0,,,,,0.0,0.0,,0.0,,,,,0.0,0.0,,0.0,
Comoros,2012,COM,684564.0,1112132992.0,,,,,0.0,0.0,0.0,,800.0,,,,,0.0,0.0,,0.0,0.0,0.0,0.0,,0.05,0.05,,3.957,0.025,961.38,0.592,,,73.039,0.05,,,100.0,,,,,0.0,0.0,,,0.0,0.0,0.0,0.0,,0.04,,,,0.0,0.0,,0.0,,,,,0.0,0.0,,0.0,,0.0,0.0,,,,0.0,0.0,,0.0,,,,,73.039,0.05,,,0.0,0.0,0.0,100.0,,,0.0,0.0,,,0.0,0.0,,0.0,0.0,,73.039,0.658,,,,0.0,0.0,,0.0,,,,,0.0,0.0,,0.0,,,,,0.0,0.0,,0.0,
Comoros,2013,COM,699397.0,1217488000.0,,,,,0.0,0.0,0.0,,800.0,,,,,0.0,0.0,,0.0,0.0,0.0,0.0,,0.05,0.05,,19.324,0.127,1122.832,0.645,,,71.49,0.05,,,100.0,,,,,0.0,0.0,,,0.0,0.0,0.0,0.0,,0.04,,,,0.0,0.0,,0.0,,,,,0.0,0.0,,0.0,,0.0,0.0,,,,0.0,0.0,,0.0,,,,,71.49,0.05,,,0.0,0.0,0.0,100.0,,,0.0,0.0,,,0.0,0.0,,0.0,0.0,,71.49,0.785,,,,0.0,0.0,,0.0,,,,,0.0,0.0,,0.0,,,,,0.0,0.0,,0.0,
Comoros,2014,COM,714617.0,1263249024.0,,,,,0.0,0.0,0.0,,800.0,,,,,0.0,0.0,,0.0,0.0,0.0,0.0,,0.05,0.05,,-10.677,-0.084,981.591,0.555,,,69.968,0.05,,,100.0,,,,,0.0,0.0,,,0.0,0.0,0.0,0.0,,0.04,,,,0.0,0.0,,0.0,,,,,0.0,0.0,,0.0,,0.0,0.0,,,,0.0,0.0,,0.0,,,,,69.968,0.05,,,0.0,0.0,0.0,100.0,,,0.0,0.0,,,0.0,0.0,,0.0,0.0,,69.968,0.701,,,,0.0,0.0,,0.0,,,,,0.0,0.0,,0.0,,,,,0.0,0.0,,0.0,
Comoros,2015,COM,730221.0,1324576000.0,,,,,0.0,0.0,0.0,,800.0,,,,,0.0,0.0,,0.0,0.0,0.0,0.0,,0.05,0.05,,7.887,0.055,1036.378,0.571,,,68.472,0.05,,,100.0,,,,,0.0,0.0,,,0.0,0.0,0.0,0.0,,0.04,,,,0.0,0.0,,0.0,,,,,0.0,0.0,,0.0,,0.0,0.0,,,,0.0,0.0,,0.0,,,,,68.472,0.05,,,0.0,0.0,0.0,100.0,,,0.0,0.0,,,0.0,0.0,,0.0,0.0,,68.472,0.757,,,,0.0,0.0,,0.0,,,,,0.0,0.0,,0.0,,,,,0.0,0.0,,0.0,
Comoros,2016,COM,746239.0,1353090048.0,,,,,0.0,0.0,0.0,,800.0,,,,,0.0,0.0,,0.0,0.0,0.0,0.0,,0.05,0.05,,17.248,0.131,1189.054,0.656,,,67.003,0.05,,,100.0,,,,,0.0,0.0,,,0.0,0.0,0.0,0.0,,0.04,,,,0.0,0.0,,0.0,,,,,0.0,0.0,,0.0,,0.0,0.0,,,,0.0,0.0,,0.0,,,,,67.003,0.05,,,0.0,0.0,0.0,100.0,,,0.0,0.0,,,0.0,0.0,,0.0,0.0,,67.003,0.887,,,,0.0,0.0,,0.0,,,,,0.0,0.0,,0.0,,,,,0.0,0.0,,0.0,
Comoros,2017,COM,761672.0,1384111232.0,,,,,0.0,0.0,0.0,,666.667,,,,,0.0,0.0,,,,,0.0,,0.09,0.09,,28.114,0.249,1492.484,0.821,,,118.161,0.09,,,100.0,,,,,0.0,0.0,,,,,,0.0,,0.06,,,,0.0,0.0,,0.0,,,,,0.0,0.0,,0.0,,0.0,0.0,,,,0.0,0.0,,0.0,,,,,118.161,0.09,,,,,,100.0,,,0.0,0.0,,,0.0,0.0,,0.0,0.0,,118.161,1.137,,,,0.0,0.0,,0.0,,,,,0.0,0.0,,0.0,,,,,0.0,0.0,,0.0,
Comoros,2018,COM,776322.0,1416032128.0,,,,,0.0,0.0,0.0,,666.667,,,,,0.0,0.0,,,,,0.0,,0.09,0.09,,8.807,0.1,1593.286,0.873,,,115.931,0.09,,,100.0,,,,,0.0,0.0,,,,,,0.0,,0.06,,,,0.0,0.0,,0.0,,,,,0.0,0.0,,0.0,,0.0,0.0,,,,0.0,0.0,,0.0,,,,,115.931,0.09,,,,,,100.0,,,0.0,0.0,,,0.0,0.0,,0.0,0.0,,115.931,1.237,,,,0.0,0.0,,0.0,,,,,0.0,0.0,,0.0,,,,,0.0,0.0,,0.0,
Comoros,2019,COM,790993.0,,,,,,0.0,0.0,0.0,,700.0,,,,,0.0,0.0,,,,,0.0,,0.1,0.1,,7.802,0.096,1685.73,,,,126.423,0.1,,,100.0,,,,,0.0,0.0,,,,,,0.0,,0.07,,,,0.0,0.0,,0.0,,,,,0.0,0.0,,0.0,,0.0,0.0,,,,0.0,0.0,,0.0,,,,,126.423,0.1,,,,,,100.0,,,0.0,0.0,,,0.0,0.0,,0.0,0.0,,126.423,1.333,,,,0.0,0.0,,0.0,,,,,0.0,0.0,,0.0,,,,,0.0,0.0,,0.0,
Comoros,2020,COM,806168.0,,,,,,0.0,0.0,0.0,,692.308,,,,,0.0,0.0,,,,,0.0,,0.13,0.13,,-4.591,-0.061,1578.063,,,,161.257,0.13,,,100.0,,,,,0.0,0.0,,,,,,0.0,,0.09,,,,0.0,0.0,,0.0,,,,,0.0,0.0,,0.0,,0.0,0.0,,,,0.0,0.0,,0.0,,,,,161.257,0.13,,,,,,100.0,,,0.0,0.0,,,0.0,0.0,,0.0,0.0,,161.257,1.272,,,,0.0,0.0,,0.0,,,,,0.0,0.0,,0.0,,,,,0.0,0.0,,0.0,
Comoros,2021,COM,821632.0,,,,,,0.0,0.0,0.0,,714.286,,,,,0.0,0.0,,,,,0.0,,0.14,0.14,,5.517,0.07,1633.784,,,,170.393,0.14,,,100.0,,,,,0.0,0.0,,,,,,0.0,,0.1,,,,0.0,0.0,,0.0,,,,,0.0,0.0,,0.0,,0.0,0.0,,,,0.0,0.0,,0.0,,,,,170.393,0.14,,,,,,100.0,,,0.0,0.0,,,0.0,0.0,,0.0,0.0,,170.393,1.342,,,,0.0,0.0,,0.0,,,,,0.0,0.0,,0.0,,,,,0.0,0.0,,0.0,
Congo,1900,COG,607115.0,,,,,,,,,,,,,,,,,,,,,,,,,,,,,,,,,,,,,,,,,,,,,,,,,,,,,,,,,,,,,,,,,,,,,,,,,,,,,,,,,,,,,0.0,0.0,,,,,,,,,,,,,,,,,,,,,,,,,,,,,,,,,,,,,,,
Congo,1901,COG,602542.0,,,,,,,,,,,,,,,,,,,,,,,,,,,,,,,,,,,,,,,,,,,,,,,,,,,,,,,,,,,,,,,,,,,,,,,,,,,,,,,,,,,,0.0,0.0,0.0,,,,,,,,,,,,,,,,,,,,,,,,,,,,,,,,,,,,,,,
Congo,1902,COG,597397.0,,,,,,,,,,,,,,,,,,,,,,,,,,,,,,,,,,,,,,,,,,,,,,,,,,,,,,,,,,,,,,,,,,,,,,,,,,,,,,,,,,,,0.0,0.0,0.0,,,,,,,,,,,,,,,,,,,,,,,,,,,,,,,,,,,,,,,
Congo,1903,COG,591689.0,,,,,,,,,,,,,,,,,,,,,,,,,,,,,,,,,,,,,,,,,,,,,,,,,,,,,,,,,,,,,,,,,,,,,,,,,,,,,,,,,,,,0.0,0.0,0.0,,,,,,,,,,,,,,,,,,,,,,,,,,,,,,,,,,,,,,,
Congo,1904,COG,586035.0,,,,,,,,,,,,,,,,,,,,,,,,,,,,,,,,,,,,,,,,,,,,,,,,,,,,,,,,,,,,,,,,,,,,,,,,,,,,,,,,,,,,0.0,0.0,0.0,,,,,,,,,,,,,,,,,,,,,,,,,,,,,,,,,,,,,,,
Congo,1905,COG,580436.0,,,,,,,,,,,,,,,,,,,,,,,,,,,,,,,,,,,,,,,,,,,,,,,,,,,,,,,,,,,,,,,,,,,,,,,,,,,,,,,,,,,,0.0,0.0,0.0,,,,,,,,,,,,,,,,,,,,,,,,,,,,,,,,,,,,,,,
Congo,1906,COG,574889.0,,,,,,,,,,,,,,,,,,,,,,,,,,,,,,,,,,,,,,,,,,,,,,,,,,,,,,,,,,,,,,,,,,,,,,,,,,,,,,,,,,,,0.0,0.0,0.0,,,,,,,,,,,,,,,,,,,,,,,,,,,,,,,,,,,,,,,
Congo,1907,COG,569396.0,,,,,,,,,,,,,,,,,,,,,,,,,,,,,,,,,,,,,,,,,,,,,,,,,,,,,,,,,,,,,,,,,,,,,,,,,,,,,,,,,,,,0.0,0.0,0.0,,,,,,,,,,,,,,,,,,,,,,,,,,,,,,,,,,,,,,,
Congo,1908,COG,563954.0,,,,,,,,,,,,,,,,,,,,,,,,,,,,,,,,,,,,,,,,,,,,,,,,,,,,,,,,,,,,,,,,,,,,,,,,,,,,,,,,,,,,0.0,0.0,0.0,,,,,,,,,,,,,,,,,,,,,,,,,,,,,,,,,,,,,,,
Congo,1909,COG,559008.0,,,,,,,,,,,,,,,,,,,,,,,,,,,,,,,,,,,,,,,,,,,,,,,,,,,,,,,,,,,,,,,,,,,,,,,,,,,,,,,,,,,,0.0,0.0,0.0,,,,,,,,,,,,,,,,,,,,,,,,,,,,,,,,,,,,,,,
Congo,1910,COG,554548.0,,,,,,,,,,,,,,,,,,,,,,,,,,,,,,,,,,,,,,,,,,,,,,,,,,,,,,,,,,,,,,,,,,,,,,,,,,,,,,,,,,,,0.0,0.0,0.0,,,,,,,,,,,,,,,,,,,,,,,,,,,,,,,,,,,,,,,
Congo,1911,COG,550569.0,,,,,,,,,,,,,,,,,,,,,,,,,,,,,,,,,,,,,,,,,,,,,,,,,,,,,,,,,,,,,,,,,,,,,,,,,,,,,,,,,,,,0.0,0.0,0.0,,,,,,,,,,,,,,,,,,,,,,,,,,,,,,,,,,,,,,,
Congo,1912,COG,547063.0,,,,,,,,,,,,,,,,,,,,,,,,,,,,,,,,,,,,,,,,,,,,,,,,,,,,,,,,,,,,,,,,,,,,,,,,,,,,,,,,,,,,0.0,0.0,0.0,,,,,,,,,,,,,,,,,,,,,,,,,,,,,,,,,,,,,,,
Congo,1913,COG,544024.0,,,,,,,,,,,,,,,,,,,,,,,,,,,,,,,,,,,,,,,,,,,,,,,,,,,,,,,,,,,,,,,,,,,,,,,,,,,,,,,,,,,,0.0,0.0,0.0,,,,,,,,,,,,,,,,,,,,,,,,,,,,,,,,,,,,,,,
Congo,1914,COG,541001.0,,,,,,,,,,,,,,,,,,,,,,,,,,,,,,,,,,,,,,,,,,,,,,,,,,,,,,,,,,,,,,,,,,,,,,,,,,,,,,,,,,,,0.0,0.0,0.0,,,,,,,,,,,,,,,,,,,,,,,,,,,,,,,,,,,,,,,
Congo,1915,COG,537996.0,,,,,,,,,,,,,,,,,,,,,,,,,,,,,,,,,,,,,,,,,,,,,,,,,,,,,,,,,,,,,,,,,,,,,,,,,,,,,,,,,,,,0.0,0.0,0.0,,,,,,,,,,,,,,,,,,,,,,,,,,,,,,,,,,,,,,,
Congo,1916,COG,535007.0,,,,,,,,,,,,,,,,,,,,,,,,,,,,,,,,,,,,,,,,,,,,,,,,,,,,,,,,,,,,,,,,,,,,,,,,,,,,,,,,,,,,0.0,0.0,0.0,,,,,,,,,,,,,,,,,,,,,,,,,,,,,,,,,,,,,,,
Congo,1917,COG,532034.0,,,,,,,,,,,,,,,,,,,,,,,,,,,,,,,,,,,,,,,,,,,,,,,,,,,,,,,,,,,,,,,,,,,,,,,,,,,,,,,,,,,,0.0,0.0,0.0,,,,,,,,,,,,,,,,,,,,,,,,,,,,,,,,,,,,,,,
Congo,1918,COG,528842.0,,,,,,,,,,,,,,,,,,,,,,,,,,,,,,,,,,,,,,,,,,,,,,,,,,,,,,,,,,,,,,,,,,,,,,,,,,,,,,,,,,,,0.0,0.0,0.0,,,,,,,,,,,,,,,,,,,,,,,,,,,,,,,,,,,,,,,
Congo,1919,COG,527863.0,,,,,,,,,,,,,,,,,,,,,,,,,,,,,,,,,,,,,,,,,,,,,,,,,,,,,,,,,,,,,,,,,,,,,,,,,,,,,,,,,,,,0.0,0.0,0.0,,,,,,,,,,,,,,,,,,,,,,,,,,,,,,,,,,,,,,,
Congo,1920,COG,529118.0,,,,,,,,,,,,,,,,,,,,,,,,,,,,,,,,,,,,,,,,,,,,,,,,,,,,,,,,,,,,,,,,,,,,,,,,,,,,,,,,,,,,0.0,0.0,0.0,,,,,,,,,,,,,,,,,,,,,,,,,,,,,,,,,,,,,,,
Congo,1921,COG,532626.0,,,,,,,,,,,,,,,,,,,,,,,,,,,,,,,,,,,,,,,,,,,,,,,,,,,,,,,,,,,,,,,,,,,,,,,,,,,,,,,,,,,,0.0,0.0,0.0,,,,,,,,,,,,,,,,,,,,,,,,,,,,,,,,,,,,,,,
Congo,1922,COG,538408.0,,,,,,,,,,,,,,,,,,,,,,,,,,,,,,,,,,,,,,,,,,,,,,,,,,,,,,,,,,,,,,,,,,,,,,,,,,,,,,,,,,,,0.0,0.0,0.0,,,,,,,,,,,,,,,,,,,,,,,,,,,,,,,,,,,,,,,
Congo,1923,COG,546484.0,,,,,,,,,,,,,,,,,,,,,,,,,,,,,,,,,,,,,,,,,,,,,,,,,,,,,,,,,,,,,,,,,,,,,,,,,,,,,,,,,,,,0.0,0.0,0.0,,,,,,,,,,,,,,,,,,,,,,,,,,,,,,,,,,,,,,,
Congo,1924,COG,554681.0,,,,,,,,,,,,,,,,,,,,,,,,,,,,,,,,,,,,,,,,,,,,,,,,,,,,,,,,,,,,,,,,,,,,,,,,,,,,,,,,,,,,0.0,0.0,0.0,,,,,,,,,,,,,,,,,,,,,,,,,,,,,,,,,,,,,,,
Congo,1925,COG,563001.0,,,,,,,,,,,,,,,,,,,,,,,,,,,,,,,,,,,,,,,,,,,,,,,,,,,,,,,,,,,,,,,,,,,,,,,,,,,,,,,,,,,,0.0,0.0,0.0,,,,,,,,,,,,,,,,,,,,,,,,,,,,,,,,,,,,,,,
Congo,1926,COG,571446.0,,,,,,,,,,,,,,,,,,,,,,,,,,,,,,,,,,,,,,,,,,,,,,,,,,,,,,,,,,,,,,,,,,,,,,,,,,,,,,,,,,,,0.0,0.0,0.0,,,,,,,,,,,,,,,,,,,,,,,,,,,,,,,,,,,,,,,
Congo,1927,COG,580018.0,,,,,,,,,,,,,,,,,,,,,,,,,,,,,,,,,,,,,,,,,,,,,,,,,,,,,,,,,,,,,,,,,,,,,,,,,,,,,,,,,,,,0.0,0.0,0.0,,,,,,,,,,,,,,,,,,,,,,,,,,,,,,,,,,,,,,,
Congo,1928,COG,588718.0,,,,,,,,,,,,,,,,,,,,,,,,,,,,,,,,,,,,,,,,,,,,,,,,,,,,,,,,,,,,,,,,,,,,,,,,,,,,,,,,,,,,0.0,0.0,0.0,,,,,,,,,,,,,,,,,,,,,,,,,,,,,,,,,,,,,,,
Congo,1929,COG,597428.0,,,,,,,,,,,,,,,,,,,,,,,,,,,,,,,,,,,,,,,,,,,,,,,,,,,,,,,,,,,,,,,,,,,,,,,,,,,,,,,,,,,,0.0,0.0,0.0,,,,,,,,,,,,,,,,,,,,,,,,,,,,,,,,,,,,,,,
Congo,1930,COG,606145.0,,,,,,,,,,,,,,,,,,,,,,,,,,,,,,,,,,,,,,,,,,,,,,,,,,,,,,,,,,,,,,,,,,,,,,,,,,,,,,,,,,,,0.0,0.0,0.0,,,,,,,,,,,,,,,,,,,,,,,,,,,,,,,,,,,,,,,
Congo,1931,COG,614868.0,,,,,,,,,,,,,,,,,,,,,,,,,,,,,,,,,,,,,,,,,,,,,,,,,,,,,,,,,,,,,,,,,,,,,,,,,,,,,,,,,,,,0.0,0.0,0.0,,,,,,,,,,,,,,,,,,,,,,,,,,,,,,,,,,,,,,,
Congo,1932,COG,623596.0,,,,,,,,,,,,,,,,,,,,,,,,,,,,,,,,,,,,,,,,,,,,,,,,,,,,,,,,,,,,,,,,,,,,,,,,,,,,,,,,,,,,0.0,0.0,0.0,,,,,,,,,,,,,,,,,,,,,,,,,,,,,,,,,,,,,,,
Congo,1933,COG,632326.0,,,,,,,,,,,,,,,,,,,,,,,,,,,,,,,,,,,,,,,,,,,,,,,,,,,,,,,,,,,,,,,,,,,,,,,,,,,,,,,,,,,,0.0,0.0,0.0,,,,,,,,,,,,,,,,,,,,,,,,,,,,,,,,,,,,,,,
Congo,1934,COG,641179.0,,,,,,,,,,,,,,,,,,,,,,,,,,,,,,,,,,,,,,,,,,,,,,,,,,,,,,,,,,,,,,,,,,,,,,,,,,,,,,,,,,,,0.0,0.0,0.0,,,,,,,,,,,,,,,,,,,,,,,,,,,,,,,,,,,,,,,
Congo,1935,COG,650155.0,,,,,,,,,,,,,,,,,,,,,,,,,,,,,,,,,,,,,,,,,,,,,,,,,,,,,,,,,,,,,,,,,,,,,,,,,,,,,,,,,,,,0.0,0.0,0.0,,,,,,,,,,,,,,,,,,,,,,,,,,,,,,,,,,,,,,,
Congo,1936,COG,659258.0,,,,,,,,,,,,,,,,,,,,,,,,,,,,,,,,,,,,,,,,,,,,,,,,,,,,,,,,,,,,,,,,,,,,,,,,,,,,,,,,,,,,0.0,0.0,0.0,,,,,,,,,,,,,,,,,,,,,,,,,,,,,,,,,,,,,,,
Congo,1937,COG,668487.0,,,,,,,,,,,,,,,,,,,,,,,,,,,,,,,,,,,,,,,,,,,,,,,,,,,,,,,,,,,,,,,,,,,,,,,,,,,,,,,,,,,,0.0,0.0,0.0,,,,,,,,,,,,,,,,,,,,,,,,,,,,,,,,,,,,,,,
Congo,1938,COG,677846.0,,,,,,,,,,,,,,,,,,,,,,,,,,,,,,,,,,,,,,,,,,,,,,,,,,,,,,,,,,,,,,,,,,,,,,,,,,,,,,,,,,,,0.0,0.0,0.0,,,,,,,,,,,,,,,,,,,,,,,,,,,,,,,,,,,,,,,
Congo,1939,COG,687893.0,,,,,,,,,,,,,,,,,,,,,,,,,,,,,,,,,,,,,,,,,,,,,,,,,,,,,,,,,,,,,,,,,,,,,,,,,,,,,,,,,,,,0.0,0.0,0.0,,,,,,,,,,,,,,,,,,,,,,,,,,,,,,,,,,,,,,,
Congo,1940,COG,698649.0,,,,,,,,,,,,,,,,,,,,,,,,,,,,,,,,,,,,,,,,,,,,,,,,,,,,,,,,,,,,,,,,,,,,,,,,,,,,,,,,,,,,0.0,0.0,0.0,,,,,,,,,,,,,,,,,,,,,,,,,,,,,,,,,,,,,,,
Congo,1941,COG,710132.0,,,,,,,,,,,,,,,,,,,,,,,,,,,,,,,,,,,,,,,,,,,,,,,,,,,,,,,,,,,,,,,,,,,,,,,,,,,,,,,,,,,,0.0,0.0,0.0,,,,,,,,,,,,,,,,,,,,,,,,,,,,,,,,,,,,,,,
Congo,1942,COG,722365.0,,,,,,,,,,,,,,,,,,,,,,,,,,,,,,,,,,,,,,,,,,,,,,,,,,,,,,,,,,,,,,,,,,,,,,,,,,,,,,,,,,,,0.0,0.0,0.0,,,,,,,,,,,,,,,,,,,,,,,,,,,,,,,,,,,,,,,
Congo,1943,COG,735368.0,,,,,,,,,,,,,,,,,,,,,,,,,,,,,,,,,,,,,,,,,,,,,,,,,,,,,,,,,,,,,,,,,,,,,,,,,,,,,,,,,,,,0.0,0.0,0.0,,,,,,,,,,,,,,,,,,,,,,,,,,,,,,,,,,,,,,,
Congo,1944,COG,748604.0,,,,,,,,,,,,,,,,,,,,,,,,,,,,,,,,,,,,,,,,,,,,,,,,,,,,,,,,,,,,,,,,,,,,,,,,,,,,,,,,,,,,0.0,0.0,0.0,,,,,,,,,,,,,,,,,,,,,,,,,,,,,,,,,,,,,,,
Congo,1945,COG,762079.0,,,,,,,,,,,,,,,,,,,,,,,,,,,,,,,,,,,,,,,,,,,,,,,,,,,,,,,,,,,,,,,,,,,,,,,,,,,,,,,,,,,,0.0,0.0,0.0,,,,,,,,,,,,,,,,,,,,,,,,,,,,,,,,,,,,,,,
Congo,1946,COG,775797.0,,,,,,,,,,,,,,,,,,,,,,,,,,,,,,,,,,,,,,,,,,,,,,,,,,,,,,,,,,,,,,,,,,,,,,,,,,,,,,,,,,,,0.0,0.0,0.0,,,,,,,,,,,,,,,,,,,,,,,,,,,,,,,,,,,,,,,
Congo,1947,COG,789761.0,,,,,,,,,,,,,,,,,,,,,,,,,,,,,,,,,,,,,,,,,,,,,,,,,,,,,,,,,,,,,,,,,,,,,,,,,,,,,,,,,,,,0.0,0.0,0.0,,,,,,,,,,,,,,,,,,,,,,,,,,,,,,,,,,,,,,,
Congo,1948,COG,803977.0,,,,,,,,,,,,,,,,,,,,,,,,,,,,,,,,,,,,,,,,,,,,,,,,,,,,,,,,,,,,,,,,,,,,,,,,,,,,,,,,,,,,0.0,0.0,0.0,,,,,,,,,,,,,,,,,,,,,,,,,,,,,,,,,,,,,,,
Congo,1949,COG,819090.0,,,,,,,,,,,,,,,,,,,,,,,,,,,,,,,,,,,,,,,,,,,,,,,,,,,,,,,,,,,,,,,,,,,,,,,,,,,,,,,,,,,,0.0,0.0,0.0,,,,,,,,,,,,,,,,,,,,,,,,,,,,,,,,,,,,,,,
Congo,1950,COG,835136.0,1398939392.0,,,,,,,,,,,,,,,,,,,,,,,,,,,,,,,,,,,,,,,,,,,,,,,,,,,,,,,,,,,,,,,,,,,,,,,,,,,,,,,,,,,0.0,0.0,0.0,,,,,,,,,,,,,,,,,,,,,,,,,,,,,,,,,,,,,,,
Congo,1951,COG,853259.0,1450224896.0,,,,,,,,,,,,,,,,,,,,,,,,,,,,,,,,,,,,,,,,,,,,,,,,,,,,,,,,,,,,,,,,,,,,,,,,,,,,,,,,,,,0.0,0.0,0.0,,,,,,,,,,,,,,,,,,,,,,,,,,,,,,,,,,,,,,,
Congo,1952,COG,872091.0,1502887808.0,,,,,,,,,,,,,,,,,,,,,,,,,,,,,,,,,,,,,,,,,,,,,,,,,,,,,,,,,,,,,,,,,,,,,,,,,,,,,,,,,,,0.0,0.0,0.0,,,,,,,,,,,,,,,,,,,,,,,,,,,,,,,,,,,,,,,
Congo,1953,COG,891714.0,1557881728.0,,,,,,,,,,,,,,,,,,,,,,,,,,,,,,,,,,,,,,,,,,,,,,,,,,,,,,,,,,,,,,,,,,,,,,,,,,,,,,,,,,,0.0,0.0,0.0,,,,,,,,,,,,,,,,,,,,,,,,,,,,,,,,,,,,,,,
Congo,1954,COG,912138.0,1615341440.0,,,,,,,,,,,,,,,,,,,,,,,,,,,,,,,,,,,,,,,,,,,,,,,,,,,,,,,,,,,,,,,,,,,,,,,,,,,,,,,,,,,0.0,0.0,0.0,,,,,,,,,,,,,,,,,,,,,,,,,,,,,,,,,,,,,,,
Congo,1955,COG,933422.0,1675407872.0,,,,,,,,,,,,,,,,,,,,,,,,,,,,,,,,,,,,,,,,,,,,,,,,,,,,,,,,,,,,,,,,,,,,,,,,,,,,,,,,,,,0.0,0.0,0.0,,,,,,,,,,,,,,,,,,,,,,,,,,,,,,,,,,,,,,,
Congo,1956,COG,955727.0,1736390528.0,,,,,,,,,,,,,,,,,,,,,,,,,,,,,,,,,,,,,,,,,,,,,,,,,,,,,,,,,,,,,,,,,,,,,,,,,,,,,,,,,,,0.0,0.0,0.0,,,,,,,,,,,,,,,,,,,,,,,,,,,,,,,,,,,,,,,
Congo,1957,COG,979068.0,1800036608.0,,,,,,,,,,,,,,,,,,,,,,,,,,,,,,,,,,,,,,,,,,,,,,,,,,,,,,,,,,,,,,,,,,,,,,,,,,,,,,,,,,,0.0,0.0,0.0,,,,,,,,,,,,,,,,,,,,,,,,,,,,,,,,,,,,,,,
Congo,1958,COG,1003503.0,1868409088.0,,,,,,,,,,,,,,,,,,,,,,,,,,,,,,,,,,,,,,,,,,,,,,,,,,,,,,,,,,,,,,,,,,,,,,,,,,,,,,,,,,,0.0,0.0,0.0,,,,,,,,,,,,,,,,,,,,,,,,,,,,,,,,,,,,,,,
Congo,1959,COG,1029056.0,1938843904.0,,,,,,,,,,,,,,,,,,,,,,,,,,,,,,,,,,,,,,,,,,,,,,,,,,,,,,,,,,,,,,,,,,,,,,,,,,,,,,,,,,,0.0,0.0,0.0,,,,,,,,,,,,,,,,,,,,,,,,,,,,,,,,,,,,,,,
Congo,1960,COG,1055696.0,2003425792.0,,,,,,,,,,,,,,,,,,,,,,,,,,,,,,,,,,,,,,,,,,,,,,,,,,,,,,,,,,,,,,,,,,,,,,,,,,,,,,,,,,,0.605,572.854,0.605,,,,,,,,,,,,,,,,,,,,,,,,,,,,,,,,,,,,,,,
Congo,1961,COG,1083432.0,2069710208.0,,,,,,,,,,,,,,,,,,,,,,,,,,,,,,,,,,,,,,,,,,,,,,,,,,,,,,,,,,,,,,,,,,,,,,,,,,,,,,,,,,98.077,0.593,1105.644,1.198,,,,,,,,,,,,,,,,,,,,,,,,,,,,,,,,,,,,,,,
Congo,1962,COG,1112347.0,2136717056.0,,,,,,,,,,,,,,,,,,,,,,,,,,,,,,,,,,,,,,,,,,,,,,,,,,,,,,,,,,,,,,,,,,,,,,,,,,,,,,,,,,19.417,0.233,1286.011,1.43,,,,,,,,,,,,,,,,,,,,,,,,,,,,,,,,,,,,,,,
Congo,1963,COG,1142606.0,2207655680.0,,,,,,,,,,,,,,,,,,,,,,,,,,,,,,,,,,,,,,,,,,,,,,,,,,,,,,,,,,,,,,,,,,,,,,,,,,,,,,,,,,-11.382,-0.163,1109.455,1.268,,,,,,,,,,,,,,,,,,,,,,,,,,,,,,,,,,,,,,,
Congo,1964,COG,1174274.0,2281648384.0,,,,,,,,,,,,,,,,,,,,,,,,,,,,,,,,,,,,,,,,,,,,,,,,,,,,,,,,,,,,,,,,,,,,,,,,,,,,,,,,,,-23.853,-0.302,822.031,0.965,,,,,,,,,,,,,,,,,,,,,,,,,,,,,,,,,,,,,,,
Congo,1965,COG,1207417.0,2358845696.0,,,,,,,,,,,,,,,,,,,,,,,,,,,,,,,,,,,,,,,,,,,,,,,,,,,,,,,,,,,,,,,,,,,,,,,,,,,,,,,,,,-14.458,-0.14,683.881,0.826,,,,,,,,,,,,,,,,,,,,,,,,,,,,,,,,,,,,,,,
Congo,1966,COG,1242124.0,2483153408.0,,,,,,,,,,,,,,,,,,,,,,,,,,,,,,,,,,,,,,,,,,,,,,,,,,,,,,,,,,,,,,,,,,,,,,,,,,,,,,,,,,-12.676,-0.105,580.506,0.721,,,,,,,,,,,,,,,,,,,,,,,,,,,,,,,,,,,,,,,
Congo,1967,COG,1278323.0,2614348288.0,,,,,,,,,,,,,,,,,,,,,,,,,,,,,,,,,,,,,,,,,,,,,,,,,,,,,,,,,,,,,,,,,,,,,,,,,,,,,,,,,,-19.355,-0.14,454.893,0.581,,,,,,,,,,,,,,,,,,,,,,,,,,,,,,,,,,,,,,,
Congo,1968,COG,1316130.0,2751623936.0,,,,,,,,,,,,,,,,,,,,,,,,,,,,,,,,,,,,,,,,,,,,,,,,,,,,,,,,,,,,,,,,,,,,,,,,,,,,,,,,,,-14.0,-0.081,379.97,0.5,,,,,,,,,,,,,,,,,,,,,,,,,,,,,,,,,,,,,,,
Congo,1969,COG,1355712.0,2896268544.0,,,,,,,,,,,,,,,,,,,,,,,,,,,,,,,,,,,,,,,,,,,,,,,,,,,,,,,,,,,,,,,,,,,,,,,,,,,,,,,,,,-44.186,-0.221,205.884,0.279,,,,,,,,,,,,,,,,,,,,,,,,,,,,,,,,,,,,,,,
Congo,1970,COG,1396991.0,3048689664.0,,,,,,,,,,,,,,,,,,,,,,,,,,,,,,,,,,,,,,,,,,,,,,,,,,,,,,,,,,,,,,,,,,,,,,,,,,,,,,,,,,-20.833,-0.058,158.176,0.221,,,,,,,,,,,,,,,,,,,,,,,,,,,,,,,,,,,,,,,
Congo,1971,COG,1440168.0,3324551424.0,,,,,,,,,,,,,,,,,,,,,,,,,,,,,,,,,,,,,,,,,,,,,,,,,,,,,,,,,,,,,,,,,,,,,,,,,,,,,,,,,,-26.316,-0.058,113.056,0.163,,,,,,,,,,,,,,,,,,,,,,,,,,,,,,,,,,,,,,,
Congo,1972,COG,1485280.0,3461062656.0,,,,,,,,,,,,,,,,,,,,,,,,,,,,,,,,,,,,,,,,,,,,,,,,,,,,,,,,,,,,,,,,,,,,,,,,,,,,,,,,,,2300.0,3.745,2630.938,3.908,,,,,,,,,,,,,,,,,,,,,,,,,,,,,,,,,,,,,,,
Congo,1973,COG,1532076.0,4060542208.0,,,,,,,,,,,,,,,,,,,,,,,,,,,,,,,,,,,,,,,,,,,,,,,,,,,,,,,,,,,,,,,,,,,,,,,,,,,,,,,,,,522.321,20.411,15872.797,24.318,,,,,,,,,,,,,,,,,,,,,,,,,,,,,,,,,,,,,,,
Congo,1974,COG,1580286.0,4028233984.0,,,,,,,,,,,,,,,,,,,,,,,,,,,,,,,,,,,,,,,,,,,,,,,,,,,,,,,,,,,,,,,,,,,,,,,,,,,,,,,,,,17.408,4.233,18067.395,28.552,,,,,,,,,,,,,,,,,,,,,,,,,,,,,,,,,,,,,,,
Congo,1975,COG,1624940.0,3990269184.0,,,,,,,,,,,,,,,,,,,,,,,,,,,,,,,,,,,,,,,,,,,,,,,,,,,,,,,,,,,,,,,,,,,,,,,,,,,,,,,,,,-27.128,-7.746,12804.208,20.806,,,,,,,,,,,,,,,,,,,,,,,,,,,,,,,,,,,,,,,
Congo,1976,COG,1665421.0,4175549184.0,,,,,,,,,,,,,,,,,,,,,,,,,,,,,,,,,,,,,,,,,,,,,,,,,,,,,,,,,,,,,,,,,,,,,,,,,,,,,,,,,,17.384,3.617,14664.76,24.423,,,,,,,,,,,,,,,,,,,,,,,,,,,,,,,,,,,,,,,
Congo,1977,COG,1706186.0,3868349696.0,,,,,,,,,,,,,,,,,,,,,,,,,,,,,,,,,,,,,,,,,,,,,,,,,,,,,,,,,,,,,,,,,,,,,,,,,,,,,,,,,,-21.952,-5.361,11172.036,19.062,,,,,,,,,,,,,,,,,,,,,,,,,,,,,,,,,,,,,,,
Congo,1978,COG,1747211.0,4102596352.0,,,,,,,,,,,,,,,,,,,,,,,,,,,,,,,,,,,,,,,,,,,,,,,,,,,,,,,,,,,,,,,,,,,,,,,,,,,,,,,,,,48.261,9.199,16174.864,28.261,,,,,,,,,,,,,,,,,,,,,,,,,,,,,,,,,,,,,,,
Congo,1979,COG,1788229.0,4566231040.0,,,,,,,,,,,,,,,,,,,,,,,,,,,,,,,,,,,,,,,,,,,,,,,,,,,,,,,,,,,,,,,,,,,,,,,,,,,,,,,,,,13.663,3.861,17963.059,32.122,,,,,,,,,,,,,,,,,,,,,,,,,,,,,,,,,,,,,,,
Congo,1980,COG,1829262.0,5148435456.0,,,,,,,,,,,,,,,,,,0.0,0.0,,,,,,,,1819.589,0.647,,,,,,,,,,,,,,,,,83.946,0.154,,,,,,,,,,,,,,,,,,,,,,,,,,,,,,,,,,,,14.699,4.722,20141.369,36.844,,,,,,,,,,,,,,,3.329,,,,,,,,,,,,,,,,,,,,,,,,
Congo,1981,COG,1870545.0,6248568320.0,,,,,,,,,,,,,,,,,0.0,0.0,0.0,,,,,,19.661,0.654,2129.285,0.637,,,,,,,,,,,,,,,20.0,0.031,98.512,0.184,,,,,,,,,,,,,,,,,,,,,,,,,,,,,,,,,,,,29.451,10.851,25497.719,47.695,,,,,,,,,,,,,,,3.983,,,,,,,,,,,,,,,,,,,,,,,,
Congo,1982,COG,1911638.0,7730808832.0,,,,,,,,,,,,,,,,,0.0,0.0,0.0,,,,,,-8.794,-0.35,1900.283,0.47,,,,,,,,,,,,,,,0.0,0.0,96.394,0.184,,,,,,,,,,,,,,,,,,,,,,,,,,,,,,,,,,,,11.022,5.257,27699.486,52.951,,,,,,,,,,,,,,,3.633,,,,,,,,,,,,,,,,,,,,,,,,
Congo,1983,COG,1951854.0,8179162112.0,,,,,,,,,,,,,,,,,0.0,0.0,0.0,,,,,,-9.45,-0.343,1685.261,0.402,,,,,,,,,,,,,,,16.667,0.031,110.143,0.215,,,,,,,,,,,,,,,,,,,,,,,,,,,,,,,,,,,,17.834,9.444,31967.016,62.395,,,,,,,,,,,,,,,3.289,,,,,,,,,,,,,,,,,,,,,,,,
Congo,1984,COG,2001746.0,8786887680.0,,,,,,,,,,,,,,,,,0.0,0.0,0.0,,,,,,2.496,0.082,1684.269,0.384,,,,,,,,,,,,,,,0.0,0.0,107.397,0.215,,,,,,,,,,,,,,,,,,,,,,,,,,,,,,,,,,,,12.302,7.676,35004.816,70.071,,,,,,,,,,,,,,,3.371,,,,,,,,,,,,,,,,,,,,,,,,
Congo,1985,COG,2062565.0,8706874368.0,,,,,,,,,,,,,,,,,0.0,0.0,0.0,,,,,,44.549,1.502,2362.804,0.56,,,,,,,,,,,,,,,185.714,0.399,297.802,0.614,,,,,,,,,,,,,,,,,,,,,,,,,,,,,,,,,,,,-1.461,-1.023,33476.43,69.047,,,,,,,,,,,,,,,4.873,,,,,,,,,,,,,,,,,,,,,,,,
Congo,1986,COG,2124873.0,8124672000.0,,,,,,,,,,,,,,,,,0.0,0.0,0.0,,,,,,-8.185,-0.399,2105.792,0.551,,,,,,,,,,,,,,,-80.0,-0.491,57.814,0.123,,,,,,,,,,,,,,,,,,,,,,,,,,,,,,,,,,,,0.236,0.163,32571.422,69.21,,,,,,,,,,,,,,,4.475,,,,,,,,,,,,,,,,,,,,,,,,
Congo,1987,COG,2188660.0,8162838016.0,,,,,,,,,,,,,,,,,0.0,0.0,0.0,,,,,,21.086,0.943,2475.496,0.664,,,,,,,,,,,,,,,400.0,0.491,280.644,0.614,,,,,,,,,,,,,,,,,,,,,,,,,,,,,,,,,,,,6.15,4.257,33566.984,73.467,,,,,,,,,,,,,,,5.418,,,,,,,,,,,,,,,,,,,,,,,,
Congo,1988,COG,2253337.0,8324278272.0,,,,,,,,,,,,,,,,,0.0,0.0,0.0,,,,,,-19.09,-1.034,1945.427,0.527,,,,,,,,,,,,,,,-100.0,-0.614,0.0,0.0,,,,,,,,,,,,,,,,,,,,,,,,,,,,,,,,,,,,11.414,8.385,36324.77,81.852,,,,,,,,,,,,,,,4.384,,,,,,,,,,,,,,,,,,,,,,,,
Congo,1989,COG,2319181.0,8492042752.0,,,,,,,,,,,,,,,,,0.0,0.0,0.0,,,,,,15.864,0.695,2190.059,0.598,,,,,,,,,,,,,,,,0.0,0.0,0.0,,,,,,,,,,,,,,,,,,,,,,,,,,,,,,,,,,,,13.129,10.746,39927.051,92.598,,,,,,,,,,,,,,,5.079,,,,,,,,,,,,,,,,,,,,,,,,
Congo,1990,COG,2385433.0,8597208064.0,,,,,,,,,,,,,,,,,0.0,0.0,0.0,,,,,,11.127,0.565,2366.145,0.657,,,,,,,,,,,,,,,,0.0,0.0,0.0,,,,,,,,,,,,,,,,,,,,,,,,,,,,,,,,,,,,0.841,0.779,39144.789,93.377,,,,,,,,,,,,,,,5.644,,,,,,,,,,,,,,,,,,,,,,,,
Congo,1991,COG,2452681.0,9009690624.0,,,,,,,,,,,,,,,,,0.0,0.0,0.0,,,,,,-8.525,-0.481,2105.086,0.573,,,,,,,,,,,,,,,,0.0,0.0,0.0,,,,,,,,,,,,,,,,,,,,,,,,,,,,,,,,,,,,0.311,0.291,38190.055,93.668,,,,,,,,,,,,,,,5.163,,,,,,,,,,,,,,,,,,,,,,,,
Congo,1992,COG,2520964.0,9460320256.0,,,,,,,,,,,,,,,,,0.0,0.0,0.0,,,,,,-4.348,-0.224,1959.026,0.522,,,,,,,,,,,,,,,,0.0,0.0,0.0,,,,,,,,,,,,,,,,,,,,,,,,,,,,,,,,,,,,7.251,6.792,39849.812,100.46,,,,,,,,,,,,,,,4.939,,,,,,,,,,,,,,,,,,,,,,,,
Congo,1993,COG,2594181.0,9584776192.0,,,,,,,,,,,,,,,,,0.0,0.0,0.0,,,,,,-9.886,-0.488,1715.528,0.464,,,,,,,,,,,,,,,,0.0,0.0,0.0,,,,,,,,,,,,,,,,,,,,,,,,,,,,,,,,,,,,10.419,10.467,42759.906,110.927,,,,,,,,,,,,,,,4.45,,,,,,,,,,,,,,,,,,,,,,,,
Congo,1994,COG,2669220.0,9269115904.0,,,,,,,,,,,,,,,,,0.0,0.0,0.0,,,,,,-5.179,-0.23,1580.958,0.455,,,,,,,,,,,,,,,,0.0,0.0,0.0,,,,,,,,,,,,,,,,,,,,,,,,,,,,,,,,,,,,0.252,0.279,41662.383,111.206,,,,,,,,,,,,,,,4.22,,,,,,,,,,,,,,,,,,,,,,,,
Congo,1995,COG,2742316.0,9864780800.0,,,,,,,,,,,,,,,,,0.0,0.0,0.0,,,,,,2.223,0.094,1573.03,0.437,,,,,,,,,,,,,,,,0.0,0.0,0.0,,,,,,,,,,,,,,,,,,,,,,,,,,,,,,,,,,,,-3.085,-3.431,39300.801,107.775,,,,,,,,,,,,,,,4.314,,,,,,,,,,,,,,,,,,,,,,,,
Congo,1996,COG,2816600.0,10738714624.0,,,,,,,,,,,,,,,,,0.0,0.0,0.0,,,,,,6.318,0.273,1628.301,0.427,,,,,,,,,,,,,,,,0.0,0.0,0.0,,,,,,,,,,,,,,,,,,,,,,,,,,,,,,,,,,,,11.784,12.7,42773.262,120.475,,,,,,,,,,,,,,,4.586,,,,,,,,,,,,,,,,,,,,,,,,
Congo,1997,COG,2875047.0,10724889600.0,,,,,,,,,,,,,,,,,0.0,0.0,0.0,,,,,,-2.451,-0.112,1556.099,0.417,,,,,,,,,,,,,,,,0.0,0.0,0.0,,,,,,,,,,,,,,,,,,,,,,,,,,,,,,,,,,,,11.845,14.27,46867.129,134.745,,,,,,,,,,,,,,,4.474,,,,,,,,,,,,,,,,,,,,,,,,
Congo,1998,COG,2937169.0,11368402944.0,,,,,,,,,,,,,,,,,0.0,0.0,0.0,,,,,,-6.833,-0.306,1419.106,0.367,,,,,,,,,,,,,,,,0.0,0.0,0.0,,,,,,,,,,,,,,,,,,,,,,,,,,,,,,,,,,,,17.374,23.411,53846.535,158.156,,,,,,,,,,,,,,,4.168,,,,,,,,,,,,,,,,,,,,,,,,
Congo,1999,COG,3016661.0,11329485824.0,,,,,,,,,,,,,,,,,0.0,0.0,0.0,,,,,,-16.32,-0.68,1156.21,0.308,,,,,,,,,,,,,,,,0.0,0.0,0.0,,,,,,,,,,,,,,,,,,,,,,,,,,,,,,,,,,,,0.941,1.489,52921.059,159.645,,,,,,,,,,,,,,,3.488,,,,,,,,,,,,,,,,,,,,,,,,
Congo,2000,COG,3134034.0,12472091648.0,,,,,0.0,0.0,0.0,,34.483,,,,,0.0,0.0,,0.0,0.0,0.0,0.0,,0.55,0.29,,10.296,0.359,1227.492,0.308,,,0.0,0.0,,,0.0,,,,,0.0,0.0,,,0.0,0.0,0.0,0.0,,0.01,,,,92.533,0.29,,100.0,,,,,92.533,0.29,,100.0,,0.26,47.273,,,,0.0,0.0,,0.0,,,,,0.0,0.0,,-1.523,-2.432,50163.07,157.213,0.0,,,0.0,0.0,,,0.0,0.0,,0.0,0.0,,92.533,3.847,,,,92.533,0.29,,100.0,,,,,0.0,0.0,,0.0,,,,,0.0,0.0,,0.0,
Congo,2001,COG,3254105.0,13249297408.0,,,,,0.0,0.0,0.0,,30.303,,,,,0.0,0.0,,0.0,0.0,0.0,0.0,,0.58,0.33,,22.754,0.875,1451.196,0.356,,,0.0,0.0,,,0.0,,,,,0.0,0.0,,,0.0,0.0,0.0,0.0,,0.01,,,,101.41,0.33,,100.0,,,,,101.41,0.33,,100.0,,0.25,43.103,,,,0.0,0.0,,0.0,,,,,0.0,0.0,,-7.202,-11.323,44832.5,145.89,0.0,,,0.0,0.0,,,0.0,0.0,,0.0,0.0,,101.41,4.722,,,,101.41,0.33,,100.0,,,,,0.0,0.0,,0.0,,,,,0.0,0.0,,0.0,
Congo,2002,COG,3331170.0,14180940800.0,,,,,0.0,0.0,0.0,,25.641,,,,,0.0,0.0,,0.0,0.0,0.0,0.0,,0.79,0.39,,-7.456,-0.352,1311.922,0.308,,,0.0,0.0,,,0.0,,,,,0.0,0.0,,,0.0,0.0,0.0,0.0,,0.01,,,,117.076,0.39,,100.0,,,,,117.076,0.39,,100.0,,0.4,50.633,,,,0.0,0.0,,0.0,,,,,0.0,0.0,,-3.95,-5.762,42065.578,140.128,0.0,,,0.0,0.0,,,0.0,0.0,,0.0,0.0,,117.076,4.37,,,,117.076,0.39,,100.0,,,,,0.0,0.0,,0.0,,,,,0.0,0.0,,0.0,
Congo,2003,COG,3424664.0,14627809280.0,,,,,5.84,0.02,5.0,,100.0,,,,,0.0,0.0,,0.0,0.0,0.0,0.0,,0.76,0.4,,14.345,0.627,1459.167,0.342,,,11.68,0.04,,,10.0,,,,,0.0,0.0,,,0.0,0.0,0.0,0.0,,0.04,,,,99.28,0.34,,85.0,,,,,105.12,0.36,,90.0,,0.36,47.368,,,,0.0,0.0,,0.0,,,,,11.68,0.04,,-8.652,-12.124,37377.066,128.004,10.0,,,0.02,0.0,,,5.84,0.0,,5.0,0.0,,116.8,4.997,,,,105.12,0.36,,90.0,,,,,0.0,0.0,,0.0,,,,,0.0,0.0,,0.0,
Congo,2004,COG,3543018.0,15504126976.0,,,,,5.645,0.02,5.128,,102.564,,,,,0.0,0.0,,0.0,0.0,0.0,0.0,,0.79,0.39,,6.077,0.304,1496.137,0.342,,,11.29,0.04,,,10.256,,,,,0.0,0.0,,,0.0,0.0,0.0,0.0,,0.04,,,,93.141,0.33,,84.615,,,,,98.786,0.35,,89.744,,0.4,50.633,,,,0.0,0.0,,0.0,,,,,11.29,0.04,,4.214,5.395,37651.105,133.399,10.256,,,0.02,0.0,,,5.645,0.0,,5.128,0.0,,110.076,5.301,,,,98.786,0.35,,89.744,,,,,0.0,0.0,,0.0,,,,,0.0,0.0,,0.0,
Congo,2005,COG,3672845.0,17078566912.0,,,,,5.445,0.02,4.762,,119.048,,,,,0.0,0.0,,0.0,0.0,0.0,0.0,,0.84,0.42,,35.179,1.865,1950.967,0.42,,,13.613,0.05,,,11.905,,,,,0.0,0.0,,,1.302,354.358,1.302,0.0,,0.05,,,,95.294,0.35,,83.333,,,,,100.739,0.37,,88.095,,0.42,50.0,,,,0.0,0.0,,0.0,,,,,13.613,0.05,,9.565,12.759,39794.223,146.158,11.905,,,0.02,0.0,,,5.445,0.0,,4.762,0.0,,114.353,7.166,,,,100.739,0.37,,88.095,,,,,0.0,0.0,,0.0,,,,,0.0,0.0,,0.0,
Congo,2006,COG,3813325.0,18567819264.0,,,,,5.245,0.02,4.545,,113.636,,,,,0.0,0.0,,0.0,0.0,0.0,0.0,,0.85,0.44,,19.25,1.379,2240.816,0.46,,,13.112,0.05,,,11.364,,,,,0.0,0.0,,50.0,0.651,511.956,1.952,0.0,,0.05,,,,97.028,0.37,,84.091,,,,,102.273,0.39,,88.636,,0.41,48.235,,,,0.0,0.0,,0.0,,,,,13.112,0.05,,12.987,18.981,43305.805,165.139,11.364,,,0.02,0.0,,,5.245,0.0,,4.545,0.0,,115.385,8.545,,,,102.273,0.39,,88.636,,,,,0.0,0.0,,0.0,,,,,0.0,0.0,,0.0,
Congo,2007,COG,3956337.0,18699022336.0,,,,,2.528,0.01,2.5,,125.0,,,,,0.0,0.0,,0.0,0.0,0.0,0.0,,0.85,0.4,,23.051,1.97,2657.684,0.562,,,15.166,0.06,,,15.0,,,,,0.0,0.0,,61.111,1.193,795.003,3.145,0.0,,0.05,,,,83.41,0.33,,82.5,,,,,85.938,0.34,,85.0,,0.45,52.941,,,,0.0,0.0,,0.0,,,,,15.166,0.06,,-19.123,-31.579,33758.438,133.56,15.0,,,0.01,0.0,,,2.528,0.0,,2.5,0.0,,101.104,10.515,,,,85.938,0.34,,85.0,,,,,0.0,0.0,,0.0,,,,,0.0,0.0,,0.0,
Congo,2008,COG,4089607.0,20269996032.0,,,,,4.89,0.02,4.167,,145.833,,,,,0.0,0.0,,0.0,0.0,0.0,0.0,,0.92,0.48,,13.824,1.454,2926.504,0.59,,,22.007,0.09,,,18.75,,,,,0.0,0.0,,27.586,0.868,981.26,4.013,0.0,,0.07,,,,90.473,0.37,,77.083,,,,,95.364,0.39,,81.25,,0.44,47.826,,,,0.0,0.0,,0.0,,,,,22.007,0.09,,6.215,8.3,34687.922,141.86,18.75,,,0.02,0.0,,,4.89,0.0,,4.167,0.0,,117.371,11.968,,,,95.364,0.39,,81.25,,,,,0.0,0.0,,0.0,,,,,0.0,0.0,,0.0,
Congo,2009,COG,4257234.0,22298685440.0,,,,,7.047,0.03,5.769,,250.0,,,,,0.0,0.0,,0.0,0.0,0.0,0.0,,0.96,0.52,,21.365,2.557,3411.898,0.651,,,37.583,0.16,,,30.769,,,,,0.0,0.0,,43.243,1.735,1350.244,5.748,0.0,,0.13,,,,77.515,0.33,,63.462,,,,,84.562,0.36,,69.231,,0.44,45.833,,,,0.0,0.0,,0.0,,,,,37.583,0.16,,15.535,22.038,38498.805,163.898,30.769,,,0.03,0.0,,,7.047,0.0,,5.769,0.0,,122.145,14.525,,,,84.562,0.36,,69.231,,,,,0.0,0.0,,0.0,,,,,0.0,0.0,,0.0,
Congo,2010,COG,4437883.0,24809039872.0,,,,,2.253,0.01,1.316,,236.842,,,,,0.0,0.0,,0.0,0.0,0.0,0.0,,1.04,0.76,,36.266,5.268,4460.019,0.798,,,72.106,0.32,,,42.105,,,,,60.84,0.27,,75.472,4.338,2272.851,10.087,35.526,,0.18,,,,96.893,0.43,,56.579,,,,,99.146,0.44,,57.895,,0.28,26.923,,,,0.0,0.0,,0.0,,,,,11.267,0.05,,13.83,22.667,42039.301,186.566,6.579,,,0.01,0.0,,,2.253,0.0,,1.316,0.0,,171.253,19.793,,,,99.146,0.44,,57.895,,,,,0.0,0.0,,0.0,,,,,0.0,0.0,,0.0,
Congo,2011,COG,4584223.0,26249132032.0,,,,,2.181,0.01,0.806,,209.677,,,,,0.0,0.0,,0.0,0.0,0.0,0.0,,1.27,1.24,,20.129,3.984,5186.757,0.906,,,98.163,0.45,,,36.29,,,,,82.893,0.38,,23.656,2.386,2720.796,12.473,30.645,,0.26,,,,170.149,0.78,,62.903,,,,,172.33,0.79,,63.71,,0.03,2.362,,,,0.0,0.0,,0.0,,,,,15.27,0.07,,-4.51,-8.413,38862.023,178.152,5.645,,,0.01,0.0,,,2.181,0.0,,0.806,0.0,,270.493,23.777,,,,172.33,0.79,,63.71,,,,,0.0,0.0,,0.0,,,,,0.0,0.0,,0.0,
Congo,2012,COG,4713260.0,27252115456.0,,,,,4.243,0.02,1.22,,213.415,,,,,0.0,0.0,,0.0,0.0,0.0,0.0,,1.67,1.64,,2.572,0.612,5174.505,0.895,,,135.787,0.64,,,39.024,,,,,114.57,0.54,,1.652,0.206,2690.029,12.679,32.927,,0.35,,,,207.924,0.98,,59.756,,,,,212.167,1.0,,60.976,,0.03,1.796,,,,0.0,0.0,,0.0,,,,,21.217,0.1,,-7.03,-12.525,35140.707,165.627,6.098,,,0.02,0.0,,,4.243,0.0,,1.22,0.0,,347.954,24.389,,,,212.167,1.0,,60.976,,,,,0.0,0.0,,0.0,,,,,0.0,0.0,,0.0,
Congo,2013,COG,4828073.0,28145424384.0,,,,,4.142,0.02,1.212,,224.242,,,,,0.0,0.0,,0.0,0.0,0.0,0.0,,1.69,1.65,,26.417,6.443,6385.898,1.095,,,138.772,0.67,,,40.606,,,,,115.988,0.56,,41.146,5.217,3706.584,17.896,33.939,,0.37,,,,198.837,0.96,,58.182,,,,,202.98,0.98,,59.394,,0.04,2.367,,,,0.0,0.0,,0.0,,,,,22.783,0.11,,-13.467,-22.305,29685.207,143.322,6.667,,,0.02,0.0,,,4.142,0.0,,1.212,0.0,,341.751,30.832,,,,202.98,0.98,,59.394,,,,,0.0,0.0,,0.0,,,,,0.0,0.0,,0.0,
Congo,2014,COG,4944865.0,30068551680.0,,,,,4.045,0.02,1.19,,232.143,,,,,0.0,0.0,,0.0,0.0,0.0,0.0,,1.68,1.68,,-4.864,-1.5,5931.768,0.975,,,145.606,0.72,,,42.857,,,,,121.338,0.6,,-9.091,-1.627,3290.036,16.269,35.714,,0.39,,,,190.096,0.94,,55.952,,,,,194.141,0.96,,57.143,,0.0,0.0,,,,0.0,0.0,,0.0,,,,,24.268,0.12,,4.609,6.605,30319.893,149.928,7.143,,,0.02,0.0,,,4.045,0.0,,1.19,0.0,,339.746,29.332,,,,194.141,0.96,,57.143,,,,,0.0,0.0,,0.0,,,,,0.0,0.0,,0.0,
Congo,2015,COG,5064390.0,30428346368.0,,,,,9.873,0.05,1.873,,318.352,,,,,0.0,0.0,,0.0,0.0,0.0,0.0,,2.65,2.67,,0.851,0.25,5841.056,0.972,,,302.109,1.53,,,57.303,,,,,252.745,1.28,,0.0,0.0,3212.388,16.269,47.94,,0.85,,,,215.228,1.09,,40.824,,,,,225.101,1.14,,42.697,,-0.02,-0.755,,,,0.0,0.0,,0.0,,,,,49.364,0.25,,-7.43,-11.139,27404.848,138.789,9.363,,,0.05,0.0,,,9.873,0.0,,1.873,0.0,,527.211,29.581,,,,225.101,1.14,,42.697,,,,,0.0,0.0,,0.0,,,,,0.0,0.0,,0.0,
Congo,2016,COG,5186830.0,29575751680.0,,,,,9.64,0.05,1.767,,321.555,,,,,0.0,0.0,,0.0,0.0,0.0,0.0,,2.83,2.83,,-4.44,-1.313,5449.973,0.956,,,320.041,1.66,,,58.657,,,,,267.986,1.39,,-6.667,-1.085,2927.454,15.184,49.117,,0.91,,,,215.932,1.12,,39.576,,,,,225.571,1.17,,41.343,,0.0,0.0,,,,0.0,0.0,,0.0,,,,,52.055,0.27,,-0.383,-0.532,26655.41,138.257,9.541,,,0.05,0.0,,,9.64,0.0,,1.767,0.0,,545.613,28.268,,,,225.571,1.17,,41.343,,,,,0.0,0.0,,0.0,,,,,0.0,0.0,,0.0,
Congo,2017,COG,5312347.0,29051668480.0,,,,,9.412,0.05,1.754,,312.281,,,,,0.0,0.0,,,,,0.0,,2.85,2.85,,-25.107,-7.097,3985.205,0.729,,,303.068,1.61,,,56.491,,,,,252.243,1.34,,0.0,,,,47.018,,0.89,,,,224.006,1.19,,41.754,,,,,233.418,1.24,,43.509,,0.0,0.0,,,,0.0,0.0,,0.0,,,,,50.825,0.27,,16.085,22.239,30211.938,160.496,9.474,,,0.05,0.0,,,9.412,0.0,,1.754,0.0,,536.486,21.171,,,,233.418,1.24,,43.509,,,,,0.0,0.0,,0.0,,,,,0.0,0.0,,0.0,
Congo,2018,COG,5441061.0,29513590784.0,,,,,11.027,0.06,2.02,,333.333,,,,,0.0,0.0,,,,,0.0,,2.97,2.97,,-7.342,-1.554,3605.274,0.665,,,334.494,1.82,,,61.279,,,,,279.357,1.52,,0.0,,,,51.178,,0.99,,,,200.329,1.09,,36.7,,,,,211.356,1.15,,38.721,,0.0,0.0,,,,0.0,0.0,,0.0,,,,,55.136,0.3,,22.689,36.415,36189.949,196.912,10.101,,,0.06,0.0,,,11.027,0.0,,2.02,0.0,,545.849,19.617,,,,211.356,1.15,,38.721,,,,,0.0,0.0,,0.0,,,,,0.0,0.0,,0.0,
Congo,2019,COG,5570736.0,,,,,,16.156,0.09,2.459,,401.639,,,,,0.0,0.0,,,,,0.0,,3.64,3.66,,-18.389,-3.607,2873.82,,,,488.266,2.72,,,74.317,,,,,407.487,2.27,,0.0,,,,62.022,,1.47,,,,152.583,0.85,,23.224,,,,,168.739,0.94,,25.683,,-0.02,-0.549,,,,0.0,0.0,,0.0,,,,,80.779,0.45,,1.745,3.436,35964.344,200.348,12.295,,,0.09,0.0,,,16.156,0.0,,2.459,0.0,,657.005,16.009,,,,168.739,0.94,,25.683,,,,,0.0,0.0,,0.0,,,,,0.0,0.0,,0.0,
Congo,2020,COG,5702183.0,,,,,,10.522,0.06,1.567,,391.645,,,,,0.0,0.0,,,,,0.0,,3.83,3.83,,-15.245,-2.441,2379.556,,,,503.316,2.87,,,74.935,,,,,445.443,2.54,,0.0,,,,66.319,,1.5,,,,157.834,0.9,,23.499,,,,,168.357,0.96,,25.065,,0.0,0.0,,,,0.0,0.0,,0.0,,,,,57.873,0.33,,-8.56,-17.15,32127.668,183.198,8.616,,,0.06,0.0,,,10.522,0.0,,1.567,0.0,,671.673,13.569,,,,168.357,0.96,,25.065,,,,,0.0,0.0,,0.0,,,,,0.0,0.0,,0.0,
Congo,2021,COG,5835814.0,,,,,,10.281,0.06,1.493,,395.522,,,,,0.0,0.0,,,,,0.0,,4.02,4.02,,0.987,0.134,2348.011,,,,524.348,3.06,,,76.119,,,,,469.515,2.74,,0.0,,,,68.159,,1.59,,,,154.22,0.9,,22.388,,,,,164.501,0.96,,23.881,,0.0,0.0,,,,0.0,0.0,,0.0,,,,,54.834,0.32,,-11.11,-20.354,27904.283,162.844,7.96,,,0.06,0.0,,,10.281,0.0,,1.493,0.0,,688.85,13.703,,,,164.501,0.96,,23.881,,,,,0.0,0.0,,0.0,,,,,0.0,0.0,,0.0,
Congo,2022,COG,5970430.0,,,,,,,,,,,,,,,,,,,,,,,,,,,,,,,,,,,,,,,,,,,,0.0,,,,,,,,,,,,,,,,,,,,,,,,,,,,,,,,,,,,,,,-1.711,-2.786,26808.555,160.059,,,,,,,,,,,,,,,,,,,,,,,,,,,,,,,,,,,,,,,
Cook Islands,1980,COK,17675.0,,,,,,,,,,,,,,,,,,,0.0,0.0,,,,,,,,6944.599,,,,,,,,,,,,,,,,,,0.0,0.0,,,,,,,,,,,,,,,,,,,,,,,,,,,,,,,,,,,,,,0.0,0.0,,,,,,,,,,,,,,,0.123,,,,,,,,,,,,,,,,,,,,,,,,
Cook Islands,1981,COK,17582.0,,,,,,,,,,,,,,,,,,0.0,0.0,0.0,,,,,,99.454,0.122,13924.516,,,,,,,,,,,,,,,,,0.0,0.0,0.0,,,,,,,,,,,,,,,,,,,,,,,,,,,,,,,,,,,,,0.0,0.0,0.0,,,,,,,,,,,,,,,0.245,,,,,,,,,,,,,,,,,,,,,,,,
Cook Islands,1982,COK,17425.0,,,,,,,,,,,,,,,,,,0.0,0.0,0.0,,,,,,0.0,0.0,14049.977,,,,,,,,,,,,,,,,,0.0,0.0,0.0,,,,,,,,,,,,,,,,,,,,,,,,,,,,,,,,,,,,,0.0,0.0,0.0,,,,,,,,,,,,,,,0.245,,,,,,,,,,,,,,,,,,,,,,,,
Cook Islands,1983,COK,17204.0,,,,,,,,,,,,,,,,,,0.0,0.0,0.0,,,,,,0.0,0.0,14230.46,,,,,,,,,,,,,,,,,0.0,0.0,0.0,,,,,,,,,,,,,,,,,,,,,,,,,,,,,,,,,,,,,0.0,0.0,0.0,,,,,,,,,,,,,,,0.245,,,,,,,,,,,,,,,,,,,,,,,,
Cook Islands,1984,COK,16940.0,,,,,,,,,,,,,,,,,,0.0,0.0,0.0,,,,,,0.274,0.001,14491.829,,,,,,,,,,,,,,,,,0.0,0.0,0.0,,,,,,,,,,,,,,,,,,,,,,,,,,,,,,,,,,,,,0.0,0.0,0.0,,,,,,,,,,,,,,,0.245,,,,,,,,,,,,,,,,,,,,,,,,
Cook Islands,1985,COK,16677.0,,,,,,,,,,,,,,,,,,0.0,0.0,0.0,,,,,,-0.273,-0.001,14680.148,,,,,,,,,,,,,,,,,0.0,0.0,0.0,,,,,,,,,,,,,,,,,,,,,,,,,,,,,,,,,,,,,0.0,0.0,0.0,,,,,,,,,,,,,,,0.245,,,,,,,,,,,,,,,,,,,,,,,,
Cook Islands,1986,COK,16518.0,,,,,,,,,,,,,,,,,,0.0,0.0,0.0,,,,,,-25.0,-0.061,11116.093,,,,,,,,,,,,,,,,,0.0,0.0,0.0,,,,,,,,,,,,,,,,,,,,,,,,,,,,,,,,,,,,,0.0,0.0,0.0,,,,,,,,,,,,,,,0.184,,,,,,,,,,,,,,,,,,,,,,,,
Cook Islands,1987,COK,16577.0,,,,,,,,,,,,,,,,,,0.0,0.0,0.0,,,,,,0.0,0.0,11076.529,,,,,,,,,,,,,,,,,0.0,0.0,0.0,,,,,,,,,,,,,,,,,,,,,,,,,,,,,,,,,,,,,0.0,0.0,0.0,,,,,,,,,,,,,,,0.184,,,,,,,,,,,,,,,,,,,,,,,,
Cook Islands,1988,COK,16756.0,,,,,,,,,,,,,,,,,,0.0,0.0,0.0,,,,,,0.274,0.001,10988.224,,,,,,,,,,,,,,,,,0.0,0.0,0.0,,,,,,,,,,,,,,,,,,,,,,,,,,,,,,,,,,,,,0.0,0.0,0.0,,,,,,,,,,,,,,,0.184,,,,,,,,,,,,,,,,,,,,,,,,
Cook Islands,1989,COK,16942.0,,,,,,,,,,,,,,,,,,0.0,0.0,0.0,,,,,,-0.273,-0.001,10837.896,,,,,,,,,,,,,,,,,0.0,0.0,0.0,,,,,,,,,,,,,,,,,,,,,,,,,,,,,,,,,,,,,0.0,0.0,0.0,,,,,,,,,,,,,,,0.184,,,,,,,,,,,,,,,,,,,,,,,,
Cook Islands,1990,COK,17147.0,,,,,,,,,,,,,,,,,,0.0,0.0,0.0,,,,,,0.0,0.0,10708.323,,,,,,,,,,,,,,,,,0.0,0.0,0.0,,,,,,,,,,,,,,,,,,,,,,,,,,,,,,,,,,,,,0.0,0.0,0.0,,,,,,,,,,,,,,,0.184,,,,,,,,,,,,,,,,,,,,,,,,
Cook Islands,1991,COK,17333.0,,,,,,,,,,,,,,,,,,0.0,0.0,0.0,,,,,,-31.227,-0.057,7285.417,,,,,,,,,,,,,,,,,0.0,0.0,0.0,,,,,,,,,,,,,,,,,,,,,,,,,,,,,,,,,,,,,0.0,0.0,0.0,,,,,,,,,,,,,,,0.126,,,,,,,,,,,,,,,,,,,,,,,,
Cook Islands,1992,COK,17481.0,,,,,,,,,,,,,,,,,,0.0,0.0,0.0,,,,,,46.044,0.058,10549.842,,,,,,,,,,,,,,,,,0.0,0.0,0.0,,,,,,,,,,,,,,,,,,,,,,,,,,,,,,,,,,,,,0.0,0.0,0.0,,,,,,,,,,,,,,,0.184,,,,,,,,,,,,,,,,,,,,,,,,
Cook Islands,1993,COK,17583.0,,,,,,,,,,,,,,,,,,0.0,0.0,0.0,,,,,,-0.273,-0.001,10459.976,,,,,,,,,,,,,,,,,0.0,0.0,0.0,,,,,,,,,,,,,,,,,,,,,,,,,,,,,,,,,,,,,0.0,0.0,0.0,,,,,,,,,,,,,,,0.184,,,,,,,,,,,,,,,,,,,,,,,,
Cook Islands,1994,COK,17682.0,,,,,,,,,,,,,,,,,,0.0,0.0,0.0,,,,,,0.0,0.0,10401.423,,,,,,,,,,,,,,,,,0.0,0.0,0.0,,,,,,,,,,,,,,,,,,,,,,,,,,,,,,,,,,,,,0.0,0.0,0.0,,,,,,,,,,,,,,,0.184,,,,,,,,,,,,,,,,,,,,,,,,
Cook Islands,1995,COK,17758.0,,,,,,,,,,,,,,,,,,0.0,0.0,0.0,,,,,,-0.0,-0.0,10356.9,,,,,,,,,,,,,,,,,0.0,0.0,0.0,,,,,,,,,,,,,,,,,,,,,,,,,,,,,,,,,,,,,0.0,0.0,0.0,,,,,,,,,,,,,,,0.184,,,,,,,,,,,,,,,,,,,,,,,,
Cook Islands,1996,COK,17823.0,,,,,,,,,,,,,,,,,,0.0,0.0,0.0,,,,,,0.274,0.001,10347.4,,,,,,,,,,,,,,,,,0.0,0.0,0.0,,,,,,,,,,,,,,,,,,,,,,,,,,,,,,,,,,,,,0.0,0.0,0.0,,,,,,,,,,,,,,,0.184,,,,,,,,,,,,,,,,,,,,,,,,
Cook Islands,1997,COK,17606.0,,,,,,,,,,,,,,,,,,0.0,0.0,0.0,,,,,,-0.275,-0.001,10446.15,,,,,,,,,,,,,,,,,0.0,0.0,0.0,,,,,,,,,,,,,,,,,,,,,,,,,,,,,,,,,,,,,0.0,0.0,0.0,,,,,,,,,,,,,,,0.184,,,,,,,,,,,,,,,,,,,,,,,,
Cook Islands,1998,COK,17092.0,,,,,,,,,,,,,,,,,,0.0,0.0,0.0,,,,,,-0.0,-0.0,10760.266,,,,,,,,,,,,,,,,,0.0,0.0,0.0,,,,,,,,,,,,,,,,,,,,,,,,,,,,,,,,,,,,,0.0,0.0,0.0,,,,,,,,,,,,,,,0.184,,,,,,,,,,,,,,,,,,,,,,,,
Cook Islands,1999,COK,16523.0,,,,,,,,,,,,,,,,,,0.0,0.0,0.0,,,,,,0.0,0.0,11130.868,,,,,,,,,,,,,,,,,0.0,0.0,0.0,,,,,,,,,,,,,,,,,,,,,,,,,,,,,,,,,,,,,0.0,0.0,0.0,,,,,,,,,,,,,,,0.184,,,,,,,,,,,,,,,,,,,,,,,,
Cook Islands,2000,COK,15920.0,,,,,,0.0,0.0,0.0,,500.0,,,,,0.0,0.0,,0.0,0.0,0.0,0.0,,0.02,0.02,,48.899,0.09,17201.518,,,,1256.281,0.02,,,100.0,,,,,0.0,0.0,,,0.0,0.0,0.0,0.0,,0.01,,,,0.0,0.0,,0.0,,,,,0.0,0.0,,0.0,,0.0,0.0,,,,0.0,0.0,,0.0,,,,,1256.281,0.02,,,0.0,0.0,0.0,100.0,,,0.0,0.0,,,0.0,0.0,,0.0,0.0,,1256.281,0.274,,,,0.0,0.0,,0.0,,,,,0.0,0.0,,0.0,,,,,0.0,0.0,,0.0,
Cook Islands,2001,COK,15320.0,,,,,,0.0,0.0,0.0,,500.0,,,,,0.0,0.0,,0.0,0.0,0.0,0.0,,0.02,0.02,,-4.613,-0.013,17050.652,,,,1305.483,0.02,,,100.0,,,,,0.0,0.0,,,0.0,0.0,0.0,0.0,,0.01,,,,0.0,0.0,,0.0,,,,,0.0,0.0,,0.0,,0.0,0.0,,,,0.0,0.0,,0.0,,,,,1305.483,0.02,,,0.0,0.0,0.0,100.0,,,0.0,0.0,,,0.0,0.0,,0.0,0.0,,1305.483,0.261,,,,0.0,0.0,,0.0,,,,,0.0,0.0,,0.0,,,,,0.0,0.0,,0.0,
Cook Islands,2002,COK,15049.0,,,,,,0.0,0.0,0.0,,666.667,,,,,0.0,0.0,,0.0,0.0,0.0,0.0,,0.03,0.03,,-45.817,-0.12,9404.955,,,,1993.488,0.03,,,100.0,,,,,0.0,0.0,,,0.0,0.0,0.0,0.0,,0.02,,,,0.0,0.0,,0.0,,,,,0.0,0.0,,0.0,,0.0,0.0,,,,0.0,0.0,,0.0,,,,,1993.488,0.03,,,0.0,0.0,0.0,100.0,,,0.0,0.0,,,0.0,0.0,,0.0,0.0,,1993.488,0.142,,,,0.0,0.0,,0.0,,,,,0.0,0.0,,0.0,,,,,0.0,0.0,,0.0,
Cook Islands,2003,COK,15100.0,,,,,,0.0,0.0,0.0,,666.667,,,,,0.0,0.0,,0.0,0.0,0.0,0.0,,0.03,0.03,,-7.766,-0.011,8645.277,,,,1986.755,0.03,,,100.0,,,,,0.0,0.0,,,0.0,0.0,0.0,0.0,,0.02,,,,0.0,0.0,,0.0,,,,,0.0,0.0,,0.0,,0.0,0.0,,,,0.0,0.0,,0.0,,,,,1986.755,0.03,,,0.0,0.0,0.0,100.0,,,0.0,0.0,,,0.0,0.0,,0.0,0.0,,1986.755,0.131,,,,0.0,0.0,,0.0,,,,,0.0,0.0,,0.0,,,,,0.0,0.0,,0.0,
Cook Islands,2004,COK,15135.0,,,,,,0.0,0.0,0.0,,666.667,,,,,0.0,0.0,,0.0,0.0,0.0,0.0,,0.03,0.03,,69.616,0.091,14629.907,,,,1982.161,0.03,,,100.0,,,,,0.0,0.0,,,0.0,0.0,0.0,0.0,,0.02,,,,0.0,0.0,,0.0,,,,,0.0,0.0,,0.0,,0.0,0.0,,,,0.0,0.0,,0.0,,,,,1982.161,0.03,,,0.0,0.0,0.0,100.0,,,0.0,0.0,,,0.0,0.0,,0.0,0.0,,1982.161,0.221,,,,0.0,0.0,,0.0,,,,,0.0,0.0,,0.0,,,,,0.0,0.0,,0.0,
Cook Islands,2005,COK,15168.0,,,,,,0.0,0.0,0.0,,666.667,,,,,0.0,0.0,,0.0,0.0,0.0,0.0,,0.03,0.03,,60.083,0.133,23369.021,,,,1977.848,0.03,,,100.0,,,,,0.0,0.0,,,0.0,0.0,0.0,0.0,,0.02,,,,0.0,0.0,,0.0,,,,,0.0,0.0,,0.0,,0.0,0.0,,,,0.0,0.0,,0.0,,,,,1977.848,0.03,,,0.0,0.0,0.0,100.0,,,0.0,0.0,,,0.0,0.0,,0.0,0.0,,1977.848,0.354,,,,0.0,0.0,,0.0,,,,,0.0,0.0,,0.0,,,,,0.0,0.0,,0.0,
Cook Islands,2006,COK,15225.0,,,,,,0.0,0.0,0.0,,666.667,,,,,0.0,0.0,,0.0,0.0,0.0,0.0,,0.03,0.03,,6.548,0.023,24806.082,,,,1970.443,0.03,,,100.0,,,,,0.0,0.0,,,0.0,0.0,0.0,0.0,,0.02,,,,0.0,0.0,,0.0,,,,,0.0,0.0,,0.0,,0.0,0.0,,,,0.0,0.0,,0.0,,,,,1970.443,0.03,,,0.0,0.0,0.0,100.0,,,0.0,0.0,,,0.0,0.0,,0.0,0.0,,1970.443,0.378,,,,0.0,0.0,,0.0,,,,,0.0,0.0,,0.0,,,,,0.0,0.0,,0.0,
Cook Islands,2007,COK,15533.0,,,,,,0.0,0.0,0.0,,666.667,,,,,0.0,0.0,,0.0,0.0,0.0,0.0,,0.03,0.03,,-15.625,-0.059,20515.166,,,,1931.372,0.03,,,100.0,,,,,0.0,0.0,,,0.0,0.0,0.0,0.0,,0.02,,,,0.0,0.0,,0.0,,,,,0.0,0.0,,0.0,,0.0,0.0,,,,0.0,0.0,,0.0,,,,,1931.372,0.03,,,0.0,0.0,0.0,100.0,,,0.0,0.0,,,0.0,0.0,,0.0,0.0,,1931.372,0.319,,,,0.0,0.0,,0.0,,,,,0.0,0.0,,0.0,,,,,0.0,0.0,,0.0,
Cook Islands,2008,COK,16091.0,,,,,,0.0,0.0,0.0,,666.667,,,,,0.0,0.0,,0.0,0.0,0.0,0.0,,0.03,0.03,,2.74,0.009,20346.406,,,,1864.396,0.03,,,100.0,,,,,0.0,0.0,,,0.0,0.0,0.0,0.0,,0.02,,,,0.0,0.0,,0.0,,,,,0.0,0.0,,0.0,,0.0,0.0,,,,0.0,0.0,,0.0,,,,,1864.396,0.03,,,0.0,0.0,0.0,100.0,,,0.0,0.0,,,0.0,0.0,,0.0,0.0,,1864.396,0.327,,,,0.0,0.0,,0.0,,,,,0.0,0.0,,0.0,,,,,0.0,0.0,,0.0,
Cook Islands,2009,COK,16658.0,,,,,,0.0,0.0,0.0,,666.667,,,,,0.0,0.0,,0.0,0.0,0.0,0.0,,0.03,0.03,,-7.87,-0.026,18107.172,,,,1800.937,0.03,,,100.0,,,,,0.0,0.0,,,0.0,0.0,0.0,0.0,,0.02,,,,0.0,0.0,,0.0,,,,,0.0,0.0,,0.0,,0.0,0.0,,,,0.0,0.0,,0.0,,,,,1800.937,0.03,,,0.0,0.0,0.0,100.0,,,0.0,0.0,,,0.0,0.0,,0.0,0.0,,1800.937,0.302,,,,0.0,0.0,,0.0,,,,,0.0,0.0,,0.0,,,,,0.0,0.0,,0.0,
Cook Islands,2010,COK,17237.0,,,,,,0.0,0.0,0.0,,666.667,,,,,0.0,0.0,,0.0,0.0,0.0,0.0,,0.03,0.03,,18.783,0.057,20785.795,,,,1740.442,0.03,,,100.0,,,,,0.0,0.0,,,0.0,0.0,0.0,0.0,,0.02,,,,0.0,0.0,,0.0,,,,,0.0,0.0,,0.0,,0.0,0.0,,,,0.0,0.0,,0.0,,,,,1740.442,0.03,,,0.0,0.0,0.0,100.0,,,0.0,0.0,,,0.0,0.0,,0.0,0.0,,1740.442,0.358,,,,0.0,0.0,,0.0,,,,,0.0,0.0,,0.0,,,,,0.0,0.0,,0.0,
Cook Islands,2011,COK,17795.0,,,,,,0.0,0.0,0.0,,666.667,,,,,0.0,0.0,,0.0,0.0,0.0,0.0,,0.03,0.03,,12.211,0.044,22592.518,,,,1685.867,0.03,,,100.0,,,,,0.0,0.0,,,0.0,0.0,0.0,0.0,,0.02,,,,0.0,0.0,,0.0,,,,,0.0,0.0,,0.0,,0.0,0.0,,,,0.0,0.0,,0.0,,,,,1685.867,0.03,,,0.0,0.0,0.0,100.0,,,0.0,0.0,,,0.0,0.0,,0.0,0.0,,1685.867,0.402,,,,0.0,0.0,,0.0,,,,,0.0,0.0,,0.0,,,,,0.0,0.0,,0.0,
Cook Islands,2012,COK,18029.0,,,,,,0.0,0.0,0.0,,666.667,,,,,0.0,0.0,,0.0,0.0,0.0,0.0,,0.03,0.03,,6.021,0.024,23641.826,,,,1663.986,0.03,,,100.0,,,,,0.0,0.0,,,0.0,0.0,0.0,0.0,,0.02,,,,0.0,0.0,,0.0,,,,,0.0,0.0,,0.0,,0.0,0.0,,,,0.0,0.0,,0.0,,,,,1663.986,0.03,,,0.0,0.0,0.0,100.0,,,0.0,0.0,,,0.0,0.0,,0.0,0.0,,1663.986,0.426,,,,0.0,0.0,,0.0,,,,,0.0,0.0,,0.0,,,,,0.0,0.0,,0.0,
Cook Islands,2013,COK,17940.0,,,,,,0.0,0.0,0.0,,666.667,,,,,0.0,0.0,,0.0,0.0,0.0,0.0,,0.03,0.03,,-0.083,-0.0,23739.312,,,,1672.241,0.03,,,100.0,,,,,0.0,0.0,,,0.0,0.0,0.0,0.0,,0.02,,,,0.0,0.0,,0.0,,,,,0.0,0.0,,0.0,,0.0,0.0,,,,0.0,0.0,,0.0,,,,,1672.241,0.03,,,0.0,0.0,0.0,100.0,,,0.0,0.0,,,0.0,0.0,,0.0,0.0,,1672.241,0.426,,,,0.0,0.0,,0.0,,,,,0.0,0.0,,0.0,,,,,0.0,0.0,,0.0,
Cook Islands,2014,COK,17842.0,,,,,,0.0,0.0,0.0,,666.667,,,,,0.0,0.0,,0.0,0.0,0.0,0.0,,0.03,0.03,,5.862,0.025,25269.025,,,,1681.426,0.03,,,100.0,,,,,0.0,0.0,,,0.0,0.0,0.0,0.0,,0.02,,,,0.0,0.0,,0.0,,,,,0.0,0.0,,0.0,,0.0,0.0,,,,0.0,0.0,,0.0,,,,,1681.426,0.03,,,0.0,0.0,0.0,100.0,,,0.0,0.0,,,0.0,0.0,,0.0,0.0,,1681.426,0.451,,,,0.0,0.0,,0.0,,,,,0.0,0.0,,0.0,,,,,0.0,0.0,,0.0,
Cook Islands,2015,COK,17720.0,,,,,,0.0,0.0,0.0,,666.667,,,,,0.0,0.0,,0.0,0.0,0.0,0.0,,0.03,0.03,,-6.323,-0.029,23834.23,,,,1693.002,0.03,,,100.0,,,,,0.0,0.0,,,0.0,0.0,0.0,0.0,,0.02,,,,0.0,0.0,,0.0,,,,,0.0,0.0,,0.0,,0.0,0.0,,,,0.0,0.0,,0.0,,,,,1693.002,0.03,,,0.0,0.0,0.0,100.0,,,0.0,0.0,,,0.0,0.0,,0.0,0.0,,1693.002,0.422,,,,0.0,0.0,,0.0,,,,,0.0,0.0,,0.0,,,,,0.0,0.0,,0.0,
Cook Islands,2016,COK,17572.0,,,,,,0.0,0.0,0.0,,666.667,,,,,0.0,0.0,,0.0,0.0,0.0,0.0,,0.03,0.03,,4.235,0.018,25052.822,,,,1707.262,0.03,,,100.0,,,,,0.0,0.0,,,0.0,0.0,0.0,0.0,,0.02,,,,0.0,0.0,,0.0,,,,,0.0,0.0,,0.0,,0.0,0.0,,,,0.0,0.0,,0.0,,,,,1707.262,0.03,,,0.0,0.0,0.0,100.0,,,0.0,0.0,,,0.0,0.0,,0.0,0.0,,1707.262,0.44,,,,0.0,0.0,,0.0,,,,,0.0,0.0,,0.0,,,,,0.0,0.0,,0.0,
Cook Islands,2017,COK,17417.0,,,,,,0.0,0.0,0.0,,500.0,,,,,0.0,0.0,,,,,0.0,,0.04,0.04,,7.65,0.034,27209.463,,,,1722.455,0.03,,,75.0,,,,,0.0,0.0,,,,,,0.0,,0.02,,,,0.0,0.0,,0.0,,,,,574.152,0.01,,25.0,,0.0,0.0,,,,0.0,0.0,,0.0,,,,,1722.455,0.03,,,,,,75.0,,,0.0,0.0,,,0.0,0.0,,0.0,0.0,,2296.607,0.474,,,,574.152,0.01,,25.0,,,,,574.152,0.01,,25.0,,,,,0.0,0.0,,0.0,
Cook Islands,2018,COK,17276.0,,,,,,0.0,0.0,0.0,,400.0,,,,,0.0,0.0,,,,,0.0,,0.05,0.05,,5.443,0.026,28924.502,,,,1736.513,0.03,,,60.0,,,,,0.0,0.0,,,,,,0.0,,0.02,,,,0.0,0.0,,0.0,,,,,1157.675,0.02,,40.0,,0.0,0.0,,,,0.0,0.0,,0.0,,,,,1736.513,0.03,,,,,,60.0,,,0.0,0.0,,,0.0,0.0,,0.0,0.0,,2894.188,0.5,,,,1157.675,0.02,,40.0,,,,,1157.675,0.02,,40.0,,,,,0.0,0.0,,0.0,
Cook Islands,2019,COK,17133.0,,,,,,0.0,0.0,0.0,,500.0,,,,,0.0,0.0,,,,,0.0,,0.04,0.04,,0.277,0.001,29246.834,,,,1751.007,0.03,,,75.0,,,,,0.0,0.0,,,,,,0.0,,0.02,,,,0.0,0.0,,0.0,,,,,583.669,0.01,,25.0,,0.0,0.0,,,,0.0,0.0,,0.0,,,,,1751.007,0.03,,,,,,75.0,,,0.0,0.0,,,0.0,0.0,,0.0,0.0,,2334.676,0.501,,,,583.669,0.01,,25.0,,,,,583.669,0.01,,25.0,,,,,0.0,0.0,,0.0,
Cook Islands,2020,COK,17050.0,,,,,,0.0,0.0,0.0,,500.0,,,,,0.0,0.0,,,,,0.0,,0.04,0.04,,-5.962,-0.03,27636.979,,,,1759.531,0.03,,,75.0,,,,,0.0,0.0,,,,,,0.0,,0.02,,,,0.0,0.0,,0.0,,,,,586.51,0.01,,25.0,,0.0,0.0,,,,0.0,0.0,,0.0,,,,,1759.531,0.03,,,,,,75.0,,,0.0,0.0,,,0.0,0.0,,0.0,0.0,,2346.041,0.471,,,,586.51,0.01,,25.0,,,,,586.51,0.01,,25.0,,,,,0.0,0.0,,0.0,
Cook Islands,2021,COK,17028.0,,,,,,0.0,0.0,0.0,,400.0,,,,,0.0,0.0,,,,,0.0,,0.05,0.05,,4.592,0.022,28943.293,,,,1761.804,0.03,,,60.0,,,,,0.0,0.0,,,,,,0.0,,0.02,,,,0.0,0.0,,0.0,,,,,1174.536,0.02,,40.0,,0.0,0.0,,,,0.0,0.0,,0.0,,,,,1761.804,0.03,,,,,,60.0,,,0.0,0.0,,,0.0,0.0,,0.0,0.0,,2936.34,0.493,,,,1174.536,0.02,,40.0,,,,,1174.536,0.02,,40.0,,,,,0.0,0.0,,0.0,
Costa Rica,1980,CRI,2414306.0,17997543424.0,,,,,,,,,,,,,,,,,,0.0,0.0,,,,,,,,6692.688,0.898,,,,,,,,,,,,,,,,,0.0,0.0,,,,,,,,,,,,,,,,,,,,,,,,,,,,,,,,,,,,,,0.0,0.0,,,,,,,,,,,,,,,16.158,,,,,,,,,,,,,,,,,,,,,,,,
Costa Rica,1981,CRI,2481345.0,17587703808.0,,,,,,,,,,,,,,,,,0.0,0.0,0.0,,,,,,3.172,0.513,6718.458,0.948,,,,,,,,,,,,,,,,0.0,0.0,0.0,,,,,,,,,,,,,,,,,,,,,,,,,,,,,,,,,,,,,0.0,0.0,0.0,,,,,,,,,,,,,,,16.671,,,,,,,,,,,,,,,,,,,,,,,,
Costa Rica,1982,CRI,2550786.0,16366901248.0,,,,,,,,,,,,,,,,,0.0,0.0,0.0,,,,,,-2.435,-0.406,6376.428,0.994,,,,,,,,,,,,,,,,0.0,0.0,0.0,,,,,,,,,,,,,,,,,,,,,,,,,,,,,,,,,,,,,0.0,0.0,0.0,,,,,,,,,,,,,,,16.265,,,,,,,,,,,,,,,,,,,,,,,,
Costa Rica,1983,CRI,2622540.0,16819422208.0,,,,,,,,,,,,,,,,,0.0,0.0,0.0,,,,,,10.099,1.643,6828.286,1.065,,,,,,,,,,,,,,,,0.0,0.0,0.0,,,,,,,,,,,,,,,,,,,,,,,,,,,,,,,,,,,,,0.0,0.0,0.0,,,,,,,,,,,,,,,17.907,,,,,,,,,,,,,,,,,,,,,,,,
Costa Rica,1984,CRI,2696205.0,18139500544.0,,,,,,,,,,,,,,,,,0.0,0.0,0.0,,,,,,-3.82,-0.684,6388.007,0.949,,,,,,,,,,,,,,,,0.0,0.0,0.0,,,,,,,,,,,,,,,,,,,,,,,,,,,,,,,,,,,,,0.0,0.0,0.0,,,,,,,,,,,,,,,17.223,,,,,,,,,,,,,,,,,,,,,,,,
Costa Rica,1985,CRI,2771467.0,18289864704.0,,,,,,,,,,,,,,,,,0.0,0.0,0.0,,,,,,1.565,0.27,6311.796,0.956,,,,,,,,,,,,,,,,0.0,0.0,0.0,,,,,,,,,,,,,,,,,,,,,,,,,,,,,,,,,,,,,0.0,0.0,0.0,,,,,,,,,,,,,,,17.493,,,,,,,,,,,,,,,,,,,,,,,,
Costa Rica,1986,CRI,2847855.0,19298686976.0,,,,,,,,,,,,,,,,,0.0,0.0,0.0,,,,,,-2.402,-0.42,5994.962,0.885,,,,,,,,,,,,,,,,0.0,0.0,0.0,,,,,,,,,,,,,,,,,,,,,,,,,,,,,,,,,,,,,0.0,0.0,0.0,,,,,,,,,,,,,,,17.073,,,,,,,,,,,,,,,,,,,,,,,,
Costa Rica,1987,CRI,2924597.0,20217436160.0,,,,,,,,,,,,,,,,,0.0,0.0,0.0,,,,,,10.64,1.817,6458.797,0.934,,,,,,,,,,,,,,,,0.0,0.0,0.0,,,,,,,,,,,,,,,,,,,,,,,,,,,,,,,,,,,,,0.0,0.0,0.0,,,,,,,,,,,,,,,18.889,,,,,,,,,,,,,,,,,,,,,,,,
Costa Rica,1988,CRI,3001463.0,20903190528.0,,,,,,,,,,,,,,,,,0.0,0.0,0.0,,,,,,8.171,1.543,6807.616,0.977,,,,,,,,,,,,,,,,0.0,0.0,0.0,,,,,,,,,,,,,,,,,,,,,,,,,,,,,,,,,,,,,0.0,0.0,0.0,,,,,,,,,,,,,,,20.433,,,,,,,,,,,,,,,,,,,,,,,,
Costa Rica,1989,CRI,3079008.0,22103439360.0,,,,,,,,,,,,,,,,,0.0,0.0,0.0,,,,,,8.832,1.805,7222.24,1.006,,,,,,,,,,,,,,,,0.0,0.0,0.0,,,,,,,,,,,,,,,,,,,,,,,,,,,,,,,,,,,,,0.0,0.0,0.0,,,,,,,,,,,,,,,22.237,,,,,,,,,,,,,,,,,,,,,,,,
Costa Rica,1990,CRI,3158257.0,22906634240.0,,,,,,,,,,,,,,,,,0.0,0.0,0.0,,,,,,-2.05,-0.456,6896.66,0.951,,,,,,,,,,,,,,,,0.0,0.0,0.0,,,,,,,,,,,,,,,,,,,,,,,,,,,,,,,,,,,,,0.0,0.0,0.0,,,,,,,,,,,,,,,21.781,,,,,,,,,,,,,,,,,,,,,,,,
Costa Rica,1991,CRI,3239419.0,23389726720.0,,,,,,,,,,,,,,,,,0.0,0.0,0.0,,,,,,6.739,1.468,7176.984,0.994,,,,,,,,,,,,,,,,0.0,0.0,0.0,,,,,,,,,,,,,,,,,,,,,,,,,,,,,,,,,,,,,0.0,0.0,0.0,,,,,,,,,,,,,,,23.249,,,,,,,,,,,,,,,,,,,,,,,,
Costa Rica,1992,CRI,3321943.0,25502582784.0,,,,,,,,,,,,,,,,,0.0,0.0,0.0,,,,,,18.102,4.209,8265.608,1.077,,,,,,,,,,,,,,,,0.0,0.0,0.0,,,,,,,,,,,,,,,,,,,,,,,,,,,,,,,,,,,,,0.0,0.0,0.0,,,,,,,,,,,,,,,27.458,,,,,,,,,,,,,,,,,,,,,,,,
Costa Rica,1993,CRI,3405376.0,27271077888.0,,,,,,,,,,,,,,,,,0.0,0.0,0.0,,,,,,8.79,2.414,8771.873,1.095,,,,,,,,,,,,,,,,0.0,0.0,0.0,,,,,,,,,,,,,,,,,,,,,,,,,,,,,,,,,,,,,0.0,0.0,0.0,,,,,,,,,,,,,,,29.872,,,,,,,,,,,,,,,,,,,,,,,,
Costa Rica,1994,CRI,3489158.0,28453398528.0,,,,,,,,,,,,,,,,,0.0,0.0,0.0,,,,,,1.307,0.39,8673.12,1.064,,,,,,,,,,,,,,,,0.0,0.0,0.0,,,,,,,,,,,,,,,,,,,,,,,,,,,,,,,,,,,,,0.0,0.0,0.0,,,,,,,,,,,,,,,30.262,,,,,,,,,,,,,,,,,,,,,,,,
Costa Rica,1995,CRI,3572855.0,29581651968.0,,,,,,,,,,,,,,,,,0.0,0.0,0.0,,,,,,1.655,0.501,8610.148,1.04,,,,,,,,,,,,,,,,0.0,0.0,0.0,,,,,,,,,,,,,,,,,,,,,,,,,,,,,,,,,,,,,0.0,0.0,0.0,,,,,,,,,,,,,,,30.763,,,,,,,,,,,,,,,,,,,,,,,,
Costa Rica,1996,CRI,3656235.0,29906411520.0,,,,,,,,,,,,,,,,,0.0,0.0,0.0,,,,,,0.946,0.291,8493.361,1.038,,,,,,,,,,,,,,,,0.0,0.0,0.0,,,,,,,,,,,,,,,,,,,,,,,,,,,,,,,,,,,,,0.0,0.0,0.0,,,,,,,,,,,,,,,31.054,,,,,,,,,,,,,,,,,,,,,,,,
Costa Rica,1997,CRI,3739425.0,31522734080.0,,,,,,,,,,,,,,,,,0.0,0.0,0.0,,,,,,12.286,3.815,9324.729,1.106,,,,,,,,,,,,,,,,0.0,0.0,0.0,,,,,,,,,,,,,,,,,,,,,,,,,,,,,,,,,,,,,0.0,0.0,0.0,,,,,,,,,,,,,,,34.869,,,,,,,,,,,,,,,,,,,,,,,,
Costa Rica,1998,CRI,3821428.0,33667012608.0,,,,,,,,,,,,,,,,,0.0,0.0,0.0,,,,,,2.591,0.903,9361.015,1.063,,,,,,,,,,,,,,,,0.0,0.0,0.0,,,,,,,,,,,,,,,,,,,,,,,,,,,,,,,,,,,,,0.0,0.0,0.0,,,,,,,,,,,,,,,35.772,,,,,,,,,,,,,,,,,,,,,,,,
Costa Rica,1999,CRI,3901431.0,34945409024.0,,,,,,,,,,,,,,,,,0.0,0.0,0.0,,,,,,14.834,5.307,10529.213,1.176,,,,,,,,,,,,,,,,0.0,0.0,0.0,,,,,,,,,,,,,,,,,,,,,,,,,,,,,,,,,,,,,0.0,0.0,0.0,,,,,,,,,,,,,,,41.079,,,,,,,,,,,,,,,,,,,,,,,,
Costa Rica,2000,CRI,3979189.0,36231462912.0,,,,,0.0,0.0,0.0,,32.117,,,,,0.0,0.0,,0.0,0.0,0.0,0.0,,6.38,6.85,,3.641,1.496,10699.309,1.175,,,17.592,0.07,,,1.022,,,,,0.0,0.0,,,0.0,0.0,0.0,0.0,,0.22,,,,1412.348,5.62,,82.044,,,,,1703.865,6.78,,98.978,,-0.47,-7.367,,,,0.0,0.0,,0.0,,,,,17.592,0.07,,,0.0,0.0,0.0,1.022,,,0.98,0.98,,,246.281,246.281,,14.307,14.307,,1721.456,42.575,,,,1703.865,6.78,,98.978,,,,,0.0,0.0,,0.0,,,,,45.235,0.18,,2.628,
Costa Rica,2001,CRI,4053223.0,37440827392.0,,,,,0.0,0.0,0.0,,36.284,,,,,0.0,0.0,,0.0,0.0,0.0,0.0,,6.64,6.89,,1.802,0.767,10693.142,1.158,,,27.139,0.11,,,1.597,,,,,0.0,0.0,,,0.0,0.0,0.0,0.0,,0.25,,,,1381.617,5.6,,81.277,,,,,1672.743,6.78,,98.403,,-0.25,-3.765,,,,0.0,0.0,,0.0,,,,,27.139,0.11,,,0.0,0.0,0.0,1.597,,,0.99,0.99,,,244.25,244.25,,14.369,14.369,,1699.882,43.342,,,,1672.743,6.78,,98.403,,,,,0.0,0.0,,0.0,,,,,46.876,0.19,,2.758,
Costa Rica,2002,CRI,4122628.0,38616899584.0,,,,,2.426,0.01,0.135,,39.084,,,,,0.0,0.0,,0.0,0.0,0.0,0.0,,6.98,7.42,,4.103,1.778,10944.455,1.168,,,38.81,0.16,,,2.156,,,,,0.0,0.0,,,0.0,0.0,0.0,0.0,,0.29,,,,1423.849,5.87,,79.111,,,,,1761.013,7.26,,97.844,,-0.44,-6.304,,,,0.0,0.0,,0.0,,,,,38.81,0.16,,,0.0,0.0,0.0,2.156,,,1.13,1.12,,,274.097,271.671,,15.229,15.094,,1799.823,45.12,,,,1761.013,7.26,,97.844,,,,,0.0,0.0,,0.0,,,,,63.067,0.26,,3.504,
Costa Rica,2003,CRI,4188609.0,40200847360.0,,,,,2.387,0.01,0.137,,41.152,,,,,0.0,0.0,,0.0,0.0,0.0,0.0,,7.12,7.29,,2.036,0.919,10991.341,1.145,,,45.361,0.19,,,2.606,,,,,0.0,0.0,,,0.0,0.0,0.0,0.0,,0.3,,,,1399.033,5.86,,80.384,,,,,1695.073,7.1,,97.394,,-0.17,-2.388,,,,0.0,0.0,,0.0,,,,,45.361,0.19,,,0.0,0.0,0.0,2.606,,,0.93,0.92,,,222.031,219.643,,12.757,12.62,,1740.435,46.038,,,,1695.073,7.1,,97.394,,,,,0.0,0.0,,0.0,,,,,74.01,0.31,,4.252,
Costa Rica,2004,CRI,4252803.0,41880821760.0,,,,,2.351,0.01,0.125,,31.368,,,,,0.0,0.0,,0.0,0.0,0.0,0.0,,7.73,7.97,,3.107,1.43,11161.785,1.133,,,16.46,0.07,,,0.878,,,,,0.0,0.0,,,0.0,0.0,0.0,0.0,,0.25,,,,1509.593,6.42,,80.552,,,,,1857.598,7.9,,99.122,,-0.24,-3.105,,,,0.0,0.0,,0.0,,,,,16.46,0.07,,,0.0,0.0,0.0,0.878,,,1.22,1.21,,,286.87,284.518,,15.307,15.182,,1874.058,47.469,,,,1857.598,7.9,,99.122,,,,,0.0,0.0,,0.0,,,,,61.136,0.26,,3.262,
Costa Rica,2005,CRI,4315894.0,43440771072.0,,,,,4.634,0.02,0.245,,49.08,,,,,0.0,0.0,,0.0,0.0,0.0,0.0,,8.16,8.15,,3.938,1.869,11431.702,1.136,,,64.876,0.28,,,3.436,,,,,0.0,0.0,,,0.0,0.0,0.0,0.0,,0.4,,,,1506.061,6.5,,79.755,,,,,1823.492,7.87,,96.564,,0.01,0.123,,,,0.0,0.0,,0.0,,,,,64.876,0.28,,,0.0,0.0,0.0,3.436,,,1.17,1.15,,,271.091,266.457,,14.356,14.11,,1888.369,49.338,,,,1823.492,7.87,,96.564,,,,,0.0,0.0,,0.0,,,,,46.34,0.2,,2.454,
Costa Rica,2006,CRI,4378170.0,46517063680.0,,,,,6.852,0.03,0.35,,68.765,,,,,0.0,0.0,,0.0,0.0,0.0,0.0,,8.67,8.58,,4.356,2.149,11759.994,1.107,,,121.055,0.53,,,6.177,,,,,0.0,0.0,,,0.0,0.0,0.0,0.0,,0.59,,,,1491.491,6.53,,76.107,,,,,1838.668,8.05,,93.823,,0.09,1.038,,,,0.0,0.0,,0.0,,,,,121.055,0.53,,,0.0,0.0,0.0,6.177,,,1.25,1.22,,,285.507,278.655,,14.569,14.219,,1959.723,51.487,,,,1838.668,8.05,,93.823,,,,,0.0,0.0,,0.0,,,,,61.67,0.27,,3.147,
Costa Rica,2007,CRI,4440023.0,50239516672.0,,,,,13.513,0.06,0.672,,78.387,,,,,0.0,0.0,,0.0,0.0,0.0,0.0,,9.09,8.93,,5.67,2.919,12253.692,1.083,,,155.405,0.69,,,7.727,,,,,0.0,0.0,,,0.0,0.0,0.0,0.0,,0.7,,,,1509.001,6.7,,75.028,,,,,1855.846,8.24,,92.273,,0.16,1.76,,,,0.0,0.0,,0.0,,,,,155.405,0.69,,,0.0,0.0,0.0,7.727,,,1.3,1.24,,,292.791,279.278,,14.558,13.886,,2011.251,54.407,,,,1855.846,8.24,,92.273,,,,,0.0,0.0,,0.0,,,,,54.054,0.24,,2.688,
Costa Rica,2008,CRI,4501921.0,52501716992.0,,,,,8.885,0.04,0.427,,75.855,,,,,0.0,0.0,,0.0,0.0,0.0,0.0,,9.29,9.36,,1.293,0.704,12241.504,1.05,,,151.047,0.68,,,7.265,,,,,0.0,0.0,,,0.0,0.0,0.0,0.0,,0.71,,,,1623.751,7.31,,78.098,,,,,1928.066,8.68,,92.735,,-0.07,-0.753,,,,0.0,0.0,,0.0,,,,,151.047,0.68,,,0.0,0.0,0.0,7.265,,,1.17,1.13,,,259.889,251.004,,12.5,12.073,,2079.113,55.11,,,,1928.066,8.68,,92.735,,,,,0.0,0.0,,0.0,,,,,44.425,0.2,,2.137,
Costa Rica,2009,CRI,4563131.0,51914768384.0,,,,,6.574,0.03,0.325,,63.991,,,,,0.0,0.0,,0.0,0.0,0.0,0.0,,9.24,9.22,,-2.727,-1.503,11747.936,1.033,,,113.957,0.52,,,5.64,,,,,0.0,0.0,,,0.0,0.0,0.0,0.0,,0.59,,,,1566.907,7.15,,77.549,,,,,1906.586,8.7,,94.36,,0.02,0.216,,,,0.0,0.0,,0.0,,,,,113.957,0.52,,,0.0,0.0,0.0,5.64,,,1.22,1.19,,,267.36,260.786,,13.232,12.907,,2020.543,53.607,,,,1906.586,8.7,,94.36,,,,,0.0,0.0,,0.0,,,,,72.319,0.33,,3.579,
Costa Rica,2010,CRI,4622250.0,54407368704.0,,,,,6.49,0.03,0.317,,76.03,,,,,0.0,0.0,,0.0,0.0,0.0,0.0,,9.5,9.47,,1.63,0.874,11786.667,1.001,,,153.605,0.71,,,7.497,,,,,0.0,0.0,,,0.0,0.0,0.0,0.0,,0.72,,,,1555.52,7.19,,75.924,,,,,1895.181,8.76,,92.503,,0.03,0.316,,,,0.0,0.0,,0.0,,,,,153.605,0.71,,,0.0,0.0,0.0,7.497,,,1.21,1.18,,,261.777,255.287,,12.777,12.46,,2048.786,54.481,,,,1895.181,8.76,,92.503,,,,,0.0,0.0,,0.0,,,,,77.884,0.36,,3.801,
Costa Rica,2011,CRI,4679927.0,56666828800.0,,,,,8.547,0.04,0.412,,89.691,,,,,0.0,0.0,,0.0,0.0,0.0,0.0,,9.66,9.7,,0.53,0.289,11703.091,0.967,,,194.447,0.91,,,9.381,,,,,0.0,0.0,,,0.0,0.0,0.0,0.0,,0.87,,,,1508.57,7.06,,72.784,,,,,1878.234,8.79,,90.619,,-0.04,-0.414,,,,0.0,0.0,,0.0,,,,,194.447,0.91,,,0.0,0.0,0.0,9.381,,,1.32,1.28,,,282.056,273.509,,13.608,13.196,,2072.682,54.77,,,,1878.234,8.79,,90.619,,,,,0.0,0.0,,0.0,,,,,87.608,0.41,,4.227,
Costa Rica,2012,CRI,4736593.0,59384729600.0,,,,,10.556,0.05,0.498,,86.567,,,,,0.0,0.0,,0.0,0.0,0.0,0.0,,10.07,10.05,,0.954,0.522,11673.354,0.931,,,190.01,0.9,,,8.955,,,,,0.0,0.0,,,0.0,0.0,0.0,0.0,,0.87,,,,1511.635,7.16,,71.244,,,,,1931.768,9.15,,91.045,,0.02,0.199,,,,0.0,0.0,,0.0,,,,,190.01,0.9,,,0.0,0.0,0.0,8.955,,,1.45,1.4,,,306.127,295.571,,14.428,13.93,,2121.778,55.292,,,,1931.768,9.15,,91.045,,,,,2.111,0.01,,0.1,,,,,111.895,0.53,,5.274,
Costa Rica,2013,CRI,4791541.0,60731088896.0,,,,,14.609,0.07,0.692,,109.792,,,,,0.0,0.0,,0.0,0.0,0.0,0.0,,10.16,10.11,,0.685,0.378,11618.479,0.917,,,256.702,1.23,,,12.166,,,,,0.0,0.0,,,0.0,0.0,0.0,0.0,,1.11,,,,1414.994,6.78,,67.062,,,,,1853.266,8.88,,87.834,,0.05,0.492,,,,0.0,0.0,,0.0,,,,,256.702,1.23,,,0.0,0.0,0.0,12.166,,,1.59,1.52,,,331.835,317.226,,15.727,15.035,,2109.969,55.67,,,,1853.266,8.88,,87.834,,,,,4.174,0.02,,0.198,,,,,102.264,0.49,,4.847,
Costa Rica,2014,CRI,4844293.0,62954872832.0,,,,,12.386,0.06,0.593,,99.901,,,,,0.0,0.0,,0.0,0.0,0.0,0.0,,10.31,10.11,,2.045,1.138,11726.931,0.902,,,227.071,1.1,,,10.88,,,,,0.0,0.0,,,0.0,0.0,0.0,0.0,,1.01,,,,1372.749,6.65,,65.776,,,,,1859.921,9.01,,89.12,,0.2,1.94,,,,0.0,0.0,,0.0,,,,,227.071,1.1,,,0.0,0.0,0.0,10.88,,,1.6,1.54,,,330.286,317.9,,15.826,15.232,,2086.992,56.809,,,,1859.921,9.01,,89.12,,,,,4.129,0.02,,0.198,,,,,152.757,0.74,,7.319,
Costa Rica,2015,CRI,4895241.0,65928048640.0,,,,,4.086,0.02,0.186,,39.963,,,,,0.0,0.0,,0.0,0.0,0.0,0.0,,10.65,10.76,,4.356,2.474,12110.349,0.899,,,53.113,0.26,,,2.416,,,,,0.0,0.0,,,0.0,0.0,0.0,0.0,,0.43,,,,1632.197,7.99,,74.257,,,,,2144.94,10.5,,97.584,,-0.11,-1.033,,,,0.0,0.0,,0.0,,,,,53.113,0.26,,,0.0,0.0,0.0,2.416,,,1.4,1.38,,,285.992,281.906,,13.011,12.825,,2198.053,59.283,,,,2144.94,10.5,,97.584,,,,,6.128,0.03,,0.279,,,,,220.622,1.08,,10.037,
Costa Rica,2016,CRI,4945205.0,68781793280.0,,,,,6.066,0.03,0.276,,46.083,,,,,0.0,0.0,,0.0,0.0,0.0,0.0,,10.51,10.85,,2.619,1.553,12301.996,0.884,,,70.776,0.35,,,3.226,,,,,0.0,0.0,,,0.0,0.0,0.0,0.0,,0.5,,,,1607.618,7.95,,73.272,,,,,2123.269,10.5,,96.774,,-0.34,-3.235,,,,0.0,0.0,,0.0,,,,,70.776,0.35,,,0.0,0.0,0.0,3.226,,,1.37,1.34,,,277.036,270.97,,12.627,12.35,,2194.044,60.836,,,,2123.269,10.5,,96.774,,,,,6.066,0.03,,0.276,,,,,232.548,1.15,,10.599,
Costa Rica,2017,CRI,4993849.0,71436771328.0,,,,,4.005,0.02,0.177,,36.38,,,,,0.0,0.0,,,,,0.0,,10.56,11.27,,3.839,2.335,12649.783,0.884,,,42.052,0.21,,,1.863,,,,,0.0,0.0,,,,,,0.0,,0.41,,,,1720.116,8.59,,76.22,,,,,2214.725,11.06,,98.137,,-0.71,-6.723,,,,0.0,0.0,,0.0,,,,,42.052,0.21,,,,,,1.863,,,1.14,1.12,,,228.281,224.276,,10.115,9.938,,2256.776,63.171,,,,2214.725,11.06,,98.137,,,,,8.01,0.04,,0.355,,,,,258.318,1.29,,11.446,
Costa Rica,2018,CRI,5040738.0,73336987648.0,,,,,7.935,0.04,0.35,,42.832,,,,,0.0,0.0,,,,,0.0,,10.69,11.44,,2.16,1.364,12802.764,0.88,,,61.499,0.31,,,2.71,,,,,0.0,0.0,,,,,,0.0,,0.49,,,,1638.649,8.26,,72.203,,,,,2208.01,11.13,,97.29,,-0.75,-7.016,,,,0.0,0.0,,0.0,,,,,61.499,0.31,,,,,,2.71,,,1.01,0.97,,,200.367,192.432,,8.829,8.479,,2269.509,64.535,,,,2208.01,11.13,,97.29,,,,,11.903,0.06,,0.524,,,,,357.091,1.8,,15.734,
Costa Rica,2019,CRI,5084527.0,,,,,,7.867,0.04,0.35,,40.245,,,,,0.0,0.0,,,,,0.0,,11.06,11.43,,2.521,1.627,13012.45,,,,49.169,0.25,,,2.187,,,,,0.0,0.0,,,,,,0.0,,0.46,,,,1524.232,7.75,,67.804,,,,,2198.828,11.18,,97.813,,-0.37,-3.345,,,,0.0,0.0,,0.0,,,,,49.169,0.25,,,,,,2.187,,,1.55,1.51,,,304.846,296.979,,13.561,13.211,,2247.997,66.162,,,,2198.828,11.18,,97.813,,,,,15.734,0.08,,0.7,,,,,354.015,1.8,,15.748,
Costa Rica,2020,CRI,5123107.0,,,,,,5.856,0.03,0.256,,35.775,,,,,0.0,0.0,,,,,0.0,,10.62,11.74,,-11.058,-7.316,11486.324,,,,37.087,0.19,,,1.618,,,,,0.0,0.0,,,,,,0.0,,0.42,,,,1618.159,8.29,,70.613,,,,,2254.491,11.55,,98.382,,-1.12,-10.546,,,,0.0,0.0,,0.0,,,,,37.087,0.19,,,,,,1.618,,,1.72,1.69,,,335.734,329.878,,14.651,14.395,,2291.578,58.846,,,,2254.491,11.55,,98.382,,,,,15.616,0.08,,0.681,,,,,284.983,1.46,,12.436,
Costa Rica,2021,CRI,5153959.0,,,,,,5.821,0.03,0.236,,33.045,,,,,0.0,0.0,,,,,0.0,,11.71,12.71,,4.73,2.783,11957.598,,,,31.044,0.16,,,1.259,,,,,0.0,0.0,,,,,,0.0,,0.42,,,,1802.498,9.29,,73.092,,,,,2435.021,12.55,,98.741,,-1.0,-8.54,,,,0.0,0.0,,0.0,,,,,31.044,0.16,,,,,,1.259,,,1.63,1.6,,,316.262,310.441,,12.825,12.589,,2466.065,61.629,,,,2435.021,12.55,,98.741,,,,,11.642,0.06,,0.472,,,,,304.62,1.57,,12.352,
Costa Rica,2022,CRI,5180836.0,,,,,,3.86,0.02,0.158,,37.213,,,,,0.0,0.0,,,,,0.0,,11.95,12.63,,,,,,,,48.255,0.25,,,1.979,,,,,0.0,0.0,,,,,,0.0,,0.47,,,,1795.077,9.3,,73.634,,,,,2389.576,12.38,,98.021,,-0.68,-5.69,,,,0.0,0.0,,0.0,,,,,48.255,0.25,,,,,,1.979,,,1.66,1.64,,,320.412,316.551,,13.143,12.985,,2437.83,,,,,2389.576,12.38,,98.021,,,,,11.581,0.06,,0.475,,,,,262.506,1.36,,10.768,
Cote d'Ivoire,1900,CIV,1505099.0,,,,,,,,,,,,,,,,,,,,,,,,,,,,,,,,,,,,,,,,,,,,,,,,,,,,,,,,,,,,,,,,,,,,,,,,,,,,,,,,,,,,,0.0,0.0,,,,,,,,,,,,,,,,,,,,,,,,,,,,,,,,,,,,,,,
Cote d'Ivoire,1901,CIV,1514625.0,,,,,,,,,,,,,,,,,,,,,,,,,,,,,,,,,,,,,,,,,,,,,,,,,,,,,,,,,,,,,,,,,,,,,,,,,,,,,,,,,,,,0.0,0.0,0.0,,,,,,,,,,,,,,,,,,,,,,,,,,,,,,,,,,,,,,,
Cote d'Ivoire,1902,CIV,1523307.0,,,,,,,,,,,,,,,,,,,,,,,,,,,,,,,,,,,,,,,,,,,,,,,,,,,,,,,,,,,,,,,,,,,,,,,,,,,,,,,,,,,,0.0,0.0,0.0,,,,,,,,,,,,,,,,,,,,,,,,,,,,,,,,,,,,,,,
Cote d'Ivoire,1903,CIV,1531131.0,,,,,,,,,,,,,,,,,,,,,,,,,,,,,,,,,,,,,,,,,,,,,,,,,,,,,,,,,,,,,,,,,,,,,,,,,,,,,,,,,,,,0.0,0.0,0.0,,,,,,,,,,,,,,,,,,,,,,,,,,,,,,,,,,,,,,,
Cote d'Ivoire,1904,CIV,1538993.0,,,,,,,,,,,,,,,,,,,,,,,,,,,,,,,,,,,,,,,,,,,,,,,,,,,,,,,,,,,,,,,,,,,,,,,,,,,,,,,,,,,,0.0,0.0,0.0,,,,,,,,,,,,,,,,,,,,,,,,,,,,,,,,,,,,,,,
Cote d'Ivoire,1905,CIV,1546894.0,,,,,,,,,,,,,,,,,,,,,,,,,,,,,,,,,,,,,,,,,,,,,,,,,,,,,,,,,,,,,,,,,,,,,,,,,,,,,,,,,,,,0.0,0.0,0.0,,,,,,,,,,,,,,,,,,,,,,,,,,,,,,,,,,,,,,,
Cote d'Ivoire,1906,CIV,1554833.0,,,,,,,,,,,,,,,,,,,,,,,,,,,,,,,,,,,,,,,,,,,,,,,,,,,,,,,,,,,,,,,,,,,,,,,,,,,,,,,,,,,,0.0,0.0,0.0,,,,,,,,,,,,,,,,,,,,,,,,,,,,,,,,,,,,,,,
Cote d'Ivoire,1907,CIV,1562811.0,,,,,,,,,,,,,,,,,,,,,,,,,,,,,,,,,,,,,,,,,,,,,,,,,,,,,,,,,,,,,,,,,,,,,,,,,,,,,,,,,,,,0.0,0.0,0.0,,,,,,,,,,,,,,,,,,,,,,,,,,,,,,,,,,,,,,,
Cote d'Ivoire,1908,CIV,1570828.0,,,,,,,,,,,,,,,,,,,,,,,,,,,,,,,,,,,,,,,,,,,,,,,,,,,,,,,,,,,,,,,,,,,,,,,,,,,,,,,,,,,,0.0,0.0,0.0,,,,,,,,,,,,,,,,,,,,,,,,,,,,,,,,,,,,,,,
Cote d'Ivoire,1909,CIV,1579518.0,,,,,,,,,,,,,,,,,,,,,,,,,,,,,,,,,,,,,,,,,,,,,,,,,,,,,,,,,,,,,,,,,,,,,,,,,,,,,,,,,,,,0.0,0.0,0.0,,,,,,,,,,,,,,,,,,,,,,,,,,,,,,,,,,,,,,,
Cote d'Ivoire,1910,CIV,1588890.0,,,,,,,,,,,,,,,,,,,,,,,,,,,,,,,,,,,,,,,,,,,,,,,,,,,,,,,,,,,,,,,,,,,,,,,,,,,,,,,,,,,,0.0,0.0,0.0,,,,,,,,,,,,,,,,,,,,,,,,,,,,,,,,,,,,,,,
Cote d'Ivoire,1911,CIV,1598952.0,,,,,,,,,,,,,,,,,,,,,,,,,,,,,,,,,,,,,,,,,,,,,,,,,,,,,,,,,,,,,,,,,,,,,,,,,,,,,,,,,,,,0.0,0.0,0.0,,,,,,,,,,,,,,,,,,,,,,,,,,,,,,,,,,,,,,,
Cote d'Ivoire,1912,CIV,1609714.0,,,,,,,,,,,,,,,,,,,,,,,,,,,,,,,,,,,,,,,,,,,,,,,,,,,,,,,,,,,,,,,,,,,,,,,,,,,,,,,,,,,,0.0,0.0,0.0,,,,,,,,,,,,,,,,,,,,,,,,,,,,,,,,,,,,,,,
Cote d'Ivoire,1913,CIV,1621185.0,,,,,,,,,,,,,,,,,,,,,,,,,,,,,,,,,,,,,,,,,,,,,,,,,,,,,,,,,,,,,,,,,,,,,,,,,,,,,,,,,,,,0.0,0.0,0.0,,,,,,,,,,,,,,,,,,,,,,,,,,,,,,,,,,,,,,,
Cote d'Ivoire,1914,CIV,1632735.0,,,,,,,,,,,,,,,,,,,,,,,,,,,,,,,,,,,,,,,,,,,,,,,,,,,,,,,,,,,,,,,,,,,,,,,,,,,,,,,,,,,,0.0,0.0,0.0,,,,,,,,,,,,,,,,,,,,,,,,,,,,,,,,,,,,,,,
Cote d'Ivoire,1915,CIV,1644365.0,,,,,,,,,,,,,,,,,,,,,,,,,,,,,,,,,,,,,,,,,,,,,,,,,,,,,,,,,,,,,,,,,,,,,,,,,,,,,,,,,,,,0.0,0.0,0.0,,,,,,,,,,,,,,,,,,,,,,,,,,,,,,,,,,,,,,,
Cote d'Ivoire,1916,CIV,1656077.0,,,,,,,,,,,,,,,,,,,,,,,,,,,,,,,,,,,,,,,,,,,,,,,,,,,,,,,,,,,,,,,,,,,,,,,,,,,,,,,,,,,,0.0,0.0,0.0,,,,,,,,,,,,,,,,,,,,,,,,,,,,,,,,,,,,,,,
Cote d'Ivoire,1917,CIV,1667869.0,,,,,,,,,,,,,,,,,,,,,,,,,,,,,,,,,,,,,,,,,,,,,,,,,,,,,,,,,,,,,,,,,,,,,,,,,,,,,,,,,,,,0.0,0.0,0.0,,,,,,,,,,,,,,,,,,,,,,,,,,,,,,,,,,,,,,,
Cote d'Ivoire,1918,CIV,1677876.0,,,,,,,,,,,,,,,,,,,,,,,,,,,,,,,,,,,,,,,,,,,,,,,,,,,,,,,,,,,,,,,,,,,,,,,,,,,,,,,,,,,,0.0,0.0,0.0,,,,,,,,,,,,,,,,,,,,,,,,,,,,,,,,,,,,,,,
Cote d'Ivoire,1919,CIV,1691000.0,,,,,,,,,,,,,,,,,,,,,,,,,,,,,,,,,,,,,,,,,,,,,,,,,,,,,,,,,,,,,,,,,,,,,,,,,,,,,,,,,,,,0.0,0.0,0.0,,,,,,,,,,,,,,,,,,,,,,,,,,,,,,,,,,,,,,,
Cote d'Ivoire,1920,CIV,1707305.0,,,,,,,,,,,,,,,,,,,,,,,,,,,,,,,,,,,,,,,,,,,,,,,,,,,,,,,,,,,,,,,,,,,,,,,,,,,,,,,,,,,,0.0,0.0,0.0,,,,,,,,,,,,,,,,,,,,,,,,,,,,,,,,,,,,,,,
Cote d'Ivoire,1921,CIV,1726856.0,,,,,,,,,,,,,,,,,,,,,,,,,,,,,,,,,,,,,,,,,,,,,,,,,,,,,,,,,,,,,,,,,,,,,,,,,,,,,,,,,,,,0.0,0.0,0.0,,,,,,,,,,,,,,,,,,,,,,,,,,,,,,,,,,,,,,,
Cote d'Ivoire,1922,CIV,1749721.0,,,,,,,,,,,,,,,,,,,,,,,,,,,,,,,,,,,,,,,,,,,,,,,,,,,,,,,,,,,,,,,,,,,,,,,,,,,,,,,,,,,,0.0,0.0,0.0,,,,,,,,,,,,,,,,,,,,,,,,,,,,,,,,,,,,,,,
Cote d'Ivoire,1923,CIV,1775966.0,,,,,,,,,,,,,,,,,,,,,,,,,,,,,,,,,,,,,,,,,,,,,,,,,,,,,,,,,,,,,,,,,,,,,,,,,,,,,,,,,,,,0.0,0.0,0.0,,,,,,,,,,,,,,,,,,,,,,,,,,,,,,,,,,,,,,,
Cote d'Ivoire,1924,CIV,1802606.0,,,,,,,,,,,,,,,,,,,,,,,,,,,,,,,,,,,,,,,,,,,,,,,,,,,,,,,,,,,,,,,,,,,,,,,,,,,,,,,,,,,,0.0,0.0,0.0,,,,,,,,,,,,,,,,,,,,,,,,,,,,,,,,,,,,,,,
Cote d'Ivoire,1925,CIV,1829645.0,,,,,,,,,,,,,,,,,,,,,,,,,,,,,,,,,,,,,,,,,,,,,,,,,,,,,,,,,,,,,,,,,,,,,,,,,,,,,,,,,,,,0.0,0.0,0.0,,,,,,,,,,,,,,,,,,,,,,,,,,,,,,,,,,,,,,,
Cote d'Ivoire,1926,CIV,1857089.0,,,,,,,,,,,,,,,,,,,,,,,,,,,,,,,,,,,,,,,,,,,,,,,,,,,,,,,,,,,,,,,,,,,,,,,,,,,,,,,,,,,,0.0,0.0,0.0,,,,,,,,,,,,,,,,,,,,,,,,,,,,,,,,,,,,,,,
Cote d'Ivoire,1927,CIV,1884946.0,,,,,,,,,,,,,,,,,,,,,,,,,,,,,,,,,,,,,,,,,,,,,,,,,,,,,,,,,,,,,,,,,,,,,,,,,,,,,,,,,,,,0.0,0.0,0.0,,,,,,,,,,,,,,,,,,,,,,,,,,,,,,,,,,,,,,,
Cote d'Ivoire,1928,CIV,1913220.0,,,,,,,,,,,,,,,,,,,,,,,,,,,,,,,,,,,,,,,,,,,,,,,,,,,,,,,,,,,,,,,,,,,,,,,,,,,,,,,,,,,,0.0,0.0,0.0,,,,,,,,,,,,,,,,,,,,,,,,,,,,,,,,,,,,,,,
Cote d'Ivoire,1929,CIV,1941524.0,,,,,,,,,,,,,,,,,,,,,,,,,,,,,,,,,,,,,,,,,,,,,,,,,,,,,,,,,,,,,,,,,,,,,,,,,,,,,,,,,,,,0.0,0.0,0.0,,,,,,,,,,,,,,,,,,,,,,,,,,,,,,,,,,,,,,,
Cote d'Ivoire,1930,CIV,1969853.0,,,,,,,,,,,,,,,,,,,,,,,,,,,,,,,,,,,,,,,,,,,,,,,,,,,,,,,,,,,,,,,,,,,,,,,,,,,,,,,,,,,,0.0,0.0,0.0,,,,,,,,,,,,,,,,,,,,,,,,,,,,,,,,,,,,,,,
Cote d'Ivoire,1931,CIV,1998202.0,,,,,,,,,,,,,,,,,,,,,,,,,,,,,,,,,,,,,,,,,,,,,,,,,,,,,,,,,,,,,,,,,,,,,,,,,,,,,,,,,,,,0.0,0.0,0.0,,,,,,,,,,,,,,,,,,,,,,,,,,,,,,,,,,,,,,,
Cote d'Ivoire,1932,CIV,2026565.0,,,,,,,,,,,,,,,,,,,,,,,,,,,,,,,,,,,,,,,,,,,,,,,,,,,,,,,,,,,,,,,,,,,,,,,,,,,,,,,,,,,,0.0,0.0,0.0,,,,,,,,,,,,,,,,,,,,,,,,,,,,,,,,,,,,,,,
Cote d'Ivoire,1933,CIV,2054937.0,,,,,,,,,,,,,,,,,,,,,,,,,,,,,,,,,,,,,,,,,,,,,,,,,,,,,,,,,,,,,,,,,,,,,,,,,,,,,,,,,,,,0.0,0.0,0.0,,,,,,,,,,,,,,,,,,,,,,,,,,,,,,,,,,,,,,,
Cote d'Ivoire,1934,CIV,2083706.0,,,,,,,,,,,,,,,,,,,,,,,,,,,,,,,,,,,,,,,,,,,,,,,,,,,,,,,,,,,,,,,,,,,,,,,,,,,,,,,,,,,,0.0,0.0,0.0,,,,,,,,,,,,,,,,,,,,,,,,,,,,,,,,,,,,,,,
Cote d'Ivoire,1935,CIV,2112878.0,,,,,,,,,,,,,,,,,,,,,,,,,,,,,,,,,,,,,,,,,,,,,,,,,,,,,,,,,,,,,,,,,,,,,,,,,,,,,,,,,,,,0.0,0.0,0.0,,,,,,,,,,,,,,,,,,,,,,,,,,,,,,,,,,,,,,,
Cote d'Ivoire,1936,CIV,2142458.0,,,,,,,,,,,,,,,,,,,,,,,,,,,,,,,,,,,,,,,,,,,,,,,,,,,,,,,,,,,,,,,,,,,,,,,,,,,,,,,,,,,,0.0,0.0,0.0,,,,,,,,,,,,,,,,,,,,,,,,,,,,,,,,,,,,,,,
Cote d'Ivoire,1937,CIV,2172453.0,,,,,,,,,,,,,,,,,,,,,,,,,,,,,,,,,,,,,,,,,,,,,,,,,,,,,,,,,,,,,,,,,,,,,,,,,,,,,,,,,,,,0.0,0.0,0.0,,,,,,,,,,,,,,,,,,,,,,,,,,,,,,,,,,,,,,,
Cote d'Ivoire,1938,CIV,2202867.0,,,,,,,,,,,,,,,,,,,,,,,,,,,,,,,,,,,,,,,,,,,,,,,,,,,,,,,,,,,,,,,,,,,,,,,,,,,,,,,,,,,,0.0,0.0,0.0,,,,,,,,,,,,,,,,,,,,,,,,,,,,,,,,,,,,,,,
Cote d'Ivoire,1939,CIV,2235519.0,,,,,,,,,,,,,,,,,,,,,,,,,,,,,,,,,,,,,,,,,,,,,,,,,,,,,,,,,,,,,,,,,,,,,,,,,,,,,,,,,,,,0.0,0.0,0.0,,,,,,,,,,,,,,,,,,,,,,,,,,,,,,,,,,,,,,,
Cote d'Ivoire,1940,CIV,2270472.0,,,,,,,,,,,,,,,,,,,,,,,,,,,,,,,,,,,,,,,,,,,,,,,,,,,,,,,,,,,,,,,,,,,,,,,,,,,,,,,,,,,,0.0,0.0,0.0,,,,,,,,,,,,,,,,,,,,,,,,,,,,,,,,,,,,,,,
Cote d'Ivoire,1941,CIV,2307792.0,,,,,,,,,,,,,,,,,,,,,,,,,,,,,,,,,,,,,,,,,,,,,,,,,,,,,,,,,,,,,,,,,,,,,,,,,,,,,,,,,,,,0.0,0.0,0.0,,,,,,,,,,,,,,,,,,,,,,,,,,,,,,,,,,,,,,,
Cote d'Ivoire,1942,CIV,2347546.0,,,,,,,,,,,,,,,,,,,,,,,,,,,,,,,,,,,,,,,,,,,,,,,,,,,,,,,,,,,,,,,,,,,,,,,,,,,,,,,,,,,,0.0,0.0,0.0,,,,,,,,,,,,,,,,,,,,,,,,,,,,,,,,,,,,,,,
Cote d'Ivoire,1943,CIV,2389801.0,,,,,,,,,,,,,,,,,,,,,,,,,,,,,,,,,,,,,,,,,,,,,,,,,,,,,,,,,,,,,,,,,,,,,,,,,,,,,,,,,,,,0.0,0.0,0.0,,,,,,,,,,,,,,,,,,,,,,,,,,,,,,,,,,,,,,,
Cote d'Ivoire,1944,CIV,2432818.0,,,,,,,,,,,,,,,,,,,,,,,,,,,,,,,,,,,,,,,,,,,,,,,,,,,,,,,,,,,,,,,,,,,,,,,,,,,,,,,,,,,,0.0,0.0,0.0,,,,,,,,,,,,,,,,,,,,,,,,,,,,,,,,,,,,,,,
Cote d'Ivoire,1945,CIV,2476609.0,,,,,,,,,,,,,,,,,,,,,,,,,,,,,,,,,,,,,,,,,,,,,,,,,,,,,,,,,,,,,,,,,,,,,,,,,,,,,,,,,,,,0.0,0.0,0.0,,,,,,,,,,,,,,,,,,,,,,,,,,,,,,,,,,,,,,,
Cote d'Ivoire,1946,CIV,2521188.0,,,,,,,,,,,,,,,,,,,,,,,,,,,,,,,,,,,,,,,,,,,,,,,,,,,,,,,,,,,,,,,,,,,,,,,,,,,,,,,,,,,,0.0,0.0,0.0,,,,,,,,,,,,,,,,,,,,,,,,,,,,,,,,,,,,,,,
Cote d'Ivoire,1947,CIV,2566569.0,,,,,,,,,,,,,,,,,,,,,,,,,,,,,,,,,,,,,,,,,,,,,,,,,,,,,,,,,,,,,,,,,,,,,,,,,,,,,,,,,,,,0.0,0.0,0.0,,,,,,,,,,,,,,,,,,,,,,,,,,,,,,,,,,,,,,,
Cote d'Ivoire,1948,CIV,2612767.0,,,,,,,,,,,,,,,,,,,,,,,,,,,,,,,,,,,,,,,,,,,,,,,,,,,,,,,,,,,,,,,,,,,,,,,,,,,,,,,,,,,,0.0,0.0,0.0,,,,,,,,,,,,,,,,,,,,,,,,,,,,,,,,,,,,,,,
Cote d'Ivoire,1949,CIV,2669371.0,,,,,,,,,,,,,,,,,,,,,,,,,,,,,,,,,,,,,,,,,,,,,,,,,,,,,,,,,,,,,,,,,,,,,,,,,,,,,,,,,,,,0.0,0.0,0.0,,,,,,,,,,,,,,,,,,,,,,,,,,,,,,,,,,,,,,,
Cote d'Ivoire,1950,CIV,2736917.0,4745218048.0,,,,,,,,,,,,,,,,,,,,,,,,,,,,,,,,,,,,,,,,,,,,,,,,,,,,,,,,,,,,,,,,,,,,,,,,,,,,,,,,,,,0.0,0.0,0.0,,,,,,,,,,,,,,,,,,,,,,,,,,,,,,,,,,,,,,,
Cote d'Ivoire,1951,CIV,2814326.0,4919865856.0,,,,,,,,,,,,,,,,,,,,,,,,,,,,,,,,,,,,,,,,,,,,,,,,,,,,,,,,,,,,,,,,,,,,,,,,,,,,,,,,,,,0.0,0.0,0.0,,,,,,,,,,,,,,,,,,,,,,,,,,,,,,,,,,,,,,,
Cote d'Ivoire,1952,CIV,2893690.0,5102610432.0,,,,,,,,,,,,,,,,,,,,,,,,,,,,,,,,,,,,,,,,,,,,,,,,,,,,,,,,,,,,,,,,,,,,,,,,,,,,,,,,,,,0.0,0.0,0.0,,,,,,,,,,,,,,,,,,,,,,,,,,,,,,,,,,,,,,,
Cote d'Ivoire,1953,CIV,2976276.0,5287693824.0,,,,,,,,,,,,,,,,,,,,,,,,,,,,,,,,,,,,,,,,,,,,,,,,,,,,,,,,,,,,,,,,,,,,,,,,,,,,,,,,,,,0.0,0.0,0.0,,,,,,,,,,,,,,,,,,,,,,,,,,,,,,,,,,,,,,,
Cote d'Ivoire,1954,CIV,3062946.0,5481269248.0,,,,,,,,,,,,,,,,,,,,,,,,,,,,,,,,,,,,,,,,,,,,,,,,,,,,,,,,,,,,,,,,,,,,,,,,,,,,,,,,,,,0.0,0.0,0.0,,,,,,,,,,,,,,,,,,,,,,,,,,,,,,,,,,,,,,,
Cote d'Ivoire,1955,CIV,3154287.0,5683028992.0,,,,,,,,,,,,,,,,,,,,,,,,,,,,,,,,,,,,,,,,,,,,,,,,,,,,,,,,,,,,,,,,,,,,,,,,,,,,,,,,,,,0.0,0.0,0.0,,,,,,,,,,,,,,,,,,,,,,,,,,,,,,,,,,,,,,,
Cote d'Ivoire,1956,CIV,3251080.0,5894115328.0,,,,,,,,,,,,,,,,,,,,,,,,,,,,,,,,,,,,,,,,,,,,,,,,,,,,,,,,,,,,,,,,,,,,,,,,,,,,,,,,,,,0.0,0.0,0.0,,,,,,,,,,,,,,,,,,,,,,,,,,,,,,,,,,,,,,,
Cote d'Ivoire,1957,CIV,3353895.0,6111600128.0,,,,,,,,,,,,,,,,,,,,,,,,,,,,,,,,,,,,,,,,,,,,,,,,,,,,,,,,,,,,,,,,,,,,,,,,,,,,,,,,,,,0.0,0.0,0.0,,,,,,,,,,,,,,,,,,,,,,,,,,,,,,,,,,,,,,,
Cote d'Ivoire,1958,CIV,3463233.0,6339347456.0,,,,,,,,,,,,,,,,,,,,,,,,,,,,,,,,,,,,,,,,,,,,,,,,,,,,,,,,,,,,,,,,,,,,,,,,,,,,,,,,,,,0.0,0.0,0.0,,,,,,,,,,,,,,,,,,,,,,,,,,,,,,,,,,,,,,,
Cote d'Ivoire,1959,CIV,3580599.0,6572869120.0,,,,,,,,,,,,,,,,,,,,,,,,,,,,,,,,,,,,,,,,,,,,,,,,,,,,,,,,,,,,,,,,,,,,,,,,,,,,,,,,,,,0.0,0.0,0.0,,,,,,,,,,,,,,,,,,,,,,,,,,,,,,,,,,,,,,,
Cote d'Ivoire,1960,CIV,3708671.0,7159306240.0,,,,,,,,,,,,,,,,,,,,,,,,,,,,,,,,,,,,,,,,,,,,,,,,,,,,,,,,,,,,,,,,,,,,,,,,,,,,,,,,,,,0.0,0.0,0.0,,,,,,,,,,,,,,,,,,,,,,,,,,,,,,,,,,,,,,,
Cote d'Ivoire,1961,CIV,3848343.0,7832816128.0,,,,,,,,,,,,,,,,,,,,,,,,,,,,,,,,,,,,,,,,,,,,,,,,,,,,,,,,,,,,,,,,,,,,,,,,,,,,,,,,,,,0.0,0.0,0.0,,,,,,,,,,,,,,,,,,,,,,,,,,,,,,,,,,,,,,,
Cote d'Ivoire,1962,CIV,3998295.0,8177584640.0,,,,,,,,,,,,,,,,,,,,,,,,,,,,,,,,,,,,,,,,,,,,,,,,,,,,,,,,,,,,,,,,,,,,,,,,,,,,,,,,,,,0.0,0.0,0.0,,,,,,,,,,,,,,,,,,,,,,,,,,,,,,,,,,,,,,,
Cote d'Ivoire,1963,CIV,4156459.0,9515745280.0,,,,,,,,,,,,,,,,,,,,,,,,,,,,,,,,,,,,,,,,,,,,,,,,,,,,,,,,,,,,,,,,,,,,,,,,,,,,,,,,,,,0.0,0.0,0.0,,,,,,,,,,,,,,,,,,,,,,,,,,,,,,,,,,,,,,,
Cote d'Ivoire,1964,CIV,4321374.0,11224263680.0,,,,,,,,,,,,,,,,,,,,,,,,,,,,,,,,,,,,,,,,,,,,,,,,,,,,,,,,,,,,,,,,,,,,,,,,,,,,,,,,,,,0.0,0.0,0.0,,,,,,,,,,,,,,,,,,,,,,,,,,,,,,,,,,,,,,,
Cote d'Ivoire,1965,CIV,4492892.0,10978052096.0,,,,,,,,,,,,,,,,,,,,,,,,,,,,,,,,,,,,,,,,,,,,,,,,,,,,,,,,,,,,,,,,,,,,,,,,,,,,,,,,,,,0.0,0.0,0.0,,,,,,,,,,,,,,,,,,,,,,,,,,,,,,,,,,,,,,,
Cote d'Ivoire,1966,CIV,4671204.0,11842560000.0,,,,,,,,,,,,,,,,,,,,,,,,,,,,,,,,,,,,,,,,,,,,,,,,,,,,,,,,,,,,,,,,,,,,,,,,,,,,,,,,,,,0.0,0.0,0.0,,,,,,,,,,,,,,,,,,,,,,,,,,,,,,,,,,,,,,,
Cote d'Ivoire,1967,CIV,4856686.0,12018790400.0,,,,,,,,,,,,,,,,,,,,,,,,,,,,,,,,,,,,,,,,,,,,,,,,,,,,,,,,,,,,,,,,,,,,,,,,,,,,,,,,,,,0.0,0.0,0.0,,,,,,,,,,,,,,,,,,,,,,,,,,,,,,,,,,,,,,,
Cote d'Ivoire,1968,CIV,5050117.0,13895568384.0,,,,,,,,,,,,,,,,,,,,,,,,,,,,,,,,,,,,,,,,,,,,,,,,,,,,,,,,,,,,,,,,,,,,,,,,,,,,,,,,,,,0.0,0.0,0.0,,,,,,,,,,,,,,,,,,,,,,,,,,,,,,,,,,,,,,,
Cote d'Ivoire,1969,CIV,5255150.0,14503653376.0,,,,,,,,,,,,,,,,,,,,,,,,,,,,,,,,,,,,,,,,,,,,,,,,,,,,,,,,,,,,,,,,,,,,,,,,,,,,,,,,,,,0.0,0.0,0.0,,,,,,,,,,,,,,,,,,,,,,,,,,,,,,,,,,,,,,,
Cote d'Ivoire,1970,CIV,5477085.0,16078717952.0,,,,,,,,,,,,,,,,,,,,,,,,,,,,,,,,,,,,,,,,,,,,,,,,,,,,,,,,,,,,,,,,,,,,,,,,,,,,,,,,,,,0.0,0.0,0.0,,,,,,,,,,,,,,,,,,,,,,,,,,,,,,,,,,,,,,,
Cote d'Ivoire,1971,CIV,5718872.0,16881039360.0,,,,,,,,,,,,,,,,,,,,,,,,,,,,,,,,,,,,,,,,,,,,,,,,,,,,,,,,,,,,,,,,,,,,,,,,,,,,,,,,,,,0.0,0.0,0.0,,,,,,,,,,,,,,,,,,,,,,,,,,,,,,,,,,,,,,,
Cote d'Ivoire,1972,CIV,5979988.0,17817495552.0,,,,,,,,,,,,,,,,,,,,,,,,,,,,,,,,,,,,,,,,,,,,,,,,,,,,,,,,,,,,,,,,,,,,,,,,,,,,,,,,,,,0.0,0.0,0.0,,,,,,,,,,,,,,,,,,,,,,,,,,,,,,,,,,,,,,,
Cote d'Ivoire,1973,CIV,6257381.0,19227564032.0,,,,,,,,,,,,,,,,,,,,,,,,,,,,,,,,,,,,,,,,,,,,,,,,,,,,,,,,,,,,,,,,,,,,,,,,,,,,,,,,,,,0.0,0.0,0.0,,,,,,,,,,,,,,,,,,,,,,,,,,,,,,,,,,,,,,,
Cote d'Ivoire,1974,CIV,6548928.0,19781459968.0,,,,,,,,,,,,,,,,,,,,,,,,,,,,,,,,,,,,,,,,,,,,,,,,,,,,,,,,,,,,,,,,,,,,,,,,,,,,,,,,,,,0.0,0.0,0.0,,,,,,,,,,,,,,,,,,,,,,,,,,,,,,,,,,,,,,,
Cote d'Ivoire,1975,CIV,6853986.0,19770904576.0,,,,,,,,,,,,,,,,,,,,,,,,,,,,,,,,,,,,,,,,,,,,,,,,,,,,,,,,,,,,,,,,,,,,,,,,,,,,,,,,,,,0.0,0.0,0.0,,,,,,,,,,,,,,,,,,,,,,,,,,,,,,,,,,,,,,,
Cote d'Ivoire,1976,CIV,7142694.0,22128316416.0,,,,,,,,,,,,,,,,,,,,,,,,,,,,,,,,,,,,,,,,,,,,,,,,,,,,,,,,,,,,,,,,,,,,,,,,,,,,,,,,,,,0.0,0.0,0.0,,,,,,,,,,,,,,,,,,,,,,,,,,,,,,,,,,,,,,,
Cote d'Ivoire,1977,CIV,7415901.0,23179390976.0,,,,,,,,,,,,,,,,,,,,,,,,,,,,,,,,,,,,,,,,,,,,,,,,,,,,,,,,,,,,,,,,,,,,,,,,,,,,,,,,,,,0.0,0.0,0.0,,,,,,,,,,,,,,,,,,,,,,,,,,,,,,,,,,,,,,,
Cote d'Ivoire,1978,CIV,7700819.0,25469898752.0,,,,,,,,,,,,,,,,,,,,,,,,,,,,,,,,,,,,,,,,,,,,,,,,,,,,,,,,,,,,,,,,,,,,,,,,,,,,,,,,,,,0.0,0.0,0.0,,,,,,,,,,,,,,,,,,,,,,,,,,,,,,,,,,,,,,,
Cote d'Ivoire,1979,CIV,7996373.0,25962590208.0,,,,,,,,,,,,,,,,,,,,,,,,,,,,,,,,,,,,,,,,,,,,,,,,,,,,,,,,,,,,,,,,,,,,,,,,,,,,,,,,,,,0.0,0.0,0.0,,,,,,,,,,,,,,,,,,,,,,,,,,,,,,,,,,,,,,,
Cote d'Ivoire,1980,CIV,8303818.0,27953881088.0,,,,,,,,,,,,,,,,,,0.0,0.0,,,,,,,,2580.656,0.767,,,,,,,,,,,,,,,,,0.0,0.0,,,,,,,,,,,,,,,,,,,,,,,,,,,,,,,,,,,,,0.634,76.306,0.634,,,,,,,,,,,,,,,21.429,,,,,,,,,,,,,,,,,,,,,,,,
Cote d'Ivoire,1981,CIV,8621617.0,28926660608.0,,,,,,,,,,,,,,,,,0.0,0.0,0.0,,,,,,11.107,2.38,2761.61,0.823,,,,,,,,,,,,,,,,0.0,0.0,0.0,,,,,,,,,,,,,,,,,,,,,,,,,,,,,,,,,,,,597.614,3.787,512.702,4.42,,,,,,,,,,,,,,,23.81,,,,,,,,,,,,,,,,,,,,,,,,
Cote d'Ivoire,1982,CIV,8948124.0,28992516096.0,,,,,,,,,,,,,,,,,0.0,0.0,0.0,,,,,,-5.12,-1.219,2524.615,0.779,,,,,,,,,,,,,,,,0.0,0.0,0.0,,,,,,,,,,,,,,,,,,,,,,,,,,,,,,,,,,,,28.615,1.265,635.35,5.685,,,,,,,,,,,,,,,22.591,,,,,,,,,,,,,,,,,,,,,,,,
Cote d'Ivoire,1983,CIV,9282053.0,27868327936.0,,,,,,,,,,,,,,,,,0.0,0.0,0.0,,,,,,-3.448,-0.779,2349.876,0.783,,,,,,,,,,,,,,,,0.0,0.0,0.0,,,,,,,,,,,,,,,,,,,,,,,,,,,,,,,,,,,,155.556,8.844,1565.26,14.529,,,,,,,,,,,,,,,21.812,,,,,,,,,,,,,,,,,,,,,,,,
Cote d'Ivoire,1984,CIV,9621410.0,26931154944.0,,,,,,,,,,,,,,,,,0.0,0.0,0.0,,,,,,-12.512,-2.729,1983.354,0.709,,,,,,,,,,,,,,,,0.0,0.0,0.0,,,,,,,,,,,,,,,,,,,,,,,,,,,,,,,,,,,,17.713,2.573,1777.526,17.102,,,,,,,,,,,,,,,19.083,,,,,,,,,,,,,,,,,,,,,,,,
Cote d'Ivoire,1985,CIV,9964075.0,28257155072.0,,,,,,,,,,,,,,,,,0.0,0.0,0.0,,,,,,18.626,3.554,2271.855,0.801,,,,,,,,,,,,,,,,0.0,0.0,0.0,,,,,,,,,,,,,,,,,,,,,,,,,,,,,,,,,,,,3.42,0.585,1775.104,17.687,,,,,,,,,,,,,,,22.637,,,,,,,,,,,,,,,,,,,,,,,,
Cote d'Ivoire,1986,CIV,10309440.0,29115383808.0,,,,,,,,,,,,,,,,,0.0,0.0,0.0,,,,,,1.858,0.421,2236.543,0.792,,,,,,,,,,,,,,,,0.0,0.0,0.0,,,,,,,,,,,,,,,,,,,,,,,,,,,,,,,,,,,,-28.571,-5.054,1225.456,12.634,,,,,,,,,,,,,,,23.058,,,,,,,,,,,,,,,,,,,,,,,,
Cote d'Ivoire,1987,CIV,10663504.0,28640501760.0,,,,,,,,,,,,,,,,,0.0,0.0,0.0,,,,,,9.781,2.255,2373.768,0.884,,,,,,,,,,,,,,,,0.0,0.0,0.0,,,,,,,,,,,,,,,,,,,,,,,,,,,,,,,,,,,,-10.0,-1.263,1066.29,11.37,,,,,,,,,,,,,,,25.313,,,,,,,,,,,,,,,,,,,,,,,,
Cote d'Ivoire,1988,CIV,11043200.0,28134703104.0,,,,,,,,,,,,,,,,,0.0,0.0,0.0,,,,,,3.767,0.953,2378.493,0.934,,,,,,,,,,,,,,,,0.0,0.0,0.0,,,,,,,,,,,,,,,,,,,,,,,,,,,,,,,,,,,,-33.162,-3.771,688.183,7.6,,,,,,,,,,,,,,,26.266,,,,,,,,,,,,,,,,,,,,,,,,
Cote d'Ivoire,1989,CIV,11462955.0,27953506304.0,,,,,,,,,,,,,,,,,0.0,0.0,0.0,,,,,,0.313,0.082,2298.56,0.943,,,,,,,,,,,,,,,,0.0,0.0,0.0,,,,,,,,,,,,,,,,,,,,,,,,,,,,,,,,,,,,-83.379,-6.337,110.195,1.263,,,,,,,,,,,,,,,26.348,,,,,,,,,,,,,,,,,,,,,,,,
Cote d'Ivoire,1990,CIV,11910540.0,26018496512.0,,,,,,,,,,,,,,,,,0.0,0.0,0.0,,,,,,-13.822,-3.642,1906.413,0.873,,,,,,,,,,,,,,,,0.0,0.0,0.0,,,,,,,,,,,,,,,,,,,,,,,,,,,,,,,,,,,,0.0,0.0,106.054,1.263,,,,,,,,,,,,,,,22.706,,,,,,,,,,,,,,,,,,,,,,,,
Cote d'Ivoire,1991,CIV,12369273.0,26972065792.0,,,,,,,,,,,,,,,,,0.0,0.0,0.0,,,,,,-15.449,-3.508,1552.106,0.712,,,,,,,,,,,,,,,,0.0,0.0,0.0,,,,,,,,,,,,,,,,,,,,,,,,,,,,,,,,,,,,0.0,0.0,102.121,1.263,,,,,,,,,,,,,,,19.198,,,,,,,,,,,,,,,,,,,,,,,,
Cote d'Ivoire,1992,CIV,12838315.0,27466940416.0,,,,,,,,,,,,,,,,,0.0,0.0,0.0,,,,,,-2.903,-0.557,1451.99,0.679,,,,,,,,,,,,,,,,0.0,0.0,0.0,,,,,,,,,,,,,,,,,,,,,,,,,,,,,,,,,,,,-24.795,-0.313,73.995,0.95,,,,,,,,,,,,,,,18.641,,,,,,,,,,,,,,,,,,,,,,,,
Cote d'Ivoire,1993,CIV,13316449.0,28127549440.0,,,,,,,,,,,,,,,,,0.0,0.0,0.0,,,,,,12.422,2.316,1573.744,0.745,,,,,,,,,,,,,,,,0.0,0.0,0.0,,,,,,,,,,,,,,,,,,,,,,,,,,,,,,,,,,,,-66.758,-0.634,23.714,0.316,,,,,,,,,,,,,,,20.957,,,,,,,,,,,,,,,,,,,,,,,,
Cote d'Ivoire,1994,CIV,13802283.0,29026816000.0,,,,,,,,,,,,,,,,,0.0,0.0,0.0,,,,,,3.168,0.664,1566.449,0.745,,,,,,,,,,,,,,,,0.0,0.0,0.0,,,,,,,,,,,,,,,,,,,,,,,,,,,,,,,,,,,,1259.999,3.979,311.162,4.295,,,,,,,,,,,,,,,21.621,,,,,,,,,,,,,,,,,,,,,,,,
Cote d'Ivoire,1995,CIV,14299727.0,31414493184.0,,,,,,,,,,,,,,,,,0.0,0.0,0.0,,,,,,9.109,1.969,1649.679,0.751,,,,,,,,,,,,,,,,0.433,30.283,0.433,,,,,,,,,,,,,,,,,,,,,,,,,,,,,,,,,,,,17.99,0.773,354.367,5.067,,,,,,,,,,,,,,,23.59,,,,,,,,,,,,,,,,,,,,,,,,
Cote d'Ivoire,1996,CIV,14810945.0,34617700352.0,,,,,,,,,,,,,,,,,0.0,0.0,0.0,,,,,,16.331,3.852,1852.845,0.793,,,,,,,,,,,,,,,801.66,3.471,263.623,3.905,,,,,,,,,,,,,,,,,,,,,,,,,,,,,,,,,,,,99.966,5.066,684.155,10.133,,,,,,,,,,,,,,,27.442,,,,,,,,,,,,,,,,,,,,,,,,
Cote d'Ivoire,1997,CIV,15335461.0,37316419584.0,,,,,,,,,,,,,,,,,0.0,0.0,0.0,,,,,,2.072,0.569,1826.545,0.751,,,,,,,,,,,,,,,66.667,2.603,424.344,6.508,,,,,,,,,,,,,,,,,,,,,,,,,,,,,,,,,,,,16.974,1.72,772.912,11.853,,,,,,,,,,,,,,,28.011,,,,,,,,,,,,,,,,,,,,,,,,
Cote d'Ivoire,1998,CIV,15858988.0,39915278336.0,,,,,,,,,,,,,,,,,0.0,0.0,0.0,,,,,,0.942,0.264,1782.895,0.708,,,,,,,,,,,,,,,33.333,2.169,547.115,8.677,,,,,,,,,,,,,,,,,,,,,,,,,,,,,,,,,,,,6.569,0.779,796.496,12.632,,,,,,,,,,,,,,,28.275,,,,,,,,,,,,,,,,,,,,,,,,
Cote d'Ivoire,1999,CIV,16345895.0,41352077312.0,,,,,,,,,,,,,,,,,0.0,0.0,0.0,,,,,,29.256,8.272,2235.851,0.884,,,,,,,,,,,,,,,67.5,5.857,889.119,14.533,,,,,,,,,,,,,,,,,,,,,,,,,,,,,,,,,,,,-25.0,-3.158,579.578,9.474,,,,,,,,,,,,,,,36.547,,,,,,,,,,,,,,,,,,,,,,,,
Cote d'Ivoire,2000,CIV,16799664.0,41297571840.0,,,,,0.0,0.0,0.0,,406.522,,,,,0.0,0.0,,0.0,0.0,0.0,0.0,,3.36,4.6,,0.58,0.212,2188.067,0.89,,,169.646,2.85,,,61.957,,,,,45.239,0.76,,0.746,0.108,871.559,14.642,16.522,,1.87,,,,104.169,1.75,,38.043,,,,,104.169,1.75,,38.043,,-1.24,-36.905,,,,0.0,0.0,,0.0,,,,,124.407,2.09,,-23.142,-2.192,433.423,7.281,45.435,,,0.0,0.0,,,0.0,0.0,,0.0,0.0,,273.815,36.759,,,,104.169,1.75,,38.043,,,,,0.0,0.0,,0.0,,,,,0.0,0.0,,0.0,
Cote d'Ivoire,2001,CIV,17245470.0,42194145280.0,,,,,0.0,0.0,0.0,,408.12,,,,,0.0,0.0,,0.0,0.0,0.0,0.0,,3.52,4.68,,-0.928,-0.341,2111.73,0.863,,,168.16,2.9,,,61.966,,,,,44.649,0.77,,0.0,0.0,849.029,14.642,16.453,,1.91,,,,103.216,1.78,,38.034,,,,,103.216,1.78,,38.034,,-1.16,-32.955,,,,0.0,0.0,,0.0,,,,,123.511,2.13,,-4.587,-0.334,402.853,6.947,45.513,,,0.0,0.0,,,0.0,0.0,,0.0,0.0,,271.376,36.418,,,,103.216,1.78,,38.034,,,,,0.0,0.0,,0.0,,,,,0.0,0.0,,0.0,
Cote d'Ivoire,2002,CIV,17683904.0,42379194368.0,,,,,0.0,0.0,0.0,,434.783,,,,,0.0,0.0,,0.0,0.0,0.0,0.0,,3.49,5.06,,-2.8,-1.02,2001.708,0.835,,,189.438,3.35,,,66.206,,,,,50.328,0.89,,-5.102,-0.747,785.738,13.895,17.589,,2.2,,,,96.698,1.71,,33.794,,,,,96.698,1.71,,33.794,,-1.57,-44.986,,,,0.0,0.0,,0.0,,,,,139.11,2.46,,9.091,0.632,428.58,7.579,48.617,,,0.0,0.0,,,0.0,0.0,,0.0,0.0,,286.136,35.398,,,,96.698,1.71,,33.794,,,,,0.0,0.0,,0.0,,,,,0.0,0.0,,0.0,
Cote d'Ivoire,2003,CIV,18116450.0,42761699328.0,,,,,0.0,0.0,0.0,,412.731,,,,,0.0,0.0,,0.0,0.0,0.0,0.0,,3.54,4.87,,-9.845,-3.485,1761.555,0.746,,,168.907,3.06,,,62.834,,,,,45.263,0.82,,0.0,0.0,766.978,13.895,16.838,,2.01,,,,99.909,1.81,,37.166,,,,,99.909,1.81,,37.166,,-1.33,-37.571,,,,0.0,0.0,,0.0,,,,,123.645,2.24,,58.333,4.421,662.384,12.0,45.996,,,0.0,0.0,,,0.0,0.0,,0.0,0.0,,268.816,31.913,,,,99.909,1.81,,37.166,,,,,0.0,0.0,,0.0,,,,,0.0,0.0,,0.0,
Cote d'Ivoire,2004,CIV,18544900.0,44320833536.0,,,,,0.0,0.0,0.0,,435.203,,,,,0.0,0.0,,0.0,0.0,0.0,0.0,,3.76,5.17,,6.975,2.226,1840.879,0.77,,,185.496,3.44,,,66.538,,,,,49.609,0.92,,-2.985,-0.415,726.892,13.48,17.795,,2.25,,,,93.287,1.73,,33.462,,,,,93.287,1.73,,33.462,,-1.41,-37.5,,,,0.0,0.0,,0.0,,,,,135.886,2.52,,37.217,4.466,887.905,16.466,48.743,,,0.0,0.0,,,0.0,0.0,,0.0,0.0,,278.783,34.139,,,,93.287,1.73,,33.462,,,,,0.0,0.0,,0.0,,,,,0.0,0.0,,0.0,
Cote d'Ivoire,2005,CIV,18970216.0,46182465536.0,,,,,0.0,0.0,0.0,,478.343,,,,,0.0,0.0,,0.0,0.0,0.0,0.0,,3.91,5.31,,11.078,3.782,1998.959,0.821,,,205.058,3.89,,,73.258,,,,,54.823,1.04,,0.0,0.0,710.595,13.48,19.586,,2.54,,,,74.854,1.42,,26.742,,,,,74.854,1.42,,26.742,,-1.4,-35.806,,,,0.0,0.0,,0.0,,,,,150.236,2.85,,49.59,8.166,1298.439,24.632,53.672,,,0.0,0.0,,,0.0,0.0,,0.0,0.0,,279.912,37.921,,,,74.854,1.42,,26.742,,,,,0.0,0.0,,0.0,,,,,0.0,0.0,,0.0,
Cote d'Ivoire,2006,CIV,19394062.0,48080166912.0,,,,,0.0,0.0,0.0,,468.809,,,,,0.0,0.0,,0.0,0.0,0.0,0.0,,4.22,5.29,,-14.642,-5.552,1668.975,0.673,,,195.421,3.79,,,71.645,,,,,52.078,1.01,,0.0,0.0,695.066,13.48,19.093,,2.48,,,,77.343,1.5,,28.355,,,,,77.343,1.5,,28.355,,-1.07,-25.355,,,,0.0,0.0,,0.0,,,,,143.343,2.78,,58.974,14.526,2019.073,39.158,52.552,,,0.0,0.0,,,0.0,0.0,,0.0,0.0,,272.764,32.368,,,,77.343,1.5,,28.355,,,,,0.0,0.0,,0.0,,,,,0.0,0.0,,0.0,
Cote d'Ivoire,2007,CIV,19817700.0,50213699584.0,,,,,0.0,0.0,0.0,,434.535,,,,,0.0,0.0,,0.0,0.0,0.0,0.0,,4.5,5.27,,7.048,2.281,1748.413,0.69,,,176.105,3.49,,,66.224,,,,,46.928,0.93,,15.385,2.074,784.855,15.554,17.647,,2.29,,,,89.819,1.78,,33.776,,,,,89.819,1.78,,33.776,,-0.77,-17.111,,,,0.0,0.0,,0.0,,,,,129.177,2.56,,-16.129,-6.316,1657.217,32.842,48.577,,,0.0,0.0,,,0.0,0.0,,0.0,0.0,,265.924,34.65,,,,89.819,1.78,,33.776,,,,,0.0,0.0,,0.0,,,,,0.0,0.0,,0.0,
Cote d'Ivoire,2008,CIV,20244452.0,52843520000.0,,,,,0.0,0.0,0.0,,431.985,,,,,0.0,0.0,,0.0,0.0,0.0,0.0,,4.84,5.44,,10.007,3.467,1882.834,0.721,,,175.851,3.56,,,65.441,,,,,46.926,0.95,,6.667,1.037,819.531,16.591,17.463,,2.35,,,,92.865,1.88,,34.559,,,,,92.865,1.88,,34.559,,-0.6,-12.397,,,,0.0,0.0,,0.0,,,,,128.924,2.61,,14.091,4.628,1850.872,37.47,47.978,,,0.0,0.0,,,0.0,0.0,,0.0,0.0,,268.716,38.117,,,,92.865,1.88,,34.559,,,,,0.0,0.0,,0.0,,,,,0.0,0.0,,0.0,
Cote d'Ivoire,2009,CIV,20677762.0,55909339136.0,,,,,0.0,0.0,0.0,,408.273,,,,,0.0,0.0,,0.0,0.0,0.0,0.0,,5.08,5.56,,-2.377,-0.906,1799.553,0.666,,,166.846,3.45,,,62.05,,,,,44.492,0.92,,0.0,0.0,802.357,16.591,16.547,,2.27,,,,102.042,2.11,,37.95,,,,,102.042,2.11,,37.95,,-0.48,-9.449,,,,0.0,0.0,,0.0,,,,,122.354,2.53,,-2.545,-0.954,1765.969,36.516,45.504,,,0.0,0.0,,,0.0,0.0,,0.0,0.0,,268.888,37.211,,,,102.042,2.11,,37.95,,,,,0.0,0.0,,0.0,,,,,0.0,0.0,,0.0,
Cote d'Ivoire,2010,CIV,21120040.0,58372517888.0,,,,,0.0,0.0,0.0,,475.089,,,,,0.0,0.0,,0.0,0.0,0.0,0.0,,5.27,5.62,,2.273,0.846,1801.921,0.652,,,190.341,4.02,,,71.53,,,,,43.087,0.91,,3.438,0.57,812.558,17.161,16.192,,2.67,,,,75.757,1.6,,28.47,,,,,75.757,1.6,,28.47,,-0.35,-6.641,,,,0.0,0.0,,0.0,,,,,147.254,3.11,,-24.183,-8.831,1310.874,27.686,55.338,,,0.0,0.0,,,0.0,0.0,,0.0,0.0,,266.098,38.057,,,,75.757,1.6,,28.47,,,,,0.0,0.0,,0.0,,,,,0.0,0.0,,0.0,
Cote d'Ivoire,2011,CIV,21562916.0,57054912512.0,,,,,0.0,0.0,0.0,,461.005,,,,,0.0,0.0,,0.0,0.0,0.0,0.0,,5.18,5.77,,-6.943,-2.642,1642.38,0.621,,,185.967,4.01,,,69.497,,,,,42.202,0.91,,-1.511,-0.259,783.847,16.902,15.771,,2.66,,,,81.622,1.76,,30.503,,,,,81.622,1.76,,30.503,,-0.59,-11.39,,,,0.0,0.0,,0.0,,,,,143.765,3.1,,-9.682,-2.68,1159.641,25.005,53.726,,,0.0,0.0,,,0.0,0.0,,0.0,0.0,,267.589,35.414,,,,81.622,1.76,,30.503,,,,,0.0,0.0,,0.0,,,,,0.0,0.0,,0.0,
Cote d'Ivoire,2012,CIV,22010708.0,62949928960.0,,,,,0.0,0.0,0.0,,486.405,,,,,0.0,0.0,,0.0,0.0,0.0,0.0,,6.03,6.62,,22.002,7.792,1962.973,0.686,,,220.347,4.85,,,73.263,,,,,46.341,1.02,,9.202,1.555,838.566,18.457,15.408,,3.22,,,,80.415,1.77,,26.737,,,,,80.415,1.77,,26.737,,-0.59,-9.784,,,,0.0,0.0,,0.0,,,,,174.006,3.83,,-3.965,-0.992,1091.0,24.014,57.855,,,0.0,0.0,,,0.0,0.0,,0.0,0.0,,300.763,43.206,,,,80.415,1.77,,26.737,,,,,0.0,0.0,,0.0,,,,,0.0,0.0,,0.0,
Cote d'Ivoire,2013,CIV,22469272.0,69149548544.0,,,,,0.0,0.0,0.0,,522.222,,,,,0.0,0.0,,0.0,0.0,0.0,0.0,,6.38,7.2,,10.742,4.641,2129.461,0.692,,,249.674,5.61,,,77.917,,,,,44.06,0.99,,14.831,2.738,943.285,21.195,13.75,,3.76,,,,70.763,1.59,,22.083,,,,,70.763,1.59,,22.083,,-0.82,-12.853,,,,0.0,0.0,,0.0,,,,,205.614,4.62,,-2.681,-0.644,1040.084,23.37,64.167,,,0.0,0.0,,,0.0,0.0,,0.0,0.0,,320.438,47.847,,,,70.763,1.59,,22.083,,,,,0.0,0.0,,0.0,,,,,0.0,0.0,,0.0,
Cote d'Ivoire,2014,CIV,22995554.0,75601084416.0,,,,,0.0,0.0,0.0,,508.951,,,,,0.0,0.0,,0.0,0.0,0.0,0.0,,6.94,7.82,,5.649,2.703,2198.274,0.669,,,257.876,5.93,,,75.831,,,,,45.661,1.05,,0.832,0.176,929.363,21.371,13.427,,3.98,,,,82.19,1.89,,24.169,,,,,82.19,1.89,,24.169,,-0.88,-12.68,,,,0.0,0.0,,0.0,,,,,212.215,4.88,,-2.703,-0.632,988.814,22.738,62.404,,,0.0,0.0,,,0.0,0.0,,0.0,0.0,,340.066,50.551,,,,82.19,1.89,,24.169,,,,,0.0,0.0,,0.0,,,,,0.0,0.0,,0.0,
Cote d'Ivoire,2015,CIV,23596738.0,82779693056.0,,,,,0.0,0.0,0.0,,496.324,,,,,0.0,0.0,,0.0,0.0,0.0,0.0,,7.31,8.16,,-0.594,-0.301,2129.532,0.607,,,289.023,6.82,,,83.578,,,,,151.716,3.58,,0.097,0.021,906.564,21.392,43.873,,4.05,,,,56.788,1.34,,16.422,,,,,56.788,1.34,,16.422,,-0.85,-11.628,,,,0.0,0.0,,0.0,,,,,137.307,3.24,,-19.444,-4.421,776.251,18.317,39.706,,,0.0,0.0,,,0.0,0.0,,0.0,0.0,,345.811,50.25,,,,56.788,1.34,,16.422,,,,,0.0,0.0,,0.0,,,,,0.0,0.0,,0.0,
Cote d'Ivoire,2016,CIV,24213620.0,89471442944.0,,,,,0.0,0.0,0.0,,478.747,,,,,0.0,0.0,,0.0,0.0,0.0,0.0,,7.71,8.94,,13.557,6.813,2356.63,0.638,,,306.852,7.43,,,83.11,,,,,188.737,4.57,,11.973,2.561,989.243,23.953,51.119,,4.28,,,,62.362,1.51,,16.89,,,,,62.362,1.51,,16.89,,-1.23,-15.953,,,,0.0,0.0,,0.0,,,,,118.115,2.86,,69.428,12.717,1281.682,31.034,31.991,,,0.0,0.0,,,0.0,0.0,,0.0,0.0,,369.214,57.063,,,,62.362,1.51,,16.89,,,,,0.0,0.0,,0.0,,,,,0.0,0.0,,0.0,
Cote d'Ivoire,2017,CIV,24848024.0,96056541184.0,,,,,0.0,0.0,0.0,,460.317,,,,,0.0,0.0,,,,,0.0,,8.24,10.08,,-0.337,-0.192,2288.732,0.592,,,323.567,8.04,,,79.762,,,,,199.211,4.95,,,,,,49.107,,4.64,,,,81.697,2.03,,20.139,,,,,82.099,2.04,,20.238,,-1.84,-22.33,,,,0.0,0.0,,0.0,,,,,124.356,3.09,,,,,,30.655,,,0.0,0.0,,,0.0,0.0,,0.0,0.0,,405.666,56.87,,,,82.099,2.04,,20.238,,,,,0.402,0.01,,0.099,,,,,0.0,0.0,,0.0,
Cote d'Ivoire,2018,CIV,25493990.0,102581665792.0,,,,,0.0,0.0,0.0,,402.094,,,,,0.0,0.0,,,,,0.0,,8.5,9.55,,0.235,0.134,2235.986,0.556,,,259.277,6.61,,,69.215,,,,,159.645,4.07,,,,,,42.618,,3.84,,,,114.929,2.93,,30.681,,,,,115.321,2.94,,30.785,,-1.05,-12.353,,,,0.0,0.0,,0.0,,,,,99.631,2.54,,,,,,26.597,,,0.0,0.0,,,0.0,0.0,,0.0,0.0,,374.598,57.004,,,,115.321,2.94,,30.785,,,,,0.392,0.01,,0.105,,,,,0.0,0.0,,0.0,
Cote d'Ivoire,2019,CIV,26147544.0,,,,,,0.0,0.0,0.0,,384.232,,,,,0.0,0.0,,,,,0.0,,8.84,10.02,,8.258,4.707,2360.121,,,,250.884,6.56,,,65.469,,,,,151.066,3.95,,,,,,39.421,,3.85,,,,131.944,3.45,,34.431,,,,,132.326,3.46,,34.531,,-1.18,-13.348,,,,0.0,0.0,,0.0,,,,,99.818,2.61,,,,,,26.048,,,0.0,0.0,,,0.0,0.0,,0.0,0.0,,383.21,61.711,,,,132.326,3.46,,34.531,,,,,0.382,0.01,,0.1,,,,,0.0,0.0,,0.0,
Cote d'Ivoire,2020,CIV,26811792.0,,,,,,0.0,0.0,0.0,,399.243,,,,,0.0,0.0,,,,,0.0,,9.32,10.57,,-0.839,-0.518,2282.348,,,,268.912,7.21,,,68.212,,,,,161.869,4.34,,,,,,41.06,,4.22,,,,124.945,3.35,,31.693,,,,,125.318,3.36,,31.788,,-1.25,-13.412,,,,0.0,0.0,,0.0,,,,,107.042,2.87,,,,,,27.152,,,0.0,0.0,,,0.0,0.0,,0.0,0.0,,394.229,61.194,,,,125.318,3.36,,31.788,,,,,0.373,0.01,,0.095,,,,,0.0,0.0,,0.0,
Cote d'Ivoire,2021,CIV,27478250.0,,,,,,0.0,0.0,0.0,,410.747,,,,,0.0,0.0,,,,,0.0,,9.71,10.98,,6.448,3.946,2370.596,,,,279.13,7.67,,,69.854,,,,,163.402,4.49,,,,,,40.893,,4.51,,,,120.095,3.3,,30.055,,,,,120.459,3.31,,30.146,,-1.27,-13.079,,,,0.0,0.0,,0.0,,,,,115.728,3.18,,,,,,28.962,,,0.0,0.0,,,0.0,0.0,,0.0,0.0,,399.589,65.14,,,,120.459,3.31,,30.146,,,,,0.364,0.01,,0.091,,,,,0.0,0.0,,0.0,
Croatia,1990,HRV,4873705.0,58374078464.0,,,,,2.052,0.01,0.113,,,,,1929.42,9.403,129.265,0.63,,,,,7.111,9.327,15.74,8.86,8.788,,,20686.525,1.727,,,1011.551,4.93,18302.664,89.202,55.643,88.476,,,25.523,279.048,1.36,5236.827,,,,,15.35,25.315,,,,11.583,804.316,3.92,2376.656,44.244,11.489,,,11.618,806.368,3.93,2383.861,44.357,11.524,6.88,43.71,,,,0.0,0.0,,0.0,,,,54.276,603.237,2.94,11136.418,,,,,33.183,53.834,0.035,0.01,0.0,,,2.052,0.0,7.205,0.113,0.0,0.035,1817.919,100.82,,,11.618,806.368,3.93,2383.861,44.357,11.524,,,0.0,0.0,0.0,0.0,0.0,0.0,,,0.0,0.0,0.0,0.0,0.0,0.0
Croatia,1991,HRV,4844526.0,45560401920.0,,,,,2.064,0.01,0.116,,,-43.775,-4.116,1091.358,5.287,80.503,0.39,,,,,4.54,6.31,13.7,8.59,10.252,-16.892,-17.03,17295.715,1.839,-24.419,-21.782,629.576,3.05,13916.607,67.419,35.506,80.463,-7.392,-1.887,23.636,152.75,0.74,4878.909,,,,,8.615,28.209,,41.052,4.755,16.338,1141.495,5.53,3372.518,64.377,19.499,40.912,4.752,16.37,1143.559,5.54,3379.108,64.494,19.537,5.11,37.299,,,,0.0,0.0,,0.0,,-29.073,-15.779,38.496,396.324,1.92,7946.341,,,,,22.352,45.944,0.032,0.01,0.0,-9.091,-0.003,2.064,0.0,6.589,0.116,0.0,0.038,1773.135,83.79,40.912,4.752,16.37,1143.559,5.54,3379.108,64.494,19.537,,0.0,0.0,0.0,0.0,0.0,0.0,0.0,,0.0,0.0,0.0,0.0,0.0,0.0,0.0
Croatia,1992,HRV,4798318.0,40296484864.0,,,,,2.084,0.01,0.112,,,-12.101,-0.64,968.532,4.647,137.548,0.66,,,236.995,1.137,7.416,5.771,11.68,8.9,11.053,-3.898,-3.266,16781.605,1.998,0.333,0.225,946.165,4.54,14097.455,67.644,51.011,84.005,3.658,0.865,24.5,285.517,1.37,5106.06,,,4113.809,19.739,15.393,30.427,,-21.288,-3.478,12.86,906.568,4.35,2680.156,48.876,15.971,-21.321,-3.491,12.879,908.652,4.36,2684.148,48.989,15.995,2.78,23.801,,,,0.0,0.0,,0.0,,0.0,0.0,38.496,523.1,2.51,8022.864,,,5274.122,25.307,28.202,47.807,0.019,0.01,0.0,-40.0,-0.013,2.084,0.0,3.992,0.112,0.0,0.024,1854.817,80.523,-21.321,-3.491,12.879,908.652,4.36,2684.148,48.989,15.995,,0.0,0.0,0.0,0.0,0.0,0.0,0.0,,0.0,0.0,0.0,0.0,0.0,0.0,0.0
Croatia,1993,HRV,4792409.0,37941878784.0,,,,,4.173,0.02,0.209,,,-15.012,-0.698,824.148,3.95,93.898,0.45,-8.757,-0.1,216.509,1.038,4.702,4.702,11.69,9.57,11.392,4.325,3.483,17528.975,2.214,4.21,2.848,1043.317,5.0,14709.022,70.492,52.247,83.913,5.584,1.368,25.868,379.767,1.82,5397.807,13.627,2.69,4680.158,22.429,19.018,30.794,,4.615,0.593,13.454,949.418,4.55,2807.296,47.544,16.015,4.907,0.635,13.514,953.591,4.57,2819.952,47.753,16.087,2.12,18.135,,,,0.0,0.0,,0.0,,5.656,2.177,40.674,569.651,2.73,8487.067,1.567,0.396,5363.356,25.703,28.527,48.417,0.061,0.02,0.0,216.667,0.041,4.173,0.0,12.656,0.209,0.0,0.072,1996.908,84.006,4.907,0.635,13.514,953.591,4.57,2819.952,47.753,16.087,,0.0,0.0,0.0,0.0,0.0,0.0,0.0,,0.0,0.0,0.0,0.0,0.0,0.0,0.0
Croatia,1994,HRV,4819431.0,41058422784.0,,,,,2.075,0.01,0.114,,,-37.407,-1.477,512.963,2.472,20.749,0.1,-9.853,-0.102,194.081,0.935,1.14,2.913,11.83,8.77,10.334,1.02,0.857,17608.57,2.067,-2.438,-1.718,690.953,3.33,14269.982,68.773,37.97,81.04,-5.913,-1.53,24.339,381.788,1.84,5050.181,-12.955,-2.906,4050.989,19.523,20.981,28.68,,19.454,2.617,16.071,1126.689,5.43,3334.614,61.916,18.937,19.088,2.576,16.09,1128.764,5.44,3338.588,62.03,18.96,3.06,25.866,,,,0.0,0.0,,0.0,,3.168,1.289,41.962,288.416,1.39,8706.839,7.277,1.87,5721.366,27.574,15.849,49.447,0.019,0.01,0.0,-68.421,-0.041,2.075,0.0,3.974,0.114,0.0,0.023,1819.717,84.863,19.088,2.576,16.09,1128.764,5.44,3338.588,62.03,18.96,,0.0,0.0,0.0,0.0,0.0,0.0,0.0,,0.0,0.0,0.0,0.0,0.0,0.0,0.0
Croatia,1995,HRV,4807100.0,44384567296.0,,,,,2.08,0.01,0.108,,,-17.787,-0.44,422.806,2.032,49.926,0.24,-35.726,-0.334,125.065,0.601,2.589,2.314,12.35,9.27,10.552,3.519,2.986,18274.979,1.979,3.263,2.244,744.732,3.58,14773.343,71.017,38.619,80.839,-7.576,-1.844,22.495,183.063,0.88,4679.536,9.438,1.843,4444.71,21.366,9.493,25.606,,4.561,0.733,16.804,1181.586,5.68,3495.658,61.273,19.128,4.611,0.743,16.833,1183.666,5.69,3501.635,61.381,19.161,3.08,24.939,,,,0.0,0.0,,0.0,,10.789,4.527,46.489,511.743,2.46,9671.001,-13.97,-3.852,4934.745,23.722,26.537,52.919,0.029,0.01,0.0,50.0,0.01,2.08,0.0,5.977,0.108,0.0,0.033,1928.398,87.85,4.611,0.743,16.833,1183.666,5.69,3501.635,61.381,19.161,,0.0,0.0,0.0,0.0,0.0,0.0,0.0,,0.0,0.0,0.0,0.0,0.0,0.0,0.0
Croatia,1996,HRV,4758624.0,47434641408.0,,,,,2.101,0.01,0.09,,,-18.12,-0.368,349.719,1.664,25.217,0.12,-16.504,-0.099,105.487,0.502,1.074,1.766,12.86,11.17,11.853,7.275,6.391,19804.262,1.987,-0.077,-0.055,693.478,3.3,14912.375,70.962,29.543,75.299,12.057,2.712,25.207,275.29,1.31,5297.172,-8.624,-1.843,4102.753,19.523,11.728,26.748,,38.36,6.446,23.25,1651.738,7.86,4885.849,70.367,24.671,38.299,6.446,23.279,1653.839,7.87,4891.887,70.457,24.701,1.69,13.142,,,,0.0,0.0,,0.0,,-5.159,-2.399,44.091,392.971,1.87,9265.483,-9.13,-2.166,4529.88,21.556,16.741,46.785,0.029,0.01,0.0,0.0,0.0,2.101,0.0,6.037,0.09,0.0,0.03,2347.317,94.241,38.299,6.446,23.279,1653.839,7.87,4891.887,70.457,24.701,,0.0,0.0,0.0,0.0,0.0,0.0,0.0,,0.0,0.0,0.0,0.0,0.0,0.0,0.0
Croatia,1997,HRV,4711373.0,51344322560.0,,,,,0.0,0.0,0.0,,,70.0,1.165,600.486,2.829,108.249,0.51,-28.422,-0.143,76.263,0.359,4.985,3.03,13.61,10.23,10.958,-0.936,-0.882,19815.602,1.818,7.165,5.085,929.665,4.38,16141.165,76.047,42.815,81.457,3.66,0.923,26.13,248.335,1.17,5546.101,-11.115,-2.17,3683.293,17.353,11.437,27.989,,-25.555,-5.941,17.308,1241.676,5.85,3673.757,57.185,18.54,-25.627,-5.967,17.312,1241.676,5.85,3674.435,57.185,18.543,3.38,24.835,,,,0.0,0.0,,0.0,,6.798,2.997,47.088,573.081,2.7,9994.579,-0.357,-0.077,4558.962,21.479,26.393,50.438,0.003,0.0,0.0,-88.889,-0.026,0.0,0.0,0.678,0.0,0.0,0.003,2171.342,93.359,-25.627,-5.967,17.312,1241.676,5.85,3674.435,57.185,18.543,,0.0,0.0,0.0,0.0,0.0,0.0,0.0,,0.0,0.0,0.0,0.0,0.0,0.0,0.0
Croatia,1998,HRV,4659937.0,53359112192.0,,,,,2.146,0.01,0.087,,,-4.392,-0.124,580.45,2.705,115.881,0.54,4.082,0.015,80.252,0.374,4.716,2.74,14.24,11.45,11.597,5.755,5.373,21187.268,1.85,6.378,4.85,1163.106,5.42,17360.189,80.897,47.336,81.937,-3.872,-1.012,25.118,287.558,1.34,5390.201,-1.875,-0.325,3654.125,17.028,11.703,25.441,,2.87,0.497,17.805,1291.863,6.02,3820.913,52.576,18.034,3.006,0.522,17.834,1294.009,6.03,3827.079,52.664,18.063,2.79,19.593,,,,0.0,0.0,,0.0,,12.713,5.986,53.075,759.667,3.54,11389.538,5.588,1.2,4866.869,22.679,30.917,53.757,0.029,0.01,0.0,800.0,0.026,2.146,0.0,6.165,0.087,0.0,0.029,2457.115,98.731,3.006,0.522,17.834,1294.009,6.03,3827.079,52.664,18.063,,0.0,0.0,0.0,0.0,0.0,0.0,0.0,,0.0,0.0,0.0,0.0,0.0,0.0,0.0
Croatia,1999,HRV,4605329.0,53571235840.0,,,,,2.171,0.01,0.077,,,-11.308,-0.306,520.916,2.399,112.913,0.52,-65.681,-0.246,27.868,0.128,4.006,2.349,14.6,12.98,12.711,3.427,3.383,22173.107,1.906,-0.591,-0.478,1224.668,5.64,17462.223,80.419,43.451,78.754,1.391,0.35,25.467,267.082,1.23,5530.006,-1.274,-0.217,3650.353,16.811,9.476,24.94,,21.686,3.861,21.666,1591.634,7.33,4704.647,56.471,21.218,21.654,3.861,21.695,1593.806,7.34,4710.886,56.549,21.246,1.62,11.096,,,,0.0,0.0,,0.0,,-0.983,-0.522,52.553,844.674,3.89,11411.3,-17.726,-4.02,4051.666,18.659,29.969,51.465,0.029,0.01,0.0,0.0,0.0,2.171,0.0,6.238,0.077,0.0,0.028,2818.474,102.114,21.654,3.861,21.695,1593.806,7.34,4710.886,56.549,21.246,,0.0,0.0,0.0,0.0,0.0,0.0,0.0,,0.0,0.0,0.0,0.0,0.0,0.0,0.0
Croatia,2000,HRV,4548438.0,54951510016.0,,,,,0.0,0.0,0.0,,299.289,109.282,2.622,1103.821,5.021,340.776,1.55,-100.0,-0.128,0.0,0.0,13.766,5.2,14.68,11.26,11.662,-5.449,-5.565,21227.025,1.757,-3.673,-2.954,1057.506,4.81,17031.225,77.465,42.718,80.234,0.895,0.228,25.695,345.173,1.57,5649.302,7.097,1.193,3958.308,18.004,13.943,26.614,3.37,-11.932,-2.585,19.081,1418.069,6.45,4195.101,57.282,19.763,-12.027,-2.611,19.084,1418.069,6.45,4195.803,57.282,19.766,3.42,23.297,,,,0.0,0.0,,0.0,,-11.043,-5.803,46.749,371.556,1.69,10278.102,-3.729,-0.696,3949.348,17.963,15.009,48.42,0.003,0.0,0.0,-88.889,-0.026,0.0,0.0,0.702,0.0,0.0,0.003,2475.575,96.55,-12.027,-2.611,19.084,1418.069,6.45,4195.803,57.282,19.766,,0.0,0.0,0.0,0.0,0.0,0.0,0.0,,0.0,0.0,0.0,0.0,0.0,0.0,0.0
Croatia,2001,HRV,4506760.0,56076091392.0,,,,,0.0,0.0,0.0,,304.62,11.319,0.568,1240.13,5.589,363.898,1.64,,0.0,0.0,0.0,12.843,5.506,15.29,12.77,12.579,5.144,4.966,22525.262,1.81,3.816,2.956,1240.359,5.59,17844.629,80.421,43.774,79.221,4.785,1.229,26.925,406.057,1.83,5974.358,6.024,1.085,4235.572,19.089,14.33,26.523,3.89,11.274,2.013,21.094,1593.162,7.18,4680.634,56.226,20.779,11.257,2.01,21.094,1593.162,7.18,4680.634,56.226,20.779,2.52,16.481,,,,0.0,0.0,,0.0,,2.477,1.158,47.907,470.404,2.12,10630.14,-5.758,-1.034,3756.367,16.929,16.601,47.192,0.0,0.0,0.0,-100.0,-0.003,0.0,0.0,0.0,0.0,0.0,0.0,2833.521,101.516,11.257,2.01,21.094,1593.162,7.18,4680.634,56.226,20.779,,0.0,0.0,0.0,0.0,0.0,0.0,0.0,,0.0,0.0,0.0,0.0,0.0,0.0,0.0
Croatia,2002,HRV,4482874.0,59660337152.0,,,,,0.0,0.0,0.0,,366.64,21.556,1.205,1515.486,6.794,470.68,2.11,,0.0,0.0,0.0,16.601,6.685,15.75,12.71,12.507,0.105,0.106,22668.963,1.703,5.125,4.121,1530.268,6.86,18859.072,84.543,53.973,83.193,2.384,0.642,27.567,564.37,2.53,6149.403,-14.203,-2.711,3653.36,16.378,19.906,27.127,4.66,-18.509,-4.015,17.079,1304.966,5.85,3809.892,46.027,16.807,-18.509,-4.015,17.079,1304.966,5.85,3809.892,46.027,16.807,3.04,19.302,,,,0.0,0.0,,0.0,,4.748,2.275,50.182,495.218,2.22,11194.183,-4.12,-0.697,3620.795,16.232,17.467,49.381,0.0,0.0,0.0,,0.0,0.0,0.0,0.0,0.0,0.0,0.0,2835.235,101.622,-18.509,-4.015,17.079,1304.966,5.85,3809.892,46.027,16.807,,0.0,0.0,0.0,0.0,0.0,0.0,0.0,,0.0,0.0,0.0,0.0,0.0,0.0,0.0
Croatia,2003,HRV,4461141.0,63955259392.0,,,,,0.0,0.0,0.0,,409.401,11.218,0.762,1693.711,7.556,537.979,2.4,,0.0,0.0,0.0,18.196,7.107,16.5,13.19,12.406,4.623,4.697,23832.379,1.662,7.036,5.948,1732.741,7.73,20284.34,90.491,58.605,85.113,-0.599,-0.165,27.402,461.765,2.06,6142.318,19.355,3.17,4381.705,19.547,15.618,25.773,5.4,-6.727,-1.251,15.828,1223.902,5.46,3548.038,41.395,14.887,-6.727,-1.251,15.828,1223.902,5.46,3548.038,41.395,14.887,3.31,20.061,,,,0.0,0.0,,0.0,,10.664,5.352,55.534,732.996,3.27,12448.312,-0.364,-0.059,3625.178,16.172,24.792,52.233,0.0,0.0,0.0,,0.0,0.0,0.0,0.0,0.0,0.0,0.0,2956.643,106.32,-6.727,-1.251,15.828,1223.902,5.46,3548.038,41.395,14.887,,0.0,0.0,0.0,0.0,0.0,0.0,0.0,,0.0,0.0,0.0,0.0,0.0,0.0,0.0
Croatia,2004,HRV,4443351.0,67606573056.0,,,,,0.0,0.0,0.0,,309.575,6.19,0.468,1805.748,8.024,481.619,2.14,,0.0,0.0,0.0,15.407,7.258,16.89,13.89,12.565,3.971,4.221,24877.861,1.635,-2.15,-1.946,1408.847,6.26,19927.602,88.545,45.068,80.102,3.71,1.017,28.418,553.636,2.46,6395.698,-11.699,-2.287,3884.58,17.261,17.711,25.708,4.3,39.738,6.149,21.977,1717.172,7.63,4946.088,54.932,19.881,39.848,6.167,21.996,1717.172,7.63,4950.26,54.932,19.898,3.0,17.762,,,,0.0,0.0,,0.0,,-6.177,-3.43,52.103,373.592,1.66,11726.155,-7.293,-1.179,3374.256,14.993,11.951,47.135,0.013,0.0,0.0,,0.013,0.0,0.0,2.874,0.0,0.0,0.012,3126.019,110.541,39.848,6.167,21.996,1717.172,7.63,4950.26,54.932,19.898,,0.0,0.0,0.0,0.0,0.0,0.0,0.0,,0.006,0.006,0.0,0.0,1.297,0.0,0.005
Croatia,2005,HRV,4429687.0,71536394240.0,,,,,2.257,0.01,0.077,,326.953,-0.903,-0.072,1794.967,7.951,525.997,2.33,,0.0,0.0,0.0,17.841,7.276,17.47,13.06,11.95,-1.136,-1.256,24671.021,1.528,0.588,0.521,1354.498,6.0,20106.621,89.066,45.942,81.499,-3.293,-0.936,27.482,410.864,1.82,6204.138,-6.19,-1.068,3655.366,16.192,13.936,25.147,4.27,-7.75,-1.832,20.146,1589.277,7.04,4547.849,53.905,18.434,-7.509,-1.777,20.219,1593.792,7.06,4564.402,54.058,18.501,4.41,25.243,,,,0.0,0.0,,0.0,,2.935,1.529,53.633,417.637,1.85,12107.517,-6.889,-1.033,3151.482,13.96,14.165,49.076,0.045,0.01,0.0,250.0,0.032,2.257,0.0,10.089,0.077,0.0,0.041,2948.29,109.285,-7.509,-1.777,20.219,1593.792,7.06,4564.402,54.058,18.501,,0.0,0.0,0.0,0.0,0.0,0.0,0.0,400.0,0.023,0.029,2.257,0.01,6.464,0.077,0.026
Croatia,2006,HRV,4417562.0,76142043136.0,,,,,2.264,0.01,0.077,,339.783,-7.167,-0.57,1670.9,7.381,509.331,2.25,,0.0,0.0,0.0,17.415,6.838,17.92,12.92,11.969,-1.222,-1.335,24436.512,1.418,-0.038,-0.033,1419.335,6.27,20154.234,89.033,48.529,82.476,-1.103,-0.303,27.179,466.321,2.06,6152.539,2.496,0.404,3756.899,16.596,15.944,25.178,4.39,-5.948,-1.318,18.828,1498.564,6.62,4262.089,51.238,17.441,-5.843,-1.302,18.917,1505.355,6.65,4282.276,51.471,17.524,5.0,27.902,,,0.0,0.0,0.0,0.0,0.0,0.0,1.565,0.84,54.472,443.684,1.96,12330.796,-8.516,-1.189,2891.021,12.771,15.17,50.461,0.035,0.01,0.0,-21.429,-0.01,2.264,0.0,7.949,0.077,0.0,0.033,2924.69,107.95,-5.843,-1.302,18.917,1505.355,6.65,4282.276,51.471,17.524,,0.0,0.0,0.0,0.0,0.0,0.0,0.0,90.0,0.025,0.054,4.527,0.02,12.238,0.155,0.05
Croatia,2007,HRV,4405542.0,81332862976.0,,,6.987,0.031,2.27,0.01,0.08,0.028,415.47,8.567,0.632,1818.991,8.014,549.308,2.42,,0.0,0.0,0.0,19.298,7.389,18.44,12.54,11.562,0.468,0.505,24617.822,1.333,6.718,5.981,1770.497,7.8,21566.877,95.014,62.201,87.607,14.904,4.051,31.23,696.85,3.07,7088.786,28.924,4.8,4856.761,21.397,24.482,28.795,5.21,-28.974,-5.539,13.289,1066.838,4.7,3016.485,37.48,12.253,-28.201,-5.476,13.441,1075.917,4.74,3050.944,37.799,12.393,5.9,31.996,,,,0.0,0.0,,0.0,,2.383,1.298,55.77,524.34,2.31,12659.102,-8.089,-1.033,2664.41,11.738,18.421,51.423,0.022,0.01,0.0,-36.364,-0.013,2.27,0.0,5.072,0.08,0.0,0.021,2846.415,108.455,-28.201,-5.476,13.441,1075.917,4.74,3050.944,37.799,12.393,,0.0,0.0,0.0,0.0,0.0,0.0,0.0,83.684,0.045,0.099,6.81,0.03,22.4,0.239,0.091
Croatia,2008,HRV,4393666.0,84280721408.0,33.382,0.01,9.344,0.041,4.552,0.02,0.156,0.038,374.022,2.91,0.233,1876.99,8.247,566.725,2.49,,0.0,0.0,0.0,19.484,7.646,18.79,12.78,11.848,-0.544,-0.59,24549.996,1.28,-3.802,-3.612,1579.547,6.94,20803.086,91.402,54.304,84.738,-3.073,-0.96,30.27,559.897,2.46,6889.551,0.197,0.042,4879.501,21.439,19.249,28.063,4.78,22.984,2.953,16.242,1315.53,5.78,3696.716,45.227,15.058,23.249,3.022,16.463,1329.186,5.84,3746.91,45.696,15.262,6.01,31.985,,,,0.0,0.0,,0.0,,-5.174,-2.886,52.885,452.925,1.99,12036.544,-7.326,-0.86,2475.898,10.878,15.571,49.029,0.067,0.02,0.0,201.429,0.045,4.552,0.0,15.33,0.156,0.0,0.062,2908.732,107.864,23.249,3.022,16.463,1329.186,5.84,3746.91,45.696,15.262,,0.0,0.0,0.0,0.0,0.0,0.0,0.0,14.327,0.013,0.112,9.104,0.04,25.519,0.313,0.104
Croatia,2009,HRV,4382142.0,79251070976.0,121.859,0.05,20.786,0.091,4.564,0.02,0.15,0.086,301.124,-28.54,-2.354,1344.817,5.893,376.528,1.65,,0.0,0.0,0.0,12.36,5.534,18.35,13.35,12.537,-1.275,-1.376,24300.623,1.344,-6.465,-5.909,1339.528,5.87,19509.365,85.493,43.97,80.283,-7.666,-2.32,27.95,504.32,2.21,6378.134,-2.703,-0.579,4760.108,20.859,16.554,26.247,4.02,28.173,4.447,20.69,1690.954,7.41,4721.328,55.506,19.429,28.76,4.533,20.996,1706.928,7.48,4791.26,56.03,19.717,5.0,27.248,,,,0.0,0.0,,0.0,,-2.335,-1.235,51.65,458.68,2.01,11786.414,10.697,1.164,2747.953,12.042,15.056,48.503,0.064,0.02,0.0,-5.36,-0.004,4.564,0.0,14.547,0.15,0.0,0.06,3046.456,106.489,28.76,4.533,20.996,1706.928,7.48,4791.26,56.03,19.717,,0.0,0.0,0.0,0.0,0.058,0.0,0.0,35.84,0.039,0.151,11.41,0.05,34.541,0.375,0.142
Croatia,2010,HRV,4368680.0,79107170304.0,-100.0,-0.091,0.0,0.0,6.867,0.03,0.203,0.0,258.283,34.729,2.047,1817.44,7.94,544.787,2.38,,0.0,0.0,0.0,16.092,7.334,18.76,14.79,13.661,1.667,1.775,24781.908,1.369,-3.569,-3.051,1256.672,5.49,18871.111,82.442,37.12,76.149,9.532,2.664,30.614,583.7,2.55,7007.647,-4.061,-0.847,4580.86,20.012,17.241,28.277,3.82,23.187,4.641,25.33,2089.876,9.13,5798.204,61.731,23.397,22.772,4.826,25.822,2128.789,9.3,5910.795,62.88,23.851,3.97,21.162,,,,0.0,0.0,,0.0,,-15.028,-7.762,43.888,128.185,0.56,10046.026,-5.164,-0.622,2614.086,11.42,3.786,40.538,0.105,0.03,0.0,65.441,0.042,6.867,0.0,24.14,0.203,0.0,0.097,3385.462,108.264,22.772,4.826,25.822,2128.789,9.3,5910.795,62.88,23.851,31.868,0.0,0.0,0.0,0.0,0.076,0.0,0.0,156.642,0.235,0.386,32.046,0.14,88.375,0.947,0.357
Croatia,2011,HRV,4351838.0,80079052800.0,,0.04,9.22,0.04,11.489,0.05,0.445,0.042,361.532,2.933,0.233,1877.978,8.173,592.853,2.58,,0.0,0.0,0.0,22.974,8.653,18.38,11.23,11.89,-12.761,-13.816,21703.076,1.179,-3.206,-2.643,1367.238,5.95,18336.824,79.799,52.983,84.49,-2.36,-0.722,29.892,602.044,2.62,6868.745,-4.699,-0.94,4382.499,19.072,23.33,31.649,4.06,-44.863,-11.449,13.881,1155.833,5.03,3189.741,44.791,14.697,-42.707,-11.173,14.649,1213.281,5.28,3366.253,47.017,15.51,7.15,38.901,,,,0.0,0.0,,0.0,,-4.906,-2.153,41.735,172.341,0.75,9590.1,-9.386,-1.072,2377.899,10.348,6.679,44.188,0.173,0.05,0.0,64.195,0.068,11.489,0.0,39.79,0.445,0.0,0.183,2580.519,94.448,-42.707,-11.173,14.649,1213.281,5.28,3366.253,47.017,15.51,14.167,0.0,0.0,0.0,0.0,0.087,0.0,0.0,44.5,0.168,0.554,45.958,0.2,127.415,1.781,0.587
Croatia,2012,HRV,4331592.0,78321270784.0,720.258,0.289,75.978,0.329,20.778,0.09,0.85,0.376,341.832,-10.32,-0.843,1692.037,7.329,517.131,2.24,,0.0,0.0,0.0,21.152,8.367,18.02,10.59,12.09,-7.256,-6.854,20222.289,1.118,-8.776,-7.004,1230.494,5.33,16805.686,72.795,50.331,83.105,-6.107,-1.826,28.066,579.464,2.51,6479.386,-6.039,-1.152,4137.096,17.92,23.702,32.041,3.62,-3.875,-0.619,13.262,1117.372,4.84,3061.8,45.703,15.141,4.949,0.15,14.799,1214.334,5.26,3416.604,49.669,16.895,7.43,41.232,,,,0.0,0.0,,0.0,,-10.386,-4.334,37.4,133.9,0.58,8634.263,-10.466,-1.083,2138.981,9.265,5.477,42.697,0.3,0.09,0.0,73.115,0.127,20.778,0.0,69.205,0.85,0.0,0.342,2444.829,87.595,4.949,0.15,14.799,1214.334,5.26,3416.604,49.669,16.895,1654.745,0.006,0.007,0.0,0.0,1.522,0.0,0.008,63.555,0.347,0.901,76.184,0.33,208.099,3.116,1.029
Croatia,2013,HRV,4308854.0,77479518208.0,11.189,0.037,84.925,0.366,30.17,0.13,0.932,0.381,242.294,7.134,0.523,1822.306,7.852,561.634,2.42,,0.0,0.0,0.0,17.348,8.173,17.82,13.95,14.52,9.679,8.478,22296.646,1.24,-3.335,-2.428,1083.815,4.67,16330.912,70.368,33.477,73.244,-5.445,-1.528,26.538,468.802,2.02,6158.933,-12.736,-2.282,3629.253,15.638,14.48,27.623,3.38,78.248,10.235,23.498,2000.532,8.62,5453.36,61.792,24.458,72.452,10.906,25.705,2153.705,9.28,5965.734,66.523,26.756,3.87,21.717,,,,0.0,0.0,,0.0,,-3.804,-1.423,35.978,53.378,0.23,8349.673,0.83,0.077,2168.111,9.342,1.649,37.448,0.401,0.13,0.0,33.852,0.101,30.17,0.0,93.121,0.932,0.0,0.418,3237.52,96.073,72.452,10.906,25.705,2153.705,9.28,5965.734,66.523,26.756,369.343,0.024,0.031,2.321,0.01,7.137,0.072,0.032,57.352,0.508,1.41,120.682,0.52,327.192,3.728,1.467
Croatia,2014,HRV,4283968.0,77088243712.0,-6.345,-0.023,79.999,0.343,37.349,0.16,1.19,0.357,207.589,-4.215,-0.331,1755.633,7.521,553.225,2.37,,0.0,0.0,0.0,17.634,7.834,17.39,13.44,13.999,-0.067,-0.064,22411.172,1.245,-2.413,-1.698,817.0,3.5,16029.382,68.669,26.042,71.524,-11.501,-3.052,23.486,233.428,1.0,5482.233,-5.608,-0.877,3445.621,14.761,7.44,24.462,2.79,4.459,0.901,24.398,2103.19,9.01,5695.295,67.039,25.413,6.603,1.634,27.339,2320.279,9.94,6381.791,73.958,28.476,3.95,22.714,,,,0.0,0.0,,0.0,,4.684,1.685,37.663,30.346,0.13,8791.516,-3.328,-0.311,2108.142,9.031,0.967,39.228,0.525,0.16,0.0,30.934,0.124,37.349,0.0,122.636,1.19,0.0,0.547,3137.278,96.009,6.603,1.634,27.339,2320.279,9.94,6381.791,73.958,28.476,211.743,0.065,0.095,9.337,0.04,22.243,0.298,0.099,41.115,0.568,1.978,170.403,0.73,461.619,5.432,2.06
Croatia,2015,HRV,4254821.0,78221434880.0,-17.994,-0.062,66.053,0.281,63.457,0.27,2.4,0.309,253.333,-6.337,-0.477,1655.643,7.044,542.914,2.31,,0.0,0.0,0.0,20.533,7.739,18.04,11.25,12.36,-5.196,-4.989,21392.176,1.164,2.497,1.715,876.653,3.73,16542.156,70.384,33.156,77.328,3.094,0.727,24.212,282.033,1.2,5690.559,-3.436,-0.507,3350.024,14.254,10.667,26.601,2.85,-29.041,-7.189,17.21,1501.826,6.39,4044.778,56.8,18.908,-24.207,-6.703,20.636,1767.407,7.52,4850.021,66.844,22.672,6.79,37.639,,,,0.0,0.0,,0.0,,3.889,1.465,39.127,51.706,0.22,9195.953,-3.957,-0.357,2038.595,8.674,1.956,42.987,0.847,0.27,0.0,61.128,0.321,63.457,0.0,198.954,2.4,0.0,0.93,2644.06,91.02,-24.207,-6.703,20.636,1767.407,7.52,4850.021,66.844,22.672,62.802,0.059,0.154,14.102,0.06,36.244,0.533,0.169,9.086,0.167,2.144,188.022,0.8,503.993,7.111,2.356
Croatia,2016,HRV,4223748.0,80230187008.0,-95.813,-0.269,2.786,0.012,101.805,0.43,3.407,0.012,255.943,7.473,0.526,1792.468,7.571,615.567,2.6,,0.0,0.0,0.0,20.602,7.992,18.15,12.62,13.322,4.077,3.711,22428.08,1.181,2.449,1.724,1008.583,4.26,17071.955,72.108,33.756,76.119,4.259,1.031,25.244,376.443,1.59,5976.572,-10.23,-1.458,3029.45,12.796,12.599,26.648,3.23,7.221,1.134,18.343,1621.782,6.85,4342.903,54.279,19.364,7.505,1.987,22.623,1979.285,8.36,5356.125,66.244,23.881,5.53,30.468,,,,0.0,0.0,,0.0,,0.424,0.166,39.293,16.573,0.07,9302.916,3.272,0.284,2120.778,8.958,0.555,41.479,1.377,0.43,0.0,62.69,0.531,101.805,0.0,326.06,3.407,0.0,1.454,2987.868,94.731,7.505,1.987,22.623,1979.285,8.36,5356.125,66.244,23.881,14.454,0.021,0.175,16.573,0.07,41.54,0.555,0.185,27.371,0.571,2.715,239.124,1.01,642.837,8.003,2.866
Croatia,2017,HRV,4192468.0,82748776448.0,-46.081,-0.005,1.513,0.006,126.417,0.53,4.495,0.007,257.846,-39.732,-3.008,1088.343,4.563,326.776,1.37,,,,,11.62,4.814,18.74,11.79,12.439,0.056,0.053,22608.02,1.145,4.789,3.453,1113.902,4.67,18023.051,75.561,39.61,79.72,14.868,3.753,28.997,737.036,3.09,6916.373,,,,,26.209,30.593,3.04,-22.543,-4.219,14.125,1266.557,5.31,3369.026,45.038,14.902,-14.961,-3.401,19.222,1698.284,7.12,4584.969,60.39,20.28,6.95,37.086,,,,0.0,0.0,,0.0,,6.893,2.708,42.002,50.09,0.21,10018.335,,,,,1.781,44.313,1.678,0.53,0.0,21.829,0.301,126.417,0.0,400.199,4.495,0.0,1.77,2812.186,94.783,-14.961,-3.401,19.222,1698.284,7.12,4584.969,60.39,20.28,20.078,0.034,0.209,19.082,0.08,49.957,0.679,0.221,18.709,0.489,3.204,286.228,1.2,764.274,10.178,3.381
Croatia,2018,HRV,4160488.0,84978688000.0,4862.697,0.309,75.678,0.315,161.039,0.67,4.945,0.321,197.786,-6.895,-0.315,1021.095,4.248,348.517,1.45,,,,,10.701,4.328,18.94,13.55,13.804,3.563,3.377,23593.492,1.155,-5.239,-3.959,906.144,3.77,17210.01,71.602,27.823,72.944,-8.064,-2.338,26.658,540.802,2.25,6407.509,,,,,16.605,27.158,2.68,45.097,6.25,20.374,1850.744,7.7,4897.137,56.827,20.756,41.759,7.336,26.558,2350.686,9.78,6383.48,72.177,27.056,5.39,28.458,,,,0.0,0.0,,0.0,,-3.11,-1.306,40.695,16.825,0.07,9781.406,,,,,0.517,41.458,2.138,0.67,0.0,27.492,0.46,161.039,0.0,513.831,4.945,0.0,2.178,3256.83,98.16,41.759,7.336,26.558,2350.686,9.78,6383.48,72.177,27.056,-4.828,-0.011,0.198,16.825,0.07,47.63,0.517,0.202,10.914,0.329,3.533,322.078,1.34,849.204,9.889,3.599
Croatia,2019,HRV,4129749.0,,131.074,0.413,176.173,0.728,213.088,0.88,6.951,0.759,238.547,15.341,0.652,1186.504,4.9,397.119,1.64,,,,,12.954,5.114,18.79,12.66,13.213,-2.391,-2.347,23200.729,,1.401,1.003,1043.647,4.31,17580.949,72.605,34.044,75.778,4.963,1.323,27.981,636.843,2.63,6775.575,,,,,20.774,29.204,3.02,-24.345,-5.017,15.357,1411.708,5.83,3718.734,46.051,16.029,-10.121,-3.35,23.208,2021.915,8.35,5619.782,65.956,24.222,6.13,32.624,,,0.0,0.0,0.0,0.0,0.0,0.0,-2.388,-0.972,39.724,9.686,0.04,9618.869,,,,,0.316,41.459,3.036,0.97,0.09,44.799,0.899,234.881,21.793,735.272,7.662,0.711,3.169,3065.562,95.813,-10.121,-3.35,23.208,2021.915,8.35,5619.782,65.956,24.222,10.948,0.021,0.219,19.372,0.08,53.042,0.632,0.229,9.877,0.335,3.868,355.954,1.47,936.561,11.611,4.037
Croatia,2020,HRV,4096872.0,,4.836,0.035,186.175,0.763,239.207,0.98,7.402,0.835,234.139,-14.272,-0.699,1025.331,4.201,297.788,1.22,,,,,9.215,4.597,17.88,13.24,14.489,-4.629,-4.435,22304.447,,-6.872,-4.989,1144.776,4.69,16504.225,67.616,35.423,73.995,4.956,1.387,29.368,839.665,3.44,7168.418,,,,,25.982,32.139,3.1,-2.81,-0.486,14.871,1381.542,5.66,3629.867,42.749,16.274,2.634,0.554,23.763,2086.958,8.55,5800.224,64.577,26.005,4.64,25.951,,0.0,0.0,0.0,0.0,0.0,0.0,0.0,-14.29,-5.677,34.047,7.323,0.03,8310.474,,,,,0.227,37.259,3.359,1.07,0.09,10.481,0.323,261.175,21.968,819.912,8.082,0.68,3.676,3231.734,91.378,2.634,0.554,23.763,2086.958,8.55,5800.224,64.577,26.005,14.922,0.032,0.251,24.409,0.1,61.22,0.755,0.274,17.27,0.651,4.519,419.832,1.72,1103.05,12.991,4.945
Croatia,2021,HRV,4060139.0,,39.413,0.301,261.901,1.063,270.927,1.1,7.275,1.082,210.979,14.991,0.63,1189.703,4.83,359.594,1.46,,,,,9.656,4.913,19.08,15.12,15.38,7.588,6.934,24213.969,,2.161,1.461,1130.503,4.59,17013.49,69.077,30.357,70.263,-3.801,-1.116,28.252,763.521,3.1,6958.334,,,,,20.503,28.737,3.19,25.878,3.78,18.651,1756.098,7.13,4593.657,47.156,18.971,24.459,5.472,29.235,2593.507,10.53,7200.479,69.643,29.737,3.96,20.755,,0.0,0.0,0.0,0.0,0.0,0.0,0.0,5.722,1.948,35.995,7.389,0.03,8865.453,,,,,0.198,36.613,3.736,1.19,0.09,10.961,0.377,293.093,22.167,920.17,7.87,0.595,3.8,3724.01,98.312,24.459,5.472,29.235,2593.507,10.53,7200.479,69.643,29.737,55.916,0.139,0.39,36.945,0.15,95.963,0.992,0.396,19.823,0.876,5.395,507.372,2.06,1328.788,13.624,5.488
Croatia,2022,HRV,4030361.0,,3.886,0.041,274.089,1.105,287.815,1.16,8.215,1.168,246.459,-0.975,-0.047,1186.811,4.783,382.1,1.54,,,,,10.907,5.057,18.81,14.12,14.928,-3.791,-3.727,23468.168,,0.062,0.043,1285.245,5.18,17149.828,69.12,36.686,73.077,-13.742,-3.882,24.37,900.664,3.63,6046.492,,,,,25.708,25.765,3.48,-23.949,-4.518,14.132,1327.425,5.35,3506.509,37.89,14.942,-12.037,-3.77,25.465,2218.163,8.94,6318.343,63.314,26.923,4.69,24.934,,0.0,0.0,0.0,0.0,0.0,0.0,0.0,11.035,3.972,39.967,2.481,0.01,9916.524,,,,,0.071,42.255,3.813,1.17,0.01,1.742,0.077,290.297,2.481,946.139,8.286,0.071,4.032,3503.408,94.585,-12.037,-3.77,25.465,2218.163,8.94,6318.343,63.314,26.923,8.428,0.031,0.421,37.218,0.15,104.437,1.062,0.445,11.505,0.599,5.994,563.225,2.27,1487.169,16.076,6.337
Cuba,1900,CUB,1719649.0,,,,,,,,,,,,,,,,,,,,,,,,,,,,,,,,,,,,,,,,,,,,,,,,,,,,,,,,,,,,,,,,,,,,,,,,,,,,,,,,,,,,,0.0,0.0,,,,,,,,,,,,,,,,,,,,,,,,,,,,,,,,,,,,,,,
Cuba,1901,CUB,1752299.0,,,,,,,,,,,,,,,,,,,,,,,,,,,,,,,,,,,,,,,,,,,,,,,,,,,,,,,,,,,,,,,,,,,,,,,,,,,,,,,,,,,,0.0,0.0,0.0,,,,,,,,,,,,,,,,,,,,,,,,,,,,,,,,,,,,,,,
Cuba,1902,CUB,1795364.0,2982000128.0,,,,,,,,,,,,,,,,,,,,,,,,,,,,,,,,,,,,,,,,,,,,,,,,,,,,,,,,,,,,,,,,,,,,,,,,,,,,,,,,,,,0.0,0.0,0.0,,,,,,,,,,,,,,,,,,,,,,,,,,,,,,,,,,,,,,,
Cuba,1903,CUB,1849179.0,3229445888.0,,,,,,,,,,,,,,,,,,,,,,,,,,,,,,,,,,,,,,,,,,,,,,,,,,,,,,,,,,,,,,,,,,,,,,,,,,,,,,,,,,,0.0,0.0,0.0,,,,,,,,,,,,,,,,,,,,,,,,,,,,,,,,,,,,,,,
Cuba,1904,CUB,1904606.0,3399110912.0,,,,,,,,,,,,,,,,,,,,,,,,,,,,,,,,,,,,,,,,,,,,,,,,,,,,,,,,,,,,,,,,,,,,,,,,,,,,,,,,,,,0.0,0.0,0.0,,,,,,,,,,,,,,,,,,,,,,,,,,,,,,,,,,,,,,,
Cuba,1905,CUB,1961695.0,3636249088.0,,,,,,,,,,,,,,,,,,,,,,,,,,,,,,,,,,,,,,,,,,,,,,,,,,,,,,,,,,,,,,,,,,,,,,,,,,,,,,,,,,,0.0,0.0,0.0,,,,,,,,,,,,,,,,,,,,,,,,,,,,,,,,,,,,,,,
Cuba,1906,CUB,2020494.0,3785827072.0,,,,,,,,,,,,,,,,,,,,,,,,,,,,,,,,,,,,,,,,,,,,,,,,,,,,,,,,,,,,,,,,,,,,,,,,,,,,,,,,,,,0.0,0.0,0.0,,,,,,,,,,,,,,,,,,,,,,,,,,,,,,,,,,,,,,,
Cuba,1907,CUB,2081056.0,4208346112.0,,,,,,,,,,,,,,,,,,,,,,,,,,,,,,,,,,,,,,,,,,,,,,,,,,,,,,,,,,,,,,,,,,,,,,,,,,,,,,,,,,,0.0,0.0,0.0,,,,,,,,,,,,,,,,,,,,,,,,,,,,,,,,,,,,,,,
Cuba,1908,CUB,2143432.0,3840911872.0,,,,,,,,,,,,,,,,,,,,,,,,,,,,,,,,,,,,,,,,,,,,,,,,,,,,,,,,,,,,,,,,,,,,,,,,,,,,,,,,,,,0.0,0.0,0.0,,,,,,,,,,,,,,,,,,,,,,,,,,,,,,,,,,,,,,,
Cuba,1909,CUB,2208104.0,4456626176.0,,,,,,,,,,,,,,,,,,,,,,,,,,,,,,,,,,,,,,,,,,,,,,,,,,,,,,,,,,,,,,,,,,,,,,,,,,,,,,,,,,,0.0,0.0,0.0,,,,,,,,,,,,,,,,,,,,,,,,,,,,,,,,,,,,,,,
Cuba,1910,CUB,2275154.0,4591111168.0,,,,,,,,,,,,,,,,,,,,,,,,,,,,,,,,,,,,,,,,,,,,,,,,,,,,,,,,,,,,,,,,,,,,,,,,,,,,,,,,,,,0.0,0.0,0.0,,,,,,,,,,,,,,,,,,,,,,,,,,,,,,,,,,,,,,,
Cuba,1911,CUB,2344667.0,4315569152.0,,,,,,,,,,,,,,,,,,,,,,,,,,,,,,,,,,,,,,,,,,,,,,,,,,,,,,,,,,,,,,,,,,,,,,,,,,,,,,,,,,,0.0,0.0,0.0,,,,,,,,,,,,,,,,,,,,,,,,,,,,,,,,,,,,,,,
Cuba,1912,CUB,2416730.0,4574519808.0,,,,,,,,,,,,,,,,,,,,,,,,,,,,,,,,,,,,,,,,,,,,,,,,,,,,,,,,,,,,,,,,,,,,,,,,,,,,,,,,,,,0.0,0.0,0.0,,,,,,,,,,,,,,,,,,,,,,,,,,,,,,,,,,,,,,,
Cuba,1913,CUB,2491434.0,5153719808.0,,,,,,,,,,,,,,,,,,,,,,,,,,,,,,,,,,,,,,,,,,,,,,,,,,,,,,,,,,,,,,,,,,,,,,,,,,,,,,,,,,,0.0,0.0,0.0,,,,,,,,,,,,,,,,,,,,,,,,,,,,,,,,,,,,,,,
Cuba,1914,CUB,2568448.0,5447711232.0,,,,,,,,,,,,,,,,,,,,,,,,,,,,,,,,,,,,,,,,,,,,,,,,,,,,,,,,,,,,,,,,,,,,,,,,,,,,,,,,,,,0.0,0.0,0.0,,,,,,,,,,,,,,,,,,,,,,,,,,,,,,,,,,,,,,,
Cuba,1915,CUB,2647842.0,5547409920.0,,,,,,,,,,,,,,,,,,,,,,,,,,,,,,,,,,,,,,,,,,,,,,,,,,,,,,,,,,,,,,,,,,,,,,,,,,,,,,,,,,,0.0,0.0,0.0,,,,,,,,,,,,,,,,,,,,,,,,,,,,,,,,,,,,,,,
Cuba,1916,CUB,2729689.0,5991335936.0,,,,,,,,,,,,,,,,,,,,,,,,,,,,,,,,,,,,,,,,,,,,,,,,,,,,,,,,,,,,,,,,,,,,,,,,,,,,,,,,,,,0.0,0.0,0.0,,,,,,,,,,,,,,,,,,,,,,,,,,,,,,,,,,,,,,,
Cuba,1917,CUB,2814066.0,6247150080.0,,,,,,,,,,,,,,,,,,,,,,,,,,,,,,,,,,,,,,,,,,,,,,,,,,,,,,,,,,,,,,,,,,,,,,,,,,,,,,,,,,,0.0,0.0,0.0,,,,,,,,,,,,,,,,,,,,,,,,,,,,,,,,,,,,,,,
Cuba,1918,CUB,2899928.0,6510055936.0,,,,,,,,,,,,,,,,,,,,,,,,,,,,,,,,,,,,,,,,,,,,,,,,,,,,,,,,,,,,,,,,,,,,,,,,,,,,,,,,,,,0.0,0.0,0.0,,,,,,,,,,,,,,,,,,,,,,,,,,,,,,,,,,,,,,,
Cuba,1919,CUB,2985028.0,6924736000.0,,,,,,,,,,,,,,,,,,,,,,,,,,,,,,,,,,,,,,,,,,,,,,,,,,,,,,,,,,,,,,,,,,,,,,,,,,,,,,,,,,,0.0,0.0,0.0,,,,,,,,,,,,,,,,,,,,,,,,,,,,,,,,,,,,,,,
Cuba,1920,CUB,3069258.0,7126865920.0,,,,,,,,,,,,,,,,,,,,,,,,,,,,,,,,,,,,,,,,,,,,,,,,,,,,,,,,,,,,,,,,,,,,,,,,,,,,,,,,,,,0.0,0.0,0.0,,,,,,,,,,,,,,,,,,,,,,,,,,,,,,,,,,,,,,,
Cuba,1921,CUB,3152504.0,7097065984.0,,,,,,,,,,,,,,,,,,,,,,,,,,,,,,,,,,,,,,,,,,,,,,,,,,,,,,,,,,,,,,,,,,,,,,,,,,,,,,,,,,,0.0,0.0,0.0,,,,,,,,,,,,,,,,,,,,,,,,,,,,,,,,,,,,,,,
Cuba,1922,CUB,3234648.0,7211749888.0,,,,,,,,,,,,,,,,,,,,,,,,,,,,,,,,,,,,,,,,,,,,,,,,,,,,,,,,,,,,,,,,,,,,,,,,,,,,,,,,,,,0.0,0.0,0.0,,,,,,,,,,,,,,,,,,,,,,,,,,,,,,,,,,,,,,,
Cuba,1923,CUB,3315565.0,7324993024.0,,,,,,,,,,,,,,,,,,,,,,,,,,,,,,,,,,,,,,,,,,,,,,,,,,,,,,,,,,,,,,,,,,,,,,,,,,,,,,,,,,,0.0,0.0,0.0,,,,,,,,,,,,,,,,,,,,,,,,,,,,,,,,,,,,,,,
Cuba,1924,CUB,3398506.0,7783815168.0,,,,,,,,,,,,,,,,,,,,,,,,,,,,,,,,,,,,,,,,,,,,,,,,,,,,,,,,,,,,,,,,,,,,,,,,,,,,,,,,,,,0.0,0.0,0.0,,,,,,,,,,,,,,,,,,,,,,,,,,,,,,,,,,,,,,,
Cuba,1925,CUB,3483522.0,8785920000.0,,,,,,,,,,,,,,,,,,,,,,,,,,,,,,,,,,,,,,,,,,,,,,,,,,,,,,,,,,,,,,,,,,,,,,,,,,,,,,,,,,,0.0,0.0,0.0,,,,,,,,,,,,,,,,,,,,,,,,,,,,,,,,,,,,,,,
Cuba,1926,CUB,3570664.0,8554689024.0,,,,,,,,,,,,,,,,,,,,,,,,,,,,,,,,,,,,,,,,,,,,,,,,,,,,,,,,,,,,,,,,,,,,,,,,,,,,,,,,,,,0.0,0.0,0.0,,,,,,,,,,,,,,,,,,,,,,,,,,,,,,,,,,,,,,,
Cuba,1927,CUB,3659987.0,8672430080.0,,,,,,,,,,,,,,,,,,,,,,,,,,,,,,,,,,,,,,,,,,,,,,,,,,,,,,,,,,,,,,,,,,,,,,,,,,,,,,,,,,,0.0,0.0,0.0,,,,,,,,,,,,,,,,,,,,,,,,,,,,,,,,,,,,,,,
Cuba,1928,CUB,3751544.0,8401574912.0,,,,,,,,,,,,,,,,,,,,,,,,,,,,,,,,,,,,,,,,,,,,,,,,,,,,,,,,,,,,,,,,,,,,,,,,,,,,,,,,,,,0.0,0.0,0.0,,,,,,,,,,,,,,,,,,,,,,,,,,,,,,,,,,,,,,,
Cuba,1929,CUB,3839507.0,9381193728.0,,,,,,,,,,,,,,,,,,,,,,,,,,,,,,,,,,,,,,,,,,,,,,,,,,,,,,,,,,,,,,,,,,,,,,,,,,,,,,,,,,,0.0,0.0,0.0,,,,,,,,,,,,,,,,,,,,,,,,,,,,,,,,,,,,,,,
Cuba,1930,CUB,3923683.0,9124385792.0,,,,,,,,,,,,,,,,,,,,,,,,,,,,,,,,,,,,,,,,,,,,,,,,,,,,,,,,,,,,,,,,,,,,,,,,,,,,,,,,,,,0.0,0.0,0.0,,,,,,,,,,,,,,,,,,,,,,,,,,,,,,,,,,,,,,,
Cuba,1931,CUB,4003873.0,6873780224.0,,,,,,,,,,,,,,,,,,,,,,,,,,,,,,,,,,,,,,,,,,,,,,,,,,,,,,,,,,,,,,,,,,,,,,,,,,,,,,,,,,,0.0,0.0,0.0,,,,,,,,,,,,,,,,,,,,,,,,,,,,,,,,,,,,,,,
Cuba,1932,CUB,4079868.0,6489935872.0,,,,,,,,,,,,,,,,,,,,,,,,,,,,,,,,,,,,,,,,,,,,,,,,,,,,,,,,,,,,,,,,,,,,,,,,,,,,,,,,,,,0.0,0.0,0.0,,,,,,,,,,,,,,,,,,,,,,,,,,,,,,,,,,,,,,,
Cuba,1933,CUB,4151457.0,6297059840.0,,,,,,,,,,,,,,,,,,,,,,,,,,,,,,,,,,,,,,,,,,,,,,,,,,,,,,,,,,,,,,,,,,,,,,,,,,,,,,,,,,,0.0,0.0,0.0,,,,,,,,,,,,,,,,,,,,,,,,,,,,,,,,,,,,,,,
Cuba,1934,CUB,4224302.0,6950159872.0,,,,,,,,,,,,,,,,,,,,,,,,,,,,,,,,,,,,,,,,,,,,,,,,,,,,,,,,,,,,,,,,,,,,,,,,,,,,,,,,,,,0.0,0.0,0.0,,,,,,,,,,,,,,,,,,,,,,,,,,,,,,,,,,,,,,,
Cuba,1935,CUB,4298425.0,7635788800.0,,,,,,,,,,,,,,,,,,,,,,,,,,,,,,,,,,,,,,,,,,,,,,,,,,,,,,,,,,,,,,,,,,,,,,,,,,,,,,,,,,,0.0,0.0,0.0,,,,,,,,,,,,,,,,,,,,,,,,,,,,,,,,,,,,,,,
Cuba,1936,CUB,4373849.0,8204856832.0,,,,,,,,,,,,,,,,,,,,,,,,,,,,,,,,,,,,,,,,,,,,,,,,,,,,,,,,,,,,,,,,,,,,,,,,,,,,,,,,,,,0.0,0.0,0.0,,,,,,,,,,,,,,,,,,,,,,,,,,,,,,,,,,,,,,,
Cuba,1937,CUB,4450596.0,8896994304.0,,,,,,,,,,,,,,,,,,,,,,,,,,,,,,,,,,,,,,,,,,,,,,,,,,,,,,,,,,,,,,,,,,,,,,,,,,,,,,,,,,,0.0,0.0,0.0,,,,,,,,,,,,,,,,,,,,,,,,,,,,,,,,,,,,,,,
Cuba,1938,CUB,4528690.0,9161532416.0,,,,,,,,,,,,,,,,,,,,,,,,,,,,,,,,,,,,,,,,,,,,,,,,,,,,,,,,,,,,,,,,,,,,,,,,,,,,,,,,,,,0.0,0.0,0.0,,,,,,,,,,,,,,,,,,,,,,,,,,,,,,,,,,,,,,,
Cuba,1939,CUB,4614150.0,9182873600.0,,,,,,,,,,,,,,,,,,,,,,,,,,,,,,,,,,,,,,,,,,,,,,,,,,,,,,,,,,,,,,,,,,,,,,,,,,,,,,,,,,,0.0,0.0,0.0,,,,,,,,,,,,,,,,,,,,,,,,,,,,,,,,,,,,,,,
Cuba,1940,CUB,4707248.0,9447054336.0,,,,,,,,,,,,,,,,,,,,,,,,,,,,,,,,,,,,,,,,,,,,,,,,,,,,,,,,,,,,,,,,,,,,,,,,,,,,,,,,,,,0.0,0.0,0.0,,,,,,,,,,,,,,,,,,,,,,,,,,,,,,,,,,,,,,,
Cuba,1941,CUB,4808265.0,10187729920.0,,,,,,,,,,,,,,,,,,,,,,,,,,,,,,,,,,,,,,,,,,,,,,,,,,,,,,,,,,,,,,,,,,,,,,,,,,,,,,,,,,,0.0,0.0,0.0,,,,,,,,,,,,,,,,,,,,,,,,,,,,,,,,,,,,,,,
Cuba,1942,CUB,4917491.0,10339391488.0,,,,,,,,,,,,,,,,,,,,,,,,,,,,,,,,,,,,,,,,,,,,,,,,,,,,,,,,,,,,,,,,,,,,,,,,,,,,,,,,,,,0.0,0.0,0.0,,,,,,,,,,,,,,,,,,,,,,,,,,,,,,,,,,,,,,,
Cuba,1943,CUB,5035224.0,9887751168.0,,,,,,,,,,,,,,,,,,,,,,,,,,,,,,,,,,,,,,,,,,,,,,,,,,,,,,,,,,,,,,,,,,,,,,,,,,,,,,,,,,,0.0,0.0,0.0,,,,,,,,,,,,,,,,,,,,,,,,,,,,,,,,,,,,,,,
Cuba,1944,CUB,5155776.0,11031475200.0,,,,,,,,,,,,,,,,,,,,,,,,,,,,,,,,,,,,,,,,,,,,,,,,,,,,,,,,,,,,,,,,,,,,,,,,,,,,,,,,,,,0.0,0.0,0.0,,,,,,,,,,,,,,,,,,,,,,,,,,,,,,,,,,,,,,,
Cuba,1945,CUB,5279214.0,11220299776.0,,,,,,,,,,,,,,,,,,,,,,,,,,,,,,,,,,,,,,,,,,,,,,,,,,,,,,,,,,,,,,,,,,,,,,,,,,,,,,,,,,,0.0,0.0,0.0,,,,,,,,,,,,,,,,,,,,,,,,,,,,,,,,,,,,,,,
Cuba,1946,CUB,5405607.0,12118795264.0,,,,,,,,,,,,,,,,,,,,,,,,,,,,,,,,,,,,,,,,,,,,,,,,,,,,,,,,,,,,,,,,,,,,,,,,,,,,,,,,,,,0.14,25.818,0.14,,,,,,,,,,,,,,,,,,,,,,,,,,,,,,,,,,,,,,,
Cuba,1947,CUB,5535026.0,13189120000.0,,,,,,,,,,,,,,,,,,,,,,,,,,,,,,,,,,,,,,,,,,,,,,,,,,,,,,,,,,,,,,,,,,,,,,,,,,,,,,,,,,41.667,0.058,35.72,0.198,,,,,,,,,,,,,,,,,,,,,,,,,,,,,,,,,,,,,,,
Cuba,1948,CUB,5667544.0,13206876160.0,,,,,,,,,,,,,,,,,,,,,,,,,,,,,,,,,,,,,,,,,,,,,,,,,,,,,,,,,,,,,,,,,,,,,,,,,,,,,,,,,,-23.529,-0.047,26.676,0.151,,,,,,,,,,,,,,,,,,,,,,,,,,,,,,,,,,,,,,,
Cuba,1949,CUB,5798132.0,13368051712.0,,,,,,,,,,,,,,,,,,,,,,,,,,,,,,,,,,,,,,,,,,,,,,,,,,,,,,,,,,,,,,,,,,,,,,,,,,,,,,,,,,-30.769,-0.047,18.052,0.105,,,,,,,,,,,,,,,,,,,,,,,,,,,,,,,,,,,,,,,
Cuba,1950,CUB,5926656.0,15260829696.0,,,,,,,,,,,,,,,,,,,,,,,,,,,,,,,,,,,,,,,,,,,,,,,,,,,,,,,,,,,,,,,,,,,,,,,,,,,,,,,,,,66.667,0.07,29.435,0.174,,,,,,,,,,,,,,,,,,,,,,,,,,,,,,,,,,,,,,,
Cuba,1951,CUB,6047906.0,15696287744.0,,,,,,,,,,,,,,,,,,,,,,,,,,,,,,,,,,,,,,,,,,,,,,,,,,,,,,,,,,,,,,,,,,,,,,,,,,,,,,,,,,-13.333,-0.023,24.999,0.151,,,,,,,,,,,,,,,,,,,,,,,,,,,,,,,,,,,,,,,
Cuba,1952,CUB,6170597.0,17086751744.0,,,,,,,,,,,,,,,,,,,,,,,,,,,,,,,,,,,,,,,,,,,,,,,,,,,,,,,,,,,,,,,,,,,,,,,,,,,,,,,,,,15.385,0.023,28.271,0.174,,,,,,,,,,,,,,,,,,,,,,,,,,,,,,,,,,,,,,,
Cuba,1953,CUB,6296741.0,16002819072.0,,,,,,,,,,,,,,,,,,,,,,,,,,,,,,,,,,,,,,,,,,,,,,,,,,,,,,,,,,,,,,,,,,,,,,,,,,,,,,,,,,40.0,0.07,38.787,0.244,,,,,,,,,,,,,,,,,,,,,,,,,,,,,,,,,,,,,,,
Cuba,1954,CUB,6426524.0,16329194496.0,,,,,,,,,,,,,,,,,,,,,,,,,,,,,,,,,,,,,,,,,,,,,,,,,,,,,,,,,,,,,,,,,,,,,,,,,,,,,,,,,,-33.333,-0.081,25.336,0.163,,,,,,,,,,,,,,,,,,,,,,,,,,,,,,,,,,,,,,,
Cuba,1955,CUB,6559586.0,16833078272.0,,,,,,,,,,,,,,,,,,,,,,,,,,,,,,,,,,,,,,,,,,,,,,,,,,,,,,,,,,,,,,,,,,,,,,,,,,,,,,,,,,264.286,0.43,90.422,0.593,,,,,,,,,,,,,,,,,,,,,,,,,,,,,,,,,,,,,,,
Cuba,1956,CUB,6695382.0,17845620736.0,,,,,,,,,,,,,,,,,,,,,,,,,,,,,,,,,,,,,,,,,,,,,,,,,,,,,,,,,,,,,,,,,,,,,,,,,,,,,,,,,,39.216,0.233,123.328,0.826,,,,,,,,,,,,,,,,,,,,,,,,,,,,,,,,,,,,,,,
Cuba,1957,CUB,6833754.0,19405002752.0,,,,,,,,,,,,,,,,,,,,,,,,,,,,,,,,,,,,,,,,,,,,,,,,,,,,,,,,,,,,,,,,,,,,,,,,,,,,,,,,,,-19.718,-0.163,97.005,0.663,,,,,,,,,,,,,,,,,,,,,,,,,,,,,,,,,,,,,,,
Cuba,1958,CUB,6974869.0,19761485824.0,,,,,,,,,,,,,,,,,,,,,,,,,,,,,,,,,,,,,,,,,,,,,,,,,,,,,,,,,,,,,,,,,,,,,,,,,,,,,,,,,,-19.298,-0.128,76.701,0.535,,,,,,,,,,,,,,,,,,,,,,,,,,,,,,,,,,,,,,,
Cuba,1959,CUB,7119352.0,20744404992.0,,,,,,,,,,,,,,,,,,,,,,,,,,,,,,,,,,,,,,,,,,,,,,,,,,,,,,,,,,,,,,,,,,,,,,,,,,,,,,,,,,-43.478,-0.233,42.473,0.302,,,,,,,,,,,,,,,,,,,,,,,,,,,,,,,,,,,,,,,
Cuba,1960,CUB,7267396.0,21038837760.0,,,,,,,,,,,,,,,,,,,,,,,,,,,,,,,,,,,,,,,,,,,,,,,,,,,,,,,,,,,,,,,,,,,,,,,,,,,,,,,,,,-46.154,-0.14,22.404,0.163,,,,,,,,,,,,,,,,,,,,,,,,,,,,,,,,,,,,,,,
Cuba,1961,CUB,7418523.0,21887111168.0,,,,,,,,,,,,,,,,,,,,,,,,,,,,,,,,,,,,,,,,,,,,,,,,,,,,,,,,,,,,,,,,,,,,,,,,,,,,,,,,,,-28.571,-0.047,15.677,0.116,,,,,,,,,,,,,,,,,,,,,,,,,,,,,,,,,,,,,,,
Cuba,1962,CUB,7574268.0,21573396480.0,,,,,,,,,,,,,,,,,,,,,,,,,,,,,,,,,,,,,,,,,,,,,,,,,,,,,,,,,,,,,,,,,,,,,,,,,,,,,,,,,,20.0,0.023,18.426,0.14,,,,,,,,,,,,,,,,,,,,,,,,,,,,,,,,,,,,,,,
Cuba,1963,CUB,7736355.0,21933570048.0,,,,,,,,,,,,,,,,,,,,,,,,,,,,,,,,,,,,,,,,,,,,,,,,,,,,,,,,,,,,,,,,,,,,,,,,,,,,,,,,,,158.333,0.221,46.602,0.361,,,,,,,,,,,,,,,,,,,,,,,,,,,,,,,,,,,,,,,
Cuba,1964,CUB,7902291.0,24038696960.0,,,,,,,,,,,,,,,,,,,,,,,,,,,,,,,,,,,,,,,,,,,,,,,,,,,,,,,,,,,,,,,,,,,,,,,,,,,,,,,,,,19.355,0.07,54.454,0.43,,,,,,,,,,,,,,,,,,,,,,,,,,,,,,,,,,,,,,,
Cuba,1965,CUB,8067660.0,24117280768.0,,,,,,,,,,,,,,,,,,,,,,,,,,,,,,,,,,,,,,,,,,,,,,,,,,,,,,,,,,,,,,,,,,,,,,,,,,,,,,,,,,54.054,0.233,82.169,0.663,,,,,,,,,,,,,,,,,,,,,,,,,,,,,,,,,,,,,,,
