country,year,iso_code,population,gdp,biofuel_cons_change_pct,biofuel_cons_change_twh,biofuel_cons_per_capita,biofuel_consumption,biofuel_elec_per_capita,biofuel_electricity,biofuel_share_elec,biofuel_share_energy,carbon_intensity_elec,coal_cons_change_pct,coal_cons_change_twh,coal_cons_per_capita,coal_consumption,coal_elec_per_capita,coal_electricity,coal_prod_change_pct,coal_prod_change_twh,coal_prod_per_capita,coal_production,coal_share_elec,coal_share_energy,electricity_demand,electricity_generation,electricity_share_energy,energy_cons_change_pct,energy_cons_change_twh,energy_per_capita,energy_per_gdp,fossil_cons_change_pct,fossil_cons_change_twh,fossil_elec_per_capita,fossil_electricity,fossil_energy_per_capita,fossil_fuel_consumption,fossil_share_elec,fossil_share_energy,gas_cons_change_pct,gas_cons_change_twh,gas_consumption,gas_elec_per_capita,gas_electricity,gas_energy_per_capita,gas_prod_change_pct,gas_prod_change_twh,gas_prod_per_capita,gas_production,gas_share_elec,gas_share_energy,greenhouse_gas_emissions,hydro_cons_change_pct,hydro_cons_change_twh,hydro_consumption,hydro_elec_per_capita,hydro_electricity,hydro_energy_per_capita,hydro_share_elec,hydro_share_energy,low_carbon_cons_change_pct,low_carbon_cons_change_twh,low_carbon_consumption,low_carbon_elec_per_capita,low_carbon_electricity,low_carbon_energy_per_capita,low_carbon_share_elec,low_carbon_share_energy,net_elec_imports,net_elec_imports_share_demand,nuclear_cons_change_pct,nuclear_cons_change_twh,nuclear_consumption,nuclear_elec_per_capita,nuclear_electricity,nuclear_energy_per_capita,nuclear_share_elec,nuclear_share_energy,oil_cons_change_pct,oil_cons_change_twh,oil_consumption,oil_elec_per_capita,oil_electricity,oil_energy_per_capita,oil_prod_change_pct,oil_prod_change_twh,oil_prod_per_capita,oil_production,oil_share_elec,oil_share_energy,other_renewable_consumption,other_renewable_electricity,other_renewable_exc_biofuel_electricity,other_renewables_cons_change_pct,other_renewables_cons_change_twh,other_renewables_elec_per_capita,other_renewables_elec_per_capita_exc_biofuel,other_renewables_energy_per_capita,other_renewables_share_elec,other_renewables_share_elec_exc_biofuel,other_renewables_share_energy,per_capita_electricity,primary_energy_consumption,renewables_cons_change_pct,renewables_cons_change_twh,renewables_consumption,renewables_elec_per_capita,renewables_electricity,renewables_energy_per_capita,renewables_share_elec,renewables_share_energy,solar_cons_change_pct,solar_cons_change_twh,solar_consumption,solar_elec_per_capita,solar_electricity,solar_energy_per_capita,solar_share_elec,solar_share_energy,wind_cons_change_pct,wind_cons_change_twh,wind_consumption,wind_elec_per_capita,wind_electricity,wind_energy_per_capita,wind_share_elec,wind_share_energy
IEO - Africa (EIA),1998,,,,,,,,,,,,,,,,,,,,,,,,,,,,1.711,56.91,,,,,,,,,,,,,,,,,,,,,,,,,,,,,,,,,,,,,,,,,,,,,,,,,,,,,,,,,,,,,,,,,,,,,,,,,,3383.567,,,,,,,,,,,,,,,,,,,,,,,,
IEO - Africa (EIA),1999,,,,,,,,,,,,,,,,,,,,,,,,,,,,0.437,14.779,,,,,,,,,,,,,,,,,,,,,,,,,,,,,,,,,,,,,,,,,,,,,,,,,,,,,,,,,,,,,,,,,,,,,,,,,,3398.346,,,,,,,,,,,,,,,,,,,,,,,,
IEO - Africa (EIA),2000,,,,,,,,,,,,,,,,,,,,,,,,,,,,4.151,141.061,,,,,,,,,,,,,,,,,,,,,,,,,,,,,,,,,,,,,,,,,,,,,,,,,,,,,,,,,,,,,,,,,,,,,,,,,,3539.406,,,,,,,,,,,,,,,,,,,,,,,,
IEO - Africa (EIA),2001,,,,,,,,,,,,,,,,,,,,,,,,,,,,3.702,131.019,,,,,,,,,,,,,,,,,,,,,,,,,,,,,,,,,,,,,,,,,,,,,,,,,,,,,,,,,,,,,,,,,,,,,,,,,,3670.425,,,,,,,,,,,,,,,,,,,,,,,,
IEO - Africa (EIA),2002,,,,,,,,,,,,,,,,,,,,,,,,,,,,3.111,114.174,,,,,,,,,,,,,,,,,,,,,,,,,,,,,,,,,,,,,,,,,,,,,,,,,,,,,,,,,,,,,,,,,,,,,,,,,,3784.599,,,,,,,,,,,,,,,,,,,,,,,,
IEO - Africa (EIA),2003,,,,,,,,,,,,,,,,,,,,,,,,,,,,4.049,153.235,,,,,,,,,,,,,,,,,,,,,,,,,,,,,,,,,,,,,,,,,,,,,,,,,,,,,,,,,,,,,,,,,,,,,,,,,,3937.834,,,,,,,,,,,,,,,,,,,,,,,,
IEO - Africa (EIA),2004,,,,,,,,,,,,,,,,,,,,,,,,,,,,3.236,127.44,,,,,,,,,,,,,,,,,,,,,,,,,,,,,,,,,,,,,,,,,,,,,,,,,,,,,,,,,,,,,,,,,,,,,,,,,,4065.275,,,,,,,,,,,,,,,,,,,,,,,,
IEO - Africa (EIA),2005,,,,,,,,,,,,,,,,,,,,,,,,,,,,5.541,225.264,,,,,,,,,,,,,,,,,,,,,,,,,,,,,,,,,,,,,,,,,,,,,,,,,,,,,,,,,,,,,,,,,,,,,,,,,,4290.539,,,,,,,,,,,,,,,,,,,,,,,,
IEO - Africa (EIA),2006,,,,,,,,,,,,,,,,,,,,,,,,,,,,1.893,81.222,,,,,,,,,,,,,,,,,,,,,,,,,,,,,,,,,,,,,,,,,,,,,,,,,,,,,,,,,,,,,,,,,,,,,,,,,,4371.761,,,,,,,,,,,,,,,,,,,,,,,,
IEO - Africa (EIA),2007,,,,,,,,,,,,,,,,,,,,,,,,,,,,3.556,155.457,,,,,,,,,,,,,,,,,,,,,,,,,,,,,,,,,,,,,,,,,,,,,,,,,,,,,,,,,,,,,,,,,,,,,,,,,,4527.218,,,,,,,,,,,,,,,,,,,,,,,,
IEO - Africa (EIA),2008,,,,,,,,,,,,,,,,,,,,,,,,,,,,4.434,200.758,,,,,,,,,,,,,,,,,,,,,,,,,,,,,,,,,,,,,,,,,,,,,,,,,,,,,,,,,,,,,,,,,,,,,,,,,,4727.976,,,,,,,,,,,,,,,,,,,,,,,,
IEO - Africa (EIA),2009,,,,,,,,,,,,,,,,,,,,,,,,,,,,-0.019,-0.917,,,,,,,,,,,,,,,,,,,,,,,,,,,,,,,,,,,,,,,,,,,,,,,,,,,,,,,,,,,,,,,,,,,,,,,,,,4727.059,,,,,,,,,,,,,,,,,,,,,,,,
IEO - Africa (EIA),2010,,,,,,,,,,,,,,,,,,,,,,,,,,,,4.814,227.549,,,,,,,,,,,,,,,,,,,,,,,,,,,,,,,,,,,,,,,,,,,,,,,,,,,,,,,,,,,,,,,,,,,,,,,,,,4954.607,,,,,,,,,,,,,,,,,,,,,,,,
IEO - Africa (EIA),2011,,,,,,,,,,,,,,,,,,,,,,,,,,,,2.609,129.256,,,,,,,,,,,,,,,,,,,,,,,,,,,,,,,,,,,,,,,,,,,,,,,,,,,,,,,,,,,,,,,,,,,,,,,,,,5083.864,,,,,,,,,,,,,,,,,,,,,,,,
IEO - Africa (EIA),2012,,,,,,,,,,,,,,,,,,,,,,,,,,,,4.11,208.938,,,,,,,,,,,,,,,,,,,,,,,,,,,,,,,,,,,,,,,,,,,,,,,,,,,,,,,,,,,,,,,,,,,,,,,,,,5292.802,,,,,,,,,,,,,,,,,,,,,,,,
IEO - Africa (EIA),2013,,,,,,,,,,,,,,,,,,,,,,,,,,,,3.235,171.217,,,,,,,,,,,,,,,,,,,,,,,,,,,,,,,,,,,,,,,,,,,,,,,,,,,,,,,,,,,,,,,,,,,,,,,,,,5464.019,,,,,,,,,,,,,,,,,,,,,,,,
IEO - Africa (EIA),2014,,,,,,,,,,,,,,,,,,,,,,,,,,,,3.304,180.524,,,,,,,,,,,,,,,,,,,,,,,,,,,,,,,,,,,,,,,,,,,,,,,,,,,,,,,,,,,,,,,,,,,,,,,,,,5644.543,,,,,,,,,,,,,,,,,,,,,,,,
IEO - Africa (EIA),2015,,,,,,,,,,,,,,,,,,,,,,,,,,,,-0.181,-10.238,,,,,,,,,,,,,,,,,,,,,,,,,,,,,,,,,,,,,,,,,,,,,,,,,,,,,,,,,,,,,,,,,,,,,,,,,,5634.305,,,,,,,,,,,,,,,,,,,,,,,,
IEO - Africa (EIA),2016,,,,,,,,,,,,,,,,,,,,,,,,,,,,0.709,39.966,,,,,,,,,,,,,,,,,,,,,,,,,,,,,,,,,,,,,,,,,,,,,,,,,,,,,,,,,,,,,,,,,,,,,,,,,,5674.271,,,,,,,,,,,,,,,,,,,,,,,,
IEO - Africa (EIA),2017,,,,,,,,,,,,,,,,,,,,,,,,,,,,3.165,179.596,,,,,,,,,,,,,,,,,,,,,,,,,,,,,,,,,,,,,,,,,,,,,,,,,,,,,,,,,,,,,,,,,,,,,,,,,,5853.867,,,,,,,,,,,,,,,,,,,,,,,,
IEO - Africa (EIA),2018,,,,,,,,,,,,,,,,,,,,,,,,,,,,1.66,97.152,,,,,,,,,,,,,,,,,,,,,,,,,,,,,,,,,,,,,,,,,,,,,,,,,,,,,,,,,,,,,,,,,,,,,,,,,,5951.019,,,,,,,,,,,,,,,,,,,,,,,,
IEO - Africa (EIA),2019,,,,,,,,,,,,,,,,,,,,,,,,,,,,2.837,168.803,,,,,,,,,,,,,,,,,,,,,,,,,,,,,,,,,,,,,,,,,,,,,,,,,,,,,,,,,,,,,,,,,,,,,,,,,,6119.822,,,,,,,,,,,,,,,,,,,,,,,,
IEO - Africa (EIA),2020,,,,,,,,,,,,,,,,,,,,,,,,,,,,-4.927,-301.516,,,,,,,,,,,,,,,,,,,,,,,,,,,,,,,,,,,,,,,,,,,,,,,,,,,,,,,,,,,,,,,,,,,,,,,,,,5818.306,,,,,,,,,,,,,,,,,,,,,,,,
IEO - Africa (EIA),2021,,,,,,,,,,,,,,,,,,,,,,,,,,,,2.001,116.441,,,,,,,,,,,,,,,,,,,,,,,,,,,,,,,,,,,,,,,,,,,,,,,,,,,,,,,,,,,,,,,,,,,,,,,,,,5934.747,,,,,,,,,,,,,,,,,,,,,,,,
IEO - Middle East (EIA),1980,,,,,,,,,,,,,,,,,,,,,,,,,,,,,,,,,,,,,,,,,,,,,,,,,,,,,,,,,,,,,,,,,,,,,,,,,,,,,,,,,,,,,,,,,,,,,,,,,,,,,,,1618.177,,,,,,,,,,,,,,,,,,,,,,,,
IEO - Middle East (EIA),1981,,,,,,,,,,,,,,,,,,,,,,,,,,,,4.865,78.721,,,,,,,,,,,,,,,,,,,,,,,,,,,,,,,,,,,,,,,,,,,,,,,,,,,,,,,,,,,,,,,,,,,,,,,,,,1696.898,,,,,,,,,,,,,,,,,,,,,,,,
IEO - Middle East (EIA),1982,,,,,,,,,,,,,,,,,,,,,,,,,,,,4.428,75.138,,,,,,,,,,,,,,,,,,,,,,,,,,,,,,,,,,,,,,,,,,,,,,,,,,,,,,,,,,,,,,,,,,,,,,,,,,1772.036,,,,,,,,,,,,,,,,,,,,,,,,
IEO - Middle East (EIA),1983,,,,,,,,,,,,,,,,,,,,,,,,,,,,12.913,228.817,,,,,,,,,,,,,,,,,,,,,,,,,,,,,,,,,,,,,,,,,,,,,,,,,,,,,,,,,,,,,,,,,,,,,,,,,,2000.853,,,,,,,,,,,,,,,,,,,,,,,,
IEO - Middle East (EIA),1984,,,,,,,,,,,,,,,,,,,,,,,,,,,,9.464,189.37,,,,,,,,,,,,,,,,,,,,,,,,,,,,,,,,,,,,,,,,,,,,,,,,,,,,,,,,,,,,,,,,,,,,,,,,,,2190.223,,,,,,,,,,,,,,,,,,,,,,,,
IEO - Middle East (EIA),1985,,,,,,,,,,,,,,,,,,,,,,,,,,,,10.648,233.225,,,,,,,,,,,,,,,,,,,,,,,,,,,,,,,,,,,,,,,,,,,,,,,,,,,,,,,,,,,,,,,,,,,,,,,,,,2423.448,,,,,,,,,,,,,,,,,,,,,,,,
IEO - Middle East (EIA),1986,,,,,,,,,,,,,,,,,,,,,,,,,,,,6.185,149.878,,,,,,,,,,,,,,,,,,,,,,,,,,,,,,,,,,,,,,,,,,,,,,,,,,,,,,,,,,,,,,,,,,,,,,,,,,2573.326,,,,,,,,,,,,,,,,,,,,,,,,
IEO - Middle East (EIA),1987,,,,,,,,,,,,,,,,,,,,,,,,,,,,6.197,159.476,,,,,,,,,,,,,,,,,,,,,,,,,,,,,,,,,,,,,,,,,,,,,,,,,,,,,,,,,,,,,,,,,,,,,,,,,,2732.801,,,,,,,,,,,,,,,,,,,,,,,,
IEO - Middle East (EIA),1988,,,,,,,,,,,,,,,,,,,,,,,,,,,,6.112,167.036,,,,,,,,,,,,,,,,,,,,,,,,,,,,,,,,,,,,,,,,,,,,,,,,,,,,,,,,,,,,,,,,,,,,,,,,,,2899.837,,,,,,,,,,,,,,,,,,,,,,,,
IEO - Middle East (EIA),1989,,,,,,,,,,,,,,,,,,,,,,,,,,,,5.136,148.931,,,,,,,,,,,,,,,,,,,,,,,,,,,,,,,,,,,,,,,,,,,,,,,,,,,,,,,,,,,,,,,,,,,,,,,,,,3048.768,,,,,,,,,,,,,,,,,,,,,,,,
IEO - Middle East (EIA),1990,,,,,,,,,,,,,,,,,,,,,,,,,,,,1.551,47.3,,,,,,,,,,,,,,,,,,,,,,,,,,,,,,,,,,,,,,,,,,,,,,,,,,,,,,,,,,,,,,,,,,,,,,,,,,3096.069,,,,,,,,,,,,,,,,,,,,,,,,
IEO - Middle East (EIA),1991,,,,,,,,,,,,,,,,,,,,,,,,,,,,1.956,60.574,,,,,,,,,,,,,,,,,,,,,,,,,,,,,,,,,,,,,,,,,,,,,,,,,,,,,,,,,,,,,,,,,,,,,,,,,,3156.643,,,,,,,,,,,,,,,,,,,,,,,,
IEO - Middle East (EIA),1992,,,,,,,,,,,,,,,,,,,,,,,,,,,,9.488,299.502,,,,,,,,,,,,,,,,,,,,,,,,,,,,,,,,,,,,,,,,,,,,,,,,,,,,,,,,,,,,,,,,,,,,,,,,,,3456.145,,,,,,,,,,,,,,,,,,,,,,,,
IEO - Middle East (EIA),1993,,,,,,,,,,,,,,,,,,,,,,,,,,,,4.433,153.213,,,,,,,,,,,,,,,,,,,,,,,,,,,,,,,,,,,,,,,,,,,,,,,,,,,,,,,,,,,,,,,,,,,,,,,,,,3609.357,,,,,,,,,,,,,,,,,,,,,,,,
IEO - Middle East (EIA),1994,,,,,,,,,,,,,,,,,,,,,,,,,,,,4.783,172.638,,,,,,,,,,,,,,,,,,,,,,,,,,,,,,,,,,,,,,,,,,,,,,,,,,,,,,,,,,,,,,,,,,,,,,,,,,3781.996,,,,,,,,,,,,,,,,,,,,,,,,
IEO - Middle East (EIA),1995,,,,,,,,,,,,,,,,,,,,,,,,,,,,1.945,73.544,,,,,,,,,,,,,,,,,,,,,,,,,,,,,,,,,,,,,,,,,,,,,,,,,,,,,,,,,,,,,,,,,,,,,,,,,,3855.539,,,,,,,,,,,,,,,,,,,,,,,,
IEO - Middle East (EIA),1996,,,,,,,,,,,,,,,,,,,,,,,,,,,,4.398,169.556,,,,,,,,,,,,,,,,,,,,,,,,,,,,,,,,,,,,,,,,,,,,,,,,,,,,,,,,,,,,,,,,,,,,,,,,,,4025.095,,,,,,,,,,,,,,,,,,,,,,,,
IEO - Middle East (EIA),1997,,,,,,,,,,,,,,,,,,,,,,,,,,,,8.331,335.341,,,,,,,,,,,,,,,,,,,,,,,,,,,,,,,,,,,,,,,,,,,,,,,,,,,,,,,,,,,,,,,,,,,,,,,,,,4360.437,,,,,,,,,,,,,,,,,,,,,,,,
IEO - Middle East (EIA),1998,,,,,,,,,,,,,,,,,,,,,,,,,,,,4.417,192.606,,,,,,,,,,,,,,,,,,,,,,,,,,,,,,,,,,,,,,,,,,,,,,,,,,,,,,,,,,,,,,,,,,,,,,,,,,4553.042,,,,,,,,,,,,,,,,,,,,,,,,
IEO - Middle East (EIA),1999,,,,,,,,,,,,,,,,,,,,,,,,,,,,2.706,123.184,,,,,,,,,,,,,,,,,,,,,,,,,,,,,,,,,,,,,,,,,,,,,,,,,,,,,,,,,,,,,,,,,,,,,,,,,,4676.227,,,,,,,,,,,,,,,,,,,,,,,,
IEO - Middle East (EIA),2000,,,,,,,,,,,,,,,,,,,,,,,,,,,,6.414,299.942,,,,,,,,,,,,,,,,,,,,,,,,,,,,,,,,,,,,,,,,,,,,,,,,,,,,,,,,,,,,,,,,,,,,,,,,,,4976.168,,,,,,,,,,,,,,,,,,,,,,,,
IEO - Middle East (EIA),2001,,,,,,,,,,,,,,,,,,,,,,,,,,,,4.293,213.65,,,,,,,,,,,,,,,,,,,,,,,,,,,,,,,,,,,,,,,,,,,,,,,,,,,,,,,,,,,,,,,,,,,,,,,,,,5189.818,,,,,,,,,,,,,,,,,,,,,,,,
IEO - Middle East (EIA),2002,,,,,,,,,,,,,,,,,,,,,,,,,,,,5.347,277.516,,,,,,,,,,,,,,,,,,,,,,,,,,,,,,,,,,,,,,,,,,,,,,,,,,,,,,,,,,,,,,,,,,,,,,,,,,5467.334,,,,,,,,,,,,,,,,,,,,,,,,
IEO - Middle East (EIA),2003,,,,,,,,,,,,,,,,,,,,,,,,,,,,2.592,141.698,,,,,,,,,,,,,,,,,,,,,,,,,,,,,,,,,,,,,,,,,,,,,,,,,,,,,,,,,,,,,,,,,,,,,,,,,,5609.032,,,,,,,,,,,,,,,,,,,,,,,,
IEO - Middle East (EIA),2004,,,,,,,,,,,,,,,,,,,,,,,,,,,,7.414,415.842,,,,,,,,,,,,,,,,,,,,,,,,,,,,,,,,,,,,,,,,,,,,,,,,,,,,,,,,,,,,,,,,,,,,,,,,,,6024.874,,,,,,,,,,,,,,,,,,,,,,,,
IEO - Middle East (EIA),2005,,,,,,,,,,,,,,,,,,,,,,,,,,,,10.303,620.726,,,,,,,,,,,,,,,,,,,,,,,,,,,,,,,,,,,,,,,,,,,,,,,,,,,,,,,,,,,,,,,,,,,,,,,,,,6645.6,,,,,,,,,,,,,,,,,,,,,,,,
IEO - Middle East (EIA),2006,,,,,,,,,,,,,,,,,,,,,,,,,,,,4.452,295.834,,,,,,,,,,,,,,,,,,,,,,,,,,,,,,,,,,,,,,,,,,,,,,,,,,,,,,,,,,,,,,,,,,,,,,,,,,6941.434,,,,,,,,,,,,,,,,,,,,,,,,
IEO - Middle East (EIA),2007,,,,,,,,,,,,,,,,,,,,,,,,,,,,5.76,399.812,,,,,,,,,,,,,,,,,,,,,,,,,,,,,,,,,,,,,,,,,,,,,,,,,,,,,,,,,,,,,,,,,,,,,,,,,,7341.246,,,,,,,,,,,,,,,,,,,,,,,,
IEO - Middle East (EIA),2008,,,,,,,,,,,,,,,,,,,,,,,,,,,,6.799,499.132,,,,,,,,,,,,,,,,,,,,,,,,,,,,,,,,,,,,,,,,,,,,,,,,,,,,,,,,,,,,,,,,,,,,,,,,,,7840.378,,,,,,,,,,,,,,,,,,,,,,,,
IEO - Middle East (EIA),2009,,,,,,,,,,,,,,,,,,,,,,,,,,,,4.18,327.724,,,,,,,,,,,,,,,,,,,,,,,,,,,,,,,,,,,,,,,,,,,,,,,,,,,,,,,,,,,,,,,,,,,,,,,,,,8168.103,,,,,,,,,,,,,,,,,,,,,,,,
IEO - Middle East (EIA),2010,,,,,,,,,,,,,,,,,,,,,,,,,,,,7.658,625.492,,,,,,,,,,,,,,,,,,,,,,,,,,,,,,,,,,,,,,,,,,,,,,,,,,,,,,,,,,,,,,,,,,,,,,,,,,8793.595,,,,,,,,,,,,,,,,,,,,,,,,
IEO - Middle East (EIA),2011,,,,,,,,,,,,,,,,,,,,,,,,,,,,4.931,433.57,,,,,,,,,,,,,,,,,,,,,,,,,,,,,,,,,,,,,,,,,,,,,,,,,,,,,,,,,,,,,,,,,,,,,,,,,,9227.165,,,,,,,,,,,,,,,,,,,,,,,,
IEO - Middle East (EIA),2012,,,,,,,,,,,,,,,,,,,,,,,,,,,,3.215,296.631,,,,,,,,,,,,,,,,,,,,,,,,,,,,,,,,,,,,,,,,,,,,,,,,,,,,,,,,,,,,,,,,,,,,,,,,,,9523.796,,,,,,,,,,,,,,,,,,,,,,,,
IEO - Middle East (EIA),2013,,,,,,,,,,,,,,,,,,,,,,,,,,,,2.9,276.156,,,,,,,,,,,,,,,,,,,,,,,,,,,,,,,,,,,,,,,,,,,,,,,,,,,,,,,,,,,,,,,,,,,,,,,,,,9799.952,,,,,,,,,,,,,,,,,,,,,,,,
IEO - Middle East (EIA),2014,,,,,,,,,,,,,,,,,,,,,,,,,,,,3.088,302.669,,,,,,,,,,,,,,,,,,,,,,,,,,,,,,,,,,,,,,,,,,,,,,,,,,,,,,,,,,,,,,,,,,,,,,,,,,10102.621,,,,,,,,,,,,,,,,,,,,,,,,
IEO - Middle East (EIA),2015,,,,,,,,,,,,,,,,,,,,,,,,,,,,-2.621,-264.79,,,,,,,,,,,,,,,,,,,,,,,,,,,,,,,,,,,,,,,,,,,,,,,,,,,,,,,,,,,,,,,,,,,,,,,,,,9837.831,,,,,,,,,,,,,,,,,,,,,,,,
IEO - Middle East (EIA),2016,,,,,,,,,,,,,,,,,,,,,,,,,,,,8.652,851.146,,,,,,,,,,,,,,,,,,,,,,,,,,,,,,,,,,,,,,,,,,,,,,,,,,,,,,,,,,,,,,,,,,,,,,,,,,10688.977,,,,,,,,,,,,,,,,,,,,,,,,
IEO - Middle East (EIA),2017,,,,,,,,,,,,,,,,,,,,,,,,,,,,2.422,258.932,,,,,,,,,,,,,,,,,,,,,,,,,,,,,,,,,,,,,,,,,,,,,,,,,,,,,,,,,,,,,,,,,,,,,,,,,,10947.908,,,,,,,,,,,,,,,,,,,,,,,,
IEO - Middle East (EIA),2018,,,,,,,,,,,,,,,,,,,,,,,,,,,,1.397,152.935,,,,,,,,,,,,,,,,,,,,,,,,,,,,,,,,,,,,,,,,,,,,,,,,,,,,,,,,,,,,,,,,,,,,,,,,,,11100.843,,,,,,,,,,,,,,,,,,,,,,,,
IEO - Middle East (EIA),2019,,,,,,,,,,,,,,,,,,,,,,,,,,,,-0.052,-5.775,,,,,,,,,,,,,,,,,,,,,,,,,,,,,,,,,,,,,,,,,,,,,,,,,,,,,,,,,,,,,,,,,,,,,,,,,,11095.067,,,,,,,,,,,,,,,,,,,,,,,,
IEO - Middle East (EIA),2020,,,,,,,,,,,,,,,,,,,,,,,,,,,,-8.841,-980.881,,,,,,,,,,,,,,,,,,,,,,,,,,,,,,,,,,,,,,,,,,,,,,,,,,,,,,,,,,,,,,,,,,,,,,,,,,10114.187,,,,,,,,,,,,,,,,,,,,,,,,
IEO - Middle East (EIA),2021,,,,,,,,,,,,,,,,,,,,,,,,,,,,1.685,170.465,,,,,,,,,,,,,,,,,,,,,,,,,,,,,,,,,,,,,,,,,,,,,,,,,,,,,,,,,,,,,,,,,,,,,,,,,,10284.651,,,,,,,,,,,,,,,,,,,,,,,,
IEO OECD - Europe (EIA),1980,,,,,,,,,,,,,,,,,,,,,,,,,,,,,,,,,,,,,,,,,,,,,,,,,,,,,,,,,,,,,,,,,,,,,,,,,,,,,,,,,,,,,,,,,,,,,,,,,,,,,,,20335.174,,,,,,,,,,,,,,,,,,,,,,,,
IEO OECD - Europe (EIA),1981,,,,,,,,,,,,,,,,,,,,,,,,,,,,-3.59,-730.07,,,,,,,,,,,,,,,,,,,,,,,,,,,,,,,,,,,,,,,,,,,,,,,,,,,,,,,,,,,,,,,,,,,,,,,,,,19605.104,,,,,,,,,,,,,,,,,,,,,,,,
IEO OECD - Europe (EIA),1982,,,,,,,,,,,,,,,,,,,,,,,,,,,,-0.92,-180.404,,,,,,,,,,,,,,,,,,,,,,,,,,,,,,,,,,,,,,,,,,,,,,,,,,,,,,,,,,,,,,,,,,,,,,,,,,19424.699,,,,,,,,,,,,,,,,,,,,,,,,
IEO OECD - Europe (EIA),1983,,,,,,,,,,,,,,,,,,,,,,,,,,,,0.338,65.6,,,,,,,,,,,,,,,,,,,,,,,,,,,,,,,,,,,,,,,,,,,,,,,,,,,,,,,,,,,,,,,,,,,,,,,,,,19490.299,,,,,,,,,,,,,,,,,,,,,,,,
IEO OECD - Europe (EIA),1984,,,,,,,,,,,,,,,,,,,,,,,,,,,,1.202,234.312,,,,,,,,,,,,,,,,,,,,,,,,,,,,,,,,,,,,,,,,,,,,,,,,,,,,,,,,,,,,,,,,,,,,,,,,,,19724.611,,,,,,,,,,,,,,,,,,,,,,,,
IEO OECD - Europe (EIA),1985,,,,,,,,,,,,,,,,,,,,,,,,,,,,3.43,676.592,,,,,,,,,,,,,,,,,,,,,,,,,,,,,,,,,,,,,,,,,,,,,,,,,,,,,,,,,,,,,,,,,,,,,,,,,,20401.203,,,,,,,,,,,,,,,,,,,,,,,,
IEO OECD - Europe (EIA),1986,,,,,,,,,,,,,,,,,,,,,,,,,,,,2.38,485.602,,,,,,,,,,,,,,,,,,,,,,,,,,,,,,,,,,,,,,,,,,,,,,,,,,,,,,,,,,,,,,,,,,,,,,,,,,20886.805,,,,,,,,,,,,,,,,,,,,,,,,
IEO OECD - Europe (EIA),1987,,,,,,,,,,,,,,,,,,,,,,,,,,,,1.916,400.162,,,,,,,,,,,,,,,,,,,,,,,,,,,,,,,,,,,,,,,,,,,,,,,,,,,,,,,,,,,,,,,,,,,,,,,,,,21286.967,,,,,,,,,,,,,,,,,,,,,,,,
IEO OECD - Europe (EIA),1988,,,,,,,,,,,,,,,,,,,,,,,,,,,,0.964,205.207,,,,,,,,,,,,,,,,,,,,,,,,,,,,,,,,,,,,,,,,,,,,,,,,,,,,,,,,,,,,,,,,,,,,,,,,,,21492.174,,,,,,,,,,,,,,,,,,,,,,,,
IEO OECD - Europe (EIA),1989,,,,,,,,,,,,,,,,,,,,,,,,,,,,0.189,40.607,,,,,,,,,,,,,,,,,,,,,,,,,,,,,,,,,,,,,,,,,,,,,,,,,,,,,,,,,,,,,,,,,,,,,,,,,,21532.781,,,,,,,,,,,,,,,,,,,,,,,,
IEO OECD - Europe (EIA),1990,,,,,,,,,,,,,,,,,,,,,,,,,,,,-0.387,-83.322,,,,,,,,,,,,,,,,,,,,,,,,,,,,,,,,,,,,,,,,,,,,,,,,,,,,,,,,,,,,,,,,,,,,,,,,,,21449.459,,,,,,,,,,,,,,,,,,,,,,,,
IEO OECD - Europe (EIA),1991,,,,,,,,,,,,,,,,,,,,,,,,,,,,-0.779,-167.145,,,,,,,,,,,,,,,,,,,,,,,,,,,,,,,,,,,,,,,,,,,,,,,,,,,,,,,,,,,,,,,,,,,,,,,,,,21282.314,,,,,,,,,,,,,,,,,,,,,,,,
IEO OECD - Europe (EIA),1992,,,,,,,,,,,,,,,,,,,,,,,,,,,,0.678,144.271,,,,,,,,,,,,,,,,,,,,,,,,,,,,,,,,,,,,,,,,,,,,,,,,,,,,,,,,,,,,,,,,,,,,,,,,,,21426.586,,,,,,,,,,,,,,,,,,,,,,,,
IEO OECD - Europe (EIA),1993,,,,,,,,,,,,,,,,,,,,,,,,,,,,0.129,27.664,,,,,,,,,,,,,,,,,,,,,,,,,,,,,,,,,,,,,,,,,,,,,,,,,,,,,,,,,,,,,,,,,,,,,,,,,,21454.25,,,,,,,,,,,,,,,,,,,,,,,,
IEO OECD - Europe (EIA),1994,,,,,,,,,,,,,,,,,,,,,,,,,,,,0.115,24.619,,,,,,,,,,,,,,,,,,,,,,,,,,,,,,,,,,,,,,,,,,,,,,,,,,,,,,,,,,,,,,,,,,,,,,,,,,21478.869,,,,,,,,,,,,,,,,,,,,,,,,
IEO OECD - Europe (EIA),1995,,,,,,,,,,,,,,,,,,,,,,,,,,,,2.603,559.197,,,,,,,,,,,,,,,,,,,,,,,,,,,,,,,,,,,,,,,,,,,,,,,,,,,,,,,,,,,,,,,,,,,,,,,,,,22038.066,,,,,,,,,,,,,,,,,,,,,,,,
IEO OECD - Europe (EIA),1996,,,,,,,,,,,,,,,,,,,,,,,,,,,,3.108,684.955,,,,,,,,,,,,,,,,,,,,,,,,,,,,,,,,,,,,,,,,,,,,,,,,,,,,,,,,,,,,,,,,,,,,,,,,,,22723.021,,,,,,,,,,,,,,,,,,,,,,,,
IEO OECD - Europe (EIA),1997,,,,,,,,,,,,,,,,,,,,,,,,,,,,-0.321,-73.035,,,,,,,,,,,,,,,,,,,,,,,,,,,,,,,,,,,,,,,,,,,,,,,,,,,,,,,,,,,,,,,,,,,,,,,,,,22649.986,,,,,,,,,,,,,,,,,,,,,,,,
IEO OECD - Europe (EIA),1998,,,,,,,,,,,,,,,,,,,,,,,,,,,,1.133,256.654,,,,,,,,,,,,,,,,,,,,,,,,,,,,,,,,,,,,,,,,,,,,,,,,,,,,,,,,,,,,,,,,,,,,,,,,,,22906.641,,,,,,,,,,,,,,,,,,,,,,,,
IEO OECD - Europe (EIA),1999,,,,,,,,,,,,,,,,,,,,,,,,,,,,-0.188,-43.133,,,,,,,,,,,,,,,,,,,,,,,,,,,,,,,,,,,,,,,,,,,,,,,,,,,,,,,,,,,,,,,,,,,,,,,,,,22863.508,,,,,,,,,,,,,,,,,,,,,,,,
IEO OECD - Europe (EIA),2000,,,,,,,,,,,,,,,,,,,,,,,,,,,,1.381,315.715,,,,,,,,,,,,,,,,,,,,,,,,,,,,,,,,,,,,,,,,,,,,,,,,,,,,,,,,,,,,,,,,,,,,,,,,,,23179.223,,,,,,,,,,,,,,,,,,,,,,,,
IEO OECD - Europe (EIA),2001,,,,,,,,,,,,,,,,,,,,,,,,,,,,1.515,351.211,,,,,,,,,,,,,,,,,,,,,,,,,,,,,,,,,,,,,,,,,,,,,,,,,,,,,,,,,,,,,,,,,,,,,,,,,,23530.434,,,,,,,,,,,,,,,,,,,,,,,,
IEO OECD - Europe (EIA),2002,,,,,,,,,,,,,,,,,,,,,,,,,,,,-0.198,-46.502,,,,,,,,,,,,,,,,,,,,,,,,,,,,,,,,,,,,,,,,,,,,,,,,,,,,,,,,,,,,,,,,,,,,,,,,,,23483.932,,,,,,,,,,,,,,,,,,,,,,,,
IEO OECD - Europe (EIA),2003,,,,,,,,,,,,,,,,,,,,,,,,,,,,1.579,370.789,,,,,,,,,,,,,,,,,,,,,,,,,,,,,,,,,,,,,,,,,,,,,,,,,,,,,,,,,,,,,,,,,,,,,,,,,,23854.721,,,,,,,,,,,,,,,,,,,,,,,,
IEO OECD - Europe (EIA),2004,,,,,,,,,,,,,,,,,,,,,,,,,,,,1.84,438.852,,,,,,,,,,,,,,,,,,,,,,,,,,,,,,,,,,,,,,,,,,,,,,,,,,,,,,,,,,,,,,,,,,,,,,,,,,24293.572,,,,,,,,,,,,,,,,,,,,,,,,
IEO OECD - Europe (EIA),2005,,,,,,,,,,,,,,,,,,,,,,,,,,,,0.407,98.965,,,,,,,,,,,,,,,,,,,,,,,,,,,,,,,,,,,,,,,,,,,,,,,,,,,,,,,,,,,,,,,,,,,,,,,,,,24392.537,,,,,,,,,,,,,,,,,,,,,,,,
IEO OECD - Europe (EIA),2006,,,,,,,,,,,,,,,,,,,,,,,,,,,,0.612,149.363,,,,,,,,,,,,,,,,,,,,,,,,,,,,,,,,,,,,,,,,,,,,,,,,,,,,,,,,,,,,,,,,,,,,,,,,,,24541.9,,,,,,,,,,,,,,,,,,,,,,,,
IEO OECD - Europe (EIA),2007,,,,,,,,,,,,,,,,,,,,,,,,,,,,-0.574,-140.951,,,,,,,,,,,,,,,,,,,,,,,,,,,,,,,,,,,,,,,,,,,,,,,,,,,,,,,,,,,,,,,,,,,,,,,,,,24400.949,,,,,,,,,,,,,,,,,,,,,,,,
IEO OECD - Europe (EIA),2008,,,,,,,,,,,,,,,,,,,,,,,,,,,,-0.214,-52.166,,,,,,,,,,,,,,,,,,,,,,,,,,,,,,,,,,,,,,,,,,,,,,,,,,,,,,,,,,,,,,,,,,,,,,,,,,24348.783,,,,,,,,,,,,,,,,,,,,,,,,
IEO OECD - Europe (EIA),2009,,,,,,,,,,,,,,,,,,,,,,,,,,,,-5.247,-1277.549,,,,,,,,,,,,,,,,,,,,,,,,,,,,,,,,,,,,,,,,,,,,,,,,,,,,,,,,,,,,,,,,,,,,,,,,,,23071.234,,,,,,,,,,,,,,,,,,,,,,,,
IEO OECD - Europe (EIA),2010,,,,,,,,,,,,,,,,,,,,,,,,,,,,3.871,893.09,,,,,,,,,,,,,,,,,,,,,,,,,,,,,,,,,,,,,,,,,,,,,,,,,,,,,,,,,,,,,,,,,,,,,,,,,,23964.324,,,,,,,,,,,,,,,,,,,,,,,,
IEO OECD - Europe (EIA),2011,,,,,,,,,,,,,,,,,,,,,,,,,,,,-2.991,-716.891,,,,,,,,,,,,,,,,,,,,,,,,,,,,,,,,,,,,,,,,,,,,,,,,,,,,,,,,,,,,,,,,,,,,,,,,,,23247.434,,,,,,,,,,,,,,,,,,,,,,,,
IEO OECD - Europe (EIA),2012,,,,,,,,,,,,,,,,,,,,,,,,,,,,-0.125,-29.072,,,,,,,,,,,,,,,,,,,,,,,,,,,,,,,,,,,,,,,,,,,,,,,,,,,,,,,,,,,,,,,,,,,,,,,,,,23218.361,,,,,,,,,,,,,,,,,,,,,,,,
IEO OECD - Europe (EIA),2013,,,,,,,,,,,,,,,,,,,,,,,,,,,,-0.359,-83.295,,,,,,,,,,,,,,,,,,,,,,,,,,,,,,,,,,,,,,,,,,,,,,,,,,,,,,,,,,,,,,,,,,,,,,,,,,23135.066,,,,,,,,,,,,,,,,,,,,,,,,
IEO OECD - Europe (EIA),2014,,,,,,,,,,,,,,,,,,,,,,,,,,,,-2.798,-647.375,,,,,,,,,,,,,,,,,,,,,,,,,,,,,,,,,,,,,,,,,,,,,,,,,,,,,,,,,,,,,,,,,,,,,,,,,,22487.691,,,,,,,,,,,,,,,,,,,,,,,,
IEO OECD - Europe (EIA),2015,,,,,,,,,,,,,,,,,,,,,,,,,,,,1.54,346.367,,,,,,,,,,,,,,,,,,,,,,,,,,,,,,,,,,,,,,,,,,,,,,,,,,,,,,,,,,,,,,,,,,,,,,,,,,22834.059,,,,,,,,,,,,,,,,,,,,,,,,
IEO OECD - Europe (EIA),2016,,,,,,,,,,,,,,,,,,,,,,,,,,,,0.899,205.354,,,,,,,,,,,,,,,,,,,,,,,,,,,,,,,,,,,,,,,,,,,,,,,,,,,,,,,,,,,,,,,,,,,,,,,,,,23039.412,,,,,,,,,,,,,,,,,,,,,,,,
IEO OECD - Europe (EIA),2017,,,,,,,,,,,,,,,,,,,,,,,,,,,,2.104,484.822,,,,,,,,,,,,,,,,,,,,,,,,,,,,,,,,,,,,,,,,,,,,,,,,,,,,,,,,,,,,,,,,,,,,,,,,,,23524.234,,,,,,,,,,,,,,,,,,,,,,,,
IEO OECD - Europe (EIA),2018,,,,,,,,,,,,,,,,,,,,,,,,,,,,-0.625,-146.91,,,,,,,,,,,,,,,,,,,,,,,,,,,,,,,,,,,,,,,,,,,,,,,,,,,,,,,,,,,,,,,,,,,,,,,,,,23377.324,,,,,,,,,,,,,,,,,,,,,,,,
IEO OECD - Europe (EIA),2019,,,,,,,,,,,,,,,,,,,,,,,,,,,,-1.695,-396.334,,,,,,,,,,,,,,,,,,,,,,,,,,,,,,,,,,,,,,,,,,,,,,,,,,,,,,,,,,,,,,,,,,,,,,,,,,22980.99,,,,,,,,,,,,,,,,,,,,,,,,
IEO OECD - Europe (EIA),2020,,,,,,,,,,,,,,,,,,,,,,,,,,,,-7.583,-1742.607,,,,,,,,,,,,,,,,,,,,,,,,,,,,,,,,,,,,,,,,,,,,,,,,,,,,,,,,,,,,,,,,,,,,,,,,,,21238.383,,,,,,,,,,,,,,,,,,,,,,,,
IEO OECD - Europe (EIA),2021,,,,,,,,,,,,,,,,,,,,,,,,,,,,4.407,935.971,,,,,,,,,,,,,,,,,,,,,,,,,,,,,,,,,,,,,,,,,,,,,,,,,,,,,,,,,,,,,,,,,,,,,,,,,,22174.354,,,,,,,,,,,,,,,,,,,,,,,,
Iceland,1965,ISL,192322.0,2711260672.0,,,,,,,,,,,,395.279,0.076,,,,,,,,,,,,,,39428.82,2.797,,,,,,,,,,,,,,,,,,,,,,,,1.895,3331.392,0.641,9850.891,,,,,1.895,0.0,0.0,9850.891,,,,,,,0.0,0.0,0.0,0.0,,,,,5.612,,,29182.65,,,,,,,,,,,,,,,,,,,7.583,,,1.895,,,9850.891,,,,,,,,,,,,,,,,,,
Iceland,1966,ISL,195540.0,2945495296.0,,,,,,,,,,-26.367,-0.02,286.267,0.056,,,,,,,,,,,,4.866,0.369,40666.879,2.7,,,,,,,,,,,,,,,,,,,,,,-2.622,-0.05,1.845,3190.651,0.624,9434.722,,,-2.622,-0.05,1.845,0.0,0.0,9434.722,,,,,,0.0,0.0,0.0,0.0,0.0,,,7.816,0.439,6.051,,,30945.889,,,,,,,,,,,,,,,,,,,7.952,-2.622,-0.05,1.845,,,9434.722,,,,,,,,,,,,,,,,,,
Iceland,1967,ISL,198733.0,2909014016.0,,,,,,,,,,-23.144,-0.013,216.478,0.043,,,,,,,,,,,,-0.912,-0.073,39648.586,2.709,,,,,,,,,,,,,,,,,,,,,,6.507,0.12,1.965,3343.682,0.664,9887.232,,,6.507,0.12,1.965,0.0,0.0,9887.232,,,,,,0.0,0.0,0.0,0.0,0.0,,,-2.968,-0.18,5.872,,,29544.877,,,,,,,,,,,,,,,,,,,7.879,6.507,0.12,1.965,,,9887.232,,,,,,,,,,,,,,,,,,
Iceland,1968,ISL,201483.0,2746591744.0,,,,,,,,,,-21.022,-0.009,168.636,0.034,,,,,,,,,,,,5.774,0.455,41365.504,3.034,,,,,,,,,,,,,,,,,,,,,,3.371,0.066,2.031,3409.221,0.687,10081.028,,,3.371,0.066,2.031,0.0,0.0,10081.028,,,,,,0.0,0.0,0.0,0.0,0.0,,,6.775,0.398,6.269,,,31115.842,,,,,,,0.0,0.0,,,,0.0,,0.0,,,,,8.334,3.371,0.066,2.031,,,10081.028,,,,,,,,,,,,,,,,,,
Iceland,1969,ISL,203348.0,2816529664.0,,,,,,,,,,-29.497,-0.01,117.804,0.024,,,,,,,,,,,,-0.147,-0.012,40925.727,2.955,,,,,,,,,,,,,,,,,,,,,,25.215,0.512,2.543,4229.695,0.86,12507.162,,,25.492,0.518,2.549,0.0,0.0,12533.729,,,,,,0.0,0.0,0.0,0.0,0.0,,,-8.291,-0.52,5.75,,,28274.191,,,,,,,0.005,0.002,,,0.005,9.363,,26.568,,,,,8.322,25.492,0.518,2.549,,,12533.729,,,,,,,,,,,,,,,,,,
Iceland,1970,ISL,204483.0,3026862336.0,,,,,,,,,,-33.163,-0.008,78.299,0.016,,,,,,,,,,,,21.409,1.782,49411.852,3.338,,,,,,,,,,,,,,,,,,,,,,64.272,1.635,4.178,6909.621,1.413,20431.676,,,65.311,1.664,4.212,0.0,0.0,20599.457,,,,,,0.0,0.0,0.0,0.0,0.0,,,2.194,0.126,5.876,,,28734.098,,,,,,,0.034,0.012,,535.031,0.029,59.13,,167.781,,,,,10.104,65.311,1.664,4.212,,,20599.457,,,,,,,,,,,,,,,,,,
Iceland,1971,ISL,206184.0,3422363648.0,,,,,,,,,,-31.298,-0.005,53.349,0.011,,,,,,,,,,,,8.844,0.894,53337.906,3.213,,,,,,,,,,,,,,,,,,,,,,8.967,0.375,4.553,7467.117,1.54,22080.182,,,8.887,0.374,4.587,0.0,0.0,22245.781,,,,,,0.0,0.0,0.0,0.0,0.0,,,8.919,0.524,6.4,,,31038.777,,,,,,,0.034,0.012,,-0.48,-0.0,58.36,,165.599,,,,,10.997,8.887,0.374,4.587,,,22245.781,,,,,,,,,,,,,,,,,,
Iceland,1972,ISL,209199.0,3634269696.0,,,,,,,,,,-27.778,-0.003,37.975,0.008,,,,,,,,,,,,8.761,0.963,57174.805,3.291,,,,,,,,,,,,,,,,,,,,,,10.587,0.482,5.035,8138.663,1.703,24065.936,,,11.126,0.509,5.096,0.0,0.0,24359.781,,,,,,0.0,0.0,0.0,0.0,0.0,,,7.144,0.457,6.857,,,32777.047,,,,,,,0.061,0.022,,80.038,0.027,103.557,,293.844,,,,,11.961,11.126,0.509,5.096,,,24359.781,,,,,,,,,,,,,,,,,,
Iceland,1973,ISL,212377.0,3881376768.0,,,,,,,,,,-36.923,-0.003,23.595,0.005,,,,,,,,,,,,20.916,2.502,68098.695,3.726,,,,,,,,,,,,,,,,,,,,,,28.098,1.415,6.449,10269.474,2.181,30366.723,,,27.892,1.422,6.518,0.0,0.0,30690.053,,,,,,0.0,0.0,0.0,0.0,0.0,,,15.791,1.083,7.94,,,37385.047,,,,,,,0.069,0.024,,11.706,0.007,113.948,,323.33,,,,,14.463,27.892,1.422,6.518,,,30690.053,,,,,,,,,,,,,,,,,,
Iceland,1974,ISL,215291.0,4102783488.0,,,,,,,,,,-19.513,-0.001,18.734,0.004,,,,,,,,,,,,-2.453,-0.355,65529.219,3.439,,,,,,,,,,,,,,,,,,,,,,3.54,0.228,6.677,10489.058,2.258,31016.035,,,2.664,0.176,6.694,0.0,0.0,31091.83,,,,,,0.0,0.0,0.0,0.0,0.0,,,-6.671,-0.53,7.41,,,34418.656,,,,,,,0.016,0.006,,-76.236,-0.052,26.713,,75.798,,,,,14.108,2.664,0.176,6.694,,,31091.83,,,,,,,,,,,,,,,,,,
Iceland,1975,ISL,218080.0,4128417024.0,,,,,,,,,,-32.891,-0.001,12.411,0.003,,,,,,,,,,,,-4.046,-0.571,62074.066,3.279,,,,,,,,,,,,,,,,,,,,,,-2.329,-0.156,6.522,10113.72,2.206,29906.16,,,-1.767,-0.12,6.574,0.0,0.0,30144.881,,,,,,0.0,0.0,0.0,0.0,0.0,,,-6.068,-0.45,6.96,,,31916.773,,,,,,,0.052,0.018,,219.023,0.036,84.13,,238.72,,,,,13.537,-1.767,-0.12,6.574,,,30144.881,,,,,,,,,,,,,,,,,,
Iceland,1976,ISL,220256.0,4375583744.0,,,,,,,,,,1.724,0.0,12.501,0.003,,,,,,,,,,,,3.399,0.46,63549.793,3.199,,,,,,,,,,,,,,,,,,,,,,6.524,0.426,6.947,10667.133,2.349,31542.596,,,6.5,0.427,7.001,0.0,0.0,31787.523,,,,,,0.0,0.0,0.0,0.0,0.0,,,0.469,0.033,6.993,,,31749.771,,,,,,,0.054,0.019,,3.625,0.002,86.318,,244.928,,,,,13.997,6.5,0.427,7.001,,,31787.523,,,,,,,,,,,,,,,,,,
Iceland,1977,ISL,221898.0,4761430528.0,,,,,,,,,,-8.898,-0.0,11.304,0.003,,,,,,,,,,,,5.826,0.815,66754.273,3.111,,,,,,,,,,,,,,,,,,,,,,7.244,0.503,7.451,11355.217,2.52,33577.258,,,7.064,0.495,7.496,0.0,0.0,33783.469,,,,,,0.0,0.0,0.0,0.0,0.0,,,4.584,0.321,7.314,,,32959.504,,,,,,,0.046,0.016,,-15.18,-0.008,72.673,,206.211,,,,,14.813,7.064,0.495,7.496,,,33783.469,,,,,,,,,,,,,,,,,,
Iceland,1978,ISL,223646.0,5048370688.0,,,,,,,,,,-15.349,-0.0,9.494,0.002,,,,,,,,,,,,4.394,0.651,69143.055,3.063,,,,,,,,,,,,,,,,,,,,,,3.385,0.252,7.703,11647.872,2.605,34442.633,,,3.449,0.258,7.755,0.0,0.0,34674.625,,,,,,0.0,0.0,0.0,0.0,0.0,,,5.373,0.393,7.707,,,34458.941,,,,,,,0.052,0.018,,13.388,0.006,81.759,,231.991,,,,,15.464,3.449,0.258,7.755,,,34674.625,,,,,,,,,,,,,,,,,,
Iceland,1979,ISL,225864.0,5292233728.0,,,,,,,,,,8534.066,0.181,811.683,0.183,,,,,,,,,,,,4.32,0.668,71421.812,3.048,,,,,,,,,,,,,,,,,,,,,,8.219,0.633,8.336,12481.404,2.819,36907.379,,,9.204,0.711,8.466,0.0,0.0,37480.625,,,,,,0.0,0.0,0.0,0.0,0.0,,,-2.905,-0.224,7.483,,,33129.508,,,,,,,0.129,0.046,,149.549,0.078,202.024,,573.247,,,,,16.132,9.204,0.711,8.466,,,37480.625,,,,,,,,,,,,,,,,,,
Iceland,1980,ISL,228276.0,5596333056.0,,,,,,,,,,33.333,0.061,1070.809,0.244,,,,,0.0,0.0,,,,,,1.426,0.23,71674.758,2.924,,,,,,,,,,,,,,,,,0.0,0.0,,,,8.304,0.692,9.028,13375.038,3.053,39549.84,,,8.138,0.69,9.155,0.0,0.0,40105.121,,,,,,0.0,0.0,0.0,0.0,0.0,,,-6.957,-0.521,6.962,,,30498.83,,,0.0,0.0,,,0.127,0.045,,-2.099,-0.003,195.693,,555.282,,,,,16.362,8.138,0.69,9.155,,,40105.121,,,,,,,,,,,,,,,,,,
Iceland,1981,ISL,230891.0,5835622912.0,,,,,,,,,,70.0,0.171,1799.758,0.416,,,,0.0,0.0,0.0,,,,,,1.952,0.319,72246.367,2.858,,,,,,,,,,,,,,,,0.0,0.0,0.0,,,,1.025,0.093,9.121,13359.117,3.085,39502.762,,,3.543,0.315,9.47,0.0,0.0,41015.996,,,,,,0.0,0.0,0.0,0.0,0.0,,,-2.397,-0.167,6.795,,,29430.613,,0.0,0.0,0.0,,,0.349,0.123,,175.638,0.223,533.295,,1513.232,,,,,16.681,3.543,0.315,9.47,,,41015.996,,,,,,,,,,,,,,,,,,
Iceland,1982,ISL,234003.0,5961541632.0,,,,,,,,,,-6.733,-0.028,1656.252,0.388,,,,0.0,0.0,0.0,,,,,,2.652,0.442,73176.008,2.872,,,,,,,,,,,,,,,,0.0,0.0,0.0,,,,10.459,0.954,10.075,14560.069,3.407,43053.969,,,11.174,1.056,10.526,0.0,0.0,44981.613,,,,,,0.0,0.0,0.0,0.0,0.0,,,-8.613,-0.585,6.21,,,26538.145,,0.0,0.0,0.0,,,0.451,0.159,,29.103,0.102,679.342,,1927.643,,,,,17.123,11.174,1.056,10.526,,,44981.613,,,,,,,,,,,,,,,,,,
Iceland,1983,ISL,237139.0,5832393728.0,,,,,,,,,,42.928,0.166,2335.946,0.554,,,,0.0,0.0,0.0,,,,,,3.276,0.561,74573.523,3.032,,,,,,,,,,,,,,,,0.0,0.0,0.0,,,,5.307,0.535,10.609,15129.944,3.588,44739.086,,,5.427,0.571,11.097,0.0,0.0,46793.746,,,,,,0.0,0.0,0.0,0.0,0.0,,,-2.839,-0.176,6.034,,,25443.824,,0.0,0.0,0.0,,,0.487,0.172,,8.018,0.036,724.107,,2054.665,,,,,17.684,5.427,0.571,11.097,,,46793.746,,,,,,,,,,,,,,,,,,
Iceland,1984,ISL,239680.0,6072950784.0,,,,,,,,,,38.207,0.212,3194.226,0.766,,,,0.0,0.0,0.0,,,,,,5.212,0.922,77628.273,3.064,,,,,,,,,,,,,,,,0.0,0.0,0.0,,,,4.181,0.444,11.053,15595.377,3.738,46115.363,,,4.03,0.448,11.544,0.0,0.0,48166.227,,,,,,0.0,0.0,0.0,0.0,0.0,,,4.345,0.262,6.296,,,26267.812,,0.0,0.0,0.0,,,0.492,0.173,,0.885,0.004,722.768,,2050.864,,,,,18.606,4.03,0.448,11.544,,,48166.227,,,,,,,,,,,,,,,,,,
Iceland,1985,ISL,241589.0,6274063872.0,,,,,,,,,,6.914,0.053,3388.101,0.819,,,,0.0,0.0,0.0,,,,3.837,20.844,-1.053,-0.196,76204.242,2.934,,,,,,,,,,,,,,,,0.0,0.0,0.0,,,,-2.006,-0.222,10.831,15161.7,3.663,44832.984,95.452,,-1.969,-0.227,11.317,0.0,0.0,46844.152,0.0,,,,,0.0,0.0,0.0,0.0,0.0,0.0,,-0.339,-0.021,6.275,,,25971.992,,0.0,0.0,0.0,,,0.486,0.171,,-1.155,-0.006,708.778,,2011.168,4.462,,,15884.043,18.41,-1.969,-0.227,11.317,,,46844.152,,,,,,,,,,,,,,,,,,
Iceland,1986,ISL,243367.0,6667649536.0,,,,,,,,,,12.639,0.103,3788.45,0.922,,,,0.0,0.0,0.0,,,,4.058,21.08,4.559,0.839,79096.305,2.887,,,,,,,,,,,,,,,,0.0,0.0,0.0,,,,4.884,0.529,11.36,15786.035,3.842,46679.133,94.676,,5.738,0.646,11.963,0.0,0.0,49154.883,0.0,,,,,0.0,0.0,0.0,0.0,0.0,0.0,,1.438,0.09,6.365,,,26152.969,,0.0,0.0,0.0,,,0.603,0.212,,24.006,0.117,872.505,,2475.746,5.233,,,16673.754,19.249,5.738,0.646,11.963,,,49154.883,,,,,,,,,,,,,,,,,,
Iceland,1987,ISL,246041.0,7236537344.0,,,,,,,,,,-20.239,-0.187,2988.867,0.735,,,,0.0,0.0,0.0,,,,4.152,20.91,3.153,0.607,80703.617,2.744,,,,,,,,,,,,,,,,0.0,0.0,0.0,,,,1.879,0.213,11.574,15907.918,3.914,47039.543,94.267,,2.319,0.275,12.238,0.0,0.0,49739.762,0.0,,,,,0.0,0.0,0.0,0.0,0.0,0.0,,8.142,0.518,6.883,,,27974.986,,0.0,0.0,0.0,,,0.664,0.234,,10.265,0.062,951.614,,2700.219,5.639,,,16875.369,19.856,2.319,0.275,12.238,,,49739.762,,,,,,,,,,,,,,,,,,
Iceland,1988,ISL,249920.0,7230172672.0,,,,,,,,,,0.838,0.006,2967.125,0.742,,,,0.0,0.0,0.0,,,,4.416,21.082,5.491,1.09,83813.891,2.897,,,,,,,,,,,,,,,,0.0,0.0,0.0,,,,6.387,0.739,12.313,16661.332,4.164,49267.375,94.295,,6.303,0.772,13.01,0.0,0.0,52055.934,0.0,,,,,0.0,0.0,0.0,0.0,0.0,0.0,,4.539,0.312,7.195,,,28790.836,,0.0,0.0,0.0,,,0.697,0.246,,4.9,0.033,982.746,,2788.558,5.562,,,17669.436,20.947,6.303,0.772,13.01,,,52055.934,,,,,,,,,,,,,,,,,,
Iceland,1989,ISL,253054.0,7241678336.0,,,,,,,,,,6.83,0.051,3130.525,0.792,,,,0.0,0.0,0.0,,,,4.475,20.644,3.491,0.731,85665.969,2.994,,,,,,,,,,,,,,,,0.0,0.0,0.0,,,,1.182,0.145,12.458,16649.412,4.213,49232.125,94.145,,1.386,0.179,13.189,0.0,0.0,52119.582,0.0,,,,,0.0,0.0,0.0,0.0,0.0,0.0,,6.969,0.501,7.697,,,30415.854,,0.0,0.0,0.0,,,0.731,0.258,,4.845,0.034,1017.601,,2887.458,5.754,,,17684.865,21.678,1.386,0.179,13.189,,,52119.582,,,,,,,,,,,,,,,,,,
Iceland,1990,ISL,255026.0,7325718528.0,,,,,0.0,0.0,0.0,,,-4.612,-0.037,2963.055,0.756,0.0,0.0,,0.0,0.0,0.0,0.0,,4.51,4.51,20.795,0.046,0.01,85042.648,2.961,,,39.212,0.01,,,0.222,,,,,0.0,0.0,,,0.0,0.0,0.0,0.0,,,-1.412,-0.176,12.282,16468.908,4.2,48161.543,93.126,,-0.763,-0.104,13.085,17645.258,4.5,51309.305,99.778,,0.0,0.0,,0.0,0.0,0.0,0.0,0.0,0.0,,1.954,0.15,7.847,39.212,0.01,30770.275,,0.0,0.0,0.0,0.222,,0.803,0.3,0.3,9.865,0.072,1176.351,1176.351,3147.763,6.652,6.652,,17684.473,21.688,-0.763,-0.104,13.085,17645.258,4.5,51309.305,99.778,,,,0.0,0.0,0.0,0.0,0.0,,,,0.0,0.0,0.0,0.0,0.0,
Iceland,1991,ISL,257995.0,7281773056.0,,,,,0.0,0.0,0.0,,,3.159,0.024,3021.485,0.78,0.0,0.0,,0.0,0.0,0.0,0.0,,4.49,4.49,21.192,-2.307,-0.5,82124.383,2.91,,,38.76,0.01,,,0.223,,,,,0.0,0.0,,,0.0,0.0,0.0,0.0,,,0.0,0.0,12.282,16279.384,4.2,47607.301,93.541,,-0.358,-0.045,13.04,17364.678,4.48,50544.133,99.777,,0.0,0.0,,0.0,0.0,0.0,0.0,0.0,0.0,,-6.107,-0.479,7.368,38.76,0.01,28558.758,,0.0,0.0,0.0,0.223,,0.758,0.28,0.28,-5.615,-0.045,1085.292,1085.292,2936.83,6.236,6.236,,17403.438,21.188,-0.358,-0.045,13.04,17364.678,4.48,50544.133,99.777,,,0.0,0.0,0.0,0.0,0.0,0.0,,,0.0,0.0,0.0,0.0,0.0,0.0,
Iceland,1992,ISL,261275.0,7008859648.0,,,,,0.0,0.0,0.0,,,-21.225,-0.165,2350.29,0.614,0.0,0.0,,0.0,0.0,0.0,0.0,,4.55,4.55,20.744,3.523,0.746,83950.5,3.129,,,38.274,0.01,,,0.22,,,,,0.0,0.0,,,0.0,0.0,0.0,0.0,,,3.626,0.445,12.728,16496.029,4.31,48714.047,94.725,,2.564,0.34,13.38,17376.326,4.54,51209.395,99.78,,0.0,0.0,,0.0,0.0,0.0,0.0,0.0,0.0,,7.768,0.572,7.94,38.274,0.01,30390.818,,0.0,0.0,0.0,0.22,,0.652,0.23,0.23,-13.952,-0.106,880.299,880.299,2495.352,5.055,5.055,,17414.602,21.934,2.564,0.34,13.38,17376.326,4.54,51209.395,99.78,,,0.0,0.0,0.0,0.0,0.0,0.0,,,0.0,0.0,0.0,0.0,0.0,0.0,
Iceland,1993,ISL,263942.0,7073786368.0,,,,,0.0,0.0,0.0,,,3.297,0.02,2403.255,0.634,0.0,0.0,,0.0,0.0,0.0,0.0,,4.73,4.73,20.759,3.881,0.851,86327.312,3.221,,,0.0,0.0,,,0.0,,,,,0.0,0.0,,,0.0,0.0,0.0,0.0,,,3.641,0.463,13.191,16935.537,4.47,49977.355,94.503,,3.996,0.533,13.913,17920.602,4.73,52710.91,100.0,,0.0,0.0,,0.0,0.0,0.0,0.0,0.0,0.0,,3.754,0.298,8.238,0.0,0.0,31213.146,,0.0,0.0,0.0,0.0,,0.722,0.26,0.26,10.664,0.07,985.065,985.065,2733.557,5.497,5.497,,17920.604,22.785,3.996,0.533,13.913,17920.602,4.73,52710.91,100.0,,,0.0,0.0,0.0,0.0,0.0,0.0,,,0.0,0.0,0.0,0.0,0.0,0.0,
Iceland,1994,ISL,266230.0,7301300736.0,,,,,0.0,0.0,0.0,,,-1.203,-0.008,2353.935,0.627,0.0,0.0,,0.0,0.0,0.0,0.0,,4.77,4.77,20.703,1.117,0.255,86541.711,3.156,,,0.0,0.0,,,0.0,,,,,0.0,0.0,,,0.0,0.0,0.0,0.0,,,1.083,0.143,13.334,16940.24,4.51,50084.277,94.549,,1.111,0.154,14.067,17916.84,4.77,52837.965,100.0,,0.0,0.0,,0.0,0.0,0.0,0.0,0.0,0.0,,1.308,0.108,8.346,0.0,0.0,31349.807,,0.0,0.0,0.0,0.0,,0.733,0.26,0.26,1.61,0.012,976.599,976.599,2753.688,5.451,5.451,,17916.838,23.04,1.111,0.154,14.067,17916.84,4.77,52837.965,100.0,,,0.0,0.0,0.0,0.0,0.0,0.0,,,0.0,0.0,0.0,0.0,0.0,0.0,
Iceland,1995,ISL,267689.0,7281669120.0,,,,,0.0,0.0,0.0,,,17.629,0.11,2753.823,0.737,0.0,0.0,,0.0,0.0,0.0,0.0,,4.98,4.98,20.94,3.221,0.742,88842.273,3.266,,,37.357,0.01,,,0.201,,,,,0.0,0.0,,,0.0,0.0,0.0,0.0,,,3.723,0.496,13.83,17482.975,4.68,51665.891,93.976,,4.147,0.581,14.648,18566.32,4.97,54720.578,99.799,,0.0,0.0,,0.0,0.0,0.0,0.0,0.0,0.0,,0.606,0.051,8.397,37.357,0.01,31367.869,,0.0,0.0,0.0,0.201,,0.818,0.29,0.29,11.539,0.085,1083.347,1083.347,3054.688,5.823,5.823,,18603.68,23.782,4.147,0.581,14.648,18566.32,4.97,54720.578,99.799,,,0.0,0.0,0.0,0.0,0.0,0.0,,,0.0,0.0,0.0,0.0,0.0,0.0,
Iceland,1996,ISL,269140.0,7601171456.0,,,,,0.0,0.0,0.0,,,-0.944,-0.007,2713.116,0.73,0.0,0.0,,0.0,0.0,0.0,0.0,,5.12,5.12,20.343,5.827,1.386,93512.523,3.311,,,0.0,0.0,,,0.0,,,,,0.0,0.0,,,0.0,0.0,0.0,0.0,,,1.82,0.252,14.082,17723.117,4.77,52322.625,93.164,,2.821,0.408,15.056,19023.557,5.12,55940.254,100.0,,0.0,0.0,,0.0,0.0,0.0,0.0,0.0,0.0,,11.733,0.985,9.382,0.0,0.0,34859.16,,0.0,0.0,0.0,0.0,,0.974,0.35,0.35,19.071,0.156,1300.438,1300.438,3617.629,6.836,6.836,,19023.557,25.168,2.821,0.408,15.056,19023.557,5.12,55940.254,100.0,,,0.0,0.0,0.0,0.0,0.0,0.0,,,0.0,0.0,0.0,0.0,0.0,0.0,
Iceland,1997,ISL,271363.0,8113932288.0,,,,,0.0,0.0,0.0,,,3.719,0.027,2790.978,0.757,0.0,0.0,,0.0,0.0,0.0,0.0,,5.59,5.59,21.172,4.908,1.235,97298.727,3.254,,,0.0,0.0,,,0.0,,,,,0.0,0.0,,,0.0,0.0,0.0,0.0,,,9.218,1.298,15.38,19199.375,5.21,56677.594,93.202,,9.185,1.383,16.439,20599.713,5.59,60578.637,100.0,,0.0,0.0,,0.0,0.0,0.0,0.0,0.0,0.0,,-1.864,-0.175,9.207,0.0,0.0,33929.113,,0.0,0.0,0.0,0.0,,1.059,0.38,0.38,8.725,0.085,1400.338,1400.338,3901.043,6.798,6.798,,20599.713,26.403,9.185,1.383,16.439,20599.713,5.59,60578.637,100.0,,,0.0,0.0,0.0,0.0,0.0,0.0,,,0.0,0.0,0.0,0.0,0.0,0.0,
Iceland,1998,ISL,274292.0,8613685248.0,,,,,0.0,0.0,0.0,,,-10.228,-0.077,2478.759,0.68,0.0,0.0,,0.0,0.0,0.0,0.0,,6.27,6.27,21.946,8.207,2.167,104159.297,3.317,,,0.0,0.0,,,0.0,,,,,0.0,0.0,,,0.0,0.0,0.0,0.0,,,7.965,1.225,16.605,20489.113,5.62,60538.398,89.633,,12.447,2.018,18.457,22858.852,6.27,67290.055,100.0,,0.0,0.0,,0.0,0.0,0.0,0.0,0.0,0.0,,2.454,0.226,9.433,0.0,0.0,34390.477,,0.0,0.0,0.0,0.0,,1.852,0.65,0.65,74.941,0.793,2369.737,2369.737,6751.662,10.367,10.367,,22858.852,28.57,12.447,2.018,18.457,22858.852,6.27,67290.055,100.0,,,0.0,0.0,0.0,0.0,0.0,0.0,,,0.0,0.0,0.0,0.0,0.0,0.0,
Iceland,1999,ISL,277634.0,8924296192.0,,,,,0.0,0.0,0.0,,,16.957,0.115,2864.173,0.795,0.0,0.0,,0.0,0.0,0.0,0.0,,7.19,7.19,22.971,9.556,2.73,112739.609,3.507,,,0.0,0.0,,,0.0,,,,,0.0,0.0,,,0.0,0.0,0.0,0.0,,,7.591,1.26,17.866,21791.281,6.05,64349.676,84.145,,14.506,2.631,21.088,25897.404,7.19,75956.641,100.0,,0.0,0.0,,0.0,0.0,0.0,0.0,0.0,0.0,,-0.17,-0.016,9.417,0.0,0.0,33918.789,,0.0,0.0,0.0,0.0,,3.222,1.14,1.14,74.007,1.371,4106.125,4106.125,11606.969,15.855,15.855,,25897.404,31.3,14.506,2.631,21.088,25897.404,7.19,75956.641,100.0,,,0.0,0.0,0.0,0.0,0.0,0.0,,,0.0,0.0,0.0,0.0,0.0,0.0,
Iceland,2000,ISL,281469.0,9306326016.0,,,,,0.0,0.0,0.0,,26.281,38.29,0.304,3906.903,1.1,0.0,0.0,,0.0,0.0,0.0,0.0,,7.61,7.61,22.901,6.164,1.929,118057.812,3.571,,,0.0,0.0,,,0.0,,,,,0.0,0.0,,,0.0,0.0,0.0,0.0,,0.2,5.108,0.913,18.778,22347.043,6.29,66715.422,82.654,,6.905,1.443,22.531,27036.727,7.61,80049.312,100.0,,0.0,0.0,,,,0.0,0.0,,0.0,,1.928,0.182,9.599,0.0,0.0,34101.602,,0.0,0.0,0.0,0.0,,3.753,1.32,1.32,16.465,0.531,4689.682,4689.682,13333.887,17.346,17.346,,27036.727,33.23,6.905,1.443,22.531,27036.727,7.61,80049.312,100.0,,,0.0,0.0,0.0,0.0,0.0,0.0,,,0.0,0.0,0.0,0.0,0.0,0.0,
Iceland,2001,ISL,285245.0,9626312704.0,,,,,0.0,0.0,0.0,,27.638,8.484,0.093,4182.257,1.193,0.0,0.0,,0.0,0.0,0.0,0.0,,7.96,7.96,23.691,1.114,0.37,117792.883,3.49,,,0.0,0.0,,,0.0,,,,,0.0,0.0,,,0.0,0.0,0.0,0.0,,0.22,3.497,0.531,19.309,22822.486,6.51,67692.305,81.784,,4.565,0.868,23.399,27905.836,7.96,82031.25,100.0,,0.0,0.0,,,,0.0,0.0,,0.0,,-6.154,-0.591,9.008,0.0,0.0,31579.377,,0.0,0.0,0.0,0.0,,4.09,1.45,1.45,9.693,0.337,5083.35,5083.35,14338.944,18.216,18.216,,27905.836,33.6,4.565,0.868,23.399,27905.836,7.96,82031.25,100.0,,,0.0,0.0,0.0,0.0,0.0,0.0,,,0.0,0.0,0.0,0.0,0.0,0.0,
Iceland,2002,ISL,287799.0,9619515392.0,,,,,0.0,0.0,0.0,,27.545,-0.389,-0.005,4129.039,1.188,0.0,0.0,,0.0,0.0,0.0,0.0,,8.35,8.35,23.918,3.903,1.312,121304.664,3.629,,,34.746,0.01,,,0.12,,,,,0.0,0.0,,,0.0,0.0,0.0,0.0,,0.23,6.057,1.037,20.346,24009.811,6.91,70696.094,82.754,,4.707,0.954,24.353,28978.559,8.34,84617.148,99.88,,0.0,0.0,,,,0.0,0.0,,0.0,,4.024,0.362,9.37,34.746,0.01,32558.469,,0.0,0.0,0.0,0.12,,4.006,1.43,1.43,-1.409,-0.084,4968.746,4968.746,13921.056,17.126,17.126,,29013.305,34.911,4.707,0.954,24.353,28978.559,8.34,84617.148,99.88,,,0.0,0.0,0.0,0.0,0.0,0.0,,,0.0,0.0,0.0,0.0,0.0,0.0,
Iceland,2003,ISL,289806.0,9816636416.0,,,0.0,0.0,0.0,0.0,0.0,,27.251,-1.823,-0.022,4025.681,1.167,0.0,0.0,,0.0,0.0,0.0,0.0,,8.44,8.44,24.055,0.501,0.175,121068.531,3.574,,,34.506,0.01,,,0.118,,,,,0.0,0.0,,,0.0,0.0,0.0,0.0,,0.23,1.602,0.193,20.54,24223.1,7.02,70873.711,83.175,,1.023,0.096,24.449,29088.426,8.43,84362.547,99.882,,0.0,0.0,,,,0.0,0.0,,0.0,,1.074,0.101,9.471,34.506,0.01,32680.311,,0.0,0.0,0.0,0.118,,3.909,1.41,1.41,-1.8,-0.097,4865.324,4865.324,13488.836,16.706,16.706,,29122.93,35.086,1.023,0.096,24.449,29088.426,8.43,84362.547,99.882,,,0.0,0.0,0.0,0.0,0.0,0.0,,,0.0,0.0,0.0,0.0,0.0,0.0,
Iceland,2004,ISL,292364.0,10571340800.0,,0.0,0.0,0.0,0.0,0.0,0.0,,28.07,4.762,0.056,4180.481,1.222,0.0,0.0,,0.0,0.0,0.0,0.0,,8.55,8.55,23.895,1.979,0.694,122384.422,3.385,,,34.204,0.01,,,0.117,,,,,0.0,0.0,,,0.0,0.0,0.0,0.0,,0.24,0.7,0.012,20.552,24147.979,7.06,70294.68,82.573,,1.5,0.203,24.652,29210.162,8.54,84318.188,99.883,,0.0,0.0,,,,0.0,0.0,,0.0,,4.604,0.436,9.907,34.204,0.01,33885.75,,0.0,0.0,0.0,0.117,,4.1,1.48,1.48,5.532,0.191,5062.183,5062.183,14023.515,17.31,17.31,,29244.367,35.781,1.5,0.203,24.652,29210.162,8.54,84318.188,99.883,,,0.0,0.0,0.0,0.0,0.0,0.0,,,0.0,0.0,0.0,0.0,0.0,0.0,
Iceland,2005,ISL,297037.0,11236789248.0,,0.0,0.0,0.0,0.0,0.0,0.0,,27.842,-4.545,-0.056,3927.681,1.167,0.0,0.0,,0.0,0.0,0.0,0.0,,8.62,8.62,24.008,0.345,0.123,120874.469,3.195,,,33.666,0.01,,,0.116,,,,,0.0,0.0,,,0.0,0.0,0.0,0.0,,0.24,-1.635,-0.464,20.088,23397.758,6.95,67626.812,80.626,,0.697,-0.004,24.648,28986.287,8.61,82979.539,99.884,,0.0,0.0,,,,0.0,0.0,,0.0,,1.843,0.183,10.09,33.666,0.01,33967.258,,0.0,0.0,0.0,0.116,,4.56,1.66,1.66,11.916,0.46,5588.529,5588.529,15352.726,19.258,19.258,,29019.955,35.904,0.697,-0.004,24.648,28986.287,8.61,82979.539,99.884,,,0.0,0.0,0.0,0.0,0.0,0.0,,,0.0,0.0,0.0,0.0,0.0,0.0,
Iceland,2006,ISL,304086.0,11753620480.0,,0.0,0.0,0.0,0.0,0.0,0.0,,28.398,2.381,0.028,3927.982,1.194,0.0,0.0,,0.0,0.0,0.0,0.0,,9.86,9.86,25.037,9.687,3.478,129510.242,3.351,,,32.885,0.01,,,0.101,,,,,0.0,0.0,,,0.0,0.0,0.0,0.0,,0.28,3.902,0.652,20.74,23743.283,7.22,68204.867,73.225,,14.379,3.281,27.929,32392.154,9.85,91846.438,99.899,,0.0,0.0,,,,0.0,0.0,,0.0,,1.676,0.169,10.259,32.885,0.01,33735.824,,0.0,0.0,0.0,0.101,,7.189,2.63,2.63,58.683,2.629,8648.869,8648.869,23641.572,26.673,26.673,,32425.037,39.382,14.379,3.281,27.929,32392.154,9.85,91846.438,99.899,,,0.0,0.0,0.0,0.0,0.0,0.0,,,0.0,0.0,0.0,0.0,0.0,0.0,
Iceland,2007,ISL,311859.0,12803464192.0,,0.0,0.0,0.0,0.0,0.0,0.0,0.0,28.595,6.977,0.083,4097.293,1.278,0.0,0.0,,0.0,0.0,0.0,0.0,2.838,11.89,11.89,26.41,14.317,5.638,144361.562,3.516,,,0.0,0.0,37098.488,11.569,0.0,25.698,,,0.0,0.0,0.0,0.0,,0.0,0.0,0.0,0.0,0.0,0.34,15.156,2.994,23.734,26646.66,8.31,76105.875,69.891,52.719,20.69,5.522,33.451,38126.203,11.89,107263.086,100.0,74.302,0.0,0.0,,,,0.0,0.0,,0.0,,0.323,0.033,10.292,0.0,0.0,33001.195,,0.0,0.0,0.0,0.0,22.86,9.717,3.58,3.58,36.012,2.528,11479.547,11479.547,31157.211,30.109,30.109,21.583,38126.203,45.02,20.69,5.522,33.451,38126.203,11.89,107263.086,100.0,74.302,,0.0,0.0,0.0,0.0,0.0,0.0,0.0,,0.0,0.0,0.0,0.0,0.0,0.0,0.0
Iceland,2008,ISL,317722.0,12948303872.0,,0.0,0.0,0.0,0.0,0.0,0.0,,27.54,-13.043,-0.167,3497.117,1.111,0.0,0.0,,0.0,0.0,0.0,0.0,,16.34,16.34,28.946,25.389,11.43,177673.469,4.36,0.0,,0.0,0.0,,,0.0,,,,,0.0,0.0,,,0.0,0.0,0.0,0.0,,0.45,48.056,11.188,34.922,38713.09,12.3,109913.102,75.275,,37.505,12.36,45.811,51428.605,16.34,144184.891,100.0,,0.0,0.0,,,,0.0,0.0,,0.0,,-7.412,-0.763,9.529,0.0,0.0,29991.457,,0.0,0.0,0.0,0.0,,10.889,4.04,4.04,12.771,1.172,12715.519,12715.519,34271.789,24.725,24.725,,51428.605,56.451,37.505,12.36,45.811,51428.605,16.34,144184.891,100.0,,,0.0,0.0,0.0,0.0,0.0,0.0,,,0.0,0.0,0.0,0.0,0.0,0.0,
Iceland,2009,ISL,318809.0,12002982912.0,,0.0,0.0,0.0,0.0,0.0,0.0,,27.528,-7.5,-0.083,3223.804,1.028,0.0,0.0,,0.0,0.0,0.0,0.0,,16.71,16.71,29.651,-0.17,-0.096,176767.391,4.695,0.0,,0.0,0.0,,,0.0,,,,,0.0,0.0,,,0.0,0.0,0.0,0.0,,0.46,-1.192,-0.629,34.293,38141.961,12.16,107564.93,72.771,,2.229,0.684,46.494,52413.824,16.71,145837.688,100.0,,0.0,0.0,,,,0.0,0.0,,0.0,,-7.305,-0.696,8.833,0.0,0.0,27705.883,,0.0,0.0,0.0,0.0,,12.202,4.55,4.55,12.758,1.313,14271.868,14271.868,38272.773,27.229,27.229,,52413.824,56.355,2.229,0.684,46.494,52413.824,16.71,145837.688,100.0,,,0.0,0.0,0.0,0.0,0.0,0.0,,,0.0,0.0,0.0,0.0,0.0,0.0,
Iceland,2010,ISL,318346.0,11531380736.0,,0.0,0.0,0.0,0.0,0.0,0.0,,27.479,5.405,0.056,3403.006,1.083,0.0,0.0,,0.0,0.0,0.0,0.0,,16.74,16.74,29.688,0.055,0.031,177121.828,4.89,0.0,,0.0,0.0,,,0.0,,,,,0.0,0.0,,,0.0,0.0,0.0,0.0,,0.46,2.547,0.658,34.95,39296.867,12.51,109787.203,74.731,,1.337,0.349,46.843,52584.293,16.74,147146.219,100.0,,0.0,0.0,,,,0.0,0.0,,0.0,,-4.23,-0.374,8.459,0.0,0.0,26572.604,,0.0,0.0,0.0,0.0,,11.893,4.23,4.23,-1.928,-0.309,13287.43,13287.43,37359.012,25.269,25.269,,52584.293,56.386,1.337,0.349,46.843,52584.293,16.74,147146.219,100.0,,,0.0,0.0,0.0,0.0,0.0,0.0,,,0.0,0.0,0.0,0.0,0.0,0.0,
Iceland,2011,ISL,319308.0,11715657728.0,,0.001,4.506,0.001,0.0,0.0,0.0,,27.893,0.0,0.0,3392.753,1.083,0.0,0.0,,0.0,0.0,0.0,0.0,,16.85,16.85,29.888,-0.015,-0.009,176561.359,4.812,0.0,,0.0,0.0,,,0.0,,,,,0.0,0.0,,,0.0,0.0,0.0,0.0,,0.47,-0.677,-0.448,34.502,38771.344,12.38,108052.562,73.472,,0.893,0.106,46.949,52770.367,16.85,147034.188,100.0,,0.0,0.0,,,,0.0,0.0,,0.0,,-1.352,-0.114,8.345,0.0,0.0,26134.418,,0.0,0.0,0.0,0.0,,12.446,4.47,4.47,5.288,0.553,13999.021,13999.021,38977.047,26.528,26.528,,52770.367,56.377,0.893,0.106,46.949,52770.367,16.85,147034.188,100.0,,,0.0,0.0,0.0,0.0,0.0,0.0,,,0.0,0.0,0.0,0.0,0.069,0.0,
Iceland,2012,ISL,320988.0,11858326528.0,25.714,0.0,5.635,0.002,0.0,0.0,0.0,,27.762,2.308,0.025,3452.881,1.108,0.0,0.0,,0.0,0.0,0.0,0.0,,17.29,17.29,30.388,0.924,0.521,177259.344,4.798,0.0,,0.0,0.0,,,0.0,,,,,0.0,0.0,,,0.0,0.0,0.0,0.0,,0.48,-1.362,-0.676,33.826,38038.805,12.21,105380.789,70.619,,1.965,0.586,47.535,53864.941,17.29,148088.922,100.0,,0.0,0.0,,,,0.0,0.0,,0.0,,-1.077,-0.09,8.255,0.0,0.0,25717.541,,0.0,0.0,0.0,0.0,,13.707,5.08,5.08,10.806,1.261,15826.137,15826.137,42702.5,29.381,29.381,,53864.941,56.898,1.965,0.586,47.535,53864.941,17.29,148088.922,100.0,,,0.0,0.0,0.0,0.0,0.0,0.0,,-100.0,-0.0,0.0,0.0,0.0,0.0,0.0,
Iceland,2013,ISL,324036.0,12381386752.0,1300.0,0.024,78.153,0.025,0.0,0.0,0.0,,28.349,15.038,0.167,3934.748,1.275,0.0,0.0,,0.0,0.0,0.0,0.0,,17.99,17.99,30.639,3.196,1.819,181204.219,4.742,0.0,,0.0,0.0,,,0.0,,,,,0.0,0.0,,,0.0,0.0,0.0,0.0,,0.51,4.266,1.231,35.057,39347.48,12.75,108187.43,70.873,,3.367,1.279,48.814,55518.523,17.99,150644.125,100.0,,0.0,0.0,,,,0.0,0.0,,0.0,,4.513,0.373,8.628,0.0,0.0,26625.348,,0.0,0.0,0.0,0.0,,13.717,5.24,5.24,0.681,0.01,16171.043,16171.043,42332.414,29.127,29.127,,55518.523,58.717,3.367,1.279,48.814,55518.523,17.99,150644.125,100.0,,,0.0,0.0,0.0,0.0,0.0,0.0,,,0.015,0.015,0.0,0.0,46.131,0.0,
Iceland,2014,ISL,327650.0,12619691008.0,87.146,0.022,144.647,0.047,0.0,0.0,0.0,,28.09,-18.083,-0.231,3187.683,1.044,0.0,0.0,,0.0,0.0,0.0,0.0,,17.8,17.8,30.36,-0.148,-0.087,178940.125,4.646,0.0,,0.0,0.0,,,0.0,,,,,0.0,0.0,,,0.0,0.0,0.0,0.0,,0.5,0.079,-0.182,34.874,38303.07,12.55,106437.539,70.506,,0.157,-0.252,48.562,54326.262,17.8,148213.734,100.0,,0.0,0.0,,,,0.0,0.0,,0.0,,4.584,0.395,9.023,0.0,0.0,27538.709,,0.0,0.0,0.0,0.0,,13.618,5.24,5.24,-0.126,-0.099,15992.675,15992.675,41562.215,29.438,29.438,,54326.262,58.63,0.157,-0.252,48.562,54326.262,17.8,148213.734,100.0,,,0.0,0.0,0.0,0.0,0.0,0.0,,52.888,0.008,0.023,30.52,0.01,69.334,0.056,
Iceland,2015,ISL,331068.0,13136775168.0,191.654,0.091,417.513,0.138,0.0,0.0,0.0,,27.493,10.638,0.111,3490.387,1.156,0.0,0.0,,0.0,0.0,0.0,0.0,,18.55,18.55,30.307,4.396,2.578,184878.391,4.659,0.0,,0.0,0.0,,,0.0,,,,,0.0,0.0,,,0.0,0.0,0.0,0.0,,0.51,7.052,2.237,37.111,40897.941,13.54,112095.484,72.992,,4.215,1.645,50.207,56030.785,18.55,151652.609,100.0,,0.0,0.0,,,,0.0,0.0,,0.0,,9.103,0.821,9.844,0.0,0.0,29735.395,,0.0,0.0,0.0,0.0,,12.929,5.0,5.0,-4.493,-0.689,15102.638,15102.638,39050.988,26.954,26.954,,56030.785,61.207,4.215,1.645,50.207,56030.785,18.55,151652.609,100.0,,,0.0,0.0,0.0,0.0,0.0,0.0,,29.916,0.007,0.029,30.205,0.01,88.616,0.054,
Iceland,2016,ISL,335677.0,14111050752.0,11.502,0.016,459.144,0.154,0.0,0.0,0.0,,27.518,16.346,0.189,4005.173,1.344,0.0,0.0,,0.0,0.0,0.0,0.0,,18.17,18.17,29.573,0.383,0.234,183038.078,4.354,0.0,,0.0,0.0,,,0.0,,,,,0.0,0.0,,,0.0,0.0,0.0,0.0,,0.5,-2.258,-1.053,36.059,38995.82,13.09,107420.578,72.042,,-1.229,-0.953,49.255,54129.414,18.17,146732.125,100.0,,0.0,0.0,,,,0.0,0.0,,0.0,,10.14,0.998,10.843,0.0,0.0,32300.779,,0.0,0.0,0.0,0.0,,13.017,5.07,5.07,1.285,0.089,15103.806,15103.806,38778.961,27.903,27.903,,54129.414,61.442,-1.229,-0.953,49.255,54129.414,18.17,146732.125,100.0,,,0.0,0.0,0.0,0.0,0.0,0.0,,-15.462,-0.005,0.025,29.791,0.01,73.448,0.055,
Iceland,2017,ISL,343641.0,14752536576.0,9.846,0.015,492.665,0.169,0.0,0.0,0.0,,27.601,-0.826,-0.011,3880.018,1.333,0.0,0.0,,,,,0.0,,18.84,18.84,29.325,4.564,2.804,186955.547,4.355,0.0,,0.0,0.0,,,0.0,,,,,0.0,0.0,,,,,,0.0,,0.52,4.374,1.356,37.414,40420.09,13.89,108876.242,73.726,,3.773,1.553,50.807,54824.66,18.84,147849.656,100.0,,0.0,0.0,,,,0.0,0.0,,0.0,,11.643,1.262,12.105,0.0,0.0,35225.895,,,,,0.0,,13.202,4.94,4.94,2.019,0.185,14375.468,14375.468,38417.801,26.221,26.221,,54824.66,64.246,3.773,1.553,50.807,54824.66,18.84,147849.656,100.0,,,0.0,0.0,0.0,0.0,0.0,0.0,,-11.758,-0.003,0.022,29.1,0.01,62.938,0.053,
Iceland,2018,ISL,352951.0,15315260416.0,20.124,0.034,576.201,0.203,0.0,0.0,0.0,,28.307,0.0,0.0,3777.673,1.333,0.0,0.0,,,,,0.0,,19.43,19.43,29.236,3.445,2.213,188294.0,4.339,0.0,,0.0,0.0,,,0.0,,,,,0.0,0.0,,,,,,0.0,,0.55,-1.749,-0.869,36.545,38758.922,13.68,103540.977,70.407,,3.219,1.211,52.018,55050.137,19.43,147379.516,100.0,,0.0,0.0,,,,0.0,0.0,,0.0,,8.281,1.002,13.107,0.0,0.0,37136.828,,,,,0.0,,15.258,5.75,5.75,16.253,2.056,16291.214,16291.214,43229.629,29.593,29.593,,55050.137,66.459,3.219,1.211,52.018,55050.137,19.43,147379.516,100.0,,,0.0,0.0,0.0,0.0,0.0,0.0,,-46.314,-0.01,0.012,0.0,0.0,32.705,0.0,
Iceland,2019,ISL,360787.0,,-1.44,-0.003,555.57,0.2,0.0,0.0,0.0,,28.243,-2.083,-0.028,3618.632,1.306,0.0,0.0,,,,,0.0,,19.12,19.12,30.192,-4.71,-3.13,175527.734,,0.0,,0.0,0.0,,,0.0,,,,,0.0,0.0,,,,,,0.0,,0.54,-2.544,-1.061,35.484,36947.008,13.33,98351.797,69.718,,-1.716,-1.093,50.924,52995.262,19.12,141148.375,100.0,,0.0,0.0,,,,0.0,0.0,,0.0,,-15.33,-2.009,11.098,0.0,0.0,30760.723,,,,,0.0,,15.223,5.78,5.78,0.138,-0.035,16020.533,16020.533,42193.012,30.23,30.23,,52995.262,63.328,-1.716,-1.093,50.924,52995.262,19.12,141148.375,100.0,,,0.0,0.0,0.0,0.0,0.0,0.0,,50.566,0.006,0.017,27.717,0.01,47.996,0.052,
Iceland,2020,ISL,366682.0,,2.209,0.004,558.713,0.205,0.0,0.0,0.0,,28.222,-100.0,-1.306,0.0,0.0,0.0,0.0,,,,,0.0,,18.78,18.78,32.883,-9.815,-6.216,155754.594,,0.0,,0.0,0.0,,,0.0,,,,,0.0,0.0,,,,,,0.0,,0.53,-2.262,-0.93,34.554,35234.891,12.92,94234.273,68.797,,-1.816,-1.126,49.798,51216.039,18.78,135807.438,100.0,,0.0,0.0,,,,0.0,0.0,,0.0,,-34.094,-3.784,7.314,0.0,0.0,19947.152,,,,,0.0,,15.022,5.85,5.85,-0.956,-0.201,15953.878,15953.878,40966.75,31.15,31.15,,51216.039,57.112,-1.816,-1.126,49.798,51216.039,18.78,135807.438,100.0,,,0.0,0.0,0.0,0.0,0.0,0.0,,1.387,0.0,0.017,27.272,0.01,47.703,0.053,
Iceland,2021,ISL,370338.0,,4.717,0.01,579.291,0.215,0.0,0.0,0.0,,28.557,,0.0,0.0,0.0,0.0,0.0,,,,,0.0,,19.26,19.26,33.141,1.755,1.002,156923.656,,0.0,,0.0,0.0,,,0.0,,,,,0.0,0.0,,,,,,0.0,,0.55,4.918,1.567,36.121,36642.203,13.57,97534.172,70.457,,2.572,1.12,50.919,52006.547,19.26,137492.266,100.0,,0.0,0.0,,,,0.0,0.0,,0.0,,-1.614,-0.118,7.196,0.0,0.0,19431.391,,,,,0.0,,14.568,5.68,5.68,-2.668,-0.454,15337.341,15337.341,39335.801,29.491,29.491,,52006.547,58.115,2.572,1.12,50.919,52006.547,19.26,137492.266,100.0,,,0.0,0.0,0.0,0.0,0.0,0.0,,-8.608,-0.002,0.016,27.002,0.01,43.009,0.052,
Iceland,2022,ISL,372903.0,,9.083,0.019,627.561,0.234,,,,,,,0.0,0.0,0.0,,,,,,,,,,20.108,32.51,6.434,3.739,165870.875,,0.0,,,,,,,,,,,,,,,,,,,,,2.693,0.837,36.958,38014.523,14.176,99108.984,70.496,,2.589,1.109,52.028,53916.359,20.106,139521.328,99.986,,,,,,,,,,,,36.542,2.63,9.826,,,26349.566,,,,,,,14.821,5.924,,2.112,0.253,15886.462,,39744.688,29.461,,,53924.141,61.854,2.589,1.109,52.028,53916.359,20.106,139521.328,99.986,,,0.0,0.0,0.0,0.0,0.0,0.0,,-5.816,-0.001,0.015,15.374,0.006,40.082,0.029,
India,1900,IND,280714154.0,271697494016.0,,,,,,,,,,,,,,,,,,140.881,39.547,,,,,,,,,,,,,,,,,,,,,,,,,,0.0,0.0,,,,,,,,,,,,,,,,,,,,,,,,,,,,,,,,,,,,,,5.966,1.675,,,,,,,,,,,,,,,,,,,,,,,,,,,,,,,,,,,,,,,
India,1901,IND,281834058.0,277327806464.0,,,,,,,,,,,,,,,,8.446,3.34,152.173,42.888,,,,,,,,,,,,,,,,,,,,,,,,,0.0,0.0,0.0,,,,,,,,,,,,,,,,,,,,,,,,,,,,,,,,,,,,32.639,0.547,7.882,2.221,,,,,,,,,,,,,,,,,,,,,,,,,,,,,,,,,,,,,,,
India,1902,IND,283199773.0,300671991808.0,,,,,,,,,,,,,,,,11.897,5.102,169.456,47.99,,,,,,,,,,,,,,,,,,,,,,,,,0.0,0.0,0.0,,,,,,,,,,,,,,,,,,,,,,,,,,,,,,,,,,,,13.089,0.291,8.87,2.512,,,,,,,,,,,,,,,,,,,,,,,,,,,,,,,,,,,,,,,
India,1903,IND,284812956.0,304764387328.0,,,,,,,,,,,,,,,,0.172,0.083,168.787,48.073,,,,,,,,,,,,,,,,,,,,,,,,,0.0,0.0,0.0,,,,,,,,,,,,,,,,,,,,,,,,,,,,,,,,,,,,55.093,1.384,13.679,3.896,,,,,,,,,,,,,,,,,,,,,,,,,,,,,,,,,,,,,,,
India,1904,IND,286435299.0,306075009024.0,,,,,,,,,,,,,,,,10.482,5.039,185.423,53.112,,,,,,,,,,,,,,,,,,,,,,,,,0.0,0.0,0.0,,,,,,,,,,,,,,,,,,,,,,,,,,,,,,,,,,,,34.627,1.349,18.312,5.245,,,,,,,,,,,,,,,,,,,,,,,,,,,,,,,,,,,,,,,
India,1905,IND,288066854.0,300632506368.0,,,,,,,,,,,,,,,,2.456,1.304,188.9,54.416,,,,,,,,,,,,,,,,,,,,,,,,,0.0,0.0,0.0,,,,,,,,,,,,,,,,,,,,,,,,,,,,,,,,,,,,22.173,1.163,22.245,6.408,,,,,,,,,,,,,,,,,,,,,,,,,,,,,,,,,,,,,,,
India,1906,IND,289707671.0,308969701376.0,,,,,,,,,,,,,,,,16.217,8.824,218.29,63.24,,,,,,,,,,,,,,,,,,,,,,,,,0.0,0.0,0.0,,,,,,,,,,,,,,,,,,,,,,,,,,,,,,,,,,,,-2.722,-0.174,21.517,6.234,,,,,,,,,,,,,,,,,,,,,,,,,,,,,,,,,,,,,,,
India,1907,IND,291357804.0,290665103360.0,,,,,,,,,,,,,,,,13.944,8.818,247.319,72.058,,,,,,,,,,,,,,,,,,,,,,,,,0.0,0.0,0.0,,,,,,,,,,,,,,,,,,,,,,,,,,,,,,,,,,,,8.022,0.5,23.112,6.734,,,,,,,,,,,,,,,,,,,,,,,,,,,,,,,,,,,,,,,
India,1908,IND,293017306.0,294816907264.0,,,,,,,,,,,,,,,,14.559,10.491,281.722,82.549,,,,,,,,,,,,,,,,,,,,,,,,,0.0,0.0,0.0,,,,,,,,,,,,,,,,,,,,,,,,,,,,,,,,,,,,16.235,1.093,26.712,7.827,,,,,,,,,,,,,,,,,,,,,,,,,,,,,,,,,,,,,,,
India,1909,IND,294397607.0,335358001152.0,,,,,,,,,,,,,,,,-7.052,-5.821,260.627,76.728,,,,,,,,,,,,,,,,,,,,,,,,,0.0,0.0,0.0,,,,,,,,,,,,,,,,,,,,,,,,,,,,,,,,,,,,32.244,2.524,35.159,10.351,,,,,,,,,,,,,,,,,,,,,,,,,,,,,,,,,,,,,,,
India,1910,IND,295496971.0,335633088512.0,,,,,,,,,,,,,,,,1.493,1.145,263.533,77.873,,,,,,,,,,,,,,,,,,,,,,,,,0.0,0.0,0.0,,,,,,,,,,,,,,,,,,,,,,,,,,,,,,,,,,,,-8.09,-0.837,32.194,9.513,,,,,,,,,,,,,,,,,,,,,,,,,,,,,,,,,,,,,,,
India,1911,IND,296313651.0,333713113088.0,,,,,,,,,,,,,,,,5.556,4.326,277.407,82.2,,,,,,,,,,,,,,,,,,,,,,,,,0.0,0.0,0.0,,,,,,,,,,,,,,,,,,,,,,,,,,,,,,,,,,,,5.134,0.488,33.754,10.002,,,,,,,,,,,,,,,,,,,,,,,,,,,,,,,,,,,,,,,
India,1912,IND,296845891.0,333133185024.0,,,,,,,,,,,,,,,,15.65,12.864,320.247,95.064,,,,,,,,,,,,,,,,,,,,,,,,,0.0,0.0,0.0,,,,,,,,,,,,,,,,,,,,,,,,,,,,,,,,,,,,10.349,1.035,37.18,11.037,,,,,,,,,,,,,,,,,,,,,,,,,,,,,,,,,,,,,,,
India,1913,IND,297091925.0,325870092288.0,,,,,,,,,,,,,,,,10.213,9.709,352.66,104.773,,,,,,,,,,,,,,,,,,,,,,,,,0.0,0.0,0.0,,,,,,,,,,,,,,,,,,,,,,,,,,,,,,,,,,,,11.38,1.256,41.377,12.293,,,,,,,,,,,,,,,,,,,,,,,,,,,,,,,,,,,,,,,
India,1914,IND,297338132.0,343519985664.0,,,,,,,,,,,,,,,,1.579,1.654,357.932,106.427,,,,,,,,,,,,,,,,,,,,,,,,,0.0,0.0,0.0,,,,,,,,,,,,,,,,,,,,,,,,,,,,,,,,,,,,-6.623,-0.814,38.605,11.479,,,,,,,,,,,,,,,,,,,,,,,,,,,,,,,,,,,,,,,
India,1915,IND,297584511.0,334924185600.0,,,,,,,,,,,,,,,,3.886,4.135,371.532,110.562,,,,,,,,,,,,,,,,,,,,,,,,,0.0,0.0,0.0,,,,,,,,,,,,,,,,,,,,,,,,,,,,,,,,,,,,10.841,1.244,42.755,12.723,,,,,,,,,,,,,,,,,,,,,,,,,,,,,,,,,,,,,,,
India,1916,IND,297831063.0,344693997568.0,,,,,,,,,,,,,,,,0.88,0.973,374.493,111.536,,,,,,,,,,,,,,,,,,,,,,,,,0.0,0.0,0.0,,,,,,,,,,,,,,,,,,,,,,,,,,,,,,,,,,,,3.473,0.442,44.203,13.165,,,,,,,,,,,,,,,,,,,,,,,,,,,,,,,,,,,,,,,
India,1917,IND,298077789.0,338632802304.0,,,,,,,,,,,,,,,,5.556,6.197,394.972,117.732,,,,,,,,,,,,,,,,,,,,,,,,,0.0,0.0,0.0,,,,,,,,,,,,,,,,,,,,,,,,,,,,,,,,,,,,-4.859,-0.64,42.021,12.526,,,,,,,,,,,,,,,,,,,,,,,,,,,,,,,,,,,,,,,
India,1918,IND,298421342.0,295336804352.0,,,,,,,,,,,,,,,,13.78,16.224,448.882,133.956,,,,,,,,,,,,,,,,,,,,,,,,,0.0,0.0,0.0,,,,,,,,,,,,,,,,,,,,,,,,,,,,,,,,,,,,-0.929,-0.116,41.583,12.409,,,,,,,,,,,,,,,,,,,,,,,,,,,,,,,,,,,,,,,
India,1919,IND,299273541.0,335829991424.0,,,,,,,,,,,,,,,,9.195,12.317,488.761,146.273,,,,,,,,,,,,,,,,,,,,,,,,,0.0,0.0,0.0,,,,,,,,,,,,,,,,,,,,,,,,,,,,,,,,,,,,9.091,1.128,45.234,13.537,,,,,,,,,,,,,,,,,,,,,,,,,,,,,,,,,,,,,,,
India,1920,IND,300639878.0,309267202048.0,,,,,,,,,,,,,,,,-20.621,-30.163,386.21,116.11,,,,,,,,,,,,,,,,,,,,,,,,,0.0,0.0,0.0,,,,,,,,,,,,,,,,,,,,,,,,,,,,,,,,,,,,0.515,0.07,45.26,13.607,,,,,,,,,,,,,,,,,,,,,,,,,,,,,,,,,,,,,,,
India,1921,IND,302525896.0,332498599936.0,,,,,,,,,,,,,,,,7.468,8.672,412.466,124.782,,,,,,,,,,,,,,,,,,,,,,,,,0.0,0.0,0.0,,,,,,,,,,,,,,,,,,,,,,,,,,,,,,,,,,,,8.376,1.14,48.746,14.747,,,,,,,,,,,,,,,,,,,,,,,,,,,,,,,,,,,,,,,
India,1922,IND,304937193.0,346716798976.0,,,,,,,,,,,,,,,,-1.514,-1.89,403.008,122.892,,,,,,,,,,,,,,,,,,,,,,,,,0.0,0.0,0.0,,,,,,,,,,,,,,,,,,,,,,,,,,,,,,,,,,,,-2.366,-0.349,47.216,14.398,,,,,,,,,,,,,,,,,,,,,,,,,,,,,,,,,,,,,,,
India,1923,IND,307879422.0,335551987712.0,,,,,,,,,,,,,,,,3.396,4.174,412.713,127.066,,,,,,,,,,,,,,,,,,,,,,,,,0.0,0.0,0.0,,,,,,,,,,,,,,,,,,,,,,,,,,,,,,,,,,,,-1.454,-0.209,46.085,14.189,,,,,,,,,,,,,,,,,,,,,,,,,,,,,,,,,,,,,,,
India,1924,IND,310850039.0,351853707264.0,,,,,,,,,,,,,,,,7.736,9.83,440.39,136.895,,,,,,,,,,,,,,,,,,,,,,,,,0.0,0.0,0.0,,,,,,,,,,,,,,,,,,,,,,,,,,,,,,,,,,,,0.164,0.023,45.719,14.212,,,,,,,,,,,,,,,,,,,,,,,,,,,,,,,,,,,,,,,
India,1925,IND,313849318.0,356048699392.0,,,,,,,,,,,,,,,,-1.292,-1.769,430.546,135.127,,,,,,,,,,,,,,,,,,,,,,,,,0.0,0.0,0.0,,,,,,,,,,,,,,,,,,,,,,,,,,,,,,,,,,,,-1.718,-0.244,44.504,13.968,,,,,,,,,,,,,,,,,,,,,,,,,,,,,,,,,,,,,,,
India,1926,IND,316877536.0,367478407168.0,,,,,,,,,,,,,,,,0.457,0.617,428.379,135.744,,,,,,,,,,,,,,,,,,,,,,,,,0.0,0.0,0.0,,,,,,,,,,,,,,,,,,,,,,,,,,,,,,,,,,,,-8.41,-1.175,40.372,12.793,,,,,,,,,,,,,,,,,,,,,,,,,,,,,,,,,,,,,,,
India,1927,IND,319934973.0,367200010240.0,,,,,,,,,,,,,,,,5.156,6.998,446.16,142.742,,,,,,,,,,,,,,,,,,,,,,,,,0.0,0.0,0.0,,,,,,,,,,,,,,,,,,,,,,,,,,,,,,,,,,,,1.636,0.209,40.641,13.002,,,,,,,,,,,,,,,,,,,,,,,,,,,,,,,,,,,,,,,
India,1928,IND,323021910.0,370912493568.0,,,,,,,,,,,,,,,,2.09,2.984,451.133,145.726,,,,,,,,,,,,,,,,,,,,,,,,,0.0,0.0,0.0,,,,,,,,,,,,,,,,,,,,,,,,,,,,,,,,,,,,-84.615,-11.002,6.193,2.0,,,,,,,,,,,,,,,,,,,,,,,,,,,,,,,,,,,,,,,
India,1929,IND,326429031.0,386395996160.0,,,,,,,,,,,,,,,,3.886,5.662,463.771,151.388,,,,,,,,,,,,,,,,,,,,,,,,,0.0,0.0,0.0,,,,,,,,,,,,,,,,,,,,,,,,,,,,,,,,,,,,20.349,0.407,7.375,2.407,,,,,,,,,,,,,,,,,,,,,,,,,,,,,,,,,,,,,,,
India,1930,IND,330163509.0,389214797824.0,,,,,,,,,,,,,,,,1.639,2.481,466.041,153.87,,,,,,,,,,,,,,,,,,,,,,,,,0.0,0.0,0.0,,,,,,,,,,,,,,,,,,,,,,,,,,,,,,,,,,,,3.382,0.081,7.538,2.489,,,,,,,,,,,,,,,,,,,,,,,,,,,,,,,,,,,,,,,
India,1931,IND,334232641.0,386353004544.0,,,,,,,,,,,,,,,,-8.77,-13.494,419.993,140.375,,,,,,,,,,,,,,,,,,,,,,,,,0.0,0.0,0.0,,,,,,,,,,,,,,,,,,,,,,,,,,,,,,,,,,,,12.15,0.302,8.351,2.791,,,,,,,,,,,,,,,,,,,,,,,,,,,,,,,,,,,,,,,
India,1932,IND,338643856.0,390754009088.0,,,,,,,,,,,,,,,,-7.197,-10.103,384.688,130.272,,,,,,,,,,,,,,,,,,,,,,,,,0.0,0.0,0.0,,,,,,,,,,,,,,,,,,,,,,,,,,,,,,,,,,,,-0.417,-0.012,8.208,2.78,,,,,,,,,,,,,,,,,,,,,,,,,,,,,,,,,,,,,,,
India,1933,IND,343404711.0,391381188608.0,,,,,,,,,,,,,,,,-1.802,-2.348,372.518,127.925,,,,,,,,,,,,,,,,,,,,,,,,,0.0,0.0,0.0,,,,,,,,,,,,,,,,,,,,,,,,,,,,,,,,,,,,-6.276,-0.174,7.586,2.605,,,,,,,,,,,,,,,,,,,,,,,,,,,,,,,,,,,,,,,
India,1934,IND,348232496.0,395071586304.0,,,,,,,,,,,,,,,,11.459,14.658,409.448,142.583,,,,,,,,,,,,,,,,,,,,,,,,,0.0,0.0,0.0,,,,,,,,,,,,,,,,,,,,,,,,,,,,,,,,,,,,17.857,0.465,8.817,3.07,,,,,,,,,,,,,,,,,,,,,,,,,,,,,,,,,,,,,,,
India,1935,IND,353128154.0,390890389504.0,,,,,,,,,,,,,,,,4.351,6.203,421.338,148.786,,,,,,,,,,,,,,,,,,,,,,,,,0.0,0.0,0.0,,,,,,,,,,,,,,,,,,,,,,,,,,,,,,,,,,,,6.061,0.186,9.222,3.256,,,,,,,,,,,,,,,,,,,,,,,,,,,,,,,,,,,,,,,
India,1936,IND,358092638.0,406292692992.0,,,,,,,,,,,,,,,,-1.762,-2.621,408.176,146.165,,,,,,,,,,,,,,,,,,,,,,,,,0.0,0.0,0.0,,,,,,,,,,,,,,,,,,,,,,,,,,,,,,,,,,,,-5.714,-0.186,8.574,3.07,,,,,,,,,,,,,,,,,,,,,,,,,,,,,,,,,,,,,,,
India,1937,IND,363126915.0,399830188032.0,,,,,,,,,,,,,,,,10.725,15.676,445.688,161.841,,,,,,,,,,,,,,,,,,,,,,,,,0.0,0.0,0.0,,,,,,,,,,,,,,,,,,,,,,,,,,,,,,,,,,,,9.47,0.291,9.256,3.361,,,,,,,,,,,,,,,,,,,,,,,,,,,,,,,,,,,,,,,
India,1938,IND,368231967.0,400546496512.0,,,,,,,,,,,,,,,,13.209,21.377,497.562,183.218,,,,,,,,,,,,,,,,,,,,,,,,,0.0,0.0,0.0,,,,,,,,,,,,,,,,,,,,,,,,,,,,,,,,,,,,15.225,0.512,10.517,3.873,,,,,,,,,,,,,,,,,,,,,,,,,,,,,,,,,,,,,,,
India,1939,IND,371781679.0,409623592960.0,,,,,,,,,,,,,,,,-2.024,-3.709,482.835,179.509,,,,,,,,,,,,,,,,,,,,,,,,,0.0,0.0,0.0,,,,,,,,,,,,,,,,,,,,,,,,,,,,,,,,,,,,-6.607,-0.256,9.729,3.617,,,,,,,,,,,,,,,,,,,,,,,,,,,,,,,,,,,,,,,
India,1940,IND,373766276.0,422772408320.0,,,,,,,,,,,,,,,,5.83,10.466,508.272,189.975,,,,,,,,,,,,,,,,,,,,,,,,,0.0,0.0,0.0,,,,,,,,,,,,,,,,,,,,,,,,,,,,,,,,,,,,18.65,0.675,11.482,4.291,,,,,,,,,,,,,,,,,,,,,,,,,,,,,,,,,,,,,,,
India,1941,IND,374175756.0,431261712384.0,,,,,,,,,,,,,,,,0.258,0.49,509.025,190.465,,,,,,,,,,,,,,,,,,,,,,,,,0.0,0.0,0.0,,,,,,,,,,,,,,,,,,,,,,,,,,,,,,,,,,,,4.878,0.209,12.029,4.501,,,,,,,,,,,,,,,,,,,,,,,,,,,,,,,,,,,,,,,
India,1942,IND,372999886.0,428796608512.0,,,,,,,,,,,,,,,,-0.107,-0.204,510.084,190.261,,,,,,,,,,,,,,,,,,,,,,,,,0.0,0.0,0.0,,,,,,,,,,,,,,,,,,,,,,,,,,,,,,,,,,,,-3.618,-0.163,11.63,4.338,,,,,,,,,,,,,,,,,,,,,,,,,,,,,,,,,,,,,,,
India,1943,IND,370228201.0,446201692160.0,,,,,,,,,,,,,,,,-13.322,-25.347,445.44,164.914,,,,,,,,,,,,,,,,,,,,,,,,,0.0,0.0,0.0,,,,,,,,,,,,,,,,,,,,,,,,,,,,,,,,,,,,-1.877,-0.081,11.497,4.257,,,,,,,,,,,,,,,,,,,,,,,,,,,,,,,,,,,,,,,
India,1944,IND,367477113.0,441698385920.0,,,,,,,,,,,,,,,,2.411,3.976,459.595,168.891,,,,,,,,,,,,,,,,,,,,,,,,,0.0,0.0,0.0,,,,,,,,,,,,,,,,,,,,,,,,,,,,,,,,,,,,1.639,0.07,11.773,4.326,,,,,,,,,,,,,,,,,,,,,,,,,,,,,,,,,,,,,,,
India,1945,IND,364746467.0,434203197440.0,,,,,,,,,,,,,,,,11.636,19.653,516.917,188.544,,,,,,,,,,,,,,,,,,,,,,,,,0.0,0.0,0.0,,,,,,,,,,,,,,,,,,,,,,,,,,,,,,,,,,,,-15.054,-0.651,10.076,3.675,,,,,,,,,,,,,,,,,,,,,,,,,,,,,,,,,,,,,,,
India,1946,IND,362036112.0,411463188480.0,,,,,,,,,,,,,,,,-0.925,-1.743,515.971,186.8,,,,,,,,,,,,,,,,,,,,,,,,,0.0,0.0,0.0,,,,,,,,,,,,,,,,,,,,,,,,,,,,,,,,,,,,-7.278,-0.267,9.412,3.408,,,,,,,,,,,,,,,,,,,,,,,,,,,,,,,,,,,,,,,
India,1947,IND,359345897.0,340810006528.0,,,,,,,,,,,,,,,,2.67,4.988,533.715,191.788,,,,,,,,,,,,,,,,,,,,,,,,,0.0,0.0,0.0,,,,,,,,,,,,,,,,,,,,,,,,,,,,,,,,,,,,-15.017,-0.512,8.059,2.896,,,,,,,,,,,,,,,,,,,,,,,,,,,,,,,,,,,,,,,
India,1948,IND,356675672.0,344050008064.0,,,,,,,,,,,,,,,,-0.07,-0.134,537.336,191.655,,,,,,,,,,,,,,,,,,,,,,,,,0.0,0.0,0.0,,,,,,,,,,,,,,,,,,,,,,,,,,,,,,,,,,,,0.803,0.023,8.184,2.919,,,,,,,,,,,,,,,,,,,,,,,,,,,,,,,,,,,,,,,
India,1949,IND,355893489.0,353225015296.0,,,,,,,,,,,,,,,,5.215,9.995,566.601,201.65,,,,,,,,,,,,,,,,,,,,,,,,,0.0,0.0,0.0,,,,,,,,,,,,,,,,,,,,,,,,,,,,,,,,,,,,0.797,0.023,8.268,2.942,,,,,,,,,,,,,,,,,,,,,,,,,,,,,,,,,,,,,,,
India,1950,IND,357021120.0,354332999680.0,,,,,,,,,,,,,,,,3.568,7.196,584.966,208.845,,,,,,,,,,,,,,,,,,,,,,,,,0.0,0.0,0.0,,,,,,,,,,,,,,,,,,,,,,,,,,,,,,,,,,,,2.372,0.07,8.437,3.012,,,,,,,,,,,,,,,,,,,,,,,,,,,,,,,,,,,,,,,
India,1951,IND,364922368.0,362445012992.0,,,,,,,,,,,,,,,,6.477,13.526,609.366,222.371,,,,,,,,,,,,,,,,,,,,,,,,,0.0,0.0,0.0,,,,,,,,,,,,,,,,,,,,,,,,,,,,,,,,,,,,3.861,0.116,8.573,3.128,,,,,,,,,,,,,,,,,,,,,,,,,,,,,,,,,,,,,,,
India,1952,IND,372997184.0,373116010496.0,,,,,,,,,,,,,,,,5.53,12.298,629.145,234.669,,,,,,,,,,,,,,,,,,,,,,,,,0.0,0.0,0.0,,,,,,,,,,,,,,,,,,,,,,,,,,,,,,,,,,,,-2.23,-0.07,8.2,3.059,,,,,,,,,,,,,,,,,,,,,,,,,,,,,,,,,,,,,,,
India,1953,IND,381227712.0,396813008896.0,,,,,,,,,,,,,,,,-0.889,-2.087,610.089,232.583,,,,,,,,,,,,,,,,,,,,,,,,,0.0,0.0,0.0,,,,,,,,,,,,,,,,,,,,,,,,,,,,,,,,,,,,3.422,0.105,8.298,3.163,,,,,,,,,,,,,,,,,,,,,,,,,,,,,,,,,,,,,,,
India,1954,IND,389731392.0,413406003200.0,,,,,,,,,,,,,,,,2.5,5.815,611.697,238.398,,,,,,,,,,,,,,,,,,,,,,,,,0.0,0.0,0.0,,,,,,,,,,,,,,,,,,,,,,,,,,,,,,,,,,,,12.868,0.407,9.161,3.57,,,,,,,,,,,,,,,,,,,,,,,,,,,,,,,,,,,,,,,
India,1955,IND,398577984.0,423653998592.0,,,,,,,,,,,,,,,,3.651,8.703,619.957,247.101,,,,,,,,,,,,,,,,,,,,,,,,,0.0,0.0,0.0,,,,,,,,,,,,,,,,,,,,,,,,,,,,,,,,,,,,13.029,0.465,10.125,4.036,,,,,,,,,,,,,,,,,,,,,,,,,,,,,,,,,,,,,,,
India,1956,IND,407656608.0,447916998656.0,,,,,,,,,,,,,,,,3.085,7.622,624.847,254.723,,,,,,,,,,,,,,,,,,,,,,,,,0.0,0.0,0.0,,,,,,,,,,,,,,,,,,,,,,,,,,,,,,,,,,,,14.121,0.57,11.297,4.605,,,,,,,,,,,,,,,,,,,,,,,,,,,,,,,,,,,,,,,
India,1957,IND,416935392.0,443355987968.0,,,,,,,,,,,,,,,,10.408,26.511,674.527,281.234,,,,,,,,,,,,,,,,,,,,,,,,,0.0,0.0,0.0,,,,,,,,,,,,,,,,,,,,,,,,,,,,,,,,,,,,11.111,0.512,12.273,5.117,,,,,,,,,,,,,,,,,,,,,,,,,,,,,,,,,,,,,,,
India,1958,IND,426295776.0,476938010624.0,,,,,,,,,,,,,,,,4.215,11.853,687.52,293.087,,,,,,,,,,,,,,,,,,,,,,,,,0.0,0.0,0.0,,,,,,,,,,,,,,,,,,,,,,,,,,,,,,,,,,,,-0.227,-0.012,11.977,5.106,,,,,,,,,,,,,,,,,,,,,,,,,,,,,,,,,,,,,,,
India,1959,IND,435900352.0,486917996544.0,,,,,,,,,,,,,,,,3.808,11.159,697.972,304.246,,,,,,,,,,,,,,,,,,,,,,,,,0.0,0.0,0.0,,,,,,,,,,,,,,,,,,,,,,,,,,,,,,,,,,,,2.506,0.128,12.006,5.234,,,,,,,,,,,,,,,,,,,,,,,,,,,,,,,,,,,,,,,
India,1960,IND,445954560.0,520800010240.0,,,,,,,,,,,,,,,,9.979,30.36,750.316,334.607,,,,,,,,,,,,,,,,,,,,,,,,,1.616,3.623,1.616,,,,,,,,,,,,,,,,,,,,,,,,,,,,,,,,,,,,0.889,0.047,11.84,5.28,,,,,,,,,,,,,,,,,,,,,,,,,,,,,,,,,,,,,,,
India,1961,IND,456351872.0,536351997952.0,,,,,,,,,,,,,,,,6.602,22.09,781.625,356.696,,,,,,,,,,,,,,,,,,,,,,,,-23.022,-0.372,2.725,1.244,,,,,,,,,,,,,,,,,,,,,,,,,,,,,,,,,,,,12.996,0.686,13.074,5.966,,,,,,,,,,,,,,,,,,,,,,,,,,,,,,,,,,,,,,,
India,1962,IND,467024192.0,548431986688.0,,,,,,,,,,,,,,,,9.462,33.751,836.033,390.448,,,,,,,,,,,,,,,,,,,,,,,,100.0,1.244,5.326,2.487,,,,,,,,,,,,,,,,,,,,,,,,,,,,,,,,,,,,110.136,6.571,26.845,12.537,,,,,,,,,,,,,,,,,,,,,,,,,,,,,,,,,,,,,,,
India,1963,IND,477933632.0,576287997952.0,,,,,,,,,,,,,,,,7.473,29.177,877.998,419.625,,,,,,,,,,,,,,,,,,,,,,,,25.234,0.628,6.518,3.115,,,,,,,,,,,,,,,,,,,,,,,,,,,,,,,,,,,,53.247,6.676,40.2,19.213,,,,,,,,,,,,,,,,,,,,,,,,,,,,,,,,,,,,,,,
India,1964,IND,489059296.0,620466012160.0,,,,,,,,,,,,,,,,-5.331,-22.369,812.284,397.255,,,,,,,,,,,,,,,,,,,,,,,,20.149,0.628,7.653,3.743,,,,,,,,,,,,,,,,,,,,,,,,,,,,,,,,,,,,33.898,6.513,52.602,25.726,,,,,,,,,,,,,,,,,,,,,,,,,,,,,,,,,,,,,,,
India,1965,IND,500114336.0,596064993280.0,,,,,,,,,,,,826.626,413.407,,,7.562,30.042,854.4,427.298,,66.738,,,,,,1238.62,1.039,,,,,1125.293,562.775,,90.851,,,2.373,,,4.744,24.224,0.907,9.297,4.649,,0.383,,,,56.676,38.325,19.167,113.327,,9.149,,,56.676,0.0,0.0,113.327,,9.149,,,,,0.0,0.0,0.0,0.0,,0.0,,,146.995,,,293.923,36.618,9.42,70.276,35.146,,23.73,,,,,,,,,,,,,619.451,,,56.676,,,113.327,,9.149,,,,,,,,,,,0.0,0.0,0.0,0.0,,0.0
India,1966,IND,510992608.0,601424986112.0,,,,,,,,,,-0.24,-0.992,807.087,412.415,,,1.209,5.166,846.321,432.464,,64.6,,,,3.061,18.962,1249.36,1.062,2.924,16.453,,,1133.536,579.228,,90.729,12.255,0.291,2.663,,,5.212,-6.75,-0.314,8.485,4.336,,0.417,,4.427,2.509,59.186,39.17,20.015,115.825,,9.271,4.427,2.509,59.186,0.0,0.0,115.825,,9.271,,,,0.0,0.0,0.0,0.0,0.0,,0.0,11.67,17.155,164.15,,,321.237,53.772,18.899,105.764,54.045,,25.712,,,,,,,,,,,,,638.414,4.427,2.509,59.186,,,115.825,,9.271,,,,,,,,,,0.0,0.0,0.0,0.0,0.0,,0.0
India,1967,IND,521987072.0,650715987968.0,,,,,,,,,,1.666,6.87,803.248,419.285,,,0.366,1.584,831.53,434.048,,63.679,,,,3.136,20.02,1261.398,1.012,2.24,12.976,,,1134.519,592.204,,89.941,33.624,0.896,3.559,,,6.818,24.933,1.081,10.377,5.417,,0.54,,11.901,7.044,66.229,42.908,22.398,126.879,,10.059,11.901,7.044,66.229,0.0,0.0,126.879,,10.059,,,,0.0,0.0,0.0,0.0,0.0,,0.0,3.174,5.211,169.36,,,324.453,21.95,11.863,126.262,65.907,,25.722,,,,,,,,,,,,,658.433,11.901,7.044,66.229,,,126.879,,10.059,,,,,,,,,,0.0,0.0,0.0,0.0,0.0,,0.0
India,1968,IND,533431904.0,668219998208.0,,,,,,,,,,3.468,14.539,813.271,433.825,,,3.798,16.484,844.592,450.532,,61.624,,,,6.918,45.552,1319.728,1.054,5.968,35.346,,,1176.438,627.55,,89.142,11.111,0.395,3.954,,,7.413,29.614,1.604,13.161,7.021,,0.562,,15.41,10.206,76.435,48.458,25.849,143.29,,10.858,15.41,10.206,76.435,0.0,0.0,143.29,,10.858,,,,0.0,0.0,0.0,0.0,0.0,,0.0,12.052,20.411,189.771,,,355.755,3.282,2.163,127.608,68.07,,26.957,,,,,,,,,,,,,703.985,15.41,10.206,76.435,,,143.29,,10.858,,,,,,,,,,0.0,0.0,0.0,0.0,0.0,,0.0
India,1969,IND,545314688.0,712563032064.0,,,,,,,,,,6.228,27.016,845.092,460.841,,,6.492,29.247,879.821,479.779,,59.049,,,,10.86,76.451,1431.166,1.095,10.512,65.965,,,1271.77,693.515,,88.863,20.0,0.791,4.745,,,8.701,20.695,1.453,15.539,8.474,,0.608,,11.028,8.429,84.864,52.629,28.7,155.625,,10.874,13.831,10.486,86.921,1.329,0.725,159.396,,11.137,,,,2.057,2.057,1.329,0.725,3.771,,0.264,20.107,38.158,227.929,,,417.977,14.864,10.118,143.382,78.188,,29.205,,,,,,,,,,,,,780.436,11.028,8.429,84.864,,,155.625,,10.874,,,,,,,,,,0.0,0.0,0.0,0.0,0.0,,0.0
India,1970,IND,557501312.0,748744015872.0,,,,,,,,,,-5.215,-24.032,783.512,436.809,,,-2.272,-10.898,841.04,468.881,,57.193,,,,-2.139,-16.695,1369.935,1.02,-3.387,-23.486,,,1201.843,670.029,,87.73,33.37,1.583,6.328,,,11.351,-25.315,-2.145,11.351,6.328,,0.829,,6.052,5.136,90.0,54.594,30.436,161.435,,11.784,7.885,6.791,93.712,2.346,1.308,168.093,,12.27,,,80.488,1.655,3.712,2.346,1.308,6.658,,0.486,-0.455,-1.037,226.891,,,406.979,1.279,1.0,142.042,79.189,,29.708,,,,,,,,,,,,,763.741,6.052,5.136,90.0,,,161.435,,11.784,,,,,,,,,,0.0,0.0,0.0,0.0,0.0,,0.0
India,1971,IND,569999168.0,755656032256.0,,,,,,,,,,1.388,6.063,776.97,442.872,,,-2.543,-11.923,801.682,456.958,,55.75,,,,4.013,30.645,1393.662,1.051,3.415,22.882,,,1215.635,692.911,,87.226,5.969,0.378,6.706,,,11.765,5.969,0.378,11.765,6.706,,0.844,,9.685,8.716,98.717,58.569,33.384,173.187,,12.427,8.228,7.763,101.475,60.274,34.356,178.027,,12.774,,,-25.676,-0.953,2.759,1.706,0.972,4.84,,0.347,7.246,16.441,243.332,,,426.9,5.522,4.373,146.599,83.562,,30.632,0.0,0.0,,,,0.0,,0.0,,,0.0,,794.386,9.685,8.716,98.717,58.569,33.384,173.187,,12.427,,,0.0,0.0,0.0,0.0,,0.0,,0.0,0.0,0.0,0.0,0.0,,0.0
India,1972,IND,582837952.0,753543020544.0,,,,,,,,,,5.602,24.811,802.424,467.683,,,5.338,24.393,825.874,481.351,,55.952,,,,5.221,41.472,1434.118,1.109,6.424,44.511,,,1265.227,737.422,,88.223,9.688,0.65,7.356,,,12.621,9.688,0.65,12.621,7.356,,0.88,,-2.939,-2.901,95.815,55.595,32.403,164.395,,11.463,-2.997,-3.039,98.436,57.18,33.327,168.891,,11.777,,,-5.0,-0.138,2.621,1.585,0.924,4.497,,0.314,7.829,19.051,262.383,,,450.182,2.617,2.186,147.122,85.748,,31.391,0.0,0.0,,,0.0,0.0,,0.0,,,0.0,,835.859,-2.939,-2.901,95.815,55.595,32.403,164.395,,11.463,,0.0,0.0,0.0,0.0,0.0,,0.0,,0.0,0.0,0.0,0.0,0.0,,0.0
India,1973,IND,596107456.0,788800012288.0,,,,,,,,,,-1.333,-6.234,774.104,461.449,,,2.924,14.073,831.098,495.424,,54.077,,,,2.089,17.465,1431.493,1.082,1.129,8.323,,,1251.025,745.745,,87.393,-0.262,-0.019,7.337,,,12.308,-0.262,-0.019,12.308,7.337,,0.86,,6.492,6.22,102.036,57.887,34.507,171.17,,11.957,9.402,9.142,107.579,61.164,36.46,180.468,,12.607,,,111.483,2.922,5.543,3.277,1.953,9.298,,0.65,5.555,14.576,276.959,,,464.613,-2.374,-2.035,140.432,83.713,,32.457,0.0,0.0,,,0.0,0.0,,0.0,,,0.0,,853.324,6.492,6.22,102.036,57.887,34.507,171.17,,11.957,,0.0,0.0,0.0,0.0,0.0,,0.0,,0.0,0.0,0.0,0.0,0.0,,0.0
India,1974,IND,609721920.0,796992012288.0,,,,,,,,,,12.874,59.407,854.252,520.856,,,8.003,39.649,877.569,535.073,,57.618,,,,5.937,50.664,1482.623,1.134,7.37,54.958,,,1313.227,800.703,,88.575,13.185,0.967,8.304,,,13.619,13.185,0.967,13.619,8.304,,0.919,,-3.778,-3.855,98.181,54.456,33.203,161.025,,10.861,-4.0,-4.294,103.285,57.406,35.002,169.396,,11.425,,,-7.919,-0.439,5.104,2.95,1.799,8.371,,0.565,-1.956,-5.416,271.543,,,445.355,4.057,3.396,142.866,87.109,,30.038,0.0,0.0,,,0.0,0.0,,0.0,,,0.0,,903.988,-3.778,-3.855,98.181,54.456,33.203,161.025,,10.861,,0.0,0.0,0.0,0.0,0.0,,0.0,,0.0,0.0,0.0,0.0,0.0,,0.0
India,1975,IND,623524224.0,868009967616.0,,,,,,,,,,7.497,39.05,897.97,559.906,,,14.041,75.131,978.637,610.204,,57.603,,,,7.525,68.024,1558.899,1.12,5.986,47.927,,,1361.021,848.63,,87.307,28.021,2.327,10.631,,,17.05,28.021,2.327,17.05,10.631,,1.094,,19.473,19.119,117.299,63.62,39.669,188.123,,12.068,19.457,20.097,123.381,67.057,41.812,197.877,,12.693,,,19.165,0.978,6.082,3.438,2.143,9.754,,0.626,2.412,6.55,278.093,,,446.002,10.587,9.223,154.495,96.331,,28.61,0.0,0.0,,,0.0,0.0,,0.0,,,0.0,,972.011,19.473,19.119,117.299,63.62,39.669,188.123,,12.068,,0.0,0.0,0.0,0.0,0.0,,0.0,,0.0,0.0,0.0,0.0,0.0,,0.0
India,1976,IND,637451456.0,878540029952.0,,,,,,,,,,4.131,23.129,914.634,583.035,,,5.177,31.588,1006.81,641.792,,57.191,,,,4.881,47.443,1599.265,1.16,4.782,40.578,,,1394.942,889.208,,87.224,21.48,2.284,12.914,,,20.259,21.48,2.284,20.259,12.914,,1.267,,4.612,5.41,122.71,65.1,41.498,192.5,,12.037,5.602,6.865,130.246,69.267,44.154,204.323,,12.776,,,23.918,1.455,7.537,4.167,2.656,11.823,,0.739,5.454,15.166,293.259,,,460.049,4.539,4.373,157.979,100.704,,28.766,0.0,0.0,,,0.0,0.0,,0.0,,,0.0,,1019.454,4.612,5.41,122.71,65.1,41.498,192.5,,12.037,,0.0,0.0,0.0,0.0,0.0,,0.0,,0.0,0.0,0.0,0.0,0.0,,0.0
India,1977,IND,651685632.0,947196002304.0,,,,,,,,,,4.684,27.311,936.565,610.346,,,-0.592,-3.798,978.991,637.994,,56.602,,,,5.774,58.866,1654.663,1.138,5.62,49.975,,,1441.159,939.183,,87.097,6.801,0.878,13.793,,,21.165,6.801,0.878,21.165,13.793,,1.279,,9.105,11.173,133.883,69.476,45.277,205.441,,12.416,6.736,8.891,139.137,72.318,47.128,213.503,,12.903,,,-30.283,-2.282,5.254,2.841,1.852,8.063,,0.487,7.429,21.785,315.044,,,483.429,17.623,17.747,181.762,118.452,,29.216,0.0,0.0,,,0.0,0.0,,0.0,,,0.0,,1078.32,9.105,11.173,133.883,69.476,45.277,205.441,,12.416,,0.0,0.0,0.0,0.0,0.0,,0.0,,0.0,0.0,0.0,0.0,0.0,,0.0
India,1978,IND,666267776.0,997920014336.0,,,,,,,,,,-3.225,-19.682,886.527,590.664,,,1.258,8.029,969.615,646.023,,52.692,,,,3.955,42.653,1682.466,1.123,0.986,9.261,,,1423.517,948.443,,84.609,11.689,1.612,15.405,,,23.121,11.689,1.612,23.121,15.405,,1.374,,24.07,32.226,166.109,84.313,56.175,249.312,,14.818,23.997,33.392,172.529,87.709,58.438,258.949,,15.391,,,22.196,1.166,6.421,3.396,2.263,9.637,,0.573,8.675,27.331,342.375,,,513.869,10.663,12.63,196.74,131.082,,30.543,0.0,0.0,,,0.0,0.0,,0.0,,,0.0,,1120.973,24.07,32.226,166.109,84.313,56.175,249.312,,14.818,,0.0,0.0,0.0,0.0,0.0,,0.0,,0.0,0.0,0.0,0.0,0.0,,0.0
India,1979,IND,681248384.0,947528007680.0,,,,,,,,,,6.235,36.829,921.093,627.493,,,1.884,12.171,966.159,658.194,,53.044,,,,5.53,61.986,1736.458,1.248,7.136,67.681,,,1491.562,1016.124,,85.897,24.367,3.754,19.159,,,28.123,24.367,3.754,28.123,19.159,,1.62,,-3.572,-5.933,160.176,79.514,54.169,235.121,,13.54,-3.29,-5.695,166.835,82.958,56.515,244.896,,14.103,,,3.711,0.238,6.659,3.445,2.347,9.774,,0.563,7.915,27.098,369.473,,,542.347,13.912,18.236,219.182,149.318,,31.233,0.0,0.0,,,0.0,0.0,,0.0,,,0.0,,1182.959,-3.572,-5.933,160.176,79.514,54.169,235.121,,13.54,,0.0,0.0,0.0,0.0,0.0,,0.0,,0.0,0.0,0.0,0.0,0.0,,0.0
India,1980,IND,696828352.0,1015104995328.0,,,,,,,,,,5.111,32.072,946.524,659.565,,,-17.895,-117.786,775.526,540.409,,54.125,,,,3.013,35.64,1748.779,1.2,3.109,31.588,,,1503.544,1047.712,,85.977,-40.857,-7.828,11.331,,,16.261,-40.857,-7.828,16.261,11.331,,0.93,,2.35,3.764,163.94,79.562,55.441,235.265,,13.453,2.432,4.052,170.887,83.076,57.89,245.235,,14.023,,,4.331,0.288,6.947,3.514,2.448,9.97,,0.57,1.988,7.343,376.816,,,540.759,-26.793,-40.007,156.868,109.31,,30.922,0.0,0.0,,,0.0,0.0,,0.0,,,0.0,,1218.599,2.35,3.764,163.94,79.562,55.441,235.265,,13.453,,0.0,0.0,0.0,0.0,0.0,,0.0,,0.0,0.0,0.0,0.0,0.0,,0.0
India,1981,IND,712869312.0,1077444018176.0,,,,,,,,,,12.52,82.577,1041.064,742.142,,,37.256,201.335,1040.505,741.744,,55.003,,,,10.724,130.686,1892.751,1.252,11.441,119.867,,,1637.859,1167.579,,86.533,74.581,8.451,19.782,,,27.75,74.581,8.451,27.75,19.782,,1.466,,6.568,10.768,174.708,82.88,59.083,245.077,,12.948,6.321,10.818,181.705,86.34,61.549,254.893,,13.467,,,0.722,0.05,6.997,3.459,2.466,9.816,,0.519,7.653,28.839,405.655,,,569.046,59.325,64.849,244.307,174.159,,30.064,0.0,0.0,,,0.0,0.0,,0.0,,,0.0,,1349.284,6.568,10.768,174.708,82.88,59.083,245.077,,12.948,,0.0,0.0,0.0,0.0,0.0,,0.0,,0.0,0.0,0.0,0.0,0.0,,0.0
India,1982,IND,729169472.0,1111560028160.0,,,,,,,,,,-1.11,-8.238,1006.493,733.904,,,-1.011,-7.499,1006.961,734.245,,54.931,,,,-0.981,-13.235,1832.289,1.202,1.277,14.916,,,1621.701,1182.495,,88.507,31.103,6.153,25.935,,,35.567,31.103,6.153,35.567,25.935,,1.941,,-15.611,-27.273,147.435,68.379,49.86,202.195,,11.035,-15.488,-28.151,153.554,71.336,52.016,210.588,,11.493,,,-12.545,-0.878,6.12,2.958,2.157,8.393,,0.458,4.191,17.001,422.656,,,579.641,32.761,57.057,317.095,231.216,,31.635,0.0,0.0,,,0.0,0.0,,0.0,,,0.0,,1336.049,-15.611,-27.273,147.435,68.379,49.86,202.195,,11.035,,0.0,0.0,0.0,0.0,0.0,,0.0,,0.0,0.0,0.0,0.0,0.0,,0.0
India,1983,IND,745826560.0,1202349015040.0,,,,,,,,,,6.151,45.144,1044.543,779.048,,,5.801,42.592,1041.579,776.837,,55.446,,,,5.165,69.001,1883.883,1.169,6.069,71.764,,,1681.703,1254.259,,89.268,18.983,4.923,30.858,,,41.374,18.983,4.923,41.374,30.858,,2.196,,-3.643,-5.371,142.064,64.416,48.043,190.478,,10.111,-1.725,-2.763,150.791,68.54,51.119,202.18,,10.732,,,42.623,2.608,8.728,4.124,3.076,11.702,,0.621,5.133,21.697,444.353,,,595.786,27.539,63.674,395.387,294.89,,31.625,0.0,0.0,,,0.0,0.0,,0.0,,,0.0,,1405.05,-3.643,-5.371,142.064,64.416,48.043,190.478,,10.111,,0.0,0.0,0.0,0.0,0.0,,0.0,,0.0,0.0,0.0,0.0,0.0,,0.0
India,1984,IND,762895168.0,1248909983744.0,,,,,,,,,,5.04,39.263,1072.639,818.311,,,4.921,38.228,1068.383,815.065,,54.521,,,,6.823,95.868,1967.398,1.202,6.096,76.46,,,1744.301,1330.719,,88.66,14.527,4.483,35.341,,,46.324,14.527,4.483,46.324,35.341,,2.355,,11.738,16.675,158.738,70.367,53.682,208.074,,10.576,12.916,19.409,170.2,75.661,57.722,223.098,,11.34,,,31.322,2.734,11.462,5.295,4.039,15.024,,0.764,7.362,32.714,477.067,,,625.338,11.193,33.006,429.805,327.896,,31.785,0.0,0.0,,,0.0,0.0,,0.0,,,0.0,,1500.919,11.738,16.675,158.738,70.367,53.682,208.074,,10.576,,0.0,0.0,0.0,0.0,0.0,,0.0,,0.0,0.0,0.0,0.0,0.0,,0.0
India,1985,IND,780242112.0,1298600034304.0,,,,,,,,,,4.776,39.086,1098.886,857.397,148.722,116.039,3.269,26.645,1078.779,841.709,62.257,54.12,,186.386,11.765,5.553,83.344,2030.476,1.22,6.579,87.543,166.698,130.065,1817.719,1418.261,69.783,89.522,22.319,7.888,43.228,2.766,2.158,55.404,22.319,7.888,55.404,43.228,1.158,2.729,,-3.482,-5.528,153.211,66.406,51.813,196.363,27.799,9.671,-2.427,-4.199,166.002,72.184,56.321,212.756,30.217,10.478,,,11.597,1.329,12.791,5.777,4.508,16.394,2.419,0.807,8.504,40.569,517.636,15.211,11.868,663.43,7.122,23.353,450.18,351.249,6.367,32.674,0.0,0.0,,,0.0,0.0,,0.0,0.0,,0.0,238.882,1584.263,-3.482,-5.528,153.211,66.406,51.813,196.363,27.799,9.671,,0.0,0.0,0.0,0.0,0.0,0.0,0.0,,0.0,0.0,0.0,0.0,0.0,0.0,0.0
India,1986,IND,797878976.0,1353105014784.0,,,,,,,,,,7.446,63.843,1154.611,921.24,162.809,129.902,7.57,63.717,1134.791,905.426,64.093,54.332,,202.677,11.953,7.027,111.328,2125.122,1.253,7.589,107.639,181.842,145.088,1912.445,1525.9,71.586,89.992,39.724,17.172,60.4,4.615,3.682,75.701,39.724,17.172,75.701,60.4,1.817,3.562,,1.459,2.235,155.445,65.886,52.569,194.823,25.937,9.168,2.252,3.689,169.691,72.178,57.589,212.677,28.414,10.008,,,11.373,1.455,14.246,6.292,5.02,17.854,2.477,0.84,5.143,26.624,544.259,14.418,11.504,682.133,4.702,16.515,460.927,367.764,5.676,32.099,0.0,0.0,,,0.0,0.0,,0.0,0.0,,0.0,254.02,1695.59,1.459,2.235,155.445,65.886,52.569,194.823,25.937,9.168,,0.0,0.0,0.0,0.0,0.0,0.0,0.0,,0.0,0.0,0.0,0.0,0.0,0.0,0.0
India,1987,IND,815716160.0,1412883939328.0,,,,,,,,,,9.812,90.39,1240.174,1011.63,187.32,152.8,9.615,87.058,1216.703,992.484,68.315,56.113,,223.669,12.406,6.326,107.263,2210.148,1.276,7.672,117.074,207.653,169.386,2014.149,1642.974,75.73,91.132,15.193,9.177,69.577,5.192,4.235,85.296,15.193,9.177,85.296,69.577,1.893,3.859,,-6.86,-10.664,144.782,60.024,48.963,177.49,21.891,8.031,-5.74,-9.811,159.88,66.547,54.283,196.0,24.27,8.868,,,5.986,0.853,15.098,6.523,5.321,18.509,2.379,0.837,3.217,17.507,561.767,15.141,12.351,688.679,-2.966,-10.909,437.474,356.855,5.522,31.16,0.0,0.0,,,0.0,0.0,,0.0,0.0,,0.0,274.2,1802.854,-6.86,-10.664,144.782,60.024,48.963,177.49,21.891,8.031,,0.0,0.0,0.0,0.0,0.0,0.0,0.0,,0.0,0.0,0.0,0.0,0.0,0.0,0.0
India,1988,IND,833729664.0,1560089985024.0,,,,,,,,,,7.308,73.928,1302.05,1085.557,197.517,164.676,6.313,62.651,1265.561,1055.135,68.244,55.321,,241.305,12.297,8.844,159.448,2353.642,1.258,8.557,140.589,216.633,180.613,2139.258,1783.563,74.849,90.891,17.143,11.928,81.505,4.323,3.604,97.759,17.143,11.928,97.759,81.505,1.494,4.154,,11.544,16.714,161.496,65.507,54.615,193.703,22.633,8.23,11.805,18.858,178.738,72.795,60.692,214.384,25.151,9.109,,,14.203,2.144,17.243,7.289,6.077,20.681,2.518,0.879,9.743,54.734,616.501,14.793,12.333,739.449,5.221,18.631,450.369,375.486,5.111,31.417,0.0,0.0,,,0.0,0.0,,0.0,0.0,,0.0,289.428,1962.301,11.544,16.714,161.496,65.507,54.615,193.703,22.633,8.23,,0.0,0.0,0.0,0.0,0.0,0.0,0.0,,0.0,0.0,0.0,0.0,0.0,0.0,0.0
India,1989,IND,852012672.0,1663727960064.0,,,,,,,,,,8.694,94.384,1384.887,1179.941,217.104,184.975,8.747,92.292,1346.726,1147.427,67.894,55.05,,272.446,12.711,9.23,181.112,2515.706,1.288,9.03,161.055,240.671,205.055,2282.382,1944.618,75.264,90.725,18.894,15.4,96.905,8.539,7.275,113.736,18.894,15.4,113.736,96.905,2.67,4.521,,16.03,25.888,187.384,74.377,63.37,219.931,23.26,8.742,11.039,20.057,198.795,79.097,67.391,233.324,24.736,9.275,,,-33.818,-5.831,11.412,4.72,4.022,13.394,1.476,0.532,8.317,51.272,667.773,15.029,12.805,783.759,6.7,25.156,470.23,400.642,4.7,31.155,0.0,0.0,,,0.0,0.0,,0.0,0.0,,0.0,319.768,2143.414,16.03,25.888,187.384,74.377,63.37,219.931,23.26,8.742,,0.0,0.0,0.0,0.0,0.0,0.0,0.0,,0.0,0.0,0.0,0.0,0.0,0.0,0.0
India,1990,IND,870452160.0,1750992945152.0,,,,,,,,,,8.143,96.084,1465.934,1276.025,220.153,191.633,7.734,88.739,1420.143,1236.167,66.594,55.462,,287.763,12.508,7.338,157.288,2643.11,1.314,7.271,141.392,246.887,214.903,2396.468,2086.01,74.681,90.668,19.63,19.023,115.927,11.44,9.958,133.181,19.63,19.023,133.181,115.927,3.46,5.039,,4.777,8.952,196.335,76.279,66.397,225.556,23.074,8.534,8.114,15.895,214.691,83.703,72.86,246.643,25.319,9.332,,,59.011,6.734,18.146,7.347,6.395,20.846,2.222,0.789,3.936,26.286,694.058,15.293,13.312,797.354,-0.807,-3.233,456.554,397.409,4.626,30.167,0.12,0.038,,,0.12,0.043,,0.138,0.013,,0.005,330.59,2300.701,4.884,9.161,196.545,76.357,66.465,225.796,23.097,8.543,,0.0,0.0,0.0,0.0,0.0,0.0,0.0,,0.09,0.09,0.035,0.03,0.103,0.011,0.004
India,1991,IND,888941760.0,1762411544576.0,,,,,,,,,,6.415,81.853,1527.521,1357.878,240.868,214.118,6.929,85.657,1486.964,1321.824,66.816,55.934,,320.458,13.2,5.518,126.962,2730.958,1.377,5.133,107.076,271.016,240.917,2467.075,2193.086,75.179,90.337,11.37,13.181,129.108,15.023,13.355,145.238,11.37,13.181,145.238,129.108,4.167,5.318,,11.329,22.242,218.577,83.154,73.919,245.885,23.067,9.004,9.169,19.886,234.576,89.478,79.541,263.883,24.821,9.663,,,-15.342,-2.784,15.362,6.09,5.414,17.281,1.689,0.633,1.735,12.043,706.101,15.124,13.444,794.316,-5.827,-23.155,421.01,374.253,4.195,29.086,0.303,0.095,,152.941,0.184,0.107,,0.341,0.03,,0.013,360.493,2427.663,11.528,22.67,219.215,83.388,74.127,246.602,23.132,9.03,,0.0,0.0,0.0,0.0,0.0,0.0,0.0,272.603,0.244,0.334,0.127,0.113,0.376,0.035,0.014
India,1992,IND,907574080.0,1842360483840.0,,,,,,,,,,5.919,80.379,1584.726,1438.256,252.775,229.412,5.543,73.274,1537.173,1395.098,68.044,56.341,,337.153,13.207,5.153,125.109,2812.742,1.386,6.097,133.704,287.008,260.481,2563.747,2326.79,77.259,91.148,11.803,15.239,144.347,17.914,16.258,159.047,11.803,15.239,159.047,144.347,4.822,5.655,,-5.219,-11.408,207.169,77.196,70.061,228.267,20.78,8.115,-3.606,-8.594,225.982,84.481,76.672,248.996,22.741,8.852,,,18.286,2.809,18.171,7.056,6.404,20.021,1.899,0.712,5.394,38.086,744.187,16.319,14.811,819.973,-9.304,-34.82,374.001,339.433,4.393,29.152,0.381,0.119,,25.581,0.078,0.132,,0.42,0.035,,0.015,371.488,2552.772,-5.205,-11.403,207.812,77.425,70.269,228.975,20.842,8.141,,0.0,0.0,0.0,0.0,0.0,0.0,0.0,-21.646,-0.072,0.262,0.097,0.088,0.288,0.026,0.01
India,1993,IND,926351296.0,1931870470144.0,,,,,,,,,,3.572,51.369,1608.057,1489.625,272.881,252.784,3.317,46.271,1555.964,1441.369,69.796,56.937,,362.176,13.843,2.487,63.476,2824.25,1.354,2.645,61.549,307.518,284.87,2578.222,2388.339,78.655,91.289,1.61,2.324,146.671,19.299,17.878,158.332,1.61,2.324,158.332,146.671,4.936,5.606,,0.959,1.986,209.155,76.356,70.732,225.784,19.53,7.994,0.827,1.927,227.909,83.452,77.306,246.029,21.345,8.711,,,-2.761,-0.502,17.669,6.722,6.227,19.074,1.719,0.675,1.056,7.856,752.043,15.338,14.208,811.833,-4.492,-15.247,349.96,324.186,3.923,28.745,0.805,0.252,,111.111,0.423,0.272,,0.869,0.07,,0.031,390.971,2616.248,1.154,2.428,210.24,76.73,71.079,226.955,19.626,8.036,,0.0,0.0,0.0,0.0,0.0,0.0,0.0,7.121,0.019,0.28,0.102,0.095,0.303,0.026,0.011
India,1994,IND,945261952.0,2039524753408.0,,,,,,,,,,3.2,47.662,1626.308,1537.287,279.932,264.609,1.715,24.726,1550.993,1466.095,68.204,55.757,,387.967,14.071,5.385,140.873,2916.78,1.352,4.848,115.784,319.74,302.238,2649.131,2504.123,77.903,90.824,8.112,11.898,158.569,23.149,21.882,167.752,8.112,11.898,167.752,158.569,5.64,5.751,,13.402,28.031,237.186,84.857,80.212,250.921,20.675,8.603,10.895,25.089,252.998,90.693,85.729,267.649,22.097,9.176,,,-20.582,-3.637,14.032,5.232,4.945,14.845,1.275,0.509,7.476,56.224,808.267,16.659,15.747,855.072,16.154,52.37,398.362,376.556,4.059,29.316,1.214,0.38,,50.877,0.409,0.402,,1.284,0.098,,0.044,410.433,2757.121,13.653,28.726,238.966,85.462,80.784,252.804,20.822,8.667,,0.0,0.0,0.0,0.0,0.0,0.0,0.0,101.836,0.285,0.566,0.202,0.191,0.598,0.049,0.021
India,1995,IND,964279104.0,2171040956416.0,,,,,,,,,,6.136,94.326,1692.055,1631.613,307.268,296.292,5.58,81.808,1605.244,1547.903,69.365,55.064,,427.149,14.416,7.471,205.997,3072.884,1.365,8.371,209.621,355.242,342.552,2814.272,2713.743,80.195,91.584,14.006,22.209,180.778,30.524,29.434,187.475,14.006,22.209,187.475,180.778,6.891,6.101,,-5.35,-12.689,224.497,78.733,75.921,232.813,17.774,7.576,-1.321,-3.624,249.375,87.731,84.597,258.612,19.805,8.416,,,53.977,7.574,21.607,7.897,7.615,22.407,1.783,0.729,11.517,93.085,901.352,17.449,16.826,934.742,13.185,49.648,441.993,426.205,3.939,30.419,1.8,0.564,,48.256,0.586,0.585,,1.866,0.132,,0.061,442.972,2963.118,-4.706,-11.198,227.768,79.834,76.982,236.205,18.022,7.687,,0.003,0.003,0.001,0.001,0.003,0.0,0.0,159.551,0.902,1.468,0.515,0.496,1.522,0.116,0.05
India,1996,IND,983281216.0,2323733020672.0,,,,,,,,,,2.873,46.869,1707.022,1678.483,317.543,312.234,7.174,111.051,1687.162,1658.954,70.449,54.467,,443.205,14.382,4.0,118.513,3134.029,1.326,4.968,134.818,370.297,364.106,2896.995,2848.561,82.153,92.437,9.149,16.539,197.317,32.569,32.024,200.672,9.149,16.539,200.672,197.317,7.226,6.403,,-9.04,-20.295,204.202,70.232,69.058,207.674,15.581,6.626,-6.498,-16.304,233.07,80.444,79.099,237.033,17.847,7.563,,,10.331,2.232,23.839,8.544,8.401,24.244,1.896,0.774,7.923,71.41,972.761,20.185,19.848,989.301,-5.04,-21.481,411.606,404.724,4.478,31.566,2.414,0.756,,34.118,0.614,0.769,,2.455,0.171,,0.078,450.741,3081.631,-8.163,-18.537,209.231,71.9,70.698,212.789,15.952,6.79,500.0,0.015,0.018,0.006,0.006,0.018,0.001,0.001,76.925,1.129,2.597,0.893,0.878,2.642,0.198,0.084
India,1997,IND,1002335232.0,2403114156032.0,,,,,,,,,,4.58,76.88,1751.273,1755.363,325.068,325.827,3.312,54.951,1709.912,1713.905,69.45,53.978,,469.154,14.427,5.529,170.378,3244.433,1.353,5.658,161.184,385.994,386.895,3002.733,3009.745,82.467,92.55,8.722,17.209,214.526,40.085,40.179,214.027,8.722,17.209,214.027,214.526,8.564,6.597,,1.67,3.411,207.613,70.047,70.211,207.13,14.965,6.384,3.994,9.195,242.265,82.067,82.259,241.701,17.533,7.45,,,19.884,4.74,28.579,10.048,10.072,28.512,2.147,0.879,6.897,67.094,1039.856,20.84,20.889,1037.433,2.256,9.13,412.889,413.854,4.452,31.976,3.134,0.982,,29.825,0.72,0.979,,3.126,0.209,,0.096,468.061,3252.01,2.106,4.455,213.686,72.019,72.187,213.188,15.387,6.571,0.0,0.0,0.018,0.006,0.006,0.018,0.001,0.001,12.48,0.324,2.922,0.986,0.988,2.915,0.211,0.09
India,1998,IND,1021434560.0,2541494206464.0,,,,,,,,,,3.321,58.297,1775.6,1813.659,329.423,336.484,-0.61,-10.459,1667.7,1703.446,66.62,52.578,,505.078,14.642,6.073,197.487,3377.11,1.357,5.079,152.851,399.142,407.697,3096.229,3162.595,80.72,91.683,9.744,20.902,235.429,49.122,50.175,230.488,9.744,20.902,230.488,235.429,9.934,6.825,,19.116,39.688,247.301,81.878,83.633,242.112,16.558,7.169,18.385,44.636,286.901,95.338,97.381,280.881,19.28,8.317,,,12.9,3.687,32.266,11.132,11.371,31.589,2.251,0.935,7.083,73.652,1113.507,20.597,21.038,1090.141,-2.501,-10.351,395.035,403.503,4.165,32.28,4.126,1.293,,31.667,0.992,1.265,,4.039,0.256,,0.12,494.479,3449.497,19.15,40.949,254.636,84.205,86.01,249.292,17.029,7.382,0.0,0.0,0.018,0.006,0.006,0.018,0.001,0.001,9.211,0.269,3.191,1.056,1.079,3.124,0.214,0.092
India,1999,IND,1040500032.0,2681321029632.0,,,0.0,0.0,,,,0.0,,-0.937,-16.985,1726.741,1796.674,351.212,365.436,-2.186,-37.242,1601.35,1666.204,66.763,50.618,,547.362,15.421,2.899,99.992,3411.33,1.324,3.095,97.891,431.761,449.247,3133.577,3260.487,82.075,91.858,2.466,5.805,241.234,56.712,59.009,231.844,2.466,5.805,231.844,241.234,10.781,6.796,,-1.654,-4.09,243.211,79.048,82.249,233.744,15.027,6.852,0.754,2.101,289.002,94.296,98.115,277.753,17.925,8.142,,,11.932,3.85,36.116,12.232,12.728,34.71,2.325,1.017,9.795,109.072,1222.579,23.837,24.802,1174.992,-0.233,-0.942,386.892,402.561,4.531,34.444,5.382,1.686,,30.448,1.256,1.62,,5.173,0.308,,0.152,526.057,3549.489,-0.724,-1.749,252.887,82.064,85.388,243.044,15.6,7.125,0.0,0.0,0.018,0.006,0.006,0.017,0.001,0.001,34.013,1.085,4.276,1.39,1.446,4.109,0.264,0.12
India,2000,IND,1059633664.0,2773211152384.0,,0.0,0.0,0.0,1.595,1.69,0.296,0.0,648.016,6.372,114.492,1803.61,1911.166,368.269,390.23,6.301,104.987,1671.513,1771.192,68.295,51.258,572.74,571.39,15.325,5.044,179.025,3518.682,1.344,5.691,185.544,448.598,475.35,3252.096,3446.03,83.192,92.424,5.137,12.393,253.627,52.811,55.96,239.353,5.137,12.393,239.353,253.627,9.794,6.802,370.27,-6.394,-15.551,227.66,72.657,76.99,214.848,13.474,6.106,-2.122,-6.518,282.484,90.635,96.04,266.586,16.808,7.576,1.35,0.236,23.889,8.628,44.743,14.883,15.77,42.225,2.76,1.2,4.798,58.658,1281.237,27.519,29.16,1209.132,-1.3,-5.233,374.967,397.327,5.103,34.363,5.382,1.686,,0.0,0.0,1.591,,5.079,0.295,,0.144,539.234,3728.514,-5.999,-15.146,237.741,75.753,80.27,224.361,14.048,6.376,16.667,0.003,0.021,0.009,0.01,0.02,0.002,0.001,9.405,0.402,4.678,1.491,1.58,4.415,0.277,0.125
India,2001,IND,1078970880.0,2906877853696.0,,0.0,0.0,0.0,1.918,2.07,0.353,0.0,654.2,0.826,15.787,1785.918,1926.953,378.407,408.29,1.274,22.565,1662.47,1793.757,69.663,51.47,587.36,586.09,15.655,0.411,15.338,3469.836,1.288,0.587,20.223,455.073,491.01,3212.555,3466.253,83.777,92.585,0.257,0.651,254.277,51.836,55.93,235.667,0.257,0.651,235.667,254.277,9.543,6.792,383.42,-6.452,-16.071,211.588,66.749,72.02,196.102,12.288,5.652,-0.997,-4.884,277.6,88.121,95.08,257.282,16.223,7.415,1.27,0.216,19.787,8.505,53.248,17.507,18.89,49.351,3.223,1.422,0.295,3.785,1285.022,24.829,26.79,1190.97,0.038,0.151,368.387,397.478,4.571,34.324,6.605,2.069,,22.72,1.223,1.918,,6.122,0.353,,0.176,543.194,3743.853,-5.08,-13.39,224.351,70.614,76.19,207.931,13.0,5.993,57.143,0.012,0.033,0.009,0.01,0.03,0.002,0.001,31.795,1.447,6.125,1.937,2.09,5.677,0.357,0.164
India,2002,IND,1098313088.0,2989575634944.0,,8.552,7.787,8.552,1.948,2.14,0.351,0.221,660.439,4.455,85.837,1832.619,2012.79,388.505,426.7,4.433,79.514,1705.59,1873.271,69.992,52.067,610.99,609.64,15.77,3.256,121.898,3519.717,1.293,3.569,123.716,471.186,517.51,3268.62,3589.969,84.888,92.866,4.431,11.267,265.544,57.251,62.88,241.775,4.431,11.267,241.775,265.544,10.314,6.869,402.63,-4.829,-11.517,200.071,62.405,68.54,182.162,11.243,5.175,5.901,-1.817,275.783,83.883,92.13,251.097,15.112,7.134,1.35,0.221,2.457,0.956,54.205,17.618,19.35,49.353,3.174,1.402,2.071,26.612,1311.634,25.43,27.93,1194.226,3.116,12.386,373.176,409.864,4.581,33.93,6.831,2.14,,3.419,0.226,1.948,,6.22,0.351,,0.177,555.069,3865.751,6.755,-2.773,221.578,66.265,72.78,201.744,11.938,5.732,18.182,0.006,0.038,0.009,0.01,0.035,0.002,0.001,0.0,-0.04,6.086,1.903,2.09,5.541,0.343,0.157
India,2003,IND,1117415168.0,3212953780224.0,-6.863,-0.587,7.128,7.965,2.425,2.71,0.425,0.199,661.26,4.729,95.193,1886.482,2107.983,395.081,441.47,4.349,81.463,1749.335,1954.734,69.182,52.646,639.82,638.13,15.937,3.578,138.327,3583.34,1.246,3.856,138.43,488.055,545.36,3336.628,3728.399,85.462,93.115,7.052,18.725,284.269,65.15,72.8,254.399,7.052,18.725,254.399,284.269,11.408,7.099,421.97,1.096,0.896,200.968,62.018,69.3,179.85,10.86,5.019,0.048,-0.104,275.679,83.022,92.77,246.711,14.538,6.885,1.69,0.264,-6.257,-3.717,50.487,16.234,18.14,45.182,2.843,1.261,1.869,24.512,1336.147,27.823,31.09,1195.748,0.414,1.698,368.316,411.562,4.872,33.37,8.659,2.713,,26.76,1.828,2.428,,7.749,0.425,,0.216,571.077,4004.078,1.549,3.613,225.192,66.788,74.63,201.529,11.695,5.624,23.077,0.009,0.047,0.018,0.02,0.042,0.003,0.001,24.915,1.468,7.553,2.327,2.6,6.76,0.407,0.189
India,2004,IND,1136264576.0,3454210932736.0,8.953,0.713,7.638,8.678,2.913,3.31,0.474,0.2,630.771,6.43,135.545,1974.477,2243.529,407.484,463.01,7.993,156.238,1857.817,2110.972,66.303,51.604,700.02,698.32,16.062,8.579,343.503,3826.205,1.259,6.331,236.039,499.76,567.86,3489.009,3964.438,81.318,91.187,7.888,22.422,306.691,67.396,76.58,269.912,-1.017,-2.891,247.634,281.378,10.966,7.054,440.48,45.226,89.03,289.998,88.571,100.64,255.22,14.412,6.67,38.112,107.465,383.144,114.815,130.46,337.196,18.682,8.813,1.7,0.243,17.167,8.29,58.778,18.71,21.26,51.729,3.044,1.352,5.843,78.071,1414.218,24.88,28.27,1244.62,2.676,11.014,371.899,422.576,4.048,32.529,10.58,3.314,,22.187,1.921,2.917,,9.311,0.475,,0.243,614.575,4347.582,42.712,99.175,324.367,96.104,109.2,285.467,15.638,7.461,12.5,0.006,0.052,0.018,0.02,0.046,0.003,0.001,100.632,7.505,15.058,4.603,5.23,13.252,0.749,0.346
India,2005,IND,1154638720.0,3709371154432.0,-3.829,-0.332,7.228,8.346,3.499,4.04,0.573,0.181,639.641,9.475,212.585,2127.17,2456.113,414.398,478.48,4.557,96.188,1911.559,2207.16,67.916,53.352,706.07,704.52,15.304,5.889,256.028,3987.057,1.241,6.888,273.076,501.733,579.32,3669.991,4237.514,82.229,92.048,11.922,36.565,343.256,65.362,75.47,297.285,1.331,3.744,246.936,285.121,10.712,7.456,450.64,-3.196,-11.044,278.954,84.373,97.42,241.594,13.828,6.059,-4.019,-17.048,366.096,108.432,125.2,317.066,17.771,7.952,1.55,0.22,-16.602,-10.069,48.709,15.355,17.73,42.185,2.517,1.058,1.692,23.926,1438.144,21.972,25.37,1245.536,-3.881,-16.398,351.779,406.178,3.601,31.239,12.881,4.035,,21.747,2.301,3.495,,11.156,0.573,,0.28,610.165,4603.61,-1.749,-6.979,317.387,93.077,107.47,274.88,15.254,6.894,0.0,-0.0,0.052,0.017,0.02,0.045,0.003,0.001,14.651,2.097,17.155,5.188,5.99,14.857,0.85,0.373
India,2006,IND,1172373760.0,4024058511360.0,6.225,0.52,7.562,8.865,4.768,5.59,0.751,0.183,629.663,3.817,93.751,2174.959,2549.865,431.142,505.46,4.373,96.526,1964.975,2303.685,67.899,52.578,747.17,744.43,15.35,5.346,246.11,4136.667,1.205,4.492,190.333,511.134,599.24,3776.822,4427.847,80.496,91.301,4.52,15.516,358.772,63.717,74.7,306.022,-1.141,-3.253,240.425,281.868,10.035,7.398,468.74,15.6,41.488,320.442,96.062,112.62,273.327,15.128,6.607,15.358,55.777,421.874,123.843,145.19,359.846,19.504,8.699,2.74,0.367,-0.537,-0.566,48.142,15.038,17.63,41.064,2.368,0.993,5.637,81.066,1519.21,16.275,19.08,1295.841,3.207,13.026,357.568,419.203,2.563,31.326,17.835,5.587,,38.459,4.954,4.766,,15.213,0.751,,0.368,634.977,4849.72,17.791,56.344,373.731,108.805,127.56,318.781,17.135,7.706,-60.4,-0.032,0.02,0.009,0.01,0.017,0.001,0.0,55.855,9.414,26.568,7.967,9.34,22.662,1.255,0.548
India,2007,IND,1189691776.0,4355554279424.0,11.835,1.049,8.334,9.915,6.22,7.4,0.929,0.188,622.573,9.428,240.408,2345.374,2790.272,448.242,533.27,6.21,143.069,2056.629,2446.755,66.972,53.016,801.2,796.26,15.129,8.524,413.391,4423.929,1.208,8.434,373.428,535.164,636.68,4035.73,4801.275,79.959,91.225,8.175,29.331,388.103,75.692,90.05,326.221,2.759,7.777,243.462,289.645,11.309,7.374,495.73,8.876,26.261,346.703,103.06,122.61,291.423,15.398,6.587,10.035,39.962,461.836,134.136,159.58,388.198,20.041,8.775,4.94,0.617,1.134,0.242,48.384,14.987,17.83,40.67,2.239,0.919,6.825,103.69,1622.901,11.23,13.36,1364.135,1.099,4.606,356.234,423.809,1.678,30.835,23.632,7.403,,32.504,5.797,6.223,,19.864,0.93,,0.449,669.299,5263.111,11.185,39.72,413.451,119.149,141.75,347.528,17.802,7.856,719.444,0.146,0.167,0.05,0.06,0.14,0.008,0.003,25.12,6.466,33.035,9.818,11.68,27.767,1.467,0.628
India,2008,IND,1206734848.0,4601841975296.0,4.521,0.448,8.588,10.363,7.707,9.3,1.123,0.186,637.329,8.26,230.49,2503.252,3020.762,474.934,573.12,8.205,200.758,2193.947,2647.512,69.183,54.226,833.92,828.41,14.871,5.844,307.585,4616.339,1.211,6.75,324.082,558.756,674.27,4247.294,5125.357,81.393,92.006,3.034,11.774,399.877,71.167,85.88,331.371,1.475,4.273,243.565,293.919,10.367,7.178,527.97,-6.071,-23.072,323.632,95.439,115.17,268.188,13.903,5.81,-2.949,-16.497,445.339,127.733,154.14,369.045,18.607,7.994,5.51,0.661,-14.587,-7.314,41.07,12.621,15.23,34.034,1.838,0.737,5.041,81.818,1704.719,12.654,15.27,1412.671,3.71,15.724,364.233,439.533,1.843,30.602,29.694,9.302,,25.652,6.062,7.708,,24.607,1.123,,0.533,686.489,5570.697,-1.581,-9.182,404.269,115.112,138.91,335.011,16.768,7.257,6.78,0.01,0.177,0.05,0.06,0.147,0.007,0.003,23.072,7.369,40.404,11.916,14.38,33.482,1.736,0.725
India,2009,IND,1223640192.0,4945730863104.0,-14.708,-1.524,7.223,8.839,9.513,11.64,1.323,0.148,644.553,8.193,247.504,2670.937,3268.266,499.42,611.11,7.942,210.258,2335.467,2857.771,69.467,54.594,885.01,879.71,14.695,7.464,415.815,4892.379,1.21,8.34,427.466,595.404,728.56,4537.954,5552.823,82.818,92.756,22.808,91.204,491.081,85.295,104.37,401.328,22.993,67.581,295.429,361.499,11.864,8.203,567.02,-7.668,-26.66,296.971,86.905,106.34,242.695,12.088,4.961,-2.751,-11.65,433.689,123.525,151.15,354.425,17.182,7.244,5.3,0.599,10.41,3.995,45.065,13.746,16.82,36.829,1.912,0.753,5.207,88.758,1793.477,10.689,13.08,1465.69,0.537,2.361,361.13,441.893,1.487,29.959,37.164,11.642,,25.156,7.47,9.514,,30.371,1.323,,0.621,718.929,5986.512,-4.093,-15.645,388.624,109.779,134.33,317.596,15.27,6.492,19.048,0.032,0.209,0.065,0.08,0.171,0.009,0.003,13.164,5.037,45.44,13.296,16.27,37.135,1.849,0.759
India,2010,IND,1240613632.0,5314516615168.0,24.266,2.145,8.853,10.984,11.527,14.3,1.525,0.176,638.975,2.456,80.28,2699.104,3348.546,518.268,642.97,2.776,79.338,2367.465,2937.109,68.586,53.62,943.02,937.47,15.012,4.317,258.458,5033.775,1.175,3.924,217.908,622.095,771.78,4651.514,5770.731,82.326,92.406,20.065,98.535,589.616,95.138,118.03,475.262,31.201,112.792,382.304,474.292,12.59,9.441,599.02,2.263,4.856,301.828,87.65,108.74,243.289,11.599,4.833,10.435,40.549,474.238,133.555,165.69,382.261,17.674,7.594,5.55,0.589,37.261,16.412,61.478,18.604,23.08,49.554,2.462,0.984,2.18,39.093,1832.569,8.689,10.78,1477.147,8.547,37.769,386.633,479.662,1.15,29.345,45.633,14.295,,22.788,8.469,11.523,,36.782,1.525,,0.731,755.65,6244.97,7.283,24.137,412.761,114.951,142.61,332.707,15.212,6.609,50.667,0.104,0.314,0.089,0.11,0.253,0.012,0.005,19.577,8.563,54.003,15.686,19.46,43.529,2.076,0.865
India,2011,IND,1257621248.0,5675666636800.0,13.83,1.519,9.942,12.503,13.629,17.14,1.658,0.19,625.696,3.892,130.318,2766.226,3478.864,557.6,701.25,-0.745,-21.892,2318.04,2915.217,67.819,52.821,1039.12,1034.0,15.7,5.463,341.164,5236.977,1.16,4.007,231.208,658.513,828.16,4772.454,6001.939,80.093,91.13,2.246,13.243,602.859,93.478,117.56,479.364,-9.479,-44.958,341.386,429.334,11.369,9.153,646.97,21.114,61.5,363.327,104.722,131.7,288.901,12.737,5.517,23.587,109.957,584.195,163.674,205.84,464.524,19.907,8.87,5.12,0.493,39.604,23.825,85.302,25.62,32.22,67.828,3.116,1.295,4.783,87.647,1920.216,7.435,9.35,1526.864,3.978,19.081,396.577,498.743,0.904,29.155,54.705,17.137,,19.881,9.072,13.627,,43.499,1.657,,0.831,822.187,6586.134,21.18,86.132,498.893,138.054,173.62,396.695,16.791,7.575,631.858,1.968,2.281,0.66,0.83,1.814,0.08,0.035,23.108,12.073,66.076,19.044,23.95,52.541,2.316,1.003
India,2012,IND,1274487168.0,5949387964416.0,-3.378,-0.422,9.479,12.08,15.646,19.94,1.826,0.174,648.291,8.881,308.954,2972.033,3787.818,617.605,787.13,1.749,50.994,2327.376,2966.21,72.092,54.559,1096.48,1091.84,15.727,5.412,356.433,5447.341,1.167,6.319,379.287,701.027,893.45,5006.897,6381.226,81.83,91.915,-7.608,-45.868,556.991,75.521,96.25,437.031,-13.196,-56.656,292.414,372.678,8.815,8.023,707.83,-12.094,-45.876,317.451,90.844,115.78,249.082,10.604,4.573,-3.61,-22.854,561.341,155.663,198.39,440.444,18.17,8.085,4.64,0.423,2.843,1.893,87.196,26.003,33.14,68.416,3.035,1.256,6.051,116.201,2036.417,7.901,10.07,1597.833,-0.78,-3.893,388.274,494.851,0.922,29.332,63.64,19.936,,16.333,8.935,15.642,,49.934,1.826,,0.917,856.69,6942.567,-4.728,-24.747,474.145,129.66,165.25,372.028,15.135,6.83,153.809,3.474,5.755,1.648,2.1,4.516,0.192,0.083,14.53,9.142,75.218,21.522,27.43,59.019,2.512,1.083
India,2013,IND,1291132032.0,6320315957248.0,-0.262,-0.032,9.332,12.049,17.411,22.48,1.961,0.168,649.589,5.859,221.911,3105.592,4009.729,656.765,847.97,0.267,7.906,2303.495,2974.117,73.985,55.901,1150.09,1146.14,15.979,3.318,230.379,5555.548,1.135,2.663,169.958,716.371,924.93,5073.985,6551.184,80.7,91.332,-11.993,-66.798,490.193,51.358,66.31,379.661,-16.649,-62.047,240.588,310.631,5.786,6.834,744.52,13.998,42.258,359.709,102.22,131.98,278.6,11.515,5.015,10.83,60.421,621.762,171.33,221.21,481.563,19.3,8.668,3.95,0.343,0.509,-0.085,87.111,25.799,33.31,67.469,2.906,1.214,0.729,14.845,2051.262,8.249,10.65,1588.732,-0.807,-3.993,380.176,490.858,0.929,28.597,71.754,22.478,,12.751,8.115,17.41,,55.575,1.961,,1.0,887.702,7172.946,12.76,60.506,534.651,145.531,187.9,414.095,16.394,7.454,63.554,3.601,9.356,2.657,3.43,7.247,0.299,0.13,9.386,6.564,81.783,23.243,30.01,63.342,2.618,1.14
India,2014,IND,1307246464.0,6754740994048.0,12.747,1.536,10.392,13.585,18.879,24.68,1.956,0.177,656.329,9.76,391.344,3366.674,4401.073,726.665,949.93,5.367,159.607,2397.194,3133.724,75.271,57.478,1262.59,1262.02,16.482,6.747,483.967,5857.284,1.134,6.758,442.717,784.313,1025.29,5350.102,6993.901,81.242,91.341,-1.056,-5.177,485.016,48.966,64.01,371.021,-5.498,-17.079,224.558,293.552,5.072,6.334,828.3,5.314,16.846,376.555,106.33,139.0,288.052,11.014,4.918,7.309,41.25,663.012,181.091,236.73,507.182,18.758,8.659,0.57,0.045,4.136,3.059,90.17,26.537,34.69,68.977,2.749,1.178,2.757,56.551,2107.813,8.682,11.35,1612.406,-1.337,-6.562,370.47,484.296,0.899,27.528,78.771,24.676,,9.778,7.016,18.876,,60.257,1.955,,1.029,965.403,7656.914,7.837,38.191,572.842,154.554,202.04,438.205,16.009,7.481,42.994,3.943,13.299,3.756,4.91,10.173,0.389,0.174,11.489,8.85,90.633,25.588,33.45,69.331,2.651,1.184
India,2015,IND,1322866560.0,7259602550784.0,6.178,0.839,10.903,14.424,23.147,30.62,2.316,0.182,661.798,2.031,89.397,3394.5,4490.47,760.885,1006.55,4.288,134.379,2470.471,3268.103,76.141,56.68,1322.05,1321.96,16.686,3.468,265.514,5988.833,1.091,3.612,252.592,816.741,1080.44,5477.872,7246.493,81.73,91.468,-1.432,-6.947,478.068,48.962,64.77,361.388,-4.13,-12.124,212.741,281.428,4.9,6.034,874.87,-4.111,-17.628,358.926,100.751,133.28,271.325,10.082,4.531,2.25,12.923,675.935,182.573,241.52,510.962,18.27,8.532,0.09,0.007,10.442,8.823,98.993,28.96,38.31,74.832,2.898,1.25,8.072,170.142,2277.954,6.894,9.12,1721.984,-1.126,-5.455,361.972,478.841,0.69,28.753,97.737,30.617,,24.077,18.966,23.145,,73.883,2.316,,1.234,999.315,7922.428,0.932,4.1,576.942,153.613,203.21,436.13,15.372,7.282,33.762,4.384,17.683,4.966,6.57,13.367,0.497,0.223,-2.133,-2.461,88.172,24.749,32.74,66.652,2.477,1.113
India,2016,IND,1338636288.0,7767449403392.0,20.031,2.889,12.933,17.313,18.541,24.82,1.771,0.209,665.447,2.165,97.222,3427.138,4587.692,802.01,1073.6,1.032,33.728,2466.563,3301.831,76.597,55.417,1400.54,1401.63,16.931,4.494,356.033,6184.25,1.066,4.79,347.137,863.207,1155.52,5672.662,7593.63,82.441,91.728,6.242,29.841,507.91,54.249,72.62,379.423,-5.545,-15.605,198.578,265.823,5.181,6.135,932.71,-3.677,-15.244,343.682,95.904,128.38,256.741,9.159,4.152,2.922,8.896,684.831,183.851,246.11,511.588,17.559,8.272,-1.09,-0.078,-1.07,-1.639,97.354,28.312,37.9,72.726,2.704,1.176,9.661,220.075,2498.029,6.947,9.3,1866.1,-1.427,-6.832,352.604,472.009,0.664,30.175,79.221,24.817,,-18.945,-18.516,18.539,,59.18,1.771,,0.957,1047.058,8278.461,3.625,10.535,587.477,155.539,208.21,438.862,14.855,7.096,75.987,13.253,30.936,8.636,11.56,23.11,0.825,0.374,32.715,28.153,116.325,32.458,43.45,86.898,3.1,1.405
India,2017,IND,1354195712.0,8275647004672.0,-12.027,-2.082,11.247,15.231,18.395,24.91,1.693,0.177,658.208,3.258,149.465,3498.133,4737.157,823.544,1115.24,0.846,27.922,2458.842,3329.753,75.807,55.12,1469.03,1471.16,17.118,3.814,315.745,6346.354,1.038,3.311,251.422,885.286,1198.85,5793.145,7845.052,81.49,91.283,5.53,28.089,535.999,55.376,74.99,395.806,4.18,11.11,204.5,276.933,5.097,6.237,968.33,5.797,17.783,361.465,100.296,135.82,266.922,9.232,4.206,9.161,64.323,749.154,201.086,272.31,553.209,18.51,8.717,-2.13,-0.145,-1.275,-1.806,95.548,27.625,37.41,70.557,2.543,1.112,2.957,73.868,2571.897,6.365,8.62,1899.206,-0.365,-1.724,347.28,470.285,0.586,29.926,79.512,24.908,,0.368,0.291,18.393,,58.715,1.693,,0.925,1086.372,8594.206,10.915,66.13,653.606,173.461,234.9,482.653,15.967,7.605,86.437,26.401,57.336,15.906,21.54,42.34,1.464,0.667,21.119,23.737,140.062,38.864,52.63,103.428,3.577,1.63
India,2018,IND,1369003264.0,8835757506560.0,33.945,5.17,14.902,20.401,19.883,27.22,1.724,0.225,655.366,5.16,244.445,3638.853,4981.602,875.717,1198.86,6.775,225.592,2597.031,3555.345,75.926,54.854,1574.88,1578.98,17.387,5.67,487.303,6633.665,1.028,5.157,404.569,932.299,1276.32,6026.005,8249.621,80.832,90.84,8.202,43.964,579.963,52.052,71.26,423.639,-0.729,-2.018,200.814,274.915,4.513,6.386,1034.81,2.893,8.283,369.748,102.082,139.75,270.086,8.851,4.071,12.353,82.733,831.887,221.081,302.66,607.659,19.168,9.16,-4.1,-0.26,4.373,3.595,99.143,28.524,39.05,72.42,2.473,1.092,4.517,116.16,2688.057,4.529,6.2,1963.514,-2.201,-10.349,335.964,459.936,0.393,29.599,86.905,27.224,,9.298,7.393,19.886,,63.48,1.724,,0.957,1153.379,9081.509,13.546,79.138,732.744,192.556,263.61,535.239,16.695,8.069,68.633,38.786,96.123,26.538,36.33,70.214,2.301,1.058,14.596,19.505,159.567,44.054,60.31,116.557,3.82,1.757
India,2019,IND,1383112064.0,,11.529,2.352,16.451,22.753,22.782,31.51,1.943,0.244,638.05,0.149,7.421,3607.1,4989.023,866.712,1198.76,-1.588,-56.466,2529.714,3498.878,73.91,53.583,1618.77,1621.91,17.42,2.525,229.332,6731.805,,1.304,107.58,920.815,1273.59,6042.317,8357.201,78.524,89.758,2.161,12.536,592.498,52.02,71.95,428.381,-2.131,-5.86,194.529,269.055,4.436,6.364,1034.86,15.966,57.454,427.202,117.178,162.07,308.87,9.993,4.588,14.859,121.752,953.64,251.838,348.32,689.488,21.476,10.242,-3.14,-0.194,15.652,15.095,114.238,32.651,45.16,82.595,2.784,1.227,3.26,87.623,2775.68,2.082,2.88,2006.836,-5.209,-23.959,315.214,435.976,0.178,29.811,100.591,31.512,,15.749,13.687,22.783,,72.728,1.943,,1.08,1172.653,9310.841,14.75,106.657,839.401,219.187,303.16,606.893,18.692,9.015,27.349,25.838,121.96,33.454,46.27,88.178,2.853,1.31,4.979,7.327,166.895,45.774,63.31,120.666,3.903,1.792
India,2020,IND,1396387072.0,,-1.031,-0.235,16.126,22.518,23.589,32.94,2.108,0.255,624.959,-5.499,-274.351,3376.336,4714.672,806.202,1125.77,-0.051,-1.797,2504.378,3497.081,72.04,53.448,1562.6,1562.71,17.716,-5.26,-489.729,6317.096,,-6.206,-518.675,861.036,1202.34,5613.434,7838.526,76.939,88.861,1.874,11.103,603.601,53.323,74.46,432.259,-11.689,-31.449,170.158,237.606,4.765,6.843,976.63,1.01,2.731,429.933,117.238,163.71,307.89,10.476,4.874,3.16,28.946,982.585,258.073,360.37,703.663,23.061,11.139,-0.11,-0.007,-1.217,-1.805,112.433,31.947,44.61,80.517,2.855,1.275,-9.202,-255.427,2520.253,1.511,2.11,1804.838,-6.239,-27.199,292.739,408.778,0.135,28.571,104.881,32.855,,4.264,4.29,23.529,,75.109,2.102,,1.189,1119.109,8821.111,3.767,30.751,870.152,226.126,315.76,623.146,20.206,9.864,26.835,32.159,154.12,42.023,58.68,110.37,3.755,1.747,-4.56,-8.195,158.7,43.276,60.43,113.65,3.867,1.799
India,2021,IND,1407563904.0,,39.907,8.986,22.382,31.505,25.2,35.47,2.07,0.329,637.182,13.686,645.257,3807.947,5359.929,903.078,1271.14,6.292,220.037,2640.816,3717.118,74.173,55.92,1711.87,1713.75,17.88,8.66,763.864,6809.62,,9.069,710.869,950.316,1337.63,6073.895,8549.395,78.053,89.196,2.86,17.263,620.864,45.597,64.18,441.091,20.11,47.782,202.753,285.388,3.745,6.477,1091.97,-2.059,-10.394,419.539,113.906,160.33,298.06,9.356,4.377,6.822,52.996,1035.581,267.213,376.12,735.726,21.947,10.804,-1.88,-0.11,-1.558,-2.157,110.276,31.203,43.92,78.345,2.563,1.151,1.918,48.349,2568.601,1.641,2.31,1824.856,-3.383,-13.829,280.59,394.949,0.135,26.798,117.347,36.76,,11.886,12.466,26.116,,83.369,2.145,,1.224,1217.529,9584.976,7.927,55.153,925.305,236.011,332.2,657.381,19.384,9.654,16.397,24.614,178.734,48.531,68.31,126.981,3.986,1.865,12.688,19.481,178.181,48.374,68.09,126.588,3.973,1.859
India,2022,IND,1417173120.0,,14.897,4.693,25.542,36.198,25.755,36.5,1.986,0.358,632.406,4.133,221.5,3938.424,5581.429,961.844,1363.1,12.248,455.259,2944.155,4172.377,74.164,55.134,1835.63,1837.95,18.155,5.618,538.468,7143.406,,4.743,405.456,998.699,1415.33,6318.812,8954.851,77.006,88.457,-6.286,-39.025,581.839,35.176,49.85,410.563,4.426,12.631,210.291,298.019,2.712,5.747,1162.33,9.101,36.513,456.052,123.21,174.61,321.804,9.5,4.505,13.291,133.01,1168.592,298.213,422.62,824.593,22.994,11.543,-2.32,-0.126,5.184,5.294,115.57,32.664,46.29,81.549,2.519,1.142,8.681,222.982,2791.583,1.679,2.38,1969.825,-2.758,-10.892,271.002,384.057,0.129,27.575,130.065,40.745,,10.838,12.719,28.751,,91.778,2.217,,1.285,1296.913,10123.443,14.266,127.717,1053.022,265.55,376.33,743.044,20.476,10.402,39.312,69.356,248.09,67.155,95.17,175.06,5.178,2.451,2.865,4.437,182.617,49.429,70.05,128.86,3.811,1.804
Indonesia,1900,IDN,38179623.0,51910098944.0,,,,,,,,,,,,,,,,,,43.285,1.653,,,,,,,,,,,,,,,,,,,,,,,,,,0.0,0.0,,,,,,,,,,,,,,,,,,,,,,,,,,,,,,,,,,,,,,94.735,3.617,,,,,,,,,,,,,,,,,,,,,,,,,,,,,,,,,,,,,,,
Indonesia,1901,IDN,38668903.0,51089575936.0,,,,,,,,,,,,,,,,0.985,0.016,43.159,1.669,,,,,,,,,,,,,,,,,,,,,,,,,0.0,0.0,0.0,,,,,,,,,,,,,,,,,,,,,,,,,,,,,,,,,,,,78.135,2.826,166.62,6.443,,,,,,,,,,,,,,,,,,,,,,,,,,,,,,,,,,,,,,,
Indonesia,1902,IDN,39163692.0,50067218432.0,,,,,,,,,,,,,,,,-6.341,-0.106,39.911,1.563,,,,,,,,,,,,,,,,,,,,,,,,,0.0,0.0,0.0,,,,,,,,,,,,,,,,,,,,,,,,,,,,,,,,,,,,-39.35,-2.535,99.778,3.908,,,,,,,,,,,,,,,,,,,,,,,,,,,,,,,,,,,,,,,
Indonesia,1903,IDN,39646401.0,52836519936.0,,,,,,,,,,,,,,,,9.896,0.155,43.327,1.718,,,,,,,,,,,,,,,,,,,,,,,,,0.0,0.0,0.0,,,,,,,,,,,,,,,,,,,,,,,,,,,,,,,,,,,,136.905,5.35,233.501,9.257,,,,,,,,,,,,,,,,,,,,,,,,,,,,,,,,,,,,,,,
Indonesia,1904,IDN,40116661.0,53544038400.0,,,,,,,,,,,,,,,,9.479,0.163,46.878,1.881,,,,,,,,,,,,,,,,,,,,,,,,,0.0,0.0,0.0,,,,,,,,,,,,,,,,,,,,,,,,,,,,,,,,,,,,12.814,1.186,260.334,10.444,,,,,,,,,,,,,,,,,,,,,,,,,,,,,,,,,,,,,,,
Indonesia,1905,IDN,40574022.0,54217261056.0,,,,,,,,,,,,,,,,32.035,0.602,61.197,2.483,,,,,,,,,,,,,,,,,,,,,,,,,0.0,0.0,0.0,,,,,,,,,,,,,,,,,,,,,,,,,,,,,,,,,,,,20.601,2.152,310.427,12.595,,,,,,,,,,,,,,,,,,,,,,,,,,,,,,,,,,,,,,,
Indonesia,1906,IDN,41018198.0,55577653248.0,,,,,,,,,,,,,,,,21.967,0.545,73.832,3.028,,,,,,,,,,,,,,,,,,,,,,,,,0.0,0.0,0.0,,,,,,,,,,,,,,,,,,,,,,,,,,,,,,,,,,,,4.34,0.547,320.392,13.142,,,,,,,,,,,,,,,,,,,,,,,,,,,,,,,,,,,,,,,
Indonesia,1907,IDN,41465424.0,57010999296.0,,,,,,,,,,,,,,,,8.065,0.244,78.926,3.273,,,,,,,,,,,,,,,,,,,,,,,,,0.0,0.0,0.0,,,,,,,,,,,,,,,,,,,,,,,,,,,,,,,,,,,,21.947,2.884,386.494,16.026,,,,,,,,,,,,,,,,,,,,,,,,,,,,,,,,,,,,,,,
Indonesia,1908,IDN,41914876.0,56856240128.0,,,,,,,,,,,,,,,,6.468,0.212,83.129,3.484,,,,,,,,,,,,,,,,,,,,,,,,,0.0,0.0,0.0,,,,,,,,,,,,,,,,,,,,,,,,,,,,,,,,,,,,3.048,0.488,394.003,16.515,,,,,,,,,,,,,,,,,,,,,,,,,,,,,,,,,,,,,,,
Indonesia,1909,IDN,42366545.0,59669188608.0,,,,,,,,,,,,,,,,15.421,0.537,94.925,4.022,,,,,,,,,,,,,,,,,,,,,,,,,0.0,0.0,0.0,,,,,,,,,,,,,,,,,,,,,,,,,,,,,,,,,,,,7.324,1.21,418.352,17.724,,,,,,,,,,,,,,,,,,,,,,,,,,,,,,,,,,,,,,,
Indonesia,1910,IDN,42820498.0,63242977280.0,,,,,,,,,,,,,,,,9.919,0.399,103.235,4.421,,,,,,,,,,,,,,,,,,,,,,,,,0.0,0.0,0.0,,,,,,,,,,,,,,,,,,,,,,,,,,,,,,,,,,,,-0.066,-0.012,413.645,17.712,,,,,,,,,,,,,,,,,,,,,,,,,,,,,,,,,,,,,,,
Indonesia,1911,IDN,43254585.0,66186964992.0,,,,,,,,,,,,,,,,11.05,0.488,113.491,4.909,,,,,,,,,,,,,,,,,,,,,,,,,0.0,0.0,0.0,,,,,,,,,,,,,,,,,,,,,,,,,,,,,,,,,,,,9.718,1.721,449.287,19.434,,,,,,,,,,,,,,,,,,,,,,,,,,,,,,,,,,,,,,,
Indonesia,1912,IDN,43716724.0,67204390912.0,,,,,,,,,,,,,,,,0.995,0.049,113.409,4.958,,,,,,,,,,,,,,,,,,,,,,,,,0.0,0.0,0.0,,,,,,,,,,,,,,,,,,,,,,,,,,,,,,,,,,,,-9.096,-1.768,404.101,17.666,,,,,,,,,,,,,,,,,,,,,,,,,,,,,,,,,,,,,,,
Indonesia,1913,IDN,44180972.0,70277955584.0,,,,,,,,,,,,,,,,-6.732,-0.334,104.662,4.624,,,,,,,,,,,,,,,,,,,,,,,,,0.0,0.0,0.0,,,,,,,,,,,,,,,,,,,,,,,,,,,,,,,,,,,,0.461,0.081,401.697,17.747,,,,,,,,,,,,,,,,,,,,,,,,,,,,,,,,,,,,,,,
Indonesia,1914,IDN,44647319.0,70179414016.0,,,,,,,,,,,,,,,,8.979,0.415,112.869,5.039,,,,,,,,,,,,,,,,,,,,,,,,,0.0,0.0,0.0,,,,,,,,,,,,,,,,,,,,,,,,,,,,,,,,,,,,2.818,0.5,408.702,18.247,,,,,,,,,,,,,,,,,,,,,,,,,,,,,,,,,,,,,,,
Indonesia,1915,IDN,45118696.0,71131422720.0,,,,,,,,,,,,,,,,0.646,0.033,112.411,5.072,,,,,,,,,,,,,,,,,,,,,,,,,0.0,0.0,0.0,,,,,,,,,,,,,,,,,,,,,,,,,,,,,,,,,,,,1.848,0.337,411.908,18.585,,,,,,,,,,,,,,,,,,,,,,,,,,,,,,,,,,,,,,,
Indonesia,1916,IDN,45528655.0,71621763072.0,,,,,,,,,,,,,,,,20.225,1.026,133.929,6.098,,,,,,,,,,,,,,,,,,,,,,,,,0.0,0.0,0.0,,,,,,,,,,,,,,,,,,,,,,,,,,,,,,,,,,,,8.26,1.535,441.917,20.12,,,,,,,,,,,,,,,,,,,,,,,,,,,,,,,,,,,,,,,
Indonesia,1917,IDN,45837761.0,71790051328.0,,,,,,,,,,,,,,,,9.88,0.602,146.169,6.7,,,,,,,,,,,,,,,,,,,,,,,,,0.0,0.0,0.0,,,,,,,,,,,,,,,,,,,,,,,,,,,,,,,,,,,,3.526,0.709,454.414,20.829,,,,,,,,,,,,,,,,,,,,,,,,,,,,,,,,,,,,,,,
Indonesia,1918,IDN,46225903.0,73209782272.0,,,,,,,,,,,,,,,,1.215,0.081,146.702,6.781,,,,,,,,,,,,,,,,,,,,,,,,,0.0,0.0,0.0,,,,,,,,,,,,,,,,,,,,,,,,,,,,,,,,,,,,-1.508,-0.314,443.806,20.515,,,,,,,,,,,,,,,,,,,,,,,,,,,,,,,,,,,,,,,
Indonesia,1919,IDN,46707410.0,79914983424.0,,,,,,,,,,,,,,,,14.046,0.952,165.583,7.734,,,,,,,,,,,,,,,,,,,,,,,,,0.0,0.0,0.0,,,,,,,,,,,,,,,,,,,,,,,,,,,,,,,,,,,,22.449,4.605,537.833,25.121,,,,,,,,,,,,,,,,,,,,,,,,,,,,,,,,,,,,,,,
Indonesia,1920,IDN,47304303.0,77485137920.0,,,,,,,,,,,,,,,,-88.842,-6.871,18.242,0.863,,,,,,,,,,,,,,,,,,,,,,,,,0.0,0.0,0.0,,,,,,,,,,,,,,,,,,,,,,,,,,,,,,,,,,,,9.491,2.384,581.447,27.505,,,,,,,,,,,,,,,,,,,,,,,,,,,,,,,,,,,,,,,
Indonesia,1921,IDN,47889453.0,77563396096.0,,,,,,,,,,,,,,,,1043.396,9.004,206.035,9.867,,,,,,,,,,,,,,,,,,,,,,,,,0.0,0.0,0.0,,,,,,,,,,,,,,,,,,,,,,,,,,,,,,,,,,,,-0.254,-0.07,572.885,27.435,,,,,,,,,,,,,,,,,,,,,,,,,,,,,,,,,,,,,,,
Indonesia,1922,IDN,48464913.0,79663742976.0,,,,,,,,,,,,,,,,-14.109,-1.392,174.864,8.475,,,,,,,,,,,,,,,,,,,,,,,,,1.313,27.086,1.313,,,,,,,,,,,,,,,,,,,,,,,,,,,,,,,,,,,,0.975,0.267,571.602,27.703,,,,,,,,,,,,,,,,,,,,,,,,,,,,,,,,,,,,,,,
Indonesia,1923,IDN,49048301.0,81177518080.0,,,,,,,,,,,,,,,,11.047,0.936,191.872,9.411,,,,,,,,,,,,,,,,,,,,,,,,37.615,0.494,36.831,1.806,,,,,,,,,,,,,,,,,,,,,,,,,,,,,,,,,,,,18.934,5.245,671.742,32.948,,,,,,,,,,,,,,,,,,,,,,,,,,,,,,,,,,,,,,,
Indonesia,1924,IDN,49640203.0,85424193536.0,,,,,,,,,,,,,,,,25.173,2.369,237.308,11.78,,,,,,,,,,,,,,,,,,,,,,,,27.333,0.494,46.339,2.3,,,,,,,,,,,,,,,,,,,,,,,,,,,,,,,,,,,,3.283,1.082,685.521,34.029,,,,,,,,,,,,,,,,,,,,,,,,,,,,,,,,,,,,,,,
Indonesia,1925,IDN,50240326.0,87028097024.0,,,,,,,,,,,,,,,,-3.179,-0.374,227.02,11.406,,,,,,,,,,,,,,,,,,,,,,,,21.466,0.494,55.613,2.794,,,,,,,,,,,,,,,,,,,,,,,,,,,,,,,,,,,,4.785,1.628,709.74,35.658,,,,,,,,,,,,,,,,,,,,,,,,,,,,,,,,,,,,,,,
Indonesia,1926,IDN,50849550.0,92032958464.0,,,,,,,,,,,,,,,,4.64,0.529,234.706,11.935,,,,,,,,,,,,,,,,,,,,,,,,17.672,0.494,64.658,3.288,,,,,,,,,,,,,,,,,,,,,,,,,,,,,,,,,,,,-1.533,-0.547,690.487,35.111,,,,,,,,,,,,,,,,,,,,,,,,,,,,,,,,,,,,,,,
Indonesia,1927,IDN,51467289.0,97879146496.0,,,,,,,,,,,,,,,,10.505,1.254,256.249,13.188,,,,,,,,,,,,,,,,,,,,,,,,15.018,0.494,73.475,3.782,,,,,,,,,,,,,,,,,,,,,,,,,,,,,,,,,,,,22.358,7.85,834.729,42.961,,,,,,,,,,,,,,,,,,,,,,,,,,,,,,,,,,,,,,,
Indonesia,1928,IDN,52094423.0,101521252352.0,,,,,,,,,,,,,,,,5.185,0.684,266.291,13.872,,,,,,,,,,,,,,,,,,,,,,,,13.057,0.494,82.069,4.275,,,,,,,,,,,,,,,,,,,,,,,,,,,,,,,,,,,,16.622,7.141,961.754,50.102,,,,,,,,,,,,,,,,,,,,,,,,,,,,,,,,,,,,,,,
Indonesia,1929,IDN,52730659.0,103854333952.0,,,,,,,,,,,,,,,,7.512,1.042,282.839,14.914,,,,,,,,,,,,,,,,,,,,,,,,16.526,0.707,94.478,4.982,,,,,,,,,,,,,,,,,,,,,,,,,,,,,,,,,,,,21.611,10.828,1155.487,60.93,,,,,,,,,,,,,,,,,,,,,,,,,,,,,,,,,,,,,,,
Indonesia,1930,IDN,53422386.0,105315721216.0,,,,,,,,,,,,,,,,2.129,0.317,285.12,15.232,,,,,,,,,,,,,,,,,,,,,,,,14.182,0.707,106.48,5.688,,,,,,,,,,,,,,,,,,,,,,,,,,,,,,,,,,,,-3.97,-2.419,1095.244,58.511,,,,,,,,,,,,,,,,,,,,,,,,,,,,,,,,,,,,,,,
Indonesia,1931,IDN,54167255.0,98592702464.0,,,,,,,,,,,,,,,,-24.96,-3.802,211.012,11.43,,,,,,,,,,,,,,,,,,,,,,,,12.421,0.707,118.06,6.395,,,,,,,,,,,,,,,,,,,,,,,,,,,,,,,,,,,,-8.607,-5.036,987.215,53.475,,,,,,,,,,,,,,,,,,,,,,,,,,,,,,,,,,,,,,,
Indonesia,1932,IDN,54965265.0,94763261952.0,,,,,,,,,,,,,,,,-25.214,-2.882,155.517,8.548,,,,,,,,,,,,,,,,,,,,,,,,11.048,0.707,129.2,7.102,,,,,,,,,,,,,,,,,,,,,,,,,,,,,,,,,,,,10.244,5.478,1072.54,58.952,,,,,,,,,,,,,,,,,,,,,,,,,,,,,,,,,,,,,,,
Indonesia,1933,IDN,55772671.0,95742566400.0,,,,,,,,,,,,,,,,-1.429,-0.122,151.076,8.426,,,,,,,,,,,,,,,,,,,,,,,,9.949,0.707,139.998,7.808,,,,,,,,,,,,,,,,,,,,,,,,,,,,,,,,,,,,9.193,5.42,1154.186,64.372,,,,,,,,,,,,,,,,,,,,,,,,,,,,,,,,,,,,,,,
Indonesia,1934,IDN,56592409.0,97150009344.0,,,,,,,,,,,,,,,,-0.193,-0.016,148.6,8.41,,,,,,,,,,,,,,,,,,,,,,,,9.049,0.707,150.454,8.515,,,,,,,,,,,,,,,,,,,,,,,,,,,,,,,,,,,,9.395,6.048,1244.33,70.42,,,,,,,,,,,,,,,,,,,,,,,,,,,,,,,,,,,,,,,
Indonesia,1935,IDN,57426239.0,99821166592.0,,,,,,,,,,,,,,,,7.551,0.635,157.5,9.045,,,,,,,,,,,,,,,,,,,,,,,,8.298,0.707,160.573,9.221,,,,,,,,,,,,,,,,,,,,,,,,,,,,,,,,,,,,0.446,0.314,1231.731,70.734,,,,,,,,,,,,,,,,,,,,,,,,,,,,,,,,,,,,,,,
Indonesia,1936,IDN,58274749.0,106169204736.0,,,,,,,,,,,,,,,,3.24,0.293,160.236,9.338,,,,,,,,,,,,,,,,,,,,,,,,7.662,0.707,170.359,9.928,,,,,,,,,,,,,,,,,,,,,,,,,,,,,,,,,,,,5.853,4.14,1284.844,74.874,,,,,,,,,,,,,,,,,,,,,,,,,,,,,,,,,,,,,,,
Indonesia,1937,IDN,59137646.0,118784974848.0,,,,,,,,,,,,,,,,19.704,1.84,189.01,11.178,,,,,,,,,,,,,,,,,,,,,,,,7.117,0.707,179.821,10.634,,,,,,,,,,,,,,,,,,,,,,,,,,,,,,,,,,,,12.799,9.583,1428.144,84.457,,,,,,,,,,,,,,,,,,,,,,,,,,,,,,,,,,,,,,,
Indonesia,1938,IDN,60015810.0,118306021376.0,,,,,,,,,,,,,,,,6.118,0.684,197.639,11.861,,,,,,,,,,,,,,,,,,,,,,,,-100.0,-10.634,0.0,0.0,,,,,,,,,,,,,,,,,,,,,,,,,,,,,,,,,,,,1.873,1.582,1433.601,86.039,,,,,,,,,,,,,,,,,,,,,,,,,,,,,,,,,,,,,,,
Indonesia,1939,IDN,60908068.0,119488020480.0,,,,,,,,,,,,,,,,22.237,2.638,238.049,14.499,,,,,,,,,,,,,,,,,,,,,,,,,0.0,0.0,0.0,,,,,,,,,,,,,,,,,,,,,,,,,,,,,,,,,,,,7.448,6.408,1517.81,92.447,,,,,,,,,,,,,,,,,,,,,,,,,,,,,,,,,,,,,,,
Indonesia,1940,IDN,61843190.0,131348013056.0,,,,,,,,,,,,,,,,12.802,1.856,264.464,16.355,,,,,,,,,,,,,,,,,,,,,,,,,0.0,0.0,0.0,,,,,,,,,,,,,,,,,,,,,,,,,,,,,,,,,,,,-0.126,-0.116,1492.979,92.331,,,,,,,,,,,,,,,,,,,,,,,,,,,,,,,,,,,,,,,
Indonesia,1941,IDN,62820886.0,136663105536.0,,,,,,,,,,,,,,,,-0.946,-0.155,257.885,16.201,,,,,,,,,,,,,,,,,,,,,,,,,0.0,0.0,0.0,,,,,,,,,,,,,,,,,,,,,,,,,,,,,,,,,,,,-13.276,-12.258,1274.617,80.073,,,,,,,,,,,,,,,,,,,,,,,,,,,,,,,,,,,,,,,
Indonesia,1942,IDN,63742503.0,,,,,,,,,,,,,,,,,-100.0,-16.201,0.0,0.0,,,,,,,,,,,,,,,,,,,,,,,,,0.0,0.0,0.0,,,,,,,,,,,,,,,,,,,,,,,,,,,,,,,,,,,,-55.221,-44.217,562.502,35.855,,,,,,,,,,,,,,,,,,,,,,,,,,,,,,,,,,,,,,,
Indonesia,1943,IDN,64402814.0,,,,,,,,,,,,,,,,,,0.0,0.0,0.0,,,,,,,,,,,,,,,,,,,,,,,,,0.0,0.0,0.0,,,,,,,,,,,,,,,,,,,,,,,,,,,,,,,,,,,,101.2,36.286,1120.151,72.141,,,,,,,,,,,,,,,,,,,,,,,,,,,,,,,,,,,,,,,
Indonesia,1944,IDN,64654432.0,,,,,,,,,,,,,,,,,,0.0,0.0,0.0,,,,,,,,,,,,,,,,,,,,,,,,,0.0,0.0,0.0,,,,,,,,,,,,,,,,,,,,,,,,,,,,,,,,,,,,-53.909,-38.891,514.275,33.25,,,,,,,,,,,,,,,,,,,,,,,,,,,,,,,,,,,,,,,
Indonesia,1945,IDN,64894598.0,,,,,,,,,,,,,,,,,,0.0,0.0,0.0,,,,,,,,,,,,,,,,,,,,,,,,,0.0,0.0,0.0,,,,,,,,,,,,,,,,,,,,,,,,,,,,,,,,,,,,-65.862,-21.899,174.913,11.351,,,,,,,,,,,,,,,,,,,,,,,,,,,,,,,,,,,,,,,
Indonesia,1946,IDN,65358783.0,,,,,,,,,,,,,,,,,,1.278,19.556,1.278,,,,,,,,,,,,,,,,,,,,,,,,,0.0,0.0,0.0,,,,,,,,,,,,,,,,,,,,,,,,,,,,,,,,,,,,-69.057,-7.839,53.738,3.512,,,,,,,,,,,,,,,,,,,,,,,,,,,,,,,,,,,,,,,
Indonesia,1947,IDN,66226965.0,,,,,,,,,,,,,,,,,42.038,0.537,27.412,1.815,,,,,,,,,,,,,,,,,,,,,,,,,0.289,4.364,0.289,,,,,,,,,,,,,,,,,,,,,,,,,,,,,,,,,,,,268.543,9.432,195.452,12.944,,,,,,,,,,,,,,,,,,,,,,,,,,,,,,,,,,,,,,,
Indonesia,1948,IDN,67261032.0,,,,,,,,,,,,,,,,,142.152,2.581,65.359,4.396,,,,,,,,,,,,,,,,,,,,,,,,1437.5,4.155,66.07,4.444,,,,,,,,,,,,,,,,,,,,,,,,,,,,,,,,,,,,290.566,37.611,751.633,50.556,,,,,,,,,,,,,,,,,,,,,,,,,,,,,,,,,,,,,,,
Indonesia,1949,IDN,68405199.0,94018076672.0,,,,,,,,,,,,,,,,22.593,0.993,78.786,5.389,,,,,,,,,,,,,,,,,,,,,,,,60.163,2.674,104.05,7.118,,,,,,,,,,,,,,,,,,,,,,,,,,,,,,,,,,,,42.581,21.527,1053.761,72.083,,,,,,,,,,,,,,,,,,,,,,,,,,,,,,,,,,,,,,,
Indonesia,1950,IDN,69567624.0,105742753792.0,,,,,,,,,,,,,,,,21.45,1.156,94.086,6.545,,,,,,,,,,,,,,,,,,,,,,,,5.076,0.361,107.505,7.479,,,,,,,,,,,,,,,,,,,,,,,,,,,,,,,,,,,,14.182,10.223,1183.101,82.306,,,,,,,,,,,,,,,,,,,,,,,,,,,,,,,,,,,,,,,
Indonesia,1951,IDN,71019352.0,113595809792.0,,,,,,,,,,,,,,,,7.96,0.521,99.499,7.066,,,,,,,,,,,,,,,,,,,,,,,,26.409,1.975,133.118,9.454,,,,,,,,,,,,,,,,,,,,,,,,,,,,,,,,,,,,18.058,14.863,1368.2,97.169,,,,,,,,,,,,,,,,,,,,,,,,,,,,,,,,,,,,,,,
Indonesia,1952,IDN,72570832.0,119008854016.0,,,,,,,,,,,,,,,,11.636,0.822,108.702,7.889,,,,,,,,,,,,,,,,,,,,,,,,36.178,3.42,177.402,12.874,,,,,,,,,,,,,,,,,,,,,,,,,,,,,,,,,,,,5.099,4.954,1407.219,102.123,,,,,,,,,,,,,,,,,,,,,,,,,,,,,,,,,,,,,,,
Indonesia,1953,IDN,74207992.0,125027606528.0,,,,,,,,,,,,,,,,-7.43,-0.586,98.406,7.302,,,,,,,,,,,,,,,,,,,,,,,,27.783,3.577,221.689,16.451,,,,,,,,,,,,,,,,,,,,,,,,,,,,,,,,,,,,19.428,19.841,1643.54,121.964,,,,,,,,,,,,,,,,,,,,,,,,,,,,,,,,,,,,,,,
Indonesia,1954,IDN,75925328.0,132648517632.0,,,,,,,,,,,,,,,,0.334,0.024,96.501,7.327,,,,,,,,,,,,,,,,,,,,,,,,15.813,2.601,250.936,19.052,,,,,,,,,,,,,,,,,,,,,,,,,,,,,,,,,,,,8.029,9.792,1735.34,131.756,,,,,,,,,,,,,,,,,,,,,,,,,,,,,,,,,,,,,,,
Indonesia,1955,IDN,77741512.0,136433229824.0,,,,,,,,,,,,,,,,-9.556,-0.7,85.241,6.627,,,,,,,,,,,,,,,,,,,,,,,,20.607,3.926,295.576,22.979,,,,,,,,,,,,,,,,,,,,,,,,,,,,,,,,,,,,7.724,10.176,1825.698,141.933,,,,,,,,,,,,,,,,,,,,,,,,,,,,,,,,,,,,,,,
Indonesia,1956,IDN,79661840.0,138179182592.0,,,,,,,,,,,,,,,,1.72,0.114,84.617,6.741,,,,,,,,,,,,,,,,,,,,,,,,7.18,1.65,309.162,24.628,,,,,,,,,,,,,,,,,,,,,,,,,,,,,,,,,,,,7.284,10.339,1911.475,152.272,,,,,,,,,,,,,,,,,,,,,,,,,,,,,,,,,,,,,,,
Indonesia,1957,IDN,81690984.0,147685294080.0,,,,,,,,,,,,,,,,-13.406,-0.904,71.453,5.837,,,,,,,,,,,,,,,,,,,,,,,,6.015,1.481,319.616,26.11,,,,,,,,,,,,,,,,,,,,,,,,,,,,,,,,,,,,20.675,31.482,2249.379,183.754,,,,,,,,,,,,,,,,,,,,,,,,,,,,,,,,,,,,,,,
Indonesia,1958,IDN,83818760.0,142311981056.0,,,,,,,,,,,,,,,,-15.9,-0.928,58.567,4.909,,,,,,,,,,,,,,,,,,,,,,,,-3.736,-0.976,299.864,25.134,,,,,,,,,,,,,,,,,,,,,,,,,,,,,,,,,,,,3.652,6.711,2272.337,190.465,,,,,,,,,,,,,,,,,,,,,,,,,,,,,,,,,,,,,,,
Indonesia,1959,IDN,86047672.0,148373766144.0,,,,,,,,,,,,,,,,5.804,0.285,60.361,5.194,,,,,,,,,,,,,,,,,,,,,,,,6.852,1.722,312.111,26.856,,,,,,,,,,,,,,,,,,,,,,,,,,,,,,,,,,,,12.646,24.086,2493.388,214.55,,,,,,,,,,,,,,,,,,,,,,,,,,,,,,,,,,,,,,,
Indonesia,1960,IDN,88382888.0,154784595968.0,,,,,,,,,,,,,,,,3.135,0.163,60.609,5.357,,,,,,,,,,,,,,,,,,,,,,,,9.013,2.421,331.254,29.277,,,,,,,,,,,,,,,,,,,,,,,,,,,,,,,,,,,,12.798,27.458,2738.185,242.009,,,,,,,,,,,,,,,,,,,,,,,,,,,,,,,,,,,,,,,
Indonesia,1961,IDN,90816944.0,164961484800.0,,,,,,,,,,,,,,,,-16.565,-0.887,49.213,4.469,,,,,,,,,,,,,,,,,,,,,,,,5.636,1.65,340.543,30.927,,,,,,,,,,,,,,,,,,,,,,,,,,,,,,,,,,,,2.283,5.524,2725.625,247.533,,,,,,,,,,,,,,,,,,,,,,,,,,,,,,,,,,,,,,,
Indonesia,1962,IDN,93345496.0,164672684032.0,,,,,,,,,,,,,,,,-14.026,-0.627,41.165,3.843,,,,,,,,,,,,,,,,,,,,,,,,5.335,1.65,348.994,32.577,,,,,,,,,,,,,,,,,,,,,,,,,,,,,,,,,,,,6.935,17.166,2835.689,264.699,,,,,,,,,,,,,,,,,,,,,,,,,,,,,,,,,,,,,,,
Indonesia,1963,IDN,95962536.0,158306828288.0,,,,,,,,,,,,,,,,25.212,0.969,50.138,4.811,,,,,,,,,,,,,,,,,,,,,,,,3.438,1.12,351.148,33.697,,,,,,,,,,,,,,,,,,,,,,,,,,,,,,,,,,,,-2.131,-5.641,2699.577,259.058,,,,,,,,,,,,,,,,,,,,,,,,,,,,,,,,,,,,,,,
Indonesia,1964,IDN,98675064.0,164270391296.0,,,,,,,,,,,,,,,,-24.196,-1.164,36.961,3.647,,,,,,,,,,,,,,,,,,,,,,,,-2.395,-0.807,333.317,32.89,,,,,,,,,,,,,,,,,,,,,,,,,,,,,,,,,,,,2.891,7.49,2701.27,266.548,,,,,,,,,,,,,,,,,,,,,,,,,,,,,,,,,,,,,,,
Indonesia,1965,IDN,101157872.0,165966266368.0,,,,,,,,,,,,14.831,1.5,,,-39.509,-1.441,21.81,2.206,,1.775,,,,,,835.486,0.509,,,,,782.133,79.119,,93.614,,,5.075,,,50.169,15.562,5.118,375.735,38.009,,6.005,,,,5.397,18.043,1.825,53.354,,6.386,,,5.397,18.043,1.825,53.354,,6.386,,,,,0.0,0.0,0.0,0.0,,0.0,,,72.544,,,717.133,7.052,18.797,2820.791,285.345,,85.834,0.0,0.0,,,,0.0,,0.0,,,0.0,,84.516,,,5.397,18.043,1.825,53.354,,6.386,,,,,,,,,,,0.0,0.0,0.0,0.0,,0.0
Indonesia,1966,IDN,103561104.0,165937627136.0,,,,,,,,,,22.481,0.337,17.744,1.838,,,18.081,0.399,25.155,2.605,,2.19,,,,-0.734,-0.62,810.112,0.506,-2.832,-2.24,,,742.349,76.879,,91.635,2.0,0.101,5.176,,,49.985,0.19,0.072,367.713,38.081,,6.17,,30.024,1.62,7.018,22.916,2.373,67.763,,8.365,30.024,1.62,7.018,22.916,2.373,67.763,,8.365,,,,0.0,0.0,0.0,0.0,0.0,,0.0,-3.693,-2.679,69.864,,,674.621,-2.469,-7.046,2687.299,278.3,,83.275,0.0,0.0,,,0.0,0.0,,0.0,,,0.0,,83.896,30.024,1.62,7.018,22.916,2.373,67.763,,8.365,,,,,,,,,,0.0,0.0,0.0,0.0,0.0,,0.0
Indonesia,1967,IDN,106260752.0,162199044096.0,,,,,,,,,,-29.747,-0.547,12.149,1.291,,,-35.312,-0.92,15.859,1.685,,1.557,,,,-1.191,-0.999,780.13,0.511,-2.421,-1.861,,,705.973,75.017,,90.494,22.157,1.147,6.323,,,59.509,-12.207,-4.649,314.623,33.432,,7.628,,12.291,0.862,7.88,25.079,2.665,74.158,,9.506,12.291,0.862,7.88,25.079,2.665,74.158,,9.506,,,,0.0,0.0,0.0,0.0,0.0,,0.0,-3.523,-2.462,67.403,,,634.315,7.595,21.137,2817.939,299.436,,81.309,0.0,0.0,,,0.0,0.0,,0.0,,,0.0,,82.897,12.291,0.862,7.88,25.079,2.665,74.158,,9.506,,,,,,,,,,0.0,0.0,0.0,0.0,0.0,,0.0
Indonesia,1968,IDN,109138728.0,177944035328.0,,,,,,,,,,-25.225,-0.326,8.845,0.965,,,-14.976,-0.252,13.128,1.433,,1.092,,,,6.669,5.528,810.21,0.497,4.895,3.672,,,721.005,78.69,,88.99,1.605,0.102,6.425,,,58.87,54.431,18.197,473.062,51.629,,7.266,,23.549,1.856,9.736,30.168,3.292,89.205,,11.01,23.549,1.856,9.736,30.168,3.292,89.205,,11.01,,,,0.0,0.0,0.0,0.0,0.0,,0.0,5.781,3.897,71.299,,,653.291,17.773,53.218,3231.249,352.654,,80.632,0.0,0.0,,,0.0,0.0,,0.0,,,0.0,,88.425,23.549,1.856,9.736,30.168,3.292,89.205,,11.01,,,,,,,,,,0.0,0.0,0.0,0.0,0.0,,0.0
Indonesia,1969,IDN,112149256.0,199907966976.0,,,,,,,,,,20.482,0.198,10.37,1.163,,,9.091,0.13,13.937,1.563,,1.165,,,,12.848,11.361,889.761,0.499,13.873,10.916,,,798.989,89.606,,89.798,88.468,5.684,12.109,,,107.972,-39.258,-20.269,279.633,31.361,,12.135,,4.564,0.444,10.18,30.698,3.443,90.772,,10.202,4.564,0.444,10.18,30.698,3.443,90.772,,10.202,,,,0.0,0.0,0.0,0.0,0.0,,0.0,7.061,5.035,76.334,,,680.647,6.886,24.283,3361.034,376.938,,76.498,0.0,0.0,,,0.0,0.0,,0.0,,,0.0,,99.786,4.564,0.444,10.18,30.698,3.443,90.772,,10.202,,,,,,,,,,0.0,0.0,0.0,0.0,0.0,,0.0
Indonesia,1970,IDN,115228392.0,220830580736.0,,,,,,,,,,-13.0,-0.151,8.781,1.012,,,-10.417,-0.163,12.152,1.4,,0.946,,,,7.185,7.17,928.207,0.484,5.551,4.974,,,820.807,94.58,,88.429,3.856,0.467,12.576,,,109.138,-59.22,-18.572,110.988,12.789,,11.758,,21.566,2.195,12.376,36.321,4.185,107.4,,11.571,21.566,2.195,12.376,36.321,4.185,107.4,,11.571,,,,0.0,0.0,0.0,0.0,0.0,,0.0,6.103,4.659,80.993,,,702.888,33.022,124.472,4351.437,501.409,,75.725,0.0,0.0,,,0.0,0.0,,0.0,,,0.0,,106.956,21.566,2.195,12.376,36.321,4.185,107.4,,11.571,,,,,,,,,,0.0,0.0,0.0,0.0,0.0,,0.0
Indonesia,1971,IDN,118347136.0,233065676800.0,,,,,,,,,,14.943,0.151,9.827,1.163,,,15.116,0.212,13.62,1.612,,1.141,,,,-4.725,-5.054,861.043,0.437,3.43,3.244,,,826.592,97.825,,95.999,1.13,0.142,12.718,,,107.463,19.048,2.436,128.647,15.225,,12.481,,-67.054,-8.298,4.077,11.651,1.379,34.452,,4.001,-67.054,-8.298,4.077,11.651,1.379,34.452,,4.001,,,,0.0,0.0,0.0,0.0,0.0,,0.0,3.644,2.951,83.944,,,709.302,4.45,22.311,4425.287,523.72,,82.377,0.0,0.0,,,0.0,0.0,,0.0,,,0.0,,101.902,-67.054,-8.298,4.077,11.651,1.379,34.452,,4.001,,,0.0,0.0,0.0,0.0,,0.0,,0.0,0.0,0.0,0.0,0.0,,0.0
Indonesia,1972,IDN,121504136.0,259469197312.0,,,,,,,,,,0.0,0.0,9.572,1.163,,,-9.596,-0.155,11.993,1.457,,1.076,,,,6.05,6.165,889.41,0.416,6.743,6.596,,,859.403,104.421,,96.626,-1.915,-0.244,12.474,,,102.666,-25.933,-3.948,92.809,11.277,,11.543,,-10.577,-0.431,3.646,10.148,1.233,30.007,,3.374,-10.577,-0.431,3.646,10.148,1.233,30.007,,3.374,,,,0.0,0.0,0.0,0.0,0.0,,0.0,8.148,6.84,90.784,,,747.165,21.52,112.706,5237.899,636.426,,84.007,0.0,0.0,,,0.0,0.0,,0.0,,,0.0,,108.067,-10.577,-0.431,3.646,10.148,1.233,30.007,,3.374,,0.0,0.0,0.0,0.0,0.0,,0.0,,0.0,0.0,0.0,0.0,0.0,,0.0
Indonesia,1973,IDN,124709056.0,297900736512.0,,,,,,,,,,-33.0,-0.384,6.248,0.779,,,-16.76,-0.244,9.727,1.213,,0.639,,,,12.776,13.807,977.265,0.409,12.309,12.853,,,940.379,117.274,,96.226,-34.906,-4.354,8.12,,,65.112,54.995,6.202,140.153,17.478,,6.663,,26.165,0.954,4.6,12.474,1.556,36.886,,3.774,26.165,0.954,4.6,12.474,1.556,36.886,,3.774,,,,0.0,0.0,0.0,0.0,0.0,,0.0,19.377,17.591,108.375,,,869.019,23.436,149.154,6299.301,785.58,,88.924,0.0,0.0,,,0.0,0.0,,0.0,,,0.0,,121.874,26.165,0.954,4.6,12.474,1.556,36.886,,3.774,,0.0,0.0,0.0,0.0,0.0,,0.0,,0.0,0.0,0.0,0.0,0.0,,0.0
Indonesia,1974,IDN,127945192.0,313092767744.0,,,,,,,,,,8.955,0.07,6.636,0.849,,,4.698,0.057,9.926,1.27,,0.65,,,,7.164,8.731,1020.784,0.417,7.021,8.234,,,980.95,125.508,,96.098,40.875,3.319,11.439,,,89.406,3.252,0.568,141.05,18.047,,8.759,,10.795,0.497,5.097,13.471,1.724,39.834,,3.902,10.795,0.497,5.097,13.471,1.724,39.834,,3.902,,,,0.0,0.0,0.0,0.0,0.0,,0.0,4.471,4.845,113.22,,,884.908,2.765,21.724,6309.763,807.304,,86.689,0.0,0.0,,,0.0,0.0,,0.0,,,0.0,,130.604,10.795,0.497,5.097,13.471,1.724,39.834,,3.902,,0.0,0.0,0.0,0.0,0.0,,0.0,,0.0,0.0,0.0,0.0,0.0,,0.0
Indonesia,1975,IDN,131213216.0,313087918080.0,,,,,,,,,,27.397,0.233,8.243,1.082,,,32.051,0.407,12.781,1.677,,0.676,,,,22.449,29.32,1218.812,0.511,23.163,29.072,,,1178.078,154.579,,96.658,106.744,12.21,23.649,,,180.237,31.046,5.603,180.237,23.649,,14.788,,4.872,0.248,5.345,13.776,1.808,40.734,,3.342,4.872,0.248,5.345,13.776,1.808,40.734,,3.342,,,,0.0,0.0,0.0,0.0,0.0,,0.0,14.687,16.629,129.848,,,989.598,-5.018,-40.512,5843.861,766.792,,81.194,0.0,0.0,,,0.0,0.0,,0.0,,,0.0,,159.924,4.872,0.248,5.345,13.776,1.808,40.734,,3.342,,0.0,0.0,0.0,0.0,0.0,,0.0,,0.0,0.0,0.0,0.0,0.0,,0.0
Indonesia,1976,IDN,134521024.0,340620640256.0,,,,,,,,,,0.0,0.0,8.04,1.082,,,-6.311,-0.106,11.68,1.571,,0.644,,,,5.029,8.043,1248.631,0.493,6.632,10.251,,,1225.316,164.831,,98.133,0.858,0.203,23.852,,,177.314,0.858,0.203,177.314,23.852,,14.201,,-41.32,-2.209,3.136,7.885,1.061,23.315,,1.867,-41.32,-2.209,3.136,7.885,1.061,23.315,,1.867,,,,0.0,0.0,0.0,0.0,0.0,,0.0,7.738,10.048,139.897,,,1039.961,15.461,118.555,6581.477,885.347,,83.288,0.0,0.0,,,0.0,0.0,,0.0,,,0.0,,167.967,-41.32,-2.209,3.136,7.885,1.061,23.315,,1.867,,0.0,0.0,0.0,0.0,0.0,,0.0,,0.0,0.0,0.0,0.0,0.0,,0.0
Indonesia,1977,IDN,137861536.0,367091482624.0,,,,,,,,,,7.527,0.081,8.436,1.163,,,19.689,0.309,13.641,1.881,,0.524,,,,32.219,54.118,1610.928,0.605,31.572,52.04,,,1573.106,216.871,,97.652,112.766,26.897,50.75,,,368.123,140.851,33.597,416.715,57.449,,22.852,,66.25,2.078,5.214,12.791,1.763,37.822,,2.348,66.25,2.078,5.214,12.791,1.763,37.822,,2.348,,,,0.0,0.0,0.0,0.0,0.0,,0.0,17.914,25.061,164.958,,,1196.547,11.574,102.466,7165.255,987.813,,74.277,0.0,0.0,,,0.0,0.0,,0.0,,,0.0,,222.085,66.25,2.078,5.214,12.791,1.763,37.822,,2.348,,0.0,0.0,0.0,0.0,0.0,,0.0,,0.0,0.0,0.0,0.0,0.0,,0.0
Indonesia,1978,IDN,141250960.0,383794642944.0,,,,,,,,,,33.0,0.384,10.951,1.547,,,14.286,0.269,15.216,2.149,,0.619,,,,12.504,27.77,1768.873,0.651,13.492,29.26,,,1742.506,246.131,,98.509,15.6,7.917,58.667,,,415.339,92.226,52.983,781.814,110.432,,23.48,,-28.571,-1.49,3.724,8.917,1.26,26.367,,1.491,-28.571,-1.49,3.724,8.917,1.26,26.367,,1.491,,,,0.0,0.0,0.0,0.0,0.0,,0.0,12.706,20.959,185.917,,,1316.216,-3.334,-32.936,6760.145,954.877,,74.41,0.0,0.0,,,0.0,0.0,,0.0,,,0.0,,249.855,-28.571,-1.49,3.724,8.917,1.26,26.367,,1.491,,0.0,0.0,0.0,0.0,0.0,,0.0,,0.0,0.0,0.0,0.0,0.0,,0.0
Indonesia,1979,IDN,144693088.0,404845723648.0,,,,,,,,,,50.376,0.779,16.075,2.326,,,5.682,0.122,15.698,2.271,,0.818,,,,13.851,34.608,1965.976,0.703,13.891,34.19,,,1937.346,280.321,,98.544,29.066,17.052,75.719,,,523.308,45.037,49.735,1106.943,160.167,,26.618,,11.228,0.418,4.143,9.682,1.401,28.63,,1.456,11.228,0.418,4.143,9.682,1.401,28.63,,1.456,,,,0.0,0.0,0.0,0.0,0.0,,0.0,8.799,16.359,202.276,,,1397.963,-3.118,-29.769,6393.585,925.108,,71.108,0.0,0.0,,,0.0,0.0,,0.0,,,0.0,,284.463,11.228,0.418,4.143,9.682,1.401,28.63,,1.456,,0.0,0.0,0.0,0.0,0.0,,0.0,,0.0,0.0,0.0,0.0,0.0,,0.0
Indonesia,1980,IDN,148177104.0,439667523584.0,,,,,,,,,,26.5,0.616,19.857,2.942,,,71.402,1.622,26.273,3.893,,0.963,,,,7.434,21.148,2062.471,0.695,7.684,21.54,,,2037.16,301.86,,98.773,-5.764,-4.365,71.354,,,481.549,17.3,27.71,1267.919,187.876,,23.348,,-9.464,-0.392,3.751,8.56,1.268,25.311,,1.227,-9.464,-0.392,3.751,8.56,1.268,25.311,,1.227,,,,0.0,0.0,0.0,0.0,0.0,,0.0,12.502,25.288,227.564,,,1535.754,-0.641,-5.93,6203.238,919.178,,74.462,0.0,0.0,,,0.0,0.0,,0.0,,,0.0,,305.611,-9.464,-0.392,3.751,8.56,1.268,25.311,,1.227,,0.0,0.0,0.0,0.0,0.0,,0.0,,0.0,0.0,0.0,0.0,0.0,,0.0
Indonesia,1981,IDN,151686336.0,469898592256.0,,,,,,,,,,6.719,0.198,20.701,3.14,,,-29.588,-1.152,18.072,2.741,,0.958,,,,7.213,22.042,2160.072,0.697,7.307,22.055,,,2135.432,323.916,,98.859,-0.142,-0.102,71.253,,,469.739,1.405,2.639,1255.983,190.516,,21.746,,-0.348,-0.013,3.737,8.333,1.264,24.64,,1.141,-0.348,-0.013,3.737,8.333,1.264,24.64,,1.141,,,,0.0,0.0,0.0,0.0,0.0,,0.0,9.65,21.959,249.523,,,1644.992,1.173,10.781,6130.803,929.959,,76.154,0.0,0.0,,,0.0,0.0,,0.0,,,0.0,,327.653,-0.348,-0.013,3.737,8.333,1.264,24.64,,1.141,,0.0,0.0,0.0,0.0,0.0,,0.0,,0.0,0.0,0.0,0.0,0.0,,0.0
Indonesia,1982,IDN,155228656.0,452605706240.0,,,,,,,,,,-5.556,-0.174,19.105,2.966,,,47.5,1.302,26.048,4.043,,0.888,,,,1.961,6.424,2152.163,0.738,1.878,6.084,,,2125.897,330.0,,98.78,-4.986,-3.552,67.701,,,436.134,1.652,3.146,1247.592,193.662,,20.265,,9.091,0.34,4.077,8.883,1.379,26.266,,1.22,9.091,0.34,4.077,8.883,1.379,26.266,,1.22,,,,0.0,0.0,0.0,0.0,0.0,,0.0,3.932,9.811,259.334,,,1670.658,-16.731,-155.589,4988.574,774.37,,77.627,0.0,0.0,,,0.0,0.0,,0.0,,,0.0,,334.077,9.091,0.34,4.077,8.883,1.379,26.266,,1.22,,0.0,0.0,0.0,0.0,0.0,,0.0,,0.0,0.0,0.0,0.0,0.0,,0.0
Indonesia,1983,IDN,158790608.0,470680076288.0,,,,,,,,,,0.0,0.0,18.676,2.966,,,10.169,0.411,28.053,4.455,,0.838,,,,5.901,19.712,2228.026,0.752,5.352,17.661,,,2189.429,347.661,,98.268,34.183,23.142,90.842,,,572.09,14.099,27.303,1391.553,220.965,,25.677,,50.321,2.052,6.129,13.053,2.073,38.598,,1.732,50.321,2.052,6.129,13.053,2.073,38.598,,1.732,,,,0.0,0.0,0.0,0.0,0.0,,0.0,-2.114,-5.481,253.853,,,1598.662,6.158,47.683,5176.959,822.052,,71.752,0.0,0.0,,,0.0,0.0,,0.0,,,0.0,,353.79,50.321,2.052,6.129,13.053,2.073,38.598,,1.732,,0.0,0.0,0.0,0.0,0.0,,0.0,,0.0,0.0,0.0,0.0,0.0,,0.0
Indonesia,1984,IDN,162331968.0,503305928704.0,,,,,,,,,,4.706,0.14,19.129,3.105,,,126.154,5.62,62.058,10.074,,0.797,,,,10.076,35.646,2399.01,0.774,10.092,35.084,,,2357.793,382.745,,98.282,16.76,15.225,106.067,,,653.399,34.819,76.937,1835.144,297.902,,27.236,,9.168,0.562,6.691,13.939,2.263,41.217,,1.718,9.168,0.562,6.691,13.939,2.263,41.217,,1.718,,,,0.0,0.0,0.0,0.0,0.0,,0.0,7.768,19.72,273.572,,,1685.265,5.954,48.947,5365.545,871.0,,70.248,0.0,0.0,,,0.0,0.0,,0.0,,,0.0,,389.436,9.168,0.562,6.691,13.939,2.263,41.217,,1.718,,0.0,0.0,0.0,0.0,0.0,,0.0,,0.0,0.0,0.0,0.0,0.0,,0.0
Indonesia,1985,IDN,165791696.0,515643146240.0,,,,,,,,,,237.079,7.362,63.133,10.467,31.437,5.212,36.054,3.632,82.671,13.706,31.84,2.534,,16.369,3.964,6.047,23.549,2490.985,0.801,5.763,22.059,82.045,13.602,2441.642,404.804,83.099,98.019,18.278,19.387,125.454,10.946,1.815,756.697,10.051,29.942,1977.451,327.845,11.086,30.377,,22.266,1.49,8.181,16.687,2.767,49.343,16.901,1.981,22.266,1.49,8.181,16.687,2.767,49.343,16.901,1.981,,,,0.0,0.0,0.0,0.0,0.0,0.0,0.0,-1.714,-4.689,268.883,39.663,6.576,1621.812,-11.42,-99.468,4653.622,771.532,40.172,65.107,0.0,0.0,,,0.0,0.0,,0.0,0.0,,0.0,98.732,412.985,22.266,1.49,8.181,16.687,2.767,49.343,16.901,1.981,,0.0,0.0,0.0,0.0,0.0,0.0,0.0,,0.0,0.0,0.0,0.0,0.0,0.0,0.0
Indonesia,1986,IDN,169135280.0,545914224640.0,,,,,,,,,,60.667,6.35,99.429,16.817,31.626,5.349,29.5,4.043,104.943,17.75,29.047,3.813,,18.415,4.175,6.79,28.041,2607.531,0.808,5.694,23.049,82.539,13.96,2529.649,427.853,75.809,97.013,7.848,9.845,135.299,11.011,1.862,799.948,4.056,13.297,2016.974,341.141,10.114,30.678,,61.022,4.992,13.173,26.338,4.455,77.882,24.191,2.987,61.022,4.992,13.173,26.338,4.455,77.882,24.191,2.987,,,,0.0,0.0,0.0,0.0,0.0,0.0,0.0,2.549,6.853,275.736,39.902,6.749,1630.271,6.075,46.868,4838.73,818.4,36.648,62.522,0.0,0.0,,,0.0,0.0,,0.0,0.0,,0.0,108.877,441.025,61.022,4.992,13.173,26.338,4.455,77.882,24.191,2.987,,0.0,0.0,0.0,0.0,0.0,0.0,0.0,,0.0,0.0,0.0,0.0,0.0,0.0,0.0
Indonesia,1987,IDN,172421392.0,572867018752.0,,,,,,,,,,56.777,9.548,152.911,26.365,35.861,6.183,16.988,3.015,120.431,20.765,29.841,5.664,,20.72,4.451,5.548,24.47,2699.753,0.813,5.631,24.091,93.591,16.137,2621.157,451.944,77.882,97.089,3.451,4.669,139.968,12.486,2.153,811.781,6.843,23.345,2113.929,364.487,10.39,30.069,,2.877,0.379,13.552,26.58,4.583,78.596,22.118,2.911,2.877,0.379,13.552,26.58,4.583,78.596,22.118,2.911,,,,0.0,0.0,0.0,0.0,0.0,0.0,0.0,3.581,9.873,285.61,45.244,7.801,1656.464,-0.775,-6.343,4709.723,812.057,37.65,61.356,0.0,0.0,,,0.0,0.0,,0.0,0.0,,0.0,120.171,465.495,2.877,0.379,13.552,26.58,4.583,78.596,22.118,2.911,,0.0,0.0,0.0,0.0,0.0,0.0,0.0,,0.0,0.0,0.0,0.0,0.0,0.0,0.0
Indonesia,1988,IDN,175694640.0,605642424320.0,,,,,,,,,,4.455,1.175,156.748,27.54,43.123,7.576,48.185,10.006,175.136,30.77,30.541,5.604,,24.807,5.048,5.566,25.908,2796.916,0.811,5.438,24.575,112.544,19.773,2712.197,476.518,79.709,96.971,6.164,8.628,148.596,15.014,2.638,845.763,9.217,33.596,2265.766,398.083,10.634,30.239,,9.836,1.333,14.885,28.65,5.034,84.718,20.291,3.029,9.836,1.333,14.885,28.65,5.034,84.718,20.291,3.029,,,,0.0,0.0,0.0,0.0,0.0,0.0,0.0,5.172,14.773,300.383,54.407,9.559,1709.686,-3.63,-29.477,4454.204,782.58,38.533,61.128,0.0,0.0,,,0.0,0.0,,0.0,0.0,,0.0,141.194,491.403,9.836,1.333,14.885,28.65,5.034,84.718,20.291,3.029,,0.0,0.0,0.0,0.0,0.0,0.0,0.0,,0.0,0.0,0.0,0.0,0.0,0.0,0.0
Indonesia,1989,IDN,178949168.0,660041564160.0,,,,,,,,,,50.084,13.793,230.976,41.333,47.549,8.509,93.764,28.852,333.178,59.622,29.869,7.586,,28.487,5.228,10.88,53.466,3044.827,0.826,10.447,49.781,124.097,22.207,2941.055,526.299,77.955,96.592,11.954,17.762,166.358,16.556,2.963,929.641,5.201,20.706,2340.268,418.789,10.4,30.532,,24.759,3.685,18.57,35.094,6.28,103.771,22.045,3.408,24.759,3.685,18.57,35.094,6.28,103.771,22.045,3.408,,,,0.0,0.0,0.0,0.0,0.0,0.0,0.0,6.067,18.225,318.608,59.992,10.736,1780.438,6.451,50.481,4655.292,833.061,37.686,58.474,0.0,0.0,,,0.0,0.0,,0.0,0.0,,0.0,159.19,544.869,24.759,3.685,18.57,35.094,6.28,103.771,22.045,3.408,,0.0,0.0,0.0,0.0,0.0,0.0,0.0,,0.0,0.0,0.0,0.0,0.0,0.0,0.0
Indonesia,1990,IDN,182159888.0,718548893696.0,,,,,,,,,,-3.738,-1.545,218.423,39.788,53.623,9.768,23.333,13.912,403.677,73.534,29.498,6.629,,33.115,5.517,10.151,55.31,3294.792,0.835,9.782,51.482,139.948,25.493,3171.835,577.781,76.983,96.268,3.229,5.372,171.73,18.669,3.401,942.745,6.354,26.609,2445.095,445.398,10.27,28.613,,3.383,0.628,19.198,35.641,6.492,105.391,19.606,3.199,21.336,3.828,22.398,41.831,7.62,122.957,23.01,3.732,,,,0.0,0.0,0.0,0.0,0.0,0.0,0.0,14.957,47.655,366.263,67.655,12.324,2010.667,3.913,32.601,4752.209,865.662,37.216,61.026,3.2,1.127,,,3.2,6.189,,17.566,3.405,,0.533,181.789,600.179,21.336,3.828,22.398,41.831,7.62,122.957,23.01,3.732,,0.0,0.0,0.0,0.0,0.0,0.0,0.0,,0.0,0.0,0.0,0.0,0.0,0.0,0.0
Indonesia,1991,IDN,185361232.0,786439995392.0,,,,,,,,,,1.202,0.478,217.231,40.266,59.594,11.046,28.984,21.313,511.686,94.847,28.991,6.167,,38.103,5.836,8.791,52.76,3522.519,0.83,8.7,50.264,159.904,29.64,3388.224,628.045,77.79,96.188,15.115,25.957,197.687,23.467,4.35,1066.495,9.81,43.694,2638.589,489.092,11.416,30.276,,14.12,2.711,21.909,39.972,7.409,118.195,19.445,3.355,11.034,2.495,24.893,45.644,8.461,134.295,22.205,3.812,,,,0.0,0.0,0.0,0.0,0.0,0.0,0.0,6.506,23.829,390.092,76.844,14.244,2104.497,8.829,76.433,5082.479,942.095,37.383,59.744,2.984,1.051,,-6.738,-0.216,5.672,,16.1,2.76,,0.457,205.559,652.938,11.034,2.495,24.893,45.644,8.461,134.295,22.205,3.812,,0.0,0.0,0.0,0.0,0.0,0.0,0.0,,0.0,0.0,0.0,0.0,0.0,0.0,0.0
Indonesia,1992,IDN,188558416.0,841780428800.0,,,,,,,,,,22.065,8.885,260.667,49.151,60.255,11.362,61.561,58.388,812.667,153.235,28.204,6.856,,40.284,5.62,9.79,63.922,3801.794,0.852,9.11,57.212,156.721,29.551,3634.19,685.257,73.356,95.591,9.059,17.909,215.596,17.233,3.249,1143.39,5.974,29.219,2748.808,518.311,8.066,30.075,,30.183,6.613,28.522,51.154,9.645,151.261,23.943,3.979,26.837,6.71,31.603,56.912,10.731,167.604,26.639,4.409,,,,0.0,0.0,0.0,0.0,0.0,0.0,0.0,7.798,30.418,420.51,79.233,14.94,2230.133,-5.278,-49.721,4732.613,892.374,37.087,58.66,3.082,1.086,,3.26,0.097,5.758,,16.342,2.695,,0.43,213.644,716.86,26.837,6.71,31.603,56.912,10.731,167.604,26.639,4.409,,0.0,0.0,0.0,0.0,0.0,0.0,0.0,,0.0,0.0,0.0,0.0,0.0,0.0,0.0
Indonesia,1993,IDN,191737280.0,912702636032.0,,,,,,,,,,16.573,8.146,298.829,57.297,55.708,10.681,23.345,35.773,985.767,189.008,26.9,7.501,,39.707,5.198,6.554,46.982,3983.798,0.837,7.179,49.195,155.016,29.722,3830.516,734.453,74.853,96.152,6.074,13.095,228.691,22.517,4.317,1192.732,3.89,20.165,2808.404,538.476,10.873,29.94,,-7.821,-2.231,26.291,46.371,8.891,137.119,22.391,3.442,-6.972,-2.213,29.39,52.066,9.983,153.283,25.142,3.848,,,,0.0,0.0,0.0,0.0,0.0,0.0,0.0,6.648,27.954,448.465,76.791,14.724,2338.955,0.157,1.403,4661.469,893.777,37.081,58.712,3.099,1.092,,0.574,0.018,5.695,,16.164,2.75,,0.406,207.093,763.843,-6.972,-2.213,29.39,52.066,9.983,153.283,25.142,3.848,,0.0,0.0,0.0,0.0,0.0,0.0,0.0,,0.0,0.0,0.0,0.0,0.0,0.0,0.0
Indonesia,1994,IDN,194928544.0,986200276992.0,,,,,,,,,,0.035,0.02,294.04,57.317,65.692,12.805,19.181,36.253,1155.609,225.261,27.881,7.168,,45.928,5.744,4.687,35.804,4102.256,0.811,5.043,37.037,186.424,36.339,3957.806,771.489,79.122,96.479,18.427,42.14,270.831,63.272,12.333,1389.388,13.939,75.057,3147.476,613.533,26.854,33.869,,-10.214,-2.685,23.605,40.953,7.983,121.098,17.381,2.952,-3.969,-1.233,28.157,49.181,9.587,144.45,20.873,3.521,,,,0.0,0.0,0.0,0.0,0.0,0.0,0.0,-1.142,-5.124,443.341,57.461,11.201,2274.378,0.116,1.039,4590.486,894.817,24.387,55.442,4.552,1.604,,46.882,1.453,8.228,,23.352,3.492,,0.569,235.617,799.647,-3.969,-1.233,28.157,49.181,9.587,144.45,20.873,3.521,,0.0,0.0,0.0,0.0,0.0,0.0,0.0,,0.0,0.0,0.0,0.0,0.0,0.0,0.0
Indonesia,1995,IDN,198140160.0,1072204283904.0,,,,,,,,,,10.051,5.761,318.348,63.077,72.507,14.367,27.289,61.472,1447.124,286.733,26.546,7.248,,54.121,6.219,8.834,70.637,4392.264,0.812,8.813,67.993,220.109,43.612,4236.811,839.482,80.584,96.461,5.447,14.753,285.584,104.303,20.667,1441.325,0.452,2.771,3110.446,616.304,38.186,32.815,,3.886,0.917,24.523,41.855,8.293,123.765,15.323,2.818,9.584,2.644,30.802,53.021,10.506,155.454,19.412,3.539,,,,0.0,0.0,0.0,0.0,0.0,0.0,0.0,10.709,47.479,490.82,43.299,8.579,2477.137,-0.631,-5.65,4487.563,889.167,15.852,56.398,6.279,2.213,,37.946,1.727,11.166,,31.69,4.088,,0.721,273.143,870.284,9.584,2.644,30.802,53.021,10.506,155.454,19.412,3.539,,0.0,0.0,0.0,0.0,0.0,0.0,0.0,,0.0,0.0,0.0,0.0,0.0,0.0,0.0
Indonesia,1996,IDN,201373792.0,1161281404928.0,,,,,,,,,,19.201,12.111,373.38,75.189,82.784,16.671,20.339,58.32,1713.496,345.053,28.319,8.058,,58.868,6.309,7.223,62.863,4633.902,0.804,7.257,60.922,236.863,47.698,4471.307,900.404,81.026,96.491,4.104,11.721,297.305,108.532,21.856,1476.385,5.368,33.083,3224.788,649.388,37.127,31.861,,6.406,1.571,26.094,43.821,8.824,129.578,14.99,2.796,6.297,1.941,32.742,55.455,11.167,162.595,18.97,3.509,,,,0.0,0.0,0.0,0.0,0.0,0.0,0.0,7.557,37.09,527.91,45.546,9.172,2621.542,0.355,3.16,4431.196,892.327,15.58,56.573,6.649,2.343,,5.891,0.37,11.634,,33.017,3.98,,0.713,292.331,933.146,6.297,1.941,32.742,55.455,11.167,162.595,18.97,3.509,,0.0,0.0,0.0,0.0,0.0,0.0,0.0,,0.0,0.0,0.0,0.0,0.0,0.0,0.0
Indonesia,1997,IDN,204628016.0,1221454462976.0,,,,,,,,,,23.328,17.54,453.158,92.729,100.049,20.473,8.878,30.633,1835.949,375.687,28.961,9.157,,70.691,6.98,8.525,79.549,4948.957,0.829,9.685,87.204,303.451,62.095,4826.357,987.608,87.839,97.523,4.308,12.809,310.114,144.728,29.615,1515.502,2.664,17.302,3258.057,666.69,41.894,30.623,,-33.529,-8.749,17.345,28.665,5.866,84.761,8.298,1.713,-23.043,-7.655,25.087,41.998,8.594,122.599,12.157,2.477,,,,0.0,0.0,0.0,0.0,0.0,0.0,0.0,10.77,56.855,584.765,58.674,12.006,2857.698,-1.323,-11.806,4303.03,880.521,16.984,57.743,7.743,2.728,,16.455,1.094,13.333,,37.838,3.86,,0.765,345.461,1012.695,-23.043,-7.655,25.087,41.998,8.594,122.599,12.157,2.477,,0.0,0.0,0.0,0.0,0.0,0.0,0.0,,0.0,0.0,0.0,0.0,0.0,0.0,0.0
Indonesia,1998,IDN,207855488.0,1066065592320.0,,,,,,,,,,7.315,6.783,478.755,99.512,107.943,22.437,13.517,50.781,2051.752,426.468,29.255,9.995,,76.693,7.703,-1.691,-17.126,4789.716,0.934,-3.241,-32.01,303.289,63.04,4597.414,955.598,82.198,95.985,-3.587,-11.125,298.99,149.495,31.073,1438.449,-1.669,-11.125,3153.947,655.565,40.517,30.032,,76.682,13.3,30.645,49.859,10.363,147.433,13.513,3.078,58.832,14.884,39.971,65.671,13.65,192.303,17.798,4.015,,,,0.0,0.0,0.0,0.0,0.0,0.0,0.0,-4.732,-27.669,557.096,45.851,9.53,2680.209,-1.995,-17.568,4151.692,862.952,12.427,55.958,9.326,3.286,,20.456,1.584,15.811,,44.87,4.285,,0.937,368.971,995.569,58.832,14.884,39.971,65.671,13.65,192.303,17.798,4.015,,0.0,0.0,0.0,0.0,0.0,0.0,0.0,,0.0,0.0,0.0,0.0,0.0,0.0,0.0
Indonesia,1999,IDN,210996912.0,1079382573056.0,,,,,,,,,,37.636,37.452,649.128,136.964,124.812,26.335,18.399,78.468,2393.096,504.936,31.362,12.6,,83.971,7.725,9.182,91.417,5151.666,1.007,9.367,89.512,330.09,69.648,4953.2,1045.11,82.943,96.148,8.672,25.928,324.917,158.759,33.498,1539.915,8.439,55.323,3369.188,710.888,39.892,29.892,,0.157,0.048,30.693,49.194,10.38,145.466,12.361,2.824,4.912,1.905,41.876,67.871,14.321,198.466,17.054,3.852,,,,0.0,0.0,0.0,0.0,0.0,0.0,0.0,4.691,26.132,583.229,46.52,9.815,2764.157,-7.542,-65.085,3781.415,797.867,11.689,53.656,11.183,3.941,,19.907,1.856,18.677,,53.0,4.693,,1.029,397.973,1086.986,4.912,1.905,41.876,67.871,14.321,198.466,17.054,3.852,,0.0,0.0,0.0,0.0,0.0,0.0,0.0,,0.0,0.0,0.0,0.0,0.0,0.0,0.0
Indonesia,2000,IDN,214072416.0,1138300026880.0,,,0.0,0.0,19.993,4.28,4.366,0.0,547.792,11.759,16.105,715.036,153.069,158.825,34.0,4.561,23.028,2466.285,527.964,34.683,13.155,98.03,98.03,8.425,7.046,76.591,5435.436,1.022,7.178,75.023,366.371,78.43,5232.496,1120.133,80.006,96.266,1.58,5.134,330.052,149.155,31.93,1541.775,-0.569,-4.044,3301.893,706.844,32.572,28.365,53.7,-3.505,-1.076,29.617,46.807,10.02,138.351,10.221,2.545,3.966,1.568,43.444,91.558,19.6,202.94,19.994,3.734,0.0,0.0,,,,,,,,,9.222,53.783,637.012,58.391,12.5,2975.685,4.673,37.286,3901.265,835.153,12.751,54.746,13.827,9.58,5.3,23.642,2.644,44.751,24.758,64.588,9.773,5.407,1.188,457.929,1163.577,3.966,1.568,43.444,91.558,19.6,202.94,19.994,3.734,,0.0,0.0,0.0,0.0,0.0,0.0,0.0,,0.0,0.0,0.0,0.0,0.0,0.0,0.0
Indonesia,2001,IDN,217112432.0,1185220919296.0,,0.0,0.0,0.0,21.095,4.58,4.315,0.0,545.455,26.957,41.262,895.074,194.332,173.689,37.71,20.12,106.225,2921.014,634.188,35.525,15.592,106.15,106.15,8.517,7.111,82.743,5740.435,1.052,6.69,74.933,386.712,83.96,5504.366,1195.066,79.096,95.888,3.422,11.294,341.346,152.41,33.09,1572.208,-2.911,-20.579,3160.874,686.265,31.173,27.388,57.9,16.364,4.623,34.24,53.659,11.65,157.706,10.975,2.747,18.815,7.81,51.253,102.205,22.19,236.069,20.904,4.112,0.0,0.0,,,,,,,,,3.513,22.377,659.389,60.614,13.16,3037.084,-5.062,-42.279,3651.905,792.874,12.398,52.907,17.014,10.54,5.96,23.853,3.187,48.546,27.451,78.363,9.929,5.615,1.365,488.917,1246.32,18.815,7.81,51.253,102.205,22.19,236.069,20.904,4.112,,0.0,0.0,0.0,0.0,0.0,0.0,0.0,,0.0,0.0,0.0,0.0,0.0,0.0,0.0
Indonesia,2002,IDN,220115088.0,1244249980928.0,,0.673,3.058,0.673,21.352,4.7,4.158,0.053,568.433,3.151,6.124,910.686,200.456,195.034,42.93,11.658,73.936,3217.062,708.124,37.981,15.66,113.03,113.03,8.83,2.707,33.734,5815.386,1.029,3.166,37.833,418.099,92.03,5601.158,1232.899,81.421,96.316,8.698,29.689,371.034,148.968,32.79,1685.638,10.147,69.637,3434.124,755.902,29.01,28.986,64.25,-14.775,-5.247,28.993,45.113,9.93,131.716,8.785,2.265,-4.75,-4.099,47.155,95.405,21.0,214.228,18.579,3.684,0.0,0.0,,,,,,,,,0.306,2.02,661.409,74.098,16.31,3004.833,-7.108,-56.361,3346.035,736.513,14.43,51.67,17.489,11.07,6.37,3.458,0.475,50.292,28.939,79.454,9.794,5.636,1.366,513.504,1280.054,-4.75,-4.099,47.155,95.405,21.0,214.228,18.579,3.684,,0.0,0.0,0.0,0.0,0.0,0.0,0.0,,0.0,0.0,0.0,0.0,0.0,0.0,0.0
Indonesia,2003,IDN,223080128.0,1309811277824.0,19.007,0.128,3.59,0.801,21.517,4.8,4.089,0.058,582.077,34.237,68.631,1206.234,269.087,208.266,46.46,10.596,75.034,3510.657,783.158,39.577,19.377,117.39,117.39,8.453,8.485,108.607,6224.941,1.06,9.006,111.031,437.376,97.57,6024.431,1343.931,83.116,96.779,6.616,24.547,395.582,151.246,33.74,1773.272,4.718,35.666,3548.359,791.568,28.742,28.487,68.33,-8.396,-2.605,26.388,40.793,9.1,118.29,7.752,1.9,-3.843,-2.425,44.73,88.847,19.82,200.511,16.884,3.221,0.0,0.0,,,,,,,,,2.699,17.853,679.262,77.864,17.37,3044.925,-8.971,-66.074,3005.372,670.439,14.797,48.915,17.541,10.72,5.92,0.939,0.052,48.054,26.538,78.631,9.132,5.043,1.263,526.223,1388.661,-3.843,-2.425,44.73,88.847,19.82,200.511,16.884,3.221,,0.0,0.0,0.0,0.0,0.0,0.0,0.0,,0.0,0.0,0.0,0.0,0.0,0.0,0.0
Indonesia,2004,IDN,225938592.0,1381839929344.0,0.29,0.002,3.555,0.803,22.174,5.01,4.015,0.058,579.306,-8.067,-21.706,1094.902,247.381,213.377,48.21,15.867,124.263,4016.229,907.421,38.639,17.986,124.77,124.77,9.071,-0.952,-13.219,6087.679,0.995,-1.161,-15.606,459.417,103.8,5879.142,1328.325,83.193,96.574,-8.484,-33.56,362.022,163.894,37.03,1602.302,-4.374,-34.622,3350.233,756.947,29.679,26.32,72.28,6.319,1.489,27.877,42.799,9.67,123.384,7.75,2.027,5.808,2.386,47.116,92.813,20.97,208.537,16.807,3.426,0.0,0.0,,,,,,,,,5.839,39.66,718.923,82.146,18.56,3181.938,-3.638,-24.391,2859.395,646.048,14.875,52.268,18.436,11.3,6.29,5.771,0.895,50.014,27.839,81.598,9.057,5.041,1.34,552.23,1375.442,5.808,2.386,47.116,92.813,20.97,208.537,16.807,3.426,,0.0,0.0,0.0,0.0,0.0,0.0,0.0,,0.0,0.0,0.0,0.0,0.0,0.0,0.0
Indonesia,2005,IDN,228805152.0,1467344879616.0,27.467,0.221,4.475,1.024,23.295,5.33,4.011,0.072,575.557,14.702,36.369,1240.136,283.749,226.525,51.83,15.49,140.563,4580.247,1047.984,39.005,20.046,132.88,132.88,9.388,2.912,40.047,6186.437,0.965,2.804,37.248,481.72,110.22,5968.281,1365.573,82.947,96.474,0.529,1.914,363.936,179.585,41.09,1590.592,0.76,5.751,3333.394,762.698,30.923,25.711,76.48,10.864,2.833,30.71,46.896,10.73,134.219,8.075,2.17,7.123,2.799,49.915,99.036,22.66,218.155,17.053,3.526,0.0,0.0,,,,,,,,,-0.144,-1.034,717.888,75.61,17.3,3137.554,-3.303,-21.338,2730.313,624.71,13.019,50.717,18.181,11.93,6.6,-0.759,-0.255,52.14,28.846,79.461,8.978,4.967,1.284,580.756,1415.489,7.123,2.799,49.915,99.036,22.66,218.155,17.053,3.526,,0.0,0.0,0.0,0.0,0.0,0.0,0.0,,0.0,0.0,0.0,0.0,0.0,0.0,0.0
Indonesia,2006,IDN,231797424.0,1555183173632.0,-11.025,-0.113,3.93,0.911,21.139,4.9,3.551,0.063,593.854,16.578,47.039,1427.06,330.789,253.109,58.67,24.828,260.19,5643.61,1308.174,42.521,22.975,137.98,137.98,9.584,1.715,24.273,6211.292,0.926,2.026,27.665,503.888,116.8,6010.588,1393.239,84.65,96.769,1.972,7.178,371.114,174.204,40.38,1601.026,-1.144,-8.727,3252.715,753.971,29.265,25.776,81.94,-10.275,-3.329,27.381,41.502,9.62,118.126,6.972,1.902,-6.294,-3.392,46.523,91.373,21.18,200.704,15.35,3.231,0.0,0.0,,,,,,,,,-3.699,-26.552,691.336,76.575,17.75,2982.502,-6.496,-40.582,2519.991,584.127,12.864,48.017,18.23,11.56,6.66,0.892,0.049,49.871,28.732,78.648,8.378,4.827,1.266,595.261,1439.761,-6.294,-3.392,46.523,91.373,21.18,200.704,15.35,3.231,,0.0,0.0,0.0,0.0,0.0,0.0,0.0,,0.0,0.0,0.0,0.0,0.0,0.0,0.0
Indonesia,2007,IDN,234858288.0,1661589520384.0,30.621,0.279,5.067,1.19,25.462,5.98,4.03,0.077,590.538,26.162,86.54,1776.94,417.329,272.079,63.9,12.591,164.709,6271.372,1472.884,43.062,27.008,148.39,148.39,9.603,7.322,105.425,6579.23,0.93,7.159,99.737,528.404,124.1,6356.923,1492.976,83.631,96.621,-6.654,-24.693,346.42,179.087,42.06,1475.019,-3.738,-28.18,3090.337,725.791,28.344,22.419,87.63,17.282,4.531,31.913,48.072,11.29,135.88,7.608,2.065,13.406,5.688,52.211,103.424,24.29,222.307,16.369,3.379,0.0,0.0,,,,,,,,,5.481,37.89,729.227,77.238,18.14,3104.964,-4.761,-27.81,2368.736,556.317,12.225,47.193,19.108,13.0,7.02,5.469,0.878,55.353,29.89,81.36,8.761,4.731,1.237,631.828,1545.187,13.406,5.688,52.211,103.424,24.29,222.307,16.369,3.379,,0.0,0.0,0.0,0.0,0.0,0.0,0.0,,0.0,0.0,0.0,0.0,0.0,0.0,0.0
Indonesia,2008,IDN,237936544.0,1793465253888.0,-0.846,-0.01,4.959,1.18,27.318,6.5,4.17,0.075,578.87,-12.282,-51.258,1538.523,366.071,258.43,61.49,11.667,171.837,6912.432,1644.72,39.444,23.421,155.89,155.89,9.974,1.155,17.843,6569.101,0.872,0.937,13.984,544.473,129.55,6333.452,1506.96,83.103,96.413,14.585,50.526,396.947,198.498,47.23,1668.289,3.101,22.508,3144.954,748.299,30.297,25.396,90.24,2.146,0.483,32.395,48.458,11.53,136.15,7.396,2.073,7.841,3.859,56.069,110.702,26.34,235.649,16.897,3.587,0.0,0.0,,,,,,,,,2.018,14.715,743.942,87.544,20.83,3126.64,3.329,18.52,2415.928,574.838,13.362,47.596,22.493,14.81,8.31,18.434,3.385,62.243,34.925,94.536,9.5,5.331,1.439,655.175,1563.029,7.841,3.859,56.069,110.702,26.34,235.649,16.897,3.587,,0.0,0.0,0.0,0.0,0.001,0.0,0.0,1250.0,0.001,0.001,0.0,0.0,0.003,0.0,0.0
Indonesia,2009,IDN,240981296.0,1886334484480.0,81.858,0.966,8.904,2.146,25.355,6.11,3.752,0.134,581.061,3.346,12.25,1569.918,378.321,273.507,65.91,4.676,76.9,7144.208,1721.62,40.475,23.562,162.84,162.84,10.142,2.725,42.587,6662.824,0.851,2.634,39.698,564.567,136.05,6418.166,1546.658,83.548,96.328,6.062,24.061,421.008,208.647,50.28,1747.057,4.295,32.141,3238.594,780.441,30.877,26.221,94.62,-1.253,-0.603,31.792,47.224,11.38,131.926,6.988,1.98,8.623,2.889,58.958,111.17,26.79,244.658,16.452,3.672,0.0,0.0,,,,,,,,,0.455,3.387,747.329,82.413,19.86,3101.191,-2.063,-11.859,2336.19,562.978,12.196,46.545,25.01,15.41,9.3,11.875,2.517,63.947,38.592,103.784,9.463,5.711,1.558,675.737,1605.616,8.623,2.889,58.958,111.17,26.79,244.658,16.452,3.672,0.0,-0.0,0.0,0.0,0.0,0.001,0.0,0.0,1259.259,0.009,0.01,0.0,0.0,0.043,0.0,0.001
Indonesia,2010,IDN,244016176.0,2015864815616.0,38.607,0.828,12.188,2.974,32.006,7.81,4.4,0.171,558.729,13.56,51.298,1760.618,429.619,280.637,68.48,2.211,38.067,7211.354,1759.687,38.578,24.721,177.51,177.51,10.214,8.235,132.223,7121.819,0.862,7.414,114.671,585.535,142.88,6808.275,1661.329,80.491,95.597,4.624,19.468,440.476,226.993,55.39,1805.109,11.476,89.565,3565.358,870.005,31.204,25.346,99.18,53.342,16.659,48.451,71.553,17.46,198.557,9.836,2.788,30.529,17.551,76.51,141.917,34.63,313.543,19.509,4.403,0.0,0.0,,,,,,,,,5.875,43.905,791.234,77.905,19.01,3242.548,0.444,2.502,2317.388,565.48,10.709,45.53,25.073,17.17,9.36,0.834,0.063,70.364,38.358,102.75,9.673,5.273,1.443,727.452,1737.839,30.529,17.551,76.51,141.917,34.63,313.543,19.509,4.403,420.0,0.001,0.001,0.0,0.0,0.006,0.0,0.0,-0.817,-0.0,0.01,0.0,0.0,0.041,0.0,0.001
Indonesia,2011,IDN,247099696.0,2150142705664.0,39.23,1.167,16.758,4.141,35.006,8.65,4.508,0.226,590.504,15.513,66.646,2008.361,496.265,328.167,81.09,25.229,443.945,8917.99,2203.633,42.263,27.031,191.87,191.87,10.451,5.644,98.078,7429.862,0.854,6.665,110.721,653.218,161.41,7171.398,1772.05,84.125,96.521,-2.982,-13.133,427.343,232.538,57.46,1729.436,-4.967,-43.215,3345.979,826.79,29.947,23.277,113.3,-28.857,-14.192,34.259,50.263,12.42,138.646,6.473,1.866,-12.402,-12.643,63.866,123.27,30.46,258.464,15.875,3.479,0.0,0.0,,,,,,,,,7.23,57.208,848.442,92.513,22.86,3433.601,-4.763,-26.933,2179.472,538.547,11.914,46.214,25.451,18.04,9.39,1.793,0.378,73.007,38.001,102.999,9.402,4.894,1.386,776.488,1835.917,-12.402,-12.643,63.866,123.27,30.46,258.464,15.875,3.479,48.077,0.001,0.002,0.0,0.0,0.009,0.0,0.0,28.846,0.003,0.013,0.0,0.0,0.052,0.0,0.001
Indonesia,2012,IDN,250222688.0,2279736344576.0,70.017,2.899,28.136,7.04,35.448,8.87,4.245,0.371,613.095,1.902,9.44,2021.022,505.706,408.316,102.17,7.861,173.22,9498.951,2376.853,48.899,26.682,208.94,208.94,11.024,3.235,59.384,7574.457,0.831,3.131,55.476,710.687,177.83,7303.598,1827.526,85.111,96.424,0.554,2.369,429.712,216.127,54.08,1717.319,-5.297,-43.795,3129.195,782.996,25.883,22.672,128.1,3.062,0.835,35.094,51.154,12.8,140.252,6.126,1.852,12.968,3.909,67.775,124.329,31.11,270.859,14.889,3.576,0.0,0.0,,,,,,,,,5.147,43.667,892.108,86.243,21.58,3565.258,-3.723,-20.048,2072.148,518.498,10.328,47.069,25.62,18.31,9.44,1.126,0.168,73.175,37.726,102.387,8.763,4.518,1.352,835.016,1895.301,12.968,3.909,67.775,124.329,31.11,270.859,14.889,3.576,290.909,0.006,0.008,0.0,0.0,0.033,0.0,0.0,-1.706,-0.0,0.013,0.0,0.0,0.051,0.0,0.001
Indonesia,2013,IDN,253275920.0,2406465929216.0,45.816,3.226,40.532,10.266,36.087,9.14,4.059,0.561,607.523,-12.843,-64.949,1740.222,440.756,439.244,111.25,22.056,524.246,11454.301,2901.099,49.409,24.086,225.16,225.16,12.304,-3.447,-65.336,7225.183,0.76,-4.329,-79.107,748.828,189.66,6903.22,1748.419,84.233,95.544,3.57,15.343,445.055,229.197,58.05,1757.194,-0.863,-6.759,3064.786,776.237,25.782,24.32,136.79,32.218,11.027,46.122,66.805,16.92,182.1,7.515,2.52,24.533,13.77,81.545,140.163,35.5,321.962,15.767,4.456,0.0,0.0,,,,,,,,,-3.307,-29.5,862.608,80.387,20.36,3405.805,-4.975,-25.796,1945.318,492.702,9.042,47.138,25.143,18.57,9.43,-1.066,-0.477,73.319,37.232,99.27,8.247,4.188,1.374,888.991,1829.965,24.533,13.77,81.545,140.163,35.5,321.962,15.767,4.456,82.724,0.007,0.015,0.039,0.01,0.059,0.004,0.001,-97.831,-0.012,0.0,0.0,0.0,0.001,0.0,0.0
Indonesia,2014,IDN,256229760.0,2526852677632.0,70.47,7.234,68.298,17.5,35.827,9.18,3.865,0.944,617.422,6.424,28.313,1830.66,469.07,466.495,119.53,-2.772,-80.42,11008.395,2820.678,50.324,25.301,237.53,237.52,12.811,1.312,24.001,7235.558,0.734,1.152,20.145,792.687,203.11,6902.261,1768.565,85.513,95.394,-1.042,-4.637,440.418,236.272,60.54,1718.841,-1.577,-12.241,2981.682,763.996,25.488,23.755,146.65,-10.409,-5.048,41.073,59.166,15.16,160.299,6.383,2.215,16.747,3.855,85.401,134.294,34.41,333.297,14.487,4.606,0.01,0.004,,,,,,,,,-0.409,-3.531,859.077,89.919,23.04,3352.76,-3.311,-16.313,1859.225,476.389,9.7,46.337,26.809,19.24,10.06,7.144,1.666,75.089,39.262,104.628,8.1,4.235,1.446,926.981,1853.965,16.747,3.855,85.401,134.294,34.41,333.297,14.487,4.606,23.818,0.003,0.018,0.039,0.01,0.072,0.004,0.001,-100.0,-0.0,0.0,0.0,0.0,0.0,0.0,0.0
Indonesia,2015,IDN,259091968.0,2650203488256.0,-46.905,-8.208,35.862,9.292,37.631,9.75,4.008,0.493,630.328,13.474,63.204,2054.382,532.274,481.142,124.66,0.329,9.273,10922.573,2829.951,51.243,28.27,243.28,243.27,12.921,1.555,28.829,7266.895,0.71,2.287,40.444,809.404,209.71,6982.11,1809.009,86.205,96.081,3.891,17.137,457.556,208.961,54.14,1765.996,-0.311,-2.374,2939.582,761.622,22.255,24.302,153.34,-9.371,-4.071,37.003,53.031,13.74,142.817,5.648,1.965,-21.827,-11.615,73.786,129.529,33.56,284.785,13.795,3.919,0.01,0.004,,,,,,,,,-4.644,-39.898,819.179,119.301,30.91,3161.731,-0.934,-4.447,1821.522,471.942,12.706,43.509,27.467,19.81,10.06,2.499,0.658,76.459,38.828,106.012,8.143,4.135,1.459,938.933,1882.794,-21.827,-11.615,73.786,129.529,33.56,284.785,13.795,3.919,-22.467,-0.004,0.014,0.039,0.01,0.055,0.004,0.001,,0.01,0.01,0.0,0.0,0.038,0.0,0.001
Indonesia,2016,IDN,261850176.0,2783164760064.0,204.804,19.03,108.158,28.321,38.992,10.21,3.964,1.5,617.589,2.262,12.042,2078.731,544.316,517.013,135.38,-3.097,-87.645,10472.808,2742.306,52.565,28.823,258.24,257.55,13.638,0.302,5.688,7212.07,0.679,-1.557,-28.166,832.423,217.97,6800.997,1780.842,84.632,94.3,-2.458,-11.248,446.308,235.975,61.79,1704.439,-1.421,-10.822,2867.287,750.8,23.991,23.633,159.06,35.926,12.996,49.999,71.339,18.68,190.944,7.253,2.648,73.627,33.854,107.639,151.155,39.58,411.072,15.368,5.7,0.69,0.267,,,,,,,,,-3.535,-28.961,790.219,79.435,20.8,3017.827,5.099,24.066,1894.242,496.008,8.076,41.844,29.248,20.87,10.66,6.891,1.781,79.702,40.71,111.697,8.103,4.139,1.549,983.578,1888.482,73.627,33.854,107.639,151.155,39.58,411.072,15.368,5.7,299.432,0.042,0.056,0.076,0.02,0.216,0.008,0.003,53.784,0.005,0.015,0.038,0.01,0.058,0.004,0.001
Indonesia,2017,IDN,264498848.0,2924271370240.0,-14.073,-3.986,92.006,24.335,43.289,11.45,4.308,1.245,622.512,4.004,21.793,2140.308,566.109,559.398,147.96,-1.868,-51.213,10174.31,2691.093,55.664,28.968,266.93,265.81,13.602,3.483,65.774,7388.523,0.668,3.647,64.94,841.743,222.64,6978.414,1845.782,83.759,94.449,-3.171,-14.154,432.153,211.078,55.83,1633.857,-3.163,-23.75,2748.783,727.05,21.004,22.113,165.47,-0.238,-0.413,49.586,70.435,18.63,187.472,7.009,2.537,-3.293,0.834,108.473,163.214,43.17,410.109,16.241,5.551,1.12,0.42,,,,,,,,,7.251,57.302,847.52,71.267,18.85,3204.249,-3.99,-19.791,1800.45,476.217,7.092,43.368,34.474,24.51,13.06,18.761,5.227,92.666,49.376,130.339,9.221,4.913,1.764,1004.957,1954.256,-3.293,0.834,108.473,163.214,43.17,410.109,16.241,5.551,37.743,0.021,0.077,0.113,0.03,0.292,0.011,0.004,-100.0,-0.015,0.0,0.0,0.0,0.0,0.0,0.0
Indonesia,2018,IDN,267066848.0,3075456106496.0,44.016,10.711,131.229,35.047,45.419,12.13,4.274,1.635,619.402,15.831,89.62,2455.301,655.729,599.138,160.01,18.101,487.114,11900.419,3178.207,56.383,30.588,285.29,283.79,13.238,9.695,189.461,8026.891,0.697,7.023,129.633,881.465,235.41,7396.708,1975.415,82.952,92.149,3.039,13.132,445.286,215.115,57.45,1667.32,0.133,0.967,2725.972,728.017,20.244,20.772,175.78,16.122,7.658,57.244,81.028,21.64,214.343,7.625,2.67,48.027,59.828,168.301,181.153,48.38,630.183,17.048,7.851,1.5,0.526,,,,,,,,,3.172,26.88,874.4,67.212,17.95,3274.087,-3.552,-16.917,1719.795,459.3,6.325,40.789,75.269,26.46,14.33,98.08,40.794,99.076,53.657,281.835,9.324,5.05,3.511,1062.618,2143.717,48.027,59.828,168.301,181.153,48.38,630.183,17.048,7.851,210.74,0.162,0.239,0.337,0.09,0.894,0.032,0.011,,0.503,0.503,0.711,0.19,1.882,0.067,0.023
Indonesia,2019,IDN,269582880.0,,68.914,24.152,219.595,59.199,45.144,12.17,4.119,2.591,625.867,22.189,145.502,2972.114,801.231,647.259,174.49,12.221,388.421,13230.173,3566.628,59.063,35.071,297.11,295.43,12.932,6.571,140.858,8474.479,,5.976,118.041,917.677,247.39,7765.541,2093.457,83.739,91.634,-1.19,-5.298,439.988,231.172,62.32,1632.107,-7.168,-52.182,2506.963,675.834,21.095,19.259,184.9,-2.197,-1.464,55.78,78.492,21.16,206.912,7.162,2.442,28.572,22.817,191.118,178.201,48.04,708.939,16.261,8.366,1.68,0.565,,,,,,,,,-2.535,-22.163,852.238,39.246,10.58,3161.32,-3.378,-15.515,1646.193,443.785,3.581,37.304,74.551,26.28,14.11,-0.631,-0.717,97.484,52.34,276.543,8.896,4.776,3.263,1095.878,2284.574,28.572,22.817,191.118,178.201,48.04,708.939,16.261,8.366,31.029,0.073,0.312,0.445,0.12,1.157,0.041,0.014,154.764,0.773,1.276,1.781,0.48,4.733,0.162,0.056
Indonesia,2020,IDN,271857984.0,,31.324,18.544,285.968,77.743,45.502,12.37,4.239,3.68,624.392,-4.475,-35.851,2815.366,765.38,665.311,180.87,-8.275,-295.135,12033.832,3271.493,61.98,36.229,293.37,291.82,13.813,-7.527,-171.955,7771.042,,-9.69,-202.862,878.804,238.91,6954.348,1890.595,81.869,89.491,-14.73,-64.812,375.176,188.628,51.28,1380.046,-11.904,-80.453,2190.044,595.381,17.572,17.759,182.21,14.952,8.105,63.884,89.495,24.33,234.992,8.337,3.024,21.82,30.907,222.025,194.624,52.91,816.694,18.131,10.509,1.55,0.528,,,,,,,,,-11.992,-102.199,750.039,24.866,6.76,2758.936,-4.691,-20.819,1555.835,422.966,2.316,35.503,78.701,27.94,15.57,6.274,4.15,102.774,57.273,289.493,9.574,5.335,3.725,1073.428,2112.62,21.82,30.907,222.025,194.624,52.91,816.694,18.131,10.509,44.547,0.137,0.449,0.625,0.17,1.652,0.058,0.021,-1.86,-0.028,1.247,1.729,0.47,4.589,0.161,0.059
Indonesia,2021,IDN,273753184.0,,10.68,8.303,314.32,86.046,54.721,14.98,4.842,3.993,623.157,-0.281,-2.15,2788.021,763.23,693.91,189.96,7.666,250.783,12866.615,3522.277,61.404,35.418,310.33,309.36,14.356,2.003,42.322,7871.843,,1.285,24.303,924.702,253.14,6994.98,1914.898,81.827,88.861,-1.165,-4.369,370.807,206.5,56.53,1354.53,-0.413,-2.461,2165.891,592.919,18.273,17.207,192.78,1.529,0.74,64.624,90.227,24.7,236.067,7.984,2.999,8.881,18.019,240.044,205.367,56.22,876.863,18.173,11.139,0.97,0.313,,,,,,,,,4.11,30.823,780.862,24.292,6.65,2852.429,-7.138,-30.19,1434.782,392.776,2.15,36.236,87.726,30.89,15.91,10.54,9.025,112.839,58.118,320.458,9.985,5.143,4.071,1130.069,2154.942,8.881,18.019,240.044,205.367,56.22,876.863,18.173,11.139,12.663,0.055,0.504,0.694,0.19,1.841,0.061,0.023,-8.0,-0.104,1.143,1.607,0.44,4.177,0.142,0.053
Indonesia,2022,IDN,275501344.0,,12.307,10.59,350.763,96.636,74.918,20.64,6.188,3.559,618.996,59.39,453.281,4415.625,1216.511,745.223,205.31,10.038,353.562,14068.312,3875.839,61.555,44.808,334.51,333.54,12.285,25.986,559.973,9854.455,,27.31,522.961,973.171,268.11,8848.812,2437.859,80.383,89.795,-0.177,-0.657,370.15,205.843,56.71,1343.551,-2.651,-15.719,2095.092,577.201,17.002,13.634,206.46,10.519,6.538,71.162,99.092,27.3,258.299,8.185,2.621,13.805,37.012,277.056,237.494,65.43,1005.643,19.617,10.205,0.97,0.29,,,,,,,,,9.008,70.337,851.199,22.105,6.09,3089.636,-6.995,-27.474,1325.955,365.302,1.826,31.353,107.549,37.33,16.69,20.805,19.822,135.498,60.58,390.375,11.192,5.004,3.961,1210.666,2714.916,13.805,37.012,277.056,237.494,65.43,1005.643,19.617,10.205,55.607,0.277,0.781,1.597,0.44,2.836,0.132,0.029,-18.535,-0.215,0.928,1.307,0.36,3.369,0.108,0.034
Iran,1900,IRN,10122370.0,,,,,,,,,,,,,,,,,,,0.0,0.0,,,,,,,,,,,,,,,,,,,,,,,,,,0.0,0.0,,,,,,,,,,,,,,,,,,,,,,,,,,,,,,,,,,,,,,0.0,0.0,,,,,,,,,,,,,,,,,,,,,,,,,,,,,,,,,,,,,,,
Iran,1901,IRN,10225598.0,,,,,,,,,,,,,,,,,,0.0,0.0,0.0,,,,,,,,,,,,,,,,,,,,,,,,,0.0,0.0,0.0,,,,,,,,,,,,,,,,,,,,,,,,,,,,,,,,,,,,,0.0,0.0,0.0,,,,,,,,,,,,,,,,,,,,,,,,,,,,,,,,,,,,,,,
Iran,1902,IRN,10327712.0,,,,,,,,,,,,,,,,,,0.0,0.0,0.0,,,,,,,,,,,,,,,,,,,,,,,,,0.0,0.0,0.0,,,,,,,,,,,,,,,,,,,,,,,,,,,,,,,,,,,,,0.0,0.0,0.0,,,,,,,,,,,,,,,,,,,,,,,,,,,,,,,,,,,,,,,
Iran,1903,IRN,10428677.0,,,,,,,,,,,,,,,,,,0.0,0.0,0.0,,,,,,,,,,,,,,,,,,,,,,,,,0.0,0.0,0.0,,,,,,,,,,,,,,,,,,,,,,,,,,,,,,,,,,,,,0.0,0.0,0.0,,,,,,,,,,,,,,,,,,,,,,,,,,,,,,,,,,,,,,,
Iran,1904,IRN,10530628.0,,,,,,,,,,,,,,,,,,0.0,0.0,0.0,,,,,,,,,,,,,,,,,,,,,,,,,0.0,0.0,0.0,,,,,,,,,,,,,,,,,,,,,,,,,,,,,,,,,,,,,0.0,0.0,0.0,,,,,,,,,,,,,,,,,,,,,,,,,,,,,,,,,,,,,,,
Iran,1905,IRN,10633576.0,,,,,,,,,,,,,,,,,,0.0,0.0,0.0,,,,,,,,,,,,,,,,,,,,,,,,,0.0,0.0,0.0,,,,,,,,,,,,,,,,,,,,,,,,,,,,,,,,,,,,,0.0,0.0,0.0,,,,,,,,,,,,,,,,,,,,,,,,,,,,,,,,,,,,,,,
Iran,1906,IRN,10737529.0,,,,,,,,,,,,,,,,,,0.0,0.0,0.0,,,,,,,,,,,,,,,,,,,,,,,,,0.0,0.0,0.0,,,,,,,,,,,,,,,,,,,,,,,,,,,,,,,,,,,,,0.012,1.083,0.012,,,,,,,,,,,,,,,,,,,,,,,,,,,,,,,,,,,,,,,
Iran,1907,IRN,10842498.0,,,,,,,,,,,,,,,,,,0.0,0.0,0.0,,,,,,,,,,,,,,,,,,,,,,,,,0.0,0.0,0.0,,,,,,,,,,,,,,,,,,,,,,,,,,,,,,,,,,,,-100.0,-0.012,0.0,0.0,,,,,,,,,,,,,,,,,,,,,,,,,,,,,,,,,,,,,,,
Iran,1908,IRN,10948492.0,,,,,,,,,,,,,,,,,,0.0,0.0,0.0,,,,,,,,,,,,,,,,,,,,,,,,,0.0,0.0,0.0,,,,,,,,,,,,,,,,,,,,,,,,,,,,,,,,,,,,,0.0,0.0,0.0,,,,,,,,,,,,,,,,,,,,,,,,,,,,,,,,,,,,,,,
Iran,1909,IRN,10990047.0,,,,,,,,,,,,,,,,,,0.0,0.0,0.0,,,,,,,,,,,,,,,,,,,,,,,,,0.0,0.0,0.0,,,,,,,,,,,,,,,,,,,,,,,,,,,,,,,,,,,,,0.0,0.0,0.0,,,,,,,,,,,,,,,,,,,,,,,,,,,,,,,,,,,,,,,
Iran,1910,IRN,10967798.0,,,,,,,,,,,,,,,,,,0.0,0.0,0.0,,,,,,,,,,,,,,,,,,,,,,,,,0.0,0.0,0.0,,,,,,,,,,,,,,,,,,,,,,,,,,,,,,,,,,,,,0.0,0.0,0.0,,,,,,,,,,,,,,,,,,,,,,,,,,,,,,,,,,,,,,,
Iran,1911,IRN,10882360.0,,,,,,,,,,,,,,,,,,0.0,0.0,0.0,,,,,,,,,,,,,,,,,,,,,,,,,0.0,0.0,0.0,,,,,,,,,,,,,,,,,,,,,,,,,,,,,,,,,,,,,0.512,47.023,0.512,,,,,,,,,,,,,,,,,,,,,,,,,,,,,,,,,,,,,,,
Iran,1912,IRN,10734332.0,,,,,,,,,,,,,,,,,,0.0,0.0,0.0,,,,,,,,,,,,,,,,,,,,,,,,,0.0,0.0,0.0,,,,,,,,,,,,,,,,,,,,,,,,,,,,,,,,,,,,86.364,0.442,88.842,0.954,,,,,,,,,,,,,,,,,,,,,,,,,,,,,,,,,,,,,,,
Iran,1913,IRN,10524294.0,14017349632.0,,,,,,,,,,,,,,,,,0.0,0.0,0.0,,,,,,,,,,,,,,,,,,,,,,,,,0.0,0.0,0.0,,,,,,,,,,,,,,,,,,,,,,,,,,,,,,,,,,,,239.024,2.279,307.207,3.233,,,,,,,,,,,,,,,,,,,,,,,,,,,,,,,,,,,,,,,
Iran,1914,IRN,10318365.0,,,,,,,,,,,,,,,,,,0.0,0.0,0.0,,,,,,,,,,,,,,,,,,,,,,,,,0.0,0.0,0.0,,,,,,,,,,,,,,,,,,,,,,,,,,,,,,,,,,,,37.41,1.21,430.559,4.443,,,,,,,,,,,,,,,,,,,,,,,,,,,,,,,,,,,,,,,
Iran,1915,IRN,10116464.0,,,,,,,,,,,,,,,,,,0.0,0.0,0.0,,,,,,,,,,,,,,,,,,,,,,,,,0.0,0.0,0.0,,,,,,,,,,,,,,,,,,,,,,,,,,,,,,,,,,,,19.634,0.872,525.372,5.315,,,,,,,,,,,,,,,,,,,,,,,,,,,,,,,,,,,,,,,
Iran,1916,IRN,9918514.0,,,,,,,,,,,,,,,,,,0.0,0.0,0.0,,,,,,,,,,,,,,,,,,,,,,,,,0.0,0.0,0.0,,,,,,,,,,,,,,,,,,,,,,,,,,,,,,,,,,,,43.107,2.291,766.851,7.606,,,,,,,,,,,,,,,,,,,,,,,,,,,,,,,,,,,,,,,
Iran,1917,IRN,9724436.0,,,,,,,,,,,,,,,,,,0.0,0.0,0.0,,,,,,,,,,,,,,,,,,,,,,,,,0.0,0.0,0.0,,,,,,,,,,,,,,,,,,,,,,,,,,,,,,,,,,,,39.45,3.001,1090.712,10.607,,,,,,,,,,,,,,,,,,,,,,,,,,,,,,,,,,,,,,,
Iran,1918,IRN,9531760.0,,,,,,,,,,,,,,,,,,0.0,0.0,0.0,,,,,,,,,,,,,,,,,,,,,,,,,0.0,0.0,0.0,,,,,,,,,,,,,,,,,,,,,,,,,,,,,,,,,,,,23.246,2.466,1371.428,13.072,,,,,,,,,,,,,,,,,,,,,,,,,,,,,,,,,,,,,,,
Iran,1919,IRN,9441677.0,,,,,,,,,,,,,,,,,,0.0,0.0,0.0,,,,,,,,,,,,,,,,,,,,,,,,,0.0,0.0,0.0,,,,,,,,,,,,,,,,,,,,,,,,,,,,,,,,,,,,25.267,3.303,1734.336,16.375,,,,,,,,,,,,,,,,,,,,,,,,,,,,,,,,,,,,,,,
Iran,1920,IRN,9455525.0,,,,,,,,,,,,,,,,,,0.0,0.0,0.0,,,,,,,,,,,,,,,,,,,,,,,,,0.0,0.0,0.0,,,,,,,,,,,,,,,,,,,,,,,,,,,,,,,,,,,,25.852,4.233,2179.505,20.608,,,,,,,,,,,,,,,,,,,,,,,,,,,,,,,,,,,,,,,
Iran,1921,IRN,9574734.0,,,,,,,,,,,,,,,,,,0.0,0.0,0.0,,,,,,,,,,,,,,,,,,,,,,,,,0.0,0.0,0.0,,,,,,,,,,,,,,,,,,,,,,,,,,,,,,,,,,,,33.465,6.897,2872.659,27.505,,,,,,,,,,,,,,,,,,,,,,,,,,,,,,,,,,,,,,,
Iran,1922,IRN,9800820.0,,,,,,,,,,,,,,,,,,0.0,0.0,0.0,,,,,,,,,,,,,,,,,,,,,,,,,0.0,0.0,0.0,,,,,,,,,,,,,,,,,,,,,,,,,,,,,,,,,,,,27.146,7.466,3568.213,34.971,,,,,,,,,,,,,,,,,,,,,,,,,,,,,,,,,,,,,,,
Iran,1923,IRN,10135396.0,,,,,,,,,,,,,,,,,,0.0,0.0,0.0,,,,,,,,,,,,,,,,,,,,,,,,,0.0,0.0,0.0,,,,,,,,,,,,,,,,,,,,,,,,,,,,,,,,,,,,25.507,8.92,4330.528,43.892,,,,,,,,,,,,,,,,,,,,,,,,,,,,,,,,,,,,,,,
Iran,1924,IRN,10481394.0,,,,,,,,,,,,,,,,,,0.0,0.0,0.0,,,,,,,,,,,,,,,,,,,,,,,,,0.0,0.0,0.0,,,,,,,,,,,,,,,,,,,,,,,,,,,,,,,,,,,,16.667,7.315,4885.504,51.207,,,,,,,,,,,,,,,,,,,,,,,,,,,,,,,,,,,,,,,
Iran,1925,IRN,10839204.0,,,,,,,,,,,,,,,,,,0.0,0.0,0.0,,,,,,,,,,,,,,,,,,,,,,,,,0.0,0.0,0.0,,,,,,,,,,,,,,,,,,,,,,,,,,,,,,,,,,,,5.133,2.628,4966.718,53.835,,,,,,,,,,,,,,,,,,,,,,,,,,,,,,,,,,,,,,,
Iran,1926,IRN,11209228.0,,,,,,,,,,,,,,,,,,0.0,0.0,0.0,,,,,,,,,,,,,,,,,,,,,,,,,0.0,0.0,0.0,,,,,,,,,,,,,,,,,,,,,,,,,,,,,,,,,,,,6.049,3.256,5093.274,57.092,,,,,,,,,,,,,,,,,,,,,,,,,,,,,,,,,,,,,,,
Iran,1927,IRN,11591884.0,,,,,,,,,,,,,,,,,,0.0,0.0,0.0,,,,,,,,,,,,,,,,,,,,,,,,,0.0,0.0,0.0,,,,,,,,,,,,,,,,,,,,,,,,,,,,,,,,,,,,10.898,6.222,5461.901,63.314,,,,,,,,,,,,,,,,,,,,,,,,,,,,,,,,,,,,,,,
Iran,1928,IRN,11987603.0,,,,,,,,,,,,,,,,,,0.0,0.0,0.0,,,,,,,,,,,,,,,,,,,,,,,,,0.0,0.0,0.0,,,,,,,,,,,,,,,,,,,,,,,,,,,,,,,,,,,,5.86,3.71,5591.083,67.024,,,,,,,,,,,,,,,,,,,,,,,,,,,,,,,,,,,,,,,
Iran,1929,IRN,12354653.0,,,,,,,,,,,,,,,,,,0.0,0.0,0.0,,,,,,,,,,,,,,,,,,,,,,,,,0.0,0.0,0.0,,,,,,,,,,,,,,,,,,,,,,,,,,,,,,,,,,,,-3.713,-2.489,5223.527,64.535,,,,,,,,,,,,,,,,,,,,,,,,,,,,,,,,,,,,,,,
Iran,1930,IRN,12691310.0,,,,,,,,,,,,,,,,,,0.0,0.0,0.0,,,,,,,,,,,,,,,,,,,,,,,,,0.0,0.0,0.0,,,,,,,,,,,,,,,,,,,,,,,,,,,,,,,,,,,,8.758,5.652,5530.324,70.187,,,,,,,,,,,,,,,,,,,,,,,,,,,,,,,,,,,,,,,
Iran,1931,IRN,12995777.0,,,,,,,,,,,,,,,,,,0.0,0.0,0.0,,,,,,,,,,,,,,,,,,,,,,,,,0.0,0.0,0.0,,,,,,,,,,,,,,,,,,,,,,,,,,,,,,,,,,,,-3.181,-2.233,5228.936,67.954,,,,,,,,,,,,,,,,,,,,,,,,,,,,,,,,,,,,,,,
Iran,1932,IRN,13266186.0,,,,,,,,,,,,,,,,,,0.0,0.0,0.0,,,,,,,,,,,,,,,,,,,,,,,,,0.0,0.0,0.0,,,,,,,,,,,,,,,,,,,,,,,,,,,,,,,,,,,,12.083,8.211,5741.279,76.165,,,,,,,,,,,,,,,,,,,,,,,,,,,,,,,,,,,,,,,
Iran,1933,IRN,13500586.0,,,,,,,,,,,,,,,,,,0.0,0.0,0.0,,,,,,,,,,,,,,,,,,,,,,,,,0.0,0.0,0.0,,,,,,,,,,,,,,,,,,,,,,,,,,,,,,,,,,,,9.94,7.571,6202.397,83.736,,,,,,,,,,,,,,,,,,,,,,,,,,,,,,,,,,,,,,,
Iran,1934,IRN,13739128.0,,,,,,,,,,,,,,,,,,0.0,0.0,0.0,,,,,,,,,,,,,,,,,,,,,,,,,0.0,0.0,0.0,,,,,,,,,,,,,,,,,,,,,,,,,,,,,,,,,,,,6.361,5.327,6482.401,89.063,,,,,,,,,,,,,,,,,,,,,,,,,,,,,,,,,,,,,,,
Iran,1935,IRN,13981885.0,,,,,,,,,,,,,,,,,,0.0,0.0,0.0,,,,,,,,,,,,,,,,,,,,,,,,,0.0,0.0,0.0,,,,,,,,,,,,,,,,,,,,,,,,,,,,,,,,,,,,-0.653,-0.581,6328.263,88.481,,,,,,,,,,,,,,,,,,,,,,,,,,,,,,,,,,,,,,,
Iran,1936,IRN,14228931.0,,,,,,,,,,,,,,,,,,0.0,0.0,0.0,,,,,,,,,,,,,,,,,,,,,,,,,0.0,0.0,0.0,,,,,,,,,,,,,,,,,,,,,,,,,,,,,,,,,,,,9.49,8.397,6808.516,96.878,,,,,,,,,,,,,,,,,,,,,,,,,,,,,,,,,,,,,,,
Iran,1937,IRN,14480343.0,,,,,,,,,,,,,,,,,,0.0,0.0,0.0,,,,,,,,,,,,,,,,,,,,,,,,,0.0,0.0,0.0,,,,,,,,,,,,,,,,,,,,,,,,,,,,,,,,,,,,24.01,23.26,8296.62,120.138,,,,,,,,,,,,,,,,,,,,,,,,,,,,,,,,,,,,,,,
Iran,1938,IRN,14736196.0,,,,,,,,,,,,,,,,,,0.0,0.0,0.0,,,,,,,,,,,,,,,,,,,,,,,,,0.0,0.0,0.0,,,,,,,,,,,,,,,,,,,,,,,,,,,,,,,,,,,,0.281,0.337,8175.459,120.475,,,,,,,,,,,,,,,,,,,,,,,,,,,,,,,,,,,,,,,
Iran,1939,IRN,14969197.0,,,,,,,,,,,,,,,,,,0.611,40.789,0.611,,,,,,,,,,,,,,,,,,,,,,,,,0.0,0.0,0.0,,,,,,,,,,,,,,,,,,,,,,,,,,,,,,,,,,,,-6.053,-7.292,7561.071,113.183,,,,,,,,,,,,,,,,,,,,,,,,,,,,,,,,,,,,,,,
Iran,1940,IRN,15178703.0,,,,,,,,,,,,,,,,,22.667,0.138,49.344,0.749,,,,,,,,,,,,,,,,,,,,,,,,,0.0,0.0,0.0,,,,,,,,,,,,,,,,,,,,,,,,,,,,,,,,,,,,-10.06,-11.386,6706.594,101.797,,,,,,,,,,,,,,,,,,,,,,,,,,,,,,,,,,,,,,,
Iran,1941,IRN,15364059.0,,,,,,,,,,,,,,,,,-2.174,-0.016,47.689,0.733,,,,,,,,,,,,,,,,,,,,,,,,,0.0,0.0,0.0,,,,,,,,,,,,,,,,,,,,,,,,,,,,,,,,,,,,-23.443,-23.865,5072.398,77.933,,,,,,,,,,,,,,,,,,,,,,,,,,,,,,,,,,,,,,,
Iran,1942,IRN,15524597.0,,,,,,,,,,,,,,,,,-8.889,-0.065,43.0,0.668,,,,,,,,,,,,,,,,,,,,,,,,,0.0,0.0,0.0,,,,,,,,,,,,,,,,,,,,,,,,,,,,,,,,,,,,42.471,33.099,7151.98,111.032,,,,,,,,,,,,,,,,,,,,,,,,,,,,,,,,,,,,,,,
Iran,1943,IRN,15659633.0,,,,,,,,,,,,,,,,,-15.854,-0.106,35.871,0.562,,,,,,,,,,,,,,,,,,,,,,,,,0.0,0.0,0.0,,,,,,,,,,,,,,,,,,,,,,,,,,,,,,,,,,,,3.299,3.663,7324.25,114.695,,,,,,,,,,,,,,,,,,,,,,,,,,,,,,,,,,,,,,,
Iran,1944,IRN,15795843.0,,,,,,,,,,,,,,,,,44.928,0.252,51.539,0.814,,,,,,,,,,,,,,,,,,,,,,,,,0.0,0.0,0.0,,,,,,,,,,,,,,,,,,,,,,,,,,,,,,,,,,,,36.757,42.159,9930.068,156.854,,,,,,,,,,,,,,,,,,,,,,,,,,,,,,,,,,,,,,,
Iran,1945,IRN,15933238.0,,,,,,,,,,,,,,,,,50.0,0.407,76.642,1.221,,,,,,,,,,,,,,,,,,,,,,,,,0.0,0.0,0.0,,,,,,,,,,,,,,,,,,,,,,,,,,,,,,,,,,,,26.863,42.135,12488.943,198.989,,,,,,,,,,,,,,,,,,,,,,,,,,,,,,,,,,,,,,,
Iran,1946,IRN,16071828.0,,,,,,,,,,,,,,,,,0.0,0.0,75.981,1.221,,,,,,,,,,,,,,,,,,,,,,,,,0.0,0.0,0.0,,,,,,,,,,,,,,,,,,,,,,,,,,,,,,,,,,,,13.957,27.772,14109.269,226.762,,,,,,,,,,,,,,,,,,,,,,,,,,,,,,,,,,,,,,,
Iran,1947,IRN,16211624.0,,,,,,,,,,,,,,,,,25.333,0.309,94.408,1.531,,,,,,,,,,,,,,,,,,,,,,,,,0.0,0.0,0.0,,,,,,,,,,,,,,,,,,,,,,,,,,,,,,,,,,,,5.236,11.874,14720.054,238.636,,,,,,,,,,,,,,,,,,,,,,,,,,,,,,,,,,,,,,,
Iran,1948,IRN,16352636.0,,,,,,,,,,,,,,,,,-20.213,-0.309,74.676,1.221,,,,,,,,,,,,,,,,,,,,,,,,,0.0,0.0,0.0,,,,,,,,,,,,,,,,,,,,,,,,,,,,,,,,,,,,23.154,55.254,17972.033,293.89,,,,,,,,,,,,,,,,,,,,,,,,,,,,,,,,,,,,,,,
Iran,1949,IRN,16558920.0,,,,,,,,,,,,,,,,,13.333,0.163,83.579,1.384,,,,,,,,,,,,,,,,,,,,,,,,,0.0,0.0,0.0,,,,,,,,,,,,,,,,,,,,,,,,,,,,,,,,,,,,7.784,22.876,19129.646,316.766,,,,,,,,,,,,,,,,,,,,,,,,,,,,,,,,,,,,,,,
Iran,1950,IRN,16832842.0,44850892800.0,,,,,,,,,,,,,,,,17.647,0.244,96.728,1.628,,,,,,,,,,,,,,,,,,,,,,,,,0.0,0.0,0.0,,,,,,,,,,,,,,,,,,,,,,,,,,,,,,,,,,,,18.442,58.418,22288.797,375.184,,,,,,,,,,,,,,,,,,,,,,,,,,,,,,,,,,,,,,,
Iran,1951,IRN,17219634.0,44840296448.0,,,,,,,,,,,,,,,,0.0,0.0,94.555,1.628,,,,,,,,,,,,,,,,,,,,,,,,,0.0,0.0,0.0,,,,,,,,,,,,,,,,,,,,,,,,,,,,,,,,,,,,-47.657,-178.8,11404.667,196.384,,,,,,,,,,,,,,,,,,,,,,,,,,,,,,,,,,,,,,,
Iran,1952,IRN,17614458.0,44843151360.0,,,,,,,,,,,,,,,,-15.0,-0.244,78.57,1.384,,,,,,,,,,,,,,,,,,,,,,,,,0.0,0.0,0.0,,,,,,,,,,,,,,,,,,,,,,,,,,,,,,,,,,,,-91.946,-180.567,897.944,15.817,,,,,,,,,,,,,,,,,,,,,,,,,,,,,,,,,,,,,,,
Iran,1953,IRN,18017556.0,44886630400.0,,,,,,,,,,,,,,,,-8.824,-0.122,70.035,1.262,,,,,,,,,,,,,,,,,,,,,,,,,0.0,0.0,0.0,,,,,,,,,,,,,,,,,,,,,,,,,,,,,,,,,,,,-1.324,-0.209,866.236,15.607,,,,,,,,,,,,,,,,,,,,,,,,,,,,,,,,,,,,,,,
Iran,1954,IRN,18434882.0,44884369408.0,,,,,,,,,,,,,,,,-85.806,-1.083,9.715,0.179,,,,,,,,,,,,,,,,,,,,,,,,,0.0,0.0,0.0,,,,,,,,,,,,,,,,,,,,,,,,,,,,,,,,,,,,160.954,25.121,2209.304,40.728,,,,,,,,,,,,,,,,,,,,,,,,,,,,,,,,,,,,,,,
Iran,1955,IRN,18873866.0,44862808064.0,,,,,,,,,,,,,,,,1013.636,1.815,105.678,1.995,,,,,,,,,,,,,,,,,,,,,,,,,3.644,193.081,3.644,,,,,,,,,,,,,,,,,,,,,,,,,,,,,,,,,,,,369.189,150.364,10124.716,191.093,,,,,,,,,,,,,,,,,,,,,,,,,,,,,,,,,,,,,,,
Iran,1956,IRN,19332418.0,48871698432.0,,,,,,,,,,,,,,,,-22.449,-0.448,80.01,1.547,,,,,,,,,,,,,,,,,,,,,,,,46.333,1.688,275.84,5.333,,,,,,,,,,,,,,,,,,,,,,,,,,,,,,,,,,,,60.276,115.184,15842.615,306.276,,,,,,,,,,,,,,,,,,,,,,,,,,,,,,,,,,,,,,,
Iran,1957,IRN,19805916.0,55700860928.0,,,,,,,,,,,,,,,,-7.368,-0.114,72.343,1.433,,,,,,,,,,,,,,,,,,,,,,,,64.92,3.462,444.04,8.795,,,,,,,,,,,,,,,,,,,,,,,,,,,,,,,,,,,,36.658,112.276,21132.68,418.552,,,,,,,,,,,,,,,,,,,,,,,,,,,,,,,,,,,,,,,
Iran,1958,IRN,20295116.0,62178754560.0,,,,,,,,,,,,,,,,4.545,0.065,73.808,1.498,,,,,,,,,,,,,,,,,,,,,,,,2.762,0.243,445.308,9.038,,,,,,,,,,,,,,,,,,,,,,,,,,,,,,,,,,,,14.688,61.476,23652.402,480.028,,,,,,,,,,,,,,,,,,,,,,,,,,,,,,,,,,,,,,,
Iran,1959,IRN,20821856.0,67527569408.0,,,,,,,,,,,,,,,,28.804,0.431,92.663,1.929,,,,,,,,,,,,,,,,,,,,,,,,22.043,1.992,529.719,11.03,,,,,,,,,,,,,,,,,,,,,,,,,,,,,,,,,,,,12.366,59.359,25904.883,539.388,,,,,,,,,,,,,,,,,,,,,,,,,,,,,,,,,,,,,,,
Iran,1960,IRN,21388810.0,74059071488.0,,,,,,,,,,,,,,,,-2.954,-0.057,87.543,1.872,,,,,,,,,,,,,,,,,,,,,,,,4.626,0.51,539.53,11.54,,,,,,,,,,,,,,,,,,,,,,,,,,,,,,,,,,,,15.335,82.713,29085.318,622.1,,,,,,,,,,,,,,,,,,,,,,,,,,,,,,,,,,,,,,,
Iran,1961,IRN,21983630.0,80338485248.0,,,,,,,,,,,,,,,,-13.913,-0.261,73.324,1.612,,,,,,,,,,,,,,,,,,,,,,,,3.474,0.401,543.167,11.941,,,,,,,,,,,,,,,,,,,,,,,,,,,,,,,,,,,,10.869,67.617,31374.125,689.717,,,,,,,,,,,,,,,,,,,,,,,,,,,,,,,,,,,,,,,
Iran,1962,IRN,22605052.0,81892024320.0,,,,,,,,,,,,,,,,3.535,0.057,73.829,1.669,,,,,,,,,,,,,,,,,,,,,,,,7.019,0.838,565.313,12.779,,,,,,,,,,,,,,,,,,,,,,,,,,,,,,,,,,,,10.967,75.641,33857.859,765.359,,,,,,,,,,,,,,,,,,,,,,,,,,,,,,,,,,,,,,,
Iran,1963,IRN,23259096.0,90921967616.0,,,,,,,,,,,,,,,,11.22,0.187,79.803,1.856,,,,,,,,,,,,,,,,,,,,,,,,8.27,1.057,594.853,13.836,,,,,,,,,,,,,,,,,,,,,,,,,,,,,,,,,,,,11.773,90.109,36779.93,855.468,,,,,,,,,,,,,,,,,,,,,,,,,,,,,,,,,,,,,,,
Iran,1964,IRN,23948632.0,97500512256.0,,,,,,,,,,,,,,,,20.175,0.374,93.142,2.231,,,,,,,,,,,,,,,,,,,,,,,,4.653,0.644,604.609,14.48,,,,,,,,,,,,,,,,,,,,,,,,,,,,,,,,,,,,15.029,128.57,41089.508,984.038,,,,,,,,,,,,,,,,,,,,,,,,,,,,,,,,,,,,,,,
Iran,1965,IRN,24667028.0,109475799040.0,,,,,,,,,,,,99.482,2.454,,,4.015,0.09,94.06,2.32,,2.522,,,,,,3944.148,0.889,,,,,3738.063,92.207,,94.775,,,7.813,,,316.75,3.104,0.449,605.221,14.929,,8.031,,,,5.083,69.694,1.719,206.085,,5.225,,,5.083,0.0,0.0,206.085,,5.225,,,,,0.0,0.0,0.0,0.0,,0.0,,,81.94,,,3321.831,13.06,128.513,45102.719,1112.55,,84.222,,,,,,,,,,,,,97.29,,,5.083,,,206.085,,5.225,,,,,,,,,,,,,,,,
Iran,1966,IRN,25398706.0,120466931712.0,,,,,,,,,,9.953,0.244,106.232,2.698,,,0.0,0.0,91.351,2.32,,2.545,,,,8.99,8.746,4174.891,0.88,9.075,8.367,,,3959.822,100.574,,94.849,4.843,0.378,8.192,,,322.524,12.775,1.907,662.873,16.836,,7.725,,7.455,0.379,5.462,72.732,1.847,215.069,,5.151,7.455,0.379,5.462,0.0,0.0,215.069,,5.151,,,,0.0,0.0,0.0,0.0,0.0,,0.0,9.452,7.745,89.685,,,3531.066,11.74,130.614,48945.957,1243.164,,84.579,,,,,,,,,,,,,106.037,7.455,0.379,5.462,,,215.069,,5.151,,,,,,,,,,,,,,,,
Iran,1967,IRN,26133346.0,134024241152.0,,,,,,,,,,10.345,0.279,113.926,2.977,,,1.754,0.041,90.34,2.361,,2.552,,,,10.01,10.614,4463.696,0.87,10.138,10.196,,,4238.671,110.771,,94.959,4.837,0.396,8.588,,,328.62,5.772,0.972,681.425,17.808,,7.362,,7.656,0.418,5.881,76.099,1.989,225.025,,5.041,7.656,0.418,5.881,0.0,0.0,225.025,,5.041,,,,0.0,0.0,0.0,0.0,0.0,,0.0,10.616,9.521,99.205,,,3796.125,22.092,274.639,58079.164,1517.803,,85.044,,,,,,,,,,,,,116.651,7.656,0.418,5.881,,,225.025,,5.041,,,,,,,,,,,,,,,,
Iran,1968,IRN,26875302.0,154230439936.0,,,,,,,,,,10.156,0.302,122.032,3.28,,,33.103,0.782,116.926,3.142,,2.557,,,,9.943,11.599,4772.054,0.832,10.07,11.155,,,4536.709,121.925,,95.068,6.816,0.585,9.173,,,341.329,6.958,1.239,708.715,19.047,,7.153,,7.556,0.444,6.325,79.589,2.139,235.345,,4.932,7.556,0.444,6.325,0.0,0.0,235.345,,4.932,,,,0.0,0.0,0.0,0.0,0.0,,0.0,10.349,10.267,109.472,,,4073.348,9.404,142.731,61786.613,1660.534,,85.358,,,,,,,,,,,,,128.25,7.556,0.444,6.325,,,235.345,,4.932,,,,,,,,,,,,,,,,
Iran,1969,IRN,27643692.0,174223163392.0,,,,,,,,,,10.284,0.337,130.841,3.617,,,26.943,0.847,144.304,3.989,,2.57,,,,9.75,12.505,5091.769,0.808,9.86,12.021,,,4845.474,133.947,,95.163,17.339,1.591,10.764,,,389.381,197.13,37.547,2047.272,56.594,,7.647,,7.645,0.484,6.808,83.292,2.303,246.294,,4.837,7.645,0.484,6.808,0.0,0.0,246.294,,4.837,,,,0.0,0.0,0.0,0.0,0.0,,0.0,9.22,10.093,119.566,,,4325.251,18.548,308.003,71211.086,1968.537,,84.946,,,,,,,,,,,,,140.755,7.645,0.484,6.808,,,246.294,,4.837,,,,,,,,,,,,,,,,
Iran,1970,IRN,28449702.0,192659390464.0,,,,,,,,,,10.289,0.372,140.216,3.989,,,8.163,0.326,151.662,4.315,,2.402,,,,17.964,25.286,5836.307,0.862,18.487,24.763,,,5578.617,158.71,,95.585,137.131,14.761,25.525,,,897.182,-38.236,-21.64,1228.643,34.955,,15.372,,7.678,0.523,7.331,87.146,2.479,257.69,,4.415,7.678,0.523,7.331,0.0,0.0,257.69,,4.415,,,,0.0,0.0,0.0,0.0,0.0,,0.0,8.054,9.63,129.196,,,4541.22,13.779,271.249,78727.938,2239.786,,77.81,,,,,,,,,,,,,166.041,7.678,0.523,7.331,,,257.69,,4.415,,,,,,,,,,,,,,,,
Iran,1971,IRN,29273686.0,216529780736.0,,,,,,,,,,-29.548,-1.179,96.005,2.81,,,13.208,0.57,166.86,4.885,,1.545,,,,9.539,15.839,6213.108,0.84,9.634,15.291,,,5943.922,174.001,,95.667,15.745,4.019,29.543,,,1009.216,141.868,49.589,2888.054,84.544,,16.243,,7.487,0.549,7.88,91.034,2.665,269.186,,4.333,7.487,0.549,7.88,0.0,0.0,269.186,,4.333,,,,0.0,0.0,0.0,0.0,0.0,,0.0,9.637,12.45,141.647,,,4838.702,18.744,419.816,90853.0,2659.602,,77.879,,,,,,,,,,,,,181.881,7.487,0.549,7.88,,,269.186,,4.333,,,,,,,,,,,,,,,,
Iran,1972,IRN,30111578.0,251717222400.0,,,,,,,,,,56.243,1.581,145.827,4.391,,,66.667,3.256,270.361,8.141,,2.129,,,,13.381,24.337,6848.446,0.819,12.567,21.867,,,6504.727,195.868,,94.981,14.468,4.274,33.818,,,1123.088,34.846,29.46,3786.063,114.004,,16.399,,31.343,2.47,10.35,116.24,3.5,343.72,,5.019,31.343,2.47,10.35,0.0,0.0,343.72,,5.019,,,,0.0,0.0,0.0,0.0,0.0,,0.0,11.304,16.012,157.659,,,5235.812,10.944,291.056,97990.82,2950.658,,76.453,,,,,,,,,,,,,206.218,31.343,2.47,10.35,,,343.72,,5.019,,,,,,,,,,,,,,,,
Iran,1973,IRN,30981904.0,273301962752.0,,,,,,,,,,68.142,2.992,238.308,7.383,,,-90.0,-7.327,26.277,0.814,,2.996,,,,19.52,40.253,7955.319,0.902,21.359,41.835,,,7672.292,237.702,,96.442,21.465,7.259,41.077,,,1325.841,10.506,11.977,4066.286,125.981,,16.666,,-15.278,-1.581,8.769,95.715,2.965,283.027,,3.558,-15.278,-1.581,8.769,0.0,0.0,283.027,,3.558,,,,0.0,0.0,0.0,0.0,0.0,,0.0,20.033,31.583,189.242,,,6108.144,16.423,484.577,110878.766,3435.235,,76.781,,,,,,,,,,,,,246.471,-15.278,-1.581,8.769,,,283.027,,3.558,,,,,,,,,,,,,,,,
Iran,1974,IRN,31895540.0,297538977792.0,,,,,,,,,,9.52,0.703,253.52,8.086,,,1100.0,8.955,306.287,9.769,,2.893,,,,13.388,32.997,8761.964,0.939,13.508,32.108,,,8459.183,269.81,,96.544,1.675,0.688,41.765,,,1309.433,3.762,4.739,4098.381,130.72,,14.945,,10.134,0.889,9.657,102.395,3.266,302.78,,3.456,10.134,0.889,9.657,0.0,0.0,302.78,,3.456,,,,0.0,0.0,0.0,0.0,0.0,,0.0,16.232,30.717,219.959,,,6896.23,2.648,90.948,110554.125,3526.184,,78.706,,,,,,,,,,,,,279.468,10.134,0.889,9.657,,,302.78,,3.456,,,,,,,,,,,,,,,,
Iran,1975,IRN,32856976.0,311929470976.0,,,,,,,,,,85.249,6.893,455.899,14.979,,,-16.667,-1.628,247.771,8.141,,4.6,,,,16.525,46.181,9911.1,1.044,16.937,45.698,,,9602.463,315.508,,96.886,2.02,0.844,42.609,,,1296.797,4.176,5.458,4144.585,136.179,,13.084,,5.007,0.484,10.141,104.375,3.429,308.636,,3.114,5.007,0.484,10.141,0.0,0.0,308.636,,3.114,,,,0.0,0.0,0.0,0.0,0.0,,0.0,17.258,37.961,257.92,,,7849.767,-11.124,-392.249,95381.109,3133.935,,79.202,,,,,,,,,,,,,325.649,5.007,0.484,10.141,,,308.636,,3.114,,,,,,,,,,,,,,,,
Iran,1976,IRN,33841064.0,365375389696.0,,,,,,,,,,-1.165,-0.174,437.487,14.805,,,-10.0,-0.814,216.509,7.327,,4.04,,,,12.535,40.82,10829.121,1.003,12.557,39.618,,,10493.931,355.126,,96.905,12.643,5.387,47.996,,,1418.267,1.879,2.559,4099.683,138.738,,13.097,,11.856,1.202,11.343,113.355,3.836,335.188,,3.095,11.856,1.202,11.343,0.0,0.0,335.188,,3.095,,,,0.0,0.0,0.0,0.0,0.0,,0.0,13.34,34.405,292.325,,,8638.177,10.204,319.782,102056.984,3453.717,,79.768,,,,,,,,,,,,,366.469,11.856,1.202,11.343,,,335.188,,3.095,,,,,,,,,,,,,,,,
Iran,1977,IRN,34876504.0,360749400064.0,,,,,,,,,,1.164,0.172,429.44,14.977,,,0.0,0.0,210.081,7.327,,3.61,,,,13.226,48.471,11897.395,1.15,13.542,48.092,,,11561.291,403.217,,97.175,2.261,1.085,49.081,,,1407.272,1.547,2.146,4039.51,140.884,,11.828,,3.341,0.379,11.722,113.664,3.964,336.103,,2.825,3.341,0.379,11.722,0.0,0.0,336.103,,2.825,,,,0.0,0.0,0.0,0.0,0.0,,0.0,16.021,46.834,339.159,,,9724.579,-3.818,-131.865,95246.141,3321.853,,81.737,,,,,,,,,,,,,414.94,3.341,0.379,11.722,,,336.103,,2.825,,,,,,,,,,,,,,,,
Iran,1978,IRN,35993664.0,318003249152.0,,,,,,,,,,-38.897,-5.826,254.258,9.152,,,0.0,0.0,203.561,7.327,,2.256,,,,-2.234,-9.268,11270.636,1.276,-3.945,-15.907,,,10760.527,387.311,,95.474,-22.559,-11.072,38.008,,,1055.975,-37.357,-52.63,2451.936,88.254,,9.369,,56.633,6.639,18.361,172.51,6.209,510.109,,4.526,56.633,6.639,18.361,0.0,0.0,510.109,,4.526,,,,0.0,0.0,0.0,0.0,0.0,,0.0,0.292,0.991,340.151,,,9450.294,-7.285,-241.995,85566.656,3079.857,,83.849,,,,,,,,,,,,,405.671,56.633,6.639,18.361,,,510.109,,4.526,,,,,,,,,,,,,,,,
Iran,1979,IRN,37205012.0,290524364800.0,,,,,,,,,,44.343,4.058,355.055,13.21,,,0.0,0.0,196.933,7.327,,3.016,,,,7.961,32.297,11771.766,1.508,8.97,34.741,,,11343.947,422.052,,96.366,33.972,12.912,50.921,,,1368.651,-3.681,-3.249,2284.79,85.006,,11.627,,-13.31,-2.444,15.917,144.68,5.383,427.818,,3.634,-13.31,-2.444,15.917,0.0,0.0,427.818,,3.634,,,,0.0,0.0,0.0,0.0,0.0,,0.0,5.224,17.77,357.921,,,9620.241,-39.398,-1213.415,50166.426,1866.443,,81.723,,,,,,,,,,,,,437.969,-13.31,-2.444,15.917,,,427.818,,3.634,,,,,,,,,,,,,,,,
Iran,1980,IRN,38520668.0,249697452032.0,,,,,,,,,,5.312,0.702,361.144,13.911,,,-1.727,-0.127,186.922,7.2,,3.426,,,,-7.287,-31.913,10541.231,1.626,-7.701,-32.501,,,10112.76,389.55,,95.935,-10.932,-5.567,45.354,,,1177.395,-46.646,-39.652,1177.395,45.354,,11.169,,3.695,0.588,16.505,144.901,5.582,428.472,,4.065,3.695,0.588,16.505,0.0,0.0,428.472,,4.065,,,,0.0,0.0,0.0,0.0,0.0,,0.0,-7.721,-27.636,330.285,,,8574.222,-53.791,-1003.985,22389.48,862.458,,81.34,,,,,,,,,,,,,406.055,3.695,0.588,16.505,,,428.472,,4.065,,,,,,,,,,,,,,,,
Iran,1981,IRN,40476260.0,242198937600.0,,,,,,,,,,-16.494,-2.294,287.008,11.617,,,0.333,0.024,178.483,7.224,,2.851,,,,0.365,1.481,10068.537,1.683,-0.009,-0.034,,,9623.314,389.516,,95.578,8.657,3.926,49.28,,,1217.514,8.657,3.926,1217.514,49.28,,12.092,,9.184,1.516,18.021,150.566,6.094,445.222,,4.422,9.184,1.516,18.021,0.0,0.0,445.222,,4.422,,,,0.0,0.0,0.0,0.0,0.0,,0.0,-0.505,-1.666,328.618,,,8118.793,-10.785,-93.02,19009.615,769.438,,80.635,,,,,,,,,,,,,407.537,9.184,1.516,18.021,,,445.222,,4.422,,,,,,,,,,,,,,,,
Iran,1982,IRN,42500036.0,280254578688.0,,,,,,,,,,34.877,4.052,368.674,15.669,,,12.403,0.896,191.067,8.12,,3.407,,,,12.861,52.412,10822.304,1.641,13.227,51.523,,,10377.374,441.039,,95.889,36.953,18.211,67.491,,,1588.023,36.953,18.211,1588.023,67.491,,14.674,,4.931,0.889,18.91,150.467,6.395,444.931,,4.111,4.931,0.889,18.91,0.0,0.0,444.931,,4.111,,,,0.0,0.0,0.0,0.0,0.0,,0.0,8.904,29.261,357.879,,,8420.677,81.519,627.237,32862.914,1396.675,,77.809,,,,,,,,,,,,,459.948,4.931,0.889,18.91,,,444.931,,4.111,,,,,,,,,,,,,,,,
Iran,1983,IRN,44027988.0,317242867712.0,,,,,,,,,,-5.649,-0.885,335.775,14.783,,,1.084,0.088,186.436,8.208,,2.707,,,,18.731,86.153,12403.507,1.721,19.626,86.558,,,11983.22,527.597,,96.612,14.286,9.642,77.133,,,1751.911,14.286,9.642,1751.911,77.133,,14.124,,-2.142,-0.405,18.504,142.134,6.258,420.288,,3.388,-2.142,-0.405,18.504,0.0,0.0,420.288,,3.388,,,,0.0,0.0,0.0,0.0,0.0,,0.0,21.74,77.801,435.68,,,9895.533,2.283,31.89,32446.738,1428.565,,79.78,,,,,,,,,,,,,546.101,-2.142,-0.405,18.504,,,420.288,,3.388,,,,,,,,,,,,,,,,
Iran,1984,IRN,45628400.0,322589097984.0,,,,,,,,,,-22.687,-3.354,250.491,11.429,,,1.169,0.096,182.0,8.304,,1.937,,,,8.069,44.063,12934.148,1.829,8.58,45.265,,,12554.952,572.862,,97.068,16.407,12.656,89.789,,,1967.825,16.407,12.656,1967.825,89.789,,15.214,,-6.497,-1.202,17.302,128.238,5.851,379.198,,2.932,-6.497,-1.202,17.302,0.0,0.0,379.198,,2.932,,,,0.0,0.0,0.0,0.0,0.0,,0.0,8.255,35.964,471.644,,,10336.636,-16.54,-236.277,26130.373,1192.287,,79.917,,,,,,,,,,,,,590.164,-6.497,-1.202,17.302,,,379.198,,2.932,,,,,,,,,,,,,,,,
Iran,1985,IRN,47266160.0,330378117120.0,,,,,,,,,,-1.617,-0.185,237.901,11.245,1.862,0.088,6.551,0.544,187.204,8.848,0.226,1.746,,38.915,6.043,9.112,53.777,13623.729,1.949,9.363,53.636,698.512,33.016,13254.686,626.498,84.841,97.291,7.88,7.076,96.864,290.623,13.737,2049.339,7.88,7.076,2049.339,96.864,35.299,15.042,,0.815,0.141,17.443,124.804,5.899,369.044,15.159,2.709,0.815,0.141,17.443,0.0,0.0,369.044,0.0,2.709,,,,0.0,0.0,0.0,0.0,0.0,0.0,0.0,9.911,46.745,518.389,406.028,19.191,10967.445,7.64,91.096,27152.266,1283.383,49.316,80.503,,,,,,,,,,,,823.316,643.941,0.815,0.141,17.443,,,369.044,,2.709,,,,,,,,,,,,,,,,
Iran,1986,IRN,48913236.0,299361763328.0,,,,,,,,,,-1.509,-0.17,226.421,11.075,1.779,0.087,14.105,1.248,206.416,10.096,0.206,1.836,,42.186,6.993,-6.315,-40.668,12333.542,2.015,-7.035,-44.071,718.333,35.136,11907.342,582.427,83.288,96.544,-3.933,-3.81,93.055,322.435,15.771,1902.445,-3.933,-3.81,1902.445,93.055,37.385,15.425,,19.512,3.403,20.847,144.133,7.05,426.199,16.712,3.456,19.512,3.403,20.847,0.0,0.0,426.199,0.0,3.456,,,,0.0,0.0,0.0,0.0,0.0,0.0,0.0,-7.734,-40.092,478.297,394.12,19.278,9778.477,-6.934,-88.984,24418.725,1194.399,45.697,79.284,,,,,,,,,,,,862.466,603.273,19.512,3.403,20.847,,,426.199,,3.456,,,,,,,,,,,,,,,,
Iran,1987,IRN,50541504.0,294831456256.0,,,,,,,,,,-1.633,-0.181,215.549,10.894,1.682,0.085,-1.743,-0.176,196.284,9.92,0.189,1.684,,45.062,6.967,7.208,43.486,12796.608,2.194,7.078,41.221,736.939,37.246,12339.324,623.648,82.655,96.427,22.42,20.863,113.918,267.668,13.528,2253.943,22.42,20.863,2253.943,113.918,30.022,17.614,,10.865,2.265,23.112,154.645,7.816,457.284,17.345,3.573,10.865,2.265,23.112,0.0,0.0,457.284,0.0,3.573,,,,0.0,0.0,0.0,0.0,0.0,0.0,0.0,4.294,20.539,498.836,467.589,23.633,9869.833,13.657,163.121,26859.498,1357.519,52.445,77.129,,,,,,,,,,,,891.584,646.76,10.865,2.265,23.112,,,457.284,,3.573,,,,,,,,,,,,,,,,
Iran,1988,IRN,52111868.0,278182821888.0,,,,,,,,,,3.193,0.348,215.728,11.242,1.689,0.088,1.613,0.16,193.439,10.08,0.187,1.704,,46.97,7.121,1.982,12.82,12656.989,2.371,1.852,11.548,743.094,38.724,12189.086,635.196,82.444,96.303,8.565,9.757,123.675,384.097,20.016,2373.253,8.565,9.757,2373.253,123.675,42.614,18.751,,5.502,1.272,24.383,158.237,8.246,467.904,17.556,3.697,5.502,1.272,24.383,0.0,0.0,467.904,0.0,3.697,,,,0.0,0.0,0.0,0.0,0.0,0.0,0.0,0.289,1.443,500.279,357.308,18.62,9600.104,0.563,7.648,26196.855,1365.167,39.642,75.848,,,,,,,,,,,,901.33,659.579,5.502,1.272,24.383,,,467.904,,3.697,,,,,,,,,,,,,,,,
Iran,1989,IRN,53644740.0,288903888896.0,,,,,,,,,,-26.533,-2.983,153.96,8.259,1.193,0.064,-4.762,-0.48,178.964,9.6,0.124,1.146,,51.431,7.134,9.308,61.396,13439.815,2.496,10.37,65.873,833.241,44.699,13068.735,701.069,86.911,97.239,26.274,32.494,156.168,491.392,26.361,2911.159,26.274,32.494,2911.159,156.168,51.254,21.661,,-18.36,-4.477,19.906,125.492,6.732,371.079,13.089,2.761,-18.36,-4.477,19.906,0.0,0.0,371.079,0.0,2.761,,,,0.0,0.0,0.0,0.0,0.0,0.0,0.0,7.268,36.362,536.641,340.656,18.274,10003.617,22.538,307.675,31183.713,1672.842,35.532,74.433,,,,,,,,,,,,958.733,720.975,-18.36,-4.477,19.906,,,371.079,,2.761,,,,,,,,,,,,,,,,
Iran,1990,IRN,55793628.0,318478254080.0,,,,,,,,,,0.024,0.002,148.067,8.261,1.165,0.065,-8.333,-0.8,157.732,8.8,0.113,1.018,,57.655,7.107,12.526,90.308,14540.782,2.547,12.608,88.389,901.071,50.274,14149.599,789.457,87.198,97.31,45.987,71.817,227.985,543.468,30.322,4086.221,58.278,91.012,4430.262,247.18,52.592,28.102,,9.641,1.919,21.826,132.291,7.381,391.183,12.802,2.69,9.641,1.919,21.826,132.291,7.381,391.183,12.802,2.69,,,,0.0,0.0,0.0,0.0,0.0,0.0,0.0,3.088,16.57,553.211,356.438,19.887,9915.312,13.175,220.393,33932.812,1893.235,34.493,68.19,0.0,0.0,,,,0.0,,0.0,0.0,,0.0,1033.362,811.283,9.641,1.919,21.826,132.291,7.381,391.183,12.802,2.69,,,0.0,0.0,0.0,0.0,0.0,0.0,,,0.0,0.0,0.0,0.0,0.0,0.0
Iran,1991,IRN,57990892.0,369999085568.0,,,,,,,,,,42.74,3.531,203.342,11.792,1.621,0.094,-18.545,-1.632,123.611,7.168,0.15,1.34,,62.814,7.136,8.498,68.946,15178.739,2.379,9.398,74.191,986.483,57.207,14892.835,863.649,91.074,98.116,16.372,37.325,265.31,603.577,35.002,4575.035,18.131,44.817,5035.22,291.997,55.723,30.141,,-24.035,-5.246,16.58,96.688,5.607,285.904,8.926,1.884,-24.035,-5.246,16.58,96.688,5.607,285.904,8.926,1.884,,,,0.0,0.0,0.0,0.0,0.0,0.0,0.0,6.026,33.335,586.546,381.285,22.111,10114.458,7.115,134.699,34969.859,2027.933,35.201,66.636,0.0,0.0,,,0.0,0.0,,0.0,0.0,,0.0,1083.17,880.229,-24.035,-5.246,16.58,96.688,5.607,285.904,8.926,1.884,,0.0,0.0,0.0,0.0,0.0,0.0,0.0,,0.0,0.0,0.0,0.0,0.0,0.0,0.0
Iran,1992,IRN,59372016.0,415816908800.0,,,,,,,,,,-11.927,-1.406,174.923,10.386,1.398,0.083,8.371,0.6,130.842,7.768,0.124,1.067,,67.178,6.901,10.588,93.195,16395.33,2.341,9.559,82.559,976.453,57.974,15936.93,946.208,86.299,97.204,15.029,39.872,305.183,625.872,37.159,5140.18,5.838,17.047,5205.216,309.044,55.315,31.351,,64.152,10.636,27.216,155.023,9.204,458.4,13.701,2.796,64.152,10.636,27.216,155.023,9.204,458.4,13.701,2.796,,,,0.0,0.0,0.0,0.0,0.0,0.0,0.0,7.517,44.093,630.639,349.183,20.732,10621.827,0.75,15.212,34412.598,2043.145,30.861,64.786,0.0,0.0,,,0.0,0.0,,0.0,0.0,,0.0,1131.476,973.424,64.152,10.636,27.216,155.023,9.204,458.4,13.701,2.796,,0.0,0.0,0.0,0.0,0.0,0.0,0.0,,0.0,0.0,0.0,0.0,0.0,0.0,0.0
Iran,1993,IRN,59755432.0,415192252416.0,,,,,,,,,,22.926,2.381,213.646,12.767,1.607,0.096,16.787,1.304,151.826,9.072,0.129,1.417,,74.686,8.292,-7.466,-72.676,15073.914,2.169,-8.096,-76.605,1073.593,64.153,14552.688,869.602,85.897,96.542,-45.891,-140.051,165.132,674.142,40.284,2763.458,-46.567,-143.913,2763.458,165.132,53.937,18.333,,14.439,3.93,31.146,176.268,10.533,521.224,14.103,3.458,14.439,3.93,31.146,176.268,10.533,521.224,14.103,3.458,,,,0.0,0.0,0.0,0.0,0.0,0.0,0.0,9.683,61.065,691.704,397.844,23.773,11575.584,4.904,100.194,35868.52,2143.339,31.831,76.792,0.0,0.0,,,0.0,0.0,,0.0,0.0,,0.0,1249.861,900.748,14.439,3.93,31.146,176.268,10.533,521.224,14.103,3.458,,0.0,0.0,0.0,0.0,0.0,0.0,0.0,,0.0,0.0,0.0,0.0,0.0,0.0,0.0
Iran,1994,IRN,59985752.0,419387342848.0,,,,,,,,,,0.402,0.051,213.681,12.818,1.584,0.095,14.021,1.272,172.449,10.344,0.117,1.271,,81.004,8.03,11.99,107.997,16816.41,2.405,13.656,118.752,1235.427,74.108,16476.475,988.354,91.487,97.979,58.088,95.921,261.053,787.66,47.248,4351.914,58.852,97.183,4372.947,262.315,58.328,25.879,,-34.53,-10.755,20.391,114.961,6.896,339.937,8.513,2.021,-34.53,-10.755,20.391,114.961,6.896,339.937,8.513,2.021,,,,0.0,0.0,0.0,0.0,0.0,0.0,0.0,3.293,22.779,714.483,446.183,26.765,11910.879,0.375,8.031,35864.68,2151.37,33.041,70.829,0.0,0.0,,,0.0,0.0,,0.0,0.0,,0.0,1350.387,1008.745,-34.53,-10.755,20.391,114.961,6.896,339.937,8.513,2.021,,0.0,0.0,0.0,0.0,0.0,0.0,0.0,,0.0,0.0,0.0,0.0,0.0,0.0,0.0
Iran,1995,IRN,60794808.0,438197157888.0,,,,,,,,,,-6.341,-0.813,197.467,12.005,1.497,0.091,-11.988,-1.24,149.757,9.104,0.108,1.135,,84.353,7.973,4.877,49.199,17401.883,2.414,4.551,44.979,1250.6,76.03,16997.062,1033.333,90.133,97.674,22.075,57.627,318.68,766.507,46.6,5241.895,21.488,56.365,5241.895,318.68,55.244,30.123,,20.693,4.22,24.611,136.903,8.323,404.821,9.867,2.326,20.693,4.22,24.611,136.903,8.323,404.821,9.867,2.326,,,,0.0,0.0,0.0,0.0,0.0,0.0,0.0,-1.656,-11.835,702.648,482.596,29.339,11557.699,0.255,5.49,35477.691,2156.859,34.782,66.416,0.0,0.0,,,0.0,0.0,,0.0,0.0,,0.0,1387.503,1057.944,20.693,4.22,24.611,136.903,8.323,404.821,9.867,2.326,,0.0,0.0,0.0,0.0,0.0,0.0,0.0,,0.0,0.0,0.0,0.0,0.0,0.0,0.0
Iran,1996,IRN,61598380.0,485151768576.0,,,,,,,,,,4.609,0.553,203.874,12.558,1.494,0.092,-10.369,-0.944,132.477,8.16,0.103,1.091,,89.74,7.797,8.785,92.939,18683.662,2.372,8.854,91.487,1313.768,80.926,18260.553,1124.82,90.178,97.735,17.608,56.114,374.794,797.007,49.094,6084.475,17.608,56.114,6084.475,374.794,54.707,32.566,,5.899,1.452,26.063,143.088,8.814,423.11,9.822,2.265,5.899,1.452,26.063,143.088,8.814,423.11,9.822,2.265,,,,0.0,0.0,0.0,0.0,0.0,0.0,0.0,4.956,34.82,737.468,515.268,31.74,11972.202,0.639,13.784,35238.648,2170.644,35.368,64.078,0.0,0.0,,,0.0,0.0,,0.0,0.0,,0.0,1456.857,1150.883,5.899,1.452,26.063,143.088,8.814,423.11,9.822,2.265,,0.0,0.0,0.0,0.0,0.0,0.0,0.0,,0.0,0.0,0.0,0.0,0.0,0.0,0.0
Iran,1997,IRN,62480528.0,515019898880.0,,,,,,,,,,2.498,0.314,206.016,12.872,1.536,0.096,18.628,1.52,154.936,9.68,0.099,1.085,,96.983,8.176,3.063,35.251,18984.059,2.303,3.889,43.746,1457.126,91.042,18702.891,1168.567,93.874,98.519,6.065,22.73,397.523,942.572,58.892,6362.358,5.071,19.006,6302.753,393.799,60.724,33.514,,-32.596,-8.495,17.567,95.086,5.941,281.167,6.126,1.481,-32.596,-8.495,17.567,95.086,5.941,281.167,6.126,1.481,,,,0.0,0.0,0.0,0.0,0.0,0.0,0.0,2.807,20.703,758.171,513.018,32.054,12134.517,0.172,3.732,34800.855,2174.376,33.051,63.92,0.0,0.0,,,0.0,0.0,,0.0,0.0,,0.0,1552.212,1186.134,-32.596,-8.495,17.567,95.086,5.941,281.167,6.126,1.481,,0.0,0.0,0.0,0.0,0.0,0.0,0.0,,0.0,0.0,0.0,0.0,0.0,0.0,0.0
Iran,1998,IRN,63461424.0,544002506752.0,,,,,,,,,,16.448,2.117,236.193,14.989,1.765,0.112,1.653,0.16,155.062,9.84,0.109,1.213,,102.385,8.287,4.162,49.373,19468.623,2.271,3.834,44.798,1495.349,94.897,19119.721,1213.365,92.686,98.208,16.298,64.79,462.313,1130.688,71.755,7284.953,12.93,50.918,7007.688,444.718,70.084,37.419,,26.039,4.574,22.142,117.993,7.488,348.904,7.314,1.792,26.039,4.574,22.142,117.993,7.488,348.904,7.314,1.792,,,,0.0,0.0,0.0,0.0,0.0,0.0,0.0,-2.916,-22.109,736.062,362.896,23.03,11598.576,2.046,44.483,34963.902,2218.859,22.493,59.576,0.0,0.0,,,0.0,0.0,,0.0,0.0,,0.0,1613.342,1235.507,26.039,4.574,22.142,117.993,7.488,348.904,7.314,1.792,,0.0,0.0,0.0,0.0,0.0,0.0,0.0,,0.0,0.0,0.0,0.0,0.0,0.0,0.0
Iran,1999,IRN,64474748.0,567746232320.0,,,,,,,,,,-4.832,-0.724,221.248,14.265,6.468,0.417,-15.447,-1.52,129.049,8.32,0.379,1.071,,110.088,8.268,7.775,96.062,20652.555,2.345,8.48,102.892,1627.149,104.91,20415.078,1316.257,95.296,98.85,18.908,87.413,549.726,1196.601,77.151,8526.228,19.132,85.082,8217.175,529.8,70.081,41.284,,-31.317,-6.934,15.208,79.768,5.143,235.872,4.672,1.142,-30.849,-6.831,15.311,80.311,5.178,237.477,4.704,1.15,,,,0.0,0.0,0.0,0.0,0.0,0.0,0.0,2.201,16.204,752.266,424.08,27.342,11667.602,-6.641,-147.354,32128.938,2071.505,24.837,56.495,0.0,0.0,,,0.0,0.0,,0.0,0.0,,0.0,1707.459,1331.568,-30.849,-6.831,15.311,80.311,5.178,237.477,4.704,1.15,,0.0,0.0,0.0,0.0,0.0,0.0,0.0,,0.103,0.103,0.543,0.035,1.605,0.032,0.008
Iran,2000,IRN,65544380.0,600692162560.0,,,,,0.0,0.0,0.0,,535.232,6.273,0.895,231.288,15.16,7.323,0.48,10.385,0.864,140.125,9.184,0.402,1.085,118.63,119.35,8.546,4.881,65.0,21307.211,2.325,5.244,69.023,1762.622,115.53,21134.986,1385.28,96.799,99.192,8.128,44.682,594.409,1244.348,81.56,9068.798,6.336,33.566,8595.186,563.366,68.337,42.562,63.88,-26.483,-4.027,11.18,57.671,3.78,170.577,3.167,0.801,-26.275,-4.023,11.288,58.281,3.82,172.224,3.201,0.808,-0.72,-0.607,,,,,,,,,3.117,23.445,775.711,510.952,33.49,11834.9,7.606,157.562,34008.508,2229.067,28.06,55.544,0.0,0.0,,,0.0,0.0,,0.0,0.0,,0.0,1820.904,1396.568,-26.275,-4.023,11.288,58.281,3.82,172.224,3.201,0.808,,0.0,0.0,0.0,0.0,0.0,0.0,0.0,4.286,0.004,0.108,0.61,0.04,1.647,0.034,0.008
Iran,2001,IRN,66674856.0,642713059328.0,,,,,0.0,0.0,0.0,,531.233,-1.963,-0.298,222.903,14.862,7.049,0.47,-2.962,-0.272,133.67,8.912,0.368,0.996,127.29,127.59,8.551,6.843,95.574,22379.375,2.322,6.833,94.653,1851.373,123.44,22196.268,1479.933,96.747,99.182,11.931,70.918,665.327,1342.335,89.5,9978.68,11.127,62.686,9389.632,626.052,70.147,44.589,67.78,9.019,0.929,12.11,61.792,4.12,181.621,3.229,0.812,8.859,0.92,12.209,62.242,4.15,183.106,3.253,0.818,-0.3,-0.236,,,,,,,,,3.098,24.033,799.744,501.988,33.47,11994.686,-0.971,-21.635,33107.406,2207.432,26.232,53.597,0.0,0.0,,,0.0,0.0,,0.0,0.0,,0.0,1913.615,1492.142,8.859,0.92,12.209,62.242,4.15,183.106,3.253,0.818,,0.0,0.0,0.0,0.0,0.0,0.0,0.0,-7.671,-0.009,0.099,0.45,0.03,1.485,0.024,0.007
Iran,2002,IRN,67327120.0,708074733568.0,,,,,0.0,0.0,0.0,,512.19,-5.251,-0.78,209.151,14.082,7.723,0.52,-7.361,-0.656,122.631,8.256,0.376,0.866,138.42,138.23,8.499,8.996,134.226,24156.205,2.297,8.309,122.961,1933.693,130.19,23807.547,1602.894,94.184,98.557,17.567,116.876,782.203,1456.174,98.04,11617.952,18.915,118.419,11057.526,744.471,70.925,48.095,70.8,94.372,11.276,23.386,118.971,8.01,347.344,5.795,1.438,93.525,11.266,23.474,119.417,8.04,348.658,5.816,1.443,0.19,0.137,,,,,,,,,0.858,6.865,806.609,469.796,31.63,11980.442,-5.628,-124.233,30941.443,2083.198,22.882,49.596,0.0,0.0,,,0.0,0.0,,0.0,0.0,,0.0,2053.11,1626.368,93.525,11.266,23.474,119.417,8.04,348.658,5.816,1.443,,0.0,0.0,0.0,0.0,0.0,0.0,0.0,-10.089,-0.011,0.088,0.446,0.03,1.314,0.022,0.005
Iran,2003,IRN,67954704.0,787813564416.0,,,,,0.0,0.0,0.0,,505.44,8.349,1.176,224.52,15.257,6.916,0.47,10.756,0.888,134.566,9.144,0.31,0.921,152.22,151.65,9.157,1.834,29.827,24372.035,2.102,1.586,25.414,2090.069,142.03,23961.666,1628.308,93.656,98.316,2.629,20.564,802.767,1616.518,109.85,11813.271,4.89,36.405,11491.128,780.876,72.437,48.471,76.65,19.67,4.421,27.806,141.123,9.59,409.19,6.324,1.679,19.563,4.412,27.886,141.565,9.62,410.368,6.344,1.684,0.57,0.374,,,,,,,,,0.456,3.675,810.283,466.634,31.71,11923.876,12.822,267.106,34586.34,2350.304,20.91,48.924,0.0,0.0,,,0.0,0.0,,0.0,0.0,,0.0,2231.634,1656.194,19.563,4.412,27.886,141.565,9.62,410.368,6.344,1.684,,0.0,0.0,0.0,0.0,0.0,0.0,0.0,-8.911,-0.008,0.08,0.441,0.03,1.178,0.02,0.005
Iran,2004,IRN,69061680.0,859884224512.0,,,,,0.0,0.0,0.0,,502.703,4.68,0.714,231.26,15.971,6.95,0.48,7.087,0.648,141.793,9.792,0.295,0.872,163.09,162.76,8.884,10.612,175.764,26526.404,2.13,10.387,169.13,2183.266,150.78,26026.557,1797.438,92.639,98.116,16.168,129.793,932.56,1659.531,114.61,13503.293,16.587,129.525,13182.437,910.401,70.417,50.905,81.82,24.458,6.58,34.387,172.744,11.93,497.914,7.33,1.877,24.582,6.634,34.52,173.468,11.98,499.846,7.361,1.884,0.33,0.202,,,,,,,,,4.767,38.623,848.906,516.784,35.69,12292.003,3.337,78.42,35167.465,2428.724,21.928,46.339,0.0,0.0,,,0.0,0.0,,0.0,0.0,,0.0,2356.734,1831.958,24.582,6.634,34.52,173.468,11.98,499.846,7.361,1.884,,0.0,0.0,0.0,0.0,0.0,0.0,0.0,67.754,0.053,0.133,0.724,0.05,1.932,0.031,0.007
Iran,2005,IRN,70182592.0,919502782464.0,,,,,0.0,0.0,0.0,,497.204,13.346,2.132,257.938,18.103,8.122,0.57,27.124,2.656,177.374,12.449,0.322,0.933,176.39,177.07,9.126,5.914,108.342,27646.453,2.11,5.635,101.289,2316.102,162.55,27054.092,1898.726,91.8,97.857,4.065,37.909,970.469,1775.084,124.58,13827.774,6.121,55.724,13765.882,966.125,70.356,50.016,88.04,21.076,6.984,41.371,205.892,14.45,589.471,8.161,2.132,21.2,7.053,41.574,206.889,14.52,592.364,8.2,2.143,-0.68,-0.386,,,,,,,,,7.215,61.248,910.154,532.896,37.4,12968.379,-0.46,-11.183,34446.445,2417.541,21.122,46.908,0.0,0.0,,,0.0,0.0,,0.0,0.0,,0.0,2522.99,1940.3,21.2,7.053,41.574,206.889,14.52,592.364,8.2,2.143,,0.0,0.0,0.0,0.0,0.0,0.0,0.0,53.132,0.07,0.203,0.997,0.07,2.893,0.04,0.01
Iran,2006,IRN,71275768.0,1006243938304.0,,,,,0.0,0.0,0.0,,499.354,-3.475,-0.629,245.157,17.474,7.857,0.56,6.105,0.76,185.317,13.209,0.29,0.824,193.2,193.43,9.123,9.275,179.971,29747.424,2.107,8.876,168.522,2452.306,174.79,29003.518,2067.248,90.363,97.499,9.003,87.371,1057.84,1755.435,125.12,14841.509,8.969,86.647,14770.415,1052.773,64.685,49.892,96.59,28.108,11.295,52.666,259.696,18.51,738.899,9.569,2.484,28.346,11.449,53.022,261.519,18.64,743.905,9.637,2.501,-0.23,-0.119,,,,,,,,,8.985,81.78,991.934,689.014,49.11,13916.853,1.323,31.99,34366.953,2449.531,25.389,46.783,0.0,0.0,,,0.0,0.0,,0.0,0.0,,0.0,2713.825,2120.271,28.346,11.449,53.022,261.519,18.64,743.905,9.637,2.501,,0.0,0.0,0.0,0.0,0.004,0.0,0.0,76.728,0.154,0.357,1.824,0.13,5.002,0.067,0.017
Iran,2007,IRN,72319424.0,1109290516480.0,,,,,0.0,0.0,0.0,,496.652,4.244,0.742,251.874,18.215,7.882,0.57,0.848,0.112,184.191,13.321,0.281,0.808,202.44,203.12,9.012,6.307,133.721,31167.166,2.032,6.558,135.563,2558.372,185.02,30459.473,2202.812,91.089,97.729,12.07,127.682,1185.522,1918.572,138.75,16392.859,12.099,127.372,16318.497,1180.144,68.309,52.597,100.88,-2.972,-1.884,50.781,248.343,17.96,702.18,8.842,2.253,-2.868,-1.842,51.18,250.279,18.1,707.693,8.911,2.271,-0.68,-0.336,,,,,,,,,0.72,7.139,999.074,631.919,45.7,13814.737,1.251,30.633,34294.582,2480.164,22.499,44.325,0.0,0.0,,,0.0,0.0,,0.0,0.0,,0.0,2808.651,2253.991,-2.868,-1.842,51.18,250.279,18.1,707.693,8.911,2.271,0.0,-0.0,0.0,0.0,0.0,0.004,0.0,0.0,12.45,0.042,0.398,1.936,0.14,5.509,0.069,0.018
Iran,2008,IRN,73318400.0,1141269463040.0,,,,,0.0,0.0,0.0,,540.928,-21.263,-3.873,195.617,14.342,5.319,0.39,-4.505,-0.6,173.498,12.721,0.185,0.617,208.3,210.49,9.06,3.078,69.376,31688.732,2.036,4.499,99.104,2766.7,202.85,31396.146,2301.915,96.37,99.077,6.102,72.345,1257.867,1842.102,135.06,17156.227,4.705,55.53,16853.535,1235.674,64.165,54.14,113.86,-58.583,-29.88,20.901,101.475,7.44,285.075,3.535,0.9,-57.823,-29.728,21.452,104.203,7.64,292.587,3.63,0.923,-2.19,-1.051,,,,,,,,,3.066,30.632,1029.706,919.278,67.4,14044.305,1.017,25.234,34171.48,2505.398,32.021,44.32,0.0,0.0,,,0.0,0.0,,0.0,0.0,,0.0,2870.903,2323.367,-57.823,-29.728,21.452,104.203,7.64,292.587,3.63,0.923,100.0,0.0,0.001,0.0,0.0,0.008,0.0,0.0,38.964,0.152,0.55,2.728,0.2,7.504,0.095,0.024
Iran,2009,IRN,74322688.0,1215221465088.0,,,,,0.0,0.0,0.0,,537.532,-35.471,-5.087,124.525,9.255,5.113,0.38,-27.547,-3.504,124.006,9.216,0.171,0.389,217.73,221.81,9.323,2.407,55.923,32012.967,1.958,2.518,57.961,2890.907,214.86,31751.764,2359.876,96.867,99.184,7.161,90.077,1347.944,2010.288,149.41,18136.375,9.847,121.682,18263.01,1357.356,67.359,56.653,119.23,-9.613,-2.126,18.775,90.417,6.72,252.62,3.03,0.789,-8.944,-2.039,19.413,93.511,6.95,261.204,3.133,0.816,-4.08,-1.874,,,,,,,,,-2.625,-27.029,1002.677,875.507,65.07,13490.863,-3.809,-95.438,32425.627,2409.96,29.336,42.142,0.005,0.002,,,0.005,0.023,,0.073,0.001,,0.0,2984.418,2379.29,-8.944,-2.039,19.413,93.511,6.95,261.204,3.133,0.816,50.0,0.0,0.001,0.0,0.0,0.011,0.0,0.0,15.526,0.082,0.632,3.095,0.23,8.5,0.104,0.027
Iran,2010,IRN,75373864.0,1316410097664.0,,,,,0.133,0.01,0.004,,515.402,44.393,4.109,177.298,13.364,4.644,0.35,-5.469,-0.504,115.589,8.712,0.149,0.552,231.99,235.68,9.732,1.778,42.305,32127.781,1.84,1.388,32.76,2988.437,225.25,31743.58,2392.636,95.575,98.804,7.118,95.95,1443.894,2306.502,173.85,19156.428,6.022,81.746,19092.846,1439.102,73.765,59.626,121.47,52.491,9.68,28.455,135.989,10.25,377.521,4.349,1.175,50.073,9.545,28.959,138.377,10.43,384.202,4.425,1.196,-3.69,-1.591,,,,,,,,,-6.712,-67.299,935.378,677.29,51.05,12409.852,2.323,55.979,32716.096,2465.938,21.661,38.627,0.033,0.01,,500.0,0.027,0.135,,0.432,0.004,,0.001,3126.813,2421.595,50.073,9.545,28.959,138.377,10.43,384.202,4.425,1.196,133.333,0.001,0.002,0.0,0.0,0.026,0.0,0.0,-25.287,-0.163,0.469,2.255,0.17,6.223,0.072,0.019
Iran,2011,IRN,76342968.0,1352440086528.0,,,,,0.262,0.02,0.008,,541.704,2.765,0.37,179.888,13.733,5.632,0.43,6.887,0.6,121.982,9.312,0.183,0.543,230.58,235.59,9.314,4.457,107.919,33133.559,1.87,4.45,106.464,2941.594,224.57,32735.17,2499.1,95.322,98.798,6.097,88.032,1531.926,1864.35,142.33,20066.369,4.917,70.761,19777.363,1509.863,60.414,60.562,127.62,4.214,1.018,29.473,139.895,10.68,386.067,4.533,1.165,5.693,1.455,30.414,144.349,11.02,398.385,4.678,1.202,-5.01,-2.173,,,0.283,1.441,0.11,3.713,0.047,0.011,1.931,18.062,953.441,1071.611,81.81,12488.916,0.234,5.766,32376.32,2471.704,34.726,37.693,0.07,0.022,,115.686,0.038,0.288,,0.92,0.009,,0.003,3085.942,2529.514,4.666,1.172,30.13,142.908,10.91,394.672,4.631,1.191,0.0,-0.0,0.002,0.0,0.0,0.025,0.0,0.0,25.444,0.116,0.585,2.751,0.21,7.661,0.089,0.023
Iran,2012,IRN,77324448.0,1271703928832.0,,,,,0.259,0.02,0.008,,529.407,-22.442,-3.082,137.746,10.651,5.173,0.4,-10.309,-0.96,108.017,8.352,0.161,0.416,241.62,248.75,9.724,1.127,28.51,33081.695,2.011,0.799,19.974,3032.676,234.5,32577.982,2519.074,94.271,98.477,-0.422,-6.471,1525.455,2022.129,156.36,19727.982,3.94,59.495,20295.748,1569.358,62.858,59.634,131.69,17.016,4.806,34.28,161.656,12.5,443.323,5.025,1.34,29.333,8.535,38.949,184.288,14.25,503.713,5.729,1.523,-7.13,-2.951,1255.695,3.536,3.82,18.752,1.45,49.398,0.583,0.149,3.097,29.527,982.968,1005.374,77.74,12712.255,-15.08,-372.736,27144.949,2098.968,31.252,38.427,0.072,0.023,,2.727,0.002,0.292,,0.933,0.009,,0.003,3216.964,2558.024,17.306,4.999,35.13,165.536,12.8,454.316,5.146,1.373,0.0,-0.0,0.002,0.0,0.0,0.025,0.0,0.0,33.491,0.191,0.776,3.621,0.28,10.035,0.113,0.03
Iran,2013,IRN,78458928.0,1249348157440.0,,,,,0.255,0.02,0.008,,538.361,-16.791,-1.788,112.959,8.863,5.863,0.46,0.67,0.056,107.169,8.408,0.178,0.335,250.98,258.86,9.776,3.514,89.893,33749.086,2.119,3.064,77.197,3055.612,239.74,33090.832,2596.271,92.614,98.05,0.845,12.89,1538.345,1754.931,137.69,19607.008,0.377,5.923,20077.773,1575.281,53.191,58.096,139.36,16.973,5.577,39.857,186.34,14.62,507.992,5.648,1.505,34.07,12.697,51.646,243.694,19.12,658.255,7.386,1.95,-7.88,-3.14,193.13,7.309,11.129,54.296,4.26,141.846,1.646,0.42,6.724,66.096,1049.064,1294.818,101.59,13370.865,-5.988,-125.683,25150.557,1973.286,39.245,39.618,0.062,0.019,,-14.602,-0.011,0.246,,0.785,0.007,,0.002,3299.306,2647.917,16.042,5.387,40.517,189.398,14.86,516.409,5.741,1.53,0.0,-0.0,0.002,0.0,0.0,0.024,0.0,0.0,-22.615,-0.179,0.597,2.804,0.22,7.607,0.085,0.023
Iran,2014,IRN,79961672.0,1284499832832.0,,,,,0.625,0.05,0.018,,507.637,19.067,1.69,131.969,10.552,6.628,0.53,3.628,0.305,108.97,8.713,0.192,0.383,269.74,275.63,9.999,4.107,108.754,34474.914,2.146,4.231,109.836,3211.664,256.81,33842.551,2706.107,93.172,98.166,12.719,195.665,1734.009,2401.15,192.0,21685.508,11.377,179.225,21941.838,1754.506,69.659,62.902,139.92,-0.821,-0.564,39.293,181.337,14.5,491.395,5.261,1.425,-1.556,-1.081,50.564,235.363,18.82,632.359,6.828,1.834,-5.89,-2.184,-4.368,-0.55,10.579,50.899,4.07,132.304,1.477,0.384,-8.343,-87.519,961.545,803.885,64.28,12025.076,2.578,50.875,25314.137,2024.161,23.321,34.881,0.149,0.047,,141.451,0.087,0.583,,1.86,0.017,,0.005,3447.026,2756.672,-0.752,-0.532,39.985,184.463,14.75,500.055,5.351,1.45,0.0,-0.0,0.002,0.0,0.0,0.024,0.0,0.0,-8.676,-0.055,0.542,2.501,0.2,6.776,0.073,0.02
Iran,2015,IRN,81790848.0,1282580676608.0,,,,,0.245,0.02,0.007,,504.425,20.304,2.143,155.214,12.695,5.624,0.46,13.572,1.183,120.992,9.896,0.164,0.462,277.57,280.24,10.207,-0.405,-11.151,33567.574,2.141,-0.212,-5.742,3219.553,263.33,33015.492,2700.365,93.966,98.355,6.124,106.185,1840.195,2526.077,206.61,22498.787,4.615,80.973,22441.127,1835.479,73.726,67.025,141.36,-8.632,-3.605,35.687,161.999,13.25,436.324,4.728,1.3,-10.173,-5.409,45.156,206.747,16.91,552.086,6.034,1.645,-2.67,-0.962,-14.109,-1.547,9.033,42.792,3.5,110.435,1.249,0.329,-11.863,-114.07,847.475,687.852,56.26,10361.489,3.56,72.065,25629.094,2096.225,20.076,30.868,0.052,0.016,,-65.021,-0.097,0.199,,0.636,0.006,,0.002,3426.3,2745.521,-9.087,-3.862,36.123,163.955,13.41,441.651,4.785,1.316,114.286,0.002,0.004,0.0,0.0,0.049,0.0,0.0,-29.5,-0.162,0.38,1.712,0.14,4.642,0.05,0.014
Iran,2016,IRN,83306232.0,1342488838144.0,,,,,0.24,0.02,0.007,,482.403,-16.821,-2.135,126.757,10.56,5.882,0.49,4.595,0.455,124.249,10.351,0.171,0.367,283.66,286.13,9.939,4.854,133.274,34556.773,2.144,4.444,120.012,3169.751,264.06,33855.535,2820.377,92.287,97.971,6.684,122.996,1963.19,2704.6,225.31,23565.949,8.605,157.94,23928.812,1993.419,78.744,68.195,138.03,16.375,5.598,41.285,185.1,15.42,495.584,5.389,1.434,30.598,13.262,58.417,264.926,22.07,701.238,7.713,2.029,-2.47,-0.871,85.226,7.599,16.632,77.665,6.47,199.644,2.261,0.578,-0.1,-0.848,846.627,459.269,38.26,10162.827,19.918,417.535,30174.934,2513.76,13.372,29.409,0.07,0.022,,33.742,0.018,0.262,,0.835,0.008,,0.002,3434.677,2878.794,16.36,5.663,41.786,187.261,15.6,501.594,5.452,1.452,233.333,0.009,0.013,0.0,0.0,0.161,0.0,0.0,10.638,0.038,0.418,1.921,0.16,5.013,0.056,0.015
Iran,2017,IRN,84505080.0,1434521042944.0,,,,,0.237,0.02,0.007,,471.639,13.466,1.422,141.786,11.982,7.455,0.63,0.0,,,,0.206,0.401,300.85,305.17,10.22,3.727,107.296,35336.23,2.082,3.579,100.934,3319.918,280.55,34569.648,2921.311,91.932,97.831,4.424,86.849,2050.04,2987.986,252.5,24259.367,7.278,145.082,25306.18,2138.501,82.741,68.653,143.93,11.736,4.574,45.859,203.893,17.23,542.682,5.646,1.536,11.499,6.363,64.78,291.343,24.62,766.582,8.068,2.169,-4.32,-1.436,7.465,1.136,17.768,82.362,6.96,210.26,2.281,0.595,1.496,12.663,859.289,324.478,27.42,10168.495,7.31,183.768,31921.492,2697.528,8.985,28.776,0.078,0.024,,12.11,0.008,0.289,,0.923,0.008,,0.003,3611.262,2986.091,13.172,5.226,47.012,208.982,17.66,556.322,5.787,1.574,1616.1,0.215,0.228,1.065,0.09,2.702,0.029,0.008,103.846,0.429,0.846,3.787,0.32,10.015,0.105,0.028
Iran,2018,IRN,85617560.0,1398995943424.0,,,,,0.234,0.02,0.006,,482.6,32.276,3.867,185.112,15.849,7.358,0.63,0.0,,,,0.202,0.513,308.64,312.35,10.117,3.394,101.355,36060.898,2.207,4.107,119.977,3441.233,294.63,35521.777,3041.288,94.327,98.505,3.726,76.394,2126.434,3110.227,266.29,24836.422,5.167,110.489,26267.855,2248.99,85.254,68.874,150.74,-42.909,-19.831,26.029,114.93,9.84,304.011,3.15,0.843,-28.021,-18.621,46.159,206.967,17.72,539.126,5.673,1.495,-3.71,-1.202,-1.038,-0.287,17.481,80.474,6.89,204.173,2.206,0.566,4.622,39.716,899.005,323.649,27.71,10500.242,-5.308,-143.187,29834.318,2554.342,8.871,29.118,0.078,0.024,,0.0,0.0,0.285,,0.911,0.008,,0.003,3648.2,3087.446,-38.652,-18.334,28.678,126.493,10.83,334.953,3.467,0.929,158.512,0.359,0.587,2.57,0.22,6.854,0.07,0.019,135.849,1.138,1.984,8.76,0.75,23.176,0.24,0.064
Iran,2019,IRN,86564208.0,,,,,,0.116,0.01,0.003,,450.939,19.459,3.084,218.715,18.933,7.393,0.64,0.0,,,,0.201,0.581,315.26,318.89,9.788,5.522,170.491,37636.082,,3.547,107.884,3204.211,277.37,36379.609,3149.172,86.98,96.662,2.702,57.462,2183.896,2824.608,244.51,25228.619,3.558,80.011,26904.893,2329.001,76.675,67.033,143.8,244.226,63.239,89.267,391.27,33.87,1031.225,10.621,2.74,134.31,62.607,108.766,479.644,41.52,1256.473,13.02,3.338,-3.63,-1.151,-6.895,-1.265,16.215,74.049,6.41,187.323,2.01,0.498,5.266,47.339,946.344,372.209,32.22,10932.274,-27.785,-709.723,21309.256,1844.619,10.104,29.047,0.034,0.011,,-56.277,-0.044,0.123,,0.394,0.003,,0.001,3683.855,3257.938,224.048,63.872,92.55,405.595,35.11,1069.15,11.01,2.841,130.134,0.759,1.346,5.892,0.51,15.544,0.16,0.041,-3.733,-0.081,1.903,8.318,0.72,21.986,0.226,0.058
Iran,2020,IRN,87290192.0,,,,,,0.115,0.01,0.003,,470.197,13.127,2.485,245.368,21.418,7.561,0.66,0.0,,,,0.196,0.634,333.59,337.22,9.981,3.705,120.706,38705.871,,4.7,148.012,3504.517,305.91,37772.68,3297.185,90.715,97.589,8.415,183.778,2367.673,3072.854,268.23,27124.162,7.14,166.302,28586.285,2495.302,79.542,70.078,158.56,-31.478,-28.324,60.943,265.78,23.2,698.166,6.88,1.804,-24.691,-27.307,81.458,358.689,31.31,933.191,9.285,2.411,-3.63,-1.088,-1.253,-0.262,15.953,72.517,6.33,182.764,1.877,0.472,-4.042,-38.251,908.093,424.103,37.02,10403.15,-8.979,-165.622,19234.662,1678.997,10.978,26.877,0.071,0.022,,109.068,0.037,0.256,,0.817,0.007,,0.002,3863.206,3378.643,-28.97,-27.045,65.505,286.172,24.98,750.428,7.408,1.939,14.378,0.188,1.533,7.332,0.64,17.567,0.19,0.045,55.956,1.054,2.957,12.945,1.13,33.878,0.335,0.088
Iran,2021,IRN,87923432.0,,,,,,0.114,0.01,0.003,,492.678,-8.614,-1.845,222.615,19.573,7.507,0.66,0.0,,,,0.184,0.582,354.21,357.84,10.647,-0.524,-17.708,38225.703,,0.342,11.282,3839.818,337.61,37628.953,3308.467,94.347,98.439,-0.128,-3.02,2364.653,3278.876,288.29,26894.461,2.853,71.199,29190.188,2566.501,80.564,70.357,176.3,-35.866,-22.001,38.942,169.238,14.88,442.909,4.158,1.159,-35.43,-28.99,52.468,230.087,20.23,596.747,5.653,1.561,-3.63,-1.025,-44.132,-7.073,8.88,40.262,3.54,100.999,0.989,0.264,1.778,16.147,924.24,553.436,48.66,10511.876,16.919,284.065,22326.957,1963.063,13.598,27.5,0.071,0.022,,-0.273,-0.0,0.253,,0.809,0.006,,0.002,4069.905,3360.935,-33.221,-21.917,43.588,189.824,16.69,495.748,4.664,1.297,5.781,0.083,1.616,7.62,0.67,18.381,0.187,0.048,0.413,0.001,2.959,12.852,1.13,33.649,0.316,0.088
Iran,2022,IRN,88550568.0,,,,,,0.113,0.01,0.003,,493.595,8.0,1.566,238.722,21.139,7.453,0.66,0.0,,,,0.178,0.626,369.94,370.81,10.981,0.469,15.771,38133.086,,0.821,27.154,3939.67,348.86,37669.102,3335.62,94.081,98.783,-3.193,-75.513,2289.14,3319.459,293.94,25851.219,1.071,27.485,29293.842,2593.986,79.27,67.792,183.03,-49.916,-19.509,19.433,187.464,16.6,219.453,4.477,0.575,-20.654,-11.382,41.086,247.881,21.95,463.985,5.919,1.217,-0.87,-0.235,85.664,7.547,16.427,39.977,3.54,185.511,0.955,0.486,10.939,101.101,1025.341,612.757,54.26,11579.161,4.59,90.111,23186.455,2053.174,14.633,30.365,0.071,0.022,,0.0,0.0,0.252,,0.803,0.006,,0.002,4187.551,3376.707,-43.233,-18.929,24.659,207.904,18.41,278.474,4.965,0.73,18.321,0.289,1.905,7.566,0.67,21.516,0.181,0.056,10.251,0.291,3.25,12.761,1.13,36.702,0.305,0.096
Iraq,1900,IRQ,2399016.0,,,,,,,,,,,,,,,,,,,,,,,,,,,,,,,,,,,,,,,,,,,,,,0.0,0.0,,,,,,,,,,,,,,,,,,,,,,,,,,,,,,,,,,,,,,0.0,0.0,,,,,,,,,,,,,,,,,,,,,,,,,,,,,,,,,,,,,,,
Iraq,1901,IRQ,2449455.0,,,,,,,,,,,,,,,,,,,,,,,,,,,,,,,,,,,,,,,,,,,,,0.0,0.0,0.0,,,,,,,,,,,,,,,,,,,,,,,,,,,,,,,,,,,,,0.0,0.0,0.0,,,,,,,,,,,,,,,,,,,,,,,,,,,,,,,,,,,,,,,
Iraq,1902,IRQ,2495317.0,,,,,,,,,,,,,,,,,,,,,,,,,,,,,,,,,,,,,,,,,,,,,0.0,0.0,0.0,,,,,,,,,,,,,,,,,,,,,,,,,,,,,,,,,,,,,0.0,0.0,0.0,,,,,,,,,,,,,,,,,,,,,,,,,,,,,,,,,,,,,,,
Iraq,1903,IRQ,2536364.0,,,,,,,,,,,,,,,,,,,,,,,,,,,,,,,,,,,,,,,,,,,,,0.0,0.0,0.0,,,,,,,,,,,,,,,,,,,,,,,,,,,,,,,,,,,,,0.0,0.0,0.0,,,,,,,,,,,,,,,,,,,,,,,,,,,,,,,,,,,,,,,
Iraq,1904,IRQ,2578082.0,,,,,,,,,,,,,,,,,,,,,,,,,,,,,,,,,,,,,,,,,,,,,0.0,0.0,0.0,,,,,,,,,,,,,,,,,,,,,,,,,,,,,,,,,,,,,0.0,0.0,0.0,,,,,,,,,,,,,,,,,,,,,,,,,,,,,,,,,,,,,,,
Iraq,1905,IRQ,2620482.0,,,,,,,,,,,,,,,,,,,,,,,,,,,,,,,,,,,,,,,,,,,,,0.0,0.0,0.0,,,,,,,,,,,,,,,,,,,,,,,,,,,,,,,,,,,,,0.0,0.0,0.0,,,,,,,,,,,,,,,,,,,,,,,,,,,,,,,,,,,,,,,
Iraq,1906,IRQ,2663573.0,,,,,,,,,,,,,,,,,,,,,,,,,,,,,,,,,,,,,,,,,,,,,0.0,0.0,0.0,,,,,,,,,,,,,,,,,,,,,,,,,,,,,,,,,,,,,0.0,0.0,0.0,,,,,,,,,,,,,,,,,,,,,,,,,,,,,,,,,,,,,,,
Iraq,1907,IRQ,2707369.0,,,,,,,,,,,,,,,,,,,,,,,,,,,,,,,,,,,,,,,,,,,,,0.0,0.0,0.0,,,,,,,,,,,,,,,,,,,,,,,,,,,,,,,,,,,,,0.0,0.0,0.0,,,,,,,,,,,,,,,,,,,,,,,,,,,,,,,,,,,,,,,
Iraq,1908,IRQ,2751879.0,,,,,,,,,,,,,,,,,,,,,,,,,,,,,,,,,,,,,,,,,,,,,0.0,0.0,0.0,,,,,,,,,,,,,,,,,,,,,,,,,,,,,,,,,,,,,0.0,0.0,0.0,,,,,,,,,,,,,,,,,,,,,,,,,,,,,,,,,,,,,,,
Iraq,1909,IRQ,2799474.0,,,,,,,,,,,,,,,,,,,,,,,,,,,,,,,,,,,,,,,,,,,,,0.0,0.0,0.0,,,,,,,,,,,,,,,,,,,,,,,,,,,,,,,,,,,,,0.0,0.0,0.0,,,,,,,,,,,,,,,,,,,,,,,,,,,,,,,,,,,,,,,
Iraq,1910,IRQ,2850254.0,,,,,,,,,,,,,,,,,,,,,,,,,,,,,,,,,,,,,,,,,,,,,0.0,0.0,0.0,,,,,,,,,,,,,,,,,,,,,,,,,,,,,,,,,,,,,0.0,0.0,0.0,,,,,,,,,,,,,,,,,,,,,,,,,,,,,,,,,,,,,,,
Iraq,1911,IRQ,2904326.0,,,,,,,,,,,,,,,,,,,,,,,,,,,,,,,,,,,,,,,,,,,,,0.0,0.0,0.0,,,,,,,,,,,,,,,,,,,,,,,,,,,,,,,,,,,,,0.0,0.0,0.0,,,,,,,,,,,,,,,,,,,,,,,,,,,,,,,,,,,,,,,
Iraq,1912,IRQ,2961797.0,,,,,,,,,,,,,,,,,,,,,,,,,,,,,,,,,,,,,,,,,,,,,0.0,0.0,0.0,,,,,,,,,,,,,,,,,,,,,,,,,,,,,,,,,,,,,0.0,0.0,0.0,,,,,,,,,,,,,,,,,,,,,,,,,,,,,,,,,,,,,,,
Iraq,1913,IRQ,3022777.0,3331575040.0,,,,,,,,,,,,,,,,,,,,,,,,,,,,,,,,,,,,,,,,,,,,0.0,0.0,0.0,,,,,,,,,,,,,,,,,,,,,,,,,,,,,,,,,,,,,0.0,0.0,0.0,,,,,,,,,,,,,,,,,,,,,,,,,,,,,,,,,,,,,,,
Iraq,1914,IRQ,3085007.0,,,,,,,,,,,,,,,,,,,,,,,,,,,,,,,,,,,,,,,,,,,,,0.0,0.0,0.0,,,,,,,,,,,,,,,,,,,,,,,,,,,,,,,,,,,,,0.0,0.0,0.0,,,,,,,,,,,,,,,,,,,,,,,,,,,,,,,,,,,,,,,
Iraq,1915,IRQ,3148513.0,,,,,,,,,,,,,,,,,,,,,,,,,,,,,,,,,,,,,,,,,,,,,0.0,0.0,0.0,,,,,,,,,,,,,,,,,,,,,,,,,,,,,,,,,,,,,0.0,0.0,0.0,,,,,,,,,,,,,,,,,,,,,,,,,,,,,,,,,,,,,,,
Iraq,1916,IRQ,3213320.0,,,,,,,,,,,,,,,,,,,,,,,,,,,,,,,,,,,,,,,,,,,,,0.0,0.0,0.0,,,,,,,,,,,,,,,,,,,,,,,,,,,,,,,,,,,,,0.0,0.0,0.0,,,,,,,,,,,,,,,,,,,,,,,,,,,,,,,,,,,,,,,
Iraq,1917,IRQ,3279456.0,,,,,,,,,,,,,,,,,,,,,,,,,,,,,,,,,,,,,,,,,,,,,0.0,0.0,0.0,,,,,,,,,,,,,,,,,,,,,,,,,,,,,,,,,,,,,0.0,0.0,0.0,,,,,,,,,,,,,,,,,,,,,,,,,,,,,,,,,,,,,,,
Iraq,1918,IRQ,3342491.0,,,,,,,,,,,,,,,,,,,,,,,,,,,,,,,,,,,,,,,,,,,,,0.0,0.0,0.0,,,,,,,,,,,,,,,,,,,,,,,,,,,,,,,,,,,,,0.0,0.0,0.0,,,,,,,,,,,,,,,,,,,,,,,,,,,,,,,,,,,,,,,
Iraq,1919,IRQ,3402579.0,,,,,,,,,,,,,,,,,,,,,,,,,,,,,,,,,,,,,,,,,,,,,0.0,0.0,0.0,,,,,,,,,,,,,,,,,,,,,,,,,,,,,,,,,,,,,0.0,0.0,0.0,,,,,,,,,,,,,,,,,,,,,,,,,,,,,,,,,,,,,,,
Iraq,1920,IRQ,3459608.0,,,,,,,,,,,,,,,,,,,,,,,,,,,,,,,,,,,,,,,,,,,,,0.0,0.0,0.0,,,,,,,,,,,,,,,,,,,,,,,,,,,,,,,,,,,,,0.0,0.0,0.0,,,,,,,,,,,,,,,,,,,,,,,,,,,,,,,,,,,,,,,
Iraq,1921,IRQ,3513464.0,,,,,,,,,,,,,,,,,,,,,,,,,,,,,,,,,,,,,,,,,,,,,0.0,0.0,0.0,,,,,,,,,,,,,,,,,,,,,,,,,,,,,,,,,,,,,0.0,0.0,0.0,,,,,,,,,,,,,,,,,,,,,,,,,,,,,,,,,,,,,,,
Iraq,1922,IRQ,3564028.0,,,,,,,,,,,,,,,,,,,,,,,,,,,,,,,,,,,,,,,,,,,,,0.0,0.0,0.0,,,,,,,,,,,,,,,,,,,,,,,,,,,,,,,,,,,,,0.0,0.0,0.0,,,,,,,,,,,,,,,,,,,,,,,,,,,,,,,,,,,,,,,
Iraq,1923,IRQ,3611180.0,,,,,,,,,,,,,,,,,,,,,,,,,,,,,,,,,,,,,,,,,,,,,0.0,0.0,0.0,,,,,,,,,,,,,,,,,,,,,,,,,,,,,,,,,,,,,0.0,0.0,0.0,,,,,,,,,,,,,,,,,,,,,,,,,,,,,,,,,,,,,,,
Iraq,1924,IRQ,3658956.0,,,,,,,,,,,,,,,,,,,,,,,,,,,,,,,,,,,,,,,,,,,,,0.0,0.0,0.0,,,,,,,,,,,,,,,,,,,,,,,,,,,,,,,,,,,,,0.0,0.0,0.0,,,,,,,,,,,,,,,,,,,,,,,,,,,,,,,,,,,,,,,
Iraq,1925,IRQ,3707365.0,,,,,,,,,,,,,,,,,,,,,,,,,,,,,,,,,,,,,,,,,,,,,0.0,0.0,0.0,,,,,,,,,,,,,,,,,,,,,,,,,,,,,,,,,,,,,0.0,0.0,0.0,,,,,,,,,,,,,,,,,,,,,,,,,,,,,,,,,,,,,,,
Iraq,1926,IRQ,3756413.0,,,,,,,,,,,,,,,,,,,,,,,,,,,,,,,,,,,,,,,,,,,,,0.0,0.0,0.0,,,,,,,,,,,,,,,,,,,,,,,,,,,,,,,,,,,,,0.0,0.0,0.0,,,,,,,,,,,,,,,,,,,,,,,,,,,,,,,,,,,,,,,
Iraq,1927,IRQ,3806111.0,,,,,,,,,,,,,,,,,,,,,,,,,,,,,,,,,,,,,,,,,,,,,0.0,0.0,0.0,,,,,,,,,,,,,,,,,,,,,,,,,,,,,,,,,,,,,0.523,137.503,0.523,,,,,,,,,,,,,,,,,,,,,,,,,,,,,,,,,,,,,,,
Iraq,1928,IRQ,3856466.0,,,,,,,,,,,,,,,,,,,,,,,,,,,,,,,,,,,,,,,,,,,,,0.0,0.0,0.0,,,,,,,,,,,,,,,,,,,,,,,,,,,,,,,,,,,,108.889,0.57,283.477,1.093,,,,,,,,,,,,,,,,,,,,,,,,,,,,,,,,,,,,,,,
Iraq,1929,IRQ,3899075.0,,,,,,,,,,,,,,,,,,,,,,,,,,,,,,,,,,,,,,,,,,,,,0.0,0.0,0.0,,,,,,,,,,,,,,,,,,,,,,,,,,,,,,,,,,,,28.723,0.314,360.914,1.407,,,,,,,,,,,,,,,,,,,,,,,,,,,,,,,,,,,,,,,
Iraq,1930,IRQ,3933814.0,,,,,,,,,,,,,,,,,,,,,,,,,,,,,,,,,,,,,,,,,,,,,0.0,0.0,0.0,,,,,,,,,,,,,,,,,,,,,,,,,,,,,,,,,,,,0.0,0.0,357.727,1.407,,,,,,,,,,,,,,,,,,,,,,,,,,,,,,,,,,,,,,,
Iraq,1931,IRQ,3960556.0,,,,,,,,,,,,,,,,,,,,,,,,,,,,,,,,,,,,,,,,,,,,,0.0,0.0,0.0,,,,,,,,,,,,,,,,,,,,,,,,,,,,,,,,,,,,-0.826,-0.012,352.375,1.396,,,,,,,,,,,,,,,,,,,,,,,,,,,,,,,,,,,,,,,
Iraq,1932,IRQ,3979174.0,,,,,,,,,,,,,,,,,,,,,,,,,,,,,,,,,,,,,,,,,,,,,0.0,0.0,0.0,,,,,,,,,,,,,,,,,,,,,,,,,,,,,,,,,,,,1.667,0.023,356.571,1.419,,,,,,,,,,,,,,,,,,,,,,,,,,,,,,,,,,,,,,,
Iraq,1933,IRQ,3989537.0,,,,,,,,,,,,,,,,,,,,,,,,,,,,,,,,,,,,,,,,,,,,,0.0,0.0,0.0,,,,,,,,,,,,,,,,,,,,,,,,,,,,,,,,,,,,-5.738,-0.081,335.239,1.337,,,,,,,,,,,,,,,,,,,,,,,,,,,,,,,,,,,,,,,
Iraq,1934,IRQ,3999928.0,,,,,,,,,,,,,,,,,,,,,,,,,,,,,,,,,,,,,,,,,,,,,0.0,0.0,0.0,,,,,,,,,,,,,,,,,,,,,,,,,,,,,,,,,,,,712.174,9.525,2715.654,10.862,,,,,,,,,,,,,,,,,,,,,,,,,,,,,,,,,,,,,,,
Iraq,1935,IRQ,4010346.0,,,,,,,,,,,,,,,,,,,,,,,,,,,,,,,,,,,,,,,,,,,,,0.0,0.0,0.0,,,,,,,,,,,,,,,,,,,,,,,,,,,,,,,,,,,,280.942,30.517,10318.197,41.38,,,,,,,,,,,,,,,,,,,,,,,,,,,,,,,,,,,,,,,
Iraq,1936,IRQ,4020791.0,,,,,,,,,,,,,,,,,,,,,,,,,,,,,,,,,,,,,,,,,,,,,0.0,0.0,0.0,,,,,,,,,,,,,,,,,,,,,,,,,,,,,,,,,,,,9.444,3.908,11263.262,45.287,,,,,,,,,,,,,,,,,,,,,,,,,,,,,,,,,,,,,,,
Iraq,1937,IRQ,4031263.0,,,,,,,,,,,,,,,,,,,,,,,,,,,,,,,,,,,,,,,,,,,,,0.0,0.0,0.0,,,,,,,,,,,,,,,,,,,,,,,,,,,,,,,,,,,,5.624,2.547,11865.808,47.834,,,,,,,,,,,,,,,,,,,,,,,,,,,,,,,,,,,,,,,
Iraq,1938,IRQ,4041762.0,,,,,,,,,,,,,,,,,,,,,,,,,,,,,,,,,,,,,,,,,,,,,0.0,0.0,0.0,,,,,,,,,,,,,,,,,,,,,,,,,,,,,,,,,,,,0.608,0.291,11906.921,48.125,,,,,,,,,,,,,,,,,,,,,,,,,,,,,,,,,,,,,,,
Iraq,1939,IRQ,4077709.0,,,,,,,,,,,,,,,,,,,,,,,,,,,,,,,,,,,,,,,,,,,,,0.0,0.0,0.0,,,,,,,,,,,,,,,,,,,,,,,,,,,,,,,,,,,,-4.229,-2.035,11302.84,46.09,,,,,,,,,,,,,,,,,,,,,,,,,,,,,,,,,,,,,,,
Iraq,1940,IRQ,4140032.0,,,,,,,,,,,,,,,,,,,,,,,,,,,,,,,,,,,,,,,,,,,,,0.0,0.0,0.0,,,,,,,,,,,,,,,,,,,,,,,,,,,,,,,,,,,,-36.74,-16.933,7042.557,29.156,,,,,,,,,,,,,,,,,,,,,,,,,,,,,,,,,,,,,,,
Iraq,1941,IRQ,4229689.0,,,,,,,,,,,,,,,,,,,,,,,,,,,,,,,,,,,,,,,,,,,,,0.0,0.0,0.0,,,,,,,,,,,,,,,,,,,,,,,,,,,,,,,,,,,,-37.495,-10.932,4308.641,18.224,,,,,,,,,,,,,,,,,,,,,,,,,,,,,,,,,,,,,,,
Iraq,1942,IRQ,4347673.0,,,,,,,,,,,,,,,,,,,,,,,,,,,,,,,,,,,,,,,,,,,,,0.0,0.0,0.0,,,,,,,,,,,,,,,,,,,,,,,,,,,,,,,,,,,,65.603,11.956,6941.61,30.18,,,,,,,,,,,,,,,,,,,,,,,,,,,,,,,,,,,,,,,
Iraq,1943,IRQ,4495010.0,,,,,,,,,,,,,,,,,,,,,,,,,,,,,,,,,,,,,,,,,,,,,0.0,0.0,0.0,,,,,,,,,,,,,,,,,,,,,,,,,,,,,,,,,,,,37.649,11.363,9241.884,41.542,,,,,,,,,,,,,,,,,,,,,,,,,,,,,,,,,,,,,,,
Iraq,1944,IRQ,4647340.0,,,,,,,,,,,,,,,,,,,,,,,,,,,,,,,,,,,,,,,,,,,,,0.0,0.0,0.0,,,,,,,,,,,,,,,,,,,,,,,,,,,,,,,,,,,,16.573,6.885,10420.438,48.427,,,,,,,,,,,,,,,,,,,,,,,,,,,,,,,,,,,,,,,
Iraq,1945,IRQ,4804832.0,,,,,,,,,,,,,,,,,,,,,,,,,,,,,,,,,,,,,,,,,,,,,0.0,0.0,0.0,,,,,,,,,,,,,,,,,,,,,,,,,,,,,,,,,,,,10.639,5.152,11151.151,53.579,,,,,,,,,,,,,,,,,,,,,,,,,,,,,,,,,,,,,,,
Iraq,1946,IRQ,4967661.0,,,,,,,,,,,,,,,,,,,,,,,,,,,,,,,,,,,,,,,,,,,,,0.0,0.0,0.0,,,,,,,,,,,,,,,,,,,,,,,,,,,,,,,,,,,,1.585,0.849,10956.544,54.428,,,,,,,,,,,,,,,,,,,,,,,,,,,,,,,,,,,,,,,
Iraq,1947,IRQ,5136009.0,,,,,,,,,,,,,,,,,,,,,,,,,,,,,,,,,,,,,,,,,,,,,0.0,0.0,0.0,,,,,,,,,,,,,,,,,,,,,,,,,,,,,,,,,,,,0.47,0.256,10647.229,54.684,,,,,,,,,,,,,,,,,,,,,,,,,,,,,,,,,,,,,,,
Iraq,1948,IRQ,5310061.0,,,,,,,,,,,,,,,,,,,,,,,,,,,,,,,,,,,,,,,,,,,,,0.0,0.0,0.0,,,,,,,,,,,,,,,,,,,,,,,,,,,,,,,,,,,,-27.137,-14.84,7503.563,39.844,,,,,,,,,,,,,,,,,,,,,,,,,,,,,,,,,,,,,,,
Iraq,1949,IRQ,5483614.0,,,,,,,,,,,,,,,,,,,,,,,,,,,,,,,,,,,,,,,,,,,,,0.0,0.0,0.0,,,,,,,,,,,,,,,,,,,,,,,,,,,,,,,,,,,,18.71,7.455,8625.554,47.299,,,,,,,,,,,,,,,,,,,,,,,,,,,,,,,,,,,,,,,
Iraq,1950,IRQ,5656483.0,11225325568.0,,,,,,,,,,,,,,,,,,,,,,,,,,,,,,,,,,,,,,,,,,,,0.0,0.0,0.0,,,,,,,,,,,,,,,,,,,,,,,,,,,,,,,,,,,,61.888,29.273,13537.02,76.572,,,,,,,,,,,,,,,,,,,,,,,,,,,,,,,,,,,,,,,
Iraq,1951,IRQ,5783975.0,12205860864.0,,,,,,,,,,,,,,,,,,,,,,,,,,,,,,,,,,,,,,,,,,,,0.0,0.0,0.0,,,,,,,,,,,,,,,,,,,,,,,,,,,,,,,,,,,,30.498,23.353,17276.174,99.925,,,,,,,,,,,,,,,,,,,,,,,,,,,,,,,,,,,,,,,
Iraq,1952,IRQ,5930354.0,13506462720.0,,,,,,,,,,,,,,,,,,,,,,,,,,,,,,,,,,,,,,,,,,,,0.0,0.0,0.0,,,,,,,,,,,,,,,,,,,,,,,,,,,,,,,,,,,,115.561,115.474,36321.48,215.399,,,,,,,,,,,,,,,,,,,,,,,,,,,,,,,,,,,,,,,
Iraq,1953,IRQ,6089263.0,18969126912.0,,,,,,,,,,,,,,,,,,,,,,,,,,,,,,,,,,,,,,,,,,,,0.0,0.0,0.0,,,,,,,,,,,,,,,,,,,,,,,,,,,,,,,,,,,,52.184,112.404,53832.984,327.803,,,,,,,,,,,,,,,,,,,,,,,,,,,,,,,,,,,,,,,
Iraq,1954,IRQ,6252046.0,22545258496.0,,,,,,,,,,,,,,,,,,,,,,,,,,,,,,,,,,,,,,,,,,,,0.0,0.0,0.0,,,,,,,,,,,,,,,,,,,,,,,,,,,,,,,,,,,,8.653,28.366,56968.352,356.169,,,,,,,,,,,,,,,,,,,,,,,,,,,,,,,,,,,,,,,
Iraq,1955,IRQ,6405692.0,21623615488.0,,,,,,,,,,,,,,,,,,,,,,,,,,,,,,,,,,,,,,,,,,,,3.986,622.309,3.986,,,,,,,,,,,,,,,,,,,,,,,,,,,,,,,,,,,,8.542,30.424,60351.457,386.593,,,,,,,,,,,,,,,,,,,,,,,,,,,,,,,,,,,,,,,
Iraq,1956,IRQ,6552814.0,23127861248.0,,,,,,,,,,,,,,,,,,,,,,,,,,,,,,,,,,,,,,,,,,,8.761,0.349,661.635,4.336,,,,,,,,,,,,,,,,,,,,,,,,,,,,,,,,,,,,-5.313,-20.539,55862.148,366.054,,,,,,,,,,,,,,,,,,,,,,,,,,,,,,,,,,,,,,,
Iraq,1957,IRQ,6683810.0,22907525120.0,,,,,,,,,,,,,,,,,,,,,,,,,,,,,,,,,,,,,,,,,,,-25.278,-1.096,484.699,3.24,,,,,,,,,,,,,,,,,,,,,,,,,,,,,,,,,,,,-30.11,-110.218,38277.082,255.837,,,,,,,,,,,,,,,,,,,,,,,,,,,,,,,,,,,,,,,
Iraq,1958,IRQ,6796489.0,25565155328.0,,,,,,,,,,,,,,,,,,,,,,,,,,,,,,,,,,,,,,,,,,,-20.074,-0.65,380.976,2.589,,,,,,,,,,,,,,,,,,,,,,,,,,,,,,,,,,,,62.819,160.715,61289.246,416.552,,,,,,,,,,,,,,,,,,,,,,,,,,,,,,,,,,,,,,,
Iraq,1959,IRQ,6929328.0,26644594688.0,,,,,,,,,,,,,,,,,,,,,,,,,,,,,,,,,,,,,,,,,,,55.349,1.433,580.496,4.022,,,,,,,,,,,,,,,,,,,,,,,,,,,,,,,,,,,,17.095,71.211,70390.984,487.762,,,,,,,,,,,,,,,,,,,,,,,,,,,,,,,,,,,,,,,
Iraq,1960,IRQ,7084683.0,29744050176.0,,,,,,,,,,,,,,,,,,,,,,,,,,,,,,,,,,,,,,,,,,,80.539,3.24,1025.04,7.262,,,,,,,,,,,,,,,,,,,,,,,,,,,,,,,,,,,,13.178,64.279,77920.383,552.041,,,,,,,,,,,,,,,,,,,,,,,,,,,,,,,,,,,,,,,
Iraq,1961,IRQ,7260718.0,33164032000.0,,,,,,,,,,,,,,,,,,,,,,,,,,,,,,,,,,,,,,,,,,,5.638,0.409,1056.583,7.672,,,,,,,,,,,,,,,,,,,,,,,,,,,,,,,,,,,,3.185,17.585,78453.094,569.626,,,,,,,,,,,,,,,,,,,,,,,,,,,,,,,,,,,,,,,
Iraq,1962,IRQ,7481829.0,34818408448.0,,,,,,,,,,,,,,,,,,,,,,,,,,,,,,,,,,,,,,,,,,,1.256,0.096,1038.235,7.768,,,,,,,,,,,,,,,,,,,,,,,,,,,,,,,,,,,,0.386,2.198,76428.352,571.824,,,,,,,,,,,,,,,,,,,,,,,,,,,,,,,,,,,,,,,
Iraq,1963,IRQ,7735816.0,34189524992.0,,,,,,,,,,,,,,,,,,,,,,,,,,,,,,,,,,,,,,,,,,,12.403,0.963,1128.693,8.731,,,,,,,,,,,,,,,,,,,,,,,,,,,,,,,,,,,,15.256,87.237,85195.984,659.06,,,,,,,,,,,,,,,,,,,,,,,,,,,,,,,,,,,,,,,
Iraq,1964,IRQ,7997661.0,38285467648.0,,,,,,,,,,,,,,,,,,,,,,,,,,,,,,,,,,,,,,,,,,,4.828,0.422,1144.444,9.153,,,,,,,,,,,,,,,,,,,,,,,,,,,,,,,,,,,,8.749,57.661,89616.453,716.722,,,,,,,,,,,,,,,,,,,,,,,,,,,,,,,,,,,,,,,
Iraq,1965,IRQ,8270548.0,41774678016.0,,,,,,,,,,,,,,,,,,,,,,,,,,,2781.544,0.551,,,,,,,,,,,4.731,,,572.03,-51.974,-4.757,531.499,4.396,,,,,,0.209,8.55,0.071,25.281,,,,,0.209,0.0,0.0,25.281,,,,,,,0.0,0.0,0.0,0.0,,,,,18.065,,,2184.233,4.947,35.453,90946.25,752.175,,,,,,,,,,,,,,,23.005,,,0.209,,,25.281,,,,,,,,,,,,,,,,,,
Iraq,1966,IRQ,8553880.0,43987525632.0,,,,,,,,,,,,,,,,,,,,,,,,,10.289,2.367,2966.131,0.577,,,,,,,,,21.888,1.036,5.766,,,674.138,66.301,2.914,854.613,7.31,,,,31.25,0.065,0.274,10.85,0.093,32.083,,,31.25,0.065,0.274,0.0,0.0,32.083,,,,,,0.0,0.0,0.0,0.0,0.0,,,7.009,1.266,19.331,,,2259.91,6.017,45.257,93224.586,797.432,,,,,,,,,,,,,,,25.372,31.25,0.065,0.274,,,32.083,,,,,,,,,,,,,,,,,,
Iraq,1967,IRQ,8848513.0,42962739200.0,,,,,,,,,,,,,,,,,,,,,,,,,0.98,0.249,2895.465,0.596,,,,,,,,,-20.264,-1.168,4.598,,,519.635,-14.003,-1.024,710.467,6.287,,,,14.286,0.039,0.314,11.987,0.106,35.445,,,14.286,0.039,0.314,0.0,0.0,35.445,,,,,,0.0,0.0,0.0,0.0,0.0,,,7.128,1.378,20.709,,,2340.385,-11.782,-93.95,79502.805,703.482,,,,,,,,,,,,,,,25.621,14.286,0.039,0.314,,,35.445,,,,,,,,,,,,,,,,,,
Iraq,1968,IRQ,9156137.0,50599358464.0,,,,,,,,,,,,,,,,,,,,,,,,,6.237,1.598,2972.716,0.538,,,,,,,,,0.207,0.01,4.608,,,503.214,38.123,2.397,948.346,8.683,,,,20.833,0.065,0.379,13.997,0.128,41.39,,,20.833,0.065,0.379,0.0,0.0,41.39,,,,,,0.0,0.0,0.0,0.0,0.0,,,7.355,1.523,22.232,,,2428.112,22.729,159.898,94295.133,863.379,,,,,,,,,,,,,,,27.219,20.833,0.065,0.379,,,41.39,,,,,,,,,,,,,,,,,,
Iraq,1969,IRQ,9476742.0,52311482368.0,,,,,,,,,,,,,,,,,,,,,,,,,15.61,4.249,3320.483,0.602,,,,,,,,,57.113,2.631,7.239,,,763.87,24.133,2.096,1137.386,10.779,,,,10.345,0.039,0.418,14.923,0.141,44.127,,,10.345,0.039,0.418,0.0,0.0,44.127,,,,,,0.0,0.0,0.0,0.0,0.0,,,7.098,1.578,23.81,,,2512.487,0.921,7.953,91944.242,871.332,,,,,,,,,,,,,,,31.467,10.345,0.039,0.418,,,44.127,,,,,,,,,,,,,,,,,,
Iraq,1970,IRQ,9811356.0,52114083840.0,,,,,,,,,,,,,,,,,,,,,,,,,24.438,7.69,3991.017,0.751,,,,,,,,,2.362,0.171,7.41,,,755.247,-31.253,-3.369,755.247,7.41,,,,21.875,0.091,0.51,17.567,0.172,51.946,,,21.875,0.091,0.51,0.0,0.0,51.946,,,,,,0.0,0.0,0.0,0.0,0.0,,,31.194,7.427,31.238,,,3183.824,1.841,16.04,90443.375,887.372,,,,,,,,,,,,,,,39.157,21.875,0.091,0.51,,,51.946,,,,,,,,,,,,,,,,,,
Iraq,1971,IRQ,10154937.0,55337283584.0,,,,,,,,,,,,,,,,,,,,,,,,,9.454,3.702,4220.512,0.775,,,,,,,,,18.59,1.378,8.788,,,865.343,18.59,1.378,865.343,8.788,,,,16.038,0.082,0.591,19.695,0.2,58.237,,,16.038,0.082,0.591,0.0,0.0,58.237,,,,,,0.0,0.0,0.0,0.0,0.0,,,7.179,2.243,33.48,,,3296.932,9.361,83.066,95563.164,970.438,,,,,,,,,,,,,,,42.859,16.038,0.082,0.591,,,58.237,,,,,,,,,,,,,,,,,,
Iraq,1972,IRQ,10507318.0,53295796224.0,,,,,,,,,,,,,,,,,,,,,,,,,17.136,7.344,4777.924,0.942,,,,,,,,,1.081,0.095,8.883,,,845.363,1.081,0.095,845.363,8.883,,,,0.0,0.0,0.591,19.034,0.2,56.284,,,0.0,0.0,0.591,0.0,0.0,56.284,,,,,,0.0,0.0,0.0,0.0,0.0,,,21.652,7.249,40.729,,,3876.276,-13.222,-128.313,80146.523,842.125,,,,,,,,,,,,,,,50.203,0.0,0.0,0.591,,,56.284,,,,,,,,,,,,,,,,,,
Iraq,1973,IRQ,10872140.0,62224502784.0,,,,,,,,,,,,,,,,,,,,,,,,,-1.677,-0.842,4540.179,0.793,,,,,,,,,-2.674,-0.238,8.645,,,795.152,-2.674,-0.238,795.152,8.645,,,,45.0,0.266,0.858,26.674,0.29,78.874,,,45.0,0.266,0.858,0.0,0.0,78.874,,,,,,0.0,0.0,0.0,0.0,0.0,,,-2.137,-0.87,39.859,,,3666.153,37.277,313.922,106331.148,1156.047,,,,,,,,,,,,,,,49.361,45.0,0.266,0.858,,,78.874,,,,,,,,,,,,,,,,,,
Iraq,1974,IRQ,11243145.0,65566679040.0,,,,,,,,,,,,,,,,,,,,,,,,,-2.061,-1.018,4299.859,0.737,,,,,,,,,-8.132,-0.703,7.942,,,706.386,-8.132,-0.703,706.386,7.942,,,,37.931,0.325,1.183,35.577,0.4,105.202,,,37.931,0.325,1.183,0.0,0.0,105.202,,,,,,0.0,0.0,0.0,0.0,0.0,,,-1.605,-0.64,39.219,,,3488.272,-2.138,-24.715,100624.164,1131.332,,,,,,,,,,,,,,,48.344,37.931,0.325,1.183,,,105.202,,,,,,,,,,,,,,,,,,
Iraq,1975,IRQ,11617631.0,76468256768.0,,,,,,,,,,,,,,,,,,,,,,,,,9.298,4.495,4548.188,0.691,,,,,,,,,54.904,4.36,12.302,,,1058.951,54.904,4.36,1058.951,12.302,,,,15.25,0.18,1.363,39.681,0.461,117.336,,,15.25,0.18,1.363,0.0,0.0,117.336,,,,,,0.0,0.0,0.0,0.0,0.0,,,-0.116,-0.046,39.174,,,3371.901,14.83,167.775,111821.984,1299.107,,,,,,,,,,,,,,,52.839,15.25,0.18,1.363,,,117.336,,,,,,,,,,,,,,,,,,
Iraq,1976,IRQ,11999347.0,92032417792.0,,,,,,,,,,,,,,,,,,,,,,,,,25.743,13.603,5537.11,0.722,,,,,,,,,39.382,4.845,17.147,,,1429.036,39.382,4.845,1429.036,17.147,,,,-0.434,-0.006,1.357,38.252,0.459,113.111,,,-0.434,-0.006,1.357,0.0,0.0,113.111,,,,,,0.0,0.0,0.0,0.0,0.0,,,22.371,8.763,47.937,,,3994.963,7.003,90.974,115846.344,1390.08,,,,,,,,,,,,,,,66.442,-0.434,-0.006,1.357,,,113.111,,,,,,,,,,,,,,,,,,
Iraq,1977,IRQ,12400193.0,94552358912.0,,,,,,,,,,,,,,,,,,,,,,,,,4.692,3.117,5609.521,0.736,,,,,,,,,-34.737,-5.957,11.191,,,902.486,-34.737,-5.957,902.486,11.191,,,,23.312,0.316,1.674,45.644,0.566,134.97,,,23.312,0.316,1.674,0.0,0.0,134.97,,,,,,0.0,0.0,0.0,0.0,0.0,,,18.269,8.758,56.694,,,4572.065,-2.956,-41.091,108787.781,1348.99,,,,,,,,,,,,,,,69.559,23.312,0.316,1.674,,,134.97,,,,,,,,,,,,,,,,,,
Iraq,1978,IRQ,12819715.0,111778021376.0,,,,,,,,,,,,,,,,,,,,,,,,,6.053,4.21,5754.363,0.66,,,,,,,,,3.65,0.409,11.599,,,904.817,3.65,0.409,904.817,11.599,,,,25.088,0.42,2.094,55.227,0.708,163.307,,,25.088,0.42,2.094,0.0,0.0,163.307,,,,,,0.0,0.0,0.0,0.0,0.0,,,5.965,3.382,60.076,,,4686.239,9.127,123.117,114831.461,1472.107,,,,,,,,,,,,,,,73.769,25.088,0.42,2.094,,,163.307,,,,,,,,,,,,,,,,,,
Iraq,1979,IRQ,13233833.0,137502638080.0,,,,,,,,,,,,,,,,,,,,,,,,,25.214,18.6,6979.773,0.672,,,,,,,,,43.407,5.035,16.635,,,1256.968,43.407,5.035,1256.968,16.635,,,,45.763,0.958,3.052,77.982,1.032,230.592,,,45.763,0.958,3.052,0.0,0.0,230.592,,,,,,0.0,0.0,0.0,0.0,0.0,,,20.985,12.607,72.683,,,5492.213,35.607,524.174,150846.734,1996.281,,,,,,,,,,,,,,,92.369,45.763,0.958,3.052,,,230.592,,,,,,,,,,,,,,,,,,
Iraq,1980,IRQ,13653368.0,134511804416.0,,,,,,,,,,,,,,,,,,0.0,0.0,,,,,,9.735,8.992,7423.903,0.754,,,,,,,,,-26.842,-4.465,12.169,,,891.318,-26.842,-4.465,891.318,12.169,,,,-33.14,-1.011,2.04,50.537,0.69,149.437,,,-33.14,-1.011,2.04,0.0,0.0,149.437,,,,,,0.0,0.0,0.0,0.0,0.0,,,19.906,14.468,87.151,,,6383.147,-23.639,-471.9,111648.672,1524.38,,,,,,,,,,,,,,,101.361,-33.14,-1.011,2.04,,,149.437,,,,,,,,,,,,,,,,,,
Iraq,1981,IRQ,14067267.0,110104428544.0,,,,,,,,,,,,,,,,,0.0,0.0,0.0,,,,,,-6.521,-6.61,6735.592,0.861,,,,,,,,,-51.6,-6.279,5.89,,,418.703,-51.6,-6.279,418.703,5.89,,,,-11.594,-0.237,1.804,43.363,0.61,128.224,,,-11.594,-0.237,1.804,0.0,0.0,128.224,,,,,,0.0,0.0,0.0,0.0,0.0,,,-0.108,-0.094,87.058,,,6188.666,-66.046,-1006.796,36793.5,517.584,,,,,,,,,,,,,,,94.751,-11.594,-0.237,1.804,,,128.224,,,,,,,,,,,,,,,,,,
Iraq,1982,IRQ,14467687.0,109191241728.0,,,,,,,,,,,,,,,,,0.0,0.0,0.0,,,,,,3.565,3.378,6782.682,0.899,,,,,,,,,9.677,0.57,6.46,,,446.512,9.677,0.57,446.512,6.46,,,,-1.639,-0.03,1.774,41.472,0.6,122.631,,,-1.639,-0.03,1.774,0.0,0.0,122.631,,,,,,0.0,0.0,0.0,0.0,0.0,,,3.26,2.838,89.896,,,6213.538,8.988,46.519,38990.512,564.103,,,,,,,,,,,,,,,98.13,-1.639,-0.03,1.774,,,122.631,,,,,,,,,,,,,,,,,,
Iraq,1983,IRQ,14903738.0,99708346368.0,,,,,,,,,,,,,,,,,0.0,0.0,0.0,,,,,,14.865,14.587,7562.958,1.13,,,,,,,,,-30.882,-1.995,4.465,,,299.589,-30.882,-1.995,299.589,4.465,,,,0.0,0.0,1.774,40.258,0.6,119.044,,,0.0,0.0,1.774,0.0,0.0,119.044,,,,,,0.0,0.0,0.0,0.0,0.0,,,18.445,16.582,106.477,,,7144.326,12.061,68.038,42414.879,632.14,,,,,,,,,,,,,,,112.716,0.0,0.0,1.774,,,119.044,,,,,,,,,,,,,,,,,,
Iraq,1984,IRQ,15377037.0,99953483776.0,,,,,,,,,,,,,,,,,0.0,0.0,0.0,,,,,,10.803,12.177,8122.071,1.25,,,,,,,,,25.532,1.14,5.605,,,364.505,25.532,1.14,364.505,5.605,,,,1.667,0.03,1.804,39.67,0.61,117.302,,,1.667,0.03,1.804,0.0,0.0,117.302,,,,,,0.0,0.0,0.0,0.0,0.0,,,10.338,11.007,117.485,,,7640.264,11.378,71.923,45786.637,704.063,,,,,,,,,,,,,,,124.893,1.667,0.03,1.804,,,117.302,,,,,,,,,,,,,,,,,,
Iraq,1985,IRQ,15753858.0,98367610880.0,,,,,,,,,,,,,,,,,0.0,0.0,0.0,,,,20.973,14.64,14.708,18.369,9093.793,1.456,,,,,,,,,44.068,2.47,8.075,,,512.573,44.068,2.47,512.573,8.075,,,,0.0,0.0,1.804,38.721,0.61,114.497,2.909,,0.0,0.0,1.804,0.0,0.0,114.497,0.0,,,,,0.0,0.0,0.0,0.0,0.0,0.0,,13.533,15.899,133.384,,,8466.724,15.363,108.164,51557.301,812.226,,,,,,,,,,,,,,1331.293,143.262,0.0,0.0,1.804,,,114.497,,,,,,,,,,,,,,,,,,
Iraq,1986,IRQ,16148228.0,97354063872.0,,,,,,,,,,,,,,,,,0.0,0.0,0.0,,,,22.287,13.507,15.179,21.746,10218.363,1.695,,,,,,,,,82.353,6.65,14.725,,,911.865,82.353,6.65,911.865,14.725,,,,-1.639,-0.03,1.774,37.156,0.6,109.869,2.692,,-1.639,-0.03,1.774,0.0,0.0,109.869,0.0,,,,,0.0,0.0,0.0,0.0,0.0,0.0,,11.34,15.126,148.509,,,9196.629,33.435,271.571,67115.57,1083.797,,,,,,,,,,,,,,1380.151,165.008,-1.639,-0.03,1.774,,,109.869,,,,,,,,,,,,,,,,,,
Iraq,1987,IRQ,16598017.0,100119379968.0,,,,,,,,,,,,,,,,,0.0,0.0,0.0,,,,22.51,11.563,17.972,29.656,11728.18,1.944,,,,,,,,,141.935,20.9,35.625,,,2146.341,141.935,20.9,2146.341,35.625,,,,333.333,5.914,7.688,156.645,2.6,463.198,11.55,,333.333,5.914,7.688,0.0,0.0,463.198,0.0,,,,,0.0,0.0,0.0,0.0,0.0,0.0,,1.914,2.842,151.351,,,9118.641,25.825,279.891,82159.695,1363.688,,,,,,,,,,,,,,1356.186,194.665,333.333,5.914,7.688,,,463.198,,,,,,,,,,,,,,,,,,
Iraq,1988,IRQ,16987352.0,78971518976.0,,,,,,,,,,,,,,,,,0.0,0.0,0.0,,,,23.45,10.403,15.8,30.757,13269.976,2.854,,,,,,,,,49.333,17.575,53.2,,,3131.742,49.333,17.575,3131.742,53.2,,,,0.0,0.0,7.688,153.055,2.6,452.582,11.087,,0.0,0.0,7.688,0.0,0.0,452.582,0.0,,,,,0.0,0.0,0.0,0.0,0.0,0.0,,8.71,13.182,164.534,,,9685.652,16.582,226.124,93588.0,1589.812,,,,,,,,,,,,,,1380.439,225.422,0.0,0.0,7.688,,,452.582,,,,,,,,,,,,,,,,,,
Iraq,1989,IRQ,17442600.0,71995359232.0,,,,,,,,,,,,,,,,,0.0,0.0,0.0,,,,23.86,9.322,13.539,30.521,14673.412,3.555,,,,,,,,,15.179,8.075,61.275,,,3512.951,15.179,8.075,3512.951,61.275,,,,0.0,0.0,7.688,149.06,2.6,440.77,10.897,,0.0,0.0,7.688,0.0,0.0,440.77,0.0,,,,,0.0,0.0,0.0,0.0,0.0,0.0,,13.642,22.446,186.979,,,10719.69,1.659,26.375,92657.492,1616.188,,,,,,,,,,,,,,1367.915,255.942,0.0,0.0,7.688,,,440.77,,,,,,,,,,,,,,,,,,
Iraq,1990,IRQ,17658384.0,71051763712.0,,,,,,,,,,,,,,,,,0.0,0.0,0.0,,,,28.373,11.935,-7.118,-18.219,13462.373,3.346,,,,,,,,,-38.295,-23.465,37.81,,,2141.192,-38.295,-23.465,2141.192,37.81,,,,78.856,6.063,13.751,263.346,4.65,778.711,16.39,,78.856,6.063,13.751,263.346,4.65,778.711,16.39,,,,,0.0,0.0,0.0,0.0,0.0,0.0,,-0.437,-0.816,186.163,,,10542.469,-24.226,-391.538,69352.297,1224.65,,,0.0,0.0,,,,0.0,,0.0,0.0,,,1606.782,237.724,78.856,6.063,13.751,263.346,4.65,778.711,16.39,,,,0.0,0.0,0.0,0.0,0.0,,,,0.0,0.0,0.0,0.0,0.0,
Iraq,1991,IRQ,17846384.0,28285614080.0,,,,,,,,,,,,,,,,,0.0,0.0,0.0,,,,13.359,8.904,-36.888,-87.692,8406.837,5.304,,,,,,,,,-56.281,-21.28,16.53,,,926.238,-56.281,-21.28,926.238,16.53,,,,-53.87,-7.407,6.343,120.203,2.145,355.438,16.058,,-53.87,-7.407,6.343,120.203,2.145,355.438,16.058,,,,,0.0,0.0,0.0,0.0,0.0,0.0,,-31.695,-59.005,127.158,,,7125.16,-86.759,-1062.493,9086.216,162.156,,,0.0,0.0,,,0.0,0.0,,0.0,0.0,,,748.575,150.032,-53.87,-7.407,6.343,120.203,2.145,355.438,16.058,,,0.0,0.0,0.0,0.0,0.0,0.0,,,0.0,0.0,0.0,0.0,0.0,0.0,
Iraq,1992,IRQ,18385682.0,39202230272.0,,,,,,,,,,,,,,,,,0.0,0.0,0.0,,,,21.912,9.204,58.69,88.054,12949.507,6.073,,,,,,,,,30.46,5.035,21.565,,,1172.923,30.46,5.035,1172.923,21.565,,,,143.292,9.089,15.433,283.866,5.219,839.388,23.818,,143.292,9.089,15.433,283.866,5.219,839.388,23.818,,,,,0.0,0.0,0.0,0.0,0.0,0.0,,58.14,73.929,201.088,,,10937.194,87.526,141.928,16539.205,304.085,,,0.0,0.0,,,0.0,0.0,,0.0,0.0,,,1191.81,238.086,143.292,9.089,15.433,283.866,5.219,839.388,23.818,,,0.0,0.0,0.0,0.0,0.0,0.0,,,0.0,0.0,0.0,0.0,0.0,0.0,
Iraq,1993,IRQ,19295822.0,42079948800.0,,,,,,,,,,,,,,,,,0.0,0.0,0.0,,,,27.09,8.563,32.872,78.264,16394.721,7.518,,,,,,,,,12.335,2.66,24.225,,,1255.453,12.335,2.66,1255.453,24.225,,,,18.062,2.787,18.22,319.33,6.162,944.255,22.746,,18.062,2.787,18.22,319.33,6.162,944.255,22.746,,,,,0.0,0.0,0.0,0.0,0.0,0.0,,36.211,72.817,273.904,,,14195.014,-14.589,-44.363,13459.964,259.721,,,0.0,0.0,,,0.0,0.0,,0.0,0.0,,,1403.909,316.35,18.062,2.787,18.22,319.33,6.162,944.255,22.746,,,0.0,0.0,0.0,0.0,0.0,0.0,,,0.0,0.0,0.0,0.0,0.0,0.0,
Iraq,1994,IRQ,20248074.0,42891943936.0,,,,,,,,,,,,,,,,,0.0,0.0,0.0,,,,26.663,7.446,13.191,41.73,17684.621,8.348,,,,,,,,,24.314,5.89,30.115,,,1487.302,24.314,5.89,1487.302,30.115,,,,1.396,0.254,18.475,308.561,6.248,912.411,23.432,,1.396,0.254,18.475,308.561,6.248,912.411,23.432,,,,,0.0,0.0,0.0,0.0,0.0,0.0,,12.992,35.585,309.49,,,15284.907,11.029,28.643,14241.575,288.364,,,0.0,0.0,,,0.0,0.0,,0.0,0.0,,,1316.831,358.079,1.396,0.254,18.475,308.561,6.248,912.411,23.432,,,0.0,0.0,0.0,0.0,0.0,0.0,,,0.0,0.0,0.0,0.0,0.0,0.0,
Iraq,1995,IRQ,20948856.0,41889726464.0,,,,,,,,,,,,,,,,,0.0,0.0,0.0,,,,26.498,7.428,-0.377,-1.348,17028.674,8.516,,,,,,,,,0.0,0.0,30.115,,,1437.549,0.0,0.0,1437.549,30.115,,,,13.956,2.578,21.053,339.861,7.12,1004.966,26.869,,13.956,2.578,21.053,339.861,7.12,1004.966,26.869,,,,,0.0,0.0,0.0,0.0,0.0,0.0,,-1.269,-3.927,305.563,,,14586.158,4.967,14.322,14448.815,302.686,,,0.0,0.0,,,0.0,0.0,,0.0,0.0,,,1264.887,356.731,13.956,2.578,21.053,339.861,7.12,1004.966,26.869,,,0.0,0.0,0.0,0.0,0.0,0.0,,,0.0,0.0,0.0,0.0,0.0,0.0,
Iraq,1996,IRQ,21639336.0,50576642048.0,,,,,,,,,,,,,,,,,0.0,0.0,0.0,,,,25.981,7.275,0.112,0.401,16503.838,7.061,,,,,,,,,2.208,0.665,30.78,,,1422.41,2.208,0.665,1422.41,30.78,,,,-8.853,-1.864,19.189,299.888,6.489,886.765,24.977,,-8.853,-1.864,19.189,299.888,6.489,886.765,24.977,,,,,0.0,0.0,0.0,0.0,0.0,0.0,,0.524,1.6,307.163,,,14194.663,9.761,29.546,15353.152,332.232,,,0.0,0.0,,,0.0,0.0,,0.0,0.0,,,1200.653,357.132,-8.853,-1.864,19.189,299.888,6.489,886.765,24.977,,,0.0,0.0,0.0,0.0,0.0,0.0,,,0.0,0.0,0.0,0.0,0.0,0.0,
Iraq,1997,IRQ,22330776.0,52183760896.0,,,,,,,,,,,,,,,,,0.0,0.0,0.0,,,,26.693,6.305,18.537,66.201,18957.375,8.112,,,,,,,,,-5.864,-1.805,28.975,,,1297.537,-5.864,-1.805,1297.537,28.975,,,,1.829,0.351,19.54,295.917,6.608,875.023,24.756,,1.829,0.351,19.54,295.917,6.608,875.023,24.756,,,,,0.0,0.0,0.0,0.0,0.0,0.0,,22.026,67.655,374.818,,,16784.814,100.038,332.358,29761.154,664.59,,,0.0,0.0,,,0.0,0.0,,0.0,0.0,,,1195.343,423.333,1.829,0.351,19.54,295.917,6.608,875.023,24.756,,,0.0,0.0,0.0,0.0,0.0,0.0,,,0.0,0.0,0.0,0.0,0.0,0.0,
Iraq,1998,IRQ,23053490.0,64343797760.0,,,,,,,,,,,,,,,,,0.0,0.0,0.0,,,,26.744,8.416,-24.935,-105.559,13784.206,4.939,,,,,,,,,-3.279,-0.95,28.025,,,1215.651,-3.279,-0.95,1215.651,28.025,,,,-6.212,-1.214,18.326,268.834,6.198,794.939,23.174,,-6.212,-1.214,18.326,268.834,6.198,794.939,23.174,,,,,0.0,0.0,0.0,0.0,0.0,0.0,,-27.585,-103.395,271.423,,,11773.615,82.32,547.089,52559.434,1211.678,,,0.0,0.0,,,0.0,0.0,,0.0,0.0,,,1160.066,317.774,-6.212,-1.214,18.326,268.834,6.198,794.939,23.174,,,0.0,0.0,0.0,0.0,0.0,0.0,,,0.0,0.0,0.0,0.0,0.0,0.0,
Iraq,1999,IRQ,23820734.0,74946027520.0,,,,,,,,,,,,,,,,,0.0,0.0,0.0,,,,24.721,10.782,-27.848,-88.493,9625.282,3.059,,,,,,,,,7.797,2.185,30.21,,,1268.223,7.797,2.185,1268.223,30.21,,,,-42.573,-7.802,10.524,149.41,3.559,441.803,14.397,,-42.573,-7.802,10.524,149.41,3.559,441.803,14.397,,,,,0.0,0.0,0.0,0.0,0.0,0.0,,-30.534,-82.876,188.547,,,7915.255,23.119,280.132,62626.562,1491.811,,,0.0,0.0,,,0.0,0.0,,0.0,0.0,,,1037.788,229.281,-42.573,-7.802,10.524,149.41,3.559,441.803,14.397,,,0.0,0.0,0.0,0.0,0.0,0.0,,,0.0,0.0,0.0,0.0,0.0,0.0,
Iraq,2000,IRQ,24628860.0,89277112320.0,,,,,0.0,0.0,0.0,,610.26,,,,,0.0,0.0,,0.0,0.0,0.0,0.0,,30.02,30.02,9.304,40.728,93.381,13100.986,3.614,,,1194.127,29.41,,,97.968,,-0.943,-0.285,29.925,440.134,10.84,1215.038,-0.943,-0.285,1215.038,29.925,36.109,,18.32,-10.185,-1.072,9.452,24.768,0.61,383.787,2.032,,-10.185,-1.072,9.452,24.768,0.61,383.787,2.032,,0.0,0.0,,,,0.0,0.0,,0.0,,50.246,94.738,283.285,753.994,18.57,11502.16,0.408,6.082,60818.578,1497.892,61.859,,0.0,0.0,0.0,,0.0,0.0,0.0,0.0,0.0,0.0,,1218.895,322.662,-10.185,-1.072,9.452,24.768,0.61,383.787,2.032,,,0.0,0.0,0.0,0.0,0.0,0.0,,,0.0,0.0,0.0,0.0,0.0,0.0,
Iraq,2001,IRQ,25425666.0,104531812352.0,,,,,0.0,0.0,0.0,,610.544,,,,,0.0,0.0,,0.0,0.0,0.0,0.0,,30.35,30.35,8.42,11.71,37.783,14176.429,3.448,,,1169.684,29.74,,,97.99,,-12.381,-3.705,26.22,431.06,10.96,1031.241,-12.381,-3.705,1031.241,26.22,36.112,,18.53,15.78,1.421,10.873,23.992,0.61,427.63,2.01,,15.78,1.421,10.873,23.992,0.61,427.63,2.01,,0.0,0.0,,,,0.0,0.0,,0.0,,14.144,40.067,323.352,738.624,18.78,12717.559,-3.823,-57.258,56660.617,1440.634,61.878,,0.0,0.0,0.0,,0.0,0.0,0.0,0.0,0.0,0.0,,1193.676,360.445,15.78,1.421,10.873,23.992,0.61,427.63,2.01,,,0.0,0.0,0.0,0.0,0.0,0.0,,,0.0,0.0,0.0,0.0,0.0,0.0,
Iraq,2002,IRQ,26255344.0,120219820032.0,,,,,0.0,0.0,0.0,,605.024,,,,,0.0,0.0,,0.0,0.0,0.0,0.0,,31.85,31.85,9.297,-4.952,-17.849,13048.608,2.85,,,1193.662,31.34,,,98.399,,-14.493,-3.8,22.42,485.996,12.76,853.921,-14.493,-3.8,853.921,22.42,40.063,,19.27,23.211,2.437,13.31,19.425,0.51,506.944,1.601,,23.211,2.437,13.31,19.425,0.51,506.944,1.601,,0.0,0.0,,,,0.0,0.0,,0.0,,-5.099,-16.487,306.866,707.665,18.58,11687.742,-16.145,-232.584,46011.574,1208.05,58.336,,0.0,0.0,0.0,,0.0,0.0,0.0,0.0,0.0,0.0,,1213.086,342.596,23.211,2.437,13.31,19.425,0.51,506.944,1.601,,,0.0,0.0,0.0,0.0,0.0,0.0,,,0.0,0.0,0.0,0.0,0.0,0.0,
Iraq,2003,IRQ,27068826.0,100983889920.0,,,,,0.0,0.0,0.0,,605.026,,,,,0.0,0.0,,0.0,0.0,0.0,0.0,,26.66,26.66,8.768,-11.244,-38.523,11233.329,3.011,,,969.011,26.23,,,98.387,,-33.898,-7.6,14.82,394.55,10.68,547.493,-33.898,-7.6,547.493,14.82,40.06,,16.13,4.295,0.483,13.793,15.885,0.43,509.542,1.613,,4.295,0.483,13.793,15.885,0.43,509.542,1.613,,0.0,0.0,,,,0.0,0.0,,0.0,,-10.234,-31.405,275.46,574.462,15.55,10176.294,-36.438,-440.185,28367.133,767.865,58.327,,0.0,0.0,0.0,,0.0,0.0,0.0,0.0,0.0,0.0,,984.897,304.073,4.295,0.483,13.793,15.885,0.43,509.542,1.613,,,0.0,0.0,0.0,0.0,0.0,0.0,,,0.0,0.0,0.0,0.0,0.0,0.0,
Iraq,2004,IRQ,27858950.0,166055247872.0,,,,,0.0,0.0,0.0,,604.674,,,,,0.0,0.0,,0.0,0.0,0.0,0.0,,31.7,30.38,9.318,7.226,21.971,11703.38,1.963,,,1072.905,29.89,,,98.387,,-35.897,-5.32,9.5,436.843,12.17,341.004,-35.897,-5.32,341.004,9.5,40.059,,18.37,20.901,2.777,16.569,17.589,0.49,594.756,1.613,,20.901,2.777,16.569,17.589,0.49,594.756,1.613,,1.32,4.164,,,,0.0,0.0,,0.0,,8.899,24.514,299.975,636.061,17.72,10767.621,51.377,394.508,41723.496,1162.373,58.328,,0.0,0.0,0.0,,0.0,0.0,0.0,0.0,0.0,0.0,,1090.493,326.044,20.901,2.777,16.569,17.589,0.49,594.756,1.613,,,0.0,0.0,0.0,0.0,0.0,0.0,,,0.0,0.0,0.0,0.0,0.0,0.0,
Iraq,2005,IRQ,28698688.0,180541587456.0,,,,,0.0,0.0,0.0,,489.266,,,,,0.0,0.0,,0.0,0.0,0.0,0.0,,30.12,28.88,9.367,-5.435,-17.721,10743.436,1.708,,,799.34,22.94,,,79.432,,45.0,4.275,13.775,343.918,9.87,479.987,45.0,4.275,479.987,13.775,34.176,,14.13,-14.889,-2.556,14.013,206.978,5.94,488.281,20.568,,-14.889,-2.556,14.013,206.978,5.94,488.281,20.568,,1.24,4.117,,,,0.0,0.0,,0.0,,-6.481,-19.44,280.534,455.422,13.07,9775.168,-10.018,-116.445,36445.152,1045.928,45.256,,0.0,0.0,0.0,,0.0,0.0,0.0,0.0,0.0,0.0,,1006.318,308.323,-14.889,-2.556,14.013,206.978,5.94,488.281,20.568,,,0.0,0.0,0.0,0.0,0.0,0.0,,,0.0,0.0,0.0,0.0,0.0,0.0,
Iraq,2006,IRQ,28905614.0,203390877696.0,,,,,0.0,0.0,0.0,,496.419,,,,,0.0,0.0,,0.0,0.0,0.0,0.0,,34.8,32.11,10.715,-2.802,-8.641,10367.605,1.473,,,901.901,26.07,,,81.19,,0.0,0.0,13.775,403.036,11.65,476.551,0.0,0.0,476.551,13.775,36.282,,15.94,1.981,0.188,14.201,208.956,6.04,491.279,18.81,,1.981,0.188,14.201,208.956,6.04,491.279,18.81,,2.69,7.73,,,,0.0,0.0,,0.0,,-3.147,-8.828,271.706,498.865,14.42,9399.776,8.993,94.061,39438.344,1139.99,44.908,,0.0,0.0,0.0,,0.0,0.0,0.0,0.0,0.0,0.0,,1110.857,299.682,1.981,0.188,14.201,208.956,6.04,491.279,18.81,,,0.0,0.0,0.0,0.0,0.0,0.0,,,0.0,0.0,0.0,0.0,0.0,0.0,
Iraq,2007,IRQ,28660888.0,220479586304.0,,,,,0.0,0.0,0.0,,501.427,,,,,0.0,0.0,,0.0,0.0,0.0,0.0,,33.73,31.53,10.434,0.833,2.497,10543.257,1.371,,,901.926,25.85,,,81.985,,229.797,31.655,45.43,402.988,11.55,1585.072,229.797,31.655,1585.072,45.43,36.632,,15.81,-8.505,-1.289,12.912,198.179,5.68,450.502,18.015,,-8.505,-1.289,12.912,198.179,5.68,450.502,18.015,,2.2,6.522,,,,0.0,0.0,,0.0,,-10.257,-27.869,243.838,498.938,14.3,8507.684,7.211,82.201,42643.133,1222.19,45.354,,0.0,0.0,0.0,,0.0,0.0,0.0,0.0,0.0,0.0,,1100.105,302.179,-8.505,-1.289,12.912,198.179,5.68,450.502,18.015,,,0.0,0.0,0.0,0.0,0.0,0.0,,,0.0,0.0,0.0,0.0,0.0,0.0,
Iraq,2008,IRQ,29218384.0,253769580544.0,,,,,0.0,0.0,0.0,,548.276,,,,,0.0,0.0,,0.0,0.0,0.0,0.0,,37.77,34.8,10.06,14.473,43.734,11838.88,1.363,,,1072.955,31.35,,,90.086,,42.146,19.147,64.576,479.493,14.01,2210.124,42.146,19.147,2210.124,64.576,40.259,,19.08,-35.79,-4.673,8.239,118.076,3.45,281.987,9.914,,-35.79,-4.673,8.239,118.076,3.45,281.987,9.914,,2.97,7.863,,,,0.0,0.0,,0.0,,12.0,29.26,273.098,593.462,17.34,9346.77,13.54,165.489,47493.352,1387.679,49.828,,0.0,0.0,0.0,,0.0,0.0,0.0,0.0,0.0,0.0,,1191.031,345.913,-35.79,-4.673,8.239,118.076,3.45,281.987,9.914,,,0.0,0.0,0.0,0.0,0.0,0.0,,,0.0,0.0,0.0,0.0,0.0,0.0,
Iraq,2009,IRQ,30289044.0,279575789568.0,,,,,0.0,0.0,0.0,,562.994,,,,,0.0,0.0,,0.0,0.0,0.0,0.0,,48.61,43.02,12.671,-1.85,-6.4,11209.113,1.214,,,1314.997,39.83,,,92.585,,6.118,3.951,68.527,587.671,17.8,2262.445,6.118,3.951,2262.445,68.527,41.376,,24.22,-3.473,-0.335,7.904,105.319,3.19,260.951,7.415,,-3.473,-0.335,7.904,105.319,3.19,260.951,7.415,,5.59,11.5,,,,0.0,0.0,,0.0,,-3.667,-10.015,263.082,727.326,22.03,8685.718,0.351,4.868,45975.254,1392.547,51.209,,0.0,0.0,0.0,,0.0,0.0,0.0,0.0,0.0,0.0,,1420.316,339.513,-3.473,-0.335,7.904,105.319,3.19,260.951,7.415,,,0.0,0.0,0.0,0.0,0.0,0.0,,,0.0,0.0,0.0,0.0,0.0,0.0,
Iraq,2010,IRQ,31264880.0,318132289536.0,,,,,0.0,0.0,0.0,,543.605,,,,,0.0,0.0,,0.0,0.0,0.0,0.0,,51.65,46.21,12.147,12.05,40.911,12167.795,1.196,,,1327.048,41.49,,,89.786,,4.123,2.825,71.353,613.788,19.19,2282.196,4.123,2.825,2282.196,71.353,41.528,,25.12,27.732,2.13,10.034,150.968,4.72,320.933,10.214,,27.732,2.13,10.034,150.968,4.72,320.933,10.214,,5.44,10.532,,,,0.0,0.0,,0.0,,13.667,35.956,299.038,713.26,22.3,9564.665,0.899,12.516,44940.594,1405.062,48.258,,0.0,0.0,0.0,,0.0,0.0,0.0,0.0,0.0,0.0,,1478.016,380.425,27.732,2.13,10.034,150.968,4.72,320.933,10.214,,,0.0,0.0,0.0,0.0,0.0,0.0,,,0.0,0.0,0.0,0.0,0.0,0.0,
Iraq,2011,IRQ,32378066.0,367344648192.0,,,,,0.0,0.0,0.0,,560.976,,,,,0.0,0.0,,0.0,0.0,0.0,0.0,,58.07,50.84,12.99,2.877,10.945,12087.509,1.065,,,1466.425,47.48,,,93.391,,-11.679,-8.333,63.019,705.725,22.85,1946.355,-11.679,-8.333,1946.355,63.019,44.945,,28.52,-5.963,-0.656,9.378,103.774,3.36,289.643,6.609,,-5.963,-0.656,9.378,103.774,3.36,289.643,6.609,,7.23,12.45,,,,0.0,0.0,,0.0,,6.666,19.935,318.973,760.7,24.63,9851.512,12.405,174.305,48778.91,1579.367,48.446,,0.0,0.0,0.0,,0.0,0.0,0.0,0.0,0.0,0.0,,1570.199,391.37,-5.963,-0.656,9.378,103.774,3.36,289.643,6.609,,,0.0,0.0,0.0,0.0,0.0,0.0,,,0.0,0.0,0.0,0.0,0.0,0.0,
Iraq,2012,IRQ,33864452.0,420047355904.0,,,,,0.0,0.0,0.0,,522.079,,,,,0.0,0.0,,0.0,0.0,0.0,0.0,,53.65,43.48,10.182,9.11,35.654,12609.8,1.017,,,1155.489,39.13,,,89.995,,0.626,0.394,63.413,673.863,22.82,1872.567,0.626,0.394,1872.567,63.413,52.484,,22.7,29.34,2.678,12.056,128.453,4.35,356.009,10.005,,29.34,2.678,12.056,128.453,4.35,356.009,10.005,,10.17,18.956,,,,0.0,0.0,,0.0,,10.215,32.582,351.554,481.626,16.31,10381.225,11.424,180.428,51965.859,1759.795,37.512,,0.0,0.0,0.0,,0.0,0.0,0.0,0.0,0.0,0.0,,1283.942,427.024,29.34,2.678,12.056,128.453,4.35,356.009,10.005,,,0.0,0.0,0.0,0.0,0.0,0.0,,,0.0,0.0,0.0,0.0,0.0,0.0,
Iraq,2013,IRQ,35481804.0,454203146240.0,,,,,0.0,0.0,0.0,,507.336,,,,,0.0,0.0,,0.0,0.0,0.0,0.0,,67.41,55.21,11.645,11.024,47.075,13361.737,1.044,,,1421.856,50.45,,,91.378,,11.532,7.313,70.727,996.003,35.34,1993.319,11.532,7.313,1993.319,70.727,64.01,,28.01,4.817,0.505,12.561,132.744,4.71,354.004,8.531,,5.87,0.631,12.687,134.153,4.76,357.56,8.622,,12.2,18.098,,,,0.0,0.0,,0.0,,11.131,39.131,390.685,425.852,15.11,11010.858,0.41,7.211,49800.34,1767.006,27.368,,0.0,0.0,0.0,,0.0,0.0,0.0,0.0,0.0,0.0,,1556.009,474.099,5.87,0.631,12.687,134.153,4.76,357.56,8.622,,,0.126,0.126,1.409,0.05,3.556,0.091,,,0.0,0.0,0.0,0.0,0.0,0.0,
Iraq,2014,IRQ,36746484.0,459176935424.0,,,,,0.0,0.0,0.0,,525.978,,,,,0.0,0.0,,0.0,0.0,0.0,0.0,,76.15,63.9,13.554,-0.559,-2.65,12829.746,1.027,,,1658.39,60.94,,,95.368,,6.478,4.582,75.308,1182.698,43.46,2049.403,6.478,4.582,2049.403,75.308,68.013,,33.61,-38.482,-4.88,7.681,78.919,2.9,209.022,4.538,,-37.863,-4.851,7.836,80.552,2.96,213.247,4.632,,12.25,16.087,,,,0.0,0.0,,0.0,,-0.61,-2.381,388.304,475.692,17.48,10567.097,4.525,79.953,50262.191,1846.959,27.355,,0.0,0.0,0.0,,0.0,0.0,0.0,0.0,0.0,0.0,,1738.942,471.448,-37.863,-4.851,7.836,80.552,2.96,213.247,4.632,,23.758,0.029,0.155,1.633,0.06,4.224,0.094,,,0.0,0.0,0.0,0.0,0.0,0.0,
Iraq,2015,IRQ,37757812.0,481955184640.0,,,,,0.0,0.0,0.0,,524.788,,,,,0.0,0.0,,0.0,0.0,0.0,0.0,,77.85,64.75,13.766,-0.227,-1.07,12457.778,0.976,,,1646.547,62.17,,,96.015,,-3.051,-2.297,73.011,1211.14,45.73,1933.665,-3.051,-2.297,1933.665,73.011,70.625,,33.98,-10.196,-0.824,6.857,66.741,2.52,181.596,3.892,,-9.993,-0.825,7.011,68.33,2.58,185.683,3.985,,13.1,16.827,,,,0.0,0.0,,0.0,,0.529,2.053,390.357,435.407,16.44,10338.431,23.176,428.054,60252.77,2275.013,25.39,,0.0,0.0,0.0,,0.0,0.0,0.0,0.0,0.0,0.0,,1714.877,470.378,-9.993,-0.825,7.011,68.33,2.58,185.683,3.985,,0.009,-0.001,0.154,1.589,0.06,4.087,0.093,,,0.0,0.0,0.0,0.0,0.0,0.0,
Iraq,2016,IRQ,38697940.0,529717002240.0,,,,,0.0,0.0,0.0,,514.445,,,,,0.0,0.0,,0.0,0.0,0.0,0.0,,87.43,75.46,14.184,13.105,61.643,13748.048,1.004,,,1862.115,72.06,,,95.494,,35.535,25.945,98.956,1440.128,55.73,2557.133,35.535,25.945,2557.133,98.956,73.854,,38.82,32.406,2.168,9.025,86.31,3.34,233.214,4.426,,31.693,2.167,9.178,87.86,3.4,237.179,4.506,,11.97,13.691,,,,0.0,0.0,,0.0,,8.59,33.531,423.887,421.986,16.33,10953.736,11.24,255.702,65396.625,2530.715,21.641,,0.0,0.0,0.0,,0.0,0.0,0.0,0.0,0.0,0.0,,1949.975,532.021,31.693,2.167,9.178,87.86,3.4,237.179,4.506,,0.0,-0.001,0.153,1.55,0.06,3.964,0.08,,,0.0,0.0,0.0,0.0,0.0,0.0,
Iraq,2017,IRQ,39621156.0,516500586496.0,,,,,0.0,0.0,0.0,,519.932,,,0.0,0.0,0.0,0.0,,,,,0.0,0.0,94.07,82.28,13.762,12.381,65.869,15090.169,1.158,,,2020.89,80.07,14940.157,591.946,97.314,99.006,15.474,15.313,114.269,1601.165,63.44,2884.029,2.246,2.222,2553.635,101.178,77.103,19.112,42.78,-35.451,-3.234,5.791,54.264,2.15,146.164,2.613,0.969,-34.859,-3.235,5.944,55.778,2.21,150.013,2.686,0.994,11.79,12.533,,,,0.0,0.0,,0.0,,12.69,53.791,477.678,419.725,16.63,12056.127,2.196,55.586,65275.758,2586.301,20.211,79.894,0.0,0.0,0.0,,0.0,0.0,0.0,0.0,0.0,0.0,0.0,2076.668,597.89,-34.859,-3.235,5.944,55.778,2.21,150.013,2.686,0.994,0.0,-0.001,0.153,1.514,0.06,3.849,0.073,0.026,,0.0,0.0,0.0,0.0,0.0,0.0,0.0
Iraq,2018,IRQ,40590700.0,513592688640.0,,,,,0.0,0.0,0.0,,519.673,,0.0,0.0,0.0,0.0,0.0,,,,,0.0,0.0,104.9,83.11,13.745,1.135,6.784,14896.87,1.177,1.169,6.923,1993.806,80.93,14753.848,598.869,97.377,99.04,27.773,31.736,146.004,1586.57,64.4,3596.993,4.506,4.559,2604.965,105.737,77.488,24.146,43.19,-16.469,-0.982,4.809,44.345,1.8,118.479,2.166,0.795,-1.753,-0.138,5.805,53.707,2.18,143.022,2.623,0.96,21.79,20.772,,,,0.0,0.0,,0.0,,-5.195,-24.813,452.865,407.236,16.53,11156.856,2.082,53.854,65043.344,2640.155,19.889,74.894,0.0,0.0,0.0,,0.0,0.0,0.0,0.0,0.0,0.0,0.0,2047.513,604.674,-1.753,-0.138,5.805,53.707,2.18,143.022,2.623,0.96,557.089,0.844,0.996,9.362,0.38,24.543,0.457,0.165,,0.0,0.0,0.0,0.0,0.0,0.0,0.0
Iraq,2019,IRQ,41563524.0,,,,,,0.0,0.0,0.0,,502.411,,0.0,0.0,0.0,0.0,0.0,,,,,0.0,0.0,123.59,89.19,13.907,6.064,36.666,15430.376,,4.742,28.396,2017.394,83.85,15091.725,627.265,94.013,97.805,33.505,48.919,194.923,1607.178,66.8,4689.772,3.718,3.931,2638.576,109.669,74.896,30.393,44.81,173.052,8.274,13.083,119.335,4.96,314.772,5.561,2.04,143.355,8.27,14.076,128.478,5.34,338.652,5.987,2.195,34.4,27.834,,,,0.0,0.0,,0.0,,-4.532,-20.523,432.342,410.215,17.05,10401.952,3.175,83.825,65537.75,2723.98,19.116,67.412,0.0,0.0,0.0,,0.0,0.0,0.0,0.0,0.0,0.0,0.0,2145.872,641.341,143.355,8.27,14.076,128.478,5.34,338.652,5.987,2.195,0.0,-0.004,0.993,9.143,0.38,23.881,0.426,0.155,,0.0,0.0,0.0,0.0,0.0,0.0,0.0
Iraq,2020,IRQ,42556988.0,,,,,,0.0,0.0,0.0,,498.311,,,,,0.0,0.0,,,,,0.0,,110.36,91.75,16.589,-13.762,-88.259,12996.267,,0.0,,2031.394,86.45,,,94.223,,-5.158,-10.054,184.869,1670.466,71.09,4344.044,-36.122,-39.615,1646.111,70.054,77.482,,45.72,-16.144,-2.152,10.931,115.61,4.92,256.847,5.362,,-14.986,-2.153,11.922,124.539,5.3,280.148,5.777,,18.61,16.863,,,,0.0,0.0,,0.0,,-17.591,-76.052,356.29,360.928,15.36,8372.074,-13.74,-374.28,55213.027,2349.7,16.741,,0.0,0.0,0.0,,0.0,0.0,0.0,0.0,0.0,0.0,,2155.933,553.082,-14.986,-2.153,11.922,124.539,5.3,280.148,5.777,,0.274,-0.001,0.992,8.929,0.38,23.301,0.414,,,0.0,0.0,0.0,0.0,0.0,0.0,
Iraq,2021,IRQ,43533592.0,,,,,,0.0,0.0,0.0,,498.869,,,,,0.0,0.0,,,,,0.0,,115.87,97.26,16.839,4.428,24.49,13267.278,,0.0,,2112.851,91.98,,,94.571,,-8.873,-16.404,168.466,1750.832,76.22,3869.782,30.0,21.016,2091.938,91.07,78.367,,48.52,-19.606,-2.175,8.755,112.557,4.9,201.118,5.038,,-17.998,-2.182,9.741,121.286,5.28,223.751,5.429,,18.61,16.061,,,,0.0,0.0,,0.0,,12.09,43.076,399.366,362.019,15.76,9173.743,-0.598,-14.054,53651.574,2335.646,16.204,,0.0,0.0,0.0,,0.0,0.0,0.0,0.0,0.0,0.0,,2234.137,577.572,-17.998,-2.182,9.741,121.286,5.28,223.751,5.429,,-0.273,-0.006,0.985,8.729,0.38,22.633,0.391,,,0.0,0.0,0.0,0.0,0.0,0.0,
Iraq,2022,IRQ,44496124.0,,,,,,,,,,,,,,,,,,,,,,,,117.237,18.307,10.876,62.818,14392.053,,0.0,,,,,,,,11.994,20.205,188.671,,,4240.163,3.534,3.218,2119.016,94.288,,,,-1.584,-0.17,8.585,74.007,3.293,192.945,2.809,,-0.196,-0.055,9.686,83.496,3.715,217.686,3.169,,,,,,,,,,,,10.684,42.668,442.034,,,9934.205,10.198,238.191,57844.074,2573.837,,,0.0,0.0,,,0.0,0.0,,0.0,0.0,,,2634.76,640.391,-0.196,-0.055,9.686,83.496,3.715,217.686,3.169,,12.137,0.116,1.101,9.49,0.422,24.74,0.36,,,0.0,0.0,0.0,0.0,0.0,0.0,
Ireland,1900,IRL,4424108.0,,,,,,,,,,,,,,,,,,,0.0,0.0,,,,,,,,,,,,,,,,,,,,,,,,,,0.0,0.0,,,,,,,,,,,,,,,,,,,,,,,,,,,,,,,,,,,,,,,,,,,,,,,,,,,,,,,,,,,,,,,,,,,,,,,,,,,,,,
Ireland,1901,IRL,4408385.0,,,,,,,,,,,,,,,,,,0.0,0.0,0.0,,,,,,,,,,,,,,,,,,,,,,,,,0.0,0.0,0.0,,,,,,,,,,,,,,,,,,,,,,,,,,,,,,,,,,,,,,,,,,,,,,,,,,,,,,,,,,,,,,,,,,,,,,,,,,,,,,
Ireland,1902,IRL,4395829.0,,,,,,,,,,,,,,,,,,0.0,0.0,0.0,,,,,,,,,,,,,,,,,,,,,,,,,0.0,0.0,0.0,,,,,,,,,,,,,,,,,,,,,,,,,,,,,,,,,,,,,,,,,,,,,,,,,,,,,,,,,,,,,,,,,,,,,,,,,,,,,,
Ireland,1903,IRL,4386416.0,,,,,,,,,,,,,,,,,,0.0,0.0,0.0,,,,,,,,,,,,,,,,,,,,,,,,,0.0,0.0,0.0,,,,,,,,,,,,,,,,,,,,,,,,,,,,,,,,,,,,,,,,,,,,,,,,,,,,,,,,,,,,,,,,,,,,,,,,,,,,,,
Ireland,1904,IRL,4377023.0,,,,,,,,,,,,,,,,,,0.0,0.0,0.0,,,,,,,,,,,,,,,,,,,,,,,,,0.0,0.0,0.0,,,,,,,,,,,,,,,,,,,,,,,,,,,,,,,,,,,,,,,,,,,,,,,,,,,,,,,,,,,,,,,,,,,,,,,,,,,,,,
Ireland,1905,IRL,4367650.0,,,,,,,,,,,,,,,,,,0.0,0.0,0.0,,,,,,,,,,,,,,,,,,,,,,,,,0.0,0.0,0.0,,,,,,,,,,,,,,,,,,,,,,,,,,,,,,,,,,,,,,,,,,,,,,,,,,,,,,,,,,,,,,,,,,,,,,,,,,,,,,
Ireland,1906,IRL,4358296.0,,,,,,,,,,,,,,,,,,0.0,0.0,0.0,,,,,,,,,,,,,,,,,,,,,,,,,0.0,0.0,0.0,,,,,,,,,,,,,,,,,,,,,,,,,,,,,,,,,,,,,,,,,,,,,,,,,,,,,,,,,,,,,,,,,,,,,,,,,,,,,,
Ireland,1907,IRL,4348962.0,,,,,,,,,,,,,,,,,,0.0,0.0,0.0,,,,,,,,,,,,,,,,,,,,,,,,,0.0,0.0,0.0,,,,,,,,,,,,,,,,,,,,,,,,,,,,,,,,,,,,,,,,,,,,,,,,,,,,,,,,,,,,,,,,,,,,,,,,,,,,,,
Ireland,1908,IRL,4339648.0,,,,,,,,,,,,,,,,,,0.0,0.0,0.0,,,,,,,,,,,,,,,,,,,,,,,,,0.0,0.0,0.0,,,,,,,,,,,,,,,,,,,,,,,,,,,,,,,,,,,,,,,,,,,,,,,,,,,,,,,,,,,,,,,,,,,,,,,,,,,,,,
Ireland,1909,IRL,4331518.0,,,,,,,,,,,,,,,,,,0.0,0.0,0.0,,,,,,,,,,,,,,,,,,,,,,,,,0.0,0.0,0.0,,,,,,,,,,,,,,,,,,,,,,,,,,,,,,,,,,,,,,,,,,,,,,,,,,,,,,,,,,,,,,,,,,,,,,,,,,,,,,
Ireland,1910,IRL,4324569.0,,,,,,,,,,,,,,,,,,0.659,152.482,0.659,,,,,,,,,,,,,,,,,,,,,,,,,0.0,0.0,0.0,,,,,,,,,,,,,,,,,,,,,,,,,,,,,,,,,,,,,,,,,,,,,,,,,,,,,,,,,,,,,,,,,,,,,,,,,,,,,,
Ireland,1911,IRL,4318796.0,,,,,,,,,,,,,,,,,-100.0,-0.659,0.0,0.0,,,,,,,,,,,,,,,,,,,,,,,,,0.0,0.0,0.0,,,,,,,,,,,,,,,,,,,,,,,,,,,,,,,,,,,,,,,,,,,,,,,,,,,,,,,,,,,,,,,,,,,,,,,,,,,,,,
Ireland,1912,IRL,4314196.0,,,,,,,,,,,,,,,,,,0.0,0.0,0.0,,,,,,,,,,,,,,,,,,,,,,,,,0.0,0.0,0.0,,,,,,,,,,,,,,,,,,,,,,,,,,,,,,,,,,,,,,,,,,,,,,,,,,,,,,,,,,,,,,,,,,,,,,,,,,,,,,
Ireland,1913,IRL,4310765.0,18952906752.0,,,,,,,,,,,,,,,,,0.684,158.636,0.684,,,,,,,,,,,,,,,,,,,,,,,,,0.0,0.0,0.0,,,,,,,,,,,,,,,,,,,,,,,,,,,,,,,,,,,,,,,,,,,,,,,,,,,,,,,,,,,,,,,,,,,,,,,,,,,,,,
Ireland,1914,IRL,4307336.0,,,,,,,,,,,,,,,,,11.905,0.081,177.663,0.765,,,,,,,,,,,,,,,,,,,,,,,,,0.0,0.0,0.0,,,,,,,,,,,,,,,,,,,,,,,,,,,,,,,,,,,,,,,,,,,,,,,,,,,,,,,,,,,,,,,,,,,,,,,,,,,,,,
Ireland,1915,IRL,4303910.0,,,,,,,,,,,,,,,,,-8.511,-0.065,162.672,0.7,,,,,,,,,,,,,,,,,,,,,,,,,0.0,0.0,0.0,,,,,,,,,,,,,,,,,,,,,,,,,,,,,,,,,,,,,,,,,,,,,,,,,,,,,,,,,,,,,,,,,,,,,,,,,,,,,,
Ireland,1916,IRL,4300487.0,,,,,,,,,,,,,,,,,5.814,0.041,172.267,0.741,,,,,,,,,,,,,,,,,,,,,,,,,0.0,0.0,0.0,,,,,,,,,,,,,,,,,,,,,,,,,,,,,,,,,,,,,,,,,,,,,,,,,,,,,,,,,,,,,,,,,,,,,,,,,,,,,,
Ireland,1917,IRL,4297066.0,,,,,,,,,,,,,,,,,6.593,0.049,183.771,0.79,,,,,,,,,,,,,,,,,,,,,,,,,0.0,0.0,0.0,,,,,,,,,,,,,,,,,,,,,,,,,,,,,,,,,,,,,,,,,,,,,,,,,,,,,,,,,,,,,,,,,,,,,,,,,,,,,,
Ireland,1918,IRL,4294708.0,,,,,,,,,,,,,,,,,-4.124,-0.033,176.29,0.757,,,,,,,,,,,,,,,,,,,,,,,,,0.0,0.0,0.0,,,,,,,,,,,,,,,,,,,,,,,,,,,,,,,,,,,,,,,,,,,,,,,,,,,,,,,,,,,,,,,,,,,,,,,,,,,,,,
Ireland,1919,IRL,4259285.0,,,,,,,,,,,,,,,,,1.075,0.008,179.667,0.765,,,,,,,,,,,,,,,,,,,,,,,,,0.0,0.0,0.0,,,,,,,,,,,,,,,,,,,,,,,,,,,,,,,,,,,,,,,,,,,,,,,,,,,,,,,,,,,,,,,,,,,,,,,,,,,,,,
Ireland,1920,IRL,4192107.0,,,,,,,,,,,,,,,,,17.021,0.13,213.618,0.896,,,,,,,,,,,,,,,,,,,,,,,,,0.0,0.0,0.0,,,,,,,,,,,,,,,,,,,,,,,,,,,,,,,,,,,,,,,,,,,,,,,,,,,,,,,,,,,,,,,,,,,,,,,,,,,,,,
Ireland,1921,IRL,4094434.0,12501648384.0,,,,,,,,,,,,,,,,-18.182,-0.163,178.948,0.733,,,,,,,,,,,,,,,,,,,,,,,,,0.0,0.0,0.0,,,,,,,,,,,,,,,,,,,,,,,,,,,,,,,,,,,,,,,,,,,,,,,,,,,,,,,,,,,,,,,,,,,,,,,,,,,,,,
Ireland,1922,IRL,3967476.0,12431282176.0,,,,,,,,,,,,,,,,-100.0,-0.733,0.0,0.0,,,,,,,,,,,,,,,,,,,,,,,,,0.0,0.0,0.0,,,,,,,,,,,,,,,,,,,,,,,,,,,,,,,,,,,,,,,,,,,,,,,,,,,,,,,,,,,,,,,,,,,,,,,,,,,,,,
Ireland,1923,IRL,3812396.0,12372469760.0,,,,,,,,,,,,,,,,,0.0,0.0,0.0,,,,,,,,,,,,,,,,,,,,,,,,,0.0,0.0,0.0,,,,,,,,,,,,,,,,,,,,,,,,,,,,,,,,,,,,,,,,,,,,,,,,,,,,,,,,,,,,,,,,,,,,,,,,,,,,,,
Ireland,1924,IRL,3663378.0,12305474560.0,,,,,,,,,,,,,,,,,0.0,0.0,0.0,,,,,,,,,,,,,,,,,,,,,,,,,0.0,0.0,0.0,,,,,,,,,,,,,,,,,,,,,,,,,,,,,,,,,,,,,,,,,,,,,,,,,,,,,,,,,,,,,,,,,,,,,,,,,,,,,,
Ireland,1925,IRL,3520184.0,12241484800.0,,,,,,,,,,,,,,,,,0.0,0.0,0.0,,,,,,,,,,,,,,,,,,,,,,,,,0.0,0.0,0.0,,,,,,,,,,,,,,,,,,,,,,,,,,,,,,,,,,,,,,,,,,,,,,,,,,,,,,,,,,,,,,,,,,,,,,,,,,,,,,
Ireland,1926,IRL,3382587.0,12181099520.0,,,,,,,,,,,,,,,,,0.651,192.539,0.651,,,,,,,,,,,,,,,,,,,,,,,,,0.0,0.0,0.0,,,,,,,,,,,,,,,,,,,,,,,,,,,,,,,,,,,,,,,,,,,,,,,,,,,,,,,,,,,,,,,,,,,,,,,,,,,,,,
Ireland,1927,IRL,3250369.0,12505152512.0,,,,,,,,,,,,,,,,-100.0,-0.651,0.0,0.0,,,,,,,,,,,,,,,,,,,,,,,,,0.0,0.0,0.0,,,,,,,,,,,,,,,,,,,,,,,,,,,,,,,,,,,,,,,,,,,,,,,,,,,,,,,,,,,,,,,,,,,,,,,,,,,,,,
Ireland,1928,IRL,3123319.0,12844672000.0,,,,,,,,,,,,,,,,,0.0,0.0,0.0,,,,,,,,,,,,,,,,,,,,,,,,,0.0,0.0,0.0,,,,,,,,,,,,,,,,,,,,,,,,,,,,,,,,,,,,,,,,,,,,,,,,,,,,,,,,,,,,,,,,,,,,,,,,,,,,,,
Ireland,1929,IRL,3024351.0,13219436544.0,,,,,,,,,,,,,,,,,0.708,234.188,0.708,,,,,,,,,,,,,,,,,,,,,,,,,0.0,0.0,0.0,,,,,,,,,,,,,,,,,,,,,,,,,,,,,,,,,,,,,,,,,,,,,,,,,,,,,,,,,,,,,,,,,,,,,,,,,,,,,,
Ireland,1930,IRL,2952393.0,13516886016.0,,,,,,,,,,,,,,,,-100.0,-0.708,0.0,0.0,,,,,,,,,,,,,,,,,,,,,,,,,0.0,0.0,0.0,,,,,,,,,,,,,,,,,,,,,,,,,,,,,,,,,,,,,,,,,,,,,,,,,,,,,,,,,,,,,,,,,,,,,,,,,,,,,,
Ireland,1931,IRL,2906413.0,13893620736.0,,,,,,,,,,,,,,,,,0.757,260.497,0.757,,,,,,,,,,,,,,,,,,,,,,,,,0.0,0.0,0.0,,,,,,,,,,,,,,,,,,,,,,,,,,,,,,,,,,,,,,,,,,,,,,,,,,,,,,,,,,,,,,,,,,,,,,,,,,,,,,
Ireland,1932,IRL,2885420.0,13562450944.0,,,,,,,,,,,,,,,,-11.828,-0.09,231.357,0.668,,,,,,,,,,,,,,,,,,,,,,,,,0.0,0.0,0.0,,,,,,,,,,,,,,,,,,,,,,,,,,,,,,,,,,,,,,,,,,,,,,,,,,,,,,,,,,,,,,,,,,,,,,,,,,,,,,
Ireland,1933,IRL,2888461.0,13219405824.0,,,,,,,,,,,,,,,,30.488,0.204,301.575,0.871,,,,,,,,,,,,,,,,,,,,,,,,,0.0,0.0,0.0,,,,,,,,,,,,,,,,,,,,,,,,,,,,,,,,,,,,,,,,,,,,,,,,,,,,,,,,,,,,,,,,,,,,,,,,,,,,,,
Ireland,1934,IRL,2891506.0,13648774144.0,,,,,,,,,,,,,,,,5.607,0.049,318.15,0.92,,,,,,,,,,,,,,,,,,,,,,,,,0.0,0.0,0.0,,,,,,,,,,,,,,,,,,,,,,,,,,,,,,,,,,,,,,,,,,,,,,,,,,,,,,,,,,,,,,,,,,,,,,,,,,,,,,
Ireland,1935,IRL,2894554.0,14046887936.0,,,,,,,,,,,,,,,,1.77,0.016,323.44,0.936,,,,,,,,,,,,,,,,,,,,,,,,,0.0,0.0,0.0,,,,,,,,,,,,,,,,,,,,,,,,,,,,,,,,,,,,,,,,,,,,,,,,,,,,,,,,,,,,,,,,,,,,,,,,,,,,,,
Ireland,1936,IRL,2897605.0,14434454528.0,,,,,,,,,,,,,,,,10.435,0.098,356.814,1.034,,,,,,,,,,,,,,,,,,,,,,,,,0.0,0.0,0.0,,,,,,,,,,,,,,,,,,,,,,,,,,,,,,,,,,,,,,,,,,,,,,,,,,,,,,,,,,,,,,,,,,,,,,,,,,,,,,
Ireland,1937,IRL,2900660.0,13893923840.0,,,,,,,,,,,,,,,,0.787,0.008,359.245,1.042,,,,,,,,,,,,,,,,,,,,,,,,,0.0,0.0,0.0,,,,,,,,,,,,,,,,,,,,,,,,,,,,,,,,,,,,,,,,,,,,,,,,,,,,,,,,,,,,,,,,,,,,,,,,,,,,,,
Ireland,1938,IRL,2903717.0,14288504832.0,,,,,,,,,,,,,,,,-6.25,-0.065,336.438,0.977,,,,,,,,,,,,,,,,,,,,,,,,,0.0,0.0,0.0,,,,,,,,,,,,,,,,,,,,,,,,,,,,,,,,,,,,,,,,,,,,,,,,,,,,,,,,,,,,,,,,,,,,,,,,,,,,,,
Ireland,1939,IRL,2906263.0,14273909760.0,,,,,,,,,,,,,,,,0.0,0.0,336.143,0.977,,,,,,,,,,,,,,,,,,,,,,,,,0.0,0.0,0.0,,,,,,,,,,,,,,,,,,,,,,,,,,,,,,,,,,,,,,,,,,,,,,,,,,,,,,,,,,,,,,,,,,,,,,,,,,,,,,
Ireland,1940,IRL,2908297.0,14390670336.0,,,,,,,,,,,,,,,,-1.667,-0.016,330.309,0.961,,,,,,,,,,,,,,,,,,,,,,,,,0.0,0.0,0.0,,,,,,,,,,,,,,,,,,,,,,,,,,,,,,,,,,,,,,,,,,,,,,,,,,,,,,,,,,,,,,,,,,,,,,,,,,,,,,
Ireland,1941,IRL,2909818.0,14560945152.0,,,,,,,,,,,,,,,,31.356,0.301,433.654,1.262,,,,,,,,,,,,,,,,,,,,,,,,,0.0,0.0,0.0,,,,,,,,,,,,,,,,,,,,,,,,,,,,,,,,,,,,,,,,,,,,,,,,,,,,,,,,,,,,,,,,,,,,,,,,,,,,,,
Ireland,1942,IRL,2910825.0,14414995456.0,,,,,,,,,,,,,,,,7.742,0.098,467.066,1.36,,,,,,,,,,,,,,,,,,,,,,,,,0.0,0.0,0.0,,,,,,,,,,,,,,,,,,,,,,,,,,,,,,,,,,,,,,,,,,,,,,,,,,,,,,,,,,,,,,,,,,,,,,,,,,,,,,
Ireland,1943,IRL,2911319.0,14332290048.0,,,,,,,,,,,,,,,,11.377,0.155,520.117,1.514,,,,,,,,,,,,,,,,,,,,,,,,,0.0,0.0,0.0,,,,,,,,,,,,,,,,,,,,,,,,,,,,,,,,,,,,,,,,,,,,,,,,,,,,,,,,,,,,,,,,,,,,,,,,,,,,,,
Ireland,1944,IRL,2911812.0,14322560000.0,,,,,,,,,,,,,,,,10.753,0.163,575.946,1.677,,,,,,,,,,,,,,,,,,,,,,,,,0.0,0.0,0.0,,,,,,,,,,,,,,,,,,,,,,,,,,,,,,,,,,,,,,,,,,,,,,,,,,,,,,,,,,,,,,,,,,,,,,,,,,,,,,
Ireland,1945,IRL,2912306.0,14205024256.0,,,,,,,,,,,,,,,,4.854,0.081,603.802,1.758,,,,,,,,,,,,,,,,,,,,,,,,,0.0,0.0,0.0,,,,,,,,,,,,,,,,,,,,,,,,,,,,,,,,,,,,,,,,,,,,,,,,,,,,,,,,,,,,,,,,,,,,,,,,,,,,,,
Ireland,1946,IRL,2912799.0,14385805312.0,,,,,,,,,,,,,,,,-0.463,-0.008,600.905,1.75,,,,,,,,,,,,,,,,,,,,,,,,,0.0,0.0,0.0,,,,,,,,,,,,,,,,,,,,,,,,,,,,,,,,,,,,,,,,,,,,,,,,,,,,,,,,,,,,,,,,,,,,,,,,,,,,,,
Ireland,1947,IRL,2913293.0,14658845696.0,,,,,,,,,,,,,,,,2.791,0.049,617.57,1.799,,,,,,,,,,,,,,,,,,,,,,,,,0.0,0.0,0.0,,,,,,,,,,,,,,,,,,,,,,,,,,,,,,,,,,,,,,,,,,,,,,,,,,,,,,,,,,,,,,,,,,,,,,,,,,,,,,
Ireland,1948,IRL,2913787.0,15369764864.0,,,,,,,,,,,,,,,,-22.172,-0.399,480.561,1.4,,,,,,,,,,,,,,,,,,,,,,,,,0.0,0.0,0.0,,,,,,,,,,,,,,,,,,,,,,,,,,,,,,,,,,,,,,,,,,,,,,,,,,,,,,,,,,,,,,,,,,,,,,,,,,,,,,
Ireland,1949,IRL,2911552.0,16174906368.0,,,,,,,,,,,,,,,,-25.0,-0.35,360.697,1.05,,,,,,,,,,,,,,,,,,,,,,,,,0.0,0.0,0.0,,,,,,,,,,,,,,,,,,,,,,,,,,,,,,,,,,,,,,,,,,,,,,,,,,,,,,,,,,,,,,,,,,,,,,,,,,,,,,
Ireland,1950,IRL,2906608.0,16308451328.0,,,,,,,,,,,,,,,,33.333,0.35,481.748,1.4,,,,,,,,,,,,,,,,,,,,,,,,,0.0,0.0,0.0,,,,,,,,,,,,,,,,,,,,,,,,,,,,,,,,,,,,,,,,,,,,,,,,,,,,,,,,,,,,,,,,,,,,,,,,,,,,,,
Ireland,1951,IRL,2924713.0,16717148160.0,,,,,,,,,,,,,,,,4.07,0.057,498.25,1.457,,,,,,,,,,,,,,,,,,,,,,,,,0.0,0.0,0.0,,,,,,,,,,,,,,,,,,,,,,,,,,,,,,,,,,,,,,,,,,,,,,,,,,,,,,,,,,,,,,,,,,,,,,,,,,,,,,
Ireland,1952,IRL,2929379.0,17137265664.0,,,,,,,,,,,,,,,,-7.263,-0.106,461.328,1.351,,,,,,,,,,,,,,,,,,,,,,,,,0.0,0.0,0.0,,,,,,,,,,,,,,,,,,,,,,,,,,,,,,,,,,,,,,,,,,,,,,,,,,,,,,,,,,,,,,,,,,,,,,,,,,,,,,
Ireland,1953,IRL,2917036.0,17604288512.0,,,,,,,,,,,,,,,,0.602,0.008,466.071,1.36,,,,,,,,,,,,,,,,,,,,,,,,,0.0,0.0,0.0,,,,,,,,,,,,,,,,,,,,,,,,,,,,,,,,,,,,,,,,,,,,,,,,,,,,,,,,,,,,,,,,,,,,,,,,,,,,,,
Ireland,1954,IRL,2902783.0,17761579008.0,,,,,,,,,,,,,,,,22.754,0.309,574.933,1.669,,,,,,,,,,,,,,,,,,,,,,,,,0.0,0.0,0.0,,,,,,,,,,,,,,,,,,,,,,,,,,,,,,,,,,,,,,,,,,,,,,,,,,,,,,,,,,,,,,,,,,,,,,,,,,,,,,
Ireland,1955,IRL,2886375.0,18219999232.0,,,,,,,,,,,,,,,,-1.951,-0.033,566.919,1.636,,,,,,,,,,,,,,,,,,,,,,,,,0.0,0.0,0.0,,,,,,,,,,,,,,,,,,,,,,,,,,,,,,,,,,,,,,,,,,,,,,,,,,,,,,,,,,,,,,,,,,,,,,,,,,,,,,
Ireland,1956,IRL,2869658.0,17985310720.0,,,,,,,,,,,,,,,,19.403,0.317,680.862,1.954,,,,,,,,,,,,,,,,,,,,,,,,,0.0,0.0,0.0,,,,,,,,,,,,,,,,,,,,,,,,,,,,,,,,,,,,,,,,,,,,,,,,,,,,,,,,,,,,,,,,,,,,,,,,,,,,,,
Ireland,1957,IRL,2854321.0,17957214208.0,,,,,,,,,,,,,,,,0.417,0.008,687.372,1.962,,,,,,,,,,,,,,,,,,,,,,,,,0.0,0.0,0.0,,,,,,,,,,,,,,,,,,,,,,,,,,,,,,,,,,,,,,,,,,,,,,,,,,,,,,,,,,,,,,,,,,,,,,,,,,,,,,
Ireland,1958,IRL,2838765.0,17591040000.0,,,,,,,,,,,,,,,,-0.415,-0.008,688.271,1.954,,,,,,,,,,,,,,,,,,,,,,,,,0.0,0.0,0.0,,,,,,,,,,,,,,,,,,,,,,,,,,,,,,,,,,,,,,,,,,,,,,,,,,,,,,,,,,,,,,,,,,,,,,,,,,,,,,
Ireland,1959,IRL,2823474.0,18300655616.0,,,,,,,,,,,,,,,,-2.917,-0.057,671.815,1.897,,,,,,,,,,,,,,,,,,,,,,,,,0.0,0.0,0.0,,,,,,,,,,,,,,,,,,,,,,,,,,,,,,,,,,,,,,,,,,,,,,,,,,,,,,,,,,,,,,,,,,,,,,,,,,,,,,
Ireland,1960,IRL,2811075.0,19328399360.0,,,,,,,,,,,,,,,,-10.73,-0.204,602.377,1.693,,,,,,,,,,,,,,,,,,,,,,,,,0.0,0.0,0.0,,,,,,,,,,,,,,,,,,,,,,,,,,,,,,,,,,,,,,,,,,,,,,,,,,,,,,,,,,,,,,,,,,,,,,,,,,,,,,
Ireland,1961,IRL,2807012.0,20252303360.0,,,,,,,,,,,,,,,,-3.365,-0.057,582.948,1.636,,,,,,,,,,,,,,,,,,,,,,,,,0.0,0.0,0.0,,,,,,,,,,,,,,,,,,,,,,,,,,,,,,,,,,,,,,,,,,,,,,,,,,,,,,,,,,,,,,,,,,,,,,,,,,,,,,
Ireland,1962,IRL,2813072.0,20913700864.0,,,,,,,,,,,,,,,,3.483,0.057,601.95,1.693,,,,,,,,,,,,,,,,,,,,,,,,,0.0,0.0,0.0,,,,,,,,,,,,,,,,,,,,,,,,,,,,,,,,,,,,,,,,,,,,,,,,,,,,,,,,,,,,,,,,,,,,,,,,,,,,,,
Ireland,1963,IRL,2824097.0,21902249984.0,,,,,,,,,,,,,,,,12.019,0.204,671.667,1.897,,,,,,,,,,,,,,,,,,,,,,,,,0.0,0.0,0.0,,,,,,,,,,,,,,,,,,,,,,,,,,,,,,,,,,,,,,,,,,,,,,,,,,,,,,,,,,,,,,,,,,,,,,,,,,,,,,
Ireland,1964,IRL,2837439.0,22763071488.0,,,,,,,,,,,,,,,,-0.858,-0.016,662.771,1.881,,,,,,,,,,,,,,,,,,,,,,,,,0.0,0.0,0.0,,,,,,,,,,,,,,,,,,,,,,,,,,,,,,,,,,,,,,,,,,,,,,,,,,,,,,,,,,,,,,,,,,,,,,,,,,,,,,
Ireland,1965,IRL,2852404.0,23154675712.0,,,,,,,,,,,,12745.523,36.355,,,-22.944,-0.431,508.027,1.449,,,,,,,,23721.436,2.922,,,,,,,,,,,,,,,,0.0,0.0,0.0,,,,,,2.786,330.258,0.942,976.57,,,,,2.786,0.0,0.0,976.57,,,,,,,0.0,0.0,0.0,0.0,,,,,28.522,,,9999.342,,,,,,,,,,,,,,,,,,,67.663,,,2.786,,,976.57,,,,,,,,,,,,,,,,,,
Ireland,1966,IRL,2867008.0,23351748608.0,,,,,,,,,,13.916,5.059,14445.174,41.414,,,14.607,0.212,579.267,1.661,,,,,,12.035,8.143,26440.957,3.246,,,,,,,,,,,,,,,,0.0,0.0,0.0,,,,-9.877,-0.275,2.51,296.124,0.849,875.636,,,-9.877,-0.275,2.51,0.0,0.0,875.636,,,,,,0.0,0.0,0.0,0.0,0.0,,,11.778,3.359,31.882,,,11120.147,,,,,,,,,,,,,,,,,,,75.806,-9.877,-0.275,2.51,,,875.636,,,,,,,,,,,,,,,,,,
Ireland,1967,IRL,2882744.0,24740753408.0,,,,,,,,,,6.487,2.687,15298.258,44.101,,,-12.255,-0.204,505.504,1.457,,,,,,8.394,6.363,28503.936,3.321,,,,,,,,,,,,,,,,0.0,0.0,0.0,,,,-5.479,-0.138,2.373,278.37,0.802,823.138,,,-5.479,-0.138,2.373,0.0,0.0,823.138,,,,,,0.0,0.0,0.0,0.0,0.0,,,11.963,3.814,35.696,,,12382.539,,,,,,,,,,,,,,,,,,,82.17,-5.479,-0.138,2.373,,,823.138,,,,,,,,,,,,,,,,,,
Ireland,1968,IRL,2899653.0,26786263040.0,,,,,,,,,,22.126,9.758,18574.129,53.859,,,-7.263,-0.106,466.058,1.351,,,,,,16.627,13.663,33049.562,3.578,,,,,,,,,,,,,,,,0.0,0.0,0.0,,,,-4.348,-0.103,2.27,264.714,0.768,782.758,,,-4.348,-0.103,2.27,0.0,0.0,782.758,,,,,,0.0,0.0,0.0,0.0,0.0,,,11.229,4.008,39.704,,,13692.678,,,,,,,,,,,,,,,,,,,95.832,-4.348,-0.103,2.27,,,782.758,,,,,,,,,,,,,,,,,,
Ireland,1969,IRL,2917193.0,28395874304.0,,,,,,,,,,-4.794,-2.582,17577.4,51.277,,,-7.229,-0.098,429.767,1.254,,,,,,0.331,0.317,32959.625,3.386,,,,,,,,,,,,,,,,0.0,0.0,0.0,,,,-24.242,-0.55,1.719,199.335,0.581,589.433,,,-24.242,-0.55,1.719,0.0,0.0,589.433,,,,,,0.0,0.0,0.0,0.0,0.0,,,8.688,3.449,43.153,,,14792.794,,,,,,,,,,,,,,,,,,,96.15,-24.242,-0.55,1.719,,,589.433,,,,,,,,,,,,,,,,,,
Ireland,1970,IRL,2937647.0,29149937664.0,,,,,,,,,,-51.236,-26.272,8511.744,25.004,,,1.299,0.016,432.317,1.27,,,,,,-21.161,-20.346,25804.248,2.6,,,,,,,,,,,,,,,,0.0,0.0,0.0,,,,38.0,0.653,2.373,273.168,0.802,807.754,,,38.0,0.653,2.373,0.0,0.0,807.754,,,,,,0.0,0.0,0.0,0.0,0.0,,,12.219,5.273,48.426,,,16484.75,,,,,,,,,,,,,,,,,,,75.804,38.0,0.653,2.373,,,807.754,,,,,,,,,,,,,,,,,,
Ireland,1971,IRL,2969402.0,30164221952.0,,,,,,,,,,-4.558,-1.14,8036.891,23.865,,,-42.308,-0.537,246.747,0.733,,,,,,3.865,2.93,26514.947,2.61,,,,,,,,,,,,,,,,0.0,0.0,0.0,,,,-42.029,-0.997,1.376,156.665,0.465,463.255,,,-42.029,-0.997,1.376,0.0,0.0,463.255,,,,,,0.0,0.0,0.0,0.0,0.0,,,10.463,5.067,53.493,,,18014.801,,,,,,,,,,,,,,,,,,,78.734,-42.029,-0.997,1.376,,,463.255,,,,,,,,,,,,,,,,,,
Ireland,1972,IRL,3013995.0,32122152960.0,,,,,,,,,,-6.92,-1.651,7370.052,22.213,,,-8.889,-0.065,221.487,0.668,,,,,,5.58,4.393,27580.262,2.588,,,,,,,,,,,,,,,,0.0,0.0,0.0,,,,47.5,0.653,2.029,227.661,0.686,673.192,,,47.5,0.653,2.029,0.0,0.0,673.192,,,,,,0.0,0.0,0.0,0.0,0.0,,,10.078,5.391,58.884,,,19537.018,,,,,,,,,,,,,,,,,,,83.127,47.5,0.653,2.029,,,673.192,,,,,,,,,,,,,,,,,,
Ireland,1973,IRL,3062017.0,33639247872.0,,,,,,,,,,-2.461,-0.547,7075.953,21.667,,,-21.951,-0.147,170.157,0.521,,,,,,5.104,4.243,28533.299,2.597,,,,,,,,,,,,,,,,0.0,0.0,0.0,,,,-6.78,-0.138,1.891,208.898,0.64,617.71,,,-6.78,-0.138,1.891,0.0,0.0,617.71,,,,,,0.0,0.0,0.0,0.0,0.0,,,8.367,4.927,63.811,,,20839.635,,,,,,,,,,,,,,,,,,,87.369,-6.78,-0.138,1.891,,,617.71,,,,,,,,,,,,,,,,,,
Ireland,1974,IRL,3110101.0,35069145088.0,,,,,,,,,,7.837,1.698,7512.512,23.365,,,6.25,0.033,177.997,0.554,,,,,,1.752,1.531,28584.438,2.535,,,,,,,,,,,,,,,,0.0,0.0,0.0,,,,23.636,0.447,2.339,254.281,0.791,751.907,,,23.636,0.447,2.339,0.0,0.0,751.907,,,,,,0.0,0.0,0.0,0.0,0.0,,,-0.962,-0.614,63.197,,,20320.02,,,,,,,,,,,,,,,,,,,88.9,23.636,0.447,2.339,,,751.907,,,,,,,,,,,,,,,,,,
Ireland,1975,IRL,3157921.0,37053673472.0,,,,,,,,,,-15.331,-3.582,6264.448,19.783,,,-16.176,-0.09,146.944,0.464,,,,,,-6.474,-5.755,26329.131,2.244,,,,,,,,,,,,,,,,0.0,0.0,0.0,,,,-33.824,-0.791,1.548,165.726,0.523,490.05,,,-33.824,-0.791,1.548,0.0,0.0,490.05,,,,,,0.0,0.0,0.0,0.0,0.0,,,-2.187,-1.382,61.815,,,19574.635,,,,,,,,,,,,,,,,,,,83.145,-33.824,-0.791,1.548,,,490.05,,,,,,,,,,,,,,,,,,
Ireland,1976,IRL,3205754.0,37568364544.0,,,,,,,,,,2.822,0.558,6345.112,20.341,,,1.754,0.008,147.291,0.472,,,,,,2.083,1.732,26476.525,2.259,,,,,,,,,,,,,,,,0.0,0.0,0.0,,,,13.333,0.206,1.754,185.02,0.593,547.104,,,13.333,0.206,1.754,0.0,0.0,547.104,,,,,,0.0,0.0,0.0,0.0,0.0,,,1.565,0.967,62.782,,,19584.311,,,,,,,,,,,,,,,,,,,84.877,13.333,0.206,1.754,,,547.104,,,,,,,,,,,,,,,,,,
Ireland,1977,IRL,3254661.0,40653357056.0,,,,,,,,,,4.746,0.965,6546.353,21.306,,,-6.897,-0.033,135.072,0.44,,,,,,6.581,5.586,27795.021,2.225,,,,,,,,,,,,,,,,0.0,0.0,0.0,,,,25.49,0.447,2.201,228.694,0.744,676.244,,,25.49,0.447,2.201,0.0,0.0,676.244,,,,,,0.0,0.0,0.0,0.0,0.0,,,6.648,4.174,66.956,,,20572.424,,,,,,,,,,,,,,,,,,,90.463,25.49,0.447,2.201,,,676.244,,,,,,,,,,,,,,,,,,
Ireland,1978,IRL,3305575.0,43579101184.0,,,,,,,,,,-5.404,-1.151,6097.211,20.155,,,-61.111,-0.269,51.719,0.171,,,,,,4.033,3.648,28470.605,2.16,,,,,,,,,,,,,,,,0.0,0.0,0.0,,,,-6.25,-0.138,2.063,211.098,0.698,624.214,,,-6.25,-0.138,2.063,0.0,0.0,624.214,,,,,,0.0,0.0,0.0,0.0,0.0,,,7.374,4.937,71.894,,,21749.18,,,,,,,,,,,,,,,,,,,94.112,-6.25,-0.138,2.063,,,624.214,,,,,,,,,,,,,,,,,,
Ireland,1979,IRL,3351902.0,44914946048.0,,,,,,,,,,14.714,2.966,6897.708,23.12,,,200.0,0.342,153.013,0.513,,22.277,,,,10.28,9.675,30963.42,2.311,,,,,30234.973,101.345,,97.647,,,2.762,,,824.122,,0.0,0.0,0.0,,2.662,,18.333,0.378,2.442,246.347,0.826,728.445,,2.353,18.333,0.378,2.442,0.0,0.0,728.445,,2.353,,,,0.0,0.0,0.0,0.0,0.0,,0.0,4.963,3.568,75.462,,,22513.145,,,,,,72.709,,,,,,,,,,,,,103.786,18.333,0.378,2.442,,,728.445,,2.353,,,,,,,,,,,,,,,,
Ireland,1980,IRL,3391393.0,46301212672.0,,,,,,,,,,-5.231,-1.21,6460.743,21.911,,,-6.312,-0.032,141.686,0.481,,21.818,,,,-3.239,-3.362,29611.557,2.169,-3.351,-3.396,,,28881.453,97.948,,97.534,191.986,5.303,8.066,,,2378.3,,9.48,2795.446,9.48,,8.032,,1.408,0.034,2.476,246.907,0.837,730.103,,2.466,1.408,0.034,2.476,0.0,0.0,730.103,,2.466,,,,0.0,0.0,0.0,0.0,0.0,,0.0,-9.926,-7.49,67.972,,,20042.41,,,0.0,0.0,,67.684,,,,,,,,,,,,,100.424,1.408,0.034,2.476,,,730.103,,2.466,,,,,,,,,,,,,,,,
Ireland,1981,IRL,3424834.0,47839154176.0,,,,,,,,,,4.671,1.023,6696.488,22.934,,,15.0,0.072,161.347,0.553,,23.405,,,,-2.423,-2.433,28611.896,2.048,-2.555,-2.502,,,27868.84,95.446,,97.403,50.358,4.062,12.128,,,3541.048,53.125,5.036,4238.731,14.517,,12.376,,2.778,0.069,2.545,251.288,0.861,743.056,,2.597,2.778,0.069,2.545,0.0,0.0,743.056,,2.597,,,,0.0,0.0,0.0,0.0,0.0,,0.0,-11.163,-7.587,60.384,,,17631.305,,0.0,0.0,0.0,,61.622,,,,,,,,,,,,,97.991,2.778,0.069,2.545,,,743.056,,2.597,,,,,,,,,,,,,,,,
Ireland,1982,IRL,3451220.0,48932278272.0,,,,,,,,,,5.781,1.326,7029.45,24.26,,,-10.145,-0.056,143.87,0.497,,24.937,,,,-0.718,-0.703,28189.34,1.988,-0.557,-0.531,,,27501.785,94.915,,97.561,46.746,5.669,17.797,,,5156.618,46.939,6.814,6180.721,21.331,,18.293,,-6.757,-0.172,2.373,232.518,0.802,687.552,,2.439,-6.757,-0.172,2.373,0.0,0.0,687.552,,2.439,,,,0.0,0.0,0.0,0.0,0.0,,0.0,-12.464,-7.526,52.858,,,15315.719,,0.0,0.0,0.0,,54.332,,,,,,,,,,,,,97.288,-6.757,-0.172,2.373,,,687.552,,2.439,,,,,,,,,,,,,,,,
Ireland,1983,IRL,3472904.0,48814223360.0,,,,,,,,,,8.485,2.059,7578.294,26.319,,,20.968,0.104,172.95,0.601,,27.45,,,,-1.45,-1.41,27607.256,1.964,-1.413,-1.341,,,26943.801,93.573,,97.597,8.167,1.453,19.25,,,5542.912,7.904,1.686,6627.622,23.017,,20.078,,-2.899,-0.069,2.304,224.368,0.779,663.455,,2.403,-2.899,-0.069,2.304,0.0,0.0,663.455,,2.403,,,,0.0,0.0,0.0,0.0,0.0,,0.0,-9.182,-4.853,48.005,,,13822.595,,0.0,0.0,0.0,,50.069,,,,,,,,,,,,,95.877,-2.899,-0.069,2.304,,,663.455,,2.403,,,,,,,,,,,,,,,,
Ireland,1984,IRL,3490937.0,50941116416.0,,,,,,,,,,-4.154,-1.093,7225.988,25.225,,,-6.667,-0.04,160.586,0.561,,26.593,,,,-1.064,-1.02,27172.375,1.862,-0.796,-0.745,,,26591.156,92.828,,97.861,5.95,1.145,20.395,,,5842.378,5.128,1.18,6931.508,24.197,,21.501,,-11.94,-0.275,2.029,196.558,0.686,581.219,,2.139,-11.94,-0.275,2.029,0.0,0.0,581.219,,2.139,,,,0.0,0.0,0.0,0.0,0.0,,0.0,-1.661,-0.797,47.207,,,13522.791,,0.0,0.0,0.0,,49.767,,,,,,,,,,,,,94.857,-11.94,-0.275,2.029,,,581.219,,2.139,,,,,,,,,,,,,,,,
Ireland,1985,IRL,3505781.0,52512358400.0,,,,,,,,,,14.892,3.756,8266.905,28.982,,,-18.571,-0.104,130.21,0.456,,29.117,,12.088,12.144,4.935,4.681,28392.49,1.896,4.561,4.234,,,27686.209,97.062,,97.512,2.973,0.606,21.002,,,5990.605,6.098,1.475,7323.023,25.673,,21.099,,22.034,0.447,2.476,238.851,0.837,706.28,6.927,2.488,22.034,0.447,2.476,0.0,0.0,706.28,0.0,2.488,,,,0.0,0.0,0.0,0.0,0.0,0.0,0.0,-0.274,-0.129,47.078,,,13428.698,,0.0,0.0,0.0,,47.297,,,,,,,,,,,,3448.019,99.538,22.034,0.447,2.476,,,706.28,,2.488,,,,,,,,,,,,,,,,
Ireland,1986,IRL,3515672.0,52286103552.0,,,,,,,,,,9.912,2.873,9060.734,31.855,,,-5.263,-0.024,123.009,0.432,,29.631,,12.652,11.769,8.002,7.965,30578.152,2.056,7.958,7.724,,,29805.387,104.786,,97.473,-29.468,-6.189,14.813,,,4213.384,-32.049,-8.228,4962.061,17.445,,13.779,,9.722,0.241,2.717,261.336,0.919,772.766,7.262,2.527,9.722,0.241,2.717,0.0,0.0,772.766,0.0,2.527,,,,0.0,0.0,0.0,0.0,0.0,0.0,0.0,23.451,11.04,58.119,,,16531.27,,0.0,0.0,0.0,,54.062,,,,,,,,,,,,3598.743,107.503,9.722,0.241,2.717,,,772.766,,2.527,,,,,,,,,,,,,,,,
Ireland,1987,IRL,3513702.0,54719774720.0,,,,,,,,,,28.478,9.071,11647.535,40.926,,,-16.667,-0.072,102.565,0.36,,37.644,,13.064,12.016,1.132,1.216,30941.5,1.987,1.817,1.904,,,30364.049,106.69,,98.134,-0.39,-0.058,14.755,,,4199.31,0.0,0.0,4964.843,17.445,,13.572,,-25.316,-0.688,2.029,195.284,0.686,577.453,5.252,1.866,-25.316,-0.688,2.029,0.0,0.0,577.453,0.0,1.866,,,,0.0,0.0,0.0,0.0,0.0,0.0,0.0,-12.233,-7.109,51.009,,,14517.201,,0.0,0.0,0.0,,46.918,,,,,,,,,,,,3718.016,108.719,-25.316,-0.688,2.029,,,577.453,,1.866,,,,,,,,,,,,,,,,
Ireland,1988,IRL,3498032.0,57578364928.0,,,,,,,,,,1.819,0.744,11912.495,41.67,,,0.0,0.0,103.025,0.36,,38.513,,13.228,12.226,-0.479,-0.52,30931.379,1.879,-1.003,-1.07,,,30194.041,105.62,,97.616,19.961,2.945,17.7,,,5060.095,20.339,3.548,6001.407,20.993,,16.359,,27.119,0.55,2.579,249.355,0.872,737.339,6.594,2.384,27.119,0.55,2.579,0.0,0.0,737.339,0.0,2.384,,,,0.0,0.0,0.0,0.0,0.0,0.0,0.0,-9.332,-4.76,46.249,,,13221.448,,0.0,0.0,0.0,,42.744,,,,,,,,,,,,3781.555,108.199,27.119,0.55,2.579,,,737.339,,2.384,,,,,,,,,,,,,,,,
Ireland,1989,IRL,3483316.0,60929429504.0,,,,,,,,,,0.195,0.081,11986.193,41.752,,,-4.444,-0.016,98.862,0.344,,37.455,,13.833,12.409,3.025,3.274,32001.828,1.83,3.588,3.789,,,31409.465,109.409,,98.149,13.404,2.373,20.073,,,5762.594,12.9,2.708,6804.189,23.701,,18.007,,-20.0,-0.516,2.063,200.326,0.698,592.363,5.044,1.851,-20.0,-0.516,2.063,0.0,0.0,592.363,0.0,1.851,,,,0.0,0.0,0.0,0.0,0.0,0.0,0.0,2.887,1.335,47.584,,,13660.678,,0.0,0.0,0.0,,42.687,,,,,,,,,,,,3971.216,111.472,-20.0,-0.516,2.063,,,592.363,,1.851,,,,,,,,,,,,,,,,
Ireland,1990,IRL,3485370.0,66087473152.0,,,0.0,0.0,0.0,0.0,0.0,0.0,,-3.569,-1.49,11551.579,40.262,1698.528,5.92,-41.861,-0.144,57.444,0.2,41.602,34.153,14.23,14.23,12.071,5.754,6.414,33823.188,1.784,5.864,6.416,3881.941,13.53,33231.852,115.825,95.081,98.252,8.751,1.757,21.83,1130.44,3.94,6263.183,2.399,0.568,6963.283,24.27,27.688,18.517,,-0.115,-0.002,2.061,200.84,0.7,591.335,4.919,1.748,-0.115,-0.002,2.061,200.84,0.7,591.335,4.919,1.748,0.0,0.0,,0.0,0.0,0.0,0.0,0.0,0.0,0.0,12.924,6.15,53.734,1052.973,3.67,15417.091,,0.0,0.0,0.0,25.791,45.581,0.0,0.0,0.0,,,0.0,0.0,0.0,0.0,0.0,0.0,4082.78,117.886,-0.115,-0.002,2.061,200.84,0.7,591.335,4.919,1.748,,,0.0,0.0,0.0,0.0,0.0,0.0,,,0.0,0.0,0.0,0.0,0.0,0.0
Ireland,1991,IRL,3504806.0,67936149504.0,,0.0,0.0,0.0,0.0,0.0,0.0,0.0,,-4.072,-1.64,11019.723,38.622,1669.137,5.85,-96.0,-0.192,2.285,0.008,39.183,31.538,14.93,14.93,12.192,3.881,4.575,34941.062,1.803,3.825,4.43,4045.873,14.18,34311.664,120.256,94.977,98.199,2.451,0.535,22.364,1069.959,3.75,6381.092,2.541,0.617,7100.593,24.886,25.117,18.262,,7.03,0.145,2.206,213.992,0.75,629.397,5.023,1.801,7.03,0.145,2.206,213.992,0.75,629.397,5.023,1.801,0.0,0.0,,0.0,0.0,0.0,0.0,0.0,0.0,0.0,10.301,5.535,59.269,1306.777,4.58,16910.85,,0.0,0.0,0.0,30.676,48.398,0.0,0.0,0.0,,0.0,0.0,0.0,0.0,0.0,0.0,0.0,4259.865,122.462,7.03,0.145,2.206,213.992,0.75,629.397,5.023,1.801,,0.0,0.0,0.0,0.0,0.0,0.0,0.0,,0.0,0.0,0.0,0.0,0.0,0.0,0.0
Ireland,1992,IRL,3528370.0,71167893504.0,,0.0,0.0,0.0,0.0,0.0,0.0,0.0,,-4.752,-1.835,10426.009,36.787,1887.557,6.66,-5.495,-0.0,2.145,0.008,42.205,29.903,15.78,15.78,12.827,0.455,0.557,34865.602,1.729,0.276,0.332,4239.918,14.96,34176.715,120.588,94.804,98.024,-1.092,-0.244,22.12,1034.472,3.65,6269.257,-1.287,-0.32,6962.404,24.566,23.131,17.981,,9.517,0.21,2.416,232.402,0.82,684.696,5.196,1.964,10.188,0.225,2.431,232.402,0.82,688.887,5.196,1.976,0.0,0.0,,0.0,0.0,0.0,0.0,0.0,0.0,0.0,4.069,2.412,61.681,1317.889,4.65,17481.449,,0.0,0.0,0.0,29.468,50.14,0.0,0.0,0.0,,0.0,0.0,0.0,0.0,0.0,0.0,0.0,4472.32,123.019,10.188,0.225,2.431,232.402,0.82,688.887,5.196,1.976,,0.0,0.0,0.0,0.0,0.0,0.0,0.0,,0.015,0.015,0.0,0.0,4.191,0.0,0.012
Ireland,1993,IRL,3545700.0,73646604288.0,,0.0,0.0,0.0,0.0,0.0,0.0,0.0,,-2.829,-1.041,10081.573,35.746,1867.05,6.62,0.775,0.0,2.151,0.008,41.016,28.454,16.14,16.14,12.848,2.119,2.607,35430.539,1.706,2.265,2.732,4334.828,15.37,34780.047,123.32,95.229,98.164,13.617,3.012,25.132,1277.604,4.53,7088.144,13.516,3.32,7864.846,27.886,28.067,20.006,,-6.365,-0.154,2.262,214.344,0.76,637.983,4.709,1.801,-5.109,-0.124,2.306,217.164,0.77,650.495,4.771,1.836,0.0,0.0,,0.0,0.0,0.0,0.0,0.0,0.0,0.0,1.232,0.76,62.441,1190.174,4.22,17610.328,,0.0,0.0,0.0,26.146,49.704,0.0,0.0,0.0,,0.0,0.0,0.0,0.0,0.0,0.0,0.0,4551.992,125.626,-5.109,-0.124,2.306,217.164,0.77,650.495,4.771,1.836,,0.0,0.0,0.0,0.0,0.0,0.0,0.0,200.0,0.03,0.044,2.82,0.01,12.512,0.062,0.035
Ireland,1994,IRL,3559396.0,78875959296.0,,0.0,0.0,0.0,0.0,0.0,0.0,0.0,,-4.315,-1.543,9609.386,34.204,1876.723,6.68,-4.615,-0.0,2.044,0.007,39.691,26.122,16.83,16.83,12.854,4.226,5.309,36785.879,1.66,3.924,4.839,4464.241,15.89,36005.801,128.159,94.415,97.879,1.712,0.43,25.563,1253.022,4.46,7181.763,1.73,0.482,7970.121,28.369,26.5,19.523,,20.261,0.458,2.72,258.471,0.92,764.295,5.466,2.078,20.385,0.47,2.777,264.09,0.94,780.083,5.585,2.121,0.0,0.0,,0.0,0.0,0.0,0.0,0.0,0.0,0.0,9.532,5.952,68.393,1334.496,4.75,19214.65,,0.0,0.0,0.0,28.223,52.234,0.0,0.0,0.0,,0.0,0.0,0.0,0.0,0.0,0.0,0.0,4728.331,130.936,20.385,0.47,2.777,264.09,0.94,780.083,5.585,2.121,,0.0,0.0,0.0,0.0,0.0,0.0,0.0,26.667,0.012,0.056,5.619,0.02,15.787,0.119,0.043
Ireland,1995,IRL,3579486.0,87428767744.0,,0.0,0.0,0.0,0.0,0.0,0.0,0.0,,0.685,0.234,9620.882,34.438,1961.175,7.02,0.0,0.0,2.032,0.007,39.864,25.773,17.59,17.61,13.179,2.051,2.685,37329.59,1.528,2.58,3.306,4715.761,16.88,36727.367,131.465,95.855,98.387,6.415,1.64,27.203,1441.548,5.16,7599.574,2.561,0.726,8128.336,29.095,29.302,20.358,,-22.5,-0.612,2.108,198.352,0.71,589.005,4.032,1.578,-22.364,-0.621,2.156,203.94,0.73,602.224,4.145,1.613,-0.02,-0.114,,0.0,0.0,0.0,0.0,0.0,0.0,0.0,2.094,1.432,69.825,1313.038,4.7,19506.91,,0.0,0.0,0.0,26.689,52.256,0.0,0.0,0.0,,0.0,0.0,0.0,0.0,0.0,0.0,0.0,4919.701,133.621,-22.364,-0.621,2.156,203.94,0.73,602.224,4.145,1.613,,0.0,0.0,0.0,0.0,0.0,0.0,0.0,-15.789,-0.009,0.047,5.587,0.02,13.22,0.114,0.035
Ireland,1996,IRL,3606725.0,96464093184.0,,0.0,0.0,0.0,8.318,0.03,0.159,0.0,,0.545,0.188,9600.222,34.625,1938.046,6.99,-100.0,-0.007,0.0,0.0,36.965,24.551,18.78,18.91,13.408,5.55,7.416,39103.801,1.462,5.56,7.309,5032.266,18.15,38476.488,138.774,95.981,98.396,13.596,3.698,30.901,1743.964,6.29,8567.581,-3.605,-1.049,7776.171,28.047,33.263,21.91,,1.262,0.027,2.135,199.627,0.72,591.935,3.808,1.514,4.665,0.107,2.263,210.717,0.76,627.316,4.019,1.604,-0.13,-0.692,,0.0,0.0,0.0,0.0,0.0,0.0,0.0,4.902,3.423,73.248,1350.255,4.87,20308.686,,0.0,0.0,0.0,25.754,51.935,0.086,0.03,0.0,,0.086,8.318,0.0,23.901,0.159,0.0,0.061,5242.983,141.037,4.665,0.107,2.263,210.717,0.76,627.316,4.019,1.604,,0.0,0.0,0.0,0.0,0.0,0.0,0.0,-12.5,-0.006,0.041,2.773,0.01,11.48,0.053,0.029
Ireland,1997,IRL,3640157.0,108048252928.0,,0.0,0.0,0.0,21.977,0.08,0.406,0.0,,-4.727,-1.637,9062.428,32.989,1865.304,6.79,,0.0,0.0,0.0,34.485,22.637,19.68,19.69,13.511,3.328,4.694,40034.047,1.349,3.275,4.545,5186.59,18.88,39371.621,143.319,95.886,98.345,4.516,1.396,32.297,1804.867,6.57,8872.284,-12.136,-3.404,6769.702,24.643,33.367,22.162,,-6.094,-0.13,2.005,186.805,0.68,550.756,3.454,1.376,6.031,0.149,2.411,222.518,0.81,662.425,4.114,1.655,-0.01,-0.051,,0.0,0.0,0.0,0.0,0.0,0.0,0.0,6.534,4.786,78.034,1516.418,5.52,21436.908,,0.0,0.0,0.0,28.035,53.547,0.259,0.08,0.0,200.0,0.172,21.977,0.0,71.045,0.406,0.0,0.177,5409.107,145.73,6.031,0.149,2.411,222.518,0.81,662.425,4.114,1.655,,0.0,0.0,0.0,0.0,0.0,0.0,0.0,257.143,0.106,0.148,13.736,0.05,40.624,0.254,0.101
Ireland,1998,IRL,3678670.0,118272466944.0,,0.0,0.0,0.0,24.465,0.09,0.431,0.0,,0.665,0.219,9027.154,33.208,1832.184,6.74,,0.0,0.0,0.0,32.264,21.178,20.97,20.89,13.322,7.6,11.075,42625.582,1.326,6.982,10.007,5357.915,19.71,41679.641,153.326,94.351,97.781,1.116,0.361,32.657,1747.914,6.43,8877.404,-26.186,-6.453,4944.644,18.19,30.78,20.826,,35.103,0.704,2.709,250.09,0.92,736.299,4.404,1.727,44.624,1.068,3.48,320.768,1.18,945.942,5.649,2.219,0.08,0.381,,0.0,0.0,0.0,0.0,0.0,0.0,0.0,12.081,9.427,87.461,1777.816,6.54,23775.082,,0.0,0.0,0.0,31.307,55.777,0.271,0.09,0.0,4.938,0.013,24.465,0.0,73.773,0.431,0.0,0.173,5678.683,156.805,44.624,1.068,3.48,320.768,1.18,945.942,5.649,2.219,,0.0,0.0,0.0,0.0,0.0,0.0,0.0,238.0,0.352,0.5,46.212,0.17,135.87,0.814,0.319
Ireland,1999,IRL,3719918.0,132615405568.0,,0.0,0.0,0.0,24.194,0.09,0.413,0.0,,-13.969,-4.639,7680.058,28.569,1567.239,5.83,,0.0,0.0,0.0,26.78,17.258,22.01,21.77,13.151,5.569,8.732,44500.219,1.248,5.783,8.866,5548.509,20.64,43600.949,162.192,94.809,97.979,6.944,2.268,34.925,1871.009,6.96,9388.618,-21.584,-3.926,3834.378,14.264,31.971,21.098,,-7.642,-0.207,2.502,228.5,0.85,672.491,3.904,1.511,-3.931,-0.135,3.345,303.77,1.13,899.271,5.191,2.021,0.24,1.09,,0.0,0.0,0.0,0.0,0.0,0.0,0.0,12.848,11.237,98.698,2110.261,7.85,26532.275,,0.0,0.0,0.0,36.059,59.623,0.291,0.09,0.0,7.059,0.019,24.194,0.0,78.105,0.413,0.0,0.176,5852.28,165.537,-3.931,-0.135,3.345,303.77,1.13,899.271,5.191,2.021,,0.0,0.0,0.0,0.0,0.0,0.0,0.0,10.651,0.053,0.553,51.076,0.19,148.674,0.873,0.334
Ireland,2000,IRL,3768954.0,147422871552.0,,0.0,0.0,0.0,23.879,0.09,0.38,0.0,619.349,6.476,1.85,8071.006,30.419,1809.521,6.82,,0.0,0.0,0.0,28.813,17.548,23.77,23.67,13.655,4.719,7.812,45993.887,1.176,4.704,7.63,5967.173,22.49,45058.199,169.822,95.015,97.966,14.652,5.117,40.042,2456.915,9.26,10624.191,-10.507,-1.499,3386.855,12.765,39.121,23.099,14.66,0.0,0.0,2.502,225.527,0.85,663.742,3.591,1.443,5.428,0.181,3.527,313.084,1.18,935.687,4.985,2.034,0.1,0.421,,,,0.0,0.0,,0.0,,0.672,0.663,99.361,1700.737,6.41,26363.004,,0.0,0.0,0.0,27.081,57.318,0.303,0.09,0.0,4.396,0.013,23.879,0.0,80.477,0.38,0.0,0.175,6280.257,173.349,5.428,0.181,3.527,313.084,1.18,935.687,4.985,2.034,,0.0,0.0,0.0,0.0,0.0,0.0,0.0,30.481,0.169,0.722,63.678,0.24,191.468,1.014,0.416
Ireland,2001,IRL,3829019.0,158125555712.0,,0.0,0.0,0.0,26.116,0.1,0.406,0.0,628.247,4.74,1.442,8320.988,31.861,1843.814,7.06,,0.0,0.0,0.0,28.653,17.395,24.39,24.64,13.452,5.664,9.819,47836.672,1.158,6.067,10.303,6166.071,23.61,47042.203,180.125,95.82,98.339,4.299,1.721,41.763,2389.646,9.15,10907.057,-31.282,-3.993,2290.882,8.772,37.135,22.801,15.48,-29.551,-0.751,1.751,156.698,0.6,457.277,2.435,0.956,-13.331,-0.485,3.042,268.998,1.03,794.464,4.18,1.661,-0.25,-1.025,,,,0.0,0.0,,0.0,,7.186,7.14,106.501,1932.61,7.4,27814.16,,0.0,0.0,0.0,30.032,58.144,0.31,0.1,0.0,2.105,0.006,26.116,0.0,80.882,0.406,0.0,0.169,6435.069,183.168,-13.331,-0.485,3.042,268.998,1.03,794.464,4.18,1.661,,0.0,0.0,0.0,0.0,0.0,0.0,0.0,36.885,0.26,0.981,86.184,0.33,256.305,1.339,0.536
Ireland,2002,IRL,3894256.0,168846213120.0,,0.0,0.0,0.0,20.543,0.08,0.322,0.0,604.267,-3.864,-1.231,7865.437,30.63,1751.297,6.82,,0.0,0.0,0.0,27.456,16.89,25.34,24.84,13.697,-0.99,-1.814,46569.605,1.074,-1.568,-2.825,6024.257,23.46,45528.762,177.301,94.444,97.765,2.646,1.105,42.868,2781.019,10.83,11008.054,-1.136,-0.1,2226.907,8.672,43.599,23.638,15.01,53.02,0.911,2.662,233.678,0.91,683.565,3.663,1.468,34.467,1.011,4.053,354.368,1.38,1040.842,5.556,2.235,0.5,1.973,,,,0.0,0.0,,0.0,,-2.534,-2.698,103.802,1491.941,5.81,26655.273,,0.0,0.0,0.0,23.39,57.237,0.259,0.08,0.0,-16.495,-0.051,20.543,0.0,66.409,0.322,0.0,0.143,6378.625,181.354,34.467,1.011,4.053,354.368,1.38,1040.842,5.556,2.235,,0.0,0.0,0.0,0.0,0.0,0.0,0.0,16.168,0.151,1.133,100.147,0.39,290.867,1.57,0.625
Ireland,2003,IRL,3958706.0,177045291008.0,,0.0,0.0,0.0,22.735,0.09,0.362,0.0,588.898,-3.197,-0.979,7489.994,29.651,1566.168,6.2,,0.0,0.0,0.0,24.94,16.766,26.03,24.86,14.057,-2.481,-4.499,44674.871,0.999,-2.127,-3.772,5991.857,23.72,43834.762,173.529,95.414,98.12,-0.733,-0.314,42.554,3294.006,13.04,10749.515,-16.474,-1.429,1829.762,7.243,52.454,24.062,14.64,-34.43,-0.928,1.734,151.565,0.6,438.091,2.414,0.981,-17.594,-0.728,3.326,287.973,1.14,840.109,4.586,1.88,1.17,4.495,,,,0.0,0.0,,0.0,,-2.388,-2.478,101.324,1131.683,4.48,25595.252,,0.0,0.0,0.0,18.021,57.292,0.275,0.09,0.0,6.173,0.016,22.735,0.0,69.361,0.362,0.0,0.155,6279.83,176.855,-17.594,-0.728,3.326,287.973,1.14,840.109,4.586,1.88,,0.0,0.0,0.0,0.0,0.0,0.0,0.0,17.01,0.184,1.317,113.674,0.45,332.658,1.81,0.745
Ireland,2004,IRL,4031961.0,191105269760.0,,0.0,0.0,0.0,27.282,0.11,0.436,0.0,586.043,-6.571,-1.948,6870.718,27.702,1545.154,6.23,,0.0,0.0,0.0,24.703,15.359,26.79,25.22,13.983,1.983,3.507,44733.043,0.944,1.603,2.782,5910.275,23.83,43728.254,176.311,94.489,97.754,-0.164,-0.07,42.484,3199.436,12.9,10536.905,23.008,1.667,2209.861,8.91,51.15,23.555,14.78,5.351,0.081,1.815,156.252,0.63,450.262,2.498,1.007,22.497,0.726,4.051,344.745,1.39,1004.79,5.511,2.246,1.57,5.86,,,,0.0,0.0,,0.0,,4.737,4.8,106.124,1165.686,4.7,26320.629,,0.0,0.0,0.0,18.636,58.839,0.348,0.11,0.0,26.744,0.073,27.282,0.0,86.314,0.436,0.0,0.193,6255.021,180.362,22.497,0.726,4.051,344.745,1.39,1004.79,5.511,2.246,,0.0,0.0,0.0,0.0,0.0,0.0,0.0,44.273,0.571,1.888,161.212,0.65,468.214,2.577,1.047
Ireland,2005,IRL,4121220.0,204428607488.0,,0.009,2.17,0.009,31.544,0.13,0.507,0.005,586.261,11.126,3.082,7469.78,30.785,1550.512,6.39,,0.0,0.0,0.0,24.941,16.36,27.66,25.62,13.615,4.331,7.812,45659.781,0.92,3.656,6.447,5762.857,23.75,44345.406,182.757,92.701,97.121,-4.818,-2.047,40.438,2807.421,11.57,9812.023,-32.9,-2.931,1450.703,5.979,45.16,21.489,15.02,0.2,-0.008,1.808,152.867,0.63,438.598,2.459,0.961,35.037,1.366,5.417,453.749,1.87,1314.375,7.299,2.879,2.04,7.375,,,,0.0,0.0,,0.0,,5.099,5.411,111.535,1404.924,5.79,27063.6,,0.0,0.0,0.0,22.6,59.272,0.416,0.13,0.0,19.506,0.068,31.544,0.0,100.916,0.507,0.0,0.221,6216.606,188.174,35.037,1.366,5.417,453.749,1.87,1314.375,7.299,2.879,,0.0,0.0,0.0,0.0,0.0,0.0,0.0,69.757,1.297,3.184,269.338,1.11,772.691,4.333,1.692
Ireland,2006,IRL,4234809.0,218886733824.0,76.533,0.007,3.728,0.016,30.698,0.13,0.48,0.008,558.097,-9.785,-3.012,6558.133,27.772,1388.492,5.88,,0.0,0.0,0.0,21.689,14.294,28.89,27.11,13.953,3.253,6.12,45880.328,0.888,2.426,4.434,5818.444,24.64,44203.062,187.192,90.889,96.344,13.517,5.466,45.904,3256.345,13.79,10839.594,-11.189,-0.669,1253.829,5.31,50.867,23.626,15.13,14.735,0.253,2.061,170.019,0.72,486.645,2.656,1.061,32.309,1.686,7.103,583.261,2.47,1677.263,9.111,3.656,1.78,6.161,,,,0.0,0.0,,0.0,,1.776,1.98,113.515,1173.607,4.97,26805.334,,0.0,0.0,0.0,18.333,58.424,0.41,0.13,0.0,-1.404,-0.006,30.698,0.0,96.83,0.48,0.0,0.211,6401.706,194.294,32.309,1.686,7.103,583.261,2.47,1677.263,9.111,3.656,,0.0,0.0,0.0,0.0,0.0,0.0,0.0,45.879,1.432,4.616,382.544,1.62,1090.06,5.976,2.376
Ireland,2007,IRL,4359841.0,229784272896.0,1366.899,0.216,53.118,0.232,41.286,0.18,0.634,0.117,537.54,-2.345,-0.651,6220.676,27.121,1247.752,5.44,,0.0,0.0,0.0,19.175,13.744,29.7,28.37,14.377,1.559,3.03,45259.535,0.859,1.034,1.935,5862.599,25.56,43379.25,189.127,90.095,95.846,8.563,3.931,49.835,3683.62,16.06,11430.359,-10.039,-0.533,1095.605,4.777,56.609,25.255,15.25,-7.966,-0.176,1.885,153.675,0.67,432.315,2.362,0.955,21.522,1.095,8.198,644.519,2.81,1880.283,9.905,4.154,1.33,4.478,,,,0.0,0.0,,0.0,,-1.184,-1.345,112.171,931.227,4.06,25728.213,,0.0,0.0,0.0,14.311,56.846,0.543,0.18,0.0,32.371,0.133,41.286,0.0,124.499,0.634,0.0,0.275,6507.118,197.324,21.522,1.095,8.198,644.519,2.81,1880.283,9.905,4.154,,0.0,0.0,0.0,0.0,0.0,0.0,0.0,20.735,0.922,5.539,449.558,1.96,1270.35,6.909,2.807
Ireland,2008,IRL,4452393.0,222239932416.0,166.817,0.386,138.783,0.618,49.412,0.22,0.735,0.315,522.059,-2.144,-0.582,5960.763,26.54,1154.435,5.14,,0.0,0.0,0.0,17.179,13.515,30.37,29.92,15.236,-0.479,-0.945,44106.398,0.884,-1.865,-3.527,5911.428,26.32,41685.367,185.6,87.968,94.511,4.761,2.373,52.207,3755.284,16.72,11725.62,-4.158,-0.199,1028.227,4.578,55.882,26.585,15.62,45.268,0.836,2.721,217.86,0.97,611.142,3.242,1.386,38.94,2.582,10.779,808.554,3.6,2421.03,12.032,5.489,0.45,1.482,,,,0.0,0.0,,0.0,,-4.741,-5.318,106.853,1001.709,4.46,23998.986,,0.0,0.0,0.0,14.906,54.412,0.667,0.22,0.0,22.868,0.124,49.412,0.0,149.789,0.735,0.0,0.34,6719.982,196.379,38.94,2.582,10.779,808.554,3.6,2421.03,12.032,5.489,,0.0,0.0,0.0,0.0,0.0,0.0,0.0,23.062,1.235,6.773,541.282,2.41,1521.316,8.055,3.449
Ireland,2009,IRL,4499797.0,214513696768.0,43.034,0.266,196.415,0.884,57.78,0.26,0.93,0.5,495.888,-12.577,-3.338,5156.2,23.202,888.929,4.0,,0.0,0.0,0.0,14.301,13.137,28.73,27.97,15.837,-10.066,-19.767,39248.785,0.823,-11.556,-21.448,5300.239,23.85,36479.719,164.151,85.27,92.945,-5.079,-2.652,49.555,3622.385,16.3,11012.814,-10.642,-0.487,909.122,4.091,58.277,28.059,13.87,-6.877,-0.203,2.518,200.009,0.9,559.644,3.218,1.426,18.725,1.681,12.46,915.597,4.12,2769.064,14.73,7.055,0.76,2.645,,,,0.0,0.0,,0.0,,-14.467,-15.459,91.394,788.924,3.55,20310.703,,0.0,0.0,0.0,12.692,51.749,0.802,0.26,0.0,20.31,0.135,57.78,0.0,178.314,0.93,0.0,0.454,6215.836,176.612,18.725,1.681,12.46,915.597,4.12,2769.064,14.73,7.055,,0.001,0.001,0.0,0.0,0.263,0.0,0.001,22.622,1.481,8.255,657.807,2.96,1834.429,10.583,4.674
Ireland,2010,IRL,4524581.0,221367779328.0,18.703,0.165,231.873,1.049,68.515,0.31,1.101,0.588,491.477,-0.451,-0.105,5104.822,23.097,784.603,3.55,,0.0,0.0,0.0,12.607,12.954,28.63,28.16,15.794,0.956,1.689,39407.059,0.805,1.594,2.616,5401.605,24.44,36858.07,166.767,86.79,93.532,10.326,5.117,54.673,4002.581,18.11,12083.468,-29.153,-1.193,640.557,2.898,64.311,30.663,13.84,-33.547,-0.855,1.663,132.609,0.6,367.595,2.131,0.933,-4.287,-0.927,11.533,822.176,3.72,2548.988,13.21,6.468,0.47,1.642,,,,0.0,0.0,,0.0,,-2.622,-2.397,88.998,614.422,2.78,19669.781,,0.0,0.0,0.0,9.872,49.914,1.006,0.31,0.0,25.343,0.203,68.515,0.0,222.28,1.101,0.0,0.564,6223.781,178.3,-4.287,-0.927,11.533,822.176,3.72,2548.988,13.21,6.468,12.227,0.0,0.001,0.0,0.0,0.292,0.0,0.001,-4.756,-0.441,7.814,621.052,2.81,1726.948,9.979,4.382
Ireland,2011,IRL,4544504.0,223963938816.0,1.582,0.017,234.51,1.066,74.816,0.34,1.252,0.626,463.549,-1.863,-0.43,4987.754,22.667,866.981,3.94,,0.0,0.0,0.0,14.507,13.313,27.65,27.16,15.952,-4.509,-8.039,37465.398,0.76,-7.604,-12.681,4781.6,21.73,33906.031,154.086,80.007,90.5,-12.04,-6.583,48.09,3395.31,15.43,10582.023,-16.911,-0.49,529.898,2.408,56.811,28.245,12.59,17.932,0.286,1.95,156.233,0.71,428.981,2.614,1.145,35.804,4.642,16.176,1194.85,5.43,3559.37,19.993,9.5,0.49,1.772,,,,0.0,0.0,,0.0,,-6.369,-5.668,83.329,519.309,2.36,18336.252,,0.0,0.0,0.0,8.689,48.942,1.073,0.34,0.0,6.678,0.067,74.816,0.0,236.085,1.252,0.0,0.63,5976.45,170.262,35.804,4.642,16.176,1194.85,5.43,3559.37,19.993,9.5,13.857,0.0,0.001,0.0,0.0,0.329,0.0,0.001,55.625,4.272,12.086,963.802,4.38,2659.465,16.127,7.098
Ireland,2012,IRL,4564550.0,221943971840.0,-7.487,-0.08,215.999,0.986,96.395,0.44,1.622,0.589,483.229,16.008,3.629,5760.793,26.295,1099.78,5.02,,0.0,0.0,0.0,18.504,15.702,27.54,27.13,16.2,-1.64,-2.793,36688.957,0.755,-1.432,-2.206,4793.462,21.88,33273.816,151.88,80.649,90.692,-2.468,-1.187,46.903,3097.786,14.14,10275.574,-8.842,-0.213,480.922,2.195,52.119,28.007,13.11,13.537,0.25,2.2,175.264,0.8,481.973,2.949,1.314,-3.863,-0.587,15.589,1150.168,5.25,3415.139,19.351,9.308,0.41,1.489,,,,0.0,0.0,,0.0,,-5.578,-4.648,78.681,595.897,2.72,17237.451,,0.0,0.0,0.0,10.026,46.983,1.402,0.44,0.0,30.714,0.33,96.395,0.0,307.242,1.622,0.0,0.837,5943.631,167.469,-3.863,-0.587,15.589,1150.168,5.25,3415.139,19.351,9.308,19.157,0.0,0.002,0.0,0.0,0.388,0.0,0.001,-8.443,-1.087,10.998,878.509,4.01,2409.537,14.781,6.567
Ireland,2013,IRL,4588830.0,225008336896.0,19.333,0.191,256.395,1.177,106.781,0.49,1.916,0.713,464.607,-9.509,-2.5,5185.413,23.795,932.7,4.28,,0.0,0.0,0.0,16.738,14.421,27.81,25.57,15.497,-1.476,-2.471,35956.301,0.733,-2.377,-3.61,4345.334,19.94,32311.059,148.27,77.982,89.862,-4.757,-2.231,44.672,2861.296,13.13,9734.976,-14.501,-0.318,409.006,1.877,51.349,27.074,11.88,-25.282,-0.566,1.634,130.752,0.6,356.056,2.346,0.99,8.984,1.139,16.727,1226.892,5.63,3645.24,22.018,10.138,2.24,8.055,,,,0.0,0.0,,0.0,,1.426,1.122,79.803,551.339,2.53,17390.67,,0.0,0.0,0.0,9.894,48.366,1.535,0.49,0.0,9.475,0.133,106.781,0.0,334.572,1.916,0.0,0.93,5572.226,164.997,8.984,1.139,16.727,1226.892,5.63,3645.24,22.018,10.138,8.288,0.0,0.002,0.0,0.0,0.415,0.0,0.001,13.241,1.381,12.38,989.359,4.54,2697.802,17.755,7.503
Ireland,2014,IRL,4622165.0,244831715328.0,12.725,0.15,286.936,1.326,116.828,0.54,2.092,0.806,449.826,-1.711,-0.407,5059.951,23.388,856.741,3.96,,0.0,0.0,0.0,15.343,14.213,27.96,25.81,15.685,-0.269,-0.444,35600.855,0.672,-1.757,-2.605,4201.494,19.42,31514.48,145.665,75.242,88.522,-3.11,-1.389,43.283,2734.649,12.64,9364.161,-15.406,-0.289,343.5,1.588,48.973,26.303,11.61,18.208,0.286,1.92,153.608,0.71,415.349,2.751,1.167,13.427,2.161,18.888,1382.469,6.39,4086.374,24.758,11.478,2.15,7.69,,,,0.0,0.0,,0.0,,-1.013,-0.808,78.995,610.104,2.82,17090.369,,0.0,0.0,0.0,10.926,48.006,1.712,0.54,0.0,11.498,0.177,116.828,0.0,370.35,2.092,0.0,1.04,5583.963,164.553,13.427,2.161,18.888,1382.469,6.39,4086.374,24.758,11.478,35.277,0.001,0.003,0.0,0.0,0.555,0.0,0.002,13.179,1.548,13.927,1112.033,5.14,3013.184,19.915,8.464
Ireland,2015,IRL,4665764.0,254793482240.0,6.999,0.093,304.15,1.419,102.877,0.48,1.708,0.816,439.502,9.054,2.117,5466.5,25.505,1043.773,4.87,,0.0,0.0,0.0,17.331,14.666,28.77,28.1,16.158,5.688,9.36,37274.281,0.683,3.726,5.428,4337.982,20.24,32383.404,151.093,72.028,86.879,1.111,0.481,43.764,2651.227,12.37,9379.747,-12.642,-0.201,297.269,1.387,44.021,25.164,12.35,13.806,0.252,2.172,173.605,0.81,465.488,2.883,1.249,20.284,3.932,22.82,1684.612,7.86,4890.871,27.972,13.121,0.67,2.329,,,,0.0,0.0,,0.0,,3.582,2.83,81.824,642.982,3.0,17537.158,,0.0,0.0,0.0,10.676,47.049,1.52,0.48,0.0,-11.19,-0.192,102.877,0.0,325.833,1.708,0.0,0.874,6022.593,173.913,20.284,3.932,22.82,1684.612,7.86,4890.871,27.972,13.121,70.851,0.002,0.004,0.0,0.0,0.933,0.0,0.003,27.878,3.777,17.704,1408.13,6.57,3794.467,23.381,10.18
Ireland,2016,IRL,4715791.0,268695470080.0,-8.038,-0.114,276.734,1.305,144.196,0.68,2.249,0.718,446.245,-3.925,-1.001,5196.246,24.504,996.651,4.7,,0.0,0.0,0.0,15.547,13.491,29.52,30.23,16.643,4.444,7.728,38517.676,0.676,5.811,8.779,4815.735,22.71,33901.582,159.873,75.124,88.016,12.437,5.443,49.207,3250.78,15.33,10434.417,2224.981,30.86,6838.132,32.247,50.711,27.09,13.49,-15.557,-0.349,1.823,144.196,0.68,386.601,2.249,1.004,-4.95,-1.051,21.769,1594.642,7.52,4616.098,24.876,11.984,-0.71,-2.405,,,,0.0,0.0,,0.0,,5.301,4.338,86.162,568.303,2.68,18270.918,,0.0,0.0,0.0,8.865,47.435,2.168,0.68,0.0,42.62,0.648,144.196,0.0,459.774,2.249,0.0,1.194,6410.377,181.641,-4.95,-1.051,21.769,1594.642,7.52,4616.098,24.876,11.984,277.578,0.012,0.016,2.121,0.01,3.465,0.033,0.009,-6.497,-1.248,16.456,1304.129,6.15,3489.524,20.344,9.06
Ireland,2017,IRL,4771860.0,290581577728.0,42.668,0.557,390.172,1.862,155.076,0.74,2.414,1.021,412.59,-14.854,-3.64,4372.4,20.864,762.805,3.64,,,,,11.872,11.438,29.98,30.66,16.809,0.422,0.766,38225.68,0.628,-2.1,-3.357,4564.258,21.78,32799.801,156.516,71.037,85.806,1.996,0.982,50.189,3285.93,15.68,10517.661,,,,,51.142,27.515,12.65,1.553,0.017,1.841,144.598,0.69,385.71,2.25,1.009,21.842,4.123,25.892,1860.91,8.88,5425.882,28.963,14.194,-0.68,-2.268,,,,0.0,0.0,,0.0,,-0.811,-0.699,85.463,515.522,2.46,17909.738,,,,,8.023,46.853,2.347,0.74,0.0,8.249,0.179,155.076,0.0,491.854,2.414,0.0,1.287,6425.167,182.408,21.842,4.123,25.892,1860.91,8.88,5425.882,28.963,14.194,92.955,0.015,0.031,2.096,0.01,6.569,0.033,0.017,21.099,3.355,19.811,1559.141,7.44,4151.577,24.266,10.861
Ireland,2018,IRL,4834506.0,314321666048.0,-3.998,-0.074,369.718,1.787,175.819,0.85,2.751,0.958,378.641,-21.373,-4.459,3393.325,16.405,444.72,2.15,,,,,6.958,8.797,30.87,30.9,16.57,2.235,4.078,38573.797,0.593,0.46,0.721,4281.72,20.7,32523.857,157.237,66.99,84.316,3.819,1.917,52.105,3313.679,16.02,10777.811,,,,,51.845,27.941,11.7,0.36,-0.004,1.836,142.724,0.69,379.847,2.233,0.985,11.607,3.357,29.248,2109.833,10.2,6049.939,33.01,15.684,-0.03,-0.097,,,0.0,0.0,0.0,0.0,0.0,0.0,3.819,3.264,88.726,523.321,2.53,18352.721,,,,,8.188,47.578,2.708,0.85,0.0,15.382,0.361,175.819,0.0,560.156,2.751,0.0,1.452,6391.552,186.485,11.607,3.357,29.248,2109.833,10.2,6049.939,33.01,15.684,86.594,0.027,0.058,4.137,0.02,12.027,0.065,0.031,16.063,3.048,22.858,1787.153,8.64,4728.19,27.961,12.258
Ireland,2019,IRL,4896021.0,,21.86,0.391,444.878,2.178,173.61,0.85,2.767,1.162,335.286,-28.432,-4.664,2398.027,11.741,104.166,0.51,,,,,1.66,6.266,31.36,30.72,16.395,0.477,0.89,38270.875,,-2.303,-3.621,3864.362,18.92,31375.68,153.616,61.589,81.983,2.022,1.053,53.159,3249.577,15.91,10857.561,,,,,51.79,28.37,10.3,27.733,0.501,2.337,181.78,0.89,477.329,2.897,1.247,16.569,4.511,33.759,2410.121,11.8,6895.195,38.411,18.017,0.64,2.041,,0.0,0.0,0.0,0.0,0.0,0.0,0.0,-0.011,-0.01,88.716,510.619,2.5,18120.092,,,,,8.138,47.347,2.729,0.85,0.0,0.76,0.021,173.61,0.0,557.32,2.767,0.0,1.456,6274.483,187.375,16.569,4.511,33.759,2410.121,11.8,6895.195,38.411,18.017,79.77,0.046,0.104,8.17,0.04,21.271,0.13,0.056,15.969,3.553,26.411,2046.56,10.02,5394.398,32.617,14.095
Ireland,2020,IRL,4946123.0,,-7.275,-0.158,408.334,2.02,186.004,0.92,2.878,1.146,312.48,-14.321,-1.681,2033.795,10.059,135.46,0.67,,,,,2.096,5.708,31.82,31.97,18.141,-5.948,-11.144,35630.062,,-9.958,-15.298,3742.325,18.51,27964.996,138.318,57.898,78.487,-0.147,-0.078,53.081,3283.38,16.24,10731.806,,,,,50.798,30.12,9.99,5.196,0.112,2.449,188.026,0.93,495.221,2.909,1.39,10.794,4.153,37.912,2721.323,13.46,7665.064,42.102,21.513,-0.15,-0.471,,0.0,0.0,0.0,0.0,0.0,0.0,0.0,-15.26,-13.538,75.178,323.486,1.6,15199.396,,,,,5.005,42.659,2.949,0.92,0.0,8.071,0.22,186.004,0.0,596.199,2.878,0.0,1.673,6463.648,176.231,10.794,4.153,37.912,2721.323,13.46,7665.064,42.102,21.513,56.394,0.058,0.162,12.131,0.06,32.808,0.188,0.092,15.27,3.921,30.332,2335.162,11.55,6132.503,36.128,17.212
Ireland,2021,IRL,4986525.0,,2.21,0.045,413.975,2.064,200.54,1.0,3.165,1.15,363.608,36.406,3.662,2751.748,13.722,545.47,2.72,,,,,8.608,7.645,33.19,31.6,17.607,1.841,3.244,35991.977,,5.878,8.131,4006.798,19.98,29368.947,146.449,63.228,81.599,-3.988,-2.117,50.964,3040.193,15.16,10220.321,,,,,47.975,28.396,11.49,-19.655,-0.489,1.961,150.405,0.75,393.217,2.373,1.093,-11.684,-4.886,33.026,2330.28,11.62,6623.028,36.772,18.401,1.59,4.791,,0.0,0.0,0.0,0.0,0.0,0.0,0.0,8.76,6.585,81.763,421.135,2.1,16396.879,,,,,6.646,45.557,3.177,1.0,0.0,7.74,0.228,200.54,0.0,637.139,3.165,0.0,1.77,6337.079,179.475,-11.684,-4.886,33.026,2330.28,11.62,6623.028,36.772,18.401,50.482,0.081,0.243,18.049,0.09,48.791,0.285,0.136,-15.356,-4.752,25.58,1961.286,9.78,5129.906,30.949,14.253
Ireland,2022,IRL,5023108.0,,50.039,1.033,616.598,3.097,197.089,0.99,2.946,1.633,346.326,-13.961,-1.916,2350.33,11.806,491.727,2.47,,,,,7.349,6.224,33.83,33.61,17.719,5.686,10.205,37761.402,,3.445,5.045,4107.019,20.63,30159.404,151.494,61.381,79.868,2.032,1.036,52.0,3290.792,16.53,10352.098,,,,,49.182,27.414,11.64,-5.703,-0.119,1.842,139.356,0.7,366.747,2.083,0.971,19.345,5.16,38.186,2584.057,12.98,7601.997,38.619,20.132,0.22,0.65,,0.0,0.0,0.0,0.0,0.0,0.0,0.0,7.246,5.925,87.688,324.5,1.63,17456.975,,,,,4.85,46.23,3.302,0.99,0.0,3.926,0.125,197.089,0.0,657.328,2.946,0.0,1.741,6691.077,189.68,19.345,5.16,38.186,2584.057,12.98,7601.997,38.619,20.132,45.782,0.11,0.353,17.917,0.09,70.353,0.268,0.186,16.102,4.011,29.591,2229.695,11.2,5890.969,33.323,15.601
Israel,1900,ISR,359278.0,,,,,,,,,,,,,,,,,,,,,,,,,,,,,,,,,,,,,,,,,,,,,,0.0,0.0,,,,,,,,,,,,,,,,,,,,,,,,,,,,,,,,,,,,,,0.0,0.0,,,,,,,,,,,,,,,,,,,,,,,,,,,,,,,,,,,,,,,
Israel,1901,ISR,364057.0,,,,,,,,,,,,,,,,,,,,,,,,,,,,,,,,,,,,,,,,,,,,,0.0,0.0,0.0,,,,,,,,,,,,,,,,,,,,,,,,,,,,,,,,,,,,,0.0,0.0,0.0,,,,,,,,,,,,,,,,,,,,,,,,,,,,,,,,,,,,,,,
Israel,1902,ISR,368972.0,,,,,,,,,,,,,,,,,,,,,,,,,,,,,,,,,,,,,,,,,,,,,0.0,0.0,0.0,,,,,,,,,,,,,,,,,,,,,,,,,,,,,,,,,,,,,0.0,0.0,0.0,,,,,,,,,,,,,,,,,,,,,,,,,,,,,,,,,,,,,,,
Israel,1903,ISR,374026.0,,,,,,,,,,,,,,,,,,,,,,,,,,,,,,,,,,,,,,,,,,,,,0.0,0.0,0.0,,,,,,,,,,,,,,,,,,,,,,,,,,,,,,,,,,,,,0.0,0.0,0.0,,,,,,,,,,,,,,,,,,,,,,,,,,,,,,,,,,,,,,,
Israel,1904,ISR,379148.0,,,,,,,,,,,,,,,,,,,,,,,,,,,,,,,,,,,,,,,,,,,,,0.0,0.0,0.0,,,,,,,,,,,,,,,,,,,,,,,,,,,,,,,,,,,,,0.0,0.0,0.0,,,,,,,,,,,,,,,,,,,,,,,,,,,,,,,,,,,,,,,
Israel,1905,ISR,384341.0,,,,,,,,,,,,,,,,,,,,,,,,,,,,,,,,,,,,,,,,,,,,,0.0,0.0,0.0,,,,,,,,,,,,,,,,,,,,,,,,,,,,,,,,,,,,,0.0,0.0,0.0,,,,,,,,,,,,,,,,,,,,,,,,,,,,,,,,,,,,,,,
Israel,1906,ISR,389605.0,,,,,,,,,,,,,,,,,,,,,,,,,,,,,,,,,,,,,,,,,,,,,0.0,0.0,0.0,,,,,,,,,,,,,,,,,,,,,,,,,,,,,,,,,,,,,0.0,0.0,0.0,,,,,,,,,,,,,,,,,,,,,,,,,,,,,,,,,,,,,,,
Israel,1907,ISR,394940.0,,,,,,,,,,,,,,,,,,,,,,,,,,,,,,,,,,,,,,,,,,,,,0.0,0.0,0.0,,,,,,,,,,,,,,,,,,,,,,,,,,,,,,,,,,,,,0.0,0.0,0.0,,,,,,,,,,,,,,,,,,,,,,,,,,,,,,,,,,,,,,,
Israel,1908,ISR,400349.0,,,,,,,,,,,,,,,,,,,,,,,,,,,,,,,,,,,,,,,,,,,,,0.0,0.0,0.0,,,,,,,,,,,,,,,,,,,,,,,,,,,,,,,,,,,,,0.0,0.0,0.0,,,,,,,,,,,,,,,,,,,,,,,,,,,,,,,,,,,,,,,
Israel,1909,ISR,405451.0,,,,,,,,,,,,,,,,,,,,,,,,,,,,,,,,,,,,,,,,,,,,,0.0,0.0,0.0,,,,,,,,,,,,,,,,,,,,,,,,,,,,,,,,,,,,,0.0,0.0,0.0,,,,,,,,,,,,,,,,,,,,,,,,,,,,,,,,,,,,,,,
Israel,1910,ISR,410239.0,,,,,,,,,,,,,,,,,,,,,,,,,,,,,,,,,,,,,,,,,,,,,0.0,0.0,0.0,,,,,,,,,,,,,,,,,,,,,,,,,,,,,,,,,,,,,0.0,0.0,0.0,,,,,,,,,,,,,,,,,,,,,,,,,,,,,,,,,,,,,,,
Israel,1911,ISR,414705.0,,,,,,,,,,,,,,,,,,,,,,,,,,,,,,,,,,,,,,,,,,,,,0.0,0.0,0.0,,,,,,,,,,,,,,,,,,,,,,,,,,,,,,,,,,,,,0.0,0.0,0.0,,,,,,,,,,,,,,,,,,,,,,,,,,,,,,,,,,,,,,,
Israel,1912,ISR,418840.0,,,,,,,,,,,,,,,,,,,,,,,,,,,,,,,,,,,,,,,,,,,,,0.0,0.0,0.0,,,,,,,,,,,,,,,,,,,,,,,,,,,,,,,,,,,,,0.0,0.0,0.0,,,,,,,,,,,,,,,,,,,,,,,,,,,,,,,,,,,,,,,
Israel,1913,ISR,422638.0,,,,,,,,,,,,,,,,,,,,,,,,,,,,,,,,,,,,,,,,,,,,,0.0,0.0,0.0,,,,,,,,,,,,,,,,,,,,,,,,,,,,,,,,,,,,,0.0,0.0,0.0,,,,,,,,,,,,,,,,,,,,,,,,,,,,,,,,,,,,,,,
Israel,1914,ISR,426470.0,,,,,,,,,,,,,,,,,,,,,,,,,,,,,,,,,,,,,,,,,,,,,0.0,0.0,0.0,,,,,,,,,,,,,,,,,,,,,,,,,,,,,,,,,,,,,0.0,0.0,0.0,,,,,,,,,,,,,,,,,,,,,,,,,,,,,,,,,,,,,,,
Israel,1915,ISR,430337.0,,,,,,,,,,,,,,,,,,,,,,,,,,,,,,,,,,,,,,,,,,,,,0.0,0.0,0.0,,,,,,,,,,,,,,,,,,,,,,,,,,,,,,,,,,,,,0.0,0.0,0.0,,,,,,,,,,,,,,,,,,,,,,,,,,,,,,,,,,,,,,,
Israel,1916,ISR,434239.0,,,,,,,,,,,,,,,,,,,,,,,,,,,,,,,,,,,,,,,,,,,,,0.0,0.0,0.0,,,,,,,,,,,,,,,,,,,,,,,,,,,,,,,,,,,,,0.0,0.0,0.0,,,,,,,,,,,,,,,,,,,,,,,,,,,,,,,,,,,,,,,
Israel,1917,ISR,438176.0,,,,,,,,,,,,,,,,,,,,,,,,,,,,,,,,,,,,,,,,,,,,,0.0,0.0,0.0,,,,,,,,,,,,,,,,,,,,,,,,,,,,,,,,,,,,,0.0,0.0,0.0,,,,,,,,,,,,,,,,,,,,,,,,,,,,,,,,,,,,,,,
Israel,1918,ISR,442229.0,,,,,,,,,,,,,,,,,,,,,,,,,,,,,,,,,,,,,,,,,,,,,0.0,0.0,0.0,,,,,,,,,,,,,,,,,,,,,,,,,,,,,,,,,,,,,0.0,0.0,0.0,,,,,,,,,,,,,,,,,,,,,,,,,,,,,,,,,,,,,,,
Israel,1919,ISR,447821.0,,,,,,,,,,,,,,,,,,,,,,,,,,,,,,,,,,,,,,,,,,,,,0.0,0.0,0.0,,,,,,,,,,,,,,,,,,,,,,,,,,,,,,,,,,,,,0.0,0.0,0.0,,,,,,,,,,,,,,,,,,,,,,,,,,,,,,,,,,,,,,,
Israel,1920,ISR,455007.0,,,,,,,,,,,,,,,,,,,,,,,,,,,,,,,,,,,,,,,,,,,,,0.0,0.0,0.0,,,,,,,,,,,,,,,,,,,,,,,,,,,,,,,,,,,,,0.0,0.0,0.0,,,,,,,,,,,,,,,,,,,,,,,,,,,,,,,,,,,,,,,
Israel,1921,ISR,463840.0,,,,,,,,,,,,,,,,,,,,,,,,,,,,,,,,,,,,,,,,,,,,,0.0,0.0,0.0,,,,,,,,,,,,,,,,,,,,,,,,,,,,,,,,,,,,,0.0,0.0,0.0,,,,,,,,,,,,,,,,,,,,,,,,,,,,,,,,,,,,,,,
Israel,1922,ISR,474377.0,,,,,,,,,,,,,,,,,,,,,,,,,,,,,,,,,,,,,,,,,,,,,0.0,0.0,0.0,,,,,,,,,,,,,,,,,,,,,,,,,,,,,,,,,,,,,0.0,0.0,0.0,,,,,,,,,,,,,,,,,,,,,,,,,,,,,,,,,,,,,,,
Israel,1923,ISR,486676.0,,,,,,,,,,,,,,,,,,,,,,,,,,,,,,,,,,,,,,,,,,,,,0.0,0.0,0.0,,,,,,,,,,,,,,,,,,,,,,,,,,,,,,,,,,,,,0.0,0.0,0.0,,,,,,,,,,,,,,,,,,,,,,,,,,,,,,,,,,,,,,,
Israel,1924,ISR,499294.0,,,,,,,,,,,,,,,,,,,,,,,,,,,,,,,,,,,,,,,,,,,,,0.0,0.0,0.0,,,,,,,,,,,,,,,,,,,,,,,,,,,,,,,,,,,,,0.0,0.0,0.0,,,,,,,,,,,,,,,,,,,,,,,,,,,,,,,,,,,,,,,
Israel,1925,ISR,512239.0,,,,,,,,,,,,,,,,,,,,,,,,,,,,,,,,,,,,,,,,,,,,,0.0,0.0,0.0,,,,,,,,,,,,,,,,,,,,,,,,,,,,,,,,,,,,,0.0,0.0,0.0,,,,,,,,,,,,,,,,,,,,,,,,,,,,,,,,,,,,,,,
Israel,1926,ISR,525520.0,,,,,,,,,,,,,,,,,,,,,,,,,,,,,,,,,,,,,,,,,,,,,0.0,0.0,0.0,,,,,,,,,,,,,,,,,,,,,,,,,,,,,,,,,,,,,0.0,0.0,0.0,,,,,,,,,,,,,,,,,,,,,,,,,,,,,,,,,,,,,,,
Israel,1927,ISR,539144.0,,,,,,,,,,,,,,,,,,,,,,,,,,,,,,,,,,,,,,,,,,,,,0.0,0.0,0.0,,,,,,,,,,,,,,,,,,,,,,,,,,,,,,,,,,,,,0.0,0.0,0.0,,,,,,,,,,,,,,,,,,,,,,,,,,,,,,,,,,,,,,,
Israel,1928,ISR,553123.0,,,,,,,,,,,,,,,,,,,,,,,,,,,,,,,,,,,,,,,,,,,,,0.0,0.0,0.0,,,,,,,,,,,,,,,,,,,,,,,,,,,,,,,,,,,,,0.0,0.0,0.0,,,,,,,,,,,,,,,,,,,,,,,,,,,,,,,,,,,,,,,
Israel,1929,ISR,569352.0,,,,,,,,,,,,,,,,,,,,,,,,,,,,,,,,,,,,,,,,,,,,,0.0,0.0,0.0,,,,,,,,,,,,,,,,,,,,,,,,,,,,,,,,,,,,,0.0,0.0,0.0,,,,,,,,,,,,,,,,,,,,,,,,,,,,,,,,,,,,,,,
Israel,1930,ISR,587972.0,,,,,,,,,,,,,,,,,,,,,,,,,,,,,,,,,,,,,,,,,,,,,0.0,0.0,0.0,,,,,,,,,,,,,,,,,,,,,,,,,,,,,,,,,,,,,0.0,0.0,0.0,,,,,,,,,,,,,,,,,,,,,,,,,,,,,,,,,,,,,,,
Israel,1931,ISR,609126.0,,,,,,,,,,,,,,,,,,,,,,,,,,,,,,,,,,,,,,,,,,,,,0.0,0.0,0.0,,,,,,,,,,,,,,,,,,,,,,,,,,,,,,,,,,,,,0.0,0.0,0.0,,,,,,,,,,,,,,,,,,,,,,,,,,,,,,,,,,,,,,,
Israel,1932,ISR,632966.0,,,,,,,,,,,,,,,,,,,,,,,,,,,,,,,,,,,,,,,,,,,,,0.0,0.0,0.0,,,,,,,,,,,,,,,,,,,,,,,,,,,,,,,,,,,,,0.0,0.0,0.0,,,,,,,,,,,,,,,,,,,,,,,,,,,,,,,,,,,,,,,
Israel,1933,ISR,659653.0,,,,,,,,,,,,,,,,,,,,,,,,,,,,,,,,,,,,,,,,,,,,,0.0,0.0,0.0,,,,,,,,,,,,,,,,,,,,,,,,,,,,,,,,,,,,,0.0,0.0,0.0,,,,,,,,,,,,,,,,,,,,,,,,,,,,,,,,,,,,,,,
Israel,1934,ISR,687466.0,,,,,,,,,,,,,,,,,,,,,,,,,,,,,,,,,,,,,,,,,,,,,0.0,0.0,0.0,,,,,,,,,,,,,,,,,,,,,,,,,,,,,,,,,,,,,0.0,0.0,0.0,,,,,,,,,,,,,,,,,,,,,,,,,,,,,,,,,,,,,,,
Israel,1935,ISR,716451.0,,,,,,,,,,,,,,,,,,,,,,,,,,,,,,,,,,,,,,,,,,,,,0.0,0.0,0.0,,,,,,,,,,,,,,,,,,,,,,,,,,,,,,,,,,,,,0.0,0.0,0.0,,,,,,,,,,,,,,,,,,,,,,,,,,,,,,,,,,,,,,,
Israel,1936,ISR,746658.0,,,,,,,,,,,,,,,,,,,,,,,,,,,,,,,,,,,,,,,,,,,,,0.0,0.0,0.0,,,,,,,,,,,,,,,,,,,,,,,,,,,,,,,,,,,,,0.0,0.0,0.0,,,,,,,,,,,,,,,,,,,,,,,,,,,,,,,,,,,,,,,
Israel,1937,ISR,778139.0,,,,,,,,,,,,,,,,,,,,,,,,,,,,,,,,,,,,,,,,,,,,,0.0,0.0,0.0,,,,,,,,,,,,,,,,,,,,,,,,,,,,,,,,,,,,,0.0,0.0,0.0,,,,,,,,,,,,,,,,,,,,,,,,,,,,,,,,,,,,,,,
Israel,1938,ISR,810947.0,,,,,,,,,,,,,,,,,,,,,,,,,,,,,,,,,,,,,,,,,,,,,0.0,0.0,0.0,,,,,,,,,,,,,,,,,,,,,,,,,,,,,,,,,,,,,0.0,0.0,0.0,,,,,,,,,,,,,,,,,,,,,,,,,,,,,,,,,,,,,,,
Israel,1939,ISR,844322.0,,,,,,,,,,,,,,,,,,,,,,,,,,,,,,,,,,,,,,,,,,,,,0.0,0.0,0.0,,,,,,,,,,,,,,,,,,,,,,,,,,,,,,,,,,,,,0.0,0.0,0.0,,,,,,,,,,,,,,,,,,,,,,,,,,,,,,,,,,,,,,,
Israel,1940,ISR,878256.0,,,,,,,,,,,,,,,,,,,,,,,,,,,,,,,,,,,,,,,,,,,,,0.0,0.0,0.0,,,,,,,,,,,,,,,,,,,,,,,,,,,,,,,,,,,,,0.0,0.0,0.0,,,,,,,,,,,,,,,,,,,,,,,,,,,,,,,,,,,,,,,
Israel,1941,ISR,912743.0,,,,,,,,,,,,,,,,,,,,,,,,,,,,,,,,,,,,,,,,,,,,,0.0,0.0,0.0,,,,,,,,,,,,,,,,,,,,,,,,,,,,,,,,,,,,,0.0,0.0,0.0,,,,,,,,,,,,,,,,,,,,,,,,,,,,,,,,,,,,,,,
Israel,1942,ISR,947772.0,,,,,,,,,,,,,,,,,,,,,,,,,,,,,,,,,,,,,,,,,,,,,0.0,0.0,0.0,,,,,,,,,,,,,,,,,,,,,,,,,,,,,,,,,,,,,0.0,0.0,0.0,,,,,,,,,,,,,,,,,,,,,,,,,,,,,,,,,,,,,,,
Israel,1943,ISR,983331.0,,,,,,,,,,,,,,,,,,,,,,,,,,,,,,,,,,,,,,,,,,,,,0.0,0.0,0.0,,,,,,,,,,,,,,,,,,,,,,,,,,,,,,,,,,,,,0.0,0.0,0.0,,,,,,,,,,,,,,,,,,,,,,,,,,,,,,,,,,,,,,,
Israel,1944,ISR,1020225.0,,,,,,,,,,,,,,,,,,,,,,,,,,,,,,,,,,,,,,,,,,,,,0.0,0.0,0.0,,,,,,,,,,,,,,,,,,,,,,,,,,,,,,,,,,,,,0.0,0.0,0.0,,,,,,,,,,,,,,,,,,,,,,,,,,,,,,,,,,,,,,,
Israel,1945,ISR,1058503.0,,,,,,,,,,,,,,,,,,,,,,,,,,,,,,,,,,,,,,,,,,,,,0.0,0.0,0.0,,,,,,,,,,,,,,,,,,,,,,,,,,,,,,,,,,,,,0.0,0.0,0.0,,,,,,,,,,,,,,,,,,,,,,,,,,,,,,,,,,,,,,,
Israel,1946,ISR,1098217.0,,,,,,,,,,,,,,,,,,,,,,,,,,,,,,,,,,,,,,,,,,,,,0.0,0.0,0.0,,,,,,,,,,,,,,,,,,,,,,,,,,,,,,,,,,,,,0.0,0.0,0.0,,,,,,,,,,,,,,,,,,,,,,,,,,,,,,,,,,,,,,,
Israel,1947,ISR,1139421.0,,,,,,,,,,,,,,,,,,,,,,,,,,,,,,,,,,,,,,,,,,,,,0.0,0.0,0.0,,,,,,,,,,,,,,,,,,,,,,,,,,,,,,,,,,,,,0.0,0.0,0.0,,,,,,,,,,,,,,,,,,,,,,,,,,,,,,,,,,,,,,,
Israel,1948,ISR,1182170.0,,,,,,,,,,,,,,,,,,,,,,,,,,,,,,,,,,,,,,,,,,,,,0.0,0.0,0.0,,,,,,,,,,,,,,,,,,,,,,,,,,,,,,,,,,,,,0.0,0.0,0.0,,,,,,,,,,,,,,,,,,,,,,,,,,,,,,,,,,,,,,,
Israel,1949,ISR,1230283.0,,,,,,,,,,,,,,,,,,,,,,,,,,,,,,,,,,,,,,,,,,,,,0.0,0.0,0.0,,,,,,,,,,,,,,,,,,,,,,,,,,,,,,,,,,,,,0.0,0.0,0.0,,,,,,,,,,,,,,,,,,,,,,,,,,,,,,,,,,,,,,,
Israel,1950,ISR,1284166.0,5774728192.0,,,,,,,,,,,,,,,,,,,,,,,,,,,,,,,,,,,,,,,,,,,,0.0,0.0,0.0,,,,,,,,,,,,,,,,,,,,,,,,,,,,,,,,,,,,,0.0,0.0,0.0,,,,,,,,,,,,,,,,,,,,,,,,,,,,,,,,,,,,,,,
Israel,1951,ISR,1337637.0,7502139904.0,,,,,,,,,,,,,,,,,,,,,,,,,,,,,,,,,,,,,,,,,,,,0.0,0.0,0.0,,,,,,,,,,,,,,,,,,,,,,,,,,,,,,,,,,,,,0.0,0.0,0.0,,,,,,,,,,,,,,,,,,,,,,,,,,,,,,,,,,,,,,,
Israel,1952,ISR,1393191.0,7825772544.0,,,,,,,,,,,,,,,,,,,,,,,,,,,,,,,,,,,,,,,,,,,,0.0,0.0,0.0,,,,,,,,,,,,,,,,,,,,,,,,,,,,,,,,,,,,,0.0,0.0,0.0,,,,,,,,,,,,,,,,,,,,,,,,,,,,,,,,,,,,,,,
Israel,1953,ISR,1450460.0,7732000768.0,,,,,,,,,,,,,,,,,,,,,,,,,,,,,,,,,,,,,,,,,,,,0.0,0.0,0.0,,,,,,,,,,,,,,,,,,,,,,,,,,,,,,,,,,,,,0.0,0.0,0.0,,,,,,,,,,,,,,,,,,,,,,,,,,,,,,,,,,,,,,,
Israel,1954,ISR,1507415.0,9205237760.0,,,,,,,,,,,,,,,,,,,,,,,,,,,,,,,,,,,,,,,,,,,,0.0,0.0,0.0,,,,,,,,,,,,,,,,,,,,,,,,,,,,,,,,,,,,,0.0,0.0,0.0,,,,,,,,,,,,,,,,,,,,,,,,,,,,,,,,,,,,,,,
Israel,1955,ISR,1564966.0,10453217280.0,,,,,,,,,,,,,,,,,,,,,,,,,,,,,,,,,,,,,,,,,,,,0.0,0.0,0.0,,,,,,,,,,,,,,,,,,,,,,,,,,,,,,,,,,,,,0.012,7.431,0.012,,,,,,,,,,,,,,,,,,,,,,,,,,,,,,,,,,,,,,,
Israel,1956,ISR,1625677.0,11383412736.0,,,,,,,,,,,,,,,,,,,,,,,,,,,,,,,,,,,,,,,,,,,,0.0,0.0,0.0,,,,,,,,,,,,,,,,,,,,,,,,,,,,,,,,,,,,2000.0,0.233,150.233,0.244,,,,,,,,,,,,,,,,,,,,,,,,,,,,,,,,,,,,,,,
Israel,1957,ISR,1688686.0,12372224000.0,,,,,,,,,,,,,,,,,,,,,,,,,,,,,,,,,,,,,,,,,,,,0.0,0.0,0.0,,,,,,,,,,,,,,,,,,,,,,,,,,,,,,,,,,,,157.143,0.384,371.899,0.628,,,,,,,,,,,,,,,,,,,,,,,,,,,,,,,,,,,,,,,
Israel,1958,ISR,1754789.0,13262256128.0,,,,,,,,,,,,,,,,,,,,,,,,,,,,,,,,,,,,,,,,,,,,0.0,0.0,0.0,,,,,,,,,,,,,,,,,,,,,,,,,,,,,,,,,,,,64.815,0.407,589.854,1.035,,,,,,,,,,,,,,,,,,,,,,,,,,,,,,,,,,,,,,,
Israel,1959,ISR,1825849.0,14935422976.0,,,,,,,,,,,,,,,,,,,,,,,,,,,,,,,,,,,,,,,,,,,,0.0,0.0,0.0,,,,,,,,,,,,,,,,,,,,,,,,,,,,,,,,,,,,43.82,0.454,815.314,1.489,,,,,,,,,,,,,,,,,,,,,,,,,,,,,,,,,,,,,,,
Israel,1960,ISR,1902260.0,15917731840.0,,,,,,,,,,,,,,,,,,,,,,,,,,,,,,,,,,,,,,,,,,,,0.0,0.0,0.0,,,,,,,,,,,,,,,,,,,,,,,,,,,,,,,,,,,,0.781,0.012,788.678,1.5,,,,,,,,,,,,,,,,,,,,,,,,,,,,,,,,,,,,,,,
Israel,1961,ISR,1983320.0,17656586240.0,,,,,,,,,,,,,,,,,,,,,,,,,,,,,,,,,,,,,,,,,,,,0.036,18.08,0.036,,,,,,,,,,,,,,,,,,,,,,,,,,,,,,,,,,,,4.651,0.07,791.627,1.57,,,,,,,,,,,,,,,,,,,,,,,,,,,,,,,,,,,,,,,
Israel,1962,ISR,2069094.0,19402350592.0,,,,,,,,,,,,,,,,,,,,,,,,,,,,,,,,,,,,,,,,,,,266.667,0.096,63.545,0.131,,,,,,,,,,,,,,,,,,,,,,,,,,,,,,,,,,,,0.0,0.0,758.81,1.57,,,,,,,,,,,,,,,,,,,,,,,,,,,,,,,,,,,,,,,
Israel,1963,ISR,2160430.0,21455390720.0,,,,,,,,,,,,,,,,,,,,,,,,,,,,,,,,,,,,,,,,,,,-9.091,-0.012,55.326,0.12,,,,,,,,,,,,,,,,,,,,,,,,,,,,,,,,,,,,11.852,0.186,812.861,1.756,,,,,,,,,,,,,,,,,,,,,,,,,,,,,,,,,,,,,,,
Israel,1964,ISR,2257904.0,23558017024.0,,,,,,,,,,,,,,,,,,,,,,,,,,,,,,,,,,,,,,,,,,,190.0,0.227,153.519,0.347,,,,,,,,,,,,,,,,,,,,,,,,,,,,,,,,,,,,31.788,0.558,1025.008,2.314,,,,,,,,,,,,,,,,,,,,,,,,,,,,,,,,,,,,,,,
Israel,1965,ISR,2361090.0,25774104576.0,,,,,,,,,,,,,,,,,,,,,,,,,,,17370.527,1.591,,,,,,,,,,,0.736,,,311.89,148.276,0.514,364.493,0.861,,,,,,,,,,,,,,,,,,,,,,,,,,,,,,,,40.277,,,17058.639,2.513,0.058,1004.841,2.373,,,,,,,,,,,,,,,41.013,,,,,,,,,,,,,,,,,,,,,,,,
Israel,1966,ISR,2467859.0,26059960320.0,,,,,,,,,,,,,,,,,,,,,,,,,3.99,1.637,17282.178,1.637,,,,,,,,,29.639,0.218,0.955,,,386.838,31.944,0.275,460.122,1.136,,,,,,,,,,,,,,,,,,,,,,,,,,,,,,3.521,1.418,41.695,,,16895.34,-7.843,-0.186,885.966,2.186,,,,,,,,,,,,,,,42.65,,,,,,,,,,,,,,,,,,,,,,,,
Israel,1967,ISR,2575798.0,26714976256.0,,,,,,,,,,,,,,,,,,,,,,,,,21.321,9.093,20088.223,1.937,,,,,,,,,11.985,0.114,1.069,,,415.048,14.737,0.167,505.806,1.303,,,,,,,,,,,,,,,,,,,,,,,,,,,,,,21.534,8.979,50.674,,,19673.176,-28.723,-0.628,605.024,1.558,,,,,,,,,,,,,,,51.743,,,,,,,,,,,,,,,,,,,,,,,,
Israel,1968,ISR,2684855.0,30793713664.0,,,,,,,,,,,,,,,,,,,,,,,,,1.798,0.93,19618.719,1.711,,,,,,,,,28.329,0.303,1.372,,,510.991,30.275,0.394,632.175,1.697,,,,,,,,,,,,,,,,,,,,,,,,,,,,,,1.238,0.627,51.301,,,19107.729,-11.94,-0.186,511.141,1.372,,,,,,,,,,,,,,,52.673,,,,,,,,,,,,,,,,,,,,,,,,
Israel,1969,ISR,2795473.0,34677899264.0,,,,,,,,,,,,,,,,,,,,,,,,,13.021,6.858,21295.797,1.717,,,,,,,,,2.787,0.038,1.41,,,504.447,0.0,0.0,607.159,1.697,,,,,,,,,,,,,,,,,,,,,,,,,,,,,,13.294,6.82,58.122,,,20791.35,-16.102,-0.221,411.87,1.151,,,,,,,,,,,,,,,59.532,,,,,,,,,,,,,,,,,,,,,,,,
Israel,1970,ISR,2907314.0,37492043776.0,,,,,,,,,,,,,,,,,,,,,,,,,6.748,4.017,21858.414,1.695,,,,,,,,,-8.614,-0.121,1.289,,,443.261,-5.634,-0.096,550.912,1.602,,,,,,,,,,,,,,,,,,,,,,,,,,,,,,7.121,4.139,62.261,,,21415.154,-22.222,-0.256,308.02,0.896,,,,,,,,,,,,,,,63.549,,,,,,,,,,,,,,,,,,,,,,,,
Israel,1971,ISR,3018592.0,41612218368.0,,,,,,,,,,,,,,,,,,,,,,,,,13.479,8.566,23890.252,1.733,,,,,,,,,-6.396,-0.082,1.206,,,399.615,-7.463,-0.12,491.006,1.482,,,,,,0.0,0.0,0.0,0.0,,,,,0.0,,,0.0,,,,,,,,,,,,,13.89,8.648,70.909,,,23490.637,-18.182,-0.163,242.726,0.733,,,,,,,,,,,,,,,72.115,,,0.0,,,0.0,,,,,,,,,,,,,,,,,,
Israel,1972,ISR,3120955.0,46772752384.0,,,,,,,,,,,,,,,,,,,,,,,,,-5.27,-3.8,21889.02,1.461,,,,,,,,,-1.146,-0.014,1.192,,,382.077,0.0,0.0,474.902,1.482,,,,,0.0,0.0,0.0,0.0,0.0,,,,0.0,0.0,,,0.0,,,,,,,,,,,,,-5.34,-3.786,67.122,,,21506.943,-23.81,-0.174,178.868,0.558,,,,,,,,,,,,,,,68.315,,0.0,0.0,,,0.0,,,,,,,,,,,,,,,,,,
Israel,1973,ISR,3214277.0,49156997120.0,,,,,,,,,,,,,,,,,,,,,,,,,6.597,4.507,22655.545,1.481,,,,,,,,,-56.594,-0.675,0.518,,,161.03,-56.452,-0.837,200.808,0.645,,,,,0.0,0.0,0.0,0.0,0.0,,,,0.0,0.0,,,0.0,,,,,,,,,,,,,7.719,5.181,72.304,,,22494.516,-18.75,-0.105,141.111,0.454,,,,,,,,,,,,,,,72.821,,0.0,0.0,,,0.0,,,,,,,,,,,,,,,,,,
Israel,1974,ISR,3303723.0,52506460160.0,,,,,,,,,,,,,,,,,,,,,,,,,0.424,0.309,22135.586,1.393,,,,,,,,,22.211,0.115,0.633,,,191.467,22.222,0.143,238.787,0.789,,,,,0.0,0.0,0.0,0.0,0.0,,,,0.0,0.0,,,0.0,,,,,,,,,,,,,0.268,0.194,72.497,,,21944.119,2.564,0.012,140.811,0.465,,,,,,,,,,,,,,,73.13,,0.0,0.0,,,0.0,,,,,,,,,,,,,,,,,,
Israel,1975,ISR,3388093.0,54258216960.0,,,,,,,,,,,,,,,,,,,,,,,,,2.758,2.017,22179.557,1.385,,,,,,,,,-8.616,-0.054,0.578,,,170.614,-9.091,-0.072,211.673,0.717,,,,,0.0,0.0,0.0,0.0,0.0,,,,0.0,0.0,,,0.0,,,,,,,,,,,,,2.857,2.071,74.568,,,22008.939,-12.5,-0.058,120.141,0.407,,,,,,,,,,,,,,,75.146,,0.0,0.0,,,0.0,,,,,,,,,,,,,,,,,,
Israel,1976,ISR,3468125.0,54959611904.0,,,,,,,,,,,,,,,,,,,,,,,,,2.522,1.895,22214.145,1.402,,,,,,,,,-3.659,-0.021,0.557,,,160.579,-3.333,-0.024,199.895,0.693,,,,,0.0,0.0,0.0,0.0,0.0,,,,0.0,0.0,,,0.0,,,,,,,,,,,,,2.57,1.916,76.485,,,22053.564,2.857,0.012,120.722,0.419,,,,,,,,,,,,,,,77.041,,0.0,0.0,,,0.0,,,,,,,,,,,,,,,,,,
Israel,1977,ISR,3541379.0,54959325184.0,,,,,,,,,,,,,,,,,,,,,,,,,5.006,3.856,22843.609,1.472,,,,,,,,,-0.633,-0.004,0.553,,,156.262,-1.724,-0.012,192.385,0.681,,,,,0.0,0.0,0.0,0.0,0.0,,,,0.0,0.0,,,0.0,,,,,,,,,,,,,5.047,3.86,80.344,,,22687.346,-33.333,-0.14,78.817,0.279,,,,,,,,,,,,,,,80.898,,0.0,0.0,,,0.0,,,,,,,,,,,,,,,,,,
Israel,1978,ISR,3608739.0,57612681216.0,,,0.0,0.0,,,,,,,,,,,,,,,,,,,,,9.188,7.433,24477.008,1.533,,,,,,,,,-1.617,-0.009,0.544,,,150.866,-10.526,-0.072,168.921,0.61,,,,,0.0,0.0,0.0,0.0,0.0,,,,0.0,0.0,,,0.0,,,,,,,,,,,,,9.263,7.442,87.787,,,24326.143,0.0,0.0,77.346,0.279,,,,,,,,,,,,,,,88.331,,0.0,0.0,,,0.0,,,,,,,,,,,,,,,,,,
Israel,1979,ISR,3675787.0,61235978240.0,,0.0,0.0,0.0,,,,,,,,,,,,,,,,,,,,,3.309,2.923,24825.797,1.49,,,,,,,,,-28.785,-0.157,0.388,,,105.48,33.333,0.203,221.12,0.813,,,,,0.0,0.0,0.0,0.0,0.0,,,,0.0,0.0,,,0.0,,,,,,,,,,,,,3.508,3.08,90.867,,,24720.318,-12.5,-0.035,66.443,0.244,,,,,,,,,,,,,,,91.254,,0.0,0.0,,,0.0,,,,,,,,,,,,,,,,,,
Israel,1980,ISR,3744612.0,65435676672.0,,0.0,0.0,0.0,,,,0.0,,,,3.106,0.012,,,,,0.0,0.0,,0.013,,,,1.449,1.322,24722.629,1.415,,,,,24722.629,92.577,,100.0,-95.245,-0.369,0.018,,,4.924,87.484,0.711,406.946,1.524,,0.02,,,0.0,0.0,0.0,0.0,0.0,,0.0,,0.0,0.0,0.0,0.0,0.0,,0.0,,,,,0.0,0.0,0.0,0.0,,0.0,1.849,1.68,92.547,,,24714.6,9018.912,22.027,5947.51,22.271,,99.968,,,,,,,,,,,,,92.577,,0.0,0.0,,,0.0,,0.0,,,,,,,,,,,,,,,,
Israel,1981,ISR,3816754.0,68815618048.0,,0.0,0.0,0.0,,,,0.0,,0.0,0.0,3.047,0.012,,,,0.0,0.0,0.0,,0.012,,,,1.706,1.58,24669.227,1.368,1.7,1.574,,,24667.678,94.15,,99.994,5.882,0.001,0.02,,,5.115,0.0,0.0,399.254,1.524,,0.021,,,0.006,0.006,0.524,0.002,1.549,,0.006,,0.006,0.006,0.0,0.0,1.549,,0.006,,,,0.0,0.0,0.0,0.0,0.0,,0.0,1.699,1.573,94.119,,,24659.516,2.576,0.574,5985.412,22.845,,99.961,,,,,,,,,,,,,94.156,,0.006,0.006,,,1.549,,0.006,,,,,,,,,,,,,,,,
Israel,1982,ISR,3892841.0,70049636352.0,,0.0,0.0,0.0,,,,0.0,,55400.0,6.443,1658.082,6.455,,,,0.0,0.0,0.0,,6.344,,,,8.062,7.591,26137.057,1.453,8.063,7.591,,,26135.535,101.741,,99.994,2126.388,0.415,0.435,,,111.648,-40.0,-0.61,234.87,0.914,,0.427,,0.0,0.0,0.006,0.514,0.002,1.519,,0.006,0.0,0.0,0.006,0.0,0.0,1.519,,0.006,,,,0.0,0.0,0.0,0.0,0.0,,0.0,0.779,0.733,94.852,,,24365.807,-97.226,-22.211,162.764,0.634,,93.223,,,,,,,,,,,,,101.747,0.0,0.0,0.006,,,1.519,,0.006,,,,,,,,,,,,,,,,
Israel,1983,ISR,3979099.0,72521859072.0,,0.0,0.0,0.0,,,,0.0,,88.468,5.71,3057.22,12.165,,,,0.0,0.0,0.0,,11.948,,,,0.064,0.065,25586.787,1.404,0.067,0.068,,,25586.045,101.809,,99.997,41.672,0.181,0.616,,,154.745,-33.333,-0.305,153.186,0.61,,0.605,,-50.0,-0.003,0.003,0.251,0.001,0.743,,0.003,-50.0,-0.003,0.003,0.0,0.0,0.743,,0.003,,,,0.0,0.0,0.0,0.0,0.0,,0.0,-6.14,-5.824,89.029,,,22374.08,0.0,0.0,159.236,0.634,,87.444,,,,,,,,,,,,,101.812,-50.0,-0.003,0.003,,,0.743,,0.003,,,,,,,,,,,,,,,,
Israel,1984,ISR,4077001.0,73171255296.0,,0.0,0.0,0.0,,,,0.0,,61.855,7.525,4829.429,19.69,,,,0.0,0.0,0.0,,18.584,,,,4.06,4.134,25986.332,1.448,4.058,4.131,,,25984.883,105.94,,99.994,-12.682,-0.078,0.538,,,131.876,0.0,0.0,149.507,0.61,,0.507,,100.0,0.003,0.006,0.491,0.002,1.451,,0.006,100.0,0.003,0.006,0.0,0.0,1.451,,0.006,,,,0.0,0.0,0.0,0.0,0.0,,0.0,-3.724,-3.316,85.713,,,21023.576,0.46,0.003,156.128,0.637,,80.902,,,,,,,,,,,,,105.946,100.0,0.003,0.006,,,1.451,,0.006,,,,,,,,,,,,,,,,
Israel,1985,ISR,4182689.0,75693883392.0,,0.0,0.0,0.0,,,,0.0,,9.096,1.791,5135.598,21.481,,,,0.0,0.0,0.0,,21.862,,15.431,15.705,-7.257,-7.689,23491.43,1.298,-7.258,-7.689,,,23490.018,98.251,,99.994,-5.9,-0.032,0.506,,,120.959,0.0,0.0,145.73,0.61,,0.515,,0.0,0.0,0.006,0.478,0.002,1.414,0.013,0.006,0.0,0.0,0.006,0.0,0.0,1.414,0.0,0.006,,,,0.0,0.0,0.0,0.0,0.0,0.0,0.0,-11.023,-9.448,76.265,,,18233.459,-0.458,-0.003,151.485,0.634,,77.617,,,,,,,,,,,,3689.349,98.257,0.0,0.0,0.006,,,1.414,,0.006,,,,,,,,,,,,,,,,
Israel,1986,ISR,4295413.0,79316328448.0,,0.0,0.0,0.0,,,,0.0,,11.045,2.373,5553.163,23.853,,,,0.0,0.0,0.0,,23.079,,16.034,15.514,5.19,5.099,24062.043,1.303,5.178,5.087,,,24057.912,103.339,,99.983,-25.027,-0.127,0.379,,,88.307,-30.0,-0.183,99.334,0.427,,0.367,,200.0,0.012,0.018,1.397,0.006,4.13,0.037,0.017,200.0,0.012,0.018,0.0,0.0,4.13,0.0,0.017,,,,0.0,0.0,0.0,0.0,0.0,0.0,0.0,3.726,2.841,79.106,,,18416.441,0.0,0.0,147.51,0.634,,76.537,,,,,,,,,,,,3732.866,103.356,200.0,0.012,0.018,,,4.13,,0.017,,,,,,,,,,,,,,,,
Israel,1987,ISR,4412035.0,85032771584.0,,0.0,0.0,0.0,,,,0.0,,6.485,1.547,5756.962,25.4,,,,0.0,0.0,0.0,,22.916,,17.677,15.948,7.239,7.482,25121.795,1.303,7.229,7.47,,,25115.096,110.809,,99.973,13.939,0.053,0.432,,,97.956,50.0,0.213,145.062,0.64,,0.39,,66.667,0.012,0.03,2.267,0.01,6.702,0.057,0.027,66.667,0.012,0.03,0.0,0.0,6.702,0.0,0.027,,,,0.0,0.0,0.0,0.0,0.0,0.0,0.0,7.421,5.87,84.977,,,19260.176,-69.828,-0.442,43.331,0.191,,76.667,,,,,,,,,,,,4006.541,110.838,66.667,0.012,0.03,,,6.702,,0.027,,,,,,,,,,,,,,,,
Israel,1988,ISR,4535402.0,86737059840.0,,0.0,0.0,0.0,,,,0.0,,-4.167,-1.058,5367.019,24.342,,,,0.0,0.0,0.0,,20.491,,19.353,16.291,7.178,7.956,26192.559,1.37,7.18,7.956,,,26186.041,118.764,,99.975,-8.218,-0.036,0.397,,,87.461,-33.333,-0.213,94.077,0.427,,0.334,,0.0,0.0,0.03,2.205,0.01,6.52,0.052,0.025,0.0,0.0,0.03,0.0,0.0,6.52,0.0,0.025,,,,0.0,0.0,0.0,0.0,0.0,0.0,0.0,10.649,9.049,94.026,,,20731.561,32.98,0.063,56.054,0.254,,79.151,,,,,,,,,,,,4266.987,118.794,0.0,0.0,0.03,,,6.52,,0.025,,,,,,,,,,,,,,,,
Israel,1989,ISR,4666781.0,87503233024.0,,0.0,0.0,0.0,,,,0.0,,8.027,1.954,5634.597,26.295,,,,0.0,0.0,0.0,,21.158,,20.453,16.458,4.617,5.485,26630.533,1.42,4.636,5.506,,,26628.635,124.27,,99.993,-8.202,-0.033,0.364,,,78.027,0.0,0.0,91.429,0.427,,0.293,,-70.0,-0.021,0.009,0.643,0.003,1.901,0.015,0.007,-70.0,-0.021,0.009,0.0,0.0,1.901,0.0,0.007,,,,0.0,0.0,0.0,0.0,0.0,0.0,0.0,3.812,3.584,97.61,,,20916.01,-25.205,-0.064,40.745,0.19,,78.541,,,,,,,,,,,,4382.743,124.279,-70.0,-0.021,0.009,,,1.901,,0.007,,,,,,,,,,,,,,,,
Israel,1990,ISR,4803255.0,93268262912.0,,0.0,0.0,0.0,,,,0.0,,4.829,1.27,5738.864,27.565,,,,0.0,0.0,0.0,,21.346,,20.898,16.182,3.91,4.859,26885.531,1.385,3.91,4.859,,,26883.686,129.129,,99.993,-13.477,-0.049,0.315,,,65.592,-24.357,-0.104,67.195,0.323,,0.244,,0.0,0.0,0.009,0.625,0.003,1.847,0.014,0.007,0.0,0.0,0.009,0.625,0.003,1.847,0.014,0.007,,,,0.0,0.0,0.0,0.0,0.0,0.0,0.0,3.728,3.638,101.249,,,21079.229,-33.333,-0.063,26.392,0.127,,78.404,0.0,0.0,,,,0.0,,0.0,0.0,,0.0,4350.716,129.138,0.0,0.0,0.009,0.625,0.003,1.847,0.014,0.007,,,0.0,0.0,0.0,0.0,0.0,0.0,,,0.0,0.0,0.0,0.0,0.0,0.0
Israel,1991,ISR,4942821.0,97249247232.0,,0.0,0.0,0.0,,,,0.0,,8.283,2.283,6038.75,29.848,,,,0.0,0.0,0.0,,22.736,,21.514,16.388,1.659,2.142,26559.719,1.35,1.652,2.133,,,26556.129,131.262,,99.986,-16.781,-0.053,0.262,,,53.044,0.0,0.0,65.297,0.323,,0.2,,100.0,0.009,0.018,1.214,0.006,3.589,0.028,0.014,100.0,0.009,0.018,1.214,0.006,3.589,0.028,0.014,,,,0.0,0.0,0.0,0.0,0.0,0.0,0.0,-0.096,-0.097,101.152,,,20464.334,0.0,0.0,25.646,0.127,,77.05,0.0,0.0,,,0.0,0.0,,0.0,0.0,,0.0,4352.595,131.28,100.0,0.009,0.018,1.214,0.006,3.589,0.028,0.014,,0.0,0.0,0.0,0.0,0.0,0.0,0.0,,0.0,0.0,0.0,0.0,0.0,0.0,0.0
Israel,1992,ISR,5079388.0,103872339968.0,,0.0,0.0,0.0,,,,0.0,,23.08,6.889,7232.634,36.737,,,,0.0,0.0,0.0,,23.98,,24.686,16.114,16.696,21.919,30160.828,1.475,16.647,21.851,,,30143.945,153.113,,99.944,-14.478,-0.038,0.224,,,44.145,-28.234,-0.091,45.601,0.232,,0.146,,383.333,0.068,0.086,5.709,0.029,16.883,0.117,0.056,383.333,0.068,0.086,5.709,0.029,16.883,0.117,0.056,,,,0.0,0.0,0.0,0.0,0.0,0.0,0.0,14.829,15.0,116.151,,,22867.168,0.274,0.0,25.025,0.127,,75.817,0.0,0.0,,,0.0,0.0,,0.0,0.0,,0.0,4860.073,153.199,383.333,0.068,0.086,5.709,0.029,16.883,0.117,0.056,,0.0,0.0,0.0,0.0,0.0,0.0,0.0,,0.0,0.0,0.0,0.0,0.0,0.0,0.0
Israel,1993,ISR,5213005.0,107432747008.0,,0.0,0.0,0.0,,,,0.0,,12.982,4.769,7962.118,41.507,,,,0.0,0.0,0.0,,24.949,,26.0,15.628,8.597,13.17,31914.094,1.549,8.607,13.179,,,31899.348,166.291,,99.954,-0.363,-0.001,0.223,,,42.857,39.401,0.091,61.939,0.323,,0.134,,-10.345,-0.009,0.077,4.988,0.026,14.748,0.1,0.046,-10.345,-0.009,0.077,4.988,0.026,14.748,0.1,0.046,,,,0.0,0.0,0.0,0.0,0.0,0.0,0.0,7.241,8.41,124.561,,,23894.371,-0.273,-0.0,24.317,0.127,,74.871,0.0,0.0,,,0.0,0.0,,0.0,0.0,,0.0,4987.469,166.368,-10.345,-0.009,0.077,4.988,0.026,14.748,0.1,0.046,,0.0,0.0,0.0,0.0,0.0,0.0,0.0,,0.0,0.0,0.0,0.0,0.0,0.0,0.0
Israel,1994,ISR,5346294.0,114590285824.0,,0.0,0.0,0.0,,,,0.0,,5.989,2.486,8228.554,43.992,,,,0.0,0.0,0.0,,25.345,,28.316,16.314,4.329,7.202,32465.623,1.515,4.337,7.211,,,32452.902,173.503,,99.961,-7.646,-0.017,0.206,,,38.594,0.052,0.0,60.426,0.323,,0.119,,-11.538,-0.009,0.068,4.302,0.023,12.721,0.081,0.039,-11.538,-0.009,0.068,4.302,0.023,12.721,0.081,0.039,,,,0.0,0.0,0.0,0.0,0.0,0.0,0.0,3.808,4.743,129.304,,,24185.758,-50.0,-0.063,11.855,0.063,,74.497,0.0,0.0,,,0.0,0.0,,0.0,0.0,,0.0,5296.323,173.571,-11.538,-0.009,0.068,4.302,0.023,12.721,0.081,0.039,,0.0,0.0,0.0,0.0,0.0,0.0,0.0,,0.0,0.0,0.0,0.0,0.0,0.0,0.0
Israel,1995,ISR,5478738.0,125242884096.0,,0.0,0.0,0.0,,,,0.0,,9.153,4.027,8764.612,48.019,,,,0.0,0.0,0.0,,24.599,,30.437,15.592,12.467,21.64,35630.555,1.559,12.469,21.634,,,35617.059,195.137,,99.962,16.557,0.034,0.24,,,43.896,-33.019,-0.107,39.496,0.216,,0.123,,8.696,0.006,0.074,4.563,0.025,13.493,0.082,0.038,8.696,0.006,0.074,4.563,0.025,13.493,0.082,0.038,,,,0.0,0.0,0.0,0.0,0.0,0.0,0.0,13.59,17.573,146.877,,,26808.551,0.0,0.0,11.569,0.063,,75.24,0.0,0.0,,,0.0,0.0,,0.0,0.0,,0.0,5555.477,195.21,8.696,0.006,0.074,4.563,0.025,13.493,0.082,0.038,,0.0,0.0,0.0,0.0,0.0,0.0,0.0,,0.0,0.0,0.0,0.0,0.0,0.0,0.0
Israel,1996,ISR,5612491.0,132362215424.0,,0.0,0.0,0.0,,,,0.0,,21.23,10.194,10372.115,58.213,,,,0.0,0.0,0.0,,28.776,,32.569,16.1,3.631,7.088,36044.281,1.528,3.634,7.091,,,36031.637,202.227,,99.965,-37.204,-0.089,0.151,,,26.908,-0.521,-0.001,38.354,0.215,,0.075,,-4.0,-0.003,0.071,4.276,0.024,12.645,0.074,0.035,-4.0,-0.003,0.071,4.276,0.024,12.645,0.074,0.035,,,,0.0,0.0,0.0,0.0,0.0,0.0,0.0,-2.052,-3.014,143.863,,,25632.613,100.548,0.064,22.648,0.127,,71.114,0.0,0.0,,,0.0,0.0,,0.0,0.0,,0.0,5803.021,202.298,-4.0,-0.003,0.071,4.276,0.024,12.645,0.074,0.035,,0.0,0.0,0.0,0.0,0.0,0.0,0.0,,0.0,0.0,0.0,0.0,0.0,0.0,0.0
Israel,1997,ISR,5743280.0,137269043200.0,,0.0,0.0,0.0,,,,0.0,,8.742,5.089,11021.958,63.302,,,,0.0,0.0,0.0,,28.616,,35.111,15.872,9.351,18.916,38517.102,1.612,9.353,18.913,,,38504.227,221.141,,99.967,19.389,0.029,0.18,,,31.394,0.0,0.0,37.48,0.215,,0.082,,4.167,0.003,0.074,4.353,0.025,12.872,0.071,0.033,4.167,0.003,0.074,4.353,0.025,12.872,0.071,0.033,,,,0.0,0.0,0.0,0.0,0.0,0.0,0.0,9.589,13.795,157.658,,,27450.875,49.59,0.063,33.108,0.19,,71.269,0.0,0.0,,,0.0,0.0,,0.0,0.0,,0.0,6113.405,221.214,4.167,0.003,0.074,4.353,0.025,12.872,0.071,0.033,,0.0,0.0,0.0,0.0,0.0,0.0,0.0,,0.0,0.0,0.0,0.0,0.0,0.0,0.0
Israel,1998,ISR,5869504.0,142513438720.0,,0.0,0.0,0.0,,,,0.0,,7.348,4.651,11577.4,67.954,,,,0.0,0.0,0.0,,29.19,,37.976,16.313,5.235,11.58,39661.711,1.633,5.237,11.58,,,39649.117,232.721,,99.968,-37.143,-0.067,0.113,,,19.309,0.0,0.0,36.674,0.215,,0.049,,0.0,0.0,0.074,4.259,0.025,12.595,0.066,0.032,0.0,0.0,0.074,4.259,0.025,12.595,0.066,0.032,,,,0.0,0.0,0.0,0.0,0.0,0.0,0.0,4.437,6.996,164.654,,,28052.408,-33.333,-0.063,21.597,0.127,,70.729,0.0,0.0,,,0.0,0.0,,0.0,0.0,,0.0,6470.121,232.795,0.0,0.0,0.074,4.259,0.025,12.595,0.066,0.032,,0.0,0.0,0.0,0.0,0.0,0.0,0.0,,0.0,0.0,0.0,0.0,0.0,0.0,0.0
Israel,1999,ISR,5994091.0,147072876544.0,,0.0,0.0,0.0,,,,0.0,,-1.784,-1.212,11134.484,66.741,,,,0.0,0.0,0.0,,27.662,,39.228,16.259,3.642,8.478,40251.742,1.64,3.633,8.454,,,40235.461,241.175,,99.96,-10.048,-0.011,0.102,,,17.008,-50.0,-0.108,17.956,0.108,,0.042,,32.0,0.024,0.098,5.505,0.033,16.279,0.084,0.04,32.0,0.024,0.098,5.505,0.033,16.279,0.084,0.04,,,,0.0,0.0,0.0,0.0,0.0,0.0,0.0,5.878,9.678,174.332,,,29083.969,0.0,0.0,21.148,0.127,,72.255,0.0,0.0,,,0.0,0.0,,0.0,0.0,,0.0,6544.362,241.273,32.0,0.024,0.098,5.505,0.033,16.279,0.084,0.04,,0.0,0.0,0.0,0.0,0.0,0.0,0.0,,0.0,0.0,0.0,0.0,0.0,0.0,0.0
Israel,2000,ISR,6116955.0,159558369280.0,,0.0,0.0,0.0,0.0,0.0,0.0,0.0,700.249,8.995,6.003,11892.284,72.745,4180.184,25.57,,0.0,0.0,0.0,63.766,31.994,38.64,40.1,17.636,-5.761,-13.901,37170.773,1.425,-5.761,-13.895,6550.645,40.07,37155.785,227.28,99.925,99.96,-10.106,-0.01,0.092,2370.46,14.5,14.982,0.0,0.0,17.595,0.108,36.16,0.04,28.08,-6.061,-0.006,0.092,4.904,0.03,14.986,0.075,0.04,-6.061,-0.006,0.092,4.904,0.03,14.986,0.075,0.04,-1.46,-3.778,,,,0.0,0.0,,0.0,,-11.408,-19.888,154.444,0.0,0.0,25248.52,-59.89,-0.076,8.312,0.051,0.0,67.926,0.0,0.0,0.0,,0.0,0.0,0.0,0.0,0.0,0.0,0.0,6555.549,227.372,-6.061,-0.006,0.092,4.904,0.03,14.986,0.075,0.04,,0.0,0.0,0.0,0.0,0.0,0.0,0.0,,0.0,0.0,0.0,0.0,0.0,0.0,0.0
Israel,2001,ISR,6237984.0,159187451904.0,,0.0,0.0,0.0,0.0,0.0,0.0,0.0,709.342,15.43,11.224,13460.886,83.969,4403.667,27.47,,0.0,0.0,0.0,66.481,36.956,39.92,41.32,18.186,-0.07,-0.159,36424.156,1.427,-0.055,-0.126,6620.729,41.3,36414.734,227.155,99.952,99.974,4.734,0.004,0.096,2217.062,13.83,15.387,0.0,0.0,17.254,0.108,33.47,0.042,29.31,-67.742,-0.062,0.029,1.603,0.01,4.709,0.024,0.013,-35.484,-0.033,0.059,3.206,0.02,9.419,0.048,0.026,-1.4,-3.507,,,,0.0,0.0,,0.0,,-7.352,-11.354,143.09,0.0,0.0,22938.463,-0.273,-0.0,8.129,0.051,0.0,62.976,0.0,0.0,0.0,,0.0,0.0,0.0,0.0,0.0,0.0,0.0,6623.935,227.213,-35.484,-0.033,0.059,3.206,0.02,9.419,0.048,0.026,,0.0,0.0,0.0,0.0,0.0,0.0,0.0,,0.029,0.029,1.603,0.01,4.709,0.024,0.013
Israel,2002,ISR,6356697.0,158357520384.0,,0.117,18.44,0.117,0.0,0.0,0.0,0.051,690.905,5.707,4.792,13963.303,88.76,4104.333,26.09,,0.0,0.0,0.0,61.001,38.295,41.38,42.77,18.453,2.011,4.57,36462.848,1.464,1.945,4.418,6723.618,42.74,36429.715,231.573,99.93,99.909,-10.734,-0.01,0.086,2619.285,16.65,13.478,-3.85,-0.004,16.28,0.103,38.929,0.037,29.55,110.0,0.032,0.061,3.146,0.02,9.643,0.047,0.026,646.1,0.152,0.211,4.719,0.03,33.134,0.07,0.091,-1.39,-3.359,,,,0.0,0.0,,0.0,,-0.254,-0.363,142.726,0.0,0.0,22452.932,25.0,0.013,9.971,0.063,0.0,61.578,0.0,0.0,0.0,,0.0,0.0,0.0,0.0,0.0,0.0,0.0,6728.337,231.783,646.1,0.152,0.211,4.719,0.03,33.134,0.07,0.091,,0.0,0.0,0.0,0.0,0.0,0.0,0.0,10.0,0.003,0.032,1.573,0.01,5.051,0.023,0.014
Israel,2003,ISR,6475917.0,159601999872.0,2.27,0.003,18.512,0.12,0.0,0.0,0.0,0.05,690.864,3.636,3.228,14204.634,91.988,4164.661,26.97,,0.0,0.0,0.0,60.991,38.515,42.75,44.22,18.515,3.043,7.053,36880.75,1.496,3.031,7.019,6822.2,44.18,36842.984,238.592,99.91,99.898,-9.177,-0.008,0.078,2657.539,17.21,12.016,100.0,0.103,31.96,0.207,38.919,0.033,30.55,47.619,0.029,0.09,4.633,0.03,13.883,0.068,0.038,9.155,0.034,0.245,6.177,0.04,37.769,0.09,0.102,-1.47,-3.439,,,,0.0,0.0,,0.0,,2.662,3.8,146.526,0.0,0.0,22626.332,-40.0,-0.025,5.872,0.038,0.0,61.35,0.0,0.0,0.0,,0.0,0.0,0.0,0.0,0.0,0.0,0.0,6828.377,238.837,9.155,0.034,0.245,6.177,0.04,37.769,0.09,0.102,,0.0,0.0,0.0,0.0,0.0,0.0,0.0,9.091,0.003,0.035,1.544,0.01,5.374,0.023,0.015
Israel,2004,ISR,6595990.0,167111835648.0,2.712,0.003,18.668,0.123,0.0,0.0,0.0,0.051,690.889,0.963,0.886,14080.311,92.874,4110.073,27.11,,0.0,0.0,0.0,60.99,38.127,42.99,44.45,18.248,1.99,4.753,36929.898,1.458,1.996,4.762,6732.878,44.41,36894.191,243.354,99.91,99.903,14542.691,11.316,11.394,2622.805,17.3,1727.451,3249.999,6.727,1051.181,6.934,38.92,4.678,30.71,-9.677,-0.009,0.081,4.548,0.03,12.233,0.067,0.033,-0.459,-0.009,0.236,6.064,0.04,35.706,0.09,0.097,-1.46,-3.396,,,,0.0,0.0,,0.0,,-5.078,-7.44,139.086,0.0,0.0,21086.432,25.342,0.01,7.227,0.048,0.0,57.099,0.0,0.0,0.0,,0.0,0.0,0.0,0.0,0.0,0.0,0.0,6738.943,243.589,-0.459,-0.009,0.236,6.064,0.04,35.706,0.09,0.097,,0.0,0.0,0.0,0.0,0.0,0.0,0.0,-8.333,-0.003,0.032,1.516,0.01,4.806,0.022,0.013
Israel,2005,ISR,6714119.0,173480329216.0,47.654,0.059,27.079,0.182,0.0,0.0,0.0,0.074,672.576,-0.578,-0.537,13752.671,92.337,3772.647,25.33,,0.0,0.0,0.0,55.439,37.721,44.02,45.69,18.665,0.492,1.198,36458.637,1.411,0.469,1.14,6799.105,45.65,36414.922,244.494,99.912,99.88,37.815,4.309,15.703,3026.458,20.32,2338.803,2.985,0.207,1063.513,7.141,44.474,6.415,30.73,0.0,-0.001,0.08,4.468,0.03,11.941,0.066,0.033,36.191,0.058,0.293,5.958,0.04,43.711,0.088,0.12,-1.67,-3.794,,,,0.0,0.0,,0.0,,-1.892,-2.632,136.454,0.0,0.0,20323.449,32.969,0.016,9.44,0.063,0.0,55.744,0.0,0.0,0.0,,0.0,0.0,0.0,0.0,0.0,0.0,0.0,6805.062,244.788,36.191,0.058,0.293,5.958,0.04,43.711,0.088,0.12,,0.0,0.0,0.0,0.0,0.0,0.0,0.0,0.0,-0.0,0.031,1.489,0.01,4.691,0.022,0.013
Israel,2006,ISR,6832082.0,182781509632.0,-45.132,-0.082,14.601,0.1,0.0,0.0,0.0,0.041,672.769,-1.137,-1.05,13361.537,91.287,3856.804,26.35,,0.0,0.0,0.0,55.45,37.086,45.68,47.52,19.305,0.558,1.365,36028.926,1.347,0.608,1.488,6952.493,47.5,36003.914,245.982,99.958,99.931,39.634,6.224,21.927,3095.689,21.15,3209.38,42.691,3.048,1491.33,10.189,44.508,8.908,31.97,-46.429,-0.037,0.043,1.464,0.01,6.247,0.021,0.017,-43.501,-0.123,0.171,2.927,0.02,25.013,0.042,0.069,-1.84,-4.028,,,,0.0,0.0,,0.0,,-2.701,-3.686,132.768,0.0,0.0,19432.996,0.0,0.0,9.277,0.063,0.0,53.937,0.0,0.0,0.0,,0.0,0.0,0.0,0.0,0.0,0.0,0.0,6955.42,246.153,-43.501,-0.123,0.171,2.927,0.02,25.013,0.042,0.069,,0.0,0.0,0.0,0.0,0.0,0.0,0.0,-9.091,-0.003,0.028,1.464,0.01,4.165,0.021,0.012
Israel,2007,ISR,6952007.0,193502150656.0,-10.769,-0.011,12.804,0.089,1.438,0.01,0.02,0.035,650.514,2.27,2.073,13429.162,93.36,3542.862,24.63,,0.0,0.0,0.0,48.714,36.566,48.48,50.56,19.803,3.722,9.163,36725.434,1.319,3.731,9.177,7268.404,50.53,36702.867,255.159,99.941,99.939,19.651,4.309,26.235,3725.543,25.9,3773.802,17.526,1.786,1722.462,11.975,51.226,10.276,32.89,-6.667,-0.003,0.04,1.438,0.01,5.694,0.02,0.016,-9.412,-0.014,0.157,4.315,0.03,22.566,0.059,0.061,-2.08,-4.29,,,,0.0,0.0,,0.0,,2.106,2.796,135.563,0.0,0.0,19499.902,0.0,0.0,9.117,0.063,0.0,53.096,0.0,0.01,0.0,,0.0,1.438,0.0,0.0,0.02,0.0,0.0,7272.72,255.315,-9.412,-0.014,0.157,4.315,0.03,22.566,0.059,0.061,,0.0,0.0,0.0,0.0,0.0,0.0,0.0,0.0,-0.0,0.028,1.438,0.01,4.067,0.02,0.011
Israel,2008,ISR,7074530.0,198668206080.0,3.939,0.004,13.078,0.093,1.414,0.01,0.019,0.035,638.067,-1.596,-1.49,12985.993,91.87,3393.865,24.01,,0.0,0.0,0.0,44.979,34.965,49.71,53.38,20.316,2.91,7.429,37139.566,1.323,2.901,7.401,7539.724,53.34,37113.395,262.56,99.925,99.93,37.591,9.862,36.098,4145.858,29.33,5102.494,26.316,3.151,2138.061,15.126,54.946,13.739,34.06,14.286,0.005,0.045,2.827,0.02,6.355,0.037,0.017,10.181,0.028,0.185,5.654,0.04,26.167,0.075,0.07,-3.67,-7.383,,,,0.0,0.0,,0.0,,-0.716,-0.971,134.592,0.0,0.0,19024.908,0.274,0.0,8.984,0.064,0.0,51.225,0.022,0.01,0.0,,0.022,1.414,0.0,3.159,0.019,0.0,0.009,7545.378,262.745,10.181,0.028,0.185,5.654,0.04,26.167,0.075,0.07,,0.0,0.0,0.0,0.0,0.0,0.0,0.0,-10.0,-0.003,0.025,1.414,0.01,3.575,0.019,0.01
Israel,2009,ISR,7199704.0,200768798720.0,6.627,0.006,13.702,0.099,2.778,0.02,0.037,0.039,636.281,-2.073,-1.904,12495.755,89.966,3382.084,24.35,,0.0,0.0,0.0,44.483,35.238,50.96,54.74,21.441,-2.83,-7.437,35460.906,1.272,-2.911,-7.644,7593.368,54.67,35406.477,254.916,99.872,99.846,10.875,3.926,40.023,4211.284,30.32,5559.048,-18.056,-2.731,1721.561,12.395,55.389,15.677,34.83,50.0,0.022,0.067,2.778,0.02,9.309,0.037,0.026,58.731,0.207,0.392,9.723,0.07,54.434,0.128,0.154,-3.78,-7.418,,,,0.0,0.0,,0.0,,-7.181,-9.665,124.927,0.0,0.0,17351.672,-0.273,-0.0,8.804,0.063,0.0,48.932,0.134,0.02,0.0,500.0,0.112,2.778,0.0,18.622,0.037,0.0,0.053,7603.09,255.308,58.731,0.207,0.392,9.723,0.07,54.434,0.128,0.154,,0.067,0.067,2.778,0.02,9.309,0.037,0.026,0.0,-0.0,0.025,1.389,0.01,3.491,0.018,0.01
Israel,2010,ISR,7328439.0,211431161856.0,14.383,0.014,15.397,0.113,4.094,0.03,0.051,0.042,624.765,-0.051,-0.046,12269.975,89.92,3285.829,24.08,,0.0,0.0,0.0,41.127,33.867,54.58,58.55,22.052,3.995,10.201,36229.891,1.256,3.916,9.982,7970.319,58.41,36146.641,264.898,99.761,99.77,27.751,11.107,51.13,4684.49,34.33,6976.997,33.429,4.143,2256.704,16.538,58.634,19.258,36.58,29.167,0.019,0.086,4.094,0.03,11.741,0.051,0.032,43.101,0.218,0.61,19.104,0.14,83.251,0.239,0.23,-3.97,-7.274,,,,0.0,0.0,,0.0,,-0.863,-1.079,123.848,0.0,0.0,16899.668,-0.002,-0.0,8.649,0.063,0.0,46.646,0.195,0.03,0.0,45.238,0.061,4.094,0.0,26.571,0.051,0.0,0.073,7989.423,265.509,43.101,0.218,0.61,19.104,0.14,83.251,0.239,0.23,191.667,0.127,0.194,9.552,0.07,26.512,0.12,0.073,-11.111,-0.003,0.022,1.365,0.01,3.03,0.017,0.008
Israel,2011,ISR,7459750.0,221407084544.0,18.186,0.021,17.877,0.133,4.022,0.03,0.05,0.049,615.604,2.594,2.332,12366.626,92.252,3087.235,23.03,,0.0,0.0,0.0,38.641,34.107,55.38,59.6,22.035,1.872,4.971,36258.531,1.222,1.731,4.586,7954.69,59.34,36125.102,269.484,99.564,99.632,-7.116,-3.638,47.492,4867.455,36.31,6366.433,67.687,11.194,3717.576,27.732,60.923,17.558,36.69,-6.452,-0.006,0.08,4.022,0.03,10.724,0.05,0.03,53.571,0.385,0.995,34.854,0.26,133.431,0.436,0.368,-4.22,-7.62,,,,0.0,0.0,,0.0,,4.758,5.892,129.74,0.0,0.0,17392.043,289.999,0.184,33.136,0.247,0.0,47.967,0.233,0.03,0.0,19.672,0.038,4.022,0.0,31.238,0.05,0.0,0.086,7989.544,270.48,53.571,0.385,0.995,34.854,0.26,133.431,0.436,0.368,174.286,0.335,0.53,25.47,0.19,71.003,0.319,0.196,-12.5,-0.003,0.019,1.341,0.01,2.589,0.017,0.007
Israel,2012,ISR,7592099.0,226681126912.0,-5.014,-0.007,16.685,0.127,3.951,0.03,0.048,0.045,613.712,11.075,10.217,13496.789,102.469,3183.573,24.17,,0.0,0.0,0.0,38.359,36.216,58.58,63.01,22.27,4.607,12.46,37267.684,1.248,4.441,11.968,8241.463,62.57,37071.688,281.452,99.302,99.474,-48.589,-23.076,24.416,5057.89,38.4,3216.008,-47.308,-13.119,1924.729,14.613,60.943,8.629,38.67,13.793,0.01,0.09,3.951,0.03,11.918,0.048,0.032,40.592,0.493,1.488,57.955,0.44,195.992,0.698,0.526,-4.43,-7.562,,,,0.0,0.0,,0.0,,19.135,24.826,154.567,0.0,0.0,20358.893,0.274,0.001,32.648,0.248,0.0,54.629,0.243,0.03,0.0,4.11,0.01,3.951,0.0,31.955,0.048,0.0,0.086,8299.417,282.94,40.592,0.493,1.488,57.955,0.44,195.992,0.698,0.526,92.187,0.482,1.012,48.735,0.37,133.267,0.587,0.358,-14.286,-0.003,0.016,1.317,0.01,2.167,0.016,0.006
Israel,2013,ISR,7726675.0,236605734912.0,-25.212,-0.032,12.261,0.095,6.471,0.05,0.082,0.035,601.239,-19.545,-20.027,10669.736,82.442,2774.803,21.44,,0.0,0.0,0.0,34.953,30.789,56.66,61.34,22.908,-5.364,-15.176,34654.492,1.132,-5.448,-15.333,7863.667,60.76,34441.539,266.119,99.054,99.385,171.765,41.938,66.355,5088.864,39.32,8587.75,232.117,33.919,6281.011,48.531,64.102,24.781,36.88,-16.061,-0.015,0.075,3.883,0.03,9.771,0.049,0.028,7.477,0.157,1.645,75.065,0.58,212.951,0.946,0.614,-4.68,-8.26,,,,0.0,0.0,,0.0,,-24.096,-37.244,117.322,0.0,0.0,15184.058,-0.273,-0.001,31.991,0.247,0.0,43.816,0.137,0.05,0.0,-43.421,-0.105,6.471,0.0,17.765,0.082,0.0,0.051,7938.732,267.764,7.477,0.157,1.645,75.065,0.58,212.951,0.946,0.614,31.409,0.31,1.322,63.417,0.49,171.038,0.799,0.494,0.0,-0.0,0.016,1.294,0.01,2.116,0.016,0.006
Israel,2014,ISR,7863849.0,244088406016.0,34.118,0.032,16.157,0.127,7.63,0.06,0.099,0.049,590.207,-7.071,-5.829,9742.333,76.612,2510.221,19.74,,0.0,0.0,0.0,32.435,29.321,56.02,60.86,23.293,-2.42,-6.479,33226.094,1.07,-2.849,-7.582,7617.135,59.9,32876.57,258.536,98.423,98.948,9.235,6.128,72.483,5106.914,40.16,9217.21,73.626,35.732,10715.261,84.263,65.988,27.741,35.92,-54.152,-0.041,0.034,1.272,0.01,4.375,0.016,0.013,65.107,1.103,2.749,122.078,0.96,349.521,1.577,1.052,-4.84,-8.64,,,,0.0,0.0,,0.0,,-6.717,-7.881,109.441,0.0,0.0,13917.027,0.0,0.0,31.433,0.247,0.0,41.886,0.198,0.06,0.0,44.419,0.061,7.63,0.0,25.208,0.099,0.0,0.076,7739.213,261.285,65.107,1.103,2.749,122.078,0.96,349.521,1.577,1.052,73.314,0.955,2.277,111.904,0.88,289.518,1.446,0.871,590.0,0.096,0.112,1.272,0.01,14.262,0.016,0.043
Israel,2015,ISR,8007777.0,250204356608.0,9.944,0.013,17.445,0.14,12.488,0.1,0.156,0.051,581.102,-2.069,-1.585,9369.289,75.027,2417.65,19.36,,0.0,0.0,0.0,30.137,27.215,59.04,64.24,23.302,5.509,14.395,34426.469,1.102,5.191,13.42,7866.103,62.99,33961.539,271.956,98.054,98.65,11.096,8.043,80.526,5448.454,43.63,10055.943,7.595,6.4,11321.86,90.663,67.917,29.21,37.33,92.913,0.032,0.066,2.498,0.02,8.239,0.031,0.024,34.479,0.974,3.723,156.098,1.25,464.929,1.946,1.35,-5.2,-8.808,,,,0.0,0.0,,0.0,,6.361,6.962,116.403,0.0,0.0,14536.306,0.0,0.0,30.868,0.247,0.0,42.224,0.224,0.1,0.0,13.205,0.026,12.488,0.0,28.024,0.156,0.0,0.081,8022.201,275.679,34.479,0.974,3.723,156.098,1.25,464.929,1.946,1.35,44.717,0.998,3.275,139.864,1.12,409.002,1.743,1.188,-84.058,-0.094,0.018,1.249,0.01,2.22,0.016,0.006
Israel,2016,ISR,8159015.0,260228481024.0,88.309,0.123,32.241,0.263,12.256,0.1,0.149,0.094,577.055,-14.536,-10.906,7858.911,64.121,2440.246,19.91,,0.0,0.0,0.0,29.703,22.796,61.48,67.03,23.83,2.033,5.604,34475.207,1.081,1.526,4.149,8008.319,65.34,33840.59,276.106,97.479,98.159,14.863,11.969,92.494,5568.074,45.43,11336.478,12.0,10.879,12445.424,101.542,67.776,32.883,38.68,3.592,0.002,0.068,0.0,0.0,8.327,0.0,0.024,42.446,1.455,5.178,207.133,1.69,634.612,2.521,1.841,-5.55,-9.027,,,,0.0,0.0,,0.0,,2.652,3.087,119.49,0.0,0.0,14645.204,0.274,0.001,30.379,0.248,0.0,42.48,0.383,0.1,0.0,70.697,0.159,12.256,0.0,46.95,0.149,0.0,0.136,8215.452,281.284,42.446,1.455,5.178,207.133,1.69,634.612,2.521,1.841,34.476,1.103,4.378,188.748,1.54,536.621,2.297,1.557,383.636,0.068,0.085,6.128,0.05,10.473,0.075,0.03
Israel,2017,ISR,8309256.0,269531643904.0,36.579,0.096,43.238,0.359,12.035,0.1,0.148,0.125,576.183,-9.245,-5.928,7003.375,58.193,2412.972,20.05,,,,,29.66,20.278,61.95,67.6,23.556,2.025,5.696,34537.309,1.065,2.028,5.599,7920.083,65.81,33902.535,281.705,97.352,98.162,6.967,6.444,98.938,5507.112,45.76,11907.02,,,,,67.692,34.476,38.95,-2.853,-0.002,0.066,0.0,0.0,7.897,0.0,0.023,5.127,0.097,5.275,215.422,1.79,634.776,2.648,1.838,-5.65,-9.12,,,,0.0,0.0,,0.0,,4.254,5.083,124.574,0.0,0.0,14992.139,,,,,0.0,43.409,0.383,0.1,0.0,0.0,0.0,12.035,0.0,46.101,0.148,0.0,0.133,8135.506,286.979,5.127,0.097,5.275,215.422,1.79,634.776,2.648,1.838,0.459,-0.006,4.372,181.725,1.51,526.22,2.234,1.524,10.727,0.009,0.094,21.663,0.18,11.32,0.266,0.033
Israel,2018,ISR,8456487.0,278806233088.0,17.767,0.064,50.033,0.423,11.825,0.1,0.145,0.145,573.835,-5.862,-3.411,6478.028,54.781,2359.136,19.95,,,,,28.968,18.781,63.01,68.87,23.611,1.642,4.713,34493.293,1.046,1.478,4.164,7925.276,67.02,33804.676,285.869,97.314,98.004,6.358,6.291,105.229,5566.141,47.07,12443.612,,,,,68.346,36.075,39.52,-6.768,-0.005,0.061,0.0,0.0,7.192,0.0,0.021,11.783,0.549,5.823,218.767,1.85,688.615,2.686,1.996,-5.86,-9.3,,,,0.0,0.0,,0.0,,1.031,1.285,125.858,0.0,0.0,14883.036,,,,,0.0,43.148,0.383,0.1,0.0,0.0,0.0,11.825,0.0,45.298,0.145,0.0,0.131,8144.044,291.692,11.783,0.549,5.823,218.767,1.85,688.615,2.686,1.996,11.26,0.464,4.836,185.656,1.57,571.915,2.28,1.658,28.205,0.026,0.12,21.285,0.18,14.177,0.261,0.041
Israel,2019,ISR,8607922.0,,15.055,0.064,56.553,0.487,11.617,0.1,0.139,0.161,566.23,5.691,3.117,6726.227,57.899,2369.91,20.4,,,,,28.444,19.171,65.41,71.72,23.747,3.538,10.321,35085.457,,2.406,6.879,7994.961,68.82,34009.133,292.748,95.956,96.932,2.366,2.489,107.719,5625.051,48.42,12513.908,,,,,67.513,35.667,40.61,-4.1,-0.003,0.058,0.0,0.0,6.751,0.0,0.019,55.432,3.442,9.265,336.899,2.9,1076.324,4.044,3.068,-6.31,-9.647,,,,0.0,0.0,,0.0,,1.011,1.272,127.13,0.0,0.0,14768.998,,,,,0.0,42.094,0.383,0.1,0.0,0.0,0.0,11.617,0.0,44.501,0.139,0.0,0.127,8331.86,302.013,55.432,3.442,9.265,336.899,2.9,1076.324,4.044,3.068,70.377,3.373,8.21,303.209,2.61,953.742,3.639,2.718,6.494,0.007,0.127,22.073,0.19,14.777,0.265,0.042
Israel,2020,ISR,8757487.0,,20.782,0.101,67.14,0.588,12.561,0.11,0.154,0.206,558.162,-12.83,-7.428,5763.114,50.47,2272.341,19.9,,,,,27.789,17.682,65.37,71.61,25.088,-5.488,-16.573,32593.809,,-6.638,-19.432,7736.237,67.75,31209.422,273.316,94.61,95.753,4.889,5.266,112.985,5463.896,47.85,12901.532,,,,,66.82,39.583,39.97,8.478,0.005,0.063,2.284,0.02,7.171,0.028,0.022,30.67,2.859,12.124,440.766,3.86,1384.388,5.39,4.247,-6.24,-9.546,,,,0.0,0.0,,0.0,,-13.584,-17.27,109.861,0.0,0.0,12544.774,,,,,0.0,38.488,0.384,0.11,0.0,0.274,0.001,12.561,0.0,43.861,0.154,0.0,0.135,8177.003,285.44,30.67,2.859,12.124,440.766,3.86,1384.388,5.39,4.247,33.665,2.724,10.933,403.084,3.53,1248.445,4.929,3.83,22.8,0.028,0.156,22.838,0.2,17.771,0.279,0.055
Israel,2021,ISR,8900057.0,,-8.493,-0.05,60.453,0.538,11.236,0.1,0.137,0.186,548.03,-12.878,-6.5,4940.497,43.971,2189.874,19.49,,,,,26.669,15.16,66.56,73.08,25.197,1.611,4.598,32588.326,,0.603,1.647,7655.007,68.13,30894.551,274.963,93.227,94.803,3.195,3.61,116.595,5465.133,48.64,13100.45,,,,,66.557,40.2,40.05,-0.49,-0.001,0.062,2.247,0.02,6.996,0.027,0.021,22.456,2.951,15.075,556.176,4.95,1693.777,6.773,5.197,-6.52,-9.796,,,,0.0,0.0,,0.0,,4.13,4.537,114.398,0.0,0.0,12853.603,,,,,0.0,39.442,0.383,0.1,0.0,-0.273,-0.001,11.236,0.0,43.041,0.137,0.0,0.132,8211.184,290.038,22.456,2.951,15.075,556.176,4.95,1693.777,6.773,5.197,28.53,3.068,14.001,521.345,4.64,1573.142,6.349,4.827,-41.773,-0.065,0.09,21.348,0.19,10.144,0.26,0.031
Israel,2022,ISR,9038313.0,,17.445,0.094,69.913,0.632,,,,0.208,,-1.214,-0.534,4805.841,43.437,,,,,,,,14.285,,76.477,25.151,4.84,14.038,33643.016,,3.438,9.452,,,31467.791,284.416,,93.534,-3.195,-3.726,112.869,,,12487.85,,,,,,37.119,,-1.331,-0.001,0.061,2.598,0.023,6.773,0.031,0.02,30.271,4.586,19.66,804.54,7.272,2175.225,9.508,6.466,,,,,,,,,,,11.986,13.712,128.11,,,14174.101,,,,,,42.131,0.383,0.12,,0.0,0.0,13.277,,42.382,0.157,,0.126,8461.397,304.076,30.271,4.586,19.66,804.54,7.272,2175.225,9.508,6.466,32.575,4.493,18.494,784.848,7.094,2046.204,9.276,6.082,0.0,-0.0,0.09,3.817,0.035,9.953,0.045,0.03
Italy,1900,ITA,33332371.0,109905412096.0,,,,,,,,,,,,,,,,,,35.112,1.17,,,,,,,,,,,,,,,,,,,,,,,,,,0.0,0.0,,,,,,,,,,,,,,,,,,,,,,,,,,,,,,,,,,,,,,0.698,0.023,,,,,,,,,,,,,,,,,,,,,,,,,,,,,,,,,,,,,,,
Italy,1901,ITA,33571430.0,112370008064.0,,,,,,,,,,,,,,,,-11.25,-0.132,30.94,1.039,,,,,,,,,,,,,,,,,,,,,,,,,0.0,0.0,0.0,,,,,,,,,,,,,,,,,,,,,,,,,,,,,,,,,,,,0.0,0.0,0.693,0.023,,,,,,,,,,,,,,,,,,,,,,,,,,,,,,,,,,,,,,,
Italy,1902,ITA,33827207.0,115173588992.0,,,,,,,,,,,,,,,,-1.719,-0.018,30.178,1.021,,,,,,,,,,,,,,,,,,,,,,,,,0.0,0.0,0.0,,,,,,,,,,,,,,,,,,,,,,,,,,,,,,,,,,,,50.0,0.012,1.031,0.035,,,,,,,,,,,,,,,,,,,,,,,,,,,,,,,,,,,,,,,
Italy,1903,ITA,34099919.0,117151268864.0,,,,,,,,,,,,,,,,-15.444,-0.158,25.313,0.863,,,,,,,,,,,,,,,,,,,,,,,,,0.0,0.0,0.0,,,,,,,,,,,,,,,,,,,,,,,,,,,,,,,,,,,,-33.333,-0.012,0.682,0.023,,,,,,,,,,,,,,,,,,,,,,,,,,,,,,,,,,,,,,,
Italy,1904,ITA,34374827.0,120148615168.0,,,,,,,,,,,,,,,,-23.067,-0.199,19.318,0.664,,,,,,,,,,,,,,,,,,,,,,,,,0.0,0.0,0.0,,,,,,,,,,,,,,,,,,,,,,,,,,,,,,,,,,,,100.0,0.023,1.353,0.047,,,,,,,,,,,,,,,,,,,,,,,,,,,,,,,,,,,,,,,
Italy,1905,ITA,34651950.0,123658854400.0,,,,,,,,,,,,,,,,53.358,0.354,29.389,1.018,,,,,,,,,,,,,,,,,,,,,,,,,0.0,0.0,0.0,,,,,,,,,,,,,,,,,,,,,,,,,,,,,,,,,,,,50.0,0.023,2.014,0.07,,,,,,,,,,,,,,,,,,,,,,,,,,,,,,,,,,,,,,,
Italy,1906,ITA,34931305.0,128904642560.0,,,,,,,,,,,,,,,,15.485,0.158,33.669,1.176,,,,,,,,,,,,,,,,,,,,,,,,,0.0,0.0,0.0,,,,,,,,,,,,,,,,,,,,,,,,,,,,,,,,,,,,16.667,0.012,2.331,0.081,,,,,,,,,,,,,,,,,,,,,,,,,,,,,,,,,,,,,,,
Italy,1907,ITA,35212911.0,132267302912.0,,,,,,,,,,,,,,,,-3.661,-0.043,32.177,1.133,,,,,,,,,,,,,,,,,,,,,,,,,0.0,0.0,0.0,,,,,,,,,,,,,,,,,,,,,,,,,,,,,,,,,,,,14.286,0.012,2.642,0.093,,,,,,,,,,,,,,,,,,,,,,,,,,,,,,,,,,,,,,,
Italy,1908,ITA,35496784.0,136236703744.0,,,,,,,,,,,,,,,,4.085,0.046,33.223,1.179,,,,,,,,,,,,,,,,,,,,,,,,,0.0,0.0,0.0,,,,,,,,,,,,,,,,,,,,,,,,,,,,,,,,,,,,-12.5,-0.012,2.293,0.081,,,,,,,,,,,,,,,,,,,,,,,,,,,,,,,,,,,,,,,
Italy,1909,ITA,35739219.0,138550935552.0,,,,,,,,,,,,,,,,15.713,0.185,38.183,1.365,,,,,,,,,,,,,,,,,,,,,,,,,0.0,0.0,0.0,,,,,,,,,,,,,,,,,,,,,,,,,,,,,,,,,,,,-14.286,-0.012,1.952,0.07,,,,,,,,,,,,,,,,,,,,,,,,,,,,,,,,,,,,,,,
Italy,1910,ITA,35939804.0,140034195456.0,,,,,,,,,,,,,,,,1.669,0.023,38.603,1.387,,,,,,,,,,,,,,,,,,,,,,,,,0.0,0.0,0.0,,,,,,,,,,,,,,,,,,,,,,,,,,,,,,,,,,,,16.667,0.012,2.265,0.081,,,,,,,,,,,,,,,,,,,,,,,,,,,,,,,,,,,,,,,
Italy,1911,ITA,36098124.0,142868791296.0,,,,,,,,,,,,,,,,-0.703,-0.01,38.164,1.378,,,,,,,,,,,,,,,,,,,,,,,,,0.0,0.0,0.0,,,,,,,,,,,,,,,,,,,,,,,,,,,,,,,,,,,,42.857,0.035,3.222,0.116,,,,,,,,,,,,,,,,,,,,,,,,,,,,,,,,,,,,,,,
Italy,1912,ITA,36213760.0,143956246528.0,,,,,,,,,,,,,,,,18.347,0.253,45.021,1.63,,,,,,,,,,,,,,,,,,,,,,,,,0.0,0.0,0.0,,,,,,,,,,,,,,,,,,,,,,,,,,,,,,,,,,,,-30.0,-0.035,2.248,0.081,,,,,,,,,,,,,,,,,,,,,,,,,,,,,,,,,,,,,,,
Italy,1913,ITA,36286291.0,151115137024.0,,,,,,,,,,,,,,,,4.735,0.077,47.059,1.708,,,,,,,,,,,,,,,,,,,,,,,,,0.0,0.0,0.0,,,,,,,,,,,,,,,,,,,,,,,,,,,,,,,,,,,,0.0,0.0,2.244,0.081,,,,,,,,,,,,,,,,,,,,,,,,,,,,,,,,,,,,,,,
Italy,1914,ITA,36358965.0,143912206336.0,,,,,,,,,,,,,,,,11.566,0.197,52.397,1.905,,,,,,,,,,,,,,,,,,,,,,,,,0.0,0.0,0.0,,,,,,,,,,,,,,,,,,,,,,,,,,,,,,,,,,,,-14.286,-0.012,1.919,0.07,,,,,,,,,,,,,,,,,,,,,,,,,,,,,,,,,,,,,,,
Italy,1915,ITA,36431783.0,138330439680.0,,,,,,,,,,,,,,,,24.024,0.458,64.855,2.363,,,,,,,,,,,,,,,,,,,,,,,,,0.0,0.0,0.0,,,,,,,,,,,,,,,,,,,,,,,,,,,,,,,,,,,,0.0,0.0,1.915,0.07,,,,,,,,,,,,,,,,,,,,,,,,,,,,,,,,,,,,,,,
Italy,1916,ITA,36504744.0,150355771392.0,,,,,,,,,,,,,,,,38.944,0.92,89.932,3.283,,,,,,,,,,,,,,,,,,,,,,,,,0.0,0.0,0.0,,,,,,,,,,,,,,,,,,,,,,,,,,,,,,,,,,,,16.667,0.012,2.23,0.081,,,,,,,,,,,,,,,,,,,,,,,,,,,,,,,,,,,,,,,
Italy,1917,ITA,36577850.0,150214852608.0,,,,,,,,,,,,,,,,34.224,1.124,120.469,4.406,,,,,,,,,,,,,,,,,,,,,,,,,0.0,0.0,0.0,,,,,,,,,,,,,,,,,,,,,,,,,,,,,,,,,,,,-14.286,-0.012,1.908,0.07,,,,,,,,,,,,,,,,,,,,,,,,,,,,,,,,,,,,,,,
Italy,1918,ITA,36659635.0,144677126144.0,,,,,,,,,,,,,,,,23.051,1.016,147.908,5.422,,,,,,,,,,,,,,,,,,,,,,,,,0.0,0.0,0.0,,,,,,,,,,,,,,,,,,,,,,,,,,,,,,,,,,,,-16.667,-0.012,1.586,0.058,,,,,,,,,,,,,,,,,,,,,,,,,,,,,,,,,,,,,,,
Italy,1919,ITA,36789373.0,137862250496.0,,,,,,,,,,,,,,,,-45.898,-2.489,79.738,2.934,,,,,,,,,,,,,,,,,,,,,,,,,0.0,0.0,0.0,,,,,,,,,,,,,,,,,,,,,,,,,,,,,,,,,,,,0.0,0.0,1.581,0.058,,,,,,,,,,,,,,,,,,,,,,,,,,,,,,,,,,,,,,,
Italy,1920,ITA,36967588.0,141701021696.0,,,,,,,,,,,,,,,,72.841,2.137,137.156,5.07,,,,,,,,,,,,,,,,,,,,,,,,,0.0,0.0,0.0,,,,,,,,,,,,,,,,,,,,,,,,,,,,,,,,,,,,0.0,0.0,1.573,0.058,,,,,,,,,,,,,,,,,,,,,,,,,,,,,,,,,,,,,,,
Italy,1921,ITA,37194808.0,137949052928.0,,,,,,,,,,,,,,,,-32.213,-1.633,92.406,3.437,,,,,,,,,,,,,,,,,,,,,,,,,0.0,0.0,0.0,,,,,,,,,,,,,,,,,,,,,,,,,,,,,,,,,,,,-20.0,-0.012,1.251,0.047,,,,,,,,,,,,,,,,,,,,,,,,,,,,,,,,,,,,,,,
Italy,1922,ITA,37471567.0,149601812480.0,,,,,,,,,,,,,,,,-0.536,-0.018,91.232,3.419,,,,,,,,,,,,,,,,,,,,,,,,,0.0,0.0,0.0,,,,,,,,,,,,,,,,,,,,,,,,,,,,,,,,,,,,0.0,0.0,1.241,0.047,,,,,,,,,,,,,,,,,,,,,,,,,,,,,,,,,,,,,,,
Italy,1923,ITA,37798403.0,163378085888.0,,,,,,,,,,,,,,,,9.834,0.336,99.337,3.755,,,,,,,,,,,,,,,,,,,,,,,,,0.0,0.0,0.0,,,,,,,,,,,,,,,,,,,,,,,,,,,,,,,,,,,,25.0,0.012,1.538,0.058,,,,,,,,,,,,,,,,,,,,,,,,,,,,,,,,,,,,,,,
Italy,1924,ITA,38128090.0,167814447104.0,,,,,,,,,,,,,,,,-12.723,-0.478,85.949,3.277,,,,,,,,,,,,,,,,,,,,,,,,,0.0,0.0,0.0,,,,,,,,,,,,,,,,,,,,,,,,,,,,,,,,,,,,0.0,0.0,1.525,0.058,,,,,,,,,,,,,,,,,,,,,,,,,,,,,,,,,,,,,,,
Italy,1925,ITA,38460652.0,179375702016.0,,,,,,,,,,,,,,,,29.39,0.963,110.248,4.24,,,,,,,,,,,,,,,,,,,,,,,,,0.0,0.0,0.0,,,,,,,,,,,,,,,,,,,,,,,,,,,,,,,,,,,,60.0,0.035,2.419,0.093,,,,,,,,,,,,,,,,,,,,,,,,,,,,,,,,,,,,,,,
Italy,1926,ITA,38796116.0,180761149440.0,,,,,,,,,,,,,,,,8.67,0.368,118.771,4.608,,,,,,,,,,,,,,,,,,,,,,,,,0.0,0.0,0.0,,,,,,,,,,,,,,,,,,,,,,,,,,,,,,,,,,,,-37.5,-0.035,1.499,0.058,,,,,,,,,,,,,,,,,,,,,,,,,,,,,,,,,,,,,,,
Italy,1927,ITA,39134505.0,177482989568.0,,,,,,,,,,,,,,,,-68.819,-3.171,36.714,1.437,,,,,,,,,,,,,,,,,,,,,,,,,0.0,0.0,0.0,,,,,,,,,,,,,,,,,,,,,,,,,,,,,,,,,,,,20.0,0.012,1.783,0.07,,,,,,,,,,,,,,,,,,,,,,,,,,,,,,,,,,,,,,,
Italy,1928,ITA,39475845.0,188592898048.0,,,,,,,,,,,,,,,,91.995,1.322,69.88,2.759,,,,,,,,,,,,,,,,,,,,,,,,,0.0,0.0,0.0,,,,,,,,,,,,,,,,,,,,,,,,,,,,,,,,,,,,0.0,0.0,1.768,0.07,,,,,,,,,,,,,,,,,,,,,,,,,,,,,,,,,,,,,,,
Italy,1929,ITA,39817412.0,197852938240.0,,,,,,,,,,,,,,,,35.019,0.966,93.541,3.725,,,,,,,,,,,,,,,,,,,,,,,,,0.0,0.0,0.0,,,,,,,,,,,,,,,,,,,,,,,,,,,,,,,,,,,,0.0,0.0,1.752,0.07,,,,,,,,,,,,,,,,,,,,,,,,,,,,,,,,,,,,,,,
Italy,1930,ITA,40159184.0,188903129088.0,,,,,,,,,,,,,,,,-11.671,-0.435,81.921,3.29,,,,,,,,,,,,,,,,,,,,,,,,,0.0,0.0,0.0,,,,,,,,,,,,,,,,,,,,,,,,,,,,,,,,,,,,33.333,0.023,2.317,0.093,,,,,,,,,,,,,,,,,,,,,,,,,,,,,,,,,,,,,,,
Italy,1931,ITA,40501139.0,186657013760.0,,,,,,,,,,,,,,,,-14.549,-0.479,69.411,2.811,,,,,,,,,,,,,,,,,,,,,,,,,0.0,0.0,0.0,,,,,,,,,,,,,,,,,,,,,,,,,,,,,,,,,,,,100.0,0.093,4.594,0.186,,,,,,,,,,,,,,,,,,,,,,,,,,,,,,,,,,,,,,,
Italy,1932,ITA,40843255.0,190665457664.0,,,,,,,,,,,,,,,,6.543,0.184,73.333,2.995,,,,,,,,,,,,,,,,,,,,,,,,,0.0,0.0,0.0,,,,,,,,,,,,,,,,,,,,,,,,,,,,,,,,,,,,68.75,0.128,7.688,0.314,,,,,,,,,,,,,,,,,,,,,,,,,,,,,,,,,,,,,,,
Italy,1933,ITA,41185511.0,188473049088.0,,,,,,,,,,,,,,,,22.042,0.66,88.754,3.655,,,,,,,,,,,,,,,,,,,,,,,,,0.0,0.0,0.0,,,,,,,,,,,,,,,,,,,,,,,,,,,,,,,,,,,,0.0,0.0,7.624,0.314,,,,,,,,,,,,,,,,,,,,,,,,,,,,,,,,,,,,,,,
Italy,1934,ITA,41530635.0,187987345408.0,,,,,,,,,,,,,,,,22.38,0.818,107.714,4.473,,,,,,,,,,,,,,,,,,,,,,,,,0.0,0.0,0.0,,,,,,,,,,,,,,,,,,,,,,,,,,,,,,,,,,,,-25.926,-0.081,5.601,0.233,,,,,,,,,,,,,,,,,,,,,,,,,,,,,,,,,,,,,,,
Italy,1935,ITA,41878651.0,198143426560.0,,,,,,,,,,,,,,,,24.446,1.094,132.932,5.567,,,,,,,,,,,,,,,,,,,,,,,,,0.0,0.0,0.0,,,,,,,,,,,,,,,,,,,,,,,,,,,,,,,,,,,,-20.0,-0.047,4.443,0.186,,,,,,,,,,,,,,,,,,,,,,,,,,,,,,,,,,,,,,,
Italy,1936,ITA,42229584.0,191135252480.0,,,,,,,,,,,,,,,,74.653,4.156,230.241,9.723,,,,,,,,,,,,,,,,,,,,,,,,,0.0,0.0,0.0,,,,,,,,,,,,,,,,,,,,,,,,,,,,,,,,,,,,0.0,0.0,4.406,0.186,,,,,,,,,,,,,,,,,,,,,,,,,,,,,,,,,,,,,,,
Italy,1937,ITA,42583457.0,210128764928.0,,,,,,,,,,,,,,,,33.086,3.217,303.871,12.94,,,,,,,,,,,,,,,,,,,,,,,,,0.0,0.0,0.0,,,,,,,,,,,,,,,,,,,,,,,,,,,,,,,,,,,,-12.5,-0.023,3.824,0.163,,,,,,,,,,,,,,,,,,,,,,,,,,,,,,,,,,,,,,,
Italy,1938,ITA,42940295.0,216270045184.0,,,,,,,,,,,,,,,,18.343,2.374,356.622,15.313,,,,,,,,,,,,,,,,,,,,,,,,,0.0,0.0,0.0,,,,,,,,,,,,,,,,,,,,,,,,,,,,,,,,,,,,-7.143,-0.012,3.521,0.151,,,,,,,,,,,,,,,,,,,,,,,,,,,,,,,,,,,,,,,
Italy,1939,ITA,43279914.0,230115786752.0,,,,,,,,,,,,,,,,39.62,6.067,494.009,21.381,,,,,,,,,,,,,,,,,,,,,,,,,0.0,0.0,0.0,,,,,,,,,,,,,,,,,,,,,,,,,,,,,,,,,,,,-7.692,-0.012,3.225,0.14,,,,,,,,,,,,,,,,,,,,,,,,,,,,,,,,,,,,,,,
Italy,1940,ITA,43602046.0,226094759936.0,,,,,,,,,,,,,,,,25.789,5.514,616.819,26.895,,,,,,,,,,,,,,,,,,,,,,,,,0.0,0.0,0.0,,,,,,,,,,,,,,,,,,,,,,,,,,,,,,,,,,,,-91.667,-0.128,0.267,0.012,,,,,,,,,,,,,,,,,,,,,,,,,,,,,,,,,,,,,,,
Italy,1941,ITA,43906421.0,222193778688.0,,,,,,,,,,,,,,,,1.882,0.506,624.072,27.401,,,,,,,,,,,,,,,,,,,,,,,,,0.0,0.0,0.0,,,,,,,,,,,,,,,,,,,,,,,,,,,,,,,,,,,,1100.0,0.128,3.179,0.14,,,,,,,,,,,,,,,,,,,,,,,,,,,,,,,,,,,,,,,
Italy,1942,ITA,44192767.0,209763647488.0,,,,,,,,,,,,,,,,6.422,1.76,659.848,29.16,,,,,,,,,,,,,,,,,,,,,,,,,0.0,0.0,0.0,,,,,,,,,,,,,,,,,,,,,,,,,,,,,,,,,,,,8.333,0.012,3.421,0.151,,,,,,,,,,,,,,,,,,,,,,,,,,,,,,,,,,,,,,,
Italy,1943,ITA,44460808.0,177590779904.0,,,,,,,,,,,,,,,,-42.714,-12.456,375.721,16.705,,,,,,,,,,,,,,,,,,,,,,,,,0.0,0.0,0.0,,,,,,,,,,,,,,,,,,,,,,,,,,,,,,,,,,,,-15.385,-0.023,2.877,0.128,,,,,,,,,,,,,,,,,,,,,,,,,,,,,,,,,,,,,,,
Italy,1944,ITA,44730474.0,143206973440.0,,,,,,,,,,,,,,,,-56.289,-9.403,163.242,7.302,,,,,,,,,,,,,,,,,,,,,,,,,0.0,0.0,0.0,,,,,,,,,,,,,,,,,,,,,,,,,,,,,,,,,,,,-36.364,-0.047,1.82,0.081,,,,,,,,,,,,,,,,,,,,,,,,,,,,,,,,,,,,,,,
Italy,1945,ITA,45001776.0,128646299648.0,,,,,,,,,,,,,,,,33.797,2.468,217.096,9.77,,,,,,,,,,,,,,,,,,,,,,,,,0.0,0.0,0.0,,,,,,,,,,,,,,,,,,,,,,,,,,,,,,,,,,,,0.0,0.0,1.809,0.081,,,,,,,,,,,,,,,,,,,,,,,,,,,,,,,,,,,,,,,
Italy,1946,ITA,45274723.0,173983629312.0,,,,,,,,,,,,,,,,37.501,3.664,296.709,13.433,,,,,,,,,,,,,,,,,,,,,,,,,0.682,15.068,0.682,,,,,,,,,,,,,,,,,,,,,,,,,,,,,,,,,,,,57.143,0.047,2.826,0.128,,,,,,,,,,,,,,,,,,,,,,,,,,,,,,,,,,,,,,,
Italy,1947,ITA,45549326.0,207087927296.0,,,,,,,,,,,,,,,,15.743,2.115,341.35,15.548,,,,,,,,,,,,,,,,,,,,,,,,46.875,0.32,21.998,1.002,,,,,,,,,,,,,,,,,,,,,,,,,,,,,,,,,,,,-9.091,-0.012,2.553,0.116,,,,,,,,,,,,,,,,,,,,,,,,,,,,,,,,,,,,,,,
Italy,1948,ITA,45825595.0,223278137344.0,,,,,,,,,,,,,,,,-34.925,-5.43,220.794,10.118,,,,,,,,,,,,,,,,,,,,,,,,24.468,0.245,27.215,1.247,,,,,,,,,,,,,,,,,,,,,,,,,,,,,,,,,,,,-10.0,-0.012,2.284,0.105,,,,,,,,,,,,,,,,,,,,,,,,,,,,,,,,,,,,,,,
Italy,1949,ITA,46106450.0,242450808832.0,,,,,,,,,,,,,,,,9.625,0.974,240.571,11.092,,,,,,,,,,,,,,,,,,,,,,,,112.821,1.407,57.566,2.654,,,,,,,,,,,,,,,,,,,,,,,,,,,,,,,,,,,,0.0,0.0,2.27,0.105,,,,,,,,,,,,,,,,,,,,,,,,,,,,,,,,,,,,,,,
Italy,1950,ITA,46391944.0,262940114944.0,,,,,,,,,,,,,,,,-7.16,-0.794,221.97,10.298,,,,,,,,,,,,,,,,,,,,,,,,104.819,2.782,117.181,5.436,,,,,,,,,,,,,,,,,,,,,,,,,,,,,,,,,,,,-11.111,-0.012,2.006,0.093,,,,,,,,,,,,,,,,,,,,,,,,,,,,,,,,,,,,,,,
Italy,1951,ITA,46750764.0,282516455424.0,,,,,,,,,,,,,,,,13.072,1.346,249.06,11.644,,,,,,,,,,,,,,,,,,,,,,,,89.412,4.861,220.25,10.297,,,,,,,,,,,,,,,,,,,,,,,,,,,,,,,,,,,,125.0,0.116,4.478,0.209,,,,,,,,,,,,,,,,,,,,,,,,,,,,,,,,,,,,,,,
Italy,1952,ITA,47016488.0,303680094208.0,,,,,,,,,,,,,,,,-5.998,-0.698,232.798,10.945,,,,,,,,,,,,,,,,,,,,,,,,48.344,4.978,324.881,15.275,,,,,,,,,,,,,,,,,,,,,,,,,,,,,,,,,,,,255.556,0.535,15.831,0.744,,,,,,,,,,,,,,,,,,,,,,,,,,,,,,,,,,,,,,,
Italy,1953,ITA,47412148.0,325628035072.0,,,,,,,,,,,,,,,,1.008,0.11,233.182,11.056,,,,,,,,,,,,,,,,,,,,,,,,59.107,9.028,512.594,24.303,,,,,,,,,,,,,,,,,,,,,,,,,,,,,,,,,,,,32.812,0.244,20.85,0.989,,,,,,,,,,,,,,,,,,,,,,,,,,,,,,,,,,,,,,,
Italy,1954,ITA,47833768.0,342536519680.0,,,,,,,,,,,,,,,,-6.711,-0.742,215.615,10.314,,,,,,,,,,,,,,,,,,,,,,,,30.132,7.323,661.167,31.626,,,,,,,,,,,,,,,,,,,,,,,,,,,,,,,,,,,,-15.294,-0.151,17.506,0.837,,,,,,,,,,,,,,,,,,,,,,,,,,,,,,,,,,,,,,,
Italy,1955,ITA,48130728.0,362461757440.0,,,,,,,,,,,,,,,,-0.504,-0.052,213.204,10.262,,,,,,,,,,,,,,,,,,,,,,,,22.245,7.035,803.254,38.661,,,,,,,,,,,,,,,,,,,,,,,,,,,,,,,,,,,,183.333,1.535,49.293,2.373,,,,,,,,,,,,,,,,,,,,,,,,,,,,,,,,,,,,,,,
Italy,1956,ITA,48403440.0,378893139968.0,,,,,,,,,,,,,,,,-4.958,-0.509,201.492,9.753,,,,,,,,,,,,,,,,,,,,,,,,23.104,8.932,983.271,47.594,,,,,,,,,,,,,,,,,,,,,,,,,,,,,,,,,,,,178.922,4.245,136.715,6.617,,,,,,,,,,,,,,,,,,,,,,,,,,,,,,,,,,,,,,,
Italy,1957,ITA,48660256.0,401226760192.0,,,,,,,,,,,,,,,,-4.674,-0.456,191.06,9.297,,,,,,,,,,,,,,,,,,,,,,,,11.691,5.564,1092.428,53.158,,,,,,,,,,,,,,,,,,,,,,,,,,,,,,,,,,,,121.793,8.06,301.623,14.677,,,,,,,,,,,,,,,,,,,,,,,,,,,,,,,,,,,,,,,
Italy,1958,ITA,48930472.0,422722928640.0,,,,,,,,,,,,,,,,-14.809,-1.377,161.867,7.92,,,,,,,,,,,,,,,,,,,,,,,,3.77,2.004,1127.35,55.162,,,,,,,,,,,,,,,,,,,,,,,,,,,,,,,,,,,,22.504,3.303,367.46,17.98,,,,,,,,,,,,,,,,,,,,,,,,,,,,,,,,,,,,,,,
Italy,1959,ITA,49224672.0,449036156928.0,,,,,,,,,,,,,,,,13.579,1.075,182.748,8.996,,,,,,,,,,,,,,,,,,,,,,,,18.203,10.041,1324.597,65.203,,,,,,,,,,,,,,,,,,,,,,,,,,,,,,,,,,,,9.638,1.733,400.467,19.713,,,,,,,,,,,,,,,,,,,,,,,,,,,,,,,,,,,,,,,
Italy,1960,ITA,49517708.0,473363382272.0,,,,,,,,,,,,,,,,-11.782,-1.06,160.263,7.936,,,,,,,,,,,,,,,,,,,,,,,,5.395,3.518,1387.794,68.72,,,,,,,,,,,,,,,,,,,,,,,,,,,,,,,,,,,,17.876,3.524,469.261,23.237,,,,,,,,,,,,,,,,,,,,,,,,,,,,,,,,,,,,,,,
Italy,1961,ITA,49812724.0,513214676992.0,,,,,,,,,,,,,,,,22.972,1.823,195.912,9.759,,,,,,,,,,,,,,,,,,,,,,,,6.453,4.434,1468.594,73.155,,,,,,,,,,,,,,,,,,,,,,,,,,,,,,,,,,,,-1.301,-0.302,460.412,22.934,,,,,,,,,,,,,,,,,,,,,,,,,,,,,,,,,,,,,,,
Italy,1962,ITA,50162244.0,553275686912.0,,,,,,,,,,,,,,,,2.184,0.213,198.795,9.972,,,,,,,,,,,,,,,,,,,,,,,,4.196,3.07,1519.56,76.225,,,,,,,,,,,,,,,,,,,,,,,,,,,,,,,,,,,,-8.418,-1.931,418.717,21.004,,,,,,,,,,,,,,,,,,,,,,,,,,,,,,,,,,,,,,,
Italy,1963,ITA,50555128.0,592671539200.0,,,,,,,,,,,,,,,,-18.76,-1.871,160.246,8.101,,,,,,,,,,,,,,,,,,,,,,,,1.636,1.247,1532.42,77.472,,,,,,,,,,,,,,,,,,,,,,,,,,,,,,,,,,,,-1.218,-0.256,410.402,20.748,,,,,,,,,,,,,,,,,,,,,,,,,,,,,,,,,,,,,,,
Italy,1964,ITA,50997780.0,615796768768.0,,,,,,,,,,,,,,,,-16.462,-1.334,132.704,6.768,,,,,,,,,,,,,,,,,,,,,,,,8.2,6.353,1643.691,83.825,,,,,,,,,,,,,,,,,,,,,,,,,,,,,,,,,,,,49.608,10.293,608.663,31.04,,,,,,,,,,,,,,,,,,,,,,,,,,,,,,,,,,,,,,,
Italy,1965,ITA,51452860.0,629615755264.0,,,,,,,,,,,,1949.753,100.32,,,-14.007,-0.948,113.106,5.82,,10.805,,,,,,18044.91,1.475,,,,,15252.905,784.806,,84.527,,,73.747,,,1433.292,-0.788,-0.661,1616.309,83.164,,7.943,,,,126.068,828.603,42.634,2450.17,,13.578,,,143.657,948.83,48.82,2792.004,,15.473,,,,,9.96,68.218,3.51,193.569,,1.073,,,610.738,,,11869.859,-14.65,-4.547,514.901,26.493,,65.78,7.629,2.676,,,,52.009,,148.265,,,0.822,,928.462,,,133.697,880.612,45.31,2598.435,,14.4,,,0.0,0.0,0.0,0.0,,0.0,,,0.0,0.0,0.0,0.0,,0.0
Italy,1966,ITA,51882568.0,662465740800.0,,,,,,,,,,4.011,4.024,2011.164,104.344,,,3.554,0.207,116.156,6.026,,10.348,,,,8.599,79.842,19434.357,1.522,9.365,73.495,,,16543.133,858.3,,85.123,9.186,6.774,80.521,,,1551.99,12.727,10.585,1806.934,93.748,,7.986,,2.547,3.211,129.28,842.672,43.72,2491.773,,12.821,4.33,6.347,150.004,981.717,50.934,2891.223,,14.877,,,10.057,1.002,10.961,74.457,3.863,211.272,,1.087,10.266,62.696,673.435,,,12979.979,-18.788,-4.978,414.696,21.516,,66.789,9.763,3.351,,25.224,2.135,64.588,,188.178,,,0.968,,1008.304,3.887,5.346,139.043,907.26,47.071,2679.951,,13.79,,0.0,0.0,0.0,0.0,0.0,,0.0,,0.0,0.0,0.0,0.0,0.0,,0.0
Italy,1967,ITA,52294440.0,709741838336.0,,,,,,,,,,9.585,10.002,2186.583,114.346,,,44.435,2.678,166.449,8.704,,10.472,,,,8.298,83.67,20881.268,1.539,10.412,89.364,,,18121.703,947.664,,86.784,9.23,7.432,87.953,,,1681.885,5.742,5.383,1895.638,99.131,,8.055,,-3.156,-4.081,125.199,809.646,42.34,2394.115,,11.465,-3.862,-5.694,144.31,936.371,48.967,2759.566,,13.216,,,-18.405,-2.017,8.944,60.274,3.152,171.029,,0.819,10.681,71.93,745.365,,,14253.233,-6.865,-1.477,383.186,20.038,,68.258,10.167,3.475,,3.7,0.404,66.451,,194.422,,,0.931,,1091.974,-2.668,-3.677,135.366,876.097,45.815,2588.537,,12.396,,0.0,0.0,0.0,0.0,0.0,,0.0,,0.0,0.0,0.0,0.0,0.0,,0.0
Italy,1968,ITA,52661072.0,768994508800.0,,,,,,,,,,-3.153,-3.605,2102.898,110.741,,,-17.43,-1.517,136.48,7.187,,9.385,,,,8.06,88.01,22407.145,1.534,9.31,88.224,,,19670.861,1035.889,,87.788,17.441,15.34,103.293,,,1961.477,11.849,11.747,2105.5,110.878,,8.754,,0.796,0.997,126.195,810.409,42.677,2396.37,,10.695,-0.198,-0.214,144.096,928.01,48.87,2736.282,,12.212,,,-18.274,-1.634,7.309,48.917,2.576,138.802,,0.619,10.262,76.489,821.854,,,15606.486,-5.572,-1.116,359.317,18.922,,69.65,10.591,3.617,,4.086,0.423,68.685,,201.11,,,0.898,,1179.984,1.046,1.42,136.786,879.093,46.294,2597.48,,11.592,,0.0,0.0,0.0,0.0,0.0,,0.0,,0.0,0.0,0.0,0.0,0.0,,0.0
Italy,1969,ITA,53001508.0,812977618944.0,,,,,,,,,,2.646,2.931,2144.687,113.672,,,-0.102,-0.007,135.464,7.18,,8.95,,,,7.631,90.049,23962.209,1.562,9.312,96.465,,,21364.555,1132.354,,89.159,9.796,10.118,113.412,,,2139.783,14.978,16.607,2405.309,127.485,,8.93,,-3.541,-4.468,121.727,776.695,41.166,2296.678,,9.585,-4.528,-6.416,137.68,880.296,46.657,2597.654,,10.841,,,-34.821,-2.545,4.764,31.678,1.679,89.888,,0.375,10.15,83.416,905.27,,,17080.086,-2.213,-0.419,349.109,18.503,,71.279,11.188,3.812,,5.391,0.597,71.922,,211.088,,,0.881,,1270.033,-2.843,-3.871,132.915,848.617,44.978,2507.766,,10.466,,0.0,0.0,0.0,0.0,0.0,,0.0,,0.0,0.0,0.0,0.0,0.0,,0.0
Italy,1970,ITA,53324036.0,831317737472.0,,,,,,,,,,0.982,1.116,2152.652,114.788,,,-16.461,-1.182,112.482,5.998,,8.187,,,,10.401,132.091,26294.406,1.687,11.379,128.846,,,23651.611,1261.199,,89.949,7.883,8.94,122.352,,,2294.5,-1.31,-1.67,2359.452,125.815,,8.726,,-1.926,-2.345,119.383,757.126,40.373,2238.812,,8.514,2.4,3.245,140.925,895.975,47.777,2642.796,,10.051,,,89.16,4.248,9.012,59.56,3.176,169.003,,0.643,13.122,118.789,1024.059,,,19204.457,-5.594,-1.035,327.587,17.468,,73.036,12.53,4.228,,10.913,1.342,79.289,,234.981,,,0.894,,1402.124,-0.838,-1.003,131.913,836.415,44.601,2473.793,,9.408,,0.0,0.0,0.0,0.0,0.0,,0.0,,0.0,0.0,0.0,0.0,0.0,,0.0
Italy,1971,ITA,53636100.0,846968258560.0,,,,,,,,,,-3.394,-3.896,2067.489,110.892,,,24.422,1.465,139.138,7.463,,7.512,,,,5.287,74.132,27523.545,1.743,6.142,77.461,,,24958.193,1338.66,,90.679,3.306,4.046,126.397,,,2356.575,1.897,2.386,2390.219,128.202,,8.562,,-3.205,-3.826,115.556,728.595,39.079,2154.448,,7.828,-2.353,-3.329,137.596,869.806,46.653,2565.353,,9.321,,,5.951,0.536,9.548,62.738,3.365,178.019,,0.647,7.55,77.311,1101.371,,,20534.129,-9.92,-1.733,293.373,15.735,,74.606,12.491,4.209,,-0.449,-0.039,78.473,,232.886,,,0.846,,1476.256,-2.944,-3.865,128.047,807.068,43.288,2387.334,,8.674,,0.0,0.0,0.0,0.0,0.0,,0.0,,0.0,0.0,0.0,0.0,0.0,,0.0
Italy,1972,ITA,53995428.0,871751811072.0,,,,,,,,,,-6.943,-7.699,1911.143,103.193,,,-37.776,-2.819,86.001,4.644,,6.665,,,,4.872,71.927,28672.467,1.776,4.91,65.731,,,26009.441,1404.391,,90.712,14.675,18.549,144.946,,,2684.417,5.984,7.671,2516.384,135.873,,9.362,,5.806,6.709,122.266,765.768,41.348,2264.369,,7.897,4.561,6.196,143.791,903.428,48.781,2663.028,,9.288,,,7.756,0.741,10.289,67.154,3.626,190.55,,0.665,4.983,54.881,1156.252,,,21413.879,-10.569,-1.663,260.62,14.072,,74.684,11.237,3.807,,-9.551,-1.254,70.506,,208.109,,,0.726,,1548.182,4.313,5.455,133.503,836.275,45.155,2472.478,,8.623,,0.0,0.0,0.0,0.0,0.0,,0.0,,0.0,0.0,0.0,0.0,0.0,,0.0
Italy,1973,ITA,54379588.0,928806469632.0,,,,,,,,,,1.465,1.512,1925.445,104.705,,,13.819,0.642,97.193,5.285,,6.48,,,,4.369,67.64,29713.77,1.74,5.708,80.167,,,27299.904,1484.557,,91.876,12.34,17.887,162.833,,,2994.382,8.007,10.879,2698.669,146.752,,10.077,,-9.251,-11.31,110.955,690.02,37.523,2040.381,,6.867,-8.755,-12.526,131.265,818.506,44.51,2413.865,,8.124,,,-13.348,-1.373,8.915,57.779,3.142,163.949,,0.552,5.256,60.768,1217.019,,,22380.078,-8.678,-1.221,236.323,12.851,,75.319,11.394,3.845,,0.998,0.157,70.707,,209.534,,,0.705,,1615.823,-8.387,-11.153,122.349,760.727,41.368,2249.916,,7.572,,0.0,0.0,0.0,0.0,0.0,,0.0,,0.0,0.0,0.0,0.0,0.0,,0.0
Italy,1974,ITA,54750684.0,972368773120.0,,,,,,,,,,8.897,9.316,2082.541,114.021,,,-9.412,-0.497,87.449,4.788,,7.059,,,,-0.03,-0.489,29503.436,1.661,-0.224,-3.324,,,27054.16,1481.234,,91.698,12.468,20.302,183.135,,,3344.894,-0.183,-0.268,2675.482,146.484,,11.337,,0.725,0.804,111.759,690.311,37.795,2041.242,,6.919,2.112,2.835,134.1,830.127,45.45,2449.276,,8.302,,,8.53,0.76,9.676,62.282,3.41,176.727,,0.599,-2.707,-32.941,1184.078,,,21626.725,-0.091,-0.012,234.509,12.84,,73.302,12.664,4.245,,10.403,1.27,77.533,,231.306,,,0.784,,1615.333,1.624,2.074,124.424,767.844,42.04,2272.549,,7.703,,0.0,0.0,0.0,0.0,0.0,,0.0,,0.0,0.0,0.0,0.0,0.0,,0.0
Italy,1975,ITA,55093992.0,951557554176.0,,,,,,,,,,0.265,0.302,2075.052,114.323,,,4.736,0.227,91.02,5.015,,7.229,,,,-2.104,-33.98,28702.822,1.662,-2.957,-43.805,,,26090.473,1437.428,,90.899,15.233,27.896,211.032,,,3830.395,-4.687,-6.866,2534.183,139.618,,13.345,,8.536,9.539,121.299,744.564,41.021,2201.667,,7.671,7.386,9.825,143.925,885.886,48.807,2612.347,,9.101,,,11.437,1.107,10.783,68.973,3.8,195.712,,0.682,-6.081,-72.004,1112.074,,,20185.027,11.866,1.524,260.701,14.363,,70.324,11.843,3.986,,-6.101,-0.821,72.349,,214.968,,,0.749,,1581.353,7.058,8.718,133.142,816.913,45.007,2416.635,,8.42,,0.0,0.0,0.0,0.0,0.0,,0.0,,0.0,0.0,0.0,0.0,0.0,,0.0
Italy,1976,ITA,55388904.0,1013301903360.0,,,,,,,,,,-0.844,-0.965,2046.576,113.358,,,-1.232,-0.062,89.42,4.953,,6.792,,,,5.537,87.555,30130.736,1.647,6.509,93.561,,,27640.721,1530.989,,91.736,21.082,44.489,255.521,,,4613.212,7.456,10.411,2708.643,150.029,,15.311,,-4.498,-5.456,115.843,707.29,39.176,2091.448,,6.941,-4.122,-6.005,137.919,844.844,46.795,2490.016,,8.264,,,0.184,0.02,10.802,68.732,3.807,195.029,,0.647,4.499,50.037,1162.111,,,20980.932,4.696,0.675,271.491,15.038,,69.633,11.274,3.812,,-4.365,-0.57,68.822,,203.539,,,0.676,,1668.908,-4.486,-6.025,127.117,776.112,42.988,2294.987,,7.617,,0.0,0.0,0.0,0.0,0.0,,0.0,,0.0,0.0,0.0,0.0,0.0,,0.0
Italy,1977,ITA,55649672.0,1042645909504.0,,,,,,,,,,-1.662,-1.884,2003.13,111.474,,,-9.058,-0.449,80.939,4.504,,6.658,,,,0.327,5.45,30087.477,1.606,-1.86,-28.474,,,26999.543,1502.516,,89.737,2.126,5.433,260.953,,,4689.219,-12.275,-18.417,2365.01,131.612,,15.585,,30.537,35.374,151.217,918.945,51.139,2717.311,,9.031,24.488,33.923,171.842,1046.799,58.254,3087.93,,10.263,,,-11.085,-1.197,9.605,60.827,3.385,172.597,,0.574,-2.756,-32.022,1130.089,,,20307.195,-3.635,-0.547,260.397,14.491,,67.494,11.02,3.73,,-2.151,-0.254,67.026,,198.022,,,0.658,,1674.358,27.638,35.121,162.237,985.972,54.869,2915.333,,9.69,,0.0,0.0,0.0,0.0,0.0,,0.0,,0.0,0.0,0.0,0.0,0.0,,0.0
Italy,1978,ITA,55877016.0,1081497944064.0,,,,,,,,,,1.721,1.919,2029.323,113.392,,,1.118,0.05,81.511,4.555,,6.61,,,,2.459,41.166,30701.777,1.586,3.637,54.646,,,27867.664,1557.162,,90.769,-1.479,-3.86,257.094,,,4601.064,-0.119,-0.157,2352.577,131.455,,14.986,,-11.044,-16.701,134.516,814.127,45.491,2407.365,,7.841,-7.766,-13.48,158.362,961.576,53.73,2834.114,,9.231,,,30.812,2.96,12.565,79.245,4.428,224.86,,0.732,5.007,56.587,1186.676,,,21237.277,19.502,2.826,309.914,17.317,,69.173,11.281,3.811,,2.172,0.261,68.203,,201.888,,,0.658,,1715.524,-10.146,-16.44,145.797,882.331,49.302,2609.254,,8.499,,0.0,0.0,0.0,0.0,0.0,,0.0,,0.0,0.0,0.0,0.0,0.0,,0.0
Italy,1979,ITA,56070680.0,1142855303168.0,,,,,,,,,,9.744,11.049,2219.359,124.441,,,-24.411,-1.112,61.401,3.443,,7.034,,,,3.127,53.641,31552.404,1.548,3.683,57.358,,,28794.363,1614.52,,91.259,2.738,7.04,264.134,,,4710.732,-2.432,-3.197,2287.443,128.258,,14.93,,1.002,1.348,135.865,819.448,45.947,2423.098,,7.68,-2.475,-3.717,154.645,934.535,52.4,2758.041,,8.741,,,-40.65,-5.108,7.457,46.869,2.628,132.993,,0.421,3.309,39.269,1225.945,,,21864.271,15.312,2.652,356.135,19.969,,69.295,11.323,3.825,,0.367,0.043,68.217,,201.95,,,0.64,,1769.165,0.953,1.391,147.188,887.665,49.772,2625.048,,8.32,,0.0,0.0,0.0,0.0,0.0,,0.0,,0.0,0.0,0.0,0.0,0.0,,0.0
Italy,1980,ITA,56329480.0,1183161647104.0,,,,,,,,,,17.327,21.562,2591.947,146.003,,,190.643,6.563,177.637,10.006,,8.47,,,,-2.565,-45.372,30601.963,1.457,-2.631,-42.472,,,27908.086,1572.048,,91.197,-0.746,-1.97,262.164,,,4654.112,-6.941,-8.902,2118.895,119.356,,15.209,,-1.53,-2.079,133.786,803.203,45.244,2375.062,,7.761,-1.885,-2.901,151.745,912.701,51.412,2693.876,,8.803,,,-15.982,-1.192,6.265,39.198,2.208,111.225,,0.363,-5.062,-62.063,1163.881,,,20662.027,-0.582,-0.116,352.434,19.852,,67.519,11.693,3.96,,3.529,0.37,70.301,,207.589,,,0.678,,1723.793,-1.141,-1.709,145.479,873.504,49.204,2582.652,,8.439,,0.0,0.0,0.0,0.0,0.0,,0.0,,0.0,0.0,0.0,0.0,0.0,,0.0
Italy,1981,ITA,56532908.0,1188868915200.0,,,,,,,,,,2.485,3.629,2646.805,149.632,,,-5.599,-0.56,167.088,9.446,,8.866,,,,-2.098,-36.167,29852.1,1.42,-1.875,-29.483,,,27286.143,1542.565,,91.404,-3.038,-7.965,254.199,,,4496.474,12.067,14.402,2366.033,133.759,,15.063,,-4.885,-6.535,127.251,761.22,43.034,2250.92,,7.54,-4.283,-6.684,145.061,870.466,49.21,2565.958,,8.596,,,22.6,1.416,7.681,47.884,2.707,135.87,,0.455,-2.161,-25.147,1138.735,,,20142.863,-12.888,-2.559,305.907,17.294,,67.476,10.129,3.469,,-12.399,-1.565,61.362,,179.168,,,0.6,,1687.626,-5.489,-8.099,137.38,822.583,46.503,2430.088,,8.14,,0.0,0.0,0.0,0.0,0.0,,0.0,,0.0,0.0,0.0,0.0,0.0,,0.0
Italy,1982,ITA,56585840.0,1194202234880.0,,,,,,,,,,11.806,17.666,2956.527,167.298,,,56.919,5.377,261.948,14.823,,10.114,,,,-1.987,-33.534,29231.549,1.385,-2.635,-40.648,,,26542.268,1501.917,,90.8,-0.349,-0.886,253.313,,,4476.61,2.678,3.582,2427.122,137.341,,15.314,,-3.655,-4.651,122.6,732.71,41.461,2166.615,,7.412,5.235,7.114,152.175,915.176,51.786,2689.28,,9.2,,,151.348,11.625,19.306,120.242,6.804,341.189,,1.167,-5.043,-57.428,1081.306,,,19109.131,18.561,3.21,362.347,20.504,,65.372,10.269,3.521,,1.499,0.14,62.224,,181.476,,,0.621,,1654.092,-3.271,-4.511,132.869,794.934,44.982,2348.091,,8.033,,0.0,0.0,0.0,0.0,0.0,,0.0,,0.0,0.0,0.0,0.0,0.0,,0.0
Italy,1983,ITA,56607516.0,1208770101248.0,,,,,,,,,,-6.402,-10.711,2766.175,156.586,,,-8.136,-1.206,240.542,13.617,,9.67,,,,-2.101,-34.751,28606.455,1.34,-2.091,-31.406,,,25977.293,1470.51,,90.809,2.832,7.174,260.487,,,4601.637,-10.333,-14.191,2175.497,123.149,,16.086,,-0.039,-0.047,122.552,732.147,41.445,2164.95,,7.568,-2.25,-3.345,148.83,894.245,50.621,2629.161,,9.191,,,-15.006,-2.897,16.409,102.16,5.783,289.879,,1.013,-2.577,-27.87,1053.436,,,18609.479,27.113,5.559,460.413,26.063,,65.053,9.869,3.393,,-3.635,-0.4,59.939,,174.332,,,0.609,,1619.34,-0.32,-0.448,132.421,792.086,44.838,2339.282,,8.177,,0.0,0.0,0.0,0.0,0.0,,0.0,,0.0,0.0,0.0,0.0,0.0,,0.0
Italy,1984,ITA,56620236.0,1239849238528.0,,,,,,,,,,13.414,21.004,3136.513,177.59,,,1.657,0.226,244.474,13.842,,10.799,,,,1.557,25.21,29045.279,1.326,1.295,19.043,,,26307.791,1489.553,,90.575,17.808,46.388,306.875,,,5419.886,5.838,7.19,2301.99,130.339,,18.66,,2.307,2.827,125.379,748.867,42.401,2214.39,,7.624,4.226,6.167,154.997,931.822,52.76,2737.489,,9.425,,,19.09,3.133,19.542,121.635,6.887,345.141,,1.188,-4.59,-48.348,1005.088,,,17751.391,1.428,0.372,466.882,26.435,,61.116,10.076,3.472,,2.328,0.207,61.321,,177.958,,,0.613,,1644.551,2.308,3.034,135.455,810.187,45.873,2392.348,,8.237,,0.0,0.0,0.0,0.0,0.0,,0.0,,0.0,0.0,0.0,0.0,0.0,,0.0
Italy,1985,ITA,56636468.0,1274693681152.0,,,,,,,,,,-1.27,-2.256,3095.777,175.334,530.1,30.023,6.352,0.879,259.928,14.721,16.164,10.713,,185.74,11.349,-0.48,-7.89,28897.641,1.284,-0.163,-2.435,2311.391,130.909,26257.266,1487.119,70.48,90.863,1.638,5.025,311.901,436.327,24.712,5507.065,2.956,3.853,2369.361,134.192,13.305,19.057,,-3.087,-3.871,121.509,725.54,41.092,2145.413,22.123,7.424,-3.427,-5.456,149.541,899.632,50.952,2640.374,27.432,9.137,,,1.989,0.389,19.931,124.019,7.024,351.906,3.782,1.218,-0.518,-5.204,999.884,1344.964,76.174,17654.424,4.883,1.291,489.542,27.726,41.011,61.093,8.102,2.836,,-18.318,-1.974,50.074,,143.056,1.527,,0.495,3279.512,1636.66,-4.24,-5.845,129.611,775.613,43.928,2288.468,23.65,7.919,,0.0,0.0,0.0,0.0,0.0,0.0,0.0,,0.0,0.0,0.0,0.0,0.0,0.0,0.0
Italy,1986,ITA,56639056.0,1310891966464.0,,,,,,,,,,-1.705,-2.989,3042.865,172.345,547.396,31.004,-45.19,-6.653,142.459,8.069,16.12,10.252,,192.33,11.441,2.71,44.346,29679.285,1.282,2.612,38.839,2389.835,135.358,26941.795,1525.958,70.378,90.776,5.731,17.876,329.776,474.425,26.871,5822.422,12.06,16.184,2654.992,150.376,13.971,19.618,,0.01,0.012,121.52,725.577,41.096,2145.523,21.367,7.229,3.782,5.507,155.049,933.614,52.879,2737.49,27.494,9.224,,,24.687,4.92,24.851,154.628,8.758,438.76,4.554,1.478,2.395,23.952,1023.836,1368.014,77.483,18076.51,7.299,2.024,525.248,29.75,40.286,60.906,8.677,3.025,,6.664,0.575,53.408,,153.207,1.573,,0.516,3395.713,1681.007,0.439,0.587,130.198,778.985,44.121,2298.73,22.94,7.745,,0.0,0.0,0.0,0.0,0.0,0.0,0.0,,0.0,0.0,0.0,0.0,0.0,0.0,0.0
Italy,1987,ITA,56644528.0,1351528480768.0,,,,,,,,,,-0.736,-1.268,3020.191,171.077,583.198,33.035,-6.172,-0.498,133.654,7.571,16.405,9.883,,201.372,11.633,2.978,50.067,30560.299,1.281,5.145,78.513,2731.208,154.708,28325.26,1604.471,76.827,92.686,10.925,36.029,365.805,560.195,31.732,6457.905,2.488,3.742,2720.797,154.118,15.758,21.132,,-3.871,-4.705,116.816,697.42,39.505,2062.262,19.618,6.748,-18.83,-28.446,126.603,757.743,42.922,2235.04,21.315,7.314,,,-98.013,-24.357,0.494,3.072,0.174,8.716,0.086,0.029,4.273,43.752,1067.589,1587.814,89.941,18847.162,53.831,16.015,807.917,45.764,44.664,61.672,9.293,3.243,,7.207,0.616,57.252,,164.062,1.61,,0.537,3555.012,1731.074,-3.112,-4.089,126.109,754.671,42.748,2226.324,21.228,7.285,,0.0,0.0,0.0,0.0,0.0,0.0,0.0,,0.0,0.0,0.0,0.0,0.0,0.0,0.0
Italy,1988,ITA,56670880.0,1403769978880.0,,,,,,,,,,-6.268,-10.723,2829.574,160.354,598.138,33.897,6.886,0.521,142.791,8.092,16.652,9.04,,203.561,11.476,2.465,42.665,31298.941,1.264,2.457,39.423,2753.072,156.019,29007.744,1643.894,76.645,92.68,8.486,31.043,396.848,572.075,32.42,7002.688,1.637,2.522,2764.043,156.641,15.926,22.374,,2.964,3.463,120.278,717.758,40.676,2122.404,19.982,6.781,2.546,3.241,129.844,776.677,44.015,2291.196,21.623,7.32,,,-100.0,-0.494,0.0,0.0,0.0,0.0,0.0,0.0,1.789,19.103,1086.691,1582.859,89.702,19175.48,22.922,10.49,992.649,56.254,44.066,61.266,9.566,3.339,,2.96,0.272,58.919,,168.792,1.64,,0.539,3591.986,1773.739,2.964,3.735,129.844,776.677,44.015,2291.196,21.623,7.32,,0.0,0.0,0.0,0.0,0.0,0.0,0.0,,0.0,0.0,0.0,0.0,0.0,0.0,0.0
Italy,1989,ITA,56711524.0,1444197040128.0,,,,,,,,,,4.337,6.955,2950.179,167.309,561.914,31.867,3.269,0.265,147.354,8.357,15.121,9.168,,210.75,11.548,2.887,51.206,32179.424,1.264,4.308,70.814,2981.017,169.058,30235.631,1714.709,80.217,93.96,8.172,32.43,429.279,606.702,34.407,7569.511,2.217,3.472,2823.284,160.113,16.326,23.523,,-16.272,-19.572,100.706,600.53,34.057,1775.762,16.16,5.518,-15.045,-19.609,110.235,659.355,37.393,1943.793,17.743,6.04,,,,0.0,0.0,0.0,0.0,0.0,0.0,0.0,2.892,31.43,1118.121,1812.401,102.784,19715.941,-4.817,-2.71,944.156,53.545,48.771,61.269,9.517,3.332,,-0.21,-0.048,58.753,,167.821,1.581,,0.522,3716.176,1824.944,-15.045,-19.609,110.235,659.355,37.393,1943.793,17.743,6.04,,0.006,0.006,0.036,0.002,0.105,0.001,0.0,,0.006,0.006,0.035,0.002,0.104,0.001,0.0
Italy,1990,ITA,56756560.0,1475485237248.0,,,,,0.881,0.05,0.023,,,1.763,2.95,2999.813,170.259,564.692,32.05,-5.587,-0.467,139.011,7.89,15.036,9.179,247.8,213.15,11.491,1.641,29.942,32681.436,1.257,2.178,37.342,3140.606,178.25,30869.578,1752.051,83.627,94.456,5.819,24.982,454.26,699.655,39.71,8003.66,1.907,3.053,2874.839,163.166,18.63,24.49,,-7.138,-7.188,93.518,557.292,31.63,1647.699,14.839,5.042,-6.659,-7.401,102.835,614.907,34.9,1811.858,16.373,5.544,34.65,13.983,,0.0,0.0,0.0,0.0,0.0,0.0,0.0,0.842,9.411,1127.532,1876.259,106.49,19866.104,1.39,0.744,956.521,54.289,49.96,60.787,9.3,3.27,3.22,-1.831,-0.218,57.614,56.734,163.851,1.534,1.511,0.501,3755.513,1854.886,-6.659,-7.401,102.835,614.907,34.9,1811.858,16.373,5.544,98.0,0.006,0.012,0.0,0.0,0.208,0.0,0.001,-4.04,-0.0,0.006,0.0,0.0,0.1,0.0,0.0
Italy,1991,ITA,56794488.0,1508723261440.0,,,,,1.937,0.11,0.05,,,-5.013,-8.535,2847.533,161.724,501.809,28.5,-5.227,-0.412,131.657,7.477,13.048,8.453,253.51,218.43,11.417,3.14,58.246,33685.176,1.268,1.528,26.778,3044.309,172.9,31320.445,1778.829,79.156,92.98,6.235,28.322,482.582,639.851,36.34,8496.986,0.579,0.945,2889.554,164.111,16.637,25.225,,33.558,31.383,124.9,743.734,42.24,2199.162,19.338,6.529,30.473,31.469,134.304,801.662,45.53,2364.731,20.844,7.02,35.08,13.838,,0.0,0.0,0.0,0.0,0.0,0.0,0.0,0.62,6.991,1134.522,1902.649,108.06,19975.926,-7.198,-3.908,887.078,50.381,49.471,59.302,9.38,3.29,3.18,0.642,0.081,57.928,55.991,165.159,1.506,1.456,0.49,3845.972,1913.132,30.473,31.469,134.304,801.662,45.53,2364.731,20.844,7.02,25.0,0.003,0.015,0.0,0.0,0.26,0.0,0.001,50.0,0.003,0.009,0.0,0.0,0.15,0.0,0.0
Italy,1992,ITA,56833184.0,1531922481152.0,,,,,1.76,0.1,0.045,,,-12.282,-19.863,2496.093,141.861,375.837,21.36,-14.152,-1.058,112.948,6.419,9.606,7.445,257.67,222.37,11.671,-0.408,-7.803,33524.938,1.244,-0.475,-8.442,3107.34,176.6,31150.586,1770.387,79.417,92.918,-0.922,-4.448,478.134,624.283,35.48,8412.945,4.412,7.24,3014.977,171.351,15.955,25.095,,-0.092,-0.115,124.785,742.524,42.2,2195.635,18.977,6.549,0.501,0.638,134.942,805.339,45.77,2374.349,20.583,7.082,35.3,13.7,,0.0,0.0,0.0,0.0,0.0,0.0,0.0,1.399,15.869,1150.392,2107.22,119.76,20241.549,3.901,1.965,921.057,52.347,53.856,60.378,10.125,3.56,3.46,8.019,0.744,62.639,60.88,178.146,1.601,1.556,0.531,3912.679,1905.329,0.501,0.638,134.942,805.339,45.77,2374.349,20.583,7.082,80.0,0.012,0.027,0.176,0.01,0.468,0.004,0.001,-33.333,-0.003,0.006,0.0,0.0,0.1,0.0,0.0
Italy,1993,ITA,56869456.0,1529549684736.0,,,,,2.11,0.12,0.055,,,-12.541,-17.791,2181.655,124.07,292.952,16.66,-23.636,-1.517,86.196,4.902,7.594,6.652,258.82,219.39,11.763,-2.114,-40.275,32795.352,1.219,-2.183,-38.646,3062.628,174.17,30451.164,1731.741,79.388,92.852,2.037,9.741,487.875,702.662,39.96,8578.862,6.435,11.027,3206.95,182.377,18.214,26.159,,-1.836,-2.292,122.493,728.335,41.42,2153.938,18.88,6.568,-1.189,-1.629,133.313,795.154,45.22,2344.187,20.612,7.148,39.43,15.235,,0.0,0.0,0.0,0.0,0.0,0.0,0.0,-2.66,-30.595,1119.796,2067.015,117.55,19690.645,3.088,1.617,948.896,53.963,53.58,60.041,10.775,3.79,3.67,6.384,0.651,66.644,64.534,189.477,1.728,1.673,0.578,3857.783,1865.054,-1.189,-1.629,133.313,795.154,45.22,2344.187,20.612,7.148,22.222,0.006,0.033,0.176,0.01,0.572,0.005,0.002,100.0,0.006,0.011,0.0,0.0,0.2,0.0,0.001
Italy,1994,ITA,56883820.0,1573413584896.0,,,,,2.637,0.15,0.066,,,5.588,6.933,2302.984,131.003,349.133,19.86,-57.619,-2.824,36.522,2.077,8.693,7.04,266.05,228.45,12.277,-0.226,-4.218,32712.924,1.183,-0.761,-13.176,3167.86,180.2,30211.85,1718.565,78.879,92.354,-3.368,-16.432,471.443,717.251,40.8,8287.826,5.51,10.049,3382.794,192.426,17.859,25.335,,7.804,9.56,132.053,785.109,44.66,2321.455,19.549,7.096,6.671,8.958,142.271,848.22,48.25,2501.074,21.121,7.646,37.6,14.133,,0.0,0.0,0.0,0.0,0.0,0.0,0.0,-0.328,-3.677,1116.12,2101.476,119.54,19621.039,5.496,2.966,1000.792,56.929,52.327,59.979,10.165,3.57,3.42,-5.789,-0.61,62.759,60.123,178.698,1.563,1.497,0.546,4016.08,1860.836,6.671,8.958,142.271,848.22,48.25,2501.074,21.121,7.646,0.0,0.0,0.033,0.176,0.01,0.572,0.004,0.002,75.0,0.009,0.02,0.176,0.01,0.349,0.004,0.001
Italy,1995,ITA,56885124.0,1630198169600.0,,,,,3.867,0.22,0.093,,,7.561,9.905,2477.048,140.907,424.012,24.12,-35.581,-0.739,23.527,1.338,10.177,7.277,274.43,237.0,12.239,4.061,75.561,34040.48,1.188,5.563,95.601,3437.454,195.54,31891.756,1814.167,82.506,93.688,10.152,47.862,519.306,826.227,47.0,9129.025,-1.203,-2.314,3342.033,190.112,19.831,26.818,,-15.397,-20.332,111.721,664.146,37.78,1963.975,15.941,5.77,-14.059,-20.04,122.231,728.837,41.46,2148.726,17.494,6.312,37.43,13.639,,0.0,0.0,0.0,0.0,0.0,0.0,0.0,3.39,37.834,1153.954,2187.215,124.42,20285.684,6.966,3.966,1070.485,60.895,52.498,59.593,10.446,3.66,3.44,2.525,0.281,64.34,60.473,183.626,1.544,1.451,0.539,4166.292,1936.397,-14.059,-20.04,122.231,728.837,41.46,2148.726,17.494,6.312,18.182,0.006,0.038,0.176,0.01,0.676,0.004,0.002,28.571,0.006,0.026,0.176,0.01,0.449,0.004,0.001
